{
    "weather": {
        "cloudiness": 4.388314224381473,
        "precipitation": 20.745720130165147,
        "precipitation_deposits": 57.230163385799706,
        "wind_intensity": 21.13900089070369,
        "sun_altitude_angle": -10.755509191991113,
        "fog_density": 53.587600735906484,
        "fog_distance": 167.58688297595467,
        "wetness": 10.372860065082573
    },
    "initial_conditions": {
        "ego": {
            "position": {
                "x": 531.1559810487695,
                "y": 20.57,
                "z": 0.294
            },
            "yaw": 0.0,
            "velocity": 6.573012385777975
        },
        "lead": {
            "position": {
                "x": 484.88,
                "y": 20.57,
                "z": 0.294
            },
            "yaw": 0.0,
            "velocity": 9.17553198054427
        }
    },
    "ego": {
        "position": {
            "x": 531.1559810487695,
            "y": 20.57,
            "z": 0.294
        },
        "yaw": 0.0,
        "velocity": 6.573012385777975
    },
    "lead": {
        "position": {
            "x": 484.88,
            "y": 20.57,
            "z": 0.294
        },
        "yaw": 0.0,
        "velocity": 9.17553198054427
    },
    "ado_actions": [
        {
            "throttle": 0.4296830503972353,
            "brake": 0.0,
            "steer": 0.0
        },
        {
            "throttle": 0.4308534709164876,
            "brake": 0.0,
            "steer": 0.0
        },
        {
            "throttle": 0.4330574233303498,
            "brake": 0.0,
            "steer": 0.0
        },
        {
            "throttle": 0.4361521978380541,
            "brake": 0.0,
            "steer": 0.0
        },
        {
            "throttle": 0.43999051294203784,
            "brake": 0.0,
            "steer": 0.0
        },
        {
            "throttle": 0.44442195949061936,
            "brake": 0.0,
            "steer": 0.0
        },
        {
            "throttle": 0.44929460309348873,
            "brake": 0.0,
            "steer": 0.0
        },
        {
            "throttle": 0.4544567072044088,
            "brake": 0.0,
            "steer": 0.0
        },
        {
            "throttle": 0.459758538172772,
            "brake": 0.0,
            "steer": 0.0
        },
        {
            "throttle": 0.46505421312377104,
            "brake": 0.0,
            "steer": 0.0
        },
        {
            "throttle": 0.4702035516539408,
            "brake": 0.0,
            "steer": 0.0
        },
        {
            "throttle": 0.4750738930320482,
            "brake": 0.0,
            "steer": 0.0
        },
        {
            "throttle": 0.47954184187134347,
            "brake": 0.0,
            "steer": 0.0
        },
        {
            "throttle": 0.48349490707409426,
            "brake": 0.0,
            "steer": 0.0
        },
        {
            "throttle": 0.48683300121889056,
            "brake": 0.0,
            "steer": 0.0
        },
        {
            "throttle": 0.4894697704314791,
            "brake": 0.0,
            "steer": 0.0
        },
        {
            "throttle": 0.49133372810778453,
            "brake": 0.0,
            "steer": 0.0
        },
        {
            "throttle": 0.49236916959191357,
            "brake": 0.0,
            "steer": 0.0
        },
        {
            "throttle": 0.4925368489935275,
            "brake": 0.0,
            "steer": 0.0
        },
        {
            "throttle": 0.4918144036928821,
            "brake": 0.0,
            "steer": 0.0
        },
        {
            "throttle": 0.49019651665774644,
            "brake": 0.0,
            "steer": 0.0
        },
        {
            "throttle": 0.48769481141003523,
            "brake": 0.0,
            "steer": 0.0
        },
        {
            "throttle": 0.4843374792543698,
            "brake": 0.0,
            "steer": 0.0
        },
        {
            "throttle": 0.48016864313764285,
            "brake": 0.0,
            "steer": 0.0
        },
        {
            "throttle": 0.47524746716974703,
            "brake": 0.0,
            "steer": 0.0
        },
        {
            "throttle": 0.46964702532407115,
            "brake": 0.0,
            "steer": 0.0
        },
        {
            "throttle": 0.4634529470780117,
            "brake": 0.0,
            "steer": 0.0
        },
        {
            "throttle": 0.45676186167842414,
            "brake": 0.0,
            "steer": 0.0
        },
        {
            "throttle": 0.4496796662596796,
            "brake": 0.0,
            "steer": 0.0
        },
        {
            "throttle": 0.4423196461441444,
            "brake": 0.0,
            "steer": 0.0
        },
        {
            "throttle": 0.4348004782651475,
            "brake": 0.0,
            "steer": 0.0
        },
        {
            "throttle": 0.4272441507277257,
            "brake": 0.0,
            "steer": 0.0
        },
        {
            "throttle": 0.41977383302849663,
            "brake": 0.0,
            "steer": 0.0
        },
        {
            "throttle": 0.41251173236829314,
            "brake": 0.0,
            "steer": 0.0
        },
        {
            "throttle": 0.4055769717950746,
            "brake": 0.0,
            "steer": 0.0
        },
        {
            "throttle": 0.3990835256057131,
            "brake": 0.0,
            "steer": 0.0
        },
        {
            "throttle": 0.393138246519454,
            "brake": 0.0,
            "steer": 0.0
        },
        {
            "throttle": 0.38783901762931333,
            "brake": 0.0,
            "steer": 0.0
        },
        {
            "throttle": 0.3832730600664947,
            "brake": 0.0,
            "steer": 0.0
        },
        {
            "throttle": 0.3795154247127053,
            "brake": 0.0,
            "steer": 0.0
        },
        {
            "throttle": 0.37662769321055767,
            "brake": 0.0,
            "steer": 0.0
        },
        {
            "throttle": 0.3746569100057754,
            "brake": 0.0,
            "steer": 0.0
        },
        {
            "throttle": 0.37363476326665807,
            "brake": 0.0,
            "steer": 0.0
        },
        {
            "throttle": 0.3735770283324724,
            "brake": 0.0,
            "steer": 0.0
        },
        {
            "throttle": 0.37448328291451904,
            "brake": 0.0,
            "steer": 0.0
        },
        {
            "throttle": 0.37633689868692827,
            "brake": 0.0,
            "steer": 0.0
        },
        {
            "throttle": 0.3791053092367809,
            "brake": 0.0,
            "steer": 0.0
        },
        {
            "throttle": 0.38274054967428084,
            "brake": 0.0,
            "steer": 0.0
        },
        {
            "throttle": 0.38718005861279675,
            "brake": 0.0,
            "steer": 0.0
        },
        {
            "throttle": 0.39234772879364943,
            "brake": 0.0,
            "steer": 0.0
        },
        {
            "throttle": 0.39815518842692055,
            "brake": 0.0,
            "steer": 0.0
        },
        {
            "throttle": 0.4045032914187029,
            "brake": 0.0,
            "steer": 0.0
        },
        {
            "throttle": 0.41128379112338687,
            "brake": 0.0,
            "steer": 0.0
        },
        {
            "throttle": 0.4183811691567755,
            "brake": 0.0,
            "steer": 0.0
        },
        {
            "throttle": 0.4256745881847609,
            "brake": 0.0,
            "steer": 0.0
        },
        {
            "throttle": 0.4330399355075159,
            "brake": 0.0,
            "steer": 0.0
        },
        {
            "throttle": 0.44035192272625584,
            "brake": 0.0,
            "steer": 0.0
        },
        {
            "throttle": 0.4474862058346768,
            "brake": 0.0,
            "steer": 0.0
        },
        {
            "throttle": 0.45432148973627007,
            "brake": 0.0,
            "steer": 0.0
        },
        {
            "throttle": 0.46074158145768407,
            "brake": 0.0,
            "steer": 0.0
        },
        {
            "throttle": 0.46663735720265376,
            "brake": 0.0,
            "steer": 0.0
        },
        {
            "throttle": 0.4719086098559618,
            "brake": 0.0,
            "steer": 0.0
        },
        {
            "throttle": 0.4764657455776419,
            "brake": 0.0,
            "steer": 0.0
        },
        {
            "throttle": 0.4802313006897837,
            "brake": 0.0,
            "steer": 0.0
        },
        {
            "throttle": 0.4831412531084459,
            "brake": 0.0,
            "steer": 0.0
        },
        {
            "throttle": 0.4851461060596345,
            "brake": 0.0,
            "steer": 0.0
        },
        {
            "throttle": 0.4862117256819716,
            "brake": 0.0,
            "steer": 0.0
        },
        {
            "throttle": 0.4863199182940746,
            "brake": 0.0,
            "steer": 0.0
        },
        {
            "throttle": 0.4854687375210086,
            "brake": 0.0,
            "steer": 0.0
        },
        {
            "throttle": 0.4836725160566008,
            "brake": 0.0,
            "steer": 0.0
        },
        {
            "throttle": 0.4809616215092312,
            "brake": 0.0,
            "steer": 0.0
        },
        {
            "throttle": 0.47738194045875126,
            "brake": 0.0,
            "steer": 0.0
        },
        {
            "throttle": 0.4729940994620894,
            "brake": 0.0,
            "steer": 0.0
        },
        {
            "throttle": 0.467872436206728,
            "brake": 0.0,
            "steer": 0.0
        },
        {
            "throttle": 0.46210373824892914,
            "brake": 0.0,
            "steer": 0.0
        },
        {
            "throttle": 0.45578577071550974,
            "brake": 0.0,
            "steer": 0.0
        },
        {
            "throttle": 0.4490256179272821,
            "brake": 0.0,
            "steer": 0.0
        },
        {
            "throttle": 0.4419378670582982,
            "brake": 0.0,
            "steer": 0.0
        },
        {
            "throttle": 0.4346426646242645,
            "brake": 0.0,
            "steer": 0.0
        },
        {
            "throttle": 0.4272636787504929,
            "brake": 0.0,
            "steer": 0.0
        },
        {
            "throttle": 0.4199260017679697,
            "brake": 0.0,
            "steer": 0.0
        },
        {
            "throttle": 0.41275402869844274,
            "brake": 0.0,
            "steer": 0.0
        },
        {
            "throttle": 0.4058693475987117,
            "brake": 0.0,
            "steer": 0.0
        },
        {
            "throttle": 0.3993886775335956,
            "brake": 0.0,
            "steer": 0.0
        },
        {
            "throttle": 0.3934218891397783,
            "brake": 0.0,
            "steer": 0.0
        },
        {
            "throttle": 0.3880701413425688,
            "brake": 0.0,
            "steer": 0.0
        },
        {
            "throttle": 0.38342416581831895,
            "brake": 0.0,
            "steer": 0.0
        },
        {
            "throttle": 0.37956272829020443,
            "brake": 0.0,
            "steer": 0.0
        },
        {
            "throttle": 0.3765512927467792,
            "brake": 0.0,
            "steer": 0.0
        },
        {
            "throttle": 0.3744409112320013,
            "brake": 0.0,
            "steer": 0.0
        },
        {
            "throttle": 0.3732673580306494,
            "brake": 0.0,
            "steer": 0.0
        },
        {
            "throttle": 0.3730505229290528,
            "brake": 0.0,
            "steer": 0.0
        },
        {
            "throttle": 0.37379407383812574,
            "brake": 0.0,
            "steer": 0.0
        },
        {
            "throttle": 0.37548539449831364,
            "brake": 0.0,
            "steer": 0.0
        },
        {
            "throttle": 0.3780957983216731,
            "brake": 0.0,
            "steer": 0.0
        },
        {
            "throttle": 0.38158101474402084,
            "brake": 0.0,
            "steer": 0.0
        },
        {
            "throttle": 0.38588193983929003,
            "brake": 0.0,
            "steer": 0.0
        },
        {
            "throttle": 0.39092563846728234,
            "brake": 0.0,
            "steer": 0.0
        },
        {
            "throttle": 0.3966265809608867,
            "brake": 0.0,
            "steer": 0.0
        },
        {
            "throttle": 0.402888093381872,
            "brake": 0.0,
            "steer": 0.0
        },
        {
            "throttle": 0.40960399675298786,
            "brake": 0.0,
            "steer": 0.0
        },
        {
            "throttle": 0.4166604074697367,
            "brake": 0.0,
            "steer": 0.0
        },
        {
            "throttle": 0.4239376683621414,
            "brake": 0.0,
            "steer": 0.0
        },
        {
            "throttle": 0.43131237766147734,
            "brake": 0.0,
            "steer": 0.0
        },
        {
            "throttle": 0.43865948146682626,
            "brake": 0.0,
            "steer": 0.0
        },
        {
            "throttle": 0.44585439422959433,
            "brake": 0.0,
            "steer": 0.0
        },
        {
            "throttle": 0.4527751112990769,
            "brake": 0.0,
            "steer": 0.0
        },
        {
            "throttle": 0.4593042777068032,
            "brake": 0.0,
            "steer": 0.0
        },
        {
            "throttle": 0.46533117810947067,
            "brake": 0.0,
            "steer": 0.0
        },
        {
            "throttle": 0.4707536141472019,
            "brake": 0.0,
            "steer": 0.0
        },
        {
            "throttle": 0.47547963738295473,
            "brake": 0.0,
            "steer": 0.0
        },
        {
            "throttle": 0.4794291084378147,
            "brake": 0.0,
            "steer": 0.0
        },
        {
            "throttle": 0.48253505588407836,
            "brake": 0.0,
            "steer": 0.0
        },
        {
            "throttle": 0.4847448118535163,
            "brake": 0.0,
            "steer": 0.0
        },
        {
            "throttle": 0.4860209051044144,
            "brake": 0.0,
            "steer": 0.0
        },
        {
            "throttle": 0.48634169640372304,
            "brake": 0.0,
            "steer": 0.0
        },
        {
            "throttle": 0.4857017454501658,
            "brake": 0.0,
            "steer": 0.0
        },
        {
            "throttle": 0.48411190311637364,
            "brake": 0.0,
            "steer": 0.0
        },
        {
            "throttle": 0.4815991274458248,
            "brake": 0.0,
            "steer": 0.0
        },
        {
            "throttle": 0.4782060265246138,
            "brake": 0.0,
            "steer": 0.0
        },
        {
            "throttle": 0.4739901359794042,
            "brake": 0.0,
            "steer": 0.0
        },
        {
            "throttle": 0.4690229433528148,
            "brake": 0.0,
            "steer": 0.0
        },
        {
            "throttle": 0.4633886758996429,
            "brake": 0.0,
            "steer": 0.0
        },
        {
            "throttle": 0.4571828723589538,
            "brake": 0.0,
            "steer": 0.0
        },
        {
            "throttle": 0.4505107629201489,
            "brake": 0.0,
            "steer": 0.0
        },
        {
            "throttle": 0.4434854848535423,
            "brake": 0.0,
            "steer": 0.0
        },
        {
            "throttle": 0.43622616406258136,
            "brake": 0.0,
            "steer": 0.0
        },
        {
            "throttle": 0.4288558950883916,
            "brake": 0.0,
            "steer": 0.0
        },
        {
            "throttle": 0.42149965381924814,
            "brake": 0.0,
            "steer": 0.0
        },
        {
            "throttle": 0.41428217829869035,
            "brake": 0.0,
            "steer": 0.0
        },
        {
            "throttle": 0.40732585356694284,
            "brake": 0.0,
            "steer": 0.0
        },
        {
            "throttle": 0.4007486364019156,
            "brake": 0.0,
            "steer": 0.0
        },
        {
            "throttle": 0.39466205514949043,
            "brake": 0.0,
            "steer": 0.0
        },
        {
            "throttle": 0.38916931855952996,
            "brake": 0.0,
            "steer": 0.0
        },
        {
            "throttle": 0.3843635656956598,
            "brake": 0.0,
            "steer": 0.0
        },
        {
            "throttle": 0.3803262865947179,
            "brake": 0.0,
            "steer": 0.0
        },
        {
            "throttle": 0.3771259404564011,
            "brake": 0.0,
            "steer": 0.0
        },
        {
            "throttle": 0.37481679479416274,
            "brake": 0.0,
            "steer": 0.0
        },
        {
            "throttle": 0.37343800523162246,
            "brake": 0.0,
            "steer": 0.0
        },
        {
            "throttle": 0.3730129515481757,
            "brake": 0.0,
            "steer": 0.0
        },
        {
            "throttle": 0.3735488412323287,
            "brake": 0.0,
            "steer": 0.0
        },
        {
            "throttle": 0.375036587265213,
            "brake": 0.0,
            "steer": 0.0
        },
        {
            "throttle": 0.37745096220667135,
            "brake": 0.0,
            "steer": 0.0
        },
        {
            "throttle": 0.3807510259711039,
            "brake": 0.0,
            "steer": 0.0
        },
        {
            "throttle": 0.3848808200393644,
            "brake": 0.0,
            "steer": 0.0
        },
        {
            "throttle": 0.3897703163350976,
            "brake": 0.0,
            "steer": 0.0
        },
        {
            "throttle": 0.3953366046756178,
            "brake": 0.0,
            "steer": 0.0
        },
        {
            "throttle": 0.40148529866197186,
            "brake": 0.0,
            "steer": 0.0
        },
        {
            "throttle": 0.40811213616880315,
            "brake": 0.0,
            "steer": 0.0
        },
        {
            "throttle": 0.4151047472948453,
            "brake": 0.0,
            "steer": 0.0
        },
        {
            "throttle": 0.422344559795281,
            "brake": 0.0,
            "steer": 0.0
        },
        {
            "throttle": 0.4297088096859509,
            "brake": 0.0,
            "steer": 0.0
        },
        {
            "throttle": 0.4370726229260192,
            "brake": 0.0,
            "steer": 0.0
        },
        {
            "throttle": 0.4443111328804445,
            "brake": 0.0,
            "steer": 0.0
        },
        {
            "throttle": 0.45130159765688815,
            "brake": 0.0,
            "steer": 0.0
        },
        {
            "throttle": 0.4579254814138286,
            "brake": 0.0,
            "steer": 0.0
        },
        {
            "throttle": 0.4640704643475765,
            "brake": 0.0,
            "steer": 0.0
        },
        {
            "throttle": 0.46963234727526704,
            "brake": 0.0,
            "steer": 0.0
        },
        {
            "throttle": 0.47451681851821764,
            "brake": 0.0,
            "steer": 0.0
        },
        {
            "throttle": 0.4786410531249828,
            "brake": 0.0,
            "steer": 0.0
        },
        {
            "throttle": 0.48193511731641875,
            "brake": 0.0,
            "steer": 0.0
        },
        {
            "throttle": 0.48434315433788017,
            "brake": 0.0,
            "steer": 0.0
        },
        {
            "throttle": 0.4858243316103027,
            "brake": 0.0,
            "steer": 0.0
        },
        {
            "throttle": 0.4863535331195311,
            "brake": 0.0,
            "steer": 0.0
        },
        {
            "throttle": 0.4859217853031932,
            "brake": 0.0,
            "steer": 0.0
        },
        {
            "throttle": 0.4845364092134449,
            "brake": 0.0,
            "steer": 0.0
        },
        {
            "throttle": 0.4822208963753951,
            "brake": 0.0,
            "steer": 0.0
        },
        {
            "throttle": 0.4790145104462518,
            "brake": 0.0,
            "steer": 0.0
        },
        {
            "throttle": 0.4749716214297707,
            "brake": 0.0,
            "steer": 0.0
        },
        {
            "throttle": 0.4701607837355902,
            "brake": 0.0,
            "steer": 0.0
        },
        {
            "throttle": 0.4646635737166052,
            "brake": 0.0,
            "steer": 0.0
        },
        {
            "throttle": 0.45857320639601135,
            "brake": 0.0,
            "steer": 0.0
        },
        {
            "throttle": 0.451992954839886,
            "brake": 0.0,
            "steer": 0.0
        },
        {
            "throttle": 0.44503439897767044,
            "brake": 0.0,
            "steer": 0.0
        },
        {
            "throttle": 0.4378155335649318,
            "brake": 0.0,
            "steer": 0.0
        },
        {
            "throttle": 0.43045876737128025,
            "brake": 0.0,
            "steer": 0.0
        },
        {
            "throttle": 0.4230888475207868,
            "brake": 0.0,
            "steer": 0.0
        },
        {
            "throttle": 0.4158307441814219,
            "brake": 0.0,
            "steer": 0.0
        },
        {
            "throttle": 0.40880753147238724,
            "brake": 0.0,
            "steer": 0.0
        },
        {
            "throttle": 0.402138300522346,
            "brake": 0.0,
            "steer": 0.0
        },
        {
            "throttle": 0.39593614006638067,
            "brake": 0.0,
            "steer": 0.0
        },
        {
            "throttle": 0.390306218824268,
            "brake": 0.0,
            "steer": 0.0
        },
        {
            "throttle": 0.38534400217677617,
            "brake": 0.0,
            "steer": 0.0
        },
        {
            "throttle": 0.3811336333794255,
            "brake": 0.0,
            "steer": 0.0
        },
        {
            "throttle": 0.3777465067631295,
            "brake": 0.0,
            "steer": 0.0
        },
        {
            "throttle": 0.37524005711564823,
            "brake": 0.0,
            "steer": 0.0
        },
        {
            "throttle": 0.37365678577205835,
            "brake": 0.0,
            "steer": 0.0
        },
        {
            "throttle": 0.3730235399286158,
            "brake": 0.0,
            "steer": 0.0
        },
        {
            "throttle": 0.37335105740053376,
            "brake": 0.0,
            "steer": 0.0
        },
        {
            "throttle": 0.37463378454312124,
            "brake": 0.0,
            "steer": 0.0
        },
        {
            "throttle": 0.376849970423756,
            "brake": 0.0,
            "steer": 0.0
        },
        {
            "throttle": 0.3799620356478363,
            "brake": 0.0,
            "steer": 0.0
        },
        {
            "throttle": 0.3839172095846087,
            "brake": 0.0,
            "steer": 0.0
        },
        {
            "throttle": 0.3886484251875681,
            "brake": 0.0,
            "steer": 0.0
        },
        {
            "throttle": 0.39407545623615087,
            "brake": 0.0,
            "steer": 0.0
        },
        {
            "throttle": 0.40010627771475377,
            "brake": 0.0,
            "steer": 0.0
        },
        {
            "throttle": 0.40663862626142006,
            "brake": 0.0,
            "steer": 0.0
        },
        {
            "throttle": 0.4135617342259957,
            "brake": 0.0,
            "steer": 0.0
        },
        {
            "throttle": 0.4207582079336982,
            "brake": 0.0,
            "steer": 0.0
        },
        {
            "throttle": 0.4281060183047815,
            "brake": 0.0,
            "steer": 0.0
        }
    ],
    "parameters": {
        "cloudiness": 4.388314224381473,
        "fog_density": 53.587600735906484,
        "initial_distance": 46.275981048769495,
        "initial_ego_velocity": 6.573012385777975,
        "initial_lead_velocity": 9.17553198054427,
        "lead_base_throttle": 0.4296830503972353,
        "lead_behavior_frequency": 0.207395461988221,
        "lead_brake_duration": 12.665501676287468,
        "lead_brake_intensity": 0.31006273771514864,
        "lead_brake_probability": 0.011234721390667656,
        "lead_throttle_variation": 0.09007258303392854,
        "precipitation": 20.745720130165147,
        "precipitation_deposits": 57.230163385799706,
        "sun_altitude_angle": -10.755509191991113,
        "wind_intensity": 21.13900089070369
    },
    "config": {
        "num_timesteps": 200,
        "dt": 0.1,
        "seed": 87
    }
}