{
    "weather": {
        "cloudiness": 89.24148797591047,
        "precipitation": 36.9722557438395,
        "precipitation_deposits": 16.29223945661473,
        "wind_intensity": 15.13399359107932,
        "sun_altitude_angle": 44.492444891609125,
        "fog_density": 61.826397331363125,
        "fog_distance": 127.34187106465747,
        "wetness": 18.48612787191975
    },
    "initial_conditions": {
        "ego": {
            "position": {
                "x": 552.5917913793534,
                "y": 20.57,
                "z": 0.294
            },
            "yaw": 0.0,
            "velocity": 18.405291024220325
        },
        "lead": {
            "position": {
                "x": 484.88,
                "y": 20.57,
                "z": 0.294
            },
            "yaw": 0.0,
            "velocity": 10.460473707497675
        }
    },
    "ego": {
        "position": {
            "x": 552.5917913793534,
            "y": 20.57,
            "z": 0.294
        },
        "yaw": 0.0,
        "velocity": 18.405291024220325
    },
    "lead": {
        "position": {
            "x": 484.88,
            "y": 20.57,
            "z": 0.294
        },
        "yaw": 0.0,
        "velocity": 10.460473707497675
    },
    "ado_actions": [
        {
            "throttle": 0.5177641033624589,
            "brake": 0.0,
            "steer": 0.0
        },
        {
            "throttle": 0.5205362879635603,
            "brake": 0.0,
            "steer": 0.0
        },
        {
            "throttle": 0.5257785483782331,
            "brake": 0.0,
            "steer": 0.0
        },
        {
            "throttle": 0.5331943198504914,
            "brake": 0.0,
            "steer": 0.0
        },
        {
            "throttle": 0.5424924722066217,
            "brake": 0.0,
            "steer": 0.0
        },
        {
            "throttle": 0.5533874288294496,
            "brake": 0.0,
            "steer": 0.0
        },
        {
            "throttle": 0.565599485266076,
            "brake": 0.0,
            "steer": 0.0
        },
        {
            "throttle": 0.5788552996587708,
            "brake": 0.0,
            "steer": 0.0
        },
        {
            "throttle": 0.5209697696928938,
            "brake": 0.025453232966040653,
            "steer": 0.0
        },
        {
            "throttle": 0.4688727927236044,
            "brake": 0.048361142635477236,
            "steer": 0.0
        },
        {
            "throttle": 0.42198551345124397,
            "brake": 0.06897826133797016,
            "steer": 0.0
        },
        {
            "throttle": 0.37978696210611956,
            "brake": 0.0875336681702138,
            "steer": 0.0
        },
        {
            "throttle": 0.3418082658955076,
            "brake": 0.10423353431923307,
            "steer": 0.0
        },
        {
            "throttle": 0.3076274393059569,
            "brake": 0.11926341385335043,
            "steer": 0.0
        },
        {
            "throttle": 0.2768646953753612,
            "brake": 0.13279030543405604,
            "steer": 0.0
        },
        {
            "throttle": 0.24917822583782506,
            "brake": 0.1449645078566911,
            "steer": 0.0
        },
        {
            "throttle": 0.30528298715030655,
            "brake": 0.130468057071022,
            "steer": 0.0
        },
        {
            "throttle": 0.3557959937785126,
            "brake": 0.1174212513639198,
            "steer": 0.0
        },
        {
            "throttle": 0.40101366350210044,
            "brake": 0.10567912622752783,
            "steer": 0.0
        },
        {
            "throttle": 0.44120496342574866,
            "brake": 0.09511121360477505,
            "steer": 0.0
        },
        {
            "throttle": 0.4766164945689341,
            "brake": 0.08560009224429754,
            "steer": 0.0
        },
        {
            "throttle": 0.5074770273180735,
            "brake": 0.0770400830198678,
            "steer": 0.0
        },
        {
            "throttle": 0.5340015220144045,
            "brake": 0.06933607471788102,
            "steer": 0.0
        },
        {
            "throttle": 0.5563946660742017,
            "brake": 0.06240246724609291,
            "steer": 0.0
        },
        {
            "throttle": 0.5748539566292004,
            "brake": 0.056162220521483626,
            "steer": 0.0
        },
        {
            "throttle": 0.5895723556810668,
            "brake": 0.05054599846933527,
            "steer": 0.0
        },
        {
            "throttle": 0.6007405431348174,
            "brake": 0.045491398622401744,
            "steer": 0.0
        },
        {
            "throttle": 0.6085487917661214,
            "brake": 0.04094225876016157,
            "steer": 0.0
        },
        {
            "throttle": 0.6131884871435292,
            "brake": 0.03684803288414541,
            "steer": 0.0
        },
        {
            "throttle": 0.6148533147289073,
            "brake": 0.03316322959573087,
            "steer": 0.0
        },
        {
            "throttle": 0.5533679832560165,
            "brake": 0.055300139602198435,
            "steer": 0.0
        },
        {
            "throttle": 0.4980311849304149,
            "brake": 0.07522335860801925,
            "steer": 0.0
        },
        {
            "throttle": 0.44822806643737345,
            "brake": 0.09315425571325799,
            "steer": 0.0
        },
        {
            "throttle": 0.4034052597936361,
            "brake": 0.10929206310797285,
            "steer": 0.0
        },
        {
            "throttle": 0.3630647338142725,
            "brake": 0.12381608976321622,
            "steer": 0.0
        },
        {
            "throttle": 0.3267582604328453,
            "brake": 0.13688771375293524,
            "steer": 0.0
        },
        {
            "throttle": 0.2940824343895608,
            "brake": 0.14865217534368236,
            "steer": 0.0
        },
        {
            "throttle": 0.2646741909506047,
            "brake": 0.15924019077535478,
            "steer": 0.0
        },
        {
            "throttle": 0.2769681925979228,
            "brake": 0.14331617169781932,
            "steer": 0.0
        },
        {
            "throttle": 0.2856077695670941,
            "brake": 0.1289845545280374,
            "steer": 0.0
        },
        {
            "throttle": 0.2910969939851356,
            "brake": 0.11608609907523365,
            "steer": 0.0
        },
        {
            "throttle": 0.2939100593835801,
            "brake": 0.10447748916771028,
            "steer": 0.0
        },
        {
            "throttle": 0.29449283954005445,
            "brake": 0.09402974025093926,
            "steer": 0.0
        },
        {
            "throttle": 0.29326411994810186,
            "brake": 0.08462676622584533,
            "steer": 0.0
        },
        {
            "throttle": 0.29061654902271766,
            "brake": 0.0761640896032608,
            "steer": 0.0
        },
        {
            "throttle": 0.28691735284901426,
            "brake": 0.06854768064293473,
            "steer": 0.0
        },
        {
            "throttle": 0.28250885416969096,
            "brake": 0.06169291257864126,
            "steer": 0.0
        },
        {
            "throttle": 0.2777088333533337,
            "brake": 0.055523621320777136,
            "steer": 0.0
        },
        {
            "throttle": 0.27281076626417916,
            "brake": 0.04997125918869942,
            "steer": 0.0
        },
        {
            "throttle": 0.268083971243069,
            "brake": 0.04497413326982948,
            "steer": 0.0
        },
        {
            "throttle": 0.2637736947908254,
            "brake": 0.04047671994284653,
            "steer": 0.0
        },
        {
            "throttle": 0.26010116300455655,
            "brake": 0.03642904794856188,
            "steer": 0.0
        },
        {
            "throttle": 0.25726362334290614,
            "brake": 0.03278614315370569,
            "steer": 0.0
        },
        {
            "throttle": 0.25543439887931213,
            "brake": 0.02950752883833512,
            "steer": 0.0
        },
        {
            "throttle": 0.2547629748368068,
            "brake": 0.02655677595450161,
            "steer": 0.0
        },
        {
            "throttle": 0.2553751348799847,
            "brake": 0.02390109835905145,
            "steer": 0.0
        },
        {
            "throttle": 0.2573731623677543,
            "brake": 0.021510988523146306,
            "steer": 0.0
        },
        {
            "throttle": 0.26083611954450203,
            "brake": 0.019359889670831677,
            "steer": 0.0
        },
        {
            "throttle": 0.2658202154690585,
            "brake": 0.01742390070374851,
            "steer": 0.0
        },
        {
            "throttle": 0.2723592713535036,
            "brake": 0.01568151063337366,
            "steer": 0.0
        },
        {
            "throttle": 0.2804652899116904,
            "brake": 0.014113359570036293,
            "steer": 0.0
        },
        {
            "throttle": 0.29012913330571,
            "brake": 0.012702023613032664,
            "steer": 0.0
        },
        {
            "throttle": 0.261116219975139,
            "brake": 0.03688505421777005,
            "steer": 0.0
        },
        {
            "throttle": 0.2350045979776251,
            "brake": 0.0586497817620337,
            "steer": 0.0
        },
        {
            "throttle": 0.2115041381798626,
            "brake": 0.07823803655187098,
            "steer": 0.0
        },
        {
            "throttle": 0.19035372436187634,
            "brake": 0.09586746586272454,
            "steer": 0.0
        },
        {
            "throttle": 0.1713183519256887,
            "brake": 0.11173395224249275,
            "steer": 0.0
        },
        {
            "throttle": 0.15418651673311984,
            "brake": 0.1260137899842841,
            "steer": 0.0
        },
        {
            "throttle": 0.13876786505980787,
            "brake": 0.13886564395189635,
            "steer": 0.0
        },
        {
            "throttle": 0.12489107855382708,
            "brake": 0.15043231252274736,
            "steer": 0.0
        },
        {
            "throttle": 0.1742815181933243,
            "brake": 0.13538908127047264,
            "steer": 0.0
        },
        {
            "throttle": 0.2212895934051719,
            "brake": 0.12185017314342537,
            "steer": 0.0
        },
        {
            "throttle": 0.26603987324415274,
            "brake": 0.10966515582908284,
            "steer": 0.0
        },
        {
            "throttle": 0.23943588591973747,
            "brake": 0.12415187321221521,
            "steer": 0.0
        },
        {
            "throttle": 0.21549229732776373,
            "brake": 0.13718991885703435,
            "steer": 0.0
        },
        {
            "throttle": 0.19394306759498736,
            "brake": 0.14892415993737157,
            "steer": 0.0
        },
        {
            "throttle": 0.17454876083548862,
            "brake": 0.15948497690967509,
            "steer": 0.0
        },
        {
            "throttle": 0.15709388475193975,
            "brake": 0.16898971218474823,
            "steer": 0.0
        },
        {
            "throttle": 0.1413844962767458,
            "brake": 0.17754397393231408,
            "steer": 0.0
        },
        {
            "throttle": 0.12724604664907121,
            "brake": 0.18524280950512334,
            "steer": 0.0
        },
        {
            "throttle": 0.1145214419841641,
            "brake": 0.19217176152065166,
            "steer": 0.0
        },
        {
            "throttle": 0.18368277275966405,
            "brake": 0.1729545853685865,
            "steer": 0.0
        },
        {
            "throttle": 0.246283670716329,
            "brake": 0.15565912683172783,
            "steer": 0.0
        },
        {
            "throttle": 0.3027180690744428,
            "brake": 0.14009321414855505,
            "steer": 0.0
        },
        {
            "throttle": 0.3533396674236291,
            "brake": 0.12608389273369955,
            "steer": 0.0
        },
        {
            "throttle": 0.3984683160112349,
            "brake": 0.1134755034603296,
            "steer": 0.0
        },
        {
            "throttle": 0.43839574794887226,
            "brake": 0.10212795311429664,
            "steer": 0.0
        },
        {
            "throttle": 0.4733907034700903,
            "brake": 0.09191515780286698,
            "steer": 0.0
        },
        {
            "throttle": 0.5037034862706642,
            "brake": 0.08272364202258028,
            "steer": 0.0
        },
        {
            "throttle": 0.5295699884580748,
            "brake": 0.07445127782032226,
            "steer": 0.0
        },
        {
            "throttle": 0.5512152176642868,
            "brake": 0.06700615003829004,
            "steer": 0.0
        },
        {
            "throttle": 0.5688563573765555,
            "brake": 0.06030553503446104,
            "steer": 0.0
        },
        {
            "throttle": 0.5827053894597144,
            "brake": 0.05427498153101493,
            "steer": 0.0
        },
        {
            "throttle": 0.5929713061292109,
            "brake": 0.04884748337791344,
            "steer": 0.0
        },
        {
            "throttle": 0.5998619372397284,
            "brake": 0.043962735040122096,
            "steer": 0.0
        },
        {
            "throttle": 0.6035854176356324,
            "brake": 0.03956646153610989,
            "steer": 0.0
        },
        {
            "throttle": 0.6043513184259501,
            "brake": 0.035609815382498904,
            "steer": 0.0
        },
        {
            "throttle": 0.6023714653603277,
            "brake": 0.03204883384424902,
            "steer": 0.0
        },
        {
            "throttle": 0.5978604669584378,
            "brake": 0.028843950459824116,
            "steer": 0.0
        },
        {
            "throttle": 0.5910359746512792,
            "brake": 0.025959555413841706,
            "steer": 0.0
        },
        {
            "throttle": 0.5821186968989398,
            "brake": 0.023363599872457536,
            "steer": 0.0
        },
        {
            "throttle": 0.5239068272090458,
            "brake": 0.04648047285125244,
            "steer": 0.0
        },
        {
            "throttle": 0.4715161444881412,
            "brake": 0.06728565853216785,
            "steer": 0.0
        },
        {
            "throttle": 0.4243645300393271,
            "brake": 0.08601032564499173,
            "steer": 0.0
        },
        {
            "throttle": 0.3819280770353944,
            "brake": 0.10286252604653322,
            "steer": 0.0
        },
        {
            "throttle": 0.34373526933185494,
            "brake": 0.11802950640792055,
            "steer": 0.0
        },
        {
            "throttle": 0.3093617423986695,
            "brake": 0.13167978873316916,
            "steer": 0.0
        },
        {
            "throttle": 0.27842556815880254,
            "brake": 0.1439650428258929,
            "steer": 0.0
        },
        {
            "throttle": 0.25058301134292227,
            "brake": 0.15502177150934426,
            "steer": 0.0
        },
        {
            "throttle": 0.25422346426075304,
            "brake": 0.13951959435840985,
            "steer": 0.0
        },
        {
            "throttle": 0.2558964489139129,
            "brake": 0.12556763492256887,
            "steer": 0.0
        },
        {
            "throttle": 0.2560203135848243,
            "brake": 0.11301087143031198,
            "steer": 0.0
        },
        {
            "throttle": 0.25498397854573374,
            "brake": 0.10170978428728078,
            "steer": 0.0
        },
        {
            "throttle": 0.2531477777938203,
            "brake": 0.0915388058585527,
            "steer": 0.0
        },
        {
            "throttle": 0.2508441240816011,
            "brake": 0.08238492527269743,
            "steer": 0.0
        },
        {
            "throttle": 0.2483780346085281,
            "brake": 0.07414643274542769,
            "steer": 0.0
        },
        {
            "throttle": 0.24602755165704326,
            "brake": 0.06673178947088493,
            "steer": 0.0
        },
        {
            "throttle": 0.2440440894992873,
            "brake": 0.060058610523796435,
            "steer": 0.0
        },
        {
            "throttle": 0.24265273605235094,
            "brake": 0.05405274947141679,
            "steer": 0.0
        },
        {
            "throttle": 0.2420525350069903,
            "brake": 0.04864747452427511,
            "steer": 0.0
        },
        {
            "throttle": 0.24241677148671215,
            "brake": 0.043782727071847605,
            "steer": 0.0
        },
        {
            "throttle": 0.24389328170343474,
            "brake": 0.03940445436466285,
            "steer": 0.0
        },
        {
            "throttle": 0.24660480455737246,
            "brake": 0.035464008928196566,
            "steer": 0.0
        },
        {
            "throttle": 0.25064939067939895,
            "brake": 0.03191760803537691,
            "steer": 0.0
        },
        {
            "throttle": 0.25610088203287884,
            "brake": 0.02872584723183922,
            "steer": 0.0
        },
        {
            "throttle": 0.26300947287947085,
            "brake": 0.0258532625086553,
            "steer": 0.0
        },
        {
            "throttle": 0.2714023606718059,
            "brake": 0.02326793625778977,
            "steer": 0.0
        },
        {
            "throttle": 0.28128449326856686,
            "brake": 0.020941142632010794,
            "steer": 0.0
        },
        {
            "throttle": 0.2531560439417102,
            "brake": 0.04430026133485036,
            "steer": 0.0
        },
        {
            "throttle": 0.2278404395475392,
            "brake": 0.06532346816740599,
            "steer": 0.0
        },
        {
            "throttle": 0.20505639559278527,
            "brake": 0.08424435431670604,
            "steer": 0.0
        },
        {
            "throttle": 0.18455075603350674,
            "brake": 0.1012731518510761,
            "steer": 0.0
        },
        {
            "throttle": 0.16609568043015607,
            "brake": 0.11659906963200915,
            "steer": 0.0
        },
        {
            "throttle": 0.14948611238714046,
            "brake": 0.1303923956348489,
            "steer": 0.0
        },
        {
            "throttle": 0.1345375011484264,
            "brake": 0.14280638903740464,
            "steer": 0.0
        },
        {
            "throttle": 0.12108375103358378,
            "brake": 0.15397898309970484,
            "steer": 0.0
        },
        {
            "throttle": 0.17010953103028134,
            "brake": 0.13858108478973435,
            "steer": 0.0
        },
        {
            "throttle": 0.2168176112173072,
            "brake": 0.12472297631076092,
            "steer": 0.0
        },
        {
            "throttle": 0.1951358500955765,
            "brake": 0.13770391164572549,
            "steer": 0.0
        },
        {
            "throttle": 0.17562226508601886,
            "brake": 0.1493867534471936,
            "steer": 0.0
        },
        {
            "throttle": 0.158060038577417,
            "brake": 0.1599013110685149,
            "steer": 0.0
        },
        {
            "throttle": 0.1422540347196753,
            "brake": 0.16936441292770407,
            "steer": 0.0
        },
        {
            "throttle": 0.12802863124770777,
            "brake": 0.1778812046009743,
            "steer": 0.0
        },
        {
            "throttle": 0.115225768122937,
            "brake": 0.18554631710691755,
            "steer": 0.0
        },
        {
            "throttle": 0.1037031913106433,
            "brake": 0.19244491836226646,
            "steer": 0.0
        },
        {
            "throttle": 0.09333287217957897,
            "brake": 0.19865365949208047,
            "steer": 0.0
        },
        {
            "throttle": 0.16377685641558926,
            "brake": 0.17878829354287243,
            "steer": 0.0
        },
        {
            "throttle": 0.227863853159664,
            "brake": 0.16090946418858518,
            "steer": 0.0
        },
        {
            "throttle": 0.2859719807371917,
            "brake": 0.14481851776972665,
            "steer": 0.0
        },
        {
            "throttle": 0.3384376863662567,
            "brake": 0.13033666599275398,
            "steer": 0.0
        },
        {
            "throttle": 0.38556226062997595,
            "brake": 0.11730299939347859,
            "steer": 0.0
        },
        {
            "throttle": 0.42761771407646015,
            "brake": 0.10557269945413073,
            "steer": 0.0
        },
        {
            "throttle": 0.4648520585357415,
            "brake": 0.09501542950871765,
            "steer": 0.0
        },
        {
            "throttle": 0.4974940315525184,
            "brake": 0.08551388655784589,
            "steer": 0.0
        },
        {
            "throttle": 0.5257572987518406,
            "brake": 0.0769624979020613,
            "steer": 0.0
        },
        {
            "throttle": 0.5498441659186981,
            "brake": 0.06926624811185518,
            "steer": 0.0
        },
        {
            "throttle": 0.569948830023326,
            "brake": 0.062339623300669667,
            "steer": 0.0
        },
        {
            "throttle": 0.5862601963075513,
            "brake": 0.056105660970602704,
            "steer": 0.0
        },
        {
            "throttle": 0.5989642868131738,
            "brake": 0.05049509487354244,
            "steer": 0.0
        },
        {
            "throttle": 0.6082462643342004,
            "brake": 0.045445585386188196,
            "steer": 0.0
        },
        {
            "throttle": 0.6142920946670078,
            "brake": 0.040901026847569376,
            "steer": 0.0
        },
        {
            "throttle": 0.6172898691754501,
            "brake": 0.03681092416281244,
            "steer": 0.0
        },
        {
            "throttle": 0.6174308090436537,
            "brake": 0.033129831746531196,
            "steer": 0.0
        },
        {
            "throttle": 0.6149099721224903,
            "brake": 0.029816848571878076,
            "steer": 0.0
        },
        {
            "throttle": 0.609926682953731,
            "brake": 0.026835163714690267,
            "steer": 0.0
        },
        {
            "throttle": 0.6026847063483105,
            "brake": 0.02415164734322124,
            "steer": 0.0
        },
        {
            "throttle": 0.5933921847739129,
            "brake": 0.021736482608899117,
            "steer": 0.0
        },
        {
            "throttle": 0.5822613597463786,
            "brake": 0.019562834348009206,
            "steer": 0.0
        },
        {
            "throttle": 0.5695080973955456,
            "brake": 0.017606550913208285,
            "steer": 0.0
        },
        {
            "throttle": 0.5553512383674605,
            "brake": 0.015845895821887456,
            "steer": 0.0
        },
        {
            "throttle": 0.540011792211897,
            "brake": 0.01426130623969871,
            "steer": 0.0
        },
        {
            "throttle": 0.5237119963692214,
            "brake": 0.01283517561572884,
            "steer": 0.0
        },
        {
            "throttle": 0.5066742597982756,
            "brake": 0.011551658054155957,
            "steer": 0.0
        },
        {
            "throttle": 0.4891200111634436,
            "brake": 0.010396492248740362,
            "steer": 0.0
        },
        {
            "throttle": 0.4712684713126449,
            "brake": 0.009356843023866326,
            "steer": 0.0
        },
        {
            "throttle": 0.4533353695187564,
            "brake": 0.008421158721479693,
            "steer": 0.0
        },
        {
            "throttle": 0.43553162261677836,
            "brake": 0.007579042849331724,
            "steer": 0.0
        },
        {
            "throttle": 0.4180619957416091,
            "brake": 0.006821138564398552,
            "steer": 0.0
        },
        {
            "throttle": 0.40112376285195755,
            "brake": 0.006139024707958697,
            "steer": 0.0
        },
        {
            "throttle": 0.384905384611758,
            "brake": 0.005525122237162827,
            "steer": 0.0
        },
        {
            "throttle": 0.36958522049013187,
            "brake": 0.004972610013446545,
            "steer": 0.0
        },
        {
            "throttle": 0.35533029113467823,
            "brake": 0.004475349012101891,
            "steer": 0.0
        },
        {
            "throttle": 0.34229510617236725,
            "brake": 0.004027814110891701,
            "steer": 0.0
        },
        {
            "throttle": 0.3306205716006491,
            "brake": 0.0036250326998025313,
            "steer": 0.0
        },
        {
            "throttle": 0.3204329898529928,
            "brake": 0.003262529429822278,
            "steer": 0.0
        },
        {
            "throttle": 0.31184316446356947,
            "brake": 0.0029362764868400503,
            "steer": 0.0
        },
        {
            "throttle": 0.3049456200219731,
            "brake": 0.0026426488381560455,
            "steer": 0.0
        },
        {
            "throttle": 0.2998179468085216,
            "brake": 0.002378383954340441,
            "steer": 0.0
        },
        {
            "throttle": 0.2965202781425442,
            "brake": 0.0021405455589063966,
            "steer": 0.0
        },
        {
            "throttle": 0.29509490706966934,
            "brake": 0.001926491003015757,
            "steer": 0.0
        },
        {
            "throttle": 0.2955660475697226,
            "brake": 0.0017338419027141813,
            "steer": 0.0
        },
        {
            "throttle": 0.29793974399525586,
            "brake": 0.001560457712442763,
            "steer": 0.0
        },
        {
            "throttle": 0.3022039309632221,
            "brake": 0.001404411941198487,
            "steer": 0.0
        },
        {
            "throttle": 0.30832864443051433,
            "brake": 0.0012639707470786382,
            "steer": 0.0
        },
        {
            "throttle": 0.31626638319982053,
            "brake": 0.0011375736723707745,
            "steer": 0.0
        },
        {
            "throttle": 0.32595261863743374,
            "brake": 0.001023816305133697,
            "steer": 0.0
        },
        {
            "throttle": 0.33730644895117357,
            "brake": 0.0009214346746203273,
            "steer": 0.0
        },
        {
            "throttle": 0.35023139298615924,
            "brake": 0.0008292912071582947,
            "steer": 0.0
        },
        {
            "throttle": 0.31520825368754335,
            "brake": 0.026199595052483118,
            "steer": 0.0
        },
        {
            "throttle": 0.283687428318789,
            "brake": 0.04903286851327546,
            "steer": 0.0
        }
    ],
    "parameters": {
        "cloudiness": 89.24148797591047,
        "fog_density": 61.826397331363125,
        "initial_distance": 67.71179137935334,
        "initial_ego_velocity": 18.405291024220325,
        "initial_lead_velocity": 10.460473707497675,
        "lead_base_throttle": 0.5177641033624589,
        "lead_behavior_frequency": 0.15086446953542204,
        "lead_brake_duration": 8.077401565887147,
        "lead_brake_intensity": 0.2545323296604065,
        "lead_brake_probability": 0.27969169729782756,
        "lead_throttle_variation": 0.2928909027518989,
        "precipitation": 36.9722557438395,
        "precipitation_deposits": 16.29223945661473,
        "sun_altitude_angle": 44.492444891609125,
        "wind_intensity": 15.13399359107932
    },
    "config": {
        "num_timesteps": 200,
        "dt": 0.1,
        "seed": 79
    }
}