{
    "weather": {
        "cloudiness": 40.75454617995269,
        "precipitation": 7.868293915138935,
        "precipitation_deposits": 22.109792342983468,
        "wind_intensity": 21.81591159346889,
        "sun_altitude_angle": 43.93355430271993,
        "fog_density": 44.032796076981995,
        "fog_distance": 230.44112567569985,
        "wetness": 3.9341469575694674
    },
    "initial_conditions": {
        "ego": {
            "position": {
                "x": 553.6193642701742,
                "y": 20.57,
                "z": 0.294
            },
            "yaw": 0.0,
            "velocity": 11.328756677650624
        },
        "lead": {
            "position": {
                "x": 484.88,
                "y": 20.57,
                "z": 0.294
            },
            "yaw": 0.0,
            "velocity": 23.85117313735323
        }
    },
    "ego": {
        "position": {
            "x": 553.6193642701742,
            "y": 20.57,
            "z": 0.294
        },
        "yaw": 0.0,
        "velocity": 11.328756677650624
    },
    "lead": {
        "position": {
            "x": 484.88,
            "y": 20.57,
            "z": 0.294
        },
        "yaw": 0.0,
        "velocity": 23.85117313735323
    },
    "ado_actions": [
        {
            "throttle": 0.34089105098961536,
            "brake": 0.0,
            "steer": 0.0
        },
        {
            "throttle": 0.34203289375500323,
            "brake": 0.0,
            "steer": 0.0
        },
        {
            "throttle": 0.3441678837366823,
            "brake": 0.0,
            "steer": 0.0
        },
        {
            "throttle": 0.34712872674316253,
            "brake": 0.0,
            "steer": 0.0
        },
        {
            "throttle": 0.3507334444292053,
            "brake": 0.0,
            "steer": 0.0
        },
        {
            "throttle": 0.3547898467853952,
            "brake": 0.0,
            "steer": 0.0
        },
        {
            "throttle": 0.359100416032839,
            "brake": 0.0,
            "steer": 0.0
        },
        {
            "throttle": 0.3634674440346436,
            "brake": 0.0,
            "steer": 0.0
        },
        {
            "throttle": 0.36769825870114903,
            "brake": 0.0,
            "steer": 0.0
        },
        {
            "throttle": 0.37161037310101674,
            "brake": 0.0,
            "steer": 0.0
        },
        {
            "throttle": 0.37503639415883266,
            "brake": 0.0,
            "steer": 0.0
        },
        {
            "throttle": 0.37782853583534864,
            "brake": 0.0,
            "steer": 0.0
        },
        {
            "throttle": 0.37986259431492525,
            "brake": 0.0,
            "steer": 0.0
        },
        {
            "throttle": 0.3810412595919574,
            "brake": 0.0,
            "steer": 0.0
        },
        {
            "throttle": 0.381296658451007,
            "brake": 0.0,
            "steer": 0.0
        },
        {
            "throttle": 0.38059204755739556,
            "brake": 0.0,
            "steer": 0.0
        },
        {
            "throttle": 0.3789226015046054,
            "brake": 0.0,
            "steer": 0.0
        },
        {
            "throttle": 0.37631526841717183,
            "brake": 0.0,
            "steer": 0.0
        },
        {
            "throttle": 0.37282769424845086,
            "brake": 0.0,
            "steer": 0.0
        },
        {
            "throttle": 0.36854624538307884,
            "brake": 0.0,
            "steer": 0.0
        },
        {
            "throttle": 0.3635831866971945,
            "brake": 0.0,
            "steer": 0.0
        },
        {
            "throttle": 0.3580730980163124,
            "brake": 0.0,
            "steer": 0.0
        },
        {
            "throttle": 0.3521686351646484,
            "brake": 0.0,
            "steer": 0.0
        },
        {
            "throttle": 0.34603576182047624,
            "brake": 0.0,
            "steer": 0.0
        },
        {
            "throttle": 0.33984859457697786,
            "brake": 0.0,
            "steer": 0.0
        },
        {
            "throttle": 0.3337840154699881,
            "brake": 0.0,
            "steer": 0.0
        },
        {
            "throttle": 0.32801621341640375,
            "brake": 0.0,
            "steer": 0.0
        },
        {
            "throttle": 0.3227113182944659,
            "brake": 0.0,
            "steer": 0.0
        },
        {
            "throttle": 0.318022288722039,
            "brake": 0.0,
            "steer": 0.0
        },
        {
            "throttle": 0.3140842070336376,
            "brake": 0.0,
            "steer": 0.0
        },
        {
            "throttle": 0.311010122750902,
            "brake": 0.0,
            "steer": 0.0
        },
        {
            "throttle": 0.30888756935453376,
            "brake": 0.0,
            "steer": 0.0
        },
        {
            "throttle": 0.3077758588976828,
            "brake": 0.0,
            "steer": 0.0
        },
        {
            "throttle": 0.3077042355649267,
            "brake": 0.0,
            "steer": 0.0
        },
        {
            "throttle": 0.30867094338644596,
            "brake": 0.0,
            "steer": 0.0
        },
        {
            "throttle": 0.3106432357471554,
            "brake": 0.0,
            "steer": 0.0
        },
        {
            "throttle": 0.31355832591934635,
            "brake": 0.0,
            "steer": 0.0
        },
        {
            "throttle": 0.3173252494541237,
            "brake": 0.0,
            "steer": 0.0
        },
        {
            "throttle": 0.32182758175029313,
            "brake": 0.0,
            "steer": 0.0
        },
        {
            "throttle": 0.32692692831151443,
            "brake": 0.0,
            "steer": 0.0
        },
        {
            "throttle": 0.33246708188394786,
            "brake": 0.0,
            "steer": 0.0
        },
        {
            "throttle": 0.33827872054245434,
            "brake": 0.0,
            "steer": 0.0
        },
        {
            "throttle": 0.344184504472261,
            "brake": 0.0,
            "steer": 0.0
        },
        {
            "throttle": 0.3500044171684813,
            "brake": 0.0,
            "steer": 0.0
        },
        {
            "throttle": 0.35556118941169623,
            "brake": 0.0,
            "steer": 0.0
        },
        {
            "throttle": 0.36068564189680297,
            "brake": 0.0,
            "steer": 0.0
        },
        {
            "throttle": 0.36522178486972656,
            "brake": 0.0,
            "steer": 0.0
        },
        {
            "throttle": 0.3690315204877102,
            "brake": 0.0,
            "steer": 0.0
        },
        {
            "throttle": 0.37199880564144583,
            "brake": 0.0,
            "steer": 0.0
        },
        {
            "throttle": 0.3740331492980827,
            "brake": 0.0,
            "steer": 0.0
        },
        {
            "throttle": 0.3750723385500208,
            "brake": 0.0,
            "steer": 0.0
        },
        {
            "throttle": 0.37508431087721444,
            "brake": 0.0,
            "steer": 0.0
        },
        {
            "throttle": 0.37406811594567974,
            "brake": 0.0,
            "steer": 0.0
        },
        {
            "throttle": 0.37205393779190155,
            "brake": 0.0,
            "steer": 0.0
        },
        {
            "throttle": 0.3348485440127114,
            "brake": 0.015384958573245703,
            "steer": 0.0
        },
        {
            "throttle": 0.3013636896114403,
            "brake": 0.029231421289166837,
            "steer": 0.0
        },
        {
            "throttle": 0.27122732065029626,
            "brake": 0.041693237733495855,
            "steer": 0.0
        },
        {
            "throttle": 0.24410458858526662,
            "brake": 0.05290887253339198,
            "steer": 0.0
        },
        {
            "throttle": 0.21969412972673996,
            "brake": 0.06300294385329848,
            "steer": 0.0
        },
        {
            "throttle": 0.19772471675406597,
            "brake": 0.07208760804121433,
            "steer": 0.0
        },
        {
            "throttle": 0.17795224507865937,
            "brake": 0.08026380581033861,
            "steer": 0.0
        },
        {
            "throttle": 0.16015702057079342,
            "brake": 0.08762238380255045,
            "steer": 0.0
        },
        {
            "throttle": 0.1441413185137141,
            "brake": 0.09424510399554112,
            "steer": 0.0
        },
        {
            "throttle": 0.12972718666234268,
            "brake": 0.10020555216923271,
            "steer": 0.0
        },
        {
            "throttle": 0.1167544679961084,
            "brake": 0.10556995552555515,
            "steer": 0.0
        },
        {
            "throttle": 0.10507902119649756,
            "brake": 0.11039791854624534,
            "steer": 0.0
        },
        {
            "throttle": 0.09457111907684781,
            "brake": 0.11474308526486651,
            "steer": 0.0
        },
        {
            "throttle": 0.08511400716916304,
            "brake": 0.11865373531162557,
            "steer": 0.0
        },
        {
            "throttle": 0.07660260645224673,
            "brake": 0.12217332035370872,
            "steer": 0.0
        },
        {
            "throttle": 0.06894234580702206,
            "brake": 0.12534094689158354,
            "steer": 0.0
        },
        {
            "throttle": 0.062048111226319855,
            "brake": 0.12819181077567088,
            "steer": 0.0
        },
        {
            "throttle": 0.05584330010368787,
            "brake": 0.13075758827134948,
            "steer": 0.0
        },
        {
            "throttle": 0.05025897009331908,
            "brake": 0.13306678801746022,
            "steer": 0.0
        },
        {
            "throttle": 0.04523307308398718,
            "brake": 0.1351450677889599,
            "steer": 0.0
        },
        {
            "throttle": 0.04070976577558846,
            "brake": 0.13701551958330963,
            "steer": 0.0
        },
        {
            "throttle": 0.03663878919802962,
            "brake": 0.13869892619822435,
            "steer": 0.0
        },
        {
            "throttle": 0.03297491027822666,
            "brake": 0.14021399215164762,
            "steer": 0.0
        },
        {
            "throttle": 0.029677419250403996,
            "brake": 0.14157755150972856,
            "steer": 0.0
        },
        {
            "throttle": 0.0267096773253636,
            "brake": 0.14280475493200143,
            "steer": 0.0
        },
        {
            "throttle": 0.02403870959282724,
            "brake": 0.143909238012047,
            "steer": 0.0
        },
        {
            "throttle": 0.021634838633544515,
            "brake": 0.14490327278408802,
            "steer": 0.0
        },
        {
            "throttle": 0.019471354770190064,
            "brake": 0.14579790407892493,
            "steer": 0.0
        },
        {
            "throttle": 0.017524219293171057,
            "brake": 0.14660307224427815,
            "steer": 0.0
        },
        {
            "throttle": 0.05613811624581407,
            "brake": 0.13194276501985033,
            "steer": 0.0
        },
        {
            "throttle": 0.0904466664810957,
            "brake": 0.1187484885178653,
            "steer": 0.0
        },
        {
            "throttle": 0.12070409921077287,
            "brake": 0.10687363966607878,
            "steer": 0.0
        },
        {
            "throttle": 0.10863368928969558,
            "brake": 0.1115712342727166,
            "steer": 0.0
        },
        {
            "throttle": 0.09777032036072603,
            "brake": 0.11579906941869066,
            "steer": 0.0
        },
        {
            "throttle": 0.08799328832465343,
            "brake": 0.11960412105006729,
            "steer": 0.0
        },
        {
            "throttle": 0.07919395949218809,
            "brake": 0.12302866751830627,
            "steer": 0.0
        },
        {
            "throttle": 0.07127456354296928,
            "brake": 0.12611075933972135,
            "steer": 0.0
        },
        {
            "throttle": 0.06414710718867235,
            "brake": 0.1288846419789949,
            "steer": 0.0
        },
        {
            "throttle": 0.05773239646980512,
            "brake": 0.13138113635434112,
            "steer": 0.0
        },
        {
            "throttle": 0.051959156822824606,
            "brake": 0.1336279812921527,
            "steer": 0.0
        },
        {
            "throttle": 0.046763241140542144,
            "brake": 0.13565014173618312,
            "steer": 0.0
        },
        {
            "throttle": 0.04208691702648793,
            "brake": 0.1374700861358105,
            "steer": 0.0
        },
        {
            "throttle": 0.03787822532383914,
            "brake": 0.13910803609547515,
            "steer": 0.0
        },
        {
            "throttle": 0.03409040279145523,
            "brake": 0.14058219105917333,
            "steer": 0.0
        },
        {
            "throttle": 0.030681362512309705,
            "brake": 0.1419089305265017,
            "steer": 0.0
        },
        {
            "throttle": 0.027613226261078736,
            "brake": 0.14310299604709723,
            "steer": 0.0
        },
        {
            "throttle": 0.024851903634970862,
            "brake": 0.1441776550156332,
            "steer": 0.0
        },
        {
            "throttle": 0.022366713271473777,
            "brake": 0.1451448480873156,
            "steer": 0.0
        },
        {
            "throttle": 0.0201300419443264,
            "brake": 0.14601532185182975,
            "steer": 0.0
        },
        {
            "throttle": 0.01811703774989376,
            "brake": 0.14679874823989247,
            "steer": 0.0
        },
        {
            "throttle": 0.016305333974904385,
            "brake": 0.14750383198914893,
            "steer": 0.0
        },
        {
            "throttle": 0.014674800577413947,
            "brake": 0.14813840736347975,
            "steer": 0.0
        },
        {
            "throttle": 0.013207320519672551,
            "brake": 0.14870952520037747,
            "steer": 0.0
        },
        {
            "throttle": 0.011886588467705296,
            "brake": 0.14922353125358542,
            "steer": 0.0
        },
        {
            "throttle": 0.010697929620934767,
            "brake": 0.1496861367014726,
            "steer": 0.0
        },
        {
            "throttle": 0.009628136658841291,
            "brake": 0.15010248160457104,
            "steer": 0.0
        },
        {
            "throttle": 0.008665322992957162,
            "brake": 0.15047719201735965,
            "steer": 0.0
        },
        {
            "throttle": 0.007798790693661446,
            "brake": 0.1508144313888694,
            "steer": 0.0
        },
        {
            "throttle": 0.007018911624295301,
            "brake": 0.15111794682322818,
            "steer": 0.0
        },
        {
            "throttle": 0.006317020461865771,
            "brake": 0.15139111071415107,
            "steer": 0.0
        },
        {
            "throttle": 0.005685318415679194,
            "brake": 0.15163695821598167,
            "steer": 0.0
        },
        {
            "throttle": 0.0452726409691115,
            "brake": 0.1364732623943835,
            "steer": 0.0
        },
        {
            "throttle": 0.08125653492028743,
            "brake": 0.12282593615494516,
            "steer": 0.0
        },
        {
            "throttle": 0.11380324178165803,
            "brake": 0.11054334253945065,
            "steer": 0.0
        },
        {
            "throttle": 0.14305750670534384,
            "brake": 0.0994890082855056,
            "steer": 0.0
        },
        {
            "throttle": 0.1691507419337323,
            "brake": 0.08954010745695504,
            "steer": 0.0
        },
        {
            "throttle": 0.15223566774035907,
            "brake": 0.09597105528450524,
            "steer": 0.0
        },
        {
            "throttle": 0.13701210096632316,
            "brake": 0.10175890832930042,
            "steer": 0.0
        },
        {
            "throttle": 0.12331089086969084,
            "brake": 0.10696797606961608,
            "steer": 0.0
        },
        {
            "throttle": 0.11097980178272175,
            "brake": 0.11165613703590019,
            "steer": 0.0
        },
        {
            "throttle": 0.09988182160444958,
            "brake": 0.11587548190555588,
            "steer": 0.0
        },
        {
            "throttle": 0.08989363944400462,
            "brake": 0.119672892288246,
            "steer": 0.0
        },
        {
            "throttle": 0.08090427549960416,
            "brake": 0.1230905616326671,
            "steer": 0.0
        },
        {
            "throttle": 0.07281384794964375,
            "brake": 0.1261664640426461,
            "steer": 0.0
        },
        {
            "throttle": 0.06553246315467938,
            "brake": 0.1289347762116272,
            "steer": 0.0
        },
        {
            "throttle": 0.058979216839211444,
            "brake": 0.13142625716371018,
            "steer": 0.0
        },
        {
            "throttle": 0.0530812951552903,
            "brake": 0.13366859002058487,
            "steer": 0.0
        },
        {
            "throttle": 0.04777316563976127,
            "brake": 0.13568668959177208,
            "steer": 0.0
        },
        {
            "throttle": 0.042995849075785145,
            "brake": 0.13750297920584056,
            "steer": 0.0
        },
        {
            "throttle": 0.03869626416820663,
            "brake": 0.13913763985850222,
            "steer": 0.0
        },
        {
            "throttle": 0.03482663775138597,
            "brake": 0.1406088344458977,
            "steer": 0.0
        },
        {
            "throttle": 0.03134397397624737,
            "brake": 0.14193290957455362,
            "steer": 0.0
        },
        {
            "throttle": 0.028209576578622636,
            "brake": 0.14312457719034397,
            "steer": 0.0
        },
        {
            "throttle": 0.025388618920760372,
            "brake": 0.14419707804455528,
            "steer": 0.0
        },
        {
            "throttle": 0.022849757028684334,
            "brake": 0.14516232881334545,
            "steer": 0.0
        },
        {
            "throttle": 0.020564781325815903,
            "brake": 0.1460310545052566,
            "steer": 0.0
        },
        {
            "throttle": 0.018508303193234314,
            "brake": 0.14681290762797666,
            "steer": 0.0
        },
        {
            "throttle": 0.016657472873910884,
            "brake": 0.1475165754384247,
            "steer": 0.0
        },
        {
            "throttle": 0.014991725586519795,
            "brake": 0.14814987646782793,
            "steer": 0.0
        },
        {
            "throttle": 0.013492553027867817,
            "brake": 0.14871984739429084,
            "steer": 0.0
        },
        {
            "throttle": 0.012143297725081036,
            "brake": 0.14923282122810747,
            "steer": 0.0
        },
        {
            "throttle": 0.010928967952572933,
            "brake": 0.14969449767854243,
            "steer": 0.0
        },
        {
            "throttle": 0.00983607115731564,
            "brake": 0.15011000648393388,
            "steer": 0.0
        },
        {
            "throttle": 0.008852464041584076,
            "brake": 0.1504839644087862,
            "steer": 0.0
        },
        {
            "throttle": 0.007967217637425668,
            "brake": 0.1508205265411533,
            "steer": 0.0
        },
        {
            "throttle": 0.04600646983075604,
            "brake": 0.13573847388703797,
            "steer": 0.0
        },
        {
            "throttle": 0.080962473366502,
            "brake": 0.12216462649833418,
            "steer": 0.0
        },
        {
            "throttle": 0.11297830097945691,
            "brake": 0.10994816384850076,
            "steer": 0.0
        },
        {
            "throttle": 0.14216593087747298,
            "brake": 0.09895334746365068,
            "steer": 0.0
        },
        {
            "throttle": 0.16861485818707656,
            "brake": 0.08905801271728561,
            "steer": 0.0
        },
        {
            "throttle": 0.1924001863423793,
            "brake": 0.08015221144555705,
            "steer": 0.0
        },
        {
            "throttle": 0.21359007382057277,
            "brake": 0.07213699030100135,
            "steer": 0.0
        },
        {
            "throttle": 0.23225241911552502,
            "brake": 0.06492329127090121,
            "steer": 0.0
        },
        {
            "throttle": 0.24846067906832678,
            "brake": 0.05843096214381109,
            "steer": 0.0
        },
        {
            "throttle": 0.2622987321505445,
            "brake": 0.05258786592942998,
            "steer": 0.0
        },
        {
            "throttle": 0.2738647184164581,
            "brake": 0.04732907933648699,
            "steer": 0.0
        },
        {
            "throttle": 0.28327381089940556,
            "brake": 0.04259617140283829,
            "steer": 0.0
        },
        {
            "throttle": 0.29065989844013684,
            "brake": 0.038336554262554466,
            "steer": 0.0
        },
        {
            "throttle": 0.2961761864610517,
            "brake": 0.03450289883629902,
            "steer": 0.0
        },
        {
            "throttle": 0.2999947491668079,
            "brake": 0.03105260895266912,
            "steer": 0.0
        },
        {
            "throttle": 0.302305093180233,
            "brake": 0.02794734805740221,
            "steer": 0.0
        },
        {
            "throttle": 0.30331181785358424,
            "brake": 0.025152613251661987,
            "steer": 0.0
        },
        {
            "throttle": 0.3032314806147472,
            "brake": 0.02263735192649579,
            "steer": 0.0
        },
        {
            "throttle": 0.302288795970699,
            "brake": 0.02037361673384621,
            "steer": 0.0
        },
        {
            "throttle": 0.3007123135422357,
            "brake": 0.01833625506046159,
            "steer": 0.0
        },
        {
            "throttle": 0.29872973320062557,
            "brake": 0.01650262955441543,
            "steer": 0.0
        },
        {
            "throttle": 0.2965630236008747,
            "brake": 0.014852366598973888,
            "steer": 0.0
        },
        {
            "throttle": 0.29442351387862015,
            "brake": 0.013367129939076499,
            "steer": 0.0
        },
        {
            "throttle": 0.2925071268659094,
            "brake": 0.01203041694516885,
            "steer": 0.0
        },
        {
            "throttle": 0.290989915903255,
            "brake": 0.010827375250651965,
            "steer": 0.0
        },
        {
            "throttle": 0.2900240563488806,
            "brake": 0.009744637725586768,
            "steer": 0.0
        },
        {
            "throttle": 0.2897344275227542,
            "brake": 0.008770173953028091,
            "steer": 0.0
        },
        {
            "throttle": 0.2902159015191685,
            "brake": 0.007893156557725283,
            "steer": 0.0
        },
        {
            "throttle": 0.2915314326445228,
            "brake": 0.007103840901952755,
            "steer": 0.0
        },
        {
            "throttle": 0.2937110158573888,
            "brake": 0.006393456811757479,
            "steer": 0.0
        },
        {
            "throttle": 0.29675155525986596,
            "brake": 0.005754111130581731,
            "steer": 0.0
        },
        {
            "throttle": 0.3006176552267986,
            "brake": 0.005178700017523559,
            "steer": 0.0
        },
        {
            "throttle": 0.30524331801226173,
            "brake": 0.004660830015771203,
            "steer": 0.0
        },
        {
            "throttle": 0.31053450350011647,
            "brake": 0.004194747014194083,
            "steer": 0.0
        },
        {
            "throttle": 0.3163724800102727,
            "brake": 0.0037752723127746747,
            "steer": 0.0
        },
        {
            "throttle": 0.3226178705354756,
            "brake": 0.003397745081497207,
            "steer": 0.0
        },
        {
            "throttle": 0.3291152771995863,
            "brake": 0.0030579705733474864,
            "steer": 0.0
        },
        {
            "throttle": 0.33569834874353094,
            "brake": 0.002752173516012738,
            "steer": 0.0
        },
        {
            "throttle": 0.34219514199727225,
            "brake": 0.0024769561644114643,
            "steer": 0.0
        },
        {
            "throttle": 0.34843361899876657,
            "brake": 0.002229260547970318,
            "steer": 0.0
        },
        {
            "throttle": 0.35424711695033917,
            "brake": 0.0020063344931732863,
            "steer": 0.0
        },
        {
            "throttle": 0.3594796286902364,
            "brake": 0.0018057010438559578,
            "steer": 0.0
        },
        {
            "throttle": 0.36399073678386396,
            "brake": 0.001625130939470362,
            "steer": 0.0
        },
        {
            "throttle": 0.36766005453803474,
            "brake": 0.0014626178455233259,
            "steer": 0.0
        },
        {
            "throttle": 0.37039104190118166,
            "brake": 0.0013163560609709933,
            "steer": 0.0
        },
        {
            "throttle": 0.3721140828871513,
            "brake": 0.001184720454873894,
            "steer": 0.0
        },
        {
            "throttle": 0.3727887332830384,
            "brake": 0.0010662484093865046,
            "steer": 0.0
        },
        {
            "throttle": 0.37240507230170083,
            "brake": 0.0009596235684478542,
            "steer": 0.0
        },
        {
            "throttle": 0.37098411876256465,
            "brake": 0.0008636612116030688,
            "steer": 0.0
        },
        {
            "throttle": 0.3685773005145798,
            "brake": 0.0007772950904427619,
            "steer": 0.0
        },
        {
            "throttle": 0.3652649943009188,
            "brake": 0.0006995655813984858,
            "steer": 0.0
        }
    ],
    "parameters": {
        "cloudiness": 40.75454617995269,
        "fog_density": 44.032796076981995,
        "initial_distance": 68.73936427017415,
        "initial_ego_velocity": 11.328756677650624,
        "initial_lead_velocity": 23.85117313735323,
        "lead_base_throttle": 0.34089105098961536,
        "lead_behavior_frequency": 0.27704219071233566,
        "lead_brake_duration": 29.947197163641015,
        "lead_brake_intensity": 0.15384958573245702,
        "lead_brake_probability": 0.2526104548095616,
        "lead_throttle_variation": 0.06592892208231507,
        "precipitation": 7.868293915138935,
        "precipitation_deposits": 22.109792342983468,
        "sun_altitude_angle": 43.93355430271993,
        "wind_intensity": 21.81591159346889
    },
    "config": {
        "num_timesteps": 200,
        "dt": 0.1,
        "seed": 81
    }
}