{
    "weather": {
        "cloudiness": 97.3788611998483,
        "precipitation": 90.01164694488348,
        "precipitation_deposits": 47.79073806660894,
        "wind_intensity": 18.132156844053128,
        "sun_altitude_angle": -5.810246136263743,
        "fog_density": 41.639025864241084,
        "fog_distance": 249.58205781914194,
        "wetness": 45.00582347244174
    },
    "initial_conditions": {
        "ego": {
            "position": {
                "x": 509.80238515367944,
                "y": 20.57,
                "z": 0.294
            },
            "yaw": 0.0,
            "velocity": 16.48109777493511
        },
        "lead": {
            "position": {
                "x": 484.88,
                "y": 20.57,
                "z": 0.294
            },
            "yaw": 0.0,
            "velocity": 19.003940753674144
        }
    },
    "ego": {
        "position": {
            "x": 509.80238515367944,
            "y": 20.57,
            "z": 0.294
        },
        "yaw": 0.0,
        "velocity": 16.48109777493511
    },
    "lead": {
        "position": {
            "x": 484.88,
            "y": 20.57,
            "z": 0.294
        },
        "yaw": 0.0,
        "velocity": 19.003940753674144
    },
    "ado_actions": [
        {
            "throttle": 0.3438201452256941,
            "brake": 0.0,
            "steer": 0.0
        },
        {
            "throttle": 0.3495598540487239,
            "brake": 0.0,
            "steer": 0.0
        },
        {
            "throttle": 0.36027609602234273,
            "brake": 0.0,
            "steer": 0.0
        },
        {
            "throttle": 0.3750990452318217,
            "brake": 0.0,
            "steer": 0.0
        },
        {
            "throttle": 0.33758914070863955,
            "brake": 0.023131515560139343,
            "steer": 0.0
        },
        {
            "throttle": 0.3038302266377756,
            "brake": 0.04394987956426476,
            "steer": 0.0
        },
        {
            "throttle": 0.273447203973998,
            "brake": 0.06268640716797763,
            "steer": 0.0
        },
        {
            "throttle": 0.24610248357659822,
            "brake": 0.07954928201131922,
            "steer": 0.0
        },
        {
            "throttle": 0.2214922352189384,
            "brake": 0.09472586937032665,
            "steer": 0.0
        },
        {
            "throttle": 0.19934301169704458,
            "brake": 0.10838479799343333,
            "steer": 0.0
        },
        {
            "throttle": 0.17940871052734012,
            "brake": 0.12067783375422934,
            "steer": 0.0
        },
        {
            "throttle": 0.1614678394746061,
            "brake": 0.13174156593894576,
            "steer": 0.0
        },
        {
            "throttle": 0.1453210555271455,
            "brake": 0.14169892490519054,
            "steer": 0.0
        },
        {
            "throttle": 0.13078894997443094,
            "brake": 0.15066054797481082,
            "steer": 0.0
        },
        {
            "throttle": 0.11771005497698785,
            "brake": 0.1587260087374691,
            "steer": 0.0
        },
        {
            "throttle": 0.15310354342893628,
            "brake": 0.1428534078637222,
            "steer": 0.0
        },
        {
            "throttle": 0.17949318641780698,
            "brake": 0.12856806707734997,
            "steer": 0.0
        },
        {
            "throttle": 0.1975381371932799,
            "brake": 0.11571126036961497,
            "steer": 0.0
        },
        {
            "throttle": 0.2080197183174473,
            "brake": 0.10414013433265348,
            "steer": 0.0
        },
        {
            "throttle": 0.2118309566695714,
            "brake": 0.09372612089938814,
            "steer": 0.0
        },
        {
            "throttle": 0.20996090714354443,
            "brake": 0.08435350880944933,
            "steer": 0.0
        },
        {
            "throttle": 0.2034744347011144,
            "brake": 0.0759181579285044,
            "steer": 0.0
        },
        {
            "throttle": 0.19348825886485221,
            "brake": 0.06832634213565396,
            "steer": 0.0
        },
        {
            "throttle": 0.181144174178846,
            "brake": 0.06149370792208857,
            "steer": 0.0
        },
        {
            "throttle": 0.1675804408715789,
            "brake": 0.05534433712987971,
            "steer": 0.0
        },
        {
            "throttle": 0.15390238912633714,
            "brake": 0.04980990341689174,
            "steer": 0.0
        },
        {
            "throttle": 0.14115329625507428,
            "brake": 0.044828913075202564,
            "steer": 0.0
        },
        {
            "throttle": 0.13028657804663638,
            "brake": 0.04034602176768231,
            "steer": 0.0
        },
        {
            "throttle": 0.12214028411348893,
            "brake": 0.03631141959091408,
            "steer": 0.0
        },
        {
            "throttle": 0.11741480379819125,
            "brake": 0.03268027763182267,
            "steer": 0.0
        },
        {
            "throttle": 0.11665457678526833,
            "brake": 0.029412249868640404,
            "steer": 0.0
        },
        {
            "throttle": 0.12023446462838855,
            "brake": 0.026471024881776363,
            "steer": 0.0
        },
        {
            "throttle": 0.12835128042798372,
            "brake": 0.023823922393598727,
            "steer": 0.0
        },
        {
            "throttle": 0.14102079906188164,
            "brake": 0.021441530154238855,
            "steer": 0.0
        },
        {
            "throttle": 0.1580803853910543,
            "brake": 0.01929737713881497,
            "steer": 0.0
        },
        {
            "throttle": 0.17919718878396632,
            "brake": 0.017367639424933475,
            "steer": 0.0
        },
        {
            "throttle": 0.20388166531587076,
            "brake": 0.01563087548244013,
            "steer": 0.0
        },
        {
            "throttle": 0.23150601022875694,
            "brake": 0.014067787934196116,
            "steer": 0.0
        },
        {
            "throttle": 0.2613269185415513,
            "brake": 0.012661009140776504,
            "steer": 0.0
        },
        {
            "throttle": 0.2925119464762022,
            "brake": 0.011394908226698855,
            "steer": 0.0
        },
        {
            "throttle": 0.32416862537229063,
            "brake": 0.01025541740402897,
            "steer": 0.0
        },
        {
            "throttle": 0.35537538696374515,
            "brake": 0.009229875663626073,
            "steer": 0.0
        },
        {
            "throttle": 0.3852132973221844,
            "brake": 0.008306888097263466,
            "steer": 0.0
        },
        {
            "throttle": 0.41279756844129156,
            "brake": 0.00747619928753712,
            "steer": 0.0
        },
        {
            "throttle": 0.4373078222607259,
            "brake": 0.0067285793587834085,
            "steer": 0.0
        },
        {
            "throttle": 0.45801612169768047,
            "brake": 0.006055721422905068,
            "steer": 0.0
        },
        {
            "throttle": 0.474311855643275,
            "brake": 0.005450149280614561,
            "steer": 0.0
        },
        {
            "throttle": 0.4857226674897248,
            "brake": 0.004905134352553105,
            "steer": 0.0
        },
        {
            "throttle": 0.49193074618804594,
            "brake": 0.004414620917297794,
            "steer": 0.0
        },
        {
            "throttle": 0.4927839508172824,
            "brake": 0.003973158825568015,
            "steer": 0.0
        },
        {
            "throttle": 0.48830140915506065,
            "brake": 0.0035758429430112135,
            "steer": 0.0
        },
        {
            "throttle": 0.4786734121790776,
            "brake": 0.003218258648710092,
            "steer": 0.0
        },
        {
            "throttle": 0.4642556138108924,
            "brake": 0.002896432783839083,
            "steer": 0.0
        },
        {
            "throttle": 0.44555773235303814,
            "brake": 0.0026067895054551747,
            "steer": 0.0
        },
        {
            "throttle": 0.42322713079260094,
            "brake": 0.002346110554909657,
            "steer": 0.0
        },
        {
            "throttle": 0.39802782148584903,
            "brake": 0.0021114994994186915,
            "steer": 0.0
        },
        {
            "throttle": 0.37081559114474044,
            "brake": 0.0019003495494768223,
            "steer": 0.0
        },
        {
            "throttle": 0.34251006955445207,
            "brake": 0.00171031459452914,
            "steer": 0.0
        },
        {
            "throttle": 0.31406466585399817,
            "brake": 0.001539283135076226,
            "steer": 0.0
        },
        {
            "throttle": 0.28643536619601206,
            "brake": 0.0013853548215686034,
            "steer": 0.0
        },
        {
            "throttle": 0.26054942385644037,
            "brake": 0.001246819339411743,
            "steer": 0.0
        },
        {
            "throttle": 0.23727497615908008,
            "brake": 0.0011221374054705686,
            "steer": 0.0
        },
        {
            "throttle": 0.21739259180218737,
            "brake": 0.001009923664923512,
            "steer": 0.0
        },
        {
            "throttle": 0.20156968833685865,
            "brake": 0.0009089312984311607,
            "steer": 0.0
        },
        {
            "throttle": 0.1903386647516205,
            "brake": 0.0008180381685880447,
            "steer": 0.0
        },
        {
            "throttle": 0.18407947148747578,
            "brake": 0.0007362343517292402,
            "steer": 0.0
        },
        {
            "throttle": 0.18300719378311736,
            "brake": 0.0006626109165563162,
            "steer": 0.0
        },
        {
            "throttle": 0.18716505885624946,
            "brake": 0.0005963498249006846,
            "steer": 0.0
        },
        {
            "throttle": 0.19642309851454082,
            "brake": 0.0005367148424106162,
            "steer": 0.0
        },
        {
            "throttle": 0.21048251225503886,
            "brake": 0.00048304335816955457,
            "steer": 0.0
        },
        {
            "throttle": 0.2288855879016608,
            "brake": 0.0004347390223525991,
            "steer": 0.0
        },
        {
            "throttle": 0.251030853543136,
            "brake": 0.0003912651201173392,
            "steer": 0.0
        },
        {
            "throttle": 0.27619296200944415,
            "brake": 0.0003521386081056053,
            "steer": 0.0
        },
        {
            "throttle": 0.3035466530496225,
            "brake": 0.0003169247472950448,
            "steer": 0.0
        },
        {
            "throttle": 0.27319198774466025,
            "brake": 0.023416747832704882,
            "steer": 0.0
        },
        {
            "throttle": 0.24587278897019424,
            "brake": 0.04420658860957374,
            "steer": 0.0
        },
        {
            "throttle": 0.22128551007317482,
            "brake": 0.0629174453087557,
            "steer": 0.0
        },
        {
            "throttle": 0.19915695906585734,
            "brake": 0.07975721633801948,
            "steer": 0.0
        },
        {
            "throttle": 0.1792412631592716,
            "brake": 0.09491301026435688,
            "steer": 0.0
        },
        {
            "throttle": 0.16131713684334445,
            "brake": 0.10855322479806054,
            "steer": 0.0
        },
        {
            "throttle": 0.14518542315901,
            "brake": 0.12082941787839382,
            "steer": 0.0
        },
        {
            "throttle": 0.130666880843109,
            "brake": 0.1318779916506938,
            "steer": 0.0
        },
        {
            "throttle": 0.11760019275879811,
            "brake": 0.14182170804576377,
            "steer": 0.0
        },
        {
            "throttle": 0.1058401734829183,
            "brake": 0.15077105280132674,
            "steer": 0.0
        },
        {
            "throttle": 0.09525615613462647,
            "brake": 0.1588254630813334,
            "steer": 0.0
        },
        {
            "throttle": 0.12809082482456258,
            "brake": 0.14294291677320006,
            "steer": 0.0
        },
        {
            "throttle": 0.15195505445297813,
            "brake": 0.12864862509588007,
            "steer": 0.0
        },
        {
            "throttle": 0.1676703581817479,
            "brake": 0.11578376258629207,
            "steer": 0.0
        },
        {
            "throttle": 0.176166054035948,
            "brake": 0.10420538632766287,
            "steer": 0.0
        },
        {
            "throttle": 0.1784647124769887,
            "brake": 0.09378484769489658,
            "steer": 0.0
        },
        {
            "throttle": 0.17566292180782292,
            "brake": 0.08440636292540692,
            "steer": 0.0
        },
        {
            "throttle": 0.16890816628064922,
            "brake": 0.07596572663286623,
            "steer": 0.0
        },
        {
            "throttle": 0.1593727238373226,
            "brake": 0.06836915396957961,
            "steer": 0.0
        },
        {
            "throttle": 0.14822557418444415,
            "brake": 0.061532238572621654,
            "steer": 0.0
        },
        {
            "throttle": 0.13660336046654684,
            "brake": 0.05537901471535949,
            "steer": 0.0
        },
        {
            "throttle": 0.12558146727453703,
            "brake": 0.049841113243823544,
            "steer": 0.0
        },
        {
            "throttle": 0.11614626334040153,
            "brake": 0.04485700191944119,
            "steer": 0.0
        },
        {
            "throttle": 0.10916950938013273,
            "brake": 0.040371301727497075,
            "steer": 0.0
        },
        {
            "throttle": 0.10538585162797424,
            "brake": 0.03633417155474737,
            "steer": 0.0
        },
        {
            "throttle": 0.10537421219594269,
            "brake": 0.032700754399272634,
            "steer": 0.0
        },
        {
            "throttle": 0.10954375201425579,
            "brake": 0.029430678959345372,
            "steer": 0.0
        },
        {
            "throttle": 0.11812492514650999,
            "brake": 0.026487611063410837,
            "steer": 0.0
        },
        {
            "throttle": 0.13116596983309226,
            "brake": 0.023838849957069752,
            "steer": 0.0
        },
        {
            "throttle": 0.14853499735239334,
            "brake": 0.021454964961362778,
            "steer": 0.0
        },
        {
            "throttle": 0.16992765071995125,
            "brake": 0.0193094684652265,
            "steer": 0.0
        },
        {
            "throttle": 0.19488011755274764,
            "brake": 0.01737852161870385,
            "steer": 0.0
        },
        {
            "throttle": 0.22278710125122225,
            "brake": 0.015640669456833466,
            "steer": 0.0
        },
        {
            "throttle": 0.20050839112610003,
            "brake": 0.03720811807128946,
            "steer": 0.0
        },
        {
            "throttle": 0.18045755201349004,
            "brake": 0.05661882182429986,
            "steer": 0.0
        },
        {
            "throttle": 0.16241179681214105,
            "brake": 0.07408845520200921,
            "steer": 0.0
        },
        {
            "throttle": 0.14617061713092694,
            "brake": 0.08981112524194763,
            "steer": 0.0
        },
        {
            "throttle": 0.13155355541783426,
            "brake": 0.10396152827789222,
            "steer": 0.0
        },
        {
            "throttle": 0.11839819987605084,
            "brake": 0.11669689101024235,
            "steer": 0.0
        },
        {
            "throttle": 0.10655837988844576,
            "brake": 0.12815871746935747,
            "steer": 0.0
        },
        {
            "throttle": 0.09590254189960118,
            "brake": 0.13847436128256108,
            "steer": 0.0
        },
        {
            "throttle": 0.08631228770964107,
            "brake": 0.14775844071444433,
            "steer": 0.0
        },
        {
            "throttle": 0.07768105893867697,
            "brake": 0.15611411220313925,
            "steer": 0.0
        },
        {
            "throttle": 0.06991295304480927,
            "brake": 0.16363421654296467,
            "steer": 0.0
        },
        {
            "throttle": 0.11355603854550256,
            "brake": 0.1472707948886682,
            "steer": 0.0
        },
        {
            "throttle": 0.1476365394662349,
            "brake": 0.1325437153998014,
            "steer": 0.0
        },
        {
            "throttle": 0.17274632525313535,
            "brake": 0.11928934385982126,
            "steer": 0.0
        },
        {
            "throttle": 0.18960144709492763,
            "brake": 0.10736040947383914,
            "steer": 0.0
        },
        {
            "throttle": 0.19903568693508947,
            "brake": 0.09662436852645523,
            "steer": 0.0
        },
        {
            "throttle": 0.2019885102811315,
            "brake": 0.08696193167380971,
            "steer": 0.0
        },
        {
            "throttle": 0.1994879914672662,
            "brake": 0.07826573850642873,
            "steer": 0.0
        },
        {
            "throttle": 0.19262942860263607,
            "brake": 0.07043916465578587,
            "steer": 0.0
        },
        {
            "throttle": 0.18255049208549926,
            "brake": 0.06339524819020728,
            "steer": 0.0
        },
        {
            "throttle": 0.17040385093795155,
            "brake": 0.057055723371186556,
            "steer": 0.0
        },
        {
            "throttle": 0.1573282918527659,
            "brake": 0.051350151034067905,
            "steer": 0.0
        },
        {
            "throttle": 0.14441938427632048,
            "brake": 0.046215135930661115,
            "steer": 0.0
        },
        {
            "throttle": 0.13270074968742793,
            "brake": 0.041593622337595004,
            "steer": 0.0
        },
        {
            "throttle": 0.12309696419922264,
            "brake": 0.03743426010383551,
            "steer": 0.0
        },
        {
            "throttle": 0.11640906156585616,
            "brake": 0.03369083409345196,
            "steer": 0.0
        },
        {
            "throttle": 0.11329351057171552,
            "brake": 0.030321750684106762,
            "steer": 0.0
        },
        {
            "throttle": 0.11424541960526667,
            "brake": 0.027289575615696088,
            "steer": 0.0
        },
        {
            "throttle": 0.11958657589305441,
            "brake": 0.02456061805412648,
            "steer": 0.0
        },
        {
            "throttle": 0.12945876211597818,
            "brake": 0.02210455624871383,
            "steer": 0.0
        },
        {
            "throttle": 0.14382261432085786,
            "brake": 0.019894100623842448,
            "steer": 0.0
        },
        {
            "throttle": 0.16246209801597822,
            "brake": 0.017904690561458204,
            "steer": 0.0
        },
        {
            "throttle": 0.1849944902164099,
            "brake": 0.016114221505312384,
            "steer": 0.0
        },
        {
            "throttle": 0.21088557017412676,
            "brake": 0.014502799354781146,
            "steer": 0.0
        },
        {
            "throttle": 0.23946954664942613,
            "brake": 0.013052519419303032,
            "steer": 0.0
        },
        {
            "throttle": 0.2699730905833178,
            "brake": 0.011747267477372729,
            "steer": 0.0
        },
        {
            "throttle": 0.30154270412479145,
            "brake": 0.010572540729635456,
            "steer": 0.0
        },
        {
            "throttle": 0.33327454466954975,
            "brake": 0.00951528665667191,
            "steer": 0.0
        },
        {
            "throttle": 0.3642457395539471,
            "brake": 0.00856375799100472,
            "steer": 0.0
        },
        {
            "throttle": 0.3935461760327774,
            "brake": 0.007707382191904247,
            "steer": 0.0
        },
        {
            "throttle": 0.42030973381303044,
            "brake": 0.006936643972713823,
            "steer": 0.0
        },
        {
            "throttle": 0.44374394427115715,
            "brake": 0.00624297957544244,
            "steer": 0.0
        },
        {
            "throttle": 0.46315711097623213,
            "brake": 0.0056186816178981965,
            "steer": 0.0
        },
        {
            "throttle": 0.47798200859595646,
            "brake": 0.005056813456108377,
            "steer": 0.0
        },
        {
            "throttle": 0.4877953889449701,
            "brake": 0.004551132110497539,
            "steer": 0.0
        },
        {
            "throttle": 0.4923326601516115,
            "brake": 0.004096018899447785,
            "steer": 0.0
        },
        {
            "throttle": 0.49149726313574965,
            "brake": 0.003686417009503007,
            "steer": 0.0
        },
        {
            "throttle": 0.4853644435811705,
            "brake": 0.003317775308552706,
            "steer": 0.0
        },
        {
            "throttle": 0.47417930160678223,
            "brake": 0.0029859977776974357,
            "steer": 0.0
        },
        {
            "throttle": 0.4583491893174454,
            "brake": 0.002687397999927692,
            "steer": 0.0
        },
        {
            "throttle": 0.43843071214375656,
            "brake": 0.002418658199934923,
            "steer": 0.0
        },
        {
            "throttle": 0.415111767231702,
            "brake": 0.0021767923799414306,
            "steer": 0.0
        },
        {
            "throttle": 0.3891892152655982,
            "brake": 0.0019591131419472874,
            "steer": 0.0
        },
        {
            "throttle": 0.3615429256186579,
            "brake": 0.0017632018277525588,
            "steer": 0.0
        },
        {
            "throttle": 0.33310705388936523,
            "brake": 0.001586881644977303,
            "steer": 0.0
        },
        {
            "throttle": 0.30483950176618785,
            "brake": 0.0014281934804795727,
            "steer": 0.0
        },
        {
            "throttle": 0.27769056876819903,
            "brake": 0.0012853741324316155,
            "steer": 0.0
        },
        {
            "throttle": 0.25257183176662085,
            "brake": 0.001156836719188454,
            "steer": 0.0
        },
        {
            "throttle": 0.23032628043015257,
            "brake": 0.0010411530472696088,
            "steer": 0.0
        },
        {
            "throttle": 0.2117006951082677,
            "brake": 0.0009370377425426479,
            "steer": 0.0
        },
        {
            "throttle": 0.1973211795411701,
            "brake": 0.0008433339682883831,
            "steer": 0.0
        },
        {
            "throttle": 0.18767265660400137,
            "brake": 0.0007590005714595448,
            "steer": 0.0
        },
        {
            "throttle": 0.1830830044883731,
            "brake": 0.0006831005143135904,
            "steer": 0.0
        },
        {
            "throttle": 0.18371235760637958,
            "brake": 0.0006147904628822314,
            "steer": 0.0
        },
        {
            "throttle": 0.18954792611666876,
            "brake": 0.0005533114165940082,
            "steer": 0.0
        },
        {
            "throttle": 0.20040450593403814,
            "brake": 0.0004979802749346074,
            "steer": 0.0
        },
        {
            "throttle": 0.2159306633927619,
            "brake": 0.00044818224744114666,
            "steer": 0.0
        },
        {
            "throttle": 0.2356203915753296,
            "brake": 0.000403364022697032,
            "steer": 0.0
        },
        {
            "throttle": 0.25882985486091364,
            "brake": 0.0003630276204273288,
            "steer": 0.0
        },
        {
            "throttle": 0.2847986704393335,
            "brake": 0.0003267248583845959,
            "steer": 0.0
        },
        {
            "throttle": 0.31267502590733504,
            "brake": 0.0002940523725461363,
            "steer": 0.0
        },
        {
            "throttle": 0.34154380554625174,
            "brake": 0.0002646471352915227,
            "steer": 0.0
        },
        {
            "throttle": 0.37045679864340203,
            "brake": 0.00023818242176237042,
            "steer": 0.0
        },
        {
            "throttle": 0.3984639945345128,
            "brake": 0.00021436417958613338,
            "steer": 0.0
        },
        {
            "throttle": 0.42464493317461166,
            "brake": 0.00019292776162752005,
            "steer": 0.0
        },
        {
            "throttle": 0.44813907817209686,
            "brake": 0.00017363498546476804,
            "steer": 0.0
        },
        {
            "throttle": 0.46817421140633914,
            "brake": 0.00015627148691829123,
            "steer": 0.0
        },
        {
            "throttle": 0.484091913531794,
            "brake": 0.0001406443382264621,
            "steer": 0.0
        },
        {
            "throttle": 0.49536929070213986,
            "brake": 0.0001265799044038159,
            "steer": 0.0
        },
        {
            "throttle": 0.5016362315604904,
            "brake": 0.00011392191396343431,
            "steer": 0.0
        },
        {
            "throttle": 0.5026876258578707,
            "brake": 0.00010252972256709088,
            "steer": 0.0
        },
        {
            "throttle": 0.4984901421254681,
            "brake": 9.22767503103818e-05,
            "steer": 0.0
        },
        {
            "throttle": 0.4891833411622665,
            "brake": 8.304907527934363e-05,
            "steer": 0.0
        },
        {
            "throttle": 0.47507508879667365,
            "brake": 7.474416775140927e-05,
            "steer": 0.0
        },
        {
            "throttle": 0.45663141928411755,
            "brake": 6.726975097626835e-05,
            "steer": 0.0
        },
        {
            "throttle": 0.4344611836180801,
            "brake": 6.054277587864152e-05,
            "steer": 0.0
        },
        {
            "throttle": 0.4092959889298122,
            "brake": 5.4488498290777364e-05,
            "steer": 0.0
        },
        {
            "throttle": 0.3819660903654302,
            "brake": 4.903964846169963e-05,
            "steer": 0.0
        },
        {
            "throttle": 0.3533730302416078,
            "brake": 4.4135683615529666e-05,
            "steer": 0.0
        },
        {
            "throttle": 0.32445992649469246,
            "brake": 3.97221152539767e-05,
            "steer": 0.0
        },
        {
            "throttle": 0.2961803899184867,
            "brake": 3.574990372857903e-05,
            "steer": 0.0
        },
        {
            "throttle": 0.2694670948789527,
            "brake": 3.217491335572113e-05,
            "steer": 0.0
        },
        {
            "throttle": 0.2452010396098969,
            "brake": 2.8957422020149015e-05,
            "steer": 0.0
        }
    ],
    "parameters": {
        "cloudiness": 97.3788611998483,
        "fog_density": 41.639025864241084,
        "initial_distance": 24.92238515367947,
        "initial_ego_velocity": 16.48109777493511,
        "initial_lead_velocity": 19.003940753674144,
        "lead_base_throttle": 0.3438201452256941,
        "lead_behavior_frequency": 0.2893607238651697,
        "lead_brake_duration": 11.432789417394854,
        "lead_brake_intensity": 0.23131515560139343,
        "lead_brake_probability": 0.09364003570210501,
        "lead_throttle_variation": 0.31744293262054873,
        "precipitation": 90.01164694488348,
        "precipitation_deposits": 47.79073806660894,
        "sun_altitude_angle": -5.810246136263743,
        "wind_intensity": 18.132156844053128
    },
    "config": {
        "num_timesteps": 200,
        "dt": 0.1,
        "seed": 54
    }
}