{
    "weather": {
        "cloudiness": 46.52045645711363,
        "precipitation": 14.943937128695117,
        "precipitation_deposits": 99.03074068661287,
        "wind_intensity": 10.727950382353402,
        "sun_altitude_angle": 19.59821490626485,
        "fog_density": 60.85748521106872,
        "fog_distance": 131.52177649279218,
        "wetness": 7.471968564347558
    },
    "initial_conditions": {
        "ego": {
            "position": {
                "x": 545.8673750997907,
                "y": 20.57,
                "z": 0.294
            },
            "yaw": 0.0,
            "velocity": 19.35298168455406
        },
        "lead": {
            "position": {
                "x": 484.88,
                "y": 20.57,
                "z": 0.294
            },
            "yaw": 0.0,
            "velocity": 23.77685199285883
        }
    },
    "ego": {
        "position": {
            "x": 545.8673750997907,
            "y": 20.57,
            "z": 0.294
        },
        "yaw": 0.0,
        "velocity": 19.35298168455406
    },
    "lead": {
        "position": {
            "x": 484.88,
            "y": 20.57,
            "z": 0.294
        },
        "yaw": 0.0,
        "velocity": 23.77685199285883
    },
    "ado_actions": [
        {
            "throttle": 0.22832820856793826,
            "brake": 0.0,
            "steer": 0.0
        },
        {
            "throttle": 0.2347210600408919,
            "brake": 0.0,
            "steer": 0.0
        },
        {
            "throttle": 0.24664420241611734,
            "brake": 0.0,
            "steer": 0.0
        },
        {
            "throttle": 0.2631058538283979,
            "brake": 0.0,
            "steer": 0.0
        },
        {
            "throttle": 0.28301325703714253,
            "brake": 0.0,
            "steer": 0.0
        },
        {
            "throttle": 0.3052050912760068,
            "brake": 0.0,
            "steer": 0.0
        },
        {
            "throttle": 0.3284868540948279,
            "brake": 0.0,
            "steer": 0.0
        },
        {
            "throttle": 0.3516679199192332,
            "brake": 0.0,
            "steer": 0.0
        },
        {
            "throttle": 0.3735989292461498,
            "brake": 0.0,
            "steer": 0.0
        },
        {
            "throttle": 0.3932081560239314,
            "brake": 0.0,
            "steer": 0.0
        },
        {
            "throttle": 0.4095355411139203,
            "brake": 0.0,
            "steer": 0.0
        },
        {
            "throttle": 0.42176316543857784,
            "brake": 0.0,
            "steer": 0.0
        },
        {
            "throttle": 0.42924106454300714,
            "brake": 0.0,
            "steer": 0.0
        },
        {
            "throttle": 0.43150745239896227,
            "brake": 0.0,
            "steer": 0.0
        },
        {
            "throttle": 0.4283026205997687,
            "brake": 0.0,
            "steer": 0.0
        },
        {
            "throttle": 0.4195760027385005,
            "brake": 0.0,
            "steer": 0.0
        },
        {
            "throttle": 0.4054861349498909,
            "brake": 0.0,
            "steer": 0.0
        },
        {
            "throttle": 0.38639349393263633,
            "brake": 0.0,
            "steer": 0.0
        },
        {
            "throttle": 0.36284644453456166,
            "brake": 0.0,
            "steer": 0.0
        },
        {
            "throttle": 0.3355607714426432,
            "brake": 0.0,
            "steer": 0.0
        },
        {
            "throttle": 0.30539349522510445,
            "brake": 0.0,
            "steer": 0.0
        },
        {
            "throttle": 0.27485414570259403,
            "brake": 0.0,
            "steer": 0.0
        },
        {
            "throttle": 0.24736873113233462,
            "brake": 0.0,
            "steer": 0.0
        },
        {
            "throttle": 0.22263185801910115,
            "brake": 0.0,
            "steer": 0.0
        },
        {
            "throttle": 0.20036867221719104,
            "brake": 0.0,
            "steer": 0.0
        },
        {
            "throttle": 0.18033180499547194,
            "brake": 0.0,
            "steer": 0.0
        },
        {
            "throttle": 0.16229862449592475,
            "brake": 0.0,
            "steer": 0.0
        },
        {
            "throttle": 0.1460687620463323,
            "brake": 0.0,
            "steer": 0.0
        },
        {
            "throttle": 0.13146188584169907,
            "brake": 0.0,
            "steer": 0.0
        },
        {
            "throttle": 0.11831569725752916,
            "brake": 0.0,
            "steer": 0.0
        },
        {
            "throttle": 0.10802268800779548,
            "brake": 0.0,
            "steer": 0.0
        },
        {
            "throttle": 0.10414779878638164,
            "brake": 0.0,
            "steer": 0.0
        },
        {
            "throttle": 0.10660472778029695,
            "brake": 0.0,
            "steer": 0.0
        },
        {
            "throttle": 0.11510819292840363,
            "brake": 0.0,
            "steer": 0.0
        },
        {
            "throttle": 0.12918167927033558,
            "brake": 0.0,
            "steer": 0.0
        },
        {
            "throttle": 0.14817208689195563,
            "brake": 0.0,
            "steer": 0.0
        },
        {
            "throttle": 0.17127074571266293,
            "brake": 0.0,
            "steer": 0.0
        },
        {
            "throttle": 0.1975400432092,
            "brake": 0.0,
            "steer": 0.0
        },
        {
            "throttle": 0.22594471712905434,
            "brake": 0.0,
            "steer": 0.0
        },
        {
            "throttle": 0.255386704113325,
            "brake": 0.0,
            "steer": 0.0
        },
        {
            "throttle": 0.2847423125716774,
            "brake": 0.0,
            "steer": 0.0
        },
        {
            "throttle": 0.31290040842980915,
            "brake": 0.0,
            "steer": 0.0
        },
        {
            "throttle": 0.33880026830320353,
            "brake": 0.0,
            "steer": 0.0
        },
        {
            "throttle": 0.3614677674442125,
            "brake": 0.0,
            "steer": 0.0
        },
        {
            "throttle": 0.38004862902895065,
            "brake": 0.0,
            "steer": 0.0
        },
        {
            "throttle": 0.3938375649395959,
            "brake": 0.0,
            "steer": 0.0
        },
        {
            "throttle": 0.4023022825491434,
            "brake": 0.0,
            "steer": 0.0
        },
        {
            "throttle": 0.4051015120974039,
            "brake": 0.0,
            "steer": 0.0
        },
        {
            "throttle": 0.4020964187781595,
            "brake": 0.0,
            "steer": 0.0
        },
        {
            "throttle": 0.39335499532758017,
            "brake": 0.0,
            "steer": 0.0
        },
        {
            "throttle": 0.3791492766289495,
            "brake": 0.0,
            "steer": 0.0
        },
        {
            "throttle": 0.35994546905256775,
            "brake": 0.0,
            "steer": 0.0
        },
        {
            "throttle": 0.3363873351645413,
            "brake": 0.0,
            "steer": 0.0
        },
        {
            "throttle": 0.309273410410467,
            "brake": 0.0,
            "steer": 0.0
        },
        {
            "throttle": 0.2795288441728306,
            "brake": 0.0,
            "steer": 0.0
        },
        {
            "throttle": 0.25157595975554753,
            "brake": 0.0,
            "steer": 0.0
        },
        {
            "throttle": 0.22641836377999278,
            "brake": 0.0,
            "steer": 0.0
        },
        {
            "throttle": 0.2037765274019935,
            "brake": 0.0,
            "steer": 0.0
        },
        {
            "throttle": 0.18339887466179416,
            "brake": 0.030211018720977673,
            "steer": 0.0
        },
        {
            "throttle": 0.16505898719561476,
            "brake": 0.05740093556985758,
            "steer": 0.0
        },
        {
            "throttle": 0.14855308847605328,
            "brake": 0.0818718607338495,
            "steer": 0.0
        },
        {
            "throttle": 0.13369777962844795,
            "brake": 0.10389569338144222,
            "steer": 0.0
        },
        {
            "throttle": 0.12032800166560316,
            "brake": 0.12371714276427567,
            "steer": 0.0
        },
        {
            "throttle": 0.10829520149904284,
            "brake": 0.14155644720882576,
            "steer": 0.0
        },
        {
            "throttle": 0.09746568134913856,
            "brake": 0.15761182120892087,
            "steer": 0.0
        },
        {
            "throttle": 0.08771911321422471,
            "brake": 0.17206165780900645,
            "steer": 0.0
        },
        {
            "throttle": 0.07894720189280224,
            "brake": 0.18506651074908348,
            "steer": 0.0
        },
        {
            "throttle": 0.07105248170352202,
            "brake": 0.1967708783951528,
            "steer": 0.0
        },
        {
            "throttle": 0.06394723353316982,
            "brake": 0.2073048092766152,
            "steer": 0.0
        },
        {
            "throttle": 0.05755251017985284,
            "brake": 0.21678534706993136,
            "steer": 0.0
        },
        {
            "throttle": 0.05179725916186756,
            "brake": 0.2253178310839159,
            "steer": 0.0
        },
        {
            "throttle": 0.046617533245680805,
            "brake": 0.232997066696502,
            "steer": 0.0
        },
        {
            "throttle": 0.041955779921112726,
            "brake": 0.23990837874782947,
            "steer": 0.0
        },
        {
            "throttle": 0.03776020192900145,
            "brake": 0.2461285595940242,
            "steer": 0.0
        },
        {
            "throttle": 0.03398418173610131,
            "brake": 0.25172672235559945,
            "steer": 0.0
        },
        {
            "throttle": 0.030585763562491177,
            "brake": 0.2567650688410172,
            "steer": 0.0
        },
        {
            "throttle": 0.08458849009276648,
            "brake": 0.23108856195691546,
            "steer": 0.0
        },
        {
            "throttle": 0.1320390024751428,
            "brake": 0.20797970576122393,
            "steer": 0.0
        },
        {
            "throttle": 0.17243729763290927,
            "brake": 0.18718173518510153,
            "steer": 0.0
        },
        {
            "throttle": 0.20541395240451574,
            "brake": 0.16846356166659138,
            "steer": 0.0
        },
        {
            "throttle": 0.23075459837954115,
            "brake": 0.15161720549993224,
            "steer": 0.0
        },
        {
            "throttle": 0.2484178240803118,
            "brake": 0.13645548494993903,
            "steer": 0.0
        },
        {
            "throttle": 0.25854599496561637,
            "brake": 0.12280993645494513,
            "steer": 0.0
        },
        {
            "throttle": 0.23269139546905473,
            "brake": 0.14073996153042828,
            "steer": 0.0
        },
        {
            "throttle": 0.20942225592214928,
            "brake": 0.15687698409836312,
            "steer": 0.0
        },
        {
            "throttle": 0.18848003032993435,
            "brake": 0.1714003044095045,
            "steer": 0.0
        },
        {
            "throttle": 0.1696320272969409,
            "brake": 0.18447129268953172,
            "steer": 0.0
        },
        {
            "throttle": 0.1526688245672468,
            "brake": 0.19623518214155622,
            "steer": 0.0
        },
        {
            "throttle": 0.13740194211052215,
            "brake": 0.20682268264837828,
            "steer": 0.0
        },
        {
            "throttle": 0.12366174789946993,
            "brake": 0.21635143310451813,
            "steer": 0.0
        },
        {
            "throttle": 0.11129557310952294,
            "brake": 0.224927308515044,
            "steer": 0.0
        },
        {
            "throttle": 0.10016601579857065,
            "brake": 0.2326455963845173,
            "steer": 0.0
        },
        {
            "throttle": 0.09014941421871359,
            "brake": 0.23959205546704324,
            "steer": 0.0
        },
        {
            "throttle": 0.08113447279684223,
            "brake": 0.24584386864131658,
            "steer": 0.0
        },
        {
            "throttle": 0.07302102551715801,
            "brake": 0.2514705004981626,
            "steer": 0.0
        },
        {
            "throttle": 0.06571892296544221,
            "brake": 0.256534469169324,
            "steer": 0.0
        },
        {
            "throttle": 0.05914703066889799,
            "brake": 0.26109204097336924,
            "steer": 0.0
        },
        {
            "throttle": 0.05323232760200819,
            "brake": 0.26519385559701003,
            "steer": 0.0
        },
        {
            "throttle": 0.04790909484180737,
            "brake": 0.2688854887582867,
            "steer": 0.0
        },
        {
            "throttle": 0.04311818535762664,
            "brake": 0.2722079586034357,
            "steer": 0.0
        },
        {
            "throttle": 0.038806366821863975,
            "brake": 0.2751981814640698,
            "steer": 0.0
        },
        {
            "throttle": 0.05959065864855835,
            "brake": 0.24767836331766285,
            "steer": 0.0
        },
        {
            "throttle": 0.0846482834096749,
            "brake": 0.22291052698589658,
            "steer": 0.0
        },
        {
            "throttle": 0.11326607964958352,
            "brake": 0.20061947428730692,
            "steer": 0.0
        },
        {
            "throttle": 0.10193947168462517,
            "brake": 0.2107685455795539,
            "steer": 0.0
        },
        {
            "throttle": 0.09174552451616265,
            "brake": 0.2199027097425762,
            "steer": 0.0
        },
        {
            "throttle": 0.08257097206454639,
            "brake": 0.22812345748929624,
            "steer": 0.0
        },
        {
            "throttle": 0.07431387485809175,
            "brake": 0.2355221304613443,
            "steer": 0.0
        },
        {
            "throttle": 0.06688248737228258,
            "brake": 0.24218093613618755,
            "steer": 0.0
        },
        {
            "throttle": 0.060194238635054326,
            "brake": 0.24817386124354646,
            "steer": 0.0
        },
        {
            "throttle": 0.054174814771548896,
            "brake": 0.2535674938401695,
            "steer": 0.0
        },
        {
            "throttle": 0.04875733329439401,
            "brake": 0.2584217631771303,
            "steer": 0.0
        },
        {
            "throttle": 0.04388159996495461,
            "brake": 0.2627906055803949,
            "steer": 0.0
        },
        {
            "throttle": 0.03949343996845915,
            "brake": 0.2667225637433331,
            "steer": 0.0
        },
        {
            "throttle": 0.03554409597161324,
            "brake": 0.27026132608997744,
            "steer": 0.0
        },
        {
            "throttle": 0.03198968637445192,
            "brake": 0.27344621220195736,
            "steer": 0.0
        },
        {
            "throttle": 0.028790717737006727,
            "brake": 0.2763126097027393,
            "steer": 0.0
        },
        {
            "throttle": 0.025911645963306053,
            "brake": 0.27889236745344304,
            "steer": 0.0
        },
        {
            "throttle": 0.023320481366975447,
            "brake": 0.2812141494290764,
            "steer": 0.0
        },
        {
            "throttle": 0.0209884332302779,
            "brake": 0.2833037532071464,
            "steer": 0.0
        },
        {
            "throttle": 0.018889589907250114,
            "brake": 0.28518439660740946,
            "steer": 0.0
        },
        {
            "throttle": 0.0170006309165251,
            "brake": 0.28687697566764625,
            "steer": 0.0
        },
        {
            "throttle": 0.015300567824872591,
            "brake": 0.25818927810088166,
            "steer": 0.0
        },
        {
            "throttle": 0.013770511042385332,
            "brake": 0.2323703502907935,
            "steer": 0.0
        },
        {
            "throttle": 0.012393459938146799,
            "brake": 0.23934433398269184,
            "steer": 0.0
        },
        {
            "throttle": 0.01115411394433212,
            "brake": 0.24562091930540034,
            "steer": 0.0
        },
        {
            "throttle": 0.010038702549898908,
            "brake": 0.25126984609583797,
            "steer": 0.0
        },
        {
            "throttle": 0.009034832294909017,
            "brake": 0.2563538802072318,
            "steer": 0.0
        },
        {
            "throttle": 0.008131349065418115,
            "brake": 0.2609295109074863,
            "steer": 0.0
        },
        {
            "throttle": 0.007318214158876304,
            "brake": 0.2650475785377153,
            "steer": 0.0
        },
        {
            "throttle": 0.006586392742988673,
            "brake": 0.2687538394049215,
            "steer": 0.0
        },
        {
            "throttle": 0.005927753468689806,
            "brake": 0.272089474185407,
            "steer": 0.0
        },
        {
            "throttle": 0.005334978121820825,
            "brake": 0.275091545487844,
            "steer": 0.0
        },
        {
            "throttle": 0.004801480309638743,
            "brake": 0.2777934096600373,
            "steer": 0.0
        },
        {
            "throttle": 0.0043213322786748685,
            "brake": 0.2802250874150113,
            "steer": 0.0
        },
        {
            "throttle": 0.0038891990508073816,
            "brake": 0.2824135973944878,
            "steer": 0.0
        },
        {
            "throttle": 0.0035002791457266437,
            "brake": 0.2843832563760167,
            "steer": 0.0
        },
        {
            "throttle": 0.0031502512311539794,
            "brake": 0.2861559494593927,
            "steer": 0.0
        },
        {
            "throttle": 0.0028352261080385817,
            "brake": 0.2877513732344311,
            "steer": 0.0
        },
        {
            "throttle": 0.0025517034972347237,
            "brake": 0.2891872546319657,
            "steer": 0.0
        },
        {
            "throttle": 0.0022965331475112514,
            "brake": 0.29047954788974684,
            "steer": 0.0
        },
        {
            "throttle": 0.0020668798327601262,
            "brake": 0.2916426118217499,
            "steer": 0.0
        },
        {
            "throttle": 0.05877337822726819,
            "brake": 0.2624783506395749,
            "steer": 0.0
        },
        {
            "throttle": 0.11002490804025616,
            "brake": 0.23623051557561744,
            "steer": 0.0
        },
        {
            "throttle": 0.1551691494126498,
            "brake": 0.2126074640180557,
            "steer": 0.0
        },
        {
            "throttle": 0.1936533163335147,
            "brake": 0.19134671761625013,
            "steer": 0.0
        },
        {
            "throttle": 0.2250548399371617,
            "brake": 0.17221204585462513,
            "steer": 0.0
        },
        {
            "throttle": 0.24910636618227183,
            "brake": 0.15499084126916263,
            "steer": 0.0
        },
        {
            "throttle": 0.2657143086172695,
            "brake": 0.13949175714224638,
            "steer": 0.0
        },
        {
            "throttle": 0.274970410653108,
            "brake": 0.12554258142802174,
            "steer": 0.0
        },
        {
            "throttle": 0.2771560056740195,
            "brake": 0.11298832328521957,
            "steer": 0.0
        },
        {
            "throttle": 0.24944040510661755,
            "brake": 0.1319005096776753,
            "steer": 0.0
        },
        {
            "throttle": 0.2244963645959558,
            "brake": 0.14892147743088546,
            "steer": 0.0
        },
        {
            "throttle": 0.2020467281363602,
            "brake": 0.1642403484087746,
            "steer": 0.0
        },
        {
            "throttle": 0.18184205532272418,
            "brake": 0.17802733228887482,
            "steer": 0.0
        },
        {
            "throttle": 0.16365784979045178,
            "brake": 0.19043561778096502,
            "steer": 0.0
        },
        {
            "throttle": 0.1472920648114066,
            "brake": 0.2016030747238462,
            "steer": 0.0
        },
        {
            "throttle": 0.13256285833026596,
            "brake": 0.21165378597243925,
            "steer": 0.0
        },
        {
            "throttle": 0.11930657249723936,
            "brake": 0.220699426096173,
            "steer": 0.0
        },
        {
            "throttle": 0.10737591524751543,
            "brake": 0.22884050220753338,
            "steer": 0.0
        },
        {
            "throttle": 0.09663832372276389,
            "brake": 0.23616747070775773,
            "steer": 0.0
        },
        {
            "throttle": 0.0869744913504875,
            "brake": 0.24276174235795964,
            "steer": 0.0
        },
        {
            "throttle": 0.07827704221543876,
            "brake": 0.24869658684314136,
            "steer": 0.0
        },
        {
            "throttle": 0.07044933799389488,
            "brake": 0.2540379468798049,
            "steer": 0.0
        },
        {
            "throttle": 0.0634044041945054,
            "brake": 0.2588451709128021,
            "steer": 0.0
        },
        {
            "throttle": 0.057063963775054856,
            "brake": 0.2631716725424996,
            "steer": 0.0
        },
        {
            "throttle": 0.05135756739754937,
            "brake": 0.26706552400922734,
            "steer": 0.0
        },
        {
            "throttle": 0.04622181065779443,
            "brake": 0.2705699903292823,
            "steer": 0.0
        },
        {
            "throttle": 0.04159962959201499,
            "brake": 0.27372401001733176,
            "steer": 0.0
        },
        {
            "throttle": 0.0675585861835943,
            "brake": 0.2463516090155986,
            "steer": 0.0
        },
        {
            "throttle": 0.09704186021259958,
            "brake": 0.22171644811403876,
            "steer": 0.0
        },
        {
            "throttle": 0.12922879383090347,
            "brake": 0.19954480330263488,
            "steer": 0.0
        },
        {
            "throttle": 0.16318339483317384,
            "brake": 0.1795903229723714,
            "steer": 0.0
        },
        {
            "throttle": 0.1978891176187739,
            "brake": 0.16163129067513426,
            "steer": 0.0
        },
        {
            "throttle": 0.23228624847612458,
            "brake": 0.14546816160762086,
            "steer": 0.0
        },
        {
            "throttle": 0.26531061038562576,
            "brake": 0.13092134544685877,
            "steer": 0.0
        },
        {
            "throttle": 0.29593225436130915,
            "brake": 0.1178292109021729,
            "steer": 0.0
        },
        {
            "throttle": 0.3231928029399217,
            "brake": 0.1060462898119556,
            "steer": 0.0
        },
        {
            "throttle": 0.3462401568075014,
            "brake": 0.09544166083076004,
            "steer": 0.0
        },
        {
            "throttle": 0.3643593661239161,
            "brake": 0.08589749474768404,
            "steer": 0.0
        },
        {
            "throttle": 0.3769986006851098,
            "brake": 0.07730774527291565,
            "steer": 0.0
        },
        {
            "throttle": 0.3837893230052609,
            "brake": 0.06957697074562408,
            "steer": 0.0
        },
        {
            "throttle": 0.3845599697576131,
            "brake": 0.06261927367106167,
            "steer": 0.0
        },
        {
            "throttle": 0.3793426727385064,
            "brake": 0.0563573463039555,
            "steer": 0.0
        },
        {
            "throttle": 0.3683727927193541,
            "brake": 0.05072161167355995,
            "steer": 0.0
        },
        {
            "throttle": 0.3520812897569362,
            "brake": 0.045649450506203955,
            "steer": 0.0
        },
        {
            "throttle": 0.3310802029958015,
            "brake": 0.04108450545558356,
            "steer": 0.0
        },
        {
            "throttle": 0.3061417529969515,
            "brake": 0.0369760549100252,
            "steer": 0.0
        },
        {
            "throttle": 0.278171801774858,
            "brake": 0.033278449419022686,
            "steer": 0.0
        },
        {
            "throttle": 0.2503546215973722,
            "brake": 0.02995060447712042,
            "steer": 0.0
        },
        {
            "throttle": 0.225319159437635,
            "brake": 0.026955544029408376,
            "steer": 0.0
        },
        {
            "throttle": 0.2027872434938715,
            "brake": 0.02425998962646754,
            "steer": 0.0
        },
        {
            "throttle": 0.18250851914448435,
            "brake": 0.021833990663820788,
            "steer": 0.0
        },
        {
            "throttle": 0.16425766723003593,
            "brake": 0.019650591597438708,
            "steer": 0.0
        },
        {
            "throttle": 0.14783190050703235,
            "brake": 0.01768553243769484,
            "steer": 0.0
        },
        {
            "throttle": 0.13304871045632913,
            "brake": 0.015916979193925356,
            "steer": 0.0
        },
        {
            "throttle": 0.11974383941069622,
            "brake": 0.01432528127453282,
            "steer": 0.0
        },
        {
            "throttle": 0.1077694554696266,
            "brake": 0.01289275314707954,
            "steer": 0.0
        },
        {
            "throttle": 0.09925381930088144,
            "brake": 0.011603477832371586,
            "steer": 0.0
        },
        {
            "throttle": 0.09706928342424297,
            "brake": 0.010443130049134428,
            "steer": 0.0
        }
    ],
    "parameters": {
        "cloudiness": 46.52045645711363,
        "fog_density": 60.85748521106872,
        "initial_distance": 60.987375099790704,
        "initial_ego_velocity": 19.35298168455406,
        "initial_lead_velocity": 23.77685199285883,
        "lead_base_throttle": 0.22832820856793826,
        "lead_behavior_frequency": 0.2978703815513947,
        "lead_brake_duration": 18.352347019032806,
        "lead_brake_intensity": 0.3021101872097767,
        "lead_brake_probability": 0.24090466988240325,
        "lead_throttle_variation": 0.34357835568902856,
        "precipitation": 14.943937128695117,
        "precipitation_deposits": 99.03074068661287,
        "sun_altitude_angle": 19.59821490626485,
        "wind_intensity": 10.727950382353402
    },
    "config": {
        "num_timesteps": 200,
        "dt": 0.1,
        "seed": 84
    }
}