{
    "weather": {
        "cloudiness": 81.75748802007071,
        "precipitation": 72.8241110261988,
        "precipitation_deposits": 12.550310666808373,
        "wind_intensity": 20.71992158144948,
        "sun_altitude_angle": 52.60903211400617,
        "fog_density": 8.162149628380133,
        "fog_distance": 761.7996729275598,
        "wetness": 36.4120555130994
    },
    "initial_conditions": {
        "ego": {
            "position": {
                "x": 556.6227565037988,
                "y": 20.57,
                "z": 0.294
            },
            "yaw": 0.0,
            "velocity": 16.91830285738982
        },
        "lead": {
            "position": {
                "x": 484.88,
                "y": 20.57,
                "z": 0.294
            },
            "yaw": 0.0,
            "velocity": 6.586424243638193
        }
    },
    "ego": {
        "position": {
            "x": 556.6227565037988,
            "y": 20.57,
            "z": 0.294
        },
        "yaw": 0.0,
        "velocity": 16.91830285738982
    },
    "lead": {
        "position": {
            "x": 484.88,
            "y": 20.57,
            "z": 0.294
        },
        "yaw": 0.0,
        "velocity": 6.586424243638193
    },
    "ado_actions": [
        {
            "throttle": 0.292864492593856,
            "brake": 0.0,
            "steer": 0.0
        },
        {
            "throttle": 0.2941640078762532,
            "brake": 0.0,
            "steer": 0.0
        },
        {
            "throttle": 0.2966238662904452,
            "brake": 0.0,
            "steer": 0.0
        },
        {
            "throttle": 0.3001096577028263,
            "brake": 0.0,
            "steer": 0.0
        },
        {
            "throttle": 0.3044913881794731,
            "brake": 0.0,
            "steer": 0.0
        },
        {
            "throttle": 0.3096432327855126,
            "brake": 0.0,
            "steer": 0.0
        },
        {
            "throttle": 0.3154433757600176,
            "brake": 0.0,
            "steer": 0.0
        },
        {
            "throttle": 0.3217739275048178,
            "brake": 0.0,
            "steer": 0.0
        },
        {
            "throttle": 0.32852090845015436,
            "brake": 0.0,
            "steer": 0.0
        },
        {
            "throttle": 0.33557429043819115,
            "brake": 0.0,
            "steer": 0.0
        },
        {
            "throttle": 0.3428280868046294,
            "brake": 0.0,
            "steer": 0.0
        },
        {
            "throttle": 0.3501804828457494,
            "brake": 0.0,
            "steer": 0.0
        },
        {
            "throttle": 0.3575339988390029,
            "brake": 0.0,
            "steer": 0.0
        },
        {
            "throttle": 0.36479567824491305,
            "brake": 0.0,
            "steer": 0.0
        },
        {
            "throttle": 0.37187729416092064,
            "brake": 0.0,
            "steer": 0.0
        },
        {
            "throttle": 0.3786955675277093,
            "brake": 0.0,
            "steer": 0.0
        },
        {
            "throttle": 0.3851723910086118,
            "brake": 0.0,
            "steer": 0.0
        },
        {
            "throttle": 0.39123505287555993,
            "brake": 0.0,
            "steer": 0.0
        },
        {
            "throttle": 0.39681645564279483,
            "brake": 0.0,
            "steer": 0.0
        },
        {
            "throttle": 0.4018553245938441,
            "brake": 0.0,
            "steer": 0.0
        },
        {
            "throttle": 0.40629640174930254,
            "brake": 0.0,
            "steer": 0.0
        },
        {
            "throttle": 0.41009062122354445,
            "brake": 0.0,
            "steer": 0.0
        },
        {
            "throttle": 0.413195262318108,
            "brake": 0.0,
            "steer": 0.0
        },
        {
            "throttle": 0.4155740770982623,
            "brake": 0.0,
            "steer": 0.0
        },
        {
            "throttle": 0.417197389597044,
            "brake": 0.0,
            "steer": 0.0
        },
        {
            "throttle": 0.4180421641874156,
            "brake": 0.0,
            "steer": 0.0
        },
        {
            "throttle": 0.4180920410575073,
            "brake": 0.0,
            "steer": 0.0
        },
        {
            "throttle": 0.4173373371153153,
            "brake": 0.0,
            "steer": 0.0
        },
        {
            "throttle": 0.415775011036711,
            "brake": 0.0,
            "steer": 0.0
        },
        {
            "throttle": 0.4134085915530089,
            "brake": 0.0,
            "steer": 0.0
        },
        {
            "throttle": 0.41024806845034706,
            "brake": 0.0,
            "steer": 0.0
        },
        {
            "throttle": 0.4063097461213665,
            "brake": 0.0,
            "steer": 0.0
        },
        {
            "throttle": 0.4016160598686767,
            "brake": 0.0,
            "steer": 0.0
        },
        {
            "throttle": 0.3961953555078485,
            "brake": 0.0,
            "steer": 0.0
        },
        {
            "throttle": 0.3900816331536484,
            "brake": 0.0,
            "steer": 0.0
        },
        {
            "throttle": 0.3833142563953727,
            "brake": 0.0,
            "steer": 0.0
        },
        {
            "throttle": 0.3759376283739291,
            "brake": 0.0,
            "steer": 0.0
        },
        {
            "throttle": 0.368000836563247,
            "brake": 0.0,
            "steer": 0.0
        },
        {
            "throttle": 0.3595572683302333,
            "brake": 0.0,
            "steer": 0.0
        },
        {
            "throttle": 0.3506641995994507,
            "brake": 0.0,
            "steer": 0.0
        },
        {
            "throttle": 0.34138235917968823,
            "brake": 0.0,
            "steer": 0.0
        },
        {
            "throttle": 0.33177547151842657,
            "brake": 0.0,
            "steer": 0.0
        },
        {
            "throttle": 0.32190978083579247,
            "brake": 0.0,
            "steer": 0.0
        },
        {
            "throttle": 0.3118535597509935,
            "brake": 0.0,
            "steer": 0.0
        },
        {
            "throttle": 0.30167660565060556,
            "brake": 0.0,
            "steer": 0.0
        },
        {
            "throttle": 0.29144972815877546,
            "brake": 0.0,
            "steer": 0.0
        },
        {
            "throttle": 0.2812442311538788,
            "brake": 0.0,
            "steer": 0.0
        },
        {
            "throttle": 0.2711313928340775,
            "brake": 0.0,
            "steer": 0.0
        },
        {
            "throttle": 0.2611819473653516,
            "brake": 0.0,
            "steer": 0.0
        },
        {
            "throttle": 0.23506375262881646,
            "brake": 0.07849316845851866,
            "steer": 0.0
        },
        {
            "throttle": 0.21155737736593483,
            "brake": 0.14913702007118546,
            "steer": 0.0
        },
        {
            "throttle": 0.19040163962934134,
            "brake": 0.21271648652258557,
            "steer": 0.0
        },
        {
            "throttle": 0.17136147566640722,
            "brake": 0.2699380063288457,
            "steer": 0.0
        },
        {
            "throttle": 0.1542253280997665,
            "brake": 0.32143737415447976,
            "steer": 0.0
        },
        {
            "throttle": 0.13880279528978984,
            "brake": 0.36778680519755047,
            "steer": 0.0
        },
        {
            "throttle": 0.12492251576081086,
            "brake": 0.4095012931363141,
            "steer": 0.0
        },
        {
            "throttle": 0.11243026418472978,
            "brake": 0.4470443322812014,
            "steer": 0.0
        },
        {
            "throttle": 0.1011872377662568,
            "brake": 0.48083306751159993,
            "steer": 0.0
        },
        {
            "throttle": 0.09106851398963112,
            "brake": 0.5112429292189586,
            "steer": 0.0
        },
        {
            "throttle": 0.081961662590668,
            "brake": 0.5386118047555815,
            "steer": 0.0
        },
        {
            "throttle": 0.0737654963316012,
            "brake": 0.563243792738542,
            "steer": 0.0
        },
        {
            "throttle": 0.06638894669844109,
            "brake": 0.5854125819232064,
            "steer": 0.0
        },
        {
            "throttle": 0.05975005202859698,
            "brake": 0.6053644921894045,
            "steer": 0.0
        },
        {
            "throttle": 0.05377504682573728,
            "brake": 0.6233212114289827,
            "steer": 0.0
        },
        {
            "throttle": 0.04839754214316355,
            "brake": 0.6394822587446031,
            "steer": 0.0
        },
        {
            "throttle": 0.06169961248778977,
            "brake": 0.5755340328701428,
            "steer": 0.0
        },
        {
            "throttle": 0.07461047565028503,
            "brake": 0.5179806295831285,
            "steer": 0.0
        },
        {
            "throttle": 0.08724166566633135,
            "brake": 0.46618256662481566,
            "steer": 0.0
        },
        {
            "throttle": 0.09968638675463842,
            "brake": 0.4195643099623341,
            "steer": 0.0
        },
        {
            "throttle": 0.11202088341462206,
            "brake": 0.3776078789661007,
            "steer": 0.0
        },
        {
            "throttle": 0.12430572771843032,
            "brake": 0.3398470910694906,
            "steer": 0.0
        },
        {
            "throttle": 0.1365870349776432,
            "brake": 0.30586238196254156,
            "steer": 0.0
        },
        {
            "throttle": 0.1488976174417623,
            "brake": 0.2752761437662874,
            "steer": 0.0
        },
        {
            "throttle": 0.13400785569758608,
            "brake": 0.3262416978481773,
            "steer": 0.0
        },
        {
            "throttle": 0.12060707012782748,
            "brake": 0.3721106965218782,
            "steer": 0.0
        },
        {
            "throttle": 0.10854636311504473,
            "brake": 0.4133927953282091,
            "steer": 0.0
        },
        {
            "throttle": 0.09769172680354025,
            "brake": 0.45054668425390687,
            "steer": 0.0
        },
        {
            "throttle": 0.08792255412318623,
            "brake": 0.48398518428703485,
            "steer": 0.0
        },
        {
            "throttle": 0.0791302987108676,
            "brake": 0.51407983431685,
            "steer": 0.0
        },
        {
            "throttle": 0.07121726883978084,
            "brake": 0.5411650193436837,
            "steer": 0.0
        },
        {
            "throttle": 0.06409554195580276,
            "brake": 0.5655416858678339,
            "steer": 0.0
        },
        {
            "throttle": 0.05768598776022249,
            "brake": 0.5874806857395691,
            "steer": 0.0
        },
        {
            "throttle": 0.051917388984200244,
            "brake": 0.6072257856241309,
            "steer": 0.0
        },
        {
            "throttle": 0.046725650085780224,
            "brake": 0.6249963755202365,
            "steer": 0.0
        },
        {
            "throttle": 0.0420530850772022,
            "brake": 0.6409899064267315,
            "steer": 0.0
        },
        {
            "throttle": 0.03784777656948198,
            "brake": 0.655384084242577,
            "steer": 0.0
        },
        {
            "throttle": 0.03406299891253378,
            "brake": 0.6683388442768379,
            "steer": 0.0
        },
        {
            "throttle": 0.030656699021280404,
            "brake": 0.6799981283076727,
            "steer": 0.0
        },
        {
            "throttle": 0.027591029119152365,
            "brake": 0.690491483935424,
            "steer": 0.0
        },
        {
            "throttle": 0.06859716476213928,
            "brake": 0.6214423355418817,
            "steer": 0.0
        },
        {
            "throttle": 0.10590290098403446,
            "brake": 0.5592981019876935,
            "steer": 0.0
        },
        {
            "throttle": 0.13977270476932177,
            "brake": 0.5033682917889242,
            "steer": 0.0
        },
        {
            "throttle": 0.17044250579753015,
            "brake": 0.45303146261003174,
            "steer": 0.0
        },
        {
            "throttle": 0.1981233140932309,
            "brake": 0.40772831634902856,
            "steer": 0.0
        },
        {
            "throttle": 0.22300448532445258,
            "brake": 0.3669554847141257,
            "steer": 0.0
        },
        {
            "throttle": 0.24525666349754102,
            "brake": 0.33025993624271316,
            "steer": 0.0
        },
        {
            "throttle": 0.26503442779382946,
            "brake": 0.2972339426184418,
            "steer": 0.0
        },
        {
            "throttle": 0.2824786676302209,
            "brake": 0.26751054835659765,
            "steer": 0.0
        },
        {
            "throttle": 0.2977187076678979,
            "brake": 0.2407594935209379,
            "steer": 0.0
        },
        {
            "throttle": 0.3108742024099712,
            "brake": 0.2166835441688441,
            "steer": 0.0
        },
        {
            "throttle": 0.3220568181918788,
            "brake": 0.1950151897519597,
            "steer": 0.0
        },
        {
            "throttle": 0.33137171875220595,
            "brake": 0.17551367077676372,
            "steer": 0.0
        },
        {
            "throttle": 0.33891886915306835,
            "brake": 0.15796230369908734,
            "steer": 0.0
        },
        {
            "throttle": 0.3447941715770963,
            "brake": 0.1421660733291786,
            "steer": 0.0
        },
        {
            "throttle": 0.3490904454430755,
            "brake": 0.12794946599626075,
            "steer": 0.0
        },
        {
            "throttle": 0.35189826333682295,
            "brake": 0.11515451939663468,
            "steer": 0.0
        },
        {
            "throttle": 0.35330665343183854,
            "brake": 0.10363906745697121,
            "steer": 0.0
        },
        {
            "throttle": 0.353403678361001,
            "brake": 0.09327516071127409,
            "steer": 0.0
        },
        {
            "throttle": 0.35227689988268696,
            "brake": 0.08394764464014669,
            "steer": 0.0
        },
        {
            "throttle": 0.31704920989441826,
            "brake": 0.15404604863465066,
            "steer": 0.0
        },
        {
            "throttle": 0.28534428890497643,
            "brake": 0.21713461222970426,
            "steer": 0.0
        },
        {
            "throttle": 0.2568098600144788,
            "brake": 0.2739143194652525,
            "steer": 0.0
        },
        {
            "throttle": 0.23112887401303092,
            "brake": 0.3250160559772459,
            "steer": 0.0
        },
        {
            "throttle": 0.20801598661172782,
            "brake": 0.37100761883804,
            "steer": 0.0
        },
        {
            "throttle": 0.18721438795055503,
            "brake": 0.41240002541275467,
            "steer": 0.0
        },
        {
            "throttle": 0.16849294915549953,
            "brake": 0.44965319132999787,
            "steer": 0.0
        },
        {
            "throttle": 0.15164365423994958,
            "brake": 0.48318104065551676,
            "steer": 0.0
        },
        {
            "throttle": 0.1364792888159546,
            "brake": 0.5133561050484837,
            "steer": 0.0
        },
        {
            "throttle": 0.12283135993435916,
            "brake": 0.540513663002154,
            "steer": 0.0
        },
        {
            "throttle": 0.11054822394092324,
            "brake": 0.5649554651604572,
            "steer": 0.0
        },
        {
            "throttle": 0.09949340154683092,
            "brake": 0.5869530871029301,
            "steer": 0.0
        },
        {
            "throttle": 0.08954406139214784,
            "brake": 0.6067509468511557,
            "steer": 0.0
        },
        {
            "throttle": 0.08058965525293306,
            "brake": 0.6245690206245588,
            "steer": 0.0
        },
        {
            "throttle": 0.07253068972763975,
            "brake": 0.6406052870206215,
            "steer": 0.0
        },
        {
            "throttle": 0.06527762075487578,
            "brake": 0.655037926777078,
            "steer": 0.0
        },
        {
            "throttle": 0.07422202924709646,
            "brake": 0.5895341340993702,
            "steer": 0.0
        },
        {
            "throttle": 0.08174041142793917,
            "brake": 0.5305807206894332,
            "steer": 0.0
        },
        {
            "throttle": 0.08807716003260668,
            "brake": 0.4775226486204899,
            "steer": 0.0
        },
        {
            "throttle": 0.09345527810653312,
            "brake": 0.4297703837584409,
            "steer": 0.0
        },
        {
            "throttle": 0.09807777409148151,
            "brake": 0.3867933453825968,
            "steer": 0.0
        },
        {
            "throttle": 0.10212890104308778,
            "brake": 0.34811401084433713,
            "steer": 0.0
        },
        {
            "throttle": 0.10577526096095775,
            "brake": 0.3133026097599034,
            "steer": 0.0
        },
        {
            "throttle": 0.10916679319211951,
            "brake": 0.2819723487839131,
            "steer": 0.0
        },
        {
            "throttle": 0.11243766401153295,
            "brake": 0.25377511390552177,
            "steer": 0.0
        },
        {
            "throttle": 0.11570707277286452,
            "brake": 0.2283976025149696,
            "steer": 0.0
        },
        {
            "throttle": 0.11907998844418886,
            "brake": 0.20555784226347265,
            "steer": 0.0
        },
        {
            "throttle": 0.12264782888376272,
            "brake": 0.18500205803712538,
            "steer": 0.0
        },
        {
            "throttle": 0.12648909385918236,
            "brake": 0.16650185223341285,
            "steer": 0.0
        },
        {
            "throttle": 0.1306699615591395,
            "brake": 0.14985166701007158,
            "steer": 0.0
        },
        {
            "throttle": 0.13524485718195084,
            "brake": 0.1348665003090644,
            "steer": 0.0
        },
        {
            "throttle": 0.1402570011014948,
            "brake": 0.12137985027815798,
            "steer": 0.0
        },
        {
            "throttle": 0.14573894310259566,
            "brake": 0.10924186525034218,
            "steer": 0.0
        },
        {
            "throttle": 0.1311650487923361,
            "brake": 0.1768108471838266,
            "steer": 0.0
        },
        {
            "throttle": 0.11804854391310249,
            "brake": 0.23762293092396264,
            "steer": 0.0
        },
        {
            "throttle": 0.10624368952179224,
            "brake": 0.29235380629008506,
            "steer": 0.0
        },
        {
            "throttle": 0.09561932056961302,
            "brake": 0.34161159411959524,
            "steer": 0.0
        },
        {
            "throttle": 0.08605738851265171,
            "brake": 0.3859436031661544,
            "steer": 0.0
        },
        {
            "throttle": 0.07745164966138654,
            "brake": 0.4258424113080576,
            "steer": 0.0
        },
        {
            "throttle": 0.06970648469524789,
            "brake": 0.4617513386357705,
            "steer": 0.0
        },
        {
            "throttle": 0.0627358362257231,
            "brake": 0.49406937323071215,
            "steer": 0.0
        },
        {
            "throttle": 0.05646225260315079,
            "brake": 0.5231556043661596,
            "steer": 0.0
        },
        {
            "throttle": 0.05081602734283571,
            "brake": 0.5493332123880623,
            "steer": 0.0
        },
        {
            "throttle": 0.04573442460855214,
            "brake": 0.5728930596077747,
            "steer": 0.0
        },
        {
            "throttle": 0.04116098214769693,
            "brake": 0.5940969221055159,
            "steer": 0.0
        },
        {
            "throttle": 0.037044883932927236,
            "brake": 0.6131803983534829,
            "steer": 0.0
        },
        {
            "throttle": 0.03334039553963451,
            "brake": 0.6303555269766533,
            "steer": 0.0
        },
        {
            "throttle": 0.03000635598567106,
            "brake": 0.6458131427375066,
            "steer": 0.0
        },
        {
            "throttle": 0.027005720387103953,
            "brake": 0.6597249969222745,
            "steer": 0.0
        },
        {
            "throttle": 0.06407836322013899,
            "brake": 0.5937524972300471,
            "steer": 0.0
        },
        {
            "throttle": 0.09836038437096198,
            "brake": 0.5343772475070424,
            "steer": 0.0
        },
        {
            "throttle": 0.13004993389986563,
            "brake": 0.48093952275633817,
            "steer": 0.0
        },
        {
            "throttle": 0.15931941699220087,
            "brake": 0.4328455704807044,
            "steer": 0.0
        },
        {
            "throttle": 0.18631868462721526,
            "brake": 0.38956101343263394,
            "steer": 0.0
        },
        {
            "throttle": 0.21117794288291675,
            "brake": 0.35060491208937056,
            "steer": 0.0
        },
        {
            "throttle": 0.2340104043737686,
            "brake": 0.3155444208804335,
            "steer": 0.0
        },
        {
            "throttle": 0.25491470273374284,
            "brake": 0.28398997879239013,
            "steer": 0.0
        },
        {
            "throttle": 0.2739770887659923,
            "brake": 0.25559098091315113,
            "steer": 0.0
        },
        {
            "throttle": 0.2912734248542655,
            "brake": 0.23003188282183604,
            "steer": 0.0
        },
        {
            "throttle": 0.30687099244483257,
            "brake": 0.20702869453965245,
            "steer": 0.0
        },
        {
            "throttle": 0.3208301258380384,
            "brake": 0.1863258250856872,
            "steer": 0.0
        },
        {
            "throttle": 0.3332056841546095,
            "brake": 0.16769324257711848,
            "steer": 0.0
        },
        {
            "throttle": 0.34404837214430206,
            "brake": 0.15092391831940663,
            "steer": 0.0
        },
        {
            "throttle": 0.35340591946582606,
            "brake": 0.13583152648746596,
            "steer": 0.0
        },
        {
            "throttle": 0.36132412717112244,
            "brake": 0.12224837383871937,
            "steer": 0.0
        },
        {
            "throttle": 0.3678477893592562,
            "brake": 0.11002353645484743,
            "steer": 0.0
        },
        {
            "throttle": 0.3730214973118604,
            "brake": 0.09902118280936269,
            "steer": 0.0
        },
        {
            "throttle": 0.37689033287076484,
            "brake": 0.08911906452842643,
            "steer": 0.0
        },
        {
            "throttle": 0.3795004573576842,
            "brake": 0.08020715807558379,
            "steer": 0.0
        },
        {
            "throttle": 0.380899601955047,
            "brake": 0.07218644226802541,
            "steer": 0.0
        },
        {
            "throttle": 0.3811374651564498,
            "brake": 0.06496779804122287,
            "steer": 0.0
        },
        {
            "throttle": 0.3802660226458066,
            "brake": 0.05847101823710058,
            "steer": 0.0
        },
        {
            "throttle": 0.3783397547677063,
            "brake": 0.05262391641339052,
            "steer": 0.0
        },
        {
            "throttle": 0.37541579660009133,
            "brake": 0.04736152477205147,
            "steer": 0.0
        },
        {
            "throttle": 0.37155401552703043,
            "brake": 0.04262537229484633,
            "steer": 0.0
        },
        {
            "throttle": 0.36681702112751524,
            "brake": 0.0383628350653617,
            "steer": 0.0
        },
        {
            "throttle": 0.36127011213982396,
            "brake": 0.03452655155882553,
            "steer": 0.0
        },
        {
            "throttle": 0.3549811652245008,
            "brake": 0.031073896402942978,
            "steer": 0.0
        },
        {
            "throttle": 0.34802047022728916,
            "brake": 0.02796650676264868,
            "steer": 0.0
        },
        {
            "throttle": 0.34046051663175664,
            "brake": 0.02516985608638381,
            "steer": 0.0
        },
        {
            "throttle": 0.332375735885595,
            "brake": 0.02265287047774543,
            "steer": 0.0
        },
        {
            "throttle": 0.3238422042807945,
            "brake": 0.020387583429970886,
            "steer": 0.0
        },
        {
            "throttle": 0.31493731106259304,
            "brake": 0.0183488250869738,
            "steer": 0.0
        },
        {
            "throttle": 0.30573939643214304,
            "brake": 0.01651394257827642,
            "steer": 0.0
        },
        {
            "throttle": 0.2963273640904562,
            "brake": 0.014862548320448778,
            "steer": 0.0
        },
        {
            "throttle": 0.2867802729439212,
            "brake": 0.013376293488403902,
            "steer": 0.0
        },
        {
            "throttle": 0.27717691255243615,
            "brake": 0.012038664139563511,
            "steer": 0.0
        },
        {
            "throttle": 0.267595366848147,
            "brake": 0.01083479772560716,
            "steer": 0.0
        },
        {
            "throttle": 0.2581125705844499,
            "brake": 0.009751317953046445,
            "steer": 0.0
        },
        {
            "throttle": 0.24880386289008952,
            "brake": 0.0087761861577418,
            "steer": 0.0
        },
        {
            "throttle": 0.2397425422009619,
            "brake": 0.00789856754196762,
            "steer": 0.0
        }
    ],
    "parameters": {
        "fog_density": 8.162149628380133,
        "precipitation": 72.8241110261988,
        "precipitation_deposits": 12.550310666808373,
        "wind_intensity": 20.71992158144948,
        "sun_altitude_angle": 52.60903211400617,
        "cloudiness": 81.75748802007071,
        "lead_base_throttle": 0.292864492593856,
        "lead_behavior_frequency": 0.1341028579671022,
        "lead_throttle_variation": 0.154410738276429,
        "lead_brake_probability": 0.1490929651542546,
        "lead_brake_intensity": 0.7849316845851865,
        "lead_brake_duration": 16.11002662137652,
        "initial_distance": 71.74275650379882,
        "initial_ego_velocity": 16.91830285738982,
        "initial_lead_velocity": 6.586424243638193
    },
    "config": {
        "num_timesteps": 200,
        "dt": 0.1,
        "seed": 49
    }
}