{
    "weather": {
        "cloudiness": 10.402838071011743,
        "precipitation": 7.688889490117889,
        "precipitation_deposits": 28.449115406966317,
        "wind_intensity": 5.812407604417902,
        "sun_altitude_angle": 68.54174183582167,
        "fog_density": 70.1409171825753,
        "fog_distance": 96.51753543890014,
        "wetness": 3.8444447450589445
    },
    "initial_conditions": {
        "ego": {
            "position": {
                "x": 534.0848196897233,
                "y": 20.57,
                "z": 0.294
            },
            "yaw": 0.0,
            "velocity": 6.198263241939366
        },
        "lead": {
            "position": {
                "x": 484.88,
                "y": 20.57,
                "z": 0.294
            },
            "yaw": 0.0,
            "velocity": 14.490548421909926
        }
    },
    "ego": {
        "position": {
            "x": 534.0848196897233,
            "y": 20.57,
            "z": 0.294
        },
        "yaw": 0.0,
        "velocity": 6.198263241939366
    },
    "lead": {
        "position": {
            "x": 484.88,
            "y": 20.57,
            "z": 0.294
        },
        "yaw": 0.0,
        "velocity": 14.490548421909926
    },
    "ado_actions": [
        {
            "throttle": 0.251677878493911,
            "brake": 0.0,
            "steer": 0.0
        },
        {
            "throttle": 0.2528505631353078,
            "brake": 0.0,
            "steer": 0.0
        },
        {
            "throttle": 0.25507663439776357,
            "brake": 0.0,
            "steer": 0.0
        },
        {
            "throttle": 0.25824669801931344,
            "brake": 0.0,
            "steer": 0.0
        },
        {
            "throttle": 0.2622602801395231,
            "brake": 0.0,
            "steer": 0.0
        },
        {
            "throttle": 0.26702494577264163,
            "brake": 0.0,
            "steer": 0.0
        },
        {
            "throttle": 0.27245550890955306,
            "brake": 0.0,
            "steer": 0.0
        },
        {
            "throttle": 0.2784733250614375,
            "brake": 0.0,
            "steer": 0.0
        },
        {
            "throttle": 0.2850056579707834,
            "brake": 0.0,
            "steer": 0.0
        },
        {
            "throttle": 0.2919851130369096,
            "brake": 0.0,
            "steer": 0.0
        },
        {
            "throttle": 0.2993491307425784,
            "brake": 0.0,
            "steer": 0.0
        },
        {
            "throttle": 0.30703953403383766,
            "brake": 0.0,
            "steer": 0.0
        },
        {
            "throttle": 0.31500212420431,
            "brake": 0.0,
            "steer": 0.0
        },
        {
            "throttle": 0.32318632037441586,
            "brake": 0.0,
            "steer": 0.0
        },
        {
            "throttle": 0.3315448381414572,
            "brake": 0.0,
            "steer": 0.0
        },
        {
            "throttle": 0.34003340341349947,
            "brake": 0.0,
            "steer": 0.0
        },
        {
            "throttle": 0.34861049783341913,
            "brake": 0.0,
            "steer": 0.0
        },
        {
            "throttle": 0.3572371325536997,
            "brake": 0.0,
            "steer": 0.0
        },
        {
            "throttle": 0.36587664744149595,
            "brake": 0.0,
            "steer": 0.0
        },
        {
            "throttle": 0.3744945330806723,
            "brake": 0.0,
            "steer": 0.0
        },
        {
            "throttle": 0.38305827319615005,
            "brake": 0.0,
            "steer": 0.0
        },
        {
            "throttle": 0.3915372053588231,
            "brake": 0.0,
            "steer": 0.0
        },
        {
            "throttle": 0.39990239803911265,
            "brake": 0.0,
            "steer": 0.0
        },
        {
            "throttle": 0.3599121582352014,
            "brake": 0.0567655640911304,
            "steer": 0.0
        },
        {
            "throttle": 0.3239209424116813,
            "brake": 0.10785457177314775,
            "steer": 0.0
        },
        {
            "throttle": 0.29152884817051317,
            "brake": 0.15383467868696338,
            "steer": 0.0
        },
        {
            "throttle": 0.26237596335346186,
            "brake": 0.19521677490939746,
            "steer": 0.0
        },
        {
            "throttle": 0.2361383670181157,
            "brake": 0.2324606615095881,
            "steer": 0.0
        },
        {
            "throttle": 0.21252453031630414,
            "brake": 0.2659801594497597,
            "steer": 0.0
        },
        {
            "throttle": 0.19127207728467374,
            "brake": 0.29614770759591413,
            "steer": 0.0
        },
        {
            "throttle": 0.17214486955620636,
            "brake": 0.32329850092745316,
            "steer": 0.0
        },
        {
            "throttle": 0.15493038260058573,
            "brake": 0.3477342149258382,
            "steer": 0.0
        },
        {
            "throttle": 0.13943734434052715,
            "brake": 0.36972635752438476,
            "steer": 0.0
        },
        {
            "throttle": 0.12549360990647443,
            "brake": 0.3895192858630767,
            "steer": 0.0
        },
        {
            "throttle": 0.112944248915827,
            "brake": 0.40733292136789945,
            "steer": 0.0
        },
        {
            "throttle": 0.1548271154440436,
            "brake": 0.3665996292311095,
            "steer": 0.0
        },
        {
            "throttle": 0.19263159466649754,
            "brake": 0.32993966630799854,
            "steer": 0.0
        },
        {
            "throttle": 0.22671685928160007,
            "brake": 0.2969456996771987,
            "steer": 0.0
        },
        {
            "throttle": 0.257406058741899,
            "brake": 0.26725112970947884,
            "steer": 0.0
        },
        {
            "throttle": 0.2849900059880005,
            "brake": 0.24052601673853097,
            "steer": 0.0
        },
        {
            "throttle": 0.3097304955464245,
            "brake": 0.21647341506467788,
            "steer": 0.0
        },
        {
            "throttle": 0.3318632897088483,
            "brake": 0.1948260735582101,
            "steer": 0.0
        },
        {
            "throttle": 0.35160080583863706,
            "brake": 0.1753434662023891,
            "steer": 0.0
        },
        {
            "throttle": 0.31644072525477335,
            "brake": 0.21457468367328061,
            "steer": 0.0
        },
        {
            "throttle": 0.284796652729296,
            "brake": 0.24988277939708295,
            "steer": 0.0
        },
        {
            "throttle": 0.2563169874563664,
            "brake": 0.2816600655485051,
            "steer": 0.0
        },
        {
            "throttle": 0.23068528871072974,
            "brake": 0.31025962308478494,
            "steer": 0.0
        },
        {
            "throttle": 0.20761675983965677,
            "brake": 0.33599922486743683,
            "steer": 0.0
        },
        {
            "throttle": 0.1868550838556911,
            "brake": 0.35916486647182355,
            "steer": 0.0
        },
        {
            "throttle": 0.168169575470122,
            "brake": 0.3800139439157716,
            "steer": 0.0
        },
        {
            "throttle": 0.1513526179231098,
            "brake": 0.3987781136153249,
            "steer": 0.0
        },
        {
            "throttle": 0.13621735613079883,
            "brake": 0.41566586634492286,
            "steer": 0.0
        },
        {
            "throttle": 0.12259562051771895,
            "brake": 0.430864843801561,
            "steer": 0.0
        },
        {
            "throttle": 0.11033605846594706,
            "brake": 0.44454392351253524,
            "steer": 0.0
        },
        {
            "throttle": 0.09930245261935236,
            "brake": 0.4568550952524121,
            "steer": 0.0
        },
        {
            "throttle": 0.13578405025875676,
            "brake": 0.4111695857271709,
            "steer": 0.0
        },
        {
            "throttle": 0.1678280996637745,
            "brake": 0.3700526271544538,
            "steer": 0.0
        },
        {
            "throttle": 0.19584295492530732,
            "brake": 0.33304736443900845,
            "steer": 0.0
        },
        {
            "throttle": 0.2201975621814324,
            "brake": 0.2997426279951076,
            "steer": 0.0
        },
        {
            "throttle": 0.24122545920997027,
            "brake": 0.2697683651955968,
            "steer": 0.0
        },
        {
            "throttle": 0.2592283724895481,
            "brake": 0.24279152867603715,
            "steer": 0.0
        },
        {
            "throttle": 0.27447945188500134,
            "brake": 0.21851237580843344,
            "steer": 0.0
        },
        {
            "throttle": 0.2872261791019911,
            "brake": 0.1966611382275901,
            "steer": 0.0
        },
        {
            "throttle": 0.29769298244600895,
            "brake": 0.17699502440483109,
            "steer": 0.0
        },
        {
            "throttle": 0.30608358717235457,
            "brake": 0.15929552196434799,
            "steer": 0.0
        },
        {
            "throttle": 0.31258312779009223,
            "brake": 0.1433659697679132,
            "steer": 0.0
        },
        {
            "throttle": 0.31736004605189927,
            "brake": 0.12902937279112187,
            "steer": 0.0
        },
        {
            "throttle": 0.3205677959938683,
            "brake": 0.11612643551200968,
            "steer": 0.0
        },
        {
            "throttle": 0.32234637525837045,
            "brake": 0.10451379196080872,
            "steer": 0.0
        },
        {
            "throttle": 0.3228237000153373,
            "brake": 0.09406241276472785,
            "steer": 0.0
        },
        {
            "throttle": 0.3221168390714424,
            "brake": 0.08465617148825506,
            "steer": 0.0
        },
        {
            "throttle": 0.32033312120345947,
            "brake": 0.07619055433942956,
            "steer": 0.0
        },
        {
            "throttle": 0.3175711283542715,
            "brake": 0.06857149890548661,
            "steer": 0.0
        },
        {
            "throttle": 0.3139215860720483,
            "brake": 0.06171434901493795,
            "steer": 0.0
        },
        {
            "throttle": 0.3094681614410075,
            "brake": 0.055542914113444156,
            "steer": 0.0
        },
        {
            "throttle": 0.3042881777333282,
            "brake": 0.04998862270209974,
            "steer": 0.0
        },
        {
            "throttle": 0.2984532540948614,
            "brake": 0.04498976043188977,
            "steer": 0.0
        },
        {
            "throttle": 0.29202987775207895,
            "brake": 0.040490784388700796,
            "steer": 0.0
        },
        {
            "throttle": 0.28507991548502987,
            "brake": 0.03644170594983072,
            "steer": 0.0
        },
        {
            "throttle": 0.2776610704426796,
            "brake": 0.03279753535484765,
            "steer": 0.0
        },
        {
            "throttle": 0.26982728977544335,
            "brake": 0.029517781819362883,
            "steer": 0.0
        },
        {
            "throttle": 0.26162912801830474,
            "brake": 0.026566003637426595,
            "steer": 0.0
        },
        {
            "throttle": 0.2531140706706043,
            "brake": 0.023909403273683936,
            "steer": 0.0
        },
        {
            "throttle": 0.2443268219799712,
            "brake": 0.021518462946315542,
            "steer": 0.0
        },
        {
            "throttle": 0.2353095605430737,
            "brake": 0.019366616651683988,
            "steer": 0.0
        },
        {
            "throttle": 0.22610216598049024,
            "brake": 0.01742995498651559,
            "steer": 0.0
        },
        {
            "throttle": 0.21674241962309607,
            "brake": 0.01568695948786403,
            "steer": 0.0
        },
        {
            "throttle": 0.2072661818593701,
            "brake": 0.014118263539077629,
            "steer": 0.0
        },
        {
            "throttle": 0.1977075485337456,
            "brake": 0.012706437185169867,
            "steer": 0.0
        },
        {
            "throttle": 0.18809898855267884,
            "brake": 0.011435793466652881,
            "steer": 0.0
        },
        {
            "throttle": 0.17847146464489866,
            "brake": 0.010292214119987594,
            "steer": 0.0
        },
        {
            "throttle": 0.16885453903299236,
            "brake": 0.009262992707988835,
            "steer": 0.0
        },
        {
            "throttle": 0.15927646560298325,
            "brake": 0.008336693437189952,
            "steer": 0.0
        },
        {
            "throttle": 0.14976427000496698,
            "brake": 0.007503024093470957,
            "steer": 0.0
        },
        {
            "throttle": 0.14034381897950482,
            "brake": 0.0067527216841238615,
            "steer": 0.0
        },
        {
            "throttle": 0.13103988007978495,
            "brake": 0.006077449515711476,
            "steer": 0.0
        },
        {
            "throttle": 0.12187617284718598,
            "brake": 0.005469704564140328,
            "steer": 0.0
        },
        {
            "throttle": 0.11287541239656881,
            "brake": 0.0049227341077262956,
            "steer": 0.0
        },
        {
            "throttle": 0.10405934627627,
            "brake": 0.0044304606969536664,
            "steer": 0.0
        },
        {
            "throttle": 0.09544878538536822,
            "brake": 0.0039874146272583,
            "steer": 0.0
        },
        {
            "throttle": 0.08706362965644443,
            "brake": 0.00358867316453247,
            "steer": 0.0
        },
        {
            "throttle": 0.07892288914494262,
            "brake": 0.003229805848079223,
            "steer": 0.0
        },
        {
            "throttle": 0.07104470110563191,
            "brake": 0.0029068252632713006,
            "steer": 0.0
        },
        {
            "throttle": 0.06394023099506872,
            "brake": 0.0026161427369441707,
            "steer": 0.0
        },
        {
            "throttle": 0.05754620789556185,
            "brake": 0.002354528463249754,
            "steer": 0.0
        },
        {
            "throttle": 0.05179158710600566,
            "brake": 0.0021190756169247784,
            "steer": 0.0
        },
        {
            "throttle": 0.046612428395405095,
            "brake": 0.0019071680552323006,
            "steer": 0.0
        },
        {
            "throttle": 0.041951185555864585,
            "brake": 0.0017164512497090706,
            "steer": 0.0
        },
        {
            "throttle": 0.03775606700027813,
            "brake": 0.0015448061247381635,
            "steer": 0.0
        },
        {
            "throttle": 0.033980460300250315,
            "brake": 0.0013903255122643472,
            "steer": 0.0
        },
        {
            "throttle": 0.030582414270225285,
            "brake": 0.0012512929610379126,
            "steer": 0.0
        },
        {
            "throttle": 0.027524172843202757,
            "brake": 0.0011261636649341213,
            "steer": 0.0
        },
        {
            "throttle": 0.02477175555888248,
            "brake": 0.0010135472984407093,
            "steer": 0.0
        },
        {
            "throttle": 0.022294580002994235,
            "brake": 0.0009121925685966383,
            "steer": 0.0
        },
        {
            "throttle": 0.02006512200269481,
            "brake": 0.0008209733117369746,
            "steer": 0.0
        },
        {
            "throttle": 0.01805860980242533,
            "brake": 0.0007388759805632771,
            "steer": 0.0
        },
        {
            "throttle": 0.0162527488221828,
            "brake": 0.0006649883825069494,
            "steer": 0.0
        },
        {
            "throttle": 0.01462747393996452,
            "brake": 0.0005984895442562545,
            "steer": 0.0
        },
        {
            "throttle": 0.013164726545968067,
            "brake": 0.0005386405898306291,
            "steer": 0.0
        },
        {
            "throttle": 0.011848253891371261,
            "brake": 0.0004847765308475662,
            "steer": 0.0
        },
        {
            "throttle": 0.010663428502234135,
            "brake": 0.00043629887776280954,
            "steer": 0.0
        },
        {
            "throttle": 0.009597085652010721,
            "brake": 0.0003926689899865286,
            "steer": 0.0
        },
        {
            "throttle": 0.00863737708680965,
            "brake": 0.00035340209098787576,
            "steer": 0.0
        },
        {
            "throttle": 0.007773639378128685,
            "brake": 0.0003180618818890882,
            "steer": 0.0
        },
        {
            "throttle": 0.0069962754403158165,
            "brake": 0.0002862556937001794,
            "steer": 0.0
        },
        {
            "throttle": 0.006563405159810409,
            "brake": 0.00025763012433016147,
            "steer": 0.0
        },
        {
            "throttle": 0.006745386524833402,
            "brake": 0.00023186711189714533,
            "steer": 0.0
        },
        {
            "throttle": 0.007522841188563833,
            "brake": 0.0002086804007074308,
            "steer": 0.0
        },
        {
            "throttle": 0.008877266562477646,
            "brake": 0.0001878123606366877,
            "steer": 0.0
        },
        {
            "throttle": 0.010790877204703017,
            "brake": 0.00016903112457301893,
            "steer": 0.0
        },
        {
            "throttle": 0.013246464030608661,
            "brake": 0.00015212801211571706,
            "steer": 0.0
        },
        {
            "throttle": 0.01622726968294888,
            "brake": 0.00013691521090414534,
            "steer": 0.0
        },
        {
            "throttle": 0.019716878561555986,
            "brake": 0.00012322368981373082,
            "steer": 0.0
        },
        {
            "throttle": 0.023699120158769914,
            "brake": 0.00011090132083235774,
            "steer": 0.0
        },
        {
            "throttle": 0.021329208142892922,
            "brake": 0.05686537527987952,
            "steer": 0.0
        },
        {
            "throttle": 0.01919628732860363,
            "brake": 0.10794440184302197,
            "steer": 0.0
        },
        {
            "throttle": 0.017276658595743268,
            "brake": 0.15391552574985018,
            "steer": 0.0
        },
        {
            "throttle": 0.015548992736168941,
            "brake": 0.19528953726599557,
            "steer": 0.0
        },
        {
            "throttle": 0.013994093462552048,
            "brake": 0.23252614763052643,
            "steer": 0.0
        },
        {
            "throttle": 0.012594684116296844,
            "brake": 0.26603909695860417,
            "steer": 0.0
        },
        {
            "throttle": 0.011335215704667159,
            "brake": 0.29620075135387414,
            "steer": 0.0
        },
        {
            "throttle": 0.010201694134200443,
            "brake": 0.3233462403096171,
            "steer": 0.0
        },
        {
            "throttle": 0.009181524720780399,
            "brake": 0.3477771803697858,
            "steer": 0.0
        },
        {
            "throttle": 0.008263372248702359,
            "brake": 0.3697650264239376,
            "steer": 0.0
        },
        {
            "throttle": 0.007437035023832123,
            "brake": 0.3895540878726742,
            "steer": 0.0
        },
        {
            "throttle": 0.00669333152144891,
            "brake": 0.4073642431765372,
            "steer": 0.0
        },
        {
            "throttle": 0.025344268767435806,
            "brake": 0.36662781885888346,
            "steer": 0.0
        },
        {
            "throttle": 0.043282358763269885,
            "brake": 0.3299650369729951,
            "steer": 0.0
        },
        {
            "throttle": 0.060587012302967674,
            "brake": 0.2969685332756956,
            "steer": 0.0
        },
        {
            "throttle": 0.07732769085339822,
            "brake": 0.26727167994812606,
            "steer": 0.0
        },
        {
            "throttle": 0.09356489089893216,
            "brake": 0.24054451195331347,
            "steer": 0.0
        },
        {
            "throttle": 0.10935103334560924,
            "brake": 0.21649006075798213,
            "steer": 0.0
        },
        {
            "throttle": 0.12473126749115027,
            "brake": 0.19484105468218393,
            "steer": 0.0
        },
        {
            "throttle": 0.1397441981104385,
            "brake": 0.17535694921396555,
            "steer": 0.0
        },
        {
            "throttle": 0.15442254334505368,
            "brake": 0.157821254292569,
            "steer": 0.0
        },
        {
            "throttle": 0.16879373031050487,
            "brake": 0.1420391288633121,
            "steer": 0.0
        },
        {
            "throttle": 0.18288043463737447,
            "brake": 0.1278352159769809,
            "steer": 0.0
        },
        {
            "throttle": 0.196701069534916,
            "brake": 0.1150516943792828,
            "steer": 0.0
        },
        {
            "throttle": 0.21027022940077836,
            "brake": 0.10354652494135452,
            "steer": 0.0
        },
        {
            "throttle": 0.2235990924921847,
            "brake": 0.09319187244721908,
            "steer": 0.0
        },
        {
            "throttle": 0.23669578671644076,
            "brake": 0.08387268520249717,
            "steer": 0.0
        },
        {
            "throttle": 0.2495657221869964,
            "brake": 0.07548541668224745,
            "steer": 0.0
        },
        {
            "throttle": 0.2622118938208756,
            "brake": 0.06793687501402271,
            "steer": 0.0
        },
        {
            "throttle": 0.27463515692000046,
            "brake": 0.06114318751262044,
            "steer": 0.0
        },
        {
            "throttle": 0.2868344783790705,
            "brake": 0.055028868761358395,
            "steer": 0.0
        },
        {
            "throttle": 0.2988071658928792,
            "brake": 0.04952598188522256,
            "steer": 0.0
        },
        {
            "throttle": 0.3105490772932619,
            "brake": 0.0445733836967003,
            "steer": 0.0
        },
        {
            "throttle": 0.32205481192757085,
            "brake": 0.040116045327030274,
            "steer": 0.0
        },
        {
            "throttle": 0.33331788579423344,
            "brake": 0.036104440794327244,
            "steer": 0.0
        },
        {
            "throttle": 0.34433089197438566,
            "brake": 0.03249399671489452,
            "steer": 0.0
        },
        {
            "throttle": 0.35508564773980833,
            "brake": 0.029244597043405072,
            "steer": 0.0
        },
        {
            "throttle": 0.36557332957466715,
            "brake": 0.026320137339064565,
            "steer": 0.0
        },
        {
            "throttle": 0.37578459722026336,
            "brake": 0.02368812360515811,
            "steer": 0.0
        },
        {
            "throttle": 0.3857097077367106,
            "brake": 0.0213193112446423,
            "steer": 0.0
        },
        {
            "throttle": 0.3953386204718733,
            "brake": 0.01918738012017807,
            "steer": 0.0
        },
        {
            "throttle": 0.40466109373486225,
            "brake": 0.017268642108160263,
            "steer": 0.0
        },
        {
            "throttle": 0.41366677388784473,
            "brake": 0.015541777897344237,
            "steer": 0.0
        },
        {
            "throttle": 0.42234527749494055,
            "brake": 0.013987600107609813,
            "steer": 0.0
        },
        {
            "throttle": 0.43068626709969626,
            "brake": 0.012588840096848831,
            "steer": 0.0
        },
        {
            "throttle": 0.43867952114228864,
            "brake": 0.011329956087163948,
            "steer": 0.0
        },
        {
            "throttle": 0.44631499847352196,
            "brake": 0.010196960478447554,
            "steer": 0.0
        },
        {
            "throttle": 0.4535828978742277,
            "brake": 0.0091772644306028,
            "steer": 0.0
        },
        {
            "throttle": 0.46047371294529316,
            "brake": 0.008259537987542519,
            "steer": 0.0
        },
        {
            "throttle": 0.46697828269473396,
            "brake": 0.007433584188788267,
            "steer": 0.0
        },
        {
            "throttle": 0.4730878381135306,
            "brake": 0.00669022576990944,
            "steer": 0.0
        },
        {
            "throttle": 0.47879404500096573,
            "brake": 0.006021203192918496,
            "steer": 0.0
        },
        {
            "throttle": 0.4840890432725535,
            "brake": 0.005419082873626647,
            "steer": 0.0
        },
        {
            "throttle": 0.48896548295902054,
            "brake": 0.004877174586263982,
            "steer": 0.0
        },
        {
            "throttle": 0.4934165570828753,
            "brake": 0.004389457127637584,
            "steer": 0.0
        },
        {
            "throttle": 0.4974360315796218,
            "brake": 0.003950511414873826,
            "steer": 0.0
        },
        {
            "throttle": 0.5010182724133946,
            "brake": 0.003555460273386443,
            "steer": 0.0
        },
        {
            "throttle": 0.50415827002149,
            "brake": 0.0031999142460477988,
            "steer": 0.0
        },
        {
            "throttle": 0.5068516612087517,
            "brake": 0.002879922821443019,
            "steer": 0.0
        },
        {
            "throttle": 0.509094748600855,
            "brake": 0.0025919305392987173,
            "steer": 0.0
        },
        {
            "throttle": 0.5108845177550674,
            "brake": 0.0023327374853688455,
            "steer": 0.0
        },
        {
            "throttle": 0.5122186520178897,
            "brake": 0.002099463736831961,
            "steer": 0.0
        },
        {
            "throttle": 0.5130955452109824,
            "brake": 0.001889517363148765,
            "steer": 0.0
        },
        {
            "throttle": 0.5135143122198265,
            "brake": 0.0017005656268338886,
            "steer": 0.0
        },
        {
            "throttle": 0.513474797553559,
            "brake": 0.0015305090641504998,
            "steer": 0.0
        },
        {
            "throttle": 0.512977581939257,
            "brake": 0.00137745815773545,
            "steer": 0.0
        }
    ],
    "parameters": {
        "fog_density": 70.1409171825753,
        "precipitation": 7.688889490117889,
        "precipitation_deposits": 28.449115406966317,
        "wind_intensity": 5.812407604417902,
        "sun_altitude_angle": 68.54174183582167,
        "cloudiness": 10.402838071011743,
        "lead_base_throttle": 0.251677878493911,
        "lead_behavior_frequency": 0.06621576129616484,
        "lead_throttle_variation": 0.28194557912416407,
        "lead_brake_probability": 0.1444120824350857,
        "lead_brake_intensity": 0.5676556409113039,
        "lead_brake_duration": 12.922246380297189,
        "initial_distance": 49.204819689723294,
        "initial_ego_velocity": 6.198263241939366,
        "initial_lead_velocity": 14.490548421909926
    },
    "config": {
        "num_timesteps": 200,
        "dt": 0.1,
        "seed": 47
    }
}