{
    "weather": {
        "cloudiness": 29.505345186532562,
        "precipitation": 88.82338057397195,
        "precipitation_deposits": 79.78951165650292,
        "wind_intensity": 48.76294654468936,
        "sun_altitude_angle": 0.5518417143574652,
        "fog_density": 79.03306750323569,
        "fog_distance": 71.75946020826981,
        "wetness": 44.41169028698597
    },
    "initial_conditions": {
        "ego": {
            "position": {
                "x": 544.4556671947347,
                "y": 20.57,
                "z": 0.294
            },
            "yaw": 0.0,
            "velocity": 11.474186865849681
        },
        "lead": {
            "position": {
                "x": 484.88,
                "y": 20.57,
                "z": 0.294
            },
            "yaw": 0.0,
            "velocity": 24.03232224608566
        }
    },
    "ego": {
        "position": {
            "x": 544.4556671947347,
            "y": 20.57,
            "z": 0.294
        },
        "yaw": 0.0,
        "velocity": 11.474186865849681
    },
    "lead": {
        "position": {
            "x": 484.88,
            "y": 20.57,
            "z": 0.294
        },
        "yaw": 0.0,
        "velocity": 24.03232224608566
    },
    "ado_actions": [
        {
            "throttle": 0.26209883662482525,
            "brake": 0.0,
            "steer": 0.0
        },
        {
            "throttle": 0.2640995870631269,
            "brake": 0.0,
            "steer": 0.0
        },
        {
            "throttle": 0.26788021266782797,
            "brake": 0.0,
            "steer": 0.0
        },
        {
            "throttle": 0.2732213417097494,
            "brake": 0.0,
            "steer": 0.0
        },
        {
            "throttle": 0.27990538588725883,
            "brake": 0.0,
            "steer": 0.0
        },
        {
            "throttle": 0.28771700174524506,
            "brake": 0.0,
            "steer": 0.0
        },
        {
            "throttle": 0.2964437088237284,
            "brake": 0.0,
            "steer": 0.0
        },
        {
            "throttle": 0.3058766401029497,
            "brake": 0.0,
            "steer": 0.0
        },
        {
            "throttle": 0.3158114007370706,
            "brake": 0.0,
            "steer": 0.0
        },
        {
            "throttle": 0.32604901156343713,
            "brake": 0.0,
            "steer": 0.0
        },
        {
            "throttle": 0.33639691445155906,
            "brake": 0.0,
            "steer": 0.0
        },
        {
            "throttle": 0.346670017225751,
            "brake": 0.0,
            "steer": 0.0
        },
        {
            "throttle": 0.35669175666538966,
            "brake": 0.0,
            "steer": 0.0
        },
        {
            "throttle": 0.36629515896208115,
            "brake": 0.0,
            "steer": 0.0
        },
        {
            "throttle": 0.37532387799642664,
            "brake": 0.0,
            "steer": 0.0
        },
        {
            "throttle": 0.3836331928889215,
            "brake": 0.0,
            "steer": 0.0
        },
        {
            "throttle": 0.3910909474780508,
            "brake": 0.0,
            "steer": 0.0
        },
        {
            "throttle": 0.39757841568000024,
            "brake": 0.0,
            "steer": 0.0
        },
        {
            "throttle": 0.40299107808280804,
            "brake": 0.0,
            "steer": 0.0
        },
        {
            "throttle": 0.4072392966156799,
            "brake": 0.0,
            "steer": 0.0
        },
        {
            "throttle": 0.41024887570238666,
            "brake": 0.0,
            "steer": 0.0
        },
        {
            "throttle": 0.4119614999455053,
            "brake": 0.0,
            "steer": 0.0
        },
        {
            "throttle": 0.41233504008381494,
            "brake": 0.0,
            "steer": 0.0
        },
        {
            "throttle": 0.41134372070536096,
            "brake": 0.0,
            "steer": 0.0
        },
        {
            "throttle": 0.40897814496958734,
            "brake": 0.0,
            "steer": 0.0
        },
        {
            "throttle": 0.40524517337880384,
            "brake": 0.0,
            "steer": 0.0
        },
        {
            "throttle": 0.40016765542686006,
            "brake": 0.0,
            "steer": 0.0
        },
        {
            "throttle": 0.39378401472566316,
            "brake": 0.0,
            "steer": 0.0
        },
        {
            "throttle": 0.38614768995237136,
            "brake": 0.0,
            "steer": 0.0
        },
        {
            "throttle": 0.377326435656043,
            "brake": 0.0,
            "steer": 0.0
        },
        {
            "throttle": 0.36740148859677657,
            "brake": 0.0,
            "steer": 0.0
        },
        {
            "throttle": 0.3564666068479229,
            "brake": 0.0,
            "steer": 0.0
        },
        {
            "throttle": 0.3446269903583671,
            "brake": 0.0,
            "steer": 0.0
        },
        {
            "throttle": 0.33199809303351274,
            "brake": 0.0,
            "steer": 0.0
        },
        {
            "throttle": 0.31870433763774103,
            "brake": 0.0,
            "steer": 0.0
        },
        {
            "throttle": 0.3048777459361121,
            "brake": 0.0,
            "steer": 0.0
        },
        {
            "throttle": 0.29065649746850747,
            "brake": 0.0,
            "steer": 0.0
        },
        {
            "throttle": 0.27618343117617683,
            "brake": 0.0,
            "steer": 0.0
        },
        {
            "throttle": 0.26160450477110503,
            "brake": 0.0,
            "steer": 0.0
        },
        {
            "throttle": 0.24706722724662875,
            "brake": 0.0,
            "steer": 0.0
        },
        {
            "throttle": 0.23271908026879068,
            "brake": 0.0,
            "steer": 0.0
        },
        {
            "throttle": 0.21870594435916488,
            "brake": 0.0,
            "steer": 0.0
        },
        {
            "throttle": 0.20517054578015473,
            "brake": 0.0,
            "steer": 0.0
        },
        {
            "throttle": 0.19225093986361178,
            "brake": 0.0,
            "steer": 0.0
        },
        {
            "throttle": 0.18007904618531745,
            "brake": 0.0,
            "steer": 0.0
        },
        {
            "throttle": 0.16877925048537876,
            "brake": 0.0,
            "steer": 0.0
        },
        {
            "throttle": 0.1584670875735427,
            "brake": 0.0,
            "steer": 0.0
        },
        {
            "throttle": 0.14924801864607135,
            "brake": 0.0,
            "steer": 0.0
        },
        {
            "throttle": 0.1412163154859113,
            "brake": 0.0,
            "steer": 0.0
        },
        {
            "throttle": 0.1344540629306646,
            "brake": 0.0,
            "steer": 0.0
        },
        {
            "throttle": 0.12903028978488904,
            "brake": 0.0,
            "steer": 0.0
        },
        {
            "throttle": 0.12500023703732444,
            "brake": 0.0,
            "steer": 0.0
        },
        {
            "throttle": 0.12240477083365167,
            "brake": 0.0,
            "steer": 0.0
        },
        {
            "throttle": 0.12126994616619942,
            "brake": 0.0,
            "steer": 0.0
        },
        {
            "throttle": 0.12160672568927151,
            "brake": 0.0,
            "steer": 0.0
        },
        {
            "throttle": 0.12341085646877964,
            "brake": 0.0,
            "steer": 0.0
        },
        {
            "throttle": 0.12666290584440412,
            "brake": 0.0,
            "steer": 0.0
        },
        {
            "throttle": 0.13132845593864947,
            "brake": 0.0,
            "steer": 0.0
        },
        {
            "throttle": 0.13735845470711472,
            "brake": 0.0,
            "steer": 0.0
        },
        {
            "throttle": 0.1446897198052145,
            "brake": 0.0,
            "steer": 0.0
        },
        {
            "throttle": 0.15324558996539211,
            "brake": 0.0,
            "steer": 0.0
        },
        {
            "throttle": 0.16293671705208035,
            "brake": 0.0,
            "steer": 0.0
        },
        {
            "throttle": 0.17366199050523848,
            "brake": 0.0,
            "steer": 0.0
        },
        {
            "throttle": 0.18530958451243437,
            "brake": 0.0,
            "steer": 0.0
        },
        {
            "throttle": 0.19775811697846013,
            "brake": 0.0,
            "steer": 0.0
        },
        {
            "throttle": 0.21087790820363775,
            "brake": 0.0,
            "steer": 0.0
        },
        {
            "throttle": 0.22453232614937263,
            "brake": 0.0,
            "steer": 0.0
        },
        {
            "throttle": 0.23857920427292967,
            "brake": 0.0,
            "steer": 0.0
        },
        {
            "throttle": 0.2528723171621966,
            "brake": 0.0,
            "steer": 0.0
        },
        {
            "throttle": 0.2672628986032109,
            "brake": 0.0,
            "steer": 0.0
        },
        {
            "throttle": 0.281601186274707,
            "brake": 0.0,
            "steer": 0.0
        },
        {
            "throttle": 0.2957379769894803,
            "brake": 0.0,
            "steer": 0.0
        },
        {
            "throttle": 0.30952617629483986,
            "brake": 0.0,
            "steer": 0.0
        },
        {
            "throttle": 0.32282232630497587,
            "brake": 0.0,
            "steer": 0.0
        },
        {
            "throttle": 0.3354880958660951,
            "brake": 0.0,
            "steer": 0.0
        },
        {
            "throttle": 0.34739171754831977,
            "brake": 0.0,
            "steer": 0.0
        },
        {
            "throttle": 0.35840935651253997,
            "brake": 0.0,
            "steer": 0.0
        },
        {
            "throttle": 0.3684263970099054,
            "brake": 0.0,
            "steer": 0.0
        },
        {
            "throttle": 0.377338633129079,
            "brake": 0.0,
            "steer": 0.0
        },
        {
            "throttle": 0.38505335140285046,
            "brake": 0.0,
            "steer": 0.0
        },
        {
            "throttle": 0.39149029401087704,
            "brake": 0.0,
            "steer": 0.0
        },
        {
            "throttle": 0.3965824925574867,
            "brake": 0.0,
            "steer": 0.0
        },
        {
            "throttle": 0.40027696374974997,
            "brake": 0.0,
            "steer": 0.0
        },
        {
            "throttle": 0.4025352597374072,
            "brake": 0.0,
            "steer": 0.0
        },
        {
            "throttle": 0.4033338673878031,
            "brake": 0.0,
            "steer": 0.0
        },
        {
            "throttle": 0.4026644523400243,
            "brake": 0.0,
            "steer": 0.0
        },
        {
            "throttle": 0.4005339452966312,
            "brake": 0.0,
            "steer": 0.0
        },
        {
            "throttle": 0.39696446965194093,
            "brake": 0.0,
            "steer": 0.0
        },
        {
            "throttle": 0.3919931112057141,
            "brake": 0.0,
            "steer": 0.0
        },
        {
            "throttle": 0.38567153235316387,
            "brake": 0.0,
            "steer": 0.0
        },
        {
            "throttle": 0.3780654347593822,
            "brake": 0.0,
            "steer": 0.0
        },
        {
            "throttle": 0.36925387610175375,
            "brake": 0.0,
            "steer": 0.0
        },
        {
            "throttle": 0.35932844798132546,
            "brake": 0.0,
            "steer": 0.0
        },
        {
            "throttle": 0.3483923235476505,
            "brake": 0.0,
            "steer": 0.0
        },
        {
            "throttle": 0.3365591847363192,
            "brake": 0.0,
            "steer": 0.0
        },
        {
            "throttle": 0.32395204027015173,
            "brake": 0.0,
            "steer": 0.0
        },
        {
            "throttle": 0.3107019467108392,
            "brake": 0.0,
            "steer": 0.0
        },
        {
            "throttle": 0.2969466458558818,
            "brake": 0.0,
            "steer": 0.0
        },
        {
            "throttle": 0.28282913264550097,
            "brake": 0.0,
            "steer": 0.0
        },
        {
            "throttle": 0.2684961684667598,
            "brake": 0.0,
            "steer": 0.0
        },
        {
            "throttle": 0.2540967553098991,
            "brake": 0.0,
            "steer": 0.0
        },
        {
            "throttle": 0.23978058663898483,
            "brake": 0.0,
            "steer": 0.0
        },
        {
            "throttle": 0.22569649108113585,
            "brake": 0.0,
            "steer": 0.0
        },
        {
            "throttle": 0.21199088511334213,
            "brake": 0.0,
            "steer": 0.0
        },
        {
            "throttle": 0.1988062508324144,
            "brake": 0.0,
            "steer": 0.0
        },
        {
            "throttle": 0.18627965463290325,
            "brake": 0.0,
            "steer": 0.0
        },
        {
            "throttle": 0.17454132219259627,
            "brake": 0.0,
            "steer": 0.0
        },
        {
            "throttle": 0.1637132845798695,
            "brake": 0.0,
            "steer": 0.0
        },
        {
            "throttle": 0.15390810955781936,
            "brake": 0.0,
            "steer": 0.0
        },
        {
            "throttle": 0.14522773127442024,
            "brake": 0.0,
            "steer": 0.0
        },
        {
            "throttle": 0.13776239050514985,
            "brake": 0.0,
            "steer": 0.0
        },
        {
            "throttle": 0.1315896964652321,
            "brake": 0.0,
            "steer": 0.0
        },
        {
            "throttle": 0.12677381994481476,
            "brake": 0.0,
            "steer": 0.0
        },
        {
            "throttle": 0.12336482615516679,
            "brake": 0.0,
            "steer": 0.0
        },
        {
            "throttle": 0.12139815422153945,
            "brake": 0.0,
            "steer": 0.0
        },
        {
            "throttle": 0.12089424873378857,
            "brake": 0.0,
            "steer": 0.0
        },
        {
            "throttle": 0.12185834718505106,
            "brake": 0.0,
            "steer": 0.0
        },
        {
            "throttle": 0.12428042550814154,
            "brake": 0.0,
            "steer": 0.0
        },
        {
            "throttle": 0.1281353022757343,
            "brake": 0.0,
            "steer": 0.0
        },
        {
            "throttle": 0.13338290048090845,
            "brake": 0.0,
            "steer": 0.0
        },
        {
            "throttle": 0.13996866417640771,
            "brake": 0.0,
            "steer": 0.0
        },
        {
            "throttle": 0.1478241256410357,
            "brake": 0.0,
            "steer": 0.0
        },
        {
            "throttle": 0.15686761717670475,
            "brake": 0.0,
            "steer": 0.0
        },
        {
            "throttle": 0.16700512013605615,
            "brake": 0.0,
            "steer": 0.0
        },
        {
            "throttle": 0.1781312423538999,
            "brake": 0.0,
            "steer": 0.0
        },
        {
            "throttle": 0.19013031382081647,
            "brake": 0.0,
            "steer": 0.0
        },
        {
            "throttle": 0.20287758920799973,
            "brake": 0.0,
            "steer": 0.0
        },
        {
            "throttle": 0.21624054474157794,
            "brake": 0.0,
            "steer": 0.0
        },
        {
            "throttle": 0.23008025594377926,
            "brake": 0.0,
            "steer": 0.0
        },
        {
            "throttle": 0.24425284191760305,
            "brake": 0.0,
            "steer": 0.0
        },
        {
            "throttle": 0.25861096115986376,
            "brake": 0.0,
            "steer": 0.0
        },
        {
            "throttle": 0.2730053433517777,
            "brake": 0.0,
            "steer": 0.0
        },
        {
            "throttle": 0.28728634120223695,
            "brake": 0.0,
            "steer": 0.0
        },
        {
            "throttle": 0.30130548621044634,
            "brake": 0.0,
            "steer": 0.0
        },
        {
            "throttle": 0.3149170321738549,
            "brake": 0.0,
            "steer": 0.0
        },
        {
            "throttle": 0.3279794703947201,
            "brake": 0.0,
            "steer": 0.0
        },
        {
            "throttle": 0.3403570008328711,
            "brake": 0.0,
            "steer": 0.0
        },
        {
            "throttle": 0.3519209439102339,
            "brake": 0.0,
            "steer": 0.0
        },
        {
            "throttle": 0.36255107828967825,
            "brake": 0.0,
            "steer": 0.0
        },
        {
            "throttle": 0.3721368907203373,
            "brake": 0.0,
            "steer": 0.0
        },
        {
            "throttle": 0.38057872495572465,
            "brake": 0.0,
            "steer": 0.0
        },
        {
            "throttle": 0.3877888178002403,
            "brake": 0.0,
            "steer": 0.0
        },
        {
            "throttle": 0.3936922115130915,
            "brake": 0.0,
            "steer": 0.0
        },
        {
            "throttle": 0.3982275330840722,
            "brake": 0.0,
            "steer": 0.0
        },
        {
            "throttle": 0.4013476322796756,
            "brake": 0.0,
            "steer": 0.0
        },
        {
            "throttle": 0.40302007182626576,
            "brake": 0.0,
            "steer": 0.0
        },
        {
            "throttle": 0.4032274646342528,
            "brake": 0.0,
            "steer": 0.0
        },
        {
            "throttle": 0.4019676545574106,
            "brake": 0.0,
            "steer": 0.0
        },
        {
            "throttle": 0.3992537388081171,
            "brake": 0.0,
            "steer": 0.0
        },
        {
            "throttle": 0.3951139317954784,
            "brake": 0.0,
            "steer": 0.0
        },
        {
            "throttle": 0.3895912718018997,
            "brake": 0.0,
            "steer": 0.0
        },
        {
            "throttle": 0.3827431735475509,
            "brake": 0.0,
            "steer": 0.0
        },
        {
            "throttle": 0.3746408312943581,
            "brake": 0.0,
            "steer": 0.0
        },
        {
            "throttle": 0.3653684786949752,
            "brake": 0.0,
            "steer": 0.0
        },
        {
            "throttle": 0.3550225130815002,
            "brake": 0.0,
            "steer": 0.0
        },
        {
            "throttle": 0.3437104932980145,
            "brake": 0.0,
            "steer": 0.0
        },
        {
            "throttle": 0.3315500214956889,
            "brake": 0.0,
            "steer": 0.0
        },
        {
            "throttle": 0.31866752051555014,
            "brake": 0.0,
            "steer": 0.0
        },
        {
            "throttle": 0.30519691956949546,
            "brake": 0.0,
            "steer": 0.0
        },
        {
            "throttle": 0.29127826188349293,
            "brake": 0.0,
            "steer": 0.0
        },
        {
            "throttle": 0.27705624877820495,
            "brake": 0.0,
            "steer": 0.0
        },
        {
            "throttle": 0.2626787353230805,
            "brake": 0.0,
            "steer": 0.0
        },
        {
            "throttle": 0.24829519320341564,
            "brake": 0.0,
            "steer": 0.0
        },
        {
            "throttle": 0.2340551567807433,
            "brake": 0.0,
            "steer": 0.0
        },
        {
            "throttle": 0.2201066685016376,
            "brake": 0.0,
            "steer": 0.0
        },
        {
            "throttle": 0.20659473981679424,
            "brake": 0.0,
            "steer": 0.0
        },
        {
            "throttle": 0.1936598436109982,
            "brake": 0.0,
            "steer": 0.0
        },
        {
            "throttle": 0.18143645381699838,
            "brake": 0.0,
            "steer": 0.0
        },
        {
            "throttle": 0.17005164739577325,
            "brake": 0.0,
            "steer": 0.0
        },
        {
            "throttle": 0.15962378321729798,
            "brake": 0.0,
            "steer": 0.0
        },
        {
            "throttle": 0.15026127157645017,
            "brake": 0.0,
            "steer": 0.0
        },
        {
            "throttle": 0.14206144713642774,
            "brake": 0.0,
            "steer": 0.0
        },
        {
            "throttle": 0.13510955701679978,
            "brake": 0.0,
            "steer": 0.0
        },
        {
            "throttle": 0.12947787454624163,
            "brake": 0.0,
            "steer": 0.0
        },
        {
            "throttle": 0.12522494789356967,
            "brake": 0.0,
            "steer": 0.0
        },
        {
            "throttle": 0.12239499138846713,
            "brake": 0.0,
            "steer": 0.0
        },
        {
            "throttle": 0.12101742585986024,
            "brake": 0.0,
            "steer": 0.0
        },
        {
            "throttle": 0.12110657277068454,
            "brake": 0.0,
            "steer": 0.0
        },
        {
            "throttle": 0.12266150532888137,
            "brake": 0.0,
            "steer": 0.0
        },
        {
            "throttle": 0.12566605812250597,
            "brake": 0.0,
            "steer": 0.0
        },
        {
            "throttle": 0.1300889951787786,
            "brake": 0.0,
            "steer": 0.0
        },
        {
            "throttle": 0.13588433469990016,
            "brake": 0.0,
            "steer": 0.0
        },
        {
            "throttle": 0.1429918270996105,
            "brake": 0.0,
            "steer": 0.0
        },
        {
            "throttle": 0.1513375813707178,
            "brake": 0.0,
            "steer": 0.0
        },
        {
            "throttle": 0.16083483327174977,
            "brake": 0.0,
            "steer": 0.0
        },
        {
            "throttle": 0.1713848473464938,
            "brake": 0.0,
            "steer": 0.0
        },
        {
            "throttle": 0.18287794339883845,
            "brake": 0.0,
            "steer": 0.0
        },
        {
            "throttle": 0.1951946367514652,
            "brake": 0.0,
            "steer": 0.0
        },
        {
            "throttle": 0.20820688043401772,
            "brake": 0.0,
            "steer": 0.0
        },
        {
            "throttle": 0.22177939638669558,
            "brake": 0.0,
            "steer": 0.0
        },
        {
            "throttle": 0.19960145674802604,
            "brake": 0.05102315740089496,
            "steer": 0.0
        },
        {
            "throttle": 0.17964131107322345,
            "brake": 0.09694399906170043,
            "steer": 0.0
        },
        {
            "throttle": 0.1616771799659011,
            "brake": 0.13827275655642535,
            "steer": 0.0
        },
        {
            "throttle": 0.145509461969311,
            "brake": 0.17546863830167778,
            "steer": 0.0
        },
        {
            "throttle": 0.1309585157723799,
            "brake": 0.20894493187240498,
            "steer": 0.0
        },
        {
            "throttle": 0.11786266419514192,
            "brake": 0.23907359608605946,
            "steer": 0.0
        },
        {
            "throttle": 0.10607639777562773,
            "brake": 0.2661893938783485,
            "steer": 0.0
        },
        {
            "throttle": 0.09546875799806497,
            "brake": 0.2905936118914086,
            "steer": 0.0
        },
        {
            "throttle": 0.08592188219825847,
            "brake": 0.3125574081031627,
            "steer": 0.0
        },
        {
            "throttle": 0.07732969397843263,
            "brake": 0.3323248246937414,
            "steer": 0.0
        }
    ],
    "parameters": {
        "cloudiness": 29.505345186532562,
        "fog_density": 79.03306750323569,
        "initial_distance": 59.57566719473466,
        "initial_ego_velocity": 11.474186865849681,
        "initial_lead_velocity": 24.03232224608566,
        "lead_base_throttle": 0.26209883662482525,
        "lead_behavior_frequency": 0.16234765692303582,
        "lead_brake_duration": 17.38908946105417,
        "lead_brake_intensity": 0.5102315740089496,
        "lead_brake_probability": 0.08090754561512647,
        "lead_throttle_variation": 0.19648094783138,
        "precipitation": 88.82338057397195,
        "precipitation_deposits": 79.78951165650292,
        "sun_altitude_angle": 0.5518417143574652,
        "wind_intensity": 48.76294654468936
    },
    "config": {
        "num_timesteps": 200,
        "dt": 0.1,
        "seed": 59
    }
}