{
    "weather": {
        "cloudiness": 53.14326579919984,
        "precipitation": 58.99678416417839,
        "precipitation_deposits": 64.76672785712738,
        "wind_intensity": 16.429690732663904,
        "sun_altitude_angle": 7.12428784084026,
        "fog_density": 63.24709833227847,
        "fog_distance": 121.45194472859477,
        "wetness": 29.498392082089197
    },
    "initial_conditions": {
        "ego": {
            "position": {
                "x": 529.8796300142021,
                "y": 20.57,
                "z": 0.294
            },
            "yaw": 0.0,
            "velocity": 18.694296006853513
        },
        "lead": {
            "position": {
                "x": 484.88,
                "y": 20.57,
                "z": 0.294
            },
            "yaw": 0.0,
            "velocity": 18.344326061146084
        }
    },
    "ego": {
        "position": {
            "x": 529.8796300142021,
            "y": 20.57,
            "z": 0.294
        },
        "yaw": 0.0,
        "velocity": 18.694296006853513
    },
    "lead": {
        "position": {
            "x": 484.88,
            "y": 20.57,
            "z": 0.294
        },
        "yaw": 0.0,
        "velocity": 18.344326061146084
    },
    "ado_actions": [
        {
            "throttle": 0.5922038825305165,
            "brake": 0.0,
            "steer": 0.0
        },
        {
            "throttle": 0.5930540830093664,
            "brake": 0.0,
            "steer": 0.0
        },
        {
            "throttle": 0.5946677179752533,
            "brake": 0.0,
            "steer": 0.0
        },
        {
            "throttle": 0.5969649556770318,
            "brake": 0.0,
            "steer": 0.0
        },
        {
            "throttle": 0.5998722123436204,
            "brake": 0.0,
            "steer": 0.0
        },
        {
            "throttle": 0.6033215381127992,
            "brake": 0.0,
            "steer": 0.0
        },
        {
            "throttle": 0.6072500679084392,
            "brake": 0.0,
            "steer": 0.0
        },
        {
            "throttle": 0.6115995307420198,
            "brake": 0.0,
            "steer": 0.0
        },
        {
            "throttle": 0.6163158115594929,
            "brake": 0.0,
            "steer": 0.0
        },
        {
            "throttle": 0.6213485603353095,
            "brake": 0.0,
            "steer": 0.0
        },
        {
            "throttle": 0.626650843638194,
            "brake": 0.0,
            "steer": 0.0
        },
        {
            "throttle": 0.6321788343638526,
            "brake": 0.0,
            "steer": 0.0
        },
        {
            "throttle": 0.6378915357534541,
            "brake": 0.0,
            "steer": 0.0
        },
        {
            "throttle": 0.6437505361981501,
            "brake": 0.0,
            "steer": 0.0
        },
        {
            "throttle": 0.6497197916733226,
            "brake": 0.0,
            "steer": 0.0
        },
        {
            "throttle": 0.6557654329554965,
            "brake": 0.0,
            "steer": 0.0
        },
        {
            "throttle": 0.6618555950533435,
            "brake": 0.0,
            "steer": 0.0
        },
        {
            "throttle": 0.6679602665350324,
            "brake": 0.0,
            "steer": 0.0
        },
        {
            "throttle": 0.6740511566601267,
            "brake": 0.0,
            "steer": 0.0
        },
        {
            "throttle": 0.6801015784277853,
            "brake": 0.0,
            "steer": 0.0
        },
        {
            "throttle": 0.6860863458364505,
            "brake": 0.0,
            "steer": 0.0
        },
        {
            "throttle": 0.6919816838155193,
            "brake": 0.0,
            "steer": 0.0
        },
        {
            "throttle": 0.6977651494385212,
            "brake": 0.0,
            "steer": 0.0
        },
        {
            "throttle": 0.7034155631617005,
            "brake": 0.0,
            "steer": 0.0
        },
        {
            "throttle": 0.7089129489531059,
            "brake": 0.0,
            "steer": 0.0
        },
        {
            "throttle": 0.7142384822866399,
            "brake": 0.0,
            "steer": 0.0
        },
        {
            "throttle": 0.7193744450742215,
            "brake": 0.0,
            "steer": 0.0
        },
        {
            "throttle": 0.7243041866983311,
            "brake": 0.0,
            "steer": 0.0
        },
        {
            "throttle": 0.7290120903877055,
            "brake": 0.0,
            "steer": 0.0
        },
        {
            "throttle": 0.733483544251709,
            "brake": 0.0,
            "steer": 0.0
        },
        {
            "throttle": 0.7377049163546849,
            "brake": 0.0,
            "steer": 0.0
        },
        {
            "throttle": 0.741663533271119,
            "brake": 0.0,
            "steer": 0.0
        },
        {
            "throttle": 0.7453476616163315,
            "brake": 0.0,
            "steer": 0.0
        },
        {
            "throttle": 0.7487464920962357,
            "brake": 0.0,
            "steer": 0.0
        },
        {
            "throttle": 0.7518501256639682,
            "brake": 0.0,
            "steer": 0.0
        },
        {
            "throttle": 0.7546495614113633,
            "brake": 0.0,
            "steer": 0.0
        },
        {
            "throttle": 0.7571366858597275,
            "brake": 0.0,
            "steer": 0.0
        },
        {
            "throttle": 0.759304263347538,
            "brake": 0.0,
            "steer": 0.0
        },
        {
            "throttle": 0.7611459272428714,
            "brake": 0.0,
            "steer": 0.0
        },
        {
            "throttle": 0.7626561717358715,
            "brake": 0.0,
            "steer": 0.0
        },
        {
            "throttle": 0.763830343991644,
            "brake": 0.0,
            "steer": 0.0
        },
        {
            "throttle": 0.7646646364668757,
            "brake": 0.0,
            "steer": 0.0
        },
        {
            "throttle": 0.76515607921442,
            "brake": 0.0,
            "steer": 0.0
        },
        {
            "throttle": 0.7653025320192678,
            "brake": 0.0,
            "steer": 0.0
        },
        {
            "throttle": 0.7651026762269095,
            "brake": 0.0,
            "steer": 0.0
        },
        {
            "throttle": 0.7645560061412384,
            "brake": 0.0,
            "steer": 0.0
        },
        {
            "throttle": 0.7636628198839936,
            "brake": 0.0,
            "steer": 0.0
        },
        {
            "throttle": 0.7624242096214124,
            "brake": 0.0,
            "steer": 0.0
        },
        {
            "throttle": 0.7608420510763729,
            "brake": 0.0,
            "steer": 0.0
        },
        {
            "throttle": 0.7589189922559514,
            "brake": 0.0,
            "steer": 0.0
        },
        {
            "throttle": 0.7566584413350951,
            "brake": 0.0,
            "steer": 0.0
        },
        {
            "throttle": 0.6809925972015856,
            "brake": 0.07233509275726743,
            "steer": 0.0
        },
        {
            "throttle": 0.612893337481427,
            "brake": 0.13743667623880812,
            "steer": 0.0
        },
        {
            "throttle": 0.5516040037332843,
            "brake": 0.19602810137219473,
            "steer": 0.0
        },
        {
            "throttle": 0.4964436033599559,
            "brake": 0.2487603839922427,
            "steer": 0.0
        },
        {
            "throttle": 0.44679924302396035,
            "brake": 0.29621943835028586,
            "steer": 0.0
        },
        {
            "throttle": 0.4021193187215643,
            "brake": 0.33893258727252473,
            "steer": 0.0
        },
        {
            "throttle": 0.3619073868494079,
            "brake": 0.37737442130253973,
            "steer": 0.0
        },
        {
            "throttle": 0.3257166481644671,
            "brake": 0.4119720719295532,
            "steer": 0.0
        },
        {
            "throttle": 0.2931449833480204,
            "brake": 0.4431099574938653,
            "steer": 0.0
        },
        {
            "throttle": 0.2638304850132184,
            "brake": 0.47113405450174617,
            "steer": 0.0
        },
        {
            "throttle": 0.23744743651189654,
            "brake": 0.496355741808839,
            "steer": 0.0
        },
        {
            "throttle": 0.2137026928607069,
            "brake": 0.5190552603852225,
            "steer": 0.0
        },
        {
            "throttle": 0.1923324235746362,
            "brake": 0.5394848271039677,
            "steer": 0.0
        },
        {
            "throttle": 0.17309918121717258,
            "brake": 0.5578714371508384,
            "steer": 0.0
        },
        {
            "throttle": 0.21866030487938032,
            "brake": 0.5020842934357546,
            "steer": 0.0
        },
        {
            "throttle": 0.2588276094379047,
            "brake": 0.4518758640921791,
            "steer": 0.0
        },
        {
            "throttle": 0.2941347002274769,
            "brake": 0.40668827768296123,
            "steer": 0.0
        },
        {
            "throttle": 0.3250635541991304,
            "brake": 0.3660194499146651,
            "steer": 0.0
        },
        {
            "throttle": 0.35204969106407186,
            "brake": 0.3294175049231986,
            "steer": 0.0
        },
        {
            "throttle": 0.37548682374902226,
            "brake": 0.29647575443087876,
            "steer": 0.0
        },
        {
            "throttle": 0.3957310402221661,
            "brake": 0.2668281789877909,
            "steer": 0.0
        },
        {
            "throttle": 0.4131045635502907,
            "brake": 0.2401453610890118,
            "steer": 0.0
        },
        {
            "throttle": 0.4278991323690049,
            "brake": 0.21613082498011063,
            "steer": 0.0
        },
        {
            "throttle": 0.440379039737092,
            "brake": 0.19451774248209958,
            "steer": 0.0
        },
        {
            "throttle": 0.4507838645562734,
            "brake": 0.17506596823388962,
            "steer": 0.0
        },
        {
            "throttle": 0.45933092632682304,
            "brake": 0.15755937141050066,
            "steer": 0.0
        },
        {
            "throttle": 0.46621749093965903,
            "brake": 0.1418034342694506,
            "steer": 0.0
        },
        {
            "throttle": 0.4716227524426408,
            "brake": 0.12762309084250556,
            "steer": 0.0
        },
        {
            "throttle": 0.47570961323210376,
            "brake": 0.11486078175825501,
            "steer": 0.0
        },
        {
            "throttle": 0.47862628288254017,
            "brake": 0.1033747035824295,
            "steer": 0.0
        },
        {
            "throttle": 0.4805077138129063,
            "brake": 0.09303723322418656,
            "steer": 0.0
        },
        {
            "throttle": 0.4814768901749268,
            "brake": 0.08373350990176791,
            "steer": 0.0
        },
        {
            "throttle": 0.481645984716823,
            "brake": 0.07536015891159112,
            "steer": 0.0
        },
        {
            "throttle": 0.48111739690699035,
            "brake": 0.067824143020432,
            "steer": 0.0
        },
        {
            "throttle": 0.47998468427996643,
            "brake": 0.06104172871838881,
            "steer": 0.0
        },
        {
            "throttle": 0.47833339777688905,
            "brake": 0.05493755584654993,
            "steer": 0.0
        },
        {
            "throttle": 0.476241830781317,
            "brake": 0.04944380026189494,
            "steer": 0.0
        },
        {
            "throttle": 0.47378169058689035,
            "brake": 0.044499420235705446,
            "steer": 0.0
        },
        {
            "throttle": 0.4710187001651305,
            "brake": 0.0400494782121349,
            "steer": 0.0
        },
        {
            "throttle": 0.46801313732009253,
            "brake": 0.03604453039092141,
            "steer": 0.0
        },
        {
            "throttle": 0.4648203176129164,
            "brake": 0.03244007735182927,
            "steer": 0.0
        },
        {
            "throttle": 0.46149102680576926,
            "brake": 0.029196069616646347,
            "steer": 0.0
        },
        {
            "throttle": 0.45807190800421815,
            "brake": 0.02627646265498171,
            "steer": 0.0
        },
        {
            "throttle": 0.4546058081633918,
            "brake": 0.023648816389483542,
            "steer": 0.0
        },
        {
            "throttle": 0.4511320881607003,
            "brake": 0.021283934750535187,
            "steer": 0.0
        },
        {
            "throttle": 0.4476869002212679,
            "brake": 0.01915554127548167,
            "steer": 0.0
        },
        {
            "throttle": 0.4443034361069848,
            "brake": 0.017239987147933504,
            "steer": 0.0
        },
        {
            "throttle": 0.44101214914206127,
            "brake": 0.015515988433140154,
            "steer": 0.0
        },
        {
            "throttle": 0.43784095284344093,
            "brake": 0.013964389589826138,
            "steer": 0.0
        },
        {
            "throttle": 0.43481539865004254,
            "brake": 0.012567950630843525,
            "steer": 0.0
        },
        {
            "throttle": 0.43195883499753557,
            "brake": 0.011311155567759173,
            "steer": 0.0
        },
        {
            "throttle": 0.4292925497624934,
            "brake": 0.010180040010983256,
            "steer": 0.0
        },
        {
            "throttle": 0.4268358978988698,
            "brake": 0.00916203600988493,
            "steer": 0.0
        },
        {
            "throttle": 0.4246064159086052,
            "brake": 0.008245832408896437,
            "steer": 0.0
        },
        {
            "throttle": 0.42261992462481685,
            "brake": 0.007421249168006794,
            "steer": 0.0
        },
        {
            "throttle": 0.4208906216386715,
            "brake": 0.006679124251206115,
            "steer": 0.0
        },
        {
            "throttle": 0.41943116456809393,
            "brake": 0.006011211826085504,
            "steer": 0.0
        },
        {
            "throttle": 0.41825274624647146,
            "brake": 0.005410090643476953,
            "steer": 0.0
        },
        {
            "throttle": 0.41736516280119534,
            "brake": 0.004869081579129258,
            "steer": 0.0
        },
        {
            "throttle": 0.41677687549405373,
            "brake": 0.004382173421216332,
            "steer": 0.0
        },
        {
            "throttle": 0.41649506710712125,
            "brake": 0.003943956079094699,
            "steer": 0.0
        },
        {
            "throttle": 0.37484556039640915,
            "brake": 0.07588465322845266,
            "steer": 0.0
        },
        {
            "throttle": 0.33736100435676825,
            "brake": 0.14063128066287484,
            "steer": 0.0
        },
        {
            "throttle": 0.3036249039210914,
            "brake": 0.19890324535385479,
            "steer": 0.0
        },
        {
            "throttle": 0.2732624135289823,
            "brake": 0.2513480135757368,
            "steer": 0.0
        },
        {
            "throttle": 0.24593617217608407,
            "brake": 0.2985483049754305,
            "steer": 0.0
        },
        {
            "throttle": 0.22134255495847566,
            "brake": 0.34102856723515484,
            "steer": 0.0
        },
        {
            "throttle": 0.1992082994626281,
            "brake": 0.37926080326890677,
            "steer": 0.0
        },
        {
            "throttle": 0.1792874695163653,
            "brake": 0.4136698156992835,
            "steer": 0.0
        },
        {
            "throttle": 0.16135872256472877,
            "brake": 0.4446379268866226,
            "steer": 0.0
        },
        {
            "throttle": 0.1452228503082559,
            "brake": 0.4725092269552278,
            "steer": 0.0
        },
        {
            "throttle": 0.13070056527743032,
            "brake": 0.49759339701697247,
            "steer": 0.0
        },
        {
            "throttle": 0.1176305087496873,
            "brake": 0.5201691500725427,
            "steer": 0.0
        },
        {
            "throttle": 0.10586745787471856,
            "brake": 0.5404873278225559,
            "steer": 0.0
        },
        {
            "throttle": 0.0952807120872467,
            "brake": 0.5587736877975678,
            "steer": 0.0
        },
        {
            "throttle": 0.13480127092971575,
            "brake": 0.502896319017811,
            "steer": 0.0
        },
        {
            "throttle": 0.1710946957102721,
            "brake": 0.45260668711602986,
            "steer": 0.0
        },
        {
            "throttle": 0.20450309954967205,
            "brake": 0.40734601840442686,
            "steer": 0.0
        },
        {
            "throttle": 0.23533285574220472,
            "brake": 0.36661141656398416,
            "steer": 0.0
        },
        {
            "throttle": 0.26385813503862593,
            "brake": 0.32995027490758577,
            "steer": 0.0
        },
        {
            "throttle": 0.2903240924150713,
            "brake": 0.2969552474168272,
            "steer": 0.0
        },
        {
            "throttle": 0.31494973844811514,
            "brake": 0.26725972267514453,
            "steer": 0.0
        },
        {
            "throttle": 0.33793052689738334,
            "brake": 0.2405337504076301,
            "steer": 0.0
        },
        {
            "throttle": 0.35944068693011794,
            "brake": 0.2164803753668671,
            "steer": 0.0
        },
        {
            "throttle": 0.3234966182371061,
            "brake": 0.26716743058744785,
            "steer": 0.0
        },
        {
            "throttle": 0.2911469564133955,
            "brake": 0.3127857802859705,
            "steer": 0.0
        },
        {
            "throttle": 0.26203226077205594,
            "brake": 0.35384229501464093,
            "steer": 0.0
        },
        {
            "throttle": 0.23582903469485034,
            "brake": 0.39079315827044425,
            "steer": 0.0
        },
        {
            "throttle": 0.21224613122536531,
            "brake": 0.4240489352006672,
            "steer": 0.0
        },
        {
            "throttle": 0.19102151810282877,
            "brake": 0.45397913443786797,
            "steer": 0.0
        },
        {
            "throttle": 0.1719193662925459,
            "brake": 0.4809163137513486,
            "steer": 0.0
        },
        {
            "throttle": 0.1547274296632913,
            "brake": 0.5051597751334812,
            "steer": 0.0
        },
        {
            "throttle": 0.13925468669696217,
            "brake": 0.5269788903774005,
            "steer": 0.0
        },
        {
            "throttle": 0.12532921802726596,
            "brake": 0.5466160940969279,
            "steer": 0.0
        },
        {
            "throttle": 0.11279629622453936,
            "brake": 0.5642895774445026,
            "steer": 0.0
        },
        {
            "throttle": 0.10151666660208543,
            "brake": 0.5801957124573198,
            "steer": 0.0
        },
        {
            "throttle": 0.09136499994187688,
            "brake": 0.5945112339688553,
            "steer": 0.0
        },
        {
            "throttle": 0.0822284999476892,
            "brake": 0.6073952033292372,
            "steer": 0.0
        },
        {
            "throttle": 0.14171702986608198,
            "brake": 0.5466556829963135,
            "steer": 0.0
        },
        {
            "throttle": 0.12754532687947379,
            "brake": 0.5643252074539497,
            "steer": 0.0
        },
        {
            "throttle": 0.11479079419152641,
            "brake": 0.5802277794658222,
            "steer": 0.0
        },
        {
            "throttle": 0.10331171477237377,
            "brake": 0.5945400942765074,
            "steer": 0.0
        },
        {
            "throttle": 0.0929805432951364,
            "brake": 0.6074211776061241,
            "steer": 0.0
        },
        {
            "throttle": 0.08368248896562276,
            "brake": 0.6190141526027791,
            "steer": 0.0
        },
        {
            "throttle": 0.07531424006906048,
            "brake": 0.6294478300997687,
            "steer": 0.0
        },
        {
            "throttle": 0.06778281606215444,
            "brake": 0.6388381398470593,
            "steer": 0.0
        },
        {
            "throttle": 0.061004534455939,
            "brake": 0.6472894186196209,
            "steer": 0.0
        },
        {
            "throttle": 0.0549040810103451,
            "brake": 0.6548955695149262,
            "steer": 0.0
        },
        {
            "throttle": 0.04941367290931059,
            "brake": 0.6617411053207011,
            "steer": 0.0
        },
        {
            "throttle": 0.04447230561837953,
            "brake": 0.6679020875458984,
            "steer": 0.0
        },
        {
            "throttle": 0.04002507505654158,
            "brake": 0.673446971548576,
            "steer": 0.0
        },
        {
            "throttle": 0.03602256755088742,
            "brake": 0.6784373671509859,
            "steer": 0.0
        },
        {
            "throttle": 0.03242031079579868,
            "brake": 0.6829287231931548,
            "steer": 0.0
        },
        {
            "throttle": 0.10552267673563107,
            "brake": 0.6146358508738393,
            "steer": 0.0
        },
        {
            "throttle": 0.17164504380411547,
            "brake": 0.5531722657864554,
            "steer": 0.0
        },
        {
            "throttle": 0.23144956841801947,
            "brake": 0.4978550392078099,
            "steer": 0.0
        },
        {
            "throttle": 0.28553158679401514,
            "brake": 0.4480695352870289,
            "steer": 0.0
        },
        {
            "throttle": 0.33442637181716983,
            "brake": 0.403262581758326,
            "steer": 0.0
        },
        {
            "throttle": 0.3786152153103828,
            "brake": 0.36293632358249345,
            "steer": 0.0
        },
        {
            "throttle": 0.41853090300873286,
            "brake": 0.3266426912242441,
            "steer": 0.0
        },
        {
            "throttle": 0.4545626428103926,
            "brake": 0.2939784221018197,
            "steer": 0.0
        },
        {
            "throttle": 0.48706050081700797,
            "brake": 0.26458057989163775,
            "steer": 0.0
        },
        {
            "throttle": 0.5163393942238929,
            "brake": 0.238122521902474,
            "steer": 0.0
        },
        {
            "throttle": 0.5426826852134184,
            "brake": 0.21431026971222658,
            "steer": 0.0
        },
        {
            "throttle": 0.5663454155890411,
            "brake": 0.19287924274100393,
            "steer": 0.0
        },
        {
            "throttle": 0.5875572179134,
            "brake": 0.17359131846690354,
            "steer": 0.0
        },
        {
            "throttle": 0.6065249353376412,
            "brake": 0.15623218662021318,
            "steer": 0.0
        },
        {
            "throttle": 0.6234349790908065,
            "brake": 0.14060896795819186,
            "steer": 0.0
        },
        {
            "throttle": 0.6384554497019773,
            "brake": 0.12654807116237268,
            "steer": 0.0
        },
        {
            "throttle": 0.6517380454216593,
            "brake": 0.11389326404613542,
            "steer": 0.0
        },
        {
            "throttle": 0.6634197789636354,
            "brake": 0.10250393764152188,
            "steer": 0.0
        },
        {
            "throttle": 0.6736245215781156,
            "brake": 0.0922535438773697,
            "steer": 0.0
        },
        {
            "throttle": 0.6824643915679687,
            "brake": 0.08302818948963273,
            "steer": 0.0
        },
        {
            "throttle": 0.6900410026510038,
            "brake": 0.07472537054066945,
            "steer": 0.0
        },
        {
            "throttle": 0.6964465860336482,
            "brake": 0.0672528334866025,
            "steer": 0.0
        },
        {
            "throttle": 0.7017649986778157,
            "brake": 0.060527550137942254,
            "steer": 0.0
        },
        {
            "throttle": 0.706072628997863,
            "brake": 0.05447479512414803,
            "steer": 0.0
        },
        {
            "throttle": 0.7094392101044247,
            "brake": 0.04902731561173323,
            "steer": 0.0
        },
        {
            "throttle": 0.7119285497041031,
            "brake": 0.044124584050559905,
            "steer": 0.0
        },
        {
            "throttle": 0.7135991848572426,
            "brake": 0.039712125645503915,
            "steer": 0.0
        },
        {
            "throttle": 0.7145049689802099,
            "brake": 0.03574091308095353,
            "steer": 0.0
        },
        {
            "throttle": 0.7146955977446461,
            "brake": 0.03216682177285818,
            "steer": 0.0
        },
        {
            "throttle": 0.7142170798658405,
            "brake": 0.028950139595572362,
            "steer": 0.0
        },
        {
            "throttle": 0.7131121581783388,
            "brake": 0.026055125636015128,
            "steer": 0.0
        },
        {
            "throttle": 0.7114206858624978,
            "brake": 0.023449613072413614,
            "steer": 0.0
        },
        {
            "throttle": 0.7091799622049547,
            "brake": 0.021104651765172254,
            "steer": 0.0
        },
        {
            "throttle": 0.706425031843523,
            "brake": 0.01899418658865503,
            "steer": 0.0
        },
        {
            "throttle": 0.7031889510580133,
            "brake": 0.017094767929789527,
            "steer": 0.0
        },
        {
            "throttle": 0.6995030243185456,
            "brake": 0.015385291136810574,
            "steer": 0.0
        }
    ],
    "parameters": {
        "cloudiness": 53.14326579919984,
        "fog_density": 63.24709833227847,
        "initial_distance": 44.99963001420207,
        "initial_ego_velocity": 18.694296006853513,
        "initial_lead_velocity": 18.344326061146084,
        "lead_base_throttle": 0.5922038825305165,
        "lead_behavior_frequency": 0.0721293091410264,
        "lead_brake_duration": 14.30140757789936,
        "lead_brake_intensity": 0.7233509275726743,
        "lead_brake_probability": 0.2369026445757309,
        "lead_throttle_variation": 0.18766288221901006,
        "precipitation": 58.99678416417839,
        "precipitation_deposits": 64.76672785712738,
        "sun_altitude_angle": 7.12428784084026,
        "wind_intensity": 16.429690732663904
    },
    "config": {
        "num_timesteps": 200,
        "dt": 0.1,
        "seed": 75
    }
}