{
    "weather": {
        "cloudiness": 59.999443962841035,
        "precipitation": 3.7365213403351527,
        "precipitation_deposits": 82.41678983902251,
        "wind_intensity": 32.70350099395367,
        "sun_altitude_angle": 25.122925517897542,
        "fog_density": 26.973079965831133,
        "fog_distance": 406.9346524474515,
        "wetness": 1.8682606701675764
    },
    "initial_conditions": {
        "ego": {
            "position": {
                "x": 505.0459060664121,
                "y": 20.57,
                "z": 0.294
            },
            "yaw": 0.0,
            "velocity": 8.819875064119415
        },
        "lead": {
            "position": {
                "x": 484.88,
                "y": 20.57,
                "z": 0.294
            },
            "yaw": 0.0,
            "velocity": 6.971147915683316
        }
    },
    "ego": {
        "position": {
            "x": 505.0459060664121,
            "y": 20.57,
            "z": 0.294
        },
        "yaw": 0.0,
        "velocity": 8.819875064119415
    },
    "lead": {
        "position": {
            "x": 484.88,
            "y": 20.57,
            "z": 0.294
        },
        "yaw": 0.0,
        "velocity": 6.971147915683316
    },
    "ado_actions": [
        {
            "throttle": 0.27205808618796407,
            "brake": 0.0,
            "steer": 0.0
        },
        {
            "throttle": 0.27238436246271847,
            "brake": 0.0,
            "steer": 0.0
        },
        {
            "throttle": 0.27300296637186694,
            "brake": 0.0,
            "steer": 0.0
        },
        {
            "throttle": 0.2738820284746587,
            "brake": 0.0,
            "steer": 0.0
        },
        {
            "throttle": 0.2749915612852533,
            "brake": 0.0,
            "steer": 0.0
        },
        {
            "throttle": 0.27630328703607404,
            "brake": 0.0,
            "steer": 0.0
        },
        {
            "throttle": 0.2777904878837939,
            "brake": 0.0,
            "steer": 0.0
        },
        {
            "throttle": 0.27942787622794873,
            "brake": 0.0,
            "steer": 0.0
        },
        {
            "throttle": 0.2811914830243863,
            "brake": 0.0,
            "steer": 0.0
        },
        {
            "throttle": 0.28305856216718994,
            "brake": 0.0,
            "steer": 0.0
        },
        {
            "throttle": 0.28500750918551193,
            "brake": 0.0,
            "steer": 0.0
        },
        {
            "throttle": 0.2870177926578643,
            "brake": 0.0,
            "steer": 0.0
        },
        {
            "throttle": 0.28906989688758833,
            "brake": 0.0,
            "steer": 0.0
        },
        {
            "throttle": 0.2911452745110262,
            "brake": 0.0,
            "steer": 0.0
        },
        {
            "throttle": 0.2932263078257602,
            "brake": 0.0,
            "steer": 0.0
        },
        {
            "throttle": 0.29529627773143163,
            "brake": 0.0,
            "steer": 0.0
        },
        {
            "throttle": 0.2973393392712341,
            "brake": 0.0,
            "steer": 0.0
        },
        {
            "throttle": 0.2993405028492196,
            "brake": 0.0,
            "steer": 0.0
        },
        {
            "throttle": 0.30128562027796213,
            "brake": 0.0,
            "steer": 0.0
        },
        {
            "throttle": 0.30316137488371897,
            "brake": 0.0,
            "steer": 0.0
        },
        {
            "throttle": 0.3049552749627351,
            "brake": 0.0,
            "steer": 0.0
        },
        {
            "throttle": 0.3066556499434114,
            "brake": 0.0,
            "steer": 0.0
        },
        {
            "throttle": 0.3082516486652775,
            "brake": 0.0,
            "steer": 0.0
        },
        {
            "throttle": 0.3097332392376021,
            "brake": 0.0,
            "steer": 0.0
        },
        {
            "throttle": 0.3110912099884883,
            "brake": 0.0,
            "steer": 0.0
        },
        {
            "throttle": 0.3123171710598611,
            "brake": 0.0,
            "steer": 0.0
        },
        {
            "throttle": 0.31340355624521415,
            "brake": 0.0,
            "steer": 0.0
        },
        {
            "throttle": 0.314343624705666,
            "brake": 0.0,
            "steer": 0.0
        },
        {
            "throttle": 0.31513146223607136,
            "brake": 0.0,
            "steer": 0.0
        },
        {
            "throttle": 0.3157619817868838,
            "brake": 0.0,
            "steer": 0.0
        },
        {
            "throttle": 0.31623092297939875,
            "brake": 0.0,
            "steer": 0.0
        },
        {
            "throttle": 0.31653485038210605,
            "brake": 0.0,
            "steer": 0.0
        },
        {
            "throttle": 0.31667115034432053,
            "brake": 0.0,
            "steer": 0.0
        },
        {
            "throttle": 0.3166380262101825,
            "brake": 0.0,
            "steer": 0.0
        },
        {
            "throttle": 0.316434491761649,
            "brake": 0.0,
            "steer": 0.0
        },
        {
            "throttle": 0.3160603627633433,
            "brake": 0.0,
            "steer": 0.0
        },
        {
            "throttle": 0.3155162465051832,
            "brake": 0.0,
            "steer": 0.0
        },
        {
            "throttle": 0.31480352926064636,
            "brake": 0.0,
            "steer": 0.0
        },
        {
            "throttle": 0.3139243615994188,
            "brake": 0.0,
            "steer": 0.0
        },
        {
            "throttle": 0.3128816415130607,
            "brake": 0.0,
            "steer": 0.0
        },
        {
            "throttle": 0.3116789953312653,
            "brake": 0.0,
            "steer": 0.0
        },
        {
            "throttle": 0.31032075642430207,
            "brake": 0.0,
            "steer": 0.0
        },
        {
            "throttle": 0.3088119417043689,
            "brake": 0.0,
            "steer": 0.0
        },
        {
            "throttle": 0.3071582259548393,
            "brake": 0.0,
            "steer": 0.0
        },
        {
            "throttle": 0.3053659140318006,
            "brake": 0.0,
            "steer": 0.0
        },
        {
            "throttle": 0.3034419109968459,
            "brake": 0.0,
            "steer": 0.0
        },
        {
            "throttle": 0.30139369025382035,
            "brake": 0.0,
            "steer": 0.0
        },
        {
            "throttle": 0.29922925977512227,
            "brake": 0.0,
            "steer": 0.0
        },
        {
            "throttle": 0.29695712651523914,
            "brake": 0.0,
            "steer": 0.0
        },
        {
            "throttle": 0.2945862591204407,
            "brake": 0.0,
            "steer": 0.0
        },
        {
            "throttle": 0.29212604905396755,
            "brake": 0.0,
            "steer": 0.0
        },
        {
            "throttle": 0.2895862702656331,
            "brake": 0.0,
            "steer": 0.0
        },
        {
            "throttle": 0.28697703754349607,
            "brake": 0.0,
            "steer": 0.0
        },
        {
            "throttle": 0.28430876369316255,
            "brake": 0.0,
            "steer": 0.0
        },
        {
            "throttle": 0.28159211569732634,
            "brake": 0.0,
            "steer": 0.0
        },
        {
            "throttle": 0.2788379700143644,
            "brake": 0.0,
            "steer": 0.0
        },
        {
            "throttle": 0.27605736718015605,
            "brake": 0.0,
            "steer": 0.0
        },
        {
            "throttle": 0.2732614658817989,
            "brake": 0.0,
            "steer": 0.0
        },
        {
            "throttle": 0.27046149667554387,
            "brake": 0.0,
            "steer": 0.0
        },
        {
            "throttle": 0.2676687155240772,
            "brake": 0.0,
            "steer": 0.0
        },
        {
            "throttle": 0.26489435733023176,
            "brake": 0.0,
            "steer": 0.0
        },
        {
            "throttle": 0.26214958964532903,
            "brake": 0.0,
            "steer": 0.0
        },
        {
            "throttle": 0.2594454667306396,
            "brake": 0.0,
            "steer": 0.0
        },
        {
            "throttle": 0.25679288414991264,
            "brake": 0.0,
            "steer": 0.0
        },
        {
            "throttle": 0.2542025340695793,
            "brake": 0.0,
            "steer": 0.0
        },
        {
            "throttle": 0.2516848614410952,
            "brake": 0.0,
            "steer": 0.0
        },
        {
            "throttle": 0.24925002123696377,
            "brake": 0.0,
            "steer": 0.0
        },
        {
            "throttle": 0.24690783690830664,
            "brake": 0.0,
            "steer": 0.0
        },
        {
            "throttle": 0.24466776022742517,
            "brake": 0.0,
            "steer": 0.0
        },
        {
            "throttle": 0.24253883267366766,
            "brake": 0.0,
            "steer": 0.0
        },
        {
            "throttle": 0.24052964851509392,
            "brake": 0.0,
            "steer": 0.0
        },
        {
            "throttle": 0.23864831973194872,
            "brake": 0.0,
            "steer": 0.0
        },
        {
            "throttle": 0.23690244292084434,
            "brake": 0.0,
            "steer": 0.0
        },
        {
            "throttle": 0.2352990683108444,
            "brake": 0.0,
            "steer": 0.0
        },
        {
            "throttle": 0.2338446710143722,
            "brake": 0.0,
            "steer": 0.0
        },
        {
            "throttle": 0.232545124627069,
            "brake": 0.0,
            "steer": 0.0
        },
        {
            "throttle": 0.23140567728144643,
            "brake": 0.0,
            "steer": 0.0
        },
        {
            "throttle": 0.23043093024944564,
            "brake": 0.0,
            "steer": 0.0
        },
        {
            "throttle": 0.22962481917888014,
            "brake": 0.0,
            "steer": 0.0
        },
        {
            "throttle": 0.2289905980382415,
            "brake": 0.0,
            "steer": 0.0
        },
        {
            "throttle": 0.2285308258335296,
            "brake": 0.0,
            "steer": 0.0
        },
        {
            "throttle": 0.20567774325017665,
            "brake": 0.01875426060660428,
            "steer": 0.0
        },
        {
            "throttle": 0.185109968925159,
            "brake": 0.03563309515254813,
            "steer": 0.0
        },
        {
            "throttle": 0.1665989720326431,
            "brake": 0.050824046243897594,
            "steer": 0.0
        },
        {
            "throttle": 0.1499390748293788,
            "brake": 0.06449590222611211,
            "steer": 0.0
        },
        {
            "throttle": 0.1349451673464409,
            "brake": 0.07680057261010517,
            "steer": 0.0
        },
        {
            "throttle": 0.12145065061179681,
            "brake": 0.08787477595569894,
            "steer": 0.0
        },
        {
            "throttle": 0.10930558555061713,
            "brake": 0.09784155896673333,
            "steer": 0.0
        },
        {
            "throttle": 0.09837502699555542,
            "brake": 0.10681166367666427,
            "steer": 0.0
        },
        {
            "throttle": 0.08853752429599988,
            "brake": 0.11488475791560211,
            "steer": 0.0
        },
        {
            "throttle": 0.0796837718663999,
            "brake": 0.12215054273064618,
            "steer": 0.0
        },
        {
            "throttle": 0.0717153946797599,
            "brake": 0.12868974906418584,
            "steer": 0.0
        },
        {
            "throttle": 0.06454385521178392,
            "brake": 0.13457503476437155,
            "steer": 0.0
        },
        {
            "throttle": 0.05808946969060553,
            "brake": 0.1398717918945387,
            "steer": 0.0
        },
        {
            "throttle": 0.05228052272154498,
            "brake": 0.14463887331168912,
            "steer": 0.0
        },
        {
            "throttle": 0.04705247044939048,
            "brake": 0.1489292465871245,
            "steer": 0.0
        },
        {
            "throttle": 0.06866641782794011,
            "brake": 0.13403632192841206,
            "steer": 0.0
        },
        {
            "throttle": 0.08844213233452353,
            "brake": 0.12063268973557086,
            "steer": 0.0
        },
        {
            "throttle": 0.10656571853709465,
            "brake": 0.10856942076201377,
            "steer": 0.0
        },
        {
            "throttle": 0.1232033529070592,
            "brake": 0.0977124786858124,
            "steer": 0.0
        },
        {
            "throttle": 0.1385032727273827,
            "brake": 0.08794123081723117,
            "steer": 0.0
        },
        {
            "throttle": 0.15259757146048528,
            "brake": 0.07914710773550805,
            "steer": 0.0
        },
        {
            "throttle": 0.16560381992407786,
            "brake": 0.07123239696195725,
            "steer": 0.0
        },
        {
            "throttle": 0.17762653066663917,
            "brake": 0.06410915726576152,
            "steer": 0.0
        },
        {
            "throttle": 0.18875848117353522,
            "brake": 0.057698241539185374,
            "steer": 0.0
        },
        {
            "throttle": 0.19908190995035246,
            "brake": 0.05192841738526684,
            "steer": 0.0
        },
        {
            "throttle": 0.20866959810431476,
            "brake": 0.046735575646740156,
            "steer": 0.0
        },
        {
            "throttle": 0.21758584776189224,
            "brake": 0.04206201808206614,
            "steer": 0.0
        },
        {
            "throttle": 0.22588736750667843,
            "brake": 0.037855816273859526,
            "steer": 0.0
        },
        {
            "throttle": 0.2336240739835194,
            "brake": 0.034070234646473574,
            "steer": 0.0
        },
        {
            "throttle": 0.24083981788121053,
            "brake": 0.030663211181826217,
            "steer": 0.0
        },
        {
            "throttle": 0.24757304166646762,
            "brake": 0.027596890063643596,
            "steer": 0.0
        },
        {
            "throttle": 0.2538573756869979,
            "brake": 0.024837201057279237,
            "steer": 0.0
        },
        {
            "throttle": 0.25972217858294255,
            "brake": 0.022353480951551312,
            "steer": 0.0
        },
        {
            "throttle": 0.2651930273361692,
            "brake": 0.02011813285639618,
            "steer": 0.0
        },
        {
            "throttle": 0.2702921617390491,
            "brake": 0.018106319570756563,
            "steer": 0.0
        },
        {
            "throttle": 0.2750388875723265,
            "brake": 0.016295687613680908,
            "steer": 0.0
        },
        {
            "throttle": 0.2794499423399487,
            "brake": 0.014666118852312818,
            "steer": 0.0
        },
        {
            "throttle": 0.2835398270122994,
            "brake": 0.013199506967081536,
            "steer": 0.0
        },
        {
            "throttle": 0.28732110687368,
            "brake": 0.011879556270373383,
            "steer": 0.0
        },
        {
            "throttle": 0.29080468425107425,
            "brake": 0.010691600643336045,
            "steer": 0.0
        },
        {
            "throttle": 0.29400004561556775,
            "brake": 0.009622440579002441,
            "steer": 0.0
        },
        {
            "throttle": 0.2969154852919941,
            "brake": 0.008660196521102196,
            "steer": 0.0
        },
        {
            "throttle": 0.2995583077834849,
            "brake": 0.007794176868991977,
            "steer": 0.0
        },
        {
            "throttle": 0.3019350105129419,
            "brake": 0.00701475918209278,
            "steer": 0.0
        },
        {
            "throttle": 0.30405144860061695,
            "brake": 0.006313283263883502,
            "steer": 0.0
        },
        {
            "throttle": 0.3059129831338135,
            "brake": 0.005681954937495152,
            "steer": 0.0
        },
        {
            "throttle": 0.30752461423924105,
            "brake": 0.005113759443745637,
            "steer": 0.0
        },
        {
            "throttle": 0.30889110013900245,
            "brake": 0.004602383499371074,
            "steer": 0.0
        },
        {
            "throttle": 0.3100170632559655,
            "brake": 0.004142145149433967,
            "steer": 0.0
        },
        {
            "throttle": 0.31090708433192804,
            "brake": 0.0037279306344905703,
            "steer": 0.0
        },
        {
            "throttle": 0.3115657854312168,
            "brake": 0.0033551375710415133,
            "steer": 0.0
        },
        {
            "throttle": 0.31199790262199106,
            "brake": 0.003019623813937362,
            "steer": 0.0
        },
        {
            "throttle": 0.31220834905648115,
            "brake": 0.0027176614325436256,
            "steer": 0.0
        },
        {
            "throttle": 0.31220226910871557,
            "brake": 0.002445895289289263,
            "steer": 0.0
        },
        {
            "throttle": 0.3119850841730987,
            "brake": 0.002201305760360337,
            "steer": 0.0
        },
        {
            "throttle": 0.3115625306787123,
            "brake": 0.001981175184324303,
            "steer": 0.0
        },
        {
            "throttle": 0.3109406908316979,
            "brake": 0.001783057665891873,
            "steer": 0.0
        },
        {
            "throttle": 0.3101260165608946,
            "brake": 0.0016047518993026857,
            "steer": 0.0
        },
        {
            "throttle": 0.30912534710945955,
            "brake": 0.0014442767093724171,
            "steer": 0.0
        },
        {
            "throttle": 0.3079459206869568,
            "brake": 0.0012998490384351755,
            "steer": 0.0
        },
        {
            "throttle": 0.30659538057187813,
            "brake": 0.001169864134591658,
            "steer": 0.0
        },
        {
            "throttle": 0.30508177603331166,
            "brake": 0.0010528777211324923,
            "steer": 0.0
        },
        {
            "throttle": 0.3034135584221111,
            "brake": 0.0009475899490192431,
            "steer": 0.0
        },
        {
            "throttle": 0.30159957276606447,
            "brake": 0.0008528309541173187,
            "steer": 0.0
        },
        {
            "throttle": 0.29964904518989904,
            "brake": 0.0007675478587055869,
            "steer": 0.0
        },
        {
            "throttle": 0.297571566469182,
            "brake": 0.0006907930728350282,
            "steer": 0.0
        },
        {
            "throttle": 0.29537707201701635,
            "brake": 0.0006217137655515255,
            "steer": 0.0
        },
        {
            "throttle": 0.29307581859364357,
            "brake": 0.000559542388996373,
            "steer": 0.0
        },
        {
            "throttle": 0.290678358021424,
            "brake": 0.0005035881500967357,
            "steer": 0.0
        },
        {
            "throttle": 0.28819550818097334,
            "brake": 0.0004532293350870622,
            "steer": 0.0
        },
        {
            "throttle": 0.2856383215583058,
            "brake": 0.000407906401578356,
            "steer": 0.0
        },
        {
            "throttle": 0.2830180516075074,
            "brake": 0.0003671157614205204,
            "steer": 0.0
        },
        {
            "throttle": 0.28034611718859,
            "brake": 0.00033040418527846837,
            "steer": 0.0
        },
        {
            "throttle": 0.27763406533562307,
            "brake": 0.0002973637667506215,
            "steer": 0.0
        },
        {
            "throttle": 0.27489353260589017,
            "brake": 0.00026762739007555935,
            "steer": 0.0
        },
        {
            "throttle": 0.27213620525655935,
            "brake": 0.00024086465106800341,
            "steer": 0.0
        },
        {
            "throttle": 0.2693737784911071,
            "brake": 0.00021677818596120308,
            "steer": 0.0
        },
        {
            "throttle": 0.26661791501339815,
            "brake": 0.00019510036736508277,
            "steer": 0.0
        },
        {
            "throttle": 0.26388020312283833,
            "brake": 0.0001755903306285745,
            "steer": 0.0
        },
        {
            "throttle": 0.26117211457931394,
            "brake": 0.00015803129756571707,
            "steer": 0.0
        },
        {
            "throttle": 0.25850496246165794,
            "brake": 0.00014222816780914537,
            "steer": 0.0
        },
        {
            "throttle": 0.2558898592380953,
            "brake": 0.00012800535102823083,
            "steer": 0.0
        },
        {
            "throttle": 0.25333767526147793,
            "brake": 0.00011520481592540775,
            "steer": 0.0
        },
        {
            "throttle": 0.2508589978960953,
            "brake": 0.00010368433433286698,
            "steer": 0.0
        },
        {
            "throttle": 0.24846409147641538,
            "brake": 9.331590089958029e-05,
            "steer": 0.0
        },
        {
            "throttle": 0.24616285829125534,
            "brake": 8.398431080962226e-05,
            "steer": 0.0
        },
        {
            "throttle": 0.2439648007795912,
            "brake": 7.558587972866004e-05,
            "steer": 0.0
        },
        {
            "throttle": 0.2418789851164864,
            "brake": 6.802729175579403e-05,
            "steer": 0.0
        },
        {
            "throttle": 0.23991400635944776,
            "brake": 6.122456258021463e-05,
            "steer": 0.0
        },
        {
            "throttle": 0.23807795531691342,
            "brake": 5.5102106322193165e-05,
            "steer": 0.0
        },
        {
            "throttle": 0.23637838729154417,
            "brake": 4.959189568997385e-05,
            "steer": 0.0
        },
        {
            "throttle": 0.23482229284154738,
            "brake": 4.4632706120976464e-05,
            "steer": 0.0
        },
        {
            "throttle": 0.23341607069342313,
            "brake": 4.016943550887882e-05,
            "steer": 0.0
        },
        {
            "throttle": 0.2321655029293117,
            "brake": 3.6152491957990935e-05,
            "steer": 0.0
        },
        {
            "throttle": 0.23107573256156058,
            "brake": 3.253724276219184e-05,
            "steer": 0.0
        },
        {
            "throttle": 0.23015124359624833,
            "brake": 2.928351848597266e-05,
            "steer": 0.0
        },
        {
            "throttle": 0.22939584367623167,
            "brake": 2.6355166637375395e-05,
            "steer": 0.0
        },
        {
            "throttle": 0.2288126493828523,
            "brake": 2.3719649973637857e-05,
            "steer": 0.0
        },
        {
            "throttle": 0.2284040742637912,
            "brake": 2.1347684976274073e-05,
            "steer": 0.0
        },
        {
            "throttle": 0.22817181964272085,
            "brake": 1.9212916478646667e-05,
            "steer": 0.0
        },
        {
            "throttle": 0.22811686825442706,
            "brake": 1.7291624830782e-05,
            "steer": 0.0
        },
        {
            "throttle": 0.22823948073698475,
            "brake": 1.55624623477038e-05,
            "steer": 0.0
        },
        {
            "throttle": 0.2285391950004242,
            "brake": 1.400621611293342e-05,
            "steer": 0.0
        },
        {
            "throttle": 0.22901482847915355,
            "brake": 1.260559450164008e-05,
            "steer": 0.0
        },
        {
            "throttle": 0.22966448326325808,
            "brake": 1.1345035051476072e-05,
            "steer": 0.0
        },
        {
            "throttle": 0.2304855540917153,
            "brake": 1.0210531546328465e-05,
            "steer": 0.0
        },
        {
            "throttle": 0.23147473917859807,
            "brake": 9.189478391695618e-06,
            "steer": 0.0
        },
        {
            "throttle": 0.23262805383152263,
            "brake": 8.270530552526056e-06,
            "steer": 0.0
        },
        {
            "throttle": 0.2339408468099858,
            "brake": 7.443477497273451e-06,
            "steer": 0.0
        },
        {
            "throttle": 0.2354078193598634,
            "brake": 6.699129747546106e-06,
            "steer": 0.0
        },
        {
            "throttle": 0.23702304684925665,
            "brake": 6.029216772791496e-06,
            "steer": 0.0
        },
        {
            "throttle": 0.23878000292011617,
            "brake": 5.426295095512346e-06,
            "steer": 0.0
        },
        {
            "throttle": 0.24067158605968436,
            "brake": 4.883665585961112e-06,
            "steer": 0.0
        },
        {
            "throttle": 0.24269014848581721,
            "brake": 4.395299027365001e-06,
            "steer": 0.0
        },
        {
            "throttle": 0.24482752723071405,
            "brake": 3.955769124628501e-06,
            "steer": 0.0
        },
        {
            "throttle": 0.24707507729853515,
            "brake": 3.5601922121656508e-06,
            "steer": 0.0
        },
        {
            "throttle": 0.2494237067638575,
            "brake": 3.204172990949086e-06,
            "steer": 0.0
        },
        {
            "throttle": 0.25186391366994104,
            "brake": 2.8837556918541774e-06,
            "steer": 0.0
        },
        {
            "throttle": 0.2543858245783834,
            "brake": 2.59538012266876e-06,
            "steer": 0.0
        }
    ],
    "parameters": {
        "cloudiness": 59.999443962841035,
        "fog_density": 26.973079965831133,
        "initial_distance": 20.16590606641208,
        "initial_ego_velocity": 8.819875064119415,
        "initial_lead_velocity": 6.971147915683316,
        "lead_base_throttle": 0.27205808618796407,
        "lead_behavior_frequency": 0.1012871153846532,
        "lead_brake_duration": 15.14688649595995,
        "lead_brake_intensity": 0.18754260606604278,
        "lead_brake_probability": 0.2039554932797526,
        "lead_throttle_variation": 0.05130321966185547,
        "precipitation": 3.7365213403351527,
        "precipitation_deposits": 82.41678983902251,
        "sun_altitude_angle": 25.122925517897542,
        "wind_intensity": 32.70350099395367
    },
    "config": {
        "num_timesteps": 200,
        "dt": 0.1,
        "seed": 65
    }
}