{
    "weather": {
        "cloudiness": 82.04570016338887,
        "precipitation": 14.36784778100304,
        "precipitation_deposits": 71.83795714581046,
        "wind_intensity": 21.167742143570518,
        "sun_altitude_angle": 56.71702537941131,
        "fog_density": 21.0314746125157,
        "fog_distance": 496.0645826635083,
        "wetness": 7.18392389050152
    },
    "initial_conditions": {
        "ego": {
            "position": {
                "x": 549.6563706349162,
                "y": 20.57,
                "z": 0.294
            },
            "yaw": 0.0,
            "velocity": 17.057483563190225
        },
        "lead": {
            "position": {
                "x": 484.88,
                "y": 20.57,
                "z": 0.294
            },
            "yaw": 0.0,
            "velocity": 13.333268948944594
        }
    },
    "ego": {
        "position": {
            "x": 549.6563706349162,
            "y": 20.57,
            "z": 0.294
        },
        "yaw": 0.0,
        "velocity": 17.057483563190225
    },
    "lead": {
        "position": {
            "x": 484.88,
            "y": 20.57,
            "z": 0.294
        },
        "yaw": 0.0,
        "velocity": 13.333268948944594
    },
    "ado_actions": [
        {
            "throttle": 0.37373914928047747,
            "brake": 0.0,
            "steer": 0.0
        },
        {
            "throttle": 0.3787063323608204,
            "brake": 0.0,
            "steer": 0.0
        },
        {
            "throttle": 0.38804176177985444,
            "brake": 0.0,
            "steer": 0.0
        },
        {
            "throttle": 0.40110627956437084,
            "brake": 0.0,
            "steer": 0.0
        },
        {
            "throttle": 0.4172286924005694,
            "brake": 0.0,
            "steer": 0.0
        },
        {
            "throttle": 0.4357151134906931,
            "brake": 0.0,
            "steer": 0.0
        },
        {
            "throttle": 0.45585921845973987,
            "brake": 0.0,
            "steer": 0.0
        },
        {
            "throttle": 0.4769531595538343,
            "brake": 0.0,
            "steer": 0.0
        },
        {
            "throttle": 0.4982988732954833,
            "brake": 0.0,
            "steer": 0.0
        },
        {
            "throttle": 0.5192195126875063,
            "brake": 0.0,
            "steer": 0.0
        },
        {
            "throttle": 0.5390707361154528,
            "brake": 0.0,
            "steer": 0.0
        },
        {
            "throttle": 0.5572515913062512,
            "brake": 0.0,
            "steer": 0.0
        },
        {
            "throttle": 0.5732147439671479,
            "brake": 0.0,
            "steer": 0.0
        },
        {
            "throttle": 0.5864758168544167,
            "brake": 0.0,
            "steer": 0.0
        },
        {
            "throttle": 0.5966216257033591,
            "brake": 0.0,
            "steer": 0.0
        },
        {
            "throttle": 0.6033171232905391,
            "brake": 0.0,
            "steer": 0.0
        },
        {
            "throttle": 0.6063108914086162,
            "brake": 0.0,
            "steer": 0.0
        },
        {
            "throttle": 0.6054390521482351,
            "brake": 0.0,
            "steer": 0.0
        },
        {
            "throttle": 0.6006275039688779,
            "brake": 0.0,
            "steer": 0.0
        },
        {
            "throttle": 0.591892423917213,
            "brake": 0.0,
            "steer": 0.0
        },
        {
            "throttle": 0.5793390142945958,
            "brake": 0.0,
            "steer": 0.0
        },
        {
            "throttle": 0.563158509338748,
            "brake": 0.0,
            "steer": 0.0
        },
        {
            "throttle": 0.5436234943140853,
            "brake": 0.0,
            "steer": 0.0
        },
        {
            "throttle": 0.5210816250541157,
            "brake": 0.0,
            "steer": 0.0
        },
        {
            "throttle": 0.4959478697444174,
            "brake": 0.0,
            "steer": 0.0
        },
        {
            "throttle": 0.4686954258907021,
            "brake": 0.0,
            "steer": 0.0
        },
        {
            "throttle": 0.43984549335049783,
            "brake": 0.0,
            "steer": 0.0
        },
        {
            "throttle": 0.40995610845166464,
            "brake": 0.0,
            "steer": 0.0
        },
        {
            "throttle": 0.3796102640861233,
            "brake": 0.0,
            "steer": 0.0
        },
        {
            "throttle": 0.3494035558500696,
            "brake": 0.0,
            "steer": 0.0
        },
        {
            "throttle": 0.3199316044955576,
            "brake": 0.0,
            "steer": 0.0
        },
        {
            "throttle": 0.29177750995778357,
            "brake": 0.0,
            "steer": 0.0
        },
        {
            "throttle": 0.2654995919292061,
            "brake": 0.0,
            "steer": 0.0
        },
        {
            "throttle": 0.24161966637579516,
            "brake": 0.0,
            "steer": 0.0
        },
        {
            "throttle": 0.22061209665052336,
            "brake": 0.0,
            "steer": 0.0
        },
        {
            "throttle": 0.2028938421789225,
            "brake": 0.0,
            "steer": 0.0
        },
        {
            "throttle": 0.188815707396701,
            "brake": 0.0,
            "steer": 0.0
        },
        {
            "throttle": 0.17865496913029155,
            "brake": 0.0,
            "steer": 0.0
        },
        {
            "throttle": 0.17260953243406987,
            "brake": 0.0,
            "steer": 0.0
        },
        {
            "throttle": 0.17079373361481043,
            "brake": 0.0,
            "steer": 0.0
        },
        {
            "throttle": 0.17323587543038757,
            "brake": 0.0,
            "steer": 0.0
        },
        {
            "throttle": 0.17987754394189617,
            "brake": 0.0,
            "steer": 0.0
        },
        {
            "throttle": 0.19057471995849587,
            "brake": 0.0,
            "steer": 0.0
        },
        {
            "throttle": 0.2051006611957066,
            "brake": 0.0,
            "steer": 0.0
        },
        {
            "throttle": 0.22315049492951924,
            "brake": 0.0,
            "steer": 0.0
        },
        {
            "throttle": 0.24434742581945693,
            "brake": 0.0,
            "steer": 0.0
        },
        {
            "throttle": 0.268250430417136,
            "brake": 0.0,
            "steer": 0.0
        },
        {
            "throttle": 0.29436327935616124,
            "brake": 0.0,
            "steer": 0.0
        },
        {
            "throttle": 0.3221447009632421,
            "brake": 0.0,
            "steer": 0.0
        },
        {
            "throttle": 0.3510194766008592,
            "brake": 0.0,
            "steer": 0.0
        },
        {
            "throttle": 0.3803902389314619,
            "brake": 0.0,
            "steer": 0.0
        },
        {
            "throttle": 0.4096497298760979,
            "brake": 0.0,
            "steer": 0.0
        },
        {
            "throttle": 0.4381932656237916,
            "brake": 0.0,
            "steer": 0.0
        },
        {
            "throttle": 0.46543115182616024,
            "brake": 0.0,
            "steer": 0.0
        },
        {
            "throttle": 0.4908007931719982,
            "brake": 0.0,
            "steer": 0.0
        },
        {
            "throttle": 0.5137782478574432,
            "brake": 0.0,
            "steer": 0.0
        },
        {
            "throttle": 0.5338889889191408,
            "brake": 0.0,
            "steer": 0.0
        },
        {
            "throttle": 0.5507176507451916,
            "brake": 0.0,
            "steer": 0.0
        },
        {
            "throttle": 0.5639165599854821,
            "brake": 0.0,
            "steer": 0.0
        },
        {
            "throttle": 0.5732128751192809,
            "brake": 0.0,
            "steer": 0.0
        },
        {
            "throttle": 0.5784141875887429,
            "brake": 0.0,
            "steer": 0.0
        },
        {
            "throttle": 0.5794124690828135,
            "brake": 0.0,
            "steer": 0.0
        },
        {
            "throttle": 0.576186283605306,
            "brake": 0.0,
            "steer": 0.0
        },
        {
            "throttle": 0.5688012186831058,
            "brake": 0.0,
            "steer": 0.0
        },
        {
            "throttle": 0.5574085267305776,
            "brake": 0.0,
            "steer": 0.0
        },
        {
            "throttle": 0.5422420044300209,
            "brake": 0.0,
            "steer": 0.0
        },
        {
            "throttle": 0.5236131742573733,
            "brake": 0.0,
            "steer": 0.0
        },
        {
            "throttle": 0.5019048672310188,
            "brake": 0.0,
            "steer": 0.0
        },
        {
            "throttle": 0.47756333887042646,
            "brake": 0.0,
            "steer": 0.0
        },
        {
            "throttle": 0.45108908054328933,
            "brake": 0.0,
            "steer": 0.0
        },
        {
            "throttle": 0.4230265152336151,
            "brake": 0.0,
            "steer": 0.0
        },
        {
            "throttle": 0.3939527897263057,
            "brake": 0.0,
            "steer": 0.0
        },
        {
            "throttle": 0.3644658938036531,
            "brake": 0.0,
            "steer": 0.0
        },
        {
            "throttle": 0.3351723509031787,
            "brake": 0.0,
            "steer": 0.0
        },
        {
            "throttle": 0.306674733509305,
            "brake": 0.0,
            "steer": 0.0
        },
        {
            "throttle": 0.2795592601619474,
            "brake": 0.0,
            "steer": 0.0
        },
        {
            "throttle": 0.25438372928900055,
            "brake": 0.0,
            "steer": 0.0
        },
        {
            "throttle": 0.2316660381413888,
            "brake": 0.0,
            "steer": 0.0
        },
        {
            "throttle": 0.2118735230714693,
            "brake": 0.0,
            "steer": 0.0
        },
        {
            "throttle": 0.19541334049587783,
            "brake": 0.0,
            "steer": 0.0
        },
        {
            "throttle": 0.18262408647018608,
            "brake": 0.0,
            "steer": 0.0
        },
        {
            "throttle": 0.17376882731569548,
            "brake": 0.0,
            "steer": 0.0
        },
        {
            "throttle": 0.1690296847028373,
            "brake": 0.0,
            "steer": 0.0
        },
        {
            "throttle": 0.16850408660852337,
            "brake": 0.0,
            "steer": 0.0
        },
        {
            "throttle": 0.17220276128467318,
            "brake": 0.0,
            "steer": 0.0
        },
        {
            "throttle": 0.18004951550748513,
            "brake": 0.0,
            "steer": 0.0
        },
        {
            "throttle": 0.1918828016599535,
            "brake": 0.0,
            "steer": 0.0
        },
        {
            "throttle": 0.2074590413892606,
            "brake": 0.0,
            "steer": 0.0
        },
        {
            "throttle": 0.2264576374335291,
            "brake": 0.0,
            "steer": 0.0
        },
        {
            "throttle": 0.24848757047287867,
            "brake": 0.0,
            "steer": 0.0
        },
        {
            "throttle": 0.2730954452426994,
            "brake": 0.0,
            "steer": 0.0
        },
        {
            "throttle": 0.2997748203237552,
            "brake": 0.0,
            "steer": 0.0
        },
        {
            "throttle": 0.32797662960790475,
            "brake": 0.0,
            "steer": 0.0
        },
        {
            "throttle": 0.35712048097348115,
            "brake": 0.0,
            "steer": 0.0
        },
        {
            "throttle": 0.3866065996530085,
            "brake": 0.0,
            "steer": 0.0
        },
        {
            "throttle": 0.41582817050943716,
            "brake": 0.0,
            "steer": 0.0
        },
        {
            "throttle": 0.44418382522846067,
            "brake": 0.0,
            "steer": 0.0
        },
        {
            "throttle": 0.47109001745266155,
            "brake": 0.0,
            "steer": 0.0
        },
        {
            "throttle": 0.49599303118959387,
            "brake": 0.0,
            "steer": 0.0
        },
        {
            "throttle": 0.518380375372979,
            "brake": 0.0,
            "steer": 0.0
        },
        {
            "throttle": 0.5377913300886731,
            "brake": 0.0,
            "steer": 0.0
        },
        {
            "throttle": 0.5538264274349917,
            "brake": 0.0,
            "steer": 0.0
        },
        {
            "throttle": 0.5661556719110992,
            "brake": 0.0,
            "steer": 0.0
        },
        {
            "throttle": 0.57452533116631,
            "brake": 0.0,
            "steer": 0.0
        },
        {
            "throttle": 0.5787631573635215,
            "brake": 0.0,
            "steer": 0.0
        },
        {
            "throttle": 0.5787819317061627,
            "brake": 0.0,
            "steer": 0.0
        },
        {
            "throttle": 0.5745812591853969,
            "brake": 0.0,
            "steer": 0.0
        },
        {
            "throttle": 0.5662475766127302,
            "brake": 0.0,
            "steer": 0.0
        },
        {
            "throttle": 0.553952373771656,
            "brake": 0.0,
            "steer": 0.0
        },
        {
            "throttle": 0.5379486642938555,
            "brake": 0.0,
            "steer": 0.0
        },
        {
            "throttle": 0.5185657788840551,
            "brake": 0.0,
            "steer": 0.0
        },
        {
            "throttle": 0.4962025880417006,
            "brake": 0.0,
            "steer": 0.0
        },
        {
            "throttle": 0.4713192937466842,
            "brake": 0.0,
            "steer": 0.0
        },
        {
            "throttle": 0.44442795902536486,
            "brake": 0.0,
            "steer": 0.0
        },
        {
            "throttle": 0.4160819702860357,
            "brake": 0.0,
            "steer": 0.0
        },
        {
            "throttle": 0.38686464927532244,
            "brake": 0.0,
            "steer": 0.0
        },
        {
            "throttle": 0.357377249006789,
            "brake": 0.0,
            "steer": 0.0
        },
        {
            "throttle": 0.32822658069015687,
            "brake": 0.0,
            "steer": 0.0
        },
        {
            "throttle": 0.3000125262831319,
            "brake": 0.0,
            "steer": 0.0
        },
        {
            "throttle": 0.27331569364161534,
            "brake": 0.0,
            "steer": 0.0
        },
        {
            "throttle": 0.24868546830961072,
            "brake": 0.0,
            "steer": 0.0
        },
        {
            "throttle": 0.22662870782782013,
            "brake": 0.0,
            "steer": 0.0
        },
        {
            "throttle": 0.20759931121771505,
            "brake": 0.0,
            "steer": 0.0
        },
        {
            "throttle": 0.18683938009594356,
            "brake": 0.04898605247057818,
            "steer": 0.0
        },
        {
            "throttle": 0.1681554420863492,
            "brake": 0.09307349969409855,
            "steer": 0.0
        },
        {
            "throttle": 0.1513398978777143,
            "brake": 0.13275220219526687,
            "steer": 0.0
        },
        {
            "throttle": 0.13620590808994287,
            "brake": 0.16846303444631838,
            "steer": 0.0
        },
        {
            "throttle": 0.12258531728094858,
            "brake": 0.20060278347226473,
            "steer": 0.0
        },
        {
            "throttle": 0.11032678555285373,
            "brake": 0.22952855759561647,
            "steer": 0.0
        },
        {
            "throttle": 0.09929410699756835,
            "brake": 0.255561754306633,
            "steer": 0.0
        },
        {
            "throttle": 0.08936469629781152,
            "brake": 0.2789916313465479,
            "steer": 0.0
        },
        {
            "throttle": 0.08042822666803037,
            "brake": 0.3000785206824713,
            "steer": 0.0
        },
        {
            "throttle": 0.07238540400122734,
            "brake": 0.3190567210848024,
            "steer": 0.0
        },
        {
            "throttle": 0.06514686360110461,
            "brake": 0.33613710144690034,
            "steer": 0.0
        },
        {
            "throttle": 0.05863217724099415,
            "brake": 0.35150944377278853,
            "steer": 0.0
        },
        {
            "throttle": 0.05276895951689473,
            "brake": 0.3653445518660879,
            "steer": 0.0
        },
        {
            "throttle": 0.04749206356520526,
            "brake": 0.37779614915005727,
            "steer": 0.0
        },
        {
            "throttle": 0.04274285720868473,
            "brake": 0.38900258670562976,
            "steer": 0.0
        },
        {
            "throttle": 0.10435971121931101,
            "brake": 0.3501023280350668,
            "steer": 0.0
        },
        {
            "throttle": 0.16235406952149048,
            "brake": 0.3150920952315601,
            "steer": 0.0
        },
        {
            "throttle": 0.21644907940370417,
            "brake": 0.2835828857084041,
            "steer": 0.0
        },
        {
            "throttle": 0.26635647199612883,
            "brake": 0.25522459713756374,
            "steer": 0.0
        },
        {
            "throttle": 0.31179166047312296,
            "brake": 0.22970213742380738,
            "steer": 0.0
        },
        {
            "throttle": 0.35248784588497317,
            "brake": 0.20673192368142665,
            "steer": 0.0
        },
        {
            "throttle": 0.3882089319983598,
            "brake": 0.186058731313284,
            "steer": 0.0
        },
        {
            "throttle": 0.41876106586812745,
            "brake": 0.1674528581819556,
            "steer": 0.0
        },
        {
            "throttle": 0.44400264089429275,
            "brake": 0.15070757236376003,
            "steer": 0.0
        },
        {
            "throttle": 0.46385262333390764,
            "brake": 0.13563681512738404,
            "steer": 0.0
        },
        {
            "throttle": 0.4782970910565976,
            "brake": 0.12207313361464564,
            "steer": 0.0
        },
        {
            "throttle": 0.4873939041085874,
            "brake": 0.10986582025318108,
            "steer": 0.0
        },
        {
            "throttle": 0.4912754596826512,
            "brake": 0.09887923822786297,
            "steer": 0.0
        },
        {
            "throttle": 0.4901495186407813,
            "brake": 0.08899131440507668,
            "steer": 0.0
        },
        {
            "throttle": 0.4842981260373458,
            "brake": 0.08009218296456902,
            "steer": 0.0
        },
        {
            "throttle": 0.47407468336793757,
            "brake": 0.07208296466811212,
            "steer": 0.0
        },
        {
            "throttle": 0.45989926475321274,
            "brake": 0.06487466820130092,
            "steer": 0.0
        },
        {
            "throttle": 0.442252302208654,
            "brake": 0.058387201381170824,
            "steer": 0.0
        },
        {
            "throttle": 0.4216667958369935,
            "brake": 0.052548481243053745,
            "steer": 0.0
        },
        {
            "throttle": 0.3987192325465352,
            "brake": 0.047293633118748374,
            "steer": 0.0
        },
        {
            "throttle": 0.37401942114566883,
            "brake": 0.042564269806873535,
            "steer": 0.0
        },
        {
            "throttle": 0.3481994718666144,
            "brake": 0.038307842826186184,
            "steer": 0.0
        },
        {
            "throttle": 0.32190216409081623,
            "brake": 0.034477058543567564,
            "steer": 0.0
        },
        {
            "throttle": 0.29576895693997907,
            "brake": 0.03102935268921081,
            "steer": 0.0
        },
        {
            "throttle": 0.2704279032174882,
            "brake": 0.02792641742028973,
            "steer": 0.0
        },
        {
            "throttle": 0.24648172779811997,
            "brake": 0.025133775678260757,
            "steer": 0.0
        },
        {
            "throttle": 0.22449632694161673,
            "brake": 0.022620398110434682,
            "steer": 0.0
        },
        {
            "throttle": 0.20498993522924516,
            "brake": 0.020358358299391213,
            "steer": 0.0
        },
        {
            "throttle": 0.18842319208067226,
            "brake": 0.018322522469452093,
            "steer": 0.0
        },
        {
            "throttle": 0.17519032039361365,
            "brake": 0.016490270222506882,
            "steer": 0.0
        },
        {
            "throttle": 0.1656116061502334,
            "brake": 0.014841243200256194,
            "steer": 0.0
        },
        {
            "throttle": 0.15992734033086173,
            "brake": 0.013357118880230575,
            "steer": 0.0
        },
        {
            "throttle": 0.15829335372511238,
            "brake": 0.012021406992207518,
            "steer": 0.0
        },
        {
            "throttle": 0.16077824185841705,
            "brake": 0.010819266292986766,
            "steer": 0.0
        },
        {
            "throttle": 0.16736234193852634,
            "brake": 0.00973733966368809,
            "steer": 0.0
        },
        {
            "throttle": 0.17793848719244132,
            "brake": 0.008763605697319281,
            "steer": 0.0
        },
        {
            "throttle": 0.1923145269560312,
            "brake": 0.007887245127587353,
            "steer": 0.0
        },
        {
            "throttle": 0.21021756415304665,
            "brake": 0.007098520614828618,
            "steer": 0.0
        },
        {
            "throttle": 0.23129982610880645,
            "brake": 0.0063886685533457565,
            "steer": 0.0
        },
        {
            "throttle": 0.25514605071711177,
            "brake": 0.005749801698011181,
            "steer": 0.0
        },
        {
            "throttle": 0.28128223851160555,
            "brake": 0.005174821528210063,
            "steer": 0.0
        },
        {
            "throttle": 0.30918559282925184,
            "brake": 0.004657339375389057,
            "steer": 0.0
        },
        {
            "throttle": 0.33829544557471697,
            "brake": 0.004191605437850151,
            "steer": 0.0
        },
        {
            "throttle": 0.36802494560550175,
            "brake": 0.0037724448940651364,
            "steer": 0.0
        },
        {
            "throttle": 0.3977732708780434,
            "brake": 0.0033952004046586227,
            "steer": 0.0
        },
        {
            "throttle": 0.4269381145494,
            "brake": 0.0030556803641927604,
            "steer": 0.0
        },
        {
            "throttle": 0.4549281894409275,
            "brake": 0.0027501123277734844,
            "steer": 0.0
        },
        {
            "throttle": 0.48117549475701327,
            "brake": 0.002475101094996136,
            "steer": 0.0
        },
        {
            "throttle": 0.5051470937224914,
            "brake": 0.0022275909854965223,
            "steer": 0.0
        },
        {
            "throttle": 0.5263561607573078,
            "brake": 0.00200483188694687,
            "steer": 0.0
        },
        {
            "throttle": 0.4737205446815771,
            "brake": 0.050790401168830365,
            "steer": 0.0
        },
        {
            "throttle": 0.4263484902134194,
            "brake": 0.0946974135225255,
            "steer": 0.0
        },
        {
            "throttle": 0.38371364119207746,
            "brake": 0.13421372464085113,
            "steer": 0.0
        },
        {
            "throttle": 0.34534227707286974,
            "brake": 0.1697784046473442,
            "steer": 0.0
        },
        {
            "throttle": 0.31080804936558276,
            "brake": 0.20178661665318798,
            "steer": 0.0
        },
        {
            "throttle": 0.27972724442902447,
            "brake": 0.23059400745844738,
            "steer": 0.0
        },
        {
            "throttle": 0.251754519986122,
            "brake": 0.25652065918318084,
            "steer": 0.0
        },
        {
            "throttle": 0.22657906798750982,
            "brake": 0.27985464573544094,
            "steer": 0.0
        },
        {
            "throttle": 0.20392116118875883,
            "brake": 0.30085523363247507,
            "steer": 0.0
        },
        {
            "throttle": 0.18352904506988296,
            "brake": 0.31975576273980577,
            "steer": 0.0
        },
        {
            "throttle": 0.16517614056289467,
            "brake": 0.3367662389364034,
            "steer": 0.0
        },
        {
            "throttle": 0.14865852650660522,
            "brake": 0.35207566751334124,
            "steer": 0.0
        }
    ],
    "parameters": {
        "cloudiness": 82.04570016338887,
        "fog_density": 21.0314746125157,
        "initial_distance": 64.77637063491626,
        "initial_ego_velocity": 17.057483563190225,
        "initial_lead_velocity": 13.333268948944594,
        "lead_base_throttle": 0.37373914928047747,
        "lead_behavior_frequency": 0.22850870447592547,
        "lead_brake_duration": 15.661949674716514,
        "lead_brake_intensity": 0.4898605247057818,
        "lead_brake_probability": 0.11815620311345716,
        "lead_throttle_variation": 0.347152805168381,
        "precipitation": 14.36784778100304,
        "precipitation_deposits": 71.83795714581046,
        "sun_altitude_angle": 56.71702537941131,
        "wind_intensity": 21.167742143570518
    },
    "config": {
        "num_timesteps": 200,
        "dt": 0.1,
        "seed": 57
    }
}