{
    "weather": {
        "cloudiness": 70.30189588951778,
        "precipitation": 33.7615171403628,
        "precipitation_deposits": 94.29097039125192,
        "wind_intensity": 16.160146601037763,
        "sun_altitude_angle": 32.25487460920393,
        "fog_density": 9.589229386694624,
        "fog_distance": 726.409786227375,
        "wetness": 16.8807585701814
    },
    "initial_conditions": {
        "ego": {
            "position": {
                "x": 518.3946321345354,
                "y": 20.57,
                "z": 0.294
            },
            "yaw": 0.0,
            "velocity": 5.553304210317992
        },
        "lead": {
            "position": {
                "x": 484.88,
                "y": 20.57,
                "z": 0.294
            },
            "yaw": 0.0,
            "velocity": 17.191286679597937
        }
    },
    "ego": {
        "position": {
            "x": 518.3946321345354,
            "y": 20.57,
            "z": 0.294
        },
        "yaw": 0.0,
        "velocity": 5.553304210317992
    },
    "lead": {
        "position": {
            "x": 484.88,
            "y": 20.57,
            "z": 0.294
        },
        "yaw": 0.0,
        "velocity": 17.191286679597937
    },
    "ado_actions": [
        {
            "throttle": 0.3454518409517176,
            "brake": 0.0,
            "steer": 0.0
        },
        {
            "throttle": 0.3524979383524316,
            "brake": 0.0,
            "steer": 0.0
        },
        {
            "throttle": 0.36564748029801664,
            "brake": 0.0,
            "steer": 0.0
        },
        {
            "throttle": 0.3838220780754304,
            "brake": 0.0,
            "steer": 0.0
        },
        {
            "throttle": 0.4058369929586665,
            "brake": 0.0,
            "steer": 0.0
        },
        {
            "throttle": 0.43043481955777674,
            "brake": 0.0,
            "steer": 0.0
        },
        {
            "throttle": 0.4563222582641446,
            "brake": 0.0,
            "steer": 0.0
        },
        {
            "throttle": 0.48220867106852705,
            "brake": 0.0,
            "steer": 0.0
        },
        {
            "throttle": 0.5068450611209694,
            "brake": 0.0,
            "steer": 0.0
        },
        {
            "throttle": 0.5290621077934757,
            "brake": 0.0,
            "steer": 0.0
        },
        {
            "throttle": 0.5478059260515188,
            "brake": 0.0,
            "steer": 0.0
        },
        {
            "throttle": 0.5621703004446428,
            "brake": 0.0,
            "steer": 0.0
        },
        {
            "throttle": 0.5714242672874135,
            "brake": 0.0,
            "steer": 0.0
        },
        {
            "throttle": 0.5750340795018105,
            "brake": 0.0,
            "steer": 0.0
        },
        {
            "throttle": 0.5726787817366696,
            "brake": 0.0,
            "steer": 0.0
        },
        {
            "throttle": 0.5642588422812607,
            "brake": 0.0,
            "steer": 0.0
        },
        {
            "throttle": 0.5498975255869555,
            "brake": 0.0,
            "steer": 0.0
        },
        {
            "throttle": 0.5299349369167475,
            "brake": 0.0,
            "steer": 0.0
        },
        {
            "throttle": 0.504914920416033,
            "brake": 0.0,
            "steer": 0.0
        },
        {
            "throttle": 0.4755652353258324,
            "brake": 0.0,
            "steer": 0.0
        },
        {
            "throttle": 0.44277166393975464,
            "brake": 0.0,
            "steer": 0.0
        },
        {
            "throttle": 0.4075469115259708,
            "brake": 0.0,
            "steer": 0.0
        },
        {
            "throttle": 0.3709953358327895,
            "brake": 0.0,
            "steer": 0.0
        },
        {
            "throttle": 0.33427468599410715,
            "brake": 0.0,
            "steer": 0.0
        },
        {
            "throttle": 0.30084721739469644,
            "brake": 0.0,
            "steer": 0.0
        },
        {
            "throttle": 0.2707624956552268,
            "brake": 0.0,
            "steer": 0.0
        },
        {
            "throttle": 0.24368624608970413,
            "brake": 0.0,
            "steer": 0.0
        },
        {
            "throttle": 0.21931762148073372,
            "brake": 0.0,
            "steer": 0.0
        },
        {
            "throttle": 0.19738585933266034,
            "brake": 0.0,
            "steer": 0.0
        },
        {
            "throttle": 0.18098202125590737,
            "brake": 0.0,
            "steer": 0.0
        },
        {
            "throttle": 0.16288381913031663,
            "brake": 0.04480739541246699,
            "steer": 0.0
        },
        {
            "throttle": 0.14659543721728496,
            "brake": 0.08513405128368728,
            "steer": 0.0
        },
        {
            "throttle": 0.13193589349555648,
            "brake": 0.12142804156778556,
            "steer": 0.0
        },
        {
            "throttle": 0.11874230414600084,
            "brake": 0.154092632823474,
            "steer": 0.0
        },
        {
            "throttle": 0.10686807373140077,
            "brake": 0.18349076495359357,
            "steer": 0.0
        },
        {
            "throttle": 0.09618126635826069,
            "brake": 0.20994908387070121,
            "steer": 0.0
        },
        {
            "throttle": 0.08656313972243462,
            "brake": 0.23376157089609811,
            "steer": 0.0
        },
        {
            "throttle": 0.07790682575019116,
            "brake": 0.2551928092189553,
            "steer": 0.0
        },
        {
            "throttle": 0.07011614317517205,
            "brake": 0.27448092370952676,
            "steer": 0.0
        },
        {
            "throttle": 0.06310452885765484,
            "brake": 0.2918402267510411,
            "steer": 0.0
        },
        {
            "throttle": 0.05679407597188936,
            "brake": 0.30746359948840396,
            "steer": 0.0
        },
        {
            "throttle": 0.051114668374700425,
            "brake": 0.32152463495203054,
            "steer": 0.0
        },
        {
            "throttle": 0.11875385935867122,
            "brake": 0.2893721714568275,
            "steer": 0.0
        },
        {
            "throttle": 0.17985057465571858,
            "brake": 0.2604349543111447,
            "steer": 0.0
        },
        {
            "throttle": 0.23376085907565214,
            "brake": 0.23439145888003024,
            "steer": 0.0
        },
        {
            "throttle": 0.27994152984296594,
            "brake": 0.2109523129920272,
            "steer": 0.0
        },
        {
            "throttle": 0.3179827284794025,
            "brake": 0.1898570816928245,
            "steer": 0.0
        },
        {
            "throttle": 0.34763454838399466,
            "brake": 0.17087137352354206,
            "steer": 0.0
        },
        {
            "throttle": 0.3688269805445633,
            "brake": 0.15378423617118786,
            "steer": 0.0
        },
        {
            "throttle": 0.3816826313516067,
            "brake": 0.13840581255406909,
            "steer": 0.0
        },
        {
            "throttle": 0.38652189788946034,
            "brake": 0.12456523129866218,
            "steer": 0.0
        },
        {
            "throttle": 0.3838605293908517,
            "brake": 0.11210870816879596,
            "steer": 0.0
        },
        {
            "throttle": 0.3743997504117596,
            "brake": 0.10089783735191638,
            "steer": 0.0
        },
        {
            "throttle": 0.35900936325857924,
            "brake": 0.09080805361672474,
            "steer": 0.0
        },
        {
            "throttle": 0.33870447600065473,
            "brake": 0.08172724825505227,
            "steer": 0.0
        },
        {
            "throttle": 0.3146167102053569,
            "brake": 0.07355452342954705,
            "steer": 0.0
        },
        {
            "throttle": 0.2879609222358097,
            "brake": 0.06619907108659234,
            "steer": 0.0
        },
        {
            "throttle": 0.2599986174066033,
            "brake": 0.05957916397793311,
            "steer": 0.0
        },
        {
            "throttle": 0.23399875566594297,
            "brake": 0.053621247580139794,
            "steer": 0.0
        },
        {
            "throttle": 0.21059888009934868,
            "brake": 0.04825912282212581,
            "steer": 0.0
        },
        {
            "throttle": 0.18953899208941383,
            "brake": 0.04343321053991323,
            "steer": 0.0
        },
        {
            "throttle": 0.17058509288047244,
            "brake": 0.03908988948592191,
            "steer": 0.0
        },
        {
            "throttle": 0.1535265835924252,
            "brake": 0.035180900537329717,
            "steer": 0.0
        },
        {
            "throttle": 0.14095414652277946,
            "brake": 0.031662810483596746,
            "steer": 0.0
        },
        {
            "throttle": 0.13415637913815884,
            "brake": 0.02849652943523707,
            "steer": 0.0
        },
        {
            "throttle": 0.13347633659665872,
            "brake": 0.025646876491713363,
            "steer": 0.0
        },
        {
            "throttle": 0.13903905462964097,
            "brake": 0.02308218884254203,
            "steer": 0.0
        },
        {
            "throttle": 0.15074845938976097,
            "brake": 0.020773969958287827,
            "steer": 0.0
        },
        {
            "throttle": 0.16829163379320222,
            "brake": 0.018696572962459045,
            "steer": 0.0
        },
        {
            "throttle": 0.19115030756352214,
            "brake": 0.01682691566621314,
            "steer": 0.0
        },
        {
            "throttle": 0.21861919300725785,
            "brake": 0.015144224099591827,
            "steer": 0.0
        },
        {
            "throttle": 0.24983055625680023,
            "brake": 0.013629801689632645,
            "steer": 0.0
        },
        {
            "throttle": 0.283784202140446,
            "brake": 0.01226682152066938,
            "steer": 0.0
        },
        {
            "throttle": 0.3193818671205813,
            "brake": 0.011040139368602443,
            "steer": 0.0
        },
        {
            "throttle": 0.3554648650761494,
            "brake": 0.009936125431742198,
            "steer": 0.0
        },
        {
            "throttle": 0.39085372014287073,
            "brake": 0.00894251288856798,
            "steer": 0.0
        },
        {
            "throttle": 0.42438845309189643,
            "brake": 0.008048261599711181,
            "steer": 0.0
        },
        {
            "throttle": 0.45496816510624294,
            "brake": 0.007243435439740063,
            "steer": 0.0
        },
        {
            "throttle": 0.4815885860626908,
            "brake": 0.006519091895766057,
            "steer": 0.0
        },
        {
            "throttle": 0.5033763227539895,
            "brake": 0.005867182706189452,
            "steer": 0.0
        },
        {
            "throttle": 0.5196186535789722,
            "brake": 0.005280464435570507,
            "steer": 0.0
        },
        {
            "throttle": 0.529787866329031,
            "brake": 0.004752417992013457,
            "steer": 0.0
        },
        {
            "throttle": 0.5335593197334222,
            "brake": 0.0042771761928121115,
            "steer": 0.0
        },
        {
            "throttle": 0.5308226211721581,
            "brake": 0.0038494585735309003,
            "steer": 0.0
        },
        {
            "throttle": 0.5216855452670208,
            "brake": 0.0034645127161778105,
            "steer": 0.0
        },
        {
            "throttle": 0.50647056306762,
            "brake": 0.0031180614445600295,
            "steer": 0.0
        },
        {
            "throttle": 0.48570410098058436,
            "brake": 0.002806255300104027,
            "steer": 0.0
        },
        {
            "throttle": 0.46009889401691134,
            "brake": 0.002525629770093624,
            "steer": 0.0
        },
        {
            "throttle": 0.43053003106164156,
            "brake": 0.0022730667930842617,
            "steer": 0.0
        },
        {
            "throttle": 0.3980055028235581,
            "brake": 0.0020457601137758357,
            "steer": 0.0
        },
        {
            "throttle": 0.3636322487044449,
            "brake": 0.0018411841023982523,
            "steer": 0.0
        },
        {
            "throttle": 0.3285788507664323,
            "brake": 0.001657065692158427,
            "steer": 0.0
        },
        {
            "throttle": 0.29572096568978906,
            "brake": 0.0014913591229425843,
            "steer": 0.0
        },
        {
            "throttle": 0.26614886912081015,
            "brake": 0.0013422232106483258,
            "steer": 0.0
        },
        {
            "throttle": 0.23953398220872915,
            "brake": 0.0012080008895834933,
            "steer": 0.0
        },
        {
            "throttle": 0.21558058398785623,
            "brake": 0.001087200800625144,
            "steer": 0.0
        },
        {
            "throttle": 0.19402252558907063,
            "brake": 0.0009784807205626296,
            "steer": 0.0
        },
        {
            "throttle": 0.17686588329389982,
            "brake": 0.0008806326485063667,
            "steer": 0.0
        },
        {
            "throttle": 0.16580455188317444,
            "brake": 0.00079256938365573,
            "steer": 0.0
        },
        {
            "throttle": 0.149224096694857,
            "brake": 0.04552070785775715,
            "steer": 0.0
        },
        {
            "throttle": 0.13430168702537132,
            "brake": 0.08577603248444843,
            "steer": 0.0
        },
        {
            "throttle": 0.12087151832283419,
            "brake": 0.12200582464847058,
            "steer": 0.0
        },
        {
            "throttle": 0.10878436649055077,
            "brake": 0.1546126375960905,
            "steer": 0.0
        },
        {
            "throttle": 0.0979059298414957,
            "brake": 0.18395876924894844,
            "steer": 0.0
        },
        {
            "throttle": 0.08811533685734613,
            "brake": 0.2103702877365206,
            "steer": 0.0
        },
        {
            "throttle": 0.07930380317161152,
            "brake": 0.23414065437533554,
            "steer": 0.0
        },
        {
            "throttle": 0.07137342285445038,
            "brake": 0.255533984350269,
            "steer": 0.0
        },
        {
            "throttle": 0.06423608056900534,
            "brake": 0.2747879813277091,
            "steer": 0.0
        },
        {
            "throttle": 0.057812472512104814,
            "brake": 0.2921165786074052,
            "steer": 0.0
        },
        {
            "throttle": 0.052031225260894334,
            "brake": 0.30771231615913164,
            "steer": 0.0
        },
        {
            "throttle": 0.0468281027348049,
            "brake": 0.32174847995568545,
            "steer": 0.0
        },
        {
            "throttle": 0.11518618439141873,
            "brake": 0.28957363196011693,
            "steer": 0.0
        },
        {
            "throttle": 0.1759831426134561,
            "brake": 0.26061626876410526,
            "steer": 0.0
        },
        {
            "throttle": 0.22869906680302055,
            "brake": 0.23455464188769473,
            "steer": 0.0
        },
        {
            "throttle": 0.27293364999619935,
            "brake": 0.21109917769892525,
            "steer": 0.0
        },
        {
            "throttle": 0.3084350530515514,
            "brake": 0.18998925992903273,
            "steer": 0.0
        },
        {
            "throttle": 0.33512221901433287,
            "brake": 0.17099033393612947,
            "steer": 0.0
        },
        {
            "throttle": 0.3531000371985231,
            "brake": 0.15389130054251654,
            "steer": 0.0
        },
        {
            "throttle": 0.36266698275122755,
            "brake": 0.13850217048826488,
            "steer": 0.0
        },
        {
            "throttle": 0.3643150978636382,
            "brake": 0.1246519534394384,
            "steer": 0.0
        },
        {
            "throttle": 0.35872242709443125,
            "brake": 0.11218675809549455,
            "steer": 0.0
        },
        {
            "throttle": 0.3467382630162367,
            "brake": 0.1009680822859451,
            "steer": 0.0
        },
        {
            "throttle": 0.32936179122477727,
            "brake": 0.0908712740573506,
            "steer": 0.0
        },
        {
            "throttle": 0.30771493768578534,
            "brake": 0.08178414665161554,
            "steer": 0.0
        },
        {
            "throttle": 0.2830104091086986,
            "brake": 0.073605731986454,
            "steer": 0.0
        },
        {
            "throttle": 0.25651607209615107,
            "brake": 0.0662451587878086,
            "steer": 0.0
        },
        {
            "throttle": 0.23086446488653597,
            "brake": 0.059620642909027737,
            "steer": 0.0
        },
        {
            "throttle": 0.20777801839788237,
            "brake": 0.053658578618124966,
            "steer": 0.0
        },
        {
            "throttle": 0.18700021655809415,
            "brake": 0.04829272075631247,
            "steer": 0.0
        },
        {
            "throttle": 0.16830019490228473,
            "brake": 0.04346344868068122,
            "steer": 0.0
        },
        {
            "throttle": 0.15147017541205626,
            "brake": 0.0391171038126131,
            "steer": 0.0
        },
        {
            "throttle": 0.13805440783254017,
            "brake": 0.035205393431351796,
            "steer": 0.0
        },
        {
            "throttle": 0.1302193384546906,
            "brake": 0.03168485408821662,
            "steer": 0.0
        },
        {
            "throttle": 0.12837225985094292,
            "brake": 0.028516368679394957,
            "steer": 0.0
        },
        {
            "throttle": 0.13270390870822615,
            "brake": 0.02566473181145546,
            "steer": 0.0
        },
        {
            "throttle": 0.1431834479911166,
            "brake": 0.023098258630309915,
            "steer": 0.0
        },
        {
            "throttle": 0.15956079208614743,
            "brake": 0.020788432767278923,
            "steer": 0.0
        },
        {
            "throttle": 0.18137621063484466,
            "brake": 0.018709589490551033,
            "steer": 0.0
        },
        {
            "throttle": 0.20797689943620287,
            "brake": 0.016838630541495928,
            "steer": 0.0
        },
        {
            "throttle": 0.23853997014269873,
            "brake": 0.015154767487346336,
            "steer": 0.0
        },
        {
            "throttle": 0.27210109246843683,
            "brake": 0.013639290738611703,
            "steer": 0.0
        },
        {
            "throttle": 0.30758783062583317,
            "brake": 0.012275361664750533,
            "steer": 0.0
        },
        {
            "throttle": 0.34385655618334665,
            "brake": 0.011047825498275479,
            "steer": 0.0
        },
        {
            "throttle": 0.3797316978700902,
            "brake": 0.00994304294844793,
            "steer": 0.0
        },
        {
            "throttle": 0.4140460091446715,
            "brake": 0.008948738653603138,
            "steer": 0.0
        },
        {
            "throttle": 0.44568049927976194,
            "brake": 0.008053864788242824,
            "steer": 0.0
        },
        {
            "throttle": 0.40111244935178575,
            "brake": 0.05205587372188553,
            "steer": 0.0
        },
        {
            "throttle": 0.36100120441660716,
            "brake": 0.09165768176216396,
            "steer": 0.0
        },
        {
            "throttle": 0.32490108397494644,
            "brake": 0.12729930899841457,
            "steer": 0.0
        },
        {
            "throttle": 0.2924109755774518,
            "brake": 0.15937677351104013,
            "steer": 0.0
        },
        {
            "throttle": 0.26316987801970665,
            "brake": 0.18824649157240309,
            "steer": 0.0
        },
        {
            "throttle": 0.23685289021773598,
            "brake": 0.21422923782762976,
            "steer": 0.0
        },
        {
            "throttle": 0.2131676011959624,
            "brake": 0.2376137094573338,
            "steer": 0.0
        },
        {
            "throttle": 0.19185084107636616,
            "brake": 0.2586597339240674,
            "steer": 0.0
        },
        {
            "throttle": 0.17266575696872954,
            "brake": 0.27760115594412765,
            "steer": 0.0
        },
        {
            "throttle": 0.1553991812718566,
            "brake": 0.29464843576218186,
            "steer": 0.0
        },
        {
            "throttle": 0.13985926314467093,
            "brake": 0.30999098759843063,
            "steer": 0.0
        },
        {
            "throttle": 0.12587333683020382,
            "brake": 0.32379928425105453,
            "steer": 0.0
        },
        {
            "throttle": 0.12001049223240162,
            "brake": 0.2914193558259491,
            "steer": 0.0
        },
        {
            "throttle": 0.11033354977640969,
            "brake": 0.26227742024335415,
            "steer": 0.0
        },
        {
            "throttle": 0.09930019479876873,
            "brake": 0.23604967821901873,
            "steer": 0.0
        },
        {
            "throttle": 0.08937017531889185,
            "brake": 0.21244471039711688,
            "steer": 0.0
        },
        {
            "throttle": 0.08043315778700268,
            "brake": 0.19120023935740518,
            "steer": 0.0
        },
        {
            "throttle": 0.07238984200830241,
            "brake": 0.17208021542166466,
            "steer": 0.0
        },
        {
            "throttle": 0.06515085780747217,
            "brake": 0.1548721938794982,
            "steer": 0.0
        },
        {
            "throttle": 0.059873234896431024,
            "brake": 0.13938497449154838,
            "steer": 0.0
        },
        {
            "throttle": 0.05921931272539713,
            "brake": 0.12544647704239353,
            "steer": 0.0
        },
        {
            "throttle": 0.06371360280799432,
            "brake": 0.11290182933815418,
            "steer": 0.0
        },
        {
            "throttle": 0.07365644912937609,
            "brake": 0.10161164640433877,
            "steer": 0.0
        },
        {
            "throttle": 0.08911890561660969,
            "brake": 0.0914504817639049,
            "steer": 0.0
        },
        {
            "throttle": 0.10994485745191314,
            "brake": 0.08230543358751441,
            "steer": 0.0
        },
        {
            "throttle": 0.1357603648049357,
            "brake": 0.07407489022876297,
            "steer": 0.0
        },
        {
            "throttle": 0.1659899585361631,
            "brake": 0.06666740120588667,
            "steer": 0.0
        },
        {
            "throttle": 0.19987937803857056,
            "brake": 0.060000661085298,
            "steer": 0.0
        },
        {
            "throttle": 0.23652401967589673,
            "brake": 0.0540005949767682,
            "steer": 0.0
        },
        {
            "throttle": 0.274902167688289,
            "brake": 0.04860053547909138,
            "steer": 0.0
        },
        {
            "throttle": 0.31391191457033835,
            "brake": 0.04374048193118224,
            "steer": 0.0
        },
        {
            "throttle": 0.35241055031582275,
            "brake": 0.03936643373806402,
            "steer": 0.0
        },
        {
            "throttle": 0.38925511384600275,
            "brake": 0.03542979036425762,
            "steer": 0.0
        },
        {
            "throttle": 0.42334275827241874,
            "brake": 0.03188681132783186,
            "steer": 0.0
        },
        {
            "throttle": 0.4536495857717424,
            "brake": 0.028698130195048674,
            "steer": 0.0
        },
        {
            "throttle": 0.4792666576058977,
            "brake": 0.02582831717554381,
            "steer": 0.0
        },
        {
            "throttle": 0.4994319785028337,
            "brake": 0.023245485457989427,
            "steer": 0.0
        },
        {
            "throttle": 0.5135573890376057,
            "brake": 0.020920936912190484,
            "steer": 0.0
        },
        {
            "throttle": 0.5212494702609398,
            "brake": 0.018828843220971437,
            "steer": 0.0
        },
        {
            "throttle": 0.5223237658337004,
            "brake": 0.016945958898874295,
            "steer": 0.0
        },
        {
            "throttle": 0.516811851535563,
            "brake": 0.015251363008986865,
            "steer": 0.0
        },
        {
            "throttle": 0.4651306663820067,
            "brake": 0.05853362212055517,
            "steer": 0.0
        },
        {
            "throttle": 0.418617599743806,
            "brake": 0.09748765532096665,
            "steer": 0.0
        },
        {
            "throttle": 0.37675583976942545,
            "brake": 0.132546285201337,
            "steer": 0.0
        },
        {
            "throttle": 0.3390802557924829,
            "brake": 0.1640990520936703,
            "steer": 0.0
        },
        {
            "throttle": 0.30517223021323464,
            "brake": 0.19249654229677027,
            "steer": 0.0
        },
        {
            "throttle": 0.27465500719191116,
            "brake": 0.21805428347956024,
            "steer": 0.0
        },
        {
            "throttle": 0.24718950647272006,
            "brake": 0.2410562505440712,
            "steer": 0.0
        },
        {
            "throttle": 0.22247055582544806,
            "brake": 0.26175802090213107,
            "steer": 0.0
        },
        {
            "throttle": 0.20022350024290325,
            "brake": 0.28038961422438496,
            "steer": 0.0
        },
        {
            "throttle": 0.18020115021861294,
            "brake": 0.29715804821441344,
            "steer": 0.0
        },
        {
            "throttle": 0.16218103519675164,
            "brake": 0.3122496388054391,
            "steer": 0.0
        },
        {
            "throttle": 0.1459629316770765,
            "brake": 0.32583207033736217,
            "steer": 0.0
        },
        {
            "throttle": 0.1321311970847093,
            "brake": 0.293248863303626,
            "steer": 0.0
        }
    ],
    "parameters": {
        "fog_density": 9.589229386694624,
        "precipitation": 33.7615171403628,
        "precipitation_deposits": 94.29097039125192,
        "wind_intensity": 16.160146601037763,
        "sun_altitude_angle": 32.25487460920393,
        "cloudiness": 70.30189588951778,
        "lead_base_throttle": 0.3454518409517176,
        "lead_behavior_frequency": 0.29294552068024016,
        "lead_throttle_variation": 0.3849789179768445,
        "lead_brake_probability": 0.07553468874760924,
        "lead_brake_intensity": 0.4480739541246699,
        "lead_brake_duration": 12.521957745419241,
        "initial_distance": 33.51463213453539,
        "initial_ego_velocity": 5.553304210317992,
        "initial_lead_velocity": 17.191286679597937
    },
    "config": {
        "num_timesteps": 200,
        "dt": 0.1,
        "seed": 43
    }
}