{
    "weather": {
        "cloudiness": 73.87051738740409,
        "precipitation": 0.42609165429331464,
        "precipitation_deposits": 2.733773719618282,
        "wind_intensity": 33.3024772622478,
        "sun_altitude_angle": -4.798038643364805,
        "fog_density": 67.13667487979687,
        "fog_distance": 106.68345830251268,
        "wetness": 0.21304582714665732
    },
    "initial_conditions": {
        "ego": {
            "position": {
                "x": 551.248454970579,
                "y": 20.57,
                "z": 0.294
            },
            "yaw": 0.0,
            "velocity": 17.18837536695594
        },
        "lead": {
            "position": {
                "x": 484.88,
                "y": 20.57,
                "z": 0.294
            },
            "yaw": 0.0,
            "velocity": 15.61061104850285
        }
    },
    "ego": {
        "position": {
            "x": 551.248454970579,
            "y": 20.57,
            "z": 0.294
        },
        "yaw": 0.0,
        "velocity": 17.18837536695594
    },
    "lead": {
        "position": {
            "x": 484.88,
            "y": 20.57,
            "z": 0.294
        },
        "yaw": 0.0,
        "velocity": 15.61061104850285
    },
    "ado_actions": [
        {
            "throttle": 0.26330639930609534,
            "brake": 0.0,
            "steer": 0.0
        },
        {
            "throttle": 0.265016462662138,
            "brake": 0.0,
            "steer": 0.0
        },
        {
            "throttle": 0.2682534708925246,
            "brake": 0.0,
            "steer": 0.0
        },
        {
            "throttle": 0.2728405910063145,
            "brake": 0.0,
            "steer": 0.0
        },
        {
            "throttle": 0.27860681792398606,
            "brake": 0.0,
            "steer": 0.0
        },
        {
            "throttle": 0.28538664662612845,
            "brake": 0.0,
            "steer": 0.0
        },
        {
            "throttle": 0.29301985925165885,
            "brake": 0.0,
            "steer": 0.0
        },
        {
            "throttle": 0.30135141326294823,
            "brake": 0.0,
            "steer": 0.0
        },
        {
            "throttle": 0.31023141761845346,
            "brake": 0.0,
            "steer": 0.0
        },
        {
            "throttle": 0.3195151846552607,
            "brake": 0.0,
            "steer": 0.0
        },
        {
            "throttle": 0.3290633460943368,
            "brake": 0.0,
            "steer": 0.0
        },
        {
            "throttle": 0.3387420222490867,
            "brake": 0.0,
            "steer": 0.0
        },
        {
            "throttle": 0.34842303415075704,
            "brake": 0.0,
            "steer": 0.0
        },
        {
            "throttle": 0.3579841489090513,
            "brake": 0.0,
            "steer": 0.0
        },
        {
            "throttle": 0.36730934920883845,
            "brake": 0.0,
            "steer": 0.0
        },
        {
            "throttle": 0.3762891184090107,
            "brake": 0.0,
            "steer": 0.0
        },
        {
            "throttle": 0.3848207332615514,
            "brake": 0.0,
            "steer": 0.0
        },
        {
            "throttle": 0.39280855681116444,
            "brake": 0.0,
            "steer": 0.0
        },
        {
            "throttle": 0.4001643245711719,
            "brake": 0.0,
            "steer": 0.0
        },
        {
            "throttle": 0.4068074176019848,
            "brake": 0.0,
            "steer": 0.0
        },
        {
            "throttle": 0.41266511664589123,
            "brake": 0.0,
            "steer": 0.0
        },
        {
            "throttle": 0.4176728319972924,
            "brake": 0.0,
            "steer": 0.0
        },
        {
            "throttle": 0.4217743043114639,
            "brake": 0.0,
            "steer": 0.0
        },
        {
            "throttle": 0.4249217720776382,
            "brake": 0.0,
            "steer": 0.0
        },
        {
            "throttle": 0.42707610200350526,
            "brake": 0.0,
            "steer": 0.0
        },
        {
            "throttle": 0.4282068790775943,
            "brake": 0.0,
            "steer": 0.0
        },
        {
            "throttle": 0.4282924535925985,
            "brake": 0.0,
            "steer": 0.0
        },
        {
            "throttle": 0.4273199429254493,
            "brake": 0.0,
            "steer": 0.0
        },
        {
            "throttle": 0.42528518637751156,
            "brake": 0.0,
            "steer": 0.0
        },
        {
            "throttle": 0.42219265187914196,
            "brake": 0.0,
            "steer": 0.0
        },
        {
            "throttle": 0.4180552938553519,
            "brake": 0.0,
            "steer": 0.0
        },
        {
            "throttle": 0.4128943620316436,
            "brake": 0.0,
            "steer": 0.0
        },
        {
            "throttle": 0.40673916142933425,
            "brake": 0.0,
            "steer": 0.0
        },
        {
            "throttle": 0.39962676425589216,
            "brake": 0.0,
            "steer": 0.0
        },
        {
            "throttle": 0.39160167483596875,
            "brake": 0.0,
            "steer": 0.0
        },
        {
            "throttle": 0.3827154491509119,
            "brake": 0.0,
            "steer": 0.0
        },
        {
            "throttle": 0.3730262709565957,
            "brake": 0.0,
            "steer": 0.0
        },
        {
            "throttle": 0.3625984868294417,
            "brake": 0.0,
            "steer": 0.0
        },
        {
            "throttle": 0.35150210284665573,
            "brake": 0.0,
            "steer": 0.0
        },
        {
            "throttle": 0.3398122459371627,
            "brake": 0.0,
            "steer": 0.0
        },
        {
            "throttle": 0.32760859324279923,
            "brake": 0.0,
            "steer": 0.0
        },
        {
            "throttle": 0.31497477310346694,
            "brake": 0.0,
            "steer": 0.0
        },
        {
            "throttle": 0.3019977415237363,
            "brake": 0.0,
            "steer": 0.0
        },
        {
            "throttle": 0.28876713819057875,
            "brake": 0.0,
            "steer": 0.0
        },
        {
            "throttle": 0.2753746262914129,
            "brake": 0.0,
            "steer": 0.0
        },
        {
            "throttle": 0.2619132205275976,
            "brake": 0.0,
            "steer": 0.0
        },
        {
            "throttle": 0.2484766078301972,
            "brake": 0.0,
            "steer": 0.0
        },
        {
            "throttle": 0.2351584653618119,
            "brake": 0.0,
            "steer": 0.0
        },
        {
            "throttle": 0.22205178043023432,
            "brake": 0.0,
            "steer": 0.0
        },
        {
            "throttle": 0.20924817694662906,
            "brake": 0.0,
            "steer": 0.0
        },
        {
            "throttle": 0.19683725303300179,
            "brake": 0.0,
            "steer": 0.0
        },
        {
            "throttle": 0.18490593432134073,
            "brake": 0.0,
            "steer": 0.0
        },
        {
            "throttle": 0.1735378473905965,
            "brake": 0.0,
            "steer": 0.0
        },
        {
            "throttle": 0.1628127176584651,
            "brake": 0.0,
            "steer": 0.0
        },
        {
            "throttle": 0.1528057958838192,
            "brake": 0.0,
            "steer": 0.0
        },
        {
            "throttle": 0.14358731724386684,
            "brake": 0.0,
            "steer": 0.0
        },
        {
            "throttle": 0.13522199672918847,
            "brake": 0.0,
            "steer": 0.0
        },
        {
            "throttle": 0.1277685643513805,
            "brake": 0.0,
            "steer": 0.0
        },
        {
            "throttle": 0.12127934338397915,
            "brake": 0.0,
            "steer": 0.0
        },
        {
            "throttle": 0.11579987455967757,
            "brake": 0.0,
            "steer": 0.0
        },
        {
            "throttle": 0.11136858882777262,
            "brake": 0.0,
            "steer": 0.0
        },
        {
            "throttle": 0.10801653093761408,
            "brake": 0.0,
            "steer": 0.0
        },
        {
            "throttle": 0.10576713575903969,
            "brake": 0.0,
            "steer": 0.0
        },
        {
            "throttle": 0.10463605888193439,
            "brake": 0.0,
            "steer": 0.0
        },
        {
            "throttle": 0.10463106265681563,
            "brake": 0.0,
            "steer": 0.0
        },
        {
            "throttle": 0.10575195844945944,
            "brake": 0.0,
            "steer": 0.0
        },
        {
            "throttle": 0.10799060548783976,
            "brake": 0.0,
            "steer": 0.0
        },
        {
            "throttle": 0.1113309662818911,
            "brake": 0.0,
            "steer": 0.0
        },
        {
            "throttle": 0.1157492181986725,
            "brake": 0.0,
            "steer": 0.0
        },
        {
            "throttle": 0.12121392038025887,
            "brake": 0.0,
            "steer": 0.0
        },
        {
            "throttle": 0.1276862348019412,
            "brake": 0.0,
            "steer": 0.0
        },
        {
            "throttle": 0.13512019988686444,
            "brake": 0.0,
            "steer": 0.0
        },
        {
            "throttle": 0.14346305472279697,
            "brake": 0.0,
            "steer": 0.0
        },
        {
            "throttle": 0.15265561156994994,
            "brake": 0.0,
            "steer": 0.0
        },
        {
            "throttle": 0.16263267400819637,
            "brake": 0.0,
            "steer": 0.0
        },
        {
            "throttle": 0.17332349775010425,
            "brake": 0.0,
            "steer": 0.0
        },
        {
            "throttle": 0.18465229084519336,
            "brake": 0.0,
            "steer": 0.0
        },
        {
            "throttle": 0.19653874972289306,
            "brake": 0.0,
            "steer": 0.0
        },
        {
            "throttle": 0.20889862726880326,
            "brake": 0.0,
            "steer": 0.0
        },
        {
            "throttle": 0.2216443289028398,
            "brake": 0.0,
            "steer": 0.0
        },
        {
            "throttle": 0.23468553243029464,
            "brake": 0.0,
            "steer": 0.0
        },
        {
            "throttle": 0.24792982726916232,
            "brake": 0.0,
            "steer": 0.0
        },
        {
            "throttle": 0.2612833685204789,
            "brake": 0.0,
            "steer": 0.0
        },
        {
            "throttle": 0.2746515412438565,
            "brake": 0.0,
            "steer": 0.0
        },
        {
            "throttle": 0.2879396302286284,
            "brake": 0.0,
            "steer": 0.0
        },
        {
            "throttle": 0.3010534905125553,
            "brake": 0.0,
            "steer": 0.0
        },
        {
            "throttle": 0.3139002138951643,
            "brake": 0.0,
            "steer": 0.0
        },
        {
            "throttle": 0.326388786721534,
            "brake": 0.0,
            "steer": 0.0
        },
        {
            "throttle": 0.33843073427450754,
            "brake": 0.0,
            "steer": 0.0
        },
        {
            "throttle": 0.34994074720846713,
            "brake": 0.0,
            "steer": 0.0
        },
        {
            "throttle": 0.3608372855852733,
            "brake": 0.0,
            "steer": 0.0
        },
        {
            "throttle": 0.37104315623185885,
            "brake": 0.0,
            "steer": 0.0
        },
        {
            "throttle": 0.38048605932814683,
            "brake": 0.0,
            "steer": 0.0
        },
        {
            "throttle": 0.38909910035209716,
            "brake": 0.0,
            "steer": 0.0
        },
        {
            "throttle": 0.3968212637542372,
            "brake": 0.0,
            "steer": 0.0
        },
        {
            "throttle": 0.4035978450052561,
            "brake": 0.0,
            "steer": 0.0
        },
        {
            "throttle": 0.409380837955226,
            "brake": 0.0,
            "steer": 0.0
        },
        {
            "throttle": 0.41412927475966543,
            "brake": 0.0,
            "steer": 0.0
        },
        {
            "throttle": 0.41780951596373905,
            "brake": 0.0,
            "steer": 0.0
        },
        {
            "throttle": 0.42039548868901755,
            "brake": 0.0,
            "steer": 0.0
        },
        {
            "throttle": 0.4218688712348985,
            "brake": 0.0,
            "steer": 0.0
        },
        {
            "throttle": 0.4222192227864124,
            "brake": 0.0,
            "steer": 0.0
        },
        {
            "throttle": 0.42144405730901796,
            "brake": 0.0,
            "steer": 0.0
        },
        {
            "throttle": 0.4195488611063787,
            "brake": 0.0,
            "steer": 0.0
        },
        {
            "throttle": 0.4165470539161983,
            "brake": 0.0,
            "steer": 0.0
        },
        {
            "throttle": 0.412459893819165,
            "brake": 0.0,
            "steer": 0.0
        },
        {
            "throttle": 0.4073163266340665,
            "brake": 0.0,
            "steer": 0.0
        },
        {
            "throttle": 0.40115278086538136,
            "brake": 0.0,
            "steer": 0.0
        },
        {
            "throttle": 0.39401290965533686,
            "brake": 0.0,
            "steer": 0.0
        },
        {
            "throttle": 0.3859472815678203,
            "brake": 0.0,
            "steer": 0.0
        },
        {
            "throttle": 0.3770130223939824,
            "brake": 0.0,
            "steer": 0.0
        },
        {
            "throttle": 0.367273410516305,
            "brake": 0.0,
            "steer": 0.0
        },
        {
            "throttle": 0.3567974286968751,
            "brake": 0.0,
            "steer": 0.0
        },
        {
            "throttle": 0.3456592754642685,
            "brake": 0.0,
            "steer": 0.0
        },
        {
            "throttle": 0.33393783955962936,
            "brake": 0.0,
            "steer": 0.0
        },
        {
            "throttle": 0.3217161411641956,
            "brake": 0.0,
            "steer": 0.0
        },
        {
            "throttle": 0.30908074386582207,
            "brake": 0.0,
            "steer": 0.0
        },
        {
            "throttle": 0.29612114152931884,
            "brake": 0.0,
            "steer": 0.0
        },
        {
            "throttle": 0.282929124413192,
            "brake": 0.0,
            "steer": 0.0
        },
        {
            "throttle": 0.26959812902237845,
            "brake": 0.0,
            "steer": 0.0
        },
        {
            "throttle": 0.25622257630177725,
            "brake": 0.0,
            "steer": 0.0
        },
        {
            "throttle": 0.2428972028579676,
            "brake": 0.0,
            "steer": 0.0
        },
        {
            "throttle": 0.2297163899458962,
            "brake": 0.0,
            "steer": 0.0
        },
        {
            "throttle": 0.21677349497315318,
            "brake": 0.0,
            "steer": 0.0
        },
        {
            "throttle": 0.20416019025663346,
            "brake": 0.0,
            "steer": 0.0
        },
        {
            "throttle": 0.1919658137150182,
            "brake": 0.0,
            "steer": 0.0
        },
        {
            "throttle": 0.18027673609597836,
            "brake": 0.0,
            "steer": 0.0
        },
        {
            "throttle": 0.1691757492198942,
            "brake": 0.0,
            "steer": 0.0
        },
        {
            "throttle": 0.15874147957303222,
            "brake": 0.0,
            "steer": 0.0
        },
        {
            "throttle": 0.1490478314035794,
            "brake": 0.0,
            "steer": 0.0
        },
        {
            "throttle": 0.14016346326497336,
            "brake": 0.0,
            "steer": 0.0
        },
        {
            "throttle": 0.13215130171406805,
            "brake": 0.0,
            "steer": 0.0
        },
        {
            "throttle": 0.1250680956085159,
            "brake": 0.0,
            "steer": 0.0
        },
        {
            "throttle": 0.11896401416019017,
            "brake": 0.0,
            "steer": 0.0
        },
        {
            "throttle": 0.11388229159155751,
            "brake": 0.0,
            "steer": 0.0
        },
        {
            "throttle": 0.10985892091182929,
            "brake": 0.0,
            "steer": 0.0
        },
        {
            "throttle": 0.10692239898181466,
            "brake": 0.0,
            "steer": 0.0
        },
        {
            "throttle": 0.10509352467312881,
            "brake": 0.0,
            "steer": 0.0
        },
        {
            "throttle": 0.10438525155135167,
            "brake": 0.0,
            "steer": 0.0
        },
        {
            "throttle": 0.10480259612654834,
            "brake": 0.0,
            "steer": 0.0
        },
        {
            "throttle": 0.10634260232098747,
            "brake": 0.0,
            "steer": 0.0
        },
        {
            "throttle": 0.10899436240571672,
            "brake": 0.0,
            "steer": 0.0
        },
        {
            "throttle": 0.11273909425769414,
            "brake": 0.0,
            "steer": 0.0
        },
        {
            "throttle": 0.11755027439026423,
            "brake": 0.0,
            "steer": 0.0
        },
        {
            "throttle": 0.12339382581473415,
            "brake": 0.0,
            "steer": 0.0
        },
        {
            "throttle": 0.13022835940244404,
            "brake": 0.0,
            "steer": 0.0
        },
        {
            "throttle": 0.13800546703779057,
            "brake": 0.0,
            "steer": 0.0
        },
        {
            "throttle": 0.14667006448583425,
            "brake": 0.0,
            "steer": 0.0
        },
        {
            "throttle": 0.15616078154600083,
            "brake": 0.0,
            "steer": 0.0
        },
        {
            "throttle": 0.16641039672846597,
            "brake": 0.0,
            "steer": 0.0
        },
        {
            "throttle": 0.17734631337446527,
            "brake": 0.0,
            "steer": 0.0
        },
        {
            "throttle": 0.18889107384823042,
            "brake": 0.0,
            "steer": 0.0
        },
        {
            "throttle": 0.200962908158596,
            "brake": 0.0,
            "steer": 0.0
        },
        {
            "throttle": 0.21347631312446202,
            "brake": 0.0,
            "steer": 0.0
        },
        {
            "throttle": 0.22634265798195868,
            "brake": 0.0,
            "steer": 0.0
        },
        {
            "throttle": 0.23947081214387783,
            "brake": 0.0,
            "steer": 0.0
        },
        {
            "throttle": 0.2527677906650341,
            "brake": 0.0,
            "steer": 0.0
        },
        {
            "throttle": 0.2661394128418103,
            "brake": 0.0,
            "steer": 0.0
        },
        {
            "throttle": 0.2794909692811142,
            "brake": 0.0,
            "steer": 0.0
        },
        {
            "throttle": 0.29272789271398614,
            "brake": 0.0,
            "steer": 0.0
        },
        {
            "throttle": 0.3057564278025748,
            "brake": 0.0,
            "steer": 0.0
        },
        {
            "throttle": 0.31848429519632737,
            "brake": 0.0,
            "steer": 0.0
        },
        {
            "throttle": 0.33082134513397454,
            "brake": 0.0,
            "steer": 0.0
        },
        {
            "throttle": 0.34268019596193355,
            "brake": 0.0,
            "steer": 0.0
        },
        {
            "throttle": 0.3539768530465903,
            "brake": 0.0,
            "steer": 0.0
        },
        {
            "throttle": 0.3646313036967888,
            "brake": 0.0,
            "steer": 0.0
        },
        {
            "throttle": 0.3745680838827702,
            "brake": 0.0,
            "steer": 0.0
        },
        {
            "throttle": 0.38371681273756914,
            "brake": 0.0,
            "steer": 0.0
        },
        {
            "throttle": 0.39201269105506575,
            "brake": 0.0,
            "steer": 0.0
        },
        {
            "throttle": 0.39939696025389815,
            "brake": 0.0,
            "steer": 0.0
        },
        {
            "throttle": 0.4058173185564568,
            "brake": 0.0,
            "steer": 0.0
        },
        {
            "throttle": 0.4112282914352205,
            "brake": 0.0,
            "steer": 0.0
        },
        {
            "throttle": 0.41559155370261275,
            "brake": 0.0,
            "steer": 0.0
        },
        {
            "throttle": 0.4188762009630597,
            "brake": 0.0,
            "steer": 0.0
        },
        {
            "throttle": 0.4210589685045909,
            "brake": 0.0,
            "steer": 0.0
        },
        {
            "throttle": 0.42212439607960317,
            "brake": 0.0,
            "steer": 0.0
        },
        {
            "throttle": 0.4220649374076683,
            "brake": 0.0,
            "steer": 0.0
        },
        {
            "throttle": 0.4208810136247895,
            "brake": 0.0,
            "steer": 0.0
        },
        {
            "throttle": 0.41858101030053424,
            "brake": 0.0,
            "steer": 0.0
        },
        {
            "throttle": 0.4151812180441684,
            "brake": 0.0,
            "steer": 0.0
        },
        {
            "throttle": 0.4107057171204726,
            "brake": 0.0,
            "steer": 0.0
        },
        {
            "throttle": 0.4051862068924891,
            "brake": 0.0,
            "steer": 0.0
        },
        {
            "throttle": 0.39866178129923374,
            "brake": 0.0,
            "steer": 0.0
        },
        {
            "throttle": 0.391178651958634,
            "brake": 0.0,
            "steer": 0.0
        },
        {
            "throttle": 0.38278982085691604,
            "brake": 0.0,
            "steer": 0.0
        },
        {
            "throttle": 0.3735547049427387,
            "brake": 0.0,
            "steer": 0.0
        },
        {
            "throttle": 0.3635387152850214,
            "brake": 0.0,
            "steer": 0.0
        },
        {
            "throttle": 0.3528127937752355,
            "brake": 0.0,
            "steer": 0.0
        },
        {
            "throttle": 0.3414529106556318,
            "brake": 0.0,
            "steer": 0.0
        },
        {
            "throttle": 0.3295395264323452,
            "brake": 0.0,
            "steer": 0.0
        },
        {
            "throttle": 0.3171570219845706,
            "brake": 0.0,
            "steer": 0.0
        },
        {
            "throttle": 0.3043931009062714,
            "brake": 0.0,
            "steer": 0.0
        },
        {
            "throttle": 0.29133816831355125,
            "brake": 0.0,
            "steer": 0.0
        },
        {
            "throttle": 0.2780846905175124,
            "brake": 0.0,
            "steer": 0.0
        },
        {
            "throttle": 0.26472654009795116,
            "brake": 0.0,
            "steer": 0.0
        },
        {
            "throttle": 0.25135833101664334,
            "brake": 0.0,
            "steer": 0.0
        },
        {
            "throttle": 0.23807474847952273,
            "brake": 0.0,
            "steer": 0.0
        },
        {
            "throttle": 0.22496987829424683,
            "brake": 0.0,
            "steer": 0.0
        },
        {
            "throttle": 0.21213654047321948,
            "brake": 0.0,
            "steer": 0.0
        },
        {
            "throttle": 0.19966563180206928,
            "brake": 0.0,
            "steer": 0.0
        }
    ],
    "parameters": {
        "cloudiness": 73.87051738740409,
        "fog_density": 67.13667487979687,
        "initial_distance": 66.36845497057905,
        "initial_ego_velocity": 17.18837536695594,
        "initial_lead_velocity": 15.61061104850285,
        "lead_base_throttle": 0.26330639930609534,
        "lead_behavior_frequency": 0.13398396738670765,
        "lead_brake_duration": 24.01931582142668,
        "lead_brake_intensity": 0.5638677054917555,
        "lead_brake_probability": 0.0020451255820564283,
        "lead_throttle_variation": 0.2033726735354347,
        "precipitation": 0.42609165429331464,
        "precipitation_deposits": 2.733773719618282,
        "sun_altitude_angle": -4.798038643364805,
        "wind_intensity": 33.3024772622478
    },
    "config": {
        "num_timesteps": 200,
        "dt": 0.1,
        "seed": 71
    }
}