{
    "weather": {
        "cloudiness": 70.0584690744311,
        "precipitation": 98.83258007932369,
        "precipitation_deposits": 90.02720438977231,
        "wind_intensity": 43.26643022655902,
        "sun_altitude_angle": 16.111619316532753,
        "fog_density": 26.52018269581074,
        "fog_distance": 413.12457799956707,
        "wetness": 49.416290039661845
    },
    "initial_conditions": {
        "ego": {
            "position": {
                "x": 548.7276044943189,
                "y": 20.57,
                "z": 0.294
            },
            "yaw": 0.0,
            "velocity": 8.94677970616943
        },
        "lead": {
            "position": {
                "x": 484.88,
                "y": 20.57,
                "z": 0.294
            },
            "yaw": 0.0,
            "velocity": 14.702286622845161
        }
    },
    "ego": {
        "position": {
            "x": 548.7276044943189,
            "y": 20.57,
            "z": 0.294
        },
        "yaw": 0.0,
        "velocity": 8.94677970616943
    },
    "lead": {
        "position": {
            "x": 484.88,
            "y": 20.57,
            "z": 0.294
        },
        "yaw": 0.0,
        "velocity": 14.702286622845161
    },
    "ado_actions": [
        {
            "throttle": 0.21485188205209502,
            "brake": 0.0,
            "steer": 0.0
        },
        {
            "throttle": 0.21535274454453615,
            "brake": 0.0,
            "steer": 0.0
        },
        {
            "throttle": 0.21629831089725718,
            "brake": 0.0,
            "steer": 0.0
        },
        {
            "throttle": 0.2176320395790699,
            "brake": 0.0,
            "steer": 0.0
        },
        {
            "throttle": 0.2192971907984437,
            "brake": 0.0,
            "steer": 0.0
        },
        {
            "throttle": 0.22123706363211856,
            "brake": 0.0,
            "steer": 0.0
        },
        {
            "throttle": 0.22339527776010915,
            "brake": 0.0,
            "steer": 0.0
        },
        {
            "throttle": 0.2257160918836239,
            "brake": 0.0,
            "steer": 0.0
        },
        {
            "throttle": 0.22814475090846154,
            "brake": 0.0,
            "steer": 0.0
        },
        {
            "throttle": 0.2306278540333964,
            "brake": 0.0,
            "steer": 0.0
        },
        {
            "throttle": 0.23311373599474533,
            "brake": 0.0,
            "steer": 0.0
        },
        {
            "throttle": 0.23555285388741995,
            "brake": 0.0,
            "steer": 0.0
        },
        {
            "throttle": 0.2378981722109142,
            "brake": 0.0,
            "steer": 0.0
        },
        {
            "throttle": 0.240105539076377,
            "brake": 0.0,
            "steer": 0.0
        },
        {
            "throttle": 0.2421340468576421,
            "brake": 0.0,
            "steer": 0.0
        },
        {
            "throttle": 0.24394637097329133,
            "brake": 0.0,
            "steer": 0.0
        },
        {
            "throttle": 0.24550908094600796,
            "brake": 0.0,
            "steer": 0.0
        },
        {
            "throttle": 0.24679291839622297,
            "brake": 0.0,
            "steer": 0.0
        },
        {
            "throttle": 0.24777303718511673,
            "brake": 0.0,
            "steer": 0.0
        },
        {
            "throttle": 0.24842920152239245,
            "brake": 0.0,
            "steer": 0.0
        },
        {
            "throttle": 0.24874593849117943,
            "brake": 0.0,
            "steer": 0.0
        },
        {
            "throttle": 0.24871264210964497,
            "brake": 0.0,
            "steer": 0.0
        },
        {
            "throttle": 0.24832362673957922,
            "brake": 0.0,
            "steer": 0.0
        },
        {
            "throttle": 0.24757812835913773,
            "brake": 0.0,
            "steer": 0.0
        },
        {
            "throttle": 0.2464802529325431,
            "brake": 0.0,
            "steer": 0.0
        },
        {
            "throttle": 0.24503887182611356,
            "brake": 0.0,
            "steer": 0.0
        },
        {
            "throttle": 0.24326746492964618,
            "brake": 0.0,
            "steer": 0.0
        },
        {
            "throttle": 0.24118391283709054,
            "brake": 0.0,
            "steer": 0.0
        },
        {
            "throttle": 0.23881024011284763,
            "brake": 0.0,
            "steer": 0.0
        },
        {
            "throttle": 0.23617231231238509,
            "brake": 0.0,
            "steer": 0.0
        },
        {
            "throttle": 0.2332994900309253,
            "brake": 0.0,
            "steer": 0.0
        },
        {
            "throttle": 0.23022424381490122,
            "brake": 0.0,
            "steer": 0.0
        },
        {
            "throttle": 0.22698173428132495,
            "brake": 0.0,
            "steer": 0.0
        },
        {
            "throttle": 0.22360936224438982,
            "brake": 0.0,
            "steer": 0.0
        },
        {
            "throttle": 0.22014629404137928,
            "brake": 0.0,
            "steer": 0.0
        },
        {
            "throttle": 0.2166329675768486,
            "brake": 0.0,
            "steer": 0.0
        },
        {
            "throttle": 0.19496967081916375,
            "brake": 0.0405774561908264,
            "steer": 0.0
        },
        {
            "throttle": 0.17547270373724738,
            "brake": 0.07709716676257017,
            "steer": 0.0
        },
        {
            "throttle": 0.15792543336352266,
            "brake": 0.10996490627713956,
            "steer": 0.0
        },
        {
            "throttle": 0.1421328900271704,
            "brake": 0.13954587184025202,
            "steer": 0.0
        },
        {
            "throttle": 0.12791960102445335,
            "brake": 0.16616874084705321,
            "steer": 0.0
        },
        {
            "throttle": 0.11512764092200801,
            "brake": 0.19012932295317428,
            "steer": 0.0
        },
        {
            "throttle": 0.10361487682980722,
            "brake": 0.21169384684868325,
            "steer": 0.0
        },
        {
            "throttle": 0.0932533891468265,
            "brake": 0.23110191835464133,
            "steer": 0.0
        },
        {
            "throttle": 0.08392805023214385,
            "brake": 0.2485691827100036,
            "steer": 0.0
        },
        {
            "throttle": 0.07553524520892947,
            "brake": 0.26428972062982964,
            "steer": 0.0
        },
        {
            "throttle": 0.06798172068803653,
            "brake": 0.2784382047576731,
            "steer": 0.0
        },
        {
            "throttle": 0.06118354861923288,
            "brake": 0.29117184047273226,
            "steer": 0.0
        },
        {
            "throttle": 0.05506519375730959,
            "brake": 0.3026321126162855,
            "steer": 0.0
        },
        {
            "throttle": 0.06751769835850085,
            "brake": 0.2723689013546569,
            "steer": 0.0
        },
        {
            "throttle": 0.0790634621590382,
            "brake": 0.24513201121919123,
            "steer": 0.0
        },
        {
            "throttle": 0.08983180589239297,
            "brake": 0.2206188100972721,
            "steer": 0.0
        },
        {
            "throttle": 0.09993454563123089,
            "brake": 0.1985569290875449,
            "steer": 0.0
        },
        {
            "throttle": 0.10946733014454732,
            "brake": 0.1787012361787904,
            "steer": 0.0
        },
        {
            "throttle": 0.11851090496493628,
            "brake": 0.16083111256091137,
            "steer": 0.0
        },
        {
            "throttle": 0.12713231477061493,
            "brake": 0.14474800130482024,
            "steer": 0.0
        },
        {
            "throttle": 0.13538605374168983,
            "brake": 0.13027320117433822,
            "steer": 0.0
        },
        {
            "throttle": 0.14331517175720476,
            "brake": 0.1172458810569044,
            "steer": 0.0
        },
        {
            "throttle": 0.15095234265356083,
            "brake": 0.10552129295121396,
            "steer": 0.0
        },
        {
            "throttle": 0.1583208992616661,
            "brake": 0.09496916365609256,
            "steer": 0.0
        },
        {
            "throttle": 0.1654358385760647,
            "brake": 0.0854722472904833,
            "steer": 0.0
        },
        {
            "throttle": 0.17230479918122305,
            "brake": 0.07692502256143498,
            "steer": 0.0
        },
        {
            "throttle": 0.17892901196532993,
            "brake": 0.06923252030529148,
            "steer": 0.0
        },
        {
            "throttle": 0.18530422418777334,
            "brake": 0.06230926827476233,
            "steer": 0.0
        },
        {
            "throttle": 0.1914215961302651,
            "brake": 0.0560783414472861,
            "steer": 0.0
        },
        {
            "throttle": 0.1972685688506529,
            "brake": 0.05047050730255749,
            "steer": 0.0
        },
        {
            "throttle": 0.20282970096981634,
            "brake": 0.04542345657230174,
            "steer": 0.0
        },
        {
            "throttle": 0.2080874719523897,
            "brake": 0.040881110915071565,
            "steer": 0.0
        },
        {
            "throttle": 0.21302304898769578,
            "brake": 0.03679299982356441,
            "steer": 0.0
        },
        {
            "throttle": 0.1917207440889262,
            "brake": 0.07369115603203437,
            "steer": 0.0
        },
        {
            "throttle": 0.17254866968003357,
            "brake": 0.10689949661965734,
            "steer": 0.0
        },
        {
            "throttle": 0.15529380271203022,
            "brake": 0.136787003148518,
            "steer": 0.0
        },
        {
            "throttle": 0.1397644224408272,
            "brake": 0.1636857590244926,
            "steer": 0.0
        },
        {
            "throttle": 0.1257879801967445,
            "brake": 0.18789463931286973,
            "steer": 0.0
        },
        {
            "throttle": 0.11320918217707006,
            "brake": 0.20968263157240916,
            "steer": 0.0
        },
        {
            "throttle": 0.10188826395936305,
            "brake": 0.22929182460599465,
            "steer": 0.0
        },
        {
            "throttle": 0.09169943756342674,
            "brake": 0.24694009833622158,
            "steer": 0.0
        },
        {
            "throttle": 0.08252949380708408,
            "brake": 0.26282354469342584,
            "steer": 0.0
        },
        {
            "throttle": 0.07427654442637567,
            "brake": 0.2771186464149097,
            "steer": 0.0
        },
        {
            "throttle": 0.0668488899837381,
            "brake": 0.2899842379642451,
            "steer": 0.0
        },
        {
            "throttle": 0.06016400098536429,
            "brake": 0.30156327035864705,
            "steer": 0.0
        },
        {
            "throttle": 0.054147600886827865,
            "brake": 0.3119843995136088,
            "steer": 0.0
        },
        {
            "throttle": 0.07195564230985507,
            "brake": 0.28078595956224794,
            "steer": 0.0
        },
        {
            "throttle": 0.08750934669693798,
            "brake": 0.25270736360602314,
            "steer": 0.0
        },
        {
            "throttle": 0.10101882222735895,
            "brake": 0.22743662724542082,
            "steer": 0.0
        },
        {
            "throttle": 0.11267909310976224,
            "brake": 0.20469296452087873,
            "steer": 0.0
        },
        {
            "throttle": 0.12267172192739059,
            "brake": 0.18422366806879087,
            "steer": 0.0
        },
        {
            "throttle": 0.1311661965110857,
            "brake": 0.16580130126191178,
            "steer": 0.0
        },
        {
            "throttle": 0.13832110439370848,
            "brake": 0.14922117113572061,
            "steer": 0.0
        },
        {
            "throttle": 0.14428511648817713,
            "brake": 0.13429905402214856,
            "steer": 0.0
        },
        {
            "throttle": 0.1491978003561537,
            "brake": 0.12086914861993371,
            "steer": 0.0
        },
        {
            "throttle": 0.1531902822711288,
            "brake": 0.10878223375794034,
            "steer": 0.0
        },
        {
            "throttle": 0.15638577620647812,
            "brake": 0.09790401038214631,
            "steer": 0.0
        },
        {
            "throttle": 0.1588999968767136,
            "brake": 0.08811360934393168,
            "steer": 0.0
        },
        {
            "throttle": 0.16084147301171453,
            "brake": 0.07930224840953852,
            "steer": 0.0
        },
        {
            "throttle": 0.1623117761345407,
            "brake": 0.07137202356858467,
            "steer": 0.0
        },
        {
            "throttle": 0.1634056792309828,
            "brake": 0.0642348212117262,
            "steer": 0.0
        },
        {
            "throttle": 0.16421125883280488,
            "brake": 0.05781133909055358,
            "steer": 0.0
        },
        {
            "throttle": 0.16480995317811373,
            "brake": 0.05203020518149822,
            "steer": 0.0
        },
        {
            "throttle": 0.16527658825469677,
            "brake": 0.0468271846633484,
            "steer": 0.0
        },
        {
            "throttle": 0.16567938267045518,
            "brake": 0.04214446619701356,
            "steer": 0.0
        },
        {
            "throttle": 0.1660799414257692,
            "brake": 0.0379300195773122,
            "steer": 0.0
        },
        {
            "throttle": 0.16653324778379497,
            "brake": 0.03413701761958098,
            "steer": 0.0
        },
        {
            "throttle": 0.1670876615457031,
            "brake": 0.030723315857622883,
            "steer": 0.0
        },
        {
            "throttle": 0.16778493113937237,
            "brake": 0.027650984271860597,
            "steer": 0.0
        },
        {
            "throttle": 0.1686602260238187,
            "brake": 0.02488588584467454,
            "steer": 0.0
        },
        {
            "throttle": 0.16974219500045068,
            "brake": 0.022397297260207085,
            "steer": 0.0
        },
        {
            "throttle": 0.1710530551097572,
            "brake": 0.020157567534186377,
            "steer": 0.0
        },
        {
            "throttle": 0.1539477495987815,
            "brake": 0.058719266971594145,
            "steer": 0.0
        },
        {
            "throttle": 0.13855297463890334,
            "brake": 0.09342479646526114,
            "steer": 0.0
        },
        {
            "throttle": 0.12469767717501301,
            "brake": 0.12465977300956144,
            "steer": 0.0
        },
        {
            "throttle": 0.11222790945751171,
            "brake": 0.1527712518994317,
            "steer": 0.0
        },
        {
            "throttle": 0.10100511851176054,
            "brake": 0.1780715829003149,
            "steer": 0.0
        },
        {
            "throttle": 0.09090460666058449,
            "brake": 0.20084188080110982,
            "steer": 0.0
        },
        {
            "throttle": 0.08181414599452604,
            "brake": 0.22133514891182524,
            "steer": 0.0
        },
        {
            "throttle": 0.07363273139507344,
            "brake": 0.23977909021146912,
            "steer": 0.0
        },
        {
            "throttle": 0.0662694582555661,
            "brake": 0.25637863738114863,
            "steer": 0.0
        },
        {
            "throttle": 0.05964251243000949,
            "brake": 0.27131822983386017,
            "steer": 0.0
        },
        {
            "throttle": 0.05367826118700854,
            "brake": 0.2847638630413006,
            "steer": 0.0
        },
        {
            "throttle": 0.048310435068307685,
            "brake": 0.2968649329279969,
            "steer": 0.0
        },
        {
            "throttle": 0.04347939156147692,
            "brake": 0.30775589582602364,
            "steer": 0.0
        },
        {
            "throttle": 0.06376665274899634,
            "brake": 0.2769803062434213,
            "steer": 0.0
        },
        {
            "throttle": 0.05738998747409671,
            "brake": 0.2898597318099056,
            "steer": 0.0
        },
        {
            "throttle": 0.05165098872668704,
            "brake": 0.30145121481974146,
            "steer": 0.0
        },
        {
            "throttle": 0.04648588985401834,
            "brake": 0.31188354952859376,
            "steer": 0.0
        },
        {
            "throttle": 0.041837300868616506,
            "brake": 0.3212726507665608,
            "steer": 0.0
        },
        {
            "throttle": 0.03765357078175486,
            "brake": 0.32972284188073114,
            "steer": 0.0
        },
        {
            "throttle": 0.033888213703579376,
            "brake": 0.33732801388348443,
            "steer": 0.0
        },
        {
            "throttle": 0.03049939233322144,
            "brake": 0.3441726686859624,
            "steer": 0.0
        },
        {
            "throttle": 0.027449453099899296,
            "brake": 0.3503328580081926,
            "steer": 0.0
        },
        {
            "throttle": 0.024704507789909368,
            "brake": 0.35587702839819974,
            "steer": 0.0
        },
        {
            "throttle": 0.02223405701091843,
            "brake": 0.36086678174920617,
            "steer": 0.0
        },
        {
            "throttle": 0.02001065130982659,
            "brake": 0.36535755976511197,
            "steer": 0.0
        },
        {
            "throttle": 0.01800958617884393,
            "brake": 0.3693992599794272,
            "steer": 0.0
        },
        {
            "throttle": 0.01620862756095954,
            "brake": 0.3730367901723109,
            "steer": 0.0
        },
        {
            "throttle": 0.03945258432853939,
            "brake": 0.3357331111550798,
            "steer": 0.0
        },
        {
            "throttle": 0.060015793144572935,
            "brake": 0.3021598000395718,
            "steer": 0.0
        },
        {
            "throttle": 0.07812967501540932,
            "brake": 0.2719438200356146,
            "steer": 0.0
        },
        {
            "throttle": 0.09400727359425913,
            "brake": 0.24474943803205318,
            "steer": 0.0
        },
        {
            "throttle": 0.10784547953453741,
            "brake": 0.22027449422884787,
            "steer": 0.0
        },
        {
            "throttle": 0.1198269699534772,
            "brake": 0.19824704480596309,
            "steer": 0.0
        },
        {
            "throttle": 0.13012188756487453,
            "brake": 0.17842234032536677,
            "steer": 0.0
        },
        {
            "throttle": 0.13888928238877557,
            "brake": 0.1605801062928301,
            "steer": 0.0
        },
        {
            "throttle": 0.14627833749786226,
            "brake": 0.1445220956635471,
            "steer": 0.0
        },
        {
            "throttle": 0.15242939898471605,
            "brake": 0.1300698860971924,
            "steer": 0.0
        },
        {
            "throttle": 0.15747482920324268,
            "brake": 0.11706289748747316,
            "steer": 0.0
        },
        {
            "throttle": 0.16153970132609272,
            "brake": 0.10535660773872585,
            "steer": 0.0
        },
        {
            "throttle": 0.16474235234513365,
            "brake": 0.09482094696485327,
            "steer": 0.0
        },
        {
            "throttle": 0.1671948108034681,
            "brake": 0.08533885226836795,
            "steer": 0.0
        },
        {
            "throttle": 0.1690031147669296,
            "brake": 0.07680496704153116,
            "steer": 0.0
        },
        {
            "throttle": 0.17026753480433937,
            "brake": 0.06912447033737804,
            "steer": 0.0
        },
        {
            "throttle": 0.17108271603503383,
            "brake": 0.062212023303640236,
            "steer": 0.0
        },
        {
            "throttle": 0.17153775260720125,
            "brake": 0.05599082097327621,
            "steer": 0.0
        },
        {
            "throttle": 0.17171620728119388,
            "brake": 0.05039173887594859,
            "steer": 0.0
        },
        {
            "throttle": 0.17169608809980863,
            "brake": 0.04535256498835373,
            "steer": 0.0
        },
        {
            "throttle": 0.17154979342585797,
            "brake": 0.04081730848951836,
            "steer": 0.0
        },
        {
            "throttle": 0.17134403591111652,
            "brake": 0.03673557764056652,
            "steer": 0.0
        },
        {
            "throttle": 0.17113975522638777,
            "brake": 0.03306201987650987,
            "steer": 0.0
        },
        {
            "throttle": 0.17099202862789914,
            "brake": 0.029755817888858883,
            "steer": 0.0
        },
        {
            "throttle": 0.17094998765974911,
            "brake": 0.026780236099972994,
            "steer": 0.0
        },
        {
            "throttle": 0.17105674849619334,
            "brake": 0.024102212489975697,
            "steer": 0.0
        },
        {
            "throttle": 0.17134936261279948,
            "brake": 0.021691991240978127,
            "steer": 0.0
        },
        {
            "throttle": 0.17185879364458484,
            "brake": 0.019522792116880315,
            "steer": 0.0
        },
        {
            "throttle": 0.17260992544575837,
            "brake": 0.017570512905192286,
            "steer": 0.0
        },
        {
            "throttle": 0.1736216055139995,
            "brake": 0.015813461614673056,
            "steer": 0.0
        },
        {
            "throttle": 0.17490672708738703,
            "brake": 0.01423211545320575,
            "steer": 0.0
        },
        {
            "throttle": 0.1764723523697715,
            "brake": 0.012808903907885177,
            "steer": 0.0
        },
        {
            "throttle": 0.17831987849663705,
            "brake": 0.011528013517096659,
            "steer": 0.0
        },
        {
            "throttle": 0.180445247024718,
            "brake": 0.010375212165386994,
            "steer": 0.0
        },
        {
            "throttle": 0.18283919692141853,
            "brake": 0.009337690948848294,
            "steer": 0.0
        },
        {
            "throttle": 0.18548756025111224,
            "brake": 0.008403921853963466,
            "steer": 0.0
        },
        {
            "throttle": 0.18837159901131884,
            "brake": 0.0075635296685671195,
            "steer": 0.0
        },
        {
            "throttle": 0.19146838086907508,
            "brake": 0.0068071767017104075,
            "steer": 0.0
        },
        {
            "throttle": 0.19475119089278972,
            "brake": 0.0061264590315393665,
            "steer": 0.0
        },
        {
            "throttle": 0.19818997577340228,
            "brake": 0.00551381312838543,
            "steer": 0.0
        },
        {
            "throttle": 0.17837097819606204,
            "brake": 0.04553988800637329,
            "steer": 0.0
        },
        {
            "throttle": 0.16053388037645583,
            "brake": 0.08156335539656237,
            "steer": 0.0
        },
        {
            "throttle": 0.14448049233881025,
            "brake": 0.11398447604773254,
            "steer": 0.0
        },
        {
            "throttle": 0.13003244310492923,
            "brake": 0.1431634846337857,
            "steer": 0.0
        },
        {
            "throttle": 0.11702919879443631,
            "brake": 0.16942459236123353,
            "steer": 0.0
        },
        {
            "throttle": 0.10532627891499267,
            "brake": 0.19305958931593659,
            "steer": 0.0
        },
        {
            "throttle": 0.09479365102349341,
            "brake": 0.21433108657516933,
            "steer": 0.0
        },
        {
            "throttle": 0.08531428592114407,
            "brake": 0.2334754341084788,
            "steer": 0.0
        },
        {
            "throttle": 0.07678285732902966,
            "brake": 0.2507053468884573,
            "steer": 0.0
        },
        {
            "throttle": 0.0691045715961267,
            "brake": 0.266212268390438,
            "steer": 0.0
        },
        {
            "throttle": 0.06219411443651403,
            "brake": 0.2801684977422206,
            "steer": 0.0
        },
        {
            "throttle": 0.05597470299286263,
            "brake": 0.29272910415882497,
            "steer": 0.0
        },
        {
            "throttle": 0.050377232693576364,
            "brake": 0.3040336499337689,
            "steer": 0.0
        },
        {
            "throttle": 0.07118955034509031,
            "brake": 0.27363028494039204,
            "steer": 0.0
        },
        {
            "throttle": 0.08975071797794297,
            "brake": 0.24626725644635283,
            "steer": 0.0
        },
        {
            "throttle": 0.1062349918278703,
            "brake": 0.22164053080171756,
            "steer": 0.0
        },
        {
            "throttle": 0.12080187917502797,
            "brake": 0.1994764777215458,
            "steer": 0.0
        },
        {
            "throttle": 0.13359819739219414,
            "brake": 0.17952882994939123,
            "steer": 0.0
        },
        {
            "throttle": 0.144759887554444,
            "brake": 0.16157594695445213,
            "steer": 0.0
        },
        {
            "throttle": 0.15441360055126924,
            "brake": 0.14541835225900693,
            "steer": 0.0
        },
        {
            "throttle": 0.16267807240737148,
            "brake": 0.13087651703310624,
            "steer": 0.0
        },
        {
            "throttle": 0.16966530448036002,
            "brake": 0.11778886532979561,
            "steer": 0.0
        },
        {
            "throttle": 0.17548156333498577,
            "brake": 0.10600997879681605,
            "steer": 0.0
        },
        {
            "throttle": 0.18022821436894154,
            "brake": 0.09540898091713444,
            "steer": 0.0
        },
        {
            "throttle": 0.18400240266109358,
            "brake": 0.085868082825421,
            "steer": 0.0
        }
    ],
    "parameters": {
        "fog_density": 26.52018269581074,
        "precipitation": 98.83258007932369,
        "precipitation_deposits": 90.02720438977231,
        "wind_intensity": 43.26643022655902,
        "sun_altitude_angle": 16.111619316532753,
        "cloudiness": 70.0584690744311,
        "lead_base_throttle": 0.21485188205209502,
        "lead_behavior_frequency": 0.17533155479386453,
        "lead_throttle_variation": 0.045557234761352254,
        "lead_brake_probability": 0.2201069483710625,
        "lead_brake_intensity": 0.405774561908264,
        "lead_brake_duration": 13.174659716391991,
        "initial_distance": 63.8476044943189,
        "initial_ego_velocity": 8.94677970616943,
        "initial_lead_velocity": 14.702286622845161
    },
    "config": {
        "num_timesteps": 200,
        "dt": 0.1,
        "seed": 51
    }
}