{
    "weather": {
        "cloudiness": 91.77907399420356,
        "precipitation": 40.75585153265004,
        "precipitation_deposits": 98.47641937846502,
        "wind_intensity": 2.4132859145836347,
        "sun_altitude_angle": -29.456357545640902,
        "fog_density": 49.78271900004256,
        "fog_distance": 190.24853804323894,
        "wetness": 20.37792576632502
    },
    "initial_conditions": {
        "ego": {
            "position": {
                "x": 530.8314659885906,
                "y": 20.57,
                "z": 0.294
            },
            "yaw": 0.0,
            "velocity": 8.895119244397637
        },
        "lead": {
            "position": {
                "x": 484.88,
                "y": 20.57,
                "z": 0.294
            },
            "yaw": 0.0,
            "velocity": 15.477705311718442
        }
    },
    "ego": {
        "position": {
            "x": 530.8314659885906,
            "y": 20.57,
            "z": 0.294
        },
        "yaw": 0.0,
        "velocity": 8.895119244397637
    },
    "lead": {
        "position": {
            "x": 484.88,
            "y": 20.57,
            "z": 0.294
        },
        "yaw": 0.0,
        "velocity": 15.477705311718442
    },
    "ado_actions": [
        {
            "throttle": 0.4848612898150738,
            "brake": 0.0,
            "steer": 0.0
        },
        {
            "throttle": 0.4849469695818447,
            "brake": 0.0,
            "steer": 0.0
        },
        {
            "throttle": 0.4851092439428776,
            "brake": 0.0,
            "steer": 0.0
        },
        {
            "throttle": 0.4853394221690746,
            "brake": 0.0,
            "steer": 0.0
        },
        {
            "throttle": 0.4856291747555457,
            "brake": 0.0,
            "steer": 0.0
        },
        {
            "throttle": 0.4370662572799911,
            "brake": 0.025757351458853918,
            "steer": 0.0
        },
        {
            "throttle": 0.393359631551992,
            "brake": 0.048938967771822446,
            "steer": 0.0
        },
        {
            "throttle": 0.3540236683967928,
            "brake": 0.06980242245349412,
            "steer": 0.0
        },
        {
            "throttle": 0.3186213015571135,
            "brake": 0.08857953166699864,
            "steer": 0.0
        },
        {
            "throttle": 0.28675917140140217,
            "brake": 0.1054789299591527,
            "steer": 0.0
        },
        {
            "throttle": 0.25808325426126194,
            "brake": 0.12068838842209134,
            "steer": 0.0
        },
        {
            "throttle": 0.23227492883513576,
            "brake": 0.13437690103873612,
            "steer": 0.0
        },
        {
            "throttle": 0.20904743595162217,
            "brake": 0.14669656239371642,
            "steer": 0.0
        },
        {
            "throttle": 0.18814269235645997,
            "brake": 0.1577842576131987,
            "steer": 0.0
        },
        {
            "throttle": 0.16932842312081398,
            "brake": 0.16776318331073276,
            "steer": 0.0
        },
        {
            "throttle": 0.15239558080873258,
            "brake": 0.1767442164385134,
            "steer": 0.0
        },
        {
            "throttle": 0.13715602272785932,
            "brake": 0.18482714625351598,
            "steer": 0.0
        },
        {
            "throttle": 0.12344042045507339,
            "brake": 0.1921017830870183,
            "steer": 0.0
        },
        {
            "throttle": 0.11109637840956606,
            "brake": 0.19864895623717038,
            "steer": 0.0
        },
        {
            "throttle": 0.09998674056860946,
            "brake": 0.20454141207230725,
            "steer": 0.0
        },
        {
            "throttle": 0.08998806651174851,
            "brake": 0.20984462232393045,
            "steer": 0.0
        },
        {
            "throttle": 0.08098925986057366,
            "brake": 0.21461751155039133,
            "steer": 0.0
        },
        {
            "throttle": 0.0728903338745163,
            "brake": 0.21891311185420612,
            "steer": 0.0
        },
        {
            "throttle": 0.06560130048706467,
            "brake": 0.2227791521276394,
            "steer": 0.0
        },
        {
            "throttle": 0.10858345508016423,
            "brake": 0.20050123691487548,
            "steer": 0.0
        },
        {
            "throttle": 0.14723935071331995,
            "brake": 0.18045111322338794,
            "steer": 0.0
        },
        {
            "throttle": 0.18199540720443333,
            "brake": 0.16240600190104915,
            "steer": 0.0
        },
        {
            "throttle": 0.21323560913316808,
            "brake": 0.14616540171094425,
            "steer": 0.0
        },
        {
            "throttle": 0.24130578557905125,
            "brake": 0.13154886153984982,
            "steer": 0.0
        },
        {
            "throttle": 0.26651746041917745,
            "brake": 0.11839397538586484,
            "steer": 0.0
        },
        {
            "throttle": 0.2891513159198063,
            "brake": 0.10655457784727836,
            "steer": 0.0
        },
        {
            "throttle": 0.309460308092832,
            "brake": 0.09589912006255052,
            "steer": 0.0
        },
        {
            "throttle": 0.3276724684523303,
            "brake": 0.08630920805629548,
            "steer": 0.0
        },
        {
            "throttle": 0.34399342335532956,
            "brake": 0.07767828725066593,
            "steer": 0.0
        },
        {
            "throttle": 0.3586086590060582,
            "brake": 0.06991045852559934,
            "steer": 0.0
        },
        {
            "throttle": 0.37168555740949877,
            "brake": 0.06291941267303941,
            "steer": 0.0
        },
        {
            "throttle": 0.38337522604689117,
            "brake": 0.05662747140573547,
            "steer": 0.0
        },
        {
            "throttle": 0.3938141417847547,
            "brake": 0.05096472426516192,
            "steer": 0.0
        },
        {
            "throttle": 0.4031256274947397,
            "brake": 0.045868251838645735,
            "steer": 0.0
        },
        {
            "throttle": 0.411421178031381,
            "brake": 0.04128142665478116,
            "steer": 0.0
        },
        {
            "throttle": 0.41880165056811,
            "brake": 0.037153283989303044,
            "steer": 0.0
        },
        {
            "throttle": 0.4253583328102178,
            "brake": 0.03343795559037274,
            "steer": 0.0
        },
        {
            "throttle": 0.43117390127024535,
            "brake": 0.030094160031335467,
            "steer": 0.0
        },
        {
            "throttle": 0.43632328059153697,
            "brake": 0.02708474402820192,
            "steer": 0.0
        },
        {
            "throttle": 0.44087441382598036,
            "brake": 0.024376269625381728,
            "steer": 0.0
        },
        {
            "throttle": 0.4448889526001491,
            "brake": 0.021938642662843556,
            "steer": 0.0
        },
        {
            "throttle": 0.44842287522925556,
            "brake": 0.0197447783965592,
            "steer": 0.0
        },
        {
            "throttle": 0.4515270400507059,
            "brake": 0.01777030055690328,
            "steer": 0.0
        },
        {
            "throttle": 0.45424768053979203,
            "brake": 0.015993270501212953,
            "steer": 0.0
        },
        {
            "throttle": 0.45662684813121335,
            "brake": 0.014393943451091658,
            "steer": 0.0
        },
        {
            "throttle": 0.4587028080945488,
            "brake": 0.012954549105982493,
            "steer": 0.0
        },
        {
            "throttle": 0.460510393293068,
            "brake": 0.011659094195384244,
            "steer": 0.0
        },
        {
            "throttle": 0.46208132018759907,
            "brake": 0.010493184775845819,
            "steer": 0.0
        },
        {
            "throttle": 0.46344447102535746,
            "brake": 0.009443866298261237,
            "steer": 0.0
        },
        {
            "throttle": 0.464626145773021,
            "brake": 0.008499479668435114,
            "steer": 0.0
        },
        {
            "throttle": 0.4656502870097011,
            "brake": 0.007649531701591603,
            "steer": 0.0
        },
        {
            "throttle": 0.46653868068504417,
            "brake": 0.006884578531432443,
            "steer": 0.0
        },
        {
            "throttle": 0.4673111353671067,
            "brake": 0.0061961206782891985,
            "steer": 0.0
        },
        {
            "throttle": 0.46798564235084217,
            "brake": 0.005576508610460279,
            "steer": 0.0
        },
        {
            "throttle": 0.46857851876828505,
            "brake": 0.005018857749414251,
            "steer": 0.0
        },
        {
            "throttle": 0.4691045356333708,
            "brake": 0.004516971974472826,
            "steer": 0.0
        },
        {
            "throttle": 0.46957703256558897,
            "brake": 0.0040652747770255435,
            "steer": 0.0
        },
        {
            "throttle": 0.4700080207653662,
            "brake": 0.003658747299322989,
            "steer": 0.0
        },
        {
            "throttle": 0.4704082756584522,
            "brake": 0.00329287256939069,
            "steer": 0.0
        },
        {
            "throttle": 0.4707874204850556,
            "brake": 0.002963585312451621,
            "steer": 0.0
        },
        {
            "throttle": 0.4711540019806396,
            "brake": 0.002667226781206459,
            "steer": 0.0
        },
        {
            "throttle": 0.47151555917787685,
            "brake": 0.0024005041030858132,
            "steer": 0.0
        },
        {
            "throttle": 0.4718786862521516,
            "brake": 0.002160453692777232,
            "steer": 0.0
        },
        {
            "throttle": 0.42469081762693645,
            "brake": 0.027701759782353428,
            "steer": 0.0
        },
        {
            "throttle": 0.3822217358642428,
            "brake": 0.050688935262972,
            "steer": 0.0
        },
        {
            "throttle": 0.3439995622778185,
            "brake": 0.07137739319552872,
            "steer": 0.0
        },
        {
            "throttle": 0.30959960605003667,
            "brake": 0.08999700533482977,
            "steer": 0.0
        },
        {
            "throttle": 0.278639645445033,
            "brake": 0.1067546562602007,
            "steer": 0.0
        },
        {
            "throttle": 0.2507756809005297,
            "brake": 0.12183654209303454,
            "steer": 0.0
        },
        {
            "throttle": 0.22569811281047675,
            "brake": 0.135410239342585,
            "steer": 0.0
        },
        {
            "throttle": 0.20312830152942907,
            "brake": 0.14762656686718043,
            "steer": 0.0
        },
        {
            "throttle": 0.18281547137648615,
            "brake": 0.1586212616393163,
            "steer": 0.0
        },
        {
            "throttle": 0.16453392423883753,
            "brake": 0.1685164869342386,
            "steer": 0.0
        },
        {
            "throttle": 0.1480805318149538,
            "brake": 0.17742218969966866,
            "steer": 0.0
        },
        {
            "throttle": 0.13327247863345842,
            "brake": 0.18543732218855571,
            "steer": 0.0
        },
        {
            "throttle": 0.11994523077011258,
            "brake": 0.19265094142855405,
            "steer": 0.0
        },
        {
            "throttle": 0.10795070769310133,
            "brake": 0.19914319874455255,
            "steer": 0.0
        },
        {
            "throttle": 0.0971556369237912,
            "brake": 0.20498623032895122,
            "steer": 0.0
        },
        {
            "throttle": 0.08744007323141208,
            "brake": 0.21024495875491,
            "steer": 0.0
        },
        {
            "throttle": 0.07869606590827087,
            "brake": 0.21497781433827293,
            "steer": 0.0
        },
        {
            "throttle": 0.07082645931744379,
            "brake": 0.21923738436329954,
            "steer": 0.0
        },
        {
            "throttle": 0.06374381338569941,
            "brake": 0.2230709973858235,
            "steer": 0.0
        },
        {
            "throttle": 0.10636313855997387,
            "brake": 0.20076389764724115,
            "steer": 0.0
        },
        {
            "throttle": 0.14479507938149566,
            "brake": 0.18068750788251703,
            "steer": 0.0
        },
        {
            "throttle": 0.17945486035226396,
            "brake": 0.16261875709426532,
            "steer": 0.0
        },
        {
            "throttle": 0.21071575473429754,
            "brake": 0.1463568813848388,
            "steer": 0.0
        },
        {
            "throttle": 0.23891330347341655,
            "brake": 0.13172119324635492,
            "steer": 0.0
        },
        {
            "throttle": 0.2643491146753208,
            "brake": 0.11854907392171943,
            "steer": 0.0
        },
        {
            "throttle": 0.28729428542031293,
            "brake": 0.10669416652954748,
            "steer": 0.0
        },
        {
            "throttle": 0.30799248351058,
            "brake": 0.09602474987659274,
            "steer": 0.0
        },
        {
            "throttle": 0.3266627229717941,
            "brake": 0.08642227488893346,
            "steer": 0.0
        },
        {
            "throttle": 0.3435018637369723,
            "brake": 0.07778004740004012,
            "steer": 0.0
        },
        {
            "throttle": 0.3586868628872842,
            "brake": 0.07000204266003611,
            "steer": 0.0
        },
        {
            "throttle": 0.3723768020778207,
            "brake": 0.0630018383940325,
            "steer": 0.0
        },
        {
            "throttle": 0.38471471330563145,
            "brake": 0.056701654554629256,
            "steer": 0.0
        },
        {
            "throttle": 0.39582922295506173,
            "brake": 0.051031489099166334,
            "steer": 0.0
        },
        {
            "throttle": 0.4058360320567599,
            "brake": 0.045928340189249704,
            "steer": 0.0
        },
        {
            "throttle": 0.41483924889935714,
            "brake": 0.041335506170324735,
            "steer": 0.0
        },
        {
            "throttle": 0.42293258851663706,
            "brake": 0.03720195555329226,
            "steer": 0.0
        },
        {
            "throttle": 0.43020045211990404,
            "brake": 0.03348175999796304,
            "steer": 0.0
        },
        {
            "throttle": 0.4367188982389316,
            "brake": 0.030133583998166735,
            "steer": 0.0
        },
        {
            "throttle": 0.4425565161606328,
            "brake": 0.027120225598350062,
            "steer": 0.0
        },
        {
            "throttle": 0.44777521119923286,
            "brake": 0.024408203038515056,
            "steer": 0.0
        },
        {
            "throttle": 0.45243091038332306,
            "brake": 0.02196738273466355,
            "steer": 0.0
        },
        {
            "throttle": 0.4565741962930128,
            "brake": 0.019770644461197195,
            "steer": 0.0
        },
        {
            "throttle": 0.4602508760148078,
            "brake": 0.017793580015077477,
            "steer": 0.0
        },
        {
            "throttle": 0.46350249149412637,
            "brake": 0.01601422201356973,
            "steer": 0.0
        },
        {
            "throttle": 0.466366776947678,
            "brake": 0.014412799812212758,
            "steer": 0.0
        },
        {
            "throttle": 0.4688780684432033,
            "brake": 0.012971519830991481,
            "steer": 0.0
        },
        {
            "throttle": 0.4710676702559512,
            "brake": 0.011674367847892334,
            "steer": 0.0
        },
        {
            "throttle": 0.4729641821640027,
            "brake": 0.010506931063103101,
            "steer": 0.0
        },
        {
            "throttle": 0.4745937914429849,
            "brake": 0.009456237956792792,
            "steer": 0.0
        },
        {
            "throttle": 0.47598053296018034,
            "brake": 0.008510614161113513,
            "steer": 0.0
        },
        {
            "throttle": 0.477146520444345,
            "brake": 0.0076595527450021616,
            "steer": 0.0
        },
        {
            "throttle": 0.478112151716906,
            "brake": 0.006893597470501945,
            "steer": 0.0
        },
        {
            "throttle": 0.4788962904092201,
            "brake": 0.00620423772345175,
            "steer": 0.0
        },
        {
            "throttle": 0.4310066613682981,
            "brake": 0.03134116540996049,
            "steer": 0.0
        },
        {
            "throttle": 0.38790599523146835,
            "brake": 0.053964400327818365,
            "steer": 0.0
        },
        {
            "throttle": 0.3491153957083215,
            "brake": 0.07432531175389046,
            "steer": 0.0
        },
        {
            "throttle": 0.31420385613748936,
            "brake": 0.09265013203735534,
            "steer": 0.0
        },
        {
            "throttle": 0.2827834705237404,
            "brake": 0.10914247029247373,
            "steer": 0.0
        },
        {
            "throttle": 0.2545051234713664,
            "brake": 0.12398557472208027,
            "steer": 0.0
        },
        {
            "throttle": 0.22905461112422976,
            "brake": 0.13734436870872616,
            "steer": 0.0
        },
        {
            "throttle": 0.20614915001180678,
            "brake": 0.14936728329670745,
            "steer": 0.0
        },
        {
            "throttle": 0.1855342350106261,
            "brake": 0.16018790642589062,
            "steer": 0.0
        },
        {
            "throttle": 0.1669808115095635,
            "brake": 0.16992646724215546,
            "steer": 0.0
        },
        {
            "throttle": 0.15028273035860717,
            "brake": 0.17869117197679382,
            "steer": 0.0
        },
        {
            "throttle": 0.13525445732274646,
            "brake": 0.18657940623796834,
            "steer": 0.0
        },
        {
            "throttle": 0.12172901159047182,
            "brake": 0.19367881707302542,
            "steer": 0.0
        },
        {
            "throttle": 0.10955611043142464,
            "brake": 0.2000682868245768,
            "steer": 0.0
        },
        {
            "throttle": 0.09860049938828218,
            "brake": 0.20581880960097304,
            "steer": 0.0
        },
        {
            "throttle": 0.08874044944945396,
            "brake": 0.21099428009972965,
            "steer": 0.0
        },
        {
            "throttle": 0.07986640450450856,
            "brake": 0.2156522035486106,
            "steer": 0.0
        },
        {
            "throttle": 0.0718797640540577,
            "brake": 0.21984433465260345,
            "steer": 0.0
        },
        {
            "throttle": 0.06469178764865194,
            "brake": 0.22361725264619703,
            "steer": 0.0
        },
        {
            "throttle": 0.10561249494142139,
            "brake": 0.20125552738157734,
            "steer": 0.0
        },
        {
            "throttle": 0.14243455301160807,
            "brake": 0.18112997464341962,
            "steer": 0.0
        },
        {
            "throttle": 0.17557448383320653,
            "brake": 0.16301697717907768,
            "steer": 0.0
        },
        {
            "throttle": 0.20540715670860316,
            "brake": 0.1467152794611699,
            "steer": 0.0
        },
        {
            "throttle": 0.23226991335408984,
            "brake": 0.13204375151505293,
            "steer": 0.0
        },
        {
            "throttle": 0.2564662807222407,
            "brake": 0.11883937636354765,
            "steer": 0.0
        },
        {
            "throttle": 0.2782693130285357,
            "brake": 0.10695543872719289,
            "steer": 0.0
        },
        {
            "throttle": 0.2979246002999403,
            "brake": 0.0962598948544736,
            "steer": 0.0
        },
        {
            "throttle": 0.31565297702700545,
            "brake": 0.08663390536902624,
            "steer": 0.0
        },
        {
            "throttle": 0.3316529611371099,
            "brake": 0.07797051483212361,
            "steer": 0.0
        },
        {
            "throttle": 0.34610295047754464,
            "brake": 0.07017346334891125,
            "steer": 0.0
        },
        {
            "throttle": 0.3591632012697735,
            "brake": 0.06315611701402013,
            "steer": 0.0
        },
        {
            "throttle": 0.3709776105402965,
            "brake": 0.05684050531261812,
            "steer": 0.0
        },
        {
            "throttle": 0.3816753223219991,
            "brake": 0.05115645478135631,
            "steer": 0.0
        },
        {
            "throttle": 0.39137217542833064,
            "brake": 0.04604080930322068,
            "steer": 0.0
        },
        {
            "throttle": 0.40017200880918,
            "brake": 0.041436728372898614,
            "steer": 0.0
        },
        {
            "throttle": 0.40816783888219166,
            "brake": 0.03729305553560875,
            "steer": 0.0
        },
        {
            "throttle": 0.4154429217787322,
            "brake": 0.03356374998204788,
            "steer": 0.0
        },
        {
            "throttle": 0.4220717121338139,
            "brake": 0.03020737498384309,
            "steer": 0.0
        },
        {
            "throttle": 0.4281207288696389,
            "brake": 0.02718663748545878,
            "steer": 0.0
        },
        {
            "throttle": 0.4336493373601215,
            "brake": 0.024467973736912903,
            "steer": 0.0
        },
        {
            "throttle": 0.43871045640714573,
            "brake": 0.022021176363221612,
            "steer": 0.0
        },
        {
            "throttle": 0.44335119759796143,
            "brake": 0.01981905872689945,
            "steer": 0.0
        },
        {
            "throttle": 0.4476134438375965,
            "brake": 0.017837152854209507,
            "steer": 0.0
        },
        {
            "throttle": 0.4515343731519975,
            "brake": 0.016053437568788558,
            "steer": 0.0
        },
        {
            "throttle": 0.4551469332291825,
            "brake": 0.014448093811909703,
            "steer": 0.0
        },
        {
            "throttle": 0.45848027160013766,
            "brake": 0.013003284430718734,
            "steer": 0.0
        },
        {
            "throttle": 0.46156012585234124,
            "brake": 0.011702955987646861,
            "steer": 0.0
        },
        {
            "throttle": 0.4644091778110932,
            "brake": 0.010532660388882176,
            "steer": 0.0
        },
        {
            "throttle": 0.4670473752122693,
            "brake": 0.009479394349993958,
            "steer": 0.0
        },
        {
            "throttle": 0.46949222402019175,
            "brake": 0.008531454914994562,
            "steer": 0.0
        },
        {
            "throttle": 0.47175905421196374,
            "brake": 0.007678309423495106,
            "steer": 0.0
        },
        {
            "throttle": 0.47386126155119124,
            "brake": 0.006910478481145595,
            "steer": 0.0
        },
        {
            "throttle": 0.47581052760622533,
            "brake": 0.006219430633031035,
            "steer": 0.0
        },
        {
            "throttle": 0.4776170200279226,
            "brake": 0.005597487569727932,
            "steer": 0.0
        },
        {
            "throttle": 0.4792895748867736,
            "brake": 0.005037738812755139,
            "steer": 0.0
        },
        {
            "throttle": 0.48083586267666295,
            "brake": 0.004533964931479626,
            "steer": 0.0
        },
        {
            "throttle": 0.48226253942033065,
            "brake": 0.004080568438331663,
            "steer": 0.0
        },
        {
            "throttle": 0.4835753841578187,
            "brake": 0.003672511594498497,
            "steer": 0.0
        },
        {
            "throttle": 0.4847794239620463,
            "brake": 0.0033052604350486477,
            "steer": 0.0
        },
        {
            "throttle": 0.4858790475035396,
            "brake": 0.002974734391543783,
            "steer": 0.0
        },
        {
            "throttle": 0.486878108077795,
            "brake": 0.0026772609523894046,
            "steer": 0.0
        },
        {
            "throttle": 0.4877800169124662,
            "brake": 0.0024095348571504644,
            "steer": 0.0
        },
        {
            "throttle": 0.4885878274863258,
            "brake": 0.002168581371435418,
            "steer": 0.0
        },
        {
            "throttle": 0.48930431151669285,
            "brake": 0.0019517232342918763,
            "steer": 0.0
        },
        {
            "throttle": 0.48993202720574075,
            "brake": 0.0017565509108626886,
            "steer": 0.0
        },
        {
            "throttle": 0.4904733802779187,
            "brake": 0.0015808958197764198,
            "steer": 0.0
        },
        {
            "throttle": 0.4909306782898165,
            "brake": 0.0014228062377987778,
            "steer": 0.0
        },
        {
            "throttle": 0.4913061786494343,
            "brake": 0.0012805256140189,
            "steer": 0.0
        },
        {
            "throttle": 0.49160213074331194,
            "brake": 0.00115247305261701,
            "steer": 0.0
        },
        {
            "throttle": 0.49182081253670806,
            "brake": 0.001037225747355309,
            "steer": 0.0
        },
        {
            "throttle": 0.49196456198343386,
            "brake": 0.0009335031726197782,
            "steer": 0.0
        },
        {
            "throttle": 0.49203580355752236,
            "brake": 0.0008401528553578004,
            "steer": 0.0
        },
        {
            "throttle": 0.49203707019818366,
            "brake": 0.0007561375698220203,
            "steer": 0.0
        },
        {
            "throttle": 0.49197102094202166,
            "brake": 0.0006805238128398183,
            "steer": 0.0
        },
        {
            "throttle": 0.4918404545018786,
            "brake": 0.0006124714315558365,
            "steer": 0.0
        },
        {
            "throttle": 0.4916483190395593,
            "brake": 0.0005512242884002529,
            "steer": 0.0
        },
        {
            "throttle": 0.4913977183697424,
            "brake": 0.0004961018595602277,
            "steer": 0.0
        },
        {
            "throttle": 0.49109191482429654,
            "brake": 0.0004464916736042049,
            "steer": 0.0
        },
        {
            "throttle": 0.4907343289997134,
            "brake": 0.00040184250624378443,
            "steer": 0.0
        }
    ],
    "parameters": {
        "cloudiness": 91.77907399420356,
        "fog_density": 49.78271900004256,
        "initial_distance": 45.95146598859057,
        "initial_ego_velocity": 8.895119244397637,
        "initial_lead_velocity": 15.477705311718442,
        "lead_base_throttle": 0.4848612898150738,
        "lead_behavior_frequency": 0.12368521671618891,
        "lead_brake_duration": 19.069925795922188,
        "lead_brake_intensity": 0.25757351458853917,
        "lead_brake_probability": 0.15933131429579772,
        "lead_throttle_variation": 0.011036156459612246,
        "precipitation": 40.75585153265004,
        "precipitation_deposits": 98.47641937846502,
        "sun_altitude_angle": -29.456357545640902,
        "wind_intensity": 2.4132859145836347
    },
    "config": {
        "num_timesteps": 200,
        "dt": 0.1,
        "seed": 61
    }
}