{
    "weather": {
        "cloudiness": 96.81861786138667,
        "precipitation": 40.39146371917639,
        "precipitation_deposits": 38.76888952222923,
        "wind_intensity": 3.5252823336979655,
        "sun_altitude_angle": 85.7525415578143,
        "fog_density": 3.453690179864939,
        "fog_distance": 891.256507270067,
        "wetness": 20.195731859588196
    },
    "initial_conditions": {
        "ego": {
            "position": {
                "x": 505.34245940907846,
                "y": 20.57,
                "z": 0.294
            },
            "yaw": 0.0,
            "velocity": 7.738571080306158
        },
        "lead": {
            "position": {
                "x": 484.88,
                "y": 20.57,
                "z": 0.294
            },
            "yaw": 0.0,
            "velocity": 7.888755567221935
        }
    },
    "ego": {
        "position": {
            "x": 505.34245940907846,
            "y": 20.57,
            "z": 0.294
        },
        "yaw": 0.0,
        "velocity": 7.738571080306158
    },
    "lead": {
        "position": {
            "x": 484.88,
            "y": 20.57,
            "z": 0.294
        },
        "yaw": 0.0,
        "velocity": 7.888755567221935
    },
    "ado_actions": [
        {
            "throttle": 0.2709818095452831,
            "brake": 0.0,
            "steer": 0.0
        },
        {
            "throttle": 0.2746308075818761,
            "brake": 0.0,
            "steer": 0.0
        },
        {
            "throttle": 0.28146974360645,
            "brake": 0.0,
            "steer": 0.0
        },
        {
            "throttle": 0.29099373307995896,
            "brake": 0.0,
            "steer": 0.0
        },
        {
            "throttle": 0.30266144622302266,
            "brake": 0.0,
            "steer": 0.0
        },
        {
            "throttle": 0.3159057926137891,
            "brake": 0.0,
            "steer": 0.0
        },
        {
            "throttle": 0.33014559893382567,
            "brake": 0.0,
            "steer": 0.0
        },
        {
            "throttle": 0.34479794568370226,
            "brake": 0.0,
            "steer": 0.0
        },
        {
            "throttle": 0.35929081496970294,
            "brake": 0.0,
            "steer": 0.0
        },
        {
            "throttle": 0.3730756963917853,
            "brake": 0.0,
            "steer": 0.0
        },
        {
            "throttle": 0.3856398018041968,
            "brake": 0.0,
            "steer": 0.0
        },
        {
            "throttle": 0.39651755220707796,
            "brake": 0.0,
            "steer": 0.0
        },
        {
            "throttle": 0.4053010209643077,
            "brake": 0.0,
            "steer": 0.0
        },
        {
            "throttle": 0.41164904641346245,
            "brake": 0.0,
            "steer": 0.0
        },
        {
            "throttle": 0.41529476301461604,
            "brake": 0.0,
            "steer": 0.0
        },
        {
            "throttle": 0.416051342564156,
            "brake": 0.0,
            "steer": 0.0
        },
        {
            "throttle": 0.41381578460170526,
            "brake": 0.0,
            "steer": 0.0
        },
        {
            "throttle": 0.4085706467499901,
            "brake": 0.0,
            "steer": 0.0
        },
        {
            "throttle": 0.400383660031404,
            "brake": 0.0,
            "steer": 0.0
        },
        {
            "throttle": 0.3894052298125337,
            "brake": 0.0,
            "steer": 0.0
        },
        {
            "throttle": 0.37586387851556513,
            "brake": 0.0,
            "steer": 0.0
        },
        {
            "throttle": 0.36005974018175363,
            "brake": 0.0,
            "steer": 0.0
        },
        {
            "throttle": 0.3423562679942486,
            "brake": 0.0,
            "steer": 0.0
        },
        {
            "throttle": 0.32317036265726207,
            "brake": 0.0,
            "steer": 0.0
        },
        {
            "throttle": 0.3029611708859909,
            "brake": 0.0,
            "steer": 0.0
        },
        {
            "throttle": 0.28221783812640727,
            "brake": 0.0,
            "steer": 0.0
        },
        {
            "throttle": 0.2614465271024397,
            "brake": 0.0,
            "steer": 0.0
        },
        {
            "throttle": 0.2411570331765907,
            "brake": 0.0,
            "steer": 0.0
        },
        {
            "throttle": 0.22184933831329975,
            "brake": 0.0,
            "steer": 0.0
        },
        {
            "throttle": 0.2040004473780222,
            "brake": 0.0,
            "steer": 0.0
        },
        {
            "throttle": 0.18805184354289678,
            "brake": 0.0,
            "steer": 0.0
        },
        {
            "throttle": 0.17439788388526065,
            "brake": 0.0,
            "steer": 0.0
        },
        {
            "throttle": 0.16337543226610973,
            "brake": 0.0,
            "steer": 0.0
        },
        {
            "throttle": 0.15525499488408603,
            "brake": 0.0,
            "steer": 0.0
        },
        {
            "throttle": 0.1502335853371055,
            "brake": 0.0,
            "steer": 0.0
        },
        {
            "throttle": 0.14842950158578355,
            "brake": 0.0,
            "steer": 0.0
        },
        {
            "throttle": 0.14987914804918745,
            "brake": 0.0,
            "steer": 0.0
        },
        {
            "throttle": 0.15453598344469618,
            "brake": 0.0,
            "steer": 0.0
        },
        {
            "throttle": 0.16227162026938946,
            "brake": 0.0,
            "steer": 0.0
        },
        {
            "throttle": 0.1728790464238406,
            "brake": 0.0,
            "steer": 0.0
        },
        {
            "throttle": 0.18607788483131976,
            "brake": 0.0,
            "steer": 0.0
        },
        {
            "throttle": 0.20152155441763014,
            "brake": 0.0,
            "steer": 0.0
        },
        {
            "throttle": 0.21880614684465052,
            "brake": 0.0,
            "steer": 0.0
        },
        {
            "throttle": 0.23748078919884846,
            "brake": 0.0,
            "steer": 0.0
        },
        {
            "throttle": 0.25705922456582203,
            "brake": 0.0,
            "steer": 0.0
        },
        {
            "throttle": 0.2770323110616828,
            "brake": 0.0,
            "steer": 0.0
        },
        {
            "throttle": 0.2968811162517836,
            "brake": 0.0,
            "steer": 0.0
        },
        {
            "throttle": 0.31609026857761013,
            "brake": 0.0,
            "steer": 0.0
        },
        {
            "throttle": 0.33416122082925315,
            "brake": 0.0,
            "steer": 0.0
        },
        {
            "throttle": 0.3506250830141771,
            "brake": 0.0,
            "steer": 0.0
        },
        {
            "throttle": 0.36505469312379607,
            "brake": 0.0,
            "steer": 0.0
        },
        {
            "throttle": 0.37707561400035183,
            "brake": 0.0,
            "steer": 0.0
        },
        {
            "throttle": 0.3863757722497872,
            "brake": 0.0,
            "steer": 0.0
        },
        {
            "throttle": 0.39271349021617385,
            "brake": 0.0,
            "steer": 0.0
        },
        {
            "throttle": 0.395923703525152,
            "brake": 0.0,
            "steer": 0.0
        },
        {
            "throttle": 0.39592220354737806,
            "brake": 0.0,
            "steer": 0.0
        },
        {
            "throttle": 0.3927077951196496,
            "brake": 0.0,
            "steer": 0.0
        },
        {
            "throttle": 0.38636231367572954,
            "brake": 0.0,
            "steer": 0.0
        },
        {
            "throttle": 0.37704850119248917,
            "brake": 0.0,
            "steer": 0.0
        },
        {
            "throttle": 0.3650057956242323,
            "brake": 0.0,
            "steer": 0.0
        },
        {
            "throttle": 0.3505441423529804,
            "brake": 0.0,
            "steer": 0.0
        },
        {
            "throttle": 0.33403598723555117,
            "brake": 0.0,
            "steer": 0.0
        },
        {
            "throttle": 0.31590665776218996,
            "brake": 0.0,
            "steer": 0.0
        },
        {
            "throttle": 0.2966233804453417,
            "brake": 0.0,
            "steer": 0.0
        },
        {
            "throttle": 0.27668321775742233,
            "brake": 0.0,
            "steer": 0.0
        },
        {
            "throttle": 0.2566002358249459,
            "brake": 0.0,
            "steer": 0.0
        },
        {
            "throttle": 0.2368922339435297,
            "brake": 0.0,
            "steer": 0.0
        },
        {
            "throttle": 0.2180673782918095,
            "brake": 0.0,
            "steer": 0.0
        },
        {
            "throttle": 0.20061108470029074,
            "brake": 0.0,
            "steer": 0.0
        },
        {
            "throttle": 0.18497348890975593,
            "brake": 0.0,
            "steer": 0.0
        },
        {
            "throttle": 0.1715578275988076,
            "brake": 0.0,
            "steer": 0.0
        },
        {
            "throttle": 0.16071002996256686,
            "brake": 0.0,
            "steer": 0.0
        },
        {
            "throttle": 0.1527097883908598,
            "brake": 0.0,
            "steer": 0.0
        },
        {
            "throttle": 0.14776333863041913,
            "brake": 0.0,
            "steer": 0.0
        },
        {
            "throttle": 0.14599813570653467,
            "brake": 0.0,
            "steer": 0.0
        },
        {
            "throttle": 0.14745956296345486,
            "brake": 0.0,
            "steer": 0.0
        },
        {
            "throttle": 0.15210975912194924,
            "brake": 0.0,
            "steer": 0.0
        },
        {
            "throttle": 0.15982859360054302,
            "brake": 0.0,
            "steer": 0.0
        },
        {
            "throttle": 0.14384573424048872,
            "brake": 0.03389429273988281,
            "steer": 0.0
        },
        {
            "throttle": 0.12946116081643985,
            "brake": 0.06439915620577734,
            "steer": 0.0
        },
        {
            "throttle": 0.11651504473479588,
            "brake": 0.09185353332508242,
            "steer": 0.0
        },
        {
            "throttle": 0.1048635402613163,
            "brake": 0.11656247273245698,
            "steer": 0.0
        },
        {
            "throttle": 0.09437718623518467,
            "brake": 0.1388005181990941,
            "steer": 0.0
        },
        {
            "throttle": 0.0849394676116662,
            "brake": 0.15881475911906748,
            "steer": 0.0
        },
        {
            "throttle": 0.07644552085049958,
            "brake": 0.17682757594704354,
            "steer": 0.0
        },
        {
            "throttle": 0.06880096876544962,
            "brake": 0.193039111092222,
            "steer": 0.0
        },
        {
            "throttle": 0.06192087188890466,
            "brake": 0.2076294927228826,
            "steer": 0.0
        },
        {
            "throttle": 0.055728784700014196,
            "brake": 0.22076083619047718,
            "steer": 0.0
        },
        {
            "throttle": 0.05015590623001278,
            "brake": 0.23257904531131227,
            "steer": 0.0
        },
        {
            "throttle": 0.045140315607011504,
            "brake": 0.24321543352006386,
            "steer": 0.0
        },
        {
            "throttle": 0.04062628404631036,
            "brake": 0.2527881829079403,
            "steer": 0.0
        },
        {
            "throttle": 0.03656365564167932,
            "brake": 0.2614036573570291,
            "steer": 0.0
        },
        {
            "throttle": 0.03290729007751139,
            "brake": 0.26915758436120896,
            "steer": 0.0
        },
        {
            "throttle": 0.029616561069760253,
            "brake": 0.27613611866497084,
            "steer": 0.0
        },
        {
            "throttle": 0.026654904962784227,
            "brake": 0.2824167995383566,
            "steer": 0.0
        },
        {
            "throttle": 0.023989414466505807,
            "brake": 0.28806941232440375,
            "steer": 0.0
        },
        {
            "throttle": 0.05477021160065111,
            "brake": 0.2592624710919634,
            "steer": 0.0
        },
        {
            "throttle": 0.0788777948484323,
            "brake": 0.23333622398276704,
            "steer": 0.0
        },
        {
            "throttle": 0.09691532490585932,
            "brake": 0.21000260158449036,
            "steer": 0.0
        },
        {
            "throttle": 0.10952007234790045,
            "brake": 0.18900234142604133,
            "steer": 0.0
        },
        {
            "throttle": 0.11735922566348461,
            "brake": 0.1701021072834372,
            "steer": 0.0
        },
        {
            "throttle": 0.12112370203367431,
            "brake": 0.15309189655509348,
            "steer": 0.0
        },
        {
            "throttle": 0.12152024308650268,
            "brake": 0.13778270689958413,
            "steer": 0.0
        },
        {
            "throttle": 0.1192621098647046,
            "brake": 0.12400443620962573,
            "steer": 0.0
        },
        {
            "throttle": 0.10733589887823415,
            "brake": 0.14549828532854597,
            "steer": 0.0
        },
        {
            "throttle": 0.09660230899041074,
            "brake": 0.1648427495355742,
            "steer": 0.0
        },
        {
            "throttle": 0.08694207809136967,
            "brake": 0.1822527673218996,
            "steer": 0.0
        },
        {
            "throttle": 0.0782478702822327,
            "brake": 0.19792178332959245,
            "steer": 0.0
        },
        {
            "throttle": 0.07042308325400944,
            "brake": 0.21202389773651603,
            "steer": 0.0
        },
        {
            "throttle": 0.0633807749286085,
            "brake": 0.22471580070274724,
            "steer": 0.0
        },
        {
            "throttle": 0.05704269743574765,
            "brake": 0.23613851337235534,
            "steer": 0.0
        },
        {
            "throttle": 0.05133842769217289,
            "brake": 0.2464189547750026,
            "steer": 0.0
        },
        {
            "throttle": 0.0462045849229556,
            "brake": 0.25567135203738517,
            "steer": 0.0
        },
        {
            "throttle": 0.04158412643066004,
            "brake": 0.26399850957352944,
            "steer": 0.0
        },
        {
            "throttle": 0.03742571378759404,
            "brake": 0.2714929513560593,
            "steer": 0.0
        },
        {
            "throttle": 0.03368314240883463,
            "brake": 0.27823794896033616,
            "steer": 0.0
        },
        {
            "throttle": 0.03031482816795117,
            "brake": 0.2843084468041854,
            "steer": 0.0
        },
        {
            "throttle": 0.027283345351156053,
            "brake": 0.2897718948636497,
            "steer": 0.0
        },
        {
            "throttle": 0.02455501081604045,
            "brake": 0.29468899811716753,
            "steer": 0.0
        },
        {
            "throttle": 0.022099509734436404,
            "brake": 0.2991143910453336,
            "steer": 0.0
        },
        {
            "throttle": 0.019889558760992763,
            "brake": 0.30309724468068305,
            "steer": 0.0
        },
        {
            "throttle": 0.017900602884893486,
            "brake": 0.3066818129524976,
            "steer": 0.0
        },
        {
            "throttle": 0.05906261486194607,
            "brake": 0.27601363165724785,
            "steer": 0.0
        },
        {
            "throttle": 0.09852517197463735,
            "brake": 0.24841226849152306,
            "steer": 0.0
        },
        {
            "throttle": 0.1359867566670061,
            "brake": 0.22357104164237077,
            "steer": 0.0
        },
        {
            "throttle": 0.17112580624920115,
            "brake": 0.20121393747813368,
            "steer": 0.0
        },
        {
            "throttle": 0.2036161785381374,
            "brake": 0.18109254373032033,
            "steer": 0.0
        },
        {
            "throttle": 0.233142018878792,
            "brake": 0.16298328935728829,
            "steer": 0.0
        },
        {
            "throttle": 0.25941171659046125,
            "brake": 0.14668496042155946,
            "steer": 0.0
        },
        {
            "throttle": 0.2821706552112476,
            "brake": 0.1320164643794035,
            "steer": 0.0
        },
        {
            "throttle": 0.3012124855882572,
            "brake": 0.11881481794146316,
            "steer": 0.0
        },
        {
            "throttle": 0.3163886831720817,
            "brake": 0.10693333614731684,
            "steer": 0.0
        },
        {
            "throttle": 0.3276161899238348,
            "brake": 0.09624000253258516,
            "steer": 0.0
        },
        {
            "throttle": 0.3348829859655932,
            "brake": 0.08661600227932664,
            "steer": 0.0
        },
        {
            "throttle": 0.3382514852942712,
            "brake": 0.07795440205139398,
            "steer": 0.0
        },
        {
            "throttle": 0.3378597022183989,
            "brake": 0.07015896184625459,
            "steer": 0.0
        },
        {
            "throttle": 0.33392018927406897,
            "brake": 0.06314306566162912,
            "steer": 0.0
        },
        {
            "throttle": 0.32671680179643914,
            "brake": 0.05682875909546621,
            "steer": 0.0
        },
        {
            "throttle": 0.31659939762805445,
            "brake": 0.05114588318591959,
            "steer": 0.0
        },
        {
            "throttle": 0.3039766312285398,
            "brake": 0.046031294867327634,
            "steer": 0.0
        },
        {
            "throttle": 0.28930704837369764,
            "brake": 0.04142816538059487,
            "steer": 0.0
        },
        {
            "throttle": 0.2730887294599074,
            "brake": 0.037285348842535385,
            "steer": 0.0
        },
        {
            "throttle": 0.25584776506012435,
            "brake": 0.03355681395828185,
            "steer": 0.0
        },
        {
            "throttle": 0.23812587587104564,
            "brake": 0.030201132562453662,
            "steer": 0.0
        },
        {
            "throttle": 0.2204675097936891,
            "brake": 0.027181019306208296,
            "steer": 0.0
        },
        {
            "throttle": 0.20340676105366404,
            "brake": 0.024462917375587468,
            "steer": 0.0
        },
        {
            "throttle": 0.18745445966417146,
            "brake": 0.02201662563802872,
            "steer": 0.0
        },
        {
            "throttle": 0.17308577406331288,
            "brake": 0.01981496307422585,
            "steer": 0.0
        },
        {
            "throttle": 0.16072865554684826,
            "brake": 0.017833466766803266,
            "steer": 0.0
        },
        {
            "throttle": 0.15075343052405846,
            "brake": 0.01605012009012294,
            "steer": 0.0
        },
        {
            "throttle": 0.14346381622116292,
            "brake": 0.014445108081110648,
            "steer": 0.0
        },
        {
            "throttle": 0.1390895980196439,
            "brake": 0.013000597272999584,
            "steer": 0.0
        },
        {
            "throttle": 0.137781163104031,
            "brake": 0.011700537545699627,
            "steer": 0.0
        },
        {
            "throttle": 0.13960603662096963,
            "brake": 0.010530483791129664,
            "steer": 0.0
        },
        {
            "throttle": 0.14454751436319052,
            "brake": 0.009477435412016698,
            "steer": 0.0
        },
        {
            "throttle": 0.15250543142928247,
            "brake": 0.008529691870815028,
            "steer": 0.0
        },
        {
            "throttle": 0.16329905077576207,
            "brake": 0.007676722683733526,
            "steer": 0.0
        },
        {
            "throttle": 0.17667200050023094,
            "brake": 0.006909050415360173,
            "steer": 0.0
        },
        {
            "throttle": 0.1922991354904948,
            "brake": 0.006218145373824156,
            "steer": 0.0
        },
        {
            "throttle": 0.20979514911353264,
            "brake": 0.005596330836441741,
            "steer": 0.0
        },
        {
            "throttle": 0.22872471518598692,
            "brake": 0.005036697752797567,
            "steer": 0.0
        },
        {
            "throttle": 0.24861390073370793,
            "brake": 0.004533027977517811,
            "steer": 0.0
        },
        {
            "throttle": 0.26896255703441446,
            "brake": 0.0040797251797660295,
            "steer": 0.0
        },
        {
            "throttle": 0.28925737099414955,
            "brake": 0.0036717526617894266,
            "steer": 0.0
        },
        {
            "throttle": 0.3089852416892657,
            "brake": 0.003304577395610484,
            "steer": 0.0
        },
        {
            "throttle": 0.3276466383534843,
            "brake": 0.0029741196560494356,
            "steer": 0.0
        },
        {
            "throttle": 0.34476859642304164,
            "brake": 0.002676707690444492,
            "steer": 0.0
        },
        {
            "throttle": 0.3599170174618316,
            "brake": 0.002409036921400043,
            "steer": 0.0
        },
        {
            "throttle": 0.3727079566337003,
            "brake": 0.0021681332292600385,
            "steer": 0.0
        },
        {
            "throttle": 0.38281760740885173,
            "brake": 0.0019513199063340347,
            "steer": 0.0
        },
        {
            "throttle": 0.3899907267130744,
            "brake": 0.0017561879157006312,
            "steer": 0.0
        },
        {
            "throttle": 0.3940472838861371,
            "brake": 0.001580569124130568,
            "steer": 0.0
        },
        {
            "throttle": 0.3948871625720233,
            "brake": 0.0014225122117175113,
            "steer": 0.0
        },
        {
            "throttle": 0.3924927948371086,
            "brake": 0.00128026099054576,
            "steer": 0.0
        },
        {
            "throttle": 0.38692966010746316,
            "brake": 0.001152234891491184,
            "steer": 0.0
        },
        {
            "throttle": 0.37834463655724365,
            "brake": 0.0010370114023420657,
            "steer": 0.0
        },
        {
            "throttle": 0.3669622479456951,
            "brake": 0.0009333102621078592,
            "steer": 0.0
        },
        {
            "throttle": 0.3530789031613891,
            "brake": 0.0008399792358970733,
            "steer": 0.0
        },
        {
            "throttle": 0.33705527748828296,
            "brake": 0.0007559813123073659,
            "steer": 0.0
        },
        {
            "throttle": 0.3193070325230173,
            "brake": 0.0006803831810766294,
            "steer": 0.0
        },
        {
            "throttle": 0.300294114509749,
            "brake": 0.0006123448629689665,
            "steer": 0.0
        },
        {
            "throttle": 0.2805089075119906,
            "brake": 0.0005511103766720699,
            "steer": 0.0
        },
        {
            "throttle": 0.26046354736425265,
            "brake": 0.0004959993390048629,
            "steer": 0.0
        },
        {
            "throttle": 0.24067672397763432,
            "brake": 0.00044639940510437663,
            "steer": 0.0
        },
        {
            "throttle": 0.22166031275441347,
            "brake": 0.00040175946459393896,
            "steer": 0.0
        },
        {
            "throttle": 0.2039061802568014,
            "brake": 0.0003615835181345451,
            "steer": 0.0
        },
        {
            "throttle": 0.1878735047608297,
            "brake": 0.0003254251663210906,
            "steer": 0.0
        },
        {
            "throttle": 0.17397693902412753,
            "brake": 0.00029288264968898155,
            "steer": 0.0
        },
        {
            "throttle": 0.16257592084920236,
            "brake": 0.0002635943847200834,
            "steer": 0.0
        },
        {
            "throttle": 0.15396540739276954,
            "brake": 0.00023723494624807505,
            "steer": 0.0
        },
        {
            "throttle": 0.14836827242115497,
            "brake": 0.00021351145162326756,
            "steer": 0.0
        },
        {
            "throttle": 0.14592956279001806,
            "brake": 0.0001921603064609408,
            "steer": 0.0
        },
        {
            "throttle": 0.14671276244106346,
            "brake": 0.00017294427581484673,
            "steer": 0.0
        },
        {
            "throttle": 0.15069816039716583,
            "brake": 0.00015564984823336205,
            "steer": 0.0
        },
        {
            "throttle": 0.15778336493728537,
            "brake": 0.00014008486341002586,
            "steer": 0.0
        },
        {
            "throttle": 0.167785950744803,
            "brake": 0.00012607637706902328,
            "steer": 0.0
        },
        {
            "throttle": 0.1804481707766175,
            "brake": 0.00011346873936212096,
            "steer": 0.0
        },
        {
            "throttle": 0.1954436113159026,
            "brake": 0.00010212186542590887,
            "steer": 0.0
        },
        {
            "throttle": 0.21238561852371893,
            "brake": 9.190967888331799e-05,
            "steer": 0.0
        },
        {
            "throttle": 0.23083727908770227,
            "brake": 8.27187109949862e-05,
            "steer": 0.0
        }
    ],
    "parameters": {
        "cloudiness": 96.81861786138667,
        "fog_density": 3.453690179864939,
        "initial_distance": 20.46245940907845,
        "initial_ego_velocity": 7.738571080306158,
        "initial_lead_velocity": 7.888755567221935,
        "lead_base_throttle": 0.2709818095452831,
        "lead_behavior_frequency": 0.2559382295897159,
        "lead_brake_duration": 18.88730209687072,
        "lead_brake_intensity": 0.33894292739882803,
        "lead_brake_probability": 0.29333735077787365,
        "lead_throttle_variation": 0.22789354906950532,
        "precipitation": 40.39146371917639,
        "precipitation_deposits": 38.76888952222923,
        "sun_altitude_angle": 85.7525415578143,
        "wind_intensity": 3.5252823336979655
    },
    "config": {
        "num_timesteps": 200,
        "dt": 0.1,
        "seed": 69
    }
}