{
    "weather": {
        "cloudiness": 48.54212527098192,
        "precipitation": 46.07049014203064,
        "precipitation_deposits": 93.5816863041393,
        "wind_intensity": 42.509482503019385,
        "sun_altitude_angle": 7.792866600782688,
        "fog_density": 70.2239869769223,
        "fog_distance": 96.25064871918134,
        "wetness": 23.03524507101532
    },
    "initial_conditions": {
        "ego": {
            "position": {
                "x": 537.1310064937369,
                "y": 20.57,
                "z": 0.294
            },
            "yaw": 0.0,
            "velocity": 15.770701578083695
        },
        "lead": {
            "position": {
                "x": 484.88,
                "y": 20.57,
                "z": 0.294
            },
            "yaw": 0.0,
            "velocity": 22.850510063901805
        }
    },
    "ego": {
        "position": {
            "x": 537.1310064937369,
            "y": 20.57,
            "z": 0.294
        },
        "yaw": 0.0,
        "velocity": 15.770701578083695
    },
    "lead": {
        "position": {
            "x": 484.88,
            "y": 20.57,
            "z": 0.294
        },
        "yaw": 0.0,
        "velocity": 22.850510063901805
    },
    "ado_actions": [
        {
            "throttle": 0.3618388186281205,
            "brake": 0.0,
            "steer": 0.0
        },
        {
            "throttle": 0.36530450967121986,
            "brake": 0.0,
            "steer": 0.0
        },
        {
            "throttle": 0.37176928330859416,
            "brake": 0.0,
            "steer": 0.0
        },
        {
            "throttle": 0.380697310332351,
            "brake": 0.0,
            "steer": 0.0
        },
        {
            "throttle": 0.3914986343230589,
            "brake": 0.0,
            "steer": 0.0
        },
        {
            "throttle": 0.40354648654255515,
            "brake": 0.0,
            "steer": 0.0
        },
        {
            "throttle": 0.4161961877881521,
            "brake": 0.0,
            "steer": 0.0
        },
        {
            "throttle": 0.42880495132329616,
            "brake": 0.0,
            "steer": 0.0
        },
        {
            "throttle": 0.4407518729087344,
            "brake": 0.0,
            "steer": 0.0
        },
        {
            "throttle": 0.4514573902849529,
            "brake": 0.0,
            "steer": 0.0
        },
        {
            "throttle": 0.46040151535947915,
            "brake": 0.0,
            "steer": 0.0
        },
        {
            "throttle": 0.4671401871356673,
            "brake": 0.0,
            "steer": 0.0
        },
        {
            "throttle": 0.47131916055694384,
            "brake": 0.0,
            "steer": 0.0
        },
        {
            "throttle": 0.4726849336295207,
            "brake": 0.0,
            "steer": 0.0
        },
        {
            "throttle": 0.4710923194278261,
            "brake": 0.0,
            "steer": 0.0
        },
        {
            "throttle": 0.4665083872882284,
            "brake": 0.0,
            "steer": 0.0
        },
        {
            "throttle": 0.4590126245978505,
            "brake": 0.0,
            "steer": 0.0
        },
        {
            "throttle": 0.44879330269897416,
            "brake": 0.0,
            "steer": 0.0
        },
        {
            "throttle": 0.43614016299318475,
            "brake": 0.0,
            "steer": 0.0
        },
        {
            "throttle": 0.42143366776355495,
            "brake": 0.0,
            "steer": 0.0
        },
        {
            "throttle": 0.4051311801001791,
            "brake": 0.0,
            "steer": 0.0
        },
        {
            "throttle": 0.38775054447226426,
            "brake": 0.0,
            "steer": 0.0
        },
        {
            "throttle": 0.3698516302359975,
            "brake": 0.0,
            "steer": 0.0
        },
        {
            "throttle": 0.3520164715663466,
            "brake": 0.0,
            "steer": 0.0
        },
        {
            "throttle": 0.3348286864938665,
            "brake": 0.0,
            "steer": 0.0
        },
        {
            "throttle": 0.3188528832170331,
            "brake": 0.0,
            "steer": 0.0
        },
        {
            "throttle": 0.3046147627695195,
            "brake": 0.0,
            "steer": 0.0
        },
        {
            "throttle": 0.29258260342389253,
            "brake": 0.0,
            "steer": 0.0
        },
        {
            "throttle": 0.28315076473393064,
            "brake": 0.0,
            "steer": 0.0
        },
        {
            "throttle": 0.2766257795058797,
            "brake": 0.0,
            "steer": 0.0
        },
        {
            "throttle": 0.27321551265937183,
            "brake": 0.0,
            "steer": 0.0
        },
        {
            "throttle": 0.27302175998891065,
            "brake": 0.0,
            "steer": 0.0
        },
        {
            "throttle": 0.27603654093957364,
            "brake": 0.0,
            "steer": 0.0
        },
        {
            "throttle": 0.2821422117868486,
            "brake": 0.0,
            "steer": 0.0
        },
        {
            "throttle": 0.2911153934866916,
            "brake": 0.0,
            "steer": 0.0
        },
        {
            "throttle": 0.3026345765165139,
            "brake": 0.0,
            "steer": 0.0
        },
        {
            "throttle": 0.31629113783301666,
            "brake": 0.0,
            "steer": 0.0
        },
        {
            "throttle": 0.33160338703598113,
            "brake": 0.0,
            "steer": 0.0
        },
        {
            "throttle": 0.34803315403831114,
            "brake": 0.0,
            "steer": 0.0
        },
        {
            "throttle": 0.36500434263278914,
            "brake": 0.0,
            "steer": 0.0
        },
        {
            "throttle": 0.3819228063613626,
            "brake": 0.0,
            "steer": 0.0
        },
        {
            "throttle": 0.3981968573892615,
            "brake": 0.0,
            "steer": 0.0
        },
        {
            "throttle": 0.4132576972479374,
            "brake": 0.0,
            "steer": 0.0
        },
        {
            "throttle": 0.42657906109508154,
            "brake": 0.0,
            "steer": 0.0
        },
        {
            "throttle": 0.4376953944512504,
            "brake": 0.0,
            "steer": 0.0
        },
        {
            "throttle": 0.44621793226571305,
            "brake": 0.0,
            "steer": 0.0
        },
        {
            "throttle": 0.45184812287699155,
            "brake": 0.0,
            "steer": 0.0
        },
        {
            "throttle": 0.454387931448296,
            "brake": 0.0,
            "steer": 0.0
        },
        {
            "throttle": 0.45374666558817073,
            "brake": 0.0,
            "steer": 0.0
        },
        {
            "throttle": 0.44994408636742933,
            "brake": 0.0,
            "steer": 0.0
        },
        {
            "throttle": 0.4431096966416035,
            "brake": 0.0,
            "steer": 0.0
        },
        {
            "throttle": 0.4334782310264287,
            "brake": 0.0,
            "steer": 0.0
        },
        {
            "throttle": 0.42138150346551123,
            "brake": 0.0,
            "steer": 0.0
        },
        {
            "throttle": 0.4072368945167398,
            "brake": 0.0,
            "steer": 0.0
        },
        {
            "throttle": 0.39153287689682237,
            "brake": 0.0,
            "steer": 0.0
        },
        {
            "throttle": 0.37481208042970304,
            "brake": 0.0,
            "steer": 0.0
        },
        {
            "throttle": 0.3576524827908475,
            "brake": 0.0,
            "steer": 0.0
        },
        {
            "throttle": 0.3406473773730883,
            "brake": 0.0,
            "steer": 0.0
        },
        {
            "throttle": 0.3243848119720009,
            "brake": 0.0,
            "steer": 0.0
        },
        {
            "throttle": 0.30942721033219894,
            "brake": 0.0,
            "steer": 0.0
        },
        {
            "throttle": 0.2962918822753,
            "brake": 0.0,
            "steer": 0.0
        },
        {
            "throttle": 0.2854330973646891,
            "brake": 0.0,
            "steer": 0.0
        },
        {
            "throttle": 0.27722634291733966,
            "brake": 0.0,
            "steer": 0.0
        },
        {
            "throttle": 0.2719553115243481,
            "brake": 0.0,
            "steer": 0.0
        },
        {
            "throttle": 0.2698020687098012,
            "brake": 0.0,
            "steer": 0.0
        },
        {
            "throttle": 0.2708407412164824,
            "brake": 0.0,
            "steer": 0.0
        },
        {
            "throttle": 0.27503494447171417,
            "brake": 0.0,
            "steer": 0.0
        },
        {
            "throttle": 0.2822390382808189,
            "brake": 0.0,
            "steer": 0.0
        },
        {
            "throttle": 0.292203167204948,
            "brake": 0.0,
            "steer": 0.0
        },
        {
            "throttle": 0.30458191099692355,
            "brake": 0.0,
            "steer": 0.0
        },
        {
            "throttle": 0.31894624543356886,
            "brake": 0.0,
            "steer": 0.0
        },
        {
            "throttle": 0.33479839922660143,
            "brake": 0.0,
            "steer": 0.0
        },
        {
            "throttle": 0.3515890923878686,
            "brake": 0.0,
            "steer": 0.0
        },
        {
            "throttle": 0.36873655894281576,
            "brake": 0.0,
            "steer": 0.0
        },
        {
            "throttle": 0.3856466950855095,
            "brake": 0.0,
            "steer": 0.0
        },
        {
            "throttle": 0.40173363488988545,
            "brake": 0.0,
            "steer": 0.0
        },
        {
            "throttle": 0.4164400408852575,
            "brake": 0.0,
            "steer": 0.0
        },
        {
            "throttle": 0.4292564066823977,
            "brake": 0.0,
            "steer": 0.0
        },
        {
            "throttle": 0.43973870305754076,
            "brake": 0.0,
            "steer": 0.0
        },
        {
            "throttle": 0.4475237562802174,
            "brake": 0.0,
            "steer": 0.0
        },
        {
            "throttle": 0.45234182601949696,
            "brake": 0.0,
            "steer": 0.0
        },
        {
            "throttle": 0.454025947161398,
            "brake": 0.0,
            "steer": 0.0
        },
        {
            "throttle": 0.452517711958237,
            "brake": 0.0,
            "steer": 0.0
        },
        {
            "throttle": 0.44786929222621996,
            "brake": 0.0,
            "steer": 0.0
        },
        {
            "throttle": 0.44024163154011814,
            "brake": 0.0,
            "steer": 0.0
        },
        {
            "throttle": 0.4298988700326313,
            "brake": 0.0,
            "steer": 0.0
        },
        {
            "throttle": 0.41719919489620216,
            "brake": 0.0,
            "steer": 0.0
        },
        {
            "throttle": 0.4025824334868944,
            "brake": 0.0,
            "steer": 0.0
        },
        {
            "throttle": 0.38655481875543146,
            "brake": 0.0,
            "steer": 0.0
        },
        {
            "throttle": 0.3696714546717466,
            "brake": 0.0,
            "steer": 0.0
        },
        {
            "throttle": 0.3525170889740786,
            "brake": 0.0,
            "steer": 0.0
        },
        {
            "throttle": 0.3356858592024667,
            "brake": 0.0,
            "steer": 0.0
        },
        {
            "throttle": 0.31976071353876223,
            "brake": 0.0,
            "steer": 0.0
        },
        {
            "throttle": 0.3052932192392338,
            "brake": 0.0,
            "steer": 0.0
        },
        {
            "throttle": 0.29278445802136266,
            "brake": 0.0,
            "steer": 0.0
        },
        {
            "throttle": 0.2826676701184811,
            "brake": 0.0,
            "steer": 0.0
        },
        {
            "throttle": 0.2752932481484975,
            "brake": 0.0,
            "steer": 0.0
        },
        {
            "throttle": 0.27091660055392497,
            "brake": 0.0,
            "steer": 0.0
        },
        {
            "throttle": 0.26968930497881216,
            "brake": 0.0,
            "steer": 0.0
        },
        {
            "throttle": 0.27165385799654995,
            "brake": 0.0,
            "steer": 0.0
        },
        {
            "throttle": 0.2767422030377792,
            "brake": 0.0,
            "steer": 0.0
        },
        {
            "throttle": 0.2847780875042386,
            "brake": 0.0,
            "steer": 0.0
        },
        {
            "throttle": 0.2954831674250188,
            "brake": 0.0,
            "steer": 0.0
        },
        {
            "throttle": 0.30848664821014476,
            "brake": 0.0,
            "steer": 0.0
        },
        {
            "throttle": 0.32333812757856595,
            "brake": 0.0,
            "steer": 0.0
        },
        {
            "throttle": 0.33952319582568863,
            "brake": 0.0,
            "steer": 0.0
        },
        {
            "throttle": 0.3564812530911504,
            "brake": 0.0,
            "steer": 0.0
        },
        {
            "throttle": 0.37362492649853735,
            "brake": 0.0,
            "steer": 0.0
        },
        {
            "throttle": 0.3903604146248933,
            "brake": 0.0,
            "steer": 0.0
        },
        {
            "throttle": 0.40610805463850363,
            "brake": 0.0,
            "steer": 0.0
        },
        {
            "throttle": 0.42032239973105767,
            "brake": 0.0,
            "steer": 0.0
        },
        {
            "throttle": 0.43251111143203325,
            "brake": 0.0,
            "steer": 0.0
        },
        {
            "throttle": 0.44225201244151235,
            "brake": 0.0,
            "steer": 0.0
        },
        {
            "throttle": 0.4492077093308555,
            "brake": 0.0,
            "steer": 0.0
        },
        {
            "throttle": 0.45313727863193337,
            "brake": 0.0,
            "steer": 0.0
        },
        {
            "throttle": 0.45390461154954265,
            "brake": 0.0,
            "steer": 0.0
        },
        {
            "throttle": 0.4514831282652065,
            "brake": 0.0,
            "steer": 0.0
        },
        {
            "throttle": 0.445956698545173,
            "brake": 0.0,
            "steer": 0.0
        },
        {
            "throttle": 0.43751673676572955,
            "brake": 0.0,
            "steer": 0.0
        },
        {
            "throttle": 0.42645557197370165,
            "brake": 0.0,
            "steer": 0.0
        },
        {
            "throttle": 0.4131563226197038,
            "brake": 0.0,
            "steer": 0.0
        },
        {
            "throttle": 0.39807962666757096,
            "brake": 0.0,
            "steer": 0.0
        },
        {
            "throttle": 0.3817476867021205,
            "brake": 0.0,
            "steer": 0.0
        },
        {
            "throttle": 0.364726182656426,
            "brake": 0.0,
            "steer": 0.0
        },
        {
            "throttle": 0.34760467863795574,
            "brake": 0.0,
            "steer": 0.0
        },
        {
            "throttle": 0.3309762024920605,
            "brake": 0.0,
            "steer": 0.0
        },
        {
            "throttle": 0.31541670539477407,
            "brake": 0.0,
            "steer": 0.0
        },
        {
            "throttle": 0.30146511292226563,
            "brake": 0.0,
            "steer": 0.0
        },
        {
            "throttle": 0.2896046585576212,
            "brake": 0.0,
            "steer": 0.0
        },
        {
            "throttle": 0.28024614617652455,
            "brake": 0.0,
            "steer": 0.0
        },
        {
            "throttle": 0.2737137212403724,
            "brake": 0.0,
            "steer": 0.0
        },
        {
            "throttle": 0.27023364353256857,
            "brake": 0.0,
            "steer": 0.0
        },
        {
            "throttle": 0.2699264503108507,
            "brake": 0.0,
            "steer": 0.0
        },
        {
            "throttle": 0.2728027813164289,
            "brake": 0.0,
            "steer": 0.0
        },
        {
            "throttle": 0.2787630102468807,
            "brake": 0.0,
            "steer": 0.0
        },
        {
            "throttle": 0.28760069545724404,
            "brake": 0.0,
            "steer": 0.0
        },
        {
            "throttle": 0.2990097303691208,
            "brake": 0.0,
            "steer": 0.0
        },
        {
            "throttle": 0.3125949459227443,
            "brake": 0.0,
            "steer": 0.0
        },
        {
            "throttle": 0.32788579784033967,
            "brake": 0.0,
            "steer": 0.0
        },
        {
            "throttle": 0.3443526646221027,
            "brake": 0.0,
            "steer": 0.0
        },
        {
            "throttle": 0.36142519176953025,
            "brake": 0.0,
            "steer": 0.0
        },
        {
            "throttle": 0.3785120468567241,
            "brake": 0.0,
            "steer": 0.0
        },
        {
            "throttle": 0.39502140120348017,
            "brake": 0.0,
            "steer": 0.0
        },
        {
            "throttle": 0.41038142873704886,
            "brake": 0.0,
            "steer": 0.0
        },
        {
            "throttle": 0.42406011203409927,
            "brake": 0.0,
            "steer": 0.0
        },
        {
            "throttle": 0.43558366953126043,
            "brake": 0.0,
            "steer": 0.0
        },
        {
            "throttle": 0.4445529656504854,
            "brake": 0.0,
            "steer": 0.0
        },
        {
            "throttle": 0.4506573354502184,
            "brake": 0.0,
            "steer": 0.0
        },
        {
            "throttle": 0.453685344965076,
            "brake": 0.0,
            "steer": 0.0
        },
        {
            "throttle": 0.45353211453372405,
            "brake": 0.0,
            "steer": 0.0
        },
        {
            "throttle": 0.4502029514606284,
            "brake": 0.0,
            "steer": 0.0
        },
        {
            "throttle": 0.44381316618905037,
            "brake": 0.0,
            "steer": 0.0
        },
        {
            "throttle": 0.4345840783523989,
            "brake": 0.0,
            "steer": 0.0
        },
        {
            "throttle": 0.42283535104026326,
            "brake": 0.0,
            "steer": 0.0
        },
        {
            "throttle": 0.4089739187931745,
            "brake": 0.0,
            "steer": 0.0
        },
        {
            "throttle": 0.39347989282139817,
            "brake": 0.0,
            "steer": 0.0
        },
        {
            "throttle": 0.3768899316413845,
            "brake": 0.0,
            "steer": 0.0
        },
        {
            "throttle": 0.3597786531125196,
            "brake": 0.0,
            "steer": 0.0
        },
        {
            "throttle": 0.34273873169582275,
            "brake": 0.0,
            "steer": 0.0
        },
        {
            "throttle": 0.3263603702955223,
            "brake": 0.0,
            "steer": 0.0
        },
        {
            "throttle": 0.31121085770669094,
            "brake": 0.0,
            "steer": 0.0
        },
        {
            "throttle": 0.2978149197270298,
            "brake": 0.0,
            "steer": 0.0
        },
        {
            "throttle": 0.28663654450115605,
            "brake": 0.0,
            "steer": 0.0
        },
        {
            "throttle": 0.27806291160352287,
            "brake": 0.0,
            "steer": 0.0
        },
        {
            "throttle": 0.2723909814999948,
            "brake": 0.0,
            "steer": 0.0
        },
        {
            "throttle": 0.26981720988194724,
            "brake": 0.0,
            "steer": 0.0
        },
        {
            "throttle": 0.2704307431321662,
            "brake": 0.0,
            "steer": 0.0
        },
        {
            "throttle": 0.2742103306076684,
            "brake": 0.0,
            "steer": 0.0
        },
        {
            "throttle": 0.28102506068710076,
            "brake": 0.0,
            "steer": 0.0
        },
        {
            "throttle": 0.29063889508862417,
            "brake": 0.0,
            "steer": 0.0
        },
        {
            "throttle": 0.30271884440546337,
            "brake": 0.0,
            "steer": 0.0
        },
        {
            "throttle": 0.3168465016873341,
            "brake": 0.0,
            "steer": 0.0
        },
        {
            "throttle": 0.3325325345850627,
            "brake": 0.0,
            "steer": 0.0
        },
        {
            "throttle": 0.3492336341014972,
            "brake": 0.0,
            "steer": 0.0
        },
        {
            "throttle": 0.36637133290360563,
            "brake": 0.0,
            "steer": 0.0
        },
        {
            "throttle": 0.3833520413956394,
            "brake": 0.0,
            "steer": 0.0
        },
        {
            "throttle": 0.39958760757427797,
            "brake": 0.0,
            "steer": 0.0
        },
        {
            "throttle": 0.4145156885447074,
            "brake": 0.0,
            "steer": 0.0
        },
        {
            "throttle": 0.42761922809998737,
            "brake": 0.0,
            "steer": 0.0
        },
        {
            "throttle": 0.4384443657288853,
            "brake": 0.0,
            "steer": 0.0
        },
        {
            "throttle": 0.44661615674715327,
            "brake": 0.0,
            "steer": 0.0
        },
        {
            "throttle": 0.45185155906220803,
            "brake": 0.0,
            "steer": 0.0
        },
        {
            "throttle": 0.4539692367553762,
            "brake": 0.0,
            "steer": 0.0
        },
        {
            "throttle": 0.45289584092010715,
            "brake": 0.0,
            "steer": 0.0
        },
        {
            "throttle": 0.44866855021001484,
            "brake": 0.0,
            "steer": 0.0
        },
        {
            "throttle": 0.44143378310110304,
            "brake": 0.0,
            "steer": 0.0
        },
        {
            "throttle": 0.43144212647087893,
            "brake": 0.0,
            "steer": 0.0
        },
        {
            "throttle": 0.41903965615053285,
            "brake": 0.0,
            "steer": 0.0
        },
        {
            "throttle": 0.40465595007571886,
            "brake": 0.0,
            "steer": 0.0
        },
        {
            "throttle": 0.3887892092182208,
            "brake": 0.0,
            "steer": 0.0
        },
        {
            "throttle": 0.3719890016570819,
            "brake": 0.0,
            "steer": 0.0
        },
        {
            "throttle": 0.35483722747386304,
            "brake": 0.0,
            "steer": 0.0
        },
        {
            "throttle": 0.33792796378108764,
            "brake": 0.0,
            "steer": 0.0
        },
        {
            "throttle": 0.3218468879811762,
            "brake": 0.0,
            "steer": 0.0
        },
        {
            "throttle": 0.3071509919617879,
            "brake": 0.0,
            "steer": 0.0
        },
        {
            "throttle": 0.2943492898564704,
            "brake": 0.0,
            "steer": 0.0
        },
        {
            "throttle": 0.28388518758591486,
            "brake": 0.0,
            "steer": 0.0
        },
        {
            "throttle": 0.27612112483687723,
            "brake": 0.0,
            "steer": 0.0
        },
        {
            "throttle": 0.27132602142658346,
            "brake": 0.0,
            "steer": 0.0
        },
        {
            "throttle": 0.26966596286638733,
            "brake": 0.0,
            "steer": 0.0
        }
    ],
    "parameters": {
        "fog_density": 70.2239869769223,
        "precipitation": 46.07049014203064,
        "precipitation_deposits": 93.5816863041393,
        "wind_intensity": 42.509482503019385,
        "sun_altitude_angle": 7.792866600782688,
        "cloudiness": 48.54212527098192,
        "lead_base_throttle": 0.36183881862812045,
        "lead_behavior_frequency": 0.2966304870761037,
        "lead_throttle_variation": 0.1870300761046227,
        "lead_brake_probability": 0.10140709450014287,
        "lead_brake_intensity": 0.41392820872263114,
        "lead_brake_duration": 9.334149030107373,
        "initial_distance": 52.25100649373685,
        "initial_ego_velocity": 15.770701578083695,
        "initial_lead_velocity": 22.850510063901805
    },
    "config": {
        "num_timesteps": 200,
        "dt": 0.1,
        "seed": 45
    }
}