{
    "weather": {
        "cloudiness": 11.756169010922967,
        "precipitation": 69.35038564013041,
        "precipitation_deposits": 93.45984724975928,
        "wind_intensity": 22.02272059496209,
        "sun_altitude_angle": 40.886070852873175,
        "fog_density": 49.04421025511675,
        "fog_distance": 194.98999907979342,
        "wetness": 34.675192820065206
    },
    "initial_conditions": {
        "ego": {
            "position": {
                "x": 548.6449401424819,
                "y": 20.57,
                "z": 0.294
            },
            "yaw": 0.0,
            "velocity": 16.83505346556528
        },
        "lead": {
            "position": {
                "x": 484.88,
                "y": 20.57,
                "z": 0.294
            },
            "yaw": 0.0,
            "velocity": 18.624853867007698
        }
    },
    "ego": {
        "position": {
            "x": 548.6449401424819,
            "y": 20.57,
            "z": 0.294
        },
        "yaw": 0.0,
        "velocity": 16.83505346556528
    },
    "lead": {
        "position": {
            "x": 484.88,
            "y": 20.57,
            "z": 0.294
        },
        "yaw": 0.0,
        "velocity": 18.624853867007698
    },
    "ado_actions": [
        {
            "throttle": 0.36191152511840335,
            "brake": 0.0,
            "steer": 0.0
        },
        {
            "throttle": 0.36202423027382546,
            "brake": 0.0,
            "steer": 0.0
        },
        {
            "throttle": 0.36223617634288013,
            "brake": 0.0,
            "steer": 0.0
        },
        {
            "throttle": 0.36253309448104126,
            "brake": 0.0,
            "steer": 0.0
        },
        {
            "throttle": 0.3629000762688718,
            "brake": 0.0,
            "steer": 0.0
        },
        {
            "throttle": 0.3633217624592381,
            "brake": 0.0,
            "steer": 0.0
        },
        {
            "throttle": 0.3637825506430317,
            "brake": 0.0,
            "steer": 0.0
        },
        {
            "throttle": 0.36426681677698425,
            "brake": 0.0,
            "steer": 0.0
        },
        {
            "throttle": 0.364759145348782,
            "brake": 0.0,
            "steer": 0.0
        },
        {
            "throttle": 0.3652445628778582,
            "brake": 0.0,
            "steer": 0.0
        },
        {
            "throttle": 0.36570876946747594,
            "brake": 0.0,
            "steer": 0.0
        },
        {
            "throttle": 0.3661383632355917,
            "brake": 0.0,
            "steer": 0.0
        },
        {
            "throttle": 0.36652105265715,
            "brake": 0.0,
            "steer": 0.0
        },
        {
            "throttle": 0.36684585214565074,
            "brake": 0.0,
            "steer": 0.0
        },
        {
            "throttle": 0.36710325658197346,
            "brake": 0.0,
            "steer": 0.0
        },
        {
            "throttle": 0.36728539095673585,
            "brake": 0.0,
            "steer": 0.0
        },
        {
            "throttle": 0.3673861318205242,
            "brake": 0.0,
            "steer": 0.0
        },
        {
            "throttle": 0.3674011978243733,
            "brake": 0.0,
            "steer": 0.0
        },
        {
            "throttle": 0.36732820726987536,
            "brake": 0.0,
            "steer": 0.0
        },
        {
            "throttle": 0.3671667012622654,
            "brake": 0.0,
            "steer": 0.0
        },
        {
            "throttle": 0.3669181317579911,
            "brake": 0.0,
            "steer": 0.0
        },
        {
            "throttle": 0.3665858145073621,
            "brake": 0.0,
            "steer": 0.0
        },
        {
            "throttle": 0.36617484759937335,
            "brake": 0.0,
            "steer": 0.0
        },
        {
            "throttle": 0.365691997006208,
            "brake": 0.0,
            "steer": 0.0
        },
        {
            "throttle": 0.3651455511860519,
            "brake": 0.0,
            "steer": 0.0
        },
        {
            "throttle": 0.36454514742202493,
            "brake": 0.0,
            "steer": 0.0
        },
        {
            "throttle": 0.3639015731403963,
            "brake": 0.0,
            "steer": 0.0
        },
        {
            "throttle": 0.36322654595196263,
            "brake": 0.0,
            "steer": 0.0
        },
        {
            "throttle": 0.3625324765869411,
            "brake": 0.0,
            "steer": 0.0
        },
        {
            "throttle": 0.36183221923779046,
            "brake": 0.0,
            "steer": 0.0
        },
        {
            "throttle": 0.3611388140794615,
            "brake": 0.0,
            "steer": 0.0
        },
        {
            "throttle": 0.3604652268978268,
            "brake": 0.0,
            "steer": 0.0
        },
        {
            "throttle": 0.3598240908214183,
            "brake": 0.0,
            "steer": 0.0
        },
        {
            "throttle": 0.35922745511794574,
            "brake": 0.0,
            "steer": 0.0
        },
        {
            "throttle": 0.35868654588610865,
            "brake": 0.0,
            "steer": 0.0
        },
        {
            "throttle": 0.35821154324758236,
            "brake": 0.0,
            "steer": 0.0
        },
        {
            "throttle": 0.35781137932820095,
            "brake": 0.0,
            "steer": 0.0
        },
        {
            "throttle": 0.35749356091749174,
            "brake": 0.0,
            "steer": 0.0
        },
        {
            "throttle": 0.35726402021966885,
            "brake": 0.0,
            "steer": 0.0
        },
        {
            "throttle": 0.3571269965662829,
            "brake": 0.0,
            "steer": 0.0
        },
        {
            "throttle": 0.3570849513615595,
            "brake": 0.0,
            "steer": 0.0
        },
        {
            "throttle": 0.3571385178877447,
            "brake": 0.0,
            "steer": 0.0
        },
        {
            "throttle": 0.3572864869220691,
            "brake": 0.0,
            "steer": 0.0
        },
        {
            "throttle": 0.3575258284224353,
            "brake": 0.0,
            "steer": 0.0
        },
        {
            "throttle": 0.3578517488391655,
            "brake": 0.0,
            "steer": 0.0
        },
        {
            "throttle": 0.358257782918767,
            "brake": 0.0,
            "steer": 0.0
        },
        {
            "throttle": 0.3587359181961606,
            "brake": 0.0,
            "steer": 0.0
        },
        {
            "throttle": 0.3592767497372266,
            "brake": 0.0,
            "steer": 0.0
        },
        {
            "throttle": 0.3598696621062198,
            "brake": 0.0,
            "steer": 0.0
        },
        {
            "throttle": 0.3605030350040422,
            "brake": 0.0,
            "steer": 0.0
        },
        {
            "throttle": 0.3611644685638396,
            "brake": 0.0,
            "steer": 0.0
        },
        {
            "throttle": 0.36184102390886624,
            "brake": 0.0,
            "steer": 0.0
        },
        {
            "throttle": 0.36251947428147413,
            "brake": 0.0,
            "steer": 0.0
        },
        {
            "throttle": 0.3631865618472123,
            "brake": 0.0,
            "steer": 0.0
        },
        {
            "throttle": 0.3638292551683534,
            "brake": 0.0,
            "steer": 0.0
        },
        {
            "throttle": 0.3644350023288537,
            "brake": 0.0,
            "steer": 0.0
        },
        {
            "throttle": 0.364991974778039,
            "brake": 0.0,
            "steer": 0.0
        },
        {
            "throttle": 0.365489297141545,
            "brake": 0.0,
            "steer": 0.0
        },
        {
            "throttle": 0.3659172585216971,
            "brake": 0.0,
            "steer": 0.0
        },
        {
            "throttle": 0.36626750117028506,
            "brake": 0.0,
            "steer": 0.0
        },
        {
            "throttle": 0.36653318285753744,
            "brake": 0.0,
            "steer": 0.0
        },
        {
            "throttle": 0.36670910977346943,
            "brake": 0.0,
            "steer": 0.0
        },
        {
            "throttle": 0.36679183737168597,
            "brake": 0.0,
            "steer": 0.0
        },
        {
            "throttle": 0.3667797371900084,
            "brake": 0.0,
            "steer": 0.0
        },
        {
            "throttle": 0.3666730283448085,
            "brake": 0.0,
            "steer": 0.0
        },
        {
            "throttle": 0.36647377308378387,
            "brake": 0.0,
            "steer": 0.0
        },
        {
            "throttle": 0.36618583648171177,
            "brake": 0.0,
            "steer": 0.0
        },
        {
            "throttle": 0.3658148110618525,
            "brake": 0.0,
            "steer": 0.0
        },
        {
            "throttle": 0.3653679078085526,
            "brake": 0.0,
            "steer": 0.0
        },
        {
            "throttle": 0.3648538156909345,
            "brake": 0.0,
            "steer": 0.0
        },
        {
            "throttle": 0.36428253243061515,
            "brake": 0.0,
            "steer": 0.0
        },
        {
            "throttle": 0.3636651698062458,
            "brake": 0.0,
            "steer": 0.0
        },
        {
            "throttle": 0.3272986528256212,
            "brake": 0.033045362191636174,
            "steer": 0.0
        },
        {
            "throttle": 0.2945687875430591,
            "brake": 0.06278618816410873,
            "steer": 0.0
        },
        {
            "throttle": 0.2651119087887532,
            "brake": 0.08955293153933404,
            "steer": 0.0
        },
        {
            "throttle": 0.23860071790987786,
            "brake": 0.11364300057703682,
            "steer": 0.0
        },
        {
            "throttle": 0.21474064611889007,
            "brake": 0.1353240627109693,
            "steer": 0.0
        },
        {
            "throttle": 0.19326658150700107,
            "brake": 0.15483701863150856,
            "steer": 0.0
        },
        {
            "throttle": 0.20932569083899,
            "brake": 0.13935331676835772,
            "steer": 0.0
        },
        {
            "throttle": 0.22377496001012157,
            "brake": 0.12541798509152194,
            "steer": 0.0
        },
        {
            "throttle": 0.2367911257668769,
            "brake": 0.11287618658236975,
            "steer": 0.0
        },
        {
            "throttle": 0.24853302104495914,
            "brake": 0.10158856792413277,
            "steer": 0.0
        },
        {
            "throttle": 0.25914306321403735,
            "brake": 0.0914297111317195,
            "steer": 0.0
        },
        {
            "throttle": 0.2687486038583235,
            "brake": 0.08228674001854755,
            "steer": 0.0
        },
        {
            "throttle": 0.27746315961861395,
            "brake": 0.07405806601669279,
            "steer": 0.0
        },
        {
            "throttle": 0.2853875413566645,
            "brake": 0.06665225941502352,
            "steer": 0.0
        },
        {
            "throttle": 0.2926108967600195,
            "brake": 0.05998703347352117,
            "steer": 0.0
        },
        {
            "throttle": 0.2992116794805841,
            "brake": 0.053988330126169055,
            "steer": 0.0
        },
        {
            "throttle": 0.3052585559915128,
            "brake": 0.04858949711355215,
            "steer": 0.0
        },
        {
            "throttle": 0.31081125955443817,
            "brake": 0.04373054740219694,
            "steer": 0.0
        },
        {
            "throttle": 0.3159213990141898,
            "brake": 0.039357492661977245,
            "steer": 0.0
        },
        {
            "throttle": 0.32063322858350096,
            "brake": 0.03542174339577952,
            "steer": 0.0
        },
        {
            "throttle": 0.3249843833489928,
            "brake": 0.03187956905620157,
            "steer": 0.0
        },
        {
            "throttle": 0.3290065839254752,
            "brake": 0.02869161215058141,
            "steer": 0.0
        },
        {
            "throttle": 0.3327263125117962,
            "brake": 0.02582245093552327,
            "steer": 0.0
        },
        {
            "throttle": 0.3361654615612366,
            "brake": 0.023240205841970944,
            "steer": 0.0
        },
        {
            "throttle": 0.33934195537529205,
            "brake": 0.02091618525777385,
            "steer": 0.0
        },
        {
            "throttle": 0.34227034416323354,
            "brake": 0.018824566731996468,
            "steer": 0.0
        },
        {
            "throttle": 0.3449623694816481,
            "brake": 0.01694211005879682,
            "steer": 0.0
        },
        {
            "throttle": 0.34742749947751084,
            "brake": 0.01524789905291714,
            "steer": 0.0
        },
        {
            "throttle": 0.3496734320031518,
            "brake": 0.013723109147625426,
            "steer": 0.0
        },
        {
            "throttle": 0.35170656344818185,
            "brake": 0.012350798232862885,
            "steer": 0.0
        },
        {
            "throttle": 0.35353242103695226,
            "brake": 0.011115718409576597,
            "steer": 0.0
        },
        {
            "throttle": 0.3551560563638363,
            "brake": 0.010004146568618937,
            "steer": 0.0
        },
        {
            "throttle": 0.35658239807443165,
            "brake": 0.009003731911757044,
            "steer": 0.0
        },
        {
            "throttle": 0.35781656183918276,
            "brake": 0.008103358720581339,
            "steer": 0.0
        },
        {
            "throttle": 0.35886411609607327,
            "brake": 0.007293022848523205,
            "steer": 0.0
        },
        {
            "throttle": 0.359731302448958,
            "brake": 0.006563720563670885,
            "steer": 0.0
        },
        {
            "throttle": 0.36042521008479217,
            "brake": 0.005907348507303796,
            "steer": 0.0
        },
        {
            "throttle": 0.3609539041026901,
            "brake": 0.005316613656573417,
            "steer": 0.0
        },
        {
            "throttle": 0.36132650821603574,
            "brake": 0.004784952290916075,
            "steer": 0.0
        },
        {
            "throttle": 0.3615532428810567,
            "brake": 0.004306457061824468,
            "steer": 0.0
        },
        {
            "throttle": 0.3616454205065533,
            "brake": 0.0038758113556420213,
            "steer": 0.0
        },
        {
            "throttle": 0.32548087845589796,
            "brake": 0.03653359241171399,
            "steer": 0.0
        },
        {
            "throttle": 0.2929327906103082,
            "brake": 0.06592559536217876,
            "steer": 0.0
        },
        {
            "throttle": 0.2636395115492774,
            "brake": 0.09237839801759706,
            "steer": 0.0
        },
        {
            "throttle": 0.23727556039434966,
            "brake": 0.11618592040747354,
            "steer": 0.0
        },
        {
            "throttle": 0.2135480043549147,
            "brake": 0.13761269055836237,
            "steer": 0.0
        },
        {
            "throttle": 0.19219320391942324,
            "brake": 0.15689678369416232,
            "steer": 0.0
        },
        {
            "throttle": 0.20852680433697734,
            "brake": 0.1412071053247461,
            "steer": 0.0
        },
        {
            "throttle": 0.22316388422841243,
            "brake": 0.1270863947922715,
            "steer": 0.0
        },
        {
            "throttle": 0.23628774774986597,
            "brake": 0.11437775531304434,
            "steer": 0.0
        },
        {
            "throttle": 0.2480643322875272,
            "brake": 0.10293997978173991,
            "steer": 0.0
        },
        {
            "throttle": 0.258643660649397,
            "brake": 0.09264598180356592,
            "steer": 0.0
        },
        {
            "throttle": 0.2681611348184937,
            "brake": 0.08338138362320933,
            "steer": 0.0
        },
        {
            "throttle": 0.27673869290597003,
            "brake": 0.0750432452608884,
            "steer": 0.0
        },
        {
            "throttle": 0.28448584892327855,
            "brake": 0.06753892073479957,
            "steer": 0.0
        },
        {
            "throttle": 0.2915006330595248,
            "brake": 0.060785028661319615,
            "steer": 0.0
        },
        {
            "throttle": 0.297870448294288,
            "brake": 0.05470652579518766,
            "steer": 0.0
        },
        {
            "throttle": 0.303672857391448,
            "brake": 0.04923587321566889,
            "steer": 0.0
        },
        {
            "throttle": 0.3089763126027513,
            "brake": 0.044312285894102,
            "steer": 0.0
        },
        {
            "throttle": 0.31384083876026275,
            "brake": 0.039881057304691804,
            "steer": 0.0
        },
        {
            "throttle": 0.31831867885587084,
            "brake": 0.03589295157422263,
            "steer": 0.0
        },
        {
            "throttle": 0.32245490969676904,
            "brake": 0.032303656416800365,
            "steer": 0.0
        },
        {
            "throttle": 0.3262880337928189,
            "brake": 0.02907329077512033,
            "steer": 0.0
        },
        {
            "throttle": 0.3298505522804093,
            "brake": 0.0261659616976083,
            "steer": 0.0
        },
        {
            "throttle": 0.3331695224240102,
            "brake": 0.02354936552784747,
            "steer": 0.0
        },
        {
            "throttle": 0.3362671020675258,
            "brake": 0.021194428975062723,
            "steer": 0.0
        },
        {
            "throttle": 0.33916108233921965,
            "brake": 0.01907498607755645,
            "steer": 0.0
        },
        {
            "throttle": 0.3418654089525045,
            "brake": 0.017167487469800805,
            "steer": 0.0
        },
        {
            "throttle": 0.34439069159576263,
            "brake": 0.015450738722820724,
            "steer": 0.0
        },
        {
            "throttle": 0.34674470017220915,
            "brake": 0.013905664850538652,
            "steer": 0.0
        },
        {
            "throttle": 0.34893284603917235,
            "brake": 0.012515098365484787,
            "steer": 0.0
        },
        {
            "throttle": 0.3509586459073081,
            "brake": 0.01126358852893631,
            "steer": 0.0
        },
        {
            "throttle": 0.3528241656950272,
            "brake": 0.01013722967604268,
            "steer": 0.0
        },
        {
            "throttle": 0.3545304413910976,
            "brake": 0.009123506708438412,
            "steer": 0.0
        },
        {
            "throttle": 0.35607787385667466,
            "brake": 0.00821115603759457,
            "steer": 0.0
        },
        {
            "throttle": 0.35746659449296103,
            "brake": 0.007390040433835113,
            "steer": 0.0
        },
        {
            "throttle": 0.35869679880669864,
            "brake": 0.006651036390451602,
            "steer": 0.0
        },
        {
            "throttle": 0.3597690451155806,
            "brake": 0.0059859327514064425,
            "steer": 0.0
        },
        {
            "throttle": 0.3606845159407225,
            "brake": 0.005387339476265798,
            "steer": 0.0
        },
        {
            "throttle": 0.36144524002348144,
            "brake": 0.004848605528639218,
            "steer": 0.0
        },
        {
            "throttle": 0.3620542733678208,
            "brake": 0.004363744975775297,
            "steer": 0.0
        },
        {
            "throttle": 0.36251583823469513,
            "brake": 0.003927370478197767,
            "steer": 0.0
        },
        {
            "throttle": 0.36283541958833215,
            "brake": 0.0035346334303779908,
            "steer": 0.0
        },
        {
            "throttle": 0.3630198191019267,
            "brake": 0.0031811700873401916,
            "steer": 0.0
        },
        {
            "throttle": 0.3630771674578594,
            "brake": 0.0028630530786061723,
            "steer": 0.0
        },
        {
            "throttle": 0.3630168963106921,
            "brake": 0.002576747770745555,
            "steer": 0.0
        },
        {
            "throttle": 0.36284967190556017,
            "brake": 0.0023190729936709994,
            "steer": 0.0
        },
        {
            "throttle": 0.3625872929462423,
            "brake": 0.0020871656943038993,
            "steer": 0.0
        },
        {
            "throttle": 0.36224255587282317,
            "brake": 0.0018784491248735095,
            "steer": 0.0
        },
        {
            "throttle": 0.36182909122601353,
            "brake": 0.0016906042123861586,
            "steer": 0.0
        },
        {
            "throttle": 0.3613611752324923,
            "brake": 0.0015215437911475429,
            "steer": 0.0
        },
        {
            "throttle": 0.3608535211330077,
            "brake": 0.0013693894120327887,
            "steer": 0.0
        },
        {
            "throttle": 0.36032105508383194,
            "brake": 0.0012324504708295099,
            "steer": 0.0
        },
        {
            "throttle": 0.3597786816855354,
            "brake": 0.001109205423746559,
            "steer": 0.0
        },
        {
            "throttle": 0.3592410443257417,
            "brake": 0.000998284881371903,
            "steer": 0.0
        },
        {
            "throttle": 0.3587222855611799,
            "brake": 0.0008984563932347128,
            "steer": 0.0
        },
        {
            "throttle": 0.3582358127075317,
            "brake": 0.0008086107539112415,
            "steer": 0.0
        },
        {
            "throttle": 0.3577940736537536,
            "brake": 0.0007277496785201173,
            "steer": 0.0
        },
        {
            "throttle": 0.35740834767313756,
            "brake": 0.0006549747106681056,
            "steer": 0.0
        },
        {
            "throttle": 0.35708855567060727,
            "brake": 0.0005894772396012951,
            "steer": 0.0
        },
        {
            "throttle": 0.3568430938906572,
            "brake": 0.0005305295156411656,
            "steer": 0.0
        },
        {
            "throttle": 0.35667869462059504,
            "brake": 0.000477476564077049,
            "steer": 0.0
        },
        {
            "throttle": 0.3566003168685143,
            "brake": 0.00042972890766934413,
            "steer": 0.0
        },
        {
            "throttle": 0.356611069385176,
            "brake": 0.00038675601690240974,
            "steer": 0.0
        },
        {
            "throttle": 0.3567121677452948,
            "brake": 0.00034808041521216875,
            "steer": 0.0
        },
        {
            "throttle": 0.3569029265190674,
            "brake": 0.0003132723736909519,
            "steer": 0.0
        },
        {
            "throttle": 0.35718078686222815,
            "brake": 0.0002819451363218567,
            "steer": 0.0
        },
        {
            "throttle": 0.35754137914592904,
            "brake": 0.00025375062268967105,
            "steer": 0.0
        },
        {
            "throttle": 0.35797861954988447,
            "brake": 0.00022837556042070396,
            "steer": 0.0
        },
        {
            "throttle": 0.35848483886690097,
            "brake": 0.00020553800437863356,
            "steer": 0.0
        },
        {
            "throttle": 0.35905094112711666,
            "brake": 0.0001849842039407702,
            "steer": 0.0
        },
        {
            "throttle": 0.35966658905831483,
            "brake": 0.0001664857835466932,
            "steer": 0.0
        },
        {
            "throttle": 0.3603204128659424,
            "brake": 0.00014983720519202388,
            "steer": 0.0
        },
        {
            "throttle": 0.36100023835321504,
            "brake": 0.00013485348467282148,
            "steer": 0.0
        },
        {
            "throttle": 0.3616933300168349,
            "brake": 0.00012136813620553934,
            "steer": 0.0
        },
        {
            "throttle": 0.362386644454786,
            "brake": 0.00010923132258498541,
            "steer": 0.0
        },
        {
            "throttle": 0.3630670892151382,
            "brake": 9.830819032648688e-05,
            "steer": 0.0
        },
        {
            "throttle": 0.36372178210275374,
            "brake": 8.847737129383819e-05,
            "steer": 0.0
        },
        {
            "throttle": 0.36433830594635674,
            "brake": 7.962963416445437e-05,
            "steer": 0.0
        },
        {
            "throttle": 0.36490495391181677,
            "brake": 7.166667074800893e-05,
            "steer": 0.0
        },
        {
            "throttle": 0.3654109606270405,
            "brake": 6.450000367320804e-05,
            "steer": 0.0
        },
        {
            "throttle": 0.36584671465600643,
            "brake": 5.8050003305887236e-05,
            "steer": 0.0
        },
        {
            "throttle": 0.3662039482188822,
            "brake": 5.2245002975298514e-05,
            "steer": 0.0
        },
        {
            "throttle": 0.36647590049479195,
            "brake": 4.7020502677768666e-05,
            "steer": 0.0
        },
        {
            "throttle": 0.36665745135506583,
            "brake": 4.2318452409991804e-05,
            "steer": 0.0
        },
        {
            "throttle": 0.36674522294770917,
            "brake": 3.808660716899262e-05,
            "steer": 0.0
        },
        {
            "throttle": 0.36673764717720864,
            "brake": 3.427794645209336e-05,
            "steer": 0.0
        },
        {
            "throttle": 0.3666349977854769,
            "brake": 3.0850151806884023e-05,
            "steer": 0.0
        }
    ],
    "parameters": {
        "cloudiness": 11.756169010922967,
        "fog_density": 49.04421025511675,
        "initial_distance": 63.76494014248193,
        "initial_ego_velocity": 16.83505346556528,
        "initial_lead_velocity": 18.624853867007698,
        "lead_base_throttle": 0.3619115251184033,
        "lead_behavior_frequency": 0.22222468769822784,
        "lead_brake_duration": 6.807117101285996,
        "lead_brake_intensity": 0.33045362191636174,
        "lead_brake_probability": 0.1275694232968492,
        "lead_throttle_variation": 0.008098110365550193,
        "precipitation": 69.35038564013041,
        "precipitation_deposits": 93.45984724975928,
        "sun_altitude_angle": 40.886070852873175,
        "wind_intensity": 22.02272059496209
    },
    "config": {
        "num_timesteps": 200,
        "dt": 0.1,
        "seed": 76
    }
}