{
    "weather": {
        "cloudiness": 22.49246281310102,
        "precipitation": 78.06630706966045,
        "precipitation_deposits": 35.37238904063768,
        "wind_intensity": 12.070115588693165,
        "sun_altitude_angle": 62.17125200405438,
        "fog_density": 20.683957261544563,
        "fog_distance": 501.84436258542576,
        "wetness": 39.03315353483023
    },
    "initial_conditions": {
        "ego": {
            "position": {
                "x": 552.2601830243219,
                "y": 20.57,
                "z": 0.294
            },
            "yaw": 0.0,
            "velocity": 12.703487547763089
        },
        "lead": {
            "position": {
                "x": 484.88,
                "y": 20.57,
                "z": 0.294
            },
            "yaw": 0.0,
            "velocity": 17.83096070161217
        }
    },
    "ego": {
        "position": {
            "x": 552.2601830243219,
            "y": 20.57,
            "z": 0.294
        },
        "yaw": 0.0,
        "velocity": 12.703487547763089
    },
    "lead": {
        "position": {
            "x": 484.88,
            "y": 20.57,
            "z": 0.294
        },
        "yaw": 0.0,
        "velocity": 17.83096070161217
    },
    "ado_actions": [
        {
            "throttle": 0.31627778320741134,
            "brake": 0.0,
            "steer": 0.0
        },
        {
            "throttle": 0.321566830627554,
            "brake": 0.0,
            "steer": 0.0
        },
        {
            "throttle": 0.3315153582495106,
            "brake": 0.0,
            "steer": 0.0
        },
        {
            "throttle": 0.3454580089339533,
            "brake": 0.0,
            "steer": 0.0
        },
        {
            "throttle": 0.3627010098169967,
            "brake": 0.0,
            "steer": 0.0
        },
        {
            "throttle": 0.3825306162265747,
            "brake": 0.0,
            "steer": 0.0
        },
        {
            "throttle": 0.4042224117215441,
            "brake": 0.0,
            "steer": 0.0
        },
        {
            "throttle": 0.4270512396514142,
            "brake": 0.0,
            "steer": 0.0
        },
        {
            "throttle": 0.45030153437548276,
            "brake": 0.0,
            "steer": 0.0
        },
        {
            "throttle": 0.47327781695787036,
            "brake": 0.0,
            "steer": 0.0
        },
        {
            "throttle": 0.4953151208803155,
            "brake": 0.0,
            "steer": 0.0
        },
        {
            "throttle": 0.515789118116653,
            "brake": 0.0,
            "steer": 0.0
        },
        {
            "throttle": 0.5341257247388227,
            "brake": 0.0,
            "steer": 0.0
        },
        {
            "throttle": 0.5498099779407577,
            "brake": 0.0,
            "steer": 0.0
        },
        {
            "throttle": 0.562393992762791,
            "brake": 0.0,
            "steer": 0.0
        },
        {
            "throttle": 0.5715038265913572,
            "brake": 0.0,
            "steer": 0.0
        },
        {
            "throttle": 0.5768451023453387,
            "brake": 0.0,
            "steer": 0.0
        },
        {
            "throttle": 0.5782072667295758,
            "brake": 0.0,
            "steer": 0.0
        },
        {
            "throttle": 0.5754663875735584,
            "brake": 0.0,
            "steer": 0.0
        },
        {
            "throttle": 0.5685864235716007,
            "brake": 0.0,
            "steer": 0.0
        },
        {
            "throttle": 0.5576189301588405,
            "brake": 0.0,
            "steer": 0.0
        },
        {
            "throttle": 0.5427011962312256,
            "brake": 0.0,
            "steer": 0.0
        },
        {
            "throttle": 0.5240528373711886,
            "brake": 0.0,
            "steer": 0.0
        },
        {
            "throttle": 0.5019709015969507,
            "brake": 0.0,
            "steer": 0.0
        },
        {
            "throttle": 0.4768235728454865,
            "brake": 0.0,
            "steer": 0.0
        },
        {
            "throttle": 0.44904258488132,
            "brake": 0.0,
            "steer": 0.0
        },
        {
            "throttle": 0.4191144835812946,
            "brake": 0.0,
            "steer": 0.0
        },
        {
            "throttle": 0.3875708981064822,
            "brake": 0.0,
            "steer": 0.0
        },
        {
            "throttle": 0.3549780009142248,
            "brake": 0.0,
            "steer": 0.0
        },
        {
            "throttle": 0.3219253525223536,
            "brake": 0.0,
            "steer": 0.0
        },
        {
            "throttle": 0.28973281727011824,
            "brake": 0.0,
            "steer": 0.0
        },
        {
            "throttle": 0.26075953554310644,
            "brake": 0.0,
            "steer": 0.0
        },
        {
            "throttle": 0.2346835819887958,
            "brake": 0.0,
            "steer": 0.0
        },
        {
            "throttle": 0.21121522378991622,
            "brake": 0.0,
            "steer": 0.0
        },
        {
            "throttle": 0.1900937014109246,
            "brake": 0.0,
            "steer": 0.0
        },
        {
            "throttle": 0.17108433126983214,
            "brake": 0.0,
            "steer": 0.0
        },
        {
            "throttle": 0.15397589814284893,
            "brake": 0.0,
            "steer": 0.0
        },
        {
            "throttle": 0.13857830832856405,
            "brake": 0.0,
            "steer": 0.0
        },
        {
            "throttle": 0.12472047749570765,
            "brake": 0.0,
            "steer": 0.0
        },
        {
            "throttle": 0.11380730845821206,
            "brake": 0.0,
            "steer": 0.0
        },
        {
            "throttle": 0.10756524167724703,
            "brake": 0.0,
            "steer": 0.0
        },
        {
            "throttle": 0.10603131438974782,
            "brake": 0.0,
            "steer": 0.0
        },
        {
            "throttle": 0.10916113367588787,
            "brake": 0.0,
            "steer": 0.0
        },
        {
            "throttle": 0.1168289037228294,
            "brake": 0.0,
            "steer": 0.0
        },
        {
            "throttle": 0.12882908413208213,
            "brake": 0.0,
            "steer": 0.0
        },
        {
            "throttle": 0.1448796395328141,
            "brake": 0.0,
            "steer": 0.0
        },
        {
            "throttle": 0.16462681129495915,
            "brake": 0.0,
            "steer": 0.0
        },
        {
            "throttle": 0.18765131390284973,
            "brake": 0.0,
            "steer": 0.0
        },
        {
            "throttle": 0.2134758320978914,
            "brake": 0.0,
            "steer": 0.0
        },
        {
            "throttle": 0.24157367073828767,
            "brake": 0.0,
            "steer": 0.0
        },
        {
            "throttle": 0.2713783879214724,
            "brake": 0.0,
            "steer": 0.0
        },
        {
            "throttle": 0.3022942236840099,
            "brake": 0.0,
            "steer": 0.0
        },
        {
            "throttle": 0.3337071218866171,
            "brake": 0.0,
            "steer": 0.0
        },
        {
            "throttle": 0.36499613199338476,
            "brake": 0.0,
            "steer": 0.0
        },
        {
            "throttle": 0.39554497057599824,
            "brake": 0.0,
            "steer": 0.0
        },
        {
            "throttle": 0.42475351965060004,
            "brake": 0.0,
            "steer": 0.0
        },
        {
            "throttle": 0.4520490404422443,
            "brake": 0.0,
            "steer": 0.0
        },
        {
            "throttle": 0.4768968868445285,
            "brake": 0.0,
            "steer": 0.0
        },
        {
            "throttle": 0.4988105125948395,
            "brake": 0.0,
            "steer": 0.0
        },
        {
            "throttle": 0.5173605798356615,
            "brake": 0.0,
            "steer": 0.0
        },
        {
            "throttle": 0.5321829940220917,
            "brake": 0.0,
            "steer": 0.0
        },
        {
            "throttle": 0.5429857107380949,
            "brake": 0.0,
            "steer": 0.0
        },
        {
            "throttle": 0.5495541835088856,
            "brake": 0.0,
            "steer": 0.0
        },
        {
            "throttle": 0.5517553476980798,
            "brake": 0.0,
            "steer": 0.0
        },
        {
            "throttle": 0.5495400635625866,
            "brake": 0.0,
            "steer": 0.0
        },
        {
            "throttle": 0.5429439709743565,
            "brake": 0.0,
            "steer": 0.0
        },
        {
            "throttle": 0.5320867386470597,
            "brake": 0.0,
            "steer": 0.0
        },
        {
            "throttle": 0.5171697213514191,
            "brake": 0.0,
            "steer": 0.0
        },
        {
            "throttle": 0.49847206898300184,
            "brake": 0.0,
            "steer": 0.0
        },
        {
            "throttle": 0.47634536088346546,
            "brake": 0.0,
            "steer": 0.0
        },
        {
            "throttle": 0.4512068669492284,
            "brake": 0.0,
            "steer": 0.0
        },
        {
            "throttle": 0.42353156325555164,
            "brake": 0.0,
            "steer": 0.0
        },
        {
            "throttle": 0.3938430536812243,
            "brake": 0.0,
            "steer": 0.0
        },
        {
            "throttle": 0.3627035698878622,
            "brake": 0.0,
            "steer": 0.0
        },
        {
            "throttle": 0.33070323959160297,
            "brake": 0.0,
            "steer": 0.0
        },
        {
            "throttle": 0.2984488270295376,
            "brake": 0.0,
            "steer": 0.0
        },
        {
            "throttle": 0.26860394432658385,
            "brake": 0.0,
            "steer": 0.0
        },
        {
            "throttle": 0.24174354989392546,
            "brake": 0.0,
            "steer": 0.0
        },
        {
            "throttle": 0.21756919490453291,
            "brake": 0.0,
            "steer": 0.0
        },
        {
            "throttle": 0.19581227541407964,
            "brake": 0.0,
            "steer": 0.0
        },
        {
            "throttle": 0.1762310478726717,
            "brake": 0.0,
            "steer": 0.0
        },
        {
            "throttle": 0.15860794308540452,
            "brake": 0.0,
            "steer": 0.0
        },
        {
            "throttle": 0.14274714877686406,
            "brake": 0.0,
            "steer": 0.0
        },
        {
            "throttle": 0.12847243389917767,
            "brake": 0.0,
            "steer": 0.0
        },
        {
            "throttle": 0.11562519050925991,
            "brake": 0.0,
            "steer": 0.0
        },
        {
            "throttle": 0.10731451581006725,
            "brake": 0.0,
            "steer": 0.0
        },
        {
            "throttle": 0.10367176962981708,
            "brake": 0.0,
            "steer": 0.0
        },
        {
            "throttle": 0.1046971929036786,
            "brake": 0.0,
            "steer": 0.0
        },
        {
            "throttle": 0.11030908966791905,
            "brake": 0.0,
            "steer": 0.0
        },
        {
            "throttle": 0.12034469103073195,
            "brake": 0.0,
            "steer": 0.0
        },
        {
            "throttle": 0.134562631232078,
            "brake": 0.0,
            "steer": 0.0
        },
        {
            "throttle": 0.15264698175867522,
            "brake": 0.0,
            "steer": 0.0
        },
        {
            "throttle": 0.1742127605178655,
            "brake": 0.0,
            "steer": 0.0
        },
        {
            "throttle": 0.19881280562219267,
            "brake": 0.0,
            "steer": 0.0
        },
        {
            "throttle": 0.22594587792453352,
            "brake": 0.0,
            "steer": 0.0
        },
        {
            "throttle": 0.2550658335613906,
            "brake": 0.0,
            "steer": 0.0
        },
        {
            "throttle": 0.28559168785058314,
            "brake": 0.0,
            "steer": 0.0
        },
        {
            "throttle": 0.3169183753330554,
            "brake": 0.0,
            "steer": 0.0
        },
        {
            "throttle": 0.34842799786649675,
            "brake": 0.0,
            "steer": 0.0
        },
        {
            "throttle": 0.37950134372019295,
            "brake": 0.0,
            "steer": 0.0
        },
        {
            "throttle": 0.40952945576016975,
            "brake": 0.0,
            "steer": 0.0
        },
        {
            "throttle": 0.437925026147054,
            "brake": 0.0,
            "steer": 0.0
        },
        {
            "throttle": 0.4641333985118292,
            "brake": 0.0,
            "steer": 0.0
        },
        {
            "throttle": 0.4876429662620494,
            "brake": 0.0,
            "steer": 0.0
        },
        {
            "throttle": 0.5079947673591966,
            "brake": 0.0,
            "steer": 0.0
        },
        {
            "throttle": 0.5247910913764482,
            "brake": 0.0,
            "steer": 0.0
        },
        {
            "throttle": 0.5377029336026959,
            "brake": 0.0,
            "steer": 0.0
        },
        {
            "throttle": 0.546476153044212,
            "brake": 0.0,
            "steer": 0.0
        },
        {
            "throttle": 0.5509362159711279,
            "brake": 0.0,
            "steer": 0.0
        },
        {
            "throttle": 0.5509914336913727,
            "brake": 0.0,
            "steer": 0.0
        },
        {
            "throttle": 0.5466346319966626,
            "brake": 0.0,
            "steer": 0.0
        },
        {
            "throttle": 0.5379432196672664,
            "brake": 0.0,
            "steer": 0.0
        },
        {
            "throttle": 0.5250776539757874,
            "brake": 0.0,
            "steer": 0.0
        },
        {
            "throttle": 0.508278331714512,
            "brake": 0.0,
            "steer": 0.0
        },
        {
            "throttle": 0.487860964304743,
            "brake": 0.0,
            "steer": 0.0
        },
        {
            "throttle": 0.46421052445909966,
            "brake": 0.0,
            "steer": 0.0
        },
        {
            "throttle": 0.4377738791094382,
            "brake": 0.0,
            "steer": 0.0
        },
        {
            "throttle": 0.4090512483659681,
            "brake": 0.0,
            "steer": 0.0
        },
        {
            "throttle": 0.378586652661046,
            "brake": 0.0,
            "steer": 0.0
        },
        {
            "throttle": 0.34695752952842657,
            "brake": 0.0,
            "steer": 0.0
        },
        {
            "throttle": 0.3147637173086133,
            "brake": 0.0,
            "steer": 0.0
        },
        {
            "throttle": 0.283287345577752,
            "brake": 0.0,
            "steer": 0.0
        },
        {
            "throttle": 0.2549586110199768,
            "brake": 0.0,
            "steer": 0.0
        },
        {
            "throttle": 0.22946274991797913,
            "brake": 0.0,
            "steer": 0.0
        },
        {
            "throttle": 0.20651647492618122,
            "brake": 0.0,
            "steer": 0.0
        },
        {
            "throttle": 0.1858648274335631,
            "brake": 0.0,
            "steer": 0.0
        },
        {
            "throttle": 0.1672783446902068,
            "brake": 0.0,
            "steer": 0.0
        },
        {
            "throttle": 0.15055051022118612,
            "brake": 0.0,
            "steer": 0.0
        },
        {
            "throttle": 0.13549545919906753,
            "brake": 0.0,
            "steer": 0.0
        },
        {
            "throttle": 0.12194591327916078,
            "brake": 0.0,
            "steer": 0.0
        },
        {
            "throttle": 0.1112559979951834,
            "brake": 0.0,
            "steer": 0.0
        },
        {
            "throttle": 0.10520598051254,
            "brake": 0.0,
            "steer": 0.0
        },
        {
            "throttle": 0.10383721910132582,
            "brake": 0.0,
            "steer": 0.0
        },
        {
            "throttle": 0.10710935591054682,
            "brake": 0.0,
            "steer": 0.0
        },
        {
            "throttle": 0.11490034719706409,
            "brake": 0.0,
            "steer": 0.0
        },
        {
            "throttle": 0.12700812200809328,
            "brake": 0.0,
            "steer": 0.0
        },
        {
            "throttle": 0.14315383037008036,
            "brake": 0.0,
            "steer": 0.0
        },
        {
            "throttle": 0.16298661252276125,
            "brake": 0.0,
            "steer": 0.0
        },
        {
            "throttle": 0.18608979245238705,
            "brake": 0.0,
            "steer": 0.0
        },
        {
            "throttle": 0.2119883724681525,
            "brake": 0.0,
            "steer": 0.0
        },
        {
            "throttle": 0.24015768134199245,
            "brake": 0.0,
            "steer": 0.0
        },
        {
            "throttle": 0.2700330070611239,
            "brake": 0.0,
            "steer": 0.0
        },
        {
            "throttle": 0.30102002693901914,
            "brake": 0.0,
            "steer": 0.0
        },
        {
            "throttle": 0.33250583304710507,
            "brake": 0.0,
            "steer": 0.0
        },
        {
            "throttle": 0.3638703399521127,
            "brake": 0.0,
            "steer": 0.0
        },
        {
            "throttle": 0.39449785478549465,
            "brake": 0.0,
            "steer": 0.0
        },
        {
            "throttle": 0.42378858686764737,
            "brake": 0.0,
            "steer": 0.0
        },
        {
            "throttle": 0.4511698755173667,
            "brake": 0.0,
            "steer": 0.0
        },
        {
            "throttle": 0.47610692027208407,
            "brake": 0.0,
            "steer": 0.0
        },
        {
            "throttle": 0.4981128074230705,
            "brake": 0.0,
            "steer": 0.0
        },
        {
            "throttle": 0.5167576403500642,
            "brake": 0.0,
            "steer": 0.0
        },
        {
            "throttle": 0.5316765983652906,
            "brake": 0.0,
            "steer": 0.0
        },
        {
            "throttle": 0.5425767693216447,
            "brake": 0.0,
            "steer": 0.0
        },
        {
            "throttle": 0.5492426247145621,
            "brake": 0.0,
            "steer": 0.0
        },
        {
            "throttle": 0.5515400319665604,
            "brake": 0.0,
            "steer": 0.0
        },
        {
            "throttle": 0.5494187265348918,
            "brake": 0.0,
            "steer": 0.0
        },
        {
            "throttle": 0.5429131958954533,
            "brake": 0.0,
            "steer": 0.0
        },
        {
            "throttle": 0.5321419577713802,
            "brake": 0.0,
            "steer": 0.0
        },
        {
            "throttle": 0.517305245616622,
            "brake": 0.0,
            "steer": 0.0
        },
        {
            "throttle": 0.49868114475098657,
            "brake": 0.0,
            "steer": 0.0
        },
        {
            "throttle": 0.47662025209612474,
            "brake": 0.0,
            "steer": 0.0
        },
        {
            "throttle": 0.4515389606199819,
            "brake": 0.0,
            "steer": 0.0
        },
        {
            "throttle": 0.4239114958251089,
            "brake": 0.0,
            "steer": 0.0
        },
        {
            "throttle": 0.39426085541531114,
            "brake": 0.0,
            "steer": 0.0
        },
        {
            "throttle": 0.36314882419300965,
            "brake": 0.0,
            "steer": 0.0
        },
        {
            "throttle": 0.3311652538787416,
            "brake": 0.0,
            "steer": 0.0
        },
        {
            "throttle": 0.2989168115691715,
            "brake": 0.0,
            "steer": 0.0
        },
        {
            "throttle": 0.26902513041225434,
            "brake": 0.0,
            "steer": 0.0
        },
        {
            "throttle": 0.24212261737102891,
            "brake": 0.0,
            "steer": 0.0
        },
        {
            "throttle": 0.21791035563392602,
            "brake": 0.0,
            "steer": 0.0
        },
        {
            "throttle": 0.19611932007053343,
            "brake": 0.0,
            "steer": 0.0
        },
        {
            "throttle": 0.1765073880634801,
            "brake": 0.0,
            "steer": 0.0
        },
        {
            "throttle": 0.15885664925713208,
            "brake": 0.0,
            "steer": 0.0
        },
        {
            "throttle": 0.1429709843314189,
            "brake": 0.0,
            "steer": 0.0
        },
        {
            "throttle": 0.128673885898277,
            "brake": 0.0,
            "steer": 0.0
        },
        {
            "throttle": 0.1158064973084493,
            "brake": 0.0,
            "steer": 0.0
        },
        {
            "throttle": 0.10422584757760438,
            "brake": 0.039325598895325144,
            "steer": 0.0
        },
        {
            "throttle": 0.09380326281984394,
            "brake": 0.07471863790111777,
            "steer": 0.0
        },
        {
            "throttle": 0.08442293653785955,
            "brake": 0.10657237300633113,
            "steer": 0.0
        },
        {
            "throttle": 0.0759806428840736,
            "brake": 0.13524073460102315,
            "steer": 0.0
        },
        {
            "throttle": 0.06838257859566624,
            "brake": 0.16104226003624597,
            "steer": 0.0
        },
        {
            "throttle": 0.06154432073609962,
            "brake": 0.1842636329279465,
            "steer": 0.0
        },
        {
            "throttle": 0.05538988866248966,
            "brake": 0.205162868530477,
            "steer": 0.0
        },
        {
            "throttle": 0.049850899796240696,
            "brake": 0.22397218057275445,
            "steer": 0.0
        },
        {
            "throttle": 0.04486580981661663,
            "brake": 0.24090056141080415,
            "steer": 0.0
        },
        {
            "throttle": 0.04037922883495497,
            "brake": 0.2561361041650489,
            "steer": 0.0
        },
        {
            "throttle": 0.03634130595145947,
            "brake": 0.26984809264386916,
            "steer": 0.0
        },
        {
            "throttle": 0.032707175356313525,
            "brake": 0.28218888227480743,
            "steer": 0.0
        },
        {
            "throttle": 0.029436457820682174,
            "brake": 0.29329559294265184,
            "steer": 0.0
        },
        {
            "throttle": 0.026492812038613957,
            "brake": 0.30329163254371183,
            "steer": 0.0
        },
        {
            "throttle": 0.02384353083475256,
            "brake": 0.3122880681846658,
            "steer": 0.0
        },
        {
            "throttle": 0.021459177751277304,
            "brake": 0.3203848602615244,
            "steer": 0.0
        },
        {
            "throttle": 0.019313259976149574,
            "brake": 0.3276719731306971,
            "steer": 0.0
        },
        {
            "throttle": 0.017381933978534617,
            "brake": 0.3342303747129526,
            "steer": 0.0
        },
        {
            "throttle": 0.015643740580681156,
            "brake": 0.3401329361369825,
            "steer": 0.0
        },
        {
            "throttle": 0.08321454343383125,
            "brake": 0.3061196425232842,
            "steer": 0.0
        },
        {
            "throttle": 0.14251949294222108,
            "brake": 0.2755076782709558,
            "steer": 0.0
        },
        {
            "throttle": 0.19370003957538473,
            "brake": 0.24795691044386023,
            "steer": 0.0
        },
        {
            "throttle": 0.2369252437614704,
            "brake": 0.2231612193994742,
            "steer": 0.0
        },
        {
            "throttle": 0.27240125985813946,
            "brake": 0.20084509745952678,
            "steer": 0.0
        }
    ],
    "parameters": {
        "cloudiness": 22.49246281310102,
        "fog_density": 20.683957261544563,
        "initial_distance": 67.38018302432195,
        "initial_ego_velocity": 12.703487547763089,
        "initial_lead_velocity": 17.83096070161217,
        "lead_base_throttle": 0.3162777832074113,
        "lead_behavior_frequency": 0.21974055075266052,
        "lead_brake_duration": 19.118511905066498,
        "lead_brake_intensity": 0.3932559889532514,
        "lead_brake_probability": 0.06165790544287396,
        "lead_throttle_variation": 0.38429793628232006,
        "precipitation": 78.06630706966045,
        "precipitation_deposits": 35.37238904063768,
        "sun_altitude_angle": 62.17125200405438,
        "wind_intensity": 12.070115588693165
    },
    "config": {
        "num_timesteps": 200,
        "dt": 0.1,
        "seed": 90
    }
}