{
    "weather": {
        "cloudiness": 85.59273951996683,
        "precipitation": 21.117719718282203,
        "precipitation_deposits": 74.00443485188372,
        "wind_intensity": 19.170636794176044,
        "sun_altitude_angle": 61.758320860223535,
        "fog_density": 19.692545355849056,
        "fog_distance": 518.7059231191628,
        "wetness": 10.558859859141101
    },
    "initial_conditions": {
        "ego": {
            "position": {
                "x": 548.3254489129253,
                "y": 20.57,
                "z": 0.294
            },
            "yaw": 0.0,
            "velocity": 17.604449490445973
        },
        "lead": {
            "position": {
                "x": 484.88,
                "y": 20.57,
                "z": 0.294
            },
            "yaw": 0.0,
            "velocity": 22.45453241049695
        }
    },
    "ego": {
        "position": {
            "x": 548.3254489129253,
            "y": 20.57,
            "z": 0.294
        },
        "yaw": 0.0,
        "velocity": 17.604449490445973
    },
    "lead": {
        "position": {
            "x": 484.88,
            "y": 20.57,
            "z": 0.294
        },
        "yaw": 0.0,
        "velocity": 22.45453241049695
    },
    "ado_actions": [
        {
            "throttle": 0.5744446522213239,
            "brake": 0.0,
            "steer": 0.0
        },
        {
            "throttle": 0.5795165024546511,
            "brake": 0.0,
            "steer": 0.0
        },
        {
            "throttle": 0.5890517845026473,
            "brake": 0.0,
            "steer": 0.0
        },
        {
            "throttle": 0.602403708997088,
            "brake": 0.0,
            "steer": 0.0
        },
        {
            "throttle": 0.6188949535919652,
            "brake": 0.0,
            "steer": 0.0
        },
        {
            "throttle": 0.6378266175541044,
            "brake": 0.0,
            "steer": 0.0
        },
        {
            "throttle": 0.6584880635217804,
            "brake": 0.0,
            "steer": 0.0
        },
        {
            "throttle": 0.6801674043446071,
            "brake": 0.0,
            "steer": 0.0
        },
        {
            "throttle": 0.7021623846069099,
            "brake": 0.0,
            "steer": 0.0
        },
        {
            "throttle": 0.723791402667163,
            "brake": 0.0,
            "steer": 0.0
        },
        {
            "throttle": 0.7444044199387738,
            "brake": 0.0,
            "steer": 0.0
        },
        {
            "throttle": 0.7633935097157831,
            "brake": 0.0,
            "steer": 0.0
        },
        {
            "throttle": 0.7802028080365576,
            "brake": 0.0,
            "steer": 0.0
        },
        {
            "throttle": 0.7943376437091756,
            "brake": 0.0,
            "steer": 0.0
        },
        {
            "throttle": 0.8053726434318712,
            "brake": 0.0,
            "steer": 0.0
        },
        {
            "throttle": 0.8129586305821208,
            "brake": 0.0,
            "steer": 0.0
        },
        {
            "throttle": 0.8168281622910936,
            "brake": 0.0,
            "steer": 0.0
        },
        {
            "throttle": 0.8167995783682587,
            "brake": 0.0,
            "steer": 0.0
        },
        {
            "throttle": 0.8127794669358,
            "brake": 0.0,
            "steer": 0.0
        },
        {
            "throttle": 0.8047634846671673,
            "brake": 0.0,
            "steer": 0.0
        },
        {
            "throttle": 0.7928355036551568,
            "brake": 0.0,
            "steer": 0.0
        },
        {
            "throttle": 0.77716509149542,
            "brake": 0.0,
            "steer": 0.0
        },
        {
            "throttle": 0.7580033654843283,
            "brake": 0.0,
            "steer": 0.0
        },
        {
            "throttle": 0.7356772952223847,
            "brake": 0.0,
            "steer": 0.0
        },
        {
            "throttle": 0.7105825597298185,
            "brake": 0.0,
            "steer": 0.0
        },
        {
            "throttle": 0.6831750947939838,
            "brake": 0.0,
            "steer": 0.0
        },
        {
            "throttle": 0.6539614930960925,
            "brake": 0.0,
            "steer": 0.0
        },
        {
            "throttle": 0.623488443179798,
            "brake": 0.0,
            "steer": 0.0
        },
        {
            "throttle": 0.5923314130636705,
            "brake": 0.0,
            "steer": 0.0
        },
        {
            "throttle": 0.5610827998758726,
            "brake": 0.0,
            "steer": 0.0
        },
        {
            "throttle": 0.530339777996971,
            "brake": 0.0,
            "steer": 0.0
        },
        {
            "throttle": 0.5006920846191236,
            "brake": 0.0,
            "steer": 0.0
        },
        {
            "throttle": 0.47270998324314467,
            "brake": 0.0,
            "steer": 0.0
        },
        {
            "throttle": 0.4469326424110332,
            "brake": 0.0,
            "steer": 0.0
        },
        {
            "throttle": 0.42385715897843923,
            "brake": 0.0,
            "steer": 0.0
        },
        {
            "throttle": 0.40392844263204997,
            "brake": 0.0,
            "steer": 0.0
        },
        {
            "throttle": 0.38753016140544716,
            "brake": 0.0,
            "steer": 0.0
        },
        {
            "throttle": 0.3749769269846112,
            "brake": 0.0,
            "steer": 0.0
        },
        {
            "throttle": 0.3665078740417288,
            "brake": 0.0,
            "steer": 0.0
        },
        {
            "throttle": 0.36228176018550784,
            "brake": 0.0,
            "steer": 0.0
        },
        {
            "throttle": 0.3623736829216568,
            "brake": 0.0,
            "steer": 0.0
        },
        {
            "throttle": 0.36677347788295644,
            "brake": 0.0,
            "steer": 0.0
        },
        {
            "throttle": 0.3753858291574148,
            "brake": 0.0,
            "steer": 0.0
        },
        {
            "throttle": 0.3880320884840238,
            "brake": 0.0,
            "steer": 0.0
        },
        {
            "throttle": 0.4044537660797236,
            "brake": 0.0,
            "steer": 0.0
        },
        {
            "throttle": 0.4243176225882136,
            "brake": 0.0,
            "steer": 0.0
        },
        {
            "throttle": 0.4472222597663864,
            "brake": 0.0,
            "steer": 0.0
        },
        {
            "throttle": 0.47270607768454065,
            "brake": 0.0,
            "steer": 0.0
        },
        {
            "throttle": 0.5002564390085826,
            "brake": 0.0,
            "steer": 0.0
        },
        {
            "throttle": 0.5293198568999672,
            "brake": 0.0,
            "steer": 0.0
        },
        {
            "throttle": 0.5593130026925173,
            "brake": 0.0,
            "steer": 0.0
        },
        {
            "throttle": 0.5896343131918195,
            "brake": 0.0,
            "steer": 0.0
        },
        {
            "throttle": 0.6196759655187809,
            "brake": 0.0,
            "steer": 0.0
        },
        {
            "throttle": 0.6488359801226424,
            "brake": 0.0,
            "steer": 0.0
        },
        {
            "throttle": 0.6765302100663599,
            "brake": 0.0,
            "steer": 0.0
        },
        {
            "throttle": 0.7022039769895172,
            "brake": 0.0,
            "steer": 0.0
        },
        {
            "throttle": 0.7253431212352488,
            "brake": 0.0,
            "steer": 0.0
        },
        {
            "throttle": 0.7454842453469875,
            "brake": 0.0,
            "steer": 0.0
        },
        {
            "throttle": 0.7622239462645992,
            "brake": 0.0,
            "steer": 0.0
        },
        {
            "throttle": 0.7752268517560547,
            "brake": 0.0,
            "steer": 0.0
        },
        {
            "throttle": 0.7842323005071273,
            "brake": 0.0,
            "steer": 0.0
        },
        {
            "throttle": 0.7890595323811477,
            "brake": 0.0,
            "steer": 0.0
        },
        {
            "throttle": 0.7896112851130654,
            "brake": 0.0,
            "steer": 0.0
        },
        {
            "throttle": 0.7858757255233066,
            "brake": 0.0,
            "steer": 0.0
        },
        {
            "throttle": 0.7779266765921546,
            "brake": 0.0,
            "steer": 0.0
        },
        {
            "throttle": 0.7659221357610169,
            "brake": 0.0,
            "steer": 0.0
        },
        {
            "throttle": 0.7501011139439253,
            "brake": 0.0,
            "steer": 0.0
        },
        {
            "throttle": 0.730778858260118,
            "brake": 0.0,
            "steer": 0.0
        },
        {
            "throttle": 0.7083405537674385,
            "brake": 0.0,
            "steer": 0.0
        },
        {
            "throttle": 0.6832336298426027,
            "brake": 0.0,
            "steer": 0.0
        },
        {
            "throttle": 0.6559588247120668,
            "brake": 0.0,
            "steer": 0.0
        },
        {
            "throttle": 0.6270601864303478,
            "brake": 0.0,
            "steer": 0.0
        },
        {
            "throttle": 0.5971142098363832,
            "brake": 0.0,
            "steer": 0.0
        },
        {
            "throttle": 0.5667183262691123,
            "brake": 0.0,
            "steer": 0.0
        },
        {
            "throttle": 0.5364789757466552,
            "brake": 0.0,
            "steer": 0.0
        },
        {
            "throttle": 0.5069994996513517,
            "brake": 0.0,
            "steer": 0.0
        },
        {
            "throttle": 0.4788680955491347,
            "brake": 0.0,
            "steer": 0.0
        },
        {
            "throttle": 0.4526460745346931,
            "brake": 0.0,
            "steer": 0.0
        },
        {
            "throttle": 0.4288566554583738,
            "brake": 0.0,
            "steer": 0.0
        },
        {
            "throttle": 0.40797451967726,
            "brake": 0.0,
            "steer": 0.0
        },
        {
            "throttle": 0.39041633479523113,
            "brake": 0.0,
            "steer": 0.0
        },
        {
            "throttle": 0.3765324365180128,
            "brake": 0.0,
            "steer": 0.0
        },
        {
            "throttle": 0.3665998346352958,
            "brake": 0.0,
            "steer": 0.0
        },
        {
            "throttle": 0.36081668271430634,
            "brake": 0.0,
            "steer": 0.0
        },
        {
            "throttle": 0.3592983218752635,
            "brake": 0.0,
            "steer": 0.0
        },
        {
            "throttle": 0.3620749776020792,
            "brake": 0.0,
            "steer": 0.0
        },
        {
            "throttle": 0.36909115554854455,
            "brake": 0.0,
            "steer": 0.0
        },
        {
            "throttle": 0.38020674838965185,
            "brake": 0.0,
            "steer": 0.0
        },
        {
            "throttle": 0.3951998316164834,
            "brake": 0.0,
            "steer": 0.0
        },
        {
            "throttle": 0.41377109246293053,
            "brake": 0.0,
            "steer": 0.0
        },
        {
            "throttle": 0.4355498035562356,
            "brake": 0.0,
            "steer": 0.0
        },
        {
            "throttle": 0.4601012220516172,
            "brake": 0.0,
            "steer": 0.0
        },
        {
            "throttle": 0.4869352665594334,
            "brake": 0.0,
            "steer": 0.0
        },
        {
            "throttle": 0.5155162986693771,
            "brake": 0.0,
            "steer": 0.0
        },
        {
            "throttle": 0.5452738138291268,
            "brake": 0.0,
            "steer": 0.0
        },
        {
            "throttle": 0.5756138281847736,
            "brake": 0.0,
            "steer": 0.0
        },
        {
            "throttle": 0.6059307340994763,
            "brake": 0.0,
            "steer": 0.0
        },
        {
            "throttle": 0.635619387712433,
            "brake": 0.0,
            "steer": 0.0
        },
        {
            "throttle": 0.6640871872691165,
            "brake": 0.0,
            "steer": 0.0
        },
        {
            "throttle": 0.690765901138236,
            "brake": 0.0,
            "steer": 0.0
        },
        {
            "throttle": 0.715123009427386,
            "brake": 0.0,
            "steer": 0.0
        },
        {
            "throttle": 0.7366723328180976,
            "brake": 0.0,
            "steer": 0.0
        },
        {
            "throttle": 0.754983736468232,
            "brake": 0.0,
            "steer": 0.0
        },
        {
            "throttle": 0.7696917152913838,
            "brake": 0.0,
            "steer": 0.0
        },
        {
            "throttle": 0.780502689250698,
            "brake": 0.0,
            "steer": 0.0
        },
        {
            "throttle": 0.7872008630525977,
            "brake": 0.0,
            "steer": 0.0
        },
        {
            "throttle": 0.789652533280438,
            "brake": 0.0,
            "steer": 0.0
        },
        {
            "throttle": 0.7878087569971095,
            "brake": 0.0,
            "steer": 0.0
        },
        {
            "throttle": 0.7817063285505809,
            "brake": 0.0,
            "steer": 0.0
        },
        {
            "throttle": 0.7714670450844993,
            "brake": 0.0,
            "steer": 0.0
        },
        {
            "throttle": 0.7572952754132688,
            "brake": 0.0,
            "steer": 0.0
        },
        {
            "throttle": 0.7394738807857109,
            "brake": 0.0,
            "steer": 0.0
        },
        {
            "throttle": 0.7183585689575569,
            "brake": 0.0,
            "steer": 0.0
        },
        {
            "throttle": 0.6943707942640245,
            "brake": 0.0,
            "steer": 0.0
        },
        {
            "throttle": 0.6679893454054173,
            "brake": 0.0,
            "steer": 0.0
        },
        {
            "throttle": 0.6397407888518083,
            "brake": 0.0,
            "steer": 0.0
        },
        {
            "throttle": 0.6101889586145924,
            "brake": 0.0,
            "steer": 0.0
        },
        {
            "throttle": 0.579923702167123,
            "brake": 0.0,
            "steer": 0.0
        },
        {
            "throttle": 0.5495491071438421,
            "brake": 0.0,
            "steer": 0.0
        },
        {
            "throttle": 0.5196714438109437,
            "brake": 0.0,
            "steer": 0.0
        },
        {
            "throttle": 0.49088706397479537,
            "brake": 0.0,
            "steer": 0.0
        },
        {
            "throttle": 0.46377049786387775,
            "brake": 0.0,
            "steer": 0.0
        },
        {
            "throttle": 0.43886298656850087,
            "brake": 0.0,
            "steer": 0.0
        },
        {
            "throttle": 0.4166616789289144,
            "brake": 0.0,
            "steer": 0.0
        },
        {
            "throttle": 0.39760970850015587,
            "brake": 0.0,
            "steer": 0.0
        },
        {
            "throttle": 0.38208734865579863,
            "brake": 0.0,
            "steer": 0.0
        },
        {
            "throttle": 0.37040442237328197,
            "brake": 0.0,
            "steer": 0.0
        },
        {
            "throttle": 0.362794118200261,
            "brake": 0.0,
            "steer": 0.0
        },
        {
            "throttle": 0.3594083358342576,
            "brake": 0.0,
            "steer": 0.0
        },
        {
            "throttle": 0.36031465421704995,
            "brake": 0.0,
            "steer": 0.0
        },
        {
            "throttle": 0.3654949826600882,
            "brake": 0.0,
            "steer": 0.0
        },
        {
            "throttle": 0.37484592192418126,
            "brake": 0.0,
            "steer": 0.0
        },
        {
            "throttle": 0.3881808280462699,
            "brake": 0.0,
            "steer": 0.0
        },
        {
            "throttle": 0.4052335377195238,
            "brake": 0.0,
            "steer": 0.0
        },
        {
            "throttle": 0.42566368086864603,
            "brake": 0.0,
            "steer": 0.0
        },
        {
            "throttle": 0.4490634743820885,
            "brake": 0.0,
            "steer": 0.0
        },
        {
            "throttle": 0.47496586139921115,
            "brake": 0.0,
            "steer": 0.0
        },
        {
            "throttle": 0.5028538336933419,
            "brake": 0.0,
            "steer": 0.0
        },
        {
            "throttle": 0.5321707510772768,
            "brake": 0.0,
            "steer": 0.0
        },
        {
            "throttle": 0.5623314518573417,
            "brake": 0.0,
            "steer": 0.0
        },
        {
            "throttle": 0.5927339325729235,
            "brake": 0.0,
            "steer": 0.0
        },
        {
            "throttle": 0.6227713638955337,
            "brake": 0.0,
            "steer": 0.0
        },
        {
            "throttle": 0.6518442028517657,
            "brake": 0.0,
            "steer": 0.0
        },
        {
            "throttle": 0.6793721596119087,
            "brake": 0.0,
            "steer": 0.0
        },
        {
            "throttle": 0.7048057799888251,
            "brake": 0.0,
            "steer": 0.0
        },
        {
            "throttle": 0.7276374124620726,
            "brake": 0.0,
            "steer": 0.0
        },
        {
            "throttle": 0.7474113408270382,
            "brake": 0.0,
            "steer": 0.0
        },
        {
            "throttle": 0.7637328802228596,
            "brake": 0.0,
            "steer": 0.0
        },
        {
            "throttle": 0.7762762549837192,
            "brake": 0.0,
            "steer": 0.0
        },
        {
            "throttle": 0.7847911010727262,
            "brake": 0.0,
            "steer": 0.0
        },
        {
            "throttle": 0.789107463310736,
            "brake": 0.0,
            "steer": 0.0
        },
        {
            "throttle": 0.789139187656133,
            "brake": 0.0,
            "steer": 0.0
        },
        {
            "throttle": 0.7848856408261532,
            "brake": 0.0,
            "steer": 0.0
        },
        {
            "throttle": 0.776431722936345,
            "brake": 0.0,
            "steer": 0.0
        },
        {
            "throttle": 0.7639461729058776,
            "brake": 0.0,
            "steer": 0.0
        },
        {
            "throttle": 0.747678200452554,
            "brake": 0.0,
            "steer": 0.0
        },
        {
            "throttle": 0.7279525119024116,
            "brake": 0.0,
            "steer": 0.0
        },
        {
            "throttle": 0.7051628290980266,
            "brake": 0.0,
            "steer": 0.0
        },
        {
            "throttle": 0.6797640307671624,
            "brake": 0.0,
            "steer": 0.0
        },
        {
            "throttle": 0.6522630732089034,
            "brake": 0.0,
            "steer": 0.0
        },
        {
            "throttle": 0.6232088715190568,
            "brake": 0.0,
            "steer": 0.0
        },
        {
            "throttle": 0.5931813433240908,
            "brake": 0.0,
            "steer": 0.0
        },
        {
            "throttle": 0.56277983370909,
            "brake": 0.0,
            "steer": 0.0
        },
        {
            "throttle": 0.532611152376483,
            "brake": 0.0,
            "steer": 0.0
        },
        {
            "throttle": 0.5032774618121164,
            "brake": 0.0,
            "steer": 0.0
        },
        {
            "throttle": 0.4753642582091234,
            "brake": 0.0,
            "steer": 0.0
        },
        {
            "throttle": 0.44942868504859906,
            "brake": 0.0,
            "steer": 0.0
        },
        {
            "throttle": 0.4259884125963177,
            "brake": 0.0,
            "steer": 0.0
        },
        {
            "throttle": 0.40551130527912266,
            "brake": 0.0,
            "steer": 0.0
        },
        {
            "throttle": 0.38840608317865577,
            "brake": 0.0,
            "steer": 0.0
        },
        {
            "throttle": 0.37501416403765647,
            "brake": 0.0,
            "steer": 0.0
        },
        {
            "throttle": 0.3656028486112009,
            "brake": 0.0,
            "steer": 0.0
        },
        {
            "throttle": 0.36035998538228026,
            "brake": 0.0,
            "steer": 0.0
        },
        {
            "throttle": 0.3593902211332213,
            "brake": 0.0,
            "steer": 0.0
        },
        {
            "throttle": 0.3627129122109989,
            "brake": 0.0,
            "steer": 0.0
        },
        {
            "throttle": 0.37026173817728036,
            "brake": 0.0,
            "steer": 0.0
        },
        {
            "throttle": 0.38188602555469153,
            "brake": 0.0,
            "steer": 0.0
        },
        {
            "throttle": 0.397353755247518,
            "brake": 0.0,
            "steer": 0.0
        },
        {
            "throttle": 0.4163561936091612,
            "brake": 0.0,
            "steer": 0.0
        },
        {
            "throttle": 0.43851405472091454,
            "brake": 0.0,
            "steer": 0.0
        },
        {
            "throttle": 0.4633850708838648,
            "brake": 0.0,
            "steer": 0.0
        },
        {
            "throttle": 0.49047282021800154,
            "brake": 0.0,
            "steer": 0.0
        },
        {
            "throttle": 0.519236635170933,
            "brake": 0.0,
            "steer": 0.0
        },
        {
            "throttle": 0.5491023941638111,
            "brake": 0.0,
            "steer": 0.0
        },
        {
            "throttle": 0.5794739809747788,
            "brake": 0.0,
            "steer": 0.0
        },
        {
            "throttle": 0.6097451831323045,
            "brake": 0.0,
            "steer": 0.0
        },
        {
            "throttle": 0.6393117918282,
            "brake": 0.0,
            "steer": 0.0
        },
        {
            "throttle": 0.6675836618378099,
            "brake": 0.0,
            "steer": 0.0
        },
        {
            "throttle": 0.6939964907331165,
            "brake": 0.0,
            "steer": 0.0
        },
        {
            "throttle": 0.7180230822773703,
            "brake": 0.0,
            "steer": 0.0
        },
        {
            "throttle": 0.7391838691855263,
            "brake": 0.0,
            "steer": 0.0
        },
        {
            "throttle": 0.7570564852177097,
            "brake": 0.0,
            "steer": 0.0
        },
        {
            "throttle": 0.771284195548116,
            "brake": 0.0,
            "steer": 0.0
        },
        {
            "throttle": 0.7815830171404013,
            "brake": 0.0,
            "steer": 0.0
        },
        {
            "throttle": 0.7877473870079055,
            "brake": 0.0,
            "steer": 0.0
        },
        {
            "throttle": 0.7896542652210533,
            "brake": 0.0,
            "steer": 0.0
        },
        {
            "throttle": 0.7872655907665017,
            "brake": 0.0,
            "steer": 0.0
        },
        {
            "throttle": 0.7806290412394409,
            "brake": 0.0,
            "steer": 0.0
        },
        {
            "throttle": 0.769877081205699,
            "brake": 0.0,
            "steer": 0.0
        },
        {
            "throttle": 0.7552243182282083,
            "brake": 0.0,
            "steer": 0.0
        }
    ],
    "parameters": {
        "cloudiness": 85.59273951996683,
        "fog_density": 19.692545355849056,
        "initial_distance": 63.44544891292527,
        "initial_ego_velocity": 17.604449490445973,
        "initial_lead_velocity": 22.45453241049695,
        "lead_base_throttle": 0.5744446522213239,
        "lead_behavior_frequency": 0.22504049327962172,
        "lead_brake_duration": 15.883679200245755,
        "lead_brake_intensity": 0.26394161799294347,
        "lead_brake_probability": 0.03133946101388544,
        "lead_throttle_variation": 0.3598934966568207,
        "precipitation": 21.117719718282203,
        "precipitation_deposits": 74.00443485188372,
        "sun_altitude_angle": 61.758320860223535,
        "wind_intensity": 19.170636794176044
    },
    "config": {
        "num_timesteps": 200,
        "dt": 0.1,
        "seed": 53
    }
}