{
    "weather": {
        "cloudiness": 83.02577095328468,
        "precipitation": 34.95168720680811,
        "precipitation_deposits": 44.052131657803386,
        "wind_intensity": 46.16891259188673,
        "sun_altitude_angle": -13.167160772402788,
        "fog_density": 10.56338974157633,
        "fog_distance": 703.2006618699369,
        "wetness": 17.475843603404055
    },
    "initial_conditions": {
        "ego": {
            "position": {
                "x": 534.2146784680455,
                "y": 20.57,
                "z": 0.294
            },
            "yaw": 0.0,
            "velocity": 19.328725555615982
        },
        "lead": {
            "position": {
                "x": 484.88,
                "y": 20.57,
                "z": 0.294
            },
            "yaw": 0.0,
            "velocity": 10.036683929498107
        }
    },
    "ego": {
        "position": {
            "x": 534.2146784680455,
            "y": 20.57,
            "z": 0.294
        },
        "yaw": 0.0,
        "velocity": 19.328725555615982
    },
    "lead": {
        "position": {
            "x": 484.88,
            "y": 20.57,
            "z": 0.294
        },
        "yaw": 0.0,
        "velocity": 10.036683929498107
    },
    "ado_actions": [
        {
            "throttle": 0.47692521794151443,
            "brake": 0.0,
            "steer": 0.0
        },
        {
            "throttle": 0.4784917000759208,
            "brake": 0.0,
            "steer": 0.0
        },
        {
            "throttle": 0.48143518857990214,
            "brake": 0.0,
            "steer": 0.0
        },
        {
            "throttle": 0.4855530156552585,
            "brake": 0.0,
            "steer": 0.0
        },
        {
            "throttle": 0.49063200214017866,
            "brake": 0.0,
            "steer": 0.0
        },
        {
            "throttle": 0.4964515151057074,
            "brake": 0.0,
            "steer": 0.0
        },
        {
            "throttle": 0.5027868226384229,
            "brake": 0.0,
            "steer": 0.0
        },
        {
            "throttle": 0.5094126614074063,
            "brake": 0.0,
            "steer": 0.0
        },
        {
            "throttle": 0.5161069295642627,
            "brake": 0.0,
            "steer": 0.0
        },
        {
            "throttle": 0.522654416167298,
            "brake": 0.0,
            "steer": 0.0
        },
        {
            "throttle": 0.5288504786975101,
            "brake": 0.0,
            "steer": 0.0
        },
        {
            "throttle": 0.5345045823496251,
            "brake": 0.0,
            "steer": 0.0
        },
        {
            "throttle": 0.5394436186030702,
            "brake": 0.0,
            "steer": 0.0
        },
        {
            "throttle": 0.5435149260357315,
            "brake": 0.0,
            "steer": 0.0
        },
        {
            "throttle": 0.5465889433324509,
            "brake": 0.0,
            "steer": 0.0
        },
        {
            "throttle": 0.5485614328223507,
            "brake": 0.0,
            "steer": 0.0
        },
        {
            "throttle": 0.5493552224860487,
            "brake": 0.0,
            "steer": 0.0
        },
        {
            "throttle": 0.5489214250110866,
            "brake": 0.0,
            "steer": 0.0
        },
        {
            "throttle": 0.5472401039245617,
            "brake": 0.0,
            "steer": 0.0
        },
        {
            "throttle": 0.5443203688615494,
            "brake": 0.0,
            "steer": 0.0
        },
        {
            "throttle": 0.540199894389244,
            "brake": 0.0,
            "steer": 0.0
        },
        {
            "throttle": 0.5349438692451949,
            "brake": 0.0,
            "steer": 0.0
        },
        {
            "throttle": 0.5286433951069194,
            "brake": 0.0,
            "steer": 0.0
        },
        {
            "throttle": 0.5214133658361816,
            "brake": 0.0,
            "steer": 0.0
        },
        {
            "throttle": 0.5133898692897664,
            "brake": 0.0,
            "steer": 0.0
        },
        {
            "throttle": 0.5047271640289,
            "brake": 0.0,
            "steer": 0.0
        },
        {
            "throttle": 0.4955942923795973,
            "brake": 0.0,
            "steer": 0.0
        },
        {
            "throttle": 0.48617139910737317,
            "brake": 0.0,
            "steer": 0.0
        },
        {
            "throttle": 0.47664583131037447,
            "brake": 0.0,
            "steer": 0.0
        },
        {
            "throttle": 0.4672080998740814,
            "brake": 0.0,
            "steer": 0.0
        },
        {
            "throttle": 0.4580477858707154,
            "brake": 0.0,
            "steer": 0.0
        },
        {
            "throttle": 0.4493494765651914,
            "brake": 0.0,
            "steer": 0.0
        },
        {
            "throttle": 0.44128881518147056,
            "brake": 0.0,
            "steer": 0.0
        },
        {
            "throttle": 0.43402874630038996,
            "brake": 0.0,
            "steer": 0.0
        },
        {
            "throttle": 0.4277160347514426,
            "brake": 0.0,
            "steer": 0.0
        },
        {
            "throttle": 0.422478130211559,
            "brake": 0.0,
            "steer": 0.0
        },
        {
            "throttle": 0.4184204425530126,
            "brake": 0.0,
            "steer": 0.0
        },
        {
            "throttle": 0.41562408444122534,
            "brake": 0.0,
            "steer": 0.0
        },
        {
            "throttle": 0.4141441279512207,
            "brake": 0.0,
            "steer": 0.0
        },
        {
            "throttle": 0.41400841125336807,
            "brake": 0.0,
            "steer": 0.0
        },
        {
            "throttle": 0.4152169199400975,
            "brake": 0.0,
            "steer": 0.0
        },
        {
            "throttle": 0.41774175556652643,
            "brake": 0.0,
            "steer": 0.0
        },
        {
            "throttle": 0.42152769171136356,
            "brake": 0.0,
            "steer": 0.0
        },
        {
            "throttle": 0.4264933055875415,
            "brake": 0.0,
            "steer": 0.0
        },
        {
            "throttle": 0.4325326612024382,
            "brake": 0.0,
            "steer": 0.0
        },
        {
            "throttle": 0.43951750853773813,
            "brake": 0.0,
            "steer": 0.0
        },
        {
            "throttle": 0.4472999524308858,
            "brake": 0.0,
            "steer": 0.0
        },
        {
            "throttle": 0.45571553502006695,
            "brake": 0.0,
            "steer": 0.0
        },
        {
            "throttle": 0.46458666696876016,
            "brake": 0.0,
            "steer": 0.0
        },
        {
            "throttle": 0.47372633539555536,
            "brake": 0.0,
            "steer": 0.0
        },
        {
            "throttle": 0.48294201065311443,
            "brake": 0.0,
            "steer": 0.0
        },
        {
            "throttle": 0.4920396699482157,
            "brake": 0.0,
            "steer": 0.0
        },
        {
            "throttle": 0.5008278533599472,
            "brake": 0.0,
            "steer": 0.0
        },
        {
            "throttle": 0.5091216671464749,
            "brake": 0.0,
            "steer": 0.0
        },
        {
            "throttle": 0.5167466503465217,
            "brake": 0.0,
            "steer": 0.0
        },
        {
            "throttle": 0.5235424235564825,
            "brake": 0.0,
            "steer": 0.0
        },
        {
            "throttle": 0.5293660433378525,
            "brake": 0.0,
            "steer": 0.0
        },
        {
            "throttle": 0.5340949918865914,
            "brake": 0.0,
            "steer": 0.0
        },
        {
            "throttle": 0.5376297392468483,
            "brake": 0.0,
            "steer": 0.0
        },
        {
            "throttle": 0.5398958243158672,
            "brake": 0.0,
            "steer": 0.0
        },
        {
            "throttle": 0.5408454109770967,
            "brake": 0.0,
            "steer": 0.0
        },
        {
            "throttle": 0.5404582867031581,
            "brake": 0.0,
            "steer": 0.0
        },
        {
            "throttle": 0.5387422826588188,
            "brake": 0.0,
            "steer": 0.0
        },
        {
            "throttle": 0.5357331064615845,
            "brake": 0.0,
            "steer": 0.0
        },
        {
            "throttle": 0.5314935910698626,
            "brake": 0.0,
            "steer": 0.0
        },
        {
            "throttle": 0.5261123755078905,
            "brake": 0.0,
            "steer": 0.0
        },
        {
            "throttle": 0.5197020450462997,
            "brake": 0.0,
            "steer": 0.0
        },
        {
            "throttle": 0.5123967697877784,
            "brake": 0.0,
            "steer": 0.0
        },
        {
            "throttle": 0.5043494911213575,
            "brake": 0.0,
            "steer": 0.0
        },
        {
            "throttle": 0.4957287149860963,
            "brake": 0.0,
            "steer": 0.0
        },
        {
            "throttle": 0.48671497912678396,
            "brake": 0.0,
            "steer": 0.0
        },
        {
            "throttle": 0.4774970683580187,
            "brake": 0.0,
            "steer": 0.0
        },
        {
            "throttle": 0.46826805713547914,
            "brake": 0.0,
            "steer": 0.0
        },
        {
            "throttle": 0.45922126235369015,
            "brake": 0.0,
            "steer": 0.0
        },
        {
            "throttle": 0.45054619117224404,
            "brake": 0.0,
            "steer": 0.0
        },
        {
            "throttle": 0.44242456877783465,
            "brake": 0.0,
            "steer": 0.0
        },
        {
            "throttle": 0.4350265293154008,
            "brake": 0.0,
            "steer": 0.0
        },
        {
            "throttle": 0.42850704980324666,
            "brake": 0.0,
            "steer": 0.0
        },
        {
            "throttle": 0.42300270175586524,
            "brake": 0.0,
            "steer": 0.0
        },
        {
            "throttle": 0.4186287885810307,
            "brake": 0.0,
            "steer": 0.0
        },
        {
            "throttle": 0.4154769287340691,
            "brake": 0.0,
            "steer": 0.0
        },
        {
            "throttle": 0.41361313527147414,
            "brake": 0.0,
            "steer": 0.0
        },
        {
            "throttle": 0.4130764320439566,
            "brake": 0.0,
            "steer": 0.0
        },
        {
            "throttle": 0.4138780355236026,
            "brake": 0.0,
            "steer": 0.0
        },
        {
            "throttle": 0.4160011194067294,
            "brake": 0.0,
            "steer": 0.0
        },
        {
            "throttle": 0.4194011669216714,
            "brake": 0.0,
            "steer": 0.0
        },
        {
            "throttle": 0.42400690345503245,
            "brake": 0.0,
            "steer": 0.0
        },
        {
            "throttle": 0.429721789949,
            "brake": 0.0,
            "steer": 0.0
        },
        {
            "throttle": 0.4364260457709791,
            "brake": 0.0,
            "steer": 0.0
        },
        {
            "throttle": 0.4439791586613404,
            "brake": 0.0,
            "steer": 0.0
        },
        {
            "throttle": 0.4522228291580094,
            "brake": 0.0,
            "steer": 0.0
        },
        {
            "throttle": 0.46098428779185197,
            "brake": 0.0,
            "steer": 0.0
        },
        {
            "throttle": 0.4700799155351466,
            "brake": 0.0,
            "steer": 0.0
        },
        {
            "throttle": 0.4793190916305749,
            "brake": 0.0,
            "steer": 0.0
        },
        {
            "throttle": 0.4885081881632888,
            "brake": 0.0,
            "steer": 0.0
        },
        {
            "throttle": 0.4974546276635794,
            "brake": 0.0,
            "steer": 0.0
        },
        {
            "throttle": 0.5059709187069215,
            "brake": 0.0,
            "steer": 0.0
        },
        {
            "throttle": 0.5138785849393783,
            "brake": 0.0,
            "steer": 0.0
        },
        {
            "throttle": 0.5210119051898623,
            "brake": 0.0,
            "steer": 0.0
        },
        {
            "throttle": 0.5272213862897486,
            "brake": 0.0,
            "steer": 0.0
        },
        {
            "throttle": 0.5323768958218709,
            "brake": 0.0,
            "steer": 0.0
        },
        {
            "throttle": 0.5363703891476043,
            "brake": 0.0,
            "steer": 0.0
        },
        {
            "throttle": 0.5391181735632071,
            "brake": 0.0,
            "steer": 0.0
        },
        {
            "throttle": 0.5405626621366848,
            "brake": 0.0,
            "steer": 0.0
        },
        {
            "throttle": 0.5406735804708609,
            "brake": 0.0,
            "steer": 0.0
        },
        {
            "throttle": 0.5394486011029956,
            "brake": 0.0,
            "steer": 0.0
        },
        {
            "throttle": 0.5369133922459154,
            "brake": 0.0,
            "steer": 0.0
        },
        {
            "throttle": 0.5331210798488482,
            "brake": 0.0,
            "steer": 0.0
        },
        {
            "throttle": 0.5281511342508025,
            "brake": 0.0,
            "steer": 0.0
        },
        {
            "throttle": 0.5221077047577272,
            "brake": 0.0,
            "steer": 0.0
        },
        {
            "throttle": 0.5151174370441551,
            "brake": 0.0,
            "steer": 0.0
        },
        {
            "throttle": 0.5073268191181066,
            "brake": 0.0,
            "steer": 0.0
        },
        {
            "throttle": 0.49889911146758553,
            "brake": 0.0,
            "steer": 0.0
        },
        {
            "throttle": 0.4900109257210096,
            "brake": 0.0,
            "steer": 0.0
        },
        {
            "throttle": 0.4808485235197568,
            "brake": 0.0,
            "steer": 0.0
        },
        {
            "throttle": 0.4716039131643225,
            "brake": 0.0,
            "steer": 0.0
        },
        {
            "throttle": 0.4624708258335043,
            "brake": 0.0,
            "steer": 0.0
        },
        {
            "throttle": 0.4536406556997372,
            "brake": 0.0,
            "steer": 0.0
        },
        {
            "throttle": 0.4452984490203163,
            "brake": 0.0,
            "steer": 0.0
        },
        {
            "throttle": 0.4376190262579066,
            "brake": 0.0,
            "steer": 0.0
        },
        {
            "throttle": 0.43076331849595845,
            "brake": 0.0,
            "steer": 0.0
        },
        {
            "throttle": 0.42487499492384356,
            "brake": 0.0,
            "steer": 0.0
        },
        {
            "throttle": 0.420077452066814,
            "brake": 0.0,
            "steer": 0.0
        },
        {
            "throttle": 0.41647122785508733,
            "brake": 0.0,
            "steer": 0.0
        },
        {
            "throttle": 0.4141318947233447,
            "brake": 0.0,
            "steer": 0.0
        },
        {
            "throttle": 0.41310847589326627,
            "brake": 0.0,
            "steer": 0.0
        },
        {
            "throttle": 0.41342241802779045,
            "brake": 0.0,
            "steer": 0.0
        },
        {
            "throttle": 0.4150671417863422,
            "brake": 0.0,
            "steer": 0.0
        },
        {
            "throttle": 0.41800817969965204,
            "brake": 0.0,
            "steer": 0.0
        },
        {
            "throttle": 0.42218389847479587,
            "brake": 0.0,
            "steer": 0.0
        },
        {
            "throttle": 0.4275067905936338,
            "brake": 0.0,
            "steer": 0.0
        },
        {
            "throttle": 0.43386530813759205,
            "brake": 0.0,
            "steer": 0.0
        },
        {
            "throttle": 0.4411262004087176,
            "brake": 0.0,
            "steer": 0.0
        },
        {
            "throttle": 0.4491373063592681,
            "brake": 0.0,
            "steer": 0.0
        },
        {
            "throttle": 0.4577307433110353,
            "brake": 0.0,
            "steer": 0.0
        },
        {
            "throttle": 0.46672642514086343,
            "brake": 0.0,
            "steer": 0.0
        },
        {
            "throttle": 0.47593583620445873,
            "brake": 0.0,
            "steer": 0.0
        },
        {
            "throttle": 0.48516598191128013,
            "brake": 0.0,
            "steer": 0.0
        },
        {
            "throttle": 0.49422343316136197,
            "brake": 0.0,
            "steer": 0.0
        },
        {
            "throttle": 0.5029183798879292,
            "brake": 0.0,
            "steer": 0.0
        },
        {
            "throttle": 0.5110686087588451,
            "brake": 0.0,
            "steer": 0.0
        },
        {
            "throttle": 0.5185033216792745,
            "brake": 0.0,
            "steer": 0.0
        },
        {
            "throttle": 0.5250667150741564,
            "brake": 0.0,
            "steer": 0.0
        },
        {
            "throttle": 0.5306212449422277,
            "brake": 0.0,
            "steer": 0.0
        },
        {
            "throttle": 0.5350505092583872,
            "brake": 0.0,
            "steer": 0.0
        },
        {
            "throttle": 0.5382616873201195,
            "brake": 0.0,
            "steer": 0.0
        },
        {
            "throttle": 0.5401874849184841,
            "brake": 0.0,
            "steer": 0.0
        },
        {
            "throttle": 0.5407875445702216,
            "brake": 0.0,
            "steer": 0.0
        },
        {
            "throttle": 0.5400492912578321,
            "brake": 0.0,
            "steer": 0.0
        },
        {
            "throttle": 0.5379881959541027,
            "brake": 0.0,
            "steer": 0.0
        },
        {
            "throttle": 0.5346474514086013,
            "brake": 0.0,
            "steer": 0.0
        },
        {
            "throttle": 0.5300970669904218,
            "brake": 0.0,
            "steer": 0.0
        },
        {
            "throttle": 0.5244324015558598,
            "brake": 0.0,
            "steer": 0.0
        },
        {
            "throttle": 0.5177721650865662,
            "brake": 0.0,
            "steer": 0.0
        },
        {
            "throttle": 0.5102559309762997,
            "brake": 0.0,
            "steer": 0.0
        },
        {
            "throttle": 0.50204121109935,
            "brake": 0.0,
            "steer": 0.0
        },
        {
            "throttle": 0.4933001549561539,
            "brake": 0.0,
            "steer": 0.0
        },
        {
            "throttle": 0.48421594206954965,
            "brake": 0.0,
            "steer": 0.0
        },
        {
            "throttle": 0.4749789432334184,
            "brake": 0.0,
            "steer": 0.0
        },
        {
            "throttle": 0.46578273105945,
            "brake": 0.0,
            "steer": 0.0
        },
        {
            "throttle": 0.45682002342590844,
            "brake": 0.0,
            "steer": 0.0
        },
        {
            "throttle": 0.4482786448383937,
            "brake": 0.0,
            "steer": 0.0
        },
        {
            "throttle": 0.4403375903372311,
            "brake": 0.0,
            "steer": 0.0
        },
        {
            "throttle": 0.43316327443712627,
            "brake": 0.0,
            "steer": 0.0
        },
        {
            "throttle": 0.42690604370714885,
            "brake": 0.0,
            "steer": 0.0
        },
        {
            "throttle": 0.42169702607420073,
            "brake": 0.0,
            "steer": 0.0
        },
        {
            "throttle": 0.4176453828766722,
            "brake": 0.0,
            "steer": 0.0
        },
        {
            "throttle": 0.41483602125486596,
            "brake": 0.0,
            "steer": 0.0
        },
        {
            "throttle": 0.41332781481784836,
            "brake": 0.0,
            "steer": 0.0
        },
        {
            "throttle": 0.4131523698748325,
            "brake": 0.0,
            "steer": 0.0
        },
        {
            "throttle": 0.4143133630862251,
            "brake": 0.0,
            "steer": 0.0
        },
        {
            "throttle": 0.41678646441466916,
            "brake": 0.0,
            "steer": 0.0
        },
        {
            "throttle": 0.4205198469907388,
            "brake": 0.0,
            "steer": 0.0
        },
        {
            "throttle": 0.42543527320842445,
            "brake": 0.0,
            "steer": 0.0
        },
        {
            "throttle": 0.431429734289948,
            "brake": 0.0,
            "steer": 0.0
        },
        {
            "throttle": 0.43837760896081895,
            "brake": 0.0,
            "steer": 0.0
        },
        {
            "throttle": 0.44613329599745216,
            "brake": 0.0,
            "steer": 0.0
        },
        {
            "throttle": 0.45453426547908754,
            "brake": 0.0,
            "steer": 0.0
        },
        {
            "throttle": 0.4634044648012916,
            "brake": 0.0,
            "steer": 0.0
        },
        {
            "throttle": 0.4725580080738564,
            "brake": 0.0,
            "steer": 0.0
        },
        {
            "throttle": 0.4818030715872447,
            "brake": 0.0,
            "steer": 0.0
        },
        {
            "throttle": 0.4909459137133124,
            "brake": 0.0,
            "steer": 0.0
        },
        {
            "throttle": 0.49979493499836475,
            "brake": 0.0,
            "steer": 0.0
        },
        {
            "throttle": 0.5081646933643249,
            "brake": 0.0,
            "steer": 0.0
        },
        {
            "throttle": 0.45734822402789244,
            "brake": 0.06693359745096328,
            "steer": 0.0
        },
        {
            "throttle": 0.4116134016251032,
            "brake": 0.12717383515683023,
            "steer": 0.0
        },
        {
            "throttle": 0.37045206146259285,
            "brake": 0.18139004909211048,
            "steer": 0.0
        },
        {
            "throttle": 0.3334068553163336,
            "brake": 0.2301846416338627,
            "steer": 0.0
        },
        {
            "throttle": 0.30006616978470024,
            "brake": 0.2740997749214397,
            "steer": 0.0
        },
        {
            "throttle": 0.27005955280623023,
            "brake": 0.31362339488025903,
            "steer": 0.0
        },
        {
            "throttle": 0.2430535975256072,
            "brake": 0.3491946528431964,
            "steer": 0.0
        },
        {
            "throttle": 0.2187482377730465,
            "brake": 0.38120878500984007,
            "steer": 0.0
        },
        {
            "throttle": 0.19687341399574185,
            "brake": 0.41002150395981934,
            "steer": 0.0
        },
        {
            "throttle": 0.17718607259616767,
            "brake": 0.4359529510148007,
            "steer": 0.0
        },
        {
            "throttle": 0.1594674653365509,
            "brake": 0.4592912533642839,
            "steer": 0.0
        },
        {
            "throttle": 0.14352071880289582,
            "brake": 0.48029572547881877,
            "steer": 0.0
        },
        {
            "throttle": 0.12916864692260624,
            "brake": 0.4991997503819002,
            "steer": 0.0
        },
        {
            "throttle": 0.11625178223034562,
            "brake": 0.5162133727946734,
            "steer": 0.0
        },
        {
            "throttle": 0.10462660400731105,
            "brake": 0.5315256329661693,
            "steer": 0.0
        },
        {
            "throttle": 0.09416394360657995,
            "brake": 0.5453066671205156,
            "steer": 0.0
        }
    ],
    "parameters": {
        "cloudiness": 83.02577095328468,
        "fog_density": 10.56338974157633,
        "initial_distance": 49.334678468045425,
        "initial_ego_velocity": 19.328725555615982,
        "initial_lead_velocity": 10.036683929498107,
        "lead_base_throttle": 0.47692521794151443,
        "lead_behavior_frequency": 0.23059856459292755,
        "lead_brake_duration": 26.83116879020065,
        "lead_brake_intensity": 0.6693359745096328,
        "lead_brake_probability": 0.06330999100765063,
        "lead_throttle_variation": 0.10849495934730005,
        "precipitation": 34.95168720680811,
        "precipitation_deposits": 44.052131657803386,
        "sun_altitude_angle": -13.167160772402788,
        "wind_intensity": 46.16891259188673
    },
    "config": {
        "num_timesteps": 200,
        "dt": 0.1,
        "seed": 62
    }
}