{
    "weather": {
        "cloudiness": 49.30808452571392,
        "precipitation": 90.0233097786383,
        "precipitation_deposits": 44.64524109604291,
        "wind_intensity": 36.37911331487756,
        "sun_altitude_angle": 80.40255600526542,
        "fog_density": 79.71877411051969,
        "fog_distance": 70.13786524579709,
        "wetness": 45.01165488931915
    },
    "initial_conditions": {
        "ego": {
            "position": {
                "x": 527.3129896294731,
                "y": 20.57,
                "z": 0.294
            },
            "yaw": 0.0,
            "velocity": 12.352282552322478
        },
        "lead": {
            "position": {
                "x": 484.88,
                "y": 20.57,
                "z": 0.294
            },
            "yaw": 0.0,
            "velocity": 23.38866092415712
        }
    },
    "ego": {
        "position": {
            "x": 527.3129896294731,
            "y": 20.57,
            "z": 0.294
        },
        "yaw": 0.0,
        "velocity": 12.352282552322478
    },
    "lead": {
        "position": {
            "x": 484.88,
            "y": 20.57,
            "z": 0.294
        },
        "yaw": 0.0,
        "velocity": 23.38866092415712
    },
    "ado_actions": [
        {
            "throttle": 0.4364632037852655,
            "brake": 0.0,
            "steer": 0.0
        },
        {
            "throttle": 0.43960892162868065,
            "brake": 0.0,
            "steer": 0.0
        },
        {
            "throttle": 0.44549856896354983,
            "brake": 0.0,
            "steer": 0.0
        },
        {
            "throttle": 0.4536857378275344,
            "brake": 0.0,
            "steer": 0.0
        },
        {
            "throttle": 0.4636886318094297,
            "brake": 0.0,
            "steer": 0.0
        },
        {
            "throttle": 0.47500059294453534,
            "brake": 0.0,
            "steer": 0.0
        },
        {
            "throttle": 0.4871016010233761,
            "brake": 0.0,
            "steer": 0.0
        },
        {
            "throttle": 0.4994703981783477,
            "brake": 0.0,
            "steer": 0.0
        },
        {
            "throttle": 0.5115968771078717,
            "brake": 0.0,
            "steer": 0.0
        },
        {
            "throttle": 0.5229943665361939,
            "brake": 0.0,
            "steer": 0.0
        },
        {
            "throttle": 0.533211452649384,
            "brake": 0.0,
            "steer": 0.0
        },
        {
            "throttle": 0.5418429901772843,
            "brake": 0.0,
            "steer": 0.0
        },
        {
            "throttle": 0.5485399811161357,
            "brake": 0.0,
            "steer": 0.0
        },
        {
            "throttle": 0.5530180321535848,
            "brake": 0.0,
            "steer": 0.0
        },
        {
            "throttle": 0.5550641427685424,
            "brake": 0.0,
            "steer": 0.0
        },
        {
            "throttle": 0.5545416236153417,
            "brake": 0.0,
            "steer": 0.0
        },
        {
            "throttle": 0.5513929978591491,
            "brake": 0.0,
            "steer": 0.0
        },
        {
            "throttle": 0.49625369807323416,
            "brake": 0.048974998290079265,
            "steer": 0.0
        },
        {
            "throttle": 0.44662832826591076,
            "brake": 0.0930524967511506,
            "steer": 0.0
        },
        {
            "throttle": 0.4019654954393197,
            "brake": 0.1327222453661148,
            "steer": 0.0
        },
        {
            "throttle": 0.3617689458953877,
            "brake": 0.16842501911958258,
            "steer": 0.0
        },
        {
            "throttle": 0.32559205130584895,
            "brake": 0.2005575154977036,
            "steer": 0.0
        },
        {
            "throttle": 0.29303284617526404,
            "brake": 0.2294767622380125,
            "steer": 0.0
        },
        {
            "throttle": 0.26372956155773764,
            "brake": 0.2555040843042905,
            "steer": 0.0
        },
        {
            "throttle": 0.2666448226784439,
            "brake": 0.22995367587386145,
            "steer": 0.0
        },
        {
            "throttle": 0.2674134808943195,
            "brake": 0.20695830828647532,
            "steer": 0.0
        },
        {
            "throttle": 0.2666997148477824,
            "brake": 0.18626247745782779,
            "steer": 0.0
        },
        {
            "throttle": 0.26514025511306155,
            "brake": 0.167636229712045,
            "steer": 0.0
        },
        {
            "throttle": 0.2633335854299076,
            "brake": 0.15087260674084052,
            "steer": 0.0
        },
        {
            "throttle": 0.26182951885945027,
            "brake": 0.13578534606675646,
            "steer": 0.0
        },
        {
            "throttle": 0.2611195064173932,
            "brake": 0.12220681146008082,
            "steer": 0.0
        },
        {
            "throttle": 0.26162800857654156,
            "brake": 0.10998613031407274,
            "steer": 0.0
        },
        {
            "throttle": 0.2637052243926774,
            "brake": 0.09898751728266547,
            "steer": 0.0
        },
        {
            "throttle": 0.26762142981455195,
            "brake": 0.08908876555439893,
            "steer": 0.0
        },
        {
            "throttle": 0.27356312712612824,
            "brake": 0.08017988899895905,
            "steer": 0.0
        },
        {
            "throttle": 0.281631152757175,
            "brake": 0.07216190009906315,
            "steer": 0.0
        },
        {
            "throttle": 0.29184083235384345,
            "brake": 0.06494571008915684,
            "steer": 0.0
        },
        {
            "throttle": 0.3041242115965956,
            "brake": 0.05845113908024115,
            "steer": 0.0
        },
        {
            "throttle": 0.31833433042306547,
            "brake": 0.05260602517221704,
            "steer": 0.0
        },
        {
            "throttle": 0.33425144870822043,
            "brake": 0.047345422654995334,
            "steer": 0.0
        },
        {
            "throttle": 0.35159107469335227,
            "brake": 0.0426108803894958,
            "steer": 0.0
        },
        {
            "throttle": 0.370013595083178,
            "brake": 0.038349792350546225,
            "steer": 0.0
        },
        {
            "throttle": 0.38913525917215636,
            "brake": 0.0345148131154916,
            "steer": 0.0
        },
        {
            "throttle": 0.408540229883977,
            "brake": 0.03106333180394244,
            "steer": 0.0
        },
        {
            "throttle": 0.4277933832850653,
            "brake": 0.027956998623548196,
            "steer": 0.0
        },
        {
            "throttle": 0.4464535158129559,
            "brake": 0.025161298761193378,
            "steer": 0.0
        },
        {
            "throttle": 0.4640866057449303,
            "brake": 0.022645168885074042,
            "steer": 0.0
        },
        {
            "throttle": 0.48027877265824875,
            "brake": 0.020380651996566638,
            "steer": 0.0
        },
        {
            "throttle": 0.4946485858634335,
            "brake": 0.018342586796909973,
            "steer": 0.0
        },
        {
            "throttle": 0.5068583898132187,
            "brake": 0.016508328117218977,
            "steer": 0.0
        },
        {
            "throttle": 0.5166243408186157,
            "brake": 0.014857495305497079,
            "steer": 0.0
        },
        {
            "throttle": 0.5237248842997894,
            "brake": 0.013371745774947371,
            "steer": 0.0
        },
        {
            "throttle": 0.5280074442863207,
            "brake": 0.012034571197452635,
            "steer": 0.0
        },
        {
            "throttle": 0.5293931457726417,
            "brake": 0.010831114077707371,
            "steer": 0.0
        },
        {
            "throttle": 0.5278794444669344,
            "brake": 0.009748002669936634,
            "steer": 0.0
        },
        {
            "throttle": 0.5235405959435389,
            "brake": 0.008773202402942971,
            "steer": 0.0
        },
        {
            "throttle": 0.5165259556203982,
            "brake": 0.007895882162648674,
            "steer": 0.0
        },
        {
            "throttle": 0.5070561606816016,
            "brake": 0.007106293946383807,
            "steer": 0.0
        },
        {
            "throttle": 0.49541730339059403,
            "brake": 0.006395664551745426,
            "steer": 0.0
        },
        {
            "throttle": 0.4819532605705371,
            "brake": 0.0057560980965708835,
            "steer": 0.0
        },
        {
            "throttle": 0.46705639482661243,
            "brake": 0.005180488286913795,
            "steer": 0.0
        },
        {
            "throttle": 0.45115688793871195,
            "brake": 0.004662439458222416,
            "steer": 0.0
        },
        {
            "throttle": 0.4347110045151858,
            "brake": 0.004196195512400174,
            "steer": 0.0
        },
        {
            "throttle": 0.41818861342197355,
            "brake": 0.003776575961160157,
            "steer": 0.0
        },
        {
            "throttle": 0.40206031486814947,
            "brake": 0.0033989183650441415,
            "steer": 0.0
        },
        {
            "throttle": 0.38678453177162736,
            "brake": 0.0030590265285397275,
            "steer": 0.0
        },
        {
            "throttle": 0.372794924847531,
            "brake": 0.002753123875685755,
            "steer": 0.0
        },
        {
            "throttle": 0.3355154323627779,
            "brake": 0.05145280977819645,
            "steer": 0.0
        },
        {
            "throttle": 0.30196388912650013,
            "brake": 0.09528252709045607,
            "steer": 0.0
        },
        {
            "throttle": 0.2717675002138501,
            "brake": 0.13472927267148974,
            "steer": 0.0
        },
        {
            "throttle": 0.2445907501924651,
            "brake": 0.17023134369442003,
            "steer": 0.0
        },
        {
            "throttle": 0.22013167517321858,
            "brake": 0.2021832076150573,
            "steer": 0.0
        },
        {
            "throttle": 0.19811850765589673,
            "brake": 0.2309398851436308,
            "steer": 0.0
        },
        {
            "throttle": 0.17830665689030706,
            "brake": 0.256820894919347,
            "steer": 0.0
        },
        {
            "throttle": 0.19979347244217643,
            "brake": 0.2311388054274123,
            "steer": 0.0
        },
        {
            "throttle": 0.22225422899359376,
            "brake": 0.2080249248846711,
            "steer": 0.0
        },
        {
            "throttle": 0.24562497539003117,
            "brake": 0.18722243239620398,
            "steer": 0.0
        },
        {
            "throttle": 0.26976065213094347,
            "brake": 0.16850018915658357,
            "steer": 0.0
        },
        {
            "throttle": 0.29444470105864995,
            "brake": 0.15165017024092523,
            "steer": 0.0
        },
        {
            "throttle": 0.3194000985981774,
            "brake": 0.13648515321683272,
            "steer": 0.0
        },
        {
            "throttle": 0.34430156252451877,
            "brake": 0.12283663789514945,
            "steer": 0.0
        },
        {
            "throttle": 0.368788644109297,
            "brake": 0.11055297410563451,
            "steer": 0.0
        },
        {
            "throttle": 0.3924793879221863,
            "brake": 0.09949767669507106,
            "steer": 0.0
        },
        {
            "throttle": 0.4149842212977841,
            "brake": 0.08954790902556396,
            "steer": 0.0
        },
        {
            "throttle": 0.4359197250375033,
            "brake": 0.08059311812300757,
            "steer": 0.0
        },
        {
            "throttle": 0.45492193654268553,
            "brake": 0.07253380631070681,
            "steer": 0.0
        },
        {
            "throttle": 0.47165884623914633,
            "brake": 0.06528042567963613,
            "steer": 0.0
        },
        {
            "throttle": 0.48584176755014297,
            "brake": 0.05875238311167252,
            "steer": 0.0
        },
        {
            "throttle": 0.497235289233529,
            "brake": 0.05287714480050527,
            "steer": 0.0
        },
        {
            "throttle": 0.5056655557981242,
            "brake": 0.04758943032045474,
            "steer": 0.0
        },
        {
            "throttle": 0.5110266659043057,
            "brake": 0.04283048728840927,
            "steer": 0.0
        },
        {
            "throttle": 0.5132850288852744,
            "brake": 0.038547438559568346,
            "steer": 0.0
        },
        {
            "throttle": 0.5124815743840316,
            "brake": 0.03469269470361151,
            "steer": 0.0
        },
        {
            "throttle": 0.5087317680463456,
            "brake": 0.031223425233250363,
            "steer": 0.0
        },
        {
            "throttle": 0.5022234456178061,
            "brake": 0.028101082709925326,
            "steer": 0.0
        },
        {
            "throttle": 0.49321253700056056,
            "brake": 0.025290974438932794,
            "steer": 0.0
        },
        {
            "throttle": 0.4820168091767385,
            "brake": 0.022761876995039516,
            "steer": 0.0
        },
        {
            "throttle": 0.43381512825906465,
            "brake": 0.06946068758561483,
            "steer": 0.0
        },
        {
            "throttle": 0.3904336154331582,
            "brake": 0.11148961711713262,
            "steer": 0.0
        },
        {
            "throttle": 0.35139025388984235,
            "brake": 0.14931565369549862,
            "steer": 0.0
        },
        {
            "throttle": 0.31625122850085813,
            "brake": 0.183359086616028,
            "steer": 0.0
        },
        {
            "throttle": 0.28462610565077234,
            "brake": 0.21399817624450448,
            "steer": 0.0
        },
        {
            "throttle": 0.25616349508569514,
            "brake": 0.2415733569101333,
            "steer": 0.0
        },
        {
            "throttle": 0.23054714557712563,
            "brake": 0.26639101950919924,
            "steer": 0.0
        },
        {
            "throttle": 0.23221306939764574,
            "brake": 0.23975191755827932,
            "steer": 0.0
        },
        {
            "throttle": 0.2341581168202939,
            "brake": 0.21577672580245139,
            "steer": 0.0
        },
        {
            "throttle": 0.23686674159201665,
            "brake": 0.19419905322220626,
            "steer": 0.0
        },
        {
            "throttle": 0.2407483887899251,
            "brake": 0.17477914789998564,
            "steer": 0.0
        },
        {
            "throttle": 0.2461315265674248,
            "brake": 0.1573012331099871,
            "steer": 0.0
        },
        {
            "throttle": 0.22151837391068233,
            "brake": 0.19054610808906763,
            "steer": 0.0
        },
        {
            "throttle": 0.19936653651961408,
            "brake": 0.22046649557024015,
            "steer": 0.0
        },
        {
            "throttle": 0.17942988286765268,
            "brake": 0.2473948443032954,
            "steer": 0.0
        },
        {
            "throttle": 0.1614868945808874,
            "brake": 0.27163035816304515,
            "steer": 0.0
        },
        {
            "throttle": 0.14533820512279869,
            "brake": 0.2934423206368199,
            "steer": 0.0
        },
        {
            "throttle": 0.13080438461051883,
            "brake": 0.3130730868632172,
            "steer": 0.0
        },
        {
            "throttle": 0.11772394614946695,
            "brake": 0.3307407764669748,
            "steer": 0.0
        },
        {
            "throttle": 0.1584857451858359,
            "brake": 0.29766669882027735,
            "steer": 0.0
        },
        {
            "throttle": 0.19782674467149636,
            "brake": 0.2679000289382496,
            "steer": 0.0
        },
        {
            "throttle": 0.2355689822021877,
            "brake": 0.24111002604442464,
            "steer": 0.0
        },
        {
            "throttle": 0.2714875432246229,
            "brake": 0.21699902343998217,
            "steer": 0.0
        },
        {
            "throttle": 0.30532592476332726,
            "brake": 0.19529912109598396,
            "steer": 0.0
        },
        {
            "throttle": 0.3368113621658801,
            "brake": 0.17576920898638557,
            "steer": 0.0
        },
        {
            "throttle": 0.365669785203648,
            "brake": 0.15819228808774702,
            "steer": 0.0
        },
        {
            "throttle": 0.3916400710135411,
            "brake": 0.1423730592789723,
            "steer": 0.0
        },
        {
            "throttle": 0.4144872726466726,
            "brake": 0.12813575335107508,
            "steer": 0.0
        },
        {
            "throttle": 0.434014522998039,
            "brake": 0.11532217801596757,
            "steer": 0.0
        },
        {
            "throttle": 0.45007334396283316,
            "brake": 0.10378996021437081,
            "steer": 0.0
        },
        {
            "throttle": 0.46257212889209015,
            "brake": 0.09341096419293374,
            "steer": 0.0
        },
        {
            "throttle": 0.47148261167662164,
            "brake": 0.08406986777364037,
            "steer": 0.0
        },
        {
            "throttle": 0.47684418675899554,
            "brake": 0.07566288099627633,
            "steer": 0.0
        },
        {
            "throttle": 0.47876599959155897,
            "brake": 0.0680965928966487,
            "steer": 0.0
        },
        {
            "throttle": 0.4774267849447362,
            "brake": 0.061286933606983826,
            "steer": 0.0
        },
        {
            "throttle": 0.4730724893754649,
            "brake": 0.05515824024628545,
            "steer": 0.0
        },
        {
            "throttle": 0.46601177241819147,
            "brake": 0.0496424162216569,
            "steer": 0.0
        },
        {
            "throttle": 0.4566095370098832,
            "brake": 0.044678174599491215,
            "steer": 0.0
        },
        {
            "throttle": 0.44527869172298873,
            "brake": 0.040210357139542095,
            "steer": 0.0
        },
        {
            "throttle": 0.4324703940840902,
            "brake": 0.03618932142558789,
            "steer": 0.0
        },
        {
            "throttle": 0.4186630642804694,
            "brake": 0.0325703892830291,
            "steer": 0.0
        },
        {
            "throttle": 0.40435049076906493,
            "brake": 0.029313350354726188,
            "steer": 0.0
        },
        {
            "throttle": 0.3900293727883351,
            "brake": 0.02638201531925357,
            "steer": 0.0
        },
        {
            "throttle": 0.376186658863414,
            "brake": 0.023743813787328212,
            "steer": 0.0
        },
        {
            "throttle": 0.3632870446810932,
            "brake": 0.02136943240859539,
            "steer": 0.0
        },
        {
            "throttle": 0.3517609880595132,
            "brake": 0.01923248916773585,
            "steer": 0.0
        },
        {
            "throttle": 0.341993583291014,
            "brake": 0.01730924025096227,
            "steer": 0.0
        },
        {
            "throttle": 0.3343146123112862,
            "brake": 0.015578316225866041,
            "steer": 0.0
        },
        {
            "throttle": 0.32899005662099884,
            "brake": 0.014020484603279437,
            "steer": 0.0
        },
        {
            "throttle": 0.32621531257700154,
            "brake": 0.012618436142951493,
            "steer": 0.0
        },
        {
            "throttle": 0.3261103047153477,
            "brake": 0.011356592528656343,
            "steer": 0.0
        },
        {
            "throttle": 0.32871663848923716,
            "brake": 0.01022093327579071,
            "steer": 0.0
        },
        {
            "throttle": 0.3339968766714394,
            "brake": 0.009198839948211638,
            "steer": 0.0
        },
        {
            "throttle": 0.3418359642603393,
            "brake": 0.008278955953390475,
            "steer": 0.0
        },
        {
            "throttle": 0.35204476668272666,
            "brake": 0.007451060358051428,
            "steer": 0.0
        },
        {
            "throttle": 0.3643656270643314,
            "brake": 0.006705954322246285,
            "steer": 0.0
        },
        {
            "throttle": 0.37847979197252224,
            "brake": 0.006035358890021657,
            "steer": 0.0
        },
        {
            "throttle": 0.394016502883035,
            "brake": 0.0054318230010194915,
            "steer": 0.0
        },
        {
            "throttle": 0.4105635041261605,
            "brake": 0.004888640700917542,
            "steer": 0.0
        },
        {
            "throttle": 0.4276786785131559,
            "brake": 0.0043997766308257885,
            "steer": 0.0
        },
        {
            "throttle": 0.44490249032428447,
            "brake": 0.00395979896774321,
            "steer": 0.0
        },
        {
            "throttle": 0.4617708927269087,
            "brake": 0.003563819070968889,
            "steer": 0.0
        },
        {
            "throttle": 0.4778283436098735,
            "brake": 0.0032074371638720002,
            "steer": 0.0
        },
        {
            "throttle": 0.49264057062945105,
            "brake": 0.0028866934474848,
            "steer": 0.0
        },
        {
            "throttle": 0.5058067330487839,
            "brake": 0.0025980241027363203,
            "steer": 0.0
        },
        {
            "throttle": 0.5169706445270509,
            "brake": 0.0023382216924626885,
            "steer": 0.0
        },
        {
            "throttle": 0.5258307469152914,
            "brake": 0.0021043995232164197,
            "steer": 0.0
        },
        {
            "throttle": 0.5321485596233493,
            "brake": 0.0018939595708947778,
            "steer": 0.0
        },
        {
            "throttle": 0.5357553712786507,
            "brake": 0.0017045636138053,
            "steer": 0.0
        },
        {
            "throttle": 0.5365569890324969,
            "brake": 0.0015341072524247702,
            "steer": 0.0
        },
        {
            "throttle": 0.5345364146337036,
            "brake": 0.001380696527182293,
            "steer": 0.0
        },
        {
            "throttle": 0.5297543737911455,
            "brake": 0.0012426268744640638,
            "steer": 0.0
        },
        {
            "throttle": 0.5223476847936773,
            "brake": 0.0011183641870176574,
            "steer": 0.0
        },
        {
            "throttle": 0.5125255121990194,
            "brake": 0.0010065277683158917,
            "steer": 0.0
        },
        {
            "throttle": 0.5005636099826181,
            "brake": 0.0009058749914843025,
            "steer": 0.0
        },
        {
            "throttle": 0.4867967142284274,
            "brake": 0.0008152874923358723,
            "steer": 0.0
        },
        {
            "throttle": 0.4716092967013708,
            "brake": 0.000733758743102285,
            "steer": 0.0
        },
        {
            "throttle": 0.45542493604426326,
            "brake": 0.0006603828687920566,
            "steer": 0.0
        },
        {
            "throttle": 0.4386946016309058,
            "brake": 0.0005943445819128509,
            "steer": 0.0
        },
        {
            "throttle": 0.4218841752199122,
            "brake": 0.0005349101237215659,
            "steer": 0.0
        },
        {
            "throttle": 0.4054615566553098,
            "brake": 0.00048141911134940926,
            "steer": 0.0
        },
        {
            "throttle": 0.3898837113646841,
            "brake": 0.00043327720021446836,
            "steer": 0.0
        },
        {
            "throttle": 0.3755840189943296,
            "brake": 0.0003899494801930215,
            "steer": 0.0
        },
        {
            "throttle": 0.3629602741491966,
            "brake": 0.00035095453217371937,
            "steer": 0.0
        },
        {
            "throttle": 0.3523636721052485,
            "brake": 0.00031585907895634747,
            "steer": 0.0
        },
        {
            "throttle": 0.3440890850347769,
            "brake": 0.0002842731710607127,
            "steer": 0.0
        },
        {
            "throttle": 0.33836689848871554,
            "brake": 0.00025584585395464147,
            "steer": 0.0
        },
        {
            "throttle": 0.33535663460633985,
            "brake": 0.00023026126855917733,
            "steer": 0.0
        },
        {
            "throttle": 0.33514253897156526,
            "brake": 0.00020723514170325962,
            "steer": 0.0
        },
        {
            "throttle": 0.337731253580031,
            "brake": 0.00018651162753293365,
            "steer": 0.0
        },
        {
            "throttle": 0.3430516405319558,
            "brake": 0.0001678604647796403,
            "steer": 0.0
        },
        {
            "throttle": 0.3509567614261376,
            "brake": 0.00015107441830167627,
            "steer": 0.0
        },
        {
            "throttle": 0.3612279576538843,
            "brake": 0.00013596697647150864,
            "steer": 0.0
        },
        {
            "throttle": 0.3735809185353374,
            "brake": 0.0001223702788243578,
            "steer": 0.0
        },
        {
            "throttle": 0.38767356911968454,
            "brake": 0.00011013325094192201,
            "steer": 0.0
        },
        {
            "throttle": 0.403115559013332,
            "brake": 9.91199258477298e-05,
            "steer": 0.0
        },
        {
            "throttle": 0.419479089205103,
            "brake": 8.920793326295683e-05,
            "steer": 0.0
        },
        {
            "throttle": 0.43631077675575686,
            "brake": 8.028713993666115e-05,
            "steer": 0.0
        },
        {
            "throttle": 0.3926796990801812,
            "brake": 0.04904725671602226,
            "steer": 0.0
        },
        {
            "throttle": 0.35341172917216307,
            "brake": 0.0931175293344993,
            "steer": 0.0
        },
        {
            "throttle": 0.3180705562549468,
            "brake": 0.13278077469112864,
            "steer": 0.0
        },
        {
            "throttle": 0.2862635006294521,
            "brake": 0.16847769551209504,
            "steer": 0.0
        },
        {
            "throttle": 0.2576371505665069,
            "brake": 0.2006049242509648,
            "steer": 0.0
        }
    ],
    "parameters": {
        "cloudiness": 49.30808452571392,
        "fog_density": 79.71877411051969,
        "initial_distance": 42.432989629473084,
        "initial_ego_velocity": 12.352282552322478,
        "initial_lead_velocity": 23.38866092415712,
        "lead_base_throttle": 0.4364632037852655,
        "lead_behavior_frequency": 0.26531556789070276,
        "lead_brake_duration": 7.723404521448519,
        "lead_brake_intensity": 0.48974998290079264,
        "lead_brake_probability": 0.2178862167735771,
        "lead_throttle_variation": 0.18957912831316165,
        "precipitation": 90.0233097786383,
        "precipitation_deposits": 44.64524109604291,
        "sun_altitude_angle": 80.40255600526542,
        "wind_intensity": 36.37911331487756
    },
    "config": {
        "num_timesteps": 200,
        "dt": 0.1,
        "seed": 63
    }
}