{
    "weather": {
        "cloudiness": 62.770531853751024,
        "precipitation": 50.720867462779104,
        "precipitation_deposits": 56.862175821124424,
        "wind_intensity": 5.135898944234901,
        "sun_altitude_angle": 42.42164246778101,
        "fog_density": 20.009341991671317,
        "fog_distance": 513.2572659746522,
        "wetness": 25.360433731389552
    },
    "initial_conditions": {
        "ego": {
            "position": {
                "x": 539.2621471005169,
                "y": 20.57,
                "z": 0.294
            },
            "yaw": 0.0,
            "velocity": 7.059175308259462
        },
        "lead": {
            "position": {
                "x": 484.88,
                "y": 20.57,
                "z": 0.294
            },
            "yaw": 0.0,
            "velocity": 6.277568108566694
        }
    },
    "ego": {
        "position": {
            "x": 539.2621471005169,
            "y": 20.57,
            "z": 0.294
        },
        "yaw": 0.0,
        "velocity": 7.059175308259462
    },
    "lead": {
        "position": {
            "x": 484.88,
            "y": 20.57,
            "z": 0.294
        },
        "yaw": 0.0,
        "velocity": 6.277568108566694
    },
    "ado_actions": [
        {
            "throttle": 0.2875021338835363,
            "brake": 0.0,
            "steer": 0.0
        },
        {
            "throttle": 0.2889243569125854,
            "brake": 0.0,
            "steer": 0.0
        },
        {
            "throttle": 0.2916120178933757,
            "brake": 0.0,
            "steer": 0.0
        },
        {
            "throttle": 0.29540959659665394,
            "brake": 0.0,
            "steer": 0.0
        },
        {
            "throttle": 0.3001630078590173,
            "brake": 0.0,
            "steer": 0.0
        },
        {
            "throttle": 0.30571989932873456,
            "brake": 0.0,
            "steer": 0.0
        },
        {
            "throttle": 0.31193005946861013,
            "brake": 0.0,
            "steer": 0.0
        },
        {
            "throttle": 0.3186459188381608,
            "brake": 0.0,
            "steer": 0.0
        },
        {
            "throttle": 0.3257231280022474,
            "brake": 0.0,
            "steer": 0.0
        },
        {
            "throttle": 0.3330211957806923,
            "brake": 0.0,
            "steer": 0.0
        },
        {
            "throttle": 0.34040417197235473,
            "brake": 0.0,
            "steer": 0.0
        },
        {
            "throttle": 0.347741359164865,
            "brake": 0.0,
            "steer": 0.0
        },
        {
            "throttle": 0.3549080387832027,
            "brake": 0.0,
            "steer": 0.0
        },
        {
            "throttle": 0.3617861971403383,
            "brake": 0.0,
            "steer": 0.0
        },
        {
            "throttle": 0.3682652379333763,
            "brake": 0.0,
            "steer": 0.0
        },
        {
            "throttle": 0.37424266837965336,
            "brake": 0.0,
            "steer": 0.0
        },
        {
            "throttle": 0.37962474700815263,
            "brake": 0.0,
            "steer": 0.0
        },
        {
            "throttle": 0.3843270820101232,
            "brake": 0.0,
            "steer": 0.0
        },
        {
            "throttle": 0.38827517000534906,
            "brake": 0.0,
            "steer": 0.0
        },
        {
            "throttle": 0.3914048660922991,
            "brake": 0.0,
            "steer": 0.0
        },
        {
            "throttle": 0.3936627771155162,
            "brake": 0.0,
            "steer": 0.0
        },
        {
            "throttle": 0.3950065711951745,
            "brake": 0.0,
            "steer": 0.0
        },
        {
            "throttle": 0.3954051977139849,
            "brake": 0.0,
            "steer": 0.0
        },
        {
            "throttle": 0.3948390131370393,
            "brake": 0.0,
            "steer": 0.0
        },
        {
            "throttle": 0.3932998092415868,
            "brake": 0.0,
            "steer": 0.0
        },
        {
            "throttle": 0.39079074154647253,
            "brake": 0.0,
            "steer": 0.0
        },
        {
            "throttle": 0.38732615694499056,
            "brake": 0.0,
            "steer": 0.0
        },
        {
            "throttle": 0.3829313207499129,
            "brake": 0.0,
            "steer": 0.0
        },
        {
            "throttle": 0.3776420445450381,
            "brake": 0.0,
            "steer": 0.0
        },
        {
            "throttle": 0.37150421739334566,
            "brake": 0.0,
            "steer": 0.0
        },
        {
            "throttle": 0.36457324406746755,
            "brake": 0.0,
            "steer": 0.0
        },
        {
            "throttle": 0.35691339503367414,
            "brake": 0.0,
            "steer": 0.0
        },
        {
            "throttle": 0.3485970739262678,
            "brake": 0.0,
            "steer": 0.0
        },
        {
            "throttle": 0.33970400918602056,
            "brake": 0.0,
            "steer": 0.0
        },
        {
            "throttle": 0.3303203773955131,
            "brake": 0.0,
            "steer": 0.0
        },
        {
            "throttle": 0.3205378666180487,
            "brake": 0.0,
            "steer": 0.0
        },
        {
            "throttle": 0.3104526887281347,
            "brake": 0.0,
            "steer": 0.0
        },
        {
            "throttle": 0.30016455030411315,
            "brake": 0.0,
            "steer": 0.0
        },
        {
            "throttle": 0.2897755921320812,
            "brake": 0.0,
            "steer": 0.0
        },
        {
            "throttle": 0.27938930774048126,
            "brake": 0.0,
            "steer": 0.0
        },
        {
            "throttle": 0.26910945164340605,
            "brake": 0.0,
            "steer": 0.0
        },
        {
            "throttle": 0.2590389481155961,
            "brake": 0.0,
            "steer": 0.0
        },
        {
            "throttle": 0.2492788113522641,
            "brake": 0.0,
            "steer": 0.0
        },
        {
            "throttle": 0.2399270877823469,
            "brake": 0.0,
            "steer": 0.0
        },
        {
            "throttle": 0.23107783110578214,
            "brake": 0.0,
            "steer": 0.0
        },
        {
            "throttle": 0.22282012031628534,
            "brake": 0.0,
            "steer": 0.0
        },
        {
            "throttle": 0.21523713055431123,
            "brake": 0.0,
            "steer": 0.0
        },
        {
            "throttle": 0.20840526611495433,
            "brake": 0.0,
            "steer": 0.0
        },
        {
            "throttle": 0.20239336431803062,
            "brake": 0.0,
            "steer": 0.0
        },
        {
            "throttle": 0.19726197823902036,
            "brake": 0.0,
            "steer": 0.0
        },
        {
            "throttle": 0.193062745507386,
            "brake": 0.0,
            "steer": 0.0
        },
        {
            "throttle": 0.18983784951128843,
            "brake": 0.0,
            "steer": 0.0
        },
        {
            "throttle": 0.18761957841394872,
            "brake": 0.0,
            "steer": 0.0
        },
        {
            "throttle": 0.18642998639653646,
            "brake": 0.0,
            "steer": 0.0
        },
        {
            "throttle": 0.18628066050577818,
            "brake": 0.0,
            "steer": 0.0
        },
        {
            "throttle": 0.18717259541219425,
            "brake": 0.0,
            "steer": 0.0
        },
        {
            "throttle": 0.18909617728807251,
            "brake": 0.0,
            "steer": 0.0
        },
        {
            "throttle": 0.19203127690429064,
            "brake": 0.0,
            "steer": 0.0
        },
        {
            "throttle": 0.19594745093335603,
            "brake": 0.0,
            "steer": 0.0
        },
        {
            "throttle": 0.2008042493439975,
            "brake": 0.0,
            "steer": 0.0
        },
        {
            "throttle": 0.20655162569166757,
            "brake": 0.0,
            "steer": 0.0
        },
        {
            "throttle": 0.21313044606052722,
            "brake": 0.0,
            "steer": 0.0
        },
        {
            "throttle": 0.22047309140667481,
            "brake": 0.0,
            "steer": 0.0
        },
        {
            "throttle": 0.2285041470999019,
            "brake": 0.0,
            "steer": 0.0
        },
        {
            "throttle": 0.23714117257189762,
            "brake": 0.0,
            "steer": 0.0
        },
        {
            "throttle": 0.24629554316173463,
            "brake": 0.0,
            "steer": 0.0
        },
        {
            "throttle": 0.255873355513048,
            "brake": 0.0,
            "steer": 0.0
        },
        {
            "throttle": 0.26577638722914165,
            "brake": 0.0,
            "steer": 0.0
        },
        {
            "throttle": 0.2759031009389842,
            "brake": 0.0,
            "steer": 0.0
        },
        {
            "throttle": 0.2861496824743846,
            "brake": 0.0,
            "steer": 0.0
        },
        {
            "throttle": 0.29641110251122216,
            "brake": 0.0,
            "steer": 0.0
        },
        {
            "throttle": 0.30658219078902077,
            "brake": 0.0,
            "steer": 0.0
        },
        {
            "throttle": 0.31655871189587453,
            "brake": 0.0,
            "steer": 0.0
        },
        {
            "throttle": 0.3262384315910596,
            "brake": 0.0,
            "steer": 0.0
        },
        {
            "throttle": 0.33552216273577845,
            "brake": 0.0,
            "steer": 0.0
        },
        {
            "throttle": 0.34431478011238537,
            "brake": 0.0,
            "steer": 0.0
        },
        {
            "throttle": 0.35252619373199645,
            "brake": 0.0,
            "steer": 0.0
        },
        {
            "throttle": 0.36007227065633307,
            "brake": 0.0,
            "steer": 0.0
        },
        {
            "throttle": 0.32406504359069976,
            "brake": 0.07788156071557178,
            "steer": 0.0
        },
        {
            "throttle": 0.2916585392316298,
            "brake": 0.14797496535958637,
            "steer": 0.0
        },
        {
            "throttle": 0.26249268530846687,
            "brake": 0.21105902953919953,
            "steer": 0.0
        },
        {
            "throttle": 0.23624341677762017,
            "brake": 0.26783468730085136,
            "steer": 0.0
        },
        {
            "throttle": 0.21261907509985817,
            "brake": 0.318932779286338,
            "steer": 0.0
        },
        {
            "throttle": 0.19135716758987237,
            "brake": 0.364921062073276,
            "steer": 0.0
        },
        {
            "throttle": 0.21217816302817905,
            "brake": 0.32842895586594845,
            "steer": 0.0
        },
        {
            "throttle": 0.2299994039077037,
            "brake": 0.29558606027935364,
            "steer": 0.0
        },
        {
            "throttle": 0.2450155136347665,
            "brake": 0.26602745425141827,
            "steer": 0.0
        },
        {
            "throttle": 0.25741212829956905,
            "brake": 0.23942470882627645,
            "steer": 0.0
        },
        {
            "throttle": 0.2673677668958808,
            "brake": 0.21548223794364882,
            "steer": 0.0
        },
        {
            "throttle": 0.2750553973128211,
            "brake": 0.19393401414928393,
            "steer": 0.0
        },
        {
            "throttle": 0.2806437197741525,
            "brake": 0.17454061273435553,
            "steer": 0.0
        },
        {
            "throttle": 0.28429818852265193,
            "brake": 0.15708655146092,
            "steer": 0.0
        },
        {
            "throttle": 0.2861817918334226,
            "brake": 0.141377896314828,
            "steer": 0.0
        },
        {
            "throttle": 0.28645560986005436,
            "brake": 0.1272401066833452,
            "steer": 0.0
        },
        {
            "throttle": 0.28527916934332576,
            "brake": 0.11451609601501068,
            "steer": 0.0
        },
        {
            "throttle": 0.28281061381798484,
            "brake": 0.10306448641350961,
            "steer": 0.0
        },
        {
            "throttle": 0.27920670761558586,
            "brake": 0.09275803777215866,
            "steer": 0.0
        },
        {
            "throttle": 0.2746226916591159,
            "brake": 0.0834822339949428,
            "steer": 0.0
        },
        {
            "throttle": 0.26921200875904233,
            "brake": 0.07513401059544852,
            "steer": 0.0
        },
        {
            "throttle": 0.2631259158333418,
            "brake": 0.06762060953590368,
            "steer": 0.0
        },
        {
            "throttle": 0.25651300017093076,
            "brake": 0.060858548582313314,
            "steer": 0.0
        },
        {
            "throttle": 0.2495186165255848,
            "brake": 0.054772693724081986,
            "steer": 0.0
        },
        {
            "throttle": 0.24228426145469464,
            "brake": 0.04929542435167379,
            "steer": 0.0
        },
        {
            "throttle": 0.2349469008947366,
            "brake": 0.044365881916506415,
            "steer": 0.0
        },
        {
            "throttle": 0.22763826648561836,
            "brake": 0.03992929372485578,
            "steer": 0.0
        },
        {
            "throttle": 0.22048413561336513,
            "brake": 0.0359363643523702,
            "steer": 0.0
        },
        {
            "throttle": 0.21360360953090457,
            "brake": 0.032342727917133184,
            "steer": 0.0
        },
        {
            "throttle": 0.20710840323760854,
            "brake": 0.029108455125419867,
            "steer": 0.0
        },
        {
            "throttle": 0.2011021600489453,
            "brake": 0.02619760961287788,
            "steer": 0.0
        },
        {
            "throttle": 0.19567980296877058,
            "brake": 0.023577848651590093,
            "steer": 0.0
        },
        {
            "throttle": 0.19092693409053815,
            "brake": 0.021220063786431084,
            "steer": 0.0
        },
        {
            "throttle": 0.186919292303451,
            "brake": 0.019098057407787975,
            "steer": 0.0
        },
        {
            "throttle": 0.18372227856994194,
            "brake": 0.01718825166700918,
            "steer": 0.0
        },
        {
            "throttle": 0.18139055697761952,
            "brake": 0.015469426500308261,
            "steer": 0.0
        },
        {
            "throttle": 0.17996773865870266,
            "brake": 0.013922483850277436,
            "steer": 0.0
        },
        {
            "throttle": 0.1794861545206484,
            "brake": 0.012530235465249694,
            "steer": 0.0
        },
        {
            "throttle": 0.17996672155157845,
            "brake": 0.011277211918724725,
            "steer": 0.0
        },
        {
            "throttle": 0.18141890626230725,
            "brake": 0.010149490726852253,
            "steer": 0.0
        },
        {
            "throttle": 0.18384078761286415,
            "brake": 0.009134541654167027,
            "steer": 0.0
        },
        {
            "throttle": 0.18721922055538107,
            "brake": 0.008221087488750325,
            "steer": 0.0
        },
        {
            "throttle": 0.19153010011734073,
            "brake": 0.007398978739875293,
            "steer": 0.0
        },
        {
            "throttle": 0.19673872475984433,
            "brake": 0.006659080865887764,
            "steer": 0.0
        },
        {
            "throttle": 0.20280025658516454,
            "brake": 0.005993172779298988,
            "steer": 0.0
        },
        {
            "throttle": 0.20966027484668087,
            "brake": 0.005393855501369089,
            "steer": 0.0
        },
        {
            "throttle": 0.21725541814239385,
            "brake": 0.00485446995123218,
            "steer": 0.0
        },
        {
            "throttle": 0.22551410966026006,
            "brake": 0.004369022956108962,
            "steer": 0.0
        },
        {
            "throttle": 0.2343573588987913,
            "brake": 0.003932120660498066,
            "steer": 0.0
        },
        {
            "throttle": 0.24369963241834125,
            "brake": 0.003538908594448259,
            "steer": 0.0
        },
        {
            "throttle": 0.2534497853952076,
            "brake": 0.003185017735003433,
            "steer": 0.0
        },
        {
            "throttle": 0.26351204505927694,
            "brake": 0.00286651596150309,
            "steer": 0.0
        },
        {
            "throttle": 0.27378703650274755,
            "brake": 0.002579864365352781,
            "steer": 0.0
        },
        {
            "throttle": 0.2841728408578716,
            "brake": 0.002321877928817503,
            "steer": 0.0
        },
        {
            "throttle": 0.2945660754600504,
            "brake": 0.0020896901359357526,
            "steer": 0.0
        },
        {
            "throttle": 0.304862985342351,
            "brake": 0.0018807211223421773,
            "steer": 0.0
        },
        {
            "throttle": 0.3149605352508505,
            "brake": 0.0016926490101079597,
            "steer": 0.0
        },
        {
            "throttle": 0.3247574913283112,
            "brake": 0.0015233841090971638,
            "steer": 0.0
        },
        {
            "throttle": 0.3341554816865676,
            "brake": 0.0013710456981874475,
            "steer": 0.0
        },
        {
            "throttle": 0.3430600252745501,
            "brake": 0.0012339411283687027,
            "steer": 0.0
        },
        {
            "throttle": 0.35138151874684764,
            "brake": 0.0011105470155318325,
            "steer": 0.0
        },
        {
            "throttle": 0.35903617144376754,
            "brake": 0.0009994923139786493,
            "steer": 0.0
        },
        {
            "throttle": 0.3659468791035664,
            "brake": 0.0008995430825807844,
            "steer": 0.0
        },
        {
            "throttle": 0.3720440275354383,
            "brake": 0.000809588774322706,
            "steer": 0.0
        },
        {
            "throttle": 0.37726621818152056,
            "brake": 0.0007286298968904354,
            "steer": 0.0
        },
        {
            "throttle": 0.3815609082802439,
            "brake": 0.0006557669072013918,
            "steer": 0.0
        },
        {
            "throttle": 0.3848849592036252,
            "brake": 0.0005901902164812526,
            "steer": 0.0
        },
        {
            "throttle": 0.3872050874685938,
            "brake": 0.0005311711948331274,
            "steer": 0.0
        },
        {
            "throttle": 0.3884982139075324,
            "brake": 0.00047805407534981466,
            "steer": 0.0
        },
        {
            "throttle": 0.3887517075156768,
            "brake": 0.0004302486678148332,
            "steer": 0.0
        },
        {
            "throttle": 0.3879635215621733,
            "brake": 0.0003872238010333499,
            "steer": 0.0
        },
        {
            "throttle": 0.3861422206463895,
            "brake": 0.00034850142093001494,
            "steer": 0.0
        },
        {
            "throttle": 0.3833068984902,
            "brake": 0.00031365127883701345,
            "steer": 0.0
        },
        {
            "throttle": 0.3794869873689996,
            "brake": 0.0002822861509533121,
            "steer": 0.0
        },
        {
            "throttle": 0.37472196118765405,
            "brake": 0.0002540575358579809,
            "steer": 0.0
        },
        {
            "throttle": 0.36906093529112716,
            "brake": 0.0002286517822721828,
            "steer": 0.0
        },
        {
            "throttle": 0.36256216715196293,
            "brake": 0.00020578660404496453,
            "steer": 0.0
        },
        {
            "throttle": 0.35529246308732,
            "brake": 0.00018520794364046807,
            "steer": 0.0
        },
        {
            "throttle": 0.3473264971164608,
            "brake": 0.00016668714927642127,
            "steer": 0.0
        },
        {
            "throttle": 0.33874604896562865,
            "brake": 0.00015001843434877914,
            "steer": 0.0
        },
        {
            "throttle": 0.32963916905189083,
            "brake": 0.00013501659091390123,
            "steer": 0.0
        },
        {
            "throttle": 0.3200992790223034,
            "brake": 0.00012151493182251111,
            "steer": 0.0
        },
        {
            "throttle": 0.310224217082006,
            "brake": 0.00010936343864026,
            "steer": 0.0
        },
        {
            "throttle": 0.30011523790782285,
            "brake": 9.842709477623399e-05,
            "steer": 0.0
        },
        {
            "throttle": 0.2898759774068383,
            "brake": 8.85843852986106e-05,
            "steer": 0.0
        },
        {
            "throttle": 0.27961139293746967,
            "brake": 7.972594676874954e-05,
            "steer": 0.0
        },
        {
            "throttle": 0.26942668986008866,
            "brake": 7.175335209187459e-05,
            "steer": 0.0
        },
        {
            "throttle": 0.25942624542266834,
            "brake": 6.457801688268713e-05,
            "steer": 0.0
        },
        {
            "throttle": 0.2497125410128278,
            "brake": 5.812021519441842e-05,
            "steer": 0.0
        },
        {
            "throttle": 0.24038511372072124,
            "brake": 5.2308193674976584e-05,
            "steer": 0.0
        },
        {
            "throttle": 0.23153953795835755,
            "brake": 4.707737430747893e-05,
            "steer": 0.0
        },
        {
            "throttle": 0.22326644757215694,
            "brake": 4.236963687673104e-05,
            "steer": 0.0
        },
        {
            "throttle": 0.21565060847000872,
            "brake": 3.813267318905794e-05,
            "steer": 0.0
        },
        {
            "throttle": 0.20877005126602827,
            "brake": 3.4319405870152145e-05,
            "steer": 0.0
        },
        {
            "throttle": 0.20269527283092367,
            "brake": 3.0887465283136934e-05,
            "steer": 0.0
        },
        {
            "throttle": 0.19748851492965877,
            "brake": 2.779871875482324e-05,
            "steer": 0.0
        },
        {
            "throttle": 0.19320312733816802,
            "brake": 2.5018846879340916e-05,
            "steer": 0.0
        },
        {
            "throttle": 0.1898830219653195,
            "brake": 2.2516962191406824e-05,
            "steer": 0.0
        },
        {
            "throttle": 0.1875622235739923,
            "brake": 2.0265265972266143e-05,
            "steer": 0.0
        },
        {
            "throttle": 0.18626452170557603,
            "brake": 1.823873937503953e-05,
            "steer": 0.0
        },
        {
            "throttle": 0.18600322737553865,
            "brake": 1.641486543753558e-05,
            "steer": 0.0
        },
        {
            "throttle": 0.18678103703455676,
            "brake": 1.4773378893782022e-05,
            "steer": 0.0
        },
        {
            "throttle": 0.18859000519104369,
            "brake": 1.3296041004403819e-05,
            "steer": 0.0
        },
        {
            "throttle": 0.19141162597799088,
            "brake": 1.1966436903963437e-05,
            "steer": 0.0
        },
        {
            "throttle": 0.1952170228312502,
            "brake": 1.0769793213567093e-05,
            "steer": 0.0
        },
        {
            "throttle": 0.19996724433915092,
            "brake": 9.692813892210385e-06,
            "steer": 0.0
        },
        {
            "throttle": 0.20561366323600064,
            "brake": 8.723532502989346e-06,
            "steer": 0.0
        },
        {
            "throttle": 0.2120984744556939,
            "brake": 7.851179252690412e-06,
            "steer": 0.0
        },
        {
            "throttle": 0.21935528714716315,
            "brake": 7.066061327421371e-06,
            "steer": 0.0
        },
        {
            "throttle": 0.22730980459113614,
            "brake": 6.359455194679234e-06,
            "steer": 0.0
        },
        {
            "throttle": 0.2358805850574661,
            "brake": 5.72350967521131e-06,
            "steer": 0.0
        },
        {
            "throttle": 0.24497987581339126,
            "brake": 5.1511587076901795e-06,
            "steer": 0.0
        },
        {
            "throttle": 0.25451451174394324,
            "brake": 4.636042836921162e-06,
            "steer": 0.0
        },
        {
            "throttle": 0.2643868693840318,
            "brake": 4.172438553229046e-06,
            "steer": 0.0
        },
        {
            "throttle": 0.27449586659425823,
            "brake": 3.7551946979061412e-06,
            "steer": 0.0
        },
        {
            "throttle": 0.2847379976450626,
            "brake": 3.379675228115527e-06,
            "steer": 0.0
        },
        {
            "throttle": 0.2950083931111734,
            "brake": 3.0417077053039746e-06,
            "steer": 0.0
        },
        {
            "throttle": 0.30520189372422246,
            "brake": 2.7375369347735774e-06,
            "steer": 0.0
        },
        {
            "throttle": 0.31521412718840075,
            "brake": 2.46378324129622e-06,
            "steer": 0.0
        },
        {
            "throttle": 0.3249425769336403,
            "brake": 2.217404917166598e-06,
            "steer": 0.0
        },
        {
            "throttle": 0.3342876318633144,
            "brake": 1.9956644254499382e-06,
            "steer": 0.0
        },
        {
            "throttle": 0.3431536063480094,
            "brake": 1.7960979829049445e-06,
            "steer": 0.0
        }
    ],
    "parameters": {
        "fog_density": 20.009341991671317,
        "precipitation": 50.720867462779104,
        "precipitation_deposits": 56.862175821124424,
        "wind_intensity": 5.135898944234901,
        "sun_altitude_angle": 42.42164246778101,
        "cloudiness": 62.770531853751024,
        "lead_base_throttle": 0.28750213388353624,
        "lead_behavior_frequency": 0.16111790357743183,
        "lead_throttle_variation": 0.14072980260061038,
        "lead_brake_probability": 0.07460476005824761,
        "lead_brake_intensity": 0.7788156071557178,
        "lead_brake_duration": 6.744664149654474,
        "initial_distance": 54.38214710051688,
        "initial_ego_velocity": 7.059175308259462,
        "initial_lead_velocity": 6.277568108566694
    },
    "config": {
        "num_timesteps": 200,
        "dt": 0.1,
        "seed": 50
    }
}