{
    "weather": {
        "cloudiness": 58.137388813487526,
        "precipitation": 85.36997823246604,
        "precipitation_deposits": 99.22909156414677,
        "wind_intensity": 10.477868621472236,
        "sun_altitude_angle": 46.09455653343905,
        "fog_density": 57.05115698292211,
        "fog_distance": 149.31378724832626,
        "wetness": 42.68498911623302
    },
    "initial_conditions": {
        "ego": {
            "position": {
                "x": 529.0153775535929,
                "y": 20.57,
                "z": 0.294
            },
            "yaw": 0.0,
            "velocity": 10.450270075708964
        },
        "lead": {
            "position": {
                "x": 484.88,
                "y": 20.57,
                "z": 0.294
            },
            "yaw": 0.0,
            "velocity": 6.130543258782019
        }
    },
    "ego": {
        "position": {
            "x": 529.0153775535929,
            "y": 20.57,
            "z": 0.294
        },
        "yaw": 0.0,
        "velocity": 10.450270075708964
    },
    "lead": {
        "position": {
            "x": 484.88,
            "y": 20.57,
            "z": 0.294
        },
        "yaw": 0.0,
        "velocity": 6.130543258782019
    },
    "ado_actions": [
        {
            "throttle": 0.3716727665930079,
            "brake": 0.0,
            "steer": 0.0
        },
        {
            "throttle": 0.3722530324805008,
            "brake": 0.0,
            "steer": 0.0
        },
        {
            "throttle": 0.3733520947127722,
            "brake": 0.0,
            "steer": 0.0
        },
        {
            "throttle": 0.3749112081758628,
            "brake": 0.0,
            "steer": 0.0
        },
        {
            "throttle": 0.37687412047738056,
            "brake": 0.0,
            "steer": 0.0
        },
        {
            "throttle": 0.37918688347556806,
            "brake": 0.0,
            "steer": 0.0
        },
        {
            "throttle": 0.38179770336024266,
            "brake": 0.0,
            "steer": 0.0
        },
        {
            "throttle": 0.38465682495274567,
            "brake": 0.0,
            "steer": 0.0
        },
        {
            "throttle": 0.38771644621124357,
            "brake": 0.0,
            "steer": 0.0
        },
        {
            "throttle": 0.3909306592185173,
            "brake": 0.0,
            "steer": 0.0
        },
        {
            "throttle": 0.3942554141952588,
            "brake": 0.0,
            "steer": 0.0
        },
        {
            "throttle": 0.39764850332598656,
            "brake": 0.0,
            "steer": 0.0
        },
        {
            "throttle": 0.4010695614097765,
            "brake": 0.0,
            "steer": 0.0
        },
        {
            "throttle": 0.4044800805565538,
            "brake": 0.0,
            "steer": 0.0
        },
        {
            "throttle": 0.40784343634389203,
            "brake": 0.0,
            "steer": 0.0
        },
        {
            "throttle": 0.41112492303105125,
            "brake": 0.0,
            "steer": 0.0
        },
        {
            "throttle": 0.41429179559805507,
            "brake": 0.0,
            "steer": 0.0
        },
        {
            "throttle": 0.41731331653943393,
            "brake": 0.0,
            "steer": 0.0
        },
        {
            "throttle": 0.42016080549614804,
            "brake": 0.0,
            "steer": 0.0
        },
        {
            "throttle": 0.4228076899562439,
            "brake": 0.0,
            "steer": 0.0
        },
        {
            "throttle": 0.4252295553959555,
            "brake": 0.0,
            "steer": 0.0
        },
        {
            "throttle": 0.4274041933690262,
            "brake": 0.0,
            "steer": 0.0
        },
        {
            "throttle": 0.42931164618367323,
            "brake": 0.0,
            "steer": 0.0
        },
        {
            "throttle": 0.43093424693438886,
            "brake": 0.0,
            "steer": 0.0
        },
        {
            "throttle": 0.4322566537801044,
            "brake": 0.0,
            "steer": 0.0
        },
        {
            "throttle": 0.43326587748147816,
            "brake": 0.0,
            "steer": 0.0
        },
        {
            "throttle": 0.4339513013284492,
            "brake": 0.0,
            "steer": 0.0
        },
        {
            "throttle": 0.43430469270489813,
            "brake": 0.0,
            "steer": 0.0
        },
        {
            "throttle": 0.4343202056503671,
            "brake": 0.0,
            "steer": 0.0
        },
        {
            "throttle": 0.4339943738893543,
            "brake": 0.0,
            "steer": 0.0
        },
        {
            "throttle": 0.43332609390668464,
            "brake": 0.0,
            "steer": 0.0
        },
        {
            "throttle": 0.43231659775280645,
            "brake": 0.0,
            "steer": 0.0
        },
        {
            "throttle": 0.4309694153654561,
            "brake": 0.0,
            "steer": 0.0
        },
        {
            "throttle": 0.42929032629382874,
            "brake": 0.0,
            "steer": 0.0
        },
        {
            "throttle": 0.427287300808015,
            "brake": 0.0,
            "steer": 0.0
        },
        {
            "throttle": 0.424970430469812,
            "brake": 0.0,
            "steer": 0.0
        },
        {
            "throttle": 0.4223518483308784,
            "brake": 0.0,
            "steer": 0.0
        },
        {
            "throttle": 0.4194456390103495,
            "brake": 0.0,
            "steer": 0.0
        },
        {
            "throttle": 0.41626773898620995,
            "brake": 0.0,
            "steer": 0.0
        },
        {
            "throttle": 0.4128358275127189,
            "brake": 0.0,
            "steer": 0.0
        },
        {
            "throttle": 0.40916920864972817,
            "brake": 0.0,
            "steer": 0.0
        },
        {
            "throttle": 0.40528868495861353,
            "brake": 0.0,
            "steer": 0.0
        },
        {
            "throttle": 0.40121642348350706,
            "brake": 0.0,
            "steer": 0.0
        },
        {
            "throttle": 0.39697581469536675,
            "brake": 0.0,
            "steer": 0.0
        },
        {
            "throttle": 0.39259132512993866,
            "brake": 0.0,
            "steer": 0.0
        },
        {
            "throttle": 0.3880883444986726,
            "brake": 0.0,
            "steer": 0.0
        },
        {
            "throttle": 0.3834930280939754,
            "brake": 0.0,
            "steer": 0.0
        },
        {
            "throttle": 0.37883213534668564,
            "brake": 0.0,
            "steer": 0.0
        },
        {
            "throttle": 0.37413286542419943,
            "brake": 0.0,
            "steer": 0.0
        },
        {
            "throttle": 0.36942269078218765,
            "brake": 0.0,
            "steer": 0.0
        },
        {
            "throttle": 0.3647291896012358,
            "brake": 0.0,
            "steer": 0.0
        },
        {
            "throttle": 0.36007987805198377,
            "brake": 0.0,
            "steer": 0.0
        },
        {
            "throttle": 0.35550204333842345,
            "brake": 0.0,
            "steer": 0.0
        },
        {
            "throttle": 0.35102257846895357,
            "brake": 0.0,
            "steer": 0.0
        },
        {
            "throttle": 0.34666781969864235,
            "brake": 0.0,
            "steer": 0.0
        },
        {
            "throttle": 0.34246338757399036,
            "brake": 0.0,
            "steer": 0.0
        },
        {
            "throttle": 0.33843403249343423,
            "brake": 0.0,
            "steer": 0.0
        },
        {
            "throttle": 0.3045906292440908,
            "brake": 0.019232251265183256,
            "steer": 0.0
        },
        {
            "throttle": 0.2741315663196817,
            "brake": 0.03654127740384819,
            "steer": 0.0
        },
        {
            "throttle": 0.24671840968771355,
            "brake": 0.05211940092864663,
            "steer": 0.0
        },
        {
            "throttle": 0.2220465687189422,
            "brake": 0.06613971210096523,
            "steer": 0.0
        },
        {
            "throttle": 0.199841911847048,
            "brake": 0.07875799215605196,
            "steer": 0.0
        },
        {
            "throttle": 0.1798577206623432,
            "brake": 0.09011444420563003,
            "steer": 0.0
        },
        {
            "throttle": 0.1618719485961089,
            "brake": 0.10033525105025029,
            "steer": 0.0
        },
        {
            "throttle": 0.145684753736498,
            "brake": 0.10953397721040851,
            "steer": 0.0
        },
        {
            "throttle": 0.16107205401015284,
            "brake": 0.09858057948936766,
            "steer": 0.0
        },
        {
            "throttle": 0.1751111190040724,
            "brake": 0.0887225215404309,
            "steer": 0.0
        },
        {
            "throttle": 0.1879784307374116,
            "brake": 0.07985026938638781,
            "steer": 0.0
        },
        {
            "throttle": 0.19983144556764315,
            "brake": 0.07186524244774903,
            "steer": 0.0
        },
        {
            "throttle": 0.21081025775295198,
            "brake": 0.06467871820297413,
            "steer": 0.0
        },
        {
            "throttle": 0.22103910624952727,
            "brake": 0.05821084638267672,
            "steer": 0.0
        },
        {
            "throttle": 0.23062774178146084,
            "brake": 0.05238976174440905,
            "steer": 0.0
        },
        {
            "throttle": 0.2396726694522052,
            "brake": 0.04715078556996814,
            "steer": 0.0
        },
        {
            "throttle": 0.2482582805669737,
            "brake": 0.04243570701297133,
            "steer": 0.0
        },
        {
            "throttle": 0.2564578858885914,
            "brake": 0.038192136311674195,
            "steer": 0.0
        },
        {
            "throttle": 0.26433466124033406,
            "brake": 0.034372922680506776,
            "steer": 0.0
        },
        {
            "throttle": 0.27194251518494617,
            "brake": 0.0309356304124561,
            "steer": 0.0
        },
        {
            "throttle": 0.2793268874374004,
            "brake": 0.02784206737121049,
            "steer": 0.0
        },
        {
            "throttle": 0.28652548569935865,
            "brake": 0.025057860634089442,
            "steer": 0.0
        },
        {
            "throttle": 0.29356896772613794,
            "brake": 0.022552074570680498,
            "steer": 0.0
        },
        {
            "throttle": 0.30048157464366887,
            "brake": 0.02029686711361245,
            "steer": 0.0
        },
        {
            "throttle": 0.30728172081573896,
            "brake": 0.018267180402251205,
            "steer": 0.0
        },
        {
            "throttle": 0.3139825449138184,
            "brake": 0.016440462362026086,
            "steer": 0.0
        },
        {
            "throttle": 0.320592426256743,
            "brake": 0.014796416125823478,
            "steer": 0.0
        },
        {
            "throttle": 0.32711546995989826,
            "brake": 0.01331677451324113,
            "steer": 0.0
        },
        {
            "throttle": 0.3335519639582844,
            "brake": 0.011985097061917017,
            "steer": 0.0
        },
        {
            "throttle": 0.3398988105404296,
            "brake": 0.010786587355725316,
            "steer": 0.0
        },
        {
            "throttle": 0.34614993464648824,
            "brake": 0.009707928620152784,
            "steer": 0.0
        },
        {
            "throttle": 0.35229667084034916,
            "brake": 0.008737135758137506,
            "steer": 0.0
        },
        {
            "throttle": 0.35832813055887125,
            "brake": 0.007863422182323755,
            "steer": 0.0
        },
        {
            "throttle": 0.3642315509684709,
            "brake": 0.00707707996409138,
            "steer": 0.0
        },
        {
            "throttle": 0.3699926265174886,
            "brake": 0.006369371967682242,
            "steer": 0.0
        },
        {
            "throttle": 0.3755958240596038,
            "brake": 0.005732434770914018,
            "steer": 0.0
        },
        {
            "throttle": 0.38102468223679375,
            "brake": 0.005159191293822617,
            "steer": 0.0
        },
        {
            "throttle": 0.3862620956479039,
            "brake": 0.004643272164440355,
            "steer": 0.0
        },
        {
            "throttle": 0.39129058418892576,
            "brake": 0.00417894494799632,
            "steer": 0.0
        },
        {
            "throttle": 0.39609254783184344,
            "brake": 0.003761050453196688,
            "steer": 0.0
        },
        {
            "throttle": 0.40065050700881144,
            "brake": 0.003384945407877019,
            "steer": 0.0
        },
        {
            "throttle": 0.4049473286859893,
            "brake": 0.003046450867089317,
            "steer": 0.0
        },
        {
            "throttle": 0.40896643814520506,
            "brake": 0.0027418057803803852,
            "steer": 0.0
        },
        {
            "throttle": 0.4126920164404654,
            "brake": 0.0024676252023423466,
            "steer": 0.0
        },
        {
            "throttle": 0.4161091834589657,
            "brake": 0.002220862682108112,
            "steer": 0.0
        },
        {
            "throttle": 0.41920416649154496,
            "brake": 0.001998776413897301,
            "steer": 0.0
        },
        {
            "throttle": 0.4219644542043954,
            "brake": 0.0017988987725075709,
            "steer": 0.0
        },
        {
            "throttle": 0.4243789359012561,
            "brake": 0.001619008895256814,
            "steer": 0.0
        },
        {
            "throttle": 0.42643802597231895,
            "brake": 0.0014571080057311325,
            "steer": 0.0
        },
        {
            "throttle": 0.4281337734417131,
            "brake": 0.0013113972051580192,
            "steer": 0.0
        },
        {
            "throttle": 0.4294599565488244,
            "brake": 0.0011802574846422173,
            "steer": 0.0
        },
        {
            "throttle": 0.38651396089394197,
            "brake": 0.020294483001361253,
            "steer": 0.0
        },
        {
            "throttle": 0.3478625648045478,
            "brake": 0.03749728596640839,
            "steer": 0.0
        },
        {
            "throttle": 0.31307630832409306,
            "brake": 0.05297980863495081,
            "steer": 0.0
        },
        {
            "throttle": 0.28176867749168377,
            "brake": 0.06691407903663898,
            "steer": 0.0
        },
        {
            "throttle": 0.2535918097425154,
            "brake": 0.07945492239815835,
            "steer": 0.0
        },
        {
            "throttle": 0.22823262876826386,
            "brake": 0.09074168142352577,
            "steer": 0.0
        },
        {
            "throttle": 0.2054093658914375,
            "brake": 0.10089976454635645,
            "steer": 0.0
        },
        {
            "throttle": 0.18486842930229375,
            "brake": 0.11004203935690406,
            "steer": 0.0
        },
        {
            "throttle": 0.20707845937184846,
            "brake": 0.09903783542121365,
            "steer": 0.0
        },
        {
            "throttle": 0.2265442779461249,
            "brake": 0.08913405187909229,
            "steer": 0.0
        },
        {
            "throttle": 0.24352246805044023,
            "brake": 0.08022064669118306,
            "steer": 0.0
        },
        {
            "throttle": 0.25824716465760517,
            "brake": 0.07219858202206476,
            "steer": 0.0
        },
        {
            "throttle": 0.27093238628631283,
            "brake": 0.0649787238198583,
            "steer": 0.0
        },
        {
            "throttle": 0.28177411387698814,
            "brake": 0.05848085143787247,
            "steer": 0.0
        },
        {
            "throttle": 0.2909521418184463,
            "brake": 0.05263276629408522,
            "steer": 0.0
        },
        {
            "throttle": 0.29863172362981366,
            "brake": 0.047369489664676696,
            "steer": 0.0
        },
        {
            "throttle": 0.30496503267182457,
            "brake": 0.04263254069820903,
            "steer": 0.0
        },
        {
            "throttle": 0.3100924563452513,
            "brake": 0.03836928662838813,
            "steer": 0.0
        },
        {
            "throttle": 0.31414374050973837,
            "brake": 0.034532357965549314,
            "steer": 0.0
        },
        {
            "throttle": 0.3172389993037877,
            "brake": 0.03107912216899438,
            "steer": 0.0
        },
        {
            "throttle": 0.31948960414816585,
            "brake": 0.027971209952094945,
            "steer": 0.0
        },
        {
            "throttle": 0.3209989644544651,
            "brake": 0.02517408895688545,
            "steer": 0.0
        },
        {
            "throttle": 0.3218632114234502,
            "brake": 0.022656680061196907,
            "steer": 0.0
        },
        {
            "throttle": 0.32217179529114426,
            "brake": 0.020391012055077217,
            "steer": 0.0
        },
        {
            "throttle": 0.32200800545263286,
            "brake": 0.018351910849569497,
            "steer": 0.0
        },
        {
            "throttle": 0.32144942205379795,
            "brake": 0.01651671976461255,
            "steer": 0.0
        },
        {
            "throttle": 0.320568306880188,
            "brake": 0.014865047788151295,
            "steer": 0.0
        },
        {
            "throttle": 0.31943194068153846,
            "brake": 0.013378543009336165,
            "steer": 0.0
        },
        {
            "throttle": 0.28748874661338464,
            "brake": 0.03127293997358581,
            "steer": 0.0
        },
        {
            "throttle": 0.2587398719520462,
            "brake": 0.047377897241410484,
            "steer": 0.0
        },
        {
            "throttle": 0.23286588475684156,
            "brake": 0.061872358782452695,
            "steer": 0.0
        },
        {
            "throttle": 0.2095792962811574,
            "brake": 0.07491737416939068,
            "steer": 0.0
        },
        {
            "throttle": 0.18862136665304166,
            "brake": 0.08665788801763487,
            "steer": 0.0
        },
        {
            "throttle": 0.1697592299877375,
            "brake": 0.09722435048105464,
            "steer": 0.0
        },
        {
            "throttle": 0.15278330698896375,
            "brake": 0.10673416669813243,
            "steer": 0.0
        },
        {
            "throttle": 0.1375049762900674,
            "brake": 0.11529300129350245,
            "steer": 0.0
        },
        {
            "throttle": 0.15342017075481296,
            "brake": 0.1037637011641522,
            "steer": 0.0
        },
        {
            "throttle": 0.16782362092051265,
            "brake": 0.09338733104773699,
            "steer": 0.0
        },
        {
            "throttle": 0.18091053783668842,
            "brake": 0.0840485979429633,
            "steer": 0.0
        },
        {
            "throttle": 0.19285587682224364,
            "brake": 0.07564373814866697,
            "steer": 0.0
        },
        {
            "throttle": 0.2038161061101496,
            "brake": 0.06807936433380027,
            "steer": 0.0
        },
        {
            "throttle": 0.21393080451095745,
            "brake": 0.06127142790042024,
            "steer": 0.0
        },
        {
            "throttle": 0.22332410668280592,
            "brake": 0.05514428511037822,
            "steer": 0.0
        },
        {
            "throttle": 0.232106012693082,
            "brake": 0.049629856599340404,
            "steer": 0.0
        },
        {
            "throttle": 0.24037357683605107,
            "brake": 0.04466687093940636,
            "steer": 0.0
        },
        {
            "throttle": 0.24821198911374864,
            "brake": 0.040200183845465726,
            "steer": 0.0
        },
        {
            "throttle": 0.2556955613781961,
            "brake": 0.03618016546091916,
            "steer": 0.0
        },
        {
            "throttle": 0.26288862885719166,
            "brake": 0.03256214891482724,
            "steer": 0.0
        },
        {
            "throttle": 0.2698463766306495,
            "brake": 0.029305934023344516,
            "steer": 0.0
        },
        {
            "throttle": 0.27661559957814824,
            "brake": 0.026375340621010063,
            "steer": 0.0
        },
        {
            "throttle": 0.2832354033706461,
            "brake": 0.023737806558909058,
            "steer": 0.0
        },
        {
            "throttle": 0.28973785322092327,
            "brake": 0.02136402590301815,
            "steer": 0.0
        },
        {
            "throttle": 0.296148576329899,
            "brake": 0.019227623312716338,
            "steer": 0.0
        },
        {
            "throttle": 0.3024873232620682,
            "brake": 0.017304860981444705,
            "steer": 0.0
        },
        {
            "throttle": 0.30876849284620966,
            "brake": 0.015574374883300235,
            "steer": 0.0
        },
        {
            "throttle": 0.31500162462123776,
            "brake": 0.014016937394970211,
            "steer": 0.0
        },
        {
            "throttle": 0.3211918623262042,
            "brake": 0.01261524365547319,
            "steer": 0.0
        },
        {
            "throttle": 0.32734039146317406,
            "brake": 0.011353719289925871,
            "steer": 0.0
        },
        {
            "throttle": 0.333444853537657,
            "brake": 0.010218347360933284,
            "steer": 0.0
        },
        {
            "throttle": 0.3394997391995651,
            "brake": 0.009196512624839956,
            "steer": 0.0
        },
        {
            "throttle": 0.3454967621647754,
            "brake": 0.008276861362355961,
            "steer": 0.0
        },
        {
            "throttle": 0.3514252154901394,
            "brake": 0.007449175226120365,
            "steer": 0.0
        },
        {
            "throttle": 0.3572723115003384,
            "brake": 0.006704257703508329,
            "steer": 0.0
        },
        {
            "throttle": 0.3630235064207503,
            "brake": 0.006033831933157496,
            "steer": 0.0
        },
        {
            "throttle": 0.36866281055413186,
            "brake": 0.005430448739841746,
            "steer": 0.0
        },
        {
            "throttle": 0.3741730846482945,
            "brake": 0.004887403865857572,
            "steer": 0.0
        },
        {
            "throttle": 0.37953632293512984,
            "brake": 0.004398663479271815,
            "steer": 0.0
        },
        {
            "throttle": 0.38473392317654104,
            "brake": 0.003958797131344633,
            "steer": 0.0
        },
        {
            "throttle": 0.3897469439284368,
            "brake": 0.0035629174182101697,
            "steer": 0.0
        },
        {
            "throttle": 0.39455634912843923,
            "brake": 0.003206625676389153,
            "steer": 0.0
        },
        {
            "throttle": 0.39914324002496004,
            "brake": 0.0028859631087502376,
            "steer": 0.0
        },
        {
            "throttle": 0.4034890743935203,
            "brake": 0.002597366797875214,
            "steer": 0.0
        },
        {
            "throttle": 0.4075758729294163,
            "brake": 0.0023376301180876927,
            "steer": 0.0
        },
        {
            "throttle": 0.41138641266294484,
            "brake": 0.0021038671062789233,
            "steer": 0.0
        },
        {
            "throttle": 0.4149044072133152,
            "brake": 0.001893480395651031,
            "steer": 0.0
        },
        {
            "throttle": 0.4181146736790967,
            "brake": 0.0017041323560859278,
            "steer": 0.0
        },
        {
            "throttle": 0.4210032859556023,
            "brake": 0.0015337191204773352,
            "steer": 0.0
        },
        {
            "throttle": 0.42355771427208005,
            "brake": 0.0013803472084296016,
            "steer": 0.0
        },
        {
            "throttle": 0.4257669507530931,
            "brake": 0.0012423124875866414,
            "steer": 0.0
        },
        {
            "throttle": 0.4276216208281601,
            "brake": 0.0011180812388279773,
            "steer": 0.0
        },
        {
            "throttle": 0.42911408034078863,
            "brake": 0.0010062731149451797,
            "steer": 0.0
        },
        {
            "throttle": 0.43023849824166893,
            "brake": 0.0009056458034506617,
            "steer": 0.0
        },
        {
            "throttle": 0.4309909247902336,
            "brake": 0.0008150812231055956,
            "steer": 0.0
        },
        {
            "throttle": 0.4313693452332895,
            "brake": 0.000733573100795036,
            "steer": 0.0
        },
        {
            "throttle": 0.43137371897825966,
            "brake": 0.0006602157907155325,
            "steer": 0.0
        },
        {
            "throttle": 0.431006004331037,
            "brake": 0.0005941942116439792,
            "steer": 0.0
        },
        {
            "throttle": 0.4302701689238584,
            "brake": 0.0005347747904795813,
            "steer": 0.0
        },
        {
            "throttle": 0.42917218601629725,
            "brake": 0.0004812973114316232,
            "steer": 0.0
        },
        {
            "throttle": 0.4277200169117939,
            "brake": 0.00043316758028846093,
            "steer": 0.0
        },
        {
            "throttle": 0.4259235797924809,
            "brake": 0.00038985082225961485,
            "steer": 0.0
        },
        {
            "throttle": 0.4237947053358011,
            "brake": 0.0003508657400336534,
            "steer": 0.0
        },
        {
            "throttle": 0.42134707953698836,
            "brake": 0.00031577916603028807,
            "steer": 0.0
        }
    ],
    "parameters": {
        "cloudiness": 58.137388813487526,
        "fog_density": 57.05115698292211,
        "initial_distance": 44.13537755359293,
        "initial_ego_velocity": 10.450270075708964,
        "initial_lead_velocity": 6.130543258782019,
        "lead_base_throttle": 0.37167276659300785,
        "lead_behavior_frequency": 0.12262517680232453,
        "lead_brake_duration": 8.904477283640686,
        "lead_brake_intensity": 0.19232251265183253,
        "lead_brake_probability": 0.19344182951887726,
        "lead_throttle_variation": 0.07538714513397356,
        "precipitation": 85.36997823246604,
        "precipitation_deposits": 99.22909156414677,
        "sun_altitude_angle": 46.09455653343905,
        "wind_intensity": 10.477868621472236
    },
    "config": {
        "num_timesteps": 200,
        "dt": 0.1,
        "seed": 73
    }
}