{
    "weather": {
        "cloudiness": 12.522884223985486,
        "precipitation": 58.207330030892734,
        "precipitation_deposits": 16.189802475950966,
        "wind_intensity": 26.70683886724764,
        "sun_altitude_angle": 15.95252384621574,
        "fog_density": 4.14417844467776,
        "fog_distance": 870.9773722716953,
        "wetness": 29.103665015446367
    },
    "initial_conditions": {
        "ego": {
            "position": {
                "x": 517.58462557633,
                "y": 20.57,
                "z": 0.294
            },
            "yaw": 0.0,
            "velocity": 19.596863331173303
        },
        "lead": {
            "position": {
                "x": 484.88,
                "y": 20.57,
                "z": 0.294
            },
            "yaw": 0.0,
            "velocity": 6.742854284543885
        }
    },
    "ego": {
        "position": {
            "x": 517.58462557633,
            "y": 20.57,
            "z": 0.294
        },
        "yaw": 0.0,
        "velocity": 19.596863331173303
    },
    "lead": {
        "position": {
            "x": 484.88,
            "y": 20.57,
            "z": 0.294
        },
        "yaw": 0.0,
        "velocity": 6.742854284543885
    },
    "ado_actions": [
        {
            "throttle": 0.34727797540297745,
            "brake": 0.0,
            "steer": 0.0
        },
        {
            "throttle": 0.3485064518172167,
            "brake": 0.0,
            "steer": 0.0
        },
        {
            "throttle": 0.35083929645993844,
            "brake": 0.0,
            "steer": 0.0
        },
        {
            "throttle": 0.3541635527130782,
            "brake": 0.0,
            "steer": 0.0
        },
        {
            "throttle": 0.35837630295506584,
            "brake": 0.0,
            "steer": 0.0
        },
        {
            "throttle": 0.36338366853621695,
            "brake": 0.0,
            "steer": 0.0
        },
        {
            "throttle": 0.36909991104207746,
            "brake": 0.0,
            "steer": 0.0
        },
        {
            "throttle": 0.3754466247106318,
            "brake": 0.0,
            "steer": 0.0
        },
        {
            "throttle": 0.3823520108813787,
            "brake": 0.0,
            "steer": 0.0
        },
        {
            "throttle": 0.38975022626517297,
            "brake": 0.0,
            "steer": 0.0
        },
        {
            "throttle": 0.39758079764354115,
            "brake": 0.0,
            "steer": 0.0
        },
        {
            "throttle": 0.40578809634402124,
            "brake": 0.0,
            "steer": 0.0
        },
        {
            "throttle": 0.4143208665021406,
            "brake": 0.0,
            "steer": 0.0
        },
        {
            "throttle": 0.4231318017183213,
            "brake": 0.0,
            "steer": 0.0
        },
        {
            "throttle": 0.432177165255917,
            "brake": 0.0,
            "steer": 0.0
        },
        {
            "throttle": 0.44141644941072916,
            "brake": 0.0,
            "steer": 0.0
        },
        {
            "throttle": 0.45081207011809304,
            "brake": 0.0,
            "steer": 0.0
        },
        {
            "throttle": 0.4603290932558076,
            "brake": 0.0,
            "steer": 0.0
        },
        {
            "throttle": 0.4699349894541719,
            "brake": 0.0,
            "steer": 0.0
        },
        {
            "throttle": 0.47959941454209554,
            "brake": 0.0,
            "steer": 0.0
        },
        {
            "throttle": 0.48929401304420894,
            "brake": 0.0,
            "steer": 0.0
        },
        {
            "throttle": 0.4989922424012809,
            "brake": 0.0,
            "steer": 0.0
        },
        {
            "throttle": 0.5086692158179202,
            "brake": 0.0,
            "steer": 0.0
        },
        {
            "throttle": 0.5183015618500643,
            "brake": 0.0,
            "steer": 0.0
        },
        {
            "throttle": 0.5278672990324538,
            "brake": 0.0,
            "steer": 0.0
        },
        {
            "throttle": 0.5373457240152512,
            "brake": 0.0,
            "steer": 0.0
        },
        {
            "throttle": 0.5467173118310437,
            "brake": 0.0,
            "steer": 0.0
        },
        {
            "throttle": 0.5559636270503827,
            "brake": 0.0,
            "steer": 0.0
        },
        {
            "throttle": 0.5650672447072546,
            "brake": 0.0,
            "steer": 0.0
        },
        {
            "throttle": 0.574011679986829,
            "brake": 0.0,
            "steer": 0.0
        },
        {
            "throttle": 0.5827813257677247,
            "brake": 0.0,
            "steer": 0.0
        },
        {
            "throttle": 0.5913613972009546,
            "brake": 0.0,
            "steer": 0.0
        },
        {
            "throttle": 0.5997378825886943,
            "brake": 0.0,
            "steer": 0.0
        },
        {
            "throttle": 0.6078974998989177,
            "brake": 0.0,
            "steer": 0.0
        },
        {
            "throttle": 0.6158276583176033,
            "brake": 0.0,
            "steer": 0.0
        },
        {
            "throttle": 0.6235164242993315,
            "brake": 0.0,
            "steer": 0.0
        },
        {
            "throttle": 0.6309524916303457,
            "brake": 0.0,
            "steer": 0.0
        },
        {
            "throttle": 0.6381251550661051,
            "brake": 0.0,
            "steer": 0.0
        },
        {
            "throttle": 0.6450242871485597,
            "brake": 0.0,
            "steer": 0.0
        },
        {
            "throttle": 0.6516403178472994,
            "brake": 0.0,
            "steer": 0.0
        },
        {
            "throttle": 0.6579642167037903,
            "brake": 0.0,
            "steer": 0.0
        },
        {
            "throttle": 0.663987477189517,
            "brake": 0.0,
            "steer": 0.0
        },
        {
            "throttle": 0.6697021030173208,
            "brake": 0.0,
            "steer": 0.0
        },
        {
            "throttle": 0.6751005961709033,
            "brake": 0.0,
            "steer": 0.0
        },
        {
            "throttle": 0.6801759464406034,
            "brake": 0.0,
            "steer": 0.0
        },
        {
            "throttle": 0.6849216222744301,
            "brake": 0.0,
            "steer": 0.0
        },
        {
            "throttle": 0.6164294600469871,
            "brake": 0.02428287944819009,
            "steer": 0.0
        },
        {
            "throttle": 0.5547865140422884,
            "brake": 0.04613747095156117,
            "steer": 0.0
        },
        {
            "throttle": 0.4993078626380596,
            "brake": 0.06580660330459515,
            "steer": 0.0
        },
        {
            "throttle": 0.44937707637425367,
            "brake": 0.08350882242232571,
            "steer": 0.0
        },
        {
            "throttle": 0.4044393687368283,
            "brake": 0.09944081962828323,
            "steer": 0.0
        },
        {
            "throttle": 0.3639954318631455,
            "brake": 0.113779617113645,
            "steer": 0.0
        },
        {
            "throttle": 0.3275958886768309,
            "brake": 0.1266845348504706,
            "steer": 0.0
        },
        {
            "throttle": 0.29483629980914783,
            "brake": 0.13829896081361365,
            "steer": 0.0
        },
        {
            "throttle": 0.2653526698282331,
            "brake": 0.14875194418044238,
            "steer": 0.0
        },
        {
            "throttle": 0.23881740284540978,
            "brake": 0.15815962921058824,
            "steer": 0.0
        },
        {
            "throttle": 0.2149356625608688,
            "brake": 0.1666265457377195,
            "steer": 0.0
        },
        {
            "throttle": 0.19344209630478193,
            "brake": 0.17424677061213767,
            "steer": 0.0
        },
        {
            "throttle": 0.17409788667430373,
            "brake": 0.181104972999114,
            "steer": 0.0
        },
        {
            "throttle": 0.15668809800687336,
            "brake": 0.1872773551473927,
            "steer": 0.0
        },
        {
            "throttle": 0.14101928820618603,
            "brake": 0.1928324990808435,
            "steer": 0.0
        },
        {
            "throttle": 0.12691735938556745,
            "brake": 0.19783212862094923,
            "steer": 0.0
        },
        {
            "throttle": 0.1142256234470107,
            "brake": 0.20233179520704442,
            "steer": 0.0
        },
        {
            "throttle": 0.10280306110230963,
            "brake": 0.20638149513453008,
            "steer": 0.0
        },
        {
            "throttle": 0.09252275499207867,
            "brake": 0.21002622506926716,
            "steer": 0.0
        },
        {
            "throttle": 0.08327047949287081,
            "brake": 0.21330648201053054,
            "steer": 0.0
        },
        {
            "throttle": 0.07494343154358372,
            "brake": 0.2162587132576676,
            "steer": 0.0
        },
        {
            "throttle": 0.06744908838922535,
            "brake": 0.2189157213800909,
            "steer": 0.0
        },
        {
            "throttle": 0.060704179550302814,
            "brake": 0.2213070286902719,
            "steer": 0.0
        },
        {
            "throttle": 0.054633761595272536,
            "brake": 0.2234592052694348,
            "steer": 0.0
        },
        {
            "throttle": 0.049170385435745284,
            "brake": 0.22539616419068143,
            "steer": 0.0
        },
        {
            "throttle": 0.04425334689217076,
            "brake": 0.2271394272198034,
            "steer": 0.0
        },
        {
            "throttle": 0.039828012202953685,
            "brake": 0.22870836394601318,
            "steer": 0.0
        },
        {
            "throttle": 0.03584521098265832,
            "brake": 0.23012040699960196,
            "steer": 0.0
        },
        {
            "throttle": 0.032260689884392485,
            "brake": 0.23139124574783188,
            "steer": 0.0
        },
        {
            "throttle": 0.0895974166447303,
            "brake": 0.2082521211730487,
            "steer": 0.0
        },
        {
            "throttle": 0.1402792182697824,
            "brake": 0.18742690905574383,
            "steer": 0.0
        },
        {
            "throttle": 0.18494602318356848,
            "brake": 0.16868421815016946,
            "steer": 0.0
        },
        {
            "throttle": 0.2241747384997771,
            "brake": 0.15181579633515252,
            "steer": 0.0
        },
        {
            "throttle": 0.25848557738731576,
            "brake": 0.13663421670163728,
            "steer": 0.0
        },
        {
            "throttle": 0.28834775267652,
            "brake": 0.12297079503147355,
            "steer": 0.0
        },
        {
            "throttle": 0.314184600057112,
            "brake": 0.1106737155283262,
            "steer": 0.0
        },
        {
            "throttle": 0.3363781878849642,
            "brake": 0.09960634397549357,
            "steer": 0.0
        },
        {
            "throttle": 0.3552734649141194,
            "brake": 0.08964570957794422,
            "steer": 0.0
        },
        {
            "throttle": 0.3711819921399936,
            "brake": 0.0806811386201498,
            "steer": 0.0
        },
        {
            "throttle": 0.38438530032224216,
            "brake": 0.07261302475813483,
            "steer": 0.0
        },
        {
            "throttle": 0.3951379106000859,
            "brake": 0.06535172228232135,
            "steer": 0.0
        },
        {
            "throttle": 0.4036700518728008,
            "brake": 0.058816550054089214,
            "steer": 0.0
        },
        {
            "throttle": 0.41019010525200744,
            "brake": 0.05293489504868029,
            "steer": 0.0
        },
        {
            "throttle": 0.41488680286295465,
            "brake": 0.047641405543812264,
            "steer": 0.0
        },
        {
            "throttle": 0.41793120554550933,
            "brake": 0.042877264989431035,
            "steer": 0.0
        },
        {
            "throttle": 0.41947848155174505,
            "brake": 0.038589538490487935,
            "steer": 0.0
        },
        {
            "throttle": 0.4196695061285991,
            "brake": 0.03473058464143914,
            "steer": 0.0
        },
        {
            "throttle": 0.4186322998864972,
            "brake": 0.03125752617729523,
            "steer": 0.0
        },
        {
            "throttle": 0.4164833220660442,
            "brake": 0.028131773559565705,
            "steer": 0.0
        },
        {
            "throttle": 0.41332863320496843,
            "brake": 0.025318596203609135,
            "steer": 0.0
        },
        {
            "throttle": 0.40926494025859217,
            "brake": 0.022786736583248222,
            "steer": 0.0
        },
        {
            "throttle": 0.40438053592309053,
            "brake": 0.020508062924923402,
            "steer": 0.0
        },
        {
            "throttle": 0.3987561427371895,
            "brake": 0.018457256632431064,
            "steer": 0.0
        },
        {
            "throttle": 0.39246567148171474,
            "brake": 0.01661153096918796,
            "steer": 0.0
        },
        {
            "throttle": 0.3855769024457856,
            "brake": 0.014950377872269162,
            "steer": 0.0
        },
        {
            "throttle": 0.37815209727289734,
            "brake": 0.013455340085042245,
            "steer": 0.0
        },
        {
            "throttle": 0.3702485483301373,
            "brake": 0.012109806076538021,
            "steer": 0.0
        },
        {
            "throttle": 0.36191907185078165,
            "brake": 0.010898825468884219,
            "steer": 0.0
        },
        {
            "throttle": 0.3532124504768188,
            "brake": 0.009808942921995797,
            "steer": 0.0
        },
        {
            "throttle": 0.34417383026661036,
            "brake": 0.008828048629796217,
            "steer": 0.0
        },
        {
            "throttle": 0.3348450767276925,
            "brake": 0.007945243766816596,
            "steer": 0.0
        },
        {
            "throttle": 0.32526509398002884,
            "brake": 0.007150719390134936,
            "steer": 0.0
        },
        {
            "throttle": 0.3154701107457934,
            "brake": 0.006435647451121443,
            "steer": 0.0
        },
        {
            "throttle": 0.3054939364934443,
            "brake": 0.005792082706009299,
            "steer": 0.0
        },
        {
            "throttle": 0.29536819073235304,
            "brake": 0.005212874435408369,
            "steer": 0.0
        },
        {
            "throttle": 0.28512250815589324,
            "brake": 0.004691586991867533,
            "steer": 0.0
        },
        {
            "throttle": 0.27478472206235816,
            "brake": 0.004222428292680779,
            "steer": 0.0
        },
        {
            "throttle": 0.2643810282413777,
            "brake": 0.003800185463412701,
            "steer": 0.0
        },
        {
            "throttle": 0.25393613129596204,
            "brake": 0.003420166917071431,
            "steer": 0.0
        },
        {
            "throttle": 0.24347337517449325,
            "brake": 0.003078150225364288,
            "steer": 0.0
        },
        {
            "throttle": 0.23301485951074202,
            "brake": 0.002770335202827859,
            "steer": 0.0
        },
        {
            "throttle": 0.2225815432113473,
            "brake": 0.0024933016825450733,
            "steer": 0.0
        },
        {
            "throttle": 0.21219333658740025,
            "brake": 0.002243971514290566,
            "steer": 0.0
        },
        {
            "throttle": 0.2018691831982367,
            "brake": 0.002019574362861509,
            "steer": 0.0
        },
        {
            "throttle": 0.1916271324598331,
            "brake": 0.0018176169265753583,
            "steer": 0.0
        },
        {
            "throttle": 0.18148440396604104,
            "brake": 0.0016358552339178225,
            "steer": 0.0
        },
        {
            "throttle": 0.1714574443771247,
            "brake": 0.0014722697105260404,
            "steer": 0.0
        },
        {
            "throttle": 0.16156197764564523,
            "brake": 0.0013250427394734363,
            "steer": 0.0
        },
        {
            "throttle": 0.1518130492737319,
            "brake": 0.0011925384655260926,
            "steer": 0.0
        },
        {
            "throttle": 0.14222506522734604,
            "brake": 0.0010732846189734834,
            "steer": 0.0
        },
        {
            "throttle": 0.13281182607152422,
            "brake": 0.0009659561570761351,
            "steer": 0.0
        },
        {
            "throttle": 0.12358655683509977,
            "brake": 0.0008693605413685216,
            "steer": 0.0
        },
        {
            "throttle": 0.1145619330634306,
            "brake": 0.0007824244872316695,
            "steer": 0.0
        },
        {
            "throttle": 0.10575010347265641,
            "brake": 0.0007041820385085025,
            "steer": 0.0
        },
        {
            "throttle": 0.09716270957846877,
            "brake": 0.0006337638346576523,
            "steer": 0.0
        },
        {
            "throttle": 0.08881090263586032,
            "brake": 0.0005703874511918871,
            "steer": 0.0
        },
        {
            "throttle": 0.08070535819341695,
            "brake": 0.0005133487060726984,
            "steer": 0.0
        },
        {
            "throttle": 0.07285628853607047,
            "brake": 0.0004620138354654286,
            "steer": 0.0
        },
        {
            "throttle": 0.06557065968246342,
            "brake": 0.00041581245191888577,
            "steer": 0.0
        },
        {
            "throttle": 0.059013593714217084,
            "brake": 0.0003742312067269972,
            "steer": 0.0
        },
        {
            "throttle": 0.05311223434279538,
            "brake": 0.0003368080860542975,
            "steer": 0.0
        },
        {
            "throttle": 0.04780101090851584,
            "brake": 0.00030312727744886774,
            "steer": 0.0
        },
        {
            "throttle": 0.04302090981766425,
            "brake": 0.000272814549703981,
            "steer": 0.0
        },
        {
            "throttle": 0.038718818835897825,
            "brake": 0.0002455330947335829,
            "steer": 0.0
        },
        {
            "throttle": 0.03484693695230805,
            "brake": 0.0002209797852602246,
            "steer": 0.0
        },
        {
            "throttle": 0.031362243257077246,
            "brake": 0.00019888180673420216,
            "steer": 0.0
        },
        {
            "throttle": 0.02822601893136952,
            "brake": 0.00017899362606078195,
            "steer": 0.0
        },
        {
            "throttle": 0.02540341703823257,
            "brake": 0.00016109426345470377,
            "steer": 0.0
        },
        {
            "throttle": 0.022863075334409313,
            "brake": 0.0001449848371092334,
            "steer": 0.0
        },
        {
            "throttle": 0.02057676780096838,
            "brake": 0.00013048635339831007,
            "steer": 0.0
        },
        {
            "throttle": 0.018519091020871542,
            "brake": 0.00011743771805847907,
            "steer": 0.0
        },
        {
            "throttle": 0.01666718191878439,
            "brake": 0.00010569394625263116,
            "steer": 0.0
        },
        {
            "throttle": 0.01500046372690595,
            "brake": 9.512455162736804e-05,
            "steer": 0.0
        },
        {
            "throttle": 0.013500417354215356,
            "brake": 8.561209646463124e-05,
            "steer": 0.0
        },
        {
            "throttle": 0.01215037561879382,
            "brake": 7.705088681816811e-05,
            "steer": 0.0
        },
        {
            "throttle": 0.010935338056914438,
            "brake": 6.93457981363513e-05,
            "steer": 0.0
        },
        {
            "throttle": 0.009841804251222995,
            "brake": 6.241121832271617e-05,
            "steer": 0.0
        },
        {
            "throttle": 0.008857623826100695,
            "brake": 5.6170096490444553e-05,
            "steer": 0.0
        },
        {
            "throttle": 0.007971861443490626,
            "brake": 5.05530868414001e-05,
            "steer": 0.0
        },
        {
            "throttle": 0.007174675299141564,
            "brake": 4.549777815726009e-05,
            "steer": 0.0
        },
        {
            "throttle": 0.006457207769227408,
            "brake": 4.094800034153409e-05,
            "steer": 0.0
        },
        {
            "throttle": 0.0058114869923046675,
            "brake": 3.685320030738068e-05,
            "steer": 0.0
        },
        {
            "throttle": 0.0052303382930742005,
            "brake": 3.316788027664262e-05,
            "steer": 0.0
        },
        {
            "throttle": 0.004707304463766781,
            "brake": 2.9851092248978356e-05,
            "steer": 0.0
        },
        {
            "throttle": 0.004236574017390103,
            "brake": 2.686598302408052e-05,
            "steer": 0.0
        },
        {
            "throttle": 0.00392269361513641,
            "brake": 2.4179384721672468e-05,
            "steer": 0.0
        },
        {
            "throttle": 0.004186903868682533,
            "brake": 2.176144624950522e-05,
            "steer": 0.0
        },
        {
            "throttle": 0.005006356421684864,
            "brake": 1.95853016245547e-05,
            "steer": 0.0
        },
        {
            "throttle": 0.006359890906478696,
            "brake": 1.762677146209923e-05,
            "steer": 0.0
        },
        {
            "throttle": 0.008227830884320218,
            "brake": 1.586409431588931e-05,
            "steer": 0.0
        },
        {
            "throttle": 0.010591800840212572,
            "brake": 1.427768488430038e-05,
            "steer": 0.0
        },
        {
            "throttle": 0.013434562162373407,
            "brake": 1.2849916395870342e-05,
            "steer": 0.0
        },
        {
            "throttle": 0.016739866242693496,
            "brake": 1.1564924756283308e-05,
            "steer": 0.0
        },
        {
            "throttle": 0.02049232302016352,
            "brake": 1.0408432280654978e-05,
            "steer": 0.0
        },
        {
            "throttle": 0.024677283456275532,
            "brake": 9.36758905258948e-06,
            "steer": 0.0
        },
        {
            "throttle": 0.029280734581698446,
            "brake": 8.430830147330532e-06,
            "steer": 0.0
        },
        {
            "throttle": 0.03428920588875618,
            "brake": 7.587747132597479e-06,
            "steer": 0.0
        },
        {
            "throttle": 0.0396896859659123,
            "brake": 6.828972419337731e-06,
            "steer": 0.0
        },
        {
            "throttle": 0.04546954837993973,
            "brake": 6.146075177403958e-06,
            "steer": 0.0
        },
        {
            "throttle": 0.051616485909951756,
            "brake": 5.531467659663562e-06,
            "steer": 0.0
        },
        {
            "throttle": 0.05811845232608805,
            "brake": 4.978320893697206e-06,
            "steer": 0.0
        },
        {
            "throttle": 0.06496361098537676,
            "brake": 4.480488804327486e-06,
            "steer": 0.0
        },
        {
            "throttle": 0.07214028958902077,
            "brake": 4.032439923894738e-06,
            "steer": 0.0
        },
        {
            "throttle": 0.07963694050988365,
            "brake": 3.629195931505264e-06,
            "steer": 0.0
        },
        {
            "throttle": 0.08744210615699985,
            "brake": 3.2662763383547377e-06,
            "steer": 0.0
        },
        {
            "throttle": 0.095544388896154,
            "brake": 2.939648704519264e-06,
            "steer": 0.0
        },
        {
            "throttle": 0.10393242509254808,
            "brake": 2.645683834067338e-06,
            "steer": 0.0
        },
        {
            "throttle": 0.11259486288383053,
            "brake": 2.3811154506606043e-06,
            "steer": 0.0
        },
        {
            "throttle": 0.12152034332976973,
            "brake": 2.143003905594544e-06,
            "steer": 0.0
        },
        {
            "throttle": 0.13069748461904152,
            "brake": 1.9287035150350896e-06,
            "steer": 0.0
        },
        {
            "throttle": 0.1401148690443515,
            "brake": 1.7358331635315806e-06,
            "steer": 0.0
        },
        {
            "throttle": 0.14976103248476974,
            "brake": 1.5622498471784225e-06,
            "steer": 0.0
        },
        {
            "throttle": 0.15962445615903298,
            "brake": 1.4060248624605802e-06,
            "steer": 0.0
        },
        {
            "throttle": 0.16969356043594114,
            "brake": 1.2654223762145222e-06,
            "steer": 0.0
        },
        {
            "throttle": 0.17995670050809945,
            "brake": 1.13888013859307e-06,
            "steer": 0.0
        },
        {
            "throttle": 0.1904021637533541,
            "brake": 1.024992124733763e-06,
            "steer": 0.0
        },
        {
            "throttle": 0.20101816862454736,
            "brake": 9.224929122603867e-07,
            "steer": 0.0
        },
        {
            "throttle": 0.2117928649228582,
            "brake": 8.30243621034348e-07,
            "steer": 0.0
        },
        {
            "throttle": 0.22271433532316162,
            "brake": 7.472192589309132e-07,
            "steer": 0.0
        },
        {
            "throttle": 0.23377059803168382,
            "brake": 6.724973330378219e-07,
            "steer": 0.0
        },
        {
            "throttle": 0.24494961046688488,
            "brake": 6.052475997340397e-07,
            "steer": 0.0
        },
        {
            "throttle": 0.25623927386408396,
            "brake": 5.447228397606358e-07,
            "steer": 0.0
        },
        {
            "throttle": 0.26762743871296585,
            "brake": 4.902505557845722e-07,
            "steer": 0.0
        },
        {
            "throttle": 0.27910191094486575,
            "brake": 4.41225500206115e-07,
            "steer": 0.0
        }
    ],
    "parameters": {
        "cloudiness": 12.522884223985486,
        "fog_density": 4.14417844467776,
        "initial_distance": 32.70462557633,
        "initial_ego_velocity": 19.596863331173303,
        "initial_lead_velocity": 6.742854284543885,
        "lead_base_throttle": 0.34727797540297745,
        "lead_behavior_frequency": 0.05098405242930444,
        "lead_brake_duration": 29.488832089351,
        "lead_brake_intensity": 0.2428287944819009,
        "lead_brake_probability": 0.08156885687185703,
        "lead_throttle_variation": 0.38355432399088507,
        "precipitation": 58.207330030892734,
        "precipitation_deposits": 16.189802475950966,
        "sun_altitude_angle": 15.95252384621574,
        "wind_intensity": 26.70683886724764
    },
    "config": {
        "num_timesteps": 200,
        "dt": 0.1,
        "seed": 85
    }
}