{
    "weather": {
        "cloudiness": 49.4782424529189,
        "precipitation": 47.87168908973541,
        "precipitation_deposits": 59.49852891867469,
        "wind_intensity": 7.3405251668407665,
        "sun_altitude_angle": 42.1172039493336,
        "fog_density": 20.585324724381824,
        "fog_distance": 503.49701728026884,
        "wetness": 23.935844544867706
    },
    "initial_conditions": {
        "ego": {
            "position": {
                "x": 547.0566316442589,
                "y": 20.57,
                "z": 0.294
            },
            "yaw": 0.0,
            "velocity": 9.699767966434283
        },
        "lead": {
            "position": {
                "x": 484.88,
                "y": 20.57,
                "z": 0.294
            },
            "yaw": 0.0,
            "velocity": 11.618975797231204
        }
    },
    "ego": {
        "position": {
            "x": 547.0566316442589,
            "y": 20.57,
            "z": 0.294
        },
        "yaw": 0.0,
        "velocity": 9.699767966434283
    },
    "lead": {
        "position": {
            "x": 484.88,
            "y": 20.57,
            "z": 0.294
        },
        "yaw": 0.0,
        "velocity": 11.618975797231204
    },
    "ado_actions": [
        {
            "throttle": 0.498752884352501,
            "brake": 0.0,
            "steer": 0.0
        },
        {
            "throttle": 0.5023683461274638,
            "brake": 0.0,
            "steer": 0.0
        },
        {
            "throttle": 0.5091864699082919,
            "brake": 0.0,
            "steer": 0.0
        },
        {
            "throttle": 0.5187852088935291,
            "brake": 0.0,
            "steer": 0.0
        },
        {
            "throttle": 0.5307356368170701,
            "brake": 0.0,
            "steer": 0.0
        },
        {
            "throttle": 0.5446047745868711,
            "brake": 0.0,
            "steer": 0.0
        },
        {
            "throttle": 0.559958799768982,
            "brake": 0.0,
            "steer": 0.0
        },
        {
            "throttle": 0.5763665608793878,
            "brake": 0.0,
            "steer": 0.0
        },
        {
            "throttle": 0.5934033173790292,
            "brake": 0.0,
            "steer": 0.0
        },
        {
            "throttle": 0.6106546259962886,
            "brake": 0.0,
            "steer": 0.0
        },
        {
            "throttle": 0.62772029456252,
            "brake": 0.0,
            "steer": 0.0
        },
        {
            "throttle": 0.6442183259612301,
            "brake": 0.0,
            "steer": 0.0
        },
        {
            "throttle": 0.659788777066563,
            "brake": 0.0,
            "steer": 0.0
        },
        {
            "throttle": 0.6740974606732745,
            "brake": 0.0,
            "steer": 0.0
        },
        {
            "throttle": 0.686839422375434,
            "brake": 0.0,
            "steer": 0.0
        },
        {
            "throttle": 0.6977421290978087,
            "brake": 0.0,
            "steer": 0.0
        },
        {
            "throttle": 0.7065683114722614,
            "brake": 0.0,
            "steer": 0.0
        },
        {
            "throttle": 0.7131184084192999,
            "brake": 0.0,
            "steer": 0.0
        },
        {
            "throttle": 0.7172325690687134,
            "brake": 0.0,
            "steer": 0.0
        },
        {
            "throttle": 0.7187921744496033,
            "brake": 0.0,
            "steer": 0.0
        },
        {
            "throttle": 0.7177208491069754,
            "brake": 0.0,
            "steer": 0.0
        },
        {
            "throttle": 0.7139849408600756,
            "brake": 0.0,
            "steer": 0.0
        },
        {
            "throttle": 0.7075934552017854,
            "brake": 0.0,
            "steer": 0.0
        },
        {
            "throttle": 0.6985974392394735,
            "brake": 0.0,
            "steer": 0.0
        },
        {
            "throttle": 0.6870888184840814,
            "brake": 0.0,
            "steer": 0.0
        },
        {
            "throttle": 0.6731986980934285,
            "brake": 0.0,
            "steer": 0.0
        },
        {
            "throttle": 0.65709514825613,
            "brake": 0.0,
            "steer": 0.0
        },
        {
            "throttle": 0.63898050115502,
            "brake": 0.0,
            "steer": 0.0
        },
        {
            "throttle": 0.6190881942685242,
            "brake": 0.0,
            "steer": 0.0
        },
        {
            "throttle": 0.5976792015556859,
            "brake": 0.0,
            "steer": 0.0
        },
        {
            "throttle": 0.5750381002332347,
            "brake": 0.0,
            "steer": 0.0
        },
        {
            "throttle": 0.5514688263074105,
            "brake": 0.0,
            "steer": 0.0
        },
        {
            "throttle": 0.5272901766950902,
            "brake": 0.0,
            "steer": 0.0
        },
        {
            "throttle": 0.5028311195947668,
            "brake": 0.0,
            "steer": 0.0
        },
        {
            "throttle": 0.4784259776964656,
            "brake": 0.0,
            "steer": 0.0
        },
        {
            "throttle": 0.45440955081155643,
            "brake": 0.0,
            "steer": 0.0
        },
        {
            "throttle": 0.43111224553251243,
            "brake": 0.0,
            "steer": 0.0
        },
        {
            "throttle": 0.4088552795862712,
            "brake": 0.0,
            "steer": 0.0
        },
        {
            "throttle": 0.38794602762391867,
            "brake": 0.0,
            "steer": 0.0
        },
        {
            "throttle": 0.36867357330852524,
            "brake": 0.0,
            "steer": 0.0
        },
        {
            "throttle": 0.3513045297501669,
            "brake": 0.0,
            "steer": 0.0
        },
        {
            "throttle": 0.33607918663356784,
            "brake": 0.0,
            "steer": 0.0
        },
        {
            "throttle": 0.3232080378430366,
            "brake": 0.0,
            "steer": 0.0
        },
        {
            "throttle": 0.3128687380768034,
            "brake": 0.0,
            "steer": 0.0
        },
        {
            "throttle": 0.30520353093472113,
            "brake": 0.0,
            "steer": 0.0
        },
        {
            "throttle": 0.30031718434555854,
            "brake": 0.0,
            "steer": 0.0
        },
        {
            "throttle": 0.2982754620673299,
            "brake": 0.0,
            "steer": 0.0
        },
        {
            "throttle": 0.299104152448056,
            "brake": 0.0,
            "steer": 0.0
        },
        {
            "throttle": 0.30278866778259905,
            "brake": 0.0,
            "steer": 0.0
        },
        {
            "throttle": 0.30927421955560186,
            "brake": 0.0,
            "steer": 0.0
        },
        {
            "throttle": 0.31846656673563106,
            "brake": 0.0,
            "steer": 0.0
        },
        {
            "throttle": 0.33023332619698315,
            "brake": 0.0,
            "steer": 0.0
        },
        {
            "throttle": 0.3444058264083219,
            "brake": 0.0,
            "steer": 0.0
        },
        {
            "throttle": 0.3607814778542431,
            "brake": 0.0,
            "steer": 0.0
        },
        {
            "throttle": 0.3791266263561018,
            "brake": 0.0,
            "steer": 0.0
        },
        {
            "throttle": 0.39917984863575484,
            "brake": 0.0,
            "steer": 0.0
        },
        {
            "throttle": 0.42065564321723886,
            "brake": 0.0,
            "steer": 0.0
        },
        {
            "throttle": 0.4432484641756405,
            "brake": 0.0,
            "steer": 0.0
        },
        {
            "throttle": 0.46663704039890674,
            "brake": 0.0,
            "steer": 0.0
        },
        {
            "throttle": 0.4904889189959406,
            "brake": 0.0,
            "steer": 0.0
        },
        {
            "throttle": 0.514465168320364,
            "brake": 0.0,
            "steer": 0.0
        },
        {
            "throttle": 0.5382251738288081,
            "brake": 0.0,
            "steer": 0.0
        },
        {
            "throttle": 0.5614314586875494,
            "brake": 0.0,
            "steer": 0.0
        },
        {
            "throttle": 0.5837544607003773,
            "brake": 0.0,
            "steer": 0.0
        },
        {
            "throttle": 0.6048771977586873,
            "brake": 0.0,
            "steer": 0.0
        },
        {
            "throttle": 0.6244997556031531,
            "brake": 0.0,
            "steer": 0.0
        },
        {
            "throttle": 0.6423435342124955,
            "brake": 0.0,
            "steer": 0.0
        },
        {
            "throttle": 0.6581551925631237,
            "brake": 0.0,
            "steer": 0.0
        },
        {
            "throttle": 0.6717102357852309,
            "brake": 0.0,
            "steer": 0.0
        },
        {
            "throttle": 0.6828161938156565,
            "brake": 0.0,
            "steer": 0.0
        },
        {
            "throttle": 0.6913153464435979,
            "brake": 0.0,
            "steer": 0.0
        },
        {
            "throttle": 0.6970869560799511,
            "brake": 0.0,
            "steer": 0.0
        },
        {
            "throttle": 0.7000489765635174,
            "brake": 0.0,
            "steer": 0.0
        },
        {
            "throttle": 0.6300440789071656,
            "brake": 0.058097825069164194,
            "steer": 0.0
        },
        {
            "throttle": 0.567039671016449,
            "brake": 0.11038586763141198,
            "steer": 0.0
        },
        {
            "throttle": 0.5103357039148041,
            "brake": 0.157445105937435,
            "steer": 0.0
        },
        {
            "throttle": 0.4593021335233237,
            "brake": 0.1997984204128557,
            "steer": 0.0
        },
        {
            "throttle": 0.41337192017099134,
            "brake": 0.23791640344073434,
            "steer": 0.0
        },
        {
            "throttle": 0.3720347281538922,
            "brake": 0.2722225881658251,
            "steer": 0.0
        },
        {
            "throttle": 0.334831255338503,
            "brake": 0.3030981544184068,
            "steer": 0.0
        },
        {
            "throttle": 0.3013481298046527,
            "brake": 0.33088616404573035,
            "steer": 0.0
        },
        {
            "throttle": 0.2712133168241874,
            "brake": 0.35589537271032157,
            "steer": 0.0
        },
        {
            "throttle": 0.2837011574356363,
            "brake": 0.3203058354392894,
            "steer": 0.0
        },
        {
            "throttle": 0.2916096326722723,
            "brake": 0.28827525189536046,
            "steer": 0.0
        },
        {
            "throttle": 0.2955894288838729,
            "brake": 0.25944772670582444,
            "steer": 0.0
        },
        {
            "throttle": 0.29627064638367084,
            "brake": 0.23350295403524202,
            "steer": 0.0
        },
        {
            "throttle": 0.2942614949925014,
            "brake": 0.2101526586317178,
            "steer": 0.0
        },
        {
            "throttle": 0.2901465371087909,
            "brake": 0.18913739276854602,
            "steer": 0.0
        },
        {
            "throttle": 0.2844845794908819,
            "brake": 0.1702236534916914,
            "steer": 0.0
        },
        {
            "throttle": 0.27780631229013886,
            "brake": 0.15320128814252226,
            "steer": 0.0
        },
        {
            "throttle": 0.27061179059111756,
            "brake": 0.13788115932827005,
            "steer": 0.0
        },
        {
            "throttle": 0.26336784976906796,
            "brake": 0.12409304339544305,
            "steer": 0.0
        },
        {
            "throttle": 0.2565055413524585,
            "brake": 0.11168373905589875,
            "steer": 0.0
        },
        {
            "throttle": 0.2504176707828036,
            "brake": 0.10051536515030887,
            "steer": 0.0
        },
        {
            "throttle": 0.24545651251530765,
            "brake": 0.09046382863527799,
            "steer": 0.0
        },
        {
            "throttle": 0.24193177133599167,
            "brake": 0.0814174457717502,
            "steer": 0.0
        },
        {
            "throttle": 0.24010885163210516,
            "brake": 0.07327570119457517,
            "steer": 0.0
        },
        {
            "throttle": 0.24020748870341516,
            "brake": 0.06594813107511766,
            "steer": 0.0
        },
        {
            "throttle": 0.24240078811435264,
            "brake": 0.059353317967605894,
            "steer": 0.0
        },
        {
            "throttle": 0.24681471064280475,
            "brake": 0.053417986170845304,
            "steer": 0.0
        },
        {
            "throttle": 0.25352803167072,
            "brake": 0.04807618755376077,
            "steer": 0.0
        },
        {
            "throttle": 0.26257279498153385,
            "brake": 0.0432685687983847,
            "steer": 0.0
        },
        {
            "throttle": 0.273935271981666,
            "brake": 0.03894171191854623,
            "steer": 0.0
        },
        {
            "throttle": 0.2875574284533017,
            "brake": 0.035047540726691605,
            "steer": 0.0
        },
        {
            "throttle": 0.30333889218025417,
            "brake": 0.031542786654022444,
            "steer": 0.0
        },
        {
            "throttle": 0.32113940627473886,
            "brake": 0.0283885079886202,
            "steer": 0.0
        },
        {
            "throttle": 0.3407817448753498,
            "brake": 0.02554965718975818,
            "steer": 0.0
        },
        {
            "throttle": 0.36205506018693395,
            "brake": 0.022994691470782362,
            "steer": 0.0
        },
        {
            "throttle": 0.384718622687831,
            "brake": 0.020695222323704125,
            "steer": 0.0
        },
        {
            "throttle": 0.40850590982893276,
            "brake": 0.018625700091333713,
            "steer": 0.0
        },
        {
            "throttle": 0.43312899277407363,
            "brake": 0.01676313008220034,
            "steer": 0.0
        },
        {
            "throttle": 0.4582831657549796,
            "brake": 0.015086817073980307,
            "steer": 0.0
        },
        {
            "throttle": 0.48365175849858255,
            "brake": 0.013578135366582277,
            "steer": 0.0
        },
        {
            "throttle": 0.5089110689807739,
            "brake": 0.012220321829924049,
            "steer": 0.0
        },
        {
            "throttle": 0.5337353515072868,
            "brake": 0.010998289646931645,
            "steer": 0.0
        },
        {
            "throttle": 0.5578017938452141,
            "brake": 0.00989846068223848,
            "steer": 0.0
        },
        {
            "throttle": 0.5807954168403269,
            "brake": 0.008908614614014633,
            "steer": 0.0
        },
        {
            "throttle": 0.6024138306550051,
            "brake": 0.00801775315261317,
            "steer": 0.0
        },
        {
            "throttle": 0.6223717834348848,
            "brake": 0.007215977837351853,
            "steer": 0.0
        },
        {
            "throttle": 0.6404054408315429,
            "brake": 0.006494380053616668,
            "steer": 0.0
        },
        {
            "throttle": 0.6562763383329613,
            "brake": 0.005844942048255001,
            "steer": 0.0
        },
        {
            "throttle": 0.6697749527299414,
            "brake": 0.005260447843429501,
            "steer": 0.0
        },
        {
            "throttle": 0.6807238442101261,
            "brake": 0.0047344030590865515,
            "steer": 0.0
        },
        {
            "throttle": 0.6889803264460077,
            "brake": 0.004260962753177897,
            "steer": 0.0
        },
        {
            "throttle": 0.6944386285436216,
            "brake": 0.003834866477860107,
            "steer": 0.0
        },
        {
            "throttle": 0.6970315197502773,
            "brake": 0.0034513798300740963,
            "steer": 0.0
        },
        {
            "throttle": 0.6967313752810635,
            "brake": 0.003106241847066687,
            "steer": 0.0
        },
        {
            "throttle": 0.6935506694074923,
            "brake": 0.002795617662360018,
            "steer": 0.0
        },
        {
            "throttle": 0.687541889945632,
            "brake": 0.0025160558961240163,
            "steer": 0.0
        },
        {
            "throttle": 0.6787968763706995,
            "brake": 0.0022644503065116146,
            "steer": 0.0
        },
        {
            "throttle": 0.6674455918544088,
            "brake": 0.0020380052758604533,
            "steer": 0.0
        },
        {
            "throttle": 0.6536543474548832,
            "brake": 0.001834204748274408,
            "steer": 0.0
        },
        {
            "throttle": 0.6376235043731535,
            "brake": 0.0016507842734469673,
            "steer": 0.0
        },
        {
            "throttle": 0.6195846875153332,
            "brake": 0.0014857058461022706,
            "steer": 0.0
        },
        {
            "throttle": 0.5997975504608255,
            "brake": 0.0013371352614920437,
            "steer": 0.0
        },
        {
            "throttle": 0.5785461382363649,
            "brake": 0.0012034217353428392,
            "steer": 0.0
        },
        {
            "throttle": 0.5561348999433651,
            "brake": 0.0010830795618085554,
            "steer": 0.0
        },
        {
            "throttle": 0.5328844082012646,
            "brake": 0.0009747716056276999,
            "steer": 0.0
        },
        {
            "throttle": 0.5091268464821264,
            "brake": 0.0008772944450649299,
            "steer": 0.0
        },
        {
            "throttle": 0.4852013286628554,
            "brake": 0.000789565000558437,
            "steer": 0.0
        },
        {
            "throttle": 0.46144911746454215,
            "brake": 0.0007106085005025933,
            "steer": 0.0
        },
        {
            "throttle": 0.4382088098499897,
            "brake": 0.000639547650452334,
            "steer": 0.0
        },
        {
            "throttle": 0.415811557890236,
            "brake": 0.0005755928854071006,
            "steer": 0.0
        },
        {
            "throttle": 0.39457639308226977,
            "brake": 0.0005180335968663905,
            "steer": 0.0
        },
        {
            "throttle": 0.37480572061037953,
            "brake": 0.00046623023717975147,
            "steer": 0.0
        },
        {
            "throttle": 0.3567810476135228,
            "brake": 0.0004196072134617763,
            "steer": 0.0
        },
        {
            "throttle": 0.3407590061849784,
            "brake": 0.0003776464921155987,
            "steer": 0.0
        },
        {
            "throttle": 0.3269677276354311,
            "brake": 0.0003398818429040388,
            "steer": 0.0
        },
        {
            "throttle": 0.3156036195558187,
            "brake": 0.00030589365861363494,
            "steer": 0.0
        },
        {
            "throttle": 0.3068285914923846,
            "brake": 0.00027530429275227146,
            "steer": 0.0
        },
        {
            "throttle": 0.30076776867441557,
            "brake": 0.00024777386347704433,
            "steer": 0.0
        },
        {
            "throttle": 0.29750772630529854,
            "brake": 0.0002229964771293399,
            "steer": 0.0
        },
        {
            "throttle": 0.2970952695379143,
            "brake": 0.0002006968294164059,
            "steer": 0.0
        },
        {
            "throttle": 0.29953677651065147,
            "brake": 0.00018062714647476533,
            "steer": 0.0
        },
        {
            "throttle": 0.3047981138301547,
            "brake": 0.0001625644318272888,
            "steer": 0.0
        },
        {
            "throttle": 0.3128051257645076,
            "brake": 0.00014630798864455992,
            "steer": 0.0
        },
        {
            "throttle": 0.3234446902709432,
            "brake": 0.00013167718978010392,
            "steer": 0.0
        },
        {
            "throttle": 0.33656632694070565,
            "brake": 0.00011850947080209353,
            "steer": 0.0
        },
        {
            "throttle": 0.3519843341142722,
            "brake": 0.00010665852372188419,
            "steer": 0.0
        },
        {
            "throttle": 0.36948042491373134,
            "brake": 9.599267134969576e-05,
            "steer": 0.0
        },
        {
            "throttle": 0.3888068248620481,
            "brake": 8.63934042147262e-05,
            "steer": 0.0
        },
        {
            "throttle": 0.40968978721151866,
            "brake": 7.775406379325357e-05,
            "steer": 0.0
        },
        {
            "throttle": 0.43183347617869355,
            "brake": 6.997865741392821e-05,
            "steer": 0.0
        },
        {
            "throttle": 0.454924163064389,
            "brake": 6.29807916725354e-05,
            "steer": 0.0
        },
        {
            "throttle": 0.4786346757990537,
            "brake": 5.668271250528186e-05,
            "steer": 0.0
        },
        {
            "throttle": 0.5026290388586068,
            "brake": 5.101444125475368e-05,
            "steer": 0.0
        },
        {
            "throttle": 0.5265672377948379,
            "brake": 4.591299712927831e-05,
            "steer": 0.0
        },
        {
            "throttle": 0.5501100408558458,
            "brake": 4.132169741635048e-05,
            "steer": 0.0
        },
        {
            "throttle": 0.5729238093608101,
            "brake": 3.718952767471543e-05,
            "steer": 0.0
        },
        {
            "throttle": 0.5946852286511557,
            "brake": 3.347057490724389e-05,
            "steer": 0.0
        },
        {
            "throttle": 0.6150858925645868,
            "brake": 3.0123517416519504e-05,
            "steer": 0.0
        },
        {
            "throttle": 0.6338366764536163,
            "brake": 2.7111165674867554e-05,
            "steer": 0.0
        },
        {
            "throttle": 0.6506718367666395,
            "brake": 2.44000491073808e-05,
            "steer": 0.0
        },
        {
            "throttle": 0.6653527790848177,
            "brake": 2.196004419664272e-05,
            "steer": 0.0
        },
        {
            "throttle": 0.6776714412070974,
            "brake": 1.976403977697845e-05,
            "steer": 0.0
        },
        {
            "throttle": 0.6874532433319711,
            "brake": 1.7787635799280606e-05,
            "steer": 0.0
        },
        {
            "throttle": 0.6945595635207165,
            "brake": 1.6008872219352546e-05,
            "steer": 0.0
        },
        {
            "throttle": 0.6988897033558557,
            "brake": 1.4407984997417292e-05,
            "steer": 0.0
        },
        {
            "throttle": 0.7003823159350296,
            "brake": 1.2967186497675564e-05,
            "steer": 0.0
        },
        {
            "throttle": 0.6990162759619611,
            "brake": 1.1670467847908008e-05,
            "steer": 0.0
        },
        {
            "throttle": 0.6948109796046074,
            "brake": 1.0503421063117206e-05,
            "steer": 0.0
        },
        {
            "throttle": 0.6878260698738833,
            "brake": 9.453078956805486e-06,
            "steer": 0.0
        },
        {
            "throttle": 0.6781605914198614,
            "brake": 8.507771061124937e-06,
            "steer": 0.0
        },
        {
            "throttle": 0.6659515867306749,
            "brake": 7.656993955012444e-06,
            "steer": 0.0
        },
        {
            "throttle": 0.6513721536378096,
            "brake": 6.8912945595111995e-06,
            "steer": 0.0
        },
        {
            "throttle": 0.6346289916678043,
            "brake": 6.20216510356008e-06,
            "steer": 0.0
        },
        {
            "throttle": 0.6159594720263215,
            "brake": 5.5819485932040725e-06,
            "steer": 0.0
        },
        {
            "throttle": 0.5956282727534018,
            "brake": 5.023753733883665e-06,
            "steer": 0.0
        },
        {
            "throttle": 0.5739236267527157,
            "brake": 4.521378360495299e-06,
            "steer": 0.0
        },
        {
            "throttle": 0.551153235885409,
            "brake": 4.069240524445769e-06,
            "steer": 0.0
        },
        {
            "throttle": 0.5276399090528996,
            "brake": 3.662316472001192e-06,
            "steer": 0.0
        },
        {
            "throttle": 0.5037169861056122,
            "brake": 3.2960848248010726e-06,
            "steer": 0.0
        },
        {
            "throttle": 0.4797236124506703,
            "brake": 2.9664763423209656e-06,
            "steer": 0.0
        },
        {
            "throttle": 0.4559999313479549,
            "brake": 2.669828708088869e-06,
            "steer": 0.0
        },
        {
            "throttle": 0.4328822620506901,
            "brake": 2.4028458372799823e-06,
            "steer": 0.0
        },
        {
            "throttle": 0.4106983321472764,
            "brake": 2.162561253551984e-06,
            "steer": 0.0
        },
        {
            "throttle": 0.3897626316926304,
            "brake": 1.9463051281967855e-06,
            "steer": 0.0
        },
        {
            "throttle": 0.37037195499068243,
            "brake": 1.751674615377107e-06,
            "steer": 0.0
        },
        {
            "throttle": 0.3528011932294253,
            "brake": 1.5765071538393962e-06,
            "steer": 0.0
        },
        {
            "throttle": 0.3372994376136919,
            "brake": 1.4188564384554566e-06,
            "steer": 0.0
        }
    ],
    "parameters": {
        "cloudiness": 49.4782424529189,
        "fog_density": 20.585324724381824,
        "initial_distance": 62.17663164425889,
        "initial_ego_velocity": 9.699767966434283,
        "initial_lead_velocity": 11.618975797231204,
        "lead_base_throttle": 0.498752884352501,
        "lead_behavior_frequency": 0.18960826220134958,
        "lead_brake_duration": 9.645838167919305,
        "lead_brake_intensity": 0.5809782506916419,
        "lead_brake_probability": 0.07741573955634226,
        "lead_throttle_variation": 0.3041966718520621,
        "precipitation": 47.87168908973541,
        "precipitation_deposits": 59.49852891867469,
        "sun_altitude_angle": 42.1172039493336,
        "wind_intensity": 7.3405251668407665
    },
    "config": {
        "num_timesteps": 200,
        "dt": 0.1,
        "seed": 52
    }
}