{
    "weather": {
        "cloudiness": 75.95452223638173,
        "precipitation": 34.481697426960835,
        "precipitation_deposits": 85.64440894772615,
        "wind_intensity": 20.537747102238207,
        "sun_altitude_angle": 25.802063432450396,
        "fog_density": 6.230826819845605,
        "fog_distance": 812.4554254009211,
        "wetness": 17.240848713480418
    },
    "initial_conditions": {
        "ego": {
            "position": {
                "x": 516.6591464712105,
                "y": 20.57,
                "z": 0.294
            },
            "yaw": 0.0,
            "velocity": 5.280386746433136
        },
        "lead": {
            "position": {
                "x": 484.88,
                "y": 20.57,
                "z": 0.294
            },
            "yaw": 0.0,
            "velocity": 23.83048301996695
        }
    },
    "ego": {
        "position": {
            "x": 516.6591464712105,
            "y": 20.57,
            "z": 0.294
        },
        "yaw": 0.0,
        "velocity": 5.280386746433136
    },
    "lead": {
        "position": {
            "x": 484.88,
            "y": 20.57,
            "z": 0.294
        },
        "yaw": 0.0,
        "velocity": 23.83048301996695
    },
    "ado_actions": [
        {
            "throttle": 0.3393070036067116,
            "brake": 0.0,
            "steer": 0.0
        },
        {
            "throttle": 0.34117379191433395,
            "brake": 0.0,
            "steer": 0.0
        },
        {
            "throttle": 0.3446975455892095,
            "brake": 0.0,
            "steer": 0.0
        },
        {
            "throttle": 0.3496665668119561,
            "brake": 0.0,
            "steer": 0.0
        },
        {
            "throttle": 0.35586804068780536,
            "brake": 0.0,
            "steer": 0.0
        },
        {
            "throttle": 0.36308899357836205,
            "brake": 0.0,
            "steer": 0.0
        },
        {
            "throttle": 0.37111742141238674,
            "brake": 0.0,
            "steer": 0.0
        },
        {
            "throttle": 0.3797435571859099,
            "brake": 0.0,
            "steer": 0.0
        },
        {
            "throttle": 0.38876124681645147,
            "brake": 0.0,
            "steer": 0.0
        },
        {
            "throttle": 0.3979694026848626,
            "brake": 0.0,
            "steer": 0.0
        },
        {
            "throttle": 0.4071735045960385,
            "brake": 0.0,
            "steer": 0.0
        },
        {
            "throttle": 0.4161871185266602,
            "brake": 0.0,
            "steer": 0.0
        },
        {
            "throttle": 0.4248334044099212,
            "brake": 0.0,
            "steer": 0.0
        },
        {
            "throttle": 0.4329465853352029,
            "brake": 0.0,
            "steer": 0.0
        },
        {
            "throttle": 0.44037335191190957,
            "brake": 0.0,
            "steer": 0.0
        },
        {
            "throttle": 0.4469741771540896,
            "brake": 0.0,
            "steer": 0.0
        },
        {
            "throttle": 0.45262451907504964,
            "brake": 0.0,
            "steer": 0.0
        },
        {
            "throttle": 0.45721589022422665,
            "brake": 0.0,
            "steer": 0.0
        },
        {
            "throttle": 0.46065677563402907,
            "brake": 0.0,
            "steer": 0.0
        },
        {
            "throttle": 0.46287338305097997,
            "brake": 0.0,
            "steer": 0.0
        },
        {
            "throttle": 0.46381021187931615,
            "brake": 0.0,
            "steer": 0.0
        },
        {
            "throttle": 0.4634304299398312,
            "brake": 0.0,
            "steer": 0.0
        },
        {
            "throttle": 0.46171604991377563,
            "brake": 0.0,
            "steer": 0.0
        },
        {
            "throttle": 0.4586679001710186,
            "brake": 0.0,
            "steer": 0.0
        },
        {
            "throttle": 0.45430538754218797,
            "brake": 0.0,
            "steer": 0.0
        },
        {
            "throttle": 0.4486660524541444,
            "brake": 0.0,
            "steer": 0.0
        },
        {
            "throttle": 0.44180491967456165,
            "brake": 0.0,
            "steer": 0.0
        },
        {
            "throttle": 0.433793650672345,
            "brake": 0.0,
            "steer": 0.0
        },
        {
            "throttle": 0.4247195062644151,
            "brake": 0.0,
            "steer": 0.0
        },
        {
            "throttle": 0.41468413075525384,
            "brake": 0.0,
            "steer": 0.0
        },
        {
            "throttle": 0.4038021711541635,
            "brake": 0.0,
            "steer": 0.0
        },
        {
            "throttle": 0.3921997472487758,
            "brake": 0.0,
            "steer": 0.0
        },
        {
            "throttle": 0.38001279029641893,
            "brake": 0.0,
            "steer": 0.0
        },
        {
            "throttle": 0.3673852698444199,
            "brake": 0.0,
            "steer": 0.0
        },
        {
            "throttle": 0.35446732968592926,
            "brake": 0.0,
            "steer": 0.0
        },
        {
            "throttle": 0.34141335518207605,
            "brake": 0.0,
            "steer": 0.0
        },
        {
            "throttle": 0.3283799951200949,
            "brake": 0.0,
            "steer": 0.0
        },
        {
            "throttle": 0.3155241619198599,
            "brake": 0.0,
            "steer": 0.0
        },
        {
            "throttle": 0.3030010343409124,
            "brake": 0.0,
            "steer": 0.0
        },
        {
            "throttle": 0.2909620868751697,
            "brake": 0.0,
            "steer": 0.0
        },
        {
            "throttle": 0.2795531697373469,
            "brake": 0.0,
            "steer": 0.0
        },
        {
            "throttle": 0.26891266278974263,
            "brake": 0.0,
            "steer": 0.0
        },
        {
            "throttle": 0.25916972586814435,
            "brake": 0.0,
            "steer": 0.0
        },
        {
            "throttle": 0.25044266682249927,
            "brake": 0.0,
            "steer": 0.0
        },
        {
            "throttle": 0.24283744716444097,
            "brake": 0.0,
            "steer": 0.0
        },
        {
            "throttle": 0.23644634354180194,
            "brake": 0.0,
            "steer": 0.0
        },
        {
            "throttle": 0.23134678135898495,
            "brake": 0.0,
            "steer": 0.0
        },
        {
            "throttle": 0.22760035475542584,
            "brake": 0.0,
            "steer": 0.0
        },
        {
            "throttle": 0.22525204486877887,
            "brake": 0.0,
            "steer": 0.0
        },
        {
            "throttle": 0.22432964587350734,
            "brake": 0.0,
            "steer": 0.0
        },
        {
            "throttle": 0.22484340572971495,
            "brake": 0.0,
            "steer": 0.0
        },
        {
            "throttle": 0.22678588593321702,
            "brake": 0.0,
            "steer": 0.0
        },
        {
            "throttle": 0.2301320418590065,
            "brake": 0.0,
            "steer": 0.0
        },
        {
            "throttle": 0.23483952257005475,
            "brake": 0.0,
            "steer": 0.0
        },
        {
            "throttle": 0.24084918625569357,
            "brake": 0.0,
            "steer": 0.0
        },
        {
            "throttle": 0.2480858248023645,
            "brake": 0.0,
            "steer": 0.0
        },
        {
            "throttle": 0.2564590884174261,
            "brake": 0.0,
            "steer": 0.0
        },
        {
            "throttle": 0.2658645987561088,
            "brake": 0.0,
            "steer": 0.0
        },
        {
            "throttle": 0.2761852366733366,
            "brake": 0.0,
            "steer": 0.0
        },
        {
            "throttle": 0.2872925885649606,
            "brake": 0.0,
            "steer": 0.0
        },
        {
            "throttle": 0.2990485333037994,
            "brake": 0.0,
            "steer": 0.0
        },
        {
            "throttle": 0.3113069500391242,
            "brake": 0.0,
            "steer": 0.0
        },
        {
            "throttle": 0.3239155256354641,
            "brake": 0.0,
            "steer": 0.0
        },
        {
            "throttle": 0.3367176392964102,
            "brake": 0.0,
            "steer": 0.0
        },
        {
            "throttle": 0.3495543009667711,
            "brake": 0.0,
            "steer": 0.0
        },
        {
            "throttle": 0.3622661194438422,
            "brake": 0.0,
            "steer": 0.0
        },
        {
            "throttle": 0.37469527576394746,
            "brake": 0.0,
            "steer": 0.0
        },
        {
            "throttle": 0.386687477368367,
            "brake": 0.0,
            "steer": 0.0
        },
        {
            "throttle": 0.39809386879407593,
            "brake": 0.0,
            "steer": 0.0
        },
        {
            "throttle": 0.40877287517643507,
            "brake": 0.0,
            "steer": 0.0
        },
        {
            "throttle": 0.41859195568640506,
            "brake": 0.0,
            "steer": 0.0
        },
        {
            "throttle": 0.427429245143672,
            "brake": 0.0,
            "steer": 0.0
        },
        {
            "throttle": 0.43517506343542933,
            "brake": 0.0,
            "steer": 0.0
        },
        {
            "throttle": 0.4417332740112649,
            "brake": 0.0,
            "steer": 0.0
        },
        {
            "throttle": 0.447022474597334,
            "brake": 0.0,
            "steer": 0.0
        },
        {
            "throttle": 0.4509770053545604,
            "brake": 0.0,
            "steer": 0.0
        },
        {
            "throttle": 0.45354776197020075,
            "brake": 0.0,
            "steer": 0.0
        },
        {
            "throttle": 0.4547028035916814,
            "brake": 0.0,
            "steer": 0.0
        },
        {
            "throttle": 0.45442774805617775,
            "brake": 0.0,
            "steer": 0.0
        },
        {
            "throttle": 0.45272594950742207,
            "brake": 0.0,
            "steer": 0.0
        },
        {
            "throttle": 0.4496184561900045,
            "brake": 0.0,
            "steer": 0.0
        },
        {
            "throttle": 0.4451437489375193,
            "brake": 0.0,
            "steer": 0.0
        },
        {
            "throttle": 0.4393572635905167,
            "brake": 0.0,
            "steer": 0.0
        },
        {
            "throttle": 0.43233070325964396,
            "brake": 0.0,
            "steer": 0.0
        },
        {
            "throttle": 0.42415114895537964,
            "brake": 0.0,
            "steer": 0.0
        },
        {
            "throttle": 0.4149199796060837,
            "brake": 0.0,
            "steer": 0.0
        },
        {
            "throttle": 0.40475161484970906,
            "brake": 0.0,
            "steer": 0.0
        },
        {
            "throttle": 0.3937720961821498,
            "brake": 0.0,
            "steer": 0.0
        },
        {
            "throttle": 0.3821175240495919,
            "brake": 0.0,
            "steer": 0.0
        },
        {
            "throttle": 0.3699323702585451,
            "brake": 0.0,
            "steer": 0.0
        },
        {
            "throttle": 0.3573676866233207,
            "brake": 0.0,
            "steer": 0.0
        },
        {
            "throttle": 0.3445792320574165,
            "brake": 0.0,
            "steer": 0.0
        },
        {
            "throttle": 0.33172554132663,
            "brake": 0.0,
            "steer": 0.0
        },
        {
            "throttle": 0.3189659594052048,
            "brake": 0.0,
            "steer": 0.0
        },
        {
            "throttle": 0.306458665802957,
            "brake": 0.0,
            "steer": 0.0
        },
        {
            "throttle": 0.29435871335584385,
            "brake": 0.0,
            "steer": 0.0
        },
        {
            "throttle": 0.2828161057932768,
            "brake": 0.0,
            "steer": 0.0
        },
        {
            "throttle": 0.27197393791487995,
            "brake": 0.0,
            "steer": 0.0
        },
        {
            "throttle": 0.26196662143329735,
            "brake": 0.0,
            "steer": 0.0
        },
        {
            "throttle": 0.25291821847770096,
            "brake": 0.0,
            "steer": 0.0
        },
        {
            "throttle": 0.2449409034179906,
            "brake": 0.0,
            "steer": 0.0
        },
        {
            "throttle": 0.23813357207887875,
            "brake": 0.0,
            "steer": 0.0
        },
        {
            "throttle": 0.23258061558581938,
            "brake": 0.0,
            "steer": 0.0
        },
        {
            "throttle": 0.22835087404374163,
            "brake": 0.0,
            "steer": 0.0
        },
        {
            "throttle": 0.22549678302008103,
            "brake": 0.0,
            "steer": 0.0
        },
        {
            "throttle": 0.22405372341330915,
            "brake": 0.0,
            "steer": 0.0
        },
        {
            "throttle": 0.22403958276668004,
            "brake": 0.0,
            "steer": 0.0
        },
        {
            "throttle": 0.22545453346550134,
            "brake": 0.0,
            "steer": 0.0
        },
        {
            "throttle": 0.22828103056739962,
            "brake": 0.0,
            "steer": 0.0
        },
        {
            "throttle": 0.23248402929211795,
            "brake": 0.0,
            "steer": 0.0
        },
        {
            "throttle": 0.238011419474121,
            "brake": 0.0,
            "steer": 0.0
        },
        {
            "throttle": 0.24479467159144824,
            "brake": 0.0,
            "steer": 0.0
        },
        {
            "throttle": 0.25274968636120143,
            "brake": 0.0,
            "steer": 0.0
        },
        {
            "throttle": 0.26177783736829474,
            "brake": 0.0,
            "steer": 0.0
        },
        {
            "throttle": 0.2717671938009286,
            "brake": 0.0,
            "steer": 0.0
        },
        {
            "throttle": 0.28259390813333796,
            "brake": 0.0,
            "steer": 0.0
        },
        {
            "throttle": 0.2941237515513982,
            "brake": 0.0,
            "steer": 0.0
        },
        {
            "throttle": 0.30621377808499894,
            "brake": 0.0,
            "steer": 0.0
        },
        {
            "throttle": 0.31871409681542884,
            "brake": 0.0,
            "steer": 0.0
        },
        {
            "throttle": 0.3314697301861328,
            "brake": 0.0,
            "steer": 0.0
        },
        {
            "throttle": 0.34432253537772217,
            "brake": 0.0,
            "steer": 0.0
        },
        {
            "throttle": 0.3571131649262693,
            "brake": 0.0,
            "steer": 0.0
        },
        {
            "throttle": 0.36968304227739834,
            "brake": 0.0,
            "steer": 0.0
        },
        {
            "throttle": 0.3818763277835204,
            "brake": 0.0,
            "steer": 0.0
        },
        {
            "throttle": 0.3935418507700547,
            "brake": 0.0,
            "steer": 0.0
        },
        {
            "throttle": 0.4045349837171554,
            "brake": 0.0,
            "steer": 0.0
        },
        {
            "throttle": 0.4147194353211111,
            "brake": 0.0,
            "steer": 0.0
        },
        {
            "throttle": 0.4239689402053074,
            "brake": 0.0,
            "steer": 0.0
        },
        {
            "throttle": 0.4321688243319666,
            "brake": 0.0,
            "steer": 0.0
        },
        {
            "throttle": 0.43921742670692443,
            "brake": 0.0,
            "steer": 0.0
        },
        {
            "throttle": 0.4450273597513615,
            "brake": 0.0,
            "steer": 0.0
        },
        {
            "throttle": 0.4495265927145883,
            "brake": 0.0,
            "steer": 0.0
        },
        {
            "throttle": 0.4526593446958937,
            "brake": 0.0,
            "steer": 0.0
        },
        {
            "throttle": 0.4543867762039009,
            "brake": 0.0,
            "steer": 0.0
        },
        {
            "throttle": 0.4546874706795757,
            "brake": 0.0,
            "steer": 0.0
        },
        {
            "throttle": 0.4535577000130269,
            "brake": 0.0,
            "steer": 0.0
        },
        {
            "throttle": 0.45101147076224735,
            "brake": 0.0,
            "steer": 0.0
        },
        {
            "throttle": 0.4470803505007654,
            "brake": 0.0,
            "steer": 0.0
        },
        {
            "throttle": 0.44181307644710044,
            "brake": 0.0,
            "steer": 0.0
        },
        {
            "throttle": 0.43527495122815,
            "brake": 0.0,
            "steer": 0.0
        },
        {
            "throttle": 0.427547033267712,
            "brake": 0.0,
            "steer": 0.0
        },
        {
            "throttle": 0.41872513183754995,
            "brake": 0.0,
            "steer": 0.0
        },
        {
            "throttle": 0.4089186192301672,
            "brake": 0.0,
            "steer": 0.0
        },
        {
            "throttle": 0.3982490747797519,
            "brake": 0.0,
            "steer": 0.0
        },
        {
            "throttle": 0.38684877754246977,
            "brake": 0.0,
            "steer": 0.0
        },
        {
            "throttle": 0.3748590663235796,
            "brake": 0.0,
            "steer": 0.0
        },
        {
            "throttle": 0.36242858738345596,
            "brake": 0.0,
            "steer": 0.0
        },
        {
            "throttle": 0.3497114515471409,
            "brake": 0.0,
            "steer": 0.0
        },
        {
            "throttle": 0.3368653235652487,
            "brake": 0.0,
            "steer": 0.0
        },
        {
            "throttle": 0.3240494674139802,
            "brake": 0.0,
            "steer": 0.0
        },
        {
            "throttle": 0.3114227717682668,
            "brake": 0.0,
            "steer": 0.0
        },
        {
            "throttle": 0.29914178012787107,
            "brake": 0.0,
            "steer": 0.0
        },
        {
            "throttle": 0.2873587500185876,
            "brake": 0.0,
            "steer": 0.0
        },
        {
            "throttle": 0.27621976533021914,
            "brake": 0.0,
            "steer": 0.0
        },
        {
            "throttle": 0.265862925194222,
            "brake": 0.0,
            "steer": 0.0
        },
        {
            "throttle": 0.2564166318549923,
            "brake": 0.0,
            "steer": 0.0
        },
        {
            "throttle": 0.24799799876145703,
            "brake": 0.0,
            "steer": 0.0
        },
        {
            "throttle": 0.2407113986151656,
            "brake": 0.0,
            "steer": 0.0
        },
        {
            "throttle": 0.23464716937592095,
            "brake": 0.0,
            "steer": 0.0
        },
        {
            "throttle": 0.22988049426766116,
            "brake": 0.0,
            "steer": 0.0
        },
        {
            "throttle": 0.22647046967007745,
            "brake": 0.0,
            "steer": 0.0
        },
        {
            "throttle": 0.22445937245208114,
            "brake": 0.0,
            "steer": 0.0
        },
        {
            "throttle": 0.22387213583058788,
            "brake": 0.0,
            "steer": 0.0
        },
        {
            "throttle": 0.22471604025282735,
            "brake": 0.0,
            "steer": 0.0
        },
        {
            "throttle": 0.22698062313456352,
            "brake": 0.0,
            "steer": 0.0
        },
        {
            "throttle": 0.23063780857327396,
            "brake": 0.0,
            "steer": 0.0
        },
        {
            "throttle": 0.23564225542812656,
            "brake": 0.0,
            "steer": 0.0
        },
        {
            "throttle": 0.24193191945131903,
            "brake": 0.0,
            "steer": 0.0
        },
        {
            "throttle": 0.24942882250157603,
            "brake": 0.0,
            "steer": 0.0
        },
        {
            "throttle": 0.25804001930323095,
            "brake": 0.0,
            "steer": 0.0
        },
        {
            "throttle": 0.26765874976518483,
            "brake": 0.0,
            "steer": 0.0
        },
        {
            "throttle": 0.27816576257349623,
            "brake": 0.0,
            "steer": 0.0
        },
        {
            "throttle": 0.2894307936479353,
            "brake": 0.0,
            "steer": 0.0
        },
        {
            "throttle": 0.301314181132861,
            "brake": 0.0,
            "steer": 0.0
        },
        {
            "throttle": 0.3136685969000508,
            "brake": 0.0,
            "steer": 0.0
        },
        {
            "throttle": 0.32634087309661775,
            "brake": 0.0,
            "steer": 0.0
        },
        {
            "throttle": 0.3391739010927995,
            "brake": 0.0,
            "steer": 0.0
        },
        {
            "throttle": 0.3520085792868002,
            "brake": 0.0,
            "steer": 0.0
        },
        {
            "throttle": 0.36468578561814835,
            "brake": 0.0,
            "steer": 0.0
        },
        {
            "throttle": 0.37704835033469913,
            "brake": 0.0,
            "steer": 0.0
        },
        {
            "throttle": 0.38894300455526765,
            "brake": 0.0,
            "steer": 0.0
        },
        {
            "throttle": 0.4002222804699583,
            "brake": 0.0,
            "steer": 0.0
        },
        {
            "throttle": 0.41074633961984564,
            "brake": 0.0,
            "steer": 0.0
        },
        {
            "throttle": 0.42038470658931903,
            "brake": 0.0,
            "steer": 0.0
        },
        {
            "throttle": 0.42901788661708173,
            "brake": 0.0,
            "steer": 0.0
        },
        {
            "throttle": 0.43653884707095114,
            "brake": 0.0,
            "steer": 0.0
        },
        {
            "throttle": 0.44285434441939814,
            "brake": 0.0,
            "steer": 0.0
        },
        {
            "throttle": 0.44788608024826837,
            "brake": 0.0,
            "steer": 0.0
        },
        {
            "throttle": 0.4515716719905963,
            "brake": 0.0,
            "steer": 0.0
        },
        {
            "throttle": 0.45386542633457483,
            "brake": 0.0,
            "steer": 0.0
        },
        {
            "throttle": 0.4547389057211075,
            "brake": 0.0,
            "steer": 0.0
        },
        {
            "throttle": 0.4541812809076056,
            "brake": 0.0,
            "steer": 0.0
        },
        {
            "throttle": 0.45219946522700877,
            "brake": 0.0,
            "steer": 0.0
        },
        {
            "throttle": 0.4488180288775072,
            "brake": 0.0,
            "steer": 0.0
        },
        {
            "throttle": 0.44407889430558883,
            "brake": 0.0,
            "steer": 0.0
        },
        {
            "throttle": 0.4380408164589958,
            "brake": 0.0,
            "steer": 0.0
        },
        {
            "throttle": 0.43077865435332363,
            "brake": 0.0,
            "steer": 0.0
        },
        {
            "throttle": 0.42238244298324945,
            "brake": 0.0,
            "steer": 0.0
        },
        {
            "throttle": 0.4129562770846698,
            "brake": 0.0,
            "steer": 0.0
        },
        {
            "throttle": 0.4026170205866661,
            "brake": 0.0,
            "steer": 0.0
        }
    ],
    "parameters": {
        "cloudiness": 75.95452223638173,
        "fog_density": 6.230826819845605,
        "initial_distance": 31.779146471210534,
        "initial_ego_velocity": 5.280386746433136,
        "initial_lead_velocity": 23.83048301996695,
        "lead_base_throttle": 0.3393070036067116,
        "lead_behavior_frequency": 0.17730355186684094,
        "lead_brake_duration": 7.265975380419477,
        "lead_brake_intensity": 0.6080815826016556,
        "lead_brake_probability": 0.0392806781267793,
        "lead_throttle_variation": 0.16791769065258616,
        "precipitation": 34.481697426960835,
        "precipitation_deposits": 85.64440894772615,
        "sun_altitude_angle": 25.802063432450396,
        "wind_intensity": 20.537747102238207
    },
    "config": {
        "num_timesteps": 200,
        "dt": 0.1,
        "seed": 58
    }
}