{
    "weather": {
        "cloudiness": 23.41567038482042,
        "precipitation": 65.7872945500398,
        "precipitation_deposits": 86.28982805992047,
        "wind_intensity": 39.67108342225935,
        "sun_altitude_angle": 30.279055235074075,
        "fog_density": 22.246192180178078,
        "fog_distance": 476.3798497360041,
        "wetness": 32.8936472750199
    },
    "initial_conditions": {
        "ego": {
            "position": {
                "x": 555.9743408734994,
                "y": 20.57,
                "z": 0.294
            },
            "yaw": 0.0,
            "velocity": 12.53316705361896
        },
        "lead": {
            "position": {
                "x": 484.88,
                "y": 20.57,
                "z": 0.294
            },
            "yaw": 0.0,
            "velocity": 16.50877903393468
        }
    },
    "ego": {
        "position": {
            "x": 555.9743408734994,
            "y": 20.57,
            "z": 0.294
        },
        "yaw": 0.0,
        "velocity": 12.53316705361896
    },
    "lead": {
        "position": {
            "x": 484.88,
            "y": 20.57,
            "z": 0.294
        },
        "yaw": 0.0,
        "velocity": 16.50877903393468
    },
    "ado_actions": [
        {
            "throttle": 0.4362512658336158,
            "brake": 0.0,
            "steer": 0.0
        },
        {
            "throttle": 0.4369904528547264,
            "brake": 0.0,
            "steer": 0.0
        },
        {
            "throttle": 0.4383919006053224,
            "brake": 0.0,
            "steer": 0.0
        },
        {
            "throttle": 0.4403833800706478,
            "brake": 0.0,
            "steer": 0.0
        },
        {
            "throttle": 0.4428969142097794,
            "brake": 0.0,
            "steer": 0.0
        },
        {
            "throttle": 0.44586838927094585,
            "brake": 0.0,
            "steer": 0.0
        },
        {
            "throttle": 0.44923721691480445,
            "brake": 0.0,
            "steer": 0.0
        },
        {
            "throttle": 0.4529460418677378,
            "brake": 0.0,
            "steer": 0.0
        },
        {
            "throttle": 0.45694049030725103,
            "brake": 0.0,
            "steer": 0.0
        },
        {
            "throttle": 0.4611689546145598,
            "brake": 0.0,
            "steer": 0.0
        },
        {
            "throttle": 0.4655824105203581,
            "brake": 0.0,
            "steer": 0.0
        },
        {
            "throttle": 0.4701342630229335,
            "brake": 0.0,
            "steer": 0.0
        },
        {
            "throttle": 0.474780217777213,
            "brake": 0.0,
            "steer": 0.0
        },
        {
            "throttle": 0.47947817494252004,
            "brake": 0.0,
            "steer": 0.0
        },
        {
            "throttle": 0.4841881427389949,
            "brake": 0.0,
            "steer": 0.0
        },
        {
            "throttle": 0.488872168200637,
            "brake": 0.0,
            "steer": 0.0
        },
        {
            "throttle": 0.4934942828293338,
            "brake": 0.0,
            "steer": 0.0
        },
        {
            "throttle": 0.4980204610513505,
            "brake": 0.0,
            "steer": 0.0
        },
        {
            "throttle": 0.5024185895576303,
            "brake": 0.0,
            "steer": 0.0
        },
        {
            "throttle": 0.5066584457737375,
            "brake": 0.0,
            "steer": 0.0
        },
        {
            "throttle": 0.5107116838560228,
            "brake": 0.0,
            "steer": 0.0
        },
        {
            "throttle": 0.5145518267490676,
            "brake": 0.0,
            "steer": 0.0
        },
        {
            "throttle": 0.518154262966997,
            "brake": 0.0,
            "steer": 0.0
        },
        {
            "throttle": 0.5214962468789999,
            "brake": 0.0,
            "steer": 0.0
        },
        {
            "throttle": 0.5245569013884166,
            "brake": 0.0,
            "steer": 0.0
        },
        {
            "throttle": 0.5273172219959593,
            "brake": 0.0,
            "steer": 0.0
        },
        {
            "throttle": 0.5297600813318557,
            "brake": 0.0,
            "steer": 0.0
        },
        {
            "throttle": 0.47678407319867017,
            "brake": 0.03954795849985032,
            "steer": 0.0
        },
        {
            "throttle": 0.42910566587880317,
            "brake": 0.0751411211497156,
            "steer": 0.0
        },
        {
            "throttle": 0.3861950992909229,
            "brake": 0.10717496753459436,
            "steer": 0.0
        },
        {
            "throttle": 0.3475755893618306,
            "brake": 0.13600542928098525,
            "steer": 0.0
        },
        {
            "throttle": 0.31281803042564754,
            "brake": 0.16195284485273703,
            "steer": 0.0
        },
        {
            "throttle": 0.2815362273830828,
            "brake": 0.18530551886731367,
            "steer": 0.0
        },
        {
            "throttle": 0.2533826046447745,
            "brake": 0.20632292548043263,
            "steer": 0.0
        },
        {
            "throttle": 0.22804434418029706,
            "brake": 0.2252385914322397,
            "steer": 0.0
        },
        {
            "throttle": 0.20523990976226736,
            "brake": 0.24226269078886606,
            "steer": 0.0
        },
        {
            "throttle": 0.18471591878604063,
            "brake": 0.25758438020982977,
            "steer": 0.0
        },
        {
            "throttle": 0.16624432690743657,
            "brake": 0.27137390068869716,
            "steer": 0.0
        },
        {
            "throttle": 0.14961989421669292,
            "brake": 0.2837844691196778,
            "steer": 0.0
        },
        {
            "throttle": 0.13465790479502363,
            "brake": 0.29495398070756035,
            "steer": 0.0
        },
        {
            "throttle": 0.12119211431552127,
            "brake": 0.30500654113665465,
            "steer": 0.0
        },
        {
            "throttle": 0.10907290288396915,
            "brake": 0.3140538455228395,
            "steer": 0.0
        },
        {
            "throttle": 0.09816561259557223,
            "brake": 0.3221964194704059,
            "steer": 0.0
        },
        {
            "throttle": 0.088349051336015,
            "brake": 0.32952473602321564,
            "steer": 0.0
        },
        {
            "throttle": 0.07951414620241351,
            "brake": 0.3361202209207444,
            "steer": 0.0
        },
        {
            "throttle": 0.07156273158217216,
            "brake": 0.3420561573285203,
            "steer": 0.0
        },
        {
            "throttle": 0.11041328527980782,
            "brake": 0.30785054159566827,
            "steer": 0.0
        },
        {
            "throttle": 0.1446505153333396,
            "brake": 0.27706548743610143,
            "steer": 0.0
        },
        {
            "throttle": 0.17472902665580511,
            "brake": 0.2493589386924913,
            "steer": 0.0
        },
        {
            "throttle": 0.20106095420499256,
            "brake": 0.22442304482324216,
            "steer": 0.0
        },
        {
            "throttle": 0.22402022518365278,
            "brake": 0.20198074034091795,
            "steer": 0.0
        },
        {
            "throttle": 0.24394638278999162,
            "brake": 0.18178266630682616,
            "steer": 0.0
        },
        {
            "throttle": 0.26114801535131005,
            "brake": 0.16360439967614354,
            "steer": 0.0
        },
        {
            "throttle": 0.27590583034018196,
            "brake": 0.1472439597085292,
            "steer": 0.0
        },
        {
            "throttle": 0.28847540887227635,
            "brake": 0.13251956373767626,
            "steer": 0.0
        },
        {
            "throttle": 0.29908967277431986,
            "brake": 0.11926760736390864,
            "steer": 0.0
        },
        {
            "throttle": 0.3079610931505912,
            "brake": 0.10734084662751778,
            "steer": 0.0
        },
        {
            "throttle": 0.31528366653148915,
            "brake": 0.096606761964766,
            "steer": 0.0
        },
        {
            "throttle": 0.28375529987834025,
            "brake": 0.12649404426813973,
            "steer": 0.0
        },
        {
            "throttle": 0.25537976989050626,
            "brake": 0.15339259834117608,
            "steer": 0.0
        },
        {
            "throttle": 0.22984179290145565,
            "brake": 0.1776012970069088,
            "steer": 0.0
        },
        {
            "throttle": 0.20685761361131008,
            "brake": 0.19938912580606824,
            "steer": 0.0
        },
        {
            "throttle": 0.18617185225017907,
            "brake": 0.21899817172531175,
            "steer": 0.0
        },
        {
            "throttle": 0.16755466702516117,
            "brake": 0.2366463130526309,
            "steer": 0.0
        },
        {
            "throttle": 0.15079920032264504,
            "brake": 0.25252964024721813,
            "steer": 0.0
        },
        {
            "throttle": 0.13571928029038055,
            "brake": 0.26682463472234663,
            "steer": 0.0
        },
        {
            "throttle": 0.1221473522613425,
            "brake": 0.2796901297499623,
            "steer": 0.0
        },
        {
            "throttle": 0.10993261703520825,
            "brake": 0.29126907527481644,
            "steer": 0.0
        },
        {
            "throttle": 0.09893935533168742,
            "brake": 0.3016901262471851,
            "steer": 0.0
        },
        {
            "throttle": 0.08904541979851868,
            "brake": 0.31106907212231694,
            "steer": 0.0
        },
        {
            "throttle": 0.08014087781866681,
            "brake": 0.31951012340993556,
            "steer": 0.0
        },
        {
            "throttle": 0.07212679003680013,
            "brake": 0.3271070695687923,
            "steer": 0.0
        },
        {
            "throttle": 0.06491411103312011,
            "brake": 0.3339443211117634,
            "steer": 0.0
        },
        {
            "throttle": 0.05842269992980811,
            "brake": 0.3400978475004374,
            "steer": 0.0
        },
        {
            "throttle": 0.052580429936827294,
            "brake": 0.345636021250244,
            "steer": 0.0
        },
        {
            "throttle": 0.04732238694314456,
            "brake": 0.3506203776250699,
            "steer": 0.0
        },
        {
            "throttle": 0.04259014824883011,
            "brake": 0.35510629836241325,
            "steer": 0.0
        },
        {
            "throttle": 0.07059320627281898,
            "brake": 0.31959566852617194,
            "steer": 0.0
        },
        {
            "throttle": 0.09596595986400194,
            "brake": 0.28763610167355474,
            "steer": 0.0
        },
        {
            "throttle": 0.11901698153547699,
            "brake": 0.2588724915061993,
            "steer": 0.0
        },
        {
            "throttle": 0.14002310955015423,
            "brake": 0.23298524235557935,
            "steer": 0.0
        },
        {
            "throttle": 0.15923243961341849,
            "brake": 0.20968671812002143,
            "steer": 0.0
        },
        {
            "throttle": 0.17686702170427032,
            "brake": 0.1887180463080193,
            "steer": 0.0
        },
        {
            "throttle": 0.19312529225299946,
            "brake": 0.16984624167721737,
            "steer": 0.0
        },
        {
            "throttle": 0.20818426883217436,
            "brake": 0.15286161750949565,
            "steer": 0.0
        },
        {
            "throttle": 0.22220153178773533,
            "brake": 0.13757545575854607,
            "steer": 0.0
        },
        {
            "throttle": 0.23531701476822164,
            "brake": 0.12381791018269146,
            "steer": 0.0
        },
        {
            "throttle": 0.24765462388562978,
            "brake": 0.11143611916442232,
            "steer": 0.0
        },
        {
            "throttle": 0.25932370323678344,
            "brake": 0.1002925072479801,
            "steer": 0.0
        },
        {
            "throttle": 0.27042036270753184,
            "brake": 0.0902632565231821,
            "steer": 0.0
        },
        {
            "throttle": 0.28102868235391437,
            "brake": 0.0812369308708639,
            "steer": 0.0
        },
        {
            "throttle": 0.29122180618694193,
            "brake": 0.07311323778377751,
            "steer": 0.0
        },
        {
            "throttle": 0.30106293686493685,
            "brake": 0.06580191400539977,
            "steer": 0.0
        },
        {
            "throttle": 0.3106062416051275,
            "brake": 0.05922172260485979,
            "steer": 0.0
        },
        {
            "throttle": 0.31989767855153484,
            "brake": 0.053299550344373815,
            "steer": 0.0
        },
        {
            "throttle": 0.32897575186753436,
            "brake": 0.047969595309936434,
            "steer": 0.0
        },
        {
            "throttle": 0.33787220294841275,
            "brake": 0.04317263577894279,
            "steer": 0.0
        },
        {
            "throttle": 0.3466126443623872,
            "brake": 0.03885537220104852,
            "steer": 0.0
        },
        {
            "throttle": 0.3552171424194977,
            "brake": 0.034969834980943665,
            "steer": 0.0
        },
        {
            "throttle": 0.36370075362892396,
            "brake": 0.0314728514828493,
            "steer": 0.0
        },
        {
            "throttle": 0.3720740197298089,
            "brake": 0.02832556633456437,
            "steer": 0.0
        },
        {
            "throttle": 0.3803434254624442,
            "brake": 0.025493009701107933,
            "steer": 0.0
        },
        {
            "throttle": 0.3885118227801715,
            "brake": 0.02294370873099714,
            "steer": 0.0
        },
        {
            "throttle": 0.3965788247826074,
            "brake": 0.020649337857897427,
            "steer": 0.0
        },
        {
            "throttle": 0.4045411722733323,
            "brake": 0.018584404072107683,
            "steer": 0.0
        },
        {
            "throttle": 0.41239307550597293,
            "brake": 0.016725963664896915,
            "steer": 0.0
        },
        {
            "throttle": 0.42012653337802364,
            "brake": 0.015053367298407224,
            "steer": 0.0
        },
        {
            "throttle": 0.4277316320585281,
            "brake": 0.013548030568566502,
            "steer": 0.0
        },
        {
            "throttle": 0.43519682479093724,
            "brake": 0.012193227511709853,
            "steer": 0.0
        },
        {
            "throttle": 0.4425091943934166,
            "brake": 0.010973904760538868,
            "steer": 0.0
        },
        {
            "throttle": 0.44965469978320366,
            "brake": 0.009876514284484982,
            "steer": 0.0
        },
        {
            "throttle": 0.4566184076771525,
            "brake": 0.008888862856036484,
            "steer": 0.0
        },
        {
            "throttle": 0.4633847104653996,
            "brake": 0.007999976570432835,
            "steer": 0.0
        },
        {
            "throttle": 0.46993753111737435,
            "brake": 0.007199978913389552,
            "steer": 0.0
        },
        {
            "throttle": 0.4762605158575721,
            "brake": 0.006479981022050597,
            "steer": 0.0
        },
        {
            "throttle": 0.4823372152411544,
            "brake": 0.005831982919845537,
            "steer": 0.0
        },
        {
            "throttle": 0.48815125416523836,
            "brake": 0.005248784627860983,
            "steer": 0.0
        },
        {
            "throttle": 0.49368649126949354,
            "brake": 0.004723906165074885,
            "steer": 0.0
        },
        {
            "throttle": 0.4989271681083019,
            "brake": 0.004251515548567396,
            "steer": 0.0
        },
        {
            "throttle": 0.5038580484152702,
            "brake": 0.003826363993710657,
            "steer": 0.0
        },
        {
            "throttle": 0.45347224357374316,
            "brake": 0.042991686094189914,
            "steer": 0.0
        },
        {
            "throttle": 0.40812501921636885,
            "brake": 0.07824047598462125,
            "steer": 0.0
        },
        {
            "throttle": 0.36731251729473197,
            "brake": 0.10996438688600944,
            "steer": 0.0
        },
        {
            "throttle": 0.3305812655652588,
            "brake": 0.13851590669725883,
            "steer": 0.0
        },
        {
            "throttle": 0.29752313900873295,
            "brake": 0.16421227452738327,
            "steer": 0.0
        },
        {
            "throttle": 0.26777082510785966,
            "brake": 0.18733900557449526,
            "steer": 0.0
        },
        {
            "throttle": 0.2409937425970737,
            "brake": 0.20815306351689605,
            "steer": 0.0
        },
        {
            "throttle": 0.21689436833736633,
            "brake": 0.22688571566505678,
            "steer": 0.0
        },
        {
            "throttle": 0.1952049315036297,
            "brake": 0.24374510259840143,
            "steer": 0.0
        },
        {
            "throttle": 0.17568443835326672,
            "brake": 0.25891855083841164,
            "steer": 0.0
        },
        {
            "throttle": 0.15811599451794006,
            "brake": 0.27257465425442085,
            "steer": 0.0
        },
        {
            "throttle": 0.14230439506614606,
            "brake": 0.28486514732882906,
            "steer": 0.0
        },
        {
            "throttle": 0.12807395555953147,
            "brake": 0.2959265910957965,
            "steer": 0.0
        },
        {
            "throttle": 0.11526656000357832,
            "brake": 0.3058818904860672,
            "steer": 0.0
        },
        {
            "throttle": 0.10373990400322049,
            "brake": 0.3148416599373108,
            "steer": 0.0
        },
        {
            "throttle": 0.09336591360289843,
            "brake": 0.32290545244343005,
            "steer": 0.0
        },
        {
            "throttle": 0.08402932224260859,
            "brake": 0.3301628656989374,
            "steer": 0.0
        },
        {
            "throttle": 0.07562639001834773,
            "brake": 0.33669453762889395,
            "steer": 0.0
        },
        {
            "throttle": 0.06806375101651296,
            "brake": 0.3425730423658549,
            "steer": 0.0
        },
        {
            "throttle": 0.11101056095353229,
            "brake": 0.30831573812926943,
            "steer": 0.0
        },
        {
            "throttle": 0.14902272198886674,
            "brake": 0.2774841643163425,
            "steer": 0.0
        },
        {
            "throttle": 0.182571369178541,
            "brake": 0.24973574788470823,
            "steer": 0.0
        },
        {
            "throttle": 0.1643142322606869,
            "brake": 0.26431013159608774,
            "steer": 0.0
        },
        {
            "throttle": 0.1478828090346182,
            "brake": 0.2774270769363293,
            "steer": 0.0
        },
        {
            "throttle": 0.13309452813115638,
            "brake": 0.2892323277425467,
            "steer": 0.0
        },
        {
            "throttle": 0.11978507531804075,
            "brake": 0.29985705346814234,
            "steer": 0.0
        },
        {
            "throttle": 0.10780656778623668,
            "brake": 0.30941930662117845,
            "steer": 0.0
        },
        {
            "throttle": 0.09702591100761301,
            "brake": 0.31802533445891096,
            "steer": 0.0
        },
        {
            "throttle": 0.08732331990685172,
            "brake": 0.3257707595128702,
            "steer": 0.0
        },
        {
            "throttle": 0.07859098791616655,
            "brake": 0.33274164206143353,
            "steer": 0.0
        },
        {
            "throttle": 0.07073188912454989,
            "brake": 0.33901543635514053,
            "steer": 0.0
        },
        {
            "throttle": 0.06365870021209491,
            "brake": 0.3446618512194768,
            "steer": 0.0
        },
        {
            "throttle": 0.05729283019088542,
            "brake": 0.34974362459737945,
            "steer": 0.0
        },
        {
            "throttle": 0.051563547171796884,
            "brake": 0.3543172206374918,
            "steer": 0.0
        },
        {
            "throttle": 0.0464071924546172,
            "brake": 0.358433457073593,
            "steer": 0.0
        },
        {
            "throttle": 0.041766473209155476,
            "brake": 0.362138069866084,
            "steer": 0.0
        },
        {
            "throttle": 0.037589825888239926,
            "brake": 0.36547222137932595,
            "steer": 0.0
        },
        {
            "throttle": 0.033830843299415936,
            "brake": 0.36847295774124367,
            "steer": 0.0
        },
        {
            "throttle": 0.030447758969474343,
            "brake": 0.3711736204669696,
            "steer": 0.0
        },
        {
            "throttle": 0.02740298307252691,
            "brake": 0.37360421692012297,
            "steer": 0.0
        },
        {
            "throttle": 0.02466268476527422,
            "brake": 0.375791753727961,
            "steer": 0.0
        },
        {
            "throttle": 0.05713653300211213,
            "brake": 0.3382125783551649,
            "steer": 0.0
        },
        {
            "throttle": 0.08589096724682851,
            "brake": 0.3043913205196484,
            "steer": 0.0
        },
        {
            "throttle": 0.11133518687774735,
            "brake": 0.27395218846768354,
            "steer": 0.0
        },
        {
            "throttle": 0.13383924032376598,
            "brake": 0.2465569696209152,
            "steer": 0.0
        },
        {
            "throttle": 0.15373778136714522,
            "brake": 0.22190127265882367,
            "steer": 0.0
        },
        {
            "throttle": 0.17133344326448574,
            "brake": 0.1997111453929413,
            "steer": 0.0
        },
        {
            "throttle": 0.1868998695768192,
            "brake": 0.17974003085364718,
            "steer": 0.0
        },
        {
            "throttle": 0.20068443673456962,
            "brake": 0.16176602776828247,
            "steer": 0.0
        },
        {
            "throttle": 0.18061599306111267,
            "brake": 0.18513738349130454,
            "steer": 0.0
        },
        {
            "throttle": 0.16255439375500141,
            "brake": 0.20617160364202441,
            "steer": 0.0
        },
        {
            "throttle": 0.14629895437950127,
            "brake": 0.2251024017776723,
            "steer": 0.0
        },
        {
            "throttle": 0.13166905894155115,
            "brake": 0.24214012009975538,
            "steer": 0.0
        },
        {
            "throttle": 0.11850215304739603,
            "brake": 0.2574740665896302,
            "steer": 0.0
        },
        {
            "throttle": 0.10665193774265642,
            "brake": 0.2712746184305175,
            "steer": 0.0
        },
        {
            "throttle": 0.09598674396839078,
            "brake": 0.28369511508731604,
            "steer": 0.0
        },
        {
            "throttle": 0.0863880695715517,
            "brake": 0.2948735620784348,
            "steer": 0.0
        },
        {
            "throttle": 0.07774926261439653,
            "brake": 0.30493416437044163,
            "steer": 0.0
        },
        {
            "throttle": 0.06997433635295688,
            "brake": 0.3139887064332478,
            "steer": 0.0
        },
        {
            "throttle": 0.0629769027176612,
            "brake": 0.32213779428977335,
            "steer": 0.0
        },
        {
            "throttle": 0.05667921244589508,
            "brake": 0.3294719733606463,
            "steer": 0.0
        },
        {
            "throttle": 0.05101129120130557,
            "brake": 0.33607273452443204,
            "steer": 0.0
        },
        {
            "throttle": 0.045910162081175016,
            "brake": 0.3420134195718392,
            "steer": 0.0
        },
        {
            "throttle": 0.04131914587305752,
            "brake": 0.3473600361145056,
            "steer": 0.0
        },
        {
            "throttle": 0.037187231285751764,
            "brake": 0.35217199100290536,
            "steer": 0.0
        },
        {
            "throttle": 0.033468508157176585,
            "brake": 0.35650275040246515,
            "steer": 0.0
        },
        {
            "throttle": 0.030121657341458927,
            "brake": 0.360400433862069,
            "steer": 0.0
        },
        {
            "throttle": 0.027109491607313036,
            "brake": 0.36390834897571245,
            "steer": 0.0
        },
        {
            "throttle": 0.06174379501760009,
            "brake": 0.3275175140781412,
            "steer": 0.0
        },
        {
            "throttle": 0.09354881400280143,
            "brake": 0.2947657626703271,
            "steer": 0.0
        },
        {
            "throttle": 0.12283044823210751,
            "brake": 0.2652891864032944,
            "steer": 0.0
        },
        {
            "throttle": 0.14986133374257207,
            "brake": 0.23876026776296497,
            "steer": 0.0
        },
        {
            "throttle": 0.17488408671600963,
            "brake": 0.21488424098666847,
            "steer": 0.0
        },
        {
            "throttle": 0.19811423409278497,
            "brake": 0.19339581688800164,
            "steer": 0.0
        },
        {
            "throttle": 0.21974286262920112,
            "brake": 0.1740562351992015,
            "steer": 0.0
        },
        {
            "throttle": 0.23993901479771088,
            "brake": 0.15665061167928135,
            "steer": 0.0
        },
        {
            "throttle": 0.2588518570414517,
            "brake": 0.14098555051135322,
            "steer": 0.0
        },
        {
            "throttle": 0.27661264329485524,
            "brake": 0.1268869954602179,
            "steer": 0.0
        },
        {
            "throttle": 0.29333649434170955,
            "brake": 0.11419829591419611,
            "steer": 0.0
        },
        {
            "throttle": 0.30912401147531793,
            "brake": 0.1027784663227765,
            "steer": 0.0
        }
    ],
    "parameters": {
        "cloudiness": 23.41567038482042,
        "fog_density": 22.246192180178078,
        "initial_distance": 71.09434087349942,
        "initial_ego_velocity": 12.53316705361896,
        "initial_lead_velocity": 16.50877903393468,
        "lead_base_throttle": 0.43625126583361573,
        "lead_behavior_frequency": 0.10153736778949764,
        "lead_brake_duration": 19.717664567065,
        "lead_brake_intensity": 0.3954795849985032,
        "lead_brake_probability": 0.22768328398805462,
        "lead_throttle_variation": 0.1159426471345745,
        "precipitation": 65.7872945500398,
        "precipitation_deposits": 86.28982805992047,
        "sun_altitude_angle": 30.279055235074075,
        "wind_intensity": 39.67108342225935
    },
    "config": {
        "num_timesteps": 200,
        "dt": 0.1,
        "seed": 78
    }
}