{
    "weather": {
        "cloudiness": 1.2819876753629944,
        "precipitation": 59.69935024729756,
        "precipitation_deposits": 26.768600293963154,
        "wind_intensity": 43.669385900108765,
        "sun_altitude_angle": 71.40740415388302,
        "fog_density": 18.0590340056518,
        "fog_distance": 547.7327463210205,
        "wetness": 29.84967512364878
    },
    "initial_conditions": {
        "ego": {
            "position": {
                "x": 531.5782084955038,
                "y": 20.57,
                "z": 0.294
            },
            "yaw": 0.0,
            "velocity": 7.558522095452579
        },
        "lead": {
            "position": {
                "x": 484.88,
                "y": 20.57,
                "z": 0.294
            },
            "yaw": 0.0,
            "velocity": 14.543893071782364
        }
    },
    "ego": {
        "position": {
            "x": 531.5782084955038,
            "y": 20.57,
            "z": 0.294
        },
        "yaw": 0.0,
        "velocity": 7.558522095452579
    },
    "lead": {
        "position": {
            "x": 484.88,
            "y": 20.57,
            "z": 0.294
        },
        "yaw": 0.0,
        "velocity": 14.543893071782364
    },
    "ado_actions": [
        {
            "throttle": 0.2821535979197574,
            "brake": 0.0,
            "steer": 0.0
        },
        {
            "throttle": 0.2829106781263146,
            "brake": 0.0,
            "steer": 0.0
        },
        {
            "throttle": 0.2843483261507527,
            "brake": 0.0,
            "steer": 0.0
        },
        {
            "throttle": 0.2863968773298521,
            "brake": 0.0,
            "steer": 0.0
        },
        {
            "throttle": 0.28899283166161494,
            "brake": 0.0,
            "steer": 0.0
        },
        {
            "throttle": 0.29207823989934045,
            "brake": 0.0,
            "steer": 0.0
        },
        {
            "throttle": 0.2956001518854591,
            "brake": 0.0,
            "steer": 0.0
        },
        {
            "throttle": 0.2995101208975271,
            "brake": 0.0,
            "steer": 0.0
        },
        {
            "throttle": 0.3037637584006452,
            "brake": 0.0,
            "steer": 0.0
        },
        {
            "throttle": 0.30832033416024424,
            "brake": 0.0,
            "steer": 0.0
        },
        {
            "throttle": 0.31314241717290003,
            "brake": 0.0,
            "steer": 0.0
        },
        {
            "throttle": 0.28182817545561006,
            "brake": 0.02413630675722187,
            "steer": 0.0
        },
        {
            "throttle": 0.25364535791004905,
            "brake": 0.04585898283872155,
            "steer": 0.0
        },
        {
            "throttle": 0.22828082211904416,
            "brake": 0.06540939131207127,
            "steer": 0.0
        },
        {
            "throttle": 0.20545273990713975,
            "brake": 0.08300475893808601,
            "steer": 0.0
        },
        {
            "throttle": 0.1849074659164258,
            "brake": 0.09884058980149928,
            "steer": 0.0
        },
        {
            "throttle": 0.16641671932478322,
            "brake": 0.11309283757857122,
            "steer": 0.0
        },
        {
            "throttle": 0.1497750473923049,
            "brake": 0.12591986057793597,
            "steer": 0.0
        },
        {
            "throttle": 0.13479754265307442,
            "brake": 0.13746418127736426,
            "steer": 0.0
        },
        {
            "throttle": 0.12131778838776698,
            "brake": 0.1478540699068497,
            "steer": 0.0
        },
        {
            "throttle": 0.10918600954899028,
            "brake": 0.1572049696733866,
            "steer": 0.0
        },
        {
            "throttle": 0.09826740859409126,
            "brake": 0.1656207794632698,
            "steer": 0.0
        },
        {
            "throttle": 0.08844066773468214,
            "brake": 0.1731950082741647,
            "steer": 0.0
        },
        {
            "throttle": 0.07959660096121392,
            "brake": 0.1800118142039701,
            "steer": 0.0
        },
        {
            "throttle": 0.07163694086509252,
            "brake": 0.18614693954079498,
            "steer": 0.0
        },
        {
            "throttle": 0.06447324677858327,
            "brake": 0.19166855234393734,
            "steer": 0.0
        },
        {
            "throttle": 0.05802592210072494,
            "brake": 0.19663800386676547,
            "steer": 0.0
        },
        {
            "throttle": 0.052223329890652447,
            "brake": 0.2011105102373108,
            "steer": 0.0
        },
        {
            "throttle": 0.047000996901587204,
            "brake": 0.2051357659708016,
            "steer": 0.0
        },
        {
            "throttle": 0.04230089721142848,
            "brake": 0.2087584961309433,
            "steer": 0.0
        },
        {
            "throttle": 0.03807080749028564,
            "brake": 0.21201895327507084,
            "steer": 0.0
        },
        {
            "throttle": 0.03426372674125707,
            "brake": 0.21495336470478563,
            "steer": 0.0
        },
        {
            "throttle": 0.030837354067131364,
            "brake": 0.21759433499152894,
            "steer": 0.0
        },
        {
            "throttle": 0.027753618660418228,
            "brake": 0.21997120824959793,
            "steer": 0.0
        },
        {
            "throttle": 0.024978256794376406,
            "brake": 0.22211039418186002,
            "steer": 0.0
        },
        {
            "throttle": 0.022480431114938765,
            "brake": 0.22403566152089588,
            "steer": 0.0
        },
        {
            "throttle": 0.02023238800344489,
            "brake": 0.22576840212602817,
            "steer": 0.0
        },
        {
            "throttle": 0.018209149203100402,
            "brake": 0.22732786867064722,
            "steer": 0.0
        },
        {
            "throttle": 0.06656387340969931,
            "brake": 0.2045950818035825,
            "steer": 0.0
        },
        {
            "throttle": 0.11031830070888123,
            "brake": 0.18413557362322425,
            "steer": 0.0
        },
        {
            "throttle": 0.14990887899130084,
            "brake": 0.16572201626090183,
            "steer": 0.0
        },
        {
            "throttle": 0.18572818654852757,
            "brake": 0.14914981463481164,
            "steer": 0.0
        },
        {
            "throttle": 0.21812934432654352,
            "brake": 0.13423483317133048,
            "steer": 0.0
        },
        {
            "throttle": 0.2474299871658698,
            "brake": 0.12081134985419743,
            "steer": 0.0
        },
        {
            "throttle": 0.2739158381025602,
            "brake": 0.1087302148687777,
            "steer": 0.0
        },
        {
            "throttle": 0.2978439253966799,
            "brake": 0.09785719338189992,
            "steer": 0.0
        },
        {
            "throttle": 0.31944547798805867,
            "brake": 0.08807147404370994,
            "steer": 0.0
        },
        {
            "throttle": 0.3389285315089896,
            "brake": 0.07926432663933894,
            "steer": 0.0
        },
        {
            "throttle": 0.3564802737704702,
            "brake": 0.07133789397540505,
            "steer": 0.0
        },
        {
            "throttle": 0.3722691557468414,
            "brake": 0.06420410457786455,
            "steer": 0.0
        },
        {
            "throttle": 0.3864467914811462,
            "brake": 0.05778369412007809,
            "steer": 0.0
        },
        {
            "throttle": 0.3991496679912761,
            "brake": 0.05200532470807028,
            "steer": 0.0
        },
        {
            "throttle": 0.4105006841489766,
            "brake": 0.046804792237263255,
            "steer": 0.0
        },
        {
            "throttle": 0.4206105356066139,
            "brake": 0.04212431301353693,
            "steer": 0.0
        },
        {
            "throttle": 0.429578961139184,
            "brake": 0.03791188171218324,
            "steer": 0.0
        },
        {
            "throttle": 0.4374958642323943,
            "brake": 0.03412069354096491,
            "steer": 0.0
        },
        {
            "throttle": 0.4444423223646927,
            "brake": 0.03070862418686842,
            "steer": 0.0
        },
        {
            "throttle": 0.45049149518648735,
            "brake": 0.027637761768181578,
            "steer": 0.0
        },
        {
            "throttle": 0.45570944167966215,
            "brake": 0.02487398559136342,
            "steer": 0.0
        },
        {
            "throttle": 0.4601558553723969,
            "brake": 0.022386587032227078,
            "steer": 0.0
        },
        {
            "throttle": 0.4638847257770421,
            "brake": 0.02014792832900437,
            "steer": 0.0
        },
        {
            "throttle": 0.46694493340229654,
            "brake": 0.018133135496103934,
            "steer": 0.0
        },
        {
            "throttle": 0.4693807849561089,
            "brake": 0.01631982194649354,
            "steer": 0.0
        },
        {
            "throttle": 0.471232494694411,
            "brake": 0.014687839751844187,
            "steer": 0.0
        },
        {
            "throttle": 0.47253661727563334,
            "brake": 0.013219055776659768,
            "steer": 0.0
        },
        {
            "throttle": 0.47332643694534127,
            "brake": 0.011897150198993792,
            "steer": 0.0
        },
        {
            "throttle": 0.4736323173933034,
            "brake": 0.010707435179094414,
            "steer": 0.0
        },
        {
            "throttle": 0.4734820161915089,
            "brake": 0.009636691661184972,
            "steer": 0.0
        },
        {
            "throttle": 0.472900967331258,
            "brake": 0.008673022495066475,
            "steer": 0.0
        },
        {
            "throttle": 0.4719125350261236,
            "brake": 0.007805720245559827,
            "steer": 0.0
        },
        {
            "throttle": 0.47053824163141267,
            "brake": 0.007025148221003845,
            "steer": 0.0
        },
        {
            "throttle": 0.4687979722462273,
            "brake": 0.00632263339890346,
            "steer": 0.0
        },
        {
            "throttle": 0.46671015830817497,
            "brake": 0.005690370059013114,
            "steer": 0.0
        },
        {
            "throttle": 0.4642919422603514,
            "brake": 0.005121333053111803,
            "steer": 0.0
        },
        {
            "throttle": 0.4615593251628643,
            "brake": 0.004609199747800622,
            "steer": 0.0
        },
        {
            "throttle": 0.4585272989345611,
            "brake": 0.00414827977302056,
            "steer": 0.0
        },
        {
            "throttle": 0.45520996474270786,
            "brake": 0.003733451795718504,
            "steer": 0.0
        },
        {
            "throttle": 0.4516206389072558,
            "brake": 0.003360106616146654,
            "steer": 0.0
        },
        {
            "throttle": 0.4064585750165302,
            "brake": 0.027160402711753857,
            "steer": 0.0
        },
        {
            "throttle": 0.3658127175148772,
            "brake": 0.04858066919780034,
            "steer": 0.0
        },
        {
            "throttle": 0.3292314457633895,
            "brake": 0.06785890903524218,
            "steer": 0.0
        },
        {
            "throttle": 0.29630830118705054,
            "brake": 0.08520932488893983,
            "steer": 0.0
        },
        {
            "throttle": 0.2666774710683455,
            "brake": 0.10082469915726772,
            "steer": 0.0
        },
        {
            "throttle": 0.24000972396151096,
            "brake": 0.11487853599876281,
            "steer": 0.0
        },
        {
            "throttle": 0.21600875156535987,
            "brake": 0.1275269891561084,
            "steer": 0.0
        },
        {
            "throttle": 0.1944078764088239,
            "brake": 0.13891059699771943,
            "steer": 0.0
        },
        {
            "throttle": 0.1749670887679415,
            "brake": 0.14915584405516935,
            "steer": 0.0
        },
        {
            "throttle": 0.15747037989114737,
            "brake": 0.15837656640687428,
            "steer": 0.0
        },
        {
            "throttle": 0.14172334190203265,
            "brake": 0.16667521652340872,
            "steer": 0.0
        },
        {
            "throttle": 0.1275510077118294,
            "brake": 0.17414400162828972,
            "steer": 0.0
        },
        {
            "throttle": 0.11479590694064645,
            "brake": 0.18086590822268261,
            "steer": 0.0
        },
        {
            "throttle": 0.10331631624658182,
            "brake": 0.1869156241576362,
            "steer": 0.0
        },
        {
            "throttle": 0.09298468462192364,
            "brake": 0.19236036849909446,
            "steer": 0.0
        },
        {
            "throttle": 0.08368621615973128,
            "brake": 0.1972606384064069,
            "steer": 0.0
        },
        {
            "throttle": 0.07531759454375815,
            "brake": 0.20167088132298808,
            "steer": 0.0
        },
        {
            "throttle": 0.06778583508938234,
            "brake": 0.20564009994791113,
            "steer": 0.0
        },
        {
            "throttle": 0.06100725158044411,
            "brake": 0.2092123967103419,
            "steer": 0.0
        },
        {
            "throttle": 0.054906526422399696,
            "brake": 0.21242746379652958,
            "steer": 0.0
        },
        {
            "throttle": 0.04941587378015973,
            "brake": 0.21532102417409849,
            "steer": 0.0
        },
        {
            "throttle": 0.04447428640214376,
            "brake": 0.2179252285139105,
            "steer": 0.0
        },
        {
            "throttle": 0.04002685776192938,
            "brake": 0.2202690124197413,
            "steer": 0.0
        },
        {
            "throttle": 0.036024171985736445,
            "brake": 0.22237841793498905,
            "steer": 0.0
        },
        {
            "throttle": 0.032421754787162804,
            "brake": 0.224276882898712,
            "steer": 0.0
        },
        {
            "throttle": 0.029179579308446526,
            "brake": 0.22598550136606269,
            "steer": 0.0
        },
        {
            "throttle": 0.026261621377601872,
            "brake": 0.22752325798667827,
            "steer": 0.0
        },
        {
            "throttle": 0.045407127920381554,
            "brake": 0.20477093218801046,
            "steer": 0.0
        },
        {
            "throttle": 0.061914136590090194,
            "brake": 0.18429383896920942,
            "steer": 0.0
        },
        {
            "throttle": 0.07605411250858674,
            "brake": 0.16586445507228847,
            "steer": 0.0
        },
        {
            "throttle": 0.08807213536007082,
            "brake": 0.14927800956505963,
            "steer": 0.0
        },
        {
            "throttle": 0.0981895290352426,
            "brake": 0.13435020860855368,
            "steer": 0.0
        },
        {
            "throttle": 0.10660622751189029,
            "brake": 0.12091518774769831,
            "steer": 0.0
        },
        {
            "throttle": 0.11350290335856722,
            "brake": 0.10882366897292849,
            "steer": 0.0
        },
        {
            "throttle": 0.11904288261019197,
            "brake": 0.09794130207563564,
            "steer": 0.0
        },
        {
            "throttle": 0.12337386739034839,
            "brake": 0.08814717186807208,
            "steer": 0.0
        },
        {
            "throttle": 0.12662948551839803,
            "brake": 0.07933245468126487,
            "steer": 0.0
        },
        {
            "throttle": 0.1289306844165062,
            "brake": 0.07139920921313839,
            "steer": 0.0
        },
        {
            "throttle": 0.13038698490095843,
            "brake": 0.06425928829182455,
            "steer": 0.0
        },
        {
            "throttle": 0.1310976088844765,
            "brake": 0.05783335946264209,
            "steer": 0.0
        },
        {
            "throttle": 0.13115249361432707,
            "brake": 0.052050023516377886,
            "steer": 0.0
        },
        {
            "throttle": 0.13063320380927304,
            "brake": 0.0468450211647401,
            "steer": 0.0
        },
        {
            "throttle": 0.12961375192283323,
            "brake": 0.042160519048266086,
            "steer": 0.0
        },
        {
            "throttle": 0.12816133573827027,
            "brake": 0.03794446714343948,
            "steer": 0.0
        },
        {
            "throttle": 0.12633700158086664,
            "brake": 0.03415002042909553,
            "steer": 0.0
        },
        {
            "throttle": 0.12419624060515505,
            "brake": 0.030735018386185982,
            "steer": 0.0
        },
        {
            "throttle": 0.12178952486964423,
            "brake": 0.027661516547567384,
            "steer": 0.0
        },
        {
            "throttle": 0.11916278924094717,
            "brake": 0.024895364892810648,
            "steer": 0.0
        },
        {
            "throttle": 0.11635786456562686,
            "brake": 0.022405828403529584,
            "steer": 0.0
        },
        {
            "throttle": 0.1134128670048183,
            "brake": 0.020165245563176625,
            "steer": 0.0
        },
        {
            "throttle": 0.11036254793773252,
            "brake": 0.018148721006858964,
            "steer": 0.0
        },
        {
            "throttle": 0.10723860840006645,
            "brake": 0.01633384890617307,
            "steer": 0.0
        },
        {
            "throttle": 0.10406998162724425,
            "brake": 0.014700464015555761,
            "steer": 0.0
        },
        {
            "throttle": 0.10088308691590328,
            "brake": 0.013230417614000185,
            "steer": 0.0
        },
        {
            "throttle": 0.09770205769614981,
            "brake": 0.011907375852600167,
            "steer": 0.0
        },
        {
            "throttle": 0.09454894641828628,
            "brake": 0.01071663826734015,
            "steer": 0.0
        },
        {
            "throttle": 0.09144390859774269,
            "brake": 0.009644974440606136,
            "steer": 0.0
        },
        {
            "throttle": 0.0884053681279477,
            "brake": 0.008680476996545523,
            "steer": 0.0
        },
        {
            "throttle": 0.0854501657602484,
            "brake": 0.00781242929689097,
            "steer": 0.0
        },
        {
            "throttle": 0.08259369246039813,
            "brake": 0.007031186367201873,
            "steer": 0.0
        },
        {
            "throttle": 0.07985000918047214,
            "brake": 0.006328067730481686,
            "steer": 0.0
        },
        {
            "throttle": 0.07723195443144917,
            "brake": 0.005695260957433518,
            "steer": 0.0
        },
        {
            "throttle": 0.07475124090340972,
            "brake": 0.005125734861690166,
            "steer": 0.0
        },
        {
            "throttle": 0.06727611681306875,
            "brake": 0.028749468132743018,
            "steer": 0.0
        },
        {
            "throttle": 0.060548505131761875,
            "brake": 0.050010828076690585,
            "steer": 0.0
        },
        {
            "throttle": 0.054493654618585685,
            "brake": 0.0691460520262434,
            "steer": 0.0
        },
        {
            "throttle": 0.049044289156727115,
            "brake": 0.08636775358084092,
            "steer": 0.0
        },
        {
            "throttle": 0.0441398602410544,
            "brake": 0.1018672849799787,
            "steer": 0.0
        },
        {
            "throttle": 0.03972587421694896,
            "brake": 0.11581686323920269,
            "steer": 0.0
        },
        {
            "throttle": 0.035753286795254066,
            "brake": 0.12837148367250428,
            "steer": 0.0
        },
        {
            "throttle": 0.03217795811572866,
            "brake": 0.13967064206247573,
            "steer": 0.0
        },
        {
            "throttle": 0.028960162304155795,
            "brake": 0.14983988461345002,
            "steer": 0.0
        },
        {
            "throttle": 0.026064146073740215,
            "brake": 0.1589922029093269,
            "steer": 0.0
        },
        {
            "throttle": 0.023457731466366195,
            "brake": 0.16722928937561607,
            "steer": 0.0
        },
        {
            "throttle": 0.021111958319729576,
            "brake": 0.17464266719527632,
            "steer": 0.0
        },
        {
            "throttle": 0.01900076248775662,
            "brake": 0.18131470723297055,
            "steer": 0.0
        },
        {
            "throttle": 0.01710068623898096,
            "brake": 0.18731954326689537,
            "steer": 0.0
        },
        {
            "throttle": 0.015390617615082865,
            "brake": 0.1927238956974277,
            "steer": 0.0
        },
        {
            "throttle": 0.013851555853574579,
            "brake": 0.19758781288490682,
            "steer": 0.0
        },
        {
            "throttle": 0.012466400268217121,
            "brake": 0.201965338353638,
            "steer": 0.0
        },
        {
            "throttle": 0.01121976024139541,
            "brake": 0.20590511127549607,
            "steer": 0.0
        },
        {
            "throttle": 0.010097784217255868,
            "brake": 0.20945090690516832,
            "steer": 0.0
        },
        {
            "throttle": 0.009088005795530282,
            "brake": 0.21264212297187335,
            "steer": 0.0
        },
        {
            "throttle": 0.008179205215977254,
            "brake": 0.21551421743190788,
            "steer": 0.0
        },
        {
            "throttle": 0.007361284694379529,
            "brake": 0.21809910244593897,
            "steer": 0.0
        },
        {
            "throttle": 0.006625156224941576,
            "brake": 0.22042549895856695,
            "steer": 0.0
        },
        {
            "throttle": 0.005962640602447418,
            "brake": 0.22251925581993212,
            "steer": 0.0
        },
        {
            "throttle": 0.005366376542202677,
            "brake": 0.22440363699516078,
            "steer": 0.0
        },
        {
            "throttle": 0.004829738887982409,
            "brake": 0.22609958005286657,
            "steer": 0.0
        },
        {
            "throttle": 0.004346764999184168,
            "brake": 0.22762592880480179,
            "steer": 0.0
        },
        {
            "throttle": 0.015352002024142792,
            "brake": 0.2048633359243216,
            "steer": 0.0
        },
        {
            "throttle": 0.025789322327012823,
            "brake": 0.18437700233188944,
            "steer": 0.0
        },
        {
            "throttle": 0.035732774959566824,
            "brake": 0.1659393020987005,
            "steer": 0.0
        },
        {
            "throttle": 0.045248419859087875,
            "brake": 0.14934537188883046,
            "steer": 0.0
        },
        {
            "throttle": 0.05439510904522917,
            "brake": 0.1344108346999474,
            "steer": 0.0
        },
        {
            "throttle": 0.06322519033670823,
            "brake": 0.12096975122995267,
            "steer": 0.0
        },
        {
            "throttle": 0.07178514135399372,
            "brake": 0.1088727761069574,
            "steer": 0.0
        },
        {
            "throttle": 0.08011614079682872,
            "brake": 0.09798549849626166,
            "steer": 0.0
        },
        {
            "throttle": 0.07210452671714584,
            "brake": 0.11232325540385736,
            "steer": 0.0
        },
        {
            "throttle": 0.06489407404543127,
            "brake": 0.1252272366206935,
            "steer": 0.0
        },
        {
            "throttle": 0.05840466664088814,
            "brake": 0.13684081971584602,
            "steer": 0.0
        },
        {
            "throttle": 0.05256419997679933,
            "brake": 0.14729304450148328,
            "steer": 0.0
        },
        {
            "throttle": 0.0473077799791194,
            "brake": 0.15670004680855681,
            "steer": 0.0
        },
        {
            "throttle": 0.04257700198120746,
            "brake": 0.16516634888492301,
            "steer": 0.0
        },
        {
            "throttle": 0.038319301783086714,
            "brake": 0.17278602075365257,
            "steer": 0.0
        },
        {
            "throttle": 0.03448737160477804,
            "brake": 0.1796437254355092,
            "steer": 0.0
        },
        {
            "throttle": 0.031038634444300238,
            "brake": 0.18581565964918015,
            "steer": 0.0
        },
        {
            "throttle": 0.027934770999870216,
            "brake": 0.191370400441484,
            "steer": 0.0
        },
        {
            "throttle": 0.025141293899883194,
            "brake": 0.19636966715455748,
            "steer": 0.0
        },
        {
            "throttle": 0.022627164509894875,
            "brake": 0.20086900719632358,
            "steer": 0.0
        },
        {
            "throttle": 0.020364448058905388,
            "brake": 0.2049184132339131,
            "steer": 0.0
        },
        {
            "throttle": 0.01832800325301485,
            "brake": 0.20856287866774367,
            "steer": 0.0
        },
        {
            "throttle": 0.016495202927713365,
            "brake": 0.21184289755819116,
            "steer": 0.0
        },
        {
            "throttle": 0.014845682634942028,
            "brake": 0.2147949145595939,
            "steer": 0.0
        },
        {
            "throttle": 0.013361114371447826,
            "brake": 0.21745172986085637,
            "steer": 0.0
        },
        {
            "throttle": 0.012025002934303043,
            "brake": 0.2198428636319926,
            "steer": 0.0
        },
        {
            "throttle": 0.010822502640872738,
            "brake": 0.2219948840260152,
            "steer": 0.0
        },
        {
            "throttle": 0.009740252376785465,
            "brake": 0.22393170238063553,
            "steer": 0.0
        },
        {
            "throttle": 0.008766227139106918,
            "brake": 0.22567483889979384,
            "steer": 0.0
        },
        {
            "throttle": 0.007889604425196227,
            "brake": 0.22724366176703634,
            "steer": 0.0
        },
        {
            "throttle": 0.007100643982676604,
            "brake": 0.22865560234755458,
            "steer": 0.0
        },
        {
            "throttle": 0.006390579584408944,
            "brake": 0.229926348870021,
            "steer": 0.0
        }
    ],
    "parameters": {
        "cloudiness": 1.2819876753629944,
        "fog_density": 18.0590340056518,
        "initial_distance": 46.69820849550371,
        "initial_ego_velocity": 7.558522095452579,
        "initial_lead_velocity": 14.543893071782364,
        "lead_base_throttle": 0.28215359791975736,
        "lead_behavior_frequency": 0.05187950352874314,
        "lead_brake_duration": 27.157353768274344,
        "lead_brake_intensity": 0.24136306757221868,
        "lead_brake_probability": 0.22167707428032793,
        "lead_throttle_variation": 0.2322967454442528,
        "precipitation": 59.69935024729756,
        "precipitation_deposits": 26.768600293963154,
        "sun_altitude_angle": 71.40740415388302,
        "wind_intensity": 43.669385900108765
    },
    "config": {
        "num_timesteps": 200,
        "dt": 0.1,
        "seed": 88
    }
}