{
    "weather": {
        "cloudiness": 40.70490326701105,
        "precipitation": 77.82099194460892,
        "precipitation_deposits": 84.72620115134664,
        "wind_intensity": 40.39718614159238,
        "sun_altitude_angle": -20.057246183909374,
        "fog_density": 21.70697044935053,
        "fog_distance": 485.01974300565416,
        "wetness": 38.91049597230446
    },
    "initial_conditions": {
        "ego": {
            "position": {
                "x": 528.9129245113276,
                "y": 20.57,
                "z": 0.294
            },
            "yaw": 0.0,
            "velocity": 8.186349462501305
        },
        "lead": {
            "position": {
                "x": 484.88,
                "y": 20.57,
                "z": 0.294
            },
            "yaw": 0.0,
            "velocity": 14.044704706678342
        }
    },
    "ego": {
        "position": {
            "x": 528.9129245113276,
            "y": 20.57,
            "z": 0.294
        },
        "yaw": 0.0,
        "velocity": 8.186349462501305
    },
    "lead": {
        "position": {
            "x": 484.88,
            "y": 20.57,
            "z": 0.294
        },
        "yaw": 0.0,
        "velocity": 14.044704706678342
    },
    "ado_actions": [
        {
            "throttle": 0.4245829703462768,
            "brake": 0.0,
            "steer": 0.0
        },
        {
            "throttle": 0.42693650354721796,
            "brake": 0.0,
            "steer": 0.0
        },
        {
            "throttle": 0.4313911932987599,
            "brake": 0.0,
            "steer": 0.0
        },
        {
            "throttle": 0.43770300041672217,
            "brake": 0.0,
            "steer": 0.0
        },
        {
            "throttle": 0.44563563480859175,
            "brake": 0.0,
            "steer": 0.0
        },
        {
            "throttle": 0.45496014640243143,
            "brake": 0.0,
            "steer": 0.0
        },
        {
            "throttle": 0.46545467480270636,
            "brake": 0.0,
            "steer": 0.0
        },
        {
            "throttle": 0.47690433830199436,
            "brake": 0.0,
            "steer": 0.0
        },
        {
            "throttle": 0.4891012439877491,
            "brake": 0.0,
            "steer": 0.0
        },
        {
            "throttle": 0.501844601713757,
            "brake": 0.0,
            "steer": 0.0
        },
        {
            "throttle": 0.5149409256703882,
            "brake": 0.0,
            "steer": 0.0
        },
        {
            "throttle": 0.5282043081982889,
            "brake": 0.0,
            "steer": 0.0
        },
        {
            "throttle": 0.5414567513573523,
            "brake": 0.0,
            "steer": 0.0
        },
        {
            "throttle": 0.5545285425958226,
            "brake": 0.0,
            "steer": 0.0
        },
        {
            "throttle": 0.5672586616710931,
            "brake": 0.0,
            "steer": 0.0
        },
        {
            "throttle": 0.57949520676083,
            "brake": 0.0,
            "steer": 0.0
        },
        {
            "throttle": 0.5910958284760598,
            "brake": 0.0,
            "steer": 0.0
        },
        {
            "throttle": 0.6019281612513215,
            "brake": 0.0,
            "steer": 0.0
        },
        {
            "throttle": 0.6118702423445288,
            "brake": 0.0,
            "steer": 0.0
        },
        {
            "throttle": 0.6208109094335071,
            "brake": 0.0,
            "steer": 0.0
        },
        {
            "throttle": 0.628650168549225,
            "brake": 0.0,
            "steer": 0.0
        },
        {
            "throttle": 0.635299524838706,
            "brake": 0.0,
            "steer": 0.0
        },
        {
            "throttle": 0.640682269404039,
            "brake": 0.0,
            "steer": 0.0
        },
        {
            "throttle": 0.64473371621772,
            "brake": 0.0,
            "steer": 0.0
        },
        {
            "throttle": 0.6474013838681691,
            "brake": 0.0,
            "steer": 0.0
        },
        {
            "throttle": 0.5826612454813522,
            "brake": 0.04050961642279937,
            "steer": 0.0
        },
        {
            "throttle": 0.524395120933217,
            "brake": 0.07696827120331881,
            "steer": 0.0
        },
        {
            "throttle": 0.47195560883989535,
            "brake": 0.10978106050578632,
            "steer": 0.0
        },
        {
            "throttle": 0.42476004795590583,
            "brake": 0.13931257087800705,
            "steer": 0.0
        },
        {
            "throttle": 0.3822840431603153,
            "brake": 0.16589093021300572,
            "steer": 0.0
        },
        {
            "throttle": 0.34405563884428375,
            "brake": 0.18981145361450452,
            "steer": 0.0
        },
        {
            "throttle": 0.30965007495985536,
            "brake": 0.21133992467585344,
            "steer": 0.0
        },
        {
            "throttle": 0.27868506746386984,
            "brake": 0.23071554863106747,
            "steer": 0.0
        },
        {
            "throttle": 0.2508165607174829,
            "brake": 0.2481536101907601,
            "steer": 0.0
        },
        {
            "throttle": 0.2257349046457346,
            "brake": 0.2638478655944835,
            "steer": 0.0
        },
        {
            "throttle": 0.20316141418116113,
            "brake": 0.2779726954578345,
            "steer": 0.0
        },
        {
            "throttle": 0.18284527276304502,
            "brake": 0.29068504233485043,
            "steer": 0.0
        },
        {
            "throttle": 0.16456074548674052,
            "brake": 0.30212615452416475,
            "steer": 0.0
        },
        {
            "throttle": 0.14810467093806648,
            "brake": 0.31242315549454763,
            "steer": 0.0
        },
        {
            "throttle": 0.13329420384425983,
            "brake": 0.32169045636789223,
            "steer": 0.0
        },
        {
            "throttle": 0.11996478345983384,
            "brake": 0.33003102715390237,
            "steer": 0.0
        },
        {
            "throttle": 0.10796830511385046,
            "brake": 0.3375375408613115,
            "steer": 0.0
        },
        {
            "throttle": 0.09717147460246542,
            "brake": 0.34429340319797974,
            "steer": 0.0
        },
        {
            "throttle": 0.08745432714221887,
            "brake": 0.3503736793009812,
            "steer": 0.0
        },
        {
            "throttle": 0.07870889442799699,
            "brake": 0.35584592779368246,
            "steer": 0.0
        },
        {
            "throttle": 0.0708380049851973,
            "brake": 0.3607709514371136,
            "steer": 0.0
        },
        {
            "throttle": 0.06375420448667757,
            "brake": 0.3652034727162016,
            "steer": 0.0
        },
        {
            "throttle": 0.05737878403800981,
            "brake": 0.3691927418673808,
            "steer": 0.0
        },
        {
            "throttle": 0.05164090563420883,
            "brake": 0.37278308410344213,
            "steer": 0.0
        },
        {
            "throttle": 0.04647681507078795,
            "brake": 0.3760143921158973,
            "steer": 0.0
        },
        {
            "throttle": 0.04182913356370915,
            "brake": 0.378922569327107,
            "steer": 0.0
        },
        {
            "throttle": 0.03764622020733824,
            "brake": 0.3815399288171957,
            "steer": 0.0
        },
        {
            "throttle": 0.03388159818660442,
            "brake": 0.3838955523582755,
            "steer": 0.0
        },
        {
            "throttle": 0.04582513482181152,
            "brake": 0.34550599712244795,
            "steer": 0.0
        },
        {
            "throttle": 0.05619676290876424,
            "brake": 0.31095539741020317,
            "steer": 0.0
        },
        {
            "throttle": 0.06535261348356432,
            "brake": 0.27985985766918287,
            "steer": 0.0
        },
        {
            "throttle": 0.0736144964158991,
            "brake": 0.25187387190226457,
            "steer": 0.0
        },
        {
            "throttle": 0.08127188422766136,
            "brake": 0.22668648471203812,
            "steer": 0.0
        },
        {
            "throttle": 0.08858369866068004,
            "brake": 0.2040178362408343,
            "steer": 0.0
        },
        {
            "throttle": 0.09577993018614782,
            "brake": 0.18361605261675087,
            "steer": 0.0
        },
        {
            "throttle": 0.10306311754518085,
            "brake": 0.1652544473550758,
            "steer": 0.0
        },
        {
            "throttle": 0.11060971154200319,
            "brake": 0.14872900261956823,
            "steer": 0.0
        },
        {
            "throttle": 0.11857134465614555,
            "brake": 0.13385610235761142,
            "steer": 0.0
        },
        {
            "throttle": 0.12707602557818468,
            "brake": 0.12047049212185028,
            "steer": 0.0
        },
        {
            "throttle": 0.1362292754878092,
            "brake": 0.10842344290966525,
            "steer": 0.0
        },
        {
            "throttle": 0.1461152207684837,
            "brake": 0.09758109861869874,
            "steer": 0.0
        },
        {
            "throttle": 0.15679765487677294,
            "brake": 0.08782298875682887,
            "steer": 0.0
        },
        {
            "throttle": 0.16832108024531828,
            "brake": 0.07904068988114599,
            "steer": 0.0
        },
        {
            "throttle": 0.18071173938691767,
            "brake": 0.0711366208930314,
            "steer": 0.0
        },
        {
            "throttle": 0.19397864277490626,
            "brake": 0.06402295880372826,
            "steer": 0.0
        },
        {
            "throttle": 0.20811459959502465,
            "brake": 0.05762066292335543,
            "steer": 0.0
        },
        {
            "throttle": 0.22309725609019876,
            "brake": 0.05185859663101989,
            "steer": 0.0
        },
        {
            "throttle": 0.23889014494703814,
            "brake": 0.0466727369679179,
            "steer": 0.0
        },
        {
            "throttle": 0.2554437479970705,
            "brake": 0.04200546327112611,
            "steer": 0.0
        },
        {
            "throttle": 0.27269657342308856,
            "brake": 0.0378049169440135,
            "steer": 0.0
        },
        {
            "throttle": 0.29057624766837015,
            "brake": 0.034024425249612154,
            "steer": 0.0
        },
        {
            "throttle": 0.3090006213412547,
            "brake": 0.03062198272465094,
            "steer": 0.0
        },
        {
            "throttle": 0.3278788875872939,
            "brake": 0.027559784452185845,
            "steer": 0.0
        },
        {
            "throttle": 0.34711271066387983,
            "brake": 0.02480380600696726,
            "steer": 0.0
        },
        {
            "throttle": 0.3665973617960426,
            "brake": 0.022323425406270535,
            "steer": 0.0
        },
        {
            "throttle": 0.38622285881526114,
            "brake": 0.020091082865643484,
            "steer": 0.0
        },
        {
            "throttle": 0.4058751055840132,
            "brake": 0.018081974579079136,
            "steer": 0.0
        },
        {
            "throttle": 0.4254370267857521,
            "brake": 0.016273777121171222,
            "steer": 0.0
        },
        {
            "throttle": 0.4447896933113978,
            "brake": 0.0146463994090541,
            "steer": 0.0
        },
        {
            "throttle": 0.46381343319753016,
            "brake": 0.013181759468148691,
            "steer": 0.0
        },
        {
            "throttle": 0.4823889228664595,
            "brake": 0.011863583521333822,
            "steer": 0.0
        },
        {
            "throttle": 0.5003982532822556,
            "brake": 0.01067722516920044,
            "steer": 0.0
        },
        {
            "throttle": 0.5177259655675409,
            "brake": 0.009609502652280397,
            "steer": 0.0
        },
        {
            "throttle": 0.5342600506211046,
            "brake": 0.008648552387052358,
            "steer": 0.0
        },
        {
            "throttle": 0.5498929073337032,
            "brake": 0.007783697148347122,
            "steer": 0.0
        },
        {
            "throttle": 0.5645222541161058,
            "brake": 0.0070053274335124096,
            "steer": 0.0
        },
        {
            "throttle": 0.5780519886266486,
            "brake": 0.0063047946901611685,
            "steer": 0.0
        },
        {
            "throttle": 0.5903929908121962,
            "brake": 0.005674315221145052,
            "steer": 0.0
        },
        {
            "throttle": 0.6014638646531878,
            "brake": 0.0051068836990305466,
            "steer": 0.0
        },
        {
            "throttle": 0.6111916143268925,
            "brake": 0.004596195329127492,
            "steer": 0.0
        },
        {
            "throttle": 0.6195122508694306,
            "brake": 0.0041365757962147425,
            "steer": 0.0
        },
        {
            "throttle": 0.6263713258226995,
            "brake": 0.0037229182165932685,
            "steer": 0.0
        },
        {
            "throttle": 0.6317243887930453,
            "brake": 0.0033506263949339417,
            "steer": 0.0
        },
        {
            "throttle": 0.6355373663202029,
            "brake": 0.0030155637554405475,
            "steer": 0.0
        },
        {
            "throttle": 0.6377868599533867,
            "brake": 0.002714007379896493,
            "steer": 0.0
        },
        {
            "throttle": 0.6384603619520686,
            "brake": 0.0024426066419068436,
            "steer": 0.0
        },
        {
            "throttle": 0.6375563875674543,
            "brake": 0.0021983459777161593,
            "steer": 0.0
        },
        {
            "throttle": 0.6350845234124288,
            "brake": 0.0019785113799445433,
            "steer": 0.0
        },
        {
            "throttle": 0.6310653919882254,
            "brake": 0.001780660241950089,
            "steer": 0.0
        },
        {
            "throttle": 0.6255305330007047,
            "brake": 0.0016025942177550802,
            "steer": 0.0
        },
        {
            "throttle": 0.6185222026633713,
            "brake": 0.0014423347959795722,
            "steer": 0.0
        },
        {
            "throttle": 0.6100930927435964,
            "brake": 0.001298101316381615,
            "steer": 0.0
        },
        {
            "throttle": 0.6003059716585374,
            "brake": 0.0011682911847434535,
            "steer": 0.0
        },
        {
            "throttle": 0.5892332504636398,
            "brake": 0.0010514620662691082,
            "steer": 0.0
        },
        {
            "throttle": 0.5769564770951691,
            "brake": 0.0009463158596421975,
            "steer": 0.0
        },
        {
            "throttle": 0.5635657627249514,
            "brake": 0.0008516842736779778,
            "steer": 0.0
        },
        {
            "throttle": 0.5491591445565405,
            "brake": 0.00076651584631018,
            "steer": 0.0
        },
        {
            "throttle": 0.5338418898337524,
            "brake": 0.000689864261679162,
            "steer": 0.0
        },
        {
            "throttle": 0.5177257462415311,
            "brake": 0.0006208778355112457,
            "steer": 0.0
        },
        {
            "throttle": 0.5009281442522768,
            "brake": 0.0005587900519601212,
            "steer": 0.0
        },
        {
            "throttle": 0.4835713573052295,
            "brake": 0.0005029110467641091,
            "steer": 0.0
        },
        {
            "throttle": 0.46578162599969214,
            "brake": 0.0004526199420876982,
            "steer": 0.0
        },
        {
            "throttle": 0.44768825273253865,
            "brake": 0.00040735794787892835,
            "steer": 0.0
        },
        {
            "throttle": 0.42942267341466667,
            "brake": 0.00036662215309103555,
            "steer": 0.0
        },
        {
            "throttle": 0.411117513058237,
            "brake": 0.00032995993778193203,
            "steer": 0.0
        },
        {
            "throttle": 0.39290563213545754,
            "brake": 0.0002969639440037388,
            "steer": 0.0
        },
        {
            "throttle": 0.3749191706694465,
            "brake": 0.00026726754960336495,
            "steer": 0.0
        },
        {
            "throttle": 0.35728859702783955,
            "brake": 0.00024054079464302846,
            "steer": 0.0
        },
        {
            "throttle": 0.3215597373250556,
            "brake": 0.040726103137978094,
            "steer": 0.0
        },
        {
            "throttle": 0.28940376359255005,
            "brake": 0.07716310924697965,
            "steer": 0.0
        },
        {
            "throttle": 0.26046338723329504,
            "brake": 0.10995641474508105,
            "steer": 0.0
        },
        {
            "throttle": 0.23441704850996553,
            "brake": 0.13947038969337233,
            "steer": 0.0
        },
        {
            "throttle": 0.21097534365896897,
            "brake": 0.1660329671468345,
            "steer": 0.0
        },
        {
            "throttle": 0.18987780929307208,
            "brake": 0.18993928685495043,
            "steer": 0.0
        },
        {
            "throttle": 0.17089002836376488,
            "brake": 0.21145497459225476,
            "steer": 0.0
        },
        {
            "throttle": 0.1538010255273884,
            "brake": 0.23081909355582866,
            "steer": 0.0
        },
        {
            "throttle": 0.13842092297464956,
            "brake": 0.2482468006230452,
            "steer": 0.0
        },
        {
            "throttle": 0.1245788306771846,
            "brake": 0.26393173698354006,
            "steer": 0.0
        },
        {
            "throttle": 0.11212094760946614,
            "brake": 0.2780481797079854,
            "steer": 0.0
        },
        {
            "throttle": 0.10090885284851953,
            "brake": 0.29075297815998624,
            "steer": 0.0
        },
        {
            "throttle": 0.09081796756366757,
            "brake": 0.302187296766787,
            "steer": 0.0
        },
        {
            "throttle": 0.08173617080730082,
            "brake": 0.3124781835129077,
            "steer": 0.0
        },
        {
            "throttle": 0.07356255372657074,
            "brake": 0.3217399815844163,
            "steer": 0.0
        },
        {
            "throttle": 0.06620629835391366,
            "brake": 0.33007559984877405,
            "steer": 0.0
        },
        {
            "throttle": 0.059585668518522296,
            "brake": 0.337577656286696,
            "steer": 0.0
        },
        {
            "throttle": 0.05362710166667007,
            "brake": 0.34432950708082577,
            "steer": 0.0
        },
        {
            "throttle": 0.048264391500003063,
            "brake": 0.3504061727955426,
            "steer": 0.0
        },
        {
            "throttle": 0.04343795235000276,
            "brake": 0.3558751719387877,
            "steer": 0.0
        },
        {
            "throttle": 0.039094157115002484,
            "brake": 0.3607972711677083,
            "steer": 0.0
        },
        {
            "throttle": 0.03518474140350224,
            "brake": 0.3652271604737369,
            "steer": 0.0
        },
        {
            "throttle": 0.03166626726315201,
            "brake": 0.3692140608491626,
            "steer": 0.0
        },
        {
            "throttle": 0.02849964053683681,
            "brake": 0.37280227118704573,
            "steer": 0.0
        },
        {
            "throttle": 0.025649676483153132,
            "brake": 0.37603166049114056,
            "steer": 0.0
        },
        {
            "throttle": 0.02308470883483782,
            "brake": 0.3789381108648259,
            "steer": 0.0
        },
        {
            "throttle": 0.020776237951354037,
            "brake": 0.38155391620114265,
            "steer": 0.0
        },
        {
            "throttle": 0.018698614156218634,
            "brake": 0.38390814100382775,
            "steer": 0.0
        },
        {
            "throttle": 0.06693338713520126,
            "brake": 0.345517326903445,
            "steer": 0.0
        },
        {
            "throttle": 0.11257910587291553,
            "brake": 0.3109655942131005,
            "steer": 0.0
        },
        {
            "throttle": 0.15582320731044788,
            "brake": 0.2798690347917904,
            "steer": 0.0
        },
        {
            "throttle": 0.19681873983792875,
            "brake": 0.2518821313126114,
            "steer": 0.0
        },
        {
            "throttle": 0.2356884322487292,
            "brake": 0.22669391818135026,
            "steer": 0.0
        },
        {
            "throttle": 0.2725284644014134,
            "brake": 0.20402452636321525,
            "steer": 0.0
        },
        {
            "throttle": 0.3074119640755672,
            "brake": 0.18362207372689374,
            "steer": 0.0
        },
        {
            "throttle": 0.3403922513121222,
            "brake": 0.16525986635420437,
            "steer": 0.0
        },
        {
            "throttle": 0.37150584869688963,
            "brake": 0.14873387971878393,
            "steer": 0.0
        },
        {
            "throttle": 0.400775273546443,
            "brake": 0.13386049174690554,
            "steer": 0.0
        },
        {
            "throttle": 0.4282116257597262,
            "brake": 0.12047444257221498,
            "steer": 0.0
        },
        {
            "throttle": 0.4538169831807824,
            "brake": 0.10842699831499349,
            "steer": 0.0
        },
        {
            "throttle": 0.4775866146539308,
            "brake": 0.09758429848349413,
            "steer": 0.0
        },
        {
            "throttle": 0.4995110195206471,
            "brake": 0.08782586863514472,
            "steer": 0.0
        },
        {
            "throttle": 0.5195778010871138,
            "brake": 0.07904328177163025,
            "steer": 0.0
        },
        {
            "throttle": 0.5377733805642336,
            "brake": 0.07113895359446723,
            "steer": 0.0
        },
        {
            "throttle": 0.5540845571304952,
            "brake": 0.06402505823502051,
            "steer": 0.0
        },
        {
            "throttle": 0.5684999190763451,
            "brake": 0.057622552411518466,
            "steer": 0.0
        },
        {
            "throttle": 0.581011110441585,
            "brake": 0.05186029717036662,
            "steer": 0.0
        },
        {
            "throttle": 0.5916139571407011,
            "brake": 0.04667426745332996,
            "steer": 0.0
        },
        {
            "throttle": 0.6003094562717072,
            "brake": 0.04200684070799697,
            "steer": 0.0
        },
        {
            "throttle": 0.6071046321095958,
            "brake": 0.037806156637197275,
            "steer": 0.0
        },
        {
            "throttle": 0.6120132621840874,
            "brake": 0.03402554097347755,
            "steer": 0.0
        },
        {
            "throttle": 0.6150564768219433,
            "brake": 0.030622986876129795,
            "steer": 0.0
        },
        {
            "throttle": 0.6162632355861463,
            "brake": 0.027560688188516817,
            "steer": 0.0
        },
        {
            "throttle": 0.6156706841577829,
            "brake": 0.024804619369665135,
            "steer": 0.0
        },
        {
            "throttle": 0.6133243953720365,
            "brake": 0.02232415743269862,
            "steer": 0.0
        },
        {
            "throttle": 0.6092784983283448,
            "brake": 0.02009174168942876,
            "steer": 0.0
        },
        {
            "throttle": 0.6035956997379993,
            "brake": 0.018082567520485884,
            "steer": 0.0
        },
        {
            "throttle": 0.5963472019422064,
            "brake": 0.016274310768437297,
            "steer": 0.0
        },
        {
            "throttle": 0.5876125223222759,
            "brake": 0.014646879691593567,
            "steer": 0.0
        },
        {
            "throttle": 0.5774792191239814,
            "brake": 0.01318219172243421,
            "steer": 0.0
        },
        {
            "throttle": 0.5660425290234621,
            "brake": 0.01186397255019079,
            "steer": 0.0
        },
        {
            "throttle": 0.5534049220660008,
            "brake": 0.01067757529517171,
            "steer": 0.0
        },
        {
            "throttle": 0.539675579905678,
            "brake": 0.00960981776565454,
            "steer": 0.0
        },
        {
            "throttle": 0.5249698035577923,
            "brake": 0.008648835989089085,
            "steer": 0.0
        },
        {
            "throttle": 0.5094083571419817,
            "brake": 0.0077839523901801775,
            "steer": 0.0
        },
        {
            "throttle": 0.49311675433755436,
            "brake": 0.00700555715116216,
            "steer": 0.0
        },
        {
            "throttle": 0.47622449448942666,
            "brake": 0.006305001436045944,
            "steer": 0.0
        },
        {
            "throttle": 0.45886425548952625,
            "brake": 0.00567450129244135,
            "steer": 0.0
        },
        {
            "throttle": 0.4411710507112089,
            "brake": 0.005107051163197215,
            "steer": 0.0
        },
        {
            "throttle": 0.4232813573902876,
            "brake": 0.0045963460468774935,
            "steer": 0.0
        },
        {
            "throttle": 0.4053322239232415,
            "brake": 0.004136711442189744,
            "steer": 0.0
        },
        {
            "throttle": 0.38746036358905617,
            "brake": 0.00372304029797077,
            "steer": 0.0
        },
        {
            "throttle": 0.36980124219440447,
            "brake": 0.003350736268173693,
            "steer": 0.0
        },
        {
            "throttle": 0.35248816709137565,
            "brake": 0.0030156626413563236,
            "steer": 0.0
        },
        {
            "throttle": 0.33565138492202895,
            "brake": 0.0027140963772206914,
            "steer": 0.0
        },
        {
            "throttle": 0.31941719530441987,
            "brake": 0.0024426867394986224,
            "steer": 0.0
        },
        {
            "throttle": 0.3039070874905855,
            "brake": 0.00219841806554876,
            "steer": 0.0
        }
    ],
    "parameters": {
        "cloudiness": 40.70490326701105,
        "fog_density": 21.70697044935053,
        "initial_distance": 44.03292451132761,
        "initial_ego_velocity": 8.186349462501305,
        "initial_lead_velocity": 14.044704706678342,
        "lead_base_throttle": 0.4245829703462768,
        "lead_behavior_frequency": 0.13539829742593235,
        "lead_brake_duration": 28.481252582036046,
        "lead_brake_intensity": 0.40509616422799366,
        "lead_brake_probability": 0.14807468168392238,
        "lead_throttle_variation": 0.27698180988692916,
        "precipitation": 77.82099194460892,
        "precipitation_deposits": 84.72620115134664,
        "sun_altitude_angle": -20.057246183909374,
        "wind_intensity": 40.39718614159238
    },
    "config": {
        "num_timesteps": 200,
        "dt": 0.1,
        "seed": 70
    }
}