{
    "weather": {
        "cloudiness": 8.164113622514769,
        "precipitation": 95.22830527783962,
        "precipitation_deposits": 16.60701735444968,
        "wind_intensity": 18.464265352152676,
        "sun_altitude_angle": 82.14719806443297,
        "fog_density": 12.730999724318508,
        "fog_distance": 654.1839764834905,
        "wetness": 47.61415263891981
    },
    "initial_conditions": {
        "ego": {
            "position": {
                "x": 520.7639532482109,
                "y": 20.57,
                "z": 0.294
            },
            "yaw": 0.0,
            "velocity": 19.601584971227652
        },
        "lead": {
            "position": {
                "x": 484.88,
                "y": 20.57,
                "z": 0.294
            },
            "yaw": 0.0,
            "velocity": 24.974370726177714
        }
    },
    "ego": {
        "position": {
            "x": 520.7639532482109,
            "y": 20.57,
            "z": 0.294
        },
        "yaw": 0.0,
        "velocity": 19.601584971227652
    },
    "lead": {
        "position": {
            "x": 484.88,
            "y": 20.57,
            "z": 0.294
        },
        "yaw": 0.0,
        "velocity": 24.974370726177714
    },
    "ado_actions": [
        {
            "throttle": 0.38158484584555286,
            "brake": 0.0,
            "steer": 0.0
        },
        {
            "throttle": 0.38375631600363064,
            "brake": 0.0,
            "steer": 0.0
        },
        {
            "throttle": 0.3878189221290732,
            "brake": 0.0,
            "steer": 0.0
        },
        {
            "throttle": 0.3934590149462716,
            "brake": 0.0,
            "steer": 0.0
        },
        {
            "throttle": 0.4003365854419696,
            "brake": 0.0,
            "steer": 0.0
        },
        {
            "throttle": 0.40809320439625063,
            "brake": 0.0,
            "steer": 0.0
        },
        {
            "throttle": 0.4163606933517406,
            "brake": 0.0,
            "steer": 0.0
        },
        {
            "throttle": 0.42477025516300027,
            "brake": 0.0,
            "steer": 0.0
        },
        {
            "throttle": 0.4329617808491724,
            "brake": 0.0,
            "steer": 0.0
        },
        {
            "throttle": 0.4405930461016257,
            "brake": 0.0,
            "steer": 0.0
        },
        {
            "throttle": 0.447348515592248,
            "brake": 0.0,
            "steer": 0.0
        },
        {
            "throttle": 0.4529474860652716,
            "brake": 0.0,
            "steer": 0.0
        },
        {
            "throttle": 0.4571513197183514,
            "brake": 0.0,
            "steer": 0.0
        },
        {
            "throttle": 0.45976954700411493,
            "brake": 0.0,
            "steer": 0.0
        },
        {
            "throttle": 0.4606646519205186,
            "brake": 0.0,
            "steer": 0.0
        },
        {
            "throttle": 0.4597553921310839,
            "brake": 0.0,
            "steer": 0.0
        },
        {
            "throttle": 0.4570185497320536,
            "brake": 0.0,
            "steer": 0.0
        },
        {
            "throttle": 0.4524890549069399,
            "brake": 0.0,
            "steer": 0.0
        },
        {
            "throttle": 0.44625847273739466,
            "brake": 0.0,
            "steer": 0.0
        },
        {
            "throttle": 0.4384718916828011,
            "brake": 0.0,
            "steer": 0.0
        },
        {
            "throttle": 0.42932329930247004,
            "brake": 0.0,
            "steer": 0.0
        },
        {
            "throttle": 0.4190495753105084,
            "brake": 0.0,
            "steer": 0.0
        },
        {
            "throttle": 0.40792327273447415,
            "brake": 0.0,
            "steer": 0.0
        },
        {
            "throttle": 0.3962443936160359,
            "brake": 0.0,
            "steer": 0.0
        },
        {
            "throttle": 0.38433139531161364,
            "brake": 0.0,
            "steer": 0.0
        },
        {
            "throttle": 0.37251168616552294,
            "brake": 0.0,
            "steer": 0.0
        },
        {
            "throttle": 0.36111188448012266,
            "brake": 0.0,
            "steer": 0.0
        },
        {
            "throttle": 0.3504481218592423,
            "brake": 0.0,
            "steer": 0.0
        },
        {
            "throttle": 0.3408166709475528,
            "brake": 0.0,
            "steer": 0.0
        },
        {
            "throttle": 0.33248516836285524,
            "brake": 0.0,
            "steer": 0.0
        },
        {
            "throttle": 0.3256846864913165,
            "brake": 0.0,
            "steer": 0.0
        },
        {
            "throttle": 0.32060288328799874,
            "brake": 0.0,
            "steer": 0.0
        },
        {
            "throttle": 0.31737842801226074,
            "brake": 0.0,
            "steer": 0.0
        },
        {
            "throttle": 0.3160968638397338,
            "brake": 0.0,
            "steer": 0.0
        },
        {
            "throttle": 0.3167880266074641,
            "brake": 0.0,
            "steer": 0.0
        },
        {
            "throttle": 0.319425093780849,
            "brake": 0.0,
            "steer": 0.0
        },
        {
            "throttle": 0.3239252903957759,
            "brake": 0.0,
            "steer": 0.0
        },
        {
            "throttle": 0.33015223060543486,
            "brake": 0.0,
            "steer": 0.0
        },
        {
            "throttle": 0.3379198259499896,
            "brake": 0.0,
            "steer": 0.0
        },
        {
            "throttle": 0.34699764595209803,
            "brake": 0.0,
            "steer": 0.0
        },
        {
            "throttle": 0.35711757444744024,
            "brake": 0.0,
            "steer": 0.0
        },
        {
            "throttle": 0.36798156741547333,
            "brake": 0.0,
            "steer": 0.0
        },
        {
            "throttle": 0.37927028607765334,
            "brake": 0.0,
            "steer": 0.0
        },
        {
            "throttle": 0.39065235361005163,
            "brake": 0.0,
            "steer": 0.0
        },
        {
            "throttle": 0.40179396571489084,
            "brake": 0.0,
            "steer": 0.0
        },
        {
            "throttle": 0.4123685750382804,
            "brake": 0.0,
            "steer": 0.0
        },
        {
            "throttle": 0.4220663673082583,
            "brake": 0.0,
            "steer": 0.0
        },
        {
            "throttle": 0.4306032531600324,
            "brake": 0.0,
            "steer": 0.0
        },
        {
            "throttle": 0.437729113737119,
            "brake": 0.0,
            "steer": 0.0
        },
        {
            "throttle": 0.4432350598973048,
            "brake": 0.0,
            "steer": 0.0
        },
        {
            "throttle": 0.4469594935786674,
            "brake": 0.0,
            "steer": 0.0
        },
        {
            "throttle": 0.44879279475765516,
            "brake": 0.0,
            "steer": 0.0
        },
        {
            "throttle": 0.44868049744380034,
            "brake": 0.0,
            "steer": 0.0
        },
        {
            "throttle": 0.4466248621399155,
            "brake": 0.0,
            "steer": 0.0
        },
        {
            "throttle": 0.44268479887290596,
            "brake": 0.0,
            "steer": 0.0
        },
        {
            "throttle": 0.4369741429105626,
            "brake": 0.0,
            "steer": 0.0
        },
        {
            "throttle": 0.42965833322699165,
            "brake": 0.0,
            "steer": 0.0
        },
        {
            "throttle": 0.42094959026863116,
            "brake": 0.0,
            "steer": 0.0
        },
        {
            "throttle": 0.4111007332514233,
            "brake": 0.0,
            "steer": 0.0
        },
        {
            "throttle": 0.4003978168167895,
            "brake": 0.0,
            "steer": 0.0
        },
        {
            "throttle": 0.38915180123745385,
            "brake": 0.0,
            "steer": 0.0
        },
        {
            "throttle": 0.3776894984940433,
            "brake": 0.0,
            "steer": 0.0
        },
        {
            "throttle": 0.3663440576212915,
            "brake": 0.0,
            "steer": 0.0
        },
        {
            "throttle": 0.35544526613532257,
            "brake": 0.0,
            "steer": 0.0
        },
        {
            "throttle": 0.34530994971066403,
            "brake": 0.0,
            "steer": 0.0
        },
        {
            "throttle": 0.33623274942150605,
            "brake": 0.0,
            "steer": 0.0
        },
        {
            "throttle": 0.32847754487939285,
            "brake": 0.0,
            "steer": 0.0
        },
        {
            "throttle": 0.3222697728086252,
            "brake": 0.0,
            "steer": 0.0
        },
        {
            "throttle": 0.31778986454800023,
            "brake": 0.0,
            "steer": 0.0
        },
        {
            "throttle": 0.2860108780932002,
            "brake": 0.0798160820243942,
            "steer": 0.0
        },
        {
            "throttle": 0.25740979028388017,
            "brake": 0.151650555846349,
            "steer": 0.0
        },
        {
            "throttle": 0.23166881125549216,
            "brake": 0.2163015822861083,
            "steer": 0.0
        },
        {
            "throttle": 0.20850193012994295,
            "brake": 0.27448750608189165,
            "steer": 0.0
        },
        {
            "throttle": 0.18765173711694866,
            "brake": 0.3268548374980967,
            "steer": 0.0
        },
        {
            "throttle": 0.1688865634052538,
            "brake": 0.37398543577268123,
            "steer": 0.0
        },
        {
            "throttle": 0.1519979070647284,
            "brake": 0.4164029742198073,
            "steer": 0.0
        },
        {
            "throttle": 0.13679811635825556,
            "brake": 0.4545787588222208,
            "steer": 0.0
        },
        {
            "throttle": 0.12311830472243,
            "brake": 0.488936964964393,
            "steer": 0.0
        },
        {
            "throttle": 0.110806474250187,
            "brake": 0.5198593504923479,
            "steer": 0.0
        },
        {
            "throttle": 0.0997258268251683,
            "brake": 0.5476894974675073,
            "steer": 0.0
        },
        {
            "throttle": 0.08975324414265147,
            "brake": 0.5727366297451507,
            "steer": 0.0
        },
        {
            "throttle": 0.08077791972838633,
            "brake": 0.5952790487950298,
            "steer": 0.0
        },
        {
            "throttle": 0.0727001277555477,
            "brake": 0.615567225939921,
            "steer": 0.0
        },
        {
            "throttle": 0.06543011497999293,
            "brake": 0.6338265853703231,
            "steer": 0.0
        },
        {
            "throttle": 0.05888710348199364,
            "brake": 0.650260008857685,
            "steer": 0.0
        },
        {
            "throttle": 0.05299839313379428,
            "brake": 0.6650500899963107,
            "steer": 0.0
        },
        {
            "throttle": 0.09674320457468384,
            "brake": 0.5985450809966796,
            "steer": 0.0
        },
        {
            "throttle": 0.1348185251713558,
            "brake": 0.5386905728970116,
            "steer": 0.0
        },
        {
            "throttle": 0.16751221286846527,
            "brake": 0.48482151560731046,
            "steer": 0.0
        },
        {
            "throttle": 0.19512914426104708,
            "brake": 0.4363393640465794,
            "steer": 0.0
        },
        {
            "throttle": 0.21799630109225618,
            "brake": 0.39270542764192146,
            "steer": 0.0
        },
        {
            "throttle": 0.23646581771376585,
            "brake": 0.35343488487772934,
            "steer": 0.0
        },
        {
            "throttle": 0.2509160404117913,
            "brake": 0.3180913963899564,
            "steer": 0.0
        },
        {
            "throttle": 0.2617506933959893,
            "brake": 0.2862822567509608,
            "steer": 0.0
        },
        {
            "throttle": 0.269396288780085,
            "brake": 0.2576540310758647,
            "steer": 0.0
        },
        {
            "throttle": 0.27429795767479676,
            "brake": 0.23188862796827825,
            "steer": 0.0
        },
        {
            "throttle": 0.2769139152819559,
            "brake": 0.20869976517145042,
            "steer": 0.0
        },
        {
            "throttle": 0.27770880346977195,
            "brake": 0.18782978865430539,
            "steer": 0.0
        },
        {
            "throttle": 0.27714617873106273,
            "brake": 0.16904680978887485,
            "steer": 0.0
        },
        {
            "throttle": 0.2756804308767231,
            "brake": 0.15214212880998737,
            "steer": 0.0
        },
        {
            "throttle": 0.24811238778905081,
            "brake": 0.21674399795338284,
            "steer": 0.0
        },
        {
            "throttle": 0.22330114901014575,
            "brake": 0.27488568018243875,
            "steer": 0.0
        },
        {
            "throttle": 0.20097103410913117,
            "brake": 0.3272131941885891,
            "steer": 0.0
        },
        {
            "throttle": 0.18087393069821806,
            "brake": 0.3743079567941244,
            "steer": 0.0
        },
        {
            "throttle": 0.16278653762839626,
            "brake": 0.41669324313910616,
            "steer": 0.0
        },
        {
            "throttle": 0.14650788386555663,
            "brake": 0.45484000084958975,
            "steer": 0.0
        },
        {
            "throttle": 0.13185709547900099,
            "brake": 0.489172082789025,
            "steer": 0.0
        },
        {
            "throttle": 0.1186713859311009,
            "brake": 0.5200709565345167,
            "steer": 0.0
        },
        {
            "throttle": 0.10680424733799081,
            "brake": 0.5478799429054593,
            "steer": 0.0
        },
        {
            "throttle": 0.09612382260419172,
            "brake": 0.5729080306393075,
            "steer": 0.0
        },
        {
            "throttle": 0.08651144034377255,
            "brake": 0.5954333095997709,
            "steer": 0.0
        },
        {
            "throttle": 0.0778602963093953,
            "brake": 0.615706060664188,
            "steer": 0.0
        },
        {
            "throttle": 0.07007426667845577,
            "brake": 0.6339515366221634,
            "steer": 0.0
        },
        {
            "throttle": 0.06306684001061019,
            "brake": 0.6503724649843412,
            "steer": 0.0
        },
        {
            "throttle": 0.05676015600954917,
            "brake": 0.6651513005103012,
            "steer": 0.0
        },
        {
            "throttle": 0.051084140408594256,
            "brake": 0.6784522524836653,
            "steer": 0.0
        },
        {
            "throttle": 0.04597572636773483,
            "brake": 0.6904231092596929,
            "steer": 0.0
        },
        {
            "throttle": 0.09110797546470303,
            "brake": 0.6213807983337236,
            "steer": 0.0
        },
        {
            "throttle": 0.13247919678114434,
            "brake": 0.5592427185003512,
            "steer": 0.0
        },
        {
            "throttle": 0.17010689304113386,
            "brake": 0.5033184466503161,
            "steer": 0.0
        },
        {
            "throttle": 0.20399536349393632,
            "brake": 0.4529866019852845,
            "steer": 0.0
        },
        {
            "throttle": 0.23414779236702518,
            "brake": 0.40768794178675605,
            "steer": 0.0
        },
        {
            "throttle": 0.2605771484092963,
            "brake": 0.3669191476080805,
            "steer": 0.0
        },
        {
            "throttle": 0.28331570049641286,
            "brake": 0.33022723284727246,
            "steer": 0.0
        },
        {
            "throttle": 0.3024229823275925,
            "brake": 0.29720450956254524,
            "steer": 0.0
        },
        {
            "throttle": 0.3179920733805256,
            "brake": 0.2674840586062907,
            "steer": 0.0
        },
        {
            "throttle": 0.3301541023929992,
            "brake": 0.24073565274566164,
            "steer": 0.0
        },
        {
            "throttle": 0.3390809224584584,
            "brake": 0.21666208747109547,
            "steer": 0.0
        },
        {
            "throttle": 0.34498595201326326,
            "brake": 0.19499587872398594,
            "steer": 0.0
        },
        {
            "throttle": 0.3481232221517646,
            "brake": 0.17549629085158736,
            "steer": 0.0
        },
        {
            "throttle": 0.34878471640824726,
            "brake": 0.15794666176642863,
            "steer": 0.0
        },
        {
            "throttle": 0.3472961329902461,
            "brake": 0.14215199558978578,
            "steer": 0.0
        },
        {
            "throttle": 0.3440112400949766,
            "brake": 0.1279367960308072,
            "steer": 0.0
        },
        {
            "throttle": 0.3393050311484325,
            "brake": 0.1151431164277265,
            "steer": 0.0
        },
        {
            "throttle": 0.33356591746890935,
            "brake": 0.10362880478495384,
            "steer": 0.0
        },
        {
            "throttle": 0.32718722003376194,
            "brake": 0.09326592430645846,
            "steer": 0.0
        },
        {
            "throttle": 0.2944684980303858,
            "brake": 0.16375541390020681,
            "steer": 0.0
        },
        {
            "throttle": 0.2650216482273472,
            "brake": 0.22719595453458036,
            "steer": 0.0
        },
        {
            "throttle": 0.2385194834046125,
            "brake": 0.28429244110551655,
            "steer": 0.0
        },
        {
            "throttle": 0.21466753506415123,
            "brake": 0.3356792790193591,
            "steer": 0.0
        },
        {
            "throttle": 0.19320078155773612,
            "brake": 0.38192743314181743,
            "steer": 0.0
        },
        {
            "throttle": 0.17388070340196252,
            "brake": 0.42355077185202994,
            "steer": 0.0
        },
        {
            "throttle": 0.15649263306176628,
            "brake": 0.4610117766912212,
            "steer": 0.0
        },
        {
            "throttle": 0.14084336975558964,
            "brake": 0.4947266810464933,
            "steer": 0.0
        },
        {
            "throttle": 0.12675903278003067,
            "brake": 0.5250700949662381,
            "steer": 0.0
        },
        {
            "throttle": 0.1140831295020276,
            "brake": 0.5523791674940085,
            "steer": 0.0
        },
        {
            "throttle": 0.10267481655182485,
            "brake": 0.5769573327690019,
            "steer": 0.0
        },
        {
            "throttle": 0.09240733489664237,
            "brake": 0.5990776815164959,
            "steer": 0.0
        },
        {
            "throttle": 0.08316660140697812,
            "brake": 0.6189859953892405,
            "steer": 0.0
        },
        {
            "throttle": 0.07484994126628032,
            "brake": 0.6369034778747106,
            "steer": 0.0
        },
        {
            "throttle": 0.06736494713965228,
            "brake": 0.6530292121116337,
            "steer": 0.0
        },
        {
            "throttle": 0.060628452425687054,
            "brake": 0.6675423729248645,
            "steer": 0.0
        },
        {
            "throttle": 0.05456560718311835,
            "brake": 0.6806042176567723,
            "steer": 0.0
        },
        {
            "throttle": 0.09800667680178543,
            "brake": 0.6125437958910951,
            "steer": 0.0
        },
        {
            "throttle": 0.13812372179323168,
            "brake": 0.5512894163019856,
            "steer": 0.0
        },
        {
            "throttle": 0.17490696519895876,
            "brake": 0.49616047467178703,
            "steer": 0.0
        },
        {
            "throttle": 0.2083278815953116,
            "brake": 0.44654442720460835,
            "steer": 0.0
        },
        {
            "throttle": 0.2383516029579949,
            "brake": 0.40188998448414753,
            "steer": 0.0
        },
        {
            "throttle": 0.2649483515077616,
            "brake": 0.3617009860357328,
            "steer": 0.0
        },
        {
            "throttle": 0.288103682613277,
            "brake": 0.3255308874321595,
            "steer": 0.0
        },
        {
            "throttle": 0.3078273438772618,
            "brake": 0.2929777986889436,
            "steer": 0.0
        },
        {
            "throttle": 0.3241605863811935,
            "brake": 0.2636800188200492,
            "steer": 0.0
        },
        {
            "throttle": 0.33718179972777035,
            "brake": 0.2373120169380443,
            "steer": 0.0
        },
        {
            "throttle": 0.3470103828570481,
            "brake": 0.21358081524423986,
            "steer": 0.0
        },
        {
            "throttle": 0.3123093445713433,
            "brake": 0.27203881574421007,
            "steer": 0.0
        },
        {
            "throttle": 0.281078410114209,
            "brake": 0.3246510161941833,
            "steer": 0.0
        },
        {
            "throttle": 0.2529705691027881,
            "brake": 0.37200199659915917,
            "steer": 0.0
        },
        {
            "throttle": 0.22767351219250928,
            "brake": 0.4146178789636375,
            "steer": 0.0
        },
        {
            "throttle": 0.20490616097325837,
            "brake": 0.452972173091668,
            "steer": 0.0
        },
        {
            "throttle": 0.18441554487593254,
            "brake": 0.4874910378068954,
            "steer": 0.0
        },
        {
            "throttle": 0.1659739903883393,
            "brake": 0.5185580160506,
            "steer": 0.0
        },
        {
            "throttle": 0.14937659134950537,
            "brake": 0.5465182964699342,
            "steer": 0.0
        },
        {
            "throttle": 0.13443893221455483,
            "brake": 0.571682548847335,
            "steer": 0.0
        },
        {
            "throttle": 0.12099503899309935,
            "brake": 0.5943303759869957,
            "steer": 0.0
        },
        {
            "throttle": 0.10889553509378942,
            "brake": 0.6147134204126903,
            "steer": 0.0
        },
        {
            "throttle": 0.09800598158441048,
            "brake": 0.6330581603958154,
            "steer": 0.0
        },
        {
            "throttle": 0.08820538342596944,
            "brake": 0.6495684263806281,
            "steer": 0.0
        },
        {
            "throttle": 0.0793848450833725,
            "brake": 0.6644276657669594,
            "steer": 0.0
        },
        {
            "throttle": 0.07144636057503526,
            "brake": 0.6778009812146577,
            "steer": 0.0
        },
        {
            "throttle": 0.06430172451753173,
            "brake": 0.6898369651175861,
            "steer": 0.0
        },
        {
            "throttle": 0.057871552065778556,
            "brake": 0.7006693506302216,
            "steer": 0.0
        },
        {
            "throttle": 0.08408719042927429,
            "brake": 0.6306024155671994,
            "steer": 0.0
        },
        {
            "throttle": 0.10967363415982222,
            "brake": 0.5675421740104795,
            "steer": 0.0
        },
        {
            "throttle": 0.13481495038764912,
            "brake": 0.5107879566094315,
            "steer": 0.0
        },
        {
            "throttle": 0.15961529872615843,
            "brake": 0.4597091609484884,
            "steer": 0.0
        },
        {
            "throttle": 0.18410518637149714,
            "brake": 0.4137382448536396,
            "steer": 0.0
        },
        {
            "throttle": 0.20824893779712267,
            "brake": 0.3723644203682756,
            "steer": 0.0
        },
        {
            "throttle": 0.23195325454441656,
            "brake": 0.33512797833144803,
            "steer": 0.0
        },
        {
            "throttle": 0.25507669960388807,
            "brake": 0.3016151804983032,
            "steer": 0.0
        },
        {
            "throttle": 0.2774399056196154,
            "brake": 0.2714536624484729,
            "steer": 0.0
        },
        {
            "throttle": 0.29883627756551073,
            "brake": 0.24430829620362562,
            "steer": 0.0
        },
        {
            "throttle": 0.3190429393839491,
            "brake": 0.21987746658326307,
            "steer": 0.0
        },
        {
            "throttle": 0.3378316608857342,
            "brake": 0.19788971992493676,
            "steer": 0.0
        },
        {
            "throttle": 0.3549794963014415,
            "brake": 0.1781007479324431,
            "steer": 0.0
        },
        {
            "throttle": 0.37027886932980897,
            "brake": 0.16029067313919879,
            "steer": 0.0
        },
        {
            "throttle": 0.38354685119364074,
            "brake": 0.14426160582527892,
            "steer": 0.0
        },
        {
            "throttle": 0.3946333976988764,
            "brake": 0.12983544524275104,
            "steer": 0.0
        },
        {
            "throttle": 0.40342833798664224,
            "brake": 0.11685190071847594,
            "steer": 0.0
        },
        {
            "throttle": 0.4098669407545009,
            "brake": 0.10516671064662834,
            "steer": 0.0
        },
        {
            "throttle": 0.41393392220300596,
            "brake": 0.09465003958196551,
            "steer": 0.0
        }
    ],
    "parameters": {
        "fog_density": 12.730999724318508,
        "precipitation": 95.22830527783962,
        "precipitation_deposits": 16.60701735444968,
        "wind_intensity": 18.464265352152676,
        "sun_altitude_angle": 82.14719806443297,
        "cloudiness": 8.164113622514769,
        "lead_base_throttle": 0.38158484584555286,
        "lead_behavior_frequency": 0.27182264791512584,
        "lead_throttle_variation": 0.12776202411425497,
        "lead_brake_probability": 0.28879738131471333,
        "lead_brake_intensity": 0.798160820243942,
        "lead_brake_duration": 17.15038810149678,
        "initial_distance": 35.88395324821086,
        "initial_ego_velocity": 19.601584971227652,
        "initial_lead_velocity": 24.974370726177714
    },
    "config": {
        "num_timesteps": 200,
        "dt": 0.1,
        "seed": 44
    }
}