{
    "weather": {
        "cloudiness": 94.49664836152742,
        "precipitation": 5.899905648372517,
        "precipitation_deposits": 83.34750092762437,
        "wind_intensity": 38.58561547425326,
        "sun_altitude_angle": 0.3837767928879785,
        "fog_density": 55.219252737671866,
        "fog_distance": 158.7155364632421,
        "wetness": 2.9499528241862585
    },
    "initial_conditions": {
        "ego": {
            "position": {
                "x": 547.2173687529311,
                "y": 20.57,
                "z": 0.294
            },
            "yaw": 0.0,
            "velocity": 7.3753283904870965
        },
        "lead": {
            "position": {
                "x": 484.88,
                "y": 20.57,
                "z": 0.294
            },
            "yaw": 0.0,
            "velocity": 22.177268357633395
        }
    },
    "ego": {
        "position": {
            "x": 547.2173687529311,
            "y": 20.57,
            "z": 0.294
        },
        "yaw": 0.0,
        "velocity": 7.3753283904870965
    },
    "lead": {
        "position": {
            "x": 484.88,
            "y": 20.57,
            "z": 0.294
        },
        "yaw": 0.0,
        "velocity": 22.177268357633395
    },
    "ado_actions": [
        {
            "throttle": 0.2693469060037478,
            "brake": 0.0,
            "steer": 0.0
        },
        {
            "throttle": 0.2739764952829793,
            "brake": 0.0,
            "steer": 0.0
        },
        {
            "throttle": 0.2826886695181118,
            "brake": 0.0,
            "steer": 0.0
        },
        {
            "throttle": 0.2949086051797921,
            "brake": 0.0,
            "steer": 0.0
        },
        {
            "throttle": 0.31003946526881204,
            "brake": 0.0,
            "steer": 0.0
        },
        {
            "throttle": 0.3274690676429351,
            "brake": 0.0,
            "steer": 0.0
        },
        {
            "throttle": 0.34657724858192673,
            "brake": 0.0,
            "steer": 0.0
        },
        {
            "throttle": 0.3667437462465928,
            "brake": 0.0,
            "steer": 0.0
        },
        {
            "throttle": 0.387356423416125,
            "brake": 0.0,
            "steer": 0.0
        },
        {
            "throttle": 0.4078196464787716,
            "brake": 0.0,
            "steer": 0.0
        },
        {
            "throttle": 0.4275626381892073,
            "brake": 0.0,
            "steer": 0.0
        },
        {
            "throttle": 0.44604762521968633,
            "brake": 0.0,
            "steer": 0.0
        },
        {
            "throttle": 0.46277760799109635,
            "brake": 0.0,
            "steer": 0.0
        },
        {
            "throttle": 0.4773035895875005,
            "brake": 0.0,
            "steer": 0.0
        },
        {
            "throttle": 0.489231112591852,
            "brake": 0.0,
            "steer": 0.0
        },
        {
            "throttle": 0.49822596723742635,
            "brake": 0.0,
            "steer": 0.0
        },
        {
            "throttle": 0.5040189511070179,
            "brake": 0.0,
            "steer": 0.0
        },
        {
            "throttle": 0.5064095794443525,
            "brake": 0.0,
            "steer": 0.0
        },
        {
            "throttle": 0.5052686656455309,
            "brake": 0.0,
            "steer": 0.0
        },
        {
            "throttle": 0.5005397133165598,
            "brake": 0.0,
            "steer": 0.0
        },
        {
            "throttle": 0.4922390840345939,
            "brake": 0.0,
            "steer": 0.0
        },
        {
            "throttle": 0.4804549282354429,
            "brake": 0.0,
            "steer": 0.0
        },
        {
            "throttle": 0.46534489005725155,
            "brake": 0.0,
            "steer": 0.0
        },
        {
            "throttle": 0.44713262008568566,
            "brake": 0.0,
            "steer": 0.0
        },
        {
            "throttle": 0.42610315235935714,
            "brake": 0.0,
            "steer": 0.0
        },
        {
            "throttle": 0.4025972233072738,
            "brake": 0.0,
            "steer": 0.0
        },
        {
            "throttle": 0.37700463012361807,
            "brake": 0.0,
            "steer": 0.0
        },
        {
            "throttle": 0.3497567440860267,
            "brake": 0.0,
            "steer": 0.0
        },
        {
            "throttle": 0.32131831017123486,
            "brake": 0.0,
            "steer": 0.0
        },
        {
            "throttle": 0.29217867773438755,
            "brake": 0.0,
            "steer": 0.0
        },
        {
            "throttle": 0.2629608099609488,
            "brake": 0.0,
            "steer": 0.0
        },
        {
            "throttle": 0.2366647289648539,
            "brake": 0.0,
            "steer": 0.0
        },
        {
            "throttle": 0.21299825606836853,
            "brake": 0.0,
            "steer": 0.0
        },
        {
            "throttle": 0.19169843046153168,
            "brake": 0.0,
            "steer": 0.0
        },
        {
            "throttle": 0.17252858741537852,
            "brake": 0.0,
            "steer": 0.0
        },
        {
            "throttle": 0.15527572867384068,
            "brake": 0.0,
            "steer": 0.0
        },
        {
            "throttle": 0.1397481558064566,
            "brake": 0.0,
            "steer": 0.0
        },
        {
            "throttle": 0.12577334022581096,
            "brake": 0.0,
            "steer": 0.0
        },
        {
            "throttle": 0.11319600620322987,
            "brake": 0.0,
            "steer": 0.0
        },
        {
            "throttle": 0.10187640558290688,
            "brake": 0.0,
            "steer": 0.0
        },
        {
            "throttle": 0.09187017871411929,
            "brake": 0.0,
            "steer": 0.0
        },
        {
            "throttle": 0.08602264753161637,
            "brake": 0.0,
            "steer": 0.0
        },
        {
            "throttle": 0.08434628894047368,
            "brake": 0.0,
            "steer": 0.0
        },
        {
            "throttle": 0.08678722442657438,
            "brake": 0.0,
            "steer": 0.0
        },
        {
            "throttle": 0.09322526137556164,
            "brake": 0.0,
            "steer": 0.0
        },
        {
            "throttle": 0.10347523193451841,
            "brake": 0.0,
            "steer": 0.0
        },
        {
            "throttle": 0.11728959574283192,
            "brake": 0.0,
            "steer": 0.0
        },
        {
            "throttle": 0.13436225085125497,
            "brake": 0.0,
            "steer": 0.0
        },
        {
            "throttle": 0.15433347605788184,
            "brake": 0.0,
            "steer": 0.0
        },
        {
            "throttle": 0.17679590810885465,
            "brake": 0.0,
            "steer": 0.0
        },
        {
            "throttle": 0.20130143910763945,
            "brake": 0.0,
            "steer": 0.0
        },
        {
            "throttle": 0.22736890338590554,
            "brake": 0.0,
            "steer": 0.0
        },
        {
            "throttle": 0.25449240931034955,
            "brake": 0.0,
            "steer": 0.0
        },
        {
            "throttle": 0.28215016028951034,
            "brake": 0.0,
            "steer": 0.0
        },
        {
            "throttle": 0.3098136008117658,
            "brake": 0.0,
            "steer": 0.0
        },
        {
            "throttle": 0.336956717848355,
            "brake": 0.0,
            "steer": 0.0
        },
        {
            "throttle": 0.36306532549771064,
            "brake": 0.0,
            "steer": 0.0
        },
        {
            "throttle": 0.3876461613782603,
            "brake": 0.0,
            "steer": 0.0
        },
        {
            "throttle": 0.4102356269883427,
            "brake": 0.0,
            "steer": 0.0
        },
        {
            "throttle": 0.43040801097986836,
            "brake": 0.0,
            "steer": 0.0
        },
        {
            "throttle": 0.4477830439176406,
            "brake": 0.0,
            "steer": 0.0
        },
        {
            "throttle": 0.4620326454467431,
            "brake": 0.0,
            "steer": 0.0
        },
        {
            "throttle": 0.47288673964427297,
            "brake": 0.0,
            "steer": 0.0
        },
        {
            "throttle": 0.4801380314214348,
            "brake": 0.0,
            "steer": 0.0
        },
        {
            "throttle": 0.48364565585929375,
            "brake": 0.0,
            "steer": 0.0
        },
        {
            "throttle": 0.4833376329628166,
            "brake": 0.0,
            "steer": 0.0
        },
        {
            "throttle": 0.4792120821307664,
            "brake": 0.0,
            "steer": 0.0
        },
        {
            "throttle": 0.4312908739176898,
            "brake": 0.07740110790367274,
            "steer": 0.0
        },
        {
            "throttle": 0.3881617865259208,
            "brake": 0.14706210501697822,
            "steer": 0.0
        },
        {
            "throttle": 0.34934560787332875,
            "brake": 0.20975700241895315,
            "steer": 0.0
        },
        {
            "throttle": 0.3144110470859959,
            "brake": 0.26618241008073057,
            "steer": 0.0
        },
        {
            "throttle": 0.2829699423773963,
            "brake": 0.31696527697633026,
            "steer": 0.0
        },
        {
            "throttle": 0.2546729481396567,
            "brake": 0.36266985718237,
            "steer": 0.0
        },
        {
            "throttle": 0.229205653325691,
            "brake": 0.40380397936780577,
            "steer": 0.0
        },
        {
            "throttle": 0.20628508799312192,
            "brake": 0.440824689334698,
            "steer": 0.0
        },
        {
            "throttle": 0.18565657919380973,
            "brake": 0.4741433283049009,
            "steer": 0.0
        },
        {
            "throttle": 0.16709092127442876,
            "brake": 0.5041301033780836,
            "steer": 0.0
        },
        {
            "throttle": 0.1503818291469859,
            "brake": 0.531118200943948,
            "steer": 0.0
        },
        {
            "throttle": 0.1353436462322873,
            "brake": 0.555407488753226,
            "steer": 0.0
        },
        {
            "throttle": 0.12180928160905859,
            "brake": 0.5772678477815761,
            "steer": 0.0
        },
        {
            "throttle": 0.10962835344815273,
            "brake": 0.5969421709070912,
            "steer": 0.0
        },
        {
            "throttle": 0.09866551810333746,
            "brake": 0.6146490617200548,
            "steer": 0.0
        },
        {
            "throttle": 0.08879896629300371,
            "brake": 0.6305852634517221,
            "steer": 0.0
        },
        {
            "throttle": 0.07991906966370334,
            "brake": 0.6449278450102226,
            "steer": 0.0
        },
        {
            "throttle": 0.071927162697333,
            "brake": 0.6578361684128731,
            "steer": 0.0
        },
        {
            "throttle": 0.0647344464275997,
            "brake": 0.6694536594752585,
            "steer": 0.0
        },
        {
            "throttle": 0.058261001784839735,
            "brake": 0.6799094014314053,
            "steer": 0.0
        },
        {
            "throttle": 0.05243490160635576,
            "brake": 0.6893195691919375,
            "steer": 0.0
        },
        {
            "throttle": 0.047191411445720186,
            "brake": 0.6977887201764165,
            "steer": 0.0
        },
        {
            "throttle": 0.04247227030114817,
            "brake": 0.7054109560624475,
            "steer": 0.0
        },
        {
            "throttle": 0.038225043271033356,
            "brake": 0.7122709683598755,
            "steer": 0.0
        },
        {
            "throttle": 0.03440253894393002,
            "brake": 0.7184449794275607,
            "steer": 0.0
        },
        {
            "throttle": 0.03096228504953702,
            "brake": 0.7240015893884774,
            "steer": 0.0
        },
        {
            "throttle": 0.02786605654458332,
            "brake": 0.7290025383533023,
            "steer": 0.0
        },
        {
            "throttle": 0.05574249917402592,
            "brake": 0.6561022845179721,
            "steer": 0.0
        },
        {
            "throttle": 0.08539983406863888,
            "brake": 0.5904920560661749,
            "steer": 0.0
        },
        {
            "throttle": 0.11650935048612648,
            "brake": 0.5314428504595574,
            "steer": 0.0
        },
        {
            "throttle": 0.14869500608995836,
            "brake": 0.47829856541360166,
            "steer": 0.0
        },
        {
            "throttle": 0.1815423504826391,
            "brake": 0.4304687088722415,
            "steer": 0.0
        },
        {
            "throttle": 0.214607936310083,
            "brake": 0.38742183798501734,
            "steer": 0.0
        },
        {
            "throttle": 0.2474290680569911,
            "brake": 0.3486796541865156,
            "steer": 0.0
        },
        {
            "throttle": 0.27953373042582336,
            "brake": 0.313811688767864,
            "steer": 0.0
        },
        {
            "throttle": 0.31045053304461645,
            "brake": 0.28243051989107765,
            "steer": 0.0
        },
        {
            "throttle": 0.33971850625399913,
            "brake": 0.2541874679019699,
            "steer": 0.0
        },
        {
            "throttle": 0.36689658389863455,
            "brake": 0.2287687211117729,
            "steer": 0.0
        },
        {
            "throttle": 0.3915726133546741,
            "brake": 0.20589184900059562,
            "steer": 0.0
        },
        {
            "throttle": 0.41337174036916036,
            "brake": 0.18530266410053606,
            "steer": 0.0
        },
        {
            "throttle": 0.43196402652259575,
            "brake": 0.16677239769048247,
            "steer": 0.0
        },
        {
            "throttle": 0.44707117005389485,
            "brake": 0.1500951579214342,
            "steer": 0.0
        },
        {
            "throttle": 0.45847221616182926,
            "brake": 0.1350856421292908,
            "steer": 0.0
        },
        {
            "throttle": 0.4660081604297093,
            "brake": 0.12157707791636173,
            "steer": 0.0
        },
        {
            "throttle": 0.4695853683831121,
            "brake": 0.10941937012472555,
            "steer": 0.0
        },
        {
            "throttle": 0.46917775502432246,
            "brake": 0.098477433112253,
            "steer": 0.0
        },
        {
            "throttle": 0.4648276901062701,
            "brake": 0.0886296898010277,
            "steer": 0.0
        },
        {
            "throttle": 0.4566456175086297,
            "brake": 0.07976672082092494,
            "steer": 0.0
        },
        {
            "throttle": 0.44480839994319393,
            "brake": 0.07179004873883245,
            "steer": 0.0
        },
        {
            "throttle": 0.42955642292422974,
            "brake": 0.0646110438649492,
            "steer": 0.0
        },
        {
            "throttle": 0.41118951407522847,
            "brake": 0.05814993947845428,
            "steer": 0.0
        },
        {
            "throttle": 0.390061755000104,
            "brake": 0.052334945530608856,
            "steer": 0.0
        },
        {
            "throttle": 0.36657528273650597,
            "brake": 0.04710145097754797,
            "steer": 0.0
        },
        {
            "throttle": 0.34117319586874956,
            "brake": 0.04239130587979317,
            "steer": 0.0
        },
        {
            "throttle": 0.31433169637690805,
            "brake": 0.038152175291813854,
            "steer": 0.0
        },
        {
            "throttle": 0.28655161194359485,
            "brake": 0.03433695776263247,
            "steer": 0.0
        },
        {
            "throttle": 0.258349454480616,
            "brake": 0.030903261986369227,
            "steer": 0.0
        },
        {
            "throttle": 0.23251450903255444,
            "brake": 0.027812935787732303,
            "steer": 0.0
        },
        {
            "throttle": 0.209263058129299,
            "brake": 0.025031642208959072,
            "steer": 0.0
        },
        {
            "throttle": 0.1883367523163691,
            "brake": 0.022528477988063164,
            "steer": 0.0
        },
        {
            "throttle": 0.1695030770847322,
            "brake": 0.02027563018925685,
            "steer": 0.0
        },
        {
            "throttle": 0.15255276937625897,
            "brake": 0.018248067170331166,
            "steer": 0.0
        },
        {
            "throttle": 0.13729749243863307,
            "brake": 0.01642326045329805,
            "steer": 0.0
        },
        {
            "throttle": 0.12356774319476976,
            "brake": 0.014780934407968245,
            "steer": 0.0
        },
        {
            "throttle": 0.11121096887529279,
            "brake": 0.013302840967171421,
            "steer": 0.0
        },
        {
            "throttle": 0.1000898719877635,
            "brake": 0.011972556870454279,
            "steer": 0.0
        },
        {
            "throttle": 0.09008088478898715,
            "brake": 0.010775301183408852,
            "steer": 0.0
        },
        {
            "throttle": 0.0837591850258452,
            "brake": 0.009697771065067968,
            "steer": 0.0
        },
        {
            "throttle": 0.08157721330514398,
            "brake": 0.008727993958561171,
            "steer": 0.0
        },
        {
            "throttle": 0.08349752353162586,
            "brake": 0.007855194562705054,
            "steer": 0.0
        },
        {
            "throttle": 0.0894159026858072,
            "brake": 0.007069675106434549,
            "steer": 0.0
        },
        {
            "throttle": 0.0991624921280384,
            "brake": 0.006362707595791094,
            "steer": 0.0
        },
        {
            "throttle": 0.11250417768829658,
            "brake": 0.005726436836211985,
            "steer": 0.0
        },
        {
            "throttle": 0.1291481974463526,
            "brake": 0.005153793152590787,
            "steer": 0.0
        },
        {
            "throttle": 0.1487468947716266,
            "brake": 0.004638413837331708,
            "steer": 0.0
        },
        {
            "throttle": 0.1709035240945584,
            "brake": 0.004174572453598538,
            "steer": 0.0
        },
        {
            "throttle": 0.1951789983942362,
            "brake": 0.003757115208238684,
            "steer": 0.0
        },
        {
            "throttle": 0.2210994508528952,
            "brake": 0.003381403687414816,
            "steer": 0.0
        },
        {
            "throttle": 0.24816446885311377,
            "brake": 0.0030432633186733343,
            "steer": 0.0
        },
        {
            "throttle": 0.2758558467428699,
            "brake": 0.002738936986806001,
            "steer": 0.0
        },
        {
            "throttle": 0.30364669478543993,
            "brake": 0.002465043288125401,
            "steer": 0.0
        },
        {
            "throttle": 0.33101073561352246,
            "brake": 0.002218538959312861,
            "steer": 0.0
        },
        {
            "throttle": 0.35743161643472854,
            "brake": 0.001996685063381575,
            "steer": 0.0
        },
        {
            "throttle": 0.38241206524816984,
            "brake": 0.0017970165570434175,
            "steer": 0.0
        },
        {
            "throttle": 0.4054827224323746,
            "brake": 0.0016173149013390758,
            "steer": 0.0
        },
        {
            "throttle": 0.42621048519987303,
            "brake": 0.0014555834112051683,
            "steer": 0.0
        },
        {
            "throttle": 0.44420621147482786,
            "brake": 0.0013100250700846514,
            "steer": 0.0
        },
        {
            "throttle": 0.4591316415749672,
            "brake": 0.0011790225630761864,
            "steer": 0.0
        },
        {
            "throttle": 0.4707054104553113,
            "brake": 0.0010611203067685678,
            "steer": 0.0
        },
        {
            "throttle": 0.4787080399397464,
            "brake": 0.000955008276091711,
            "steer": 0.0
        },
        {
            "throttle": 0.48298581902655524,
            "brake": 0.00085950744848254,
            "steer": 0.0
        },
        {
            "throttle": 0.4834535006683839,
            "brake": 0.000773556703634286,
            "steer": 0.0
        },
        {
            "throttle": 0.4800957650284685,
            "brake": 0.0006962010332708574,
            "steer": 0.0
        },
        {
            "throttle": 0.4729674217123809,
            "brake": 0.0006265809299437717,
            "steer": 0.0
        },
        {
            "throttle": 0.4621923464608293,
            "brake": 0.0005639228369493946,
            "steer": 0.0
        },
        {
            "throttle": 0.4479611708479163,
            "brake": 0.0005075305532544551,
            "steer": 0.0
        },
        {
            "throttle": 0.43052776624302874,
            "brake": 0.0004567774979290096,
            "steer": 0.0
        },
        {
            "throttle": 0.41020458525172937,
            "brake": 0.0004110997481361087,
            "steer": 0.0
        },
        {
            "throttle": 0.387356944653767,
            "brake": 0.0003699897733224978,
            "steer": 0.0
        },
        {
            "throttle": 0.36239635312766705,
            "brake": 0.000332990795990248,
            "steer": 0.0
        },
        {
            "throttle": 0.33577300444205793,
            "brake": 0.00029969171639122324,
            "steer": 0.0
        },
        {
            "throttle": 0.30796757198878877,
            "brake": 0.0002697225447521009,
            "steer": 0.0
        },
        {
            "throttle": 0.2794824532566329,
            "brake": 0.00024275029027689084,
            "steer": 0.0
        },
        {
            "throttle": 0.25153420793096964,
            "brake": 0.00021847526124920175,
            "steer": 0.0
        },
        {
            "throttle": 0.22638078713787269,
            "brake": 0.00019662773512428157,
            "steer": 0.0
        },
        {
            "throttle": 0.20374270842408543,
            "brake": 0.00017696496161185343,
            "steer": 0.0
        },
        {
            "throttle": 0.1833684375816769,
            "brake": 0.0001592684654506681,
            "steer": 0.0
        },
        {
            "throttle": 0.1650315938235092,
            "brake": 0.00014334161890560128,
            "steer": 0.0
        },
        {
            "throttle": 0.1485284344411583,
            "brake": 0.00012900745701504115,
            "steer": 0.0
        },
        {
            "throttle": 0.13367559099704246,
            "brake": 0.00011610671131353703,
            "steer": 0.0
        },
        {
            "throttle": 0.12030803189733821,
            "brake": 0.00010449604018218333,
            "steer": 0.0
        },
        {
            "throttle": 0.1082772287076044,
            "brake": 9.4046436163965e-05,
            "steer": 0.0
        },
        {
            "throttle": 0.09744950583684396,
            "brake": 8.46417925475685e-05,
            "steer": 0.0
        },
        {
            "throttle": 0.08850070873555643,
            "brake": 7.617761329281165e-05,
            "steer": 0.0
        },
        {
            "throttle": 0.08369837965217093,
            "brake": 6.855985196353049e-05,
            "steer": 0.0
        },
        {
            "throttle": 0.08304336062125062,
            "brake": 6.170386676717744e-05,
            "steer": 0.0
        },
        {
            "throttle": 0.08646983748879125,
            "brake": 5.55334800904597e-05,
            "steer": 0.0
        },
        {
            "throttle": 0.0938456713072498,
            "brake": 4.998013208141373e-05,
            "steer": 0.0
        },
        {
            "throttle": 0.10497402012773582,
            "brake": 4.498211887327236e-05,
            "steer": 0.0
        },
        {
            "throttle": 0.11959621311348195,
            "brake": 4.048390698594513e-05,
            "steer": 0.0
        },
        {
            "throttle": 0.13739581702750728,
            "brake": 3.643551628735062e-05,
            "steer": 0.0
        },
        {
            "throttle": 0.15800381427812366,
            "brake": 3.279196465861556e-05,
            "steer": 0.0
        },
        {
            "throttle": 0.181004792226102,
            "brake": 2.9512768192754005e-05,
            "steer": 0.0
        },
        {
            "throttle": 0.2059440257283213,
            "brake": 2.6561491373478604e-05,
            "steer": 0.0
        },
        {
            "throttle": 0.2323353192434137,
            "brake": 2.3905342236130744e-05,
            "steer": 0.0
        },
        {
            "throttle": 0.25966946154568105,
            "brake": 2.151480801251767e-05,
            "steer": 0.0
        },
        {
            "throttle": 0.28742313543113396,
            "brake": 1.9363327211265906e-05,
            "steer": 0.0
        },
        {
            "throttle": 0.3150681169525508,
            "brake": 1.7426994490139316e-05,
            "steer": 0.0
        },
        {
            "throttle": 0.34208059383601824,
            "brake": 1.5684295041125385e-05,
            "steer": 0.0
        },
        {
            "throttle": 0.36795043090229335,
            "brake": 1.4115865537012847e-05,
            "steer": 0.0
        },
        {
            "throttle": 0.3921902115794477,
            "brake": 1.2704278983311563e-05,
            "steer": 0.0
        },
        {
            "throttle": 0.414343888929025,
            "brake": 1.1433851084980407e-05,
            "steer": 0.0
        },
        {
            "throttle": 0.4339948869406699,
            "brake": 1.0290465976482367e-05,
            "steer": 0.0
        }
    ],
    "parameters": {
        "fog_density": 55.219252737671866,
        "precipitation": 5.899905648372517,
        "precipitation_deposits": 83.34750092762437,
        "wind_intensity": 38.58561547425326,
        "sun_altitude_angle": 0.3837767928879785,
        "cloudiness": 94.49664836152742,
        "lead_base_throttle": 0.2693469060037478,
        "lead_behavior_frequency": 0.21460256928271232,
        "lead_throttle_variation": 0.3443852140761557,
        "lead_brake_probability": 0.12922190341292633,
        "lead_brake_intensity": 0.7740110790367274,
        "lead_brake_duration": 27.097110923554123,
        "initial_distance": 62.33736875293108,
        "initial_ego_velocity": 7.3753283904870965,
        "initial_lead_velocity": 22.177268357633395
    },
    "config": {
        "num_timesteps": 200,
        "dt": 0.1,
        "seed": 48
    }
}