{
    "weather": {
        "cloudiness": 53.78357502934726,
        "precipitation": 31.271134778259004,
        "precipitation_deposits": 55.58668798006453,
        "wind_intensity": 29.097187961554926,
        "sun_altitude_angle": 66.29721238194978,
        "fog_density": 7.017269097715104,
        "fog_distance": 791.4338569008568,
        "wetness": 15.635567389129502
    },
    "initial_conditions": {
        "ego": {
            "position": {
                "x": 544.440688834475,
                "y": 20.57,
                "z": 0.294
            },
            "yaw": 0.0,
            "velocity": 12.376842952421391
        },
        "lead": {
            "position": {
                "x": 484.88,
                "y": 20.57,
                "z": 0.294
            },
            "yaw": 0.0,
            "velocity": 5.597434054529639
        }
    },
    "ego": {
        "position": {
            "x": 544.440688834475,
            "y": 20.57,
            "z": 0.294
        },
        "yaw": 0.0,
        "velocity": 12.376842952421391
    },
    "lead": {
        "position": {
            "x": 484.88,
            "y": 20.57,
            "z": 0.294
        },
        "yaw": 0.0,
        "velocity": 5.597434054529639
    },
    "ado_actions": [
        {
            "throttle": 0.2854691941662687,
            "brake": 0.0,
            "steer": 0.0
        },
        {
            "throttle": 0.28835897016771944,
            "brake": 0.0,
            "steer": 0.0
        },
        {
            "throttle": 0.2938273850492388,
            "brake": 0.0,
            "steer": 0.0
        },
        {
            "throttle": 0.3015724258050668,
            "brake": 0.0,
            "steer": 0.0
        },
        {
            "throttle": 0.31130062967992134,
            "brake": 0.0,
            "steer": 0.0
        },
        {
            "throttle": 0.32272673371600524,
            "brake": 0.0,
            "steer": 0.0
        },
        {
            "throttle": 0.33557352150176784,
            "brake": 0.0,
            "steer": 0.0
        },
        {
            "throttle": 0.3495718422896032,
            "brake": 0.0,
            "steer": 0.0
        },
        {
            "throttle": 0.36446077892870243,
            "brake": 0.0,
            "steer": 0.0
        },
        {
            "throttle": 0.37998794225884014,
            "brake": 0.0,
            "steer": 0.0
        },
        {
            "throttle": 0.3959098707477913,
            "brake": 0.0,
            "steer": 0.0
        },
        {
            "throttle": 0.41199251524402036,
            "brake": 0.0,
            "steer": 0.0
        },
        {
            "throttle": 0.4280117897699843,
            "brake": 0.0,
            "steer": 0.0
        },
        {
            "throttle": 0.44375417031071995,
            "brake": 0.0,
            "steer": 0.0
        },
        {
            "throttle": 0.45901732456651884,
            "brake": 0.0,
            "steer": 0.0
        },
        {
            "throttle": 0.47361075664500346,
            "brake": 0.0,
            "steer": 0.0
        },
        {
            "throttle": 0.48735645167292097,
            "brake": 0.0,
            "steer": 0.0
        },
        {
            "throttle": 0.5000895063161872,
            "brake": 0.0,
            "steer": 0.0
        },
        {
            "throttle": 0.5116587322116153,
            "brake": 0.0,
            "steer": 0.0
        },
        {
            "throttle": 0.5219272203376418,
            "brake": 0.0,
            "steer": 0.0
        },
        {
            "throttle": 0.5307728553854342,
            "brake": 0.0,
            "steer": 0.0
        },
        {
            "throttle": 0.5380887702362614,
            "brake": 0.0,
            "steer": 0.0
        },
        {
            "throttle": 0.5437837317052702,
            "brake": 0.0,
            "steer": 0.0
        },
        {
            "throttle": 0.5477824497743532,
            "brake": 0.0,
            "steer": 0.0
        },
        {
            "throttle": 0.5500258036054388,
            "brake": 0.0,
            "steer": 0.0
        },
        {
            "throttle": 0.49502322324489495,
            "brake": 0.021109169448631067,
            "steer": 0.0
        },
        {
            "throttle": 0.44552090092040547,
            "brake": 0.040107421952399025,
            "steer": 0.0
        },
        {
            "throttle": 0.40096881082836494,
            "brake": 0.057205849205790194,
            "steer": 0.0
        },
        {
            "throttle": 0.36087192974552845,
            "brake": 0.07259443373384225,
            "steer": 0.0
        },
        {
            "throttle": 0.32478473677097563,
            "brake": 0.0864441598090891,
            "steer": 0.0
        },
        {
            "throttle": 0.2923062630938781,
            "brake": 0.09890891327681126,
            "steer": 0.0
        },
        {
            "throttle": 0.2630756367844903,
            "brake": 0.1101271913977612,
            "steer": 0.0
        },
        {
            "throttle": 0.27628406547626594,
            "brake": 0.09911447225798509,
            "steer": 0.0
        },
        {
            "throttle": 0.28540380542747706,
            "brake": 0.08920302503218658,
            "steer": 0.0
        },
        {
            "throttle": 0.29078083646278413,
            "brake": 0.08028272252896793,
            "steer": 0.0
        },
        {
            "throttle": 0.2927482472039251,
            "brake": 0.07225445027607114,
            "steer": 0.0
        },
        {
            "throttle": 0.2916278399858975,
            "brake": 0.06502900524846403,
            "steer": 0.0
        },
        {
            "throttle": 0.28773140640693495,
            "brake": 0.05852610472361763,
            "steer": 0.0
        },
        {
            "throttle": 0.2813617053222714,
            "brake": 0.052673494251255865,
            "steer": 0.0
        },
        {
            "throttle": 0.2728131732142942,
            "brake": 0.04740614482613028,
            "steer": 0.0
        },
        {
            "throttle": 0.26237239518068667,
            "brake": 0.04266553034351725,
            "steer": 0.0
        },
        {
            "throttle": 0.2503183632489076,
            "brake": 0.03839897730916553,
            "steer": 0.0
        },
        {
            "throttle": 0.23692254732419277,
            "brake": 0.034559079578248976,
            "steer": 0.0
        },
        {
            "throttle": 0.22244880278623325,
            "brake": 0.03110317162042408,
            "steer": 0.0
        },
        {
            "throttle": 0.20715313754638603,
            "brake": 0.02799285445838167,
            "steer": 0.0
        },
        {
            "throttle": 0.191283360244634,
            "brake": 0.025193569012543503,
            "steer": 0.0
        },
        {
            "throttle": 0.17507863018766737,
            "brake": 0.022674212111289154,
            "steer": 0.0
        },
        {
            "throttle": 0.15876892859256703,
            "brake": 0.02040679090016024,
            "steer": 0.0
        },
        {
            "throttle": 0.14289203573331033,
            "brake": 0.018366111810144217,
            "steer": 0.0
        },
        {
            "throttle": 0.1286028321599793,
            "brake": 0.016529500629129796,
            "steer": 0.0
        },
        {
            "throttle": 0.11574254894398138,
            "brake": 0.035985720014847886,
            "steer": 0.0
        },
        {
            "throttle": 0.10416829404958325,
            "brake": 0.05349631746199417,
            "steer": 0.0
        },
        {
            "throttle": 0.09375146464462493,
            "brake": 0.06925585516442581,
            "steer": 0.0
        },
        {
            "throttle": 0.08437631818016243,
            "brake": 0.0834394390966143,
            "steer": 0.0
        },
        {
            "throttle": 0.0759386863621462,
            "brake": 0.09620466463558394,
            "steer": 0.0
        },
        {
            "throttle": 0.06834481772593158,
            "brake": 0.10769336762065662,
            "steer": 0.0
        },
        {
            "throttle": 0.06151033595333842,
            "brake": 0.11803320030722203,
            "steer": 0.0
        },
        {
            "throttle": 0.05535930235800458,
            "brake": 0.10622988027649984,
            "steer": 0.0
        },
        {
            "throttle": 0.049823372122204126,
            "brake": 0.09560689224884986,
            "steer": 0.0
        },
        {
            "throttle": 0.044841034909983715,
            "brake": 0.08604620302396487,
            "steer": 0.0
        },
        {
            "throttle": 0.04063011929785689,
            "brake": 0.07744158272156838,
            "steer": 0.0
        },
        {
            "throttle": 0.038442865253591925,
            "brake": 0.06969742444941154,
            "steer": 0.0
        },
        {
            "throttle": 0.034598578728232736,
            "brake": 0.08383685145310146,
            "steer": 0.0
        },
        {
            "throttle": 0.031138720855409464,
            "brake": 0.0965623357564224,
            "steer": 0.0
        },
        {
            "throttle": 0.028024848769868518,
            "brake": 0.10801527162941121,
            "steer": 0.0
        },
        {
            "throttle": 0.025222363892881666,
            "brake": 0.11832291391510116,
            "steer": 0.0
        },
        {
            "throttle": 0.0227001275035935,
            "brake": 0.12759979197222213,
            "steer": 0.0
        },
        {
            "throttle": 0.02043011475323415,
            "brake": 0.13594898222363097,
            "steer": 0.0
        },
        {
            "throttle": 0.018387103277910738,
            "brake": 0.14346325344989894,
            "steer": 0.0
        },
        {
            "throttle": 0.03727487605613177,
            "brake": 0.12911692810490905,
            "steer": 0.0
        },
        {
            "throttle": 0.057111474337101356,
            "brake": 0.11620523529441815,
            "steer": 0.0
        },
        {
            "throttle": 0.077840225177578,
            "brake": 0.10458471176497633,
            "steer": 0.0
        },
        {
            "throttle": 0.0993880704838719,
            "brake": 0.0941262405884787,
            "steer": 0.0
        },
        {
            "throttle": 0.1216670816297501,
            "brake": 0.08471361652963083,
            "steer": 0.0
        },
        {
            "throttle": 0.14457599266625792,
            "brake": 0.07624225487666775,
            "steer": 0.0
        },
        {
            "throttle": 0.16800174991032424,
            "brake": 0.06861802938900098,
            "steer": 0.0
        },
        {
            "throttle": 0.19182107461903253,
            "brake": 0.061756226450100885,
            "steer": 0.0
        },
        {
            "throttle": 0.21590203449714396,
            "brake": 0.0555806038050908,
            "steer": 0.0
        },
        {
            "throttle": 0.24010561894466648,
            "brake": 0.05002254342458172,
            "steer": 0.0
        },
        {
            "throttle": 0.26428731222683477,
            "brake": 0.04502028908212355,
            "steer": 0.0
        },
        {
            "throttle": 0.28829865813862127,
            "brake": 0.0405182601739112,
            "steer": 0.0
        },
        {
            "throttle": 0.31198880923756234,
            "brake": 0.03646643415652008,
            "steer": 0.0
        },
        {
            "throttle": 0.2807899283138061,
            "brake": 0.053928960189499144,
            "steer": 0.0
        },
        {
            "throttle": 0.2527109354824255,
            "brake": 0.06964523361918029,
            "steer": 0.0
        },
        {
            "throttle": 0.22743984193418296,
            "brake": 0.08378987970589333,
            "steer": 0.0
        },
        {
            "throttle": 0.20469585774076465,
            "brake": 0.09652006118393505,
            "steer": 0.0
        },
        {
            "throttle": 0.1842262719666882,
            "brake": 0.1079772245141726,
            "steer": 0.0
        },
        {
            "throttle": 0.16580364477001938,
            "brake": 0.11828867151138642,
            "steer": 0.0
        },
        {
            "throttle": 0.14922328029301746,
            "brake": 0.12756897380887885,
            "steer": 0.0
        },
        {
            "throttle": 0.19582437918577075,
            "brake": 0.11481207642799098,
            "steer": 0.0
        },
        {
            "throttle": 0.23780612645556193,
            "brake": 0.10333086878519188,
            "steer": 0.0
        },
        {
            "throttle": 0.2753772726574054,
            "brake": 0.0929977819066727,
            "steer": 0.0
        },
        {
            "throttle": 0.30872732222883964,
            "brake": 0.08369800371600543,
            "steer": 0.0
        },
        {
            "throttle": 0.33803038709312344,
            "brake": 0.07532820334440489,
            "steer": 0.0
        },
        {
            "throttle": 0.36344862761902413,
            "brake": 0.0677953830099644,
            "steer": 0.0
        },
        {
            "throttle": 0.3851353076187661,
            "brake": 0.06101584470896797,
            "steer": 0.0
        },
        {
            "throttle": 0.40323748771858836,
            "brake": 0.05491426023807117,
            "steer": 0.0
        },
        {
            "throttle": 0.41789837943331576,
            "brake": 0.04942283421426406,
            "steer": 0.0
        },
        {
            "throttle": 0.4292593805796706,
            "brake": 0.04448055079283765,
            "steer": 0.0
        },
        {
            "throttle": 0.43746181123798916,
            "brake": 0.040032495713553884,
            "steer": 0.0
        },
        {
            "throttle": 0.4426483682865051,
            "brake": 0.0360292461421985,
            "steer": 0.0
        },
        {
            "throttle": 0.44496431555682286,
            "brake": 0.03242632152797865,
            "steer": 0.0
        },
        {
            "throttle": 0.44455842586629085,
            "brake": 0.029183689375180785,
            "steer": 0.0
        },
        {
            "throttle": 0.44158369054744173,
            "brake": 0.026265320437662706,
            "steer": 0.0
        },
        {
            "throttle": 0.43619781159316817,
            "brake": 0.023638788393896437,
            "steer": 0.0
        },
        {
            "throttle": 0.4285634911473055,
            "brake": 0.021274909554506793,
            "steer": 0.0
        },
        {
            "throttle": 0.41884853277394407,
            "brake": 0.019147418599056113,
            "steer": 0.0
        },
        {
            "throttle": 0.4072257687167991,
            "brake": 0.017232676739150504,
            "steer": 0.0
        },
        {
            "throttle": 0.39387282719553085,
            "brake": 0.015509409065235454,
            "steer": 0.0
        },
        {
            "throttle": 0.37897175366363145,
            "brake": 0.01395846815871191,
            "steer": 0.0
        },
        {
            "throttle": 0.3627084998583382,
            "brake": 0.012562621342840719,
            "steer": 0.0
        },
        {
            "throttle": 0.3452722943942178,
            "brake": 0.011306359208556648,
            "steer": 0.0
        },
        {
            "throttle": 0.32685490857706356,
            "brake": 0.010175723287700984,
            "steer": 0.0
        },
        {
            "throttle": 0.3076498310332053,
            "brake": 0.009158150958930886,
            "steer": 0.0
        },
        {
            "throttle": 0.2878513646520395,
            "brake": 0.008242335863037797,
            "steer": 0.0
        },
        {
            "throttle": 0.2676536592184427,
            "brake": 0.007418102276734018,
            "steer": 0.0
        },
        {
            "throttle": 0.24724969295969787,
            "brake": 0.006676292049060616,
            "steer": 0.0
        },
        {
            "throttle": 0.22683021604263898,
            "brake": 0.006008662844154555,
            "steer": 0.0
        },
        {
            "throttle": 0.2065826688258974,
            "brake": 0.0054077965597391,
            "steer": 0.0
        },
        {
            "throttle": 0.18669008739538312,
            "brake": 0.00486701690376519,
            "steer": 0.0
        },
        {
            "throttle": 0.1680210786558448,
            "brake": 0.004380315213388671,
            "steer": 0.0
        },
        {
            "throttle": 0.15121897079026034,
            "brake": 0.003942283692049804,
            "steer": 0.0
        },
        {
            "throttle": 0.1360970737112343,
            "brake": 0.003548055322844824,
            "steer": 0.0
        },
        {
            "throttle": 0.12248736634011088,
            "brake": 0.0031932497905603416,
            "steer": 0.0
        },
        {
            "throttle": 0.1102386297060998,
            "brake": 0.0028739248115043077,
            "steer": 0.0
        },
        {
            "throttle": 0.09921476673548982,
            "brake": 0.002586532330353877,
            "steer": 0.0
        },
        {
            "throttle": 0.08929329006194084,
            "brake": 0.0023278790973184894,
            "steer": 0.0
        },
        {
            "throttle": 0.08036396105574675,
            "brake": 0.0020950911875866405,
            "steer": 0.0
        },
        {
            "throttle": 0.07232756495017208,
            "brake": 0.0018855820688279765,
            "steer": 0.0
        },
        {
            "throttle": 0.06509480845515488,
            "brake": 0.0016970238619451788,
            "steer": 0.0
        },
        {
            "throttle": 0.05858532760963939,
            "brake": 0.001527321475750661,
            "steer": 0.0
        },
        {
            "throttle": 0.05272679484867545,
            "brake": 0.0013745893281755948,
            "steer": 0.0
        },
        {
            "throttle": 0.04814114672913931,
            "brake": 0.0012371303953580353,
            "steer": 0.0
        },
        {
            "throttle": 0.04567340385870821,
            "brake": 0.0011134173558222317,
            "steer": 0.0
        },
        {
            "throttle": 0.04531268802920061,
            "brake": 0.0010020756202400085,
            "steer": 0.0
        },
        {
            "throttle": 0.04703494397238161,
            "brake": 0.0009018680582160076,
            "steer": 0.0
        },
        {
            "throttle": 0.05080282580699992,
            "brake": 0.0008116812523944069,
            "steer": 0.0
        },
        {
            "throttle": 0.05656571520302589,
            "brake": 0.0007305131271549663,
            "steer": 0.0
        },
        {
            "throttle": 0.06425986814365561,
            "brake": 0.0006574618144394697,
            "steer": 0.0
        },
        {
            "throttle": 0.07380868647754017,
            "brake": 0.0005917156329955227,
            "steer": 0.0
        },
        {
            "throttle": 0.08512310976499132,
            "brake": 0.0005325440696959704,
            "steer": 0.0
        },
        {
            "throttle": 0.09810212224086164,
            "brake": 0.00047928966272637333,
            "steer": 0.0
        },
        {
            "throttle": 0.11263336905130655,
            "brake": 0.000431360696453736,
            "steer": 0.0
        },
        {
            "throttle": 0.12859387527922486,
            "brake": 0.0003882246268083624,
            "steer": 0.0
        },
        {
            "throttle": 0.14585086066093894,
            "brake": 0.00034940216412752614,
            "steer": 0.0
        },
        {
            "throttle": 0.16426264232126908,
            "brake": 0.00031446194771477356,
            "steer": 0.0
        },
        {
            "throttle": 0.1836796173217491,
            "brake": 0.0002830157529432962,
            "steer": 0.0
        },
        {
            "throttle": 0.20394531633298943,
            "brake": 0.0002547141776489666,
            "steer": 0.0
        },
        {
            "throttle": 0.22489751931225194,
            "brake": 0.00022924275988406997,
            "steer": 0.0
        },
        {
            "throttle": 0.20240776738102675,
            "brake": 0.02131548793252673,
            "steer": 0.0
        },
        {
            "throttle": 0.18216699064292408,
            "brake": 0.04029310858790512,
            "steer": 0.0
        },
        {
            "throttle": 0.16395029157863167,
            "brake": 0.057372967177745676,
            "steer": 0.0
        },
        {
            "throttle": 0.1475552624207685,
            "brake": 0.07274483990860217,
            "steer": 0.0
        },
        {
            "throttle": 0.13279973617869165,
            "brake": 0.08657952536637303,
            "steer": 0.0
        },
        {
            "throttle": 0.11951976256082249,
            "brake": 0.0990307422783668,
            "steer": 0.0
        },
        {
            "throttle": 0.10756778630474025,
            "brake": 0.11023683749916119,
            "steer": 0.0
        },
        {
            "throttle": 0.1547764890457762,
            "brake": 0.09921315374924507,
            "steer": 0.0
        },
        {
            "throttle": 0.19846569158424268,
            "brake": 0.08929183837432056,
            "steer": 0.0
        },
        {
            "throttle": 0.23875254268463245,
            "brake": 0.08036265453688851,
            "steer": 0.0
        },
        {
            "throttle": 0.2757350643448669,
            "brake": 0.07232638908319966,
            "steer": 0.0
        },
        {
            "throttle": 0.3094959218236086,
            "brake": 0.0650937501748797,
            "steer": 0.0
        },
        {
            "throttle": 0.3401058592584329,
            "brake": 0.05858437515739173,
            "steer": 0.0
        },
        {
            "throttle": 0.3676268197465278,
            "brake": 0.05272593764165256,
            "steer": 0.0
        },
        {
            "throttle": 0.39211476665752576,
            "brake": 0.0474533438774873,
            "steer": 0.0
        },
        {
            "throttle": 0.41362222116958397,
            "brake": 0.042708009489738574,
            "steer": 0.0
        },
        {
            "throttle": 0.4322005295333321,
            "brake": 0.03843720854076472,
            "steer": 0.0
        },
        {
            "throttle": 0.4479018723445165,
            "brake": 0.03459348768668825,
            "steer": 0.0
        },
        {
            "throttle": 0.46078102711783164,
            "brake": 0.031134138918019423,
            "steer": 0.0
        },
        {
            "throttle": 0.4147029244060485,
            "brake": 0.04912989447484855,
            "steer": 0.0
        },
        {
            "throttle": 0.37323263196544365,
            "brake": 0.06532607447599476,
            "steer": 0.0
        },
        {
            "throttle": 0.3359093687688993,
            "brake": 0.07990263647702635,
            "steer": 0.0
        },
        {
            "throttle": 0.3023184318920094,
            "brake": 0.09302154227795478,
            "steer": 0.0
        },
        {
            "throttle": 0.2720865887028085,
            "brake": 0.10482855749879039,
            "steer": 0.0
        },
        {
            "throttle": 0.24487792983252765,
            "brake": 0.11545487119754241,
            "steer": 0.0
        },
        {
            "throttle": 0.2203901368492749,
            "brake": 0.12501855352641925,
            "steer": 0.0
        },
        {
            "throttle": 0.2391063080895302,
            "brake": 0.11251669817377732,
            "steer": 0.0
        },
        {
            "throttle": 0.25321888993070524,
            "brake": 0.1012650283563996,
            "steer": 0.0
        },
        {
            "throttle": 0.26311557473887975,
            "brake": 0.09113852552075964,
            "steer": 0.0
        },
        {
            "throttle": 0.269166792311898,
            "brake": 0.08202467296868368,
            "steer": 0.0
        },
        {
            "throttle": 0.27172782844307397,
            "brake": 0.07382220567181531,
            "steer": 0.0
        },
        {
            "throttle": 0.2711405637017361,
            "brake": 0.06643998510463378,
            "steer": 0.0
        },
        {
            "throttle": 0.2677348686883252,
            "brake": 0.0597959865941704,
            "steer": 0.0
        },
        {
            "throttle": 0.2618296896968868,
            "brake": 0.053816387934753365,
            "steer": 0.0
        },
        {
            "throttle": 0.25373385662863074,
            "brake": 0.04843474914127803,
            "steer": 0.0
        },
        {
            "throttle": 0.24374664311319907,
            "brake": 0.04359127422715023,
            "steer": 0.0
        },
        {
            "throttle": 0.23215810707922488,
            "brake": 0.03923214680443521,
            "steer": 0.0
        },
        {
            "throttle": 0.21924923844565808,
            "brake": 0.035308932123991686,
            "steer": 0.0
        },
        {
            "throttle": 0.20529193915607802,
            "brake": 0.03177803891159252,
            "steer": 0.0
        },
        {
            "throttle": 0.1905488594283713,
            "brake": 0.028600235020433268,
            "steer": 0.0
        },
        {
            "throttle": 0.17527311282280103,
            "brake": 0.02574021151838994,
            "steer": 0.0
        },
        {
            "throttle": 0.1597078915260119,
            "brake": 0.02316619036655095,
            "steer": 0.0
        },
        {
            "throttle": 0.14408600209242092,
            "brake": 0.020849571329895854,
            "steer": 0.0
        },
        {
            "throttle": 0.12967740188317883,
            "brake": 0.018764614196906268,
            "steer": 0.0
        },
        {
            "throttle": 0.11670966169486095,
            "brake": 0.016888152777215643,
            "steer": 0.0
        },
        {
            "throttle": 0.10503869552537486,
            "brake": 0.015199337499494078,
            "steer": 0.0
        },
        {
            "throttle": 0.09453482597283737,
            "brake": 0.01367940374954467,
            "steer": 0.0
        },
        {
            "throttle": 0.08508134337555363,
            "brake": 0.012311463374590204,
            "steer": 0.0
        },
        {
            "throttle": 0.07657320903799827,
            "brake": 0.011080317037131185,
            "steer": 0.0
        },
        {
            "throttle": 0.06891588813419845,
            "brake": 0.009972285333418067,
            "steer": 0.0
        },
        {
            "throttle": 0.06202429932077861,
            "brake": 0.00897505680007626,
            "steer": 0.0
        }
    ],
    "parameters": {
        "cloudiness": 53.78357502934726,
        "fog_density": 7.017269097715104,
        "initial_distance": 59.56068883447508,
        "initial_ego_velocity": 12.376842952421391,
        "initial_lead_velocity": 5.597434054529639,
        "lead_base_throttle": 0.2854691941662687,
        "lead_behavior_frequency": 0.13941422452567187,
        "lead_brake_duration": 7.492592111333611,
        "lead_brake_intensity": 0.21109169448631065,
        "lead_brake_probability": 0.24160561970989855,
        "lead_throttle_variation": 0.3303184012573997,
        "precipitation": 31.271134778259004,
        "precipitation_deposits": 55.58668798006453,
        "sun_altitude_angle": 66.29721238194978,
        "wind_intensity": 29.097187961554926
    },
    "config": {
        "num_timesteps": 200,
        "dt": 0.1,
        "seed": 82
    }
}