{
    "weather": {
        "cloudiness": 54.40263175004111,
        "precipitation": 89.09841513208633,
        "precipitation_deposits": 62.17019422214407,
        "wind_intensity": 42.18202320506011,
        "sun_altitude_angle": 26.55288434408382,
        "fog_density": 76.08429512062567,
        "fog_distance": 79.17116136205749,
        "wetness": 44.549207566043165
    },
    "initial_conditions": {
        "ego": {
            "position": {
                "x": 512.4496670515528,
                "y": 20.57,
                "z": 0.294
            },
            "yaw": 0.0,
            "velocity": 14.687774334624459
        },
        "lead": {
            "position": {
                "x": 484.88,
                "y": 20.57,
                "z": 0.294
            },
            "yaw": 0.0,
            "velocity": 21.13167338849199
        }
    },
    "ego": {
        "position": {
            "x": 512.4496670515528,
            "y": 20.57,
            "z": 0.294
        },
        "yaw": 0.0,
        "velocity": 14.687774334624459
    },
    "lead": {
        "position": {
            "x": 484.88,
            "y": 20.57,
            "z": 0.294
        },
        "yaw": 0.0,
        "velocity": 21.13167338849199
    },
    "ado_actions": [
        {
            "throttle": 0.5464975430042927,
            "brake": 0.0,
            "steer": 0.0
        },
        {
            "throttle": 0.5490498102368904,
            "brake": 0.0,
            "steer": 0.0
        },
        {
            "throttle": 0.5538363628576466,
            "brake": 0.0,
            "steer": 0.0
        },
        {
            "throttle": 0.5605098051076781,
            "brake": 0.0,
            "steer": 0.0
        },
        {
            "throttle": 0.5686993168098688,
            "brake": 0.0,
            "steer": 0.0
        },
        {
            "throttle": 0.5780174740511659,
            "brake": 0.0,
            "steer": 0.0
        },
        {
            "throttle": 0.5880677078214182,
            "brake": 0.0,
            "steer": 0.0
        },
        {
            "throttle": 0.5984521942454183,
            "brake": 0.0,
            "steer": 0.0
        },
        {
            "throttle": 0.6087799617298346,
            "brake": 0.0,
            "steer": 0.0
        },
        {
            "throttle": 0.6186749970805581,
            "brake": 0.0,
            "steer": 0.0
        },
        {
            "throttle": 0.6277841345319064,
            "brake": 0.0,
            "steer": 0.0
        },
        {
            "throttle": 0.6357845186414324,
            "brake": 0.0,
            "steer": 0.0
        },
        {
            "throttle": 0.6423904439889572,
            "brake": 0.0,
            "steer": 0.0
        },
        {
            "throttle": 0.6473593912979645,
            "brake": 0.0,
            "steer": 0.0
        },
        {
            "throttle": 0.6504971005765873,
            "brake": 0.0,
            "steer": 0.0
        },
        {
            "throttle": 0.6516615466518427,
            "brake": 0.0,
            "steer": 0.0
        },
        {
            "throttle": 0.650765710447513,
            "brake": 0.0,
            "steer": 0.0
        },
        {
            "throttle": 0.6477790698562346,
            "brake": 0.0,
            "steer": 0.0
        },
        {
            "throttle": 0.6427277663398907,
            "brake": 0.0,
            "steer": 0.0
        },
        {
            "throttle": 0.6356934366744186,
            "brake": 0.0,
            "steer": 0.0
        },
        {
            "throttle": 0.6268107327253081,
            "brake": 0.0,
            "steer": 0.0
        },
        {
            "throttle": 0.6162635849826366,
            "brake": 0.0,
            "steer": 0.0
        },
        {
            "throttle": 0.6042802969984001,
            "brake": 0.0,
            "steer": 0.0
        },
        {
            "throttle": 0.5911275870876029,
            "brake": 0.0,
            "steer": 0.0
        },
        {
            "throttle": 0.5771037199648853,
            "brake": 0.0,
            "steer": 0.0
        },
        {
            "throttle": 0.5625308937482035,
            "brake": 0.0,
            "steer": 0.0
        },
        {
            "throttle": 0.5477470664148787,
            "brake": 0.0,
            "steer": 0.0
        },
        {
            "throttle": 0.5330974198883659,
            "brake": 0.0,
            "steer": 0.0
        },
        {
            "throttle": 0.5189256691232954,
            "brake": 0.0,
            "steer": 0.0
        },
        {
            "throttle": 0.5055654276188557,
            "brake": 0.0,
            "steer": 0.0
        },
        {
            "throttle": 0.49333183962933747,
            "brake": 0.0,
            "steer": 0.0
        },
        {
            "throttle": 0.4825136829866937,
            "brake": 0.0,
            "steer": 0.0
        },
        {
            "throttle": 0.47336613506179565,
            "brake": 0.0,
            "steer": 0.0
        },
        {
            "throttle": 0.46610437825071915,
            "brake": 0.0,
            "steer": 0.0
        },
        {
            "throttle": 0.460898200878579,
            "brake": 0.0,
            "steer": 0.0
        },
        {
            "throttle": 0.4578677250716818,
            "brake": 0.0,
            "steer": 0.0
        },
        {
            "throttle": 0.4570803655590989,
            "brake": 0.0,
            "steer": 0.0
        },
        {
            "throttle": 0.4585490932068748,
            "brake": 0.0,
            "steer": 0.0
        },
        {
            "throttle": 0.4622320451047045,
            "brake": 0.0,
            "steer": 0.0
        },
        {
            "throttle": 0.46803349000353583,
            "brake": 0.0,
            "steer": 0.0
        },
        {
            "throttle": 0.4758061246560673,
            "brake": 0.0,
            "steer": 0.0
        },
        {
            "throttle": 0.4853546439588726,
            "brake": 0.0,
            "steer": 0.0
        },
        {
            "throttle": 0.49644049653854805,
            "brake": 0.0,
            "steer": 0.0
        },
        {
            "throttle": 0.5087877083340911,
            "brake": 0.0,
            "steer": 0.0
        },
        {
            "throttle": 0.5220896305195887,
            "brake": 0.0,
            "steer": 0.0
        },
        {
            "throttle": 0.5360164454301929,
            "brake": 0.0,
            "steer": 0.0
        },
        {
            "throttle": 0.5502232455585071,
            "brake": 0.0,
            "steer": 0.0
        },
        {
            "throttle": 0.5643584866355741,
            "brake": 0.0,
            "steer": 0.0
        },
        {
            "throttle": 0.5780726066466271,
            "brake": 0.0,
            "steer": 0.0
        },
        {
            "throttle": 0.5910265985823159,
            "brake": 0.0,
            "steer": 0.0
        },
        {
            "throttle": 0.5319239387240843,
            "brake": 0.023043928781755818,
            "steer": 0.0
        },
        {
            "throttle": 0.47873154485167585,
            "brake": 0.04378346468533606,
            "steer": 0.0
        },
        {
            "throttle": 0.43085839036650825,
            "brake": 0.06244904699855827,
            "steer": 0.0
        },
        {
            "throttle": 0.38777255132985744,
            "brake": 0.07924807108045825,
            "steer": 0.0
        },
        {
            "throttle": 0.3489952961968717,
            "brake": 0.09436719275416824,
            "steer": 0.0
        },
        {
            "throttle": 0.3140957665771845,
            "brake": 0.10797440226050724,
            "steer": 0.0
        },
        {
            "throttle": 0.2826861899194661,
            "brake": 0.12022089081621233,
            "steer": 0.0
        },
        {
            "throttle": 0.2544175709275195,
            "brake": 0.1312427305163469,
            "steer": 0.0
        },
        {
            "throttle": 0.22897581383476753,
            "brake": 0.14116238624646804,
            "steer": 0.0
        },
        {
            "throttle": 0.20607823245129078,
            "brake": 0.15009007640357705,
            "steer": 0.0
        },
        {
            "throttle": 0.1854704092061617,
            "brake": 0.15812499754497517,
            "steer": 0.0
        },
        {
            "throttle": 0.16692336828554555,
            "brake": 0.16535642657223348,
            "steer": 0.0
        },
        {
            "throttle": 0.150231031456991,
            "brake": 0.17186471269676595,
            "steer": 0.0
        },
        {
            "throttle": 0.18254914029554986,
            "brake": 0.15467824142708936,
            "steer": 0.0
        },
        {
            "throttle": 0.20944301448889352,
            "brake": 0.13921041728438044,
            "steer": 0.0
        },
        {
            "throttle": 0.23168868716039998,
            "brake": 0.1252893755559424,
            "steer": 0.0
        },
        {
            "throttle": 0.2500327514226637,
            "brake": 0.11276043800034817,
            "steer": 0.0
        },
        {
            "throttle": 0.2651883761478426,
            "brake": 0.10148439420031335,
            "steer": 0.0
        },
        {
            "throttle": 0.2778307062734613,
            "brake": 0.09133595478028202,
            "steer": 0.0
        },
        {
            "throttle": 0.25004763564611515,
            "brake": 0.10524628808400964,
            "steer": 0.0
        },
        {
            "throttle": 0.22504287208150364,
            "brake": 0.11776558805736449,
            "steer": 0.0
        },
        {
            "throttle": 0.20253858487335327,
            "brake": 0.12903295803338388,
            "steer": 0.0
        },
        {
            "throttle": 0.18228472638601795,
            "brake": 0.13917359101180132,
            "steer": 0.0
        },
        {
            "throttle": 0.16405625374741617,
            "brake": 0.148300160692377,
            "steer": 0.0
        },
        {
            "throttle": 0.14765062837267456,
            "brake": 0.15651407340489512,
            "steer": 0.0
        },
        {
            "throttle": 0.13288556553540712,
            "brake": 0.16390659484616144,
            "steer": 0.0
        },
        {
            "throttle": 0.11959700898186641,
            "brake": 0.17055986414330113,
            "steer": 0.0
        },
        {
            "throttle": 0.10763730808367977,
            "brake": 0.17654780651072682,
            "steer": 0.0
        },
        {
            "throttle": 0.0968735772753118,
            "brake": 0.18193695464140996,
            "steer": 0.0
        },
        {
            "throttle": 0.08718621954778062,
            "brake": 0.1867871879590248,
            "steer": 0.0
        },
        {
            "throttle": 0.07846759759300256,
            "brake": 0.19115239794487815,
            "steer": 0.0
        },
        {
            "throttle": 0.07062083783370231,
            "brake": 0.19508108693214615,
            "steer": 0.0
        },
        {
            "throttle": 0.12310975285954129,
            "brake": 0.17557297823893153,
            "steer": 0.0
        },
        {
            "throttle": 0.17272407205526064,
            "brake": 0.15801568041503838,
            "steer": 0.0
        },
        {
            "throttle": 0.21957236409468817,
            "brake": 0.14221411237353454,
            "steer": 0.0
        },
        {
            "throttle": 0.26369836019391457,
            "brake": 0.12799270113618108,
            "steer": 0.0
        },
        {
            "throttle": 0.3050931636991679,
            "brake": 0.11519343102256298,
            "steer": 0.0
        },
        {
            "throttle": 0.34370742520316777,
            "brake": 0.10367408792030668,
            "steer": 0.0
        },
        {
            "throttle": 0.37946331667682626,
            "brake": 0.093306679128276,
            "steer": 0.0
        },
        {
            "throttle": 0.41226612976011984,
            "brake": 0.08397601121544841,
            "steer": 0.0
        },
        {
            "throttle": 0.4420153206407625,
            "brake": 0.07557841009390358,
            "steer": 0.0
        },
        {
            "throttle": 0.46861482679587413,
            "brake": 0.06802056908451322,
            "steer": 0.0
        },
        {
            "throttle": 0.4919824890906081,
            "brake": 0.0612185121760619,
            "steer": 0.0
        },
        {
            "throttle": 0.5120584260089854,
            "brake": 0.05509666095845571,
            "steer": 0.0
        },
        {
            "throttle": 0.5288122247125742,
            "brake": 0.04958699486261014,
            "steer": 0.0
        },
        {
            "throttle": 0.5422488356543638,
            "brake": 0.044628295376349124,
            "steer": 0.0
        },
        {
            "throttle": 0.5524130829980529,
            "brake": 0.040165465838714214,
            "steer": 0.0
        },
        {
            "throttle": 0.5593927314088404,
            "brake": 0.036148919254842794,
            "steer": 0.0
        },
        {
            "throttle": 0.5633200801309055,
            "brake": 0.03253402732935851,
            "steer": 0.0
        },
        {
            "throttle": 0.5643720868456884,
            "brake": 0.029280624596422663,
            "steer": 0.0
        },
        {
            "throttle": 0.5627690557858839,
            "brake": 0.026352562136780396,
            "steer": 0.0
        },
        {
            "throttle": 0.558771956130097,
            "brake": 0.023717305923102356,
            "steer": 0.0
        },
        {
            "throttle": 0.5526784670049237,
            "brake": 0.02134557533079212,
            "steer": 0.0
        },
        {
            "throttle": 0.5448178736922334,
            "brake": 0.01921101779771291,
            "steer": 0.0
        },
        {
            "throttle": 0.5355449651507559,
            "brake": 0.01728991601794162,
            "steer": 0.0
        },
        {
            "throttle": 0.5252331050550354,
            "brake": 0.015560924416147457,
            "steer": 0.0
        },
        {
            "throttle": 0.5142666666608272,
            "brake": 0.014004831974532712,
            "steer": 0.0
        },
        {
            "throttle": 0.5030330354542513,
            "brake": 0.01260434877707944,
            "steer": 0.0
        },
        {
            "throttle": 0.4919143923747645,
            "brake": 0.011343913899371496,
            "steer": 0.0
        },
        {
            "throttle": 0.48127949418213106,
            "brake": 0.010209522509434348,
            "steer": 0.0
        },
        {
            "throttle": 0.4714756661541803,
            "brake": 0.009188570258490913,
            "steer": 0.0
        },
        {
            "throttle": 0.4628212157731,
            "brake": 0.008269713232641822,
            "steer": 0.0
        },
        {
            "throttle": 0.45559846452932384,
            "brake": 0.00744274190937764,
            "steer": 0.0
        },
        {
            "throttle": 0.4500475787141166,
            "brake": 0.006698467718439877,
            "steer": 0.0
        },
        {
            "throttle": 0.44636135947271777,
            "brake": 0.0060286209465958895,
            "steer": 0.0
        },
        {
            "throttle": 0.4446811279452709,
            "brake": 0.0054257588519363,
            "steer": 0.0
        },
        {
            "throttle": 0.4450938136242475,
            "brake": 0.00488318296674267,
            "steer": 0.0
        },
        {
            "throttle": 0.44763032377713835,
            "brake": 0.004394864670068404,
            "steer": 0.0
        },
        {
            "throttle": 0.45226523965863535,
            "brake": 0.003955378203061563,
            "steer": 0.0
        },
        {
            "throttle": 0.45891785205027463,
            "brake": 0.0035598403827554067,
            "steer": 0.0
        },
        {
            "throttle": 0.4674545152273024,
            "brake": 0.0032038563444798662,
            "steer": 0.0
        },
        {
            "throttle": 0.4776922655788867,
            "brake": 0.0028834707100318796,
            "steer": 0.0
        },
        {
            "throttle": 0.48940361960197143,
            "brake": 0.002595123639028692,
            "steer": 0.0
        },
        {
            "throttle": 0.5023224366211533,
            "brake": 0.0023356112751258228,
            "steer": 0.0
        },
        {
            "throttle": 0.5161507050749473,
            "brake": 0.0021020501476132405,
            "steer": 0.0
        },
        {
            "throttle": 0.5305660882008806,
            "brake": 0.0018918451328519164,
            "steer": 0.0
        },
        {
            "throttle": 0.545230046010404,
            "brake": 0.0017026606195667247,
            "steer": 0.0
        },
        {
            "throttle": 0.5597963360323832,
            "brake": 0.0015323945576100522,
            "steer": 0.0
        },
        {
            "throttle": 0.5739196857725892,
            "brake": 0.001379155101849047,
            "steer": 0.0
        },
        {
            "throttle": 0.5872644254181005,
            "brake": 0.0012412395916641423,
            "steer": 0.0
        },
        {
            "throttle": 0.5995128701162951,
            "brake": 0.0011171156324977281,
            "steer": 0.0
        },
        {
            "throttle": 0.6103732471565203,
            "brake": 0.0010054040692479553,
            "steer": 0.0
        },
        {
            "throttle": 0.5493359224408683,
            "brake": 0.02394879244407898,
            "steer": 0.0
        },
        {
            "throttle": 0.4944023301967814,
            "brake": 0.0445978419814269,
            "steer": 0.0
        },
        {
            "throttle": 0.4449620971771033,
            "brake": 0.06318198656504002,
            "steer": 0.0
        },
        {
            "throttle": 0.40046588745939293,
            "brake": 0.07990771669029184,
            "steer": 0.0
        },
        {
            "throttle": 0.36041929871345363,
            "brake": 0.09496087380301847,
            "steer": 0.0
        },
        {
            "throttle": 0.32437736884210827,
            "brake": 0.10850871520447244,
            "steer": 0.0
        },
        {
            "throttle": 0.29193963195789746,
            "brake": 0.12070177246578102,
            "steer": 0.0
        },
        {
            "throttle": 0.2627456687621077,
            "brake": 0.13167552400095872,
            "steer": 0.0
        },
        {
            "throttle": 0.23647110188589693,
            "brake": 0.14155190038261867,
            "steer": 0.0
        },
        {
            "throttle": 0.21282399169730723,
            "brake": 0.15044063912611264,
            "steer": 0.0
        },
        {
            "throttle": 0.19154159252757652,
            "brake": 0.1584405039952572,
            "steer": 0.0
        },
        {
            "throttle": 0.17238743327481887,
            "brake": 0.1656403823774873,
            "steer": 0.0
        },
        {
            "throttle": 0.155148689947337,
            "brake": 0.1721202729214944,
            "steer": 0.0
        },
        {
            "throttle": 0.18292935255415504,
            "brake": 0.15490824562934496,
            "steer": 0.0
        },
        {
            "throttle": 0.2062374958421657,
            "brake": 0.13941742106641047,
            "steer": 0.0
        },
        {
            "throttle": 0.22584121245220992,
            "brake": 0.12547567895976944,
            "steer": 0.0
        },
        {
            "throttle": 0.24246556012774284,
            "brake": 0.1129281110637925,
            "steer": 0.0
        },
        {
            "throttle": 0.2567881459326399,
            "brake": 0.10163529995741324,
            "steer": 0.0
        },
        {
            "throttle": 0.2694345359928031,
            "brake": 0.09147176996167192,
            "steer": 0.0
        },
        {
            "throttle": 0.280973737746098,
            "brake": 0.08232459296550473,
            "steer": 0.0
        },
        {
            "throttle": 0.2919139864903884,
            "brake": 0.07409213366895426,
            "steer": 0.0
        },
        {
            "throttle": 0.30269904846661844,
            "brake": 0.06668292030205883,
            "steer": 0.0
        },
        {
            "throttle": 0.3137052291496717,
            "brake": 0.06001462827185295,
            "steer": 0.0
        },
        {
            "throttle": 0.3252392483027956,
            "brake": 0.05401316544466766,
            "steer": 0.0
        },
        {
            "throttle": 0.33753711323984026,
            "brake": 0.04861184890020089,
            "steer": 0.0
        },
        {
            "throttle": 0.35076408927602404,
            "brake": 0.0437506640101808,
            "steer": 0.0
        },
        {
            "throttle": 0.3650158322426307,
            "brake": 0.039375597609162725,
            "steer": 0.0
        },
        {
            "throttle": 0.3803207129533389,
            "brake": 0.03543803784824645,
            "steer": 0.0
        },
        {
            "throttle": 0.3966433284287973,
            "brake": 0.03189423406342181,
            "steer": 0.0
        },
        {
            "throttle": 0.41388916030999723,
            "brake": 0.02870481065707963,
            "steer": 0.0
        },
        {
            "throttle": 0.43191030800748353,
            "brake": 0.02583432959137167,
            "steer": 0.0
        },
        {
            "throttle": 0.4505121934990377,
            "brake": 0.023250896632234504,
            "steer": 0.0
        },
        {
            "throttle": 0.46946110700966465,
            "brake": 0.020925806969011054,
            "steer": 0.0
        },
        {
            "throttle": 0.48849243872297243,
            "brake": 0.018833226272109947,
            "steer": 0.0
        },
        {
            "throttle": 0.5073194217366841,
            "brake": 0.016949903644898952,
            "steer": 0.0
        },
        {
            "throttle": 0.4565874795630157,
            "brake": 0.03829884206216488,
            "steer": 0.0
        },
        {
            "throttle": 0.41092873160671417,
            "brake": 0.05751288663770421,
            "steer": 0.0
        },
        {
            "throttle": 0.3698358584460428,
            "brake": 0.0748055267556896,
            "steer": 0.0
        },
        {
            "throttle": 0.3328522726014385,
            "brake": 0.09036890286187646,
            "steer": 0.0
        },
        {
            "throttle": 0.2995670453412947,
            "brake": 0.10437594135744463,
            "steer": 0.0
        },
        {
            "throttle": 0.2696103408071652,
            "brake": 0.11698227600345598,
            "steer": 0.0
        },
        {
            "throttle": 0.24264930672644872,
            "brake": 0.12832797718486622,
            "steer": 0.0
        },
        {
            "throttle": 0.21838437605380384,
            "brake": 0.13853910824813542,
            "steer": 0.0
        },
        {
            "throttle": 0.19654593844842347,
            "brake": 0.14772912620507772,
            "steer": 0.0
        },
        {
            "throttle": 0.17689134460358114,
            "brake": 0.15600014236632578,
            "steer": 0.0
        },
        {
            "throttle": 0.15920221014322303,
            "brake": 0.16344405691144903,
            "steer": 0.0
        },
        {
            "throttle": 0.14328198912890072,
            "brake": 0.17014358000205995,
            "steer": 0.0
        },
        {
            "throttle": 0.12895379021601067,
            "brake": 0.1761731507836098,
            "steer": 0.0
        },
        {
            "throttle": 0.17104011166522656,
            "brake": 0.1585558357052488,
            "steer": 0.0
        },
        {
            "throttle": 0.1539361004987039,
            "brake": 0.16574418091647974,
            "steer": 0.0
        },
        {
            "throttle": 0.13854249044883352,
            "brake": 0.1722136916065876,
            "steer": 0.0
        },
        {
            "throttle": 0.12468824140395017,
            "brake": 0.17803625122768466,
            "steer": 0.0
        },
        {
            "throttle": 0.11221941726355515,
            "brake": 0.18327655488667202,
            "steer": 0.0
        },
        {
            "throttle": 0.10099747553719964,
            "brake": 0.18799282817976065,
            "steer": 0.0
        },
        {
            "throttle": 0.09089772798347967,
            "brake": 0.19223747414354042,
            "steer": 0.0
        },
        {
            "throttle": 0.0818079551851317,
            "brake": 0.1960576555109422,
            "steer": 0.0
        },
        {
            "throttle": 0.07362715966661854,
            "brake": 0.1994958187416038,
            "steer": 0.0
        },
        {
            "throttle": 0.06626444369995668,
            "brake": 0.20259016564919924,
            "steer": 0.0
        },
        {
            "throttle": 0.059637999329961014,
            "brake": 0.20537507786603515,
            "steer": 0.0
        },
        {
            "throttle": 0.05367419939696491,
            "brake": 0.20788149886118745,
            "steer": 0.0
        },
        {
            "throttle": 0.04830677945726842,
            "brake": 0.21013727775682453,
            "steer": 0.0
        },
        {
            "throttle": 0.043476101511541576,
            "brake": 0.2121674787628979,
            "steer": 0.0
        },
        {
            "throttle": 0.08036239682137336,
            "brake": 0.1909507308866081,
            "steer": 0.0
        },
        {
            "throttle": 0.11517957664123316,
            "brake": 0.1718556577979473,
            "steer": 0.0
        },
        {
            "throttle": 0.14842460068211885,
            "brake": 0.15467009201815257,
            "steer": 0.0
        },
        {
            "throttle": 0.18049778038758627,
            "brake": 0.1392030828163373,
            "steer": 0.0
        },
        {
            "throttle": 0.21170646652178055,
            "brake": 0.12528277453470357,
            "steer": 0.0
        },
        {
            "throttle": 0.24226966942954314,
            "brake": 0.11275449708123322,
            "steer": 0.0
        }
    ],
    "parameters": {
        "fog_density": 76.08429512062567,
        "precipitation": 89.09841513208633,
        "precipitation_deposits": 62.17019422214407,
        "wind_intensity": 42.18202320506011,
        "sun_altitude_angle": 26.55288434408382,
        "cloudiness": 54.40263175004111,
        "lead_base_throttle": 0.5464975430042927,
        "lead_behavior_frequency": 0.2498202198825623,
        "lead_throttle_variation": 0.16326893275348972,
        "lead_brake_probability": 0.09120548447361161,
        "lead_brake_intensity": 0.23043928781755818,
        "lead_brake_duration": 13.972537097209585,
        "initial_distance": 27.569667051552763,
        "initial_ego_velocity": 14.687774334624459,
        "initial_lead_velocity": 21.13167338849199
    },
    "config": {
        "num_timesteps": 200,
        "dt": 0.1,
        "seed": 46
    }
}