{
    "weather": {
        "cloudiness": 45.128386623481745,
        "precipitation": 57.925716605640034,
        "precipitation_deposits": 50.01899905649868,
        "wind_intensity": 37.638313891364675,
        "sun_altitude_angle": -16.848136936088704,
        "fog_density": 20.788485683799145,
        "fog_distance": 500.0988386511119,
        "wetness": 28.962858302820017
    },
    "initial_conditions": {
        "ego": {
            "position": {
                "x": 535.3597072536807,
                "y": 20.57,
                "z": 0.294
            },
            "yaw": 0.0,
            "velocity": 6.820713842713996
        },
        "lead": {
            "position": {
                "x": 484.88,
                "y": 20.57,
                "z": 0.294
            },
            "yaw": 0.0,
            "velocity": 5.646036037361539
        }
    },
    "ego": {
        "position": {
            "x": 535.3597072536807,
            "y": 20.57,
            "z": 0.294
        },
        "yaw": 0.0,
        "velocity": 6.820713842713996
    },
    "lead": {
        "position": {
            "x": 484.88,
            "y": 20.57,
            "z": 0.294
        },
        "yaw": 0.0,
        "velocity": 5.646036037361539
    },
    "ado_actions": [
        {
            "throttle": 0.40561996697832603,
            "brake": 0.0,
            "steer": 0.0
        },
        {
            "throttle": 0.40624889537553877,
            "brake": 0.0,
            "steer": 0.0
        },
        {
            "throttle": 0.40742630679274,
            "brake": 0.0,
            "steer": 0.0
        },
        {
            "throttle": 0.40906273772041085,
            "brake": 0.0,
            "steer": 0.0
        },
        {
            "throttle": 0.41106157439340274,
            "brake": 0.0,
            "steer": 0.0
        },
        {
            "throttle": 0.41332118311436733,
            "brake": 0.0,
            "steer": 0.0
        },
        {
            "throttle": 0.4157372372802325,
            "brake": 0.0,
            "steer": 0.0
        },
        {
            "throttle": 0.4182051705072205,
            "brake": 0.0,
            "steer": 0.0
        },
        {
            "throttle": 0.4206226822967006,
            "brake": 0.0,
            "steer": 0.0
        },
        {
            "throttle": 0.42289222172725544,
            "brake": 0.0,
            "steer": 0.0
        },
        {
            "throttle": 0.4249233757300913,
            "brake": 0.0,
            "steer": 0.0
        },
        {
            "throttle": 0.42663509158050694,
            "brake": 0.0,
            "steer": 0.0
        },
        {
            "throttle": 0.4279576682363212,
            "brake": 0.0,
            "steer": 0.0
        },
        {
            "throttle": 0.4288344579395613,
            "brake": 0.0,
            "steer": 0.0
        },
        {
            "throttle": 0.42922322788468975,
            "brake": 0.0,
            "steer": 0.0
        },
        {
            "throttle": 0.3863009050962208,
            "brake": 0.01597540728542532,
            "steer": 0.0
        },
        {
            "throttle": 0.3476708145865987,
            "brake": 0.030353273842308105,
            "steer": 0.0
        },
        {
            "throttle": 0.31290373312793884,
            "brake": 0.04329335374350261,
            "steer": 0.0
        },
        {
            "throttle": 0.28161335981514496,
            "brake": 0.05493942565457767,
            "steer": 0.0
        },
        {
            "throttle": 0.25345202383363047,
            "brake": 0.06542089037454522,
            "steer": 0.0
        },
        {
            "throttle": 0.22810682145026742,
            "brake": 0.07485420862251602,
            "steer": 0.0
        },
        {
            "throttle": 0.20529613930524068,
            "brake": 0.08334419504568974,
            "steer": 0.0
        },
        {
            "throttle": 0.1847665253747166,
            "brake": 0.0909851828265461,
            "steer": 0.0
        },
        {
            "throttle": 0.16628987283724495,
            "brake": 0.0978620718293168,
            "steer": 0.0
        },
        {
            "throttle": 0.14966088555352045,
            "brake": 0.10405127193181045,
            "steer": 0.0
        },
        {
            "throttle": 0.13469479699816841,
            "brake": 0.10962155202405473,
            "steer": 0.0
        },
        {
            "throttle": 0.12122531729835158,
            "brake": 0.11463480410707458,
            "steer": 0.0
        },
        {
            "throttle": 0.10910278556851642,
            "brake": 0.11914673098179245,
            "steer": 0.0
        },
        {
            "throttle": 0.13497820825969353,
            "brake": 0.1072320578836132,
            "steer": 0.0
        },
        {
            "throttle": 0.15830036813458745,
            "brake": 0.09650885209525188,
            "steer": 0.0
        },
        {
            "throttle": 0.1794290260597726,
            "brake": 0.0868579668857267,
            "steer": 0.0
        },
        {
            "throttle": 0.19868409549474036,
            "brake": 0.07817217019715403,
            "steer": 0.0
        },
        {
            "throttle": 0.21634682064845612,
            "brake": 0.07035495317743863,
            "steer": 0.0
        },
        {
            "throttle": 0.23266102319150894,
            "brake": 0.06331945785969477,
            "steer": 0.0
        },
        {
            "throttle": 0.24783448379487866,
            "brake": 0.056987512073725294,
            "steer": 0.0
        },
        {
            "throttle": 0.2620405108970102,
            "brake": 0.05128876086635276,
            "steer": 0.0
        },
        {
            "throttle": 0.27541973477974213,
            "brake": 0.04615988477971749,
            "steer": 0.0
        },
        {
            "throttle": 0.28808215055929975,
            "brake": 0.04154389630174574,
            "steer": 0.0
        },
        {
            "throttle": 0.3001094193840407,
            "brake": 0.03738950667157117,
            "steer": 0.0
        },
        {
            "throttle": 0.27009847744563664,
            "brake": 0.04962596328983937,
            "steer": 0.0
        },
        {
            "throttle": 0.24308862970107298,
            "brake": 0.06063877424628075,
            "steer": 0.0
        },
        {
            "throttle": 0.2187797667309657,
            "brake": 0.070550304107078,
            "steer": 0.0
        },
        {
            "throttle": 0.19690179005786912,
            "brake": 0.07947068098179552,
            "steer": 0.0
        },
        {
            "throttle": 0.17721161105208222,
            "brake": 0.08749902016904129,
            "steer": 0.0
        },
        {
            "throttle": 0.159490449946874,
            "brake": 0.09472452543756249,
            "steer": 0.0
        },
        {
            "throttle": 0.14354140495218662,
            "brake": 0.10122748017923157,
            "steer": 0.0
        },
        {
            "throttle": 0.12918726445696796,
            "brake": 0.10708013944673374,
            "steer": 0.0
        },
        {
            "throttle": 0.11626853801127117,
            "brake": 0.11234753278748569,
            "steer": 0.0
        },
        {
            "throttle": 0.10464168421014405,
            "brake": 0.11708818679416244,
            "steer": 0.0
        },
        {
            "throttle": 0.09417751578912965,
            "brake": 0.12135477540017152,
            "steer": 0.0
        },
        {
            "throttle": 0.08475976421021669,
            "brake": 0.12519470514557968,
            "steer": 0.0
        },
        {
            "throttle": 0.07628378778919502,
            "brake": 0.12865064191644704,
            "steer": 0.0
        },
        {
            "throttle": 0.11172998174684201,
            "brake": 0.11578557772480234,
            "steer": 0.0
        },
        {
            "throttle": 0.14312682290111914,
            "brake": 0.10420701995232211,
            "steer": 0.0
        },
        {
            "throttle": 0.17082321037111,
            "brake": 0.0937863179570899,
            "steer": 0.0
        },
        {
            "throttle": 0.19514880368115084,
            "brake": 0.08440768616138092,
            "steer": 0.0
        },
        {
            "throttle": 0.21641707383437128,
            "brake": 0.07596691754524283,
            "steer": 0.0
        },
        {
            "throttle": 0.2349275810435587,
            "brake": 0.06837022579071855,
            "steer": 0.0
        },
        {
            "throttle": 0.2509675380652028,
            "brake": 0.0615332032116467,
            "steer": 0.0
        },
        {
            "throttle": 0.26481272576899856,
            "brake": 0.055379882890482034,
            "steer": 0.0
        },
        {
            "throttle": 0.27672783462703515,
            "brake": 0.04984189460143383,
            "steer": 0.0
        },
        {
            "throttle": 0.2869663119050446,
            "brake": 0.04485770514129045,
            "steer": 0.0
        },
        {
            "throttle": 0.29576979920198443,
            "brake": 0.040371934627161404,
            "steer": 0.0
        },
        {
            "throttle": 0.30336724837888795,
            "brake": 0.03633474116444527,
            "steer": 0.0
        },
        {
            "throttle": 0.30997380565929455,
            "brake": 0.03270126704800074,
            "steer": 0.0
        },
        {
            "throttle": 0.31578955364267863,
            "brake": 0.029431140343200667,
            "steer": 0.0
        },
        {
            "throttle": 0.3209981990779332,
            "brake": 0.0264880263088806,
            "steer": 0.0
        },
        {
            "throttle": 0.325765790483893,
            "brake": 0.02383922367799254,
            "steer": 0.0
        },
        {
            "throttle": 0.33023954412443685,
            "brake": 0.021455301310193287,
            "steer": 0.0
        },
        {
            "throttle": 0.33454684954987557,
            "brake": 0.01930977117917396,
            "steer": 0.0
        },
        {
            "throttle": 0.33879451706025104,
            "brake": 0.017378794061256565,
            "steer": 0.0
        },
        {
            "throttle": 0.34306831923429904,
            "brake": 0.01564091465513091,
            "steer": 0.0
        },
        {
            "throttle": 0.34743286734670586,
            "brake": 0.01407682318961782,
            "steer": 0.0
        },
        {
            "throttle": 0.3519318513472794,
            "brake": 0.01266914087065604,
            "steer": 0.0
        },
        {
            "throttle": 0.3565886594066762,
            "brake": 0.011402226783590435,
            "steer": 0.0
        },
        {
            "throttle": 0.36140738016992613,
            "brake": 0.010262004105231391,
            "steer": 0.0
        },
        {
            "throttle": 0.3663741781349482,
            "brake": 0.009235803694708252,
            "steer": 0.0
        },
        {
            "throttle": 0.3714590203209672,
            "brake": 0.008312223325237426,
            "steer": 0.0
        },
        {
            "throttle": 0.3766177209327314,
            "brake": 0.007481000992713684,
            "steer": 0.0
        },
        {
            "throttle": 0.3817942603621116,
            "brake": 0.006732900893442316,
            "steer": 0.0
        },
        {
            "throttle": 0.386923325871743,
            "brake": 0.006059610804098084,
            "steer": 0.0
        },
        {
            "throttle": 0.3919330139120382,
            "brake": 0.005453649723688276,
            "steer": 0.0
        },
        {
            "throttle": 0.39674762842609956,
            "brake": 0.004908284751319448,
            "steer": 0.0
        },
        {
            "throttle": 0.40129050584091097,
            "brake": 0.004417456276187504,
            "steer": 0.0
        },
        {
            "throttle": 0.40548679581888786,
            "brake": 0.003975710648568754,
            "steer": 0.0
        },
        {
            "throttle": 0.4092661272869547,
            "brake": 0.0035781395837118785,
            "steer": 0.0
        },
        {
            "throttle": 0.41256509174965317,
            "brake": 0.0032203256253406907,
            "steer": 0.0
        },
        {
            "throttle": 0.4153294803509613,
            "brake": 0.0028982930628066216,
            "steer": 0.0
        },
        {
            "throttle": 0.4175162174449879,
            "brake": 0.0026084637565259596,
            "steer": 0.0
        },
        {
            "throttle": 0.4190949413863764,
            "brake": 0.002347617380873364,
            "steer": 0.0
        },
        {
            "throttle": 0.42004919262945684,
            "brake": 0.0021128556427860274,
            "steer": 0.0
        },
        {
            "throttle": 0.4203771797639886,
            "brake": 0.0019015700785074247,
            "steer": 0.0
        },
        {
            "throttle": 0.4200921055159441,
            "brake": 0.0017114130706566823,
            "steer": 0.0
        },
        {
            "throttle": 0.4192220466818169,
            "brake": 0.0015402717635910142,
            "steer": 0.0
        },
        {
            "throttle": 0.3772998420136352,
            "brake": 0.017361651872657233,
            "steer": 0.0
        },
        {
            "throttle": 0.33956985781227167,
            "brake": 0.031600893970816835,
            "steer": 0.0
        },
        {
            "throttle": 0.30561287203104454,
            "brake": 0.044416211859160476,
            "steer": 0.0
        },
        {
            "throttle": 0.27505158482794007,
            "brake": 0.05594999795866975,
            "steer": 0.0
        },
        {
            "throttle": 0.24754642634514606,
            "brake": 0.0663304054482281,
            "steer": 0.0
        },
        {
            "throttle": 0.22279178371063146,
            "brake": 0.07567277218883062,
            "steer": 0.0
        },
        {
            "throttle": 0.20051260533956833,
            "brake": 0.08408090225537287,
            "steer": 0.0
        },
        {
            "throttle": 0.1804613448056115,
            "brake": 0.0916482193152609,
            "steer": 0.0
        },
        {
            "throttle": 0.16241521032505035,
            "brake": 0.09845880466916014,
            "steer": 0.0
        },
        {
            "throttle": 0.14617368929254532,
            "brake": 0.10458833148766945,
            "steer": 0.0
        },
        {
            "throttle": 0.1315563203632908,
            "brake": 0.11010490562432783,
            "steer": 0.0
        },
        {
            "throttle": 0.11840068832696171,
            "brake": 0.11506982234732037,
            "steer": 0.0
        },
        {
            "throttle": 0.10656061949426554,
            "brake": 0.11953824739801365,
            "steer": 0.0
        },
        {
            "throttle": 0.13338605796930242,
            "brake": 0.10758442265821229,
            "steer": 0.0
        },
        {
            "throttle": 0.15793602793865397,
            "brake": 0.09682598039239106,
            "steer": 0.0
        },
        {
            "throttle": 0.18051268780067442,
            "brake": 0.08714338235315196,
            "steer": 0.0
        },
        {
            "throttle": 0.20137453688690796,
            "brake": 0.07842904411783676,
            "steer": 0.0
        },
        {
            "throttle": 0.22073907424400044,
            "brake": 0.07058613970605308,
            "steer": 0.0
        },
        {
            "throttle": 0.23878561436316337,
            "brake": 0.06352752573544777,
            "steer": 0.0
        },
        {
            "throttle": 0.25565828000547675,
            "brake": 0.057174773161902996,
            "steer": 0.0
        },
        {
            "throttle": 0.2714691774556659,
            "brake": 0.051457295845712694,
            "steer": 0.0
        },
        {
            "throttle": 0.28630174555982335,
            "brake": 0.046311566261141426,
            "steer": 0.0
        },
        {
            "throttle": 0.30021425705522464,
            "brake": 0.04168040963502728,
            "steer": 0.0
        },
        {
            "throttle": 0.3132434392525959,
            "brake": 0.037512368671524556,
            "steer": 0.0
        },
        {
            "throttle": 0.3254081713224556,
            "brake": 0.0337611318043721,
            "steer": 0.0
        },
        {
            "throttle": 0.3367132074692408,
            "brake": 0.030385018623934893,
            "steer": 0.0
        },
        {
            "throttle": 0.3471528693074424,
            "brake": 0.027346516761541404,
            "steer": 0.0
        },
        {
            "throttle": 0.3567146468912054,
            "brake": 0.024611865085387263,
            "steer": 0.0
        },
        {
            "throttle": 0.365382646148145,
            "brake": 0.022150678576848538,
            "steer": 0.0
        },
        {
            "throttle": 0.37314082092971634,
            "brake": 0.019935610719163683,
            "steer": 0.0
        },
        {
            "throttle": 0.37997593045898476,
            "brake": 0.017942049647247316,
            "steer": 0.0
        },
        {
            "throttle": 0.38588016752212795,
            "brake": 0.016147844682522585,
            "steer": 0.0
        },
        {
            "throttle": 0.3908534091506307,
            "brake": 0.014533060214270328,
            "steer": 0.0
        },
        {
            "throttle": 0.39490504956728245,
            "brake": 0.013079754192843296,
            "steer": 0.0
        },
        {
            "throttle": 0.3980553845688773,
            "brake": 0.011771778773558967,
            "steer": 0.0
        },
        {
            "throttle": 0.4003365270045185,
            "brake": 0.010594600896203071,
            "steer": 0.0
        },
        {
            "throttle": 0.4017928442653963,
            "brake": 0.009535140806582763,
            "steer": 0.0
        },
        {
            "throttle": 0.40248092039535865,
            "brake": 0.008581626725924487,
            "steer": 0.0
        },
        {
            "throttle": 0.40246905721687537,
            "brake": 0.007723464053332039,
            "steer": 0.0
        },
        {
            "throttle": 0.4018363403987339,
            "brake": 0.006951117647998835,
            "steer": 0.0
        },
        {
            "throttle": 0.40067130733334816,
            "brake": 0.006256005883198952,
            "steer": 0.0
        },
        {
            "throttle": 0.39907026372420273,
            "brake": 0.005630405294879057,
            "steer": 0.0
        },
        {
            "throttle": 0.3971353046157006,
            "brake": 0.005067364765391151,
            "steer": 0.0
        },
        {
            "throttle": 0.39497210297124274,
            "brake": 0.004560628288852036,
            "steer": 0.0
        },
        {
            "throttle": 0.392687534605234,
            "brake": 0.004104565459966832,
            "steer": 0.0
        },
        {
            "throttle": 0.39038721213305955,
            "brake": 0.003694108913970149,
            "steer": 0.0
        },
        {
            "throttle": 0.38817300250434883,
            "brake": 0.003324698022573134,
            "steer": 0.0
        },
        {
            "throttle": 0.38614060256888927,
            "brake": 0.0029922282203158207,
            "steer": 0.0
        },
        {
            "throttle": 0.38437724498823406,
            "brake": 0.0026930053982842385,
            "steer": 0.0
        },
        {
            "throttle": 0.3829596027032356,
            "brake": 0.0024237048584558147,
            "steer": 0.0
        },
        {
            "throttle": 0.3819519542077785,
            "brake": 0.0021813343726102335,
            "steer": 0.0
        },
        {
            "throttle": 0.38140466422355684,
            "brake": 0.0019632009353492104,
            "steer": 0.0
        },
        {
            "throttle": 0.38135302522931325,
            "brake": 0.0017668808418142895,
            "steer": 0.0
        },
        {
            "throttle": 0.3818164949218889,
            "brake": 0.0015901927576328606,
            "steer": 0.0
        },
        {
            "throttle": 0.38279835336191204,
            "brake": 0.0014311734818695746,
            "steer": 0.0
        },
        {
            "throttle": 0.38428579159698667,
            "brake": 0.0012880561336826172,
            "steer": 0.0
        },
        {
            "throttle": 0.3862504312908633,
            "brake": 0.0011592505203143555,
            "steer": 0.0
        },
        {
            "throttle": 0.38864926265810046,
            "brake": 0.00104332546828292,
            "steer": 0.0
        },
        {
            "throttle": 0.3914259761492204,
            "brake": 0.0009389929214546279,
            "steer": 0.0
        },
        {
            "throttle": 0.39451265218017373,
            "brake": 0.0008450936293091651,
            "steer": 0.0
        },
        {
            "throttle": 0.3978317630614622,
            "brake": 0.0007605842663782486,
            "steer": 0.0
        },
        {
            "throttle": 0.40129843243786045,
            "brake": 0.0006845258397404237,
            "steer": 0.0
        },
        {
            "throttle": 0.40482289024470103,
            "brake": 0.0006160732557663813,
            "steer": 0.0
        },
        {
            "throttle": 0.4083130556236964,
            "brake": 0.0005544659301897432,
            "steer": 0.0
        },
        {
            "throttle": 0.41167717657435143,
            "brake": 0.0004990193371707689,
            "steer": 0.0
        },
        {
            "throttle": 0.4148264534474312,
            "brake": 0.000449117403453692,
            "steer": 0.0
        },
        {
            "throttle": 0.4176775737603413,
            "brake": 0.00040420566310832285,
            "steer": 0.0
        },
        {
            "throttle": 0.420155088219363,
            "brake": 0.0003637850967974906,
            "steer": 0.0
        },
        {
            "throttle": 0.42219356220256643,
            "brake": 0.00032740658711774155,
            "steer": 0.0
        },
        {
            "throttle": 0.42373944316727585,
            "brake": 0.0002946659284059674,
            "steer": 0.0
        },
        {
            "throttle": 0.4247525923232354,
            "brake": 0.00026519933556537066,
            "steer": 0.0
        },
        {
            "throttle": 0.42520743823671847,
            "brake": 0.0002386794020088336,
            "steer": 0.0
        },
        {
            "throttle": 0.4250937205409997,
            "brake": 0.00021481146180795025,
            "steer": 0.0
        },
        {
            "throttle": 0.42441680333109133,
            "brake": 0.00019333031562715524,
            "steer": 0.0
        },
        {
            "throttle": 0.423197549796786,
            "brake": 0.00017399728406443973,
            "steer": 0.0
        },
        {
            "throttle": 0.42147176186324664,
            "brake": 0.00015659755565799576,
            "steer": 0.0
        },
        {
            "throttle": 0.4192892007213902,
            "brake": 0.0001409378000921962,
            "steer": 0.0
        },
        {
            "throttle": 0.4167122158027699,
            "brake": 0.00012684402008297658,
            "steer": 0.0
        },
        {
            "throttle": 0.41381402065954187,
            "brake": 0.00011415961807467892,
            "steer": 0.0
        },
        {
            "throttle": 0.4106766640447851,
            "brake": 0.00010274365626721103,
            "steer": 0.0
        },
        {
            "throttle": 0.4073887529772478,
            "brake": 9.246929064048993e-05,
            "steer": 0.0
        },
        {
            "throttle": 0.40404299148040224,
            "brake": 8.322236157644095e-05,
            "steer": 0.0
        },
        {
            "throttle": 0.4007336038155989,
            "brake": 7.490012541879685e-05,
            "steer": 0.0
        },
        {
            "throttle": 0.3975537142397902,
            "brake": 6.741011287691717e-05,
            "steer": 0.0
        },
        {
            "throttle": 0.3945927565199923,
            "brake": 6.0669101589225454e-05,
            "steer": 0.0
        },
        {
            "throttle": 0.3919339855957085,
            "brake": 5.460219143030291e-05,
            "steer": 0.0
        },
        {
            "throttle": 0.3896521609202964,
            "brake": 4.9141972287272615e-05,
            "steer": 0.0
        },
        {
            "throttle": 0.3878114662124495,
            "brake": 4.4227775058545354e-05,
            "steer": 0.0
        },
        {
            "throttle": 0.3864637237434416,
            "brake": 3.980499755269082e-05,
            "steer": 0.0
        },
        {
            "throttle": 0.38564695305881513,
            "brake": 3.582449779742174e-05,
            "steer": 0.0
        },
        {
            "throttle": 0.3853843144143097,
            "brake": 3.224204801767957e-05,
            "steer": 0.0
        },
        {
            "throttle": 0.38568346646340973,
            "brake": 2.901784321591161e-05,
            "steer": 0.0
        },
        {
            "throttle": 0.38653635616767645,
            "brake": 2.611605889432045e-05,
            "steer": 0.0
        },
        {
            "throttle": 0.38791944683377083,
            "brake": 2.3504453004888406e-05,
            "steer": 0.0
        },
        {
            "throttle": 0.38979437794949273,
            "brake": 2.1154007704399565e-05,
            "steer": 0.0
        },
        {
            "throttle": 0.3921090384365853,
            "brake": 1.903860693395961e-05,
            "steer": 0.0
        },
        {
            "throttle": 0.394799023396865,
            "brake": 1.713474624056365e-05,
            "steer": 0.0
        },
        {
            "throttle": 0.39778943372250125,
            "brake": 1.5421271616507284e-05,
            "steer": 0.0
        },
        {
            "throttle": 0.40099696836973336,
            "brake": 1.3879144454856556e-05,
            "steer": 0.0
        },
        {
            "throttle": 0.40433225092507696,
            "brake": 1.24912300093709e-05,
            "steer": 0.0
        },
        {
            "throttle": 0.4077023255521298,
            "brake": 1.124210700843381e-05,
            "steer": 0.0
        },
        {
            "throttle": 0.41101325267796285,
            "brake": 1.0117896307590429e-05,
            "steer": 0.0
        },
        {
            "throttle": 0.41417273199273913,
            "brake": 9.106106676831386e-06,
            "steer": 0.0
        },
        {
            "throttle": 0.41709267957235546,
            "brake": 8.195496009148248e-06,
            "steer": 0.0
        },
        {
            "throttle": 0.4196916872128503,
            "brake": 7.375946408233423e-06,
            "steer": 0.0
        },
        {
            "throttle": 0.42189729535135784,
            "brake": 6.6383517674100816e-06,
            "steer": 0.0
        }
    ],
    "parameters": {
        "cloudiness": 45.128386623481745,
        "fog_density": 20.788485683799145,
        "initial_distance": 50.47970725368064,
        "initial_ego_velocity": 6.820713842713996,
        "initial_lead_velocity": 5.646036037361539,
        "lead_base_throttle": 0.40561996697832603,
        "lead_behavior_frequency": 0.26619249385906063,
        "lead_brake_duration": 13.650245507235029,
        "lead_brake_intensity": 0.1597540728542532,
        "lead_brake_probability": 0.08242000965781862,
        "lead_throttle_variation": 0.037779154398413665,
        "precipitation": 57.925716605640034,
        "precipitation_deposits": 50.01899905649868,
        "sun_altitude_angle": -16.848136936088704,
        "wind_intensity": 37.638313891364675
    },
    "config": {
        "num_timesteps": 200,
        "dt": 0.1,
        "seed": 74
    }
}