{
    "weather": {
        "cloudiness": 75.28194021266114,
        "precipitation": 54.86128205657004,
        "precipitation_deposits": 88.71117928201755,
        "wind_intensity": 43.75267849927146,
        "sun_altitude_angle": 4.097404065605424,
        "fog_density": 28.75393875165628,
        "fog_distance": 383.4812216611352,
        "wetness": 27.43064102828502
    },
    "initial_conditions": {
        "ego": {
            "position": {
                "x": 508.1666022655414,
                "y": 20.57,
                "z": 0.294
            },
            "yaw": 0.0,
            "velocity": 10.26885744228689
        },
        "lead": {
            "position": {
                "x": 484.88,
                "y": 20.57,
                "z": 0.294
            },
            "yaw": 0.0,
            "velocity": 21.615333692667594
        }
    },
    "ego": {
        "position": {
            "x": 508.1666022655414,
            "y": 20.57,
            "z": 0.294
        },
        "yaw": 0.0,
        "velocity": 10.26885744228689
    },
    "lead": {
        "position": {
            "x": 484.88,
            "y": 20.57,
            "z": 0.294
        },
        "yaw": 0.0,
        "velocity": 21.615333692667594
    },
    "ado_actions": [
        {
            "throttle": 0.2905779739505858,
            "brake": 0.0,
            "steer": 0.0
        },
        {
            "throttle": 0.29205727499140505,
            "brake": 0.0,
            "steer": 0.0
        },
        {
            "throttle": 0.2948467924312482,
            "brake": 0.0,
            "steer": 0.0
        },
        {
            "throttle": 0.2987734980722951,
            "brake": 0.0,
            "steer": 0.0
        },
        {
            "throttle": 0.30366141522521173,
            "brake": 0.0,
            "steer": 0.0
        },
        {
            "throttle": 0.3093328038682562,
            "brake": 0.0,
            "steer": 0.0
        },
        {
            "throttle": 0.31560950415976635,
            "brake": 0.0,
            "steer": 0.0
        },
        {
            "throttle": 0.32231440577760884,
            "brake": 0.0,
            "steer": 0.0
        },
        {
            "throttle": 0.3292730100911655,
            "brake": 0.0,
            "steer": 0.0
        },
        {
            "throttle": 0.33631505204213286,
            "brake": 0.0,
            "steer": 0.0
        },
        {
            "throttle": 0.34327614883495877,
            "brake": 0.0,
            "steer": 0.0
        },
        {
            "throttle": 0.3499994431249261,
            "brake": 0.0,
            "steer": 0.0
        },
        {
            "throttle": 0.3563372093440889,
            "brake": 0.0,
            "steer": 0.0
        },
        {
            "throttle": 0.36215239311857067,
            "brake": 0.0,
            "steer": 0.0
        },
        {
            "throttle": 0.3673200553950969,
            "brake": 0.0,
            "steer": 0.0
        },
        {
            "throttle": 0.3717286948941176,
            "brake": 0.0,
            "steer": 0.0
        },
        {
            "throttle": 0.375281424819959,
            "brake": 0.0,
            "steer": 0.0
        },
        {
            "throttle": 0.37789698235842306,
            "brake": 0.0,
            "steer": 0.0
        },
        {
            "throttle": 0.37951055234767134,
            "brake": 0.0,
            "steer": 0.0
        },
        {
            "throttle": 0.3800743895834194,
            "brake": 0.0,
            "steer": 0.0
        },
        {
            "throttle": 0.3795582274750857,
            "brake": 0.0,
            "steer": 0.0
        },
        {
            "throttle": 0.3779494641632165,
            "brake": 0.0,
            "steer": 0.0
        },
        {
            "throttle": 0.3752531206954648,
            "brake": 0.0,
            "steer": 0.0
        },
        {
            "throttle": 0.37149156939216493,
            "brake": 0.0,
            "steer": 0.0
        },
        {
            "throttle": 0.3667040340656221,
            "brake": 0.0,
            "steer": 0.0
        },
        {
            "throttle": 0.3609458672418438,
            "brake": 0.0,
            "steer": 0.0
        },
        {
            "throttle": 0.3542876129222184,
            "brake": 0.0,
            "steer": 0.0
        },
        {
            "throttle": 0.34681386666935016,
            "brake": 0.0,
            "steer": 0.0
        },
        {
            "throttle": 0.33862194786146127,
            "brake": 0.0,
            "steer": 0.0
        },
        {
            "throttle": 0.3298204017915058,
            "brake": 0.0,
            "steer": 0.0
        },
        {
            "throttle": 0.32052735185153175,
            "brake": 0.0,
            "steer": 0.0
        },
        {
            "throttle": 0.3108687243046615,
            "brake": 0.0,
            "steer": 0.0
        },
        {
            "throttle": 0.3009763700753019,
            "brake": 0.0,
            "steer": 0.0
        },
        {
            "throttle": 0.29098610955645116,
            "brake": 0.0,
            "steer": 0.0
        },
        {
            "throttle": 0.26188749860080607,
            "brake": 0.07896594615324895,
            "steer": 0.0
        },
        {
            "throttle": 0.23569874874072547,
            "brake": 0.15003529769117302,
            "steer": 0.0
        },
        {
            "throttle": 0.2121288738666529,
            "brake": 0.21399771407530468,
            "steer": 0.0
        },
        {
            "throttle": 0.19091598647998761,
            "brake": 0.27156388882102317,
            "steer": 0.0
        },
        {
            "throttle": 0.17182438783198886,
            "brake": 0.3233734460921698,
            "steer": 0.0
        },
        {
            "throttle": 0.15464194904878997,
            "brake": 0.3700020476362018,
            "steer": 0.0
        },
        {
            "throttle": 0.13917775414391098,
            "brake": 0.41196778902583064,
            "steer": 0.0
        },
        {
            "throttle": 0.12525997872951988,
            "brake": 0.44973695627649657,
            "steer": 0.0
        },
        {
            "throttle": 0.1127339808565679,
            "brake": 0.48372920680209586,
            "steer": 0.0
        },
        {
            "throttle": 0.1014605827709111,
            "brake": 0.5143222322751352,
            "steer": 0.0
        },
        {
            "throttle": 0.09131452449381999,
            "brake": 0.5418559552008706,
            "steer": 0.0
        },
        {
            "throttle": 0.08218307204443799,
            "brake": 0.5666363058340325,
            "steer": 0.0
        },
        {
            "throttle": 0.07396476483999419,
            "brake": 0.5889386214038782,
            "steer": 0.0
        },
        {
            "throttle": 0.06656828835599476,
            "brake": 0.6090107054167393,
            "steer": 0.0
        },
        {
            "throttle": 0.05991145952039529,
            "brake": 0.6270755810283143,
            "steer": 0.0
        },
        {
            "throttle": 0.07792416348847159,
            "brake": 0.5643680229254828,
            "steer": 0.0
        },
        {
            "throttle": 0.09552242689380465,
            "brake": 0.5079312206329346,
            "steer": 0.0
        },
        {
            "throttle": 0.112800134895793,
            "brake": 0.45713809856964116,
            "steer": 0.0
        },
        {
            "throttle": 0.1298212020450823,
            "brake": 0.41142428871267706,
            "steer": 0.0
        },
        {
            "throttle": 0.14662211374911788,
            "brake": 0.3702818598414094,
            "steer": 0.0
        },
        {
            "throttle": 0.16321451443765994,
            "brake": 0.33325367385726845,
            "steer": 0.0
        },
        {
            "throttle": 0.17958783997122882,
            "brake": 0.2999283064715416,
            "steer": 0.0
        },
        {
            "throttle": 0.19571198774729104,
            "brake": 0.2699354758243875,
            "steer": 0.0
        },
        {
            "throttle": 0.21154001430998623,
            "brake": 0.24294192824194874,
            "steer": 0.0
        },
        {
            "throttle": 0.2270108470769554,
            "brake": 0.21864773541775387,
            "steer": 0.0
        },
        {
            "throttle": 0.24205199407591751,
            "brake": 0.1967829618759785,
            "steer": 0.0
        },
        {
            "throttle": 0.25658223334496977,
            "brake": 0.17710466568838065,
            "steer": 0.0
        },
        {
            "throttle": 0.27051426190098543,
            "brake": 0.15939419911954258,
            "steer": 0.0
        },
        {
            "throttle": 0.2837572829222969,
            "brake": 0.14345477920758834,
            "steer": 0.0
        },
        {
            "throttle": 0.2962195090226703,
            "brake": 0.12910930128682951,
            "steer": 0.0
        },
        {
            "throttle": 0.307810559206038,
            "brake": 0.11619837115814656,
            "steer": 0.0
        },
        {
            "throttle": 0.31844372727314085,
            "brake": 0.1045785340423319,
            "steer": 0.0
        },
        {
            "throttle": 0.3280381000846675,
            "brake": 0.09412068063809871,
            "steer": 0.0
        },
        {
            "throttle": 0.33652050514822385,
            "brake": 0.08470861257428884,
            "steer": 0.0
        },
        {
            "throttle": 0.30286845463340145,
            "brake": 0.15520369747010893,
            "steer": 0.0
        },
        {
            "throttle": 0.2725816091700613,
            "brake": 0.218649273876347,
            "steer": 0.0
        },
        {
            "throttle": 0.2453234482530552,
            "brake": 0.27575029264196127,
            "steer": 0.0
        },
        {
            "throttle": 0.22079110342774969,
            "brake": 0.3271412095310141,
            "steer": 0.0
        },
        {
            "throttle": 0.19871199308497473,
            "brake": 0.3733930347311617,
            "steer": 0.0
        },
        {
            "throttle": 0.17884079377647727,
            "brake": 0.41501967741129453,
            "steer": 0.0
        },
        {
            "throttle": 0.16095671439882955,
            "brake": 0.452483655823414,
            "steer": 0.0
        },
        {
            "throttle": 0.1448610429589466,
            "brake": 0.48620123639432156,
            "steer": 0.0
        },
        {
            "throttle": 0.13037493866305194,
            "brake": 0.5165470589081383,
            "steer": 0.0
        },
        {
            "throttle": 0.11733744479674675,
            "brake": 0.5438582991705735,
            "steer": 0.0
        },
        {
            "throttle": 0.10560370031707207,
            "brake": 0.5684384154067651,
            "steer": 0.0
        },
        {
            "throttle": 0.09504333028536487,
            "brake": 0.5905605200193376,
            "steer": 0.0
        },
        {
            "throttle": 0.08553899725682838,
            "brake": 0.6104704141706527,
            "steer": 0.0
        },
        {
            "throttle": 0.07698509753114555,
            "brake": 0.6283893189068364,
            "steer": 0.0
        },
        {
            "throttle": 0.069286587778031,
            "brake": 0.6445163331694017,
            "steer": 0.0
        },
        {
            "throttle": 0.08540247832141643,
            "brake": 0.5800646998524616,
            "steer": 0.0
        },
        {
            "throttle": 0.09865629530987563,
            "brake": 0.5220582298672154,
            "steer": 0.0
        },
        {
            "throttle": 0.10943812009104086,
            "brake": 0.46985240688049384,
            "steer": 0.0
        },
        {
            "throttle": 0.11811542282104973,
            "brake": 0.42286716619244447,
            "steer": 0.0
        },
        {
            "throttle": 0.12503360366599797,
            "brake": 0.38058044957320003,
            "steer": 0.0
        },
        {
            "throttle": 0.1305162699964947,
            "brake": 0.34252240461588,
            "steer": 0.0
        },
        {
            "throttle": 0.1348653035729086,
            "brake": 0.30827016415429204,
            "steer": 0.0
        },
        {
            "throttle": 0.13836076892594534,
            "brake": 0.27744314773886286,
            "steer": 0.0
        },
        {
            "throttle": 0.14126071119161906,
            "brake": 0.24969883296497658,
            "steer": 0.0
        },
        {
            "throttle": 0.14380088854563522,
            "brake": 0.22472894966847892,
            "steer": 0.0
        },
        {
            "throttle": 0.14619448109205624,
            "brake": 0.20225605470163102,
            "steer": 0.0
        },
        {
            "throttle": 0.1486318145949744,
            "brake": 0.1820304492314679,
            "steer": 0.0
        },
        {
            "throttle": 0.15128013380708355,
            "brake": 0.16382740430832113,
            "steer": 0.0
        },
        {
            "throttle": 0.15428345635947222,
            "brake": 0.14744466387748903,
            "steer": 0.0
        },
        {
            "throttle": 0.15776253425262224,
            "brake": 0.13270019748974013,
            "steer": 0.0
        },
        {
            "throttle": 0.16181494595480533,
            "brake": 0.11943017774076611,
            "steer": 0.0
        },
        {
            "throttle": 0.16651533800078755,
            "brake": 0.1074871599666895,
            "steer": 0.0
        },
        {
            "throttle": 0.17191583082484785,
            "brake": 0.09673844397002056,
            "steer": 0.0
        },
        {
            "throttle": 0.17804659939461215,
            "brake": 0.0870645995730185,
            "steer": 0.0
        },
        {
            "throttle": 0.18491663507548325,
            "brake": 0.07835813961571665,
            "steer": 0.0
        },
        {
            "throttle": 0.1925146910904791,
            "brake": 0.07052232565414498,
            "steer": 0.0
        },
        {
            "throttle": 0.20081040998883662,
            "brake": 0.06347009308873049,
            "steer": 0.0
        },
        {
            "throttle": 0.20975562774056966,
            "brake": 0.05712308377985744,
            "steer": 0.0
        },
        {
            "throttle": 0.2192858454743161,
            "brake": 0.051410775401871694,
            "steer": 0.0
        },
        {
            "throttle": 0.2293218565118131,
            "brake": 0.04626969786168453,
            "steer": 0.0
        },
        {
            "throttle": 0.23977151326157042,
            "brake": 0.041642728075516076,
            "steer": 0.0
        },
        {
            "throttle": 0.25053161575129956,
            "brake": 0.03747845526796447,
            "steer": 0.0
        },
        {
            "throttle": 0.2254784541761696,
            "brake": 0.11269655589441697,
            "steer": 0.0
        },
        {
            "throttle": 0.20293060875855265,
            "brake": 0.18039284645822423,
            "steer": 0.0
        },
        {
            "throttle": 0.1826375478826974,
            "brake": 0.24131950796565077,
            "steer": 0.0
        },
        {
            "throttle": 0.16437379309442765,
            "brake": 0.29615350332233464,
            "steer": 0.0
        },
        {
            "throttle": 0.1479364137849849,
            "brake": 0.3455040991433501,
            "steer": 0.0
        },
        {
            "throttle": 0.13314277240648642,
            "brake": 0.38991963538226404,
            "steer": 0.0
        },
        {
            "throttle": 0.11982849516583778,
            "brake": 0.42989361799728665,
            "steer": 0.0
        },
        {
            "throttle": 0.107845645649254,
            "brake": 0.4658702023508069,
            "steer": 0.0
        },
        {
            "throttle": 0.09706108108432861,
            "brake": 0.49824912826897516,
            "steer": 0.0
        },
        {
            "throttle": 0.08735497297589574,
            "brake": 0.5273901615953266,
            "steer": 0.0
        },
        {
            "throttle": 0.07861947567830617,
            "brake": 0.5536170915890429,
            "steer": 0.0
        },
        {
            "throttle": 0.07075752811047556,
            "brake": 0.5772213285833876,
            "steer": 0.0
        },
        {
            "throttle": 0.063681775299428,
            "brake": 0.5984651418782978,
            "steer": 0.0
        },
        {
            "throttle": 0.057313597769485206,
            "brake": 0.617584573843717,
            "steer": 0.0
        },
        {
            "throttle": 0.05158223799253669,
            "brake": 0.6347920626125942,
            "steer": 0.0
        },
        {
            "throttle": 0.08393837279278571,
            "brake": 0.5713128563513349,
            "steer": 0.0
        },
        {
            "throttle": 0.11191707720366759,
            "brake": 0.5141815707162014,
            "steer": 0.0
        },
        {
            "throttle": 0.1358514907860003,
            "brake": 0.4627634136445813,
            "steer": 0.0
        },
        {
            "throttle": 0.15605926340500906,
            "brake": 0.41648707228012316,
            "steer": 0.0
        },
        {
            "throttle": 0.17284534517395467,
            "brake": 0.3748383650521109,
            "steer": 0.0
        },
        {
            "throttle": 0.18650422476367787,
            "brake": 0.3373545285468998,
            "steer": 0.0
        },
        {
            "throttle": 0.19732165739393787,
            "brake": 0.3036190756922098,
            "steer": 0.0
        },
        {
            "throttle": 0.20557592378770678,
            "brake": 0.27325716812298884,
            "steer": 0.0
        },
        {
            "throttle": 0.21153866147777411,
            "brake": 0.24593145131068997,
            "steer": 0.0
        },
        {
            "throttle": 0.21547531003124565,
            "brake": 0.22133830617962097,
            "steer": 0.0
        },
        {
            "throttle": 0.21764521193327852,
            "brake": 0.19920447556165888,
            "steer": 0.0
        },
        {
            "throttle": 0.2183014109847689,
            "brake": 0.179284028005493,
            "steer": 0.0
        },
        {
            "throttle": 0.21769019006462925,
            "brake": 0.1613556252049437,
            "steer": 0.0
        },
        {
            "throttle": 0.21605038993770798,
            "brake": 0.14522006268444934,
            "steer": 0.0
        },
        {
            "throttle": 0.21361255041344107,
            "brake": 0.1306980564160044,
            "steer": 0.0
        },
        {
            "throttle": 0.21059791454439447,
            "brake": 0.11762825077440396,
            "steer": 0.0
        },
        {
            "throttle": 0.2072173356716924,
            "brake": 0.10586542569696357,
            "steer": 0.0
        },
        {
            "throttle": 0.203670125956985,
            "brake": 0.09527888312726722,
            "steer": 0.0
        },
        {
            "throttle": 0.20014288357636995,
            "brake": 0.0857509948145405,
            "steer": 0.0
        },
        {
            "throttle": 0.19680833398592465,
            "brake": 0.07717589533308646,
            "steer": 0.0
        },
        {
            "throttle": 0.1938242186034653,
            "brake": 0.06945830579977781,
            "steer": 0.0
        },
        {
            "throttle": 0.19133226189565092,
            "brake": 0.06251247521980004,
            "steer": 0.0
        },
        {
            "throttle": 0.18945724522863824,
            "brake": 0.056261227697820035,
            "steer": 0.0
        },
        {
            "throttle": 0.1883062129550192,
            "brake": 0.050635104928038036,
            "steer": 0.0
        },
        {
            "throttle": 0.18796783309589904,
            "brake": 0.04557159443523423,
            "steer": 0.0
        },
        {
            "throttle": 0.1885119316656461,
            "brake": 0.041014434991710806,
            "steer": 0.0
        },
        {
            "throttle": 0.18998921621318557,
            "brake": 0.03691299149253972,
            "steer": 0.0
        },
        {
            "throttle": 0.19243120055639085,
            "brake": 0.03322169234328575,
            "steer": 0.0
        },
        {
            "throttle": 0.19585033900668117,
            "brake": 0.029899523108957177,
            "steer": 0.0
        },
        {
            "throttle": 0.20024037466307268,
            "brake": 0.02690957079806146,
            "steer": 0.0
        },
        {
            "throttle": 0.20557690264378709,
            "brake": 0.024218613718255316,
            "steer": 0.0
        },
        {
            "throttle": 0.21181814546495556,
            "brake": 0.021796752346429787,
            "steer": 0.0
        },
        {
            "throttle": 0.2189059342157793,
            "brake": 0.01961707711178681,
            "steer": 0.0
        },
        {
            "throttle": 0.22676688576279033,
            "brake": 0.017655369400608127,
            "steer": 0.0
        },
        {
            "throttle": 0.2353137629861873,
            "brake": 0.015889832460547315,
            "steer": 0.0
        },
        {
            "throttle": 0.21178238668756857,
            "brake": 0.09326679536774153,
            "steer": 0.0
        },
        {
            "throttle": 0.19060414801881173,
            "brake": 0.1629060619842163,
            "steer": 0.0
        },
        {
            "throttle": 0.17154373321693056,
            "brake": 0.22558140193904364,
            "steer": 0.0
        },
        {
            "throttle": 0.1543893598952375,
            "brake": 0.2819892078983882,
            "steer": 0.0
        },
        {
            "throttle": 0.13895042390571374,
            "brake": 0.3327562332617984,
            "steer": 0.0
        },
        {
            "throttle": 0.12505538151514237,
            "brake": 0.37844655608886746,
            "steer": 0.0
        },
        {
            "throttle": 0.11254984336362814,
            "brake": 0.41956784663322966,
            "steer": 0.0
        },
        {
            "throttle": 0.10129485902726533,
            "brake": 0.4565770081231556,
            "steer": 0.0
        },
        {
            "throttle": 0.0911653731245388,
            "brake": 0.48988525346408895,
            "steer": 0.0
        },
        {
            "throttle": 0.08204883581208493,
            "brake": 0.519862674270929,
            "steer": 0.0
        },
        {
            "throttle": 0.07384395223087643,
            "brake": 0.5468423529970851,
            "steer": 0.0
        },
        {
            "throttle": 0.06645955700778879,
            "brake": 0.5711240638506255,
            "steer": 0.0
        },
        {
            "throttle": 0.05981360130700991,
            "brake": 0.5929776036188119,
            "steer": 0.0
        },
        {
            "throttle": 0.05383224117630892,
            "brake": 0.6126457894101797,
            "steer": 0.0
        },
        {
            "throttle": 0.04844901705867803,
            "brake": 0.6303471566224106,
            "steer": 0.0
        },
        {
            "throttle": 0.08342036411352405,
            "brake": 0.5673124409601695,
            "steer": 0.0
        },
        {
            "throttle": 0.11408344170268546,
            "brake": 0.5105811968641526,
            "steer": 0.0
        },
        {
            "throttle": 0.1407268265623473,
            "brake": 0.4595230771777373,
            "steer": 0.0
        },
        {
            "throttle": 0.1636238715035553,
            "brake": 0.4135707694599636,
            "steer": 0.0
        },
        {
            "throttle": 0.18303606706646153,
            "brake": 0.3722136925139673,
            "steer": 0.0
        },
        {
            "throttle": 0.19921584573952592,
            "brake": 0.33499232326257056,
            "steer": 0.0
        },
        {
            "throttle": 0.21240886134930886,
            "brake": 0.3014930909363135,
            "steer": 0.0
        },
        {
            "throttle": 0.22285577646104002,
            "brake": 0.27134378184268215,
            "steer": 0.0
        },
        {
            "throttle": 0.23079359112214523,
            "brake": 0.24420940365841395,
            "steer": 0.0
        },
        {
            "throttle": 0.2364565469506075,
            "brake": 0.21978846329257257,
            "steer": 0.0
        },
        {
            "throttle": 0.24007664134242243,
            "brake": 0.1978096169633153,
            "steer": 0.0
        },
        {
            "throttle": 0.2418837873775399,
            "brake": 0.17802865526698378,
            "steer": 0.0
        },
        {
            "throttle": 0.24210565577704923,
            "brake": 0.1602257897402854,
            "steer": 0.0
        },
        {
            "throttle": 0.24096723594719946,
            "brake": 0.14420321076625686,
            "steer": 0.0
        },
        {
            "throttle": 0.23869015368545426,
            "brake": 0.12978288968963117,
            "steer": 0.0
        },
        {
            "throttle": 0.2354917834738035,
            "brake": 0.11680460072066806,
            "steer": 0.0
        },
        {
            "throttle": 0.23158419340521297,
            "brake": 0.10512414064860126,
            "steer": 0.0
        },
        {
            "throttle": 0.22717296064736503,
            "brake": 0.09461172658374113,
            "steer": 0.0
        },
        {
            "throttle": 0.2224558949175829,
            "brake": 0.08515055392536702,
            "steer": 0.0
        },
        {
            "throttle": 0.2176217067048462,
            "brake": 0.07663549853283032,
            "steer": 0.0
        },
        {
            "throttle": 0.2128486559168268,
            "brake": 0.06897194867954728,
            "steer": 0.0
        },
        {
            "throttle": 0.20830321524650172,
            "brake": 0.06207475381159256,
            "steer": 0.0
        },
        {
            "throttle": 0.20413878084543183,
            "brake": 0.055867278430433306,
            "steer": 0.0
        },
        {
            "throttle": 0.20049446086701767,
            "brake": 0.05028055058738998,
            "steer": 0.0
        },
        {
            "throttle": 0.19749397011692804,
            "brake": 0.04525249552865098,
            "steer": 0.0
        }
    ],
    "parameters": {
        "cloudiness": 75.28194021266114,
        "fog_density": 28.75393875165628,
        "initial_distance": 23.28660226554144,
        "initial_ego_velocity": 10.26885744228689,
        "initial_lead_velocity": 21.615333692667594,
        "lead_base_throttle": 0.2905779739505858,
        "lead_behavior_frequency": 0.1904376148008602,
        "lead_brake_duration": 15.826642786730176,
        "lead_brake_intensity": 0.7896594615324894,
        "lead_brake_probability": 0.1824059016097267,
        "lead_throttle_variation": 0.12392553046521626,
        "precipitation": 54.86128205657004,
        "precipitation_deposits": 88.71117928201755,
        "sun_altitude_angle": 4.097404065605424,
        "wind_intensity": 43.75267849927146
    },
    "config": {
        "num_timesteps": 200,
        "dt": 0.1,
        "seed": 68
    }
}