{
    "weather": {
        "cloudiness": 3.4787702598432593,
        "precipitation": 99.3830797173361,
        "precipitation_deposits": 14.119394030056782,
        "wind_intensity": 18.502327852261807,
        "sun_altitude_angle": 86.19019636278702,
        "fog_density": 11.691232837865302,
        "fog_distance": 677.2547656589257,
        "wetness": 49.69153985866805
    },
    "initial_conditions": {
        "ego": {
            "position": {
                "x": 517.9404207389306,
                "y": 20.57,
                "z": 0.294
            },
            "yaw": 0.0,
            "velocity": 20.0
        },
        "lead": {
            "position": {
                "x": 484.88,
                "y": 20.57,
                "z": 0.294
            },
            "yaw": 0.0,
            "velocity": 25.0
        }
    },
    "ego": {
        "position": {
            "x": 517.9404207389306,
            "y": 20.57,
            "z": 0.294
        },
        "yaw": 0.0,
        "velocity": 20.0
    },
    "lead": {
        "position": {
            "x": 484.88,
            "y": 20.57,
            "z": 0.294
        },
        "yaw": 0.0,
        "velocity": 25.0
    },
    "ado_actions": [
        {
            "throttle": 0.37209987362626684,
            "brake": 0.0,
            "steer": 0.0
        },
        {
            "throttle": 0.3742677318640597,
            "brake": 0.0,
            "steer": 0.0
        },
        {
            "throttle": 0.37831879945374464,
            "brake": 0.0,
            "steer": 0.0
        },
        {
            "throttle": 0.3839311537345796,
            "brake": 0.0,
            "steer": 0.0
        },
        {
            "throttle": 0.3907535079432494,
            "brake": 0.0,
            "steer": 0.0
        },
        {
            "throttle": 0.39841425689162024,
            "brake": 0.0,
            "steer": 0.0
        },
        {
            "throttle": 0.4065313538037156,
            "brake": 0.0,
            "steer": 0.0
        },
        {
            "throttle": 0.365878218423344,
            "brake": 0.08000000000000002,
            "steer": 0.0
        },
        {
            "throttle": 0.3292903965810096,
            "brake": 0.15200000000000002,
            "steer": 0.0
        },
        {
            "throttle": 0.29636135692290866,
            "brake": 0.21680000000000005,
            "steer": 0.0
        },
        {
            "throttle": 0.2667252212306178,
            "brake": 0.27512000000000003,
            "steer": 0.0
        },
        {
            "throttle": 0.24005269910755603,
            "brake": 0.327608,
            "steer": 0.0
        },
        {
            "throttle": 0.21604742919680042,
            "brake": 0.37484720000000005,
            "steer": 0.0
        },
        {
            "throttle": 0.19444268627712039,
            "brake": 0.4173624800000001,
            "steer": 0.0
        },
        {
            "throttle": 0.17499841764940835,
            "brake": 0.45562623200000013,
            "steer": 0.0
        },
        {
            "throttle": 0.15749857588446753,
            "brake": 0.49006360880000016,
            "steer": 0.0
        },
        {
            "throttle": 0.1417487182960208,
            "brake": 0.5210572479200002,
            "steer": 0.0
        },
        {
            "throttle": 0.1275738464664187,
            "brake": 0.5489515231280002,
            "steer": 0.0
        },
        {
            "throttle": 0.11481646181977684,
            "brake": 0.5740563708152002,
            "steer": 0.0
        },
        {
            "throttle": 0.10333481563779916,
            "brake": 0.5966507337336802,
            "steer": 0.0
        },
        {
            "throttle": 0.09300133407401924,
            "brake": 0.6169856603603121,
            "steer": 0.0
        },
        {
            "throttle": 0.08370120066661732,
            "brake": 0.635287094324281,
            "steer": 0.0
        },
        {
            "throttle": 0.0753310805999556,
            "brake": 0.6517583848918529,
            "steer": 0.0
        },
        {
            "throttle": 0.06779797253996003,
            "brake": 0.6665825464026676,
            "steer": 0.0
        },
        {
            "throttle": 0.08720874181957386,
            "brake": 0.5999242917624008,
            "steer": 0.0
        },
        {
            "throttle": 0.10388749906173145,
            "brake": 0.5399318625861608,
            "steer": 0.0
        },
        {
            "throttle": 0.11847715918335351,
            "brake": 0.4859386763275447,
            "steer": 0.0
        },
        {
            "throttle": 0.13156953160739077,
            "brake": 0.43734480869479025,
            "steer": 0.0
        },
        {
            "throttle": 0.1436984444441024,
            "brake": 0.39361032782531125,
            "steer": 0.0
        },
        {
            "throttle": 0.155333518700765,
            "brake": 0.35424929504278013,
            "steer": 0.0
        },
        {
            "throttle": 0.16687490391618195,
            "brake": 0.31882436553850213,
            "steer": 0.0
        },
        {
            "throttle": 0.1786492448694325,
            "brake": 0.28694192898465193,
            "steer": 0.0
        },
        {
            "throttle": 0.19090709998923747,
            "brake": 0.25824773608618673,
            "steer": 0.0
        },
        {
            "throttle": 0.20382197720925316,
            "brake": 0.23242296247756805,
            "steer": 0.0
        },
        {
            "throttle": 0.2174910938886899,
            "brake": 0.20918066622981124,
            "steer": 0.0
        },
        {
            "throttle": 0.23193790580340773,
            "brake": 0.18826259960683012,
            "steer": 0.0
        },
        {
            "throttle": 0.24711638795392546,
            "brake": 0.1694363396461471,
            "steer": 0.0
        },
        {
            "throttle": 0.2629169889061089,
            "brake": 0.1524927056815324,
            "steer": 0.0
        },
        {
            "throttle": 0.27917412241940487,
            "brake": 0.13724343511337916,
            "steer": 0.0
        },
        {
            "throttle": 0.29567500697886273,
            "brake": 0.12351909160204125,
            "steer": 0.0
        },
        {
            "throttle": 0.3121696171385727,
            "brake": 0.11116718244183713,
            "steer": 0.0
        },
        {
            "throttle": 0.32838147171758003,
            "brake": 0.10005046419765341,
            "steer": 0.0
        },
        {
            "throttle": 0.3440189540363484,
            "brake": 0.09004541777788808,
            "steer": 0.0
        },
        {
            "throttle": 0.35878683943635803,
            "brake": 0.08104087600009927,
            "steer": 0.0
        },
        {
            "throttle": 0.37239769587523847,
            "brake": 0.07293678840008934,
            "steer": 0.0
        },
        {
            "throttle": 0.384582824697892,
            "brake": 0.0656431095600804,
            "steer": 0.0
        },
        {
            "throttle": 0.39510242067979046,
            "brake": 0.05907879860407236,
            "steer": 0.0
        },
        {
            "throttle": 0.40375465271986233,
            "brake": 0.05317091874366513,
            "steer": 0.0
        },
        {
            "throttle": 0.4103833984056435,
            "brake": 0.047853826869298614,
            "steer": 0.0
        },
        {
            "throttle": 0.414884406064166,
            "brake": 0.043068444182368756,
            "steer": 0.0
        },
        {
            "throttle": 0.3733959654577494,
            "brake": 0.11876159976413189,
            "steer": 0.0
        },
        {
            "throttle": 0.33605636891197443,
            "brake": 0.1868854397877187,
            "steer": 0.0
        },
        {
            "throttle": 0.302450732020777,
            "brake": 0.24819689580894685,
            "steer": 0.0
        },
        {
            "throttle": 0.2722056588186993,
            "brake": 0.3033772062280522,
            "steer": 0.0
        },
        {
            "throttle": 0.24498509293682938,
            "brake": 0.353039485605247,
            "steer": 0.0
        },
        {
            "throttle": 0.22048658364314644,
            "brake": 0.3977355370447223,
            "steer": 0.0
        },
        {
            "throttle": 0.1984379252788318,
            "brake": 0.4379619833402501,
            "steer": 0.0
        },
        {
            "throttle": 0.17859413275094863,
            "brake": 0.47416578500622514,
            "steer": 0.0
        },
        {
            "throttle": 0.16073471947585377,
            "brake": 0.5067492065056026,
            "steer": 0.0
        },
        {
            "throttle": 0.1446612475282684,
            "brake": 0.5360742858550425,
            "steer": 0.0
        },
        {
            "throttle": 0.13019512277544157,
            "brake": 0.5624668572695383,
            "steer": 0.0
        },
        {
            "throttle": 0.11717561049789742,
            "brake": 0.5862201715425845,
            "steer": 0.0
        },
        {
            "throttle": 0.10545804944810767,
            "brake": 0.6075981543883262,
            "steer": 0.0
        },
        {
            "throttle": 0.09491224450329691,
            "brake": 0.6268383389494936,
            "steer": 0.0
        },
        {
            "throttle": 0.08542102005296723,
            "brake": 0.6441545050545443,
            "steer": 0.0
        },
        {
            "throttle": 0.07687891804767051,
            "brake": 0.65973905454909,
            "steer": 0.0
        },
        {
            "throttle": 0.06919102624290346,
            "brake": 0.673765149094181,
            "steer": 0.0
        },
        {
            "throttle": 0.09158998997145579,
            "brake": 0.6063886341847629,
            "steer": 0.0
        },
        {
            "throttle": 0.08243099097431021,
            "brake": 0.6257497707662867,
            "steer": 0.0
        },
        {
            "throttle": 0.07418789187687919,
            "brake": 0.6431747936896581,
            "steer": 0.0
        },
        {
            "throttle": 0.06676910268919127,
            "brake": 0.6588573143206924,
            "steer": 0.0
        },
        {
            "throttle": 0.060092192420272146,
            "brake": 0.6729715828886231,
            "steer": 0.0
        },
        {
            "throttle": 0.05408297317824493,
            "brake": 0.6856744245997608,
            "steer": 0.0
        },
        {
            "throttle": 0.04867467586042044,
            "brake": 0.6971069821397848,
            "steer": 0.0
        },
        {
            "throttle": 0.043807208274378395,
            "brake": 0.7073962839258063,
            "steer": 0.0
        },
        {
            "throttle": 0.03942648744694056,
            "brake": 0.7166566555332257,
            "steer": 0.0
        },
        {
            "throttle": 0.0354838387022465,
            "brake": 0.7249909899799032,
            "steer": 0.0
        },
        {
            "throttle": 0.03193545483202185,
            "brake": 0.7324918909819129,
            "steer": 0.0
        },
        {
            "throttle": 0.028741909348819664,
            "brake": 0.7392427018837218,
            "steer": 0.0
        },
        {
            "throttle": 0.025867718413937698,
            "brake": 0.7453184316953496,
            "steer": 0.0
        },
        {
            "throttle": 0.02328094657254393,
            "brake": 0.7507865885258147,
            "steer": 0.0
        },
        {
            "throttle": 0.020952851915289537,
            "brake": 0.7557079296732332,
            "steer": 0.0
        },
        {
            "throttle": 0.018857566723760582,
            "brake": 0.76013713670591,
            "steer": 0.0
        },
        {
            "throttle": 0.016971810051384525,
            "brake": 0.7641234230353191,
            "steer": 0.0
        },
        {
            "throttle": 0.015274629046246073,
            "brake": 0.7677110807317873,
            "steer": 0.0
        },
        {
            "throttle": 0.058393971242994266,
            "brake": 0.6909399726586086,
            "steer": 0.0
        },
        {
            "throttle": 0.09535817670227992,
            "brake": 0.6218459753927478,
            "steer": 0.0
        },
        {
            "throttle": 0.12660765546302405,
            "brake": 0.559661377853473,
            "steer": 0.0
        },
        {
            "throttle": 0.15260195801438714,
            "brake": 0.5036952400681257,
            "steer": 0.0
        },
        {
            "throttle": 0.1738213648847785,
            "brake": 0.45332571606131317,
            "steer": 0.0
        },
        {
            "throttle": 0.1907662297488037,
            "brake": 0.40799314445518187,
            "steer": 0.0
        },
        {
            "throttle": 0.2039542563701425,
            "brake": 0.3671938300096637,
            "steer": 0.0
        },
        {
            "throttle": 0.21391593840250833,
            "brake": 0.3304744470086973,
            "steer": 0.0
        },
        {
            "throttle": 0.22118843420319098,
            "brake": 0.2974270023078276,
            "steer": 0.0
        },
        {
            "throttle": 0.2263081848642455,
            "brake": 0.26768430207704486,
            "steer": 0.0
        },
        {
            "throttle": 0.22980261136285177,
            "brake": 0.24091587186934038,
            "steer": 0.0
        },
        {
            "throttle": 0.23218124507831261,
            "brake": 0.21682428468240636,
            "steer": 0.0
        },
        {
            "throttle": 0.23392665422781886,
            "brake": 0.19514185621416572,
            "steer": 0.0
        },
        {
            "throttle": 0.23548552667169992,
            "brake": 0.17562767059274914,
            "steer": 0.0
        },
        {
            "throttle": 0.23726025700285097,
            "brake": 0.15806490353347424,
            "steer": 0.0
        },
        {
            "throttle": 0.23960136317190917,
            "brake": 0.14225841318012683,
            "steer": 0.0
        },
        {
            "throttle": 0.24280102574258447,
            "brake": 0.12803257186211414,
            "steer": 0.0
        },
        {
            "throttle": 0.2470880021582207,
            "brake": 0.11522931467590274,
            "steer": 0.0
        },
        {
            "throttle": 0.25262412034377446,
            "brake": 0.10370638320831246,
            "steer": 0.0
        },
        {
            "throttle": 0.22736170830939703,
            "brake": 0.17333574488748124,
            "steer": 0.0
        },
        {
            "throttle": 0.20462553747845733,
            "brake": 0.23600217039873314,
            "steer": 0.0
        },
        {
            "throttle": 0.1841629837306116,
            "brake": 0.2924019533588599,
            "steer": 0.0
        },
        {
            "throttle": 0.16574668535755044,
            "brake": 0.34316175802297394,
            "steer": 0.0
        },
        {
            "throttle": 0.1491720168217954,
            "brake": 0.38884558222067656,
            "steer": 0.0
        },
        {
            "throttle": 0.13425481513961587,
            "brake": 0.4299610239986089,
            "steer": 0.0
        },
        {
            "throttle": 0.12082933362565429,
            "brake": 0.46696492159874803,
            "steer": 0.0
        },
        {
            "throttle": 0.10874640026308886,
            "brake": 0.5002684294388733,
            "steer": 0.0
        },
        {
            "throttle": 0.09787176023677997,
            "brake": 0.530241586494986,
            "steer": 0.0
        },
        {
            "throttle": 0.08808458421310197,
            "brake": 0.5572174278454873,
            "steer": 0.0
        },
        {
            "throttle": 0.07927612579179177,
            "brake": 0.5814956850609387,
            "steer": 0.0
        },
        {
            "throttle": 0.0713485132126126,
            "brake": 0.6033461165548448,
            "steer": 0.0
        },
        {
            "throttle": 0.06421366189135135,
            "brake": 0.6230115048993603,
            "steer": 0.0
        },
        {
            "throttle": 0.05779229570221621,
            "brake": 0.6407103544094244,
            "steer": 0.0
        },
        {
            "throttle": 0.05201306613199459,
            "brake": 0.656639318968482,
            "steer": 0.0
        },
        {
            "throttle": 0.04681175951879513,
            "brake": 0.670975387071634,
            "steer": 0.0
        },
        {
            "throttle": 0.04213058356691562,
            "brake": 0.6838778483644705,
            "steer": 0.0
        },
        {
            "throttle": 0.08160524314496816,
            "brake": 0.6154900635280235,
            "steer": 0.0
        },
        {
            "throttle": 0.11518813212871348,
            "brake": 0.5539410571752211,
            "steer": 0.0
        },
        {
            "throttle": 0.143326512317383,
            "brake": 0.498546951457699,
            "steer": 0.0
        },
        {
            "throttle": 0.16648822676966485,
            "brake": 0.4486922563119291,
            "steer": 0.0
        },
        {
            "throttle": 0.18516203982410034,
            "brake": 0.4038230306807362,
            "steer": 0.0
        },
        {
            "throttle": 0.19985582364842314,
            "brake": 0.3634407276126626,
            "steer": 0.0
        },
        {
            "throttle": 0.21109279794117675,
            "brake": 0.32709665485139633,
            "steer": 0.0
        },
        {
            "throttle": 0.2194060753679796,
            "brake": 0.2943869893662567,
            "steer": 0.0
        },
        {
            "throttle": 0.22533180486549942,
            "brake": 0.26494829042963103,
            "steer": 0.0
        },
        {
            "throttle": 0.22940123670059218,
            "brake": 0.23845346138666793,
            "steer": 0.0
        },
        {
            "throttle": 0.2321320560012407,
            "brake": 0.21460811524800114,
            "steer": 0.0
        },
        {
            "throttle": 0.23401934454386428,
            "brake": 0.19314730372320102,
            "steer": 0.0
        },
        {
            "throttle": 0.23552653336993373,
            "brake": 0.17383257335088093,
            "steer": 0.0
        },
        {
            "throttle": 0.2370767011280147,
            "brake": 0.15644931601579284,
            "steer": 0.0
        },
        {
            "throttle": 0.23904455504719946,
            "brake": 0.14080438441421356,
            "steer": 0.0
        },
        {
            "throttle": 0.2417494036279061,
            "brake": 0.1267239459727922,
            "steer": 0.0
        },
        {
            "throttle": 0.24544939328542845,
            "brake": 0.114051551375513,
            "steer": 0.0
        },
        {
            "throttle": 0.2209044539568856,
            "brake": 0.1826463962379617,
            "steer": 0.0
        },
        {
            "throttle": 0.19881400856119705,
            "brake": 0.24438175661416556,
            "steer": 0.0
        },
        {
            "throttle": 0.17893260770507735,
            "brake": 0.29994358095274903,
            "steer": 0.0
        },
        {
            "throttle": 0.16103934693456962,
            "brake": 0.34994922285747415,
            "steer": 0.0
        },
        {
            "throttle": 0.14493541224111267,
            "brake": 0.39495430057172676,
            "steer": 0.0
        },
        {
            "throttle": 0.13044187101700142,
            "brake": 0.4354588705145541,
            "steer": 0.0
        },
        {
            "throttle": 0.11739768391530128,
            "brake": 0.47191298346309873,
            "steer": 0.0
        },
        {
            "throttle": 0.10565791552377116,
            "brake": 0.5047216851167888,
            "steer": 0.0
        },
        {
            "throttle": 0.09509212397139405,
            "brake": 0.53424951660511,
            "steer": 0.0
        },
        {
            "throttle": 0.08558291157425464,
            "brake": 0.5608245649445991,
            "steer": 0.0
        },
        {
            "throttle": 0.07702462041682918,
            "brake": 0.5847421084501392,
            "steer": 0.0
        },
        {
            "throttle": 0.06932215837514627,
            "brake": 0.6062678976051252,
            "steer": 0.0
        },
        {
            "throttle": 0.062389942537631644,
            "brake": 0.6256411078446127,
            "steer": 0.0
        },
        {
            "throttle": 0.05615094828386848,
            "brake": 0.6430769970601515,
            "steer": 0.0
        },
        {
            "throttle": 0.05053585345548164,
            "brake": 0.6587692973541364,
            "steer": 0.0
        },
        {
            "throttle": 0.04548226810993347,
            "brake": 0.6728923676187228,
            "steer": 0.0
        },
        {
            "throttle": 0.04093404129894013,
            "brake": 0.6856031308568507,
            "steer": 0.0
        },
        {
            "throttle": 0.0829963626122138,
            "brake": 0.6170428177711657,
            "steer": 0.0
        },
        {
            "throttle": 0.11922446114098581,
            "brake": 0.5553385359940491,
            "steer": 0.0
        },
        {
            "throttle": 0.1499726829540193,
            "brake": 0.49980468239464426,
            "steer": 0.0
        },
        {
            "throttle": 0.1756180735007843,
            "brake": 0.44982421415517987,
            "steer": 0.0
        },
        {
            "throttle": 0.1965634588824447,
            "brake": 0.40484179273966187,
            "steer": 0.0
        },
        {
            "throttle": 0.21323823164262157,
            "brake": 0.3643576134656957,
            "steer": 0.0
        },
        {
            "throttle": 0.2260969653231451,
            "brake": 0.3279218521191261,
            "steer": 0.0
        },
        {
            "throttle": 0.23561603511440068,
            "brake": 0.2951296669072135,
            "steer": 0.0
        },
        {
            "throttle": 0.24228847095154468,
            "brake": 0.26561670021649214,
            "steer": 0.0
        },
        {
            "throttle": 0.24661731268338355,
            "brake": 0.23905503019484292,
            "steer": 0.0
        },
        {
            "throttle": 0.2491077729814132,
            "brake": 0.21514952717535862,
            "steer": 0.0
        },
        {
            "throttle": 0.2502585412136137,
            "brake": 0.19363457445782276,
            "steer": 0.0
        },
        {
            "throttle": 0.25055257960992716,
            "brake": 0.17427111701204048,
            "steer": 0.0
        },
        {
            "throttle": 0.2504477710295818,
            "brake": 0.15684400531083645,
            "steer": 0.0
        },
        {
            "throttle": 0.2503677751667573,
            "brake": 0.1411596047797528,
            "steer": 0.0
        },
        {
            "throttle": 0.22533099765008158,
            "brake": 0.20704364430177755,
            "steer": 0.0
        },
        {
            "throttle": 0.20279789788507344,
            "brake": 0.2663392798715998,
            "steer": 0.0
        },
        {
            "throttle": 0.1825181080965661,
            "brake": 0.3197053518844398,
            "steer": 0.0
        },
        {
            "throttle": 0.1642662972869095,
            "brake": 0.3677348166959959,
            "steer": 0.0
        },
        {
            "throttle": 0.14783966755821856,
            "brake": 0.4109613350263963,
            "steer": 0.0
        },
        {
            "throttle": 0.1330557008023967,
            "brake": 0.4498652015237567,
            "steer": 0.0
        },
        {
            "throttle": 0.11975013072215704,
            "brake": 0.48487868137138107,
            "steer": 0.0
        },
        {
            "throttle": 0.10777511764994134,
            "brake": 0.516390813234243,
            "steer": 0.0
        },
        {
            "throttle": 0.09699760588494721,
            "brake": 0.5447517319108187,
            "steer": 0.0
        },
        {
            "throttle": 0.0872978452964525,
            "brake": 0.5702765587197369,
            "steer": 0.0
        },
        {
            "throttle": 0.07856806076680725,
            "brake": 0.5932489028477632,
            "steer": 0.0
        },
        {
            "throttle": 0.07071125469012653,
            "brake": 0.613924012562987,
            "steer": 0.0
        },
        {
            "throttle": 0.06364012922111388,
            "brake": 0.6325316113066883,
            "steer": 0.0
        },
        {
            "throttle": 0.05727611629900249,
            "brake": 0.6492784501760196,
            "steer": 0.0
        },
        {
            "throttle": 0.05154850466910224,
            "brake": 0.6643506051584176,
            "steer": 0.0
        },
        {
            "throttle": 0.04639365420219202,
            "brake": 0.677915544642576,
            "steer": 0.0
        },
        {
            "throttle": 0.04175428878197282,
            "brake": 0.6901239901783185,
            "steer": 0.0
        },
        {
            "throttle": 0.08696506600598769,
            "brake": 0.6211115911604866,
            "steer": 0.0
        },
        {
            "throttle": 0.12715634843542895,
            "brake": 0.559000432044438,
            "steer": 0.0
        },
        {
            "throttle": 0.1624645213416421,
            "brake": 0.5031003888399942,
            "steer": 0.0
        },
        {
            "throttle": 0.19303937770935023,
            "brake": 0.45279034995599476,
            "steer": 0.0
        },
        {
            "throttle": 0.21905337449858353,
            "brake": 0.4075113149603953,
            "steer": 0.0
        },
        {
            "throttle": 0.1971480370487252,
            "brake": 0.44676018346435575,
            "steer": 0.0
        },
        {
            "throttle": 0.17743323334385266,
            "brake": 0.4820841651179202,
            "steer": 0.0
        },
        {
            "throttle": 0.1596899100094674,
            "brake": 0.5138757486061282,
            "steer": 0.0
        },
        {
            "throttle": 0.14372091900852066,
            "brake": 0.5424881737455154,
            "steer": 0.0
        },
        {
            "throttle": 0.1293488271076686,
            "brake": 0.5682393563709639,
            "steer": 0.0
        },
        {
            "throttle": 0.11641394439690174,
            "brake": 0.5914154207338675,
            "steer": 0.0
        },
        {
            "throttle": 0.10477254995721157,
            "brake": 0.6122738786604809,
            "steer": 0.0
        },
        {
            "throttle": 0.09429529496149042,
            "brake": 0.6310464907944329,
            "steer": 0.0
        }
    ],
    "parameters": {
        "cloudiness": 3.4787702598432593,
        "fog_density": 11.691232837865302,
        "initial_distance": 33.06042073893058,
        "initial_ego_velocity": 20.0,
        "initial_lead_velocity": 25.0,
        "lead_base_throttle": 0.3720998736262668,
        "lead_behavior_frequency": 0.28196130958509436,
        "lead_brake_duration": 17.42949295052796,
        "lead_brake_intensity": 0.8,
        "lead_brake_probability": 0.29817665079738936,
        "lead_throttle_variation": 0.12300865853743347,
        "precipitation": 99.3830797173361,
        "precipitation_deposits": 14.119394030056782,
        "sun_altitude_angle": 86.19019636278702,
        "wind_intensity": 18.502327852261807
    },
    "config": {
        "num_timesteps": 200,
        "dt": 0.1,
        "seed": 60
    }
}