{
    "weather": {
        "cloudiness": 2.5106098928586285,
        "precipitation": 35.824060360161944,
        "precipitation_deposits": 59.64741122515809,
        "wind_intensity": 34.723299867203345,
        "sun_altitude_angle": 9.406914389038185,
        "fog_density": 21.288481663007126,
        "fog_distance": 491.83299782131354,
        "wetness": 17.912030180080972
    },
    "initial_conditions": {
        "ego": {
            "position": {
                "x": 520.003562326053,
                "y": 20.57,
                "z": 0.294
            },
            "yaw": 0.0,
            "velocity": 14.173812739494284
        },
        "lead": {
            "position": {
                "x": 484.88,
                "y": 20.57,
                "z": 0.294
            },
            "yaw": 0.0,
            "velocity": 6.382934708579979
        }
    },
    "ego": {
        "position": {
            "x": 520.003562326053,
            "y": 20.57,
            "z": 0.294
        },
        "yaw": 0.0,
        "velocity": 14.173812739494284
    },
    "lead": {
        "position": {
            "x": 484.88,
            "y": 20.57,
            "z": 0.294
        },
        "yaw": 0.0,
        "velocity": 6.382934708579979
    },
    "ado_actions": [
        {
            "throttle": 0.3343661023904253,
            "brake": 0.0,
            "steer": 0.0
        },
        {
            "throttle": 0.3349115796498931,
            "brake": 0.0,
            "steer": 0.0
        },
        {
            "throttle": 0.3359402833943483,
            "brake": 0.0,
            "steer": 0.0
        },
        {
            "throttle": 0.3373885936581156,
            "brake": 0.0,
            "steer": 0.0
        },
        {
            "throttle": 0.3391918742270723,
            "brake": 0.0,
            "steer": 0.0
        },
        {
            "throttle": 0.341284894480245,
            "brake": 0.0,
            "steer": 0.0
        },
        {
            "throttle": 0.3436023087183749,
            "brake": 0.0,
            "steer": 0.0
        },
        {
            "throttle": 0.34607918130123866,
            "brake": 0.0,
            "steer": 0.0
        },
        {
            "throttle": 0.3486515457595445,
            "brake": 0.0,
            "steer": 0.0
        },
        {
            "throttle": 0.3512569860092809,
            "brake": 0.0,
            "steer": 0.0
        },
        {
            "throttle": 0.353835227881927,
            "brake": 0.0,
            "steer": 0.0
        },
        {
            "throttle": 0.3563287293961419,
            "brake": 0.0,
            "steer": 0.0
        },
        {
            "throttle": 0.35868325853642363,
            "brake": 0.0,
            "steer": 0.0
        },
        {
            "throttle": 0.360848447770538,
            "brake": 0.0,
            "steer": 0.0
        },
        {
            "throttle": 0.36277831512690567,
            "brake": 0.0,
            "steer": 0.0
        },
        {
            "throttle": 0.36443174236017617,
            "brake": 0.0,
            "steer": 0.0
        },
        {
            "throttle": 0.36577290155053055,
            "brake": 0.0,
            "steer": 0.0
        },
        {
            "throttle": 0.366771622400655,
            "brake": 0.0,
            "steer": 0.0
        },
        {
            "throttle": 0.36740369350294966,
            "brake": 0.0,
            "steer": 0.0
        },
        {
            "throttle": 0.3676510919360484,
            "brake": 0.0,
            "steer": 0.0
        },
        {
            "throttle": 0.36750213670048554,
            "brake": 0.0,
            "steer": 0.0
        },
        {
            "throttle": 0.36695156270365376,
            "brake": 0.0,
            "steer": 0.0
        },
        {
            "throttle": 0.3660005132384815,
            "brake": 0.0,
            "steer": 0.0
        },
        {
            "throttle": 0.32940046191463335,
            "brake": 0.06590570298407025,
            "steer": 0.0
        },
        {
            "throttle": 0.29646041572317,
            "brake": 0.12522083566973347,
            "steer": 0.0
        },
        {
            "throttle": 0.266814374150853,
            "brake": 0.17860445508683037,
            "steer": 0.0
        },
        {
            "throttle": 0.24013293673576772,
            "brake": 0.22664971256221758,
            "steer": 0.0
        },
        {
            "throttle": 0.21611964306219095,
            "brake": 0.2698904442900661,
            "steer": 0.0
        },
        {
            "throttle": 0.19450767875597186,
            "brake": 0.30880710284512974,
            "steer": 0.0
        },
        {
            "throttle": 0.17505691088037467,
            "brake": 0.3438320955446871,
            "steer": 0.0
        },
        {
            "throttle": 0.15755121979233722,
            "brake": 0.37535458897428864,
            "steer": 0.0
        },
        {
            "throttle": 0.1417960978131035,
            "brake": 0.40372483306093,
            "steer": 0.0
        },
        {
            "throttle": 0.12761648803179315,
            "brake": 0.42925805273890727,
            "steer": 0.0
        },
        {
            "throttle": 0.11485483922861384,
            "brake": 0.45223795044908677,
            "steer": 0.0
        },
        {
            "throttle": 0.10336935530575246,
            "brake": 0.47291985838824835,
            "steer": 0.0
        },
        {
            "throttle": 0.09303241977517722,
            "brake": 0.49153357553349375,
            "steer": 0.0
        },
        {
            "throttle": 0.0837291777976595,
            "brake": 0.5082859209642147,
            "steer": 0.0
        },
        {
            "throttle": 0.07535626001789354,
            "brake": 0.5233630318518635,
            "steer": 0.0
        },
        {
            "throttle": 0.06782063401610419,
            "brake": 0.5369324316507474,
            "steer": 0.0
        },
        {
            "throttle": 0.061038570614493776,
            "brake": 0.549144891469743,
            "steer": 0.0
        },
        {
            "throttle": 0.0549347135530444,
            "brake": 0.560136105306839,
            "steer": 0.0
        },
        {
            "throttle": 0.04944124219773996,
            "brake": 0.5700281977602254,
            "steer": 0.0
        },
        {
            "throttle": 0.04449711797796597,
            "brake": 0.5789310809682732,
            "steer": 0.0
        },
        {
            "throttle": 0.04004740618016937,
            "brake": 0.5869436758555161,
            "steer": 0.0
        },
        {
            "throttle": 0.03604266556215244,
            "brake": 0.5941550112540348,
            "steer": 0.0
        },
        {
            "throttle": 0.032438399005937195,
            "brake": 0.6006452131127016,
            "steer": 0.0
        },
        {
            "throttle": 0.029194559105343475,
            "brake": 0.6064863947855017,
            "steer": 0.0
        },
        {
            "throttle": 0.026275103194809128,
            "brake": 0.6117434582910218,
            "steer": 0.0
        },
        {
            "throttle": 0.023647592875328215,
            "brake": 0.6164748154459899,
            "steer": 0.0
        },
        {
            "throttle": 0.021282833587795393,
            "brake": 0.6207330368854612,
            "steer": 0.0
        },
        {
            "throttle": 0.05106655096340739,
            "brake": 0.5586597331969151,
            "steer": 0.0
        },
        {
            "throttle": 0.07839728423464314,
            "brake": 0.5027937598772236,
            "steer": 0.0
        },
        {
            "throttle": 0.10353444249105331,
            "brake": 0.45251438388950127,
            "steer": 0.0
        },
        {
            "throttle": 0.12670387529740432,
            "brake": 0.40726294550055114,
            "steer": 0.0
        },
        {
            "throttle": 0.148101136967397,
            "brake": 0.36653665095049603,
            "steer": 0.0
        },
        {
            "throttle": 0.16789453329223075,
            "brake": 0.32988298585544645,
            "steer": 0.0
        },
        {
            "throttle": 0.18622797223558693,
            "brake": 0.2968946872699018,
            "steer": 0.0
        },
        {
            "throttle": 0.2032236364212802,
            "brake": 0.2672052185429116,
            "steer": 0.0
        },
        {
            "throttle": 0.21898449194812997,
            "brake": 0.24048469668862046,
            "steer": 0.0
        },
        {
            "throttle": 0.23359664515048315,
            "brake": 0.21643622701975843,
            "steer": 0.0
        },
        {
            "throttle": 0.2471315563653717,
            "brake": 0.19479260431778259,
            "steer": 0.0
        },
        {
            "throttle": 0.2596481175523574,
            "brake": 0.17531334388600434,
            "steer": 0.0
        },
        {
            "throttle": 0.27119459872392787,
            "brake": 0.1577820094974039,
            "steer": 0.0
        },
        {
            "throttle": 0.28181046656719144,
            "brake": 0.1420038085476635,
            "steer": 0.0
        },
        {
            "throttle": 0.2915280773557299,
            "brake": 0.12780342769289715,
            "steer": 0.0
        },
        {
            "throttle": 0.3003742452476184,
            "brake": 0.11502308492360744,
            "steer": 0.0
        },
        {
            "throttle": 0.308371686325103,
            "brake": 0.1035207764312467,
            "steer": 0.0
        },
        {
            "throttle": 0.3155403382359113,
            "brake": 0.09316869878812203,
            "steer": 0.0
        },
        {
            "throttle": 0.3218985550276655,
            "brake": 0.08385182890930984,
            "steer": 0.0
        },
        {
            "throttle": 0.3274641767066444,
            "brake": 0.07546664601837885,
            "steer": 0.0
        },
        {
            "throttle": 0.3322554731808144,
            "brake": 0.06791998141654097,
            "steer": 0.0
        },
        {
            "throttle": 0.33629196254456495,
            "brake": 0.061127983274886874,
            "steer": 0.0
        },
        {
            "throttle": 0.33959510410834,
            "brake": 0.05501518494739819,
            "steer": 0.0
        },
        {
            "throttle": 0.34218886714929403,
            "brake": 0.049513666452658374,
            "steer": 0.0
        },
        {
            "throttle": 0.30796998043436463,
            "brake": 0.1104680027914628,
            "steer": 0.0
        },
        {
            "throttle": 0.2771729823909282,
            "brake": 0.1653269054963868,
            "steer": 0.0
        },
        {
            "throttle": 0.2494556841518354,
            "brake": 0.21469991793081836,
            "steer": 0.0
        },
        {
            "throttle": 0.22451011573665186,
            "brake": 0.25913562912180677,
            "steer": 0.0
        },
        {
            "throttle": 0.20205910416298667,
            "brake": 0.2991277691936963,
            "steer": 0.0
        },
        {
            "throttle": 0.181853193746688,
            "brake": 0.33512069525839694,
            "steer": 0.0
        },
        {
            "throttle": 0.1636678743720192,
            "brake": 0.3675143287166275,
            "steer": 0.0
        },
        {
            "throttle": 0.1473010869348173,
            "brake": 0.39666859882903505,
            "steer": 0.0
        },
        {
            "throttle": 0.13257097824133557,
            "brake": 0.4229074419302018,
            "steer": 0.0
        },
        {
            "throttle": 0.11931388041720202,
            "brake": 0.44652240072125193,
            "steer": 0.0
        },
        {
            "throttle": 0.10738249237548182,
            "brake": 0.467775863633197,
            "steer": 0.0
        },
        {
            "throttle": 0.09664424313793364,
            "brake": 0.48690398025394754,
            "steer": 0.0
        },
        {
            "throttle": 0.08697981882414028,
            "brake": 0.5041192852126231,
            "steer": 0.0
        },
        {
            "throttle": 0.07828183694172626,
            "brake": 0.519613059675431,
            "steer": 0.0
        },
        {
            "throttle": 0.07045365324755364,
            "brake": 0.5335574566919582,
            "steer": 0.0
        },
        {
            "throttle": 0.06340828792279828,
            "brake": 0.5461074140068326,
            "steer": 0.0
        },
        {
            "throttle": 0.05706745913051845,
            "brake": 0.5574023755902197,
            "steer": 0.0
        },
        {
            "throttle": 0.05136071321746661,
            "brake": 0.567567841015268,
            "steer": 0.0
        },
        {
            "throttle": 0.046224641895719946,
            "brake": 0.5767167598978116,
            "steer": 0.0
        },
        {
            "throttle": 0.04160217770614795,
            "brake": 0.5849507868921007,
            "steer": 0.0
        },
        {
            "throttle": 0.037441959935533155,
            "brake": 0.592361411186961,
            "steer": 0.0
        },
        {
            "throttle": 0.03369776394197984,
            "brake": 0.5990309730523351,
            "steer": 0.0
        },
        {
            "throttle": 0.030327987547781855,
            "brake": 0.6050335787311719,
            "steer": 0.0
        },
        {
            "throttle": 0.02729518879300367,
            "brake": 0.610435923842125,
            "steer": 0.0
        },
        {
            "throttle": 0.024565669913703306,
            "brake": 0.6152980344419827,
            "steer": 0.0
        },
        {
            "throttle": 0.022109102922332976,
            "brake": 0.6196739339818548,
            "steer": 0.0
        },
        {
            "throttle": 0.01989819263009968,
            "brake": 0.6236122435677396,
            "steer": 0.0
        },
        {
            "throttle": 0.048914103546073034,
            "brake": 0.5612510192109657,
            "steer": 0.0
        },
        {
            "throttle": 0.07550861289506502,
            "brake": 0.5051259172898691,
            "steer": 0.0
        },
        {
            "throttle": 0.0999514078370776,
            "brake": 0.4546133255608822,
            "steer": 0.0
        },
        {
            "throttle": 0.12247803672964416,
            "brake": 0.409151993004794,
            "steer": 0.0
        },
        {
            "throttle": 0.14329303525203055,
            "brake": 0.3682367937043146,
            "steer": 0.0
        },
        {
            "throttle": 0.16257284523418855,
            "brake": 0.33141311433388315,
            "steer": 0.0
        },
        {
            "throttle": 0.18046854949632843,
            "brake": 0.2982718029004948,
            "steer": 0.0
        },
        {
            "throttle": 0.19710844215075266,
            "brake": 0.2684446226104453,
            "steer": 0.0
        },
        {
            "throttle": 0.1773975979356774,
            "brake": 0.3075058633334711,
            "steer": 0.0
        },
        {
            "throttle": 0.15965783814210965,
            "brake": 0.3426609799841942,
            "steer": 0.0
        },
        {
            "throttle": 0.1436920543278987,
            "brake": 0.3743005849698451,
            "steer": 0.0
        },
        {
            "throttle": 0.12932284889510884,
            "brake": 0.4027762294569308,
            "steer": 0.0
        },
        {
            "throttle": 0.11639056400559795,
            "brake": 0.42840430949530794,
            "steer": 0.0
        },
        {
            "throttle": 0.10475150760503817,
            "brake": 0.4514695815298474,
            "steer": 0.0
        },
        {
            "throttle": 0.09427635684453435,
            "brake": 0.4722283263609329,
            "steer": 0.0
        },
        {
            "throttle": 0.08484872116008092,
            "brake": 0.4909111967089099,
            "steer": 0.0
        },
        {
            "throttle": 0.07636384904407283,
            "brake": 0.5077257800220892,
            "steer": 0.0
        },
        {
            "throttle": 0.06872746413966555,
            "brake": 0.5228589050039506,
            "steer": 0.0
        },
        {
            "throttle": 0.06185471772569899,
            "brake": 0.5364787174876258,
            "steer": 0.0
        },
        {
            "throttle": 0.055669245953129096,
            "brake": 0.5487365487229334,
            "steer": 0.0
        },
        {
            "throttle": 0.050102321357816185,
            "brake": 0.5597685968347104,
            "steer": 0.0
        },
        {
            "throttle": 0.045092089222034566,
            "brake": 0.5696974401353097,
            "steer": 0.0
        },
        {
            "throttle": 0.04058288029983111,
            "brake": 0.578633399105849,
            "steer": 0.0
        },
        {
            "throttle": 0.036524592269848,
            "brake": 0.5866757621793344,
            "steer": 0.0
        },
        {
            "throttle": 0.032872133042863204,
            "brake": 0.5939138889454713,
            "steer": 0.0
        },
        {
            "throttle": 0.029584919738576885,
            "brake": 0.6004282030349944,
            "steer": 0.0
        },
        {
            "throttle": 0.026626427764719195,
            "brake": 0.6062910857155653,
            "steer": 0.0
        },
        {
            "throttle": 0.023963784988247278,
            "brake": 0.611567680128079,
            "steer": 0.0
        },
        {
            "throttle": 0.021567406489422552,
            "brake": 0.6163166150993414,
            "steer": 0.0
        },
        {
            "throttle": 0.019410665840480297,
            "brake": 0.6205906565734776,
            "steer": 0.0
        },
        {
            "throttle": 0.017469599256432267,
            "brake": 0.6244372939002001,
            "steer": 0.0
        },
        {
            "throttle": 0.015722639330789042,
            "brake": 0.6278992674942504,
            "steer": 0.0
        },
        {
            "throttle": 0.014150375397710139,
            "brake": 0.6310150437288956,
            "steer": 0.0
        },
        {
            "throttle": 0.012735337857939125,
            "brake": 0.6338192423400764,
            "steer": 0.0
        },
        {
            "throttle": 0.011461804072145212,
            "brake": 0.6363430210901391,
            "steer": 0.0
        },
        {
            "throttle": 0.041698166869007534,
            "brake": 0.5727087189811252,
            "steer": 0.0
        },
        {
            "throttle": 0.06843736630922398,
            "brake": 0.5154378470830127,
            "steer": 0.0
        },
        {
            "throttle": 0.09206481257229895,
            "brake": 0.4638940623747114,
            "steer": 0.0
        },
        {
            "throttle": 0.11293355775516242,
            "brake": 0.4175046561372403,
            "steer": 0.0
        },
        {
            "throttle": 0.1313669403104718,
            "brake": 0.3757541905235163,
            "steer": 0.0
        },
        {
            "throttle": 0.1476608860788553,
            "brake": 0.33817877147116465,
            "steer": 0.0
        },
        {
            "throttle": 0.16208590972191128,
            "brake": 0.30436089432404817,
            "steer": 0.0
        },
        {
            "throttle": 0.1748888569634956,
            "brake": 0.27392480489164334,
            "steer": 0.0
        },
        {
            "throttle": 0.1862944248399384,
            "brake": 0.24653232440247902,
            "steer": 0.0
        },
        {
            "throttle": 0.19650649411431612,
            "brake": 0.22187909196223113,
            "steer": 0.0
        },
        {
            "throttle": 0.20570930510010219,
            "brake": 0.19969118276600803,
            "steer": 0.0
        },
        {
            "throttle": 0.21406850534471683,
            "brake": 0.17972206448940722,
            "steer": 0.0
        },
        {
            "throttle": 0.22173209492753726,
            "brake": 0.16174985804046652,
            "steer": 0.0
        },
        {
            "throttle": 0.19955888543478353,
            "brake": 0.21148057522049013,
            "steer": 0.0
        },
        {
            "throttle": 0.17960299689130518,
            "brake": 0.25623822068251134,
            "steer": 0.0
        },
        {
            "throttle": 0.16164269720217467,
            "brake": 0.2965201015983305,
            "steer": 0.0
        },
        {
            "throttle": 0.14547842748195722,
            "brake": 0.3327737944225677,
            "steer": 0.0
        },
        {
            "throttle": 0.1309305847337615,
            "brake": 0.36540211796438116,
            "steer": 0.0
        },
        {
            "throttle": 0.11783752626038536,
            "brake": 0.39476760915201325,
            "steer": 0.0
        },
        {
            "throttle": 0.10605377363434683,
            "brake": 0.4211965512208822,
            "steer": 0.0
        },
        {
            "throttle": 0.09544839627091214,
            "brake": 0.4449825990828642,
            "steer": 0.0
        },
        {
            "throttle": 0.08590355664382093,
            "brake": 0.466390042158648,
            "steer": 0.0
        },
        {
            "throttle": 0.07731320097943885,
            "brake": 0.4856567409268534,
            "steer": 0.0
        },
        {
            "throttle": 0.06958188088149496,
            "brake": 0.5029967698182384,
            "steer": 0.0
        },
        {
            "throttle": 0.06262369279334547,
            "brake": 0.5186027958204849,
            "steer": 0.0
        },
        {
            "throttle": 0.05636132351401092,
            "brake": 0.5326482192225066,
            "steer": 0.0
        },
        {
            "throttle": 0.05072519116260983,
            "brake": 0.5452891002843262,
            "steer": 0.0
        },
        {
            "throttle": 0.04565267204634885,
            "brake": 0.5566658932399638,
            "steer": 0.0
        },
        {
            "throttle": 0.04108740484171396,
            "brake": 0.5669050069000378,
            "steer": 0.0
        },
        {
            "throttle": 0.036978664357542566,
            "brake": 0.5761202091941042,
            "steer": 0.0
        },
        {
            "throttle": 0.03328079792178831,
            "brake": 0.5844138912587641,
            "steer": 0.0
        },
        {
            "throttle": 0.029952718129609483,
            "brake": 0.591878205116958,
            "steer": 0.0
        },
        {
            "throttle": 0.026957446316648533,
            "brake": 0.5985960875893325,
            "steer": 0.0
        },
        {
            "throttle": 0.02426170168498368,
            "brake": 0.6046421818144695,
            "steer": 0.0
        },
        {
            "throttle": 0.021835531516485315,
            "brake": 0.6100836666170928,
            "steer": 0.0
        },
        {
            "throttle": 0.019651978364836783,
            "brake": 0.6149810029394538,
            "steer": 0.0
        },
        {
            "throttle": 0.017686780528353103,
            "brake": 0.6193886056295788,
            "steer": 0.0
        },
        {
            "throttle": 0.015918102475517795,
            "brake": 0.6233554480506912,
            "steer": 0.0
        },
        {
            "throttle": 0.014326292227966017,
            "brake": 0.6269256062296924,
            "steer": 0.0
        },
        {
            "throttle": 0.012893663005169415,
            "brake": 0.6301387485907934,
            "steer": 0.0
        },
        {
            "throttle": 0.04906110055219371,
            "brake": 0.5671248737317142,
            "steer": 0.0
        },
        {
            "throttle": 0.08131861148145203,
            "brake": 0.5104123863585428,
            "steer": 0.0
        },
        {
            "throttle": 0.11000455684788613,
            "brake": 0.45937114772268856,
            "steer": 0.0
        },
        {
            "throttle": 0.1354283450779338,
            "brake": 0.4134340329504197,
            "steer": 0.0
        },
        {
            "throttle": 0.1578740015155967,
            "brake": 0.37209062965537776,
            "steer": 0.0
        },
        {
            "throttle": 0.17760330252905931,
            "brake": 0.33488156668984,
            "steer": 0.0
        },
        {
            "throttle": 0.19485850930813728,
            "brake": 0.301393410020856,
            "steer": 0.0
        },
        {
            "throttle": 0.2098647341969572,
            "brake": 0.2712540690187704,
            "steer": 0.0
        },
        {
            "throttle": 0.2228319704504678,
            "brake": 0.24412866211689338,
            "steer": 0.0
        },
        {
            "throttle": 0.23395681462588205,
            "brake": 0.21971579590520404,
            "steer": 0.0
        },
        {
            "throttle": 0.24342390937319328,
            "brake": 0.19774421631468364,
            "steer": 0.0
        },
        {
            "throttle": 0.25140713312862056,
            "brake": 0.17796979468321528,
            "steer": 0.0
        },
        {
            "throttle": 0.25807056210114615,
            "brake": 0.16017281521489377,
            "steer": 0.0
        },
        {
            "throttle": 0.2635692289388458,
            "brake": 0.1441555336934044,
            "steer": 0.0
        },
        {
            "throttle": 0.268049701535779,
            "brake": 0.12973998032406395,
            "steer": 0.0
        },
        {
            "throttle": 0.27165050456268025,
            "brake": 0.11676598229165755,
            "steer": 0.0
        },
        {
            "throttle": 0.2745024054499997,
            "brake": 0.1050893840624918,
            "steer": 0.0
        },
        {
            "throttle": 0.27672858569787323,
            "brake": 0.09458044565624261,
            "steer": 0.0
        },
        {
            "throttle": 0.2784447175156629,
            "brake": 0.08512240109061836,
            "steer": 0.0
        },
        {
            "throttle": 0.2797589648884322,
            "brake": 0.07661016098155653,
            "steer": 0.0
        },
        {
            "throttle": 0.2807719272169723,
            "brake": 0.06894914488340087,
            "steer": 0.0
        },
        {
            "throttle": 0.2815765426727859,
            "brake": 0.062054230395060785,
            "steer": 0.0
        },
        {
            "throttle": 0.28225796734377673,
            "brake": 0.055848807355554704,
            "steer": 0.0
        },
        {
            "throttle": 0.2828934451171707,
            "brake": 0.05026392661999923,
            "steer": 0.0
        }
    ],
    "parameters": {
        "cloudiness": 2.5106098928586285,
        "fog_density": 21.288481663007126,
        "initial_distance": 35.123562326053005,
        "initial_ego_velocity": 14.173812739494284,
        "initial_lead_velocity": 6.382934708579979,
        "lead_base_throttle": 0.3343661023904253,
        "lead_behavior_frequency": 0.18924263884147585,
        "lead_brake_duration": 27.491495590691272,
        "lead_brake_intensity": 0.6590570298407025,
        "lead_brake_probability": 0.2647497385393399,
        "lead_throttle_variation": 0.045983458736800126,
        "precipitation": 35.824060360161944,
        "precipitation_deposits": 59.64741122515809,
        "sun_altitude_angle": 9.406914389038185,
        "wind_intensity": 34.723299867203345
    },
    "config": {
        "num_timesteps": 200,
        "dt": 0.1,
        "seed": 56
    }
}