{
    "weather": {
        "cloudiness": 77.96683521422544,
        "precipitation": 3.6159092500664847,
        "precipitation_deposits": 5.112914953297787,
        "wind_intensity": 36.510744650544,
        "sun_altitude_angle": 66.8424146496327,
        "fog_density": 3.7914127428390554,
        "fog_distance": 881.2795224526516,
        "wetness": 1.8079546250332423
    },
    "initial_conditions": {
        "ego": {
            "position": {
                "x": 535.3606933983955,
                "y": 20.57,
                "z": 0.294
            },
            "yaw": 0.0,
            "velocity": 14.399957681090786
        },
        "lead": {
            "position": {
                "x": 484.88,
                "y": 20.57,
                "z": 0.294
            },
            "yaw": 0.0,
            "velocity": 22.73670893138798
        }
    },
    "ego": {
        "position": {
            "x": 535.3606933983955,
            "y": 20.57,
            "z": 0.294
        },
        "yaw": 0.0,
        "velocity": 14.399957681090786
    },
    "lead": {
        "position": {
            "x": 484.88,
            "y": 20.57,
            "z": 0.294
        },
        "yaw": 0.0,
        "velocity": 22.73670893138798
    },
    "ado_actions": [
        {
            "throttle": 0.20180751420972093,
            "brake": 0.0,
            "steer": 0.0
        },
        {
            "throttle": 0.20417078637941968,
            "brake": 0.0,
            "steer": 0.0
        },
        {
            "throttle": 0.20865258055933236,
            "brake": 0.0,
            "steer": 0.0
        },
        {
            "throttle": 0.21502422868363197,
            "brake": 0.0,
            "steer": 0.0
        },
        {
            "throttle": 0.22307159650423702,
            "brake": 0.0,
            "steer": 0.0
        },
        {
            "throttle": 0.23259371984211066,
            "brake": 0.0,
            "steer": 0.0
        },
        {
            "throttle": 0.2434016065935888,
            "brake": 0.0,
            "steer": 0.0
        },
        {
            "throttle": 0.2553171874920589,
            "brake": 0.0,
            "steer": 0.0
        },
        {
            "throttle": 0.2681724002220771,
            "brake": 0.0,
            "steer": 0.0
        },
        {
            "throttle": 0.2818083929219802,
            "brake": 0.0,
            "steer": 0.0
        },
        {
            "throttle": 0.29607483440836113,
            "brake": 0.0,
            "steer": 0.0
        },
        {
            "throttle": 0.310829319625953,
            "brake": 0.0,
            "steer": 0.0
        },
        {
            "throttle": 0.2797463876633577,
            "brake": 0.06612566247050754,
            "steer": 0.0
        },
        {
            "throttle": 0.2517717488970219,
            "brake": 0.12563875869396432,
            "steer": 0.0
        },
        {
            "throttle": 0.22659457400731972,
            "brake": 0.17920054529507543,
            "steer": 0.0
        },
        {
            "throttle": 0.20393511660658775,
            "brake": 0.22740615323607544,
            "steer": 0.0
        },
        {
            "throttle": 0.18354160494592897,
            "brake": 0.27079120038297544,
            "steer": 0.0
        },
        {
            "throttle": 0.16518744445133607,
            "brake": 0.30983774281518545,
            "steer": 0.0
        },
        {
            "throttle": 0.14866870000620247,
            "brake": 0.34497963100417445,
            "steer": 0.0
        },
        {
            "throttle": 0.18987554061075376,
            "brake": 0.31048166790375703,
            "steer": 0.0
        },
        {
            "throttle": 0.22789648239766416,
            "brake": 0.27943350111338133,
            "steer": 0.0
        },
        {
            "throttle": 0.2629188574197261,
            "brake": 0.2514901510020432,
            "steer": 0.0
        },
        {
            "throttle": 0.29510840067097743,
            "brake": 0.22634113590183888,
            "steer": 0.0
        },
        {
            "throttle": 0.3246118878159025,
            "brake": 0.203707022311655,
            "steer": 0.0
        },
        {
            "throttle": 0.35155951764905413,
            "brake": 0.1833363200804895,
            "steer": 0.0
        },
        {
            "throttle": 0.3760670630780246,
            "brake": 0.16500268807244056,
            "steer": 0.0
        },
        {
            "throttle": 0.3982378120192731,
            "brake": 0.1485024192651965,
            "steer": 0.0
        },
        {
            "throttle": 0.4181643174395071,
            "brake": 0.13365217733867685,
            "steer": 0.0
        },
        {
            "throttle": 0.3763478856955564,
            "brake": 0.1864126220753167,
            "steer": 0.0
        },
        {
            "throttle": 0.33871309712600073,
            "brake": 0.23389702233829257,
            "steer": 0.0
        },
        {
            "throttle": 0.3048417874134007,
            "brake": 0.2766329825749709,
            "steer": 0.0
        },
        {
            "throttle": 0.2743576086720606,
            "brake": 0.31509534678798135,
            "steer": 0.0
        },
        {
            "throttle": 0.24692184780485454,
            "brake": 0.34971147457969076,
            "steer": 0.0
        },
        {
            "throttle": 0.22222966302436908,
            "brake": 0.3808659895922292,
            "steer": 0.0
        },
        {
            "throttle": 0.2000066967219322,
            "brake": 0.4089050531035139,
            "steer": 0.0
        },
        {
            "throttle": 0.23457466823456227,
            "brake": 0.3680145477931625,
            "steer": 0.0
        },
        {
            "throttle": 0.26445231409748904,
            "brake": 0.33121309301384627,
            "steer": 0.0
        },
        {
            "throttle": 0.28999050135812676,
            "brake": 0.29809178371246164,
            "steer": 0.0
        },
        {
            "throttle": 0.3115098279341785,
            "brake": 0.2682826053412155,
            "steer": 0.0
        },
        {
            "throttle": 0.32930405351020947,
            "brake": 0.24145434480709396,
            "steer": 0.0
        },
        {
            "throttle": 0.3436431687343968,
            "brake": 0.21730891032638458,
            "steer": 0.0
        },
        {
            "throttle": 0.3547761375119276,
            "brake": 0.19557801929374613,
            "steer": 0.0
        },
        {
            "throttle": 0.3629333437830945,
            "brake": 0.1760202173643715,
            "steer": 0.0
        },
        {
            "throttle": 0.368328771111198,
            "brake": 0.15841819562793436,
            "steer": 0.0
        },
        {
            "throttle": 0.3711619406530904,
            "brake": 0.14257637606514093,
            "steer": 0.0
        },
        {
            "throttle": 0.33404574658778136,
            "brake": 0.1944444009291344,
            "steer": 0.0
        },
        {
            "throttle": 0.30064117192900325,
            "brake": 0.2411256233067285,
            "steer": 0.0
        },
        {
            "throttle": 0.27057705473610294,
            "brake": 0.28313872344656316,
            "steer": 0.0
        },
        {
            "throttle": 0.24351934926249266,
            "brake": 0.3209505135724144,
            "steer": 0.0
        },
        {
            "throttle": 0.2191674143362434,
            "brake": 0.3549811246856805,
            "steer": 0.0
        },
        {
            "throttle": 0.19725067290261905,
            "brake": 0.38560867468762,
            "steer": 0.0
        },
        {
            "throttle": 0.17752560561235714,
            "brake": 0.4131734696893656,
            "steer": 0.0
        },
        {
            "throttle": 0.18140795623045303,
            "brake": 0.371856122720429,
            "steer": 0.0
        },
        {
            "throttle": 0.1825378018692461,
            "brake": 0.33467051044838614,
            "steer": 0.0
        },
        {
            "throttle": 0.1811936367518926,
            "brake": 0.30120345940354754,
            "steer": 0.0
        },
        {
            "throttle": 0.17763452061685597,
            "brake": 0.2710831134631928,
            "steer": 0.0
        },
        {
            "throttle": 0.1721019806137153,
            "brake": 0.24397480211687353,
            "steer": 0.0
        },
        {
            "throttle": 0.16482169316579662,
            "brake": 0.21957732190518617,
            "steer": 0.0
        },
        {
            "throttle": 0.15600496805740888,
            "brake": 0.19761958971466756,
            "steer": 0.0
        },
        {
            "throttle": 0.14585005488314542,
            "brake": 0.1778576307432008,
            "steer": 0.0
        },
        {
            "throttle": 0.13454329008714333,
            "brake": 0.1600718676688807,
            "steer": 0.0
        },
        {
            "throttle": 0.1222601010999242,
            "brake": 0.14406468090199265,
            "steer": 0.0
        },
        {
            "throttle": 0.11003409098993179,
            "brake": 0.12965821281179338,
            "steer": 0.0
        },
        {
            "throttle": 0.09903068189093861,
            "brake": 0.11669239153061405,
            "steer": 0.0
        },
        {
            "throttle": 0.08912761370184476,
            "brake": 0.10502315237755264,
            "steer": 0.0
        },
        {
            "throttle": 0.08021485233166029,
            "brake": 0.09452083713979738,
            "steer": 0.0
        },
        {
            "throttle": 0.07219336709849426,
            "brake": 0.08506875342581764,
            "steer": 0.0
        },
        {
            "throttle": 0.06497403038864484,
            "brake": 0.07656187808323588,
            "steer": 0.0
        },
        {
            "throttle": 0.05847662734978036,
            "brake": 0.06890569027491229,
            "steer": 0.0
        },
        {
            "throttle": 0.05262896461480233,
            "brake": 0.06201512124742106,
            "steer": 0.0
        },
        {
            "throttle": 0.047366068153322095,
            "brake": 0.05581360912267896,
            "steer": 0.0
        },
        {
            "throttle": 0.042629461337989887,
            "brake": 0.050232248210411064,
            "steer": 0.0
        },
        {
            "throttle": 0.0383665152041909,
            "brake": 0.04520902338936996,
            "steer": 0.0
        },
        {
            "throttle": 0.03452986368377181,
            "brake": 0.040688121050432964,
            "steer": 0.0
        },
        {
            "throttle": 0.03107687731539463,
            "brake": 0.036619308945389666,
            "steer": 0.0
        },
        {
            "throttle": 0.027969189583855168,
            "brake": 0.0329573780508507,
            "steer": 0.0
        },
        {
            "throttle": 0.025172270625469652,
            "brake": 0.029661640245765633,
            "steer": 0.0
        },
        {
            "throttle": 0.022655043562922687,
            "brake": 0.02669547622118907,
            "steer": 0.0
        },
        {
            "throttle": 0.02038953920663042,
            "brake": 0.024025928599070163,
            "steer": 0.0
        },
        {
            "throttle": 0.018350585285967377,
            "brake": 0.021623335739163148,
            "steer": 0.0
        },
        {
            "throttle": 0.01651552675737064,
            "brake": 0.019461002165246835,
            "steer": 0.0
        },
        {
            "throttle": 0.014863974081633577,
            "brake": 0.017514901948722152,
            "steer": 0.0
        },
        {
            "throttle": 0.01337757667347022,
            "brake": 0.01576341175384994,
            "steer": 0.0
        },
        {
            "throttle": 0.012039819006123198,
            "brake": 0.014187070578464946,
            "steer": 0.0
        },
        {
            "throttle": 0.010835837105510879,
            "brake": 0.01276836352061845,
            "steer": 0.0
        },
        {
            "throttle": 0.009752253394959791,
            "brake": 0.011491527168556606,
            "steer": 0.0
        },
        {
            "throttle": 0.008777028055463812,
            "brake": 0.010342374451700945,
            "steer": 0.0
        },
        {
            "throttle": 0.007899325249917431,
            "brake": 0.009308137006530852,
            "steer": 0.0
        },
        {
            "throttle": 0.007109392724925688,
            "brake": 0.008377323305877767,
            "steer": 0.0
        },
        {
            "throttle": 0.00639845345243312,
            "brake": 0.00753959097528999,
            "steer": 0.0
        },
        {
            "throttle": 0.0057586081071898075,
            "brake": 0.006785631877760991,
            "steer": 0.0
        },
        {
            "throttle": 0.005182747296470827,
            "brake": 0.006107068689984892,
            "steer": 0.0
        },
        {
            "throttle": 0.004664472566823744,
            "brake": 0.005496361820986403,
            "steer": 0.0
        },
        {
            "throttle": 0.00419802531014137,
            "brake": 0.004946725638887763,
            "steer": 0.0
        },
        {
            "throttle": 0.003778222779127233,
            "brake": 0.004452053074998987,
            "steer": 0.0
        },
        {
            "throttle": 0.00340040050121451,
            "brake": 0.004006847767499089,
            "steer": 0.0
        },
        {
            "throttle": 0.003060360451093059,
            "brake": 0.0036061629907491797,
            "steer": 0.0
        },
        {
            "throttle": 0.004247258378741809,
            "brake": 0.003245546691674262,
            "steer": 0.0
        },
        {
            "throttle": 0.007432385492462314,
            "brake": 0.0029209920225068357,
            "steer": 0.0
        },
        {
            "throttle": 0.012474979242156077,
            "brake": 0.0026288928202561524,
            "steer": 0.0
        },
        {
            "throttle": 0.019240597920898453,
            "brake": 0.002366003538230537,
            "steer": 0.0
        },
        {
            "throttle": 0.02760030572453468,
            "brake": 0.0021294031844074834,
            "steer": 0.0
        },
        {
            "throttle": 0.037429967598110785,
            "brake": 0.001916462865966735,
            "steer": 0.0
        },
        {
            "throttle": 0.04860964344133567,
            "brake": 0.0017248165793700616,
            "steer": 0.0
        },
        {
            "throttle": 0.06102307218524833,
            "brake": 0.0015523349214330556,
            "steer": 0.0
        },
        {
            "throttle": 0.07455723709664866,
            "brake": 0.00139710142928975,
            "steer": 0.0
        },
        {
            "throttle": 0.08910200442557066,
            "brake": 0.001257391286360775,
            "steer": 0.0
        },
        {
            "throttle": 0.10454982819307627,
            "brake": 0.0011316521577246976,
            "steer": 0.0
        },
        {
            "throttle": 0.12079551452998005,
            "brake": 0.001018486941952228,
            "steer": 0.0
        },
        {
            "throttle": 0.13773603952902397,
            "brake": 0.0009166382477570051,
            "steer": 0.0
        },
        {
            "throttle": 0.1552704150700354,
            "brake": 0.0008249744229813046,
            "steer": 0.0
        },
        {
            "throttle": 0.17329959752558552,
            "brake": 0.0007424769806831742,
            "steer": 0.0
        },
        {
            "throttle": 0.19172643465890615,
            "brake": 0.0006682292826148568,
            "steer": 0.0
        },
        {
            "throttle": 0.21045564639106226,
            "brake": 0.000601406354353371,
            "steer": 0.0
        },
        {
            "throttle": 0.2293938354448926,
            "brake": 0.0005412657189180339,
            "steer": 0.0
        },
        {
            "throttle": 0.2484495241728485,
            "brake": 0.00048713914702623053,
            "steer": 0.0
        },
        {
            "throttle": 0.26753321414803377,
            "brake": 0.0004384252323236075,
            "steer": 0.0
        },
        {
            "throttle": 0.2865574653455612,
            "brake": 0.00039458270909124675,
            "steer": 0.0
        },
        {
            "throttle": 0.3054369919675695,
            "brake": 0.0003551244381821221,
            "steer": 0.0
        },
        {
            "throttle": 0.32408877217236864,
            "brake": 0.0003196119943639099,
            "steer": 0.0
        },
        {
            "throttle": 0.3424321691584268,
            "brake": 0.00028765079492751896,
            "steer": 0.0
        },
        {
            "throttle": 0.3603890612292624,
            "brake": 0.0002588857154347671,
            "steer": 0.0
        },
        {
            "throttle": 0.37788397862753276,
            "brake": 0.00023299714389129038,
            "steer": 0.0
        },
        {
            "throttle": 0.3948442450773008,
            "brake": 0.00020969742950216136,
            "steer": 0.0
        },
        {
            "throttle": 0.41120012211401286,
            "brake": 0.00018872768655194523,
            "steer": 0.0
        },
        {
            "throttle": 0.4268849544133838,
            "brake": 0.0001698549178967507,
            "steer": 0.0
        },
        {
            "throttle": 0.44183531445426666,
            "brake": 0.00015286942610707563,
            "steer": 0.0
        },
        {
            "throttle": 0.4559911449676526,
            "brake": 0.00013758248349636808,
            "steer": 0.0
        },
        {
            "throttle": 0.4692958977350628,
            "brake": 0.00012382423514673127,
            "steer": 0.0
        },
        {
            "throttle": 0.48169666740551037,
            "brake": 0.00011144181163205814,
            "steer": 0.0
        },
        {
            "throttle": 0.49314431910157563,
            "brake": 0.00010029763046885233,
            "steer": 0.0
        },
        {
            "throttle": 0.5035936086825282,
            "brake": 9.02678674219671e-05,
            "steer": 0.0
        },
        {
            "throttle": 0.5130032946263258,
            "brake": 8.124108067977039e-05,
            "steer": 0.0
        },
        {
            "throttle": 0.5213362405831441,
            "brake": 7.311697261179336e-05,
            "steer": 0.0
        },
        {
            "throttle": 0.528559507741202,
            "brake": 6.580527535061402e-05,
            "steer": 0.0
        },
        {
            "throttle": 0.5346444362313225,
            "brake": 5.9224747815552626e-05,
            "steer": 0.0
        },
        {
            "throttle": 0.5395667148801802,
            "brake": 5.330227303399737e-05,
            "steer": 0.0
        },
        {
            "throttle": 0.5433064387036969,
            "brake": 4.7972045730597634e-05,
            "steer": 0.0
        },
        {
            "throttle": 0.5458481536117419,
            "brake": 4.317484115753787e-05,
            "steer": 0.0
        },
        {
            "throttle": 0.5471808878732606,
            "brake": 3.885735704178409e-05,
            "steer": 0.0
        },
        {
            "throttle": 0.5472981699673027,
            "brake": 3.497162133760568e-05,
            "steer": 0.0
        },
        {
            "throttle": 0.5461980325201768,
            "brake": 3.147445920384511e-05,
            "steer": 0.0
        },
        {
            "throttle": 0.543883002102166,
            "brake": 2.8327013283460603e-05,
            "steer": 0.0
        },
        {
            "throttle": 0.5403600747288906,
            "brake": 2.5494311955114542e-05,
            "steer": 0.0
        },
        {
            "throttle": 0.5356406769824813,
            "brake": 2.2944880759603087e-05,
            "steer": 0.0
        },
        {
            "throttle": 0.529740612736194,
            "brake": 2.0650392683642778e-05,
            "steer": 0.0
        },
        {
            "throttle": 0.5226799955329011,
            "brake": 1.85853534152785e-05,
            "steer": 0.0
        },
        {
            "throttle": 0.5144831667329727,
            "brake": 1.672681807375065e-05,
            "steer": 0.0
        },
        {
            "throttle": 0.5051785996103252,
            "brake": 1.5054136266375586e-05,
            "steer": 0.0
        },
        {
            "throttle": 0.4947987896367969,
            "brake": 1.3548722639738028e-05,
            "steer": 0.0
        },
        {
            "throttle": 0.4833801312543987,
            "brake": 1.2193850375764226e-05,
            "steer": 0.0
        },
        {
            "throttle": 0.4709627814922959,
            "brake": 1.0974465338187803e-05,
            "steer": 0.0
        },
        {
            "throttle": 0.4575905108404993,
            "brake": 9.877018804369024e-06,
            "steer": 0.0
        },
        {
            "throttle": 0.44331054184507074,
            "brake": 8.889316923932121e-06,
            "steer": 0.0
        },
        {
            "throttle": 0.42817337594008137,
            "brake": 8.000385231538909e-06,
            "steer": 0.0
        },
        {
            "throttle": 0.4122326090794873,
            "brake": 7.200346708385018e-06,
            "steer": 0.0
        },
        {
            "throttle": 0.39554473677740876,
            "brake": 6.480312037546517e-06,
            "steer": 0.0
        },
        {
            "throttle": 0.37816894920791067,
            "brake": 5.832280833791865e-06,
            "steer": 0.0
        },
        {
            "throttle": 0.36016691705518644,
            "brake": 5.249052750412679e-06,
            "steer": 0.0
        },
        {
            "throttle": 0.34160256884195295,
            "brake": 4.724147475371411e-06,
            "steer": 0.0
        },
        {
            "throttle": 0.3225418604977798,
            "brake": 4.25173272783427e-06,
            "steer": 0.0
        },
        {
            "throttle": 0.3030525379599252,
            "brake": 3.826559455050843e-06,
            "steer": 0.0
        },
        {
            "throttle": 0.28320389362695486,
            "brake": 3.4439035095457587e-06,
            "steer": 0.0
        },
        {
            "throttle": 0.2630665175099111,
            "brake": 3.099513158591183e-06,
            "steer": 0.0
        },
        {
            "throttle": 0.24271204394702706,
            "brake": 2.789561842732065e-06,
            "steer": 0.0
        },
        {
            "throttle": 0.222212894765882,
            "brake": 2.5106056584588586e-06,
            "steer": 0.0
        },
        {
            "throttle": 0.20164201979144225,
            "brake": 2.259545092612973e-06,
            "steer": 0.0
        },
        {
            "throttle": 0.18147781781229802,
            "brake": 0.0661276960610909,
            "steer": 0.0
        },
        {
            "throttle": 0.16333003603106822,
            "brake": 0.12564058892548935,
            "steer": 0.0
        },
        {
            "throttle": 0.1469970324279614,
            "brake": 0.17920219250344796,
            "steer": 0.0
        },
        {
            "throttle": 0.13229732918516526,
            "brake": 0.22740763572361072,
            "steer": 0.0
        },
        {
            "throttle": 0.11906759626664874,
            "brake": 0.2707925346217572,
            "steer": 0.0
        },
        {
            "throttle": 0.10716083663998387,
            "brake": 0.309838943630089,
            "steer": 0.0
        },
        {
            "throttle": 0.09644475297598548,
            "brake": 0.34498071173758765,
            "steer": 0.0
        },
        {
            "throttle": 0.08680027767838694,
            "brake": 0.3104826405638289,
            "steer": 0.0
        },
        {
            "throttle": 0.07812024991054825,
            "brake": 0.279434376507446,
            "steer": 0.0
        },
        {
            "throttle": 0.07030822491949343,
            "brake": 0.25149093885670143,
            "steer": 0.0
        },
        {
            "throttle": 0.0632774024275441,
            "brake": 0.2263418449710313,
            "steer": 0.0
        },
        {
            "throttle": 0.05694966218478969,
            "brake": 0.20370766047392816,
            "steer": 0.0
        },
        {
            "throttle": 0.05125469596631072,
            "brake": 0.18333689442653534,
            "steer": 0.0
        },
        {
            "throttle": 0.04612922636967965,
            "brake": 0.1650032049838818,
            "steer": 0.0
        },
        {
            "throttle": 0.04151630373271169,
            "brake": 0.14850288448549362,
            "steer": 0.0
        },
        {
            "throttle": 0.03736467335944052,
            "brake": 0.13365259603694427,
            "steer": 0.0
        },
        {
            "throttle": 0.03362820602349647,
            "brake": 0.12028733643324985,
            "steer": 0.0
        },
        {
            "throttle": 0.030265385421146825,
            "brake": 0.10825860278992487,
            "steer": 0.0
        },
        {
            "throttle": 0.027238846879032143,
            "brake": 0.09743274251093238,
            "steer": 0.0
        },
        {
            "throttle": 0.02451496219112893,
            "brake": 0.08768946825983914,
            "steer": 0.0
        },
        {
            "throttle": 0.022063465972016038,
            "brake": 0.07892052143385524,
            "steer": 0.0
        },
        {
            "throttle": 0.019857119374814436,
            "brake": 0.07102846929046971,
            "steer": 0.0
        },
        {
            "throttle": 0.01787140743733299,
            "brake": 0.06392562236142274,
            "steer": 0.0
        },
        {
            "throttle": 0.01608426669359969,
            "brake": 0.05753306012528047,
            "steer": 0.0
        },
        {
            "throttle": 0.014475840024239723,
            "brake": 0.05177975411275242,
            "steer": 0.0
        },
        {
            "throttle": 0.01302825602181575,
            "brake": 0.04660177870147718,
            "steer": 0.0
        },
        {
            "throttle": 0.011725430419634177,
            "brake": 0.04194160083132946,
            "steer": 0.0
        },
        {
            "throttle": 0.01055288737767076,
            "brake": 0.03774744074819651,
            "steer": 0.0
        },
        {
            "throttle": 0.009497598639903683,
            "brake": 0.033972696673376865,
            "steer": 0.0
        },
        {
            "throttle": 0.008547838775913315,
            "brake": 0.03057542700603918,
            "steer": 0.0
        },
        {
            "throttle": 0.007693054898321983,
            "brake": 0.02751788430543526,
            "steer": 0.0
        },
        {
            "throttle": 0.006923749408489785,
            "brake": 0.024766095874891734,
            "steer": 0.0
        },
        {
            "throttle": 0.006231374467640807,
            "brake": 0.02228948628740256,
            "steer": 0.0
        }
    ],
    "parameters": {
        "cloudiness": 77.96683521422544,
        "fog_density": 3.7914127428390554,
        "initial_distance": 50.48069339839547,
        "initial_ego_velocity": 14.399957681090786,
        "initial_lead_velocity": 22.73670893138798,
        "lead_base_throttle": 0.20180751420972093,
        "lead_behavior_frequency": 0.09502977375790424,
        "lead_brake_duration": 7.554814116371787,
        "lead_brake_intensity": 0.6612566247050753,
        "lead_brake_probability": 0.26975393072066717,
        "lead_throttle_variation": 0.39603380884737344,
        "precipitation": 3.6159092500664847,
        "precipitation_deposits": 5.112914953297787,
        "sun_altitude_angle": 66.8424146496327,
        "wind_intensity": 36.510744650544
    },
    "config": {
        "num_timesteps": 200,
        "dt": 0.1,
        "seed": 55
    }
}