{
  "parameter_bounds": {
    "fog_density": [
      0.0,
      80.0
    ],
    "precipitation": [
      0.0,
      100.0
    ],
    "precipitation_deposits": [
      0.0,
      100.0
    ],
    "wind_intensity": [
      0.0,
      50.0
    ],
    "sun_altitude_angle": [
      -30.0,
      90.0
    ],
    "cloudiness": [
      0.0,
      100.0
    ],
    "lead_base_throttle": [
      0.2,
      0.6
    ],
    "lead_behavior_frequency": [
      0.05,
      0.3
    ],
    "lead_throttle_variation": [
      0.0,
      0.4
    ],
    "lead_brake_probability": [
      0.0,
      0.3
    ],
    "lead_brake_intensity": [
      0.1,
      0.8
    ],
    "lead_brake_duration": [
      5,
      30
    ],
    "initial_distance": [
      15.0,
      80.0
    ],
    "initial_ego_velocity": [
      5.0,
      20.0
    ],
    "initial_lead_velocity": [
      5.0,
      25.0
    ]
  },
  "objective_names": [
    "safety",
    "plausibility",
    "comfort"
  ],
  "maximize_objectives": [
    false,
    true,
    false
  ],
  "evaluation_history": [
    {
      "parameters": {
        "fog_density": 29.963209507789,
        "precipitation": 95.07143064099162,
        "precipitation_deposits": 73.1993941811405,
        "wind_intensity": 29.93292420985183,
        "sun_altitude_angle": -11.277763146907617,
        "cloudiness": 15.599452033620265,
        "lead_base_throttle": 0.2232334448672798,
        "lead_behavior_frequency": 0.2665440364437338,
        "lead_throttle_variation": 0.24044600469728353,
        "lead_brake_probability": 0.21242177333881365,
        "lead_brake_intensity": 0.11440914600706172,
        "lead_brake_duration": 29.24774630404986,
        "initial_distance": 69.10877165202741,
        "initial_ego_velocity": 8.185086660174143,
        "initial_lead_velocity": 8.636499344142013
      },
      "objectives": {
        "safety": 12.548734100798917,
        "plausibility": 0.0,
        "comfort": 16.0
      },
      "iteration": 0,
      "timestamp": null,
      "metadata": {
        "scenario_path": "/scratch1/akarande/Baysian_optimization_falsification/my_falsification_run_11-27/scenarios/scenario_0000.json",
        "log_path": "/scratch1/akarande/Baysian_optimization_falsification/my_falsification_run_11-27/logs/episode-scenario_0000.csv",
        "timestamp": 1764298396.0280342
      }
    },
    {
      "parameters": {
        "fog_density": 9.589229386694624,
        "precipitation": 33.7615171403628,
        "precipitation_deposits": 94.29097039125192,
        "wind_intensity": 16.160146601037763,
        "sun_altitude_angle": 32.25487460920393,
        "cloudiness": 70.30189588951778,
        "lead_base_throttle": 0.3454518409517176,
        "lead_behavior_frequency": 0.29294552068024016,
        "lead_throttle_variation": 0.3849789179768445,
        "lead_brake_probability": 0.07553468874760924,
        "lead_brake_intensity": 0.4480739541246699,
        "lead_brake_duration": 12.521957745419241,
        "initial_distance": 33.51463213453539,
        "initial_ego_velocity": 5.553304210317992,
        "initial_lead_velocity": 17.191286679597937
      },
      "objectives": {
        "safety": 13.08548353480818,
        "plausibility": 0.0,
        "comfort": 16.0
      },
      "iteration": 1,
      "timestamp": null,
      "metadata": {
        "scenario_path": "/scratch1/akarande/Baysian_optimization_falsification/my_falsification_run_11-27/scenarios/scenario_0001.json",
        "log_path": "/scratch1/akarande/Baysian_optimization_falsification/my_falsification_run_11-27/logs/episode-scenario_0001.csv",
        "timestamp": 1764298407.5515623
      }
    },
    {
      "parameters": {
        "fog_density": 12.730999724318508,
        "precipitation": 95.22830527783962,
        "precipitation_deposits": 16.60701735444968,
        "wind_intensity": 18.464265352152676,
        "sun_altitude_angle": 82.14719806443297,
        "cloudiness": 8.164113622514769,
        "lead_base_throttle": 0.38158484584555286,
        "lead_behavior_frequency": 0.27182264791512584,
        "lead_throttle_variation": 0.12776202411425497,
        "lead_brake_probability": 0.28879738131471333,
        "lead_brake_intensity": 0.798160820243942,
        "lead_brake_duration": 17.15038810149678,
        "initial_distance": 35.88395324821086,
        "initial_ego_velocity": 19.601584971227652,
        "initial_lead_velocity": 24.974370726177714
      },
      "objectives": {
        "safety": 13.56784106917317,
        "plausibility": 37.29825630487534,
        "comfort": 16.0
      },
      "iteration": 2,
      "timestamp": null,
      "metadata": {
        "scenario_path": "/scratch1/akarande/Baysian_optimization_falsification/my_falsification_run_11-27/scenarios/scenario_0002.json",
        "log_path": "/scratch1/akarande/Baysian_optimization_falsification/my_falsification_run_11-27/logs/episode-scenario_0002.csv",
        "timestamp": 1764298418.5638862
      }
    },
    {
      "parameters": {
        "fog_density": 70.2239869769223,
        "precipitation": 46.07049014203064,
        "precipitation_deposits": 93.5816863041393,
        "wind_intensity": 42.509482503019385,
        "sun_altitude_angle": 7.792866600782688,
        "cloudiness": 48.54212527098192,
        "lead_base_throttle": 0.36183881862812045,
        "lead_behavior_frequency": 0.2966304870761037,
        "lead_throttle_variation": 0.1870300761046227,
        "lead_brake_probability": 0.10140709450014287,
        "lead_brake_intensity": 0.41392820872263114,
        "lead_brake_duration": 9.334149030107373,
        "initial_distance": 52.25100649373685,
        "initial_ego_velocity": 15.770701578083695,
        "initial_lead_velocity": 22.850510063901805
      },
      "objectives": {
        "safety": 18.075276013931386,
        "plausibility": 46.986649042603105,
        "comfort": 16.0
      },
      "iteration": 3,
      "timestamp": null,
      "metadata": {
        "scenario_path": "/scratch1/akarande/Baysian_optimization_falsification/my_falsification_run_11-27/scenarios/scenario_0003.json",
        "log_path": "/scratch1/akarande/Baysian_optimization_falsification/my_falsification_run_11-27/logs/episode-scenario_0003.csv",
        "timestamp": 1764298429.192301
      }
    },
    {
      "parameters": {
        "fog_density": 76.08429512062567,
        "precipitation": 89.09841513208633,
        "precipitation_deposits": 62.17019422214407,
        "wind_intensity": 42.18202320506011,
        "sun_altitude_angle": 26.55288434408382,
        "cloudiness": 54.40263175004111,
        "lead_base_throttle": 0.5464975430042927,
        "lead_behavior_frequency": 0.2498202198825623,
        "lead_throttle_variation": 0.16326893275348972,
        "lead_brake_probability": 0.09120548447361161,
        "lead_brake_intensity": 0.23043928781755818,
        "lead_brake_duration": 13.972537097209585,
        "initial_distance": 27.569667051552763,
        "initial_ego_velocity": 14.687774334624459,
        "initial_lead_velocity": 21.13167338849199
      },
      "objectives": {
        "safety": 22.017127335363874,
        "plausibility": 45.53830131265006,
        "comfort": 16.0
      },
      "iteration": 4,
      "timestamp": null,
      "metadata": {
        "scenario_path": "/scratch1/akarande/Baysian_optimization_falsification/my_falsification_run_11-27/scenarios/scenario_0004.json",
        "log_path": "/scratch1/akarande/Baysian_optimization_falsification/my_falsification_run_11-27/logs/episode-scenario_0004.csv",
        "timestamp": 1764298440.5850894
      }
    },
    {
      "parameters": {
        "fog_density": 70.1409171825753,
        "precipitation": 7.688889490117889,
        "precipitation_deposits": 28.449115406966317,
        "wind_intensity": 5.812407604417902,
        "sun_altitude_angle": 68.54174183582167,
        "cloudiness": 10.402838071011743,
        "lead_base_throttle": 0.251677878493911,
        "lead_behavior_frequency": 0.06621576129616484,
        "lead_throttle_variation": 0.28194557912416407,
        "lead_brake_probability": 0.1444120824350857,
        "lead_brake_intensity": 0.5676556409113039,
        "lead_brake_duration": 12.922246380297189,
        "initial_distance": 49.204819689723294,
        "initial_ego_velocity": 6.198263241939366,
        "initial_lead_velocity": 14.490548421909926
      },
      "objectives": {
        "safety": 14.285644419305461,
        "plausibility": 0.0,
        "comfort": 16.0
      },
      "iteration": 5,
      "timestamp": null,
      "metadata": {
        "scenario_path": "/scratch1/akarande/Baysian_optimization_falsification/my_falsification_run_11-27/scenarios/scenario_0005.json",
        "log_path": "/scratch1/akarande/Baysian_optimization_falsification/my_falsification_run_11-27/logs/episode-scenario_0005.csv",
        "timestamp": 1764298451.9141517
      }
    },
    {
      "parameters": {
        "fog_density": 55.219252737671866,
        "precipitation": 5.899905648372517,
        "precipitation_deposits": 83.34750092762437,
        "wind_intensity": 38.58561547425326,
        "sun_altitude_angle": 0.3837767928879785,
        "cloudiness": 94.49664836152742,
        "lead_base_throttle": 0.2693469060037478,
        "lead_behavior_frequency": 0.21460256928271232,
        "lead_throttle_variation": 0.3443852140761557,
        "lead_brake_probability": 0.12922190341292633,
        "lead_brake_intensity": 0.7740110790367274,
        "lead_brake_duration": 27.097110923554123,
        "initial_distance": 62.33736875293108,
        "initial_ego_velocity": 7.3753283904870965,
        "initial_lead_velocity": 22.177268357633395
      },
      "objectives": {
        "safety": 15.727055552382847,
        "plausibility": 37.288779871356965,
        "comfort": 16.0
      },
      "iteration": 6,
      "timestamp": null,
      "metadata": {
        "scenario_path": "/scratch1/akarande/Baysian_optimization_falsification/my_falsification_run_11-27/scenarios/scenario_0006.json",
        "log_path": "/scratch1/akarande/Baysian_optimization_falsification/my_falsification_run_11-27/logs/episode-scenario_0006.csv",
        "timestamp": 1764298462.5060496
      }
    },
    {
      "parameters": {
        "fog_density": 8.162149628380133,
        "precipitation": 72.8241110261988,
        "precipitation_deposits": 12.550310666808373,
        "wind_intensity": 20.71992158144948,
        "sun_altitude_angle": 52.60903211400617,
        "cloudiness": 81.75748802007071,
        "lead_base_throttle": 0.292864492593856,
        "lead_behavior_frequency": 0.1341028579671022,
        "lead_throttle_variation": 0.154410738276429,
        "lead_brake_probability": 0.1490929651542546,
        "lead_brake_intensity": 0.7849316845851865,
        "lead_brake_duration": 16.11002662137652,
        "initial_distance": 71.74275650379882,
        "initial_ego_velocity": 16.91830285738982,
        "initial_lead_velocity": 6.586424243638193
      },
      "objectives": {
        "safety": 14.765929563782851,
        "plausibility": 0.0,
        "comfort": 16.0
      },
      "iteration": 7,
      "timestamp": null,
      "metadata": {
        "scenario_path": "/scratch1/akarande/Baysian_optimization_falsification/my_falsification_run_11-27/scenarios/scenario_0007.json",
        "log_path": "/scratch1/akarande/Baysian_optimization_falsification/my_falsification_run_11-27/logs/episode-scenario_0007.csv",
        "timestamp": 1764298473.6691206
      }
    },
    {
      "parameters": {
        "fog_density": 20.009341991671317,
        "precipitation": 50.720867462779104,
        "precipitation_deposits": 56.862175821124424,
        "wind_intensity": 5.135898944234901,
        "sun_altitude_angle": 42.42164246778101,
        "cloudiness": 62.770531853751024,
        "lead_base_throttle": 0.28750213388353624,
        "lead_behavior_frequency": 0.16111790357743183,
        "lead_throttle_variation": 0.14072980260061038,
        "lead_brake_probability": 0.07460476005824761,
        "lead_brake_intensity": 0.7788156071557178,
        "lead_brake_duration": 6.744664149654474,
        "initial_distance": 54.38214710051688,
        "initial_ego_velocity": 7.059175308259462,
        "initial_lead_velocity": 6.277568108566694
      },
      "objectives": {
        "safety": 7.664902215002444,
        "plausibility": 0.0,
        "comfort": 16.0
      },
      "iteration": 8,
      "timestamp": null,
      "metadata": {
        "scenario_path": "/scratch1/akarande/Baysian_optimization_falsification/my_falsification_run_11-27/scenarios/scenario_0008.json",
        "log_path": "/scratch1/akarande/Baysian_optimization_falsification/my_falsification_run_11-27/logs/episode-scenario_0008.csv",
        "timestamp": 1764298484.8793266
      }
    },
    {
      "parameters": {
        "fog_density": 26.52018269581074,
        "precipitation": 98.83258007932369,
        "precipitation_deposits": 90.02720438977231,
        "wind_intensity": 43.26643022655902,
        "sun_altitude_angle": 16.111619316532753,
        "cloudiness": 70.0584690744311,
        "lead_base_throttle": 0.21485188205209502,
        "lead_behavior_frequency": 0.17533155479386453,
        "lead_throttle_variation": 0.045557234761352254,
        "lead_brake_probability": 0.2201069483710625,
        "lead_brake_intensity": 0.405774561908264,
        "lead_brake_duration": 13.174659716391991,
        "initial_distance": 63.8476044943189,
        "initial_ego_velocity": 8.94677970616943,
        "initial_lead_velocity": 14.702286622845161
      },
      "objectives": {
        "safety": 12.479930147050117,
        "plausibility": 0.0,
        "comfort": 16.0
      },
      "iteration": 9,
      "timestamp": null,
      "metadata": {
        "scenario_path": "/scratch1/akarande/Baysian_optimization_falsification/my_falsification_run_11-27/scenarios/scenario_0009.json",
        "log_path": "/scratch1/akarande/Baysian_optimization_falsification/my_falsification_run_11-27/logs/episode-scenario_0009.csv",
        "timestamp": 1764298496.794676
      }
    }
  ],
  "iteration": 10,
  "random_state": 42
}