{
    "weather": {
        "cloudiness": 88.29954157102704,
        "precipitation": 7.533123878688941,
        "precipitation_deposits": 22.710591859223094,
        "wind_intensity": 36.81147513278229,
        "sun_altitude_angle": -18.88403860126822,
        "fog_density": 54.667498278317666,
        "fog_distance": 161.6616120922032,
        "wetness": 3.7665619393444705
    },
    "initial_conditions": {
        "ego": {
            "position": {
                "x": 527.4081327068639,
                "y": 20.57,
                "z": 0.294
            },
            "yaw": 0.0,
            "velocity": 5.28573501947894
        },
        "lead": {
            "position": {
                "x": 484.88,
                "y": 20.57,
                "z": 0.294
            },
            "yaw": 0.0,
            "velocity": 9.877027829440204
        }
    },
    "ego": {
        "position": {
            "x": 527.4081327068639,
            "y": 20.57,
            "z": 0.294
        },
        "yaw": 0.0,
        "velocity": 5.28573501947894
    },
    "lead": {
        "position": {
            "x": 484.88,
            "y": 20.57,
            "z": 0.294
        },
        "yaw": 0.0,
        "velocity": 9.877027829440204
    },
    "ado_actions": [
        {
            "throttle": 0.32659288249166246,
            "brake": 0.0,
            "steer": 0.0
        },
        {
            "throttle": 0.33194766412522797,
            "brake": 0.0,
            "steer": 0.0
        },
        {
            "throttle": 0.3420022709488776,
            "brake": 0.0,
            "steer": 0.0
        },
        {
            "throttle": 0.3560504297361178,
            "brake": 0.0,
            "steer": 0.0
        },
        {
            "throttle": 0.3733449543795753,
            "brake": 0.0,
            "steer": 0.0
        },
        {
            "throttle": 0.3931095981377698,
            "brake": 0.0,
            "steer": 0.0
        },
        {
            "throttle": 0.41455203622608444,
            "brake": 0.0,
            "steer": 0.0
        },
        {
            "throttle": 0.4368776408855306,
            "brake": 0.0,
            "steer": 0.0
        },
        {
            "throttle": 0.4593036982000869,
            "brake": 0.0,
            "steer": 0.0
        },
        {
            "throttle": 0.48107371041427355,
            "brake": 0.0,
            "steer": 0.0
        },
        {
            "throttle": 0.5014714294985421,
            "brake": 0.0,
            "steer": 0.0
        },
        {
            "throttle": 0.5198342772198477,
            "brake": 0.0,
            "steer": 0.0
        },
        {
            "throttle": 0.5355658238252902,
            "brake": 0.0,
            "steer": 0.0
        },
        {
            "throttle": 0.5481470212971045,
            "brake": 0.0,
            "steer": 0.0
        },
        {
            "throttle": 0.5571459174870173,
            "brake": 0.0,
            "steer": 0.0
        },
        {
            "throttle": 0.5622256136383426,
            "brake": 0.0,
            "steer": 0.0
        },
        {
            "throttle": 0.5060030522745084,
            "brake": 0.06541526871694614,
            "steer": 0.0
        },
        {
            "throttle": 0.4554027470470575,
            "brake": 0.12428901056219767,
            "steer": 0.0
        },
        {
            "throttle": 0.4098624723423518,
            "brake": 0.17727537822292405,
            "steer": 0.0
        },
        {
            "throttle": 0.36887622510811663,
            "brake": 0.2249631091175778,
            "steer": 0.0
        },
        {
            "throttle": 0.33198860259730495,
            "brake": 0.26788206692276617,
            "steer": 0.0
        },
        {
            "throttle": 0.29878974233757444,
            "brake": 0.3065091289474357,
            "steer": 0.0
        },
        {
            "throttle": 0.268910768103817,
            "brake": 0.34127348476963826,
            "steer": 0.0
        },
        {
            "throttle": 0.24201969129343529,
            "brake": 0.3725614050096206,
            "steer": 0.0
        },
        {
            "throttle": 0.21781772216409176,
            "brake": 0.4007205332256047,
            "steer": 0.0
        },
        {
            "throttle": 0.1960359499476826,
            "brake": 0.42606374861999036,
            "steer": 0.0
        },
        {
            "throttle": 0.17643235495291434,
            "brake": 0.44887264247493747,
            "steer": 0.0
        },
        {
            "throttle": 0.15878911945762292,
            "brake": 0.4694006469443899,
            "steer": 0.0
        },
        {
            "throttle": 0.14291020751186062,
            "brake": 0.48787585096689706,
            "steer": 0.0
        },
        {
            "throttle": 0.12861918676067458,
            "brake": 0.5045035345871536,
            "steer": 0.0
        },
        {
            "throttle": 0.11575726808460712,
            "brake": 0.5194684498453843,
            "steer": 0.0
        },
        {
            "throttle": 0.10418154127614641,
            "brake": 0.532936873577792,
            "steer": 0.0
        },
        {
            "throttle": 0.09376338714853177,
            "brake": 0.5450584549369589,
            "steer": 0.0
        },
        {
            "throttle": 0.0843870484336786,
            "brake": 0.5559678781602092,
            "steer": 0.0
        },
        {
            "throttle": 0.07594834359031075,
            "brake": 0.5657863590611344,
            "steer": 0.0
        },
        {
            "throttle": 0.06835350923127967,
            "brake": 0.5746229918719671,
            "steer": 0.0
        },
        {
            "throttle": 0.06600165063944519,
            "brake": 0.5171606926847704,
            "steer": 0.0
        },
        {
            "throttle": 0.06752484925369408,
            "brake": 0.46544462341629333,
            "steer": 0.0
        },
        {
            "throttle": 0.07308305586418168,
            "brake": 0.418900161074664,
            "steer": 0.0
        },
        {
            "throttle": 0.0827267966521456,
            "brake": 0.3770101449671976,
            "steer": 0.0
        },
        {
            "throttle": 0.07445411698693105,
            "brake": 0.404724399187424,
            "steer": 0.0
        },
        {
            "throttle": 0.06700870528823795,
            "brake": 0.42966722798562773,
            "steer": 0.0
        },
        {
            "throttle": 0.060307834759414154,
            "brake": 0.4521157739040111,
            "steer": 0.0
        },
        {
            "throttle": 0.05427705128347274,
            "brake": 0.4723194652305561,
            "steer": 0.0
        },
        {
            "throttle": 0.04884934615512546,
            "brake": 0.49050278742444664,
            "steer": 0.0
        },
        {
            "throttle": 0.04396441153961292,
            "brake": 0.5068677773989481,
            "steer": 0.0
        },
        {
            "throttle": 0.03956797038565163,
            "brake": 0.5215962683759994,
            "steer": 0.0
        },
        {
            "throttle": 0.03561117334708647,
            "brake": 0.5348519102553455,
            "steer": 0.0
        },
        {
            "throttle": 0.03205005601237782,
            "brake": 0.546781987946757,
            "steer": 0.0
        },
        {
            "throttle": 0.02884505041114004,
            "brake": 0.5575190578690274,
            "steer": 0.0
        },
        {
            "throttle": 0.025960545370026036,
            "brake": 0.5671824207990709,
            "steer": 0.0
        },
        {
            "throttle": 0.023364490833023433,
            "brake": 0.57587944743611,
            "steer": 0.0
        },
        {
            "throttle": 0.02102804174972109,
            "brake": 0.5837067714094452,
            "steer": 0.0
        },
        {
            "throttle": 0.018925237574748982,
            "brake": 0.5907513629854468,
            "steer": 0.0
        },
        {
            "throttle": 0.017032713817274083,
            "brake": 0.5970914954038483,
            "steer": 0.0
        },
        {
            "throttle": 0.015329442435546676,
            "brake": 0.6027976145804096,
            "steer": 0.0
        },
        {
            "throttle": 0.013796498191992008,
            "brake": 0.6079331218393148,
            "steer": 0.0
        },
        {
            "throttle": 0.012416848372792808,
            "brake": 0.6125550783723295,
            "steer": 0.0
        },
        {
            "throttle": 0.011175163535513528,
            "brake": 0.6167148392520427,
            "steer": 0.0
        },
        {
            "throttle": 0.010057647181962176,
            "brake": 0.6204586240437846,
            "steer": 0.0
        },
        {
            "throttle": 0.057477406314662,
            "brake": 0.5584127616394061,
            "steer": 0.0
        },
        {
            "throttle": 0.09516698805326601,
            "brake": 0.5025714854754655,
            "steer": 0.0
        },
        {
            "throttle": 0.12385892582465446,
            "brake": 0.45231433692791895,
            "steer": 0.0
        },
        {
            "throttle": 0.14432916448642277,
            "brake": 0.4070829032351271,
            "steer": 0.0
        },
        {
            "throttle": 0.1573954819006849,
            "brake": 0.3663746129116144,
            "steer": 0.0
        },
        {
            "throttle": 0.16391340363097762,
            "brake": 0.329737151620453,
            "steer": 0.0
        },
        {
            "throttle": 0.1647698592633947,
            "brake": 0.2967634364584077,
            "steer": 0.0
        },
        {
            "throttle": 0.16087486350816718,
            "brake": 0.26708709281256693,
            "steer": 0.0
        },
        {
            "throttle": 0.15315153514856508,
            "brake": 0.24037838353131025,
            "steer": 0.0
        },
        {
            "throttle": 0.14252479124549947,
            "brake": 0.21634054517817922,
            "steer": 0.0
        },
        {
            "throttle": 0.1299090720938193,
            "brake": 0.1947064906603613,
            "steer": 0.0
        },
        {
            "throttle": 0.11691816488443738,
            "brake": 0.17523584159432518,
            "steer": 0.0
        },
        {
            "throttle": 0.10522634839599364,
            "brake": 0.15771225743489267,
            "steer": 0.0
        },
        {
            "throttle": 0.09470371355639427,
            "brake": 0.20735630040834954,
            "steer": 0.0
        },
        {
            "throttle": 0.08523334220075485,
            "brake": 0.25203593908446076,
            "steer": 0.0
        },
        {
            "throttle": 0.07671000798067937,
            "brake": 0.29224761389296083,
            "steer": 0.0
        },
        {
            "throttle": 0.06903900718261144,
            "brake": 0.3284381212206109,
            "steer": 0.0
        },
        {
            "throttle": 0.0621351064643503,
            "brake": 0.361009577815496,
            "steer": 0.0
        },
        {
            "throttle": 0.05592159581791527,
            "brake": 0.3903238887508925,
            "steer": 0.0
        },
        {
            "throttle": 0.050329436236123744,
            "brake": 0.4167067685927494,
            "steer": 0.0
        },
        {
            "throttle": 0.04529649261251137,
            "brake": 0.4404513604504206,
            "steer": 0.0
        },
        {
            "throttle": 0.04076684335126023,
            "brake": 0.4618214931223247,
            "steer": 0.0
        },
        {
            "throttle": 0.03669015901613421,
            "brake": 0.48105461252703835,
            "steer": 0.0
        },
        {
            "throttle": 0.03302114311452079,
            "brake": 0.49836441999128067,
            "steer": 0.0
        },
        {
            "throttle": 0.029719028803068714,
            "brake": 0.5139432467090987,
            "steer": 0.0
        },
        {
            "throttle": 0.026747125922761843,
            "brake": 0.527964190755135,
            "steer": 0.0
        },
        {
            "throttle": 0.02407241333048566,
            "brake": 0.5405830403965677,
            "steer": 0.0
        },
        {
            "throttle": 0.021665171997437095,
            "brake": 0.551940005073857,
            "steer": 0.0
        },
        {
            "throttle": 0.019498654797693388,
            "brake": 0.5621612732834174,
            "steer": 0.0
        },
        {
            "throttle": 0.01754878931792405,
            "brake": 0.5713604146720218,
            "steer": 0.0
        },
        {
            "throttle": 0.015793910386131645,
            "brake": 0.5796396419217658,
            "steer": 0.0
        },
        {
            "throttle": 0.014214519347518481,
            "brake": 0.5870909464465354,
            "steer": 0.0
        },
        {
            "throttle": 0.012793067412766633,
            "brake": 0.5937971205188279,
            "steer": 0.0
        },
        {
            "throttle": 0.07915460664100041,
            "brake": 0.5344174084669452,
            "steer": 0.0
        },
        {
            "throttle": 0.1397234398976272,
            "brake": 0.4809756676202507,
            "steer": 0.0
        },
        {
            "throttle": 0.19427949424798735,
            "brake": 0.43287810085822565,
            "steer": 0.0
        },
        {
            "throttle": 0.24262371997337734,
            "brake": 0.3895902907724031,
            "steer": 0.0
        },
        {
            "throttle": 0.28459384551663014,
            "brake": 0.3506312616951628,
            "steer": 0.0
        },
        {
            "throttle": 0.32007818045099135,
            "brake": 0.3155681355256465,
            "steer": 0.0
        },
        {
            "throttle": 0.3490272716308761,
            "brake": 0.2840113219730819,
            "steer": 0.0
        },
        {
            "throttle": 0.37146325427019783,
            "brake": 0.2556101897757737,
            "steer": 0.0
        },
        {
            "throttle": 0.3874867809434717,
            "brake": 0.23004917079819634,
            "steer": 0.0
        },
        {
            "throttle": 0.39728145638330115,
            "brake": 0.2070442537183767,
            "steer": 0.0
        },
        {
            "throttle": 0.4011157533519834,
            "brake": 0.18633982834653903,
            "steer": 0.0
        },
        {
            "throttle": 0.39934243364547817,
            "brake": 0.16770584551188514,
            "steer": 0.0
        },
        {
            "throttle": 0.3923955472739813,
            "brake": 0.15093526096069662,
            "steer": 0.0
        },
        {
            "throttle": 0.38078513088760957,
            "brake": 0.13584173486462697,
            "steer": 0.0
        },
        {
            "throttle": 0.3650897724398843,
            "brake": 0.12225756137816428,
            "steer": 0.0
        },
        {
            "throttle": 0.34594725182099867,
            "brake": 0.11003180524034785,
            "steer": 0.0
        },
        {
            "throttle": 0.32404350573953167,
            "brake": 0.09902862471631306,
            "steer": 0.0
        },
        {
            "throttle": 0.3001001985765595,
            "brake": 0.08912576224468176,
            "steer": 0.0
        },
        {
            "throttle": 0.2748612084899355,
            "brake": 0.08021318602021359,
            "steer": 0.0
        },
        {
            "throttle": 0.24907835905462297,
            "brake": 0.07219186741819222,
            "steer": 0.0
        },
        {
            "throttle": 0.22417052314916067,
            "brake": 0.064972680676373,
            "steer": 0.0
        },
        {
            "throttle": 0.2017534708342446,
            "brake": 0.058475412608735705,
            "steer": 0.0
        },
        {
            "throttle": 0.18157812375082016,
            "brake": 0.052627871347862135,
            "steer": 0.0
        },
        {
            "throttle": 0.16342031137573815,
            "brake": 0.04736508421307592,
            "steer": 0.0
        },
        {
            "throttle": 0.14707828023816433,
            "brake": 0.042628575791768326,
            "steer": 0.0
        },
        {
            "throttle": 0.1323704522143479,
            "brake": 0.03836571821259149,
            "steer": 0.0
        },
        {
            "throttle": 0.12047599400145821,
            "brake": 0.034529146391332345,
            "steer": 0.0
        },
        {
            "throttle": 0.11274964188732851,
            "brake": 0.03107623175219911,
            "steer": 0.0
        },
        {
            "throttle": 0.10940687629243247,
            "brake": 0.0279686085769792,
            "steer": 0.0
        },
        {
            "throttle": 0.11056106043637792,
            "brake": 0.02517174771928128,
            "steer": 0.0
        },
        {
            "throttle": 0.11622134179310725,
            "brake": 0.022654572947353156,
            "steer": 0.0
        },
        {
            "throttle": 0.1262928357677739,
            "brake": 0.02038911565261784,
            "steer": 0.0
        },
        {
            "throttle": 0.14057909180567607,
            "brake": 0.01835020408735606,
            "steer": 0.0
        },
        {
            "throttle": 0.15878679078611552,
            "brake": 0.016515183678620454,
            "steer": 0.0
        },
        {
            "throttle": 0.1805325723808472,
            "brake": 0.014863665310758408,
            "steer": 0.0
        },
        {
            "throttle": 0.2053518431830596,
            "brake": 0.013377298779682568,
            "steer": 0.0
        },
        {
            "throttle": 0.23270937190289034,
            "brake": 0.012039568901714311,
            "steer": 0.0
        },
        {
            "throttle": 0.2620114377689601,
            "brake": 0.010835612011542881,
            "steer": 0.0
        },
        {
            "throttle": 0.29261926336516153,
            "brake": 0.009752050810388593,
            "steer": 0.0
        },
        {
            "throttle": 0.3238634342440676,
            "brake": 0.008776845729349734,
            "steer": 0.0
        },
        {
            "throttle": 0.3550589854348368,
            "brake": 0.00789916115641476,
            "steer": 0.0
        },
        {
            "throttle": 0.3855208198979772,
            "brake": 0.007109245040773284,
            "steer": 0.0
        },
        {
            "throttle": 0.4145791164058522,
            "brake": 0.006398320536695956,
            "steer": 0.0
        },
        {
            "throttle": 0.373121204765267,
            "brake": 0.0711737571999725,
            "steer": 0.0
        },
        {
            "throttle": 0.3358090842887403,
            "brake": 0.1294716501969214,
            "steer": 0.0
        },
        {
            "throttle": 0.3022281758598663,
            "brake": 0.18193975389417538,
            "steer": 0.0
        },
        {
            "throttle": 0.27200535827387967,
            "brake": 0.229161047221704,
            "steer": 0.0
        },
        {
            "throttle": 0.2448048224464917,
            "brake": 0.27166021121647976,
            "steer": 0.0
        },
        {
            "throttle": 0.22032434020184255,
            "brake": 0.3099094588117779,
            "steer": 0.0
        },
        {
            "throttle": 0.1982919061816583,
            "brake": 0.34433378164754624,
            "steer": 0.0
        },
        {
            "throttle": 0.17846271556349247,
            "brake": 0.37531567219973777,
            "steer": 0.0
        },
        {
            "throttle": 0.16061644400714323,
            "brake": 0.40319937369671016,
            "steer": 0.0
        },
        {
            "throttle": 0.14455479960642892,
            "brake": 0.4282947050439853,
            "steer": 0.0
        },
        {
            "throttle": 0.13009931964578603,
            "brake": 0.45088050325653295,
            "steer": 0.0
        },
        {
            "throttle": 0.11708938768120743,
            "brake": 0.4712077216478258,
            "steer": 0.0
        },
        {
            "throttle": 0.10538044891308669,
            "brake": 0.4895022181999894,
            "steer": 0.0
        },
        {
            "throttle": 0.09484240402177803,
            "brake": 0.5059672650969367,
            "steer": 0.0
        },
        {
            "throttle": 0.08535816361960023,
            "brake": 0.5207858073041891,
            "steer": 0.0
        },
        {
            "throttle": 0.07682234725764021,
            "brake": 0.5341224952907164,
            "steer": 0.0
        },
        {
            "throttle": 0.0691401125318762,
            "brake": 0.5461255144785909,
            "steer": 0.0
        },
        {
            "throttle": 0.06222610127868858,
            "brake": 0.556928231747678,
            "steer": 0.0
        },
        {
            "throttle": 0.05600349115081972,
            "brake": 0.5666506772898564,
            "steer": 0.0
        },
        {
            "throttle": 0.05040314203573775,
            "brake": 0.5754008782778169,
            "steer": 0.0
        },
        {
            "throttle": 0.04536282783216398,
            "brake": 0.5178607904500353,
            "steer": 0.0
        },
        {
            "throttle": 0.04082654504894758,
            "brake": 0.46607471140503176,
            "steer": 0.0
        },
        {
            "throttle": 0.036743890544052825,
            "brake": 0.4194672402645286,
            "steer": 0.0
        },
        {
            "throttle": 0.033069501489647546,
            "brake": 0.37752051623807575,
            "steer": 0.0
        },
        {
            "throttle": 0.029762551340682793,
            "brake": 0.3397684646142682,
            "steer": 0.0
        },
        {
            "throttle": 0.028064656306798056,
            "brake": 0.3057916181528414,
            "steer": 0.0
        },
        {
            "throttle": 0.029498881343861475,
            "brake": 0.27521245633755725,
            "steer": 0.0
        },
        {
            "throttle": 0.03438610289038467,
            "brake": 0.24769121070380154,
            "steer": 0.0
        },
        {
            "throttle": 0.04293486483326025,
            "brake": 0.2229220896334214,
            "steer": 0.0
        },
        {
            "throttle": 0.055240254158471086,
            "brake": 0.20062988067007925,
            "steer": 0.0
        },
        {
            "throttle": 0.07128495522535234,
            "brake": 0.18056689260307132,
            "steer": 0.0
        },
        {
            "throttle": 0.09094249442871914,
            "brake": 0.1625102033427642,
            "steer": 0.0
        },
        {
            "throttle": 0.11398263461148467,
            "brake": 0.14625918300848778,
            "steer": 0.0
        },
        {
            "throttle": 0.14007882744830247,
            "brake": 0.131633264707639,
            "steer": 0.0
        },
        {
            "throttle": 0.16881758324408958,
            "brake": 0.1184699382368751,
            "steer": 0.0
        },
        {
            "throttle": 0.1997095722365943,
            "brake": 0.10662294441318759,
            "steer": 0.0
        },
        {
            "throttle": 0.2322022305428486,
            "brake": 0.09596064997186883,
            "steer": 0.0
        },
        {
            "throttle": 0.26569360823335464,
            "brake": 0.08636458497468195,
            "steer": 0.0
        },
        {
            "throttle": 0.2995471674276086,
            "brake": 0.07772812647721376,
            "steer": 0.0
        },
        {
            "throttle": 0.2695924506848478,
            "brake": 0.13537058254643852,
            "steer": 0.0
        },
        {
            "throttle": 0.242633205616363,
            "brake": 0.1872487930087408,
            "steer": 0.0
        },
        {
            "throttle": 0.2183698850547267,
            "brake": 0.23393918242481287,
            "steer": 0.0
        },
        {
            "throttle": 0.19653289654925404,
            "brake": 0.27596053289927774,
            "steer": 0.0
        },
        {
            "throttle": 0.17687960689432863,
            "brake": 0.3137797483262961,
            "steer": 0.0
        },
        {
            "throttle": 0.1591916462048958,
            "brake": 0.34781704221061266,
            "steer": 0.0
        },
        {
            "throttle": 0.14327248158440622,
            "brake": 0.37845060670649755,
            "steer": 0.0
        },
        {
            "throttle": 0.12894523342596562,
            "brake": 0.40602081475279395,
            "steer": 0.0
        },
        {
            "throttle": 0.11605071008336906,
            "brake": 0.4308340019944607,
            "steer": 0.0
        },
        {
            "throttle": 0.10444563907503215,
            "brake": 0.4531658705119608,
            "steer": 0.0
        },
        {
            "throttle": 0.09400107516752894,
            "brake": 0.47326455217771085,
            "steer": 0.0
        },
        {
            "throttle": 0.08460096765077604,
            "brake": 0.4913533656768859,
            "steer": 0.0
        },
        {
            "throttle": 0.07614087088569844,
            "brake": 0.5076332978261435,
            "steer": 0.0
        },
        {
            "throttle": 0.06852678379712861,
            "brake": 0.5222852367604753,
            "steer": 0.0
        },
        {
            "throttle": 0.06167410541741575,
            "brake": 0.535471981801374,
            "steer": 0.0
        },
        {
            "throttle": 0.055506694875674174,
            "brake": 0.5473400523381828,
            "steer": 0.0
        },
        {
            "throttle": 0.049956025388106756,
            "brake": 0.5580213158213108,
            "steer": 0.0
        },
        {
            "throttle": 0.044960422849296085,
            "brake": 0.5676344529561258,
            "steer": 0.0
        },
        {
            "throttle": 0.04046438056436648,
            "brake": 0.5762862763774593,
            "steer": 0.0
        },
        {
            "throttle": 0.03641794250792983,
            "brake": 0.5840729174566596,
            "steer": 0.0
        },
        {
            "throttle": 0.037713532146731565,
            "brake": 0.5256656257109936,
            "steer": 0.0
        },
        {
            "throttle": 0.035779709883218797,
            "brake": 0.47309906313989425,
            "steer": 0.0
        },
        {
            "throttle": 0.03220173889489692,
            "brake": 0.42578915682590485,
            "steer": 0.0
        },
        {
            "throttle": 0.02898156500540723,
            "brake": 0.38321024114331437,
            "steer": 0.0
        },
        {
            "throttle": 0.02608340850486651,
            "brake": 0.34488921702898295,
            "steer": 0.0
        }
    ],
    "parameters": {
        "cloudiness": 88.29954157102704,
        "fog_density": 54.667498278317666,
        "initial_distance": 42.52813270686384,
        "initial_ego_velocity": 5.28573501947894,
        "initial_lead_velocity": 9.877027829440204,
        "lead_base_throttle": 0.32659288249166246,
        "lead_behavior_frequency": 0.23795690729545838,
        "lead_brake_duration": 20.704346913864903,
        "lead_brake_intensity": 0.6541526871694614,
        "lead_brake_probability": 0.2632719878063619,
        "lead_throttle_variation": 0.3594867013694392,
        "precipitation": 7.533123878688941,
        "precipitation_deposits": 22.710591859223094,
        "sun_altitude_angle": -18.88403860126822,
        "wind_intensity": 36.81147513278229
    },
    "config": {
        "num_timesteps": 200,
        "dt": 0.1,
        "seed": 64
    }
}