{
    "weather": {
        "cloudiness": 50.77332540090078,
        "precipitation": 73.28123456064387,
        "precipitation_deposits": 79.74939139761229,
        "wind_intensity": 44.75660108308951,
        "sun_altitude_angle": 87.60237803167776,
        "fog_density": 22.40066822147286,
        "fog_distance": 473.9331785652637,
        "wetness": 36.64061728032193
    },
    "initial_conditions": {
        "ego": {
            "position": {
                "x": 510.0048070223219,
                "y": 20.57,
                "z": 0.294
            },
            "yaw": 0.0,
            "velocity": 16.611500472225323
        },
        "lead": {
            "position": {
                "x": 484.88,
                "y": 20.57,
                "z": 0.294
            },
            "yaw": 0.0,
            "velocity": 24.00348461078125
        }
    },
    "ego": {
        "position": {
            "x": 510.0048070223219,
            "y": 20.57,
            "z": 0.294
        },
        "yaw": 0.0,
        "velocity": 16.611500472225323
    },
    "lead": {
        "position": {
            "x": 484.88,
            "y": 20.57,
            "z": 0.294
        },
        "yaw": 0.0,
        "velocity": 24.00348461078125
    },
    "ado_actions": [
        {
            "throttle": 0.2838856579320802,
            "brake": 0.0,
            "steer": 0.0
        },
        {
            "throttle": 0.28770881864671155,
            "brake": 0.0,
            "steer": 0.0
        },
        {
            "throttle": 0.2948444195083371,
            "brake": 0.0,
            "steer": 0.0
        },
        {
            "throttle": 0.3047087200972862,
            "brake": 0.0,
            "steer": 0.0
        },
        {
            "throttle": 0.3166607424594548,
            "brake": 0.0,
            "steer": 0.0
        },
        {
            "throttle": 0.3300203581171197,
            "brake": 0.0,
            "steer": 0.0
        },
        {
            "throttle": 0.3440880340718647,
            "brake": 0.0,
            "steer": 0.0
        },
        {
            "throttle": 0.35816554020284463,
            "brake": 0.0,
            "steer": 0.0
        },
        {
            "throttle": 0.37157689161508073,
            "brake": 0.0,
            "steer": 0.0
        },
        {
            "throttle": 0.38368879469821987,
            "brake": 0.0,
            "steer": 0.0
        },
        {
            "throttle": 0.3939298851116304,
            "brake": 0.0,
            "steer": 0.0
        },
        {
            "throttle": 0.40180808899438936,
            "brake": 0.0,
            "steer": 0.0
        },
        {
            "throttle": 0.4069255039895349,
            "brake": 0.0,
            "steer": 0.0
        },
        {
            "throttle": 0.40899028200314286,
            "brake": 0.0,
            "steer": 0.0
        },
        {
            "throttle": 0.40782509814698553,
            "brake": 0.0,
            "steer": 0.0
        },
        {
            "throttle": 0.40337190661555566,
            "brake": 0.0,
            "steer": 0.0
        },
        {
            "throttle": 0.395692810436255,
            "brake": 0.0,
            "steer": 0.0
        },
        {
            "throttle": 0.3849670038838752,
            "brake": 0.0,
            "steer": 0.0
        },
        {
            "throttle": 0.3714838794535607,
            "brake": 0.0,
            "steer": 0.0
        },
        {
            "throttle": 0.35563252118317246,
            "brake": 0.0,
            "steer": 0.0
        },
        {
            "throttle": 0.3378879284556702,
            "brake": 0.0,
            "steer": 0.0
        },
        {
            "throttle": 0.31879442509668965,
            "brake": 0.0,
            "steer": 0.0
        },
        {
            "throttle": 0.29894680390419065,
            "brake": 0.0,
            "steer": 0.0
        },
        {
            "throttle": 0.2789698335131624,
            "brake": 0.0,
            "steer": 0.0
        },
        {
            "throttle": 0.2594968101385067,
            "brake": 0.0,
            "steer": 0.0
        },
        {
            "throttle": 0.24114786939173172,
            "brake": 0.0,
            "steer": 0.0
        },
        {
            "throttle": 0.22450878194169158,
            "brake": 0.0,
            "steer": 0.0
        },
        {
            "throttle": 0.21011094100404912,
            "brake": 0.0,
            "steer": 0.0
        },
        {
            "throttle": 0.19841321003376497,
            "brake": 0.0,
            "steer": 0.0
        },
        {
            "throttle": 0.18978623689471516,
            "brake": 0.0,
            "steer": 0.0
        },
        {
            "throttle": 0.18449975828040113,
            "brake": 0.0,
            "steer": 0.0
        },
        {
            "throttle": 0.18271331803424218,
            "brake": 0.0,
            "steer": 0.0
        },
        {
            "throttle": 0.1844707086333338,
            "brake": 0.0,
            "steer": 0.0
        },
        {
            "throttle": 0.18969832030057893,
            "brake": 0.0,
            "steer": 0.0
        },
        {
            "throttle": 0.1982074511909929,
            "brake": 0.0,
            "steer": 0.0
        },
        {
            "throttle": 0.20970049926161521,
            "brake": 0.0,
            "steer": 0.0
        },
        {
            "throttle": 0.2237808262444942,
            "brake": 0.0,
            "steer": 0.0
        },
        {
            "throttle": 0.23996596097319695,
            "brake": 0.0,
            "steer": 0.0
        },
        {
            "throttle": 0.2577036973037886,
            "brake": 0.0,
            "steer": 0.0
        },
        {
            "throttle": 0.27639054478478564,
            "brake": 0.0,
            "steer": 0.0
        },
        {
            "throttle": 0.295391911329419,
            "brake": 0.0,
            "steer": 0.0
        },
        {
            "throttle": 0.3140633390789285,
            "brake": 0.0,
            "steer": 0.0
        },
        {
            "throttle": 0.33177207936888414,
            "brake": 0.0,
            "steer": 0.0
        },
        {
            "throttle": 0.3479182814075613,
            "brake": 0.0,
            "steer": 0.0
        },
        {
            "throttle": 0.3619550823267639,
            "brake": 0.0,
            "steer": 0.0
        },
        {
            "throttle": 0.37340692323370517,
            "brake": 0.0,
            "steer": 0.0
        },
        {
            "throttle": 0.3818854755367928,
            "brake": 0.0,
            "steer": 0.0
        },
        {
            "throttle": 0.3871026421359001,
            "brake": 0.0,
            "steer": 0.0
        },
        {
            "throttle": 0.38888019636202953,
            "brake": 0.0,
            "steer": 0.0
        },
        {
            "throttle": 0.3871557345214384,
            "brake": 0.0,
            "steer": 0.0
        },
        {
            "throttle": 0.38198474175159886,
            "brake": 0.0,
            "steer": 0.0
        },
        {
            "throttle": 0.373538701471567,
            "brake": 0.0,
            "steer": 0.0
        },
        {
            "throttle": 0.36209931162235676,
            "brake": 0.0,
            "steer": 0.0
        },
        {
            "throttle": 0.3480490016801132,
            "brake": 0.0,
            "steer": 0.0
        },
        {
            "throttle": 0.3318580686939798,
            "brake": 0.0,
            "steer": 0.0
        },
        {
            "throttle": 0.31406886417815777,
            "brake": 0.0,
            "steer": 0.0
        },
        {
            "throttle": 0.29527756275942046,
            "brake": 0.0,
            "steer": 0.0
        },
        {
            "throttle": 0.2761141247200975,
            "brake": 0.0,
            "steer": 0.0
        },
        {
            "throttle": 0.2572211252540197,
            "brake": 0.0,
            "steer": 0.0
        },
        {
            "throttle": 0.23923216133139835,
            "brake": 0.0,
            "steer": 0.0
        },
        {
            "throttle": 0.21530894519825852,
            "brake": 0.06005887207132332,
            "steer": 0.0
        },
        {
            "throttle": 0.19377805067843268,
            "brake": 0.11411185693551432,
            "steer": 0.0
        },
        {
            "throttle": 0.17440024561058942,
            "brake": 0.1627595433132862,
            "steer": 0.0
        },
        {
            "throttle": 0.15696022104953047,
            "brake": 0.20654246105328092,
            "steer": 0.0
        },
        {
            "throttle": 0.14126419894457742,
            "brake": 0.24594708701927614,
            "steer": 0.0
        },
        {
            "throttle": 0.1271377790501197,
            "brake": 0.2814112503886719,
            "steer": 0.0
        },
        {
            "throttle": 0.11442400114510773,
            "brake": 0.313328997421128,
            "steer": 0.0
        },
        {
            "throttle": 0.10298160103059696,
            "brake": 0.34205496975033856,
            "steer": 0.0
        },
        {
            "throttle": 0.09268344092753726,
            "brake": 0.36790834484662804,
            "steer": 0.0
        },
        {
            "throttle": 0.08341509683478354,
            "brake": 0.39117638243328856,
            "steer": 0.0
        },
        {
            "throttle": 0.07507358715130519,
            "brake": 0.412117616261283,
            "steer": 0.0
        },
        {
            "throttle": 0.06756622843617467,
            "brake": 0.43096472670647806,
            "steer": 0.0
        },
        {
            "throttle": 0.06080960559255721,
            "brake": 0.4479271261071536,
            "steer": 0.0
        },
        {
            "throttle": 0.054728645033301486,
            "brake": 0.46319328556776157,
            "steer": 0.0
        },
        {
            "throttle": 0.04925578052997134,
            "brake": 0.4769328290823087,
            "steer": 0.0
        },
        {
            "throttle": 0.0443302024769742,
            "brake": 0.48929841824540116,
            "steer": 0.0
        },
        {
            "throttle": 0.03989718222927678,
            "brake": 0.5004274484921843,
            "steer": 0.0
        },
        {
            "throttle": 0.0359074640063491,
            "brake": 0.5104435757142892,
            "steer": 0.0
        },
        {
            "throttle": 0.032316717605714196,
            "brake": 0.5194580902141837,
            "steer": 0.0
        },
        {
            "throttle": 0.029085045845142776,
            "brake": 0.5275711532640885,
            "steer": 0.0
        },
        {
            "throttle": 0.0261765412606285,
            "brake": 0.534872910009003,
            "steer": 0.0
        },
        {
            "throttle": 0.02355888713456565,
            "brake": 0.541444491079426,
            "steer": 0.0
        },
        {
            "throttle": 0.021202998421109086,
            "brake": 0.5473589140428068,
            "steer": 0.0
        },
        {
            "throttle": 0.019082698578998178,
            "brake": 0.5526818947098495,
            "steer": 0.0
        },
        {
            "throttle": 0.01717442872109836,
            "brake": 0.5574725773101878,
            "steer": 0.0
        },
        {
            "throttle": 0.015456985848988525,
            "brake": 0.5617841916504924,
            "steer": 0.0
        },
        {
            "throttle": 0.013911287264089673,
            "brake": 0.5656646445567666,
            "steer": 0.0
        },
        {
            "throttle": 0.012520158537680705,
            "brake": 0.5691570521724133,
            "steer": 0.0
        },
        {
            "throttle": 0.030695853288745578,
            "brake": 0.512241346955172,
            "steer": 0.0
        },
        {
            "throttle": 0.043748687005611304,
            "brake": 0.4610172122596548,
            "steer": 0.0
        },
        {
            "throttle": 0.05260291602017346,
            "brake": 0.41491549103368935,
            "steer": 0.0
        },
        {
            "throttle": 0.05818754598543842,
            "brake": 0.3734239419303204,
            "steer": 0.0
        },
        {
            "throttle": 0.06141875681721999,
            "brake": 0.3360815477372884,
            "steer": 0.0
        },
        {
            "throttle": 0.06318139575225099,
            "brake": 0.3024733929635596,
            "steer": 0.0
        },
        {
            "throttle": 0.06431029636080962,
            "brake": 0.27222605366720365,
            "steer": 0.0
        },
        {
            "throttle": 0.06557217357096276,
            "brake": 0.2450034483004833,
            "steer": 0.0
        },
        {
            "throttle": 0.06764881315179479,
            "brake": 0.22050310347043497,
            "steer": 0.0
        },
        {
            "throttle": 0.07112221958990178,
            "brake": 0.19845279312339148,
            "steer": 0.0
        },
        {
            "throttle": 0.07646231058522146,
            "brake": 0.17860751381105233,
            "steer": 0.0
        },
        {
            "throttle": 0.08401765192129697,
            "brake": 0.1607467624299471,
            "steer": 0.0
        },
        {
            "throttle": 0.09400961630489807,
            "brake": 0.14467208618695238,
            "steer": 0.0
        },
        {
            "throttle": 0.10653022753097913,
            "brake": 0.13020487756825713,
            "steer": 0.0
        },
        {
            "throttle": 0.12154382103628428,
            "brake": 0.11718438981143142,
            "steer": 0.0
        },
        {
            "throttle": 0.1388925178621073,
            "brake": 0.10546595083028829,
            "steer": 0.0
        },
        {
            "throttle": 0.1583053756905552,
            "brake": 0.09491935574725946,
            "steer": 0.0
        },
        {
            "throttle": 0.1794109523693851,
            "brake": 0.08542742017253352,
            "steer": 0.0
        },
        {
            "throttle": 0.20175289845266883,
            "brake": 0.07688467815528018,
            "steer": 0.0
        },
        {
            "throttle": 0.22480808970363692,
            "brake": 0.06919621033975216,
            "steer": 0.0
        },
        {
            "throttle": 0.2480067217353314,
            "brake": 0.06227658930577695,
            "steer": 0.0
        },
        {
            "throttle": 0.27075371994712955,
            "brake": 0.05604893037519926,
            "steer": 0.0
        },
        {
            "throttle": 0.29245077093416166,
            "brake": 0.05044403733767933,
            "steer": 0.0
        },
        {
            "throttle": 0.312518258148873,
            "brake": 0.0453996336039114,
            "steer": 0.0
        },
        {
            "throttle": 0.3304163855372487,
            "brake": 0.04085967024352026,
            "steer": 0.0
        },
        {
            "throttle": 0.34566479809960493,
            "brake": 0.03677370321916824,
            "steer": 0.0
        },
        {
            "throttle": 0.35786005696733375,
            "brake": 0.03309633289725141,
            "steer": 0.0
        },
        {
            "throttle": 0.3666903969884534,
            "brake": 0.029786699607526272,
            "steer": 0.0
        },
        {
            "throttle": 0.3719472845933527,
            "brake": 0.026808029646773646,
            "steer": 0.0
        },
        {
            "throttle": 0.37353339983585904,
            "brake": 0.02412722668209628,
            "steer": 0.0
        },
        {
            "throttle": 0.3714667853945349,
            "brake": 0.02171450401388665,
            "steer": 0.0
        },
        {
            "throttle": 0.365881032968463,
            "brake": 0.019543053612497988,
            "steer": 0.0
        },
        {
            "throttle": 0.3570215096114218,
            "brake": 0.01758874825124819,
            "steer": 0.0
        },
        {
            "throttle": 0.3452377586703788,
            "brake": 0.01582987342612337,
            "steer": 0.0
        },
        {
            "throttle": 0.33097233768141004,
            "brake": 0.014246886083511033,
            "steer": 0.0
        },
        {
            "throttle": 0.3147464745311988,
            "brake": 0.012822197475159931,
            "steer": 0.0
        },
        {
            "throttle": 0.29714302941202236,
            "brake": 0.011539977727643938,
            "steer": 0.0
        },
        {
            "throttle": 0.2787873400079875,
            "brake": 0.010385979954879545,
            "steer": 0.0
        },
        {
            "throttle": 0.2603265979240936,
            "brake": 0.00934738195939159,
            "steer": 0.0
        },
        {
            "throttle": 0.24240845323142027,
            "brake": 0.008412643763452432,
            "steer": 0.0
        },
        {
            "throttle": 0.22565956950509164,
            "brake": 0.00757137938710719,
            "steer": 0.0
        },
        {
            "throttle": 0.21066485301542495,
            "brake": 0.0068142414483964705,
            "steer": 0.0
        },
        {
            "throttle": 0.19794805674950253,
            "brake": 0.006132817303556823,
            "steer": 0.0
        },
        {
            "throttle": 0.1879544134584324,
            "brake": 0.005519535573201141,
            "steer": 0.0
        },
        {
            "throttle": 0.18103588350251817,
            "brake": 0.004967582015881027,
            "steer": 0.0
        },
        {
            "throttle": 0.1774395151974212,
            "brake": 0.004470823814292924,
            "steer": 0.0
        },
        {
            "throttle": 0.1596955636776791,
            "brake": 0.06408261350418695,
            "steer": 0.0
        },
        {
            "throttle": 0.1437260073099112,
            "brake": 0.11773322422509158,
            "steer": 0.0
        },
        {
            "throttle": 0.12935340657892008,
            "brake": 0.16601877387390573,
            "steer": 0.0
        },
        {
            "throttle": 0.11641806592102807,
            "brake": 0.20947576855783848,
            "steer": 0.0
        },
        {
            "throttle": 0.10477625932892527,
            "brake": 0.24858706377337794,
            "steer": 0.0
        },
        {
            "throttle": 0.09429863339603274,
            "brake": 0.28378722946736346,
            "steer": 0.0
        },
        {
            "throttle": 0.08486877005642947,
            "brake": 0.31546737859195045,
            "steer": 0.0
        },
        {
            "throttle": 0.07638189305078652,
            "brake": 0.34397951280407874,
            "steer": 0.0
        },
        {
            "throttle": 0.06874370374570787,
            "brake": 0.3696404335949942,
            "steer": 0.0
        },
        {
            "throttle": 0.061869333371137085,
            "brake": 0.3927352623068181,
            "steer": 0.0
        },
        {
            "throttle": 0.055682400034023374,
            "brake": 0.4135206081474596,
            "steer": 0.0
        },
        {
            "throttle": 0.05011416003062104,
            "brake": 0.43222741940403697,
            "steer": 0.0
        },
        {
            "throttle": 0.045102744027558934,
            "brake": 0.4490635495349566,
            "steer": 0.0
        },
        {
            "throttle": 0.04059246962480304,
            "brake": 0.46421606665278425,
            "steer": 0.0
        },
        {
            "throttle": 0.036533222662322735,
            "brake": 0.4778533320588292,
            "steer": 0.0
        },
        {
            "throttle": 0.03287990039609046,
            "brake": 0.4901268709242696,
            "steer": 0.0
        },
        {
            "throttle": 0.029591910356481416,
            "brake": 0.501173055903166,
            "steer": 0.0
        },
        {
            "throttle": 0.026632719320833276,
            "brake": 0.5111146223841727,
            "steer": 0.0
        },
        {
            "throttle": 0.02396944738874995,
            "brake": 0.5200620322170788,
            "steer": 0.0
        },
        {
            "throttle": 0.021572502649874956,
            "brake": 0.5281147010666942,
            "steer": 0.0
        },
        {
            "throttle": 0.01941525238488746,
            "brake": 0.5353621030313481,
            "steer": 0.0
        },
        {
            "throttle": 0.017473727146398714,
            "brake": 0.5418847647995366,
            "steer": 0.0
        },
        {
            "throttle": 0.015726354431758842,
            "brake": 0.5477551603909063,
            "steer": 0.0
        },
        {
            "throttle": 0.014153718988582958,
            "brake": 0.5530385164231391,
            "steer": 0.0
        },
        {
            "throttle": 0.012738347089724662,
            "brake": 0.5577935368521485,
            "steer": 0.0
        },
        {
            "throttle": 0.011464512380752197,
            "brake": 0.562073055238257,
            "steer": 0.0
        },
        {
            "throttle": 0.010318061142676978,
            "brake": 0.5659246217857546,
            "steer": 0.0
        },
        {
            "throttle": 0.00928625502840928,
            "brake": 0.5693910316785025,
            "steer": 0.0
        },
        {
            "throttle": 0.015933925110604603,
            "brake": 0.5124519285106522,
            "steer": 0.0
        },
        {
            "throttle": 0.021829369724257572,
            "brake": 0.46120673565958703,
            "steer": 0.0
        },
        {
            "throttle": 0.027749748721547386,
            "brake": 0.41508606209362836,
            "steer": 0.0
        },
        {
            "throttle": 0.03437386811181134,
            "brake": 0.37357745588426555,
            "steer": 0.0
        },
        {
            "throttle": 0.04226913335458163,
            "brake": 0.336219710295839,
            "steer": 0.0
        },
        {
            "throttle": 0.05188126898227698,
            "brake": 0.3025977392662551,
            "steer": 0.0
        },
        {
            "throttle": 0.06352724734521616,
            "brake": 0.2723379653396296,
            "steer": 0.0
        },
        {
            "throttle": 0.07739175173854951,
            "brake": 0.24510416880566666,
            "steer": 0.0
        },
        {
            "throttle": 0.09352737168864321,
            "brake": 0.2205937519251,
            "steer": 0.0
        },
        {
            "throttle": 0.11185859492949107,
            "brake": 0.19853437673259,
            "steer": 0.0
        },
        {
            "throttle": 0.13218952597532987,
            "brake": 0.178680939059331,
            "steer": 0.0
        },
        {
            "throttle": 0.15421512963629938,
            "brake": 0.1608128451533979,
            "steer": 0.0
        },
        {
            "throttle": 0.1775356736771696,
            "brake": 0.14473156063805812,
            "steer": 0.0
        },
        {
            "throttle": 0.20167393219046859,
            "brake": 0.1302584045742523,
            "steer": 0.0
        },
        {
            "throttle": 0.22609461386994079,
            "brake": 0.11723256411682707,
            "steer": 0.0
        },
        {
            "throttle": 0.25022540044710684,
            "brake": 0.10550930770514437,
            "steer": 0.0
        },
        {
            "throttle": 0.27347892269684804,
            "brake": 0.09495837693462994,
            "steer": 0.0
        },
        {
            "throttle": 0.295274966528603,
            "brake": 0.08546253924116695,
            "steer": 0.0
        },
        {
            "throttle": 0.3150621908919522,
            "brake": 0.07691628531705026,
            "steer": 0.0
        },
        {
            "throttle": 0.33233865286739284,
            "brake": 0.06922465678534524,
            "steer": 0.0
        },
        {
            "throttle": 0.3466704728961943,
            "brake": 0.06230219110681072,
            "steer": 0.0
        },
        {
            "throttle": 0.35770803333756135,
            "brake": 0.05607197199612965,
            "steer": 0.0
        },
        {
            "throttle": 0.36519918437911175,
            "brake": 0.05046477479651668,
            "steer": 0.0
        },
        {
            "throttle": 0.36899903003056517,
            "brake": 0.04541829731686502,
            "steer": 0.0
        },
        {
            "throttle": 0.36907598016540766,
            "brake": 0.040876467585178516,
            "steer": 0.0
        },
        {
            "throttle": 0.3655138785199642,
            "brake": 0.03678882082666066,
            "steer": 0.0
        },
        {
            "throttle": 0.3585101470347191,
            "brake": 0.0331099387439946,
            "steer": 0.0
        },
        {
            "throttle": 0.34837001953209606,
            "brake": 0.02979894486959514,
            "steer": 0.0
        },
        {
            "throttle": 0.3354970680012558,
            "brake": 0.026819050382635625,
            "steer": 0.0
        },
        {
            "throttle": 0.3203803483164825,
            "brake": 0.024137145344372064,
            "steer": 0.0
        },
        {
            "throttle": 0.3035786048909948,
            "brake": 0.021723430809934857,
            "steer": 0.0
        },
        {
            "throttle": 0.28570207176861806,
            "brake": 0.01955108772894137,
            "steer": 0.0
        },
        {
            "throttle": 0.26739248768161317,
            "brake": 0.017595978956047233,
            "steer": 0.0
        },
        {
            "throttle": 0.2493020019585433,
            "brake": 0.01583638106044251,
            "steer": 0.0
        },
        {
            "throttle": 0.23207168485086394,
            "brake": 0.014252742954398259,
            "steer": 0.0
        },
        {
            "throttle": 0.21631036862254577,
            "brake": 0.012827468658958433,
            "steer": 0.0
        },
        {
            "throttle": 0.20257453417873333,
            "brake": 0.01154472179306259,
            "steer": 0.0
        },
        {
            "throttle": 0.19134992248063423,
            "brake": 0.010390249613756331,
            "steer": 0.0
        }
    ],
    "parameters": {
        "cloudiness": 50.77332540090078,
        "fog_density": 22.40066822147286,
        "initial_distance": 25.124807022321935,
        "initial_ego_velocity": 16.611500472225323,
        "initial_lead_velocity": 24.00348461078125,
        "lead_base_throttle": 0.2838856579320802,
        "lead_behavior_frequency": 0.2920845650465938,
        "lead_brake_duration": 28.36329705636768,
        "lead_brake_intensity": 0.6005887207132332,
        "lead_brake_probability": 0.2563981932275257,
        "lead_throttle_variation": 0.20949549518388824,
        "precipitation": 73.28123456064387,
        "precipitation_deposits": 79.74939139761229,
        "sun_altitude_angle": 87.60237803167776,
        "wind_intensity": 44.75660108308951
    },
    "config": {
        "num_timesteps": 200,
        "dt": 0.1,
        "seed": 59
    }
}