{
    "weather": {
        "cloudiness": 63.04117791867891,
        "precipitation": 13.644788943748443,
        "precipitation_deposits": 59.777358587251165,
        "wind_intensity": 32.97879349296688,
        "sun_altitude_angle": -8.527276115514788,
        "fog_density": 11.740577388924258,
        "fog_distance": 676.141720209865,
        "wetness": 6.8223944718742215
    },
    "initial_conditions": {
        "ego": {
            "position": {
                "x": 518.0895681736685,
                "y": 20.57,
                "z": 0.294
            },
            "yaw": 0.0,
            "velocity": 15.22310355616246
        },
        "lead": {
            "position": {
                "x": 484.88,
                "y": 20.57,
                "z": 0.294
            },
            "yaw": 0.0,
            "velocity": 22.130365138312953
        }
    },
    "ego": {
        "position": {
            "x": 518.0895681736685,
            "y": 20.57,
            "z": 0.294
        },
        "yaw": 0.0,
        "velocity": 15.22310355616246
    },
    "lead": {
        "position": {
            "x": 484.88,
            "y": 20.57,
            "z": 0.294
        },
        "yaw": 0.0,
        "velocity": 22.130365138312953
    },
    "ado_actions": [
        {
            "throttle": 0.48499109820839365,
            "brake": 0.0,
            "steer": 0.0
        },
        {
            "throttle": 0.48887537123807623,
            "brake": 0.0,
            "steer": 0.0
        },
        {
            "throttle": 0.49621401482169025,
            "brake": 0.0,
            "steer": 0.0
        },
        {
            "throttle": 0.5065790844184835,
            "brake": 0.0,
            "steer": 0.0
        },
        {
            "throttle": 0.5195452786208803,
            "brake": 0.0,
            "steer": 0.0
        },
        {
            "throttle": 0.5346909845573301,
            "brake": 0.0,
            "steer": 0.0
        },
        {
            "throttle": 0.5515996334945816,
            "brake": 0.0,
            "steer": 0.0
        },
        {
            "throttle": 0.569861317206184,
            "brake": 0.0,
            "steer": 0.0
        },
        {
            "throttle": 0.5890746163854781,
            "brake": 0.0,
            "steer": 0.0
        },
        {
            "throttle": 0.6088485932634473,
            "brake": 0.0,
            "steer": 0.0
        },
        {
            "throttle": 0.6288049016701018,
            "brake": 0.0,
            "steer": 0.0
        },
        {
            "throttle": 0.648579969072511,
            "brake": 0.0,
            "steer": 0.0
        },
        {
            "throttle": 0.6678272066476778,
            "brake": 0.0,
            "steer": 0.0
        },
        {
            "throttle": 0.6862192052133618,
            "brake": 0.0,
            "steer": 0.0
        },
        {
            "throttle": 0.7034498768487987,
            "brake": 0.0,
            "steer": 0.0
        },
        {
            "throttle": 0.719236504289225,
            "brake": 0.0,
            "steer": 0.0
        },
        {
            "throttle": 0.7333216626677272,
            "brake": 0.0,
            "steer": 0.0
        },
        {
            "throttle": 0.7454749808953373,
            "brake": 0.0,
            "steer": 0.0
        },
        {
            "throttle": 0.7554947129015205,
            "brake": 0.0,
            "steer": 0.0
        },
        {
            "throttle": 0.7632090920844912,
            "brake": 0.0,
            "steer": 0.0
        },
        {
            "throttle": 0.7684774456229463,
            "brake": 0.0,
            "steer": 0.0
        },
        {
            "throttle": 0.7711910487535378,
            "brake": 0.0,
            "steer": 0.0
        },
        {
            "throttle": 0.7712737026947121,
            "brake": 0.0,
            "steer": 0.0
        },
        {
            "throttle": 0.768682023568136,
            "brake": 0.0,
            "steer": 0.0
        },
        {
            "throttle": 0.7634054334026037,
            "brake": 0.0,
            "steer": 0.0
        },
        {
            "throttle": 0.7554658480694035,
            "brake": 0.0,
            "steer": 0.0
        },
        {
            "throttle": 0.744917060758915,
            "brake": 0.0,
            "steer": 0.0
        },
        {
            "throttle": 0.7318438233313662,
            "brake": 0.0,
            "steer": 0.0
        },
        {
            "throttle": 0.7163606315257114,
            "brake": 0.0,
            "steer": 0.0
        },
        {
            "throttle": 0.6986102235552163,
            "brake": 0.0,
            "steer": 0.0
        },
        {
            "throttle": 0.6787618050229814,
            "brake": 0.0,
            "steer": 0.0
        },
        {
            "throttle": 0.6570090163227409,
            "brake": 0.0,
            "steer": 0.0
        },
        {
            "throttle": 0.6335676617187981,
            "brake": 0.0,
            "steer": 0.0
        },
        {
            "throttle": 0.6086732220946487,
            "brake": 0.0,
            "steer": 0.0
        },
        {
            "throttle": 0.582578175895635,
            "brake": 0.0,
            "steer": 0.0
        },
        {
            "throttle": 0.5555491550423081,
            "brake": 0.0,
            "steer": 0.0
        },
        {
            "throttle": 0.527863964536265,
            "brake": 0.0,
            "steer": 0.0
        },
        {
            "throttle": 0.49980849610034134,
            "brake": 0.0,
            "steer": 0.0
        },
        {
            "throttle": 0.4716735674747012,
            "brake": 0.0,
            "steer": 0.0
        },
        {
            "throttle": 0.44375171991756945,
            "brake": 0.0,
            "steer": 0.0
        },
        {
            "throttle": 0.4163340070256628,
            "brake": 0.0,
            "steer": 0.0
        },
        {
            "throttle": 0.38970680819009634,
            "brake": 0.0,
            "steer": 0.0
        },
        {
            "throttle": 0.36414869983772175,
            "brake": 0.0,
            "steer": 0.0
        },
        {
            "throttle": 0.33992741707834145,
            "brake": 0.0,
            "steer": 0.0
        },
        {
            "throttle": 0.31729693749167187,
            "brake": 0.0,
            "steer": 0.0
        },
        {
            "throttle": 0.29649471755463397,
            "brake": 0.0,
            "steer": 0.0
        },
        {
            "throttle": 0.2777391106434927,
            "brake": 0.0,
            "steer": 0.0
        },
        {
            "throttle": 0.2612269936639735,
            "brake": 0.0,
            "steer": 0.0
        },
        {
            "throttle": 0.2471316271864853,
            "brake": 0.0,
            "steer": 0.0
        },
        {
            "throttle": 0.23560077151678288,
            "brake": 0.0,
            "steer": 0.0
        },
        {
            "throttle": 0.2267550784414482,
            "brake": 0.0,
            "steer": 0.0
        },
        {
            "throttle": 0.22068677548166163,
            "brake": 0.0,
            "steer": 0.0
        },
        {
            "throttle": 0.21745865639931372,
            "brake": 0.0,
            "steer": 0.0
        },
        {
            "throttle": 0.21710338845994523,
            "brake": 0.0,
            "steer": 0.0
        },
        {
            "throttle": 0.2196231436022214,
            "brake": 0.0,
            "steer": 0.0
        },
        {
            "throttle": 0.2249895572297801,
            "brake": 0.0,
            "steer": 0.0
        },
        {
            "throttle": 0.23314401486527545,
            "brake": 0.0,
            "steer": 0.0
        },
        {
            "throttle": 0.24399826342563838,
            "brake": 0.0,
            "steer": 0.0
        },
        {
            "throttle": 0.25743534042937766,
            "brake": 0.0,
            "steer": 0.0
        },
        {
            "throttle": 0.2733108110681715,
            "brake": 0.0,
            "steer": 0.0
        },
        {
            "throttle": 0.2914542998023055,
            "brake": 0.0,
            "steer": 0.0
        },
        {
            "throttle": 0.3116713000078045,
            "brake": 0.0,
            "steer": 0.0
        },
        {
            "throttle": 0.3337452422459683,
            "brake": 0.0,
            "steer": 0.0
        },
        {
            "throttle": 0.35743979897516354,
            "brake": 0.0,
            "steer": 0.0
        },
        {
            "throttle": 0.38250140100963526,
            "brake": 0.0,
            "steer": 0.0
        },
        {
            "throttle": 0.4086619387777432,
            "brake": 0.0,
            "steer": 0.0
        },
        {
            "throttle": 0.435641619466548,
            "brake": 0.0,
            "steer": 0.0
        },
        {
            "throttle": 0.4631519494821419,
            "brake": 0.0,
            "steer": 0.0
        },
        {
            "throttle": 0.4908988103233146,
            "brake": 0.0,
            "steer": 0.0
        },
        {
            "throttle": 0.5185855949743567,
            "brake": 0.0,
            "steer": 0.0
        },
        {
            "throttle": 0.5459163712816868,
            "brake": 0.0,
            "steer": 0.0
        },
        {
            "throttle": 0.5725990384954406,
            "brake": 0.0,
            "steer": 0.0
        },
        {
            "throttle": 0.5983484432342658,
            "brake": 0.0,
            "steer": 0.0
        },
        {
            "throttle": 0.6228894215685443,
            "brake": 0.0,
            "steer": 0.0
        },
        {
            "throttle": 0.6459597347094845,
            "brake": 0.0,
            "steer": 0.0
        },
        {
            "throttle": 0.667312866930585,
            "brake": 0.0,
            "steer": 0.0
        },
        {
            "throttle": 0.6867206558217104,
            "brake": 0.0,
            "steer": 0.0
        },
        {
            "throttle": 0.7039757267687661,
            "brake": 0.0,
            "steer": 0.0
        },
        {
            "throttle": 0.718893705644569,
            "brake": 0.0,
            "steer": 0.0
        },
        {
            "throttle": 0.7313151860666833,
            "brake": 0.0,
            "steer": 0.0
        },
        {
            "throttle": 0.7411074302004267,
            "brake": 0.0,
            "steer": 0.0
        },
        {
            "throttle": 0.7481657849319816,
            "brake": 0.0,
            "steer": 0.0
        },
        {
            "throttle": 0.7524147982771805,
            "brake": 0.0,
            "steer": 0.0
        },
        {
            "throttle": 0.7538090240936239,
            "brake": 0.0,
            "steer": 0.0
        },
        {
            "throttle": 0.7523335064931675,
            "brake": 0.0,
            "steer": 0.0
        },
        {
            "throttle": 0.7480039387729281,
            "brake": 0.0,
            "steer": 0.0
        },
        {
            "throttle": 0.7408664951593011,
            "brake": 0.0,
            "steer": 0.0
        },
        {
            "throttle": 0.7309973371539437,
            "brake": 0.0,
            "steer": 0.0
        },
        {
            "throttle": 0.7185017997459473,
            "brake": 0.0,
            "steer": 0.0
        },
        {
            "throttle": 0.7035132661734101,
            "brake": 0.0,
            "steer": 0.0
        },
        {
            "throttle": 0.6861917432438207,
            "brake": 0.0,
            "steer": 0.0
        },
        {
            "throttle": 0.6667221524205694,
            "brake": 0.0,
            "steer": 0.0
        },
        {
            "throttle": 0.6453123549183745,
            "brake": 0.0,
            "steer": 0.0
        },
        {
            "throttle": 0.6221909318910378,
            "brake": 0.0,
            "steer": 0.0
        },
        {
            "throttle": 0.5976047434104078,
            "brake": 0.0,
            "steer": 0.0
        },
        {
            "throttle": 0.5718162922977954,
            "brake": 0.0,
            "steer": 0.0
        },
        {
            "throttle": 0.5451009209531504,
            "brake": 0.0,
            "steer": 0.0
        },
        {
            "throttle": 0.5177438711108028,
            "brake": 0.0,
            "steer": 0.0
        },
        {
            "throttle": 0.49003723791447146,
            "brake": 0.0,
            "steer": 0.0
        },
        {
            "throttle": 0.46227685083291303,
            "brake": 0.0,
            "steer": 0.0
        },
        {
            "throttle": 0.4347591147189722,
            "brake": 0.0,
            "steer": 0.0
        },
        {
            "throttle": 0.407777844740568,
            "brake": 0.0,
            "steer": 0.0
        },
        {
            "throttle": 0.3816211289777583,
            "brake": 0.0,
            "steer": 0.0
        },
        {
            "throttle": 0.35656825218477195,
            "brake": 0.0,
            "steer": 0.0
        },
        {
            "throttle": 0.3328867135629368,
            "brake": 0.0,
            "steer": 0.0
        },
        {
            "throttle": 0.3108293703867373,
            "brake": 0.0,
            "steer": 0.0
        },
        {
            "throttle": 0.29063173798152614,
            "brake": 0.0,
            "steer": 0.0
        },
        {
            "throttle": 0.27250947488203875,
            "brake": 0.0,
            "steer": 0.0
        },
        {
            "throttle": 0.2566560800236431,
            "brake": 0.0,
            "steer": 0.0
        },
        {
            "throttle": 0.24324082655431606,
            "brake": 0.0,
            "steer": 0.0
        },
        {
            "throttle": 0.23240695432884242,
            "brake": 0.0,
            "steer": 0.0
        },
        {
            "throttle": 0.22427014038466533,
            "brake": 0.0,
            "steer": 0.0
        },
        {
            "throttle": 0.2189172637306674,
            "brake": 0.0,
            "steer": 0.0
        },
        {
            "throttle": 0.21640547763762627,
            "brake": 0.0,
            "steer": 0.0
        },
        {
            "throttle": 0.21676159933572212,
            "brake": 0.0,
            "steer": 0.0
        },
        {
            "throttle": 0.21998182363533453,
            "brake": 0.0,
            "steer": 0.0
        },
        {
            "throttle": 0.22603176352864643,
            "brake": 0.0,
            "steer": 0.0
        },
        {
            "throttle": 0.2348468173381979,
            "brake": 0.0,
            "steer": 0.0
        },
        {
            "throttle": 0.24633285849179026,
            "brake": 0.0,
            "steer": 0.0
        },
        {
            "throttle": 0.2603672405582563,
            "brake": 0.0,
            "steer": 0.0
        },
        {
            "throttle": 0.2768001068123709,
            "brake": 0.0,
            "steer": 0.0
        },
        {
            "throttle": 0.2954559903455262,
            "brake": 0.0,
            "steer": 0.0
        },
        {
            "throttle": 0.3161356876364474,
            "brake": 0.0,
            "steer": 0.0
        },
        {
            "throttle": 0.3386183855763184,
            "brake": 0.0,
            "steer": 0.0
        },
        {
            "throttle": 0.36266401923638736,
            "brake": 0.0,
            "steer": 0.0
        },
        {
            "throttle": 0.3880158352023339,
            "brake": 0.0,
            "steer": 0.0
        },
        {
            "throttle": 0.41440313310471155,
            "brake": 0.0,
            "steer": 0.0
        },
        {
            "throttle": 0.44154415607206254,
            "brake": 0.0,
            "steer": 0.0
        },
        {
            "throttle": 0.46914909924315956,
            "brake": 0.0,
            "steer": 0.0
        },
        {
            "throttle": 0.4969232042142372,
            "brake": 0.0,
            "steer": 0.0
        },
        {
            "throttle": 0.5245699063794955,
            "brake": 0.0,
            "steer": 0.0
        },
        {
            "throttle": 0.5517940015583862,
            "brake": 0.0,
            "steer": 0.0
        },
        {
            "throttle": 0.578304798097262,
            "brake": 0.0,
            "steer": 0.0
        },
        {
            "throttle": 0.603819220788074,
            "brake": 0.0,
            "steer": 0.0
        },
        {
            "throttle": 0.6280648334612973,
            "brake": 0.0,
            "steer": 0.0
        },
        {
            "throttle": 0.6507827479786364,
            "brake": 0.0,
            "steer": 0.0
        },
        {
            "throttle": 0.6717303885640671,
            "brake": 0.0,
            "steer": 0.0
        },
        {
            "throttle": 0.6906840819564234,
            "brake": 0.0,
            "steer": 0.0
        },
        {
            "throttle": 0.7074414457265779,
            "brake": 0.0,
            "steer": 0.0
        },
        {
            "throttle": 0.7218235492574034,
            "brake": 0.0,
            "steer": 0.0
        },
        {
            "throttle": 0.7336768243121546,
            "brake": 0.0,
            "steer": 0.0
        },
        {
            "throttle": 0.7428747047907305,
            "brake": 0.0,
            "steer": 0.0
        },
        {
            "throttle": 0.749318978164941,
            "brake": 0.0,
            "steer": 0.0
        },
        {
            "throttle": 0.7529408341625115,
            "brake": 0.0,
            "steer": 0.0
        },
        {
            "throttle": 0.7537015995022537,
            "brake": 0.0,
            "steer": 0.0
        },
        {
            "throttle": 0.751593150835091,
            "brake": 0.0,
            "steer": 0.0
        },
        {
            "throttle": 0.7466380014816557,
            "brake": 0.0,
            "steer": 0.0
        },
        {
            "throttle": 0.7388890610402838,
            "brake": 0.0,
            "steer": 0.0
        },
        {
            "throttle": 0.7284290704322344,
            "brake": 0.0,
            "steer": 0.0
        },
        {
            "throttle": 0.7153697184165484,
            "brake": 0.0,
            "steer": 0.0
        },
        {
            "throttle": 0.699850449008145,
            "brake": 0.0,
            "steer": 0.0
        },
        {
            "throttle": 0.6820369725331972,
            "brake": 0.0,
            "steer": 0.0
        },
        {
            "throttle": 0.6621194962203115,
            "brake": 0.0,
            "steer": 0.0
        },
        {
            "throttle": 0.6403106932207525,
            "brake": 0.0,
            "steer": 0.0
        },
        {
            "throttle": 0.616843431743935,
            "brake": 0.0,
            "steer": 0.0
        },
        {
            "throttle": 0.5919682885558305,
            "brake": 0.0,
            "steer": 0.0
        },
        {
            "throttle": 0.5659508733904446,
            "brake": 0.0,
            "steer": 0.0
        },
        {
            "throttle": 0.5390689928435408,
            "brake": 0.0,
            "steer": 0.0
        },
        {
            "throttle": 0.5116096840317508,
            "brake": 0.0,
            "steer": 0.0
        },
        {
            "throttle": 0.4838661496908194,
            "brake": 0.0,
            "steer": 0.0
        },
        {
            "throttle": 0.45613462743913746,
            "brake": 0.0,
            "steer": 0.0
        },
        {
            "throttle": 0.42871122663568045,
            "brake": 0.0,
            "steer": 0.0
        },
        {
            "throttle": 0.4018887666074917,
            "brake": 0.0,
            "steer": 0.0
        },
        {
            "throttle": 0.3759536500072214,
            "brake": 0.0,
            "steer": 0.0
        },
        {
            "throttle": 0.3511828046861277,
            "brake": 0.0,
            "steer": 0.0
        },
        {
            "throttle": 0.32784072673635495,
            "brake": 0.0,
            "steer": 0.0
        },
        {
            "throttle": 0.3061766562760494,
            "brake": 0.0,
            "steer": 0.0
        },
        {
            "throttle": 0.28642191613348095,
            "brake": 0.0,
            "steer": 0.0
        },
        {
            "throttle": 0.2687874418469504,
            "brake": 0.0,
            "steer": 0.0
        },
        {
            "throttle": 0.2534615293544457,
            "brake": 0.0,
            "steer": 0.0
        },
        {
            "throttle": 0.24060782442258144,
            "brake": 0.0,
            "steer": 0.0
        },
        {
            "throttle": 0.23036357528313123,
            "brake": 0.0,
            "steer": 0.0
        },
        {
            "throttle": 0.222838167135007,
            "brake": 0.0,
            "steer": 0.0
        },
        {
            "throttle": 0.21811195415985904,
            "brake": 0.0,
            "steer": 0.0
        },
        {
            "throttle": 0.21623540152270443,
            "brake": 0.0,
            "steer": 0.0
        },
        {
            "throttle": 0.21722854651905812,
            "brake": 0.0,
            "steer": 0.0
        },
        {
            "throttle": 0.2210807846222863,
            "brake": 0.0,
            "steer": 0.0
        },
        {
            "throttle": 0.2277509827157056,
            "brake": 0.0,
            "steer": 0.0
        },
        {
            "throttle": 0.23716791830036937,
            "brake": 0.0,
            "steer": 0.0
        },
        {
            "throttle": 0.2492310399888018,
            "brake": 0.0,
            "steer": 0.0
        },
        {
            "throttle": 0.26381154116434247,
            "brake": 0.0,
            "steer": 0.0
        },
        {
            "throttle": 0.28075373534186954,
            "brake": 0.0,
            "steer": 0.0
        },
        {
            "throttle": 0.2998767185441855,
            "brake": 0.0,
            "steer": 0.0
        },
        {
            "throttle": 0.3209763009436806,
            "brake": 0.0,
            "steer": 0.0
        },
        {
            "throttle": 0.3438271871437461,
            "brake": 0.0,
            "steer": 0.0
        },
        {
            "throttle": 0.368185381819509,
            "brake": 0.0,
            "steer": 0.0
        },
        {
            "throttle": 0.39379079503113196,
            "brake": 0.0,
            "steer": 0.0
        },
        {
            "throttle": 0.4203700193908786,
            "brake": 0.0,
            "steer": 0.0
        },
        {
            "throttle": 0.44763924943013617,
            "brake": 0.0,
            "steer": 0.0
        },
        {
            "throttle": 0.4753073119942162,
            "brake": 0.0,
            "steer": 0.0
        },
        {
            "throttle": 0.5030787753072335,
            "brake": 0.0,
            "steer": 0.0
        },
        {
            "throttle": 0.5306571035093419,
            "brake": 0.0,
            "steer": 0.0
        },
        {
            "throttle": 0.5577478229830695,
            "brake": 0.0,
            "steer": 0.0
        },
        {
            "throttle": 0.5840616666596112,
            "brake": 0.0,
            "steer": 0.0
        },
        {
            "throttle": 0.6093176627310639,
            "brake": 0.0,
            "steer": 0.0
        },
        {
            "throttle": 0.6332461347882026,
            "brake": 0.0,
            "steer": 0.0
        },
        {
            "throttle": 0.6555915813491746,
            "brake": 0.0,
            "steer": 0.0
        },
        {
            "throttle": 0.6761154040323141,
            "brake": 0.0,
            "steer": 0.0
        },
        {
            "throttle": 0.6945984552424169,
            "brake": 0.0,
            "steer": 0.0
        },
        {
            "throttle": 0.7108433781669992,
            "brake": 0.0,
            "steer": 0.0
        }
    ],
    "parameters": {
        "cloudiness": 63.04117791867891,
        "fog_density": 11.740577388924258,
        "initial_distance": 33.20956817366846,
        "initial_ego_velocity": 15.22310355616246,
        "initial_lead_velocity": 22.130365138312953,
        "lead_base_throttle": 0.48499109820839365,
        "lead_behavior_frequency": 0.1645329059120103,
        "lead_brake_duration": 11.114562765238443,
        "lead_brake_intensity": 0.709115416667994,
        "lead_brake_probability": 0.07197518789311226,
        "lead_throttle_variation": 0.37640116274730206,
        "precipitation": 13.644788943748443,
        "precipitation_deposits": 59.777358587251165,
        "sun_altitude_angle": -8.527276115514788,
        "wind_intensity": 32.97879349296688
    },
    "config": {
        "num_timesteps": 200,
        "dt": 0.1,
        "seed": 240
    }
}