{
    "weather": {
        "cloudiness": 64.2243497395385,
        "precipitation": 54.0030181562857,
        "precipitation_deposits": 15.249517631710763,
        "wind_intensity": 26.068976776934772,
        "sun_altitude_angle": 68.43665498626596,
        "fog_density": 8.262253094587573,
        "fog_distance": 759.2619496033271,
        "wetness": 27.00150907814285
    },
    "initial_conditions": {
        "ego": {
            "position": {
                "x": 521.2834303538802,
                "y": 20.57,
                "z": 0.294
            },
            "yaw": 0.0,
            "velocity": 18.969829300583125
        },
        "lead": {
            "position": {
                "x": 484.88,
                "y": 20.57,
                "z": 0.294
            },
            "yaw": 0.0,
            "velocity": 11.296599581124962
        }
    },
    "ego": {
        "position": {
            "x": 521.2834303538802,
            "y": 20.57,
            "z": 0.294
        },
        "yaw": 0.0,
        "velocity": 18.969829300583125
    },
    "lead": {
        "position": {
            "x": 484.88,
            "y": 20.57,
            "z": 0.294
        },
        "yaw": 0.0,
        "velocity": 11.296599581124962
    },
    "ado_actions": [
        {
            "throttle": 0.21090203830279203,
            "brake": 0.0,
            "steer": 0.0
        },
        {
            "throttle": 0.21333385554432716,
            "brake": 0.0,
            "steer": 0.0
        },
        {
            "throttle": 0.21793863288168322,
            "brake": 0.0,
            "steer": 0.0
        },
        {
            "throttle": 0.22446782450545755,
            "brake": 0.0,
            "steer": 0.0
        },
        {
            "throttle": 0.2326823662442075,
            "brake": 0.0,
            "steer": 0.0
        },
        {
            "throttle": 0.2423520279294668,
            "brake": 0.0,
            "steer": 0.0
        },
        {
            "throttle": 0.2532549276805936,
            "brake": 0.0,
            "steer": 0.0
        },
        {
            "throttle": 0.265177189354,
            "brake": 0.0,
            "steer": 0.0
        },
        {
            "throttle": 0.27791272566711595,
            "brake": 0.0,
            "steer": 0.0
        },
        {
            "throttle": 0.291263130667116,
            "brake": 0.0,
            "steer": 0.0
        },
        {
            "throttle": 0.3050376662823993,
            "brake": 0.0,
            "steer": 0.0
        },
        {
            "throttle": 0.3190533286838742,
            "brake": 0.0,
            "steer": 0.0
        },
        {
            "throttle": 0.33313498110461065,
            "brake": 0.0,
            "steer": 0.0
        },
        {
            "throttle": 0.34711554063040245,
            "brake": 0.0,
            "steer": 0.0
        },
        {
            "throttle": 0.36083620728901683,
            "brake": 0.0,
            "steer": 0.0
        },
        {
            "throttle": 0.37414672454007086,
            "brake": 0.0,
            "steer": 0.0
        },
        {
            "throttle": 0.38690566100720264,
            "brake": 0.0,
            "steer": 0.0
        },
        {
            "throttle": 0.3989807040051989,
            "brake": 0.0,
            "steer": 0.0
        },
        {
            "throttle": 0.4102489561018428,
            "brake": 0.0,
            "steer": 0.0
        },
        {
            "throttle": 0.42059722662149923,
            "brake": 0.0,
            "steer": 0.0
        },
        {
            "throttle": 0.42992231064819664,
            "brake": 0.0,
            "steer": 0.0
        },
        {
            "throttle": 0.43813124872286374,
            "brake": 0.0,
            "steer": 0.0
        },
        {
            "throttle": 0.44514156105451386,
            "brake": 0.0,
            "steer": 0.0
        },
        {
            "throttle": 0.45088145068007324,
            "brake": 0.0,
            "steer": 0.0
        },
        {
            "throttle": 0.45528997061326315,
            "brake": 0.0,
            "steer": 0.0
        },
        {
            "throttle": 0.45831715062007505,
            "brake": 0.0,
            "steer": 0.0
        },
        {
            "throttle": 0.459924079847126,
            "brake": 0.0,
            "steer": 0.0
        },
        {
            "throttle": 0.46008294210940426,
            "brake": 0.0,
            "steer": 0.0
        },
        {
            "throttle": 0.4587770012151582,
            "brake": 0.0,
            "steer": 0.0
        },
        {
            "throttle": 0.4560005342672199,
            "brake": 0.0,
            "steer": 0.0
        },
        {
            "throttle": 0.45175871143092666,
            "brake": 0.0,
            "steer": 0.0
        },
        {
            "throttle": 0.44606742119785575,
            "brake": 0.0,
            "steer": 0.0
        },
        {
            "throttle": 0.43895304070050145,
            "brake": 0.0,
            "steer": 0.0
        },
        {
            "throttle": 0.43045215114434165,
            "brake": 0.0,
            "steer": 0.0
        },
        {
            "throttle": 0.42061119891892707,
            "brake": 0.0,
            "steer": 0.0
        },
        {
            "throttle": 0.40948610342704156,
            "brake": 0.0,
            "steer": 0.0
        },
        {
            "throttle": 0.3971418131289812,
            "brake": 0.0,
            "steer": 0.0
        },
        {
            "throttle": 0.38365181173588864,
            "brake": 0.0,
            "steer": 0.0
        },
        {
            "throttle": 0.36909757690019657,
            "brake": 0.0,
            "steer": 0.0
        },
        {
            "throttle": 0.3535679941409384,
            "brake": 0.0,
            "steer": 0.0
        },
        {
            "throttle": 0.3371587291053875,
            "brake": 0.0,
            "steer": 0.0
        },
        {
            "throttle": 0.3199715616046867,
            "brake": 0.0,
            "steer": 0.0
        },
        {
            "throttle": 0.3021136851684051,
            "brake": 0.0,
            "steer": 0.0
        },
        {
            "throttle": 0.2836969761400081,
            "brake": 0.0,
            "steer": 0.0
        },
        {
            "throttle": 0.26483723658087116,
            "brake": 0.0,
            "steer": 0.0
        },
        {
            "throttle": 0.24565341546367347,
            "brake": 0.0,
            "steer": 0.0
        },
        {
            "throttle": 0.22626681281589134,
            "brake": 0.0,
            "steer": 0.0
        },
        {
            "throttle": 0.2068002716199595,
            "brake": 0.0,
            "steer": 0.0
        },
        {
            "throttle": 0.1873773623879378,
            "brake": 0.0,
            "steer": 0.0
        },
        {
            "throttle": 0.16863962614914405,
            "brake": 0.0,
            "steer": 0.0
        },
        {
            "throttle": 0.15177566353422964,
            "brake": 0.0,
            "steer": 0.0
        },
        {
            "throttle": 0.13659809718080668,
            "brake": 0.0,
            "steer": 0.0
        },
        {
            "throttle": 0.12293828746272602,
            "brake": 0.0,
            "steer": 0.0
        },
        {
            "throttle": 0.11064445871645341,
            "brake": 0.0,
            "steer": 0.0
        },
        {
            "throttle": 0.09958001284480807,
            "brake": 0.0,
            "steer": 0.0
        },
        {
            "throttle": 0.08962201156032726,
            "brake": 0.0,
            "steer": 0.0
        },
        {
            "throttle": 0.08065981040429454,
            "brake": 0.0,
            "steer": 0.0
        },
        {
            "throttle": 0.07259382936386509,
            "brake": 0.0,
            "steer": 0.0
        },
        {
            "throttle": 0.06533444642747858,
            "brake": 0.0,
            "steer": 0.0
        },
        {
            "throttle": 0.05880100178473073,
            "brake": 0.0,
            "steer": 0.0
        },
        {
            "throttle": 0.05292090160625766,
            "brake": 0.0,
            "steer": 0.0
        },
        {
            "throttle": 0.0476288114456319,
            "brake": 0.0,
            "steer": 0.0
        },
        {
            "throttle": 0.04286593030106871,
            "brake": 0.0,
            "steer": 0.0
        },
        {
            "throttle": 0.03857933727096184,
            "brake": 0.0,
            "steer": 0.0
        },
        {
            "throttle": 0.03472140354386566,
            "brake": 0.0,
            "steer": 0.0
        },
        {
            "throttle": 0.031249263189479095,
            "brake": 0.0,
            "steer": 0.0
        },
        {
            "throttle": 0.028124336870531185,
            "brake": 0.0,
            "steer": 0.0
        },
        {
            "throttle": 0.025311903183478066,
            "brake": 0.0,
            "steer": 0.0
        },
        {
            "throttle": 0.02278071286513026,
            "brake": 0.0,
            "steer": 0.0
        },
        {
            "throttle": 0.02111012025314945,
            "brake": 0.0,
            "steer": 0.0
        },
        {
            "throttle": 0.021465292496455315,
            "brake": 0.0,
            "steer": 0.0
        },
        {
            "throttle": 0.023763702985306404,
            "brake": 0.0,
            "steer": 0.0
        },
        {
            "throttle": 0.027918322772070358,
            "brake": 0.0,
            "steer": 0.0
        },
        {
            "throttle": 0.03383737918542976,
            "brake": 0.0,
            "steer": 0.0
        },
        {
            "throttle": 0.04142422525966978,
            "brake": 0.0,
            "steer": 0.0
        },
        {
            "throttle": 0.05057731279698428,
            "brake": 0.0,
            "steer": 0.0
        },
        {
            "throttle": 0.0611902620150942,
            "brake": 0.0,
            "steer": 0.0
        },
        {
            "throttle": 0.07315202083201966,
            "brake": 0.0,
            "steer": 0.0
        },
        {
            "throttle": 0.08634710691197084,
            "brake": 0.0,
            "steer": 0.0
        },
        {
            "throttle": 0.10065592564777542,
            "brake": 0.0,
            "steer": 0.0
        },
        {
            "throttle": 0.11595515729221217,
            "brake": 0.0,
            "steer": 0.0
        },
        {
            "throttle": 0.13211820647868092,
            "brake": 0.0,
            "steer": 0.0
        },
        {
            "throttle": 0.1490157073958925,
            "brake": 0.0,
            "steer": 0.0
        },
        {
            "throttle": 0.16651607790629042,
            "brake": 0.0,
            "steer": 0.0
        },
        {
            "throttle": 0.1844861159278201,
            "brake": 0.0,
            "steer": 0.0
        },
        {
            "throttle": 0.20279163143708995,
            "brake": 0.0,
            "steer": 0.0
        },
        {
            "throttle": 0.22129810750212184,
            "brake": 0.0,
            "steer": 0.0
        },
        {
            "throttle": 0.23987138381755976,
            "brake": 0.0,
            "steer": 0.0
        },
        {
            "throttle": 0.25837835629676675,
            "brake": 0.0,
            "steer": 0.0
        },
        {
            "throttle": 0.2766876863756912,
            "brake": 0.0,
            "steer": 0.0
        },
        {
            "throttle": 0.2946705138043387,
            "brake": 0.0,
            "steer": 0.0
        },
        {
            "throttle": 0.31220116684440546,
            "brake": 0.0,
            "steer": 0.0
        },
        {
            "throttle": 0.3291578639570308,
            "brake": 0.0,
            "steer": 0.0
        },
        {
            "throttle": 0.3454234012532924,
            "brake": 0.0,
            "steer": 0.0
        },
        {
            "throttle": 0.36088582019227505,
            "brake": 0.0,
            "steer": 0.0
        },
        {
            "throttle": 0.3754390502472529,
            "brake": 0.0,
            "steer": 0.0
        },
        {
            "throttle": 0.3889835215194313,
            "brake": 0.0,
            "steer": 0.0
        },
        {
            "throttle": 0.4014267425602069,
            "brake": 0.0,
            "steer": 0.0
        },
        {
            "throttle": 0.412683838966182,
            "brake": 0.0,
            "steer": 0.0
        },
        {
            "throttle": 0.4226780486351439,
            "brake": 0.0,
            "steer": 0.0
        },
        {
            "throttle": 0.431341169914582,
            "brake": 0.0,
            "steer": 0.0
        },
        {
            "throttle": 0.43861395923557134,
            "brake": 0.0,
            "steer": 0.0
        },
        {
            "throttle": 0.4444464752023106,
            "brake": 0.0,
            "steer": 0.0
        },
        {
            "throttle": 0.448798366499403,
            "brake": 0.0,
            "steer": 0.0
        },
        {
            "throttle": 0.45163910138311114,
            "brake": 0.0,
            "steer": 0.0
        },
        {
            "throttle": 0.45294813693715785,
            "brake": 0.0,
            "steer": 0.0
        },
        {
            "throttle": 0.45271502669593366,
            "brake": 0.0,
            "steer": 0.0
        },
        {
            "throttle": 0.4509394656658653,
            "brake": 0.0,
            "steer": 0.0
        },
        {
            "throttle": 0.44763127220678145,
            "brake": 0.0,
            "steer": 0.0
        },
        {
            "throttle": 0.4428103066669048,
            "brake": 0.0,
            "steer": 0.0
        },
        {
            "throttle": 0.4365063270951016,
            "brake": 0.0,
            "steer": 0.0
        },
        {
            "throttle": 0.4287587827797006,
            "brake": 0.0,
            "steer": 0.0
        },
        {
            "throttle": 0.41961654678203925,
            "brake": 0.0,
            "steer": 0.0
        },
        {
            "throttle": 0.40913758904240194,
            "brake": 0.0,
            "steer": 0.0
        },
        {
            "throttle": 0.3973885920337222,
            "brake": 0.0,
            "steer": 0.0
        },
        {
            "throttle": 0.3844445113219388,
            "brake": 0.0,
            "steer": 0.0
        },
        {
            "throttle": 0.3703880837588807,
            "brake": 0.0,
            "steer": 0.0
        },
        {
            "throttle": 0.3553092863817919,
            "brake": 0.0,
            "steer": 0.0
        },
        {
            "throttle": 0.3393047494209551,
            "brake": 0.0,
            "steer": 0.0
        },
        {
            "throttle": 0.32247712712133936,
            "brake": 0.0,
            "steer": 0.0
        },
        {
            "throttle": 0.30493443036390333,
            "brake": 0.0,
            "steer": 0.0
        },
        {
            "throttle": 0.28678932532543255,
            "brake": 0.0,
            "steer": 0.0
        },
        {
            "throttle": 0.26815840264100155,
            "brake": 0.0,
            "steer": 0.0
        },
        {
            "throttle": 0.2491614217289662,
            "brake": 0.0,
            "steer": 0.0
        },
        {
            "throttle": 0.22992053510359806,
            "brake": 0.0,
            "steer": 0.0
        },
        {
            "throttle": 0.21055949763406553,
            "brake": 0.0,
            "steer": 0.0
        },
        {
            "throttle": 0.19120286580963752,
            "brake": 0.0,
            "steer": 0.0
        },
        {
            "throttle": 0.1720825792286738,
            "brake": 0.0,
            "steer": 0.0
        },
        {
            "throttle": 0.15487432130580642,
            "brake": 0.07275410272425538,
            "steer": 0.0
        },
        {
            "throttle": 0.1393868891752258,
            "brake": 0.13823279517608522,
            "steer": 0.0
        },
        {
            "throttle": 0.12544820025770323,
            "brake": 0.19716361838273208,
            "steer": 0.0
        },
        {
            "throttle": 0.11290338023193291,
            "brake": 0.25020135926871423,
            "steer": 0.0
        },
        {
            "throttle": 0.10161304220873962,
            "brake": 0.2979353260660982,
            "steer": 0.0
        },
        {
            "throttle": 0.09145173798786567,
            "brake": 0.3408958961837437,
            "steer": 0.0
        },
        {
            "throttle": 0.0823065641890791,
            "brake": 0.3795604092896247,
            "steer": 0.0
        },
        {
            "throttle": 0.07407590777017119,
            "brake": 0.4143584710849176,
            "steer": 0.0
        },
        {
            "throttle": 0.06666831699315406,
            "brake": 0.4456767267006812,
            "steer": 0.0
        },
        {
            "throttle": 0.06000148529383866,
            "brake": 0.47386315675486845,
            "steer": 0.0
        },
        {
            "throttle": 0.054001336764454795,
            "brake": 0.499230943803637,
            "steer": 0.0
        },
        {
            "throttle": 0.04860120308800932,
            "brake": 0.5220619521475287,
            "steer": 0.0
        },
        {
            "throttle": 0.043741082779208386,
            "brake": 0.5426098596570312,
            "steer": 0.0
        },
        {
            "throttle": 0.039366974501287545,
            "brake": 0.5611029764155835,
            "steer": 0.0
        },
        {
            "throttle": 0.03543027705115879,
            "brake": 0.5777467814982806,
            "steer": 0.0
        },
        {
            "throttle": 0.03188724934604291,
            "brake": 0.592726206072708,
            "steer": 0.0
        },
        {
            "throttle": 0.02869852441143862,
            "brake": 0.6062076881896926,
            "steer": 0.0
        },
        {
            "throttle": 0.02582867197029476,
            "brake": 0.6183410220949788,
            "steer": 0.0
        },
        {
            "throttle": 0.023245804773265284,
            "brake": 0.6292610226097364,
            "steer": 0.0
        },
        {
            "throttle": 0.020921224295938755,
            "brake": 0.6390890230730182,
            "steer": 0.0
        },
        {
            "throttle": 0.01882910186634488,
            "brake": 0.6479342234899718,
            "steer": 0.0
        },
        {
            "throttle": 0.01694619167971039,
            "brake": 0.65589490386523,
            "steer": 0.0
        },
        {
            "throttle": 0.015251572511739352,
            "brake": 0.6630595162029624,
            "steer": 0.0
        },
        {
            "throttle": 0.013726415260565417,
            "brake": 0.6695076673069217,
            "steer": 0.0
        },
        {
            "throttle": 0.012353773734508876,
            "brake": 0.675311003300485,
            "steer": 0.0
        },
        {
            "throttle": 0.023854916691136867,
            "brake": 0.6077799029704365,
            "steer": 0.0
        },
        {
            "throttle": 0.03657052485991448,
            "brake": 0.5470019126733928,
            "steer": 0.0
        },
        {
            "throttle": 0.050417757305707855,
            "brake": 0.49230172140605355,
            "steer": 0.0
        },
        {
            "throttle": 0.06530656632730726,
            "brake": 0.44307154926544823,
            "steer": 0.0
        },
        {
            "throttle": 0.08114026913719587,
            "brake": 0.3987643943389034,
            "steer": 0.0
        },
        {
            "throttle": 0.09781616318739028,
            "brake": 0.3588879549050131,
            "steer": 0.0
        },
        {
            "throttle": 0.11522618108733133,
            "brake": 0.3229991594145118,
            "steer": 0.0
        },
        {
            "throttle": 0.1332575808133578,
            "brake": 0.29069924347306064,
            "steer": 0.0
        },
        {
            "throttle": 0.15179366668969696,
            "brake": 0.2616293191257546,
            "steer": 0.0
        },
        {
            "throttle": 0.170714536429653,
            "brake": 0.23546638721317914,
            "steer": 0.0
        },
        {
            "throttle": 0.1898978493640803,
            "brake": 0.21191974849186124,
            "steer": 0.0
        },
        {
            "throttle": 0.20921961085340712,
            "brake": 0.19072777364267512,
            "steer": 0.0
        },
        {
            "throttle": 0.22855496778033252,
            "brake": 0.1716549962784076,
            "steer": 0.0
        },
        {
            "throttle": 0.24777900995355093,
            "brake": 0.15448949665056685,
            "steer": 0.0
        },
        {
            "throttle": 0.2667675722189494,
            "brake": 0.13904054698551016,
            "steer": 0.0
        },
        {
            "throttle": 0.2853980320739353,
            "brake": 0.12513649228695914,
            "steer": 0.0
        },
        {
            "throttle": 0.30355009761293394,
            "brake": 0.11262284305826323,
            "steer": 0.0
        },
        {
            "throttle": 0.3211065806974778,
            "brake": 0.10136055875243691,
            "steer": 0.0
        },
        {
            "throttle": 0.33795415034230086,
            "brake": 0.09122450287719322,
            "steer": 0.0
        },
        {
            "throttle": 0.35398406143885397,
            "brake": 0.0821020525894739,
            "steer": 0.0
        },
        {
            "throttle": 0.3690928540988592,
            "brake": 0.0738918473305265,
            "steer": 0.0
        },
        {
            "throttle": 0.38318301909191044,
            "brake": 0.06650266259747385,
            "steer": 0.0
        },
        {
            "throttle": 0.39616362507148534,
            "brake": 0.05985239633772647,
            "steer": 0.0
        },
        {
            "throttle": 0.4079509035316732,
            "brake": 0.05386715670395382,
            "steer": 0.0
        },
        {
            "throttle": 0.4184687877108468,
            "brake": 0.04848044103355844,
            "steer": 0.0
        },
        {
            "throttle": 0.4276494019566833,
            "brake": 0.0436323969302026,
            "steer": 0.0
        },
        {
            "throttle": 0.4354334983874437,
            "brake": 0.03926915723718234,
            "steer": 0.0
        },
        {
            "throttle": 0.44177083802521583,
            "brake": 0.03534224151346411,
            "steer": 0.0
        },
        {
            "throttle": 0.4466205139357148,
            "brake": 0.0318080173621177,
            "steer": 0.0
        },
        {
            "throttle": 0.44995121428392426,
            "brake": 0.02862721562590593,
            "steer": 0.0
        },
        {
            "throttle": 0.451741423602937,
            "brake": 0.025764494063315338,
            "steer": 0.0
        },
        {
            "throttle": 0.45197956097232966,
            "brake": 0.023188044656983806,
            "steer": 0.0
        },
        {
            "throttle": 0.4506640542097153,
            "brake": 0.020869240191285426,
            "steer": 0.0
        },
        {
            "throttle": 0.4478033495921399,
            "brake": 0.018782316172156883,
            "steer": 0.0
        },
        {
            "throttle": 0.4434158570400721,
            "brake": 0.016904084554941193,
            "steer": 0.0
        },
        {
            "throttle": 0.43752983111319943,
            "brake": 0.015213676099447074,
            "steer": 0.0
        },
        {
            "throttle": 0.4301831885814147,
            "brake": 0.013692308489502368,
            "steer": 0.0
        },
        {
            "throttle": 0.42142326374357797,
            "brake": 0.01232307764055213,
            "steer": 0.0
        },
        {
            "throttle": 0.4113065030682547,
            "brake": 0.011090769876496917,
            "steer": 0.0
        },
        {
            "throttle": 0.39989810112205715,
            "brake": 0.009981692888847225,
            "steer": 0.0
        },
        {
            "throttle": 0.38727158012994584,
            "brake": 0.008983523599962503,
            "steer": 0.0
        },
        {
            "throttle": 0.3735083158754399,
            "brake": 0.008085171239966254,
            "steer": 0.0
        },
        {
            "throttle": 0.3586970129947945,
            "brake": 0.0072766541159696285,
            "steer": 0.0
        },
        {
            "throttle": 0.34293313304560513,
            "brake": 0.006548988704372666,
            "steer": 0.0
        },
        {
            "throttle": 0.32631827903489397,
            "brake": 0.005894089833935399,
            "steer": 0.0
        },
        {
            "throttle": 0.30895954037255113,
            "brake": 0.005304680850541859,
            "steer": 0.0
        },
        {
            "throttle": 0.2909688024712465,
            "brake": 0.004774212765487673,
            "steer": 0.0
        }
    ],
    "parameters": {
        "cloudiness": 64.2243497395385,
        "fog_density": 8.262253094587573,
        "initial_distance": 36.403430353880225,
        "initial_ego_velocity": 18.969829300583125,
        "initial_lead_velocity": 11.296599581124962,
        "lead_base_throttle": 0.21090203830279203,
        "lead_behavior_frequency": 0.12781475512076323,
        "lead_brake_duration": 25.490131331147403,
        "lead_brake_intensity": 0.7275410272425538,
        "lead_brake_probability": 0.17459176059887205,
        "lead_throttle_variation": 0.30313563921807524,
        "precipitation": 54.0030181562857,
        "precipitation_deposits": 15.249517631710763,
        "sun_altitude_angle": 68.43665498626596,
        "wind_intensity": 26.068976776934772
    },
    "config": {
        "num_timesteps": 200,
        "dt": 0.1,
        "seed": 86
    }
}