{
    "weather": {
        "cloudiness": 46.19115124407938,
        "precipitation": 78.36080758866761,
        "precipitation_deposits": 40.25091323296371,
        "wind_intensity": 28.296902537793166,
        "sun_altitude_angle": 79.0909049066019,
        "fog_density": 54.678870350738265,
        "fog_distance": 161.60034278690839,
        "wetness": 39.180403794333806
    },
    "initial_conditions": {
        "ego": {
            "position": {
                "x": 509.01192058415916,
                "y": 20.57,
                "z": 0.294
            },
            "yaw": 0.0,
            "velocity": 6.72889649843852
        },
        "lead": {
            "position": {
                "x": 484.88,
                "y": 20.57,
                "z": 0.294
            },
            "yaw": 0.0,
            "velocity": 17.533304749600994
        }
    },
    "ego": {
        "position": {
            "x": 509.01192058415916,
            "y": 20.57,
            "z": 0.294
        },
        "yaw": 0.0,
        "velocity": 6.72889649843852
    },
    "lead": {
        "position": {
            "x": 484.88,
            "y": 20.57,
            "z": 0.294
        },
        "yaw": 0.0,
        "velocity": 17.533304749600994
    },
    "ado_actions": [
        {
            "throttle": 0.4365961890979724,
            "brake": 0.0,
            "steer": 0.0
        },
        {
            "throttle": 0.4377696226077543,
            "brake": 0.0,
            "steer": 0.0
        },
        {
            "throttle": 0.43999110193716967,
            "brake": 0.0,
            "steer": 0.0
        },
        {
            "throttle": 0.44313978897296114,
            "brake": 0.0,
            "steer": 0.0
        },
        {
            "throttle": 0.4470990501371128,
            "brake": 0.0,
            "steer": 0.0
        },
        {
            "throttle": 0.4517561998648414,
            "brake": 0.0,
            "steer": 0.0
        },
        {
            "throttle": 0.4570023226264496,
            "brake": 0.0,
            "steer": 0.0
        },
        {
            "throttle": 0.4627321641522501,
            "brake": 0.0,
            "steer": 0.0
        },
        {
            "throttle": 0.46884408310144343,
            "brake": 0.0,
            "steer": 0.0
        },
        {
            "throttle": 0.47524005495194727,
            "brake": 0.0,
            "steer": 0.0
        },
        {
            "throttle": 0.48182572038561455,
            "brake": 0.0,
            "steer": 0.0
        },
        {
            "throttle": 0.4885104709081328,
            "brake": 0.0,
            "steer": 0.0
        },
        {
            "throttle": 0.4952075648805416,
            "brake": 0.0,
            "steer": 0.0
        },
        {
            "throttle": 0.5018342675544292,
            "brake": 0.0,
            "steer": 0.0
        },
        {
            "throttle": 0.5083120090995691,
            "brake": 0.0,
            "steer": 0.0
        },
        {
            "throttle": 0.5145665549945324,
            "brake": 0.0,
            "steer": 0.0
        },
        {
            "throttle": 0.5205281835206741,
            "brake": 0.0,
            "steer": 0.0
        },
        {
            "throttle": 0.5261318654603436,
            "brake": 0.0,
            "steer": 0.0
        },
        {
            "throttle": 0.5313174414532981,
            "brake": 0.0,
            "steer": 0.0
        },
        {
            "throttle": 0.5360297928127593,
            "brake": 0.0,
            "steer": 0.0
        },
        {
            "throttle": 0.5402190019456667,
            "brake": 0.0,
            "steer": 0.0
        },
        {
            "throttle": 0.5438404988613867,
            "brake": 0.0,
            "steer": 0.0
        },
        {
            "throttle": 0.5468551905901091,
            "brake": 0.0,
            "steer": 0.0
        },
        {
            "throttle": 0.5492295706667618,
            "brake": 0.0,
            "steer": 0.0
        },
        {
            "throttle": 0.5509358061686283,
            "brake": 0.0,
            "steer": 0.0
        },
        {
            "throttle": 0.5519518001248561,
            "brake": 0.0,
            "steer": 0.0
        },
        {
            "throttle": 0.5522612274433949,
            "brake": 0.0,
            "steer": 0.0
        },
        {
            "throttle": 0.5518535428251113,
            "brake": 0.0,
            "steer": 0.0
        },
        {
            "throttle": 0.5507239594552633,
            "brake": 0.0,
            "steer": 0.0
        },
        {
            "throttle": 0.5488733975784056,
            "brake": 0.0,
            "steer": 0.0
        },
        {
            "throttle": 0.5463084023732581,
            "brake": 0.0,
            "steer": 0.0
        },
        {
            "throttle": 0.5430410308481325,
            "brake": 0.0,
            "steer": 0.0
        },
        {
            "throttle": 0.5390887077741261,
            "brake": 0.0,
            "steer": 0.0
        },
        {
            "throttle": 0.5344740509613685,
            "brake": 0.0,
            "steer": 0.0
        },
        {
            "throttle": 0.5292246664620065,
            "brake": 0.0,
            "steer": 0.0
        },
        {
            "throttle": 0.5233729145511872,
            "brake": 0.0,
            "steer": 0.0
        },
        {
            "throttle": 0.5169556475928974,
            "brake": 0.0,
            "steer": 0.0
        },
        {
            "throttle": 0.5100139211400018,
            "brake": 0.0,
            "steer": 0.0
        },
        {
            "throttle": 0.5025926798460804,
            "brake": 0.0,
            "steer": 0.0
        },
        {
            "throttle": 0.4947404199796327,
            "brake": 0.0,
            "steer": 0.0
        },
        {
            "throttle": 0.4865088305278786,
            "brake": 0.0,
            "steer": 0.0
        },
        {
            "throttle": 0.4779524150567992,
            "brake": 0.0,
            "steer": 0.0
        },
        {
            "throttle": 0.4691280966553575,
            "brake": 0.0,
            "steer": 0.0
        },
        {
            "throttle": 0.4600948084342375,
            "brake": 0.0,
            "steer": 0.0
        },
        {
            "throttle": 0.4509130721722633,
            "brake": 0.0,
            "steer": 0.0
        },
        {
            "throttle": 0.4416445678063237,
            "brake": 0.0,
            "steer": 0.0
        },
        {
            "throttle": 0.43235169654267164,
            "brake": 0.0,
            "steer": 0.0
        },
        {
            "throttle": 0.4230971404285384,
            "brake": 0.0,
            "steer": 0.0
        },
        {
            "throttle": 0.4139434212628808,
            "brake": 0.0,
            "steer": 0.0
        },
        {
            "throttle": 0.40495246174365673,
            "brake": 0.0,
            "steer": 0.0
        },
        {
            "throttle": 0.3961851517463376,
            "brake": 0.0,
            "steer": 0.0
        },
        {
            "throttle": 0.38770092260456895,
            "brake": 0.0,
            "steer": 0.0
        },
        {
            "throttle": 0.37955733221927396,
            "brake": 0.0,
            "steer": 0.0
        },
        {
            "throttle": 0.3718096637574795,
            "brake": 0.0,
            "steer": 0.0
        },
        {
            "throttle": 0.3645105406172773,
            "brake": 0.0,
            "steer": 0.0
        },
        {
            "throttle": 0.3577095602312877,
            "brake": 0.0,
            "steer": 0.0
        },
        {
            "throttle": 0.35145294915856895,
            "brake": 0.0,
            "steer": 0.0
        },
        {
            "throttle": 0.3457832417750208,
            "brake": 0.0,
            "steer": 0.0
        },
        {
            "throttle": 0.3407389847159984,
            "brake": 0.0,
            "steer": 0.0
        },
        {
            "throttle": 0.3363544690532093,
            "brake": 0.0,
            "steer": 0.0
        },
        {
            "throttle": 0.33265949200224526,
            "brake": 0.0,
            "steer": 0.0
        },
        {
            "throttle": 0.32967914975862583,
            "brake": 0.0,
            "steer": 0.0
        },
        {
            "throttle": 0.32743366285040215,
            "brake": 0.0,
            "steer": 0.0
        },
        {
            "throttle": 0.32593823517567166,
            "brake": 0.0,
            "steer": 0.0
        },
        {
            "throttle": 0.3252029476653219,
            "brake": 0.0,
            "steer": 0.0
        },
        {
            "throttle": 0.3252326872765573,
            "brake": 0.0,
            "steer": 0.0
        },
        {
            "throttle": 0.326027111782899,
            "brake": 0.0,
            "steer": 0.0
        },
        {
            "throttle": 0.32758065058305713,
            "brake": 0.0,
            "steer": 0.0
        },
        {
            "throttle": 0.3298825415060509,
            "brake": 0.0,
            "steer": 0.0
        },
        {
            "throttle": 0.33291690334489077,
            "brake": 0.0,
            "steer": 0.0
        },
        {
            "throttle": 0.33666284360774096,
            "brake": 0.0,
            "steer": 0.0
        },
        {
            "throttle": 0.3410946007354357,
            "brake": 0.0,
            "steer": 0.0
        },
        {
            "throttle": 0.3461817197991862,
            "brake": 0.0,
            "steer": 0.0
        },
        {
            "throttle": 0.351889260463918,
            "brake": 0.0,
            "steer": 0.0
        },
        {
            "throttle": 0.3581780357824918,
            "brake": 0.0,
            "steer": 0.0
        },
        {
            "throttle": 0.3650048801756125,
            "brake": 0.0,
            "steer": 0.0
        },
        {
            "throttle": 0.372322944752968,
            "brake": 0.0,
            "steer": 0.0
        },
        {
            "throttle": 0.3800820179444406,
            "brake": 0.0,
            "steer": 0.0
        },
        {
            "throttle": 0.38822886923738437,
            "brake": 0.0,
            "steer": 0.0
        },
        {
            "throttle": 0.39670761365815754,
            "brake": 0.0,
            "steer": 0.0
        },
        {
            "throttle": 0.4054600944944242,
            "brake": 0.0,
            "steer": 0.0
        },
        {
            "throttle": 0.41442628163017475,
            "brake": 0.0,
            "steer": 0.0
        },
        {
            "throttle": 0.4235446827588174,
            "brake": 0.0,
            "steer": 0.0
        },
        {
            "throttle": 0.43275276465180046,
            "brake": 0.0,
            "steer": 0.0
        },
        {
            "throttle": 0.4419873815916406,
            "brake": 0.0,
            "steer": 0.0
        },
        {
            "throttle": 0.4511852080294356,
            "brake": 0.0,
            "steer": 0.0
        },
        {
            "throttle": 0.4602831724982639,
            "brake": 0.0,
            "steer": 0.0
        },
        {
            "throttle": 0.46921888980551923,
            "brake": 0.0,
            "steer": 0.0
        },
        {
            "throttle": 0.4779310885392598,
            "brake": 0.0,
            "steer": 0.0
        },
        {
            "throttle": 0.4863600309559817,
            "brake": 0.0,
            "steer": 0.0
        },
        {
            "throttle": 0.4944479223696411,
            "brake": 0.0,
            "steer": 0.0
        },
        {
            "throttle": 0.5021393072338938,
            "brake": 0.0,
            "steer": 0.0
        },
        {
            "throttle": 0.5093814492008912,
            "brake": 0.0,
            "steer": 0.0
        },
        {
            "throttle": 0.5161246925499583,
            "brake": 0.0,
            "steer": 0.0
        },
        {
            "throttle": 0.5223228025073163,
            "brake": 0.0,
            "steer": 0.0
        },
        {
            "throttle": 0.5279332821228342,
            "brake": 0.0,
            "steer": 0.0
        },
        {
            "throttle": 0.5329176635306033,
            "brake": 0.0,
            "steer": 0.0
        },
        {
            "throttle": 0.537241771595826,
            "brake": 0.0,
            "steer": 0.0
        },
        {
            "throttle": 0.5408759581398941,
            "brake": 0.0,
            "steer": 0.0
        },
        {
            "throttle": 0.5437953051373019,
            "brake": 0.0,
            "steer": 0.0
        },
        {
            "throttle": 0.545979795490814,
            "brake": 0.0,
            "steer": 0.0
        },
        {
            "throttle": 0.5474144502136307,
            "brake": 0.0,
            "steer": 0.0
        },
        {
            "throttle": 0.5480894310776391,
            "brake": 0.0,
            "steer": 0.0
        },
        {
            "throttle": 0.5480001080236293,
            "brake": 0.0,
            "steer": 0.0
        },
        {
            "throttle": 0.5471470908709677,
            "brake": 0.0,
            "steer": 0.0
        },
        {
            "throttle": 0.5455362251089981,
            "brake": 0.0,
            "steer": 0.0
        },
        {
            "throttle": 0.5431785517987133,
            "brake": 0.0,
            "steer": 0.0
        },
        {
            "throttle": 0.5400902318593024,
            "brake": 0.0,
            "steer": 0.0
        },
        {
            "throttle": 0.536292435258369,
            "brake": 0.0,
            "steer": 0.0
        },
        {
            "throttle": 0.5318111958652366,
            "brake": 0.0,
            "steer": 0.0
        },
        {
            "throttle": 0.5266772329621714,
            "brake": 0.0,
            "steer": 0.0
        },
        {
            "throttle": 0.5209257406369503,
            "brake": 0.0,
            "steer": 0.0
        },
        {
            "throttle": 0.5145961465004018,
            "brake": 0.0,
            "steer": 0.0
        },
        {
            "throttle": 0.5077318413828557,
            "brake": 0.0,
            "steer": 0.0
        },
        {
            "throttle": 0.500379881862403,
            "brake": 0.0,
            "steer": 0.0
        },
        {
            "throttle": 0.4925906676641276,
            "brake": 0.0,
            "steer": 0.0
        },
        {
            "throttle": 0.48441759614175456,
            "brake": 0.0,
            "steer": 0.0
        },
        {
            "throttle": 0.4759166962102784,
            "brake": 0.0,
            "steer": 0.0
        },
        {
            "throttle": 0.46714624423901674,
            "brake": 0.0,
            "steer": 0.0
        },
        {
            "throttle": 0.4581663645382109,
            "brake": 0.0,
            "steer": 0.0
        },
        {
            "throttle": 0.44903861717792026,
            "brake": 0.0,
            "steer": 0.0
        },
        {
            "throttle": 0.4398255759648072,
            "brake": 0.0,
            "steer": 0.0
        },
        {
            "throttle": 0.430590399469887,
            "brake": 0.0,
            "steer": 0.0
        },
        {
            "throttle": 0.4213963980479598,
            "brake": 0.0,
            "steer": 0.0
        },
        {
            "throttle": 0.4123065998169276,
            "brake": 0.0,
            "steer": 0.0
        },
        {
            "throttle": 0.4033833185723326,
            "brake": 0.0,
            "steer": 0.0
        },
        {
            "throttle": 0.3946877265991925,
            "brake": 0.0,
            "steer": 0.0
        },
        {
            "throttle": 0.3862794353096365,
            "brake": 0.0,
            "steer": 0.0
        },
        {
            "throttle": 0.3782160865812039,
            "brake": 0.0,
            "steer": 0.0
        },
        {
            "throttle": 0.3705529575973103,
            "brake": 0.0,
            "steer": 0.0
        },
        {
            "throttle": 0.3633425818988266,
            "brake": 0.0,
            "steer": 0.0
        },
        {
            "throttle": 0.3566343892445885,
            "brake": 0.0,
            "steer": 0.0
        },
        {
            "throttle": 0.3504743667497084,
            "brake": 0.0,
            "steer": 0.0
        },
        {
            "throttle": 0.34490474362470147,
            "brake": 0.0,
            "steer": 0.0
        },
        {
            "throttle": 0.33996370167664336,
            "brake": 0.0,
            "steer": 0.0
        },
        {
            "throttle": 0.335685113556971,
            "brake": 0.0,
            "steer": 0.0
        },
        {
            "throttle": 0.33209831055032596,
            "brake": 0.0,
            "steer": 0.0
        },
        {
            "throttle": 0.32922788149632537,
            "brake": 0.0,
            "steer": 0.0
        },
        {
            "throttle": 0.32709350422271827,
            "brake": 0.0,
            "steer": 0.0
        },
        {
            "throttle": 0.3257098106455086,
            "brake": 0.0,
            "steer": 0.0
        },
        {
            "throttle": 0.32508628646082705,
            "brake": 0.0,
            "steer": 0.0
        },
        {
            "throttle": 0.3252272061161947,
            "brake": 0.0,
            "steer": 0.0
        },
        {
            "throttle": 0.326131603506968,
            "brake": 0.0,
            "steer": 0.0
        },
        {
            "throttle": 0.3277932785988471,
            "brake": 0.0,
            "steer": 0.0
        },
        {
            "throttle": 0.33020083993104066,
            "brake": 0.0,
            "steer": 0.0
        },
        {
            "throttle": 0.3333377827087075,
            "brake": 0.0,
            "steer": 0.0
        },
        {
            "throttle": 0.33718260194931615,
            "brake": 0.0,
            "steer": 0.0
        },
        {
            "throttle": 0.3417089399072561,
            "brake": 0.0,
            "steer": 0.0
        },
        {
            "throttle": 0.3468857667660452,
            "brake": 0.0,
            "steer": 0.0
        },
        {
            "throttle": 0.35267759335941395,
            "brake": 0.0,
            "steer": 0.0
        },
        {
            "throttle": 0.35904471446298003,
            "brake": 0.0,
            "steer": 0.0
        },
        {
            "throttle": 0.3659434809886506,
            "brake": 0.0,
            "steer": 0.0
        },
        {
            "throttle": 0.3733265992157534,
            "brake": 0.0,
            "steer": 0.0
        },
        {
            "throttle": 0.38114345500754954,
            "brake": 0.0,
            "steer": 0.0
        },
        {
            "throttle": 0.3893404607904961,
            "brake": 0.0,
            "steer": 0.0
        },
        {
            "throttle": 0.3978614229175812,
            "brake": 0.0,
            "steer": 0.0
        },
        {
            "throttle": 0.40664792689731144,
            "brake": 0.0,
            "steer": 0.0
        },
        {
            "throttle": 0.4156397378474579,
            "brake": 0.0,
            "steer": 0.0
        },
        {
            "throttle": 0.4247752134282942,
            "brake": 0.0,
            "steer": 0.0
        },
        {
            "throttle": 0.4339917264245092,
            "brake": 0.0,
            "steer": 0.0
        },
        {
            "throttle": 0.44322609407883057,
            "brake": 0.0,
            "steer": 0.0
        },
        {
            "throttle": 0.45241501123411154,
            "brake": 0.0,
            "steer": 0.0
        },
        {
            "throttle": 0.46149548431452386,
            "brake": 0.0,
            "steer": 0.0
        },
        {
            "throttle": 0.4704052631707471,
            "brake": 0.0,
            "steer": 0.0
        },
        {
            "throttle": 0.47908326782868926,
            "brake": 0.0,
            "steer": 0.0
        },
        {
            "throttle": 0.4874700072162104,
            "brake": 0.0,
            "steer": 0.0
        },
        {
            "throttle": 0.4955079869973158,
            "brake": 0.0,
            "steer": 0.0
        },
        {
            "throttle": 0.5031421037179573,
            "brake": 0.0,
            "steer": 0.0
        },
        {
            "throttle": 0.5103200225614213,
            "brake": 0.0,
            "steer": 0.0
        },
        {
            "throttle": 0.516992536123644,
            "brake": 0.0,
            "steer": 0.0
        },
        {
            "throttle": 0.5231139017489104,
            "brake": 0.0,
            "steer": 0.0
        },
        {
            "throttle": 0.5286421551133694,
            "brake": 0.0,
            "steer": 0.0
        },
        {
            "throttle": 0.5335393979066319,
            "brake": 0.0,
            "steer": 0.0
        },
        {
            "throttle": 0.5377720576392784,
            "brake": 0.0,
            "steer": 0.0
        },
        {
            "throttle": 0.5413111177952009,
            "brake": 0.0,
            "steer": 0.0
        },
        {
            "throttle": 0.5441323167509909,
            "brake": 0.0,
            "steer": 0.0
        },
        {
            "throttle": 0.5462163140987072,
            "brake": 0.0,
            "steer": 0.0
        },
        {
            "throttle": 0.5475488232318155,
            "brake": 0.0,
            "steer": 0.0
        },
        {
            "throttle": 0.5481207092853723,
            "brake": 0.0,
            "steer": 0.0
        },
        {
            "throttle": 0.5479280517590343,
            "brake": 0.0,
            "steer": 0.0
        },
        {
            "throttle": 0.5469721713935901,
            "brake": 0.0,
            "steer": 0.0
        },
        {
            "throttle": 0.5452596211167636,
            "brake": 0.0,
            "steer": 0.0
        },
        {
            "throttle": 0.5428021411203586,
            "brake": 0.0,
            "steer": 0.0
        },
        {
            "throttle": 0.5396165783767104,
            "brake": 0.0,
            "steer": 0.0
        },
        {
            "throttle": 0.5357247711461869,
            "brake": 0.0,
            "steer": 0.0
        },
        {
            "throttle": 0.5311533992674876,
            "brake": 0.0,
            "steer": 0.0
        },
        {
            "throttle": 0.5259338012570564,
            "brake": 0.0,
            "steer": 0.0
        },
        {
            "throttle": 0.5201017594714622,
            "brake": 0.0,
            "steer": 0.0
        },
        {
            "throttle": 0.5136972548055436,
            "brake": 0.0,
            "steer": 0.0
        },
        {
            "throttle": 0.5067641926079542,
            "brake": 0.0,
            "steer": 0.0
        },
        {
            "throttle": 0.49935010169306476,
            "brake": 0.0,
            "steer": 0.0
        },
        {
            "throttle": 0.4915058085126108,
            "brake": 0.0,
            "steer": 0.0
        },
        {
            "throttle": 0.48328508872076514,
            "brake": 0.0,
            "steer": 0.0
        },
        {
            "throttle": 0.47474429852129085,
            "brake": 0.0,
            "steer": 0.0
        },
        {
            "throttle": 0.46594198832403155,
            "brake": 0.0,
            "steer": 0.0
        },
        {
            "throttle": 0.45693850135927366,
            "brake": 0.0,
            "steer": 0.0
        },
        {
            "throttle": 0.4477955600016333,
            "brake": 0.0,
            "steer": 0.0
        },
        {
            "throttle": 0.4385758426393771,
            "brake": 0.0,
            "steer": 0.0
        },
        {
            "throttle": 0.4293425539899013,
            "brake": 0.0,
            "steer": 0.0
        },
        {
            "throttle": 0.4201589918070216,
            "brake": 0.0,
            "steer": 0.0
        }
    ],
    "parameters": {
        "cloudiness": 46.19115124407938,
        "fog_density": 54.678870350738265,
        "initial_distance": 24.131920584159147,
        "initial_ego_velocity": 6.72889649843852,
        "initial_lead_velocity": 17.533304749600994,
        "lead_base_throttle": 0.4365961890979724,
        "lead_behavior_frequency": 0.1318135952087643,
        "lead_brake_duration": 11.110222962133346,
        "lead_brake_intensity": 0.6524083618497006,
        "lead_brake_probability": 0.08011562622384667,
        "lead_throttle_variation": 0.14184532247509507,
        "precipitation": 78.36080758866761,
        "precipitation_deposits": 40.25091323296371,
        "sun_altitude_angle": 79.0909049066019,
        "wind_intensity": 28.296902537793166
    },
    "config": {
        "num_timesteps": 200,
        "dt": 0.1,
        "seed": 224
    }
}