{
    "weather": {
        "cloudiness": 0.10828349803592152,
        "precipitation": 72.00450840982879,
        "precipitation_deposits": 15.992359799673872,
        "wind_intensity": 48.830472626177425,
        "sun_altitude_angle": 86.5319609596982,
        "fog_density": 54.76472440242304,
        "fog_distance": 161.13853576275997,
        "wetness": 36.002254204914394
    },
    "initial_conditions": {
        "ego": {
            "position": {
                "x": 534.2494360167867,
                "y": 20.57,
                "z": 0.294
            },
            "yaw": 0.0,
            "velocity": 7.476992549877278
        },
        "lead": {
            "position": {
                "x": 484.88,
                "y": 20.57,
                "z": 0.294
            },
            "yaw": 0.0,
            "velocity": 19.631388479283075
        }
    },
    "ego": {
        "position": {
            "x": 534.2494360167867,
            "y": 20.57,
            "z": 0.294
        },
        "yaw": 0.0,
        "velocity": 7.476992549877278
    },
    "lead": {
        "position": {
            "x": 484.88,
            "y": 20.57,
            "z": 0.294
        },
        "yaw": 0.0,
        "velocity": 19.631388479283075
    },
    "ado_actions": [
        {
            "throttle": 0.29573658087662114,
            "brake": 0.0,
            "steer": 0.0
        },
        {
            "throttle": 0.29654013951504804,
            "brake": 0.0,
            "steer": 0.0
        },
        {
            "throttle": 0.2980641053861506,
            "brake": 0.0,
            "steer": 0.0
        },
        {
            "throttle": 0.30023085640840014,
            "brake": 0.0,
            "steer": 0.0
        },
        {
            "throttle": 0.30296776630934563,
            "brake": 0.0,
            "steer": 0.0
        },
        {
            "throttle": 0.30620673408615284,
            "brake": 0.0,
            "steer": 0.0
        },
        {
            "throttle": 0.30988377004322504,
            "brake": 0.0,
            "steer": 0.0
        },
        {
            "throttle": 0.3139386326150333,
            "brake": 0.0,
            "steer": 0.0
        },
        {
            "throttle": 0.31831451072880695,
            "brake": 0.0,
            "steer": 0.0
        },
        {
            "throttle": 0.32295774695418666,
            "brake": 0.0,
            "steer": 0.0
        },
        {
            "throttle": 0.32781759713084113,
            "brake": 0.0,
            "steer": 0.0
        },
        {
            "throttle": 0.33284602256535806,
            "brake": 0.0,
            "steer": 0.0
        },
        {
            "throttle": 0.33799751124990596,
            "brake": 0.0,
            "steer": 0.0
        },
        {
            "throttle": 0.343228924881243,
            "brake": 0.0,
            "steer": 0.0
        },
        {
            "throttle": 0.34849936875322923,
            "brake": 0.0,
            "steer": 0.0
        },
        {
            "throttle": 0.35377008186233017,
            "brake": 0.0,
            "steer": 0.0
        },
        {
            "throttle": 0.35900434480659216,
            "brake": 0.0,
            "steer": 0.0
        },
        {
            "throttle": 0.36416740327685426,
            "brake": 0.0,
            "steer": 0.0
        },
        {
            "throttle": 0.3692264051368782,
            "brake": 0.0,
            "steer": 0.0
        },
        {
            "throttle": 0.374150349268755,
            "brake": 0.0,
            "steer": 0.0
        },
        {
            "throttle": 0.378910044523267,
            "brake": 0.0,
            "steer": 0.0
        },
        {
            "throttle": 0.38347807726355976,
            "brake": 0.0,
            "steer": 0.0
        },
        {
            "throttle": 0.38782878612602745,
            "brake": 0.0,
            "steer": 0.0
        },
        {
            "throttle": 0.39193824274610756,
            "brake": 0.0,
            "steer": 0.0
        },
        {
            "throttle": 0.39578423730994067,
            "brake": 0.0,
            "steer": 0.0
        },
        {
            "throttle": 0.3993462678966726,
            "brake": 0.0,
            "steer": 0.0
        },
        {
            "throttle": 0.4026055326715356,
            "brake": 0.0,
            "steer": 0.0
        },
        {
            "throttle": 0.40554492407762355,
            "brake": 0.0,
            "steer": 0.0
        },
        {
            "throttle": 0.4081490242552465,
            "brake": 0.0,
            "steer": 0.0
        },
        {
            "throttle": 0.41040410099261104,
            "brake": 0.0,
            "steer": 0.0
        },
        {
            "throttle": 0.41229810358094393,
            "brake": 0.0,
            "steer": 0.0
        },
        {
            "throttle": 0.41382065801160556,
            "brake": 0.0,
            "steer": 0.0
        },
        {
            "throttle": 0.4149630610127167,
            "brake": 0.0,
            "steer": 0.0
        },
        {
            "throttle": 0.4157182724787773,
            "brake": 0.0,
            "steer": 0.0
        },
        {
            "throttle": 0.4160809058990739,
            "brake": 0.0,
            "steer": 0.0
        },
        {
            "throttle": 0.37447281530916654,
            "brake": 0.02646706866469134,
            "steer": 0.0
        },
        {
            "throttle": 0.3370255337782499,
            "brake": 0.05028743046291355,
            "steer": 0.0
        },
        {
            "throttle": 0.30332298040042494,
            "brake": 0.07172575608131354,
            "steer": 0.0
        },
        {
            "throttle": 0.27299068236038243,
            "brake": 0.09102024913787353,
            "steer": 0.0
        },
        {
            "throttle": 0.2456916141243442,
            "brake": 0.10838529288877752,
            "steer": 0.0
        },
        {
            "throttle": 0.22112245271190978,
            "brake": 0.1240138322645911,
            "steer": 0.0
        },
        {
            "throttle": 0.19901020744071882,
            "brake": 0.13807951770282334,
            "steer": 0.0
        },
        {
            "throttle": 0.17910918669664694,
            "brake": 0.15073863459723236,
            "steer": 0.0
        },
        {
            "throttle": 0.16119826802698226,
            "brake": 0.16213183980220047,
            "steer": 0.0
        },
        {
            "throttle": 0.14507844122428404,
            "brake": 0.17238572448667178,
            "steer": 0.0
        },
        {
            "throttle": 0.13057059710185565,
            "brake": 0.18161422070269595,
            "steer": 0.0
        },
        {
            "throttle": 0.11751353739167009,
            "brake": 0.1899198672971177,
            "steer": 0.0
        },
        {
            "throttle": 0.10576218365250308,
            "brake": 0.19739494923209727,
            "steer": 0.0
        },
        {
            "throttle": 0.09518596528725277,
            "brake": 0.20412252297357888,
            "steer": 0.0
        },
        {
            "throttle": 0.0856673687585275,
            "brake": 0.21017733934091234,
            "steer": 0.0
        },
        {
            "throttle": 0.07710063188267476,
            "brake": 0.21562667407151245,
            "steer": 0.0
        },
        {
            "throttle": 0.1007721844678546,
            "brake": 0.19406400666436122,
            "steer": 0.0
        },
        {
            "throttle": 0.12127697930895526,
            "brake": 0.1746576059979251,
            "steer": 0.0
        },
        {
            "throttle": 0.13892818416107386,
            "brake": 0.15719184539813258,
            "steer": 0.0
        },
        {
            "throttle": 0.15401044398667127,
            "brake": 0.14147266085831933,
            "steer": 0.0
        },
        {
            "throttle": 0.1667827357189342,
            "brake": 0.12732539477248742,
            "steer": 0.0
        },
        {
            "throttle": 0.1774809278200268,
            "brake": 0.11459285529523867,
            "steer": 0.0
        },
        {
            "throttle": 0.18632007417994673,
            "brake": 0.1031335697657148,
            "steer": 0.0
        },
        {
            "throttle": 0.1934964689808872,
            "brake": 0.09282021278914333,
            "steer": 0.0
        },
        {
            "throttle": 0.19918948652307014,
            "brake": 0.083538191510229,
            "steer": 0.0
        },
        {
            "throttle": 0.2035632276416492,
            "brake": 0.0751843723592061,
            "steer": 0.0
        },
        {
            "throttle": 0.20676799221411649,
            "brake": 0.06766593512328549,
            "steer": 0.0
        },
        {
            "throttle": 0.20894159533994527,
            "brake": 0.06089934161095694,
            "steer": 0.0
        },
        {
            "throttle": 0.21021054304760567,
            "brake": 0.05480940744986125,
            "steer": 0.0
        },
        {
            "throttle": 0.2106910818293827,
            "brake": 0.049328466704875125,
            "steer": 0.0
        },
        {
            "throttle": 0.21049013490430635,
            "brake": 0.044395620034387615,
            "steer": 0.0
        },
        {
            "throttle": 0.20970613684841213,
            "brake": 0.03995605803094886,
            "steer": 0.0
        },
        {
            "throttle": 0.20842977709548255,
            "brake": 0.035960452227853976,
            "steer": 0.0
        },
        {
            "throttle": 0.20674466178777612,
            "brake": 0.03236440700506858,
            "steer": 0.0
        },
        {
            "throttle": 0.204727902533696,
            "brake": 0.029127966304561725,
            "steer": 0.0
        },
        {
            "throttle": 0.2024506397976878,
            "brake": 0.026215169674105553,
            "steer": 0.0
        },
        {
            "throttle": 0.1999785078977124,
            "brake": 0.023593652706694997,
            "steer": 0.0
        },
        {
            "throttle": 0.19737204790916493,
            "brake": 0.021234287436025498,
            "steer": 0.0
        },
        {
            "throttle": 0.19468707416368383,
            "brake": 0.01911085869242295,
            "steer": 0.0
        },
        {
            "throttle": 0.19197499948024443,
            "brake": 0.017199772823180654,
            "steer": 0.0
        },
        {
            "throttle": 0.18928312376825634,
            "brake": 0.015479795540862588,
            "steer": 0.0
        },
        {
            "throttle": 0.18665489019269302,
            "brake": 0.01393181598677633,
            "steer": 0.0
        },
        {
            "throttle": 0.18413011268472598,
            "brake": 0.012538634388098697,
            "steer": 0.0
        },
        {
            "throttle": 0.18174517821355696,
            "brake": 0.011284770949288828,
            "steer": 0.0
        },
        {
            "throttle": 0.17953322690222778,
            "brake": 0.010156293854359946,
            "steer": 0.0
        },
        {
            "throttle": 0.17752431276861907,
            "brake": 0.009140664468923951,
            "steer": 0.0
        },
        {
            "throttle": 0.17574554759947117,
            "brake": 0.008226598022031557,
            "steer": 0.0
        },
        {
            "throttle": 0.1742212302172354,
            "brake": 0.007403938219828402,
            "steer": 0.0
        },
        {
            "throttle": 0.1729729631743473,
            "brake": 0.006663544397845562,
            "steer": 0.0
        },
        {
            "throttle": 0.17201975870482278,
            "brake": 0.0059971899580610055,
            "steer": 0.0
        },
        {
            "throttle": 0.17137813557686415,
            "brake": 0.005397470962254905,
            "steer": 0.0
        },
        {
            "throttle": 0.17106220832058797,
            "brake": 0.004857723866029414,
            "steer": 0.0
        },
        {
            "throttle": 0.17108377015040901,
            "brake": 0.004371951479426473,
            "steer": 0.0
        },
        {
            "throttle": 0.1714523707605547,
            "brake": 0.003934756331483826,
            "steer": 0.0
        },
        {
            "throttle": 0.1721753900433239,
            "brake": 0.0035412806983354432,
            "steer": 0.0
        },
        {
            "throttle": 0.17325810866186428,
            "brake": 0.003187152628501899,
            "steer": 0.0
        },
        {
            "throttle": 0.1747037763013599,
            "brake": 0.002868437365651709,
            "steer": 0.0
        },
        {
            "throttle": 0.1765136783236576,
            "brake": 0.002581593629086538,
            "steer": 0.0
        },
        {
            "throttle": 0.1786872014596675,
            "brake": 0.0023234342661778845,
            "steer": 0.0
        },
        {
            "throttle": 0.18122189909059788,
            "brake": 0.0020910908395600962,
            "steer": 0.0
        },
        {
            "throttle": 0.18411355659255577,
            "brake": 0.0018819817556040867,
            "steer": 0.0
        },
        {
            "throttle": 0.187356257148659,
            "brake": 0.0016937835800436782,
            "steer": 0.0
        },
        {
            "throttle": 0.19094244836803226,
            "brake": 0.0015244052220393103,
            "steer": 0.0
        },
        {
            "throttle": 0.19486300999141892,
            "brake": 0.0013719646998353794,
            "steer": 0.0
        },
        {
            "throttle": 0.19910732290821126,
            "brake": 0.0012347682298518414,
            "steer": 0.0
        },
        {
            "throttle": 0.20366333965910363,
            "brake": 0.0011112914068666573,
            "steer": 0.0
        },
        {
            "throttle": 0.20851765655197457,
            "brake": 0.0010001622661799916,
            "steer": 0.0
        },
        {
            "throttle": 0.21365558747570274,
            "brake": 0.0009001460395619925,
            "steer": 0.0
        },
        {
            "throttle": 0.2190612394571554,
            "brake": 0.0008101314356057933,
            "steer": 0.0
        },
        {
            "throttle": 0.22471758997032065,
            "brake": 0.0007291182920452139,
            "steer": 0.0
        },
        {
            "throttle": 0.23060656597327564,
            "brake": 0.0006562064628406925,
            "steer": 0.0
        },
        {
            "throttle": 0.23670912461820726,
            "brake": 0.0005905858165566233,
            "steer": 0.0
        },
        {
            "throttle": 0.2430053355518637,
            "brake": 0.000531527234900961,
            "steer": 0.0
        },
        {
            "throttle": 0.24947446469846452,
            "brake": 0.00047837451141086493,
            "steer": 0.0
        },
        {
            "throttle": 0.2560950593941062,
            "brake": 0.00043053706026977847,
            "steer": 0.0
        },
        {
            "throttle": 0.26284503472094617,
            "brake": 0.0003874833542428006,
            "steer": 0.0
        },
        {
            "throttle": 0.269701760870828,
            "brake": 0.00034873501881852055,
            "steer": 0.0
        },
        {
            "throttle": 0.2766421513514283,
            "brake": 0.0003138615169366685,
            "steer": 0.0
        },
        {
            "throttle": 0.2836427518333728,
            "brake": 0.00028247536524300166,
            "steer": 0.0
        },
        {
            "throttle": 0.29067982942400794,
            "brake": 0.0002542278287187015,
            "steer": 0.0
        },
        {
            "throttle": 0.29772946214255236,
            "brake": 0.00022880504584683135,
            "steer": 0.0
        },
        {
            "throttle": 0.3047676283621206,
            "brake": 0.0002059245412621482,
            "steer": 0.0
        },
        {
            "throttle": 0.3117702959765515,
            "brake": 0.0001853320871359334,
            "steer": 0.0
        },
        {
            "throttle": 0.3187135110440181,
            "brake": 0.00016679887842234006,
            "steer": 0.0
        },
        {
            "throttle": 0.3255734856550023,
            "brake": 0.00015011899058010606,
            "steer": 0.0
        },
        {
            "throttle": 0.3323266847693137,
            "brake": 0.00013510709152209546,
            "steer": 0.0
        },
        {
            "throttle": 0.33894991176538647,
            "brake": 0.00012159638236988592,
            "steer": 0.0
        },
        {
            "throttle": 0.3454203924450316,
            "brake": 0.00010943674413289734,
            "steer": 0.0
        },
        {
            "throttle": 0.3517158572381166,
            "brake": 9.84930697196076e-05,
            "steer": 0.0
        },
        {
            "throttle": 0.35781462135423475,
            "brake": 8.864376274764685e-05,
            "steer": 0.0
        },
        {
            "throttle": 0.3636956626322628,
            "brake": 7.977938647288216e-05,
            "steer": 0.0
        },
        {
            "throttle": 0.36933869684374254,
            "brake": 7.180144782559395e-05,
            "steer": 0.0
        },
        {
            "throttle": 0.3747242502122006,
            "brake": 6.462130304303456e-05,
            "steer": 0.0
        },
        {
            "throttle": 0.3798337289177981,
            "brake": 5.8159172738731105e-05,
            "steer": 0.0
        },
        {
            "throttle": 0.384649485365022,
            "brake": 5.2343255464858e-05,
            "steer": 0.0
        },
        {
            "throttle": 0.38915488100043916,
            "brake": 4.71089299183722e-05,
            "steer": 0.0
        },
        {
            "throttle": 0.3933343454777792,
            "brake": 4.239803692653498e-05,
            "steer": 0.0
        },
        {
            "throttle": 0.3971734319787411,
            "brake": 3.8158233233881484e-05,
            "steer": 0.0
        },
        {
            "throttle": 0.40065886850986787,
            "brake": 3.4342409910493336e-05,
            "steer": 0.0
        },
        {
            "throttle": 0.3605929816588811,
            "brake": 0.026497976833610784,
            "steer": 0.0
        },
        {
            "throttle": 0.324533683492993,
            "brake": 0.050315247814941046,
            "steer": 0.0
        },
        {
            "throttle": 0.2920803151436937,
            "brake": 0.07175079169813828,
            "steer": 0.0
        },
        {
            "throttle": 0.26287228362932435,
            "brake": 0.09104278119301579,
            "steer": 0.0
        },
        {
            "throttle": 0.23658505526639192,
            "brake": 0.10840557173840555,
            "steer": 0.0
        },
        {
            "throttle": 0.21292654973975272,
            "brake": 0.12403208322925634,
            "steer": 0.0
        },
        {
            "throttle": 0.19163389476577747,
            "brake": 0.13809594357102206,
            "steer": 0.0
        },
        {
            "throttle": 0.17247050528919972,
            "brake": 0.15075341787861118,
            "steer": 0.0
        },
        {
            "throttle": 0.15522345476027974,
            "brake": 0.16214514475544142,
            "steer": 0.0
        },
        {
            "throttle": 0.13970110928425178,
            "brake": 0.17239769894458862,
            "steer": 0.0
        },
        {
            "throttle": 0.1257309983558266,
            "brake": 0.1816249977148211,
            "steer": 0.0
        },
        {
            "throttle": 0.11315789852024394,
            "brake": 0.18992956660803034,
            "steer": 0.0
        },
        {
            "throttle": 0.10184210866821955,
            "brake": 0.19740367861191865,
            "steer": 0.0
        },
        {
            "throttle": 0.0916578978013976,
            "brake": 0.20413037941541815,
            "steer": 0.0
        },
        {
            "throttle": 0.08249210802125785,
            "brake": 0.21018441013856767,
            "steer": 0.0
        },
        {
            "throttle": 0.07424289721913206,
            "brake": 0.21563303778940224,
            "steer": 0.0
        },
        {
            "throttle": 0.10381706565397492,
            "brake": 0.19406973401046201,
            "steer": 0.0
        },
        {
            "throttle": 0.12974704233854056,
            "brake": 0.17466276060941582,
            "steer": 0.0
        },
        {
            "throttle": 0.15237380518194113,
            "brake": 0.15719648454847424,
            "steer": 0.0
        },
        {
            "throttle": 0.17200670511033095,
            "brake": 0.14147683609362682,
            "steer": 0.0
        },
        {
            "throttle": 0.18892670172041862,
            "brake": 0.12732915248426416,
            "steer": 0.0
        },
        {
            "throttle": 0.2033892665179975,
            "brake": 0.11459623723583774,
            "steer": 0.0
        },
        {
            "throttle": 0.21562698675997338,
            "brake": 0.10313661351225396,
            "steer": 0.0
        },
        {
            "throttle": 0.22585189964808217,
            "brake": 0.09282295216102857,
            "steer": 0.0
        },
        {
            "throttle": 0.23425758367990113,
            "brake": 0.08354065694492571,
            "steer": 0.0
        },
        {
            "throttle": 0.24102103131498012,
            "brake": 0.07518659125043314,
            "steer": 0.0
        },
        {
            "throttle": 0.2463043247313599,
            "brake": 0.06766793212538984,
            "steer": 0.0
        },
        {
            "throttle": 0.2502561343037652,
            "brake": 0.06090113891285086,
            "steer": 0.0
        },
        {
            "throttle": 0.2530130575053868,
            "brake": 0.054811025021565776,
            "steer": 0.0
        },
        {
            "throttle": 0.25470081419882057,
            "brake": 0.0493299225194092,
            "steer": 0.0
        },
        {
            "throttle": 0.2554353127189929,
            "brake": 0.044396930267468285,
            "steer": 0.0
        },
        {
            "throttle": 0.2553235997442903,
            "brake": 0.039957237240721456,
            "steer": 0.0
        },
        {
            "throttle": 0.2544647056859008,
            "brake": 0.035961513516649314,
            "steer": 0.0
        },
        {
            "throttle": 0.2529503961854043,
            "brake": 0.03236536216498438,
            "steer": 0.0
        },
        {
            "throttle": 0.2508658392841844,
            "brake": 0.029128825948485943,
            "steer": 0.0
        },
        {
            "throttle": 0.24829019690380655,
            "brake": 0.02621594335363735,
            "steer": 0.0
        },
        {
            "throttle": 0.2452971484438092,
            "brake": 0.023594349018273616,
            "steer": 0.0
        },
        {
            "throttle": 0.24195535355309353,
            "brake": 0.021234914116446256,
            "steer": 0.0
        },
        {
            "throttle": 0.23832886045493665,
            "brake": 0.01911142270480163,
            "steer": 0.0
        },
        {
            "throttle": 0.23447746559606983,
            "brake": 0.017200280434321466,
            "steer": 0.0
        },
        {
            "throttle": 0.23045702984050573,
            "brake": 0.015480252390889319,
            "steer": 0.0
        },
        {
            "throttle": 0.22631975593278977,
            "brake": 0.013932227151800387,
            "steer": 0.0
        },
        {
            "throttle": 0.2221144315076219,
            "brake": 0.012539004436620349,
            "steer": 0.0
        },
        {
            "throttle": 0.2178866415184352,
            "brake": 0.011285103992958314,
            "steer": 0.0
        },
        {
            "throttle": 0.21367895359210723,
            "brake": 0.010156593593662482,
            "steer": 0.0
        },
        {
            "throttle": 0.20953107948654795,
            "brake": 0.009140934234296235,
            "steer": 0.0
        },
        {
            "throttle": 0.20548001552888698,
            "brake": 0.008226840810866613,
            "steer": 0.0
        },
        {
            "throttle": 0.20156016464116544,
            "brake": 0.007404156729779951,
            "steer": 0.0
        },
        {
            "throttle": 0.19780344231494595,
            "brake": 0.006663741056801956,
            "steer": 0.0
        },
        {
            "throttle": 0.19423936867350142,
            "brake": 0.005997366951121761,
            "steer": 0.0
        },
        {
            "throttle": 0.1908951485579098,
            "brake": 0.005397630256009585,
            "steer": 0.0
        },
        {
            "throttle": 0.18779574138938612,
            "brake": 0.004857867230408626,
            "steer": 0.0
        },
        {
            "throttle": 0.18496392239265538,
            "brake": 0.004372080507367764,
            "steer": 0.0
        },
        {
            "throttle": 0.18242033661244014,
            "brake": 0.003934872456630987,
            "steer": 0.0
        },
        {
            "throttle": 0.18018354701570205,
            "brake": 0.0035413852109678888,
            "steer": 0.0
        },
        {
            "throttle": 0.17827007784479576,
            "brake": 0.0031872466898711,
            "steer": 0.0
        },
        {
            "throttle": 0.17669445426996544,
            "brake": 0.00286852202088399,
            "steer": 0.0
        },
        {
            "throttle": 0.1754692392825629,
            "brake": 0.002581669818795591,
            "steer": 0.0
        },
        {
            "throttle": 0.17460506867203304,
            "brake": 0.002323502836916032,
            "steer": 0.0
        },
        {
            "throttle": 0.1741106848392395,
            "brake": 0.0020911525532244287,
            "steer": 0.0
        },
        {
            "throttle": 0.17399297011532522,
            "brake": 0.0018820372979019859,
            "steer": 0.0
        },
        {
            "throttle": 0.1742569801783413,
            "brake": 0.0016938335681117873,
            "steer": 0.0
        },
        {
            "throttle": 0.17490597808872102,
            "brake": 0.0015244502113006086,
            "steer": 0.0
        },
        {
            "throttle": 0.1759414693987913,
            "brake": 0.0013720051901705479,
            "steer": 0.0
        },
        {
            "throttle": 0.177363238730416,
            "brake": 0.0012348046711534932,
            "steer": 0.0
        },
        {
            "throttle": 0.17916938815813502,
            "brake": 0.001111324204038144,
            "steer": 0.0
        }
    ],
    "parameters": {
        "cloudiness": 0.10828349803592152,
        "fog_density": 54.76472440242304,
        "initial_distance": 49.36943601678667,
        "initial_ego_velocity": 7.476992549877278,
        "initial_lead_velocity": 19.631388479283075,
        "lead_base_throttle": 0.29573658087662114,
        "lead_behavior_frequency": 0.09388740206674669,
        "lead_brake_duration": 16.52271177106715,
        "lead_brake_intensity": 0.2646706866469134,
        "lead_brake_probability": 0.21137275386811658,
        "lead_throttle_variation": 0.13629574600994943,
        "precipitation": 72.00450840982879,
        "precipitation_deposits": 15.992359799673872,
        "sun_altitude_angle": 86.5319609596982,
        "wind_intensity": 48.830472626177425
    },
    "config": {
        "num_timesteps": 200,
        "dt": 0.1,
        "seed": 97
    }
}