{
    "weather": {
        "cloudiness": 96.99424537589137,
        "precipitation": 92.71701829709114,
        "precipitation_deposits": 56.03582405677386,
        "wind_intensity": 47.96187001886539,
        "sun_altitude_angle": 44.40634507291945,
        "fog_density": 67.83604349552735,
        "fog_distance": 104.2251881642708,
        "wetness": 46.35850914854557
    },
    "initial_conditions": {
        "ego": {
            "position": {
                "x": 560.2509334671623,
                "y": 20.57,
                "z": 0.294
            },
            "yaw": 0.0,
            "velocity": 10.494420275025877
        },
        "lead": {
            "position": {
                "x": 484.88,
                "y": 20.57,
                "z": 0.294
            },
            "yaw": 0.0,
            "velocity": 24.233299880303505
        }
    },
    "ego": {
        "position": {
            "x": 560.2509334671623,
            "y": 20.57,
            "z": 0.294
        },
        "yaw": 0.0,
        "velocity": 10.494420275025877
    },
    "lead": {
        "position": {
            "x": 484.88,
            "y": 20.57,
            "z": 0.294
        },
        "yaw": 0.0,
        "velocity": 24.233299880303505
    },
    "ado_actions": [
        {
            "throttle": 0.36107646378305247,
            "brake": 0.0,
            "steer": 0.0
        },
        {
            "throttle": 0.3664828083133524,
            "brake": 0.0,
            "steer": 0.0
        },
        {
            "throttle": 0.37657352362040925,
            "brake": 0.0,
            "steer": 0.0
        },
        {
            "throttle": 0.3905235764980177,
            "brake": 0.0,
            "steer": 0.0
        },
        {
            "throttle": 0.4074271411596223,
            "brake": 0.0,
            "steer": 0.0
        },
        {
            "throttle": 0.42632311668521444,
            "brake": 0.0,
            "steer": 0.0
        },
        {
            "throttle": 0.44622298507461705,
            "brake": 0.0,
            "steer": 0.0
        },
        {
            "throttle": 0.46614002683681877,
            "brake": 0.0,
            "steer": 0.0
        },
        {
            "throttle": 0.4851188703763323,
            "brake": 0.0,
            "steer": 0.0
        },
        {
            "throttle": 0.4366069833386991,
            "brake": 0.02764527038013083,
            "steer": 0.0
        },
        {
            "throttle": 0.3929462850048292,
            "brake": 0.05252601372224858,
            "steer": 0.0
        },
        {
            "throttle": 0.35365165650434627,
            "brake": 0.07491868273015455,
            "steer": 0.0
        },
        {
            "throttle": 0.31828649085391164,
            "brake": 0.09507208483726992,
            "steer": 0.0
        },
        {
            "throttle": 0.28645784176852046,
            "brake": 0.11321014673367376,
            "steer": 0.0
        },
        {
            "throttle": 0.2578120575916684,
            "brake": 0.1295344024404372,
            "steer": 0.0
        },
        {
            "throttle": 0.23203085183250158,
            "brake": 0.14422623257652434,
            "steer": 0.0
        },
        {
            "throttle": 0.20882776664925143,
            "brake": 0.15744887969900273,
            "steer": 0.0
        },
        {
            "throttle": 0.1879449899843263,
            "brake": 0.1693492621092333,
            "steer": 0.0
        },
        {
            "throttle": 0.16915049098589366,
            "brake": 0.1800596062784408,
            "steer": 0.0
        },
        {
            "throttle": 0.15223544188730428,
            "brake": 0.18969891603072758,
            "steer": 0.0
        },
        {
            "throttle": 0.13701189769857386,
            "brake": 0.19837429480778568,
            "steer": 0.0
        },
        {
            "throttle": 0.12331070792871647,
            "brake": 0.20618213570713795,
            "steer": 0.0
        },
        {
            "throttle": 0.11097963713584483,
            "brake": 0.213209192516555,
            "steer": 0.0
        },
        {
            "throttle": 0.09988167342226034,
            "brake": 0.21953354364503036,
            "steer": 0.0
        },
        {
            "throttle": 0.08989350608003431,
            "brake": 0.22522545966065816,
            "steer": 0.0
        },
        {
            "throttle": 0.08090415547203088,
            "brake": 0.23034818407472318,
            "steer": 0.0
        },
        {
            "throttle": 0.07281373992482779,
            "brake": 0.2349586360473817,
            "steer": 0.0
        },
        {
            "throttle": 0.06553236593234502,
            "brake": 0.23910804282277437,
            "steer": 0.0
        },
        {
            "throttle": 0.058979129339110516,
            "brake": 0.24284250892062775,
            "steer": 0.0
        },
        {
            "throttle": 0.053081216405199465,
            "brake": 0.2462035284086958,
            "steer": 0.0
        },
        {
            "throttle": 0.047773094764679516,
            "brake": 0.24922844594795707,
            "steer": 0.0
        },
        {
            "throttle": 0.06242050320449056,
            "brake": 0.22430560135316135,
            "steer": 0.0
        },
        {
            "throttle": 0.0561784528840415,
            "brake": 0.22952031159797603,
            "steer": 0.0
        },
        {
            "throttle": 0.05056060759563735,
            "brake": 0.23421355081830925,
            "steer": 0.0
        },
        {
            "throttle": 0.04550454683607362,
            "brake": 0.23843746611660915,
            "steer": 0.0
        },
        {
            "throttle": 0.04095409215246626,
            "brake": 0.24223898988507908,
            "steer": 0.0
        },
        {
            "throttle": 0.03685868293721963,
            "brake": 0.245660361276702,
            "steer": 0.0
        },
        {
            "throttle": 0.03317281464349767,
            "brake": 0.24873959552916264,
            "steer": 0.0
        },
        {
            "throttle": 0.0298555331791479,
            "brake": 0.2515109063563772,
            "steer": 0.0
        },
        {
            "throttle": 0.02686997986123311,
            "brake": 0.2540050861008703,
            "steer": 0.0
        },
        {
            "throttle": 0.0241829818751098,
            "brake": 0.2562498478709141,
            "steer": 0.0
        },
        {
            "throttle": 0.02176468368759882,
            "brake": 0.2582701334639535,
            "steer": 0.0
        },
        {
            "throttle": 0.01958821531883894,
            "brake": 0.260088390497689,
            "steer": 0.0
        },
        {
            "throttle": 0.017629393786955046,
            "brake": 0.26172482182805096,
            "steer": 0.0
        },
        {
            "throttle": 0.015866454408259543,
            "brake": 0.26319761002537667,
            "steer": 0.0
        },
        {
            "throttle": 0.01427980896743359,
            "brake": 0.26452311940296985,
            "steer": 0.0
        },
        {
            "throttle": 0.01285182807069023,
            "brake": 0.2657160778428037,
            "steer": 0.0
        },
        {
            "throttle": 0.011566645263621209,
            "brake": 0.26678974043865417,
            "steer": 0.0
        },
        {
            "throttle": 0.010409980737259088,
            "brake": 0.2677560367749196,
            "steer": 0.0
        },
        {
            "throttle": 0.00936898266353318,
            "brake": 0.2686257034775585,
            "steer": 0.0
        },
        {
            "throttle": 0.008432084397179861,
            "brake": 0.26940840350993345,
            "steer": 0.0
        },
        {
            "throttle": 0.0075888759574618755,
            "brake": 0.27011283353907095,
            "steer": 0.0
        },
        {
            "throttle": 0.006829988361715688,
            "brake": 0.2707468205652947,
            "steer": 0.0
        },
        {
            "throttle": 0.00614698952554412,
            "brake": 0.27131740888889605,
            "steer": 0.0
        },
        {
            "throttle": 0.027979726624245048,
            "brake": 0.24418566800000646,
            "steer": 0.0
        },
        {
            "throttle": 0.0430601526702384,
            "brake": 0.2197671012000058,
            "steer": 0.0
        },
        {
            "throttle": 0.05267494315655223,
            "brake": 0.19779039108000523,
            "steer": 0.0
        },
        {
            "throttle": 0.05811485138454989,
            "brake": 0.1780113519720047,
            "steer": 0.0
        },
        {
            "throttle": 0.06064933911301473,
            "brake": 0.16021021677480424,
            "steer": 0.0
        },
        {
            "throttle": 0.061500128864659144,
            "brake": 0.1441891950973238,
            "steer": 0.0
        },
        {
            "throttle": 0.061814744247315964,
            "brake": 0.12977027558759144,
            "steer": 0.0
        },
        {
            "throttle": 0.06264108712405855,
            "brake": 0.1167932480288323,
            "steer": 0.0
        },
        {
            "throttle": 0.06490404955604749,
            "brake": 0.10511392322594908,
            "steer": 0.0
        },
        {
            "throttle": 0.06938507567240204,
            "brake": 0.09460253090335417,
            "steer": 0.0
        },
        {
            "throttle": 0.07670547660776912,
            "brake": 0.08514227781301875,
            "steer": 0.0
        },
        {
            "throttle": 0.08731416400247126,
            "brake": 0.07662805003171688,
            "steer": 0.0
        },
        {
            "throttle": 0.10148030876839421,
            "brake": 0.0689652450285452,
            "steer": 0.0
        },
        {
            "throttle": 0.11929125709469983,
            "brake": 0.062068720525690686,
            "steer": 0.0
        },
        {
            "throttle": 0.14065585075592713,
            "brake": 0.05586184847312162,
            "steer": 0.0
        },
        {
            "throttle": 0.16531310979810787,
            "brake": 0.05027566362580946,
            "steer": 0.0
        },
        {
            "throttle": 0.1928460488694233,
            "brake": 0.045248097263228516,
            "steer": 0.0
        },
        {
            "throttle": 0.22270022001944612,
            "brake": 0.04072328753690566,
            "steer": 0.0
        },
        {
            "throttle": 0.25420641063101046,
            "brake": 0.036650958783215094,
            "steer": 0.0
        },
        {
            "throttle": 0.2866067807149737,
            "brake": 0.03298586290489359,
            "steer": 0.0
        },
        {
            "throttle": 0.3190836038789198,
            "brake": 0.02968727661440423,
            "steer": 0.0
        },
        {
            "throttle": 0.3507896848479005,
            "brake": 0.026718548952963807,
            "steer": 0.0
        },
        {
            "throttle": 0.3808794664898936,
            "brake": 0.024046694057667427,
            "steer": 0.0
        },
        {
            "throttle": 0.4085398128497882,
            "brake": 0.021642024651900686,
            "steer": 0.0
        },
        {
            "throttle": 0.4330194625736198,
            "brake": 0.019477822186710618,
            "steer": 0.0
        },
        {
            "throttle": 0.4536561890120249,
            "brake": 0.017530039968039555,
            "steer": 0.0
        },
        {
            "throttle": 0.46990077779291317,
            "brake": 0.0157770359712356,
            "steer": 0.0
        },
        {
            "throttle": 0.4813370372223586,
            "brake": 0.01419933237411204,
            "steer": 0.0
        },
        {
            "throttle": 0.4876971879780232,
            "brake": 0.012779399136700837,
            "steer": 0.0
        },
        {
            "throttle": 0.4888721317817284,
            "brake": 0.011501459223030754,
            "steer": 0.0
        },
        {
            "throttle": 0.48491626891809714,
            "brake": 0.010351313300727678,
            "steer": 0.0
        },
        {
            "throttle": 0.47604671587866815,
            "brake": 0.00931618197065491,
            "steer": 0.0
        },
        {
            "throttle": 0.4626369609547225,
            "brake": 0.00838456377358942,
            "steer": 0.0
        },
        {
            "throttle": 0.44520518100592155,
            "brake": 0.007546107396230478,
            "steer": 0.0
        },
        {
            "throttle": 0.4243976206640549,
            "brake": 0.00679149665660743,
            "steer": 0.0
        },
        {
            "throttle": 0.4009675999086168,
            "brake": 0.006112346990946687,
            "steer": 0.0
        },
        {
            "throttle": 0.37575086173954164,
            "brake": 0.005501112291852018,
            "steer": 0.0
        },
        {
            "throttle": 0.34963809367281795,
            "brake": 0.004951001062666816,
            "steer": 0.0
        },
        {
            "throttle": 0.3235455508962977,
            "brake": 0.004455900956400135,
            "steer": 0.0
        },
        {
            "throttle": 0.2983847719815336,
            "brake": 0.004010310860760122,
            "steer": 0.0
        },
        {
            "throttle": 0.2750324079309724,
            "brake": 0.0036092797746841094,
            "steer": 0.0
        },
        {
            "throttle": 0.2543011810397977,
            "brake": 0.0032483517972156984,
            "steer": 0.0
        },
        {
            "throttle": 0.23691295170684612,
            "brake": 0.0029235166174941284,
            "steer": 0.0
        },
        {
            "throttle": 0.2132216565361615,
            "brake": 0.030276435335875544,
            "steer": 0.0
        },
        {
            "throttle": 0.19189949088254538,
            "brake": 0.054894062182418824,
            "steer": 0.0
        },
        {
            "throttle": 0.17270954179429085,
            "brake": 0.07704992634430777,
            "steer": 0.0
        },
        {
            "throttle": 0.15543858761486176,
            "brake": 0.09699020409000782,
            "steer": 0.0
        },
        {
            "throttle": 0.1398947288533756,
            "brake": 0.11493645406113787,
            "steer": 0.0
        },
        {
            "throttle": 0.12590525596803803,
            "brake": 0.1310880790351549,
            "steer": 0.0
        },
        {
            "throttle": 0.11331473037123423,
            "brake": 0.14562454151177023,
            "steer": 0.0
        },
        {
            "throttle": 0.1019832573341108,
            "brake": 0.15870735774072403,
            "steer": 0.0
        },
        {
            "throttle": 0.09178493160069973,
            "brake": 0.17048189234678246,
            "steer": 0.0
        },
        {
            "throttle": 0.08260643844062976,
            "brake": 0.18107897349223506,
            "steer": 0.0
        },
        {
            "throttle": 0.07434579459656679,
            "brake": 0.1906163465231424,
            "steer": 0.0
        },
        {
            "throttle": 0.06691121513691012,
            "brake": 0.19919998225095903,
            "steer": 0.0
        },
        {
            "throttle": 0.06022009362321911,
            "brake": 0.20692525440599396,
            "steer": 0.0
        },
        {
            "throttle": 0.0541980842608972,
            "brake": 0.21387799934552543,
            "steer": 0.0
        },
        {
            "throttle": 0.04877827583480748,
            "brake": 0.2201354697911037,
            "steer": 0.0
        },
        {
            "throttle": 0.04390044825132674,
            "brake": 0.22576719319212418,
            "steer": 0.0
        },
        {
            "throttle": 0.039510403426194066,
            "brake": 0.2308357442530426,
            "steer": 0.0
        },
        {
            "throttle": 0.03555936308357466,
            "brake": 0.23539744020786918,
            "steer": 0.0
        },
        {
            "throttle": 0.03200342677521719,
            "brake": 0.2395029665672131,
            "steer": 0.0
        },
        {
            "throttle": 0.028803084097695473,
            "brake": 0.24319794029062264,
            "steer": 0.0
        },
        {
            "throttle": 0.025922775687925927,
            "brake": 0.2465234166416912,
            "steer": 0.0
        },
        {
            "throttle": 0.023330498119133333,
            "brake": 0.24951634535765294,
            "steer": 0.0
        },
        {
            "throttle": 0.06201417338982698,
            "brake": 0.22456471082188764,
            "steer": 0.0
        },
        {
            "throttle": 0.09141545248019037,
            "brake": 0.20210823973969888,
            "steer": 0.0
        },
        {
            "throttle": 0.11247951201070337,
            "brake": 0.181897415765729,
            "steer": 0.0
        },
        {
            "throttle": 0.1262380398807538,
            "brake": 0.1637076741891561,
            "steer": 0.0
        },
        {
            "throttle": 0.1337939439783409,
            "brake": 0.1473369067702405,
            "steer": 0.0
        },
        {
            "throttle": 0.13630174068032447,
            "brake": 0.13260321609321646,
            "steer": 0.0
        },
        {
            "throttle": 0.13494447408629281,
            "brake": 0.11934289448389482,
            "steer": 0.0
        },
        {
            "throttle": 0.13090811398153213,
            "brake": 0.10740860503550534,
            "steer": 0.0
        },
        {
            "throttle": 0.12535444771073037,
            "brake": 0.09666774453195481,
            "steer": 0.0
        },
        {
            "throttle": 0.11939351601725388,
            "brake": 0.08700097007875933,
            "steer": 0.0
        },
        {
            "throttle": 0.11405664411955342,
            "brake": 0.0783008730708834,
            "steer": 0.0
        },
        {
            "throttle": 0.11027108665924286,
            "brake": 0.07047078576379506,
            "steer": 0.0
        },
        {
            "throttle": 0.10883723961855708,
            "brake": 0.06342370718741557,
            "steer": 0.0
        },
        {
            "throttle": 0.1104092759397553,
            "brake": 0.05708133646867401,
            "steer": 0.0
        },
        {
            "throttle": 0.1154799375038202,
            "brake": 0.051373202821806616,
            "steer": 0.0
        },
        {
            "throttle": 0.12437006839959663,
            "brake": 0.046235882539625954,
            "steer": 0.0
        },
        {
            "throttle": 0.1372233078999635,
            "brake": 0.04161229428566336,
            "steer": 0.0
        },
        {
            "throttle": 0.15400618176082273,
            "brake": 0.037451064857097024,
            "steer": 0.0
        },
        {
            "throttle": 0.17451364332766323,
            "brake": 0.033705958371387325,
            "steer": 0.0
        },
        {
            "throttle": 0.19837992768261176,
            "brake": 0.030335362534248594,
            "steer": 0.0
        },
        {
            "throttle": 0.22509439894594213,
            "brake": 0.027301826280823737,
            "steer": 0.0
        },
        {
            "throttle": 0.25402189894759564,
            "brake": 0.024571643652741365,
            "steer": 0.0
        },
        {
            "throttle": 0.28442695052308536,
            "brake": 0.02211447928746723,
            "steer": 0.0
        },
        {
            "throttle": 0.3155010358177301,
            "brake": 0.019903031358720506,
            "steer": 0.0
        },
        {
            "throttle": 0.34639206362045655,
            "brake": 0.017912728222848458,
            "steer": 0.0
        },
        {
            "throttle": 0.37623506342524793,
            "brake": 0.016121455400563613,
            "steer": 0.0
        },
        {
            "throttle": 0.40418310016251535,
            "brake": 0.014509309860507252,
            "steer": 0.0
        },
        {
            "throttle": 0.36376479014626384,
            "brake": 0.04070364925458736,
            "steer": 0.0
        },
        {
            "throttle": 0.32738831113163747,
            "brake": 0.06427855470925944,
            "steer": 0.0
        },
        {
            "throttle": 0.29464948001847374,
            "brake": 0.08549596961846434,
            "steer": 0.0
        },
        {
            "throttle": 0.2651845320166264,
            "brake": 0.10459164303674874,
            "steer": 0.0
        },
        {
            "throttle": 0.23866607881496377,
            "brake": 0.1217777491132047,
            "steer": 0.0
        },
        {
            "throttle": 0.2147994709334674,
            "brake": 0.13724524458201506,
            "steer": 0.0
        },
        {
            "throttle": 0.19331952384012066,
            "brake": 0.1511659905039444,
            "steer": 0.0
        },
        {
            "throttle": 0.1739875714561086,
            "brake": 0.16369466183368075,
            "steer": 0.0
        },
        {
            "throttle": 0.15658881431049776,
            "brake": 0.17497046603044353,
            "steer": 0.0
        },
        {
            "throttle": 0.140929932879448,
            "brake": 0.18511868980753,
            "steer": 0.0
        },
        {
            "throttle": 0.1268369395915032,
            "brake": 0.19425209120690784,
            "steer": 0.0
        },
        {
            "throttle": 0.11415324563235288,
            "brake": 0.20247215246634787,
            "steer": 0.0
        },
        {
            "throttle": 0.1027379210691176,
            "brake": 0.20987020759984393,
            "steer": 0.0
        },
        {
            "throttle": 0.09246412896220584,
            "brake": 0.21652845721999037,
            "steer": 0.0
        },
        {
            "throttle": 0.08321771606598526,
            "brake": 0.2225208818781222,
            "steer": 0.0
        },
        {
            "throttle": 0.07489594445938673,
            "brake": 0.2279140640704408,
            "steer": 0.0
        },
        {
            "throttle": 0.06740635001344805,
            "brake": 0.23276792804352753,
            "steer": 0.0
        },
        {
            "throttle": 0.06066571501210325,
            "brake": 0.2371364056193056,
            "steer": 0.0
        },
        {
            "throttle": 0.05459914351089293,
            "brake": 0.24106803543750588,
            "steer": 0.0
        },
        {
            "throttle": 0.049139229159803635,
            "brake": 0.24460650227388614,
            "steer": 0.0
        },
        {
            "throttle": 0.04422530624382327,
            "brake": 0.24779112242662837,
            "steer": 0.0
        },
        {
            "throttle": 0.03980277561944095,
            "brake": 0.25065728056409636,
            "steer": 0.0
        },
        {
            "throttle": 0.055082630100128024,
            "brake": 0.22559155250768673,
            "steer": 0.0
        },
        {
            "throttle": 0.0735654067082176,
            "brake": 0.20303239725691805,
            "steer": 0.0
        },
        {
            "throttle": 0.09533722776525803,
            "brake": 0.18272915753122623,
            "steer": 0.0
        },
        {
            "throttle": 0.12030328759484726,
            "brake": 0.1644562417781036,
            "steer": 0.0
        },
        {
            "throttle": 0.1481980931948595,
            "brake": 0.14801061760029324,
            "steer": 0.0
        },
        {
            "throttle": 0.17860072402367402,
            "brake": 0.13320955584026392,
            "steer": 0.0
        },
        {
            "throttle": 0.21095466966458015,
            "brake": 0.11988860025623753,
            "steer": 0.0
        },
        {
            "throttle": 0.24459164352089938,
            "brake": 0.10789974023061377,
            "steer": 0.0
        },
        {
            "throttle": 0.22013247916880943,
            "brake": 0.12475503658768322,
            "steer": 0.0
        },
        {
            "throttle": 0.19811923125192848,
            "brake": 0.13992480330904572,
            "steer": 0.0
        },
        {
            "throttle": 0.17830730812673565,
            "brake": 0.15357759335827198,
            "steer": 0.0
        },
        {
            "throttle": 0.1604765773140621,
            "brake": 0.16586510440257562,
            "steer": 0.0
        },
        {
            "throttle": 0.14442891958265588,
            "brake": 0.1769238643424489,
            "steer": 0.0
        },
        {
            "throttle": 0.1299860276243903,
            "brake": 0.18687674828833484,
            "steer": 0.0
        },
        {
            "throttle": 0.11698742486195127,
            "brake": 0.19583434383963216,
            "steer": 0.0
        },
        {
            "throttle": 0.10528868237575614,
            "brake": 0.20389617983579977,
            "steer": 0.0
        },
        {
            "throttle": 0.09475981413818053,
            "brake": 0.21115183223235062,
            "steer": 0.0
        },
        {
            "throttle": 0.08528383272436248,
            "brake": 0.21768191938924641,
            "steer": 0.0
        },
        {
            "throttle": 0.07675544945192624,
            "brake": 0.22355899783045263,
            "steer": 0.0
        },
        {
            "throttle": 0.06907990450673361,
            "brake": 0.2288483684275382,
            "steer": 0.0
        },
        {
            "throttle": 0.06217191405606025,
            "brake": 0.23360880196491524,
            "steer": 0.0
        },
        {
            "throttle": 0.055954722650454224,
            "brake": 0.23789319214855453,
            "steer": 0.0
        },
        {
            "throttle": 0.0503592503854088,
            "brake": 0.2417491433138299,
            "steer": 0.0
        },
        {
            "throttle": 0.04532332534686792,
            "brake": 0.24521949936257775,
            "steer": 0.0
        },
        {
            "throttle": 0.04079099281218113,
            "brake": 0.2483428198064508,
            "steer": 0.0
        },
        {
            "throttle": 0.03671189353096302,
            "brake": 0.2511538082059365,
            "steer": 0.0
        },
        {
            "throttle": 0.03304070417786672,
            "brake": 0.2536836977654737,
            "steer": 0.0
        },
        {
            "throttle": 0.029736633760080046,
            "brake": 0.2559605983690572,
            "steer": 0.0
        },
        {
            "throttle": 0.026762970384072042,
            "brake": 0.2580098089122823,
            "steer": 0.0
        },
        {
            "throttle": 0.02408667334566484,
            "brake": 0.2598540984011849,
            "steer": 0.0
        },
        {
            "throttle": 0.028648416832644522,
            "brake": 0.2338686885610664,
            "steer": 0.0
        },
        {
            "throttle": 0.03423811603196697,
            "brake": 0.21048181970495977,
            "steer": 0.0
        }
    ],
    "parameters": {
        "cloudiness": 96.99424537589137,
        "fog_density": 67.83604349552735,
        "initial_distance": 75.37093346716236,
        "initial_ego_velocity": 10.494420275025877,
        "initial_lead_velocity": 24.233299880303505,
        "lead_base_throttle": 0.3610764637830524,
        "lead_behavior_frequency": 0.29189259466252443,
        "lead_brake_duration": 22.598571203764376,
        "lead_brake_intensity": 0.27645270380130826,
        "lead_brake_probability": 0.2832682692381932,
        "lead_throttle_variation": 0.29644093355312967,
        "precipitation": 92.71701829709114,
        "precipitation_deposits": 56.03582405677386,
        "sun_altitude_angle": 44.40634507291945,
        "wind_intensity": 47.96187001886539
    },
    "config": {
        "num_timesteps": 200,
        "dt": 0.1,
        "seed": 129
    }
}