{
    "weather": {
        "cloudiness": 48.456288616259904,
        "precipitation": 74.05744259211595,
        "precipitation_deposits": 87.2692025550624,
        "wind_intensity": 34.96446726156039,
        "sun_altitude_angle": 76.39083241258142,
        "fog_density": 44.98277039217569,
        "fog_distance": 223.25834512629248,
        "wetness": 37.028721296057974
    },
    "initial_conditions": {
        "ego": {
            "position": {
                "x": 552.624588918122,
                "y": 20.57,
                "z": 0.294
            },
            "yaw": 0.0,
            "velocity": 12.890468400775756
        },
        "lead": {
            "position": {
                "x": 484.88,
                "y": 20.57,
                "z": 0.294
            },
            "yaw": 0.0,
            "velocity": 17.880691558573133
        }
    },
    "ego": {
        "position": {
            "x": 552.624588918122,
            "y": 20.57,
            "z": 0.294
        },
        "yaw": 0.0,
        "velocity": 12.890468400775756
    },
    "lead": {
        "position": {
            "x": 484.88,
            "y": 20.57,
            "z": 0.294
        },
        "yaw": 0.0,
        "velocity": 17.880691558573133
    },
    "ado_actions": [
        {
            "throttle": 0.49343460601036904,
            "brake": 0.0,
            "steer": 0.0
        },
        {
            "throttle": 0.4941012815904974,
            "brake": 0.0,
            "steer": 0.0
        },
        {
            "throttle": 0.49536527956928356,
            "brake": 0.0,
            "steer": 0.0
        },
        {
            "throttle": 0.4971615072786618,
            "brake": 0.0,
            "steer": 0.0
        },
        {
            "throttle": 0.49942872810647976,
            "brake": 0.0,
            "steer": 0.0
        },
        {
            "throttle": 0.5021092081729006,
            "brake": 0.0,
            "steer": 0.0
        },
        {
            "throttle": 0.5051484088972673,
            "brake": 0.0,
            "steer": 0.0
        },
        {
            "throttle": 0.5084947206938041,
            "brake": 0.0,
            "steer": 0.0
        },
        {
            "throttle": 0.5120992334688601,
            "brake": 0.0,
            "steer": 0.0
        },
        {
            "throttle": 0.5159155399841541,
            "brake": 0.0,
            "steer": 0.0
        },
        {
            "throttle": 0.5198995685040891,
            "brake": 0.0,
            "steer": 0.0
        },
        {
            "throttle": 0.5240094414646467,
            "brake": 0.0,
            "steer": 0.0
        },
        {
            "throttle": 0.5282053571902059,
            "brake": 0.0,
            "steer": 0.0
        },
        {
            "throttle": 0.5324494919460917,
            "brake": 0.0,
            "steer": 0.0
        },
        {
            "throttle": 0.5367059198515994,
            "brake": 0.0,
            "steer": 0.0
        },
        {
            "throttle": 0.540940548393281,
            "brake": 0.0,
            "steer": 0.0
        },
        {
            "throttle": 0.545121067473714,
            "brake": 0.0,
            "steer": 0.0
        },
        {
            "throttle": 0.5492169101089077,
            "brake": 0.0,
            "steer": 0.0
        },
        {
            "throttle": 0.5531992230497813,
            "brake": 0.0,
            "steer": 0.0
        },
        {
            "throttle": 0.557040845751464,
            "brake": 0.0,
            "steer": 0.0
        },
        {
            "throttle": 0.5607162962499956,
            "brake": 0.0,
            "steer": 0.0
        },
        {
            "throttle": 0.5642017626306971,
            "brake": 0.0,
            "steer": 0.0
        },
        {
            "throttle": 0.5674750988872141,
            "brake": 0.0,
            "steer": 0.0
        },
        {
            "throttle": 0.570515824076091,
            "brake": 0.0,
            "steer": 0.0
        },
        {
            "throttle": 0.5733051237696333,
            "brake": 0.0,
            "steer": 0.0
        },
        {
            "throttle": 0.5758258529006297,
            "brake": 0.0,
            "steer": 0.0
        },
        {
            "throttle": 0.5780625391769492,
            "brake": 0.0,
            "steer": 0.0
        },
        {
            "throttle": 0.5800013863227893,
            "brake": 0.0,
            "steer": 0.0
        },
        {
            "throttle": 0.5816302764769966,
            "brake": 0.0,
            "steer": 0.0
        },
        {
            "throttle": 0.5829387711479264,
            "brake": 0.0,
            "steer": 0.0
        },
        {
            "throttle": 0.583918110189212,
            "brake": 0.0,
            "steer": 0.0
        },
        {
            "throttle": 0.584561208321966,
            "brake": 0.0,
            "steer": 0.0
        },
        {
            "throttle": 0.5848626487866758,
            "brake": 0.0,
            "steer": 0.0
        },
        {
            "throttle": 0.5848186737626991,
            "brake": 0.0,
            "steer": 0.0
        },
        {
            "throttle": 0.5844271712450485,
            "brake": 0.0,
            "steer": 0.0
        },
        {
            "throttle": 0.5836876581173177,
            "brake": 0.0,
            "steer": 0.0
        },
        {
            "throttle": 0.5826012592063272,
            "brake": 0.0,
            "steer": 0.0
        },
        {
            "throttle": 0.5811706821485144,
            "brake": 0.0,
            "steer": 0.0
        },
        {
            "throttle": 0.5794001879404012,
            "brake": 0.0,
            "steer": 0.0
        },
        {
            "throttle": 0.5772955570857484,
            "brake": 0.0,
            "steer": 0.0
        },
        {
            "throttle": 0.574864051290349,
            "brake": 0.0,
            "steer": 0.0
        },
        {
            "throttle": 0.5721143706918871,
            "brake": 0.0,
            "steer": 0.0
        },
        {
            "throttle": 0.5690566066469676,
            "brake": 0.0,
            "steer": 0.0
        },
        {
            "throttle": 0.5657021901303354,
            "brake": 0.0,
            "steer": 0.0
        },
        {
            "throttle": 0.5620638358324961,
            "brake": 0.0,
            "steer": 0.0
        },
        {
            "throttle": 0.5581554820714457,
            "brake": 0.0,
            "steer": 0.0
        },
        {
            "throttle": 0.5539922266620279,
            "brake": 0.0,
            "steer": 0.0
        },
        {
            "throttle": 0.5495902589125726,
            "brake": 0.0,
            "steer": 0.0
        },
        {
            "throttle": 0.544966787942945,
            "brake": 0.0,
            "steer": 0.0
        },
        {
            "throttle": 0.5401399675409271,
            "brake": 0.0,
            "steer": 0.0
        },
        {
            "throttle": 0.535128817794991,
            "brake": 0.0,
            "steer": 0.0
        },
        {
            "throttle": 0.5299531437609654,
            "brake": 0.0,
            "steer": 0.0
        },
        {
            "throttle": 0.5246334514378721,
            "brake": 0.0,
            "steer": 0.0
        },
        {
            "throttle": 0.51919086134428,
            "brake": 0.0,
            "steer": 0.0
        },
        {
            "throttle": 0.5136470200009065,
            "brake": 0.0,
            "steer": 0.0
        },
        {
            "throttle": 0.5080240096378706,
            "brake": 0.0,
            "steer": 0.0
        },
        {
            "throttle": 0.5023442564559748,
            "brake": 0.0,
            "steer": 0.0
        },
        {
            "throttle": 0.4966304377806471,
            "brake": 0.0,
            "steer": 0.0
        },
        {
            "throttle": 0.4909053884547362,
            "brake": 0.0,
            "steer": 0.0
        },
        {
            "throttle": 0.48519200682219416,
            "brake": 0.0,
            "steer": 0.0
        },
        {
            "throttle": 0.4795131606588394,
            "brake": 0.0,
            "steer": 0.0
        },
        {
            "throttle": 0.47389159340885734,
            "brake": 0.0,
            "steer": 0.0
        },
        {
            "throttle": 0.46834983108649353,
            "brake": 0.0,
            "steer": 0.0
        },
        {
            "throttle": 0.4629100902015423,
            "brake": 0.0,
            "steer": 0.0
        },
        {
            "throttle": 0.4575941870647506,
            "brake": 0.0,
            "steer": 0.0
        },
        {
            "throttle": 0.4524234488251785,
            "brake": 0.0,
            "steer": 0.0
        },
        {
            "throttle": 0.44741862658591175,
            "brake": 0.0,
            "steer": 0.0
        },
        {
            "throttle": 0.4425998109373469,
            "brake": 0.0,
            "steer": 0.0
        },
        {
            "throttle": 0.4379863502386093,
            "brake": 0.0,
            "steer": 0.0
        },
        {
            "throttle": 0.43359677196756397,
            "brake": 0.0,
            "steer": 0.0
        },
        {
            "throttle": 0.4294487074483912,
            "brake": 0.0,
            "steer": 0.0
        },
        {
            "throttle": 0.4255588202528789,
            "brake": 0.0,
            "steer": 0.0
        },
        {
            "throttle": 0.42194273855749165,
            "brake": 0.0,
            "steer": 0.0
        },
        {
            "throttle": 0.4186149917229777,
            "brake": 0.0,
            "steer": 0.0
        },
        {
            "throttle": 0.41558895134683904,
            "brake": 0.0,
            "steer": 0.0
        },
        {
            "throttle": 0.4128767770214849,
            "brake": 0.0,
            "steer": 0.0
        },
        {
            "throttle": 0.41048936701240024,
            "brake": 0.0,
            "steer": 0.0
        },
        {
            "throttle": 0.408436314051255,
            "brake": 0.0,
            "steer": 0.0
        },
        {
            "throttle": 0.4067258664186537,
            "brake": 0.0,
            "steer": 0.0
        },
        {
            "throttle": 0.4053648944702537,
            "brake": 0.0,
            "steer": 0.0
        },
        {
            "throttle": 0.4043588627383567,
            "brake": 0.0,
            "steer": 0.0
        },
        {
            "throttle": 0.40371180771889237,
            "brake": 0.0,
            "steer": 0.0
        },
        {
            "throttle": 0.4034263214310567,
            "brake": 0.0,
            "steer": 0.0
        },
        {
            "throttle": 0.40350354081383527,
            "brake": 0.0,
            "steer": 0.0
        },
        {
            "throttle": 0.3631531867324517,
            "brake": 0.0632220132274647,
            "steer": 0.0
        },
        {
            "throttle": 0.32683786805920656,
            "brake": 0.12012182513218292,
            "steer": 0.0
        },
        {
            "throttle": 0.2941540812532859,
            "brake": 0.17133165584642934,
            "steer": 0.0
        },
        {
            "throttle": 0.26473867312795735,
            "brake": 0.21742050348925113,
            "steer": 0.0
        },
        {
            "throttle": 0.23826480581516163,
            "brake": 0.25890046636779074,
            "steer": 0.0
        },
        {
            "throttle": 0.21443832523364548,
            "brake": 0.29623243295847634,
            "steer": 0.0
        },
        {
            "throttle": 0.19299449271028093,
            "brake": 0.3298312028900934,
            "steer": 0.0
        },
        {
            "throttle": 0.17369504343925285,
            "brake": 0.3600700958285487,
            "steer": 0.0
        },
        {
            "throttle": 0.15632553909532756,
            "brake": 0.38728509947315853,
            "steer": 0.0
        },
        {
            "throttle": 0.14069298518579482,
            "brake": 0.41177860275330735,
            "steer": 0.0
        },
        {
            "throttle": 0.17270077051818258,
            "brake": 0.37060074247797664,
            "steer": 0.0
        },
        {
            "throttle": 0.20214801243283334,
            "brake": 0.33354066823017897,
            "steer": 0.0
        },
        {
            "throttle": 0.22930134437144156,
            "brake": 0.3001866014071611,
            "steer": 0.0
        },
        {
            "throttle": 0.25439811470370005,
            "brake": 0.270167941266445,
            "steer": 0.0
        },
        {
            "throttle": 0.2776492831791708,
            "brake": 0.24315114713980052,
            "steer": 0.0
        },
        {
            "throttle": 0.2992420384244198,
            "brake": 0.21883603242582048,
            "steer": 0.0
        },
        {
            "throttle": 0.3193421644669542,
            "brake": 0.19695242918323844,
            "steer": 0.0
        },
        {
            "throttle": 0.3380961814259363,
            "brake": 0.1772571862649146,
            "steer": 0.0
        },
        {
            "throttle": 0.35563328295206714,
            "brake": 0.15953146763842316,
            "steer": 0.0
        },
        {
            "throttle": 0.372067090697212,
            "brake": 0.14357832087458083,
            "steer": 0.0
        },
        {
            "throttle": 0.38749724402288377,
            "brake": 0.12922048878712275,
            "steer": 0.0
        },
        {
            "throttle": 0.40201084129274156,
            "brake": 0.11629843990841048,
            "steer": 0.0
        },
        {
            "throttle": 0.41568374741722647,
            "brake": 0.10466859591756943,
            "steer": 0.0
        },
        {
            "throttle": 0.42858178080982473,
            "brake": 0.09420173632581248,
            "steer": 0.0
        },
        {
            "throttle": 0.4407617915575466,
            "brake": 0.08478156269323124,
            "steer": 0.0
        },
        {
            "throttle": 0.45227264138802936,
            "brake": 0.07630340642390812,
            "steer": 0.0
        },
        {
            "throttle": 0.46315609491870485,
            "brake": 0.06867306578151731,
            "steer": 0.0
        },
        {
            "throttle": 0.4734476306875494,
            "brake": 0.06180575920336558,
            "steer": 0.0
        },
        {
            "throttle": 0.48317717957910333,
            "brake": 0.055625183283029025,
            "steer": 0.0
        },
        {
            "throttle": 0.492369797463844,
            "brake": 0.050062664954726124,
            "steer": 0.0
        },
        {
            "throttle": 0.5010462781547357,
            "brake": 0.045056398459253515,
            "steer": 0.0
        },
        {
            "throttle": 0.5092237121438571,
            "brake": 0.040550758613328165,
            "steer": 0.0
        },
        {
            "throttle": 0.516915996007214,
            "brake": 0.03649568275199535,
            "steer": 0.0
        },
        {
            "throttle": 0.5241342968506811,
            "brake": 0.032846114476795814,
            "steer": 0.0
        },
        {
            "throttle": 0.5308874757086245,
            "brake": 0.029561503029116233,
            "steer": 0.0
        },
        {
            "throttle": 0.537182473393862,
            "brake": 0.02660535272620461,
            "steer": 0.0
        },
        {
            "throttle": 0.5430246619284499,
            "brake": 0.02394481745358415,
            "steer": 0.0
        },
        {
            "throttle": 0.5484181643550528,
            "brake": 0.021550335708225735,
            "steer": 0.0
        },
        {
            "throttle": 0.5533661454344878,
            "brake": 0.01939530213740316,
            "steer": 0.0
        },
        {
            "throttle": 0.5578710754729204,
            "brake": 0.017455771923662846,
            "steer": 0.0
        },
        {
            "throttle": 0.5619349692889809,
            "brake": 0.015710194731296562,
            "steer": 0.0
        },
        {
            "throttle": 0.565559602123915,
            "brake": 0.014139175258166907,
            "steer": 0.0
        },
        {
            "throttle": 0.5687467041141812,
            "brake": 0.012725257732350215,
            "steer": 0.0
        },
        {
            "throttle": 0.5714981347833539,
            "brake": 0.011452731959115194,
            "steer": 0.0
        },
        {
            "throttle": 0.5738160388666503,
            "brake": 0.010307458763203676,
            "steer": 0.0
        },
        {
            "throttle": 0.5757029846549758,
            "brake": 0.00927671288688331,
            "steer": 0.0
        },
        {
            "throttle": 0.5771620859343407,
            "brake": 0.00834904159819498,
            "steer": 0.0
        },
        {
            "throttle": 0.5781971084992669,
            "brake": 0.0075141374383754815,
            "steer": 0.0
        },
        {
            "throttle": 0.5788125621339635,
            "brake": 0.006762723694537933,
            "steer": 0.0
        },
        {
            "throttle": 0.5790137788813051,
            "brake": 0.00608645132508414,
            "steer": 0.0
        },
        {
            "throttle": 0.5788069783558276,
            "brake": 0.005477806192575726,
            "steer": 0.0
        },
        {
            "throttle": 0.5781993208019973,
            "brake": 0.004930025573318154,
            "steer": 0.0
        },
        {
            "throttle": 0.5771989485519384,
            "brake": 0.004437023015986338,
            "steer": 0.0
        },
        {
            "throttle": 0.5758150164967464,
            "brake": 0.003993320714387704,
            "steer": 0.0
        },
        {
            "throttle": 0.5740577121516524,
            "brake": 0.003593988642948934,
            "steer": 0.0
        },
        {
            "throttle": 0.5719382658669298,
            "brake": 0.0032345897786540405,
            "steer": 0.0
        },
        {
            "throttle": 0.5694689517128524,
            "brake": 0.0029111308007886364,
            "steer": 0.0
        },
        {
            "throttle": 0.5666630795476418,
            "brake": 0.0026200177207097728,
            "steer": 0.0
        },
        {
            "throttle": 0.5635349787616075,
            "brake": 0.0023580159486387958,
            "steer": 0.0
        },
        {
            "throttle": 0.5600999741780901,
            "brake": 0.0021222143537749164,
            "steer": 0.0
        },
        {
            "throttle": 0.5563743545819024,
            "brake": 0.0019099929183974248,
            "steer": 0.0
        },
        {
            "throttle": 0.552375334338298,
            "brake": 0.0017189936265576823,
            "steer": 0.0
        },
        {
            "throttle": 0.5481210085597088,
            "brake": 0.0015470942639019142,
            "steer": 0.0
        },
        {
            "throttle": 0.5436303022732203,
            "brake": 0.0013923848375117227,
            "steer": 0.0
        },
        {
            "throttle": 0.5389229140386856,
            "brake": 0.0012531463537605505,
            "steer": 0.0
        },
        {
            "throttle": 0.5340192544652206,
            "brake": 0.0011278317183844955,
            "steer": 0.0
        },
        {
            "throttle": 0.5289403800723118,
            "brake": 0.001015048546546046,
            "steer": 0.0
        },
        {
            "throttle": 0.5237079229406696,
            "brake": 0.0009135436918914414,
            "steer": 0.0
        },
        {
            "throttle": 0.5183440165970462,
            "brake": 0.0008221893227022974,
            "steer": 0.0
        },
        {
            "throttle": 0.5128712185763297,
            "brake": 0.0007399703904320676,
            "steer": 0.0
        },
        {
            "throttle": 0.5073124301031328,
            "brake": 0.0006659733513888609,
            "steer": 0.0
        },
        {
            "throttle": 0.5016908133336748,
            "brake": 0.0005993760162499748,
            "steer": 0.0
        },
        {
            "throttle": 0.4515217320003074,
            "brake": 0.06376145164208967,
            "steer": 0.0
        },
        {
            "throttle": 0.40636955880027664,
            "brake": 0.1206073197053454,
            "steer": 0.0
        },
        {
            "throttle": 0.365732602920249,
            "brake": 0.17176860096227556,
            "steer": 0.0
        },
        {
            "throttle": 0.3291593426282241,
            "brake": 0.21781375409351272,
            "steer": 0.0
        },
        {
            "throttle": 0.2962434083654017,
            "brake": 0.25925439191162614,
            "steer": 0.0
        },
        {
            "throttle": 0.26661906752886155,
            "brake": 0.29655096594792824,
            "steer": 0.0
        },
        {
            "throttle": 0.2399571607759754,
            "brake": 0.3301178825806001,
            "steer": 0.0
        },
        {
            "throttle": 0.21596144469837786,
            "brake": 0.3603281075500048,
            "steer": 0.0
        },
        {
            "throttle": 0.19436530022854007,
            "brake": 0.387517310022469,
            "steer": 0.0
        },
        {
            "throttle": 0.17492877020568606,
            "brake": 0.4119875922476868,
            "steer": 0.0
        },
        {
            "throttle": 0.19735264455497073,
            "brake": 0.3707888330229181,
            "steer": 0.0
        },
        {
            "throttle": 0.21725842660053923,
            "brake": 0.3337099497206263,
            "steer": 0.0
        },
        {
            "throttle": 0.23493701059654298,
            "brake": 0.30033895474856365,
            "steer": 0.0
        },
        {
            "throttle": 0.2506511545666833,
            "brake": 0.2703050592737073,
            "steer": 0.0
        },
        {
            "throttle": 0.26463813263804375,
            "brake": 0.24327455334633658,
            "steer": 0.0
        },
        {
            "throttle": 0.2771121189514407,
            "brake": 0.21894709801170292,
            "steer": 0.0
        },
        {
            "throttle": 0.28826633065322627,
            "brake": 0.19705238821053264,
            "steer": 0.0
        },
        {
            "throttle": 0.29827495473316445,
            "brake": 0.17734714938947937,
            "steer": 0.0
        },
        {
            "throttle": 0.30729488100401375,
            "brake": 0.15961243445053144,
            "steer": 0.0
        },
        {
            "throttle": 0.3154672612936135,
            "brake": 0.1436511910054783,
            "steer": 0.0
        },
        {
            "throttle": 0.322918912915168,
            "brake": 0.12928607190493047,
            "steer": 0.0
        },
        {
            "throttle": 0.32976358267405353,
            "brake": 0.11635746471443742,
            "steer": 0.0
        },
        {
            "throttle": 0.33610308604008565,
            "brake": 0.10472171824299369,
            "steer": 0.0
        },
        {
            "throttle": 0.34202833464497784,
            "brake": 0.09424954641869432,
            "steer": 0.0
        },
        {
            "throttle": 0.34762026393971857,
            "brake": 0.08482459177682489,
            "steer": 0.0
        },
        {
            "throttle": 0.3529506716513988,
            "brake": 0.0763421325991424,
            "steer": 0.0
        },
        {
            "throttle": 0.3580829766007073,
            "brake": 0.06870791933922815,
            "steer": 0.0
        },
        {
            "throttle": 0.3630729064682437,
            "brake": 0.06183712740530534,
            "steer": 0.0
        },
        {
            "throttle": 0.3679691222195266,
            "brake": 0.0556534146647748,
            "steer": 0.0
        },
        {
            "throttle": 0.37281378610568894,
            "brake": 0.05008807319829733,
            "steer": 0.0
        },
        {
            "throttle": 0.37764307944091086,
            "brake": 0.0450792658784676,
            "steer": 0.0
        },
        {
            "throttle": 0.382487675711042,
            "brake": 0.04057133929062084,
            "steer": 0.0
        },
        {
            "throttle": 0.3873731739837805,
            "brake": 0.036514205361558756,
            "steer": 0.0
        },
        {
            "throttle": 0.39232049706307665,
            "brake": 0.032862784825402884,
            "steer": 0.0
        },
        {
            "throttle": 0.39734625835358806,
            "brake": 0.029576506342862595,
            "steer": 0.0
        },
        {
            "throttle": 0.40246310097009075,
            "brake": 0.026618855708576337,
            "steer": 0.0
        },
        {
            "throttle": 0.407680012237277,
            "brake": 0.023956970137718702,
            "steer": 0.0
        },
        {
            "throttle": 0.41300261637336144,
            "brake": 0.02156127312394683,
            "steer": 0.0
        },
        {
            "throttle": 0.41843344783276504,
            "brake": 0.019405145811552147,
            "steer": 0.0
        },
        {
            "throttle": 0.4239722074956274,
            "brake": 0.017464631230396932,
            "steer": 0.0
        },
        {
            "throttle": 0.4296160036321112,
            "brake": 0.01571816810735724,
            "steer": 0.0
        },
        {
            "throttle": 0.43535957933479424,
            "brake": 0.014146351296621515,
            "steer": 0.0
        },
        {
            "throttle": 0.4411955279005588,
            "brake": 0.012731716166959364,
            "steer": 0.0
        },
        {
            "throttle": 0.44711449745217163,
            "brake": 0.011458544550263428,
            "steer": 0.0
        }
    ],
    "parameters": {
        "cloudiness": 48.456288616259904,
        "fog_density": 44.98277039217569,
        "initial_distance": 67.74458891812199,
        "initial_ego_velocity": 12.890468400775756,
        "initial_lead_velocity": 17.880691558573133,
        "lead_base_throttle": 0.49343460601036904,
        "lead_behavior_frequency": 0.1010318584135353,
        "lead_brake_duration": 10.320594906102357,
        "lead_brake_intensity": 0.6322201322746469,
        "lead_brake_probability": 0.12486901116743017,
        "lead_throttle_variation": 0.10509161318294967,
        "precipitation": 74.05744259211595,
        "precipitation_deposits": 87.2692025550624,
        "sun_altitude_angle": 76.39083241258142,
        "wind_intensity": 34.96446726156039
    },
    "config": {
        "num_timesteps": 200,
        "dt": 0.1,
        "seed": 186
    }
}