{
    "weather": {
        "cloudiness": 4.717994052359331,
        "precipitation": 78.07842171931846,
        "precipitation_deposits": 56.98855953973641,
        "wind_intensity": 48.83582582479309,
        "sun_altitude_angle": 87.61966388384288,
        "fog_density": 40.926968329867925,
        "fog_distance": 255.57681271730044,
        "wetness": 39.03921085965923
    },
    "initial_conditions": {
        "ego": {
            "position": {
                "x": 547.4388736882605,
                "y": 20.57,
                "z": 0.294
            },
            "yaw": 0.0,
            "velocity": 19.87725249465102
        },
        "lead": {
            "position": {
                "x": 484.88,
                "y": 20.57,
                "z": 0.294
            },
            "yaw": 0.0,
            "velocity": 15.207962091221523
        }
    },
    "ego": {
        "position": {
            "x": 547.4388736882605,
            "y": 20.57,
            "z": 0.294
        },
        "yaw": 0.0,
        "velocity": 19.87725249465102
    },
    "lead": {
        "position": {
            "x": 484.88,
            "y": 20.57,
            "z": 0.294
        },
        "yaw": 0.0,
        "velocity": 15.207962091221523
    },
    "ado_actions": [
        {
            "throttle": 0.5647614342392153,
            "brake": 0.0,
            "steer": 0.0
        },
        {
            "throttle": 0.569589658613178,
            "brake": 0.0,
            "steer": 0.0
        },
        {
            "throttle": 0.5786566589027626,
            "brake": 0.0,
            "steer": 0.0
        },
        {
            "throttle": 0.591327660192829,
            "brake": 0.0,
            "steer": 0.0
        },
        {
            "throttle": 0.6069317511923772,
            "brake": 0.0,
            "steer": 0.0
        },
        {
            "throttle": 0.6247723551700105,
            "brake": 0.0,
            "steer": 0.0
        },
        {
            "throttle": 0.644138702222594,
            "brake": 0.0,
            "steer": 0.0
        },
        {
            "throttle": 0.6643180060706624,
            "brake": 0.0,
            "steer": 0.0
        },
        {
            "throttle": 0.6846080373608376,
            "brake": 0.0,
            "steer": 0.0
        },
        {
            "throttle": 0.7043297806099539,
            "brake": 0.0,
            "steer": 0.0
        },
        {
            "throttle": 0.7228398635982317,
            "brake": 0.0,
            "steer": 0.0
        },
        {
            "throttle": 0.739542456211851,
            "brake": 0.0,
            "steer": 0.0
        },
        {
            "throttle": 0.7539003503029178,
            "brake": 0.0,
            "steer": 0.0
        },
        {
            "throttle": 0.765444952787066,
            "brake": 0.0,
            "steer": 0.0
        },
        {
            "throttle": 0.7737849505082084,
            "brake": 0.0,
            "steer": 0.0
        },
        {
            "throttle": 0.7786134368109078,
            "brake": 0.0,
            "steer": 0.0
        },
        {
            "throttle": 0.7797133256028828,
            "brake": 0.0,
            "steer": 0.0
        },
        {
            "throttle": 0.7769609181925576,
            "brake": 0.0,
            "steer": 0.0
        },
        {
            "throttle": 0.770327530495643,
            "brake": 0.0,
            "steer": 0.0
        },
        {
            "throttle": 0.759879132402983,
            "brake": 0.0,
            "steer": 0.0
        },
        {
            "throttle": 0.7457739962284039,
            "brake": 0.0,
            "steer": 0.0
        },
        {
            "throttle": 0.7282583962271195,
            "brake": 0.0,
            "steer": 0.0
        },
        {
            "throttle": 0.7076604452092987,
            "brake": 0.0,
            "steer": 0.0
        },
        {
            "throttle": 0.6843821963082827,
            "brake": 0.0,
            "steer": 0.0
        },
        {
            "throttle": 0.658890177080302,
            "brake": 0.0,
            "steer": 0.0
        },
        {
            "throttle": 0.6317045584574672,
            "brake": 0.0,
            "steer": 0.0
        },
        {
            "throttle": 0.6033871918757898,
            "brake": 0.0,
            "steer": 0.0
        },
        {
            "throttle": 0.5745287734821013,
            "brake": 0.0,
            "steer": 0.0
        },
        {
            "throttle": 0.5457354141295357,
            "brake": 0.0,
            "steer": 0.0
        },
        {
            "throttle": 0.5176149074692199,
            "brake": 0.0,
            "steer": 0.0
        },
        {
            "throttle": 0.49076299554094605,
            "brake": 0.0,
            "steer": 0.0
        },
        {
            "throttle": 0.46574993170597073,
            "brake": 0.0,
            "steer": 0.0
        },
        {
            "throttle": 0.4431076345452206,
            "brake": 0.0,
            "steer": 0.0
        },
        {
            "throttle": 0.42331771360732584,
            "brake": 0.0,
            "steer": 0.0
        },
        {
            "throttle": 0.40680062891781543,
            "brake": 0.0,
            "steer": 0.0
        },
        {
            "throttle": 0.3661205660260339,
            "brake": 0.06746394876522059,
            "steer": 0.0
        },
        {
            "throttle": 0.3295085094234305,
            "brake": 0.12818150265391912,
            "steer": 0.0
        },
        {
            "throttle": 0.29655765848108745,
            "brake": 0.1828273011537478,
            "steer": 0.0
        },
        {
            "throttle": 0.2669018926329787,
            "brake": 0.2320085198035936,
            "steer": 0.0
        },
        {
            "throttle": 0.24021170336968084,
            "brake": 0.27627161658845484,
            "steer": 0.0
        },
        {
            "throttle": 0.21619053303271277,
            "brake": 0.31610840369482995,
            "steer": 0.0
        },
        {
            "throttle": 0.1945714797294415,
            "brake": 0.3519615120905676,
            "steer": 0.0
        },
        {
            "throttle": 0.17511433175649735,
            "brake": 0.38422930964673147,
            "steer": 0.0
        },
        {
            "throttle": 0.1576028985808476,
            "brake": 0.41327032744727893,
            "steer": 0.0
        },
        {
            "throttle": 0.14184260872276286,
            "brake": 0.43940724346777166,
            "steer": 0.0
        },
        {
            "throttle": 0.12765834785048658,
            "brake": 0.4629304678862151,
            "steer": 0.0
        },
        {
            "throttle": 0.11489251306543792,
            "brake": 0.4841013698628142,
            "steer": 0.0
        },
        {
            "throttle": 0.10340326175889412,
            "brake": 0.5031551816417533,
            "steer": 0.0
        },
        {
            "throttle": 0.09306293558300471,
            "brake": 0.5203036122427985,
            "steer": 0.0
        },
        {
            "throttle": 0.08375664202470424,
            "brake": 0.5357371997837392,
            "steer": 0.0
        },
        {
            "throttle": 0.07538097782223382,
            "brake": 0.5496274285705859,
            "steer": 0.0
        },
        {
            "throttle": 0.06784288004001045,
            "brake": 0.5621286344787478,
            "steer": 0.0
        },
        {
            "throttle": 0.061058592036009406,
            "brake": 0.5733797197960936,
            "steer": 0.0
        },
        {
            "throttle": 0.054952732832408466,
            "brake": 0.5835056965817048,
            "steer": 0.0
        },
        {
            "throttle": 0.04945745954916762,
            "brake": 0.5926190756887549,
            "steer": 0.0
        },
        {
            "throttle": 0.044511713594250865,
            "brake": 0.6008211168851,
            "steer": 0.0
        },
        {
            "throttle": 0.04006054223482578,
            "brake": 0.6082029539618106,
            "steer": 0.0
        },
        {
            "throttle": 0.03605448801134321,
            "brake": 0.6148466073308501,
            "steer": 0.0
        },
        {
            "throttle": 0.032449039210208884,
            "brake": 0.6208258953629856,
            "steer": 0.0
        },
        {
            "throttle": 0.1053688721438167,
            "brake": 0.5587433058266871,
            "steer": 0.0
        },
        {
            "throttle": 0.1669324531034649,
            "brake": 0.5028689752440184,
            "steer": 0.0
        },
        {
            "throttle": 0.21793036127190454,
            "brake": 0.45258207771961656,
            "steer": 0.0
        },
        {
            "throttle": 0.25917149277538915,
            "brake": 0.4073238699476549,
            "steer": 0.0
        },
        {
            "throttle": 0.23325434349785024,
            "brake": 0.43405543171811,
            "steer": 0.0
        },
        {
            "throttle": 0.20992890914806522,
            "brake": 0.4581138373115196,
            "steer": 0.0
        },
        {
            "throttle": 0.1889360182332587,
            "brake": 0.47976640234558826,
            "steer": 0.0
        },
        {
            "throttle": 0.17004241640993284,
            "brake": 0.49925371087625003,
            "steer": 0.0
        },
        {
            "throttle": 0.15303817476893955,
            "brake": 0.5167922885538456,
            "steer": 0.0
        },
        {
            "throttle": 0.1377343572920456,
            "brake": 0.5325770084636816,
            "steer": 0.0
        },
        {
            "throttle": 0.12396092156284105,
            "brake": 0.546783256382534,
            "steer": 0.0
        },
        {
            "throttle": 0.11156482940655695,
            "brake": 0.5595688795095012,
            "steer": 0.0
        },
        {
            "throttle": 0.10040834646590126,
            "brake": 0.5710759403237716,
            "steer": 0.0
        },
        {
            "throttle": 0.09036751181931113,
            "brake": 0.581432295056615,
            "steer": 0.0
        },
        {
            "throttle": 0.08133076063738003,
            "brake": 0.590753014316174,
            "steer": 0.0
        },
        {
            "throttle": 0.07319768457364202,
            "brake": 0.5991416616497771,
            "steer": 0.0
        },
        {
            "throttle": 0.06587791611627782,
            "brake": 0.60669144425002,
            "steer": 0.0
        },
        {
            "throttle": 0.05929012450465004,
            "brake": 0.6134862485902386,
            "steer": 0.0
        },
        {
            "throttle": 0.053361112054185034,
            "brake": 0.6196015724964353,
            "steer": 0.0
        },
        {
            "throttle": 0.048025000848766534,
            "brake": 0.6251053640120123,
            "steer": 0.0
        },
        {
            "throttle": 0.04322250076388988,
            "brake": 0.6300587763760317,
            "steer": 0.0
        },
        {
            "throttle": 0.038900250687500894,
            "brake": 0.6345168475036491,
            "steer": 0.0
        },
        {
            "throttle": 0.035010225618750807,
            "brake": 0.6385291115185048,
            "steer": 0.0
        },
        {
            "throttle": 0.031509203056875726,
            "brake": 0.6421401491318749,
            "steer": 0.0
        },
        {
            "throttle": 0.028358282751188155,
            "brake": 0.645390082983908,
            "steer": 0.0
        },
        {
            "throttle": 0.02552245447606934,
            "brake": 0.6483150234507378,
            "steer": 0.0
        },
        {
            "throttle": 0.022970209028462408,
            "brake": 0.6509474698708846,
            "steer": 0.0
        },
        {
            "throttle": 0.02067318812561617,
            "brake": 0.6533166716490167,
            "steer": 0.0
        },
        {
            "throttle": 0.08699467242347965,
            "brake": 0.5879850044841151,
            "steer": 0.0
        },
        {
            "throttle": 0.15104636457312584,
            "brake": 0.5291865040357036,
            "steer": 0.0
        },
        {
            "throttle": 0.2126958279753889,
            "brake": 0.4762678536321332,
            "steer": 0.0
        },
        {
            "throttle": 0.27173546915676994,
            "brake": 0.4286410682689199,
            "steer": 0.0
        },
        {
            "throttle": 0.32789994298801617,
            "brake": 0.38577696144202794,
            "steer": 0.0
        },
        {
            "throttle": 0.3808835512099304,
            "brake": 0.34719926529782513,
            "steer": 0.0
        },
        {
            "throttle": 0.4303573782465693,
            "brake": 0.3124793387680426,
            "steer": 0.0
        },
        {
            "throttle": 0.4759859012669655,
            "brake": 0.2812314048912384,
            "steer": 0.0
        },
        {
            "throttle": 0.5174428115284784,
            "brake": 0.25310826440211454,
            "steer": 0.0
        },
        {
            "throttle": 0.5544257910680521,
            "brake": 0.22779743796190308,
            "steer": 0.0
        },
        {
            "throttle": 0.5866700025313296,
            "brake": 0.20501769416571278,
            "steer": 0.0
        },
        {
            "throttle": 0.6139600699368112,
            "brake": 0.1845159247491415,
            "steer": 0.0
        },
        {
            "throttle": 0.6361403539277669,
            "brake": 0.16606433227422734,
            "steer": 0.0
        },
        {
            "throttle": 0.6531233559154992,
            "brake": 0.14945789904680462,
            "steer": 0.0
        },
        {
            "throttle": 0.6648961207068071,
            "brake": 0.13451210914212416,
            "steer": 0.0
        },
        {
            "throttle": 0.6715245458908667,
            "brake": 0.12106089822791175,
            "steer": 0.0
        },
        {
            "throttle": 0.6731555475206334,
            "brake": 0.10895480840512058,
            "steer": 0.0
        },
        {
            "throttle": 0.6700170744949361,
            "brake": 0.09805932756460851,
            "steer": 0.0
        },
        {
            "throttle": 0.6624160075332195,
            "brake": 0.08825339480814766,
            "steer": 0.0
        },
        {
            "throttle": 0.6507340217303808,
            "brake": 0.0794280553273329,
            "steer": 0.0
        },
        {
            "throttle": 0.6354215333923736,
            "brake": 0.07148524979459961,
            "steer": 0.0
        },
        {
            "throttle": 0.6169898912268325,
            "brake": 0.06433672481513965,
            "steer": 0.0
        },
        {
            "throttle": 0.596002008094775,
            "brake": 0.057903052333625686,
            "steer": 0.0
        },
        {
            "throttle": 0.5730616615922257,
            "brake": 0.05211274710026312,
            "steer": 0.0
        },
        {
            "throttle": 0.5488017189898887,
            "brake": 0.04690147239023681,
            "steer": 0.0
        },
        {
            "throttle": 0.523871563889043,
            "brake": 0.042211325151213126,
            "steer": 0.0
        },
        {
            "throttle": 0.49892401784915785,
            "brake": 0.03799019263609182,
            "steer": 0.0
        },
        {
            "throttle": 0.47460205983701753,
            "brake": 0.03419117337248263,
            "steer": 0.0
        },
        {
            "throttle": 0.4515256494092006,
            "brake": 0.03077205603523437,
            "steer": 0.0
        },
        {
            "throttle": 0.4302789559863716,
            "brake": 0.027694850431710934,
            "steer": 0.0
        },
        {
            "throttle": 0.4113982864734596,
            "brake": 0.02492536538853984,
            "steer": 0.0
        },
        {
            "throttle": 0.3953609870349299,
            "brake": 0.02243282884968586,
            "steer": 0.0
        },
        {
            "throttle": 0.38257557240081563,
            "brake": 0.020189545964717275,
            "steer": 0.0
        },
        {
            "throttle": 0.37337330814215064,
            "brake": 0.01817059136824555,
            "steer": 0.0
        },
        {
            "throttle": 0.3680014385216917,
            "brake": 0.016353532231420994,
            "steer": 0.0
        },
        {
            "throttle": 0.366618215514129,
            "brake": 0.014718179008278895,
            "steer": 0.0
        },
        {
            "throttle": 0.3692898442092649,
            "brake": 0.013246361107451005,
            "steer": 0.0
        },
        {
            "throttle": 0.3759894169469453,
            "brake": 0.011921724996705905,
            "steer": 0.0
        },
        {
            "throttle": 0.3865978641244386,
            "brake": 0.010729552497035316,
            "steer": 0.0
        },
        {
            "throttle": 0.4009069046407437,
            "brake": 0.009656597247331785,
            "steer": 0.0
        },
        {
            "throttle": 0.41862393438632434,
            "brake": 0.008690937522598606,
            "steer": 0.0
        },
        {
            "throttle": 0.4393787480305867,
            "brake": 0.007821843770338746,
            "steer": 0.0
        },
        {
            "throttle": 0.4627319485521314,
            "brake": 0.0070396593933048715,
            "steer": 0.0
        },
        {
            "throttle": 0.48818486139603795,
            "brake": 0.006335693453974385,
            "steer": 0.0
        },
        {
            "throttle": 0.5151907366544606,
            "brake": 0.005702124108576946,
            "steer": 0.0
        },
        {
            "throttle": 0.5431669939882845,
            "brake": 0.005131911697719252,
            "steer": 0.0
        },
        {
            "throttle": 0.5715082417692444,
            "brake": 0.004618720527947326,
            "steer": 0.0
        },
        {
            "throttle": 0.5995997846345993,
            "brake": 0.004156848475152594,
            "steer": 0.0
        },
        {
            "throttle": 0.6268313226898514,
            "brake": 0.0037411636276373345,
            "steer": 0.0
        },
        {
            "throttle": 0.6526105412091656,
            "brake": 0.003367047264873601,
            "steer": 0.0
        },
        {
            "throttle": 0.6763762919632347,
            "brake": 0.003030342538386241,
            "steer": 0.0
        },
        {
            "throttle": 0.697611076198464,
            "brake": 0.002727308284547617,
            "steer": 0.0
        },
        {
            "throttle": 0.7158525546017102,
            "brake": 0.0024545774560928556,
            "steer": 0.0
        },
        {
            "throttle": 0.7307038309720538,
            "brake": 0.0022091197104835703,
            "steer": 0.0
        },
        {
            "throttle": 0.6576334478748485,
            "brake": 0.0694521565046558,
            "steer": 0.0
        },
        {
            "throttle": 0.5918701030873637,
            "brake": 0.12997088961941083,
            "steer": 0.0
        },
        {
            "throttle": 0.5326830927786274,
            "brake": 0.18443774942269034,
            "steer": 0.0
        },
        {
            "throttle": 0.4794147835007646,
            "brake": 0.2334579232456419,
            "steer": 0.0
        },
        {
            "throttle": 0.43147330515068816,
            "brake": 0.2775760796862983,
            "steer": 0.0
        },
        {
            "throttle": 0.38832597463561935,
            "brake": 0.31728242048288907,
            "steer": 0.0
        },
        {
            "throttle": 0.3494933771720574,
            "brake": 0.3530181271998208,
            "steer": 0.0
        },
        {
            "throttle": 0.3145440394548517,
            "brake": 0.38518026324505933,
            "steer": 0.0
        },
        {
            "throttle": 0.28308963550936656,
            "brake": 0.41412618568577403,
            "steer": 0.0
        },
        {
            "throttle": 0.2547806719584299,
            "brake": 0.4401775158824172,
            "steer": 0.0
        },
        {
            "throttle": 0.22930260476258693,
            "brake": 0.4636237130593961,
            "steer": 0.0
        },
        {
            "throttle": 0.20637234428632825,
            "brake": 0.4847252905186771,
            "steer": 0.0
        },
        {
            "throttle": 0.18573510985769542,
            "brake": 0.5037167102320299,
            "steer": 0.0
        },
        {
            "throttle": 0.1671615988719259,
            "brake": 0.5208089879740475,
            "steer": 0.0
        },
        {
            "throttle": 0.1504454389847333,
            "brake": 0.5361920379418633,
            "steer": 0.0
        },
        {
            "throttle": 0.13540089508626,
            "brake": 0.5500367829128976,
            "steer": 0.0
        },
        {
            "throttle": 0.121860805577634,
            "brake": 0.5624970533868284,
            "steer": 0.0
        },
        {
            "throttle": 0.1096747250198706,
            "brake": 0.5737112968133662,
            "steer": 0.0
        },
        {
            "throttle": 0.09870725251788355,
            "brake": 0.5838041158972501,
            "steer": 0.0
        },
        {
            "throttle": 0.0888365272660952,
            "brake": 0.5928876530727457,
            "steer": 0.0
        },
        {
            "throttle": 0.07995287453948569,
            "brake": 0.6010628365306917,
            "steer": 0.0
        },
        {
            "throttle": 0.07195758708553712,
            "brake": 0.6084205016428431,
            "steer": 0.0
        },
        {
            "throttle": 0.06476182837698341,
            "brake": 0.6150424002437793,
            "steer": 0.0
        },
        {
            "throttle": 0.05828564553928507,
            "brake": 0.6210021089846219,
            "steer": 0.0
        },
        {
            "throttle": 0.09080571206470396,
            "brake": 0.5589018980861598,
            "steer": 0.0
        },
        {
            "throttle": 0.1242857797917698,
            "brake": 0.5030117082775438,
            "steer": 0.0
        },
        {
            "throttle": 0.15893715720039983,
            "brake": 0.45271053744978945,
            "steer": 0.0
        },
        {
            "throttle": 0.1948502177929711,
            "brake": 0.40743948370481053,
            "steer": 0.0
        },
        {
            "throttle": 0.23200191108424015,
            "brake": 0.36669553533432947,
            "steer": 0.0
        },
        {
            "throttle": 0.27026482775625993,
            "brake": 0.33002598180089654,
            "steer": 0.0
        },
        {
            "throttle": 0.30941771385221867,
            "brake": 0.2970233836208069,
            "steer": 0.0
        },
        {
            "throttle": 0.34915728737590646,
            "brake": 0.2673210452587262,
            "steer": 0.0
        },
        {
            "throttle": 0.38911117334520784,
            "brake": 0.24058894073285358,
            "steer": 0.0
        },
        {
            "throttle": 0.42885174094769635,
            "brake": 0.21653004665956824,
            "steer": 0.0
        },
        {
            "throttle": 0.4679105995940247,
            "brake": 0.19487704199361142,
            "steer": 0.0
        },
        {
            "throttle": 0.5057934898763647,
            "brake": 0.17538933779425028,
            "steer": 0.0
        },
        {
            "throttle": 0.5419952911044492,
            "brake": 0.15785040401482525,
            "steer": 0.0
        },
        {
            "throttle": 0.5760148594649757,
            "brake": 0.14206536361334274,
            "steer": 0.0
        },
        {
            "throttle": 0.6073694100435667,
            "brake": 0.12785882725200848,
            "steer": 0.0
        },
        {
            "throttle": 0.6356081619294105,
            "brake": 0.11507294452680764,
            "steer": 0.0
        },
        {
            "throttle": 0.6603249782135883,
            "brake": 0.10356565007412688,
            "steer": 0.0
        },
        {
            "throttle": 0.6811697515739514,
            "brake": 0.0932090850667142,
            "steer": 0.0
        },
        {
            "throttle": 0.6130527764165563,
            "brake": 0.15135212532526338,
            "steer": 0.0
        },
        {
            "throttle": 0.5517474987749007,
            "brake": 0.20368086155795762,
            "steer": 0.0
        },
        {
            "throttle": 0.49657274889741065,
            "brake": 0.25077672416738245,
            "steer": 0.0
        },
        {
            "throttle": 0.4469154740076696,
            "brake": 0.2931630005158648,
            "steer": 0.0
        },
        {
            "throttle": 0.40222392660690265,
            "brake": 0.33131064922949893,
            "steer": 0.0
        },
        {
            "throttle": 0.3620015339462124,
            "brake": 0.36564353307176967,
            "steer": 0.0
        },
        {
            "throttle": 0.32580138055159114,
            "brake": 0.3965431285298133,
            "steer": 0.0
        },
        {
            "throttle": 0.29322124249643206,
            "brake": 0.4243527644420526,
            "steer": 0.0
        },
        {
            "throttle": 0.26389911824678886,
            "brake": 0.44938143676306797,
            "steer": 0.0
        },
        {
            "throttle": 0.23750920642211,
            "brake": 0.4719072418519818,
            "steer": 0.0
        },
        {
            "throttle": 0.213758285779899,
            "brake": 0.49218046643200425,
            "steer": 0.0
        },
        {
            "throttle": 0.1923824572019091,
            "brake": 0.5104263685540245,
            "steer": 0.0
        },
        {
            "throttle": 0.1731442114817182,
            "brake": 0.5268476804638426,
            "steer": 0.0
        },
        {
            "throttle": 0.1558297903335464,
            "brake": 0.5416268611826789,
            "steer": 0.0
        },
        {
            "throttle": 0.14024681130019176,
            "brake": 0.5549281238296316,
            "steer": 0.0
        },
        {
            "throttle": 0.1262221301701726,
            "brake": 0.5668992602118891,
            "steer": 0.0
        },
        {
            "throttle": 0.11359991715315533,
            "brake": 0.5776732829559207,
            "steer": 0.0
        }
    ],
    "parameters": {
        "cloudiness": 4.717994052359331,
        "fog_density": 40.926968329867925,
        "initial_distance": 62.55887368826053,
        "initial_ego_velocity": 19.87725249465102,
        "initial_lead_velocity": 15.207962091221523,
        "lead_base_throttle": 0.5647614342392153,
        "lead_behavior_frequency": 0.2367328048849368,
        "lead_brake_duration": 24.926036987177344,
        "lead_brake_intensity": 0.6746394876522059,
        "lead_brake_probability": 0.20650954553749773,
        "lead_throttle_variation": 0.32580050342980477,
        "precipitation": 78.07842171931846,
        "precipitation_deposits": 56.98855953973641,
        "sun_altitude_angle": 87.61966388384288,
        "wind_intensity": 48.83582582479309
    },
    "config": {
        "num_timesteps": 200,
        "dt": 0.1,
        "seed": 177
    }
}