{
    "weather": {
        "cloudiness": 2.595533397989047,
        "precipitation": 33.18545372132851,
        "precipitation_deposits": 68.33625734218887,
        "wind_intensity": 24.603268365125835,
        "sun_altitude_angle": 26.60660624945188,
        "fog_density": 48.87813001240016,
        "fog_distance": 196.0724587805614,
        "wetness": 16.592726860664254
    },
    "initial_conditions": {
        "ego": {
            "position": {
                "x": 537.2578574930659,
                "y": 20.57,
                "z": 0.294
            },
            "yaw": 0.0,
            "velocity": 14.480646084433259
        },
        "lead": {
            "position": {
                "x": 484.88,
                "y": 20.57,
                "z": 0.294
            },
            "yaw": 0.0,
            "velocity": 11.231276638508973
        }
    },
    "ego": {
        "position": {
            "x": 537.2578574930659,
            "y": 20.57,
            "z": 0.294
        },
        "yaw": 0.0,
        "velocity": 14.480646084433259
    },
    "lead": {
        "position": {
            "x": 484.88,
            "y": 20.57,
            "z": 0.294
        },
        "yaw": 0.0,
        "velocity": 11.231276638508973
    },
    "ado_actions": [
        {
            "throttle": 0.31112151646343766,
            "brake": 0.0,
            "steer": 0.0
        },
        {
            "throttle": 0.3125718833918999,
            "brake": 0.0,
            "steer": 0.0
        },
        {
            "throttle": 0.315321834554849,
            "brake": 0.0,
            "steer": 0.0
        },
        {
            "throttle": 0.3192299422908376,
            "brake": 0.0,
            "steer": 0.0
        },
        {
            "throttle": 0.32416324390602574,
            "brake": 0.0,
            "steer": 0.0
        },
        {
            "throttle": 0.3299964631098096,
            "brake": 0.0,
            "steer": 0.0
        },
        {
            "throttle": 0.33661133153181355,
            "brake": 0.0,
            "steer": 0.0
        },
        {
            "throttle": 0.3438959999549266,
            "brake": 0.0,
            "steer": 0.0
        },
        {
            "throttle": 0.3517445298489643,
            "brake": 0.0,
            "steer": 0.0
        },
        {
            "throttle": 0.36005645664619956,
            "brake": 0.0,
            "steer": 0.0
        },
        {
            "throttle": 0.3687364169731024,
            "brake": 0.0,
            "steer": 0.0
        },
        {
            "throttle": 0.37769383275083357,
            "brake": 0.0,
            "steer": 0.0
        },
        {
            "throttle": 0.38684264570816446,
            "brake": 0.0,
            "steer": 0.0
        },
        {
            "throttle": 0.3961010964215591,
            "brake": 0.0,
            "steer": 0.0
        },
        {
            "throttle": 0.40539154251445286,
            "brake": 0.0,
            "steer": 0.0
        },
        {
            "throttle": 0.41464031111696026,
            "brake": 0.0,
            "steer": 0.0
        },
        {
            "throttle": 0.4237775811134133,
            "brake": 0.0,
            "steer": 0.0
        },
        {
            "throttle": 0.432737291092832,
            "brake": 0.0,
            "steer": 0.0
        },
        {
            "throttle": 0.4414570692707406,
            "brake": 0.0,
            "steer": 0.0
        },
        {
            "throttle": 0.44987818197332363,
            "brake": 0.0,
            "steer": 0.0
        },
        {
            "throttle": 0.4579454975700413,
            "brake": 0.0,
            "steer": 0.0
        },
        {
            "throttle": 0.46560746301141687,
            "brake": 0.0,
            "steer": 0.0
        },
        {
            "throttle": 0.47281609037738903,
            "brake": 0.0,
            "steer": 0.0
        },
        {
            "throttle": 0.47952695107071774,
            "brake": 0.0,
            "steer": 0.0
        },
        {
            "throttle": 0.48569917550152497,
            "brake": 0.0,
            "steer": 0.0
        },
        {
            "throttle": 0.49129545630498983,
            "brake": 0.0,
            "steer": 0.0
        },
        {
            "throttle": 0.49628205331614195,
            "brake": 0.0,
            "steer": 0.0
        },
        {
            "throttle": 0.5006287986950684,
            "brake": 0.0,
            "steer": 0.0
        },
        {
            "throttle": 0.5043091007539491,
            "brake": 0.0,
            "steer": 0.0
        },
        {
            "throttle": 0.5072999451853087,
            "brake": 0.0,
            "steer": 0.0
        },
        {
            "throttle": 0.5095818925297125,
            "brake": 0.0,
            "steer": 0.0
        },
        {
            "throttle": 0.5111390708517223,
            "brake": 0.0,
            "steer": 0.0
        },
        {
            "throttle": 0.5119591627160355,
            "brake": 0.0,
            "steer": 0.0
        },
        {
            "throttle": 0.5120333856720206,
            "brake": 0.0,
            "steer": 0.0
        },
        {
            "throttle": 0.5113564655649168,
            "brake": 0.0,
            "steer": 0.0
        },
        {
            "throttle": 0.5099266020962921,
            "brake": 0.0,
            "steer": 0.0
        },
        {
            "throttle": 0.5077454261553739,
            "brake": 0.0,
            "steer": 0.0
        },
        {
            "throttle": 0.5048179485369487,
            "brake": 0.0,
            "steer": 0.0
        },
        {
            "throttle": 0.5011524997509902,
            "brake": 0.0,
            "steer": 0.0
        },
        {
            "throttle": 0.4967606607142643,
            "brake": 0.0,
            "steer": 0.0
        },
        {
            "throttle": 0.4916571841951071,
            "brake": 0.0,
            "steer": 0.0
        },
        {
            "throttle": 0.4858599069595429,
            "brake": 0.0,
            "steer": 0.0
        },
        {
            "throttle": 0.4793896526400526,
            "brake": 0.0,
            "steer": 0.0
        },
        {
            "throttle": 0.4722701254177343,
            "brake": 0.0,
            "steer": 0.0
        },
        {
            "throttle": 0.46452779467439725,
            "brake": 0.0,
            "steer": 0.0
        },
        {
            "throttle": 0.4561917708333737,
            "brake": 0.0,
            "steer": 0.0
        },
        {
            "throttle": 0.4472936726665592,
            "brake": 0.0,
            "steer": 0.0
        },
        {
            "throttle": 0.43786748640044026,
            "brake": 0.0,
            "steer": 0.0
        },
        {
            "throttle": 0.4279494170056508,
            "brake": 0.0,
            "steer": 0.0
        },
        {
            "throttle": 0.4175777321029318,
            "brake": 0.0,
            "steer": 0.0
        },
        {
            "throttle": 0.40679259896324743,
            "brake": 0.0,
            "steer": 0.0
        },
        {
            "throttle": 0.39563591512123647,
            "brake": 0.0,
            "steer": 0.0
        },
        {
            "throttle": 0.3841511331591386,
            "brake": 0.0,
            "steer": 0.0
        },
        {
            "throttle": 0.37238308025282285,
            "brake": 0.0,
            "steer": 0.0
        },
        {
            "throttle": 0.36037777310255087,
            "brake": 0.0,
            "steer": 0.0
        },
        {
            "throttle": 0.3481822288986204,
            "brake": 0.0,
            "steer": 0.0
        },
        {
            "throttle": 0.33584427299604847,
            "brake": 0.0,
            "steer": 0.0
        },
        {
            "throttle": 0.32341234399296614,
            "brake": 0.0,
            "steer": 0.0
        },
        {
            "throttle": 0.31093529692441124,
            "brake": 0.0,
            "steer": 0.0
        },
        {
            "throttle": 0.29846220529672485,
            "brake": 0.0,
            "steer": 0.0
        },
        {
            "throttle": 0.28604216269780125,
            "brake": 0.0,
            "steer": 0.0
        },
        {
            "throttle": 0.27372408472502435,
            "brake": 0.0,
            "steer": 0.0
        },
        {
            "throttle": 0.2615565119758799,
            "brake": 0.0,
            "steer": 0.0
        },
        {
            "throttle": 0.24958741484599462,
            "brake": 0.0,
            "steer": 0.0
        },
        {
            "throttle": 0.23786400087576753,
            "brake": 0.0,
            "steer": 0.0
        },
        {
            "throttle": 0.22643252537988146,
            "brake": 0.0,
            "steer": 0.0
        },
        {
            "throttle": 0.2153381060838698,
            "brake": 0.0,
            "steer": 0.0
        },
        {
            "throttle": 0.20462454247864753,
            "brake": 0.0,
            "steer": 0.0
        },
        {
            "throttle": 0.1943341405875682,
            "brake": 0.0,
            "steer": 0.0
        },
        {
            "throttle": 0.18450754382123724,
            "brake": 0.0,
            "steer": 0.0
        },
        {
            "throttle": 0.16605678943911353,
            "brake": 0.03714146560789932,
            "steer": 0.0
        },
        {
            "throttle": 0.14945111049520218,
            "brake": 0.07056878465500871,
            "steer": 0.0
        },
        {
            "throttle": 0.13450599944568198,
            "brake": 0.10065337179740716,
            "steer": 0.0
        },
        {
            "throttle": 0.12105539950111378,
            "brake": 0.12772950022556576,
            "steer": 0.0
        },
        {
            "throttle": 0.1089498595510024,
            "brake": 0.1520980158109085,
            "steer": 0.0
        },
        {
            "throttle": 0.09805487359590216,
            "brake": 0.174029679837717,
            "steer": 0.0
        },
        {
            "throttle": 0.08824938623631194,
            "brake": 0.19376817746184463,
            "steer": 0.0
        },
        {
            "throttle": 0.07942444761268075,
            "brake": 0.2115328253235595,
            "steer": 0.0
        },
        {
            "throttle": 0.07148200285141268,
            "brake": 0.2275210083991029,
            "steer": 0.0
        },
        {
            "throttle": 0.06433380256627141,
            "brake": 0.24191037316709194,
            "steer": 0.0
        },
        {
            "throttle": 0.06715677765525317,
            "brake": 0.21771933585038275,
            "steer": 0.0
        },
        {
            "throttle": 0.06044109988972786,
            "brake": 0.23308886787324382,
            "steer": 0.0
        },
        {
            "throttle": 0.054396989900755074,
            "brake": 0.24692144669381877,
            "steer": 0.0
        },
        {
            "throttle": 0.04895729091067957,
            "brake": 0.2593707676323362,
            "steer": 0.0
        },
        {
            "throttle": 0.044061561819611614,
            "brake": 0.27057515647700187,
            "steer": 0.0
        },
        {
            "throttle": 0.03965540563765045,
            "brake": 0.280659106437201,
            "steer": 0.0
        },
        {
            "throttle": 0.035689865073885406,
            "brake": 0.2897346614013802,
            "steer": 0.0
        },
        {
            "throttle": 0.03212087856649687,
            "brake": 0.2979026608691415,
            "steer": 0.0
        },
        {
            "throttle": 0.02890879070984718,
            "brake": 0.3052538603901267,
            "steer": 0.0
        },
        {
            "throttle": 0.026017911638862464,
            "brake": 0.31186993995901335,
            "steer": 0.0
        },
        {
            "throttle": 0.023416120474976217,
            "brake": 0.3178244115710114,
            "steer": 0.0
        },
        {
            "throttle": 0.04004875796779937,
            "brake": 0.2860419704139103,
            "steer": 0.0
        },
        {
            "throttle": 0.05627524555882886,
            "brake": 0.2574377733725193,
            "steer": 0.0
        },
        {
            "throttle": 0.07217930527577483,
            "brake": 0.23169399603526736,
            "steer": 0.0
        },
        {
            "throttle": 0.08783113578456501,
            "brake": 0.20852459643174062,
            "steer": 0.0
        },
        {
            "throttle": 0.10328861435356089,
            "brake": 0.18767213678856656,
            "steer": 0.0
        },
        {
            "throttle": 0.11859839962472887,
            "brake": 0.16890492310970992,
            "steer": 0.0
        },
        {
            "throttle": 0.133796945623598,
            "brake": 0.15201443079873894,
            "steer": 0.0
        },
        {
            "throttle": 0.14891143631141157,
            "brake": 0.13681298771886505,
            "steer": 0.0
        },
        {
            "throttle": 0.16396064896560564,
            "brake": 0.12313168894697854,
            "steer": 0.0
        },
        {
            "throttle": 0.17895575375785275,
            "brake": 0.11081852005228068,
            "steer": 0.0
        },
        {
            "throttle": 0.19390105607270366,
            "brake": 0.09973666804705261,
            "steer": 0.0
        },
        {
            "throttle": 0.20879468736563211,
            "brake": 0.08976300124234736,
            "steer": 0.0
        },
        {
            "throttle": 0.22362924968919223,
            "brake": 0.08078670111811262,
            "steer": 0.0
        },
        {
            "throttle": 0.2383924184129822,
            "brake": 0.07270803100630135,
            "steer": 0.0
        },
        {
            "throttle": 0.25306750712081827,
            "brake": 0.06543722790567122,
            "steer": 0.0
        },
        {
            "throttle": 0.2676339981812451,
            "brake": 0.0588935051151041,
            "steer": 0.0
        },
        {
            "throttle": 0.282068042050091,
            "brake": 0.05300415460359369,
            "steer": 0.0
        },
        {
            "throttle": 0.296342927971582,
            "brake": 0.04770373914323432,
            "steer": 0.0
        },
        {
            "throttle": 0.31042952839337934,
            "brake": 0.04293336522891089,
            "steer": 0.0
        },
        {
            "throttle": 0.32429671909702484,
            "brake": 0.038640028706019805,
            "steer": 0.0
        },
        {
            "throttle": 0.3379117767652763,
            "brake": 0.03477602583541783,
            "steer": 0.0
        },
        {
            "throttle": 0.3512407554586078,
            "brake": 0.03129842325187605,
            "steer": 0.0
        },
        {
            "throttle": 0.3642488432519751,
            "brake": 0.028168580926688443,
            "steer": 0.0
        },
        {
            "throttle": 0.3769007000872848,
            "brake": 0.0253517228340196,
            "steer": 0.0
        },
        {
            "throttle": 0.3891607777245891,
            "brake": 0.02281655055061764,
            "steer": 0.0
        },
        {
            "throttle": 0.40099362252379894,
            "brake": 0.020534895495555875,
            "steer": 0.0
        },
        {
            "throttle": 0.41236416165679246,
            "brake": 0.018481405946000288,
            "steer": 0.0
        },
        {
            "throttle": 0.4232379732354986,
            "brake": 0.01663326535140026,
            "steer": 0.0
        },
        {
            "throttle": 0.4335815407433076,
            "brake": 0.014969938816260235,
            "steer": 0.0
        },
        {
            "throttle": 0.4433624920735942,
            "brake": 0.013472944934634213,
            "steer": 0.0
        },
        {
            "throttle": 0.45254982340894306,
            "brake": 0.01212565044117079,
            "steer": 0.0
        },
        {
            "throttle": 0.4611141081166645,
            "brake": 0.010913085397053712,
            "steer": 0.0
        },
        {
            "throttle": 0.46902769078929435,
            "brake": 0.00982177685734834,
            "steer": 0.0
        },
        {
            "throttle": 0.476264866521997,
            "brake": 0.008839599171613506,
            "steer": 0.0
        },
        {
            "throttle": 0.4828020454912107,
            "brake": 0.007955639254452156,
            "steer": 0.0
        },
        {
            "throttle": 0.48861790287964896,
            "brake": 0.007160075329006941,
            "steer": 0.0
        },
        {
            "throttle": 0.49369351418111224,
            "brake": 0.006444067796106246,
            "steer": 0.0
        },
        {
            "throttle": 0.444324162763001,
            "brake": 0.04294112662439494,
            "steer": 0.0
        },
        {
            "throttle": 0.39989174648670095,
            "brake": 0.07578847956985477,
            "steer": 0.0
        },
        {
            "throttle": 0.35990257183803087,
            "brake": 0.1053510972207686,
            "steer": 0.0
        },
        {
            "throttle": 0.3239123146542278,
            "brake": 0.13195745310659107,
            "steer": 0.0
        },
        {
            "throttle": 0.29152108318880504,
            "brake": 0.15590317340383128,
            "steer": 0.0
        },
        {
            "throttle": 0.26236897486992455,
            "brake": 0.17745432167134748,
            "steer": 0.0
        },
        {
            "throttle": 0.2361320773829321,
            "brake": 0.19685035511211205,
            "steer": 0.0
        },
        {
            "throttle": 0.2125188696446389,
            "brake": 0.21430678520880017,
            "steer": 0.0
        },
        {
            "throttle": 0.191266982680175,
            "brake": 0.23001757229581948,
            "steer": 0.0
        },
        {
            "throttle": 0.1721402844121575,
            "brake": 0.24415728067413686,
            "steer": 0.0
        },
        {
            "throttle": 0.20153718016637612,
            "brake": 0.21974155260672318,
            "steer": 0.0
        },
        {
            "throttle": 0.22688997875464284,
            "brake": 0.19776739734605087,
            "steer": 0.0
        },
        {
            "throttle": 0.24854606291942588,
            "brake": 0.17799065761144578,
            "steer": 0.0
        },
        {
            "throttle": 0.2668226784503012,
            "brake": 0.1601915918503012,
            "steer": 0.0
        },
        {
            "throttle": 0.2820101555769313,
            "brake": 0.1441724326652711,
            "steer": 0.0
        },
        {
            "throttle": 0.29437478917058174,
            "brake": 0.129755189398744,
            "steer": 0.0
        },
        {
            "throttle": 0.3041614111259544,
            "brake": 0.11677967045886961,
            "steer": 0.0
        },
        {
            "throttle": 0.3115956850363787,
            "brake": 0.10510170341298265,
            "steer": 0.0
        },
        {
            "throttle": 0.3168861503451891,
            "brake": 0.09459153307168439,
            "steer": 0.0
        },
        {
            "throttle": 0.32022604052125503,
            "brake": 0.08513237976451594,
            "steer": 0.0
        },
        {
            "throttle": 0.3217948974372497,
            "brake": 0.07661914178806435,
            "steer": 0.0
        },
        {
            "throttle": 0.3217600019984654,
            "brake": 0.06895722760925792,
            "steer": 0.0
        },
        {
            "throttle": 0.32027763915359425,
            "brake": 0.06206150484833213,
            "steer": 0.0
        },
        {
            "throttle": 0.31749421369511,
            "brake": 0.05585535436349892,
            "steer": 0.0
        },
        {
            "throttle": 0.31354723170609144,
            "brake": 0.05026981892714903,
            "steer": 0.0
        },
        {
            "throttle": 0.3085661611148675,
            "brake": 0.04524283703443413,
            "steer": 0.0
        },
        {
            "throttle": 0.3026731835628456,
            "brake": 0.04071855333099072,
            "steer": 0.0
        },
        {
            "throttle": 0.2959838486600094,
            "brake": 0.03664669799789165,
            "steer": 0.0
        },
        {
            "throttle": 0.2886076406839665,
            "brake": 0.03298202819810249,
            "steer": 0.0
        },
        {
            "throttle": 0.2806484668605182,
            "brake": 0.029683825378292242,
            "steer": 0.0
        },
        {
            "throttle": 0.2722050755360866,
            "brake": 0.026715442840463018,
            "steer": 0.0
        },
        {
            "throttle": 0.2633714118056077,
            "brake": 0.024043898556416716,
            "steer": 0.0
        },
        {
            "throttle": 0.25423691748525673,
            "brake": 0.021639508700775044,
            "steer": 0.0
        },
        {
            "throttle": 0.24488678171003342,
            "brake": 0.01947555783069754,
            "steer": 0.0
        },
        {
            "throttle": 0.2354021478850047,
            "brake": 0.017528002047627785,
            "steer": 0.0
        },
        {
            "throttle": 0.22586028221975785,
            "brake": 0.015775201842865006,
            "steer": 0.0
        },
        {
            "throttle": 0.21633470862286958,
            "brake": 0.014197681658578506,
            "steer": 0.0
        },
        {
            "throttle": 0.2068953143220215,
            "brake": 0.012777913492720656,
            "steer": 0.0
        },
        {
            "throttle": 0.19760843020136437,
            "brake": 0.011500122143448591,
            "steer": 0.0
        },
        {
            "throttle": 0.1885368895068944,
            "brake": 0.010350109929103733,
            "steer": 0.0
        },
        {
            "throttle": 0.17974006825939975,
            "brake": 0.00931509893619336,
            "steer": 0.0
        },
        {
            "throttle": 0.17127391042979417,
            "brake": 0.008383589042574024,
            "steer": 0.0
        },
        {
            "throttle": 0.16319094067052853,
            "brake": 0.007545230138316622,
            "steer": 0.0
        },
        {
            "throttle": 0.1555402671567284,
            "brake": 0.00679070712448496,
            "steer": 0.0
        },
        {
            "throttle": 0.14836757686948024,
            "brake": 0.006111636412036464,
            "steer": 0.0
        },
        {
            "throttle": 0.14171512544926293,
            "brake": 0.005500472770832818,
            "steer": 0.0
        },
        {
            "throttle": 0.13562172355810231,
            "brake": 0.0049504254937495365,
            "steer": 0.0
        },
        {
            "throttle": 0.13012272151301985,
            "brake": 0.004455382944374583,
            "steer": 0.0
        },
        {
            "throttle": 0.12524999378934135,
            "brake": 0.004009844649937124,
            "steer": 0.0
        },
        {
            "throttle": 0.1210319248391785,
            "brake": 0.003608860184943412,
            "steer": 0.0
        },
        {
            "throttle": 0.10892873235526065,
            "brake": 0.04038943977434839,
            "steer": 0.0
        },
        {
            "throttle": 0.09803585911973459,
            "brake": 0.07349196140481287,
            "steer": 0.0
        },
        {
            "throttle": 0.08823227320776113,
            "brake": 0.1032842308722309,
            "steer": 0.0
        },
        {
            "throttle": 0.07940904588698501,
            "brake": 0.13009727339290714,
            "steer": 0.0
        },
        {
            "throttle": 0.0714681412982865,
            "brake": 0.15422901166151576,
            "steer": 0.0
        },
        {
            "throttle": 0.06432132716845786,
            "brake": 0.1759475761032635,
            "steer": 0.0
        },
        {
            "throttle": 0.05788919445161207,
            "brake": 0.1954942841008365,
            "steer": 0.0
        },
        {
            "throttle": 0.05210027500645087,
            "brake": 0.21308632129865218,
            "steer": 0.0
        },
        {
            "throttle": 0.04689024750580578,
            "brake": 0.22891915477668628,
            "steer": 0.0
        },
        {
            "throttle": 0.042201222755225205,
            "brake": 0.243168704906917,
            "steer": 0.0
        },
        {
            "throttle": 0.05369804376189646,
            "brake": 0.2188518344162253,
            "steer": 0.0
        },
        {
            "throttle": 0.06515526592747797,
            "brake": 0.19696665097460278,
            "steer": 0.0
        },
        {
            "throttle": 0.07663344332846472,
            "brake": 0.17726998587714252,
            "steer": 0.0
        },
        {
            "throttle": 0.08818245254130289,
            "brake": 0.15954298728942826,
            "steer": 0.0
        },
        {
            "throttle": 0.09984235449157103,
            "brake": 0.14358868856048543,
            "steer": 0.0
        },
        {
            "throttle": 0.11164418924557849,
            "brake": 0.1292298197044369,
            "steer": 0.0
        },
        {
            "throttle": 0.12361071119009034,
            "brake": 0.11630683773399321,
            "steer": 0.0
        },
        {
            "throttle": 0.13575707122260802,
            "brake": 0.10467615396059389,
            "steer": 0.0
        },
        {
            "throttle": 0.14809145183106287,
            "brake": 0.0942085385645345,
            "steer": 0.0
        },
        {
            "throttle": 0.16061566027026764,
            "brake": 0.08478768470808105,
            "steer": 0.0
        },
        {
            "throttle": 0.1733256844361434,
            "brake": 0.07630891623727296,
            "steer": 0.0
        },
        {
            "throttle": 0.1862122154914187,
            "brake": 0.06867802461354566,
            "steer": 0.0
        }
    ],
    "parameters": {
        "cloudiness": 2.595533397989047,
        "fog_density": 48.87813001240016,
        "initial_distance": 52.377857493065896,
        "initial_ego_velocity": 14.480646084433259,
        "initial_lead_velocity": 11.231276638508973,
        "lead_base_throttle": 0.3111215164634376,
        "lead_behavior_frequency": 0.10019262553823181,
        "lead_brake_duration": 10.720567166722132,
        "lead_brake_intensity": 0.37141465607899316,
        "lead_brake_probability": 0.18638170797932888,
        "lead_throttle_variation": 0.23054152239794906,
        "precipitation": 33.18545372132851,
        "precipitation_deposits": 68.33625734218887,
        "sun_altitude_angle": 26.60660624945188,
        "wind_intensity": 24.603268365125835
    },
    "config": {
        "num_timesteps": 200,
        "dt": 0.1,
        "seed": 120
    }
}