{
    "weather": {
        "cloudiness": 57.361539465417536,
        "precipitation": 74.23696857317057,
        "precipitation_deposits": 62.84048290883061,
        "wind_intensity": 49.038773264781085,
        "sun_altitude_angle": 71.94589431762131,
        "fog_density": 53.684422922758486,
        "fog_distance": 167.04688389296774,
        "wetness": 37.118484286585286
    },
    "initial_conditions": {
        "ego": {
            "position": {
                "x": 515.8570825349123,
                "y": 20.57,
                "z": 0.294
            },
            "yaw": 0.0,
            "velocity": 5.0
        },
        "lead": {
            "position": {
                "x": 484.88,
                "y": 20.57,
                "z": 0.294
            },
            "yaw": 0.0,
            "velocity": 5.0
        }
    },
    "ego": {
        "position": {
            "x": 515.8570825349123,
            "y": 20.57,
            "z": 0.294
        },
        "yaw": 0.0,
        "velocity": 5.0
    },
    "lead": {
        "position": {
            "x": 484.88,
            "y": 20.57,
            "z": 0.294
        },
        "yaw": 0.0,
        "velocity": 5.0
    },
    "ado_actions": [
        {
            "throttle": 0.6000000000000001,
            "brake": 0.0,
            "steer": 0.0
        },
        {
            "throttle": 0.6039207434707281,
            "brake": 0.0,
            "steer": 0.0
        },
        {
            "throttle": 0.6112856870015987,
            "brake": 0.0,
            "steer": 0.0
        },
        {
            "throttle": 0.6215832922732747,
            "brake": 0.0,
            "steer": 0.0
        },
        {
            "throttle": 0.6342741259696172,
            "brake": 0.0,
            "steer": 0.0
        },
        {
            "throttle": 0.6487989527378226,
            "brake": 0.0,
            "steer": 0.0
        },
        {
            "throttle": 0.664587607633409,
            "brake": 0.0,
            "steer": 0.0
        },
        {
            "throttle": 0.681068421614125,
            "brake": 0.0,
            "steer": 0.0
        },
        {
            "throttle": 0.6976779652605574,
            "brake": 0.0,
            "steer": 0.0
        },
        {
            "throttle": 0.7138708722210941,
            "brake": 0.0,
            "steer": 0.0
        },
        {
            "throttle": 0.729129505019526,
            "brake": 0.0,
            "steer": 0.0
        },
        {
            "throttle": 0.7429732318321369,
            "brake": 0.0,
            "steer": 0.0
        },
        {
            "throttle": 0.7549670935376172,
            "brake": 0.0,
            "steer": 0.0
        },
        {
            "throttle": 0.7647296555628306,
            "brake": 0.0,
            "steer": 0.0
        },
        {
            "throttle": 0.771939858485623,
            "brake": 0.0,
            "steer": 0.0
        },
        {
            "throttle": 0.7763427046145296,
            "brake": 0.0,
            "steer": 0.0
        },
        {
            "throttle": 0.7777536443621025,
            "brake": 0.0,
            "steer": 0.0
        },
        {
            "throttle": 0.7760615556074876,
            "brake": 0.0,
            "steer": 0.0
        },
        {
            "throttle": 0.7712302407870966,
            "brake": 0.0,
            "steer": 0.0
        },
        {
            "throttle": 0.763298399493832,
            "brake": 0.0,
            "steer": 0.0
        },
        {
            "throttle": 0.7523780682057891,
            "brake": 0.0,
            "steer": 0.0
        },
        {
            "throttle": 0.7386515526866797,
            "brake": 0.0,
            "steer": 0.0
        },
        {
            "throttle": 0.7223669118815719,
            "brake": 0.0,
            "steer": 0.0
        },
        {
            "throttle": 0.7038320840648511,
            "brake": 0.0,
            "steer": 0.0
        },
        {
            "throttle": 0.6834077759026936,
            "brake": 0.0,
            "steer": 0.0
        },
        {
            "throttle": 0.6150669983124243,
            "brake": 0.07219174423237114,
            "steer": 0.0
        },
        {
            "throttle": 0.5535602984811818,
            "brake": 0.13716431404150517,
            "steer": 0.0
        },
        {
            "throttle": 0.49820426863306366,
            "brake": 0.1956396268697258,
            "steer": 0.0
        },
        {
            "throttle": 0.4483838417697573,
            "brake": 0.24826740841512435,
            "steer": 0.0
        },
        {
            "throttle": 0.4035454575927816,
            "brake": 0.29563241180598304,
            "steer": 0.0
        },
        {
            "throttle": 0.36319091183350344,
            "brake": 0.3382609148577559,
            "steer": 0.0
        },
        {
            "throttle": 0.3268718206501531,
            "brake": 0.3766265676043514,
            "steer": 0.0
        },
        {
            "throttle": 0.29418463858513777,
            "brake": 0.41115565507628743,
            "steer": 0.0
        },
        {
            "throttle": 0.264766174726624,
            "brake": 0.4422318338010298,
            "steer": 0.0
        },
        {
            "throttle": 0.23828955725396161,
            "brake": 0.470200394653298,
            "steer": 0.0
        },
        {
            "throttle": 0.21446060152856547,
            "brake": 0.49537209942033933,
            "steer": 0.0
        },
        {
            "throttle": 0.23055824200968025,
            "brake": 0.4458348894783054,
            "steer": 0.0
        },
        {
            "throttle": 0.24742492089167353,
            "brake": 0.40125140053047487,
            "steer": 0.0
        },
        {
            "throttle": 0.26541628682735086,
            "brake": 0.3611262604774274,
            "steer": 0.0
        },
        {
            "throttle": 0.28479185536739243,
            "brake": 0.3250136344296847,
            "steer": 0.0
        },
        {
            "throttle": 0.30571660818803675,
            "brake": 0.2925122709867162,
            "steer": 0.0
        },
        {
            "throttle": 0.3282639099433878,
            "brake": 0.2632610438880446,
            "steer": 0.0
        },
        {
            "throttle": 0.3524197518039409,
            "brake": 0.23693493949924016,
            "steer": 0.0
        },
        {
            "throttle": 0.37808829497033414,
            "brake": 0.21324144554931615,
            "steer": 0.0
        },
        {
            "throttle": 0.40509865297323583,
            "brake": 0.19191730099438453,
            "steer": 0.0
        },
        {
            "throttle": 0.4332128190575765,
            "brake": 0.17272557089494608,
            "steer": 0.0
        },
        {
            "throttle": 0.4621346150377632,
            "brake": 0.15545301380545148,
            "steer": 0.0
        },
        {
            "throttle": 0.4915195112862616,
            "brake": 0.13990771242490635,
            "steer": 0.0
        },
        {
            "throttle": 0.5209851445043278,
            "brake": 0.12591694118241573,
            "steer": 0.0
        },
        {
            "throttle": 0.5501223410693473,
            "brake": 0.11332524706417416,
            "steer": 0.0
        },
        {
            "throttle": 0.5785064394219422,
            "brake": 0.10199272235775675,
            "steer": 0.0
        },
        {
            "throttle": 0.6057086954182742,
            "brake": 0.09179345012198108,
            "steer": 0.0
        },
        {
            "throttle": 0.6313075499999027,
            "brake": 0.08261410510978297,
            "steer": 0.0
        },
        {
            "throttle": 0.654899538992715,
            "brake": 0.07435269459880467,
            "steer": 0.0
        },
        {
            "throttle": 0.6761096303000851,
            "brake": 0.06691742513892421,
            "steer": 0.0
        },
        {
            "throttle": 0.6946007840609763,
            "brake": 0.060225682625031786,
            "steer": 0.0
        },
        {
            "throttle": 0.710082546256589,
            "brake": 0.05420311436252861,
            "steer": 0.0
        },
        {
            "throttle": 0.7223185054277742,
            "brake": 0.04878280292627575,
            "steer": 0.0
        },
        {
            "throttle": 0.7311324651783297,
            "brake": 0.04390452263364818,
            "steer": 0.0
        },
        {
            "throttle": 0.736413211474216,
            "brake": 0.03951407037028336,
            "steer": 0.0
        },
        {
            "throttle": 0.7381177828235166,
            "brake": 0.03556266333325502,
            "steer": 0.0
        },
        {
            "throttle": 0.7362731825969004,
            "brake": 0.03200639699992952,
            "steer": 0.0
        },
        {
            "throttle": 0.7309765053397933,
            "brake": 0.02880575729993657,
            "steer": 0.0
        },
        {
            "throttle": 0.7223934822224893,
            "brake": 0.025925181569942914,
            "steer": 0.0
        },
        {
            "throttle": 0.7107554840460037,
            "brake": 0.023332663412948623,
            "steer": 0.0
        },
        {
            "throttle": 0.6963550527440301,
            "brake": 0.020999397071653762,
            "steer": 0.0
        },
        {
            "throttle": 0.6795400633863915,
            "brake": 0.018899457364488385,
            "steer": 0.0
        },
        {
            "throttle": 0.660706647620505,
            "brake": 0.01700951162803955,
            "steer": 0.0
        },
        {
            "throttle": 0.6402910356549488,
            "brake": 0.015308560465235594,
            "steer": 0.0
        },
        {
            "throttle": 0.6187604967237399,
            "brake": 0.013777704418712034,
            "steer": 0.0
        },
        {
            "throttle": 0.5966035769742761,
            "brake": 0.01239993397684083,
            "steer": 0.0
        },
        {
            "throttle": 0.5743198484820048,
            "brake": 0.011159940579156747,
            "steer": 0.0
        },
        {
            "throttle": 0.5524093932885631,
            "brake": 0.010043946521241073,
            "steer": 0.0
        },
        {
            "throttle": 0.531362251764026,
            "brake": 0.009039551869116966,
            "steer": 0.0
        },
        {
            "throttle": 0.5116480650881793,
            "brake": 0.00813559668220527,
            "steer": 0.0
        },
        {
            "throttle": 0.49370613721671736,
            "brake": 0.007322037013984743,
            "steer": 0.0
        },
        {
            "throttle": 0.4779361324386177,
            "brake": 0.006589833312586269,
            "steer": 0.0
        },
        {
            "throttle": 0.4646896107376964,
            "brake": 0.005930849981327643,
            "steer": 0.0
        },
        {
            "throttle": 0.4542625849415893,
            "brake": 0.005337764983194879,
            "steer": 0.0
        },
        {
            "throttle": 0.44688926146588326,
            "brake": 0.004803988484875391,
            "steer": 0.0
        },
        {
            "throttle": 0.4427371008157903,
            "brake": 0.004323589636387852,
            "steer": 0.0
        },
        {
            "throttle": 0.4419033054435021,
            "brake": 0.0038912306727490673,
            "steer": 0.0
        },
        {
            "throttle": 0.44441281169011826,
            "brake": 0.003502107605474161,
            "steer": 0.0
        },
        {
            "throttle": 0.4502178300305482,
            "brake": 0.003151896844926745,
            "steer": 0.0
        },
        {
            "throttle": 0.4591989443872728,
            "brake": 0.0028367071604340705,
            "steer": 0.0
        },
        {
            "throttle": 0.47116774760396163,
            "brake": 0.0025530364443906634,
            "steer": 0.0
        },
        {
            "throttle": 0.4858709569972149,
            "brake": 0.002297732799951597,
            "steer": 0.0
        },
        {
            "throttle": 0.5029959219479531,
            "brake": 0.002067959519956437,
            "steer": 0.0
        },
        {
            "throttle": 0.45269632975315777,
            "brake": 0.07405290780033193,
            "steer": 0.0
        },
        {
            "throttle": 0.407426696777842,
            "brake": 0.13883936125266988,
            "steer": 0.0
        },
        {
            "throttle": 0.3666840271000578,
            "brake": 0.19714716935977403,
            "steer": 0.0
        },
        {
            "throttle": 0.33001562439005205,
            "brake": 0.24962419665616775,
            "steer": 0.0
        },
        {
            "throttle": 0.29701406195104685,
            "brake": 0.29685352122292213,
            "steer": 0.0
        },
        {
            "throttle": 0.26731265575594215,
            "brake": 0.33935991333300103,
            "steer": 0.0
        },
        {
            "throttle": 0.24058139018034794,
            "brake": 0.37761566623207204,
            "steer": 0.0
        },
        {
            "throttle": 0.21652325116231314,
            "brake": 0.412045843841236,
            "steer": 0.0
        },
        {
            "throttle": 0.19487092604608183,
            "brake": 0.4430330036894835,
            "steer": 0.0
        },
        {
            "throttle": 0.17538383344147365,
            "brake": 0.47092144755290627,
            "steer": 0.0
        },
        {
            "throttle": 0.15784545009732628,
            "brake": 0.4960210470299868,
            "steer": 0.0
        },
        {
            "throttle": 0.22665648267255956,
            "brake": 0.4464189423269881,
            "steer": 0.0
        },
        {
            "throttle": 0.2867692237010685,
            "brake": 0.40177704809428927,
            "steer": 0.0
        },
        {
            "throttle": 0.3385627614291997,
            "brake": 0.3615993432848604,
            "steer": 0.0
        },
        {
            "throttle": 0.3824279976385755,
            "brake": 0.32543940895637435,
            "steer": 0.0
        },
        {
            "throttle": 0.4187759676598594,
            "brake": 0.2928954680607369,
            "steer": 0.0
        },
        {
            "throttle": 0.44804405246061363,
            "brake": 0.2636059212546632,
            "steer": 0.0
        },
        {
            "throttle": 0.47070011638971315,
            "brake": 0.23724532912919688,
            "steer": 0.0
        },
        {
            "throttle": 0.4872446321090766,
            "brake": 0.2135207962162772,
            "steer": 0.0
        },
        {
            "throttle": 0.49821088254030976,
            "brake": 0.19216871659464949,
            "steer": 0.0
        },
        {
            "throttle": 0.5041633575221823,
            "brake": 0.17295184493518453,
            "steer": 0.0
        },
        {
            "throttle": 0.5056944895635993,
            "brake": 0.1556566604416661,
            "steer": 0.0
        },
        {
            "throttle": 0.5034198978752947,
            "brake": 0.1400909943974995,
            "steer": 0.0
        },
        {
            "throttle": 0.4979723321155515,
            "brake": 0.12608189495774955,
            "steer": 0.0
        },
        {
            "throttle": 0.48999452640159596,
            "brake": 0.11347370546197459,
            "steer": 0.0
        },
        {
            "throttle": 0.4801311896082263,
            "brake": 0.10212633491577713,
            "steer": 0.0
        },
        {
            "throttle": 0.46902036937645253,
            "brake": 0.09191370142419943,
            "steer": 0.0
        },
        {
            "throttle": 0.4572844342617449,
            "brake": 0.08272233128177948,
            "steer": 0.0
        },
        {
            "throttle": 0.41155599083557043,
            "brake": 0.14664184238597266,
            "steer": 0.0
        },
        {
            "throttle": 0.3704003917520134,
            "brake": 0.20416940237974657,
            "steer": 0.0
        },
        {
            "throttle": 0.33336035257681207,
            "brake": 0.25594420637414306,
            "steer": 0.0
        },
        {
            "throttle": 0.3000243173191309,
            "brake": 0.3025415299690999,
            "steer": 0.0
        },
        {
            "throttle": 0.2700218855872178,
            "brake": 0.34447912120456103,
            "steer": 0.0
        },
        {
            "throttle": 0.24301969702849602,
            "brake": 0.38222295331647604,
            "steer": 0.0
        },
        {
            "throttle": 0.21871772732564643,
            "brake": 0.41619240221719955,
            "steer": 0.0
        },
        {
            "throttle": 0.1968459545930818,
            "brake": 0.44676490622785076,
            "steer": 0.0
        },
        {
            "throttle": 0.17716135913377362,
            "brake": 0.4742801598374368,
            "steer": 0.0
        },
        {
            "throttle": 0.15944522322039625,
            "brake": 0.49904388808606426,
            "steer": 0.0
        },
        {
            "throttle": 0.14350070089835662,
            "brake": 0.521331243509829,
            "steer": 0.0
        },
        {
            "throttle": 0.18404439547756155,
            "brake": 0.46919811915884607,
            "steer": 0.0
        },
        {
            "throttle": 0.22443755900653967,
            "brake": 0.42227830724296145,
            "steer": 0.0
        },
        {
            "throttle": 0.264721149203262,
            "brake": 0.3800504765186653,
            "steer": 0.0
        },
        {
            "throttle": 0.3048473650627868,
            "brake": 0.3420454288667988,
            "steer": 0.0
        },
        {
            "throttle": 0.3446897886276737,
            "brake": 0.30784088598011894,
            "steer": 0.0
        },
        {
            "throttle": 0.3840543092995085,
            "brake": 0.27705679738210703,
            "steer": 0.0
        },
        {
            "throttle": 0.42269068645598146,
            "brake": 0.24935111764389634,
            "steer": 0.0
        },
        {
            "throttle": 0.46030458327427415,
            "brake": 0.22441600587950672,
            "steer": 0.0
        },
        {
            "throttle": 0.4965698863090294,
            "brake": 0.20197440529155605,
            "steer": 0.0
        },
        {
            "throttle": 0.5311411118361704,
            "brake": 0.18177696476240046,
            "steer": 0.0
        },
        {
            "throttle": 0.5636656914619365,
            "brake": 0.16359926828616042,
            "steer": 0.0
        },
        {
            "throttle": 0.5937959261192847,
            "brake": 0.1472393414575444,
            "steer": 0.0
        },
        {
            "throttle": 0.6212003993376136,
            "brake": 0.13251540731178996,
            "steer": 0.0
        },
        {
            "throttle": 0.6455746474787962,
            "brake": 0.11926386658061096,
            "steer": 0.0
        },
        {
            "throttle": 0.6666508962823242,
            "brake": 0.10733747992254987,
            "steer": 0.0
        },
        {
            "throttle": 0.6842066892555473,
            "brake": 0.09660373193029488,
            "steer": 0.0
        },
        {
            "throttle": 0.6980722537890873,
            "brake": 0.0869433587372654,
            "steer": 0.0
        },
        {
            "throttle": 0.7081364748950025,
            "brake": 0.07824902286353887,
            "steer": 0.0
        },
        {
            "throttle": 0.6373228274055023,
            "brake": 0.14261586480955613,
            "steer": 0.0
        },
        {
            "throttle": 0.5735905446649521,
            "brake": 0.20054602256097165,
            "steer": 0.0
        },
        {
            "throttle": 0.5162314901984569,
            "brake": 0.25268316453724565,
            "steer": 0.0
        },
        {
            "throttle": 0.4646083411786113,
            "brake": 0.2996065923158922,
            "steer": 0.0
        },
        {
            "throttle": 0.41814750706075016,
            "brake": 0.34183767731667414,
            "steer": 0.0
        },
        {
            "throttle": 0.37633275635467517,
            "brake": 0.37984565381737784,
            "steer": 0.0
        },
        {
            "throttle": 0.33869948071920764,
            "brake": 0.4140528326680112,
            "steer": 0.0
        },
        {
            "throttle": 0.3048295326472869,
            "brake": 0.4448392936335812,
            "steer": 0.0
        },
        {
            "throttle": 0.27434657938255824,
            "brake": 0.47254710850259424,
            "steer": 0.0
        },
        {
            "throttle": 0.24691192144430243,
            "brake": 0.49748414188470597,
            "steer": 0.0
        },
        {
            "throttle": 0.2222207292998722,
            "brake": 0.5199274719286066,
            "steer": 0.0
        },
        {
            "throttle": 0.23857587634874908,
            "brake": 0.46793472473574593,
            "steer": 0.0
        },
        {
            "throttle": 0.25117295742028684,
            "brake": 0.42114125226217136,
            "steer": 0.0
        },
        {
            "throttle": 0.2608950431296976,
            "brake": 0.37902712703595426,
            "steer": 0.0
        },
        {
            "throttle": 0.26857169701255046,
            "brake": 0.34112441433235885,
            "steer": 0.0
        },
        {
            "throttle": 0.27497264792765685,
            "brake": 0.30701197289912296,
            "steer": 0.0
        },
        {
            "throttle": 0.2808015970829225,
            "brake": 0.2763107756092107,
            "steer": 0.0
        },
        {
            "throttle": 0.28669040855289213,
            "brake": 0.24867969804828963,
            "steer": 0.0
        },
        {
            "throttle": 0.2931939123500697,
            "brake": 0.22381172824346066,
            "steer": 0.0
        },
        {
            "throttle": 0.3007855255249772,
            "brake": 0.2014305554191146,
            "steer": 0.0
        },
        {
            "throttle": 0.30985386979502605,
            "brake": 0.18128749987720313,
            "steer": 0.0
        },
        {
            "throttle": 0.32070053431687195,
            "brake": 0.1631587498894828,
            "steer": 0.0
        },
        {
            "throttle": 0.33353909997135256,
            "brake": 0.14684287490053455,
            "steer": 0.0
        },
        {
            "throttle": 0.34849550753489916,
            "brake": 0.1321585874104811,
            "steer": 0.0
        },
        {
            "throttle": 0.36560981702313905,
            "brake": 0.11894272866943298,
            "steer": 0.0
        },
        {
            "throttle": 0.38483936999902246,
            "brake": 0.10704845580248969,
            "steer": 0.0
        },
        {
            "throttle": 0.40606333144255047,
            "brake": 0.09634361022224072,
            "steer": 0.0
        },
        {
            "throttle": 0.42908855358507453,
            "brake": 0.08670924920001666,
            "steer": 0.0
        },
        {
            "throttle": 0.4536566716051781,
            "brake": 0.07803832428001499,
            "steer": 0.0
        },
        {
            "throttle": 0.4794523109209139,
            "brake": 0.0702344918520135,
            "steer": 0.0
        },
        {
            "throttle": 0.5061122586042338,
            "brake": 0.06321104266681216,
            "steer": 0.0
        },
        {
            "throttle": 0.5332354277377652,
            "brake": 0.05688993840013094,
            "steer": 0.0
        },
        {
            "throttle": 0.5603934238097827,
            "brake": 0.05120094456011785,
            "steer": 0.0
        },
        {
            "throttle": 0.5871415068958852,
            "brake": 0.04608085010410607,
            "steer": 0.0
        },
        {
            "throttle": 0.6130297327097585,
            "brake": 0.04147276509369546,
            "steer": 0.0
        },
        {
            "throttle": 0.637614049826502,
            "brake": 0.03732548858432592,
            "steer": 0.0
        },
        {
            "throttle": 0.6604671295934337,
            "brake": 0.03359293972589333,
            "steer": 0.0
        },
        {
            "throttle": 0.681188709442796,
            "brake": 0.030233645753303996,
            "steer": 0.0
        },
        {
            "throttle": 0.6994152394005708,
            "brake": 0.027210281177973597,
            "steer": 0.0
        },
        {
            "throttle": 0.7148286353344471,
            "brake": 0.024489253060176238,
            "steer": 0.0
        },
        {
            "throttle": 0.7271639605916458,
            "brake": 0.022040327754158616,
            "steer": 0.0
        },
        {
            "throttle": 0.7362158797410377,
            "brake": 0.019836294978742754,
            "steer": 0.0
        },
        {
            "throttle": 0.7418437536670734,
            "brake": 0.01785266548086848,
            "steer": 0.0
        },
        {
            "throttle": 0.7439752737051725,
            "brake": 0.016067398932781633,
            "steer": 0.0
        },
        {
            "throttle": 0.7426085632374128,
            "brake": 0.01446065903950347,
            "steer": 0.0
        },
        {
            "throttle": 0.737812707513298,
            "brake": 0.013014593135553124,
            "steer": 0.0
        },
        {
            "throttle": 0.7297267057187415,
            "brake": 0.011713133821997812,
            "steer": 0.0
        },
        {
            "throttle": 0.7185568727639514,
            "brake": 0.010541820439798032,
            "steer": 0.0
        },
        {
            "throttle": 0.7045727511709878,
            "brake": 0.009487638395818229,
            "steer": 0.0
        },
        {
            "throttle": 0.6881016250999432,
            "brake": 0.008538874556236406,
            "steer": 0.0
        },
        {
            "throttle": 0.6192914625899489,
            "brake": 0.0798767313329839,
            "steer": 0.0
        },
        {
            "throttle": 0.557362316330954,
            "brake": 0.14408080243205665,
            "steer": 0.0
        },
        {
            "throttle": 0.5016260846978586,
            "brake": 0.20186446642122213,
            "steer": 0.0
        },
        {
            "throttle": 0.45146347622807276,
            "brake": 0.25386976401147104,
            "steer": 0.0
        },
        {
            "throttle": 0.4063171286052655,
            "brake": 0.3006745318426951,
            "steer": 0.0
        }
    ],
    "parameters": {
        "cloudiness": 57.361539465417536,
        "fog_density": 53.684422922758486,
        "initial_distance": 30.97708253491227,
        "initial_ego_velocity": 5.0,
        "initial_lead_velocity": 5.0,
        "lead_base_throttle": 0.6,
        "lead_behavior_frequency": 0.23381662306126766,
        "lead_brake_duration": 11.0379430845933,
        "lead_brake_intensity": 0.7219174423237114,
        "lead_brake_probability": 0.3,
        "lead_throttle_variation": 0.2678406720866377,
        "precipitation": 74.23696857317057,
        "precipitation_deposits": 62.84048290883061,
        "sun_altitude_angle": 71.94589431762131,
        "wind_intensity": 49.038773264781085
    },
    "config": {
        "num_timesteps": 200,
        "dt": 0.1,
        "seed": 70
    }
}