{
    "weather": {
        "cloudiness": 92.77597204526182,
        "precipitation": 62.41966155534091,
        "precipitation_deposits": 86.32809663900424,
        "wind_intensity": 4.390829076464753,
        "sun_altitude_angle": 23.934061688634124,
        "fog_density": 3.9472381153721336,
        "fog_distance": 876.7138664719076,
        "wetness": 31.209830777670454
    },
    "initial_conditions": {
        "ego": {
            "position": {
                "x": 533.1707592761018,
                "y": 20.57,
                "z": 0.294
            },
            "yaw": 0.0,
            "velocity": 18.715655080372407
        },
        "lead": {
            "position": {
                "x": 484.88,
                "y": 20.57,
                "z": 0.294
            },
            "yaw": 0.0,
            "velocity": 23.104061107725016
        }
    },
    "ego": {
        "position": {
            "x": 533.1707592761018,
            "y": 20.57,
            "z": 0.294
        },
        "yaw": 0.0,
        "velocity": 18.715655080372407
    },
    "lead": {
        "position": {
            "x": 484.88,
            "y": 20.57,
            "z": 0.294
        },
        "yaw": 0.0,
        "velocity": 23.104061107725016
    },
    "ado_actions": [
        {
            "throttle": 0.40752059599678137,
            "brake": 0.0,
            "steer": 0.0
        },
        {
            "throttle": 0.4076087366487312,
            "brake": 0.0,
            "steer": 0.0
        },
        {
            "throttle": 0.4077739850006137,
            "brake": 0.0,
            "steer": 0.0
        },
        {
            "throttle": 0.4080042483679053,
            "brake": 0.0,
            "steer": 0.0
        },
        {
            "throttle": 0.40828659061883577,
            "brake": 0.0,
            "steer": 0.0
        },
        {
            "throttle": 0.4086074785069802,
            "brake": 0.0,
            "steer": 0.0
        },
        {
            "throttle": 0.40895305096850443,
            "brake": 0.0,
            "steer": 0.0
        },
        {
            "throttle": 0.40930940381140535,
            "brake": 0.0,
            "steer": 0.0
        },
        {
            "throttle": 0.40966288191593025,
            "brake": 0.0,
            "steer": 0.0
        },
        {
            "throttle": 0.410000370947663,
            "brake": 0.0,
            "steer": 0.0
        },
        {
            "throttle": 0.4103095806612887,
            "brake": 0.0,
            "steer": 0.0
        },
        {
            "throttle": 0.41057931214257637,
            "brake": 0.0,
            "steer": 0.0
        },
        {
            "throttle": 0.41079970179251185,
            "brake": 0.0,
            "steer": 0.0
        },
        {
            "throttle": 0.4109624354898551,
            "brake": 0.0,
            "steer": 0.0
        },
        {
            "throttle": 0.3698661919408696,
            "brake": 0.02981657564619447,
            "steer": 0.0
        },
        {
            "throttle": 0.33287957274678265,
            "brake": 0.056651493727769495,
            "steer": 0.0
        },
        {
            "throttle": 0.2995916154721044,
            "brake": 0.08080292000118702,
            "steer": 0.0
        },
        {
            "throttle": 0.26963245392489393,
            "brake": 0.1025392036472628,
            "steer": 0.0
        },
        {
            "throttle": 0.24266920853240453,
            "brake": 0.12210185892873099,
            "steer": 0.0
        },
        {
            "throttle": 0.2184022876791641,
            "brake": 0.13970824868205237,
            "steer": 0.0
        },
        {
            "throttle": 0.19656205891124767,
            "brake": 0.15555399946004161,
            "steer": 0.0
        },
        {
            "throttle": 0.1769058530201229,
            "brake": 0.16981517516023192,
            "steer": 0.0
        },
        {
            "throttle": 0.15921526771811062,
            "brake": 0.1826502332904032,
            "steer": 0.0
        },
        {
            "throttle": 0.14329374094629957,
            "brake": 0.19420178560755735,
            "steer": 0.0
        },
        {
            "throttle": 0.12896436685166962,
            "brake": 0.2045981826929961,
            "steer": 0.0
        },
        {
            "throttle": 0.11606793016650266,
            "brake": 0.21395494006989096,
            "steer": 0.0
        },
        {
            "throttle": 0.10446113714985239,
            "brake": 0.22237602170909634,
            "steer": 0.0
        },
        {
            "throttle": 0.09401502343486716,
            "brake": 0.22995499518438117,
            "steer": 0.0
        },
        {
            "throttle": 0.08461352109138044,
            "brake": 0.23677607131213754,
            "steer": 0.0
        },
        {
            "throttle": 0.0761521689822424,
            "brake": 0.24291503982711826,
            "steer": 0.0
        },
        {
            "throttle": 0.06853695208401817,
            "brake": 0.2484401114906009,
            "steer": 0.0
        },
        {
            "throttle": 0.06168325687561635,
            "brake": 0.2534126759877353,
            "steer": 0.0
        },
        {
            "throttle": 0.055514931188054714,
            "brake": 0.2578879840351562,
            "steer": 0.0
        },
        {
            "throttle": 0.049963438069249244,
            "brake": 0.2619157612778351,
            "steer": 0.0
        },
        {
            "throttle": 0.04496709426232432,
            "brake": 0.2655407607962461,
            "steer": 0.0
        },
        {
            "throttle": 0.04047038483609189,
            "brake": 0.268803260362816,
            "steer": 0.0
        },
        {
            "throttle": 0.0364233463524827,
            "brake": 0.2717395099727289,
            "steer": 0.0
        },
        {
            "throttle": 0.03278101171723443,
            "brake": 0.2743821346216505,
            "steer": 0.0
        },
        {
            "throttle": 0.029502910545510987,
            "brake": 0.27676049680567993,
            "steer": 0.0
        },
        {
            "throttle": 0.02655261949095989,
            "brake": 0.2789010227713064,
            "steer": 0.0
        },
        {
            "throttle": 0.06468843110044331,
            "brake": 0.2510109204941758,
            "steer": 0.0
        },
        {
            "throttle": 0.09909809486085916,
            "brake": 0.2259098284447582,
            "steer": 0.0
        },
        {
            "throttle": 0.1301510423246711,
            "brake": 0.2033188456002824,
            "steer": 0.0
        },
        {
            "throttle": 0.15817764094504966,
            "brake": 0.18298696104025416,
            "steer": 0.0
        },
        {
            "throttle": 0.18347323401518958,
            "brake": 0.16468826493622876,
            "steer": 0.0
        },
        {
            "throttle": 0.20630182664563984,
            "brake": 0.14821943844260588,
            "steer": 0.0
        },
        {
            "throttle": 0.22689944855480101,
            "brake": 0.1333974945983453,
            "steer": 0.0
        },
        {
            "throttle": 0.24547722022703825,
            "brake": 0.12005774513851077,
            "steer": 0.0
        },
        {
            "throttle": 0.26222414533933175,
            "brake": 0.1080519706246597,
            "steer": 0.0
        },
        {
            "throttle": 0.2773096492394524,
            "brake": 0.09724677356219373,
            "steer": 0.0
        },
        {
            "throttle": 0.2908858806435846,
            "brake": 0.08752209620597436,
            "steer": 0.0
        },
        {
            "throttle": 0.30308979157486926,
            "brake": 0.07876988658537692,
            "steer": 0.0
        },
        {
            "throttle": 0.31404500885045744,
            "brake": 0.07089289792683924,
            "steer": 0.0
        },
        {
            "throttle": 0.3238635091054291,
            "brake": 0.06380360813415532,
            "steer": 0.0
        },
        {
            "throttle": 0.3326471083775779,
            "brake": 0.05742324732073979,
            "steer": 0.0
        },
        {
            "throttle": 0.34048877662621213,
            "brake": 0.051680922588665815,
            "steer": 0.0
        },
        {
            "throttle": 0.34747378717804606,
            "brake": 0.046512830329799235,
            "steer": 0.0
        },
        {
            "throttle": 0.3536807109403368,
            "brake": 0.04186154729681931,
            "steer": 0.0
        },
        {
            "throttle": 0.35918226525163777,
            "brake": 0.03767539256713738,
            "steer": 0.0
        },
        {
            "throttle": 0.364046027410039,
            "brake": 0.03390785331042365,
            "steer": 0.0
        },
        {
            "throttle": 0.3683350231845106,
            "brake": 0.030517067979381283,
            "steer": 0.0
        },
        {
            "throttle": 0.3721082009353636,
            "brake": 0.027465361181443156,
            "steer": 0.0
        },
        {
            "throttle": 0.37542080230541974,
            "brake": 0.02471882506329884,
            "steer": 0.0
        },
        {
            "throttle": 0.37832464075752276,
            "brake": 0.02224694255696896,
            "steer": 0.0
        },
        {
            "throttle": 0.38086829949317996,
            "brake": 0.020022248301272062,
            "steer": 0.0
        },
        {
            "throttle": 0.38309726046197357,
            "brake": 0.018020023471144855,
            "steer": 0.0
        },
        {
            "throttle": 0.3850539762369166,
            "brake": 0.016218021124030372,
            "steer": 0.0
        },
        {
            "throttle": 0.38677789646695226,
            "brake": 0.014596219011627335,
            "steer": 0.0
        },
        {
            "throttle": 0.3883054604092264,
            "brake": 0.013136597110464603,
            "steer": 0.0
        },
        {
            "throttle": 0.38967006668082926,
            "brake": 0.011822937399418143,
            "steer": 0.0
        },
        {
            "throttle": 0.390902030848016,
            "brake": 0.01064064365947633,
            "steer": 0.0
        },
        {
            "throttle": 0.3920285407914496,
            "brake": 0.009576579293528696,
            "steer": 0.0
        },
        {
            "throttle": 0.39307361895490694,
            "brake": 0.008618921364175827,
            "steer": 0.0
        },
        {
            "throttle": 0.39405809961322447,
            "brake": 0.007757029227758244,
            "steer": 0.0
        },
        {
            "throttle": 0.3949996281986172,
            "brake": 0.00698132630498242,
            "steer": 0.0
        },
        {
            "throttle": 0.3959126885225146,
            "brake": 0.006283193674484178,
            "steer": 0.0
        },
        {
            "throttle": 0.3968086624457821,
            "brake": 0.00565487430703576,
            "steer": 0.0
        },
        {
            "throttle": 0.3976959252095167,
            "brake": 0.005089386876332184,
            "steer": 0.0
        },
        {
            "throttle": 0.3985799782694337,
            "brake": 0.004580448188698966,
            "steer": 0.0
        },
        {
            "throttle": 0.39946362010844316,
            "brake": 0.0041224033698290695,
            "steer": 0.0
        },
        {
            "throttle": 0.4003471541640728,
            "brake": 0.0037101630328461627,
            "steer": 0.0
        },
        {
            "throttle": 0.40122863172937606,
            "brake": 0.0033391467295615465,
            "steer": 0.0
        },
        {
            "throttle": 0.4021041264962193,
            "brake": 0.003005232056605392,
            "steer": 0.0
        },
        {
            "throttle": 0.40296803633488615,
            "brake": 0.002704708850944853,
            "steer": 0.0
        },
        {
            "throttle": 0.4038134069677416,
            "brake": 0.0024342379658503677,
            "steer": 0.0
        },
        {
            "throttle": 0.4046322714180412,
            "brake": 0.002190814169265331,
            "steer": 0.0
        },
        {
            "throttle": 0.4054159985149053,
            "brake": 0.001971732752338798,
            "steer": 0.0
        },
        {
            "throttle": 0.40615564332485055,
            "brake": 0.0017745594771049183,
            "steer": 0.0
        },
        {
            "throttle": 0.4068422921673924,
            "brake": 0.0015971035293944264,
            "steer": 0.0
        },
        {
            "throttle": 0.4074673948606331,
            "brake": 0.0014373931764549838,
            "steer": 0.0
        },
        {
            "throttle": 0.4080230770310809,
            "brake": 0.0012936538588094854,
            "steer": 0.0
        },
        {
            "throttle": 0.40850242570398354,
            "brake": 0.001164288472928537,
            "steer": 0.0
        },
        {
            "throttle": 0.40889974195525736,
            "brake": 0.0010478596256356832,
            "steer": 0.0
        },
        {
            "throttle": 0.40921075513823224,
            "brake": 0.0009430736630721149,
            "steer": 0.0
        },
        {
            "throttle": 0.40943279407840666,
            "brake": 0.0008487662967649034,
            "steer": 0.0
        },
        {
            "throttle": 0.409564911634088,
            "brake": 0.0007638896670884131,
            "steer": 0.0
        },
        {
            "throttle": 0.40960796012401823,
            "brake": 0.0006875007003795718,
            "steer": 0.0
        },
        {
            "throttle": 0.4095646162962965,
            "brake": 0.0006187506303416147,
            "steer": 0.0
        },
        {
            "throttle": 0.40943935572585965,
            "brake": 0.0005568755673074533,
            "steer": 0.0
        },
        {
            "throttle": 0.4092383777493038,
            "brake": 0.000501188010576708,
            "steer": 0.0
        },
        {
            "throttle": 0.4089694832445971,
            "brake": 0.00045106920951903717,
            "steer": 0.0
        },
        {
            "throttle": 0.40864190870854955,
            "brake": 0.00040596228856713346,
            "steer": 0.0
        },
        {
            "throttle": 0.40826612114748234,
            "brake": 0.00036536605971042015,
            "steer": 0.0
        },
        {
            "throttle": 0.4078535792491933,
            "brake": 0.00032882945373937815,
            "steer": 0.0
        },
        {
            "throttle": 0.40741646712270796,
            "brake": 0.00029594650836544035,
            "steer": 0.0
        },
        {
            "throttle": 0.4069674075554776,
            "brake": 0.0002663518575288963,
            "steer": 0.0
        },
        {
            "throttle": 0.4065191622286506,
            "brake": 0.00023971667177600668,
            "steer": 0.0
        },
        {
            "throttle": 0.40608432663716026,
            "brake": 0.000215745004598406,
            "steer": 0.0
        },
        {
            "throttle": 0.4056750275746912,
            "brake": 0.0001941705041385654,
            "steer": 0.0
        },
        {
            "throttle": 0.40530263096102903,
            "brake": 0.00017475345372470889,
            "steer": 0.0
        },
        {
            "throttle": 0.4049774675127503,
            "brake": 0.000157278108352238,
            "steer": 0.0
        },
        {
            "throttle": 0.4047085832944432,
            "brake": 0.0001415502975170142,
            "steer": 0.0
        },
        {
            "throttle": 0.4045035215481865,
            "brake": 0.00012739526776531278,
            "steer": 0.0
        },
        {
            "throttle": 0.4043681413998026,
            "brake": 0.0001146557409887815,
            "steer": 0.0
        },
        {
            "throttle": 0.40430647810142983,
            "brake": 0.00010319016688990335,
            "steer": 0.0
        },
        {
            "throttle": 0.404320648414748,
            "brake": 9.287115020091301e-05,
            "steer": 0.0
        },
        {
            "throttle": 0.40441080359420223,
            "brake": 8.358403518082171e-05,
            "steer": 0.0
        },
        {
            "throttle": 0.4045751312235245,
            "brake": 7.522563166273954e-05,
            "steer": 0.0
        },
        {
            "throttle": 0.4048099059220354,
            "brake": 6.770306849646559e-05,
            "steer": 0.0
        },
        {
            "throttle": 0.40510958770066674,
            "brake": 6.093276164681903e-05,
            "steer": 0.0
        },
        {
            "throttle": 0.40546696554245176,
            "brake": 5.483948548213713e-05,
            "steer": 0.0
        },
        {
            "throttle": 0.4058733426386512,
            "brake": 4.935553693392342e-05,
            "steer": 0.0
        },
        {
            "throttle": 0.3652860083747861,
            "brake": 0.029860995629435002,
            "steer": 0.0
        },
        {
            "throttle": 0.3287574075373075,
            "brake": 0.05669147171268597,
            "steer": 0.0
        },
        {
            "throttle": 0.29588166678357675,
            "brake": 0.08083890018761185,
            "steer": 0.0
        },
        {
            "throttle": 0.26629350010521907,
            "brake": 0.10257158581504514,
            "steer": 0.0
        },
        {
            "throttle": 0.23966415009469716,
            "brake": 0.12213100287973509,
            "steer": 0.0
        },
        {
            "throttle": 0.21569773508522744,
            "brake": 0.13973447823795604,
            "steer": 0.0
        },
        {
            "throttle": 0.1941279615767047,
            "brake": 0.15557760606035492,
            "steer": 0.0
        },
        {
            "throttle": 0.17471516541903423,
            "brake": 0.16983642110051392,
            "steer": 0.0
        },
        {
            "throttle": 0.1572436488771308,
            "brake": 0.182669354636657,
            "steer": 0.0
        },
        {
            "throttle": 0.1415192839894177,
            "brake": 0.19421899481918578,
            "steer": 0.0
        },
        {
            "throttle": 0.12736735559047593,
            "brake": 0.20461367098346167,
            "steer": 0.0
        },
        {
            "throttle": 0.11463062003142835,
            "brake": 0.21396887953130997,
            "steer": 0.0
        },
        {
            "throttle": 0.10316755802828552,
            "brake": 0.22238856722437345,
            "steer": 0.0
        },
        {
            "throttle": 0.09285080222545697,
            "brake": 0.22996628614813058,
            "steer": 0.0
        },
        {
            "throttle": 0.08356572200291128,
            "brake": 0.236786233179512,
            "steer": 0.0
        },
        {
            "throttle": 0.07520914980262015,
            "brake": 0.24292418550775527,
            "steer": 0.0
        },
        {
            "throttle": 0.06768823482235814,
            "brake": 0.24844834260317422,
            "steer": 0.0
        },
        {
            "throttle": 0.060919411340122326,
            "brake": 0.25342008398905125,
            "steer": 0.0
        },
        {
            "throttle": 0.0548274702061101,
            "brake": 0.2578946512363406,
            "steer": 0.0
        },
        {
            "throttle": 0.04934472318549909,
            "brake": 0.26192176175890103,
            "steer": 0.0
        },
        {
            "throttle": 0.04441025086694918,
            "brake": 0.2655461612292054,
            "steer": 0.0
        },
        {
            "throttle": 0.03996922578025426,
            "brake": 0.2688081207524793,
            "steer": 0.0
        },
        {
            "throttle": 0.035972303202228835,
            "brake": 0.27174388432342583,
            "steer": 0.0
        },
        {
            "throttle": 0.03237507288200595,
            "brake": 0.27438607153727773,
            "steer": 0.0
        },
        {
            "throttle": 0.029137565593805356,
            "brake": 0.2767640400297444,
            "steer": 0.0
        },
        {
            "throttle": 0.02622380903442482,
            "brake": 0.2789042116729644,
            "steer": 0.0
        },
        {
            "throttle": 0.06379705508716786,
            "brake": 0.25101379050566797,
            "steer": 0.0
        },
        {
            "throttle": 0.09761514265991594,
            "brake": 0.2259124114551012,
            "steer": 0.0
        },
        {
            "throttle": 0.1280675409201192,
            "brake": 0.20332117030959107,
            "steer": 0.0
        },
        {
            "throttle": 0.15550436632135395,
            "brake": 0.18298905327863196,
            "steer": 0.0
        },
        {
            "throttle": 0.18023997682414952,
            "brake": 0.16469014795076878,
            "steer": 0.0
        },
        {
            "throttle": 0.20255622549616475,
            "brake": 0.1482211331556919,
            "steer": 0.0
        },
        {
            "throttle": 0.22270541566620292,
            "brake": 0.13339901984012273,
            "steer": 0.0
        },
        {
            "throttle": 0.24091299491156587,
            "brake": 0.12005911785611045,
            "steer": 0.0
        },
        {
            "throttle": 0.2573800205655891,
            "brake": 0.10805320607049941,
            "steer": 0.0
        },
        {
            "throttle": 0.27228542513340653,
            "brake": 0.09724788546344947,
            "steer": 0.0
        },
        {
            "throttle": 0.2857881059956132,
            "brake": 0.08752309691710453,
            "steer": 0.0
        },
        {
            "throttle": 0.2980288600619258,
            "brake": 0.07877078722539407,
            "steer": 0.0
        },
        {
            "throttle": 0.3091321806133191,
            "brake": 0.07089370850285467,
            "steer": 0.0
        },
        {
            "throttle": 0.3192079304462175,
            "brake": 0.06380433765256921,
            "steer": 0.0
        },
        {
            "throttle": 0.3283529026115423,
            "brake": 0.05742390388731229,
            "steer": 0.0
        },
        {
            "throttle": 0.33665227752982907,
            "brake": 0.051681513498581064,
            "steer": 0.0
        },
        {
            "throttle": 0.3441809830651105,
            "brake": 0.04651336214872296,
            "steer": 0.0
        },
        {
            "throttle": 0.3510049622567486,
            "brake": 0.04186202593385067,
            "steer": 0.0
        },
        {
            "throttle": 0.3571823518392305,
            "brake": 0.037675823340465604,
            "steer": 0.0
        },
        {
            "throttle": 0.3627645734213655,
            "brake": 0.033908241006419045,
            "steer": 0.0
        },
        {
            "throttle": 0.3677973382410679,
            "brake": 0.03051741690577714,
            "steer": 0.0
        },
        {
            "throttle": 0.3723215657490014,
            "brake": 0.027465675215199426,
            "steer": 0.0
        },
        {
            "throttle": 0.37637421588892467,
            "brake": 0.024719107693679482,
            "steer": 0.0
        },
        {
            "throttle": 0.37998903481595425,
            "brake": 0.022247196924311534,
            "steer": 0.0
        },
        {
            "throttle": 0.3831972139037669,
            "brake": 0.02002247723188038,
            "steer": 0.0
        },
        {
            "throttle": 0.3860279622122623,
            "brake": 0.018020229508692344,
            "steer": 0.0
        },
        {
            "throttle": 0.38850899308962367,
            "brake": 0.01621820655782311,
            "steer": 0.0
        },
        {
            "throttle": 0.3906669262357802,
            "brake": 0.0145963859020408,
            "steer": 0.0
        },
        {
            "throttle": 0.3925276073247944,
            "brake": 0.01313674731183672,
            "steer": 0.0
        },
        {
            "throttle": 0.3941163481371758,
            "brake": 0.011823072580653049,
            "steer": 0.0
        },
        {
            "throttle": 0.3954580910545068,
            "brake": 0.010640765322587745,
            "steer": 0.0
        },
        {
            "throttle": 0.3965775026831442,
            "brake": 0.00957668879032897,
            "steer": 0.0
        },
        {
            "throttle": 0.3974990022671067,
            "brake": 0.008619019911296074,
            "steer": 0.0
        },
        {
            "throttle": 0.39824673139020195,
            "brake": 0.0077571179201664665,
            "steer": 0.0
        },
        {
            "throttle": 0.3988444722239169,
            "brake": 0.00698140612814982,
            "steer": 0.0
        },
        {
            "throttle": 0.39931552222354905,
            "brake": 0.006283265515334838,
            "steer": 0.0
        },
        {
            "throttle": 0.39968253368699963,
            "brake": 0.005654938963801354,
            "steer": 0.0
        },
        {
            "throttle": 0.39996732694921455,
            "brake": 0.0050894450674212185,
            "steer": 0.0
        },
        {
            "throttle": 0.400190686175569,
            "brake": 0.004580500560679096,
            "steer": 0.0
        },
        {
            "throttle": 0.4003721467294919,
            "brake": 0.004122450504611187,
            "steer": 0.0
        },
        {
            "throttle": 0.40052978291828994,
            "brake": 0.003710205454150068,
            "steer": 0.0
        },
        {
            "throttle": 0.4006800045665021,
            "brake": 0.0033391849087350614,
            "steer": 0.0
        },
        {
            "throttle": 0.40083737033329103,
            "brake": 0.003005266417861555,
            "steer": 0.0
        },
        {
            "throttle": 0.40101442498932177,
            "brake": 0.0027047397760753995,
            "steer": 0.0
        },
        {
            "throttle": 0.4012215670138284,
            "brake": 0.0024342657984678597,
            "steer": 0.0
        },
        {
            "throttle": 0.4014669518828533,
            "brake": 0.002190839218621074,
            "steer": 0.0
        },
        {
            "throttle": 0.4017564353173584,
            "brake": 0.0019717552967589667,
            "steer": 0.0
        },
        {
            "throttle": 0.4020935595705372,
            "brake": 0.0017745797670830701,
            "steer": 0.0
        },
        {
            "throttle": 0.4024795845851091,
            "brake": 0.0015971217903747632,
            "steer": 0.0
        },
        {
            "throttle": 0.4029135645732445,
            "brake": 0.001437409611337287,
            "steer": 0.0
        },
        {
            "throttle": 0.4033924692945824,
            "brake": 0.0012936686502035583,
            "steer": 0.0
        },
        {
            "throttle": 0.4039113480622216,
            "brake": 0.0011643017851832025,
            "steer": 0.0
        }
    ],
    "parameters": {
        "cloudiness": 92.77597204526182,
        "fog_density": 3.9472381153721336,
        "initial_distance": 48.29075927610171,
        "initial_ego_velocity": 18.715655080372407,
        "initial_lead_velocity": 23.104061107725016,
        "lead_base_throttle": 0.40752059599678137,
        "lead_behavior_frequency": 0.2527878396849134,
        "lead_brake_duration": 26.56487290282617,
        "lead_brake_intensity": 0.2981657564619447,
        "lead_brake_probability": 0.11465168728640258,
        "lead_throttle_variation": 0.005572727000286948,
        "precipitation": 62.41966155534091,
        "precipitation_deposits": 86.32809663900424,
        "sun_altitude_angle": 23.934061688634124,
        "wind_intensity": 4.390829076464753
    },
    "config": {
        "num_timesteps": 200,
        "dt": 0.1,
        "seed": 139
    }
}