{
    "weather": {
        "cloudiness": 32.38423013890356,
        "precipitation": 23.57480840725176,
        "precipitation_deposits": 88.03311739244508,
        "wind_intensity": 42.90450043858532,
        "sun_altitude_angle": 89.29625162071387,
        "fog_density": 34.584849668859654,
        "fog_distance": 315.74248380476,
        "wetness": 11.78740420362588
    },
    "initial_conditions": {
        "ego": {
            "position": {
                "x": 534.3458073607275,
                "y": 20.57,
                "z": 0.294
            },
            "yaw": 0.0,
            "velocity": 14.465242387537298
        },
        "lead": {
            "position": {
                "x": 484.88,
                "y": 20.57,
                "z": 0.294
            },
            "yaw": 0.0,
            "velocity": 24.111825297289087
        }
    },
    "ego": {
        "position": {
            "x": 534.3458073607275,
            "y": 20.57,
            "z": 0.294
        },
        "yaw": 0.0,
        "velocity": 14.465242387537298
    },
    "lead": {
        "position": {
            "x": 484.88,
            "y": 20.57,
            "z": 0.294
        },
        "yaw": 0.0,
        "velocity": 24.111825297289087
    },
    "ado_actions": [
        {
            "throttle": 0.5424795046153513,
            "brake": 0.0,
            "steer": 0.0
        },
        {
            "throttle": 0.5434596715249334,
            "brake": 0.0,
            "steer": 0.0
        },
        {
            "throttle": 0.5453209620251851,
            "brake": 0.0,
            "steer": 0.0
        },
        {
            "throttle": 0.5479732115764229,
            "brake": 0.0,
            "steer": 0.0
        },
        {
            "throttle": 0.5513342486897248,
            "brake": 0.0,
            "steer": 0.0
        },
        {
            "throttle": 0.5553290988432248,
            "brake": 0.0,
            "steer": 0.0
        },
        {
            "throttle": 0.5598892690753168,
            "brake": 0.0,
            "steer": 0.0
        },
        {
            "throttle": 0.5649521051825847,
            "brake": 0.0,
            "steer": 0.0
        },
        {
            "throttle": 0.570460214256378,
            "brake": 0.0,
            "steer": 0.0
        },
        {
            "throttle": 0.5763609460174528,
            "brake": 0.0,
            "steer": 0.0
        },
        {
            "throttle": 0.5826059270610513,
            "brake": 0.0,
            "steer": 0.0
        },
        {
            "throttle": 0.5891506427124689,
            "brake": 0.0,
            "steer": 0.0
        },
        {
            "throttle": 0.59595406172206,
            "brake": 0.0,
            "steer": 0.0
        },
        {
            "throttle": 0.6029782995046737,
            "brake": 0.0,
            "steer": 0.0
        },
        {
            "throttle": 0.6101883160569425,
            "brake": 0.0,
            "steer": 0.0
        },
        {
            "throttle": 0.6175516450714601,
            "brake": 0.0,
            "steer": 0.0
        },
        {
            "throttle": 0.6250381511139438,
            "brake": 0.0,
            "steer": 0.0
        },
        {
            "throttle": 0.6326198120418455,
            "brake": 0.0,
            "steer": 0.0
        },
        {
            "throttle": 0.6402705241240265,
            "brake": 0.0,
            "steer": 0.0
        },
        {
            "throttle": 0.6479659275741618,
            "brake": 0.0,
            "steer": 0.0
        },
        {
            "throttle": 0.6556832504383,
            "brake": 0.0,
            "steer": 0.0
        },
        {
            "throttle": 0.6634011689820185,
            "brake": 0.0,
            "steer": 0.0
        },
        {
            "throttle": 0.6710996829071328,
            "brake": 0.0,
            "steer": 0.0
        },
        {
            "throttle": 0.6787600038940166,
            "brake": 0.0,
            "steer": 0.0
        },
        {
            "throttle": 0.686364456115095,
            "brake": 0.0,
            "steer": 0.0
        },
        {
            "throttle": 0.6938963874996552,
            "brake": 0.0,
            "steer": 0.0
        },
        {
            "throttle": 0.701340090651259,
            "brake": 0.0,
            "steer": 0.0
        },
        {
            "throttle": 0.7086807324281015,
            "brake": 0.0,
            "steer": 0.0
        },
        {
            "throttle": 0.7159042912948325,
            "brake": 0.0,
            "steer": 0.0
        },
        {
            "throttle": 0.7229975016427441,
            "brake": 0.0,
            "steer": 0.0
        },
        {
            "throttle": 0.729947804354798,
            "brake": 0.0,
            "steer": 0.0
        },
        {
            "throttle": 0.7367433029636107,
            "brake": 0.0,
            "steer": 0.0
        },
        {
            "throttle": 0.7433727248150245,
            "brake": 0.0,
            "steer": 0.0
        },
        {
            "throttle": 0.7498253867079752,
            "brake": 0.0,
            "steer": 0.0
        },
        {
            "throttle": 0.7560911645336789,
            "brake": 0.0,
            "steer": 0.0
        },
        {
            "throttle": 0.7621604664842656,
            "brake": 0.0,
            "steer": 0.0
        },
        {
            "throttle": 0.7680242094434174,
            "brake": 0.0,
            "steer": 0.0
        },
        {
            "throttle": 0.7736737982097854,
            "brake": 0.0,
            "steer": 0.0
        },
        {
            "throttle": 0.7791011072383893,
            "brake": 0.0,
            "steer": 0.0
        },
        {
            "throttle": 0.7842984646162209,
            "brake": 0.0,
            "steer": 0.0
        },
        {
            "throttle": 0.7892586380162223,
            "brake": 0.0,
            "steer": 0.0
        },
        {
            "throttle": 0.7939748223990017,
            "brake": 0.0,
            "steer": 0.0
        },
        {
            "throttle": 0.7984406292543498,
            "brake": 0.0,
            "steer": 0.0
        },
        {
            "throttle": 0.8026500771950924,
            "brake": 0.0,
            "steer": 0.0
        },
        {
            "throttle": 0.8065975837342703,
            "brake": 0.0,
            "steer": 0.0
        },
        {
            "throttle": 0.8102779580932825,
            "brake": 0.0,
            "steer": 0.0
        },
        {
            "throttle": 0.8136863949036516,
            "brake": 0.0,
            "steer": 0.0
        },
        {
            "throttle": 0.816818468678615,
            "brake": 0.0,
            "steer": 0.0
        },
        {
            "throttle": 0.8196701289429833,
            "brake": 0.0,
            "steer": 0.0
        },
        {
            "throttle": 0.8222376959207522,
            "brake": 0.0,
            "steer": 0.0
        },
        {
            "throttle": 0.8245178566899289,
            "brake": 0.0,
            "steer": 0.0
        },
        {
            "throttle": 0.8265076617230527,
            "brake": 0.0,
            "steer": 0.0
        },
        {
            "throttle": 0.8282045217400401,
            "brake": 0.0,
            "steer": 0.0
        },
        {
            "throttle": 0.8296062048073555,
            "brake": 0.0,
            "steer": 0.0
        },
        {
            "throttle": 0.8307108336241805,
            "brake": 0.0,
            "steer": 0.0
        },
        {
            "throttle": 0.8315168829422975,
            "brake": 0.0,
            "steer": 0.0
        },
        {
            "throttle": 0.832023177071873,
            "brake": 0.0,
            "steer": 0.0
        },
        {
            "throttle": 0.8322288874302887,
            "brake": 0.0,
            "steer": 0.0
        },
        {
            "throttle": 0.832133530095672,
            "brake": 0.0,
            "steer": 0.0
        },
        {
            "throttle": 0.8317369633308606,
            "brake": 0.0,
            "steer": 0.0
        },
        {
            "throttle": 0.8310393850472519,
            "brake": 0.0,
            "steer": 0.0
        },
        {
            "throttle": 0.8300413301813652,
            "brake": 0.0,
            "steer": 0.0
        },
        {
            "throttle": 0.8287436679600174,
            "brake": 0.0,
            "steer": 0.0
        },
        {
            "throttle": 0.8271475990328163,
            "brake": 0.0,
            "steer": 0.0
        },
        {
            "throttle": 0.8252546524532285,
            "brake": 0.0,
            "steer": 0.0
        },
        {
            "throttle": 0.823066682491814,
            "brake": 0.0,
            "steer": 0.0
        },
        {
            "throttle": 0.7407600142426326,
            "brake": 0.04268906273747419,
            "steer": 0.0
        },
        {
            "throttle": 0.6666840128183693,
            "brake": 0.08110921920120097,
            "steer": 0.0
        },
        {
            "throttle": 0.6000156115365324,
            "brake": 0.11568736001855506,
            "steer": 0.0
        },
        {
            "throttle": 0.5400140503828792,
            "brake": 0.14680768675417377,
            "steer": 0.0
        },
        {
            "throttle": 0.48601264534459127,
            "brake": 0.1748159808162306,
            "steer": 0.0
        },
        {
            "throttle": 0.43741138081013214,
            "brake": 0.20002344547208173,
            "steer": 0.0
        },
        {
            "throttle": 0.39367024272911894,
            "brake": 0.22271016366234775,
            "steer": 0.0
        },
        {
            "throttle": 0.35430321845620705,
            "brake": 0.24312821003358717,
            "steer": 0.0
        },
        {
            "throttle": 0.3188728966105864,
            "brake": 0.26150445176770265,
            "steer": 0.0
        },
        {
            "throttle": 0.28698560694952774,
            "brake": 0.2780430693284066,
            "steer": 0.0
        },
        {
            "throttle": 0.258287046254575,
            "brake": 0.29292782513304017,
            "steer": 0.0
        },
        {
            "throttle": 0.2324583416291175,
            "brake": 0.30632410535721033,
            "steer": 0.0
        },
        {
            "throttle": 0.20921250746620576,
            "brake": 0.3183807575589635,
            "steer": 0.0
        },
        {
            "throttle": 0.2592592681606057,
            "brake": 0.28654268180306713,
            "steer": 0.0
        },
        {
            "throttle": 0.30347528875553903,
            "brake": 0.25788841362276044,
            "steer": 0.0
        },
        {
            "throttle": 0.3424269958701757,
            "brake": 0.2320995722604844,
            "steer": 0.0
        },
        {
            "throttle": 0.376625056118685,
            "brake": 0.20888961503443595,
            "steer": 0.0
        },
        {
            "throttle": 0.4065299686227358,
            "brake": 0.18800065353099235,
            "steer": 0.0
        },
        {
            "throttle": 0.4325570973309569,
            "brake": 0.16920058817789313,
            "steer": 0.0
        },
        {
            "throttle": 0.4550811991483517,
            "brake": 0.15228052936010383,
            "steer": 0.0
        },
        {
            "throttle": 0.4744404982793687,
            "brake": 0.13705247642409346,
            "steer": 0.0
        },
        {
            "throttle": 0.49094035214897536,
            "brake": 0.12334722878168412,
            "steer": 0.0
        },
        {
            "throttle": 0.5048565497306858,
            "brake": 0.11101250590351572,
            "steer": 0.0
        },
        {
            "throttle": 0.5164382790286437,
            "brake": 0.09991125531316415,
            "steer": 0.0
        },
        {
            "throttle": 0.5259107967872136,
            "brake": 0.08992012978184774,
            "steer": 0.0
        },
        {
            "throttle": 0.533477830195263,
            "brake": 0.08092811680366296,
            "steer": 0.0
        },
        {
            "throttle": 0.5393237373766785,
            "brake": 0.07283530512329667,
            "steer": 0.0
        },
        {
            "throttle": 0.5436154507806037,
            "brake": 0.065551774610967,
            "steer": 0.0
        },
        {
            "throttle": 0.546504225174633,
            "brake": 0.05899659714987031,
            "steer": 0.0
        },
        {
            "throttle": 0.548127209774984,
            "brake": 0.05309693743488328,
            "steer": 0.0
        },
        {
            "throttle": 0.5486088620953813,
            "brake": 0.047787243691394955,
            "steer": 0.0
        },
        {
            "throttle": 0.5480622193393321,
            "brake": 0.04300851932225546,
            "steer": 0.0
        },
        {
            "throttle": 0.5465900415791245,
            "brake": 0.03870766739002991,
            "steer": 0.0
        },
        {
            "throttle": 0.5442858395416766,
            "brake": 0.034836900651026924,
            "steer": 0.0
        },
        {
            "throttle": 0.5412347985404733,
            "brake": 0.03135321058592423,
            "steer": 0.0
        },
        {
            "throttle": 0.5375146089400323,
            "brake": 0.02821788952733181,
            "steer": 0.0
        },
        {
            "throttle": 0.5331962125018234,
            "brake": 0.02539610057459863,
            "steer": 0.0
        },
        {
            "throttle": 0.5283444730267911,
            "brake": 0.02285649051713877,
            "steer": 0.0
        },
        {
            "throttle": 0.5230187788692412,
            "brake": 0.020570841465424893,
            "steer": 0.0
        },
        {
            "throttle": 0.5172735841404844,
            "brake": 0.018513757318882405,
            "steer": 0.0
        },
        {
            "throttle": 0.5111588947399054,
            "brake": 0.016662381586994165,
            "steer": 0.0
        },
        {
            "throttle": 0.5047207047384564,
            "brake": 0.014996143428294749,
            "steer": 0.0
        },
        {
            "throttle": 0.49800138808817274,
            "brake": 0.013496529085465274,
            "steer": 0.0
        },
        {
            "throttle": 0.49104005013502766,
            "brake": 0.012146876176918746,
            "steer": 0.0
        },
        {
            "throttle": 0.48387284296579247,
            "brake": 0.010932188559226872,
            "steer": 0.0
        },
        {
            "throttle": 0.4765332482175578,
            "brake": 0.009838969703304185,
            "steer": 0.0
        },
        {
            "throttle": 0.4690523306167624,
            "brake": 0.008855072732973767,
            "steer": 0.0
        },
        {
            "throttle": 0.46145896518892227,
            "brake": 0.00796956545967639,
            "steer": 0.0
        },
        {
            "throttle": 0.4537800407871603,
            "brake": 0.0071726089137087515,
            "steer": 0.0
        },
        {
            "throttle": 0.44604064232382773,
            "brake": 0.006455348022337877,
            "steer": 0.0
        },
        {
            "throttle": 0.4382642138520722,
            "brake": 0.005809813220104089,
            "steer": 0.0
        },
        {
            "throttle": 0.4304727044304899,
            "brake": 0.00522883189809368,
            "steer": 0.0
        },
        {
            "throttle": 0.42268669851163865,
            "brake": 0.004705948708284312,
            "steer": 0.0
        },
        {
            "throttle": 0.4149255324220427,
            "brake": 0.0042353538374558805,
            "steer": 0.0
        },
        {
            "throttle": 0.4072073983454681,
            "brake": 0.0038118184537102927,
            "steer": 0.0
        },
        {
            "throttle": 0.39954943708095725,
            "brake": 0.0034306366083392634,
            "steer": 0.0
        },
        {
            "throttle": 0.3919678207208309,
            "brake": 0.003087572947505337,
            "steer": 0.0
        },
        {
            "throttle": 0.3844778262801846,
            "brake": 0.0027788156527548034,
            "steer": 0.0
        },
        {
            "throttle": 0.37709390120707387,
            "brake": 0.002500934087479323,
            "steer": 0.0
        },
        {
            "throttle": 0.36982972161045397,
            "brake": 0.002250840678731391,
            "steer": 0.0
        },
        {
            "throttle": 0.3626982439599999,
            "brake": 0.002025756610858252,
            "steer": 0.0
        },
        {
            "throttle": 0.3557117509372579,
            "brake": 0.001823180949772427,
            "steer": 0.0
        },
        {
            "throttle": 0.3488818920503463,
            "brake": 0.0016408628547951842,
            "steer": 0.0
        },
        {
            "throttle": 0.34221971956388364,
            "brake": 0.0014767765693156657,
            "steer": 0.0
        },
        {
            "throttle": 0.335735720241306,
            "brake": 0.0013290989123840992,
            "steer": 0.0
        },
        {
            "throttle": 0.32943984334764453,
            "brake": 0.0011961890211456892,
            "steer": 0.0
        },
        {
            "throttle": 0.32334152531661625,
            "brake": 0.0010765701190311202,
            "steer": 0.0
        },
        {
            "throttle": 0.31744971144605894,
            "brake": 0.0009689131071280082,
            "steer": 0.0
        },
        {
            "throttle": 0.3117728749498657,
            "brake": 0.0008720217964152074,
            "steer": 0.0
        },
        {
            "throttle": 0.3063190336622559,
            "brake": 0.0007848196167736867,
            "steer": 0.0
        },
        {
            "throttle": 0.3010957646610983,
            "brake": 0.000706337655096318,
            "steer": 0.0
        },
        {
            "throttle": 0.2961102170507624,
            "brake": 0.0006357038895866863,
            "steer": 0.0
        },
        {
            "throttle": 0.26649919534568617,
            "brake": 0.04326119623810221,
            "steer": 0.0
        },
        {
            "throttle": 0.23984927581111756,
            "brake": 0.08162413935176618,
            "steer": 0.0
        },
        {
            "throttle": 0.2158643482300058,
            "brake": 0.11615078815406377,
            "steer": 0.0
        },
        {
            "throttle": 0.19427791340700523,
            "brake": 0.1472247720761316,
            "steer": 0.0
        },
        {
            "throttle": 0.1748501220663047,
            "brake": 0.17519135760599264,
            "steer": 0.0
        },
        {
            "throttle": 0.15736510985967425,
            "brake": 0.20036128458286756,
            "steer": 0.0
        },
        {
            "throttle": 0.14162859887370682,
            "brake": 0.223014218862055,
            "steer": 0.0
        },
        {
            "throttle": 0.12746573898633615,
            "brake": 0.2434018597133237,
            "steer": 0.0
        },
        {
            "throttle": 0.11471916508770254,
            "brake": 0.26175073647946556,
            "steer": 0.0
        },
        {
            "throttle": 0.10324724857893229,
            "brake": 0.2782647255689932,
            "steer": 0.0
        },
        {
            "throttle": 0.09292252372103907,
            "brake": 0.2931273157495681,
            "steer": 0.0
        },
        {
            "throttle": 0.08363027134893516,
            "brake": 0.3065036469120855,
            "steer": 0.0
        },
        {
            "throttle": 0.07526724421404166,
            "brake": 0.31854234495835115,
            "steer": 0.0
        },
        {
            "throttle": 0.0677405197926375,
            "brake": 0.3293771731999902,
            "steer": 0.0
        },
        {
            "throttle": 0.06096646781337375,
            "brake": 0.3391285186174654,
            "steer": 0.0
        },
        {
            "throttle": 0.05486982103203637,
            "brake": 0.34790472949319307,
            "steer": 0.0
        },
        {
            "throttle": 0.04938283892883274,
            "brake": 0.35580331928134795,
            "steer": 0.0
        },
        {
            "throttle": 0.04444455503594946,
            "brake": 0.36291205009068733,
            "steer": 0.0
        },
        {
            "throttle": 0.04000009953235452,
            "brake": 0.3693099078190928,
            "steer": 0.0
        },
        {
            "throttle": 0.03600008957911907,
            "brake": 0.3750679797746577,
            "steer": 0.0
        },
        {
            "throttle": 0.03240008062120717,
            "brake": 0.38025024453466616,
            "steer": 0.0
        },
        {
            "throttle": 0.02916007255908645,
            "brake": 0.38491428281867374,
            "steer": 0.0
        },
        {
            "throttle": 0.026244065303177806,
            "brake": 0.38911191727428057,
            "steer": 0.0
        },
        {
            "throttle": 0.023619658772860028,
            "brake": 0.3928897882843267,
            "steer": 0.0
        },
        {
            "throttle": 0.021257692895574026,
            "brake": 0.3962898721933682,
            "steer": 0.0
        },
        {
            "throttle": 0.019131923606016624,
            "brake": 0.39934994771150556,
            "steer": 0.0
        },
        {
            "throttle": 0.046389972097884355,
            "brake": 0.359414952940355,
            "steer": 0.0
        },
        {
            "throttle": 0.07148512153174207,
            "brake": 0.3234734576463195,
            "steer": 0.0
        },
        {
            "throttle": 0.09465933759984509,
            "brake": 0.2911261118816876,
            "steer": 0.0
        },
        {
            "throttle": 0.11612977294419846,
            "brake": 0.2620135006935188,
            "steer": 0.0
        },
        {
            "throttle": 0.13609122221443648,
            "brake": 0.23581215062416694,
            "steer": 0.0
        },
        {
            "throttle": 0.15471833229310858,
            "brake": 0.21223093556175024,
            "steer": 0.0
        },
        {
            "throttle": 0.17216759219841687,
            "brake": 0.19100784200557522,
            "steer": 0.0
        },
        {
            "throttle": 0.18857912472271368,
            "brake": 0.1719070578050177,
            "steer": 0.0
        },
        {
            "throttle": 0.20407829965847496,
            "brake": 0.15471635202451592,
            "steer": 0.0
        },
        {
            "throttle": 0.2187771864775083,
            "brake": 0.13924471682206432,
            "steer": 0.0
        },
        {
            "throttle": 0.23277586254176474,
            "brake": 0.1253202451398579,
            "steer": 0.0
        },
        {
            "throttle": 0.24616359131544968,
            "brake": 0.11278822062587211,
            "steer": 0.0
        },
        {
            "throttle": 0.2215472321839047,
            "brake": 0.14419846130075908,
            "steer": 0.0
        },
        {
            "throttle": 0.19939250896551425,
            "brake": 0.17246767790815737,
            "steer": 0.0
        },
        {
            "throttle": 0.17945325806896284,
            "brake": 0.19790997285481582,
            "steer": 0.0
        },
        {
            "throttle": 0.16150793226206656,
            "brake": 0.22080803830680842,
            "steer": 0.0
        },
        {
            "throttle": 0.1453571390358599,
            "brake": 0.24141629721360178,
            "steer": 0.0
        },
        {
            "throttle": 0.1308214251322739,
            "brake": 0.2599637302297158,
            "steer": 0.0
        },
        {
            "throttle": 0.11773928261904652,
            "brake": 0.2766564199442184,
            "steer": 0.0
        },
        {
            "throttle": 0.10596535435714187,
            "brake": 0.29167984068727076,
            "steer": 0.0
        },
        {
            "throttle": 0.09536881892142768,
            "brake": 0.3052009193560179,
            "steer": 0.0
        },
        {
            "throttle": 0.08583193702928492,
            "brake": 0.3173698901578903,
            "steer": 0.0
        },
        {
            "throttle": 0.07724874332635642,
            "brake": 0.32832196387957546,
            "steer": 0.0
        },
        {
            "throttle": 0.06952386899372079,
            "brake": 0.3381788302290921,
            "steer": 0.0
        },
        {
            "throttle": 0.06257148209434871,
            "brake": 0.3470500099436571,
            "steer": 0.0
        },
        {
            "throttle": 0.10555115311863866,
            "brake": 0.3123450089492914,
            "steer": 0.0
        },
        {
            "throttle": 0.14520214176327562,
            "brake": 0.2811105080543623,
            "steer": 0.0
        },
        {
            "throttle": 0.18186154970092616,
            "brake": 0.25299945724892603,
            "steer": 0.0
        },
        {
            "throttle": 0.21583174877294686,
            "brake": 0.22769951152403342,
            "steer": 0.0
        },
        {
            "throttle": 0.24738385060640805,
            "brake": 0.20492956037163007,
            "steer": 0.0
        },
        {
            "throttle": 0.2767608303409384,
            "brake": 0.18443660433446707,
            "steer": 0.0
        },
        {
            "throttle": 0.30418033905681124,
            "brake": 0.16599294390102037,
            "steer": 0.0
        },
        {
            "throttle": 0.32983723603542703,
            "brake": 0.14939364951091835,
            "steer": 0.0
        },
        {
            "throttle": 0.3539058688691048,
            "brake": 0.13445428455982653,
            "steer": 0.0
        },
        {
            "throttle": 0.3765421266342778,
            "brake": 0.12100885610384388,
            "steer": 0.0
        },
        {
            "throttle": 0.39788528881965335,
            "brake": 0.10890797049345949,
            "steer": 0.0
        }
    ],
    "parameters": {
        "cloudiness": 32.38423013890356,
        "fog_density": 34.584849668859654,
        "initial_distance": 49.46580736072748,
        "initial_ego_velocity": 14.465242387537298,
        "initial_lead_velocity": 24.111825297289087,
        "lead_base_throttle": 0.5424795046153513,
        "lead_behavior_frequency": 0.05151048170467083,
        "lead_brake_duration": 13.919650051634035,
        "lead_brake_intensity": 0.4268906273747419,
        "lead_brake_probability": 0.21348461515575987,
        "lead_throttle_variation": 0.30290077166777196,
        "precipitation": 23.57480840725176,
        "precipitation_deposits": 88.03311739244508,
        "sun_altitude_angle": 89.29625162071387,
        "wind_intensity": 42.90450043858532
    },
    "config": {
        "num_timesteps": 200,
        "dt": 0.1,
        "seed": 191
    }
}