{
    "weather": {
        "cloudiness": 12.525276883546365,
        "precipitation": 85.58623384164517,
        "precipitation_deposits": 75.772794179603,
        "wind_intensity": 2.2802442159525316,
        "sun_altitude_angle": -17.79638880576914,
        "fog_density": 68.55992254986941,
        "fog_distance": 101.74040573231929,
        "wetness": 42.793116920822584
    },
    "initial_conditions": {
        "ego": {
            "position": {
                "x": 546.2208427845574,
                "y": 20.57,
                "z": 0.294
            },
            "yaw": 0.0,
            "velocity": 11.385200865365904
        },
        "lead": {
            "position": {
                "x": 484.88,
                "y": 20.57,
                "z": 0.294
            },
            "yaw": 0.0,
            "velocity": 14.068120256315165
        }
    },
    "ego": {
        "position": {
            "x": 546.2208427845574,
            "y": 20.57,
            "z": 0.294
        },
        "yaw": 0.0,
        "velocity": 11.385200865365904
    },
    "lead": {
        "position": {
            "x": 484.88,
            "y": 20.57,
            "z": 0.294
        },
        "yaw": 0.0,
        "velocity": 14.068120256315165
    },
    "ado_actions": [
        {
            "throttle": 0.31826090758729253,
            "brake": 0.0,
            "steer": 0.0
        },
        {
            "throttle": 0.32195079257348713,
            "brake": 0.0,
            "steer": 0.0
        },
        {
            "throttle": 0.3288532465731043,
            "brake": 0.0,
            "steer": 0.0
        },
        {
            "throttle": 0.3384335380095134,
            "brake": 0.0,
            "steer": 0.0
        },
        {
            "throttle": 0.3501115284423353,
            "brake": 0.0,
            "steer": 0.0
        },
        {
            "throttle": 0.3632753833486732,
            "brake": 0.0,
            "steer": 0.0
        },
        {
            "throttle": 0.37729654552612996,
            "brake": 0.0,
            "steer": 0.0
        },
        {
            "throttle": 0.39154549832016583,
            "brake": 0.0,
            "steer": 0.0
        },
        {
            "throttle": 0.40540782601162456,
            "brake": 0.0,
            "steer": 0.0
        },
        {
            "throttle": 0.41830007296504434,
            "brake": 0.0,
            "steer": 0.0
        },
        {
            "throttle": 0.42968491173627127,
            "brake": 0.0,
            "steer": 0.0
        },
        {
            "throttle": 0.43908515304636464,
            "brake": 0.0,
            "steer": 0.0
        },
        {
            "throttle": 0.44609616670806207,
            "brake": 0.0,
            "steer": 0.0
        },
        {
            "throttle": 0.4503963312032091,
            "brake": 0.0,
            "steer": 0.0
        },
        {
            "throttle": 0.4517551892491939,
            "brake": 0.0,
            "steer": 0.0
        },
        {
            "throttle": 0.4500390556282708,
            "brake": 0.0,
            "steer": 0.0
        },
        {
            "throttle": 0.44521389977954395,
            "brake": 0.0,
            "steer": 0.0
        },
        {
            "throttle": 0.43734540694735735,
            "brake": 0.0,
            "steer": 0.0
        },
        {
            "throttle": 0.42659620566957435,
            "brake": 0.0,
            "steer": 0.0
        },
        {
            "throttle": 0.41322033362182653,
            "brake": 0.0,
            "steer": 0.0
        },
        {
            "throttle": 0.3975550958479492,
            "brake": 0.0,
            "steer": 0.0
        },
        {
            "throttle": 0.3800105468051543,
            "brake": 0.0,
            "steer": 0.0
        },
        {
            "throttle": 0.3610568981721456,
            "brake": 0.0,
            "steer": 0.0
        },
        {
            "throttle": 0.3412102159474788,
            "brake": 0.0,
            "steer": 0.0
        },
        {
            "throttle": 0.32101682120377795,
            "brake": 0.0,
            "steer": 0.0
        },
        {
            "throttle": 0.30103684747526244,
            "brake": 0.0,
            "steer": 0.0
        },
        {
            "throttle": 0.2818274330140085,
            "brake": 0.0,
            "steer": 0.0
        },
        {
            "throttle": 0.2639260373184803,
            "brake": 0.0,
            "steer": 0.0
        },
        {
            "throttle": 0.24783436809322934,
            "brake": 0.0,
            "steer": 0.0
        },
        {
            "throttle": 0.2340033872410189,
            "brake": 0.0,
            "steer": 0.0
        },
        {
            "throttle": 0.22281983313748008,
            "brake": 0.0,
            "steer": 0.0
        },
        {
            "throttle": 0.21459465221777987,
            "brake": 0.0,
            "steer": 0.0
        },
        {
            "throttle": 0.20955367711618483,
            "brake": 0.0,
            "steer": 0.0
        },
        {
            "throttle": 0.20783082288361257,
            "brake": 0.0,
            "steer": 0.0
        },
        {
            "throttle": 0.20946399909721175,
            "brake": 0.0,
            "steer": 0.0
        },
        {
            "throttle": 0.2143938561360867,
            "brake": 0.0,
            "steer": 0.0
        },
        {
            "throttle": 0.22246540086576114,
            "brake": 0.0,
            "steer": 0.0
        },
        {
            "throttle": 0.23343243289042465,
            "brake": 0.0,
            "steer": 0.0
        },
        {
            "throttle": 0.2469646698666815,
            "brake": 0.0,
            "steer": 0.0
        },
        {
            "throttle": 0.2626573515538775,
            "brake": 0.0,
            "steer": 0.0
        },
        {
            "throttle": 0.2800430396194734,
            "brake": 0.0,
            "steer": 0.0
        },
        {
            "throttle": 0.29860526585768554,
            "brake": 0.0,
            "steer": 0.0
        },
        {
            "throttle": 0.3177936273063432,
            "brake": 0.0,
            "steer": 0.0
        },
        {
            "throttle": 0.3370398843520718,
            "brake": 0.0,
            "steer": 0.0
        },
        {
            "throttle": 0.3557745885430362,
            "brake": 0.0,
            "steer": 0.0
        },
        {
            "throttle": 0.3734437513446844,
            "brake": 0.0,
            "steer": 0.0
        },
        {
            "throttle": 0.38952506393252684,
            "brake": 0.0,
            "steer": 0.0
        },
        {
            "throttle": 0.40354319135116123,
            "brake": 0.0,
            "steer": 0.0
        },
        {
            "throttle": 0.4150836915925523,
            "brake": 0.0,
            "steer": 0.0
        },
        {
            "throttle": 0.4238051505603097,
            "brake": 0.0,
            "steer": 0.0
        },
        {
            "throttle": 0.4294491763044037,
            "brake": 0.0,
            "steer": 0.0
        },
        {
            "throttle": 0.43184795879398363,
            "brake": 0.0,
            "steer": 0.0
        },
        {
            "throttle": 0.43092917299898775,
            "brake": 0.0,
            "steer": 0.0
        },
        {
            "throttle": 0.4267180810752382,
            "brake": 0.0,
            "steer": 0.0
        },
        {
            "throttle": 0.4193367717023915,
            "brake": 0.0,
            "steer": 0.0
        },
        {
            "throttle": 0.40900055869492796,
            "brake": 0.0,
            "steer": 0.0
        },
        {
            "throttle": 0.39601164442542514,
            "brake": 0.0,
            "steer": 0.0
        },
        {
            "throttle": 0.3807502339178923,
            "brake": 0.0,
            "steer": 0.0
        },
        {
            "throttle": 0.3636633603291702,
            "brake": 0.0,
            "steer": 0.0
        },
        {
            "throttle": 0.34525174974076717,
            "brake": 0.0,
            "steer": 0.0
        },
        {
            "throttle": 0.326055110759202,
            "brake": 0.0,
            "steer": 0.0
        },
        {
            "throttle": 0.30663628067979803,
            "brake": 0.0,
            "steer": 0.0
        },
        {
            "throttle": 0.28756469354906167,
            "brake": 0.0,
            "steer": 0.0
        },
        {
            "throttle": 0.2693996553785553,
            "brake": 0.0,
            "steer": 0.0
        },
        {
            "throttle": 0.25267391743390655,
            "brake": 0.0,
            "steer": 0.0
        },
        {
            "throttle": 0.23787802977990632,
            "brake": 0.0,
            "steer": 0.0
        },
        {
            "throttle": 0.225445934363294,
            "brake": 0.0,
            "steer": 0.0
        },
        {
            "throttle": 0.21574222053116687,
            "brake": 0.0,
            "steer": 0.0
        },
        {
            "throttle": 0.20905141708321107,
            "brake": 0.0,
            "steer": 0.0
        },
        {
            "throttle": 0.20556963517285473,
            "brake": 0.0,
            "steer": 0.0
        },
        {
            "throttle": 0.20539880736116378,
            "brake": 0.0,
            "steer": 0.0
        },
        {
            "throttle": 0.20854369191391764,
            "brake": 0.0,
            "steer": 0.0
        },
        {
            "throttle": 0.21491173025433546,
            "brake": 0.0,
            "steer": 0.0
        },
        {
            "throttle": 0.22431576172463438,
            "brake": 0.0,
            "steer": 0.0
        },
        {
            "throttle": 0.23647951592803126,
            "brake": 0.0,
            "steer": 0.0
        },
        {
            "throttle": 0.2510457213815745,
            "brake": 0.0,
            "steer": 0.0
        },
        {
            "throttle": 0.2675865924032279,
            "brake": 0.0,
            "steer": 0.0
        },
        {
            "throttle": 0.2856163863388489,
            "brake": 0.0,
            "steer": 0.0
        },
        {
            "throttle": 0.30460566245584,
            "brake": 0.0,
            "steer": 0.0
        },
        {
            "throttle": 0.32399682387467355,
            "brake": 0.0,
            "steer": 0.0
        },
        {
            "throttle": 0.343220486243808,
            "brake": 0.0,
            "steer": 0.0
        },
        {
            "throttle": 0.3617121925935358,
            "brake": 0.0,
            "steer": 0.0
        },
        {
            "throttle": 0.3789289836425644,
            "brake": 0.0,
            "steer": 0.0
        },
        {
            "throttle": 0.39436533707597043,
            "brake": 0.0,
            "steer": 0.0
        },
        {
            "throttle": 0.4075680078399853,
            "brake": 0.0,
            "steer": 0.0
        },
        {
            "throttle": 0.41814933376395963,
            "brake": 0.0,
            "steer": 0.0
        },
        {
            "throttle": 0.4257986158756074,
            "brake": 0.0,
            "steer": 0.0
        },
        {
            "throttle": 0.43029123929950097,
            "brake": 0.0,
            "steer": 0.0
        },
        {
            "throttle": 0.4314952669613673,
            "brake": 0.0,
            "steer": 0.0
        },
        {
            "throttle": 0.4293753125146409,
            "brake": 0.0,
            "steer": 0.0
        },
        {
            "throttle": 0.4239935787827841,
            "brake": 0.0,
            "steer": 0.0
        },
        {
            "throttle": 0.41550803122607244,
            "brake": 0.0,
            "steer": 0.0
        },
        {
            "throttle": 0.404167760051839,
            "brake": 0.0,
            "steer": 0.0
        },
        {
            "throttle": 0.39030566712327724,
            "brake": 0.0,
            "steer": 0.0
        },
        {
            "throttle": 0.3512751004109495,
            "brake": 0.06171877728207356,
            "steer": 0.0
        },
        {
            "throttle": 0.31614759036985457,
            "brake": 0.11726567683593977,
            "steer": 0.0
        },
        {
            "throttle": 0.2845328313328691,
            "brake": 0.16725788643441936,
            "steer": 0.0
        },
        {
            "throttle": 0.25607954819958223,
            "brake": 0.212250875073051,
            "steer": 0.0
        },
        {
            "throttle": 0.230471593379624,
            "brake": 0.2527445648478195,
            "steer": 0.0
        },
        {
            "throttle": 0.2074244340416616,
            "brake": 0.28918888564511114,
            "steer": 0.0
        },
        {
            "throttle": 0.18668199063749547,
            "brake": 0.3219887743626736,
            "steer": 0.0
        },
        {
            "throttle": 0.16801379157374594,
            "brake": 0.35150867420847975,
            "steer": 0.0
        },
        {
            "throttle": 0.15121241241637134,
            "brake": 0.37807658406970535,
            "steer": 0.0
        },
        {
            "throttle": 0.1360911711747342,
            "brake": 0.40198770294480834,
            "steer": 0.0
        },
        {
            "throttle": 0.12248205405726079,
            "brake": 0.42350770993240106,
            "steer": 0.0
        },
        {
            "throttle": 0.11023384865153471,
            "brake": 0.44287571622123456,
            "steer": 0.0
        },
        {
            "throttle": 0.09921046378638124,
            "brake": 0.4603069218811847,
            "steer": 0.0
        },
        {
            "throttle": 0.08928941740774311,
            "brake": 0.47599500697513986,
            "steer": 0.0
        },
        {
            "throttle": 0.0803604756669688,
            "brake": 0.49011428355969944,
            "steer": 0.0
        },
        {
            "throttle": 0.07232442810027193,
            "brake": 0.502821632485803,
            "steer": 0.0
        },
        {
            "throttle": 0.06509198529024474,
            "brake": 0.5142582465192963,
            "steer": 0.0
        },
        {
            "throttle": 0.09454845283253577,
            "brake": 0.4628324218673667,
            "steer": 0.0
        },
        {
            "throttle": 0.12462009185872394,
            "brake": 0.41654917968063,
            "steer": 0.0
        },
        {
            "throttle": 0.15501931741981062,
            "brake": 0.374894261712567,
            "steer": 0.0
        },
        {
            "throttle": 0.18538940161133288,
            "brake": 0.33740483554131034,
            "steer": 0.0
        },
        {
            "throttle": 0.21532089894331807,
            "brake": 0.30366435198717934,
            "steer": 0.0
        },
        {
            "throttle": 0.24436902413384531,
            "brake": 0.27329791678846144,
            "steer": 0.0
        },
        {
            "throttle": 0.27207153167543285,
            "brake": 0.2459681251096153,
            "steer": 0.0
        },
        {
            "throttle": 0.29796662583987776,
            "brake": 0.22137131259865378,
            "steer": 0.0
        },
        {
            "throttle": 0.3216104235362529,
            "brake": 0.1992341813387884,
            "steer": 0.0
        },
        {
            "throttle": 0.34259350074250083,
            "brake": 0.17931076320490957,
            "steer": 0.0
        },
        {
            "throttle": 0.3605560757960474,
            "brake": 0.16137968688441862,
            "steer": 0.0
        },
        {
            "throttle": 0.3752014189424075,
            "brake": 0.14524171819597675,
            "steer": 0.0
        },
        {
            "throttle": 0.38630712609925927,
            "brake": 0.13071754637637908,
            "steer": 0.0
        },
        {
            "throttle": 0.39373395433228947,
            "brake": 0.11764579173874118,
            "steer": 0.0
        },
        {
            "throttle": 0.3974319852751703,
            "brake": 0.10588121256486706,
            "steer": 0.0
        },
        {
            "throttle": 0.3974439586097376,
            "brake": 0.09529309130838036,
            "steer": 0.0
        },
        {
            "throttle": 0.39390569849753415,
            "brake": 0.08576378217754232,
            "steer": 0.0
        },
        {
            "throttle": 0.38704363912335243,
            "brake": 0.0771874039597881,
            "steer": 0.0
        },
        {
            "throttle": 0.37716953880756654,
            "brake": 0.06946866356380929,
            "steer": 0.0
        },
        {
            "throttle": 0.36467255300073165,
            "brake": 0.06252179720742837,
            "steer": 0.0
        },
        {
            "throttle": 0.3500089124986796,
            "brake": 0.05626961748668553,
            "steer": 0.0
        },
        {
            "throttle": 0.33368952216040904,
            "brake": 0.05064265573801698,
            "steer": 0.0
        },
        {
            "throttle": 0.31626585523527034,
            "brake": 0.045578390164215284,
            "steer": 0.0
        },
        {
            "throttle": 0.29831456734034845,
            "brake": 0.04102055114779376,
            "steer": 0.0
        },
        {
            "throttle": 0.28042129072467453,
            "brake": 0.036918496033014385,
            "steer": 0.0
        },
        {
            "throttle": 0.26316409262855267,
            "brake": 0.033226646429712944,
            "steer": 0.0
        },
        {
            "throttle": 0.24709709060366306,
            "brake": 0.02990398178674165,
            "steer": 0.0
        },
        {
            "throttle": 0.23273471232786214,
            "brake": 0.026913583608067487,
            "steer": 0.0
        },
        {
            "throttle": 0.22053706787623195,
            "brake": 0.02422222524726074,
            "steer": 0.0
        },
        {
            "throttle": 0.2108968691642978,
            "brake": 0.021800002722534666,
            "steer": 0.0
        },
        {
            "throttle": 0.20412828532995336,
            "brake": 0.0196200024502812,
            "steer": 0.0
        },
        {
            "throttle": 0.20045806551061535,
            "brake": 0.01765800220525308,
            "steer": 0.0
        },
        {
            "throttle": 0.20001919347871283,
            "brake": 0.015892201984727773,
            "steer": 0.0
        },
        {
            "throttle": 0.20284726388383403,
            "brake": 0.014302981786254996,
            "steer": 0.0
        },
        {
            "throttle": 0.20887968960290995,
            "brake": 0.012872683607629496,
            "steer": 0.0
        },
        {
            "throttle": 0.2179577662727485,
            "brake": 0.011585415246866546,
            "steer": 0.0
        },
        {
            "throttle": 0.2298315359178299,
            "brake": 0.010426873722179892,
            "steer": 0.0
        },
        {
            "throttle": 0.2441673091582287,
            "brake": 0.009384186349961902,
            "steer": 0.0
        },
        {
            "throttle": 0.2605576272049507,
            "brake": 0.008445767714965713,
            "steer": 0.0
        },
        {
            "throttle": 0.27853337301841424,
            "brake": 0.007601190943469142,
            "steer": 0.0
        },
        {
            "throttle": 0.2975776777268193,
            "brake": 0.006841071849122228,
            "steer": 0.0
        },
        {
            "throttle": 0.31714121553043195,
            "brake": 0.006156964664210006,
            "steer": 0.0
        },
        {
            "throttle": 0.3366584394057041,
            "brake": 0.005541268197789005,
            "steer": 0.0
        },
        {
            "throttle": 0.3555642821690895,
            "brake": 0.004987141378010105,
            "steer": 0.0
        },
        {
            "throttle": 0.3733108336777138,
            "brake": 0.0044884272402090945,
            "steer": 0.0
        },
        {
            "throttle": 0.38938350553601053,
            "brake": 0.004039584516188185,
            "steer": 0.0
        },
        {
            "throttle": 0.4033162096254482,
            "brake": 0.0036356260645693662,
            "steer": 0.0
        },
        {
            "throttle": 0.41470510563862745,
            "brake": 0.0032720634581124295,
            "steer": 0.0
        },
        {
            "throttle": 0.4232205147309456,
            "brake": 0.0029448571123011865,
            "steer": 0.0
        },
        {
            "throttle": 0.42861665017079315,
            "brake": 0.0026503714010710677,
            "steer": 0.0
        },
        {
            "throttle": 0.4307388798935662,
            "brake": 0.002385334260963961,
            "steer": 0.0
        },
        {
            "throttle": 0.4295283082653039,
            "brake": 0.002146800834867565,
            "steer": 0.0
        },
        {
            "throttle": 0.4250235430123299,
            "brake": 0.0019321207513808088,
            "steer": 0.0
        },
        {
            "throttle": 0.4173595958642824,
            "brake": 0.001738908676242728,
            "steer": 0.0
        },
        {
            "throttle": 0.4067639495641493,
            "brake": 0.0015650178086184553,
            "steer": 0.0
        },
        {
            "throttle": 0.3935499070507151,
            "brake": 0.0014085160277566098,
            "steer": 0.0
        },
        {
            "throttle": 0.37810741837459866,
            "brake": 0.0012676644249809488,
            "steer": 0.0
        },
        {
            "throttle": 0.36089165492696373,
            "brake": 0.001140897982482854,
            "steer": 0.0
        },
        {
            "throttle": 0.34240966666666517,
            "brake": 0.0010268081842345687,
            "steer": 0.0
        },
        {
            "throttle": 0.32320551428598765,
            "brake": 0.0009241273658111118,
            "steer": 0.0
        },
        {
            "throttle": 0.30384431300545356,
            "brake": 0.0008317146292300007,
            "steer": 0.0
        },
        {
            "throttle": 0.2848956566203913,
            "brake": 0.0007485431663070007,
            "steer": 0.0
        },
        {
            "throttle": 0.2669169085983811,
            "brake": 0.0006736888496763007,
            "steer": 0.0
        },
        {
            "throttle": 0.2504368509135058,
            "brake": 0.0006063199647086706,
            "steer": 0.0
        },
        {
            "throttle": 0.23594017078624047,
            "brake": 0.0005456879682378035,
            "steer": 0.0
        },
        {
            "throttle": 0.2238532408854126,
            "brake": 0.0004911191714140232,
            "steer": 0.0
        },
        {
            "throttle": 0.2145316105633803,
            "brake": 0.0004420072542726209,
            "steer": 0.0
        },
        {
            "throttle": 0.20824957545244321,
            "brake": 0.0003978065288453588,
            "steer": 0.0
        },
        {
            "throttle": 0.20519213172444076,
            "brake": 0.0003580258759608229,
            "steer": 0.0
        },
        {
            "throttle": 0.2054495512979954,
            "brake": 0.0003222232883647406,
            "steer": 0.0
        },
        {
            "throttle": 0.209014737324399,
            "brake": 0.0002900009595282666,
            "steer": 0.0
        },
        {
            "throttle": 0.2157834376528313,
            "brake": 0.00026100086357543995,
            "steer": 0.0
        },
        {
            "throttle": 0.22555731006485383,
            "brake": 0.00023490077721789596,
            "steer": 0.0
        },
        {
            "throttle": 0.23804974934033013,
            "brake": 0.00021141069949610637,
            "steer": 0.0
        },
        {
            "throttle": 0.2528943051300836,
            "brake": 0.00019026962954649573,
            "steer": 0.0
        },
        {
            "throttle": 0.26965544354521526,
            "brake": 0.00017124266659184617,
            "steer": 0.0
        },
        {
            "throttle": 0.2878413365621341,
            "brake": 0.00015411839993266155,
            "steer": 0.0
        },
        {
            "throttle": 0.3069183038061011,
            "brake": 0.0001387065599393954,
            "steer": 0.0
        },
        {
            "throttle": 0.3263264827622792,
            "brake": 0.00012483590394545588,
            "steer": 0.0
        },
        {
            "throttle": 0.34549626739614225,
            "brake": 0.00011235231355091029,
            "steer": 0.0
        },
        {
            "throttle": 0.3638650326034498,
            "brake": 0.00010111708219581926,
            "steer": 0.0
        },
        {
            "throttle": 0.38089365351617643,
            "brake": 9.100537397623733e-05,
            "steer": 0.0
        },
        {
            "throttle": 0.3960823347111914,
            "brake": 8.19048365786136e-05,
            "steer": 0.0
        },
        {
            "throttle": 0.40898528462634554,
            "brake": 7.371435292075224e-05,
            "steer": 0.0
        },
        {
            "throttle": 0.41922380438918694,
            "brake": 6.634291762867702e-05,
            "steer": 0.0
        },
        {
            "throttle": 0.4264974068115215,
            "brake": 5.970862586580932e-05,
            "steer": 0.0
        },
        {
            "throttle": 0.4305926391318918,
            "brake": 5.3737763279228387e-05,
            "steer": 0.0
        },
        {
            "throttle": 0.4313893505000089,
            "brake": 4.836398695130555e-05,
            "steer": 0.0
        },
        {
            "throttle": 0.4288642202131509,
            "brake": 4.3527588256175e-05,
            "steer": 0.0
        }
    ],
    "parameters": {
        "cloudiness": 12.525276883546365,
        "fog_density": 68.55992254986941,
        "initial_distance": 61.340842784557424,
        "initial_ego_velocity": 11.385200865365904,
        "initial_lead_velocity": 14.068120256315165,
        "lead_base_throttle": 0.3182609075872925,
        "lead_behavior_frequency": 0.2730333582072012,
        "lead_brake_duration": 17.413927141333133,
        "lead_brake_intensity": 0.6171877728207356,
        "lead_brake_probability": 0.21115993778087985,
        "lead_throttle_variation": 0.21614717449769494,
        "precipitation": 85.58623384164517,
        "precipitation_deposits": 75.772794179603,
        "sun_altitude_angle": -17.79638880576914,
        "wind_intensity": 2.2802442159525316
    },
    "config": {
        "num_timesteps": 200,
        "dt": 0.1,
        "seed": 101
    }
}