{
    "weather": {
        "cloudiness": 28.27398464068549,
        "precipitation": 74.20790597236847,
        "precipitation_deposits": 6.811124387846212,
        "wind_intensity": 22.92370311031241,
        "sun_altitude_angle": 11.41515830741129,
        "fog_density": 21.31647326951704,
        "fog_distance": 491.3743053221369,
        "wetness": 37.10395298618423
    },
    "initial_conditions": {
        "ego": {
            "position": {
                "x": 536.6024441195036,
                "y": 20.57,
                "z": 0.294
            },
            "yaw": 0.0,
            "velocity": 5.249325462992233
        },
        "lead": {
            "position": {
                "x": 484.88,
                "y": 20.57,
                "z": 0.294
            },
            "yaw": 0.0,
            "velocity": 15.060589820375563
        }
    },
    "ego": {
        "position": {
            "x": 536.6024441195036,
            "y": 20.57,
            "z": 0.294
        },
        "yaw": 0.0,
        "velocity": 5.249325462992233
    },
    "lead": {
        "position": {
            "x": 484.88,
            "y": 20.57,
            "z": 0.294
        },
        "yaw": 0.0,
        "velocity": 15.060589820375563
    },
    "ado_actions": [
        {
            "throttle": 0.2824893258310056,
            "brake": 0.0,
            "steer": 0.0
        },
        {
            "throttle": 0.2827607467720822,
            "brake": 0.0,
            "steer": 0.0
        },
        {
            "throttle": 0.28327607444867725,
            "brake": 0.0,
            "steer": 0.0
        },
        {
            "throttle": 0.28401017447449384,
            "brake": 0.0,
            "steer": 0.0
        },
        {
            "throttle": 0.2849400553201818,
            "brake": 0.0,
            "steer": 0.0
        },
        {
            "throttle": 0.28604465555531355,
            "brake": 0.0,
            "steer": 0.0
        },
        {
            "throttle": 0.2873046528721261,
            "brake": 0.0,
            "steer": 0.0
        },
        {
            "throttle": 0.28870229271006476,
            "brake": 0.0,
            "steer": 0.0
        },
        {
            "throttle": 0.29022123451757076,
            "brake": 0.0,
            "steer": 0.0
        },
        {
            "throttle": 0.29184641388322474,
            "brake": 0.0,
            "steer": 0.0
        },
        {
            "throttle": 0.2935639189444691,
            "brake": 0.0,
            "steer": 0.0
        },
        {
            "throttle": 0.2953608796406353,
            "brake": 0.0,
            "steer": 0.0
        },
        {
            "throttle": 0.2972253685196661,
            "brake": 0.0,
            "steer": 0.0
        },
        {
            "throttle": 0.29914631193632596,
            "brake": 0.0,
            "steer": 0.0
        },
        {
            "throttle": 0.2692316807426934,
            "brake": 0.0782132104156122,
            "steer": 0.0
        },
        {
            "throttle": 0.24230851266842404,
            "brake": 0.1486050997896632,
            "steer": 0.0
        },
        {
            "throttle": 0.21807766140158164,
            "brake": 0.21195780022630906,
            "steer": 0.0
        },
        {
            "throttle": 0.19626989526142347,
            "brake": 0.26897523061929035,
            "steer": 0.0
        },
        {
            "throttle": 0.17664290573528113,
            "brake": 0.32029091797297354,
            "steer": 0.0
        },
        {
            "throttle": 0.15897861516175302,
            "brake": 0.3664750365912884,
            "steer": 0.0
        },
        {
            "throttle": 0.1430807536455777,
            "brake": 0.40804074334777174,
            "steer": 0.0
        },
        {
            "throttle": 0.12877267828101993,
            "brake": 0.44544987942860675,
            "steer": 0.0
        },
        {
            "throttle": 0.11589541045291794,
            "brake": 0.4791181019013583,
            "steer": 0.0
        },
        {
            "throttle": 0.10430586940762615,
            "brake": 0.5094195021268347,
            "steer": 0.0
        },
        {
            "throttle": 0.09387528246686354,
            "brake": 0.5366907623297635,
            "steer": 0.0
        },
        {
            "throttle": 0.08448775422017718,
            "brake": 0.5612348965123994,
            "steer": 0.0
        },
        {
            "throttle": 0.07603897879815946,
            "brake": 0.5833246172767718,
            "steer": 0.0
        },
        {
            "throttle": 0.06843508091834352,
            "brake": 0.6032053659647069,
            "steer": 0.0
        },
        {
            "throttle": 0.06159157282650917,
            "brake": 0.6210980397838485,
            "steer": 0.0
        },
        {
            "throttle": 0.055432415543858256,
            "brake": 0.6372014462210759,
            "steer": 0.0
        },
        {
            "throttle": 0.04988917398947243,
            "brake": 0.6516945120145805,
            "steer": 0.0
        },
        {
            "throttle": 0.04490025659052519,
            "brake": 0.6647382712287347,
            "steer": 0.0
        },
        {
            "throttle": 0.040410230931472675,
            "brake": 0.6764776545214736,
            "steer": 0.0
        },
        {
            "throttle": 0.03636920783832541,
            "brake": 0.6870430994849385,
            "steer": 0.0
        },
        {
            "throttle": 0.03273228705449287,
            "brake": 0.6965519999520569,
            "steer": 0.0
        },
        {
            "throttle": 0.029459058349043582,
            "brake": 0.7051100103724635,
            "steer": 0.0
        },
        {
            "throttle": 0.026513152514139226,
            "brake": 0.7128122197508294,
            "steer": 0.0
        },
        {
            "throttle": 0.023861837262725304,
            "brake": 0.7197442081913588,
            "steer": 0.0
        },
        {
            "throttle": 0.05695823781782091,
            "brake": 0.6477697873722229,
            "steer": 0.0
        },
        {
            "throttle": 0.08678427367074446,
            "brake": 0.5829928086350006,
            "steer": 0.0
        },
        {
            "throttle": 0.11365701028717992,
            "brake": 0.5246935277715006,
            "steer": 0.0
        },
        {
            "throttle": 0.13786176641069975,
            "brake": 0.47222417499435054,
            "steer": 0.0
        },
        {
            "throttle": 0.15965530246005816,
            "brake": 0.4250017574949155,
            "steer": 0.0
        },
        {
            "throttle": 0.17926869012301822,
            "brake": 0.3825015817454239,
            "steer": 0.0
        },
        {
            "throttle": 0.1969098950081926,
            "brake": 0.34425142357088157,
            "steer": 0.0
        },
        {
            "throttle": 0.2127661010302063,
            "brake": 0.3098262812137934,
            "steer": 0.0
        },
        {
            "throttle": 0.22700580233596124,
            "brake": 0.2788436530924141,
            "steer": 0.0
        },
        {
            "throttle": 0.2397806859990317,
            "brake": 0.2509592877831727,
            "steer": 0.0
        },
        {
            "throttle": 0.25122732638657136,
            "brake": 0.22586335900485546,
            "steer": 0.0
        },
        {
            "throttle": 0.26146871001275374,
            "brake": 0.20327702310436993,
            "steer": 0.0
        },
        {
            "throttle": 0.27061560781147087,
            "brake": 0.18294932079393295,
            "steer": 0.0
        },
        {
            "throttle": 0.2787678100678739,
            "brake": 0.16465438871453966,
            "steer": 0.0
        },
        {
            "throttle": 0.28601523772453596,
            "brake": 0.1481889498430857,
            "steer": 0.0
        },
        {
            "throttle": 0.2924389424066225,
            "brake": 0.13337005485877712,
            "steer": 0.0
        },
        {
            "throttle": 0.29811200627622,
            "brake": 0.12003304937289941,
            "steer": 0.0
        },
        {
            "throttle": 0.30310035171519184,
            "brake": 0.10802974443560948,
            "steer": 0.0
        },
        {
            "throttle": 0.307463469836246,
            "brake": 0.09722676999204853,
            "steer": 0.0
        },
        {
            "throttle": 0.3112550759222116,
            "brake": 0.08750409299284367,
            "steer": 0.0
        },
        {
            "throttle": 0.314523699083823,
            "brake": 0.07875368369355931,
            "steer": 0.0
        },
        {
            "throttle": 0.3173132126976073,
            "brake": 0.07087831532420338,
            "steer": 0.0
        },
        {
            "throttle": 0.3196633115296577,
            "brake": 0.06379048379178305,
            "steer": 0.0
        },
        {
            "throttle": 0.32160994086087014,
            "brake": 0.057411435412604746,
            "steer": 0.0
        },
        {
            "throttle": 0.3231856823980533,
            "brake": 0.051670291871344275,
            "steer": 0.0
        },
        {
            "throttle": 0.3244201012772953,
            "brake": 0.046503262684209845,
            "steer": 0.0
        },
        {
            "throttle": 0.3253400580357662,
            "brake": 0.04185293641578886,
            "steer": 0.0
        },
        {
            "throttle": 0.32596998904097113,
            "brake": 0.037667642774209975,
            "steer": 0.0
        },
        {
            "throttle": 0.32633215851804187,
            "brake": 0.03390087849678898,
            "steer": 0.0
        },
        {
            "throttle": 0.32644688500208696,
            "brake": 0.030510790647110084,
            "steer": 0.0
        },
        {
            "throttle": 0.32633274476042934,
            "brake": 0.027459711582399075,
            "steer": 0.0
        },
        {
            "throttle": 0.32600675447560545,
            "brake": 0.024713740424159168,
            "steer": 0.0
        },
        {
            "throttle": 0.3254845352514563,
            "brake": 0.02224236638174325,
            "steer": 0.0
        },
        {
            "throttle": 0.3247804597989679,
            "brake": 0.020018129743568928,
            "steer": 0.0
        },
        {
            "throttle": 0.32390778447342883,
            "brake": 0.018016316769212035,
            "steer": 0.0
        },
        {
            "throttle": 0.3228787676679047,
            "brake": 0.01621468509229083,
            "steer": 0.0
        },
        {
            "throttle": 0.32170477591813357,
            "brake": 0.014593216583061747,
            "steer": 0.0
        },
        {
            "throttle": 0.32039637893905,
            "brake": 0.013133894924755573,
            "steer": 0.0
        },
        {
            "throttle": 0.318963434691755,
            "brake": 0.011820505432280016,
            "steer": 0.0
        },
        {
            "throttle": 0.31741516547050364,
            "brake": 0.010638454889052015,
            "steer": 0.0
        },
        {
            "throttle": 0.31576022590097524,
            "brake": 0.009574609400146813,
            "steer": 0.0
        },
        {
            "throttle": 0.31400676365262287,
            "brake": 0.008617148460132132,
            "steer": 0.0
        },
        {
            "throttle": 0.31216247358828353,
            "brake": 0.007755433614118919,
            "steer": 0.0
        },
        {
            "throttle": 0.3102346460025896,
            "brake": 0.006979890252707027,
            "steer": 0.0
        },
        {
            "throttle": 0.3082302095362447,
            "brake": 0.0062819012274363244,
            "steer": 0.0
        },
        {
            "throttle": 0.3061557692952095,
            "brake": 0.0056537111046926925,
            "steer": 0.0
        },
        {
            "throttle": 0.30401764065162723,
            "brake": 0.005088339994223423,
            "steer": 0.0
        },
        {
            "throttle": 0.3018218791563311,
            "brake": 0.004579505994801081,
            "steer": 0.0
        },
        {
            "throttle": 0.2995743069504872,
            "brake": 0.004121555395320973,
            "steer": 0.0
        },
        {
            "throttle": 0.2972805360258714,
            "brake": 0.0037093998557888755,
            "steer": 0.0
        },
        {
            "throttle": 0.2949459886490262,
            "brake": 0.003338459870209988,
            "steer": 0.0
        },
        {
            "throttle": 0.29257591523372106,
            "brake": 0.003004613883188989,
            "steer": 0.0
        },
        {
            "throttle": 0.2901754099183927,
            "brake": 0.0027041524948700903,
            "steer": 0.0
        },
        {
            "throttle": 0.28774942408027204,
            "brake": 0.002433737245383081,
            "steer": 0.0
        },
        {
            "throttle": 0.2853027779954273,
            "brake": 0.002190363520844773,
            "steer": 0.0
        },
        {
            "throttle": 0.2567725001958846,
            "brake": 0.0801845375843725,
            "steer": 0.0
        },
        {
            "throttle": 0.23109525017629615,
            "brake": 0.15037929424154745,
            "steer": 0.0
        },
        {
            "throttle": 0.20798572515866653,
            "brake": 0.21355457523300492,
            "steer": 0.0
        },
        {
            "throttle": 0.1871871526427999,
            "brake": 0.2704123281253166,
            "steer": 0.0
        },
        {
            "throttle": 0.1684684373785199,
            "brake": 0.3215843057283972,
            "steer": 0.0
        },
        {
            "throttle": 0.15162159364066793,
            "brake": 0.36763908557116964,
            "steer": 0.0
        },
        {
            "throttle": 0.13645943427660115,
            "brake": 0.40908838742966486,
            "steer": 0.0
        },
        {
            "throttle": 0.12281349084894104,
            "brake": 0.4463927591023106,
            "steer": 0.0
        },
        {
            "throttle": 0.11053214176404694,
            "brake": 0.47996669360769173,
            "steer": 0.0
        },
        {
            "throttle": 0.09947892758764225,
            "brake": 0.5101832346625348,
            "steer": 0.0
        },
        {
            "throttle": 0.08953103482887803,
            "brake": 0.5373781216118936,
            "steer": 0.0
        },
        {
            "throttle": 0.08057793134599023,
            "brake": 0.5618535198663165,
            "steer": 0.0
        },
        {
            "throttle": 0.07252013821139121,
            "brake": 0.5838813782952971,
            "steer": 0.0
        },
        {
            "throttle": 0.06526812439025209,
            "brake": 0.6037064508813796,
            "steer": 0.0
        },
        {
            "throttle": 0.058741311951226886,
            "brake": 0.6215490162088539,
            "steer": 0.0
        },
        {
            "throttle": 0.0528671807561042,
            "brake": 0.6376073250035809,
            "steer": 0.0
        },
        {
            "throttle": 0.04758046268049378,
            "brake": 0.652059802918835,
            "steer": 0.0
        },
        {
            "throttle": 0.04282241641244441,
            "brake": 0.6650670330425638,
            "steer": 0.0
        },
        {
            "throttle": 0.03854017477119997,
            "brake": 0.6767735401539197,
            "steer": 0.0
        },
        {
            "throttle": 0.03468615729407997,
            "brake": 0.6873093965541399,
            "steer": 0.0
        },
        {
            "throttle": 0.031217541564671974,
            "brake": 0.6967916673143382,
            "steer": 0.0
        },
        {
            "throttle": 0.028095787408204776,
            "brake": 0.7053257109985166,
            "steer": 0.0
        },
        {
            "throttle": 0.025286208667384298,
            "brake": 0.7130063503142772,
            "steer": 0.0
        },
        {
            "throttle": 0.02275758780064587,
            "brake": 0.7199189256984617,
            "steer": 0.0
        },
        {
            "throttle": 0.04192215062404994,
            "brake": 0.6479270331286155,
            "steer": 0.0
        },
        {
            "throttle": 0.059074243953794014,
            "brake": 0.583134329815754,
            "steer": 0.0
        },
        {
            "throttle": 0.07442458080959233,
            "brake": 0.5248208968341785,
            "steer": 0.0
        },
        {
            "throttle": 0.08816292156319439,
            "brake": 0.4723388071507607,
            "steer": 0.0
        },
        {
            "throttle": 0.10046015606275947,
            "brake": 0.42510492643568465,
            "steer": 0.0
        },
        {
            "throttle": 0.1114701774001373,
            "brake": 0.3825944337921162,
            "steer": 0.0
        },
        {
            "throttle": 0.12133156817497748,
            "brake": 0.3443349904129046,
            "steer": 0.0
        },
        {
            "throttle": 0.13016911802437184,
            "brake": 0.30990149137161416,
            "steer": 0.0
        },
        {
            "throttle": 0.13809518931001155,
            "brake": 0.27891134223445274,
            "steer": 0.0
        },
        {
            "throttle": 0.14521094616576494,
            "brake": 0.2510202080110075,
            "steer": 0.0
        },
        {
            "throttle": 0.15160746058838914,
            "brake": 0.22591818720990675,
            "steer": 0.0
        },
        {
            "throttle": 0.15736670788588836,
            "brake": 0.20332636848891608,
            "steer": 0.0
        },
        {
            "throttle": 0.16256246256662607,
            "brake": 0.18299373164002447,
            "steer": 0.0
        },
        {
            "throttle": 0.16726110464400756,
            "brake": 0.16469435847602204,
            "steer": 0.0
        },
        {
            "throttle": 0.17152234533406124,
            "brake": 0.14822492262841985,
            "steer": 0.0
        },
        {
            "throttle": 0.17539988022548242,
            "brake": 0.13340243036557786,
            "steer": 0.0
        },
        {
            "throttle": 0.17894197719368896,
            "brake": 0.12006218732902008,
            "steer": 0.0
        },
        {
            "throttle": 0.18219200560319976,
            "brake": 0.10805596859611807,
            "steer": 0.0
        },
        {
            "throttle": 0.18518891268810622,
            "brake": 0.09725037173650627,
            "steer": 0.0
        },
        {
            "throttle": 0.18796765241129537,
            "brake": 0.08752533456285565,
            "steer": 0.0
        },
        {
            "throttle": 0.1905595715728575,
            "brake": 0.07877280110657009,
            "steer": 0.0
        },
        {
            "throttle": 0.1929927574608819,
            "brake": 0.07089552099591308,
            "steer": 0.0
        },
        {
            "throttle": 0.19529235090831493,
            "brake": 0.06380596889632177,
            "steer": 0.0
        },
        {
            "throttle": 0.19748082823295138,
            "brake": 0.057425372006689596,
            "steer": 0.0
        },
        {
            "throttle": 0.19957825518966532,
            "brake": 0.051682834806020636,
            "steer": 0.0
        },
        {
            "throttle": 0.20160251575079235,
            "brake": 0.046514551325418575,
            "steer": 0.0
        },
        {
            "throttle": 0.2035695182486783,
            "brake": 0.04186309619287672,
            "steer": 0.0
        },
        {
            "throttle": 0.2054933811606781,
            "brake": 0.03767678657358905,
            "steer": 0.0
        },
        {
            "throttle": 0.20738660058850894,
            "brake": 0.03390910791623014,
            "steer": 0.0
        },
        {
            "throttle": 0.20926020127829636,
            "brake": 0.030518197124607127,
            "steer": 0.0
        },
        {
            "throttle": 0.2111238728426238,
            "brake": 0.027466377412146414,
            "steer": 0.0
        },
        {
            "throttle": 0.21298609267934626,
            "brake": 0.024719739670931773,
            "steer": 0.0
        },
        {
            "throttle": 0.21485423693201763,
            "brake": 0.022247765703838598,
            "steer": 0.0
        },
        {
            "throttle": 0.21673468070183713,
            "brake": 0.02002298913345474,
            "steer": 0.0
        },
        {
            "throttle": 0.21863288859955465,
            "brake": 0.018020690220109267,
            "steer": 0.0
        },
        {
            "throttle": 0.22055349661643486,
            "brake": 0.01621862119809834,
            "steer": 0.0
        },
        {
            "throttle": 0.22250038619495693,
            "brake": 0.014596759078288505,
            "steer": 0.0
        },
        {
            "throttle": 0.2244767512913295,
            "brake": 0.013137083170459654,
            "steer": 0.0
        },
        {
            "throttle": 0.22648515914214434,
            "brake": 0.01182337485341369,
            "steer": 0.0
        },
        {
            "throttle": 0.22852760537569872,
            "brake": 0.010641037368072322,
            "steer": 0.0
        },
        {
            "throttle": 0.23060556404388421,
            "brake": 0.00957693363126509,
            "steer": 0.0
        },
        {
            "throttle": 0.23272003309235964,
            "brake": 0.008619240268138581,
            "steer": 0.0
        },
        {
            "throttle": 0.23487157573434764,
            "brake": 0.0077573162413247234,
            "steer": 0.0
        },
        {
            "throttle": 0.2370603581462432,
            "brake": 0.006981584617192251,
            "steer": 0.0
        },
        {
            "throttle": 0.23928618386077408,
            "brake": 0.006283426155473026,
            "steer": 0.0
        },
        {
            "throttle": 0.24154852519523812,
            "brake": 0.005655083539925723,
            "steer": 0.0
        },
        {
            "throttle": 0.24384655201794048,
            "brake": 0.005089575185933151,
            "steer": 0.0
        },
        {
            "throttle": 0.24617915812498112,
            "brake": 0.004580617667339836,
            "steer": 0.0
        },
        {
            "throttle": 0.24854498547166085,
            "brake": 0.004122555900605852,
            "steer": 0.0
        },
        {
            "throttle": 0.2509424464776722,
            "brake": 0.0037103003105452667,
            "steer": 0.0
        },
        {
            "throttle": 0.2533697446026436,
            "brake": 0.00333927027949074,
            "steer": 0.0
        },
        {
            "throttle": 0.2558248933682611,
            "brake": 0.003005343251541666,
            "steer": 0.0
        },
        {
            "throttle": 0.2583057339848802,
            "brake": 0.0027048089263874996,
            "steer": 0.0
        },
        {
            "throttle": 0.26080995172405197,
            "brake": 0.00243432803374875,
            "steer": 0.0
        },
        {
            "throttle": 0.2633350911635495,
            "brake": 0.002190895230373875,
            "steer": 0.0
        },
        {
            "throttle": 0.2658785704181233,
            "brake": 0.0019718057073364876,
            "steer": 0.0
        },
        {
            "throttle": 0.2684376944571912,
            "brake": 0.001774625136602839,
            "steer": 0.0
        },
        {
            "throttle": 0.27100966759984846,
            "brake": 0.0015971626229425552,
            "steer": 0.0
        },
        {
            "throttle": 0.27359160526784887,
            "brake": 0.0014374463606482998,
            "steer": 0.0
        },
        {
            "throttle": 0.2761805450684438,
            "brake": 0.0012937017245834698,
            "steer": 0.0
        },
        {
            "throttle": 0.2787734572710886,
            "brake": 0.0011643315521251228,
            "steer": 0.0
        },
        {
            "throttle": 0.28136725473493307,
            "brake": 0.0010478983969126104,
            "steer": 0.0
        },
        {
            "throttle": 0.2839588023376399,
            "brake": 0.0009431085572213494,
            "steer": 0.0
        },
        {
            "throttle": 0.286544925950342,
            "brake": 0.0008487977014992145,
            "steer": 0.0
        },
        {
            "throttle": 0.2891224209983986,
            "brake": 0.0007639179313492931,
            "steer": 0.0
        },
        {
            "throttle": 0.2916880606429817,
            "brake": 0.0006875261382143638,
            "steer": 0.0
        },
        {
            "throttle": 0.29423860361436666,
            "brake": 0.0006187735243929275,
            "steer": 0.0
        },
        {
            "throttle": 0.2967708017240698,
            "brake": 0.0005568961719536348,
            "steer": 0.0
        },
        {
            "throttle": 0.2992814070796279,
            "brake": 0.0005012065547582714,
            "steer": 0.0
        },
        {
            "throttle": 0.3017671790228125,
            "brake": 0.00045108589928244424,
            "steer": 0.0
        },
        {
            "throttle": 0.30422489080938314,
            "brake": 0.00040597730935419983,
            "steer": 0.0
        },
        {
            "throttle": 0.3066513360460753,
            "brake": 0.00036537957841877987,
            "steer": 0.0
        },
        {
            "throttle": 0.3090433348983683,
            "brake": 0.0003288416205769019,
            "steer": 0.0
        },
        {
            "throttle": 0.311397740080653,
            "brake": 0.0002959574585192117,
            "steer": 0.0
        },
        {
            "throttle": 0.313711442638707,
            "brake": 0.00026636171266729053,
            "steer": 0.0
        },
        {
            "throttle": 0.31598137753285555,
            "brake": 0.0002397255414005615,
            "steer": 0.0
        },
        {
            "throttle": 0.3182045290288411,
            "brake": 0.00021575298726050535,
            "steer": 0.0
        },
        {
            "throttle": 0.32037793590221864,
            "brake": 0.00019417768853445481,
            "steer": 0.0
        },
        {
            "throttle": 0.3224986964610294,
            "brake": 0.00017475991968100932,
            "steer": 0.0
        },
        {
            "throttle": 0.32456397339056653,
            "brake": 0.0001572839277129084,
            "steer": 0.0
        },
        {
            "throttle": 0.32657099842321924,
            "brake": 0.00014155553494161756,
            "steer": 0.0
        },
        {
            "throttle": 0.32851707683565967,
            "brake": 0.0001273999814474558,
            "steer": 0.0
        },
        {
            "throttle": 0.3303995917750062,
            "brake": 0.00011465998330271021,
            "steer": 0.0
        }
    ],
    "parameters": {
        "cloudiness": 28.27398464068549,
        "fog_density": 21.31647326951704,
        "initial_distance": 51.72244411950365,
        "initial_ego_velocity": 5.249325462992233,
        "initial_lead_velocity": 15.060589820375563,
        "lead_base_throttle": 0.2824893258310056,
        "lead_behavior_frequency": 0.05893316757734311,
        "lead_brake_duration": 24.478586629132042,
        "lead_brake_intensity": 0.782132104156122,
        "lead_brake_probability": 0.21384800413333913,
        "lead_throttle_variation": 0.07331670683461047,
        "precipitation": 74.20790597236847,
        "precipitation_deposits": 6.811124387846212,
        "sun_altitude_angle": 11.41515830741129,
        "wind_intensity": 22.92370311031241
    },
    "config": {
        "num_timesteps": 200,
        "dt": 0.1,
        "seed": 180
    }
}