{
    "weather": {
        "cloudiness": 71.82712617379387,
        "precipitation": 26.157630104782537,
        "precipitation_deposits": 37.89605751798396,
        "wind_intensity": 43.69147793216428,
        "sun_altitude_angle": -21.744841748277445,
        "fog_density": 7.31403646550274,
        "fog_distance": 783.6433949282548,
        "wetness": 13.078815052391269
    },
    "initial_conditions": {
        "ego": {
            "position": {
                "x": 506.8305277341904,
                "y": 20.57,
                "z": 0.294
            },
            "yaw": 0.0,
            "velocity": 7.524371078313912
        },
        "lead": {
            "position": {
                "x": 484.88,
                "y": 20.57,
                "z": 0.294
            },
            "yaw": 0.0,
            "velocity": 13.205798573007394
        }
    },
    "ego": {
        "position": {
            "x": 506.8305277341904,
            "y": 20.57,
            "z": 0.294
        },
        "yaw": 0.0,
        "velocity": 7.524371078313912
    },
    "lead": {
        "position": {
            "x": 484.88,
            "y": 20.57,
            "z": 0.294
        },
        "yaw": 0.0,
        "velocity": 13.205798573007394
    },
    "ado_actions": [
        {
            "throttle": 0.40238396976331564,
            "brake": 0.0,
            "steer": 0.0
        },
        {
            "throttle": 0.4046822957398752,
            "brake": 0.0,
            "steer": 0.0
        },
        {
            "throttle": 0.40903702131716735,
            "brake": 0.0,
            "steer": 0.0
        },
        {
            "throttle": 0.4152183826161685,
            "brake": 0.0,
            "steer": 0.0
        },
        {
            "throttle": 0.4230076889449019,
            "brake": 0.0,
            "steer": 0.0
        },
        {
            "throttle": 0.43219640505423185,
            "brake": 0.0,
            "steer": 0.0
        },
        {
            "throttle": 0.4425853868051133,
            "brake": 0.0,
            "steer": 0.0
        },
        {
            "throttle": 0.45398425358427796,
            "brake": 0.0,
            "steer": 0.0
        },
        {
            "throttle": 0.4662108821542619,
            "brake": 0.0,
            "steer": 0.0
        },
        {
            "throttle": 0.4790910078463351,
            "brake": 0.0,
            "steer": 0.0
        },
        {
            "throttle": 0.49245792011553885,
            "brake": 0.0,
            "steer": 0.0
        },
        {
            "throttle": 0.5061522404884319,
            "brake": 0.0,
            "steer": 0.0
        },
        {
            "throttle": 0.5200217718577371,
            "brake": 0.0,
            "steer": 0.0
        },
        {
            "throttle": 0.5339214089240779,
            "brake": 0.0,
            "steer": 0.0
        },
        {
            "throttle": 0.5477131003625189,
            "brake": 0.0,
            "steer": 0.0
        },
        {
            "throttle": 0.5612658540088048,
            "brake": 0.0,
            "steer": 0.0
        },
        {
            "throttle": 0.5744557770242412,
            "brake": 0.0,
            "steer": 0.0
        },
        {
            "throttle": 0.5871661436154785,
            "brake": 0.0,
            "steer": 0.0
        },
        {
            "throttle": 0.5992874834617062,
            "brake": 0.0,
            "steer": 0.0
        },
        {
            "throttle": 0.6107176845419198,
            "brake": 0.0,
            "steer": 0.0
        },
        {
            "throttle": 0.621362104563348,
            "brake": 0.0,
            "steer": 0.0
        },
        {
            "throttle": 0.6311336856726586,
            "brake": 0.0,
            "steer": 0.0
        },
        {
            "throttle": 0.6399530675874868,
            "brake": 0.0,
            "steer": 0.0
        },
        {
            "throttle": 0.6477486947200282,
            "brake": 0.0,
            "steer": 0.0
        },
        {
            "throttle": 0.6544569132793499,
            "brake": 0.0,
            "steer": 0.0
        },
        {
            "throttle": 0.6600220547367709,
            "brake": 0.0,
            "steer": 0.0
        },
        {
            "throttle": 0.664396502420887,
            "brake": 0.0,
            "steer": 0.0
        },
        {
            "throttle": 0.6675407383770151,
            "brake": 0.0,
            "steer": 0.0
        },
        {
            "throttle": 0.669423367981157,
            "brake": 0.0,
            "steer": 0.0
        },
        {
            "throttle": 0.6700211201419722,
            "brake": 0.0,
            "steer": 0.0
        },
        {
            "throttle": 0.6693188212564047,
            "brake": 0.0,
            "steer": 0.0
        },
        {
            "throttle": 0.6673093414060443,
            "brake": 0.0,
            "steer": 0.0
        },
        {
            "throttle": 0.6639935115923703,
            "brake": 0.0,
            "steer": 0.0
        },
        {
            "throttle": 0.6593800111099157,
            "brake": 0.0,
            "steer": 0.0
        },
        {
            "throttle": 0.6534852244471683,
            "brake": 0.0,
            "steer": 0.0
        },
        {
            "throttle": 0.6463330673856555,
            "brake": 0.0,
            "steer": 0.0
        },
        {
            "throttle": 0.6379547822379917,
            "brake": 0.0,
            "steer": 0.0
        },
        {
            "throttle": 0.6283887024254844,
            "brake": 0.0,
            "steer": 0.0
        },
        {
            "throttle": 0.6176799868449205,
            "brake": 0.0,
            "steer": 0.0
        },
        {
            "throttle": 0.6058803247120357,
            "brake": 0.0,
            "steer": 0.0
        },
        {
            "throttle": 0.5930476117955501,
            "brake": 0.0,
            "steer": 0.0
        },
        {
            "throttle": 0.5792455991701192,
            "brake": 0.0,
            "steer": 0.0
        },
        {
            "throttle": 0.5645435158186812,
            "brake": 0.0,
            "steer": 0.0
        },
        {
            "throttle": 0.5490156666040699,
            "brake": 0.0,
            "steer": 0.0
        },
        {
            "throttle": 0.5327410073059627,
            "brake": 0.0,
            "steer": 0.0
        },
        {
            "throttle": 0.5158026985818609,
            "brake": 0.0,
            "steer": 0.0
        },
        {
            "throttle": 0.4982876408594411,
            "brake": 0.0,
            "steer": 0.0
        },
        {
            "throttle": 0.480285992301933,
            "brake": 0.0,
            "steer": 0.0
        },
        {
            "throttle": 0.4618906721078169,
            "brake": 0.0,
            "steer": 0.0
        },
        {
            "throttle": 0.44319685151082705,
            "brake": 0.0,
            "steer": 0.0
        },
        {
            "throttle": 0.4243014349357272,
            "brake": 0.0,
            "steer": 0.0
        },
        {
            "throttle": 0.4053025338394198,
            "brake": 0.0,
            "steer": 0.0
        },
        {
            "throttle": 0.38629893582549424,
            "brake": 0.0,
            "steer": 0.0
        },
        {
            "throttle": 0.36738957166324804,
            "brake": 0.0,
            "steer": 0.0
        },
        {
            "throttle": 0.3486729828694879,
            "brake": 0.0,
            "steer": 0.0
        },
        {
            "throttle": 0.3302467925230809,
            "brake": 0.0,
            "steer": 0.0
        },
        {
            "throttle": 0.31220718197837577,
            "brake": 0.0,
            "steer": 0.0
        },
        {
            "throttle": 0.2946483761244196,
            "brake": 0.0,
            "steer": 0.0
        },
        {
            "throttle": 0.27766213980258886,
            "brake": 0.0,
            "steer": 0.0
        },
        {
            "throttle": 0.2613372879461311,
            "brake": 0.0,
            "steer": 0.0
        },
        {
            "throttle": 0.2457592119415447,
            "brake": 0.0,
            "steer": 0.0
        },
        {
            "throttle": 0.23100942463413746,
            "brake": 0.0,
            "steer": 0.0
        },
        {
            "throttle": 0.21716512630899168,
            "brake": 0.0,
            "steer": 0.0
        },
        {
            "throttle": 0.20429879387448766,
            "brake": 0.0,
            "steer": 0.0
        },
        {
            "throttle": 0.19247779535910983,
            "brake": 0.0,
            "steer": 0.0
        },
        {
            "throttle": 0.18176403170416164,
            "brake": 0.0,
            "steer": 0.0
        },
        {
            "throttle": 0.17221360769597205,
            "brake": 0.0,
            "steer": 0.0
        },
        {
            "throttle": 0.16387653373197603,
            "brake": 0.0,
            "steer": 0.0
        },
        {
            "throttle": 0.15679645995651992,
            "brake": 0.0,
            "steer": 0.0
        },
        {
            "throttle": 0.15101044413525908,
            "brake": 0.0,
            "steer": 0.0
        },
        {
            "throttle": 0.14654875446249385,
            "brake": 0.0,
            "steer": 0.0
        },
        {
            "throttle": 0.14343470831468258,
            "brake": 0.0,
            "steer": 0.0
        },
        {
            "throttle": 0.14168454777666037,
            "brake": 0.0,
            "steer": 0.0
        },
        {
            "throttle": 0.14130735257579008,
            "brake": 0.0,
            "steer": 0.0
        },
        {
            "throttle": 0.1423049908644066,
            "brake": 0.0,
            "steer": 0.0
        },
        {
            "throttle": 0.1446721080935358,
            "brake": 0.0,
            "steer": 0.0
        },
        {
            "throttle": 0.14839615402203435,
            "brake": 0.0,
            "steer": 0.0
        },
        {
            "throttle": 0.15345744770606665,
            "brake": 0.0,
            "steer": 0.0
        },
        {
            "throttle": 0.1598292801152814,
            "brake": 0.0,
            "steer": 0.0
        },
        {
            "throttle": 0.16747805382522254,
            "brake": 0.0,
            "steer": 0.0
        },
        {
            "throttle": 0.17636345904146628,
            "brake": 0.0,
            "steer": 0.0
        },
        {
            "throttle": 0.18643868502074235,
            "brake": 0.0,
            "steer": 0.0
        },
        {
            "throttle": 0.19765066576888995,
            "brake": 0.0,
            "steer": 0.0
        },
        {
            "throttle": 0.2099403587158986,
            "brake": 0.0,
            "steer": 0.0
        },
        {
            "throttle": 0.22324305489544902,
            "brake": 0.0,
            "steer": 0.0
        },
        {
            "throttle": 0.2374887189912115,
            "brake": 0.0,
            "steer": 0.0
        },
        {
            "throttle": 0.2526023574555589,
            "brake": 0.0,
            "steer": 0.0
        },
        {
            "throttle": 0.2685044127591369,
            "brake": 0.0,
            "steer": 0.0
        },
        {
            "throttle": 0.28511118169268435,
            "brake": 0.0,
            "steer": 0.0
        },
        {
            "throttle": 0.30233525551634294,
            "brake": 0.0,
            "steer": 0.0
        },
        {
            "throttle": 0.320085979637097,
            "brake": 0.0,
            "steer": 0.0
        },
        {
            "throttle": 0.3382699303925596,
            "brake": 0.0,
            "steer": 0.0
        },
        {
            "throttle": 0.35679140642960205,
            "brake": 0.0,
            "steer": 0.0
        },
        {
            "throttle": 0.3755529320897943,
            "brake": 0.0,
            "steer": 0.0
        },
        {
            "throttle": 0.3944557701506826,
            "brake": 0.0,
            "steer": 0.0
        },
        {
            "throttle": 0.4134004412229186,
            "brake": 0.0,
            "steer": 0.0
        },
        {
            "throttle": 0.4322872470684226,
            "brake": 0.0,
            "steer": 0.0
        },
        {
            "throttle": 0.4510167950843103,
            "brake": 0.0,
            "steer": 0.0
        },
        {
            "throttle": 0.46949052119133144,
            "brake": 0.0,
            "steer": 0.0
        },
        {
            "throttle": 0.4876112083741089,
            "brake": 0.0,
            "steer": 0.0
        },
        {
            "throttle": 0.5052834981434741,
            "brake": 0.0,
            "steer": 0.0
        },
        {
            "throttle": 0.522414392228552,
            "brake": 0.0,
            "steer": 0.0
        },
        {
            "throttle": 0.538913741857766,
            "brake": 0.0,
            "steer": 0.0
        },
        {
            "throttle": 0.5546947220533287,
            "brake": 0.0,
            "steer": 0.0
        },
        {
            "throttle": 0.5696742884427337,
            "brake": 0.0,
            "steer": 0.0
        },
        {
            "throttle": 0.5837736141828272,
            "brake": 0.0,
            "steer": 0.0
        },
        {
            "throttle": 0.5969185046967588,
            "brake": 0.0,
            "steer": 0.0
        },
        {
            "throttle": 0.6090397880409185,
            "brake": 0.0,
            "steer": 0.0
        },
        {
            "throttle": 0.6200736788472566,
            "brake": 0.0,
            "steer": 0.0
        },
        {
            "throttle": 0.6299621139254784,
            "brake": 0.0,
            "steer": 0.0
        },
        {
            "throttle": 0.6386530577587777,
            "brake": 0.0,
            "steer": 0.0
        },
        {
            "throttle": 0.6461007762852308,
            "brake": 0.0,
            "steer": 0.0
        },
        {
            "throttle": 0.6522660775238903,
            "brake": 0.0,
            "steer": 0.0
        },
        {
            "throttle": 0.6571165177791152,
            "brake": 0.0,
            "steer": 0.0
        },
        {
            "throttle": 0.6606265723378254,
            "brake": 0.0,
            "steer": 0.0
        },
        {
            "throttle": 0.6627777697612399,
            "brake": 0.0,
            "steer": 0.0
        },
        {
            "throttle": 0.6635587890642408,
            "brake": 0.0,
            "steer": 0.0
        },
        {
            "throttle": 0.6629655192708149,
            "brake": 0.0,
            "steer": 0.0
        },
        {
            "throttle": 0.6610010810320204,
            "brake": 0.0,
            "steer": 0.0
        },
        {
            "throttle": 0.65767581019257,
            "brake": 0.0,
            "steer": 0.0
        },
        {
            "throttle": 0.6530072033923632,
            "brake": 0.0,
            "steer": 0.0
        },
        {
            "throttle": 0.6470198259890855,
            "brake": 0.0,
            "steer": 0.0
        },
        {
            "throttle": 0.639745182786274,
            "brake": 0.0,
            "steer": 0.0
        },
        {
            "throttle": 0.6312215522469748,
            "brake": 0.0,
            "steer": 0.0
        },
        {
            "throttle": 0.6214937850652669,
            "brake": 0.0,
            "steer": 0.0
        },
        {
            "throttle": 0.6106130681554855,
            "brake": 0.0,
            "steer": 0.0
        },
        {
            "throttle": 0.5986366553009604,
            "brake": 0.0,
            "steer": 0.0
        },
        {
            "throttle": 0.5856275658795238,
            "brake": 0.0,
            "steer": 0.0
        },
        {
            "throttle": 0.5716542532510339,
            "brake": 0.0,
            "steer": 0.0
        },
        {
            "throttle": 0.5567902445518045,
            "brake": 0.0,
            "steer": 0.0
        },
        {
            "throttle": 0.5411137537912882,
            "brake": 0.0,
            "steer": 0.0
        },
        {
            "throttle": 0.5247072702868557,
            "brake": 0.0,
            "steer": 0.0
        },
        {
            "throttle": 0.5076571246022835,
            "brake": 0.0,
            "steer": 0.0
        },
        {
            "throttle": 0.4900530342739447,
            "brake": 0.0,
            "steer": 0.0
        },
        {
            "throttle": 0.4719876317150569,
            "brake": 0.0,
            "steer": 0.0
        },
        {
            "throttle": 0.45355597678212356,
            "brake": 0.0,
            "steer": 0.0
        },
        {
            "throttle": 0.4348550565684152,
            "brake": 0.0,
            "steer": 0.0
        },
        {
            "throttle": 0.4159832750565519,
            "brake": 0.0,
            "steer": 0.0
        },
        {
            "throttle": 0.3970399353156103,
            "brake": 0.0,
            "steer": 0.0
        },
        {
            "throttle": 0.378124716967413,
            "brake": 0.0,
            "steer": 0.0
        },
        {
            "throttle": 0.35933715167155195,
            "brake": 0.0,
            "steer": 0.0
        },
        {
            "throttle": 0.3407760993891261,
            "brake": 0.0,
            "steer": 0.0
        },
        {
            "throttle": 0.3225392281810765,
            "brake": 0.0,
            "steer": 0.0
        },
        {
            "throttle": 0.3047225002784042,
            "brake": 0.0,
            "steer": 0.0
        },
        {
            "throttle": 0.2874196671285562,
            "brake": 0.0,
            "steer": 0.0
        },
        {
            "throttle": 0.27072177607503217,
            "brake": 0.0,
            "steer": 0.0
        },
        {
            "throttle": 0.2547166912660514,
            "brake": 0.0,
            "steer": 0.0
        },
        {
            "throttle": 0.2394886313132488,
            "brake": 0.0,
            "steer": 0.0
        },
        {
            "throttle": 0.22511772613322903,
            "brake": 0.0,
            "steer": 0.0
        },
        {
            "throttle": 0.21167959530386993,
            "brake": 0.0,
            "steer": 0.0
        },
        {
            "throttle": 0.19924495015405566,
            "brake": 0.0,
            "steer": 0.0
        },
        {
            "throttle": 0.18787922168063628,
            "brake": 0.0,
            "steer": 0.0
        },
        {
            "throttle": 0.17764221625050716,
            "brake": 0.0,
            "steer": 0.0
        },
        {
            "throttle": 0.16858780089949835,
            "brake": 0.0,
            "steer": 0.0
        },
        {
            "throttle": 0.16076361988402468,
            "brake": 0.0,
            "steer": 0.0
        },
        {
            "throttle": 0.15421084397699744,
            "brake": 0.0,
            "steer": 0.0
        },
        {
            "throttle": 0.14896395382719727,
            "brake": 0.0,
            "steer": 0.0
        },
        {
            "throttle": 0.14505055852206789,
            "brake": 0.0,
            "steer": 0.0
        },
        {
            "throttle": 0.142491250308649,
            "brake": 0.0,
            "steer": 0.0
        },
        {
            "throttle": 0.14129949623710428,
            "brake": 0.0,
            "steer": 0.0
        },
        {
            "throttle": 0.1414815672970128,
            "brake": 0.0,
            "steer": 0.0
        },
        {
            "throttle": 0.14303650541930746,
            "brake": 0.0,
            "steer": 0.0
        },
        {
            "throttle": 0.14595612851749334,
            "brake": 0.0,
            "steer": 0.0
        },
        {
            "throttle": 0.15022507354161835,
            "brake": 0.0,
            "steer": 0.0
        },
        {
            "throttle": 0.15582087731844457,
            "brake": 0.0,
            "steer": 0.0
        },
        {
            "throttle": 0.16271409475243898,
            "brake": 0.0,
            "steer": 0.0
        },
        {
            "throttle": 0.17086845376560922,
            "brake": 0.0,
            "steer": 0.0
        },
        {
            "throttle": 0.18024104616089104,
            "brake": 0.0,
            "steer": 0.0
        },
        {
            "throttle": 0.19078255340476422,
            "brake": 0.0,
            "steer": 0.0
        },
        {
            "throttle": 0.20243750614102987,
            "brake": 0.0,
            "steer": 0.0
        },
        {
            "throttle": 0.2151445760701878,
            "brake": 0.0,
            "steer": 0.0
        },
        {
            "throttle": 0.22883689865854598,
            "brake": 0.0,
            "steer": 0.0
        },
        {
            "throttle": 0.24344242497896795,
            "brake": 0.0,
            "steer": 0.0
        },
        {
            "throttle": 0.2588843008318737,
            "brake": 0.0,
            "steer": 0.0
        },
        {
            "throttle": 0.275081271151561,
            "brake": 0.0,
            "steer": 0.0
        },
        {
            "throttle": 0.291948107569863,
            "brake": 0.0,
            "steer": 0.0
        },
        {
            "throttle": 0.30939605688730404,
            "brake": 0.0,
            "steer": 0.0
        },
        {
            "throttle": 0.3273333080919006,
            "brake": 0.0,
            "steer": 0.0
        },
        {
            "throttle": 0.34566547546815773,
            "brake": 0.0,
            "steer": 0.0
        },
        {
            "throttle": 0.3642960952541424,
            "brake": 0.0,
            "steer": 0.0
        },
        {
            "throttle": 0.38312713323322795,
            "brake": 0.0,
            "steer": 0.0
        },
        {
            "throttle": 0.402059500589564,
            "brake": 0.0,
            "steer": 0.0
        },
        {
            "throttle": 0.420993575312844,
            "brake": 0.0,
            "steer": 0.0
        },
        {
            "throttle": 0.4398297264087392,
            "brake": 0.0,
            "steer": 0.0
        },
        {
            "throttle": 0.4584688381566096,
            "brake": 0.0,
            "steer": 0.0
        },
        {
            "throttle": 0.47681283165584787,
            "brake": 0.0,
            "steer": 0.0
        },
        {
            "throttle": 0.4947651809164837,
            "brake": 0.0,
            "steer": 0.0
        },
        {
            "throttle": 0.5122314207783826,
            "brake": 0.0,
            "steer": 0.0
        },
        {
            "throttle": 0.5291196439863707,
            "brake": 0.0,
            "steer": 0.0
        },
        {
            "throttle": 0.5453409848056785,
            "brake": 0.0,
            "steer": 0.0
        },
        {
            "throttle": 0.5608100866329236,
            "brake": 0.0,
            "steer": 0.0
        },
        {
            "throttle": 0.575445551142064,
            "brake": 0.0,
            "steer": 0.0
        },
        {
            "throttle": 0.5891703666019188,
            "brake": 0.0,
            "steer": 0.0
        },
        {
            "throttle": 0.6019123131114538,
            "brake": 0.0,
            "steer": 0.0
        },
        {
            "throttle": 0.6136043426204835,
            "brake": 0.0,
            "steer": 0.0
        },
        {
            "throttle": 0.6241849317361242,
            "brake": 0.0,
            "steer": 0.0
        },
        {
            "throttle": 0.6335984054585329,
            "brake": 0.0,
            "steer": 0.0
        },
        {
            "throttle": 0.6417952301424344,
            "brake": 0.0,
            "steer": 0.0
        },
        {
            "throttle": 0.6487322741428785,
            "brake": 0.0,
            "steer": 0.0
        },
        {
            "throttle": 0.6543730347737052,
            "brake": 0.0,
            "steer": 0.0
        }
    ],
    "parameters": {
        "cloudiness": 71.82712617379387,
        "fog_density": 7.31403646550274,
        "initial_distance": 21.95052773419044,
        "initial_ego_velocity": 7.524371078313912,
        "initial_lead_velocity": 13.205798573007394,
        "lead_base_throttle": 0.4023839697633156,
        "lead_behavior_frequency": 0.11547569450714996,
        "lead_brake_duration": 5.427411755785884,
        "lead_brake_intensity": 0.7218555778077342,
        "lead_brake_probability": 0.07232854992247496,
        "lead_throttle_variation": 0.31704600434396335,
        "precipitation": 26.157630104782537,
        "precipitation_deposits": 37.89605751798396,
        "sun_altitude_angle": -21.744841748277445,
        "wind_intensity": 43.69147793216428
    },
    "config": {
        "num_timesteps": 200,
        "dt": 0.1,
        "seed": 58
    }
}