{
    "weather": {
        "cloudiness": 60.799803042566815,
        "precipitation": 44.52820208261754,
        "precipitation_deposits": 37.73982284924957,
        "wind_intensity": 6.350191860864735,
        "sun_altitude_angle": 22.204561212368368,
        "fog_density": 57.331760423906026,
        "fog_distance": 147.9236996891252,
        "wetness": 22.26410104130877
    },
    "initial_conditions": {
        "ego": {
            "position": {
                "x": 563.5487067425973,
                "y": 20.57,
                "z": 0.294
            },
            "yaw": 0.0,
            "velocity": 8.249090936343908
        },
        "lead": {
            "position": {
                "x": 484.88,
                "y": 20.57,
                "z": 0.294
            },
            "yaw": 0.0,
            "velocity": 10.08589704132104
        }
    },
    "ego": {
        "position": {
            "x": 563.5487067425973,
            "y": 20.57,
            "z": 0.294
        },
        "yaw": 0.0,
        "velocity": 8.249090936343908
    },
    "lead": {
        "position": {
            "x": 484.88,
            "y": 20.57,
            "z": 0.294
        },
        "yaw": 0.0,
        "velocity": 10.08589704132104
    },
    "ado_actions": [
        {
            "throttle": 0.423297112658617,
            "brake": 0.0,
            "steer": 0.0
        },
        {
            "throttle": 0.4255769826821666,
            "brake": 0.0,
            "steer": 0.0
        },
        {
            "throttle": 0.42989092692281095,
            "brake": 0.0,
            "steer": 0.0
        },
        {
            "throttle": 0.4360000594609851,
            "brake": 0.0,
            "steer": 0.0
        },
        {
            "throttle": 0.4436719904093769,
            "brake": 0.0,
            "steer": 0.0
        },
        {
            "throttle": 0.4526805893026782,
            "brake": 0.0,
            "steer": 0.0
        },
        {
            "throttle": 0.46280590478126277,
            "brake": 0.0,
            "steer": 0.0
        },
        {
            "throttle": 0.47383422067733794,
            "brake": 0.0,
            "steer": 0.0
        },
        {
            "throttle": 0.48555822959851525,
            "brake": 0.0,
            "steer": 0.0
        },
        {
            "throttle": 0.4977773060326308,
            "brake": 0.0,
            "steer": 0.0
        },
        {
            "throttle": 0.5102978618822768,
            "brake": 0.0,
            "steer": 0.0
        },
        {
            "throttle": 0.5229337681894449,
            "brake": 0.0,
            "steer": 0.0
        },
        {
            "throttle": 0.5355068276398899,
            "brake": 0.0,
            "steer": 0.0
        },
        {
            "throttle": 0.5478472832517792,
            "brake": 0.0,
            "steer": 0.0
        },
        {
            "throttle": 0.5597943494610064,
            "brake": 0.0,
            "steer": 0.0
        },
        {
            "throttle": 0.5711967526220023,
            "brake": 0.0,
            "steer": 0.0
        },
        {
            "throttle": 0.5819132687526039,
            "brake": 0.0,
            "steer": 0.0
        },
        {
            "throttle": 0.5918132471680059,
            "brake": 0.0,
            "steer": 0.0
        },
        {
            "throttle": 0.6007771094744963,
            "brake": 0.0,
            "steer": 0.0
        },
        {
            "throttle": 0.6086968142300467,
            "brake": 0.0,
            "steer": 0.0
        },
        {
            "throttle": 0.6154762784265361,
            "brake": 0.0,
            "steer": 0.0
        },
        {
            "throttle": 0.6210317478072189,
            "brake": 0.0,
            "steer": 0.0
        },
        {
            "throttle": 0.6252921089021263,
            "brake": 0.0,
            "steer": 0.0
        },
        {
            "throttle": 0.628199136541808,
            "brake": 0.0,
            "steer": 0.0
        },
        {
            "throttle": 0.6297076714940422,
            "brake": 0.0,
            "steer": 0.0
        },
        {
            "throttle": 0.62978572375617,
            "brake": 0.0,
            "steer": 0.0
        },
        {
            "throttle": 0.6284144979244146,
            "brake": 0.0,
            "steer": 0.0
        },
        {
            "throttle": 0.6255883379474058,
            "brake": 0.0,
            "steer": 0.0
        },
        {
            "throttle": 0.6213145894503087,
            "brake": 0.0,
            "steer": 0.0
        },
        {
            "throttle": 0.6156133786843541,
            "brake": 0.0,
            "steer": 0.0
        },
        {
            "throttle": 0.608517308009893,
            "brake": 0.0,
            "steer": 0.0
        },
        {
            "throttle": 0.600071068654946,
            "brake": 0.0,
            "steer": 0.0
        },
        {
            "throttle": 0.590330972301069,
            "brake": 0.0,
            "steer": 0.0
        },
        {
            "throttle": 0.5793644038297362,
            "brake": 0.0,
            "steer": 0.0
        },
        {
            "throttle": 0.567249198310846,
            "brake": 0.0,
            "steer": 0.0
        },
        {
            "throttle": 0.5540729460260518,
            "brake": 0.0,
            "steer": 0.0
        },
        {
            "throttle": 0.5399322299891388,
            "brake": 0.0,
            "steer": 0.0
        },
        {
            "throttle": 0.5249318010496062,
            "brake": 0.0,
            "steer": 0.0
        },
        {
            "throttle": 0.5091836962401548,
            "brake": 0.0,
            "steer": 0.0
        },
        {
            "throttle": 0.49280630655039914,
            "brake": 0.0,
            "steer": 0.0
        },
        {
            "throttle": 0.4759234007746319,
            "brake": 0.0,
            "steer": 0.0
        },
        {
            "throttle": 0.4586631124879935,
            "brake": 0.0,
            "steer": 0.0
        },
        {
            "throttle": 0.44115689755048754,
            "brake": 0.0,
            "steer": 0.0
        },
        {
            "throttle": 0.42353846981985915,
            "brake": 0.0,
            "steer": 0.0
        },
        {
            "throttle": 0.40594272297079803,
            "brake": 0.0,
            "steer": 0.0
        },
        {
            "throttle": 0.38850464646805716,
            "brake": 0.0,
            "steer": 0.0
        },
        {
            "throttle": 0.37135824382418947,
            "brake": 0.0,
            "steer": 0.0
        },
        {
            "throttle": 0.35463546128845397,
            "brake": 0.0,
            "steer": 0.0
        },
        {
            "throttle": 0.3191719151596086,
            "brake": 0.06680022972782347,
            "steer": 0.0
        },
        {
            "throttle": 0.28725472364364774,
            "brake": 0.1269204364828646,
            "steer": 0.0
        },
        {
            "throttle": 0.25852925127928295,
            "brake": 0.18102862256240163,
            "steer": 0.0
        },
        {
            "throttle": 0.23267632615135467,
            "brake": 0.22972599003398492,
            "steer": 0.0
        },
        {
            "throttle": 0.20940869353621921,
            "brake": 0.2735536207584099,
            "steer": 0.0
        },
        {
            "throttle": 0.1884678241825973,
            "brake": 0.31299848841039235,
            "steer": 0.0
        },
        {
            "throttle": 0.16962104176433757,
            "brake": 0.3484988692971766,
            "steer": 0.0
        },
        {
            "throttle": 0.1526589375879038,
            "brake": 0.38044921209528243,
            "steer": 0.0
        },
        {
            "throttle": 0.13739304382911344,
            "brake": 0.40920452061357765,
            "steer": 0.0
        },
        {
            "throttle": 0.1236537394462021,
            "brake": 0.43508429828004336,
            "steer": 0.0
        },
        {
            "throttle": 0.11128836550158189,
            "brake": 0.45837609817986247,
            "steer": 0.0
        },
        {
            "throttle": 0.1001595289514237,
            "brake": 0.4793387180896997,
            "steer": 0.0
        },
        {
            "throttle": 0.09014357605628133,
            "brake": 0.4982050760085532,
            "steer": 0.0
        },
        {
            "throttle": 0.0811292184506532,
            "brake": 0.5151847981355213,
            "steer": 0.0
        },
        {
            "throttle": 0.07301629660558788,
            "brake": 0.5304665480497927,
            "steer": 0.0
        },
        {
            "throttle": 0.06571466694502909,
            "brake": 0.5442201229726369,
            "steer": 0.0
        },
        {
            "throttle": 0.05914320025052618,
            "brake": 0.5565983404031967,
            "steer": 0.0
        },
        {
            "throttle": 0.05322888022547356,
            "brake": 0.5677387360907006,
            "steer": 0.0
        },
        {
            "throttle": 0.047905992202926205,
            "brake": 0.577765092209454,
            "steer": 0.0
        },
        {
            "throttle": 0.04311539298263359,
            "brake": 0.5867888127163322,
            "steer": 0.0
        },
        {
            "throttle": 0.03880385368437023,
            "brake": 0.5949101611725225,
            "steer": 0.0
        },
        {
            "throttle": 0.03492346831593321,
            "brake": 0.6022193747830937,
            "steer": 0.0
        },
        {
            "throttle": 0.07132563826859895,
            "brake": 0.5419974373047843,
            "steer": 0.0
        },
        {
            "throttle": 0.10636681046701486,
            "brake": 0.4877976935743059,
            "steer": 0.0
        },
        {
            "throttle": 0.14018430305979188,
            "brake": 0.43901792421687535,
            "steer": 0.0
        },
        {
            "throttle": 0.17288388914294528,
            "brake": 0.39511613179518784,
            "steer": 0.0
        },
        {
            "throttle": 0.20454308089302292,
            "brake": 0.35560451861566905,
            "steer": 0.0
        },
        {
            "throttle": 0.2352142234193319,
            "brake": 0.32004406675410213,
            "steer": 0.0
        },
        {
            "throttle": 0.26492741527179153,
            "brake": 0.2880396600786919,
            "steer": 0.0
        },
        {
            "throttle": 0.2936932697846283,
            "brake": 0.25923569407082275,
            "steer": 0.0
        },
        {
            "throttle": 0.3215055289800868,
            "brake": 0.2333121246637405,
            "steer": 0.0
        },
        {
            "throttle": 0.34834353957863895,
            "brake": 0.20998091219736645,
            "steer": 0.0
        },
        {
            "throttle": 0.3741745987428523,
            "brake": 0.1889828209776298,
            "steer": 0.0
        },
        {
            "throttle": 0.39895617550282203,
            "brake": 0.17008453887986683,
            "steer": 0.0
        },
        {
            "throttle": 0.42263801235503695,
            "brake": 0.15307608499188013,
            "steer": 0.0
        },
        {
            "throttle": 0.44516411027813796,
            "brake": 0.13776847649269214,
            "steer": 0.0
        },
        {
            "throttle": 0.4664745993537245,
            "brake": 0.12399162884342292,
            "steer": 0.0
        },
        {
            "throttle": 0.48650749630456425,
            "brake": 0.11159246595908064,
            "steer": 0.0
        },
        {
            "throttle": 0.5052003495534474,
            "brake": 0.10043321936317258,
            "steer": 0.0
        },
        {
            "throttle": 0.5224917718513469,
            "brake": 0.09038989742685533,
            "steer": 0.0
        },
        {
            "throttle": 0.5383228601119019,
            "brake": 0.08135090768416979,
            "steer": 0.0
        },
        {
            "throttle": 0.5526385018094238,
            "brake": 0.07321581691575281,
            "steer": 0.0
        },
        {
            "throttle": 0.5653885671389138,
            "brake": 0.06589423522417753,
            "steer": 0.0
        },
        {
            "throttle": 0.5765289860886134,
            "brake": 0.05930481170175978,
            "steer": 0.0
        },
        {
            "throttle": 0.5860227096283045,
            "brake": 0.0533743305315838,
            "steer": 0.0
        },
        {
            "throttle": 0.593840554360133,
            "brake": 0.048036897478425426,
            "steer": 0.0
        },
        {
            "throttle": 0.5999619302035424,
            "brake": 0.04323320773058288,
            "steer": 0.0
        },
        {
            "throttle": 0.6043754509826248,
            "brake": 0.03890988695752459,
            "steer": 0.0
        },
        {
            "throttle": 0.607079428143633,
            "brake": 0.03501889826177213,
            "steer": 0.0
        },
        {
            "throttle": 0.6080822482435803,
            "brake": 0.03151700843559492,
            "steer": 0.0
        },
        {
            "throttle": 0.6074026353090074,
            "brake": 0.02836530759203543,
            "steer": 0.0
        },
        {
            "throttle": 0.6050697996585341,
            "brake": 0.025528776832831886,
            "steer": 0.0
        },
        {
            "throttle": 0.6011234753053831,
            "brake": 0.022975899149548697,
            "steer": 0.0
        },
        {
            "throttle": 0.5956138485985334,
            "brake": 0.02067830923459383,
            "steer": 0.0
        },
        {
            "throttle": 0.5886013813156475,
            "brake": 0.018610478311134448,
            "steer": 0.0
        },
        {
            "throttle": 0.5801565319798161,
            "brake": 0.016749430480021005,
            "steer": 0.0
        },
        {
            "throttle": 0.5703593797281516,
            "brake": 0.015074487432018904,
            "steer": 0.0
        },
        {
            "throttle": 0.5592991556063501,
            "brake": 0.013567038688817014,
            "steer": 0.0
        },
        {
            "throttle": 0.5470736866928596,
            "brake": 0.012210334819935312,
            "steer": 0.0
        },
        {
            "throttle": 0.5337887589629686,
            "brake": 0.01098930133794178,
            "steer": 0.0
        },
        {
            "throttle": 0.5195574052810588,
            "brake": 0.009890371204147602,
            "steer": 0.0
        },
        {
            "throttle": 0.5044991253529746,
            "brake": 0.008901334083732842,
            "steer": 0.0
        },
        {
            "throttle": 0.48873904487492514,
            "brake": 0.008011200675359558,
            "steer": 0.0
        },
        {
            "throttle": 0.4724070214759649,
            "brake": 0.007210080607823602,
            "steer": 0.0
        },
        {
            "throttle": 0.45563670536382483,
            "brake": 0.0064890725470412415,
            "steer": 0.0
        },
        {
            "throttle": 0.4385645628450937,
            "brake": 0.005840165292337118,
            "steer": 0.0
        },
        {
            "throttle": 0.4213288710974084,
            "brake": 0.005256148763103406,
            "steer": 0.0
        },
        {
            "throttle": 0.4040686927208662,
            "brake": 0.0047305338867930655,
            "steer": 0.0
        },
        {
            "throttle": 0.3869228386863192,
            "brake": 0.004257480498113759,
            "steer": 0.0
        },
        {
            "throttle": 0.3700288283280896,
            "brake": 0.003831732448302383,
            "steer": 0.0
        },
        {
            "throttle": 0.35352185499705513,
            "brake": 0.003448559203472145,
            "steer": 0.0
        },
        {
            "throttle": 0.33753376589662465,
            "brake": 0.0031037032831249304,
            "steer": 0.0
        },
        {
            "throttle": 0.3221920644690487,
            "brake": 0.0027933329548124374,
            "steer": 0.0
        },
        {
            "throttle": 0.3076189434835,
            "brake": 0.0025139996593311936,
            "steer": 0.0
        },
        {
            "throttle": 0.29393035670166184,
            "brake": 0.0022625996933980743,
            "steer": 0.0
        },
        {
            "throttle": 0.28123513666293376,
            "brake": 0.0020363397240582668,
            "steer": 0.0
        },
        {
            "throttle": 0.2696341657420494,
            "brake": 0.0018327057516524402,
            "steer": 0.0
        },
        {
            "throttle": 0.2592196071896218,
            "brake": 0.0016494351764871963,
            "steer": 0.0
        },
        {
            "throttle": 0.2500742023740449,
            "brake": 0.0014844916588384767,
            "steer": 0.0
        },
        {
            "throttle": 0.24227063990487932,
            "brake": 0.0013360424929546291,
            "steer": 0.0
        },
        {
            "throttle": 0.23587100173729228,
            "brake": 0.0012024382436591663,
            "steer": 0.0
        },
        {
            "throttle": 0.23092629073864046,
            "brake": 0.0010821944192932497,
            "steer": 0.0
        },
        {
            "throttle": 0.22747604354651418,
            "brake": 0.0009739749773639248,
            "steer": 0.0
        },
        {
            "throttle": 0.22554803186742228,
            "brake": 0.0008765774796275323,
            "steer": 0.0
        },
        {
            "throttle": 0.2251580546619511,
            "brake": 0.000788919731664779,
            "steer": 0.0
        },
        {
            "throttle": 0.22630982294102753,
            "brake": 0.0007100277584983012,
            "steer": 0.0
        },
        {
            "throttle": 0.22899493816437072,
            "brake": 0.000639024982648471,
            "steer": 0.0
        },
        {
            "throttle": 0.23319296449193866,
            "brake": 0.000575122484383624,
            "steer": 0.0
        },
        {
            "throttle": 0.2388715943978546,
            "brake": 0.0005176102359452616,
            "steer": 0.0
        },
        {
            "throttle": 0.24598690641962617,
            "brake": 0.00046584921235073547,
            "steer": 0.0
        },
        {
            "throttle": 0.25448371308912376,
            "brake": 0.00041926429111566193,
            "steer": 0.0
        },
        {
            "throttle": 0.2642959963813635,
            "brake": 0.00037733786200409576,
            "steer": 0.0
        },
        {
            "throttle": 0.2753474273281248,
            "brake": 0.0003396040758036862,
            "steer": 0.0
        },
        {
            "throttle": 0.2875519657811477,
            "brake": 0.0003056436682233176,
            "steer": 0.0
        },
        {
            "throttle": 0.30081453567921956,
            "brake": 0.00027507930140098583,
            "steer": 0.0
        },
        {
            "throttle": 0.31503177057974907,
            "brake": 0.00024757137126088725,
            "steer": 0.0
        },
        {
            "throttle": 0.3300928236630355,
            "brake": 0.00022281423413479852,
            "steer": 0.0
        },
        {
            "throttle": 0.34588023591064265,
            "brake": 0.00020053281072131867,
            "steer": 0.0
        },
        {
            "throttle": 0.36227085570200934,
            "brake": 0.0001804795296491868,
            "steer": 0.0
        },
        {
            "throttle": 0.379136802669209,
            "brake": 0.00016243157668426812,
            "steer": 0.0
        },
        {
            "throttle": 0.3963464683017367,
            "brake": 0.00014618841901584132,
            "steer": 0.0
        },
        {
            "throttle": 0.4137655455040505,
            "brake": 0.00013156957711425718,
            "steer": 0.0
        },
        {
            "throttle": 0.43125807908055735,
            "brake": 0.00011841261940283147,
            "steer": 0.0
        },
        {
            "throttle": 0.4486875289575723,
            "brake": 0.00010657135746254832,
            "steer": 0.0
        },
        {
            "throttle": 0.4659178378507658,
            "brake": 9.59142217162935e-05,
            "steer": 0.0
        },
        {
            "throttle": 0.48281449505052226,
            "brake": 8.632279954466415e-05,
            "steer": 0.0
        },
        {
            "throttle": 0.4992455880267226,
            "brake": 7.769051959019774e-05,
            "steer": 0.0
        },
        {
            "throttle": 0.5150828336485035,
            "brake": 6.992146763117797e-05,
            "steer": 0.0
        },
        {
            "throttle": 0.5302025809727814,
            "brake": 6.292932086806018e-05,
            "steer": 0.0
        },
        {
            "throttle": 0.5444867777765167,
            "brake": 5.6636388781254163e-05,
            "steer": 0.0
        },
        {
            "throttle": 0.557823893290095,
            "brake": 5.097274990312875e-05,
            "steer": 0.0
        },
        {
            "throttle": 0.5701097899306026,
            "brake": 4.587547491281588e-05,
            "steer": 0.0
        },
        {
            "throttle": 0.5812485372314968,
            "brake": 4.128792742153429e-05,
            "steer": 0.0
        },
        {
            "throttle": 0.5911531616161045,
            "brake": 3.715913467938086e-05,
            "steer": 0.0
        },
        {
            "throttle": 0.5997463261629978,
            "brake": 3.344322121144278e-05,
            "steer": 0.0
        },
        {
            "throttle": 0.6069609350576745,
            "brake": 3.00988990902985e-05,
            "steer": 0.0
        },
        {
            "throttle": 0.61274065801284,
            "brake": 2.708900918126865e-05,
            "steer": 0.0
        },
        {
            "throttle": 0.6170403705643538,
            "brake": 2.4380108263141785e-05,
            "steer": 0.0
        },
        {
            "throttle": 0.619826506806677,
            "brake": 2.1942097436827606e-05,
            "steer": 0.0
        },
        {
            "throttle": 0.6210773218153067,
            "brake": 1.9747887693144847e-05,
            "steer": 0.0
        },
        {
            "throttle": 0.62078306170887,
            "brake": 1.7773098923830364e-05,
            "steer": 0.0
        },
        {
            "throttle": 0.6189460400247452,
            "brake": 1.5995789031447328e-05,
            "steer": 0.0
        },
        {
            "throttle": 0.6155806198136748,
            "brake": 1.4396210128302596e-05,
            "steer": 0.0
        },
        {
            "throttle": 0.610713101595081,
            "brake": 1.2956589115472336e-05,
            "steer": 0.0
        },
        {
            "throttle": 0.6043815180499652,
            "brake": 1.1660930203925102e-05,
            "steer": 0.0
        },
        {
            "throttle": 0.5966353370566113,
            "brake": 1.0494837183532593e-05,
            "steer": 0.0
        },
        {
            "throttle": 0.5875350753901226,
            "brake": 9.445353465179333e-06,
            "steer": 0.0
        },
        {
            "throttle": 0.5771518261045263,
            "brake": 8.5008181186614e-06,
            "steer": 0.0
        },
        {
            "throttle": 0.5655667032903062,
            "brake": 7.65073630679526e-06,
            "steer": 0.0
        },
        {
            "throttle": 0.5528702085455276,
            "brake": 6.885662676115734e-06,
            "steer": 0.0
        },
        {
            "throttle": 0.5391615241101364,
            "brake": 6.197096408504161e-06,
            "steer": 0.0
        },
        {
            "throttle": 0.5245477381857871,
            "brake": 5.577386767653745e-06,
            "steer": 0.0
        },
        {
            "throttle": 0.5091430084931927,
            "brake": 5.019648090888371e-06,
            "steer": 0.0
        },
        {
            "throttle": 0.4930676706013662,
            "brake": 4.517683281799534e-06,
            "steer": 0.0
        },
        {
            "throttle": 0.4764472979944648,
            "brake": 4.065914953619581e-06,
            "steer": 0.0
        },
        {
            "throttle": 0.45941172121887935,
            "brake": 3.6593234582576226e-06,
            "steer": 0.0
        },
        {
            "throttle": 0.44209401377280166,
            "brake": 3.2933911124318602e-06,
            "steer": 0.0
        },
        {
            "throttle": 0.42462945266023566,
            "brake": 2.9640520011886744e-06,
            "steer": 0.0
        },
        {
            "throttle": 0.40715446172928466,
            "brake": 2.667646801069807e-06,
            "steer": 0.0
        },
        {
            "throttle": 0.38980554604898393,
            "brake": 2.4008821209628263e-06,
            "steer": 0.0
        },
        {
            "throttle": 0.3508249914440855,
            "brake": 0.06680239052173234,
            "steer": 0.0
        },
        {
            "throttle": 0.315742492299677,
            "brake": 0.12692238119738258,
            "steer": 0.0
        },
        {
            "throttle": 0.2841682430697093,
            "brake": 0.1810303728054678,
            "steer": 0.0
        },
        {
            "throttle": 0.2557514187627384,
            "brake": 0.22972756525274451,
            "steer": 0.0
        },
        {
            "throttle": 0.23017627688646455,
            "brake": 0.27355503845529355,
            "steer": 0.0
        },
        {
            "throttle": 0.2071586491978181,
            "brake": 0.3129997643375877,
            "steer": 0.0
        },
        {
            "throttle": 0.1864427842780363,
            "brake": 0.3485000176316524,
            "steer": 0.0
        },
        {
            "throttle": 0.16779850585023268,
            "brake": 0.38045024559631063,
            "steer": 0.0
        },
        {
            "throttle": 0.1510186552652094,
            "brake": 0.40920545076450304,
            "steer": 0.0
        },
        {
            "throttle": 0.13591678973868848,
            "brake": 0.4350851354158762,
            "steer": 0.0
        },
        {
            "throttle": 0.12232511076481964,
            "brake": 0.458376851602112,
            "steer": 0.0
        },
        {
            "throttle": 0.11009259968833768,
            "brake": 0.47933939616972426,
            "steer": 0.0
        }
    ],
    "parameters": {
        "cloudiness": 60.799803042566815,
        "fog_density": 57.331760423906026,
        "initial_distance": 78.66870674259732,
        "initial_ego_velocity": 8.249090936343908,
        "initial_lead_velocity": 10.08589704132104,
        "lead_base_throttle": 0.423297112658617,
        "lead_behavior_frequency": 0.14070966131752788,
        "lead_brake_duration": 22.774844548502696,
        "lead_brake_intensity": 0.6680022972782347,
        "lead_brake_probability": 0.09098738438885899,
        "lead_throttle_variation": 0.25820950238543094,
        "precipitation": 44.52820208261754,
        "precipitation_deposits": 37.73982284924957,
        "sun_altitude_angle": 22.204561212368368,
        "wind_intensity": 6.350191860864735
    },
    "config": {
        "num_timesteps": 200,
        "dt": 0.1,
        "seed": 67
    }
}