{
    "weather": {
        "cloudiness": 8.171408581076111,
        "precipitation": 35.32922795941092,
        "precipitation_deposits": 36.043176467037874,
        "wind_intensity": 33.77917063170303,
        "sun_altitude_angle": -22.12317710499477,
        "fog_density": 58.496451521513215,
        "fog_distance": 142.29090113122365,
        "wetness": 17.66461397970546
    },
    "initial_conditions": {
        "ego": {
            "position": {
                "x": 548.658830960299,
                "y": 20.57,
                "z": 0.294
            },
            "yaw": 0.0,
            "velocity": 8.60114762131381
        },
        "lead": {
            "position": {
                "x": 484.88,
                "y": 20.57,
                "z": 0.294
            },
            "yaw": 0.0,
            "velocity": 22.567676365843937
        }
    },
    "ego": {
        "position": {
            "x": 548.658830960299,
            "y": 20.57,
            "z": 0.294
        },
        "yaw": 0.0,
        "velocity": 8.60114762131381
    },
    "lead": {
        "position": {
            "x": 484.88,
            "y": 20.57,
            "z": 0.294
        },
        "yaw": 0.0,
        "velocity": 22.567676365843937
    },
    "ado_actions": [
        {
            "throttle": 0.4708725923345492,
            "brake": 0.0,
            "steer": 0.0
        },
        {
            "throttle": 0.4709067337433487,
            "brake": 0.0,
            "steer": 0.0
        },
        {
            "throttle": 0.470971373016537,
            "brake": 0.0,
            "steer": 0.0
        },
        {
            "throttle": 0.47106300310202603,
            "brake": 0.0,
            "steer": 0.0
        },
        {
            "throttle": 0.47117824286328486,
            "brake": 0.0,
            "steer": 0.0
        },
        {
            "throttle": 0.4713138290706616,
            "brake": 0.0,
            "steer": 0.0
        },
        {
            "throttle": 0.4714666106731902,
            "brake": 0.0,
            "steer": 0.0
        },
        {
            "throttle": 0.47163354508209804,
            "brake": 0.0,
            "steer": 0.0
        },
        {
            "throttle": 0.47181169621444174,
            "brake": 0.0,
            "steer": 0.0
        },
        {
            "throttle": 0.4719982340611248,
            "brake": 0.0,
            "steer": 0.0
        },
        {
            "throttle": 0.47219043555819773,
            "brake": 0.0,
            "steer": 0.0
        },
        {
            "throttle": 0.4723856865539857,
            "brake": 0.0,
            "steer": 0.0
        },
        {
            "throttle": 0.4725814846773836,
            "brake": 0.0,
            "steer": 0.0
        },
        {
            "throttle": 0.4727754429247487,
            "brake": 0.0,
            "steer": 0.0
        },
        {
            "throttle": 0.47296529379432306,
            "brake": 0.0,
            "steer": 0.0
        },
        {
            "throttle": 0.42566876441489077,
            "brake": 0.036388699203532125,
            "steer": 0.0
        },
        {
            "throttle": 0.3831018879734017,
            "brake": 0.06913852848671104,
            "steer": 0.0
        },
        {
            "throttle": 0.34479169917606156,
            "brake": 0.09861337484157207,
            "steer": 0.0
        },
        {
            "throttle": 0.3103125292584554,
            "brake": 0.12514073656094699,
            "steer": 0.0
        },
        {
            "throttle": 0.2792812763326099,
            "brake": 0.14901536210838442,
            "steer": 0.0
        },
        {
            "throttle": 0.25135314869934894,
            "brake": 0.1705025251010781,
            "steer": 0.0
        },
        {
            "throttle": 0.22621783382941404,
            "brake": 0.18984097179450243,
            "steer": 0.0
        },
        {
            "throttle": 0.20359605044647264,
            "brake": 0.20724557381858433,
            "steer": 0.0
        },
        {
            "throttle": 0.18323644540182538,
            "brake": 0.22290971564025802,
            "steer": 0.0
        },
        {
            "throttle": 0.16491280086164284,
            "brake": 0.23700744327976436,
            "steer": 0.0
        },
        {
            "throttle": 0.14842152077547857,
            "brake": 0.24969539815532008,
            "steer": 0.0
        },
        {
            "throttle": 0.13357936869793072,
            "brake": 0.2611145575433202,
            "steer": 0.0
        },
        {
            "throttle": 0.12022143182813765,
            "brake": 0.2713918009925203,
            "steer": 0.0
        },
        {
            "throttle": 0.10819928864532388,
            "brake": 0.2806413200968004,
            "steer": 0.0
        },
        {
            "throttle": 0.0973793597807915,
            "brake": 0.2889658872906524,
            "steer": 0.0
        },
        {
            "throttle": 0.08764142380271235,
            "brake": 0.2964579977651193,
            "steer": 0.0
        },
        {
            "throttle": 0.07887728142244112,
            "brake": 0.30320089719213944,
            "steer": 0.0
        },
        {
            "throttle": 0.070989553280197,
            "brake": 0.3092695066764576,
            "steer": 0.0
        },
        {
            "throttle": 0.0638905979521773,
            "brake": 0.31473125521234396,
            "steer": 0.0
        },
        {
            "throttle": 0.057501538156959575,
            "brake": 0.3196468288946417,
            "steer": 0.0
        },
        {
            "throttle": 0.05175138434126362,
            "brake": 0.32407084520870966,
            "steer": 0.0
        },
        {
            "throttle": 0.046576245907137256,
            "brake": 0.32805245989137083,
            "steer": 0.0
        },
        {
            "throttle": 0.04191862131642353,
            "brake": 0.33163591310576584,
            "steer": 0.0
        },
        {
            "throttle": 0.08482478397429599,
            "brake": 0.2984723217951893,
            "steer": 0.0
        },
        {
            "throttle": 0.12340616417687292,
            "brake": 0.2686250896156704,
            "steer": 0.0
        },
        {
            "throttle": 0.15809539740361533,
            "brake": 0.24176258065410336,
            "steer": 0.0
        },
        {
            "throttle": 0.18928208409958702,
            "brake": 0.21758632258869304,
            "steer": 0.0
        },
        {
            "throttle": 0.21731709058697307,
            "brake": 0.19582769032982375,
            "steer": 0.0
        },
        {
            "throttle": 0.24251641836743046,
            "brake": 0.17624492129684138,
            "steer": 0.0
        },
        {
            "throttle": 0.2651646850038026,
            "brake": 0.15862042916715724,
            "steer": 0.0
        },
        {
            "throttle": 0.2855182554608914,
            "brake": 0.14275838625044152,
            "steer": 0.0
        },
        {
            "throttle": 0.30380805890677265,
            "brake": 0.12848254762539738,
            "steer": 0.0
        },
        {
            "throttle": 0.32024212248543465,
            "brake": 0.11563429286285765,
            "steer": 0.0
        },
        {
            "throttle": 0.33500785042950326,
            "brake": 0.10407086357657189,
            "steer": 0.0
        },
        {
            "throttle": 0.34827407405355904,
            "brake": 0.0936637772189147,
            "steer": 0.0
        },
        {
            "throttle": 0.36019289562261875,
            "brake": 0.08429739949702322,
            "steer": 0.0
        },
        {
            "throttle": 0.3709013467984588,
            "brake": 0.0758676595473209,
            "steer": 0.0
        },
        {
            "throttle": 0.38052288030314774,
            "brake": 0.0682808935925888,
            "steer": 0.0
        },
        {
            "throttle": 0.3891687115815207,
            "brake": 0.061452804233329925,
            "steer": 0.0
        },
        {
            "throttle": 0.3969390255717647,
            "brake": 0.055307523809996935,
            "steer": 0.0
        },
        {
            "throttle": 0.4039240621872425,
            "brake": 0.049776771428997245,
            "steer": 0.0
        },
        {
            "throttle": 0.4102050927564803,
            "brake": 0.04479909428609752,
            "steer": 0.0
        },
        {
            "throttle": 0.41585529844686764,
            "brake": 0.04031918485748777,
            "steer": 0.0
        },
        {
            "throttle": 0.420940560597567,
            "brake": 0.03628726637173899,
            "steer": 0.0
        },
        {
            "throttle": 0.4255201718962478,
            "brake": 0.0326585397345651,
            "steer": 0.0
        },
        {
            "throttle": 0.4296474764416245,
            "brake": 0.029392685761108588,
            "steer": 0.0
        },
        {
            "throttle": 0.4333704459295575,
            "brake": 0.02645341718499773,
            "steer": 0.0
        },
        {
            "throttle": 0.4367321984758272,
            "brake": 0.023808075466497956,
            "steer": 0.0
        },
        {
            "throttle": 0.4397714659356651,
            "brake": 0.021427267919848163,
            "steer": 0.0
        },
        {
            "throttle": 0.44252301499156993,
            "brake": 0.019284541127863347,
            "steer": 0.0
        },
        {
            "throttle": 0.445018026750425,
            "brake": 0.017356087015077012,
            "steer": 0.0
        },
        {
            "throttle": 0.44728443911267557,
            "brake": 0.015620478313569311,
            "steer": 0.0
        },
        {
            "throttle": 0.4493472557451338,
            "brake": 0.01405843048221238,
            "steer": 0.0
        },
        {
            "throttle": 0.4512288251001747,
            "brake": 0.012652587433991141,
            "steer": 0.0
        },
        {
            "throttle": 0.4529490925734676,
            "brake": 0.011387328690592028,
            "steer": 0.0
        },
        {
            "throttle": 0.4545258285761841,
            "brake": 0.010248595821532825,
            "steer": 0.0
        },
        {
            "throttle": 0.45597483501243385,
            "brake": 0.009223736239379544,
            "steer": 0.0
        },
        {
            "throttle": 0.4573101323954576,
            "brake": 0.00830136261544159,
            "steer": 0.0
        },
        {
            "throttle": 0.4585441296041112,
            "brake": 0.0074712263538974305,
            "steer": 0.0
        },
        {
            "throttle": 0.4596877780719344,
            "brake": 0.006724103718507688,
            "steer": 0.0
        },
        {
            "throttle": 0.4607507120124097,
            "brake": 0.006051693346656919,
            "steer": 0.0
        },
        {
            "throttle": 0.46174137611387667,
            "brake": 0.005446524011991227,
            "steer": 0.0
        },
        {
            "throttle": 0.4626671419841952,
            "brake": 0.004901871610792105,
            "steer": 0.0
        },
        {
            "throttle": 0.46353441448703364,
            "brake": 0.0044116844497128944,
            "steer": 0.0
        },
        {
            "throttle": 0.46434872898714913,
            "brake": 0.003970516004741605,
            "steer": 0.0
        },
        {
            "throttle": 0.4651148404099244,
            "brake": 0.0035734644042674448,
            "steer": 0.0
        },
        {
            "throttle": 0.46583680491956103,
            "brake": 0.0032161179638407005,
            "steer": 0.0
        },
        {
            "throttle": 0.46651805492964366,
            "brake": 0.0028945061674566304,
            "steer": 0.0
        },
        {
            "throttle": 0.46716146807833875,
            "brake": 0.0026050555507109675,
            "steer": 0.0
        },
        {
            "throttle": 0.46776943072741684,
            "brake": 0.002344549995639871,
            "steer": 0.0
        },
        {
            "throttle": 0.4683438964788176,
            "brake": 0.002110094996075884,
            "steer": 0.0
        },
        {
            "throttle": 0.4688864401439172,
            "brake": 0.0018990854964682955,
            "steer": 0.0
        },
        {
            "throttle": 0.46939830754837786,
            "brake": 0.001709176946821466,
            "steer": 0.0
        },
        {
            "throttle": 0.46988046150888807,
            "brake": 0.0015382592521393196,
            "steer": 0.0
        },
        {
            "throttle": 0.47033362427673114,
            "brake": 0.0013844333269253876,
            "steer": 0.0
        },
        {
            "throttle": 0.47075831670647006,
            "brake": 0.001245989994232849,
            "steer": 0.0
        },
        {
            "throttle": 0.4711548943756955,
            "brake": 0.001121390994809564,
            "steer": 0.0
        },
        {
            "throttle": 0.4715235808533583,
            "brake": 0.0010092518953286078,
            "steer": 0.0
        },
        {
            "throttle": 0.4718644982893423,
            "brake": 0.000908326705795747,
            "steer": 0.0
        },
        {
            "throttle": 0.47217769547631583,
            "brake": 0.0008174940352161723,
            "steer": 0.0
        },
        {
            "throttle": 0.4724631735162265,
            "brake": 0.000735744631694555,
            "steer": 0.0
        },
        {
            "throttle": 0.4727209092078054,
            "brake": 0.0006621701685250996,
            "steer": 0.0
        },
        {
            "throttle": 0.47295087625787924,
            "brake": 0.0005959531516725896,
            "steer": 0.0
        },
        {
            "throttle": 0.4731530644079158,
            "brake": 0.0005363578365053307,
            "steer": 0.0
        },
        {
            "throttle": 0.47332749655784184,
            "brake": 0.0004827220528547977,
            "steer": 0.0
        },
        {
            "throttle": 0.4734742439615728,
            "brake": 0.0004344498475693179,
            "steer": 0.0
        },
        {
            "throttle": 0.47359343956270206,
            "brake": 0.0003910048628123861,
            "steer": 0.0
        },
        {
            "throttle": 0.47368528953423766,
            "brake": 0.0003519043765311475,
            "steer": 0.0
        },
        {
            "throttle": 0.4737500830829935,
            "brake": 0.00031671393887803276,
            "steer": 0.0
        },
        {
            "throttle": 0.473788200577087,
            "brake": 0.0002850425449902295,
            "steer": 0.0
        },
        {
            "throttle": 0.47380012005383015,
            "brake": 0.00025653829049120656,
            "steer": 0.0
        },
        {
            "throttle": 0.47378642216499356,
            "brake": 0.0002308844614420859,
            "steer": 0.0
        },
        {
            "throttle": 0.4737477936168512,
            "brake": 0.0002077960152978773,
            "steer": 0.0
        },
        {
            "throttle": 0.4736850291634654,
            "brake": 0.0001870164137680896,
            "steer": 0.0
        },
        {
            "throttle": 0.42631652624711885,
            "brake": 0.036557013975923404,
            "steer": 0.0
        },
        {
            "throttle": 0.383684873622407,
            "brake": 0.0692900117818632,
            "steer": 0.0
        },
        {
            "throttle": 0.3453163862601663,
            "brake": 0.09874970980720901,
            "steer": 0.0
        },
        {
            "throttle": 0.3107847476341497,
            "brake": 0.12526343803002024,
            "steer": 0.0
        },
        {
            "throttle": 0.27970627287073474,
            "brake": 0.14912579343055035,
            "steer": 0.0
        },
        {
            "throttle": 0.2517356455836613,
            "brake": 0.17060191329102745,
            "steer": 0.0
        },
        {
            "throttle": 0.22656208102529518,
            "brake": 0.18993042116545683,
            "steer": 0.0
        },
        {
            "throttle": 0.20390587292276566,
            "brake": 0.20732607825244329,
            "steer": 0.0
        },
        {
            "throttle": 0.1835152856304891,
            "brake": 0.2229821696307311,
            "steer": 0.0
        },
        {
            "throttle": 0.1651637570674402,
            "brake": 0.23707265187119012,
            "steer": 0.0
        },
        {
            "throttle": 0.14864738136069616,
            "brake": 0.24975408588760323,
            "steer": 0.0
        },
        {
            "throttle": 0.13378264322462655,
            "brake": 0.26116737650237504,
            "steer": 0.0
        },
        {
            "throttle": 0.12040437890216389,
            "brake": 0.27143933805566967,
            "steer": 0.0
        },
        {
            "throttle": 0.1083639410119475,
            "brake": 0.2806841034536348,
            "steer": 0.0
        },
        {
            "throttle": 0.09752754691075276,
            "brake": 0.28900439231180347,
            "steer": 0.0
        },
        {
            "throttle": 0.08777479221967749,
            "brake": 0.2964926522841552,
            "steer": 0.0
        },
        {
            "throttle": 0.07899731299770975,
            "brake": 0.30323208625927184,
            "steer": 0.0
        },
        {
            "throttle": 0.07109758169793877,
            "brake": 0.30929757683687675,
            "steer": 0.0
        },
        {
            "throttle": 0.06398782352814489,
            "brake": 0.3147565183567212,
            "steer": 0.0
        },
        {
            "throttle": 0.057589041175330404,
            "brake": 0.31966956572458116,
            "steer": 0.0
        },
        {
            "throttle": 0.05183013705779736,
            "brake": 0.32409130835565514,
            "steer": 0.0
        },
        {
            "throttle": 0.04664712335201763,
            "brake": 0.32807087672362173,
            "steer": 0.0
        },
        {
            "throttle": 0.041982411016815865,
            "brake": 0.33165248825479166,
            "steer": 0.0
        },
        {
            "throttle": 0.08446075112043955,
            "brake": 0.2984872394293125,
            "steer": 0.0
        },
        {
            "throttle": 0.12268678029418958,
            "brake": 0.26863851548638124,
            "steer": 0.0
        },
        {
            "throttle": 0.15708851914719005,
            "brake": 0.2417746639377431,
            "steer": 0.0
        },
        {
            "throttle": 0.18805119756568184,
            "brake": 0.2175971975439688,
            "steer": 0.0
        },
        {
            "throttle": 0.21592151496576434,
            "brake": 0.19583747778957192,
            "steer": 0.0
        },
        {
            "throttle": 0.24101147457113306,
            "brake": 0.17625373001061473,
            "steer": 0.0
        },
        {
            "throttle": 0.2636018344394279,
            "brake": 0.15862835700955327,
            "steer": 0.0
        },
        {
            "throttle": 0.2839452136872615,
            "brake": 0.14276552130859796,
            "steer": 0.0
        },
        {
            "throttle": 0.3022688885169637,
            "brake": 0.12848896917773817,
            "steer": 0.0
        },
        {
            "throttle": 0.3187773091849265,
            "brake": 0.11564007225996435,
            "steer": 0.0
        },
        {
            "throttle": 0.33365436593378556,
            "brake": 0.10407606503396792,
            "steer": 0.0
        },
        {
            "throttle": 0.34706542910401394,
            "brake": 0.09366845853057112,
            "steer": 0.0
        },
        {
            "throttle": 0.3591591861137535,
            "brake": 0.08430161267751402,
            "steer": 0.0
        },
        {
            "throttle": 0.37006929572091823,
            "brake": 0.07587145140976262,
            "steer": 0.0
        },
        {
            "throttle": 0.37991587793361337,
            "brake": 0.06828430626878636,
            "steer": 0.0
        },
        {
            "throttle": 0.3888068560910912,
            "brake": 0.06145587564190772,
            "steer": 0.0
        },
        {
            "throttle": 0.3968391659774355,
            "brake": 0.05531028807771695,
            "steer": 0.0
        },
        {
            "throttle": 0.4040998453356115,
            "brake": 0.04977925926994525,
            "steer": 0.0
        },
        {
            "throttle": 0.4106670158039401,
            "brake": 0.04480133334295073,
            "steer": 0.0
        },
        {
            "throttle": 0.4166107680856186,
            "brake": 0.040321200008655654,
            "steer": 0.0
        },
        {
            "throttle": 0.42199396007126067,
            "brake": 0.03628908000779009,
            "steer": 0.0
        },
        {
            "throttle": 0.4268729366525555,
            "brake": 0.03266017200701108,
            "steer": 0.0
        },
        {
            "throttle": 0.4312981790812333,
            "brake": 0.029394154806309972,
            "steer": 0.0
        },
        {
            "throttle": 0.4353148909318479,
            "brake": 0.026454739325678975,
            "steer": 0.0
        },
        {
            "throttle": 0.4389635270106909,
            "brake": 0.023809265393111078,
            "steer": 0.0
        },
        {
            "throttle": 0.44228027090855654,
            "brake": 0.02142833885379997,
            "steer": 0.0
        },
        {
            "throttle": 0.4452974663149908,
            "brake": 0.019285504968419975,
            "steer": 0.0
        },
        {
            "throttle": 0.44804400668970634,
            "brake": 0.01735695447157798,
            "steer": 0.0
        },
        {
            "throttle": 0.45054568741727147,
            "brake": 0.015621259024420181,
            "steer": 0.0
        },
        {
            "throttle": 0.45282552414882693,
            "brake": 0.014059133121978163,
            "steer": 0.0
        },
        {
            "throttle": 0.45490404065478457,
            "brake": 0.012653219809780347,
            "steer": 0.0
        },
        {
            "throttle": 0.45679952917102773,
            "brake": 0.011387897828802312,
            "steer": 0.0
        },
        {
            "throttle": 0.45852828591428996,
            "brake": 0.010249108045922082,
            "steer": 0.0
        },
        {
            "throttle": 0.4601048241667313,
            "brake": 0.009224197241329874,
            "steer": 0.0
        },
        {
            "throttle": 0.46154206708219947,
            "brake": 0.008301777517196888,
            "steer": 0.0
        },
        {
            "throttle": 0.46285152214449277,
            "brake": 0.007471599765477199,
            "steer": 0.0
        },
        {
            "throttle": 0.4640434390086439,
            "brake": 0.006724439788929479,
            "steer": 0.0
        },
        {
            "throttle": 0.4651269522775714,
            "brake": 0.006051995810036531,
            "steer": 0.0
        },
        {
            "throttle": 0.46611021060637725,
            "brake": 0.005446796229032878,
            "steer": 0.0
        },
        {
            "throttle": 0.46700049338327465,
            "brake": 0.004902116606129591,
            "steer": 0.0
        },
        {
            "throttle": 0.46780431610795703,
            "brake": 0.0044119049455166315,
            "steer": 0.0
        },
        {
            "throttle": 0.4685275254736846,
            "brake": 0.003970714450964969,
            "steer": 0.0
        },
        {
            "throttle": 0.46917538505711176,
            "brake": 0.003573643005868472,
            "steer": 0.0
        },
        {
            "throttle": 0.46975265242869874,
            "brake": 0.0032162787052816247,
            "steer": 0.0
        },
        {
            "throttle": 0.4702636484153364,
            "brake": 0.0028946508347534624,
            "steer": 0.0
        },
        {
            "throttle": 0.4707123191745684,
            "brake": 0.0026051857512781164,
            "steer": 0.0
        },
        {
            "throttle": 0.47110229167561807,
            "brake": 0.0023446671761503048,
            "steer": 0.0
        },
        {
            "throttle": 0.47143692312549995,
            "brake": 0.0021102004585352744,
            "steer": 0.0
        },
        {
            "throttle": 0.4717193448280713,
            "brake": 0.001899180412681747,
            "steer": 0.0
        },
        {
            "throttle": 0.47195250091929075,
            "brake": 0.0017092623714135722,
            "steer": 0.0
        },
        {
            "throttle": 0.47213918238258135,
            "brake": 0.001538336134272215,
            "steer": 0.0
        },
        {
            "throttle": 0.47228205671349427,
            "brake": 0.0013845025208449936,
            "steer": 0.0
        },
        {
            "throttle": 0.47238369357232524,
            "brake": 0.0012460522687604942,
            "steer": 0.0
        },
        {
            "throttle": 0.4724465867364977,
            "brake": 0.0011214470418844447,
            "steer": 0.0
        },
        {
            "throttle": 0.4724731726409704,
            "brake": 0.0010093023376960002,
            "steer": 0.0
        },
        {
            "throttle": 0.4724658457742777,
            "brake": 0.0009083721039264002,
            "steer": 0.0
        },
        {
            "throttle": 0.47242697117971955,
            "brake": 0.0008175348935337602,
            "steer": 0.0
        },
        {
            "throttle": 0.47235889429537253,
            "brake": 0.0007357814041803842,
            "steer": 0.0
        },
        {
            "throttle": 0.4722639483527076,
            "brake": 0.0006622032637623457,
            "steer": 0.0
        },
        {
            "throttle": 0.47214445954141415,
            "brake": 0.0005959829373861111,
            "steer": 0.0
        },
        {
            "throttle": 0.4720027501373083,
            "brake": 0.0005363846436475,
            "steer": 0.0
        },
        {
            "throttle": 0.4718411397807311,
            "brake": 0.00048274617928275,
            "steer": 0.0
        },
        {
            "throttle": 0.47166194508442755,
            "brake": 0.00043447156135447497,
            "steer": 0.0
        },
        {
            "throttle": 0.4714674777423644,
            "brake": 0.00039102440521902746,
            "steer": 0.0
        },
        {
            "throttle": 0.4712600413041342,
            "brake": 0.0003519219646971247,
            "steer": 0.0
        },
        {
            "throttle": 0.47104192677336515,
            "brake": 0.0003167297682274122,
            "steer": 0.0
        },
        {
            "throttle": 0.47081540718278436,
            "brake": 0.000285056791404671,
            "steer": 0.0
        },
        {
            "throttle": 0.47058273129315004,
            "brake": 0.00025655111226420395,
            "steer": 0.0
        }
    ],
    "parameters": {
        "cloudiness": 8.171408581076111,
        "fog_density": 58.496451521513215,
        "initial_distance": 63.77883096029906,
        "initial_ego_velocity": 8.60114762131381,
        "initial_lead_velocity": 22.567676365843937,
        "lead_base_throttle": 0.4708725923345492,
        "lead_behavior_frequency": 0.1304971794181104,
        "lead_brake_duration": 23.481869279058706,
        "lead_brake_intensity": 0.36388699203532127,
        "lead_brake_probability": 0.1586186163000124,
        "lead_throttle_variation": 0.004168570773481983,
        "precipitation": 35.32922795941092,
        "precipitation_deposits": 36.043176467037874,
        "sun_altitude_angle": -22.12317710499477,
        "wind_intensity": 33.77917063170303
    },
    "config": {
        "num_timesteps": 200,
        "dt": 0.1,
        "seed": 103
    }
}