{
    "weather": {
        "cloudiness": 4.174561577951996,
        "precipitation": 24.41445904913303,
        "precipitation_deposits": 24.41188813734746,
        "wind_intensity": 25.37866954420644,
        "sun_altitude_angle": -17.70024339092349,
        "fog_density": 56.230732569592845,
        "fog_distance": 153.45349035149786,
        "wetness": 12.207229524566515
    },
    "initial_conditions": {
        "ego": {
            "position": {
                "x": 560.1915966929,
                "y": 20.57,
                "z": 0.294
            },
            "yaw": 0.0,
            "velocity": 19.285346707037554
        },
        "lead": {
            "position": {
                "x": 484.88,
                "y": 20.57,
                "z": 0.294
            },
            "yaw": 0.0,
            "velocity": 9.945106290152893
        }
    },
    "ego": {
        "position": {
            "x": 560.1915966929,
            "y": 20.57,
            "z": 0.294
        },
        "yaw": 0.0,
        "velocity": 19.285346707037554
    },
    "lead": {
        "position": {
            "x": 484.88,
            "y": 20.57,
            "z": 0.294
        },
        "yaw": 0.0,
        "velocity": 9.945106290152893
    },
    "ado_actions": [
        {
            "throttle": 0.22636290382974492,
            "brake": 0.0,
            "steer": 0.0
        },
        {
            "throttle": 0.22846590896913505,
            "brake": 0.0,
            "steer": 0.0
        },
        {
            "throttle": 0.23245485363012908,
            "brake": 0.0,
            "steer": 0.0
        },
        {
            "throttle": 0.23812763541536297,
            "brake": 0.0,
            "steer": 0.0
        },
        {
            "throttle": 0.24529566228082714,
            "brake": 0.0,
            "steer": 0.0
        },
        {
            "throttle": 0.2537825665081999,
            "brake": 0.0,
            "steer": 0.0
        },
        {
            "throttle": 0.2634230686235205,
            "brake": 0.0,
            "steer": 0.0
        },
        {
            "throttle": 0.27406197598978654,
            "brake": 0.0,
            "steer": 0.0
        },
        {
            "throttle": 0.2855533022605363,
            "brake": 0.0,
            "steer": 0.0
        },
        {
            "throttle": 0.29775949519611616,
            "brake": 0.0,
            "steer": 0.0
        },
        {
            "throttle": 0.31055076152883404,
            "brake": 0.0,
            "steer": 0.0
        },
        {
            "throttle": 0.3238044786307887,
            "brake": 0.0,
            "steer": 0.0
        },
        {
            "throttle": 0.33740468370073357,
            "brake": 0.0,
            "steer": 0.0
        },
        {
            "throttle": 0.3512416320545888,
            "brake": 0.0,
            "steer": 0.0
        },
        {
            "throttle": 0.3652114168877782,
            "brake": 0.0,
            "steer": 0.0
        },
        {
            "throttle": 0.3792156435850945,
            "brake": 0.0,
            "steer": 0.0
        },
        {
            "throttle": 0.39316115229307275,
            "brake": 0.0,
            "steer": 0.0
        },
        {
            "throttle": 0.40695978304786784,
            "brake": 0.0,
            "steer": 0.0
        },
        {
            "throttle": 0.4205281782746833,
            "brake": 0.0,
            "steer": 0.0
        },
        {
            "throttle": 0.43378761794852844,
            "brake": 0.0,
            "steer": 0.0
        },
        {
            "throttle": 0.4466638831355704,
            "brake": 0.0,
            "steer": 0.0
        },
        {
            "throttle": 0.4590871440241503,
            "brake": 0.0,
            "steer": 0.0
        },
        {
            "throttle": 0.4709918689087419,
            "brake": 0.0,
            "steer": 0.0
        },
        {
            "throttle": 0.4823167509124214,
            "brake": 0.0,
            "steer": 0.0
        },
        {
            "throttle": 0.4930046495270738,
            "brake": 0.0,
            "steer": 0.0
        },
        {
            "throttle": 0.5030025443185469,
            "brake": 0.0,
            "steer": 0.0
        },
        {
            "throttle": 0.5122614983889124,
            "brake": 0.0,
            "steer": 0.0
        },
        {
            "throttle": 0.5207366294122873,
            "brake": 0.0,
            "steer": 0.0
        },
        {
            "throttle": 0.528387086266408,
            "brake": 0.0,
            "steer": 0.0
        },
        {
            "throttle": 0.5351760294712533,
            "brake": 0.0,
            "steer": 0.0
        },
        {
            "throttle": 0.5410706138201485,
            "brake": 0.0,
            "steer": 0.0
        },
        {
            "throttle": 0.5460419717494807,
            "brake": 0.0,
            "steer": 0.0
        },
        {
            "throttle": 0.550065196141755,
            "brake": 0.0,
            "steer": 0.0
        },
        {
            "throttle": 0.5531193213944208,
            "brake": 0.0,
            "steer": 0.0
        },
        {
            "throttle": 0.5551873017147617,
            "brake": 0.0,
            "steer": 0.0
        },
        {
            "throttle": 0.556255985720133,
            "brake": 0.0,
            "steer": 0.0
        },
        {
            "throttle": 0.5563160865337625,
            "brake": 0.0,
            "steer": 0.0
        },
        {
            "throttle": 0.555362146669977,
            "brake": 0.0,
            "steer": 0.0
        },
        {
            "throttle": 0.5533924970997055,
            "brake": 0.0,
            "steer": 0.0
        },
        {
            "throttle": 0.550409209978048,
            "brake": 0.0,
            "steer": 0.0
        },
        {
            "throttle": 0.5464180446010721,
            "brake": 0.0,
            "steer": 0.0
        },
        {
            "throttle": 0.5414283862392739,
            "brake": 0.0,
            "steer": 0.0
        },
        {
            "throttle": 0.5354531775706937,
            "brake": 0.0,
            "steer": 0.0
        },
        {
            "throttle": 0.528508842507863,
            "brake": 0.0,
            "steer": 0.0
        },
        {
            "throttle": 0.5206152022798647,
            "brake": 0.0,
            "steer": 0.0
        },
        {
            "throttle": 0.46855368205187825,
            "brake": 0.060654359367550065,
            "steer": 0.0
        },
        {
            "throttle": 0.42169831384669043,
            "brake": 0.11524328279834511,
            "steer": 0.0
        },
        {
            "throttle": 0.3795284824620214,
            "brake": 0.1643733138860607,
            "steer": 0.0
        },
        {
            "throttle": 0.34157563421581927,
            "brake": 0.2085903418650047,
            "steer": 0.0
        },
        {
            "throttle": 0.30741807079423733,
            "brake": 0.2483856670460543,
            "steer": 0.0
        },
        {
            "throttle": 0.27667626371481363,
            "brake": 0.2842014597089989,
            "steer": 0.0
        },
        {
            "throttle": 0.24900863734333228,
            "brake": 0.31643567310564913,
            "steer": 0.0
        },
        {
            "throttle": 0.22410777360899906,
            "brake": 0.34544646516263433,
            "steer": 0.0
        },
        {
            "throttle": 0.20169699624809914,
            "brake": 0.37155617801392093,
            "steer": 0.0
        },
        {
            "throttle": 0.18152729662328923,
            "brake": 0.3950549195800789,
            "steer": 0.0
        },
        {
            "throttle": 0.1633745669609603,
            "brake": 0.416203786989621,
            "steer": 0.0
        },
        {
            "throttle": 0.1470371102648643,
            "brake": 0.435237767658209,
            "steer": 0.0
        },
        {
            "throttle": 0.13233339923837786,
            "brake": 0.45236835025993816,
            "steer": 0.0
        },
        {
            "throttle": 0.11910005931454008,
            "brake": 0.46778587460149446,
            "steer": 0.0
        },
        {
            "throttle": 0.10719005338308607,
            "brake": 0.4816616465088951,
            "steer": 0.0
        },
        {
            "throttle": 0.09647104804477746,
            "brake": 0.4941498412255556,
            "steer": 0.0
        },
        {
            "throttle": 0.08682394324029973,
            "brake": 0.5053892164705501,
            "steer": 0.0
        },
        {
            "throttle": 0.07814154891626976,
            "brake": 0.5155046541910452,
            "steer": 0.0
        },
        {
            "throttle": 0.07032739402464279,
            "brake": 0.5246085481394908,
            "steer": 0.0
        },
        {
            "throttle": 0.06329465462217851,
            "brake": 0.5328020526930918,
            "steer": 0.0
        },
        {
            "throttle": 0.05696518915996066,
            "brake": 0.5401762067913327,
            "steer": 0.0
        },
        {
            "throttle": 0.052891124751769276,
            "brake": 0.4861585861121995,
            "steer": 0.0
        },
        {
            "throttle": 0.04760201227659235,
            "brake": 0.43754272750097956,
            "steer": 0.0
        },
        {
            "throttle": 0.042841811048933115,
            "brake": 0.3937884547508816,
            "steer": 0.0
        },
        {
            "throttle": 0.03855762994403981,
            "brake": 0.35440960927579346,
            "steer": 0.0
        },
        {
            "throttle": 0.034701866949635826,
            "brake": 0.31896864834821415,
            "steer": 0.0
        },
        {
            "throttle": 0.031231680254672243,
            "brake": 0.28707178351339274,
            "steer": 0.0
        },
        {
            "throttle": 0.028108512229205018,
            "brake": 0.25836460516205345,
            "steer": 0.0
        },
        {
            "throttle": 0.025297661006284517,
            "brake": 0.23252814464584812,
            "steer": 0.0
        },
        {
            "throttle": 0.022767894905656064,
            "brake": 0.20927533018126332,
            "steer": 0.0
        },
        {
            "throttle": 0.020491105415090458,
            "brake": 0.188347797163137,
            "steer": 0.0
        },
        {
            "throttle": 0.018441994873581412,
            "brake": 0.1695130174468233,
            "steer": 0.0
        },
        {
            "throttle": 0.01659779538622327,
            "brake": 0.15256171570214097,
            "steer": 0.0
        },
        {
            "throttle": 0.014938015847600943,
            "brake": 0.1373055441319269,
            "steer": 0.0
        },
        {
            "throttle": 0.01344421426284085,
            "brake": 0.12357498971873421,
            "steer": 0.0
        },
        {
            "throttle": 0.012099792836556765,
            "brake": 0.11121749074686078,
            "steer": 0.0
        },
        {
            "throttle": 0.010889813552901088,
            "brake": 0.1000957416721747,
            "steer": 0.0
        },
        {
            "throttle": 0.009800832197610979,
            "brake": 0.09008616750495724,
            "steer": 0.0
        },
        {
            "throttle": 0.00882074897784988,
            "brake": 0.08107755075446152,
            "steer": 0.0
        },
        {
            "throttle": 0.007938674080064894,
            "brake": 0.07296979567901538,
            "steer": 0.0
        },
        {
            "throttle": 0.007144806672058405,
            "brake": 0.06567281611111384,
            "steer": 0.0
        },
        {
            "throttle": 0.006430326004852565,
            "brake": 0.05910553450000245,
            "steer": 0.0
        },
        {
            "throttle": 0.0057872934043673085,
            "brake": 0.053194981050002206,
            "steer": 0.0
        },
        {
            "throttle": 0.005208564063930578,
            "brake": 0.04787548294500198,
            "steer": 0.0
        },
        {
            "throttle": 0.00468770765753752,
            "brake": 0.043087934650501786,
            "steer": 0.0
        },
        {
            "throttle": 0.004218936891783769,
            "brake": 0.03877914118545161,
            "steer": 0.0
        },
        {
            "throttle": 0.003797043202605392,
            "brake": 0.034901227066906446,
            "steer": 0.0
        },
        {
            "throttle": 0.003417338882344853,
            "brake": 0.031411104360215804,
            "steer": 0.0
        },
        {
            "throttle": 0.0030756049941103674,
            "brake": 0.028269993924194225,
            "steer": 0.0
        },
        {
            "throttle": 0.002768044494699331,
            "brake": 0.0254429945317748,
            "steer": 0.0
        },
        {
            "throttle": 0.002491240045229398,
            "brake": 0.022898695078597323,
            "steer": 0.0
        },
        {
            "throttle": 0.0022421160407064583,
            "brake": 0.02060882557073759,
            "steer": 0.0
        },
        {
            "throttle": 0.0020179044366358126,
            "brake": 0.01854794301366383,
            "steer": 0.0
        },
        {
            "throttle": 0.0018161139929722314,
            "brake": 0.016693148712297448,
            "steer": 0.0
        },
        {
            "throttle": 0.0016345025936750084,
            "brake": 0.015023833841067704,
            "steer": 0.0
        },
        {
            "throttle": 0.002837158879254068,
            "brake": 0.013521450456960933,
            "steer": 0.0
        },
        {
            "throttle": 0.005676671717669625,
            "brake": 0.01216930541126484,
            "steer": 0.0
        },
        {
            "throttle": 0.010052126526333947,
            "brake": 0.010952374870138356,
            "steer": 0.0
        },
        {
            "throttle": 0.015866845812507815,
            "brake": 0.00985713738312452,
            "steer": 0.0
        },
        {
            "throttle": 0.02302778237041441,
            "brake": 0.008871423644812068,
            "steer": 0.0
        },
        {
            "throttle": 0.03144499258040118,
            "brake": 0.007984281280330862,
            "steer": 0.0
        },
        {
            "throttle": 0.0410311823264575,
            "brake": 0.007185853152297776,
            "steer": 0.0
        },
        {
            "throttle": 0.051701318732594294,
            "brake": 0.006467267837067999,
            "steer": 0.0
        },
        {
            "throttle": 0.06337230153288254,
            "brake": 0.005820541053361199,
            "steer": 0.0
        },
        {
            "throttle": 0.07596268844153375,
            "brake": 0.00523848694802508,
            "steer": 0.0
        },
        {
            "throttle": 0.08939246938477186,
            "brake": 0.004714638253222572,
            "steer": 0.0
        },
        {
            "throttle": 0.10358288490123348,
            "brake": 0.004243174427900316,
            "steer": 0.0
        },
        {
            "throttle": 0.11845628441750237,
            "brake": 0.003818856985110284,
            "steer": 0.0
        },
        {
            "throttle": 0.13393602046486835,
            "brake": 0.0034369712865992556,
            "steer": 0.0
        },
        {
            "throttle": 0.14994637522676377,
            "brake": 0.00309327415793933,
            "steer": 0.0
        },
        {
            "throttle": 0.16641251609741178,
            "brake": 0.002783946742145397,
            "steer": 0.0
        },
        {
            "throttle": 0.18326047719447006,
            "brake": 0.0025055520679308574,
            "steer": 0.0
        },
        {
            "throttle": 0.20041716400498,
            "brake": 0.0022549968611377718,
            "steer": 0.0
        },
        {
            "throttle": 0.21781037855753244,
            "brake": 0.0020294971750239948,
            "steer": 0.0
        },
        {
            "throttle": 0.2353688627067429,
            "brake": 0.0018265474575215952,
            "steer": 0.0
        },
        {
            "throttle": 0.2530223572911594,
            "brake": 0.0016438927117694358,
            "steer": 0.0
        },
        {
            "throttle": 0.270701675084625,
            "brake": 0.0014795034405924922,
            "steer": 0.0
        },
        {
            "throttle": 0.288338785605714,
            "brake": 0.001331553096533243,
            "steer": 0.0
        },
        {
            "throttle": 0.3058669099817851,
            "brake": 0.0011983977868799188,
            "steer": 0.0
        },
        {
            "throttle": 0.3232206241849134,
            "brake": 0.001078558008191927,
            "steer": 0.0
        },
        {
            "throttle": 0.3403359690677896,
            "brake": 0.0009707022073727344,
            "steer": 0.0
        },
        {
            "throttle": 0.3063023721610107,
            "brake": 0.061527991354185525,
            "steer": 0.0
        },
        {
            "throttle": 0.2756721349449096,
            "brake": 0.11602955158631703,
            "steer": 0.0
        },
        {
            "throttle": 0.24810492145041865,
            "brake": 0.1650809557952354,
            "steer": 0.0
        },
        {
            "throttle": 0.2232944293053768,
            "brake": 0.20922721958326193,
            "steer": 0.0
        },
        {
            "throttle": 0.20096498637483912,
            "brake": 0.2489588569924858,
            "steer": 0.0
        },
        {
            "throttle": 0.1808684877373552,
            "brake": 0.2847173306607873,
            "steer": 0.0
        },
        {
            "throttle": 0.1627816389636197,
            "brake": 0.3168999569622587,
            "steer": 0.0
        },
        {
            "throttle": 0.14650347506725772,
            "brake": 0.34586432063358286,
            "steer": 0.0
        },
        {
            "throttle": 0.13185312756053194,
            "brake": 0.3719322479377747,
            "steer": 0.0
        },
        {
            "throttle": 0.11866781480447874,
            "brake": 0.3953933825115473,
            "steer": 0.0
        },
        {
            "throttle": 0.10680103332403088,
            "brake": 0.4165084036279426,
            "steer": 0.0
        },
        {
            "throttle": 0.09612092999162779,
            "brake": 0.43551192263269844,
            "steer": 0.0
        },
        {
            "throttle": 0.086508836992465,
            "brake": 0.4526150897369787,
            "steer": 0.0
        },
        {
            "throttle": 0.07785795329321851,
            "brake": 0.4680079401308309,
            "steer": 0.0
        },
        {
            "throttle": 0.07007215796389667,
            "brake": 0.48186150548529794,
            "steer": 0.0
        },
        {
            "throttle": 0.06306494216750701,
            "brake": 0.49432971430431827,
            "steer": 0.0
        },
        {
            "throttle": 0.05675844795075631,
            "brake": 0.5055511022414365,
            "steer": 0.0
        },
        {
            "throttle": 0.05108260315568068,
            "brake": 0.5156503513848429,
            "steer": 0.0
        },
        {
            "throttle": 0.04597434284011261,
            "brake": 0.5247396756139088,
            "steer": 0.0
        },
        {
            "throttle": 0.04137690855610135,
            "brake": 0.5329200674200679,
            "steer": 0.0
        },
        {
            "throttle": 0.03723921770049122,
            "brake": 0.5402824200456112,
            "steer": 0.0
        },
        {
            "throttle": 0.0889740554535564,
            "brake": 0.4862541780410501,
            "steer": 0.0
        },
        {
            "throttle": 0.1345029063347709,
            "brake": 0.4376287602369451,
            "steer": 0.0
        },
        {
            "throttle": 0.1743441046965558,
            "brake": 0.3938658842132506,
            "steer": 0.0
        },
        {
            "throttle": 0.20896780186063335,
            "brake": 0.35447929579192555,
            "steer": 0.0
        },
        {
            "throttle": 0.23880110164974544,
            "brake": 0.319031366212733,
            "steer": 0.0
        },
        {
            "throttle": 0.26423266960282216,
            "brake": 0.28712822959145967,
            "steer": 0.0
        },
        {
            "throttle": 0.285616867525828,
            "brake": 0.2584154066323137,
            "steer": 0.0
        },
        {
            "throttle": 0.30327745990950083,
            "brake": 0.23257386596908236,
            "steer": 0.0
        },
        {
            "throttle": 0.3175109341392938,
            "brake": 0.20931647937217412,
            "steer": 0.0
        },
        {
            "throttle": 0.3285894722803733,
            "brake": 0.1883848314349567,
            "steer": 0.0
        },
        {
            "throttle": 0.3367636084950108,
            "brake": 0.16954634829146104,
            "steer": 0.0
        },
        {
            "throttle": 0.3422646027992671,
            "brake": 0.15259171346231493,
            "steer": 0.0
        },
        {
            "throttle": 0.34530655885282113,
            "brake": 0.13733254211608345,
            "steer": 0.0
        },
        {
            "throttle": 0.3460883107662155,
            "brake": 0.12359928790447511,
            "steer": 0.0
        },
        {
            "throttle": 0.3447951014731402,
            "brake": 0.1112393591140276,
            "steer": 0.0
        },
        {
            "throttle": 0.341600073024159,
            "brake": 0.10011542320262484,
            "steer": 0.0
        },
        {
            "throttle": 0.3366655871877581,
            "brake": 0.09010388088236236,
            "steer": 0.0
        },
        {
            "throttle": 0.33014439297247883,
            "brake": 0.08109349279412613,
            "steer": 0.0
        },
        {
            "throttle": 0.3221806560901354,
            "brake": 0.07298414351471352,
            "steer": 0.0
        },
        {
            "throttle": 0.3129108639466596,
            "brake": 0.06568572916324217,
            "steer": 0.0
        },
        {
            "throttle": 0.3024646184577063,
            "brake": 0.059117156246917955,
            "steer": 0.0
        },
        {
            "throttle": 0.2909653278261698,
            "brake": 0.05320544062222616,
            "steer": 0.0
        },
        {
            "throttle": 0.2785308073750355,
            "brake": 0.04788489656000355,
            "steer": 0.0
        },
        {
            "throttle": 0.26527379858966743,
            "brake": 0.043096406904003196,
            "steer": 0.0
        },
        {
            "throttle": 0.2513024146780548,
            "brake": 0.03878676621360288,
            "steer": 0.0
        },
        {
            "throttle": 0.23672052019609957,
            "brake": 0.03490808959224259,
            "steer": 0.0
        },
        {
            "throttle": 0.22162805159909263,
            "brake": 0.03141728063301833,
            "steer": 0.0
        },
        {
            "throttle": 0.2061212849623246,
            "brake": 0.0282755525697165,
            "steer": 0.0
        },
        {
            "throttle": 0.190293056556314,
            "brake": 0.02544799731274485,
            "steer": 0.0
        },
        {
            "throttle": 0.1742329414591275,
            "brake": 0.022903197581470365,
            "steer": 0.0
        },
        {
            "throttle": 0.1580273949340506,
            "brake": 0.020612877823323328,
            "steer": 0.0
        },
        {
            "throttle": 0.14222465544064555,
            "brake": 0.018551590040990995,
            "steer": 0.0
        },
        {
            "throttle": 0.128002189896581,
            "brake": 0.016696431036891897,
            "steer": 0.0
        },
        {
            "throttle": 0.1152019709069229,
            "brake": 0.015026787933202708,
            "steer": 0.0
        },
        {
            "throttle": 0.10368177381623062,
            "brake": 0.013524109139882437,
            "steer": 0.0
        },
        {
            "throttle": 0.09331359643460756,
            "brake": 0.012171698225894194,
            "steer": 0.0
        },
        {
            "throttle": 0.0839822367911468,
            "brake": 0.010954528403304775,
            "steer": 0.0
        },
        {
            "throttle": 0.07558401311203213,
            "brake": 0.009859075562974298,
            "steer": 0.0
        },
        {
            "throttle": 0.06802561180082892,
            "brake": 0.008873168006676868,
            "steer": 0.0
        },
        {
            "throttle": 0.061223050620746025,
            "brake": 0.007985851206009182,
            "steer": 0.0
        },
        {
            "throttle": 0.05510074555867142,
            "brake": 0.007187266085408264,
            "steer": 0.0
        },
        {
            "throttle": 0.04959067100280428,
            "brake": 0.006468539476867438,
            "steer": 0.0
        },
        {
            "throttle": 0.04463160390252385,
            "brake": 0.005821685529180694,
            "steer": 0.0
        },
        {
            "throttle": 0.040168443512271466,
            "brake": 0.005239516976262625,
            "steer": 0.0
        },
        {
            "throttle": 0.03615159916104432,
            "brake": 0.004715565278636363,
            "steer": 0.0
        },
        {
            "throttle": 0.032536439244939895,
            "brake": 0.0648983681183228,
            "steer": 0.0
        },
        {
            "throttle": 0.029282795320445906,
            "brake": 0.11906289067404058,
            "steer": 0.0
        },
        {
            "throttle": 0.026354515788401315,
            "brake": 0.16781096097418657,
            "steer": 0.0
        },
        {
            "throttle": 0.023719064209561182,
            "brake": 0.211684224244318,
            "steer": 0.0
        },
        {
            "throttle": 0.021347157788605065,
            "brake": 0.2511701611874363,
            "steer": 0.0
        },
        {
            "throttle": 0.01921244200974456,
            "brake": 0.2867075044362427,
            "steer": 0.0
        },
        {
            "throttle": 0.017291197808770104,
            "brake": 0.31869111336016853,
            "steer": 0.0
        },
        {
            "throttle": 0.015562078027893094,
            "brake": 0.3474763613917018,
            "steer": 0.0
        }
    ],
    "parameters": {
        "cloudiness": 4.174561577951996,
        "fog_density": 56.230732569592845,
        "initial_distance": 75.31159669290004,
        "initial_ego_velocity": 19.285346707037554,
        "initial_lead_velocity": 9.945106290152893,
        "lead_base_throttle": 0.22636290382974492,
        "lead_behavior_frequency": 0.09028080583541458,
        "lead_brake_duration": 21.78831983883616,
        "lead_brake_intensity": 0.6065435936755006,
        "lead_brake_probability": 0.1568349538119524,
        "lead_throttle_variation": 0.3709351347376292,
        "precipitation": 24.41445904913303,
        "precipitation_deposits": 24.41188813734746,
        "sun_altitude_angle": -17.70024339092349,
        "wind_intensity": 25.37866954420644
    },
    "config": {
        "num_timesteps": 200,
        "dt": 0.1,
        "seed": 142
    }
}