{
    "weather": {
        "cloudiness": 75.07371270055111,
        "precipitation": 16.860489426961443,
        "precipitation_deposits": 10.527206501369857,
        "wind_intensity": 33.91565071390686,
        "sun_altitude_angle": -22.57650315853367,
        "fog_density": 32.16968798776839,
        "fog_distance": 342.21265636362693,
        "wetness": 8.430244713480722
    },
    "initial_conditions": {
        "ego": {
            "position": {
                "x": 527.7992764904874,
                "y": 20.57,
                "z": 0.294
            },
            "yaw": 0.0,
            "velocity": 10.087781519895493
        },
        "lead": {
            "position": {
                "x": 484.88,
                "y": 20.57,
                "z": 0.294
            },
            "yaw": 0.0,
            "velocity": 24.333956148669824
        }
    },
    "ego": {
        "position": {
            "x": 527.7992764904874,
            "y": 20.57,
            "z": 0.294
        },
        "yaw": 0.0,
        "velocity": 10.087781519895493
    },
    "lead": {
        "position": {
            "x": 484.88,
            "y": 20.57,
            "z": 0.294
        },
        "yaw": 0.0,
        "velocity": 24.333956148669824
    },
    "ado_actions": [
        {
            "throttle": 0.5741380587672252,
            "brake": 0.0,
            "steer": 0.0
        },
        {
            "throttle": 0.5750542843776952,
            "brake": 0.0,
            "steer": 0.0
        },
        {
            "throttle": 0.5767804261009691,
            "brake": 0.0,
            "steer": 0.0
        },
        {
            "throttle": 0.579206353881559,
            "brake": 0.0,
            "steer": 0.0
        },
        {
            "throttle": 0.5822189662461124,
            "brake": 0.0,
            "steer": 0.0
        },
        {
            "throttle": 0.5857031786972392,
            "brake": 0.0,
            "steer": 0.0
        },
        {
            "throttle": 0.5895430263551751,
            "brake": 0.0,
            "steer": 0.0
        },
        {
            "throttle": 0.5936228549260925,
            "brake": 0.0,
            "steer": 0.0
        },
        {
            "throttle": 0.597828573484622,
            "brake": 0.0,
            "steer": 0.0
        },
        {
            "throttle": 0.6020489423094123,
            "brake": 0.0,
            "steer": 0.0
        },
        {
            "throttle": 0.6061768691165925,
            "brake": 0.0,
            "steer": 0.0
        },
        {
            "throttle": 0.6101106875025223,
            "brake": 0.0,
            "steer": 0.0
        },
        {
            "throttle": 0.6137553922334147,
            "brake": 0.0,
            "steer": 0.0
        },
        {
            "throttle": 0.6170238071980779,
            "brake": 0.0,
            "steer": 0.0
        },
        {
            "throttle": 0.6198376633576456,
            "brake": 0.0,
            "steer": 0.0
        },
        {
            "throttle": 0.6221285658633037,
            "brake": 0.0,
            "steer": 0.0
        },
        {
            "throttle": 0.6238388316446049,
            "brake": 0.0,
            "steer": 0.0
        },
        {
            "throttle": 0.6249221811667631,
            "brake": 0.0,
            "steer": 0.0
        },
        {
            "throttle": 0.6253442706804871,
            "brake": 0.0,
            "steer": 0.0
        },
        {
            "throttle": 0.6250830541035591,
            "brake": 0.0,
            "steer": 0.0
        },
        {
            "throttle": 0.6241289666372295,
            "brake": 0.0,
            "steer": 0.0
        },
        {
            "throttle": 0.6224849252876616,
            "brake": 0.0,
            "steer": 0.0
        },
        {
            "throttle": 0.6201661445862832,
            "brake": 0.0,
            "steer": 0.0
        },
        {
            "throttle": 0.617199768935009,
            "brake": 0.0,
            "steer": 0.0
        },
        {
            "throttle": 0.6136243260945715,
            "brake": 0.0,
            "steer": 0.0
        },
        {
            "throttle": 0.6094890093387604,
            "brake": 0.0,
            "steer": 0.0
        },
        {
            "throttle": 0.6048527986675984,
            "brake": 0.0,
            "steer": 0.0
        },
        {
            "throttle": 0.5997834341637261,
            "brake": 0.0,
            "steer": 0.0
        },
        {
            "throttle": 0.5943562570466419,
            "brake": 0.0,
            "steer": 0.0
        },
        {
            "throttle": 0.588652936190452,
            "brake": 0.0,
            "steer": 0.0
        },
        {
            "throttle": 0.5827600997879856,
            "brake": 0.0,
            "steer": 0.0
        },
        {
            "throttle": 0.5767678934377052,
            "brake": 0.0,
            "steer": 0.0
        },
        {
            "throttle": 0.5707684871750471,
            "brake": 0.0,
            "steer": 0.0
        },
        {
            "throttle": 0.5648545548474352,
            "brake": 0.0,
            "steer": 0.0
        },
        {
            "throttle": 0.5591177497288168,
            "brake": 0.0,
            "steer": 0.0
        },
        {
            "throttle": 0.5536472003777999,
            "brake": 0.0,
            "steer": 0.0
        },
        {
            "throttle": 0.5485280504621249,
            "brake": 0.0,
            "steer": 0.0
        },
        {
            "throttle": 0.5438400656062697,
            "brake": 0.0,
            "steer": 0.0
        },
        {
            "throttle": 0.5396563292795765,
            "brake": 0.0,
            "steer": 0.0
        },
        {
            "throttle": 0.536042048346442,
            "brake": 0.0,
            "steer": 0.0
        },
        {
            "throttle": 0.5330534871705658,
            "brake": 0.0,
            "steer": 0.0
        },
        {
            "throttle": 0.5307370471300337,
            "brake": 0.0,
            "steer": 0.0
        },
        {
            "throttle": 0.5291285060920373,
            "brake": 0.0,
            "steer": 0.0
        },
        {
            "throttle": 0.5282524298525487,
            "brake": 0.0,
            "steer": 0.0
        },
        {
            "throttle": 0.5281217648082742,
            "brake": 0.0,
            "steer": 0.0
        },
        {
            "throttle": 0.5287376182398147,
            "brake": 0.0,
            "steer": 0.0
        },
        {
            "throttle": 0.5300892295926253,
            "brake": 0.0,
            "steer": 0.0
        },
        {
            "throttle": 0.5321541330942539,
            "brake": 0.0,
            "steer": 0.0
        },
        {
            "throttle": 0.5348985089914376,
            "brake": 0.0,
            "steer": 0.0
        },
        {
            "throttle": 0.5382777176780608,
            "brake": 0.0,
            "steer": 0.0
        },
        {
            "throttle": 0.5422370080631441,
            "brake": 0.0,
            "steer": 0.0
        },
        {
            "throttle": 0.5467123887438824,
            "brake": 0.0,
            "steer": 0.0
        },
        {
            "throttle": 0.5516316479470067,
            "brake": 0.0,
            "steer": 0.0
        },
        {
            "throttle": 0.5569155058242168,
            "brake": 0.0,
            "steer": 0.0
        },
        {
            "throttle": 0.5624788805722909,
            "brake": 0.0,
            "steer": 0.0
        },
        {
            "throttle": 0.5682322480297226,
            "brake": 0.0,
            "steer": 0.0
        },
        {
            "throttle": 0.5740830729085672,
            "brake": 0.0,
            "steer": 0.0
        },
        {
            "throttle": 0.5799372886766038,
            "brake": 0.0,
            "steer": 0.0
        },
        {
            "throttle": 0.5857008023293102,
            "brake": 0.0,
            "steer": 0.0
        },
        {
            "throttle": 0.5912809998959971,
            "brake": 0.0,
            "steer": 0.0
        },
        {
            "throttle": 0.5965882285161173,
            "brake": 0.0,
            "steer": 0.0
        },
        {
            "throttle": 0.6015372313004445,
            "brake": 0.0,
            "steer": 0.0
        },
        {
            "throttle": 0.6060485119514526,
            "brake": 0.0,
            "steer": 0.0
        },
        {
            "throttle": 0.6100496072456816,
            "brake": 0.0,
            "steer": 0.0
        },
        {
            "throttle": 0.6134762469600953,
            "brake": 0.0,
            "steer": 0.0
        },
        {
            "throttle": 0.6162733826307187,
            "brake": 0.0,
            "steer": 0.0
        },
        {
            "throttle": 0.6183960686362695,
            "brake": 0.0,
            "steer": 0.0
        },
        {
            "throttle": 0.6198101814683481,
            "brake": 0.0,
            "steer": 0.0
        },
        {
            "throttle": 0.620492965645074,
            "brake": 0.0,
            "steer": 0.0
        },
        {
            "throttle": 0.620433397505267,
            "brake": 0.0,
            "steer": 0.0
        },
        {
            "throttle": 0.6196323610408121,
            "brake": 0.0,
            "steer": 0.0
        },
        {
            "throttle": 0.6181026329389229,
            "brake": 0.0,
            "steer": 0.0
        },
        {
            "throttle": 0.6158686770653263,
            "brake": 0.0,
            "steer": 0.0
        },
        {
            "throttle": 0.6129662516748898,
            "brake": 0.0,
            "steer": 0.0
        },
        {
            "throttle": 0.6094418356389494,
            "brake": 0.0,
            "steer": 0.0
        },
        {
            "throttle": 0.6053518828804358,
            "brake": 0.0,
            "steer": 0.0
        },
        {
            "throttle": 0.6007619169623326,
            "brake": 0.0,
            "steer": 0.0
        },
        {
            "throttle": 0.5957454803378878,
            "brake": 0.0,
            "steer": 0.0
        },
        {
            "throttle": 0.5903829551012656,
            "brake": 0.0,
            "steer": 0.0
        },
        {
            "throttle": 0.5847602741376142,
            "brake": 0.0,
            "steer": 0.0
        },
        {
            "throttle": 0.5789675433288213,
            "brake": 0.0,
            "steer": 0.0
        },
        {
            "throttle": 0.5730975968973705,
            "brake": 0.0,
            "steer": 0.0
        },
        {
            "throttle": 0.567244509042832,
            "brake": 0.0,
            "steer": 0.0
        },
        {
            "throttle": 0.5615020857264499,
            "brake": 0.0,
            "steer": 0.0
        },
        {
            "throttle": 0.5559623607777843,
            "brake": 0.0,
            "steer": 0.0
        },
        {
            "throttle": 0.5507141204283321,
            "brake": 0.0,
            "steer": 0.0
        },
        {
            "throttle": 0.5458414799215938,
            "brake": 0.0,
            "steer": 0.0
        },
        {
            "throttle": 0.5414225350144757,
            "brake": 0.0,
            "steer": 0.0
        },
        {
            "throttle": 0.5375281099846048,
            "brake": 0.0,
            "steer": 0.0
        },
        {
            "throttle": 0.5342206222113207,
            "brake": 0.0,
            "steer": 0.0
        },
        {
            "throttle": 0.5315530815295995,
            "brake": 0.0,
            "steer": 0.0
        },
        {
            "throttle": 0.529568240395909,
            "brake": 0.0,
            "steer": 0.0
        },
        {
            "throttle": 0.5282979084876273,
            "brake": 0.0,
            "steer": 0.0
        },
        {
            "throttle": 0.5277624427219145,
            "brake": 0.0,
            "steer": 0.0
        },
        {
            "throttle": 0.5279704208680891,
            "brake": 0.0,
            "steer": 0.0
        },
        {
            "throttle": 0.5289185039846661,
            "brake": 0.0,
            "steer": 0.0
        },
        {
            "throttle": 0.5305914898854722,
            "brake": 0.0,
            "steer": 0.0
        },
        {
            "throttle": 0.5329625567771556,
            "brake": 0.0,
            "steer": 0.0
        },
        {
            "throttle": 0.5359936931620592,
            "brake": 0.0,
            "steer": 0.0
        },
        {
            "throttle": 0.5396363071146799,
            "brake": 0.0,
            "steer": 0.0
        },
        {
            "throttle": 0.5438320051646608,
            "brake": 0.0,
            "steer": 0.0
        },
        {
            "throttle": 0.5485135283005462,
            "brake": 0.0,
            "steer": 0.0
        },
        {
            "throttle": 0.5536058300899515,
            "brake": 0.0,
            "steer": 0.0
        },
        {
            "throttle": 0.5590272796337349,
            "brake": 0.0,
            "steer": 0.0
        },
        {
            "throttle": 0.5646909700707273,
            "brake": 0.0,
            "steer": 0.0
        },
        {
            "throttle": 0.5705061116576454,
            "brake": 0.0,
            "steer": 0.0
        },
        {
            "throttle": 0.5763794870931176,
            "brake": 0.0,
            "steer": 0.0
        },
        {
            "throttle": 0.5822169457570141,
            "brake": 0.0,
            "steer": 0.0
        },
        {
            "throttle": 0.5879249129124878,
            "brake": 0.0,
            "steer": 0.0
        },
        {
            "throttle": 0.5934118896783029,
            "brake": 0.0,
            "steer": 0.0
        },
        {
            "throttle": 0.5985899197269979,
            "brake": 0.0,
            "steer": 0.0
        },
        {
            "throttle": 0.6033759991978234,
            "brake": 0.0,
            "steer": 0.0
        },
        {
            "throttle": 0.6076934072236657,
            "brake": 0.0,
            "steer": 0.0
        },
        {
            "throttle": 0.6114729357437286,
            "brake": 0.0,
            "steer": 0.0
        },
        {
            "throttle": 0.6146539988881822,
            "brake": 0.0,
            "steer": 0.0
        },
        {
            "throttle": 0.6171856041514451,
            "brake": 0.0,
            "steer": 0.0
        },
        {
            "throttle": 0.6190271697862753,
            "brake": 0.0,
            "steer": 0.0
        },
        {
            "throttle": 0.6201491753159092,
            "brake": 0.0,
            "steer": 0.0
        },
        {
            "throttle": 0.620533634736585,
            "brake": 0.0,
            "steer": 0.0
        },
        {
            "throttle": 0.6201743848250323,
            "brake": 0.0,
            "steer": 0.0
        },
        {
            "throttle": 0.6190771839293567,
            "brake": 0.0,
            "steer": 0.0
        },
        {
            "throttle": 0.6172596196596655,
            "brake": 0.0,
            "steer": 0.0
        },
        {
            "throttle": 0.6147508269580946,
            "brake": 0.0,
            "steer": 0.0
        },
        {
            "throttle": 0.6115910210674842,
            "brake": 0.0,
            "steer": 0.0
        },
        {
            "throttle": 0.6078308528850965,
            "brake": 0.0,
            "steer": 0.0
        },
        {
            "throttle": 0.6035305970349099,
            "brake": 0.0,
            "steer": 0.0
        },
        {
            "throttle": 0.5987591856735202,
            "brake": 0.0,
            "steer": 0.0
        },
        {
            "throttle": 0.5935931035175455,
            "brake": 0.0,
            "steer": 0.0
        },
        {
            "throttle": 0.5881151618050263,
            "brake": 0.0,
            "steer": 0.0
        },
        {
            "throttle": 0.5824131708439874,
            "brake": 0.0,
            "steer": 0.0
        },
        {
            "throttle": 0.576578532426953,
            "brake": 0.0,
            "steer": 0.0
        },
        {
            "throttle": 0.5707047746747514,
            "brake": 0.0,
            "steer": 0.0
        },
        {
            "throttle": 0.5648860527957883,
            "brake": 0.0,
            "steer": 0.0
        },
        {
            "throttle": 0.5592156397933439,
            "brake": 0.0,
            "steer": 0.0
        },
        {
            "throttle": 0.5537844313145779,
            "brake": 0.0,
            "steer": 0.0
        },
        {
            "throttle": 0.5486794886082423,
            "brake": 0.0,
            "steer": 0.0
        },
        {
            "throttle": 0.543982642947224,
            "brake": 0.0,
            "steer": 0.0
        },
        {
            "throttle": 0.5397691838867704,
            "brake": 0.0,
            "steer": 0.0
        },
        {
            "throttle": 0.5361066523853835,
            "brake": 0.0,
            "steer": 0.0
        },
        {
            "throttle": 0.4824959871468451,
            "brake": 0.06408365161002755,
            "steer": 0.0
        },
        {
            "throttle": 0.4342463884321606,
            "brake": 0.12175893805905234,
            "steer": 0.0
        },
        {
            "throttle": 0.39082174958894456,
            "brake": 0.17366669586317465,
            "steer": 0.0
        },
        {
            "throttle": 0.3517395746300501,
            "brake": 0.22038367788688473,
            "steer": 0.0
        },
        {
            "throttle": 0.3165656171670451,
            "brake": 0.26242896170822383,
            "steer": 0.0
        },
        {
            "throttle": 0.2849090554503406,
            "brake": 0.300269717147429,
            "steer": 0.0
        },
        {
            "throttle": 0.2564181499053066,
            "brake": 0.33432639704271366,
            "steer": 0.0
        },
        {
            "throttle": 0.23077633491477595,
            "brake": 0.36497740894846986,
            "steer": 0.0
        },
        {
            "throttle": 0.20769870142329835,
            "brake": 0.39256331966365043,
            "steer": 0.0
        },
        {
            "throttle": 0.24362670676351228,
            "brake": 0.3533069876972854,
            "steer": 0.0
        },
        {
            "throttle": 0.2768793986168368,
            "brake": 0.31797628892755686,
            "steer": 0.0
        },
        {
            "throttle": 0.3077210774139935,
            "brake": 0.2861786600348012,
            "steer": 0.0
        },
        {
            "throttle": 0.33637495817645424,
            "brake": 0.2575607940313211,
            "steer": 0.0
        },
        {
            "throttle": 0.3630275657713793,
            "brake": 0.231804714628189,
            "steer": 0.0
        },
        {
            "throttle": 0.3878329209680477,
            "brake": 0.2086242431653701,
            "steer": 0.0
        },
        {
            "throttle": 0.41091652992755423,
            "brake": 0.18776181884883308,
            "steer": 0.0
        },
        {
            "throttle": 0.4323791849351235,
            "brake": 0.16898563696394978,
            "steer": 0.0
        },
        {
            "throttle": 0.4523005800341244,
            "brake": 0.1520870732675548,
            "steer": 0.0
        },
        {
            "throttle": 0.4707427417295428,
            "brake": 0.13687836594079933,
            "steer": 0.0
        },
        {
            "throttle": 0.4877532720805039,
            "brake": 0.1231905293467194,
            "steer": 0.0
        },
        {
            "throttle": 0.5033683992774862,
            "brake": 0.11087147641204746,
            "steer": 0.0
        },
        {
            "throttle": 0.5176158291776738,
            "brake": 0.09978432877084271,
            "steer": 0.0
        },
        {
            "throttle": 0.5305173902251314,
            "brake": 0.08980589589375844,
            "steer": 0.0
        },
        {
            "throttle": 0.5420914636808633,
            "brake": 0.0808253063043826,
            "steer": 0.0
        },
        {
            "throttle": 0.5523551910969935,
            "brake": 0.07274277567394434,
            "steer": 0.0
        },
        {
            "throttle": 0.5613264514510056,
            "brake": 0.06546849810654991,
            "steer": 0.0
        },
        {
            "throttle": 0.5690256012681485,
            "brake": 0.05892164829589492,
            "steer": 0.0
        },
        {
            "throttle": 0.5754769723572555,
            "brake": 0.05302948346630543,
            "steer": 0.0
        },
        {
            "throttle": 0.5807101234187244,
            "brake": 0.04772653511967489,
            "steer": 0.0
        },
        {
            "throttle": 0.5847608437020755,
            "brake": 0.0429538816077074,
            "steer": 0.0
        },
        {
            "throttle": 0.5876719090410571,
            "brake": 0.038658493446936656,
            "steer": 0.0
        },
        {
            "throttle": 0.5894935929219742,
            "brake": 0.03479264410224299,
            "steer": 0.0
        },
        {
            "throttle": 0.5902839376902054,
            "brake": 0.031313379692018695,
            "steer": 0.0
        },
        {
            "throttle": 0.5901087935150935,
            "brake": 0.028182041722816825,
            "steer": 0.0
        },
        {
            "throttle": 0.5890416352594251,
            "brake": 0.025363837550535142,
            "steer": 0.0
        },
        {
            "throttle": 0.5871631698827839,
            "brake": 0.02282745379548163,
            "steer": 0.0
        },
        {
            "throttle": 0.5845607493963981,
            "brake": 0.020544708415933467,
            "steer": 0.0
        },
        {
            "throttle": 0.5813276066316362,
            "brake": 0.01849023757434012,
            "steer": 0.0
        },
        {
            "throttle": 0.5775619331393841,
            "brake": 0.016641213816906107,
            "steer": 0.0
        },
        {
            "throttle": 0.5733658203614748,
            "brake": 0.014977092435215496,
            "steer": 0.0
        },
        {
            "throttle": 0.5688440867710612,
            "brake": 0.013479383191693946,
            "steer": 0.0
        },
        {
            "throttle": 0.5641030149343167,
            "brake": 0.012131444872524553,
            "steer": 0.0
        },
        {
            "throttle": 0.5592490233746263,
            "brake": 0.010918300385272098,
            "steer": 0.0
        },
        {
            "throttle": 0.5543872987018912,
            "brake": 0.009826470346744888,
            "steer": 0.0
        },
        {
            "throttle": 0.5496204136892239,
            "brake": 0.0088438233120704,
            "steer": 0.0
        },
        {
            "throttle": 0.5450469568290224,
            "brake": 0.00795944098086336,
            "steer": 0.0
        },
        {
            "throttle": 0.5407601983783964,
            "brake": 0.0071634968827770235,
            "steer": 0.0
        },
        {
            "throttle": 0.5368468170148015,
            "brake": 0.0064471471944993215,
            "steer": 0.0
        },
        {
            "throttle": 0.5333857099773871,
            "brake": 0.005802432475049389,
            "steer": 0.0
        },
        {
            "throttle": 0.5304469079849007,
            "brake": 0.005222189227544451,
            "steer": 0.0
        },
        {
            "throttle": 0.5280906143196784,
            "brake": 0.004699970304790006,
            "steer": 0.0
        },
        {
            "throttle": 0.5263663852773075,
            "brake": 0.004229973274311006,
            "steer": 0.0
        },
        {
            "throttle": 0.5253124667358507,
            "brake": 0.0038069759468799054,
            "steer": 0.0
        },
        {
            "throttle": 0.5249552989342907,
            "brake": 0.003426278352191915,
            "steer": 0.0
        },
        {
            "throttle": 0.525309198707988,
            "brake": 0.0030836505169727236,
            "steer": 0.0
        },
        {
            "throttle": 0.5263762254533965,
            "brake": 0.002775285465275451,
            "steer": 0.0
        },
        {
            "throttle": 0.5281462340312761,
            "brake": 0.002497756918747906,
            "steer": 0.0
        },
        {
            "throttle": 0.5305971147149848,
            "brake": 0.002247981226873116,
            "steer": 0.0
        },
        {
            "throttle": 0.5336952171966697,
            "brake": 0.002023183104185804,
            "steer": 0.0
        },
        {
            "throttle": 0.5373959526278482,
            "brake": 0.0018208647937672238,
            "steer": 0.0
        },
        {
            "throttle": 0.5416445647396844,
            "brake": 0.0016387783143905015,
            "steer": 0.0
        }
    ],
    "parameters": {
        "cloudiness": 75.07371270055111,
        "fog_density": 32.16968798776839,
        "initial_distance": 42.91927649048738,
        "initial_ego_velocity": 10.087781519895493,
        "initial_lead_velocity": 24.333956148669824,
        "lead_base_throttle": 0.5741380587672252,
        "lead_behavior_frequency": 0.20163922752085944,
        "lead_brake_duration": 9.674530833985475,
        "lead_brake_intensity": 0.6408365161002755,
        "lead_brake_probability": 0.08433681487093127,
        "lead_throttle_variation": 0.07251201717064602,
        "precipitation": 16.860489426961443,
        "precipitation_deposits": 10.527206501369857,
        "sun_altitude_angle": -22.57650315853367,
        "wind_intensity": 33.91565071390686
    },
    "config": {
        "num_timesteps": 200,
        "dt": 0.1,
        "seed": 218
    }
}