{
    "weather": {
        "cloudiness": 32.17274055409662,
        "precipitation": 69.53317142985664,
        "precipitation_deposits": 20.998758093513114,
        "wind_intensity": 33.702975082605676,
        "sun_altitude_angle": 60.930226225145674,
        "fog_density": 25.660145268504362,
        "fog_distance": 425.1393949923462,
        "wetness": 34.76658571492832
    },
    "initial_conditions": {
        "ego": {
            "position": {
                "x": 541.6264813583448,
                "y": 20.57,
                "z": 0.294
            },
            "yaw": 0.0,
            "velocity": 13.377655107472757
        },
        "lead": {
            "position": {
                "x": 484.88,
                "y": 20.57,
                "z": 0.294
            },
            "yaw": 0.0,
            "velocity": 8.72575465988203
        }
    },
    "ego": {
        "position": {
            "x": 541.6264813583448,
            "y": 20.57,
            "z": 0.294
        },
        "yaw": 0.0,
        "velocity": 13.377655107472757
    },
    "lead": {
        "position": {
            "x": 484.88,
            "y": 20.57,
            "z": 0.294
        },
        "yaw": 0.0,
        "velocity": 8.72575465988203
    },
    "ado_actions": [
        {
            "throttle": 0.3033909240027853,
            "brake": 0.0,
            "steer": 0.0
        },
        {
            "throttle": 0.30585329580813264,
            "brake": 0.0,
            "steer": 0.0
        },
        {
            "throttle": 0.3104938710484944,
            "brake": 0.0,
            "steer": 0.0
        },
        {
            "throttle": 0.3170195513053672,
            "brake": 0.0,
            "steer": 0.0
        },
        {
            "throttle": 0.32513036072526225,
            "brake": 0.0,
            "steer": 0.0
        },
        {
            "throttle": 0.3345218508123545,
            "brake": 0.0,
            "steer": 0.0
        },
        {
            "throttle": 0.3448877957326561,
            "brake": 0.0,
            "steer": 0.0
        },
        {
            "throttle": 0.3559231144490108,
            "brake": 0.0,
            "steer": 0.0
        },
        {
            "throttle": 0.36732695472816473,
            "brake": 0.0,
            "steer": 0.0
        },
        {
            "throttle": 0.37880587356215606,
            "brake": 0.0,
            "steer": 0.0
        },
        {
            "throttle": 0.3900770488561413,
            "brake": 0.0,
            "steer": 0.0
        },
        {
            "throttle": 0.40087145836869525,
            "brake": 0.0,
            "steer": 0.0
        },
        {
            "throttle": 0.4109369638490848,
            "brake": 0.0,
            "steer": 0.0
        },
        {
            "throttle": 0.4200412410849971,
            "brake": 0.0,
            "steer": 0.0
        },
        {
            "throttle": 0.4279745001255946,
            "brake": 0.0,
            "steer": 0.0
        },
        {
            "throttle": 0.4345519442369489,
            "brake": 0.0,
            "steer": 0.0
        },
        {
            "throttle": 0.4396159211255294,
            "brake": 0.0,
            "steer": 0.0
        },
        {
            "throttle": 0.4430377255644071,
            "brake": 0.0,
            "steer": 0.0
        },
        {
            "throttle": 0.44471901869945596,
            "brake": 0.0,
            "steer": 0.0
        },
        {
            "throttle": 0.44459283591307186,
            "brake": 0.0,
            "steer": 0.0
        },
        {
            "throttle": 0.4426241620868264,
            "brake": 0.0,
            "steer": 0.0
        },
        {
            "throttle": 0.43881006033171327,
            "brake": 0.0,
            "steer": 0.0
        },
        {
            "throttle": 0.4331793476401599,
            "brake": 0.0,
            "steer": 0.0
        },
        {
            "throttle": 0.42579181834962565,
            "brake": 0.0,
            "steer": 0.0
        },
        {
            "throttle": 0.41673702368392224,
            "brake": 0.0,
            "steer": 0.0
        },
        {
            "throttle": 0.40613262284630647,
            "brake": 0.0,
            "steer": 0.0
        },
        {
            "throttle": 0.3941223280709833,
            "brake": 0.0,
            "steer": 0.0
        },
        {
            "throttle": 0.3808734725938231,
            "brake": 0.0,
            "steer": 0.0
        },
        {
            "throttle": 0.36657423658120525,
            "brake": 0.0,
            "steer": 0.0
        },
        {
            "throttle": 0.351430571567312,
            "brake": 0.0,
            "steer": 0.0
        },
        {
            "throttle": 0.33566286881271223,
            "brake": 0.0,
            "steer": 0.0
        },
        {
            "throttle": 0.31950242113820915,
            "brake": 0.0,
            "steer": 0.0
        },
        {
            "throttle": 0.30318773114607556,
            "brake": 0.0,
            "steer": 0.0
        },
        {
            "throttle": 0.28696072126619493,
            "brake": 0.0,
            "steer": 0.0
        },
        {
            "throttle": 0.27106290272013506,
            "brake": 0.0,
            "steer": 0.0
        },
        {
            "throttle": 0.25573156125788965,
            "brake": 0.0,
            "steer": 0.0
        },
        {
            "throttle": 0.24119601737963325,
            "brake": 0.0,
            "steer": 0.0
        },
        {
            "throttle": 0.22767401771182544,
            "brake": 0.0,
            "steer": 0.0
        },
        {
            "throttle": 0.21536831228059972,
            "brake": 0.0,
            "steer": 0.0
        },
        {
            "throttle": 0.20446346964629936,
            "brake": 0.0,
            "steer": 0.0
        },
        {
            "throttle": 0.19512297827502612,
            "brake": 0.0,
            "steer": 0.0
        },
        {
            "throttle": 0.18748667818226306,
            "brake": 0.0,
            "steer": 0.0
        },
        {
            "throttle": 0.1816685618576497,
            "brake": 0.0,
            "steer": 0.0
        },
        {
            "throttle": 0.17775497784693237,
            "brake": 0.0,
            "steer": 0.0
        },
        {
            "throttle": 0.17580326421437353,
            "brake": 0.0,
            "steer": 0.0
        },
        {
            "throttle": 0.175840832531817,
            "brake": 0.0,
            "steer": 0.0
        },
        {
            "throttle": 0.17786471614098415,
            "brake": 0.0,
            "steer": 0.0
        },
        {
            "throttle": 0.18184158932015393,
            "brake": 0.0,
            "steer": 0.0
        },
        {
            "throttle": 0.18770825676516892,
            "brake": 0.0,
            "steer": 0.0
        },
        {
            "throttle": 0.19537260557931302,
            "brake": 0.0,
            "steer": 0.0
        },
        {
            "throttle": 0.20471500486849953,
            "brake": 0.0,
            "steer": 0.0
        },
        {
            "throttle": 0.21559013116702735,
            "brake": 0.0,
            "steer": 0.0
        },
        {
            "throttle": 0.2278291913810199,
            "brake": 0.0,
            "steer": 0.0
        },
        {
            "throttle": 0.24124250883250928,
            "brake": 0.0,
            "steer": 0.0
        },
        {
            "throttle": 0.2556224324112148,
            "brake": 0.0,
            "steer": 0.0
        },
        {
            "throttle": 0.2707465238794731,
            "brake": 0.0,
            "steer": 0.0
        },
        {
            "throttle": 0.2863809741051162,
            "brake": 0.0,
            "steer": 0.0
        },
        {
            "throttle": 0.30228419548330093,
            "brake": 0.0,
            "steer": 0.0
        },
        {
            "throttle": 0.3182105351056425,
            "brake": 0.0,
            "steer": 0.0
        },
        {
            "throttle": 0.33391405138525354,
            "brake": 0.0,
            "steer": 0.0
        },
        {
            "throttle": 0.3491522958780435,
            "brake": 0.0,
            "steer": 0.0
        },
        {
            "throttle": 0.3636900419689172,
            "brake": 0.0,
            "steer": 0.0
        },
        {
            "throttle": 0.377302902917514,
            "brake": 0.0,
            "steer": 0.0
        },
        {
            "throttle": 0.3897807834692153,
            "brake": 0.0,
            "steer": 0.0
        },
        {
            "throttle": 0.40093111180703495,
            "brake": 0.0,
            "steer": 0.0
        },
        {
            "throttle": 0.4105818020091709,
            "brake": 0.0,
            "steer": 0.0
        },
        {
            "throttle": 0.4185839013332922,
            "brake": 0.0,
            "steer": 0.0
        },
        {
            "throttle": 0.42481388150809557,
            "brake": 0.0,
            "steer": 0.0
        },
        {
            "throttle": 0.4291755387004755,
            "brake": 0.0,
            "steer": 0.0
        },
        {
            "throttle": 0.4316014728583282,
            "brake": 0.0,
            "steer": 0.0
        },
        {
            "throttle": 0.4320541236116719,
            "brake": 0.0,
            "steer": 0.0
        },
        {
            "throttle": 0.4305263467485907,
            "brake": 0.0,
            "steer": 0.0
        },
        {
            "throttle": 0.42704152236226056,
            "brake": 0.0,
            "steer": 0.0
        },
        {
            "throttle": 0.4216531929819603,
            "brake": 0.0,
            "steer": 0.0
        },
        {
            "throttle": 0.41444423724337015,
            "brake": 0.0,
            "steer": 0.0
        },
        {
            "throttle": 0.40552559181006975,
            "brake": 0.0,
            "steer": 0.0
        },
        {
            "throttle": 0.3950345412187522,
            "brake": 0.0,
            "steer": 0.0
        },
        {
            "throttle": 0.3831326019780573,
            "brake": 0.0,
            "steer": 0.0
        },
        {
            "throttle": 0.37000303350256886,
            "brake": 0.0,
            "steer": 0.0
        },
        {
            "throttle": 0.3558480142131242,
            "brake": 0.0,
            "steer": 0.0
        },
        {
            "throttle": 0.34088552629359825,
            "brake": 0.0,
            "steer": 0.0
        },
        {
            "throttle": 0.3253459970832888,
            "brake": 0.0,
            "steer": 0.0
        },
        {
            "throttle": 0.2928113973749599,
            "brake": 0.036375912818119784,
            "steer": 0.0
        },
        {
            "throttle": 0.26353025763746396,
            "brake": 0.0691142343544276,
            "steer": 0.0
        },
        {
            "throttle": 0.23717723187371756,
            "brake": 0.09857872373710462,
            "steer": 0.0
        },
        {
            "throttle": 0.2134595086863458,
            "brake": 0.12509676418151394,
            "steer": 0.0
        },
        {
            "throttle": 0.19211355781771122,
            "brake": 0.14896300058148235,
            "steer": 0.0
        },
        {
            "throttle": 0.17290220203594012,
            "brake": 0.17044261334145389,
            "steer": 0.0
        },
        {
            "throttle": 0.15561198183234612,
            "brake": 0.18977426482542828,
            "steer": 0.0
        },
        {
            "throttle": 0.1400507836491115,
            "brake": 0.20717275116100523,
            "steer": 0.0
        },
        {
            "throttle": 0.12604570528420037,
            "brake": 0.22283138886302448,
            "steer": 0.0
        },
        {
            "throttle": 0.11344113475578033,
            "brake": 0.2369241627948418,
            "steer": 0.0
        },
        {
            "throttle": 0.1020970212802023,
            "brake": 0.2496076593334774,
            "steer": 0.0
        },
        {
            "throttle": 0.09188731915218207,
            "brake": 0.26102280621824947,
            "steer": 0.0
        },
        {
            "throttle": 0.08269858723696387,
            "brake": 0.2712964384145443,
            "steer": 0.0
        },
        {
            "throttle": 0.07442872851326748,
            "brake": 0.2805427073912097,
            "steer": 0.0
        },
        {
            "throttle": 0.06698585566194074,
            "brake": 0.2888643494702085,
            "steer": 0.0
        },
        {
            "throttle": 0.060287270095746665,
            "brake": 0.29635382734130744,
            "steer": 0.0
        },
        {
            "throttle": 0.054258543086172,
            "brake": 0.3030943574252965,
            "steer": 0.0
        },
        {
            "throttle": 0.0488326887775548,
            "brake": 0.30916083450088666,
            "steer": 0.0
        },
        {
            "throttle": 0.04394941989979932,
            "brake": 0.3146206638689178,
            "steer": 0.0
        },
        {
            "throttle": 0.06944082883634975,
            "brake": 0.28315859748202604,
            "steer": 0.0
        },
        {
            "throttle": 0.09484831701039086,
            "brake": 0.25484273773382343,
            "steer": 0.0
        },
        {
            "throttle": 0.12014927561124296,
            "brake": 0.2293584639604411,
            "steer": 0.0
        },
        {
            "throttle": 0.14528585919086012,
            "brake": 0.206422617564397,
            "steer": 0.0
        },
        {
            "throttle": 0.17016956449966103,
            "brake": 0.18578035580795732,
            "steer": 0.0
        },
        {
            "throttle": 0.19468591280873443,
            "brake": 0.16720232022716158,
            "steer": 0.0
        },
        {
            "throttle": 0.21869920046803276,
            "brake": 0.15048208820444542,
            "steer": 0.0
        },
        {
            "throttle": 0.2420572777112735,
            "brake": 0.1354338793840009,
            "steer": 0.0
        },
        {
            "throttle": 0.2645963119641562,
            "brake": 0.12189049144560081,
            "steer": 0.0
        },
        {
            "throttle": 0.28614548916412946,
            "brake": 0.10970144230104073,
            "steer": 0.0
        },
        {
            "throttle": 0.30653160486645314,
            "brake": 0.09873129807093665,
            "steer": 0.0
        },
        {
            "throttle": 0.32558349618952365,
            "brake": 0.08885816826384299,
            "steer": 0.0
        },
        {
            "throttle": 0.34313626592660906,
            "brake": 0.07997235143745869,
            "steer": 0.0
        },
        {
            "throttle": 0.3590352513928473,
            "brake": 0.07197511629371282,
            "steer": 0.0
        },
        {
            "throttle": 0.3731396927446957,
            "brake": 0.06477760466434154,
            "steer": 0.0
        },
        {
            "throttle": 0.38532605855098473,
            "brake": 0.05829984419790739,
            "steer": 0.0
        },
        {
            "throttle": 0.3954909902458226,
            "brake": 0.05246985977811665,
            "steer": 0.0
        },
        {
            "throttle": 0.4035538316786228,
            "brake": 0.04722287380030499,
            "steer": 0.0
        },
        {
            "throttle": 0.4094587152105672,
            "brake": 0.04250058642027449,
            "steer": 0.0
        },
        {
            "throttle": 0.4131761815963907,
            "brake": 0.03825052777824704,
            "steer": 0.0
        },
        {
            "throttle": 0.4147043171347166,
            "brake": 0.03442547500042234,
            "steer": 0.0
        },
        {
            "throttle": 0.41406939816268457,
            "brake": 0.030982927500380106,
            "steer": 0.0
        },
        {
            "throttle": 0.4113260398003663,
            "brake": 0.027884634750342096,
            "steer": 0.0
        },
        {
            "throttle": 0.40655685280381515,
            "brake": 0.025096171275307888,
            "steer": 0.0
        },
        {
            "throttle": 0.39987161934783544,
            "brake": 0.0225865541477771,
            "steer": 0.0
        },
        {
            "throttle": 0.39140600541661186,
            "brake": 0.02032789873299939,
            "steer": 0.0
        },
        {
            "throttle": 0.38131983412042064,
            "brake": 0.01829510885969945,
            "steer": 0.0
        },
        {
            "throttle": 0.3697949505719389,
            "brake": 0.016465597973729505,
            "steer": 0.0
        },
        {
            "throttle": 0.3570327148439078,
            "brake": 0.014819038176356556,
            "steer": 0.0
        },
        {
            "throttle": 0.3432511648959031,
            "brake": 0.0133371343587209,
            "steer": 0.0
        },
        {
            "throttle": 0.32868189611502585,
            "brake": 0.01200342092284881,
            "steer": 0.0
        },
        {
            "throttle": 0.3135667081865408,
            "brake": 0.010803078830563929,
            "steer": 0.0
        },
        {
            "throttle": 0.2981540733298719,
            "brake": 0.009722770947507536,
            "steer": 0.0
        },
        {
            "throttle": 0.28269548244884113,
            "brake": 0.008750493852756783,
            "steer": 0.0
        },
        {
            "throttle": 0.2674417274112446,
            "brake": 0.007875444467481105,
            "steer": 0.0
        },
        {
            "throttle": 0.2526391784637463,
            "brake": 0.007087900020732995,
            "steer": 0.0
        },
        {
            "throttle": 0.23852611568930793,
            "brake": 0.006379110018659696,
            "steer": 0.0
        },
        {
            "throttle": 0.22532917242555625,
            "brake": 0.005741199016793726,
            "steer": 0.0
        },
        {
            "throttle": 0.2132599466971093,
            "brake": 0.005167079115114354,
            "steer": 0.0
        },
        {
            "throttle": 0.20251183400011552,
            "brake": 0.004650371203602919,
            "steer": 0.0
        },
        {
            "throttle": 0.1932571312535119,
            "brake": 0.004185334083242627,
            "steer": 0.0
        },
        {
            "throttle": 0.18564445745179942,
            "brake": 0.0037668006749183645,
            "steer": 0.0
        },
        {
            "throttle": 0.17979653158324788,
            "brake": 0.0033901206074265283,
            "steer": 0.0
        },
        {
            "throttle": 0.17580834279092836,
            "brake": 0.0030511085466838755,
            "steer": 0.0
        },
        {
            "throttle": 0.17374574163696158,
            "brake": 0.002745997692015488,
            "steer": 0.0
        },
        {
            "throttle": 0.17364447477626277,
            "brake": 0.002471397922813939,
            "steer": 0.0
        },
        {
            "throttle": 0.17550967845507248,
            "brake": 0.0022242581305325455,
            "steer": 0.0
        },
        {
            "throttle": 0.17931583912716514,
            "brake": 0.002001832317479291,
            "steer": 0.0
        },
        {
            "throttle": 0.1850072222359348,
            "brake": 0.001801649085731362,
            "steer": 0.0
        },
        {
            "throttle": 0.1924987629546232,
            "brake": 0.0016214841771582257,
            "steer": 0.0
        },
        {
            "throttle": 0.2016774055210632,
            "brake": 0.001459335759442403,
            "steer": 0.0
        },
        {
            "throttle": 0.21240387085724843,
            "brake": 0.0013134021834981628,
            "steer": 0.0
        },
        {
            "throttle": 0.22451482553441338,
            "brake": 0.0011820619651483465,
            "steer": 0.0
        },
        {
            "throttle": 0.23782541893288,
            "brake": 0.001063855768633512,
            "steer": 0.0
        },
        {
            "throttle": 0.25213214974806264,
            "brake": 0.0009574701917701607,
            "steer": 0.0
        },
        {
            "throttle": 0.2672160178972007,
            "brake": 0.0008617231725931446,
            "steer": 0.0
        },
        {
            "throttle": 0.28284591346386545,
            "brake": 0.0007755508553338302,
            "steer": 0.0
        },
        {
            "throttle": 0.2987821906468709,
            "brake": 0.0006979957698004472,
            "steer": 0.0
        },
        {
            "throttle": 0.3147803718132461,
            "brake": 0.0006281961928204025,
            "steer": 0.0
        },
        {
            "throttle": 0.2833023346319215,
            "brake": 0.036941289391658146,
            "steer": 0.0
        },
        {
            "throttle": 0.25497210116872937,
            "brake": 0.06962307327061212,
            "steer": 0.0
        },
        {
            "throttle": 0.22947489105185645,
            "brake": 0.09903667876167069,
            "steer": 0.0
        },
        {
            "throttle": 0.2065274019466708,
            "brake": 0.1255089237036234,
            "steer": 0.0
        },
        {
            "throttle": 0.18587466175200373,
            "brake": 0.14933394415138085,
            "steer": 0.0
        },
        {
            "throttle": 0.16728719557680335,
            "brake": 0.17077646255436255,
            "steer": 0.0
        },
        {
            "throttle": 0.15055847601912303,
            "brake": 0.19007472911704607,
            "steer": 0.0
        },
        {
            "throttle": 0.13550262841721072,
            "brake": 0.20744316902346124,
            "steer": 0.0
        },
        {
            "throttle": 0.12195236557548965,
            "brake": 0.2230747649392349,
            "steer": 0.0
        },
        {
            "throttle": 0.10975712901794069,
            "brake": 0.2371432012634312,
            "steer": 0.0
        },
        {
            "throttle": 0.09878141611614662,
            "brake": 0.24980479395520785,
            "steer": 0.0
        },
        {
            "throttle": 0.08890327450453196,
            "brake": 0.26120022737780685,
            "steer": 0.0
        },
        {
            "throttle": 0.08001294705407877,
            "brake": 0.27145611745814596,
            "steer": 0.0
        },
        {
            "throttle": 0.0720116523486709,
            "brake": 0.2806864185304512,
            "steer": 0.0
        },
        {
            "throttle": 0.0648104871138038,
            "brake": 0.2889936894955259,
            "steer": 0.0
        },
        {
            "throttle": 0.05832943840242342,
            "brake": 0.2964702333640931,
            "steer": 0.0
        },
        {
            "throttle": 0.05249649456218108,
            "brake": 0.30319912284580364,
            "steer": 0.0
        },
        {
            "throttle": 0.04724684510596297,
            "brake": 0.3092551233793431,
            "steer": 0.0
        },
        {
            "throttle": 0.042522160595366676,
            "brake": 0.3147055238595286,
            "steer": 0.0
        },
        {
            "throttle": 0.06389222337854396,
            "brake": 0.28323497147357574,
            "steer": 0.0
        },
        {
            "throttle": 0.08076956564127195,
            "brake": 0.2549114743262182,
            "steer": 0.0
        },
        {
            "throttle": 0.09371240699328819,
            "brake": 0.22942032689359637,
            "steer": 0.0
        },
        {
            "throttle": 0.10325775502055395,
            "brake": 0.20647829420423675,
            "steer": 0.0
        },
        {
            "throttle": 0.10992131508049441,
            "brake": 0.18583046478381307,
            "steer": 0.0
        },
        {
            "throttle": 0.11419691004004055,
            "brake": 0.16724741830543177,
            "steer": 0.0
        },
        {
            "throttle": 0.11655550071539807,
            "brake": 0.1505226764748886,
            "steer": 0.0
        },
        {
            "throttle": 0.11744389574135189,
            "brake": 0.13547040882739975,
            "steer": 0.0
        },
        {
            "throttle": 0.11728323701821197,
            "brake": 0.12192336794465977,
            "steer": 0.0
        },
        {
            "throttle": 0.11646734371413217,
            "brake": 0.1097310311501938,
            "steer": 0.0
        },
        {
            "throttle": 0.1153609940146871,
            "brake": 0.09875792803517441,
            "steer": 0.0
        },
        {
            "throttle": 0.11429821940231975,
            "brake": 0.08888213523165697,
            "steer": 0.0
        },
        {
            "throttle": 0.11358068122384682,
            "brake": 0.07999392170849128,
            "steer": 0.0
        },
        {
            "throttle": 0.11347619368834504,
            "brake": 0.07199452953764215,
            "steer": 0.0
        },
        {
            "throttle": 0.11421745126863798,
            "brake": 0.06479507658387794,
            "steer": 0.0
        },
        {
            "throttle": 0.11600101180880172,
            "brake": 0.05831556892549015,
            "steer": 0.0
        },
        {
            "throttle": 0.11898657953123937,
            "brake": 0.05248401203294113,
            "steer": 0.0
        },
        {
            "throttle": 0.12329662466422245,
            "brake": 0.04723561082964702,
            "steer": 0.0
        },
        {
            "throttle": 0.1290163686577728,
            "brake": 0.04251204974668232,
            "steer": 0.0
        },
        {
            "throttle": 0.1361941560132673,
            "brake": 0.038260844772014094,
            "steer": 0.0
        },
        {
            "throttle": 0.1448422257168563,
            "brake": 0.03443476029481268,
            "steer": 0.0
        }
    ],
    "parameters": {
        "cloudiness": 32.17274055409662,
        "fog_density": 25.660145268504362,
        "initial_distance": 56.746481358344845,
        "initial_ego_velocity": 13.377655107472757,
        "initial_lead_velocity": 8.72575465988203,
        "lead_base_throttle": 0.3033909240027853,
        "lead_behavior_frequency": 0.1976608663960302,
        "lead_brake_duration": 19.0131737292986,
        "lead_brake_intensity": 0.3637591281811978,
        "lead_brake_probability": 0.1255925262387227,
        "lead_throttle_variation": 0.19877880628252853,
        "precipitation": 69.53317142985664,
        "precipitation_deposits": 20.998758093513114,
        "sun_altitude_angle": 60.930226225145674,
        "wind_intensity": 33.702975082605676
    },
    "config": {
        "num_timesteps": 200,
        "dt": 0.1,
        "seed": 164
    }
}