{
    "weather": {
        "cloudiness": 28.15275703167932,
        "precipitation": 15.20145435542437,
        "precipitation_deposits": 59.36759568243484,
        "wind_intensity": 6.153061730015297,
        "sun_altitude_angle": 24.77036805862491,
        "fog_density": 19.667519132294036,
        "fog_distance": 519.1388120000004,
        "wetness": 7.600727177712185
    },
    "initial_conditions": {
        "ego": {
            "position": {
                "x": 502.89552274918526,
                "y": 20.57,
                "z": 0.294
            },
            "yaw": 0.0,
            "velocity": 8.184218986046298
        },
        "lead": {
            "position": {
                "x": 484.88,
                "y": 20.57,
                "z": 0.294
            },
            "yaw": 0.0,
            "velocity": 12.124972762445033
        }
    },
    "ego": {
        "position": {
            "x": 502.89552274918526,
            "y": 20.57,
            "z": 0.294
        },
        "yaw": 0.0,
        "velocity": 8.184218986046298
    },
    "lead": {
        "position": {
            "x": 484.88,
            "y": 20.57,
            "z": 0.294
        },
        "yaw": 0.0,
        "velocity": 12.124972762445033
    },
    "ado_actions": [
        {
            "throttle": 0.3327680588314049,
            "brake": 0.0,
            "steer": 0.0
        },
        {
            "throttle": 0.3356046463013649,
            "brake": 0.0,
            "steer": 0.0
        },
        {
            "throttle": 0.34094410510827355,
            "brake": 0.0,
            "steer": 0.0
        },
        {
            "throttle": 0.3484369167113365,
            "brake": 0.0,
            "steer": 0.0
        },
        {
            "throttle": 0.35772109154383586,
            "brake": 0.0,
            "steer": 0.0
        },
        {
            "throttle": 0.36842600413049015,
            "brake": 0.0,
            "steer": 0.0
        },
        {
            "throttle": 0.38017663589595024,
            "brake": 0.0,
            "steer": 0.0
        },
        {
            "throttle": 0.3925981252621148,
            "brake": 0.0,
            "steer": 0.0
        },
        {
            "throttle": 0.4053205217621344,
            "brake": 0.0,
            "steer": 0.0
        },
        {
            "throttle": 0.4179836395963196,
            "brake": 0.0,
            "steer": 0.0
        },
        {
            "throttle": 0.43024190636818416,
            "brake": 0.0,
            "steer": 0.0
        },
        {
            "throttle": 0.44176910468499614,
            "brake": 0.0,
            "steer": 0.0
        },
        {
            "throttle": 0.4522629078728112,
            "brake": 0.0,
            "steer": 0.0
        },
        {
            "throttle": 0.46144911619671153,
            "brake": 0.0,
            "steer": 0.0
        },
        {
            "throttle": 0.46908550661890386,
            "brake": 0.0,
            "steer": 0.0
        },
        {
            "throttle": 0.47496521716830153,
            "brake": 0.0,
            "steer": 0.0
        },
        {
            "throttle": 0.4789195963069007,
            "brake": 0.0,
            "steer": 0.0
        },
        {
            "throttle": 0.48082045810854257,
            "brake": 0.0,
            "steer": 0.0
        },
        {
            "throttle": 0.48058169544146023,
            "brake": 0.0,
            "steer": 0.0
        },
        {
            "throttle": 0.4781602154764804,
            "brake": 0.0,
            "steer": 0.0
        },
        {
            "throttle": 0.4735561745227234,
            "brake": 0.0,
            "steer": 0.0
        },
        {
            "throttle": 0.4668125022063626,
            "brake": 0.0,
            "steer": 0.0
        },
        {
            "throttle": 0.45801371813302866,
            "brake": 0.0,
            "steer": 0.0
        },
        {
            "throttle": 0.44728405718564096,
            "brake": 0.0,
            "steer": 0.0
        },
        {
            "throttle": 0.4347849322830547,
            "brake": 0.0,
            "steer": 0.0
        },
        {
            "throttle": 0.4207117755425251,
            "brake": 0.0,
            "steer": 0.0
        },
        {
            "throttle": 0.4052903101415087,
            "brake": 0.0,
            "steer": 0.0
        },
        {
            "throttle": 0.38877231556565806,
            "brake": 0.0,
            "steer": 0.0
        },
        {
            "throttle": 0.37143095818047844,
            "brake": 0.0,
            "steer": 0.0
        },
        {
            "throttle": 0.3535557670142087,
            "brake": 0.0,
            "steer": 0.0
        },
        {
            "throttle": 0.3354473411518643,
            "brake": 0.0,
            "steer": 0.0
        },
        {
            "throttle": 0.3174118801029176,
            "brake": 0.0,
            "steer": 0.0
        },
        {
            "throttle": 0.29975563183271825,
            "brake": 0.0,
            "steer": 0.0
        },
        {
            "throttle": 0.2827793547840242,
            "brake": 0.0,
            "steer": 0.0
        },
        {
            "throttle": 0.26677289013307554,
            "brake": 0.0,
            "steer": 0.0
        },
        {
            "throttle": 0.25200993872778155,
            "brake": 0.0,
            "steer": 0.0
        },
        {
            "throttle": 0.23874313367716538,
            "brake": 0.0,
            "steer": 0.0
        },
        {
            "throttle": 0.2271994944640834,
            "brake": 0.0,
            "steer": 0.0
        },
        {
            "throttle": 0.21757634182870217,
            "brake": 0.0,
            "steer": 0.0
        },
        {
            "throttle": 0.21003774463637134,
            "brake": 0.0,
            "steer": 0.0
        },
        {
            "throttle": 0.2047115606432393,
            "brake": 0.0,
            "steer": 0.0
        },
        {
            "throttle": 0.20168712267131061,
            "brake": 0.0,
            "steer": 0.0
        },
        {
            "throttle": 0.20101361038608012,
            "brake": 0.0,
            "steer": 0.0
        },
        {
            "throttle": 0.20269913583492272,
            "brake": 0.0,
            "steer": 0.0
        },
        {
            "throttle": 0.20671055836616298,
            "brake": 0.0,
            "steer": 0.0
        },
        {
            "throttle": 0.21297403172909757,
            "brake": 0.0,
            "steer": 0.0
        },
        {
            "throttle": 0.22137627328099943,
            "brake": 0.0,
            "steer": 0.0
        },
        {
            "throttle": 0.23176653252600532,
            "brake": 0.0,
            "steer": 0.0
        },
        {
            "throttle": 0.24395922390738198,
            "brake": 0.0,
            "steer": 0.0
        },
        {
            "throttle": 0.21956330151664377,
            "brake": 0.05151970005755027,
            "steer": 0.0
        },
        {
            "throttle": 0.1976069713649794,
            "brake": 0.09788743010934552,
            "steer": 0.0
        },
        {
            "throttle": 0.17784627422848145,
            "brake": 0.13961838715596125,
            "steer": 0.0
        },
        {
            "throttle": 0.1600616468056333,
            "brake": 0.1771762484979154,
            "steer": 0.0
        },
        {
            "throttle": 0.14405548212507,
            "brake": 0.21097832370567415,
            "steer": 0.0
        },
        {
            "throttle": 0.129649933912563,
            "brake": 0.241400191392657,
            "steer": 0.0
        },
        {
            "throttle": 0.1166849405213067,
            "brake": 0.2687798723109416,
            "steer": 0.0
        },
        {
            "throttle": 0.10501644646917603,
            "brake": 0.2934215851373977,
            "steer": 0.0
        },
        {
            "throttle": 0.09451480182225842,
            "brake": 0.31559912668120815,
            "steer": 0.0
        },
        {
            "throttle": 0.08506332164003258,
            "brake": 0.33555891407063765,
            "steer": 0.0
        },
        {
            "throttle": 0.07655698947602932,
            "brake": 0.35352272272112417,
            "steer": 0.0
        },
        {
            "throttle": 0.06890129052842639,
            "brake": 0.36969015050656207,
            "steer": 0.0
        },
        {
            "throttle": 0.11599432039383374,
            "brake": 0.33272113545590587,
            "steer": 0.0
        },
        {
            "throttle": 0.15747883576598531,
            "brake": 0.2994490219103153,
            "steer": 0.0
        },
        {
            "throttle": 0.1935661505813162,
            "brake": 0.2695041197192838,
            "steer": 0.0
        },
        {
            "throttle": 0.22446848411244652,
            "brake": 0.2425537077473554,
            "steer": 0.0
        },
        {
            "throttle": 0.2504046498555368,
            "brake": 0.21829833697261988,
            "steer": 0.0
        },
        {
            "throttle": 0.27160468465604976,
            "brake": 0.1964685032753579,
            "steer": 0.0
        },
        {
            "throttle": 0.288313430721833,
            "brake": 0.1768216529478221,
            "steer": 0.0
        },
        {
            "throttle": 0.30079309221695005,
            "brake": 0.1591394876530399,
            "steer": 0.0
        },
        {
            "throttle": 0.30932479773477006,
            "brake": 0.1432255388877359,
            "steer": 0.0
        },
        {
            "throttle": 0.3142092098506368,
            "brake": 0.1289029849989623,
            "steer": 0.0
        },
        {
            "throttle": 0.31576623289332917,
            "brake": 0.11601268649906607,
            "steer": 0.0
        },
        {
            "throttle": 0.3143338797987002,
            "brake": 0.10441141784915947,
            "steer": 0.0
        },
        {
            "throttle": 0.310266368177952,
            "brake": 0.09397027606424353,
            "steer": 0.0
        },
        {
            "throttle": 0.3039315243215117,
            "brake": 0.08457324845781918,
            "steer": 0.0
        },
        {
            "throttle": 0.2957075815601454,
            "brake": 0.07611592361203726,
            "steer": 0.0
        },
        {
            "throttle": 0.28597946603175295,
            "brake": 0.06850433125083354,
            "steer": 0.0
        },
        {
            "throttle": 0.275134668293165,
            "brake": 0.06165389812575019,
            "steer": 0.0
        },
        {
            "throttle": 0.2635588032354672,
            "brake": 0.05548850831317517,
            "steer": 0.0
        },
        {
            "throttle": 0.25163096330142903,
            "brake": 0.049939657481857656,
            "steer": 0.0
        },
        {
            "throttle": 0.23971897098680378,
            "brake": 0.04494569173367189,
            "steer": 0.0
        },
        {
            "throttle": 0.22817463598662732,
            "brake": 0.040451122560304704,
            "steer": 0.0
        },
        {
            "throttle": 0.21732912010749358,
            "brake": 0.03640601030427423,
            "steer": 0.0
        },
        {
            "throttle": 0.207488509222671,
            "brake": 0.03276540927384681,
            "steer": 0.0
        },
        {
            "throttle": 0.19892968614510254,
            "brake": 0.029488868346462128,
            "steer": 0.0
        },
        {
            "throttle": 0.19189659140970783,
            "brake": 0.026539981511815917,
            "steer": 0.0
        },
        {
            "throttle": 0.18659695069497065,
            "brake": 0.023885983360634324,
            "steer": 0.0
        },
        {
            "throttle": 0.18319953810460604,
            "brake": 0.02149738502457089,
            "steer": 0.0
        },
        {
            "throttle": 0.1818320339268093,
            "brake": 0.019347646522113803,
            "steer": 0.0
        },
        {
            "throttle": 0.16364883053412838,
            "brake": 0.06893258192745269,
            "steer": 0.0
        },
        {
            "throttle": 0.14728394748071555,
            "brake": 0.11355902379225769,
            "steer": 0.0
        },
        {
            "throttle": 0.132555552732644,
            "brake": 0.1537228214705822,
            "steer": 0.0
        },
        {
            "throttle": 0.1192999974593796,
            "brake": 0.18987023938107425,
            "steer": 0.0
        },
        {
            "throttle": 0.10736999771344163,
            "brake": 0.2224029155005171,
            "steer": 0.0
        },
        {
            "throttle": 0.09663299794209747,
            "brake": 0.2516823240080157,
            "steer": 0.0
        },
        {
            "throttle": 0.08696969814788773,
            "brake": 0.2780337916647644,
            "steer": 0.0
        },
        {
            "throttle": 0.07827272833309895,
            "brake": 0.3017501125558383,
            "steer": 0.0
        },
        {
            "throttle": 0.07044545549978906,
            "brake": 0.3230948013578048,
            "steer": 0.0
        },
        {
            "throttle": 0.06340090994981015,
            "brake": 0.34230502127957463,
            "steer": 0.0
        },
        {
            "throttle": 0.05706081895482914,
            "brake": 0.35959421920916745,
            "steer": 0.0
        },
        {
            "throttle": 0.05135473705934623,
            "brake": 0.375154497345801,
            "steer": 0.0
        },
        {
            "throttle": 0.0462192633534116,
            "brake": 0.3891587476687711,
            "steer": 0.0
        },
        {
            "throttle": 0.041597337018070446,
            "brake": 0.4017625729594443,
            "steer": 0.0
        },
        {
            "throttle": 0.037437603316263404,
            "brake": 0.4131060157210501,
            "steer": 0.0
        },
        {
            "throttle": 0.03369384298463707,
            "brake": 0.42331511420649537,
            "steer": 0.0
        },
        {
            "throttle": 0.030324458686173363,
            "brake": 0.4325033028433961,
            "steer": 0.0
        },
        {
            "throttle": 0.027292012817556027,
            "brake": 0.4407726726166068,
            "steer": 0.0
        },
        {
            "throttle": 0.024562811535800425,
            "brake": 0.44821510541249643,
            "steer": 0.0
        },
        {
            "throttle": 0.022106530382220383,
            "brake": 0.45491329492879706,
            "steer": 0.0
        },
        {
            "throttle": 0.019895877343998346,
            "brake": 0.4609416654934676,
            "steer": 0.0
        },
        {
            "throttle": 0.017906289609598513,
            "brake": 0.4663671990016711,
            "steer": 0.0
        },
        {
            "throttle": 0.01611566064863866,
            "brake": 0.4712501791590543,
            "steer": 0.0
        },
        {
            "throttle": 0.014504094583774794,
            "brake": 0.47564486130069916,
            "steer": 0.0
        },
        {
            "throttle": 0.013053685125397315,
            "brake": 0.4796000752281795,
            "steer": 0.0
        },
        {
            "throttle": 0.011748316612857584,
            "brake": 0.4831597677629118,
            "steer": 0.0
        },
        {
            "throttle": 0.010573484951571826,
            "brake": 0.48636349104417087,
            "steer": 0.0
        },
        {
            "throttle": 0.009516136456414644,
            "brake": 0.48924684199730406,
            "steer": 0.0
        },
        {
            "throttle": 0.00856452281077318,
            "brake": 0.4918418578551239,
            "steer": 0.0
        },
        {
            "throttle": 0.007708070529695862,
            "brake": 0.49417737212716184,
            "steer": 0.0
        },
        {
            "throttle": 0.006937263476726276,
            "brake": 0.49627933497199594,
            "steer": 0.0
        },
        {
            "throttle": 0.006243537129053648,
            "brake": 0.49817110153234667,
            "steer": 0.0
        },
        {
            "throttle": 0.005619183416148284,
            "brake": 0.49987369143666227,
            "steer": 0.0
        },
        {
            "throttle": 0.005057265074533456,
            "brake": 0.5014060223505463,
            "steer": 0.0
        },
        {
            "throttle": 0.00455153856708011,
            "brake": 0.502785120173042,
            "steer": 0.0
        },
        {
            "throttle": 0.0040963847103720995,
            "brake": 0.5040263082132881,
            "steer": 0.0
        },
        {
            "throttle": 0.020073918531782135,
            "brake": 0.4536236773919593,
            "steer": 0.0
        },
        {
            "throttle": 0.03286075885801549,
            "brake": 0.40826130965276336,
            "steer": 0.0
        },
        {
            "throttle": 0.04310213784380607,
            "brake": 0.36743517868748704,
            "steer": 0.0
        },
        {
            "throttle": 0.051401119304251855,
            "brake": 0.33069166081873835,
            "steer": 0.0
        },
        {
            "throttle": 0.05831666524166527,
            "brake": 0.29762249473686453,
            "steer": 0.0
        },
        {
            "throttle": 0.0643616097569891,
            "brake": 0.2678602452631781,
            "steer": 0.0
        },
        {
            "throttle": 0.0700006631884638,
            "brake": 0.24107422073686027,
            "steer": 0.0
        },
        {
            "throttle": 0.0756485600779891,
            "brake": 0.21696679866317425,
            "steer": 0.0
        },
        {
            "throttle": 0.08166845418955038,
            "brake": 0.19527011879685682,
            "steer": 0.0
        },
        {
            "throttle": 0.08837065239019647,
            "brake": 0.17574310691717115,
            "steer": 0.0
        },
        {
            "throttle": 0.09601176687540247,
            "brake": 0.15816879622545404,
            "steer": 0.0
        },
        {
            "throttle": 0.10479435212425123,
            "brake": 0.14235191660290863,
            "steer": 0.0
        },
        {
            "throttle": 0.11486707927334755,
            "brake": 0.12811672494261778,
            "steer": 0.0
        },
        {
            "throttle": 0.12632548648630076,
            "brake": 0.115305052448356,
            "steer": 0.0
        },
        {
            "throttle": 0.13921332956559143,
            "brake": 0.1037745472035204,
            "steer": 0.0
        },
        {
            "throttle": 0.15352454271227056,
            "brake": 0.09339709248316837,
            "steer": 0.0
        },
        {
            "throttle": 0.169205805197658,
            "brake": 0.08405738323485153,
            "steer": 0.0
        },
        {
            "throttle": 0.18615969598207355,
            "brake": 0.07565164491136638,
            "steer": 0.0
        },
        {
            "throttle": 0.1675437263838662,
            "brake": 0.11960618047778002,
            "steer": 0.0
        },
        {
            "throttle": 0.15078935374547958,
            "brake": 0.1591652624875523,
            "steer": 0.0
        },
        {
            "throttle": 0.13571041837093162,
            "brake": 0.19476843629634735,
            "steer": 0.0
        },
        {
            "throttle": 0.12213937653383845,
            "brake": 0.2268112927242629,
            "steer": 0.0
        },
        {
            "throttle": 0.10992543888045461,
            "brake": 0.2556498635093869,
            "steer": 0.0
        },
        {
            "throttle": 0.09893289499240915,
            "brake": 0.2816045772159985,
            "steer": 0.0
        },
        {
            "throttle": 0.08903960549316824,
            "brake": 0.30496381955194896,
            "steer": 0.0
        },
        {
            "throttle": 0.08013564494385142,
            "brake": 0.3259871376543043,
            "steer": 0.0
        },
        {
            "throttle": 0.07212208044946627,
            "brake": 0.3449081239464241,
            "steer": 0.0
        },
        {
            "throttle": 0.06490987240451965,
            "brake": 0.361937011609332,
            "steer": 0.0
        },
        {
            "throttle": 0.05841888516406769,
            "brake": 0.3772630105059491,
            "steer": 0.0
        },
        {
            "throttle": 0.05257699664766092,
            "brake": 0.39105640951290455,
            "steer": 0.0
        },
        {
            "throttle": 0.10162985297005861,
            "brake": 0.3519507685616141,
            "steer": 0.0
        },
        {
            "throttle": 0.14506905930682423,
            "brake": 0.3167556917054527,
            "steer": 0.0
        },
        {
            "throttle": 0.1830972976646501,
            "brake": 0.28508012253490744,
            "steer": 0.0
        },
        {
            "throttle": 0.21591581208180974,
            "brake": 0.2565721102814167,
            "steer": 0.0
        },
        {
            "throttle": 0.24373054982185693,
            "brake": 0.23091489925327502,
            "steer": 0.0
        },
        {
            "throttle": 0.26675725031367253,
            "brake": 0.20782340932794752,
            "steer": 0.0
        },
        {
            "throttle": 0.2852254889586697,
            "brake": 0.18704106839515278,
            "steer": 0.0
        },
        {
            "throttle": 0.29938169167691625,
            "brake": 0.16833696155563752,
            "steer": 0.0
        },
        {
            "throttle": 0.3094911455040502,
            "brake": 0.15150326540007378,
            "steer": 0.0
        },
        {
            "throttle": 0.31583904041662936,
            "brake": 0.1363529388600664,
            "steer": 0.0
        },
        {
            "throttle": 0.31873058759363776,
            "brake": 0.12271764497405978,
            "steer": 0.0
        },
        {
            "throttle": 0.31849026926075885,
            "brake": 0.1104458804766538,
            "steer": 0.0
        },
        {
            "throttle": 0.31546028486566435,
            "brake": 0.09940129242898842,
            "steer": 0.0
        },
        {
            "throttle": 0.30999826736392944,
            "brake": 0.08946116318608957,
            "steer": 0.0
        },
        {
            "throttle": 0.302474351639655,
            "brake": 0.08051504686748062,
            "steer": 0.0
        },
        {
            "throttle": 0.2932676843454588,
            "brake": 0.07246354218073256,
            "steer": 0.0
        },
        {
            "throttle": 0.2827624705486988,
            "brake": 0.06521718796265931,
            "steer": 0.0
        },
        {
            "throttle": 0.27134365736520827,
            "brake": 0.05869546916639338,
            "steer": 0.0
        },
        {
            "throttle": 0.2593923581262933,
            "brake": 0.05282592224975404,
            "steer": 0.0
        },
        {
            "throttle": 0.24728112246609968,
            "brake": 0.04754333002477864,
            "steer": 0.0
        },
        {
            "throttle": 0.23536915797178903,
            "brake": 0.042788997022300775,
            "steer": 0.0
        },
        {
            "throttle": 0.22399760767639082,
            "brake": 0.0385100973200707,
            "steer": 0.0
        },
        {
            "throttle": 0.21348498469312793,
            "brake": 0.03465908758806363,
            "steer": 0.0
        },
        {
            "throttle": 0.20412286072088034,
            "brake": 0.03119317882925727,
            "steer": 0.0
        },
        {
            "throttle": 0.19617189905393043,
            "brake": 0.028073860946331543,
            "steer": 0.0
        },
        {
            "throttle": 0.1898583151948513,
            "brake": 0.02526647485169839,
            "steer": 0.0
        },
        {
            "throttle": 0.18537083931414625,
            "brake": 0.02273982736652855,
            "steer": 0.0
        },
        {
            "throttle": 0.1828582447657466,
            "brake": 0.020465844629875697,
            "steer": 0.0
        },
        {
            "throttle": 0.18242749581771409,
            "brake": 0.018419260166888128,
            "steer": 0.0
        },
        {
            "throttle": 0.18414255587567807,
            "brake": 0.016577334150199317,
            "steer": 0.0
        },
        {
            "throttle": 0.1880238849617509,
            "brake": 0.014919600735179386,
            "steer": 0.0
        },
        {
            "throttle": 0.1940486422751983,
            "brake": 0.013427640661661447,
            "steer": 0.0
        },
        {
            "throttle": 0.2021515965227094,
            "brake": 0.012084876595495302,
            "steer": 0.0
        },
        {
            "throttle": 0.21222673358982197,
            "brake": 0.010876388935945771,
            "steer": 0.0
        },
        {
            "throttle": 0.22412953825543047,
            "brake": 0.009788750042351194,
            "steer": 0.0
        },
        {
            "throttle": 0.23767991424917673,
            "brake": 0.008809875038116075,
            "steer": 0.0
        },
        {
            "throttle": 0.25266569523012794,
            "brake": 0.007928887534304468,
            "steer": 0.0
        },
        {
            "throttle": 0.2688466884262513,
            "brake": 0.007135998780874021,
            "steer": 0.0
        },
        {
            "throttle": 0.28595918290451605,
            "brake": 0.006422398902786619,
            "steer": 0.0
        },
        {
            "throttle": 0.30372084590928466,
            "brake": 0.005780159012507957,
            "steer": 0.0
        },
        {
            "throttle": 0.3218359235588653,
            "brake": 0.005202143111257162,
            "steer": 0.0
        },
        {
            "throttle": 0.3400006565494984,
            "brake": 0.004681928800131446,
            "steer": 0.0
        },
        {
            "throttle": 0.35790881747918435,
            "brake": 0.0042137359201183016,
            "steer": 0.0
        },
        {
            "throttle": 0.37525727403917125,
            "brake": 0.0037923623281064713,
            "steer": 0.0
        },
        {
            "throttle": 0.3917514816679116,
            "brake": 0.0034131260952958245,
            "steer": 0.0
        }
    ],
    "parameters": {
        "cloudiness": 28.15275703167932,
        "fog_density": 19.667519132294036,
        "initial_distance": 18.01552274918526,
        "initial_ego_velocity": 8.184218986046298,
        "initial_lead_velocity": 12.124972762445033,
        "lead_base_throttle": 0.3327680588314049,
        "lead_behavior_frequency": 0.21158066455261143,
        "lead_brake_duration": 12.967931148578625,
        "lead_brake_intensity": 0.5151970005755027,
        "lead_brake_probability": 0.25867530176515185,
        "lead_throttle_variation": 0.214003219956697,
        "precipitation": 15.20145435542437,
        "precipitation_deposits": 59.36759568243484,
        "sun_altitude_angle": 24.77036805862491,
        "wind_intensity": 6.153061730015297
    },
    "config": {
        "num_timesteps": 200,
        "dt": 0.1,
        "seed": 93
    }
}