{
    "weather": {
        "cloudiness": 66.8835323236981,
        "precipitation": 21.69348259222723,
        "precipitation_deposits": 61.769549631526644,
        "wind_intensity": 21.04364656669861,
        "sun_altitude_angle": 83.44810063130016,
        "fog_density": 28.73763169166576,
        "fog_distance": 383.6897267006333,
        "wetness": 10.846741296113615
    },
    "initial_conditions": {
        "ego": {
            "position": {
                "x": 522.391058106586,
                "y": 20.57,
                "z": 0.294
            },
            "yaw": 0.0,
            "velocity": 11.59166378567776
        },
        "lead": {
            "position": {
                "x": 484.88,
                "y": 20.57,
                "z": 0.294
            },
            "yaw": 0.0,
            "velocity": 20.595200072999987
        }
    },
    "ego": {
        "position": {
            "x": 522.391058106586,
            "y": 20.57,
            "z": 0.294
        },
        "yaw": 0.0,
        "velocity": 11.59166378567776
    },
    "lead": {
        "position": {
            "x": 484.88,
            "y": 20.57,
            "z": 0.294
        },
        "yaw": 0.0,
        "velocity": 20.595200072999987
    },
    "ado_actions": [
        {
            "throttle": 0.5667875314147965,
            "brake": 0.0,
            "steer": 0.0
        },
        {
            "throttle": 0.5668992825667449,
            "brake": 0.0,
            "steer": 0.0
        },
        {
            "throttle": 0.5671110811793036,
            "brake": 0.0,
            "steer": 0.0
        },
        {
            "throttle": 0.5674118678542581,
            "brake": 0.0,
            "steer": 0.0
        },
        {
            "throttle": 0.5677911680456451,
            "brake": 0.0,
            "steer": 0.0
        },
        {
            "throttle": 0.5682390410276812,
            "brake": 0.0,
            "steer": 0.0
        },
        {
            "throttle": 0.5687460363953566,
            "brake": 0.0,
            "steer": 0.0
        },
        {
            "throttle": 0.5693031572976858,
            "brake": 0.0,
            "steer": 0.0
        },
        {
            "throttle": 0.5699018296723342,
            "brake": 0.0,
            "steer": 0.0
        },
        {
            "throttle": 0.5705338768124729,
            "brake": 0.0,
            "steer": 0.0
        },
        {
            "throttle": 0.5711914986529603,
            "brake": 0.0,
            "steer": 0.0
        },
        {
            "throttle": 0.5718672552139451,
            "brake": 0.0,
            "steer": 0.0
        },
        {
            "throttle": 0.5725540536863123,
            "brake": 0.0,
            "steer": 0.0
        },
        {
            "throttle": 0.5732451386855516,
            "brake": 0.0,
            "steer": 0.0
        },
        {
            "throttle": 0.5739340852390977,
            "brake": 0.0,
            "steer": 0.0
        },
        {
            "throttle": 0.5746147941073639,
            "brake": 0.0,
            "steer": 0.0
        },
        {
            "throttle": 0.5752814890709473,
            "brake": 0.0,
            "steer": 0.0
        },
        {
            "throttle": 0.575928715846152,
            "brake": 0.0,
            "steer": 0.0
        },
        {
            "throttle": 0.5765513423183392,
            "brake": 0.0,
            "steer": 0.0
        },
        {
            "throttle": 0.5771445598079461,
            "brake": 0.0,
            "steer": 0.0
        },
        {
            "throttle": 0.5777038851075331,
            "brake": 0.0,
            "steer": 0.0
        },
        {
            "throttle": 0.5782251630501394,
            "brake": 0.0,
            "steer": 0.0
        },
        {
            "throttle": 0.5787045693897214,
            "brake": 0.0,
            "steer": 0.0
        },
        {
            "throttle": 0.5791386137936796,
            "brake": 0.0,
            "steer": 0.0
        },
        {
            "throttle": 0.5795241427655885,
            "brake": 0.0,
            "steer": 0.0
        },
        {
            "throttle": 0.5798583423333445,
            "brake": 0.0,
            "steer": 0.0
        },
        {
            "throttle": 0.5801387403541542,
            "brake": 0.0,
            "steer": 0.0
        },
        {
            "throttle": 0.580363208303184,
            "brake": 0.0,
            "steer": 0.0
        },
        {
            "throttle": 0.5805299624273603,
            "brake": 0.0,
            "steer": 0.0
        },
        {
            "throttle": 0.5806375641598216,
            "brake": 0.0,
            "steer": 0.0
        },
        {
            "throttle": 0.5806849197039172,
            "brake": 0.0,
            "steer": 0.0
        },
        {
            "throttle": 0.5806712787084999,
            "brake": 0.0,
            "steer": 0.0
        },
        {
            "throttle": 0.58059623196857,
            "brake": 0.0,
            "steer": 0.0
        },
        {
            "throttle": 0.5804597080971683,
            "brake": 0.0,
            "steer": 0.0
        },
        {
            "throttle": 0.5802619691257698,
            "brake": 0.0,
            "steer": 0.0
        },
        {
            "throttle": 0.5800036050013574,
            "brake": 0.0,
            "steer": 0.0
        },
        {
            "throttle": 0.5796855269588265,
            "brake": 0.0,
            "steer": 0.0
        },
        {
            "throttle": 0.5793089597574367,
            "brake": 0.0,
            "steer": 0.0
        },
        {
            "throttle": 0.5788754327796582,
            "brake": 0.0,
            "steer": 0.0
        },
        {
            "throttle": 0.5783867699999811,
            "brake": 0.0,
            "steer": 0.0
        },
        {
            "throttle": 0.5778450788400517,
            "brake": 0.0,
            "steer": 0.0
        },
        {
            "throttle": 0.5772527379348803,
            "brake": 0.0,
            "steer": 0.0
        },
        {
            "throttle": 0.5766123838428062,
            "brake": 0.0,
            "steer": 0.0
        },
        {
            "throttle": 0.5759268967394261,
            "brake": 0.0,
            "steer": 0.0
        },
        {
            "throttle": 0.5751993851427577,
            "brake": 0.0,
            "steer": 0.0
        },
        {
            "throttle": 0.5744331697235365,
            "brake": 0.0,
            "steer": 0.0
        },
        {
            "throttle": 0.5736317662607029,
            "brake": 0.0,
            "steer": 0.0
        },
        {
            "throttle": 0.5727988678078337,
            "brake": 0.0,
            "steer": 0.0
        },
        {
            "throttle": 0.5719383261414908,
            "brake": 0.0,
            "steer": 0.0
        },
        {
            "throttle": 0.5710541325671918,
            "brake": 0.0,
            "steer": 0.0
        },
        {
            "throttle": 0.5701503981629548,
            "brake": 0.0,
            "steer": 0.0
        },
        {
            "throttle": 0.5692313335441075,
            "brake": 0.0,
            "steer": 0.0
        },
        {
            "throttle": 0.5683012282362963,
            "brake": 0.0,
            "steer": 0.0
        },
        {
            "throttle": 0.5673644297463567,
            "brake": 0.0,
            "steer": 0.0
        },
        {
            "throttle": 0.5664253224229315,
            "brake": 0.0,
            "steer": 0.0
        },
        {
            "throttle": 0.5654883062004216,
            "brake": 0.0,
            "steer": 0.0
        },
        {
            "throttle": 0.5645577753210526,
            "brake": 0.0,
            "steer": 0.0
        },
        {
            "throttle": 0.5636380971305166,
            "brake": 0.0,
            "steer": 0.0
        },
        {
            "throttle": 0.5627335910428186,
            "brake": 0.0,
            "steer": 0.0
        },
        {
            "throttle": 0.5618485077696238,
            "brake": 0.0,
            "steer": 0.0
        },
        {
            "throttle": 0.5609870089085724,
            "brake": 0.0,
            "steer": 0.0
        },
        {
            "throttle": 0.5601531469837057,
            "brake": 0.0,
            "steer": 0.0
        },
        {
            "throttle": 0.5593508460293504,
            "brake": 0.0,
            "steer": 0.0
        },
        {
            "throttle": 0.5585838828065446,
            "brake": 0.0,
            "steer": 0.0
        },
        {
            "throttle": 0.5578558687383699,
            "brake": 0.0,
            "steer": 0.0
        },
        {
            "throttle": 0.5571702326474042,
            "brake": 0.0,
            "steer": 0.0
        },
        {
            "throttle": 0.5565302043749365,
            "brake": 0.0,
            "steer": 0.0
        },
        {
            "throttle": 0.5559387993576188,
            "brake": 0.0,
            "steer": 0.0
        },
        {
            "throttle": 0.5553988042328772,
            "brake": 0.0,
            "steer": 0.0
        },
        {
            "throttle": 0.5549127635397058,
            "brake": 0.0,
            "steer": 0.0
        },
        {
            "throttle": 0.554482967576429,
            "brake": 0.0,
            "steer": 0.0
        },
        {
            "throttle": 0.5541114414716798,
            "brake": 0.0,
            "steer": 0.0
        },
        {
            "throttle": 0.5537999355192187,
            "brake": 0.0,
            "steer": 0.0
        },
        {
            "throttle": 0.55354991682135,
            "brake": 0.0,
            "steer": 0.0
        },
        {
            "throttle": 0.5533625622795963,
            "brake": 0.0,
            "steer": 0.0
        },
        {
            "throttle": 0.5532387529650072,
            "brake": 0.0,
            "steer": 0.0
        },
        {
            "throttle": 0.5531790698940299,
            "brake": 0.0,
            "steer": 0.0
        },
        {
            "throttle": 0.5531837912292915,
            "brake": 0.0,
            "steer": 0.0
        },
        {
            "throttle": 0.5532528909179663,
            "brake": 0.0,
            "steer": 0.0
        },
        {
            "throttle": 0.553386038773657,
            "brake": 0.0,
            "steer": 0.0
        },
        {
            "throttle": 0.5535826020009448,
            "brake": 0.0,
            "steer": 0.0
        },
        {
            "throttle": 0.5538416481549817,
            "brake": 0.0,
            "steer": 0.0
        },
        {
            "throttle": 0.554161949521757,
            "brake": 0.0,
            "steer": 0.0
        },
        {
            "throttle": 0.5545419888979817,
            "brake": 0.0,
            "steer": 0.0
        },
        {
            "throttle": 0.5549799667429529,
            "brake": 0.0,
            "steer": 0.0
        },
        {
            "throttle": 0.5554738096682986,
            "brake": 0.0,
            "steer": 0.0
        },
        {
            "throttle": 0.5560211802252026,
            "brake": 0.0,
            "steer": 0.0
        },
        {
            "throttle": 0.5566194879425965,
            "brake": 0.0,
            "steer": 0.0
        },
        {
            "throttle": 0.5572659015639113,
            "brake": 0.0,
            "steer": 0.0
        },
        {
            "throttle": 0.5579573624243324,
            "brake": 0.0,
            "steer": 0.0
        },
        {
            "throttle": 0.5586905989051226,
            "brake": 0.0,
            "steer": 0.0
        },
        {
            "throttle": 0.559462141896502,
            "brake": 0.0,
            "steer": 0.0
        },
        {
            "throttle": 0.5602683411958163,
            "brake": 0.0,
            "steer": 0.0
        },
        {
            "throttle": 0.561105382763314,
            "brake": 0.0,
            "steer": 0.0
        },
        {
            "throttle": 0.5619693067538098,
            "brake": 0.0,
            "steer": 0.0
        },
        {
            "throttle": 0.5628560262388492,
            "brake": 0.0,
            "steer": 0.0
        },
        {
            "throttle": 0.5637613465307356,
            "brake": 0.0,
            "steer": 0.0
        },
        {
            "throttle": 0.5646809850169422,
            "brake": 0.0,
            "steer": 0.0
        },
        {
            "throttle": 0.5656105914110227,
            "brake": 0.0,
            "steer": 0.0
        },
        {
            "throttle": 0.5665457683241746,
            "brake": 0.0,
            "steer": 0.0
        },
        {
            "throttle": 0.5674820920600966,
            "brake": 0.0,
            "steer": 0.0
        },
        {
            "throttle": 0.5684151335347307,
            "brake": 0.0,
            "steer": 0.0
        },
        {
            "throttle": 0.5693404792218957,
            "brake": 0.0,
            "steer": 0.0
        },
        {
            "throttle": 0.570253752025699,
            "brake": 0.0,
            "steer": 0.0
        },
        {
            "throttle": 0.5711506319809656,
            "brake": 0.0,
            "steer": 0.0
        },
        {
            "throttle": 0.5720268766837389,
            "brake": 0.0,
            "steer": 0.0
        },
        {
            "throttle": 0.5728783413551882,
            "brake": 0.0,
            "steer": 0.0
        },
        {
            "throttle": 0.5737009984439971,
            "brake": 0.0,
            "steer": 0.0
        },
        {
            "throttle": 0.574490956674488,
            "brake": 0.0,
            "steer": 0.0
        },
        {
            "throttle": 0.5752444794503662,
            "brake": 0.0,
            "steer": 0.0
        },
        {
            "throttle": 0.5759580025270157,
            "brake": 0.0,
            "steer": 0.0
        },
        {
            "throttle": 0.5766281508687396,
            "brake": 0.0,
            "steer": 0.0
        },
        {
            "throttle": 0.5772517546111953,
            "brake": 0.0,
            "steer": 0.0
        },
        {
            "throttle": 0.5778258640535097,
            "brake": 0.0,
            "steer": 0.0
        },
        {
            "throttle": 0.5783477636091503,
            "brake": 0.0,
            "steer": 0.0
        },
        {
            "throttle": 0.5788149846495523,
            "brake": 0.0,
            "steer": 0.0
        },
        {
            "throttle": 0.5792253171797431,
            "brake": 0.0,
            "steer": 0.0
        },
        {
            "throttle": 0.5795768202907293,
            "brake": 0.0,
            "steer": 0.0
        },
        {
            "throttle": 0.5798678313391993,
            "brake": 0.0,
            "steer": 0.0
        },
        {
            "throttle": 0.5800969738111135,
            "brake": 0.0,
            "steer": 0.0
        },
        {
            "throttle": 0.580263163831982,
            "brake": 0.0,
            "steer": 0.0
        },
        {
            "throttle": 0.5803656152930298,
            "brake": 0.0,
            "steer": 0.0
        },
        {
            "throttle": 0.5804038435689981,
            "brake": 0.0,
            "steer": 0.0
        },
        {
            "throttle": 0.5803776678099911,
            "brake": 0.0,
            "steer": 0.0
        },
        {
            "throttle": 0.5802872117965243,
            "brake": 0.0,
            "steer": 0.0
        },
        {
            "throttle": 0.5801329033537252,
            "brake": 0.0,
            "steer": 0.0
        },
        {
            "throttle": 0.5799154723274544,
            "brake": 0.0,
            "steer": 0.0
        },
        {
            "throttle": 0.5796359471319157,
            "brake": 0.0,
            "steer": 0.0
        },
        {
            "throttle": 0.5792956498850833,
            "brake": 0.0,
            "steer": 0.0
        },
        {
            "throttle": 0.578896190154951,
            "brake": 0.0,
            "steer": 0.0
        },
        {
            "throttle": 0.5784394573461815,
            "brake": 0.0,
            "steer": 0.0
        },
        {
            "throttle": 0.5779276117631652,
            "brake": 0.0,
            "steer": 0.0
        },
        {
            "throttle": 0.5773630743917566,
            "brake": 0.0,
            "steer": 0.0
        },
        {
            "throttle": 0.5767485154480184,
            "brake": 0.0,
            "steer": 0.0
        },
        {
            "throttle": 0.5760868417481372,
            "brake": 0.0,
            "steer": 0.0
        },
        {
            "throttle": 0.5753811829592457,
            "brake": 0.0,
            "steer": 0.0
        },
        {
            "throttle": 0.5746348767961865,
            "brake": 0.0,
            "steer": 0.0
        },
        {
            "throttle": 0.5738514532342323,
            "brake": 0.0,
            "steer": 0.0
        },
        {
            "throttle": 0.5730346178124349,
            "brake": 0.0,
            "steer": 0.0
        },
        {
            "throttle": 0.5721882341065776,
            "brake": 0.0,
            "steer": 0.0
        },
        {
            "throttle": 0.5713163054546291,
            "brake": 0.0,
            "steer": 0.0
        },
        {
            "throttle": 0.5704229560211397,
            "brake": 0.0,
            "steer": 0.0
        },
        {
            "throttle": 0.5695124112901391,
            "brake": 0.0,
            "steer": 0.0
        },
        {
            "throttle": 0.5685889780788058,
            "brake": 0.0,
            "steer": 0.0
        },
        {
            "throttle": 0.5676570241664403,
            "brake": 0.0,
            "steer": 0.0
        },
        {
            "throttle": 0.5667209576350954,
            "brake": 0.0,
            "steer": 0.0
        },
        {
            "throttle": 0.5657852060195813,
            "brake": 0.0,
            "steer": 0.0
        },
        {
            "throttle": 0.564854195365463,
            "brake": 0.0,
            "steer": 0.0
        },
        {
            "throttle": 0.5639323292941061,
            "brake": 0.0,
            "steer": 0.0
        },
        {
            "throttle": 0.5630239681737899,
            "brake": 0.0,
            "steer": 0.0
        },
        {
            "throttle": 0.5621334084954072,
            "brake": 0.0,
            "steer": 0.0
        },
        {
            "throttle": 0.5612648625503036,
            "brake": 0.0,
            "steer": 0.0
        },
        {
            "throttle": 0.560422438506377,
            "brake": 0.0,
            "steer": 0.0
        },
        {
            "throttle": 0.5596101209766761,
            "brake": 0.0,
            "steer": 0.0
        },
        {
            "throttle": 0.5588317521724089,
            "brake": 0.0,
            "steer": 0.0
        },
        {
            "throttle": 0.558091013729503,
            "brake": 0.0,
            "steer": 0.0
        },
        {
            "throttle": 0.5573914092946802,
            "brake": 0.0,
            "steer": 0.0
        },
        {
            "throttle": 0.5567362479534093,
            "brake": 0.0,
            "steer": 0.0
        },
        {
            "throttle": 0.5561286285781233,
            "brake": 0.0,
            "steer": 0.0
        },
        {
            "throttle": 0.5555714251707328,
            "brake": 0.0,
            "steer": 0.0
        },
        {
            "throttle": 0.5550672732687636,
            "brake": 0.0,
            "steer": 0.0
        },
        {
            "throttle": 0.5546185574794175,
            "brake": 0.0,
            "steer": 0.0
        },
        {
            "throttle": 0.5542274002005186,
            "brake": 0.0,
            "steer": 0.0
        },
        {
            "throttle": 0.5538956515816955,
            "brake": 0.0,
            "steer": 0.0
        },
        {
            "throttle": 0.5536248807732802,
            "brake": 0.0,
            "steer": 0.0
        },
        {
            "throttle": 0.5534163685043182,
            "brake": 0.0,
            "steer": 0.0
        },
        {
            "throttle": 0.5532711010247937,
            "brake": 0.0,
            "steer": 0.0
        },
        {
            "throttle": 0.5531897654407235,
            "brake": 0.0,
            "steer": 0.0
        },
        {
            "throttle": 0.5531727464641835,
            "brake": 0.0,
            "steer": 0.0
        },
        {
            "throttle": 0.5532201245936411,
            "brake": 0.0,
            "steer": 0.0
        },
        {
            "throttle": 0.5533316757331999,
            "brake": 0.0,
            "steer": 0.0
        },
        {
            "throttle": 0.553506872252556,
            "brake": 0.0,
            "steer": 0.0
        },
        {
            "throttle": 0.5537448854826563,
            "brake": 0.0,
            "steer": 0.0
        },
        {
            "throttle": 0.5540445896352495,
            "brake": 0.0,
            "steer": 0.0
        },
        {
            "throttle": 0.5544045671277945,
            "brake": 0.0,
            "steer": 0.0
        },
        {
            "throttle": 0.5548231152885381,
            "brake": 0.0,
            "steer": 0.0
        },
        {
            "throttle": 0.5552982544100467,
            "brake": 0.0,
            "steer": 0.0
        },
        {
            "throttle": 0.5558277371131006,
            "brake": 0.0,
            "steer": 0.0
        },
        {
            "throttle": 0.5564090589766604,
            "brake": 0.0,
            "steer": 0.0
        },
        {
            "throttle": 0.5570394703836237,
            "brake": 0.0,
            "steer": 0.0
        },
        {
            "throttle": 0.5577159895263464,
            "brake": 0.0,
            "steer": 0.0
        },
        {
            "throttle": 0.5584354165104101,
            "brake": 0.0,
            "steer": 0.0
        },
        {
            "throttle": 0.559194348489927,
            "brake": 0.0,
            "steer": 0.0
        },
        {
            "throttle": 0.5599891957627934,
            "brake": 0.0,
            "steer": 0.0
        },
        {
            "throttle": 0.5608161987497605,
            "brake": 0.0,
            "steer": 0.0
        },
        {
            "throttle": 0.5616714457770159,
            "brake": 0.0,
            "steer": 0.0
        },
        {
            "throttle": 0.5625508915781608,
            "brake": 0.0,
            "steer": 0.0
        },
        {
            "throttle": 0.5634503764280744,
            "brake": 0.0,
            "steer": 0.0
        },
        {
            "throttle": 0.5643656458181588,
            "brake": 0.0,
            "steer": 0.0
        },
        {
            "throttle": 0.5652923705799062,
            "brake": 0.0,
            "steer": 0.0
        },
        {
            "throttle": 0.5662261673616014,
            "brake": 0.0,
            "steer": 0.0
        },
        {
            "throttle": 0.5671626193613083,
            "brake": 0.0,
            "steer": 0.0
        },
        {
            "throttle": 0.5680972972180739,
            "brake": 0.0,
            "steer": 0.0
        },
        {
            "throttle": 0.5690257799625353,
            "brake": 0.0,
            "steer": 0.0
        },
        {
            "throttle": 0.5699436759278359,
            "brake": 0.0,
            "steer": 0.0
        },
        {
            "throttle": 0.5708466435219415,
            "brake": 0.0,
            "steer": 0.0
        },
        {
            "throttle": 0.571730411763106,
            "brake": 0.0,
            "steer": 0.0
        },
        {
            "throttle": 0.5725908004813554,
            "brake": 0.0,
            "steer": 0.0
        },
        {
            "throttle": 0.5734237400904363,
            "brake": 0.0,
            "steer": 0.0
        },
        {
            "throttle": 0.5742252908367114,
            "brake": 0.0,
            "steer": 0.0
        }
    ],
    "parameters": {
        "cloudiness": 66.8835323236981,
        "fog_density": 28.73763169166576,
        "initial_distance": 37.511058106586034,
        "initial_ego_velocity": 11.59166378567776,
        "initial_lead_velocity": 20.595200072999987,
        "lead_base_throttle": 0.5667875314147965,
        "lead_behavior_frequency": 0.10947968382022662,
        "lead_brake_duration": 14.36197456552246,
        "lead_brake_intensity": 0.2725538228688139,
        "lead_brake_probability": 0.12503954873556983,
        "lead_throttle_variation": 0.016258525602590758,
        "precipitation": 21.69348259222723,
        "precipitation_deposits": 61.769549631526644,
        "sun_altitude_angle": 83.44810063130016,
        "wind_intensity": 21.04364656669861
    },
    "config": {
        "num_timesteps": 200,
        "dt": 0.1,
        "seed": 130
    }
}