{
    "weather": {
        "cloudiness": 58.52014062950679,
        "precipitation": 6.389226762013756,
        "precipitation_deposits": 54.34603110960189,
        "wind_intensity": 16.667165602051792,
        "sun_altitude_angle": 86.9057854301657,
        "fog_density": 42.446909246332226,
        "fog_distance": 242.95064217903976,
        "wetness": 3.194613381006878
    },
    "initial_conditions": {
        "ego": {
            "position": {
                "x": 516.9867411304167,
                "y": 20.57,
                "z": 0.294
            },
            "yaw": 0.0,
            "velocity": 12.476574208629643
        },
        "lead": {
            "position": {
                "x": 484.88,
                "y": 20.57,
                "z": 0.294
            },
            "yaw": 0.0,
            "velocity": 16.631089118614046
        }
    },
    "ego": {
        "position": {
            "x": 516.9867411304167,
            "y": 20.57,
            "z": 0.294
        },
        "yaw": 0.0,
        "velocity": 12.476574208629643
    },
    "lead": {
        "position": {
            "x": 484.88,
            "y": 20.57,
            "z": 0.294
        },
        "yaw": 0.0,
        "velocity": 16.631089118614046
    },
    "ado_actions": [
        {
            "throttle": 0.3100527566340561,
            "brake": 0.0,
            "steer": 0.0
        },
        {
            "throttle": 0.31034266169796176,
            "brake": 0.0,
            "steer": 0.0
        },
        {
            "throttle": 0.31088922155978305,
            "brake": 0.0,
            "steer": 0.0
        },
        {
            "throttle": 0.3116583138118882,
            "brake": 0.0,
            "steer": 0.0
        },
        {
            "throttle": 0.3126151553821907,
            "brake": 0.0,
            "steer": 0.0
        },
        {
            "throttle": 0.3137245527094059,
            "brake": 0.0,
            "steer": 0.0
        },
        {
            "throttle": 0.3149511840413421,
            "brake": 0.0,
            "steer": 0.0
        },
        {
            "throttle": 0.31625990709909285,
            "brake": 0.0,
            "steer": 0.0
        },
        {
            "throttle": 0.3176160852381932,
            "brake": 0.0,
            "steer": 0.0
        },
        {
            "throttle": 0.318985925200838,
            "brake": 0.0,
            "steer": 0.0
        },
        {
            "throttle": 0.3203368195942882,
            "brake": 0.0,
            "steer": 0.0
        },
        {
            "throttle": 0.32163768735135,
            "brake": 0.0,
            "steer": 0.0
        },
        {
            "throttle": 0.32285930562965115,
            "brake": 0.0,
            "steer": 0.0
        },
        {
            "throttle": 0.32397462688629985,
            "brake": 0.0,
            "steer": 0.0
        },
        {
            "throttle": 0.32495907522099987,
            "brake": 0.0,
            "steer": 0.0
        },
        {
            "throttle": 0.325790816510113,
            "brake": 0.0,
            "steer": 0.0
        },
        {
            "throttle": 0.3264509973515798,
            "brake": 0.0,
            "steer": 0.0
        },
        {
            "throttle": 0.3269239483999771,
            "brake": 0.0,
            "steer": 0.0
        },
        {
            "throttle": 0.3271973482852023,
            "brake": 0.0,
            "steer": 0.0
        },
        {
            "throttle": 0.32726234496932377,
            "brake": 0.0,
            "steer": 0.0
        },
        {
            "throttle": 0.32711363209521405,
            "brake": 0.0,
            "steer": 0.0
        },
        {
            "throttle": 0.3267494786082379,
            "brake": 0.0,
            "steer": 0.0
        },
        {
            "throttle": 0.3261717106785447,
            "brake": 0.0,
            "steer": 0.0
        },
        {
            "throttle": 0.3253856457061131,
            "brake": 0.0,
            "steer": 0.0
        },
        {
            "throttle": 0.32439997894312106,
            "brake": 0.0,
            "steer": 0.0
        },
        {
            "throttle": 0.32322662400795327,
            "brake": 0.0,
            "steer": 0.0
        },
        {
            "throttle": 0.32188050928181694,
            "brake": 0.0,
            "steer": 0.0
        },
        {
            "throttle": 0.3203793328624301,
            "brake": 0.0,
            "steer": 0.0
        },
        {
            "throttle": 0.3187432793899128,
            "brake": 0.0,
            "steer": 0.0
        },
        {
            "throttle": 0.31699470264879837,
            "brake": 0.0,
            "steer": 0.0
        },
        {
            "throttle": 0.3151577783786475,
            "brake": 0.0,
            "steer": 0.0
        },
        {
            "throttle": 0.3132581321866184,
            "brake": 0.0,
            "steer": 0.0
        },
        {
            "throttle": 0.31132244784199975,
            "brake": 0.0,
            "steer": 0.0
        },
        {
            "throttle": 0.3093780615397054,
            "brake": 0.0,
            "steer": 0.0
        },
        {
            "throttle": 0.3074525479427542,
            "brake": 0.0,
            "steer": 0.0
        },
        {
            "throttle": 0.30557330394972754,
            "brake": 0.0,
            "steer": 0.0
        },
        {
            "throttle": 0.30376713618028,
            "brake": 0.0,
            "steer": 0.0
        },
        {
            "throttle": 0.30205985812943587,
            "brake": 0.0,
            "steer": 0.0
        },
        {
            "throttle": 0.30047590281039627,
            "brake": 0.0,
            "steer": 0.0
        },
        {
            "throttle": 0.2990379564879525,
            "brake": 0.0,
            "steer": 0.0
        },
        {
            "throttle": 0.29776661880366273,
            "brake": 0.0,
            "steer": 0.0
        },
        {
            "throttle": 0.29668009421422176,
            "brake": 0.0,
            "steer": 0.0
        },
        {
            "throttle": 0.29579391921160464,
            "brake": 0.0,
            "steer": 0.0
        },
        {
            "throttle": 0.295120729274333,
            "brake": 0.0,
            "steer": 0.0
        },
        {
            "throttle": 0.2946700689212951,
            "brake": 0.0,
            "steer": 0.0
        },
        {
            "throttle": 0.29444824761150806,
            "brake": 0.0,
            "steer": 0.0
        },
        {
            "throttle": 0.2944582435643284,
            "brake": 0.0,
            "steer": 0.0
        },
        {
            "throttle": 0.2650124192078956,
            "brake": 0.03548988592375629,
            "steer": 0.0
        },
        {
            "throttle": 0.23851117728710602,
            "brake": 0.06743078325513696,
            "steer": 0.0
        },
        {
            "throttle": 0.21466005955839543,
            "brake": 0.09617759085337957,
            "steer": 0.0
        },
        {
            "throttle": 0.1931940536025559,
            "brake": 0.12204971769179791,
            "steer": 0.0
        },
        {
            "throttle": 0.1738746482423003,
            "brake": 0.1453346318463744,
            "steer": 0.0
        },
        {
            "throttle": 0.15648718341807027,
            "brake": 0.16629105458549326,
            "steer": 0.0
        },
        {
            "throttle": 0.14083846507626324,
            "brake": 0.18515183505070024,
            "steer": 0.0
        },
        {
            "throttle": 0.12675461856863693,
            "brake": 0.2021265374693865,
            "steer": 0.0
        },
        {
            "throttle": 0.11407915671177324,
            "brake": 0.21740376964620414,
            "steer": 0.0
        },
        {
            "throttle": 0.10267124104059591,
            "brake": 0.23115327860534002,
            "steer": 0.0
        },
        {
            "throttle": 0.09240411693653633,
            "brake": 0.24352783666856231,
            "steer": 0.0
        },
        {
            "throttle": 0.11580523134808515,
            "brake": 0.2191750530017061,
            "steer": 0.0
        },
        {
            "throttle": 0.1370659911648593,
            "brake": 0.19725754770153547,
            "steer": 0.0
        },
        {
            "throttle": 0.1563734542228167,
            "brake": 0.17753179293138194,
            "steer": 0.0
        },
        {
            "throttle": 0.1738934338192415,
            "brake": 0.15977861363824375,
            "steer": 0.0
        },
        {
            "throttle": 0.1897730568695462,
            "brake": 0.14380075227441938,
            "steer": 0.0
        },
        {
            "throttle": 0.2041430971792646,
            "brake": 0.12942067704697743,
            "steer": 0.0
        },
        {
            "throttle": 0.217120099492556,
            "brake": 0.11647860934227969,
            "steer": 0.0
        },
        {
            "throttle": 0.2288083080582383,
            "brake": 0.10483074840805172,
            "steer": 0.0
        },
        {
            "throttle": 0.23930141183161416,
            "brake": 0.09434767356724655,
            "steer": 0.0
        },
        {
            "throttle": 0.24868411707905091,
            "brake": 0.0849129062105219,
            "steer": 0.0
        },
        {
            "throttle": 0.25703355704732306,
            "brake": 0.07642161558946971,
            "steer": 0.0
        },
        {
            "throttle": 0.26442054747690885,
            "brake": 0.06877945403052274,
            "steer": 0.0
        },
        {
            "throttle": 0.2709106960543099,
            "brake": 0.061901508627470465,
            "steer": 0.0
        },
        {
            "throttle": 0.2765653733903155,
            "brake": 0.05571135776472342,
            "steer": 0.0
        },
        {
            "throttle": 0.2814425527569419,
            "brake": 0.05014022198825108,
            "steer": 0.0
        },
        {
            "throttle": 0.28559752559419394,
            "brake": 0.04512619978942597,
            "steer": 0.0
        },
        {
            "throttle": 0.28908349968819713,
            "brake": 0.04061357981048337,
            "steer": 0.0
        },
        {
            "throttle": 0.26017514971937744,
            "brake": 0.07204210775319134,
            "steer": 0.0
        },
        {
            "throttle": 0.2341576347474397,
            "brake": 0.1003277829016285,
            "steer": 0.0
        },
        {
            "throttle": 0.21074187127269572,
            "brake": 0.12578489053522196,
            "steer": 0.0
        },
        {
            "throttle": 0.18966768414542615,
            "brake": 0.14869628740545604,
            "steer": 0.0
        },
        {
            "throttle": 0.17070091573088353,
            "brake": 0.16931654458866674,
            "steer": 0.0
        },
        {
            "throttle": 0.1536308241577952,
            "brake": 0.18787477605355637,
            "steer": 0.0
        },
        {
            "throttle": 0.13826774174201567,
            "brake": 0.20457718437195704,
            "steer": 0.0
        },
        {
            "throttle": 0.1244409675678141,
            "brake": 0.21960935185851763,
            "steer": 0.0
        },
        {
            "throttle": 0.1119968708110327,
            "brake": 0.23313830259642215,
            "steer": 0.0
        },
        {
            "throttle": 0.10079718372992943,
            "brake": 0.24531435826053624,
            "steer": 0.0
        },
        {
            "throttle": 0.09071746535693649,
            "brake": 0.2562728083582389,
            "steer": 0.0
        },
        {
            "throttle": 0.1106266933570263,
            "brake": 0.23064552752241502,
            "steer": 0.0
        },
        {
            "throttle": 0.12840477522016863,
            "brake": 0.2075809747701735,
            "steer": 0.0
        },
        {
            "throttle": 0.1442966302955185,
            "brake": 0.18682287729315616,
            "steer": 0.0
        },
        {
            "throttle": 0.15852427906082453,
            "brake": 0.16814058956384056,
            "steer": 0.0
        },
        {
            "throttle": 0.17128864227445487,
            "brake": 0.15132653060745652,
            "steer": 0.0
        },
        {
            "throttle": 0.1827711440150082,
            "brake": 0.13619387754671086,
            "steer": 0.0
        },
        {
            "throttle": 0.19313514566842999,
            "brake": 0.12257448979203978,
            "steer": 0.0
        },
        {
            "throttle": 0.20252723534511102,
            "brake": 0.1103170408128358,
            "steer": 0.0
        },
        {
            "throttle": 0.21107839477840762,
            "brake": 0.09928533673155222,
            "steer": 0.0
        },
        {
            "throttle": 0.2189050634565001,
            "brake": 0.08935680305839701,
            "steer": 0.0
        },
        {
            "throttle": 0.22611011755973173,
            "brake": 0.0804211227525573,
            "steer": 0.0
        },
        {
            "throttle": 0.2327837792065776,
            "brake": 0.07237901047730158,
            "steer": 0.0
        },
        {
            "throttle": 0.23900446954668167,
            "brake": 0.06514110942957142,
            "steer": 0.0
        },
        {
            "throttle": 0.2448396173746349,
            "brake": 0.05862699848661428,
            "steer": 0.0
        },
        {
            "throttle": 0.25034643317085814,
            "brake": 0.05276429863795286,
            "steer": 0.0
        },
        {
            "throttle": 0.2555726568051706,
            "brake": 0.047487868774157574,
            "steer": 0.0
        },
        {
            "throttle": 0.2605572855647102,
            "brake": 0.04273908189674182,
            "steer": 0.0
        },
        {
            "throttle": 0.2653312876921646,
            "brake": 0.03846517370706764,
            "steer": 0.0
        },
        {
            "throttle": 0.26991830524484245,
            "brake": 0.034618656336360874,
            "steer": 0.0
        },
        {
            "throttle": 0.2743353488125327,
            "brake": 0.031156790702724788,
            "steer": 0.0
        },
        {
            "throttle": 0.27859348546517027,
            "brake": 0.02804111163245231,
            "steer": 0.0
        },
        {
            "throttle": 0.2826985202429134,
            "brake": 0.02523700046920708,
            "steer": 0.0
        },
        {
            "throttle": 0.28665167055401486,
            "brake": 0.02271330042228637,
            "steer": 0.0
        },
        {
            "throttle": 0.29045023201218656,
            "brake": 0.020441970380057736,
            "steer": 0.0
        },
        {
            "throttle": 0.2940882335268351,
            "brake": 0.018397773342051962,
            "steer": 0.0
        },
        {
            "throttle": 0.2975570788577662,
            "brake": 0.016557996007846767,
            "steer": 0.0
        },
        {
            "throttle": 0.3008461713611155,
            "brake": 0.01490219640706209,
            "steer": 0.0
        },
        {
            "throttle": 0.3039435182848936,
            "brake": 0.01341197676635588,
            "steer": 0.0
        },
        {
            "throttle": 0.30683631071920425,
            "brake": 0.012070779089720292,
            "steer": 0.0
        },
        {
            "throttle": 0.3095114751654833,
            "brake": 0.010863701180748263,
            "steer": 0.0
        },
        {
            "throttle": 0.31195619265752816,
            "brake": 0.009777331062673438,
            "steer": 0.0
        },
        {
            "throttle": 0.3141583814401434,
            "brake": 0.008799597956406094,
            "steer": 0.0
        },
        {
            "throttle": 0.3161071393833331,
            "brake": 0.007919638160765486,
            "steer": 0.0
        },
        {
            "throttle": 0.3177931425745824,
            "brake": 0.007127674344688938,
            "steer": 0.0
        },
        {
            "throttle": 0.31920899688135035,
            "brake": 0.006414906910220044,
            "steer": 0.0
        },
        {
            "throttle": 0.3203495397020464,
            "brake": 0.00577341621919804,
            "steer": 0.0
        },
        {
            "throttle": 0.32121208961727415,
            "brake": 0.005196074597278236,
            "steer": 0.0
        },
        {
            "throttle": 0.3217966422041009,
            "brake": 0.004676467137550412,
            "steer": 0.0
        },
        {
            "throttle": 0.32210601087406787,
            "brake": 0.0042088204237953715,
            "steer": 0.0
        },
        {
            "throttle": 0.3221459122296626,
            "brake": 0.0037879383814158345,
            "steer": 0.0
        },
        {
            "throttle": 0.3219249960927878,
            "brake": 0.003409144543274251,
            "steer": 0.0
        },
        {
            "throttle": 0.32145482103095596,
            "brake": 0.003068230088946826,
            "steer": 0.0
        },
        {
            "throttle": 0.32074977688108,
            "brake": 0.0027614070800521433,
            "steer": 0.0
        },
        {
            "throttle": 0.31982695643550296,
            "brake": 0.002485266372046929,
            "steer": 0.0
        },
        {
            "throttle": 0.3187059790992775,
            "brake": 0.0022367397348422363,
            "steer": 0.0
        },
        {
            "throttle": 0.31740876994106115,
            "brake": 0.0020130657613580127,
            "steer": 0.0
        },
        {
            "throttle": 0.3159592981322992,
            "brake": 0.0018117591852222115,
            "steer": 0.0
        },
        {
            "throttle": 0.3143832792912873,
            "brake": 0.0016305832666999903,
            "steer": 0.0
        },
        {
            "throttle": 0.3127078467117437,
            "brake": 0.0014675249400299913,
            "steer": 0.0
        },
        {
            "throttle": 0.3109611968521228,
            "brake": 0.0013207724460269923,
            "steer": 0.0
        },
        {
            "throttle": 0.3091722147855661,
            "brake": 0.001188695201424293,
            "steer": 0.0
        },
        {
            "throttle": 0.30737008555575307,
            "brake": 0.0010698256812818638,
            "steer": 0.0
        },
        {
            "throttle": 0.30558389754683285,
            "brake": 0.0009628431131536774,
            "steer": 0.0
        },
        {
            "throttle": 0.30384224405320104,
            "brake": 0.0008665588018383096,
            "steer": 0.0
        },
        {
            "throttle": 0.30217282922555316,
            "brake": 0.0007799029216544787,
            "steer": 0.0
        },
        {
            "throttle": 0.30060208447314013,
            "brake": 0.0007019126294890308,
            "steer": 0.0
        },
        {
            "throttle": 0.2991548012195266,
            "brake": 0.0006317213665401278,
            "steer": 0.0
        },
        {
            "throttle": 0.2978537856427748,
            "brake": 0.000568549229886115,
            "steer": 0.0
        },
        {
            "throttle": 0.29671954068446965,
            "brake": 0.0005116943068975035,
            "steer": 0.0
        },
        {
            "throttle": 0.29576998019019135,
            "brake": 0.0004605248762077532,
            "steer": 0.0
        },
        {
            "throttle": 0.2950201795528996,
            "brake": 0.0004144723885869779,
            "steer": 0.0
        },
        {
            "throttle": 0.2944821666772166,
            "brake": 0.0003730251497282801,
            "steer": 0.0
        },
        {
            "throttle": 0.29416475647473295,
            "brake": 0.0003357226347554521,
            "steer": 0.0
        },
        {
            "throttle": 0.2940734314469688,
            "brake": 0.0003021503712799069,
            "steer": 0.0
        },
        {
            "throttle": 0.29421027022295015,
            "brake": 0.0002719353341519162,
            "steer": 0.0
        },
        {
            "throttle": 0.29457392520250386,
            "brake": 0.0002447418007367246,
            "steer": 0.0
        },
        {
            "throttle": 0.2951596497247272,
            "brake": 0.00022026762066305213,
            "steer": 0.0
        },
        {
            "throttle": 0.29595937444428794,
            "brake": 0.00019824085859674692,
            "steer": 0.0
        },
        {
            "throttle": 0.2969618318669819,
            "brake": 0.00017841677273707223,
            "steer": 0.0
        },
        {
            "throttle": 0.2981527272809743,
            "brake": 0.000160575095463365,
            "steer": 0.0
        },
        {
            "throttle": 0.2995149536317984,
            "brake": 0.0001445175859170285,
            "steer": 0.0
        },
        {
            "throttle": 0.301028847237524,
            "brake": 0.00013006582732532566,
            "steer": 0.0
        },
        {
            "throttle": 0.30267248063504715,
            "brake": 0.0001170592445927931,
            "steer": 0.0
        },
        {
            "throttle": 0.3044219882980283,
            "brake": 0.00010535332013351379,
            "steer": 0.0
        },
        {
            "throttle": 0.30625192047964933,
            "brake": 9.481798812016242e-05,
            "steer": 0.0
        },
        {
            "throttle": 0.30813562001619155,
            "brake": 8.533618930814618e-05,
            "steer": 0.0
        },
        {
            "throttle": 0.31004561658653357,
            "brake": 7.680257037733156e-05,
            "steer": 0.0
        },
        {
            "throttle": 0.3119540326630055,
            "brake": 6.91223133395984e-05,
            "steer": 0.0
        },
        {
            "throttle": 0.3138329952143937,
            "brake": 6.221008200563857e-05,
            "steer": 0.0
        },
        {
            "throttle": 0.3156550471348015,
            "brake": 5.598907380507471e-05,
            "steer": 0.0
        },
        {
            "throttle": 0.3173935523737871,
            "brake": 5.039016642456724e-05,
            "steer": 0.0
        },
        {
            "throttle": 0.31902308883366987,
            "brake": 4.5351149782110516e-05,
            "steer": 0.0
        },
        {
            "throttle": 0.3205198232777704,
            "brake": 4.0816034803899465e-05,
            "steer": 0.0
        },
        {
            "throttle": 0.32186186275598616,
            "brake": 3.673443132350952e-05,
            "steer": 0.0
        },
        {
            "throttle": 0.32302957739763544,
            "brake": 3.3060988191158566e-05,
            "steer": 0.0
        },
        {
            "throttle": 0.32400588984085604,
            "brake": 2.975488937204271e-05,
            "steer": 0.0
        },
        {
            "throttle": 0.3247765270568455,
            "brake": 2.677940043483844e-05,
            "steer": 0.0
        },
        {
            "throttle": 0.3253302308786816,
            "brake": 2.41014603913546e-05,
            "steer": 0.0
        },
        {
            "throttle": 0.3256589241502463,
            "brake": 2.169131435221914e-05,
            "steer": 0.0
        },
        {
            "throttle": 0.3257578300619817,
            "brake": 1.9522182916997227e-05,
            "steer": 0.0
        },
        {
            "throttle": 0.3256255429272587,
            "brake": 1.7569964625297504e-05,
            "steer": 0.0
        },
        {
            "throttle": 0.3252640493659231,
            "brake": 1.5812968162767754e-05,
            "steer": 0.0
        },
        {
            "throttle": 0.32467869958963524,
            "brake": 1.4231671346490979e-05,
            "steer": 0.0
        },
        {
            "throttle": 0.3238781292162127,
            "brake": 1.2808504211841882e-05,
            "steer": 0.0
        },
        {
            "throttle": 0.3228741327665692,
            "brake": 1.1527653790657693e-05,
            "steer": 0.0
        },
        {
            "throttle": 0.32168149070732327,
            "brake": 1.0374888411591924e-05,
            "steer": 0.0
        },
        {
            "throttle": 0.3203177525843053,
            "brake": 9.337399570432731e-06,
            "steer": 0.0
        },
        {
            "throttle": 0.31880297943699026,
            "brake": 8.403659613389458e-06,
            "steer": 0.0
        },
        {
            "throttle": 0.31715944928184886,
            "brake": 7.563293652050512e-06,
            "steer": 0.0
        },
        {
            "throttle": 0.3154113299949469,
            "brake": 6.806964286845461e-06,
            "steer": 0.0
        },
        {
            "throttle": 0.3135843244028683,
            "brake": 6.126267858160915e-06,
            "steer": 0.0
        },
        {
            "throttle": 0.3117052927991422,
            "brake": 5.513641072344824e-06,
            "steer": 0.0
        },
        {
            "throttle": 0.30980185843483027,
            "brake": 4.962276965110341e-06,
            "steer": 0.0
        },
        {
            "throttle": 0.3079020017818961,
            "brake": 4.466049268599308e-06,
            "steer": 0.0
        },
        {
            "throttle": 0.3060336495327627,
            "brake": 4.019444341739377e-06,
            "steer": 0.0
        },
        {
            "throttle": 0.30422426437664335,
            "brake": 3.6174999075654397e-06,
            "steer": 0.0
        },
        {
            "throttle": 0.3025004415816673,
            "brake": 3.255749916808896e-06,
            "steer": 0.0
        },
        {
            "throttle": 0.30088751831168564,
            "brake": 2.9301749251280065e-06,
            "steer": 0.0
        },
        {
            "throttle": 0.29940920141940414,
            "brake": 2.637157432615206e-06,
            "steer": 0.0
        },
        {
            "throttle": 0.2980872191858937,
            "brake": 2.3734416893536853e-06,
            "steer": 0.0
        },
        {
            "throttle": 0.2969410021245754,
            "brake": 2.136097520418317e-06,
            "steer": 0.0
        },
        {
            "throttle": 0.295987397540623,
            "brake": 1.9224877683764853e-06,
            "steer": 0.0
        },
        {
            "throttle": 0.29524042204065776,
            "brake": 1.7302389915388369e-06,
            "steer": 0.0
        },
        {
            "throttle": 0.29471105562991173,
            "brake": 1.5572150923849532e-06,
            "steer": 0.0
        }
    ],
    "parameters": {
        "cloudiness": 58.52014062950679,
        "fog_density": 42.446909246332226,
        "initial_distance": 32.106741130416694,
        "initial_ego_velocity": 12.476574208629643,
        "initial_lead_velocity": 16.631089118614046,
        "lead_base_throttle": 0.3100527566340561,
        "lead_behavior_frequency": 0.19304165184016464,
        "lead_brake_duration": 11.511523144619375,
        "lead_brake_intensity": 0.3548988592375629,
        "lead_brake_probability": 0.07323235702197729,
        "lead_throttle_variation": 0.02396019213793581,
        "precipitation": 6.389226762013756,
        "precipitation_deposits": 54.34603110960189,
        "sun_altitude_angle": 86.9057854301657,
        "wind_intensity": 16.667165602051792
    },
    "config": {
        "num_timesteps": 200,
        "dt": 0.1,
        "seed": 210
    }
}