{
    "weather": {
        "cloudiness": 36.16912632609566,
        "precipitation": 53.05950015517187,
        "precipitation_deposits": 52.404295890307196,
        "wind_intensity": 41.17315188957724,
        "sun_altitude_angle": 2.378189594341208,
        "fog_density": 14.889967183794592,
        "fog_distance": 608.7593535920182,
        "wetness": 26.529750077585934
    },
    "initial_conditions": {
        "ego": {
            "position": {
                "x": 512.7082522635261,
                "y": 20.57,
                "z": 0.294
            },
            "yaw": 0.0,
            "velocity": 6.13129557329303
        },
        "lead": {
            "position": {
                "x": 484.88,
                "y": 20.57,
                "z": 0.294
            },
            "yaw": 0.0,
            "velocity": 7.236875293672584
        }
    },
    "ego": {
        "position": {
            "x": 512.7082522635261,
            "y": 20.57,
            "z": 0.294
        },
        "yaw": 0.0,
        "velocity": 6.13129557329303
    },
    "lead": {
        "position": {
            "x": 484.88,
            "y": 20.57,
            "z": 0.294
        },
        "yaw": 0.0,
        "velocity": 7.236875293672584
    },
    "ado_actions": [
        {
            "throttle": 0.3369243300486219,
            "brake": 0.0,
            "steer": 0.0
        },
        {
            "throttle": 0.338626257668844,
            "brake": 0.0,
            "steer": 0.0
        },
        {
            "throttle": 0.3418492118357355,
            "brake": 0.0,
            "steer": 0.0
        },
        {
            "throttle": 0.3464197406468988,
            "brake": 0.0,
            "steer": 0.0
        },
        {
            "throttle": 0.35217123078071977,
            "brake": 0.0,
            "steer": 0.0
        },
        {
            "throttle": 0.3589434240712805,
            "brake": 0.0,
            "steer": 0.0
        },
        {
            "throttle": 0.3665820472709277,
            "brake": 0.0,
            "steer": 0.0
        },
        {
            "throttle": 0.374938542012637,
            "brake": 0.0,
            "steer": 0.0
        },
        {
            "throttle": 0.38386988288559987,
            "brake": 0.0,
            "steer": 0.0
        },
        {
            "throttle": 0.3932384723616274,
            "brake": 0.0,
            "steer": 0.0
        },
        {
            "throttle": 0.4029121020671325,
            "brake": 0.0,
            "steer": 0.0
        },
        {
            "throttle": 0.4127639705946507,
            "brake": 0.0,
            "steer": 0.0
        },
        {
            "throttle": 0.4226727486970897,
            "brake": 0.0,
            "steer": 0.0
        },
        {
            "throttle": 0.43252268331424787,
            "brake": 0.0,
            "steer": 0.0
        },
        {
            "throttle": 0.44220373245083816,
            "brake": 0.0,
            "steer": 0.0
        },
        {
            "throttle": 0.45161172346376743,
            "brake": 0.0,
            "steer": 0.0
        },
        {
            "throttle": 0.4606485278284923,
            "brake": 0.0,
            "steer": 0.0
        },
        {
            "throttle": 0.4692222459440146,
            "brake": 0.0,
            "steer": 0.0
        },
        {
            "throttle": 0.47724739600700095,
            "brake": 0.0,
            "steer": 0.0
        },
        {
            "throttle": 0.4846451014405829,
            "brake": 0.0,
            "steer": 0.0
        },
        {
            "throttle": 0.4913432718050952,
            "brake": 0.0,
            "steer": 0.0
        },
        {
            "throttle": 0.4972767725483662,
            "brake": 0.0,
            "steer": 0.0
        },
        {
            "throttle": 0.5023875793738081,
            "brake": 0.0,
            "steer": 0.0
        },
        {
            "throttle": 0.5066249134167055,
            "brake": 0.0,
            "steer": 0.0
        },
        {
            "throttle": 0.50994535382369,
            "brake": 0.0,
            "steer": 0.0
        },
        {
            "throttle": 0.5123129247280123,
            "brake": 0.0,
            "steer": 0.0
        },
        {
            "throttle": 0.5136991540042272,
            "brake": 0.0,
            "steer": 0.0
        },
        {
            "throttle": 0.5140831015703845,
            "brake": 0.0,
            "steer": 0.0
        },
        {
            "throttle": 0.513451355383641,
            "brake": 0.0,
            "steer": 0.0
        },
        {
            "throttle": 0.5117979936460822,
            "brake": 0.0,
            "steer": 0.0
        },
        {
            "throttle": 0.5091245121009829,
            "brake": 0.0,
            "steer": 0.0
        },
        {
            "throttle": 0.5054397156551365,
            "brake": 0.0,
            "steer": 0.0
        },
        {
            "throttle": 0.5007595739095265,
            "brake": 0.0,
            "steer": 0.0
        },
        {
            "throttle": 0.4951070405176521,
            "brake": 0.0,
            "steer": 0.0
        },
        {
            "throttle": 0.48851183661738434,
            "brake": 0.0,
            "steer": 0.0
        },
        {
            "throttle": 0.4810101988973428,
            "brake": 0.0,
            "steer": 0.0
        },
        {
            "throttle": 0.4726445931614586,
            "brake": 0.0,
            "steer": 0.0
        },
        {
            "throttle": 0.46346339454462004,
            "brake": 0.0,
            "steer": 0.0
        },
        {
            "throttle": 0.45352053580705476,
            "brake": 0.0,
            "steer": 0.0
        },
        {
            "throttle": 0.44287512539438556,
            "brake": 0.0,
            "steer": 0.0
        },
        {
            "throttle": 0.43159103719312386,
            "brake": 0.0,
            "steer": 0.0
        },
        {
            "throttle": 0.4197364741367867,
            "brake": 0.0,
            "steer": 0.0
        },
        {
            "throttle": 0.4073835080249562,
            "brake": 0.0,
            "steer": 0.0
        },
        {
            "throttle": 0.3946075981056049,
            "brake": 0.0,
            "steer": 0.0
        },
        {
            "throttle": 0.3814870911391384,
            "brake": 0.0,
            "steer": 0.0
        },
        {
            "throttle": 0.3681027058101771,
            "brake": 0.0,
            "steer": 0.0
        },
        {
            "throttle": 0.35453700447953296,
            "brake": 0.0,
            "steer": 0.0
        },
        {
            "throttle": 0.34087385537364584,
            "brake": 0.0,
            "steer": 0.0
        },
        {
            "throttle": 0.32719788839155217,
            "brake": 0.0,
            "steer": 0.0
        },
        {
            "throttle": 0.313593947769991,
            "brake": 0.0,
            "steer": 0.0
        },
        {
            "throttle": 0.3001465448853612,
            "brake": 0.0,
            "steer": 0.0
        },
        {
            "throttle": 0.2869393144868859,
            "brake": 0.0,
            "steer": 0.0
        },
        {
            "throttle": 0.2740544776486067,
            "brake": 0.0,
            "steer": 0.0
        },
        {
            "throttle": 0.2615723146989246,
            "brake": 0.0,
            "steer": 0.0
        },
        {
            "throttle": 0.24957065133566014,
            "brake": 0.0,
            "steer": 0.0
        },
        {
            "throttle": 0.23812436106247098,
            "brake": 0.0,
            "steer": 0.0
        },
        {
            "throttle": 0.22730488698952056,
            "brake": 0.0,
            "steer": 0.0
        },
        {
            "throttle": 0.2171797859282245,
            "brake": 0.0,
            "steer": 0.0
        },
        {
            "throttle": 0.2078122975775248,
            "brake": 0.0,
            "steer": 0.0
        },
        {
            "throttle": 0.1992609414483736,
            "brake": 0.0,
            "steer": 0.0
        },
        {
            "throttle": 0.19157914400497716,
            "brake": 0.0,
            "steer": 0.0
        },
        {
            "throttle": 0.18481489831698628,
            "brake": 0.0,
            "steer": 0.0
        },
        {
            "throttle": 0.17901045831744325,
            "brake": 0.0,
            "steer": 0.0
        },
        {
            "throttle": 0.1742020695482224,
            "brake": 0.0,
            "steer": 0.0
        },
        {
            "throttle": 0.17041973804932176,
            "brake": 0.0,
            "steer": 0.0
        },
        {
            "throttle": 0.16768703881214295,
            "brake": 0.0,
            "steer": 0.0
        },
        {
            "throttle": 0.16602096497136276,
            "brake": 0.0,
            "steer": 0.0
        },
        {
            "throttle": 0.16543181865673717,
            "brake": 0.0,
            "steer": 0.0
        },
        {
            "throttle": 0.16592314416681048,
            "brake": 0.0,
            "steer": 0.0
        },
        {
            "throttle": 0.16749170386269738,
            "brake": 0.0,
            "steer": 0.0
        },
        {
            "throttle": 0.17012749691354453,
            "brake": 0.0,
            "steer": 0.0
        },
        {
            "throttle": 0.17381382075766855,
            "brake": 0.0,
            "steer": 0.0
        },
        {
            "throttle": 0.17852737487641085,
            "brake": 0.0,
            "steer": 0.0
        },
        {
            "throttle": 0.16067463738876978,
            "brake": 0.07568241637052442,
            "steer": 0.0
        },
        {
            "throttle": 0.1446071736498928,
            "brake": 0.1437965911039964,
            "steer": 0.0
        },
        {
            "throttle": 0.13014645628490354,
            "brake": 0.2050993483641212,
            "steer": 0.0
        },
        {
            "throttle": 0.11713181065641319,
            "brake": 0.2602718298982335,
            "steer": 0.0
        },
        {
            "throttle": 0.10541862959077188,
            "brake": 0.3099270632789346,
            "steer": 0.0
        },
        {
            "throttle": 0.12654304312220813,
            "brake": 0.27893435695104113,
            "steer": 0.0
        },
        {
            "throttle": 0.14725572359617242,
            "brake": 0.251040921255937,
            "steer": 0.0
        },
        {
            "throttle": 0.16759989199709774,
            "brake": 0.22593682913034333,
            "steer": 0.0
        },
        {
            "throttle": 0.1876037336875446,
            "brake": 0.203343146217309,
            "steer": 0.0
        },
        {
            "throttle": 0.2072819564947783,
            "brake": 0.1830088315955781,
            "steer": 0.0
        },
        {
            "throttle": 0.22663726005375084,
            "brake": 0.1647079484360203,
            "steer": 0.0
        },
        {
            "throttle": 0.24566172451582202,
            "brake": 0.14823715359241826,
            "steer": 0.0
        },
        {
            "throttle": 0.2643381255044689,
            "brake": 0.13341343823317645,
            "steer": 0.0
        },
        {
            "throttle": 0.2826411811013947,
            "brake": 0.1200720944098588,
            "steer": 0.0
        },
        {
            "throttle": 0.3005387356684104,
            "brake": 0.10806488496887293,
            "steer": 0.0
        },
        {
            "throttle": 0.3179928844427573,
            "brake": 0.09725839647198564,
            "steer": 0.0
        },
        {
            "throttle": 0.3349610420775738,
            "brake": 0.08753255682478708,
            "steer": 0.0
        },
        {
            "throttle": 0.3513969576271464,
            "brake": 0.07877930114230838,
            "steer": 0.0
        },
        {
            "throttle": 0.3672516778912738,
            "brake": 0.07090137102807754,
            "steer": 0.0
        },
        {
            "throttle": 0.38247446052794004,
            "brake": 0.06381123392526979,
            "steer": 0.0
        },
        {
            "throttle": 0.397013637912502,
            "brake": 0.05743011053274281,
            "steer": 0.0
        },
        {
            "throttle": 0.4108174323591525,
            "brake": 0.05168709947946853,
            "steer": 0.0
        },
        {
            "throttle": 0.42383472302133857,
            "brake": 0.046518389531521674,
            "steer": 0.0
        },
        {
            "throttle": 0.43601576454724866,
            "brake": 0.04186655057836951,
            "steer": 0.0
        },
        {
            "throttle": 0.44731285737989834,
            "brake": 0.03767989552053256,
            "steer": 0.0
        },
        {
            "throttle": 0.4576809694544682,
            "brake": 0.0339119059684793,
            "steer": 0.0
        },
        {
            "throttle": 0.41191287250902137,
            "brake": 0.10620313174215579,
            "steer": 0.0
        },
        {
            "throttle": 0.3707215852581192,
            "brake": 0.17126523493846463,
            "steer": 0.0
        },
        {
            "throttle": 0.3336494267323073,
            "brake": 0.22982112781514258,
            "steer": 0.0
        },
        {
            "throttle": 0.3002844840590766,
            "brake": 0.28252143140415276,
            "steer": 0.0
        },
        {
            "throttle": 0.27025603565316897,
            "brake": 0.32995170463426193,
            "steer": 0.0
        },
        {
            "throttle": 0.2967208281991604,
            "brake": 0.29695653417083573,
            "steer": 0.0
        },
        {
            "throttle": 0.319817860171289,
            "brake": 0.26726088075375215,
            "steer": 0.0
        },
        {
            "throttle": 0.3397638795780868,
            "brake": 0.24053479267837694,
            "steer": 0.0
        },
        {
            "throttle": 0.35675925303848005,
            "brake": 0.21648131341053925,
            "steer": 0.0
        },
        {
            "throttle": 0.37099032581645713,
            "brake": 0.19483318206948533,
            "steer": 0.0
        },
        {
            "throttle": 0.3826315080047251,
            "brake": 0.1753498638625368,
            "steer": 0.0
        },
        {
            "throttle": 0.3918471099385128,
            "brake": 0.15781487747628312,
            "steer": 0.0
        },
        {
            "throttle": 0.3987929478777734,
            "brake": 0.1420333897286548,
            "steer": 0.0
        },
        {
            "throttle": 0.35891365308999607,
            "brake": 0.20351246712631377,
            "steer": 0.0
        },
        {
            "throttle": 0.32302228778099645,
            "brake": 0.25884363678420685,
            "steer": 0.0
        },
        {
            "throttle": 0.2907200590028968,
            "brake": 0.3086416894763106,
            "steer": 0.0
        },
        {
            "throttle": 0.26164805310260714,
            "brake": 0.35345993689920396,
            "steer": 0.0
        },
        {
            "throttle": 0.23548324779234642,
            "brake": 0.393796359579808,
            "steer": 0.0
        },
        {
            "throttle": 0.2486609363125381,
            "brake": 0.35441672362182725,
            "steer": 0.0
        },
        {
            "throttle": 0.2588264543593046,
            "brake": 0.31897505125964454,
            "steer": 0.0
        },
        {
            "throttle": 0.26627259303856954,
            "brake": 0.2870775461336801,
            "steer": 0.0
        },
        {
            "throttle": 0.27127357831951876,
            "brake": 0.2583697915203121,
            "steer": 0.0
        },
        {
            "throttle": 0.27408691315226585,
            "brake": 0.23253281236828088,
            "steer": 0.0
        },
        {
            "throttle": 0.27495496805337205,
            "brake": 0.2092795311314528,
            "steer": 0.0
        },
        {
            "throttle": 0.27410634582658344,
            "brake": 0.18835157801830754,
            "steer": 0.0
        },
        {
            "throttle": 0.2717570439397504,
            "brake": 0.16951642021647678,
            "steer": 0.0
        },
        {
            "throttle": 0.2681114361412517,
            "brake": 0.1525647781948291,
            "steer": 0.0
        },
        {
            "throttle": 0.263363093146885,
            "brake": 0.1373083003753462,
            "steer": 0.0
        },
        {
            "throttle": 0.25769546064001525,
            "brake": 0.12357747033781158,
            "steer": 0.0
        },
        {
            "throttle": 0.25128241138489577,
            "brake": 0.11121972330403042,
            "steer": 0.0
        },
        {
            "throttle": 0.24428868693855843,
            "brake": 0.10009775097362737,
            "steer": 0.0
        },
        {
            "throttle": 0.23687024324538086,
            "brake": 0.09008797587626463,
            "steer": 0.0
        },
        {
            "throttle": 0.22917451329686417,
            "brake": 0.08107917828863817,
            "steer": 0.0
        },
        {
            "throttle": 0.22134059902527467,
            "brake": 0.07297126045977435,
            "steer": 0.0
        },
        {
            "throttle": 0.21349940366292525,
            "brake": 0.06567413441379692,
            "steer": 0.0
        },
        {
            "throttle": 0.20577371492954158,
            "brake": 0.05910672097241723,
            "steer": 0.0
        },
        {
            "throttle": 0.19827824860001753,
            "brake": 0.05319604887517551,
            "steer": 0.0
        },
        {
            "throttle": 0.19111966124657523,
            "brake": 0.04787644398765796,
            "steer": 0.0
        },
        {
            "throttle": 0.184396540236482,
            "brake": 0.04308879958889217,
            "steer": 0.0
        },
        {
            "throttle": 0.1781993783934488,
            "brake": 0.038779919630002956,
            "steer": 0.0
        },
        {
            "throttle": 0.17261054009281082,
            "brake": 0.03490192766700266,
            "steer": 0.0
        },
        {
            "throttle": 0.16770422495341963,
            "brake": 0.0314117349003024,
            "steer": 0.0
        },
        {
            "throttle": 0.16354643470933822,
            "brake": 0.02827056141027216,
            "steer": 0.0
        },
        {
            "throttle": 0.16019494828895822,
            "brake": 0.025443505269244944,
            "steer": 0.0
        },
        {
            "throttle": 0.15769930959560063,
            "brake": 0.02289915474232045,
            "steer": 0.0
        },
        {
            "throttle": 0.15610083197001917,
            "brake": 0.020609239268088404,
            "steer": 0.0
        },
        {
            "throttle": 0.1554326228199111,
            "brake": 0.018548315341279563,
            "steer": 0.0
        },
        {
            "throttle": 0.15571963142333417,
            "brake": 0.016693483807151608,
            "steer": 0.0
        },
        {
            "throttle": 0.15697872245093428,
            "brake": 0.015024135426436448,
            "steer": 0.0
        },
        {
            "throttle": 0.15921877730550185,
            "brake": 0.013521721883792803,
            "steer": 0.0
        },
        {
            "throttle": 0.16244082494623974,
            "brake": 0.012169549695413524,
            "steer": 0.0
        },
        {
            "throttle": 0.16663820344911287,
            "brake": 0.010952594725872171,
            "steer": 0.0
        },
        {
            "throttle": 0.1717967531538111,
            "brake": 0.009857335253284954,
            "steer": 0.0
        },
        {
            "throttle": 0.1778950418624142,
            "brake": 0.008871601727956459,
            "steer": 0.0
        },
        {
            "throttle": 0.1849046221851467,
            "brake": 0.007984441555160813,
            "steer": 0.0
        },
        {
            "throttle": 0.19279032077511585,
            "brake": 0.007185997399644732,
            "steer": 0.0
        },
        {
            "throttle": 0.20151055885717445,
            "brake": 0.006467397659680259,
            "steer": 0.0
        },
        {
            "throttle": 0.21101770313665683,
            "brake": 0.0058206578937122335,
            "steer": 0.0
        },
        {
            "throttle": 0.2212584458723406,
            "brake": 0.00523859210434101,
            "steer": 0.0
        },
        {
            "throttle": 0.2321742126152679,
            "brake": 0.0047147328939069096,
            "steer": 0.0
        },
        {
            "throttle": 0.24370159585168888,
            "brake": 0.004243259604516218,
            "steer": 0.0
        },
        {
            "throttle": 0.2557728125450342,
            "brake": 0.003818933644064597,
            "steer": 0.0
        },
        {
            "throttle": 0.26831618334912094,
            "brake": 0.003437040279658137,
            "steer": 0.0
        },
        {
            "throttle": 0.2812566310633433,
            "brake": 0.0030933362516923236,
            "steer": 0.0
        },
        {
            "throttle": 0.29451619572094107,
            "brake": 0.0027840026265230915,
            "steer": 0.0
        },
        {
            "throttle": 0.3080145635440556,
            "brake": 0.0025056023638707825,
            "steer": 0.0
        },
        {
            "throttle": 0.32166960686457624,
            "brake": 0.0022550421274837042,
            "steer": 0.0
        },
        {
            "throttle": 0.3353979319980731,
            "brake": 0.002029537914735334,
            "steer": 0.0
        },
        {
            "throttle": 0.34911543196963063,
            "brake": 0.0018265841232618007,
            "steer": 0.0
        },
        {
            "throttle": 0.3627378409252739,
            "brake": 0.0016439257109356208,
            "steer": 0.0
        },
        {
            "throttle": 0.3761812870209345,
            "brake": 0.0014795331398420588,
            "steer": 0.0
        },
        {
            "throttle": 0.38936284056246084,
            "brake": 0.001331579825857853,
            "steer": 0.0
        },
        {
            "throttle": 0.40220105417483454,
            "brake": 0.0011984218432720677,
            "steer": 0.0
        },
        {
            "throttle": 0.4146164918062083,
            "brake": 0.001078579658944861,
            "steer": 0.0
        },
        {
            "throttle": 0.42653224342220086,
            "brake": 0.0009707216930503749,
            "steer": 0.0
        },
        {
            "throttle": 0.4378744223175332,
            "brake": 0.0008736495237453375,
            "steer": 0.0
        },
        {
            "throttle": 0.44857264206491304,
            "brake": 0.0007862845713708037,
            "steer": 0.0
        },
        {
            "throttle": 0.4585604702343005,
            "brake": 0.0007076561142337234,
            "steer": 0.0
        },
        {
            "throttle": 0.4677758561484435,
            "brake": 0.0006368905028103511,
            "steer": 0.0
        },
        {
            "throttle": 0.4761615300918674,
            "brake": 0.000573201452529316,
            "steer": 0.0
        },
        {
            "throttle": 0.48366537155925865,
            "brake": 0.0005158813072763844,
            "steer": 0.0
        },
        {
            "throttle": 0.4902407443142114,
            "brake": 0.00046429317654874595,
            "steer": 0.0
        },
        {
            "throttle": 0.4958467962293356,
            "brake": 0.00041786385889387137,
            "steer": 0.0
        },
        {
            "throttle": 0.5004487220924035,
            "brake": 0.00037607747300448427,
            "steer": 0.0
        },
        {
            "throttle": 0.5040179877891003,
            "brake": 0.00033846972570403586,
            "steer": 0.0
        },
        {
            "throttle": 0.5065325145095464,
            "brake": 0.0003046227531336323,
            "steer": 0.0
        },
        {
            "throttle": 0.5079768218715167,
            "brake": 0.00027416047782026905,
            "steer": 0.0
        },
        {
            "throttle": 0.5083421291065782,
            "brake": 0.0002467444300382421,
            "steer": 0.0
        },
        {
            "throttle": 0.5076264137145564,
            "brake": 0.0002220699870344179,
            "steer": 0.0
        },
        {
            "throttle": 0.5058344272551425,
            "brake": 0.00019986298833097612,
            "steer": 0.0
        },
        {
            "throttle": 0.5029776682113486,
            "brake": 0.0001798766894978785,
            "steer": 0.0
        },
        {
            "throttle": 0.49907431212621645,
            "brake": 0.00016188902054809065,
            "steer": 0.0
        },
        {
            "throttle": 0.49414909947994634,
            "brake": 0.00014570011849328158,
            "steer": 0.0
        },
        {
            "throttle": 0.4882331820377455,
            "brake": 0.00013113010664395343,
            "steer": 0.0
        },
        {
            "throttle": 0.4813639286575099,
            "brake": 0.00011801709597955809,
            "steer": 0.0
        },
        {
            "throttle": 0.4735846917992895,
            "brake": 0.00010621538638160228,
            "steer": 0.0
        },
        {
            "throttle": 0.4649445362237379,
            "brake": 9.559384774344205e-05,
            "steer": 0.0
        },
        {
            "throttle": 0.4554979316028331,
            "brake": 8.603446296909784e-05,
            "steer": 0.0
        },
        {
            "throttle": 0.44530441099159385,
            "brake": 7.743101667218806e-05,
            "steer": 0.0
        },
        {
            "throttle": 0.4344281973228399,
            "brake": 6.968791500496925e-05,
            "steer": 0.0
        },
        {
            "throttle": 0.4229378002869246,
            "brake": 6.271912350447234e-05,
            "steer": 0.0
        }
    ],
    "parameters": {
        "cloudiness": 36.16912632609566,
        "fog_density": 14.889967183794592,
        "initial_distance": 27.828252263526082,
        "initial_ego_velocity": 6.13129557329303,
        "initial_lead_velocity": 7.236875293672584,
        "lead_base_throttle": 0.3369243300486219,
        "lead_behavior_frequency": 0.1262769280046218,
        "lead_brake_duration": 5.488652339613715,
        "lead_brake_intensity": 0.7568241637052441,
        "lead_brake_probability": 0.28334860737051076,
        "lead_throttle_variation": 0.21473011937560813,
        "precipitation": 53.05950015517187,
        "precipitation_deposits": 52.404295890307196,
        "sun_altitude_angle": 2.378189594341208,
        "wind_intensity": 41.17315188957724
    },
    "config": {
        "num_timesteps": 200,
        "dt": 0.1,
        "seed": 134
    }
}