{
    "weather": {
        "cloudiness": 24.403282764468813,
        "precipitation": 3.7614904235532487,
        "precipitation_deposits": 13.89119644197445,
        "wind_intensity": 30.52876081835569,
        "sun_altitude_angle": 39.18582534736211,
        "fog_density": 4.14501380980445,
        "fog_distance": 870.9531198052603,
        "wetness": 1.8807452117766243
    },
    "initial_conditions": {
        "ego": {
            "position": {
                "x": 503.0419088115244,
                "y": 20.57,
                "z": 0.294
            },
            "yaw": 0.0,
            "velocity": 17.52865172145289
        },
        "lead": {
            "position": {
                "x": 484.88,
                "y": 20.57,
                "z": 0.294
            },
            "yaw": 0.0,
            "velocity": 23.23777175606046
        }
    },
    "ego": {
        "position": {
            "x": 503.0419088115244,
            "y": 20.57,
            "z": 0.294
        },
        "yaw": 0.0,
        "velocity": 17.52865172145289
    },
    "lead": {
        "position": {
            "x": 484.88,
            "y": 20.57,
            "z": 0.294
        },
        "yaw": 0.0,
        "velocity": 23.23777175606046
    },
    "ado_actions": [
        {
            "throttle": 0.22493064469540386,
            "brake": 0.0,
            "steer": 0.0
        },
        {
            "throttle": 0.2286767745704877,
            "brake": 0.0,
            "steer": 0.0
        },
        {
            "throttle": 0.2357524372080801,
            "brake": 0.0,
            "steer": 0.0
        },
        {
            "throttle": 0.24574118161186764,
            "brake": 0.0,
            "steer": 0.0
        },
        {
            "throttle": 0.25822762407692845,
            "brake": 0.0,
            "steer": 0.0
        },
        {
            "throttle": 0.2324048616692356,
            "brake": 0.021979301418262296,
            "steer": 0.0
        },
        {
            "throttle": 0.20916437550231204,
            "brake": 0.04176067269469837,
            "steer": 0.0
        },
        {
            "throttle": 0.18824793795208083,
            "brake": 0.05956390684349083,
            "steer": 0.0
        },
        {
            "throttle": 0.16942314415687276,
            "brake": 0.07558681757740404,
            "steer": 0.0
        },
        {
            "throttle": 0.1524808297411855,
            "brake": 0.09000743723792594,
            "steer": 0.0
        },
        {
            "throttle": 0.13723274676706695,
            "brake": 0.10298599493239564,
            "steer": 0.0
        },
        {
            "throttle": 0.12350947209036026,
            "brake": 0.11466669685741837,
            "steer": 0.0
        },
        {
            "throttle": 0.11115852488132423,
            "brake": 0.12517932858993883,
            "steer": 0.0
        },
        {
            "throttle": 0.10004267239319181,
            "brake": 0.13464069714920723,
            "steer": 0.0
        },
        {
            "throttle": 0.09003840515387264,
            "brake": 0.14315592885254882,
            "steer": 0.0
        },
        {
            "throttle": 0.08103456463848538,
            "brake": 0.15081963738555623,
            "steer": 0.0
        },
        {
            "throttle": 0.07293110817463684,
            "brake": 0.15771697506526292,
            "steer": 0.0
        },
        {
            "throttle": 0.06563799735717316,
            "brake": 0.1639245789769989,
            "steer": 0.0
        },
        {
            "throttle": 0.05907419762145584,
            "brake": 0.16951142249756132,
            "steer": 0.0
        },
        {
            "throttle": 0.05316677785931026,
            "brake": 0.17453958166606748,
            "steer": 0.0
        },
        {
            "throttle": 0.04785010007337923,
            "brake": 0.17906492491772302,
            "steer": 0.0
        },
        {
            "throttle": 0.04306509006604131,
            "brake": 0.18313773384421303,
            "steer": 0.0
        },
        {
            "throttle": 0.038758581059437185,
            "brake": 0.18680326187805402,
            "steer": 0.0
        },
        {
            "throttle": 0.03488272295349347,
            "brake": 0.1901022371085109,
            "steer": 0.0
        },
        {
            "throttle": 0.07388583717042896,
            "brake": 0.1710920133976598,
            "steer": 0.0
        },
        {
            "throttle": 0.10578402590270355,
            "brake": 0.15398281205789383,
            "steer": 0.0
        },
        {
            "throttle": 0.13109956902072054,
            "brake": 0.13858453085210445,
            "steer": 0.0
        },
        {
            "throttle": 0.15034054294702748,
            "brake": 0.12472607776689401,
            "steer": 0.0
        },
        {
            "throttle": 0.1640039242095907,
            "brake": 0.11225346999020461,
            "steer": 0.0
        },
        {
            "throttle": 0.17257793762179055,
            "brake": 0.10102812299118415,
            "steer": 0.0
        },
        {
            "throttle": 0.17654371074965122,
            "brake": 0.09092531069206573,
            "steer": 0.0
        },
        {
            "throttle": 0.17637629530375523,
            "brake": 0.08183277962285916,
            "steer": 0.0
        },
        {
            "throttle": 0.17254511527041544,
            "brake": 0.07364950166057324,
            "steer": 0.0
        },
        {
            "throttle": 0.16551390089523757,
            "brake": 0.06628455149451593,
            "steer": 0.0
        },
        {
            "throttle": 0.15574016698088042,
            "brake": 0.05965609634506434,
            "steer": 0.0
        },
        {
            "throttle": 0.1436742932956491,
            "brake": 0.05369048671055791,
            "steer": 0.0
        },
        {
            "throttle": 0.12975826415385952,
            "brake": 0.04832143803950212,
            "steer": 0.0
        },
        {
            "throttle": 0.11678243773847358,
            "brake": 0.04348929423555191,
            "steer": 0.0
        },
        {
            "throttle": 0.10510419396462622,
            "brake": 0.03914036481199672,
            "steer": 0.0
        },
        {
            "throttle": 0.0945937745681636,
            "brake": 0.035226328330797044,
            "steer": 0.0
        },
        {
            "throttle": 0.08513439711134725,
            "brake": 0.031703695497717344,
            "steer": 0.0
        },
        {
            "throttle": 0.07662095740021253,
            "brake": 0.02853332594794561,
            "steer": 0.0
        },
        {
            "throttle": 0.06895886166019129,
            "brake": 0.025679993353151048,
            "steer": 0.0
        },
        {
            "throttle": 0.06206297549417216,
            "brake": 0.023111994017835945,
            "steer": 0.0
        },
        {
            "throttle": 0.05585667794475495,
            "brake": 0.020800794616052352,
            "steer": 0.0
        },
        {
            "throttle": 0.05027101015027945,
            "brake": 0.018720715154447117,
            "steer": 0.0
        },
        {
            "throttle": 0.04524390913525151,
            "brake": 0.016848643639002406,
            "steer": 0.0
        },
        {
            "throttle": 0.04071951822172636,
            "brake": 0.015163779275102166,
            "steer": 0.0
        },
        {
            "throttle": 0.03664756639955373,
            "brake": 0.01364740134759195,
            "steer": 0.0
        },
        {
            "throttle": 0.03298280975959836,
            "brake": 0.012282661212832755,
            "steer": 0.0
        },
        {
            "throttle": 0.029684528783638524,
            "brake": 0.01105439509154948,
            "steer": 0.0
        },
        {
            "throttle": 0.026716075905274674,
            "brake": 0.009948955582394533,
            "steer": 0.0
        },
        {
            "throttle": 0.024044468314747207,
            "brake": 0.008954060024155079,
            "steer": 0.0
        },
        {
            "throttle": 0.02213542661527213,
            "brake": 0.00805865402173957,
            "steer": 0.0
        },
        {
            "throttle": 0.023477474901439907,
            "brake": 0.007252788619565614,
            "steer": 0.0
        },
        {
            "throttle": 0.027957742747107706,
            "brake": 0.006527509757609053,
            "steer": 0.0
        },
        {
            "throttle": 0.035437971618828445,
            "brake": 0.005874758781848148,
            "steer": 0.0
        },
        {
            "throttle": 0.04575508608883823,
            "brake": 0.005287282903663333,
            "steer": 0.0
        },
        {
            "throttle": 0.05872214100888688,
            "brake": 0.004758554613297,
            "steer": 0.0
        },
        {
            "throttle": 0.07412962424665515,
            "brake": 0.0042826991519673,
            "steer": 0.0
        },
        {
            "throttle": 0.09174709157988906,
            "brake": 0.00385442923677057,
            "steer": 0.0
        },
        {
            "throttle": 0.11132510750124802,
            "brake": 0.003468986313093513,
            "steer": 0.0
        },
        {
            "throttle": 0.13259746305083864,
            "brake": 0.003122087681784162,
            "steer": 0.0
        },
        {
            "throttle": 0.15528363940184392,
            "brake": 0.0028098789136057458,
            "steer": 0.0
        },
        {
            "throttle": 0.17909148381228057,
            "brake": 0.002528891022245171,
            "steer": 0.0
        },
        {
            "throttle": 0.20372006275353333,
            "brake": 0.002276001920020654,
            "steer": 0.0
        },
        {
            "throttle": 0.22886265556054325,
            "brake": 0.0020484017280185886,
            "steer": 0.0
        },
        {
            "throttle": 0.25420985084157,
            "brake": 0.0018435615552167299,
            "steer": 0.0
        },
        {
            "throttle": 0.2794527071549118,
            "brake": 0.001659205399695057,
            "steer": 0.0
        },
        {
            "throttle": 0.3042859391187176,
            "brake": 0.0014932848597255513,
            "steer": 0.0
        },
        {
            "throttle": 0.3284110901761004,
            "brake": 0.001343956373752996,
            "steer": 0.0
        },
        {
            "throttle": 0.35153965369431706,
            "brake": 0.0012095607363776966,
            "steer": 0.0
        },
        {
            "throttle": 0.3733961049321202,
            "brake": 0.001088604662739927,
            "steer": 0.0
        },
        {
            "throttle": 0.3937208076569848,
            "brake": 0.0009797441964659343,
            "steer": 0.0
        },
        {
            "throttle": 0.4122727608225561,
            "brake": 0.0008817697768193409,
            "steer": 0.0
        },
        {
            "throttle": 0.4288321527105885,
            "brake": 0.0007935927991374068,
            "steer": 0.0
        },
        {
            "throttle": 0.4432026922807322,
            "brake": 0.0007142335192236661,
            "steer": 0.0
        },
        {
            "throttle": 0.4552136901315836,
            "brake": 0.0006428101673012995,
            "steer": 0.0
        },
        {
            "throttle": 0.4647218644294432,
            "brake": 0.0005785291505711696,
            "steer": 0.0
        },
        {
            "throttle": 0.47161285037575573,
            "brake": 0.0005206762355140527,
            "steer": 0.0
        },
        {
            "throttle": 0.47580239522568574,
            "brake": 0.0004686086119626474,
            "steer": 0.0
        },
        {
            "throttle": 0.4772372245014598,
            "brake": 0.0004217477507663827,
            "steer": 0.0
        },
        {
            "throttle": 0.47589556882547607,
            "brake": 0.00037957297568974444,
            "steer": 0.0
        },
        {
            "throttle": 0.47178734468843486,
            "brake": 0.00034161567812077,
            "steer": 0.0
        },
        {
            "throttle": 0.4649539864242441,
            "brake": 0.00030745411030869303,
            "steer": 0.0
        },
        {
            "throttle": 0.4554679306427278,
            "brake": 0.00027670869927782376,
            "steer": 0.0
        },
        {
            "throttle": 0.4434317583293951,
            "brake": 0.0002490378293500414,
            "steer": 0.0
        },
        {
            "throttle": 0.4289770037150546,
            "brake": 0.00022413404641503728,
            "steer": 0.0
        },
        {
            "throttle": 0.41226264280387775,
            "brake": 0.00020172064177353355,
            "steer": 0.0
        },
        {
            "throttle": 0.3934732780847707,
            "brake": 0.0001815485775961802,
            "steer": 0.0
        },
        {
            "throttle": 0.3728170393973576,
            "brake": 0.0001633937198365622,
            "steer": 0.0
        },
        {
            "throttle": 0.35052322414235443,
            "brake": 0.000147054347852906,
            "steer": 0.0
        },
        {
            "throttle": 0.32683970298095555,
            "brake": 0.0001323489130676154,
            "steer": 0.0
        },
        {
            "throttle": 0.3020301198263337,
            "brake": 0.00011911402176085386,
            "steer": 0.0
        },
        {
            "throttle": 0.27182710784370034,
            "brake": 0.022086504037847066,
            "steer": 0.0
        },
        {
            "throttle": 0.2446443970593303,
            "brake": 0.04185715505232465,
            "steer": 0.0
        },
        {
            "throttle": 0.22017995735339727,
            "brake": 0.059650740965354485,
            "steer": 0.0
        },
        {
            "throttle": 0.19816196161805755,
            "brake": 0.07566496828708133,
            "steer": 0.0
        },
        {
            "throttle": 0.1783457654562518,
            "brake": 0.09007777287663549,
            "steer": 0.0
        },
        {
            "throttle": 0.16051118891062663,
            "brake": 0.10304929700723424,
            "steer": 0.0
        },
        {
            "throttle": 0.14446007001956396,
            "brake": 0.1147236687247731,
            "steer": 0.0
        },
        {
            "throttle": 0.13001406301760757,
            "brake": 0.1252306032705581,
            "steer": 0.0
        },
        {
            "throttle": 0.11701265671584682,
            "brake": 0.1346868443617646,
            "steer": 0.0
        },
        {
            "throttle": 0.10531139104426214,
            "brake": 0.14319746134385045,
            "steer": 0.0
        },
        {
            "throttle": 0.09478025193983593,
            "brake": 0.15085701662772769,
            "steer": 0.0
        },
        {
            "throttle": 0.08530222674585233,
            "brake": 0.15775061638321722,
            "steer": 0.0
        },
        {
            "throttle": 0.07677200407126711,
            "brake": 0.1639548561631578,
            "steer": 0.0
        },
        {
            "throttle": 0.0690948036641404,
            "brake": 0.16953867196510433,
            "steer": 0.0
        },
        {
            "throttle": 0.062185323297726365,
            "brake": 0.1745641061868562,
            "steer": 0.0
        },
        {
            "throttle": 0.055966790967953726,
            "brake": 0.17908699698643288,
            "steer": 0.0
        },
        {
            "throttle": 0.050370111871158356,
            "brake": 0.1831575987060519,
            "steer": 0.0
        },
        {
            "throttle": 0.04533310068404252,
            "brake": 0.186821140253709,
            "steer": 0.0
        },
        {
            "throttle": 0.040799790615638265,
            "brake": 0.1901183276466004,
            "steer": 0.0
        },
        {
            "throttle": 0.039260945030186165,
            "brake": 0.17110649488194035,
            "steer": 0.0
        },
        {
            "throttle": 0.04108368510682912,
            "brake": 0.15399584539374633,
            "steer": 0.0
        },
        {
            "throttle": 0.04611951043998948,
            "brake": 0.1385962608543717,
            "steer": 0.0
        },
        {
            "throttle": 0.05419671774263243,
            "brake": 0.12473663476893454,
            "steer": 0.0
        },
        {
            "throttle": 0.06512104445867999,
            "brake": 0.11226297129204109,
            "steer": 0.0
        },
        {
            "throttle": 0.07867669327701685,
            "brake": 0.10103667416283699,
            "steer": 0.0
        },
        {
            "throttle": 0.09462771325778283,
            "brake": 0.09093300674655329,
            "steer": 0.0
        },
        {
            "throttle": 0.11271971056569831,
            "brake": 0.08183970607189796,
            "steer": 0.0
        },
        {
            "throttle": 0.1326818592638039,
            "brake": 0.07365573546470816,
            "steer": 0.0
        },
        {
            "throttle": 0.15422918029550556,
            "brake": 0.06629016191823735,
            "steer": 0.0
        },
        {
            "throttle": 0.17706505471078665,
            "brake": 0.059661145726413616,
            "steer": 0.0
        },
        {
            "throttle": 0.20088393540748037,
            "brake": 0.053695031153772256,
            "steer": 0.0
        },
        {
            "throttle": 0.2253742201899243,
            "brake": 0.04832552803839503,
            "steer": 0.0
        },
        {
            "throttle": 0.2502212478200124,
            "brake": 0.04349297523455553,
            "steer": 0.0
        },
        {
            "throttle": 0.2751103779698064,
            "brake": 0.03914367771109998,
            "steer": 0.0
        },
        {
            "throttle": 0.299730115595868,
            "brake": 0.03522930993998998,
            "steer": 0.0
        },
        {
            "throttle": 0.3237752402538001,
            "brake": 0.03170637894599099,
            "steer": 0.0
        },
        {
            "throttle": 0.3469499012626825,
            "brake": 0.02853574105139189,
            "steer": 0.0
        },
        {
            "throttle": 0.3689706404137202,
            "brake": 0.0256821669462527,
            "steer": 0.0
        },
        {
            "throttle": 0.3895693050911761,
            "brake": 0.023113950251627432,
            "steer": 0.0
        },
        {
            "throttle": 0.4084958162273859,
            "brake": 0.020802555226464688,
            "steer": 0.0
        },
        {
            "throttle": 0.4255207574335661,
            "brake": 0.01872229970381822,
            "steer": 0.0
        },
        {
            "throttle": 0.4404377539159573,
            "brake": 0.016850069733436397,
            "steer": 0.0
        },
        {
            "throttle": 0.45306561238011117,
            "brake": 0.015165062760092758,
            "steer": 0.0
        },
        {
            "throttle": 0.46325019601840406,
            "brake": 0.013648556484083483,
            "steer": 0.0
        },
        {
            "throttle": 0.4708660118371004,
            "brake": 0.012283700835675135,
            "steer": 0.0
        },
        {
            "throttle": 0.47581749097620146,
            "brake": 0.011055330752107621,
            "steer": 0.0
        },
        {
            "throttle": 0.4780399462717547,
            "brake": 0.00994979767689686,
            "steer": 0.0
        },
        {
            "throttle": 0.47750019506768404,
            "brake": 0.008954817909207173,
            "steer": 0.0
        },
        {
            "throttle": 0.47419683916198424,
            "brake": 0.008059336118286456,
            "steer": 0.0
        },
        {
            "throttle": 0.46816019772824224,
            "brake": 0.0072534025064578105,
            "steer": 0.0
        },
        {
            "throttle": 0.4594518930448267,
            "brake": 0.00652806225581203,
            "steer": 0.0
        },
        {
            "throttle": 0.4481640928471309,
            "brake": 0.005875256030230827,
            "steer": 0.0
        },
        {
            "throttle": 0.4344184170493425,
            "brake": 0.005287730427207745,
            "steer": 0.0
        },
        {
            "throttle": 0.41836452041821015,
            "brake": 0.00475895738448697,
            "steer": 0.0
        },
        {
            "throttle": 0.4001783664800162,
            "brake": 0.0042830616460382736,
            "steer": 0.0
        },
        {
            "throttle": 0.38006021146274127,
            "brake": 0.003854755481434446,
            "steer": 0.0
        },
        {
            "throttle": 0.3582323203794307,
            "brake": 0.003469279933291002,
            "steer": 0.0
        },
        {
            "throttle": 0.33493644040961684,
            "brake": 0.0031223519399619015,
            "steer": 0.0
        },
        {
            "throttle": 0.31043105949966937,
            "brake": 0.0028101167459657116,
            "steer": 0.0
        },
        {
            "throttle": 0.284988480549646,
            "brake": 0.0025291050713691404,
            "steer": 0.0
        },
        {
            "throttle": 0.2588917436566224,
            "brake": 0.0022761945642322265,
            "steer": 0.0
        },
        {
            "throttle": 0.23300256929096014,
            "brake": 0.002048575107809004,
            "steer": 0.0
        },
        {
            "throttle": 0.20970231236186412,
            "brake": 0.0018437175970281035,
            "steer": 0.0
        },
        {
            "throttle": 0.18873208112567771,
            "brake": 0.0016593458373252933,
            "steer": 0.0
        },
        {
            "throttle": 0.16985887301310995,
            "brake": 0.001493411253592764,
            "steer": 0.0
        },
        {
            "throttle": 0.15287298571179897,
            "brake": 0.0013440701282334876,
            "steer": 0.0
        },
        {
            "throttle": 0.13758568714061908,
            "brake": 0.0012096631154101388,
            "steer": 0.0
        },
        {
            "throttle": 0.12382711842655718,
            "brake": 0.001088696803869125,
            "steer": 0.0
        },
        {
            "throttle": 0.11144440658390146,
            "brake": 0.0009798271234822125,
            "steer": 0.0
        },
        {
            "throttle": 0.10029996592551133,
            "brake": 0.0008818444111339912,
            "steer": 0.0
        },
        {
            "throttle": 0.09026996933296019,
            "brake": 0.0007936599700205921,
            "steer": 0.0
        },
        {
            "throttle": 0.08124297239966417,
            "brake": 0.0007142939730185329,
            "steer": 0.0
        },
        {
            "throttle": 0.07311867515969776,
            "brake": 0.0006428645757166797,
            "steer": 0.0
        },
        {
            "throttle": 0.06580680764372798,
            "brake": 0.0005785781181450117,
            "steer": 0.0
        },
        {
            "throttle": 0.05922612687935518,
            "brake": 0.0005207203063305106,
            "steer": 0.0
        },
        {
            "throttle": 0.05330351419141967,
            "brake": 0.0004686482756974595,
            "steer": 0.0
        },
        {
            "throttle": 0.0479731627722777,
            "brake": 0.00042178344812771355,
            "steer": 0.0
        },
        {
            "throttle": 0.04317584649504993,
            "brake": 0.0003796051033149422,
            "steer": 0.0
        },
        {
            "throttle": 0.04040833779474705,
            "brake": 0.000341644592983448,
            "steer": 0.0
        },
        {
            "throttle": 0.04105679574015572,
            "brake": 0.0003074801336851032,
            "steer": 0.0
        },
        {
            "throttle": 0.04497915647696496,
            "brake": 0.00027673212031659286,
            "steer": 0.0
        },
        {
            "throttle": 0.05201014406900375,
            "brake": 0.00024905890828493357,
            "steer": 0.0
        },
        {
            "throttle": 0.06196177483699726,
            "brake": 0.0002241530174564402,
            "steer": 0.0
        },
        {
            "throttle": 0.07462425098693201,
            "brake": 0.0002017377157107962,
            "steer": 0.0
        },
        {
            "throttle": 0.08976722003320346,
            "brake": 0.00018156394413971659,
            "steer": 0.0
        },
        {
            "throttle": 0.1071413737700968,
            "brake": 0.00016340754972574492,
            "steer": 0.0
        },
        {
            "throttle": 0.1264803579528898,
            "brake": 0.00014706679475317042,
            "steer": 0.0
        },
        {
            "throttle": 0.1475029614594899,
            "brake": 0.00013236011527785338,
            "steer": 0.0
        },
        {
            "throttle": 0.1699155515539525,
            "brake": 0.00011912410375006805,
            "steer": 0.0
        },
        {
            "throttle": 0.19341471999948018,
            "brake": 0.00010721169337506124,
            "steer": 0.0
        },
        {
            "throttle": 0.21769010320140098,
            "brake": 9.649052403755512e-05,
            "steer": 0.0
        },
        {
            "throttle": 0.24242733832657684,
            "brake": 8.684147163379962e-05,
            "steer": 0.0
        },
        {
            "throttle": 0.2673111164664845,
            "brake": 7.815732447041965e-05,
            "steer": 0.0
        },
        {
            "throttle": 0.2920282934038664,
            "brake": 7.034159202337769e-05,
            "steer": 0.0
        },
        {
            "throttle": 0.31627101841949523,
            "brake": 6.330743282103992e-05,
            "steer": 0.0
        },
        {
            "throttle": 0.3397398418434194,
            "brake": 5.697668953893593e-05,
            "steer": 0.0
        },
        {
            "throttle": 0.3621467627162799,
            "brake": 5.127902058504234e-05,
            "steer": 0.0
        },
        {
            "throttle": 0.3832181789782011,
            "brake": 4.6151118526538105e-05,
            "steer": 0.0
        },
        {
            "throttle": 0.4026977040377972,
            "brake": 4.1536006673884295e-05,
            "steer": 0.0
        },
        {
            "throttle": 0.4203488153797289,
            "brake": 3.738240600649587e-05,
            "steer": 0.0
        },
        {
            "throttle": 0.43595730302918106,
            "brake": 3.3644165405846285e-05,
            "steer": 0.0
        },
        {
            "throttle": 0.44933348818447955,
            "brake": 3.0279748865261657e-05,
            "steer": 0.0
        },
        {
            "throttle": 0.46031418512967204,
            "brake": 2.7251773978735493e-05,
            "steer": 0.0
        },
        {
            "throttle": 0.46876438261836617,
            "brake": 2.4526596580861943e-05,
            "steer": 0.0
        },
        {
            "throttle": 0.42188794435652954,
            "brake": 0.022001375355185072,
            "steer": 0.0
        },
        {
            "throttle": 0.3796991499208766,
            "brake": 0.04178053923792886,
            "steer": 0.0
        }
    ],
    "parameters": {
        "cloudiness": 24.403282764468813,
        "fog_density": 4.14501380980445,
        "initial_distance": 18.161908811524434,
        "initial_ego_velocity": 17.52865172145289,
        "initial_lead_velocity": 23.23777175606046,
        "lead_base_throttle": 0.22493064469540386,
        "lead_behavior_frequency": 0.1685676694031918,
        "lead_brake_duration": 19.5553300413219,
        "lead_brake_intensity": 0.21979301418262295,
        "lead_brake_probability": 0.2089959666846838,
        "lead_throttle_variation": 0.3543569505077923,
        "precipitation": 3.7614904235532487,
        "precipitation_deposits": 13.89119644197445,
        "sun_altitude_angle": 39.18582534736211,
        "wind_intensity": 30.52876081835569
    },
    "config": {
        "num_timesteps": 200,
        "dt": 0.1,
        "seed": 89
    }
}