{
    "weather": {
        "cloudiness": 37.02314453135912,
        "precipitation": 76.04347412650203,
        "precipitation_deposits": 61.953340432796324,
        "wind_intensity": 47.04085170856779,
        "sun_altitude_angle": 53.52797809086253,
        "fog_density": 76.9285367681403,
        "fog_distance": 76.97423227315706,
        "wetness": 38.02173706325102
    },
    "initial_conditions": {
        "ego": {
            "position": {
                "x": 537.1931515061061,
                "y": 20.57,
                "z": 0.294
            },
            "yaw": 0.0,
            "velocity": 6.460905467763681
        },
        "lead": {
            "position": {
                "x": 484.88,
                "y": 20.57,
                "z": 0.294
            },
            "yaw": 0.0,
            "velocity": 19.953917102830772
        }
    },
    "ego": {
        "position": {
            "x": 537.1931515061061,
            "y": 20.57,
            "z": 0.294
        },
        "yaw": 0.0,
        "velocity": 6.460905467763681
    },
    "lead": {
        "position": {
            "x": 484.88,
            "y": 20.57,
            "z": 0.294
        },
        "yaw": 0.0,
        "velocity": 19.953917102830772
    },
    "ado_actions": [
        {
            "throttle": 0.5136252975851052,
            "brake": 0.0,
            "steer": 0.0
        },
        {
            "throttle": 0.5146838684293459,
            "brake": 0.0,
            "steer": 0.0
        },
        {
            "throttle": 0.5166681157072605,
            "brake": 0.0,
            "steer": 0.0
        },
        {
            "throttle": 0.5194320876929477,
            "brake": 0.0,
            "steer": 0.0
        },
        {
            "throttle": 0.5228194445781265,
            "brake": 0.0,
            "steer": 0.0
        },
        {
            "throttle": 0.5266664988877997,
            "brake": 0.0,
            "steer": 0.0
        },
        {
            "throttle": 0.5308055388366063,
            "brake": 0.0,
            "steer": 0.0
        },
        {
            "throttle": 0.5350683402157217,
            "brake": 0.0,
            "steer": 0.0
        },
        {
            "throttle": 0.5392897685375591,
            "brake": 0.0,
            "steer": 0.0
        },
        {
            "throttle": 0.543311371717659,
            "brake": 0.0,
            "steer": 0.0
        },
        {
            "throttle": 0.546984864586546,
            "brake": 0.0,
            "steer": 0.0
        },
        {
            "throttle": 0.5501754099816683,
            "brake": 0.0,
            "steer": 0.0
        },
        {
            "throttle": 0.5527646069902291,
            "brake": 0.0,
            "steer": 0.0
        },
        {
            "throttle": 0.5546531049560512,
            "brake": 0.0,
            "steer": 0.0
        },
        {
            "throttle": 0.5557627719284134,
            "brake": 0.0,
            "steer": 0.0
        },
        {
            "throttle": 0.556038358066633,
            "brake": 0.0,
            "steer": 0.0
        },
        {
            "throttle": 0.5554486078237922,
            "brake": 0.0,
            "steer": 0.0
        },
        {
            "throttle": 0.553986789181028,
            "brake": 0.0,
            "steer": 0.0
        },
        {
            "throttle": 0.5516706234253124,
            "brake": 0.0,
            "steer": 0.0
        },
        {
            "throttle": 0.5485416145735487,
            "brake": 0.0,
            "steer": 0.0
        },
        {
            "throttle": 0.5446637931487239,
            "brake": 0.0,
            "steer": 0.0
        },
        {
            "throttle": 0.5401219042142666,
            "brake": 0.0,
            "steer": 0.0
        },
        {
            "throttle": 0.535019083985099,
            "brake": 0.0,
            "steer": 0.0
        },
        {
            "throttle": 0.529474082592473,
            "brake": 0.0,
            "steer": 0.0
        },
        {
            "throttle": 0.5236181023480602,
            "brake": 0.0,
            "steer": 0.0
        },
        {
            "throttle": 0.5175913308323211,
            "brake": 0.0,
            "steer": 0.0
        },
        {
            "throttle": 0.5115392560697735,
            "brake": 0.0,
            "steer": 0.0
        },
        {
            "throttle": 0.5056088567482728,
            "brake": 0.0,
            "steer": 0.0
        },
        {
            "throttle": 0.49994476374679087,
            "brake": 0.0,
            "steer": 0.0
        },
        {
            "throttle": 0.49468549007323936,
            "brake": 0.0,
            "steer": 0.0
        },
        {
            "throttle": 0.4899598246604264,
            "brake": 0.0,
            "steer": 0.0
        },
        {
            "throttle": 0.4858834813675097,
            "brake": 0.0,
            "steer": 0.0
        },
        {
            "throttle": 0.48255608809201556,
            "brake": 0.0,
            "steer": 0.0
        },
        {
            "throttle": 0.480058592279005,
            "brake": 0.0,
            "steer": 0.0
        },
        {
            "throttle": 0.4784511485401786,
            "brake": 0.0,
            "steer": 0.0
        },
        {
            "throttle": 0.4777715418373755,
            "brake": 0.0,
            "steer": 0.0
        },
        {
            "throttle": 0.47803418605574405,
            "brake": 0.0,
            "steer": 0.0
        },
        {
            "throttle": 0.4792297231405093,
            "brake": 0.0,
            "steer": 0.0
        },
        {
            "throttle": 0.481325232672445,
            "brake": 0.0,
            "steer": 0.0
        },
        {
            "throttle": 0.4842650462020771,
            "brake": 0.0,
            "steer": 0.0
        },
        {
            "throttle": 0.4879721452490089,
            "brake": 0.0,
            "steer": 0.0
        },
        {
            "throttle": 0.49235010699460224,
            "brake": 0.0,
            "steer": 0.0
        },
        {
            "throttle": 0.4972855477339231,
            "brake": 0.0,
            "steer": 0.0
        },
        {
            "throttle": 0.5026510014632645,
            "brake": 0.0,
            "steer": 0.0
        },
        {
            "throttle": 0.5083081598870722,
            "brake": 0.0,
            "steer": 0.0
        },
        {
            "throttle": 0.5141113909162804,
            "brake": 0.0,
            "steer": 0.0
        },
        {
            "throttle": 0.5199114456343987,
            "brake": 0.0,
            "steer": 0.0
        },
        {
            "throttle": 0.5255592589096226,
            "brake": 0.0,
            "steer": 0.0
        },
        {
            "throttle": 0.5309097464534736,
            "brake": 0.0,
            "steer": 0.0
        },
        {
            "throttle": 0.5358255012299085,
            "brake": 0.0,
            "steer": 0.0
        },
        {
            "throttle": 0.5401802947009721,
            "brake": 0.0,
            "steer": 0.0
        },
        {
            "throttle": 0.5438622933900653,
            "brake": 0.0,
            "steer": 0.0
        },
        {
            "throttle": 0.5467769085243182,
            "brake": 0.0,
            "steer": 0.0
        },
        {
            "throttle": 0.5488492058975206,
            "brake": 0.0,
            "steer": 0.0
        },
        {
            "throttle": 0.5500258143351124,
            "brake": 0.0,
            "steer": 0.0
        },
        {
            "throttle": 0.5502762839558444,
            "brake": 0.0,
            "steer": 0.0
        },
        {
            "throttle": 0.5495938594837214,
            "brake": 0.0,
            "steer": 0.0
        },
        {
            "throttle": 0.5479956488096981,
            "brake": 0.0,
            "steer": 0.0
        },
        {
            "throttle": 0.5455221824536419,
            "brake": 0.0,
            "steer": 0.0
        },
        {
            "throttle": 0.5422363751387288,
            "brake": 0.0,
            "steer": 0.0
        },
        {
            "throttle": 0.5382219159652656,
            "brake": 0.0,
            "steer": 0.0
        },
        {
            "throttle": 0.533581128268855,
            "brake": 0.0,
            "steer": 0.0
        },
        {
            "throttle": 0.528432353796017,
            "brake": 0.0,
            "steer": 0.0
        },
        {
            "throttle": 0.522906927982852,
            "brake": 0.0,
            "steer": 0.0
        },
        {
            "throttle": 0.5171458235687209,
            "brake": 0.0,
            "steer": 0.0
        },
        {
            "throttle": 0.5112960482504378,
            "brake": 0.0,
            "steer": 0.0
        },
        {
            "throttle": 0.5055068883667181,
            "brake": 0.0,
            "steer": 0.0
        },
        {
            "throttle": 0.49992609453712394,
            "brake": 0.0,
            "steer": 0.0
        },
        {
            "throttle": 0.4946961066640231,
            "brake": 0.0,
            "steer": 0.0
        },
        {
            "throttle": 0.489950414702229,
            "brake": 0.0,
            "steer": 0.0
        },
        {
            "throttle": 0.48581014813469225,
            "brake": 0.0,
            "steer": 0.0
        },
        {
            "throttle": 0.4823809812523966,
            "brake": 0.0,
            "steer": 0.0
        },
        {
            "throttle": 0.4797504332716738,
            "brake": 0.0,
            "steer": 0.0
        },
        {
            "throttle": 0.47798563223848156,
            "brake": 0.0,
            "steer": 0.0
        },
        {
            "throttle": 0.47713159982435394,
            "brake": 0.0,
            "steer": 0.0
        },
        {
            "throttle": 0.4772101008152782,
            "brake": 0.0,
            "steer": 0.0
        },
        {
            "throttle": 0.47821908667247043,
            "brake": 0.0,
            "steer": 0.0
        },
        {
            "throttle": 0.48013274737128725,
            "brake": 0.0,
            "steer": 0.0
        },
        {
            "throttle": 0.48290217018886655,
            "brake": 0.0,
            "steer": 0.0
        },
        {
            "throttle": 0.4864565886093364,
            "brake": 0.0,
            "steer": 0.0
        },
        {
            "throttle": 0.49070518944351904,
            "brake": 0.0,
            "steer": 0.0
        },
        {
            "throttle": 0.49553943200294037,
            "brake": 0.0,
            "steer": 0.0
        },
        {
            "throttle": 0.5008358200897889,
            "brake": 0.0,
            "steer": 0.0
        },
        {
            "throttle": 0.5064590559992932,
            "brake": 0.0,
            "steer": 0.0
        },
        {
            "throttle": 0.5122654959741904,
            "brake": 0.0,
            "steer": 0.0
        },
        {
            "throttle": 0.5181068188517512,
            "brake": 0.0,
            "steer": 0.0
        },
        {
            "throttle": 0.5238338141988597,
            "brake": 0.0,
            "steer": 0.0
        },
        {
            "throttle": 0.5293001931789896,
            "brake": 0.0,
            "steer": 0.0
        },
        {
            "throttle": 0.5343663248145263,
            "brake": 0.0,
            "steer": 0.0
        },
        {
            "throttle": 0.5389028022135718,
            "brake": 0.0,
            "steer": 0.0
        },
        {
            "throttle": 0.5427937476734762,
            "brake": 0.0,
            "steer": 0.0
        },
        {
            "throttle": 0.5459397722429318,
            "brake": 0.0,
            "steer": 0.0
        },
        {
            "throttle": 0.5482605141501948,
            "brake": 0.0,
            "steer": 0.0
        },
        {
            "throttle": 0.5496966912614517,
            "brake": 0.0,
            "steer": 0.0
        },
        {
            "throttle": 0.5502116151457798,
            "brake": 0.0,
            "steer": 0.0
        },
        {
            "throttle": 0.549792128074548,
            "brake": 0.0,
            "steer": 0.0
        },
        {
            "throttle": 0.5484489390222234,
            "brake": 0.0,
            "steer": 0.0
        },
        {
            "throttle": 0.5462163500859423,
            "brake": 0.0,
            "steer": 0.0
        },
        {
            "throttle": 0.5431513803108097,
            "brake": 0.0,
            "steer": 0.0
        },
        {
            "throttle": 0.5393323092990175,
            "brake": 0.0,
            "steer": 0.0
        },
        {
            "throttle": 0.5348566778004419,
            "brake": 0.0,
            "steer": 0.0
        },
        {
            "throttle": 0.5298387963518527,
            "brake": 0.0,
            "steer": 0.0
        },
        {
            "throttle": 0.52440682559702,
            "brake": 0.0,
            "steer": 0.0
        },
        {
            "throttle": 0.5186995028598916,
            "brake": 0.0,
            "steer": 0.0
        },
        {
            "throttle": 0.5128625985782267,
            "brake": 0.0,
            "steer": 0.0
        },
        {
            "throttle": 0.5070451931048353,
            "brake": 0.0,
            "steer": 0.0
        },
        {
            "throttle": 0.5013958689716569,
            "brake": 0.0,
            "steer": 0.0
        },
        {
            "throttle": 0.49605891587113193,
            "brake": 0.0,
            "steer": 0.0
        },
        {
            "throttle": 0.4911706452845307,
            "brake": 0.0,
            "steer": 0.0
        },
        {
            "throttle": 0.48685590888639296,
            "brake": 0.0,
            "steer": 0.0
        },
        {
            "throttle": 0.4381703179977537,
            "brake": 0.017793211063696114,
            "steer": 0.0
        },
        {
            "throttle": 0.3943532861979783,
            "brake": 0.03380710102102262,
            "steer": 0.0
        },
        {
            "throttle": 0.3549179575781805,
            "brake": 0.048219601982616475,
            "steer": 0.0
        },
        {
            "throttle": 0.3194261618203625,
            "brake": 0.061190852848050946,
            "steer": 0.0
        },
        {
            "throttle": 0.28748354563832623,
            "brake": 0.07286497862694197,
            "steer": 0.0
        },
        {
            "throttle": 0.2587351910744936,
            "brake": 0.08337169182794388,
            "steer": 0.0
        },
        {
            "throttle": 0.23286167196704424,
            "brake": 0.09282773370884562,
            "steer": 0.0
        },
        {
            "throttle": 0.20957550477033982,
            "brake": 0.10133817140165718,
            "steer": 0.0
        },
        {
            "throttle": 0.18861795429330583,
            "brake": 0.10899756532518759,
            "steer": 0.0
        },
        {
            "throttle": 0.16975615886397524,
            "brake": 0.11589101985636494,
            "steer": 0.0
        },
        {
            "throttle": 0.15278054297757773,
            "brake": 0.12209512893442456,
            "steer": 0.0
        },
        {
            "throttle": 0.13750248867981996,
            "brake": 0.12767882710467823,
            "steer": 0.0
        },
        {
            "throttle": 0.12375223981183796,
            "brake": 0.13270415545790654,
            "steer": 0.0
        },
        {
            "throttle": 0.11137701583065417,
            "brake": 0.137226950975812,
            "steer": 0.0
        },
        {
            "throttle": 0.10023931424758875,
            "brake": 0.1412974669419269,
            "steer": 0.0
        },
        {
            "throttle": 0.09021538282282988,
            "brake": 0.14496093131143034,
            "steer": 0.0
        },
        {
            "throttle": 0.13897457357011084,
            "brake": 0.1304648381802873,
            "steer": 0.0
        },
        {
            "throttle": 0.18305003103357131,
            "brake": 0.11741835436225859,
            "steer": 0.0
        },
        {
            "throttle": 0.2227412903973904,
            "brake": 0.10567651892603273,
            "steer": 0.0
        },
        {
            "throttle": 0.2583173369969636,
            "brake": 0.09510886703342947,
            "steer": 0.0
        },
        {
            "throttle": 0.2900239888886317,
            "brake": 0.08559798033008652,
            "steer": 0.0
        },
        {
            "throttle": 0.3180904458611682,
            "brake": 0.07703818229707787,
            "steer": 0.0
        },
        {
            "throttle": 0.34273498014662185,
            "brake": 0.06933436406737009,
            "steer": 0.0
        },
        {
            "throttle": 0.3641697517574499,
            "brake": 0.062400927660633085,
            "steer": 0.0
        },
        {
            "throttle": 0.382604740907564,
            "brake": 0.05616083489456978,
            "steer": 0.0
        },
        {
            "throttle": 0.3982508009809971,
            "brake": 0.0505447514051128,
            "steer": 0.0
        },
        {
            "throttle": 0.4113218475839932,
            "brake": 0.045490276264601524,
            "steer": 0.0
        },
        {
            "throttle": 0.42203621193064406,
            "brake": 0.04094124863814137,
            "steer": 0.0
        },
        {
            "throttle": 0.4306171997400944,
            "brake": 0.03684712377432724,
            "steer": 0.0
        },
        {
            "throttle": 0.4372929095411153,
            "brake": 0.03316241139689451,
            "steer": 0.0
        },
        {
            "throttle": 0.44229537637849753,
            "brake": 0.02984617025720506,
            "steer": 0.0
        },
        {
            "throttle": 0.44585911801049377,
            "brake": 0.026861553231484557,
            "steer": 0.0
        },
        {
            "throttle": 0.4482191704258905,
            "brake": 0.024175397908336102,
            "steer": 0.0
        },
        {
            "throttle": 0.4496087075831017,
            "brake": 0.021757858117502492,
            "steer": 0.0
        },
        {
            "throttle": 0.4502563464205247,
            "brake": 0.019582072305752242,
            "steer": 0.0
        },
        {
            "throttle": 0.45038324220057613,
            "brake": 0.01762386507517702,
            "steer": 0.0
        },
        {
            "throttle": 0.45020008098211073,
            "brake": 0.015861478567659317,
            "steer": 0.0
        },
        {
            "throttle": 0.4499040753828205,
            "brake": 0.014275330710893385,
            "steer": 0.0
        },
        {
            "throttle": 0.44967606677464944,
            "brake": 0.012847797639804048,
            "steer": 0.0
        },
        {
            "throttle": 0.44967783169574244,
            "brake": 0.011563017875823643,
            "steer": 0.0
        },
        {
            "throttle": 0.4500496826695123,
            "brake": 0.010406716088241279,
            "steer": 0.0
        },
        {
            "throttle": 0.4509084439625833,
            "brake": 0.00936604447941715,
            "steer": 0.0
        },
        {
            "throttle": 0.4523458713115801,
            "brake": 0.008429440031475435,
            "steer": 0.0
        },
        {
            "throttle": 0.4544275715763598,
            "brake": 0.007586496028327892,
            "steer": 0.0
        },
        {
            "throttle": 0.45719246394895874,
            "brake": 0.006827846425495103,
            "steer": 0.0
        },
        {
            "throttle": 0.46065280911188883,
            "brake": 0.006145061782945593,
            "steer": 0.0
        },
        {
            "throttle": 0.464794816970007,
            "brake": 0.005530555604651034,
            "steer": 0.0
        },
        {
            "throttle": 0.46957982766573514,
            "brake": 0.00497750004418593,
            "steer": 0.0
        },
        {
            "throttle": 0.4749460449217726,
            "brake": 0.004479750039767337,
            "steer": 0.0
        },
        {
            "throttle": 0.48081078572736874,
            "brake": 0.004031775035790604,
            "steer": 0.0
        },
        {
            "throttle": 0.4327297071546319,
            "brake": 0.021421808595907657,
            "steer": 0.0
        },
        {
            "throttle": 0.3894567364391687,
            "brake": 0.03707283880001301,
            "steer": 0.0
        },
        {
            "throttle": 0.35051106279525185,
            "brake": 0.051158765983707825,
            "steer": 0.0
        },
        {
            "throttle": 0.31545995651572667,
            "brake": 0.06383610044903315,
            "steer": 0.0
        },
        {
            "throttle": 0.283913960864154,
            "brake": 0.07524570146782594,
            "steer": 0.0
        },
        {
            "throttle": 0.2555225647777386,
            "brake": 0.08551434238473946,
            "steer": 0.0
        },
        {
            "throttle": 0.22997030829996476,
            "brake": 0.09475611920996163,
            "steer": 0.0
        },
        {
            "throttle": 0.2069732774699683,
            "brake": 0.10307371835266158,
            "steer": 0.0
        },
        {
            "throttle": 0.18627594972297148,
            "brake": 0.11055955758109154,
            "steer": 0.0
        },
        {
            "throttle": 0.16764835475067433,
            "brake": 0.11729681288667851,
            "steer": 0.0
        },
        {
            "throttle": 0.1508835192756069,
            "brake": 0.12336034266170678,
            "steer": 0.0
        },
        {
            "throttle": 0.1357951673480462,
            "brake": 0.12881751945923223,
            "steer": 0.0
        },
        {
            "throttle": 0.12221565061324158,
            "brake": 0.1337289785770051,
            "steer": 0.0
        },
        {
            "throttle": 0.10999408555191742,
            "brake": 0.13814929178300073,
            "steer": 0.0
        },
        {
            "throttle": 0.09899467699672568,
            "brake": 0.14212757366839676,
            "steer": 0.0
        },
        {
            "throttle": 0.08909520929705311,
            "brake": 0.1457080273652532,
            "steer": 0.0
        },
        {
            "throttle": 0.13232119778287582,
            "brake": 0.1311372246287279,
            "steer": 0.0
        },
        {
            "throttle": 0.17016333172545478,
            "brake": 0.11802350216585511,
            "steer": 0.0
        },
        {
            "throttle": 0.20316735953766488,
            "brake": 0.10622115194926961,
            "steer": 0.0
        },
        {
            "throttle": 0.23185137263204922,
            "brake": 0.09559903675434264,
            "steer": 0.0
        },
        {
            "throttle": 0.256707695543028,
            "brake": 0.08603913307890838,
            "steer": 0.0
        },
        {
            "throttle": 0.27820392188238546,
            "brake": 0.07743521977101754,
            "steer": 0.0
        },
        {
            "throttle": 0.29678322089708703,
            "brake": 0.06969169779391579,
            "steer": 0.0
        },
        {
            "throttle": 0.3128640429054042,
            "brake": 0.06272252801452421,
            "steer": 0.0
        },
        {
            "throttle": 0.32683935363019384,
            "brake": 0.0564502752130718,
            "steer": 0.0
        },
        {
            "throttle": 0.33907552723125234,
            "brake": 0.050805247691764616,
            "steer": 0.0
        },
        {
            "throttle": 0.3499110255313747,
            "brake": 0.045724722922588154,
            "steer": 0.0
        },
        {
            "throttle": 0.3596549864695305,
            "brake": 0.04115225063032934,
            "steer": 0.0
        },
        {
            "throttle": 0.3685858382031242,
            "brake": 0.037037025567296405,
            "steer": 0.0
        },
        {
            "throttle": 0.37695004658928,
            "brake": 0.03333332301056677,
            "steer": 0.0
        },
        {
            "throttle": 0.38496109313518534,
            "brake": 0.02999999070951009,
            "steer": 0.0
        },
        {
            "throttle": 0.39279876811113623,
            "brake": 0.02699999163855908,
            "steer": 0.0
        },
        {
            "throttle": 0.4006088496113359,
            "brake": 0.024299992474703175,
            "steer": 0.0
        },
        {
            "throttle": 0.4085032242168501,
            "brake": 0.02186999322723286,
            "steer": 0.0
        },
        {
            "throttle": 0.4165604888902918,
            "brake": 0.019682993904509574,
            "steer": 0.0
        },
        {
            "throttle": 0.4248270571693532,
            "brake": 0.017714694514058618,
            "steer": 0.0
        },
        {
            "throttle": 0.43331877600179897,
            "brake": 0.015943225062652756,
            "steer": 0.0
        },
        {
            "throttle": 0.44202304306243423,
            "brake": 0.014348902556387481,
            "steer": 0.0
        },
        {
            "throttle": 0.45090139849591226,
            "brake": 0.012914012300748734,
            "steer": 0.0
        },
        {
            "throttle": 0.4598925501094698,
            "brake": 0.01162261107067386,
            "steer": 0.0
        }
    ],
    "parameters": {
        "cloudiness": 37.02314453135912,
        "fog_density": 76.9285367681403,
        "initial_distance": 52.31315150610615,
        "initial_ego_velocity": 6.460905467763681,
        "initial_lead_velocity": 19.953917102830772,
        "lead_base_throttle": 0.5136252975851052,
        "lead_behavior_frequency": 0.25462750200969997,
        "lead_brake_duration": 16.829430681090102,
        "lead_brake_intensity": 0.17793211063696113,
        "lead_brake_probability": 0.2191733514769486,
        "lead_throttle_variation": 0.06644908827254063,
        "precipitation": 76.04347412650203,
        "precipitation_deposits": 61.953340432796324,
        "sun_altitude_angle": 53.52797809086253,
        "wind_intensity": 47.04085170856779
    },
    "config": {
        "num_timesteps": 200,
        "dt": 0.1,
        "seed": 173
    }
}