{
    "weather": {
        "cloudiness": 36.008753750358416,
        "precipitation": 49.27183505703518,
        "precipitation_deposits": 49.61357755322896,
        "wind_intensity": 31.469703413510125,
        "sun_altitude_angle": 50.53096321035025,
        "fog_density": 19.333828723819266,
        "fog_distance": 524.9454337740674,
        "wetness": 24.63591752851759
    },
    "initial_conditions": {
        "ego": {
            "position": {
                "x": 559.0784285919923,
                "y": 20.57,
                "z": 0.294
            },
            "yaw": 0.0,
            "velocity": 11.24757325788602
        },
        "lead": {
            "position": {
                "x": 484.88,
                "y": 20.57,
                "z": 0.294
            },
            "yaw": 0.0,
            "velocity": 18.238384642086853
        }
    },
    "ego": {
        "position": {
            "x": 559.0784285919923,
            "y": 20.57,
            "z": 0.294
        },
        "yaw": 0.0,
        "velocity": 11.24757325788602
    },
    "lead": {
        "position": {
            "x": 484.88,
            "y": 20.57,
            "z": 0.294
        },
        "yaw": 0.0,
        "velocity": 18.238384642086853
    },
    "ado_actions": [
        {
            "throttle": 0.3624053277077506,
            "brake": 0.0,
            "steer": 0.0
        },
        {
            "throttle": 0.3653487818692173,
            "brake": 0.0,
            "steer": 0.0
        },
        {
            "throttle": 0.3708800601670352,
            "brake": 0.0,
            "steer": 0.0
        },
        {
            "throttle": 0.37861908695461016,
            "brake": 0.0,
            "steer": 0.0
        },
        {
            "throttle": 0.38816631092914783,
            "brake": 0.0,
            "steer": 0.0
        },
        {
            "throttle": 0.39910837493803675,
            "brake": 0.0,
            "steer": 0.0
        },
        {
            "throttle": 0.41102433814278,
            "brake": 0.0,
            "steer": 0.0
        },
        {
            "throttle": 0.4234922944999322,
            "brake": 0.0,
            "steer": 0.0
        },
        {
            "throttle": 0.43609622591603253,
            "brake": 0.0,
            "steer": 0.0
        },
        {
            "throttle": 0.4484329259316595,
            "brake": 0.0,
            "steer": 0.0
        },
        {
            "throttle": 0.46011883046704877,
            "brake": 0.0,
            "steer": 0.0
        },
        {
            "throttle": 0.47079659602795415,
            "brake": 0.0,
            "steer": 0.0
        },
        {
            "throttle": 0.48014127276655266,
            "brake": 0.0,
            "steer": 0.0
        },
        {
            "throttle": 0.4878659297918437,
            "brake": 0.0,
            "steer": 0.0
        },
        {
            "throttle": 0.49372660293635784,
            "brake": 0.0,
            "steer": 0.0
        },
        {
            "throttle": 0.4975264505599444,
            "brake": 0.0,
            "steer": 0.0
        },
        {
            "throttle": 0.4991190206009399,
            "brake": 0.0,
            "steer": 0.0
        },
        {
            "throttle": 0.4984105516157396,
            "brake": 0.0,
            "steer": 0.0
        },
        {
            "throttle": 0.49536125158446465,
            "brake": 0.0,
            "steer": 0.0
        },
        {
            "throttle": 0.48998552037530146,
            "brake": 0.0,
            "steer": 0.0
        },
        {
            "throttle": 0.4823511045019854,
            "brake": 0.0,
            "steer": 0.0
        },
        {
            "throttle": 0.4725771957126088,
            "brake": 0.0,
            "steer": 0.0
        },
        {
            "throttle": 0.4608315075440793,
            "brake": 0.0,
            "steer": 0.0
        },
        {
            "throttle": 0.44732638580139095,
            "brake": 0.0,
            "steer": 0.0
        },
        {
            "throttle": 0.43231402952606696,
            "brake": 0.0,
            "steer": 0.0
        },
        {
            "throttle": 0.41608091798011326,
            "brake": 0.0,
            "steer": 0.0
        },
        {
            "throttle": 0.3989415561007095,
            "brake": 0.0,
            "steer": 0.0
        },
        {
            "throttle": 0.38123166542859643,
            "brake": 0.0,
            "steer": 0.0
        },
        {
            "throttle": 0.36330095938078116,
            "brake": 0.0,
            "steer": 0.0
        },
        {
            "throttle": 0.34550565068226624,
            "brake": 0.0,
            "steer": 0.0
        },
        {
            "throttle": 0.32820084460900345,
            "brake": 0.0,
            "steer": 0.0
        },
        {
            "throttle": 0.31173297430654756,
            "brake": 0.0,
            "steer": 0.0
        },
        {
            "throttle": 0.29643243378415185,
            "brake": 0.0,
            "steer": 0.0
        },
        {
            "throttle": 0.2826065602584959,
            "brake": 0.0,
            "steer": 0.0
        },
        {
            "throttle": 0.27053311041871364,
            "brake": 0.0,
            "steer": 0.0
        },
        {
            "throttle": 0.2604543650546751,
            "brake": 0.0,
            "steer": 0.0
        },
        {
            "throttle": 0.2525719835461892,
            "brake": 0.0,
            "steer": 0.0
        },
        {
            "throttle": 0.24704271422298346,
            "brake": 0.0,
            "steer": 0.0
        },
        {
            "throttle": 0.243975048897837,
            "brake": 0.0,
            "steer": 0.0
        },
        {
            "throttle": 0.24342689031801804,
            "brake": 0.0,
            "steer": 0.0
        },
        {
            "throttle": 0.24540428028152944,
            "brake": 0.0,
            "steer": 0.0
        },
        {
            "throttle": 0.24986121416280774,
            "brake": 0.0,
            "steer": 0.0
        },
        {
            "throttle": 0.2567005450464568,
            "brake": 0.0,
            "steer": 0.0
        },
        {
            "throttle": 0.2657759580475685,
            "brake": 0.0,
            "steer": 0.0
        },
        {
            "throttle": 0.27689497317488976,
            "brake": 0.0,
            "steer": 0.0
        },
        {
            "throttle": 0.2898229137318836,
            "brake": 0.0,
            "steer": 0.0
        },
        {
            "throttle": 0.3042877571959533,
            "brake": 0.0,
            "steer": 0.0
        },
        {
            "throttle": 0.3199857671858419,
            "brake": 0.0,
            "steer": 0.0
        },
        {
            "throttle": 0.33658778890361823,
            "brake": 0.0,
            "steer": 0.0
        },
        {
            "throttle": 0.3537460766589325,
            "brake": 0.0,
            "steer": 0.0
        },
        {
            "throttle": 0.37110151103664607,
            "brake": 0.0,
            "steer": 0.0
        },
        {
            "throttle": 0.3882910551848601,
            "brake": 0.0,
            "steer": 0.0
        },
        {
            "throttle": 0.40495529474741665,
            "brake": 0.0,
            "steer": 0.0
        },
        {
            "throttle": 0.4207459042465351,
            "brake": 0.0,
            "steer": 0.0
        },
        {
            "throttle": 0.43533288427341316,
            "brake": 0.0,
            "steer": 0.0
        },
        {
            "throttle": 0.4484114186352738,
            "brake": 0.0,
            "steer": 0.0
        },
        {
            "throttle": 0.4597082085369466,
            "brake": 0.0,
            "steer": 0.0
        },
        {
            "throttle": 0.46898715177872047,
            "brake": 0.0,
            "steer": 0.0
        },
        {
            "throttle": 0.4760542486030379,
            "brake": 0.0,
            "steer": 0.0
        },
        {
            "throttle": 0.48076163193655985,
            "brake": 0.0,
            "steer": 0.0
        },
        {
            "throttle": 0.4830106380158381,
            "brake": 0.0,
            "steer": 0.0
        },
        {
            "throttle": 0.4827538533746174,
            "brake": 0.0,
            "steer": 0.0
        },
        {
            "throttle": 0.4799960954925558,
            "brake": 0.0,
            "steer": 0.0
        },
        {
            "throttle": 0.47479430661506883,
            "brake": 0.0,
            "steer": 0.0
        },
        {
            "throttle": 0.46725636288973565,
            "brake": 0.0,
            "steer": 0.0
        },
        {
            "throttle": 0.45753882355504105,
            "brake": 0.0,
            "steer": 0.0
        },
        {
            "throttle": 0.44584366699189787,
            "brake": 0.0,
            "steer": 0.0
        },
        {
            "throttle": 0.432414081547852,
            "brake": 0.0,
            "steer": 0.0
        },
        {
            "throttle": 0.41752939872887307,
            "brake": 0.0,
            "steer": 0.0
        },
        {
            "throttle": 0.4014992742143764,
            "brake": 0.0,
            "steer": 0.0
        },
        {
            "throttle": 0.38465723781578387,
            "brake": 0.0,
            "steer": 0.0
        },
        {
            "throttle": 0.36735374664140047,
            "brake": 0.0,
            "steer": 0.0
        },
        {
            "throttle": 0.349948886077073,
            "brake": 0.0,
            "steer": 0.0
        },
        {
            "throttle": 0.33280487052760943,
            "brake": 0.0,
            "steer": 0.0
        },
        {
            "throttle": 0.31627850003557656,
            "brake": 0.0,
            "steer": 0.0
        },
        {
            "throttle": 0.3007137298150327,
            "brake": 0.0,
            "steer": 0.0
        },
        {
            "throttle": 0.2864345073888402,
            "brake": 0.0,
            "steer": 0.0
        },
        {
            "throttle": 0.2737380264483666,
            "brake": 0.0,
            "steer": 0.0
        },
        {
            "throttle": 0.26288853787961647,
            "brake": 0.0,
            "steer": 0.0
        },
        {
            "throttle": 0.25411184680076576,
            "brake": 0.0,
            "steer": 0.0
        },
        {
            "throttle": 0.2475906101742163,
            "brake": 0.0,
            "steer": 0.0
        },
        {
            "throttle": 0.2434605328890218,
            "brake": 0.0,
            "steer": 0.0
        },
        {
            "throttle": 0.24180754150389472,
            "brake": 0.0,
            "steer": 0.0
        },
        {
            "throttle": 0.24266599448646123,
            "brake": 0.0,
            "steer": 0.0
        },
        {
            "throttle": 0.24601796620479502,
            "brake": 0.0,
            "steer": 0.0
        },
        {
            "throttle": 0.25179361957184165,
            "brake": 0.0,
            "steer": 0.0
        },
        {
            "throttle": 0.2598726595776061,
            "brake": 0.0,
            "steer": 0.0
        },
        {
            "throttle": 0.2700868374398408,
            "brake": 0.0,
            "steer": 0.0
        },
        {
            "throttle": 0.2822234532299973,
            "brake": 0.0,
            "steer": 0.0
        },
        {
            "throttle": 0.296029784042828,
            "brake": 0.0,
            "steer": 0.0
        },
        {
            "throttle": 0.3112183455080795,
            "brake": 0.0,
            "steer": 0.0
        },
        {
            "throttle": 0.3274728770924225,
            "brake": 0.0,
            "steer": 0.0
        },
        {
            "throttle": 0.34445492657036475,
            "brake": 0.0,
            "steer": 0.0
        },
        {
            "throttle": 0.36181089656815096,
            "brake": 0.0,
            "steer": 0.0
        },
        {
            "throttle": 0.3791794064643053,
            "brake": 0.0,
            "steer": 0.0
        },
        {
            "throttle": 0.3961988163648207,
            "brake": 0.0,
            "steer": 0.0
        },
        {
            "throttle": 0.4125147564967487,
            "brake": 0.0,
            "steer": 0.0
        },
        {
            "throttle": 0.42778750525135506,
            "brake": 0.0,
            "steer": 0.0
        },
        {
            "throttle": 0.4416990622594201,
            "brake": 0.0,
            "steer": 0.0
        },
        {
            "throttle": 0.4539597692310719,
            "brake": 0.0,
            "steer": 0.0
        },
        {
            "throttle": 0.4643143407085369,
            "brake": 0.0,
            "steer": 0.0
        },
        {
            "throttle": 0.47254717916633315,
            "brake": 0.0,
            "steer": 0.0
        },
        {
            "throttle": 0.47848686379390903,
            "brake": 0.0,
            "steer": 0.0
        },
        {
            "throttle": 0.4820097195003131,
            "brake": 0.0,
            "steer": 0.0
        },
        {
            "throttle": 0.48304239183095754,
            "brake": 0.0,
            "steer": 0.0
        },
        {
            "throttle": 0.48156337418418244,
            "brake": 0.0,
            "steer": 0.0
        },
        {
            "throttle": 0.4776034555292087,
            "brake": 0.0,
            "steer": 0.0
        },
        {
            "throttle": 0.4712450793029995,
            "brake": 0.0,
            "steer": 0.0
        },
        {
            "throttle": 0.46262062683357685,
            "brake": 0.0,
            "steer": 0.0
        },
        {
            "throttle": 0.45190966102945423,
            "brake": 0.0,
            "steer": 0.0
        },
        {
            "throttle": 0.4393351877228316,
            "brake": 0.0,
            "steer": 0.0
        },
        {
            "throttle": 0.4251590125073296,
            "brake": 0.0,
            "steer": 0.0
        },
        {
            "throttle": 0.40967628974347353,
            "brake": 0.0,
            "steer": 0.0
        },
        {
            "throttle": 0.39320937722476473,
            "brake": 0.0,
            "steer": 0.0
        },
        {
            "throttle": 0.37610112445380833,
            "brake": 0.0,
            "steer": 0.0
        },
        {
            "throttle": 0.3587077342706023,
            "brake": 0.0,
            "steer": 0.0
        },
        {
            "throttle": 0.34139134645820635,
            "brake": 0.0,
            "steer": 0.0
        },
        {
            "throttle": 0.32451249773964524,
            "brake": 0.0,
            "steer": 0.0
        },
        {
            "throttle": 0.30842261515354097,
            "brake": 0.0,
            "steer": 0.0
        },
        {
            "throttle": 0.2934566991010218,
            "brake": 0.0,
            "steer": 0.0
        },
        {
            "throttle": 0.2799263484074002,
            "brake": 0.0,
            "steer": 0.0
        },
        {
            "throttle": 0.2681132726211608,
            "brake": 0.0,
            "steer": 0.0
        },
        {
            "throttle": 0.2582634266282209,
            "brake": 0.0,
            "steer": 0.0
        },
        {
            "throttle": 0.2505818897024383,
            "brake": 0.0,
            "steer": 0.0
        },
        {
            "throttle": 0.24522859561371055,
            "brake": 0.0,
            "steer": 0.0
        },
        {
            "throttle": 0.24231500269545656,
            "brake": 0.0,
            "steer": 0.0
        },
        {
            "throttle": 0.24190177320272166,
            "brake": 0.0,
            "steer": 0.0
        },
        {
            "throttle": 0.24399751027807873,
            "brake": 0.0,
            "steer": 0.0
        },
        {
            "throttle": 0.24855857882242932,
            "brake": 0.0,
            "steer": 0.0
        },
        {
            "throttle": 0.2554900140002219,
            "brake": 0.0,
            "steer": 0.0
        },
        {
            "throttle": 0.26464749846336116,
            "brake": 0.0,
            "steer": 0.0
        },
        {
            "throttle": 0.2758403671266787,
            "brake": 0.0,
            "steer": 0.0
        },
        {
            "throttle": 0.28883557693355677,
            "brake": 0.0,
            "steer": 0.0
        },
        {
            "throttle": 0.3033625589585856,
            "brake": 0.0,
            "steer": 0.0
        },
        {
            "throttle": 0.3191188518233148,
            "brake": 0.0,
            "steer": 0.0
        },
        {
            "throttle": 0.33577639913372354,
            "brake": 0.0,
            "steer": 0.0
        },
        {
            "throttle": 0.35298837982267584,
            "brake": 0.0,
            "steer": 0.0
        },
        {
            "throttle": 0.37039642918520943,
            "brake": 0.0,
            "steer": 0.0
        },
        {
            "throttle": 0.38763810026003026,
            "brake": 0.0,
            "steer": 0.0
        },
        {
            "throttle": 0.4043544102064277,
            "brake": 0.0,
            "steer": 0.0
        },
        {
            "throttle": 0.42019731455616666,
            "brake": 0.0,
            "steer": 0.0
        },
        {
            "throttle": 0.4348369537216044,
            "brake": 0.0,
            "steer": 0.0
        },
        {
            "throttle": 0.44796852088305544,
            "brake": 0.0,
            "steer": 0.0
        },
        {
            "throttle": 0.45931860826155524,
            "brake": 0.0,
            "steer": 0.0
        },
        {
            "throttle": 0.4686508996435274,
            "brake": 0.0,
            "steer": 0.0
        },
        {
            "throttle": 0.475771090635317,
            "brake": 0.0,
            "steer": 0.0
        },
        {
            "throttle": 0.48053093420471304,
            "brake": 0.0,
            "steer": 0.0
        },
        {
            "throttle": 0.4828313272786746,
            "brake": 0.0,
            "steer": 0.0
        },
        {
            "throttle": 0.48262437413229936,
            "brake": 0.0,
            "steer": 0.0
        },
        {
            "throttle": 0.47991438360794175,
            "brake": 0.0,
            "steer": 0.0
        },
        {
            "throttle": 0.4747577794017297,
            "brake": 0.0,
            "steer": 0.0
        },
        {
            "throttle": 0.46726192528536475,
            "brake": 0.0,
            "steer": 0.0
        },
        {
            "throttle": 0.4575828897228378,
            "brake": 0.0,
            "steer": 0.0
        },
        {
            "throttle": 0.4459221964241729,
            "brake": 0.0,
            "steer": 0.0
        },
        {
            "throttle": 0.4325226284917548,
            "brake": 0.0,
            "steer": 0.0
        },
        {
            "throttle": 0.4176631735196084,
            "brake": 0.0,
            "steer": 0.0
        },
        {
            "throttle": 0.4016532148919109,
            "brake": 0.0,
            "steer": 0.0
        },
        {
            "throttle": 0.3848260902216338,
            "brake": 0.0,
            "steer": 0.0
        },
        {
            "throttle": 0.3675321510467625,
            "brake": 0.0,
            "steer": 0.0
        },
        {
            "throttle": 0.3501314682856803,
            "brake": 0.0,
            "steer": 0.0
        },
        {
            "throttle": 0.33298633532882327,
            "brake": 0.0,
            "steer": 0.0
        },
        {
            "throttle": 0.31645372485706014,
            "brake": 0.0,
            "steer": 0.0
        },
        {
            "throttle": 0.30087785644068615,
            "brake": 0.0,
            "steer": 0.0
        },
        {
            "throttle": 0.28658302966640015,
            "brake": 0.0,
            "steer": 0.0
        },
        {
            "throttle": 0.2738668720111688,
            "brake": 0.0,
            "steer": 0.0
        },
        {
            "throttle": 0.26299414204658583,
            "brake": 0.0,
            "steer": 0.0
        },
        {
            "throttle": 0.25419121699499597,
            "brake": 0.0,
            "steer": 0.0
        },
        {
            "throttle": 0.2476413794100103,
            "brake": 0.0,
            "steer": 0.0
        },
        {
            "throttle": 0.24348100111575416,
            "brake": 0.0,
            "steer": 0.0
        },
        {
            "throttle": 0.24179670385768737,
            "brake": 0.0,
            "steer": 0.0
        },
        {
            "throttle": 0.24262355578207082,
            "brake": 0.0,
            "steer": 0.0
        },
        {
            "throttle": 0.2459443412945372,
            "brake": 0.0,
            "steer": 0.0
        },
        {
            "throttle": 0.2516899194997791,
            "brake": 0.0,
            "steer": 0.0
        },
        {
            "throttle": 0.2597406637594083,
            "brake": 0.0,
            "steer": 0.0
        },
        {
            "throttle": 0.26992895239546594,
            "brake": 0.0,
            "steer": 0.0
        },
        {
            "throttle": 0.28204265868153344,
            "brake": 0.0,
            "steer": 0.0
        },
        {
            "throttle": 0.2958295674575837,
            "brake": 0.0,
            "steer": 0.0
        },
        {
            "throttle": 0.3110026264118104,
            "brake": 0.0,
            "steer": 0.0
        },
        {
            "throttle": 0.3272459226943691,
            "brake": 0.0,
            "steer": 0.0
        },
        {
            "throttle": 0.3442212604260876,
            "brake": 0.0,
            "steer": 0.0
        },
        {
            "throttle": 0.3615752021541834,
            "brake": 0.0,
            "steer": 0.0
        },
        {
            "throttle": 0.3789464276473495,
            "brake": 0.0,
            "steer": 0.0
        },
        {
            "throttle": 0.3959732568153626,
            "brake": 0.0,
            "steer": 0.0
        },
        {
            "throttle": 0.4123011801211869,
            "brake": 0.0,
            "steer": 0.0
        },
        {
            "throttle": 0.42759023969755044,
            "brake": 0.0,
            "steer": 0.0
        },
        {
            "throttle": 0.4415221074883987,
            "brake": 0.0,
            "steer": 0.0
        },
        {
            "throttle": 0.45380671304376674,
            "brake": 0.0,
            "steer": 0.0
        },
        {
            "throttle": 0.464188282973118,
            "brake": 0.0,
            "steer": 0.0
        },
        {
            "throttle": 0.4177694546758062,
            "brake": 0.07078122664523862,
            "steer": 0.0
        },
        {
            "throttle": 0.3759925092082256,
            "brake": 0.13448433062595339,
            "steer": 0.0
        },
        {
            "throttle": 0.338393258287403,
            "brake": 0.19181712420859665,
            "steer": 0.0
        },
        {
            "throttle": 0.30455393245866275,
            "brake": 0.2434166384329756,
            "steer": 0.0
        },
        {
            "throttle": 0.2740985392127965,
            "brake": 0.2898562012349166,
            "steer": 0.0
        },
        {
            "throttle": 0.24668868529151683,
            "brake": 0.3316518077566636,
            "steer": 0.0
        },
        {
            "throttle": 0.22201981676236515,
            "brake": 0.3692678536262359,
            "steer": 0.0
        },
        {
            "throttle": 0.19981783508612863,
            "brake": 0.40312229490885093,
            "steer": 0.0
        },
        {
            "throttle": 0.17983605157751578,
            "brake": 0.43359129206320446,
            "steer": 0.0
        },
        {
            "throttle": 0.1618524464197642,
            "brake": 0.4610133895021226,
            "steer": 0.0
        },
        {
            "throttle": 0.1456672017777878,
            "brake": 0.485693277197149,
            "steer": 0.0
        },
        {
            "throttle": 0.13110048160000903,
            "brake": 0.5079051761226727,
            "steer": 0.0
        }
    ],
    "parameters": {
        "cloudiness": 36.008753750358416,
        "fog_density": 19.333828723819266,
        "initial_distance": 74.19842859199225,
        "initial_ego_velocity": 11.24757325788602,
        "initial_lead_velocity": 18.238384642086853,
        "lead_base_throttle": 0.3624053277077506,
        "lead_behavior_frequency": 0.22985009422792496,
        "lead_brake_duration": 19.000398712023767,
        "lead_brake_intensity": 0.7078122664523862,
        "lead_brake_probability": 0.2792815229446069,
        "lead_throttle_variation": 0.20452360723877372,
        "precipitation": 49.27183505703518,
        "precipitation_deposits": 49.61357755322896,
        "sun_altitude_angle": 50.53096321035025,
        "wind_intensity": 31.469703413510125
    },
    "config": {
        "num_timesteps": 200,
        "dt": 0.1,
        "seed": 150
    }
}