{
    "weather": {
        "cloudiness": 40.917772493264124,
        "precipitation": 28.640529934052715,
        "precipitation_deposits": 81.38607705323709,
        "wind_intensity": 0.1861023613734969,
        "sun_altitude_angle": -1.8536083226481779,
        "fog_density": 69.95926010651736,
        "fog_distance": 97.10374490858592,
        "wetness": 14.320264967026358
    },
    "initial_conditions": {
        "ego": {
            "position": {
                "x": 530.3824866066008,
                "y": 20.57,
                "z": 0.294
            },
            "yaw": 0.0,
            "velocity": 15.203610859879928
        },
        "lead": {
            "position": {
                "x": 484.88,
                "y": 20.57,
                "z": 0.294
            },
            "yaw": 0.0,
            "velocity": 23.410852054598422
        }
    },
    "ego": {
        "position": {
            "x": 530.3824866066008,
            "y": 20.57,
            "z": 0.294
        },
        "yaw": 0.0,
        "velocity": 15.203610859879928
    },
    "lead": {
        "position": {
            "x": 484.88,
            "y": 20.57,
            "z": 0.294
        },
        "yaw": 0.0,
        "velocity": 23.410852054598422
    },
    "ado_actions": [
        {
            "throttle": 0.5133582685248553,
            "brake": 0.0,
            "steer": 0.0
        },
        {
            "throttle": 0.5146251704295507,
            "brake": 0.0,
            "steer": 0.0
        },
        {
            "throttle": 0.5170151118415317,
            "brake": 0.0,
            "steer": 0.0
        },
        {
            "throttle": 0.5203816771566663,
            "brake": 0.0,
            "steer": 0.0
        },
        {
            "throttle": 0.5245766152507763,
            "brake": 0.0,
            "steer": 0.0
        },
        {
            "throttle": 0.5294507087360389,
            "brake": 0.0,
            "steer": 0.0
        },
        {
            "throttle": 0.5348547703357697,
            "brake": 0.0,
            "steer": 0.0
        },
        {
            "throttle": 0.5406407414701171,
            "brake": 0.0,
            "steer": 0.0
        },
        {
            "throttle": 0.5466628678999998,
            "brake": 0.0,
            "steer": 0.0
        },
        {
            "throttle": 0.552778927258317,
            "brake": 0.0,
            "steer": 0.0
        },
        {
            "throttle": 0.5588514835177321,
            "brake": 0.0,
            "steer": 0.0
        },
        {
            "throttle": 0.5647491439104327,
            "brake": 0.0,
            "steer": 0.0
        },
        {
            "throttle": 0.5703477945301255,
            "brake": 0.0,
            "steer": 0.0
        },
        {
            "throttle": 0.5755317918087611,
            "brake": 0.0,
            "steer": 0.0
        },
        {
            "throttle": 0.580195088264535,
            "brake": 0.0,
            "steer": 0.0
        },
        {
            "throttle": 0.5842422723539882,
            "brake": 0.0,
            "steer": 0.0
        },
        {
            "throttle": 0.5875895039161311,
            "brake": 0.0,
            "steer": 0.0
        },
        {
            "throttle": 0.5901653285534518,
            "brake": 0.0,
            "steer": 0.0
        },
        {
            "throttle": 0.5919113563331861,
            "brake": 0.0,
            "steer": 0.0
        },
        {
            "throttle": 0.5927827923891057,
            "brake": 0.0,
            "steer": 0.0
        },
        {
            "throttle": 0.5927488093335239,
            "brake": 0.0,
            "steer": 0.0
        },
        {
            "throttle": 0.5917927538232265,
            "brake": 0.0,
            "steer": 0.0
        },
        {
            "throttle": 0.5899121821318365,
            "brake": 0.0,
            "steer": 0.0
        },
        {
            "throttle": 0.5871187221336132,
            "brake": 0.0,
            "steer": 0.0
        },
        {
            "throttle": 0.5834377616678722,
            "brake": 0.0,
            "steer": 0.0
        },
        {
            "throttle": 0.5789079657966911,
            "brake": 0.0,
            "steer": 0.0
        },
        {
            "throttle": 0.5735806279589676,
            "brake": 0.0,
            "steer": 0.0
        },
        {
            "throttle": 0.5675188624293747,
            "brake": 0.0,
            "steer": 0.0
        },
        {
            "throttle": 0.5607966477804094,
            "brake": 0.0,
            "steer": 0.0
        },
        {
            "throttle": 0.5534977331900709,
            "brake": 0.0,
            "steer": 0.0
        },
        {
            "throttle": 0.5457144214090445,
            "brake": 0.0,
            "steer": 0.0
        },
        {
            "throttle": 0.5375462439741424,
            "brake": 0.0,
            "steer": 0.0
        },
        {
            "throttle": 0.5290985458062495,
            "brake": 0.0,
            "steer": 0.0
        },
        {
            "throttle": 0.5204809976411241,
            "brake": 0.0,
            "steer": 0.0
        },
        {
            "throttle": 0.5118060557932632,
            "brake": 0.0,
            "steer": 0.0
        },
        {
            "throttle": 0.5031873895332176,
            "brake": 0.0,
            "steer": 0.0
        },
        {
            "throttle": 0.49473829685739745,
            "brake": 0.0,
            "steer": 0.0
        },
        {
            "throttle": 0.4865701296404498,
            "brake": 0.0,
            "steer": 0.0
        },
        {
            "throttle": 0.47879074908144714,
            "brake": 0.0,
            "steer": 0.0
        },
        {
            "throttle": 0.4715030319880106,
            "brake": 0.0,
            "steer": 0.0
        },
        {
            "throttle": 0.4648034477925609,
            "brake": 0.0,
            "steer": 0.0
        },
        {
            "throttle": 0.45878072527138813,
            "brake": 0.0,
            "steer": 0.0
        },
        {
            "throttle": 0.4535146267530685,
            "brake": 0.0,
            "steer": 0.0
        },
        {
            "throttle": 0.4490748461743338,
            "brake": 0.0,
            "steer": 0.0
        },
        {
            "throttle": 0.4455200456884985,
            "brake": 0.0,
            "steer": 0.0
        },
        {
            "throttle": 0.442897043676658,
            "brake": 0.0,
            "steer": 0.0
        },
        {
            "throttle": 0.4412401649804912,
            "brake": 0.0,
            "steer": 0.0
        },
        {
            "throttle": 0.44057076199539646,
            "brake": 0.0,
            "steer": 0.0
        },
        {
            "throttle": 0.44089691296361794,
            "brake": 0.0,
            "steer": 0.0
        },
        {
            "throttle": 0.44221330142033255,
            "brake": 0.0,
            "steer": 0.0
        },
        {
            "throttle": 0.44450127830388353,
            "brake": 0.0,
            "steer": 0.0
        },
        {
            "throttle": 0.44772910577771313,
            "brake": 0.0,
            "steer": 0.0
        },
        {
            "throttle": 0.4518523793595961,
            "brake": 0.0,
            "steer": 0.0
        },
        {
            "throttle": 0.4568146225468624,
            "brake": 0.0,
            "steer": 0.0
        },
        {
            "throttle": 0.46254804579715936,
            "brake": 0.0,
            "steer": 0.0
        },
        {
            "throttle": 0.46897445950461014,
            "brake": 0.0,
            "steer": 0.0
        },
        {
            "throttle": 0.4760063285311499,
            "brake": 0.0,
            "steer": 0.0
        },
        {
            "throttle": 0.4835479539406433,
            "brake": 0.0,
            "steer": 0.0
        },
        {
            "throttle": 0.4914967658650954,
            "brake": 0.0,
            "steer": 0.0
        },
        {
            "throttle": 0.49974470993121556,
            "brake": 0.0,
            "steer": 0.0
        },
        {
            "throttle": 0.5081797084121953,
            "brake": 0.0,
            "steer": 0.0
        },
        {
            "throttle": 0.516687176260978,
            "brake": 0.0,
            "steer": 0.0
        },
        {
            "throttle": 0.5251515714412684,
            "brake": 0.0,
            "steer": 0.0
        },
        {
            "throttle": 0.5334579585111064,
            "brake": 0.0,
            "steer": 0.0
        },
        {
            "throttle": 0.5414935642373252,
            "brake": 0.0,
            "steer": 0.0
        },
        {
            "throttle": 0.5491493041300394,
            "brake": 0.0,
            "steer": 0.0
        },
        {
            "throttle": 0.556321259183003,
            "brake": 0.0,
            "steer": 0.0
        },
        {
            "throttle": 0.5629120827828875,
            "brake": 0.0,
            "steer": 0.0
        },
        {
            "throttle": 0.5688323186991046,
            "brake": 0.0,
            "steer": 0.0
        },
        {
            "throttle": 0.574001612272899,
            "brake": 0.0,
            "steer": 0.0
        },
        {
            "throttle": 0.5783497983737265,
            "brake": 0.0,
            "steer": 0.0
        },
        {
            "throttle": 0.5205148185363538,
            "brake": 0.04735359402123786,
            "steer": 0.0
        },
        {
            "throttle": 0.46846333668271845,
            "brake": 0.08997182864035193,
            "steer": 0.0
        },
        {
            "throttle": 0.4216170030144466,
            "brake": 0.1283282397975546,
            "steer": 0.0
        },
        {
            "throttle": 0.37945530271300193,
            "brake": 0.162849009839037,
            "steer": 0.0
        },
        {
            "throttle": 0.3415097724417017,
            "brake": 0.19391770287637117,
            "steer": 0.0
        },
        {
            "throttle": 0.30735879519753156,
            "brake": 0.2218795266099719,
            "steer": 0.0
        },
        {
            "throttle": 0.2766229156777784,
            "brake": 0.2470451679702126,
            "steer": 0.0
        },
        {
            "throttle": 0.24896062411000058,
            "brake": 0.2696942451944292,
            "steer": 0.0
        },
        {
            "throttle": 0.22406456169900052,
            "brake": 0.29007841469622414,
            "steer": 0.0
        },
        {
            "throttle": 0.20165810552910046,
            "brake": 0.30842416724783955,
            "steer": 0.0
        },
        {
            "throttle": 0.18149229497619043,
            "brake": 0.32493534454429346,
            "steer": 0.0
        },
        {
            "throttle": 0.1633430654785714,
            "brake": 0.339795404111102,
            "steer": 0.0
        },
        {
            "throttle": 0.14700875893071425,
            "brake": 0.35316945772122965,
            "steer": 0.0
        },
        {
            "throttle": 0.17980026244393954,
            "brake": 0.3178525119491067,
            "steer": 0.0
        },
        {
            "throttle": 0.2081531295992639,
            "brake": 0.28606726075419603,
            "steer": 0.0
        },
        {
            "throttle": 0.23257903623501663,
            "brake": 0.25746053467877644,
            "steer": 0.0
        },
        {
            "throttle": 0.25355328768540836,
            "brake": 0.2317144812108988,
            "steer": 0.0
        },
        {
            "throttle": 0.2715173361044001,
            "brake": 0.20854303308980893,
            "steer": 0.0
        },
        {
            "throttle": 0.2868808606676627,
            "brake": 0.18768872978082804,
            "steer": 0.0
        },
        {
            "throttle": 0.3000234720549985,
            "brake": 0.16891985680274524,
            "steer": 0.0
        },
        {
            "throttle": 0.3112960987484377,
            "brake": 0.1520278711224707,
            "steer": 0.0
        },
        {
            "throttle": 0.32102210893018823,
            "brake": 0.13682508401022364,
            "steer": 0.0
        },
        {
            "throttle": 0.3294982180909522,
            "brake": 0.12314257560920128,
            "steer": 0.0
        },
        {
            "throttle": 0.3369952288319824,
            "brake": 0.11082831804828115,
            "steer": 0.0
        },
        {
            "throttle": 0.3437586457402255,
            "brake": 0.09974548624345304,
            "steer": 0.0
        },
        {
            "throttle": 0.35000920461852086,
            "brake": 0.08977093761910775,
            "steer": 0.0
        },
        {
            "throttle": 0.3559433517520687,
            "brake": 0.08079384385719697,
            "steer": 0.0
        },
        {
            "throttle": 0.36173370528414844,
            "brake": 0.07271445947147727,
            "steer": 0.0
        },
        {
            "throttle": 0.36752952715964804,
            "brake": 0.06544301352432955,
            "steer": 0.0
        },
        {
            "throttle": 0.37345723048049767,
            "brake": 0.05889871217189659,
            "steer": 0.0
        },
        {
            "throttle": 0.37962094351300485,
            "brake": 0.05300884095470693,
            "steer": 0.0
        },
        {
            "throttle": 0.38610314800750867,
            "brake": 0.04770795685923624,
            "steer": 0.0
        },
        {
            "throttle": 0.3929654059529775,
            "brake": 0.042937161173312616,
            "steer": 0.0
        },
        {
            "throttle": 0.40024918541301524,
            "brake": 0.03864344505598136,
            "steer": 0.0
        },
        {
            "throttle": 0.4079767926970158,
            "brake": 0.034779100550383225,
            "steer": 0.0
        },
        {
            "throttle": 0.4161524148341362,
            "brake": 0.031301190495344904,
            "steer": 0.0
        },
        {
            "throttle": 0.42476327316238144,
            "brake": 0.028171071445810415,
            "steer": 0.0
        },
        {
            "throttle": 0.43378088584473884,
            "brake": 0.025353964301229374,
            "steer": 0.0
        },
        {
            "throttle": 0.4431624343030211,
            "brake": 0.02281856787110644,
            "steer": 0.0
        },
        {
            "throttle": 0.4528522259411876,
            "brake": 0.020536711083995796,
            "steer": 0.0
        },
        {
            "throttle": 0.4627832431354477,
            "brake": 0.018483039975596218,
            "steer": 0.0
        },
        {
            "throttle": 0.47287876631877296,
            "brake": 0.016634735978036597,
            "steer": 0.0
        },
        {
            "throttle": 0.48305405710079236,
            "brake": 0.014971262380232938,
            "steer": 0.0
        },
        {
            "throttle": 0.4932180857561913,
            "brake": 0.013474136142209645,
            "steer": 0.0
        },
        {
            "throttle": 0.5032752860986478,
            "brake": 0.01212672252798868,
            "steer": 0.0
        },
        {
            "throttle": 0.5131273197429157,
            "brake": 0.010914050275189812,
            "steer": 0.0
        },
        {
            "throttle": 0.5226748310515124,
            "brake": 0.009822645247670831,
            "steer": 0.0
        },
        {
            "throttle": 0.5318191736677191,
            "brake": 0.008840380722903749,
            "steer": 0.0
        },
        {
            "throttle": 0.540464089452826,
            "brake": 0.007956342650613374,
            "steer": 0.0
        },
        {
            "throttle": 0.5485173208686667,
            "brake": 0.0071607083855520365,
            "steer": 0.0
        },
        {
            "throttle": 0.555892138368788,
            "brake": 0.006444637546996833,
            "steer": 0.0
        },
        {
            "throttle": 0.5625087651717757,
            "brake": 0.005800173792297149,
            "steer": 0.0
        },
        {
            "throttle": 0.5682956828735364,
            "brake": 0.0052201564130674345,
            "steer": 0.0
        },
        {
            "throttle": 0.5731908026936187,
            "brake": 0.004698140771760691,
            "steer": 0.0
        },
        {
            "throttle": 0.5771424887227156,
            "brake": 0.004228326694584622,
            "steer": 0.0
        },
        {
            "throttle": 0.5801104213202622,
            "brake": 0.00380549402512616,
            "steer": 0.0
        },
        {
            "throttle": 0.5820662907758751,
            "brake": 0.0034249446226135437,
            "steer": 0.0
        },
        {
            "throttle": 0.5829943134673996,
            "brake": 0.0030824501603521895,
            "steer": 0.0
        },
        {
            "throttle": 0.5246948821206596,
            "brake": 0.05012779916555483,
            "steer": 0.0
        },
        {
            "throttle": 0.4722253939085937,
            "brake": 0.0924686132702372,
            "steer": 0.0
        },
        {
            "throttle": 0.42500285451773434,
            "brake": 0.13057534596445133,
            "steer": 0.0
        },
        {
            "throttle": 0.3825025690659609,
            "brake": 0.16487140538924405,
            "steer": 0.0
        },
        {
            "throttle": 0.34425231215936486,
            "brake": 0.19573785887155754,
            "steer": 0.0
        },
        {
            "throttle": 0.30982708094342837,
            "brake": 0.22351766700563963,
            "steer": 0.0
        },
        {
            "throttle": 0.27884437284908553,
            "brake": 0.24851949432631354,
            "steer": 0.0
        },
        {
            "throttle": 0.250959935564177,
            "brake": 0.27102113891492,
            "steer": 0.0
        },
        {
            "throttle": 0.2258639420077593,
            "brake": 0.2912726190446659,
            "steer": 0.0
        },
        {
            "throttle": 0.20327754780698337,
            "brake": 0.30949895116143716,
            "steer": 0.0
        },
        {
            "throttle": 0.18294979302628503,
            "brake": 0.3259026500665313,
            "steer": 0.0
        },
        {
            "throttle": 0.16465481372365653,
            "brake": 0.340665979081116,
            "steer": 0.0
        },
        {
            "throttle": 0.1481893323512909,
            "brake": 0.35395297519424224,
            "steer": 0.0
        },
        {
            "throttle": 0.17663641728078533,
            "brake": 0.318557677674818,
            "steer": 0.0
        },
        {
            "throttle": 0.20144181658736968,
            "brake": 0.28670190990733624,
            "steer": 0.0
        },
        {
            "throttle": 0.22308988357723092,
            "brake": 0.25803171891660265,
            "steer": 0.0
        },
        {
            "throttle": 0.24202570980036006,
            "brake": 0.2322285470249424,
            "steer": 0.0
        },
        {
            "throttle": 0.25865729784037017,
            "brake": 0.20900569232244814,
            "steer": 0.0
        },
        {
            "throttle": 0.27335741624847354,
            "brake": 0.18810512309020333,
            "steer": 0.0
        },
        {
            "throttle": 0.2864651935367166,
            "brake": 0.169294610781183,
            "steer": 0.0
        },
        {
            "throttle": 0.29828750347671296,
            "brake": 0.1523651497030647,
            "steer": 0.0
        },
        {
            "throttle": 0.30910018939365913,
            "brake": 0.13712863473275824,
            "steer": 0.0
        },
        {
            "throttle": 0.3191491706810784,
            "brake": 0.12341577125948242,
            "steer": 0.0
        },
        {
            "throttle": 0.32865147037615783,
            "brake": 0.11107419413353417,
            "steer": 0.0
        },
        {
            "throttle": 0.33779619832172225,
            "brake": 0.09996677472018076,
            "steer": 0.0
        },
        {
            "throttle": 0.34674552019745386,
            "brake": 0.08997009724816268,
            "steer": 0.0
        },
        {
            "throttle": 0.3556356385336187,
            "brake": 0.08097308752334642,
            "steer": 0.0
        },
        {
            "throttle": 0.3645778077333437,
            "brake": 0.07287577877101178,
            "steer": 0.0
        },
        {
            "throttle": 0.3736594011362022,
            "brake": 0.06558820089391061,
            "steer": 0.0
        },
        {
            "throttle": 0.3829450442713857,
            "brake": 0.059029380804519554,
            "steer": 0.0
        },
        {
            "throttle": 0.3924778246903964,
            "brake": 0.0531264427240676,
            "steer": 0.0
        },
        {
            "throttle": 0.40228058515613746,
            "brake": 0.04781379845166084,
            "steer": 0.0
        },
        {
            "throttle": 0.41235730351787236,
            "brake": 0.04303241860649475,
            "steer": 0.0
        },
        {
            "throttle": 0.42269455934074157,
            "brake": 0.03872917674584528,
            "steer": 0.0
        },
        {
            "throttle": 0.43326308430539356,
            "brake": 0.034856259071260755,
            "steer": 0.0
        },
        {
            "throttle": 0.44401939056832923,
            "brake": 0.03137063316413468,
            "steer": 0.0
        },
        {
            "throttle": 0.4549074686962931,
            "brake": 0.028233569847721213,
            "steer": 0.0
        },
        {
            "throttle": 0.4658605444765129,
            "brake": 0.025410212862949092,
            "steer": 0.0
        },
        {
            "throttle": 0.47680288187491177,
            "brake": 0.022869191576654183,
            "steer": 0.0
        },
        {
            "throttle": 0.48765161768042964,
            "brake": 0.020582272418988766,
            "steer": 0.0
        },
        {
            "throttle": 0.4983186119464662,
            "brake": 0.01852404517708989,
            "steer": 0.0
        },
        {
            "throttle": 0.5087122972284717,
            "brake": 0.016671640659380902,
            "steer": 0.0
        },
        {
            "throttle": 0.5187395088249451,
            "brake": 0.015004476593442811,
            "steer": 0.0
        },
        {
            "throttle": 0.5283072777593194,
            "brake": 0.01350402893409853,
            "steer": 0.0
        },
        {
            "throttle": 0.5373245680906898,
            "brake": 0.012153626040688677,
            "steer": 0.0
        },
        {
            "throttle": 0.545703940306852,
            "brake": 0.01093826343661981,
            "steer": 0.0
        },
        {
            "throttle": 0.5533631230248428,
            "brake": 0.00984443709295783,
            "steer": 0.0
        },
        {
            "throttle": 0.5602264759898657,
            "brake": 0.008859993383662047,
            "steer": 0.0
        },
        {
            "throttle": 0.5662263284074228,
            "brake": 0.007973994045295842,
            "steer": 0.0
        },
        {
            "throttle": 0.5713041779467727,
            "brake": 0.0071765946407662574,
            "steer": 0.0
        },
        {
            "throttle": 0.5754117372945073,
            "brake": 0.0064589351766896315,
            "steer": 0.0
        },
        {
            "throttle": 0.578511816890354,
            "brake": 0.0058130416590206685,
            "steer": 0.0
        },
        {
            "throttle": 0.5805790344160158,
            "brake": 0.005231737493118602,
            "steer": 0.0
        },
        {
            "throttle": 0.5816003437025505,
            "brake": 0.004708563743806742,
            "steer": 0.0
        },
        {
            "throttle": 0.5815753779412548,
            "brake": 0.004237707369426067,
            "steer": 0.0
        },
        {
            "throttle": 0.5805166043946347,
            "brake": 0.0038139366324834605,
            "steer": 0.0
        },
        {
            "throttle": 0.5784492901742029,
            "brake": 0.0034325429692351147,
            "steer": 0.0
        },
        {
            "throttle": 0.5754112810463572,
            "brake": 0.0030892886723116035,
            "steer": 0.0
        },
        {
            "throttle": 0.5714525976121654,
            "brake": 0.0027803598050804433,
            "steer": 0.0
        },
        {
            "throttle": 0.5666348555475191,
            "brake": 0.002502323824572399,
            "steer": 0.0
        },
        {
            "throttle": 0.5610305188536022,
            "brake": 0.002252091442115159,
            "steer": 0.0
        },
        {
            "throttle": 0.5547219972219195,
            "brake": 0.0020268822979036434,
            "steer": 0.0
        },
        {
            "throttle": 0.5478006006328361,
            "brake": 0.001824194068113279,
            "steer": 0.0
        },
        {
            "throttle": 0.5403653661532821,
            "brake": 0.001641774661301951,
            "steer": 0.0
        },
        {
            "throttle": 0.5325217735519786,
            "brake": 0.001477597195171756,
            "steer": 0.0
        },
        {
            "throttle": 0.5243803677859391,
            "brake": 0.0013298374756545803,
            "steer": 0.0
        },
        {
            "throttle": 0.5160553076098581,
            "brake": 0.0011968537280891223,
            "steer": 0.0
        },
        {
            "throttle": 0.5076628605033507,
            "brake": 0.00107716835528021,
            "steer": 0.0
        },
        {
            "throttle": 0.49931986478643203,
            "brake": 0.0009694515197521891,
            "steer": 0.0
        },
        {
            "throttle": 0.49114218019138,
            "brake": 0.0008725063677769702,
            "steer": 0.0
        },
        {
            "throttle": 0.48324314827330594,
            "brake": 0.0007852557309992733,
            "steer": 0.0
        }
    ],
    "parameters": {
        "cloudiness": 40.917772493264124,
        "fog_density": 69.95926010651736,
        "initial_distance": 45.5024866066008,
        "initial_ego_velocity": 15.203610859879928,
        "initial_lead_velocity": 23.410852054598422,
        "lead_base_throttle": 0.5133582685248553,
        "lead_behavior_frequency": 0.18539895239121124,
        "lead_brake_duration": 13.626423542458303,
        "lead_brake_intensity": 0.47353594021237855,
        "lead_brake_probability": 0.12190542527268622,
        "lead_throttle_variation": 0.10900301393552742,
        "precipitation": 28.640529934052715,
        "precipitation_deposits": 81.38607705323709,
        "sun_altitude_angle": -1.8536083226481779,
        "wind_intensity": 0.1861023613734969
    },
    "config": {
        "num_timesteps": 200,
        "dt": 0.1,
        "seed": 114
    }
}