{
    "weather": {
        "cloudiness": 98.69566390308513,
        "precipitation": 40.0951704984678,
        "precipitation_deposits": 28.16142641719224,
        "wind_intensity": 21.56111243432476,
        "sun_altitude_angle": -19.92263285259007,
        "fog_density": 26.92646583516881,
        "fog_distance": 407.5674407701057,
        "wetness": 20.0475852492339
    },
    "initial_conditions": {
        "ego": {
            "position": {
                "x": 512.0529417265531,
                "y": 20.57,
                "z": 0.294
            },
            "yaw": 0.0,
            "velocity": 13.37857224142688
        },
        "lead": {
            "position": {
                "x": 484.88,
                "y": 20.57,
                "z": 0.294
            },
            "yaw": 0.0,
            "velocity": 9.759185601668337
        }
    },
    "ego": {
        "position": {
            "x": 512.0529417265531,
            "y": 20.57,
            "z": 0.294
        },
        "yaw": 0.0,
        "velocity": 13.37857224142688
    },
    "lead": {
        "position": {
            "x": 484.88,
            "y": 20.57,
            "z": 0.294
        },
        "yaw": 0.0,
        "velocity": 9.759185601668337
    },
    "ado_actions": [
        {
            "throttle": 0.39235952695948895,
            "brake": 0.0,
            "steer": 0.0
        },
        {
            "throttle": 0.3935254474971085,
            "brake": 0.0,
            "steer": 0.0
        },
        {
            "throttle": 0.3957393395712784,
            "brake": 0.0,
            "steer": 0.0
        },
        {
            "throttle": 0.3988936937130015,
            "brake": 0.0,
            "steer": 0.0
        },
        {
            "throttle": 0.402890399188852,
            "brake": 0.0,
            "steer": 0.0
        },
        {
            "throttle": 0.40763980885788537,
            "brake": 0.0,
            "steer": 0.0
        },
        {
            "throttle": 0.41305989911111174,
            "brake": 0.0,
            "steer": 0.0
        },
        {
            "throttle": 0.4190755153779464,
            "brake": 0.0,
            "steer": 0.0
        },
        {
            "throttle": 0.42561769463379195,
            "brake": 0.0,
            "steer": 0.0
        },
        {
            "throttle": 0.43262305719768535,
            "brake": 0.0,
            "steer": 0.0
        },
        {
            "throttle": 0.4400332608782572,
            "brake": 0.0,
            "steer": 0.0
        },
        {
            "throttle": 0.4477945112186466,
            "brake": 0.0,
            "steer": 0.0
        },
        {
            "throttle": 0.4558571222141889,
            "brake": 0.0,
            "steer": 0.0
        },
        {
            "throttle": 0.4641751224375709,
            "brake": 0.0,
            "steer": 0.0
        },
        {
            "throttle": 0.47270590201095525,
            "brake": 0.0,
            "steer": 0.0
        },
        {
            "throttle": 0.48140989631892706,
            "brake": 0.0,
            "steer": 0.0
        },
        {
            "throttle": 0.49025030276505926,
            "brake": 0.0,
            "steer": 0.0
        },
        {
            "throttle": 0.49919282724296266,
            "brake": 0.0,
            "steer": 0.0
        },
        {
            "throttle": 0.5082054573239866,
            "brake": 0.0,
            "steer": 0.0
        },
        {
            "throttle": 0.5172582594619289,
            "brake": 0.0,
            "steer": 0.0
        },
        {
            "throttle": 0.526323197783525,
            "brake": 0.0,
            "steer": 0.0
        },
        {
            "throttle": 0.5353739722750886,
            "brake": 0.0,
            "steer": 0.0
        },
        {
            "throttle": 0.5443858743931552,
            "brake": 0.0,
            "steer": 0.0
        },
        {
            "throttle": 0.5533356583227461,
            "brake": 0.0,
            "steer": 0.0
        },
        {
            "throttle": 0.5622014262831068,
            "brake": 0.0,
            "steer": 0.0
        },
        {
            "throttle": 0.5709625264394173,
            "brake": 0.0,
            "steer": 0.0
        },
        {
            "throttle": 0.5795994621218032,
            "brake": 0.0,
            "steer": 0.0
        },
        {
            "throttle": 0.5880938111815639,
            "brake": 0.0,
            "steer": 0.0
        },
        {
            "throttle": 0.596428154430308,
            "brake": 0.0,
            "steer": 0.0
        },
        {
            "throttle": 0.6045860122119373,
            "brake": 0.0,
            "steer": 0.0
        },
        {
            "throttle": 0.6125517882512806,
            "brake": 0.0,
            "steer": 0.0
        },
        {
            "throttle": 0.620310720007723,
            "brake": 0.0,
            "steer": 0.0
        },
        {
            "throttle": 0.6278488348382945,
            "brake": 0.0,
            "steer": 0.0
        },
        {
            "throttle": 0.6351529113432611,
            "brake": 0.0,
            "steer": 0.0
        },
        {
            "throttle": 0.642210445329024,
            "brake": 0.0,
            "steer": 0.0
        },
        {
            "throttle": 0.649009619878775,
            "brake": 0.0,
            "steer": 0.0
        },
        {
            "throttle": 0.6555392790714959,
            "brake": 0.0,
            "steer": 0.0
        },
        {
            "throttle": 0.6617889049350663,
            "brake": 0.0,
            "steer": 0.0
        },
        {
            "throttle": 0.6677485972599604,
            "brake": 0.0,
            "steer": 0.0
        },
        {
            "throttle": 0.6734090559367236,
            "brake": 0.0,
            "steer": 0.0
        },
        {
            "throttle": 0.6787615655135065,
            "brake": 0.0,
            "steer": 0.0
        },
        {
            "throttle": 0.6837979816997826,
            "brake": 0.0,
            "steer": 0.0
        },
        {
            "throttle": 0.6885107195692932,
            "brake": 0.0,
            "steer": 0.0
        },
        {
            "throttle": 0.6928927432395542,
            "brake": 0.0,
            "steer": 0.0
        },
        {
            "throttle": 0.696937556827176,
            "brake": 0.0,
            "steer": 0.0
        },
        {
            "throttle": 0.7006391964980441,
            "brake": 0.0,
            "steer": 0.0
        },
        {
            "throttle": 0.7039922234492789,
            "brake": 0.0,
            "steer": 0.0
        },
        {
            "throttle": 0.7069917176760415,
            "brake": 0.0,
            "steer": 0.0
        },
        {
            "throttle": 0.7096332723908509,
            "brake": 0.0,
            "steer": 0.0
        },
        {
            "throttle": 0.7119129889762765,
            "brake": 0.0,
            "steer": 0.0
        },
        {
            "throttle": 0.713827472363812,
            "brake": 0.0,
            "steer": 0.0
        },
        {
            "throttle": 0.7153738267425485,
            "brake": 0.0,
            "steer": 0.0
        },
        {
            "throttle": 0.7165496515110545,
            "brake": 0.0,
            "steer": 0.0
        },
        {
            "throttle": 0.7173530373947505,
            "brake": 0.0,
            "steer": 0.0
        },
        {
            "throttle": 0.7177825626591101,
            "brake": 0.0,
            "steer": 0.0
        },
        {
            "throttle": 0.7178372893563312,
            "brake": 0.0,
            "steer": 0.0
        },
        {
            "throttle": 0.7175167595497565,
            "brake": 0.0,
            "steer": 0.0
        },
        {
            "throttle": 0.7168209914663567,
            "brake": 0.0,
            "steer": 0.0
        },
        {
            "throttle": 0.7157504755330831,
            "brake": 0.0,
            "steer": 0.0
        },
        {
            "throttle": 0.7143061702578973,
            "brake": 0.0,
            "steer": 0.0
        },
        {
            "throttle": 0.7124894979208473,
            "brake": 0.0,
            "steer": 0.0
        },
        {
            "throttle": 0.7103023400447235,
            "brake": 0.0,
            "steer": 0.0
        },
        {
            "throttle": 0.7077470326186331,
            "brake": 0.0,
            "steer": 0.0
        },
        {
            "throttle": 0.704826361051309,
            "brake": 0.0,
            "steer": 0.0
        },
        {
            "throttle": 0.7015435548341633,
            "brake": 0.0,
            "steer": 0.0
        },
        {
            "throttle": 0.631389199350747,
            "brake": 0.012925305456450153,
            "steer": 0.0
        },
        {
            "throttle": 0.5682502794156723,
            "brake": 0.02455808036725529,
            "steer": 0.0
        },
        {
            "throttle": 0.5114252514741051,
            "brake": 0.035027577786979916,
            "steer": 0.0
        },
        {
            "throttle": 0.4602827263266946,
            "brake": 0.04445012546473208,
            "steer": 0.0
        },
        {
            "throttle": 0.41425445369402514,
            "brake": 0.05293041837470903,
            "steer": 0.0
        },
        {
            "throttle": 0.3728290083246226,
            "brake": 0.06056268199368828,
            "steer": 0.0
        },
        {
            "throttle": 0.33554610749216035,
            "brake": 0.0674317192507696,
            "steer": 0.0
        },
        {
            "throttle": 0.30199149674294434,
            "brake": 0.0736138527821428,
            "steer": 0.0
        },
        {
            "throttle": 0.2717923470686499,
            "brake": 0.07917777296037867,
            "steer": 0.0
        },
        {
            "throttle": 0.24461311236178493,
            "brake": 0.08418530112079096,
            "steer": 0.0
        },
        {
            "throttle": 0.22015180112560645,
            "brake": 0.08869207646516203,
            "steer": 0.0
        },
        {
            "throttle": 0.1981366210130458,
            "brake": 0.09274817427509598,
            "steer": 0.0
        },
        {
            "throttle": 0.17832295891174121,
            "brake": 0.09639866230403653,
            "steer": 0.0
        },
        {
            "throttle": 0.1604906630205671,
            "brake": 0.09968410153008303,
            "steer": 0.0
        },
        {
            "throttle": 0.1444415967185104,
            "brake": 0.10264099683352489,
            "steer": 0.0
        },
        {
            "throttle": 0.12999743704665936,
            "brake": 0.10530220260662256,
            "steer": 0.0
        },
        {
            "throttle": 0.11699769334199343,
            "brake": 0.10769728780241046,
            "steer": 0.0
        },
        {
            "throttle": 0.10529792400779409,
            "brake": 0.10985286447861957,
            "steer": 0.0
        },
        {
            "throttle": 0.09476813160701468,
            "brake": 0.11179288348720777,
            "steer": 0.0
        },
        {
            "throttle": 0.1338347750191397,
            "brake": 0.100613595138487,
            "steer": 0.0
        },
        {
            "throttle": 0.16786747474945454,
            "brake": 0.09055223562463831,
            "steer": 0.0
        },
        {
            "throttle": 0.19736010467713727,
            "brake": 0.08149701206217448,
            "steer": 0.0
        },
        {
            "throttle": 0.2227584743488519,
            "brake": 0.07334731085595704,
            "steer": 0.0
        },
        {
            "throttle": 0.24446514495251734,
            "brake": 0.06601257977036133,
            "steer": 0.0
        },
        {
            "throttle": 0.2628437621427685,
            "brake": 0.0594113217933252,
            "steer": 0.0
        },
        {
            "throttle": 0.27822295402364133,
            "brake": 0.053470189613992684,
            "steer": 0.0
        },
        {
            "throttle": 0.29089983776527717,
            "brake": 0.04812317065259342,
            "steer": 0.0
        },
        {
            "throttle": 0.30114317398558577,
            "brake": 0.043310853587334074,
            "steer": 0.0
        },
        {
            "throttle": 0.30919620411654414,
            "brake": 0.038979768228600664,
            "steer": 0.0
        },
        {
            "throttle": 0.31527920245467694,
            "brake": 0.0350817914057406,
            "steer": 0.0
        },
        {
            "throttle": 0.31959177142714557,
            "brake": 0.03157361226516654,
            "steer": 0.0
        },
        {
            "throttle": 0.32231490575357064,
            "brake": 0.02841625103864989,
            "steer": 0.0
        },
        {
            "throttle": 0.323612848617535,
            "brake": 0.0255746259347849,
            "steer": 0.0
        },
        {
            "throttle": 0.3236347606521518,
            "brake": 0.02301716334130641,
            "steer": 0.0
        },
        {
            "throttle": 0.3225162204654701,
            "brake": 0.02071544700717577,
            "steer": 0.0
        },
        {
            "throttle": 0.3203805735607301,
            "brake": 0.018643902306458193,
            "steer": 0.0
        },
        {
            "throttle": 0.31734014482278583,
            "brake": 0.016779512075812374,
            "steer": 0.0
        },
        {
            "throttle": 0.31349732822667714,
            "brake": 0.015101560868231136,
            "steer": 0.0
        },
        {
            "throttle": 0.3089455660605116,
            "brake": 0.013591404781408023,
            "steer": 0.0
        },
        {
            "throttle": 0.30377022872736736,
            "brake": 0.012232264303267222,
            "steer": 0.0
        },
        {
            "throttle": 0.29804940508619815,
            "brake": 0.0110090378729405,
            "steer": 0.0
        },
        {
            "throttle": 0.2918546122974486,
            "brake": 0.00990813408564645,
            "steer": 0.0
        },
        {
            "throttle": 0.2626691510677037,
            "brake": 0.02184262613353196,
            "steer": 0.0
        },
        {
            "throttle": 0.23640223596093335,
            "brake": 0.03258366897662892,
            "steer": 0.0
        },
        {
            "throttle": 0.21276201236484002,
            "brake": 0.04225060753541618,
            "steer": 0.0
        },
        {
            "throttle": 0.19148581112835603,
            "brake": 0.05095085223832472,
            "steer": 0.0
        },
        {
            "throttle": 0.17233723001552043,
            "brake": 0.0587810724709424,
            "steer": 0.0
        },
        {
            "throttle": 0.15510350701396838,
            "brake": 0.06582827068029831,
            "steer": 0.0
        },
        {
            "throttle": 0.13959315631257155,
            "brake": 0.07217074906871863,
            "steer": 0.0
        },
        {
            "throttle": 0.1256338406813144,
            "brake": 0.07787897961829693,
            "steer": 0.0
        },
        {
            "throttle": 0.11307045661318295,
            "brake": 0.0830163871129174,
            "steer": 0.0
        },
        {
            "throttle": 0.10176341095186466,
            "brake": 0.08764005385807581,
            "steer": 0.0
        },
        {
            "throttle": 0.0915870698566782,
            "brake": 0.09180135392871838,
            "steer": 0.0
        },
        {
            "throttle": 0.08242836287101038,
            "brake": 0.0955465239922967,
            "steer": 0.0
        },
        {
            "throttle": 0.07418552658390934,
            "brake": 0.09891717704951718,
            "steer": 0.0
        },
        {
            "throttle": 0.0667669739255184,
            "brake": 0.10195076480101561,
            "steer": 0.0
        },
        {
            "throttle": 0.060090276532966565,
            "brake": 0.10468099377736421,
            "steer": 0.0
        },
        {
            "throttle": 0.05408124887966991,
            "brake": 0.10713819985607795,
            "steer": 0.0
        },
        {
            "throttle": 0.04867312399170292,
            "brake": 0.10934968532692031,
            "steer": 0.0
        },
        {
            "throttle": 0.04380581159253263,
            "brake": 0.11134002225067843,
            "steer": 0.0
        },
        {
            "throttle": 0.03942523043327936,
            "brake": 0.11313132548206074,
            "steer": 0.0
        },
        {
            "throttle": 0.04342080003522988,
            "brake": 0.10181819293385468,
            "steer": 0.0
        },
        {
            "throttle": 0.04656635304040794,
            "brake": 0.09163637364046921,
            "steer": 0.0
        },
        {
            "throttle": 0.04898384113683092,
            "brake": 0.08247273627642229,
            "steer": 0.0
        },
        {
            "throttle": 0.0507835021035699,
            "brake": 0.07422546264878006,
            "steer": 0.0
        },
        {
            "throttle": 0.05206498763753842,
            "brake": 0.06680291638390205,
            "steer": 0.0
        },
        {
            "throttle": 0.052918377888193716,
            "brake": 0.060122624745511846,
            "steer": 0.0
        },
        {
            "throttle": 0.047626540099374344,
            "brake": 0.06703566772741082,
            "steer": 0.0
        },
        {
            "throttle": 0.04286388608943691,
            "brake": 0.07325740641111989,
            "steer": 0.0
        },
        {
            "throttle": 0.038577497480493224,
            "brake": 0.07885697122645806,
            "steer": 0.0
        },
        {
            "throttle": 0.0347197477324439,
            "brake": 0.0838965795602624,
            "steer": 0.0
        },
        {
            "throttle": 0.03124777295919951,
            "brake": 0.08843222706068632,
            "steer": 0.0
        },
        {
            "throttle": 0.02812299566327956,
            "brake": 0.09251430981106784,
            "steer": 0.0
        },
        {
            "throttle": 0.025310696096951607,
            "brake": 0.09618818428641121,
            "steer": 0.0
        },
        {
            "throttle": 0.022779626487256448,
            "brake": 0.09949467131422024,
            "steer": 0.0
        },
        {
            "throttle": 0.020501663838530804,
            "brake": 0.10247050963924838,
            "steer": 0.0
        },
        {
            "throttle": 0.018451497454677723,
            "brake": 0.1051487641317737,
            "steer": 0.0
        },
        {
            "throttle": 0.01660634770920995,
            "brake": 0.10755919317504647,
            "steer": 0.0
        },
        {
            "throttle": 0.014945712938288957,
            "brake": 0.10972857931399198,
            "steer": 0.0
        },
        {
            "throttle": 0.013451141644460061,
            "brake": 0.11168102683904294,
            "steer": 0.0
        },
        {
            "throttle": 0.012106027480014056,
            "brake": 0.1134382296115888,
            "steer": 0.0
        },
        {
            "throttle": 0.010895424732012651,
            "brake": 0.11501971210688007,
            "steer": 0.0
        },
        {
            "throttle": 0.009805882258811386,
            "brake": 0.11644304635264222,
            "steer": 0.0
        },
        {
            "throttle": 0.008825294032930248,
            "brake": 0.11772404717382814,
            "steer": 0.0
        },
        {
            "throttle": 0.007942764629637224,
            "brake": 0.11887694791289549,
            "steer": 0.0
        },
        {
            "throttle": 0.007148488166673502,
            "brake": 0.1199145585780561,
            "steer": 0.0
        },
        {
            "throttle": 0.014733270867410202,
            "brake": 0.10792310272025049,
            "steer": 0.0
        },
        {
            "throttle": 0.022073393125879682,
            "brake": 0.09713079244822545,
            "steer": 0.0
        },
        {
            "throttle": 0.0292287279738929,
            "brake": 0.08741771320340291,
            "steer": 0.0
        },
        {
            "throttle": 0.036252521929164214,
            "brake": 0.07867594188306262,
            "steer": 0.0
        },
        {
            "throttle": 0.043192017182521775,
            "brake": 0.07080834769475636,
            "steer": 0.0
        },
        {
            "throttle": 0.050089012357431364,
            "brake": 0.06372751292528073,
            "steer": 0.0
        },
        {
            "throttle": 0.056980368030775615,
            "brake": 0.05735476163275265,
            "steer": 0.0
        },
        {
            "throttle": 0.06389846258396198,
            "brake": 0.05161928546947739,
            "steer": 0.0
        },
        {
            "throttle": 0.07087160339549843,
            "brake": 0.04645735692252965,
            "steer": 0.0
        },
        {
            "throttle": 0.07792439788398386,
            "brake": 0.04181162123027669,
            "steer": 0.0
        },
        {
            "throttle": 0.08507808845843656,
            "brake": 0.03763045910724902,
            "steer": 0.0
        },
        {
            "throttle": 0.09235085502601453,
            "brake": 0.03386741319652412,
            "steer": 0.0
        },
        {
            "throttle": 0.08311576952341308,
            "brake": 0.04340597733332187,
            "steer": 0.0
        },
        {
            "throttle": 0.07480419257107178,
            "brake": 0.051990685056439834,
            "steer": 0.0
        },
        {
            "throttle": 0.06732377331396461,
            "brake": 0.05971692200724601,
            "steer": 0.0
        },
        {
            "throttle": 0.06059139598256815,
            "brake": 0.06667053526297156,
            "steer": 0.0
        },
        {
            "throttle": 0.054532256384311334,
            "brake": 0.07292878719312457,
            "steer": 0.0
        },
        {
            "throttle": 0.0490790307458802,
            "brake": 0.07856121393026226,
            "steer": 0.0
        },
        {
            "throttle": 0.04417112767129218,
            "brake": 0.08363039799368618,
            "steer": 0.0
        },
        {
            "throttle": 0.039754014904162964,
            "brake": 0.08819266365076772,
            "steer": 0.0
        },
        {
            "throttle": 0.03577861341374667,
            "brake": 0.09229870274214111,
            "steer": 0.0
        },
        {
            "throttle": 0.032200752072372,
            "brake": 0.09599413792437715,
            "steer": 0.0
        },
        {
            "throttle": 0.028980676865134804,
            "brake": 0.09932002958838959,
            "steer": 0.0
        },
        {
            "throttle": 0.026082609178621326,
            "brake": 0.10231333208600078,
            "steer": 0.0
        },
        {
            "throttle": 0.023474348260759195,
            "brake": 0.10500730433385086,
            "steer": 0.0
        },
        {
            "throttle": 0.021126913434683276,
            "brake": 0.10743187935691594,
            "steer": 0.0
        },
        {
            "throttle": 0.01901422209121495,
            "brake": 0.1096139968776745,
            "steer": 0.0
        },
        {
            "throttle": 0.017112799882093455,
            "brake": 0.1115779026463572,
            "steer": 0.0
        },
        {
            "throttle": 0.01540151989388411,
            "brake": 0.11334541783817163,
            "steer": 0.0
        },
        {
            "throttle": 0.013861367904495698,
            "brake": 0.11493618151080462,
            "steer": 0.0
        },
        {
            "throttle": 0.012475231114046128,
            "brake": 0.11636786881617431,
            "steer": 0.0
        },
        {
            "throttle": 0.04793893372678489,
            "brake": 0.10473108193455688,
            "steer": 0.0
        },
        {
            "throttle": 0.08102047094190884,
            "brake": 0.09425797374110119,
            "steer": 0.0
        },
        {
            "throttle": 0.11195964273197048,
            "brake": 0.08483217636699107,
            "steer": 0.0
        },
        {
            "throttle": 0.1409709122788677,
            "brake": 0.07634895873029196,
            "steer": 0.0
        },
        {
            "throttle": 0.1682459393891369,
            "brake": 0.06871406285726277,
            "steer": 0.0
        },
        {
            "throttle": 0.19395586214711658,
            "brake": 0.061842656571536495,
            "steer": 0.0
        },
        {
            "throttle": 0.2182533519806641,
            "brake": 0.05565839091438285,
            "steer": 0.0
        },
        {
            "throttle": 0.24127446479480166,
            "brake": 0.050092551822944566,
            "steer": 0.0
        },
        {
            "throttle": 0.26314030856129933,
            "brake": 0.04508329664065011,
            "steer": 0.0
        },
        {
            "throttle": 0.28395854571157464,
            "brake": 0.0405749669765851,
            "steer": 0.0
        },
        {
            "throttle": 0.3038247468437321,
            "brake": 0.03651747027892659,
            "steer": 0.0
        },
        {
            "throttle": 0.32282361060167686,
            "brake": 0.032865723251033936,
            "steer": 0.0
        },
        {
            "throttle": 0.34103006309664574,
            "brake": 0.029579150925930543,
            "steer": 0.0
        },
        {
            "throttle": 0.35851024890268574,
            "brake": 0.02662123583333749,
            "steer": 0.0
        },
        {
            "throttle": 0.37532242445269054,
            "brake": 0.02395911225000374,
            "steer": 0.0
        },
        {
            "throttle": 0.3915177635772005,
            "brake": 0.021563201025003368,
            "steer": 0.0
        },
        {
            "throttle": 0.4071410839522238,
            "brake": 0.01940688092250303,
            "steer": 0.0
        },
        {
            "throttle": 0.4222315023440107,
            "brake": 0.017466192830252726,
            "steer": 0.0
        }
    ],
    "parameters": {
        "cloudiness": 98.69566390308513,
        "fog_density": 26.92646583516881,
        "initial_distance": 27.172941726553095,
        "initial_ego_velocity": 13.37857224142688,
        "initial_lead_velocity": 9.759185601668337,
        "lead_base_throttle": 0.39235952695948895,
        "lead_behavior_frequency": 0.05429854719939024,
        "lead_brake_duration": 19.81472138196542,
        "lead_brake_intensity": 0.12925305456450153,
        "lead_brake_probability": 0.2898380895744655,
        "lead_throttle_variation": 0.34181028574963235,
        "precipitation": 40.0951704984678,
        "precipitation_deposits": 28.16142641719224,
        "sun_altitude_angle": -19.92263285259007,
        "wind_intensity": 21.56111243432476
    },
    "config": {
        "num_timesteps": 200,
        "dt": 0.1,
        "seed": 183
    }
}