{
    "weather": {
        "cloudiness": 27.349265068607288,
        "precipitation": 65.95469750616093,
        "precipitation_deposits": 27.614157734590528,
        "wind_intensity": 29.432900195788715,
        "sun_altitude_angle": -6.075769822451068,
        "fog_density": 69.83718067885508,
        "fog_distance": 97.49969563958376,
        "wetness": 32.97734875308046
    },
    "initial_conditions": {
        "ego": {
            "position": {
                "x": 503.0841365450751,
                "y": 20.57,
                "z": 0.294
            },
            "yaw": 0.0,
            "velocity": 17.922014663932817
        },
        "lead": {
            "position": {
                "x": 484.88,
                "y": 20.57,
                "z": 0.294
            },
            "yaw": 0.0,
            "velocity": 18.441434973495127
        }
    },
    "ego": {
        "position": {
            "x": 503.0841365450751,
            "y": 20.57,
            "z": 0.294
        },
        "yaw": 0.0,
        "velocity": 17.922014663932817
    },
    "lead": {
        "position": {
            "x": 484.88,
            "y": 20.57,
            "z": 0.294
        },
        "yaw": 0.0,
        "velocity": 18.441434973495127
    },
    "ado_actions": [
        {
            "throttle": 0.5957330576855726,
            "brake": 0.0,
            "steer": 0.0
        },
        {
            "throttle": 0.5966153671640698,
            "brake": 0.0,
            "steer": 0.0
        },
        {
            "throttle": 0.5982888335148758,
            "brake": 0.0,
            "steer": 0.0
        },
        {
            "throttle": 0.6006685074087913,
            "brake": 0.0,
            "steer": 0.0
        },
        {
            "throttle": 0.6036750417832887,
            "brake": 0.0,
            "steer": 0.0
        },
        {
            "throttle": 0.6072341605119316,
            "brake": 0.0,
            "steer": 0.0
        },
        {
            "throttle": 0.6112761896898715,
            "brake": 0.0,
            "steer": 0.0
        },
        {
            "throttle": 0.6157356451467275,
            "brake": 0.0,
            "steer": 0.0
        },
        {
            "throttle": 0.6205508704060404,
            "brake": 0.0,
            "steer": 0.0
        },
        {
            "throttle": 0.6256637198581187,
            "brake": 0.0,
            "steer": 0.0
        },
        {
            "throttle": 0.6310192824065777,
            "brake": 0.0,
            "steer": 0.0
        },
        {
            "throttle": 0.636565641293731,
            "brake": 0.0,
            "steer": 0.0
        },
        {
            "throttle": 0.6422536662111925,
            "brake": 0.0,
            "steer": 0.0
        },
        {
            "throttle": 0.6480368341640238,
            "brake": 0.0,
            "steer": 0.0
        },
        {
            "throttle": 0.653871075883567,
            "brake": 0.0,
            "steer": 0.0
        },
        {
            "throttle": 0.6597146448792947,
            "brake": 0.0,
            "steer": 0.0
        },
        {
            "throttle": 0.665528006486875,
            "brake": 0.0,
            "steer": 0.0
        },
        {
            "throttle": 0.6712737445110756,
            "brake": 0.0,
            "steer": 0.0
        },
        {
            "throttle": 0.6769164832807415,
            "brake": 0.0,
            "steer": 0.0
        },
        {
            "throttle": 0.6824228231312428,
            "brake": 0.0,
            "steer": 0.0
        },
        {
            "throttle": 0.6877612875095919,
            "brake": 0.0,
            "steer": 0.0
        },
        {
            "throttle": 0.6929022800607862,
            "brake": 0.0,
            "steer": 0.0
        },
        {
            "throttle": 0.6978180502025466,
            "brake": 0.0,
            "steer": 0.0
        },
        {
            "throttle": 0.7024826658309982,
            "brake": 0.0,
            "steer": 0.0
        },
        {
            "throttle": 0.7068719919233799,
            "brake": 0.0,
            "steer": 0.0
        },
        {
            "throttle": 0.7109636739167654,
            "brake": 0.0,
            "steer": 0.0
        },
        {
            "throttle": 0.7147371248451541,
            "brake": 0.0,
            "steer": 0.0
        },
        {
            "throttle": 0.7181735153121108,
            "brake": 0.0,
            "steer": 0.0
        },
        {
            "throttle": 0.7212557654632867,
            "brake": 0.0,
            "steer": 0.0
        },
        {
            "throttle": 0.7239685382034169,
            "brake": 0.0,
            "steer": 0.0
        },
        {
            "throttle": 0.7262982329764703,
            "brake": 0.0,
            "steer": 0.0
        },
        {
            "throttle": 0.7282329794961393,
            "brake": 0.0,
            "steer": 0.0
        },
        {
            "throttle": 0.7297626308773613,
            "brake": 0.0,
            "steer": 0.0
        },
        {
            "throttle": 0.7308787556785578,
            "brake": 0.0,
            "steer": 0.0
        },
        {
            "throttle": 0.7315746284191859,
            "brake": 0.0,
            "steer": 0.0
        },
        {
            "throttle": 0.7318452181884237,
            "brake": 0.0,
            "steer": 0.0
        },
        {
            "throttle": 0.7316871750086898,
            "brake": 0.0,
            "steer": 0.0
        },
        {
            "throttle": 0.7310988136625317,
            "brake": 0.0,
            "steer": 0.0
        },
        {
            "throttle": 0.7300800947334828,
            "brake": 0.0,
            "steer": 0.0
        },
        {
            "throttle": 0.7286326026510073,
            "brake": 0.0,
            "steer": 0.0
        },
        {
            "throttle": 0.7267595205668381,
            "brake": 0.0,
            "steer": 0.0
        },
        {
            "throttle": 0.7244656019250464,
            "brake": 0.0,
            "steer": 0.0
        },
        {
            "throttle": 0.7217571386212146,
            "brake": 0.0,
            "steer": 0.0
        },
        {
            "throttle": 0.7186419256772579,
            "brake": 0.0,
            "steer": 0.0
        },
        {
            "throttle": 0.7151292223878627,
            "brake": 0.0,
            "steer": 0.0
        },
        {
            "throttle": 0.7112297099223001,
            "brake": 0.0,
            "steer": 0.0
        },
        {
            "throttle": 0.7069554453915955,
            "brake": 0.0,
            "steer": 0.0
        },
        {
            "throttle": 0.7023198124157848,
            "brake": 0.0,
            "steer": 0.0
        },
        {
            "throttle": 0.6973374682493116,
            "brake": 0.0,
            "steer": 0.0
        },
        {
            "throttle": 0.692024287544584,
            "brake": 0.0,
            "steer": 0.0
        },
        {
            "throttle": 0.686397302854344,
            "brake": 0.0,
            "steer": 0.0
        },
        {
            "throttle": 0.6804746419928636,
            "brake": 0.0,
            "steer": 0.0
        },
        {
            "throttle": 0.67427546239408,
            "brake": 0.0,
            "steer": 0.0
        },
        {
            "throttle": 0.6678198826216586,
            "brake": 0.0,
            "steer": 0.0
        },
        {
            "throttle": 0.6611289112016416,
            "brake": 0.0,
            "steer": 0.0
        },
        {
            "throttle": 0.6542243729628192,
            "brake": 0.0,
            "steer": 0.0
        },
        {
            "throttle": 0.6471288330832653,
            "brake": 0.0,
            "steer": 0.0
        },
        {
            "throttle": 0.6398655190536242,
            "brake": 0.0,
            "steer": 0.0
        },
        {
            "throttle": 0.6324582407787237,
            "brake": 0.0,
            "steer": 0.0
        },
        {
            "throttle": 0.6249313090489395,
            "brake": 0.0,
            "steer": 0.0
        },
        {
            "throttle": 0.6173094526214483,
            "brake": 0.0,
            "steer": 0.0
        },
        {
            "throttle": 0.6096177341590944,
            "brake": 0.0,
            "steer": 0.0
        },
        {
            "throttle": 0.6018814652810598,
            "brake": 0.0,
            "steer": 0.0
        },
        {
            "throttle": 0.5941261209848919,
            "brake": 0.0,
            "steer": 0.0
        },
        {
            "throttle": 0.5863772537036908,
            "brake": 0.0,
            "steer": 0.0
        },
        {
            "throttle": 0.5786604072654306,
            "brake": 0.0,
            "steer": 0.0
        },
        {
            "throttle": 0.5710010310234735,
            "brake": 0.0,
            "steer": 0.0
        },
        {
            "throttle": 0.5634243944283506,
            "brake": 0.0,
            "steer": 0.0
        },
        {
            "throttle": 0.5559555023108531,
            "brake": 0.0,
            "steer": 0.0
        },
        {
            "throttle": 0.5486190111454057,
            "brake": 0.0,
            "steer": 0.0
        },
        {
            "throttle": 0.5414391465606011,
            "brake": 0.0,
            "steer": 0.0
        },
        {
            "throttle": 0.534439622360689,
            "brake": 0.0,
            "steer": 0.0
        },
        {
            "throttle": 0.5276435613177419,
            "brake": 0.0,
            "steer": 0.0
        },
        {
            "throttle": 0.5210734179892027,
            "brake": 0.0,
            "steer": 0.0
        },
        {
            "throttle": 0.5147509038095678,
            "brake": 0.0,
            "steer": 0.0
        },
        {
            "throttle": 0.5086969146981137,
            "brake": 0.0,
            "steer": 0.0
        },
        {
            "throttle": 0.5029314614168564,
            "brake": 0.0,
            "steer": 0.0
        },
        {
            "throttle": 0.4974736029043782,
            "brake": 0.0,
            "steer": 0.0
        },
        {
            "throttle": 0.4923413828018023,
            "brake": 0.0,
            "steer": 0.0
        },
        {
            "throttle": 0.4875517693770701,
            "brake": 0.0,
            "steer": 0.0
        },
        {
            "throttle": 0.483120599042828,
            "brake": 0.0,
            "steer": 0.0
        },
        {
            "throttle": 0.479062523651692,
            "brake": 0.0,
            "steer": 0.0
        },
        {
            "throttle": 0.4753909617404787,
            "brake": 0.0,
            "steer": 0.0
        },
        {
            "throttle": 0.4721180538822054,
            "brake": 0.0,
            "steer": 0.0
        },
        {
            "throttle": 0.4692546222913274,
            "brake": 0.0,
            "steer": 0.0
        },
        {
            "throttle": 0.46681013481383193,
            "brake": 0.0,
            "steer": 0.0
        },
        {
            "throttle": 0.4647926734195037,
            "brake": 0.0,
            "steer": 0.0
        },
        {
            "throttle": 0.46320890729896175,
            "brake": 0.0,
            "steer": 0.0
        },
        {
            "throttle": 0.4620640706529908,
            "brake": 0.0,
            "steer": 0.0
        },
        {
            "throttle": 0.461361945246311,
            "brake": 0.0,
            "steer": 0.0
        },
        {
            "throttle": 0.46110484778229177,
            "brake": 0.0,
            "steer": 0.0
        },
        {
            "throttle": 0.4612936221392784,
            "brake": 0.0,
            "steer": 0.0
        },
        {
            "throttle": 0.461927636493216,
            "brake": 0.0,
            "steer": 0.0
        },
        {
            "throttle": 0.4630047853351765,
            "brake": 0.0,
            "steer": 0.0
        },
        {
            "throttle": 0.464521496376278,
            "brake": 0.0,
            "steer": 0.0
        },
        {
            "throttle": 0.46647274231638536,
            "brake": 0.0,
            "steer": 0.0
        },
        {
            "throttle": 0.46885205743694897,
            "brake": 0.0,
            "steer": 0.0
        },
        {
            "throttle": 0.4716515589624317,
            "brake": 0.0,
            "steer": 0.0
        },
        {
            "throttle": 0.4748619731190441,
            "brake": 0.0,
            "steer": 0.0
        },
        {
            "throttle": 0.4784726658040072,
            "brake": 0.0,
            "steer": 0.0
        },
        {
            "throttle": 0.48247167776334515,
            "brake": 0.0,
            "steer": 0.0
        },
        {
            "throttle": 0.486845764161323,
            "brake": 0.0,
            "steer": 0.0
        },
        {
            "throttle": 0.4915804384101442,
            "brake": 0.0,
            "steer": 0.0
        },
        {
            "throttle": 0.49666002011444854,
            "brake": 0.0,
            "steer": 0.0
        },
        {
            "throttle": 0.5020676869715605,
            "brake": 0.0,
            "steer": 0.0
        },
        {
            "throttle": 0.5077855304553643,
            "brake": 0.0,
            "steer": 0.0
        },
        {
            "throttle": 0.5137946150991838,
            "brake": 0.0,
            "steer": 0.0
        },
        {
            "throttle": 0.5200750411811451,
            "brake": 0.0,
            "steer": 0.0
        },
        {
            "throttle": 0.5266060106042607,
            "brake": 0.0,
            "steer": 0.0
        },
        {
            "throttle": 0.5333658957529077,
            "brake": 0.0,
            "steer": 0.0
        },
        {
            "throttle": 0.5403323110975385,
            "brake": 0.0,
            "steer": 0.0
        },
        {
            "throttle": 0.5474821873103747,
            "brake": 0.0,
            "steer": 0.0
        },
        {
            "throttle": 0.5547918476465343,
            "brake": 0.0,
            "steer": 0.0
        },
        {
            "throttle": 0.5622370863375558,
            "brake": 0.0,
            "steer": 0.0
        },
        {
            "throttle": 0.5697932487376235,
            "brake": 0.0,
            "steer": 0.0
        },
        {
            "throttle": 0.5774353129570144,
            "brake": 0.0,
            "steer": 0.0
        },
        {
            "throttle": 0.5851379727123611,
            "brake": 0.0,
            "steer": 0.0
        },
        {
            "throttle": 0.5928757211193116,
            "brake": 0.0,
            "steer": 0.0
        },
        {
            "throttle": 0.6006229351500504,
            "brake": 0.0,
            "steer": 0.0
        },
        {
            "throttle": 0.6083539604759496,
            "brake": 0.0,
            "steer": 0.0
        },
        {
            "throttle": 0.6160431964143519,
            "brake": 0.0,
            "steer": 0.0
        },
        {
            "throttle": 0.6236651806981456,
            "brake": 0.0,
            "steer": 0.0
        },
        {
            "throttle": 0.6311946737873849,
            "brake": 0.0,
            "steer": 0.0
        },
        {
            "throttle": 0.6386067424437277,
            "brake": 0.0,
            "steer": 0.0
        },
        {
            "throttle": 0.6458768422909116,
            "brake": 0.0,
            "steer": 0.0
        },
        {
            "throttle": 0.6529808990878447,
            "brake": 0.0,
            "steer": 0.0
        },
        {
            "throttle": 0.65989538844516,
            "brake": 0.0,
            "steer": 0.0
        },
        {
            "throttle": 0.6665974137212342,
            "brake": 0.0,
            "steer": 0.0
        },
        {
            "throttle": 0.6730647818397049,
            "brake": 0.0,
            "steer": 0.0
        },
        {
            "throttle": 0.6792760767774068,
            "brake": 0.0,
            "steer": 0.0
        },
        {
            "throttle": 0.6852107304793604,
            "brake": 0.0,
            "steer": 0.0
        },
        {
            "throttle": 0.6908490909659707,
            "brake": 0.0,
            "steer": 0.0
        },
        {
            "throttle": 0.6961724874068917,
            "brake": 0.0,
            "steer": 0.0
        },
        {
            "throttle": 0.7011632919460608,
            "brake": 0.0,
            "steer": 0.0
        },
        {
            "throttle": 0.7058049780731623,
            "brake": 0.0,
            "steer": 0.0
        },
        {
            "throttle": 0.7100821753482222,
            "brake": 0.0,
            "steer": 0.0
        },
        {
            "throttle": 0.7139807202981066,
            "brake": 0.0,
            "steer": 0.0
        },
        {
            "throttle": 0.7174877033163821,
            "brake": 0.0,
            "steer": 0.0
        },
        {
            "throttle": 0.7205915114112231,
            "brake": 0.0,
            "steer": 0.0
        },
        {
            "throttle": 0.7232818666598062,
            "brake": 0.0,
            "steer": 0.0
        },
        {
            "throttle": 0.7255498602418482,
            "brake": 0.0,
            "steer": 0.0
        },
        {
            "throttle": 0.7273879819395843,
            "brake": 0.0,
            "steer": 0.0
        },
        {
            "throttle": 0.7287901450064934,
            "brake": 0.0,
            "steer": 0.0
        },
        {
            "throttle": 0.7297517063224199,
            "brake": 0.0,
            "steer": 0.0
        },
        {
            "throttle": 0.7302694817683432,
            "brake": 0.0,
            "steer": 0.0
        },
        {
            "throttle": 0.7303417567698803,
            "brake": 0.0,
            "steer": 0.0
        },
        {
            "throttle": 0.7299682919746067,
            "brake": 0.0,
            "steer": 0.0
        },
        {
            "throttle": 0.7291503240443883,
            "brake": 0.0,
            "steer": 0.0
        },
        {
            "throttle": 0.727890561560103,
            "brake": 0.0,
            "steer": 0.0
        },
        {
            "throttle": 0.7261931760523063,
            "brake": 0.0,
            "steer": 0.0
        },
        {
            "throttle": 0.7240637881875412,
            "brake": 0.0,
            "steer": 0.0
        },
        {
            "throttle": 0.7215094491560337,
            "brake": 0.0,
            "steer": 0.0
        },
        {
            "throttle": 0.718538617322401,
            "brake": 0.0,
            "steer": 0.0
        },
        {
            "throttle": 0.7151611302166939,
            "brake": 0.0,
            "steer": 0.0
        },
        {
            "throttle": 0.7113881719585153,
            "brake": 0.0,
            "steer": 0.0
        },
        {
            "throttle": 0.707232236222088,
            "brake": 0.0,
            "steer": 0.0
        },
        {
            "throttle": 0.7027070848649046,
            "brake": 0.0,
            "steer": 0.0
        },
        {
            "throttle": 0.6978277023569569,
            "brake": 0.0,
            "steer": 0.0
        },
        {
            "throttle": 0.6926102461614434,
            "brake": 0.0,
            "steer": 0.0
        },
        {
            "throttle": 0.6870719932312644,
            "brake": 0.0,
            "steer": 0.0
        },
        {
            "throttle": 0.618364793908138,
            "brake": 0.06930363531798282,
            "steer": 0.0
        },
        {
            "throttle": 0.5565283145173242,
            "brake": 0.13167690710416735,
            "steer": 0.0
        },
        {
            "throttle": 0.5008754830655918,
            "brake": 0.18781285171173345,
            "steer": 0.0
        },
        {
            "throttle": 0.45078793475903267,
            "brake": 0.23833520185854296,
            "steer": 0.0
        },
        {
            "throttle": 0.4057091412831294,
            "brake": 0.28380531699067146,
            "steer": 0.0
        },
        {
            "throttle": 0.3651382271548165,
            "brake": 0.3247284206095872,
            "steer": 0.0
        },
        {
            "throttle": 0.3286244044393348,
            "brake": 0.36155921386661133,
            "steer": 0.0
        },
        {
            "throttle": 0.29576196399540133,
            "brake": 0.39470692779793304,
            "steer": 0.0
        },
        {
            "throttle": 0.32205276740937133,
            "brake": 0.3552362350181397,
            "steer": 0.0
        },
        {
            "throttle": 0.34486446093136247,
            "brake": 0.31971261151632574,
            "steer": 0.0
        },
        {
            "throttle": 0.3645600432901338,
            "brake": 0.28774135036469317,
            "steer": 0.0
        },
        {
            "throttle": 0.3814689781477549,
            "brake": 0.25896721532822387,
            "steer": 0.0
        },
        {
            "throttle": 0.3958904884897851,
            "brake": 0.23307049379540148,
            "steer": 0.0
        },
        {
            "throttle": 0.4080965126168793,
            "brake": 0.20976344441586134,
            "steer": 0.0
        },
        {
            "throttle": 0.41833435580310296,
            "brake": 0.1887870999742752,
            "steer": 0.0
        },
        {
            "throttle": 0.4268290683086324,
            "brake": 0.16990838997684768,
            "steer": 0.0
        },
        {
            "throttle": 0.43378557739382945,
            "brake": 0.1529175509791629,
            "steer": 0.0
        },
        {
            "throttle": 0.43939059824412485,
            "brake": 0.13762579588124663,
            "steer": 0.0
        },
        {
            "throttle": 0.44381434625031946,
            "brake": 0.12386321629312197,
            "steer": 0.0
        },
        {
            "throttle": 0.4472120708694618,
            "brake": 0.11147689466380978,
            "steer": 0.0
        },
        {
            "throttle": 0.44972542929275555,
            "brake": 0.1003292051974288,
            "steer": 0.0
        },
        {
            "throttle": 0.4514837163468469,
            "brake": 0.09029628467768593,
            "steer": 0.0
        },
        {
            "throttle": 0.45260496543339857,
            "brake": 0.08126665620991734,
            "steer": 0.0
        },
        {
            "throttle": 0.4531969338511397,
            "brake": 0.0731399905889256,
            "steer": 0.0
        },
        {
            "throttle": 0.4533579845284552,
            "brake": 0.06582599153003305,
            "steer": 0.0
        },
        {
            "throttle": 0.45317787500851475,
            "brake": 0.05924339237702974,
            "steer": 0.0
        },
        {
            "throttle": 0.45273846345989144,
            "brake": 0.053319053139326764,
            "steer": 0.0
        },
        {
            "throttle": 0.4521143405218204,
            "brake": 0.04798714782539409,
            "steer": 0.0
        },
        {
            "throttle": 0.451373394924137,
            "brake": 0.043188433042854676,
            "steer": 0.0
        },
        {
            "throttle": 0.4505773200379969,
            "brake": 0.03886958973856921,
            "steer": 0.0
        },
        {
            "throttle": 0.44978206780617647,
            "brake": 0.03498263076471229,
            "steer": 0.0
        },
        {
            "throttle": 0.44903825586337565,
            "brake": 0.03148436768824106,
            "steer": 0.0
        },
        {
            "throttle": 0.4483915330805982,
            "brake": 0.028335930919416955,
            "steer": 0.0
        },
        {
            "throttle": 0.44788290824713717,
            "brake": 0.02550233782747526,
            "steer": 0.0
        },
        {
            "throttle": 0.4475490461333593,
            "brake": 0.022952104044727733,
            "steer": 0.0
        },
        {
            "throttle": 0.4474225347523385,
            "brake": 0.02065689364025496,
            "steer": 0.0
        },
        {
            "throttle": 0.44753212725391883,
            "brake": 0.018591204276229463,
            "steer": 0.0
        },
        {
            "throttle": 0.4479029615369282,
            "brake": 0.016732083848606517,
            "steer": 0.0
        },
        {
            "throttle": 0.4485567603503773,
            "brake": 0.015058875463745866,
            "steer": 0.0
        },
        {
            "throttle": 0.4495120143692798,
            "brake": 0.013552987917371279,
            "steer": 0.0
        }
    ],
    "parameters": {
        "cloudiness": 27.349265068607288,
        "fog_density": 69.83718067885508,
        "initial_distance": 18.204136545075116,
        "initial_ego_velocity": 17.922014663932817,
        "initial_lead_velocity": 18.441434973495127,
        "lead_base_throttle": 0.5957330576855726,
        "lead_behavior_frequency": 0.09159764598969865,
        "lead_brake_duration": 8.431604208262748,
        "lead_brake_intensity": 0.6930363531798281,
        "lead_brake_probability": 0.02260473672037644,
        "lead_throttle_variation": 0.1533898214068454,
        "precipitation": 65.95469750616093,
        "precipitation_deposits": 27.614157734590528,
        "sun_altitude_angle": -6.075769822451068,
        "wind_intensity": 29.432900195788715
    },
    "config": {
        "num_timesteps": 200,
        "dt": 0.1,
        "seed": 178
    }
}