{
    "weather": {
        "cloudiness": 45.87259423489623,
        "precipitation": 71.70932256937137,
        "precipitation_deposits": 73.47530126140866,
        "wind_intensity": 50.0,
        "sun_altitude_angle": 90.0,
        "fog_density": 26.712873700115296,
        "fog_distance": 410.4795685903651,
        "wetness": 35.85466128468568
    },
    "initial_conditions": {
        "ego": {
            "position": {
                "x": 509.37850603778224,
                "y": 20.57,
                "z": 0.294
            },
            "yaw": 0.0,
            "velocity": 11.016129251731863
        },
        "lead": {
            "position": {
                "x": 484.88,
                "y": 20.57,
                "z": 0.294
            },
            "yaw": 0.0,
            "velocity": 20.278207199888303
        }
    },
    "ego": {
        "position": {
            "x": 509.37850603778224,
            "y": 20.57,
            "z": 0.294
        },
        "yaw": 0.0,
        "velocity": 11.016129251731863
    },
    "lead": {
        "position": {
            "x": 484.88,
            "y": 20.57,
            "z": 0.294
        },
        "yaw": 0.0,
        "velocity": 20.278207199888303
    },
    "ado_actions": [
        {
            "throttle": 0.4566213505727446,
            "brake": 0.0,
            "steer": 0.0
        },
        {
            "throttle": 0.4624831124673204,
            "brake": 0.0,
            "steer": 0.0
        },
        {
            "throttle": 0.47348359836631737,
            "brake": 0.0,
            "steer": 0.0
        },
        {
            "throttle": 0.48883840794486627,
            "brake": 0.0,
            "steer": 0.0
        },
        {
            "throttle": 0.43995456715037967,
            "brake": 0.08000000000000002,
            "steer": 0.0
        },
        {
            "throttle": 0.3959591104353417,
            "brake": 0.15200000000000002,
            "steer": 0.0
        },
        {
            "throttle": 0.35636319939180755,
            "brake": 0.21680000000000005,
            "steer": 0.0
        },
        {
            "throttle": 0.3207268794526268,
            "brake": 0.27512000000000003,
            "steer": 0.0
        },
        {
            "throttle": 0.2886541915073641,
            "brake": 0.327608,
            "steer": 0.0
        },
        {
            "throttle": 0.2597887723566277,
            "brake": 0.37484720000000005,
            "steer": 0.0
        },
        {
            "throttle": 0.23380989512096492,
            "brake": 0.4173624800000001,
            "steer": 0.0
        },
        {
            "throttle": 0.21042890560886843,
            "brake": 0.45562623200000013,
            "steer": 0.0
        },
        {
            "throttle": 0.18938601504798158,
            "brake": 0.49006360880000016,
            "steer": 0.0
        },
        {
            "throttle": 0.17044741354318343,
            "brake": 0.5210572479200002,
            "steer": 0.0
        },
        {
            "throttle": 0.1534026721888651,
            "brake": 0.5489515231280002,
            "steer": 0.0
        },
        {
            "throttle": 0.1380624049699786,
            "brake": 0.5740563708152002,
            "steer": 0.0
        },
        {
            "throttle": 0.12425616447298074,
            "brake": 0.5966507337336802,
            "steer": 0.0
        },
        {
            "throttle": 0.11183054802568267,
            "brake": 0.6169856603603121,
            "steer": 0.0
        },
        {
            "throttle": 0.1006474932231144,
            "brake": 0.635287094324281,
            "steer": 0.0
        },
        {
            "throttle": 0.09058274390080297,
            "brake": 0.6517583848918529,
            "steer": 0.0
        },
        {
            "throttle": 0.08152446951072267,
            "brake": 0.6665825464026676,
            "steer": 0.0
        },
        {
            "throttle": 0.11632920099058157,
            "brake": 0.5999242917624008,
            "steer": 0.0
        },
        {
            "throttle": 0.14183778017732135,
            "brake": 0.5399318625861608,
            "steer": 0.0
        },
        {
            "throttle": 0.1591787639706384,
            "brake": 0.4859386763275447,
            "steer": 0.0
        },
        {
            "throttle": 0.16949899439713126,
            "brake": 0.43734480869479025,
            "steer": 0.0
        },
        {
            "throttle": 0.15254909495741814,
            "brake": 0.47361032782531126,
            "steer": 0.0
        },
        {
            "throttle": 0.13729418546167632,
            "brake": 0.5062492950427802,
            "steer": 0.0
        },
        {
            "throttle": 0.12356476691550869,
            "brake": 0.5356243655385022,
            "steer": 0.0
        },
        {
            "throttle": 0.11120829022395783,
            "brake": 0.562061928984652,
            "steer": 0.0
        },
        {
            "throttle": 0.10008746120156205,
            "brake": 0.5858557360861869,
            "steer": 0.0
        },
        {
            "throttle": 0.09007871508140584,
            "brake": 0.6072701624775683,
            "steer": 0.0
        },
        {
            "throttle": 0.08107084357326526,
            "brake": 0.6265431462298114,
            "steer": 0.0
        },
        {
            "throttle": 0.07296375921593873,
            "brake": 0.6438888316068303,
            "steer": 0.0
        },
        {
            "throttle": 0.06566738329434486,
            "brake": 0.6594999484461472,
            "steer": 0.0
        },
        {
            "throttle": 0.05910064496491038,
            "brake": 0.6735499536015326,
            "steer": 0.0
        },
        {
            "throttle": 0.053190580468419346,
            "brake": 0.6861949582413793,
            "steer": 0.0
        },
        {
            "throttle": 0.04787152242157741,
            "brake": 0.6975754624172414,
            "steer": 0.0
        },
        {
            "throttle": 0.04308437017941967,
            "brake": 0.7078179161755174,
            "steer": 0.0
        },
        {
            "throttle": 0.038775933161477705,
            "brake": 0.7170361245579657,
            "steer": 0.0
        },
        {
            "throttle": 0.03489833984532994,
            "brake": 0.7253325121021692,
            "steer": 0.0
        },
        {
            "throttle": 0.031408505860796944,
            "brake": 0.7327992608919522,
            "steer": 0.0
        },
        {
            "throttle": 0.02826765527471725,
            "brake": 0.7395193348027571,
            "steer": 0.0
        },
        {
            "throttle": 0.07649955135632346,
            "brake": 0.6655674013224814,
            "steer": 0.0
        },
        {
            "throttle": 0.12564907270771197,
            "brake": 0.5990106611902333,
            "steer": 0.0
        },
        {
            "throttle": 0.1753644197146377,
            "brake": 0.5391095950712099,
            "steer": 0.0
        },
        {
            "throttle": 0.22520100632389323,
            "brake": 0.48519863556408893,
            "steer": 0.0
        },
        {
            "throttle": 0.27463979787762444,
            "brake": 0.43667877200768007,
            "steer": 0.0
        },
        {
            "throttle": 0.323106591435799,
            "brake": 0.3930108948069121,
            "steer": 0.0
        },
        {
            "throttle": 0.36999186800105266,
            "brake": 0.35370980532622087,
            "steer": 0.0
        },
        {
            "throttle": 0.41467082474969513,
            "brake": 0.3183388247935988,
            "steer": 0.0
        },
        {
            "throttle": 0.4565231840080468,
            "brake": 0.28650494231423895,
            "steer": 0.0
        },
        {
            "throttle": 0.4949523744802664,
            "brake": 0.25785444808281505,
            "steer": 0.0
        },
        {
            "throttle": 0.529403689089593,
            "brake": 0.23206900327453356,
            "steer": 0.0
        },
        {
            "throttle": 0.5593810424682355,
            "brake": 0.2088621029470802,
            "steer": 0.0
        },
        {
            "throttle": 0.5844619791280048,
            "brake": 0.1879758926523722,
            "steer": 0.0
        },
        {
            "throttle": 0.6043106199583088,
            "brake": 0.16917830338713497,
            "steer": 0.0
        },
        {
            "throttle": 0.6186882790284474,
            "brake": 0.15226047304842147,
            "steer": 0.0
        },
        {
            "throttle": 0.6274615336399281,
            "brake": 0.13703442574357932,
            "steer": 0.0
        },
        {
            "throttle": 0.630607586953688,
            "brake": 0.12333098316922139,
            "steer": 0.0
        },
        {
            "throttle": 0.6282168229560334,
            "brake": 0.11099788485229925,
            "steer": 0.0
        },
        {
            "throttle": 0.6204925165838427,
            "brake": 0.09989809636706933,
            "steer": 0.0
        },
        {
            "throttle": 0.6077477260040964,
            "brake": 0.0899082867303624,
            "steer": 0.0
        },
        {
            "throttle": 0.5903994578117745,
            "brake": 0.08091745805732616,
            "steer": 0.0
        },
        {
            "throttle": 0.5689602577622327,
            "brake": 0.07282571225159354,
            "steer": 0.0
        },
        {
            "throttle": 0.544027438124965,
            "brake": 0.06554314102643419,
            "steer": 0.0
        },
        {
            "throttle": 0.5162702064517937,
            "brake": 0.05898882692379077,
            "steer": 0.0
        },
        {
            "throttle": 0.48641500822366995,
            "brake": 0.05308994423141169,
            "steer": 0.0
        },
        {
            "throttle": 0.45522943634863683,
            "brake": 0.04778094980827052,
            "steer": 0.0
        },
        {
            "throttle": 0.42350509287003346,
            "brake": 0.043002854827443475,
            "steer": 0.0
        },
        {
            "throttle": 0.3920398117405942,
            "brake": 0.03870256934469913,
            "steer": 0.0
        },
        {
            "throttle": 0.36161966556536146,
            "brake": 0.034832312410229216,
            "steer": 0.0
        },
        {
            "throttle": 0.33300118347664065,
            "brake": 0.031349081169206296,
            "steer": 0.0
        },
        {
            "throttle": 0.3068942016693958,
            "brake": 0.028214173052285667,
            "steer": 0.0
        },
        {
            "throttle": 0.2839457527192447,
            "brake": 0.0253927557470571,
            "steer": 0.0
        },
        {
            "throttle": 0.26472537498022003,
            "brake": 0.02285348017235139,
            "steer": 0.0
        },
        {
            "throttle": 0.24971218968898315,
            "brake": 0.02056813215511625,
            "steer": 0.0
        },
        {
            "throttle": 0.2392840516666546,
            "brake": 0.018511318939604626,
            "steer": 0.0
        },
        {
            "throttle": 0.23370903067815477,
            "brake": 0.016660187045644162,
            "steer": 0.0
        },
        {
            "throttle": 0.23313942571743768,
            "brake": 0.014994168341079746,
            "steer": 0.0
        },
        {
            "throttle": 0.2376084550103614,
            "brake": 0.013494751506971773,
            "steer": 0.0
        },
        {
            "throttle": 0.24702970175010197,
            "brake": 0.012145276356274597,
            "steer": 0.0
        },
        {
            "throttle": 0.2611993309653327,
            "brake": 0.010930748720647138,
            "steer": 0.0
        },
        {
            "throttle": 0.27980102797446393,
            "brake": 0.009837673848582425,
            "steer": 0.0
        },
        {
            "throttle": 0.30241354511372753,
            "brake": 0.008853906463724182,
            "steer": 0.0
        },
        {
            "throttle": 0.3285206823291533,
            "brake": 0.007968515817351765,
            "steer": 0.0
        },
        {
            "throttle": 0.35752347021682523,
            "brake": 0.007171664235616589,
            "steer": 0.0
        },
        {
            "throttle": 0.38875427251121797,
            "brake": 0.00645449781205493,
            "steer": 0.0
        },
        {
            "throttle": 0.4214924800605099,
            "brake": 0.005809048030849437,
            "steer": 0.0
        },
        {
            "throttle": 0.45498143103869426,
            "brake": 0.005228143227764494,
            "steer": 0.0
        },
        {
            "throttle": 0.48844616339624547,
            "brake": 0.0047053289049880445,
            "steer": 0.0
        },
        {
            "throttle": 0.5211115860139515,
            "brake": 0.00423479601448924,
            "steer": 0.0
        },
        {
            "throttle": 0.5522206451532786,
            "brake": 0.0038113164130403163,
            "steer": 0.0
        },
        {
            "throttle": 0.5810520628207082,
            "brake": 0.003430184771736285,
            "steer": 0.0
        },
        {
            "throttle": 0.6069372335813592,
            "brake": 0.0030871662945626565,
            "steer": 0.0
        },
        {
            "throttle": 0.6292758859364711,
            "brake": 0.002778449665106391,
            "steer": 0.0
        },
        {
            "throttle": 0.6475501431620442,
            "brake": 0.002500604698595752,
            "steer": 0.0
        },
        {
            "throttle": 0.5827951288458397,
            "brake": 0.08225054422873619,
            "steer": 0.0
        },
        {
            "throttle": 0.5245156159612557,
            "brake": 0.1540254898058626,
            "steer": 0.0
        },
        {
            "throttle": 0.47206405436513016,
            "brake": 0.21862294082527634,
            "steer": 0.0
        },
        {
            "throttle": 0.42485764892861716,
            "brake": 0.2767606467427487,
            "steer": 0.0
        },
        {
            "throttle": 0.38237188403575545,
            "brake": 0.32908458206847385,
            "steer": 0.0
        },
        {
            "throttle": 0.3441346956321799,
            "brake": 0.37617612386162647,
            "steer": 0.0
        },
        {
            "throttle": 0.3097212260689619,
            "brake": 0.41855851147546386,
            "steer": 0.0
        },
        {
            "throttle": 0.2787491034620657,
            "brake": 0.4567026603279175,
            "steer": 0.0
        },
        {
            "throttle": 0.2508741931158592,
            "brake": 0.4910323942951258,
            "steer": 0.0
        },
        {
            "throttle": 0.22578677380427326,
            "brake": 0.5219291548656133,
            "steer": 0.0
        },
        {
            "throttle": 0.20320809642384594,
            "brake": 0.549736239379052,
            "steer": 0.0
        },
        {
            "throttle": 0.18288728678146135,
            "brake": 0.5747626154411469,
            "steer": 0.0
        },
        {
            "throttle": 0.16459855810331522,
            "brake": 0.5972863538970323,
            "steer": 0.0
        },
        {
            "throttle": 0.1481387022929837,
            "brake": 0.6175577185073291,
            "steer": 0.0
        },
        {
            "throttle": 0.13332483206368534,
            "brake": 0.6358019466565963,
            "steer": 0.0
        },
        {
            "throttle": 0.11999234885731681,
            "brake": 0.6522217519909368,
            "steer": 0.0
        },
        {
            "throttle": 0.10799311397158513,
            "brake": 0.6669995767918431,
            "steer": 0.0
        },
        {
            "throttle": 0.10438189090968825,
            "brake": 0.6002996191126588,
            "steer": 0.0
        },
        {
            "throttle": 0.10160803605713065,
            "brake": 0.540269657201393,
            "steer": 0.0
        },
        {
            "throttle": 0.10047499356967832,
            "brake": 0.4862426914812537,
            "steer": 0.0
        },
        {
            "throttle": 0.10167402959807975,
            "brake": 0.43761842233312837,
            "steer": 0.0
        },
        {
            "throttle": 0.10577547925041152,
            "brake": 0.39385658009981556,
            "steer": 0.0
        },
        {
            "throttle": 0.11322207839931214,
            "brake": 0.354470922089834,
            "steer": 0.0
        },
        {
            "throttle": 0.12432460989248835,
            "brake": 0.3190238298808506,
            "steer": 0.0
        },
        {
            "throttle": 0.1392600323008869,
            "brake": 0.28712144689276553,
            "steer": 0.0
        },
        {
            "throttle": 0.15807219472797618,
            "brake": 0.258409302203489,
            "steer": 0.0
        },
        {
            "throttle": 0.1806751748403554,
            "brake": 0.23256837198314012,
            "steer": 0.0
        },
        {
            "throttle": 0.20685921064738927,
            "brake": 0.20931153478482611,
            "steer": 0.0
        },
        {
            "throttle": 0.23629913115166884,
            "brake": 0.18838038130634352,
            "steer": 0.0
        },
        {
            "throttle": 0.2685651282860863,
            "brake": 0.16954234317570918,
            "steer": 0.0
        },
        {
            "throttle": 0.30313565396279324,
            "brake": 0.15258810885813825,
            "steer": 0.0
        },
        {
            "throttle": 0.3394121729086521,
            "brake": 0.13732929797232443,
            "steer": 0.0
        },
        {
            "throttle": 0.3767354554527081,
            "brake": 0.123596368175092,
            "steer": 0.0
        },
        {
            "throttle": 0.4144030556142747,
            "brake": 0.1112367313575828,
            "steer": 0.0
        },
        {
            "throttle": 0.4516875895899529,
            "brake": 0.10011305822182452,
            "steer": 0.0
        },
        {
            "throttle": 0.48785540873195743,
            "brake": 0.09010175239964208,
            "steer": 0.0
        },
        {
            "throttle": 0.5221852498132067,
            "brake": 0.08109157715967787,
            "steer": 0.0
        },
        {
            "throttle": 0.5539864440273211,
            "brake": 0.07298241944371008,
            "steer": 0.0
        },
        {
            "throttle": 0.5826162747845671,
            "brake": 0.06568417749933907,
            "steer": 0.0
        },
        {
            "throttle": 0.5243546473061105,
            "brake": 0.13911575974940518,
            "steer": 0.0
        },
        {
            "throttle": 0.4719191825754994,
            "brake": 0.20520418377446467,
            "steer": 0.0
        },
        {
            "throttle": 0.4247272643179495,
            "brake": 0.2646837653970182,
            "steer": 0.0
        },
        {
            "throttle": 0.38225453788615454,
            "brake": 0.3182153888573164,
            "steer": 0.0
        },
        {
            "throttle": 0.3440290840975391,
            "brake": 0.36639384997158475,
            "steer": 0.0
        },
        {
            "throttle": 0.30962617568778517,
            "brake": 0.4097544649744263,
            "steer": 0.0
        },
        {
            "throttle": 0.27866355811900667,
            "brake": 0.4487790184769837,
            "steer": 0.0
        },
        {
            "throttle": 0.250797202307106,
            "brake": 0.48390111662928537,
            "steer": 0.0
        },
        {
            "throttle": 0.22571748207639541,
            "brake": 0.5155110049663569,
            "steer": 0.0
        },
        {
            "throttle": 0.20314573386875587,
            "brake": 0.5439599044697212,
            "steer": 0.0
        },
        {
            "throttle": 0.18283116048188028,
            "brake": 0.5695639140227491,
            "steer": 0.0
        },
        {
            "throttle": 0.16454804443369225,
            "brake": 0.5926075226204741,
            "steer": 0.0
        },
        {
            "throttle": 0.14809323999032303,
            "brake": 0.6133467703584268,
            "steer": 0.0
        },
        {
            "throttle": 0.13328391599129075,
            "brake": 0.6320120933225841,
            "steer": 0.0
        },
        {
            "throttle": 0.11995552439216167,
            "brake": 0.6488108839903257,
            "steer": 0.0
        },
        {
            "throttle": 0.1079599719529455,
            "brake": 0.6639297955912933,
            "steer": 0.0
        },
        {
            "throttle": 0.09716397475765096,
            "brake": 0.677536816032164,
            "steer": 0.0
        },
        {
            "throttle": 0.09651051949974421,
            "brake": 0.6097831344289476,
            "steer": 0.0
        },
        {
            "throttle": 0.09454195447876494,
            "brake": 0.5488048209860529,
            "steer": 0.0
        },
        {
            "throttle": 0.0922765478147243,
            "brake": 0.4939243388874476,
            "steer": 0.0
        },
        {
            "throttle": 0.09064226778806703,
            "brake": 0.4445319049987028,
            "steer": 0.0
        },
        {
            "throttle": 0.09046483948932094,
            "brake": 0.40007871449883253,
            "steer": 0.0
        },
        {
            "throttle": 0.0924572163595076,
            "brake": 0.36007084304894926,
            "steer": 0.0
        },
        {
            "throttle": 0.09721080967265824,
            "brake": 0.32406375874405435,
            "steer": 0.0
        },
        {
            "throttle": 0.10518876824390526,
            "brake": 0.29165738286964893,
            "steer": 0.0
        },
        {
            "throttle": 0.11672154402675257,
            "brake": 0.26249164458268404,
            "steer": 0.0
        },
        {
            "throttle": 0.1320049180160124,
            "brake": 0.23624248012441565,
            "steer": 0.0
        },
        {
            "throttle": 0.15110059634103143,
            "brake": 0.2126182321119741,
            "steer": 0.0
        },
        {
            "throttle": 0.17393942004516583,
            "brake": 0.19135640890077668,
            "steer": 0.0
        },
        {
            "throttle": 0.20032716528117978,
            "brake": 0.17222076801069902,
            "steer": 0.0
        },
        {
            "throttle": 0.2299528450034109,
            "brake": 0.1549986912096291,
            "steer": 0.0
        },
        {
            "throttle": 0.26239936018154564,
            "brake": 0.1394988220886662,
            "steer": 0.0
        },
        {
            "throttle": 0.2971562895182433,
            "brake": 0.1255489398797996,
            "steer": 0.0
        },
        {
            "throttle": 0.3336345529556827,
            "brake": 0.11299404589181963,
            "steer": 0.0
        },
        {
            "throttle": 0.3711826371162491,
            "brake": 0.10169464130263767,
            "steer": 0.0
        },
        {
            "throttle": 0.4091040313030009,
            "brake": 0.0915251771723739,
            "steer": 0.0
        },
        {
            "throttle": 0.4466754916750623,
            "brake": 0.08237265945513651,
            "steer": 0.0
        },
        {
            "throttle": 0.4831657294052099,
            "brake": 0.07413539350962287,
            "steer": 0.0
        },
        {
            "throttle": 0.5178541065033648,
            "brake": 0.06672185415866058,
            "steer": 0.0
        },
        {
            "throttle": 0.55004892080883,
            "brake": 0.06004966874279453,
            "steer": 0.0
        },
        {
            "throttle": 0.5791048694445853,
            "brake": 0.05404470186851507,
            "steer": 0.0
        },
        {
            "throttle": 0.6044392975868699,
            "brake": 0.048640231681663565,
            "steer": 0.0
        },
        {
            "throttle": 0.6255468663046295,
            "brake": 0.04377620851349721,
            "steer": 0.0
        },
        {
            "throttle": 0.6420123088218648,
            "brake": 0.03939858766214749,
            "steer": 0.0
        },
        {
            "throttle": 0.6535209880057444,
            "brake": 0.03545872889593274,
            "steer": 0.0
        },
        {
            "throttle": 0.6598670181569212,
            "brake": 0.03191285600633947,
            "steer": 0.0
        },
        {
            "throttle": 0.6609587700901951,
            "brake": 0.02872157040570552,
            "steer": 0.0
        },
        {
            "throttle": 0.6568216387274319,
            "brake": 0.02584941336513497,
            "steer": 0.0
        },
        {
            "throttle": 0.6475980155645332,
            "brake": 0.02326447202862147,
            "steer": 0.0
        },
        {
            "throttle": 0.6335444729374508,
            "brake": 0.020938024825759325,
            "steer": 0.0
        },
        {
            "throttle": 0.6150262314835534,
            "brake": 0.018844222343183392,
            "steer": 0.0
        },
        {
            "throttle": 0.5925090450618058,
            "brake": 0.016959800108865053,
            "steer": 0.0
        },
        {
            "throttle": 0.5665486971841066,
            "brake": 0.015263820097978548,
            "steer": 0.0
        },
        {
            "throttle": 0.5377783583191234,
            "brake": 0.013737438088180693,
            "steer": 0.0
        },
        {
            "throttle": 0.5068941029626091,
            "brake": 0.012363694279362625,
            "steer": 0.0
        },
        {
            "throttle": 0.47463892796340423,
            "brake": 0.011127324851426363,
            "steer": 0.0
        },
        {
            "throttle": 0.4417856482534812,
            "brake": 0.010014592366283727,
            "steer": 0.0
        },
        {
            "throttle": 0.3976070834281331,
            "brake": 0.08901313312965536,
            "steer": 0.0
        },
        {
            "throttle": 0.3578463750853198,
            "brake": 0.16011181981668984,
            "steer": 0.0
        },
        {
            "throttle": 0.32206173757678785,
            "brake": 0.22410063783502088,
            "steer": 0.0
        },
        {
            "throttle": 0.2898555638191091,
            "brake": 0.2816905740515188,
            "steer": 0.0
        },
        {
            "throttle": 0.2608700074371982,
            "brake": 0.333521516646367,
            "steer": 0.0
        },
        {
            "throttle": 0.23478300669347837,
            "brake": 0.3801693649817303,
            "steer": 0.0
        },
        {
            "throttle": 0.21130470602413054,
            "brake": 0.42215242848355733,
            "steer": 0.0
        },
        {
            "throttle": 0.1901742354217175,
            "brake": 0.45993718563520164,
            "steer": 0.0
        }
    ],
    "parameters": {
        "cloudiness": 45.87259423489623,
        "fog_density": 26.712873700115296,
        "initial_distance": 24.498506037782224,
        "initial_ego_velocity": 11.016129251731863,
        "initial_lead_velocity": 20.278207199888303,
        "lead_base_throttle": 0.4566213505727446,
        "lead_behavior_frequency": 0.24342793694534592,
        "lead_brake_duration": 17.066591412785137,
        "lead_brake_intensity": 0.8,
        "lead_brake_probability": 0.3,
        "lead_throttle_variation": 0.3847445776591418,
        "precipitation": 71.70932256937137,
        "precipitation_deposits": 73.47530126140866,
        "sun_altitude_angle": 90.0,
        "wind_intensity": 50.0
    },
    "config": {
        "num_timesteps": 200,
        "dt": 0.1,
        "seed": 54
    }
}