{
    "weather": {
        "cloudiness": 70.4717540959592,
        "precipitation": 39.86729506158518,
        "precipitation_deposits": 35.06445625878772,
        "wind_intensity": 16.343987748755058,
        "sun_altitude_angle": 17.855680990521094,
        "fog_density": 28.233592656191185,
        "fog_distance": 390.1906726094345,
        "wetness": 19.93364753079259
    },
    "initial_conditions": {
        "ego": {
            "position": {
                "x": 560.647673900876,
                "y": 20.57,
                "z": 0.294
            },
            "yaw": 0.0,
            "velocity": 12.564317509839672
        },
        "lead": {
            "position": {
                "x": 484.88,
                "y": 20.57,
                "z": 0.294
            },
            "yaw": 0.0,
            "velocity": 18.673279518622536
        }
    },
    "ego": {
        "position": {
            "x": 560.647673900876,
            "y": 20.57,
            "z": 0.294
        },
        "yaw": 0.0,
        "velocity": 12.564317509839672
    },
    "lead": {
        "position": {
            "x": 484.88,
            "y": 20.57,
            "z": 0.294
        },
        "yaw": 0.0,
        "velocity": 18.673279518622536
    },
    "ado_actions": [
        {
            "throttle": 0.29934581102870045,
            "brake": 0.0,
            "steer": 0.0
        },
        {
            "throttle": 0.29961870791973794,
            "brake": 0.0,
            "steer": 0.0
        },
        {
            "throttle": 0.30013263375989274,
            "brake": 0.0,
            "steer": 0.0
        },
        {
            "throttle": 0.30085440595564705,
            "brake": 0.0,
            "steer": 0.0
        },
        {
            "throttle": 0.30174981105254656,
            "brake": 0.0,
            "steer": 0.0
        },
        {
            "throttle": 0.3027839331097819,
            "brake": 0.0,
            "steer": 0.0
        },
        {
            "throttle": 0.303921518420748,
            "brake": 0.0,
            "steer": 0.0
        },
        {
            "throttle": 0.3051273680047768,
            "brake": 0.0,
            "steer": 0.0
        },
        {
            "throttle": 0.30636674907494443,
            "brake": 0.0,
            "steer": 0.0
        },
        {
            "throttle": 0.307605816589547,
            "brake": 0.0,
            "steer": 0.0
        },
        {
            "throttle": 0.3088120360246135,
            "brake": 0.0,
            "steer": 0.0
        },
        {
            "throttle": 0.30995459866338637,
            "brake": 0.0,
            "steer": 0.0
        },
        {
            "throttle": 0.3110048209853833,
            "brake": 0.0,
            "steer": 0.0
        },
        {
            "throttle": 0.3119365201494342,
            "brake": 0.0,
            "steer": 0.0
        },
        {
            "throttle": 0.31272635809667404,
            "brake": 0.0,
            "steer": 0.0
        },
        {
            "throttle": 0.3133541474433908,
            "brake": 0.0,
            "steer": 0.0
        },
        {
            "throttle": 0.3138031130803871,
            "brake": 0.0,
            "steer": 0.0
        },
        {
            "throttle": 0.31406010423375624,
            "brake": 0.0,
            "steer": 0.0
        },
        {
            "throttle": 0.31411575265869474,
            "brake": 0.0,
            "steer": 0.0
        },
        {
            "throttle": 0.2827041773928253,
            "brake": 0.022264280427199454,
            "steer": 0.0
        },
        {
            "throttle": 0.25443375965354276,
            "brake": 0.042302132811678966,
            "steer": 0.0
        },
        {
            "throttle": 0.2289903836881885,
            "brake": 0.06033619995771052,
            "steer": 0.0
        },
        {
            "throttle": 0.20609134531936965,
            "brake": 0.07656686038913893,
            "steer": 0.0
        },
        {
            "throttle": 0.18548221078743268,
            "brake": 0.09117445477742449,
            "steer": 0.0
        },
        {
            "throttle": 0.16693398970868942,
            "brake": 0.1043212897268815,
            "steer": 0.0
        },
        {
            "throttle": 0.15024059073782048,
            "brake": 0.1161534411813928,
            "steer": 0.0
        },
        {
            "throttle": 0.13521653166403844,
            "brake": 0.12680237749045298,
            "steer": 0.0
        },
        {
            "throttle": 0.12169487849763459,
            "brake": 0.13638642016860714,
            "steer": 0.0
        },
        {
            "throttle": 0.10952539064787113,
            "brake": 0.1450120585789459,
            "steer": 0.0
        },
        {
            "throttle": 0.09857285158308401,
            "brake": 0.15277513314825075,
            "steer": 0.0
        },
        {
            "throttle": 0.08871556642477561,
            "brake": 0.15976190026062514,
            "steer": 0.0
        },
        {
            "throttle": 0.07984400978229805,
            "brake": 0.16604999066176207,
            "steer": 0.0
        },
        {
            "throttle": 0.07185960880406825,
            "brake": 0.1717092720227853,
            "steer": 0.0
        },
        {
            "throttle": 0.06467364792366143,
            "brake": 0.17680262524770624,
            "steer": 0.0
        },
        {
            "throttle": 0.058206283131295285,
            "brake": 0.18138664315013509,
            "steer": 0.0
        },
        {
            "throttle": 0.052385654818165754,
            "brake": 0.185512259262321,
            "steer": 0.0
        },
        {
            "throttle": 0.04714708933634918,
            "brake": 0.18922531376328838,
            "steer": 0.0
        },
        {
            "throttle": 0.04243238040271426,
            "brake": 0.19256706281415903,
            "steer": 0.0
        },
        {
            "throttle": 0.038189142362442835,
            "brake": 0.1955746369599426,
            "steer": 0.0
        },
        {
            "throttle": 0.06231615166950012,
            "brake": 0.17601717326394833,
            "steer": 0.0
        },
        {
            "throttle": 0.08413881470300347,
            "brake": 0.15841545593755352,
            "steer": 0.0
        },
        {
            "throttle": 0.10391911097902459,
            "brake": 0.14257391034379818,
            "steer": 0.0
        },
        {
            "throttle": 0.1218904750382585,
            "brake": 0.12831651930941837,
            "steer": 0.0
        },
        {
            "throttle": 0.13826016110578063,
            "brake": 0.11548486737847653,
            "steer": 0.0
        },
        {
            "throttle": 0.15321141887741652,
            "brake": 0.10393638064062888,
            "steer": 0.0
        },
        {
            "throttle": 0.16690550673938628,
            "brake": 0.09354274257656599,
            "steer": 0.0
        },
        {
            "throttle": 0.17948356517431274,
            "brake": 0.08418846831890939,
            "steer": 0.0
        },
        {
            "throttle": 0.19106836979947944,
            "brake": 0.07576962148701845,
            "steer": 0.0
        },
        {
            "throttle": 0.20176598041506633,
            "brake": 0.0681926593383166,
            "steer": 0.0
        },
        {
            "throttle": 0.21166729960592257,
            "brake": 0.061373393404484944,
            "steer": 0.0
        },
        {
            "throttle": 0.22084955183693017,
            "brake": 0.05523605406403645,
            "steer": 0.0
        },
        {
            "throttle": 0.22937769160705768,
            "brake": 0.04971244865763281,
            "steer": 0.0
        },
        {
            "throttle": 0.2373057470794371,
            "brake": 0.04474120379186953,
            "steer": 0.0
        },
        {
            "throttle": 0.24467810368316037,
            "brake": 0.04026708341268258,
            "steer": 0.0
        },
        {
            "throttle": 0.251530730485847,
            "brake": 0.036240375071414324,
            "steer": 0.0
        },
        {
            "throttle": 0.25789235066280064,
            "brake": 0.032616337564272894,
            "steer": 0.0
        },
        {
            "throttle": 0.26378555613643107,
            "brake": 0.029354703807845606,
            "steer": 0.0
        },
        {
            "throttle": 0.2692278654252407,
            "brake": 0.026419233427061047,
            "steer": 0.0
        },
        {
            "throttle": 0.2742327229205151,
            "brake": 0.023777310084354943,
            "steer": 0.0
        },
        {
            "throttle": 0.2788104371949812,
            "brake": 0.02139957907591945,
            "steer": 0.0
        },
        {
            "throttle": 0.2829690555336644,
            "brake": 0.019259621168327506,
            "steer": 0.0
        },
        {
            "throttle": 0.28671517165396754,
            "brake": 0.017333659051494754,
            "steer": 0.0
        },
        {
            "throttle": 0.29005466353898696,
            "brake": 0.015600293146345279,
            "steer": 0.0
        },
        {
            "throttle": 0.2929933584330634,
            "brake": 0.014040263831710751,
            "steer": 0.0
        },
        {
            "throttle": 0.2955376223278015,
            "brake": 0.012636237448539676,
            "steer": 0.0
        },
        {
            "throttle": 0.29769487168512565,
            "brake": 0.011372613703685709,
            "steer": 0.0
        },
        {
            "throttle": 0.2994740056849201,
            "brake": 0.010235352333317137,
            "steer": 0.0
        },
        {
            "throttle": 0.3008857579308758,
            "brake": 0.009211817099985423,
            "steer": 0.0
        },
        {
            "throttle": 0.30194296728085046,
            "brake": 0.00829063538998688,
            "steer": 0.0
        },
        {
            "throttle": 0.3026607682681882,
            "brake": 0.007461571850988192,
            "steer": 0.0
        },
        {
            "throttle": 0.3030567024284222,
            "brake": 0.0067154146658893734,
            "steer": 0.0
        },
        {
            "throttle": 0.3031507527218115,
            "brake": 0.006043873199300436,
            "steer": 0.0
        },
        {
            "throttle": 0.3029653041265344,
            "brake": 0.0054394858793703925,
            "steer": 0.0
        },
        {
            "throttle": 0.30252503435072553,
            "brake": 0.004895537291433353,
            "steer": 0.0
        },
        {
            "throttle": 0.30185673945519803,
            "brake": 0.004405983562290018,
            "steer": 0.0
        },
        {
            "throttle": 0.30098909997482365,
            "brake": 0.003965385206061016,
            "steer": 0.0
        },
        {
            "throttle": 0.29995239385851646,
            "brake": 0.0035688466854549147,
            "steer": 0.0
        },
        {
            "throttle": 0.29877816320033246,
            "brake": 0.003211962016909423,
            "steer": 0.0
        },
        {
            "throttle": 0.29749884229375667,
            "brake": 0.002890765815218481,
            "steer": 0.0
        },
        {
            "throttle": 0.2961473549960118,
            "brake": 0.0026016892336966327,
            "steer": 0.0
        },
        {
            "throttle": 0.29475668972940305,
            "brake": 0.0023415203103269696,
            "steer": 0.0
        },
        {
            "throttle": 0.29335946066466656,
            "brake": 0.0021073682792942727,
            "steer": 0.0
        },
        {
            "throttle": 0.29198746372160744,
            "brake": 0.0018966314513648454,
            "steer": 0.0
        },
        {
            "throttle": 0.29067123598191436,
            "brake": 0.001706968306228361,
            "steer": 0.0
        },
        {
            "throttle": 0.28943962693717856,
            "brake": 0.0015362714756055249,
            "steer": 0.0
        },
        {
            "throttle": 0.2883193896934406,
            "brake": 0.0013826443280449724,
            "steer": 0.0
        },
        {
            "throttle": 0.28733479982595045,
            "brake": 0.0012443798952404752,
            "steer": 0.0
        },
        {
            "throttle": 0.2865073090303997,
            "brake": 0.0011199419057164276,
            "steer": 0.0
        },
        {
            "throttle": 0.28585524005792484,
            "brake": 0.001007947715144785,
            "steer": 0.0
        },
        {
            "throttle": 0.28539352866090406,
            "brake": 0.0009071529436303064,
            "steer": 0.0
        },
        {
            "throttle": 0.28513351742698506,
            "brake": 0.0008164376492672758,
            "steer": 0.0
        },
        {
            "throttle": 0.285082805453459,
            "brake": 0.0007347938843405482,
            "steer": 0.0
        },
        {
            "throttle": 0.28524515682795254,
            "brake": 0.0006613144959064935,
            "steer": 0.0
        },
        {
            "throttle": 0.28562046985044387,
            "brake": 0.0005951830463158442,
            "steer": 0.0
        },
        {
            "throttle": 0.2862048078726179,
            "brake": 0.0005356647416842597,
            "steer": 0.0
        },
        {
            "throttle": 0.2575843270853561,
            "brake": 0.022746378694715286,
            "steer": 0.0
        },
        {
            "throttle": 0.2318258943768205,
            "brake": 0.04273602125244321,
            "steer": 0.0
        },
        {
            "throttle": 0.20864330493913846,
            "brake": 0.06072669955439834,
            "steer": 0.0
        },
        {
            "throttle": 0.18777897444522462,
            "brake": 0.07691831002615795,
            "steer": 0.0
        },
        {
            "throttle": 0.16900107700070216,
            "brake": 0.09149075945074162,
            "steer": 0.0
        },
        {
            "throttle": 0.15210096930063194,
            "brake": 0.1046059639328669,
            "steer": 0.0
        },
        {
            "throttle": 0.13689087237056874,
            "brake": 0.11640964796677968,
            "steer": 0.0
        },
        {
            "throttle": 0.12320178513351186,
            "brake": 0.12703296359730115,
            "steer": 0.0
        },
        {
            "throttle": 0.11088160662016068,
            "brake": 0.1365939476647705,
            "steer": 0.0
        },
        {
            "throttle": 0.09979344595814461,
            "brake": 0.1451988333254929,
            "steer": 0.0
        },
        {
            "throttle": 0.08981410136233016,
            "brake": 0.15294323042014307,
            "steer": 0.0
        },
        {
            "throttle": 0.08083269122609714,
            "brake": 0.1599131878053282,
            "steer": 0.0
        },
        {
            "throttle": 0.07274942210348742,
            "brake": 0.16618614945199484,
            "steer": 0.0
        },
        {
            "throttle": 0.06547447989313868,
            "brake": 0.1718318149339948,
            "steer": 0.0
        },
        {
            "throttle": 0.05892703190382481,
            "brake": 0.17691291386779479,
            "steer": 0.0
        },
        {
            "throttle": 0.05303432871344233,
            "brake": 0.18148590290821476,
            "steer": 0.0
        },
        {
            "throttle": 0.0477308958420981,
            "brake": 0.18560159304459273,
            "steer": 0.0
        },
        {
            "throttle": 0.042957806257888295,
            "brake": 0.18930571416733294,
            "steer": 0.0
        },
        {
            "throttle": 0.038662025632099466,
            "brake": 0.19263942317779909,
            "steer": 0.0
        },
        {
            "throttle": 0.03479582306888952,
            "brake": 0.19563976128721866,
            "steer": 0.0
        },
        {
            "throttle": 0.06276873322121693,
            "brake": 0.1760757851584968,
            "steer": 0.0
        },
        {
            "throttle": 0.08774193349827242,
            "brake": 0.15846820664264713,
            "steer": 0.0
        },
        {
            "throttle": 0.1099933255367622,
            "brake": 0.14262138597838242,
            "steer": 0.0
        },
        {
            "throttle": 0.1297767869346481,
            "brake": 0.1283592473805442,
            "steer": 0.0
        },
        {
            "throttle": 0.1473248807189654,
            "brake": 0.11552332264248977,
            "steer": 0.0
        },
        {
            "throttle": 0.16285122553303394,
            "brake": 0.1039709903782408,
            "steer": 0.0
        },
        {
            "throttle": 0.17655255646606852,
            "brake": 0.09357389134041671,
            "steer": 0.0
        },
        {
            "throttle": 0.18861050466948787,
            "brake": 0.08421650220637504,
            "steer": 0.0
        },
        {
            "throttle": 0.19919312235021405,
            "brake": 0.07579485198573754,
            "steer": 0.0
        },
        {
            "throttle": 0.20845617835833438,
            "brake": 0.06821536678716379,
            "steer": 0.0
        },
        {
            "throttle": 0.21654424835497965,
            "brake": 0.061393830108447414,
            "steer": 0.0
        },
        {
            "throttle": 0.2235916224203675,
            "brake": 0.055254447097602674,
            "steer": 0.0
        },
        {
            "throttle": 0.22972305190976053,
            "brake": 0.049729002387842405,
            "steer": 0.0
        },
        {
            "throttle": 0.2350543563585215,
            "brake": 0.04475610214905817,
            "steer": 0.0
        },
        {
            "throttle": 0.23969291025225287,
            "brake": 0.040280491934152354,
            "steer": 0.0
        },
        {
            "throttle": 0.24373802849367743,
            "brake": 0.03625244274073712,
            "steer": 0.0
        },
        {
            "throttle": 0.24728126839763606,
            "brake": 0.03262719846666341,
            "steer": 0.0
        },
        {
            "throttle": 0.25040666501612696,
            "brake": 0.02936447861999707,
            "steer": 0.0
        },
        {
            "throttle": 0.2531909155269657,
            "brake": 0.026428030757997364,
            "steer": 0.0
        },
        {
            "throttle": 0.2557035273060276,
            "brake": 0.023785227682197627,
            "steer": 0.0
        },
        {
            "throttle": 0.2580069431409611,
            "brake": 0.021406704913977864,
            "steer": 0.0
        },
        {
            "throttle": 0.26015665583354486,
            "brake": 0.01926603442258008,
            "steer": 0.0
        },
        {
            "throttle": 0.2622013231810983,
            "brake": 0.017339430980322073,
            "steer": 0.0
        },
        {
            "throttle": 0.26418289302969694,
            "brake": 0.015605487882289866,
            "steer": 0.0
        },
        {
            "throttle": 0.2661367467607962,
            "brake": 0.01404493909406088,
            "steer": 0.0
        },
        {
            "throttle": 0.2680918682176663,
            "brake": 0.012640445184654792,
            "steer": 0.0
        },
        {
            "throttle": 0.270071043709889,
            "brake": 0.011376400666189312,
            "steer": 0.0
        },
        {
            "throttle": 0.27209109736556103,
            "brake": 0.01023876059957038,
            "steer": 0.0
        },
        {
            "throttle": 0.2741631647453374,
            "brake": 0.009214884539613343,
            "steer": 0.0
        },
        {
            "throttle": 0.27629300630429615,
            "brake": 0.00829339608565201,
            "steer": 0.0
        },
        {
            "throttle": 0.27848136100147214,
            "brake": 0.007464056477086809,
            "steer": 0.0
        },
        {
            "throttle": 0.2807243391275086,
            "brake": 0.006717650829378128,
            "steer": 0.0
        },
        {
            "throttle": 0.28301385226265235,
            "brake": 0.006045885746440316,
            "steer": 0.0
        },
        {
            "throttle": 0.2853380772041538,
            "brake": 0.005441297171796284,
            "steer": 0.0
        },
        {
            "throttle": 0.2876819497270204,
            "brake": 0.004897167454616656,
            "steer": 0.0
        },
        {
            "throttle": 0.2900276831768698,
            "brake": 0.00440745070915499,
            "steer": 0.0
        },
        {
            "throttle": 0.2923553061488025,
            "brake": 0.003966705638239492,
            "steer": 0.0
        },
        {
            "throttle": 0.29464321289060763,
            "brake": 0.003570035074415543,
            "steer": 0.0
        },
        {
            "throttle": 0.29686871958927835,
            "brake": 0.0032130315669739885,
            "steer": 0.0
        },
        {
            "throttle": 0.29900861936183054,
            "brake": 0.0028917284102765897,
            "steer": 0.0
        },
        {
            "throttle": 0.30103972857780303,
            "brake": 0.002602555569248931,
            "steer": 0.0
        },
        {
            "throttle": 0.30293941709242295,
            "brake": 0.002342300012324038,
            "steer": 0.0
        },
        {
            "throttle": 0.30468611506490756,
            "brake": 0.002108070011091634,
            "steer": 0.0
        },
        {
            "throttle": 0.3062597892722002,
            "brake": 0.0018972630099824707,
            "steer": 0.0
        },
        {
            "throttle": 0.3076423821989045,
            "brake": 0.0017075367089842237,
            "steer": 0.0
        },
        {
            "throttle": 0.3088182076815018,
            "brake": 0.0015367830380858013,
            "steer": 0.0
        },
        {
            "throttle": 0.3097742974993569,
            "brake": 0.0013831047342772213,
            "steer": 0.0
        },
        {
            "throttle": 0.3105006940249546,
            "brake": 0.0012447942608494991,
            "steer": 0.0
        },
        {
            "throttle": 0.31099068485804404,
            "brake": 0.0011203148347645492,
            "steer": 0.0
        },
        {
            "throttle": 0.3112409762582428,
            "brake": 0.0010082833512880943,
            "steer": 0.0
        },
        {
            "throttle": 0.31125180314231066,
            "brake": 0.0009074550161592849,
            "steer": 0.0
        },
        {
            "throttle": 0.3110269744089445,
            "brake": 0.0008167095145433564,
            "steer": 0.0
        },
        {
            "throttle": 0.3105738533781028,
            "brake": 0.0007350385630890208,
            "steer": 0.0
        },
        {
            "throttle": 0.3099032741656773,
            "brake": 0.0006615347067801187,
            "steer": 0.0
        },
        {
            "throttle": 0.30902939583984507,
            "brake": 0.0005953812361021068,
            "steer": 0.0
        },
        {
            "throttle": 0.3079694972048985,
            "brake": 0.0005358431124918962,
            "steer": 0.0
        },
        {
            "throttle": 0.3067437160145106,
            "brake": 0.00048225880124270657,
            "steer": 0.0
        },
        {
            "throttle": 0.3053747373127543,
            "brake": 0.0004340329211184359,
            "steer": 0.0
        },
        {
            "throttle": 0.27483726358147886,
            "brake": 0.022654910056206047,
            "steer": 0.0
        },
        {
            "throttle": 0.24735353722333098,
            "brake": 0.0426536994777849,
            "steer": 0.0
        },
        {
            "throttle": 0.22261818350099788,
            "brake": 0.060652609957205866,
            "steer": 0.0
        },
        {
            "throttle": 0.2003563651508981,
            "brake": 0.07685162938868473,
            "steer": 0.0
        },
        {
            "throttle": 0.1803207286358083,
            "brake": 0.09143074687701572,
            "steer": 0.0
        },
        {
            "throttle": 0.16228865577222748,
            "brake": 0.10455195261651361,
            "steer": 0.0
        },
        {
            "throttle": 0.14605979019500473,
            "brake": 0.11636103778206171,
            "steer": 0.0
        },
        {
            "throttle": 0.13145381117550425,
            "brake": 0.126989214431055,
            "steer": 0.0
        },
        {
            "throttle": 0.11830843005795383,
            "brake": 0.13655457341514893,
            "steer": 0.0
        },
        {
            "throttle": 0.10647758705215844,
            "brake": 0.14516339650083349,
            "steer": 0.0
        },
        {
            "throttle": 0.0958298283469426,
            "brake": 0.1529113372779496,
            "steer": 0.0
        },
        {
            "throttle": 0.08624684551224834,
            "brake": 0.1598844839773541,
            "steer": 0.0
        },
        {
            "throttle": 0.0776221609610235,
            "brake": 0.16616031600681813,
            "steer": 0.0
        },
        {
            "throttle": 0.06985994486492116,
            "brake": 0.1718085648333358,
            "steer": 0.0
        },
        {
            "throttle": 0.06287395037842904,
            "brake": 0.1768919887772017,
            "steer": 0.0
        },
        {
            "throttle": 0.05658655534058613,
            "brake": 0.18146707032668097,
            "steer": 0.0
        },
        {
            "throttle": 0.05092789980652752,
            "brake": 0.1855846437212123,
            "steer": 0.0
        },
        {
            "throttle": 0.04583510982587476,
            "brake": 0.18929045977629055,
            "steer": 0.0
        },
        {
            "throttle": 0.04125159884328729,
            "brake": 0.19262569422586096,
            "steer": 0.0
        },
        {
            "throttle": 0.03712643895895856,
            "brake": 0.19562740523047434,
            "steer": 0.0
        },
        {
            "throttle": 0.06310173889514356,
            "brake": 0.1760646647074269,
            "steer": 0.0
        },
        {
            "throttle": 0.08675260625164243,
            "brake": 0.15845819823668422,
            "steer": 0.0
        },
        {
            "throttle": 0.10831104037801423,
            "brake": 0.1426123784130158,
            "steer": 0.0
        },
        {
            "throttle": 0.12798126651920108,
            "brake": 0.12835114057171423,
            "steer": 0.0
        },
        {
            "throttle": 0.14594259741174206,
            "brake": 0.11551602651454282,
            "steer": 0.0
        },
        {
            "throttle": 0.16235208404655,
            "brake": 0.10396442386308855,
            "steer": 0.0
        },
        {
            "throttle": 0.17734697400554378,
            "brake": 0.0935679814767797,
            "steer": 0.0
        }
    ],
    "parameters": {
        "cloudiness": 70.4717540959592,
        "fog_density": 28.233592656191185,
        "initial_distance": 75.7676739008761,
        "initial_ego_velocity": 12.564317509839672,
        "initial_lead_velocity": 18.673279518622536,
        "lead_base_throttle": 0.2993458110287004,
        "lead_behavior_frequency": 0.20628838315286446,
        "lead_brake_duration": 20.473566265300974,
        "lead_brake_intensity": 0.2226428042719945,
        "lead_brake_probability": 0.19104270395647263,
        "lead_throttle_variation": 0.021113520484944904,
        "precipitation": 39.86729506158518,
        "precipitation_deposits": 35.06445625878772,
        "sun_altitude_angle": 17.855680990521094,
        "wind_intensity": 16.343987748755058
    },
    "config": {
        "num_timesteps": 200,
        "dt": 0.1,
        "seed": 215
    }
}