{
    "weather": {
        "cloudiness": 15.599452033620265,
        "precipitation": 95.07143064099162,
        "precipitation_deposits": 73.1993941811405,
        "wind_intensity": 29.93292420985183,
        "sun_altitude_angle": -11.277763146907617,
        "fog_density": 29.963209507789,
        "fog_distance": 368.33086677486875,
        "wetness": 47.53571532049581
    },
    "initial_conditions": {
        "ego": {
            "position": {
                "x": 553.9887716520274,
                "y": 20.57,
                "z": 0.294
            },
            "yaw": 0.0,
            "velocity": 8.185086660174143
        },
        "lead": {
            "position": {
                "x": 484.88,
                "y": 20.57,
                "z": 0.294
            },
            "yaw": 0.0,
            "velocity": 8.636499344142013
        }
    },
    "ego": {
        "position": {
            "x": 553.9887716520274,
            "y": 20.57,
            "z": 0.294
        },
        "yaw": 0.0,
        "velocity": 8.185086660174143
    },
    "lead": {
        "position": {
            "x": 484.88,
            "y": 20.57,
            "z": 0.294
        },
        "yaw": 0.0,
        "velocity": 8.636499344142013
    },
    "ado_actions": [
        {
            "throttle": 0.2232334448672798,
            "brake": 0.0,
            "steer": 0.0
        },
        {
            "throttle": 0.22724150602884075,
            "brake": 0.0,
            "steer": 0.0
        },
        {
            "throttle": 0.2347446677370379,
            "brake": 0.0,
            "steer": 0.0
        },
        {
            "throttle": 0.24517224927291603,
            "brake": 0.0,
            "steer": 0.0
        },
        {
            "throttle": 0.25790781067281376,
            "brake": 0.0,
            "steer": 0.0
        },
        {
            "throttle": 0.2723027948396223,
            "brake": 0.0,
            "steer": 0.0
        },
        {
            "throttle": 0.28769142908863976,
            "brake": 0.0,
            "steer": 0.0
        },
        {
            "throttle": 0.3034064330769525,
            "brake": 0.0,
            "steer": 0.0
        },
        {
            "throttle": 0.3187950611081166,
            "brake": 0.0,
            "steer": 0.0
        },
        {
            "throttle": 0.33323500069387835,
            "brake": 0.0,
            "steer": 0.0
        },
        {
            "throttle": 0.2999115006244905,
            "brake": 0.011440914600706172,
            "steer": 0.0
        },
        {
            "throttle": 0.26992035056204144,
            "brake": 0.021737737741341728,
            "steer": 0.0
        },
        {
            "throttle": 0.2429283155058373,
            "brake": 0.031004878567913726,
            "steer": 0.0
        },
        {
            "throttle": 0.21863548395525356,
            "brake": 0.039345305311828525,
            "steer": 0.0
        },
        {
            "throttle": 0.19677193555972822,
            "brake": 0.04685168938135184,
            "steer": 0.0
        },
        {
            "throttle": 0.1770947420037554,
            "brake": 0.05360743504392283,
            "steer": 0.0
        },
        {
            "throttle": 0.1593852678033799,
            "brake": 0.05968760614023673,
            "steer": 0.0
        },
        {
            "throttle": 0.1434467410230419,
            "brake": 0.06515976012691924,
            "steer": 0.0
        },
        {
            "throttle": 0.1291020669207377,
            "brake": 0.07008469871493349,
            "steer": 0.0
        },
        {
            "throttle": 0.11619186022866393,
            "brake": 0.07451714344414631,
            "steer": 0.0
        },
        {
            "throttle": 0.10457267420579754,
            "brake": 0.07850634370043785,
            "steer": 0.0
        },
        {
            "throttle": 0.09411540678521778,
            "brake": 0.08209662393110025,
            "steer": 0.0
        },
        {
            "throttle": 0.084703866106696,
            "brake": 0.0853278761386964,
            "steer": 0.0
        },
        {
            "throttle": 0.07623347949602641,
            "brake": 0.08823600312553294,
            "steer": 0.0
        },
        {
            "throttle": 0.06861013154642377,
            "brake": 0.09085331741368582,
            "steer": 0.0
        },
        {
            "throttle": 0.0617491183917814,
            "brake": 0.09320890027302342,
            "steer": 0.0
        },
        {
            "throttle": 0.055574206552603256,
            "brake": 0.09532892484642726,
            "steer": 0.0
        },
        {
            "throttle": 0.05001678589734293,
            "brake": 0.0972369469624907,
            "steer": 0.0
        },
        {
            "throttle": 0.04501510730760864,
            "brake": 0.09895416686694782,
            "steer": 0.0
        },
        {
            "throttle": 0.04051359657684778,
            "brake": 0.10049966478095922,
            "steer": 0.0
        },
        {
            "throttle": 0.036462236919163,
            "brake": 0.10189061290356947,
            "steer": 0.0
        },
        {
            "throttle": 0.0328160132272467,
            "brake": 0.1031424662139187,
            "steer": 0.0
        },
        {
            "throttle": 0.02953441190452203,
            "brake": 0.10426913419323301,
            "steer": 0.0
        },
        {
            "throttle": 0.026580970714069826,
            "brake": 0.1052831353746159,
            "steer": 0.0
        },
        {
            "throttle": 0.023922873642662844,
            "brake": 0.10619573643786048,
            "steer": 0.0
        },
        {
            "throttle": 0.02153058627839656,
            "brake": 0.10701707739478061,
            "steer": 0.0
        },
        {
            "throttle": 0.019377527650556906,
            "brake": 0.10775628425600874,
            "steer": 0.0
        },
        {
            "throttle": 0.017439774885501216,
            "brake": 0.10842157043111404,
            "steer": 0.0
        },
        {
            "throttle": 0.015695797396951094,
            "brake": 0.10902032798870881,
            "steer": 0.0
        },
        {
            "throttle": 0.04235920059796762,
            "brake": 0.09811829518983793,
            "steer": 0.0
        },
        {
            "throttle": 0.07015869931785046,
            "brake": 0.08830646567085414,
            "steer": 0.0
        },
        {
            "throttle": 0.09870891848507071,
            "brake": 0.07947581910376872,
            "steer": 0.0
        },
        {
            "throttle": 0.12756422449796156,
            "brake": 0.07152823719339185,
            "steer": 0.0
        },
        {
            "throttle": 0.15623512021732494,
            "brake": 0.06437541347405266,
            "steer": 0.0
        },
        {
            "throttle": 0.18420547484177638,
            "brake": 0.0579378721266474,
            "steer": 0.0
        },
        {
            "throttle": 0.21095014578714888,
            "brake": 0.05214408491398266,
            "steer": 0.0
        },
        {
            "throttle": 0.23595253479695785,
            "brake": 0.046929676422584395,
            "steer": 0.0
        },
        {
            "throttle": 0.2587216188186386,
            "brake": 0.042236708780325954,
            "steer": 0.0
        },
        {
            "throttle": 0.27880800769810654,
            "brake": 0.03801303790229336,
            "steer": 0.0
        },
        {
            "throttle": 0.29581860511553737,
            "brake": 0.034211734112064025,
            "steer": 0.0
        },
        {
            "throttle": 0.3094294856943897,
            "brake": 0.030790560700857623,
            "steer": 0.0
        },
        {
            "throttle": 0.31939664881337376,
            "brake": 0.027711504630771863,
            "steer": 0.0
        },
        {
            "throttle": 0.3255643669796655,
            "brake": 0.02494035416769468,
            "steer": 0.0
        },
        {
            "throttle": 0.32787091205381486,
            "brake": 0.02244631875092521,
            "steer": 0.0
        },
        {
            "throttle": 0.3263515143007038,
            "brake": 0.02020168687583269,
            "steer": 0.0
        },
        {
            "throttle": 0.32113848515192256,
            "brake": 0.018181518188249424,
            "steer": 0.0
        },
        {
            "throttle": 0.3124585125619971,
            "brake": 0.01636336636942448,
            "steer": 0.0
        },
        {
            "throttle": 0.30062721572627643,
            "brake": 0.014727029732482034,
            "steer": 0.0
        },
        {
            "throttle": 0.28604112150888417,
            "brake": 0.01325432675923383,
            "steer": 0.0
        },
        {
            "throttle": 0.26916729607771994,
            "brake": 0.011928894083310448,
            "steer": 0.0
        },
        {
            "throttle": 0.2505309299580867,
            "brake": 0.010736004674979403,
            "steer": 0.0
        },
        {
            "throttle": 0.23070123117627567,
            "brake": 0.009662404207481462,
            "steer": 0.0
        },
        {
            "throttle": 0.21027602778052032,
            "brake": 0.008696163786733315,
            "steer": 0.0
        },
        {
            "throttle": 0.18986551648662484,
            "brake": 0.007826547408059985,
            "steer": 0.0
        },
        {
            "throttle": 0.17087896483796236,
            "brake": 0.007043892667253987,
            "steer": 0.0
        },
        {
            "throttle": 0.15379106835416612,
            "brake": 0.006339503400528588,
            "steer": 0.0
        },
        {
            "throttle": 0.13841196151874952,
            "brake": 0.00570555306047573,
            "steer": 0.0
        },
        {
            "throttle": 0.12457076536687457,
            "brake": 0.005134997754428157,
            "steer": 0.0
        },
        {
            "throttle": 0.11222268715147034,
            "brake": 0.004621497978985341,
            "steer": 0.0
        },
        {
            "throttle": 0.10295402601087456,
            "brake": 0.004159348181086807,
            "steer": 0.0
        },
        {
            "throttle": 0.09702683094916138,
            "brake": 0.0037434133629781264,
            "steer": 0.0
        },
        {
            "throttle": 0.0946093801727057,
            "brake": 0.0033690720266803136,
            "steer": 0.0
        },
        {
            "throttle": 0.09577149920205284,
            "brake": 0.0030321648240122824,
            "steer": 0.0
        },
        {
            "throttle": 0.10048263121854605,
            "brake": 0.0027289483416110543,
            "steer": 0.0
        },
        {
            "throttle": 0.10861271391083838,
            "brake": 0.002456053507449949,
            "steer": 0.0
        },
        {
            "throttle": 0.11993583852737186,
            "brake": 0.002210448156704954,
            "steer": 0.0
        },
        {
            "throttle": 0.13413658896435207,
            "brake": 0.0019894033410344588,
            "steer": 0.0
        },
        {
            "throttle": 0.15081888370357227,
            "brake": 0.001790463006931013,
            "steer": 0.0
        },
        {
            "throttle": 0.16951707335949623,
            "brake": 0.0016114167062379117,
            "steer": 0.0
        },
        {
            "throttle": 0.18970898346036957,
            "brake": 0.0014502750356141206,
            "steer": 0.0
        },
        {
            "throttle": 0.21083053764024812,
            "brake": 0.0013052475320527086,
            "steer": 0.0
        },
        {
            "throttle": 0.2322915521811037,
            "brake": 0.0011747227788474377,
            "steer": 0.0
        },
        {
            "throttle": 0.2534922600543065,
            "brake": 0.0010572505009626939,
            "steer": 0.0
        },
        {
            "throttle": 0.273840102186177,
            "brake": 0.0009515254508664245,
            "steer": 0.0
        },
        {
            "throttle": 0.29276631618434873,
            "brake": 0.0008563729057797821,
            "steer": 0.0
        },
        {
            "throttle": 0.3097418584197977,
            "brake": 0.0007707356152018039,
            "steer": 0.0
        },
        {
            "throttle": 0.3242922140051461,
            "brake": 0.0006936620536816235,
            "steer": 0.0
        },
        {
            "throttle": 0.3360106803213925,
            "brake": 0.0006242958483134612,
            "steer": 0.0
        },
        {
            "throttle": 0.3445697524519016,
            "brake": 0.0005618662634821151,
            "steer": 0.0
        },
        {
            "throttle": 0.3497302919892036,
            "brake": 0.0005056796371339036,
            "steer": 0.0
        },
        {
            "throttle": 0.35134822270078847,
            "brake": 0.0004551116734205132,
            "steer": 0.0
        },
        {
            "throttle": 0.34937856573910014,
            "brake": 0.0004096005060784619,
            "steer": 0.0
        },
        {
            "throttle": 0.3438767015219401,
            "brake": 0.0003686404554706157,
            "steer": 0.0
        },
        {
            "throttle": 0.3349968230094036,
            "brake": 0.00033177640992355413,
            "steer": 0.0
        },
        {
            "throttle": 0.32298762369083084,
            "brake": 0.00029859876893119873,
            "steer": 0.0
        },
        {
            "throttle": 0.30818534097097094,
            "brake": 0.00026873889203807885,
            "steer": 0.0
        },
        {
            "throttle": 0.2910043496434455,
            "brake": 0.00024186500283427097,
            "steer": 0.0
        },
        {
            "throttle": 0.27192556869097434,
            "brake": 0.0002176785025508439,
            "steer": 0.0
        },
        {
            "throttle": 0.25148300583744065,
            "brake": 0.0001959106522957595,
            "steer": 0.0
        },
        {
            "throttle": 0.23024881638458586,
            "brake": 0.00017631958706618354,
            "steer": 0.0
        },
        {
            "throttle": 0.20722393474612727,
            "brake": 0.011599602229065737,
            "steer": 0.0
        },
        {
            "throttle": 0.18650154127151455,
            "brake": 0.021880556606865338,
            "steer": 0.0
        },
        {
            "throttle": 0.1678513871443631,
            "brake": 0.031133415546884976,
            "steer": 0.0
        },
        {
            "throttle": 0.1510662484299268,
            "brake": 0.039460988592902646,
            "steer": 0.0
        },
        {
            "throttle": 0.13595962358693411,
            "brake": 0.04695580433431855,
            "steer": 0.0
        },
        {
            "throttle": 0.1223636612282407,
            "brake": 0.053701138501592874,
            "steer": 0.0
        },
        {
            "throttle": 0.11012729510541663,
            "brake": 0.059771939252139764,
            "steer": 0.0
        },
        {
            "throttle": 0.09911456559487497,
            "brake": 0.06523565992763196,
            "steer": 0.0
        },
        {
            "throttle": 0.08920310903538747,
            "brake": 0.07015300853557493,
            "steer": 0.0
        },
        {
            "throttle": 0.08028279813184873,
            "brake": 0.07457862228272362,
            "steer": 0.0
        },
        {
            "throttle": 0.07225451831866386,
            "brake": 0.07856167465515744,
            "steer": 0.0
        },
        {
            "throttle": 0.06502906648679747,
            "brake": 0.08214642179034787,
            "steer": 0.0
        },
        {
            "throttle": 0.05852615983811773,
            "brake": 0.08537269421201926,
            "steer": 0.0
        },
        {
            "throttle": 0.052673543854305956,
            "brake": 0.08827633939152352,
            "steer": 0.0
        },
        {
            "throttle": 0.047406189468875364,
            "brake": 0.09088962005307734,
            "steer": 0.0
        },
        {
            "throttle": 0.04266557052198783,
            "brake": 0.09324157264847578,
            "steer": 0.0
        },
        {
            "throttle": 0.038399013469789044,
            "brake": 0.09535832998433438,
            "steer": 0.0
        },
        {
            "throttle": 0.03455911212281014,
            "brake": 0.09726341158660712,
            "steer": 0.0
        },
        {
            "throttle": 0.031103200910529125,
            "brake": 0.09897798502865258,
            "steer": 0.0
        },
        {
            "throttle": 0.027992880819476214,
            "brake": 0.1005211011264935,
            "steer": 0.0
        },
        {
            "throttle": 0.025193592737528595,
            "brake": 0.10190990561455032,
            "steer": 0.0
        },
        {
            "throttle": 0.022674233463775735,
            "brake": 0.10315982965380147,
            "steer": 0.0
        },
        {
            "throttle": 0.02040681011739816,
            "brake": 0.1042847612891275,
            "steer": 0.0
        },
        {
            "throttle": 0.018366129105658345,
            "brake": 0.10529719976092093,
            "steer": 0.0
        },
        {
            "throttle": 0.016529516195092513,
            "brake": 0.10620839438553502,
            "steer": 0.0
        },
        {
            "throttle": 0.014876564575583262,
            "brake": 0.10702846954768769,
            "steer": 0.0
        },
        {
            "throttle": 0.013388908118024935,
            "brake": 0.1077665371936251,
            "steer": 0.0
        },
        {
            "throttle": 0.012050017306222441,
            "brake": 0.10843079807496876,
            "steer": 0.0
        },
        {
            "throttle": 0.010845015575600197,
            "brake": 0.10902863286817806,
            "steer": 0.0
        },
        {
            "throttle": 0.0411570352112926,
            "brake": 0.09812576958136025,
            "steer": 0.0
        },
        {
            "throttle": 0.06459915731132693,
            "brake": 0.08831319262322423,
            "steer": 0.0
        },
        {
            "throttle": 0.0817118991618383,
            "brake": 0.07948187336090182,
            "steer": 0.0
        },
        {
            "throttle": 0.09309324021845658,
            "brake": 0.07153368602481164,
            "steer": 0.0
        },
        {
            "throttle": 0.09939385410816652,
            "brake": 0.06438031742233048,
            "steer": 0.0
        },
        {
            "throttle": 0.10130966965042751,
            "brake": 0.05794228568009743,
            "steer": 0.0
        },
        {
            "throttle": 0.09957208870480633,
            "brake": 0.05214805711208769,
            "steer": 0.0
        },
        {
            "throttle": 0.09493624225480238,
            "brake": 0.04693325140087892,
            "steer": 0.0
        },
        {
            "throttle": 0.08816771026375114,
            "brake": 0.04223992626079103,
            "steer": 0.0
        },
        {
            "throttle": 0.08002816413429126,
            "brake": 0.03801593363471193,
            "steer": 0.0
        },
        {
            "throttle": 0.07202534772086214,
            "brake": 0.03421434027124074,
            "steer": 0.0
        },
        {
            "throttle": 0.06482281294877593,
            "brake": 0.030792906244116666,
            "steer": 0.0
        },
        {
            "throttle": 0.05834053165389833,
            "brake": 0.027713615619705,
            "steer": 0.0
        },
        {
            "throttle": 0.0525064784885085,
            "brake": 0.0249422540577345,
            "steer": 0.0
        },
        {
            "throttle": 0.047312027044883555,
            "brake": 0.022448028651961053,
            "steer": 0.0
        },
        {
            "throttle": 0.044460944487993946,
            "brake": 0.020203225786764947,
            "steer": 0.0
        },
        {
            "throttle": 0.04429094098297832,
            "brake": 0.018182903208088453,
            "steer": 0.0
        },
        {
            "throttle": 0.047038911066895145,
            "brake": 0.016364612887279608,
            "steer": 0.0
        },
        {
            "throttle": 0.05283688411584549,
            "brake": 0.014728151598551648,
            "steer": 0.0
        },
        {
            "throttle": 0.06171065124288633,
            "brake": 0.013255336438696483,
            "steer": 0.0
        },
        {
            "throttle": 0.073581132842247,
            "brake": 0.011929802794826834,
            "steer": 0.0
        },
        {
            "throttle": 0.08826847172665558,
            "brake": 0.010736822515344151,
            "steer": 0.0
        },
        {
            "throttle": 0.10549875821502547,
            "brake": 0.009663140263809737,
            "steer": 0.0
        },
        {
            "throttle": 0.12491321779067137,
            "brake": 0.008696826237428764,
            "steer": 0.0
        },
        {
            "throttle": 0.14607962116168716,
            "brake": 0.007827143613685887,
            "steer": 0.0
        },
        {
            "throttle": 0.16850561267506461,
            "brake": 0.007044429252317299,
            "steer": 0.0
        },
        {
            "throttle": 0.1916535978332559,
            "brake": 0.006339986327085569,
            "steer": 0.0
        },
        {
            "throttle": 0.21495678566396906,
            "brake": 0.0057059876943770125,
            "steer": 0.0
        },
        {
            "throttle": 0.23783594814493952,
            "brake": 0.005135388924939311,
            "steer": 0.0
        },
        {
            "throttle": 0.2597164377103159,
            "brake": 0.00462185003244538,
            "steer": 0.0
        },
        {
            "throttle": 0.2800449956443226,
            "brake": 0.004159665029200842,
            "steer": 0.0
        },
        {
            "throttle": 0.2983058891199555,
            "brake": 0.003743698526280758,
            "steer": 0.0
        },
        {
            "throttle": 0.3140359326170624,
            "brake": 0.0033693286736526822,
            "steer": 0.0
        },
        {
            "throttle": 0.32683797994324604,
            "brake": 0.0030323958062874142,
            "steer": 0.0
        },
        {
            "throttle": 0.3363925152213469,
            "brake": 0.0027291562256586727,
            "steer": 0.0
        },
        {
            "throttle": 0.3424670238123623,
            "brake": 0.0024562406030928055,
            "steer": 0.0
        },
        {
            "throttle": 0.3449228857339633,
            "brake": 0.002210616542783525,
            "steer": 0.0
        },
        {
            "throttle": 0.34371960298292387,
            "brake": 0.001989554888505173,
            "steer": 0.0
        },
        {
            "throttle": 0.3389162463429439,
            "brake": 0.0017905993996546556,
            "steer": 0.0
        },
        {
            "throttle": 0.33067008467721054,
            "brake": 0.00161153945968919,
            "steer": 0.0
        },
        {
            "throttle": 0.3192324381969858,
            "brake": 0.0014503855137202712,
            "steer": 0.0
        },
        {
            "throttle": 0.3049418745632719,
            "brake": 0.001305346962348244,
            "steer": 0.0
        },
        {
            "throttle": 0.28821494074984205,
            "brake": 0.0011748122661134196,
            "steer": 0.0
        },
        {
            "throttle": 0.2695346922968232,
            "brake": 0.0010573310395020777,
            "steer": 0.0
        },
        {
            "throttle": 0.2494373429893401,
            "brake": 0.00095159793555187,
            "steer": 0.0
        },
        {
            "throttle": 0.22849741038469443,
            "brake": 0.000856438141996683,
            "steer": 0.0
        },
        {
            "throttle": 0.20731177451589913,
            "brake": 0.0007707943277970148,
            "steer": 0.0
        },
        {
            "throttle": 0.1865805970643092,
            "brake": 0.0006937148950173133,
            "steer": 0.0
        },
        {
            "throttle": 0.1679225373578783,
            "brake": 0.000624343405515582,
            "steer": 0.0
        },
        {
            "throttle": 0.15113028362209047,
            "brake": 0.0005619090649640238,
            "steer": 0.0
        },
        {
            "throttle": 0.13601725525988143,
            "brake": 0.0005057181584676215,
            "steer": 0.0
        },
        {
            "throttle": 0.12241552973389329,
            "brake": 0.00045514634262085933,
            "steer": 0.0
        },
        {
            "throttle": 0.11103562999941918,
            "brake": 0.0004096317083587734,
            "steer": 0.0
        },
        {
            "throttle": 0.10290119679842052,
            "brake": 0.0003686685375228961,
            "steer": 0.0
        },
        {
            "throttle": 0.09822925761024681,
            "brake": 0.0003318016837706065,
            "steer": 0.0
        },
        {
            "throttle": 0.08840633184922213,
            "brake": 0.011739536116099718,
            "steer": 0.0
        },
        {
            "throttle": 0.07956569866429991,
            "brake": 0.02200649710519592,
            "steer": 0.0
        },
        {
            "throttle": 0.07160912879786992,
            "brake": 0.031246761995382503,
            "steer": 0.0
        },
        {
            "throttle": 0.06444821591808293,
            "brake": 0.039563000396550425,
            "steer": 0.0
        },
        {
            "throttle": 0.05800339432627464,
            "brake": 0.047047614957601555,
            "steer": 0.0
        },
        {
            "throttle": 0.052203054893647176,
            "brake": 0.053783768062547574,
            "steer": 0.0
        },
        {
            "throttle": 0.04698274940428246,
            "brake": 0.05984630585699899,
            "steer": 0.0
        },
        {
            "throttle": 0.042284474463854214,
            "brake": 0.06530258987200527,
            "steer": 0.0
        },
        {
            "throttle": 0.038056027017468796,
            "brake": 0.07021324548551092,
            "steer": 0.0
        },
        {
            "throttle": 0.034250424315721915,
            "brake": 0.074632835537666,
            "steer": 0.0
        },
        {
            "throttle": 0.030825381884149725,
            "brake": 0.07861046658460558,
            "steer": 0.0
        },
        {
            "throttle": 0.027742843695734754,
            "brake": 0.08219033452685119,
            "steer": 0.0
        },
        {
            "throttle": 0.02496855932616128,
            "brake": 0.08541221567487225,
            "steer": 0.0
        },
        {
            "throttle": 0.022471703393545154,
            "brake": 0.0883119087080912,
            "steer": 0.0
        },
        {
            "throttle": 0.020224533054190637,
            "brake": 0.09092163243798826,
            "steer": 0.0
        },
        {
            "throttle": 0.018202079748771575,
            "brake": 0.0932703837948956,
            "steer": 0.0
        }
    ],
    "parameters": {
        "fog_density": 29.963209507789,
        "precipitation": 95.07143064099162,
        "precipitation_deposits": 73.1993941811405,
        "wind_intensity": 29.93292420985183,
        "sun_altitude_angle": -11.277763146907617,
        "cloudiness": 15.599452033620265,
        "lead_base_throttle": 0.2232334448672798,
        "lead_behavior_frequency": 0.2665440364437338,
        "lead_throttle_variation": 0.24044600469728353,
        "lead_brake_probability": 0.21242177333881365,
        "lead_brake_intensity": 0.11440914600706172,
        "lead_brake_duration": 29.24774630404986,
        "initial_distance": 69.10877165202741,
        "initial_ego_velocity": 8.185086660174143,
        "initial_lead_velocity": 8.636499344142013
    },
    "config": {
        "num_timesteps": 200,
        "dt": 0.1,
        "seed": 42
    }
}