{
    "weather": {
        "cloudiness": 76.87261296723985,
        "precipitation": 32.76237714842647,
        "precipitation_deposits": 99.41793832384509,
        "wind_intensity": 15.585635496617844,
        "sun_altitude_angle": 36.94728570516058,
        "fog_density": 16.84703679488802,
        "fog_distance": 570.3141707946766,
        "wetness": 16.381188574213233
    },
    "initial_conditions": {
        "ego": {
            "position": {
                "x": 531.90396621477,
                "y": 20.57,
                "z": 0.294
            },
            "yaw": 0.0,
            "velocity": 13.182914957773388
        },
        "lead": {
            "position": {
                "x": 484.88,
                "y": 20.57,
                "z": 0.294
            },
            "yaw": 0.0,
            "velocity": 12.91412506513603
        }
    },
    "ego": {
        "position": {
            "x": 531.90396621477,
            "y": 20.57,
            "z": 0.294
        },
        "yaw": 0.0,
        "velocity": 13.182914957773388
    },
    "lead": {
        "position": {
            "x": 484.88,
            "y": 20.57,
            "z": 0.294
        },
        "yaw": 0.0,
        "velocity": 12.91412506513603
    },
    "ado_actions": [
        {
            "throttle": 0.22333833541534526,
            "brake": 0.0,
            "steer": 0.0
        },
        {
            "throttle": 0.22911851025499258,
            "brake": 0.0,
            "steer": 0.0
        },
        {
            "throttle": 0.2399313734670832,
            "brake": 0.0,
            "steer": 0.0
        },
        {
            "throttle": 0.25493968691010194,
            "brake": 0.0,
            "steer": 0.0
        },
        {
            "throttle": 0.2732352275838301,
            "brake": 0.0,
            "steer": 0.0
        },
        {
            "throttle": 0.29386021366796494,
            "brake": 0.0,
            "steer": 0.0
        },
        {
            "throttle": 0.31583070379183925,
            "brake": 0.0,
            "steer": 0.0
        },
        {
            "throttle": 0.3381612314703278,
            "brake": 0.0,
            "steer": 0.0
        },
        {
            "throttle": 0.3598899056293403,
            "brake": 0.0,
            "steer": 0.0
        },
        {
            "throttle": 0.3801031991609584,
            "brake": 0.0,
            "steer": 0.0
        },
        {
            "throttle": 0.3979596608086814,
            "brake": 0.0,
            "steer": 0.0
        },
        {
            "throttle": 0.41271182104251153,
            "brake": 0.0,
            "steer": 0.0
        },
        {
            "throttle": 0.42372561894716715,
            "brake": 0.0,
            "steer": 0.0
        },
        {
            "throttle": 0.43049675289996636,
            "brake": 0.0,
            "steer": 0.0
        },
        {
            "throttle": 0.43266345077099416,
            "brake": 0.0,
            "steer": 0.0
        },
        {
            "throttle": 0.43001526284239044,
            "brake": 0.0,
            "steer": 0.0
        },
        {
            "throttle": 0.42249759949287846,
            "brake": 0.0,
            "steer": 0.0
        },
        {
            "throttle": 0.410211862468331,
            "brake": 0.0,
            "steer": 0.0
        },
        {
            "throttle": 0.39341114956473044,
            "brake": 0.0,
            "steer": 0.0
        },
        {
            "throttle": 0.3724916439655216,
            "brake": 0.0,
            "steer": 0.0
        },
        {
            "throttle": 0.34797992746624506,
            "brake": 0.0,
            "steer": 0.0
        },
        {
            "throttle": 0.320516577649232,
            "brake": 0.0,
            "steer": 0.0
        },
        {
            "throttle": 0.29083651921211995,
            "brake": 0.0,
            "steer": 0.0
        },
        {
            "throttle": 0.26175286729090796,
            "brake": 0.0,
            "steer": 0.0
        },
        {
            "throttle": 0.23557758056181718,
            "brake": 0.0,
            "steer": 0.0
        },
        {
            "throttle": 0.21201982250563547,
            "brake": 0.0,
            "steer": 0.0
        },
        {
            "throttle": 0.19081784025507192,
            "brake": 0.0,
            "steer": 0.0
        },
        {
            "throttle": 0.17173605622956473,
            "brake": 0.0,
            "steer": 0.0
        },
        {
            "throttle": 0.15456245060660825,
            "brake": 0.0,
            "steer": 0.0
        },
        {
            "throttle": 0.13910620554594744,
            "brake": 0.0,
            "steer": 0.0
        },
        {
            "throttle": 0.1251955849913527,
            "brake": 0.0,
            "steer": 0.0
        },
        {
            "throttle": 0.11267602649221743,
            "brake": 0.0,
            "steer": 0.0
        },
        {
            "throttle": 0.10140842384299568,
            "brake": 0.0,
            "steer": 0.0
        },
        {
            "throttle": 0.09375712201596546,
            "brake": 0.0,
            "steer": 0.0
        },
        {
            "throttle": 0.09184687032842312,
            "brake": 0.0,
            "steer": 0.0
        },
        {
            "throttle": 0.0955394896906854,
            "brake": 0.0,
            "steer": 0.0
        },
        {
            "throttle": 0.10455194897790034,
            "brake": 0.0,
            "steer": 0.0
        },
        {
            "throttle": 0.11846272136370233,
            "brake": 0.0,
            "steer": 0.0
        },
        {
            "throttle": 0.13672239539600056,
            "brake": 0.0,
            "steer": 0.0
        },
        {
            "throttle": 0.15866821029012412,
            "brake": 0.0,
            "steer": 0.0
        },
        {
            "throttle": 0.18354207180225168,
            "brake": 0.0,
            "steer": 0.0
        },
        {
            "throttle": 0.21051150474656932,
            "brake": 0.0,
            "steer": 0.0
        },
        {
            "throttle": 0.23869291369302856,
            "brake": 0.0,
            "steer": 0.0
        },
        {
            "throttle": 0.26717645712462956,
            "brake": 0.0,
            "steer": 0.0
        },
        {
            "throttle": 0.29505179430217654,
            "brake": 0.0,
            "steer": 0.0
        },
        {
            "throttle": 0.3214339396441845,
            "brake": 0.0,
            "steer": 0.0
        },
        {
            "throttle": 0.34548845730936073,
            "brake": 0.0,
            "steer": 0.0
        },
        {
            "throttle": 0.36645524894247655,
            "brake": 0.0,
            "steer": 0.0
        },
        {
            "throttle": 0.3836702296273985,
            "brake": 0.0,
            "steer": 0.0
        },
        {
            "throttle": 0.3965842497590353,
            "brake": 0.0,
            "steer": 0.0
        },
        {
            "throttle": 0.4047787019699598,
            "brake": 0.0,
            "steer": 0.0
        },
        {
            "throttle": 0.4079773500477439,
            "brake": 0.0,
            "steer": 0.0
        },
        {
            "throttle": 0.40605402809496177,
            "brake": 0.0,
            "steer": 0.0
        },
        {
            "throttle": 0.3990359797577926,
            "brake": 0.0,
            "steer": 0.0
        },
        {
            "throttle": 0.387102735622244,
            "brake": 0.0,
            "steer": 0.0
        },
        {
            "throttle": 0.37058055809332324,
            "brake": 0.0,
            "steer": 0.0
        },
        {
            "throttle": 0.34993261338930715,
            "brake": 0.0,
            "steer": 0.0
        },
        {
            "throttle": 0.3257451558838501,
            "brake": 0.0,
            "steer": 0.0
        },
        {
            "throttle": 0.29871012723413076,
            "brake": 0.0,
            "steer": 0.0
        },
        {
            "throttle": 0.26960467811046473,
            "brake": 0.0,
            "steer": 0.0
        },
        {
            "throttle": 0.24264421029941827,
            "brake": 0.0,
            "steer": 0.0
        },
        {
            "throttle": 0.21837978926947643,
            "brake": 0.0,
            "steer": 0.0
        },
        {
            "throttle": 0.1965418103425288,
            "brake": 0.0,
            "steer": 0.0
        },
        {
            "throttle": 0.17688762930827592,
            "brake": 0.0,
            "steer": 0.0
        },
        {
            "throttle": 0.15919886637744834,
            "brake": 0.0,
            "steer": 0.0
        },
        {
            "throttle": 0.14327897973970352,
            "brake": 0.0,
            "steer": 0.0
        },
        {
            "throttle": 0.12895108176573317,
            "brake": 0.0,
            "steer": 0.0
        },
        {
            "throttle": 0.11605597358915985,
            "brake": 0.0,
            "steer": 0.0
        },
        {
            "throttle": 0.10445037623024386,
            "brake": 0.0,
            "steer": 0.0
        },
        {
            "throttle": 0.09400533860721948,
            "brake": 0.0,
            "steer": 0.0
        },
        {
            "throttle": 0.0887771783689581,
            "brake": 0.0,
            "steer": 0.0
        },
        {
            "throttle": 0.08921769948030052,
            "brake": 0.0,
            "steer": 0.0
        },
        {
            "throttle": 0.09514163810774295,
            "brake": 0.0,
            "steer": 0.0
        },
        {
            "throttle": 0.10622019688363822,
            "brake": 0.0,
            "steer": 0.0
        },
        {
            "throttle": 0.12198896143640667,
            "brake": 0.0,
            "steer": 0.0
        },
        {
            "throttle": 0.14185996542474905,
            "brake": 0.0,
            "steer": 0.0
        },
        {
            "throttle": 0.1651375331062253,
            "brake": 0.0,
            "steer": 0.0
        },
        {
            "throttle": 0.19103741944049318,
            "brake": 0.0,
            "steer": 0.0
        },
        {
            "throttle": 0.2187086725981927,
            "brake": 0.0,
            "steer": 0.0
        },
        {
            "throttle": 0.2472575653242551,
            "brake": 0.0,
            "steer": 0.0
        },
        {
            "throttle": 0.27577288220407686,
            "brake": 0.0,
            "steer": 0.0
        },
        {
            "throttle": 0.3033518112580509,
            "brake": 0.0,
            "steer": 0.0
        },
        {
            "throttle": 0.3291256715893394,
            "brake": 0.0,
            "steer": 0.0
        },
        {
            "throttle": 0.35228471453245724,
            "brake": 0.0,
            "steer": 0.0
        },
        {
            "throttle": 0.37210126373860647,
            "brake": 0.0,
            "steer": 0.0
        },
        {
            "throttle": 0.3879505090763302,
            "brake": 0.0,
            "steer": 0.0
        },
        {
            "throttle": 0.39932833868156836,
            "brake": 0.0,
            "steer": 0.0
        },
        {
            "throttle": 0.40586568093065667,
            "brake": 0.0,
            "steer": 0.0
        },
        {
            "throttle": 0.4073389309762485,
            "brake": 0.0,
            "steer": 0.0
        },
        {
            "throttle": 0.40367615176962596,
            "brake": 0.0,
            "steer": 0.0
        },
        {
            "throttle": 0.39495886381881323,
            "brake": 0.0,
            "steer": 0.0
        },
        {
            "throttle": 0.381419367660067,
            "brake": 0.0,
            "steer": 0.0
        },
        {
            "throttle": 0.36343367435157176,
            "brake": 0.0,
            "steer": 0.0
        },
        {
            "throttle": 0.3415102483859585,
            "brake": 0.0,
            "steer": 0.0
        },
        {
            "throttle": 0.3162748904814145,
            "brake": 0.0,
            "steer": 0.0
        },
        {
            "throttle": 0.2884522011447582,
            "brake": 0.0,
            "steer": 0.0
        },
        {
            "throttle": 0.2596069810302824,
            "brake": 0.0,
            "steer": 0.0
        },
        {
            "throttle": 0.23364628292725417,
            "brake": 0.0,
            "steer": 0.0
        },
        {
            "throttle": 0.21028165463452875,
            "brake": 0.0,
            "steer": 0.0
        },
        {
            "throttle": 0.18925348917107587,
            "brake": 0.0,
            "steer": 0.0
        },
        {
            "throttle": 0.17032814025396828,
            "brake": 0.0,
            "steer": 0.0
        },
        {
            "throttle": 0.15329532622857145,
            "brake": 0.0,
            "steer": 0.0
        },
        {
            "throttle": 0.13796579360571432,
            "brake": 0.0,
            "steer": 0.0
        },
        {
            "throttle": 0.12416921424514289,
            "brake": 0.0,
            "steer": 0.0
        },
        {
            "throttle": 0.11175229282062861,
            "brake": 0.0,
            "steer": 0.0
        },
        {
            "throttle": 0.10057706353856576,
            "brake": 0.0,
            "steer": 0.0
        },
        {
            "throttle": 0.09162389196377729,
            "brake": 0.0,
            "steer": 0.0
        },
        {
            "throttle": 0.08838210056882549,
            "brake": 0.0,
            "steer": 0.0
        },
        {
            "throttle": 0.09076177109978364,
            "brake": 0.0,
            "steer": 0.0
        },
        {
            "throttle": 0.09852666606008803,
            "brake": 0.0,
            "steer": 0.0
        },
        {
            "throttle": 0.1112993053156497,
            "brake": 0.0,
            "steer": 0.0
        },
        {
            "throttle": 0.12857036875812017,
            "brake": 0.0,
            "steer": 0.0
        },
        {
            "throttle": 0.1497121308531297,
            "brake": 0.0,
            "steer": 0.0
        },
        {
            "throttle": 0.1739955165390999,
            "brake": 0.0,
            "steer": 0.0
        },
        {
            "throttle": 0.20061026343251198,
            "brake": 0.0,
            "steer": 0.0
        },
        {
            "throttle": 0.22868758571990255,
            "brake": 0.0,
            "steer": 0.0
        },
        {
            "throttle": 0.25732466311828006,
            "brake": 0.0,
            "steer": 0.0
        },
        {
            "throttle": 0.2856102259900155,
            "brake": 0.0,
            "steer": 0.0
        },
        {
            "throttle": 0.31265047665229373,
            "brake": 0.0,
            "steer": 0.0
        },
        {
            "throttle": 0.3375945780473003,
            "brake": 0.0,
            "steer": 0.0
        },
        {
            "throttle": 0.35965895450854923,
            "brake": 0.0,
            "steer": 0.0
        },
        {
            "throttle": 0.3781496849831302,
            "brake": 0.0,
            "steer": 0.0
        },
        {
            "throttle": 0.39248232571353936,
            "brake": 0.0,
            "steer": 0.0
        },
        {
            "throttle": 0.402198575393381,
            "brake": 0.0,
            "steer": 0.0
        },
        {
            "throttle": 0.40697928896719243,
            "brake": 0.0,
            "steer": 0.0
        },
        {
            "throttle": 0.4066534538211667,
            "brake": 0.0,
            "steer": 0.0
        },
        {
            "throttle": 0.401202860960388,
            "brake": 0.0,
            "steer": 0.0
        },
        {
            "throttle": 0.39076233041005165,
            "brake": 0.0,
            "steer": 0.0
        },
        {
            "throttle": 0.3756154808047035,
            "brake": 0.0,
            "steer": 0.0
        },
        {
            "throttle": 0.3561861641122538,
            "brake": 0.0,
            "steer": 0.0
        },
        {
            "throttle": 0.33302581384193075,
            "brake": 0.0,
            "steer": 0.0
        },
        {
            "throttle": 0.306797075175554,
            "brake": 0.0,
            "steer": 0.0
        },
        {
            "throttle": 0.27825419472167684,
            "brake": 0.0,
            "steer": 0.0
        },
        {
            "throttle": 0.2504287752495092,
            "brake": 0.0,
            "steer": 0.0
        },
        {
            "throttle": 0.22538589772455828,
            "brake": 0.0,
            "steer": 0.0
        },
        {
            "throttle": 0.20284730795210246,
            "brake": 0.0,
            "steer": 0.0
        },
        {
            "throttle": 0.18256257715689223,
            "brake": 0.0,
            "steer": 0.0
        },
        {
            "throttle": 0.164306319441203,
            "brake": 0.0,
            "steer": 0.0
        },
        {
            "throttle": 0.14787568749708271,
            "brake": 0.0,
            "steer": 0.0
        },
        {
            "throttle": 0.13308811874737445,
            "brake": 0.0,
            "steer": 0.0
        },
        {
            "throttle": 0.119779306872637,
            "brake": 0.0,
            "steer": 0.0
        },
        {
            "throttle": 0.1078013761853733,
            "brake": 0.0,
            "steer": 0.0
        },
        {
            "throttle": 0.09702123856683598,
            "brake": 0.0,
            "steer": 0.0
        },
        {
            "throttle": 0.09004563701045759,
            "brake": 0.0,
            "steer": 0.0
        },
        {
            "throttle": 0.08876899184759464,
            "brake": 0.0,
            "steer": 0.0
        },
        {
            "throttle": 0.09304963835466651,
            "brake": 0.0,
            "steer": 0.0
        },
        {
            "throttle": 0.10260088700706788,
            "brake": 0.0,
            "steer": 0.0
        },
        {
            "throttle": 0.11699763798426875,
            "brake": 0.0,
            "steer": 0.0
        },
        {
            "throttle": 0.1356872328219605,
            "brake": 0.0,
            "steer": 0.0
        },
        {
            "throttle": 0.1580042071421196,
            "brake": 0.0,
            "steer": 0.0
        },
        {
            "throttle": 0.18318849580708085,
            "brake": 0.0,
            "steer": 0.0
        },
        {
            "throttle": 0.21040654223391936,
            "brake": 0.0,
            "steer": 0.0
        },
        {
            "throttle": 0.2387746799090147,
            "brake": 0.0,
            "steer": 0.0
        },
        {
            "throttle": 0.26738408882961984,
            "brake": 0.0,
            "steer": 0.0
        },
        {
            "throttle": 0.2953265845990008,
            "brake": 0.0,
            "steer": 0.0
        },
        {
            "throttle": 0.3217204745466751,
            "brake": 0.0,
            "steer": 0.0
        },
        {
            "throttle": 0.34573571423195026,
            "brake": 0.0,
            "steer": 0.0
        },
        {
            "throttle": 0.36661761905763457,
            "brake": 0.0,
            "steer": 0.0
        },
        {
            "throttle": 0.38370842885446965,
            "brake": 0.0,
            "steer": 0.0
        },
        {
            "throttle": 0.39646608693945007,
            "brake": 0.0,
            "steer": 0.0
        },
        {
            "throttle": 0.4044796774445172,
            "brake": 0.0,
            "steer": 0.0
        },
        {
            "throttle": 0.4074810632503249,
            "brake": 0.0,
            "steer": 0.0
        },
        {
            "throttle": 0.40535237876007624,
            "brake": 0.0,
            "steer": 0.0
        },
        {
            "throttle": 0.39812915373563407,
            "brake": 0.0,
            "steer": 0.0
        },
        {
            "throttle": 0.3859989729207337,
            "brake": 0.0,
            "steer": 0.0
        },
        {
            "throttle": 0.3692957074311534,
            "brake": 0.0,
            "steer": 0.0
        },
        {
            "throttle": 0.34848948405495556,
            "brake": 0.0,
            "steer": 0.0
        },
        {
            "throttle": 0.3241726838648341,
            "brake": 0.0,
            "steer": 0.0
        },
        {
            "throttle": 0.2917554154783507,
            "brake": 0.05869558605387846,
            "steer": 0.0
        },
        {
            "throttle": 0.26257987393051563,
            "brake": 0.11152161350236907,
            "steer": 0.0
        },
        {
            "throttle": 0.23632188653746408,
            "brake": 0.15906503820601062,
            "steer": 0.0
        },
        {
            "throttle": 0.21268969788371767,
            "brake": 0.20185412043928802,
            "steer": 0.0
        },
        {
            "throttle": 0.1914207280953459,
            "brake": 0.24036429444923768,
            "steer": 0.0
        },
        {
            "throttle": 0.17227865528581132,
            "brake": 0.27502345105819237,
            "steer": 0.0
        },
        {
            "throttle": 0.1550507897572302,
            "brake": 0.3062166920062516,
            "steer": 0.0
        },
        {
            "throttle": 0.13954571078150718,
            "brake": 0.33429060885950496,
            "steer": 0.0
        },
        {
            "throttle": 0.12559113970335647,
            "brake": 0.35955713402743295,
            "steer": 0.0
        },
        {
            "throttle": 0.11303202573302083,
            "brake": 0.32360142062468966,
            "steer": 0.0
        },
        {
            "throttle": 0.10172882315971875,
            "brake": 0.2912412785622207,
            "steer": 0.0
        },
        {
            "throttle": 0.09155594084374688,
            "brake": 0.26211715070599867,
            "steer": 0.0
        },
        {
            "throttle": 0.0868194535442604,
            "brake": 0.2359054356353988,
            "steer": 0.0
        },
        {
            "throttle": 0.08772533668689905,
            "brake": 0.21231489207185894,
            "steer": 0.0
        },
        {
            "throttle": 0.09408305343119382,
            "brake": 0.19108340286467304,
            "steer": 0.0
        },
        {
            "throttle": 0.10555862231698074,
            "brake": 0.17197506257820575,
            "steer": 0.0
        },
        {
            "throttle": 0.12168276949650803,
            "brake": 0.15477755632038517,
            "steer": 0.0
        },
        {
            "throttle": 0.1418632115821705,
            "brake": 0.13929980068834666,
            "steer": 0.0
        },
        {
            "throttle": 0.165400692591255,
            "brake": 0.125369820619512,
            "steer": 0.0
        },
        {
            "throttle": 0.19150829004245815,
            "brake": 0.1128328385575608,
            "steer": 0.0
        },
        {
            "throttle": 0.21933341088645308,
            "brake": 0.10154955470180471,
            "steer": 0.0
        },
        {
            "throttle": 0.2479818204177322,
            "brake": 0.09139459923162424,
            "steer": 0.0
        },
        {
            "throttle": 0.27654298890536,
            "brake": 0.08225513930846182,
            "steer": 0.0
        },
        {
            "throttle": 0.3041160031219132,
            "brake": 0.07402962537761563,
            "steer": 0.0
        },
        {
            "throttle": 0.3298352743559011,
            "brake": 0.06662666283985408,
            "steer": 0.0
        },
        {
            "throttle": 0.35289528133130427,
            "brake": 0.05996399655586867,
            "steer": 0.0
        },
        {
            "throttle": 0.3725736155377326,
            "brake": 0.0539675969002818,
            "steer": 0.0
        },
        {
            "throttle": 0.3882516469522046,
            "brake": 0.04857083721025362,
            "steer": 0.0
        },
        {
            "throttle": 0.3994321985365851,
            "brake": 0.043713753489228256,
            "steer": 0.0
        },
        {
            "throttle": 0.4057537061661993,
            "brake": 0.03934237814030543,
            "steer": 0.0
        },
        {
            "throttle": 0.40700044420338066,
            "brake": 0.03540814032627489,
            "steer": 0.0
        },
        {
            "throttle": 0.40310851274421794,
            "brake": 0.0318673262936474,
            "steer": 0.0
        }
    ],
    "parameters": {
        "cloudiness": 76.87261296723985,
        "fog_density": 16.84703679488802,
        "initial_distance": 47.02396621476994,
        "initial_ego_velocity": 13.182914957773388,
        "initial_lead_velocity": 12.91412506513603,
        "lead_base_throttle": 0.22333833541534523,
        "lead_behavior_frequency": 0.2728517431811329,
        "lead_brake_duration": 9.172308960731304,
        "lead_brake_intensity": 0.5869558605387846,
        "lead_brake_probability": 0.009667374520097515,
        "lead_throttle_variation": 0.33881595094465666,
        "precipitation": 32.76237714842647,
        "precipitation_deposits": 99.41793832384509,
        "sun_altitude_angle": 36.94728570516058,
        "wind_intensity": 15.585635496617844
    },
    "config": {
        "num_timesteps": 200,
        "dt": 0.1,
        "seed": 102
    }
}