{
    "weather": {
        "cloudiness": 36.00354523165393,
        "precipitation": 82.33609662059425,
        "precipitation_deposits": 75.09511340375556,
        "wind_intensity": 26.730891267713393,
        "sun_altitude_angle": -25.30100572193144,
        "fog_density": 12.672679750848674,
        "fog_distance": 655.4569464806349,
        "wetness": 41.168048310297124
    },
    "initial_conditions": {
        "ego": {
            "position": {
                "x": 522.7780396652786,
                "y": 20.57,
                "z": 0.294
            },
            "yaw": 0.0,
            "velocity": 18.908945835816045
        },
        "lead": {
            "position": {
                "x": 484.88,
                "y": 20.57,
                "z": 0.294
            },
            "yaw": 0.0,
            "velocity": 14.7105933502434
        }
    },
    "ego": {
        "position": {
            "x": 522.7780396652786,
            "y": 20.57,
            "z": 0.294
        },
        "yaw": 0.0,
        "velocity": 18.908945835816045
    },
    "lead": {
        "position": {
            "x": 484.88,
            "y": 20.57,
            "z": 0.294
        },
        "yaw": 0.0,
        "velocity": 14.7105933502434
    },
    "ado_actions": [
        {
            "throttle": 0.5911736854849419,
            "brake": 0.0,
            "steer": 0.0
        },
        {
            "throttle": 0.5929637637980658,
            "brake": 0.0,
            "steer": 0.0
        },
        {
            "throttle": 0.5963527675190612,
            "brake": 0.0,
            "steer": 0.0
        },
        {
            "throttle": 0.6011565963594661,
            "brake": 0.0,
            "steer": 0.0
        },
        {
            "throttle": 0.6071976616272841,
            "brake": 0.0,
            "steer": 0.0
        },
        {
            "throttle": 0.6143044800355176,
            "brake": 0.0,
            "steer": 0.0
        },
        {
            "throttle": 0.6223113871946483,
            "brake": 0.0,
            "steer": 0.0
        },
        {
            "throttle": 0.6310583566222162,
            "brake": 0.0,
            "steer": 0.0
        },
        {
            "throttle": 0.6403909109978211,
            "brake": 0.0,
            "steer": 0.0
        },
        {
            "throttle": 0.6501601132159806,
            "brake": 0.0,
            "steer": 0.0
        },
        {
            "throttle": 0.6602226255528445,
            "brake": 0.0,
            "steer": 0.0
        },
        {
            "throttle": 0.6704408259751056,
            "brake": 0.0,
            "steer": 0.0
        },
        {
            "throttle": 0.6806829712887794,
            "brake": 0.0,
            "steer": 0.0
        },
        {
            "throttle": 0.6908233974590574,
            "brake": 0.0,
            "steer": 0.0
        },
        {
            "throttle": 0.7007427480364283,
            "brake": 0.0,
            "steer": 0.0
        },
        {
            "throttle": 0.7103282222041449,
            "brake": 0.0,
            "steer": 0.0
        },
        {
            "throttle": 0.7194738345225019,
            "brake": 0.0,
            "steer": 0.0
        },
        {
            "throttle": 0.7280806789901915,
            "brake": 0.0,
            "steer": 0.0
        },
        {
            "throttle": 0.7360571905754605,
            "brake": 0.0,
            "steer": 0.0
        },
        {
            "throttle": 0.743319397892531,
            "brake": 0.0,
            "steer": 0.0
        },
        {
            "throttle": 0.7497911612138328,
            "brake": 0.0,
            "steer": 0.0
        },
        {
            "throttle": 0.7554043905176074,
            "brake": 0.0,
            "steer": 0.0
        },
        {
            "throttle": 0.7600992387744492,
            "brake": 0.0,
            "steer": 0.0
        },
        {
            "throttle": 0.7638242661760556,
            "brake": 0.0,
            "steer": 0.0
        },
        {
            "throttle": 0.7665365715051397,
            "brake": 0.0,
            "steer": 0.0
        },
        {
            "throttle": 0.768201887337072,
            "brake": 0.0,
            "steer": 0.0
        },
        {
            "throttle": 0.768794636251026,
            "brake": 0.0,
            "steer": 0.0
        },
        {
            "throttle": 0.7682979457105656,
            "brake": 0.0,
            "steer": 0.0
        },
        {
            "throttle": 0.7667036197499004,
            "brake": 0.0,
            "steer": 0.0
        },
        {
            "throttle": 0.7640120660713698,
            "brake": 0.0,
            "steer": 0.0
        },
        {
            "throttle": 0.760232177620896,
            "brake": 0.0,
            "steer": 0.0
        },
        {
            "throttle": 0.7553811681597803,
            "brake": 0.0,
            "steer": 0.0
        },
        {
            "throttle": 0.7494843617918483,
            "brake": 0.0,
            "steer": 0.0
        },
        {
            "throttle": 0.7425749368330068,
            "brake": 0.0,
            "steer": 0.0
        },
        {
            "throttle": 0.7346936248241351,
            "brake": 0.0,
            "steer": 0.0
        },
        {
            "throttle": 0.7258883658862578,
            "brake": 0.0,
            "steer": 0.0
        },
        {
            "throttle": 0.716213921997461,
            "brake": 0.0,
            "steer": 0.0
        },
        {
            "throttle": 0.644592529797715,
            "brake": 0.07611769758335457,
            "steer": 0.0
        },
        {
            "throttle": 0.5801332768179435,
            "brake": 0.1446236254083737,
            "steer": 0.0
        },
        {
            "throttle": 0.5221199491361491,
            "brake": 0.20627896045089092,
            "steer": 0.0
        },
        {
            "throttle": 0.46990795422253423,
            "brake": 0.26176876198915644,
            "steer": 0.0
        },
        {
            "throttle": 0.4229171588002808,
            "brake": 0.31170958337359533,
            "steer": 0.0
        },
        {
            "throttle": 0.38062544292025274,
            "brake": 0.3566563226195904,
            "steer": 0.0
        },
        {
            "throttle": 0.3425628986282275,
            "brake": 0.39710838794098596,
            "steer": 0.0
        },
        {
            "throttle": 0.3083066087654047,
            "brake": 0.43351524673024194,
            "steer": 0.0
        },
        {
            "throttle": 0.27747594788886426,
            "brake": 0.46628141964057235,
            "steer": 0.0
        },
        {
            "throttle": 0.2957091485943124,
            "brake": 0.4196532776765151,
            "steer": 0.0
        },
        {
            "throttle": 0.31073686915462473,
            "brake": 0.3776879499088636,
            "steer": 0.0
        },
        {
            "throttle": 0.32297816226205595,
            "brake": 0.33991915491797725,
            "steer": 0.0
        },
        {
            "throttle": 0.33281888450592945,
            "brake": 0.30592723942617955,
            "steer": 0.0
        },
        {
            "throttle": 0.3406142885733785,
            "brake": 0.2753345154835616,
            "steer": 0.0
        },
        {
            "throttle": 0.3065528597160407,
            "brake": 0.32391876151856,
            "steer": 0.0
        },
        {
            "throttle": 0.27589757374443663,
            "brake": 0.3676445829500586,
            "steer": 0.0
        },
        {
            "throttle": 0.24830781636999297,
            "brake": 0.4069978222384073,
            "steer": 0.0
        },
        {
            "throttle": 0.22347703473299368,
            "brake": 0.44241573759792113,
            "steer": 0.0
        },
        {
            "throttle": 0.20112933125969432,
            "brake": 0.4742918614214836,
            "steer": 0.0
        },
        {
            "throttle": 0.1810163981337249,
            "brake": 0.5029803728626898,
            "steer": 0.0
        },
        {
            "throttle": 0.1629147583203524,
            "brake": 0.5288000331597754,
            "steer": 0.0
        },
        {
            "throttle": 0.14662328248831716,
            "brake": 0.5520377274271524,
            "steer": 0.0
        },
        {
            "throttle": 0.13196095423948545,
            "brake": 0.5729516522677918,
            "steer": 0.0
        },
        {
            "throttle": 0.15670986600337938,
            "brake": 0.5156564870410126,
            "steer": 0.0
        },
        {
            "throttle": 0.17946581597966804,
            "brake": 0.4640908383369114,
            "steer": 0.0
        },
        {
            "throttle": 0.20056847790730542,
            "brake": 0.41768175450322026,
            "steer": 0.0
        },
        {
            "throttle": 0.22031933600986425,
            "brake": 0.37591357905289824,
            "steer": 0.0
        },
        {
            "throttle": 0.23898458017875884,
            "brake": 0.3383222211476084,
            "steer": 0.0
        },
        {
            "throttle": 0.2567977465513975,
            "brake": 0.30448999903284757,
            "steer": 0.0
        },
        {
            "throttle": 0.2739621349753515,
            "brake": 0.2740409991295628,
            "steer": 0.0
        },
        {
            "throttle": 0.29065303142272936,
            "brake": 0.24663689921660653,
            "steer": 0.0
        },
        {
            "throttle": 0.30701976029570427,
            "brake": 0.22197320929494588,
            "steer": 0.0
        },
        {
            "throttle": 0.3231875887163476,
            "brake": 0.1997758883654513,
            "steer": 0.0
        },
        {
            "throttle": 0.3392595022964215,
            "brake": 0.17979829952890616,
            "steer": 0.0
        },
        {
            "throttle": 0.35531786951318683,
            "brake": 0.16181846957601556,
            "steer": 0.0
        },
        {
            "throttle": 0.3714260096556494,
            "brake": 0.145636622618414,
            "steer": 0.0
        },
        {
            "throttle": 0.38762967733424336,
            "brake": 0.13107296035657262,
            "steer": 0.0
        },
        {
            "throttle": 0.40395847474994057,
            "brake": 0.11796566432091536,
            "steer": 0.0
        },
        {
            "throttle": 0.4204272012821163,
            "brake": 0.10616909788882382,
            "steer": 0.0
        },
        {
            "throttle": 0.437037148465661,
            "brake": 0.09555218809994144,
            "steer": 0.0
        },
        {
            "throttle": 0.4537773470756453,
            "brake": 0.0859969692899473,
            "steer": 0.0
        },
        {
            "throttle": 0.47062577181235116,
            "brake": 0.07739727236095256,
            "steer": 0.0
        },
        {
            "throttle": 0.4875505079717621,
            "brake": 0.0696575451248573,
            "steer": 0.0
        },
        {
            "throttle": 0.5045108834886763,
            "brake": 0.06269179061237158,
            "steer": 0.0
        },
        {
            "throttle": 0.5214585688442754,
            "brake": 0.05642261155113443,
            "steer": 0.0
        },
        {
            "throttle": 0.5383386465307775,
            "brake": 0.05078035039602099,
            "steer": 0.0
        },
        {
            "throttle": 0.5550906510568324,
            "brake": 0.04570231535641889,
            "steer": 0.0
        },
        {
            "throttle": 0.5716495798532301,
            "brake": 0.041132083820777,
            "steer": 0.0
        },
        {
            "throttle": 0.5879468748943547,
            "brake": 0.037018875438699306,
            "steer": 0.0
        },
        {
            "throttle": 0.6039113743820973,
            "brake": 0.03331698789482938,
            "steer": 0.0
        },
        {
            "throttle": 0.6194702334413834,
            "brake": 0.029985289105346438,
            "steer": 0.0
        },
        {
            "throttle": 0.6345498124461193,
            "brake": 0.026986760194811794,
            "steer": 0.0
        },
        {
            "throttle": 0.6490765313274361,
            "brake": 0.024288084175330616,
            "steer": 0.0
        },
        {
            "throttle": 0.6629776880090211,
            "brake": 0.021859275757797555,
            "steer": 0.0
        },
        {
            "throttle": 0.676182238963614,
            "brake": 0.0196733481820178,
            "steer": 0.0
        },
        {
            "throttle": 0.6886215397870535,
            "brake": 0.017706013363816022,
            "steer": 0.0
        },
        {
            "throttle": 0.7002300436383055,
            "brake": 0.01593541202743442,
            "steer": 0.0
        },
        {
            "throttle": 0.7109459553924723,
            "brake": 0.014341870824690977,
            "steer": 0.0
        },
        {
            "throttle": 0.7207118393956877,
            "brake": 0.012907683742221879,
            "steer": 0.0
        },
        {
            "throttle": 0.7294751787928865,
            "brake": 0.011616915367999692,
            "steer": 0.0
        },
        {
            "throttle": 0.737188884518558,
            "brake": 0.010455223831199723,
            "steer": 0.0
        },
        {
            "throttle": 0.7438117521936185,
            "brake": 0.009409701448079752,
            "steer": 0.0
        },
        {
            "throttle": 0.7493088653553284,
            "brake": 0.008468731303271776,
            "steer": 0.0
        },
        {
            "throttle": 0.7536519436586124,
            "brake": 0.007621858172944598,
            "steer": 0.0
        },
        {
            "throttle": 0.7568196349230766,
            "brake": 0.0068596723556501385,
            "steer": 0.0
        },
        {
            "throttle": 0.7587977501573304,
            "brake": 0.006173705120085125,
            "steer": 0.0
        },
        {
            "throttle": 0.7595794409678014,
            "brake": 0.005556334608076612,
            "steer": 0.0
        },
        {
            "throttle": 0.7591653190499511,
            "brake": 0.005000701147268951,
            "steer": 0.0
        },
        {
            "throttle": 0.7575635177625997,
            "brake": 0.0045006310325420565,
            "steer": 0.0
        },
        {
            "throttle": 0.7547896960978697,
            "brake": 0.004050567929287851,
            "steer": 0.0
        },
        {
            "throttle": 0.7508669856770597,
            "brake": 0.003645511136359066,
            "steer": 0.0
        },
        {
            "throttle": 0.7458258817235811,
            "brake": 0.0032809600227231596,
            "steer": 0.0
        },
        {
            "throttle": 0.7397040792850416,
            "brake": 0.0029528640204508436,
            "steer": 0.0
        },
        {
            "throttle": 0.7325462562947791,
            "brake": 0.0026575776184057593,
            "steer": 0.0
        },
        {
            "throttle": 0.7244038053759242,
            "brake": 0.0023918198565651833,
            "steer": 0.0
        },
        {
            "throttle": 0.7153345165957006,
            "brake": 0.002152637870908665,
            "steer": 0.0
        },
        {
            "throttle": 0.7054022136716582,
            "brake": 0.0019373740838177984,
            "steer": 0.0
        },
        {
            "throttle": 0.6946763464124133,
            "brake": 0.0017436366754360185,
            "steer": 0.0
        },
        {
            "throttle": 0.6832315424409684,
            "brake": 0.0015692730078924167,
            "steer": 0.0
        },
        {
            "throttle": 0.6711471214966488,
            "brake": 0.001412345707103175,
            "steer": 0.0
        },
        {
            "throttle": 0.6585065758401178,
            "brake": 0.0012711111363928576,
            "steer": 0.0
        },
        {
            "throttle": 0.6453970204929981,
            "brake": 0.0011440000227535719,
            "steer": 0.0
        },
        {
            "throttle": 0.6319086172276598,
            "brake": 0.0010296000204782147,
            "steer": 0.0
        },
        {
            "throttle": 0.6181339763822757,
            "brake": 0.0009266400184303932,
            "steer": 0.0
        },
        {
            "throttle": 0.6041675407099784,
            "brake": 0.0008339760165873539,
            "steer": 0.0
        },
        {
            "throttle": 0.5901049555778155,
            "brake": 0.0007505784149286186,
            "steer": 0.0
        },
        {
            "throttle": 0.5760424299102803,
            "brake": 0.0006755205734357568,
            "steer": 0.0
        },
        {
            "throttle": 0.562076092322806,
            "brake": 0.0006079685160921811,
            "steer": 0.0
        },
        {
            "throttle": 0.5483013469122898,
            "brake": 0.0005471716644829631,
            "steer": 0.0
        },
        {
            "throttle": 0.5348122331641738,
            "brake": 0.0004924544980346668,
            "steer": 0.0
        },
        {
            "throttle": 0.5217007943988,
            "brake": 0.00044320904823120014,
            "steer": 0.0
        },
        {
            "throttle": 0.509056459113834,
            "brake": 0.00039888814340808014,
            "steer": 0.0
        },
        {
            "throttle": 0.49696543948486016,
            "brake": 0.0003589993290672721,
            "steer": 0.0
        },
        {
            "throttle": 0.48551015116337104,
            "brake": 0.0003230993961605449,
            "steer": 0.0
        },
        {
            "throttle": 0.47476865836104903,
            "brake": 0.00029078945654449043,
            "steer": 0.0
        },
        {
            "throttle": 0.46481414803244003,
            "brake": 0.0002617105108900414,
            "steer": 0.0
        },
        {
            "throttle": 0.4557144367659752,
            "brake": 0.00023553945980103725,
            "steer": 0.0
        },
        {
            "throttle": 0.4475315137671375,
            "brake": 0.00021198551382093354,
            "steer": 0.0
        },
        {
            "throttle": 0.44032112306887333,
            "brake": 0.00019078696243884018,
            "steer": 0.0
        },
        {
            "throttle": 0.43413238783476693,
            "brake": 0.00017170826619495618,
            "steer": 0.0
        },
        {
            "throttle": 0.42900747933181443,
            "brake": 0.00015453743957546056,
            "steer": 0.0
        },
        {
            "throttle": 0.42498133284378076,
            "brake": 0.0001390836956179145,
            "steer": 0.0
        },
        {
            "throttle": 0.4220814124751374,
            "brake": 0.00012517532605612307,
            "steer": 0.0
        },
        {
            "throttle": 0.42032752646161886,
            "brake": 0.00011265779345051077,
            "steer": 0.0
        },
        {
            "throttle": 0.41973169425873125,
            "brake": 0.00010139201410545969,
            "steer": 0.0
        },
        {
            "throttle": 0.42029806632642597,
            "brake": 9.125281269491373e-05,
            "steer": 0.0
        },
        {
            "throttle": 0.42202289716897745,
            "brake": 8.212753142542235e-05,
            "steer": 0.0
        },
        {
            "throttle": 0.42489457182630724,
            "brake": 7.391477828288012e-05,
            "steer": 0.0
        },
        {
            "throttle": 0.4288936856490124,
            "brake": 6.65233004545921e-05,
            "steer": 0.0
        },
        {
            "throttle": 0.4339931768266466,
            "brake": 5.987097040913289e-05,
            "steer": 0.0
        },
        {
            "throttle": 0.4401585107798084,
            "brake": 5.38838733682196e-05,
            "steer": 0.0
        },
        {
            "throttle": 0.4473479151737426,
            "brake": 4.849548603139764e-05,
            "steer": 0.0
        },
        {
            "throttle": 0.4555126639668362,
            "brake": 4.3645937428257876e-05,
            "steer": 0.0
        },
        {
            "throttle": 0.4645974085739172,
            "brake": 3.928134368543209e-05,
            "steer": 0.0
        },
        {
            "throttle": 0.474540553903901,
            "brake": 3.535320931688888e-05,
            "steer": 0.0
        },
        {
            "throttle": 0.48527467672623165,
            "brake": 3.1817888385199996e-05,
            "steer": 0.0
        },
        {
            "throttle": 0.49672698353280725,
            "brake": 2.8636099546679996e-05,
            "steer": 0.0
        },
        {
            "throttle": 0.5088198047935976,
            "brake": 2.5772489592012e-05,
            "steer": 0.0
        },
        {
            "throttle": 0.4579378243142378,
            "brake": 0.07614089282398738,
            "steer": 0.0
        },
        {
            "throttle": 0.412144041882814,
            "brake": 0.1446445011249432,
            "steer": 0.0
        },
        {
            "throttle": 0.37092963769453263,
            "brake": 0.20629774859580347,
            "steer": 0.0
        },
        {
            "throttle": 0.3338366739250794,
            "brake": 0.2617856713195777,
            "steer": 0.0
        },
        {
            "throttle": 0.30045300653257145,
            "brake": 0.3117248017709745,
            "steer": 0.0
        },
        {
            "throttle": 0.27040770587931434,
            "brake": 0.3566700191772316,
            "steer": 0.0
        },
        {
            "throttle": 0.24336693529138292,
            "brake": 0.39712071484286304,
            "steer": 0.0
        },
        {
            "throttle": 0.21903024176224464,
            "brake": 0.4335263409419313,
            "steer": 0.0
        },
        {
            "throttle": 0.19712721758602017,
            "brake": 0.4662914044310928,
            "steer": 0.0
        },
        {
            "throttle": 0.2541732969875515,
            "brake": 0.4196622639879835,
            "steer": 0.0
        },
        {
            "throttle": 0.30650203260966813,
            "brake": 0.3776960375891852,
            "steer": 0.0
        },
        {
            "throttle": 0.35445876944385285,
            "brake": 0.33992643383026666,
            "steer": 0.0
        },
        {
            "throttle": 0.3983484772392111,
            "brake": 0.30593379044724,
            "steer": 0.0
        },
        {
            "throttle": 0.4384406851632699,
            "brake": 0.275340411402516,
            "steer": 0.0
        },
        {
            "throttle": 0.47497395653739083,
            "brake": 0.24780637026226443,
            "steer": 0.0
        },
        {
            "throttle": 0.5081599433250059,
            "brake": 0.223025733236038,
            "steer": 0.0
        },
        {
            "throttle": 0.5381870558983433,
            "brake": 0.2007231599124342,
            "steer": 0.0
        },
        {
            "throttle": 0.5652237799161148,
            "brake": 0.18065084392119077,
            "steer": 0.0
        },
        {
            "throttle": 0.5894216688658112,
            "brake": 0.1625857595290717,
            "steer": 0.0
        },
        {
            "throttle": 0.6109180379190009,
            "brake": 0.14632718357616453,
            "steer": 0.0
        },
        {
            "throttle": 0.6298383821793435,
            "brake": 0.13169446521854808,
            "steer": 0.0
        },
        {
            "throttle": 0.6462985401372662,
            "brake": 0.11852501869669327,
            "steer": 0.0
        },
        {
            "throttle": 0.6604066211518477,
            "brake": 0.10667251682702394,
            "steer": 0.0
        },
        {
            "throttle": 0.6722647140315625,
            "brake": 0.09600526514432155,
            "steer": 0.0
        },
        {
            "throttle": 0.6819703922558116,
            "brake": 0.0864047386298894,
            "steer": 0.0
        },
        {
            "throttle": 0.6896180300454825,
            "brake": 0.07776426476690046,
            "steer": 0.0
        },
        {
            "throttle": 0.6952999423320436,
            "brake": 0.06998783829021042,
            "steer": 0.0
        },
        {
            "throttle": 0.6991073606716011,
            "brake": 0.06298905446118938,
            "steer": 0.0
        },
        {
            "throttle": 0.7011312562853359,
            "brake": 0.05669014901507045,
            "steer": 0.0
        },
        {
            "throttle": 0.7014630206646669,
            "brake": 0.051021134113563404,
            "steer": 0.0
        },
        {
            "throttle": 0.7001950135436191,
            "brake": 0.04591902070220707,
            "steer": 0.0
        },
        {
            "throttle": 0.6974209874987324,
            "brake": 0.04132711863198636,
            "steer": 0.0
        },
        {
            "throttle": 0.6932363979760692,
            "brake": 0.03719440676878773,
            "steer": 0.0
        },
        {
            "throttle": 0.687738607154189,
            "brake": 0.033474966091908955,
            "steer": 0.0
        },
        {
            "throttle": 0.6810269897210095,
            "brake": 0.03012746948271806,
            "steer": 0.0
        },
        {
            "throttle": 0.6732029483618552,
            "brake": 0.027114722534446255,
            "steer": 0.0
        },
        {
            "throttle": 0.6643698465170734,
            "brake": 0.02440325028100163,
            "steer": 0.0
        },
        {
            "throttle": 0.6546328657625486,
            "brake": 0.02196292525290147,
            "steer": 0.0
        },
        {
            "throttle": 0.6440987949881474,
            "brake": 0.01976663272761132,
            "steer": 0.0
        },
        {
            "throttle": 0.6328757583911075,
            "brake": 0.017789969454850188,
            "steer": 0.0
        },
        {
            "throttle": 0.6210728891578432,
            "brake": 0.01601097250936517,
            "steer": 0.0
        },
        {
            "throttle": 0.6087999555733213,
            "brake": 0.014409875258428653,
            "steer": 0.0
        },
        {
            "throttle": 0.5961669461674084,
            "brake": 0.012968887732585787,
            "steer": 0.0
        },
        {
            "throttle": 0.583283620378239,
            "brake": 0.011671998959327209,
            "steer": 0.0
        },
        {
            "throttle": 0.5702590310800715,
            "brake": 0.010504799063394488,
            "steer": 0.0
        }
    ],
    "parameters": {
        "cloudiness": 36.00354523165393,
        "fog_density": 12.672679750848674,
        "initial_distance": 37.8980396652786,
        "initial_ego_velocity": 18.908945835816045,
        "initial_lead_velocity": 14.7105933502434,
        "lead_base_throttle": 0.5911736854849419,
        "lead_behavior_frequency": 0.13113150529701445,
        "lead_brake_duration": 9.39614810164484,
        "lead_brake_intensity": 0.7611769758335457,
        "lead_brake_probability": 0.15055220819240567,
        "lead_throttle_variation": 0.21750868129240175,
        "precipitation": 82.33609662059425,
        "precipitation_deposits": 75.09511340375556,
        "sun_altitude_angle": -25.30100572193144,
        "wind_intensity": 26.730891267713393
    },
    "config": {
        "num_timesteps": 200,
        "dt": 0.1,
        "seed": 174
    }
}