{
    "weather": {
        "cloudiness": 48.35921276320163,
        "precipitation": 58.818742072762895,
        "precipitation_deposits": 86.70823845696496,
        "wind_intensity": 28.407802552060176,
        "sun_altitude_angle": -9.265947826978994,
        "fog_density": 69.0979905071895,
        "fog_distance": 99.93189747574255,
        "wetness": 29.409371036381447
    },
    "initial_conditions": {
        "ego": {
            "position": {
                "x": 528.1853247962181,
                "y": 20.57,
                "z": 0.294
            },
            "yaw": 0.0,
            "velocity": 17.12385507539976
        },
        "lead": {
            "position": {
                "x": 484.88,
                "y": 20.57,
                "z": 0.294
            },
            "yaw": 0.0,
            "velocity": 22.973814109124163
        }
    },
    "ego": {
        "position": {
            "x": 528.1853247962181,
            "y": 20.57,
            "z": 0.294
        },
        "yaw": 0.0,
        "velocity": 17.12385507539976
    },
    "lead": {
        "position": {
            "x": 484.88,
            "y": 20.57,
            "z": 0.294
        },
        "yaw": 0.0,
        "velocity": 22.973814109124163
    },
    "ado_actions": [
        {
            "throttle": 0.21279104264293766,
            "brake": 0.0,
            "steer": 0.0
        },
        {
            "throttle": 0.21360951034839998,
            "brake": 0.0,
            "steer": 0.0
        },
        {
            "throttle": 0.21513927748919806,
            "brake": 0.0,
            "steer": 0.0
        },
        {
            "throttle": 0.21725935451132442,
            "brake": 0.0,
            "steer": 0.0
        },
        {
            "throttle": 0.21983785524641666,
            "brake": 0.0,
            "steer": 0.0
        },
        {
            "throttle": 0.22273534054412347,
            "brake": 0.0,
            "steer": 0.0
        },
        {
            "throttle": 0.22580846923837403,
            "brake": 0.0,
            "steer": 0.0
        },
        {
            "throttle": 0.22891383612888175,
            "brake": 0.0,
            "steer": 0.0
        },
        {
            "throttle": 0.2319118716100144,
            "brake": 0.0,
            "steer": 0.0
        },
        {
            "throttle": 0.23467067633489458,
            "brake": 0.0,
            "steer": 0.0
        },
        {
            "throttle": 0.2370696669091175,
            "brake": 0.0,
            "steer": 0.0
        },
        {
            "throttle": 0.23900291499177653,
            "brake": 0.0,
            "steer": 0.0
        },
        {
            "throttle": 0.2403820721500535,
            "brake": 0.0,
            "steer": 0.0
        },
        {
            "throttle": 0.24113878606442535,
            "brake": 0.0,
            "steer": 0.0
        },
        {
            "throttle": 0.24122652980944623,
            "brake": 0.0,
            "steer": 0.0
        },
        {
            "throttle": 0.24062178444547289,
            "brake": 0.0,
            "steer": 0.0
        },
        {
            "throttle": 0.23932453548085758,
            "brake": 0.0,
            "steer": 0.0
        },
        {
            "throttle": 0.2373580652767768,
            "brake": 0.0,
            "steer": 0.0
        },
        {
            "throttle": 0.23476804550561675,
            "brake": 0.0,
            "steer": 0.0
        },
        {
            "throttle": 0.23162095565972024,
            "brake": 0.0,
            "steer": 0.0
        },
        {
            "throttle": 0.22800187466578914,
            "brake": 0.0,
            "steer": 0.0
        },
        {
            "throttle": 0.22401171224213692,
            "brake": 0.0,
            "steer": 0.0
        },
        {
            "throttle": 0.2197639641375636,
            "brake": 0.0,
            "steer": 0.0
        },
        {
            "throttle": 0.215381090272291,
            "brake": 0.0,
            "steer": 0.0
        },
        {
            "throttle": 0.21099062660443255,
            "brake": 0.0,
            "steer": 0.0
        },
        {
            "throttle": 0.20672114990623683,
            "brake": 0.0,
            "steer": 0.0
        },
        {
            "throttle": 0.20269821929553725,
            "brake": 0.0,
            "steer": 0.0
        },
        {
            "throttle": 0.19904041918648852,
            "brake": 0.0,
            "steer": 0.0
        },
        {
            "throttle": 0.1958556252755471,
            "brake": 0.0,
            "steer": 0.0
        },
        {
            "throttle": 0.19323760835905837,
            "brake": 0.0,
            "steer": 0.0
        },
        {
            "throttle": 0.19126308039962456,
            "brake": 0.0,
            "steer": 0.0
        },
        {
            "throttle": 0.18998927364155765,
            "brake": 0.0,
            "steer": 0.0
        },
        {
            "throttle": 0.18945212714317283,
            "brake": 0.0,
            "steer": 0.0
        },
        {
            "throttle": 0.18966513635448598,
            "brake": 0.0,
            "steer": 0.0
        },
        {
            "throttle": 0.19061890090338005,
            "brake": 0.0,
            "steer": 0.0
        },
        {
            "throttle": 0.1922813841951823,
            "brake": 0.0,
            "steer": 0.0
        },
        {
            "throttle": 0.19459887644728363,
            "brake": 0.0,
            "steer": 0.0
        },
        {
            "throttle": 0.19749763105247187,
            "brake": 0.0,
            "steer": 0.0
        },
        {
            "throttle": 0.20088612336464276,
            "brake": 0.0,
            "steer": 0.0
        },
        {
            "throttle": 0.20465786177234577,
            "brake": 0.0,
            "steer": 0.0
        },
        {
            "throttle": 0.20869466386440555,
            "brake": 0.0,
            "steer": 0.0
        },
        {
            "throttle": 0.2128702961257499,
            "brake": 0.0,
            "steer": 0.0
        },
        {
            "throttle": 0.21705436437527764,
            "brake": 0.0,
            "steer": 0.0
        },
        {
            "throttle": 0.22111633441865958,
            "brake": 0.0,
            "steer": 0.0
        },
        {
            "throttle": 0.2249295583770115,
            "brake": 0.0,
            "steer": 0.0
        },
        {
            "throttle": 0.22837518199171478,
            "brake": 0.0,
            "steer": 0.0
        },
        {
            "throttle": 0.23134581190142536,
            "brake": 0.0,
            "steer": 0.0
        },
        {
            "throttle": 0.23374882932531565,
            "brake": 0.0,
            "steer": 0.0
        },
        {
            "throttle": 0.23550924753685487,
            "brake": 0.0,
            "steer": 0.0
        },
        {
            "throttle": 0.2365720246363005,
            "brake": 0.0,
            "steer": 0.0
        },
        {
            "throttle": 0.23690375999069066,
            "brake": 0.0,
            "steer": 0.0
        },
        {
            "throttle": 0.2364937217859689,
            "brake": 0.0,
            "steer": 0.0
        },
        {
            "throttle": 0.2353541738368605,
            "brake": 0.0,
            "steer": 0.0
        },
        {
            "throttle": 0.23351999148589558,
            "brake": 0.0,
            "steer": 0.0
        },
        {
            "throttle": 0.23104757842269885,
            "brake": 0.0,
            "steer": 0.0
        },
        {
            "throttle": 0.22801311788778522,
            "brake": 0.0,
            "steer": 0.0
        },
        {
            "throttle": 0.22451021232239365,
            "brake": 0.0,
            "steer": 0.0
        },
        {
            "throttle": 0.22064698445017483,
            "brake": 0.0,
            "steer": 0.0
        },
        {
            "throttle": 0.21654272944239952,
            "brake": 0.0,
            "steer": 0.0
        },
        {
            "throttle": 0.21232422171020993,
            "brake": 0.0,
            "steer": 0.0
        },
        {
            "throttle": 0.2081217905555517,
            "brake": 0.0,
            "steer": 0.0
        },
        {
            "throttle": 0.20406528606617133,
            "brake": 0.0,
            "steer": 0.0
        },
        {
            "throttle": 0.20028006003814883,
            "brake": 0.0,
            "steer": 0.0
        },
        {
            "throttle": 0.19688308624675954,
            "brake": 0.0,
            "steer": 0.0
        },
        {
            "throttle": 0.19397934007736287,
            "brake": 0.0,
            "steer": 0.0
        },
        {
            "throttle": 0.19165854950582933,
            "brake": 0.0,
            "steer": 0.0
        },
        {
            "throttle": 0.1899924179309572,
            "brake": 0.0,
            "steer": 0.0
        },
        {
            "throttle": 0.1890324047647885,
            "brake": 0.0,
            "steer": 0.0
        },
        {
            "throttle": 0.18880813243231886,
            "brake": 0.0,
            "steer": 0.0
        },
        {
            "throttle": 0.18932646905362666,
            "brake": 0.0,
            "steer": 0.0
        },
        {
            "throttle": 0.19057131517846723,
            "brake": 0.0,
            "steer": 0.0
        },
        {
            "throttle": 0.192504101162586,
            "brake": 0.0,
            "steer": 0.0
        },
        {
            "throttle": 0.1950649797902601,
            "brake": 0.0,
            "steer": 0.0
        },
        {
            "throttle": 0.1981746772390483,
            "brake": 0.0,
            "steer": 0.0
        },
        {
            "throttle": 0.20173694511584547,
            "brake": 0.0,
            "steer": 0.0
        },
        {
            "throttle": 0.20564153769821397,
            "brake": 0.0,
            "steer": 0.0
        },
        {
            "throttle": 0.20976762226689588,
            "brake": 0.0,
            "steer": 0.0
        },
        {
            "throttle": 0.2139875170170835,
            "brake": 0.0,
            "steer": 0.0
        },
        {
            "throttle": 0.21817064090195598,
            "brake": 0.0,
            "steer": 0.0
        },
        {
            "throttle": 0.22218755320571187,
            "brake": 0.0,
            "steer": 0.0
        },
        {
            "throttle": 0.22591395786767707,
            "brake": 0.0,
            "steer": 0.0
        },
        {
            "throttle": 0.22923454866992507,
            "brake": 0.0,
            "steer": 0.0
        },
        {
            "throttle": 0.23204657632446404,
            "brake": 0.0,
            "steer": 0.0
        },
        {
            "throttle": 0.23426302710010286,
            "brake": 0.0,
            "steer": 0.0
        },
        {
            "throttle": 0.23581531464741776,
            "brake": 0.0,
            "steer": 0.0
        },
        {
            "throttle": 0.23665540174098884,
            "brake": 0.0,
            "steer": 0.0
        },
        {
            "throttle": 0.23675728629531564,
            "brake": 0.0,
            "steer": 0.0
        },
        {
            "throttle": 0.23611780567890414,
            "brake": 0.0,
            "steer": 0.0
        },
        {
            "throttle": 0.23475673444145723,
            "brake": 0.0,
            "steer": 0.0
        },
        {
            "throttle": 0.23271617242941162,
            "brake": 0.0,
            "steer": 0.0
        },
        {
            "throttle": 0.23005924221893978,
            "brake": 0.0,
            "steer": 0.0
        },
        {
            "throttle": 0.2268681361637735,
            "brake": 0.0,
            "steer": 0.0
        },
        {
            "throttle": 0.22324157347672696,
            "brake": 0.0,
            "steer": 0.0
        },
        {
            "throttle": 0.2192917460160857,
            "brake": 0.0,
            "steer": 0.0
        },
        {
            "throttle": 0.2151408472664032,
            "brake": 0.0,
            "steer": 0.0
        },
        {
            "throttle": 0.21091729189832664,
            "brake": 0.0,
            "steer": 0.0
        },
        {
            "throttle": 0.20675174286491124,
            "brake": 0.0,
            "steer": 0.0
        },
        {
            "throttle": 0.20277306894632235,
            "brake": 0.0,
            "steer": 0.0
        },
        {
            "throttle": 0.1991043578066463,
            "brake": 0.0,
            "steer": 0.0
        },
        {
            "throttle": 0.19585910790916475,
            "brake": 0.0,
            "steer": 0.0
        },
        {
            "throttle": 0.19313771710302632,
            "brake": 0.0,
            "steer": 0.0
        },
        {
            "throttle": 0.19102437651596108,
            "brake": 0.0,
            "steer": 0.0
        },
        {
            "throttle": 0.18958446584848923,
            "brake": 0.0,
            "steer": 0.0
        },
        {
            "throttle": 0.18886253065290431,
            "brake": 0.0,
            "steer": 0.0
        },
        {
            "throttle": 0.1888809041750765,
            "brake": 0.0,
            "steer": 0.0
        },
        {
            "throttle": 0.18963901639586506,
            "brake": 0.0,
            "steer": 0.0
        },
        {
            "throttle": 0.19111341164858428,
            "brake": 0.0,
            "steer": 0.0
        },
        {
            "throttle": 0.19325847426728363,
            "brake": 0.0,
            "steer": 0.0
        },
        {
            "throttle": 0.1960078398157853,
            "brake": 0.0,
            "steer": 0.0
        },
        {
            "throttle": 0.19927644823715457,
            "brake": 0.0,
            "steer": 0.0
        },
        {
            "throttle": 0.20296317540376058,
            "brake": 0.0,
            "steer": 0.0
        },
        {
            "throttle": 0.20695396165372038,
            "brake": 0.0,
            "steer": 0.0
        },
        {
            "throttle": 0.21112534052392282,
            "brake": 0.0,
            "steer": 0.0
        },
        {
            "throttle": 0.21534825850868178,
            "brake": 0.0,
            "steer": 0.0
        },
        {
            "throttle": 0.21949206766941906,
            "brake": 0.0,
            "steer": 0.0
        },
        {
            "throttle": 0.2234285675731748,
            "brake": 0.0,
            "steer": 0.0
        },
        {
            "throttle": 0.2270359715116316,
            "brake": 0.0,
            "steer": 0.0
        },
        {
            "throttle": 0.23020267429493238,
            "brake": 0.0,
            "steer": 0.0
        },
        {
            "throttle": 0.23283070505339604,
            "brake": 0.0,
            "steer": 0.0
        },
        {
            "throttle": 0.2348387582253689,
            "brake": 0.0,
            "steer": 0.0
        },
        {
            "throttle": 0.23616470895940173,
            "brake": 0.0,
            "steer": 0.0
        },
        {
            "throttle": 0.2367675351099767,
            "brake": 0.0,
            "steer": 0.0
        },
        {
            "throttle": 0.23662858636463713,
            "brake": 0.0,
            "steer": 0.0
        },
        {
            "throttle": 0.23575216123862305,
            "brake": 0.0,
            "steer": 0.0
        },
        {
            "throttle": 0.23416537408609925,
            "brake": 0.0,
            "steer": 0.0
        },
        {
            "throttle": 0.23191731624231157,
            "brake": 0.0,
            "steer": 0.0
        },
        {
            "throttle": 0.2290775372489684,
            "brake": 0.0,
            "steer": 0.0
        },
        {
            "throttle": 0.2257338931502012,
            "brake": 0.0,
            "steer": 0.0
        },
        {
            "throttle": 0.22198982842783305,
            "brake": 0.0,
            "steer": 0.0
        },
        {
            "throttle": 0.21796117566657877,
            "brake": 0.0,
            "steer": 0.0
        },
        {
            "throttle": 0.21377257196012256,
            "brake": 0.0,
            "steer": 0.0
        },
        {
            "throttle": 0.20955360292617325,
            "brake": 0.0,
            "steer": 0.0
        },
        {
            "throttle": 0.20543479362574704,
            "brake": 0.0,
            "steer": 0.0
        },
        {
            "throttle": 0.2015435704183589,
            "brake": 0.0,
            "steer": 0.0
        },
        {
            "throttle": 0.1980003186839807,
            "brake": 0.0,
            "steer": 0.0
        },
        {
            "throttle": 0.19491465837672878,
            "brake": 0.0,
            "steer": 0.0
        },
        {
            "throttle": 0.19238205263603536,
            "brake": 0.0,
            "steer": 0.0
        },
        {
            "throttle": 0.19048085437702833,
            "brake": 0.0,
            "steer": 0.0
        },
        {
            "throttle": 0.18926988223178215,
            "brake": 0.0,
            "steer": 0.0
        },
        {
            "throttle": 0.18878660083620893,
            "brake": 0.0,
            "steer": 0.0
        },
        {
            "throttle": 0.18904596176030283,
            "brake": 0.0,
            "steer": 0.0
        },
        {
            "throttle": 0.19003994094067206,
            "brake": 0.0,
            "steer": 0.0
        },
        {
            "throttle": 0.19173778692612248,
            "brake": 0.0,
            "steer": 0.0
        },
        {
            "throttle": 0.19408697225614327,
            "brake": 0.0,
            "steer": 0.0
        },
        {
            "throttle": 0.19701481853883915,
            "brake": 0.0,
            "steer": 0.0
        },
        {
            "throttle": 0.200430744952149,
            "brake": 0.0,
            "steer": 0.0
        },
        {
            "throttle": 0.2042290706049157,
            "brake": 0.0,
            "steer": 0.0
        },
        {
            "throttle": 0.20829228405922848,
            "brake": 0.0,
            "steer": 0.0
        },
        {
            "throttle": 0.21249467886256818,
            "brake": 0.0,
            "steer": 0.0
        },
        {
            "throttle": 0.2167062426147897,
            "brake": 0.0,
            "steer": 0.0
        },
        {
            "throttle": 0.220796679251193,
            "brake": 0.0,
            "steer": 0.0
        },
        {
            "throttle": 0.22463944010153733,
            "brake": 0.0,
            "steer": 0.0
        },
        {
            "throttle": 0.228115639013345,
            "brake": 0.0,
            "steer": 0.0
        },
        {
            "throttle": 0.2311177304146254,
            "brake": 0.0,
            "steer": 0.0
        },
        {
            "throttle": 0.2335528365252557,
            "brake": 0.0,
            "steer": 0.0
        },
        {
            "throttle": 0.235345620780785,
            "brake": 0.0,
            "steer": 0.0
        },
        {
            "throttle": 0.23644061857156812,
            "brake": 0.0,
            "steer": 0.0
        },
        {
            "throttle": 0.23680395318954475,
            "brake": 0.0,
            "steer": 0.0
        },
        {
            "throttle": 0.23642438389523476,
            "brake": 0.0,
            "steer": 0.0
        },
        {
            "throttle": 0.23531365368017748,
            "brake": 0.0,
            "steer": 0.0
        },
        {
            "throttle": 0.23350612596584855,
            "brake": 0.0,
            "steer": 0.0
        },
        {
            "throttle": 0.23105772147874906,
            "brake": 0.0,
            "steer": 0.0
        },
        {
            "throttle": 0.22804418819229497,
            "brake": 0.0,
            "steer": 0.0
        },
        {
            "throttle": 0.2245587578595064,
            "brake": 0.0,
            "steer": 0.0
        },
        {
            "throttle": 0.2207092616379601,
            "brake": 0.0,
            "steer": 0.0
        },
        {
            "throttle": 0.2166147940429032,
            "brake": 0.0,
            "steer": 0.0
        },
        {
            "throttle": 0.21240202843811085,
            "brake": 0.0,
            "steer": 0.0
        },
        {
            "throttle": 0.20820129805468535,
            "brake": 0.0,
            "steer": 0.0
        },
        {
            "throttle": 0.20414256378202036,
            "brake": 0.0,
            "steer": 0.0
        },
        {
            "throttle": 0.20035139347815945,
            "brake": 0.0,
            "steer": 0.0
        },
        {
            "throttle": 0.1969450771903961,
            "brake": 0.0,
            "steer": 0.0
        },
        {
            "throttle": 0.19402899847221303,
            "brake": 0.0,
            "steer": 0.0
        },
        {
            "throttle": 0.19169337405962933,
            "brake": 0.0,
            "steer": 0.0
        },
        {
            "throttle": 0.19001046277383613,
            "brake": 0.0,
            "steer": 0.0
        },
        {
            "throttle": 0.18903233000022315,
            "brake": 0.0,
            "steer": 0.0
        },
        {
            "throttle": 0.18878923690564958,
            "brake": 0.0,
            "steer": 0.0
        },
        {
            "throttle": 0.18928870422785457,
            "brake": 0.0,
            "steer": 0.0
        },
        {
            "throttle": 0.1905152796011998,
            "brake": 0.0,
            "steer": 0.0
        },
        {
            "throttle": 0.1924310156171478,
            "brake": 0.0,
            "steer": 0.0
        },
        {
            "throttle": 0.19497664382938912,
            "brake": 0.0,
            "steer": 0.0
        },
        {
            "throttle": 0.19807340838261306,
            "brake": 0.0,
            "steer": 0.0
        },
        {
            "throttle": 0.20162550253668365,
            "brake": 0.0,
            "steer": 0.0
        },
        {
            "throttle": 0.20552303270579397,
            "brake": 0.0,
            "steer": 0.0
        },
        {
            "throttle": 0.20964541831207548,
            "brake": 0.0,
            "steer": 0.0
        },
        {
            "throttle": 0.2138651222700478,
            "brake": 0.0,
            "steer": 0.0
        },
        {
            "throttle": 0.21805159668934057,
            "brake": 0.0,
            "steer": 0.0
        },
        {
            "throttle": 0.22207532172476147,
            "brake": 0.0,
            "steer": 0.0
        },
        {
            "throttle": 0.22581181262102273,
            "brake": 0.0,
            "steer": 0.0
        },
        {
            "throttle": 0.22914547098342064,
            "brake": 0.0,
            "steer": 0.0
        },
        {
            "throttle": 0.23197316112505256,
            "brake": 0.0,
            "steer": 0.0
        },
        {
            "throttle": 0.2342074008466525,
            "brake": 0.0,
            "steer": 0.0
        },
        {
            "throttle": 0.23577906793368963,
            "brake": 0.0,
            "steer": 0.0
        },
        {
            "throttle": 0.23663953863796372,
            "brake": 0.0,
            "steer": 0.0
        },
        {
            "throttle": 0.23676219198401813,
            "brake": 0.0,
            "steer": 0.0
        },
        {
            "throttle": 0.23614323336060583,
            "brake": 0.0,
            "steer": 0.0
        },
        {
            "throttle": 0.23480181191719185,
            "brake": 0.0,
            "steer": 0.0
        },
        {
            "throttle": 0.23277942813351524,
            "brake": 0.0,
            "steer": 0.0
        },
        {
            "throttle": 0.23013864989063942,
            "brake": 0.0,
            "steer": 0.0
        },
        {
            "throttle": 0.22696117676528624,
            "brake": 0.0,
            "steer": 0.0
        },
        {
            "throttle": 0.2233453124337137,
            "brake": 0.0,
            "steer": 0.0
        }
    ],
    "parameters": {
        "cloudiness": 48.35921276320163,
        "fog_density": 69.0979905071895,
        "initial_distance": 43.30532479621803,
        "initial_ego_velocity": 17.12385507539976,
        "initial_lead_velocity": 22.973814109124163,
        "lead_base_throttle": 0.21279104264293763,
        "lead_behavior_frequency": 0.2803015498907513,
        "lead_brake_duration": 6.195934272386556,
        "lead_brake_intensity": 0.44172106854055915,
        "lead_brake_probability": 0.028740873844629755,
        "lead_throttle_variation": 0.046713633414794356,
        "precipitation": 58.818742072762895,
        "precipitation_deposits": 86.70823845696496,
        "sun_altitude_angle": -9.265947826978994,
        "wind_intensity": 28.407802552060176
    },
    "config": {
        "num_timesteps": 200,
        "dt": 0.1,
        "seed": 234
    }
}