{
    "weather": {
        "cloudiness": 97.86565106661159,
        "precipitation": 0.14874224819868553,
        "precipitation_deposits": 99.43792356185004,
        "wind_intensity": 12.707698183310967,
        "sun_altitude_angle": 54.159060054671755,
        "fog_density": 62.09043811144622,
        "fog_distance": 126.22600726129413,
        "wetness": 0.07437112409934277
    },
    "initial_conditions": {
        "ego": {
            "position": {
                "x": 513.4832983690502,
                "y": 20.57,
                "z": 0.294
            },
            "yaw": 0.0,
            "velocity": 14.083851098478144
        },
        "lead": {
            "position": {
                "x": 484.88,
                "y": 20.57,
                "z": 0.294
            },
            "yaw": 0.0,
            "velocity": 24.39403461812904
        }
    },
    "ego": {
        "position": {
            "x": 513.4832983690502,
            "y": 20.57,
            "z": 0.294
        },
        "yaw": 0.0,
        "velocity": 14.083851098478144
    },
    "lead": {
        "position": {
            "x": 484.88,
            "y": 20.57,
            "z": 0.294
        },
        "yaw": 0.0,
        "velocity": 24.39403461812904
    },
    "ado_actions": [
        {
            "throttle": 0.5733204220200325,
            "brake": 0.0,
            "steer": 0.0
        },
        {
            "throttle": 0.5777178263333829,
            "brake": 0.0,
            "steer": 0.0
        },
        {
            "throttle": 0.586007613457773,
            "brake": 0.0,
            "steer": 0.0
        },
        {
            "throttle": 0.5976709520914577,
            "brake": 0.0,
            "steer": 0.0
        },
        {
            "throttle": 0.6121785059688607,
            "brake": 0.0,
            "steer": 0.0
        },
        {
            "throttle": 0.6289943343866295,
            "brake": 0.0,
            "steer": 0.0
        },
        {
            "throttle": 0.647580286541366,
            "brake": 0.0,
            "steer": 0.0
        },
        {
            "throttle": 0.6674007848668477,
            "brake": 0.0,
            "steer": 0.0
        },
        {
            "throttle": 0.6879278907413795,
            "brake": 0.0,
            "steer": 0.0
        },
        {
            "throttle": 0.6191351016672416,
            "brake": 0.036957611194852094,
            "steer": 0.0
        },
        {
            "throttle": 0.5572215915005174,
            "brake": 0.07021946127021898,
            "steer": 0.0
        },
        {
            "throttle": 0.5014994323504657,
            "brake": 0.10015512633804918,
            "steer": 0.0
        },
        {
            "throttle": 0.4513494891154191,
            "brake": 0.12709722489909636,
            "steer": 0.0
        },
        {
            "throttle": 0.4062145402038772,
            "brake": 0.15134511360403882,
            "steer": 0.0
        },
        {
            "throttle": 0.3655930861834895,
            "brake": 0.17316821343848704,
            "steer": 0.0
        },
        {
            "throttle": 0.3290337775651406,
            "brake": 0.1928090032894904,
            "steer": 0.0
        },
        {
            "throttle": 0.29613039980862654,
            "brake": 0.21048571415539347,
            "steer": 0.0
        },
        {
            "throttle": 0.2665173598277639,
            "brake": 0.2263947539347062,
            "steer": 0.0
        },
        {
            "throttle": 0.23986562384498752,
            "brake": 0.24071288973608768,
            "steer": 0.0
        },
        {
            "throttle": 0.21587906146048877,
            "brake": 0.253599211957331,
            "steer": 0.0
        },
        {
            "throttle": 0.19429115531443988,
            "brake": 0.26519690195644996,
            "steer": 0.0
        },
        {
            "throttle": 0.1748620397829959,
            "brake": 0.27563482295565706,
            "steer": 0.0
        },
        {
            "throttle": 0.1573758358046963,
            "brake": 0.2850289518549434,
            "steer": 0.0
        },
        {
            "throttle": 0.14163825222422669,
            "brake": 0.2934836678643012,
            "steer": 0.0
        },
        {
            "throttle": 0.12747442700180403,
            "brake": 0.30109291227272317,
            "steer": 0.0
        },
        {
            "throttle": 0.11472698430162363,
            "brake": 0.30794123224030295,
            "steer": 0.0
        },
        {
            "throttle": 0.10325428587146127,
            "brake": 0.31410472021112473,
            "steer": 0.0
        },
        {
            "throttle": 0.09292885728431514,
            "brake": 0.31965185938486435,
            "steer": 0.0
        },
        {
            "throttle": 0.08363597155588363,
            "brake": 0.32464428464123,
            "steer": 0.0
        },
        {
            "throttle": 0.07527237440029527,
            "brake": 0.3291374673719591,
            "steer": 0.0
        },
        {
            "throttle": 0.06774513696026575,
            "brake": 0.3331813318296153,
            "steer": 0.0
        },
        {
            "throttle": 0.06097062326423918,
            "brake": 0.33682080984150586,
            "steer": 0.0
        },
        {
            "throttle": 0.08730183136515846,
            "brake": 0.30313872885735527,
            "steer": 0.0
        },
        {
            "throttle": 0.10799662590603473,
            "brake": 0.27282485597161976,
            "steer": 0.0
        },
        {
            "throttle": 0.12403293879478225,
            "brake": 0.24554237037445778,
            "steer": 0.0
        },
        {
            "throttle": 0.1363293434304868,
            "brake": 0.220988133337012,
            "steer": 0.0
        },
        {
            "throttle": 0.14574426968306112,
            "brake": 0.1988893200033108,
            "steer": 0.0
        },
        {
            "throttle": 0.15307482657184684,
            "brake": 0.17900038800297974,
            "steer": 0.0
        },
        {
            "throttle": 0.1590553786362968,
            "brake": 0.16110034920268176,
            "steer": 0.0
        },
        {
            "throttle": 0.1643560127968653,
            "brake": 0.1449903142824136,
            "steer": 0.0
        },
        {
            "throttle": 0.16958102256356386,
            "brake": 0.13049128285417225,
            "steer": 0.0
        },
        {
            "throttle": 0.17526752578236288,
            "brake": 0.11744215456875502,
            "steer": 0.0
        },
        {
            "throttle": 0.18188432075843072,
            "brake": 0.10569793911187952,
            "steer": 0.0
        },
        {
            "throttle": 0.18983107362451807,
            "brake": 0.09512814520069157,
            "steer": 0.0
        },
        {
            "throttle": 0.19943791731663568,
            "brake": 0.08561533068062242,
            "steer": 0.0
        },
        {
            "throttle": 0.21096552957888046,
            "brake": 0.07705379761256018,
            "steer": 0.0
        },
        {
            "throttle": 0.2246057441610513,
            "brake": 0.06934841785130416,
            "steer": 0.0
        },
        {
            "throttle": 0.24048273592509034,
            "brake": 0.062413576066173745,
            "steer": 0.0
        },
        {
            "throttle": 0.25865480707754973,
            "brake": 0.056172218459556375,
            "steer": 0.0
        },
        {
            "throttle": 0.27911678834029646,
            "brake": 0.05055499661360074,
            "steer": 0.0
        },
        {
            "throttle": 0.30180305570973553,
            "brake": 0.04549949695224066,
            "steer": 0.0
        },
        {
            "throttle": 0.32659115068654304,
            "brake": 0.0409495472570166,
            "steer": 0.0
        },
        {
            "throttle": 0.35330597963247234,
            "brake": 0.03685459253131494,
            "steer": 0.0
        },
        {
            "throttle": 0.3817245563734242,
            "brake": 0.03316913327818345,
            "steer": 0.0
        },
        {
            "throttle": 0.4115812414572658,
            "brake": 0.02985221995036511,
            "steer": 0.0
        },
        {
            "throttle": 0.44257342172044734,
            "brake": 0.026866997955328598,
            "steer": 0.0
        },
        {
            "throttle": 0.4743675651376436,
            "brake": 0.02418029815979574,
            "steer": 0.0
        },
        {
            "throttle": 0.4269308086238793,
            "brake": 0.05871987953866826,
            "steer": 0.0
        },
        {
            "throttle": 0.38423772776149134,
            "brake": 0.08980550277965352,
            "steer": 0.0
        },
        {
            "throttle": 0.34581395498534223,
            "brake": 0.11778256369654026,
            "steer": 0.0
        },
        {
            "throttle": 0.311232559486808,
            "brake": 0.14296191852173834,
            "steer": 0.0
        },
        {
            "throttle": 0.2801093035381272,
            "brake": 0.16562333786441663,
            "steer": 0.0
        },
        {
            "throttle": 0.2520983731843145,
            "brake": 0.1860186152728271,
            "steer": 0.0
        },
        {
            "throttle": 0.22688853586588306,
            "brake": 0.20437436494039646,
            "steer": 0.0
        },
        {
            "throttle": 0.20419968227929475,
            "brake": 0.22089453964120892,
            "steer": 0.0
        },
        {
            "throttle": 0.18377971405136528,
            "brake": 0.23576269687194013,
            "steer": 0.0
        },
        {
            "throttle": 0.16540174264622876,
            "brake": 0.2491440383795982,
            "steer": 0.0
        },
        {
            "throttle": 0.14886156838160589,
            "brake": 0.2611872457364905,
            "steer": 0.0
        },
        {
            "throttle": 0.1339754115434453,
            "brake": 0.2720261323576935,
            "steer": 0.0
        },
        {
            "throttle": 0.12057787038910078,
            "brake": 0.28178113031677626,
            "steer": 0.0
        },
        {
            "throttle": 0.10852008335019071,
            "brake": 0.29056062847995073,
            "steer": 0.0
        },
        {
            "throttle": 0.09766807501517165,
            "brake": 0.29846217682680776,
            "steer": 0.0
        },
        {
            "throttle": 0.08790126751365449,
            "brake": 0.3055735703389791,
            "steer": 0.0
        },
        {
            "throttle": 0.07911114076228903,
            "brake": 0.31197382449993327,
            "steer": 0.0
        },
        {
            "throttle": 0.07120002668606014,
            "brake": 0.31773405324479204,
            "steer": 0.0
        },
        {
            "throttle": 0.06408002401745412,
            "brake": 0.3229182591151649,
            "steer": 0.0
        },
        {
            "throttle": 0.05767202161570871,
            "brake": 0.32758404439850053,
            "steer": 0.0
        },
        {
            "throttle": 0.05190481945413784,
            "brake": 0.33178325115350255,
            "steer": 0.0
        },
        {
            "throttle": 0.04671433750872406,
            "brake": 0.3355625372330044,
            "steer": 0.0
        },
        {
            "throttle": 0.042042903757851656,
            "brake": 0.338963894704556,
            "steer": 0.0
        },
        {
            "throttle": 0.08350218569559972,
            "brake": 0.3050675052341004,
            "steer": 0.0
        },
        {
            "throttle": 0.11674000921398882,
            "brake": 0.2745607547106904,
            "steer": 0.0
        },
        {
            "throttle": 0.14281224557923836,
            "brake": 0.24710467923962137,
            "steer": 0.0
        },
        {
            "throttle": 0.16272621192451117,
            "brake": 0.22239421131565923,
            "steer": 0.0
        },
        {
            "throttle": 0.17744121024845275,
            "brake": 0.20015479018409332,
            "steer": 0.0
        },
        {
            "throttle": 0.18786822991703594,
            "brake": 0.180139311165684,
            "steer": 0.0
        },
        {
            "throttle": 0.19486897301506786,
            "brake": 0.16212538004911559,
            "steer": 0.0
        },
        {
            "throttle": 0.19925435645327041,
            "brake": 0.14591284204420404,
            "steer": 0.0
        },
        {
            "throttle": 0.20178263856091075,
            "brake": 0.13132155783978364,
            "steer": 0.0
        },
        {
            "throttle": 0.20315731091928527,
            "brake": 0.11818940205580528,
            "steer": 0.0
        },
        {
            "throttle": 0.20402488838205793,
            "brake": 0.10637046185022475,
            "steer": 0.0
        },
        {
            "throttle": 0.2049727215749564,
            "brake": 0.09573341566520228,
            "steer": 0.0
        },
        {
            "throttle": 0.20652694668516058,
            "brake": 0.08616007409868205,
            "steer": 0.0
        },
        {
            "throttle": 0.20915067707899293,
            "brake": 0.07754406668881385,
            "steer": 0.0
        },
        {
            "throttle": 0.21324253028624235,
            "brake": 0.06978966001993246,
            "steer": 0.0
        },
        {
            "throttle": 0.2191355722415893,
            "brake": 0.06281069401793922,
            "steer": 0.0
        },
        {
            "throttle": 0.22709674847696543,
            "brake": 0.0565296246161453,
            "steer": 0.0
        },
        {
            "throttle": 0.23732685932764433,
            "brake": 0.05087666215453077,
            "steer": 0.0
        },
        {
            "throttle": 0.2499611232769155,
            "brake": 0.0457889959390777,
            "steer": 0.0
        },
        {
            "throttle": 0.2650703594573822,
            "brake": 0.04121009634516993,
            "steer": 0.0
        },
        {
            "throttle": 0.2826628071972097,
            "brake": 0.03708908671065294,
            "steer": 0.0
        },
        {
            "throttle": 0.30268658749818583,
            "brake": 0.03338017803958765,
            "steer": 0.0
        },
        {
            "throttle": 0.32503279861287554,
            "brake": 0.030042160235628886,
            "steer": 0.0
        },
        {
            "throttle": 0.3495392256038361,
            "brake": 0.027037944212065998,
            "steer": 0.0
        },
        {
            "throttle": 0.3759946320692787,
            "brake": 0.024334149790859398,
            "steer": 0.0
        },
        {
            "throttle": 0.40414359125167376,
            "brake": 0.02190073481177346,
            "steer": 0.0
        },
        {
            "throttle": 0.4336918036455887,
            "brake": 0.019710661330596114,
            "steer": 0.0
        },
        {
            "throttle": 0.4643118391152009,
            "brake": 0.0177395951975365,
            "steer": 0.0
        },
        {
            "throttle": 0.49564923353470264,
            "brake": 0.015965635677782853,
            "steer": 0.0
        },
        {
            "throttle": 0.5273288631760868,
            "brake": 0.014369072110004568,
            "steer": 0.0
        },
        {
            "throttle": 0.5589615145724082,
            "brake": 0.012932164899004112,
            "steer": 0.0
        },
        {
            "throttle": 0.5901505634468888,
            "brake": 0.0116389484091037,
            "steer": 0.0
        },
        {
            "throttle": 0.6204986735668762,
            "brake": 0.01047505356819333,
            "steer": 0.0
        },
        {
            "throttle": 0.6496144250848562,
            "brake": 0.009427548211373997,
            "steer": 0.0
        },
        {
            "throttle": 0.6771187820745994,
            "brake": 0.008484793390236597,
            "steer": 0.0
        },
        {
            "throttle": 0.6094069038671395,
            "brake": 0.04459392524606503,
            "steer": 0.0
        },
        {
            "throttle": 0.5484662134804256,
            "brake": 0.07709214391631061,
            "steer": 0.0
        },
        {
            "throttle": 0.49361959213238304,
            "brake": 0.10634054071953165,
            "steer": 0.0
        },
        {
            "throttle": 0.4442576329191448,
            "brake": 0.13266409784243058,
            "steer": 0.0
        },
        {
            "throttle": 0.39983186962723033,
            "brake": 0.15635529925303962,
            "steer": 0.0
        },
        {
            "throttle": 0.3598486826645073,
            "brake": 0.17767738052258775,
            "steer": 0.0
        },
        {
            "throttle": 0.3238638143980566,
            "brake": 0.1968672536651811,
            "steer": 0.0
        },
        {
            "throttle": 0.29147743295825096,
            "brake": 0.21413813949351507,
            "steer": 0.0
        },
        {
            "throttle": 0.26232968966242587,
            "brake": 0.22968193673901566,
            "steer": 0.0
        },
        {
            "throttle": 0.2360967206961833,
            "brake": 0.24367135425996617,
            "steer": 0.0
        },
        {
            "throttle": 0.21248704862656495,
            "brake": 0.25626183002882164,
            "steer": 0.0
        },
        {
            "throttle": 0.19123834376390847,
            "brake": 0.26759325822079155,
            "steer": 0.0
        },
        {
            "throttle": 0.17211450938751763,
            "brake": 0.2777915435935645,
            "steer": 0.0
        },
        {
            "throttle": 0.15490305844876587,
            "brake": 0.2869700004290601,
            "steer": 0.0
        },
        {
            "throttle": 0.13941275260388927,
            "brake": 0.2952306115810062,
            "steer": 0.0
        },
        {
            "throttle": 0.12547147734350034,
            "brake": 0.3026651616177577,
            "steer": 0.0
        },
        {
            "throttle": 0.1129243296091503,
            "brake": 0.309356256650834,
            "steer": 0.0
        },
        {
            "throttle": 0.10163189664823527,
            "brake": 0.3153782421806027,
            "steer": 0.0
        },
        {
            "throttle": 0.09146870698341175,
            "brake": 0.32079802915739447,
            "steer": 0.0
        },
        {
            "throttle": 0.08232183628507057,
            "brake": 0.32567583743650713,
            "steer": 0.0
        },
        {
            "throttle": 0.07408965265656352,
            "brake": 0.3300658648877085,
            "steer": 0.0
        },
        {
            "throttle": 0.06668068739090717,
            "brake": 0.3340168895937897,
            "steer": 0.0
        },
        {
            "throttle": 0.06001261865181645,
            "brake": 0.33757281182926285,
            "steer": 0.0
        },
        {
            "throttle": 0.07885118878996379,
            "brake": 0.3038155306463366,
            "steer": 0.0
        },
        {
            "throttle": 0.09411772087886289,
            "brake": 0.27343397758170296,
            "steer": 0.0
        },
        {
            "throttle": 0.10667683909853348,
            "brake": 0.24609057982353266,
            "steer": 0.0
        },
        {
            "throttle": 0.11732423403367602,
            "brake": 0.2214815218411794,
            "steer": 0.0
        },
        {
            "throttle": 0.12678576297088845,
            "brake": 0.19933336965706144,
            "steer": 0.0
        },
        {
            "throttle": 0.13571649563524757,
            "brake": 0.1794000326913553,
            "steer": 0.0
        },
        {
            "throttle": 0.1446998286587853,
            "brake": 0.16146002942221976,
            "steer": 0.0
        },
        {
            "throttle": 0.15424678014042573,
            "brake": 0.1453140264799978,
            "steer": 0.0
        },
        {
            "throttle": 0.16479556316207272,
            "brake": 0.13078262383199804,
            "steer": 0.0
        },
        {
            "throttle": 0.17671152414511498,
            "brake": 0.11770436144879824,
            "steer": 0.0
        },
        {
            "throttle": 0.1902875185601299,
            "brake": 0.10593392530391842,
            "steer": 0.0
        },
        {
            "throttle": 0.20574478285013437,
            "brake": 0.09534053277352658,
            "steer": 0.0
        },
        {
            "throttle": 0.22323434761746974,
            "brake": 0.08580647949617393,
            "steer": 0.0
        },
        {
            "throttle": 0.24283902328974105,
            "brake": 0.07722583154655653,
            "steer": 0.0
        },
        {
            "throttle": 0.2645759757621016,
            "brake": 0.06950324839190088,
            "steer": 0.0
        },
        {
            "throttle": 0.2883998960572368,
            "brake": 0.06255292355271079,
            "steer": 0.0
        },
        {
            "throttle": 0.31420675499822154,
            "brake": 0.05629763119743971,
            "steer": 0.0
        },
        {
            "throttle": 0.34183812139970227,
            "brake": 0.050667868077695744,
            "steer": 0.0
        },
        {
            "throttle": 0.37108601049272705,
            "brake": 0.04560108126992617,
            "steer": 0.0
        },
        {
            "throttle": 0.40169821834498887,
            "brake": 0.041040973142933555,
            "steer": 0.0
        },
        {
            "throttle": 0.43338408804962913,
            "brake": 0.0369368758286402,
            "steer": 0.0
        },
        {
            "throttle": 0.46582064454953004,
            "brake": 0.03324318824577618,
            "steer": 0.0
        },
        {
            "throttle": 0.49865902724468686,
            "brake": 0.02991886942119856,
            "steer": 0.0
        },
        {
            "throttle": 0.5315311430874209,
            "brake": 0.026926982479078702,
            "steer": 0.0
        },
        {
            "throttle": 0.5640564577770575,
            "brake": 0.024234284231170834,
            "steer": 0.0
        },
        {
            "throttle": 0.5958488389776304,
            "brake": 0.021810855808053753,
            "steer": 0.0
        },
        {
            "throttle": 0.6265233632357401,
            "brake": 0.019629770227248378,
            "steer": 0.0
        },
        {
            "throttle": 0.6557029974878613,
            "brake": 0.01766679320452354,
            "steer": 0.0
        },
        {
            "throttle": 0.6830250667141105,
            "brake": 0.015900113884071188,
            "steer": 0.0
        },
        {
            "throttle": 0.7081474213955758,
            "brake": 0.01431010249566407,
            "steer": 0.0
        },
        {
            "throttle": 0.7307542219216626,
            "brake": 0.012879092246097663,
            "steer": 0.0
        },
        {
            "throttle": 0.7505612619099578,
            "brake": 0.011591183021487896,
            "steer": 0.0
        },
        {
            "throttle": 0.7673207584627204,
            "brake": 0.010432064719339107,
            "steer": 0.0
        },
        {
            "throttle": 0.7808255445925492,
            "brake": 0.009388858247405197,
            "steer": 0.0
        },
        {
            "throttle": 0.7909126072902285,
            "brake": 0.008449972422664678,
            "steer": 0.0
        },
        {
            "throttle": 0.7974659238508277,
            "brake": 0.00760497518039821,
            "steer": 0.0
        },
        {
            "throttle": 0.8004185589777426,
            "brake": 0.006844477662358389,
            "steer": 0.0
        },
        {
            "throttle": 0.799753995695788,
            "brake": 0.00616002989612255,
            "steer": 0.0
        },
        {
            "throttle": 0.7955066840624999,
            "brake": 0.005544026906510295,
            "steer": 0.0
        },
        {
            "throttle": 0.7877618029041678,
            "brake": 0.004989624215859266,
            "steer": 0.0
        },
        {
            "throttle": 0.7766542411488219,
            "brake": 0.00449066179427334,
            "steer": 0.0
        },
        {
            "throttle": 0.7623668166102551,
            "brake": 0.004041595614846006,
            "steer": 0.0
        },
        {
            "throttle": 0.7451277611243177,
            "brake": 0.0036374360533614055,
            "steer": 0.0
        },
        {
            "throttle": 0.7252075115841482,
            "brake": 0.0032736924480252652,
            "steer": 0.0
        },
        {
            "throttle": 0.7029148565039258,
            "brake": 0.002946323203222739,
            "steer": 0.0
        },
        {
            "throttle": 0.678592497109013,
            "brake": 0.002651690882900465,
            "steer": 0.0
        },
        {
            "throttle": 0.6526120904627042,
            "brake": 0.0023865217946104187,
            "steer": 0.0
        },
        {
            "throttle": 0.6253688496678552,
            "brake": 0.002147869615149377,
            "steer": 0.0
        },
        {
            "throttle": 0.5972757826118835,
            "brake": 0.0019330826536344394,
            "steer": 0.0
        },
        {
            "throttle": 0.568757655958935,
            "brake": 0.0017397743882709954,
            "steer": 0.0
        },
        {
            "throttle": 0.540244775054231,
            "brake": 0.0015657969494438958,
            "steer": 0.0
        },
        {
            "throttle": 0.5121666730326331,
            "brake": 0.0014092172544995063,
            "steer": 0.0
        },
        {
            "throttle": 0.4849458036761171,
            "brake": 0.0012682955290495557,
            "steer": 0.0
        },
        {
            "throttle": 0.4589913324234678,
            "brake": 0.0011414659761446002,
            "steer": 0.0
        },
        {
            "throttle": 0.4346931184012588,
            "brake": 0.0010273193785301402,
            "steer": 0.0
        },
        {
            "throttle": 0.41241597743996267,
            "brake": 0.0009245874406771262,
            "steer": 0.0
        },
        {
            "throttle": 0.3924943118052214,
            "brake": 0.0008321286966094136,
            "steer": 0.0
        },
        {
            "throttle": 0.3752271868740464,
            "brake": 0.0007489158269484722,
            "steer": 0.0
        },
        {
            "throttle": 0.36087392830003895,
            "brake": 0.000674024244253625,
            "steer": 0.0
        },
        {
            "throttle": 0.34965030543931636,
            "brake": 0.0006066218198282625,
            "steer": 0.0
        },
        {
            "throttle": 0.3417253580645778,
            "brake": 0.0005459596378454362,
            "steer": 0.0
        },
        {
            "throttle": 0.3372189138079942,
            "brake": 0.0004913636740608926,
            "steer": 0.0
        }
    ],
    "parameters": {
        "cloudiness": 97.86565106661159,
        "fog_density": 62.09043811144622,
        "initial_distance": 28.60329836905025,
        "initial_ego_velocity": 14.083851098478144,
        "initial_lead_velocity": 24.39403461812904,
        "lead_base_throttle": 0.5733204220200325,
        "lead_behavior_frequency": 0.19403700835379623,
        "lead_brake_duration": 23.4377295661097,
        "lead_brake_intensity": 0.3695761119485209,
        "lead_brake_probability": 0.18839739913855708,
        "lead_throttle_variation": 0.3615833036918264,
        "precipitation": 0.14874224819868553,
        "precipitation_deposits": 99.43792356185004,
        "sun_altitude_angle": 54.159060054671755,
        "wind_intensity": 12.707698183310967
    },
    "config": {
        "num_timesteps": 200,
        "dt": 0.1,
        "seed": 99
    }
}