{
    "weather": {
        "cloudiness": 22.076000297428422,
        "precipitation": 99.89366151197603,
        "precipitation_deposits": 14.916275010732571,
        "wind_intensity": 5.990685529249601,
        "sun_altitude_angle": 80.62628645198174,
        "fog_density": 42.937598156342,
        "fog_distance": 239.0091909629607,
        "wetness": 49.94683075598802
    },
    "initial_conditions": {
        "ego": {
            "position": {
                "x": 520.1128001560502,
                "y": 20.57,
                "z": 0.294
            },
            "yaw": 0.0,
            "velocity": 12.509168188938123
        },
        "lead": {
            "position": {
                "x": 484.88,
                "y": 20.57,
                "z": 0.294
            },
            "yaw": 0.0,
            "velocity": 13.52385299116786
        }
    },
    "ego": {
        "position": {
            "x": 520.1128001560502,
            "y": 20.57,
            "z": 0.294
        },
        "yaw": 0.0,
        "velocity": 12.509168188938123
    },
    "lead": {
        "position": {
            "x": 484.88,
            "y": 20.57,
            "z": 0.294
        },
        "yaw": 0.0,
        "velocity": 13.52385299116786
    },
    "ado_actions": [
        {
            "throttle": 0.5934803769647121,
            "brake": 0.0,
            "steer": 0.0
        },
        {
            "throttle": 0.5341323392682409,
            "brake": 0.025818301865597623,
            "steer": 0.0
        },
        {
            "throttle": 0.4807191053414168,
            "brake": 0.049054773544635485,
            "steer": 0.0
        },
        {
            "throttle": 0.43264719480727515,
            "brake": 0.06996759805576956,
            "steer": 0.0
        },
        {
            "throttle": 0.38938247532654763,
            "brake": 0.08878914011579023,
            "steer": 0.0
        },
        {
            "throttle": 0.3504442277938929,
            "brake": 0.10572852796980883,
            "steer": 0.0
        },
        {
            "throttle": 0.3153998050145036,
            "brake": 0.12097397703842558,
            "steer": 0.0
        },
        {
            "throttle": 0.28385982451305325,
            "brake": 0.13469488120018064,
            "steer": 0.0
        },
        {
            "throttle": 0.25547384206174795,
            "brake": 0.1470436949457602,
            "steer": 0.0
        },
        {
            "throttle": 0.22992645785557317,
            "brake": 0.1581576273167818,
            "steer": 0.0
        },
        {
            "throttle": 0.20693381207001585,
            "brake": 0.16816016645070125,
            "steer": 0.0
        },
        {
            "throttle": 0.18624043086301426,
            "brake": 0.17716245167122874,
            "steer": 0.0
        },
        {
            "throttle": 0.16761638777671284,
            "brake": 0.18526450836970348,
            "steer": 0.0
        },
        {
            "throttle": 0.15085474899904155,
            "brake": 0.19255635939833077,
            "steer": 0.0
        },
        {
            "throttle": 0.13576927409913742,
            "brake": 0.1991190253240953,
            "steer": 0.0
        },
        {
            "throttle": 0.12219234668922367,
            "brake": 0.2050254246572834,
            "steer": 0.0
        },
        {
            "throttle": 0.1099731120203013,
            "brake": 0.21034118405715269,
            "steer": 0.0
        },
        {
            "throttle": 0.09897580081827118,
            "brake": 0.21512536751703504,
            "steer": 0.0
        },
        {
            "throttle": 0.08907822073644406,
            "brake": 0.21943113263092917,
            "steer": 0.0
        },
        {
            "throttle": 0.08017039866279965,
            "brake": 0.22330632123343386,
            "steer": 0.0
        },
        {
            "throttle": 0.07215335879651968,
            "brake": 0.2267939909756881,
            "steer": 0.0
        },
        {
            "throttle": 0.06493802291686772,
            "brake": 0.2299328937437169,
            "steer": 0.0
        },
        {
            "throttle": 0.05844422062518095,
            "brake": 0.23275790623494286,
            "steer": 0.0
        },
        {
            "throttle": 0.05259979856266285,
            "brake": 0.23530041747704622,
            "steer": 0.0
        },
        {
            "throttle": 0.047339818706396565,
            "brake": 0.23758867759493923,
            "steer": 0.0
        },
        {
            "throttle": 0.1024500043602947,
            "brake": 0.2138298098354453,
            "steer": 0.0
        },
        {
            "throttle": 0.15204004164869261,
            "brake": 0.1924468288519008,
            "steer": 0.0
        },
        {
            "throttle": 0.19665945298051096,
            "brake": 0.1732021459667107,
            "steer": 0.0
        },
        {
            "throttle": 0.23680286800542064,
            "brake": 0.15588193137003964,
            "steer": 0.0
        },
        {
            "throttle": 0.2729155253413932,
            "brake": 0.14029373823303568,
            "steer": 0.0
        },
        {
            "throttle": 0.3053982237613469,
            "brake": 0.1262643644097321,
            "steer": 0.0
        },
        {
            "throttle": 0.3346117778311376,
            "brake": 0.11363792796875889,
            "steer": 0.0
        },
        {
            "throttle": 0.36088102749411743,
            "brake": 0.10227413517188301,
            "steer": 0.0
        },
        {
            "throttle": 0.3844984461504697,
            "brake": 0.09204672165469471,
            "steer": 0.0
        },
        {
            "throttle": 0.4057273873275039,
            "brake": 0.08284204948922524,
            "steer": 0.0
        },
        {
            "throttle": 0.4248050060305554,
            "brake": 0.07455784454030272,
            "steer": 0.0
        },
        {
            "throttle": 0.4419448872585049,
            "brake": 0.06710206008627245,
            "steer": 0.0
        },
        {
            "throttle": 0.4573394109231201,
            "brake": 0.06039185407764521,
            "steer": 0.0
        },
        {
            "throttle": 0.4711618794913076,
            "brake": 0.05435266866988069,
            "steer": 0.0
        },
        {
            "throttle": 0.4835684320414771,
            "brake": 0.04891740180289263,
            "steer": 0.0
        },
        {
            "throttle": 0.4946997660603016,
            "brake": 0.044025661622603365,
            "steer": 0.0
        },
        {
            "throttle": 0.5046826861779017,
            "brake": 0.03962309546034303,
            "steer": 0.0
        },
        {
            "throttle": 0.5136314971241914,
            "brake": 0.035660785914308726,
            "steer": 0.0
        },
        {
            "throttle": 0.5216492564654834,
            "brake": 0.032094707322877856,
            "steer": 0.0
        },
        {
            "throttle": 0.5288289011292708,
            "brake": 0.02888523659059007,
            "steer": 0.0
        },
        {
            "throttle": 0.535254260329112,
            "brake": 0.025996712931531066,
            "steer": 0.0
        },
        {
            "throttle": 0.5410009662452029,
            "brake": 0.02339704163837796,
            "steer": 0.0
        },
        {
            "throttle": 0.546137272685531,
            "brake": 0.021057337474540163,
            "steer": 0.0
        },
        {
            "throttle": 0.5507247909348889,
            "brake": 0.018951603727086146,
            "steer": 0.0
        },
        {
            "throttle": 0.5548191510831346,
            "brake": 0.017056443354377532,
            "steer": 0.0
        },
        {
            "throttle": 0.5584705962997409,
            "brake": 0.015350799018939779,
            "steer": 0.0
        },
        {
            "throttle": 0.561724516779682,
            "brake": 0.0138157191170458,
            "steer": 0.0
        },
        {
            "throttle": 0.5646219294178142,
            "brake": 0.012434147205341221,
            "steer": 0.0
        },
        {
            "throttle": 0.56719990866768,
            "brake": 0.011190732484807099,
            "steer": 0.0
        },
        {
            "throttle": 0.5694919734994129,
            "brake": 0.01007165923632639,
            "steer": 0.0
        },
        {
            "throttle": 0.5715284348841212,
            "brake": 0.009064493312693751,
            "steer": 0.0
        },
        {
            "throttle": 0.5733367077933756,
            "brake": 0.008158043981424376,
            "steer": 0.0
        },
        {
            "throttle": 0.5749415913073298,
            "brake": 0.007342239583281939,
            "steer": 0.0
        },
        {
            "throttle": 0.576365520069188,
            "brake": 0.006608015624953745,
            "steer": 0.0
        },
        {
            "throttle": 0.577628790003254,
            "brake": 0.005947214062458371,
            "steer": 0.0
        },
        {
            "throttle": 0.5787497609250971,
            "brake": 0.005352492656212534,
            "steer": 0.0
        },
        {
            "throttle": 0.5797450384122591,
            "brake": 0.004817243390591281,
            "steer": 0.0
        },
        {
            "throttle": 0.5806296370695329,
            "brake": 0.004335519051532153,
            "steer": 0.0
        },
        {
            "throttle": 0.5814171271115839,
            "brake": 0.0039019671463789377,
            "steer": 0.0
        },
        {
            "throttle": 0.5821197659952269,
            "brake": 0.003511770431741044,
            "steer": 0.0
        },
        {
            "throttle": 0.5827486166619377,
            "brake": 0.0031605933885669396,
            "steer": 0.0
        },
        {
            "throttle": 0.5833136537962795,
            "brake": 0.0028445340497102456,
            "steer": 0.0
        },
        {
            "throttle": 0.5838238593661735,
            "brake": 0.002560080644739221,
            "steer": 0.0
        },
        {
            "throttle": 0.5842873085848219,
            "brake": 0.002304072580265299,
            "steer": 0.0
        },
        {
            "throttle": 0.5847112473202394,
            "brake": 0.002073665322238769,
            "steer": 0.0
        },
        {
            "throttle": 0.5851021618755227,
            "brake": 0.001866298790014892,
            "steer": 0.0
        },
        {
            "throttle": 0.5854658419701086,
            "brake": 0.0016796689110134028,
            "steer": 0.0
        },
        {
            "throttle": 0.5858074376683289,
            "brake": 0.0015117020199120626,
            "steer": 0.0
        },
        {
            "throttle": 0.5861315109256796,
            "brake": 0.0013605318179208564,
            "steer": 0.0
        },
        {
            "throttle": 0.5864420823545972,
            "brake": 0.0012244786361287707,
            "steer": 0.0
        },
        {
            "throttle": 0.586742673749434,
            "brake": 0.0011020307725158936,
            "steer": 0.0
        },
        {
            "throttle": 0.5870363468541314,
            "brake": 0.0009918276952643043,
            "steer": 0.0
        },
        {
            "throttle": 0.5283327121687182,
            "brake": 0.026710946791335496,
            "steer": 0.0
        },
        {
            "throttle": 0.47549944095184643,
            "brake": 0.049858153977799566,
            "steer": 0.0
        },
        {
            "throttle": 0.4279494968566618,
            "brake": 0.07069064044561724,
            "steer": 0.0
        },
        {
            "throttle": 0.3851545471709956,
            "brake": 0.08943987826665314,
            "steer": 0.0
        },
        {
            "throttle": 0.34663909245389607,
            "brake": 0.10631419230558546,
            "steer": 0.0
        },
        {
            "throttle": 0.3119751832085065,
            "brake": 0.12150107494062454,
            "steer": 0.0
        },
        {
            "throttle": 0.2807776648876558,
            "brake": 0.13516926931215972,
            "steer": 0.0
        },
        {
            "throttle": 0.25269989839889023,
            "brake": 0.14747064424654138,
            "steer": 0.0
        },
        {
            "throttle": 0.22742990855900122,
            "brake": 0.1585418816874849,
            "steer": 0.0
        },
        {
            "throttle": 0.2046869177031011,
            "brake": 0.16850599538433403,
            "steer": 0.0
        },
        {
            "throttle": 0.184218225932791,
            "brake": 0.17747369771149824,
            "steer": 0.0
        },
        {
            "throttle": 0.1657964033395119,
            "brake": 0.18554462980594605,
            "steer": 0.0
        },
        {
            "throttle": 0.14921676300556072,
            "brake": 0.1928084686909491,
            "steer": 0.0
        },
        {
            "throttle": 0.13429508670500465,
            "brake": 0.1993459236874518,
            "steer": 0.0
        },
        {
            "throttle": 0.12086557803450418,
            "brake": 0.20522963318430426,
            "steer": 0.0
        },
        {
            "throttle": 0.10877902023105376,
            "brake": 0.21052497173147144,
            "steer": 0.0
        },
        {
            "throttle": 0.09790111820794839,
            "brake": 0.21529077642392191,
            "steer": 0.0
        },
        {
            "throttle": 0.08811100638715355,
            "brake": 0.21958000064712735,
            "steer": 0.0
        },
        {
            "throttle": 0.0792999057484382,
            "brake": 0.22344030244801222,
            "steer": 0.0
        },
        {
            "throttle": 0.07136991517359438,
            "brake": 0.2269145740688086,
            "steer": 0.0
        },
        {
            "throttle": 0.06423292365623494,
            "brake": 0.23004141852752535,
            "steer": 0.0
        },
        {
            "throttle": 0.057809631290611445,
            "brake": 0.23285557854037042,
            "steer": 0.0
        },
        {
            "throttle": 0.0520286681615503,
            "brake": 0.23538832255193098,
            "steer": 0.0
        },
        {
            "throttle": 0.046825801345395275,
            "brake": 0.23766779216233552,
            "steer": 0.0
        },
        {
            "throttle": 0.10190278608798331,
            "brake": 0.21390101294610198,
            "steer": 0.0
        },
        {
            "throttle": 0.15149233326919054,
            "brake": 0.19251091165149178,
            "steer": 0.0
        },
        {
            "throttle": 0.1961409767878396,
            "brake": 0.17325982048634261,
            "steer": 0.0
        },
        {
            "throttle": 0.23634050476899612,
            "brake": 0.15593383843770836,
            "steer": 0.0
        },
        {
            "throttle": 0.2725334459240326,
            "brake": 0.14034045459393754,
            "steer": 0.0
        },
        {
            "throttle": 0.30511800768719666,
            "brake": 0.1263064091345438,
            "steer": 0.0
        },
        {
            "throttle": 0.33445252088861877,
            "brake": 0.11367576822108942,
            "steer": 0.0
        },
        {
            "throttle": 0.36085944024591,
            "brake": 0.10230819139898048,
            "steer": 0.0
        },
        {
            "throttle": 0.3846289450268211,
            "brake": 0.09207737225908244,
            "steer": 0.0
        },
        {
            "throttle": 0.40602217979906197,
            "brake": 0.0828696350331742,
            "steer": 0.0
        },
        {
            "throttle": 0.4252741711909827,
            "brake": 0.07458267152985677,
            "steer": 0.0
        },
        {
            "throttle": 0.44259645299401074,
            "brake": 0.0671244043768711,
            "steer": 0.0
        },
        {
            "throttle": 0.4581794287045554,
            "brake": 0.060411963939183994,
            "steer": 0.0
        },
        {
            "throttle": 0.47219449769358013,
            "brake": 0.0543707675452656,
            "steer": 0.0
        },
        {
            "throttle": 0.48479596857382407,
            "brake": 0.04893369079073904,
            "steer": 0.0
        },
        {
            "throttle": 0.49612278097860835,
            "brake": 0.04404032171166514,
            "steer": 0.0
        },
        {
            "throttle": 0.5063000548460553,
            "brake": 0.03963628954049862,
            "steer": 0.0
        },
        {
            "throttle": 0.5154404843947874,
            "brake": 0.03567266058644876,
            "steer": 0.0
        },
        {
            "throttle": 0.5236455922605106,
            "brake": 0.032105394527803886,
            "steer": 0.0
        },
        {
            "throttle": 0.4712810330344595,
            "brake": 0.05471315694062112,
            "steer": 0.0
        },
        {
            "throttle": 0.42415292973101354,
            "brake": 0.07506014311215664,
            "steer": 0.0
        },
        {
            "throttle": 0.38173763675791217,
            "brake": 0.09337243066653861,
            "steer": 0.0
        },
        {
            "throttle": 0.34356387308212094,
            "brake": 0.10985348946548237,
            "steer": 0.0
        },
        {
            "throttle": 0.30920748577390883,
            "brake": 0.12468644238453176,
            "steer": 0.0
        },
        {
            "throttle": 0.278286737196518,
            "brake": 0.1380361000116762,
            "steer": 0.0
        },
        {
            "throttle": 0.25045806347686617,
            "brake": 0.1500507918761062,
            "steer": 0.0
        },
        {
            "throttle": 0.22541225712917956,
            "brake": 0.16086401455409322,
            "steer": 0.0
        },
        {
            "throttle": 0.20287103141626162,
            "brake": 0.1705959149642815,
            "steer": 0.0
        },
        {
            "throttle": 0.18258392827463546,
            "brake": 0.17935462533345098,
            "steer": 0.0
        },
        {
            "throttle": 0.1643255354471719,
            "brake": 0.1872374646657035,
            "steer": 0.0
        },
        {
            "throttle": 0.14789298190245473,
            "brake": 0.19433202006473077,
            "steer": 0.0
        },
        {
            "throttle": 0.13310368371220926,
            "brake": 0.20071711992385532,
            "steer": 0.0
        },
        {
            "throttle": 0.11979331534098835,
            "brake": 0.2064637097970674,
            "steer": 0.0
        },
        {
            "throttle": 0.10781398380688952,
            "brake": 0.21163564068295831,
            "steer": 0.0
        },
        {
            "throttle": 0.09703258542620057,
            "brake": 0.21629037848026011,
            "steer": 0.0
        },
        {
            "throttle": 0.08732932688358051,
            "brake": 0.22047964249783175,
            "steer": 0.0
        },
        {
            "throttle": 0.07859639419522246,
            "brake": 0.22424998011364622,
            "steer": 0.0
        },
        {
            "throttle": 0.07073675477570023,
            "brake": 0.22764328396787925,
            "steer": 0.0
        },
        {
            "throttle": 0.0636630792981302,
            "brake": 0.23069725743668895,
            "steer": 0.0
        },
        {
            "throttle": 0.05729677136831718,
            "brake": 0.2334458335586177,
            "steer": 0.0
        },
        {
            "throttle": 0.051567094231485464,
            "brake": 0.23591955206835358,
            "steer": 0.0
        },
        {
            "throttle": 0.04641038480833692,
            "brake": 0.23814589872711583,
            "steer": 0.0
        },
        {
            "throttle": 0.041769346327503225,
            "brake": 0.2401496107200019,
            "steer": 0.0
        },
        {
            "throttle": 0.0375924116947529,
            "brake": 0.24195295151359936,
            "steer": 0.0
        },
        {
            "throttle": 0.03383317052527761,
            "brake": 0.24357595822783706,
            "steer": 0.0
        },
        {
            "throttle": 0.03044985347274985,
            "brake": 0.24503666427065096,
            "steer": 0.0
        },
        {
            "throttle": 0.027404868125474866,
            "brake": 0.2463512997091835,
            "steer": 0.0
        },
        {
            "throttle": 0.02466438131292738,
            "brake": 0.24753447160386277,
            "steer": 0.0
        },
        {
            "throttle": 0.022197943181634643,
            "brake": 0.2485993263090741,
            "steer": 0.0
        },
        {
            "throttle": 0.019978148863471178,
            "brake": 0.24955769554376434,
            "steer": 0.0
        },
        {
            "throttle": 0.01798033397712406,
            "brake": 0.2504202278549855,
            "steer": 0.0
        },
        {
            "throttle": 0.016182300579411654,
            "brake": 0.2511965069350846,
            "steer": 0.0
        },
        {
            "throttle": 0.014564070521470488,
            "brake": 0.2518951581071738,
            "steer": 0.0
        },
        {
            "throttle": 0.01310766346932344,
            "brake": 0.25252394416205404,
            "steer": 0.0
        },
        {
            "throttle": 0.011796897122391096,
            "brake": 0.25308985161144626,
            "steer": 0.0
        },
        {
            "throttle": 0.010617207410151987,
            "brake": 0.25359916831589924,
            "steer": 0.0
        },
        {
            "throttle": 0.009555486669136788,
            "brake": 0.25405755334990693,
            "steer": 0.0
        },
        {
            "throttle": 0.008599938002223109,
            "brake": 0.2544700998805139,
            "steer": 0.0
        },
        {
            "throttle": 0.0077399442020007975,
            "brake": 0.25484139175806014,
            "steer": 0.0
        },
        {
            "throttle": 0.006965949781800718,
            "brake": 0.2551755544478518,
            "steer": 0.0
        },
        {
            "throttle": 0.006269354803620646,
            "brake": 0.25547630086866424,
            "steer": 0.0
        },
        {
            "throttle": 0.0056424193232585814,
            "brake": 0.25574697264739543,
            "steer": 0.0
        },
        {
            "throttle": 0.005078177390932723,
            "brake": 0.2559905772482535,
            "steer": 0.0
        },
        {
            "throttle": 0.004570359651839451,
            "brake": 0.2562098213890258,
            "steer": 0.0
        },
        {
            "throttle": 0.004113323686655506,
            "brake": 0.2564071411157209,
            "steer": 0.0
        },
        {
            "throttle": 0.0037019913179899555,
            "brake": 0.2565847288697464,
            "steer": 0.0
        },
        {
            "throttle": 0.00333179218619096,
            "brake": 0.2567445578483694,
            "steer": 0.0
        },
        {
            "throttle": 0.06208314515485562,
            "brake": 0.23107010206353248,
            "steer": 0.0
        },
        {
            "throttle": 0.11499110176908457,
            "brake": 0.20796309185717923,
            "steer": 0.0
        },
        {
            "throttle": 0.16264118782728115,
            "brake": 0.1871667826714613,
            "steer": 0.0
        },
        {
            "throttle": 0.2055602080399228,
            "brake": 0.16845010440431518,
            "steer": 0.0
        },
        {
            "throttle": 0.24422211293007648,
            "brake": 0.15160509396388366,
            "steer": 0.0
        },
        {
            "throttle": 0.27905327993292917,
            "brake": 0.1364445845674953,
            "steer": 0.0
        },
        {
            "throttle": 0.3104372672965373,
            "brake": 0.12280012611074578,
            "steer": 0.0
        },
        {
            "throttle": 0.3387190935211153,
            "brake": 0.11052011349967121,
            "steer": 0.0
        },
        {
            "throttle": 0.36420908979569877,
            "brake": 0.09946810214970409,
            "steer": 0.0
        },
        {
            "throttle": 0.38718636814031704,
            "brake": 0.08952129193473368,
            "steer": 0.0
        },
        {
            "throttle": 0.4079019436861379,
            "brake": 0.08056916274126032,
            "steer": 0.0
        },
        {
            "throttle": 0.426581545677929,
            "brake": 0.07251224646713429,
            "steer": 0.0
        },
        {
            "throttle": 0.44342814831988037,
            "brake": 0.06526102182042086,
            "steer": 0.0
        },
        {
            "throttle": 0.4586242494689009,
            "brake": 0.05873491963837878,
            "steer": 0.0
        },
        {
            "throttle": 0.4723339223743188,
            "brake": 0.0528614276745409,
            "steer": 0.0
        },
        {
            "throttle": 0.4847046631383362,
            "brake": 0.04757528490708681,
            "steer": 0.0
        },
        {
            "throttle": 0.4958690542995752,
            "brake": 0.04281775641637813,
            "steer": 0.0
        },
        {
            "throttle": 0.5059462628973693,
            "brake": 0.03853598077474032,
            "steer": 0.0
        },
        {
            "throttle": 0.5150433895343962,
            "brake": 0.034682382697266284,
            "steer": 0.0
        },
        {
            "throttle": 0.523256683299366,
            "brake": 0.031214144427539656,
            "steer": 0.0
        },
        {
            "throttle": 0.530672635921391,
            "brake": 0.02809272998478569,
            "steer": 0.0
        },
        {
            "throttle": 0.53736896718679,
            "brake": 0.025283456986307122,
            "steer": 0.0
        },
        {
            "throttle": 0.5434155124425389,
            "brake": 0.022755111287676412,
            "steer": 0.0
        },
        {
            "throttle": 0.5488750219249415,
            "brake": 0.020479600158908772,
            "steer": 0.0
        },
        {
            "throttle": 0.5538038806752905,
            "brake": 0.018431640143017895,
            "steer": 0.0
        },
        {
            "throttle": 0.5582527569254531,
            "brake": 0.016588476128716105,
            "steer": 0.0
        },
        {
            "throttle": 0.5622671860456575,
            "brake": 0.014929628515844494,
            "steer": 0.0
        },
        {
            "throttle": 0.5658880964354811,
            "brake": 0.013436665664260045,
            "steer": 0.0
        },
        {
            "throttle": 0.5691522830992087,
            "brake": 0.012092999097834041,
            "steer": 0.0
        },
        {
            "throttle": 0.5720928340712137,
            "brake": 0.010883699188050638,
            "steer": 0.0
        },
        {
            "throttle": 0.5747395143393879,
            "brake": 0.009795329269245574,
            "steer": 0.0
        },
        {
            "throttle": 0.5771191114491233,
            "brake": 0.008815796342321016,
            "steer": 0.0
        }
    ],
    "parameters": {
        "cloudiness": 22.076000297428422,
        "fog_density": 42.937598156342,
        "initial_distance": 35.232800156050175,
        "initial_ego_velocity": 12.509168188938123,
        "initial_lead_velocity": 13.52385299116786,
        "lead_base_throttle": 0.5934803769647121,
        "lead_behavior_frequency": 0.11388317653115802,
        "lead_brake_duration": 24.81947524570331,
        "lead_brake_intensity": 0.2581830186559762,
        "lead_brake_probability": 0.15490856817019427,
        "lead_throttle_variation": 0.0050816551266557935,
        "precipitation": 99.89366151197603,
        "precipitation_deposits": 14.916275010732571,
        "sun_altitude_angle": 80.62628645198174,
        "wind_intensity": 5.990685529249601
    },
    "config": {
        "num_timesteps": 200,
        "dt": 0.1,
        "seed": 145
    }
}