{
    "weather": {
        "cloudiness": 10.799889841811726,
        "precipitation": 65.25715431276879,
        "precipitation_deposits": 24.176617324493566,
        "wind_intensity": 39.245715422016026,
        "sun_altitude_angle": 72.32290093792024,
        "fog_density": 9.572023416645923,
        "fog_distance": 726.8265252234266,
        "wetness": 32.628577156384395
    },
    "initial_conditions": {
        "ego": {
            "position": {
                "x": 504.62471219198187,
                "y": 20.57,
                "z": 0.294
            },
            "yaw": 0.0,
            "velocity": 14.161671139633597
        },
        "lead": {
            "position": {
                "x": 484.88,
                "y": 20.57,
                "z": 0.294
            },
            "yaw": 0.0,
            "velocity": 8.49582987172222
        }
    },
    "ego": {
        "position": {
            "x": 504.62471219198187,
            "y": 20.57,
            "z": 0.294
        },
        "yaw": 0.0,
        "velocity": 14.161671139633597
    },
    "lead": {
        "position": {
            "x": 484.88,
            "y": 20.57,
            "z": 0.294
        },
        "yaw": 0.0,
        "velocity": 8.49582987172222
    },
    "ado_actions": [
        {
            "throttle": 0.4829591655848836,
            "brake": 0.0,
            "steer": 0.0
        },
        {
            "throttle": 0.48492924671263316,
            "brake": 0.0,
            "steer": 0.0
        },
        {
            "throttle": 0.4886669445010583,
            "brake": 0.0,
            "steer": 0.0
        },
        {
            "throttle": 0.4939845996874612,
            "brake": 0.0,
            "steer": 0.0
        },
        {
            "throttle": 0.5007079078751636,
            "brake": 0.0,
            "steer": 0.0
        },
        {
            "throttle": 0.5086746292155063,
            "brake": 0.0,
            "steer": 0.0
        },
        {
            "throttle": 0.5177334419830713,
            "brake": 0.0,
            "steer": 0.0
        },
        {
            "throttle": 0.527742925488542,
            "brake": 0.0,
            "steer": 0.0
        },
        {
            "throttle": 0.538570659188481,
            "brake": 0.0,
            "steer": 0.0
        },
        {
            "throttle": 0.5500924261252453,
            "brake": 0.0,
            "steer": 0.0
        },
        {
            "throttle": 0.5621915099774978,
            "brake": 0.0,
            "steer": 0.0
        },
        {
            "throttle": 0.5747580760350777,
            "brake": 0.0,
            "steer": 0.0
        },
        {
            "throttle": 0.5876886273428692,
            "brake": 0.0,
            "steer": 0.0
        },
        {
            "throttle": 0.6008855280970994,
            "brake": 0.0,
            "steer": 0.0
        },
        {
            "throttle": 0.6142565871335184,
            "brake": 0.0,
            "steer": 0.0
        },
        {
            "throttle": 0.6277146950285387,
            "brake": 0.0,
            "steer": 0.0
        },
        {
            "throttle": 0.641177508949174,
            "brake": 0.0,
            "steer": 0.0
        },
        {
            "throttle": 0.6545671799422951,
            "brake": 0.0,
            "steer": 0.0
        },
        {
            "throttle": 0.6678101178544156,
            "brake": 0.0,
            "steer": 0.0
        },
        {
            "throttle": 0.680836789525405,
            "brake": 0.0,
            "steer": 0.0
        },
        {
            "throttle": 0.6935815463081405,
            "brake": 0.0,
            "steer": 0.0
        },
        {
            "throttle": 0.7059824773355768,
            "brake": 0.0,
            "steer": 0.0
        },
        {
            "throttle": 0.7179812852910291,
            "brake": 0.0,
            "steer": 0.0
        },
        {
            "throttle": 0.7295231817401944,
            "brake": 0.0,
            "steer": 0.0
        },
        {
            "throttle": 0.7405567993578163,
            "brake": 0.0,
            "steer": 0.0
        },
        {
            "throttle": 0.7510341186308022,
            "brake": 0.0,
            "steer": 0.0
        },
        {
            "throttle": 0.7609104068456396,
            "brake": 0.0,
            "steer": 0.0
        },
        {
            "throttle": 0.7701441673734478,
            "brake": 0.0,
            "steer": 0.0
        },
        {
            "throttle": 0.7786970974530476,
            "brake": 0.0,
            "steer": 0.0
        },
        {
            "throttle": 0.7865340528429037,
            "brake": 0.0,
            "steer": 0.0
        },
        {
            "throttle": 0.7936230178683747,
            "brake": 0.0,
            "steer": 0.0
        },
        {
            "throttle": 0.7999350795329132,
            "brake": 0.0,
            "steer": 0.0
        },
        {
            "throttle": 0.8054444044920289,
            "brake": 0.0,
            "steer": 0.0
        },
        {
            "throttle": 0.8101282178081947,
            "brake": 0.0,
            "steer": 0.0
        },
        {
            "throttle": 0.8139667825144953,
            "brake": 0.0,
            "steer": 0.0
        },
        {
            "throttle": 0.8169433791156897,
            "brake": 0.0,
            "steer": 0.0
        },
        {
            "throttle": 0.8190442842483163,
            "brake": 0.0,
            "steer": 0.0
        },
        {
            "throttle": 0.8202587478073231,
            "brake": 0.0,
            "steer": 0.0
        },
        {
            "throttle": 0.8205789679261045,
            "brake": 0.0,
            "steer": 0.0
        },
        {
            "throttle": 0.8200000632704273,
            "brake": 0.0,
            "steer": 0.0
        },
        {
            "throttle": 0.8185200421750423,
            "brake": 0.0,
            "steer": 0.0
        },
        {
            "throttle": 0.8161397682153215,
            "brake": 0.0,
            "steer": 0.0
        },
        {
            "throttle": 0.8128629218654438,
            "brake": 0.0,
            "steer": 0.0
        },
        {
            "throttle": 0.8086959579498786,
            "brake": 0.0,
            "steer": 0.0
        },
        {
            "throttle": 0.8036480586465071,
            "brake": 0.0,
            "steer": 0.0
        },
        {
            "throttle": 0.7977310818479965,
            "brake": 0.0,
            "steer": 0.0
        },
        {
            "throttle": 0.7909595047332472,
            "brake": 0.0,
            "steer": 0.0
        },
        {
            "throttle": 0.7833503624431263,
            "brake": 0.0,
            "steer": 0.0
        },
        {
            "throttle": 0.7749231817944592,
            "brake": 0.0,
            "steer": 0.0
        },
        {
            "throttle": 0.765699910003587,
            "brake": 0.0,
            "steer": 0.0
        },
        {
            "throttle": 0.7557048384258435,
            "brake": 0.0,
            "steer": 0.0
        },
        {
            "throttle": 0.7449645213502153,
            "brake": 0.0,
            "steer": 0.0
        },
        {
            "throttle": 0.7335076899193391,
            "brake": 0.0,
            "steer": 0.0
        },
        {
            "throttle": 0.7213651612739664,
            "brake": 0.0,
            "steer": 0.0
        },
        {
            "throttle": 0.70856974304818,
            "brake": 0.0,
            "steer": 0.0
        },
        {
            "throttle": 0.6951561333670572,
            "brake": 0.0,
            "steer": 0.0
        },
        {
            "throttle": 0.681160816522215,
            "brake": 0.0,
            "steer": 0.0
        },
        {
            "throttle": 0.6666219545227946,
            "brake": 0.0,
            "steer": 0.0
        },
        {
            "throttle": 0.651579274740002,
            "brake": 0.0,
            "steer": 0.0
        },
        {
            "throttle": 0.6360739538823721,
            "brake": 0.0,
            "steer": 0.0
        },
        {
            "throttle": 0.6201484985564789,
            "brake": 0.0,
            "steer": 0.0
        },
        {
            "throttle": 0.60384662268394,
            "brake": 0.0,
            "steer": 0.0
        },
        {
            "throttle": 0.5872131220602615,
            "brake": 0.0,
            "steer": 0.0
        },
        {
            "throttle": 0.5702937463543853,
            "brake": 0.0,
            "steer": 0.0
        },
        {
            "throttle": 0.5531350688597405,
            "brake": 0.0,
            "steer": 0.0
        },
        {
            "throttle": 0.5357843543182035,
            "brake": 0.0,
            "steer": 0.0
        },
        {
            "throttle": 0.5182894251476385,
            "brake": 0.0,
            "steer": 0.0
        },
        {
            "throttle": 0.5006985264116559,
            "brake": 0.0,
            "steer": 0.0
        },
        {
            "throttle": 0.48306018987688976,
            "brake": 0.0,
            "steer": 0.0
        },
        {
            "throttle": 0.4654230975084982,
            "brake": 0.0,
            "steer": 0.0
        },
        {
            "throttle": 0.4478359447587202,
            "brake": 0.0,
            "steer": 0.0
        },
        {
            "throttle": 0.43034730400622206,
            "brake": 0.0,
            "steer": 0.0
        },
        {
            "throttle": 0.41300548850563945,
            "brake": 0.0,
            "steer": 0.0
        },
        {
            "throttle": 0.39585841720718784,
            "brake": 0.0,
            "steer": 0.0
        },
        {
            "throttle": 0.3789534808054985,
            "brake": 0.0,
            "steer": 0.0
        },
        {
            "throttle": 0.3623374093749575,
            "brake": 0.0,
            "steer": 0.0
        },
        {
            "throttle": 0.34605614194580103,
            "brake": 0.0,
            "steer": 0.0
        },
        {
            "throttle": 0.3301546983710811,
            "brake": 0.0,
            "steer": 0.0
        },
        {
            "throttle": 0.314677053829381,
            "brake": 0.0,
            "steer": 0.0
        },
        {
            "throttle": 0.2996660163018606,
            "brake": 0.0,
            "steer": 0.0
        },
        {
            "throttle": 0.2851631073548725,
            "brake": 0.0,
            "steer": 0.0
        },
        {
            "throttle": 0.2712084465510454,
            "brake": 0.0,
            "steer": 0.0
        },
        {
            "throttle": 0.2578406398024121,
            "brake": 0.0,
            "steer": 0.0
        },
        {
            "throttle": 0.2450966719688938,
            "brake": 0.0,
            "steer": 0.0
        },
        {
            "throttle": 0.23301180399428933,
            "brake": 0.0,
            "steer": 0.0
        },
        {
            "throttle": 0.22161947485987882,
            "brake": 0.0,
            "steer": 0.0
        },
        {
            "throttle": 0.21095120862288808,
            "brake": 0.0,
            "steer": 0.0
        },
        {
            "throttle": 0.20103652679340728,
            "brake": 0.0,
            "steer": 0.0
        },
        {
            "throttle": 0.19190286628895908,
            "brake": 0.0,
            "steer": 0.0
        },
        {
            "throttle": 0.18357550319081248,
            "brake": 0.0,
            "steer": 0.0
        },
        {
            "throttle": 0.1760774825103833,
            "brake": 0.0,
            "steer": 0.0
        },
        {
            "throttle": 0.1694295541576996,
            "brake": 0.0,
            "steer": 0.0
        },
        {
            "throttle": 0.1636501152869872,
            "brake": 0.0,
            "steer": 0.0
        },
        {
            "throttle": 0.15875515917699587,
            "brake": 0.0,
            "steer": 0.0
        },
        {
            "throttle": 0.15475823078579642,
            "brake": 0.0,
            "steer": 0.0
        },
        {
            "throttle": 0.1516703891014755,
            "brake": 0.0,
            "steer": 0.0
        },
        {
            "throttle": 0.14950017639150237,
            "brake": 0.0,
            "steer": 0.0
        },
        {
            "throttle": 0.14825359443458322,
            "brake": 0.0,
            "steer": 0.0
        },
        {
            "throttle": 0.14793408779961692,
            "brake": 0.0,
            "steer": 0.0
        },
        {
            "throttle": 0.14854253421696795,
            "brake": 0.0,
            "steer": 0.0
        },
        {
            "throttle": 0.15007724206774023,
            "brake": 0.0,
            "steer": 0.0
        },
        {
            "throttle": 0.15253395499711936,
            "brake": 0.0,
            "steer": 0.0
        },
        {
            "throttle": 0.15590586363820821,
            "brake": 0.0,
            "steer": 0.0
        },
        {
            "throttle": 0.1601836244131682,
            "brake": 0.0,
            "steer": 0.0
        },
        {
            "throttle": 0.16535538535894762,
            "brake": 0.0,
            "steer": 0.0
        },
        {
            "throttle": 0.1714068189054893,
            "brake": 0.0,
            "steer": 0.0
        },
        {
            "throttle": 0.1783211615151109,
            "brake": 0.0,
            "steer": 0.0
        },
        {
            "throttle": 0.18607926007280143,
            "brake": 0.0,
            "steer": 0.0
        },
        {
            "throttle": 0.19465962489852737,
            "brake": 0.0,
            "steer": 0.0
        },
        {
            "throttle": 0.2040384892343433,
            "brake": 0.0,
            "steer": 0.0
        },
        {
            "throttle": 0.21418987504120787,
            "brake": 0.0,
            "steer": 0.0
        },
        {
            "throttle": 0.2250856649229644,
            "brake": 0.0,
            "steer": 0.0
        },
        {
            "throttle": 0.20257709843066796,
            "brake": 0.07610578623461796,
            "steer": 0.0
        },
        {
            "throttle": 0.18231938858760116,
            "brake": 0.14460099384577413,
            "steer": 0.0
        },
        {
            "throttle": 0.16408744972884104,
            "brake": 0.2062466806958147,
            "steer": 0.0
        },
        {
            "throttle": 0.14767870475595693,
            "brake": 0.2617277988608512,
            "steer": 0.0
        },
        {
            "throttle": 0.13291083428036124,
            "brake": 0.31166080520938405,
            "steer": 0.0
        },
        {
            "throttle": 0.11961975085232512,
            "brake": 0.3566005109230636,
            "steer": 0.0
        },
        {
            "throttle": 0.10765777576709261,
            "brake": 0.3970462460653752,
            "steer": 0.0
        },
        {
            "throttle": 0.09689199819038335,
            "brake": 0.43344740769345563,
            "steer": 0.0
        },
        {
            "throttle": 0.08720279837134502,
            "brake": 0.466208453158728,
            "steer": 0.0
        },
        {
            "throttle": 0.07848251853421052,
            "brake": 0.49569339407747315,
            "steer": 0.0
        },
        {
            "throttle": 0.07063426668078947,
            "brake": 0.5222298409043438,
            "steer": 0.0
        },
        {
            "throttle": 0.06357084001271052,
            "brake": 0.5461126430485274,
            "steer": 0.0
        },
        {
            "throttle": 0.057213756011439465,
            "brake": 0.5676071649782926,
            "steer": 0.0
        },
        {
            "throttle": 0.05149238041029552,
            "brake": 0.5869522347150813,
            "steer": 0.0
        },
        {
            "throttle": 0.04634314236926597,
            "brake": 0.6043627974781911,
            "steer": 0.0
        },
        {
            "throttle": 0.04170882813233937,
            "brake": 0.62003230396499,
            "steer": 0.0
        },
        {
            "throttle": 0.03753794531910543,
            "brake": 0.6341348598031089,
            "steer": 0.0
        },
        {
            "throttle": 0.03378415078719489,
            "brake": 0.646827160057416,
            "steer": 0.0
        },
        {
            "throttle": 0.030405735708475403,
            "brake": 0.6582502302862924,
            "steer": 0.0
        },
        {
            "throttle": 0.027365162137627862,
            "brake": 0.6685309934922811,
            "steer": 0.0
        },
        {
            "throttle": 0.024628645923865076,
            "brake": 0.6777836803776709,
            "steer": 0.0
        },
        {
            "throttle": 0.02216578133147857,
            "brake": 0.6861110985745218,
            "steer": 0.0
        },
        {
            "throttle": 0.09430456079534832,
            "brake": 0.6174999887170697,
            "steer": 0.0
        },
        {
            "throttle": 0.16060818808500318,
            "brake": 0.5557499898453627,
            "steer": 0.0
        },
        {
            "throttle": 0.22158418542583785,
            "brake": 0.5001749908608265,
            "steer": 0.0
        },
        {
            "throttle": 0.27768571476035653,
            "brake": 0.45015749177474385,
            "steer": 0.0
        },
        {
            "throttle": 0.32931723424024806,
            "brake": 0.4051417425972695,
            "steer": 0.0
        },
        {
            "throttle": 0.37683959845157133,
            "brake": 0.36462756833754256,
            "steer": 0.0
        },
        {
            "throttle": 0.4205746573631559,
            "brake": 0.3281648115037883,
            "steer": 0.0
        },
        {
            "throttle": 0.4608094034650906,
            "brake": 0.29534833035340946,
            "steer": 0.0
        },
        {
            "throttle": 0.4977997115950925,
            "brake": 0.2658134973180685,
            "steer": 0.0
        },
        {
            "throttle": 0.5317737114802712,
            "brake": 0.23923214758626168,
            "steer": 0.0
        },
        {
            "throttle": 0.5629348290004987,
            "brake": 0.21530893282763552,
            "steer": 0.0
        },
        {
            "throttle": 0.5914645285624254,
            "brake": 0.19377803954487197,
            "steer": 0.0
        },
        {
            "throttle": 0.6175247857197735,
            "brake": 0.17440023559038478,
            "steer": 0.0
        },
        {
            "throttle": 0.6412603162495587,
            "brake": 0.1569602120313463,
            "steer": 0.0
        },
        {
            "throttle": 0.6628005852626259,
            "brake": 0.14126419082821168,
            "steer": 0.0
        },
        {
            "throttle": 0.6822616175609033,
            "brake": 0.1271377717453905,
            "steer": 0.0
        },
        {
            "throttle": 0.6997476283265578,
            "brake": 0.11442399457085146,
            "steer": 0.0
        },
        {
            "throttle": 0.7153524913159288,
            "brake": 0.10298159511376632,
            "steer": 0.0
        },
        {
            "throttle": 0.7291610600122463,
            "brake": 0.09268343560238969,
            "steer": 0.0
        },
        {
            "throttle": 0.7412503556463452,
            "brake": 0.08341509204215072,
            "steer": 0.0
        },
        {
            "throttle": 0.7516906346064887,
            "brake": 0.07507358283793565,
            "steer": 0.0
        },
        {
            "throttle": 0.7605463465113079,
            "brake": 0.06756622455414209,
            "steer": 0.0
        },
        {
            "throttle": 0.7678769930996578,
            "brake": 0.06080960209872788,
            "steer": 0.0
        },
        {
            "throttle": 0.7737378970851548,
            "brake": 0.05472864188885509,
            "steer": 0.0
        },
        {
            "throttle": 0.7781808892198712,
            "brake": 0.04925577769996958,
            "steer": 0.0
        },
        {
            "throttle": 0.7812549210008005,
            "brake": 0.04433019992997263,
            "steer": 0.0
        },
        {
            "throttle": 0.7830066097249955,
            "brake": 0.03989717993697536,
            "steer": 0.0
        },
        {
            "throttle": 0.7834807219463622,
            "brake": 0.035907461943277826,
            "steer": 0.0
        },
        {
            "throttle": 0.7827206008014422,
            "brake": 0.032316715748950044,
            "steer": 0.0
        },
        {
            "throttle": 0.7807685421463406,
            "brake": 0.02908504417405504,
            "steer": 0.0
        },
        {
            "throttle": 0.7776661239761645,
            "brake": 0.026176539756649537,
            "steer": 0.0
        },
        {
            "throttle": 0.7734544931764147,
            "brake": 0.023558885780984584,
            "steer": 0.0
        },
        {
            "throttle": 0.768174613277763,
            "brake": 0.021202997202886126,
            "steer": 0.0
        },
        {
            "throttle": 0.7618674765470966,
            "brake": 0.019082697482597513,
            "steer": 0.0
        },
        {
            "throttle": 0.7545742834445728,
            "brake": 0.017174427734337763,
            "steer": 0.0
        },
        {
            "throttle": 0.7463365922050988,
            "brake": 0.015456984960903987,
            "steer": 0.0
        },
        {
            "throttle": 0.7371964410598532,
            "brake": 0.013911286464813589,
            "steer": 0.0
        },
        {
            "throttle": 0.7271964453962451,
            "brake": 0.01252015781833223,
            "steer": 0.0
        },
        {
            "throttle": 0.7163798719604361,
            "brake": 0.011268142036499007,
            "steer": 0.0
        },
        {
            "throttle": 0.7047906920328038,
            "brake": 0.010141327832849106,
            "steer": 0.0
        },
        {
            "throttle": 0.6924736153513793,
            "brake": 0.009127195049564196,
            "steer": 0.0
        },
        {
            "throttle": 0.679474106419376,
            "brake": 0.008214475544607776,
            "steer": 0.0
        },
        {
            "throttle": 0.6658383847087123,
            "brake": 0.007393027990146999,
            "steer": 0.0
        },
        {
            "throttle": 0.6516134101603246,
            "brake": 0.006653725191132299,
            "steer": 0.0
        },
        {
            "throttle": 0.6368468552826536,
            "brake": 0.0059883526720190695,
            "steer": 0.0
        },
        {
            "throttle": 0.6215870650606806,
            "brake": 0.005389517404817162,
            "steer": 0.0
        },
        {
            "throttle": 0.6058830058081431,
            "brake": 0.004850565664335446,
            "steer": 0.0
        },
        {
            "throttle": 0.589784204024021,
            "brake": 0.004365509097901902,
            "steer": 0.0
        },
        {
            "throttle": 0.5733406762501254,
            "brake": 0.003928958188111712,
            "steer": 0.0
        },
        {
            "throttle": 0.5566028508687992,
            "brake": 0.0035360623693005406,
            "steer": 0.0
        },
        {
            "throttle": 0.5396214827275834,
            "brake": 0.0031824561323704867,
            "steer": 0.0
        },
        {
            "throttle": 0.5224475614305463,
            "brake": 0.002864210519133438,
            "steer": 0.0
        },
        {
            "throttle": 0.505132214093188,
            "brake": 0.0025777894672200942,
            "steer": 0.0
        },
        {
            "throttle": 0.4877266033188757,
            "brake": 0.0023200105204980847,
            "steer": 0.0
        },
        {
            "throttle": 0.47028182111913547,
            "brake": 0.0020880094684482763,
            "steer": 0.0
        },
        {
            "throttle": 0.4528487794673871,
            "brake": 0.0018792085216034486,
            "steer": 0.0
        },
        {
            "throttle": 0.4075639015206484,
            "brake": 0.07779707390406106,
            "steer": 0.0
        },
        {
            "throttle": 0.3668075113685836,
            "brake": 0.14612315274827292,
            "steer": 0.0
        },
        {
            "throttle": 0.3301267602317252,
            "brake": 0.2076166237080636,
            "steer": 0.0
        },
        {
            "throttle": 0.2971140842085527,
            "brake": 0.2629607475718752,
            "steer": 0.0
        },
        {
            "throttle": 0.26740267578769744,
            "brake": 0.31277045904930567,
            "steer": 0.0
        },
        {
            "throttle": 0.2406624082089277,
            "brake": 0.35759919937899304,
            "steer": 0.0
        },
        {
            "throttle": 0.21659616738803494,
            "brake": 0.3979450656757117,
            "steer": 0.0
        },
        {
            "throttle": 0.19493655064923146,
            "brake": 0.4342563453427585,
            "steer": 0.0
        },
        {
            "throttle": 0.1754428955843083,
            "brake": 0.4669364970431006,
            "steer": 0.0
        },
        {
            "throttle": 0.1578986060258775,
            "brake": 0.49634863357340847,
            "steer": 0.0
        }
    ],
    "parameters": {
        "cloudiness": 10.799889841811726,
        "fog_density": 9.572023416645923,
        "initial_distance": 19.74471219198185,
        "initial_ego_velocity": 14.161671139633597,
        "initial_lead_velocity": 8.49582987172222,
        "lead_base_throttle": 0.4829591655848836,
        "lead_behavior_frequency": 0.08376825875846515,
        "lead_brake_duration": 22.82257565183806,
        "lead_brake_intensity": 0.7610578623461796,
        "lead_brake_probability": 0.18998476782259852,
        "lead_throttle_variation": 0.37447712168634945,
        "precipitation": 65.25715431276879,
        "precipitation_deposits": 24.176617324493566,
        "sun_altitude_angle": 72.32290093792024,
        "wind_intensity": 39.245715422016026
    },
    "config": {
        "num_timesteps": 200,
        "dt": 0.1,
        "seed": 161
    }
}