{
    "weather": {
        "cloudiness": 92.01836762682552,
        "precipitation": 37.725195862641655,
        "precipitation_deposits": 53.057331642520126,
        "wind_intensity": 3.2756859583754183,
        "sun_altitude_angle": 44.50196924793528,
        "fog_density": 14.465895697019828,
        "fog_distance": 617.4257113434376,
        "wetness": 18.862597931320828
    },
    "initial_conditions": {
        "ego": {
            "position": {
                "x": 536.4755706836743,
                "y": 20.57,
                "z": 0.294
            },
            "yaw": 0.0,
            "velocity": 10.575501590573232
        },
        "lead": {
            "position": {
                "x": 484.88,
                "y": 20.57,
                "z": 0.294
            },
            "yaw": 0.0,
            "velocity": 16.386312954962712
        }
    },
    "ego": {
        "position": {
            "x": 536.4755706836743,
            "y": 20.57,
            "z": 0.294
        },
        "yaw": 0.0,
        "velocity": 10.575501590573232
    },
    "lead": {
        "position": {
            "x": 484.88,
            "y": 20.57,
            "z": 0.294
        },
        "yaw": 0.0,
        "velocity": 16.386312954962712
    },
    "ado_actions": [
        {
            "throttle": 0.2516076620907734,
            "brake": 0.040520225514737024,
            "steer": 0.0
        },
        {
            "throttle": 0.22644689588169606,
            "brake": 0.07698842847800035,
            "steer": 0.0
        },
        {
            "throttle": 0.20380220629352647,
            "brake": 0.10980981114493733,
            "steer": 0.0
        },
        {
            "throttle": 0.18342198566417384,
            "brake": 0.13934905554518062,
            "steer": 0.0
        },
        {
            "throttle": 0.16507978709775645,
            "brake": 0.16593437550539958,
            "steer": 0.0
        },
        {
            "throttle": 0.1485718083879808,
            "brake": 0.18986116346959664,
            "steer": 0.0
        },
        {
            "throttle": 0.13371462754918273,
            "brake": 0.211395272637374,
            "steer": 0.0
        },
        {
            "throttle": 0.12034316479426446,
            "brake": 0.23077597088837365,
            "steer": 0.0
        },
        {
            "throttle": 0.10830884831483802,
            "brake": 0.2482185993142733,
            "steer": 0.0
        },
        {
            "throttle": 0.09747796348335422,
            "brake": 0.263916964897583,
            "steer": 0.0
        },
        {
            "throttle": 0.0877301671350188,
            "brake": 0.2780454939225617,
            "steer": 0.0
        },
        {
            "throttle": 0.07895715042151692,
            "brake": 0.29076117004504254,
            "steer": 0.0
        },
        {
            "throttle": 0.07106143537936523,
            "brake": 0.30220527855527535,
            "steer": 0.0
        },
        {
            "throttle": 0.0639552918414287,
            "brake": 0.3125049762144848,
            "steer": 0.0
        },
        {
            "throttle": 0.05755976265728583,
            "brake": 0.3217747041077733,
            "steer": 0.0
        },
        {
            "throttle": 0.05180378639155725,
            "brake": 0.33011745921173297,
            "steer": 0.0
        },
        {
            "throttle": 0.04662340775240153,
            "brake": 0.3376259388052967,
            "steer": 0.0
        },
        {
            "throttle": 0.04196106697716138,
            "brake": 0.34438357043950407,
            "steer": 0.0
        },
        {
            "throttle": 0.03776496027944524,
            "brake": 0.3504654389102907,
            "steer": 0.0
        },
        {
            "throttle": 0.03398846425150071,
            "brake": 0.3559391205339987,
            "steer": 0.0
        },
        {
            "throttle": 0.05907466114990681,
            "brake": 0.32034520848059883,
            "steer": 0.0
        },
        {
            "throttle": 0.08165050944929297,
            "brake": 0.288310687632539,
            "steer": 0.0
        },
        {
            "throttle": 0.10196378602984724,
            "brake": 0.2594796188692851,
            "steer": 0.0
        },
        {
            "throttle": 0.12023752091871912,
            "brake": 0.23353165698235662,
            "steer": 0.0
        },
        {
            "throttle": 0.1366724919294364,
            "brake": 0.21017849128412097,
            "steer": 0.0
        },
        {
            "throttle": 0.15144946952334065,
            "brake": 0.18916064215570888,
            "steer": 0.0
        },
        {
            "throttle": 0.16473123674940093,
            "brake": 0.170244577940138,
            "steer": 0.0
        },
        {
            "throttle": 0.17666440663582156,
            "brake": 0.1532201201461242,
            "steer": 0.0
        },
        {
            "throttle": 0.18738105717294587,
            "brake": 0.1378981081315118,
            "steer": 0.0
        },
        {
            "throttle": 0.19700020201714666,
            "brake": 0.12410829731836062,
            "steer": 0.0
        },
        {
            "throttle": 0.20562911323725316,
            "brake": 0.11169746758652456,
            "steer": 0.0
        },
        {
            "throttle": 0.21336451079839364,
            "brake": 0.1005277208278721,
            "steer": 0.0
        },
        {
            "throttle": 0.22029363201475421,
            "brake": 0.0904749487450849,
            "steer": 0.0
        },
        {
            "throttle": 0.22649519288629838,
            "brake": 0.08142745387057641,
            "steer": 0.0
        },
        {
            "throttle": 0.23204025205022638,
            "brake": 0.07328470848351877,
            "steer": 0.0
        },
        {
            "throttle": 0.23699298701261515,
            "brake": 0.06595623763516689,
            "steer": 0.0
        },
        {
            "throttle": 0.24141139136732537,
            "brake": 0.0593606138716502,
            "steer": 0.0
        },
        {
            "throttle": 0.24534790084714594,
            "brake": 0.05342455248448518,
            "steer": 0.0
        },
        {
            "throttle": 0.24884995527658926,
            "brake": 0.04808209723603667,
            "steer": 0.0
        },
        {
            "throttle": 0.25196050279804244,
            "brake": 0.043273887512433,
            "steer": 0.0
        },
        {
            "throttle": 0.2547184521152773,
            "brake": 0.038946498761189705,
            "steer": 0.0
        },
        {
            "throttle": 0.2571590779335687,
            "brake": 0.035051848885070735,
            "steer": 0.0
        },
        {
            "throttle": 0.2593143842675077,
            "brake": 0.03154666399656366,
            "steer": 0.0
        },
        {
            "throttle": 0.2612134298303105,
            "brake": 0.028391997596907297,
            "steer": 0.0
        },
        {
            "throttle": 0.2628826193068585,
            "brake": 0.02555279783721657,
            "steer": 0.0
        },
        {
            "throttle": 0.26434596394223686,
            "brake": 0.02299751805349491,
            "steer": 0.0
        },
        {
            "throttle": 0.2656253145439883,
            "brake": 0.02069776624814542,
            "steer": 0.0
        },
        {
            "throttle": 0.2667405696959244,
            "brake": 0.018627989623330878,
            "steer": 0.0
        },
        {
            "throttle": 0.2677098617107512,
            "brake": 0.01676519066099779,
            "steer": 0.0
        },
        {
            "throttle": 0.2685497226049454,
            "brake": 0.015088671594898012,
            "steer": 0.0
        },
        {
            "throttle": 0.2692752321595213,
            "brake": 0.013579804435408212,
            "steer": 0.0
        },
        {
            "throttle": 0.2699001499321043,
            "brake": 0.012221823991867392,
            "steer": 0.0
        },
        {
            "throttle": 0.27043703290687077,
            "brake": 0.010999641592680652,
            "steer": 0.0
        },
        {
            "throttle": 0.2708973403074345,
            "brake": 0.009899677433412588,
            "steer": 0.0
        },
        {
            "throttle": 0.2712915269518818,
            "brake": 0.00890970969007133,
            "steer": 0.0
        },
        {
            "throttle": 0.2716291263972745,
            "brake": 0.008018738721064197,
            "steer": 0.0
        },
        {
            "throttle": 0.27191882500161974,
            "brake": 0.007216864848957777,
            "steer": 0.0
        },
        {
            "throttle": 0.2721685279232538,
            "brake": 0.006495178364062,
            "steer": 0.0
        },
        {
            "throttle": 0.2723854179796518,
            "brake": 0.0058456605276558,
            "steer": 0.0
        },
        {
            "throttle": 0.27257600819881606,
            "brake": 0.00526109447489022,
            "steer": 0.0
        },
        {
            "throttle": 0.2727461888156876,
            "brake": 0.004734985027401198,
            "steer": 0.0
        },
        {
            "throttle": 0.27290126939263526,
            "brake": 0.0042614865246610786,
            "steer": 0.0
        },
        {
            "throttle": 0.27304601667626016,
            "brake": 0.0038353378721949706,
            "steer": 0.0
        },
        {
            "throttle": 0.2731846887418493,
            "brake": 0.0034518040849754734,
            "steer": 0.0
        },
        {
            "throttle": 0.27332106592122657,
            "brake": 0.003106623676477926,
            "steer": 0.0
        },
        {
            "throttle": 0.27345847895894876,
            "brake": 0.0027959613088301334,
            "steer": 0.0
        },
        {
            "throttle": 0.2735998347953163,
            "brake": 0.00251636517794712,
            "steer": 0.0
        },
        {
            "throttle": 0.2737476403320842,
            "brake": 0.002264728660152408,
            "steer": 0.0
        },
        {
            "throttle": 0.27390402449770196,
            "brake": 0.0020382557941371676,
            "steer": 0.0
        },
        {
            "throttle": 0.27407075889304766,
            "brake": 0.0018344302147234508,
            "steer": 0.0
        },
        {
            "throttle": 0.2742492772656592,
            "brake": 0.0016509871932511057,
            "steer": 0.0
        },
        {
            "throttle": 0.2744406940301421,
            "brake": 0.0014858884739259951,
            "steer": 0.0
        },
        {
            "throttle": 0.27464582202452326,
            "brake": 0.0013372996265333956,
            "steer": 0.0
        },
        {
            "throttle": 0.2748651896666143,
            "brake": 0.001203569663880056,
            "steer": 0.0
        },
        {
            "throttle": 0.2750990576507737,
            "brake": 0.0010832126974920505,
            "steer": 0.0
        },
        {
            "throttle": 0.2753474353036516,
            "brake": 0.0009748914277428455,
            "steer": 0.0
        },
        {
            "throttle": 0.2756100966974259,
            "brake": 0.0008774022849685609,
            "steer": 0.0
        },
        {
            "throttle": 0.2758865966005764,
            "brake": 0.0007896620564717048,
            "steer": 0.0
        },
        {
            "throttle": 0.2761762863292775,
            "brake": 0.0007106958508245343,
            "steer": 0.0
        },
        {
            "throttle": 0.2764783295469364,
            "brake": 0.0006396262657420809,
            "steer": 0.0
        },
        {
            "throttle": 0.2767917180451686,
            "brake": 0.0005756636391678728,
            "steer": 0.0
        },
        {
            "throttle": 0.27711528752651965,
            "brake": 0.0005180972752510856,
            "steer": 0.0
        },
        {
            "throttle": 0.2774477333974424,
            "brake": 0.00046628754772597706,
            "steer": 0.0
        },
        {
            "throttle": 0.27778762656936656,
            "brake": 0.00041965879295337934,
            "steer": 0.0
        },
        {
            "throttle": 0.2781334292560977,
            "brake": 0.0003776929136580414,
            "steer": 0.0
        },
        {
            "throttle": 0.27848351074721145,
            "brake": 0.0003399236222922373,
            "steer": 0.0
        },
        {
            "throttle": 0.27883616312952475,
            "brake": 0.00030593126006301356,
            "steer": 0.0
        },
        {
            "throttle": 0.27918961692208233,
            "brake": 0.0002753381340567122,
            "steer": 0.0
        },
        {
            "throttle": 0.27954205658437004,
            "brake": 0.000247804320651041,
            "steer": 0.0
        },
        {
            "throttle": 0.27989163585260984,
            "brake": 0.0002230238885859369,
            "steer": 0.0
        },
        {
            "throttle": 0.2802364928549807,
            "brake": 0.00020072149972734322,
            "steer": 0.0
        },
        {
            "throttle": 0.2805747649534085,
            "brake": 0.0001806493497546089,
            "steer": 0.0
        },
        {
            "throttle": 0.2809046032571493,
            "brake": 0.00016258441477914803,
            "steer": 0.0
        },
        {
            "throttle": 0.28122418675172006,
            "brake": 0.00014632597330123322,
            "steer": 0.0
        },
        {
            "throttle": 0.2815317359857795,
            "brake": 0.0001316933759711099,
            "steer": 0.0
        },
        {
            "throttle": 0.2818255262582983,
            "brake": 0.00011852403837399892,
            "steer": 0.0
        },
        {
            "throttle": 0.2821039002487521,
            "brake": 0.00010667163453659903,
            "steer": 0.0
        },
        {
            "throttle": 0.28236528003408595,
            "brake": 9.600447108293912e-05,
            "steer": 0.0
        },
        {
            "throttle": 0.28260817843780756,
            "brake": 8.640402397464521e-05,
            "steer": 0.0
        },
        {
            "throttle": 0.2828312096587287,
            "brake": 7.776362157718068e-05,
            "steer": 0.0
        },
        {
            "throttle": 0.2830330991295604,
            "brake": 6.998725941946262e-05,
            "steer": 0.0
        },
        {
            "throttle": 0.28321269255873566,
            "brake": 6.298853347751635e-05,
            "steer": 0.0
        },
        {
            "throttle": 0.28336896411245216,
            "brake": 5.668968012976472e-05,
            "steer": 0.0
        },
        {
            "throttle": 0.2835010236979515,
            "brake": 5.102071211678825e-05,
            "steer": 0.0
        },
        {
            "throttle": 0.2836081233134501,
            "brake": 4.591864090510942e-05,
            "steer": 0.0
        },
        {
            "throttle": 0.28368966243486143,
            "brake": 4.1326776814598483e-05,
            "steer": 0.0
        },
        {
            "throttle": 0.2837451924144662,
            "brake": 3.719409913313864e-05,
            "steer": 0.0
        },
        {
            "throttle": 0.2837744198719479,
            "brake": 3.347468921982478e-05,
            "steer": 0.0
        },
        {
            "throttle": 0.283777209063683,
            "brake": 3.01272202978423e-05,
            "steer": 0.0
        },
        {
            "throttle": 0.283753583221804,
            "brake": 2.711449826805807e-05,
            "steer": 0.0
        },
        {
            "throttle": 0.28370372486030915,
            "brake": 2.4403048441252264e-05,
            "steer": 0.0
        },
        {
            "throttle": 0.2836279750513231,
            "brake": 2.1962743597127037e-05,
            "steer": 0.0
        },
        {
            "throttle": 0.28352683168048076,
            "brake": 1.9766469237414333e-05,
            "steer": 0.0
        },
        {
            "throttle": 0.2834009466962704,
            "brake": 1.77898223136729e-05,
            "steer": 0.0
        },
        {
            "throttle": 0.2832511223739858,
            "brake": 1.601084008230561e-05,
            "steer": 0.0
        },
        {
            "throttle": 0.2830783066206682,
            "brake": 1.440975607407505e-05,
            "steer": 0.0
        },
        {
            "throttle": 0.2828835873530181,
            "brake": 1.2968780466667546e-05,
            "steer": 0.0
        },
        {
            "throttle": 0.28266818598569665,
            "brake": 1.1671902420000792e-05,
            "steer": 0.0
        },
        {
            "throttle": 0.28243345007266846,
            "brake": 1.0504712178000714e-05,
            "steer": 0.0
        },
        {
            "throttle": 0.28218084514923897,
            "brake": 9.454240960200643e-06,
            "steer": 0.0
        },
        {
            "throttle": 0.28191194582716317,
            "brake": 8.50881686418058e-06,
            "steer": 0.0
        },
        {
            "throttle": 0.2816284261996298,
            "brake": 7.657935177762523e-06,
            "steer": 0.0
        },
        {
            "throttle": 0.2813320496170171,
            "brake": 6.892141659986271e-06,
            "steer": 0.0
        },
        {
            "throttle": 0.2810246578980502,
            "brake": 6.202927493987644e-06,
            "steer": 0.0
        },
        {
            "throttle": 0.2807081600443399,
            "brake": 5.58263474458888e-06,
            "steer": 0.0
        },
        {
            "throttle": 0.2803845205292264,
            "brake": 5.0243712701299915e-06,
            "steer": 0.0
        },
        {
            "throttle": 0.28005574723436993,
            "brake": 4.521934143116993e-06,
            "steer": 0.0
        },
        {
            "throttle": 0.279723879109604,
            "brake": 4.069740728805293e-06,
            "steer": 0.0
        },
        {
            "throttle": 0.2793909736331875,
            "brake": 3.662766655924764e-06,
            "steer": 0.0
        },
        {
            "throttle": 0.27905909415074037,
            "brake": 3.2964899903322877e-06,
            "steer": 0.0
        },
        {
            "throttle": 0.2787302971718252,
            "brake": 2.966840991299059e-06,
            "steer": 0.0
        },
        {
            "throttle": 0.27840661970332903,
            "brake": 2.670156892169153e-06,
            "steer": 0.0
        },
        {
            "throttle": 0.27809006669851366,
            "brake": 2.403141202952238e-06,
            "steer": 0.0
        },
        {
            "throttle": 0.2777825986998305,
            "brake": 2.1628270826570143e-06,
            "steer": 0.0
        },
        {
            "throttle": 0.2774861197523511,
            "brake": 1.946544374391313e-06,
            "steer": 0.0
        },
        {
            "throttle": 0.2772024656629451,
            "brake": 1.7518899369521815e-06,
            "steer": 0.0
        },
        {
            "throttle": 0.27693339267816036,
            "brake": 1.5767009432569633e-06,
            "steer": 0.0
        },
        {
            "throttle": 0.2766805666511356,
            "brake": 1.419030848931267e-06,
            "steer": 0.0
        },
        {
            "throttle": 0.24901250998602206,
            "brake": 0.04052150264250106,
            "steer": 0.0
        },
        {
            "throttle": 0.22411125898741985,
            "brake": 0.07698957789298798,
            "steer": 0.0
        },
        {
            "throttle": 0.20170013308867787,
            "brake": 0.1098108456184262,
            "steer": 0.0
        },
        {
            "throttle": 0.1815301197798101,
            "brake": 0.1393499865713206,
            "steer": 0.0
        },
        {
            "throttle": 0.1633771078018291,
            "brake": 0.1659352134289256,
            "steer": 0.0
        },
        {
            "throttle": 0.1470393970216462,
            "brake": 0.18986191760077006,
            "steer": 0.0
        },
        {
            "throttle": 0.1323354573194816,
            "brake": 0.21139595135543007,
            "steer": 0.0
        },
        {
            "throttle": 0.11910191158753344,
            "brake": 0.2307765817346241,
            "steer": 0.0
        },
        {
            "throttle": 0.1071917204287801,
            "brake": 0.2482191490758987,
            "steer": 0.0
        },
        {
            "throttle": 0.0964725483859021,
            "brake": 0.26391745968304586,
            "steer": 0.0
        },
        {
            "throttle": 0.08682529354731189,
            "brake": 0.2780459392294783,
            "steer": 0.0
        },
        {
            "throttle": 0.0781427641925807,
            "brake": 0.2907615708212675,
            "steer": 0.0
        },
        {
            "throttle": 0.07032848777332264,
            "brake": 0.3022056392538778,
            "steer": 0.0
        },
        {
            "throttle": 0.06329563899599037,
            "brake": 0.31250530084322703,
            "steer": 0.0
        },
        {
            "throttle": 0.05696607509639134,
            "brake": 0.32177499627364137,
            "steer": 0.0
        },
        {
            "throttle": 0.0512694675867522,
            "brake": 0.3301177221610143,
            "steer": 0.0
        },
        {
            "throttle": 0.04614252082807698,
            "brake": 0.3376261754596499,
            "steer": 0.0
        },
        {
            "throttle": 0.041528268745269284,
            "brake": 0.3443837834284219,
            "steer": 0.0
        },
        {
            "throttle": 0.037375441870742356,
            "brake": 0.35046563060031677,
            "steer": 0.0
        },
        {
            "throttle": 0.03363789768366812,
            "brake": 0.35593929305502214,
            "steer": 0.0
        },
        {
            "throttle": 0.05815722232065146,
            "brake": 0.32034536374951994,
            "steer": 0.0
        },
        {
            "throttle": 0.08026597637819316,
            "brake": 0.288310827374568,
            "steer": 0.0
        },
        {
            "throttle": 0.10020541434789423,
            "brake": 0.2594797446371112,
            "steer": 0.0
        },
        {
            "throttle": 0.11819240830221367,
            "brake": 0.2335317701734001,
            "steer": 0.0
        },
        {
            "throttle": 0.1344218865045083,
            "brake": 0.2101785931560601,
            "steer": 0.0
        },
        {
            "throttle": 0.1490690297446916,
            "brake": 0.1891607338404541,
            "steer": 0.0
        },
        {
            "throttle": 0.16229124961586341,
            "brake": 0.17024466045640868,
            "steer": 0.0
        },
        {
            "throttle": 0.14606212465427706,
            "brake": 0.19374041992550484,
            "steer": 0.0
        },
        {
            "throttle": 0.13145591218884936,
            "brake": 0.2148866034476914,
            "steer": 0.0
        },
        {
            "throttle": 0.11831032096996442,
            "brake": 0.2339181686176593,
            "steer": 0.0
        },
        {
            "throttle": 0.10647928887296798,
            "brake": 0.2510465772706304,
            "steer": 0.0
        },
        {
            "throttle": 0.09583135998567119,
            "brake": 0.2664621450583044,
            "steer": 0.0
        },
        {
            "throttle": 0.08624822398710408,
            "brake": 0.28033615606721096,
            "steer": 0.0
        },
        {
            "throttle": 0.07762340158839368,
            "brake": 0.29282276597522694,
            "steer": 0.0
        },
        {
            "throttle": 0.06986106142955431,
            "brake": 0.30406071489244124,
            "steer": 0.0
        },
        {
            "throttle": 0.06287495528659888,
            "brake": 0.3141748689179341,
            "steer": 0.0
        },
        {
            "throttle": 0.056587459757938996,
            "brake": 0.32327760754087775,
            "steer": 0.0
        },
        {
            "throttle": 0.0509287137821451,
            "brake": 0.33147007230152703,
            "steer": 0.0
        },
        {
            "throttle": 0.04583584240393059,
            "brake": 0.3388432905861114,
            "steer": 0.0
        },
        {
            "throttle": 0.04125225816353753,
            "brake": 0.34547918704223735,
            "steer": 0.0
        },
        {
            "throttle": 0.03712703234718378,
            "brake": 0.35145149385275065,
            "steer": 0.0
        },
        {
            "throttle": 0.033414329112465405,
            "brake": 0.3568265699822126,
            "steer": 0.0
        },
        {
            "throttle": 0.030072896201218866,
            "brake": 0.36166413849872836,
            "steer": 0.0
        },
        {
            "throttle": 0.02706560658109698,
            "brake": 0.3660179501635925,
            "steer": 0.0
        },
        {
            "throttle": 0.02435904592298728,
            "brake": 0.3699363806619703,
            "steer": 0.0
        },
        {
            "throttle": 0.021923141330688553,
            "brake": 0.3734629681105103,
            "steer": 0.0
        },
        {
            "throttle": 0.019730827197619698,
            "brake": 0.3766368968141963,
            "steer": 0.0
        },
        {
            "throttle": 0.04619818028850668,
            "brake": 0.3389732071327767,
            "steer": 0.0
        },
        {
            "throttle": 0.070000601700479,
            "brake": 0.305075886419499,
            "steer": 0.0
        },
        {
            "throttle": 0.09140170426108929,
            "brake": 0.2745682977775491,
            "steer": 0.0
        },
        {
            "throttle": 0.08226153383498036,
            "brake": 0.2876316935145312,
            "steer": 0.0
        },
        {
            "throttle": 0.07403538045148232,
            "brake": 0.29938874967781515,
            "steer": 0.0
        },
        {
            "throttle": 0.06663184240633409,
            "brake": 0.3099701002247707,
            "steer": 0.0
        },
        {
            "throttle": 0.05996865816570068,
            "brake": 0.31949331571703066,
            "steer": 0.0
        },
        {
            "throttle": 0.05397179234913062,
            "brake": 0.32806420966006467,
            "steer": 0.0
        },
        {
            "throttle": 0.048574613114217555,
            "brake": 0.3357780142087953,
            "steer": 0.0
        },
        {
            "throttle": 0.0437171518027958,
            "brake": 0.34272043830265275,
            "steer": 0.0
        },
        {
            "throttle": 0.03934543662251622,
            "brake": 0.3489686199871245,
            "steer": 0.0
        },
        {
            "throttle": 0.035410892960264596,
            "brake": 0.354591983503149,
            "steer": 0.0
        },
        {
            "throttle": 0.03186980366423814,
            "brake": 0.35965301066757116,
            "steer": 0.0
        },
        {
            "throttle": 0.028682823297814325,
            "brake": 0.36420793511555105,
            "steer": 0.0
        },
        {
            "throttle": 0.025814540968032894,
            "brake": 0.368307367118733,
            "steer": 0.0
        }
    ],
    "parameters": {
        "cloudiness": 92.01836762682552,
        "fog_density": 14.465895697019828,
        "initial_distance": 51.595570683674225,
        "initial_ego_velocity": 10.575501590573232,
        "initial_lead_velocity": 16.386312954962712,
        "lead_base_throttle": 0.2795640689897482,
        "lead_behavior_frequency": 0.1251811899047292,
        "lead_brake_duration": 20.543986001930364,
        "lead_brake_intensity": 0.4052022551473702,
        "lead_brake_probability": 0.29245665313055086,
        "lead_throttle_variation": 0.005286377948816235,
        "precipitation": 37.725195862641655,
        "precipitation_deposits": 53.057331642520126,
        "sun_altitude_angle": 44.50196924793528,
        "wind_intensity": 3.2756859583754183
    },
    "config": {
        "num_timesteps": 200,
        "dt": 0.1,
        "seed": 219
    }
}