{
    "weather": {
        "cloudiness": 27.233068205078293,
        "precipitation": 49.52192872111466,
        "precipitation_deposits": 51.693890008565646,
        "wind_intensity": 27.86052946949144,
        "sun_altitude_angle": 15.48300362325132,
        "fog_density": 1.9659894601645078,
        "fog_distance": 936.5681563541483,
        "wetness": 24.76096436055733
    },
    "initial_conditions": {
        "ego": {
            "position": {
                "x": 519.0387441026617,
                "y": 20.57,
                "z": 0.294
            },
            "yaw": 0.0,
            "velocity": 10.313322803777721
        },
        "lead": {
            "position": {
                "x": 484.88,
                "y": 20.57,
                "z": 0.294
            },
            "yaw": 0.0,
            "velocity": 9.400395299777898
        }
    },
    "ego": {
        "position": {
            "x": 519.0387441026617,
            "y": 20.57,
            "z": 0.294
        },
        "yaw": 0.0,
        "velocity": 10.313322803777721
    },
    "lead": {
        "position": {
            "x": 484.88,
            "y": 20.57,
            "z": 0.294
        },
        "yaw": 0.0,
        "velocity": 9.400395299777898
    },
    "ado_actions": [
        {
            "throttle": 0.37948101408057944,
            "brake": 0.0,
            "steer": 0.0
        },
        {
            "throttle": 0.38305799373655386,
            "brake": 0.0,
            "steer": 0.0
        },
        {
            "throttle": 0.38979222957763504,
            "brake": 0.0,
            "steer": 0.0
        },
        {
            "throttle": 0.3992450205087905,
            "brake": 0.0,
            "steer": 0.0
        },
        {
            "throttle": 0.4109627179913131,
            "brake": 0.0,
            "steer": 0.0
        },
        {
            "throttle": 0.4244813731127832,
            "brake": 0.0,
            "steer": 0.0
        },
        {
            "throttle": 0.4393318841956326,
            "brake": 0.0,
            "steer": 0.0
        },
        {
            "throttle": 0.4550455234909854,
            "brake": 0.0,
            "steer": 0.0
        },
        {
            "throttle": 0.47115971815032076,
            "brake": 0.0,
            "steer": 0.0
        },
        {
            "throttle": 0.4872239591556325,
            "brake": 0.0,
            "steer": 0.0
        },
        {
            "throttle": 0.5028057122775523,
            "brake": 0.0,
            "steer": 0.0
        },
        {
            "throttle": 0.5174962074425956,
            "brake": 0.0,
            "steer": 0.0
        },
        {
            "throttle": 0.5309159871112671,
            "brake": 0.0,
            "steer": 0.0
        },
        {
            "throttle": 0.5427201003485167,
            "brake": 0.0,
            "steer": 0.0
        },
        {
            "throttle": 0.5526028371226539,
            "brake": 0.0,
            "steer": 0.0
        },
        {
            "throttle": 0.5603019068811281,
            "brake": 0.0,
            "steer": 0.0
        },
        {
            "throttle": 0.5656019764737222,
            "brake": 0.0,
            "steer": 0.0
        },
        {
            "throttle": 0.5683374948499593,
            "brake": 0.0,
            "steer": 0.0
        },
        {
            "throttle": 0.568394745447487,
            "brake": 0.0,
            "steer": 0.0
        },
        {
            "throttle": 0.5657130815904333,
            "brake": 0.0,
            "steer": 0.0
        },
        {
            "throttle": 0.5602853152927104,
            "brake": 0.0,
            "steer": 0.0
        },
        {
            "throttle": 0.5521572453596594,
            "brake": 0.0,
            "steer": 0.0
        },
        {
            "throttle": 0.5414263263426272,
            "brake": 0.0,
            "steer": 0.0
        },
        {
            "throttle": 0.5282394954616623,
            "brake": 0.0,
            "steer": 0.0
        },
        {
            "throttle": 0.5127901898090457,
            "brake": 0.0,
            "steer": 0.0
        },
        {
            "throttle": 0.4953146007239461,
            "brake": 0.0,
            "steer": 0.0
        },
        {
            "throttle": 0.476087225939279,
            "brake": 0.0,
            "steer": 0.0
        },
        {
            "throttle": 0.4554157927134917,
            "brake": 0.0,
            "steer": 0.0
        },
        {
            "throttle": 0.4336356364586267,
            "brake": 0.0,
            "steer": 0.0
        },
        {
            "throttle": 0.4111036291700624,
            "brake": 0.0,
            "steer": 0.0
        },
        {
            "throttle": 0.38819176008688144,
            "brake": 0.0,
            "steer": 0.0
        },
        {
            "throttle": 0.3652804773275264,
            "brake": 0.0,
            "steer": 0.0
        },
        {
            "throttle": 0.34275190364692615,
            "brake": 0.0,
            "steer": 0.0
        },
        {
            "throttle": 0.32098304187514703,
            "brake": 0.0,
            "steer": 0.0
        },
        {
            "throttle": 0.3003390859845455,
            "brake": 0.0,
            "steer": 0.0
        },
        {
            "throttle": 0.2811669520879836,
            "brake": 0.0,
            "steer": 0.0
        },
        {
            "throttle": 0.26378914002550025,
            "brake": 0.0,
            "steer": 0.0
        },
        {
            "throttle": 0.24849803061599898,
            "brake": 0.0,
            "steer": 0.0
        },
        {
            "throttle": 0.23555071623246668,
            "brake": 0.0,
            "steer": 0.0
        },
        {
            "throttle": 0.22516445323412956,
            "brake": 0.0,
            "steer": 0.0
        },
        {
            "throttle": 0.2175128141163753,
            "brake": 0.0,
            "steer": 0.0
        },
        {
            "throttle": 0.21272260520551717,
            "brake": 0.0,
            "steer": 0.0
        },
        {
            "throttle": 0.21087160254032128,
            "brake": 0.0,
            "steer": 0.0
        },
        {
            "throttle": 0.2119871444752875,
            "brake": 0.0,
            "steer": 0.0
        },
        {
            "throttle": 0.21604560475748263,
            "brake": 0.0,
            "steer": 0.0
        },
        {
            "throttle": 0.22297275462641913,
            "brake": 0.0,
            "steer": 0.0
        },
        {
            "throttle": 0.23264500712938901,
            "brake": 0.0,
            "steer": 0.0
        },
        {
            "throttle": 0.24489152159975144,
            "brake": 0.0,
            "steer": 0.0
        },
        {
            "throttle": 0.25949713137786723,
            "brake": 0.0,
            "steer": 0.0
        },
        {
            "throttle": 0.2762060436220146,
            "brake": 0.0,
            "steer": 0.0
        },
        {
            "throttle": 0.29472624670697845,
            "brake": 0.0,
            "steer": 0.0
        },
        {
            "throttle": 0.3147345484729877,
            "brake": 0.0,
            "steer": 0.0
        },
        {
            "throttle": 0.3358821576798324,
            "brake": 0.0,
            "steer": 0.0
        },
        {
            "throttle": 0.35780071162980753,
            "brake": 0.0,
            "steer": 0.0
        },
        {
            "throttle": 0.3801086452117668,
            "brake": 0.0,
            "steer": 0.0
        },
        {
            "throttle": 0.402417790721024,
            "brake": 0.0,
            "steer": 0.0
        },
        {
            "throttle": 0.4243400938286225,
            "brake": 0.0,
            "steer": 0.0
        },
        {
            "throttle": 0.4454943290778792,
            "brake": 0.0,
            "steer": 0.0
        },
        {
            "throttle": 0.4655126983108971,
            "brake": 0.0,
            "steer": 0.0
        },
        {
            "throttle": 0.4840471974726875,
            "brake": 0.0,
            "steer": 0.0
        },
        {
            "throttle": 0.5007756412703624,
            "brake": 0.0,
            "steer": 0.0
        },
        {
            "throttle": 0.5154072411098061,
            "brake": 0.0,
            "steer": 0.0
        },
        {
            "throttle": 0.527687639489376,
            "brake": 0.0,
            "steer": 0.0
        },
        {
            "throttle": 0.5374033134651197,
            "brake": 0.0,
            "steer": 0.0
        },
        {
            "throttle": 0.544385270751228,
            "brake": 0.0,
            "steer": 0.0
        },
        {
            "throttle": 0.5485119742932214,
            "brake": 0.0,
            "steer": 0.0
        },
        {
            "throttle": 0.5497114445369394,
            "brake": 0.0,
            "steer": 0.0
        },
        {
            "throttle": 0.5479625028817366,
            "brake": 0.0,
            "steer": 0.0
        },
        {
            "throttle": 0.5432951347041074,
            "brake": 0.0,
            "steer": 0.0
        },
        {
            "throttle": 0.5357899656099812,
            "brake": 0.0,
            "steer": 0.0
        },
        {
            "throttle": 0.5255768599553993,
            "brake": 0.0,
            "steer": 0.0
        },
        {
            "throttle": 0.5128326658995349,
            "brake": 0.0,
            "steer": 0.0
        },
        {
            "throttle": 0.4977781460571032,
            "brake": 0.0,
            "steer": 0.0
        },
        {
            "throttle": 0.48067414694248745,
            "brake": 0.0,
            "steer": 0.0
        },
        {
            "throttle": 0.4326067322482387,
            "brake": 0.03263712143168109,
            "steer": 0.0
        },
        {
            "throttle": 0.38934605902341485,
            "brake": 0.06201053072019408,
            "steer": 0.0
        },
        {
            "throttle": 0.35041145312107336,
            "brake": 0.08844659907985576,
            "steer": 0.0
        },
        {
            "throttle": 0.315370307808966,
            "brake": 0.11223906060355127,
            "steer": 0.0
        },
        {
            "throttle": 0.28383327702806943,
            "brake": 0.13365227597487722,
            "steer": 0.0
        },
        {
            "throttle": 0.2554499493252625,
            "brake": 0.1529241698090706,
            "steer": 0.0
        },
        {
            "throttle": 0.22990495439273625,
            "brake": 0.17026887425984463,
            "steer": 0.0
        },
        {
            "throttle": 0.20691445895346264,
            "brake": 0.18587910826554127,
            "steer": 0.0
        },
        {
            "throttle": 0.18622301305811637,
            "brake": 0.19992831887066825,
            "steer": 0.0
        },
        {
            "throttle": 0.16760071175230473,
            "brake": 0.21257260841528253,
            "steer": 0.0
        },
        {
            "throttle": 0.15084064057707428,
            "brake": 0.2239524690054354,
            "steer": 0.0
        },
        {
            "throttle": 0.13575657651936685,
            "brake": 0.23419434353657295,
            "steer": 0.0
        },
        {
            "throttle": 0.12218091886743017,
            "brake": 0.24341203061459676,
            "steer": 0.0
        },
        {
            "throttle": 0.10996282698068716,
            "brake": 0.2517079489848182,
            "steer": 0.0
        },
        {
            "throttle": 0.09896654428261845,
            "brake": 0.25917427551801747,
            "steer": 0.0
        },
        {
            "throttle": 0.0890698898543566,
            "brake": 0.26589396939789683,
            "steer": 0.0
        },
        {
            "throttle": 0.08016290086892094,
            "brake": 0.2719416938897882,
            "steer": 0.0
        },
        {
            "throttle": 0.07214661078202886,
            "brake": 0.2773846459324905,
            "steer": 0.0
        },
        {
            "throttle": 0.06493194970382597,
            "brake": 0.28228330277092256,
            "steer": 0.0
        },
        {
            "throttle": 0.05843875473344338,
            "brake": 0.28669209392551137,
            "steer": 0.0
        },
        {
            "throttle": 0.052594879260099044,
            "brake": 0.2906600059646413,
            "steer": 0.0
        },
        {
            "throttle": 0.04733539133408914,
            "brake": 0.29423112679985824,
            "steer": 0.0
        },
        {
            "throttle": 0.04260185220068023,
            "brake": 0.2974451355515535,
            "steer": 0.0
        },
        {
            "throttle": 0.03834166698061221,
            "brake": 0.30033774342807923,
            "steer": 0.0
        },
        {
            "throttle": 0.03450750028255099,
            "brake": 0.3029410905169524,
            "steer": 0.0
        },
        {
            "throttle": 0.031056750254295894,
            "brake": 0.30528410289693825,
            "steer": 0.0
        },
        {
            "throttle": 0.027951075228866307,
            "brake": 0.3073928140389255,
            "steer": 0.0
        },
        {
            "throttle": 0.025155967705979675,
            "brake": 0.309290654066714,
            "steer": 0.0
        },
        {
            "throttle": 0.02264037093538171,
            "brake": 0.3109987100917237,
            "steer": 0.0
        },
        {
            "throttle": 0.0813298162099362,
            "brake": 0.2798988390825513,
            "steer": 0.0
        },
        {
            "throttle": 0.13586326874717058,
            "brake": 0.2519089551742962,
            "steer": 0.0
        },
        {
            "throttle": 0.1862277072454368,
            "brake": 0.22671805965686656,
            "steer": 0.0
        },
        {
            "throttle": 0.23238914198653593,
            "brake": 0.2040462536911799,
            "steer": 0.0
        },
        {
            "throttle": 0.27430253021489925,
            "brake": 0.1836416283220619,
            "steer": 0.0
        },
        {
            "throttle": 0.31192095057942987,
            "brake": 0.16527746548985572,
            "steer": 0.0
        },
        {
            "throttle": 0.34520397081135495,
            "brake": 0.14874971894087016,
            "steer": 0.0
        },
        {
            "throttle": 0.3741251474748871,
            "brake": 0.13387474704678315,
            "steer": 0.0
        },
        {
            "throttle": 0.398678603284125,
            "brake": 0.12048727234210484,
            "steer": 0.0
        },
        {
            "throttle": 0.4188846359207446,
            "brake": 0.10843854510789436,
            "steer": 0.0
        },
        {
            "throttle": 0.43479432228234777,
            "brake": 0.09759469059710492,
            "steer": 0.0
        },
        {
            "throttle": 0.4464930933919723,
            "brake": 0.08783522153739443,
            "steer": 0.0
        },
        {
            "throttle": 0.4541032675412955,
            "brake": 0.07905169938365499,
            "steer": 0.0
        },
        {
            "throttle": 0.4577855423482731,
            "brake": 0.07114652944528949,
            "steer": 0.0
        },
        {
            "throttle": 0.4577394600019864,
            "brake": 0.06403187650076055,
            "steer": 0.0
        },
        {
            "throttle": 0.4542028737580612,
            "brake": 0.05762868885068449,
            "steer": 0.0
        },
        {
            "throttle": 0.44745045745345136,
            "brake": 0.051865819965616046,
            "steer": 0.0
        },
        {
            "throttle": 0.43779131315183045,
            "brake": 0.04667923796905444,
            "steer": 0.0
        },
        {
            "throttle": 0.42556574474282644,
            "brake": 0.042011314172149,
            "steer": 0.0
        },
        {
            "throttle": 0.411141277146919,
            "brake": 0.0378101827549341,
            "steer": 0.0
        },
        {
            "throttle": 0.3949080114886176,
            "brake": 0.03402916447944069,
            "steer": 0.0
        },
        {
            "throttle": 0.37727341598148445,
            "brake": 0.03062624803149662,
            "steer": 0.0
        },
        {
            "throttle": 0.35865666013329583,
            "brake": 0.02756362322834696,
            "steer": 0.0
        },
        {
            "throttle": 0.3394826060704204,
            "brake": 0.024807260905512264,
            "steer": 0.0
        },
        {
            "throttle": 0.320175575170803,
            "brake": 0.022326534814961038,
            "steer": 0.0
        },
        {
            "throttle": 0.30115301069134875,
            "brake": 0.020093881333464934,
            "steer": 0.0
        },
        {
            "throttle": 0.2828191576191798,
            "brake": 0.01808449320011844,
            "steer": 0.0
        },
        {
            "throttle": 0.26555887954374496,
            "brake": 0.016276043880106596,
            "steer": 0.0
        },
        {
            "throttle": 0.24973172895035797,
            "brake": 0.014648439492095936,
            "steer": 0.0
        },
        {
            "throttle": 0.23566638202296625,
            "brake": 0.013183595542886343,
            "steer": 0.0
        },
        {
            "throttle": 0.22365554189673573,
            "brake": 0.011865235988597709,
            "steer": 0.0
        },
        {
            "throttle": 0.21395140543412922,
            "brake": 0.010678712389737938,
            "steer": 0.0
        },
        {
            "throttle": 0.20676177815703875,
            "brake": 0.009610841150764144,
            "steer": 0.0
        },
        {
            "throttle": 0.2022469101258248,
            "brake": 0.00864975703568773,
            "steer": 0.0
        },
        {
            "throttle": 0.20051711251245527,
            "brake": 0.007784781332118957,
            "steer": 0.0
        },
        {
            "throttle": 0.20163120058947864,
            "brake": 0.007006303198907061,
            "steer": 0.0
        },
        {
            "throttle": 0.20559579408709422,
            "brake": 0.006305672879016355,
            "steer": 0.0
        },
        {
            "throttle": 0.21236549060831608,
            "brake": 0.00567510559111472,
            "steer": 0.0
        },
        {
            "throttle": 0.22184391229742945,
            "brake": 0.0051075950320032485,
            "steer": 0.0
        },
        {
            "throttle": 0.2338856104943354,
            "brake": 0.004596835528802924,
            "steer": 0.0
        },
        {
            "throttle": 0.2482987979415395,
            "brake": 0.004137151975922631,
            "steer": 0.0
        },
        {
            "throttle": 0.26484886350123804,
            "brake": 0.003723436778330368,
            "steer": 0.0
        },
        {
            "throttle": 0.2832626105376371,
            "brake": 0.0033510931004973312,
            "steer": 0.0
        },
        {
            "throttle": 0.30323314736104967,
            "brake": 0.0030159837904475983,
            "steer": 0.0
        },
        {
            "throttle": 0.324425346634349,
            "brake": 0.0027143854114028386,
            "steer": 0.0
        },
        {
            "throttle": 0.3464817806062636,
            "brake": 0.002442946870262555,
            "steer": 0.0
        },
        {
            "throttle": 0.3690290306319053,
            "brake": 0.0021986521832362996,
            "steer": 0.0
        },
        {
            "throttle": 0.3916842628128676,
            "brake": 0.0019787869649126695,
            "steer": 0.0
        },
        {
            "throttle": 0.41406195685060315,
            "brake": 0.0017809082684214026,
            "steer": 0.0
        },
        {
            "throttle": 0.43578067243838786,
            "brake": 0.0016028174415792624,
            "steer": 0.0
        },
        {
            "throttle": 0.4564697367657626,
            "brake": 0.0014425356974213362,
            "steer": 0.0
        },
        {
            "throttle": 0.4757757379868263,
            "brake": 0.0012982821276792025,
            "steer": 0.0
        },
        {
            "throttle": 0.4933687127869828,
            "brake": 0.0011684539149112822,
            "steer": 0.0
        },
        {
            "throttle": 0.5089479214138741,
            "brake": 0.001051608523420154,
            "steer": 0.0
        },
        {
            "throttle": 0.5222471106257552,
            "brake": 0.0009464476710781387,
            "steer": 0.0
        },
        {
            "throttle": 0.5330391738308303,
            "brake": 0.0008518029039703248,
            "steer": 0.0
        },
        {
            "throttle": 0.5411401280904937,
            "brake": 0.0007666226135732923,
            "steer": 0.0
        },
        {
            "throttle": 0.546412339457061,
            "brake": 0.0006899603522159631,
            "steer": 0.0
        },
        {
            "throttle": 0.5487669411073416,
            "brake": 0.0006209643169943668,
            "steer": 0.0
        },
        {
            "throttle": 0.5481654026915456,
            "brake": 0.0005588678852949301,
            "steer": 0.0
        },
        {
            "throttle": 0.5446202240000656,
            "brake": 0.0005029810967654371,
            "steer": 0.0
        },
        {
            "throttle": 0.5381947412036339,
            "brake": 0.0004526829870888934,
            "steer": 0.0
        },
        {
            "throttle": 0.5290020492821177,
            "brake": 0.0004074146883800041,
            "steer": 0.0
        },
        {
            "throttle": 0.5172030595571339,
            "brake": 0.0003666732195420037,
            "steer": 0.0
        },
        {
            "throttle": 0.503003726218131,
            "brake": 0.0003300058975878033,
            "steer": 0.0
        },
        {
            "throttle": 0.48665149012071784,
            "brake": 0.000297005307829023,
            "steer": 0.0
        },
        {
            "throttle": 0.4684310016900326,
            "brake": 0.0002673047770461207,
            "steer": 0.0
        },
        {
            "throttle": 0.44865919724565434,
            "brake": 0.00024057429934150863,
            "steer": 0.0
        },
        {
            "throttle": 0.4276798142612596,
            "brake": 0.00021651686940735778,
            "steer": 0.0
        },
        {
            "throttle": 0.40585744078763614,
            "brake": 0.000194865182466622,
            "steer": 0.0
        },
        {
            "throttle": 0.38357120233313957,
            "brake": 0.0001753786642199598,
            "steer": 0.0
        },
        {
            "throttle": 0.3612081957712446,
            "brake": 0.00015784079779796383,
            "steer": 0.0
        },
        {
            "throttle": 0.33915678422154,
            "brake": 0.00014205671801816746,
            "steer": 0.0
        },
        {
            "throttle": 0.31779986925236103,
            "brake": 0.0001278510462163507,
            "steer": 0.0
        },
        {
            "throttle": 0.29750825713848095,
            "brake": 0.00011506594159471565,
            "steer": 0.0
        },
        {
            "throttle": 0.27863423426913936,
            "brake": 0.00010355934743524408,
            "steer": 0.0
        },
        {
            "throttle": 0.26150546316848367,
            "brake": 9.320341269171967e-05,
            "steer": 0.0
        },
        {
            "throttle": 0.24641930502517845,
            "brake": 8.388307142254771e-05,
            "steer": 0.0
        },
        {
            "throttle": 0.2336376672269267,
            "brake": 7.549476428029294e-05,
            "steer": 0.0
        },
        {
            "throttle": 0.22338246528723038,
            "brake": 6.794528785226365e-05,
            "steer": 0.0
        },
        {
            "throttle": 0.21583177789377953,
            "brake": 6.115075906703729e-05,
            "steer": 0.0
        },
        {
            "throttle": 0.2111167617851642,
            "brake": 5.5035683160333565e-05,
            "steer": 0.0
        },
        {
            "throttle": 0.20931937998358752,
            "brake": 4.953211484430021e-05,
            "steer": 0.0
        },
        {
            "throttle": 0.21047098280440282,
            "brake": 4.457890335987019e-05,
            "steer": 0.0
        },
        {
            "throttle": 0.2145517662731945,
            "brake": 4.012101302388317e-05,
            "steer": 0.0
        },
        {
            "throttle": 0.22149111736419005,
            "brake": 3.610891172149486e-05,
            "steer": 0.0
        },
        {
            "throttle": 0.23116884009388025,
            "brake": 3.2498020549345374e-05,
            "steer": 0.0
        },
        {
            "throttle": 0.24341724122748784,
            "brake": 2.9248218494410836e-05,
            "steer": 0.0
        },
        {
            "throttle": 0.2580240394482439,
            "brake": 2.6323396644969753e-05,
            "steer": 0.0
        },
        {
            "throttle": 0.27473604755877784,
            "brake": 2.3691056980472777e-05,
            "steer": 0.0
        },
        {
            "throttle": 0.2932635638779191,
            "brake": 2.13219512824255e-05,
            "steer": 0.0
        },
        {
            "throttle": 0.31328539669728883,
            "brake": 1.918975615418295e-05,
            "steer": 0.0
        },
        {
            "throttle": 0.3344544346834803,
            "brake": 1.7270780538764657e-05,
            "steer": 0.0
        },
        {
            "throttle": 0.35640366664374223,
            "brake": 1.5543702484888192e-05,
            "steer": 0.0
        },
        {
            "throttle": 0.37875254628006,
            "brake": 1.3989332236399373e-05,
            "steer": 0.0
        },
        {
            "throttle": 0.40111359157348353,
            "brake": 1.2590399012759436e-05,
            "steer": 0.0
        },
        {
            "throttle": 0.42309910437123316,
            "brake": 1.1331359111483492e-05,
            "steer": 0.0
        }
    ],
    "parameters": {
        "cloudiness": 27.233068205078293,
        "fog_density": 1.9659894601645078,
        "initial_distance": 34.158744102661714,
        "initial_ego_velocity": 10.313322803777721,
        "initial_lead_velocity": 9.400395299777898,
        "lead_base_throttle": 0.37948101408057944,
        "lead_behavior_frequency": 0.20973037488423313,
        "lead_brake_duration": 29.67122944350492,
        "lead_brake_intensity": 0.3263712143168109,
        "lead_brake_probability": 0.013447919224757009,
        "lead_throttle_variation": 0.27222809223433814,
        "precipitation": 49.52192872111466,
        "precipitation_deposits": 51.693890008565646,
        "sun_altitude_angle": 15.48300362325132,
        "wind_intensity": 27.86052946949144
    },
    "config": {
        "num_timesteps": 200,
        "dt": 0.1,
        "seed": 169
    }
}