{
    "weather": {
        "cloudiness": 39.99707727124737,
        "precipitation": 87.71448416998281,
        "precipitation_deposits": 94.05276155089682,
        "wind_intensity": 15.992434746229634,
        "sun_altitude_angle": 58.80951255828447,
        "fog_density": 42.50960243834615,
        "fog_distance": 242.44346060214986,
        "wetness": 43.857242084991405
    },
    "initial_conditions": {
        "ego": {
            "position": {
                "x": 537.1327015186056,
                "y": 20.57,
                "z": 0.294
            },
            "yaw": 0.0,
            "velocity": 10.632100080443514
        },
        "lead": {
            "position": {
                "x": 484.88,
                "y": 20.57,
                "z": 0.294
            },
            "yaw": 0.0,
            "velocity": 10.382271044345464
        }
    },
    "ego": {
        "position": {
            "x": 537.1327015186056,
            "y": 20.57,
            "z": 0.294
        },
        "yaw": 0.0,
        "velocity": 10.632100080443514
    },
    "lead": {
        "position": {
            "x": 484.88,
            "y": 20.57,
            "z": 0.294
        },
        "yaw": 0.0,
        "velocity": 10.382271044345464
    },
    "ado_actions": [
        {
            "throttle": 0.263651010951951,
            "brake": 0.0,
            "steer": 0.0
        },
        {
            "throttle": 0.26368772492318393,
            "brake": 0.0,
            "steer": 0.0
        },
        {
            "throttle": 0.2637574369212339,
            "brake": 0.0,
            "steer": 0.0
        },
        {
            "throttle": 0.26385675810288556,
            "brake": 0.0,
            "steer": 0.0
        },
        {
            "throttle": 0.2639825941240428,
            "brake": 0.0,
            "steer": 0.0
        },
        {
            "throttle": 0.26413211585171004,
            "brake": 0.0,
            "steer": 0.0
        },
        {
            "throttle": 0.2643027330584348,
            "brake": 0.0,
            "steer": 0.0
        },
        {
            "throttle": 0.2644920708007029,
            "brake": 0.0,
            "steer": 0.0
        },
        {
            "throttle": 0.26469794821256537,
            "brake": 0.0,
            "steer": 0.0
        },
        {
            "throttle": 0.26491835947258263,
            "brake": 0.0,
            "steer": 0.0
        },
        {
            "throttle": 0.2651514567263001,
            "brake": 0.0,
            "steer": 0.0
        },
        {
            "throttle": 0.26539553476818367,
            "brake": 0.0,
            "steer": 0.0
        },
        {
            "throttle": 0.26564901730648843,
            "brake": 0.0,
            "steer": 0.0
        },
        {
            "throttle": 0.26591044465212454,
            "brake": 0.0,
            "steer": 0.0
        },
        {
            "throttle": 0.2661784626884165,
            "brake": 0.0,
            "steer": 0.0
        },
        {
            "throttle": 0.2664518129929021,
            "brake": 0.0,
            "steer": 0.0
        },
        {
            "throttle": 0.266729323995143,
            "brake": 0.0,
            "steer": 0.0
        },
        {
            "throttle": 0.26700990306606315,
            "brake": 0.0,
            "steer": 0.0
        },
        {
            "throttle": 0.2672925294447236,
            "brake": 0.0,
            "steer": 0.0
        },
        {
            "throttle": 0.2675762479177922,
            "brake": 0.0,
            "steer": 0.0
        },
        {
            "throttle": 0.2678601631753893,
            "brake": 0.0,
            "steer": 0.0
        },
        {
            "throttle": 0.26814343477456576,
            "brake": 0.0,
            "steer": 0.0
        },
        {
            "throttle": 0.26842527264849353,
            "brake": 0.0,
            "steer": 0.0
        },
        {
            "throttle": 0.2687049331055884,
            "brake": 0.0,
            "steer": 0.0
        },
        {
            "throttle": 0.2689817152683147,
            "brake": 0.0,
            "steer": 0.0
        },
        {
            "throttle": 0.2692549579063967,
            "brake": 0.0,
            "steer": 0.0
        },
        {
            "throttle": 0.2695240366236446,
            "brake": 0.0,
            "steer": 0.0
        },
        {
            "throttle": 0.26978836136163586,
            "brake": 0.0,
            "steer": 0.0
        },
        {
            "throttle": 0.2700473741871259,
            "brake": 0.0,
            "steer": 0.0
        },
        {
            "throttle": 0.2703005473333338,
            "brake": 0.0,
            "steer": 0.0
        },
        {
            "throttle": 0.27054738146819446,
            "brake": 0.0,
            "steer": 0.0
        },
        {
            "throttle": 0.27078740416532016,
            "brake": 0.0,
            "steer": 0.0
        },
        {
            "throttle": 0.2710201685558077,
            "brake": 0.0,
            "steer": 0.0
        },
        {
            "throttle": 0.271245252141176,
            "brake": 0.0,
            "steer": 0.0
        },
        {
            "throttle": 0.2714622557496617,
            "brake": 0.0,
            "steer": 0.0
        },
        {
            "throttle": 0.27167080261984533,
            "brake": 0.0,
            "steer": 0.0
        },
        {
            "throttle": 0.2718705375971571,
            "brake": 0.0,
            "steer": 0.0
        },
        {
            "throttle": 0.2720611264302303,
            "brake": 0.0,
            "steer": 0.0
        },
        {
            "throttle": 0.27224225515534856,
            "brake": 0.0,
            "steer": 0.0
        },
        {
            "throttle": 0.2724136295583898,
            "brake": 0.0,
            "steer": 0.0
        },
        {
            "throttle": 0.27257497470470693,
            "brake": 0.0,
            "steer": 0.0
        },
        {
            "throttle": 0.2727260345283263,
            "brake": 0.0,
            "steer": 0.0
        },
        {
            "throttle": 0.2728665714726915,
            "brake": 0.0,
            "steer": 0.0
        },
        {
            "throttle": 0.27299636617594436,
            "brake": 0.0,
            "steer": 0.0
        },
        {
            "throttle": 0.2731152171944248,
            "brake": 0.0,
            "steer": 0.0
        },
        {
            "throttle": 0.27322294075869646,
            "brake": 0.0,
            "steer": 0.0
        },
        {
            "throttle": 0.2733193705569667,
            "brake": 0.0,
            "steer": 0.0
        },
        {
            "throttle": 0.27340435754128006,
            "brake": 0.0,
            "steer": 0.0
        },
        {
            "throttle": 0.2734777697523248,
            "brake": 0.0,
            "steer": 0.0
        },
        {
            "throttle": 0.24612999277709233,
            "brake": 0.024247339235948632,
            "steer": 0.0
        },
        {
            "throttle": 0.22151699349938309,
            "brake": 0.046069944548302405,
            "steer": 0.0
        },
        {
            "throttle": 0.1993652941494448,
            "brake": 0.0657102893294208,
            "steer": 0.0
        },
        {
            "throttle": 0.1794287647345003,
            "brake": 0.08338659963242735,
            "steer": 0.0
        },
        {
            "throttle": 0.1614858882610503,
            "brake": 0.09929527890513325,
            "steer": 0.0
        },
        {
            "throttle": 0.14533729943494525,
            "brake": 0.11361309025056855,
            "steer": 0.0
        },
        {
            "throttle": 0.13080356949145072,
            "brake": 0.12649912046146033,
            "steer": 0.0
        },
        {
            "throttle": 0.11772321254230565,
            "brake": 0.13809654765126295,
            "steer": 0.0
        },
        {
            "throttle": 0.1332807452997779,
            "brake": 0.12428689288613666,
            "steer": 0.0
        },
        {
            "throttle": 0.14726714337360458,
            "brake": 0.11185820359752299,
            "steer": 0.0
        },
        {
            "throttle": 0.15983836830199724,
            "brake": 0.1006723832377707,
            "steer": 0.0
        },
        {
            "throttle": 0.17113480553025012,
            "brake": 0.09060514491399363,
            "steer": 0.0
        },
        {
            "throttle": 0.18128282339339782,
            "brake": 0.08154463042259427,
            "steer": 0.0
        },
        {
            "throttle": 0.19039617617459936,
            "brake": 0.07339016738033485,
            "steer": 0.0
        },
        {
            "throttle": 0.1985772668300417,
            "brake": 0.06605115064230137,
            "steer": 0.0
        },
        {
            "throttle": 0.20591828341210933,
            "brake": 0.05944603557807123,
            "steer": 0.0
        },
        {
            "throttle": 0.2125022218194272,
            "brake": 0.05350143202026411,
            "steer": 0.0
        },
        {
            "throttle": 0.21840380623956188,
            "brake": 0.0481512888182377,
            "steer": 0.0
        },
        {
            "throttle": 0.22369031751362514,
            "brake": 0.04333615993641393,
            "steer": 0.0
        },
        {
            "throttle": 0.22842233862914235,
            "brake": 0.03900254394277254,
            "steer": 0.0
        },
        {
            "throttle": 0.2326544256269533,
            "brake": 0.035102289548495286,
            "steer": 0.0
        },
        {
            "throttle": 0.23643571137938155,
            "brake": 0.031592060593645756,
            "steer": 0.0
        },
        {
            "throttle": 0.23981044895123096,
            "brake": 0.028432854534281182,
            "steer": 0.0
        },
        {
            "throttle": 0.2428185005840595,
            "brake": 0.025589569080853063,
            "steer": 0.0
        },
        {
            "throttle": 0.24549577774018497,
            "brake": 0.023030612172767757,
            "steer": 0.0
        },
        {
            "throttle": 0.2478746370992829,
            "brake": 0.020727550955490982,
            "steer": 0.0
        },
        {
            "throttle": 0.24998423691120236,
            "brake": 0.018654795859941883,
            "steer": 0.0
        },
        {
            "throttle": 0.25185085766831694,
            "brake": 0.016789316273947696,
            "steer": 0.0
        },
        {
            "throttle": 0.25349819066445095,
            "brake": 0.015110384646552927,
            "steer": 0.0
        },
        {
            "throttle": 0.2549475976507731,
            "brake": 0.013599346181897634,
            "steer": 0.0
        },
        {
            "throttle": 0.2562183444780679,
            "brake": 0.01223941156370787,
            "steer": 0.0
        },
        {
            "throttle": 0.2573278113259123,
            "brake": 0.011015470407337084,
            "steer": 0.0
        },
        {
            "throttle": 0.2582916818592909,
            "brake": 0.009913923366603376,
            "steer": 0.0
        },
        {
            "throttle": 0.2591241134191915,
            "brake": 0.008922531029943039,
            "steer": 0.0
        },
        {
            "throttle": 0.2598378901431283,
            "brake": 0.008030277926948735,
            "steer": 0.0
        },
        {
            "throttle": 0.2604445607220076,
            "brake": 0.007227250134253862,
            "steer": 0.0
        },
        {
            "throttle": 0.2609545623291725,
            "brake": 0.006504525120828475,
            "steer": 0.0
        },
        {
            "throttle": 0.26137733210394204,
            "brake": 0.005854072608745628,
            "steer": 0.0
        },
        {
            "throttle": 0.26172140743379263,
            "brake": 0.005268665347871065,
            "steer": 0.0
        },
        {
            "throttle": 0.2619945161549798,
            "brake": 0.004741798813083959,
            "steer": 0.0
        },
        {
            "throttle": 0.262203657679482,
            "brake": 0.004267618931775563,
            "steer": 0.0
        },
        {
            "throttle": 0.26235517595542635,
            "brake": 0.0038408570385980068,
            "steer": 0.0
        },
        {
            "throttle": 0.2624548250775047,
            "brake": 0.0034567713347382063,
            "steer": 0.0
        },
        {
            "throttle": 0.26250782828230346,
            "brake": 0.003111094201264386,
            "steer": 0.0
        },
        {
            "throttle": 0.26251893099004303,
            "brake": 0.0027999847811379474,
            "steer": 0.0
        },
        {
            "throttle": 0.2624924484881407,
            "brake": 0.0025199863030241527,
            "steer": 0.0
        },
        {
            "throttle": 0.2624323087925322,
            "brake": 0.0022679876727217376,
            "steer": 0.0
        },
        {
            "throttle": 0.2623420911691614,
            "brake": 0.002041188905449564,
            "steer": 0.0
        },
        {
            "throttle": 0.2622250607498704,
            "brake": 0.0018370700149046076,
            "steer": 0.0
        },
        {
            "throttle": 0.2620841996335646,
            "brake": 0.0016533630134141469,
            "steer": 0.0
        },
        {
            "throttle": 0.26192223482450405,
            "brake": 0.0014880267120727323,
            "steer": 0.0
        },
        {
            "throttle": 0.2617416633244512,
            "brake": 0.0013392240408654592,
            "steer": 0.0
        },
        {
            "throttle": 0.26154477466379605,
            "brake": 0.0012053016367789132,
            "steer": 0.0
        },
        {
            "throttle": 0.26133367112832995,
            "brake": 0.001084771473101022,
            "steer": 0.0
        },
        {
            "throttle": 0.26111028591273444,
            "brake": 0.0009762943257909197,
            "steer": 0.0
        },
        {
            "throttle": 0.2608763994088069,
            "brake": 0.0008786648932118278,
            "steer": 0.0
        },
        {
            "throttle": 0.26063365381570236,
            "brake": 0.000790798403890645,
            "steer": 0.0
        },
        {
            "throttle": 0.26038356624080267,
            "brake": 0.0007117185635015805,
            "steer": 0.0
        },
        {
            "throttle": 0.26012754044302244,
            "brake": 0.0006405467071514225,
            "steer": 0.0
        },
        {
            "throttle": 0.2598668773552371,
            "brake": 0.0005764920364362803,
            "steer": 0.0
        },
        {
            "throttle": 0.2596027845089064,
            "brake": 0.0005188428327926523,
            "steer": 0.0
        },
        {
            "throttle": 0.25933638447171536,
            "brake": 0.00046695854951338706,
            "steer": 0.0
        },
        {
            "throttle": 0.2590687223980256,
            "brake": 0.00042026269456204836,
            "steer": 0.0
        },
        {
            "throttle": 0.25880077278200375,
            "brake": 0.00037823642510584354,
            "steer": 0.0
        },
        {
            "throttle": 0.25853344549435864,
            "brake": 0.0003404127825952592,
            "steer": 0.0
        },
        {
            "throttle": 0.25826759117557485,
            "brake": 0.00030637150433573333,
            "steer": 0.0
        },
        {
            "throttle": 0.2580040060512905,
            "brake": 0.00027573435390216,
            "steer": 0.0
        },
        {
            "throttle": 0.25774343622894846,
            "brake": 0.000248160918511944,
            "steer": 0.0
        },
        {
            "throttle": 0.2574865815289835,
            "brake": 0.00022334482666074961,
            "steer": 0.0
        },
        {
            "throttle": 0.25723409889852344,
            "brake": 0.00020101034399467465,
            "steer": 0.0
        },
        {
            "throttle": 0.2569866054508274,
            "brake": 0.0001809093095952072,
            "steer": 0.0
        },
        {
            "throttle": 0.2567446811694021,
            "brake": 0.00016281837863568648,
            "steer": 0.0
        },
        {
            "throttle": 0.25650887131187977,
            "brake": 0.00014653654077211785,
            "steer": 0.0
        },
        {
            "throttle": 0.25627968854527094,
            "brake": 0.00013188288669490608,
            "steer": 0.0
        },
        {
            "throttle": 0.256057614841076,
            "brake": 0.00011869459802541547,
            "steer": 0.0
        },
        {
            "throttle": 0.2558431031559258,
            "brake": 0.00010682513822287392,
            "steer": 0.0
        },
        {
            "throttle": 0.2556365789208831,
            "brake": 9.614262440058654e-05,
            "steer": 0.0
        },
        {
            "throttle": 0.2554384413602523,
            "brake": 8.652836196052788e-05,
            "steer": 0.0
        },
        {
            "throttle": 0.2552490646586861,
            "brake": 7.78755257644751e-05,
            "steer": 0.0
        },
        {
            "throttle": 0.25506879899352364,
            "brake": 7.00879731880276e-05,
            "steer": 0.0
        },
        {
            "throttle": 0.2548979714476223,
            "brake": 6.307917586922483e-05,
            "steer": 0.0
        },
        {
            "throttle": 0.2547368868164386,
            "brake": 5.6771258282302354e-05,
            "steer": 0.0
        },
        {
            "throttle": 0.25458582832175725,
            "brake": 5.109413245407212e-05,
            "steer": 0.0
        },
        {
            "throttle": 0.25444505824324115,
            "brake": 4.598471920866491e-05,
            "steer": 0.0
        },
        {
            "throttle": 0.25431481847787146,
            "brake": 4.138624728779842e-05,
            "steer": 0.0
        },
        {
            "throttle": 0.25419533103635145,
            "brake": 3.7247622559018576e-05,
            "steer": 0.0
        },
        {
            "throttle": 0.2540867984846484,
            "brake": 3.352286030311672e-05,
            "steer": 0.0
        },
        {
            "throttle": 0.2539894043380367,
            "brake": 3.0170574272805048e-05,
            "steer": 0.0
        },
        {
            "throttle": 0.2539033134142736,
            "brake": 2.7153516845524545e-05,
            "steer": 0.0
        },
        {
            "throttle": 0.25382867215187704,
            "brake": 2.443816516097209e-05,
            "steer": 0.0
        },
        {
            "throttle": 0.2537656088988782,
            "brake": 2.1994348644874882e-05,
            "steer": 0.0
        },
        {
            "throttle": 0.25371423417688077,
            "brake": 1.9794913780387393e-05,
            "steer": 0.0
        },
        {
            "throttle": 0.25367464092477054,
            "brake": 1.7815422402348655e-05,
            "steer": 0.0
        },
        {
            "throttle": 0.25364690472597873,
            "brake": 1.603388016211379e-05,
            "steer": 0.0
        },
        {
            "throttle": 0.2536310840227998,
            "brake": 1.4430492145902411e-05,
            "steer": 0.0
        },
        {
            "throttle": 0.25362722032090534,
            "brake": 1.298744293131217e-05,
            "steer": 0.0
        },
        {
            "throttle": 0.25363533838686547,
            "brake": 1.1688698638180953e-05,
            "steer": 0.0
        },
        {
            "throttle": 0.25365544644119253,
            "brake": 1.0519828774362859e-05,
            "steer": 0.0
        },
        {
            "throttle": 0.2536875363491517,
            "brake": 9.467845896926573e-06,
            "steer": 0.0
        },
        {
            "throttle": 0.253731583811338,
            "brake": 8.521061307233916e-06,
            "steer": 0.0
        },
        {
            "throttle": 0.253787548555796,
            "brake": 7.668955176510525e-06,
            "steer": 0.0
        },
        {
            "throttle": 0.2538553745332567,
            "brake": 6.902059658859473e-06,
            "steer": 0.0
        },
        {
            "throttle": 0.2539349901168804,
            "brake": 6.211853692973525e-06,
            "steer": 0.0
        },
        {
            "throttle": 0.2540263083077277,
            "brake": 5.590668323676173e-06,
            "steer": 0.0
        },
        {
            "throttle": 0.2541292269470257,
            "brake": 5.031601491308556e-06,
            "steer": 0.0
        },
        {
            "throttle": 0.2542436289361587,
            "brake": 4.528441342177701e-06,
            "steer": 0.0
        },
        {
            "throttle": 0.25436938246518204,
            "brake": 4.075597207959931e-06,
            "steer": 0.0
        },
        {
            "throttle": 0.2545063412505437,
            "brake": 3.6680374871639377e-06,
            "steer": 0.0
        },
        {
            "throttle": 0.25465434478258836,
            "brake": 3.301233738447544e-06,
            "steer": 0.0
        },
        {
            "throttle": 0.2548132185833218,
            "brake": 2.9711103646027894e-06,
            "steer": 0.0
        },
        {
            "throttle": 0.2549827744748235,
            "brake": 2.6739993281425106e-06,
            "steer": 0.0
        },
        {
            "throttle": 0.25516281085861126,
            "brake": 2.4065993953282596e-06,
            "steer": 0.0
        },
        {
            "throttle": 0.25535311300618585,
            "brake": 2.1659394557954338e-06,
            "steer": 0.0
        },
        {
            "throttle": 0.2555534533609142,
            "brake": 1.9493455102158903e-06,
            "steer": 0.0
        },
        {
            "throttle": 0.25576359185134345,
            "brake": 1.7544109591943012e-06,
            "steer": 0.0
        },
        {
            "throttle": 0.2559832762159796,
            "brake": 1.5789698632748712e-06,
            "steer": 0.0
        },
        {
            "throttle": 0.2562122423395085,
            "brake": 1.421072876947384e-06,
            "steer": 0.0
        },
        {
            "throttle": 0.2564502146003859,
            "brake": 1.2789655892526457e-06,
            "steer": 0.0
        },
        {
            "throttle": 0.25669690622967695,
            "brake": 1.1510690303273812e-06,
            "steer": 0.0
        },
        {
            "throttle": 0.25695201968097964,
            "brake": 1.035962127294643e-06,
            "steer": 0.0
        },
        {
            "throttle": 0.25721524701122905,
            "brake": 9.323659145651787e-07,
            "steer": 0.0
        },
        {
            "throttle": 0.25748627027213866,
            "brake": 8.391293231086609e-07,
            "steer": 0.0
        },
        {
            "throttle": 0.25776476191200226,
            "brake": 7.552163907977949e-07,
            "steer": 0.0
        },
        {
            "throttle": 0.25805038518754664,
            "brake": 6.796947517180154e-07,
            "steer": 0.0
        },
        {
            "throttle": 0.2583427945854956,
            "brake": 6.117252765462139e-07,
            "steer": 0.0
        },
        {
            "throttle": 0.2586416362534777,
            "brake": 5.505527488915925e-07,
            "steer": 0.0
        },
        {
            "throttle": 0.2589465484398851,
            "brake": 4.954974740024332e-07,
            "steer": 0.0
        },
        {
            "throttle": 0.25925716194226595,
            "brake": 4.459477266021899e-07,
            "steer": 0.0
        },
        {
            "throttle": 0.2595731005638114,
            "brake": 4.0135295394197094e-07,
            "steer": 0.0
        },
        {
            "throttle": 0.2598939815774787,
            "brake": 3.6121765854777385e-07,
            "steer": 0.0
        },
        {
            "throttle": 0.26021941619727157,
            "brake": 3.2509589269299645e-07,
            "steer": 0.0
        },
        {
            "throttle": 0.2605490100561824,
            "brake": 2.925863034236968e-07,
            "steer": 0.0
        },
        {
            "throttle": 0.2608823636902865,
            "brake": 2.6332767308132717e-07,
            "steer": 0.0
        },
        {
            "throttle": 0.26121907302846176,
            "brake": 2.3699490577319445e-07,
            "steer": 0.0
        },
        {
            "throttle": 0.261558729887196,
            "brake": 2.1329541519587502e-07,
            "steer": 0.0
        },
        {
            "throttle": 0.2619009224699319,
            "brake": 1.9196587367628752e-07,
            "steer": 0.0
        },
        {
            "throttle": 0.262245235870389,
            "brake": 1.7276928630865876e-07,
            "steer": 0.0
        },
        {
            "throttle": 0.26259125257929167,
            "brake": 1.5549235767779288e-07,
            "steer": 0.0
        },
        {
            "throttle": 0.26293855299392677,
            "brake": 1.399431219100136e-07,
            "steer": 0.0
        },
        {
            "throttle": 0.2632867159299439,
            "brake": 1.2594880971901224e-07,
            "steer": 0.0
        },
        {
            "throttle": 0.26363531913480803,
            "brake": 1.1335392874711101e-07,
            "steer": 0.0
        },
        {
            "throttle": 0.26398393980230744,
            "brake": 1.0201853587239992e-07,
            "steer": 0.0
        },
        {
            "throttle": 0.2643321550875175,
            "brake": 9.181668228515993e-08,
            "steer": 0.0
        },
        {
            "throttle": 0.2646795426216166,
            "brake": 8.263501405664395e-08,
            "steer": 0.0
        },
        {
            "throttle": 0.26502568102594903,
            "brake": 7.437151265097955e-08,
            "steer": 0.0
        },
        {
            "throttle": 0.26537015042472883,
            "brake": 6.69343613858816e-08,
            "steer": 0.0
        },
        {
            "throttle": 0.2657125329557782,
            "brake": 6.024092524729345e-08,
            "steer": 0.0
        },
        {
            "throttle": 0.26605241327869467,
            "brake": 5.4216832722564104e-08,
            "steer": 0.0
        },
        {
            "throttle": 0.2663893790798438,
            "brake": 4.8795149450307695e-08,
            "steer": 0.0
        },
        {
            "throttle": 0.2667230215735757,
            "brake": 4.391563450527693e-08,
            "steer": 0.0
        },
        {
            "throttle": 0.26705293599906765,
            "brake": 3.9524071054749235e-08,
            "steer": 0.0
        }
    ],
    "parameters": {
        "cloudiness": 39.99707727124737,
        "fog_density": 42.50960243834615,
        "initial_distance": 52.25270151860556,
        "initial_ego_velocity": 10.632100080443514,
        "initial_lead_velocity": 10.382271044345464,
        "lead_base_throttle": 0.263651010951951,
        "lead_behavior_frequency": 0.055441767445302756,
        "lead_brake_duration": 8.954182834662333,
        "lead_brake_intensity": 0.2424733923594863,
        "lead_brake_probability": 0.08937117940869639,
        "lead_throttle_variation": 0.010541496442184162,
        "precipitation": 87.71448416998281,
        "precipitation_deposits": 94.05276155089682,
        "sun_altitude_angle": 58.80951255828447,
        "wind_intensity": 15.992434746229634
    },
    "config": {
        "num_timesteps": 200,
        "dt": 0.1,
        "seed": 98
    }
}