{
    "weather": {
        "cloudiness": 59.698798287233835,
        "precipitation": 17.832420511039516,
        "precipitation_deposits": 63.777524813257415,
        "wind_intensity": 34.058598382596514,
        "sun_altitude_angle": -2.658327575186096,
        "fog_density": 47.10856327502383,
        "fog_distance": 207.98580589457637,
        "wetness": 8.916210255519758
    },
    "initial_conditions": {
        "ego": {
            "position": {
                "x": 505.66174993644063,
                "y": 20.57,
                "z": 0.294
            },
            "yaw": 0.0,
            "velocity": 15.760026458856377
        },
        "lead": {
            "position": {
                "x": 484.88,
                "y": 20.57,
                "z": 0.294
            },
            "yaw": 0.0,
            "velocity": 9.002220454695518
        }
    },
    "ego": {
        "position": {
            "x": 505.66174993644063,
            "y": 20.57,
            "z": 0.294
        },
        "yaw": 0.0,
        "velocity": 15.760026458856377
    },
    "lead": {
        "position": {
            "x": 484.88,
            "y": 20.57,
            "z": 0.294
        },
        "yaw": 0.0,
        "velocity": 9.002220454695518
    },
    "ado_actions": [
        {
            "throttle": 0.2531900849440959,
            "brake": 0.0,
            "steer": 0.0
        },
        {
            "throttle": 0.2544068699126463,
            "brake": 0.0,
            "steer": 0.0
        },
        {
            "throttle": 0.25671499767818556,
            "brake": 0.0,
            "steer": 0.0
        },
        {
            "throttle": 0.2599978182531386,
            "brake": 0.0,
            "steer": 0.0
        },
        {
            "throttle": 0.2641466178625838,
            "brake": 0.0,
            "steer": 0.0
        },
        {
            "throttle": 0.2690598601036748,
            "brake": 0.0,
            "steer": 0.0
        },
        {
            "throttle": 0.2746425144151612,
            "brake": 0.0,
            "steer": 0.0
        },
        {
            "throttle": 0.2808054629830747,
            "brake": 0.0,
            "steer": 0.0
        },
        {
            "throttle": 0.28746497806114024,
            "brake": 0.0,
            "steer": 0.0
        },
        {
            "throttle": 0.2945422624522663,
            "brake": 0.0,
            "steer": 0.0
        },
        {
            "throttle": 0.30196304658913825,
            "brake": 0.0,
            "steer": 0.0
        },
        {
            "throttle": 0.3096572362752049,
            "brake": 0.0,
            "steer": 0.0
        },
        {
            "throttle": 0.31755860570914524,
            "brake": 0.0,
            "steer": 0.0
        },
        {
            "throttle": 0.32560453092248726,
            "brake": 0.0,
            "steer": 0.0
        },
        {
            "throttle": 0.33373575921703086,
            "brake": 0.0,
            "steer": 0.0
        },
        {
            "throttle": 0.34189621060115966,
            "brake": 0.0,
            "steer": 0.0
        },
        {
            "throttle": 0.3500328075965594,
            "brake": 0.0,
            "steer": 0.0
        },
        {
            "throttle": 0.3580953301233722,
            "brake": 0.0,
            "steer": 0.0
        },
        {
            "throttle": 0.36603629247608555,
            "brake": 0.0,
            "steer": 0.0
        },
        {
            "throttle": 0.373810839677782,
            "brake": 0.0,
            "steer": 0.0
        },
        {
            "throttle": 0.3813766607497258,
            "brake": 0.0,
            "steer": 0.0
        },
        {
            "throttle": 0.38869391665930136,
            "brake": 0.0,
            "steer": 0.0
        },
        {
            "throttle": 0.3957251809144447,
            "brake": 0.0,
            "steer": 0.0
        },
        {
            "throttle": 0.4024353909590611,
            "brake": 0.0,
            "steer": 0.0
        },
        {
            "throttle": 0.40879180869344145,
            "brake": 0.0,
            "steer": 0.0
        },
        {
            "throttle": 0.41476398859809566,
            "brake": 0.0,
            "steer": 0.0
        },
        {
            "throttle": 0.4203237520802747,
            "brake": 0.0,
            "steer": 0.0
        },
        {
            "throttle": 0.4254451667911371,
            "brake": 0.0,
            "steer": 0.0
        },
        {
            "throttle": 0.4301045297792786,
            "brake": 0.0,
            "steer": 0.0
        },
        {
            "throttle": 0.4342803534543069,
            "brake": 0.0,
            "steer": 0.0
        },
        {
            "throttle": 0.4379533534332892,
            "brake": 0.0,
            "steer": 0.0
        },
        {
            "throttle": 0.44110643743414,
            "brake": 0.0,
            "steer": 0.0
        },
        {
            "throttle": 0.44372469446412655,
            "brake": 0.0,
            "steer": 0.0
        },
        {
            "throttle": 0.44579538362937743,
            "brake": 0.0,
            "steer": 0.0
        },
        {
            "throttle": 0.447307921963206,
            "brake": 0.0,
            "steer": 0.0
        },
        {
            "throttle": 0.4482538707377757,
            "brake": 0.0,
            "steer": 0.0
        },
        {
            "throttle": 0.44862691978563785,
            "brake": 0.0,
            "steer": 0.0
        },
        {
            "throttle": 0.44842286941540954,
            "brake": 0.0,
            "steer": 0.0
        },
        {
            "throttle": 0.4476396095597227,
            "brake": 0.0,
            "steer": 0.0
        },
        {
            "throttle": 0.446277095843918,
            "brake": 0.0,
            "steer": 0.0
        },
        {
            "throttle": 0.44433732231108336,
            "brake": 0.0,
            "steer": 0.0
        },
        {
            "throttle": 0.4418242905832224,
            "brake": 0.0,
            "steer": 0.0
        },
        {
            "throttle": 0.4387439752798189,
            "brake": 0.0,
            "steer": 0.0
        },
        {
            "throttle": 0.4351042855540521,
            "brake": 0.0,
            "steer": 0.0
        },
        {
            "throttle": 0.4309150226435975,
            "brake": 0.0,
            "steer": 0.0
        },
        {
            "throttle": 0.42618783336747895,
            "brake": 0.0,
            "steer": 0.0
        },
        {
            "throttle": 0.4209361595329611,
            "brake": 0.0,
            "steer": 0.0
        },
        {
            "throttle": 0.4151751832471062,
            "brake": 0.0,
            "steer": 0.0
        },
        {
            "throttle": 0.40892176815647485,
            "brake": 0.0,
            "steer": 0.0
        },
        {
            "throttle": 0.4021943966656113,
            "brake": 0.0,
            "steer": 0.0
        },
        {
            "throttle": 0.3950131032105048,
            "brake": 0.0,
            "steer": 0.0
        },
        {
            "throttle": 0.38739940368722003,
            "brake": 0.0,
            "steer": 0.0
        },
        {
            "throttle": 0.3793762211584026,
            "brake": 0.0,
            "steer": 0.0
        },
        {
            "throttle": 0.37096780798143647,
            "brake": 0.0,
            "steer": 0.0
        },
        {
            "throttle": 0.3621996645217016,
            "brake": 0.0,
            "steer": 0.0
        },
        {
            "throttle": 0.353098454632683,
            "brake": 0.0,
            "steer": 0.0
        },
        {
            "throttle": 0.34369191810165284,
            "brake": 0.0,
            "steer": 0.0
        },
        {
            "throttle": 0.33400878027530284,
            "brake": 0.0,
            "steer": 0.0
        },
        {
            "throttle": 0.32407865909407124,
            "brake": 0.0,
            "steer": 0.0
        },
        {
            "throttle": 0.3139319697770034,
            "brake": 0.0,
            "steer": 0.0
        },
        {
            "throttle": 0.3035998274108242,
            "brake": 0.0,
            "steer": 0.0
        },
        {
            "throttle": 0.29311394770749694,
            "brake": 0.0,
            "steer": 0.0
        },
        {
            "throttle": 0.2825065462039117,
            "brake": 0.0,
            "steer": 0.0
        },
        {
            "throttle": 0.2718102361854973,
            "brake": 0.0,
            "steer": 0.0
        },
        {
            "throttle": 0.2610579256224983,
            "brake": 0.0,
            "steer": 0.0
        },
        {
            "throttle": 0.25028271341341046,
            "brake": 0.0,
            "steer": 0.0
        },
        {
            "throttle": 0.23951778523464248,
            "brake": 0.0,
            "steer": 0.0
        },
        {
            "throttle": 0.22879630929887443,
            "brake": 0.0,
            "steer": 0.0
        },
        {
            "throttle": 0.21815133232683545,
            "brake": 0.0,
            "steer": 0.0
        },
        {
            "throttle": 0.20761567603833286,
            "brake": 0.0,
            "steer": 0.0
        },
        {
            "throttle": 0.1972218344683538,
            "brake": 0.0,
            "steer": 0.0
        },
        {
            "throttle": 0.18700187241294206,
            "brake": 0.0,
            "steer": 0.0
        },
        {
            "throttle": 0.17698732530735042,
            "brake": 0.0,
            "steer": 0.0
        },
        {
            "throttle": 0.1672091008356999,
            "brake": 0.0,
            "steer": 0.0
        },
        {
            "throttle": 0.15769738256706733,
            "brake": 0.0,
            "steer": 0.0
        },
        {
            "throttle": 0.14848153590759677,
            "brake": 0.0,
            "steer": 0.0
        },
        {
            "throttle": 0.13959001665191237,
            "brake": 0.0,
            "steer": 0.0
        },
        {
            "throttle": 0.13105028240983396,
            "brake": 0.0,
            "steer": 0.0
        },
        {
            "throttle": 0.12288870717618815,
            "brake": 0.0,
            "steer": 0.0
        },
        {
            "throttle": 0.11513049930240396,
            "brake": 0.0,
            "steer": 0.0
        },
        {
            "throttle": 0.10779962311861524,
            "brake": 0.0,
            "steer": 0.0
        },
        {
            "throttle": 0.10091872444420084,
            "brake": 0.0,
            "steer": 0.0
        },
        {
            "throttle": 0.09450906021311672,
            "brake": 0.0,
            "steer": 0.0
        },
        {
            "throttle": 0.08859043242805117,
            "brake": 0.0,
            "steer": 0.0
        },
        {
            "throttle": 0.08318112664440964,
            "brake": 0.0,
            "steer": 0.0
        },
        {
            "throttle": 0.07829785517145274,
            "brake": 0.0,
            "steer": 0.0
        },
        {
            "throttle": 0.073955705163615,
            "brake": 0.0,
            "steer": 0.0
        },
        {
            "throttle": 0.07016809176017243,
            "brake": 0.0,
            "steer": 0.0
        },
        {
            "throttle": 0.06694671641605068,
            "brake": 0.0,
            "steer": 0.0
        },
        {
            "throttle": 0.06430153055072406,
            "brake": 0.0,
            "steer": 0.0
        },
        {
            "throttle": 0.0622407046258999,
            "brake": 0.0,
            "steer": 0.0
        },
        {
            "throttle": 0.06077060274606548,
            "brake": 0.0,
            "steer": 0.0
        },
        {
            "throttle": 0.05989576285904837,
            "brake": 0.0,
            "steer": 0.0
        },
        {
            "throttle": 0.05961888261656109,
            "brake": 0.0,
            "steer": 0.0
        },
        {
            "throttle": 0.059940810937320836,
            "brake": 0.0,
            "steer": 0.0
        },
        {
            "throttle": 0.060860545297810736,
            "brake": 0.0,
            "steer": 0.0
        },
        {
            "throttle": 0.062375234758135965,
            "brake": 0.0,
            "steer": 0.0
        },
        {
            "throttle": 0.06448018871278073,
            "brake": 0.0,
            "steer": 0.0
        },
        {
            "throttle": 0.0671688913384485,
            "brake": 0.0,
            "steer": 0.0
        },
        {
            "throttle": 0.07043302169362038,
            "brake": 0.0,
            "steer": 0.0
        },
        {
            "throttle": 0.07426247940705319,
            "brake": 0.0,
            "steer": 0.0
        },
        {
            "throttle": 0.07864541587521183,
            "brake": 0.0,
            "steer": 0.0
        },
        {
            "throttle": 0.08356827087164567,
            "brake": 0.0,
            "steer": 0.0
        },
        {
            "throttle": 0.08901581445462821,
            "brake": 0.0,
            "steer": 0.0
        },
        {
            "throttle": 0.09497119404303479,
            "brake": 0.0,
            "steer": 0.0
        },
        {
            "throttle": 0.10141598651448795,
            "brake": 0.0,
            "steer": 0.0
        },
        {
            "throttle": 0.10833025516430043,
            "brake": 0.0,
            "steer": 0.0
        },
        {
            "throttle": 0.11569261134874372,
            "brake": 0.0,
            "steer": 0.0
        },
        {
            "throttle": 0.12348028062170967,
            "brake": 0.0,
            "steer": 0.0
        },
        {
            "throttle": 0.13166917315996018,
            "brake": 0.0,
            "steer": 0.0
        },
        {
            "throttle": 0.14023395825891838,
            "brake": 0.0,
            "steer": 0.0
        },
        {
            "throttle": 0.1491481426683855,
            "brake": 0.0,
            "steer": 0.0
        },
        {
            "throttle": 0.1583841525257087,
            "brake": 0.0,
            "steer": 0.0
        },
        {
            "throttle": 0.16791341863281573,
            "brake": 0.0,
            "steer": 0.0
        },
        {
            "throttle": 0.17770646481320376,
            "brake": 0.0,
            "steer": 0.0
        },
        {
            "throttle": 0.18773299907545807,
            "brake": 0.0,
            "steer": 0.0
        },
        {
            "throttle": 0.19796200730120675,
            "brake": 0.0,
            "steer": 0.0
        },
        {
            "throttle": 0.20836184916762124,
            "brake": 0.0,
            "steer": 0.0
        },
        {
            "throttle": 0.21890035600767044,
            "brake": 0.0,
            "steer": 0.0
        },
        {
            "throttle": 0.22954493030535175,
            "brake": 0.0,
            "steer": 0.0
        },
        {
            "throttle": 0.24026264651807344,
            "brake": 0.0,
            "steer": 0.0
        },
        {
            "throttle": 0.2510203529142649,
            "brake": 0.0,
            "steer": 0.0
        },
        {
            "throttle": 0.26178477411115786,
            "brake": 0.0,
            "steer": 0.0
        },
        {
            "throttle": 0.27252261399552213,
            "brake": 0.0,
            "steer": 0.0
        },
        {
            "throttle": 0.28320065870896,
            "brake": 0.0,
            "steer": 0.0
        },
        {
            "throttle": 0.29378587937916834,
            "brake": 0.0,
            "steer": 0.0
        },
        {
            "throttle": 0.3042455342793685,
            "brake": 0.0,
            "steer": 0.0
        },
        {
            "throttle": 0.3145472700998759,
            "brake": 0.0,
            "steer": 0.0
        },
        {
            "throttle": 0.3246592220185308,
            "brake": 0.0,
            "steer": 0.0
        },
        {
            "throttle": 0.33455011226043224,
            "brake": 0.0,
            "steer": 0.0
        },
        {
            "throttle": 0.3441893468420891,
            "brake": 0.0,
            "steer": 0.0
        },
        {
            "throttle": 0.3535471102007245,
            "brake": 0.0,
            "steer": 0.0
        },
        {
            "throttle": 0.36259445741601126,
            "brake": 0.0,
            "steer": 0.0
        },
        {
            "throttle": 0.3713034037389657,
            "brake": 0.0,
            "steer": 0.0
        },
        {
            "throttle": 0.3796470111510582,
            "brake": 0.0,
            "steer": 0.0
        },
        {
            "throttle": 0.3875994716857873,
            "brake": 0.0,
            "steer": 0.0
        },
        {
            "throttle": 0.39513618725497823,
            "brake": 0.0,
            "steer": 0.0
        },
        {
            "throttle": 0.4022338457328814,
            "brake": 0.0,
            "steer": 0.0
        },
        {
            "throttle": 0.4088704930627204,
            "brake": 0.0,
            "steer": 0.0
        },
        {
            "throttle": 0.4150256011626461,
            "brake": 0.0,
            "steer": 0.0
        },
        {
            "throttle": 0.4206801314210446,
            "brake": 0.0,
            "steer": 0.0
        },
        {
            "throttle": 0.42581659358479246,
            "brake": 0.0,
            "steer": 0.0
        },
        {
            "throttle": 0.4304190998583023,
            "brake": 0.0,
            "steer": 0.0
        },
        {
            "throttle": 0.4344734140460173,
            "brake": 0.0,
            "steer": 0.0
        },
        {
            "throttle": 0.4379669955863443,
            "brake": 0.0,
            "steer": 0.0
        },
        {
            "throttle": 0.4408890383408174,
            "brake": 0.0,
            "steer": 0.0
        },
        {
            "throttle": 0.4432305040185076,
            "brake": 0.0,
            "steer": 0.0
        },
        {
            "throttle": 0.444984150132288,
            "brake": 0.0,
            "steer": 0.0
        },
        {
            "throttle": 0.44614455240047823,
            "brake": 0.0,
            "steer": 0.0
        },
        {
            "throttle": 0.4467081215245735,
            "brake": 0.0,
            "steer": 0.0
        },
        {
            "throttle": 0.44667311429115947,
            "brake": 0.0,
            "steer": 0.0
        },
        {
            "throttle": 0.4460396389636702,
            "brake": 0.0,
            "steer": 0.0
        },
        {
            "throttle": 0.4448096549473099,
            "brake": 0.0,
            "steer": 0.0
        },
        {
            "throttle": 0.4429869667281714,
            "brake": 0.0,
            "steer": 0.0
        },
        {
            "throttle": 0.440577212105298,
            "brake": 0.0,
            "steer": 0.0
        },
        {
            "throttle": 0.437587844752085,
            "brake": 0.0,
            "steer": 0.0
        },
        {
            "throttle": 0.43402811116096063,
            "brake": 0.0,
            "steer": 0.0
        },
        {
            "throttle": 0.4299090220426563,
            "brake": 0.0,
            "steer": 0.0
        },
        {
            "throttle": 0.4252433182685325,
            "brake": 0.0,
            "steer": 0.0
        },
        {
            "throttle": 0.42004543146130235,
            "brake": 0.0,
            "steer": 0.0
        },
        {
            "throttle": 0.4143314393560505,
            "brake": 0.0,
            "steer": 0.0
        },
        {
            "throttle": 0.40811901606962075,
            "brake": 0.0,
            "steer": 0.0
        },
        {
            "throttle": 0.4014273774321944,
            "brake": 0.0,
            "steer": 0.0
        },
        {
            "throttle": 0.394277221550155,
            "brake": 0.0,
            "steer": 0.0
        },
        {
            "throttle": 0.38669066478408604,
            "brake": 0.0,
            "steer": 0.0
        },
        {
            "throttle": 0.3786911733399292,
            "brake": 0.0,
            "steer": 0.0
        },
        {
            "throttle": 0.3703034906848996,
            "brake": 0.0,
            "steer": 0.0
        },
        {
            "throttle": 0.36155356101267033,
            "brake": 0.0,
            "steer": 0.0
        },
        {
            "throttle": 0.3524684489945573,
            "brake": 0.0,
            "steer": 0.0
        },
        {
            "throttle": 0.34307625606492465,
            "brake": 0.0,
            "steer": 0.0
        },
        {
            "throttle": 0.3334060334997496,
            "brake": 0.0,
            "steer": 0.0
        },
        {
            "throttle": 0.3234876925572071,
            "brake": 0.0,
            "steer": 0.0
        },
        {
            "throttle": 0.3133519119582194,
            "brake": 0.0,
            "steer": 0.0
        },
        {
            "throttle": 0.3030300429931459,
            "brake": 0.0,
            "steer": 0.0
        },
        {
            "throttle": 0.29255401254813057,
            "brake": 0.0,
            "steer": 0.0
        },
        {
            "throttle": 0.28195622435105794,
            "brake": 0.0,
            "steer": 0.0
        },
        {
            "throttle": 0.2712694587425775,
            "brake": 0.0,
            "steer": 0.0
        },
        {
            "throttle": 0.2605267712822172,
            "brake": 0.0,
            "steer": 0.0
        },
        {
            "throttle": 0.24976139050321067,
            "brake": 0.0,
            "steer": 0.0
        },
        {
            "throttle": 0.2390066151322954,
            "brake": 0.0,
            "steer": 0.0
        },
        {
            "throttle": 0.22829571109239435,
            "brake": 0.0,
            "steer": 0.0
        },
        {
            "throttle": 0.21766180860676543,
            "brake": 0.0,
            "steer": 0.0
        },
        {
            "throttle": 0.2071377997228883,
            "brake": 0.0,
            "steer": 0.0
        },
        {
            "throttle": 0.19675623657306118,
            "brake": 0.0,
            "steer": 0.0
        },
        {
            "throttle": 0.18654923068640034,
            "brake": 0.0,
            "steer": 0.0
        },
        {
            "throttle": 0.17654835366368316,
            "brake": 0.0,
            "steer": 0.0
        },
        {
            "throttle": 0.16678453952226127,
            "brake": 0.0,
            "steer": 0.0
        },
        {
            "throttle": 0.15728798901310234,
            "brake": 0.0,
            "steer": 0.0
        },
        {
            "throttle": 0.14808807620592135,
            "brake": 0.0,
            "steer": 0.0
        },
        {
            "throttle": 0.13921325763134543,
            "brake": 0.0,
            "steer": 0.0
        },
        {
            "throttle": 0.13069098426114695,
            "brake": 0.0,
            "steer": 0.0
        },
        {
            "throttle": 0.12254761659880191,
            "brake": 0.0,
            "steer": 0.0
        },
        {
            "throttle": 0.11480834314300949,
            "brake": 0.0,
            "steer": 0.0
        },
        {
            "throttle": 0.10749710247637556,
            "brake": 0.0,
            "steer": 0.0
        },
        {
            "throttle": 0.10063650922024998,
            "brake": 0.0,
            "steer": 0.0
        },
        {
            "throttle": 0.09424778408474935,
            "brake": 0.0,
            "steer": 0.0
        },
        {
            "throttle": 0.08835068823032896,
            "brake": 0.0,
            "steer": 0.0
        },
        {
            "throttle": 0.08296346214393292,
            "brake": 0.0,
            "steer": 0.0
        },
        {
            "throttle": 0.07810276921878585,
            "brake": 0.0,
            "steer": 0.0
        },
        {
            "throttle": 0.0737836442123415,
            "brake": 0.0,
            "steer": 0.0
        }
    ],
    "parameters": {
        "cloudiness": 59.698798287233835,
        "fog_density": 47.10856327502383,
        "initial_distance": 20.781749936440633,
        "initial_ego_velocity": 15.760026458856377,
        "initial_lead_velocity": 9.002220454695518,
        "lead_base_throttle": 0.2531900849440959,
        "lead_behavior_frequency": 0.08852689698892673,
        "lead_brake_duration": 18.57256380709208,
        "lead_brake_intensity": 0.6560125645684491,
        "lead_brake_probability": 0.012811063290496472,
        "lead_throttle_variation": 0.2188682145071415,
        "precipitation": 17.832420511039516,
        "precipitation_deposits": 63.777524813257415,
        "sun_altitude_angle": -2.658327575186096,
        "wind_intensity": 34.058598382596514
    },
    "config": {
        "num_timesteps": 200,
        "dt": 0.1,
        "seed": 94
    }
}