{
    "weather": {
        "cloudiness": 50.131539361503606,
        "precipitation": 89.41633008665617,
        "precipitation_deposits": 99.67141761835518,
        "wind_intensity": 0.896541106794202,
        "sun_altitude_angle": 0.017772494215186896,
        "fog_density": 5.021898543178818,
        "fog_distance": 845.8640597973819,
        "wetness": 44.70816504332809
    },
    "initial_conditions": {
        "ego": {
            "position": {
                "x": 516.9576358001833,
                "y": 20.57,
                "z": 0.294
            },
            "yaw": 0.0,
            "velocity": 9.363972149141103
        },
        "lead": {
            "position": {
                "x": 484.88,
                "y": 20.57,
                "z": 0.294
            },
            "yaw": 0.0,
            "velocity": 11.632986314453632
        }
    },
    "ego": {
        "position": {
            "x": 516.9576358001833,
            "y": 20.57,
            "z": 0.294
        },
        "yaw": 0.0,
        "velocity": 9.363972149141103
    },
    "lead": {
        "position": {
            "x": 484.88,
            "y": 20.57,
            "z": 0.294
        },
        "yaw": 0.0,
        "velocity": 11.632986314453632
    },
    "ado_actions": [
        {
            "throttle": 0.458024337349519,
            "brake": 0.0,
            "steer": 0.0
        },
        {
            "throttle": 0.46095586160215724,
            "brake": 0.0,
            "steer": 0.0
        },
        {
            "throttle": 0.4664751917177775,
            "brake": 0.0,
            "steer": 0.0
        },
        {
            "throttle": 0.4742232873953855,
            "brake": 0.0,
            "steer": 0.0
        },
        {
            "throttle": 0.483829047997109,
            "brake": 0.0,
            "steer": 0.0
        },
        {
            "throttle": 0.49491307530425643,
            "brake": 0.0,
            "steer": 0.0
        },
        {
            "throttle": 0.5070918432358189,
            "brake": 0.0,
            "steer": 0.0
        },
        {
            "throttle": 0.5199821762220797,
            "brake": 0.0,
            "steer": 0.0
        },
        {
            "throttle": 0.5332059352403586,
            "brake": 0.0,
            "steer": 0.0
        },
        {
            "throttle": 0.5463948093124882,
            "brake": 0.0,
            "steer": 0.0
        },
        {
            "throttle": 0.5591951105815804,
            "brake": 0.0,
            "steer": 0.0
        },
        {
            "throttle": 0.571272472947282,
            "brake": 0.0,
            "steer": 0.0
        },
        {
            "throttle": 0.5823163576332706,
            "brake": 0.0,
            "steer": 0.0
        },
        {
            "throttle": 0.5920442739489127,
            "brake": 0.0,
            "steer": 0.0
        },
        {
            "throttle": 0.6002056298217651,
            "brake": 0.0,
            "steer": 0.0
        },
        {
            "throttle": 0.606585134325627,
            "brake": 0.0,
            "steer": 0.0
        },
        {
            "throttle": 0.6110056832922215,
            "brake": 0.0,
            "steer": 0.0
        },
        {
            "throttle": 0.613330669033058,
            "brake": 0.0,
            "steer": 0.0
        },
        {
            "throttle": 0.6134656660515114,
            "brake": 0.0,
            "steer": 0.0
        },
        {
            "throttle": 0.6113594562166692,
            "brake": 0.0,
            "steer": 0.0
        },
        {
            "throttle": 0.5502235105950023,
            "brake": 0.02194035460122423,
            "steer": 0.0
        },
        {
            "throttle": 0.4952011595355021,
            "brake": 0.041686673742326034,
            "steer": 0.0
        },
        {
            "throttle": 0.4456810435819519,
            "brake": 0.059458360969317656,
            "steer": 0.0
        },
        {
            "throttle": 0.4011129392237567,
            "brake": 0.07545287947361012,
            "steer": 0.0
        },
        {
            "throttle": 0.361001645301381,
            "brake": 0.08984794612747335,
            "steer": 0.0
        },
        {
            "throttle": 0.3249014807712429,
            "brake": 0.10280350611595025,
            "steer": 0.0
        },
        {
            "throttle": 0.2924113326941186,
            "brake": 0.11446351010557947,
            "steer": 0.0
        },
        {
            "throttle": 0.26317019942470676,
            "brake": 0.12495751369624575,
            "steer": 0.0
        },
        {
            "throttle": 0.23685317948223608,
            "brake": 0.1344021169278454,
            "steer": 0.0
        },
        {
            "throttle": 0.2131678615340125,
            "brake": 0.1429022598362851,
            "steer": 0.0
        },
        {
            "throttle": 0.19185107538061125,
            "brake": 0.15055238845388083,
            "steer": 0.0
        },
        {
            "throttle": 0.17266596784255012,
            "brake": 0.15743750420971697,
            "steer": 0.0
        },
        {
            "throttle": 0.1553993710582951,
            "brake": 0.1636341083899695,
            "steer": 0.0
        },
        {
            "throttle": 0.13985943395246558,
            "brake": 0.16921105215219678,
            "steer": 0.0
        },
        {
            "throttle": 0.12587349055721903,
            "brake": 0.17423030153820135,
            "steer": 0.0
        },
        {
            "throttle": 0.11328614150149713,
            "brake": 0.17874762598560545,
            "steer": 0.0
        },
        {
            "throttle": 0.10195752735134742,
            "brake": 0.18281321798826913,
            "steer": 0.0
        },
        {
            "throttle": 0.09176177461621268,
            "brake": 0.18647225079066646,
            "steer": 0.0
        },
        {
            "throttle": 0.08258559715459142,
            "brake": 0.18976538031282406,
            "steer": 0.0
        },
        {
            "throttle": 0.07432703743913228,
            "brake": 0.19272919688276588,
            "steer": 0.0
        },
        {
            "throttle": 0.06689433369521906,
            "brake": 0.19539663179571354,
            "steer": 0.0
        },
        {
            "throttle": 0.060204900325697155,
            "brake": 0.19779732321736643,
            "steer": 0.0
        },
        {
            "throttle": 0.05418441029312744,
            "brake": 0.19995794549685403,
            "steer": 0.0
        },
        {
            "throttle": 0.0487659692638147,
            "brake": 0.20190250554839287,
            "steer": 0.0
        },
        {
            "throttle": 0.04388937233743323,
            "brake": 0.20365260959477782,
            "steer": 0.0
        },
        {
            "throttle": 0.03950043510368991,
            "brake": 0.20522770323652428,
            "steer": 0.0
        },
        {
            "throttle": 0.03555039159332092,
            "brake": 0.20664528751409608,
            "steer": 0.0
        },
        {
            "throttle": 0.07543180774226371,
            "brake": 0.18598075876268647,
            "steer": 0.0
        },
        {
            "throttle": 0.11426056801434945,
            "brake": 0.16738268288641783,
            "steer": 0.0
        },
        {
            "throttle": 0.15213211454572612,
            "brake": 0.15064441459777606,
            "steer": 0.0
        },
        {
            "throttle": 0.18908188040779345,
            "brake": 0.13557997313799847,
            "steer": 0.0
        },
        {
            "throttle": 0.22509233042871968,
            "brake": 0.12202197582419862,
            "steer": 0.0
        },
        {
            "throttle": 0.2601001504652584,
            "brake": 0.10981977824177876,
            "steer": 0.0
        },
        {
            "throttle": 0.29400353763694265,
            "brake": 0.09883780041760089,
            "steer": 0.0
        },
        {
            "throttle": 0.3266695346412211,
            "brake": 0.0889540203758408,
            "steer": 0.0
        },
        {
            "throttle": 0.35794134362094243,
            "brake": 0.08005861833825673,
            "steer": 0.0
        },
        {
            "throttle": 0.3876455492101674,
            "brake": 0.07205275650443106,
            "steer": 0.0
        },
        {
            "throttle": 0.41559917637256283,
            "brake": 0.06484748085398796,
            "steer": 0.0
        },
        {
            "throttle": 0.4416165064758164,
            "brake": 0.058362732768589165,
            "steer": 0.0
        },
        {
            "throttle": 0.4655155746972736,
            "brake": 0.05252645949173025,
            "steer": 0.0
        },
        {
            "throttle": 0.48712427328613533,
            "brake": 0.047273813542557226,
            "steer": 0.0
        },
        {
            "throttle": 0.5062859883462174,
            "brake": 0.0425464321883015,
            "steer": 0.0
        },
        {
            "throttle": 0.5228647025556558,
            "brake": 0.03829178896947135,
            "steer": 0.0
        },
        {
            "throttle": 0.5367495024874672,
            "brake": 0.034462610072524213,
            "steer": 0.0
        },
        {
            "throttle": 0.5478584367968475,
            "brake": 0.031016349065271794,
            "steer": 0.0
        },
        {
            "throttle": 0.5561416803367293,
            "brake": 0.027914714158744615,
            "steer": 0.0
        },
        {
            "throttle": 0.5615839690740363,
            "brake": 0.025123242742870155,
            "steer": 0.0
        },
        {
            "throttle": 0.564206281312019,
            "brake": 0.022610918468583138,
            "steer": 0.0
        },
        {
            "throttle": 0.5640667519740135,
            "brake": 0.020349826621724826,
            "steer": 0.0
        },
        {
            "throttle": 0.5612608183574351,
            "brake": 0.018314843959552345,
            "steer": 0.0
        },
        {
            "throttle": 0.5559206076052857,
            "brake": 0.01648335956359711,
            "steer": 0.0
        },
        {
            "throttle": 0.5482135879459513,
            "brake": 0.014835023607237399,
            "steer": 0.0
        },
        {
            "throttle": 0.5383405173028306,
            "brake": 0.013351521246513658,
            "steer": 0.0
        },
        {
            "throttle": 0.5265327339613537,
            "brake": 0.012016369121862294,
            "steer": 0.0
        },
        {
            "throttle": 0.5130488443995201,
            "brake": 0.010814732209676065,
            "steer": 0.0
        },
        {
            "throttle": 0.4981708729491576,
            "brake": 0.009733258988708459,
            "steer": 0.0
        },
        {
            "throttle": 0.48219994648445613,
            "brake": 0.008759933089837612,
            "steer": 0.0
        },
        {
            "throttle": 0.4654515946764709,
            "brake": 0.007883939780853852,
            "steer": 0.0
        },
        {
            "throttle": 0.4189064352088238,
            "brake": 0.029035900403992697,
            "steer": 0.0
        },
        {
            "throttle": 0.3770157916879414,
            "brake": 0.04807266496481766,
            "steer": 0.0
        },
        {
            "throttle": 0.3393142125191473,
            "brake": 0.06520575306956013,
            "steer": 0.0
        },
        {
            "throttle": 0.30538279126723256,
            "brake": 0.08062553236382834,
            "steer": 0.0
        },
        {
            "throttle": 0.2748445121405093,
            "brake": 0.09450333372866974,
            "steer": 0.0
        },
        {
            "throttle": 0.24736006092645837,
            "brake": 0.106993354957027,
            "steer": 0.0
        },
        {
            "throttle": 0.22262405483381253,
            "brake": 0.11823437406254854,
            "steer": 0.0
        },
        {
            "throttle": 0.2003616493504313,
            "brake": 0.1283512912575179,
            "steer": 0.0
        },
        {
            "throttle": 0.18032548441538818,
            "brake": 0.13745651673299034,
            "steer": 0.0
        },
        {
            "throttle": 0.16229293597384936,
            "brake": 0.14565121966091554,
            "steer": 0.0
        },
        {
            "throttle": 0.14606364237646444,
            "brake": 0.15302645229604822,
            "steer": 0.0
        },
        {
            "throttle": 0.131457278138818,
            "brake": 0.15966416166766764,
            "steer": 0.0
        },
        {
            "throttle": 0.1183115503249362,
            "brake": 0.16563810010212512,
            "steer": 0.0
        },
        {
            "throttle": 0.10648039529244259,
            "brake": 0.17101464469313685,
            "steer": 0.0
        },
        {
            "throttle": 0.09583235576319833,
            "brake": 0.1758535348250474,
            "steer": 0.0
        },
        {
            "throttle": 0.0862491201868785,
            "brake": 0.1802085359437669,
            "steer": 0.0
        },
        {
            "throttle": 0.07762420816819066,
            "brake": 0.18412803695061444,
            "steer": 0.0
        },
        {
            "throttle": 0.0698617873513716,
            "brake": 0.18765558785677725,
            "steer": 0.0
        },
        {
            "throttle": 0.06287560861623444,
            "brake": 0.19083038367232374,
            "steer": 0.0
        },
        {
            "throttle": 0.056588047754610994,
            "brake": 0.1936876999063156,
            "steer": 0.0
        },
        {
            "throttle": 0.05092924297914989,
            "brake": 0.19625928451690827,
            "steer": 0.0
        },
        {
            "throttle": 0.0458363186812349,
            "brake": 0.1985737106664417,
            "steer": 0.0
        },
        {
            "throttle": 0.041252686813111415,
            "brake": 0.20065669420102175,
            "steer": 0.0
        },
        {
            "throttle": 0.037127418131800274,
            "brake": 0.2025313793821438,
            "steer": 0.0
        },
        {
            "throttle": 0.033414676318620246,
            "brake": 0.20421859604515366,
            "steer": 0.0
        },
        {
            "throttle": 0.03007320868675822,
            "brake": 0.20573709104186252,
            "steer": 0.0
        },
        {
            "throttle": 0.027065887818082397,
            "brake": 0.20710373653890052,
            "steer": 0.0
        },
        {
            "throttle": 0.09127263611587355,
            "brake": 0.18639336288501046,
            "steer": 0.0
        },
        {
            "throttle": 0.14984596936938605,
            "brake": 0.16775402659650943,
            "steer": 0.0
        },
        {
            "throttle": 0.20297150690111365,
            "brake": 0.15097862393685849,
            "steer": 0.0
        },
        {
            "throttle": 0.25080924197284926,
            "brake": 0.13588076154317263,
            "steer": 0.0
        },
        {
            "throttle": 0.2935027415842845,
            "brake": 0.12229268538885538,
            "steer": 0.0
        },
        {
            "throttle": 0.331187433655982,
            "brake": 0.11006341684996984,
            "steer": 0.0
        },
        {
            "throttle": 0.36399795824609105,
            "brake": 0.09905707516497286,
            "steer": 0.0
        },
        {
            "throttle": 0.39207456363516396,
            "brake": 0.08915136764847557,
            "steer": 0.0
        },
        {
            "throttle": 0.4155685338249594,
            "brake": 0.08023623088362802,
            "steer": 0.0
        },
        {
            "throttle": 0.43464664101707384,
            "brake": 0.07221260779526523,
            "steer": 0.0
        },
        {
            "throttle": 0.4494946247369056,
            "brake": 0.0649913470157387,
            "steer": 0.0
        },
        {
            "throttle": 0.46031970821123647,
            "brake": 0.058492212314164835,
            "steer": 0.0
        },
        {
            "throttle": 0.46735217215218117,
            "brake": 0.05264299108274835,
            "steer": 0.0
        },
        {
            "throttle": 0.4708460160033022,
            "brake": 0.047378691974473516,
            "steer": 0.0
        },
        {
            "throttle": 0.4710787467238784,
            "brake": 0.04264082277702617,
            "steer": 0.0
        },
        {
            "throttle": 0.4683503450882567,
            "brake": 0.038376740499323554,
            "steer": 0.0
        },
        {
            "throttle": 0.46298146903092174,
            "brake": 0.0345390664493912,
            "steer": 0.0
        },
        {
            "throttle": 0.45531096255811293,
            "brake": 0.03108515980445208,
            "steer": 0.0
        },
        {
            "throttle": 0.4456927469720984,
            "brake": 0.027976643824006872,
            "steer": 0.0
        },
        {
            "throttle": 0.4344921784310032,
            "brake": 0.025178979441606186,
            "steer": 0.0
        },
        {
            "throttle": 0.422081962032334,
            "brake": 0.022661081497445567,
            "steer": 0.0
        },
        {
            "throttle": 0.40883771752192255,
            "brake": 0.02039497334770101,
            "steer": 0.0
        },
        {
            "throttle": 0.3951332952767782,
            "brake": 0.01835547601293091,
            "steer": 0.0
        },
        {
            "throttle": 0.38133594330174564,
            "brake": 0.016519928411637817,
            "steer": 0.0
        },
        {
            "throttle": 0.36780142655522235,
            "brake": 0.014867935570474037,
            "steer": 0.0
        },
        {
            "throttle": 0.35486919894640573,
            "brake": 0.013381142013426633,
            "steer": 0.0
        },
        {
            "throttle": 0.34285772582245233,
            "brake": 0.01204302781208397,
            "steer": 0.0
        },
        {
            "throttle": 0.3320600507141269,
            "brake": 0.010838725030875573,
            "steer": 0.0
        },
        {
            "throttle": 0.3227396945866952,
            "brake": 0.009754852527788016,
            "steer": 0.0
        },
        {
            "throttle": 0.3151269689296809,
            "brake": 0.008779367275009215,
            "steer": 0.0
        },
        {
            "throttle": 0.3094157758208213,
            "brake": 0.007901430547508293,
            "steer": 0.0
        },
        {
            "throttle": 0.305760958745751,
            "brake": 0.007111287492757464,
            "steer": 0.0
        },
        {
            "throttle": 0.30427625759636623,
            "brake": 0.006400158743481718,
            "steer": 0.0
        },
        {
            "throttle": 0.3050329100766098,
            "brake": 0.005760142869133546,
            "steer": 0.0
        },
        {
            "throttle": 0.3080589298990661,
            "brake": 0.005184128582220191,
            "steer": 0.0
        },
        {
            "throttle": 0.31333907985587167,
            "brake": 0.004665715723998172,
            "steer": 0.0
        },
        {
            "throttle": 0.32081554529822365,
            "brake": 0.004199144151598355,
            "steer": 0.0
        },
        {
            "throttle": 0.3303893009704187,
            "brake": 0.0037792297364385194,
            "steer": 0.0
        },
        {
            "throttle": 0.3419221517283782,
            "brake": 0.0034013067627946675,
            "steer": 0.0
        },
        {
            "throttle": 0.3552394156381061,
            "brake": 0.003061176086515201,
            "steer": 0.0
        },
        {
            "throttle": 0.370133206499504,
            "brake": 0.002755058477863681,
            "steer": 0.0
        },
        {
            "throttle": 0.3863662621688315,
            "brake": 0.0024795526300773127,
            "steer": 0.0
        },
        {
            "throttle": 0.403676255339234,
            "brake": 0.0022315973670695814,
            "steer": 0.0
        },
        {
            "throttle": 0.4217805148473949,
            "brake": 0.0020084376303626233,
            "steer": 0.0
        },
        {
            "throttle": 0.44038107825070383,
            "brake": 0.001807593867326361,
            "steer": 0.0
        },
        {
            "throttle": 0.4591699904869979,
            "brake": 0.001626834480593725,
            "steer": 0.0
        },
        {
            "throttle": 0.4778347589878332,
            "brake": 0.0014641510325343525,
            "steer": 0.0
        },
        {
            "throttle": 0.49606387274079716,
            "brake": 0.0013177359292809172,
            "steer": 0.0
        },
        {
            "throttle": 0.5135522915342204,
            "brake": 0.0011859623363528254,
            "steer": 0.0
        },
        {
            "throttle": 0.5300068119887843,
            "brake": 0.001067366102717543,
            "steer": 0.0
        },
        {
            "throttle": 0.5451512189769598,
            "brake": 0.0009606294924457886,
            "steer": 0.0
        },
        {
            "throttle": 0.558731134617089,
            "brake": 0.0008645665432012098,
            "steer": 0.0
        },
        {
            "throttle": 0.5028580211553801,
            "brake": 0.022718464490105318,
            "steer": 0.0
        },
        {
            "throttle": 0.4525722190398421,
            "brake": 0.04238697264231901,
            "steer": 0.0
        },
        {
            "throttle": 0.40731499713585795,
            "brake": 0.060088629979311345,
            "steer": 0.0
        },
        {
            "throttle": 0.36658349742227214,
            "brake": 0.07602012158260445,
            "steer": 0.0
        },
        {
            "throttle": 0.32992514768004494,
            "brake": 0.09035846402556824,
            "steer": 0.0
        },
        {
            "throttle": 0.2969326329120405,
            "brake": 0.10326297222423565,
            "steer": 0.0
        },
        {
            "throttle": 0.26723936962083644,
            "brake": 0.11487702960303632,
            "steer": 0.0
        },
        {
            "throttle": 0.2405154326587528,
            "brake": 0.1253296812439569,
            "steer": 0.0
        },
        {
            "throttle": 0.21646388939287753,
            "brake": 0.13473706772078545,
            "steer": 0.0
        },
        {
            "throttle": 0.19481750045358978,
            "brake": 0.14320371554993114,
            "steer": 0.0
        },
        {
            "throttle": 0.1753357504082308,
            "brake": 0.15082369859616226,
            "steer": 0.0
        },
        {
            "throttle": 0.15780217536740773,
            "brake": 0.15768168333777027,
            "steer": 0.0
        },
        {
            "throttle": 0.14202195783066696,
            "brake": 0.16385386960521747,
            "steer": 0.0
        },
        {
            "throttle": 0.12781976204760026,
            "brake": 0.16940883724591996,
            "steer": 0.0
        },
        {
            "throttle": 0.11503778584284023,
            "brake": 0.1744083081225522,
            "steer": 0.0
        },
        {
            "throttle": 0.10353400725855622,
            "brake": 0.1789078319115212,
            "steer": 0.0
        },
        {
            "throttle": 0.09318060653270059,
            "brake": 0.18295740332159333,
            "steer": 0.0
        },
        {
            "throttle": 0.08386254587943054,
            "brake": 0.18660201759065823,
            "steer": 0.0
        },
        {
            "throttle": 0.07547629129148749,
            "brake": 0.18988217043281663,
            "steer": 0.0
        },
        {
            "throttle": 0.06792866216233874,
            "brake": 0.1928343079907592,
            "steer": 0.0
        },
        {
            "throttle": 0.06113579594610487,
            "brake": 0.19549123179290753,
            "steer": 0.0
        },
        {
            "throttle": 0.05502221635149438,
            "brake": 0.19788246321484101,
            "steer": 0.0
        },
        {
            "throttle": 0.049519994716344946,
            "brake": 0.20003457149458115,
            "steer": 0.0
        },
        {
            "throttle": 0.04456799524471045,
            "brake": 0.20197146894634727,
            "steer": 0.0
        },
        {
            "throttle": 0.040111195720239405,
            "brake": 0.20371467665293677,
            "steer": 0.0
        },
        {
            "throttle": 0.03610007614821546,
            "brake": 0.20528356358886732,
            "steer": 0.0
        },
        {
            "throttle": 0.032490068533393916,
            "brake": 0.20669556183120483,
            "steer": 0.0
        },
        {
            "throttle": 0.05685338756882322,
            "brake": 0.18602600564808436,
            "steer": 0.0
        },
        {
            "throttle": 0.08064344579308752,
            "brake": 0.16742340508327594,
            "steer": 0.0
        },
        {
            "throttle": 0.10419919491546728,
            "brake": 0.15068106457494834,
            "steer": 0.0
        },
        {
            "throttle": 0.12778869752555072,
            "brake": 0.13561295811745352,
            "steer": 0.0
        },
        {
            "throttle": 0.15161199634480632,
            "brake": 0.12205166230570817,
            "steer": 0.0
        },
        {
            "throttle": 0.17580440744798506,
            "brake": 0.10984649607513736,
            "steer": 0.0
        },
        {
            "throttle": 0.20044025558018552,
            "brake": 0.09886184646762362,
            "steer": 0.0
        },
        {
            "throttle": 0.2255370545766208,
            "brake": 0.08897566182086127,
            "steer": 0.0
        },
        {
            "throttle": 0.25106012147076806,
            "brake": 0.08007809563877515,
            "steer": 0.0
        },
        {
            "throttle": 0.2769275993264868,
            "brake": 0.07207028607489763,
            "steer": 0.0
        },
        {
            "throttle": 0.3030158513171476,
            "brake": 0.06486325746740787,
            "steer": 0.0
        },
        {
            "throttle": 0.3291651772549564,
            "brake": 0.05837693172066708,
            "steer": 0.0
        },
        {
            "throttle": 0.35518579378712,
            "brake": 0.052539238548600375,
            "steer": 0.0
        },
        {
            "throttle": 0.38086401094537226,
            "brake": 0.04728531469374034,
            "steer": 0.0
        },
        {
            "throttle": 0.4059685307645642,
            "brake": 0.042556783224366304,
            "steer": 0.0
        },
        {
            "throttle": 0.43025678835492287,
            "brake": 0.03830110490192967,
            "steer": 0.0
        }
    ],
    "parameters": {
        "cloudiness": 50.131539361503606,
        "fog_density": 5.021898543178818,
        "initial_distance": 32.077635800183366,
        "initial_ego_velocity": 9.363972149141103,
        "initial_lead_velocity": 11.632986314453632,
        "lead_base_throttle": 0.458024337349519,
        "lead_behavior_frequency": 0.2091775921734439,
        "lead_brake_duration": 27.078617529925886,
        "lead_brake_intensity": 0.21940354601224227,
        "lead_brake_probability": 0.23083815360431206,
        "lead_throttle_variation": 0.22369151447443786,
        "precipitation": 89.41633008665617,
        "precipitation_deposits": 99.67141761835518,
        "sun_altitude_angle": 0.017772494215186896,
        "wind_intensity": 0.896541106794202
    },
    "config": {
        "num_timesteps": 200,
        "dt": 0.1,
        "seed": 217
    }
}