{
    "weather": {
        "cloudiness": 50.90594350611518,
        "precipitation": 19.855369255873857,
        "precipitation_deposits": 12.14959238537483,
        "wind_intensity": 37.03174407700277,
        "sun_altitude_angle": -11.76914712144551,
        "fog_density": 19.40502695770915,
        "fog_distance": 523.7010713724457,
        "wetness": 9.927684627936928
    },
    "initial_conditions": {
        "ego": {
            "position": {
                "x": 526.6873270025167,
                "y": 20.57,
                "z": 0.294
            },
            "yaw": 0.0,
            "velocity": 11.573448533413604
        },
        "lead": {
            "position": {
                "x": 484.88,
                "y": 20.57,
                "z": 0.294
            },
            "yaw": 0.0,
            "velocity": 8.510163613397907
        }
    },
    "ego": {
        "position": {
            "x": 526.6873270025167,
            "y": 20.57,
            "z": 0.294
        },
        "yaw": 0.0,
        "velocity": 11.573448533413604
    },
    "lead": {
        "position": {
            "x": 484.88,
            "y": 20.57,
            "z": 0.294
        },
        "yaw": 0.0,
        "velocity": 8.510163613397907
    },
    "ado_actions": [
        {
            "throttle": 0.5736454064273792,
            "brake": 0.0,
            "steer": 0.0
        },
        {
            "throttle": 0.5745669749023647,
            "brake": 0.0,
            "steer": 0.0
        },
        {
            "throttle": 0.5762935208532702,
            "brake": 0.0,
            "steer": 0.0
        },
        {
            "throttle": 0.5786963260681125,
            "brake": 0.0,
            "steer": 0.0
        },
        {
            "throttle": 0.5208266934613013,
            "brake": 0.03323044862773903,
            "steer": 0.0
        },
        {
            "throttle": 0.4687440241151712,
            "brake": 0.06313785239270416,
            "steer": 0.0
        },
        {
            "throttle": 0.42186962170365405,
            "brake": 0.09005451578117277,
            "steer": 0.0
        },
        {
            "throttle": 0.37968265953328867,
            "brake": 0.11427951283079452,
            "steer": 0.0
        },
        {
            "throttle": 0.3417143935799598,
            "brake": 0.1360820101754541,
            "steer": 0.0
        },
        {
            "throttle": 0.3075429542219638,
            "brake": 0.15570425778564773,
            "steer": 0.0
        },
        {
            "throttle": 0.27678865879976744,
            "brake": 0.17336428063482198,
            "steer": 0.0
        },
        {
            "throttle": 0.2491097929197907,
            "brake": 0.1892583011990788,
            "steer": 0.0
        },
        {
            "throttle": 0.22419881362781163,
            "brake": 0.20356291970690996,
            "steer": 0.0
        },
        {
            "throttle": 0.20177893226503046,
            "brake": 0.21643707636395798,
            "steer": 0.0
        },
        {
            "throttle": 0.18160103903852742,
            "brake": 0.22802381735530122,
            "steer": 0.0
        },
        {
            "throttle": 0.1634409351346747,
            "brake": 0.23845188424751013,
            "steer": 0.0
        },
        {
            "throttle": 0.14709684162120723,
            "brake": 0.24783714445049815,
            "steer": 0.0
        },
        {
            "throttle": 0.13238715745908652,
            "brake": 0.25628387863318736,
            "steer": 0.0
        },
        {
            "throttle": 0.11914844171317787,
            "brake": 0.2638859393976077,
            "steer": 0.0
        },
        {
            "throttle": 0.10723359754186008,
            "brake": 0.27072779408558595,
            "steer": 0.0
        },
        {
            "throttle": 0.09651023778767408,
            "brake": 0.2768854633047664,
            "steer": 0.0
        },
        {
            "throttle": 0.08685921400890667,
            "brake": 0.2824273656020288,
            "steer": 0.0
        },
        {
            "throttle": 0.078173292608016,
            "brake": 0.287415077669565,
            "steer": 0.0
        },
        {
            "throttle": 0.0703559633472144,
            "brake": 0.29190401853034753,
            "steer": 0.0
        },
        {
            "throttle": 0.06332036701249297,
            "brake": 0.29594406530505185,
            "steer": 0.0
        },
        {
            "throttle": 0.05698833031124367,
            "brake": 0.29958010740228574,
            "steer": 0.0
        },
        {
            "throttle": 0.051289497280119306,
            "brake": 0.3028525452897962,
            "steer": 0.0
        },
        {
            "throttle": 0.04616054755210738,
            "brake": 0.30579773938855564,
            "steer": 0.0
        },
        {
            "throttle": 0.04154449279689664,
            "brake": 0.3084484140774391,
            "steer": 0.0
        },
        {
            "throttle": 0.037390043517206976,
            "brake": 0.31083402129743426,
            "steer": 0.0
        },
        {
            "throttle": 0.08542668691678937,
            "brake": 0.27975061916769084,
            "steer": 0.0
        },
        {
            "throttle": 0.12889686622126206,
            "brake": 0.25177555725092177,
            "steer": 0.0
        },
        {
            "throttle": 0.16839912078983746,
            "brake": 0.2265980015258296,
            "steer": 0.0
        },
        {
            "throttle": 0.20446208489841491,
            "brake": 0.20393820137324664,
            "steer": 0.0
        },
        {
            "throttle": 0.2375479826394272,
            "brake": 0.18354438123592198,
            "steer": 0.0
        },
        {
            "throttle": 0.26805613250575755,
            "brake": 0.1651899431123298,
            "steer": 0.0
        },
        {
            "throttle": 0.2963265438486708,
            "brake": 0.14867094880109682,
            "steer": 0.0
        },
        {
            "throttle": 0.3226436674528572,
            "brake": 0.13380385392098715,
            "steer": 0.0
        },
        {
            "throttle": 0.347240342625644,
            "brake": 0.12042346852888844,
            "steer": 0.0
        },
        {
            "throttle": 0.3703019638032685,
            "brake": 0.1083811216759996,
            "steer": 0.0
        },
        {
            "throttle": 0.39197087109143813,
            "brake": 0.09754300950839964,
            "steer": 0.0
        },
        {
            "throttle": 0.41235095173116754,
            "brake": 0.08778870855755969,
            "steer": 0.0
        },
        {
            "throttle": 0.4315124235484522,
            "brake": 0.07900983770180373,
            "steer": 0.0
        },
        {
            "throttle": 0.4494967573152569,
            "brake": 0.07110885393162336,
            "steer": 0.0
        },
        {
            "throttle": 0.4663216828908264,
            "brake": 0.06399796853846103,
            "steer": 0.0
        },
        {
            "throttle": 0.4819862142531236,
            "brake": 0.057598171684614924,
            "steer": 0.0
        },
        {
            "throttle": 0.49647562124526035,
            "brake": 0.051838354516153436,
            "steer": 0.0
        },
        {
            "throttle": 0.5097662711688842,
            "brake": 0.046654519064538096,
            "steer": 0.0
        },
        {
            "throttle": 0.5218302613122026,
            "brake": 0.04198906715808429,
            "steer": 0.0
        },
        {
            "throttle": 0.5326397640978102,
            "brake": 0.03779016044227586,
            "steer": 0.0
        },
        {
            "throttle": 0.542171009703943,
            "brake": 0.034011144398048275,
            "steer": 0.0
        },
        {
            "throttle": 0.5504078366187476,
            "brake": 0.030610029958243447,
            "steer": 0.0
        },
        {
            "throttle": 0.5573447484374879,
            "brake": 0.027549026962419104,
            "steer": 0.0
        },
        {
            "throttle": 0.5629894250591079,
            "brake": 0.024794124266177192,
            "steer": 0.0
        },
        {
            "throttle": 0.5673646479841035,
            "brake": 0.022314711839559475,
            "steer": 0.0
        },
        {
            "throttle": 0.5106281831856931,
            "brake": 0.053313689283342555,
            "steer": 0.0
        },
        {
            "throttle": 0.45956536486712385,
            "brake": 0.08121276898274733,
            "steer": 0.0
        },
        {
            "throttle": 0.41360882838041146,
            "brake": 0.10632194071221163,
            "steer": 0.0
        },
        {
            "throttle": 0.37224794554237034,
            "brake": 0.1289201952687295,
            "steer": 0.0
        },
        {
            "throttle": 0.3350231509881333,
            "brake": 0.14925862436959558,
            "steer": 0.0
        },
        {
            "throttle": 0.30152083588932,
            "brake": 0.16756321056037504,
            "steer": 0.0
        },
        {
            "throttle": 0.271368752300388,
            "brake": 0.18403733813207657,
            "steer": 0.0
        },
        {
            "throttle": 0.24423187707034918,
            "brake": 0.19886405294660794,
            "steer": 0.0
        },
        {
            "throttle": 0.21980868936331427,
            "brake": 0.21220809627968618,
            "steer": 0.0
        },
        {
            "throttle": 0.19782782042698285,
            "brake": 0.2242177352794566,
            "steer": 0.0
        },
        {
            "throttle": 0.17804503838428457,
            "brake": 0.23502641037924996,
            "steer": 0.0
        },
        {
            "throttle": 0.1602405345458561,
            "brake": 0.244754217969064,
            "steer": 0.0
        },
        {
            "throttle": 0.1442164810912705,
            "brake": 0.2535092447998966,
            "steer": 0.0
        },
        {
            "throttle": 0.12979483298214345,
            "brake": 0.261388768947646,
            "steer": 0.0
        },
        {
            "throttle": 0.1168153496839291,
            "brake": 0.26848034068062043,
            "steer": 0.0
        },
        {
            "throttle": 0.10513381471553619,
            "brake": 0.2748627552402974,
            "steer": 0.0
        },
        {
            "throttle": 0.09462043324398257,
            "brake": 0.2806069283440067,
            "steer": 0.0
        },
        {
            "throttle": 0.08515838991958431,
            "brake": 0.2857766841373451,
            "steer": 0.0
        },
        {
            "throttle": 0.07664255092762588,
            "brake": 0.29042946435134964,
            "steer": 0.0
        },
        {
            "throttle": 0.0689782958348633,
            "brake": 0.29461696654395375,
            "steer": 0.0
        },
        {
            "throttle": 0.06208046625137697,
            "brake": 0.29838571851729745,
            "steer": 0.0
        },
        {
            "throttle": 0.055872419626239275,
            "brake": 0.3017775952933068,
            "steer": 0.0
        },
        {
            "throttle": 0.05028517766361535,
            "brake": 0.30483028439171517,
            "steer": 0.0
        },
        {
            "throttle": 0.04525665989725382,
            "brake": 0.3075777045802827,
            "steer": 0.0
        },
        {
            "throttle": 0.040730993907528434,
            "brake": 0.3100503827499935,
            "steer": 0.0
        },
        {
            "throttle": 0.03665789451677559,
            "brake": 0.31227579310273323,
            "steer": 0.0
        },
        {
            "throttle": 0.09373638397539286,
            "brake": 0.2810482137924599,
            "steer": 0.0
        },
        {
            "throttle": 0.14580278734683844,
            "brake": 0.25294339241321395,
            "steer": 0.0
        },
        {
            "throttle": 0.19325025679591476,
            "brake": 0.22764905317189257,
            "steer": 0.0
        },
        {
            "throttle": 0.23641704702393215,
            "brake": 0.20488414785470332,
            "steer": 0.0
        },
        {
            "throttle": 0.2755952831290513,
            "brake": 0.184395733069233,
            "steer": 0.0
        },
        {
            "throttle": 0.3110391779081691,
            "brake": 0.16595615976230968,
            "steer": 0.0
        },
        {
            "throttle": 0.3429726580919128,
            "brake": 0.14936054378607871,
            "steer": 0.0
        },
        {
            "throttle": 0.3715963569394234,
            "brake": 0.13442448940747084,
            "steer": 0.0
        },
        {
            "throttle": 0.39709393145712235,
            "brake": 0.12098204046672376,
            "steer": 0.0
        },
        {
            "throttle": 0.41963766604599784,
            "brake": 0.10888383642005138,
            "steer": 0.0
        },
        {
            "throttle": 0.43939333037162637,
            "brake": 0.09799545277804625,
            "steer": 0.0
        },
        {
            "throttle": 0.4565242673876878,
            "brake": 0.08819590750024163,
            "steer": 0.0
        },
        {
            "throttle": 0.47119469738211334,
            "brake": 0.07937631675021747,
            "steer": 0.0
        },
        {
            "throttle": 0.48357223527535326,
            "brake": 0.07143868507519573,
            "steer": 0.0
        },
        {
            "throttle": 0.49382963077663344,
            "brake": 0.06429481656767616,
            "steer": 0.0
        },
        {
            "throttle": 0.5021457539740799,
            "brake": 0.05786533491090855,
            "steer": 0.0
        },
        {
            "throttle": 0.508705862069522,
            "brake": 0.052078801419817695,
            "steer": 0.0
        },
        {
            "throttle": 0.5137011958440278,
            "brake": 0.046870921277835924,
            "steer": 0.0
        },
        {
            "throttle": 0.5173279666456976,
            "brake": 0.04218382915005233,
            "steer": 0.0
        },
        {
            "throttle": 0.5197858058414919,
            "brake": 0.0379654462350471,
            "steer": 0.0
        },
        {
            "throttle": 0.5212757584186041,
            "brake": 0.03416890161154239,
            "steer": 0.0
        },
        {
            "throttle": 0.5219979104496678,
            "brake": 0.03075201145038815,
            "steer": 0.0
        },
        {
            "throttle": 0.5221487461919699,
            "brake": 0.027676810305349336,
            "steer": 0.0
        },
        {
            "throttle": 0.5219183344726681,
            "brake": 0.024909129274814402,
            "steer": 0.0
        },
        {
            "throttle": 0.5214874455803648,
            "brake": 0.022418216347332962,
            "steer": 0.0
        },
        {
            "throttle": 0.5210246990638042,
            "brake": 0.020176394712599667,
            "steer": 0.0
        },
        {
            "throttle": 0.5206838396230994,
            "brake": 0.0181587552413397,
            "steer": 0.0
        },
        {
            "throttle": 0.5206012327263798,
            "brake": 0.01634287971720573,
            "steer": 0.0
        },
        {
            "throttle": 0.5208936638183488,
            "brake": 0.014708591745485158,
            "steer": 0.0
        },
        {
            "throttle": 0.5216565151912924,
            "brake": 0.013237732570936642,
            "steer": 0.0
        },
        {
            "throttle": 0.5229623830039186,
            "brake": 0.011913959313842978,
            "steer": 0.0
        },
        {
            "throttle": 0.5248601838487209,
            "brake": 0.01072256338245868,
            "steer": 0.0
        },
        {
            "throttle": 0.5273747860155565,
            "brake": 0.009650307044212813,
            "steer": 0.0
        },
        {
            "throttle": 0.5305071855415625,
            "brake": 0.008685276339791532,
            "steer": 0.0
        },
        {
            "throttle": 0.5342352316618953,
            "brake": 0.007816748705812379,
            "steer": 0.0
        },
        {
            "throttle": 0.538514890780935,
            "brake": 0.007035073835231141,
            "steer": 0.0
        },
        {
            "throttle": 0.5432820229700444,
            "brake": 0.006331566451708027,
            "steer": 0.0
        },
        {
            "throttle": 0.5484546306571659,
            "brake": 0.005698409806537225,
            "steer": 0.0
        },
        {
            "throttle": 0.5539355259773264,
            "brake": 0.005128568825883502,
            "steer": 0.0
        },
        {
            "throttle": 0.4985419733795938,
            "brake": 0.03784616057103418,
            "steer": 0.0
        },
        {
            "throttle": 0.4486877760416344,
            "brake": 0.0672919931416698,
            "steer": 0.0
        },
        {
            "throttle": 0.403818998437471,
            "brake": 0.09379324245524184,
            "steer": 0.0
        },
        {
            "throttle": 0.3634370985937239,
            "brake": 0.11764436683745669,
            "steer": 0.0
        },
        {
            "throttle": 0.3270933887343515,
            "brake": 0.13911037878145005,
            "steer": 0.0
        },
        {
            "throttle": 0.2943840498609164,
            "brake": 0.15842978953104409,
            "steer": 0.0
        },
        {
            "throttle": 0.26494564487482475,
            "brake": 0.1758172592056787,
            "steer": 0.0
        },
        {
            "throttle": 0.23845108038734228,
            "brake": 0.19146598191284986,
            "steer": 0.0
        },
        {
            "throttle": 0.21460597234860807,
            "brake": 0.2055498323493039,
            "steer": 0.0
        },
        {
            "throttle": 0.19314537511374727,
            "brake": 0.21822529774211255,
            "steer": 0.0
        },
        {
            "throttle": 0.17383083760237256,
            "brake": 0.22963321659564032,
            "steer": 0.0
        },
        {
            "throttle": 0.1564477538421353,
            "brake": 0.23990034356381532,
            "steer": 0.0
        },
        {
            "throttle": 0.14080297845792178,
            "brake": 0.2491407578351728,
            "steer": 0.0
        },
        {
            "throttle": 0.1267226806121296,
            "brake": 0.2574571306793946,
            "steer": 0.0
        },
        {
            "throttle": 0.11405041255091665,
            "brake": 0.26494186623919413,
            "steer": 0.0
        },
        {
            "throttle": 0.10264537129582499,
            "brake": 0.27167812824301374,
            "steer": 0.0
        },
        {
            "throttle": 0.09238083416624249,
            "brake": 0.2777407640464514,
            "steer": 0.0
        },
        {
            "throttle": 0.08314275074961824,
            "brake": 0.28319713626954535,
            "steer": 0.0
        },
        {
            "throttle": 0.07482847567465642,
            "brake": 0.2881078712703299,
            "steer": 0.0
        },
        {
            "throttle": 0.06734562810719077,
            "brake": 0.29252753277103594,
            "steer": 0.0
        },
        {
            "throttle": 0.0606110652964717,
            "brake": 0.2965052281216714,
            "steer": 0.0
        },
        {
            "throttle": 0.05454995876682453,
            "brake": 0.30008515393724333,
            "steer": 0.0
        },
        {
            "throttle": 0.04909496289014208,
            "brake": 0.30330708717125804,
            "steer": 0.0
        },
        {
            "throttle": 0.04418546660112787,
            "brake": 0.3062068270818713,
            "steer": 0.0
        },
        {
            "throttle": 0.03976691994101508,
            "brake": 0.3088165930014232,
            "steer": 0.0
        },
        {
            "throttle": 0.035790227946913576,
            "brake": 0.31116538232901997,
            "steer": 0.0
        },
        {
            "throttle": 0.08405673633345807,
            "brake": 0.28004884409611797,
            "steer": 0.0
        },
        {
            "throttle": 0.12778666776344227,
            "brake": 0.25204395968650617,
            "steer": 0.0
        },
        {
            "throttle": 0.16757231814330104,
            "brake": 0.22683956371785555,
            "steer": 0.0
        },
        {
            "throttle": 0.20393538706292277,
            "brake": 0.20415560734607,
            "steer": 0.0
        },
        {
            "throttle": 0.23733066299465372,
            "brake": 0.183740046611463,
            "steer": 0.0
        },
        {
            "throttle": 0.26814973081444116,
            "brake": 0.1653660419503167,
            "steer": 0.0
        },
        {
            "throttle": 0.29672477851880374,
            "brake": 0.14882943775528504,
            "steer": 0.0
        },
        {
            "throttle": 0.3233325598639087,
            "brake": 0.13394649397975653,
            "steer": 0.0
        },
        {
            "throttle": 0.34819854975334297,
            "brake": 0.12055184458178088,
            "steer": 0.0
        },
        {
            "throttle": 0.3715013099016282,
            "brake": 0.10849666012360279,
            "steer": 0.0
        },
        {
            "throttle": 0.393377063955192,
            "brake": 0.09764699411124252,
            "steer": 0.0
        },
        {
            "throttle": 0.4139244642058818,
            "brake": 0.08788229470011827,
            "steer": 0.0
        },
        {
            "throttle": 0.4332095166084616,
            "brake": 0.07909406523010644,
            "steer": 0.0
        },
        {
            "throttle": 0.4512706173068669,
            "brake": 0.0711846587070958,
            "steer": 0.0
        },
        {
            "throttle": 0.4681236425389903,
            "brake": 0.06406619283638622,
            "steer": 0.0
        },
        {
            "throttle": 0.4837670248338558,
            "brake": 0.057659573552747596,
            "steer": 0.0
        },
        {
            "throttle": 0.4981867419918964,
            "brake": 0.05189361619747284,
            "steer": 0.0
        },
        {
            "throttle": 0.5113611415435599,
            "brake": 0.046704254577725555,
            "steer": 0.0
        },
        {
            "throttle": 0.5232655222464059,
            "brake": 0.042033829119953,
            "steer": 0.0
        },
        {
            "throttle": 0.5338763956752316,
            "brake": 0.0378304462079577,
            "steer": 0.0
        },
        {
            "throttle": 0.5431753549889952,
            "brake": 0.034047401587161935,
            "steer": 0.0
        },
        {
            "throttle": 0.48885781949009566,
            "brake": 0.06387311005618478,
            "steer": 0.0
        },
        {
            "throttle": 0.4399720375410861,
            "brake": 0.09071624767830533,
            "steer": 0.0
        },
        {
            "throttle": 0.3959748337869775,
            "brake": 0.11487507153821383,
            "steer": 0.0
        },
        {
            "throttle": 0.3563773504082798,
            "brake": 0.13661801301213147,
            "steer": 0.0
        },
        {
            "throttle": 0.3207396153674518,
            "brake": 0.15618666033865736,
            "steer": 0.0
        },
        {
            "throttle": 0.28866565383070664,
            "brake": 0.17379844293253066,
            "steer": 0.0
        },
        {
            "throttle": 0.259799088447636,
            "brake": 0.18964904726701662,
            "steer": 0.0
        },
        {
            "throttle": 0.2338191796028724,
            "brake": 0.203914591168054,
            "steer": 0.0
        },
        {
            "throttle": 0.21043726164258517,
            "brake": 0.21675358067898762,
            "steer": 0.0
        },
        {
            "throttle": 0.18939353547832666,
            "brake": 0.2283086712388279,
            "steer": 0.0
        },
        {
            "throttle": 0.170454181930494,
            "brake": 0.23870825274268412,
            "steer": 0.0
        },
        {
            "throttle": 0.1534087637374446,
            "brake": 0.24806787609615474,
            "steer": 0.0
        },
        {
            "throttle": 0.13806788736370015,
            "brake": 0.2564915371142783,
            "steer": 0.0
        },
        {
            "throttle": 0.12426109862733015,
            "brake": 0.2640728320305895,
            "steer": 0.0
        },
        {
            "throttle": 0.11183498876459713,
            "brake": 0.2708959974552696,
            "steer": 0.0
        },
        {
            "throttle": 0.10065148988813742,
            "brake": 0.27703684633748166,
            "steer": 0.0
        },
        {
            "throttle": 0.09058634089932369,
            "brake": 0.28256361033147254,
            "steer": 0.0
        },
        {
            "throttle": 0.08152770680939132,
            "brake": 0.2875376979260643,
            "steer": 0.0
        },
        {
            "throttle": 0.0733749361284522,
            "brake": 0.29201437676119696,
            "steer": 0.0
        },
        {
            "throttle": 0.06603744251560698,
            "brake": 0.2960433877128163,
            "steer": 0.0
        },
        {
            "throttle": 0.05943369826404628,
            "brake": 0.29966949756927375,
            "steer": 0.0
        },
        {
            "throttle": 0.05349032843764165,
            "brake": 0.3029329964400854,
            "steer": 0.0
        },
        {
            "throttle": 0.04814129559387748,
            "brake": 0.30587014542381596,
            "steer": 0.0
        },
        {
            "throttle": 0.04332716603448974,
            "brake": 0.3085135795091734,
            "steer": 0.0
        },
        {
            "throttle": 0.038994449431040766,
            "brake": 0.31089267018599515,
            "steer": 0.0
        },
        {
            "throttle": 0.03509500448793669,
            "brake": 0.3130338517951347,
            "steer": 0.0
        },
        {
            "throttle": 0.0892061414164603,
            "brake": 0.28173046661562123,
            "steer": 0.0
        },
        {
            "throttle": 0.138823400420339,
            "brake": 0.2535574199540591,
            "steer": 0.0
        },
        {
            "throttle": 0.18436505995508626,
            "brake": 0.2282016779586532,
            "steer": 0.0
        },
        {
            "throttle": 0.2261840761773309,
            "brake": 0.20538151016278788,
            "steer": 0.0
        },
        {
            "throttle": 0.2645760629209384,
            "brake": 0.1848433591465091,
            "steer": 0.0
        },
        {
            "throttle": 0.2997870582143768,
            "brake": 0.1663590232318582,
            "steer": 0.0
        },
        {
            "throttle": 0.3320210448018908,
            "brake": 0.14972312090867237,
            "steer": 0.0
        }
    ],
    "parameters": {
        "cloudiness": 50.90594350611518,
        "fog_density": 19.40502695770915,
        "initial_distance": 41.807327002516665,
        "initial_ego_velocity": 11.573448533413604,
        "initial_lead_velocity": 8.510163613397907,
        "lead_base_throttle": 0.5736454064273792,
        "lead_behavior_frequency": 0.2594393869260017,
        "lead_brake_duration": 26.992260698025827,
        "lead_brake_intensity": 0.3323044862773903,
        "lead_brake_probability": 0.26766441911537203,
        "lead_throttle_variation": 0.05678542971877598,
        "precipitation": 19.855369255873857,
        "precipitation_deposits": 12.14959238537483,
        "sun_altitude_angle": -11.76914712144551,
        "wind_intensity": 37.03174407700277
    },
    "config": {
        "num_timesteps": 200,
        "dt": 0.1,
        "seed": 92
    }
}