{
    "weather": {
        "cloudiness": 68.54691674558363,
        "precipitation": 69.94301492714757,
        "precipitation_deposits": 73.03166264153494,
        "wind_intensity": 44.23149296533481,
        "sun_altitude_angle": 86.63823138164538,
        "fog_density": 47.15524090093215,
        "fog_distance": 207.66244806468157,
        "wetness": 34.971507463573786
    },
    "initial_conditions": {
        "ego": {
            "position": {
                "x": 510.92561211555756,
                "y": 20.57,
                "z": 0.294
            },
            "yaw": 0.0,
            "velocity": 12.373600584637853
        },
        "lead": {
            "position": {
                "x": 484.88,
                "y": 20.57,
                "z": 0.294
            },
            "yaw": 0.0,
            "velocity": 19.120073063722586
        }
    },
    "ego": {
        "position": {
            "x": 510.92561211555756,
            "y": 20.57,
            "z": 0.294
        },
        "yaw": 0.0,
        "velocity": 12.373600584637853
    },
    "lead": {
        "position": {
            "x": 484.88,
            "y": 20.57,
            "z": 0.294
        },
        "yaw": 0.0,
        "velocity": 19.120073063722586
    },
    "ado_actions": [
        {
            "throttle": 0.29417850398097856,
            "brake": 0.0,
            "steer": 0.0
        },
        {
            "throttle": 0.2945770028732622,
            "brake": 0.0,
            "steer": 0.0
        },
        {
            "throttle": 0.2953297698905638,
            "brake": 0.0,
            "steer": 0.0
        },
        {
            "throttle": 0.29639266462527475,
            "brake": 0.0,
            "steer": 0.0
        },
        {
            "throttle": 0.2977217237859587,
            "brake": 0.0,
            "steer": 0.0
        },
        {
            "throttle": 0.29927328585663737,
            "brake": 0.0,
            "steer": 0.0
        },
        {
            "throttle": 0.3010041483034239,
            "brake": 0.0,
            "steer": 0.0
        },
        {
            "throttle": 0.27090373347308155,
            "brake": 0.06668965893276844,
            "steer": 0.0
        },
        {
            "throttle": 0.2438133601257734,
            "brake": 0.12671035197226005,
            "steer": 0.0
        },
        {
            "throttle": 0.21943202411319607,
            "brake": 0.1807289757078025,
            "steer": 0.0
        },
        {
            "throttle": 0.19748882170187645,
            "brake": 0.22934573706979072,
            "steer": 0.0
        },
        {
            "throttle": 0.17773993953168882,
            "brake": 0.2731008222955801,
            "steer": 0.0
        },
        {
            "throttle": 0.15996594557851995,
            "brake": 0.31248039899879054,
            "steer": 0.0
        },
        {
            "throttle": 0.14396935102066796,
            "brake": 0.34792201803167994,
            "steer": 0.0
        },
        {
            "throttle": 0.12957241591860116,
            "brake": 0.3798194751612804,
            "steer": 0.0
        },
        {
            "throttle": 0.11661517432674105,
            "brake": 0.4085271865779208,
            "steer": 0.0
        },
        {
            "throttle": 0.10495365689406695,
            "brake": 0.4343641268528972,
            "steer": 0.0
        },
        {
            "throttle": 0.09445829120466026,
            "brake": 0.457617373100376,
            "steer": 0.0
        },
        {
            "throttle": 0.08501246208419423,
            "brake": 0.47854529472310686,
            "steer": 0.0
        },
        {
            "throttle": 0.07651121587577481,
            "brake": 0.49738042418356465,
            "steer": 0.0
        },
        {
            "throttle": 0.06886009428819732,
            "brake": 0.5143320406979767,
            "steer": 0.0
        },
        {
            "throttle": 0.061974084859377596,
            "brake": 0.5295884955609474,
            "steer": 0.0
        },
        {
            "throttle": 0.05577667637343984,
            "brake": 0.5433193049376212,
            "steer": 0.0
        },
        {
            "throttle": 0.050199008736095854,
            "brake": 0.5556770333766274,
            "steer": 0.0
        },
        {
            "throttle": 0.04517910786248627,
            "brake": 0.5667989889717332,
            "steer": 0.0
        },
        {
            "throttle": 0.040661197076237644,
            "brake": 0.5768087490073284,
            "steer": 0.0
        },
        {
            "throttle": 0.03659507736861388,
            "brake": 0.585817533039364,
            "steer": 0.0
        },
        {
            "throttle": 0.032935569631752495,
            "brake": 0.5939254386681961,
            "steer": 0.0
        },
        {
            "throttle": 0.029642012668577248,
            "brake": 0.601222553734145,
            "steer": 0.0
        },
        {
            "throttle": 0.026677811401719525,
            "brake": 0.6077899572934989,
            "steer": 0.0
        },
        {
            "throttle": 0.024010030261547573,
            "brake": 0.6137006204969175,
            "steer": 0.0
        },
        {
            "throttle": 0.05060817375449661,
            "brake": 0.5523305584472258,
            "steer": 0.0
        },
        {
            "throttle": 0.07415272439406467,
            "brake": 0.49709750260250324,
            "steer": 0.0
        },
        {
            "throttle": 0.09495797345083924,
            "brake": 0.4473877523422529,
            "steer": 0.0
        },
        {
            "throttle": 0.11331101385968816,
            "brake": 0.40264897710802766,
            "steer": 0.0
        },
        {
            "throttle": 0.12947431534899245,
            "brake": 0.3623840793972249,
            "steer": 0.0
        },
        {
            "throttle": 0.14368799713675867,
            "brake": 0.3261456714575024,
            "steer": 0.0
        },
        {
            "throttle": 0.156171830521551,
            "brake": 0.29353110431175217,
            "steer": 0.0
        },
        {
            "throttle": 0.1671270009342998,
            "brake": 0.26417799388057694,
            "steer": 0.0
        },
        {
            "throttle": 0.17673765650325426,
            "brake": 0.23776019449251926,
            "steer": 0.0
        },
        {
            "throttle": 0.1851722678889745,
            "brake": 0.21398417504326733,
            "steer": 0.0
        },
        {
            "throttle": 0.19258482204295463,
            "brake": 0.1925857575389406,
            "steer": 0.0
        },
        {
            "throttle": 0.19911587060893463,
            "brake": 0.17332718178504655,
            "steer": 0.0
        },
        {
            "throttle": 0.2048934518996777,
            "brake": 0.1559944636065419,
            "steer": 0.0
        },
        {
            "throttle": 0.21003390372600017,
            "brake": 0.1403950172458877,
            "steer": 0.0
        },
        {
            "throttle": 0.21464258281350132,
            "brake": 0.12635551552129895,
            "steer": 0.0
        },
        {
            "throttle": 0.21881450510224051,
            "brake": 0.11371996396916906,
            "steer": 0.0
        },
        {
            "throttle": 0.22263491987396544,
            "brake": 0.10234796757225216,
            "steer": 0.0
        },
        {
            "throttle": 0.22617982938058914,
            "brake": 0.09211317081502694,
            "steer": 0.0
        },
        {
            "throttle": 0.22951646444820853,
            "brake": 0.08290185373352425,
            "steer": 0.0
        },
        {
            "throttle": 0.23270372539625767,
            "brake": 0.07461166836017183,
            "steer": 0.0
        },
        {
            "throttle": 0.23579259653588314,
            "brake": 0.06715050152415465,
            "steer": 0.0
        },
        {
            "throttle": 0.23882654149095386,
            "brake": 0.06043545137173919,
            "steer": 0.0
        },
        {
            "throttle": 0.24184188561592387,
            "brake": 0.054391906234565274,
            "steer": 0.0
        },
        {
            "throttle": 0.24486819086460213,
            "brake": 0.04895271561110875,
            "steer": 0.0
        },
        {
            "throttle": 0.24792862759105835,
            "brake": 0.044057444049997875,
            "steer": 0.0
        },
        {
            "throttle": 0.25104034693738786,
            "brake": 0.03965169964499809,
            "steer": 0.0
        },
        {
            "throttle": 0.22593631224364907,
            "brake": 0.10237618861326672,
            "steer": 0.0
        },
        {
            "throttle": 0.20334268101928418,
            "brake": 0.1588282286847085,
            "steer": 0.0
        },
        {
            "throttle": 0.18300841291735576,
            "brake": 0.20963506474900612,
            "steer": 0.0
        },
        {
            "throttle": 0.1647075716256202,
            "brake": 0.25536121720687394,
            "steer": 0.0
        },
        {
            "throttle": 0.14823681446305817,
            "brake": 0.296514754418955,
            "steer": 0.0
        },
        {
            "throttle": 0.13341313301675237,
            "brake": 0.33355293790982793,
            "steer": 0.0
        },
        {
            "throttle": 0.12007181971507713,
            "brake": 0.3668873030516136,
            "steer": 0.0
        },
        {
            "throttle": 0.10806463774356942,
            "brake": 0.3968882316792207,
            "steer": 0.0
        },
        {
            "throttle": 0.09725817396921248,
            "brake": 0.4238890674440671,
            "steer": 0.0
        },
        {
            "throttle": 0.08753235657229123,
            "brake": 0.4481898196324289,
            "steer": 0.0
        },
        {
            "throttle": 0.07877912091506212,
            "brake": 0.4700604966019545,
            "steer": 0.0
        },
        {
            "throttle": 0.07090120882355591,
            "brake": 0.4897441058745275,
            "steer": 0.0
        },
        {
            "throttle": 0.06381108794120033,
            "brake": 0.5074593542198432,
            "steer": 0.0
        },
        {
            "throttle": 0.0574299791470803,
            "brake": 0.5234030777306273,
            "steer": 0.0
        },
        {
            "throttle": 0.05168698123237227,
            "brake": 0.537752428890333,
            "steer": 0.0
        },
        {
            "throttle": 0.04651828310913504,
            "brake": 0.5506668449340681,
            "steer": 0.0
        },
        {
            "throttle": 0.04186645479822154,
            "brake": 0.5622898193734298,
            "steer": 0.0
        },
        {
            "throttle": 0.03767980931839939,
            "brake": 0.5727504963688553,
            "steer": 0.0
        },
        {
            "throttle": 0.033911828386559456,
            "brake": 0.5821651056647382,
            "steer": 0.0
        },
        {
            "throttle": 0.03052064554790351,
            "brake": 0.5906382540310329,
            "steer": 0.0
        },
        {
            "throttle": 0.02746858099311316,
            "brake": 0.598264087560698,
            "steer": 0.0
        },
        {
            "throttle": 0.024721722893801847,
            "brake": 0.6051273377373967,
            "steer": 0.0
        },
        {
            "throttle": 0.022249550604421662,
            "brake": 0.6113042628964255,
            "steer": 0.0
        },
        {
            "throttle": 0.020024595543979496,
            "brake": 0.6168634955395514,
            "steer": 0.0
        },
        {
            "throttle": 0.050486455559401525,
            "brake": 0.5551771459855963,
            "steer": 0.0
        },
        {
            "throttle": 0.04543781000346137,
            "brake": 0.5663490903198051,
            "steer": 0.0
        },
        {
            "throttle": 0.040894029003115236,
            "brake": 0.576403840220593,
            "steer": 0.0
        },
        {
            "throttle": 0.03680462610280371,
            "brake": 0.5854531151313022,
            "steer": 0.0
        },
        {
            "throttle": 0.03312416349252334,
            "brake": 0.5935974625509404,
            "steer": 0.0
        },
        {
            "throttle": 0.029811747143271006,
            "brake": 0.6009273752286148,
            "steer": 0.0
        },
        {
            "throttle": 0.026830572428943905,
            "brake": 0.6075242966385218,
            "steer": 0.0
        },
        {
            "throttle": 0.024147515186049514,
            "brake": 0.6134615259074381,
            "steer": 0.0
        },
        {
            "throttle": 0.021732763667444564,
            "brake": 0.6188050322494627,
            "steer": 0.0
        },
        {
            "throttle": 0.019559487300700108,
            "brake": 0.623614187957285,
            "steer": 0.0
        },
        {
            "throttle": 0.017603538570630097,
            "brake": 0.627942428094325,
            "steer": 0.0
        },
        {
            "throttle": 0.015843184713567087,
            "brake": 0.631837844217661,
            "steer": 0.0
        },
        {
            "throttle": 0.014258866242210379,
            "brake": 0.6353437187286634,
            "steer": 0.0
        },
        {
            "throttle": 0.012832979617989342,
            "brake": 0.6384990057885654,
            "steer": 0.0
        },
        {
            "throttle": 0.011549681656190408,
            "brake": 0.6413387641424774,
            "steer": 0.0
        },
        {
            "throttle": 0.010394713490571368,
            "brake": 0.6438945466609981,
            "steer": 0.0
        },
        {
            "throttle": 0.009355242141514232,
            "brake": 0.6461947509276668,
            "steer": 0.0
        },
        {
            "throttle": 0.00841971792736281,
            "brake": 0.6482649347676686,
            "steer": 0.0
        },
        {
            "throttle": 0.007577746134626529,
            "brake": 0.6501281002236702,
            "steer": 0.0
        },
        {
            "throttle": 0.006819971521163876,
            "brake": 0.6518049491340716,
            "steer": 0.0
        },
        {
            "throttle": 0.006137974369047489,
            "brake": 0.6533141131534329,
            "steer": 0.0
        },
        {
            "throttle": 0.00552417693214274,
            "brake": 0.6546723607708581,
            "steer": 0.0
        },
        {
            "throttle": 0.0049717592389284665,
            "brake": 0.6558947836265407,
            "steer": 0.0
        },
        {
            "throttle": 0.00447458331503562,
            "brake": 0.6569949641966552,
            "steer": 0.0
        },
        {
            "throttle": 0.004027124983532058,
            "brake": 0.6579851267097581,
            "steer": 0.0
        },
        {
            "throttle": 0.02926538798478557,
            "brake": 0.5921866140387823,
            "steer": 0.0
        },
        {
            "throttle": 0.052049709051253695,
            "brake": 0.532967952634904,
            "steer": 0.0
        },
        {
            "throttle": 0.07266623499511934,
            "brake": 0.47967115737141364,
            "steer": 0.0
        },
        {
            "throttle": 0.09137128166508661,
            "brake": 0.4317040416342723,
            "steer": 0.0
        },
        {
            "throttle": 0.10839388240195212,
            "brake": 0.3885336374708451,
            "steer": 0.0
        },
        {
            "throttle": 0.12393809979796064,
            "brake": 0.3496802737237606,
            "steer": 0.0
        },
        {
            "throttle": 0.1381851290082449,
            "brake": 0.31471224635138456,
            "steer": 0.0
        },
        {
            "throttle": 0.15129521778795965,
            "brake": 0.2832410217162461,
            "steer": 0.0
        },
        {
            "throttle": 0.16340942561391197,
            "brake": 0.2549169195446215,
            "steer": 0.0
        },
        {
            "throttle": 0.17465124167184132,
            "brake": 0.22942522759015935,
            "steer": 0.0
        },
        {
            "throttle": 0.18512807913006124,
            "brake": 0.20648270483114342,
            "steer": 0.0
        },
        {
            "throttle": 0.1949326609594152,
            "brake": 0.18583443434802907,
            "steer": 0.0
        },
        {
            "throttle": 0.20414431058306248,
            "brake": 0.16725099091322618,
            "steer": 0.0
        },
        {
            "throttle": 0.21283015883401296,
            "brake": 0.15052589182190357,
            "steer": 0.0
        },
        {
            "throttle": 0.22104627705173366,
            "brake": 0.13547330263971322,
            "steer": 0.0
        },
        {
            "throttle": 0.22883874465114304,
            "brake": 0.1219259723757419,
            "steer": 0.0
        },
        {
            "throttle": 0.236244658138686,
            "brake": 0.10973337513816772,
            "steer": 0.0
        },
        {
            "throttle": 0.24329308732278676,
            "brake": 0.09876003762435095,
            "steer": 0.0
        },
        {
            "throttle": 0.25000598336250485,
            "brake": 0.08888403386191586,
            "steer": 0.0
        },
        {
            "throttle": 0.2563990423120972,
            "brake": 0.07999563047572428,
            "steer": 0.0
        },
        {
            "throttle": 0.26248252694441276,
            "brake": 0.07199606742815186,
            "steer": 0.0
        },
        {
            "throttle": 0.26826204886708027,
            "brake": 0.06479646068533668,
            "steer": 0.0
        },
        {
            "throttle": 0.2737393122771049,
            "brake": 0.05831681461680301,
            "steer": 0.0
        },
        {
            "throttle": 0.2789128201268393,
            "brake": 0.05248513315512271,
            "steer": 0.0
        },
        {
            "throttle": 0.2837785429925829,
            "brake": 0.04723661983961044,
            "steer": 0.0
        },
        {
            "throttle": 0.2883305505416453,
            "brake": 0.042512957855649396,
            "steer": 0.0
        },
        {
            "throttle": 0.2925616051799802,
            "brake": 0.038261662070084454,
            "steer": 0.0
        },
        {
            "throttle": 0.2964637172258521,
            "brake": 0.03443549586307601,
            "steer": 0.0
        },
        {
            "throttle": 0.30002866079078844,
            "brake": 0.03099194627676841,
            "steer": 0.0
        },
        {
            "throttle": 0.303248449452582,
            "brake": 0.02789275164909157,
            "steer": 0.0
        },
        {
            "throttle": 0.30611577077152147,
            "brake": 0.025103476484182412,
            "steer": 0.0
        },
        {
            "throttle": 0.3086243787254405,
            "brake": 0.02259312883576417,
            "steer": 0.0
        },
        {
            "throttle": 0.31076944321654715,
            "brake": 0.020333815952187754,
            "steer": 0.0
        },
        {
            "throttle": 0.31254785592820905,
            "brake": 0.01830043435696898,
            "steer": 0.0
        },
        {
            "throttle": 0.31395849197768777,
            "brake": 0.01647039092127208,
            "steer": 0.0
        },
        {
            "throttle": 0.31500242701592895,
            "brake": 0.014823351829144873,
            "steer": 0.0
        },
        {
            "throttle": 0.31568310966254864,
            "brake": 0.013341016646230386,
            "steer": 0.0
        },
        {
            "throttle": 0.2841147986962938,
            "brake": 0.07869657391437579,
            "steer": 0.0
        },
        {
            "throttle": 0.2557033188266644,
            "brake": 0.13751657545570667,
            "steer": 0.0
        },
        {
            "throttle": 0.23013298694399797,
            "brake": 0.19045457684290445,
            "steer": 0.0
        },
        {
            "throttle": 0.20711968824959817,
            "brake": 0.23809877809138247,
            "steer": 0.0
        },
        {
            "throttle": 0.18640771942463835,
            "brake": 0.2809785592150127,
            "steer": 0.0
        },
        {
            "throttle": 0.16776694748217452,
            "brake": 0.3195703622262799,
            "steer": 0.0
        },
        {
            "throttle": 0.15099025273395708,
            "brake": 0.3543029849364204,
            "steer": 0.0
        },
        {
            "throttle": 0.13589122746056137,
            "brake": 0.3855623453755468,
            "steer": 0.0
        },
        {
            "throttle": 0.12230210471450524,
            "brake": 0.41369576977076056,
            "steer": 0.0
        },
        {
            "throttle": 0.11007189424305472,
            "brake": 0.43901585172645297,
            "steer": 0.0
        },
        {
            "throttle": 0.09906470481874925,
            "brake": 0.4618039254865761,
            "steer": 0.0
        },
        {
            "throttle": 0.08915823433687432,
            "brake": 0.482313191870687,
            "steer": 0.0
        },
        {
            "throttle": 0.08024241090318689,
            "brake": 0.5007715316163868,
            "steer": 0.0
        },
        {
            "throttle": 0.0722181698128682,
            "brake": 0.5173840373875165,
            "steer": 0.0
        },
        {
            "throttle": 0.06499635283158138,
            "brake": 0.5323352925815332,
            "steer": 0.0
        },
        {
            "throttle": 0.05849671754842324,
            "brake": 0.5457914222561483,
            "steer": 0.0
        },
        {
            "throttle": 0.05264704579358092,
            "brake": 0.5579019389633019,
            "steer": 0.0
        },
        {
            "throttle": 0.04738234121422283,
            "brake": 0.5688014039997401,
            "steer": 0.0
        },
        {
            "throttle": 0.042644107092800546,
            "brake": 0.5786109225325345,
            "steer": 0.0
        },
        {
            "throttle": 0.03837969638352049,
            "brake": 0.5874394892120496,
            "steer": 0.0
        },
        {
            "throttle": 0.03454172674516844,
            "brake": 0.5953851992236131,
            "steer": 0.0
        },
        {
            "throttle": 0.0310875540706516,
            "brake": 0.6025363382340203,
            "steer": 0.0
        },
        {
            "throttle": 0.02797879866358644,
            "brake": 0.6089723633433868,
            "steer": 0.0
        },
        {
            "throttle": 0.025180918797227794,
            "brake": 0.6147647859418166,
            "steer": 0.0
        },
        {
            "throttle": 0.048383104145929015,
            "brake": 0.553288307347635,
            "steer": 0.0
        },
        {
            "throttle": 0.06937979609768292,
            "brake": 0.49795947661287154,
            "steer": 0.0
        },
        {
            "throttle": 0.0884309318563851,
            "brake": 0.4481635289515844,
            "steer": 0.0
        },
        {
            "throttle": 0.1057687606718076,
            "brake": 0.40334717605642595,
            "steer": 0.0
        },
        {
            "throttle": 0.12160019825193248,
            "brake": 0.36301245845078334,
            "steer": 0.0
        },
        {
            "throttle": 0.13610896891502766,
            "brake": 0.326711212605705,
            "steer": 0.0
        },
        {
            "throttle": 0.14945756100815188,
            "brake": 0.29404009134513454,
            "steer": 0.0
        },
        {
            "throttle": 0.16178901826398892,
            "brake": 0.26463608221062107,
            "steer": 0.0
        },
        {
            "throttle": 0.17322858715464565,
            "brake": 0.23817247398955896,
            "steer": 0.0
        },
        {
            "throttle": 0.18388523790895553,
            "brake": 0.21435522659060308,
            "steer": 0.0
        },
        {
            "throttle": 0.1938530746710393,
            "brake": 0.19291970393154279,
            "steer": 0.0
        },
        {
            "throttle": 0.2032126482766962,
            "brake": 0.1736277335383885,
            "steer": 0.0
        },
        {
            "throttle": 0.21203218329685708,
            "brake": 0.15626496018454966,
            "steer": 0.0
        },
        {
            "throttle": 0.22036872933171453,
            "brake": 0.1406384641660947,
            "steer": 0.0
        },
        {
            "throttle": 0.22826924502458518,
            "brake": 0.12657461774948525,
            "steer": 0.0
        },
        {
            "throttle": 0.20544232052212666,
            "brake": 0.18060681490730518,
            "steer": 0.0
        },
        {
            "throttle": 0.18489808846991398,
            "brake": 0.2292357923493431,
            "steer": 0.0
        },
        {
            "throttle": 0.1664082796229226,
            "brake": 0.27300187204717724,
            "steer": 0.0
        },
        {
            "throttle": 0.14976745166063035,
            "brake": 0.312391343775228,
            "steer": 0.0
        },
        {
            "throttle": 0.13479070649456731,
            "brake": 0.34784186833047365,
            "steer": 0.0
        },
        {
            "throttle": 0.12131163584511058,
            "brake": 0.37974734043019476,
            "steer": 0.0
        },
        {
            "throttle": 0.10918047226059953,
            "brake": 0.40846226531994373,
            "steer": 0.0
        },
        {
            "throttle": 0.09826242503453958,
            "brake": 0.4343056977207178,
            "steer": 0.0
        },
        {
            "throttle": 0.08843618253108562,
            "brake": 0.4575647868814145,
            "steer": 0.0
        },
        {
            "throttle": 0.07959256427797706,
            "brake": 0.47849796712604153,
            "steer": 0.0
        },
        {
            "throttle": 0.07163330785017936,
            "brake": 0.49733782934620585,
            "steer": 0.0
        },
        {
            "throttle": 0.06446997706516143,
            "brake": 0.5142937053443537,
            "steer": 0.0
        },
        {
            "throttle": 0.05802297935864529,
            "brake": 0.5295539937426867,
            "steer": 0.0
        },
        {
            "throttle": 0.05222068142278076,
            "brake": 0.5432882533011865,
            "steer": 0.0
        },
        {
            "throttle": 0.046998613280502685,
            "brake": 0.5556490869038363,
            "steer": 0.0
        },
        {
            "throttle": 0.04229875195245242,
            "brake": 0.5667738371462211,
            "steer": 0.0
        },
        {
            "throttle": 0.03806887675720718,
            "brake": 0.5767861123643675,
            "steer": 0.0
        },
        {
            "throttle": 0.03426198908148646,
            "brake": 0.5857971600606993,
            "steer": 0.0
        }
    ],
    "parameters": {
        "cloudiness": 68.54691674558363,
        "fog_density": 47.15524090093215,
        "initial_distance": 26.045612115557574,
        "initial_ego_velocity": 12.373600584637853,
        "initial_lead_velocity": 19.120073063722586,
        "lead_base_throttle": 0.29417850398097856,
        "lead_behavior_frequency": 0.16694994781232386,
        "lead_brake_duration": 24.32681817690825,
        "lead_brake_intensity": 0.6668965893276845,
        "lead_brake_probability": 0.26714513106556464,
        "lead_throttle_variation": 0.03805903018273263,
        "precipitation": 69.94301492714757,
        "precipitation_deposits": 73.03166264153494,
        "sun_altitude_angle": 86.63823138164538,
        "wind_intensity": 44.23149296533481
    },
    "config": {
        "num_timesteps": 200,
        "dt": 0.1,
        "seed": 60
    }
}