{
    "weather": {
        "cloudiness": 45.791123964156554,
        "precipitation": 18.266282609442285,
        "precipitation_deposits": 53.82241470854736,
        "wind_intensity": 3.293682430278494,
        "sun_altitude_angle": 51.940655384728345,
        "fog_density": 70.05204007542466,
        "fog_distance": 96.80389939408913,
        "wetness": 9.133141304721143
    },
    "initial_conditions": {
        "ego": {
            "position": {
                "x": 504.03085707111364,
                "y": 20.57,
                "z": 0.294
            },
            "yaw": 0.0,
            "velocity": 6.180251272318569
        },
        "lead": {
            "position": {
                "x": 484.88,
                "y": 20.57,
                "z": 0.294
            },
            "yaw": 0.0,
            "velocity": 18.14447029932223
        }
    },
    "ego": {
        "position": {
            "x": 504.03085707111364,
            "y": 20.57,
            "z": 0.294
        },
        "yaw": 0.0,
        "velocity": 6.180251272318569
    },
    "lead": {
        "position": {
            "x": 484.88,
            "y": 20.57,
            "z": 0.294
        },
        "yaw": 0.0,
        "velocity": 18.14447029932223
    },
    "ado_actions": [
        {
            "throttle": 0.502547090649607,
            "brake": 0.0,
            "steer": 0.0
        },
        {
            "throttle": 0.5073307271950998,
            "brake": 0.0,
            "steer": 0.0
        },
        {
            "throttle": 0.5163016250265827,
            "brake": 0.0,
            "steer": 0.0
        },
        {
            "throttle": 0.5288079461343627,
            "brake": 0.0,
            "steer": 0.0
        },
        {
            "throttle": 0.5441536868691494,
            "brake": 0.0,
            "steer": 0.0
        },
        {
            "throttle": 0.5616115429760908,
            "brake": 0.0,
            "steer": 0.0
        },
        {
            "throttle": 0.5804369773373981,
            "brake": 0.0,
            "steer": 0.0
        },
        {
            "throttle": 0.5998831003217087,
            "brake": 0.0,
            "steer": 0.0
        },
        {
            "throttle": 0.6192159568967134,
            "brake": 0.0,
            "steer": 0.0
        },
        {
            "throttle": 0.6377298085015359,
            "brake": 0.0,
            "steer": 0.0
        },
        {
            "throttle": 0.6547620012918955,
            "brake": 0.0,
            "steer": 0.0
        },
        {
            "throttle": 0.6697070257137523,
            "brake": 0.0,
            "steer": 0.0
        },
        {
            "throttle": 0.6820293951356314,
            "brake": 0.0,
            "steer": 0.0
        },
        {
            "throttle": 0.6912750029456873,
            "brake": 0.0,
            "steer": 0.0
        },
        {
            "throttle": 0.6970806573436202,
            "brake": 0.0,
            "steer": 0.0
        },
        {
            "throttle": 0.6991815400727523,
            "brake": 0.0,
            "steer": 0.0
        },
        {
            "throttle": 0.6974163884069392,
            "brake": 0.0,
            "steer": 0.0
        },
        {
            "throttle": 0.6917302575419074,
            "brake": 0.0,
            "steer": 0.0
        },
        {
            "throttle": 0.6821747817328332,
            "brake": 0.0,
            "steer": 0.0
        },
        {
            "throttle": 0.6689059155765716,
            "brake": 0.0,
            "steer": 0.0
        },
        {
            "throttle": 0.6521792002173454,
            "brake": 0.0,
            "steer": 0.0
        },
        {
            "throttle": 0.6323426614088128,
            "brake": 0.0,
            "steer": 0.0
        },
        {
            "throttle": 0.609827505772097,
            "brake": 0.0,
            "steer": 0.0
        },
        {
            "throttle": 0.5851368367939551,
            "brake": 0.0,
            "steer": 0.0
        },
        {
            "throttle": 0.5588326617597599,
            "brake": 0.0,
            "steer": 0.0
        },
        {
            "throttle": 0.5315215036963463,
            "brake": 0.0,
            "steer": 0.0
        },
        {
            "throttle": 0.50383896746018,
            "brake": 0.0,
            "steer": 0.0
        },
        {
            "throttle": 0.4764336354889562,
            "brake": 0.0,
            "steer": 0.0
        },
        {
            "throttle": 0.4499506857952677,
            "brake": 0.0,
            "steer": 0.0
        },
        {
            "throttle": 0.4250156321043024,
            "brake": 0.0,
            "steer": 0.0
        },
        {
            "throttle": 0.40221858344822886,
            "brake": 0.0,
            "steer": 0.0
        },
        {
            "throttle": 0.38209940809658177,
            "brake": 0.0,
            "steer": 0.0
        },
        {
            "throttle": 0.3651341647355392,
            "brake": 0.0,
            "steer": 0.0
        },
        {
            "throttle": 0.35172313285521806,
            "brake": 0.0,
            "steer": 0.0
        },
        {
            "throttle": 0.34218073513005437,
            "brake": 0.0,
            "steer": 0.0
        },
        {
            "throttle": 0.3367275981524973,
            "brake": 0.0,
            "steer": 0.0
        },
        {
            "throttle": 0.33548494535270196,
            "brake": 0.0,
            "steer": 0.0
        },
        {
            "throttle": 0.33847145860500616,
            "brake": 0.0,
            "steer": 0.0
        },
        {
            "throttle": 0.3456026843023453,
            "brake": 0.0,
            "steer": 0.0
        },
        {
            "throttle": 0.3566929970723663,
            "brake": 0.0,
            "steer": 0.0
        },
        {
            "throttle": 0.37146007136019077,
            "brake": 0.0,
            "steer": 0.0
        },
        {
            "throttle": 0.38953174936712376,
            "brake": 0.0,
            "steer": 0.0
        },
        {
            "throttle": 0.41045513483660084,
            "brake": 0.0,
            "steer": 0.0
        },
        {
            "throttle": 0.4337076873751123,
            "brake": 0.0,
            "steer": 0.0
        },
        {
            "throttle": 0.4587100427399329,
            "brake": 0.0,
            "steer": 0.0
        },
        {
            "throttle": 0.48484024203343107,
            "brake": 0.0,
            "steer": 0.0
        },
        {
            "throttle": 0.5114490180647785,
            "brake": 0.0,
            "steer": 0.0
        },
        {
            "throttle": 0.5378757611304233,
            "brake": 0.0,
            "steer": 0.0
        },
        {
            "throttle": 0.5634647697671674,
            "brake": 0.0,
            "steer": 0.0
        },
        {
            "throttle": 0.587581385058725,
            "brake": 0.0,
            "steer": 0.0
        },
        {
            "throttle": 0.6096276100009075,
            "brake": 0.0,
            "steer": 0.0
        },
        {
            "throttle": 0.6290568281804945,
            "brake": 0.0,
            "steer": 0.0
        },
        {
            "throttle": 0.6453872582843996,
            "brake": 0.0,
            "steer": 0.0
        },
        {
            "throttle": 0.6582138121801993,
            "brake": 0.0,
            "steer": 0.0
        },
        {
            "throttle": 0.6672180637265636,
            "brake": 0.0,
            "steer": 0.0
        },
        {
            "throttle": 0.6004962573539072,
            "brake": 0.041533641733409024,
            "steer": 0.0
        },
        {
            "throttle": 0.5404466316185165,
            "brake": 0.07891391929347714,
            "steer": 0.0
        },
        {
            "throttle": 0.48640196845666483,
            "brake": 0.11255616909753846,
            "steer": 0.0
        },
        {
            "throttle": 0.4377617716109984,
            "brake": 0.14283419392119365,
            "steer": 0.0
        },
        {
            "throttle": 0.39398559444989856,
            "brake": 0.17008441626248333,
            "steer": 0.0
        },
        {
            "throttle": 0.35458703500490873,
            "brake": 0.19460961636964402,
            "steer": 0.0
        },
        {
            "throttle": 0.3191283315044179,
            "brake": 0.21668229646608866,
            "steer": 0.0
        },
        {
            "throttle": 0.2872154983539761,
            "brake": 0.2365477085528888,
            "steer": 0.0
        },
        {
            "throttle": 0.2584939485185785,
            "brake": 0.25442657943100894,
            "steer": 0.0
        },
        {
            "throttle": 0.23264455366672065,
            "brake": 0.2705175632213171,
            "steer": 0.0
        },
        {
            "throttle": 0.20938009830004858,
            "brake": 0.2849994486325944,
            "steer": 0.0
        },
        {
            "throttle": 0.18844208847004373,
            "brake": 0.298033145502744,
            "steer": 0.0
        },
        {
            "throttle": 0.16959787962303938,
            "brake": 0.3097634726858786,
            "steer": 0.0
        },
        {
            "throttle": 0.15263809166073544,
            "brake": 0.3203207671506998,
            "steer": 0.0
        },
        {
            "throttle": 0.1373742824946619,
            "brake": 0.32982233216903883,
            "steer": 0.0
        },
        {
            "throttle": 0.14334271911235813,
            "brake": 0.296840098952135,
            "steer": 0.0
        },
        {
            "throttle": 0.149140908520759,
            "brake": 0.2671560890569215,
            "steer": 0.0
        },
        {
            "throttle": 0.1342268176686831,
            "brake": 0.2819741218846384,
            "steer": 0.0
        },
        {
            "throttle": 0.1208041359018148,
            "brake": 0.29531035142958356,
            "steer": 0.0
        },
        {
            "throttle": 0.10872372231163333,
            "brake": 0.3073129580200342,
            "steer": 0.0
        },
        {
            "throttle": 0.09785135008047,
            "brake": 0.31811530395143983,
            "steer": 0.0
        },
        {
            "throttle": 0.088066215072423,
            "brake": 0.3278374152897049,
            "steer": 0.0
        },
        {
            "throttle": 0.0792595935651807,
            "brake": 0.33658731549414345,
            "steer": 0.0
        },
        {
            "throttle": 0.07133363420866264,
            "brake": 0.3444622256781381,
            "steer": 0.0
        },
        {
            "throttle": 0.06420027078779637,
            "brake": 0.3515496448437333,
            "steer": 0.0
        },
        {
            "throttle": 0.057780243709016736,
            "brake": 0.357928322092769,
            "steer": 0.0
        },
        {
            "throttle": 0.052002219338115066,
            "brake": 0.3636691316169011,
            "steer": 0.0
        },
        {
            "throttle": 0.04680199740430356,
            "brake": 0.36883586018862,
            "steer": 0.0
        },
        {
            "throttle": 0.04212179766387321,
            "brake": 0.37348591590316704,
            "steer": 0.0
        },
        {
            "throttle": 0.03790961789748589,
            "brake": 0.3776709660462594,
            "steer": 0.0
        },
        {
            "throttle": 0.0341186561077373,
            "brake": 0.3814375111750425,
            "steer": 0.0
        },
        {
            "throttle": 0.030706790496963572,
            "brake": 0.38482740179094727,
            "steer": 0.0
        },
        {
            "throttle": 0.10528861455288968,
            "brake": 0.34634466161185257,
            "steer": 0.0
        },
        {
            "throttle": 0.17419072624716603,
            "brake": 0.3117101954506673,
            "steer": 0.0
        },
        {
            "throttle": 0.23726132270301606,
            "brake": 0.28053917590560057,
            "steer": 0.0
        },
        {
            "throttle": 0.29433766345955303,
            "brake": 0.25248525831504054,
            "steer": 0.0
        },
        {
            "throttle": 0.3452655652749615,
            "brake": 0.22723673248353649,
            "steer": 0.0
        },
        {
            "throttle": 0.3899171378223402,
            "brake": 0.20451305923518284,
            "steer": 0.0
        },
        {
            "throttle": 0.4282064775414182,
            "brake": 0.18406175331166455,
            "steer": 0.0
        },
        {
            "throttle": 0.46010307180132815,
            "brake": 0.1656555779804981,
            "steer": 0.0
        },
        {
            "throttle": 0.4856427080838898,
            "brake": 0.1490900201824483,
            "steer": 0.0
        },
        {
            "throttle": 0.43707843727550083,
            "brake": 0.17571465989761248,
            "steer": 0.0
        },
        {
            "throttle": 0.39337059354795073,
            "brake": 0.19967683564126026,
            "steer": 0.0
        },
        {
            "throttle": 0.35403353419315564,
            "brake": 0.2212427938105433,
            "steer": 0.0
        },
        {
            "throttle": 0.3186301807738401,
            "brake": 0.24065215616289798,
            "steer": 0.0
        },
        {
            "throttle": 0.2867671626964561,
            "brake": 0.2581205822800172,
            "steer": 0.0
        },
        {
            "throttle": 0.2580904464268105,
            "brake": 0.27384216578542453,
            "steer": 0.0
        },
        {
            "throttle": 0.23228140178412945,
            "brake": 0.2879915909402911,
            "steer": 0.0
        },
        {
            "throttle": 0.20905326160571652,
            "brake": 0.300726073579671,
            "steer": 0.0
        },
        {
            "throttle": 0.18814793544514488,
            "brake": 0.31218710795511295,
            "steer": 0.0
        },
        {
            "throttle": 0.1693331419006304,
            "brake": 0.32250203889301066,
            "steer": 0.0
        },
        {
            "throttle": 0.15239982771056737,
            "brake": 0.3317854767371186,
            "steer": 0.0
        },
        {
            "throttle": 0.13715984493951064,
            "brake": 0.34014057079681576,
            "steer": 0.0
        },
        {
            "throttle": 0.12344386044555958,
            "brake": 0.3476601554505432,
            "steer": 0.0
        },
        {
            "throttle": 0.11109947440100362,
            "brake": 0.3544277816388979,
            "steer": 0.0
        },
        {
            "throttle": 0.09998952696090327,
            "brake": 0.3605186452084171,
            "steer": 0.0
        },
        {
            "throttle": 0.11015387902666841,
            "brake": 0.3244667806875754,
            "steer": 0.0
        },
        {
            "throttle": 0.12049915575420168,
            "brake": 0.2920201026188179,
            "steer": 0.0
        },
        {
            "throttle": 0.13172007647331274,
            "brake": 0.2628180923569361,
            "steer": 0.0
        },
        {
            "throttle": 0.14439476492883446,
            "brake": 0.2365362831212425,
            "steer": 0.0
        },
        {
            "throttle": 0.1589799864112202,
            "brake": 0.21288265480911825,
            "steer": 0.0
        },
        {
            "throttle": 0.17580842884645861,
            "brake": 0.19159438932820644,
            "steer": 0.0
        },
        {
            "throttle": 0.19508818991399351,
            "brake": 0.1724349503953858,
            "steer": 0.0
        },
        {
            "throttle": 0.21690456833959176,
            "brake": 0.15519145535584725,
            "steer": 0.0
        },
        {
            "throttle": 0.24122419211702908,
            "brake": 0.13967230982026252,
            "steer": 0.0
        },
        {
            "throttle": 0.26790145106629304,
            "brake": 0.12570507883823628,
            "steer": 0.0
        },
        {
            "throttle": 0.29668713736333147,
            "brake": 0.11313457095441266,
            "steer": 0.0
        },
        {
            "throttle": 0.3272391369735155,
            "brake": 0.1018211138589714,
            "steer": 0.0
        },
        {
            "throttle": 0.3591349587162184,
            "brake": 0.09163900247307426,
            "steer": 0.0
        },
        {
            "throttle": 0.39188583730547794,
            "brake": 0.08247510222576683,
            "steer": 0.0
        },
        {
            "throttle": 0.4249521033384367,
            "brake": 0.07422759200319015,
            "steer": 0.0
        },
        {
            "throttle": 0.4577594778586823,
            "brake": 0.06680483280287114,
            "steer": 0.0
        },
        {
            "throttle": 0.48971592263223523,
            "brake": 0.060124349522584025,
            "steer": 0.0
        },
        {
            "throttle": 0.5202286602523629,
            "brake": 0.054111914570325624,
            "steer": 0.0
        },
        {
            "throttle": 0.5487209710187477,
            "brake": 0.048700723113293064,
            "steer": 0.0
        },
        {
            "throttle": 0.5746483763605815,
            "brake": 0.04383065080196376,
            "steer": 0.0
        },
        {
            "throttle": 0.5975138312924184,
            "brake": 0.03944758572176738,
            "steer": 0.0
        },
        {
            "throttle": 0.6168815706654871,
            "brake": 0.035502827149590646,
            "steer": 0.0
        },
        {
            "throttle": 0.6323892852319946,
            "brake": 0.03195254443463158,
            "steer": 0.0
        },
        {
            "throttle": 0.643758342982971,
            "brake": 0.028757289991168423,
            "steer": 0.0
        },
        {
            "throttle": 0.6508018178587907,
            "brake": 0.02588156099205158,
            "steer": 0.0
        },
        {
            "throttle": 0.6534301405974944,
            "brake": 0.023293404892846422,
            "steer": 0.0
        },
        {
            "throttle": 0.6516542438643227,
            "brake": 0.02096406440356178,
            "steer": 0.0
        },
        {
            "throttle": 0.6455861344666824,
            "brake": 0.0188676579632056,
            "steer": 0.0
        },
        {
            "throttle": 0.6354368878927791,
            "brake": 0.01698089216688504,
            "steer": 0.0
        },
        {
            "throttle": 0.6215121230675705,
            "brake": 0.015282802950196538,
            "steer": 0.0
        },
        {
            "throttle": 0.6042050765404443,
            "brake": 0.013754522655176885,
            "steer": 0.0
        },
        {
            "throttle": 0.5839874537829505,
            "brake": 0.012379070389659196,
            "steer": 0.0
        },
        {
            "throttle": 0.5613982894313335,
            "brake": 0.011141163350693277,
            "steer": 0.0
        },
        {
            "throttle": 0.5370310968138813,
            "brake": 0.010027047015623949,
            "steer": 0.0
        },
        {
            "throttle": 0.5115196287538135,
            "brake": 0.009024342314061554,
            "steer": 0.0
        },
        {
            "throttle": 0.4855226054009142,
            "brake": 0.008121908082655399,
            "steer": 0.0
        },
        {
            "throttle": 0.4597077898809251,
            "brake": 0.007309717274389859,
            "steer": 0.0
        },
        {
            "throttle": 0.43473580823827224,
            "brake": 0.006578745546950873,
            "steer": 0.0
        },
        {
            "throttle": 0.4112441160935182,
            "brake": 0.005920870992255786,
            "steer": 0.0
        },
        {
            "throttle": 0.3898315104913289,
            "brake": 0.005328783893030208,
            "steer": 0.0
        },
        {
            "throttle": 0.37104357167141117,
            "brake": 0.004795905503727187,
            "steer": 0.0
        },
        {
            "throttle": 0.35535939628961216,
            "brake": 0.004316314953354468,
            "steer": 0.0
        },
        {
            "throttle": 0.3431799515187058,
            "brake": 0.0038846834580190215,
            "steer": 0.0
        },
        {
            "throttle": 0.3348183392575204,
            "brake": 0.0034962151122171193,
            "steer": 0.0
        },
        {
            "throttle": 0.33049221236237086,
            "brake": 0.0031465936009954076,
            "steer": 0.0
        },
        {
            "throttle": 0.3303185315513406,
            "brake": 0.002831934240895867,
            "steer": 0.0
        },
        {
            "throttle": 0.3343107937318975,
            "brake": 0.0025487408168062805,
            "steer": 0.0
        },
        {
            "throttle": 0.34237880139226995,
            "brake": 0.0022938667351256525,
            "steer": 0.0
        },
        {
            "throttle": 0.308140921253043,
            "brake": 0.043598121795022114,
            "steer": 0.0
        },
        {
            "throttle": 0.2773268291277387,
            "brake": 0.08077195134892892,
            "steer": 0.0
        },
        {
            "throttle": 0.24959414621496484,
            "brake": 0.11422839794744506,
            "steer": 0.0
        },
        {
            "throttle": 0.22463473159346836,
            "brake": 0.14433919988610958,
            "steer": 0.0
        },
        {
            "throttle": 0.20217125843412154,
            "brake": 0.17143892163090763,
            "steer": 0.0
        },
        {
            "throttle": 0.1819541325907094,
            "brake": 0.19582867120122588,
            "steer": 0.0
        },
        {
            "throttle": 0.16375871933163846,
            "brake": 0.2177794458145123,
            "steer": 0.0
        },
        {
            "throttle": 0.14738284739847463,
            "brake": 0.2375351429664701,
            "steer": 0.0
        },
        {
            "throttle": 0.13264456265862717,
            "brake": 0.2553152704032321,
            "steer": 0.0
        },
        {
            "throttle": 0.11938010639276446,
            "brake": 0.2713173850963179,
            "steer": 0.0
        },
        {
            "throttle": 0.10744209575348801,
            "brake": 0.28571928832009513,
            "steer": 0.0
        },
        {
            "throttle": 0.09669788617813921,
            "brake": 0.29868100122149466,
            "steer": 0.0
        },
        {
            "throttle": 0.08702809756032528,
            "brake": 0.3103465428327542,
            "steer": 0.0
        },
        {
            "throttle": 0.07832528780429276,
            "brake": 0.3208455302828878,
            "steer": 0.0
        },
        {
            "throttle": 0.0704927590238635,
            "brake": 0.33029461898800805,
            "steer": 0.0
        },
        {
            "throttle": 0.13794135252949102,
            "brake": 0.29726515708920725,
            "steer": 0.0
        },
        {
            "throttle": 0.19543514378668414,
            "brake": 0.26753864138028655,
            "steer": 0.0
        },
        {
            "throttle": 0.24345072666166917,
            "brake": 0.24078477724225789,
            "steer": 0.0
        },
        {
            "throttle": 0.2825090252994374,
            "brake": 0.2167062995180321,
            "steer": 0.0
        },
        {
            "throttle": 0.31318139257405186,
            "brake": 0.1950356695662289,
            "steer": 0.0
        },
        {
            "throttle": 0.3360925695124992,
            "brake": 0.175532102609606,
            "steer": 0.0
        },
        {
            "throttle": 0.35192062217925557,
            "brake": 0.1579788923486454,
            "steer": 0.0
        },
        {
            "throttle": 0.36139402812476085,
            "brake": 0.14218100311378087,
            "steer": 0.0
        },
        {
            "throttle": 0.3652861377662187,
            "brake": 0.1279629028024028,
            "steer": 0.0
        },
        {
            "throttle": 0.36440728548001494,
            "brake": 0.11516661252216252,
            "steer": 0.0
        },
        {
            "throttle": 0.35959486935207574,
            "brake": 0.10364995126994628,
            "steer": 0.0
        },
        {
            "throttle": 0.3517017562125832,
            "brake": 0.09328495614295165,
            "steer": 0.0
        },
        {
            "throttle": 0.34158339870691606,
            "brake": 0.08395646052865649,
            "steer": 0.0
        },
        {
            "throttle": 0.3300840728579827,
            "brake": 0.07556081447579084,
            "steer": 0.0
        },
        {
            "throttle": 0.31802265720893746,
            "brake": 0.06800473302821176,
            "steer": 0.0
        },
        {
            "throttle": 0.30617837778724694,
            "brake": 0.06120425972539059,
            "steer": 0.0
        },
        {
            "throttle": 0.2952769366328021,
            "brake": 0.05508383375285154,
            "steer": 0.0
        },
        {
            "throttle": 0.28597742556299727,
            "brake": 0.04957545037756638,
            "steer": 0.0
        },
        {
            "throttle": 0.25737968300669756,
            "brake": 0.08615154707321876,
            "steer": 0.0
        },
        {
            "throttle": 0.23164171470602782,
            "brake": 0.11907003409930592,
            "steer": 0.0
        },
        {
            "throttle": 0.20847754323542503,
            "brake": 0.14869667242278434,
            "steer": 0.0
        },
        {
            "throttle": 0.18762978891188253,
            "brake": 0.17536064691391495,
            "steer": 0.0
        },
        {
            "throttle": 0.16886681002069429,
            "brake": 0.1993582239559325,
            "steer": 0.0
        },
        {
            "throttle": 0.15198012901862487,
            "brake": 0.2209560432937483,
            "steer": 0.0
        },
        {
            "throttle": 0.1367821161167624,
            "brake": 0.2403940806977825,
            "steer": 0.0
        },
        {
            "throttle": 0.12310390450508615,
            "brake": 0.2578883143614133,
            "steer": 0.0
        }
    ],
    "parameters": {
        "cloudiness": 45.791123964156554,
        "fog_density": 70.05204007542466,
        "initial_distance": 19.15085707111363,
        "initial_ego_velocity": 6.180251272318569,
        "initial_lead_velocity": 18.14447029932223,
        "lead_base_throttle": 0.502547090649607,
        "lead_behavior_frequency": 0.2502366004122859,
        "lead_brake_duration": 15.730692202870939,
        "lead_brake_intensity": 0.4153364173340902,
        "lead_brake_probability": 0.26392403424930727,
        "lead_throttle_variation": 0.30550498333726955,
        "precipitation": 18.266282609442285,
        "precipitation_deposits": 53.82241470854736,
        "sun_altitude_angle": 51.940655384728345,
        "wind_intensity": 3.293682430278494
    },
    "config": {
        "num_timesteps": 200,
        "dt": 0.1,
        "seed": 165
    }
}