{
    "weather": {
        "cloudiness": 55.93344659195003,
        "precipitation": 58.1673350984553,
        "precipitation_deposits": 47.027269121468876,
        "wind_intensity": 8.688466398731693,
        "sun_altitude_angle": -24.887964190909642,
        "fog_density": 76.35315393958705,
        "fog_distance": 78.46480243886566,
        "wetness": 29.08366754922765
    },
    "initial_conditions": {
        "ego": {
            "position": {
                "x": 512.4637609768058,
                "y": 20.57,
                "z": 0.294
            },
            "yaw": 0.0,
            "velocity": 9.640662082100874
        },
        "lead": {
            "position": {
                "x": 484.88,
                "y": 20.57,
                "z": 0.294
            },
            "yaw": 0.0,
            "velocity": 6.894625353948189
        }
    },
    "ego": {
        "position": {
            "x": 512.4637609768058,
            "y": 20.57,
            "z": 0.294
        },
        "yaw": 0.0,
        "velocity": 9.640662082100874
    },
    "lead": {
        "position": {
            "x": 484.88,
            "y": 20.57,
            "z": 0.294
        },
        "yaw": 0.0,
        "velocity": 6.894625353948189
    },
    "ado_actions": [
        {
            "throttle": 0.47527570982963374,
            "brake": 0.0,
            "steer": 0.0
        },
        {
            "throttle": 0.47875074105145776,
            "brake": 0.0,
            "steer": 0.0
        },
        {
            "throttle": 0.4853126349585843,
            "brake": 0.0,
            "steer": 0.0
        },
        {
            "throttle": 0.4945718503274929,
            "brake": 0.0,
            "steer": 0.0
        },
        {
            "throttle": 0.5061385566949842,
            "brake": 0.0,
            "steer": 0.0
        },
        {
            "throttle": 0.5196240686933543,
            "brake": 0.0,
            "steer": 0.0
        },
        {
            "throttle": 0.534642579738275,
            "brake": 0.0,
            "steer": 0.0
        },
        {
            "throttle": 0.5508131435061828,
            "brake": 0.0,
            "steer": 0.0
        },
        {
            "throttle": 0.5677618518658358,
            "brake": 0.0,
            "steer": 0.0
        },
        {
            "throttle": 0.5851241584445281,
            "brake": 0.0,
            "steer": 0.0
        },
        {
            "throttle": 0.6025472978385124,
            "brake": 0.0,
            "steer": 0.0
        },
        {
            "throttle": 0.6196927516378977,
            "brake": 0.0,
            "steer": 0.0
        },
        {
            "throttle": 0.6362387139404382,
            "brake": 0.0,
            "steer": 0.0
        },
        {
            "throttle": 0.6518825108813736,
            "brake": 0.0,
            "steer": 0.0
        },
        {
            "throttle": 0.5866942597932363,
            "brake": 0.03116616250162383,
            "steer": 0.0
        },
        {
            "throttle": 0.5280248338139127,
            "brake": 0.05921570875308528,
            "steer": 0.0
        },
        {
            "throttle": 0.4752223504325215,
            "brake": 0.08446030037940058,
            "steer": 0.0
        },
        {
            "throttle": 0.42770011538926933,
            "brake": 0.10718043284308434,
            "steer": 0.0
        },
        {
            "throttle": 0.38493010385034243,
            "brake": 0.12762855206039975,
            "steer": 0.0
        },
        {
            "throttle": 0.3464370934653082,
            "brake": 0.14603185935598362,
            "steer": 0.0
        },
        {
            "throttle": 0.3117933841187774,
            "brake": 0.16259483592200907,
            "steer": 0.0
        },
        {
            "throttle": 0.28061404570689963,
            "brake": 0.177501514831432,
            "steer": 0.0
        },
        {
            "throttle": 0.2525526411362097,
            "brake": 0.19091752584991264,
            "steer": 0.0
        },
        {
            "throttle": 0.2272973770225887,
            "brake": 0.2029919357665452,
            "steer": 0.0
        },
        {
            "throttle": 0.2687480087835894,
            "brake": 0.18269274218989068,
            "steer": 0.0
        },
        {
            "throttle": 0.3029829031392357,
            "brake": 0.16442346797090163,
            "steer": 0.0
        },
        {
            "throttle": 0.33056469347096507,
            "brake": 0.14798112117381146,
            "steer": 0.0
        },
        {
            "throttle": 0.35203754332866355,
            "brake": 0.13318300905643032,
            "steer": 0.0
        },
        {
            "throttle": 0.3679304110951709,
            "brake": 0.1198647081507873,
            "steer": 0.0
        },
        {
            "throttle": 0.37875952932825474,
            "brake": 0.10787823733570857,
            "steer": 0.0
        },
        {
            "throttle": 0.385030166091969,
            "brake": 0.09709041360213772,
            "steer": 0.0
        },
        {
            "throttle": 0.3872377343590345,
            "brake": 0.08738137224192395,
            "steer": 0.0
        },
        {
            "throttle": 0.3858683145255615,
            "brake": 0.07864323501773156,
            "steer": 0.0
        },
        {
            "throttle": 0.3813986541449193,
            "brake": 0.0707789115159584,
            "steer": 0.0
        },
        {
            "throttle": 0.3742957080830967,
            "brake": 0.06370102036436256,
            "steer": 0.0
        },
        {
            "throttle": 0.3650157813560364,
            "brake": 0.05733091832792631,
            "steer": 0.0
        },
        {
            "throttle": 0.35400333587098437,
            "brake": 0.05159782649513368,
            "steer": 0.0
        },
        {
            "throttle": 0.34168952110780887,
            "brake": 0.046438043845620315,
            "steer": 0.0
        },
        {
            "throttle": 0.3284904873995223,
            "brake": 0.041794239461058286,
            "steer": 0.0
        },
        {
            "throttle": 0.31480553886879975,
            "brake": 0.03761481551495246,
            "steer": 0.0
        },
        {
            "throttle": 0.3010151812218102,
            "brake": 0.033853333963457216,
            "steer": 0.0
        },
        {
            "throttle": 0.2874791174724076,
            "brake": 0.030468000567111495,
            "steer": 0.0
        },
        {
            "throttle": 0.27453424225625805,
            "brake": 0.027421200510400347,
            "steer": 0.0
        },
        {
            "throttle": 0.26249268269046017,
            "brake": 0.024679080459360313,
            "steer": 0.0
        },
        {
            "throttle": 0.25163993074106544,
            "brake": 0.022211172413424282,
            "steer": 0.0
        },
        {
            "throttle": 0.24223310878644258,
            "brake": 0.019990055172081855,
            "steer": 0.0
        },
        {
            "throttle": 0.23449940652249068,
            "brake": 0.01799104965487367,
            "steer": 0.0
        },
        {
            "throttle": 0.22863472356570186,
            "brake": 0.016191944689386305,
            "steer": 0.0
        },
        {
            "throttle": 0.22480254809652192,
            "brake": 0.014572750220447675,
            "steer": 0.0
        },
        {
            "throttle": 0.22313309767747844,
            "brake": 0.013115475198402907,
            "steer": 0.0
        },
        {
            "throttle": 0.22372274401131487,
            "brake": 0.011803927678562616,
            "steer": 0.0
        },
        {
            "throttle": 0.2266337389105603,
            "brake": 0.010623534910706355,
            "steer": 0.0
        },
        {
            "throttle": 0.2318942541711507,
            "brake": 0.009561181419635719,
            "steer": 0.0
        },
        {
            "throttle": 0.2394987434207728,
            "brake": 0.008605063277672147,
            "steer": 0.0
        },
        {
            "throttle": 0.24940862939106886,
            "brake": 0.007744556949904932,
            "steer": 0.0
        },
        {
            "throttle": 0.26155331548632055,
            "brake": 0.006970101254914439,
            "steer": 0.0
        },
        {
            "throttle": 0.2758315160347366,
            "brake": 0.006273091129422995,
            "steer": 0.0
        },
        {
            "throttle": 0.292112895256823,
            "brake": 0.0056457820164806955,
            "steer": 0.0
        },
        {
            "throttle": 0.31024000081252245,
            "brake": 0.005081203814832626,
            "steer": 0.0
        },
        {
            "throttle": 0.33003047383748174,
            "brake": 0.004573083433349364,
            "steer": 0.0
        },
        {
            "throttle": 0.3512795136895746,
            "brake": 0.004115775090014428,
            "steer": 0.0
        },
        {
            "throttle": 0.3737625722378107,
            "brake": 0.003704197581012985,
            "steer": 0.0
        },
        {
            "throttle": 0.39723824947211345,
            "brake": 0.0033337778229116863,
            "steer": 0.0
        },
        {
            "throttle": 0.4214513595258076,
            "brake": 0.0030004000406205177,
            "steer": 0.0
        },
        {
            "throttle": 0.44613613391078044,
            "brake": 0.002700360036558466,
            "steer": 0.0
        },
        {
            "throttle": 0.471019526891687,
            "brake": 0.0024303240329026196,
            "steer": 0.0
        },
        {
            "throttle": 0.4958245864892024,
            "brake": 0.0021872916296123575,
            "steer": 0.0
        },
        {
            "throttle": 0.5202738536173143,
            "brake": 0.001968562466651122,
            "steer": 0.0
        },
        {
            "throttle": 0.5440927513351166,
            "brake": 0.0017717062199860097,
            "steer": 0.0
        },
        {
            "throttle": 0.5670129261334702,
            "brake": 0.0015945355979874087,
            "steer": 0.0
        },
        {
            "throttle": 0.5887755035799943,
            "brake": 0.0014350820381886678,
            "steer": 0.0
        },
        {
            "throttle": 0.6091342215056716,
            "brake": 0.001291573834369801,
            "steer": 0.0
        },
        {
            "throttle": 0.6278584052212356,
            "brake": 0.001162416450932821,
            "steer": 0.0
        },
        {
            "throttle": 0.6447357509847789,
            "brake": 0.001046174805839539,
            "steer": 0.0
        },
        {
            "throttle": 0.6595748860821063,
            "brake": 0.000941557325255585,
            "steer": 0.0
        },
        {
            "throttle": 0.6722076764020565,
            "brake": 0.0008474015927300265,
            "steer": 0.0
        },
        {
            "throttle": 0.6824912552598011,
            "brake": 0.0007626614334570239,
            "steer": 0.0
        },
        {
            "throttle": 0.6903097504074728,
            "brake": 0.0006863952901113216,
            "steer": 0.0
        },
        {
            "throttle": 0.6955756896352306,
            "brake": 0.0006177557611001895,
            "steer": 0.0
        },
        {
            "throttle": 0.6982310690657828,
            "brake": 0.0005559801849901705,
            "steer": 0.0
        },
        {
            "throttle": 0.6982480721374364,
            "brake": 0.0005003821664911535,
            "steer": 0.0
        },
        {
            "throttle": 0.6956294313088096,
            "brake": 0.00045034394984203816,
            "steer": 0.0
        },
        {
            "throttle": 0.6904084286545905,
            "brake": 0.00040530955485783434,
            "steer": 0.0
        },
        {
            "throttle": 0.6826485357072779,
            "brake": 0.0003647785993720509,
            "steer": 0.0
        },
        {
            "throttle": 0.6724426970852507,
            "brake": 0.00032830073943484583,
            "steer": 0.0
        },
        {
            "throttle": 0.6599122665834181,
            "brake": 0.0002954706654913613,
            "steer": 0.0
        },
        {
            "throttle": 0.6452056084403298,
            "brake": 0.0002659235989422252,
            "steer": 0.0
        },
        {
            "throttle": 0.6284963803874055,
            "brake": 0.00023933123904800268,
            "steer": 0.0
        },
        {
            "throttle": 0.6099815187860388,
            "brake": 0.00021539811514320243,
            "steer": 0.0
        },
        {
            "throttle": 0.5898789496231791,
            "brake": 0.0001938583036288822,
            "steer": 0.0
        },
        {
            "throttle": 0.568425052324816,
            "brake": 0.00017447247326599397,
            "steer": 0.0
        },
        {
            "throttle": 0.5458719062220427,
            "brake": 0.0001570252259393946,
            "steer": 0.0
        },
        {
            "throttle": 0.5224843520322402,
            "brake": 0.00014132270334545513,
            "steer": 0.0
        },
        {
            "throttle": 0.4985369028686218,
            "brake": 0.00012719043301090963,
            "steer": 0.0
        },
        {
            "throttle": 0.47431054103960835,
            "brake": 0.00011447138970981868,
            "steer": 0.0
        },
        {
            "throttle": 0.45008943822465103,
            "brake": 0.0001030242507388368,
            "steer": 0.0
        },
        {
            "throttle": 0.42615763749956215,
            "brake": 9.272182566495312e-05,
            "steer": 0.0
        },
        {
            "throttle": 0.4027957361216574,
            "brake": 8.344964309845781e-05,
            "steer": 0.0
        },
        {
            "throttle": 0.3802776079678423,
            "brake": 7.510467878861203e-05,
            "steer": 0.0
        },
        {
            "throttle": 0.3588672040472997,
            "brake": 6.759421090975084e-05,
            "steer": 0.0
        },
        {
            "throttle": 0.33881546859008527,
            "brake": 6.083478981877575e-05,
            "steer": 0.0
        },
        {
            "throttle": 0.32035740685441433,
            "brake": 5.475131083689818e-05,
            "steer": 0.0
        },
        {
            "throttle": 0.3037093390145522,
            "brake": 4.927617975320836e-05,
            "steer": 0.0
        },
        {
            "throttle": 0.2890663723087849,
            "brake": 4.4348561777887524e-05,
            "steer": 0.0
        },
        {
            "throttle": 0.27660012106842935,
            "brake": 3.991370560009877e-05,
            "steer": 0.0
        },
        {
            "throttle": 0.2664567013441359,
            "brake": 3.592233504008889e-05,
            "steer": 0.0
        },
        {
            "throttle": 0.2587550236287879,
            "brake": 3.2330101536080003e-05,
            "steer": 0.0
        },
        {
            "throttle": 0.2535854036847159,
            "brake": 2.9097091382472003e-05,
            "steer": 0.0
        },
        {
            "throttle": 0.25100850775754857,
            "brake": 2.6187382244224803e-05,
            "steer": 0.0
        },
        {
            "throttle": 0.2510546445433713,
            "brake": 2.3568644019802323e-05,
            "steer": 0.0
        },
        {
            "throttle": 0.2537234122157599,
            "brake": 2.121177961782209e-05,
            "steer": 0.0
        },
        {
            "throttle": 0.2589837046621805,
            "brake": 1.909060165603988e-05,
            "steer": 0.0
        },
        {
            "throttle": 0.2667740768738222,
            "brake": 1.7181541490435895e-05,
            "steer": 0.0
        },
        {
            "throttle": 0.27700346522834884,
            "brake": 1.5463387341392306e-05,
            "steer": 0.0
        },
        {
            "throttle": 0.289552254250505,
            "brake": 1.3917048607253075e-05,
            "steer": 0.0
        },
        {
            "throttle": 0.3042736773795863,
            "brake": 1.2525343746527768e-05,
            "steer": 0.0
        },
        {
            "throttle": 0.32099553536293496,
            "brake": 1.1272809371874992e-05,
            "steer": 0.0
        },
        {
            "throttle": 0.3395222121765904,
            "brake": 1.0145528434687493e-05,
            "steer": 0.0
        },
        {
            "throttle": 0.3596369648915024,
            "brake": 9.130975591218744e-06,
            "steer": 0.0
        },
        {
            "throttle": 0.3811044606970506,
            "brake": 8.21787803209687e-06,
            "steer": 0.0
        },
        {
            "throttle": 0.4036735314005223,
            "brake": 7.396090228887183e-06,
            "steer": 0.0
        },
        {
            "throttle": 0.4270801131755244,
            "brake": 6.656481205998465e-06,
            "steer": 0.0
        },
        {
            "throttle": 0.4510503371638308,
            "brake": 5.990833085398619e-06,
            "steer": 0.0
        },
        {
            "throttle": 0.47530373476925875,
            "brake": 5.391749776858757e-06,
            "steer": 0.0
        },
        {
            "throttle": 0.49955652013948737,
            "brake": 4.852574799172882e-06,
            "steer": 0.0
        },
        {
            "throttle": 0.5235249114279827,
            "brake": 4.367317319255593e-06,
            "steer": 0.0
        },
        {
            "throttle": 0.5469284519739506,
            "brake": 3.930585587330034e-06,
            "steer": 0.0
        },
        {
            "throttle": 0.5694932925388044,
            "brake": 3.537527028597031e-06,
            "steer": 0.0
        },
        {
            "throttle": 0.5909553961930127,
            "brake": 3.183774325737328e-06,
            "steer": 0.0
        },
        {
            "throttle": 0.6110636283520285,
            "brake": 2.8653968931635953e-06,
            "steer": 0.0
        },
        {
            "throttle": 0.6295826958037267,
            "brake": 2.5788572038472357e-06,
            "steer": 0.0
        },
        {
            "throttle": 0.6462959003366473,
            "brake": 2.320971483462512e-06,
            "steer": 0.0
        },
        {
            "throttle": 0.6610076747476833,
            "brake": 2.088874335116261e-06,
            "steer": 0.0
        },
        {
            "throttle": 0.6735458715542805,
            "brake": 1.879986901604635e-06,
            "steer": 0.0
        },
        {
            "throttle": 0.683763777629922,
            "brake": 1.6919882114441716e-06,
            "steer": 0.0
        },
        {
            "throttle": 0.6915418311887981,
            "brake": 1.5227893902997545e-06,
            "steer": 0.0
        },
        {
            "throttle": 0.6967890210285684,
            "brake": 1.370510451269779e-06,
            "steer": 0.0
        },
        {
            "throttle": 0.699443951658263,
            "brake": 1.2334594061428011e-06,
            "steer": 0.0
        },
        {
            "throttle": 0.6994755618481107,
            "brake": 1.110113465528521e-06,
            "steer": 0.0
        },
        {
            "throttle": 0.6968834881936935,
            "brake": 9.99102118975669e-07,
            "steer": 0.0
        },
        {
            "throttle": 0.691698069440829,
            "brake": 8.991919070781021e-07,
            "steer": 0.0
        },
        {
            "throttle": 0.6839799915213718,
            "brake": 8.092727163702919e-07,
            "steer": 0.0
        },
        {
            "throttle": 0.6738195774545098,
            "brake": 7.283454447332627e-07,
            "steer": 0.0
        },
        {
            "throttle": 0.6613357304239036,
            "brake": 6.555109002599365e-07,
            "steer": 0.0
        },
        {
            "throttle": 0.646674542399546,
            "brake": 5.899598102339428e-07,
            "steer": 0.0
        },
        {
            "throttle": 0.6300075845870173,
            "brake": 5.309638292105486e-07,
            "steer": 0.0
        },
        {
            "throttle": 0.6115298997100668,
            "brake": 4.778674462894938e-07,
            "steer": 0.0
        },
        {
            "throttle": 0.5914577196216022,
            "brake": 4.3008070166054446e-07,
            "steer": 0.0
        },
        {
            "throttle": 0.5700259349523822,
            "brake": 3.8707263149449e-07,
            "steer": 0.0
        },
        {
            "throttle": 0.5474853464083624,
            "brake": 3.48365368345041e-07,
            "steer": 0.0
        },
        {
            "throttle": 0.5240997298828011,
            "brake": 3.135288315105369e-07,
            "steer": 0.0
        },
        {
            "throttle": 0.5001427497279655,
            "brake": 2.8217594835948324e-07,
            "steer": 0.0
        },
        {
            "throttle": 0.47589475630811956,
            "brake": 2.539583535235349e-07,
            "steer": 0.0
        },
        {
            "throttle": 0.45163950530960634,
            "brake": 2.2856251817118142e-07,
            "steer": 0.0
        },
        {
            "throttle": 0.4276608371994266,
            "brake": 2.0570626635406328e-07,
            "steer": 0.0
        },
        {
            "throttle": 0.4042393556900473,
            "brake": 1.8513563971865696e-07,
            "steer": 0.0
        },
        {
            "throttle": 0.3816491440797816,
            "brake": 1.6662207574679126e-07,
            "steer": 0.0
        },
        {
            "throttle": 0.36015455789483997,
            "brake": 1.4995986817211214e-07,
            "steer": 0.0
        },
        {
            "throttle": 0.3400071313662421,
            "brake": 1.3496388135490094e-07,
            "steer": 0.0
        },
        {
            "throttle": 0.321442633942651,
            "brake": 1.2146749321941084e-07,
            "steer": 0.0
        },
        {
            "throttle": 0.30467831128443074,
            "brake": 1.0932074389746976e-07,
            "steer": 0.0
        },
        {
            "throttle": 0.2899103430253896,
            "brake": 9.838866950772278e-08,
            "steer": 0.0
        },
        {
            "throttle": 0.27731154705200656,
            "brake": 8.85498025569505e-08,
            "steer": 0.0
        },
        {
            "throttle": 0.2670293571651398,
            "brake": 7.969482230125546e-08,
            "steer": 0.0
        },
        {
            "throttle": 0.25918409779004037,
            "brake": 7.172534007112991e-08,
            "steer": 0.0
        },
        {
            "throttle": 0.25386757592437553,
            "brake": 6.455280606401693e-08,
            "steer": 0.0
        },
        {
            "throttle": 0.25114200680158627,
            "brake": 5.809752545761524e-08,
            "steer": 0.0
        },
        {
            "throttle": 0.25103928584170376,
            "brake": 5.228777291185372e-08,
            "steer": 0.0
        },
        {
            "throttle": 0.25356061540942826,
            "brake": 4.705899562066835e-08,
            "steer": 0.0
        },
        {
            "throttle": 0.2586764907472535,
            "brake": 4.235309605860152e-08,
            "steer": 0.0
        },
        {
            "throttle": 0.26632704524828815,
            "brake": 3.811778645274137e-08,
            "steer": 0.0
        },
        {
            "throttle": 0.2764227510283653,
            "brake": 3.430600780746723e-08,
            "steer": 0.0
        },
        {
            "throttle": 0.24878047592552877,
            "brake": 0.031166193377030856,
            "steer": 0.0
        },
        {
            "throttle": 0.22390242833297588,
            "brake": 0.0592157365409516,
            "steer": 0.0
        },
        {
            "throttle": 0.2015121854996783,
            "brake": 0.08446032538848028,
            "steer": 0.0
        },
        {
            "throttle": 0.1813609669497105,
            "brake": 0.10718045535125609,
            "steer": 0.0
        },
        {
            "throttle": 0.16322487025473945,
            "brake": 0.12762857231775432,
            "steer": 0.0
        },
        {
            "throttle": 0.1469023832292655,
            "brake": 0.14603187758760272,
            "steer": 0.0
        },
        {
            "throttle": 0.13221214490633895,
            "brake": 0.16259485233046628,
            "steer": 0.0
        },
        {
            "throttle": 0.11899093041570506,
            "brake": 0.17750152959904347,
            "steer": 0.0
        },
        {
            "throttle": 0.10709183737413455,
            "brake": 0.19091753914076295,
            "steer": 0.0
        },
        {
            "throttle": 0.0963826536367211,
            "brake": 0.20299194772831047,
            "steer": 0.0
        },
        {
            "throttle": 0.15840285494745676,
            "brake": 0.18269275295547943,
            "steer": 0.0
        },
        {
            "throttle": 0.2163780175177732,
            "brake": 0.16442347765993148,
            "steer": 0.0
        },
        {
            "throttle": 0.27040501995293065,
            "brake": 0.14798112989393833,
            "steer": 0.0
        },
        {
            "throttle": 0.32054941151355687,
            "brake": 0.1331830169045445,
            "steer": 0.0
        },
        {
            "throttle": 0.36685239818640764,
            "brake": 0.11986471521409006,
            "steer": 0.0
        },
        {
            "throttle": 0.4093373383103629,
            "brake": 0.10787824369268106,
            "steer": 0.0
        },
        {
            "throttle": 0.44801574927611965,
            "brake": 0.09709041932341296,
            "steer": 0.0
        },
        {
            "throttle": 0.48289282478640116,
            "brake": 0.08738137739107167,
            "steer": 0.0
        },
        {
            "throttle": 0.5139724609131828,
            "brake": 0.0786432396519645,
            "steer": 0.0
        },
        {
            "throttle": 0.5412617886565337,
            "brake": 0.07077891568676806,
            "steer": 0.0
        },
        {
            "throttle": 0.5647752108326372,
            "brake": 0.06370102411809125,
            "steer": 0.0
        },
        {
            "throttle": 0.5845379418321446,
            "brake": 0.05733092170628213,
            "steer": 0.0
        },
        {
            "throttle": 0.600589050029362,
            "brake": 0.051597829535653915,
            "steer": 0.0
        },
        {
            "throttle": 0.612984004322499,
            "brake": 0.04643804658208853,
            "steer": 0.0
        },
        {
            "throttle": 0.6217967283796499,
            "brake": 0.04179424192387968,
            "steer": 0.0
        },
        {
            "throttle": 0.6271211685886179,
            "brake": 0.03761481773149171,
            "steer": 0.0
        },
        {
            "throttle": 0.6290723843956885,
            "brake": 0.03385333595834254,
            "steer": 0.0
        },
        {
            "throttle": 0.6277871726041948,
            "brake": 0.030468002362508288,
            "steer": 0.0
        }
    ],
    "parameters": {
        "cloudiness": 55.93344659195003,
        "fog_density": 76.35315393958705,
        "initial_distance": 27.583760976805834,
        "initial_ego_velocity": 9.640662082100874,
        "initial_lead_velocity": 6.894625353948189,
        "lead_base_throttle": 0.4752757098296337,
        "lead_behavior_frequency": 0.17225243202670848,
        "lead_brake_duration": 10.759639767872613,
        "lead_brake_intensity": 0.3116616250162383,
        "lead_brake_probability": 0.23489458246704673,
        "lead_throttle_variation": 0.3217078588585812,
        "precipitation": 58.1673350984553,
        "precipitation_deposits": 47.027269121468876,
        "sun_altitude_angle": -24.887964190909642,
        "wind_intensity": 8.688466398731693
    },
    "config": {
        "num_timesteps": 200,
        "dt": 0.1,
        "seed": 239
    }
}