{
    "weather": {
        "cloudiness": 56.40591572050462,
        "precipitation": 61.068832701195696,
        "precipitation_deposits": 59.410285378540436,
        "wind_intensity": 14.603295376093095,
        "sun_altitude_angle": 4.788312497982314,
        "fog_density": 61.727258356904215,
        "fog_distance": 127.76338523920944,
        "wetness": 30.534416350597848
    },
    "initial_conditions": {
        "ego": {
            "position": {
                "x": 531.9538674027483,
                "y": 20.57,
                "z": 0.294
            },
            "yaw": 0.0,
            "velocity": 20.0
        },
        "lead": {
            "position": {
                "x": 484.88,
                "y": 20.57,
                "z": 0.294
            },
            "yaw": 0.0,
            "velocity": 19.621025078158244
        }
    },
    "ego": {
        "position": {
            "x": 531.9538674027483,
            "y": 20.57,
            "z": 0.294
        },
        "yaw": 0.0,
        "velocity": 20.0
    },
    "lead": {
        "position": {
            "x": 484.88,
            "y": 20.57,
            "z": 0.294
        },
        "yaw": 0.0,
        "velocity": 19.621025078158244
    },
    "ado_actions": [
        {
            "throttle": 0.5994709351123152,
            "brake": 0.0,
            "steer": 0.0
        },
        {
            "throttle": 0.6003114227604646,
            "brake": 0.0,
            "steer": 0.0
        },
        {
            "throttle": 0.601906586502944,
            "brake": 0.0,
            "steer": 0.0
        },
        {
            "throttle": 0.6041774368494811,
            "brake": 0.0,
            "steer": 0.0
        },
        {
            "throttle": 0.6070511315535796,
            "brake": 0.0,
            "steer": 0.0
        },
        {
            "throttle": 0.6104603719486492,
            "brake": 0.0,
            "steer": 0.0
        },
        {
            "throttle": 0.6143428633012472,
            "brake": 0.0,
            "steer": 0.0
        },
        {
            "throttle": 0.6186408327488663,
            "brake": 0.0,
            "steer": 0.0
        },
        {
            "throttle": 0.6233005990253684,
            "brake": 0.0,
            "steer": 0.0
        },
        {
            "throttle": 0.6282721887493409,
            "brake": 0.0,
            "steer": 0.0
        },
        {
            "throttle": 0.6335089945657104,
            "brake": 0.0,
            "steer": 0.0
        },
        {
            "throttle": 0.6389674708946115,
            "brake": 0.0,
            "steer": 0.0
        },
        {
            "throttle": 0.6446068634589335,
            "brake": 0.0,
            "steer": 0.0
        },
        {
            "throttle": 0.6503889691377915,
            "brake": 0.0,
            "steer": 0.0
        },
        {
            "throttle": 0.6562779230315671,
            "brake": 0.0,
            "steer": 0.0
        },
        {
            "throttle": 0.662240009928894,
            "brake": 0.0,
            "steer": 0.0
        },
        {
            "throttle": 0.6682434976404087,
            "brake": 0.0,
            "steer": 0.0
        },
        {
            "throttle": 0.6742584899112812,
            "brake": 0.0,
            "steer": 0.0
        },
        {
            "throttle": 0.6802567968472342,
            "brake": 0.0,
            "steer": 0.0
        },
        {
            "throttle": 0.6862118209894037,
            "brake": 0.0,
            "steer": 0.0
        },
        {
            "throttle": 0.6920984573542162,
            "brake": 0.0,
            "steer": 0.0
        },
        {
            "throttle": 0.6978930059174411,
            "brake": 0.0,
            "steer": 0.0
        },
        {
            "throttle": 0.7035730951685311,
            "brake": 0.0,
            "steer": 0.0
        },
        {
            "throttle": 0.7091176154938847,
            "brake": 0.0,
            "steer": 0.0
        },
        {
            "throttle": 0.714506661267223,
            "brake": 0.0,
            "steer": 0.0
        },
        {
            "throttle": 0.7197214806331615,
            "brake": 0.0,
            "steer": 0.0
        },
        {
            "throttle": 0.724744432067464,
            "brake": 0.0,
            "steer": 0.0
        },
        {
            "throttle": 0.729558946885429,
            "brake": 0.0,
            "steer": 0.0
        },
        {
            "throttle": 0.7341494969493583,
            "brake": 0.0,
            "steer": 0.0
        },
        {
            "throttle": 0.7385015668979139,
            "brake": 0.0,
            "steer": 0.0
        },
        {
            "throttle": 0.7426016302851814,
            "brake": 0.0,
            "steer": 0.0
        },
        {
            "throttle": 0.746437129076101,
            "brake": 0.0,
            "steer": 0.0
        },
        {
            "throttle": 0.7499964559982241,
            "brake": 0.0,
            "steer": 0.0
        },
        {
            "throttle": 0.7532689392980688,
            "brake": 0.0,
            "steer": 0.0
        },
        {
            "throttle": 0.7562448294941793,
            "brake": 0.0,
            "steer": 0.0
        },
        {
            "throttle": 0.7589152877587892,
            "brake": 0.0,
            "steer": 0.0
        },
        {
            "throttle": 0.7612723755961681,
            "brake": 0.0,
            "steer": 0.0
        },
        {
            "throttle": 0.7633090455186318,
            "brake": 0.0,
            "steer": 0.0
        },
        {
            "throttle": 0.7650191324511783,
            "brake": 0.0,
            "steer": 0.0
        },
        {
            "throttle": 0.7663973456230381,
            "brake": 0.0,
            "steer": 0.0
        },
        {
            "throttle": 0.7674392607293816,
            "brake": 0.0,
            "steer": 0.0
        },
        {
            "throttle": 0.7681413121692369,
            "brake": 0.0,
            "steer": 0.0
        },
        {
            "throttle": 0.7685007851865479,
            "brake": 0.0,
            "steer": 0.0
        },
        {
            "throttle": 0.768515807760444,
            "brake": 0.0,
            "steer": 0.0
        },
        {
            "throttle": 0.768185342108356,
            "brake": 0.0,
            "steer": 0.0
        },
        {
            "throttle": 0.7675091756817646,
            "brake": 0.0,
            "steer": 0.0
        },
        {
            "throttle": 0.7664879115492369,
            "brake": 0.0,
            "steer": 0.0
        },
        {
            "throttle": 0.7651229580751095,
            "brake": 0.0,
            "steer": 0.0
        },
        {
            "throttle": 0.7634165178148402,
            "brake": 0.0,
            "steer": 0.0
        },
        {
            "throttle": 0.7613715755597534,
            "brake": 0.0,
            "steer": 0.0
        },
        {
            "throttle": 0.7589918854747443,
            "brake": 0.0,
            "steer": 0.0
        },
        {
            "throttle": 0.7562819572825616,
            "brake": 0.0,
            "steer": 0.0
        },
        {
            "throttle": 0.7532470414576248,
            "brake": 0.0,
            "steer": 0.0
        },
        {
            "throttle": 0.7498931134010061,
            "brake": 0.0,
            "steer": 0.0
        },
        {
            "throttle": 0.7462268565762944,
            "brake": 0.0,
            "steer": 0.0
        },
        {
            "throttle": 0.7422556445935791,
            "brake": 0.0,
            "steer": 0.0
        },
        {
            "throttle": 0.7379875222358119,
            "brake": 0.0,
            "steer": 0.0
        },
        {
            "throttle": 0.7334311854283585,
            "brake": 0.0,
            "steer": 0.0
        },
        {
            "throttle": 0.7285959601586611,
            "brake": 0.0,
            "steer": 0.0
        },
        {
            "throttle": 0.7234917803586487,
            "brake": 0.0,
            "steer": 0.0
        },
        {
            "throttle": 0.7181291647678623,
            "brake": 0.0,
            "steer": 0.0
        },
        {
            "throttle": 0.7125191928002418,
            "brake": 0.0,
            "steer": 0.0
        },
        {
            "throttle": 0.7066734794421722,
            "brake": 0.0,
            "steer": 0.0
        },
        {
            "throttle": 0.7006041492137154,
            "brake": 0.0,
            "steer": 0.0
        },
        {
            "throttle": 0.6943238092289954,
            "brake": 0.0,
            "steer": 0.0
        },
        {
            "throttle": 0.6878455213954553,
            "brake": 0.0,
            "steer": 0.0
        },
        {
            "throttle": 0.6811827737951908,
            "brake": 0.0,
            "steer": 0.0
        },
        {
            "throttle": 0.6743494512947897,
            "brake": 0.0,
            "steer": 0.0
        },
        {
            "throttle": 0.667359805433085,
            "brake": 0.0,
            "steer": 0.0
        },
        {
            "throttle": 0.6602284236389662,
            "brake": 0.0,
            "steer": 0.0
        },
        {
            "throttle": 0.6529701978338998,
            "brake": 0.0,
            "steer": 0.0
        },
        {
            "throttle": 0.6456002924760927,
            "brake": 0.0,
            "steer": 0.0
        },
        {
            "throttle": 0.6381341121052937,
            "brake": 0.0,
            "steer": 0.0
        },
        {
            "throttle": 0.6305872684490775,
            "brake": 0.0,
            "steer": 0.0
        },
        {
            "throttle": 0.6229755471531007,
            "brake": 0.0,
            "steer": 0.0
        },
        {
            "throttle": 0.6153148741992547,
            "brake": 0.0,
            "steer": 0.0
        },
        {
            "throttle": 0.6076212820768838,
            "brake": 0.0,
            "steer": 0.0
        },
        {
            "throttle": 0.5999108757732768,
            "brake": 0.0,
            "steer": 0.0
        },
        {
            "throttle": 0.5921997986504977,
            "brake": 0.0,
            "steer": 0.0
        },
        {
            "throttle": 0.5845041982762832,
            "brake": 0.0,
            "steer": 0.0
        },
        {
            "throttle": 0.5768401922772182,
            "brake": 0.0,
            "steer": 0.0
        },
        {
            "throttle": 0.569223834282693,
            "brake": 0.0,
            "steer": 0.0
        },
        {
            "throttle": 0.5616710800282751,
            "brake": 0.0,
            "steer": 0.0
        },
        {
            "throttle": 0.5541977536870665,
            "brake": 0.0,
            "steer": 0.0
        },
        {
            "throttle": 0.49877797831835985,
            "brake": 0.07917669278491754,
            "steer": 0.0
        },
        {
            "throttle": 0.44890018048652386,
            "brake": 0.15043571629134334,
            "steer": 0.0
        },
        {
            "throttle": 0.40401016243787147,
            "brake": 0.21456883744712654,
            "steer": 0.0
        },
        {
            "throttle": 0.36360914619408435,
            "brake": 0.2722886464873314,
            "steer": 0.0
        },
        {
            "throttle": 0.3272482315746759,
            "brake": 0.3242364746235158,
            "steer": 0.0
        },
        {
            "throttle": 0.2945234084172083,
            "brake": 0.37098951994608176,
            "steer": 0.0
        },
        {
            "throttle": 0.2650710675754875,
            "brake": 0.4130672607363911,
            "steer": 0.0
        },
        {
            "throttle": 0.23856396081793874,
            "brake": 0.4509372274476695,
            "steer": 0.0
        },
        {
            "throttle": 0.21470756473614486,
            "brake": 0.4850201974878201,
            "steer": 0.0
        },
        {
            "throttle": 0.19323680826253037,
            "brake": 0.5156948705239557,
            "steer": 0.0
        },
        {
            "throttle": 0.17391312743627735,
            "brake": 0.5433020762564776,
            "steer": 0.0
        },
        {
            "throttle": 0.1565218146926496,
            "brake": 0.5681485614157474,
            "steer": 0.0
        },
        {
            "throttle": 0.14086963322338467,
            "brake": 0.5905103980590902,
            "steer": 0.0
        },
        {
            "throttle": 0.1267826699010462,
            "brake": 0.6106360510380988,
            "steer": 0.0
        },
        {
            "throttle": 0.1561524037197918,
            "brake": 0.549572445934289,
            "steer": 0.0
        },
        {
            "throttle": 0.18241730381289448,
            "brake": 0.4946152013408601,
            "steer": 0.0
        },
        {
            "throttle": 0.20592574610998599,
            "brake": 0.4451536812067741,
            "steer": 0.0
        },
        {
            "throttle": 0.22699154153447182,
            "brake": 0.4006383130860967,
            "steer": 0.0
        },
        {
            "throttle": 0.24589731245884178,
            "brake": 0.360574481777487,
            "steer": 0.0
        },
        {
            "throttle": 0.26289753111062497,
            "brake": 0.3245170335997383,
            "steer": 0.0
        },
        {
            "throttle": 0.2782212539026534,
            "brake": 0.2920653302397645,
            "steer": 0.0
        },
        {
            "throttle": 0.2920745822644256,
            "brake": 0.26285879721578803,
            "steer": 0.0
        },
        {
            "throttle": 0.3046428774938215,
            "brake": 0.23657291749420922,
            "steer": 0.0
        },
        {
            "throttle": 0.3160927543962757,
            "brake": 0.2129156257447883,
            "steer": 0.0
        },
        {
            "throttle": 0.3265738760012361,
            "brake": 0.19162406317030947,
            "steer": 0.0
        },
        {
            "throttle": 0.3362205694158249,
            "brake": 0.17246165685327852,
            "steer": 0.0
        },
        {
            "throttle": 0.3451532808683514,
            "brake": 0.15521549116795066,
            "steer": 0.0
        },
        {
            "throttle": 0.35347988618743476,
            "brake": 0.1396939420511556,
            "steer": 0.0
        },
        {
            "throttle": 0.36129687133594734,
            "brake": 0.12572454784604004,
            "steer": 0.0
        },
        {
            "throttle": 0.36869039615475685,
            "brake": 0.11315209306143603,
            "steer": 0.0
        },
        {
            "throttle": 0.375737253153096,
            "brake": 0.10183688375529243,
            "steer": 0.0
        },
        {
            "throttle": 0.3825057319957271,
            "brake": 0.09165319537976319,
            "steer": 0.0
        },
        {
            "throttle": 0.38905639926874724,
            "brake": 0.08248787584178686,
            "steer": 0.0
        },
        {
            "throttle": 0.3954428021440694,
            "brake": 0.07423908825760818,
            "steer": 0.0
        },
        {
            "throttle": 0.40171210369668364,
            "brake": 0.06681517943184737,
            "steer": 0.0
        },
        {
            "throttle": 0.40790565684915103,
            "brake": 0.06013366148866263,
            "steer": 0.0
        },
        {
            "throttle": 0.41405952321581435,
            "brake": 0.05412029533979637,
            "steer": 0.0
        },
        {
            "throttle": 0.3726535708942329,
            "brake": 0.1278849585907343,
            "steer": 0.0
        },
        {
            "throttle": 0.3353882138048096,
            "brake": 0.19427315551657842,
            "steer": 0.0
        },
        {
            "throttle": 0.3018493924243286,
            "brake": 0.2540225327498381,
            "steer": 0.0
        },
        {
            "throttle": 0.27166445318189575,
            "brake": 0.3077969722597719,
            "steer": 0.0
        },
        {
            "throttle": 0.24449800786370618,
            "brake": 0.35619396781871226,
            "steer": 0.0
        },
        {
            "throttle": 0.22004820707733558,
            "brake": 0.39975126382175863,
            "steer": 0.0
        },
        {
            "throttle": 0.19804338636960203,
            "brake": 0.43895283022450027,
            "steer": 0.0
        },
        {
            "throttle": 0.17823904773264182,
            "brake": 0.4742342399869678,
            "steer": 0.0
        },
        {
            "throttle": 0.16041514295937764,
            "brake": 0.5059875087731885,
            "steer": 0.0
        },
        {
            "throttle": 0.1443736286634399,
            "brake": 0.5345654506807872,
            "steer": 0.0
        },
        {
            "throttle": 0.1299362657970959,
            "brake": 0.560285598397626,
            "steer": 0.0
        },
        {
            "throttle": 0.11694263921738632,
            "brake": 0.583433731342781,
            "steer": 0.0
        },
        {
            "throttle": 0.10524837529564769,
            "brake": 0.6042670509934205,
            "steer": 0.0
        },
        {
            "throttle": 0.09472353776608293,
            "brake": 0.623017038678996,
            "steer": 0.0
        },
        {
            "throttle": 0.14336402798231618,
            "brake": 0.5607153348110965,
            "steer": 0.0
        },
        {
            "throttle": 0.18797867419803446,
            "brake": 0.5046438013299869,
            "steer": 0.0
        },
        {
            "throttle": 0.22897214985801412,
            "brake": 0.4541794211969882,
            "steer": 0.0
        },
        {
            "throttle": 0.26670689867955755,
            "brake": 0.4087614790772894,
            "steer": 0.0
        },
        {
            "throttle": 0.3015073569401197,
            "brake": 0.36788533116956046,
            "steer": 0.0
        },
        {
            "throttle": 0.33366375723392655,
            "brake": 0.33109679805260445,
            "steer": 0.0
        },
        {
            "throttle": 0.3634355555443676,
            "brake": 0.29798711824734403,
            "steer": 0.0
        },
        {
            "throttle": 0.3910545192865246,
            "brake": 0.26818840642260966,
            "steer": 0.0
        },
        {
            "throttle": 0.41672751020105003,
            "brake": 0.2413695657803487,
            "steer": 0.0
        },
        {
            "throttle": 0.4406389925848179,
            "brake": 0.21723260920231385,
            "steer": 0.0
        },
        {
            "throttle": 0.46295329428762655,
            "brake": 0.19550934828208247,
            "steer": 0.0
        },
        {
            "throttle": 0.48381664515377254,
            "brake": 0.17595841345387422,
            "steer": 0.0
        },
        {
            "throttle": 0.5033590151120025,
            "brake": 0.1583625721084868,
            "steer": 0.0
        },
        {
            "throttle": 0.5216957718896722,
            "brake": 0.14252631489763815,
            "steer": 0.0
        },
        {
            "throttle": 0.5389291763221586,
            "brake": 0.12827368340787434,
            "steer": 0.0
        },
        {
            "throttle": 0.5551497314244064,
            "brake": 0.11544631506708691,
            "steer": 0.0
        },
        {
            "throttle": 0.5704373997678932,
            "brake": 0.10390168356037822,
            "steer": 0.0
        },
        {
            "throttle": 0.5848627022452348,
            "brake": 0.09351151520434041,
            "steer": 0.0
        },
        {
            "throttle": 0.5984877099898711,
            "brake": 0.08416036368390636,
            "steer": 0.0
        },
        {
            "throttle": 0.6113669400351732,
            "brake": 0.07574432731551572,
            "steer": 0.0
        },
        {
            "throttle": 0.6235481642327311,
            "brake": 0.06816989458396415,
            "steer": 0.0
        },
        {
            "throttle": 0.6350731399916766,
            "brake": 0.061352905125567736,
            "steer": 0.0
        },
        {
            "throttle": 0.6459782705390246,
            "brake": 0.05521761461301097,
            "steer": 0.0
        },
        {
            "throttle": 0.656295201625573,
            "brake": 0.04969585315170987,
            "steer": 0.0
        },
        {
            "throttle": 0.6660513609042641,
            "brake": 0.04472626783653889,
            "steer": 0.0
        },
        {
            "throttle": 0.675270445580306,
            "brake": 0.040253641052885,
            "steer": 0.0
        },
        {
            "throttle": 0.683972863367789,
            "brake": 0.036228276947596505,
            "steer": 0.0
        },
        {
            "throttle": 0.692176131279712,
            "brake": 0.03260544925283686,
            "steer": 0.0
        },
        {
            "throttle": 0.6998952363215993,
            "brake": 0.029344904327553174,
            "steer": 0.0
        },
        {
            "throttle": 0.7071429617481281,
            "brake": 0.026410413894797858,
            "steer": 0.0
        },
        {
            "throttle": 0.7139301821728243,
            "brake": 0.023769372505318073,
            "steer": 0.0
        },
        {
            "throttle": 0.7202661304887763,
            "brake": 0.021392435254786266,
            "steer": 0.0
        },
        {
            "throttle": 0.7261586392597459,
            "brake": 0.01925319172930764,
            "steer": 0.0
        },
        {
            "throttle": 0.7316143589726851,
            "brake": 0.017327872556376876,
            "steer": 0.0
        },
        {
            "throttle": 0.7366389553014631,
            "brake": 0.015595085300739189,
            "steer": 0.0
        },
        {
            "throttle": 0.741237287314875,
            "brake": 0.01403557677066527,
            "steer": 0.0
        },
        {
            "throttle": 0.7454135683672914,
            "brake": 0.012632019093598743,
            "steer": 0.0
        },
        {
            "throttle": 0.749171511235413,
            "brake": 0.011368817184238869,
            "steer": 0.0
        },
        {
            "throttle": 0.7525144589075481,
            "brake": 0.010231935465814981,
            "steer": 0.0
        },
        {
            "throttle": 0.7554455022908386,
            "brake": 0.009208741919233484,
            "steer": 0.0
        },
        {
            "throttle": 0.7579675859753261,
            "brake": 0.008287867727310137,
            "steer": 0.0
        },
        {
            "throttle": 0.7600836030802176,
            "brake": 0.007459080954579123,
            "steer": 0.0
        },
        {
            "throttle": 0.7617964801058972,
            "brake": 0.006713172859121211,
            "steer": 0.0
        },
        {
            "throttle": 0.7631092526239388,
            "brake": 0.00604185557320909,
            "steer": 0.0
        },
        {
            "throttle": 0.7640251325555714,
            "brake": 0.005437670015888181,
            "steer": 0.0
        },
        {
            "throttle": 0.7645475677157693,
            "brake": 0.004893903014299363,
            "steer": 0.0
        },
        {
            "throttle": 0.7646802942345345,
            "brake": 0.004404512712869427,
            "steer": 0.0
        },
        {
            "throttle": 0.7644273824082323,
            "brake": 0.003964061441582485,
            "steer": 0.0
        },
        {
            "throttle": 0.7637932764813378,
            "brake": 0.003567655297424236,
            "steer": 0.0
        },
        {
            "throttle": 0.6874139488332041,
            "brake": 0.08238758255259936,
            "steer": 0.0
        },
        {
            "throttle": 0.6186725539498836,
            "brake": 0.15332551708225695,
            "steer": 0.0
        },
        {
            "throttle": 0.5568052985548952,
            "brake": 0.2171696581589488,
            "steer": 0.0
        },
        {
            "throttle": 0.5011247686994057,
            "brake": 0.2746293851279714,
            "steer": 0.0
        },
        {
            "throttle": 0.4510122918294651,
            "brake": 0.32634313940009185,
            "steer": 0.0
        },
        {
            "throttle": 0.4059110626465186,
            "brake": 0.37288551824500027,
            "steer": 0.0
        },
        {
            "throttle": 0.36531995638186676,
            "brake": 0.41477365920541776,
            "steer": 0.0
        },
        {
            "throttle": 0.3287879607436801,
            "brake": 0.4524729860697936,
            "steer": 0.0
        },
        {
            "throttle": 0.2959091646693121,
            "brake": 0.48640238024773175,
            "steer": 0.0
        },
        {
            "throttle": 0.2663182482023809,
            "brake": 0.5169388350078761,
            "steer": 0.0
        },
        {
            "throttle": 0.23968642338214283,
            "brake": 0.544421644292006,
            "steer": 0.0
        },
        {
            "throttle": 0.21571778104392855,
            "brake": 0.569156172647723,
            "steer": 0.0
        },
        {
            "throttle": 0.1941460029395357,
            "brake": 0.5914172481678683,
            "steer": 0.0
        },
        {
            "throttle": 0.17473140264558215,
            "brake": 0.6114522161359991,
            "steer": 0.0
        },
        {
            "throttle": 0.22360740934403184,
            "brake": 0.5503069945223992,
            "steer": 0.0
        },
        {
            "throttle": 0.2668013820157305,
            "brake": 0.49527629507015924,
            "steer": 0.0
        }
    ],
    "parameters": {
        "cloudiness": 56.40591572050462,
        "fog_density": 61.727258356904215,
        "initial_distance": 47.07386740274831,
        "initial_ego_velocity": 20.0,
        "initial_lead_velocity": 19.621025078158244,
        "lead_base_throttle": 0.5994709351123152,
        "lead_behavior_frequency": 0.07289413559768665,
        "lead_brake_duration": 14.449030143127104,
        "lead_brake_intensity": 0.7917669278491754,
        "lead_brake_probability": 0.25933087488827206,
        "lead_throttle_variation": 0.18357381120852093,
        "precipitation": 61.068832701195696,
        "precipitation_deposits": 59.410285378540436,
        "sun_altitude_angle": 4.788312497982314,
        "wind_intensity": 14.603295376093095
    },
    "config": {
        "num_timesteps": 200,
        "dt": 0.1,
        "seed": 77
    }
}