{
    "weather": {
        "cloudiness": 70.25537832208437,
        "precipitation": 44.83043637025021,
        "precipitation_deposits": 71.9225079095724,
        "wind_intensity": 23.378501633384296,
        "sun_altitude_angle": 0.11890020129083112,
        "fog_density": 50.07601366752304,
        "fog_distance": 188.3976377153977,
        "wetness": 22.415218185125106
    },
    "initial_conditions": {
        "ego": {
            "position": {
                "x": 515.4677352995003,
                "y": 20.57,
                "z": 0.294
            },
            "yaw": 0.0,
            "velocity": 8.215244614366105
        },
        "lead": {
            "position": {
                "x": 484.88,
                "y": 20.57,
                "z": 0.294
            },
            "yaw": 0.0,
            "velocity": 12.423640930525222
        }
    },
    "ego": {
        "position": {
            "x": 515.4677352995003,
            "y": 20.57,
            "z": 0.294
        },
        "yaw": 0.0,
        "velocity": 8.215244614366105
    },
    "lead": {
        "position": {
            "x": 484.88,
            "y": 20.57,
            "z": 0.294
        },
        "yaw": 0.0,
        "velocity": 12.423640930525222
    },
    "ado_actions": [
        {
            "throttle": 0.30206363689520455,
            "brake": 0.0,
            "steer": 0.0
        },
        {
            "throttle": 0.30467986460693064,
            "brake": 0.0,
            "steer": 0.0
        },
        {
            "throttle": 0.30960811407387956,
            "brake": 0.0,
            "steer": 0.0
        },
        {
            "throttle": 0.3165327098576064,
            "brake": 0.0,
            "steer": 0.0
        },
        {
            "throttle": 0.3251290289199866,
            "brake": 0.0,
            "steer": 0.0
        },
        {
            "throttle": 0.33506642976438566,
            "brake": 0.0,
            "steer": 0.0
        },
        {
            "throttle": 0.3460115149971193,
            "brake": 0.0,
            "steer": 0.0
        },
        {
            "throttle": 0.3576316506598796,
            "brake": 0.0,
            "steer": 0.0
        },
        {
            "throttle": 0.3695986638590606,
            "brake": 0.0,
            "steer": 0.0
        },
        {
            "throttle": 0.3815926394349997,
            "brake": 0.0,
            "steer": 0.0
        },
        {
            "throttle": 0.39330573670935404,
            "brake": 0.0,
            "steer": 0.0
        },
        {
            "throttle": 0.404445948738533,
            "brake": 0.0,
            "steer": 0.0
        },
        {
            "throttle": 0.41474072898177017,
            "brake": 0.0,
            "steer": 0.0
        },
        {
            "throttle": 0.42394041384081926,
            "brake": 0.0,
            "steer": 0.0
        },
        {
            "throttle": 0.43182137410210375,
            "brake": 0.0,
            "steer": 0.0
        },
        {
            "throttle": 0.438188833850881,
            "brake": 0.0,
            "steer": 0.0
        },
        {
            "throttle": 0.4428793018529768,
            "brake": 0.0,
            "steer": 0.0
        },
        {
            "throttle": 0.44576256761956157,
            "brake": 0.0,
            "steer": 0.0
        },
        {
            "throttle": 0.4011863108576054,
            "brake": 0.07202514250405152,
            "steer": 0.0
        },
        {
            "throttle": 0.3610676797718449,
            "brake": 0.13684777075769788,
            "steer": 0.0
        },
        {
            "throttle": 0.3249609117946604,
            "brake": 0.19518813618597963,
            "steer": 0.0
        },
        {
            "throttle": 0.29246482061519435,
            "brake": 0.24769446507143322,
            "steer": 0.0
        },
        {
            "throttle": 0.26321833855367494,
            "brake": 0.29495016106834143,
            "steer": 0.0
        },
        {
            "throttle": 0.23689650469830745,
            "brake": 0.3374802874655588,
            "steer": 0.0
        },
        {
            "throttle": 0.2132068542284767,
            "brake": 0.37575740122305445,
            "steer": 0.0
        },
        {
            "throttle": 0.19188616880562903,
            "brake": 0.41020680360480055,
            "steer": 0.0
        },
        {
            "throttle": 0.17269755192506614,
            "brake": 0.441211265748372,
            "steer": 0.0
        },
        {
            "throttle": 0.15542779673255952,
            "brake": 0.4691152816775863,
            "steer": 0.0
        },
        {
            "throttle": 0.13988501705930356,
            "brake": 0.4942288960138792,
            "steer": 0.0
        },
        {
            "throttle": 0.1258965153533732,
            "brake": 0.5168311489165428,
            "steer": 0.0
        },
        {
            "throttle": 0.13045878847062886,
            "brake": 0.4651480340248885,
            "steer": 0.0
        },
        {
            "throttle": 0.1326506518058796,
            "brake": 0.41863323062239965,
            "steer": 0.0
        },
        {
            "throttle": 0.13295278399200275,
            "brake": 0.3767699075601597,
            "steer": 0.0
        },
        {
            "throttle": 0.1318249865202392,
            "brake": 0.3390929168041438,
            "steer": 0.0
        },
        {
            "throttle": 0.1297038633002463,
            "brake": 0.30518362512372943,
            "steer": 0.0
        },
        {
            "throttle": 0.12700036144233545,
            "brake": 0.2746652626113565,
            "steer": 0.0
        },
        {
            "throttle": 0.1240972649249602,
            "brake": 0.24719873635022085,
            "steer": 0.0
        },
        {
            "throttle": 0.12134672841384127,
            "brake": 0.22247886271519876,
            "steer": 0.0
        },
        {
            "throttle": 0.11906793319839198,
            "brake": 0.20023097644367888,
            "steer": 0.0
        },
        {
            "throttle": 0.11754494104098633,
            "brake": 0.180207878799311,
            "steer": 0.0
        },
        {
            "throttle": 0.11702481474904575,
            "brake": 0.1621870909193799,
            "steer": 0.0
        },
        {
            "throttle": 0.11771606655078927,
            "brake": 0.14596838182744193,
            "steer": 0.0
        },
        {
            "throttle": 0.11978748697095246,
            "brake": 0.13137154364469775,
            "steer": 0.0
        },
        {
            "throttle": 0.1233673979654309,
            "brake": 0.11823438928022798,
            "steer": 0.0
        },
        {
            "throttle": 0.12854336469861985,
            "brake": 0.10641095035220519,
            "steer": 0.0
        },
        {
            "throttle": 0.13536239065935946,
            "brake": 0.09576985531698468,
            "steer": 0.0
        },
        {
            "throttle": 0.14383161094384186,
            "brake": 0.08619286978528622,
            "steer": 0.0
        },
        {
            "throttle": 0.15391948862497537,
            "brake": 0.0775735828067576,
            "steer": 0.0
        },
        {
            "throttle": 0.16555750931880814,
            "brake": 0.06981622452608184,
            "steer": 0.0
        },
        {
            "throttle": 0.17864235949134313,
            "brake": 0.06283460207347366,
            "steer": 0.0
        },
        {
            "throttle": 0.19303856486294135,
            "brake": 0.056551141866126295,
            "steer": 0.0
        },
        {
            "throttle": 0.20858155659745214,
            "brake": 0.050896027679513664,
            "steer": 0.0
        },
        {
            "throttle": 0.2250811249372166,
            "brake": 0.045806424911562296,
            "steer": 0.0
        },
        {
            "throttle": 0.2423252126819899,
            "brake": 0.04122578242040607,
            "steer": 0.0
        },
        {
            "throttle": 0.26008399451720315,
            "brake": 0.03710320417836546,
            "steer": 0.0
        },
        {
            "throttle": 0.2781141827693231,
            "brake": 0.033392883760528916,
            "steer": 0.0
        },
        {
            "throttle": 0.2961634957830935,
            "brake": 0.030053595384476026,
            "steer": 0.0
        },
        {
            "throttle": 0.31397522184075133,
            "brake": 0.027048235846028425,
            "steer": 0.0
        },
        {
            "throttle": 0.33129280942322775,
            "brake": 0.024343412261425584,
            "steer": 0.0
        },
        {
            "throttle": 0.34786441367609255,
            "brake": 0.021909071035283025,
            "steer": 0.0
        },
        {
            "throttle": 0.3634473291981987,
            "brake": 0.019718163931754722,
            "steer": 0.0
        },
        {
            "throttle": 0.3778122407093789,
            "brake": 0.01774634753857925,
            "steer": 0.0
        },
        {
            "throttle": 0.39074722574715887,
            "brake": 0.015971712784721325,
            "steer": 0.0
        },
        {
            "throttle": 0.40206144724494586,
            "brake": 0.014374541506249193,
            "steer": 0.0
        },
        {
            "throttle": 0.41158847859155506,
            "brake": 0.012937087355624275,
            "steer": 0.0
        },
        {
            "throttle": 0.4191892094836414,
            "brake": 0.011643378620061847,
            "steer": 0.0
        },
        {
            "throttle": 0.4247542874626453,
            "brake": 0.010479040758055662,
            "steer": 0.0
        },
        {
            "throttle": 0.4282060573664295,
            "brake": 0.009431136682250096,
            "steer": 0.0
        },
        {
            "throttle": 0.42949996890100633,
            "brake": 0.008488023014025087,
            "steer": 0.0
        },
        {
            "throttle": 0.4286254310176294,
            "brake": 0.0076392207126225785,
            "steer": 0.0
        },
        {
            "throttle": 0.42560610062505944,
            "brake": 0.006875298641360321,
            "steer": 0.0
        },
        {
            "throttle": 0.420499602230277,
            "brake": 0.006187768777224289,
            "steer": 0.0
        },
        {
            "throttle": 0.4133966842341923,
            "brake": 0.00556899189950186,
            "steer": 0.0
        },
        {
            "throttle": 0.4044198266618917,
            "brake": 0.005012092709551674,
            "steer": 0.0
        },
        {
            "throttle": 0.393721323931027,
            "brake": 0.004510883438596507,
            "steer": 0.0
        },
        {
            "throttle": 0.3814808747123002,
            "brake": 0.004059795094736856,
            "steer": 0.0
        },
        {
            "throttle": 0.36790271887404086,
            "brake": 0.0036538155852631708,
            "steer": 0.0
        },
        {
            "throttle": 0.353212368798463,
            "brake": 0.003288434026736854,
            "steer": 0.0
        },
        {
            "throttle": 0.33765298889073214,
            "brake": 0.0029595906240631686,
            "steer": 0.0
        },
        {
            "throttle": 0.32148148276636357,
            "brake": 0.0026636315616568517,
            "steer": 0.0
        },
        {
            "throttle": 0.30496435230482527,
            "brake": 0.002397268405491167,
            "steer": 0.0
        },
        {
            "throttle": 0.2883733964203772,
            "brake": 0.0021575415649420504,
            "steer": 0.0
        },
        {
            "throttle": 0.27198131996496266,
            "brake": 0.0019417874084478454,
            "steer": 0.0
        },
        {
            "throttle": 0.25605732460015007,
            "brake": 0.0017476086676030608,
            "steer": 0.0
        },
        {
            "throttle": 0.24086275373209795,
            "brake": 0.0015728478008427548,
            "steer": 0.0
        },
        {
            "throttle": 0.22664686269070403,
            "brake": 0.0014155630207584792,
            "steer": 0.0
        },
        {
            "throttle": 0.21364278326598576,
            "brake": 0.0012740067186826313,
            "steer": 0.0
        },
        {
            "throttle": 0.20206374852466047,
            "brake": 0.0011466060468143682,
            "steer": 0.0
        },
        {
            "throttle": 0.1920996395694768,
            "brake": 0.0010319454421329314,
            "steer": 0.0
        },
        {
            "throttle": 0.18391391064217394,
            "brake": 0.0009287508979196383,
            "steer": 0.0
        },
        {
            "throttle": 0.17764094279341186,
            "brake": 0.0008358758081276745,
            "steer": 0.0
        },
        {
            "throttle": 0.17338386934996033,
            "brake": 0.0007522882273149071,
            "steer": 0.0
        },
        {
            "throttle": 0.17121290871448505,
            "brake": 0.0006770594045834164,
            "steer": 0.0
        },
        {
            "throttle": 0.17116423176149692,
            "brake": 0.0006093534641250747,
            "steer": 0.0
        },
        {
            "throttle": 0.1732393823789161,
            "brake": 0.0005484181177125673,
            "steer": 0.0
        },
        {
            "throttle": 0.17740526068994006,
            "brake": 0.0004935763059413106,
            "steer": 0.0
        },
        {
            "throttle": 0.1835946693210953,
            "brake": 0.00044421867534717957,
            "steer": 0.0
        },
        {
            "throttle": 0.1917074139086188,
            "brake": 0.0003997968078124616,
            "steer": 0.0
        },
        {
            "throttle": 0.2016119400058715,
            "brake": 0.0003598171270312155,
            "steer": 0.0
        },
        {
            "throttle": 0.2131474798162068,
            "brake": 0.00032383541432809393,
            "steer": 0.0
        },
        {
            "throttle": 0.22612667387074853,
            "brake": 0.00029145187289528456,
            "steer": 0.0
        },
        {
            "throttle": 0.24033862503397602,
            "brake": 0.0002623066856057561,
            "steer": 0.0
        },
        {
            "throttle": 0.25555233517772535,
            "brake": 0.0002360760170451805,
            "steer": 0.0
        },
        {
            "throttle": 0.2715204686307603,
            "brake": 0.00021246841534066244,
            "steer": 0.0
        },
        {
            "throttle": 0.28798338118784506,
            "brake": 0.0001912215738065962,
            "steer": 0.0
        },
        {
            "throttle": 0.30467334913586325,
            "brake": 0.0001720994164259366,
            "steer": 0.0
        },
        {
            "throttle": 0.32131892949534235,
            "brake": 0.00015488947478334294,
            "steer": 0.0
        },
        {
            "throttle": 0.3376493805367724,
            "brake": 0.00013940052730500866,
            "steer": 0.0
        },
        {
            "throttle": 0.3533990706471297,
            "brake": 0.0001254604745745078,
            "steer": 0.0
        },
        {
            "throttle": 0.3683118038090145,
            "brake": 0.00011291442711705701,
            "steer": 0.0
        },
        {
            "throttle": 0.3821449913097122,
            "brake": 0.00010162298440535131,
            "steer": 0.0
        },
        {
            "throttle": 0.394673601798213,
            "brake": 9.146068596481618e-05,
            "steer": 0.0
        },
        {
            "throttle": 0.40569382541404697,
            "brake": 8.231461736833457e-05,
            "steer": 0.0
        },
        {
            "throttle": 0.41502639236399963,
            "brake": 7.408315563150111e-05,
            "steer": 0.0
        },
        {
            "throttle": 0.4225194919456236,
            "brake": 6.6674840068351e-05,
            "steer": 0.0
        },
        {
            "throttle": 0.4280512445184232,
            "brake": 6.00073560615159e-05,
            "steer": 0.0
        },
        {
            "throttle": 0.3852461200665809,
            "brake": 0.07207914912450689,
            "steer": 0.0
        },
        {
            "throttle": 0.3467215080599228,
            "brake": 0.13689637671610771,
            "steer": 0.0
        },
        {
            "throttle": 0.3120493572539305,
            "brake": 0.19523188154854848,
            "steer": 0.0
        },
        {
            "throttle": 0.28084442152853745,
            "brake": 0.24773383589774517,
            "steer": 0.0
        },
        {
            "throttle": 0.25275997937568373,
            "brake": 0.2949855948120222,
            "steer": 0.0
        },
        {
            "throttle": 0.22748398143811535,
            "brake": 0.3375121778348715,
            "steer": 0.0
        },
        {
            "throttle": 0.20473558329430383,
            "brake": 0.3757861025554358,
            "steer": 0.0
        },
        {
            "throttle": 0.18426202496487346,
            "brake": 0.41023263480394373,
            "steer": 0.0
        },
        {
            "throttle": 0.1658358224683861,
            "brake": 0.44123451382760087,
            "steer": 0.0
        },
        {
            "throttle": 0.14925224022154748,
            "brake": 0.4691362049488923,
            "steer": 0.0
        },
        {
            "throttle": 0.13432701619939275,
            "brake": 0.4942477269580546,
            "steer": 0.0
        },
        {
            "throttle": 0.12089431457945347,
            "brake": 0.5168480967663006,
            "steer": 0.0
        },
        {
            "throttle": 0.12685010701928998,
            "brake": 0.4651632870896706,
            "steer": 0.0
        },
        {
            "throttle": 0.1302004409885832,
            "brake": 0.41864695838070354,
            "steer": 0.0
        },
        {
            "throttle": 0.131436517764905,
            "brake": 0.3767822625426332,
            "steer": 0.0
        },
        {
            "throttle": 0.13102937813958448,
            "brake": 0.3391040362883699,
            "steer": 0.0
        },
        {
            "throttle": 0.12942769282623304,
            "brake": 0.3051936326595329,
            "steer": 0.0
        },
        {
            "throttle": 0.12705537124397798,
            "brake": 0.27467426939357964,
            "steer": 0.0
        },
        {
            "throttle": 0.1243090821695042,
            "brake": 0.24720684245422167,
            "steer": 0.0
        },
        {
            "throttle": 0.12155577572914494,
            "brake": 0.2224861582087995,
            "steer": 0.0
        },
        {
            "throttle": 0.11913029126885225,
            "brake": 0.20023754238791955,
            "steer": 0.0
        },
        {
            "throttle": 0.11733312982164258,
            "brake": 0.18021378814912759,
            "steer": 0.0
        },
        {
            "throttle": 0.11642846323463747,
            "brake": 0.16219240933421483,
            "steer": 0.0
        },
        {
            "throttle": 0.11664244458526,
            "brake": 0.14597316840079336,
            "steer": 0.0
        },
        {
            "throttle": 0.11816187638969683,
            "brake": 0.13137585156071402,
            "steer": 0.0
        },
        {
            "throttle": 0.12113328438285892,
            "brake": 0.11823826640464262,
            "steer": 0.0
        },
        {
            "throttle": 0.1256624354375405,
            "brake": 0.10641443976417836,
            "steer": 0.0
        },
        {
            "throttle": 0.13181432861221543,
            "brake": 0.09577299578776052,
            "steer": 0.0
        },
        {
            "throttle": 0.13961367850172168,
            "brake": 0.08619569620898447,
            "steer": 0.0
        },
        {
            "throttle": 0.14904590014923358,
            "brake": 0.07757612658808602,
            "steer": 0.0
        },
        {
            "throttle": 0.1600585949016607,
            "brake": 0.06981851392927742,
            "steer": 0.0
        },
        {
            "throttle": 0.1725635268956657,
            "brake": 0.06283666253634967,
            "steer": 0.0
        },
        {
            "throttle": 0.1864390704885339,
            "brake": 0.05655299628271471,
            "steer": 0.0
        },
        {
            "throttle": 0.20153310003430347,
            "brake": 0.050897696654443235,
            "steer": 0.0
        },
        {
            "throttle": 0.2176662850820902,
            "brake": 0.04580792698899891,
            "steer": 0.0
        },
        {
            "throttle": 0.23463574646340749,
            "brake": 0.04122713429009902,
            "steer": 0.0
        },
        {
            "throttle": 0.2522190219511219,
            "brake": 0.037104420861089116,
            "steer": 0.0
        },
        {
            "throttle": 0.2701782843148079,
            "brake": 0.0333939787749802,
            "steer": 0.0
        },
        {
            "throttle": 0.2882647497519152,
            "brake": 0.030054580897482183,
            "steer": 0.0
        },
        {
            "throttle": 0.3062232109120149,
            "brake": 0.027049122807733965,
            "steer": 0.0
        },
        {
            "throttle": 0.3237966261063087,
            "brake": 0.02434421052696057,
            "steer": 0.0
        },
        {
            "throttle": 0.34073069484266016,
            "brake": 0.021909789474264516,
            "steer": 0.0
        },
        {
            "throttle": 0.3567783495652999,
            "brake": 0.019718810526838066,
            "steer": 0.0
        },
        {
            "throttle": 0.3717040944069463,
            "brake": 0.01774692947415426,
            "steer": 0.0
        },
        {
            "throttle": 0.38528812385941097,
            "brake": 0.015972236526738834,
            "steer": 0.0
        },
        {
            "throttle": 0.39733015749832823,
            "brake": 0.01437501287406495,
            "steer": 0.0
        },
        {
            "throttle": 0.40765293120196566,
            "brake": 0.012937511586658455,
            "steer": 0.0
        },
        {
            "throttle": 0.4161052906095592,
            "brake": 0.01164376042799261,
            "steer": 0.0
        },
        {
            "throttle": 0.4225648387817419,
            "brake": 0.010479384385193349,
            "steer": 0.0
        },
        {
            "throttle": 0.4269400970503472,
            "brake": 0.009431445946674014,
            "steer": 0.0
        },
        {
            "throttle": 0.42917214576026264,
            "brake": 0.008488301352006613,
            "steer": 0.0
        },
        {
            "throttle": 0.42923571988419007,
            "brake": 0.007639471216805952,
            "steer": 0.0
        },
        {
            "throttle": 0.42713974319531145,
            "brake": 0.006875524095125356,
            "steer": 0.0
        },
        {
            "throttle": 0.4229272936694239,
            "brake": 0.006187971685612821,
            "steer": 0.0
        },
        {
            "throttle": 0.41667500190912626,
            "brake": 0.005569174517051539,
            "steer": 0.0
        },
        {
            "throttle": 0.4084918934881472,
            "brake": 0.005012257065346385,
            "steer": 0.0
        },
        {
            "throttle": 0.3985176950543194,
            "brake": 0.004511031358811747,
            "steer": 0.0
        },
        {
            "throttle": 0.3869206326582842,
            "brake": 0.004059928222930572,
            "steer": 0.0
        },
        {
            "throttle": 0.37389475895020136,
            "brake": 0.0036539354006375154,
            "steer": 0.0
        },
        {
            "throttle": 0.3596568534744834,
            "brake": 0.003288541860573764,
            "steer": 0.0
        },
        {
            "throttle": 0.3444429471684701,
            "brake": 0.0029596876745163875,
            "steer": 0.0
        },
        {
            "throttle": 0.3285045282222885,
            "brake": 0.0026637189070647486,
            "steer": 0.0
        },
        {
            "throttle": 0.31210449158468295,
            "brake": 0.002397347016358274,
            "steer": 0.0
        },
        {
            "throttle": 0.2955128985192375,
            "brake": 0.0021576123147224466,
            "steer": 0.0
        },
        {
            "throttle": 0.27900261565950696,
            "brake": 0.001941851083250202,
            "steer": 0.0
        },
        {
            "throttle": 0.2628449049300494,
            "brake": 0.0017476659749251818,
            "steer": 0.0
        },
        {
            "throttle": 0.2473050364615037,
            "brake": 0.0015728993774326637,
            "steer": 0.0
        },
        {
            "throttle": 0.23263799621886927,
            "brake": 0.0014156094396893973,
            "steer": 0.0
        },
        {
            "throttle": 0.21908435848929012,
            "brake": 0.0012740484957204576,
            "steer": 0.0
        },
        {
            "throttle": 0.20686639066417198,
            "brake": 0.0011466436461484118,
            "steer": 0.0
        },
        {
            "throttle": 0.19618445394419726,
            "brake": 0.0010319792815335707,
            "steer": 0.0
        },
        {
            "throttle": 0.18721375875641302,
            "brake": 0.0009287813533802136,
            "steer": 0.0
        },
        {
            "throttle": 0.18010152787857225,
            "brake": 0.0008359032180421923,
            "steer": 0.0
        },
        {
            "throttle": 0.17496461361138288,
            "brake": 0.000752312896237973,
            "steer": 0.0
        },
        {
            "throttle": 0.17188760793237443,
            "brake": 0.0006770816066141757,
            "steer": 0.0
        },
        {
            "throttle": 0.17092147652609974,
            "brake": 0.0006093734459527582,
            "steer": 0.0
        },
        {
            "throttle": 0.17208273904503285,
            "brake": 0.0005484361013574824,
            "steer": 0.0
        },
        {
            "throttle": 0.17535320905266022,
            "brake": 0.0004935924912217342,
            "steer": 0.0
        },
        {
            "throttle": 0.18068029797966623,
            "brake": 0.0004442332420995608,
            "steer": 0.0
        },
        {
            "throttle": 0.1879778782341134,
            "brake": 0.00039980991788960476,
            "steer": 0.0
        },
        {
            "throttle": 0.19712769149658965,
            "brake": 0.0003598289261006443,
            "steer": 0.0
        },
        {
            "throttle": 0.2079812793496153,
            "brake": 0.00032384603349057986,
            "steer": 0.0
        },
        {
            "throttle": 0.22036240488164832,
            "brake": 0.00029146143014152187,
            "steer": 0.0
        },
        {
            "throttle": 0.2340699259082161,
            "brake": 0.0002623152871273697,
            "steer": 0.0
        }
    ],
    "parameters": {
        "cloudiness": 70.25537832208437,
        "fog_density": 50.07601366752304,
        "initial_distance": 30.587735299500316,
        "initial_ego_velocity": 8.215244614366105,
        "initial_lead_velocity": 12.423640930525222,
        "lead_base_throttle": 0.30206363689520455,
        "lead_behavior_frequency": 0.20318722909932352,
        "lead_brake_duration": 12.780034479613734,
        "lead_brake_intensity": 0.7202514250405152,
        "lead_brake_probability": 0.224573282219166,
        "lead_throttle_variation": 0.20548477304465057,
        "precipitation": 44.83043637025021,
        "precipitation_deposits": 71.9225079095724,
        "sun_altitude_angle": 0.11890020129083112,
        "wind_intensity": 23.378501633384296
    },
    "config": {
        "num_timesteps": 200,
        "dt": 0.1,
        "seed": 203
    }
}