{
    "weather": {
        "cloudiness": 91.75849889796407,
        "precipitation": 6.128292506328714,
        "precipitation_deposits": 23.12994924438544,
        "wind_intensity": 42.08830612357601,
        "sun_altitude_angle": -27.380937500370237,
        "fog_density": 55.94803718137396,
        "fog_distance": 154.90634465531087,
        "wetness": 3.064146253164357
    },
    "initial_conditions": {
        "ego": {
            "position": {
                "x": 532.3464500420984,
                "y": 20.57,
                "z": 0.294
            },
            "yaw": 0.0,
            "velocity": 9.4195079645141
        },
        "lead": {
            "position": {
                "x": 484.88,
                "y": 20.57,
                "z": 0.294
            },
            "yaw": 0.0,
            "velocity": 8.431529940383895
        }
    },
    "ego": {
        "position": {
            "x": 532.3464500420984,
            "y": 20.57,
            "z": 0.294
        },
        "yaw": 0.0,
        "velocity": 9.4195079645141
    },
    "lead": {
        "position": {
            "x": 484.88,
            "y": 20.57,
            "z": 0.294
        },
        "yaw": 0.0,
        "velocity": 8.431529940383895
    },
    "ado_actions": [
        {
            "throttle": 0.2827548453196237,
            "brake": 0.0,
            "steer": 0.0
        },
        {
            "throttle": 0.2828780307821015,
            "brake": 0.0,
            "steer": 0.0
        },
        {
            "throttle": 0.28311190502090544,
            "brake": 0.0,
            "steer": 0.0
        },
        {
            "throttle": 0.28344504313620533,
            "brake": 0.0,
            "steer": 0.0
        },
        {
            "throttle": 0.28386698535070787,
            "brake": 0.0,
            "steer": 0.0
        },
        {
            "throttle": 0.2843681412687441,
            "brake": 0.0,
            "steer": 0.0
        },
        {
            "throttle": 0.2849397039648252,
            "brake": 0.0,
            "steer": 0.0
        },
        {
            "throttle": 0.28557357291723606,
            "brake": 0.0,
            "steer": 0.0
        },
        {
            "throttle": 0.28626228490031025,
            "brake": 0.0,
            "steer": 0.0
        },
        {
            "throttle": 0.2869989520373021,
            "brake": 0.0,
            "steer": 0.0
        },
        {
            "throttle": 0.2877772062952185,
            "brake": 0.0,
            "steer": 0.0
        },
        {
            "throttle": 0.2885911497744794,
            "brake": 0.0,
            "steer": 0.0
        },
        {
            "throttle": 0.2894353102106354,
            "brake": 0.0,
            "steer": 0.0
        },
        {
            "throttle": 0.29030460116329965,
            "brake": 0.0,
            "steer": 0.0
        },
        {
            "throttle": 0.2911942864195924,
            "brake": 0.0,
            "steer": 0.0
        },
        {
            "throttle": 0.2920999481863295,
            "brake": 0.0,
            "steer": 0.0
        },
        {
            "throttle": 0.29301745868743,
            "brake": 0.0,
            "steer": 0.0
        },
        {
            "throttle": 0.2939429548210489,
            "brake": 0.0,
            "steer": 0.0
        },
        {
            "throttle": 0.29487281556517,
            "brake": 0.0,
            "steer": 0.0
        },
        {
            "throttle": 0.295803641851213,
            "brake": 0.0,
            "steer": 0.0
        },
        {
            "throttle": 0.29673223865295045,
            "brake": 0.0,
            "steer": 0.0
        },
        {
            "throttle": 0.29765559906300826,
            "brake": 0.0,
            "steer": 0.0
        },
        {
            "throttle": 0.29857089015171173,
            "brake": 0.0,
            "steer": 0.0
        },
        {
            "throttle": 0.2994754404232881,
            "brake": 0.0,
            "steer": 0.0
        },
        {
            "throttle": 0.3003667287026708,
            "brake": 0.0,
            "steer": 0.0
        },
        {
            "throttle": 0.30124237430257045,
            "brake": 0.0,
            "steer": 0.0
        },
        {
            "throttle": 0.30210012833526834,
            "brake": 0.0,
            "steer": 0.0
        },
        {
            "throttle": 0.30293786604690714,
            "brake": 0.0,
            "steer": 0.0
        },
        {
            "throttle": 0.3037535800640556,
            "brake": 0.0,
            "steer": 0.0
        },
        {
            "throttle": 0.30454537445313473,
            "brake": 0.0,
            "steer": 0.0
        },
        {
            "throttle": 0.30531145950303507,
            "brake": 0.0,
            "steer": 0.0
        },
        {
            "throttle": 0.3060501471500365,
            "brake": 0.0,
            "steer": 0.0
        },
        {
            "throttle": 0.30675984697205405,
            "brake": 0.0,
            "steer": 0.0
        },
        {
            "throttle": 0.3074390626863721,
            "brake": 0.0,
            "steer": 0.0
        },
        {
            "throttle": 0.308086389091461,
            "brake": 0.0,
            "steer": 0.0
        },
        {
            "throttle": 0.3087005093992784,
            "brake": 0.0,
            "steer": 0.0
        },
        {
            "throttle": 0.30928019290969183,
            "brake": 0.0,
            "steer": 0.0
        },
        {
            "throttle": 0.3098242929833892,
            "brake": 0.0,
            "steer": 0.0
        },
        {
            "throttle": 0.3103317452739094,
            "brake": 0.0,
            "steer": 0.0
        },
        {
            "throttle": 0.31080156618328214,
            "brake": 0.0,
            "steer": 0.0
        },
        {
            "throttle": 0.311232851509249,
            "brake": 0.0,
            "steer": 0.0
        },
        {
            "throttle": 0.3116247752551865,
            "brake": 0.0,
            "steer": 0.0
        },
        {
            "throttle": 0.31197658857670024,
            "brake": 0.0,
            "steer": 0.0
        },
        {
            "throttle": 0.3122876188414377,
            "brake": 0.0,
            "steer": 0.0
        },
        {
            "throttle": 0.3125572687809995,
            "brake": 0.0,
            "steer": 0.0
        },
        {
            "throttle": 0.31278501571594525,
            "brake": 0.0,
            "steer": 0.0
        },
        {
            "throttle": 0.3129704108368064,
            "brake": 0.0,
            "steer": 0.0
        },
        {
            "throttle": 0.31311307852575876,
            "brake": 0.0,
            "steer": 0.0
        },
        {
            "throttle": 0.3132127157051878,
            "brake": 0.0,
            "steer": 0.0
        },
        {
            "throttle": 0.3132690912008141,
            "brake": 0.0,
            "steer": 0.0
        },
        {
            "throttle": 0.3132820451083547,
            "brake": 0.0,
            "steer": 0.0
        },
        {
            "throttle": 0.3132514881538848,
            "brake": 0.0,
            "steer": 0.0
        },
        {
            "throttle": 0.3131774010391469,
            "brake": 0.0,
            "steer": 0.0
        },
        {
            "throttle": 0.313059833764047,
            "brake": 0.0,
            "steer": 0.0
        },
        {
            "throttle": 0.31289890491947947,
            "brake": 0.0,
            "steer": 0.0
        },
        {
            "throttle": 0.3126948009444477,
            "brake": 0.0,
            "steer": 0.0
        },
        {
            "throttle": 0.31244777534220786,
            "brake": 0.0,
            "steer": 0.0
        },
        {
            "throttle": 0.3121581478508546,
            "brake": 0.0,
            "steer": 0.0
        },
        {
            "throttle": 0.31182630356440594,
            "brake": 0.0,
            "steer": 0.0
        },
        {
            "throttle": 0.31145269200102965,
            "brake": 0.0,
            "steer": 0.0
        },
        {
            "throttle": 0.3110378261155941,
            "brake": 0.0,
            "steer": 0.0
        },
        {
            "throttle": 0.31058228125422177,
            "brake": 0.0,
            "steer": 0.0
        },
        {
            "throttle": 0.3100866940489838,
            "brake": 0.0,
            "steer": 0.0
        },
        {
            "throttle": 0.30955176125129763,
            "brake": 0.0,
            "steer": 0.0
        },
        {
            "throttle": 0.30897823850298106,
            "brake": 0.0,
            "steer": 0.0
        },
        {
            "throttle": 0.30836693904428103,
            "brake": 0.0,
            "steer": 0.0
        },
        {
            "throttle": 0.3077187323585316,
            "brake": 0.0,
            "steer": 0.0
        },
        {
            "throttle": 0.3070345427534085,
            "brake": 0.0,
            "steer": 0.0
        },
        {
            "throttle": 0.3063153478790397,
            "brake": 0.0,
            "steer": 0.0
        },
        {
            "throttle": 0.3055621771834997,
            "brake": 0.0,
            "steer": 0.0
        },
        {
            "throttle": 0.3047761103064707,
            "brake": 0.0,
            "steer": 0.0
        },
        {
            "throttle": 0.3039582754120847,
            "brake": 0.0,
            "steer": 0.0
        },
        {
            "throttle": 0.27356244787087625,
            "brake": 0.0648094396638527,
            "steer": 0.0
        },
        {
            "throttle": 0.24620620308378863,
            "brake": 0.12313793536132014,
            "steer": 0.0
        },
        {
            "throttle": 0.22158558277540977,
            "brake": 0.17563358148904085,
            "steer": 0.0
        },
        {
            "throttle": 0.19942702449786878,
            "brake": 0.22287966300398948,
            "steer": 0.0
        },
        {
            "throttle": 0.1794843220480819,
            "brake": 0.2654011363674432,
            "steer": 0.0
        },
        {
            "throttle": 0.16153588984327372,
            "brake": 0.3036704623945516,
            "steer": 0.0
        },
        {
            "throttle": 0.14538230085894635,
            "brake": 0.3381128558189492,
            "steer": 0.0
        },
        {
            "throttle": 0.1308440707730517,
            "brake": 0.369111009900907,
            "steer": 0.0
        },
        {
            "throttle": 0.11775966369574654,
            "brake": 0.397009348574669,
            "steer": 0.0
        },
        {
            "throttle": 0.1059836973261719,
            "brake": 0.42211785338105484,
            "steer": 0.0
        },
        {
            "throttle": 0.09538532759355471,
            "brake": 0.44471550770680207,
            "steer": 0.0
        },
        {
            "throttle": 0.08584679483419924,
            "brake": 0.4650533965999746,
            "steer": 0.0
        },
        {
            "throttle": 0.07726211535077931,
            "brake": 0.4833574966038299,
            "steer": 0.0
        },
        {
            "throttle": 0.06953590381570139,
            "brake": 0.49983118660729964,
            "steer": 0.0
        },
        {
            "throttle": 0.06258231343413126,
            "brake": 0.5146575076104224,
            "steer": 0.0
        },
        {
            "throttle": 0.05632408209071813,
            "brake": 0.5280011965132329,
            "steer": 0.0
        },
        {
            "throttle": 0.05069167388164632,
            "brake": 0.5400105165257623,
            "steer": 0.0
        },
        {
            "throttle": 0.07311814981378412,
            "brake": 0.486009464873186,
            "steer": 0.0
        },
        {
            "throttle": 0.09318297814676199,
            "brake": 0.4374085183858674,
            "steer": 0.0
        },
        {
            "throttle": 0.11112362346504426,
            "brake": 0.3936676665472807,
            "steer": 0.0
        },
        {
            "throttle": 0.12715397410222506,
            "brake": 0.35430089989255265,
            "steer": 0.0
        },
        {
            "throttle": 0.14146669764028524,
            "brake": 0.3188708099032974,
            "steer": 0.0
        },
        {
            "throttle": 0.15423536061585838,
            "brake": 0.2869837289129677,
            "steer": 0.0
        },
        {
            "throttle": 0.16561633601623113,
            "brake": 0.2582853560216709,
            "steer": 0.0
        },
        {
            "throttle": 0.1757505197898766,
            "brake": 0.23245682041950383,
            "steer": 0.0
        },
        {
            "throttle": 0.1847648754741804,
            "brake": 0.20921113837755345,
            "steer": 0.0
        },
        {
            "throttle": 0.19277382413308916,
            "brake": 0.18829002453979812,
            "steer": 0.0
        },
        {
            "throttle": 0.19988049507846595,
            "brake": 0.1694610220858183,
            "steer": 0.0
        },
        {
            "throttle": 0.2061778513018812,
            "brake": 0.15251491987723648,
            "steer": 0.0
        },
        {
            "throttle": 0.21174970215120875,
            "brake": 0.13726342788951285,
            "steer": 0.0
        },
        {
            "throttle": 0.2166716145332665,
            "brake": 0.12353708510056156,
            "steer": 0.0
        },
        {
            "throttle": 0.22101173279591602,
            "brake": 0.11118337659050541,
            "steer": 0.0
        },
        {
            "throttle": 0.22483151642798227,
            "brake": 0.10006503893145487,
            "steer": 0.0
        },
        {
            "throttle": 0.22818640380180077,
            "brake": 0.09005853503830938,
            "steer": 0.0
        },
        {
            "throttle": 0.23112640936098827,
            "brake": 0.08105268153447845,
            "steer": 0.0
        },
        {
            "throttle": 0.23369666091603547,
            "brake": 0.07294741338103061,
            "steer": 0.0
        },
        {
            "throttle": 0.23593788304431046,
            "brake": 0.06565267204292756,
            "steer": 0.0
        },
        {
            "throttle": 0.2378868319916434,
            "brake": 0.059087404838634804,
            "steer": 0.0
        },
        {
            "throttle": 0.23957668693317455,
            "brake": 0.053178664354771324,
            "steer": 0.0
        },
        {
            "throttle": 0.2410374019655978,
            "brake": 0.04786079791929419,
            "steer": 0.0
        },
        {
            "throttle": 0.24229602276592396,
            "brake": 0.043074718127364776,
            "steer": 0.0
        },
        {
            "throttle": 0.24337697145857065,
            "brake": 0.0387672463146283,
            "steer": 0.0
        },
        {
            "throttle": 0.24430230287858634,
            "brake": 0.03489052168316547,
            "steer": 0.0
        },
        {
            "throttle": 0.2450919351002048,
            "brake": 0.03140146951484892,
            "steer": 0.0
        },
        {
            "throttle": 0.24576385681316343,
            "brake": 0.02826132256336403,
            "steer": 0.0
        },
        {
            "throttle": 0.24633431387111937,
            "brake": 0.02543519030702763,
            "steer": 0.0
        },
        {
            "throttle": 0.2468179771041941,
            "brake": 0.022891671276324868,
            "steer": 0.0
        },
        {
            "throttle": 0.2472280932785916,
            "brake": 0.020602504148692382,
            "steer": 0.0
        },
        {
            "throttle": 0.2475766208980444,
            "brake": 0.018542253733823143,
            "steer": 0.0
        },
        {
            "throttle": 0.24787435237245614,
            "brake": 0.01668802836044083,
            "steer": 0.0
        },
        {
            "throttle": 0.24813102392664832,
            "brake": 0.015019225524396747,
            "steer": 0.0
        },
        {
            "throttle": 0.2233179215339835,
            "brake": 0.07832674263580977,
            "steer": 0.0
        },
        {
            "throttle": 0.20098612938058516,
            "brake": 0.1353035080360815,
            "steer": 0.0
        },
        {
            "throttle": 0.18088751644252665,
            "brake": 0.18658259689632606,
            "steer": 0.0
        },
        {
            "throttle": 0.162798764798274,
            "brake": 0.23273377687054614,
            "steer": 0.0
        },
        {
            "throttle": 0.1465188883184466,
            "brake": 0.27426983884734424,
            "steer": 0.0
        },
        {
            "throttle": 0.13186699948660194,
            "brake": 0.31165229462646254,
            "steer": 0.0
        },
        {
            "throttle": 0.11868029953794175,
            "brake": 0.345296504827669,
            "steer": 0.0
        },
        {
            "throttle": 0.10681226958414758,
            "brake": 0.3755762940087548,
            "steer": 0.0
        },
        {
            "throttle": 0.09613104262573283,
            "brake": 0.40282810427173205,
            "steer": 0.0
        },
        {
            "throttle": 0.08651793836315955,
            "brake": 0.4273547335084116,
            "steer": 0.0
        },
        {
            "throttle": 0.0778661445268436,
            "brake": 0.44942869982142314,
            "steer": 0.0
        },
        {
            "throttle": 0.07007953007415924,
            "brake": 0.46929526950313355,
            "steer": 0.0
        },
        {
            "throttle": 0.06307157706674331,
            "brake": 0.48717518221667294,
            "steer": 0.0
        },
        {
            "throttle": 0.05676441936006898,
            "brake": 0.5032671036588583,
            "steer": 0.0
        },
        {
            "throttle": 0.051087977424062084,
            "brake": 0.5177498329568252,
            "steer": 0.0
        },
        {
            "throttle": 0.04597917968165588,
            "brake": 0.5307842893249953,
            "steer": 0.0
        },
        {
            "throttle": 0.04138126171349029,
            "brake": 0.5425153000563485,
            "steer": 0.0
        },
        {
            "throttle": 0.03724313554214126,
            "brake": 0.5530732097145664,
            "steer": 0.0
        },
        {
            "throttle": 0.03351882198792713,
            "brake": 0.5625753284069624,
            "steer": 0.0
        },
        {
            "throttle": 0.03016693978913442,
            "brake": 0.5711272352301189,
            "steer": 0.0
        },
        {
            "throttle": 0.02715024581022098,
            "brake": 0.5788239513709597,
            "steer": 0.0
        },
        {
            "throttle": 0.024435221229198882,
            "brake": 0.5857509958977164,
            "steer": 0.0
        },
        {
            "throttle": 0.021991699106278996,
            "brake": 0.5919853359717975,
            "steer": 0.0
        },
        {
            "throttle": 0.019792529195651096,
            "brake": 0.5975962420384704,
            "steer": 0.0
        },
        {
            "throttle": 0.017813276276085987,
            "brake": 0.602646057498476,
            "steer": 0.0
        },
        {
            "throttle": 0.016031948648477387,
            "brake": 0.6071908914124811,
            "steer": 0.0
        },
        {
            "throttle": 0.014428753783629648,
            "brake": 0.6112812419350856,
            "steer": 0.0
        },
        {
            "throttle": 0.012985878405266684,
            "brake": 0.6149625574054297,
            "steer": 0.0
        },
        {
            "throttle": 0.011687290564740016,
            "brake": 0.6182757413287394,
            "steer": 0.0
        },
        {
            "throttle": 0.010518561508266015,
            "brake": 0.6212576068597182,
            "steer": 0.0
        },
        {
            "throttle": 0.009466705357439414,
            "brake": 0.6239412858375991,
            "steer": 0.0
        },
        {
            "throttle": 0.008520034821695473,
            "brake": 0.6263565969176919,
            "steer": 0.0
        },
        {
            "throttle": 0.007668031339525926,
            "brake": 0.6285303768897753,
            "steer": 0.0
        },
        {
            "throttle": 0.006901228205573333,
            "brake": 0.6304867788646504,
            "steer": 0.0
        },
        {
            "throttle": 0.033490614089511817,
            "brake": 0.5674381009781854,
            "steer": 0.0
        },
        {
            "throttle": 0.05753900218087943,
            "brake": 0.5106942908803669,
            "steer": 0.0
        },
        {
            "throttle": 0.07930176199541845,
            "brake": 0.4596248617923302,
            "steer": 0.0
        },
        {
            "throttle": 0.09900855370558499,
            "brake": 0.4136623756130972,
            "steer": 0.0
        },
        {
            "throttle": 0.11686589748799468,
            "brake": 0.3722961380517875,
            "steer": 0.0
        },
        {
            "throttle": 0.13305948618771649,
            "brake": 0.33506652424660877,
            "steer": 0.0
        },
        {
            "throttle": 0.1477562669696603,
            "brake": 0.3015598718219479,
            "steer": 0.0
        },
        {
            "throttle": 0.16110631505991369,
            "brake": 0.2714038846397531,
            "steer": 0.0
        },
        {
            "throttle": 0.1732445203692282,
            "brake": 0.2442634961757778,
            "steer": 0.0
        },
        {
            "throttle": 0.18429210571126506,
            "brake": 0.21983714655820003,
            "steer": 0.0
        },
        {
            "throttle": 0.1943579934565775,
            "brake": 0.19785343190238003,
            "steer": 0.0
        },
        {
            "throttle": 0.20354003577883653,
            "brake": 0.17806808871214203,
            "steer": 0.0
        },
        {
            "throttle": 0.21192612213378395,
            "brake": 0.16026127984092783,
            "steer": 0.0
        },
        {
            "throttle": 0.21959517624697555,
            "brake": 0.14423515185683505,
            "steer": 0.0
        },
        {
            "throttle": 0.22661805365840038,
            "brake": 0.12981163667115156,
            "steer": 0.0
        },
        {
            "throttle": 0.23305834976688308,
            "brake": 0.1168304730040364,
            "steer": 0.0
        },
        {
            "throttle": 0.23897312732251869,
            "brake": 0.10514742570363277,
            "steer": 0.0
        },
        {
            "throttle": 0.24441357142019854,
            "brake": 0.09463268313326949,
            "steer": 0.0
        },
        {
            "throttle": 0.24942557924161846,
            "brake": 0.08516941481994254,
            "steer": 0.0
        },
        {
            "throttle": 0.25405029106806265,
            "brake": 0.0766524733379483,
            "steer": 0.0
        },
        {
            "throttle": 0.2583245684336737,
            "brake": 0.06898722600415347,
            "steer": 0.0
        },
        {
            "throttle": 0.262281424701597,
            "brake": 0.06208850340373812,
            "steer": 0.0
        },
        {
            "throttle": 0.265950412816807,
            "brake": 0.05587965306336431,
            "steer": 0.0
        },
        {
            "throttle": 0.2693579745137002,
            "brake": 0.05029168775702788,
            "steer": 0.0
        },
        {
            "throttle": 0.2725277548284013,
            "brake": 0.04526251898132509,
            "steer": 0.0
        },
        {
            "throttle": 0.2754808853804066,
            "brake": 0.040736267083192584,
            "steer": 0.0
        },
        {
            "throttle": 0.2782362395414075,
            "brake": 0.03666264037487333,
            "steer": 0.0
        },
        {
            "throttle": 0.2808106622970427,
            "brake": 0.032996376337385995,
            "steer": 0.0
        },
        {
            "throttle": 0.28321917732644664,
            "brake": 0.029696738703647398,
            "steer": 0.0
        },
        {
            "throttle": 0.2854751735716833,
            "brake": 0.02672706483328266,
            "steer": 0.0
        },
        {
            "throttle": 0.28759057334165716,
            "brake": 0.024054358349954393,
            "steer": 0.0
        },
        {
            "throttle": 0.28957598379035737,
            "brake": 0.021648922514958955,
            "steer": 0.0
        },
        {
            "throttle": 0.2914408334250399,
            "brake": 0.01948403026346306,
            "steer": 0.0
        },
        {
            "throttle": 0.2931934951341327,
            "brake": 0.017535627237116755,
            "steer": 0.0
        },
        {
            "throttle": 0.294841397075426,
            "brake": 0.01578206451340508,
            "steer": 0.0
        },
        {
            "throttle": 0.2963911226308166,
            "brake": 0.014203858062064574,
            "steer": 0.0
        },
        {
            "throttle": 0.2978485005130228,
            "brake": 0.012783472255858117,
            "steer": 0.0
        },
        {
            "throttle": 0.2992186860009336,
            "brake": 0.011505125030272305,
            "steer": 0.0
        },
        {
            "throttle": 0.3005062341823865,
            "brake": 0.010354612527245075,
            "steer": 0.0
        },
        {
            "throttle": 0.3017151659950996,
            "brake": 0.009319151274520567,
            "steer": 0.0
        },
        {
            "throttle": 0.3028490277772352,
            "brake": 0.008387236147068511,
            "steer": 0.0
        },
        {
            "throttle": 0.30391094496775783,
            "brake": 0.00754851253236166,
            "steer": 0.0
        },
        {
            "throttle": 0.3049036705325839,
            "brake": 0.006793661279125495,
            "steer": 0.0
        }
    ],
    "parameters": {
        "cloudiness": 91.75849889796407,
        "fog_density": 55.94803718137396,
        "initial_distance": 47.46645004209835,
        "initial_ego_velocity": 9.4195079645141,
        "initial_lead_velocity": 8.431529940383895,
        "lead_base_throttle": 0.2827548453196237,
        "lead_behavior_frequency": 0.0605267257594795,
        "lead_brake_duration": 17.49537595384979,
        "lead_brake_intensity": 0.6480943966385271,
        "lead_brake_probability": 0.18663723138339208,
        "lead_throttle_variation": 0.032399409846047125,
        "precipitation": 6.128292506328714,
        "precipitation_deposits": 23.12994924438544,
        "sun_altitude_angle": -27.380937500370237,
        "wind_intensity": 42.08830612357601
    },
    "config": {
        "num_timesteps": 200,
        "dt": 0.1,
        "seed": 76
    }
}