{
    "weather": {
        "cloudiness": 56.74293924814084,
        "precipitation": 79.92389258608902,
        "precipitation_deposits": 9.851057992820689,
        "wind_intensity": 24.833745594536005,
        "sun_altitude_angle": 62.22005263145978,
        "fog_density": 14.09898692260203,
        "fog_distance": 625.0233744947918,
        "wetness": 39.96194629304451
    },
    "initial_conditions": {
        "ego": {
            "position": {
                "x": 538.6418816286945,
                "y": 20.57,
                "z": 0.294
            },
            "yaw": 0.0,
            "velocity": 19.390830303353972
        },
        "lead": {
            "position": {
                "x": 484.88,
                "y": 20.57,
                "z": 0.294
            },
            "yaw": 0.0,
            "velocity": 8.307254109419613
        }
    },
    "ego": {
        "position": {
            "x": 538.6418816286945,
            "y": 20.57,
            "z": 0.294
        },
        "yaw": 0.0,
        "velocity": 19.390830303353972
    },
    "lead": {
        "position": {
            "x": 484.88,
            "y": 20.57,
            "z": 0.294
        },
        "yaw": 0.0,
        "velocity": 8.307254109419613
    },
    "ado_actions": [
        {
            "throttle": 0.5212971635870143,
            "brake": 0.0,
            "steer": 0.0
        },
        {
            "throttle": 0.5257012514462526,
            "brake": 0.0,
            "steer": 0.0
        },
        {
            "throttle": 0.533952408083748,
            "brake": 0.0,
            "steer": 0.0
        },
        {
            "throttle": 0.5454357936086812,
            "brake": 0.0,
            "steer": 0.0
        },
        {
            "throttle": 0.5594906228035553,
            "brake": 0.0,
            "steer": 0.0
        },
        {
            "throttle": 0.5754236975445748,
            "brake": 0.0,
            "steer": 0.0
        },
        {
            "throttle": 0.5925241938104503,
            "brake": 0.0,
            "steer": 0.0
        },
        {
            "throttle": 0.6100792721162589,
            "brake": 0.0,
            "steer": 0.0
        },
        {
            "throttle": 0.6273900623702314,
            "brake": 0.0,
            "steer": 0.0
        },
        {
            "throttle": 0.6437875678047792,
            "brake": 0.0,
            "steer": 0.0
        },
        {
            "throttle": 0.6586480379863823,
            "brake": 0.0,
            "steer": 0.0
        },
        {
            "throttle": 0.6714073778560747,
            "brake": 0.0,
            "steer": 0.0
        },
        {
            "throttle": 0.6815741878765667,
            "brake": 0.0,
            "steer": 0.0
        },
        {
            "throttle": 0.6887410689477556,
            "brake": 0.0,
            "steer": 0.0
        },
        {
            "throttle": 0.692593873803855,
            "brake": 0.0,
            "steer": 0.0
        },
        {
            "throttle": 0.6929186428737107,
            "brake": 0.0,
            "steer": 0.0
        },
        {
            "throttle": 0.6896060256022906,
            "brake": 0.0,
            "steer": 0.0
        },
        {
            "throttle": 0.6826530563462496,
            "brake": 0.0,
            "steer": 0.0
        },
        {
            "throttle": 0.6721622253834261,
            "brake": 0.0,
            "steer": 0.0
        },
        {
            "throttle": 0.6583378584392356,
            "brake": 0.0,
            "steer": 0.0
        },
        {
            "throttle": 0.6414798905167839,
            "brake": 0.0,
            "steer": 0.0
        },
        {
            "throttle": 0.6219751898179813,
            "brake": 0.0,
            "steer": 0.0
        },
        {
            "throttle": 0.6002866533177611,
            "brake": 0.0,
            "steer": 0.0
        },
        {
            "throttle": 0.5769403553711782,
            "brake": 0.0,
            "steer": 0.0
        },
        {
            "throttle": 0.5525110830189333,
            "brake": 0.0,
            "steer": 0.0
        },
        {
            "throttle": 0.5276066350344798,
            "brake": 0.0,
            "steer": 0.0
        },
        {
            "throttle": 0.5028512950841247,
            "brake": 0.0,
            "steer": 0.0
        },
        {
            "throttle": 0.4788689117745911,
            "brake": 0.0,
            "steer": 0.0
        },
        {
            "throttle": 0.45626602925313375,
            "brake": 0.0,
            "steer": 0.0
        },
        {
            "throttle": 0.435615511120483,
            "brake": 0.0,
            "steer": 0.0
        },
        {
            "throttle": 0.4174410877454143,
            "brake": 0.0,
            "steer": 0.0
        },
        {
            "throttle": 0.4022032329714504,
            "brake": 0.0,
            "steer": 0.0
        },
        {
            "throttle": 0.39028674132307417,
            "brake": 0.0,
            "steer": 0.0
        },
        {
            "throttle": 0.3819903320779936,
            "brake": 0.0,
            "steer": 0.0
        },
        {
            "throttle": 0.3775185531612674,
            "brake": 0.0,
            "steer": 0.0
        },
        {
            "throttle": 0.3769761971534979,
            "brake": 0.0,
            "steer": 0.0
        },
        {
            "throttle": 0.3803653753976332,
            "brake": 0.0,
            "steer": 0.0
        },
        {
            "throttle": 0.38758532599516987,
            "brake": 0.0,
            "steer": 0.0
        },
        {
            "throttle": 0.3984349592633577,
            "brake": 0.0,
            "steer": 0.0
        },
        {
            "throttle": 0.4126180718944501,
            "brake": 0.0,
            "steer": 0.0
        },
        {
            "throttle": 0.4297510905329425,
            "brake": 0.0,
            "steer": 0.0
        },
        {
            "throttle": 0.44937313863596023,
            "brake": 0.0,
            "steer": 0.0
        },
        {
            "throttle": 0.4709581590769079,
            "brake": 0.0,
            "steer": 0.0
        },
        {
            "throttle": 0.49392877062027557,
            "brake": 0.0,
            "steer": 0.0
        },
        {
            "throttle": 0.5176714905758,
            "brake": 0.0,
            "steer": 0.0
        },
        {
            "throttle": 0.5415529198472041,
            "brake": 0.0,
            "steer": 0.0
        },
        {
            "throttle": 0.5649364611810319,
            "brake": 0.0,
            "steer": 0.0
        },
        {
            "throttle": 0.5871991273682605,
            "brake": 0.0,
            "steer": 0.0
        },
        {
            "throttle": 0.6077479938282085,
            "brake": 0.0,
            "steer": 0.0
        },
        {
            "throttle": 0.6260358594729454,
            "brake": 0.0,
            "steer": 0.0
        },
        {
            "throttle": 0.6415757007607994,
            "brake": 0.0,
            "steer": 0.0
        },
        {
            "throttle": 0.653953535843904,
            "brake": 0.0,
            "steer": 0.0
        },
        {
            "throttle": 0.6628393578502723,
            "brake": 0.0,
            "steer": 0.0
        },
        {
            "throttle": 0.6679958475004414,
            "brake": 0.0,
            "steer": 0.0
        },
        {
            "throttle": 0.6692846340880694,
            "brake": 0.0,
            "steer": 0.0
        },
        {
            "throttle": 0.6666699387956657,
            "brake": 0.0,
            "steer": 0.0
        },
        {
            "throttle": 0.6602195036517131,
            "brake": 0.0,
            "steer": 0.0
        },
        {
            "throttle": 0.6501027813282152,
            "brake": 0.0,
            "steer": 0.0
        },
        {
            "throttle": 0.6365864335248892,
            "brake": 0.0,
            "steer": 0.0
        },
        {
            "throttle": 0.6200272569671522,
            "brake": 0.0,
            "steer": 0.0
        },
        {
            "throttle": 0.6008627241725716,
            "brake": 0.0,
            "steer": 0.0
        },
        {
            "throttle": 0.5795993893108806,
            "brake": 0.0,
            "steer": 0.0
        },
        {
            "throttle": 0.5567994660235652,
            "brake": 0.0,
            "steer": 0.0
        },
        {
            "throttle": 0.5330659324834668,
            "brake": 0.0,
            "steer": 0.0
        },
        {
            "throttle": 0.5090265579810602,
            "brake": 0.0,
            "steer": 0.0
        },
        {
            "throttle": 0.4853172738893748,
            "brake": 0.0,
            "steer": 0.0
        },
        {
            "throttle": 0.46256532922768867,
            "brake": 0.0,
            "steer": 0.0
        },
        {
            "throttle": 0.4413726767553819,
            "brake": 0.0,
            "steer": 0.0
        },
        {
            "throttle": 0.4223000294305367,
            "brake": 0.0,
            "steer": 0.0
        },
        {
            "throttle": 0.4058520093245407,
            "brake": 0.0,
            "steer": 0.0
        },
        {
            "throttle": 0.3924637821639527,
            "brake": 0.0,
            "steer": 0.0
        },
        {
            "throttle": 0.3824895313400285,
            "brake": 0.0,
            "steer": 0.0
        },
        {
            "throttle": 0.37619307652603146,
            "brake": 0.0,
            "steer": 0.0
        },
        {
            "throttle": 0.37374088526229066,
            "brake": 0.0,
            "steer": 0.0
        },
        {
            "throttle": 0.3751976625123741,
            "brake": 0.0,
            "steer": 0.0
        },
        {
            "throttle": 0.3805246349383034,
            "brake": 0.0,
            "steer": 0.0
        },
        {
            "throttle": 0.38958057529573026,
            "brake": 0.0,
            "steer": 0.0
        },
        {
            "throttle": 0.40212553980056887,
            "brake": 0.0,
            "steer": 0.0
        },
        {
            "throttle": 0.4178272194877099,
            "brake": 0.0,
            "steer": 0.0
        },
        {
            "throttle": 0.4362697373720708,
            "brake": 0.0,
            "steer": 0.0
        },
        {
            "throttle": 0.45696465846493184,
            "brake": 0.0,
            "steer": 0.0
        },
        {
            "throttle": 0.4793639211089079,
            "brake": 0.0,
            "steer": 0.0
        },
        {
            "throttle": 0.502874347224361,
            "brake": 0.0,
            "steer": 0.0
        },
        {
            "throttle": 0.5268733472555168,
            "brake": 0.0,
            "steer": 0.0
        },
        {
            "throttle": 0.5507254039729207,
            "brake": 0.0,
            "steer": 0.0
        },
        {
            "throttle": 0.5737988986676988,
            "brake": 0.0,
            "steer": 0.0
        },
        {
            "throttle": 0.5954828342084004,
            "brake": 0.0,
            "steer": 0.0
        },
        {
            "throttle": 0.6152030121630023,
            "brake": 0.0,
            "steer": 0.0
        },
        {
            "throttle": 0.6324372356446465,
            "brake": 0.0,
            "steer": 0.0
        },
        {
            "throttle": 0.6467291353370919,
            "brake": 0.0,
            "steer": 0.0
        },
        {
            "throttle": 0.6577002526116564,
            "brake": 0.0,
            "steer": 0.0
        },
        {
            "throttle": 0.6650600597963332,
            "brake": 0.0,
            "steer": 0.0
        },
        {
            "throttle": 0.6686136522778826,
            "brake": 0.0,
            "steer": 0.0
        },
        {
            "throttle": 0.6682669087628175,
            "brake": 0.0,
            "steer": 0.0
        },
        {
            "throttle": 0.6640289830610864,
            "brake": 0.0,
            "steer": 0.0
        },
        {
            "throttle": 0.6560120614119276,
            "brake": 0.0,
            "steer": 0.0
        },
        {
            "throttle": 0.6444283917740015,
            "brake": 0.0,
            "steer": 0.0
        },
        {
            "throttle": 0.6295846637344656,
            "brake": 0.0,
            "steer": 0.0
        },
        {
            "throttle": 0.6118738878415857,
            "brake": 0.0,
            "steer": 0.0
        },
        {
            "throttle": 0.5917649893753573,
            "brake": 0.0,
            "steer": 0.0
        },
        {
            "throttle": 0.5697903920873785,
            "brake": 0.0,
            "steer": 0.0
        },
        {
            "throttle": 0.5465319206625058,
            "brake": 0.0,
            "steer": 0.0
        },
        {
            "throttle": 0.5226053951714683,
            "brake": 0.0,
            "steer": 0.0
        },
        {
            "throttle": 0.49864432541692305,
            "brake": 0.0,
            "steer": 0.0
        },
        {
            "throttle": 0.4752831369083771,
            "brake": 0.0,
            "steer": 0.0
        },
        {
            "throttle": 0.45314037260296003,
            "brake": 0.0,
            "steer": 0.0
        },
        {
            "throttle": 0.43280231519082296,
            "brake": 0.0,
            "steer": 0.0
        },
        {
            "throttle": 0.4148074635689872,
            "brake": 0.0,
            "steer": 0.0
        },
        {
            "throttle": 0.39963227453059086,
            "brake": 0.0,
            "steer": 0.0
        },
        {
            "throttle": 0.38767854719653144,
            "brake": 0.0,
            "steer": 0.0
        },
        {
            "throttle": 0.3792627842204802,
            "brake": 0.0,
            "steer": 0.0
        },
        {
            "throttle": 0.3746078114578304,
            "brake": 0.0,
            "steer": 0.0
        },
        {
            "throttle": 0.37383687799018706,
            "brake": 0.0,
            "steer": 0.0
        },
        {
            "throttle": 0.37697039272285926,
            "brake": 0.0,
            "steer": 0.0
        },
        {
            "throttle": 0.38392538396237547,
            "brake": 0.0,
            "steer": 0.0
        },
        {
            "throttle": 0.3945176962827349,
            "brake": 0.0,
            "steer": 0.0
        },
        {
            "throttle": 0.4084668665119331,
            "brake": 0.0,
            "steer": 0.0
        },
        {
            "throttle": 0.4254035497332892,
            "brake": 0.0,
            "steer": 0.0
        },
        {
            "throttle": 0.4448792986775085,
            "brake": 0.0,
            "steer": 0.0
        },
        {
            "throttle": 0.4663784375689791,
            "brake": 0.0,
            "steer": 0.0
        },
        {
            "throttle": 0.48933171603341585,
            "brake": 0.0,
            "steer": 0.0
        },
        {
            "throttle": 0.5131313815419865,
            "brake": 0.0,
            "steer": 0.0
        },
        {
            "throttle": 0.5371472713074432,
            "brake": 0.0,
            "steer": 0.0
        },
        {
            "throttle": 0.5607434975550141,
            "brake": 0.0,
            "steer": 0.0
        },
        {
            "throttle": 0.583295284379608,
            "brake": 0.0,
            "steer": 0.0
        },
        {
            "throttle": 0.6042055103872412,
            "brake": 0.0,
            "steer": 0.0
        },
        {
            "throttle": 0.6229205191087781,
            "brake": 0.0,
            "steer": 0.0
        },
        {
            "throttle": 0.6389447785618262,
            "brake": 0.0,
            "steer": 0.0
        },
        {
            "throttle": 0.6518540018085976,
            "brake": 0.0,
            "steer": 0.0
        },
        {
            "throttle": 0.6613063811069074,
            "brake": 0.0,
            "steer": 0.0
        },
        {
            "throttle": 0.6670516381992806,
            "brake": 0.0,
            "steer": 0.0
        },
        {
            "throttle": 0.6689376511088809,
            "brake": 0.0,
            "steer": 0.0
        },
        {
            "throttle": 0.6669144819796016,
            "brake": 0.0,
            "steer": 0.0
        },
        {
            "throttle": 0.6610356993121448,
            "brake": 0.0,
            "steer": 0.0
        },
        {
            "throttle": 0.6514569595862085,
            "brake": 0.0,
            "steer": 0.0
        },
        {
            "throttle": 0.6384318858241609,
            "brake": 0.0,
            "steer": 0.0
        },
        {
            "throttle": 0.6223053522224771,
            "brake": 0.0,
            "steer": 0.0
        },
        {
            "throttle": 0.6035043526586777,
            "brake": 0.0,
            "steer": 0.0
        },
        {
            "throttle": 0.5825266948550312,
            "brake": 0.0,
            "steer": 0.0
        },
        {
            "throttle": 0.5599278195519846,
            "brake": 0.0,
            "steer": 0.0
        },
        {
            "throttle": 0.5363060936897919,
            "brake": 0.0,
            "steer": 0.0
        },
        {
            "throttle": 0.5122869670016313,
            "brake": 0.0,
            "steer": 0.0
        },
        {
            "throttle": 0.4885064115157999,
            "brake": 0.0,
            "steer": 0.0
        },
        {
            "throttle": 0.46559408245152123,
            "brake": 0.0,
            "steer": 0.0
        },
        {
            "throttle": 0.44415664636977825,
            "brake": 0.0,
            "steer": 0.0
        },
        {
            "throttle": 0.4247617180120423,
            "brake": 0.0,
            "steer": 0.0
        },
        {
            "throttle": 0.3822855462108381,
            "brake": 0.03970630380917537,
            "steer": 0.0
        },
        {
            "throttle": 0.3440569915897543,
            "brake": 0.0754419772374332,
            "steer": 0.0
        },
        {
            "throttle": 0.3096512924307789,
            "brake": 0.10760408332286525,
            "steer": 0.0
        },
        {
            "throttle": 0.278686163187701,
            "brake": 0.1365499787997541,
            "steer": 0.0
        },
        {
            "throttle": 0.25081754686893093,
            "brake": 0.16260128472895408,
            "steer": 0.0
        },
        {
            "throttle": 0.22573579218203785,
            "brake": 0.18604746006523404,
            "steer": 0.0
        },
        {
            "throttle": 0.20316221296383408,
            "brake": 0.207149017867886,
            "steer": 0.0
        },
        {
            "throttle": 0.18284599166745066,
            "brake": 0.22614041989027278,
            "steer": 0.0
        },
        {
            "throttle": 0.1645613925007056,
            "brake": 0.24323268171042087,
            "steer": 0.0
        },
        {
            "throttle": 0.20339790048797218,
            "brake": 0.2189094135393788,
            "steer": 0.0
        },
        {
            "throttle": 0.24268299612300415,
            "brake": 0.1970184721854409,
            "steer": 0.0
        },
        {
            "throttle": 0.2821733654933433,
            "brake": 0.17731662496689682,
            "steer": 0.0
        },
        {
            "throttle": 0.3215405728367015,
            "brake": 0.15958496247020715,
            "steer": 0.0
        },
        {
            "throttle": 0.3603877254443292,
            "brake": 0.14362646622318645,
            "steer": 0.0
        },
        {
            "throttle": 0.3982671542829905,
            "brake": 0.1292638196008678,
            "steer": 0.0
        },
        {
            "throttle": 0.43469872187929004,
            "brake": 0.11633743764078103,
            "steer": 0.0
        },
        {
            "throttle": 0.469188344432942,
            "brake": 0.10470369387670293,
            "steer": 0.0
        },
        {
            "throttle": 0.5012463022814729,
            "brake": 0.09423332448903264,
            "steer": 0.0
        },
        {
            "throttle": 0.530404911988207,
            "brake": 0.08480999204012937,
            "steer": 0.0
        },
        {
            "throttle": 0.5562351444189954,
            "brake": 0.07632899283611644,
            "steer": 0.0
        },
        {
            "throttle": 0.5783617958527477,
            "brake": 0.06869609355250479,
            "steer": 0.0
        },
        {
            "throttle": 0.5964768527778009,
            "brake": 0.06182648419725431,
            "steer": 0.0
        },
        {
            "throttle": 0.6103507346183998,
            "brake": 0.055643835777528884,
            "steer": 0.0
        },
        {
            "throttle": 0.6198411510117947,
            "brake": 0.050079452199776,
            "steer": 0.0
        },
        {
            "throttle": 0.6248993699875174,
            "brake": 0.0450715069797984,
            "steer": 0.0
        },
        {
            "throttle": 0.6255737588666349,
            "brake": 0.04056435628181856,
            "steer": 0.0
        },
        {
            "throttle": 0.6220105291324898,
            "brake": 0.0365079206536367,
            "steer": 0.0
        },
        {
            "throttle": 0.6144516880562998,
            "brake": 0.032857128588273034,
            "steer": 0.0
        },
        {
            "throttle": 0.603230271569225,
            "brake": 0.02957141572944573,
            "steer": 0.0
        },
        {
            "throttle": 0.5887630028334301,
            "brake": 0.026614274156501156,
            "steer": 0.0
        },
        {
            "throttle": 0.5715405873033694,
            "brake": 0.02395284674085104,
            "steer": 0.0
        },
        {
            "throttle": 0.5521159160082432,
            "brake": 0.021557562066765935,
            "steer": 0.0
        },
        {
            "throttle": 0.5310905026955396,
            "brake": 0.01940180586008934,
            "steer": 0.0
        },
        {
            "throttle": 0.5090995259099946,
            "brake": 0.01746162527408041,
            "steer": 0.0
        },
        {
            "throttle": 0.48679588282440917,
            "brake": 0.01571546274667237,
            "steer": 0.0
        },
        {
            "throttle": 0.4648336867288876,
            "brake": 0.014143916472005132,
            "steer": 0.0
        },
        {
            "throttle": 0.44385165384692915,
            "brake": 0.01272952482480462,
            "steer": 0.0
        },
        {
            "throttle": 0.42445682720525413,
            "brake": 0.011456572342324159,
            "steer": 0.0
        },
        {
            "throttle": 0.40720907557509284,
            "brake": 0.010310915108091743,
            "steer": 0.0
        },
        {
            "throttle": 0.39260678427426965,
            "brake": 0.009279823597282568,
            "steer": 0.0
        },
        {
            "throttle": 0.3810741224259979,
            "brake": 0.008351841237554312,
            "steer": 0.0
        },
        {
            "throttle": 0.37295022895722374,
            "brake": 0.00751665711379888,
            "steer": 0.0
        },
        {
            "throttle": 0.3684806083006054,
            "brake": 0.006764991402418993,
            "steer": 0.0
        },
        {
            "throttle": 0.36781096779288086,
            "brake": 0.0060884922621770934,
            "steer": 0.0
        },
        {
            "throttle": 0.37098366369473335,
            "brake": 0.005479643035959384,
            "steer": 0.0
        },
        {
            "throttle": 0.3779368533115296,
            "brake": 0.004931678732363446,
            "steer": 0.0
        },
        {
            "throttle": 0.3885063787050656,
            "brake": 0.004438510859127102,
            "steer": 0.0
        },
        {
            "throttle": 0.4024303348560785,
            "brake": 0.003994659773214391,
            "steer": 0.0
        },
        {
            "throttle": 0.4193562037854715,
            "brake": 0.0035951937958929522,
            "steer": 0.0
        },
        {
            "throttle": 0.43885036795515586,
            "brake": 0.003235674416303657,
            "steer": 0.0
        },
        {
            "throttle": 0.4604097530498322,
            "brake": 0.002912106974673291,
            "steer": 0.0
        },
        {
            "throttle": 0.4834752936603708,
            "brake": 0.002620896277205962,
            "steer": 0.0
        },
        {
            "throttle": 0.5074468669436136,
            "brake": 0.002358806649485366,
            "steer": 0.0
        },
        {
            "throttle": 0.5316993003031543,
            "brake": 0.002122925984536829,
            "steer": 0.0
        }
    ],
    "parameters": {
        "cloudiness": 56.74293924814084,
        "fog_density": 14.09898692260203,
        "initial_distance": 53.76188162869452,
        "initial_ego_velocity": 19.390830303353972,
        "initial_lead_velocity": 8.307254109419613,
        "lead_base_throttle": 0.5212971635870143,
        "lead_behavior_frequency": 0.25926320738866476,
        "lead_brake_duration": 9.321673213202482,
        "lead_brake_intensity": 0.3970630380917537,
        "lead_brake_probability": 0.11514482053112268,
        "lead_throttle_variation": 0.27155492576003754,
        "precipitation": 79.92389258608902,
        "precipitation_deposits": 9.851057992820689,
        "sun_altitude_angle": 62.22005263145978,
        "wind_intensity": 24.833745594536005
    },
    "config": {
        "num_timesteps": 200,
        "dt": 0.1,
        "seed": 128
    }
}