{
    "weather": {
        "cloudiness": 29.12888108456696,
        "precipitation": 63.52732357879034,
        "precipitation_deposits": 2.301875804382336,
        "wind_intensity": 49.71712042733301,
        "sun_altitude_angle": 71.88082320915159,
        "fog_density": 47.620134692099896,
        "fog_distance": 204.4692210642628,
        "wetness": 31.76366178939517
    },
    "initial_conditions": {
        "ego": {
            "position": {
                "x": 517.7572205917194,
                "y": 20.57,
                "z": 0.294
            },
            "yaw": 0.0,
            "velocity": 8.042642436354637
        },
        "lead": {
            "position": {
                "x": 484.88,
                "y": 20.57,
                "z": 0.294
            },
            "yaw": 0.0,
            "velocity": 13.192839792361184
        }
    },
    "ego": {
        "position": {
            "x": 517.7572205917194,
            "y": 20.57,
            "z": 0.294
        },
        "yaw": 0.0,
        "velocity": 8.042642436354637
    },
    "lead": {
        "position": {
            "x": 484.88,
            "y": 20.57,
            "z": 0.294
        },
        "yaw": 0.0,
        "velocity": 13.192839792361184
    },
    "ado_actions": [
        {
            "throttle": 0.24616426601327013,
            "brake": 0.0,
            "steer": 0.0
        },
        {
            "throttle": 0.2477826384896468,
            "brake": 0.0,
            "steer": 0.0
        },
        {
            "throttle": 0.2508252450224262,
            "brake": 0.0,
            "steer": 0.0
        },
        {
            "throttle": 0.25508570456191276,
            "brake": 0.0,
            "steer": 0.0
        },
        {
            "throttle": 0.26034789422528565,
            "brake": 0.0,
            "steer": 0.0
        },
        {
            "throttle": 0.2663888063681483,
            "brake": 0.0,
            "steer": 0.0
        },
        {
            "throttle": 0.2729816887228811,
            "brake": 0.0,
            "steer": 0.0
        },
        {
            "throttle": 0.27989939036427447,
            "brake": 0.0,
            "steer": 0.0
        },
        {
            "throttle": 0.28691783361134265,
            "brake": 0.0,
            "steer": 0.0
        },
        {
            "throttle": 0.2938195307715283,
            "brake": 0.0,
            "steer": 0.0
        },
        {
            "throttle": 0.30039706491829543,
            "brake": 0.0,
            "steer": 0.0
        },
        {
            "throttle": 0.30645645567277835,
            "brake": 0.0,
            "steer": 0.0
        },
        {
            "throttle": 0.3118203342109979,
            "brake": 0.0,
            "steer": 0.0
        },
        {
            "throttle": 0.3163308563859013,
            "brake": 0.0,
            "steer": 0.0
        },
        {
            "throttle": 0.3198522888545227,
            "brake": 0.0,
            "steer": 0.0
        },
        {
            "throttle": 0.32227321032372513,
            "brake": 0.0,
            "steer": 0.0
        },
        {
            "throttle": 0.3235082783368394,
            "brake": 0.0,
            "steer": 0.0
        },
        {
            "throttle": 0.32349952125919973,
            "brake": 0.0,
            "steer": 0.0
        },
        {
            "throttle": 0.3222171251050122,
            "brake": 0.0,
            "steer": 0.0
        },
        {
            "throttle": 0.31965969538755795,
            "brake": 0.0,
            "steer": 0.0
        },
        {
            "throttle": 0.3158539850641316,
            "brake": 0.0,
            "steer": 0.0
        },
        {
            "throttle": 0.31085409067359066,
            "brake": 0.0,
            "steer": 0.0
        },
        {
            "throttle": 0.30474012971196685,
            "brake": 0.0,
            "steer": 0.0
        },
        {
            "throttle": 0.29761642294547225,
            "brake": 0.0,
            "steer": 0.0
        },
        {
            "throttle": 0.28960921551111096,
            "brake": 0.0,
            "steer": 0.0
        },
        {
            "throttle": 0.28086398010337427,
            "brake": 0.0,
            "steer": 0.0
        },
        {
            "throttle": 0.2715423541052803,
            "brake": 0.0,
            "steer": 0.0
        },
        {
            "throttle": 0.2618187700248967,
            "brake": 0.0,
            "steer": 0.0
        },
        {
            "throttle": 0.2518768448968956,
            "brake": 0.0,
            "steer": 0.0
        },
        {
            "throttle": 0.24190559927889277,
            "brake": 0.0,
            "steer": 0.0
        },
        {
            "throttle": 0.23209558001688094,
            "brake": 0.0,
            "steer": 0.0
        },
        {
            "throttle": 0.22263496300383914,
            "brake": 0.0,
            "steer": 0.0
        },
        {
            "throttle": 0.21370571267109814,
            "brake": 0.0,
            "steer": 0.0
        },
        {
            "throttle": 0.20547987392427475,
            "brake": 0.0,
            "steer": 0.0
        },
        {
            "throttle": 0.19811606968622902,
            "brake": 0.0,
            "steer": 0.0
        },
        {
            "throttle": 0.19175627319047447,
            "brake": 0.0,
            "steer": 0.0
        },
        {
            "throttle": 0.1865229187609423,
            "brake": 0.0,
            "steer": 0.0
        },
        {
            "throttle": 0.18251640812674,
            "brake": 0.0,
            "steer": 0.0
        },
        {
            "throttle": 0.17981306148778703,
            "brake": 0.0,
            "steer": 0.0
        },
        {
            "throttle": 0.17846355372597708,
            "brake": 0.0,
            "steer": 0.0
        },
        {
            "throttle": 0.17849186652348634,
            "brake": 0.0,
            "steer": 0.0
        },
        {
            "throttle": 0.179894776897844,
            "brake": 0.0,
            "steer": 0.0
        },
        {
            "throttle": 0.18264189199752404,
            "brake": 0.0,
            "steer": 0.0
        },
        {
            "throttle": 0.18667622913543752,
            "brake": 0.0,
            "steer": 0.0
        },
        {
            "throttle": 0.19191532918808885,
            "brake": 0.0,
            "steer": 0.0
        },
        {
            "throttle": 0.1982528808722212,
            "brake": 0.0,
            "steer": 0.0
        },
        {
            "throttle": 0.20556082324072789,
            "brake": 0.0,
            "steer": 0.0
        },
        {
            "throttle": 0.21369188421872568,
            "brake": 0.0,
            "steer": 0.0
        },
        {
            "throttle": 0.2224825043192695,
            "brake": 0.0,
            "steer": 0.0
        },
        {
            "throttle": 0.23175608700974545,
            "brake": 0.0,
            "steer": 0.0
        },
        {
            "throttle": 0.2413265106977806,
            "brake": 0.0,
            "steer": 0.0
        },
        {
            "throttle": 0.25100183209952714,
            "brake": 0.0,
            "steer": 0.0
        },
        {
            "throttle": 0.26058810694749285,
            "brake": 0.0,
            "steer": 0.0
        },
        {
            "throttle": 0.2698932516658181,
            "brake": 0.0,
            "steer": 0.0
        },
        {
            "throttle": 0.27873086883466824,
            "brake": 0.0,
            "steer": 0.0
        },
        {
            "throttle": 0.2869239599984436,
            "brake": 0.0,
            "steer": 0.0
        },
        {
            "throttle": 0.2943084516302858,
            "brake": 0.0,
            "steer": 0.0
        },
        {
            "throttle": 0.300736463802923,
            "brake": 0.0,
            "steer": 0.0
        },
        {
            "throttle": 0.30607925625873855,
            "brake": 0.0,
            "steer": 0.0
        },
        {
            "throttle": 0.31022979301750825,
            "brake": 0.0,
            "steer": 0.0
        },
        {
            "throttle": 0.3131048742799569,
            "brake": 0.0,
            "steer": 0.0
        },
        {
            "throttle": 0.31464679302711884,
            "brake": 0.0,
            "steer": 0.0
        },
        {
            "throttle": 0.31482448320703244,
            "brake": 0.0,
            "steer": 0.0
        },
        {
            "throttle": 0.3136341365521626,
            "brake": 0.0,
            "steer": 0.0
        },
        {
            "throttle": 0.3110992756805598,
            "brake": 0.0,
            "steer": 0.0
        },
        {
            "throttle": 0.3072702819894116,
            "brake": 0.0,
            "steer": 0.0
        },
        {
            "throttle": 0.3022233877346998,
            "brake": 0.0,
            "steer": 0.0
        },
        {
            "throttle": 0.2960591523879185,
            "brake": 0.0,
            "steer": 0.0
        },
        {
            "throttle": 0.28890045365676426,
            "brake": 0.0,
            "steer": 0.0
        },
        {
            "throttle": 0.2808900332459096,
            "brake": 0.0,
            "steer": 0.0
        },
        {
            "throttle": 0.2721876463230555,
            "brake": 0.0,
            "steer": 0.0
        },
        {
            "throttle": 0.2629668715670307,
            "brake": 0.0,
            "steer": 0.0
        },
        {
            "throttle": 0.2534116454508825,
            "brake": 0.0,
            "steer": 0.0
        },
        {
            "throttle": 0.2437125899184555,
            "brake": 0.0,
            "steer": 0.0
        },
        {
            "throttle": 0.23406320673801553,
            "brake": 0.0,
            "steer": 0.0
        },
        {
            "throttle": 0.22465601447872618,
            "brake": 0.0,
            "steer": 0.0
        },
        {
            "throttle": 0.2156787052021059,
            "brake": 0.0,
            "steer": 0.0
        },
        {
            "throttle": 0.20731039756811506,
            "brake": 0.0,
            "steer": 0.0
        },
        {
            "throttle": 0.1997180611320912,
            "brake": 0.0,
            "steer": 0.0
        },
        {
            "throttle": 0.19305318319276568,
            "brake": 0.0,
            "steer": 0.0
        },
        {
            "throttle": 0.18744874471124542,
            "brake": 0.0,
            "steer": 0.0
        },
        {
            "throttle": 0.18301656565274763,
            "brake": 0.0,
            "steer": 0.0
        },
        {
            "throttle": 0.17984507273014724,
            "brake": 0.0,
            "steer": 0.0
        },
        {
            "throttle": 0.17799753409819882,
            "brake": 0.0,
            "steer": 0.0
        },
        {
            "throttle": 0.17751079622788823,
            "brake": 0.0,
            "steer": 0.0
        },
        {
            "throttle": 0.17839454816777037,
            "brake": 0.0,
            "steer": 0.0
        },
        {
            "throttle": 0.18063112787339936,
            "brake": 0.0,
            "steer": 0.0
        },
        {
            "throttle": 0.1841758744671491,
            "brake": 0.0,
            "steer": 0.0
        },
        {
            "throttle": 0.18895801939478998,
            "brake": 0.0,
            "steer": 0.0
        },
        {
            "throttle": 0.19488209868960832,
            "brake": 0.0,
            "steer": 0.0
        },
        {
            "throttle": 0.20182985815430243,
            "brake": 0.0,
            "steer": 0.0
        },
        {
            "throttle": 0.2096626134329529,
            "brake": 0.0,
            "steer": 0.0
        },
        {
            "throttle": 0.21822401786640022,
            "brake": 0.0,
            "steer": 0.0
        },
        {
            "throttle": 0.22734318288558358,
            "brake": 0.0,
            "steer": 0.0
        },
        {
            "throttle": 0.23683808866124084,
            "brake": 0.0,
            "steer": 0.0
        },
        {
            "throttle": 0.24651921693528253,
            "brake": 0.0,
            "steer": 0.0
        },
        {
            "throttle": 0.25619333352475504,
            "brake": 0.0,
            "steer": 0.0
        },
        {
            "throttle": 0.2656673450021086,
            "brake": 0.0,
            "steer": 0.0
        },
        {
            "throttle": 0.2747521525751088,
            "brake": 0.0,
            "steer": 0.0
        },
        {
            "throttle": 0.2832664262457232,
            "brake": 0.0,
            "steer": 0.0
        },
        {
            "throttle": 0.2910402239185581,
            "brake": 0.0,
            "steer": 0.0
        },
        {
            "throttle": 0.2979183832241641,
            "brake": 0.0,
            "steer": 0.0
        },
        {
            "throttle": 0.3037636183589921,
            "brake": 0.0,
            "steer": 0.0
        },
        {
            "throttle": 0.3084592601314383,
            "brake": 0.0,
            "steer": 0.0
        },
        {
            "throttle": 0.31191158452473755,
            "brake": 0.0,
            "steer": 0.0
        },
        {
            "throttle": 0.31405168330033234,
            "brake": 0.0,
            "steer": 0.0
        },
        {
            "throttle": 0.3148368393058268,
            "brake": 0.0,
            "steer": 0.0
        },
        {
            "throttle": 0.3142513790373025,
            "brake": 0.0,
            "steer": 0.0
        },
        {
            "throttle": 0.3123069854393167,
            "brake": 0.0,
            "steer": 0.0
        },
        {
            "throttle": 0.3090424646990798,
            "brake": 0.0,
            "steer": 0.0
        },
        {
            "throttle": 0.304522971689096,
            "brake": 0.0,
            "steer": 0.0
        },
        {
            "throttle": 0.2988387095174395,
            "brake": 0.0,
            "steer": 0.0
        },
        {
            "throttle": 0.2921031291411762,
            "brake": 0.0,
            "steer": 0.0
        },
        {
            "throttle": 0.28445066497672417,
            "brake": 0.0,
            "steer": 0.0
        },
        {
            "throttle": 0.2760340517020284,
            "brake": 0.0,
            "steer": 0.0
        },
        {
            "throttle": 0.267021275804454,
            "brake": 0.0,
            "steer": 0.0
        },
        {
            "throttle": 0.2575922227184471,
            "brake": 0.0,
            "steer": 0.0
        },
        {
            "throttle": 0.2479350864727659,
            "brake": 0.0,
            "steer": 0.0
        },
        {
            "throttle": 0.2382426135071796,
            "brake": 0.0,
            "steer": 0.0
        },
        {
            "throttle": 0.22870825562836547,
            "brake": 0.0,
            "steer": 0.0
        },
        {
            "throttle": 0.21952230888823995,
            "brake": 0.0,
            "steer": 0.0
        },
        {
            "throttle": 0.21086811544894335,
            "brake": 0.0,
            "steer": 0.0
        },
        {
            "throttle": 0.20291840424155497,
            "brake": 0.0,
            "steer": 0.0
        },
        {
            "throttle": 0.19583184345543064,
            "brake": 0.0,
            "steer": 0.0
        },
        {
            "throttle": 0.18974987366712634,
            "brake": 0.0,
            "steer": 0.0
        },
        {
            "throttle": 0.184793884816578,
            "brake": 0.0,
            "steer": 0.0
        },
        {
            "throttle": 0.1810627933753505,
            "brake": 0.0,
            "steer": 0.0
        },
        {
            "throttle": 0.17863106806432189,
            "brake": 0.0,
            "steer": 0.0
        },
        {
            "throttle": 0.17754724352555362,
            "brake": 0.0,
            "steer": 0.0
        },
        {
            "throttle": 0.17783295161400214,
            "brake": 0.0,
            "steer": 0.0
        },
        {
            "throttle": 0.17948248964353136,
            "brake": 0.0,
            "steer": 0.0
        },
        {
            "throttle": 0.18246293420459384,
            "brake": 0.0,
            "steer": 0.0
        },
        {
            "throttle": 0.18671479828186,
            "brake": 0.0,
            "steer": 0.0
        },
        {
            "throttle": 0.19215321855632883,
            "brake": 0.0,
            "steer": 0.0
        },
        {
            "throttle": 0.19866964919447905,
            "brake": 0.0,
            "steer": 0.0
        },
        {
            "throttle": 0.20613402831802308,
            "brake": 0.0,
            "steer": 0.0
        },
        {
            "throttle": 0.21439737391357422,
            "brake": 0.0,
            "steer": 0.0
        },
        {
            "throttle": 0.22329475737032684,
            "brake": 0.0,
            "steer": 0.0
        },
        {
            "throttle": 0.23264859529675747,
            "brake": 0.0,
            "steer": 0.0
        },
        {
            "throttle": 0.2422721939148083,
            "brake": 0.0,
            "steer": 0.0
        },
        {
            "throttle": 0.25197347528881175,
            "brake": 0.0,
            "steer": 0.0
        },
        {
            "throttle": 0.2615588110171662,
            "brake": 0.0,
            "steer": 0.0
        },
        {
            "throttle": 0.27083688686992213,
            "brake": 0.0,
            "steer": 0.0
        },
        {
            "throttle": 0.2796225212377851,
            "brake": 0.0,
            "steer": 0.0
        },
        {
            "throttle": 0.28774036117992585,
            "brake": 0.0,
            "steer": 0.0
        },
        {
            "throttle": 0.29502838230099804,
            "brake": 0.0,
            "steer": 0.0
        },
        {
            "throttle": 0.3013411226031468,
            "brake": 0.0,
            "steer": 0.0
        },
        {
            "throttle": 0.30655258576839933,
            "brake": 0.0,
            "steer": 0.0
        },
        {
            "throttle": 0.31055875592468113,
            "brake": 0.0,
            "steer": 0.0
        },
        {
            "throttle": 0.3132796737031218,
            "brake": 0.0,
            "steer": 0.0
        },
        {
            "throttle": 0.3146610321505194,
            "brake": 0.0,
            "steer": 0.0
        },
        {
            "throttle": 0.31467526064406837,
            "brake": 0.0,
            "steer": 0.0
        },
        {
            "throttle": 0.31332207517444305,
            "brake": 0.0,
            "steer": 0.0
        },
        {
            "throttle": 0.31062848401410664,
            "brake": 0.0,
            "steer": 0.0
        },
        {
            "throttle": 0.3066482486577101,
            "brake": 0.0,
            "steer": 0.0
        },
        {
            "throttle": 0.3014608107936937,
            "brake": 0.0,
            "steer": 0.0
        },
        {
            "throttle": 0.2951697067237131,
            "brake": 0.0,
            "steer": 0.0
        },
        {
            "throttle": 0.2879005008765664,
            "brake": 0.0,
            "steer": 0.0
        },
        {
            "throttle": 0.27979827966171084,
            "brake": 0.0,
            "steer": 0.0
        },
        {
            "throttle": 0.27102475568266576,
            "brake": 0.0,
            "steer": 0.0
        },
        {
            "throttle": 0.2617550401074388,
            "brake": 0.0,
            "steer": 0.0
        },
        {
            "throttle": 0.2521741476163853,
            "brake": 0.0,
            "steer": 0.0
        },
        {
            "throttle": 0.24247330368541065,
            "brake": 0.0,
            "steer": 0.0
        },
        {
            "throttle": 0.23284612790762096,
            "brake": 0.0,
            "steer": 0.0
        },
        {
            "throttle": 0.22348476953068505,
            "brake": 0.0,
            "steer": 0.0
        },
        {
            "throttle": 0.21457607234089762,
            "brake": 0.0,
            "steer": 0.0
        },
        {
            "throttle": 0.20629784543920235,
            "brake": 0.0,
            "steer": 0.0
        },
        {
            "throttle": 0.1988153143409312,
            "brake": 0.0,
            "steer": 0.0
        },
        {
            "throttle": 0.19227782323192566,
            "brake": 0.0,
            "steer": 0.0
        },
        {
            "throttle": 0.18681585420086547,
            "brake": 0.0,
            "steer": 0.0
        },
        {
            "throttle": 0.18253842294108533,
            "brake": 0.0,
            "steer": 0.0
        },
        {
            "throttle": 0.17953090290119006,
            "brake": 0.0,
            "steer": 0.0
        },
        {
            "throttle": 0.17785332131234707,
            "brake": 0.0,
            "steer": 0.0
        },
        {
            "throttle": 0.17753916110192763,
            "brake": 0.0,
            "steer": 0.0
        },
        {
            "throttle": 0.17859469260615865,
            "brake": 0.0,
            "steer": 0.0
        },
        {
            "throttle": 0.1809988484201628,
            "brake": 0.0,
            "steer": 0.0
        },
        {
            "throttle": 0.184703643883261,
            "brake": 0.0,
            "steer": 0.0
        },
        {
            "throttle": 0.18963513480705108,
            "brake": 0.0,
            "steer": 0.0
        },
        {
            "throttle": 0.19569489333092263,
            "brake": 0.0,
            "steer": 0.0
        },
        {
            "throttle": 0.2027619724483381,
            "brake": 0.0,
            "steer": 0.0
        },
        {
            "throttle": 0.21069531999380775,
            "brake": 0.0,
            "steer": 0.0
        },
        {
            "throttle": 0.2193365939096787,
            "brake": 0.0,
            "steer": 0.0
        },
        {
            "throttle": 0.2285133226026956,
            "brake": 0.0,
            "steer": 0.0
        },
        {
            "throttle": 0.23804234731262813,
            "brake": 0.0,
            "steer": 0.0
        },
        {
            "throttle": 0.24773347778656732,
            "brake": 0.0,
            "steer": 0.0
        },
        {
            "throttle": 0.25739328829511576,
            "brake": 0.0,
            "steer": 0.0
        },
        {
            "throttle": 0.26682897822560614,
            "brake": 0.0,
            "steer": 0.0
        },
        {
            "throttle": 0.27585222019858624,
            "brake": 0.0,
            "steer": 0.0
        },
        {
            "throttle": 0.2842829189028325,
            "brake": 0.0,
            "steer": 0.0
        },
        {
            "throttle": 0.2919528056261277,
            "brake": 0.0,
            "steer": 0.0
        },
        {
            "throttle": 0.2987087967383931,
            "brake": 0.0,
            "steer": 0.0
        },
        {
            "throttle": 0.30441604909505393,
            "brake": 0.0,
            "steer": 0.0
        },
        {
            "throttle": 0.30896065137769607,
            "brake": 0.0,
            "steer": 0.0
        },
        {
            "throttle": 0.3122518976554223,
            "brake": 0.0,
            "steer": 0.0
        },
        {
            "throttle": 0.3142240977887875,
            "brake": 0.0,
            "steer": 0.0
        },
        {
            "throttle": 0.3148378885423775,
            "brake": 0.0,
            "steer": 0.0
        },
        {
            "throttle": 0.31408101923747184,
            "brake": 0.0,
            "steer": 0.0
        },
        {
            "throttle": 0.3119685962639146,
            "brake": 0.0,
            "steer": 0.0
        },
        {
            "throttle": 0.30854278157096665,
            "brake": 0.0,
            "steer": 0.0
        },
        {
            "throttle": 0.30387195115497667,
            "brake": 0.0,
            "steer": 0.0
        }
    ],
    "parameters": {
        "cloudiness": 29.12888108456696,
        "fog_density": 47.620134692099896,
        "initial_distance": 32.87722059171939,
        "initial_ego_velocity": 8.042642436354637,
        "initial_lead_velocity": 13.192839792361184,
        "lead_base_throttle": 0.24616426601327013,
        "lead_behavior_frequency": 0.22503593063047284,
        "lead_brake_duration": 15.67458655881786,
        "lead_brake_intensity": 0.7754262827484028,
        "lead_brake_probability": 0.017076163448887283,
        "lead_throttle_variation": 0.11484042961451682,
        "precipitation": 63.52732357879034,
        "precipitation_deposits": 2.301875804382336,
        "sun_altitude_angle": 71.88082320915159,
        "wind_intensity": 49.71712042733301
    },
    "config": {
        "num_timesteps": 200,
        "dt": 0.1,
        "seed": 192
    }
}