{
    "weather": {
        "cloudiness": 40.826610561022015,
        "precipitation": 51.78469100983028,
        "precipitation_deposits": 44.85133741870811,
        "wind_intensity": 8.865885527208789,
        "sun_altitude_angle": 2.9392487110743417,
        "fog_density": 36.62061460727989,
        "fog_distance": 295.0273681440036,
        "wetness": 25.89234550491514
    },
    "initial_conditions": {
        "ego": {
            "position": {
                "x": 539.7982346212756,
                "y": 20.57,
                "z": 0.294
            },
            "yaw": 0.0,
            "velocity": 15.483485334687899
        },
        "lead": {
            "position": {
                "x": 484.88,
                "y": 20.57,
                "z": 0.294
            },
            "yaw": 0.0,
            "velocity": 20.083803384272795
        }
    },
    "ego": {
        "position": {
            "x": 539.7982346212756,
            "y": 20.57,
            "z": 0.294
        },
        "yaw": 0.0,
        "velocity": 15.483485334687899
    },
    "lead": {
        "position": {
            "x": 484.88,
            "y": 20.57,
            "z": 0.294
        },
        "yaw": 0.0,
        "velocity": 20.083803384272795
    },
    "ado_actions": [
        {
            "throttle": 0.5351032130446602,
            "brake": 0.0,
            "steer": 0.0
        },
        {
            "throttle": 0.5385639965640567,
            "brake": 0.0,
            "steer": 0.0
        },
        {
            "throttle": 0.5450351540933633,
            "brake": 0.0,
            "steer": 0.0
        },
        {
            "throttle": 0.5540101311552466,
            "brake": 0.0,
            "steer": 0.0
        },
        {
            "throttle": 0.5649380384602856,
            "brake": 0.0,
            "steer": 0.0
        },
        {
            "throttle": 0.577237144688786,
            "brake": 0.0,
            "steer": 0.0
        },
        {
            "throttle": 0.5903096105281442,
            "brake": 0.0,
            "steer": 0.0
        },
        {
            "throttle": 0.6035569886362981,
            "brake": 0.0,
            "steer": 0.0
        },
        {
            "throttle": 0.6163959942263683,
            "brake": 0.0,
            "steer": 0.0
        },
        {
            "throttle": 0.6282740456125022,
            "brake": 0.0,
            "steer": 0.0
        },
        {
            "throttle": 0.6386840835147477,
            "brake": 0.0,
            "steer": 0.0
        },
        {
            "throttle": 0.6471782019344283,
            "brake": 0.0,
            "steer": 0.0
        },
        {
            "throttle": 0.6533796612822669,
            "brake": 0.0,
            "steer": 0.0
        },
        {
            "throttle": 0.6569929050504222,
            "brake": 0.0,
            "steer": 0.0
        },
        {
            "throttle": 0.6578112631614229,
            "brake": 0.0,
            "steer": 0.0
        },
        {
            "throttle": 0.655722096355768,
            "brake": 0.0,
            "steer": 0.0
        },
        {
            "throttle": 0.6507092144649411,
            "brake": 0.0,
            "steer": 0.0
        },
        {
            "throttle": 0.6428524848066173,
            "brake": 0.0,
            "steer": 0.0
        },
        {
            "throttle": 0.6323246327333716,
            "brake": 0.0,
            "steer": 0.0
        },
        {
            "throttle": 0.6193853219909013,
            "brake": 0.0,
            "steer": 0.0
        },
        {
            "throttle": 0.6043726854261848,
            "brake": 0.0,
            "steer": 0.0
        },
        {
            "throttle": 0.5876925542412218,
            "brake": 0.0,
            "steer": 0.0
        },
        {
            "throttle": 0.569805704081771,
            "brake": 0.0,
            "steer": 0.0
        },
        {
            "throttle": 0.5512134966776417,
            "brake": 0.0,
            "steer": 0.0
        },
        {
            "throttle": 0.5324423446970675,
            "brake": 0.0,
            "steer": 0.0
        },
        {
            "throttle": 0.5140274634733276,
            "brake": 0.0,
            "steer": 0.0
        },
        {
            "throttle": 0.496496395227724,
            "brake": 0.0,
            "steer": 0.0
        },
        {
            "throttle": 0.4803527986922532,
            "brake": 0.0,
            "steer": 0.0
        },
        {
            "throttle": 0.46606098941306445,
            "brake": 0.0,
            "steer": 0.0
        },
        {
            "throttle": 0.45403169372606594,
            "brake": 0.0,
            "steer": 0.0
        },
        {
            "throttle": 0.4446094431145757,
            "brake": 0.0,
            "steer": 0.0
        },
        {
            "throttle": 0.4380619864828789,
            "brake": 0.0,
            "steer": 0.0
        },
        {
            "throttle": 0.434572037294529,
            "brake": 0.0,
            "steer": 0.0
        },
        {
            "throttle": 0.4342316023593924,
            "brake": 0.0,
            "steer": 0.0
        },
        {
            "throttle": 0.4370390614265278,
            "brake": 0.0,
            "steer": 0.0
        },
        {
            "throttle": 0.44289908399342404,
            "brake": 0.0,
            "steer": 0.0
        },
        {
            "throttle": 0.45162538437245775,
            "brake": 0.0,
            "steer": 0.0
        },
        {
            "throttle": 0.4629462306380838,
            "brake": 0.0,
            "steer": 0.0
        },
        {
            "throttle": 0.47651254018992906,
            "brake": 0.0,
            "steer": 0.0
        },
        {
            "throttle": 0.49190831680789115,
            "brake": 0.0,
            "steer": 0.0
        },
        {
            "throttle": 0.5086631135940667,
            "brake": 0.0,
            "steer": 0.0
        },
        {
            "throttle": 0.5262661452188115,
            "brake": 0.0,
            "steer": 0.0
        },
        {
            "throttle": 0.5441816232538099,
            "brake": 0.0,
            "steer": 0.0
        },
        {
            "throttle": 0.5618648515809714,
            "brake": 0.0,
            "steer": 0.0
        },
        {
            "throttle": 0.5787785960223795,
            "brake": 0.0,
            "steer": 0.0
        },
        {
            "throttle": 0.5944092341328078,
            "brake": 0.0,
            "steer": 0.0
        },
        {
            "throttle": 0.6082821977805315,
            "brake": 0.0,
            "steer": 0.0
        },
        {
            "throttle": 0.6199762425134019,
            "brake": 0.0,
            "steer": 0.0
        },
        {
            "throttle": 0.629136113121727,
            "brake": 0.0,
            "steer": 0.0
        },
        {
            "throttle": 0.635483223200293,
            "brake": 0.0,
            "steer": 0.0
        },
        {
            "throttle": 0.6388240264204922,
            "brake": 0.0,
            "steer": 0.0
        },
        {
            "throttle": 0.6390558268443818,
            "brake": 0.0,
            "steer": 0.0
        },
        {
            "throttle": 0.6361698528471056,
            "brake": 0.0,
            "steer": 0.0
        },
        {
            "throttle": 0.6302515017344332,
            "brake": 0.0,
            "steer": 0.0
        },
        {
            "throttle": 0.621477747460812,
            "brake": 0.0,
            "steer": 0.0
        },
        {
            "throttle": 0.6101117893984643,
            "brake": 0.0,
            "steer": 0.0
        },
        {
            "throttle": 0.5964951033010522,
            "brake": 0.0,
            "steer": 0.0
        },
        {
            "throttle": 0.5810371339384951,
            "brake": 0.0,
            "steer": 0.0
        },
        {
            "throttle": 0.5642029399913809,
            "brake": 0.0,
            "steer": 0.0
        },
        {
            "throttle": 0.5464991635404445,
            "brake": 0.0,
            "steer": 0.0
        },
        {
            "throttle": 0.5284587470075022,
            "brake": 0.0,
            "steer": 0.0
        },
        {
            "throttle": 0.5106248581761189,
            "brake": 0.0,
            "steer": 0.0
        },
        {
            "throttle": 0.49353450780459,
            "brake": 0.0,
            "steer": 0.0
        },
        {
            "throttle": 0.4777023536206227,
            "brake": 0.0,
            "steer": 0.0
        },
        {
            "throttle": 0.46360517887684116,
            "brake": 0.0,
            "steer": 0.0
        },
        {
            "throttle": 0.45166751331814403,
            "brake": 0.0,
            "steer": 0.0
        },
        {
            "throttle": 0.4422488299789192,
            "brake": 0.0,
            "steer": 0.0
        },
        {
            "throttle": 0.43563270372829294,
            "brake": 0.0,
            "steer": 0.0
        },
        {
            "throttle": 0.4320182583469803,
            "brake": 0.0,
            "steer": 0.0
        },
        {
            "throttle": 0.4315141599326983,
            "brake": 0.0,
            "steer": 0.0
        },
        {
            "throttle": 0.43413533767226425,
            "brake": 0.0,
            "steer": 0.0
        },
        {
            "throttle": 0.43980253080151516,
            "brake": 0.0,
            "steer": 0.0
        },
        {
            "throttle": 0.44834467537765343,
            "brake": 0.0,
            "steer": 0.0
        },
        {
            "throttle": 0.4595040588809955,
            "brake": 0.0,
            "steer": 0.0
        },
        {
            "throttle": 0.47294408722518605,
            "brake": 0.0,
            "steer": 0.0
        },
        {
            "throttle": 0.48825943000215877,
            "brake": 0.0,
            "steer": 0.0
        },
        {
            "throttle": 0.5049882380946341,
            "brake": 0.0,
            "steer": 0.0
        },
        {
            "throttle": 0.5226260653160981,
            "brake": 0.0,
            "steer": 0.0
        },
        {
            "throttle": 0.5406410743693756,
            "brake": 0.0,
            "steer": 0.0
        },
        {
            "throttle": 0.5584900686987144,
            "brake": 0.0,
            "steer": 0.0
        },
        {
            "throttle": 0.5756348669139287,
            "brake": 0.0,
            "steer": 0.0
        },
        {
            "throttle": 0.5915585261391549,
            "brake": 0.0,
            "steer": 0.0
        },
        {
            "throttle": 0.6057809251944818,
            "brake": 0.0,
            "steer": 0.0
        },
        {
            "throttle": 0.617873237818781,
            "brake": 0.0,
            "steer": 0.0
        },
        {
            "throttle": 0.627470859604688,
            "brake": 0.0,
            "steer": 0.0
        },
        {
            "throttle": 0.6342843989330671,
            "brake": 0.0,
            "steer": 0.0
        },
        {
            "throttle": 0.6381084005591399,
            "brake": 0.0,
            "steer": 0.0
        },
        {
            "throttle": 0.6388275388562508,
            "brake": 0.0,
            "steer": 0.0
        },
        {
            "throttle": 0.6364200940053651,
            "brake": 0.0,
            "steer": 0.0
        },
        {
            "throttle": 0.6309586063291897,
            "brake": 0.0,
            "steer": 0.0
        },
        {
            "throttle": 0.6226076890399503,
            "brake": 0.0,
            "steer": 0.0
        },
        {
            "throttle": 0.6116190653347695,
            "brake": 0.0,
            "steer": 0.0
        },
        {
            "throttle": 0.5983239794497576,
            "brake": 0.0,
            "steer": 0.0
        },
        {
            "throttle": 0.5831232104507792,
            "brake": 0.0,
            "steer": 0.0
        },
        {
            "throttle": 0.566474989808764,
            "brake": 0.0,
            "steer": 0.0
        },
        {
            "throttle": 0.5488811870017066,
            "brake": 0.0,
            "steer": 0.0
        },
        {
            "throttle": 0.5308721795990547,
            "brake": 0.0,
            "steer": 0.0
        },
        {
            "throttle": 0.51299086394294,
            "brake": 0.0,
            "steer": 0.0
        },
        {
            "throttle": 0.49577628844910643,
            "brake": 0.0,
            "steer": 0.0
        },
        {
            "throttle": 0.47974740292736856,
            "brake": 0.0,
            "steer": 0.0
        },
        {
            "throttle": 0.46538741382401866,
            "brake": 0.0,
            "steer": 0.0
        },
        {
            "throttle": 0.4531292170222373,
            "brake": 0.0,
            "steer": 0.0
        },
        {
            "throttle": 0.44334234735191225,
            "brake": 0.0,
            "steer": 0.0
        },
        {
            "throttle": 0.43632183823664816,
            "brake": 0.0,
            "steer": 0.0
        },
        {
            "throttle": 0.43227932732156604,
            "brake": 0.0,
            "steer": 0.0
        },
        {
            "throttle": 0.4313366762167269,
            "brake": 0.0,
            "steer": 0.0
        },
        {
            "throttle": 0.43352229669885745,
            "brake": 0.0,
            "steer": 0.0
        },
        {
            "throttle": 0.43877029412339796,
            "brake": 0.0,
            "steer": 0.0
        },
        {
            "throttle": 0.44692245386941615,
            "brake": 0.0,
            "steer": 0.0
        },
        {
            "throttle": 0.45773301093198404,
            "brake": 0.0,
            "steer": 0.0
        },
        {
            "throttle": 0.47087605887400635,
            "brake": 0.0,
            "steer": 0.0
        },
        {
            "throttle": 0.4859553747816052,
            "brake": 0.0,
            "steer": 0.0
        },
        {
            "throttle": 0.5025163640327188,
            "brake": 0.0,
            "steer": 0.0
        },
        {
            "throttle": 0.5200597647832734,
            "brake": 0.0,
            "steer": 0.0
        },
        {
            "throttle": 0.5380566990256775,
            "brake": 0.0,
            "steer": 0.0
        },
        {
            "throttle": 0.5559646164797336,
            "brake": 0.0,
            "steer": 0.0
        },
        {
            "throttle": 0.573243650660157,
            "brake": 0.0,
            "steer": 0.0
        },
        {
            "throttle": 0.5893728940391663,
            "brake": 0.0,
            "steer": 0.0
        },
        {
            "throttle": 0.6038661016616516,
            "brake": 0.0,
            "steer": 0.0
        },
        {
            "throttle": 0.6162863498007176,
            "brake": 0.0,
            "steer": 0.0
        },
        {
            "throttle": 0.6262592077434889,
            "brake": 0.0,
            "steer": 0.0
        },
        {
            "throttle": 0.6334840256212857,
            "brake": 0.0,
            "steer": 0.0
        },
        {
            "throttle": 0.6377429979933152,
            "brake": 0.0,
            "steer": 0.0
        },
        {
            "throttle": 0.6389077299467057,
            "brake": 0.0,
            "steer": 0.0
        },
        {
            "throttle": 0.6369431077665815,
            "brake": 0.0,
            "steer": 0.0
        },
        {
            "throttle": 0.6319083574881773,
            "brake": 0.0,
            "steer": 0.0
        },
        {
            "throttle": 0.6239552594190388,
            "brake": 0.0,
            "steer": 0.0
        },
        {
            "throttle": 0.6133235724574508,
            "brake": 0.0,
            "steer": 0.0
        },
        {
            "throttle": 0.6003338061486421,
            "brake": 0.0,
            "steer": 0.0
        },
        {
            "throttle": 0.5853775583772439,
            "brake": 0.0,
            "steer": 0.0
        },
        {
            "throttle": 0.5689057099824922,
            "brake": 0.0,
            "steer": 0.0
        },
        {
            "throttle": 0.5514148321893455,
            "brake": 0.0,
            "steer": 0.0
        },
        {
            "throttle": 0.5334322166263803,
            "brake": 0.0,
            "steer": 0.0
        },
        {
            "throttle": 0.5154999792257752,
            "brake": 0.0,
            "steer": 0.0
        },
        {
            "throttle": 0.49815871722008653,
            "brake": 0.0,
            "steer": 0.0
        },
        {
            "throttle": 0.48193121192317717,
            "brake": 0.0,
            "steer": 0.0
        },
        {
            "throttle": 0.4673066686024191,
            "brake": 0.0,
            "steer": 0.0
        },
        {
            "throttle": 0.45472596855777697,
            "brake": 0.0,
            "steer": 0.0
        },
        {
            "throttle": 0.4445683780086956,
            "brake": 0.0,
            "steer": 0.0
        },
        {
            "throttle": 0.43714011447179024,
            "brake": 0.0,
            "steer": 0.0
        },
        {
            "throttle": 0.4326651153151474,
            "brake": 0.0,
            "steer": 0.0
        },
        {
            "throttle": 0.43127828678671676,
            "brake": 0.0,
            "steer": 0.0
        },
        {
            "throttle": 0.433021437036202,
            "brake": 0.0,
            "steer": 0.0
        },
        {
            "throttle": 0.43784201573634784,
            "brake": 0.0,
            "steer": 0.0
        },
        {
            "throttle": 0.4455946982998491,
            "brake": 0.0,
            "steer": 0.0
        },
        {
            "throttle": 0.45604576693297516,
            "brake": 0.0,
            "steer": 0.0
        },
        {
            "throttle": 0.4688801564516444,
            "brake": 0.0,
            "steer": 0.0
        },
        {
            "throttle": 0.4837109524519236,
            "brake": 0.0,
            "steer": 0.0
        },
        {
            "throttle": 0.5000910554965695,
            "brake": 0.0,
            "steer": 0.0
        },
        {
            "throttle": 0.5175266596810204,
            "brake": 0.0,
            "steer": 0.0
        },
        {
            "throttle": 0.5354921392447196,
            "brake": 0.0,
            "steer": 0.0
        },
        {
            "throttle": 0.5534458944457499,
            "brake": 0.0,
            "steer": 0.0
        },
        {
            "throttle": 0.5708466789981496,
            "brake": 0.0,
            "steer": 0.0
        },
        {
            "throttle": 0.5871699168537612,
            "brake": 0.0,
            "steer": 0.0
        },
        {
            "throttle": 0.6019235164316908,
            "brake": 0.0,
            "steer": 0.0
        },
        {
            "throttle": 0.6146627055487485,
            "brake": 0.0,
            "steer": 0.0
        },
        {
            "throttle": 0.6250034398268584,
            "brake": 0.0,
            "steer": 0.0
        },
        {
            "throttle": 0.6326339803583755,
            "brake": 0.0,
            "steer": 0.0
        },
        {
            "throttle": 0.63732429160105,
            "brake": 0.0,
            "steer": 0.0
        },
        {
            "throttle": 0.6389329761872397,
            "brake": 0.0,
            "steer": 0.0
        },
        {
            "throttle": 0.6374115375858436,
            "brake": 0.0,
            "steer": 0.0
        },
        {
            "throttle": 0.5736703838272592,
            "brake": 0.03253319278682839,
            "steer": 0.0
        },
        {
            "throttle": 0.5163033454445333,
            "brake": 0.06181306629497394,
            "steer": 0.0
        },
        {
            "throttle": 0.46467301090007995,
            "brake": 0.08816495245230493,
            "steer": 0.0
        },
        {
            "throttle": 0.418205709810072,
            "brake": 0.11188164999390282,
            "steer": 0.0
        },
        {
            "throttle": 0.3763851388290648,
            "brake": 0.13322667778134092,
            "steer": 0.0
        },
        {
            "throttle": 0.33874662494615837,
            "brake": 0.15243720279003523,
            "steer": 0.0
        },
        {
            "throttle": 0.3048719624515425,
            "brake": 0.1697266752978601,
            "steer": 0.0
        },
        {
            "throttle": 0.2743847662063883,
            "brake": 0.18528720055490247,
            "steer": 0.0
        },
        {
            "throttle": 0.24694628958574946,
            "brake": 0.19929167328624062,
            "steer": 0.0
        },
        {
            "throttle": 0.22225166062717452,
            "brake": 0.21189569874444494,
            "steer": 0.0
        },
        {
            "throttle": 0.20002649456445706,
            "brake": 0.22323932165682886,
            "steer": 0.0
        },
        {
            "throttle": 0.18002384510801137,
            "brake": 0.23344858227797438,
            "steer": 0.0
        },
        {
            "throttle": 0.16202146059721023,
            "brake": 0.24263691683700533,
            "steer": 0.0
        },
        {
            "throttle": 0.14581931453748923,
            "brake": 0.2509064179401332,
            "steer": 0.0
        },
        {
            "throttle": 0.1312373830837403,
            "brake": 0.25834896893294823,
            "steer": 0.0
        },
        {
            "throttle": 0.11811364477536627,
            "brake": 0.2650472648264818,
            "steer": 0.0
        },
        {
            "throttle": 0.10630228029782965,
            "brake": 0.27107573113066197,
            "steer": 0.0
        },
        {
            "throttle": 0.09567205226804669,
            "brake": 0.2765013508044242,
            "steer": 0.0
        },
        {
            "throttle": 0.08610484704124202,
            "brake": 0.28138440851081015,
            "steer": 0.0
        },
        {
            "throttle": 0.07749436233711782,
            "brake": 0.2857791604465575,
            "steer": 0.0
        },
        {
            "throttle": 0.06974492610340603,
            "brake": 0.2897344371887301,
            "steer": 0.0
        },
        {
            "throttle": 0.06277043349306544,
            "brake": 0.29329418625668546,
            "steer": 0.0
        },
        {
            "throttle": 0.05649339014375889,
            "brake": 0.2964979604178453,
            "steer": 0.0
        },
        {
            "throttle": 0.050844051129383006,
            "brake": 0.29938135716288916,
            "steer": 0.0
        },
        {
            "throttle": 0.04575964601644471,
            "brake": 0.30197641423342864,
            "steer": 0.0
        },
        {
            "throttle": 0.041183681414800236,
            "brake": 0.30431196559691415,
            "steer": 0.0
        },
        {
            "throttle": 0.037065313273320216,
            "brake": 0.3064139618240511,
            "steer": 0.0
        },
        {
            "throttle": 0.10596230090990412,
            "brake": 0.27577256564164604,
            "steer": 0.0
        },
        {
            "throttle": 0.1687161365449497,
            "brake": 0.24819530907748144,
            "steer": 0.0
        },
        {
            "throttle": 0.22534303281330043,
            "brake": 0.2233757781697333,
            "steer": 0.0
        },
        {
            "throttle": 0.27585310598557666,
            "brake": 0.20103820035276,
            "steer": 0.0
        },
        {
            "throttle": 0.32026915132489187,
            "brake": 0.180934380317484,
            "steer": 0.0
        },
        {
            "throttle": 0.3586431281810743,
            "brake": 0.1628409422857356,
            "steer": 0.0
        },
        {
            "throttle": 0.3910700486547068,
            "brake": 0.14655684805716204,
            "steer": 0.0
        },
        {
            "throttle": 0.4176990228567347,
            "brake": 0.13190116325144585,
            "steer": 0.0
        },
        {
            "throttle": 0.43874128233632226,
            "brake": 0.11871104692630127,
            "steer": 0.0
        },
        {
            "throttle": 0.45447507889278344,
            "brake": 0.10683994223367115,
            "steer": 0.0
        },
        {
            "throttle": 0.4652474362746772,
            "brake": 0.09615594801030403,
            "steer": 0.0
        },
        {
            "throttle": 0.47147281462557317,
            "brake": 0.08654035320927363,
            "steer": 0.0
        }
    ],
    "parameters": {
        "cloudiness": 40.826610561022015,
        "fog_density": 36.62061460727989,
        "initial_distance": 54.91823462127554,
        "initial_ego_velocity": 15.483485334687899,
        "initial_lead_velocity": 20.083803384272795,
        "lead_base_throttle": 0.5351032130446602,
        "lead_behavior_frequency": 0.27668585922148436,
        "lead_brake_duration": 27.96432163929831,
        "lead_brake_intensity": 0.32533192786828385,
        "lead_brake_probability": 0.1015614881726752,
        "lead_throttle_variation": 0.20007710913603544,
        "precipitation": 51.78469100983028,
        "precipitation_deposits": 44.85133741870811,
        "sun_altitude_angle": 2.9392487110743417,
        "wind_intensity": 8.865885527208789
    },
    "config": {
        "num_timesteps": 200,
        "dt": 0.1,
        "seed": 202
    }
}