{
    "weather": {
        "cloudiness": 49.93481822760364,
        "precipitation": 73.2697314351946,
        "precipitation_deposits": 13.640356197769076,
        "wind_intensity": 24.379126712623556,
        "sun_altitude_angle": -7.368018396983842,
        "fog_density": 64.05634338756153,
        "fog_distance": 118.21959064431799,
        "wetness": 36.6348657175973
    },
    "initial_conditions": {
        "ego": {
            "position": {
                "x": 507.63637017300016,
                "y": 20.57,
                "z": 0.294
            },
            "yaw": 0.0,
            "velocity": 9.40517478995466
        },
        "lead": {
            "position": {
                "x": 484.88,
                "y": 20.57,
                "z": 0.294
            },
            "yaw": 0.0,
            "velocity": 19.870862967846293
        }
    },
    "ego": {
        "position": {
            "x": 507.63637017300016,
            "y": 20.57,
            "z": 0.294
        },
        "yaw": 0.0,
        "velocity": 9.40517478995466
    },
    "lead": {
        "position": {
            "x": 484.88,
            "y": 20.57,
            "z": 0.294
        },
        "yaw": 0.0,
        "velocity": 19.870862967846293
    },
    "ado_actions": [
        {
            "throttle": 0.35038732610943074,
            "brake": 0.0,
            "steer": 0.0
        },
        {
            "throttle": 0.35281552056880744,
            "brake": 0.0,
            "steer": 0.0
        },
        {
            "throttle": 0.35740744245994627,
            "brake": 0.0,
            "steer": 0.0
        },
        {
            "throttle": 0.36390361686654105,
            "brake": 0.0,
            "steer": 0.0
        },
        {
            "throttle": 0.3720494460323851,
            "brake": 0.0,
            "steer": 0.0
        },
        {
            "throttle": 0.3815952937492679,
            "brake": 0.0,
            "steer": 0.0
        },
        {
            "throttle": 0.3922967440497065,
            "brake": 0.0,
            "steer": 0.0
        },
        {
            "throttle": 0.4039150100444918,
            "brake": 0.0,
            "steer": 0.0
        },
        {
            "throttle": 0.41621746959184985,
            "brake": 0.0,
            "steer": 0.0
        },
        {
            "throttle": 0.4289783053211383,
            "brake": 0.0,
            "steer": 0.0
        },
        {
            "throttle": 0.44197922737382445,
            "brake": 0.0,
            "steer": 0.0
        },
        {
            "throttle": 0.45501025808019474,
            "brake": 0.0,
            "steer": 0.0
        },
        {
            "throttle": 0.4678705586719085,
            "brake": 0.0,
            "steer": 0.0
        },
        {
            "throttle": 0.48036927904619675,
            "brake": 0.0,
            "steer": 0.0
        },
        {
            "throttle": 0.49232641255339793,
            "brake": 0.0,
            "steer": 0.0
        },
        {
            "throttle": 0.5035736387799965,
            "brake": 0.0,
            "steer": 0.0
        },
        {
            "throttle": 0.5139551383470832,
            "brake": 0.0,
            "steer": 0.0
        },
        {
            "throttle": 0.5233283648403018,
            "brake": 0.0,
            "steer": 0.0
        },
        {
            "throttle": 0.5315647601315148,
            "brake": 0.0,
            "steer": 0.0
        },
        {
            "throttle": 0.5385504005428848,
            "brake": 0.0,
            "steer": 0.0
        },
        {
            "throttle": 0.5441865625378275,
            "brake": 0.0,
            "steer": 0.0
        },
        {
            "throttle": 0.5483901978962104,
            "brake": 0.0,
            "steer": 0.0
        },
        {
            "throttle": 0.5510943096380744,
            "brake": 0.0,
            "steer": 0.0
        },
        {
            "throttle": 0.5522482212949374,
            "brake": 0.0,
            "steer": 0.0
        },
        {
            "throttle": 0.5518177334835114,
            "brake": 0.0,
            "steer": 0.0
        },
        {
            "throttle": 0.5497851631058334,
            "brake": 0.0,
            "steer": 0.0
        },
        {
            "throttle": 0.5461492618742201,
            "brake": 0.0,
            "steer": 0.0
        },
        {
            "throttle": 0.5409250122304974,
            "brake": 0.0,
            "steer": 0.0
        },
        {
            "throttle": 0.5341433000876892,
            "brake": 0.0,
            "steer": 0.0
        },
        {
            "throttle": 0.5258504651596099,
            "brake": 0.0,
            "steer": 0.0
        },
        {
            "throttle": 0.5161077309503311,
            "brake": 0.0,
            "steer": 0.0
        },
        {
            "throttle": 0.5049905177420231,
            "brake": 0.0,
            "steer": 0.0
        },
        {
            "throttle": 0.49258764313707276,
            "brake": 0.0,
            "steer": 0.0
        },
        {
            "throttle": 0.4790004158697322,
            "brake": 0.0,
            "steer": 0.0
        },
        {
            "throttle": 0.4643416296952616,
            "brake": 0.0,
            "steer": 0.0
        },
        {
            "throttle": 0.4487344651824287,
            "brake": 0.0,
            "steer": 0.0
        },
        {
            "throttle": 0.4323113081706479,
            "brake": 0.0,
            "steer": 0.0
        },
        {
            "throttle": 0.4152124944989193,
            "brake": 0.0,
            "steer": 0.0
        },
        {
            "throttle": 0.39758499136366116,
            "brake": 0.0,
            "steer": 0.0
        },
        {
            "throttle": 0.3795810263108667,
            "brake": 0.0,
            "steer": 0.0
        },
        {
            "throttle": 0.3613566754098981,
            "brake": 0.0,
            "steer": 0.0
        },
        {
            "throttle": 0.3430704225876673,
            "brake": 0.0,
            "steer": 0.0
        },
        {
            "throttle": 0.32488170241984027,
            "brake": 0.0,
            "steer": 0.0
        },
        {
            "throttle": 0.3069494388778888,
            "brake": 0.0,
            "steer": 0.0
        },
        {
            "throttle": 0.28943059261609944,
            "brake": 0.0,
            "steer": 0.0
        },
        {
            "throttle": 0.27247872935082557,
            "brake": 0.0,
            "steer": 0.0
        },
        {
            "throttle": 0.25624262173610735,
            "brake": 0.0,
            "steer": 0.0
        },
        {
            "throttle": 0.24086489687705154,
            "brake": 0.0,
            "steer": 0.0
        },
        {
            "throttle": 0.22648074124780115,
            "brake": 0.0,
            "steer": 0.0
        },
        {
            "throttle": 0.21321667429822808,
            "brake": 0.0,
            "steer": 0.0
        },
        {
            "throttle": 0.2011894014472805,
            "brake": 0.0,
            "steer": 0.0
        },
        {
            "throttle": 0.1905047564767251,
            "brake": 0.0,
            "steer": 0.0
        },
        {
            "throttle": 0.18125674256320437,
            "brake": 0.0,
            "steer": 0.0
        },
        {
            "throttle": 0.17352668032623383,
            "brake": 0.0,
            "steer": 0.0
        },
        {
            "throttle": 0.16738247033287243,
            "brake": 0.0,
            "steer": 0.0
        },
        {
            "throttle": 0.162877976494858,
            "brake": 0.0,
            "steer": 0.0
        },
        {
            "throttle": 0.16005253573013642,
            "brake": 0.0,
            "steer": 0.0
        },
        {
            "throttle": 0.15893059814756888,
            "brake": 0.0,
            "steer": 0.0
        },
        {
            "throttle": 0.15952150086123765,
            "brake": 0.0,
            "steer": 0.0
        },
        {
            "throttle": 0.1618193773595877,
            "brake": 0.0,
            "steer": 0.0
        },
        {
            "throttle": 0.16580320315527985,
            "brake": 0.0,
            "steer": 0.0
        },
        {
            "throttle": 0.1714369772348864,
            "brake": 0.0,
            "steer": 0.0
        },
        {
            "throttle": 0.17867003762428207,
            "brake": 0.0,
            "steer": 0.0
        },
        {
            "throttle": 0.1874375081965792,
            "brake": 0.0,
            "steer": 0.0
        },
        {
            "throttle": 0.1976608726854019,
            "brake": 0.0,
            "steer": 0.0
        },
        {
            "throttle": 0.2092486707376343,
            "brake": 0.0,
            "steer": 0.0
        },
        {
            "throttle": 0.22209730975663183,
            "brake": 0.0,
            "steer": 0.0
        },
        {
            "throttle": 0.23609198525896574,
            "brake": 0.0,
            "steer": 0.0
        },
        {
            "throttle": 0.25110770150429007,
            "brake": 0.0,
            "steer": 0.0
        },
        {
            "throttle": 0.2670103832675096,
            "brake": 0.0,
            "steer": 0.0
        },
        {
            "throttle": 0.2836580688130673,
            "brake": 0.0,
            "steer": 0.0
        },
        {
            "throttle": 0.3009021734101066,
            "brake": 0.0,
            "steer": 0.0
        },
        {
            "throttle": 0.31858881210096357,
            "brake": 0.0,
            "steer": 0.0
        },
        {
            "throttle": 0.3365601699095126,
            "brake": 0.0,
            "steer": 0.0
        },
        {
            "throttle": 0.3546559072550467,
            "brake": 0.0,
            "steer": 0.0
        },
        {
            "throttle": 0.37271458802539004,
            "brake": 0.0,
            "steer": 0.0
        },
        {
            "throttle": 0.39057511756262236,
            "brake": 0.0,
            "steer": 0.0
        },
        {
            "throttle": 0.4080781777279449,
            "brake": 0.0,
            "steer": 0.0
        },
        {
            "throttle": 0.4250676462396251,
            "brake": 0.0,
            "steer": 0.0
        },
        {
            "throttle": 0.44139198761939835,
            "brake": 0.0,
            "steer": 0.0
        },
        {
            "throttle": 0.4569056033369263,
            "brake": 0.0,
            "steer": 0.0
        },
        {
            "throttle": 0.4714701291066632,
            "brake": 0.0,
            "steer": 0.0
        },
        {
            "throttle": 0.484955667763521,
            "brake": 0.0,
            "steer": 0.0
        },
        {
            "throttle": 0.49724194671885413,
            "brake": 0.0,
            "steer": 0.0
        },
        {
            "throttle": 0.5082193896713854,
            "brake": 0.0,
            "steer": 0.0
        },
        {
            "throttle": 0.5177900930127752,
            "brake": 0.0,
            "steer": 0.0
        },
        {
            "throttle": 0.525868698217782,
            "brake": 0.0,
            "steer": 0.0
        },
        {
            "throttle": 0.5323831524367987,
            "brake": 0.0,
            "steer": 0.0
        },
        {
            "throttle": 0.5372753505057141,
            "brake": 0.0,
            "steer": 0.0
        },
        {
            "throttle": 0.5405016526456551,
            "brake": 0.0,
            "steer": 0.0
        },
        {
            "throttle": 0.542033273233785,
            "brake": 0.0,
            "steer": 0.0
        },
        {
            "throttle": 0.5418565371760996,
            "brake": 0.0,
            "steer": 0.0
        },
        {
            "throttle": 0.5399730015938118,
            "brake": 0.0,
            "steer": 0.0
        },
        {
            "throttle": 0.5363994417359441,
            "brake": 0.0,
            "steer": 0.0
        },
        {
            "throttle": 0.5311677012414345,
            "brake": 0.0,
            "steer": 0.0
        },
        {
            "throttle": 0.5243244080836283,
            "brake": 0.0,
            "steer": 0.0
        },
        {
            "throttle": 0.5159305587276876,
            "brake": 0.0,
            "steer": 0.0
        },
        {
            "throttle": 0.5060609742065295,
            "brake": 0.0,
            "steer": 0.0
        },
        {
            "throttle": 0.49480363296292923,
            "brake": 0.0,
            "steer": 0.0
        },
        {
            "throttle": 0.48225888640421405,
            "brake": 0.0,
            "steer": 0.0
        },
        {
            "throttle": 0.46853856416173906,
            "brake": 0.0,
            "steer": 0.0
        },
        {
            "throttle": 0.4537649770307474,
            "brake": 0.0,
            "steer": 0.0
        },
        {
            "throttle": 0.43806982647851783,
            "brake": 0.0,
            "steer": 0.0
        },
        {
            "throttle": 0.4215930304417509,
            "brake": 0.0,
            "steer": 0.0
        },
        {
            "throttle": 0.4044814758805251,
            "brake": 0.0,
            "steer": 0.0
        },
        {
            "throttle": 0.38688770920920473,
            "brake": 0.0,
            "steer": 0.0
        },
        {
            "throttle": 0.36896857627858554,
            "brake": 0.0,
            "steer": 0.0
        },
        {
            "throttle": 0.3508838240333853,
            "brake": 0.0,
            "steer": 0.0
        },
        {
            "throttle": 0.3327946763109112,
            "brake": 0.0,
            "steer": 0.0
        },
        {
            "throttle": 0.3148623964773225,
            "brake": 0.0,
            "steer": 0.0
        },
        {
            "throttle": 0.29724684971529874,
            "brake": 0.0,
            "steer": 0.0
        },
        {
            "throttle": 0.2801050777800719,
            "brake": 0.0,
            "steer": 0.0
        },
        {
            "throttle": 0.2635898989296647,
            "brake": 0.0,
            "steer": 0.0
        },
        {
            "throttle": 0.2478485455107797,
            "brake": 0.0,
            "steer": 0.0
        },
        {
            "throttle": 0.2330213513461107,
            "brake": 0.0,
            "steer": 0.0
        },
        {
            "throttle": 0.21924050062489298,
            "brake": 0.0,
            "steer": 0.0
        },
        {
            "throttle": 0.20662884945022492,
            "brake": 0.0,
            "steer": 0.0
        },
        {
            "throttle": 0.1952988305489754,
            "brake": 0.0,
            "steer": 0.0
        },
        {
            "throttle": 0.18535145090870875,
            "brake": 0.0,
            "steer": 0.0
        },
        {
            "throttle": 0.17687539127762403,
            "brake": 0.0,
            "steer": 0.0
        },
        {
            "throttle": 0.16994621555540432,
            "brake": 0.0,
            "steer": 0.0
        },
        {
            "throttle": 0.16462569712319716,
            "brake": 0.0,
            "steer": 0.0
        },
        {
            "throttle": 0.1609612681184392,
            "brake": 0.0,
            "steer": 0.0
        },
        {
            "throttle": 0.15898559656418315,
            "brake": 0.0,
            "steer": 0.0
        },
        {
            "throttle": 0.15871629512276272,
            "brake": 0.0,
            "steer": 0.0
        },
        {
            "throttle": 0.1601557640701965,
            "brake": 0.0,
            "steer": 0.0
        },
        {
            "throttle": 0.1632911698911504,
            "brake": 0.0,
            "steer": 0.0
        },
        {
            "throttle": 0.16809455968521594,
            "brake": 0.0,
            "steer": 0.0
        },
        {
            "throttle": 0.17452311036449838,
            "brake": 0.0,
            "steer": 0.0
        },
        {
            "throttle": 0.18251951042083728,
            "brake": 0.0,
            "steer": 0.0
        },
        {
            "throttle": 0.1920124708591177,
            "brake": 0.0,
            "steer": 0.0
        },
        {
            "throttle": 0.202917360741607,
            "brake": 0.0,
            "steer": 0.0
        },
        {
            "throttle": 0.21513696167733853,
            "brake": 0.0,
            "steer": 0.0
        },
        {
            "throttle": 0.22856233453016067,
            "brake": 0.0,
            "steer": 0.0
        },
        {
            "throttle": 0.24307379061863368,
            "brake": 0.0,
            "steer": 0.0
        },
        {
            "throttle": 0.2585419587494061,
            "brake": 0.0,
            "steer": 0.0
        },
        {
            "throttle": 0.2748289385713402,
            "brake": 0.0,
            "steer": 0.0
        },
        {
            "throttle": 0.2917895299681018,
            "brake": 0.0,
            "steer": 0.0
        },
        {
            "throttle": 0.3092725275290415,
            "brake": 0.0,
            "steer": 0.0
        },
        {
            "throttle": 0.3271220685580185,
            "brake": 0.0,
            "steer": 0.0
        },
        {
            "throttle": 0.3451790226025234,
            "brake": 0.0,
            "steer": 0.0
        },
        {
            "throttle": 0.3632824101153011,
            "brake": 0.0,
            "steer": 0.0
        },
        {
            "throttle": 0.3812708376009577,
            "brake": 0.0,
            "steer": 0.0
        },
        {
            "throttle": 0.3989839364530721,
            "brake": 0.0,
            "steer": 0.0
        },
        {
            "throttle": 0.4162637926544317,
            "brake": 0.0,
            "steer": 0.0
        },
        {
            "throttle": 0.4329563545944701,
            "brake": 0.0,
            "steer": 0.0
        },
        {
            "throttle": 0.38966071913502315,
            "brake": 0.07832172048795237,
            "steer": 0.0
        },
        {
            "throttle": 0.3506946472215208,
            "brake": 0.1488112689271095,
            "steer": 0.0
        },
        {
            "throttle": 0.3156251824993688,
            "brake": 0.2122518625223509,
            "steer": 0.0
        },
        {
            "throttle": 0.2840626642494319,
            "brake": 0.2693483967580682,
            "steer": 0.0
        },
        {
            "throttle": 0.2556563978244887,
            "brake": 0.32073527757021375,
            "steer": 0.0
        },
        {
            "throttle": 0.23009075804203982,
            "brake": 0.36698347030114475,
            "steer": 0.0
        },
        {
            "throttle": 0.20708168223783585,
            "brake": 0.40860684375898265,
            "steer": 0.0
        },
        {
            "throttle": 0.18637351401405228,
            "brake": 0.4460678798710368,
            "steer": 0.0
        },
        {
            "throttle": 0.16773616261264707,
            "brake": 0.4797828123718855,
            "steer": 0.0
        },
        {
            "throttle": 0.15096254635138237,
            "brake": 0.5101262516226494,
            "steer": 0.0
        },
        {
            "throttle": 0.13586629171624415,
            "brake": 0.5374353469483368,
            "steer": 0.0
        },
        {
            "throttle": 0.12227966254461974,
            "brake": 0.5620135327414555,
            "steer": 0.0
        },
        {
            "throttle": 0.11005169629015776,
            "brake": 0.5841338999552623,
            "steer": 0.0
        },
        {
            "throttle": 0.09904652666114198,
            "brake": 0.6040422304476885,
            "steer": 0.0
        },
        {
            "throttle": 0.08914187399502779,
            "brake": 0.6219597278908721,
            "steer": 0.0
        },
        {
            "throttle": 0.08022768659552501,
            "brake": 0.6380854755897373,
            "steer": 0.0
        },
        {
            "throttle": 0.07220491793597252,
            "brake": 0.652598648518716,
            "steer": 0.0
        },
        {
            "throttle": 0.06498442614237526,
            "brake": 0.6656605041547967,
            "steer": 0.0
        },
        {
            "throttle": 0.05848598352813774,
            "brake": 0.6774161742272694,
            "steer": 0.0
        },
        {
            "throttle": 0.052637385175323965,
            "brake": 0.6879962772924949,
            "steer": 0.0
        },
        {
            "throttle": 0.04737364665779157,
            "brake": 0.6975183700511978,
            "steer": 0.0
        },
        {
            "throttle": 0.042636281992012415,
            "brake": 0.7060882535340304,
            "steer": 0.0
        },
        {
            "throttle": 0.03837265379281118,
            "brake": 0.7138011486685797,
            "steer": 0.0
        },
        {
            "throttle": 0.03453538841353006,
            "brake": 0.7207427542896742,
            "steer": 0.0
        },
        {
            "throttle": 0.031081849572177054,
            "brake": 0.7269901993486592,
            "steer": 0.0
        },
        {
            "throttle": 0.02797366461495935,
            "brake": 0.7326128999017456,
            "steer": 0.0
        },
        {
            "throttle": 0.04701630384514533,
            "brake": 0.659351609911571,
            "steer": 0.0
        },
        {
            "throttle": 0.0423146734606308,
            "brake": 0.6717381694083664,
            "steer": 0.0
        },
        {
            "throttle": 0.038083206114567725,
            "brake": 0.6828860729554822,
            "steer": 0.0
        },
        {
            "throttle": 0.034274885503110954,
            "brake": 0.6929191861478864,
            "steer": 0.0
        },
        {
            "throttle": 0.03084739695279986,
            "brake": 0.7019489880210501,
            "steer": 0.0
        },
        {
            "throttle": 0.027762657257519873,
            "brake": 0.7100758097068975,
            "steer": 0.0
        },
        {
            "throttle": 0.024986391531767887,
            "brake": 0.7173899492241602,
            "steer": 0.0
        },
        {
            "throttle": 0.0224877523785911,
            "brake": 0.7239726747896966,
            "steer": 0.0
        },
        {
            "throttle": 0.02023897714073199,
            "brake": 0.7298971277986793,
            "steer": 0.0
        },
        {
            "throttle": 0.01821507942665879,
            "brake": 0.7352291355067638,
            "steer": 0.0
        },
        {
            "throttle": 0.01639357148399291,
            "brake": 0.7400279424440398,
            "steer": 0.0
        },
        {
            "throttle": 0.01475421433559362,
            "brake": 0.7443468686875883,
            "steer": 0.0
        },
        {
            "throttle": 0.013278792902034259,
            "brake": 0.7482339023067819,
            "steer": 0.0
        },
        {
            "throttle": 0.011950913611830833,
            "brake": 0.7517322325640561,
            "steer": 0.0
        },
        {
            "throttle": 0.01075582225064775,
            "brake": 0.7548807297956028,
            "steer": 0.0
        },
        {
            "throttle": 0.009680240025582976,
            "brake": 0.7577143773039949,
            "steer": 0.0
        },
        {
            "throttle": 0.00871221602302468,
            "brake": 0.7602646600615478,
            "steer": 0.0
        },
        {
            "throttle": 0.007840994420722211,
            "brake": 0.7625599145433454,
            "steer": 0.0
        },
        {
            "throttle": 0.00705689497864999,
            "brake": 0.7646256435769633,
            "steer": 0.0
        },
        {
            "throttle": 0.006351205480784991,
            "brake": 0.7664847997072194,
            "steer": 0.0
        },
        {
            "throttle": 0.0057160849327064925,
            "brake": 0.7681580402244499,
            "steer": 0.0
        },
        {
            "throttle": 0.005144476439435843,
            "brake": 0.7696639566899574,
            "steer": 0.0
        },
        {
            "throttle": 0.0046300287954922584,
            "brake": 0.771019281508914,
            "steer": 0.0
        },
        {
            "throttle": 0.004167025915943033,
            "brake": 0.772239073845975,
            "steer": 0.0
        },
        {
            "throttle": 0.0037503233243487296,
            "brake": 0.7733368869493299,
            "steer": 0.0
        },
        {
            "throttle": 0.0033752909919138566,
            "brake": 0.7743249187423493,
            "steer": 0.0
        },
        {
            "throttle": 0.003037761892722471,
            "brake": 0.7752141473560668,
            "steer": 0.0
        },
        {
            "throttle": 0.036407958104848516,
            "brake": 0.69769273262046,
            "steer": 0.0
        }
    ],
    "parameters": {
        "cloudiness": 49.93481822760364,
        "fog_density": 64.05634338756153,
        "initial_distance": 22.75637017300014,
        "initial_ego_velocity": 9.40517478995466,
        "initial_lead_velocity": 19.870862967846293,
        "lead_base_throttle": 0.35038732610943074,
        "lead_behavior_frequency": 0.15032961637904113,
        "lead_brake_duration": 26.649019582050176,
        "lead_brake_intensity": 0.7832172048795236,
        "lead_brake_probability": 0.24766619747605037,
        "lead_throttle_variation": 0.25745718379627186,
        "precipitation": 73.2697314351946,
        "precipitation_deposits": 13.640356197769076,
        "sun_altitude_angle": -7.368018396983842,
        "wind_intensity": 24.379126712623556
    },
    "config": {
        "num_timesteps": 200,
        "dt": 0.1,
        "seed": 196
    }
}