{
    "weather": {
        "cloudiness": 13.199336722967148,
        "precipitation": 20.789989252038986,
        "precipitation_deposits": 34.54743784176044,
        "wind_intensity": 17.24431956068987,
        "sun_altitude_angle": 80.04119244694512,
        "fog_density": 42.34490847675407,
        "fog_distance": 243.77808646354558,
        "wetness": 10.394994626019493
    },
    "initial_conditions": {
        "ego": {
            "position": {
                "x": 501.66467174630776,
                "y": 20.57,
                "z": 0.294
            },
            "yaw": 0.0,
            "velocity": 8.42377913839501
        },
        "lead": {
            "position": {
                "x": 484.88,
                "y": 20.57,
                "z": 0.294
            },
            "yaw": 0.0,
            "velocity": 10.585402908490295
        }
    },
    "ego": {
        "position": {
            "x": 501.66467174630776,
            "y": 20.57,
            "z": 0.294
        },
        "yaw": 0.0,
        "velocity": 8.42377913839501
    },
    "lead": {
        "position": {
            "x": 484.88,
            "y": 20.57,
            "z": 0.294
        },
        "yaw": 0.0,
        "velocity": 10.585402908490295
    },
    "ado_actions": [
        {
            "throttle": 0.3539210088458016,
            "brake": 0.0,
            "steer": 0.0
        },
        {
            "throttle": 0.35562786630905585,
            "brake": 0.0,
            "steer": 0.0
        },
        {
            "throttle": 0.35885649998287045,
            "brake": 0.0,
            "steer": 0.0
        },
        {
            "throttle": 0.3634260626440608,
            "brake": 0.0,
            "steer": 0.0
        },
        {
            "throttle": 0.36915975949325047,
            "brake": 0.0,
            "steer": 0.0
        },
        {
            "throttle": 0.37588480305708116,
            "brake": 0.0,
            "steer": 0.0
        },
        {
            "throttle": 0.38343248791011064,
            "brake": 0.0,
            "steer": 0.0
        },
        {
            "throttle": 0.39163836922448286,
            "brake": 0.0,
            "steer": 0.0
        },
        {
            "throttle": 0.40034252981595,
            "brake": 0.0,
            "steer": 0.0
        },
        {
            "throttle": 0.40938992099101035,
            "brake": 0.0,
            "steer": 0.0
        },
        {
            "throttle": 0.41863076312179076,
            "brake": 0.0,
            "steer": 0.0
        },
        {
            "throttle": 0.4279209924914328,
            "brake": 0.0,
            "steer": 0.0
        },
        {
            "throttle": 0.43712274157038233,
            "brake": 0.0,
            "steer": 0.0
        },
        {
            "throttle": 0.44610484050912297,
            "brake": 0.0,
            "steer": 0.0
        },
        {
            "throttle": 0.4547433282703386,
            "brake": 0.0,
            "steer": 0.0
        },
        {
            "throttle": 0.462921962476941,
            "brake": 0.0,
            "steer": 0.0
        },
        {
            "throttle": 0.4705327177244984,
            "brake": 0.0,
            "steer": 0.0
        },
        {
            "throttle": 0.4774762627990359,
            "brake": 0.0,
            "steer": 0.0
        },
        {
            "throttle": 0.48366240795471976,
            "brake": 0.0,
            "steer": 0.0
        },
        {
            "throttle": 0.4890105141405171,
            "brake": 0.0,
            "steer": 0.0
        },
        {
            "throttle": 0.4934498568197012,
            "brake": 0.0,
            "steer": 0.0
        },
        {
            "throttle": 0.4969199377995088,
            "brake": 0.0,
            "steer": 0.0
        },
        {
            "throttle": 0.4993707392781604,
            "brake": 0.0,
            "steer": 0.0
        },
        {
            "throttle": 0.5007629151200724,
            "brake": 0.0,
            "steer": 0.0
        },
        {
            "throttle": 0.5010679151841603,
            "brake": 0.0,
            "steer": 0.0
        },
        {
            "throttle": 0.5002680393509437,
            "brake": 0.0,
            "steer": 0.0
        },
        {
            "throttle": 0.4983564187176558,
            "brake": 0.0,
            "steer": 0.0
        },
        {
            "throttle": 0.49533692225232717,
            "brake": 0.0,
            "steer": 0.0
        },
        {
            "throttle": 0.49122398801325434,
            "brake": 0.0,
            "steer": 0.0
        },
        {
            "throttle": 0.48604237884455714,
            "brake": 0.0,
            "steer": 0.0
        },
        {
            "throttle": 0.4798268632467718,
            "brake": 0.0,
            "steer": 0.0
        },
        {
            "throttle": 0.4726218228886422,
            "brake": 0.0,
            "steer": 0.0
        },
        {
            "throttle": 0.4644807889675107,
            "brake": 0.0,
            "steer": 0.0
        },
        {
            "throttle": 0.4554659103360777,
            "brake": 0.0,
            "steer": 0.0
        },
        {
            "throttle": 0.44564735698802715,
            "brake": 0.0,
            "steer": 0.0
        },
        {
            "throttle": 0.43510266312952434,
            "brake": 0.0,
            "steer": 0.0
        },
        {
            "throttle": 0.42391601465351425,
            "brake": 0.0,
            "steer": 0.0
        },
        {
            "throttle": 0.41217748637500645,
            "brake": 0.0,
            "steer": 0.0
        },
        {
            "throttle": 0.39998223487436674,
            "brake": 0.0,
            "steer": 0.0
        },
        {
            "throttle": 0.38742965322863987,
            "brake": 0.0,
            "steer": 0.0
        },
        {
            "throttle": 0.3746224942851104,
            "brake": 0.0,
            "steer": 0.0
        },
        {
            "throttle": 0.36166596944409307,
            "brake": 0.0,
            "steer": 0.0
        },
        {
            "throttle": 0.3486668301672223,
            "brake": 0.0,
            "steer": 0.0
        },
        {
            "throttle": 0.33573243961165555,
            "brake": 0.0,
            "steer": 0.0
        },
        {
            "throttle": 0.3229698419084898,
            "brake": 0.0,
            "steer": 0.0
        },
        {
            "throttle": 0.31048483665470533,
            "brake": 0.0,
            "steer": 0.0
        },
        {
            "throttle": 0.29838106617201354,
            "brake": 0.0,
            "steer": 0.0
        },
        {
            "throttle": 0.2867591230035386,
            "brake": 0.0,
            "steer": 0.0
        },
        {
            "throttle": 0.2757156849712838,
            "brake": 0.0,
            "steer": 0.0
        },
        {
            "throttle": 0.26534268490532487,
            "brake": 0.0,
            "steer": 0.0
        },
        {
            "throttle": 0.2557265218816441,
            "brake": 0.0,
            "steer": 0.0
        },
        {
            "throttle": 0.24694732047199142,
            "brake": 0.0,
            "steer": 0.0
        },
        {
            "throttle": 0.23907824411912748,
            "brake": 0.0,
            "steer": 0.0
        },
        {
            "throttle": 0.23218486830771976,
            "brake": 0.0,
            "steer": 0.0
        },
        {
            "throttle": 0.22632461870891948,
            "brake": 0.0,
            "steer": 0.0
        },
        {
            "throttle": 0.22154627893952367,
            "brake": 0.0,
            "steer": 0.0
        },
        {
            "throttle": 0.2178895719992762,
            "brake": 0.0,
            "steer": 0.0
        },
        {
            "throttle": 0.21538481883726346,
            "brake": 0.0,
            "steer": 0.0
        },
        {
            "throttle": 0.2140526768557758,
            "brake": 0.0,
            "steer": 0.0
        },
        {
            "throttle": 0.21390396049294497,
            "brake": 0.0,
            "steer": 0.0
        },
        {
            "throttle": 0.21493954533963439,
            "brake": 0.0,
            "steer": 0.0
        },
        {
            "throttle": 0.21715035654730952,
            "brake": 0.0,
            "steer": 0.0
        },
        {
            "throttle": 0.2205174415779054,
            "brake": 0.0,
            "steer": 0.0
        },
        {
            "throttle": 0.19846569742011486,
            "brake": 0.0601422511367007,
            "steer": 0.0
        },
        {
            "throttle": 0.17861912767810337,
            "brake": 0.11427027715973133,
            "steer": 0.0
        },
        {
            "throttle": 0.16075721491029304,
            "brake": 0.1629855005804589,
            "steer": 0.0
        },
        {
            "throttle": 0.14468149341926376,
            "brake": 0.20682920165911373,
            "steer": 0.0
        },
        {
            "throttle": 0.1302133440773374,
            "brake": 0.24628853262990308,
            "steer": 0.0
        },
        {
            "throttle": 0.11719200966960366,
            "brake": 0.28180193050361346,
            "steer": 0.0
        },
        {
            "throttle": 0.1054728087026433,
            "brake": 0.3137639885899528,
            "steer": 0.0
        },
        {
            "throttle": 0.09492552783237898,
            "brake": 0.3425298408676582,
            "steer": 0.0
        },
        {
            "throttle": 0.08543297504914109,
            "brake": 0.3684191079175931,
            "steer": 0.0
        },
        {
            "throttle": 0.07688967754422699,
            "brake": 0.39171944826253446,
            "steer": 0.0
        },
        {
            "throttle": 0.06920070978980429,
            "brake": 0.41268975457298174,
            "steer": 0.0
        },
        {
            "throttle": 0.062280638810823866,
            "brake": 0.43156303025238424,
            "steer": 0.0
        },
        {
            "throttle": 0.05605257492974148,
            "brake": 0.4485489783638465,
            "steer": 0.0
        },
        {
            "throttle": 0.05044731743676733,
            "brake": 0.46383633166416255,
            "steer": 0.0
        },
        {
            "throttle": 0.045402585693090594,
            "brake": 0.477594949634447,
            "steer": 0.0
        },
        {
            "throttle": 0.0906248497985471,
            "brake": 0.4298354546710023,
            "steer": 0.0
        },
        {
            "throttle": 0.1323484250792513,
            "brake": 0.3868519092039021,
            "steer": 0.0
        },
        {
            "throttle": 0.17079334893203546,
            "brake": 0.3481667182835119,
            "steer": 0.0
        },
        {
            "throttle": 0.20615011756459362,
            "brake": 0.31335004645516074,
            "steer": 0.0
        },
        {
            "throttle": 0.23858379867357338,
            "brake": 0.28201504180964465,
            "steer": 0.0
        },
        {
            "throttle": 0.26823778665393583,
            "brake": 0.2538135376286802,
            "steer": 0.0
        },
        {
            "throttle": 0.29523722586151824,
            "brake": 0.22843218386581218,
            "steer": 0.0
        },
        {
            "throttle": 0.3196921245310411,
            "brake": 0.20558896547923097,
            "steer": 0.0
        },
        {
            "throttle": 0.3417001794134117,
            "brake": 0.18503006893130788,
            "steer": 0.0
        },
        {
            "throttle": 0.3613493290033066,
            "brake": 0.1665270620381771,
            "steer": 0.0
        },
        {
            "throttle": 0.37872005134769093,
            "brake": 0.1498743558343594,
            "steer": 0.0
        },
        {
            "throttle": 0.3938874208276758,
            "brake": 0.13488692025092347,
            "steer": 0.0
        },
        {
            "throttle": 0.4069229369617239,
            "brake": 0.12139822822583113,
            "steer": 0.0
        },
        {
            "throttle": 0.41789613716149093,
            "brake": 0.10925840540324802,
            "steer": 0.0
        },
        {
            "throttle": 0.4268760044581923,
            "brake": 0.09833256486292322,
            "steer": 0.0
        },
        {
            "throttle": 0.43393218048460913,
            "brake": 0.08849930837663089,
            "steer": 0.0
        },
        {
            "throttle": 0.43913599342453347,
            "brake": 0.07964937753896781,
            "steer": 0.0
        },
        {
            "throttle": 0.4425613102078009,
            "brake": 0.07168443978507102,
            "steer": 0.0
        },
        {
            "throttle": 0.44428522191657843,
            "brake": 0.06451599580656392,
            "steer": 0.0
        },
        {
            "throttle": 0.44438857115996033,
            "brake": 0.058064396225907526,
            "steer": 0.0
        },
        {
            "throttle": 0.44295633005297586,
            "brake": 0.05225795660331677,
            "steer": 0.0
        },
        {
            "throttle": 0.4400778373877138,
            "brake": 0.047032160942985096,
            "steer": 0.0
        },
        {
            "throttle": 0.43584690359427386,
            "brake": 0.04232894484868659,
            "steer": 0.0
        },
        {
            "throttle": 0.43036179214450776,
            "brake": 0.03809605036381793,
            "steer": 0.0
        },
        {
            "throttle": 0.4237250861397648,
            "brake": 0.03428644532743613,
            "steer": 0.0
        },
        {
            "throttle": 0.4160434489337684,
            "brake": 0.03085780079469252,
            "steer": 0.0
        },
        {
            "throttle": 0.40742728776285664,
            "brake": 0.02777202071522327,
            "steer": 0.0
        },
        {
            "throttle": 0.39799032947851326,
            "brake": 0.024994818643700945,
            "steer": 0.0
        },
        {
            "throttle": 0.35819129653066195,
            "brake": 0.08263758791603155,
            "steer": 0.0
        },
        {
            "throttle": 0.3223721668775958,
            "brake": 0.1345160802611291,
            "steer": 0.0
        },
        {
            "throttle": 0.2901349501898362,
            "brake": 0.1812067233717169,
            "steer": 0.0
        },
        {
            "throttle": 0.2611214551708526,
            "brake": 0.2232283021712459,
            "steer": 0.0
        },
        {
            "throttle": 0.23500930965376735,
            "brake": 0.261047723090822,
            "steer": 0.0
        },
        {
            "throttle": 0.21150837868839062,
            "brake": 0.2950852019184405,
            "steer": 0.0
        },
        {
            "throttle": 0.19035754081955156,
            "brake": 0.3257189328632972,
            "steer": 0.0
        },
        {
            "throttle": 0.1713217867375964,
            "brake": 0.35328929071366816,
            "steer": 0.0
        },
        {
            "throttle": 0.15418960806383677,
            "brake": 0.37810261277900203,
            "steer": 0.0
        },
        {
            "throttle": 0.1387706472574531,
            "brake": 0.4004346026378025,
            "steer": 0.0
        },
        {
            "throttle": 0.1248935825317078,
            "brake": 0.42053339351072294,
            "steer": 0.0
        },
        {
            "throttle": 0.11240422427853702,
            "brake": 0.4386223052963513,
            "steer": 0.0
        },
        {
            "throttle": 0.10116380185068333,
            "brake": 0.4549023259034169,
            "steer": 0.0
        },
        {
            "throttle": 0.091047421665615,
            "brake": 0.4695543444497759,
            "steer": 0.0
        },
        {
            "throttle": 0.0819426794990535,
            "brake": 0.482741161141499,
            "steer": 0.0
        },
        {
            "throttle": 0.09067003936028863,
            "brake": 0.4344670450273491,
            "steer": 0.0
        },
        {
            "throttle": 0.09880779695985535,
            "brake": 0.3910203405246142,
            "steer": 0.0
        },
        {
            "throttle": 0.10656830316435932,
            "brake": 0.3519183064721528,
            "steer": 0.0
        },
        {
            "throttle": 0.11413899214036542,
            "brake": 0.3167264758249375,
            "steer": 0.0
        },
        {
            "throttle": 0.12168361038982399,
            "brake": 0.2850538282424438,
            "steer": 0.0
        },
        {
            "throttle": 0.12934336458136672,
            "brake": 0.25654844541819943,
            "steer": 0.0
        },
        {
            "throttle": 0.13723800659515983,
            "brake": 0.2308936008763795,
            "steer": 0.0
        },
        {
            "throttle": 0.14546687191869698,
            "brake": 0.20780424078874155,
            "steer": 0.0
        },
        {
            "throttle": 0.15410988539549283,
            "brake": 0.1870238167098674,
            "steer": 0.0
        },
        {
            "throttle": 0.16322854632800946,
            "brake": 0.16832143503888067,
            "steer": 0.0
        },
        {
            "throttle": 0.17286690306189878,
            "brake": 0.1514892915349926,
            "steer": 0.0
        },
        {
            "throttle": 0.1555802127557089,
            "brake": 0.19648261351819407,
            "steer": 0.0
        },
        {
            "throttle": 0.14002219148013803,
            "brake": 0.23697660330307535,
            "steer": 0.0
        },
        {
            "throttle": 0.12601997233212422,
            "brake": 0.2734211941094685,
            "steer": 0.0
        },
        {
            "throttle": 0.1134179750989118,
            "brake": 0.3062213258352224,
            "steer": 0.0
        },
        {
            "throttle": 0.10207617758902063,
            "brake": 0.3357414443884008,
            "steer": 0.0
        },
        {
            "throttle": 0.09186855983011857,
            "brake": 0.36230955108626145,
            "steer": 0.0
        },
        {
            "throttle": 0.08268170384710671,
            "brake": 0.386220847114336,
            "steer": 0.0
        },
        {
            "throttle": 0.07441353346239604,
            "brake": 0.4077410135396031,
            "steer": 0.0
        },
        {
            "throttle": 0.06697218011615644,
            "brake": 0.4271091633223435,
            "steer": 0.0
        },
        {
            "throttle": 0.060274962104540794,
            "brake": 0.44454049812680985,
            "steer": 0.0
        },
        {
            "throttle": 0.054247465894086716,
            "brake": 0.46022869945082956,
            "steer": 0.0
        },
        {
            "throttle": 0.04882271930467805,
            "brake": 0.4743480806424473,
            "steer": 0.0
        },
        {
            "throttle": 0.04394044737421025,
            "brake": 0.4870555237149033,
            "steer": 0.0
        },
        {
            "throttle": 0.03954640263678922,
            "brake": 0.49849222248011366,
            "steer": 0.0
        },
        {
            "throttle": 0.0355917623731103,
            "brake": 0.508785251368803,
            "steer": 0.0
        },
        {
            "throttle": 0.0824313265090142,
            "brake": 0.45790672623192274,
            "steer": 0.0
        },
        {
            "throttle": 0.12553263834946365,
            "brake": 0.4121160536087305,
            "steer": 0.0
        },
        {
            "throttle": 0.1651349822681158,
            "brake": 0.37090444824785745,
            "steer": 0.0
        },
        {
            "throttle": 0.2014468729118404,
            "brake": 0.3338140034230717,
            "steer": 0.0
        },
        {
            "throttle": 0.2346503245796874,
            "brake": 0.3004326030807645,
            "steer": 0.0
        },
        {
            "throttle": 0.2649047413062094,
            "brake": 0.27038934277268806,
            "steer": 0.0
        },
        {
            "throttle": 0.29235045512022856,
            "brake": 0.24335040849541925,
            "steer": 0.0
        },
        {
            "throttle": 0.31711193688942285,
            "brake": 0.21901536764587734,
            "steer": 0.0
        },
        {
            "throttle": 0.3393007014973148,
            "brake": 0.19711383088128961,
            "steer": 0.0
        },
        {
            "throttle": 0.35901792679456357,
            "brake": 0.17740244779316067,
            "steer": 0.0
        },
        {
            "throttle": 0.376356803786072,
            "brake": 0.1596622030138446,
            "steer": 0.0
        },
        {
            "throttle": 0.3914046338272023,
            "brake": 0.14369598271246015,
            "steer": 0.0
        },
        {
            "throttle": 0.4042446871766411,
            "brake": 0.12932638444121414,
            "steer": 0.0
        },
        {
            "throttle": 0.4149578360626405,
            "brake": 0.11639374599709272,
            "steer": 0.0
        },
        {
            "throttle": 0.42362397443793776,
            "brake": 0.10475437139738344,
            "steer": 0.0
        },
        {
            "throttle": 0.4303232358028602,
            "brake": 0.09427893425764511,
            "steer": 0.0
        },
        {
            "throttle": 0.43513701984383985,
            "brake": 0.0848510408318806,
            "steer": 0.0
        },
        {
            "throttle": 0.438148838145173,
            "brake": 0.07636593674869253,
            "steer": 0.0
        },
        {
            "throttle": 0.43944498886613886,
            "brake": 0.06872934307382328,
            "steer": 0.0
        },
        {
            "throttle": 0.4391150700156081,
            "brake": 0.061856408766440954,
            "steer": 0.0
        },
        {
            "throttle": 0.4372523407852964,
            "brake": 0.05567076788979686,
            "steer": 0.0
        },
        {
            "throttle": 0.43395394030527273,
            "brake": 0.05010369110081717,
            "steer": 0.0
        },
        {
            "throttle": 0.42932097314671697,
            "brake": 0.04509332199073546,
            "steer": 0.0
        },
        {
            "throttle": 0.4234584709037663,
            "brake": 0.04058398979166191,
            "steer": 0.0
        },
        {
            "throttle": 0.41647523922613494,
            "brake": 0.03652559081249572,
            "steer": 0.0
        },
        {
            "throttle": 0.4084835997355238,
            "brake": 0.03287303173124615,
            "steer": 0.0
        },
        {
            "throttle": 0.39959903633108823,
            "brake": 0.029585728558121537,
            "steer": 0.0
        },
        {
            "throttle": 0.38993975546274773,
            "brake": 0.026627155702309384,
            "steer": 0.0
        },
        {
            "throttle": 0.37962617001713284,
            "brake": 0.023964440132078445,
            "steer": 0.0
        },
        {
            "throttle": 0.36878031651159465,
            "brake": 0.0215679961188706,
            "steer": 0.0
        },
        {
            "throttle": 0.35752521531992015,
            "brake": 0.01941119650698354,
            "steer": 0.0
        },
        {
            "throttle": 0.34598418365303163,
            "brake": 0.017470076856285186,
            "steer": 0.0
        },
        {
            "throttle": 0.33428011098366517,
            "brake": 0.01572306917065667,
            "steer": 0.0
        },
        {
            "throttle": 0.32253470653129185,
            "brake": 0.014150762253591001,
            "steer": 0.0
        },
        {
            "throttle": 0.3108677283086644,
            "brake": 0.0127356860282319,
            "steer": 0.0
        },
        {
            "throttle": 0.29939620307140613,
            "brake": 0.01146211742540871,
            "steer": 0.0
        },
        {
            "throttle": 0.28823364630485715,
            "brake": 0.01031590568286784,
            "steer": 0.0
        },
        {
            "throttle": 0.27748929112654475,
            "brake": 0.009284315114581056,
            "steer": 0.0
        },
        {
            "throttle": 0.26726733467747316,
            "brake": 0.00835588360312295,
            "steer": 0.0
        },
        {
            "throttle": 0.25766621022094555,
            "brake": 0.007520295242810656,
            "steer": 0.0
        },
        {
            "throttle": 0.24877789276453274,
            "brake": 0.006768265718529591,
            "steer": 0.0
        },
        {
            "throttle": 0.24068724557041632,
            "brake": 0.0060914391466766315,
            "steer": 0.0
        },
        {
            "throttle": 0.23347141442359506,
            "brake": 0.005482295232008968,
            "steer": 0.0
        },
        {
            "throttle": 0.22719927598885617,
            "brake": 0.004934065708808072,
            "steer": 0.0
        },
        {
            "throttle": 0.20447934838997056,
            "brake": 0.06458291027462797,
            "steer": 0.0
        },
        {
            "throttle": 0.18403141355097352,
            "brake": 0.11826687038386588,
            "steer": 0.0
        },
        {
            "throttle": 0.16562827219587617,
            "brake": 0.16658243448218,
            "steer": 0.0
        },
        {
            "throttle": 0.14906544497628857,
            "brake": 0.21006644217066267,
            "steer": 0.0
        },
        {
            "throttle": 0.13415890047865972,
            "brake": 0.24920204909029708,
            "steer": 0.0
        },
        {
            "throttle": 0.12074301043079375,
            "brake": 0.2844240953179681,
            "steer": 0.0
        },
        {
            "throttle": 0.10866870938771438,
            "brake": 0.316123936922872,
            "steer": 0.0
        },
        {
            "throttle": 0.09780183844894294,
            "brake": 0.3446537943672855,
            "steer": 0.0
        },
        {
            "throttle": 0.08802165460404865,
            "brake": 0.3703306660672576,
            "steer": 0.0
        }
    ],
    "parameters": {
        "cloudiness": 13.199336722967148,
        "fog_density": 42.34490847675407,
        "initial_distance": 16.784671746307783,
        "initial_ego_velocity": 8.42377913839501,
        "initial_lead_velocity": 10.585402908490295,
        "lead_base_throttle": 0.3539210088458016,
        "lead_behavior_frequency": 0.14621358039306248,
        "lead_brake_duration": 15.10328640720783,
        "lead_brake_intensity": 0.601422511367007,
        "lead_brake_probability": 0.22545419903040936,
        "lead_throttle_variation": 0.18605474240805064,
        "precipitation": 20.789989252038986,
        "precipitation_deposits": 34.54743784176044,
        "sun_altitude_angle": 80.04119244694512,
        "wind_intensity": 17.24431956068987
    },
    "config": {
        "num_timesteps": 200,
        "dt": 0.1,
        "seed": 163
    }
}