{
    "weather": {
        "cloudiness": 20.960635950614616,
        "precipitation": 41.093734046187194,
        "precipitation_deposits": 4.156015410212177,
        "wind_intensity": 21.167281518530462,
        "sun_altitude_angle": 61.206221530433396,
        "fog_density": 62.38899889685464,
        "fog_distance": 124.97603293772589,
        "wetness": 20.546867023093597
    },
    "initial_conditions": {
        "ego": {
            "position": {
                "x": 502.0524057221515,
                "y": 20.57,
                "z": 0.294
            },
            "yaw": 0.0,
            "velocity": 10.002316662286855
        },
        "lead": {
            "position": {
                "x": 484.88,
                "y": 20.57,
                "z": 0.294
            },
            "yaw": 0.0,
            "velocity": 21.216369555606207
        }
    },
    "ego": {
        "position": {
            "x": 502.0524057221515,
            "y": 20.57,
            "z": 0.294
        },
        "yaw": 0.0,
        "velocity": 10.002316662286855
    },
    "lead": {
        "position": {
            "x": 484.88,
            "y": 20.57,
            "z": 0.294
        },
        "yaw": 0.0,
        "velocity": 21.216369555606207
    },
    "ado_actions": [
        {
            "throttle": 0.5807747272362019,
            "brake": 0.0,
            "steer": 0.0
        },
        {
            "throttle": 0.5824916342233908,
            "brake": 0.0,
            "steer": 0.0
        },
        {
            "throttle": 0.5857177396236517,
            "brake": 0.0,
            "steer": 0.0
        },
        {
            "throttle": 0.5902308434404722,
            "brake": 0.0,
            "steer": 0.0
        },
        {
            "throttle": 0.5957971987372147,
            "brake": 0.0,
            "steer": 0.0
        },
        {
            "throttle": 0.6021748700458365,
            "brake": 0.0,
            "steer": 0.0
        },
        {
            "throttle": 0.6091174180791137,
            "brake": 0.0,
            "steer": 0.0
        },
        {
            "throttle": 0.6163778179950264,
            "brake": 0.0,
            "steer": 0.0
        },
        {
            "throttle": 0.6237125151076365,
            "brake": 0.0,
            "steer": 0.0
        },
        {
            "throttle": 0.6308855204460839,
            "brake": 0.0,
            "steer": 0.0
        },
        {
            "throttle": 0.6376724489790068,
            "brake": 0.0,
            "steer": 0.0
        },
        {
            "throttle": 0.6438644056509357,
            "brake": 0.0,
            "steer": 0.0
        },
        {
            "throttle": 0.649271628583684,
            "brake": 0.0,
            "steer": 0.0
        },
        {
            "throttle": 0.6537268048024676,
            "brake": 0.0,
            "steer": 0.0
        },
        {
            "throttle": 0.6570879815375702,
            "brake": 0.0,
            "steer": 0.0
        },
        {
            "throttle": 0.6592410053756006,
            "brake": 0.0,
            "steer": 0.0
        },
        {
            "throttle": 0.6601014321044882,
            "brake": 0.0,
            "steer": 0.0
        },
        {
            "throttle": 0.6596158617989847,
            "brake": 0.0,
            "steer": 0.0
        },
        {
            "throttle": 0.657762666289728,
            "brake": 0.0,
            "steer": 0.0
        },
        {
            "throttle": 0.6545520893906226,
            "brake": 0.0,
            "steer": 0.0
        },
        {
            "throttle": 0.6500257138541964,
            "brake": 0.0,
            "steer": 0.0
        },
        {
            "throttle": 0.6442553027023739,
            "brake": 0.0,
            "steer": 0.0
        },
        {
            "throttle": 0.6373410360581695,
            "brake": 0.0,
            "steer": 0.0
        },
        {
            "throttle": 0.629409177603346,
            "brake": 0.0,
            "steer": 0.0
        },
        {
            "throttle": 0.6206092170389199,
            "brake": 0.0,
            "steer": 0.0
        },
        {
            "throttle": 0.6111105461756915,
            "brake": 0.0,
            "steer": 0.0
        },
        {
            "throttle": 0.6010987362975756,
            "brake": 0.0,
            "steer": 0.0
        },
        {
            "throttle": 0.590771493013886,
            "brake": 0.0,
            "steer": 0.0
        },
        {
            "throttle": 0.5316943437124974,
            "brake": 0.033176705530408065,
            "steer": 0.0
        },
        {
            "throttle": 0.47852490934124764,
            "brake": 0.06303574050777533,
            "steer": 0.0
        },
        {
            "throttle": 0.4306724184071229,
            "brake": 0.08990887198740585,
            "steer": 0.0
        },
        {
            "throttle": 0.38760517656641064,
            "brake": 0.11409469031907334,
            "steer": 0.0
        },
        {
            "throttle": 0.34884465890976957,
            "brake": 0.13586192681757409,
            "steer": 0.0
        },
        {
            "throttle": 0.31396019301879263,
            "brake": 0.15545243966622474,
            "steer": 0.0
        },
        {
            "throttle": 0.2825641737169134,
            "brake": 0.17308390123001033,
            "steer": 0.0
        },
        {
            "throttle": 0.25430775634522207,
            "brake": 0.18895221663741735,
            "steer": 0.0
        },
        {
            "throttle": 0.22887698071069987,
            "brake": 0.20323370050408368,
            "steer": 0.0
        },
        {
            "throttle": 0.20598928263962987,
            "brake": 0.2160870359840834,
            "steer": 0.0
        },
        {
            "throttle": 0.23515605301421216,
            "brake": 0.19447833238567508,
            "steer": 0.0
        },
        {
            "throttle": 0.2627205500121699,
            "brake": 0.17503049914710758,
            "steer": 0.0
        },
        {
            "throttle": 0.28898979425579474,
            "brake": 0.15752744923239684,
            "steer": 0.0
        },
        {
            "throttle": 0.3142094508044612,
            "brake": 0.14177470430915715,
            "steer": 0.0
        },
        {
            "throttle": 0.3385675282899017,
            "brake": 0.12759723387824143,
            "steer": 0.0
        },
        {
            "throttle": 0.3621984023099079,
            "brake": 0.1148375104904173,
            "steer": 0.0
        },
        {
            "throttle": 0.3851871672041251,
            "brake": 0.10335375944137556,
            "steer": 0.0
        },
        {
            "throttle": 0.407574304593911,
            "brake": 0.09301838349723801,
            "steer": 0.0
        },
        {
            "throttle": 0.4293606424555367,
            "brake": 0.08371654514751421,
            "steer": 0.0
        },
        {
            "throttle": 0.4505125652303449,
            "brake": 0.0753448906327628,
            "steer": 0.0
        },
        {
            "throttle": 0.47096742375545975,
            "brake": 0.06781040156948652,
            "steer": 0.0
        },
        {
            "throttle": 0.49063908379842647,
            "brake": 0.06102936141253787,
            "steer": 0.0
        },
        {
            "throttle": 0.509423543843998,
            "brake": 0.054926425271284086,
            "steer": 0.0
        },
        {
            "throttle": 0.5272045466237578,
            "brake": 0.04943378274415568,
            "steer": 0.0
        },
        {
            "throttle": 0.5438591047762749,
            "brake": 0.04449040446974011,
            "steer": 0.0
        },
        {
            "throttle": 0.5592628590160535,
            "brake": 0.040041364022766104,
            "steer": 0.0
        },
        {
            "throttle": 0.5732951872734802,
            "brake": 0.0360372276204895,
            "steer": 0.0
        },
        {
            "throttle": 0.5858439854054129,
            "brake": 0.03243350485844055,
            "steer": 0.0
        },
        {
            "throttle": 0.5968100441878688,
            "brake": 0.029190154372596495,
            "steer": 0.0
        },
        {
            "throttle": 0.6061109532713091,
            "brake": 0.026271138935336846,
            "steer": 0.0
        },
        {
            "throttle": 0.6136844704523133,
            "brake": 0.02364402504180316,
            "steer": 0.0
        },
        {
            "throttle": 0.6194913038069744,
            "brake": 0.021279622537622844,
            "steer": 0.0
        },
        {
            "throttle": 0.6235172647258345,
            "brake": 0.01915166028386056,
            "steer": 0.0
        },
        {
            "throttle": 0.6257747614471868,
            "brake": 0.017236494255474504,
            "steer": 0.0
        },
        {
            "throttle": 0.6263036150444329,
            "brake": 0.015512844829927054,
            "steer": 0.0
        },
        {
            "throttle": 0.6251711927082222,
            "brake": 0.013961560346934349,
            "steer": 0.0
        },
        {
            "throttle": 0.6224718662902535,
            "brake": 0.012565404312240914,
            "steer": 0.0
        },
        {
            "throttle": 0.6183258171542205,
            "brake": 0.011308863881016823,
            "steer": 0.0
        },
        {
            "throttle": 0.6128772211241191,
            "brake": 0.01017797749291514,
            "steer": 0.0
        },
        {
            "throttle": 0.6062918594528733,
            "brake": 0.009160179743623627,
            "steer": 0.0
        },
        {
            "throttle": 0.5987542129907645,
            "brake": 0.008244161769261264,
            "steer": 0.0
        },
        {
            "throttle": 0.5904641068686113,
            "brake": 0.007419745592335138,
            "steer": 0.0
        },
        {
            "throttle": 0.5816329818045651,
            "brake": 0.006677771033101624,
            "steer": 0.0
        },
        {
            "throttle": 0.572479875404222,
            "brake": 0.006009993929791462,
            "steer": 0.0
        },
        {
            "throttle": 0.5632272023928246,
            "brake": 0.005408994536812315,
            "steer": 0.0
        },
        {
            "throttle": 0.5540964264730966,
            "brake": 0.004868095083131084,
            "steer": 0.0
        },
        {
            "throttle": 0.545303718358784,
            "brake": 0.004381285574817976,
            "steer": 0.0
        },
        {
            "throttle": 0.5370556944487145,
            "brake": 0.003943157017336179,
            "steer": 0.0
        },
        {
            "throttle": 0.5295453285767262,
            "brake": 0.0035488413156025606,
            "steer": 0.0
        },
        {
            "throttle": 0.5229481253379946,
            "brake": 0.0031939571840423047,
            "steer": 0.0
        },
        {
            "throttle": 0.5174186377312672,
            "brake": 0.0028745614656380744,
            "steer": 0.0
        },
        {
            "throttle": 0.513087404387115,
            "brake": 0.002587105319074267,
            "steer": 0.0
        },
        {
            "throttle": 0.5100583726284879,
            "brake": 0.0023283947871668405,
            "steer": 0.0
        },
        {
            "throttle": 0.5084068632184615,
            "brake": 0.0020955553084501567,
            "steer": 0.0
        },
        {
            "throttle": 0.5081781211068677,
            "brake": 0.001885999777605141,
            "steer": 0.0
        },
        {
            "throttle": 0.5093864840326605,
            "brake": 0.001697399799844627,
            "steer": 0.0
        },
        {
            "throttle": 0.5120151877318898,
            "brake": 0.0015276598198601644,
            "steer": 0.0
        },
        {
            "throttle": 0.5160168130153643,
            "brake": 0.001374893837874148,
            "steer": 0.0
        },
        {
            "throttle": 0.5213143663969527,
            "brake": 0.0012374044540867332,
            "steer": 0.0
        },
        {
            "throttle": 0.5278029725566368,
            "brake": 0.00111366400867806,
            "steer": 0.0
        },
        {
            "throttle": 0.535352143991752,
            "brake": 0.001002297607810254,
            "steer": 0.0
        },
        {
            "throttle": 0.5438085810155471,
            "brake": 0.0009020678470292287,
            "steer": 0.0
        },
        {
            "throttle": 0.5529994440591133,
            "brake": 0.0008118610623263058,
            "steer": 0.0
        },
        {
            "throttle": 0.5627360302550506,
            "brake": 0.0007306749560936752,
            "steer": 0.0
        },
        {
            "throttle": 0.5728177777374855,
            "brake": 0.0006576074604843077,
            "steer": 0.0
        },
        {
            "throttle": 0.5830365141617831,
            "brake": 0.000591846714435877,
            "steer": 0.0
        },
        {
            "throttle": 0.5931808607732717,
            "brake": 0.0005326620429922894,
            "steer": 0.0
        },
        {
            "throttle": 0.6030407000455135,
            "brake": 0.00047939583869306045,
            "steer": 0.0
        },
        {
            "throttle": 0.6124116135340072,
            "brake": 0.0004314562548237544,
            "steer": 0.0
        },
        {
            "throttle": 0.6210991971790834,
            "brake": 0.000388310629341379,
            "steer": 0.0
        },
        {
            "throttle": 0.6289231638294059,
            "brake": 0.0003494795664072411,
            "steer": 0.0
        },
        {
            "throttle": 0.6357211471913194,
            "brake": 0.00031453160976651696,
            "steer": 0.0
        },
        {
            "throttle": 0.6413521276459321,
            "brake": 0.00028307844878986527,
            "steer": 0.0
        },
        {
            "throttle": 0.6456994082841713,
            "brake": 0.00025477060391087874,
            "steer": 0.0
        },
        {
            "throttle": 0.6486730789239079,
            "brake": 0.00022929354351979088,
            "steer": 0.0
        },
        {
            "throttle": 0.6502119165948981,
            "brake": 0.0002063641891678118,
            "steer": 0.0
        },
        {
            "throttle": 0.6502846827815886,
            "brake": 0.0001857277702510306,
            "steer": 0.0
        },
        {
            "throttle": 0.6488907903529519,
            "brake": 0.00016715499322592756,
            "steer": 0.0
        },
        {
            "throttle": 0.6460603263171207,
            "brake": 0.0001504394939033348,
            "steer": 0.0
        },
        {
            "throttle": 0.6418534300394403,
            "brake": 0.00013539554451300133,
            "steer": 0.0
        },
        {
            "throttle": 0.6363590400722761,
            "brake": 0.00012185599006170119,
            "steer": 0.0
        },
        {
            "throttle": 0.6296930359799549,
            "brake": 0.00010967039105553108,
            "steer": 0.0
        },
        {
            "throttle": 0.6219958142248326,
            "brake": 9.870335194997797e-05,
            "steer": 0.0
        },
        {
            "throttle": 0.6134293490444874,
            "brake": 8.883301675498017e-05,
            "steer": 0.0
        },
        {
            "throttle": 0.6041738000464663,
            "brake": 7.994971507948215e-05,
            "steer": 0.0
        },
        {
            "throttle": 0.5437564200418197,
            "brake": 0.0332486602739796,
            "steer": 0.0
        },
        {
            "throttle": 0.48938077803763774,
            "brake": 0.06310049977698971,
            "steer": 0.0
        },
        {
            "throttle": 0.440442700233874,
            "brake": 0.08996715532969882,
            "steer": 0.0
        },
        {
            "throttle": 0.3963984302104866,
            "brake": 0.114147145327137,
            "steer": 0.0
        },
        {
            "throttle": 0.3567585871894379,
            "brake": 0.13590913632483137,
            "steer": 0.0
        },
        {
            "throttle": 0.3210827284704941,
            "brake": 0.1554949282227563,
            "steer": 0.0
        },
        {
            "throttle": 0.2889744556234447,
            "brake": 0.17312214093088873,
            "steer": 0.0
        },
        {
            "throttle": 0.26007701006110023,
            "brake": 0.18898663236820795,
            "steer": 0.0
        },
        {
            "throttle": 0.2340693090549902,
            "brake": 0.2032646746617952,
            "steer": 0.0
        },
        {
            "throttle": 0.21066237814949118,
            "brake": 0.21611491272602373,
            "steer": 0.0
        },
        {
            "throttle": 0.23755404256007526,
            "brake": 0.19450342145342137,
            "steer": 0.0
        },
        {
            "throttle": 0.21379863830406773,
            "brake": 0.2082297848384873,
            "steer": 0.0
        },
        {
            "throttle": 0.19241877447366096,
            "brake": 0.22058351188504666,
            "steer": 0.0
        },
        {
            "throttle": 0.17317689702629488,
            "brake": 0.23170186622695005,
            "steer": 0.0
        },
        {
            "throttle": 0.1558592073236654,
            "brake": 0.24170838513466314,
            "steer": 0.0
        },
        {
            "throttle": 0.14027328659129887,
            "brake": 0.2507142521516049,
            "steer": 0.0
        },
        {
            "throttle": 0.12624595793216897,
            "brake": 0.2588195324668525,
            "steer": 0.0
        },
        {
            "throttle": 0.11362136213895208,
            "brake": 0.26611428475057536,
            "steer": 0.0
        },
        {
            "throttle": 0.10225922592505687,
            "brake": 0.2726795618059259,
            "steer": 0.0
        },
        {
            "throttle": 0.09203330333255119,
            "brake": 0.2785883111557414,
            "steer": 0.0
        },
        {
            "throttle": 0.08282997299929608,
            "brake": 0.28390618557057534,
            "steer": 0.0
        },
        {
            "throttle": 0.1390967708604206,
            "brake": 0.2555155670135178,
            "steer": 0.0
        },
        {
            "throttle": 0.1911089910704802,
            "brake": 0.229964010312166,
            "steer": 0.0
        },
        {
            "throttle": 0.2391275283117078,
            "brake": 0.20696760928094943,
            "steer": 0.0
        },
        {
            "throttle": 0.21521477548053702,
            "brake": 0.21944755388326254,
            "steer": 0.0
        },
        {
            "throttle": 0.19369329793248333,
            "brake": 0.23067950402534437,
            "steer": 0.0
        },
        {
            "throttle": 0.174323968139235,
            "brake": 0.240788259153218,
            "steer": 0.0
        },
        {
            "throttle": 0.1568915713253115,
            "brake": 0.2498861387683043,
            "steer": 0.0
        },
        {
            "throttle": 0.14120241419278037,
            "brake": 0.25807423042188193,
            "steer": 0.0
        },
        {
            "throttle": 0.12708217277350234,
            "brake": 0.2654435129101018,
            "steer": 0.0
        },
        {
            "throttle": 0.1143739554961521,
            "brake": 0.2720758671494997,
            "steer": 0.0
        },
        {
            "throttle": 0.1029365599465369,
            "brake": 0.2780449859649578,
            "steer": 0.0
        },
        {
            "throttle": 0.09264290395188321,
            "brake": 0.28341719289887013,
            "steer": 0.0
        },
        {
            "throttle": 0.08337861355669489,
            "brake": 0.2882521791393912,
            "steer": 0.0
        },
        {
            "throttle": 0.1406021521722422,
            "brake": 0.2594269612254521,
            "steer": 0.0
        },
        {
            "throttle": 0.12654193695501798,
            "brake": 0.26666097063331495,
            "steer": 0.0
        },
        {
            "throttle": 0.11388774325951619,
            "brake": 0.2731715791003915,
            "steer": 0.0
        },
        {
            "throttle": 0.10249896893356457,
            "brake": 0.27903112672076047,
            "steer": 0.0
        },
        {
            "throttle": 0.09224907204020812,
            "brake": 0.28430471957909254,
            "steer": 0.0
        },
        {
            "throttle": 0.08302416483618731,
            "brake": 0.28905095315159135,
            "steer": 0.0
        },
        {
            "throttle": 0.07472174835256858,
            "brake": 0.2933225633668403,
            "steer": 0.0
        },
        {
            "throttle": 0.06724957351731171,
            "brake": 0.2971670125605644,
            "steer": 0.0
        },
        {
            "throttle": 0.060524616165580546,
            "brake": 0.30062701683491605,
            "steer": 0.0
        },
        {
            "throttle": 0.05447215454902249,
            "brake": 0.3037410206818325,
            "steer": 0.0
        },
        {
            "throttle": 0.04902493909412024,
            "brake": 0.30654362414405734,
            "steer": 0.0
        },
        {
            "throttle": 0.09279131698382244,
            "brake": 0.2758892617296516,
            "steer": 0.0
        },
        {
            "throttle": 0.13123071345426118,
            "brake": 0.24830033555668646,
            "steer": 0.0
        },
        {
            "throttle": 0.16509314021007257,
            "brake": 0.2234703020010178,
            "steer": 0.0
        },
        {
            "throttle": 0.19506898554662064,
            "brake": 0.20112327180091602,
            "steer": 0.0
        },
        {
            "throttle": 0.22179009521093,
            "brake": 0.18101094462082443,
            "steer": 0.0
        },
        {
            "throttle": 0.24583052498186644,
            "brake": 0.162909850158742,
            "steer": 0.0
        },
        {
            "throttle": 0.26770710482235627,
            "brake": 0.1466188651428678,
            "steer": 0.0
        },
        {
            "throttle": 0.2878799428452745,
            "brake": 0.13195697862858102,
            "steer": 0.0
        },
        {
            "throttle": 0.3067529845895814,
            "brake": 0.11876128076572293,
            "steer": 0.0
        },
        {
            "throttle": 0.3246747293360728,
            "brake": 0.10688515268915064,
            "steer": 0.0
        },
        {
            "throttle": 0.3419391905514732,
            "brake": 0.09619663742023557,
            "steer": 0.0
        },
        {
            "throttle": 0.35878717221660533,
            "brake": 0.08657697367821202,
            "steer": 0.0
        },
        {
            "throttle": 0.37540791697721554,
            "brake": 0.07791927631039082,
            "steer": 0.0
        },
        {
            "throttle": 0.3919411659844272,
            "brake": 0.07012734867935173,
            "steer": 0.0
        },
        {
            "throttle": 0.4084796542109771,
            "brake": 0.06311461381141656,
            "steer": 0.0
        },
        {
            "throttle": 0.4250720491940071,
            "brake": 0.0568031524302749,
            "steer": 0.0
        },
        {
            "throttle": 0.4417263258229866,
            "brake": 0.05112283718724741,
            "steer": 0.0
        },
        {
            "throttle": 0.4584135552169792,
            "brake": 0.04601055346852267,
            "steer": 0.0
        },
        {
            "throttle": 0.47507207216438596,
            "brake": 0.0414094981216704,
            "steer": 0.0
        },
        {
            "throttle": 0.49161197326092965,
            "brake": 0.03726854830950336,
            "steer": 0.0
        },
        {
            "throttle": 0.5079198869879628,
            "brake": 0.03354169347855302,
            "steer": 0.0
        },
        {
            "throttle": 0.5238639477077648,
            "brake": 0.03018752413069772,
            "steer": 0.0
        },
        {
            "throttle": 0.5392988980701472,
            "brake": 0.027168771717627948,
            "steer": 0.0
        },
        {
            "throttle": 0.5540712387467742,
            "brake": 0.024451894545865153,
            "steer": 0.0
        },
        {
            "throttle": 0.5680243408211039,
            "brake": 0.02200670509127864,
            "steer": 0.0
        },
        {
            "throttle": 0.5810034346091912,
            "brake": 0.019806034582150776,
            "steer": 0.0
        },
        {
            "throttle": 0.5928603891764004,
            "brake": 0.017825431123935698,
            "steer": 0.0
        },
        {
            "throttle": 0.6034581993136966,
            "brake": 0.01604288801154213,
            "steer": 0.0
        },
        {
            "throttle": 0.6126751011712029,
            "brake": 0.014438599210387917,
            "steer": 0.0
        },
        {
            "throttle": 0.6204082440041565,
            "brake": 0.012994739289349126,
            "steer": 0.0
        },
        {
            "throttle": 0.6265768534189978,
            "brake": 0.011695265360414214,
            "steer": 0.0
        },
        {
            "throttle": 0.6311248309333235,
            "brake": 0.010525738824372792,
            "steer": 0.0
        },
        {
            "throttle": 0.6340227453712954,
            "brake": 0.009473164941935513,
            "steer": 0.0
        },
        {
            "throttle": 0.6352691833687815,
            "brake": 0.008525848447741962,
            "steer": 0.0
        },
        {
            "throttle": 0.6348914388022775,
            "brake": 0.0076732636029677665,
            "steer": 0.0
        },
        {
            "throttle": 0.6329455340094056,
            "brake": 0.00690593724267099,
            "steer": 0.0
        },
        {
            "throttle": 0.6295155789536051,
            "brake": 0.006215343518403891,
            "steer": 0.0
        },
        {
            "throttle": 0.6247124877146959,
            "brake": 0.005593809166563502,
            "steer": 0.0
        },
        {
            "throttle": 0.6186720845754301,
            "brake": 0.005034428249907152,
            "steer": 0.0
        },
        {
            "throttle": 0.611552644245002,
            "brake": 0.004530985424916437,
            "steer": 0.0
        },
        {
            "throttle": 0.6035319221503741,
            "brake": 0.004077886882424793,
            "steer": 0.0
        },
        {
            "throttle": 0.5948037409909371,
            "brake": 0.003670098194182314,
            "steer": 0.0
        }
    ],
    "parameters": {
        "cloudiness": 20.960635950614616,
        "fog_density": 62.38899889685464,
        "initial_distance": 17.172405722151506,
        "initial_ego_velocity": 10.002316662286855,
        "initial_lead_velocity": 21.216369555606207,
        "lead_base_throttle": 0.5807747272362019,
        "lead_behavior_frequency": 0.23072047720318922,
        "lead_brake_duration": 10.809512513546526,
        "lead_brake_intensity": 0.3317670553040806,
        "lead_brake_probability": 0.25881779802617016,
        "lead_throttle_variation": 0.11885103032283406,
        "precipitation": 41.093734046187194,
        "precipitation_deposits": 4.156015410212177,
        "sun_altitude_angle": 61.206221530433396,
        "wind_intensity": 21.167281518530462
    },
    "config": {
        "num_timesteps": 200,
        "dt": 0.1,
        "seed": 232
    }
}