{
    "weather": {
        "cloudiness": 98.0576786601594,
        "precipitation": 0.6857240920350893,
        "precipitation_deposits": 81.51789218381954,
        "wind_intensity": 30.570018743995046,
        "sun_altitude_angle": -11.821984240871334,
        "fog_density": 18.146826127877304,
        "fog_distance": 546.1322020425055,
        "wetness": 0.34286204601754466
    },
    "initial_conditions": {
        "ego": {
            "position": {
                "x": 557.2592498948276,
                "y": 20.57,
                "z": 0.294
            },
            "yaw": 0.0,
            "velocity": 12.19926429714824
        },
        "lead": {
            "position": {
                "x": 484.88,
                "y": 20.57,
                "z": 0.294
            },
            "yaw": 0.0,
            "velocity": 16.80829163231988
        }
    },
    "ego": {
        "position": {
            "x": 557.2592498948276,
            "y": 20.57,
            "z": 0.294
        },
        "yaw": 0.0,
        "velocity": 12.19926429714824
    },
    "lead": {
        "position": {
            "x": 484.88,
            "y": 20.57,
            "z": 0.294
        },
        "yaw": 0.0,
        "velocity": 16.80829163231988
    },
    "ado_actions": [
        {
            "throttle": 0.32015273470624556,
            "brake": 0.0,
            "steer": 0.0
        },
        {
            "throttle": 0.32038273084470925,
            "brake": 0.0,
            "steer": 0.0
        },
        {
            "throttle": 0.3208186081870508,
            "brake": 0.0,
            "steer": 0.0
        },
        {
            "throttle": 0.321437553379931,
            "brake": 0.0,
            "steer": 0.0
        },
        {
            "throttle": 0.3222179352839587,
            "brake": 0.0,
            "steer": 0.0
        },
        {
            "throttle": 0.32313920287309456,
            "brake": 0.0,
            "steer": 0.0
        },
        {
            "throttle": 0.32418179859591095,
            "brake": 0.0,
            "steer": 0.0
        },
        {
            "throttle": 0.32532708554888073,
            "brake": 0.0,
            "steer": 0.0
        },
        {
            "throttle": 0.3265572869518848,
            "brake": 0.0,
            "steer": 0.0
        },
        {
            "throttle": 0.3278554365427678,
            "brake": 0.0,
            "steer": 0.0
        },
        {
            "throttle": 0.32920533862248996,
            "brake": 0.0,
            "steer": 0.0
        },
        {
            "throttle": 0.3305915365865232,
            "brake": 0.0,
            "steer": 0.0
        },
        {
            "throttle": 0.3319992888727983,
            "brake": 0.0,
            "steer": 0.0
        },
        {
            "throttle": 0.33341455134277576,
            "brake": 0.0,
            "steer": 0.0
        },
        {
            "throttle": 0.3348239651910201,
            "brake": 0.0,
            "steer": 0.0
        },
        {
            "throttle": 0.3362148495508567,
            "brake": 0.0,
            "steer": 0.0
        },
        {
            "throttle": 0.3375751980300216,
            "brake": 0.0,
            "steer": 0.0
        },
        {
            "throttle": 0.3388936784713513,
            "brake": 0.0,
            "steer": 0.0
        },
        {
            "throttle": 0.3401596352900962,
            "brake": 0.0,
            "steer": 0.0
        },
        {
            "throttle": 0.34136309379190355,
            "brake": 0.0,
            "steer": 0.0
        },
        {
            "throttle": 0.3424947659243747,
            "brake": 0.0,
            "steer": 0.0
        },
        {
            "throttle": 0.3435460569607621,
            "brake": 0.0,
            "steer": 0.0
        },
        {
            "throttle": 0.34450907265720887,
            "brake": 0.0,
            "steer": 0.0
        },
        {
            "throttle": 0.34537662646525313,
            "brake": 0.0,
            "steer": 0.0
        },
        {
            "throttle": 0.34614224641941144,
            "brake": 0.0,
            "steer": 0.0
        },
        {
            "throttle": 0.34680018135574886,
            "brake": 0.0,
            "steer": 0.0
        },
        {
            "throttle": 0.3473454061516595,
            "brake": 0.0,
            "steer": 0.0
        },
        {
            "throttle": 0.3477736257097881,
            "brake": 0.0,
            "steer": 0.0
        },
        {
            "throttle": 0.3480812774402807,
            "brake": 0.0,
            "steer": 0.0
        },
        {
            "throttle": 0.34826553202548216,
            "brake": 0.0,
            "steer": 0.0
        },
        {
            "throttle": 0.34832429227991313,
            "brake": 0.0,
            "steer": 0.0
        },
        {
            "throttle": 0.34825618994594093,
            "brake": 0.0,
            "steer": 0.0
        },
        {
            "throttle": 0.3480605802920806,
            "brake": 0.0,
            "steer": 0.0
        },
        {
            "throttle": 0.3477375344063784,
            "brake": 0.0,
            "steer": 0.0
        },
        {
            "throttle": 0.3472878291018818,
            "brake": 0.0,
            "steer": 0.0
        },
        {
            "throttle": 0.34671293437481576,
            "brake": 0.0,
            "steer": 0.0
        },
        {
            "throttle": 0.3460149983787873,
            "brake": 0.0,
            "steer": 0.0
        },
        {
            "throttle": 0.34519682990013306,
            "brake": 0.0,
            "steer": 0.0
        },
        {
            "throttle": 0.3442618783404211,
            "brake": 0.0,
            "steer": 0.0
        },
        {
            "throttle": 0.3432142112320995,
            "brake": 0.0,
            "steer": 0.0
        },
        {
            "throttle": 0.3420584893323583,
            "brake": 0.0,
            "steer": 0.0
        },
        {
            "throttle": 0.34079993935840974,
            "brake": 0.0,
            "steer": 0.0
        },
        {
            "throttle": 0.3394443244445876,
            "brake": 0.0,
            "steer": 0.0
        },
        {
            "throttle": 0.3379979124178949,
            "brake": 0.0,
            "steer": 0.0
        },
        {
            "throttle": 0.3364674420038717,
            "brake": 0.0,
            "steer": 0.0
        },
        {
            "throttle": 0.3348600870888883,
            "brake": 0.0,
            "steer": 0.0
        },
        {
            "throttle": 0.33318341917817135,
            "brake": 0.0,
            "steer": 0.0
        },
        {
            "throttle": 0.3314453682010192,
            "brake": 0.0,
            "steer": 0.0
        },
        {
            "throttle": 0.3296541818257375,
            "brake": 0.0,
            "steer": 0.0
        },
        {
            "throttle": 0.32781838345680686,
            "brake": 0.0,
            "steer": 0.0
        },
        {
            "throttle": 0.32594672909566197,
            "brake": 0.0,
            "steer": 0.0
        },
        {
            "throttle": 0.3240481632542038,
            "brake": 0.0,
            "steer": 0.0
        },
        {
            "throttle": 0.3221317741167672,
            "brake": 0.0,
            "steer": 0.0
        },
        {
            "throttle": 0.3202067481517159,
            "brake": 0.0,
            "steer": 0.0
        },
        {
            "throttle": 0.31828232437813514,
            "brake": 0.0,
            "steer": 0.0
        },
        {
            "throttle": 0.31636774849622357,
            "brake": 0.0,
            "steer": 0.0
        },
        {
            "throttle": 0.31447222709196887,
            "brake": 0.0,
            "steer": 0.0
        },
        {
            "throttle": 0.3126048821275125,
            "brake": 0.0,
            "steer": 0.0
        },
        {
            "throttle": 0.3107747059282929,
            "brake": 0.0,
            "steer": 0.0
        },
        {
            "throttle": 0.3089905168766079,
            "brake": 0.0,
            "steer": 0.0
        },
        {
            "throttle": 0.307260916018672,
            "brake": 0.0,
            "steer": 0.0
        },
        {
            "throttle": 0.3055942447885978,
            "brake": 0.0,
            "steer": 0.0
        },
        {
            "throttle": 0.3039985440480087,
            "brake": 0.0,
            "steer": 0.0
        },
        {
            "throttle": 0.3024815146342442,
            "brake": 0.0,
            "steer": 0.0
        },
        {
            "throttle": 0.30105047960336856,
            "brake": 0.0,
            "steer": 0.0
        },
        {
            "throttle": 0.29971234834648497,
            "brake": 0.0,
            "steer": 0.0
        },
        {
            "throttle": 0.29847358274923425,
            "brake": 0.0,
            "steer": 0.0
        },
        {
            "throttle": 0.29734016555485987,
            "brake": 0.0,
            "steer": 0.0
        },
        {
            "throttle": 0.2963175710809095,
            "brake": 0.0,
            "steer": 0.0
        },
        {
            "throttle": 0.2954107384285629,
            "brake": 0.0,
            "steer": 0.0
        },
        {
            "throttle": 0.29462404731179154,
            "brake": 0.0,
            "steer": 0.0
        },
        {
            "throttle": 0.2939612966211196,
            "brake": 0.0,
            "steer": 0.0
        },
        {
            "throttle": 0.2934256858237423,
            "brake": 0.0,
            "steer": 0.0
        },
        {
            "throttle": 0.29301979928822025,
            "brake": 0.0,
            "steer": 0.0
        },
        {
            "throttle": 0.29274559360798486,
            "brake": 0.0,
            "steer": 0.0
        },
        {
            "throttle": 0.2926043879835263,
            "brake": 0.0,
            "steer": 0.0
        },
        {
            "throttle": 0.2925968577084622,
            "brake": 0.0,
            "steer": 0.0
        },
        {
            "throttle": 0.2927230307897785,
            "brake": 0.0,
            "steer": 0.0
        },
        {
            "throttle": 0.2929822877174637,
            "brake": 0.0,
            "steer": 0.0
        },
        {
            "throttle": 0.2933733643836043,
            "brake": 0.0,
            "steer": 0.0
        },
        {
            "throttle": 0.29389435813583964,
            "brake": 0.0,
            "steer": 0.0
        },
        {
            "throttle": 0.2945427369349699,
            "brake": 0.0,
            "steer": 0.0
        },
        {
            "throttle": 0.29531535157154415,
            "brake": 0.0,
            "steer": 0.0
        },
        {
            "throttle": 0.29620845088149655,
            "brake": 0.0,
            "steer": 0.0
        },
        {
            "throttle": 0.29721769988642577,
            "brake": 0.0,
            "steer": 0.0
        },
        {
            "throttle": 0.29833820076999074,
            "brake": 0.0,
            "steer": 0.0
        },
        {
            "throttle": 0.2995645165882005,
            "brake": 0.0,
            "steer": 0.0
        },
        {
            "throttle": 0.3008906975981666,
            "brake": 0.0,
            "steer": 0.0
        },
        {
            "throttle": 0.3023103100772353,
            "brake": 0.0,
            "steer": 0.0
        },
        {
            "throttle": 0.3038164674923809,
            "brake": 0.0,
            "steer": 0.0
        },
        {
            "throttle": 0.30540186386838003,
            "brake": 0.0,
            "steer": 0.0
        },
        {
            "throttle": 0.3070588091926589,
            "brake": 0.0,
            "steer": 0.0
        },
        {
            "throttle": 0.308779266684856,
            "brake": 0.0,
            "steer": 0.0
        },
        {
            "throttle": 0.31055489175013073,
            "brake": 0.0,
            "steer": 0.0
        },
        {
            "throttle": 0.31237707242710316,
            "brake": 0.0,
            "steer": 0.0
        },
        {
            "throttle": 0.3142369711340874,
            "brake": 0.0,
            "steer": 0.0
        },
        {
            "throttle": 0.31612556751100274,
            "brake": 0.0,
            "steer": 0.0
        },
        {
            "throttle": 0.31803370214905174,
            "brake": 0.0,
            "steer": 0.0
        },
        {
            "throttle": 0.31995212099596443,
            "brake": 0.0,
            "steer": 0.0
        },
        {
            "throttle": 0.321871520221347,
            "brake": 0.0,
            "steer": 0.0
        },
        {
            "throttle": 0.3237825913244545,
            "brake": 0.0,
            "steer": 0.0
        },
        {
            "throttle": 0.3256760662655421,
            "brake": 0.0,
            "steer": 0.0
        },
        {
            "throttle": 0.32754276240184693,
            "brake": 0.0,
            "steer": 0.0
        },
        {
            "throttle": 0.32937362701020867,
            "brake": 0.0,
            "steer": 0.0
        },
        {
            "throttle": 0.331159781180349,
            "brake": 0.0,
            "steer": 0.0
        },
        {
            "throttle": 0.3328925628658911,
            "brake": 0.0,
            "steer": 0.0
        },
        {
            "throttle": 0.3345635688842905,
            "brake": 0.0,
            "steer": 0.0
        },
        {
            "throttle": 0.3361646956619515,
            "brake": 0.0,
            "steer": 0.0
        },
        {
            "throttle": 0.337688178526895,
            "brake": 0.0,
            "steer": 0.0
        },
        {
            "throttle": 0.33912662935839066,
            "brake": 0.0,
            "steer": 0.0
        },
        {
            "throttle": 0.3404730724109392,
            "brake": 0.0,
            "steer": 0.0
        },
        {
            "throttle": 0.3417209781388472,
            "brake": 0.0,
            "steer": 0.0
        },
        {
            "throttle": 0.3428642948573364,
            "brake": 0.0,
            "steer": 0.0
        },
        {
            "throttle": 0.34389747808662424,
            "brake": 0.0,
            "steer": 0.0
        },
        {
            "throttle": 0.3448155174366509,
            "brake": 0.0,
            "steer": 0.0
        },
        {
            "throttle": 0.34561396090205676,
            "brake": 0.0,
            "steer": 0.0
        },
        {
            "throttle": 0.3462889364495756,
            "brake": 0.0,
            "steer": 0.0
        },
        {
            "throttle": 0.3468371707931406,
            "brake": 0.0,
            "steer": 0.0
        },
        {
            "throttle": 0.3472560052656394,
            "brake": 0.0,
            "steer": 0.0
        },
        {
            "throttle": 0.3475434087103364,
            "brake": 0.0,
            "steer": 0.0
        },
        {
            "throttle": 0.3476979873294329,
            "brake": 0.0,
            "steer": 0.0
        },
        {
            "throttle": 0.347718991441995,
            "brake": 0.0,
            "steer": 0.0
        },
        {
            "throttle": 0.3476063191184657,
            "brake": 0.0,
            "steer": 0.0
        },
        {
            "throttle": 0.34736051667412704,
            "brake": 0.0,
            "steer": 0.0
        },
        {
            "throttle": 0.3469827760191097,
            "brake": 0.0,
            "steer": 0.0
        },
        {
            "throttle": 0.34647492887779197,
            "brake": 0.0,
            "steer": 0.0
        },
        {
            "throttle": 0.3458394379056138,
            "brake": 0.0,
            "steer": 0.0
        },
        {
            "throttle": 0.3450793847463751,
            "brake": 0.0,
            "steer": 0.0
        },
        {
            "throttle": 0.3441984550879272,
            "brake": 0.0,
            "steer": 0.0
        },
        {
            "throttle": 0.34320092078872033,
            "brake": 0.0,
            "steer": 0.0
        },
        {
            "throttle": 0.3420916191618776,
            "brake": 0.0,
            "steer": 0.0
        },
        {
            "throttle": 0.34087592951724704,
            "brake": 0.0,
            "steer": 0.0
        },
        {
            "throttle": 0.3395597470751839,
            "brake": 0.0,
            "steer": 0.0
        },
        {
            "throttle": 0.3381494543785589,
            "brake": 0.0,
            "steer": 0.0
        },
        {
            "throttle": 0.33665189034162135,
            "brake": 0.0,
            "steer": 0.0
        },
        {
            "throttle": 0.33507431708580526,
            "brake": 0.0,
            "steer": 0.0
        },
        {
            "throttle": 0.33342438472329927,
            "brake": 0.0,
            "steer": 0.0
        },
        {
            "throttle": 0.3317100942591536,
            "brake": 0.0,
            "steer": 0.0
        },
        {
            "throttle": 0.32993975879182014,
            "brake": 0.0,
            "steer": 0.0
        },
        {
            "throttle": 0.3281219632002742,
            "brake": 0.0,
            "steer": 0.0
        },
        {
            "throttle": 0.3262655225132062,
            "brake": 0.0,
            "steer": 0.0
        },
        {
            "throttle": 0.3243794391621611,
            "brake": 0.0,
            "steer": 0.0
        },
        {
            "throttle": 0.32247285932591757,
            "brake": 0.0,
            "steer": 0.0
        },
        {
            "throttle": 0.3205550285778044,
            "brake": 0.0,
            "steer": 0.0
        },
        {
            "throttle": 0.31863524705103263,
            "brake": 0.0,
            "steer": 0.0
        },
        {
            "throttle": 0.3167228243394597,
            "brake": 0.0,
            "steer": 0.0
        },
        {
            "throttle": 0.3148270343524837,
            "brake": 0.0,
            "steer": 0.0
        },
        {
            "throttle": 0.3129570703429905,
            "brake": 0.0,
            "steer": 0.0
        },
        {
            "throttle": 0.3111220003264339,
            "brake": 0.0,
            "steer": 0.0
        },
        {
            "throttle": 0.30933072310723736,
            "brake": 0.0,
            "steer": 0.0
        },
        {
            "throttle": 0.3075919251257553,
            "brake": 0.0,
            "steer": 0.0
        },
        {
            "throttle": 0.3059140383350573,
            "brake": 0.0,
            "steer": 0.0
        },
        {
            "throttle": 0.3043051993118022,
            "brake": 0.0,
            "steer": 0.0
        },
        {
            "throttle": 0.30277320979948524,
            "brake": 0.0,
            "steer": 0.0
        },
        {
            "throttle": 0.30132549887539634,
            "brake": 0.0,
            "steer": 0.0
        },
        {
            "throttle": 0.299969086924752,
            "brake": 0.0,
            "steer": 0.0
        },
        {
            "throttle": 0.2987105515967018,
            "brake": 0.0,
            "steer": 0.0
        },
        {
            "throttle": 0.297555995907298,
            "brake": 0.0,
            "steer": 0.0
        },
        {
            "throttle": 0.2965110186441068,
            "brake": 0.0,
            "steer": 0.0
        },
        {
            "throttle": 0.2955806872159778,
            "brake": 0.0,
            "steer": 0.0
        },
        {
            "throttle": 0.29476951307963156,
            "brake": 0.0,
            "steer": 0.0
        },
        {
            "throttle": 0.29408142986222807,
            "brake": 0.0,
            "steer": 0.0
        },
        {
            "throttle": 0.29351977428600706,
            "brake": 0.0,
            "steer": 0.0
        },
        {
            "throttle": 0.2930872699875022,
            "brake": 0.0,
            "steer": 0.0
        },
        {
            "throttle": 0.29278601430979356,
            "brake": 0.0,
            "steer": 0.0
        },
        {
            "throttle": 0.292617468131848,
            "brake": 0.0,
            "steer": 0.0
        },
        {
            "throttle": 0.29258244878426687,
            "brake": 0.0,
            "steer": 0.0
        },
        {
            "throttle": 0.2926811260857949,
            "brake": 0.0,
            "steer": 0.0
        },
        {
            "throttle": 0.29291302151981075,
            "brake": 0.0,
            "steer": 0.0
        },
        {
            "throttle": 0.29327701055479233,
            "brake": 0.0,
            "steer": 0.0
        },
        {
            "throttle": 0.29377132809750367,
            "brake": 0.0,
            "steer": 0.0
        },
        {
            "throttle": 0.29439357705245994,
            "brake": 0.0,
            "steer": 0.0
        },
        {
            "throttle": 0.29514073994616274,
            "brake": 0.0,
            "steer": 0.0
        },
        {
            "throttle": 0.29600919355973626,
            "brake": 0.0,
            "steer": 0.0
        },
        {
            "throttle": 0.2969947264990058,
            "brake": 0.0,
            "steer": 0.0
        },
        {
            "throttle": 0.29809255961681713,
            "brake": 0.0,
            "steer": 0.0
        },
        {
            "throttle": 0.2992973691885607,
            "brake": 0.0,
            "steer": 0.0
        },
        {
            "throttle": 0.3006033127285178,
            "brake": 0.0,
            "steer": 0.0
        },
        {
            "throttle": 0.3020040573218359,
            "brake": 0.0,
            "steer": 0.0
        },
        {
            "throttle": 0.3034928103347428,
            "brake": 0.0,
            "steer": 0.0
        },
        {
            "throttle": 0.30506235235407764,
            "brake": 0.0,
            "steer": 0.0
        },
        {
            "throttle": 0.3067050721964038,
            "brake": 0.0,
            "steer": 0.0
        },
        {
            "throttle": 0.3084130038169345,
            "brake": 0.0,
            "steer": 0.0
        },
        {
            "throttle": 0.3101778649392883,
            "brake": 0.0,
            "steer": 0.0
        },
        {
            "throttle": 0.3119910972187474,
            "brake": 0.0,
            "steer": 0.0
        },
        {
            "throttle": 0.3138439077442551,
            "brake": 0.0,
            "steer": 0.0
        },
        {
            "throttle": 0.3157273116778956,
            "brake": 0.0,
            "steer": 0.0
        },
        {
            "throttle": 0.31763217582508607,
            "brake": 0.0,
            "steer": 0.0
        },
        {
            "throttle": 0.31954926292419444,
            "brake": 0.0,
            "steer": 0.0
        },
        {
            "throttle": 0.3214692764408104,
            "brake": 0.0,
            "steer": 0.0
        },
        {
            "throttle": 0.32338290564944766,
            "brake": 0.0,
            "steer": 0.0
        },
        {
            "throttle": 0.32528087078406326,
            "brake": 0.0,
            "steer": 0.0
        },
        {
            "throttle": 0.3271539680384452,
            "brake": 0.0,
            "steer": 0.0
        },
        {
            "throttle": 0.32899311419824817,
            "brake": 0.0,
            "steer": 0.0
        },
        {
            "throttle": 0.3307893906882425,
            "brake": 0.0,
            "steer": 0.0
        },
        {
            "throttle": 0.3325340868211788,
            "brake": 0.0,
            "steer": 0.0
        },
        {
            "throttle": 0.334218742038541,
            "brake": 0.0,
            "steer": 0.0
        },
        {
            "throttle": 0.33583518693834924,
            "brake": 0.0,
            "steer": 0.0
        },
        {
            "throttle": 0.33737558289105735,
            "brake": 0.0,
            "steer": 0.0
        },
        {
            "throttle": 0.3388324600514345,
            "brake": 0.0,
            "steer": 0.0
        }
    ],
    "parameters": {
        "cloudiness": 98.0576786601594,
        "fog_density": 18.146826127877304,
        "initial_distance": 72.37924989482761,
        "initial_ego_velocity": 12.19926429714824,
        "initial_lead_velocity": 16.80829163231988,
        "lead_base_throttle": 0.32015273470624556,
        "lead_behavior_frequency": 0.11085302236281734,
        "lead_brake_duration": 8.692780813878693,
        "lead_brake_intensity": 0.2885016763695885,
        "lead_brake_probability": 0.055224846501434055,
        "lead_throttle_variation": 0.033047935971542056,
        "precipitation": 0.6857240920350893,
        "precipitation_deposits": 81.51789218381954,
        "sun_altitude_angle": -11.821984240871334,
        "wind_intensity": 30.570018743995046
    },
    "config": {
        "num_timesteps": 200,
        "dt": 0.1,
        "seed": 227
    }
}