{
    "weather": {
        "cloudiness": 61.959353120060534,
        "precipitation": 83.42664063560467,
        "precipitation_deposits": 68.41445266248047,
        "wind_intensity": 15.871208487997151,
        "sun_altitude_angle": -27.339002091332702,
        "fog_density": 35.57217173961473,
        "fog_distance": 305.52029882245074,
        "wetness": 41.713320317802335
    },
    "initial_conditions": {
        "ego": {
            "position": {
                "x": 538.2914154664559,
                "y": 20.57,
                "z": 0.294
            },
            "yaw": 0.0,
            "velocity": 9.835794416770689
        },
        "lead": {
            "position": {
                "x": 484.88,
                "y": 20.57,
                "z": 0.294
            },
            "yaw": 0.0,
            "velocity": 19.663483591579244
        }
    },
    "ego": {
        "position": {
            "x": 538.2914154664559,
            "y": 20.57,
            "z": 0.294
        },
        "yaw": 0.0,
        "velocity": 9.835794416770689
    },
    "lead": {
        "position": {
            "x": 484.88,
            "y": 20.57,
            "z": 0.294
        },
        "yaw": 0.0,
        "velocity": 19.663483591579244
    },
    "ado_actions": [
        {
            "throttle": 0.20304794088063846,
            "brake": 0.0,
            "steer": 0.0
        },
        {
            "throttle": 0.2060085123394043,
            "brake": 0.0,
            "steer": 0.0
        },
        {
            "throttle": 0.21158518368698342,
            "brake": 0.0,
            "steer": 0.0
        },
        {
            "throttle": 0.219420307810674,
            "brake": 0.0,
            "steer": 0.0
        },
        {
            "throttle": 0.22914595011084127,
            "brake": 0.0,
            "steer": 0.0
        },
        {
            "throttle": 0.24038724084584515,
            "brake": 0.0,
            "steer": 0.0
        },
        {
            "throttle": 0.25276610733924265,
            "brake": 0.0,
            "steer": 0.0
        },
        {
            "throttle": 0.26590529837108645,
            "brake": 0.0,
            "steer": 0.0
        },
        {
            "throttle": 0.27943261096154953,
            "brake": 0.0,
            "steer": 0.0
        },
        {
            "throttle": 0.29298522884343337,
            "brake": 0.0,
            "steer": 0.0
        },
        {
            "throttle": 0.3062140822519173,
            "brake": 0.0,
            "steer": 0.0
        },
        {
            "throttle": 0.31878814025373636,
            "brake": 0.0,
            "steer": 0.0
        },
        {
            "throttle": 0.3303985496893491,
            "brake": 0.0,
            "steer": 0.0
        },
        {
            "throttle": 0.3407625388833746,
            "brake": 0.0,
            "steer": 0.0
        },
        {
            "throttle": 0.34962700954136977,
            "brake": 0.0,
            "steer": 0.0
        },
        {
            "throttle": 0.35677174662455774,
            "brake": 0.0,
            "steer": 0.0
        },
        {
            "throttle": 0.36201218338833485,
            "brake": 0.0,
            "steer": 0.0
        },
        {
            "throttle": 0.36520166707710977,
            "brake": 0.0,
            "steer": 0.0
        },
        {
            "throttle": 0.3662331798628853,
            "brake": 0.0,
            "steer": 0.0
        },
        {
            "throttle": 0.36504047935958417,
            "brake": 0.0,
            "steer": 0.0
        },
        {
            "throttle": 0.36159863328937336,
            "brake": 0.0,
            "steer": 0.0
        },
        {
            "throttle": 0.35592393346199747,
            "brake": 0.0,
            "steer": 0.0
        },
        {
            "throttle": 0.3480731849878258,
            "brake": 0.0,
            "steer": 0.0
        },
        {
            "throttle": 0.33814237741075986,
            "brake": 0.0,
            "steer": 0.0
        },
        {
            "throttle": 0.3262647550483957,
            "brake": 0.0,
            "steer": 0.0
        },
        {
            "throttle": 0.31260831409600565,
            "brake": 0.0,
            "steer": 0.0
        },
        {
            "throttle": 0.29737276382500116,
            "brake": 0.0,
            "steer": 0.0
        },
        {
            "throttle": 0.2807859983301768,
            "brake": 0.0,
            "steer": 0.0
        },
        {
            "throttle": 0.2631001336080042,
            "brake": 0.0,
            "steer": 0.0
        },
        {
            "throttle": 0.24458717214796505,
            "brake": 0.0,
            "steer": 0.0
        },
        {
            "throttle": 0.2255343635726101,
            "brake": 0.0,
            "steer": 0.0
        },
        {
            "throttle": 0.20623933506872108,
            "brake": 0.0,
            "steer": 0.0
        },
        {
            "throttle": 0.18700506932911184,
            "brake": 0.0,
            "steer": 0.0
        },
        {
            "throttle": 0.16830456239620067,
            "brake": 0.0,
            "steer": 0.0
        },
        {
            "throttle": 0.1514741061565806,
            "brake": 0.0,
            "steer": 0.0
        },
        {
            "throttle": 0.13632669554092255,
            "brake": 0.0,
            "steer": 0.0
        },
        {
            "throttle": 0.1226940259868303,
            "brake": 0.0,
            "steer": 0.0
        },
        {
            "throttle": 0.11042462338814726,
            "brake": 0.0,
            "steer": 0.0
        },
        {
            "throttle": 0.09938216104933253,
            "brake": 0.0,
            "steer": 0.0
        },
        {
            "throttle": 0.08944394494439928,
            "brake": 0.0,
            "steer": 0.0
        },
        {
            "throttle": 0.08049955044995935,
            "brake": 0.0,
            "steer": 0.0
        },
        {
            "throttle": 0.07278813208829321,
            "brake": 0.0,
            "steer": 0.0
        },
        {
            "throttle": 0.0675185790018614,
            "brake": 0.0,
            "steer": 0.0
        },
        {
            "throttle": 0.060766721101675254,
            "brake": 0.04166739355003314,
            "steer": 0.0
        },
        {
            "throttle": 0.05469004899150773,
            "brake": 0.07916804774506297,
            "steer": 0.0
        },
        {
            "throttle": 0.049221044092356954,
            "brake": 0.11291863652058982,
            "steer": 0.0
        },
        {
            "throttle": 0.044298939683121256,
            "brake": 0.143294166418564,
            "steer": 0.0
        },
        {
            "throttle": 0.039869045714809134,
            "brake": 0.17063214332674076,
            "steer": 0.0
        },
        {
            "throttle": 0.035882141143328224,
            "brake": 0.19523632254409984,
            "steer": 0.0
        },
        {
            "throttle": 0.0322939270289954,
            "brake": 0.21738008383972302,
            "steer": 0.0
        },
        {
            "throttle": 0.029064534326095865,
            "brake": 0.23730946900578387,
            "steer": 0.0
        },
        {
            "throttle": 0.026158080893486278,
            "brake": 0.25524591565523863,
            "steer": 0.0
        },
        {
            "throttle": 0.023542272804137652,
            "brake": 0.2713887176397479,
            "steer": 0.0
        },
        {
            "throttle": 0.021188045523723886,
            "brake": 0.28591723942580627,
            "steer": 0.0
        },
        {
            "throttle": 0.019069240971351497,
            "brake": 0.29899290903325876,
            "steer": 0.0
        },
        {
            "throttle": 0.01716231687421635,
            "brake": 0.310761011679966,
            "steer": 0.0
        },
        {
            "throttle": 0.015446085186794715,
            "brake": 0.32135230406200255,
            "steer": 0.0
        },
        {
            "throttle": 0.013901476668115243,
            "brake": 0.3308844672058354,
            "steer": 0.0
        },
        {
            "throttle": 0.01251132900130372,
            "brake": 0.339463414035285,
            "steer": 0.0
        },
        {
            "throttle": 0.011260196101173348,
            "brake": 0.34718446618178966,
            "steer": 0.0
        },
        {
            "throttle": 0.010134176491056014,
            "brake": 0.3541334131136438,
            "steer": 0.0
        },
        {
            "throttle": 0.009120758841950412,
            "brake": 0.3603874653523126,
            "steer": 0.0
        },
        {
            "throttle": 0.008208682957755372,
            "brake": 0.36601611236711445,
            "steer": 0.0
        },
        {
            "throttle": 0.007387814661979835,
            "brake": 0.3710818946804361,
            "steer": 0.0
        },
        {
            "throttle": 0.006649033195781852,
            "brake": 0.37564109876242563,
            "steer": 0.0
        },
        {
            "throttle": 0.005984129876203667,
            "brake": 0.3797443824362162,
            "steer": 0.0
        },
        {
            "throttle": 0.0053857168885833,
            "brake": 0.3834373377426277,
            "steer": 0.0
        },
        {
            "throttle": 0.04259648429584183,
            "brake": 0.34509360396836497,
            "steer": 0.0
        },
        {
            "throttle": 0.0739919009441239,
            "brake": 0.3105842435715285,
            "steer": 0.0
        },
        {
            "throttle": 0.09990247789597986,
            "brake": 0.27952581921437564,
            "steer": 0.0
        },
        {
            "throttle": 0.12066402792406754,
            "brake": 0.25157323729293807,
            "steer": 0.0
        },
        {
            "throttle": 0.1366206131665217,
            "brake": 0.22641591356364427,
            "steer": 0.0
        },
        {
            "throttle": 0.14812651395747375,
            "brake": 0.20377432220727984,
            "steer": 0.0
        },
        {
            "throttle": 0.1555472710285464,
            "brake": 0.18339688998655185,
            "steer": 0.0
        },
        {
            "throttle": 0.15925985999114958,
            "brake": 0.16505720098789667,
            "steer": 0.0
        },
        {
            "throttle": 0.15965206360397355,
            "brake": 0.148551480889107,
            "steer": 0.0
        },
        {
            "throttle": 0.1571211136129754,
            "brake": 0.1336963328001963,
            "steer": 0.0
        },
        {
            "throttle": 0.1520716797436908,
            "brake": 0.12032669952017667,
            "steer": 0.0
        },
        {
            "throttle": 0.1449132885647904,
            "brake": 0.108294029568159,
            "steer": 0.0
        },
        {
            "throttle": 0.1360572592818758,
            "brake": 0.09746462661134311,
            "steer": 0.0
        },
        {
            "throttle": 0.12591324693523295,
            "brake": 0.0877181639502088,
            "steer": 0.0
        },
        {
            "throttle": 0.11488548585895614,
            "brake": 0.07894634755518792,
            "steer": 0.0
        },
        {
            "throttle": 0.10339693727306053,
            "brake": 0.07105171279966914,
            "steer": 0.0
        },
        {
            "throttle": 0.09305724354575448,
            "brake": 0.06394654151970222,
            "steer": 0.0
        },
        {
            "throttle": 0.08375151919117904,
            "brake": 0.057551887367732,
            "steer": 0.0
        },
        {
            "throttle": 0.07537636727206114,
            "brake": 0.0517966986309588,
            "steer": 0.0
        },
        {
            "throttle": 0.06783873054485502,
            "brake": 0.046617028767862924,
            "steer": 0.0
        },
        {
            "throttle": 0.06105485749036952,
            "brake": 0.04195532589107663,
            "steer": 0.0
        },
        {
            "throttle": 0.05494937174133257,
            "brake": 0.03775979330196897,
            "steer": 0.0
        },
        {
            "throttle": 0.049454434567199314,
            "brake": 0.033983813971772074,
            "steer": 0.0
        },
        {
            "throttle": 0.04469760602053604,
            "brake": 0.030585432574594867,
            "steer": 0.0
        },
        {
            "throttle": 0.042055591473003,
            "brake": 0.027526889317135383,
            "steer": 0.0
        },
        {
            "throttle": 0.0416190659332139,
            "brake": 0.024774200385421843,
            "steer": 0.0
        },
        {
            "throttle": 0.04343789090307295,
            "brake": 0.02229678034687966,
            "steer": 0.0
        },
        {
            "throttle": 0.0475207736889537,
            "brake": 0.020067102312191692,
            "steer": 0.0
        },
        {
            "throttle": 0.05383555224023671,
            "brake": 0.018060392080972525,
            "steer": 0.0
        },
        {
            "throttle": 0.06231010560421889,
            "brake": 0.016254352872875272,
            "steer": 0.0
        },
        {
            "throttle": 0.07283387938096145,
            "brake": 0.014628917585587745,
            "steer": 0.0
        },
        {
            "throttle": 0.08526000507727784,
            "brake": 0.013166025827028971,
            "steer": 0.0
        },
        {
            "throttle": 0.09940798216248418,
            "brake": 0.011849423244326075,
            "steer": 0.0
        },
        {
            "throttle": 0.11506688208057893,
            "brake": 0.010664480919893467,
            "steer": 0.0
        },
        {
            "throttle": 0.13199902462647894,
            "brake": 0.009598032827904121,
            "steer": 0.0
        },
        {
            "throttle": 0.14994406908903332,
            "brake": 0.00863822954511371,
            "steer": 0.0
        },
        {
            "throttle": 0.16862345552855168,
            "brake": 0.007774406590602339,
            "steer": 0.0
        },
        {
            "throttle": 0.18774512560376375,
            "brake": 0.0069969659315421056,
            "steer": 0.0
        },
        {
            "throttle": 0.20700844758729323,
            "brake": 0.006297269338387895,
            "steer": 0.0
        },
        {
            "throttle": 0.22610926668571224,
            "brake": 0.005667542404549106,
            "steer": 0.0
        },
        {
            "throttle": 0.24474499956561097,
            "brake": 0.005100788164094196,
            "steer": 0.0
        },
        {
            "throttle": 0.26261969111524724,
            "brake": 0.004590709347684776,
            "steer": 0.0
        },
        {
            "throttle": 0.27944895195483577,
            "brake": 0.004131638412916298,
            "steer": 0.0
        },
        {
            "throttle": 0.294964697038,
            "brake": 0.0037184745716246684,
            "steer": 0.0
        },
        {
            "throttle": 0.3089196088310828,
            "brake": 0.0033466271144622015,
            "steer": 0.0
        },
        {
            "throttle": 0.3210912529632736,
            "brake": 0.0030119644030159815,
            "steer": 0.0
        },
        {
            "throttle": 0.3312857798357125,
            "brake": 0.0027107679627143833,
            "steer": 0.0
        },
        {
            "throttle": 0.3393411523694093,
            "brake": 0.002439691166442945,
            "steer": 0.0
        },
        {
            "throttle": 0.34512984774964667,
            "brake": 0.0021957220497986502,
            "steer": 0.0
        },
        {
            "throttle": 0.34856098956218334,
            "brake": 0.001976149844818785,
            "steer": 0.0
        },
        {
            "throttle": 0.3495818759737035,
            "brake": 0.0017785348603369068,
            "steer": 0.0
        },
        {
            "throttle": 0.34817887943354353,
            "brake": 0.001600681374303216,
            "steer": 0.0
        },
        {
            "throttle": 0.3443777036045384,
            "brake": 0.0014406132368728944,
            "steer": 0.0
        },
        {
            "throttle": 0.3382429937000295,
            "brake": 0.001296551913185605,
            "steer": 0.0
        },
        {
            "throttle": 0.3298773069400068,
            "brake": 0.0011668967218670446,
            "steer": 0.0
        },
        {
            "throttle": 0.31941946026929097,
            "brake": 0.0010502070496803402,
            "steer": 0.0
        },
        {
            "throttle": 0.3070422826336694,
            "brake": 0.0009451863447123062,
            "steer": 0.0
        },
        {
            "throttle": 0.2929498088195965,
            "brake": 0.0008506677102410756,
            "steer": 0.0
        },
        {
            "throttle": 0.27737396097037764,
            "brake": 0.000765600939216968,
            "steer": 0.0
        },
        {
            "throttle": 0.26057077224745584,
            "brake": 0.0006890408452952713,
            "steer": 0.0
        },
        {
            "throttle": 0.24281621457262906,
            "brake": 0.0006201367607657442,
            "steer": 0.0
        },
        {
            "throttle": 0.2244016988434075,
            "brake": 0.0005581230846891698,
            "steer": 0.0
        },
        {
            "throttle": 0.205629321353489,
            "brake": 0.0005023107762202528,
            "steer": 0.0
        },
        {
            "throttle": 0.186806934285985,
            "brake": 0.0004520796985982276,
            "steer": 0.0
        },
        {
            "throttle": 0.1682431210107776,
            "brake": 0.00040687172873840485,
            "steer": 0.0
        },
        {
            "throttle": 0.15141880890969983,
            "brake": 0.00036618455586456437,
            "steer": 0.0
        },
        {
            "throttle": 0.13627692801872984,
            "brake": 0.0003295661002781079,
            "steer": 0.0
        },
        {
            "throttle": 0.12264923521685686,
            "brake": 0.00029660949025029715,
            "steer": 0.0
        },
        {
            "throttle": 0.11038431169517118,
            "brake": 0.00026694854122526744,
            "steer": 0.0
        },
        {
            "throttle": 0.09934588052565407,
            "brake": 0.0002402536871027407,
            "steer": 0.0
        },
        {
            "throttle": 0.08941129247308867,
            "brake": 0.00021622831839246664,
            "steer": 0.0
        },
        {
            "throttle": 0.08047016322577981,
            "brake": 0.00019460548655321998,
            "steer": 0.0
        },
        {
            "throttle": 0.0724651520154149,
            "brake": 0.00017514493789789798,
            "steer": 0.0
        },
        {
            "throttle": 0.066867910905509,
            "brake": 0.0001576304441081082,
            "steer": 0.0
        },
        {
            "throttle": 0.06374273785854898,
            "brake": 0.00014186739969729737,
            "steer": 0.0
        },
        {
            "throttle": 0.06311622835157818,
            "brake": 0.00012768065972756763,
            "steer": 0.0
        },
        {
            "throttle": 0.0649765681175963,
            "brake": 0.00011491259375481088,
            "steer": 0.0
        },
        {
            "throttle": 0.06927348123818311,
            "brake": 0.00010342133437932979,
            "steer": 0.0
        },
        {
            "throttle": 0.07591883171278106,
            "brake": 9.307920094139682e-05,
            "steer": 0.0
        },
        {
            "throttle": 0.08478786621606527,
            "brake": 8.377128084725713e-05,
            "steer": 0.0
        },
        {
            "throttle": 0.09572107551454395,
            "brake": 7.539415276253143e-05,
            "steer": 0.0
        },
        {
            "throttle": 0.10852664211715285,
            "brake": 6.785473748627828e-05,
            "steer": 0.0
        },
        {
            "throttle": 0.12298343234641985,
            "brake": 6.106926373765046e-05,
            "steer": 0.0
        },
        {
            "throttle": 0.13884448229251278,
            "brake": 5.496233736388542e-05,
            "steer": 0.0
        },
        {
            "throttle": 0.15584091919679738,
            "brake": 4.946610362749687e-05,
            "steer": 0.0
        },
        {
            "throttle": 0.17368625283565897,
            "brake": 4.451949326474719e-05,
            "steer": 0.0
        },
        {
            "throttle": 0.19208096555496043,
            "brake": 4.006754393827247e-05,
            "steer": 0.0
        },
        {
            "throttle": 0.21071732483888975,
            "brake": 3.606078954444522e-05,
            "steer": 0.0
        },
        {
            "throttle": 0.22928433876334137,
            "brake": 3.24547105900007e-05,
            "steer": 0.0
        },
        {
            "throttle": 0.24747277244233393,
            "brake": 2.920923953100063e-05,
            "steer": 0.0
        },
        {
            "throttle": 0.26498014266400766,
            "brake": 2.6288315577900566e-05,
            "steer": 0.0
        },
        {
            "throttle": 0.2815156083463291,
            "brake": 2.365948402011051e-05,
            "steer": 0.0
        },
        {
            "throttle": 0.2968046762155232,
            "brake": 2.129353561809946e-05,
            "steer": 0.0
        },
        {
            "throttle": 0.3105936441942314,
            "brake": 1.9164182056289513e-05,
            "steer": 0.0
        },
        {
            "throttle": 0.32265370933171733,
            "brake": 1.7247763850660562e-05,
            "steer": 0.0
        },
        {
            "throttle": 0.3327846726446727,
            "brake": 1.5522987465594507e-05,
            "steer": 0.0
        },
        {
            "throttle": 0.340818179874344,
            "brake": 1.3970688719035056e-05,
            "steer": 0.0
        },
        {
            "throttle": 0.34662044479576837,
            "brake": 1.2573619847131552e-05,
            "steer": 0.0
        },
        {
            "throttle": 0.35009441021355675,
            "brake": 1.1316257862418397e-05,
            "steer": 0.0
        },
        {
            "throttle": 0.3511813110073221,
            "brake": 1.0184632076176558e-05,
            "steer": 0.0
        },
        {
            "throttle": 0.3498616133979723,
            "brake": 9.166168868558902e-06,
            "steer": 0.0
        },
        {
            "throttle": 0.34615531483360884,
            "brake": 8.249551981703011e-06,
            "steer": 0.0
        },
        {
            "throttle": 0.34012159937374015,
            "brake": 7.42459678353271e-06,
            "steer": 0.0
        },
        {
            "throttle": 0.3318578540118221,
            "brake": 6.682137105179439e-06,
            "steer": 0.0
        },
        {
            "throttle": 0.32149806184630714,
            "brake": 6.0139233946614955e-06,
            "steer": 0.0
        },
        {
            "throttle": 0.3092105982184182,
            "brake": 5.412531055195346e-06,
            "steer": 0.0
        },
        {
            "throttle": 0.29519546571402605,
            "brake": 4.871277949675812e-06,
            "steer": 0.0
        },
        {
            "throttle": 0.27968101311755406,
            "brake": 4.384150154708231e-06,
            "steer": 0.0
        },
        {
            "throttle": 0.26292019185762855,
            "brake": 3.945735139237408e-06,
            "steer": 0.0
        },
        {
            "throttle": 0.24518641105916777,
            "brake": 3.5511616253136673e-06,
            "steer": 0.0
        },
        {
            "throttle": 0.22676905889100776,
            "brake": 3.1960454627823005e-06,
            "steer": 0.0
        },
        {
            "throttle": 0.2079687633646065,
            "brake": 2.8764409165040705e-06,
            "steer": 0.0
        },
        {
            "throttle": 0.18909247000855775,
            "brake": 2.5887968248536635e-06,
            "steer": 0.0
        },
        {
            "throttle": 0.17044841684586334,
            "brake": 2.329917142368297e-06,
            "steer": 0.0
        },
        {
            "throttle": 0.153403575161277,
            "brake": 2.0969254281314677e-06,
            "steer": 0.0
        },
        {
            "throttle": 0.1380632176451493,
            "brake": 1.887232885318321e-06,
            "steer": 0.0
        },
        {
            "throttle": 0.12425689588063438,
            "brake": 1.698509596786489e-06,
            "steer": 0.0
        },
        {
            "throttle": 0.11183120629257094,
            "brake": 0.04166892220867025,
            "steer": 0.0
        },
        {
            "throttle": 0.10064808566331385,
            "brake": 0.07916942353783638,
            "steer": 0.0
        },
        {
            "throttle": 0.09058327709698247,
            "brake": 0.11291987473408588,
            "steer": 0.0
        },
        {
            "throttle": 0.08152494938728422,
            "brake": 0.14329528081071044,
            "steer": 0.0
        },
        {
            "throttle": 0.0733724544485558,
            "brake": 0.17063314627967252,
            "steer": 0.0
        },
        {
            "throttle": 0.06603520900370022,
            "brake": 0.19523722520173842,
            "steer": 0.0
        },
        {
            "throttle": 0.059431688103330195,
            "brake": 0.21738089623159773,
            "steer": 0.0
        },
        {
            "throttle": 0.05348851929299717,
            "brake": 0.2373102001584711,
            "steer": 0.0
        },
        {
            "throttle": 0.04813966736369746,
            "brake": 0.25524657369265713,
            "steer": 0.0
        },
        {
            "throttle": 0.04332570062732771,
            "brake": 0.2713893098734246,
            "steer": 0.0
        },
        {
            "throttle": 0.03899313056459494,
            "brake": 0.28591777243611527,
            "steer": 0.0
        },
        {
            "throttle": 0.03509381750813545,
            "brake": 0.2989933887425369,
            "steer": 0.0
        },
        {
            "throttle": 0.03158443575732191,
            "brake": 0.31076144341831635,
            "steer": 0.0
        },
        {
            "throttle": 0.028425992181589716,
            "brake": 0.32135269262651783,
            "steer": 0.0
        },
        {
            "throttle": 0.025583392963430745,
            "brake": 0.3308848169138992,
            "steer": 0.0
        },
        {
            "throttle": 0.02302505366708767,
            "brake": 0.33946372877254244,
            "steer": 0.0
        }
    ],
    "parameters": {
        "cloudiness": 61.959353120060534,
        "fog_density": 35.57217173961473,
        "initial_distance": 53.41141546645582,
        "initial_ego_velocity": 9.835794416770689,
        "initial_lead_velocity": 19.663483591579244,
        "lead_base_throttle": 0.20304794088063846,
        "lead_behavior_frequency": 0.20366486132254263,
        "lead_brake_duration": 24.74583142640812,
        "lead_brake_intensity": 0.4166739355003314,
        "lead_brake_probability": 0.07174735799207739,
        "lead_throttle_variation": 0.23198799560035757,
        "precipitation": 83.42664063560467,
        "precipitation_deposits": 68.41445266248047,
        "sun_altitude_angle": -27.339002091332702,
        "wind_intensity": 15.871208487997151
    },
    "config": {
        "num_timesteps": 200,
        "dt": 0.1,
        "seed": 198
    }
}