{
    "weather": {
        "cloudiness": 59.46619270129655,
        "precipitation": 11.878199581282855,
        "precipitation_deposits": 15.723411493346063,
        "wind_intensity": 16.498930544771284,
        "sun_altitude_angle": -19.40673789553791,
        "fog_density": 25.211267536444844,
        "fog_distance": 431.54841007274257,
        "wetness": 5.939099790641428
    },
    "initial_conditions": {
        "ego": {
            "position": {
                "x": 545.0691521749429,
                "y": 20.57,
                "z": 0.294
            },
            "yaw": 0.0,
            "velocity": 14.798592073239494
        },
        "lead": {
            "position": {
                "x": 484.88,
                "y": 20.57,
                "z": 0.294
            },
            "yaw": 0.0,
            "velocity": 5.993264458818817
        }
    },
    "ego": {
        "position": {
            "x": 545.0691521749429,
            "y": 20.57,
            "z": 0.294
        },
        "yaw": 0.0,
        "velocity": 14.798592073239494
    },
    "lead": {
        "position": {
            "x": 484.88,
            "y": 20.57,
            "z": 0.294
        },
        "yaw": 0.0,
        "velocity": 5.993264458818817
    },
    "ado_actions": [
        {
            "throttle": 0.412638370923874,
            "brake": 0.0,
            "steer": 0.0
        },
        {
            "throttle": 0.4141065862587272,
            "brake": 0.0,
            "steer": 0.0
        },
        {
            "throttle": 0.41685123448051975,
            "brake": 0.0,
            "steer": 0.0
        },
        {
            "throttle": 0.42065612730231805,
            "brake": 0.0,
            "steer": 0.0
        },
        {
            "throttle": 0.42528582268085074,
            "brake": 0.0,
            "steer": 0.0
        },
        {
            "throttle": 0.43049151332530744,
            "brake": 0.0,
            "steer": 0.0
        },
        {
            "throttle": 0.43601745662727404,
            "brake": 0.0,
            "steer": 0.0
        },
        {
            "throttle": 0.44160773589518965,
            "brake": 0.0,
            "steer": 0.0
        },
        {
            "throttle": 0.4470131339526207,
            "brake": 0.0,
            "steer": 0.0
        },
        {
            "throttle": 0.4519978979080039,
            "brake": 0.0,
            "steer": 0.0
        },
        {
            "throttle": 0.45634617830647606,
            "brake": 0.0,
            "steer": 0.0
        },
        {
            "throttle": 0.4598679368090495,
            "brake": 0.0,
            "steer": 0.0
        },
        {
            "throttle": 0.46240413368655553,
            "brake": 0.0,
            "steer": 0.0
        },
        {
            "throttle": 0.46383102925016206,
            "brake": 0.0,
            "steer": 0.0
        },
        {
            "throttle": 0.4640634611762873,
            "brake": 0.0,
            "steer": 0.0
        },
        {
            "throttle": 0.46305699167676556,
            "brake": 0.0,
            "steer": 0.0
        },
        {
            "throttle": 0.46080885364248014,
            "brake": 0.0,
            "steer": 0.0
        },
        {
            "throttle": 0.4573576621794472,
            "brake": 0.0,
            "steer": 0.0
        },
        {
            "throttle": 0.4527818962242604,
            "brake": 0.0,
            "steer": 0.0
        },
        {
            "throttle": 0.44719719300412875,
            "brake": 0.0,
            "steer": 0.0
        },
        {
            "throttle": 0.4407525348340011,
            "brake": 0.0,
            "steer": 0.0
        },
        {
            "throttle": 0.4336254419989323,
            "brake": 0.0,
            "steer": 0.0
        },
        {
            "throttle": 0.42601631620862274,
            "brake": 0.0,
            "steer": 0.0
        },
        {
            "throttle": 0.41814210539501456,
            "brake": 0.0,
            "steer": 0.0
        },
        {
            "throttle": 0.4102294816510835,
            "brake": 0.0,
            "steer": 0.0
        },
        {
            "throttle": 0.4025077392383329,
            "brake": 0.0,
            "steer": 0.0
        },
        {
            "throttle": 0.3952016283611192,
            "brake": 0.0,
            "steer": 0.0
        },
        {
            "throttle": 0.38852434255144397,
            "brake": 0.0,
            "steer": 0.0
        },
        {
            "throttle": 0.38267087296450475,
            "brake": 0.0,
            "steer": 0.0
        },
        {
            "throttle": 0.3778119317940411,
            "brake": 0.0,
            "steer": 0.0
        },
        {
            "throttle": 0.37408862971857404,
            "brake": 0.0,
            "steer": 0.0
        },
        {
            "throttle": 0.3716080693161911,
            "brake": 0.0,
            "steer": 0.0
        },
        {
            "throttle": 0.3704399884413782,
            "brake": 0.0,
            "steer": 0.0
        },
        {
            "throttle": 0.37061455549944816,
            "brake": 0.0,
            "steer": 0.0
        },
        {
            "throttle": 0.37212138336512546,
            "brake": 0.0,
            "steer": 0.0
        },
        {
            "throttle": 0.374909791450345,
            "brake": 0.0,
            "steer": 0.0
        },
        {
            "throttle": 0.3788903072736134,
            "brake": 0.0,
            "steer": 0.0
        },
        {
            "throttle": 0.38393736098846953,
            "brake": 0.0,
            "steer": 0.0
        },
        {
            "throttle": 0.38989308985280713,
            "brake": 0.0,
            "steer": 0.0
        },
        {
            "throttle": 0.3965721356817034,
            "brake": 0.0,
            "steer": 0.0
        },
        {
            "throttle": 0.4037672879637987,
            "brake": 0.0,
            "steer": 0.0
        },
        {
            "throttle": 0.4112557994654946,
            "brake": 0.0,
            "steer": 0.0
        },
        {
            "throttle": 0.4188061805905071,
            "brake": 0.0,
            "steer": 0.0
        },
        {
            "throttle": 0.4261852641345394,
            "brake": 0.0,
            "steer": 0.0
        },
        {
            "throttle": 0.4331653238243472,
            "brake": 0.0,
            "steer": 0.0
        },
        {
            "throttle": 0.43953102841022734,
            "brake": 0.0,
            "steer": 0.0
        },
        {
            "throttle": 0.4450860181408952,
            "brake": 0.0,
            "steer": 0.0
        },
        {
            "throttle": 0.44965890203513886,
            "brake": 0.0,
            "steer": 0.0
        },
        {
            "throttle": 0.4531084921210138,
            "brake": 0.0,
            "steer": 0.0
        },
        {
            "throttle": 0.4553281141971362,
            "brake": 0.0,
            "steer": 0.0
        },
        {
            "throttle": 0.45624886296596356,
            "brake": 0.0,
            "steer": 0.0
        },
        {
            "throttle": 0.4558417017295116,
            "brake": 0.0,
            "steer": 0.0
        },
        {
            "throttle": 0.4541183422335432,
            "brake": 0.0,
            "steer": 0.0
        },
        {
            "throttle": 0.4511308776131094,
            "brake": 0.0,
            "steer": 0.0
        },
        {
            "throttle": 0.44697017958627216,
            "brake": 0.0,
            "steer": 0.0
        },
        {
            "throttle": 0.44176310889440307,
            "brake": 0.0,
            "steer": 0.0
        },
        {
            "throttle": 0.4356686243376132,
            "brake": 0.0,
            "steer": 0.0
        },
        {
            "throttle": 0.4288729094895747,
            "brake": 0.0,
            "steer": 0.0
        },
        {
            "throttle": 0.4215836662642451,
            "brake": 0.0,
            "steer": 0.0
        },
        {
            "throttle": 0.41402375002649117,
            "brake": 0.0,
            "steer": 0.0
        },
        {
            "throttle": 0.4064243411079163,
            "brake": 0.0,
            "steer": 0.0
        },
        {
            "throttle": 0.3990178617907475,
            "brake": 0.0,
            "steer": 0.0
        },
        {
            "throttle": 0.3920308556215944,
            "brake": 0.0,
            "steer": 0.0
        },
        {
            "throttle": 0.3856770470744818,
            "brake": 0.0,
            "steer": 0.0
        },
        {
            "throttle": 0.3801507940633685,
            "brake": 0.0,
            "steer": 0.0
        },
        {
            "throttle": 0.3756211337774594,
            "brake": 0.0,
            "steer": 0.0
        },
        {
            "throttle": 0.37222660414632386,
            "brake": 0.0,
            "steer": 0.0
        },
        {
            "throttle": 0.37007099949248756,
            "brake": 0.0,
            "steer": 0.0
        },
        {
            "throttle": 0.3692201903240745,
            "brake": 0.0,
            "steer": 0.0
        },
        {
            "throttle": 0.3697001046352252,
            "brake": 0.0,
            "steer": 0.0
        },
        {
            "throttle": 0.37149593251528434,
            "brake": 0.0,
            "steer": 0.0
        },
        {
            "throttle": 0.37455257840829825,
            "brake": 0.0,
            "steer": 0.0
        },
        {
            "throttle": 0.3787763471593334,
            "brake": 0.0,
            "steer": 0.0
        },
        {
            "throttle": 0.38403781220347977,
            "brake": 0.0,
            "steer": 0.0
        },
        {
            "throttle": 0.3901757780541069,
            "brake": 0.0,
            "steer": 0.0
        },
        {
            "throttle": 0.39700221573753025,
            "brake": 0.0,
            "steer": 0.0
        },
        {
            "throttle": 0.40430802002789157,
            "brake": 0.0,
            "steer": 0.0
        },
        {
            "throttle": 0.4118694121711271,
            "brake": 0.0,
            "steer": 0.0
        },
        {
            "throttle": 0.41945479202101793,
            "brake": 0.0,
            "steer": 0.0
        },
        {
            "throttle": 0.4268318297487919,
            "brake": 0.0,
            "steer": 0.0
        },
        {
            "throttle": 0.4337745799519954,
            "brake": 0.0,
            "steer": 0.0
        },
        {
            "throttle": 0.440070400303028,
            "brake": 0.0,
            "steer": 0.0
        },
        {
            "throttle": 0.4455264628638261,
            "brake": 0.0,
            "steer": 0.0
        },
        {
            "throttle": 0.44997565866738576,
            "brake": 0.0,
            "steer": 0.0
        },
        {
            "throttle": 0.4532817147471466,
            "brake": 0.0,
            "steer": 0.0
        },
        {
            "throttle": 0.4553433669127301,
            "brake": 0.0,
            "steer": 0.0
        },
        {
            "throttle": 0.4560974604866065,
            "brake": 0.0,
            "steer": 0.0
        },
        {
            "throttle": 0.4555208840454599,
            "brake": 0.0,
            "steer": 0.0
        },
        {
            "throttle": 0.4536312769470114,
            "brake": 0.0,
            "steer": 0.0
        },
        {
            "throttle": 0.4504864889734863,
            "brake": 0.0,
            "steer": 0.0
        },
        {
            "throttle": 0.44618280863686877,
            "brake": 0.0,
            "steer": 0.0
        },
        {
            "throttle": 0.4408520143983642,
            "brake": 0.0,
            "steer": 0.0
        },
        {
            "throttle": 0.43465733910038123,
            "brake": 0.0,
            "steer": 0.0
        },
        {
            "throttle": 0.42778847119002866,
            "brake": 0.0,
            "steer": 0.0
        },
        {
            "throttle": 0.420455745809449,
            "brake": 0.0,
            "steer": 0.0
        },
        {
            "throttle": 0.41288370363702304,
            "brake": 0.0,
            "steer": 0.0
        },
        {
            "throttle": 0.4053042147248621,
            "brake": 0.0,
            "steer": 0.0
        },
        {
            "throttle": 0.39794937789916557,
            "brake": 0.0,
            "steer": 0.0
        },
        {
            "throttle": 0.39104441316302047,
            "brake": 0.0,
            "steer": 0.0
        },
        {
            "throttle": 0.38480076475559744,
            "brake": 0.0,
            "steer": 0.0
        },
        {
            "throttle": 0.37940962607088224,
            "brake": 0.0,
            "steer": 0.0
        },
        {
            "throttle": 0.375036084720621,
            "brake": 0.0,
            "steer": 0.0
        },
        {
            "throttle": 0.37181406703565006,
            "brake": 0.0,
            "steer": 0.0
        },
        {
            "throttle": 0.3698422368187717,
            "brake": 0.0,
            "steer": 0.0
        },
        {
            "throttle": 0.36918097394050453,
            "brake": 0.0,
            "steer": 0.0
        },
        {
            "throttle": 0.3698505253012354,
            "brake": 0.0,
            "steer": 0.0
        },
        {
            "throttle": 0.37183038478216246,
            "brake": 0.0,
            "steer": 0.0
        },
        {
            "throttle": 0.3750599211723369,
            "brake": 0.0,
            "steer": 0.0
        },
        {
            "throttle": 0.3794402348425827,
            "brake": 0.0,
            "steer": 0.0
        },
        {
            "throttle": 0.3848371863093927,
            "brake": 0.0,
            "steer": 0.0
        },
        {
            "throttle": 0.39108550394533514,
            "brake": 0.0,
            "steer": 0.0
        },
        {
            "throttle": 0.39799384504600815,
            "brake": 0.0,
            "steer": 0.0
        },
        {
            "throttle": 0.40535065526911984,
            "brake": 0.0,
            "steer": 0.0
        },
        {
            "throttle": 0.4129306470128792,
            "brake": 0.0,
            "steer": 0.0
        },
        {
            "throttle": 0.4205016983472232,
            "brake": 0.0,
            "steer": 0.0
        },
        {
            "throttle": 0.4278319612329032,
            "brake": 0.0,
            "steer": 0.0
        },
        {
            "throttle": 0.434696961354483,
            "brake": 0.0,
            "steer": 0.0
        },
        {
            "throttle": 0.4408864721501173,
            "brake": 0.0,
            "steer": 0.0
        },
        {
            "throttle": 0.4462109525357297,
            "brake": 0.0,
            "steer": 0.0
        },
        {
            "throttle": 0.450507351182131,
            "brake": 0.0,
            "steer": 0.0
        },
        {
            "throttle": 0.45364409960157487,
            "brake": 0.0,
            "steer": 0.0
        },
        {
            "throttle": 0.45552514114120995,
            "brake": 0.0,
            "steer": 0.0
        },
        {
            "throttle": 0.4560928725041581,
            "brake": 0.0,
            "steer": 0.0
        },
        {
            "throttle": 0.4553299077204427,
            "brake": 0.0,
            "steer": 0.0
        },
        {
            "throttle": 0.4532596105499194,
            "brake": 0.0,
            "steer": 0.0
        },
        {
            "throttle": 0.44994537901347026,
            "brake": 0.0,
            "steer": 0.0
        },
        {
            "throttle": 0.44548870396209567,
            "brake": 0.0,
            "steer": 0.0
        },
        {
            "throttle": 0.4400260611359787,
            "brake": 0.0,
            "steer": 0.0
        },
        {
            "throttle": 0.4337247318874422,
            "brake": 0.0,
            "steer": 0.0
        },
        {
            "throttle": 0.4267776805490707,
            "brake": 0.0,
            "steer": 0.0
        },
        {
            "throttle": 0.41939764531647267,
            "brake": 0.0,
            "steer": 0.0
        },
        {
            "throttle": 0.41181062359956955,
            "brake": 0.0,
            "steer": 0.0
        },
        {
            "throttle": 0.4042489513393939,
            "brake": 0.0,
            "steer": 0.0
        },
        {
            "throttle": 0.39694418822130534,
            "brake": 0.0,
            "steer": 0.0
        },
        {
            "throttle": 0.3901200266595389,
            "brake": 0.0,
            "steer": 0.0
        },
        {
            "throttle": 0.3839854417000562,
            "brake": 0.0,
            "steer": 0.0
        },
        {
            "throttle": 0.3787282916110706,
            "brake": 0.0,
            "steer": 0.0
        },
        {
            "throttle": 0.3745095651292845,
            "brake": 0.0,
            "steer": 0.0
        },
        {
            "throttle": 0.3714584515274506,
            "brake": 0.0,
            "steer": 0.0
        },
        {
            "throttle": 0.3696683844717452,
            "brake": 0.0,
            "steer": 0.0
        },
        {
            "throttle": 0.36919418081724364,
            "brake": 0.0,
            "steer": 0.0
        },
        {
            "throttle": 0.37005036195967783,
            "brake": 0.0,
            "steer": 0.0
        },
        {
            "throttle": 0.37221070914843407,
            "brake": 0.0,
            "steer": 0.0
        },
        {
            "throttle": 0.37560906637835967,
            "brake": 0.0,
            "steer": 0.0
        },
        {
            "throttle": 0.3801413662735481,
            "brake": 0.0,
            "steer": 0.0
        },
        {
            "throttle": 0.3856688169247943,
            "brake": 0.0,
            "steer": 0.0
        },
        {
            "throttle": 0.3920221520907194,
            "brake": 0.0,
            "steer": 0.0
        },
        {
            "throttle": 0.3528199368816475,
            "brake": 0.049112493584520946,
            "steer": 0.0
        },
        {
            "throttle": 0.3175379431934827,
            "brake": 0.0933137378105898,
            "steer": 0.0
        },
        {
            "throttle": 0.28578414887413445,
            "brake": 0.13309485761405176,
            "steer": 0.0
        },
        {
            "throttle": 0.25720573398672103,
            "brake": 0.16889786543716753,
            "steer": 0.0
        },
        {
            "throttle": 0.23148516058804894,
            "brake": 0.20112057247797172,
            "steer": 0.0
        },
        {
            "throttle": 0.20833664452924405,
            "brake": 0.2301210088146955,
            "steer": 0.0
        },
        {
            "throttle": 0.18750298007631966,
            "brake": 0.2562214015177469,
            "steer": 0.0
        },
        {
            "throttle": 0.1687526820686877,
            "brake": 0.27971175495049316,
            "steer": 0.0
        },
        {
            "throttle": 0.20070590628247081,
            "brake": 0.25174057945544387,
            "steer": 0.0
        },
        {
            "throttle": 0.22870245132720476,
            "brake": 0.22656652150989948,
            "steer": 0.0
        },
        {
            "throttle": 0.25292964883692565,
            "brake": 0.20390986935890953,
            "steer": 0.0
        },
        {
            "throttle": 0.27358579203094024,
            "brake": 0.1835188824230186,
            "steer": 0.0
        },
        {
            "throttle": 0.2908845100653403,
            "brake": 0.16516699418071673,
            "steer": 0.0
        },
        {
            "throttle": 0.3050576280894863,
            "brake": 0.14865029476264507,
            "steer": 0.0
        },
        {
            "throttle": 0.3163565298909446,
            "brake": 0.13378526528638057,
            "steer": 0.0
        },
        {
            "throttle": 0.3250520754206943,
            "brake": 0.12040673875774252,
            "steer": 0.0
        },
        {
            "throttle": 0.3314331603420961,
            "brake": 0.10836606488196827,
            "steer": 0.0
        },
        {
            "throttle": 0.33580403787040775,
            "brake": 0.09752945839377145,
            "steer": 0.0
        },
        {
            "throttle": 0.3384805534561929,
            "brake": 0.08777651255439431,
            "steer": 0.0
        },
        {
            "throttle": 0.3397854693037221,
            "brake": 0.07899886129895488,
            "steer": 0.0
        },
        {
            "throttle": 0.3400430774186546,
            "brake": 0.07109897516905939,
            "steer": 0.0
        },
        {
            "throttle": 0.3395733161147583,
            "brake": 0.06398907765215345,
            "steer": 0.0
        },
        {
            "throttle": 0.3386856151183174,
            "brake": 0.0575901698869381,
            "steer": 0.0
        },
        {
            "throttle": 0.3376726982230425,
            "brake": 0.0518311528982443,
            "steer": 0.0
        },
        {
            "throttle": 0.336804569700976,
            "brake": 0.046648037608419866,
            "steer": 0.0
        },
        {
            "throttle": 0.3363229014052336,
            "brake": 0.04198323384757788,
            "steer": 0.0
        },
        {
            "throttle": 0.33643602195183275,
            "brake": 0.03778491046282009,
            "steer": 0.0
        },
        {
            "throttle": 0.337314687980049,
            "brake": 0.034006419416538085,
            "steer": 0.0
        },
        {
            "throttle": 0.33908879088587995,
            "brake": 0.03060577747488428,
            "steer": 0.0
        },
        {
            "throttle": 0.34184512138650197,
            "brake": 0.02754519972739585,
            "steer": 0.0
        },
        {
            "throttle": 0.3456262797289468,
            "brake": 0.024790679754656268,
            "steer": 0.0
        },
        {
            "throttle": 0.3504307823375688,
            "brake": 0.02231161177919064,
            "steer": 0.0
        },
        {
            "throttle": 0.3562143773143189,
            "brake": 0.020080450601271577,
            "steer": 0.0
        },
        {
            "throttle": 0.3628925426193558,
            "brake": 0.01807240554114442,
            "steer": 0.0
        },
        {
            "throttle": 0.37034410313131555,
            "brake": 0.01626516498702998,
            "steer": 0.0
        },
        {
            "throttle": 0.3784158672532224,
            "brake": 0.014638648488326984,
            "steer": 0.0
        },
        {
            "throttle": 0.3869281513655883,
            "brake": 0.013174783639494286,
            "steer": 0.0
        },
        {
            "throttle": 0.39568103221109296,
            "brake": 0.011857305275544858,
            "steer": 0.0
        },
        {
            "throttle": 0.40446114407803,
            "brake": 0.010671574747990372,
            "steer": 0.0
        },
        {
            "throttle": 0.41304882013312794,
            "brake": 0.009604417273191335,
            "steer": 0.0
        },
        {
            "throttle": 0.4212253659655657,
            "brake": 0.008643975545872202,
            "steer": 0.0
        },
        {
            "throttle": 0.4287802486803514,
            "brake": 0.007779577991284981,
            "steer": 0.0
        },
        {
            "throttle": 0.43551798685788246,
            "brake": 0.0070016201921564835,
            "steer": 0.0
        },
        {
            "throttle": 0.3919661881720942,
            "brake": 0.055413951757461784,
            "steer": 0.0
        },
        {
            "throttle": 0.3527695693548848,
            "brake": 0.09898505016623654,
            "steer": 0.0
        },
        {
            "throttle": 0.3174926124193963,
            "brake": 0.13819903873413383,
            "steer": 0.0
        },
        {
            "throttle": 0.2857433511774567,
            "brake": 0.1734916284452414,
            "steer": 0.0
        },
        {
            "throttle": 0.25716901605971104,
            "brake": 0.2052549591852382,
            "steer": 0.0
        },
        {
            "throttle": 0.23145211445373995,
            "brake": 0.23384195685123532,
            "steer": 0.0
        },
        {
            "throttle": 0.20830690300836596,
            "brake": 0.2595702547506327,
            "steer": 0.0
        },
        {
            "throttle": 0.18747621270752937,
            "brake": 0.2827257228600904,
            "steer": 0.0
        },
        {
            "throttle": 0.2088536926524174,
            "brake": 0.25445315057408135,
            "steer": 0.0
        },
        {
            "throttle": 0.2266561262495378,
            "brake": 0.22900783551667322,
            "steer": 0.0
        }
    ],
    "parameters": {
        "cloudiness": 59.46619270129655,
        "fog_density": 25.211267536444844,
        "initial_distance": 60.189152174942954,
        "initial_ego_velocity": 14.798592073239494,
        "initial_lead_velocity": 5.993264458818817,
        "lead_base_throttle": 0.412638370923874,
        "lead_behavior_frequency": 0.2788678974339961,
        "lead_brake_duration": 8.98081375999276,
        "lead_brake_intensity": 0.49112493584520944,
        "lead_brake_probability": 0.10157542542157547,
        "lead_throttle_variation": 0.08422400286857107,
        "precipitation": 11.878199581282855,
        "precipitation_deposits": 15.723411493346063,
        "sun_altitude_angle": -19.40673789553791,
        "wind_intensity": 16.498930544771284
    },
    "config": {
        "num_timesteps": 200,
        "dt": 0.1,
        "seed": 122
    }
}