{
    "weather": {
        "cloudiness": 42.12248917972515,
        "precipitation": 85.07393332219173,
        "precipitation_deposits": 60.45315088994098,
        "wind_intensity": 40.45443440819493,
        "sun_altitude_angle": -8.649426234281911,
        "fog_density": 29.683101476658003,
        "fog_distance": 371.78605322793135,
        "wetness": 42.53696666109587
    },
    "initial_conditions": {
        "ego": {
            "position": {
                "x": 551.5407679035261,
                "y": 20.57,
                "z": 0.294
            },
            "yaw": 0.0,
            "velocity": 14.260506171982065
        },
        "lead": {
            "position": {
                "x": 484.88,
                "y": 20.57,
                "z": 0.294
            },
            "yaw": 0.0,
            "velocity": 8.796221860055354
        }
    },
    "ego": {
        "position": {
            "x": 551.5407679035261,
            "y": 20.57,
            "z": 0.294
        },
        "yaw": 0.0,
        "velocity": 14.260506171982065
    },
    "lead": {
        "position": {
            "x": 484.88,
            "y": 20.57,
            "z": 0.294
        },
        "yaw": 0.0,
        "velocity": 8.796221860055354
    },
    "ado_actions": [
        {
            "throttle": 0.45872067585219367,
            "brake": 0.0,
            "steer": 0.0
        },
        {
            "throttle": 0.46028678508002274,
            "brake": 0.0,
            "steer": 0.0
        },
        {
            "throttle": 0.4632331552811873,
            "brake": 0.0,
            "steer": 0.0
        },
        {
            "throttle": 0.46736383151993016,
            "brake": 0.0,
            "steer": 0.0
        },
        {
            "throttle": 0.47247484430747133,
            "brake": 0.0,
            "steer": 0.0
        },
        {
            "throttle": 0.47835660796301194,
            "brake": 0.0,
            "steer": 0.0
        },
        {
            "throttle": 0.4847965647719613,
            "brake": 0.0,
            "steer": 0.0
        },
        {
            "throttle": 0.4915820114832247,
            "brake": 0.0,
            "steer": 0.0
        },
        {
            "throttle": 0.49850304269284074,
            "brake": 0.0,
            "steer": 0.0
        },
        {
            "throttle": 0.5053555447476833,
            "brake": 0.0,
            "steer": 0.0
        },
        {
            "throttle": 0.5119441740014871,
            "brake": 0.0,
            "steer": 0.0
        },
        {
            "throttle": 0.5180852545751052,
            "brake": 0.0,
            "steer": 0.0
        },
        {
            "throttle": 0.5236095332004341,
            "brake": 0.0,
            "steer": 0.0
        },
        {
            "throttle": 0.5283647322278086,
            "brake": 0.0,
            "steer": 0.0
        },
        {
            "throttle": 0.5322178463937743,
            "brake": 0.0,
            "steer": 0.0
        },
        {
            "throttle": 0.5350571344039834,
            "brake": 0.0,
            "steer": 0.0
        },
        {
            "throttle": 0.5367937626901244,
            "brake": 0.0,
            "steer": 0.0
        },
        {
            "throttle": 0.5373630657393533,
            "brake": 0.0,
            "steer": 0.0
        },
        {
            "throttle": 0.5367253950442702,
            "brake": 0.0,
            "steer": 0.0
        },
        {
            "throttle": 0.5348665368437507,
            "brake": 0.0,
            "steer": 0.0
        },
        {
            "throttle": 0.5317976872731707,
            "brake": 0.0,
            "steer": 0.0
        },
        {
            "throttle": 0.5275549821634565,
            "brake": 0.0,
            "steer": 0.0
        },
        {
            "throttle": 0.5221985873650056,
            "brake": 0.0,
            "steer": 0.0
        },
        {
            "throttle": 0.5158113639671766,
            "brake": 0.0,
            "steer": 0.0
        },
        {
            "throttle": 0.5084971309814172,
            "brake": 0.0,
            "steer": 0.0
        },
        {
            "throttle": 0.5003785558060119,
            "brake": 0.0,
            "steer": 0.0
        },
        {
            "throttle": 0.4915947099508561,
            "brake": 0.0,
            "steer": 0.0
        },
        {
            "throttle": 0.48229833394024435,
            "brake": 0.0,
            "steer": 0.0
        },
        {
            "throttle": 0.4726528609123128,
            "brake": 0.0,
            "steer": 0.0
        },
        {
            "throttle": 0.4628292530928378,
            "brake": 0.0,
            "steer": 0.0
        },
        {
            "throttle": 0.45300270895330197,
            "brake": 0.0,
            "steer": 0.0
        },
        {
            "throttle": 0.44334930140222717,
            "brake": 0.0,
            "steer": 0.0
        },
        {
            "throttle": 0.4340426087587272,
            "brake": 0.0,
            "steer": 0.0
        },
        {
            "throttle": 0.4252504004931711,
            "brake": 0.0,
            "steer": 0.0
        },
        {
            "throttle": 0.41713143878847836,
            "brake": 0.0,
            "steer": 0.0
        },
        {
            "throttle": 0.4098324548953031,
            "brake": 0.0,
            "steer": 0.0
        },
        {
            "throttle": 0.4034853560649426,
            "brake": 0.0,
            "steer": 0.0
        },
        {
            "throttle": 0.39820471460559215,
            "brake": 0.0,
            "steer": 0.0
        },
        {
            "throttle": 0.3940855854004234,
            "brake": 0.0,
            "steer": 0.0
        },
        {
            "throttle": 0.3912016921477602,
            "brake": 0.0,
            "steer": 0.0
        },
        {
            "throttle": 0.3896040157484358,
            "brake": 0.0,
            "steer": 0.0
        },
        {
            "throttle": 0.3893198108013807,
            "brake": 0.0,
            "steer": 0.0
        },
        {
            "throttle": 0.3903520682154389,
            "brake": 0.0,
            "steer": 0.0
        },
        {
            "throttle": 0.39267943365225083,
            "brake": 0.0,
            "steer": 0.0
        },
        {
            "throttle": 0.39625658303699035,
            "brake": 0.0,
            "steer": 0.0
        },
        {
            "throttle": 0.40101504786942727,
            "brake": 0.0,
            "steer": 0.0
        },
        {
            "throttle": 0.40686447469628867,
            "brake": 0.0,
            "steer": 0.0
        },
        {
            "throttle": 0.41369429502378463,
            "brake": 0.0,
            "steer": 0.0
        },
        {
            "throttle": 0.4213757743075831,
            "brake": 0.0,
            "steer": 0.0
        },
        {
            "throttle": 0.4297644015993612,
            "brake": 0.0,
            "steer": 0.0
        },
        {
            "throttle": 0.4387025750862963,
            "brake": 0.0,
            "steer": 0.0
        },
        {
            "throttle": 0.4480225332510894,
            "brake": 0.0,
            "steer": 0.0
        },
        {
            "throttle": 0.45754947680835145,
            "brake": 0.0,
            "steer": 0.0
        },
        {
            "throttle": 0.46710482302392337,
            "brake": 0.0,
            "steer": 0.0
        },
        {
            "throttle": 0.4765095315633477,
            "brake": 0.0,
            "steer": 0.0
        },
        {
            "throttle": 0.4855874396903121,
            "brake": 0.0,
            "steer": 0.0
        },
        {
            "throttle": 0.4941685444703008,
            "brake": 0.0,
            "steer": 0.0
        },
        {
            "throttle": 0.5020921706321094,
            "brake": 0.0,
            "steer": 0.0
        },
        {
            "throttle": 0.5092099648817697,
            "brake": 0.0,
            "steer": 0.0
        },
        {
            "throttle": 0.5153886607098879,
            "brake": 0.0,
            "steer": 0.0
        },
        {
            "throttle": 0.5205125620238904,
            "brake": 0.0,
            "steer": 0.0
        },
        {
            "throttle": 0.52448569919116,
            "brake": 0.0,
            "steer": 0.0
        },
        {
            "throttle": 0.5272336171994939,
            "brake": 0.0,
            "steer": 0.0
        },
        {
            "throttle": 0.4745102554795445,
            "brake": 0.027116371979183936,
            "steer": 0.0
        },
        {
            "throttle": 0.42705922993159007,
            "brake": 0.05152110676044948,
            "steer": 0.0
        },
        {
            "throttle": 0.38435330693843106,
            "brake": 0.07348536806358846,
            "steer": 0.0
        },
        {
            "throttle": 0.345917976244588,
            "brake": 0.09325320323641356,
            "steer": 0.0
        },
        {
            "throttle": 0.3113261786201292,
            "brake": 0.11104425489195616,
            "steer": 0.0
        },
        {
            "throttle": 0.28019356075811624,
            "brake": 0.12705620138194448,
            "steer": 0.0
        },
        {
            "throttle": 0.2521742046823046,
            "brake": 0.14146695322293398,
            "steer": 0.0
        },
        {
            "throttle": 0.22695678421407417,
            "brake": 0.1544366298798245,
            "steer": 0.0
        },
        {
            "throttle": 0.20426110579266676,
            "brake": 0.166109338871026,
            "steer": 0.0
        },
        {
            "throttle": 0.1838349952134001,
            "brake": 0.17661477696310732,
            "steer": 0.0
        },
        {
            "throttle": 0.1654514956920601,
            "brake": 0.1860696712459805,
            "steer": 0.0
        },
        {
            "throttle": 0.1489063461228541,
            "brake": 0.19457907610056638,
            "steer": 0.0
        },
        {
            "throttle": 0.1340157115105687,
            "brake": 0.20223754046969367,
            "steer": 0.0
        },
        {
            "throttle": 0.12061414035951185,
            "brake": 0.20913015840190824,
            "steer": 0.0
        },
        {
            "throttle": 0.10855272632356067,
            "brake": 0.21533351454090136,
            "steer": 0.0
        },
        {
            "throttle": 0.0976974536912046,
            "brake": 0.22091653506599515,
            "steer": 0.0
        },
        {
            "throttle": 0.08792770832208414,
            "brake": 0.22594125353857958,
            "steer": 0.0
        },
        {
            "throttle": 0.07913493748987573,
            "brake": 0.23046350016390554,
            "steer": 0.0
        },
        {
            "throttle": 0.07122144374088815,
            "brake": 0.23453352212669892,
            "steer": 0.0
        },
        {
            "throttle": 0.06409929936679934,
            "brake": 0.23819654189321296,
            "steer": 0.0
        },
        {
            "throttle": 0.09278433796800345,
            "brake": 0.21437688770389166,
            "steer": 0.0
        },
        {
            "throttle": 0.11924416511147845,
            "brake": 0.1929391989335025,
            "steer": 0.0
        },
        {
            "throttle": 0.14389048764033208,
            "brake": 0.17364527904015226,
            "steer": 0.0
        },
        {
            "throttle": 0.1670783003718565,
            "brake": 0.15628075113613704,
            "steer": 0.0
        },
        {
            "throttle": 0.1891083155737087,
            "brake": 0.14065267602252335,
            "steer": 0.0
        },
        {
            "throttle": 0.2102295001492321,
            "brake": 0.12658740842027102,
            "steer": 0.0
        },
        {
            "throttle": 0.23064176373371786,
            "brake": 0.11392866757824392,
            "steer": 0.0
        },
        {
            "throttle": 0.2504988290292887,
            "brake": 0.10253580082041953,
            "steer": 0.0
        },
        {
            "throttle": 0.26991130415280573,
            "brake": 0.09228222073837758,
            "steer": 0.0
        },
        {
            "throttle": 0.2889499656638609,
            "brake": 0.08305399866453983,
            "steer": 0.0
        },
        {
            "throttle": 0.3076492504043794,
            "brake": 0.07474859879808585,
            "steer": 0.0
        },
        {
            "throttle": 0.32601094444093803,
            "brake": 0.06727373891827726,
            "steer": 0.0
        },
        {
            "throttle": 0.3440080483732952,
            "brake": 0.060546365026449535,
            "steer": 0.0
        },
        {
            "throttle": 0.3615887901669378,
            "brake": 0.05449172852380458,
            "steer": 0.0
        },
        {
            "throttle": 0.37868074958152215,
            "brake": 0.04904255567142412,
            "steer": 0.0
        },
        {
            "throttle": 0.3951950522850764,
            "brake": 0.04413830010428171,
            "steer": 0.0
        },
        {
            "throttle": 0.4110305869340963,
            "brake": 0.039724470093853534,
            "steer": 0.0
        },
        {
            "throttle": 0.4260781949130147,
            "brake": 0.03575202308446818,
            "steer": 0.0
        },
        {
            "throttle": 0.4402247800948229,
            "brake": 0.03217682077602137,
            "steer": 0.0
        },
        {
            "throttle": 0.45335728491982125,
            "brake": 0.02895913869841923,
            "steer": 0.0
        },
        {
            "throttle": 0.4653664792830403,
            "brake": 0.026063224828577307,
            "steer": 0.0
        },
        {
            "throttle": 0.4761505101435997,
            "brake": 0.023456902345719576,
            "steer": 0.0
        },
        {
            "throttle": 0.48561816237158584,
            "brake": 0.02111121211114762,
            "steer": 0.0
        },
        {
            "throttle": 0.49369178506062894,
            "brake": 0.019000090900032858,
            "steer": 0.0
        },
        {
            "throttle": 0.5003098422692839,
            "brake": 0.017100081810029574,
            "steer": 0.0
        },
        {
            "throttle": 0.5054290528063976,
            "brake": 0.015390073629026618,
            "steer": 0.0
        },
        {
            "throttle": 0.5090260901242485,
            "brake": 0.013851066266123957,
            "steer": 0.0
        },
        {
            "throttle": 0.5110988204943958,
            "brake": 0.01246595963951156,
            "steer": 0.0
        },
        {
            "throttle": 0.5116670652698864,
            "brake": 0.011219363675560404,
            "steer": 0.0
        },
        {
            "throttle": 0.5107728810302993,
            "brake": 0.010097427308004364,
            "steer": 0.0
        },
        {
            "throttle": 0.5084803596039482,
            "brake": 0.009087684577203927,
            "steer": 0.0
        },
        {
            "throttle": 0.5048749582024328,
            "brake": 0.008178916119483536,
            "steer": 0.0
        },
        {
            "throttle": 0.5000623780247702,
            "brake": 0.007361024507535182,
            "steer": 0.0
        },
        {
            "throttle": 0.49416701753268866,
            "brake": 0.006624922056781664,
            "steer": 0.0
        },
        {
            "throttle": 0.48733003401238173,
            "brake": 0.005962429851103498,
            "steer": 0.0
        },
        {
            "throttle": 0.479707053876843,
            "brake": 0.005366186865993148,
            "steer": 0.0
        },
        {
            "throttle": 0.4714655782938994,
            "brake": 0.004829568179393833,
            "steer": 0.0
        },
        {
            "throttle": 0.46278213602902585,
            "brake": 0.00434661136145445,
            "steer": 0.0
        },
        {
            "throttle": 0.45383923976567664,
            "brake": 0.003911950225309005,
            "steer": 0.0
        },
        {
            "throttle": 0.4448222055237225,
            "brake": 0.0035207552027781046,
            "steer": 0.0
        },
        {
            "throttle": 0.43591589707248707,
            "brake": 0.0031686796825002943,
            "steer": 0.0
        },
        {
            "throttle": 0.4273014583832405,
            "brake": 0.002851811714250265,
            "steer": 0.0
        },
        {
            "throttle": 0.41915309716259075,
            "brake": 0.0025666305428252386,
            "steer": 0.0
        },
        {
            "throttle": 0.41163498135056065,
            "brake": 0.002309967488542715,
            "steer": 0.0
        },
        {
            "throttle": 0.4048983081745958,
            "brake": 0.0020789707396884436,
            "steer": 0.0
        },
        {
            "throttle": 0.39907860196407313,
            "brake": 0.0018710736657195992,
            "steer": 0.0
        },
        {
            "throttle": 0.39429329251046047,
            "brake": 0.0016839662991476395,
            "steer": 0.0
        },
        {
            "throttle": 0.3906396203869703,
            "brake": 0.0015155696692328755,
            "steer": 0.0
        },
        {
            "throttle": 0.38819290941713613,
            "brake": 0.001364012702309588,
            "steer": 0.0
        },
        {
            "throttle": 0.38700523951909066,
            "brake": 0.0012276114320786294,
            "steer": 0.0
        },
        {
            "throttle": 0.38710454558021407,
            "brake": 0.0011048502888707664,
            "steer": 0.0
        },
        {
            "throttle": 0.38849415997552633,
            "brake": 0.0009943652599836898,
            "steer": 0.0
        },
        {
            "throttle": 0.39115280798186886,
            "brake": 0.0008949287339853209,
            "steer": 0.0
        },
        {
            "throttle": 0.39503505681377044,
            "brake": 0.0008054358605867889,
            "steer": 0.0
        },
        {
            "throttle": 0.4000722104743056,
            "brake": 0.00072489227452811,
            "steer": 0.0
        },
        {
            "throttle": 0.4061736342338114,
            "brake": 0.000652403047075299,
            "steer": 0.0
        },
        {
            "throttle": 0.41322848447684146,
            "brake": 0.0005871627423677692,
            "steer": 0.0
        },
        {
            "throttle": 0.4211078120433338,
            "brake": 0.0005284464681309922,
            "steer": 0.0
        },
        {
            "throttle": 0.42966700017528325,
            "brake": 0.000475601821317893,
            "steer": 0.0
        },
        {
            "throttle": 0.43874849189572673,
            "brake": 0.0004280416391861037,
            "steer": 0.0
        },
        {
            "throttle": 0.4481847562094792,
            "brake": 0.00038523747526749335,
            "steer": 0.0
        },
        {
            "throttle": 0.4578014380259235,
            "brake": 0.00034671372774074404,
            "steer": 0.0
        },
        {
            "throttle": 0.4674206332467328,
            "brake": 0.0003120423549666696,
            "steer": 0.0
        },
        {
            "throttle": 0.47686422809992013,
            "brake": 0.0002808381194700027,
            "steer": 0.0
        },
        {
            "throttle": 0.4859572405798882,
            "brake": 0.0002527543075230024,
            "steer": 0.0
        },
        {
            "throttle": 0.49453110179373944,
            "brake": 0.00022747887677070216,
            "steer": 0.0
        },
        {
            "throttle": 0.5024268161179023,
            "brake": 0.00020473098909363195,
            "steer": 0.0
        },
        {
            "throttle": 0.5094979413153151,
            "brake": 0.00018425789018426875,
            "steer": 0.0
        },
        {
            "throttle": 0.5156133331098756,
            "brake": 0.00016583210116584188,
            "steer": 0.0
        },
        {
            "throttle": 0.5206596030989756,
            "brake": 0.0001492488910492577,
            "steer": 0.0
        },
        {
            "throttle": 0.5245432442247014,
            "brake": 0.00013432400194433194,
            "steer": 0.0
        },
        {
            "throttle": 0.527192384219869,
            "brake": 0.00012089160174989875,
            "steer": 0.0
        },
        {
            "throttle": 0.5285581343807098,
            "brake": 0.00010880244157490887,
            "steer": 0.0
        },
        {
            "throttle": 0.5286155085641242,
            "brake": 9.792219741741799e-05,
            "steer": 0.0
        },
        {
            "throttle": 0.5273638953230141,
            "brake": 8.812997767567619e-05,
            "steer": 0.0
        },
        {
            "throttle": 0.5248270744285617,
            "brake": 7.931697990810857e-05,
            "steer": 0.0
        },
        {
            "throttle": 0.5210527775277528,
            "brake": 7.138528191729772e-05,
            "steer": 0.0
        },
        {
            "throttle": 0.5161118011892004,
            "brake": 6.424675372556794e-05,
            "steer": 0.0
        },
        {
            "throttle": 0.5100966889415774,
            "brake": 5.782207835301115e-05,
            "steer": 0.0
        },
        {
            "throttle": 0.5031200069507483,
            "brake": 5.2039870517710035e-05,
            "steer": 0.0
        },
        {
            "throttle": 0.4953122455638175,
            "brake": 4.683588346593903e-05,
            "steer": 0.0
        },
        {
            "throttle": 0.4868193859291926,
            "brake": 4.215229511934513e-05,
            "steer": 0.0
        },
        {
            "throttle": 0.4778001771510311,
            "brake": 3.793706560741062e-05,
            "steer": 0.0
        },
        {
            "throttle": 0.46842317483738555,
            "brake": 3.4143359046669554e-05,
            "steer": 0.0
        },
        {
            "throttle": 0.4588635963531384,
            "brake": 3.07290231420026e-05,
            "steer": 0.0
        },
        {
            "throttle": 0.44930005150826835,
            "brake": 2.765612082780234e-05,
            "steer": 0.0
        },
        {
            "throttle": 0.439911209735261,
            "brake": 2.4890508745022107e-05,
            "steer": 0.0
        },
        {
            "throttle": 0.43087246599316753,
            "brake": 2.2401457870519895e-05,
            "steer": 0.0
        },
        {
            "throttle": 0.42235266765780693,
            "brake": 2.0161312083467906e-05,
            "steer": 0.0
        },
        {
            "throttle": 0.4145109635174671,
            "brake": 1.8145180875121118e-05,
            "steer": 0.0
        },
        {
            "throttle": 0.4074938337124592,
            "brake": 1.6330662787609007e-05,
            "steer": 0.0
        },
        {
            "throttle": 0.40143235607758193,
            "brake": 1.4697596508848106e-05,
            "steer": 0.0
        },
        {
            "throttle": 0.396439759932033,
            "brake": 1.3227836857963297e-05,
            "steer": 0.0
        },
        {
            "throttle": 0.39260931299396323,
            "brake": 1.1905053172166967e-05,
            "steer": 0.0
        },
        {
            "throttle": 0.3900125808768954,
            "brake": 1.071454785495027e-05,
            "steer": 0.0
        },
        {
            "throttle": 0.38869809166873326,
            "brake": 9.643093069455243e-06,
            "steer": 0.0
        },
        {
            "throttle": 0.3886904305309259,
            "brake": 8.678783762509719e-06,
            "steer": 0.0
        },
        {
            "throttle": 0.3899897812267166,
            "brake": 7.810905386258747e-06,
            "steer": 0.0
        },
        {
            "throttle": 0.3925719231431674,
            "brake": 7.029814847632873e-06,
            "steer": 0.0
        },
        {
            "throttle": 0.39638868386758397,
            "brake": 6.326833362869586e-06,
            "steer": 0.0
        },
        {
            "throttle": 0.401368838873823,
            "brake": 5.694150026582628e-06,
            "steer": 0.0
        },
        {
            "throttle": 0.40741944152651977,
            "brake": 5.124735023924365e-06,
            "steer": 0.0
        },
        {
            "throttle": 0.4144275585773599,
            "brake": 4.612261521531929e-06,
            "steer": 0.0
        },
        {
            "throttle": 0.4222623787571174,
            "brake": 4.151035369378736e-06,
            "steer": 0.0
        },
        {
            "throttle": 0.4307776551016089,
            "brake": 3.7359318324408624e-06,
            "steer": 0.0
        },
        {
            "throttle": 0.43981443541901843,
            "brake": 3.3623386491967762e-06,
            "steer": 0.0
        },
        {
            "throttle": 0.44920402992653463,
            "brake": 3.0261047842770985e-06,
            "steer": 0.0
        },
        {
            "throttle": 0.45877116065634044,
            "brake": 2.723494305849389e-06,
            "steer": 0.0
        },
        {
            "throttle": 0.46833723383737186,
            "brake": 2.45114487526445e-06,
            "steer": 0.0
        },
        {
            "throttle": 0.4777236741632586,
            "brake": 2.206030387738005e-06,
            "steer": 0.0
        },
        {
            "throttle": 0.4867552587013471,
            "brake": 1.9854273489642045e-06,
            "steer": 0.0
        },
        {
            "throttle": 0.49526338820424753,
            "brake": 1.7868846140677841e-06,
            "steer": 0.0
        },
        {
            "throttle": 0.5030892347538237,
            "brake": 1.6081961526610058e-06,
            "steer": 0.0
        },
        {
            "throttle": 0.5100867069761372,
            "brake": 1.4473765373949052e-06,
            "steer": 0.0
        },
        {
            "throttle": 0.5161251774714671,
            "brake": 1.3026388836554148e-06,
            "steer": 0.0
        },
        {
            "throttle": 0.5210919215425771,
            "brake": 1.1723749952898733e-06,
            "steer": 0.0
        },
        {
            "throttle": 0.524894221694012,
            "brake": 1.0551374957608861e-06,
            "steer": 0.0
        }
    ],
    "parameters": {
        "cloudiness": 42.12248917972515,
        "fog_density": 29.683101476658003,
        "initial_distance": 66.66076790352611,
        "initial_ego_velocity": 14.260506171982065,
        "initial_lead_velocity": 8.796221860055354,
        "lead_base_throttle": 0.4587206758521936,
        "lead_behavior_frequency": 0.21762880489976616,
        "lead_brake_duration": 20.28388755070666,
        "lead_brake_intensity": 0.27116371979183934,
        "lead_brake_probability": 0.1139705887128449,
        "lead_throttle_variation": 0.11488942228057444,
        "precipitation": 85.07393332219173,
        "precipitation_deposits": 60.45315088994098,
        "sun_altitude_angle": -8.649426234281911,
        "wind_intensity": 40.45443440819493
    },
    "config": {
        "num_timesteps": 200,
        "dt": 0.1,
        "seed": 208
    }
}