{
    "weather": {
        "cloudiness": 96.83128906384901,
        "precipitation": 87.47601110919122,
        "precipitation_deposits": 61.055276780235836,
        "wind_intensity": 20.820824003265127,
        "sun_altitude_angle": -8.284871357759979,
        "fog_density": 35.70237685644143,
        "fog_distance": 304.1971620124648,
        "wetness": 43.73800555459561
    },
    "initial_conditions": {
        "ego": {
            "position": {
                "x": 545.1506470506978,
                "y": 20.57,
                "z": 0.294
            },
            "yaw": 0.0,
            "velocity": 18.92752402095759
        },
        "lead": {
            "position": {
                "x": 484.88,
                "y": 20.57,
                "z": 0.294
            },
            "yaw": 0.0,
            "velocity": 6.536592840126518
        }
    },
    "ego": {
        "position": {
            "x": 545.1506470506978,
            "y": 20.57,
            "z": 0.294
        },
        "yaw": 0.0,
        "velocity": 18.92752402095759
    },
    "lead": {
        "position": {
            "x": 484.88,
            "y": 20.57,
            "z": 0.294
        },
        "yaw": 0.0,
        "velocity": 6.536592840126518
    },
    "ado_actions": [
        {
            "throttle": 0.21589881968339558,
            "brake": 0.0,
            "steer": 0.0
        },
        {
            "throttle": 0.2172357303002683,
            "brake": 0.0,
            "steer": 0.0
        },
        {
            "throttle": 0.21976697146277552,
            "brake": 0.0,
            "steer": 0.0
        },
        {
            "throttle": 0.22335539119955083,
            "brake": 0.0,
            "steer": 0.0
        },
        {
            "throttle": 0.22786884064074364,
            "brake": 0.0,
            "steer": 0.0
        },
        {
            "throttle": 0.23317984944551157,
            "brake": 0.0,
            "steer": 0.0
        },
        {
            "throttle": 0.23916539044431076,
            "brake": 0.0,
            "steer": 0.0
        },
        {
            "throttle": 0.24570672302866292,
            "brake": 0.0,
            "steer": 0.0
        },
        {
            "throttle": 0.2526893055007119,
            "brake": 0.0,
            "steer": 0.0
        },
        {
            "throttle": 0.26000276721927174,
            "brake": 0.0,
            "steer": 0.0
        },
        {
            "throttle": 0.2675409319560946,
            "brake": 0.0,
            "steer": 0.0
        },
        {
            "throttle": 0.2752018844127406,
            "brake": 0.0,
            "steer": 0.0
        },
        {
            "throttle": 0.2828880723508944,
            "brake": 0.0,
            "steer": 0.0
        },
        {
            "throttle": 0.29050643726266845,
            "brake": 0.0,
            "steer": 0.0
        },
        {
            "throttle": 0.2979685669571169,
            "brake": 0.0,
            "steer": 0.0
        },
        {
            "throttle": 0.3051908638689576,
            "brake": 0.0,
            "steer": 0.0
        },
        {
            "throttle": 0.3120947233089137,
            "brake": 0.0,
            "steer": 0.0
        },
        {
            "throttle": 0.31860671627513387,
            "brake": 0.0,
            "steer": 0.0
        },
        {
            "throttle": 0.3246587718343644,
            "brake": 0.0,
            "steer": 0.0
        },
        {
            "throttle": 0.3301883544619867,
            "brake": 0.0,
            "steer": 0.0
        },
        {
            "throttle": 0.33513863210337885,
            "brake": 0.0,
            "steer": 0.0
        },
        {
            "throttle": 0.3394586310865947,
            "brake": 0.0,
            "steer": 0.0
        },
        {
            "throttle": 0.34310337437903576,
            "brake": 0.0,
            "steer": 0.0
        },
        {
            "throttle": 0.3460340000392688,
            "brake": 0.0,
            "steer": 0.0
        },
        {
            "throttle": 0.3482178570697818,
            "brake": 0.0,
            "steer": 0.0
        },
        {
            "throttle": 0.34962857622739235,
            "brake": 0.0,
            "steer": 0.0
        },
        {
            "throttle": 0.3502461136951257,
            "brake": 0.0,
            "steer": 0.0
        },
        {
            "throttle": 0.3500567658623567,
            "brake": 0.0,
            "steer": 0.0
        },
        {
            "throttle": 0.3490531537983935,
            "brake": 0.0,
            "steer": 0.0
        },
        {
            "throttle": 0.3472341763378414,
            "brake": 0.0,
            "steer": 0.0
        },
        {
            "throttle": 0.34460493102327155,
            "brake": 0.0,
            "steer": 0.0
        },
        {
            "throttle": 0.341176602471076,
            "brake": 0.0,
            "steer": 0.0
        },
        {
            "throttle": 0.33696631803896565,
            "brake": 0.0,
            "steer": 0.0
        },
        {
            "throttle": 0.3319969709773565,
            "brake": 0.0,
            "steer": 0.0
        },
        {
            "throttle": 0.32629701154082674,
            "brake": 0.0,
            "steer": 0.0
        },
        {
            "throttle": 0.31990020681882647,
            "brake": 0.0,
            "steer": 0.0
        },
        {
            "throttle": 0.31284537031577264,
            "brake": 0.0,
            "steer": 0.0
        },
        {
            "throttle": 0.30517606256847174,
            "brake": 0.0,
            "steer": 0.0
        },
        {
            "throttle": 0.296940264332387,
            "brake": 0.0,
            "steer": 0.0
        },
        {
            "throttle": 0.2881900240965607,
            "brake": 0.0,
            "steer": 0.0
        },
        {
            "throttle": 0.2789810818990029,
            "brake": 0.0,
            "steer": 0.0
        },
        {
            "throttle": 0.2693724716091183,
            "brake": 0.0,
            "steer": 0.0
        },
        {
            "throttle": 0.2594261040203782,
            "brake": 0.0,
            "steer": 0.0
        },
        {
            "throttle": 0.24920633325415384,
            "brake": 0.0,
            "steer": 0.0
        },
        {
            "throttle": 0.238779509113698,
            "brake": 0.0,
            "steer": 0.0
        },
        {
            "throttle": 0.22821351814507213,
            "brake": 0.0,
            "steer": 0.0
        },
        {
            "throttle": 0.217577316258861,
            "brake": 0.0,
            "steer": 0.0
        },
        {
            "throttle": 0.20694045584238824,
            "brake": 0.0,
            "steer": 0.0
        },
        {
            "throttle": 0.19637261034656292,
            "brake": 0.0,
            "steer": 0.0
        },
        {
            "throttle": 0.18594309936428535,
            "brake": 0.0,
            "steer": 0.0
        },
        {
            "throttle": 0.17572041722847637,
            "brake": 0.0,
            "steer": 0.0
        },
        {
            "throttle": 0.16577176814735856,
            "brake": 0.0,
            "steer": 0.0
        },
        {
            "throttle": 0.15616261086282043,
            "brake": 0.0,
            "steer": 0.0
        },
        {
            "throttle": 0.14695621576487794,
            "brake": 0.0,
            "steer": 0.0
        },
        {
            "throttle": 0.13821323732187948,
            "brake": 0.0,
            "steer": 0.0
        },
        {
            "throttle": 0.1299913045927745,
            "brake": 0.0,
            "steer": 0.0
        },
        {
            "throttle": 0.1223446324751943,
            "brake": 0.0,
            "steer": 0.0
        },
        {
            "throttle": 0.11532365621211389,
            "brake": 0.0,
            "steer": 0.0
        },
        {
            "throttle": 0.10897469153142005,
            "brake": 0.0,
            "steer": 0.0
        },
        {
            "throttle": 0.1033396226278608,
            "brake": 0.0,
            "steer": 0.0
        },
        {
            "throttle": 0.09845562001675262,
            "brake": 0.0,
            "steer": 0.0
        },
        {
            "throttle": 0.0943548900947275,
            "brake": 0.0,
            "steer": 0.0
        },
        {
            "throttle": 0.09106445803605297,
            "brake": 0.0,
            "steer": 0.0
        },
        {
            "throttle": 0.0886059854350745,
            "brake": 0.0,
            "steer": 0.0
        },
        {
            "throttle": 0.08699562387760094,
            "brake": 0.0,
            "steer": 0.0
        },
        {
            "throttle": 0.08624390538813104,
            "brake": 0.0,
            "steer": 0.0
        },
        {
            "throttle": 0.08635567045730427,
            "brake": 0.0,
            "steer": 0.0
        },
        {
            "throttle": 0.08733003410649337,
            "brake": 0.0,
            "steer": 0.0
        },
        {
            "throttle": 0.08916039019571272,
            "brake": 0.0,
            "steer": 0.0
        },
        {
            "throttle": 0.0918344539286857,
            "brake": 0.0,
            "steer": 0.0
        },
        {
            "throttle": 0.09533434225669603,
            "brake": 0.0,
            "steer": 0.0
        },
        {
            "throttle": 0.09963669163243812,
            "brake": 0.0,
            "steer": 0.0
        },
        {
            "throttle": 0.10471281231816322,
            "brake": 0.0,
            "steer": 0.0
        },
        {
            "throttle": 0.1105288782106483,
            "brake": 0.0,
            "steer": 0.0
        },
        {
            "throttle": 0.11704615091051511,
            "brake": 0.0,
            "steer": 0.0
        },
        {
            "throttle": 0.12422123653677336,
            "brake": 0.0,
            "steer": 0.0
        },
        {
            "throttle": 0.1320063735706724,
            "brake": 0.0,
            "steer": 0.0
        },
        {
            "throttle": 0.14034974980747159,
            "brake": 0.0,
            "steer": 0.0
        },
        {
            "throttle": 0.14919584630195826,
            "brake": 0.0,
            "steer": 0.0
        },
        {
            "throttle": 0.15848580601474047,
            "brake": 0.0,
            "steer": 0.0
        },
        {
            "throttle": 0.16815782470271973,
            "brake": 0.0,
            "steer": 0.0
        },
        {
            "throttle": 0.17814756144979815,
            "brake": 0.0,
            "steer": 0.0
        },
        {
            "throttle": 0.18838856610378338,
            "brake": 0.0,
            "steer": 0.0
        },
        {
            "throttle": 0.19881272077349146,
            "brake": 0.0,
            "steer": 0.0
        },
        {
            "throttle": 0.20935069244696358,
            "brake": 0.0,
            "steer": 0.0
        },
        {
            "throttle": 0.21993239371812962,
            "brake": 0.0,
            "steer": 0.0
        },
        {
            "throttle": 0.23048744855566383,
            "brake": 0.0,
            "steer": 0.0
        },
        {
            "throttle": 0.2409456600145452,
            "brake": 0.0,
            "steer": 0.0
        },
        {
            "throttle": 0.25123747677817965,
            "brake": 0.0,
            "steer": 0.0
        },
        {
            "throttle": 0.2612944554269555,
            "brake": 0.0,
            "steer": 0.0
        },
        {
            "throttle": 0.27104971535772926,
            "brake": 0.0,
            "steer": 0.0
        },
        {
            "throttle": 0.2804383833277946,
            "brake": 0.0,
            "steer": 0.0
        },
        {
            "throttle": 0.2893980246660457,
            "brake": 0.0,
            "steer": 0.0
        },
        {
            "throttle": 0.2978690582828507,
            "brake": 0.0,
            "steer": 0.0
        },
        {
            "throttle": 0.30579515271801,
            "brake": 0.0,
            "steer": 0.0
        },
        {
            "throttle": 0.31312360059237865,
            "brake": 0.0,
            "steer": 0.0
        },
        {
            "throttle": 0.3198056689724349,
            "brake": 0.0,
            "steer": 0.0
        },
        {
            "throttle": 0.325796923317334,
            "brake": 0.0,
            "steer": 0.0
        },
        {
            "throttle": 0.33105752285372403,
            "brake": 0.0,
            "steer": 0.0
        },
        {
            "throttle": 0.3355524854136584,
            "brake": 0.0,
            "steer": 0.0
        },
        {
            "throttle": 0.3392519199740517,
            "brake": 0.0,
            "steer": 0.0
        },
        {
            "throttle": 0.34213122535094104,
            "brake": 0.0,
            "steer": 0.0
        },
        {
            "throttle": 0.3441712537269103,
            "brake": 0.0,
            "steer": 0.0
        },
        {
            "throttle": 0.34535843792390897,
            "brake": 0.0,
            "steer": 0.0
        },
        {
            "throttle": 0.34568488157480115,
            "brake": 0.0,
            "steer": 0.0
        },
        {
            "throttle": 0.345148411593707,
            "brake": 0.0,
            "steer": 0.0
        },
        {
            "throttle": 0.34375259259591007,
            "brake": 0.0,
            "steer": 0.0
        },
        {
            "throttle": 0.3415067031711342,
            "brake": 0.0,
            "steer": 0.0
        },
        {
            "throttle": 0.33842567416765973,
            "brake": 0.0,
            "steer": 0.0
        },
        {
            "throttle": 0.3345299893973638,
            "brake": 0.0,
            "steer": 0.0
        },
        {
            "throttle": 0.3298455494216557,
            "brake": 0.0,
            "steer": 0.0
        },
        {
            "throttle": 0.3244034993237743,
            "brake": 0.0,
            "steer": 0.0
        },
        {
            "throttle": 0.31824002161238585,
            "brake": 0.0,
            "steer": 0.0
        },
        {
            "throttle": 0.3113960956332806,
            "brake": 0.0,
            "steer": 0.0
        },
        {
            "throttle": 0.3039172250886662,
            "brake": 0.0,
            "steer": 0.0
        },
        {
            "throttle": 0.29585313547562314,
            "brake": 0.0,
            "steer": 0.0
        },
        {
            "throttle": 0.2872574434553048,
            "brake": 0.0,
            "steer": 0.0
        },
        {
            "throttle": 0.2781873003511084,
            "brake": 0.0,
            "steer": 0.0
        },
        {
            "throttle": 0.2687030121460678,
            "brake": 0.0,
            "steer": 0.0
        },
        {
            "throttle": 0.25886763850598404,
            "brake": 0.0,
            "steer": 0.0
        },
        {
            "throttle": 0.24874657349427554,
            "brake": 0.0,
            "steer": 0.0
        },
        {
            "throttle": 0.23840711076626667,
            "brake": 0.0,
            "steer": 0.0
        },
        {
            "throttle": 0.22791799613383734,
            "brake": 0.0,
            "steer": 0.0
        },
        {
            "throttle": 0.217348970475335,
            "brake": 0.0,
            "steer": 0.0
        },
        {
            "throttle": 0.20677030602985072,
            "brake": 0.0,
            "steer": 0.0
        },
        {
            "throttle": 0.19625233915895282,
            "brake": 0.0,
            "steer": 0.0
        },
        {
            "throttle": 0.18586500268246378,
            "brake": 0.0,
            "steer": 0.0
        },
        {
            "throttle": 0.17567736089770308,
            "brake": 0.0,
            "steer": 0.0
        },
        {
            "throttle": 0.16575715037377997,
            "brake": 0.0,
            "steer": 0.0
        },
        {
            "throttle": 0.15617032957412605,
            "brake": 0.0,
            "steer": 0.0
        },
        {
            "throttle": 0.14698064030176206,
            "brake": 0.0,
            "steer": 0.0
        },
        {
            "throttle": 0.13824918388318835,
            "brake": 0.0,
            "steer": 0.0
        },
        {
            "throttle": 0.13003401490879482,
            "brake": 0.0,
            "steer": 0.0
        },
        {
            "throttle": 0.12238975523095602,
            "brake": 0.0,
            "steer": 0.0
        },
        {
            "throttle": 0.11536723078628862,
            "brake": 0.0,
            "steer": 0.0
        },
        {
            "throttle": 0.10901313365679327,
            "brake": 0.0,
            "steer": 0.0
        },
        {
            "throttle": 0.10336971161679391,
            "brake": 0.0,
            "steer": 0.0
        },
        {
            "throttle": 0.0984744872298378,
            "brake": 0.0,
            "steer": 0.0
        },
        {
            "throttle": 0.09436000836324611,
            "brake": 0.0,
            "steer": 0.0
        },
        {
            "throttle": 0.09105363177911231,
            "brake": 0.0,
            "steer": 0.0
        },
        {
            "throttle": 0.0885773412406243,
            "brake": 0.0,
            "steer": 0.0
        },
        {
            "throttle": 0.08694760134309769,
            "brake": 0.0,
            "steer": 0.0
        },
        {
            "throttle": 0.0861752480415777,
            "brake": 0.0,
            "steer": 0.0
        },
        {
            "throttle": 0.08626541660287541,
            "brake": 0.0,
            "steer": 0.0
        },
        {
            "throttle": 0.08721750746107317,
            "brake": 0.0,
            "steer": 0.0
        },
        {
            "throttle": 0.0890251902035169,
            "brake": 0.0,
            "steer": 0.0
        },
        {
            "throttle": 0.09167644566078813,
            "brake": 0.0,
            "steer": 0.0
        },
        {
            "throttle": 0.09515364582079741,
            "brake": 0.0,
            "steer": 0.0
        },
        {
            "throttle": 0.09943367103565331,
            "brake": 0.0,
            "steer": 0.0
        },
        {
            "throttle": 0.104488063742004,
            "brake": 0.0,
            "steer": 0.0
        },
        {
            "throttle": 0.11028321767277373,
            "brake": 0.0,
            "steer": 0.0
        },
        {
            "throttle": 0.11678060130223811,
            "brake": 0.0,
            "steer": 0.0
        },
        {
            "throttle": 0.12393701403876715,
            "brake": 0.0,
            "steer": 0.0
        },
        {
            "throttle": 0.131704873461829,
            "brake": 0.0,
            "steer": 0.0
        },
        {
            "throttle": 0.1400325316934364,
            "brake": 0.0,
            "steer": 0.0
        },
        {
            "throttle": 0.14886461880050655,
            "brake": 0.0,
            "steer": 0.0
        },
        {
            "throttle": 0.15814241094487758,
            "brake": 0.0,
            "steer": 0.0
        },
        {
            "throttle": 0.16780422083318122,
            "brake": 0.0,
            "steer": 0.0
        },
        {
            "throttle": 0.17778580787050025,
            "brake": 0.0,
            "steer": 0.0
        },
        {
            "throttle": 0.18802080529073176,
            "brake": 0.0,
            "steer": 0.0
        },
        {
            "throttle": 0.19844116142369966,
            "brake": 0.0,
            "steer": 0.0
        },
        {
            "throttle": 0.20897759216506678,
            "brake": 0.0,
            "steer": 0.0
        },
        {
            "throttle": 0.21956004164060972,
            "brake": 0.0,
            "steer": 0.0
        },
        {
            "throttle": 0.23011814800193628,
            "brake": 0.0,
            "steer": 0.0
        },
        {
            "throttle": 0.24058171125660785,
            "brake": 0.0,
            "steer": 0.0
        },
        {
            "throttle": 0.25088116002210065,
            "brake": 0.0,
            "steer": 0.0
        },
        {
            "throttle": 0.2609480141001969,
            "brake": 0.0,
            "steer": 0.0
        },
        {
            "throttle": 0.2707153397961858,
            "brake": 0.0,
            "steer": 0.0
        },
        {
            "throttle": 0.2801181949554935,
            "brake": 0.0,
            "steer": 0.0
        },
        {
            "throttle": 0.2890940607587296,
            "brake": 0.0,
            "steer": 0.0
        },
        {
            "throttle": 0.29758325740417957,
            "brake": 0.0,
            "steer": 0.0
        },
        {
            "throttle": 0.3055293409139037,
            "brake": 0.0,
            "steer": 0.0
        },
        {
            "throttle": 0.3128794784251111,
            "brake": 0.0,
            "steer": 0.0
        },
        {
            "throttle": 0.3195847994715265,
            "brake": 0.0,
            "steer": 0.0
        },
        {
            "throttle": 0.32560072091910897,
            "brake": 0.0,
            "steer": 0.0
        },
        {
            "throttle": 0.33088724339565007,
            "brake": 0.0,
            "steer": 0.0
        },
        {
            "throttle": 0.33540921724331646,
            "brake": 0.0,
            "steer": 0.0
        },
        {
            "throttle": 0.33913657622583926,
            "brake": 0.0,
            "steer": 0.0
        },
        {
            "throttle": 0.34204453743644964,
            "brake": 0.0,
            "steer": 0.0
        },
        {
            "throttle": 0.3441137660773898,
            "brake": 0.0,
            "steer": 0.0
        },
        {
            "throttle": 0.34533050401539284,
            "brake": 0.0,
            "steer": 0.0
        },
        {
            "throttle": 0.34568666125837716,
            "brake": 0.0,
            "steer": 0.0
        },
        {
            "throttle": 0.3451798697451338,
            "brake": 0.0,
            "steer": 0.0
        },
        {
            "throttle": 0.3438134990903634,
            "brake": 0.0,
            "steer": 0.0
        },
        {
            "throttle": 0.3415966341803754,
            "brake": 0.0,
            "steer": 0.0
        },
        {
            "throttle": 0.3385440147684137,
            "brake": 0.0,
            "steer": 0.0
        },
        {
            "throttle": 0.3346759374712345,
            "brake": 0.0,
            "steer": 0.0
        },
        {
            "throttle": 0.33001812081855225,
            "brake": 0.0,
            "steer": 0.0
        },
        {
            "throttle": 0.32460153425263066,
            "brake": 0.0,
            "steer": 0.0
        },
        {
            "throttle": 0.3184621922149845,
            "brake": 0.0,
            "steer": 0.0
        },
        {
            "throttle": 0.3116409146892938,
            "brake": 0.0,
            "steer": 0.0
        },
        {
            "throttle": 0.3041830557926612,
            "brake": 0.0,
            "steer": 0.0
        },
        {
            "throttle": 0.2961382022197866,
            "brake": 0.0,
            "steer": 0.0
        },
        {
            "throttle": 0.28755984354507913,
            "brake": 0.0,
            "steer": 0.0
        },
        {
            "throttle": 0.2785050165748409,
            "brake": 0.0,
            "steer": 0.0
        },
        {
            "throttle": 0.26903392611419547,
            "brake": 0.0,
            "steer": 0.0
        },
        {
            "throttle": 0.25920954467025187,
            "brake": 0.0,
            "steer": 0.0
        },
        {
            "throttle": 0.24909719375304326,
            "brake": 0.0,
            "steer": 0.0
        },
        {
            "throttle": 0.23876410955813768,
            "brake": 0.0,
            "steer": 0.0
        },
        {
            "throttle": 0.22827899591866105,
            "brake": 0.0,
            "steer": 0.0
        }
    ],
    "parameters": {
        "cloudiness": 96.83128906384901,
        "fog_density": 35.70237685644143,
        "initial_distance": 60.27064705069778,
        "initial_ego_velocity": 18.92752402095759,
        "initial_lead_velocity": 6.536592840126518,
        "lead_base_throttle": 0.21589881968339558,
        "lead_behavior_frequency": 0.1298123528418113,
        "lead_brake_duration": 18.465419353158683,
        "lead_brake_intensity": 0.6807619479582607,
        "lead_brake_probability": 0.025765076181452407,
        "lead_throttle_variation": 0.1640922691719988,
        "precipitation": 87.47601110919122,
        "precipitation_deposits": 61.055276780235836,
        "sun_altitude_angle": -8.284871357759979,
        "wind_intensity": 20.820824003265127
    },
    "config": {
        "num_timesteps": 200,
        "dt": 0.1,
        "seed": 201
    }
}