{
    "weather": {
        "cloudiness": 84.73135213048563,
        "precipitation": 68.81407630799225,
        "precipitation_deposits": 34.07934687371349,
        "wind_intensity": 20.705158847318224,
        "sun_altitude_angle": 5.097146605059869,
        "fog_density": 78.10615738838976,
        "fog_distance": 74.011219706675,
        "wetness": 34.407038153996126
    },
    "initial_conditions": {
        "ego": {
            "position": {
                "x": 502.2654195973165,
                "y": 20.57,
                "z": 0.294
            },
            "yaw": 0.0,
            "velocity": 7.748352535601308
        },
        "lead": {
            "position": {
                "x": 484.88,
                "y": 20.57,
                "z": 0.294
            },
            "yaw": 0.0,
            "velocity": 14.144693139746016
        }
    },
    "ego": {
        "position": {
            "x": 502.2654195973165,
            "y": 20.57,
            "z": 0.294
        },
        "yaw": 0.0,
        "velocity": 7.748352535601308
    },
    "lead": {
        "position": {
            "x": 484.88,
            "y": 20.57,
            "z": 0.294
        },
        "yaw": 0.0,
        "velocity": 14.144693139746016
    },
    "ado_actions": [
        {
            "throttle": 0.23427435649958006,
            "brake": 0.0,
            "steer": 0.0
        },
        {
            "throttle": 0.2344953210684733,
            "brake": 0.0,
            "steer": 0.0
        },
        {
            "throttle": 0.23491428548965063,
            "brake": 0.0,
            "steer": 0.0
        },
        {
            "throttle": 0.23550971667018994,
            "brake": 0.0,
            "steer": 0.0
        },
        {
            "throttle": 0.23626137678857279,
            "brake": 0.0,
            "steer": 0.0
        },
        {
            "throttle": 0.2371502039492096,
            "brake": 0.0,
            "steer": 0.0
        },
        {
            "throttle": 0.23815820810308455,
            "brake": 0.0,
            "steer": 0.0
        },
        {
            "throttle": 0.23926838065480896,
            "brake": 0.0,
            "steer": 0.0
        },
        {
            "throttle": 0.24046461632146118,
            "brake": 0.0,
            "steer": 0.0
        },
        {
            "throttle": 0.21641815468931508,
            "brake": 0.0718143783074343,
            "steer": 0.0
        },
        {
            "throttle": 0.19477633922038357,
            "brake": 0.13644731878412517,
            "steer": 0.0
        },
        {
            "throttle": 0.1752987052983452,
            "brake": 0.19461696521314695,
            "steer": 0.0
        },
        {
            "throttle": 0.1577688347685107,
            "brake": 0.24696964699926655,
            "steer": 0.0
        },
        {
            "throttle": 0.14199195129165962,
            "brake": 0.2940870606067742,
            "steer": 0.0
        },
        {
            "throttle": 0.12779275616249366,
            "brake": 0.3364927328535311,
            "steer": 0.0
        },
        {
            "throttle": 0.1150134805462443,
            "brake": 0.3746578378756123,
            "steer": 0.0
        },
        {
            "throttle": 0.10351213249161988,
            "brake": 0.4090064323954854,
            "steer": 0.0
        },
        {
            "throttle": 0.11967490050728503,
            "brake": 0.3681057891559369,
            "steer": 0.0
        },
        {
            "throttle": 0.13432222744471378,
            "brake": 0.3312952102403432,
            "steer": 0.0
        },
        {
            "throttle": 0.14759313289324524,
            "brake": 0.29816568921630887,
            "steer": 0.0
        },
        {
            "throttle": 0.15961238747261977,
            "brake": 0.268349120294678,
            "steer": 0.0
        },
        {
            "throttle": 0.17049198830741527,
            "brake": 0.2415142082652102,
            "steer": 0.0
        },
        {
            "throttle": 0.18033248811884658,
            "brake": 0.21736278743868917,
            "steer": 0.0
        },
        {
            "throttle": 0.18922419236887514,
            "brake": 0.19562650869482026,
            "steer": 0.0
        },
        {
            "throttle": 0.19724823744430314,
            "brake": 0.17606385782533823,
            "steer": 0.0
        },
        {
            "throttle": 0.20447756156679506,
            "brake": 0.15845747204280441,
            "steer": 0.0
        },
        {
            "throttle": 0.21097777894403577,
            "brake": 0.14261172483852397,
            "steer": 0.0
        },
        {
            "throttle": 0.21680796662440893,
            "brake": 0.12835055235467158,
            "steer": 0.0
        },
        {
            "throttle": 0.22202137257087412,
            "brake": 0.11551549711920442,
            "steer": 0.0
        },
        {
            "throttle": 0.2266660526185288,
            "brake": 0.10396394740728399,
            "steer": 0.0
        },
        {
            "throttle": 0.23078544321510575,
            "brake": 0.09356755266655559,
            "steer": 0.0
        },
        {
            "throttle": 0.23441887615578022,
            "brake": 0.08421079739990003,
            "steer": 0.0
        },
        {
            "throttle": 0.23760204090539883,
            "brake": 0.07578971765991004,
            "steer": 0.0
        },
        {
            "throttle": 0.24036739954562067,
            "brake": 0.06821074589391904,
            "steer": 0.0
        },
        {
            "throttle": 0.24274455888520313,
            "brake": 0.06138967130452714,
            "steer": 0.0
        },
        {
            "throttle": 0.2447606038231153,
            "brake": 0.055250704174074426,
            "steer": 0.0
        },
        {
            "throttle": 0.2464403956512299,
            "brake": 0.049725633756666984,
            "steer": 0.0
        },
        {
            "throttle": 0.24780683862144437,
            "brake": 0.044753070381000286,
            "steer": 0.0
        },
        {
            "throttle": 0.24888111777708252,
            "brake": 0.04027776334290026,
            "steer": 0.0
        },
        {
            "throttle": 0.24968291075661397,
            "brake": 0.036249987008610235,
            "steer": 0.0
        },
        {
            "throttle": 0.2502305760157428,
            "brake": 0.032624988307749216,
            "steer": 0.0
        },
        {
            "throttle": 0.25054131967874826,
            "brake": 0.029362489476974295,
            "steer": 0.0
        },
        {
            "throttle": 0.25063134301888645,
            "brake": 0.026426240529276866,
            "steer": 0.0
        },
        {
            "throttle": 0.25051597237823364,
            "brake": 0.02378361647634918,
            "steer": 0.0
        },
        {
            "throttle": 0.2502097731673666,
            "brake": 0.021405254828714262,
            "steer": 0.0
        },
        {
            "throttle": 0.24972664943274053,
            "brake": 0.01926472934584284,
            "steer": 0.0
        },
        {
            "throttle": 0.2490799303427559,
            "brake": 0.017338256411258555,
            "steer": 0.0
        },
        {
            "throttle": 0.24828244482068224,
            "brake": 0.0156044307701327,
            "steer": 0.0
        },
        {
            "throttle": 0.24734658544238375,
            "brake": 0.01404398769311943,
            "steer": 0.0
        },
        {
            "throttle": 0.24628436261785283,
            "brake": 0.012639588923807487,
            "steer": 0.0
        },
        {
            "throttle": 0.24510744998672807,
            "brake": 0.011375630031426739,
            "steer": 0.0
        },
        {
            "throttle": 0.2438272218781893,
            "brake": 0.010238067028284066,
            "steer": 0.0
        },
        {
            "throttle": 0.2424547836139277,
            "brake": 0.009214260325455659,
            "steer": 0.0
        },
        {
            "throttle": 0.24100099536842176,
            "brake": 0.008292834292910093,
            "steer": 0.0
        },
        {
            "throttle": 0.23947649024273626,
            "brake": 0.007463550863619084,
            "steer": 0.0
        },
        {
            "throttle": 0.23789168715580042,
            "brake": 0.006717195777257176,
            "steer": 0.0
        },
        {
            "throttle": 0.23625679910998898,
            "brake": 0.006045476199531458,
            "steer": 0.0
        },
        {
            "throttle": 0.23458183734525775,
            "brake": 0.005440928579578313,
            "steer": 0.0
        },
        {
            "throttle": 0.23287661185756814,
            "brake": 0.004896835721620482,
            "steer": 0.0
        },
        {
            "throttle": 0.20958895067181132,
            "brake": 0.07622153045689273,
            "steer": 0.0
        },
        {
            "throttle": 0.1886300556046302,
            "brake": 0.14041375571863776,
            "steer": 0.0
        },
        {
            "throttle": 0.16976705004416717,
            "brake": 0.1981867584542083,
            "steer": 0.0
        },
        {
            "throttle": 0.15279034503975045,
            "brake": 0.25018246091622176,
            "steer": 0.0
        },
        {
            "throttle": 0.1375113105357754,
            "brake": 0.2969785931320339,
            "steer": 0.0
        },
        {
            "throttle": 0.12376017948219786,
            "brake": 0.3390951121262648,
            "steer": 0.0
        },
        {
            "throttle": 0.11138416153397808,
            "brake": 0.37699997922107265,
            "steer": 0.0
        },
        {
            "throttle": 0.10024574538058027,
            "brake": 0.4111143596063997,
            "steer": 0.0
        },
        {
            "throttle": 0.11057378633391458,
            "brake": 0.3700029236457597,
            "steer": 0.0
        },
        {
            "throttle": 0.11976684608377519,
            "brake": 0.33300263128118374,
            "steer": 0.0
        },
        {
            "throttle": 0.1279509064657509,
            "brake": 0.2997023681530654,
            "steer": 0.0
        },
        {
            "throttle": 0.135239703573716,
            "brake": 0.26973213133775886,
            "steer": 0.0
        },
        {
            "throttle": 0.14173590189551633,
            "brake": 0.242758918203983,
            "steer": 0.0
        },
        {
            "throttle": 0.14753214984839275,
            "brake": 0.2184830263835847,
            "steer": 0.0
        },
        {
            "throttle": 0.15271202877702456,
            "brake": 0.19663472374522623,
            "steer": 0.0
        },
        {
            "throttle": 0.15735090627465292,
            "brake": 0.1769712513707036,
            "steer": 0.0
        },
        {
            "throttle": 0.1615167036047524,
            "brake": 0.15927412623363324,
            "steer": 0.0
        },
        {
            "throttle": 0.1652705860252005,
            "brake": 0.14334671361026993,
            "steer": 0.0
        },
        {
            "throttle": 0.16866758393809766,
            "brake": 0.12901204224924295,
            "steer": 0.0
        },
        {
            "throttle": 0.17175715199663066,
            "brake": 0.11611083802431867,
            "steer": 0.0
        },
        {
            "throttle": 0.1745836725869522,
            "brake": 0.1044997542218868,
            "steer": 0.0
        },
        {
            "throttle": 0.17718690946012786,
            "brake": 0.09404977879969813,
            "steer": 0.0
        },
        {
            "throttle": 0.17960241670973945,
            "brake": 0.08464480091972831,
            "steer": 0.0
        },
        {
            "throttle": 0.1818619077683897,
            "brake": 0.07618032082775548,
            "steer": 0.0
        },
        {
            "throttle": 0.18399358862542595,
            "brake": 0.06856228874497994,
            "steer": 0.0
        },
        {
            "throttle": 0.18602245904356526,
            "brake": 0.061706059870481944,
            "steer": 0.0
        },
        {
            "throttle": 0.1879705851691451,
            "brake": 0.05553545388343375,
            "steer": 0.0
        },
        {
            "throttle": 0.18985734658529752,
            "brake": 0.04998190849509038,
            "steer": 0.0
        },
        {
            "throttle": 0.191699660545719,
            "brake": 0.04498371764558134,
            "steer": 0.0
        },
        {
            "throttle": 0.1935121858455311,
            "brake": 0.040485345881023205,
            "steer": 0.0
        },
        {
            "throttle": 0.19530750853198026,
            "brake": 0.03643681129292089,
            "steer": 0.0
        },
        {
            "throttle": 0.19709631142870057,
            "brake": 0.0327931301636288,
            "steer": 0.0
        },
        {
            "throttle": 0.1988875292405201,
            "brake": 0.029513817147265923,
            "steer": 0.0
        },
        {
            "throttle": 0.2006884908191407,
            "brake": 0.02656243543253933,
            "steer": 0.0
        },
        {
            "throttle": 0.20250505000149105,
            "brake": 0.023906191889285396,
            "steer": 0.0
        },
        {
            "throttle": 0.2043417062803739,
            "brake": 0.021515572700356856,
            "steer": 0.0
        },
        {
            "throttle": 0.2062017164296069,
            "brake": 0.01936401543032117,
            "steer": 0.0
        },
        {
            "throttle": 0.20808719808176412,
            "brake": 0.017427613887289053,
            "steer": 0.0
        },
        {
            "throttle": 0.20999922614457403,
            "brake": 0.015684852498560147,
            "steer": 0.0
        },
        {
            "throttle": 0.21193792284086416,
            "brake": 0.014116367248704133,
            "steer": 0.0
        },
        {
            "throttle": 0.2139025420656227,
            "brake": 0.01270473052383372,
            "steer": 0.0
        },
        {
            "throttle": 0.2158915486713412,
            "brake": 0.011434257471450349,
            "steer": 0.0
        },
        {
            "throttle": 0.21790269321846717,
            "brake": 0.010290831724305314,
            "steer": 0.0
        },
        {
            "throttle": 0.2199330826607775,
            "brake": 0.009261748551874782,
            "steer": 0.0
        },
        {
            "throttle": 0.22197924737510333,
            "brake": 0.008335573696687304,
            "steer": 0.0
        },
        {
            "throttle": 0.22403720489048365,
            "brake": 0.007502016327018574,
            "steer": 0.0
        },
        {
            "throttle": 0.22610252062294728,
            "brake": 0.006751814694316717,
            "steer": 0.0
        },
        {
            "throttle": 0.22817036587822762,
            "brake": 0.006076633224885045,
            "steer": 0.0
        },
        {
            "throttle": 0.23023557334535416,
            "brake": 0.005468969902396541,
            "steer": 0.0
        },
        {
            "throttle": 0.2322926902688383,
            "brake": 0.004922072912156887,
            "steer": 0.0
        },
        {
            "throttle": 0.23433602945571494,
            "brake": 0.0044298656209411985,
            "steer": 0.0
        },
        {
            "throttle": 0.2363597182456897,
            "brake": 0.003986879058847079,
            "steer": 0.0
        },
        {
            "throttle": 0.2383577455477776,
            "brake": 0.0035881911529623708,
            "steer": 0.0
        },
        {
            "throttle": 0.24032400702483595,
            "brake": 0.0032293720376661336,
            "steer": 0.0
        },
        {
            "throttle": 0.24225234848804772,
            "brake": 0.0029064348338995205,
            "steer": 0.0
        },
        {
            "throttle": 0.2441366075464872,
            "brake": 0.0026157913505095685,
            "steer": 0.0
        },
        {
            "throttle": 0.24597065354218942,
            "brake": 0.002354212215458612,
            "steer": 0.0
        },
        {
            "throttle": 0.24774842578847517,
            "brake": 0.002118790993912751,
            "steer": 0.0
        },
        {
            "throttle": 0.24946397011848298,
            "brake": 0.0019069118945214758,
            "steer": 0.0
        },
        {
            "throttle": 0.25111147374177856,
            "brake": 0.0017162207050693283,
            "steer": 0.0
        },
        {
            "throttle": 0.2526852983994122,
            "brake": 0.0015445986345623956,
            "steer": 0.0
        },
        {
            "throttle": 0.2541800118017472,
            "brake": 0.001390138771106156,
            "steer": 0.0
        },
        {
            "throttle": 0.2555904173286697,
            "brake": 0.0012511248939955405,
            "steer": 0.0
        },
        {
            "throttle": 0.25691158196830366,
            "brake": 0.0011260124045959865,
            "steer": 0.0
        },
        {
            "throttle": 0.25813886246799356,
            "brake": 0.001013411164136388,
            "steer": 0.0
        },
        {
            "throttle": 0.25926792966998863,
            "brake": 0.0009120700477227492,
            "steer": 0.0
        },
        {
            "throttle": 0.2602947910038744,
            "brake": 0.0008208630429504744,
            "steer": 0.0
        },
        {
            "throttle": 0.26121581110827496,
            "brake": 0.000738776738655427,
            "steer": 0.0
        },
        {
            "throttle": 0.2620277305556085,
            "brake": 0.0006648990647898843,
            "steer": 0.0
        },
        {
            "throttle": 0.2627276826556523,
            "brake": 0.0005984091583108959,
            "steer": 0.0
        },
        {
            "throttle": 0.26331320831628746,
            "brake": 0.0005385682424798063,
            "steer": 0.0
        },
        {
            "throttle": 0.2637822689429901,
            "brake": 0.0004847114182318257,
            "steer": 0.0
        },
        {
            "throttle": 0.2641332573623443,
            "brake": 0.00043624027640864316,
            "steer": 0.0
        },
        {
            "throttle": 0.26436500675902136,
            "brake": 0.0003926162487677789,
            "steer": 0.0
        },
        {
            "throttle": 0.2644767976202393,
            "brake": 0.000353354623891001,
            "steer": 0.0
        },
        {
            "throttle": 0.2644683626866313,
            "brake": 0.0003180191615019009,
            "steer": 0.0
        },
        {
            "throttle": 0.26433988991366586,
            "brake": 0.0002862172453517108,
            "steer": 0.0
        },
        {
            "throttle": 0.2640920234532173,
            "brake": 0.00025759552081653975,
            "steer": 0.0
        },
        {
            "throttle": 0.2637258626705428,
            "brake": 0.00023183596873488577,
            "steer": 0.0
        },
        {
            "throttle": 0.26324295921772967,
            "brake": 0.0002086523718613972,
            "steer": 0.0
        },
        {
            "throttle": 0.262645312190593,
            "brake": 0.0001877871346752575,
            "steer": 0.0
        },
        {
            "throttle": 0.26193536140198853,
            "brake": 0.00016900842120773173,
            "steer": 0.0
        },
        {
            "throttle": 0.26111597881051096,
            "brake": 0.00015210757908695857,
            "steer": 0.0
        },
        {
            "throttle": 0.2601904581495443,
            "brake": 0.00013689682117826272,
            "steer": 0.0
        },
        {
            "throttle": 0.2591625028075729,
            "brake": 0.00012320713906043644,
            "steer": 0.0
        },
        {
            "throttle": 0.25803621201651844,
            "brake": 0.00011088642515439279,
            "steer": 0.0
        },
        {
            "throttle": 0.25681606541060015,
            "brake": 9.979778263895352e-05,
            "steer": 0.0
        },
        {
            "throttle": 0.25550690602379944,
            "brake": 8.981800437505816e-05,
            "steer": 0.0
        },
        {
            "throttle": 0.25411392179940157,
            "brake": 8.083620393755235e-05,
            "steer": 0.0
        },
        {
            "throttle": 0.2526426256902688,
            "brake": 7.275258354379712e-05,
            "steer": 0.0
        },
        {
            "throttle": 0.25109883443343756,
            "brake": 6.547732518941741e-05,
            "steer": 0.0
        },
        {
            "throttle": 0.24948864608730054,
            "brake": 5.892959267047567e-05,
            "steer": 0.0
        },
        {
            "throttle": 0.2478184164240118,
            "brake": 5.30366334034281e-05,
            "steer": 0.0
        },
        {
            "throttle": 0.24609473427381376,
            "brake": 4.773297006308529e-05,
            "steer": 0.0
        },
        {
            "throttle": 0.2443243959217099,
            "brake": 4.295967305677676e-05,
            "steer": 0.0
        },
        {
            "throttle": 0.24251437866027648,
            "brake": 3.866370575109909e-05,
            "steer": 0.0
        },
        {
            "throttle": 0.2406718136054035,
            "brake": 3.479733517598918e-05,
            "steer": 0.0
        },
        {
            "throttle": 0.23880395788436531,
            "brake": 3.131760165839026e-05,
            "steer": 0.0
        },
        {
            "throttle": 0.23691816630782814,
            "brake": 2.8185841492551237e-05,
            "steer": 0.0
        },
        {
            "throttle": 0.23502186263919855,
            "brake": 2.5367257343296114e-05,
            "steer": 0.0
        },
        {
            "throttle": 0.23312251057608932,
            "brake": 2.2830531608966503e-05,
            "steer": 0.0
        },
        {
            "throttle": 0.23122758455962195,
            "brake": 2.0547478448069854e-05,
            "steer": 0.0
        },
        {
            "throttle": 0.22934454052779304,
            "brake": 1.8492730603262868e-05,
            "steer": 0.0
        },
        {
            "throttle": 0.2274807867291981,
            "brake": 1.6643457542936582e-05,
            "steer": 0.0
        },
        {
            "throttle": 0.22564365471303252,
            "brake": 1.4979111788642925e-05,
            "steer": 0.0
        },
        {
            "throttle": 0.2238403706104733,
            "brake": 1.3481200609778633e-05,
            "steer": 0.0
        },
        {
            "throttle": 0.22207802682128874,
            "brake": 1.213308054880077e-05,
            "steer": 0.0
        },
        {
            "throttle": 0.2203635542178315,
            "brake": 1.0919772493920694e-05,
            "steer": 0.0
        },
        {
            "throttle": 0.21870369497644646,
            "brake": 9.827795244528624e-06,
            "steer": 0.0
        },
        {
            "throttle": 0.2171049761437796,
            "brake": 8.845015720075761e-06,
            "steer": 0.0
        },
        {
            "throttle": 0.2155736840425127,
            "brake": 7.960514148068186e-06,
            "steer": 0.0
        },
        {
            "throttle": 0.2141158396176845,
            "brake": 7.164462733261367e-06,
            "steer": 0.0
        },
        {
            "throttle": 0.21273717482100463,
            "brake": 6.448016459935231e-06,
            "steer": 0.0
        },
        {
            "throttle": 0.21144311012643435,
            "brake": 5.8032148139417075e-06,
            "steer": 0.0
        },
        {
            "throttle": 0.21023873326581458,
            "brake": 5.222893332547537e-06,
            "steer": 0.0
        },
        {
            "throttle": 0.20912877926848586,
            "brake": 4.700603999292783e-06,
            "steer": 0.0
        },
        {
            "throttle": 0.18821590134163727,
            "brake": 0.07181860885103367,
            "steer": 0.0
        },
        {
            "throttle": 0.16939431120747353,
            "brake": 0.1364511262733646,
            "steer": 0.0
        },
        {
            "throttle": 0.15245488008672617,
            "brake": 0.19462039195346242,
            "steer": 0.0
        },
        {
            "throttle": 0.13720939207805355,
            "brake": 0.2469727310655505,
            "steer": 0.0
        },
        {
            "throttle": 0.12348845287024819,
            "brake": 0.29408983626642976,
            "steer": 0.0
        },
        {
            "throttle": 0.11113960758322337,
            "brake": 0.3364952309472211,
            "steer": 0.0
        },
        {
            "throttle": 0.10002564682490103,
            "brake": 0.37466008615993335,
            "steer": 0.0
        },
        {
            "throttle": 0.09002308214241093,
            "brake": 0.40900845585137435,
            "steer": 0.0
        },
        {
            "throttle": 0.1013162074108631,
            "brake": 0.36810761026623695,
            "steer": 0.0
        },
        {
            "throttle": 0.11158775083593607,
            "brake": 0.3312968492396133,
            "steer": 0.0
        },
        {
            "throttle": 0.12095175419545157,
            "brake": 0.29816716431565193,
            "steer": 0.0
        },
        {
            "throttle": 0.12951038507627413,
            "brake": 0.26835044788408674,
            "steer": 0.0
        },
        {
            "throttle": 0.13735507944480468,
            "brake": 0.24151540309567807,
            "steer": 0.0
        },
        {
            "throttle": 0.14456757198352627,
            "brake": 0.21736386278611025,
            "steer": 0.0
        },
        {
            "throttle": 0.15122082558527533,
            "brake": 0.19562747650749923,
            "steer": 0.0
        },
        {
            "throttle": 0.15737987024913436,
            "brake": 0.17606472885674931,
            "steer": 0.0
        },
        {
            "throttle": 0.16310256058821307,
            "brake": 0.15845825597107438,
            "steer": 0.0
        },
        {
            "throttle": 0.1684402602287302,
            "brake": 0.14261243037396695,
            "steer": 0.0
        },
        {
            "throttle": 0.17343846054148415,
            "brake": 0.12835118733657025,
            "steer": 0.0
        },
        {
            "throttle": 0.17813734039179885,
            "brake": 0.11551606860291323,
            "steer": 0.0
        },
        {
            "throttle": 0.18257227291406014,
            "brake": 0.10396446174262192,
            "steer": 0.0
        },
        {
            "throttle": 0.1867742847045599,
            "brake": 0.09356801556835972,
            "steer": 0.0
        },
        {
            "throttle": 0.19077047227482868,
            "brake": 0.08421121401152376,
            "steer": 0.0
        },
        {
            "throttle": 0.19458438011092527,
            "brake": 0.07579009261037138,
            "steer": 0.0
        },
        {
            "throttle": 0.1982363442368287,
            "brake": 0.06821108334933425,
            "steer": 0.0
        }
    ],
    "parameters": {
        "cloudiness": 84.73135213048563,
        "fog_density": 78.10615738838976,
        "initial_distance": 17.385419597316485,
        "initial_ego_velocity": 7.748352535601308,
        "initial_lead_velocity": 14.144693139746016,
        "lead_base_throttle": 0.23427435649958006,
        "lead_behavior_frequency": 0.09978258908501471,
        "lead_brake_duration": 8.498197270498219,
        "lead_brake_intensity": 0.7181437830743429,
        "lead_brake_probability": 0.25546393017947494,
        "lead_throttle_variation": 0.03526732782715465,
        "precipitation": 68.81407630799225,
        "precipitation_deposits": 34.07934687371349,
        "sun_altitude_angle": 5.097146605059869,
        "wind_intensity": 20.705158847318224
    },
    "config": {
        "num_timesteps": 200,
        "dt": 0.1,
        "seed": 213
    }
}