{
    "weather": {
        "cloudiness": 70.67013239831712,
        "precipitation": 26.773125588607904,
        "precipitation_deposits": 86.54543313178121,
        "wind_intensity": 29.818030004058514,
        "sun_altitude_angle": 42.49985387432994,
        "fog_density": 46.4927534994193,
        "fog_distance": 212.29924852138174,
        "wetness": 13.386562794303952
    },
    "initial_conditions": {
        "ego": {
            "position": {
                "x": 516.6881672430596,
                "y": 20.57,
                "z": 0.294
            },
            "yaw": 0.0,
            "velocity": 5.596217593858451
        },
        "lead": {
            "position": {
                "x": 484.88,
                "y": 20.57,
                "z": 0.294
            },
            "yaw": 0.0,
            "velocity": 19.48808738426898
        }
    },
    "ego": {
        "position": {
            "x": 516.6881672430596,
            "y": 20.57,
            "z": 0.294
        },
        "yaw": 0.0,
        "velocity": 5.596217593858451
    },
    "lead": {
        "position": {
            "x": 484.88,
            "y": 20.57,
            "z": 0.294
        },
        "yaw": 0.0,
        "velocity": 19.48808738426898
    },
    "ado_actions": [
        {
            "throttle": 0.2253648605469782,
            "brake": 0.0,
            "steer": 0.0
        },
        {
            "throttle": 0.2257286202153886,
            "brake": 0.0,
            "steer": 0.0
        },
        {
            "throttle": 0.2264120857667235,
            "brake": 0.0,
            "steer": 0.0
        },
        {
            "throttle": 0.22736809302992284,
            "brake": 0.0,
            "steer": 0.0
        },
        {
            "throttle": 0.22854699917549376,
            "brake": 0.0,
            "steer": 0.0
        },
        {
            "throttle": 0.22989740313527657,
            "brake": 0.0,
            "steer": 0.0
        },
        {
            "throttle": 0.2313669358714503,
            "brake": 0.0,
            "steer": 0.0
        },
        {
            "throttle": 0.2329031005408563,
            "brake": 0.0,
            "steer": 0.0
        },
        {
            "throttle": 0.23445414187496885,
            "brake": 0.0,
            "steer": 0.0
        },
        {
            "throttle": 0.23596992377383763,
            "brake": 0.0,
            "steer": 0.0
        },
        {
            "throttle": 0.2374027942041357,
            "brake": 0.0,
            "steer": 0.0
        },
        {
            "throttle": 0.23870841699808082,
            "brake": 0.0,
            "steer": 0.0
        },
        {
            "throttle": 0.2398465510634113,
            "brake": 0.0,
            "steer": 0.0
        },
        {
            "throttle": 0.24078175881790187,
            "brake": 0.0,
            "steer": 0.0
        },
        {
            "throttle": 0.24148402732973662,
            "brake": 0.0,
            "steer": 0.0
        },
        {
            "throttle": 0.24192928764414612,
            "brake": 0.0,
            "steer": 0.0
        },
        {
            "throttle": 0.24209982006661113,
            "brake": 0.0,
            "steer": 0.0
        },
        {
            "throttle": 0.24198453570686695,
            "brake": 0.0,
            "steer": 0.0
        },
        {
            "throttle": 0.24157912731383802,
            "brake": 0.0,
            "steer": 0.0
        },
        {
            "throttle": 0.2408860852932254,
            "brake": 0.0,
            "steer": 0.0
        },
        {
            "throttle": 0.23991457773750063,
            "brake": 0.0,
            "steer": 0.0
        },
        {
            "throttle": 0.2386801962515457,
            "brake": 0.0,
            "steer": 0.0
        },
        {
            "throttle": 0.2372045722647032,
            "brake": 0.0,
            "steer": 0.0
        },
        {
            "throttle": 0.23551487132103016,
            "brake": 0.0,
            "steer": 0.0
        },
        {
            "throttle": 0.23364317547570887,
            "brake": 0.0,
            "steer": 0.0
        },
        {
            "throttle": 0.2316257663418914,
            "brake": 0.0,
            "steer": 0.0
        },
        {
            "throttle": 0.22950232347835003,
            "brake": 0.0,
            "steer": 0.0
        },
        {
            "throttle": 0.22731505463941848,
            "brake": 0.0,
            "steer": 0.0
        },
        {
            "throttle": 0.22510777588668232,
            "brake": 0.0,
            "steer": 0.0
        },
        {
            "throttle": 0.22292496065596074,
            "brake": 0.0,
            "steer": 0.0
        },
        {
            "throttle": 0.22081077756061585,
            "brake": 0.0,
            "steer": 0.0
        },
        {
            "throttle": 0.21880813697898316,
            "brake": 0.0,
            "steer": 0.0
        },
        {
            "throttle": 0.21695776631442573,
            "brake": 0.0,
            "steer": 0.0
        },
        {
            "throttle": 0.21529733323482841,
            "brake": 0.0,
            "steer": 0.0
        },
        {
            "throttle": 0.213860635206807,
            "brake": 0.0,
            "steer": 0.0
        },
        {
            "throttle": 0.21267687225967208,
            "brake": 0.0,
            "steer": 0.0
        },
        {
            "throttle": 0.2117700181746029,
            "brake": 0.0,
            "steer": 0.0
        },
        {
            "throttle": 0.21115830323246212,
            "brake": 0.0,
            "steer": 0.0
        },
        {
            "throttle": 0.2108538193129092,
            "brake": 0.0,
            "steer": 0.0
        },
        {
            "throttle": 0.21086225556750998,
            "brake": 0.0,
            "steer": 0.0
        },
        {
            "throttle": 0.21118277014477804,
            "brake": 0.0,
            "steer": 0.0
        },
        {
            "throttle": 0.21180800058357194,
            "brake": 0.0,
            "steer": 0.0
        },
        {
            "throttle": 0.21272421257352767,
            "brake": 0.0,
            "steer": 0.0
        },
        {
            "throttle": 0.2139115838689086,
            "brake": 0.0,
            "steer": 0.0
        },
        {
            "throttle": 0.2153446172969688,
            "brake": 0.0,
            "steer": 0.0
        },
        {
            "throttle": 0.21699267408378525,
            "brake": 0.0,
            "steer": 0.0
        },
        {
            "throttle": 0.2188206161869673,
            "brake": 0.0,
            "steer": 0.0
        },
        {
            "throttle": 0.22078954402923617,
            "brake": 0.0,
            "steer": 0.0
        },
        {
            "throttle": 0.22285761401809606,
            "brake": 0.0,
            "steer": 0.0
        },
        {
            "throttle": 0.22498091855714045,
            "brake": 0.0,
            "steer": 0.0
        },
        {
            "throttle": 0.22711440993945506,
            "brake": 0.0,
            "steer": 0.0
        },
        {
            "throttle": 0.22921284859089544,
            "brake": 0.0,
            "steer": 0.0
        },
        {
            "throttle": 0.2312317556202413,
            "brake": 0.0,
            "steer": 0.0
        },
        {
            "throttle": 0.233128349545184,
            "brake": 0.0,
            "steer": 0.0
        },
        {
            "throttle": 0.23486244739967216,
            "brake": 0.0,
            "steer": 0.0
        },
        {
            "throttle": 0.23639731118225363,
            "brake": 0.0,
            "steer": 0.0
        },
        {
            "throttle": 0.23770042176081205,
            "brake": 0.0,
            "steer": 0.0
        },
        {
            "throttle": 0.23874416388213965,
            "brake": 0.0,
            "steer": 0.0
        },
        {
            "throttle": 0.23950640781276994,
            "brake": 0.0,
            "steer": 0.0
        },
        {
            "throttle": 0.23997097532080147,
            "brake": 0.0,
            "steer": 0.0
        },
        {
            "throttle": 0.2401279801510065,
            "brake": 0.0,
            "steer": 0.0
        },
        {
            "throttle": 0.23997403579579965,
            "brake": 0.0,
            "steer": 0.0
        },
        {
            "throttle": 0.23951232616671353,
            "brake": 0.0,
            "steer": 0.0
        },
        {
            "throttle": 0.23875253766576326,
            "brake": 0.0,
            "steer": 0.0
        },
        {
            "throttle": 0.23771065408238837,
            "brake": 0.0,
            "steer": 0.0
        },
        {
            "throttle": 0.23640861863778762,
            "brake": 0.0,
            "steer": 0.0
        },
        {
            "throttle": 0.2348738703032875,
            "brake": 0.0,
            "steer": 0.0
        },
        {
            "throttle": 0.23313876417371684,
            "brake": 0.0,
            "steer": 0.0
        },
        {
            "throttle": 0.23123988812458215,
            "brake": 0.0,
            "steer": 0.0
        },
        {
            "throttle": 0.22921729017148845,
            "brake": 0.0,
            "steer": 0.0
        },
        {
            "throttle": 0.2271136328355215,
            "brake": 0.0,
            "steer": 0.0
        },
        {
            "throttle": 0.22497329235940916,
            "brake": 0.0,
            "steer": 0.0
        },
        {
            "throttle": 0.22284142178369262,
            "brake": 0.0,
            "steer": 0.0
        },
        {
            "throttle": 0.2207629976552859,
            "brake": 0.0,
            "steer": 0.0
        },
        {
            "throttle": 0.21878187048658365,
            "brake": 0.0,
            "steer": 0.0
        },
        {
            "throttle": 0.21693983900439665,
            "brake": 0.0,
            "steer": 0.0
        },
        {
            "throttle": 0.21527576772611898,
            "brake": 0.0,
            "steer": 0.0
        },
        {
            "throttle": 0.21382476648625826,
            "brake": 0.0,
            "steer": 0.0
        },
        {
            "throttle": 0.21261744922908782,
            "brake": 0.0,
            "steer": 0.0
        },
        {
            "throttle": 0.21167928771030817,
            "brake": 0.0,
            "steer": 0.0
        },
        {
            "throttle": 0.2110300737475397,
            "brake": 0.0,
            "steer": 0.0
        },
        {
            "throttle": 0.21068350136849673,
            "brake": 0.0,
            "steer": 0.0
        },
        {
            "throttle": 0.210646877675164,
            "brake": 0.0,
            "steer": 0.0
        },
        {
            "throttle": 0.21092096852563136,
            "brake": 0.0,
            "steer": 0.0
        },
        {
            "throttle": 0.21149998228977418,
            "brake": 0.0,
            "steer": 0.0
        },
        {
            "throttle": 0.21237169202076292,
            "brake": 0.0,
            "steer": 0.0
        },
        {
            "throttle": 0.2135176934629524,
            "brake": 0.0,
            "steer": 0.0
        },
        {
            "throttle": 0.2149137934497029,
            "brake": 0.0,
            "steer": 0.0
        },
        {
            "throttle": 0.21653052049263727,
            "brake": 0.0,
            "steer": 0.0
        },
        {
            "throttle": 0.21833374678482664,
            "brake": 0.0,
            "steer": 0.0
        },
        {
            "throttle": 0.2202854084888592,
            "brake": 0.0,
            "steer": 0.0
        },
        {
            "throttle": 0.22234430910631436,
            "brake": 0.0,
            "steer": 0.0
        },
        {
            "throttle": 0.22446698897162634,
            "brake": 0.0,
            "steer": 0.0
        },
        {
            "throttle": 0.22660864251768442,
            "brake": 0.0,
            "steer": 0.0
        },
        {
            "throttle": 0.22872406395224687,
            "brake": 0.0,
            "steer": 0.0
        },
        {
            "throttle": 0.2307686013846152,
            "brake": 0.0,
            "steer": 0.0
        },
        {
            "throttle": 0.2326990992636886,
            "brake": 0.0,
            "steer": 0.0
        },
        {
            "throttle": 0.2344748092352565,
            "brake": 0.0,
            "steer": 0.0
        },
        {
            "throttle": 0.23605825019298116,
            "brake": 0.0,
            "steer": 0.0
        },
        {
            "throttle": 0.2374159993699068,
            "brake": 0.0,
            "steer": 0.0
        },
        {
            "throttle": 0.2385193977728678,
            "brake": 0.0,
            "steer": 0.0
        },
        {
            "throttle": 0.23934515507013845,
            "brake": 0.0,
            "steer": 0.0
        },
        {
            "throttle": 0.23987584116490765,
            "brake": 0.0,
            "steer": 0.0
        },
        {
            "throttle": 0.2401002540788808,
            "brake": 0.0,
            "steer": 0.0
        },
        {
            "throttle": 0.24001365638102864,
            "brake": 0.0,
            "steer": 0.0
        },
        {
            "throttle": 0.23961787517110988,
            "brake": 0.0,
            "steer": 0.0
        },
        {
            "throttle": 0.23892126350753518,
            "brake": 0.0,
            "steer": 0.0
        },
        {
            "throttle": 0.2379385240936211,
            "brake": 0.0,
            "steer": 0.0
        },
        {
            "throttle": 0.23669039894358285,
            "brake": 0.0,
            "steer": 0.0
        },
        {
            "throttle": 0.23520323157836664,
            "brake": 0.0,
            "steer": 0.0
        },
        {
            "throttle": 0.23350841099192288,
            "brake": 0.0,
            "steer": 0.0
        },
        {
            "throttle": 0.23164170912398013,
            "brake": 0.0,
            "steer": 0.0
        },
        {
            "throttle": 0.22964252582312766,
            "brake": 0.0,
            "steer": 0.0
        },
        {
            "throttle": 0.22755305723660676,
            "brake": 0.0,
            "steer": 0.0
        },
        {
            "throttle": 0.22541740517943662,
            "brake": 0.0,
            "steer": 0.0
        },
        {
            "throttle": 0.2232806462812438,
            "brake": 0.0,
            "steer": 0.0
        },
        {
            "throttle": 0.22118788055813546,
            "brake": 0.0,
            "steer": 0.0
        },
        {
            "throttle": 0.21918327949123,
            "brake": 0.0,
            "steer": 0.0
        },
        {
            "throttle": 0.21730915370387732,
            "brake": 0.0,
            "steer": 0.0
        },
        {
            "throttle": 0.21560505991593448,
            "brake": 0.0,
            "steer": 0.0
        },
        {
            "throttle": 0.21410696602445273,
            "brake": 0.0,
            "steer": 0.0
        },
        {
            "throttle": 0.212846491933267,
            "brake": 0.0,
            "steer": 0.0
        },
        {
            "throttle": 0.2118502421551621,
            "brake": 0.0,
            "steer": 0.0
        },
        {
            "throttle": 0.21113924427326144,
            "brake": 0.0,
            "steer": 0.0
        },
        {
            "throttle": 0.21072850511393154,
            "brake": 0.0,
            "steer": 0.0
        },
        {
            "throttle": 0.21062669399897885,
            "brake": 0.0,
            "steer": 0.0
        },
        {
            "throttle": 0.21083595976267372,
            "brake": 0.0,
            "steer": 0.0
        },
        {
            "throttle": 0.2113518853957839,
            "brake": 0.0,
            "steer": 0.0
        },
        {
            "throttle": 0.21216358127392945,
            "brake": 0.0,
            "steer": 0.0
        },
        {
            "throttle": 0.2132539150024943,
            "brake": 0.0,
            "steer": 0.0
        },
        {
            "throttle": 0.21459987302678576,
            "brake": 0.0,
            "steer": 0.0
        },
        {
            "throttle": 0.2161730463749859,
            "brake": 0.0,
            "steer": 0.0
        },
        {
            "throttle": 0.21794023028138768,
            "brake": 0.0,
            "steer": 0.0
        },
        {
            "throttle": 0.21986412503375619,
            "brake": 0.0,
            "steer": 0.0
        },
        {
            "throttle": 0.2219041232521336,
            "brake": 0.0,
            "steer": 0.0
        },
        {
            "throttle": 0.2240171669821124,
            "brake": 0.0,
            "steer": 0.0
        },
        {
            "throttle": 0.2261586565120386,
            "brake": 0.0,
            "steer": 0.0
        },
        {
            "throttle": 0.22828339173187795,
            "brake": 0.0,
            "steer": 0.0
        },
        {
            "throttle": 0.20545505255869015,
            "brake": 0.022039333471997786,
            "steer": 0.0
        },
        {
            "throttle": 0.18490954730282114,
            "brake": 0.04187473359679579,
            "steer": 0.0
        },
        {
            "throttle": 0.16641859257253902,
            "brake": 0.059726593709114,
            "steer": 0.0
        },
        {
            "throttle": 0.14977673331528513,
            "brake": 0.07579326781020039,
            "steer": 0.0
        },
        {
            "throttle": 0.13479905998375663,
            "brake": 0.09025327450117814,
            "steer": 0.0
        },
        {
            "throttle": 0.12131915398538097,
            "brake": 0.1032672805230581,
            "steer": 0.0
        },
        {
            "throttle": 0.10918723858684287,
            "brake": 0.11497988594275008,
            "steer": 0.0
        },
        {
            "throttle": 0.1227819091836314,
            "brake": 0.10348189734847507,
            "steer": 0.0
        },
        {
            "throttle": 0.13477204587196392,
            "brake": 0.09313370761362756,
            "steer": 0.0
        },
        {
            "throttle": 0.14528154833288134,
            "brake": 0.08382033685226481,
            "steer": 0.0
        },
        {
            "throttle": 0.15442787040057193,
            "brake": 0.07543830316703833,
            "steer": 0.0
        },
        {
            "throttle": 0.162323310718873,
            "brake": 0.0678944728503345,
            "steer": 0.0
        },
        {
            "throttle": 0.16907603523394418,
            "brake": 0.06110502556530105,
            "steer": 0.0
        },
        {
            "throttle": 0.17479084763888136,
            "brake": 0.054994523008770946,
            "steer": 0.0
        },
        {
            "throttle": 0.17956972543624367,
            "brake": 0.04949507070789385,
            "steer": 0.0
        },
        {
            "throttle": 0.1835121408387688,
            "brake": 0.04454556363710446,
            "steer": 0.0
        },
        {
            "throttle": 0.18671518721645317,
            "brake": 0.04009100727339402,
            "steer": 0.0
        },
        {
            "throttle": 0.18927353315433743,
            "brake": 0.03608190654605462,
            "steer": 0.0
        },
        {
            "throttle": 0.19127922735060846,
            "brake": 0.03247371589144916,
            "steer": 0.0
        },
        {
            "throttle": 0.19282137850692738,
            "brake": 0.029226344302304242,
            "steer": 0.0
        },
        {
            "throttle": 0.19398573499802016,
            "brake": 0.026303709872073817,
            "steer": 0.0
        },
        {
            "throttle": 0.19485418941985827,
            "brake": 0.023673338884866436,
            "steer": 0.0
        },
        {
            "throttle": 0.19550423307858378,
            "brake": 0.02130600499637979,
            "steer": 0.0
        },
        {
            "throttle": 0.1960083850784547,
            "brake": 0.01917540449674181,
            "steer": 0.0
        },
        {
            "throttle": 0.19643361988879326,
            "brake": 0.01725786404706763,
            "steer": 0.0
        },
        {
            "throttle": 0.1968408161190421,
            "brake": 0.015532077642360866,
            "steer": 0.0
        },
        {
            "throttle": 0.19728424771871025,
            "brake": 0.01397886987812478,
            "steer": 0.0
        },
        {
            "throttle": 0.19781113696532043,
            "brake": 0.012580982890312302,
            "steer": 0.0
        },
        {
            "throttle": 0.19846128643692396,
            "brake": 0.011322884601281072,
            "steer": 0.0
        },
        {
            "throttle": 0.19926680472247943,
            "brake": 0.010190596141152966,
            "steer": 0.0
        },
        {
            "throttle": 0.2002519379463411,
            "brake": 0.00917153652703767,
            "steer": 0.0
        },
        {
            "throttle": 0.20143301632101554,
            "brake": 0.008254382874333903,
            "steer": 0.0
        },
        {
            "throttle": 0.20281852194864355,
            "brake": 0.007428944586900513,
            "steer": 0.0
        },
        {
            "throttle": 0.2044092810232516,
            "brake": 0.006686050128210462,
            "steer": 0.0
        },
        {
            "throttle": 0.20619878050179702,
            "brake": 0.006017445115389416,
            "steer": 0.0
        },
        {
            "throttle": 0.20817360627240702,
            "brake": 0.005415700603850474,
            "steer": 0.0
        },
        {
            "throttle": 0.210313996912557,
            "brake": 0.004874130543465426,
            "steer": 0.0
        },
        {
            "throttle": 0.21259450435608482,
            "brake": 0.0043867174891188835,
            "steer": 0.0
        },
        {
            "throttle": 0.21498475023073144,
            "brake": 0.003948045740206995,
            "steer": 0.0
        },
        {
            "throttle": 0.21745026433796702,
            "brake": 0.003553241166186296,
            "steer": 0.0
        },
        {
            "throttle": 0.21995338976953097,
            "brake": 0.0031979170495676666,
            "steer": 0.0
        },
        {
            "throttle": 0.22245423752941448,
            "brake": 0.0028781253446109,
            "steer": 0.0
        },
        {
            "throttle": 0.22491167228782313,
            "brake": 0.00259031281014981,
            "steer": 0.0
        },
        {
            "throttle": 0.22728431005899813,
            "brake": 0.002331281529134829,
            "steer": 0.0
        },
        {
            "throttle": 0.22953150818329815,
            "brake": 0.0020981533762213463,
            "steer": 0.0
        },
        {
            "throttle": 0.231614328012552,
            "brake": 0.0018883380385992118,
            "steer": 0.0
        },
        {
            "throttle": 0.2334964511443998,
            "brake": 0.0016995042347392906,
            "steer": 0.0
        },
        {
            "throttle": 0.23514503091527802,
            "brake": 0.0015295538112653616,
            "steer": 0.0
        },
        {
            "throttle": 0.23653146212334225,
            "brake": 0.0013765984301388255,
            "steer": 0.0
        },
        {
            "throttle": 0.23763205358416684,
            "brake": 0.001238938587124943,
            "steer": 0.0
        },
        {
            "throttle": 0.23842859008802852,
            "brake": 0.0011150447284124488,
            "steer": 0.0
        },
        {
            "throttle": 0.2389087725855307,
            "brake": 0.001003540255571204,
            "steer": 0.0
        },
        {
            "throttle": 0.2390665279297503,
            "brake": 0.0009031862300140836,
            "steer": 0.0
        },
        {
            "throttle": 0.23890218219442866,
            "brake": 0.0008128676070126753,
            "steer": 0.0
        },
        {
            "throttle": 0.23842249441148602,
            "brake": 0.0007315808463114078,
            "steer": 0.0
        },
        {
            "throttle": 0.23764055046710014,
            "brake": 0.000658422761680267,
            "steer": 0.0
        },
        {
            "throttle": 0.2365755198020665,
            "brake": 0.0005925804855122403,
            "steer": 0.0
        },
        {
            "throttle": 0.23525228041730697,
            "brake": 0.0005333224369610163,
            "steer": 0.0
        },
        {
            "throttle": 0.23370092042849847,
            "brake": 0.0004799901932649147,
            "steer": 0.0
        },
        {
            "throttle": 0.23195612698654947,
            "brake": 0.00043199117393842324,
            "steer": 0.0
        },
        {
            "throttle": 0.2300564757283918,
            "brake": 0.0003887920565445809,
            "steer": 0.0
        },
        {
            "throttle": 0.22804363599539565,
            "brake": 0.0003499128508901228,
            "steer": 0.0
        }
    ],
    "parameters": {
        "cloudiness": 70.67013239831712,
        "fog_density": 46.4927534994193,
        "initial_distance": 31.808167243059668,
        "initial_ego_velocity": 5.596217593858451,
        "initial_lead_velocity": 19.48808738426898,
        "lead_base_throttle": 0.2253648605469782,
        "lead_behavior_frequency": 0.23142723467283438,
        "lead_brake_duration": 7.6011141104926505,
        "lead_brake_intensity": 0.22039333471997785,
        "lead_brake_probability": 0.03172308299750056,
        "lead_throttle_variation": 0.025104510065439147,
        "precipitation": 26.773125588607904,
        "precipitation_deposits": 86.54543313178121,
        "sun_altitude_angle": 42.49985387432994,
        "wind_intensity": 29.818030004058514
    },
    "config": {
        "num_timesteps": 200,
        "dt": 0.1,
        "seed": 176
    }
}