{
    "weather": {
        "cloudiness": 40.824267980387674,
        "precipitation": 39.536353750863285,
        "precipitation_deposits": 11.145462300525022,
        "wind_intensity": 14.659036461936987,
        "sun_altitude_angle": 56.75217967442258,
        "fog_density": 65.10886349019994,
        "fog_distance": 114.14388815403886,
        "wetness": 19.768176875431642
    },
    "initial_conditions": {
        "ego": {
            "position": {
                "x": 501.0930984025836,
                "y": 20.57,
                "z": 0.294
            },
            "yaw": 0.0,
            "velocity": 6.812353147778772
        },
        "lead": {
            "position": {
                "x": 484.88,
                "y": 20.57,
                "z": 0.294
            },
            "yaw": 0.0,
            "velocity": 5.895658594717452
        }
    },
    "ego": {
        "position": {
            "x": 501.0930984025836,
            "y": 20.57,
            "z": 0.294
        },
        "yaw": 0.0,
        "velocity": 6.812353147778772
    },
    "lead": {
        "position": {
            "x": 484.88,
            "y": 20.57,
            "z": 0.294
        },
        "yaw": 0.0,
        "velocity": 5.895658594717452
    },
    "ado_actions": [
        {
            "throttle": 0.3806635323656795,
            "brake": 0.0,
            "steer": 0.0
        },
        {
            "throttle": 0.3852619885786028,
            "brake": 0.0,
            "steer": 0.0
        },
        {
            "throttle": 0.39388781505112075,
            "brake": 0.0,
            "steer": 0.0
        },
        {
            "throttle": 0.40591848508576495,
            "brake": 0.0,
            "steer": 0.0
        },
        {
            "throttle": 0.42069049220320576,
            "brake": 0.0,
            "steer": 0.0
        },
        {
            "throttle": 0.43751126228383785,
            "brake": 0.0,
            "steer": 0.0
        },
        {
            "throttle": 0.45567218273988047,
            "brake": 0.0,
            "steer": 0.0
        },
        {
            "throttle": 0.4744623921457988,
            "brake": 0.0,
            "steer": 0.0
        },
        {
            "throttle": 0.4931829594973655,
            "brake": 0.0,
            "steer": 0.0
        },
        {
            "throttle": 0.5111610765690063,
            "brake": 0.0,
            "steer": 0.0
        },
        {
            "throttle": 0.5277638898744861,
            "brake": 0.0,
            "steer": 0.0
        },
        {
            "throttle": 0.5424116104713252,
            "brake": 0.0,
            "steer": 0.0
        },
        {
            "throttle": 0.554589560034216,
            "brake": 0.0,
            "steer": 0.0
        },
        {
            "throttle": 0.5638588397990172,
            "brake": 0.0,
            "steer": 0.0
        },
        {
            "throttle": 0.5698653444921986,
            "brake": 0.0,
            "steer": 0.0
        },
        {
            "throttle": 0.5723468853762124,
            "brake": 0.0,
            "steer": 0.0
        },
        {
            "throttle": 0.5711382340648047,
            "brake": 0.0,
            "steer": 0.0
        },
        {
            "throttle": 0.5661739506639007,
            "brake": 0.0,
            "steer": 0.0
        },
        {
            "throttle": 0.5574889148356743,
            "brake": 0.0,
            "steer": 0.0
        },
        {
            "throttle": 0.5452165352502797,
            "brake": 0.0,
            "steer": 0.0
        },
        {
            "throttle": 0.5295846702202466,
            "brake": 0.0,
            "steer": 0.0
        },
        {
            "throttle": 0.5109093487328404,
            "brake": 0.0,
            "steer": 0.0
        },
        {
            "throttle": 0.48958643525260215,
            "brake": 0.0,
            "steer": 0.0
        },
        {
            "throttle": 0.46608143226022875,
            "brake": 0.0,
            "steer": 0.0
        },
        {
            "throttle": 0.4409176603104957,
            "brake": 0.0,
            "steer": 0.0
        },
        {
            "throttle": 0.4146630953312367,
            "brake": 0.0,
            "steer": 0.0
        },
        {
            "throttle": 0.3879161759889929,
            "brake": 0.0,
            "steer": 0.0
        },
        {
            "throttle": 0.36129091942091707,
            "brake": 0.0,
            "steer": 0.0
        },
        {
            "throttle": 0.335401700866853,
            "brake": 0.0,
            "steer": 0.0
        },
        {
            "throttle": 0.31084806131887405,
            "brake": 0.0,
            "steer": 0.0
        },
        {
            "throttle": 0.2881999070353589,
            "brake": 0.0,
            "steer": 0.0
        },
        {
            "throttle": 0.2679834556539693,
            "brake": 0.0,
            "steer": 0.0
        },
        {
            "throttle": 0.25066826590719155,
            "brake": 0.0,
            "steer": 0.0
        },
        {
            "throttle": 0.23665566202800245,
            "brake": 0.0,
            "steer": 0.0
        },
        {
            "throttle": 0.22626883046194887,
            "brake": 0.0,
            "steer": 0.0
        },
        {
            "throttle": 0.21974482628816117,
            "brake": 0.0,
            "steer": 0.0
        },
        {
            "throttle": 0.217228680771028,
            "brake": 0.0,
            "steer": 0.0
        },
        {
            "throttle": 0.21876975083116276,
            "brake": 0.0,
            "steer": 0.0
        },
        {
            "throttle": 0.22432039716591368,
            "brake": 0.0,
            "steer": 0.0
        },
        {
            "throttle": 0.23373702157567017,
            "brake": 0.0,
            "steer": 0.0
        },
        {
            "throttle": 0.24678343712325265,
            "brake": 0.0,
            "steer": 0.0
        },
        {
            "throttle": 0.26313648844847004,
            "brake": 0.0,
            "steer": 0.0
        },
        {
            "throttle": 0.28239378524198433,
            "brake": 0.0,
            "steer": 0.0
        },
        {
            "throttle": 0.30408336086720406,
            "brake": 0.0,
            "steer": 0.0
        },
        {
            "throttle": 0.32767502164129547,
            "brake": 0.0,
            "steer": 0.0
        },
        {
            "throttle": 0.3525931114719157,
            "brake": 0.0,
            "steer": 0.0
        },
        {
            "throttle": 0.3782303823832094,
            "brake": 0.0,
            "steer": 0.0
        },
        {
            "throttle": 0.4039626347802322,
            "brake": 0.0,
            "steer": 0.0
        },
        {
            "throttle": 0.4291637727415498,
            "brake": 0.0,
            "steer": 0.0
        },
        {
            "throttle": 0.45322090964495276,
            "brake": 0.0,
            "steer": 0.0
        },
        {
            "throttle": 0.47554915826317895,
            "brake": 0.0,
            "steer": 0.0
        },
        {
            "throttle": 0.49560574714405187,
            "brake": 0.0,
            "steer": 0.0
        },
        {
            "throttle": 0.5129031214272985,
            "brake": 0.0,
            "steer": 0.0
        },
        {
            "throttle": 0.5270207108537187,
            "brake": 0.0,
            "steer": 0.0
        },
        {
            "throttle": 0.537615079996571,
            "brake": 0.0,
            "steer": 0.0
        },
        {
            "throttle": 0.5444282149096374,
            "brake": 0.0,
            "steer": 0.0
        },
        {
            "throttle": 0.5472937454943306,
            "brake": 0.0,
            "steer": 0.0
        },
        {
            "throttle": 0.5461409528485135,
            "brake": 0.0,
            "steer": 0.0
        },
        {
            "throttle": 0.540996464464096,
            "brake": 0.0,
            "steer": 0.0
        },
        {
            "throttle": 0.5319835960924539,
            "brake": 0.0,
            "steer": 0.0
        },
        {
            "throttle": 0.5193193560429802,
            "brake": 0.0,
            "steer": 0.0
        },
        {
            "throttle": 0.5033091842432387,
            "brake": 0.0,
            "steer": 0.0
        },
        {
            "throttle": 0.48433955320111294,
            "brake": 0.0,
            "steer": 0.0
        },
        {
            "throttle": 0.4628686097442379,
            "brake": 0.0,
            "steer": 0.0
        },
        {
            "throttle": 0.43941508381849903,
            "brake": 0.0,
            "steer": 0.0
        },
        {
            "throttle": 0.4145457325588164,
            "brake": 0.0,
            "steer": 0.0
        },
        {
            "throttle": 0.38886162328754204,
            "brake": 0.0,
            "steer": 0.0
        },
        {
            "throttle": 0.36298358719133605,
            "brake": 0.0,
            "steer": 0.0
        },
        {
            "throttle": 0.3375371954967715,
            "brake": 0.0,
            "steer": 0.0
        },
        {
            "throttle": 0.3131376215227513,
            "brake": 0.0,
            "steer": 0.0
        },
        {
            "throttle": 0.2903747547545738,
            "brake": 0.0,
            "steer": 0.0
        },
        {
            "throttle": 0.2697989269933012,
            "brake": 0.0,
            "steer": 0.0
        },
        {
            "throttle": 0.2519075958323742,
            "brake": 0.0,
            "steer": 0.0
        },
        {
            "throttle": 0.23713330755929382,
            "brake": 0.0,
            "steer": 0.0
        },
        {
            "throttle": 0.225833230633832,
            "brake": 0.0,
            "steer": 0.0
        },
        {
            "throttle": 0.2182805129042852,
            "brake": 0.0,
            "steer": 0.0
        },
        {
            "throttle": 0.21465767160880653,
            "brake": 0.0,
            "steer": 0.0
        },
        {
            "throttle": 0.21505217603703697,
            "brake": 0.0,
            "steer": 0.0
        },
        {
            "throttle": 0.2194543296876439,
            "brake": 0.0,
            "steer": 0.0
        },
        {
            "throttle": 0.22775750313306442,
            "brake": 0.0,
            "steer": 0.0
        },
        {
            "throttle": 0.2397607119393649,
            "brake": 0.0,
            "steer": 0.0
        },
        {
            "throttle": 0.25517347726226086,
            "brake": 0.0,
            "steer": 0.0
        },
        {
            "throttle": 0.27362285152228105,
            "brake": 0.0,
            "steer": 0.0
        },
        {
            "throttle": 0.294662439188596,
            "brake": 0.0,
            "steer": 0.0
        },
        {
            "throttle": 0.31778319443913533,
            "brake": 0.0,
            "steer": 0.0
        },
        {
            "throttle": 0.3424257344818001,
            "brake": 0.0,
            "steer": 0.0
        },
        {
            "throttle": 0.3679938706576411,
            "brake": 0.0,
            "steer": 0.0
        },
        {
            "throttle": 0.3938690299887565,
            "brake": 0.0,
            "steer": 0.0
        },
        {
            "throttle": 0.4194252182939986,
            "brake": 0.0,
            "steer": 0.0
        },
        {
            "throttle": 0.44404416289543547,
            "brake": 0.0,
            "steer": 0.0
        },
        {
            "throttle": 0.4671302685947996,
            "brake": 0.0,
            "steer": 0.0
        },
        {
            "throttle": 0.4881250251169651,
            "brake": 0.0,
            "steer": 0.0
        },
        {
            "throttle": 0.5065205174875382,
            "brake": 0.0,
            "steer": 0.0
        },
        {
            "throttle": 0.5218717125129215,
            "brake": 0.0,
            "steer": 0.0
        },
        {
            "throttle": 0.5338072241387514,
            "brake": 0.0,
            "steer": 0.0
        },
        {
            "throttle": 0.54203829726019,
            "brake": 0.0,
            "steer": 0.0
        },
        {
            "throttle": 0.5463657926550163,
            "brake": 0.0,
            "steer": 0.0
        },
        {
            "throttle": 0.5466850040652455,
            "brake": 0.0,
            "steer": 0.0
        },
        {
            "throttle": 0.5429881908953874,
            "brake": 0.0,
            "steer": 0.0
        },
        {
            "throttle": 0.5353647652567919,
            "brake": 0.0,
            "steer": 0.0
        },
        {
            "throttle": 0.5239991288310314,
            "brake": 0.0,
            "steer": 0.0
        },
        {
            "throttle": 0.5091662118782572,
            "brake": 0.0,
            "steer": 0.0
        },
        {
            "throttle": 0.49122482230362086,
            "brake": 0.0,
            "steer": 0.0
        },
        {
            "throttle": 0.47060896567148613,
            "brake": 0.0,
            "steer": 0.0
        },
        {
            "throttle": 0.4478173461417188,
            "brake": 0.0,
            "steer": 0.0
        },
        {
            "throttle": 0.42340130230744233,
            "brake": 0.0,
            "steer": 0.0
        },
        {
            "throttle": 0.39795146977476664,
            "brake": 0.0,
            "steer": 0.0
        },
        {
            "throttle": 0.3720834931262505,
            "brake": 0.0,
            "steer": 0.0
        },
        {
            "throttle": 0.3464231329061339,
            "brake": 0.0,
            "steer": 0.0
        },
        {
            "throttle": 0.3215911279003842,
            "brake": 0.0,
            "steer": 0.0
        },
        {
            "throttle": 0.2981881789043014,
            "brake": 0.0,
            "steer": 0.0
        },
        {
            "throttle": 0.2767804172316288,
            "brake": 0.0,
            "steer": 0.0
        },
        {
            "throttle": 0.25788570949290035,
            "brake": 0.0,
            "steer": 0.0
        },
        {
            "throttle": 0.24196112994080274,
            "brake": 0.0,
            "steer": 0.0
        },
        {
            "throttle": 0.22939190343600524,
            "brake": 0.0,
            "steer": 0.0
        },
        {
            "throttle": 0.22048208651148252,
            "brake": 0.0,
            "steer": 0.0
        },
        {
            "throttle": 0.21544721196740657,
            "brake": 0.0,
            "steer": 0.0
        },
        {
            "throttle": 0.2144090749293561,
            "brake": 0.0,
            "steer": 0.0
        },
        {
            "throttle": 0.21739278649891697,
            "brake": 0.0,
            "steer": 0.0
        },
        {
            "throttle": 0.2243261662709122,
            "brake": 0.0,
            "steer": 0.0
        },
        {
            "throttle": 0.23504148841247471,
            "brake": 0.0,
            "steer": 0.0
        },
        {
            "throttle": 0.24927953906466352,
            "brake": 0.0,
            "steer": 0.0
        },
        {
            "throttle": 0.2666958869146077,
            "brake": 0.0,
            "steer": 0.0
        },
        {
            "throttle": 0.2868692152478218,
            "brake": 0.0,
            "steer": 0.0
        },
        {
            "throttle": 0.30931151392150186,
            "brake": 0.0,
            "steer": 0.0
        },
        {
            "throttle": 0.33347988470665635,
            "brake": 0.0,
            "steer": 0.0
        },
        {
            "throttle": 0.3587896744182585,
            "brake": 0.0,
            "steer": 0.0
        },
        {
            "throttle": 0.3846286181323687,
            "brake": 0.0,
            "steer": 0.0
        },
        {
            "throttle": 0.41037165035437845,
            "brake": 0.0,
            "steer": 0.0
        },
        {
            "throttle": 0.4353960258442665,
            "brake": 0.0,
            "steer": 0.0
        },
        {
            "throttle": 0.45909638431391814,
            "brake": 0.0,
            "steer": 0.0
        },
        {
            "throttle": 0.4808993945693487,
            "brake": 0.0,
            "steer": 0.0
        },
        {
            "throttle": 0.500277623844245,
            "brake": 0.0,
            "steer": 0.0
        },
        {
            "throttle": 0.5167622968144862,
            "brake": 0.0,
            "steer": 0.0
        },
        {
            "throttle": 0.5299546356428203,
            "brake": 0.0,
            "steer": 0.0
        },
        {
            "throttle": 0.5395355067288912,
            "brake": 0.0,
            "steer": 0.0
        },
        {
            "throttle": 0.5452731408019691,
            "brake": 0.0,
            "steer": 0.0
        },
        {
            "throttle": 0.5470287396011236,
            "brake": 0.0,
            "steer": 0.0
        },
        {
            "throttle": 0.5447598335127208,
            "brake": 0.0,
            "steer": 0.0
        },
        {
            "throttle": 0.5385213089412725,
            "brake": 0.0,
            "steer": 0.0
        },
        {
            "throttle": 0.52846408056068,
            "brake": 0.0,
            "steer": 0.0
        },
        {
            "throttle": 0.5148314405651468,
            "brake": 0.0,
            "steer": 0.0
        },
        {
            "throttle": 0.49795317323427224,
            "brake": 0.0,
            "steer": 0.0
        },
        {
            "throttle": 0.47823757718567433,
            "brake": 0.0,
            "steer": 0.0
        },
        {
            "throttle": 0.45616158830320985,
            "brake": 0.0,
            "steer": 0.0
        },
        {
            "throttle": 0.4322592422750311,
            "brake": 0.0,
            "steer": 0.0
        },
        {
            "throttle": 0.4071087558418914,
            "brake": 0.0,
            "steer": 0.0
        },
        {
            "throttle": 0.38131853927061343,
            "brake": 0.0,
            "steer": 0.0
        },
        {
            "throttle": 0.3555124784221557,
            "brake": 0.0,
            "steer": 0.0
        },
        {
            "throttle": 0.33031484245280274,
            "brake": 0.0,
            "steer": 0.0
        },
        {
            "throttle": 0.30633518224324197,
            "brake": 0.0,
            "steer": 0.0
        },
        {
            "throttle": 0.2841535848745895,
            "brake": 0.0,
            "steer": 0.0
        },
        {
            "throttle": 0.2643066408573692,
            "brake": 0.0,
            "steer": 0.0
        },
        {
            "throttle": 0.24727446357738508,
            "brake": 0.0,
            "steer": 0.0
        },
        {
            "throttle": 0.23346907496846156,
            "brake": 0.0,
            "steer": 0.0
        },
        {
            "throttle": 0.2232244383719058,
            "brake": 0.0,
            "steer": 0.0
        },
        {
            "throttle": 0.21678837969578424,
            "brake": 0.0,
            "steer": 0.0
        },
        {
            "throttle": 0.21431659230762223,
            "brake": 0.0,
            "steer": 0.0
        },
        {
            "throttle": 0.2158688706869615,
            "brake": 0.0,
            "steer": 0.0
        },
        {
            "throttle": 0.22140766394872527,
            "brake": 0.0,
            "steer": 0.0
        },
        {
            "throttle": 0.230798984228814,
            "brake": 0.0,
            "steer": 0.0
        },
        {
            "throttle": 0.24381564795735375,
            "brake": 0.0,
            "steer": 0.0
        },
        {
            "throttle": 0.26014277161060284,
            "brake": 0.0,
            "steer": 0.0
        },
        {
            "throttle": 0.2793853889948814,
            "brake": 0.0,
            "steer": 0.0
        },
        {
            "throttle": 0.30107800579433397,
            "brake": 0.0,
            "steer": 0.0
        },
        {
            "throttle": 0.32469586025037234,
            "brake": 0.0,
            "steer": 0.0
        },
        {
            "throttle": 0.3496676175679605,
            "brake": 0.0,
            "steer": 0.0
        },
        {
            "throttle": 0.37538919096090095,
            "brake": 0.0,
            "steer": 0.0
        },
        {
            "throttle": 0.4012383549939875,
            "brake": 0.0,
            "steer": 0.0
        },
        {
            "throttle": 0.42658979771359273,
            "brake": 0.0,
            "steer": 0.0
        },
        {
            "throttle": 0.4508302474436163,
            "brake": 0.0,
            "steer": 0.0
        },
        {
            "throttle": 0.4733733083175066,
            "brake": 0.0,
            "steer": 0.0
        },
        {
            "throttle": 0.4936736456629732,
            "brake": 0.0,
            "steer": 0.0
        },
        {
            "throttle": 0.5112401780835938,
            "brake": 0.0,
            "steer": 0.0
        },
        {
            "throttle": 0.5256479571103129,
            "brake": 0.0,
            "steer": 0.0
        },
        {
            "throttle": 0.5365484470445654,
            "brake": 0.0,
            "steer": 0.0
        },
        {
            "throttle": 0.5436779563154008,
            "brake": 0.0,
            "steer": 0.0
        },
        {
            "throttle": 0.5468640163893373,
            "brake": 0.0,
            "steer": 0.0
        },
        {
            "throttle": 0.5460295539220167,
            "brake": 0.0,
            "steer": 0.0
        },
        {
            "throttle": 0.5411947552239756,
            "brake": 0.0,
            "steer": 0.0
        },
        {
            "throttle": 0.5324765779376155,
            "brake": 0.0,
            "steer": 0.0
        },
        {
            "throttle": 0.5200859217382937,
            "brake": 0.0,
            "steer": 0.0
        },
        {
            "throttle": 0.5043225265025397,
            "brake": 0.0,
            "steer": 0.0
        },
        {
            "throttle": 0.4855677213607846,
            "brake": 0.0,
            "steer": 0.0
        },
        {
            "throttle": 0.4642752000408147,
            "brake": 0.0,
            "steer": 0.0
        },
        {
            "throttle": 0.440960045653766,
            "brake": 0.0,
            "steer": 0.0
        },
        {
            "throttle": 0.4161862704218601,
            "brake": 0.0,
            "steer": 0.0
        },
        {
            "throttle": 0.3905531717718284,
            "brake": 0.0,
            "steer": 0.0
        },
        {
            "throttle": 0.3646808348510319,
            "brake": 0.0,
            "steer": 0.0
        },
        {
            "throttle": 0.33919513217200314,
            "brake": 0.0,
            "steer": 0.0
        },
        {
            "throttle": 0.3147125832559981,
            "brake": 0.0,
            "steer": 0.0
        },
        {
            "throttle": 0.29182544053288684,
            "brake": 0.0,
            "steer": 0.0
        },
        {
            "throttle": 0.2710873622813858,
            "brake": 0.0,
            "steer": 0.0
        },
        {
            "throttle": 0.253000019192662,
            "brake": 0.0,
            "steer": 0.0
        },
        {
            "throttle": 0.23800095855524284,
            "brake": 0.0,
            "steer": 0.0
        },
        {
            "throttle": 0.22645301963630005,
            "brake": 0.0,
            "steer": 0.0
        },
        {
            "throttle": 0.21863555630969667,
            "brake": 0.0,
            "steer": 0.0
        },
        {
            "throttle": 0.21473767926244144,
            "brake": 0.0,
            "steer": 0.0
        },
        {
            "throttle": 0.21485368125597903,
            "brake": 0.0,
            "steer": 0.0
        },
        {
            "throttle": 0.21898075610890277,
            "brake": 0.0,
            "steer": 0.0
        }
    ],
    "parameters": {
        "cloudiness": 40.824267980387674,
        "fog_density": 65.10886349019994,
        "initial_distance": 16.2130984025836,
        "initial_ego_velocity": 6.812353147778772,
        "initial_lead_velocity": 5.895658594717452,
        "lead_base_throttle": 0.3806635323656795,
        "lead_behavior_frequency": 0.24779010701282356,
        "lead_brake_duration": 15.360908479388812,
        "lead_brake_intensity": 0.27137659887496723,
        "lead_brake_probability": 0.10555981919290756,
        "lead_throttle_variation": 0.29655426431358795,
        "precipitation": 39.536353750863285,
        "precipitation_deposits": 11.145462300525022,
        "sun_altitude_angle": 56.75217967442258,
        "wind_intensity": 14.659036461936987
    },
    "config": {
        "num_timesteps": 200,
        "dt": 0.1,
        "seed": 226
    }
}