{
    "weather": {
        "cloudiness": 78.52564973780457,
        "precipitation": 70.97190739501363,
        "precipitation_deposits": 56.17552804115951,
        "wind_intensity": 50.0,
        "sun_altitude_angle": 90.0,
        "fog_density": 80.0,
        "fog_distance": 69.48345122280155,
        "wetness": 35.485953697506815
    },
    "initial_conditions": {
        "ego": {
            "position": {
                "x": 500.8824777524203,
                "y": 20.57,
                "z": 0.294
            },
            "yaw": 0.0,
            "velocity": 5.0
        },
        "lead": {
            "position": {
                "x": 484.88,
                "y": 20.57,
                "z": 0.294
            },
            "yaw": 0.0,
            "velocity": 15.358924208768705
        }
    },
    "ego": {
        "position": {
            "x": 500.8824777524203,
            "y": 20.57,
            "z": 0.294
        },
        "yaw": 0.0,
        "velocity": 5.0
    },
    "lead": {
        "position": {
            "x": 484.88,
            "y": 20.57,
            "z": 0.294
        },
        "yaw": 0.0,
        "velocity": 15.358924208768705
    },
    "ado_actions": [
        {
            "throttle": 0.6000000000000001,
            "brake": 0.0,
            "steer": 0.0
        },
        {
            "throttle": 0.6000095362693679,
            "brake": 0.0,
            "steer": 0.0
        },
        {
            "throttle": 0.6000276457700201,
            "brake": 0.0,
            "steer": 0.0
        },
        {
            "throttle": 0.6000534523658229,
            "brake": 0.0,
            "steer": 0.0
        },
        {
            "throttle": 0.600086158150963,
            "brake": 0.0,
            "steer": 0.0
        },
        {
            "throttle": 0.6001250356547424,
            "brake": 0.0,
            "steer": 0.0
        },
        {
            "throttle": 0.6001694208351251,
            "brake": 0.0,
            "steer": 0.0
        },
        {
            "throttle": 0.6002187067821272,
            "brake": 0.0,
            "steer": 0.0
        },
        {
            "throttle": 0.6002723380600162,
            "brake": 0.0,
            "steer": 0.0
        },
        {
            "throttle": 0.6003298056243884,
            "brake": 0.0,
            "steer": 0.0
        },
        {
            "throttle": 0.600390642256569,
            "brake": 0.0,
            "steer": 0.0
        },
        {
            "throttle": 0.6004544184635326,
            "brake": 0.0,
            "steer": 0.0
        },
        {
            "throttle": 0.6005207387967101,
            "brake": 0.0,
            "steer": 0.0
        },
        {
            "throttle": 0.600589238547702,
            "brake": 0.0,
            "steer": 0.0
        },
        {
            "throttle": 0.6006595807831105,
            "brake": 0.0,
            "steer": 0.0
        },
        {
            "throttle": 0.6007314536844696,
            "brake": 0.0,
            "steer": 0.0
        },
        {
            "throttle": 0.6008045681626475,
            "brake": 0.0,
            "steer": 0.0
        },
        {
            "throttle": 0.6008786557191521,
            "brake": 0.0,
            "steer": 0.0
        },
        {
            "throttle": 0.6009534665295132,
            "brake": 0.0,
            "steer": 0.0
        },
        {
            "throttle": 0.6010287677263958,
            "brake": 0.0,
            "steer": 0.0
        },
        {
            "throttle": 0.6011043418623228,
            "brake": 0.0,
            "steer": 0.0
        },
        {
            "throttle": 0.6011799855338873,
            "brake": 0.0,
            "steer": 0.0
        },
        {
            "throttle": 0.6012555081511457,
            "brake": 0.0,
            "steer": 0.0
        },
        {
            "throttle": 0.5411299573360312,
            "brake": 0.08000000000000002,
            "steer": 0.0
        },
        {
            "throttle": 0.4870169616024281,
            "brake": 0.15200000000000002,
            "steer": 0.0
        },
        {
            "throttle": 0.4383152654421853,
            "brake": 0.21680000000000005,
            "steer": 0.0
        },
        {
            "throttle": 0.3944837388979668,
            "brake": 0.27512000000000003,
            "steer": 0.0
        },
        {
            "throttle": 0.3550353650081701,
            "brake": 0.327608,
            "steer": 0.0
        },
        {
            "throttle": 0.37976575541807367,
            "brake": 0.29484720000000003,
            "steer": 0.0
        },
        {
            "throttle": 0.4020290700050453,
            "brake": 0.26536248,
            "steer": 0.0
        },
        {
            "throttle": 0.4220717796087834,
            "brake": 0.23882623200000003,
            "steer": 0.0
        },
        {
            "throttle": 0.4401157023336766,
            "brake": 0.21494360880000002,
            "steer": 0.0
        },
        {
            "throttle": 0.45636046906154815,
            "brake": 0.19344924792,
            "steer": 0.0
        },
        {
            "throttle": 0.4709857424184676,
            "brake": 0.174104323128,
            "steer": 0.0
        },
        {
            "throttle": 0.48415321384997995,
            "brake": 0.15669389081520002,
            "steer": 0.0
        },
        {
            "throttle": 0.4960084009936665,
            "brake": 0.14102450173368003,
            "steer": 0.0
        },
        {
            "throttle": 0.5066822653190508,
            "brake": 0.12692205156031203,
            "steer": 0.0
        },
        {
            "throttle": 0.5162926680078614,
            "brake": 0.11422984640428083,
            "steer": 0.0
        },
        {
            "throttle": 0.5249456802503542,
            "brake": 0.10280686176385274,
            "steer": 0.0
        },
        {
            "throttle": 0.532736762515825,
            "brake": 0.09252617558746747,
            "steer": 0.0
        },
        {
            "throttle": 0.5397518258996264,
            "brake": 0.08327355802872072,
            "steer": 0.0
        },
        {
            "throttle": 0.5460681873387652,
            "brake": 0.07494620222584865,
            "steer": 0.0
        },
        {
            "throttle": 0.5517554293089493,
            "brake": 0.06745158200326379,
            "steer": 0.0
        },
        {
            "throttle": 0.5568761735546618,
            "brake": 0.06070642380293741,
            "steer": 0.0
        },
        {
            "throttle": 0.5614867774486778,
            "brake": 0.05463578142264367,
            "steer": 0.0
        },
        {
            "throttle": 0.5656379607177983,
            "brake": 0.04917220328037931,
            "steer": 0.0
        },
        {
            "throttle": 0.5693753694978946,
            "brake": 0.04425498295234138,
            "steer": 0.0
        },
        {
            "throttle": 0.5727400839850454,
            "brake": 0.03982948465710724,
            "steer": 0.0
        },
        {
            "throttle": 0.5757690753228681,
            "brake": 0.03584653619139652,
            "steer": 0.0
        },
        {
            "throttle": 0.5784956168021375,
            "brake": 0.03226188257225687,
            "steer": 0.0
        },
        {
            "throttle": 0.5809496539411703,
            "brake": 0.029035694315031186,
            "steer": 0.0
        },
        {
            "throttle": 0.5831581375586095,
            "brake": 0.026132124883528066,
            "steer": 0.0
        },
        {
            "throttle": 0.5248423238027485,
            "brake": 0.10351891239517527,
            "steer": 0.0
        },
        {
            "throttle": 0.4723580914224737,
            "brake": 0.17316702115565777,
            "steer": 0.0
        },
        {
            "throttle": 0.42512228228022636,
            "brake": 0.23585031904009202,
            "steer": 0.0
        },
        {
            "throttle": 0.3826100540522037,
            "brake": 0.2922652871360828,
            "steer": 0.0
        },
        {
            "throttle": 0.34434904864698335,
            "brake": 0.34303875842247455,
            "steer": 0.0
        },
        {
            "throttle": 0.3702104309588925,
            "brake": 0.30873488258022713,
            "steer": 0.0
        },
        {
            "throttle": 0.39348344856706396,
            "brake": 0.2778613943222044,
            "steer": 0.0
        },
        {
            "throttle": 0.4144266477394589,
            "brake": 0.250075254889984,
            "steer": 0.0
        },
        {
            "throttle": 0.43327272260089694,
            "brake": 0.2250677294009856,
            "steer": 0.0
        },
        {
            "throttle": 0.4502311006313135,
            "brake": 0.20256095646088704,
            "steer": 0.0
        },
        {
            "throttle": 0.46549026961146095,
            "brake": 0.18230486081479833,
            "steer": 0.0
        },
        {
            "throttle": 0.47921987187103054,
            "brake": 0.16407437473331848,
            "steer": 0.0
        },
        {
            "throttle": 0.49157258910867846,
            "brake": 0.14766693725998664,
            "steer": 0.0
        },
        {
            "throttle": 0.4424153301978106,
            "brake": 0.212900243533988,
            "steer": 0.0
        },
        {
            "throttle": 0.39817379717802953,
            "brake": 0.27161021918058925,
            "steer": 0.0
        },
        {
            "throttle": 0.35835641746022656,
            "brake": 0.32444919726253035,
            "steer": 0.0
        },
        {
            "throttle": 0.3225207757142039,
            "brake": 0.37200427753627735,
            "steer": 0.0
        },
        {
            "throttle": 0.2902686981427835,
            "brake": 0.4148038497826496,
            "steer": 0.0
        },
        {
            "throttle": 0.3214874449327478,
            "brake": 0.37332346480438466,
            "steer": 0.0
        },
        {
            "throttle": 0.34957859056825197,
            "brake": 0.3359911183239462,
            "steer": 0.0
        },
        {
            "throttle": 0.37485465842214727,
            "brake": 0.30239200649155157,
            "steer": 0.0
        },
        {
            "throttle": 0.39759692541497604,
            "brake": 0.27215280584239643,
            "steer": 0.0
        },
        {
            "throttle": 0.41805854688803135,
            "brake": 0.2449375252581568,
            "steer": 0.0
        },
        {
            "throttle": 0.4364673689830777,
            "brake": 0.22044377273234111,
            "steer": 0.0
        },
        {
            "throttle": 0.45302845977784845,
            "brake": 0.198399395459107,
            "steer": 0.0
        },
        {
            "throttle": 0.4679263873015296,
            "brake": 0.1785594559131963,
            "steer": 0.0
        },
        {
            "throttle": 0.4813272697420237,
            "brake": 0.16070351032187669,
            "steer": 0.0
        },
        {
            "throttle": 0.49338062062561827,
            "brake": 0.14463315928968903,
            "steer": 0.0
        },
        {
            "throttle": 0.504221009471623,
            "brake": 0.13016984336072013,
            "steer": 0.0
        },
        {
            "throttle": 0.5139695563742946,
            "brake": 0.11715285902464811,
            "steer": 0.0
        },
        {
            "throttle": 0.5227352771191415,
            "brake": 0.10543757312218331,
            "steer": 0.0
        },
        {
            "throttle": 0.47046174940722735,
            "brake": 0.174893815809965,
            "steer": 0.0
        },
        {
            "throttle": 0.42341557446650463,
            "brake": 0.2374044342289685,
            "steer": 0.0
        },
        {
            "throttle": 0.38107401701985416,
            "brake": 0.29366399080607164,
            "steer": 0.0
        },
        {
            "throttle": 0.34296661531786876,
            "brake": 0.3442975917254645,
            "steer": 0.0
        },
        {
            "throttle": 0.3086699537860819,
            "brake": 0.38986783255291807,
            "steer": 0.0
        },
        {
            "throttle": 0.33791472058700445,
            "brake": 0.35088104929762626,
            "steer": 0.0
        },
        {
            "throttle": 0.3642260889609245,
            "brake": 0.31579294436786365,
            "steer": 0.0
        },
        {
            "throttle": 0.38789729725945143,
            "brake": 0.2842136499310773,
            "steer": 0.0
        },
        {
            "throttle": 0.4091922689038801,
            "brake": 0.25579228493796957,
            "steer": 0.0
        },
        {
            "throttle": 0.4283485439695939,
            "brake": 0.23021305644417261,
            "steer": 0.0
        },
        {
            "throttle": 0.4455799176031491,
            "brake": 0.20719175079975535,
            "steer": 0.0
        },
        {
            "throttle": 0.46107881458869127,
            "brake": 0.18647257571977982,
            "steer": 0.0
        },
        {
            "throttle": 0.4750184264486978,
            "brake": 0.16782531814780186,
            "steer": 0.0
        },
        {
            "throttle": 0.4875546348255505,
            "brake": 0.15104278633302168,
            "steer": 0.0
        },
        {
            "throttle": 0.49882774251580025,
            "brake": 0.13593850769971952,
            "steer": 0.0
        },
        {
            "throttle": 0.5089640313918092,
            "brake": 0.12234465692974757,
            "steer": 0.0
        },
        {
            "throttle": 0.518077164521996,
            "brake": 0.1101101912367728,
            "steer": 0.0
        },
        {
            "throttle": 0.5262694480697965,
            "brake": 0.09909917211309553,
            "steer": 0.0
        },
        {
            "throttle": 0.5336329669934491,
            "brake": 0.08918925490178597,
            "steer": 0.0
        },
        {
            "throttle": 0.5402506071665152,
            "brake": 0.08027032941160737,
            "steer": 0.0
        },
        {
            "throttle": 0.5461969752770589,
            "brake": 0.07224329647044664,
            "steer": 0.0
        },
        {
            "throttle": 0.5515392267276306,
            "brake": 0.06501896682340198,
            "steer": 0.0
        },
        {
            "throttle": 0.5563378107359919,
            "brake": 0.058517070141061785,
            "steer": 0.0
        },
        {
            "throttle": 0.5606471409165357,
            "brake": 0.052665363126955606,
            "steer": 0.0
        },
        {
            "throttle": 0.5645161987943674,
            "brake": 0.047398826814260046,
            "steer": 0.0
        },
        {
            "throttle": 0.5679890769588289,
            "brake": 0.04265894413283404,
            "steer": 0.0
        },
        {
            "throttle": 0.5711054678925722,
            "brake": 0.03839304971955064,
            "steer": 0.0
        },
        {
            "throttle": 0.5739011039086956,
            "brake": 0.03455374474759558,
            "steer": 0.0
        },
        {
            "throttle": 0.5764081530852057,
            "brake": 0.03109837027283602,
            "steer": 0.0
        },
        {
            "throttle": 0.5786555755971544,
            "brake": 0.027988533245552418,
            "steer": 0.0
        },
        {
            "throttle": 0.580669444406776,
            "brake": 0.025189679920997177,
            "steer": 0.0
        },
        {
            "throttle": 0.5824732338759196,
            "brake": 0.02267071192889746,
            "steer": 0.0
        },
        {
            "throttle": 0.5840880795086576,
            "brake": 0.020403640736007714,
            "steer": 0.0
        },
        {
            "throttle": 0.5855330117111669,
            "brake": 0.018363276662406943,
            "steer": 0.0
        },
        {
            "throttle": 0.5868251661672809,
            "brake": 0.01652694899616625,
            "steer": 0.0
        },
        {
            "throttle": 0.5879799731682765,
            "brake": 0.014874254096549626,
            "steer": 0.0
        },
        {
            "throttle": 0.5890113280016149,
            "brake": 0.013386828686894664,
            "steer": 0.0
        },
        {
            "throttle": 0.5899317442928869,
            "brake": 0.012048145818205198,
            "steer": 0.0
        },
        {
            "throttle": 0.5907524920058014,
            "brake": 0.010843331236384679,
            "steer": 0.0
        },
        {
            "throttle": 0.5914837216345741,
            "brake": 0.009758998112746211,
            "steer": 0.0
        },
        {
            "throttle": 0.5921345759696508,
            "brake": 0.00878309830147159,
            "steer": 0.0
        },
        {
            "throttle": 0.5927132906796072,
            "brake": 0.007904788471324432,
            "steer": 0.0
        },
        {
            "throttle": 0.5932272848277971,
            "brake": 0.007114309624191989,
            "steer": 0.0
        },
        {
            "throttle": 0.5936832423304645,
            "brake": 0.00640287866177279,
            "steer": 0.0
        },
        {
            "throttle": 0.5940871852623746,
            "brake": 0.005762590795595511,
            "steer": 0.0
        },
        {
            "throttle": 0.5944445398254167,
            "brake": 0.00518633171603596,
            "steer": 0.0
        },
        {
            "throttle": 0.5947601957140961,
            "brake": 0.004667698544432364,
            "steer": 0.0
        },
        {
            "throttle": 0.595038559538444,
            "brake": 0.004200928689989128,
            "steer": 0.0
        },
        {
            "throttle": 0.5952836028988282,
            "brake": 0.0037808358209902152,
            "steer": 0.0
        },
        {
            "throttle": 0.5954989056477061,
            "brake": 0.003402752238891194,
            "steer": 0.0
        },
        {
            "throttle": 0.5956876948198614,
            "brake": 0.0030624770150020748,
            "steer": 0.0
        },
        {
            "throttle": 0.5958528796645162,
            "brake": 0.0027562293135018675,
            "steer": 0.0
        },
        {
            "throttle": 0.59599708316938,
            "brake": 0.0024806063821516807,
            "steer": 0.0
        },
        {
            "throttle": 0.5961226704276912,
            "brake": 0.002232545743936513,
            "steer": 0.0
        },
        {
            "throttle": 0.5962317741642064,
            "brake": 0.002009291169542862,
            "steer": 0.0
        },
        {
            "throttle": 0.5963263177045068,
            "brake": 0.0018083620525885756,
            "steer": 0.0
        },
        {
            "throttle": 0.5964080356435499,
            "brake": 0.001627525847329718,
            "steer": 0.0
        },
        {
            "throttle": 0.5964784924438111,
            "brake": 0.0014647732625967462,
            "steer": 0.0
        },
        {
            "throttle": 0.5965390991703287,
            "brake": 0.0013182959363370716,
            "steer": 0.0
        },
        {
            "throttle": 0.5965911285492351,
            "brake": 0.0011864663427033646,
            "steer": 0.0
        },
        {
            "throttle": 0.5966357285177042,
            "brake": 0.0010678197084330282,
            "steer": 0.0
        },
        {
            "throttle": 0.5966739344164517,
            "brake": 0.0009610377375897254,
            "steer": 0.0
        },
        {
            "throttle": 0.5967066799608183,
            "brake": 0.0008649339638307529,
            "steer": 0.0
        },
        {
            "throttle": 0.5967348071128603,
            "brake": 0.0007784405674476776,
            "steer": 0.0
        },
        {
            "throttle": 0.5967590749646341,
            "brake": 0.0007005965107029099,
            "steer": 0.0
        },
        {
            "throttle": 0.5967801677318435,
            "brake": 0.0006305368596326189,
            "steer": 0.0
        },
        {
            "throttle": 0.596798701947103,
            "brake": 0.000567483173669357,
            "steer": 0.0
        },
        {
            "throttle": 0.5968152329331462,
            "brake": 0.0005107348563024213,
            "steer": 0.0
        },
        {
            "throttle": 0.5968302606282755,
            "brake": 0.0004596613706721792,
            "steer": 0.0
        },
        {
            "throttle": 0.5968442348291207,
            "brake": 0.0004136952336049613,
            "steer": 0.0
        },
        {
            "throttle": 0.5968575599092685,
            "brake": 0.00037232571024446514,
            "steer": 0.0
        },
        {
            "throttle": 0.5968705990664654,
            "brake": 0.0003350931392200186,
            "steer": 0.0
        },
        {
            "throttle": 0.5968836781458307,
            "brake": 0.00030158382529801674,
            "steer": 0.0
        },
        {
            "throttle": 0.5968970890817654,
            "brake": 0.00027142544276821505,
            "steer": 0.0
        },
        {
            "throttle": 0.5969110929969814,
            "brake": 0.00024428289849139355,
            "steer": 0.0
        },
        {
            "throttle": 0.5969259229932227,
            "brake": 0.0002198546086422542,
            "steer": 0.0
        },
        {
            "throttle": 0.596941786664799,
            "brake": 0.00019786914777802879,
            "steer": 0.0
        },
        {
            "throttle": 0.5969588683629352,
            "brake": 0.00017808223300022592,
            "steer": 0.0
        },
        {
            "throttle": 0.5969773312361355,
            "brake": 0.00016027400970020333,
            "steer": 0.0
        },
        {
            "throttle": 0.5969973190692432,
            "brake": 0.00014424660873018301,
            "steer": 0.0
        },
        {
            "throttle": 0.5970189579416032,
            "brake": 0.0001298219478571647,
            "steer": 0.0
        },
        {
            "throttle": 0.597042357722692,
            "brake": 0.00011683975307144824,
            "steer": 0.0
        },
        {
            "throttle": 0.5970676134217383,
            "brake": 0.00010515577776430342,
            "steer": 0.0
        },
        {
            "throttle": 0.5970948064062054,
            "brake": 9.464019998787308e-05,
            "steer": 0.0
        },
        {
            "throttle": 0.5971240055025107,
            "brake": 8.517617998908577e-05,
            "steer": 0.0
        },
        {
            "throttle": 0.5971552679910204,
            "brake": 7.66585619901772e-05,
            "steer": 0.0
        },
        {
            "throttle": 0.597188640506147,
            "brake": 6.899270579115948e-05,
            "steer": 0.0
        },
        {
            "throttle": 0.5972241598512897,
            "brake": 6.209343521204353e-05,
            "steer": 0.0
        },
        {
            "throttle": 0.5972618537373818,
            "brake": 5.588409169083918e-05,
            "steer": 0.0
        },
        {
            "throttle": 0.5973017414529231,
            "brake": 5.0295682521755264e-05,
            "steer": 0.0
        },
        {
            "throttle": 0.5973438344725873,
            "brake": 4.5266114269579737e-05,
            "steer": 0.0
        },
        {
            "throttle": 0.5973881370107758,
            "brake": 4.0739502842621766e-05,
            "steer": 0.0
        },
        {
            "throttle": 0.5974346465258488,
            "brake": 3.666555255835959e-05,
            "steer": 0.0
        },
        {
            "throttle": 0.5974833541801854,
            "brake": 3.299899730252363e-05,
            "steer": 0.0
        },
        {
            "throttle": 0.597534245260701,
            "brake": 2.9699097572271268e-05,
            "steer": 0.0
        },
        {
            "throttle": 0.5975872995639837,
            "brake": 2.672918781504414e-05,
            "steer": 0.0
        },
        {
            "throttle": 0.5976424917497886,
            "brake": 2.4056269033539727e-05,
            "steer": 0.0
        },
        {
            "throttle": 0.5976997916662432,
            "brake": 2.1650642130185756e-05,
            "steer": 0.0
        },
        {
            "throttle": 0.597759164649785,
            "brake": 1.948557791716718e-05,
            "steer": 0.0
        },
        {
            "throttle": 0.5978205718025302,
            "brake": 1.753702012545046e-05,
            "steer": 0.0
        },
        {
            "throttle": 0.5978839702495079,
            "brake": 1.5783318112905417e-05,
            "steer": 0.0
        },
        {
            "throttle": 0.5979493133779322,
            "brake": 1.4204986301614875e-05,
            "steer": 0.0
        },
        {
            "throttle": 0.5980165510604689,
            "brake": 1.2784487671453389e-05,
            "steer": 0.0
        },
        {
            "throttle": 0.5980856298642433,
            "brake": 1.150603890430805e-05,
            "steer": 0.0
        },
        {
            "throttle": 0.598156493247156,
            "brake": 1.0355435013877246e-05,
            "steer": 0.0
        },
        {
            "throttle": 0.5982290817429097,
            "brake": 9.319891512489522e-06,
            "steer": 0.0
        },
        {
            "throttle": 0.5983033331359983,
            "brake": 8.38790236124057e-06,
            "steer": 0.0
        },
        {
            "throttle": 0.5983791826277791,
            "brake": 7.549112125116514e-06,
            "steer": 0.0
        },
        {
            "throttle": 0.5984565629946275,
            "brake": 6.794200912604863e-06,
            "steer": 0.0
        },
        {
            "throttle": 0.598535404739063,
            "brake": 6.114780821344377e-06,
            "steer": 0.0
        },
        {
            "throttle": 0.5986156362346422,
            "brake": 5.503302739209939e-06,
            "steer": 0.0
        },
        {
            "throttle": 0.598697183865321,
            "brake": 4.952972465288945e-06,
            "steer": 0.0
        },
        {
            "throttle": 0.5987799721599132,
            "brake": 4.4576752187600505e-06,
            "steer": 0.0
        },
        {
            "throttle": 0.5988639239221994,
            "brake": 4.011907696884045e-06,
            "steer": 0.0
        },
        {
            "throttle": 0.5989489603571747,
            "brake": 3.610716927195641e-06,
            "steer": 0.0
        },
        {
            "throttle": 0.5990350011938683,
            "brake": 3.249645234476077e-06,
            "steer": 0.0
        },
        {
            "throttle": 0.5991219648051137,
            "brake": 2.9246807110284694e-06,
            "steer": 0.0
        }
    ],
    "parameters": {
        "cloudiness": 78.52564973780457,
        "fog_density": 80.0,
        "initial_distance": 16.00247775242031,
        "initial_ego_velocity": 5.0,
        "initial_lead_velocity": 15.358924208768705,
        "lead_base_throttle": 0.6,
        "lead_behavior_frequency": 0.05,
        "lead_brake_duration": 5.0,
        "lead_brake_intensity": 0.8,
        "lead_brake_probability": 0.3,
        "lead_throttle_variation": 0.0030359881924648924,
        "precipitation": 70.97190739501363,
        "precipitation_deposits": 56.17552804115951,
        "sun_altitude_angle": 90.0,
        "wind_intensity": 50.0
    },
    "config": {
        "num_timesteps": 200,
        "dt": 0.1,
        "seed": 56
    }
}