{
    "weather": {
        "cloudiness": 30.36260003596134,
        "precipitation": 82.25645917439982,
        "precipitation_deposits": 76.46159846768012,
        "wind_intensity": 0.5607254171601128,
        "sun_altitude_angle": 33.47458230504804,
        "fog_density": 76.34503762505383,
        "fog_distance": 78.486033477912,
        "wetness": 41.12822958719991
    },
    "initial_conditions": {
        "ego": {
            "position": {
                "x": 547.6698716842232,
                "y": 20.57,
                "z": 0.294
            },
            "yaw": 0.0,
            "velocity": 8.443782396817191
        },
        "lead": {
            "position": {
                "x": 484.88,
                "y": 20.57,
                "z": 0.294
            },
            "yaw": 0.0,
            "velocity": 12.281917642605881
        }
    },
    "ego": {
        "position": {
            "x": 547.6698716842232,
            "y": 20.57,
            "z": 0.294
        },
        "yaw": 0.0,
        "velocity": 8.443782396817191
    },
    "lead": {
        "position": {
            "x": 484.88,
            "y": 20.57,
            "z": 0.294
        },
        "yaw": 0.0,
        "velocity": 12.281917642605881
    },
    "ado_actions": [
        {
            "throttle": 0.5649264918137633,
            "brake": 0.0,
            "steer": 0.0
        },
        {
            "throttle": 0.5671650962171275,
            "brake": 0.0,
            "steer": 0.0
        },
        {
            "throttle": 0.5713962842884297,
            "brake": 0.0,
            "steer": 0.0
        },
        {
            "throttle": 0.577376696438923,
            "brake": 0.0,
            "steer": 0.0
        },
        {
            "throttle": 0.5848658046767653,
            "brake": 0.0,
            "steer": 0.0
        },
        {
            "throttle": 0.5936262788872646,
            "brake": 0.0,
            "steer": 0.0
        },
        {
            "throttle": 0.6034245229312336,
            "brake": 0.0,
            "steer": 0.0
        },
        {
            "throttle": 0.6140313551070948,
            "brake": 0.0,
            "steer": 0.0
        },
        {
            "throttle": 0.6252228081080373,
            "brake": 0.0,
            "steer": 0.0
        },
        {
            "throttle": 0.6367810242358996,
            "brake": 0.0,
            "steer": 0.0
        },
        {
            "throttle": 0.6484952223224322,
            "brake": 0.0,
            "steer": 0.0
        },
        {
            "throttle": 0.6601627135675008,
            "brake": 0.0,
            "steer": 0.0
        },
        {
            "throttle": 0.5941464422107507,
            "brake": 0.03431456123799117,
            "steer": 0.0
        },
        {
            "throttle": 0.5347317979896757,
            "brake": 0.06519766635218321,
            "steer": 0.0
        },
        {
            "throttle": 0.4812586181907082,
            "brake": 0.09299246095495606,
            "steer": 0.0
        },
        {
            "throttle": 0.4331327563716374,
            "brake": 0.11800777609745161,
            "steer": 0.0
        },
        {
            "throttle": 0.38981948073447364,
            "brake": 0.14052155972569763,
            "steer": 0.0
        },
        {
            "throttle": 0.3508375326610263,
            "brake": 0.16078396499111905,
            "steer": 0.0
        },
        {
            "throttle": 0.31575377939492366,
            "brake": 0.1790201297299983,
            "steer": 0.0
        },
        {
            "throttle": 0.28417840145543133,
            "brake": 0.19543267799498967,
            "steer": 0.0
        },
        {
            "throttle": 0.2557605613098882,
            "brake": 0.21020397143348188,
            "steer": 0.0
        },
        {
            "throttle": 0.2301845051788994,
            "brake": 0.22349813552812486,
            "steer": 0.0
        },
        {
            "throttle": 0.20716605466100946,
            "brake": 0.23546288321330355,
            "steer": 0.0
        },
        {
            "throttle": 0.18644944919490852,
            "brake": 0.24623115612996438,
            "steer": 0.0
        },
        {
            "throttle": 0.2396979704757659,
            "brake": 0.22160804051696795,
            "steer": 0.0
        },
        {
            "throttle": 0.28591163508431167,
            "brake": 0.19944723646527115,
            "steer": 0.0
        },
        {
            "throttle": 0.32565840119394873,
            "brake": 0.17950251281874405,
            "steer": 0.0
        },
        {
            "throttle": 0.35946770037101194,
            "brake": 0.16155226153686963,
            "steer": 0.0
        },
        {
            "throttle": 0.3878354509935618,
            "brake": 0.1453970353831827,
            "steer": 0.0
        },
        {
            "throttle": 0.411228377988004,
            "brake": 0.13085733184486442,
            "steer": 0.0
        },
        {
            "throttle": 0.4300876986652318,
            "brake": 0.11777159866037798,
            "steer": 0.0
        },
        {
            "throttle": 0.4448322304587257,
            "brake": 0.10599443879434019,
            "steer": 0.0
        },
        {
            "throttle": 0.4558609728608165,
            "brake": 0.09539499491490618,
            "steer": 0.0
        },
        {
            "throttle": 0.4635552127522931,
            "brake": 0.08585549542341556,
            "steer": 0.0
        },
        {
            "throttle": 0.46828019956312433,
            "brake": 0.077269945881074,
            "steer": 0.0
        },
        {
            "throttle": 0.47038643423249565,
            "brake": 0.0695429512929666,
            "steer": 0.0
        },
        {
            "throttle": 0.47021061370433626,
            "brake": 0.06258865616366995,
            "steer": 0.0
        },
        {
            "throttle": 0.46807627065484003,
            "brake": 0.05632979054730295,
            "steer": 0.0
        },
        {
            "throttle": 0.46429414626080895,
            "brake": 0.05069681149257266,
            "steer": 0.0
        },
        {
            "throttle": 0.45916233204615925,
            "brake": 0.04562713034331539,
            "steer": 0.0
        },
        {
            "throttle": 0.45296621515711855,
            "brake": 0.04106441730898385,
            "steer": 0.0
        },
        {
            "throttle": 0.4459782597870633,
            "brake": 0.036957975578085465,
            "steer": 0.0
        },
        {
            "throttle": 0.43845765587600455,
            "brake": 0.03326217802027692,
            "steer": 0.0
        },
        {
            "throttle": 0.43064986462746907,
            "brake": 0.029935960218249232,
            "steer": 0.0
        },
        {
            "throttle": 0.42278608880042684,
            "brake": 0.02694236419642431,
            "steer": 0.0
        },
        {
            "throttle": 0.415082694132714,
            "brake": 0.02424812777678188,
            "steer": 0.0
        },
        {
            "throttle": 0.3735744247194426,
            "brake": 0.05613787623709486,
            "steer": 0.0
        },
        {
            "throttle": 0.33621698224749835,
            "brake": 0.08483864985137654,
            "steer": 0.0
        },
        {
            "throttle": 0.30259528402274855,
            "brake": 0.11066934610423007,
            "steer": 0.0
        },
        {
            "throttle": 0.2723357556204737,
            "brake": 0.13391697273179823,
            "steer": 0.0
        },
        {
            "throttle": 0.24510218005842632,
            "brake": 0.15483983669660958,
            "steer": 0.0
        },
        {
            "throttle": 0.2205919620525837,
            "brake": 0.17367041426493982,
            "steer": 0.0
        },
        {
            "throttle": 0.19853276584732532,
            "brake": 0.190617934076437,
            "steer": 0.0
        },
        {
            "throttle": 0.1786794892625928,
            "brake": 0.2058707019067845,
            "steer": 0.0
        },
        {
            "throttle": 0.16081154033633352,
            "brake": 0.21959819295409722,
            "steer": 0.0
        },
        {
            "throttle": 0.14473038630270016,
            "brake": 0.23195293489667868,
            "steer": 0.0
        },
        {
            "throttle": 0.13025734767243013,
            "brake": 0.24307220264500198,
            "steer": 0.0
        },
        {
            "throttle": 0.11723161290518712,
            "brake": 0.25307954361849294,
            "steer": 0.0
        },
        {
            "throttle": 0.15100122095698945,
            "brake": 0.22777158925664365,
            "steer": 0.0
        },
        {
            "throttle": 0.1834019102029567,
            "brake": 0.20499443033097928,
            "steer": 0.0
        },
        {
            "throttle": 0.2146595841327039,
            "brake": 0.18449498729788136,
            "steer": 0.0
        },
        {
            "throttle": 0.24495679682525168,
            "brake": 0.16604548856809323,
            "steer": 0.0
        },
        {
            "throttle": 0.27443641224744497,
            "brake": 0.14944093971128392,
            "steer": 0.0
        },
        {
            "throttle": 0.30320510980801946,
            "brake": 0.13449684574015552,
            "steer": 0.0
        },
        {
            "throttle": 0.33133675612958596,
            "brake": 0.12104716116613998,
            "steer": 0.0
        },
        {
            "throttle": 0.3588756588587032,
            "brake": 0.10894244504952598,
            "steer": 0.0
        },
        {
            "throttle": 0.3858397145821447,
            "brake": 0.09804820054457339,
            "steer": 0.0
        },
        {
            "throttle": 0.41222345953791817,
            "brake": 0.08824338049011606,
            "steer": 0.0
        },
        {
            "throttle": 0.37100111358412635,
            "brake": 0.11373360367909563,
            "steer": 0.0
        },
        {
            "throttle": 0.33390100222571373,
            "brake": 0.13667480454917724,
            "steer": 0.0
        },
        {
            "throttle": 0.30051090200314234,
            "brake": 0.1573218853322507,
            "steer": 0.0
        },
        {
            "throttle": 0.27045981180282813,
            "brake": 0.17590425803701681,
            "steer": 0.0
        },
        {
            "throttle": 0.24341383062254532,
            "brake": 0.1926283934713063,
            "steer": 0.0
        },
        {
            "throttle": 0.2190724475602908,
            "brake": 0.20768011536216685,
            "steer": 0.0
        },
        {
            "throttle": 0.19716520280426172,
            "brake": 0.22122666506394134,
            "steer": 0.0
        },
        {
            "throttle": 0.17744868252383555,
            "brake": 0.23341855979553838,
            "steer": 0.0
        },
        {
            "throttle": 0.159703814271452,
            "brake": 0.24439126505397574,
            "steer": 0.0
        },
        {
            "throttle": 0.1437334328443068,
            "brake": 0.25426669978656935,
            "steer": 0.0
        },
        {
            "throttle": 0.12936008955987613,
            "brake": 0.2631545910459036,
            "steer": 0.0
        },
        {
            "throttle": 0.11642408060388852,
            "brake": 0.27115369317930443,
            "steer": 0.0
        },
        {
            "throttle": 0.1836686304875518,
            "brake": 0.244038323861374,
            "steer": 0.0
        },
        {
            "throttle": 0.2438346575107999,
            "brake": 0.21963449147523662,
            "steer": 0.0
        },
        {
            "throttle": 0.29741183416816913,
            "brake": 0.19767104232771296,
            "steer": 0.0
        },
        {
            "throttle": 0.3448465304738589,
            "brake": 0.17790393809494168,
            "steer": 0.0
        },
        {
            "throttle": 0.38654824792920783,
            "brake": 0.16011354428544752,
            "steer": 0.0
        },
        {
            "throttle": 0.42289533319193917,
            "brake": 0.14410218985690276,
            "steer": 0.0
        },
        {
            "throttle": 0.4542400234132102,
            "brake": 0.12969197087121248,
            "steer": 0.0
        },
        {
            "throttle": 0.4809128709717721,
            "brake": 0.11672277378409124,
            "steer": 0.0
        },
        {
            "throttle": 0.503226591710603,
            "brake": 0.10505049640568212,
            "steer": 0.0
        },
        {
            "throttle": 0.521479377697565,
            "brake": 0.09454544676511391,
            "steer": 0.0
        },
        {
            "throttle": 0.5359577129208131,
            "brake": 0.08509090208860252,
            "steer": 0.0
        },
        {
            "throttle": 0.5469387281297844,
            "brake": 0.07658181187974228,
            "steer": 0.0
        },
        {
            "throttle": 0.5546921291862804,
            "brake": 0.06892363069176806,
            "steer": 0.0
        },
        {
            "throttle": 0.5594817317445024,
            "brake": 0.06203126762259126,
            "steer": 0.0
        },
        {
            "throttle": 0.5615666337851188,
            "brake": 0.05582814086033213,
            "steer": 0.0
        },
        {
            "throttle": 0.5612020564416714,
            "brake": 0.050245326774298917,
            "steer": 0.0
        },
        {
            "throttle": 0.5586398826367148,
            "brake": 0.04522079409686903,
            "steer": 0.0
        },
        {
            "throttle": 0.5541289222524222,
            "brake": 0.04069871468718213,
            "steer": 0.0
        },
        {
            "throttle": 0.547914931861794,
            "brake": 0.036628843218463915,
            "steer": 0.0
        },
        {
            "throttle": 0.540240416411137,
            "brake": 0.03296595889661753,
            "steer": 0.0
        },
        {
            "throttle": 0.5313442396443814,
            "brake": 0.029669363006955773,
            "steer": 0.0
        },
        {
            "throttle": 0.5214610694703596,
            "brake": 0.026702426706260197,
            "steer": 0.0
        },
        {
            "throttle": 0.46931496252332366,
            "brake": 0.05834674527362535,
            "steer": 0.0
        },
        {
            "throttle": 0.4223834662709913,
            "brake": 0.08682663198425399,
            "steer": 0.0
        },
        {
            "throttle": 0.3801451196438922,
            "brake": 0.11245853002381975,
            "steer": 0.0
        },
        {
            "throttle": 0.342130607679503,
            "brake": 0.13552723825942894,
            "steer": 0.0
        },
        {
            "throttle": 0.3079175469115527,
            "brake": 0.15628907567147723,
            "steer": 0.0
        },
        {
            "throttle": 0.27712579222039746,
            "brake": 0.1749747293423207,
            "steer": 0.0
        },
        {
            "throttle": 0.24941321299835773,
            "brake": 0.1917918176460798,
            "steer": 0.0
        },
        {
            "throttle": 0.22447189169852197,
            "brake": 0.206927197119463,
            "steer": 0.0
        },
        {
            "throttle": 0.20202470252866978,
            "brake": 0.22054903864550787,
            "steer": 0.0
        },
        {
            "throttle": 0.1818222322758028,
            "brake": 0.23280869601894827,
            "steer": 0.0
        },
        {
            "throttle": 0.1636400090482225,
            "brake": 0.24384238765504462,
            "steer": 0.0
        },
        {
            "throttle": 0.14727600814340028,
            "brake": 0.25377271012753133,
            "steer": 0.0
        },
        {
            "throttle": 0.16789065291607402,
            "brake": 0.2283954391147782,
            "steer": 0.0
        },
        {
            "throttle": 0.1873192485453042,
            "brake": 0.20555589520330037,
            "steer": 0.0
        },
        {
            "throttle": 0.20588110522508288,
            "brake": 0.18500030568297032,
            "steer": 0.0
        },
        {
            "throttle": 0.2238529494437529,
            "brake": 0.1665002751146733,
            "steer": 0.0
        },
        {
            "throttle": 0.24147130099422803,
            "brake": 0.14985024760320598,
            "steer": 0.0
        },
        {
            "throttle": 0.2589347363596784,
            "brake": 0.13486522284288538,
            "steer": 0.0
        },
        {
            "throttle": 0.2764060672327628,
            "brake": 0.12137870055859684,
            "steer": 0.0
        },
        {
            "throttle": 0.2940144586502259,
            "brake": 0.10924083050273715,
            "steer": 0.0
        },
        {
            "throttle": 0.31185750721770417,
            "brake": 0.09831674745246344,
            "steer": 0.0
        },
        {
            "throttle": 0.33000329615039736,
            "brake": 0.0884850727072171,
            "steer": 0.0
        },
        {
            "throttle": 0.348492440354935,
            "brake": 0.07963656543649539,
            "steer": 0.0
        },
        {
            "throttle": 0.36734013151949824,
            "brake": 0.07167290889284585,
            "steer": 0.0
        },
        {
            "throttle": 0.38653819015801444,
            "brake": 0.06450561800356126,
            "steer": 0.0
        },
        {
            "throttle": 0.4060571287663509,
            "brake": 0.05805505620320514,
            "steer": 0.0
        },
        {
            "throttle": 0.4258482276912945,
            "brake": 0.05224955058288463,
            "steer": 0.0
        },
        {
            "throttle": 0.4458456229848251,
            "brake": 0.04702459552459617,
            "steer": 0.0
        },
        {
            "throttle": 0.4659684034153652,
            "brake": 0.04232213597213655,
            "steer": 0.0
        },
        {
            "throttle": 0.4861227119330691,
            "brake": 0.0380899223749229,
            "steer": 0.0
        },
        {
            "throttle": 0.5062038452365565,
            "brake": 0.03428093013743061,
            "steer": 0.0
        },
        {
            "throttle": 0.5260983436622748,
            "brake": 0.03085283712368755,
            "steer": 0.0
        },
        {
            "throttle": 0.545686062412959,
            "brake": 0.027767553411318795,
            "steer": 0.0
        },
        {
            "throttle": 0.5648422141559251,
            "brake": 0.024990798070186917,
            "steer": 0.0
        },
        {
            "throttle": 0.583439372251932,
            "brake": 0.022491718263168224,
            "steer": 0.0
        },
        {
            "throttle": 0.6013494233169985,
            "brake": 0.020242546436851402,
            "steer": 0.0
        },
        {
            "throttle": 0.618445457467854,
            "brake": 0.018218291793166263,
            "steer": 0.0
        },
        {
            "throttle": 0.6346035844506457,
            "brake": 0.01639646261384964,
            "steer": 0.0
        },
        {
            "throttle": 0.6497046638950695,
            "brake": 0.014756816352464674,
            "steer": 0.0
        },
        {
            "throttle": 0.6636359381641472,
            "brake": 0.013281134717218207,
            "steer": 0.0
        },
        {
            "throttle": 0.6762925566742661,
            "brake": 0.011953021245496387,
            "steer": 0.0
        },
        {
            "throttle": 0.6875789811306056,
            "brake": 0.010757719120946748,
            "steer": 0.0
        },
        {
            "throttle": 0.6974102618484505,
            "brake": 0.009681947208852074,
            "steer": 0.0
        },
        {
            "throttle": 0.7057131761989175,
            "brake": 0.008713752487966867,
            "steer": 0.0
        },
        {
            "throttle": 0.7124272212151709,
            "brake": 0.00784237723917018,
            "steer": 0.0
        },
        {
            "throttle": 0.7175054535083185,
            "brake": 0.007058139515253162,
            "steer": 0.0
        },
        {
            "throttle": 0.6457549081574867,
            "brake": 0.04066688680171902,
            "steer": 0.0
        },
        {
            "throttle": 0.5811794173417381,
            "brake": 0.07091475935953828,
            "steer": 0.0
        },
        {
            "throttle": 0.5230614756075642,
            "brake": 0.09813784466157563,
            "steer": 0.0
        },
        {
            "throttle": 0.4707553280468078,
            "brake": 0.12263862143340923,
            "steer": 0.0
        },
        {
            "throttle": 0.423679795242127,
            "brake": 0.14468932052805947,
            "steer": 0.0
        },
        {
            "throttle": 0.38131181571791434,
            "brake": 0.1645349497132447,
            "steer": 0.0
        },
        {
            "throttle": 0.34318063414612293,
            "brake": 0.1823960159799114,
            "steer": 0.0
        },
        {
            "throttle": 0.30886257073151063,
            "brake": 0.19847097561991145,
            "steer": 0.0
        },
        {
            "throttle": 0.27797631365835956,
            "brake": 0.2129384392959115,
            "steer": 0.0
        },
        {
            "throttle": 0.2501786822925236,
            "brake": 0.22595915660431154,
            "steer": 0.0
        },
        {
            "throttle": 0.22516081406327124,
            "brake": 0.23767780218187157,
            "steer": 0.0
        },
        {
            "throttle": 0.2026447326569441,
            "brake": 0.2482245832016756,
            "steer": 0.0
        },
        {
            "throttle": 0.23400660284519348,
            "brake": 0.22340212488150804,
            "steer": 0.0
        },
        {
            "throttle": 0.2600706209145343,
            "brake": 0.20106191239335724,
            "steer": 0.0
        },
        {
            "throttle": 0.2814361430592011,
            "brake": 0.18095572115402153,
            "steer": 0.0
        },
        {
            "throttle": 0.29866329982086437,
            "brake": 0.1628601490386194,
            "steer": 0.0
        },
        {
            "throttle": 0.3122760249486515,
            "brake": 0.14657413413475745,
            "steer": 0.0
        },
        {
            "throttle": 0.32276458520889273,
            "brake": 0.13191672072128172,
            "steer": 0.0
        },
        {
            "throttle": 0.33058767183840826,
            "brake": 0.11872504864915355,
            "steer": 0.0
        },
        {
            "throttle": 0.33617411010083226,
            "brake": 0.1068525437842382,
            "steer": 0.0
        },
        {
            "throttle": 0.33992423946961453,
            "brake": 0.09616728940581439,
            "steer": 0.0
        },
        {
            "throttle": 0.3422110132771793,
            "brake": 0.08655056046523295,
            "steer": 0.0
        },
        {
            "throttle": 0.3433808631965554,
            "brake": 0.07789550441870965,
            "steer": 0.0
        },
        {
            "throttle": 0.3437543706245611,
            "brake": 0.07010595397683869,
            "steer": 0.0
        },
        {
            "throttle": 0.34362678388446594,
            "brake": 0.06309535857915483,
            "steer": 0.0
        },
        {
            "throttle": 0.34326841713590567,
            "brake": 0.056785822721239346,
            "steer": 0.0
        },
        {
            "throttle": 0.34292496395005795,
            "brake": 0.05110724044911541,
            "steer": 0.0
        },
        {
            "throttle": 0.3428177556621419,
            "brake": 0.04599651640420387,
            "steer": 0.0
        },
        {
            "throttle": 0.34314399183834327,
            "brake": 0.041396864763783486,
            "steer": 0.0
        },
        {
            "throttle": 0.3440769674808523,
            "brake": 0.037257178287405136,
            "steer": 0.0
        },
        {
            "throttle": 0.3457663189364808,
            "brake": 0.033531460458664626,
            "steer": 0.0
        },
        {
            "throttle": 0.34833830786771425,
            "brake": 0.030178314412798165,
            "steer": 0.0
        },
        {
            "throttle": 0.35189616008895447,
            "brake": 0.027160482971518348,
            "steer": 0.0
        },
        {
            "throttle": 0.3565204735662068,
            "brake": 0.024444434674366515,
            "steer": 0.0
        },
        {
            "throttle": 0.36226970742856013,
            "brake": 0.021999991206929866,
            "steer": 0.0
        },
        {
            "throttle": 0.36918076144914136,
            "brake": 0.01979999208623688,
            "steer": 0.0
        },
        {
            "throttle": 0.3772696531278043,
            "brake": 0.017819992877613194,
            "steer": 0.0
        },
        {
            "throttle": 0.38653229725477634,
            "brake": 0.016037993589851876,
            "steer": 0.0
        },
        {
            "throttle": 0.3969453906618333,
            "brake": 0.01443419423086669,
            "steer": 0.0
        },
        {
            "throttle": 0.4084674027839461,
            "brake": 0.01299077480778002,
            "steer": 0.0
        },
        {
            "throttle": 0.4210396706687849,
            "brake": 0.011691697327002018,
            "steer": 0.0
        },
        {
            "throttle": 0.4345875951932101,
            "brake": 0.010522527594301816,
            "steer": 0.0
        },
        {
            "throttle": 0.44902193348413544,
            "brake": 0.009470274834871634,
            "steer": 0.0
        },
        {
            "throttle": 0.46424018090491403,
            "brake": 0.008523247351384471,
            "steer": 0.0
        },
        {
            "throttle": 0.4801280344662733,
            "brake": 0.007670922616246024,
            "steer": 0.0
        },
        {
            "throttle": 0.49656092816083697,
            "brake": 0.006903830354621421,
            "steer": 0.0
        },
        {
            "throttle": 0.5134056295097332,
            "brake": 0.006213447319159279,
            "steer": 0.0
        },
        {
            "throttle": 0.530521885555137,
            "brake": 0.005592102587243352,
            "steer": 0.0
        },
        {
            "throttle": 0.5477641056392922,
            "brake": 0.005032892328519016,
            "steer": 0.0
        },
        {
            "throttle": 0.564983067582954,
            "brake": 0.004529603095667115,
            "steer": 0.0
        },
        {
            "throttle": 0.5820276333174556,
            "brake": 0.004076642786100404,
            "steer": 0.0
        },
        {
            "throttle": 0.5987464596366255,
            "brake": 0.0036689785074903634,
            "steer": 0.0
        }
    ],
    "parameters": {
        "cloudiness": 30.36260003596134,
        "fog_density": 76.34503762505383,
        "initial_distance": 62.78987168422321,
        "initial_ego_velocity": 8.443782396817191,
        "initial_lead_velocity": 12.281917642605881,
        "lead_base_throttle": 0.5649264918137633,
        "lead_behavior_frequency": 0.15841580857867693,
        "lead_brake_duration": 12.049691148021072,
        "lead_brake_intensity": 0.34314561237991165,
        "lead_brake_probability": 0.20524563446840985,
        "lead_throttle_variation": 0.22527672330640677,
        "precipitation": 82.25645917439982,
        "precipitation_deposits": 76.46159846768012,
        "sun_altitude_angle": 33.47458230504804,
        "wind_intensity": 0.5607254171601128
    },
    "config": {
        "num_timesteps": 200,
        "dt": 0.1,
        "seed": 121
    }
}