{
    "weather": {
        "cloudiness": 4.838430900044943,
        "precipitation": 90.26802084951383,
        "precipitation_deposits": 53.494419474671915,
        "wind_intensity": 38.002790609023265,
        "sun_altitude_angle": -8.524136002837452,
        "fog_density": 67.14558848315411,
        "fog_distance": 106.65176521000384,
        "wetness": 45.134010424756916
    },
    "initial_conditions": {
        "ego": {
            "position": {
                "x": 513.3300021295335,
                "y": 20.57,
                "z": 0.294
            },
            "yaw": 0.0,
            "velocity": 9.257269664736903
        },
        "lead": {
            "position": {
                "x": 484.88,
                "y": 20.57,
                "z": 0.294
            },
            "yaw": 0.0,
            "velocity": 23.257518233836095
        }
    },
    "ego": {
        "position": {
            "x": 513.3300021295335,
            "y": 20.57,
            "z": 0.294
        },
        "yaw": 0.0,
        "velocity": 9.257269664736903
    },
    "lead": {
        "position": {
            "x": 484.88,
            "y": 20.57,
            "z": 0.294
        },
        "yaw": 0.0,
        "velocity": 23.257518233836095
    },
    "ado_actions": [
        {
            "throttle": 0.3248845738716043,
            "brake": 0.0,
            "steer": 0.0
        },
        {
            "throttle": 0.32934229861924075,
            "brake": 0.0,
            "steer": 0.0
        },
        {
            "throttle": 0.337728672042353,
            "brake": 0.0,
            "steer": 0.0
        },
        {
            "throttle": 0.3494857788120748,
            "brake": 0.0,
            "steer": 0.0
        },
        {
            "throttle": 0.364032832644046,
            "brake": 0.0,
            "steer": 0.0
        },
        {
            "throttle": 0.3807730177723928,
            "brake": 0.0,
            "steer": 0.0
        },
        {
            "throttle": 0.3991010311693904,
            "brake": 0.0,
            "steer": 0.0
        },
        {
            "throttle": 0.41841114444628036,
            "brake": 0.0,
            "steer": 0.0
        },
        {
            "throttle": 0.4381055986711448,
            "brake": 0.0,
            "steer": 0.0
        },
        {
            "throttle": 0.4576031427291147,
            "brake": 0.0,
            "steer": 0.0
        },
        {
            "throttle": 0.4763475264174319,
            "brake": 0.0,
            "steer": 0.0
        },
        {
            "throttle": 0.4938157632384864,
            "brake": 0.0,
            "steer": 0.0
        },
        {
            "throttle": 0.5095259847899548,
            "brake": 0.0,
            "steer": 0.0
        },
        {
            "throttle": 0.5230447186522011,
            "brake": 0.0,
            "steer": 0.0
        },
        {
            "throttle": 0.5339934345785942,
            "brake": 0.0,
            "steer": 0.0
        },
        {
            "throttle": 0.5420542193868673,
            "brake": 0.0,
            "steer": 0.0
        },
        {
            "throttle": 0.5469744589590338,
            "brake": 0.0,
            "steer": 0.0
        },
        {
            "throttle": 0.5485704258663129,
            "brake": 0.0,
            "steer": 0.0
        },
        {
            "throttle": 0.5467296929854994,
            "brake": 0.0,
            "steer": 0.0
        },
        {
            "throttle": 0.5414123166714603,
            "brake": 0.0,
            "steer": 0.0
        },
        {
            "throttle": 0.532650757177407,
            "brake": 0.0,
            "steer": 0.0
        },
        {
            "throttle": 0.5205485286320332,
            "brake": 0.0,
            "steer": 0.0
        },
        {
            "throttle": 0.5052775955417719,
            "brake": 0.0,
            "steer": 0.0
        },
        {
            "throttle": 0.4870745570367307,
            "brake": 0.0,
            "steer": 0.0
        },
        {
            "throttle": 0.4662356834762889,
            "brake": 0.0,
            "steer": 0.0
        },
        {
            "throttle": 0.4431108921459153,
            "brake": 0.0,
            "steer": 0.0
        },
        {
            "throttle": 0.4180967692046384,
            "brake": 0.0,
            "steer": 0.0
        },
        {
            "throttle": 0.39162876340771957,
            "brake": 0.0,
            "steer": 0.0
        },
        {
            "throttle": 0.3641726930942645,
            "brake": 0.0,
            "steer": 0.0
        },
        {
            "throttle": 0.3362157212018323,
            "brake": 0.0,
            "steer": 0.0
        },
        {
            "throttle": 0.30825696340641906,
            "brake": 0.0,
            "steer": 0.0
        },
        {
            "throttle": 0.2807979016977245,
            "brake": 0.0,
            "steer": 0.0
        },
        {
            "throttle": 0.2543327796555549,
            "brake": 0.0,
            "steer": 0.0
        },
        {
            "throttle": 0.2293391563231904,
            "brake": 0.0,
            "steer": 0.0
        },
        {
            "throttle": 0.20640524069087138,
            "brake": 0.0,
            "steer": 0.0
        },
        {
            "throttle": 0.18576471662178423,
            "brake": 0.0,
            "steer": 0.0
        },
        {
            "throttle": 0.16772799561545493,
            "brake": 0.0,
            "steer": 0.0
        },
        {
            "throttle": 0.15273461120381845,
            "brake": 0.0,
            "steer": 0.0
        },
        {
            "throttle": 0.14105410403230467,
            "brake": 0.0,
            "steer": 0.0
        },
        {
            "throttle": 0.13289517022993874,
            "brake": 0.0,
            "steer": 0.0
        },
        {
            "throttle": 0.12840165492893874,
            "brake": 0.0,
            "steer": 0.0
        },
        {
            "throttle": 0.12764976833314481,
            "brake": 0.0,
            "steer": 0.0
        },
        {
            "throttle": 0.13064657529514,
            "brake": 0.0,
            "steer": 0.0
        },
        {
            "throttle": 0.1373297856697453,
            "brake": 0.0,
            "steer": 0.0
        },
        {
            "throttle": 0.1475688484991815,
            "brake": 0.0,
            "steer": 0.0
        },
        {
            "throttle": 0.16116732880612322,
            "brake": 0.0,
            "steer": 0.0
        },
        {
            "throttle": 0.177866521879795,
            "brake": 0.0,
            "steer": 0.0
        },
        {
            "throttle": 0.1973502368845065,
            "brake": 0.0,
            "steer": 0.0
        },
        {
            "throttle": 0.21925065983121964,
            "brake": 0.0,
            "steer": 0.0
        },
        {
            "throttle": 0.24315518583876194,
            "brake": 0.0,
            "steer": 0.0
        },
        {
            "throttle": 0.26861409254865887,
            "brake": 0.0,
            "steer": 0.0
        },
        {
            "throttle": 0.29514891088435835,
            "brake": 0.0,
            "steer": 0.0
        },
        {
            "throttle": 0.32226133635527165,
            "brake": 0.0,
            "steer": 0.0
        },
        {
            "throttle": 0.3494425140417646,
            "brake": 0.0,
            "steer": 0.0
        },
        {
            "throttle": 0.3761825234474966,
            "brake": 0.0,
            "steer": 0.0
        },
        {
            "throttle": 0.40197988570056203,
            "brake": 0.0,
            "steer": 0.0
        },
        {
            "throttle": 0.42635091519431095,
            "brake": 0.0,
            "steer": 0.0
        },
        {
            "throttle": 0.4488387406901137,
            "brake": 0.0,
            "steer": 0.0
        },
        {
            "throttle": 0.46902182710317736,
            "brake": 0.0,
            "steer": 0.0
        },
        {
            "throttle": 0.4865218385432218,
            "brake": 0.0,
            "steer": 0.0
        },
        {
            "throttle": 0.5010106955098619,
            "brake": 0.0,
            "steer": 0.0
        },
        {
            "throttle": 0.5122166942177335,
            "brake": 0.0,
            "steer": 0.0
        },
        {
            "throttle": 0.519929573567206,
            "brake": 0.0,
            "steer": 0.0
        },
        {
            "throttle": 0.5240044349553115,
            "brake": 0.0,
            "steer": 0.0
        },
        {
            "throttle": 0.5243644415706862,
            "brake": 0.0,
            "steer": 0.0
        },
        {
            "throttle": 0.5210022466351593,
            "brake": 0.0,
            "steer": 0.0
        },
        {
            "throttle": 0.4689020219716433,
            "brake": 0.038358368489440214,
            "steer": 0.0
        },
        {
            "throttle": 0.422011819774479,
            "brake": 0.07288090012993641,
            "steer": 0.0
        },
        {
            "throttle": 0.3798106377970311,
            "brake": 0.10395117860638298,
            "steer": 0.0
        },
        {
            "throttle": 0.341829574017328,
            "brake": 0.1319144292351849,
            "steer": 0.0
        },
        {
            "throttle": 0.3076466166155952,
            "brake": 0.15708135480110663,
            "steer": 0.0
        },
        {
            "throttle": 0.2768819549540357,
            "brake": 0.1797315878104362,
            "steer": 0.0
        },
        {
            "throttle": 0.24919375945863215,
            "brake": 0.2001167975188328,
            "steer": 0.0
        },
        {
            "throttle": 0.22427438351276893,
            "brake": 0.21846348625638973,
            "steer": 0.0
        },
        {
            "throttle": 0.20184694516149204,
            "brake": 0.23497550612019097,
            "steer": 0.0
        },
        {
            "throttle": 0.18166225064534283,
            "brake": 0.2498363239976121,
            "steer": 0.0
        },
        {
            "throttle": 0.16349602558080856,
            "brake": 0.2632110600872911,
            "steer": 0.0
        },
        {
            "throttle": 0.1471464230227277,
            "brake": 0.27524832256800225,
            "steer": 0.0
        },
        {
            "throttle": 0.13243178072045494,
            "brake": 0.28608185880064224,
            "steer": 0.0
        },
        {
            "throttle": 0.11918860264840946,
            "brake": 0.2958320414100183,
            "steer": 0.0
        },
        {
            "throttle": 0.10726974238356851,
            "brake": 0.3046072057584567,
            "steer": 0.0
        },
        {
            "throttle": 0.09654276814521166,
            "brake": 0.3125048536720513,
            "steer": 0.0
        },
        {
            "throttle": 0.0868884913306905,
            "brake": 0.31961273679428637,
            "steer": 0.0
        },
        {
            "throttle": 0.07819964219762145,
            "brake": 0.326009831604298,
            "steer": 0.0
        },
        {
            "throttle": 0.07037967797785931,
            "brake": 0.33176721693330835,
            "steer": 0.0
        },
        {
            "throttle": 0.06334171018007338,
            "brake": 0.3369488637294178,
            "steer": 0.0
        },
        {
            "throttle": 0.057007539162066044,
            "brake": 0.34161234584591627,
            "steer": 0.0
        },
        {
            "throttle": 0.05130678524585944,
            "brake": 0.3458094797507648,
            "steer": 0.0
        },
        {
            "throttle": 0.046176106721273494,
            "brake": 0.3495869002651285,
            "steer": 0.0
        },
        {
            "throttle": 0.041558496049146146,
            "brake": 0.35298657872805583,
            "steer": 0.0
        },
        {
            "throttle": 0.03740264644423153,
            "brake": 0.3560462893446905,
            "steer": 0.0
        },
        {
            "throttle": 0.03366238179980838,
            "brake": 0.35880002889966167,
            "steer": 0.0
        },
        {
            "throttle": 0.03029614361982754,
            "brake": 0.3612783944991357,
            "steer": 0.0
        },
        {
            "throttle": 0.02726652925784479,
            "brake": 0.3635089235386624,
            "steer": 0.0
        },
        {
            "throttle": 0.06648924815686891,
            "brake": 0.32715803118479614,
            "steer": 0.0
        },
        {
            "throttle": 0.10596819418631642,
            "brake": 0.29444222806631654,
            "steer": 0.0
        },
        {
            "throttle": 0.14542285850361497,
            "brake": 0.26499800525968487,
            "steer": 0.0
        },
        {
            "throttle": 0.18452746075234266,
            "brake": 0.23849820473371638,
            "steer": 0.0
        },
        {
            "throttle": 0.22292160960062005,
            "brake": 0.21464838426034474,
            "steer": 0.0
        },
        {
            "throttle": 0.26022115281829095,
            "brake": 0.19318354583431027,
            "steer": 0.0
        },
        {
            "throttle": 0.29602905985767786,
            "brake": 0.17386519125087924,
            "steer": 0.0
        },
        {
            "throttle": 0.32994617472276083,
            "brake": 0.1564786721257913,
            "steer": 0.0
        },
        {
            "throttle": 0.36158167522033435,
            "brake": 0.14083080491321218,
            "steer": 0.0
        },
        {
            "throttle": 0.39056307646992816,
            "brake": 0.12674772442189097,
            "steer": 0.0
        },
        {
            "throttle": 0.41654562173255494,
            "brake": 0.11407295197970188,
            "steer": 0.0
        },
        {
            "throttle": 0.43922091206777386,
            "brake": 0.1026656567817317,
            "steer": 0.0
        },
        {
            "throttle": 0.45832463785289973,
            "brake": 0.09239909110355854,
            "steer": 0.0
        },
        {
            "throttle": 0.4736432895520836,
            "brake": 0.08315918199320269,
            "steer": 0.0
        },
        {
            "throttle": 0.4850197420112017,
            "brake": 0.07484326379388243,
            "steer": 0.0
        },
        {
            "throttle": 0.49235762563711816,
            "brake": 0.06735893741449418,
            "steer": 0.0
        },
        {
            "throttle": 0.49562441871846036,
            "brake": 0.06062304367304477,
            "steer": 0.0
        },
        {
            "throttle": 0.4948532174493302,
            "brake": 0.05456073930574029,
            "steer": 0.0
        },
        {
            "throttle": 0.4901431634928566,
            "brake": 0.049104665375166265,
            "steer": 0.0
        },
        {
            "throttle": 0.48165853271725917,
            "brake": 0.04419419883764964,
            "steer": 0.0
        },
        {
            "throttle": 0.46962651259411864,
            "brake": 0.039774778953884676,
            "steer": 0.0
        },
        {
            "throttle": 0.4543337192080847,
            "brake": 0.03579730105849621,
            "steer": 0.0
        },
        {
            "throttle": 0.43612152743928545,
            "brake": 0.032217570952646594,
            "steer": 0.0
        },
        {
            "throttle": 0.4153803092112016,
            "brake": 0.028995813857381935,
            "steer": 0.0
        },
        {
            "throttle": 0.3925426943396938,
            "brake": 0.026096232471643742,
            "steer": 0.0
        },
        {
            "throttle": 0.36807598609767195,
            "brake": 0.023486609224479368,
            "steer": 0.0
        },
        {
            "throttle": 0.34247387878844077,
            "brake": 0.02113794830203143,
            "steer": 0.0
        },
        {
            "throttle": 0.31624763710853365,
            "brake": 0.01902415347182829,
            "steer": 0.0
        },
        {
            "throttle": 0.2899169066383203,
            "brake": 0.01712173812464546,
            "steer": 0.0
        },
        {
            "throttle": 0.2640003312416716,
            "brake": 0.015409564312180915,
            "steer": 0.0
        },
        {
            "throttle": 0.2390061563590865,
            "brake": 0.013868607880962823,
            "steer": 0.0
        },
        {
            "throttle": 0.21542299707756773,
            "brake": 0.01248174709286654,
            "steer": 0.0
        },
        {
            "throttle": 0.19388069736981098,
            "brake": 0.011233572383579887,
            "steer": 0.0
        },
        {
            "throttle": 0.17449262763282988,
            "brake": 0.0101102151452219,
            "steer": 0.0
        },
        {
            "throttle": 0.1577277969937749,
            "brake": 0.00909919363069971,
            "steer": 0.0
        },
        {
            "throttle": 0.14396487721090948,
            "brake": 0.00818927426762974,
            "steer": 0.0
        },
        {
            "throttle": 0.133473245073856,
            "brake": 0.007370346840866766,
            "steer": 0.0
        },
        {
            "throttle": 0.12645992701862704,
            "brake": 0.0066333121567800895,
            "steer": 0.0
        },
        {
            "throttle": 0.12306585215371096,
            "brake": 0.0059699809411020805,
            "steer": 0.0
        },
        {
            "throttle": 0.12336332829534197,
            "brake": 0.005372982846991873,
            "steer": 0.0
        },
        {
            "throttle": 0.12735478939673378,
            "brake": 0.004835684562292685,
            "steer": 0.0
        },
        {
            "throttle": 0.13497283887509293,
            "brake": 0.004352116106063417,
            "steer": 0.0
        },
        {
            "throttle": 0.1460815890135333,
            "brake": 0.003916904495457075,
            "steer": 0.0
        },
        {
            "throttle": 0.16047927229597275,
            "brake": 0.0035252140459113676,
            "steer": 0.0
        },
        {
            "throttle": 0.17790207667507352,
            "brake": 0.003172692641320231,
            "steer": 0.0
        },
        {
            "throttle": 0.1980291338211431,
            "brake": 0.002855423377188208,
            "steer": 0.0
        },
        {
            "throttle": 0.2204885677816805,
            "brake": 0.0025698810394693874,
            "steer": 0.0
        },
        {
            "throttle": 0.24486449160011553,
            "brake": 0.0023128929355224486,
            "steer": 0.0
        },
        {
            "throttle": 0.2707048216690613,
            "brake": 0.0020816036419702036,
            "steer": 0.0
        },
        {
            "throttle": 0.29752976425956856,
            "brake": 0.0018734432777731832,
            "steer": 0.0
        },
        {
            "throttle": 0.32484081605940346,
            "brake": 0.001686098949995865,
            "steer": 0.0
        },
        {
            "throttle": 0.3521301109053642,
            "brake": 0.0015174890549962785,
            "steer": 0.0
        },
        {
            "throttle": 0.3788899383869305,
            "brake": 0.0013657401494966506,
            "steer": 0.0
        },
        {
            "throttle": 0.40462225675229246,
            "brake": 0.0012291661345469856,
            "steer": 0.0
        },
        {
            "throttle": 0.42884802262331245,
            "brake": 0.001106249521092287,
            "steer": 0.0
        },
        {
            "throttle": 0.4511161634214819,
            "brake": 0.0009956245689830584,
            "steer": 0.0
        },
        {
            "throttle": 0.4710120250586788,
            "brake": 0.0008960621120847526,
            "steer": 0.0
        },
        {
            "throttle": 0.4881651372299303,
            "brake": 0.0008064559008762773,
            "steer": 0.0
        },
        {
            "throttle": 0.5022561513773609,
            "brake": 0.0007258103107886496,
            "steer": 0.0
        },
        {
            "throttle": 0.5130228218369008,
            "brake": 0.0006532292797097847,
            "steer": 0.0
        },
        {
            "throttle": 0.5202649185433701,
            "brake": 0.0005879063517388063,
            "steer": 0.0
        },
        {
            "throttle": 0.5238479796212075,
            "brake": 0.0005291157165649257,
            "steer": 0.0
        },
        {
            "throttle": 0.5237058338543923,
            "brake": 0.00047620414490843316,
            "steer": 0.0
        },
        {
            "throttle": 0.5198418460049488,
            "brake": 0.00042858373041758987,
            "steer": 0.0
        },
        {
            "throttle": 0.5123288618053605,
            "brake": 0.00038572535737583087,
            "steer": 0.0
        },
        {
            "throttle": 0.501307853740304,
            "brake": 0.00034715282163824777,
            "steer": 0.0
        },
        {
            "throttle": 0.48698529300332866,
            "brake": 0.000312437539474423,
            "steer": 0.0
        },
        {
            "throttle": 0.469629296810806,
            "brake": 0.0002811937855269807,
            "steer": 0.0
        },
        {
            "throttle": 0.44956462313385953,
            "brake": 0.00025307440697428267,
            "steer": 0.0
        },
        {
            "throttle": 0.4271666064414546,
            "brake": 0.00022776696627685442,
            "steer": 0.0
        },
        {
            "throttle": 0.402854147831911,
            "brake": 0.000204990269649169,
            "steer": 0.0
        },
        {
            "throttle": 0.377081890596023,
            "brake": 0.0001844912426842521,
            "steer": 0.0
        },
        {
            "throttle": 0.35033172747254987,
            "brake": 0.0001660421184158269,
            "steer": 0.0
        },
        {
            "throttle": 0.32310379834163083,
            "brake": 0.0001494379065742442,
            "steer": 0.0
        },
        {
            "throttle": 0.29590714662034345,
            "brake": 0.0001344941159168198,
            "steer": 0.0
        },
        {
            "throttle": 0.2692502089992269,
            "brake": 0.00012104470432513782,
            "steer": 0.0
        },
        {
            "throttle": 0.24363131626997991,
            "brake": 0.00010894023389262404,
            "steer": 0.0
        },
        {
            "throttle": 0.21952938278453069,
            "brake": 9.804621050336164e-05,
            "steer": 0.0
        },
        {
            "throttle": 0.19757644450607761,
            "brake": 8.824158945302548e-05,
            "steer": 0.0
        },
        {
            "throttle": 0.17781880005546985,
            "brake": 7.941743050772294e-05,
            "steer": 0.0
        },
        {
            "throttle": 0.16079848527687363,
            "brake": 7.147568745695065e-05,
            "steer": 0.0
        },
        {
            "throttle": 0.14684831399994414,
            "brake": 6.432811871125559e-05,
            "steer": 0.0
        },
        {
            "throttle": 0.1362286006669194,
            "brake": 5.7895306840130026e-05,
            "steer": 0.0
        },
        {
            "throttle": 0.12913745978366417,
            "brake": 5.210577615611702e-05,
            "steer": 0.0
        },
        {
            "throttle": 0.1257070998711419,
            "brake": 4.689519854050532e-05,
            "steer": 0.0
        },
        {
            "throttle": 0.12600134941196622,
            "brake": 4.2205678686454794e-05,
            "steer": 0.0
        },
        {
            "throttle": 0.13001446098793396,
            "brake": 3.798511081780932e-05,
            "steer": 0.0
        },
        {
            "throttle": 0.13767121592207754,
            "brake": 3.4186599736028385e-05,
            "steer": 0.0
        },
        {
            "throttle": 0.14882832743904528,
            "brake": 3.0767939762425544e-05,
            "steer": 0.0
        },
        {
            "throttle": 0.1632771160946658,
            "brake": 2.769114578618299e-05,
            "steer": 0.0
        },
        {
            "throttle": 0.18074740745282206,
            "brake": 2.4922031207564693e-05,
            "steer": 0.0
        },
        {
            "throttle": 0.20091257914953908,
            "brake": 2.2429828086808226e-05,
            "steer": 0.0
        },
        {
            "throttle": 0.22339566300728678,
            "brake": 2.0186845278127403e-05,
            "steer": 0.0
        },
        {
            "throttle": 0.2477763881482934,
            "brake": 1.8168160750314664e-05,
            "steer": 0.0
        },
        {
            "throttle": 0.27359903347258896,
            "brake": 1.6351344675283198e-05,
            "steer": 0.0
        },
        {
            "throttle": 0.3003809427431484,
            "brake": 1.4716210207754878e-05,
            "steer": 0.0
        },
        {
            "throttle": 0.3276215431395232,
            "brake": 1.3244589186979391e-05,
            "steer": 0.0
        },
        {
            "throttle": 0.3548116987341181,
            "brake": 1.1920130268281452e-05,
            "steer": 0.0
        },
        {
            "throttle": 0.38144322408760395,
            "brake": 1.0728117241453307e-05,
            "steer": 0.0
        },
        {
            "throttle": 0.4070183801688045,
            "brake": 9.655305517307977e-06,
            "steer": 0.0
        },
        {
            "throttle": 0.43105917513566927,
            "brake": 8.68977496557718e-06,
            "steer": 0.0
        },
        {
            "throttle": 0.45311629616146637,
            "brake": 7.820797469019463e-06,
            "steer": 0.0
        },
        {
            "throttle": 0.47277750538593716,
            "brake": 7.038717722117517e-06,
            "steer": 0.0
        },
        {
            "throttle": 0.48967534308600935,
            "brake": 6.334845949905766e-06,
            "steer": 0.0
        },
        {
            "throttle": 0.5034939941076078,
            "brake": 5.701361354915189e-06,
            "steer": 0.0
        },
        {
            "throttle": 0.453144594696847,
            "brake": 0.03836349971465964,
            "steer": 0.0
        }
    ],
    "parameters": {
        "cloudiness": 4.838430900044943,
        "fog_density": 67.14558848315411,
        "initial_distance": 28.450002129533445,
        "initial_ego_velocity": 9.257269664736903,
        "initial_lead_velocity": 23.257518233836095,
        "lead_base_throttle": 0.3248845738716043,
        "lead_behavior_frequency": 0.21773794886099473,
        "lead_brake_duration": 28.423532089461233,
        "lead_brake_intensity": 0.3835836848944021,
        "lead_brake_probability": 0.1071447378693952,
        "lead_throttle_variation": 0.32685479069682843,
        "precipitation": 90.26802084951383,
        "precipitation_deposits": 53.494419474671915,
        "sun_altitude_angle": -8.524136002837452,
        "wind_intensity": 38.002790609023265
    },
    "config": {
        "num_timesteps": 200,
        "dt": 0.1,
        "seed": 80
    }
}