{
    "weather": {
        "cloudiness": 99.11851979851527,
        "precipitation": 1.2706548423407016,
        "precipitation_deposits": 15.46913949337717,
        "wind_intensity": 12.556378424571157,
        "sun_altitude_angle": 7.179459129422668,
        "fog_density": 39.36576202847422,
        "fog_distance": 269.22924036789976,
        "wetness": 0.6353274211703508
    },
    "initial_conditions": {
        "ego": {
            "position": {
                "x": 519.9132249287677,
                "y": 20.57,
                "z": 0.294
            },
            "yaw": 0.0,
            "velocity": 11.684516417353668
        },
        "lead": {
            "position": {
                "x": 484.88,
                "y": 20.57,
                "z": 0.294
            },
            "yaw": 0.0,
            "velocity": 13.282116174677704
        }
    },
    "ego": {
        "position": {
            "x": 519.9132249287677,
            "y": 20.57,
            "z": 0.294
        },
        "yaw": 0.0,
        "velocity": 11.684516417353668
    },
    "lead": {
        "position": {
            "x": 484.88,
            "y": 20.57,
            "z": 0.294
        },
        "yaw": 0.0,
        "velocity": 13.282116174677704
    },
    "ado_actions": [
        {
            "throttle": 0.33708759709536834,
            "brake": 0.0,
            "steer": 0.0
        },
        {
            "throttle": 0.337133706251969,
            "brake": 0.0,
            "steer": 0.0
        },
        {
            "throttle": 0.33722124182122065,
            "brake": 0.0,
            "steer": 0.0
        },
        {
            "throttle": 0.3373459176171724,
            "brake": 0.0,
            "steer": 0.0
        },
        {
            "throttle": 0.3375038045796843,
            "brake": 0.0,
            "steer": 0.0
        },
        {
            "throttle": 0.33769129539682896,
            "brake": 0.0,
            "steer": 0.0
        },
        {
            "throttle": 0.337905072775902,
            "brake": 0.0,
            "steer": 0.0
        },
        {
            "throttle": 0.33814208099748544,
            "brake": 0.0,
            "steer": 0.0
        },
        {
            "throttle": 0.33839950042339323,
            "brake": 0.0,
            "steer": 0.0
        },
        {
            "throttle": 0.33867472466207355,
            "brake": 0.0,
            "steer": 0.0
        },
        {
            "throttle": 0.33896534012451796,
            "brake": 0.0,
            "steer": 0.0
        },
        {
            "throttle": 0.33926910773025487,
            "brake": 0.0,
            "steer": 0.0
        },
        {
            "throttle": 0.33958394654688207,
            "brake": 0.0,
            "steer": 0.0
        },
        {
            "throttle": 0.33990791916808594,
            "brake": 0.0,
            "steer": 0.0
        },
        {
            "throttle": 0.3402392186544414,
            "brake": 0.0,
            "steer": 0.0
        },
        {
            "throttle": 0.3405761568786981,
            "brake": 0.0,
            "steer": 0.0
        },
        {
            "throttle": 0.34091715413293705,
            "brake": 0.0,
            "steer": 0.0
        },
        {
            "throttle": 0.34126072986909195,
            "brake": 0.0,
            "steer": 0.0
        },
        {
            "throttle": 0.3416054944570328,
            "brake": 0.0,
            "steer": 0.0
        },
        {
            "throttle": 0.34195014185584865,
            "brake": 0.0,
            "steer": 0.0
        },
        {
            "throttle": 0.34229344310426274,
            "brake": 0.0,
            "steer": 0.0
        },
        {
            "throttle": 0.3426342405453855,
            "brake": 0.0,
            "steer": 0.0
        },
        {
            "throttle": 0.34297144270936175,
            "brake": 0.0,
            "steer": 0.0
        },
        {
            "throttle": 0.3433040197849858,
            "brake": 0.0,
            "steer": 0.0
        },
        {
            "throttle": 0.34363099961813204,
            "brake": 0.0,
            "steer": 0.0
        },
        {
            "throttle": 0.3439514641809476,
            "brake": 0.0,
            "steer": 0.0
        },
        {
            "throttle": 0.34426454646124943,
            "brake": 0.0,
            "steer": 0.0
        },
        {
            "throttle": 0.34456942772651983,
            "brake": 0.0,
            "steer": 0.0
        },
        {
            "throttle": 0.3448653351213541,
            "brake": 0.0,
            "steer": 0.0
        },
        {
            "throttle": 0.34515153956123884,
            "brake": 0.0,
            "steer": 0.0
        },
        {
            "throttle": 0.310636385605115,
            "brake": 0.011535408640460848,
            "steer": 0.0
        },
        {
            "throttle": 0.2795727470446035,
            "brake": 0.02191727641687561,
            "steer": 0.0
        },
        {
            "throttle": 0.25161547234014314,
            "brake": 0.031260957415648896,
            "steer": 0.0
        },
        {
            "throttle": 0.22645392510612883,
            "brake": 0.039670270314544856,
            "steer": 0.0
        },
        {
            "throttle": 0.20380853259551596,
            "brake": 0.04723865192355122,
            "steer": 0.0
        },
        {
            "throttle": 0.18342767933596438,
            "brake": 0.05405019537165695,
            "steer": 0.0
        },
        {
            "throttle": 0.16508491140236795,
            "brake": 0.06018058447495211,
            "steer": 0.0
        },
        {
            "throttle": 0.14857642026213116,
            "brake": 0.06569793466791775,
            "steer": 0.0
        },
        {
            "throttle": 0.13371877823591805,
            "brake": 0.07066354984158682,
            "steer": 0.0
        },
        {
            "throttle": 0.12034690041232625,
            "brake": 0.07513260349788899,
            "steer": 0.0
        },
        {
            "throttle": 0.10831221037109362,
            "brake": 0.07915475178856093,
            "steer": 0.0
        },
        {
            "throttle": 0.09748098933398426,
            "brake": 0.0827746852501657,
            "steer": 0.0
        },
        {
            "throttle": 0.08773289040058584,
            "brake": 0.08603262536560997,
            "steer": 0.0
        },
        {
            "throttle": 0.07895960136052725,
            "brake": 0.08896477146950983,
            "steer": 0.0
        },
        {
            "throttle": 0.07106364122447453,
            "brake": 0.0916037029630197,
            "steer": 0.0
        },
        {
            "throttle": 0.06395727710202709,
            "brake": 0.09397874130717858,
            "steer": 0.0
        },
        {
            "throttle": 0.05756154939182438,
            "brake": 0.09611627581692157,
            "steer": 0.0
        },
        {
            "throttle": 0.05180539445264194,
            "brake": 0.09804005687569027,
            "steer": 0.0
        },
        {
            "throttle": 0.04662485500737775,
            "brake": 0.0997714598285821,
            "steer": 0.0
        },
        {
            "throttle": 0.04196236950663998,
            "brake": 0.10132972248618474,
            "steer": 0.0
        },
        {
            "throttle": 0.03776613255597598,
            "brake": 0.10273215887802711,
            "steer": 0.0
        },
        {
            "throttle": 0.033989519300378385,
            "brake": 0.10399435163068525,
            "steer": 0.0
        },
        {
            "throttle": 0.030590567370340545,
            "brake": 0.10513032510807757,
            "steer": 0.0
        },
        {
            "throttle": 0.027531510633306493,
            "brake": 0.10615270123773067,
            "steer": 0.0
        },
        {
            "throttle": 0.024778359569975844,
            "brake": 0.10707283975441845,
            "steer": 0.0
        },
        {
            "throttle": 0.02230052361297826,
            "brake": 0.10790096441943746,
            "steer": 0.0
        },
        {
            "throttle": 0.020070471251680436,
            "brake": 0.10864627661795456,
            "steer": 0.0
        },
        {
            "throttle": 0.018063424126512392,
            "brake": 0.10931705759661996,
            "steer": 0.0
        },
        {
            "throttle": 0.016257081713861154,
            "brake": 0.1099207604774188,
            "steer": 0.0
        },
        {
            "throttle": 0.04918867833820397,
            "brake": 0.09892868442967692,
            "steer": 0.0
        },
        {
            "throttle": 0.07879475517788241,
            "brake": 0.08903581598670923,
            "steer": 0.0
        },
        {
            "throttle": 0.1054065927682431,
            "brake": 0.0801322343880383,
            "steer": 0.0
        },
        {
            "throttle": 0.129322395981946,
            "brake": 0.07211901094923448,
            "steer": 0.0
        },
        {
            "throttle": 0.15081060349425804,
            "brake": 0.06490710985431103,
            "steer": 0.0
        },
        {
            "throttle": 0.17011286621724525,
            "brake": 0.05841639886887993,
            "steer": 0.0
        },
        {
            "throttle": 0.18744672780314706,
            "brake": 0.05257475898199194,
            "steer": 0.0
        },
        {
            "throttle": 0.20300803700732414,
            "brake": 0.047317283083792745,
            "steer": 0.0
        },
        {
            "throttle": 0.2169731187222724,
            "brake": 0.042585554775413474,
            "steer": 0.0
        },
        {
            "throttle": 0.22950072781319084,
            "brake": 0.03832699929787213,
            "steer": 0.0
        },
        {
            "throttle": 0.2407338074726899,
            "brake": 0.034494299368084916,
            "steer": 0.0
        },
        {
            "throttle": 0.25080107164062077,
            "brake": 0.031044869431276424,
            "steer": 0.0
        },
        {
            "throttle": 0.2598184290805616,
            "brake": 0.02794038248814878,
            "steer": 0.0
        },
        {
            "throttle": 0.26789026494550205,
            "brake": 0.025146344239333904,
            "steer": 0.0
        },
        {
            "throttle": 0.27511059408217386,
            "brake": 0.022631709815400514,
            "steer": 0.0
        },
        {
            "throttle": 0.28156409889869266,
            "brake": 0.020368538833860462,
            "steer": 0.0
        },
        {
            "throttle": 0.2873270633378767,
            "brake": 0.018331684950474415,
            "steer": 0.0
        },
        {
            "throttle": 0.29246821334453854,
            "brake": 0.016498516455426975,
            "steer": 0.0
        },
        {
            "throttle": 0.2970494731763845,
            "brake": 0.014848664809884279,
            "steer": 0.0
        },
        {
            "throttle": 0.301126645973366,
            "brake": 0.013363798328895851,
            "steer": 0.0
        },
        {
            "throttle": 0.3047500261590129,
            "brake": 0.012027418496006267,
            "steer": 0.0
        },
        {
            "throttle": 0.30796495049009937,
            "brake": 0.010824676646405641,
            "steer": 0.0
        },
        {
            "throttle": 0.3108122938895324,
            "brake": 0.009742208981765078,
            "steer": 0.0
        },
        {
            "throttle": 0.3133289155840371,
            "brake": 0.008767988083588571,
            "steer": 0.0
        },
        {
            "throttle": 0.3155480605162299,
            "brake": 0.007891189275229714,
            "steer": 0.0
        },
        {
            "throttle": 0.3174997205038875,
            "brake": 0.007102070347706743,
            "steer": 0.0
        },
        {
            "throttle": 0.3192109591721096,
            "brake": 0.006391863312936069,
            "steer": 0.0
        },
        {
            "throttle": 0.32070620428168045,
            "brake": 0.005752676981642462,
            "steer": 0.0
        },
        {
            "throttle": 0.32200751071477185,
            "brake": 0.005177409283478216,
            "steer": 0.0
        },
        {
            "throttle": 0.3231347970531914,
            "brake": 0.004659668355130394,
            "steer": 0.0
        },
        {
            "throttle": 0.32410605839102546,
            "brake": 0.004193701519617355,
            "steer": 0.0
        },
        {
            "throttle": 0.32493755775951083,
            "brake": 0.00377433136765562,
            "steer": 0.0
        },
        {
            "throttle": 0.32564399830435264,
            "brake": 0.003396898230890058,
            "steer": 0.0
        },
        {
            "throttle": 0.32623867814184526,
            "brake": 0.0030572084078010525,
            "steer": 0.0
        },
        {
            "throttle": 0.3267336296276809,
            "brake": 0.0027514875670209475,
            "steer": 0.0
        },
        {
            "throttle": 0.32713974459909934,
            "brake": 0.0024763388103188526,
            "steer": 0.0
        },
        {
            "throttle": 0.327466886995123,
            "brake": 0.0022287049292869674,
            "steer": 0.0
        },
        {
            "throttle": 0.3277239941192983,
            "brake": 0.002005834436358271,
            "steer": 0.0
        },
        {
            "throttle": 0.32791916768307217,
            "brake": 0.0018052509927224437,
            "steer": 0.0
        },
        {
            "throttle": 0.32805975565426365,
            "brake": 0.0016247258934501995,
            "steer": 0.0
        },
        {
            "throttle": 0.32815242583278664,
            "brake": 0.0014622533041051796,
            "steer": 0.0
        },
        {
            "throttle": 0.32820323198369944,
            "brake": 0.0013160279736946616,
            "steer": 0.0
        },
        {
            "throttle": 0.3282176732747844,
            "brake": 0.0011844251763251953,
            "steer": 0.0
        },
        {
            "throttle": 0.3282007476912657,
            "brake": 0.0010659826586926757,
            "steer": 0.0
        },
        {
            "throttle": 0.32815700003313825,
            "brake": 0.0009593843928234082,
            "steer": 0.0
        },
        {
            "throttle": 0.3280905650401496,
            "brake": 0.0008634459535410674,
            "steer": 0.0
        },
        {
            "throttle": 0.3280052061350875,
            "brake": 0.0007771013581869607,
            "steer": 0.0
        },
        {
            "throttle": 0.3279043502270668,
            "brake": 0.0006993912223682646,
            "steer": 0.0
        },
        {
            "throttle": 0.3277911189724434,
            "brake": 0.0006294521001314382,
            "steer": 0.0
        },
        {
            "throttle": 0.32766835685131557,
            "brake": 0.0005665068901182943,
            "steer": 0.0
        },
        {
            "throttle": 0.32753865638186963,
            "brake": 0.0005098562011064649,
            "steer": 0.0
        },
        {
            "throttle": 0.32740438076268447,
            "brake": 0.0004588705809958184,
            "steer": 0.0
        },
        {
            "throttle": 0.3272676842041774,
            "brake": 0.0004129835228962366,
            "steer": 0.0
        },
        {
            "throttle": 0.3271305301843286,
            "brake": 0.00037168517060661295,
            "steer": 0.0
        },
        {
            "throttle": 0.32699470784037343,
            "brake": 0.00033451665354595166,
            "steer": 0.0
        },
        {
            "throttle": 0.32686184668704343,
            "brake": 0.0003010649881913565,
            "steer": 0.0
        },
        {
            "throttle": 0.3267334298329311,
            "brake": 0.0002709584893722209,
            "steer": 0.0
        },
        {
            "throttle": 0.3266108058494444,
            "brake": 0.0002438626404349988,
            "steer": 0.0
        },
        {
            "throttle": 0.3264951994314096,
            "brake": 0.00021947637639149894,
            "steer": 0.0
        },
        {
            "throttle": 0.32638772097450774,
            "brake": 0.00019752873875234905,
            "steer": 0.0
        },
        {
            "throttle": 0.32628937518224066,
            "brake": 0.00017777586487711415,
            "steer": 0.0
        },
        {
            "throttle": 0.32620106880386934,
            "brake": 0.00015999827838940274,
            "steer": 0.0
        },
        {
            "throttle": 0.3261236175946399,
            "brake": 0.00014399845055046247,
            "steer": 0.0
        },
        {
            "throttle": 0.32605775258048325,
            "brake": 0.00012959860549541623,
            "steer": 0.0
        },
        {
            "throttle": 0.32600412570115805,
            "brake": 0.00011663874494587462,
            "steer": 0.0
        },
        {
            "throttle": 0.3259633148984006,
            "brake": 0.00010497487045128715,
            "steer": 0.0
        },
        {
            "throttle": 0.3259358287089744,
            "brake": 9.447738340615844e-05,
            "steer": 0.0
        },
        {
            "throttle": 0.32592211041650204,
            "brake": 8.50296450655426e-05,
            "steer": 0.0
        },
        {
            "throttle": 0.325922541810545,
            "brake": 7.652668055898833e-05,
            "steer": 0.0
        },
        {
            "throttle": 0.2933302876294905,
            "brake": 0.011604282652963937,
            "steer": 0.0
        },
        {
            "throttle": 0.26399725886654146,
            "brake": 0.02197926302812839,
            "steer": 0.0
        },
        {
            "throttle": 0.2375975329798873,
            "brake": 0.0313167453657764,
            "steer": 0.0
        },
        {
            "throttle": 0.21383777968189857,
            "brake": 0.039720479469659606,
            "steer": 0.0
        },
        {
            "throttle": 0.19245400171370872,
            "brake": 0.0472838401631545,
            "steer": 0.0
        },
        {
            "throttle": 0.17320860154233786,
            "brake": 0.054090864787299894,
            "steer": 0.0
        },
        {
            "throttle": 0.15588774138810407,
            "brake": 0.060217186949030756,
            "steer": 0.0
        },
        {
            "throttle": 0.14029896724929367,
            "brake": 0.06573087689458854,
            "steer": 0.0
        },
        {
            "throttle": 0.1262690705243643,
            "brake": 0.07069319784559053,
            "steer": 0.0
        },
        {
            "throttle": 0.11364216347192789,
            "brake": 0.07515928670149233,
            "steer": 0.0
        },
        {
            "throttle": 0.1022779471247351,
            "brake": 0.07917876667180394,
            "steer": 0.0
        },
        {
            "throttle": 0.0920501524122616,
            "brake": 0.08279629864508439,
            "steer": 0.0
        },
        {
            "throttle": 0.08284513717103544,
            "brake": 0.08605207742103681,
            "steer": 0.0
        },
        {
            "throttle": 0.0745606234539319,
            "brake": 0.08898227831939398,
            "steer": 0.0
        },
        {
            "throttle": 0.06710456110853871,
            "brake": 0.09161945912791543,
            "steer": 0.0
        },
        {
            "throttle": 0.06039410499768484,
            "brake": 0.09399292185558474,
            "steer": 0.0
        },
        {
            "throttle": 0.054354694497916356,
            "brake": 0.09612903831048711,
            "steer": 0.0
        },
        {
            "throttle": 0.04891922504812472,
            "brake": 0.09805154311989925,
            "steer": 0.0
        },
        {
            "throttle": 0.044027302543312254,
            "brake": 0.09978179744837018,
            "steer": 0.0
        },
        {
            "throttle": 0.03962457228898103,
            "brake": 0.10133902634399401,
            "steer": 0.0
        },
        {
            "throttle": 0.035662115060082926,
            "brake": 0.10274053235005547,
            "steer": 0.0
        },
        {
            "throttle": 0.032095903554074635,
            "brake": 0.10400188775551077,
            "steer": 0.0
        },
        {
            "throttle": 0.028886313198667173,
            "brake": 0.10513710762042054,
            "steer": 0.0
        },
        {
            "throttle": 0.025997681878800458,
            "brake": 0.10615880549883934,
            "steer": 0.0
        },
        {
            "throttle": 0.023397913690920414,
            "brake": 0.10707833358941625,
            "steer": 0.0
        },
        {
            "throttle": 0.02105812232182837,
            "brake": 0.10790590887093547,
            "steer": 0.0
        },
        {
            "throttle": 0.018952310089645534,
            "brake": 0.10865072662430278,
            "steer": 0.0
        },
        {
            "throttle": 0.017057079080680982,
            "brake": 0.10932106260233335,
            "steer": 0.0
        },
        {
            "throttle": 0.015351371172612885,
            "brake": 0.10992436498256086,
            "steer": 0.0
        },
        {
            "throttle": 0.047424422118325094,
            "brake": 0.09893192848430478,
            "steer": 0.0
        },
        {
            "throttle": 0.07633618434901573,
            "brake": 0.0890387356358743,
            "steer": 0.0
        },
        {
            "throttle": 0.10240287172172571,
            "brake": 0.08013486207228687,
            "steer": 0.0
        },
        {
            "throttle": 0.12590900489163984,
            "brake": 0.0721213758650582,
            "steer": 0.0
        },
        {
            "throttle": 0.14711058061175727,
            "brake": 0.06490923827855237,
            "steer": 0.0
        },
        {
            "throttle": 0.16623792421450134,
            "brake": 0.05841831445069713,
            "steer": 0.0
        },
        {
            "throttle": 0.18349825695693217,
            "brake": 0.05257648300562742,
            "steer": 0.0
        },
        {
            "throttle": 0.19907800674288562,
            "brake": 0.047318834705064684,
            "steer": 0.0
        },
        {
            "throttle": 0.17917020606859707,
            "brake": 0.054122359875019066,
            "steer": 0.0
        },
        {
            "throttle": 0.16125318546173736,
            "brake": 0.060245532527978006,
            "steer": 0.0
        },
        {
            "throttle": 0.14512786691556362,
            "brake": 0.06575638791564106,
            "steer": 0.0
        },
        {
            "throttle": 0.13061508022400725,
            "brake": 0.0707161577645378,
            "steer": 0.0
        },
        {
            "throttle": 0.11755357220160653,
            "brake": 0.07517995062854486,
            "steer": 0.0
        },
        {
            "throttle": 0.10579821498144588,
            "brake": 0.07919736420615123,
            "steer": 0.0
        },
        {
            "throttle": 0.0952183934833013,
            "brake": 0.08281303642599695,
            "steer": 0.0
        },
        {
            "throttle": 0.08569655413497117,
            "brake": 0.0860671414238581,
            "steer": 0.0
        },
        {
            "throttle": 0.07712689872147405,
            "brake": 0.08899583592193314,
            "steer": 0.0
        },
        {
            "throttle": 0.06941420884932664,
            "brake": 0.09163166097020067,
            "steer": 0.0
        },
        {
            "throttle": 0.062472787964393976,
            "brake": 0.09400390351364146,
            "steer": 0.0
        },
        {
            "throttle": 0.05622550916795458,
            "brake": 0.09613892180273817,
            "steer": 0.0
        },
        {
            "throttle": 0.050602958251159125,
            "brake": 0.09806043826292521,
            "steer": 0.0
        },
        {
            "throttle": 0.04554266242604321,
            "brake": 0.09978980307709354,
            "steer": 0.0
        },
        {
            "throttle": 0.04098839618343889,
            "brake": 0.10134623140984503,
            "steer": 0.0
        },
        {
            "throttle": 0.036889556565095,
            "brake": 0.10274701690932138,
            "steer": 0.0
        },
        {
            "throttle": 0.0332006009085855,
            "brake": 0.10400772385885008,
            "steer": 0.0
        },
        {
            "throttle": 0.029880540817726953,
            "brake": 0.10514236011342593,
            "steer": 0.0
        },
        {
            "throttle": 0.02689248673595426,
            "brake": 0.10616353274254418,
            "steer": 0.0
        },
        {
            "throttle": 0.024203238062358835,
            "brake": 0.10708258810875061,
            "steer": 0.0
        },
        {
            "throttle": 0.021782914256122953,
            "brake": 0.1079097379383364,
            "steer": 0.0
        },
        {
            "throttle": 0.01960462283051066,
            "brake": 0.10865417278496362,
            "steer": 0.0
        },
        {
            "throttle": 0.017644160547459594,
            "brake": 0.10932416414692811,
            "steer": 0.0
        },
        {
            "throttle": 0.015879744492713635,
            "brake": 0.10992715637269615,
            "steer": 0.0
        },
        {
            "throttle": 0.014291770043442271,
            "brake": 0.11046984937588739,
            "steer": 0.0
        },
        {
            "throttle": 0.012862593039098045,
            "brake": 0.1109582730787595,
            "steer": 0.0
        },
        {
            "throttle": 0.01157633373518824,
            "brake": 0.1113978544113444,
            "steer": 0.0
        },
        {
            "throttle": 0.010418700361669416,
            "brake": 0.11179347761067081,
            "steer": 0.0
        },
        {
            "throttle": 0.009376830325502475,
            "brake": 0.11214953849006458,
            "steer": 0.0
        },
        {
            "throttle": 0.04329388341448472,
            "brake": 0.10093458464105812,
            "steer": 0.0
        },
        {
            "throttle": 0.07382734234395404,
            "brake": 0.09084112617695231,
            "steer": 0.0
        },
        {
            "throttle": 0.10131376870613992,
            "brake": 0.08175701355925707,
            "steer": 0.0
        },
        {
            "throttle": 0.12605605809922618,
            "brake": 0.07358131220333138,
            "steer": 0.0
        },
        {
            "throttle": 0.1483268095427042,
            "brake": 0.06622318098299824,
            "steer": 0.0
        },
        {
            "throttle": 0.16837135796212477,
            "brake": 0.05960086288469842,
            "steer": 0.0
        }
    ],
    "parameters": {
        "cloudiness": 99.11851979851527,
        "fog_density": 39.36576202847422,
        "initial_distance": 35.033224928767666,
        "initial_ego_velocity": 11.684516417353668,
        "initial_lead_velocity": 13.282116174677704,
        "lead_base_throttle": 0.3370875970953683,
        "lead_behavior_frequency": 0.06282066044499769,
        "lead_brake_duration": 29.58396025808685,
        "lead_brake_intensity": 0.11535408640460848,
        "lead_brake_probability": 0.26221416564381744,
        "lead_throttle_variation": 0.011684700608307797,
        "precipitation": 1.2706548423407016,
        "precipitation_deposits": 15.46913949337717,
        "sun_altitude_angle": 7.179459129422668,
        "wind_intensity": 12.556378424571157
    },
    "config": {
        "num_timesteps": 200,
        "dt": 0.1,
        "seed": 66
    }
}