{
    "weather": {
        "cloudiness": 52.31212895764422,
        "precipitation": 89.92836975299228,
        "precipitation_deposits": 44.415256239687,
        "wind_intensity": 43.97596638575957,
        "sun_altitude_angle": -7.875903553711442,
        "fog_density": 32.24542705877984,
        "fog_distance": 341.34978375206254,
        "wetness": 44.96418487649614
    },
    "initial_conditions": {
        "ego": {
            "position": {
                "x": 511.6905982924292,
                "y": 20.57,
                "z": 0.294
            },
            "yaw": 0.0,
            "velocity": 17.992063662837843
        },
        "lead": {
            "position": {
                "x": 484.88,
                "y": 20.57,
                "z": 0.294
            },
            "yaw": 0.0,
            "velocity": 10.43732317155195
        }
    },
    "ego": {
        "position": {
            "x": 511.6905982924292,
            "y": 20.57,
            "z": 0.294
        },
        "yaw": 0.0,
        "velocity": 17.992063662837843
    },
    "lead": {
        "position": {
            "x": 484.88,
            "y": 20.57,
            "z": 0.294
        },
        "yaw": 0.0,
        "velocity": 10.43732317155195
    },
    "ado_actions": [
        {
            "throttle": 0.41118413173871293,
            "brake": 0.0,
            "steer": 0.0
        },
        {
            "throttle": 0.412721713094096,
            "brake": 0.0,
            "steer": 0.0
        },
        {
            "throttle": 0.4156382638723655,
            "brake": 0.0,
            "steer": 0.0
        },
        {
            "throttle": 0.4197861948596565,
            "brake": 0.0,
            "steer": 0.0
        },
        {
            "throttle": 0.4250278678851842,
            "brake": 0.0,
            "steer": 0.0
        },
        {
            "throttle": 0.4312346464906332,
            "brake": 0.0,
            "steer": 0.0
        },
        {
            "throttle": 0.4382860565654962,
            "brake": 0.0,
            "steer": 0.0
        },
        {
            "throttle": 0.44606904575981415,
            "brake": 0.0,
            "steer": 0.0
        },
        {
            "throttle": 0.4544773315577767,
            "brake": 0.0,
            "steer": 0.0
        },
        {
            "throttle": 0.46341082886119783,
            "brake": 0.0,
            "steer": 0.0
        },
        {
            "throttle": 0.4727751488017857,
            "brake": 0.0,
            "steer": 0.0
        },
        {
            "throttle": 0.48248116128507934,
            "brake": 0.0,
            "steer": 0.0
        },
        {
            "throttle": 0.4924446144756636,
            "brake": 0.0,
            "steer": 0.0
        },
        {
            "throttle": 0.5025858050706585,
            "brake": 0.0,
            "steer": 0.0
        },
        {
            "throttle": 0.5128292937835707,
            "brake": 0.0,
            "steer": 0.0
        },
        {
            "throttle": 0.5231036609797551,
            "brake": 0.0,
            "steer": 0.0
        },
        {
            "throttle": 0.5333412978736771,
            "brake": 0.0,
            "steer": 0.0
        },
        {
            "throttle": 0.5434782291220229,
            "brake": 0.0,
            "steer": 0.0
        },
        {
            "throttle": 0.5534539630301091,
            "brake": 0.0,
            "steer": 0.0
        },
        {
            "throttle": 0.5632113659361302,
            "brake": 0.0,
            "steer": 0.0
        },
        {
            "throttle": 0.5726965576522915,
            "brake": 0.0,
            "steer": 0.0
        },
        {
            "throttle": 0.5818588251271531,
            "brake": 0.0,
            "steer": 0.0
        },
        {
            "throttle": 0.5906505517525624,
            "brake": 0.0,
            "steer": 0.0
        },
        {
            "throttle": 0.599027159974087,
            "brake": 0.0,
            "steer": 0.0
        },
        {
            "throttle": 0.606947065078285,
            "brake": 0.0,
            "steer": 0.0
        },
        {
            "throttle": 0.6143716382256537,
            "brake": 0.0,
            "steer": 0.0
        },
        {
            "throttle": 0.6212651769766097,
            "brake": 0.0,
            "steer": 0.0
        },
        {
            "throttle": 0.6275948817211408,
            "brake": 0.0,
            "steer": 0.0
        },
        {
            "throttle": 0.6333308365723691,
            "brake": 0.0,
            "steer": 0.0
        },
        {
            "throttle": 0.6384459934215908,
            "brake": 0.0,
            "steer": 0.0
        },
        {
            "throttle": 0.6429161579786539,
            "brake": 0.0,
            "steer": 0.0
        },
        {
            "throttle": 0.6467199767379145,
            "brake": 0.0,
            "steer": 0.0
        },
        {
            "throttle": 0.649838923917474,
            "brake": 0.0,
            "steer": 0.0
        },
        {
            "throttle": 0.6522572875188262,
            "brake": 0.0,
            "steer": 0.0
        },
        {
            "throttle": 0.6539621537462319,
            "brake": 0.0,
            "steer": 0.0
        },
        {
            "throttle": 0.6549433891107859,
            "brake": 0.0,
            "steer": 0.0
        },
        {
            "throttle": 0.6551936196238692,
            "brake": 0.0,
            "steer": 0.0
        },
        {
            "throttle": 0.6547082065590518,
            "brake": 0.0,
            "steer": 0.0
        },
        {
            "throttle": 0.6534852183310009,
            "brake": 0.0,
            "steer": 0.0
        },
        {
            "throttle": 0.6515253981050072,
            "brake": 0.0,
            "steer": 0.0
        },
        {
            "throttle": 0.6488321268117327,
            "brake": 0.0,
            "steer": 0.0
        },
        {
            "throttle": 0.6454113812990547,
            "brake": 0.0,
            "steer": 0.0
        },
        {
            "throttle": 0.6412716874067164,
            "brake": 0.0,
            "steer": 0.0
        },
        {
            "throttle": 0.6364240678001661,
            "brake": 0.0,
            "steer": 0.0
        },
        {
            "throttle": 0.6308819844476833,
            "brake": 0.0,
            "steer": 0.0
        },
        {
            "throttle": 0.6246612756698564,
            "brake": 0.0,
            "steer": 0.0
        },
        {
            "throttle": 0.6177800877328673,
            "brake": 0.0,
            "steer": 0.0
        },
        {
            "throttle": 0.610258800996984,
            "brake": 0.0,
            "steer": 0.0
        },
        {
            "throttle": 0.6021199506693081,
            "brake": 0.0,
            "steer": 0.0
        },
        {
            "throttle": 0.5933881422452624,
            "brake": 0.0,
            "steer": 0.0
        },
        {
            "throttle": 0.5840899617566429,
            "brake": 0.0,
            "steer": 0.0
        },
        {
            "throttle": 0.5742538809753599,
            "brake": 0.0,
            "steer": 0.0
        },
        {
            "throttle": 0.5639101577513407,
            "brake": 0.0,
            "steer": 0.0
        },
        {
            "throttle": 0.5530907316905003,
            "brake": 0.0,
            "steer": 0.0
        },
        {
            "throttle": 0.541829115404274,
            "brake": 0.0,
            "steer": 0.0
        },
        {
            "throttle": 0.5301602815859604,
            "brake": 0.0,
            "steer": 0.0
        },
        {
            "throttle": 0.5181205461911071,
            "brake": 0.0,
            "steer": 0.0
        },
        {
            "throttle": 0.5057474480193942,
            "brake": 0.0,
            "steer": 0.0
        },
        {
            "throttle": 0.49307962501395897,
            "brake": 0.0,
            "steer": 0.0
        },
        {
            "throttle": 0.4801566876108905,
            "brake": 0.0,
            "steer": 0.0
        },
        {
            "throttle": 0.46701908948670817,
            "brake": 0.0,
            "steer": 0.0
        },
        {
            "throttle": 0.42031718053803735,
            "brake": 0.010028603611136173,
            "steer": 0.0
        },
        {
            "throttle": 0.3782854624842336,
            "brake": 0.019054346861158727,
            "steer": 0.0
        },
        {
            "throttle": 0.34045691623581026,
            "brake": 0.027177515786179027,
            "steer": 0.0
        },
        {
            "throttle": 0.30641122461222925,
            "brake": 0.034488367818697296,
            "steer": 0.0
        },
        {
            "throttle": 0.27577010215100634,
            "brake": 0.041068134647963744,
            "steer": 0.0
        },
        {
            "throttle": 0.24819309193590572,
            "brake": 0.04698992479430354,
            "steer": 0.0
        },
        {
            "throttle": 0.22337378274231515,
            "brake": 0.05231953592600936,
            "steer": 0.0
        },
        {
            "throttle": 0.20103640446808363,
            "brake": 0.057116185944544595,
            "steer": 0.0
        },
        {
            "throttle": 0.18093276402127528,
            "brake": 0.06143317096122631,
            "steer": 0.0
        },
        {
            "throttle": 0.16283948761914777,
            "brake": 0.06531845747623985,
            "steer": 0.0
        },
        {
            "throttle": 0.16714079002880125,
            "brake": 0.058786611728615865,
            "steer": 0.0
        },
        {
            "throttle": 0.17002737740990748,
            "brake": 0.05290795055575428,
            "steer": 0.0
        },
        {
            "throttle": 0.17170864793050442,
            "brake": 0.04761715550017885,
            "steer": 0.0
        },
        {
            "throttle": 0.17237595362442118,
            "brake": 0.042855439950160966,
            "steer": 0.0
        },
        {
            "throttle": 0.17220418144086114,
            "brake": 0.03856989595514487,
            "steer": 0.0
        },
        {
            "throttle": 0.1713531677600651,
            "brake": 0.03471290635963039,
            "steer": 0.0
        },
        {
            "throttle": 0.1699689637607954,
            "brake": 0.031241615723667352,
            "steer": 0.0
        },
        {
            "throttle": 0.16818496731110394,
            "brake": 0.028117454151300618,
            "steer": 0.0
        },
        {
            "throttle": 0.16612293550860946,
            "brake": 0.025305708736170558,
            "steer": 0.0
        },
        {
            "throttle": 0.16389389060333592,
            "brake": 0.0227751378625535,
            "steer": 0.0
        },
        {
            "throttle": 0.1615989307797909,
            "brake": 0.02049762407629815,
            "steer": 0.0
        },
        {
            "throttle": 0.1593299561416528,
            "brake": 0.018447861668668335,
            "steer": 0.0
        },
        {
            "throttle": 0.1571703192198396,
            "brake": 0.0166030755018015,
            "steer": 0.0
        },
        {
            "throttle": 0.15519540840174048,
            "brake": 0.014942767951621352,
            "steer": 0.0
        },
        {
            "throttle": 0.15347317184601506,
            "brake": 0.013448491156459217,
            "steer": 0.0
        },
        {
            "throttle": 0.1520645886946233,
            "brake": 0.012103642040813295,
            "steer": 0.0
        },
        {
            "throttle": 0.15102409371356512,
            "brake": 0.010893277836731967,
            "steer": 0.0
        },
        {
            "throttle": 0.15039996087892482,
            "brake": 0.00980395005305877,
            "steer": 0.0
        },
        {
            "throttle": 0.15023465086870733,
            "brake": 0.008823555047752892,
            "steer": 0.0
        },
        {
            "throttle": 0.15056512691775575,
            "brake": 0.007941199542977603,
            "steer": 0.0
        },
        {
            "throttle": 0.1514231430374865,
            "brake": 0.007147079588679843,
            "steer": 0.0
        },
        {
            "throttle": 0.1528355081895342,
            "brake": 0.006432371629811859,
            "steer": 0.0
        },
        {
            "throttle": 0.15482432962841308,
            "brake": 0.0057891344668306735,
            "steer": 0.0
        },
        {
            "throttle": 0.15740723828915587,
            "brake": 0.005210221020147606,
            "steer": 0.0
        },
        {
            "throttle": 0.16059759878815721,
            "brake": 0.004689198918132845,
            "steer": 0.0
        },
        {
            "throttle": 0.16440470632604914,
            "brake": 0.004220279026319561,
            "steer": 0.0
        },
        {
            "throttle": 0.16883397252760743,
            "brake": 0.0037982511236876047,
            "steer": 0.0
        },
        {
            "throttle": 0.17388710202295427,
            "brake": 0.0034184260113188443,
            "steer": 0.0
        },
        {
            "throttle": 0.17956226136445766,
            "brake": 0.00307658341018696,
            "steer": 0.0
        },
        {
            "throttle": 0.1858542416827396,
            "brake": 0.0027689250691682638,
            "steer": 0.0
        },
        {
            "throttle": 0.19275461631130525,
            "brake": 0.0024920325622514376,
            "steer": 0.0
        },
        {
            "throttle": 0.20025189445089037,
            "brake": 0.0022428293060262937,
            "steer": 0.0
        },
        {
            "throttle": 0.20833167180025688,
            "brake": 0.0020185463754236643,
            "steer": 0.0
        },
        {
            "throttle": 0.21697677894856213,
            "brake": 0.001816691737881298,
            "steer": 0.0
        },
        {
            "throttle": 0.22616742820443003,
            "brake": 0.0016350225640931683,
            "steer": 0.0
        },
        {
            "throttle": 0.23588135942743038,
            "brake": 0.0014715203076838515,
            "steer": 0.0
        },
        {
            "throttle": 0.24609398532790022,
            "brake": 0.0013243682769154665,
            "steer": 0.0
        },
        {
            "throttle": 0.25677853661009103,
            "brake": 0.0011919314492239198,
            "steer": 0.0
        },
        {
            "throttle": 0.26790620725075326,
            "brake": 0.001072738304301528,
            "steer": 0.0
        },
        {
            "throttle": 0.27944630012981286,
            "brake": 0.0009654644738713752,
            "steer": 0.0
        },
        {
            "throttle": 0.29136637316115604,
            "brake": 0.0008689180264842376,
            "steer": 0.0
        },
        {
            "throttle": 0.3036323860091869,
            "brake": 0.0007820262238358139,
            "steer": 0.0
        },
        {
            "throttle": 0.3162088474202751,
            "brake": 0.0007038236014522325,
            "steer": 0.0
        },
        {
            "throttle": 0.3290589631470441,
            "brake": 0.0006334412413070093,
            "steer": 0.0
        },
        {
            "throttle": 0.3421447843972746,
            "brake": 0.0005700971171763084,
            "steer": 0.0
        },
        {
            "throttle": 0.3554273566976672,
            "brake": 0.0005130874054586776,
            "steer": 0.0
        },
        {
            "throttle": 0.3688668690255132,
            "brake": 0.0004617786649128098,
            "steer": 0.0
        },
        {
            "throttle": 0.3824228030281786,
            "brake": 0.00041560079842152883,
            "steer": 0.0
        },
        {
            "throttle": 0.3960540821209606,
            "brake": 0.000374040718579376,
            "steer": 0.0
        },
        {
            "throttle": 0.40971922022809965,
            "brake": 0.0003366366467214384,
            "steer": 0.0
        },
        {
            "throttle": 0.4233764699093109,
            "brake": 0.00030297298204929457,
            "steer": 0.0
        },
        {
            "throttle": 0.4369839695949478,
            "brake": 0.00027267568384436514,
            "steer": 0.0
        },
        {
            "throttle": 0.45049988963665394,
            "brake": 0.00024540811545992864,
            "steer": 0.0
        },
        {
            "throttle": 0.4638825768669332,
            "brake": 0.0002208673039139358,
            "steer": 0.0
        },
        {
            "throttle": 0.4770906973503273,
            "brake": 0.00019878057352254222,
            "steer": 0.0
        },
        {
            "throttle": 0.4900833770006964,
            "brake": 0.000178902516170288,
            "steer": 0.0
        },
        {
            "throttle": 0.5028203397333206,
            "brake": 0.00016101226455325922,
            "steer": 0.0
        },
        {
            "throttle": 0.515262042817062,
            "brake": 0.0001449110380979333,
            "steer": 0.0
        },
        {
            "throttle": 0.5273698090905279,
            "brake": 0.00013041993428813996,
            "steer": 0.0
        },
        {
            "throttle": 0.5391059557069575,
            "brake": 0.00011737794085932597,
            "steer": 0.0
        },
        {
            "throttle": 0.5504339190752988,
            "brake": 0.00010564014677339338,
            "steer": 0.0
        },
        {
            "throttle": 0.5613183756695636,
            "brake": 9.507613209605405e-05,
            "steer": 0.0
        },
        {
            "throttle": 0.5717253583849419,
            "brake": 8.556851888644865e-05,
            "steer": 0.0
        },
        {
            "throttle": 0.5816223681272283,
            "brake": 7.701166699780379e-05,
            "steer": 0.0
        },
        {
            "throttle": 0.5909784803317759,
            "brake": 6.931050029802341e-05,
            "steer": 0.0
        },
        {
            "throttle": 0.5997644461193499,
            "brake": 6.237945026822107e-05,
            "steer": 0.0
        },
        {
            "throttle": 0.6079527878088226,
            "brake": 5.614150524139897e-05,
            "steer": 0.0
        },
        {
            "throttle": 0.615517888520537,
            "brake": 5.052735471725907e-05,
            "steer": 0.0
        },
        {
            "throttle": 0.6224360756192869,
            "brake": 4.5474619245533166e-05,
            "steer": 0.0
        },
        {
            "throttle": 0.6286856977621289,
            "brake": 4.092715732097985e-05,
            "steer": 0.0
        },
        {
            "throttle": 0.6342471953335662,
            "brake": 3.683444158888186e-05,
            "steer": 0.0
        },
        {
            "throttle": 0.6391031640689433,
            "brake": 3.3150997429993674e-05,
            "steer": 0.0
        },
        {
            "throttle": 0.6432384116860734,
            "brake": 2.9835897686994307e-05,
            "steer": 0.0
        },
        {
            "throttle": 0.6466400073651082,
            "brake": 2.6852307918294876e-05,
            "steer": 0.0
        },
        {
            "throttle": 0.6492973239373548,
            "brake": 2.416707712646539e-05,
            "steer": 0.0
        },
        {
            "throttle": 0.6512020726650727,
            "brake": 2.175036941381885e-05,
            "steer": 0.0
        },
        {
            "throttle": 0.652348330516149,
            "brake": 1.9575332472436966e-05,
            "steer": 0.0
        },
        {
            "throttle": 0.6527325598598769,
            "brake": 1.761779922519327e-05,
            "steer": 0.0
        },
        {
            "throttle": 0.6523536205327485,
            "brake": 1.5856019302673943e-05,
            "steer": 0.0
        },
        {
            "throttle": 0.6512127742461575,
            "brake": 1.427041737240655e-05,
            "steer": 0.0
        },
        {
            "throttle": 0.6493136813310786,
            "brake": 1.2843375635165895e-05,
            "steer": 0.0
        },
        {
            "throttle": 0.6466623898380848,
            "brake": 1.1559038071649305e-05,
            "steer": 0.0
        },
        {
            "throttle": 0.6432673170343883,
            "brake": 1.0403134264484374e-05,
            "steer": 0.0
        },
        {
            "throttle": 0.6391392233628628,
            "brake": 9.362820838035937e-06,
            "steer": 0.0
        },
        {
            "throttle": 0.6342911789511454,
            "brake": 8.426538754232343e-06,
            "steer": 0.0
        },
        {
            "throttle": 0.6287385227818479,
            "brake": 7.583884878809109e-06,
            "steer": 0.0
        },
        {
            "throttle": 0.6224988146575398,
            "brake": 6.825496390928198e-06,
            "steer": 0.0
        },
        {
            "throttle": 0.6155917801164352,
            "brake": 6.1429467518353786e-06,
            "steer": 0.0
        },
        {
            "throttle": 0.6080392484765413,
            "brake": 5.5286520766518405e-06,
            "steer": 0.0
        },
        {
            "throttle": 0.5998650842073266,
            "brake": 4.975786868986656e-06,
            "steer": 0.0
        },
        {
            "throttle": 0.5910951118486871,
            "brake": 4.478208182087991e-06,
            "steer": 0.0
        },
        {
            "throttle": 0.5817570347170421,
            "brake": 4.030387363879192e-06,
            "steer": 0.0
        },
        {
            "throttle": 0.5718803476577241,
            "brake": 3.6273486274912726e-06,
            "steer": 0.0
        },
        {
            "throttle": 0.5614962441213661,
            "brake": 3.2646137647421453e-06,
            "steer": 0.0
        },
        {
            "throttle": 0.5506375178596807,
            "brake": 2.9381523882679307e-06,
            "steer": 0.0
        },
        {
            "throttle": 0.5393384595528052,
            "brake": 2.6443371494411375e-06,
            "steer": 0.0
        },
        {
            "throttle": 0.5276347486962003,
            "brake": 2.379903434497024e-06,
            "steer": 0.0
        },
        {
            "throttle": 0.5155633410898898,
            "brake": 2.1419130910473215e-06,
            "steer": 0.0
        },
        {
            "throttle": 0.503162352286561,
            "brake": 1.9277217819425896e-06,
            "steer": 0.0
        },
        {
            "throttle": 0.4904709373676665,
            "brake": 1.7349496037483307e-06,
            "steer": 0.0
        },
        {
            "throttle": 0.477529167428139,
            "brake": 1.5614546433734976e-06,
            "steer": 0.0
        },
        {
            "throttle": 0.46437790316061334,
            "brake": 1.4053091790361478e-06,
            "steer": 0.0
        },
        {
            "throttle": 0.451058665939105,
            "brake": 1.264778261132533e-06,
            "steer": 0.0
        },
        {
            "throttle": 0.43761350680990097,
            "brake": 1.13830043501928e-06,
            "steer": 0.0
        },
        {
            "throttle": 0.4240848738039469,
            "brake": 1.024470391517352e-06,
            "steer": 0.0
        },
        {
            "throttle": 0.41051547799023896,
            "brake": 9.220233523656168e-07,
            "steer": 0.0
        },
        {
            "throttle": 0.3969481586936404,
            "brake": 8.298210171290552e-07,
            "steer": 0.0
        },
        {
            "throttle": 0.3834257483031224,
            "brake": 7.468389154161497e-07,
            "steer": 0.0
        },
        {
            "throttle": 0.3699909370976687,
            "brake": 6.721550238745347e-07,
            "steer": 0.0
        },
        {
            "throttle": 0.3566861385169814,
            "brake": 6.049395214870812e-07,
            "steer": 0.0
        },
        {
            "throttle": 0.3435533553026786,
            "brake": 5.444455693383731e-07,
            "steer": 0.0
        },
        {
            "throttle": 0.33063404693288895,
            "brake": 4.900010124045358e-07,
            "steer": 0.0
        },
        {
            "throttle": 0.31796899876902995,
            "brake": 4.410009111640822e-07,
            "steer": 0.0
        },
        {
            "throttle": 0.30559819332812205,
            "brake": 3.96900820047674e-07,
            "steer": 0.0
        },
        {
            "throttle": 0.2935606840872528,
            "brake": 3.572107380429066e-07,
            "steer": 0.0
        },
        {
            "throttle": 0.281894472218786,
            "brake": 3.2148966423861596e-07,
            "steer": 0.0
        },
        {
            "throttle": 0.2706363866456386,
            "brake": 2.893406978147544e-07,
            "steer": 0.0
        },
        {
            "throttle": 0.25982196779544403,
            "brake": 2.6040662803327896e-07,
            "steer": 0.0
        },
        {
            "throttle": 0.2494853554207294,
            "brake": 2.3436596522995108e-07,
            "steer": 0.0
        },
        {
            "throttle": 0.2396591808393797,
            "brake": 2.1092936870695597e-07,
            "steer": 0.0
        },
        {
            "throttle": 0.2303744639356945,
            "brake": 1.8983643183626036e-07,
            "steer": 0.0
        },
        {
            "throttle": 0.22166051524730046,
            "brake": 1.7085278865263433e-07,
            "steer": 0.0
        },
        {
            "throttle": 0.21354484344711772,
            "brake": 1.537675097873709e-07,
            "steer": 0.0
        },
        {
            "throttle": 0.20605306851253455,
            "brake": 1.3839075880863383e-07,
            "steer": 0.0
        },
        {
            "throttle": 0.19920884085598334,
            "brake": 1.2455168292777046e-07,
            "steer": 0.0
        },
        {
            "throttle": 0.19303376667228236,
            "brake": 1.1209651463499341e-07,
            "steer": 0.0
        },
        {
            "throttle": 0.1875473397384757,
            "brake": 1.0088686317149408e-07,
            "steer": 0.0
        },
        {
            "throttle": 0.18276687988152732,
            "brake": 9.079817685434467e-08,
            "steer": 0.0
        },
        {
            "throttle": 0.17870747830816983,
            "brake": 8.171835916891021e-08,
            "steer": 0.0
        }
    ],
    "parameters": {
        "cloudiness": 52.31212895764422,
        "fog_density": 32.24542705877984,
        "initial_distance": 26.810598292429148,
        "initial_ego_velocity": 17.992063662837843,
        "initial_lead_velocity": 10.43732317155195,
        "lead_base_throttle": 0.41118413173871293,
        "lead_behavior_frequency": 0.08943325188585503,
        "lead_brake_duration": 10.631144514752283,
        "lead_brake_intensity": 0.10028603611136172,
        "lead_brake_probability": 0.029629461664820833,
        "lead_throttle_variation": 0.27377122072372745,
        "precipitation": 89.92836975299228,
        "precipitation_deposits": 44.415256239687,
        "sun_altitude_angle": -7.875903553711442,
        "wind_intensity": 43.97596638575957
    },
    "config": {
        "num_timesteps": 200,
        "dt": 0.1,
        "seed": 204
    }
}