{
    "weather": {
        "cloudiness": 44.21832513339125,
        "precipitation": 61.65384718385292,
        "precipitation_deposits": 15.91096180431747,
        "wind_intensity": 13.649286520615227,
        "sun_altitude_angle": 26.605109808217563,
        "fog_density": 64.74289864656751,
        "fog_distance": 115.54483742331334,
        "wetness": 30.82692359192646
    },
    "initial_conditions": {
        "ego": {
            "position": {
                "x": 530.3590468564388,
                "y": 20.57,
                "z": 0.294
            },
            "yaw": 0.0,
            "velocity": 7.30552550458682
        },
        "lead": {
            "position": {
                "x": 484.88,
                "y": 20.57,
                "z": 0.294
            },
            "yaw": 0.0,
            "velocity": 15.662283209234056
        }
    },
    "ego": {
        "position": {
            "x": 530.3590468564388,
            "y": 20.57,
            "z": 0.294
        },
        "yaw": 0.0,
        "velocity": 7.30552550458682
    },
    "lead": {
        "position": {
            "x": 484.88,
            "y": 20.57,
            "z": 0.294
        },
        "yaw": 0.0,
        "velocity": 15.662283209234056
    },
    "ado_actions": [
        {
            "throttle": 0.368835212377568,
            "brake": 0.0,
            "steer": 0.0
        },
        {
            "throttle": 0.3713723574015778,
            "brake": 0.0,
            "steer": 0.0
        },
        {
            "throttle": 0.3761302055084333,
            "brake": 0.0,
            "steer": 0.0
        },
        {
            "throttle": 0.3827627823624074,
            "brake": 0.0,
            "steer": 0.0
        },
        {
            "throttle": 0.3909005978301888,
            "brake": 0.0,
            "steer": 0.0
        },
        {
            "throttle": 0.40015749768827774,
            "brake": 0.0,
            "steer": 0.0
        },
        {
            "throttle": 0.4101381556702597,
            "brake": 0.0,
            "steer": 0.0
        },
        {
            "throttle": 0.42044599778903613,
            "brake": 0.0,
            "steer": 0.0
        },
        {
            "throttle": 0.4306913424651135,
            "brake": 0.0,
            "steer": 0.0
        },
        {
            "throttle": 0.4404995367116315,
            "brake": 0.0,
            "steer": 0.0
        },
        {
            "throttle": 0.4495188705738806,
            "brake": 0.0,
            "steer": 0.0
        },
        {
            "throttle": 0.45742805916803514,
            "brake": 0.0,
            "steer": 0.0
        },
        {
            "throttle": 0.4639430938525036,
            "brake": 0.0,
            "steer": 0.0
        },
        {
            "throttle": 0.4688232810109748,
            "brake": 0.0,
            "steer": 0.0
        },
        {
            "throttle": 0.47187630822493476,
            "brake": 0.0,
            "steer": 0.0
        },
        {
            "throttle": 0.47296220275205214,
            "brake": 0.0,
            "steer": 0.0
        },
        {
            "throttle": 0.47199607559599355,
            "brake": 0.0,
            "steer": 0.0
        },
        {
            "throttle": 0.46894957536246795,
            "brake": 0.0,
            "steer": 0.0
        },
        {
            "throttle": 0.4638510087912515,
            "brake": 0.0,
            "steer": 0.0
        },
        {
            "throttle": 0.45678411853512174,
            "brake": 0.0,
            "steer": 0.0
        },
        {
            "throttle": 0.44788554259926994,
            "brake": 0.0,
            "steer": 0.0
        },
        {
            "throttle": 0.43734101302931955,
            "brake": 0.0,
            "steer": 0.0
        },
        {
            "throttle": 0.425380383128806,
            "brake": 0.0,
            "steer": 0.0
        },
        {
            "throttle": 0.41227160192011797,
            "brake": 0.0,
            "steer": 0.0
        },
        {
            "throttle": 0.3983137810139896,
            "brake": 0.0,
            "steer": 0.0
        },
        {
            "throttle": 0.3838295218724004,
            "brake": 0.0,
            "steer": 0.0
        },
        {
            "throttle": 0.36915669007823204,
            "brake": 0.0,
            "steer": 0.0
        },
        {
            "throttle": 0.35463983720549064,
            "brake": 0.0,
            "steer": 0.0
        },
        {
            "throttle": 0.3406214798741063,
            "brake": 0.0,
            "steer": 0.0
        },
        {
            "throttle": 0.32743344935409174,
            "brake": 0.0,
            "steer": 0.0
        },
        {
            "throttle": 0.31538852356446806,
            "brake": 0.0,
            "steer": 0.0
        },
        {
            "throttle": 0.3047725465329215,
            "brake": 0.0,
            "steer": 0.0
        },
        {
            "throttle": 0.2958372285124983,
            "brake": 0.0,
            "steer": 0.0
        },
        {
            "throttle": 0.2887938032872546,
            "brake": 0.0,
            "steer": 0.0
        },
        {
            "throttle": 0.2838076981534927,
            "brake": 0.0,
            "steer": 0.0
        },
        {
            "throttle": 0.2809943471589738,
            "brake": 0.0,
            "steer": 0.0
        },
        {
            "throttle": 0.2804162500365148,
            "brake": 0.0,
            "steer": 0.0
        },
        {
            "throttle": 0.2820813485778379,
            "brake": 0.0,
            "steer": 0.0
        },
        {
            "throttle": 0.285942759718432,
            "brake": 0.0,
            "steer": 0.0
        },
        {
            "throttle": 0.29189987114848065,
            "brake": 0.0,
            "steer": 0.0
        },
        {
            "throttle": 0.2998007716567222,
            "brake": 0.0,
            "steer": 0.0
        },
        {
            "throttle": 0.30944595548523046,
            "brake": 0.0,
            "steer": 0.0
        },
        {
            "throttle": 0.3205932085384342,
            "brake": 0.0,
            "steer": 0.0
        },
        {
            "throttle": 0.3329635551271239,
            "brake": 0.0,
            "steer": 0.0
        },
        {
            "throttle": 0.34624811775935954,
            "brake": 0.0,
            "steer": 0.0
        },
        {
            "throttle": 0.36011571996265634,
            "brake": 0.0,
            "steer": 0.0
        },
        {
            "throttle": 0.37422104379306137,
            "brake": 0.0,
            "steer": 0.0
        },
        {
            "throttle": 0.3882131400103607,
            "brake": 0.0,
            "steer": 0.0
        },
        {
            "throttle": 0.40174408021322167,
            "brake": 0.0,
            "steer": 0.0
        },
        {
            "throttle": 0.4144775367486836,
            "brake": 0.0,
            "steer": 0.0
        },
        {
            "throttle": 0.42609707802343166,
            "brake": 0.0,
            "steer": 0.0
        },
        {
            "throttle": 0.4363139739051923,
            "brake": 0.0,
            "steer": 0.0
        },
        {
            "throttle": 0.44487431803708505,
            "brake": 0.0,
            "steer": 0.0
        },
        {
            "throttle": 0.45156529079608854,
            "brake": 0.0,
            "steer": 0.0
        },
        {
            "throttle": 0.45622040789111135,
            "brake": 0.0,
            "steer": 0.0
        },
        {
            "throttle": 0.45872362469097633,
            "brake": 0.0,
            "steer": 0.0
        },
        {
            "throttle": 0.45901219467766635,
            "brake": 0.0,
            "steer": 0.0
        },
        {
            "throttle": 0.457078211235804,
            "brake": 0.0,
            "steer": 0.0
        },
        {
            "throttle": 0.45296879455381517,
            "brake": 0.0,
            "steer": 0.0
        },
        {
            "throttle": 0.44678491892057826,
            "brake": 0.0,
            "steer": 0.0
        },
        {
            "throttle": 0.438678909325254,
            "brake": 0.0,
            "steer": 0.0
        },
        {
            "throttle": 0.42885066917622666,
            "brake": 0.0,
            "steer": 0.0
        },
        {
            "throttle": 0.41754273233415445,
            "brake": 0.0,
            "steer": 0.0
        },
        {
            "throttle": 0.4050342617282978,
            "brake": 0.0,
            "steer": 0.0
        },
        {
            "throttle": 0.3916341428758385,
            "brake": 0.0,
            "steer": 0.0
        },
        {
            "throttle": 0.37767334300681293,
            "brake": 0.0,
            "steer": 0.0
        },
        {
            "throttle": 0.36349672465924876,
            "brake": 0.0,
            "steer": 0.0
        },
        {
            "throttle": 0.3494545161011268,
            "brake": 0.0,
            "steer": 0.0
        },
        {
            "throttle": 0.33589364942438427,
            "brake": 0.0,
            "steer": 0.0
        },
        {
            "throttle": 0.32314918043149404,
            "brake": 0.0,
            "steer": 0.0
        },
        {
            "throttle": 0.31153600241626944,
            "brake": 0.0,
            "steer": 0.0
        },
        {
            "throttle": 0.3013410586774029,
            "brake": 0.0,
            "steer": 0.0
        },
        {
            "throttle": 0.29281624627545466,
            "brake": 0.0,
            "steer": 0.0
        },
        {
            "throttle": 0.28617218645638187,
            "brake": 0.0,
            "steer": 0.0
        },
        {
            "throttle": 0.28157301573973587,
            "brake": 0.0,
            "steer": 0.0
        },
        {
            "throttle": 0.27913232643707975,
            "brake": 0.0,
            "steer": 0.0
        },
        {
            "throttle": 0.27891035694985616,
            "brake": 0.0,
            "steer": 0.0
        },
        {
            "throttle": 0.2809125012984383,
            "brake": 0.0,
            "steer": 0.0
        },
        {
            "throttle": 0.2850891747193415,
            "brake": 0.0,
            "steer": 0.0
        },
        {
            "throttle": 0.29133703864193145,
            "brake": 0.0,
            "steer": 0.0
        },
        {
            "throttle": 0.2995015547483269,
            "brake": 0.0,
            "steer": 0.0
        },
        {
            "throttle": 0.30938080496147236,
            "brake": 0.0,
            "steer": 0.0
        },
        {
            "throttle": 0.32073048290895595,
            "brake": 0.0,
            "steer": 0.0
        },
        {
            "throttle": 0.3332699334478555,
            "brake": 0.0,
            "steer": 0.0
        },
        {
            "throttle": 0.3466890909247835,
            "brake": 0.0,
            "steer": 0.0
        },
        {
            "throttle": 0.3606561446259866,
            "brake": 0.0,
            "steer": 0.0
        },
        {
            "throttle": 0.3748257418941925,
            "brake": 0.0,
            "steer": 0.0
        },
        {
            "throttle": 0.38884752609637746,
            "brake": 0.0,
            "steer": 0.0
        },
        {
            "throttle": 0.40237479834839535,
            "brake": 0.0,
            "steer": 0.0
        },
        {
            "throttle": 0.4150730888431385,
            "brake": 0.0,
            "steer": 0.0
        },
        {
            "throttle": 0.4266284258642349,
            "brake": 0.0,
            "steer": 0.0
        },
        {
            "throttle": 0.43675509804196017,
            "brake": 0.0,
            "steer": 0.0
        },
        {
            "throttle": 0.44520271793726396,
            "brake": 0.0,
            "steer": 0.0
        },
        {
            "throttle": 0.45176241231380976,
            "brake": 0.0,
            "steer": 0.0
        },
        {
            "throttle": 0.45627198604963815,
            "brake": 0.0,
            "steer": 0.0
        },
        {
            "throttle": 0.45861993201565554,
            "brake": 0.0,
            "steer": 0.0
        },
        {
            "throttle": 0.45874818778025794,
            "brake": 0.0,
            "steer": 0.0
        },
        {
            "throttle": 0.45665357098260095,
            "brake": 0.0,
            "steer": 0.0
        },
        {
            "throttle": 0.45238785788531033,
            "brake": 0.0,
            "steer": 0.0
        },
        {
            "throttle": 0.44605650316311596,
            "brake": 0.0,
            "steer": 0.0
        },
        {
            "throttle": 0.4378160325776154,
            "brake": 0.0,
            "steer": 0.0
        },
        {
            "throttle": 0.42787017299957425,
            "brake": 0.0,
            "steer": 0.0
        },
        {
            "throttle": 0.41646481545763864,
            "brake": 0.0,
            "steer": 0.0
        },
        {
            "throttle": 0.4038819357442636,
            "brake": 0.0,
            "steer": 0.0
        },
        {
            "throttle": 0.3904326228827243,
            "brake": 0.0,
            "steer": 0.0
        },
        {
            "throttle": 0.37644938781607384,
            "brake": 0.0,
            "steer": 0.0
        },
        {
            "throttle": 0.3622779424745153,
            "brake": 0.0,
            "steer": 0.0
        },
        {
            "throttle": 0.34826865247188876,
            "brake": 0.0,
            "steer": 0.0
        },
        {
            "throttle": 0.33476787475111286,
            "brake": 0.0,
            "steer": 0.0
        },
        {
            "throttle": 0.32210939434294955,
            "brake": 0.0,
            "steer": 0.0
        },
        {
            "throttle": 0.31060617195207296,
            "brake": 0.0,
            "steer": 0.0
        },
        {
            "throttle": 0.3005426063996845,
            "brake": 0.0,
            "steer": 0.0
        },
        {
            "throttle": 0.29216750322283525,
            "brake": 0.0,
            "steer": 0.0
        },
        {
            "throttle": 0.28568792327189185,
            "brake": 0.0,
            "steer": 0.0
        },
        {
            "throttle": 0.28126406339086585,
            "brake": 0.0,
            "steer": 0.0
        },
        {
            "throttle": 0.27900529574851923,
            "brake": 0.0,
            "steer": 0.0
        },
        {
            "throttle": 0.27896746374212933,
            "brake": 0.0,
            "steer": 0.0
        },
        {
            "throttle": 0.2811515013287801,
            "brake": 0.0,
            "steer": 0.0
        },
        {
            "throttle": 0.2855034099191346,
            "brake": 0.0,
            "steer": 0.0
        },
        {
            "throttle": 0.29191559340478723,
            "brake": 0.0,
            "steer": 0.0
        },
        {
            "throttle": 0.30022951831231637,
            "brake": 0.0,
            "steer": 0.0
        },
        {
            "throttle": 0.3102396333152311,
            "brake": 0.0,
            "steer": 0.0
        },
        {
            "throttle": 0.3216984511991169,
            "brake": 0.0,
            "steer": 0.0
        },
        {
            "throttle": 0.3343226676352349,
            "brake": 0.0,
            "steer": 0.0
        },
        {
            "throttle": 0.3478001654841694,
            "brake": 0.0,
            "steer": 0.0
        },
        {
            "throttle": 0.3617977314576093,
            "brake": 0.0,
            "steer": 0.0
        },
        {
            "throttle": 0.37596929435427956,
            "brake": 0.0,
            "steer": 0.0
        },
        {
            "throttle": 0.38996448119083904,
            "brake": 0.0,
            "steer": 0.0
        },
        {
            "throttle": 0.4034372796890504,
            "brake": 0.0,
            "steer": 0.0
        },
        {
            "throttle": 0.41605459295102093,
            "brake": 0.0,
            "steer": 0.0
        },
        {
            "throttle": 0.4275044748198227,
            "brake": 0.0,
            "steer": 0.0
        },
        {
            "throttle": 0.4375038423174211,
            "brake": 0.0,
            "steer": 0.0
        },
        {
            "throttle": 0.4458054744803953,
            "brake": 0.0,
            "steer": 0.0
        },
        {
            "throttle": 0.45220412455677494,
            "brake": 0.0,
            "steer": 0.0
        },
        {
            "throttle": 0.4565415944482561,
            "brake": 0.0,
            "steer": 0.0
        },
        {
            "throttle": 0.45871064593912464,
            "brake": 0.0,
            "steer": 0.0
        },
        {
            "throttle": 0.45865765201207576,
            "brake": 0.0,
            "steer": 0.0
        },
        {
            "throttle": 0.4563839227007481,
            "brake": 0.0,
            "steer": 0.0
        },
        {
            "throttle": 0.451945672699061,
            "brake": 0.0,
            "steer": 0.0
        },
        {
            "throttle": 0.44545263152814685,
            "brake": 0.0,
            "steer": 0.0
        },
        {
            "throttle": 0.4370653306225827,
            "brake": 0.0,
            "steer": 0.0
        },
        {
            "throttle": 0.4269911344089826,
            "brake": 0.0,
            "steer": 0.0
        },
        {
            "throttle": 0.41547911350308836,
            "brake": 0.0,
            "steer": 0.0
        },
        {
            "throttle": 0.4028138867785286,
            "brake": 0.0,
            "steer": 0.0
        },
        {
            "throttle": 0.38930858455365913,
            "brake": 0.0,
            "steer": 0.0
        },
        {
            "throttle": 0.37529710687204804,
            "brake": 0.0,
            "steer": 0.0
        },
        {
            "throttle": 0.36112586828001725,
            "brake": 0.0,
            "steer": 0.0
        },
        {
            "throttle": 0.3471452332003092,
            "brake": 0.0,
            "steer": 0.0
        },
        {
            "throttle": 0.3337008536505375,
            "brake": 0.0,
            "steer": 0.0
        },
        {
            "throttle": 0.3211251234694701,
            "brake": 0.0,
            "steer": 0.0
        },
        {
            "throttle": 0.30972896033370123,
            "brake": 0.0,
            "steer": 0.0
        },
        {
            "throttle": 0.2997941187430961,
            "brake": 0.0,
            "steer": 0.0
        },
        {
            "throttle": 0.29156622402591975,
            "brake": 0.0,
            "steer": 0.0
        },
        {
            "throttle": 0.2852486995883358,
            "brake": 0.0,
            "steer": 0.0
        },
        {
            "throttle": 0.2809977375487167,
            "brake": 0.0,
            "steer": 0.0
        },
        {
            "throttle": 0.2789184371009449,
            "brake": 0.0,
            "steer": 0.0
        },
        {
            "throttle": 0.27906220608038623,
            "brake": 0.0,
            "steer": 0.0
        },
        {
            "throttle": 0.2814254899752561,
            "brake": 0.0,
            "steer": 0.0
        },
        {
            "throttle": 0.28594985980683146,
            "brake": 0.0,
            "steer": 0.0
        },
        {
            "throttle": 0.2925234567057872,
            "brake": 0.0,
            "steer": 0.0
        },
        {
            "throttle": 0.30098375746948297,
            "brake": 0.0,
            "steer": 0.0
        },
        {
            "throttle": 0.31112159272557693,
            "brake": 0.0,
            "steer": 0.0
        },
        {
            "throttle": 0.32268631835837014,
            "brake": 0.0,
            "steer": 0.0
        },
        {
            "throttle": 0.3353920123414382,
            "brake": 0.0,
            "steer": 0.0
        },
        {
            "throttle": 0.34892454376834403,
            "brake": 0.0,
            "steer": 0.0
        },
        {
            "throttle": 0.36294933930931816,
            "brake": 0.0,
            "steer": 0.0
        },
        {
            "throttle": 0.37711965507889217,
            "brake": 0.0,
            "steer": 0.0
        },
        {
            "throttle": 0.3910851494038772,
            "brake": 0.0,
            "steer": 0.0
        },
        {
            "throttle": 0.404500544541729,
            "brake": 0.0,
            "steer": 0.0
        },
        {
            "throttle": 0.4170341632001659,
            "brake": 0.0,
            "steer": 0.0
        },
        {
            "throttle": 0.428376128804272,
            "brake": 0.0,
            "steer": 0.0
        },
        {
            "throttle": 0.4382460267707038,
            "brake": 0.0,
            "steer": 0.0
        },
        {
            "throttle": 0.4463998373744779,
            "brake": 0.0,
            "steer": 0.0
        },
        {
            "throttle": 0.4526359688026957,
            "brake": 0.0,
            "steer": 0.0
        },
        {
            "throttle": 0.4568002412362065,
            "brake": 0.0,
            "steer": 0.0
        },
        {
            "throttle": 0.45878969873461106,
            "brake": 0.0,
            "steer": 0.0
        },
        {
            "throttle": 0.45855515468096353,
            "brake": 0.0,
            "steer": 0.0
        },
        {
            "throttle": 0.4561024078535351,
            "brake": 0.0,
            "steer": 0.0
        },
        {
            "throttle": 0.45149209905892934,
            "brake": 0.0,
            "steer": 0.0
        },
        {
            "throttle": 0.4448382118710974,
            "brake": 0.0,
            "steer": 0.0
        },
        {
            "throttle": 0.4363052545434307,
            "brake": 0.0,
            "steer": 0.0
        },
        {
            "throttle": 0.42610419276729683,
            "brake": 0.0,
            "steer": 0.0
        },
        {
            "throttle": 0.4144872338339981,
            "brake": 0.0,
            "steer": 0.0
        },
        {
            "throttle": 0.40174159115461106,
            "brake": 0.0,
            "steer": 0.0
        },
        {
            "throttle": 0.3881823833014197,
            "brake": 0.0,
            "steer": 0.0
        },
        {
            "throttle": 0.3741448431324266,
            "brake": 0.0,
            "steer": 0.0
        },
        {
            "throttle": 0.3599760296176762,
            "brake": 0.0,
            "steer": 0.0
        },
        {
            "throttle": 0.3460262472811423,
            "brake": 0.0,
            "steer": 0.0
        },
        {
            "throttle": 0.3326403854007375,
            "brake": 0.0,
            "steer": 0.0
        },
        {
            "throttle": 0.3201493910928715,
            "brake": 0.0,
            "steer": 0.0
        },
        {
            "throttle": 0.3088620870978749,
            "brake": 0.0,
            "steer": 0.0
        },
        {
            "throttle": 0.29905753656034545,
            "brake": 0.0,
            "steer": 0.0
        },
        {
            "throttle": 0.29097814357477575,
            "brake": 0.0,
            "steer": 0.0
        },
        {
            "throttle": 0.2848236600760289,
            "brake": 0.0,
            "steer": 0.0
        },
        {
            "throttle": 0.2807462472460942,
            "brake": 0.0,
            "steer": 0.0
        },
        {
            "throttle": 0.2788467135370832,
            "brake": 0.0,
            "steer": 0.0
        },
        {
            "throttle": 0.279172022320198,
            "brake": 0.0,
            "steer": 0.0
        },
        {
            "throttle": 0.28171413078064167,
            "brake": 0.0,
            "steer": 0.0
        },
        {
            "throttle": 0.28641018876520447,
            "brake": 0.0,
            "steer": 0.0
        },
        {
            "throttle": 0.2931440926662918,
            "brake": 0.0,
            "steer": 0.0
        }
    ],
    "parameters": {
        "cloudiness": 44.21832513339125,
        "fog_density": 64.74289864656751,
        "initial_distance": 45.47904685643875,
        "initial_ego_velocity": 7.30552550458682,
        "initial_lead_velocity": 15.662283209234056,
        "lead_base_throttle": 0.368835212377568,
        "lead_behavior_frequency": 0.2505097707187299,
        "lead_brake_duration": 28.74582019693108,
        "lead_brake_intensity": 0.6899576369400588,
        "lead_brake_probability": 0.0044351844904026,
        "lead_throttle_variation": 0.16185849321754797,
        "precipitation": 61.65384718385292,
        "precipitation_deposits": 15.91096180431747,
        "sun_altitude_angle": 26.605109808217563,
        "wind_intensity": 13.649286520615227
    },
    "config": {
        "num_timesteps": 200,
        "dt": 0.1,
        "seed": 214
    }
}