{
    "weather": {
        "cloudiness": 36.22130403252164,
        "precipitation": 4.243126351926085,
        "precipitation_deposits": 51.98519683810736,
        "wind_intensity": 38.82398974030208,
        "sun_altitude_angle": 45.77283767425459,
        "fog_density": 69.15153246324536,
        "fog_distance": 99.75370489392405,
        "wetness": 2.1215631759630424
    },
    "initial_conditions": {
        "ego": {
            "position": {
                "x": 534.72982352574,
                "y": 20.57,
                "z": 0.294
            },
            "yaw": 0.0,
            "velocity": 5.117708900984376
        },
        "lead": {
            "position": {
                "x": 484.88,
                "y": 20.57,
                "z": 0.294
            },
            "yaw": 0.0,
            "velocity": 17.218820540040852
        }
    },
    "ego": {
        "position": {
            "x": 534.72982352574,
            "y": 20.57,
            "z": 0.294
        },
        "yaw": 0.0,
        "velocity": 5.117708900984376
    },
    "lead": {
        "position": {
            "x": 484.88,
            "y": 20.57,
            "z": 0.294
        },
        "yaw": 0.0,
        "velocity": 17.218820540040852
    },
    "ado_actions": [
        {
            "throttle": 0.518080234531149,
            "brake": 0.0,
            "steer": 0.0
        },
        {
            "throttle": 0.5195269959408911,
            "brake": 0.0,
            "steer": 0.0
        },
        {
            "throttle": 0.5222634258115223,
            "brake": 0.0,
            "steer": 0.0
        },
        {
            "throttle": 0.5261358302482614,
            "brake": 0.0,
            "steer": 0.0
        },
        {
            "throttle": 0.530993786724513,
            "brake": 0.0,
            "steer": 0.0
        },
        {
            "throttle": 0.5366901329956537,
            "brake": 0.0,
            "steer": 0.0
        },
        {
            "throttle": 0.5430810582400254,
            "brake": 0.0,
            "steer": 0.0
        },
        {
            "throttle": 0.5500262826240649,
            "brake": 0.0,
            "steer": 0.0
        },
        {
            "throttle": 0.5573893120316901,
            "brake": 0.0,
            "steer": 0.0
        },
        {
            "throttle": 0.5650377552248371,
            "brake": 0.0,
            "steer": 0.0
        },
        {
            "throttle": 0.5728436912209262,
            "brake": 0.0,
            "steer": 0.0
        },
        {
            "throttle": 0.5806840751912576,
            "brake": 0.0,
            "steer": 0.0
        },
        {
            "throttle": 0.5884411717080436,
            "brake": 0.0,
            "steer": 0.0
        },
        {
            "throttle": 0.5960030047019196,
            "brake": 0.0,
            "steer": 0.0
        },
        {
            "throttle": 0.603263814040352,
            "brake": 0.0,
            "steer": 0.0
        },
        {
            "throttle": 0.6101245092033125,
            "brake": 0.0,
            "steer": 0.0
        },
        {
            "throttle": 0.6164931111180111,
            "brake": 0.0,
            "steer": 0.0
        },
        {
            "throttle": 0.6222851738205549,
            "brake": 0.0,
            "steer": 0.0
        },
        {
            "throttle": 0.6274241782395497,
            "brake": 0.0,
            "steer": 0.0
        },
        {
            "throttle": 0.6318418910445254,
            "brake": 0.0,
            "steer": 0.0
        },
        {
            "throttle": 0.6354786821696518,
            "brake": 0.0,
            "steer": 0.0
        },
        {
            "throttle": 0.6382837953088454,
            "brake": 0.0,
            "steer": 0.0
        },
        {
            "throttle": 0.6402155663798714,
            "brake": 0.0,
            "steer": 0.0
        },
        {
            "throttle": 0.6412415856696847,
            "brake": 0.0,
            "steer": 0.0
        },
        {
            "throttle": 0.6413388000978889,
            "brake": 0.0,
            "steer": 0.0
        },
        {
            "throttle": 0.6404935527662782,
            "brake": 0.0,
            "steer": 0.0
        },
        {
            "throttle": 0.6387015576961061,
            "brake": 0.0,
            "steer": 0.0
        },
        {
            "throttle": 0.6359678083868642,
            "brake": 0.0,
            "steer": 0.0
        },
        {
            "throttle": 0.6323064195566366,
            "brake": 0.0,
            "steer": 0.0
        },
        {
            "throttle": 0.6277404021400358,
            "brake": 0.0,
            "steer": 0.0
        },
        {
            "throttle": 0.6223013723207652,
            "brake": 0.0,
            "steer": 0.0
        },
        {
            "throttle": 0.6160291960574064,
            "brake": 0.0,
            "steer": 0.0
        },
        {
            "throttle": 0.6089715712185173,
            "brake": 0.0,
            "steer": 0.0
        },
        {
            "throttle": 0.6011835500720741,
            "brake": 0.0,
            "steer": 0.0
        },
        {
            "throttle": 0.5927270054703231,
            "brake": 0.0,
            "steer": 0.0
        },
        {
            "throttle": 0.5836700446300613,
            "brake": 0.0,
            "steer": 0.0
        },
        {
            "throttle": 0.5740863749262677,
            "brake": 0.0,
            "steer": 0.0
        },
        {
            "throttle": 0.5640546265901829,
            "brake": 0.0,
            "steer": 0.0
        },
        {
            "throttle": 0.553657637627999,
            "brake": 0.0,
            "steer": 0.0
        },
        {
            "throttle": 0.49829187386519913,
            "brake": 0.0334928642890224,
            "steer": 0.0
        },
        {
            "throttle": 0.4484626864786792,
            "brake": 0.06363644214914256,
            "steer": 0.0
        },
        {
            "throttle": 0.4036164178308113,
            "brake": 0.0907656622232507,
            "steer": 0.0
        },
        {
            "throttle": 0.3632547760477302,
            "brake": 0.11518196028994804,
            "steer": 0.0
        },
        {
            "throttle": 0.3269292984429572,
            "brake": 0.13715662854997562,
            "steer": 0.0
        },
        {
            "throttle": 0.2942363685986615,
            "brake": 0.15693382998400046,
            "steer": 0.0
        },
        {
            "throttle": 0.2648127317387953,
            "brake": 0.17473331127462283,
            "steer": 0.0
        },
        {
            "throttle": 0.2383314585649158,
            "brake": 0.19075284443618296,
            "steer": 0.0
        },
        {
            "throttle": 0.21449831270842423,
            "brake": 0.20517042428158708,
            "steer": 0.0
        },
        {
            "throttle": 0.19304848143758183,
            "brake": 0.21814624614245076,
            "steer": 0.0
        },
        {
            "throttle": 0.17374363329382364,
            "brake": 0.22982448581722809,
            "steer": 0.0
        },
        {
            "throttle": 0.15636926996444128,
            "brake": 0.2403349015245277,
            "steer": 0.0
        },
        {
            "throttle": 0.14073234296799716,
            "brake": 0.24979427566109733,
            "steer": 0.0
        },
        {
            "throttle": 0.12665910867119745,
            "brake": 0.25830771238400996,
            "steer": 0.0
        },
        {
            "throttle": 0.11399319780407771,
            "brake": 0.26596980543463133,
            "steer": 0.0
        },
        {
            "throttle": 0.10259387802366994,
            "brake": 0.2728656891801906,
            "steer": 0.0
        },
        {
            "throttle": 0.09233449022130295,
            "brake": 0.279071984551194,
            "steer": 0.0
        },
        {
            "throttle": 0.08310104119917266,
            "brake": 0.28465765038509694,
            "steer": 0.0
        },
        {
            "throttle": 0.0747909370792554,
            "brake": 0.28968474963560964,
            "steer": 0.0
        },
        {
            "throttle": 0.06731184337132985,
            "brake": 0.29420913896107104,
            "steer": 0.0
        },
        {
            "throttle": 0.10100781921011048,
            "brake": 0.26478822506496397,
            "steer": 0.0
        },
        {
            "throttle": 0.1323749354748987,
            "brake": 0.23830940255846758,
            "steer": 0.0
        },
        {
            "throttle": 0.16173482209153434,
            "brake": 0.21447846230262083,
            "steer": 0.0
        },
        {
            "throttle": 0.18936725223130726,
            "brake": 0.19303061607235875,
            "steer": 0.0
        },
        {
            "throttle": 0.2155136495392132,
            "brake": 0.17372755446512286,
            "steer": 0.0
        },
        {
            "throttle": 0.24038033365871167,
            "brake": 0.15635479901861057,
            "steer": 0.0
        },
        {
            "throttle": 0.2641415352820921,
            "brake": 0.1407193191167495,
            "steer": 0.0
        },
        {
            "throttle": 0.28694220802521914,
            "brake": 0.12664738720507457,
            "steer": 0.0
        },
        {
            "throttle": 0.3089006608516404,
            "brake": 0.11398264848456711,
            "steer": 0.0
        },
        {
            "throttle": 0.33011103152538745,
            "brake": 0.1025843836361104,
            "steer": 0.0
        },
        {
            "throttle": 0.35064561862896115,
            "brake": 0.09232594527249936,
            "steer": 0.0
        },
        {
            "throttle": 0.37055708702037,
            "brake": 0.08309335074524943,
            "steer": 0.0
        },
        {
            "throttle": 0.38988055920045855,
            "brake": 0.07478401567072449,
            "steer": 0.0
        },
        {
            "throttle": 0.4086356029009834,
            "brake": 0.06730561410365204,
            "steer": 0.0
        },
        {
            "throttle": 0.42682812326861763,
            "brake": 0.06057505269328684,
            "steer": 0.0
        },
        {
            "throttle": 0.44445216629550915,
            "brake": 0.05451754742395816,
            "steer": 0.0
        },
        {
            "throttle": 0.4614916386197132,
            "brake": 0.049065792681562345,
            "steer": 0.0
        },
        {
            "throttle": 0.4779219474764532,
            "brake": 0.04415921341340611,
            "steer": 0.0
        },
        {
            "throttle": 0.493711563412355,
            "brake": 0.0397432920720655,
            "steer": 0.0
        },
        {
            "throttle": 0.5088235073689851,
            "brake": 0.03576896286485895,
            "steer": 0.0
        },
        {
            "throttle": 0.5232167628892943,
            "brake": 0.032192066578373056,
            "steer": 0.0
        },
        {
            "throttle": 0.53684761349155,
            "brake": 0.028972859920535752,
            "steer": 0.0
        },
        {
            "throttle": 0.5496709046811075,
            "brake": 0.026075573928482178,
            "steer": 0.0
        },
        {
            "throttle": 0.5616412296223339,
            "brake": 0.023468016535633962,
            "steer": 0.0
        },
        {
            "throttle": 0.5727140371628278,
            "brake": 0.021121214882070565,
            "steer": 0.0
        },
        {
            "throttle": 0.5828466606816768,
            "brake": 0.01900909339386351,
            "steer": 0.0
        },
        {
            "throttle": 0.591999266114886,
            "brake": 0.017108184054477157,
            "steer": 0.0
        },
        {
            "throttle": 0.6001357174864482,
            "brake": 0.015397365649029443,
            "steer": 0.0
        },
        {
            "throttle": 0.6072243583350495,
            "brake": 0.013857629084126499,
            "steer": 0.0
        },
        {
            "throttle": 0.6132387075663832,
            "brake": 0.01247186617571385,
            "steer": 0.0
        },
        {
            "throttle": 0.6181580684718333,
            "brake": 0.011224679558142464,
            "steer": 0.0
        },
        {
            "throttle": 0.6219680499282465,
            "brake": 0.010102211602328218,
            "steer": 0.0
        },
        {
            "throttle": 0.6246609991230543,
            "brake": 0.009091990442095396,
            "steer": 0.0
        },
        {
            "throttle": 0.6262363455265932,
            "brake": 0.008182791397885856,
            "steer": 0.0
        },
        {
            "throttle": 0.626700856251623,
            "brake": 0.007364512258097271,
            "steer": 0.0
        },
        {
            "throttle": 0.6260688033913433,
            "brake": 0.006628061032287544,
            "steer": 0.0
        },
        {
            "throttle": 0.6243620444043648,
            "brake": 0.00596525492905879,
            "steer": 0.0
        },
        {
            "throttle": 0.6216100171108957,
            "brake": 0.005368729436152911,
            "steer": 0.0
        },
        {
            "throttle": 0.6178496513718416,
            "brake": 0.00483185649253762,
            "steer": 0.0
        },
        {
            "throttle": 0.6131252000347037,
            "brake": 0.004348670843283858,
            "steer": 0.0
        },
        {
            "throttle": 0.60748799224047,
            "brake": 0.003913803758955473,
            "steer": 0.0
        },
        {
            "throttle": 0.6009961126876949,
            "brake": 0.0035224233830599256,
            "steer": 0.0
        },
        {
            "throttle": 0.5937140109375443,
            "brake": 0.003170181044753933,
            "steer": 0.0
        },
        {
            "throttle": 0.5857120453108935,
            "brake": 0.0028531629402785397,
            "steer": 0.0
        },
        {
            "throttle": 0.5770659663701373,
            "brake": 0.0025678466462506857,
            "steer": 0.0
        },
        {
            "throttle": 0.5678563453890652,
            "brake": 0.0023110619816256173,
            "steer": 0.0
        },
        {
            "throttle": 0.5581679535892614,
            "brake": 0.002079955783463056,
            "steer": 0.0
        },
        {
            "throttle": 0.5480890982567027,
            "brake": 0.0018719602051167502,
            "steer": 0.0
        },
        {
            "throttle": 0.5377109221437052,
            "brake": 0.0016847641846050752,
            "steer": 0.0
        },
        {
            "throttle": 0.5271266728057346,
            "brake": 0.0015162877661445678,
            "steer": 0.0
        },
        {
            "throttle": 0.5164309487169658,
            "brake": 0.001364658989530111,
            "steer": 0.0
        },
        {
            "throttle": 0.505718929150474,
            "brake": 0.0012281930905771,
            "steer": 0.0
        },
        {
            "throttle": 0.4551470362354266,
            "brake": 0.03459823807054179,
            "steer": 0.0
        },
        {
            "throttle": 0.409632332611884,
            "brake": 0.06463127855251001,
            "steer": 0.0
        },
        {
            "throttle": 0.3686690993506956,
            "brake": 0.0916610149862814,
            "steer": 0.0
        },
        {
            "throttle": 0.33180218941562606,
            "brake": 0.11598777777667567,
            "steer": 0.0
        },
        {
            "throttle": 0.29862197047406347,
            "brake": 0.1378818642880305,
            "steer": 0.0
        },
        {
            "throttle": 0.26875977342665713,
            "brake": 0.15758654214824985,
            "steer": 0.0
        },
        {
            "throttle": 0.24188379608399144,
            "brake": 0.17532075222244728,
            "steer": 0.0
        },
        {
            "throttle": 0.2176954164755923,
            "brake": 0.19128154128922495,
            "steer": 0.0
        },
        {
            "throttle": 0.19592587482803306,
            "brake": 0.20564625144932486,
            "steer": 0.0
        },
        {
            "throttle": 0.17633328734522977,
            "brake": 0.21857449059341477,
            "steer": 0.0
        },
        {
            "throttle": 0.1586999586107068,
            "brake": 0.2302099058230957,
            "steer": 0.0
        },
        {
            "throttle": 0.1428299627496361,
            "brake": 0.24068177952980854,
            "steer": 0.0
        },
        {
            "throttle": 0.1285469664746725,
            "brake": 0.25010646586585006,
            "steer": 0.0
        },
        {
            "throttle": 0.11569226982720526,
            "brake": 0.25858868356828746,
            "steer": 0.0
        },
        {
            "throttle": 0.10412304284448475,
            "brake": 0.2662226795004811,
            "steer": 0.0
        },
        {
            "throttle": 0.09371073856003627,
            "brake": 0.2730932758394554,
            "steer": 0.0
        },
        {
            "throttle": 0.08433966470403265,
            "brake": 0.2792768125445323,
            "steer": 0.0
        },
        {
            "throttle": 0.07590569823362939,
            "brake": 0.2848419955791015,
            "steer": 0.0
        },
        {
            "throttle": 0.06831512841026645,
            "brake": 0.2898506603102138,
            "steer": 0.0
        },
        {
            "throttle": 0.061483615569239806,
            "brake": 0.29435845856821485,
            "steer": 0.0
        },
        {
            "throttle": 0.10068353001744956,
            "brake": 0.2649226127113934,
            "steer": 0.0
        },
        {
            "throttle": 0.13730865359951494,
            "brake": 0.23843035144025407,
            "steer": 0.0
        },
        {
            "throttle": 0.12357778823956345,
            "brake": 0.24808018058525105,
            "steer": 0.0
        },
        {
            "throttle": 0.1112200094156071,
            "brake": 0.25676502681574837,
            "steer": 0.0
        },
        {
            "throttle": 0.10009800847404639,
            "brake": 0.2645813884231959,
            "steer": 0.0
        },
        {
            "throttle": 0.09008820762664176,
            "brake": 0.2716161138698987,
            "steer": 0.0
        },
        {
            "throttle": 0.08107938686397759,
            "brake": 0.2779473667719312,
            "steer": 0.0
        },
        {
            "throttle": 0.07297144817757983,
            "brake": 0.2836454943837605,
            "steer": 0.0
        },
        {
            "throttle": 0.06567430335982186,
            "brake": 0.2887738092344069,
            "steer": 0.0
        },
        {
            "throttle": 0.05910687302383967,
            "brake": 0.2933892925999886,
            "steer": 0.0
        },
        {
            "throttle": 0.05319618572145571,
            "brake": 0.2975432276290121,
            "steer": 0.0
        },
        {
            "throttle": 0.047876567149310136,
            "brake": 0.30128176915513327,
            "steer": 0.0
        },
        {
            "throttle": 0.043088910434379124,
            "brake": 0.3046464565286423,
            "steer": 0.0
        },
        {
            "throttle": 0.038780019390941216,
            "brake": 0.3076746751648005,
            "steer": 0.0
        },
        {
            "throttle": 0.034902017451847095,
            "brake": 0.31040007193734287,
            "steer": 0.0
        },
        {
            "throttle": 0.031411815706662384,
            "brake": 0.31285292903263096,
            "steer": 0.0
        },
        {
            "throttle": 0.028270634135996148,
            "brake": 0.3150605004183903,
            "steer": 0.0
        },
        {
            "throttle": 0.025443570722396534,
            "brake": 0.3170473146655737,
            "steer": 0.0
        },
        {
            "throttle": 0.02289921365015688,
            "brake": 0.3188354474880387,
            "steer": 0.0
        },
        {
            "throttle": 0.020609292285141193,
            "brake": 0.3204447670282573,
            "steer": 0.0
        },
        {
            "throttle": 0.018548363056627073,
            "brake": 0.321893154614454,
            "steer": 0.0
        },
        {
            "throttle": 0.016693526750964367,
            "brake": 0.323196703442031,
            "steer": 0.0
        },
        {
            "throttle": 0.08245187490909625,
            "brake": 0.2908770330978279,
            "steer": 0.0
        },
        {
            "throttle": 0.14150648852864228,
            "brake": 0.26178932978804514,
            "steer": 0.0
        },
        {
            "throttle": 0.19439478311643726,
            "brake": 0.23561039680924065,
            "steer": 0.0
        },
        {
            "throttle": 0.24160267143563124,
            "brake": 0.21204935712831657,
            "steer": 0.0
        },
        {
            "throttle": 0.28357083567509667,
            "brake": 0.1908444214154849,
            "steer": 0.0
        },
        {
            "throttle": 0.32070034355872046,
            "brake": 0.17175997927393644,
            "steer": 0.0
        },
        {
            "throttle": 0.3533576646194917,
            "brake": 0.1545839813465428,
            "steer": 0.0
        },
        {
            "throttle": 0.38187913756886316,
            "brake": 0.13912558321188853,
            "steer": 0.0
        },
        {
            "throttle": 0.40657493500457464,
            "brake": 0.1252130248906997,
            "steer": 0.0
        },
        {
            "throttle": 0.42773256755577893,
            "brake": 0.11269172240162972,
            "steer": 0.0
        },
        {
            "throttle": 0.4456199659044952,
            "brake": 0.10142255016146676,
            "steer": 0.0
        },
        {
            "throttle": 0.46048817589395474,
            "brake": 0.09128029514532009,
            "steer": 0.0
        },
        {
            "throttle": 0.47257369908888336,
            "brake": 0.08215226563078808,
            "steer": 0.0
        },
        {
            "throttle": 0.4821005086460909,
            "brake": 0.07393703906770926,
            "steer": 0.0
        },
        {
            "throttle": 0.48928176814576324,
            "brake": 0.06654333516093834,
            "steer": 0.0
        },
        {
            "throttle": 0.4943212790880302,
            "brake": 0.05988900164484451,
            "steer": 0.0
        },
        {
            "throttle": 0.4974146810424673,
            "brake": 0.053900101480360056,
            "steer": 0.0
        },
        {
            "throttle": 0.49875042691996374,
            "brake": 0.04851009133232405,
            "steer": 0.0
        },
        {
            "throttle": 0.49851055448942894,
            "brake": 0.04365908219909165,
            "steer": 0.0
        },
        {
            "throttle": 0.4968712740612619,
            "brake": 0.039293173979182486,
            "steer": 0.0
        },
        {
            "throttle": 0.4940033911829086,
            "brake": 0.03536385658126424,
            "steer": 0.0
        },
        {
            "throttle": 0.49007258221892797,
            "brake": 0.03182747092313781,
            "steer": 0.0
        },
        {
            "throttle": 0.4852395398005834,
            "brake": 0.02864472383082403,
            "steer": 0.0
        },
        {
            "throttle": 0.47966000431180167,
            "brake": 0.02578025144774163,
            "steer": 0.0
        },
        {
            "throttle": 0.4734846968149165,
            "brake": 0.023202226302967466,
            "steer": 0.0
        },
        {
            "throttle": 0.4668591680981406,
            "brake": 0.02088200367267072,
            "steer": 0.0
        },
        {
            "throttle": 0.45992357783596644,
            "brake": 0.018793803305403648,
            "steer": 0.0
        },
        {
            "throttle": 0.45281241718393545,
            "brake": 0.016914422974863282,
            "steer": 0.0
        },
        {
            "throttle": 0.44565418747207997,
            "brake": 0.015222980677376954,
            "steer": 0.0
        },
        {
            "throttle": 0.4385710470097772,
            "brake": 0.013700682609639258,
            "steer": 0.0
        },
        {
            "throttle": 0.4316784373629246,
            "brake": 0.012330614348675332,
            "steer": 0.0
        },
        {
            "throttle": 0.42508469980756286,
            "brake": 0.011097552913807799,
            "steer": 0.0
        },
        {
            "throttle": 0.41889069199871803,
            "brake": 0.00998779762242702,
            "steer": 0.0
        },
        {
            "throttle": 0.413189414216687,
            "brake": 0.008989017860184318,
            "steer": 0.0
        },
        {
            "throttle": 0.40806565386356447,
            "brake": 0.008090116074165887,
            "steer": 0.0
        },
        {
            "throttle": 0.4035956561796705,
            "brake": 0.007281104466749298,
            "steer": 0.0
        },
        {
            "throttle": 0.39984682843264985,
            "brake": 0.006552994020074369,
            "steer": 0.0
        },
        {
            "throttle": 0.3968774841020657,
            "brake": 0.005897694618066932,
            "steer": 0.0
        },
        {
            "throttle": 0.3947366328406474,
            "brake": 0.005307925156260239,
            "steer": 0.0
        },
        {
            "throttle": 0.393463821241911,
            "brake": 0.004777132640634215,
            "steer": 0.0
        },
        {
            "throttle": 0.393089028685119,
            "brake": 0.004299419376570793,
            "steer": 0.0
        },
        {
            "throttle": 0.3936326217654128,
            "brake": 0.003869477438913714,
            "steer": 0.0
        },
        {
            "throttle": 0.3951053700527479,
            "brake": 0.003482529695022343,
            "steer": 0.0
        },
        {
            "throttle": 0.39750852516166013,
            "brake": 0.0031342767255201085,
            "steer": 0.0
        },
        {
            "throttle": 0.35775767264549413,
            "brake": 0.036313713341990496,
            "steer": 0.0
        },
        {
            "throttle": 0.32198190538094473,
            "brake": 0.06617520629681384,
            "steer": 0.0
        },
        {
            "throttle": 0.28978371484285026,
            "brake": 0.09305054995615486,
            "steer": 0.0
        }
    ],
    "parameters": {
        "cloudiness": 36.22130403252164,
        "fog_density": 69.15153246324536,
        "initial_distance": 49.849823525740035,
        "initial_ego_velocity": 5.117708900984376,
        "initial_lead_velocity": 17.218820540040852,
        "lead_base_throttle": 0.518080234531149,
        "lead_behavior_frequency": 0.1474966246471891,
        "lead_brake_duration": 20.626694684346834,
        "lead_brake_intensity": 0.334928642890224,
        "lead_brake_probability": 0.2923279690865199,
        "lead_throttle_variation": 0.15633521298724562,
        "precipitation": 4.243126351926085,
        "precipitation_deposits": 51.98519683810736,
        "sun_altitude_angle": 45.77283767425459,
        "wind_intensity": 38.82398974030208
    },
    "config": {
        "num_timesteps": 200,
        "dt": 0.1,
        "seed": 209
    }
}