{
    "weather": {
        "cloudiness": 73.20209749865737,
        "precipitation": 66.664799479516,
        "precipitation_deposits": 37.72759217509224,
        "wind_intensity": 8.027901684094408,
        "sun_altitude_angle": 76.7536513319882,
        "fog_density": 34.26753917482141,
        "fog_distance": 319.0998212627454,
        "wetness": 33.332399739758
    },
    "initial_conditions": {
        "ego": {
            "position": {
                "x": 535.2786547385804,
                "y": 20.57,
                "z": 0.294
            },
            "yaw": 0.0,
            "velocity": 7.065372240302413
        },
        "lead": {
            "position": {
                "x": 484.88,
                "y": 20.57,
                "z": 0.294
            },
            "yaw": 0.0,
            "velocity": 22.14762008512413
        }
    },
    "ego": {
        "position": {
            "x": 535.2786547385804,
            "y": 20.57,
            "z": 0.294
        },
        "yaw": 0.0,
        "velocity": 7.065372240302413
    },
    "lead": {
        "position": {
            "x": 484.88,
            "y": 20.57,
            "z": 0.294
        },
        "yaw": 0.0,
        "velocity": 22.14762008512413
    },
    "ado_actions": [
        {
            "throttle": 0.2457849090973274,
            "brake": 0.0,
            "steer": 0.0
        },
        {
            "throttle": 0.24975734119525836,
            "brake": 0.0,
            "steer": 0.0
        },
        {
            "throttle": 0.25726334929625094,
            "brake": 0.0,
            "steer": 0.0
        },
        {
            "throttle": 0.26786678594219476,
            "brake": 0.0,
            "steer": 0.0
        },
        {
            "throttle": 0.2811348087063954,
            "brake": 0.0,
            "steer": 0.0
        },
        {
            "throttle": 0.29663883920985656,
            "brake": 0.0,
            "steer": 0.0
        },
        {
            "throttle": 0.31395583498877144,
            "brake": 0.0,
            "steer": 0.0
        },
        {
            "throttle": 0.3326698251379899,
            "brake": 0.0,
            "steer": 0.0
        },
        {
            "throttle": 0.3523736614672563,
            "brake": 0.0,
            "steer": 0.0
        },
        {
            "throttle": 0.372670937867094,
            "brake": 0.0,
            "steer": 0.0
        },
        {
            "throttle": 0.3931780317150511,
            "brake": 0.0,
            "steer": 0.0
        },
        {
            "throttle": 0.4135262224809101,
            "brake": 0.0,
            "steer": 0.0
        },
        {
            "throttle": 0.4333638442264537,
            "brake": 0.0,
            "steer": 0.0
        },
        {
            "throttle": 0.4523584304514345,
            "brake": 0.0,
            "steer": 0.0
        },
        {
            "throttle": 0.47019881171757244,
            "brake": 0.0,
            "steer": 0.0
        },
        {
            "throttle": 0.4865971286870778,
            "brake": 0.0,
            "steer": 0.0
        },
        {
            "throttle": 0.5012907256372656,
            "brake": 0.0,
            "steer": 0.0
        },
        {
            "throttle": 0.514043892149993,
            "brake": 0.0,
            "steer": 0.0
        },
        {
            "throttle": 0.5246494235116733,
            "brake": 0.0,
            "steer": 0.0
        },
        {
            "throttle": 0.5329299733806355,
            "brake": 0.0,
            "steer": 0.0
        },
        {
            "throttle": 0.5387391754644241,
            "brake": 0.0,
            "steer": 0.0
        },
        {
            "throttle": 0.5419625142781147,
            "brake": 0.0,
            "steer": 0.0
        },
        {
            "throttle": 0.5425179285010924,
            "brake": 0.0,
            "steer": 0.0
        },
        {
            "throttle": 0.5403561339869807,
            "brake": 0.0,
            "steer": 0.0
        },
        {
            "throttle": 0.5354606570806507,
            "brake": 0.0,
            "steer": 0.0
        },
        {
            "throttle": 0.527847572527133,
            "brake": 0.0,
            "steer": 0.0
        },
        {
            "throttle": 0.5175649438883969,
            "brake": 0.0,
            "steer": 0.0
        },
        {
            "throttle": 0.5046919679832691,
            "brake": 0.0,
            "steer": 0.0
        },
        {
            "throttle": 0.4893378284009057,
            "brake": 0.0,
            "steer": 0.0
        },
        {
            "throttle": 0.47164026657700125,
            "brake": 0.0,
            "steer": 0.0
        },
        {
            "throttle": 0.4517638822326389,
            "brake": 0.0,
            "steer": 0.0
        },
        {
            "throttle": 0.42989817812759556,
            "brake": 0.0,
            "steer": 0.0
        },
        {
            "throttle": 0.4062553670435046,
            "brake": 0.0,
            "steer": 0.0
        },
        {
            "throttle": 0.38106796165968626,
            "brake": 0.0,
            "steer": 0.0
        },
        {
            "throttle": 0.3545861704897386,
            "brake": 0.0,
            "steer": 0.0
        },
        {
            "throttle": 0.32707512528647514,
            "brake": 0.0,
            "steer": 0.0
        },
        {
            "throttle": 0.29881196727533904,
            "brake": 0.0,
            "steer": 0.0
        },
        {
            "throttle": 0.27008282122365285,
            "brake": 0.0,
            "steer": 0.0
        },
        {
            "throttle": 0.24307453910128757,
            "brake": 0.0,
            "steer": 0.0
        },
        {
            "throttle": 0.2187670851911588,
            "brake": 0.0,
            "steer": 0.0
        },
        {
            "throttle": 0.19689037667204293,
            "brake": 0.0,
            "steer": 0.0
        },
        {
            "throttle": 0.17720133900483864,
            "brake": 0.0,
            "steer": 0.0
        },
        {
            "throttle": 0.1594812051043548,
            "brake": 0.0,
            "steer": 0.0
        },
        {
            "throttle": 0.1435330845939193,
            "brake": 0.0,
            "steer": 0.0
        },
        {
            "throttle": 0.12917977613452739,
            "brake": 0.0,
            "steer": 0.0
        },
        {
            "throttle": 0.11626179852107466,
            "brake": 0.0,
            "steer": 0.0
        },
        {
            "throttle": 0.10463561866896719,
            "brake": 0.0,
            "steer": 0.0
        },
        {
            "throttle": 0.09417205680207047,
            "brake": 0.0,
            "steer": 0.0
        },
        {
            "throttle": 0.08475485112186343,
            "brake": 0.0,
            "steer": 0.0
        },
        {
            "throttle": 0.0762793660096771,
            "brake": 0.0,
            "steer": 0.0
        },
        {
            "throttle": 0.06865142940870939,
            "brake": 0.0,
            "steer": 0.0
        },
        {
            "throttle": 0.06178628646783845,
            "brake": 0.0,
            "steer": 0.0
        },
        {
            "throttle": 0.055607657821054604,
            "brake": 0.0,
            "steer": 0.0
        },
        {
            "throttle": 0.050046892038949145,
            "brake": 0.0,
            "steer": 0.0
        },
        {
            "throttle": 0.04504220283505423,
            "brake": 0.0,
            "steer": 0.0
        },
        {
            "throttle": 0.041550410641613994,
            "brake": 0.0,
            "steer": 0.0
        },
        {
            "throttle": 0.04169000041264189,
            "brake": 0.0,
            "steer": 0.0
        },
        {
            "throttle": 0.04531031585632187,
            "brake": 0.0,
            "steer": 0.0
        },
        {
            "throttle": 0.052239158028965796,
            "brake": 0.0,
            "steer": 0.0
        },
        {
            "throttle": 0.0622830972505504,
            "brake": 0.0,
            "steer": 0.0
        },
        {
            "throttle": 0.07522815661511394,
            "brake": 0.0,
            "steer": 0.0
        },
        {
            "throttle": 0.09084084501655246,
            "brake": 0.0,
            "steer": 0.0
        },
        {
            "throttle": 0.10886951544097631,
            "brake": 0.0,
            "steer": 0.0
        },
        {
            "throttle": 0.1290460222122308,
            "brake": 0.0,
            "steer": 0.0
        },
        {
            "throttle": 0.15108764895399737,
            "brake": 0.0,
            "steer": 0.0
        },
        {
            "throttle": 0.1746992772836467,
            "brake": 0.0,
            "steer": 0.0
        },
        {
            "throttle": 0.19957576471011157,
            "brake": 0.0,
            "steer": 0.0
        },
        {
            "throttle": 0.22540449889752437,
            "brake": 0.0,
            "steer": 0.0
        },
        {
            "throttle": 0.2518680944017359,
            "brake": 0.0,
            "steer": 0.0
        },
        {
            "throttle": 0.2786471972079613,
            "brake": 0.0,
            "steer": 0.0
        },
        {
            "throttle": 0.30542336191076686,
            "brake": 0.0,
            "steer": 0.0
        },
        {
            "throttle": 0.33188196619466304,
            "brake": 0.0,
            "steer": 0.0
        },
        {
            "throttle": 0.3577151274030336,
            "brake": 0.0,
            "steer": 0.0
        },
        {
            "throttle": 0.3826245864294454,
            "brake": 0.0,
            "steer": 0.0
        },
        {
            "throttle": 0.4063245249290596,
            "brake": 0.0,
            "steer": 0.0
        },
        {
            "throttle": 0.4285442829255981,
            "brake": 0.0,
            "steer": 0.0
        },
        {
            "throttle": 0.44903094527402426,
            "brake": 0.0,
            "steer": 0.0
        },
        {
            "throttle": 0.4675517671200659,
            "brake": 0.0,
            "steer": 0.0
        },
        {
            "throttle": 0.48389641046074333,
            "brake": 0.0,
            "steer": 0.0
        },
        {
            "throttle": 0.49787896613767435,
            "brake": 0.0,
            "steer": 0.0
        },
        {
            "throttle": 0.5093397380665421,
            "brake": 0.0,
            "steer": 0.0
        },
        {
            "throttle": 0.5181467691983256,
            "brake": 0.0,
            "steer": 0.0
        },
        {
            "throttle": 0.524197091594746,
            "brake": 0.0,
            "steer": 0.0
        },
        {
            "throttle": 0.5274176860536475,
            "brake": 0.0,
            "steer": 0.0
        },
        {
            "throttle": 0.5277661399095367,
            "brake": 0.0,
            "steer": 0.0
        },
        {
            "throttle": 0.5252309949284808,
            "brake": 0.0,
            "steer": 0.0
        },
        {
            "throttle": 0.5198317805819557,
            "brake": 0.0,
            "steer": 0.0
        },
        {
            "throttle": 0.5116187313871347,
            "brake": 0.0,
            "steer": 0.0
        },
        {
            "throttle": 0.5006721904070347,
            "brake": 0.0,
            "steer": 0.0
        },
        {
            "throttle": 0.48710170437830325,
            "brake": 0.0,
            "steer": 0.0
        },
        {
            "throttle": 0.4710448192428362,
            "brake": 0.0,
            "steer": 0.0
        },
        {
            "throttle": 0.4526655880680859,
            "brake": 0.0,
            "steer": 0.0
        },
        {
            "throttle": 0.4321528064170106,
            "brake": 0.0,
            "steer": 0.0
        },
        {
            "throttle": 0.40971799314061813,
            "brake": 0.0,
            "steer": 0.0
        },
        {
            "throttle": 0.38559313728408706,
            "brake": 0.0,
            "steer": 0.0
        },
        {
            "throttle": 0.36002823429361486,
            "brake": 0.0,
            "steer": 0.0
        },
        {
            "throttle": 0.3332886369597986,
            "brake": 0.0,
            "steer": 0.0
        },
        {
            "throttle": 0.30565224851141237,
            "brake": 0.0,
            "steer": 0.0
        },
        {
            "throttle": 0.2774065869605973,
            "brake": 0.0,
            "steer": 0.0
        },
        {
            "throttle": 0.24966592826453757,
            "brake": 0.0,
            "steer": 0.0
        },
        {
            "throttle": 0.22469933543808382,
            "brake": 0.0,
            "steer": 0.0
        },
        {
            "throttle": 0.20222940189427543,
            "brake": 0.0,
            "steer": 0.0
        },
        {
            "throttle": 0.18200646170484788,
            "brake": 0.0,
            "steer": 0.0
        },
        {
            "throttle": 0.1638058155343631,
            "brake": 0.0,
            "steer": 0.0
        },
        {
            "throttle": 0.1474252339809268,
            "brake": 0.0,
            "steer": 0.0
        },
        {
            "throttle": 0.13268271058283412,
            "brake": 0.0,
            "steer": 0.0
        },
        {
            "throttle": 0.11941443952455072,
            "brake": 0.0,
            "steer": 0.0
        },
        {
            "throttle": 0.10747299557209565,
            "brake": 0.0,
            "steer": 0.0
        },
        {
            "throttle": 0.09672569601488609,
            "brake": 0.0,
            "steer": 0.0
        },
        {
            "throttle": 0.08705312641339749,
            "brake": 0.0,
            "steer": 0.0
        },
        {
            "throttle": 0.07834781377205774,
            "brake": 0.0,
            "steer": 0.0
        },
        {
            "throttle": 0.07051303239485197,
            "brake": 0.0,
            "steer": 0.0
        },
        {
            "throttle": 0.06346172915536678,
            "brake": 0.0,
            "steer": 0.0
        },
        {
            "throttle": 0.057115556239830105,
            "brake": 0.0,
            "steer": 0.0
        },
        {
            "throttle": 0.051404000615847094,
            "brake": 0.0,
            "steer": 0.0
        },
        {
            "throttle": 0.04626360055426239,
            "brake": 0.0,
            "steer": 0.0
        },
        {
            "throttle": 0.04163724049883615,
            "brake": 0.0,
            "steer": 0.0
        },
        {
            "throttle": 0.040551281034566046,
            "brake": 0.0,
            "steer": 0.0
        },
        {
            "throttle": 0.04299565730004609,
            "brake": 0.0,
            "steer": 0.0
        },
        {
            "throttle": 0.048806720655931585,
            "brake": 0.0,
            "steer": 0.0
        },
        {
            "throttle": 0.05779935928743024,
            "brake": 0.0,
            "steer": 0.0
        },
        {
            "throttle": 0.06976755690009112,
            "brake": 0.0,
            "steer": 0.0
        },
        {
            "throttle": 0.08448530844152458,
            "brake": 0.0,
            "steer": 0.0
        },
        {
            "throttle": 0.10170786945220793,
            "brake": 0.0,
            "steer": 0.0
        },
        {
            "throttle": 0.12117331353405632,
            "brake": 0.0,
            "steer": 0.0
        },
        {
            "throttle": 0.1426043704401593,
            "brake": 0.0,
            "steer": 0.0
        },
        {
            "throttle": 0.1657105154676074,
            "brake": 0.0,
            "steer": 0.0
        },
        {
            "throttle": 0.19019027920915985,
            "brake": 0.0,
            "steer": 0.0
        },
        {
            "throttle": 0.2157337453168523,
            "brake": 0.0,
            "steer": 0.0
        },
        {
            "throttle": 0.24202520277626796,
            "brake": 0.0,
            "steer": 0.0
        },
        {
            "throttle": 0.26874591830524935,
            "brake": 0.0,
            "steer": 0.0
        },
        {
            "throttle": 0.29557699389272646,
            "brake": 0.0,
            "steer": 0.0
        },
        {
            "throttle": 0.3222022741956895,
            "brake": 0.0,
            "steer": 0.0
        },
        {
            "throttle": 0.3483112685248547,
            "brake": 0.0,
            "steer": 0.0
        },
        {
            "throttle": 0.3736020524780744,
            "brake": 0.0,
            "steer": 0.0
        },
        {
            "throttle": 0.3977841149269335,
            "brake": 0.0,
            "steer": 0.0
        },
        {
            "throttle": 0.42058111702429807,
            "brake": 0.0,
            "steer": 0.0
        },
        {
            "throttle": 0.44173353117308223,
            "brake": 0.0,
            "steer": 0.0
        },
        {
            "throttle": 0.46100112946975613,
            "brake": 0.0,
            "steer": 0.0
        },
        {
            "throttle": 0.4781652929971493,
            "brake": 0.0,
            "steer": 0.0
        },
        {
            "throttle": 0.49303111547357864,
            "brake": 0.0,
            "steer": 0.0
        },
        {
            "throttle": 0.5054292771497495,
            "brake": 0.0,
            "steer": 0.0
        },
        {
            "throttle": 0.5152176674588246,
            "brake": 0.0,
            "steer": 0.0
        },
        {
            "throttle": 0.5222827377434452,
            "brake": 0.0,
            "steer": 0.0
        },
        {
            "throttle": 0.5265405683788752,
            "brake": 0.0,
            "steer": 0.0
        },
        {
            "throttle": 0.5279376377543001,
            "brake": 0.0,
            "steer": 0.0
        },
        {
            "throttle": 0.5264512838334191,
            "brake": 0.0,
            "steer": 0.0
        },
        {
            "throttle": 0.5220898523581695,
            "brake": 0.0,
            "steer": 0.0
        },
        {
            "throttle": 0.5148925291520835,
            "brake": 0.0,
            "steer": 0.0
        },
        {
            "throttle": 0.5049288573880619,
            "brake": 0.0,
            "steer": 0.0
        },
        {
            "throttle": 0.492297944074673,
            "brake": 0.0,
            "steer": 0.0
        },
        {
            "throttle": 0.4771273633509192,
            "brake": 0.0,
            "steer": 0.0
        },
        {
            "throttle": 0.45957176742771844,
            "brake": 0.0,
            "steer": 0.0
        },
        {
            "throttle": 0.4398112191418887,
            "brake": 0.0,
            "steer": 0.0
        },
        {
            "throttle": 0.41804926306316675,
            "brake": 0.0,
            "steer": 0.0
        },
        {
            "throttle": 0.39451075488622667,
            "brake": 0.0,
            "steer": 0.0
        },
        {
            "throttle": 0.3694394714191271,
            "brake": 0.0,
            "steer": 0.0
        },
        {
            "throttle": 0.34309552582061903,
            "brake": 0.0,
            "steer": 0.0
        },
        {
            "throttle": 0.31575261481724176,
            "brake": 0.0,
            "steer": 0.0
        },
        {
            "throttle": 0.2876951264257683,
            "brake": 0.0,
            "steer": 0.0
        },
        {
            "throttle": 0.25921513819892583,
            "brake": 0.0,
            "steer": 0.0
        },
        {
            "throttle": 0.23329362437903325,
            "brake": 0.0,
            "steer": 0.0
        },
        {
            "throttle": 0.20996426194112994,
            "brake": 0.0,
            "steer": 0.0
        },
        {
            "throttle": 0.18896783574701695,
            "brake": 0.0,
            "steer": 0.0
        },
        {
            "throttle": 0.17007105217231525,
            "brake": 0.0,
            "steer": 0.0
        },
        {
            "throttle": 0.1530639469550837,
            "brake": 0.0,
            "steer": 0.0
        },
        {
            "throttle": 0.13775755225957534,
            "brake": 0.0,
            "steer": 0.0
        },
        {
            "throttle": 0.12398179703361781,
            "brake": 0.0,
            "steer": 0.0
        },
        {
            "throttle": 0.11158361733025603,
            "brake": 0.0,
            "steer": 0.0
        },
        {
            "throttle": 0.10042525559723042,
            "brake": 0.0,
            "steer": 0.0
        },
        {
            "throttle": 0.09038273003750738,
            "brake": 0.0,
            "steer": 0.0
        },
        {
            "throttle": 0.08134445703375665,
            "brake": 0.0,
            "steer": 0.0
        },
        {
            "throttle": 0.07321001133038098,
            "brake": 0.0,
            "steer": 0.0
        },
        {
            "throttle": 0.06588901019734288,
            "brake": 0.0,
            "steer": 0.0
        },
        {
            "throttle": 0.05930010917760859,
            "brake": 0.0,
            "steer": 0.0
        },
        {
            "throttle": 0.05337009825984773,
            "brake": 0.0,
            "steer": 0.0
        },
        {
            "throttle": 0.04803308843386296,
            "brake": 0.0,
            "steer": 0.0
        },
        {
            "throttle": 0.043229779590476664,
            "brake": 0.0,
            "steer": 0.0
        },
        {
            "throttle": 0.040797351501664025,
            "brake": 0.0,
            "steer": 0.0
        },
        {
            "throttle": 0.04195224223598497,
            "brake": 0.0,
            "steer": 0.0
        },
        {
            "throttle": 0.0465383549750824,
            "brake": 0.0,
            "steer": 0.0
        },
        {
            "throttle": 0.054378049302817394,
            "brake": 0.0,
            "steer": 0.0
        },
        {
            "throttle": 0.06527256207425289,
            "brake": 0.0,
            "steer": 0.0
        },
        {
            "throttle": 0.07900279355289735,
            "brake": 0.0,
            "steer": 0.0
        },
        {
            "throttle": 0.09533043618120823,
            "brake": 0.0,
            "steer": 0.0
        },
        {
            "throttle": 0.11399942120011441,
            "brake": 0.0,
            "steer": 0.0
        },
        {
            "throttle": 0.13473765629970758,
            "brake": 0.0,
            "steer": 0.0
        },
        {
            "throttle": 0.15725902560096902,
            "brake": 0.0,
            "steer": 0.0
        },
        {
            "throttle": 0.181265621570123,
            "brake": 0.0,
            "steer": 0.0
        },
        {
            "throttle": 0.20645017698239415,
            "brake": 0.0,
            "steer": 0.0
        },
        {
            "throttle": 0.2324986638066426,
            "brake": 0.0,
            "steer": 0.0
        },
        {
            "throttle": 0.2590930248990545,
            "brake": 0.0,
            "steer": 0.0
        },
        {
            "throttle": 0.2859140036915775,
            "brake": 0.0,
            "steer": 0.0
        },
        {
            "throttle": 0.3126440366541227,
            "brake": 0.0,
            "steer": 0.0
        },
        {
            "throttle": 0.3389701732098529,
            "brake": 0.0,
            "steer": 0.0
        },
        {
            "throttle": 0.36458698799739,
            "brake": 0.0,
            "steer": 0.0
        },
        {
            "throttle": 0.38919945090582475,
            "brake": 0.0,
            "steer": 0.0
        },
        {
            "throttle": 0.41252572115745634,
            "brake": 0.0,
            "steer": 0.0
        },
        {
            "throttle": 0.43429983287484586,
            "brake": 0.0,
            "steer": 0.0
        },
        {
            "throttle": 0.45427424103493974,
            "brake": 0.0,
            "steer": 0.0
        }
    ],
    "parameters": {
        "cloudiness": 73.20209749865737,
        "fog_density": 34.26753917482141,
        "initial_distance": 50.398654738580355,
        "initial_ego_velocity": 7.065372240302413,
        "initial_lead_velocity": 22.14762008512413,
        "lead_base_throttle": 0.2457849090973274,
        "lead_behavior_frequency": 0.16296545189427725,
        "lead_brake_duration": 10.896784613168307,
        "lead_brake_intensity": 0.25063628506329855,
        "lead_brake_probability": 0.01489734374761048,
        "lead_throttle_variation": 0.3886334992909697,
        "precipitation": 66.664799479516,
        "precipitation_deposits": 37.72759217509224,
        "sun_altitude_angle": 76.7536513319882,
        "wind_intensity": 8.027901684094408
    },
    "config": {
        "num_timesteps": 200,
        "dt": 0.1,
        "seed": 195
    }
}