{
    "weather": {
        "cloudiness": 29.571561808903667,
        "precipitation": 7.112418401840303,
        "precipitation_deposits": 45.14124850928274,
        "wind_intensity": 16.10755664282713,
        "sun_altitude_angle": -6.202385509556567,
        "fog_density": 73.76952926961526,
        "fog_distance": 85.52177056267742,
        "wetness": 3.5562092009201516
    },
    "initial_conditions": {
        "ego": {
            "position": {
                "x": 554.2790647902258,
                "y": 20.57,
                "z": 0.294
            },
            "yaw": 0.0,
            "velocity": 9.18456125093586
        },
        "lead": {
            "position": {
                "x": 484.88,
                "y": 20.57,
                "z": 0.294
            },
            "yaw": 0.0,
            "velocity": 21.46560671863827
        }
    },
    "ego": {
        "position": {
            "x": 554.2790647902258,
            "y": 20.57,
            "z": 0.294
        },
        "yaw": 0.0,
        "velocity": 9.18456125093586
    },
    "lead": {
        "position": {
            "x": 484.88,
            "y": 20.57,
            "z": 0.294
        },
        "yaw": 0.0,
        "velocity": 21.46560671863827
    },
    "ado_actions": [
        {
            "throttle": 0.37387346375933367,
            "brake": 0.0,
            "steer": 0.0
        },
        {
            "throttle": 0.3743520425434425,
            "brake": 0.0,
            "steer": 0.0
        },
        {
            "throttle": 0.3752543871924363,
            "brake": 0.0,
            "steer": 0.0
        },
        {
            "throttle": 0.3765243121137066,
            "brake": 0.0,
            "steer": 0.0
        },
        {
            "throttle": 0.37810459699071064,
            "brake": 0.0,
            "steer": 0.0
        },
        {
            "throttle": 0.3799373876276303,
            "brake": 0.0,
            "steer": 0.0
        },
        {
            "throttle": 0.3819646490780981,
            "brake": 0.0,
            "steer": 0.0
        },
        {
            "throttle": 0.3841286601655968,
            "brake": 0.0,
            "steer": 0.0
        },
        {
            "throttle": 0.3863725383323311,
            "brake": 0.0,
            "steer": 0.0
        },
        {
            "throttle": 0.3886407837002598,
            "brake": 0.0,
            "steer": 0.0
        },
        {
            "throttle": 0.3908798312976605,
            "brake": 0.0,
            "steer": 0.0
        },
        {
            "throttle": 0.3930386005999243,
            "brake": 0.0,
            "steer": 0.0
        },
        {
            "throttle": 0.39506903185490577,
            "brake": 0.0,
            "steer": 0.0
        },
        {
            "throttle": 0.39692659910954814,
            "brake": 0.0,
            "steer": 0.0
        },
        {
            "throttle": 0.3985707904219962,
            "brake": 0.0,
            "steer": 0.0
        },
        {
            "throttle": 0.39996554642630905,
            "brake": 0.0,
            "steer": 0.0
        },
        {
            "throttle": 0.401079649207541,
            "brake": 0.0,
            "steer": 0.0
        },
        {
            "throttle": 0.40188705433395855,
            "brake": 0.0,
            "steer": 0.0
        },
        {
            "throttle": 0.4023671598694187,
            "brake": 0.0,
            "steer": 0.0
        },
        {
            "throttle": 0.4025050072399524,
            "brake": 0.0,
            "steer": 0.0
        },
        {
            "throttle": 0.40229140994058366,
            "brake": 0.0,
            "steer": 0.0
        },
        {
            "throttle": 0.40172300722657617,
            "brake": 0.0,
            "steer": 0.0
        },
        {
            "throttle": 0.4008022411220126,
            "brake": 0.0,
            "steer": 0.0
        },
        {
            "throttle": 0.39953725628169984,
            "brake": 0.0,
            "steer": 0.0
        },
        {
            "throttle": 0.39794172344335443,
            "brake": 0.0,
            "steer": 0.0
        },
        {
            "throttle": 0.3960345883892972,
            "brake": 0.0,
            "steer": 0.0
        },
        {
            "throttle": 0.39383974948407907,
            "brake": 0.0,
            "steer": 0.0
        },
        {
            "throttle": 0.3913856679506311,
            "brake": 0.0,
            "steer": 0.0
        },
        {
            "throttle": 0.3887049160773872,
            "brake": 0.0,
            "steer": 0.0
        },
        {
            "throttle": 0.38583366949798703,
            "brake": 0.0,
            "steer": 0.0
        },
        {
            "throttle": 0.3828111505403595,
            "brake": 0.0,
            "steer": 0.0
        },
        {
            "throttle": 0.3796790303912565,
            "brake": 0.0,
            "steer": 0.0
        },
        {
            "throttle": 0.3764807984551835,
            "brake": 0.0,
            "steer": 0.0
        },
        {
            "throttle": 0.37326110779435284,
            "brake": 0.0,
            "steer": 0.0
        },
        {
            "throttle": 0.3700651059117185,
            "brake": 0.0,
            "steer": 0.0
        },
        {
            "throttle": 0.3669377603772039,
            "brake": 0.0,
            "steer": 0.0
        },
        {
            "throttle": 0.36392318889471786,
            "brake": 0.0,
            "steer": 0.0
        },
        {
            "throttle": 0.3610640033633052,
            "brake": 0.0,
            "steer": 0.0
        },
        {
            "throttle": 0.3584006773006626,
            "brake": 0.0,
            "steer": 0.0
        },
        {
            "throttle": 0.355970945674169,
            "brake": 0.0,
            "steer": 0.0
        },
        {
            "throttle": 0.35380924572839606,
            "brake": 0.0,
            "steer": 0.0
        },
        {
            "throttle": 0.35194620681558947,
            "brake": 0.0,
            "steer": 0.0
        },
        {
            "throttle": 0.35040819653544336,
            "brake": 0.0,
            "steer": 0.0
        },
        {
            "throttle": 0.34921692968294726,
            "brake": 0.0,
            "steer": 0.0
        },
        {
            "throttle": 0.3483891456000172,
            "brake": 0.0,
            "steer": 0.0
        },
        {
            "throttle": 0.3479363585412639,
            "brake": 0.0,
            "steer": 0.0
        },
        {
            "throttle": 0.31314272268713755,
            "brake": 0.0300320057518067,
            "steer": 0.0
        },
        {
            "throttle": 0.2818284504184238,
            "brake": 0.05706081092843274,
            "steer": 0.0
        },
        {
            "throttle": 0.25364560537658143,
            "brake": 0.08138673558739618,
            "steer": 0.0
        },
        {
            "throttle": 0.22828104483892328,
            "brake": 0.10328006778046327,
            "steer": 0.0
        },
        {
            "throttle": 0.20545294035503095,
            "brake": 0.12298406675422364,
            "steer": 0.0
        },
        {
            "throttle": 0.18490764631952786,
            "brake": 0.14071766583060796,
            "steer": 0.0
        },
        {
            "throttle": 0.16641688168757507,
            "brake": 0.15667790499935388,
            "steer": 0.0
        },
        {
            "throttle": 0.14977519351881757,
            "brake": 0.1710421202512252,
            "steer": 0.0
        },
        {
            "throttle": 0.13479767416693583,
            "brake": 0.18396991397790938,
            "steer": 0.0
        },
        {
            "throttle": 0.12131790675024225,
            "brake": 0.19560492833192514,
            "steer": 0.0
        },
        {
            "throttle": 0.10918611607521803,
            "brake": 0.20607644125053934,
            "steer": 0.0
        },
        {
            "throttle": 0.09826750446769622,
            "brake": 0.21550080287729212,
            "steer": 0.0
        },
        {
            "throttle": 0.0884407540209266,
            "brake": 0.22398272834136962,
            "steer": 0.0
        },
        {
            "throttle": 0.07959667861883395,
            "brake": 0.23161646125903937,
            "steer": 0.0
        },
        {
            "throttle": 0.07163701075695056,
            "brake": 0.23848682088494214,
            "steer": 0.0
        },
        {
            "throttle": 0.0644733096812555,
            "brake": 0.24467014454825461,
            "steer": 0.0
        },
        {
            "throttle": 0.05802597871312996,
            "brake": 0.2502351358452358,
            "steer": 0.0
        },
        {
            "throttle": 0.05222338084181696,
            "brake": 0.255243628012519,
            "steer": 0.0
        },
        {
            "throttle": 0.04700104275763527,
            "brake": 0.2597512709630738,
            "steer": 0.0
        },
        {
            "throttle": 0.08366506754974393,
            "brake": 0.23377614386676646,
            "steer": 0.0
        },
        {
            "throttle": 0.11664019276019312,
            "brake": 0.2103985294800898,
            "steer": 0.0
        },
        {
            "throttle": 0.14623784190990952,
            "brake": 0.18935867653208083,
            "steer": 0.0
        },
        {
            "throttle": 0.17273945825367942,
            "brake": 0.17042280887887276,
            "steer": 0.0
        },
        {
            "throttle": 0.19640032106088137,
            "brake": 0.15338052799098548,
            "steer": 0.0
        },
        {
            "throttle": 0.21745295148846172,
            "brake": 0.13804247519188692,
            "steer": 0.0
        },
        {
            "throttle": 0.2361101376137359,
            "brake": 0.12423822767269824,
            "steer": 0.0
        },
        {
            "throttle": 0.25256760582282173,
            "brake": 0.11181440490542842,
            "steer": 0.0
        },
        {
            "throttle": 0.26700636377415,
            "brake": 0.10063296441488558,
            "steer": 0.0
        },
        {
            "throttle": 0.27959473852520306,
            "brake": 0.09056966797339702,
            "steer": 0.0
        },
        {
            "throttle": 0.29049013207696206,
            "brake": 0.08151270117605733,
            "steer": 0.0
        },
        {
            "throttle": 0.29984051550982826,
            "brake": 0.0733614310584516,
            "steer": 0.0
        },
        {
            "throttle": 0.3077856820151001,
            "brake": 0.06602528795260644,
            "steer": 0.0
        },
        {
            "throttle": 0.3144582784281944,
            "brake": 0.059422759157345795,
            "steer": 0.0
        },
        {
            "throttle": 0.31998463430715623,
            "brake": 0.05348048324161122,
            "steer": 0.0
        },
        {
            "throttle": 0.32448540713876345,
            "brake": 0.0481324349174501,
            "steer": 0.0
        },
        {
            "throttle": 0.3280760618635901,
            "brake": 0.04331919142570509,
            "steer": 0.0
        },
        {
            "throttle": 0.3308672025623894,
            "brake": 0.03898727228313458,
            "steer": 0.0
        },
        {
            "throttle": 0.29778048230615045,
            "brake": 0.06512055080662782,
            "steer": 0.0
        },
        {
            "throttle": 0.2680024340755354,
            "brake": 0.08864050147777175,
            "steer": 0.0
        },
        {
            "throttle": 0.24120219066798188,
            "brake": 0.10980845708180127,
            "steer": 0.0
        },
        {
            "throttle": 0.2170819716011837,
            "brake": 0.12885961712542784,
            "steer": 0.0
        },
        {
            "throttle": 0.19537377444106532,
            "brake": 0.14600566116469177,
            "steer": 0.0
        },
        {
            "throttle": 0.1758363969969588,
            "brake": 0.1614371008000293,
            "steer": 0.0
        },
        {
            "throttle": 0.15825275729726293,
            "brake": 0.17532539647183307,
            "steer": 0.0
        },
        {
            "throttle": 0.14242748156753665,
            "brake": 0.18782486257645647,
            "steer": 0.0
        },
        {
            "throttle": 0.12818473341078299,
            "brake": 0.19907438207061753,
            "steer": 0.0
        },
        {
            "throttle": 0.11536626006970468,
            "brake": 0.20919894961536248,
            "steer": 0.0
        },
        {
            "throttle": 0.10382963406273422,
            "brake": 0.21831106040563295,
            "steer": 0.0
        },
        {
            "throttle": 0.0934466706564608,
            "brake": 0.22651196011687635,
            "steer": 0.0
        },
        {
            "throttle": 0.08410200359081473,
            "brake": 0.23389276985699542,
            "steer": 0.0
        },
        {
            "throttle": 0.07569180323173326,
            "brake": 0.24053549862310258,
            "steer": 0.0
        },
        {
            "throttle": 0.06812262290855993,
            "brake": 0.24651395451259903,
            "steer": 0.0
        },
        {
            "throttle": 0.06131036061770394,
            "brake": 0.2518945648131458,
            "steer": 0.0
        },
        {
            "throttle": 0.055179324555933544,
            "brake": 0.256737114083638,
            "steer": 0.0
        },
        {
            "throttle": 0.04966139210034019,
            "brake": 0.2610954084270809,
            "steer": 0.0
        },
        {
            "throttle": 0.044695252890306174,
            "brake": 0.26501787333617954,
            "steer": 0.0
        },
        {
            "throttle": 0.07658046492723614,
            "brake": 0.2385160860025616,
            "steer": 0.0
        },
        {
            "throttle": 0.10574682570124294,
            "brake": 0.21466447740230546,
            "steer": 0.0
        },
        {
            "throttle": 0.13247440136253746,
            "brake": 0.19319802966207492,
            "steer": 0.0
        },
        {
            "throttle": 0.1570083069826762,
            "brake": 0.17387822669586742,
            "steer": 0.0
        },
        {
            "throttle": 0.17956218369186983,
            "brake": 0.15649040402628067,
            "steer": 0.0
        },
        {
            "throttle": 0.20032142928551247,
            "brake": 0.1408413636236526,
            "steer": 0.0
        },
        {
            "throttle": 0.2194462057437092,
            "brake": 0.12675722726128735,
            "steer": 0.0
        },
        {
            "throttle": 0.1975015851693383,
            "brake": 0.14411351028696534,
            "steer": 0.0
        },
        {
            "throttle": 0.17775142665240448,
            "brake": 0.1597341650100755,
            "steer": 0.0
        },
        {
            "throttle": 0.15997628398716404,
            "brake": 0.17379275426087465,
            "steer": 0.0
        },
        {
            "throttle": 0.14397865558844763,
            "brake": 0.18644548458659388,
            "steer": 0.0
        },
        {
            "throttle": 0.12958079002960288,
            "brake": 0.1978329418797412,
            "steer": 0.0
        },
        {
            "throttle": 0.1166227110266426,
            "brake": 0.2080816534435738,
            "steer": 0.0
        },
        {
            "throttle": 0.10496043992397834,
            "brake": 0.21730549385102313,
            "steer": 0.0
        },
        {
            "throttle": 0.09446439593158051,
            "brake": 0.22560695021772753,
            "steer": 0.0
        },
        {
            "throttle": 0.08501795633842246,
            "brake": 0.2330782609477615,
            "steer": 0.0
        },
        {
            "throttle": 0.07651616070458021,
            "brake": 0.23980244060479206,
            "steer": 0.0
        },
        {
            "throttle": 0.0688645446341222,
            "brake": 0.24585420229611957,
            "steer": 0.0
        },
        {
            "throttle": 0.06197809017070998,
            "brake": 0.25130078781831433,
            "steer": 0.0
        },
        {
            "throttle": 0.055780281153638984,
            "brake": 0.2562027147882896,
            "steer": 0.0
        },
        {
            "throttle": 0.05020225303827509,
            "brake": 0.26061444906126735,
            "steer": 0.0
        },
        {
            "throttle": 0.04518202773444758,
            "brake": 0.26458500990694733,
            "steer": 0.0
        },
        {
            "throttle": 0.04066382496100282,
            "brake": 0.2681585146680593,
            "steer": 0.0
        },
        {
            "throttle": 0.03659744246490254,
            "brake": 0.27137466895306006,
            "steer": 0.0
        },
        {
            "throttle": 0.03293769821841229,
            "brake": 0.27426920780956077,
            "steer": 0.0
        },
        {
            "throttle": 0.02964392839657106,
            "brake": 0.2768742927804114,
            "steer": 0.0
        },
        {
            "throttle": 0.06512002022357816,
            "brake": 0.2491868635023703,
            "steer": 0.0
        },
        {
            "throttle": 0.09657935500865597,
            "brake": 0.22426817715213326,
            "steer": 0.0
        },
        {
            "throttle": 0.12441512149957487,
            "brake": 0.20184135943691994,
            "steer": 0.0
        },
        {
            "throttle": 0.1489881308917329,
            "brake": 0.18165722349322797,
            "steer": 0.0
        },
        {
            "throttle": 0.17063007704562505,
            "brake": 0.16349150114390518,
            "steer": 0.0
        },
        {
            "throttle": 0.18964636947998817,
            "brake": 0.14714235102951467,
            "steer": 0.0
        },
        {
            "throttle": 0.2063185830073641,
            "brake": 0.1324281159265632,
            "steer": 0.0
        },
        {
            "throttle": 0.22090656494626493,
            "brake": 0.11918530433390688,
            "steer": 0.0
        },
        {
            "throttle": 0.23365023816706076,
            "brake": 0.1072667739005162,
            "steer": 0.0
        },
        {
            "throttle": 0.2447711357610078,
            "brake": 0.09654009651046458,
            "steer": 0.0
        },
        {
            "throttle": 0.254473700822819,
            "brake": 0.08688608685941812,
            "steer": 0.0
        },
        {
            "throttle": 0.2629463826713864,
            "brake": 0.07819747817347632,
            "steer": 0.0
        },
        {
            "throttle": 0.27036255877017135,
            "brake": 0.07037773035612868,
            "steer": 0.0
        },
        {
            "throttle": 0.27688130962257523,
            "brake": 0.06333995732051581,
            "steer": 0.0
        },
        {
            "throttle": 0.2826480719869458,
            "brake": 0.05700596158846423,
            "steer": 0.0
        },
        {
            "throttle": 0.2877951938636184,
            "brake": 0.051305365429617805,
            "steer": 0.0
        },
        {
            "throttle": 0.29244241283937183,
            "brake": 0.04617482888665603,
            "steer": 0.0
        },
        {
            "throttle": 0.29669727752341896,
            "brake": 0.04155734599799043,
            "steer": 0.0
        },
        {
            "throttle": 0.3006555299675093,
            "brake": 0.037401611398191384,
            "steer": 0.0
        },
        {
            "throttle": 0.3044014651280094,
            "brake": 0.03366145025837225,
            "steer": 0.0
        },
        {
            "throttle": 0.308008281599922,
            "brake": 0.030295305232535024,
            "steer": 0.0
        },
        {
            "throttle": 0.3115384360342573,
            "brake": 0.027265774709281522,
            "steer": 0.0
        },
        {
            "throttle": 0.3150440118457866,
            "brake": 0.02453919723835337,
            "steer": 0.0
        },
        {
            "throttle": 0.318567111034764,
            "brake": 0.022085277514518033,
            "steer": 0.0
        },
        {
            "throttle": 0.32214027619210395,
            "brake": 0.01987674976306623,
            "steer": 0.0
        },
        {
            "throttle": 0.3257869480424831,
            "brake": 0.017889074786759607,
            "steer": 0.0
        },
        {
            "throttle": 0.3295219622146391,
            "brake": 0.016100167308083647,
            "steer": 0.0
        },
        {
            "throttle": 0.3333520873242012,
            "brake": 0.014490150577275283,
            "steer": 0.0
        },
        {
            "throttle": 0.3372766049235299,
            "brake": 0.013041135519547756,
            "steer": 0.0
        },
        {
            "throttle": 0.3412879304271759,
            "brake": 0.01173702196759298,
            "steer": 0.0
        },
        {
            "throttle": 0.3453722727723966,
            "brake": 0.010563319770833681,
            "steer": 0.0
        },
        {
            "throttle": 0.34951032933292825,
            "brake": 0.009506987793750313,
            "steer": 0.0
        },
        {
            "throttle": 0.3536780114814022,
            "brake": 0.008556289014375282,
            "steer": 0.0
        },
        {
            "throttle": 0.3578471952009505,
            "brake": 0.007700660112937754,
            "steer": 0.0
        },
        {
            "throttle": 0.3619864902880203,
            "brake": 0.006930594101643979,
            "steer": 0.0
        },
        {
            "throttle": 0.3660620209731951,
            "brake": 0.006237534691479581,
            "steer": 0.0
        },
        {
            "throttle": 0.37003821022034444,
            "brake": 0.005613781222331624,
            "steer": 0.0
        },
        {
            "throttle": 0.3738785595504859,
            "brake": 0.005052403100098461,
            "steer": 0.0
        },
        {
            "throttle": 0.3775464159773422,
            "brake": 0.004547162790088616,
            "steer": 0.0
        },
        {
            "throttle": 0.381005717536887,
            "brake": 0.0040924465110797545,
            "steer": 0.0
        },
        {
            "throttle": 0.3429051457831983,
            "brake": 0.03371520761177848,
            "steer": 0.0
        },
        {
            "throttle": 0.3086146312048785,
            "brake": 0.060375692602407334,
            "steer": 0.0
        },
        {
            "throttle": 0.27775316808439066,
            "brake": 0.0843701290939733,
            "steer": 0.0
        },
        {
            "throttle": 0.2499778512759516,
            "brake": 0.10596512193638268,
            "steer": 0.0
        },
        {
            "throttle": 0.22498006614835644,
            "brake": 0.12540061549455112,
            "steer": 0.0
        },
        {
            "throttle": 0.2024820595335208,
            "brake": 0.1428925596969027,
            "steer": 0.0
        },
        {
            "throttle": 0.18223385358016872,
            "brake": 0.15863530947901913,
            "steer": 0.0
        },
        {
            "throttle": 0.16401046822215185,
            "brake": 0.17280378428292392,
            "steer": 0.0
        },
        {
            "throttle": 0.14760942139993666,
            "brake": 0.18555541160643824,
            "steer": 0.0
        },
        {
            "throttle": 0.132848479259943,
            "brake": 0.19703187619760112,
            "steer": 0.0
        },
        {
            "throttle": 0.1195636313339487,
            "brake": 0.2073606943296477,
            "steer": 0.0
        },
        {
            "throttle": 0.10760726820055384,
            "brake": 0.21665663064848964,
            "steer": 0.0
        },
        {
            "throttle": 0.09684654138049846,
            "brake": 0.22502297333544738,
            "steer": 0.0
        },
        {
            "throttle": 0.08716188724244861,
            "brake": 0.23255268175370936,
            "steer": 0.0
        },
        {
            "throttle": 0.07844569851820375,
            "brake": 0.23932941933014512,
            "steer": 0.0
        },
        {
            "throttle": 0.07060112866638338,
            "brake": 0.2454284831489373,
            "steer": 0.0
        },
        {
            "throttle": 0.06354101579974504,
            "brake": 0.2509176405858503,
            "steer": 0.0
        },
        {
            "throttle": 0.05718691421977054,
            "brake": 0.255857882279072,
            "steer": 0.0
        },
        {
            "throttle": 0.051468222797793485,
            "brake": 0.26030409980297153,
            "steer": 0.0
        },
        {
            "throttle": 0.08157703755130608,
            "brake": 0.23427368982267438,
            "steer": 0.0
        },
        {
            "throttle": 0.10828643294826532,
            "brake": 0.21084632084040694,
            "steer": 0.0
        },
        {
            "throttle": 0.13197297691545407,
            "brake": 0.18976168875636626,
            "steer": 0.0
        },
        {
            "throttle": 0.15298069481610557,
            "brake": 0.17078551988072962,
            "steer": 0.0
        },
        {
            "throttle": 0.17162371710825391,
            "brake": 0.15370696789265667,
            "steer": 0.0
        },
        {
            "throttle": 0.18818859672920882,
            "brake": 0.138336271103391,
            "steer": 0.0
        },
        {
            "throttle": 0.2029363390010563,
            "brake": 0.1245026439930519,
            "steer": 0.0
        },
        {
            "throttle": 0.2161041833826569,
            "brake": 0.11205237959374671,
            "steer": 0.0
        },
        {
            "throttle": 0.22790717311740558,
            "brake": 0.10084714163437204,
            "steer": 0.0
        },
        {
            "throttle": 0.2385395457141707,
            "brake": 0.09076242747093484,
            "steer": 0.0
        },
        {
            "throttle": 0.24817597422774512,
            "brake": 0.08168618472384136,
            "steer": 0.0
        },
        {
            "throttle": 0.2569726864560488,
            "brake": 0.07351756625145722,
            "steer": 0.0
        },
        {
            "throttle": 0.2650684864298831,
            "brake": 0.06616580962631151,
            "steer": 0.0
        }
    ],
    "parameters": {
        "cloudiness": 29.571561808903667,
        "fog_density": 73.76952926961526,
        "initial_distance": 69.39906479022581,
        "initial_ego_velocity": 9.18456125093586,
        "initial_lead_velocity": 21.46560671863827,
        "lead_base_throttle": 0.3738734637593336,
        "lead_behavior_frequency": 0.19198026244212935,
        "lead_brake_duration": 19.088592143589192,
        "lead_brake_intensity": 0.300320057518067,
        "lead_brake_probability": 0.22239302095322203,
        "lead_throttle_variation": 0.039771382882557174,
        "precipitation": 7.112418401840303,
        "precipitation_deposits": 45.14124850928274,
        "sun_altitude_angle": -6.202385509556567,
        "wind_intensity": 16.10755664282713
    },
    "config": {
        "num_timesteps": 200,
        "dt": 0.1,
        "seed": 157
    }
}