{
    "weather": {
        "cloudiness": 20.913470498351895,
        "precipitation": 35.41179031958552,
        "precipitation_deposits": 97.38587219357008,
        "wind_intensity": 6.316397566341908,
        "sun_altitude_angle": 80.21029789830409,
        "fog_density": 3.060673841631223,
        "fog_distance": 903.0092685997994,
        "wetness": 17.70589515979276
    },
    "initial_conditions": {
        "ego": {
            "position": {
                "x": 536.7562376071818,
                "y": 20.57,
                "z": 0.294
            },
            "yaw": 0.0,
            "velocity": 18.581351569502786
        },
        "lead": {
            "position": {
                "x": 484.88,
                "y": 20.57,
                "z": 0.294
            },
            "yaw": 0.0,
            "velocity": 19.24356446869035
        }
    },
    "ego": {
        "position": {
            "x": 536.7562376071818,
            "y": 20.57,
            "z": 0.294
        },
        "yaw": 0.0,
        "velocity": 18.581351569502786
    },
    "lead": {
        "position": {
            "x": 484.88,
            "y": 20.57,
            "z": 0.294
        },
        "yaw": 0.0,
        "velocity": 19.24356446869035
    },
    "ado_actions": [
        {
            "throttle": 0.5216554975872469,
            "brake": 0.0,
            "steer": 0.0
        },
        {
            "throttle": 0.5224525543841505,
            "brake": 0.0,
            "steer": 0.0
        },
        {
            "throttle": 0.5239660161629068,
            "brake": 0.0,
            "steer": 0.0
        },
        {
            "throttle": 0.5261223512777066,
            "brake": 0.0,
            "steer": 0.0
        },
        {
            "throttle": 0.528854438479919,
            "brake": 0.0,
            "steer": 0.0
        },
        {
            "throttle": 0.5321009292423335,
            "brake": 0.0,
            "steer": 0.0
        },
        {
            "throttle": 0.5358056749660846,
            "brake": 0.0,
            "steer": 0.0
        },
        {
            "throttle": 0.5399172125766715,
            "brake": 0.0,
            "steer": 0.0
        },
        {
            "throttle": 0.5443883026635329,
            "brake": 0.0,
            "steer": 0.0
        },
        {
            "throttle": 0.5491755149008739,
            "brake": 0.0,
            "steer": 0.0
        },
        {
            "throttle": 0.5542388560123791,
            "brake": 0.0,
            "steer": 0.0
        },
        {
            "throttle": 0.5595414360148883,
            "brake": 0.0,
            "steer": 0.0
        },
        {
            "throttle": 0.5650491689013306,
            "brake": 0.0,
            "steer": 0.0
        },
        {
            "throttle": 0.5707305043059187,
            "brake": 0.0,
            "steer": 0.0
        },
        {
            "throttle": 0.5765561870390578,
            "brake": 0.0,
            "steer": 0.0
        },
        {
            "throttle": 0.5824990416894497,
            "brake": 0.0,
            "steer": 0.0
        },
        {
            "throttle": 0.5885337797699111,
            "brake": 0.0,
            "steer": 0.0
        },
        {
            "throttle": 0.5946368271345823,
            "brake": 0.0,
            "steer": 0.0
        },
        {
            "throttle": 0.6007861696212655,
            "brake": 0.0,
            "steer": 0.0
        },
        {
            "throttle": 0.6069612150761083,
            "brake": 0.0,
            "steer": 0.0
        },
        {
            "throttle": 0.6131426701010045,
            "brake": 0.0,
            "steer": 0.0
        },
        {
            "throttle": 0.6193124300289479,
            "brake": 0.0,
            "steer": 0.0
        },
        {
            "throttle": 0.6254534807809802,
            "brake": 0.0,
            "steer": 0.0
        },
        {
            "throttle": 0.6315498113919663,
            "brake": 0.0,
            "steer": 0.0
        },
        {
            "throttle": 0.6375863361126923,
            "brake": 0.0,
            "steer": 0.0
        },
        {
            "throttle": 0.6435488251040489,
            "brake": 0.0,
            "steer": 0.0
        },
        {
            "throttle": 0.579193942593644,
            "brake": 0.030724603676541857,
            "steer": 0.0
        },
        {
            "throttle": 0.5212745483342796,
            "brake": 0.05837674698542953,
            "steer": 0.0
        },
        {
            "throttle": 0.4691470935008516,
            "brake": 0.08326367596342843,
            "steer": 0.0
        },
        {
            "throttle": 0.42223238415076647,
            "brake": 0.10566191204362745,
            "steer": 0.0
        },
        {
            "throttle": 0.38000914573568984,
            "brake": 0.12582032451580658,
            "steer": 0.0
        },
        {
            "throttle": 0.34200823116212087,
            "brake": 0.1439628957407678,
            "steer": 0.0
        },
        {
            "throttle": 0.3078074080459088,
            "brake": 0.1602912098432329,
            "steer": 0.0
        },
        {
            "throttle": 0.2770266672413179,
            "brake": 0.17498669253545146,
            "steer": 0.0
        },
        {
            "throttle": 0.24932400051718612,
            "brake": 0.18821262695844818,
            "steer": 0.0
        },
        {
            "throttle": 0.22439160046546752,
            "brake": 0.20011596793914524,
            "steer": 0.0
        },
        {
            "throttle": 0.20195244041892077,
            "brake": 0.2108289748217726,
            "steer": 0.0
        },
        {
            "throttle": 0.1817571963770287,
            "brake": 0.2204706810161372,
            "steer": 0.0
        },
        {
            "throttle": 0.16358147673932583,
            "brake": 0.22914821659106535,
            "steer": 0.0
        },
        {
            "throttle": 0.14722332906539326,
            "brake": 0.2369579986085007,
            "steer": 0.0
        },
        {
            "throttle": 0.13250099615885394,
            "brake": 0.2439868024241925,
            "steer": 0.0
        },
        {
            "throttle": 0.11925089654296855,
            "brake": 0.2503127258583151,
            "steer": 0.0
        },
        {
            "throttle": 0.1073258068886717,
            "brake": 0.25600605694902545,
            "steer": 0.0
        },
        {
            "throttle": 0.09659322619980454,
            "brake": 0.26113005493066477,
            "steer": 0.0
        },
        {
            "throttle": 0.08693390357982408,
            "brake": 0.26574165311414016,
            "steer": 0.0
        },
        {
            "throttle": 0.07824051322184168,
            "brake": 0.269892091479268,
            "steer": 0.0
        },
        {
            "throttle": 0.07041646189965751,
            "brake": 0.27362748600788306,
            "steer": 0.0
        },
        {
            "throttle": 0.06337481570969176,
            "brake": 0.2769893410836366,
            "steer": 0.0
        },
        {
            "throttle": 0.05703733413872259,
            "brake": 0.2800150106518148,
            "steer": 0.0
        },
        {
            "throttle": 0.05133360072485033,
            "brake": 0.28273811326317516,
            "steer": 0.0
        },
        {
            "throttle": 0.0462002406523653,
            "brake": 0.2851889056133995,
            "steer": 0.0
        },
        {
            "throttle": 0.041580216587128765,
            "brake": 0.2873946187286014,
            "steer": 0.0
        },
        {
            "throttle": 0.03742219492841589,
            "brake": 0.2893797605322831,
            "steer": 0.0
        },
        {
            "throttle": 0.1082332159176046,
            "brake": 0.2604417844790548,
            "steer": 0.0
        },
        {
            "throttle": 0.17174854362265868,
            "brake": 0.23439760603114934,
            "steer": 0.0
        },
        {
            "throttle": 0.2286714270976944,
            "brake": 0.21095784542803442,
            "steer": 0.0
        },
        {
            "throttle": 0.27963507646206676,
            "brake": 0.18986206088523097,
            "steer": 0.0
        },
        {
            "throttle": 0.3252096976975095,
            "brake": 0.1708758547967079,
            "steer": 0.0
        },
        {
            "throttle": 0.36590882358941956,
            "brake": 0.1537882693170371,
            "steer": 0.0
        },
        {
            "throttle": 0.4021950111616346,
            "brake": 0.1384094423853334,
            "steer": 0.0
        },
        {
            "throttle": 0.4344849689196066,
            "brake": 0.12456849814680006,
            "steer": 0.0
        },
        {
            "throttle": 0.4631541708859156,
            "brake": 0.11211164833212005,
            "steer": 0.0
        },
        {
            "throttle": 0.48854100871424805,
            "brake": 0.10090048349890804,
            "steer": 0.0
        },
        {
            "throttle": 0.5109505280399657,
            "brake": 0.09081043514901724,
            "steer": 0.0
        },
        {
            "throttle": 0.5306577906102338,
            "brake": 0.08172939163411552,
            "steer": 0.0
        },
        {
            "throttle": 0.547910899583077,
            "brake": 0.07355645247070397,
            "steer": 0.0
        },
        {
            "throttle": 0.49311980962476937,
            "brake": 0.09692541090017542,
            "steer": 0.0
        },
        {
            "throttle": 0.44380782866229246,
            "brake": 0.11795747348669974,
            "steer": 0.0
        },
        {
            "throttle": 0.3994270457960632,
            "brake": 0.13688632981457163,
            "steer": 0.0
        },
        {
            "throttle": 0.3594843412164569,
            "brake": 0.15392230050965633,
            "steer": 0.0
        },
        {
            "throttle": 0.3235359070948112,
            "brake": 0.16925467413523257,
            "steer": 0.0
        },
        {
            "throttle": 0.2911823163853301,
            "brake": 0.1830538103982512,
            "steer": 0.0
        },
        {
            "throttle": 0.2620640847467971,
            "brake": 0.19547303303496794,
            "steer": 0.0
        },
        {
            "throttle": 0.2358576762721174,
            "brake": 0.206650333408013,
            "steer": 0.0
        },
        {
            "throttle": 0.21227190864490567,
            "brake": 0.21670990374375357,
            "steer": 0.0
        },
        {
            "throttle": 0.1910447177804151,
            "brake": 0.22576351704592007,
            "steer": 0.0
        },
        {
            "throttle": 0.1719402460023736,
            "brake": 0.23391176901786995,
            "steer": 0.0
        },
        {
            "throttle": 0.15474622140213623,
            "brake": 0.24124519579262482,
            "steer": 0.0
        },
        {
            "throttle": 0.13927159926192262,
            "brake": 0.2478452798899042,
            "steer": 0.0
        },
        {
            "throttle": 0.12534443933573036,
            "brake": 0.25378535557745563,
            "steer": 0.0
        },
        {
            "throttle": 0.11280999540215733,
            "brake": 0.2591314236962519,
            "steer": 0.0
        },
        {
            "throttle": 0.1015289958619416,
            "brake": 0.2639428850031686,
            "steer": 0.0
        },
        {
            "throttle": 0.09137609627574744,
            "brake": 0.2682732001793936,
            "steer": 0.0
        },
        {
            "throttle": 0.0822384866481727,
            "brake": 0.2721704838379961,
            "steer": 0.0
        },
        {
            "throttle": 0.07401463798335543,
            "brake": 0.27567803913073835,
            "steer": 0.0
        },
        {
            "throttle": 0.06661317418501989,
            "brake": 0.27883483889420635,
            "steer": 0.0
        },
        {
            "throttle": 0.059951856766517896,
            "brake": 0.28167595868132755,
            "steer": 0.0
        },
        {
            "throttle": 0.053956671089866105,
            "brake": 0.28423296648973667,
            "steer": 0.0
        },
        {
            "throttle": 0.048561003980879494,
            "brake": 0.28653427351730487,
            "steer": 0.0
        },
        {
            "throttle": 0.04370490358279155,
            "brake": 0.2886054498421162,
            "steer": 0.0
        },
        {
            "throttle": 0.03933441322451239,
            "brake": 0.2904695085344465,
            "steer": 0.0
        },
        {
            "throttle": 0.03540097190206116,
            "brake": 0.29214716135754365,
            "steer": 0.0
        },
        {
            "throttle": 0.031860874711855044,
            "brake": 0.2936570488983311,
            "steer": 0.0
        },
        {
            "throttle": 0.07938982278572439,
            "brake": 0.264291344008498,
            "steer": 0.0
        },
        {
            "throttle": 0.1213712479491503,
            "brake": 0.23786220960764823,
            "steer": 0.0
        },
        {
            "throttle": 0.15836256755863232,
            "brake": 0.2140759886468834,
            "steer": 0.0
        },
        {
            "throttle": 0.19086639732390318,
            "brake": 0.19266838978219505,
            "steer": 0.0
        },
        {
            "throttle": 0.21933602719315656,
            "brake": 0.17340155080397554,
            "steer": 0.0
        },
        {
            "throttle": 0.24418034853891196,
            "brake": 0.156061395723578,
            "steer": 0.0
        },
        {
            "throttle": 0.21976231368502078,
            "brake": 0.17117985982776207,
            "steer": 0.0
        },
        {
            "throttle": 0.1977860823165187,
            "brake": 0.18478647752152774,
            "steer": 0.0
        },
        {
            "throttle": 0.17800747408486683,
            "brake": 0.19703243344591684,
            "steer": 0.0
        },
        {
            "throttle": 0.16020672667638017,
            "brake": 0.20805379377786704,
            "steer": 0.0
        },
        {
            "throttle": 0.14418605400874215,
            "brake": 0.2179730180766222,
            "steer": 0.0
        },
        {
            "throttle": 0.12976744860786793,
            "brake": 0.22690031994550186,
            "steer": 0.0
        },
        {
            "throttle": 0.11679070374708114,
            "brake": 0.23493489162749354,
            "steer": 0.0
        },
        {
            "throttle": 0.10511163337237303,
            "brake": 0.24216600614128606,
            "steer": 0.0
        },
        {
            "throttle": 0.09460047003513573,
            "brake": 0.2486740092036993,
            "steer": 0.0
        },
        {
            "throttle": 0.08514042303162216,
            "brake": 0.2545312119598712,
            "steer": 0.0
        },
        {
            "throttle": 0.07662638072845994,
            "brake": 0.259802694440426,
            "steer": 0.0
        },
        {
            "throttle": 0.06896374265561395,
            "brake": 0.26454702867292523,
            "steer": 0.0
        },
        {
            "throttle": 0.06206736839005255,
            "brake": 0.26881692948217456,
            "steer": 0.0
        },
        {
            "throttle": 0.0558606315510473,
            "brake": 0.27265984021049894,
            "steer": 0.0
        },
        {
            "throttle": 0.05027456839594257,
            "brake": 0.27611845986599093,
            "steer": 0.0
        },
        {
            "throttle": 0.045247111556348314,
            "brake": 0.2792312175559337,
            "steer": 0.0
        },
        {
            "throttle": 0.04072240040071348,
            "brake": 0.2820326994768822,
            "steer": 0.0
        },
        {
            "throttle": 0.036650160360642135,
            "brake": 0.2845540332057358,
            "steer": 0.0
        },
        {
            "throttle": 0.03298514432457792,
            "brake": 0.2868232335617041,
            "steer": 0.0
        },
        {
            "throttle": 0.02968662989212013,
            "brake": 0.28886551388207554,
            "steer": 0.0
        },
        {
            "throttle": 0.02671796690290812,
            "brake": 0.2907035661704098,
            "steer": 0.0
        },
        {
            "throttle": 0.024046170212617308,
            "brake": 0.29235781322991067,
            "steer": 0.0
        },
        {
            "throttle": 0.021641553191355578,
            "brake": 0.29384663558346147,
            "steer": 0.0
        },
        {
            "throttle": 0.019477397872220022,
            "brake": 0.2951865757016572,
            "steer": 0.0
        },
        {
            "throttle": 0.01752965808499802,
            "brake": 0.2963925218080333,
            "steer": 0.0
        },
        {
            "throttle": 0.01577669227649822,
            "brake": 0.29747787330377184,
            "steer": 0.0
        },
        {
            "throttle": 0.014199023048848397,
            "brake": 0.2984546896499365,
            "steer": 0.0
        },
        {
            "throttle": 0.043381453373377836,
            "brake": 0.26860922068494286,
            "steer": 0.0
        },
        {
            "throttle": 0.0693694331391922,
            "brake": 0.2417482986164486,
            "steer": 0.0
        },
        {
            "throttle": 0.09250833159225827,
            "brake": 0.21757346875480374,
            "steer": 0.0
        },
        {
            "throttle": 0.11310927814935445,
            "brake": 0.19581612187932337,
            "steer": 0.0
        },
        {
            "throttle": 0.13145255525537156,
            "brake": 0.17623450969139104,
            "steer": 0.0
        },
        {
            "throttle": 0.14779065163916766,
            "brake": 0.15861105872225195,
            "steer": 0.0
        },
        {
            "throttle": 0.16235100996544388,
            "brake": 0.14274995285002676,
            "steer": 0.0
        },
        {
            "throttle": 0.17533849948069097,
            "brake": 0.12847495756502408,
            "steer": 0.0
        },
        {
            "throttle": 0.18693764119173845,
            "brake": 0.11562746180852168,
            "steer": 0.0
        },
        {
            "throttle": 0.19731461036182446,
            "brake": 0.10406471562766952,
            "steer": 0.0
        },
        {
            "throttle": 0.20661903863080908,
            "brake": 0.09365824406490257,
            "steer": 0.0
        },
        {
            "throttle": 0.2149856358356408,
            "brake": 0.08429241965841232,
            "steer": 0.0
        },
        {
            "throttle": 0.22253564959967906,
            "brake": 0.07586317769257109,
            "steer": 0.0
        },
        {
            "throttle": 0.22937817895267443,
            "brake": 0.06827685992331398,
            "steer": 0.0
        },
        {
            "throttle": 0.2356113566170391,
            "brake": 0.06144917393098258,
            "steer": 0.0
        },
        {
            "throttle": 0.2413234131324445,
            "brake": 0.05530425653788432,
            "steer": 0.0
        },
        {
            "throttle": 0.24659363467349887,
            "brake": 0.04977383088409589,
            "steer": 0.0
        },
        {
            "throttle": 0.2514932252296583,
            "brake": 0.044796447795686305,
            "steer": 0.0
        },
        {
            "throttle": 0.2560860827494364,
            "brake": 0.040316803016117675,
            "steer": 0.0
        },
        {
            "throttle": 0.26042949789055747,
            "brake": 0.03628512271450591,
            "steer": 0.0
        },
        {
            "throttle": 0.2645747831532694,
            "brake": 0.03265661044305532,
            "steer": 0.0
        },
        {
            "throttle": 0.26856783939600637,
            "brake": 0.029390949398749786,
            "steer": 0.0
        },
        {
            "throttle": 0.2724496660323207,
            "brake": 0.026451854458874807,
            "steer": 0.0
        },
        {
            "throttle": 0.27625682057771567,
            "brake": 0.023806669012987326,
            "steer": 0.0
        },
        {
            "throttle": 0.2800218326477103,
            "brake": 0.021426002111688592,
            "steer": 0.0
        },
        {
            "throttle": 0.2837735769978513,
            "brake": 0.019283401900519734,
            "steer": 0.0
        },
        {
            "throttle": 0.2875376097367917,
            "brake": 0.017355061710467762,
            "steer": 0.0
        },
        {
            "throttle": 0.291336471429878,
            "brake": 0.015619555539420987,
            "steer": 0.0
        },
        {
            "throttle": 0.29518996043833473,
            "brake": 0.014057599985478888,
            "steer": 0.0
        },
        {
            "throttle": 0.29911537950397965,
            "brake": 0.012651839986931,
            "steer": 0.0
        },
        {
            "throttle": 0.3031277582877209,
            "brake": 0.0113866559882379,
            "steer": 0.0
        },
        {
            "throttle": 0.307240054298536,
            "brake": 0.01024799038941411,
            "steer": 0.0
        },
        {
            "throttle": 0.31146333440519636,
            "brake": 0.0092231913504727,
            "steer": 0.0
        },
        {
            "throttle": 0.3158069389029757,
            "brake": 0.00830087221542543,
            "steer": 0.0
        },
        {
            "throttle": 0.3202786299095146,
            "brake": 0.007470784993882887,
            "steer": 0.0
        },
        {
            "throttle": 0.3248847256857265,
            "brake": 0.006723706494494598,
            "steer": 0.0
        },
        {
            "throttle": 0.32963022231713135,
            "brake": 0.006051335845045139,
            "steer": 0.0
        },
        {
            "throttle": 0.33451890404652584,
            "brake": 0.0054462022605406245,
            "steer": 0.0
        },
        {
            "throttle": 0.3395534434188344,
            "brake": 0.004901582034486562,
            "steer": 0.0
        },
        {
            "throttle": 0.3447354922818978,
            "brake": 0.004411423831037905,
            "steer": 0.0
        },
        {
            "throttle": 0.35006576458154576,
            "brake": 0.003970281447934115,
            "steer": 0.0
        },
        {
            "throttle": 0.3555441117944067,
            "brake": 0.0035732533031407037,
            "steer": 0.0
        },
        {
            "throttle": 0.3611695917564702,
            "brake": 0.0032159279728266334,
            "steer": 0.0
        },
        {
            "throttle": 0.36694053156850376,
            "brake": 0.00289433517554397,
            "steer": 0.0
        },
        {
            "throttle": 0.3302464784116534,
            "brake": 0.03332950533453143,
            "steer": 0.0
        },
        {
            "throttle": 0.29722183057048807,
            "brake": 0.06072115847762015,
            "steer": 0.0
        },
        {
            "throttle": 0.26749964751343924,
            "brake": 0.08537364630639999,
            "steer": 0.0
        },
        {
            "throttle": 0.24074968276209532,
            "brake": 0.10756088535230185,
            "steer": 0.0
        },
        {
            "throttle": 0.2166747144858858,
            "brake": 0.12752940049361353,
            "steer": 0.0
        },
        {
            "throttle": 0.19500724303729722,
            "brake": 0.14550106412079403,
            "steer": 0.0
        },
        {
            "throttle": 0.1755065187335675,
            "brake": 0.1616755613852565,
            "steer": 0.0
        },
        {
            "throttle": 0.15795586686021076,
            "brake": 0.17623260892327272,
            "steer": 0.0
        },
        {
            "throttle": 0.1421602801741897,
            "brake": 0.18933395170748732,
            "steer": 0.0
        },
        {
            "throttle": 0.12794425215677072,
            "brake": 0.20112516021328045,
            "steer": 0.0
        },
        {
            "throttle": 0.11514982694109364,
            "brake": 0.21173724786849427,
            "steer": 0.0
        },
        {
            "throttle": 0.10363484424698428,
            "brake": 0.2212881267581867,
            "steer": 0.0
        },
        {
            "throttle": 0.09327135982228586,
            "brake": 0.2298839177589099,
            "steer": 0.0
        },
        {
            "throttle": 0.08394422384005727,
            "brake": 0.23762012965956078,
            "steer": 0.0
        },
        {
            "throttle": 0.07554980145605154,
            "brake": 0.24458272037014658,
            "steer": 0.0
        },
        {
            "throttle": 0.06799482131044639,
            "brake": 0.2508490520096738,
            "steer": 0.0
        },
        {
            "throttle": 0.06119533917940175,
            "brake": 0.2564887504852483,
            "steer": 0.0
        },
        {
            "throttle": 0.05507580526146158,
            "brake": 0.2615644791132653,
            "steer": 0.0
        },
        {
            "throttle": 0.04956822473531542,
            "brake": 0.26613263487848066,
            "steer": 0.0
        },
        {
            "throttle": 0.04461140226178388,
            "brake": 0.27024397506717446,
            "steer": 0.0
        },
        {
            "throttle": 0.0401502620356055,
            "brake": 0.2739441812369989,
            "steer": 0.0
        },
        {
            "throttle": 0.03613523583204495,
            "brake": 0.27727436678984085,
            "steer": 0.0
        },
        {
            "throttle": 0.032521712248840456,
            "brake": 0.2802715337873986,
            "steer": 0.0
        },
        {
            "throttle": 0.029269541023956413,
            "brake": 0.2829689840852006,
            "steer": 0.0
        },
        {
            "throttle": 0.026342586921560773,
            "brake": 0.2853966893532224,
            "steer": 0.0
        },
        {
            "throttle": 0.023708328229404697,
            "brake": 0.287581624094442,
            "steer": 0.0
        },
        {
            "throttle": 0.02133749540646423,
            "brake": 0.28954806536153965,
            "steer": 0.0
        },
        {
            "throttle": 0.08255277084186807,
            "brake": 0.2605932588253857,
            "steer": 0.0
        },
        {
            "throttle": 0.13833764959805867,
            "brake": 0.23453393294284713,
            "steer": 0.0
        },
        {
            "throttle": 0.18922107575435,
            "brake": 0.21108053964856244,
            "steer": 0.0
        }
    ],
    "parameters": {
        "cloudiness": 20.913470498351895,
        "fog_density": 3.060673841631223,
        "initial_distance": 51.87623760718182,
        "initial_ego_velocity": 18.581351569502786,
        "initial_lead_velocity": 19.24356446869035,
        "lead_base_throttle": 0.5216554975872469,
        "lead_behavior_frequency": 0.05483699100164301,
        "lead_brake_duration": 27.818389592755718,
        "lead_brake_intensity": 0.30724603676541856,
        "lead_brake_probability": 0.2799060117634935,
        "lead_throttle_variation": 0.2313778159856287,
        "precipitation": 35.41179031958552,
        "precipitation_deposits": 97.38587219357008,
        "sun_altitude_angle": 80.21029789830409,
        "wind_intensity": 6.316397566341908
    },
    "config": {
        "num_timesteps": 200,
        "dt": 0.1,
        "seed": 190
    }
}