{
    "weather": {
        "cloudiness": 64.98515682496748,
        "precipitation": 7.4449551784442125,
        "precipitation_deposits": 27.548941014575433,
        "wind_intensity": 19.13489148694264,
        "sun_altitude_angle": 25.713942740109147,
        "fog_density": 76.26586179393014,
        "fog_distance": 78.6934469575042,
        "wetness": 3.7224775892221063
    },
    "initial_conditions": {
        "ego": {
            "position": {
                "x": 538.9786038633995,
                "y": 20.57,
                "z": 0.294
            },
            "yaw": 0.0,
            "velocity": 15.468968307195771
        },
        "lead": {
            "position": {
                "x": 484.88,
                "y": 20.57,
                "z": 0.294
            },
            "yaw": 0.0,
            "velocity": 22.35789947758201
        }
    },
    "ego": {
        "position": {
            "x": 538.9786038633995,
            "y": 20.57,
            "z": 0.294
        },
        "yaw": 0.0,
        "velocity": 15.468968307195771
    },
    "lead": {
        "position": {
            "x": 484.88,
            "y": 20.57,
            "z": 0.294
        },
        "yaw": 0.0,
        "velocity": 22.35789947758201
    },
    "ado_actions": [
        {
            "throttle": 0.2754109230049395,
            "brake": 0.0,
            "steer": 0.0
        },
        {
            "throttle": 0.27829359362979417,
            "brake": 0.0,
            "steer": 0.0
        },
        {
            "throttle": 0.2836840912017814,
            "brake": 0.0,
            "steer": 0.0
        },
        {
            "throttle": 0.29116107999229685,
            "brake": 0.0,
            "steer": 0.0
        },
        {
            "throttle": 0.30026650372716773,
            "brake": 0.0,
            "steer": 0.0
        },
        {
            "throttle": 0.31051674820460534,
            "brake": 0.0,
            "steer": 0.0
        },
        {
            "throttle": 0.3214148309468854,
            "brake": 0.0,
            "steer": 0.0
        },
        {
            "throttle": 0.33246322584412624,
            "brake": 0.0,
            "steer": 0.0
        },
        {
            "throttle": 0.34317691427191804,
            "brake": 0.0,
            "steer": 0.0
        },
        {
            "throttle": 0.3530962496977235,
            "brake": 0.0,
            "steer": 0.0
        },
        {
            "throttle": 0.3617992304940173,
            "brake": 0.0,
            "steer": 0.0
        },
        {
            "throttle": 0.3689127953410598,
            "brake": 0.0,
            "steer": 0.0
        },
        {
            "throttle": 0.37412278665941795,
            "brake": 0.0,
            "steer": 0.0
        },
        {
            "throttle": 0.3771822690480115,
            "brake": 0.0,
            "steer": 0.0
        },
        {
            "throttle": 0.37791794048713306,
            "brake": 0.0,
            "steer": 0.0
        },
        {
            "throttle": 0.3762344325876829,
            "brake": 0.0,
            "steer": 0.0
        },
        {
            "throttle": 0.3721163606839403,
            "brake": 0.0,
            "steer": 0.0
        },
        {
            "throttle": 0.36562805315233615,
            "brake": 0.0,
            "steer": 0.0
        },
        {
            "throttle": 0.3569109599442125,
            "brake": 0.0,
            "steer": 0.0
        },
        {
            "throttle": 0.3461788108359707,
            "brake": 0.0,
            "steer": 0.0
        },
        {
            "throttle": 0.3337106622165562,
            "brake": 0.0,
            "steer": 0.0
        },
        {
            "throttle": 0.31984203530624755,
            "brake": 0.0,
            "steer": 0.0
        },
        {
            "throttle": 0.30495440661518464,
            "brake": 0.0,
            "steer": 0.0
        },
        {
            "throttle": 0.28946336147220225,
            "brake": 0.0,
            "steer": 0.0
        },
        {
            "throttle": 0.27380576208792595,
            "brake": 0.0,
            "steer": 0.0
        },
        {
            "throttle": 0.25842631164572283,
            "brake": 0.0,
            "steer": 0.0
        },
        {
            "throttle": 0.24376391444288642,
            "brake": 0.0,
            "steer": 0.0
        },
        {
            "throttle": 0.23023823858022097,
            "brake": 0.0,
            "steer": 0.0
        },
        {
            "throttle": 0.21823688193037763,
            "brake": 0.0,
            "steer": 0.0
        },
        {
            "throttle": 0.20810352428061424,
            "brake": 0.0,
            "steer": 0.0
        },
        {
            "throttle": 0.20012741918289517,
            "brake": 0.0,
            "steer": 0.0
        },
        {
            "throttle": 0.1945345390381224,
            "brake": 0.0,
            "steer": 0.0
        },
        {
            "throttle": 0.19148063749586844,
            "brake": 0.0,
            "steer": 0.0
        },
        {
            "throttle": 0.19104643585358866,
            "brake": 0.0,
            "steer": 0.0
        },
        {
            "throttle": 0.19323507651583083,
            "brake": 0.0,
            "steer": 0.0
        },
        {
            "throttle": 0.19797191863713567,
            "brake": 0.0,
            "steer": 0.0
        },
        {
            "throttle": 0.20510668086418454,
            "brake": 0.0,
            "steer": 0.0
        },
        {
            "throttle": 0.21441786572340465,
            "brake": 0.0,
            "steer": 0.0
        },
        {
            "throttle": 0.22561933178448051,
            "brake": 0.0,
            "steer": 0.0
        },
        {
            "throttle": 0.23836881532402926,
            "brake": 0.0,
            "steer": 0.0
        },
        {
            "throttle": 0.25227814475251675,
            "brake": 0.0,
            "steer": 0.0
        },
        {
            "throttle": 0.26692484030810537,
            "brake": 0.0,
            "steer": 0.0
        },
        {
            "throttle": 0.2818647499889018,
            "brake": 0.0,
            "steer": 0.0
        },
        {
            "throttle": 0.2966453416381769,
            "brake": 0.0,
            "steer": 0.0
        },
        {
            "throttle": 0.31081925144902145,
            "brake": 0.0,
            "steer": 0.0
        },
        {
            "throttle": 0.32395768150634086,
            "brake": 0.0,
            "steer": 0.0
        },
        {
            "throttle": 0.33566324356536525,
            "brake": 0.0,
            "steer": 0.0
        },
        {
            "throttle": 0.3455818629399027,
            "brake": 0.0,
            "steer": 0.0
        },
        {
            "throttle": 0.3534133846400811,
            "brake": 0.0,
            "steer": 0.0
        },
        {
            "throttle": 0.3589205629097941,
            "brake": 0.0,
            "steer": 0.0
        },
        {
            "throttle": 0.36193616389725125,
            "brake": 0.0,
            "steer": 0.0
        },
        {
            "throttle": 0.3623679678891583,
            "brake": 0.0,
            "steer": 0.0
        },
        {
            "throttle": 0.3602015206476158,
            "brake": 0.0,
            "steer": 0.0
        },
        {
            "throttle": 0.3555005510137331,
            "brake": 0.0,
            "steer": 0.0
        },
        {
            "throttle": 0.3484050420524559,
            "brake": 0.0,
            "steer": 0.0
        },
        {
            "throttle": 0.3391270135037561,
            "brake": 0.0,
            "steer": 0.0
        },
        {
            "throttle": 0.3279441420592632,
            "brake": 0.0,
            "steer": 0.0
        },
        {
            "throttle": 0.3151914109358876,
            "brake": 0.0,
            "steer": 0.0
        },
        {
            "throttle": 0.30125103941841663,
            "brake": 0.0,
            "steer": 0.0
        },
        {
            "throttle": 0.28654099471360567,
            "brake": 0.0,
            "steer": 0.0
        },
        {
            "throttle": 0.2715024310472288,
            "brake": 0.0,
            "steer": 0.0
        },
        {
            "throttle": 0.25658643316392427,
            "brake": 0.0,
            "steer": 0.0
        },
        {
            "throttle": 0.2422404622896404,
            "brake": 0.0,
            "steer": 0.0
        },
        {
            "throttle": 0.22889491156046854,
            "brake": 0.0,
            "steer": 0.0
        },
        {
            "throttle": 0.21695017464109662,
            "brake": 0.0,
            "steer": 0.0
        },
        {
            "throttle": 0.20676461584964703,
            "brake": 0.0,
            "steer": 0.0
        },
        {
            "throttle": 0.19864380303604726,
            "brake": 0.0,
            "steer": 0.0
        },
        {
            "throttle": 0.19283132654138696,
            "brake": 0.0,
            "steer": 0.0
        },
        {
            "throttle": 0.18950147993485347,
            "brake": 0.0,
            "steer": 0.0
        },
        {
            "throttle": 0.18875402231338423,
            "brake": 0.0,
            "steer": 0.0
        },
        {
            "throttle": 0.1906111794363895,
            "brake": 0.0,
            "steer": 0.0
        },
        {
            "throttle": 0.19501697373130158,
            "brake": 0.0,
            "steer": 0.0
        },
        {
            "throttle": 0.20183890326468204,
            "brake": 0.0,
            "steer": 0.0
        },
        {
            "throttle": 0.21087191922877402,
            "brake": 0.0,
            "steer": 0.0
        },
        {
            "throttle": 0.22184458246345903,
            "brake": 0.0,
            "steer": 0.0
        },
        {
            "throttle": 0.2344272140918028,
            "brake": 0.0,
            "steer": 0.0
        },
        {
            "throttle": 0.24824179545922145,
            "brake": 0.0,
            "steer": 0.0
        },
        {
            "throttle": 0.26287332003043984,
            "brake": 0.0,
            "steer": 0.0
        },
        {
            "throttle": 0.2778822562927019,
            "brake": 0.0,
            "steer": 0.0
        },
        {
            "throttle": 0.2928177473477772,
            "brake": 0.0,
            "steer": 0.0
        },
        {
            "throttle": 0.3072311507513012,
            "brake": 0.0,
            "steer": 0.0
        },
        {
            "throttle": 0.3206895119403609,
            "brake": 0.0,
            "steer": 0.0
        },
        {
            "throttle": 0.33278856658588135,
            "brake": 0.0,
            "steer": 0.0
        },
        {
            "throttle": 0.3431648813553525,
            "brake": 0.0,
            "steer": 0.0
        },
        {
            "throttle": 0.3515067684488305,
            "brake": 0.0,
            "steer": 0.0
        },
        {
            "throttle": 0.35756364609977587,
            "brake": 0.0,
            "steer": 0.0
        },
        {
            "throttle": 0.36115356390606573,
            "brake": 0.0,
            "steer": 0.0
        },
        {
            "throttle": 0.3621686669736726,
            "brake": 0.0,
            "steer": 0.0
        },
        {
            "throttle": 0.36057843476068896,
            "brake": 0.0,
            "steer": 0.0
        },
        {
            "throttle": 0.35643059734336485,
            "brake": 0.0,
            "steer": 0.0
        },
        {
            "throttle": 0.3498497015813753,
            "brake": 0.0,
            "steer": 0.0
        },
        {
            "throttle": 0.3410333702416362,
            "brake": 0.0,
            "steer": 0.0
        },
        {
            "throttle": 0.3302463664288333,
            "brake": 0.0,
            "steer": 0.0
        },
        {
            "throttle": 0.3178126415854265,
            "brake": 0.0,
            "steer": 0.0
        },
        {
            "throttle": 0.3041056058846091,
            "brake": 0.0,
            "steer": 0.0
        },
        {
            "throttle": 0.2895369132276899,
            "brake": 0.0,
            "steer": 0.0
        },
        {
            "throttle": 0.2745440976691972,
            "brake": 0.0,
            "steer": 0.0
        },
        {
            "throttle": 0.2595774325888449,
            "brake": 0.0,
            "steer": 0.0
        },
        {
            "throttle": 0.24508640727330538,
            "brake": 0.0,
            "steer": 0.0
        },
        {
            "throttle": 0.23150622706142895,
            "brake": 0.0,
            "steer": 0.0
        },
        {
            "throttle": 0.21924474249901546,
            "brake": 0.0,
            "steer": 0.0
        },
        {
            "throttle": 0.20867020006474057,
            "brake": 0.0,
            "steer": 0.0
        },
        {
            "throttle": 0.20010018235433244,
            "brake": 0.0,
            "steer": 0.0
        },
        {
            "throttle": 0.1937920698866472,
            "brake": 0.0,
            "steer": 0.0
        },
        {
            "throttle": 0.18993531099580402,
            "brake": 0.0,
            "steer": 0.0
        },
        {
            "throttle": 0.18864573197052684,
            "brake": 0.0,
            "steer": 0.0
        },
        {
            "throttle": 0.18996205832621454,
            "brake": 0.0,
            "steer": 0.0
        },
        {
            "throttle": 0.19384475168733656,
            "brake": 0.0,
            "steer": 0.0
        },
        {
            "throttle": 0.20017719721199737,
            "brake": 0.0,
            "steer": 0.0
        },
        {
            "throttle": 0.20876920589562586,
            "brake": 0.0,
            "steer": 0.0
        },
        {
            "throttle": 0.21936272656693834,
            "brake": 0.0,
            "steer": 0.0
        },
        {
            "throttle": 0.2316395960246365,
            "brake": 0.0,
            "steer": 0.0
        },
        {
            "throttle": 0.24523109455089942,
            "brake": 0.0,
            "steer": 0.0
        },
        {
            "throttle": 0.2597290198160307,
            "brake": 0.0,
            "steer": 0.0
        },
        {
            "throttle": 0.2746979465860961,
            "brake": 0.0,
            "steer": 0.0
        },
        {
            "throttle": 0.2896883040316363,
            "brake": 0.0,
            "steer": 0.0
        },
        {
            "throttle": 0.3042498778801677,
            "brake": 0.0,
            "steer": 0.0
        },
        {
            "throttle": 0.3179453318956752,
            "brake": 0.0,
            "steer": 0.0
        },
        {
            "throttle": 0.33036334258786926,
            "brake": 0.0,
            "steer": 0.0
        },
        {
            "throttle": 0.341130952670054,
            "brake": 0.0,
            "steer": 0.0
        },
        {
            "throttle": 0.34992477224816787,
            "brake": 0.0,
            "steer": 0.0
        },
        {
            "throttle": 0.35648069133021065,
            "brake": 0.0,
            "steer": 0.0
        },
        {
            "throttle": 0.3606018119555101,
            "brake": 0.0,
            "steer": 0.0
        },
        {
            "throttle": 0.362164361714296,
            "brake": 0.0,
            "steer": 0.0
        },
        {
            "throttle": 0.36112141105392676,
            "brake": 0.0,
            "steer": 0.0
        },
        {
            "throttle": 0.3575042827280429,
            "brake": 0.0,
            "steer": 0.0
        },
        {
            "throttle": 0.35142161105789826,
            "brake": 0.0,
            "steer": 0.0
        },
        {
            "throttle": 0.34305607925943643,
            "brake": 0.0,
            "steer": 0.0
        },
        {
            "throttle": 0.33265893282544196,
            "brake": 0.0,
            "steer": 0.0
        },
        {
            "throttle": 0.3205424337448962,
            "brake": 0.0,
            "steer": 0.0
        },
        {
            "throttle": 0.30707048218548927,
            "brake": 0.0,
            "steer": 0.0
        },
        {
            "throttle": 0.29264768730269325,
            "brake": 0.0,
            "steer": 0.0
        },
        {
            "throttle": 0.27770721541692694,
            "brake": 0.0,
            "steer": 0.0
        },
        {
            "throttle": 0.262697780520231,
            "brake": 0.0,
            "steer": 0.0
        },
        {
            "throttle": 0.248070167832701,
            "brake": 0.0,
            "steer": 0.0
        },
        {
            "throttle": 0.23426369515307036,
            "brake": 0.0,
            "steer": 0.0
        },
        {
            "throttle": 0.2216930186160944,
            "brake": 0.0,
            "steer": 0.0
        },
        {
            "throttle": 0.21073567912565783,
            "brake": 0.0,
            "steer": 0.0
        },
        {
            "throttle": 0.20172076348746604,
            "brake": 0.0,
            "steer": 0.0
        },
        {
            "throttle": 0.1949190207868801,
            "brake": 0.0,
            "steer": 0.0
        },
        {
            "throttle": 0.1905347308513906,
            "brake": 0.0,
            "steer": 0.0
        },
        {
            "throttle": 0.18869956901603774,
            "brake": 0.0,
            "steer": 0.0
        },
        {
            "throttle": 0.18946865145417235,
            "brake": 0.0,
            "steer": 0.0
        },
        {
            "throttle": 0.1928188798460016,
            "brake": 0.0,
            "steer": 0.0
        },
        {
            "throttle": 0.19864963510025987,
            "brake": 0.0,
            "steer": 0.0
        },
        {
            "throttle": 0.20678579929412055,
            "brake": 0.0,
            "steer": 0.0
        },
        {
            "throttle": 0.21698301507198142,
            "brake": 0.0,
            "steer": 0.0
        },
        {
            "throttle": 0.2289350245450932,
            "brake": 0.0,
            "steer": 0.0
        },
        {
            "throttle": 0.24228286727936582,
            "brake": 0.0,
            "steer": 0.0
        },
        {
            "throttle": 0.2566256611238102,
            "brake": 0.0,
            "steer": 0.0
        },
        {
            "throttle": 0.2715326420938703,
            "brake": 0.0,
            "steer": 0.0
        },
        {
            "throttle": 0.28655610171010715,
            "brake": 0.0,
            "steer": 0.0
        },
        {
            "throttle": 0.301244833238995,
            "brake": 0.0,
            "steer": 0.0
        },
        {
            "throttle": 0.31515768299849195,
            "brake": 0.0,
            "steer": 0.0
        },
        {
            "throttle": 0.32787679973558725,
            "brake": 0.0,
            "steer": 0.0
        },
        {
            "throttle": 0.33902018415097523,
            "brake": 0.0,
            "steer": 0.0
        },
        {
            "throttle": 0.3482531616650213,
            "brake": 0.0,
            "steer": 0.0
        },
        {
            "throttle": 0.3552984338579892,
            "brake": 0.0,
            "steer": 0.0
        },
        {
            "throttle": 0.35994440670485167,
            "brake": 0.0,
            "steer": 0.0
        },
        {
            "throttle": 0.36205154547885127,
            "brake": 0.0,
            "steer": 0.0
        },
        {
            "throttle": 0.36155656546397463,
            "brake": 0.0,
            "steer": 0.0
        },
        {
            "throttle": 0.35847433261468004,
            "brake": 0.0,
            "steer": 0.0
        },
        {
            "throttle": 0.3528974170794605,
            "brake": 0.0,
            "steer": 0.0
        },
        {
            "throttle": 0.3449933129974797,
            "brake": 0.0,
            "steer": 0.0
        },
        {
            "throttle": 0.3349994080674458,
            "brake": 0.0,
            "steer": 0.0
        },
        {
            "throttle": 0.3232158539700482,
            "brake": 0.0,
            "steer": 0.0
        },
        {
            "throttle": 0.3099965517699421,
            "brake": 0.0,
            "steer": 0.0
        },
        {
            "throttle": 0.29573852303698234,
            "brake": 0.0,
            "steer": 0.0
        },
        {
            "throttle": 0.28086998590886497,
            "brake": 0.0,
            "steer": 0.0
        },
        {
            "throttle": 0.2658374942124484,
            "brake": 0.0,
            "steer": 0.0
        },
        {
            "throttle": 0.2510925259006256,
            "brake": 0.0,
            "steer": 0.0
        },
        {
            "throttle": 0.23707792360058919,
            "brake": 0.0,
            "steer": 0.0
        },
        {
            "throttle": 0.22421459451093925,
            "brake": 0.0,
            "steer": 0.0
        },
        {
            "throttle": 0.212888869095936,
            "brake": 0.0,
            "steer": 0.0
        },
        {
            "throttle": 0.20344089823923342,
            "brake": 0.0,
            "steer": 0.0
        },
        {
            "throttle": 0.19615443733088292,
            "brake": 0.0,
            "steer": 0.0
        },
        {
            "throttle": 0.19124832410697054,
            "brake": 0.0,
            "steer": 0.0
        },
        {
            "throttle": 0.1888699061919752,
            "brake": 0.0,
            "steer": 0.0
        },
        {
            "throttle": 0.1890906157375874,
            "brake": 0.0,
            "steer": 0.0
        },
        {
            "throttle": 0.19190382406696166,
            "brake": 0.0,
            "steer": 0.0
        },
        {
            "throttle": 0.1972250407568891,
            "brake": 0.0,
            "steer": 0.0
        },
        {
            "throttle": 0.204894451178761,
            "brake": 0.0,
            "steer": 0.0
        },
        {
            "throttle": 0.21468171628715083,
            "brake": 0.0,
            "steer": 0.0
        },
        {
            "throttle": 0.2262928905016855,
            "brake": 0.0,
            "steer": 0.0
        },
        {
            "throttle": 0.23937924991417542,
            "brake": 0.0,
            "steer": 0.0
        },
        {
            "throttle": 0.253547765679268,
            "brake": 0.0,
            "steer": 0.0
        },
        {
            "throttle": 0.26837290803631186,
            "brake": 0.0,
            "steer": 0.0
        },
        {
            "throttle": 0.28340942644663814,
            "brake": 0.0,
            "steer": 0.0
        },
        {
            "throttle": 0.29820572201433176,
            "brake": 0.0,
            "steer": 0.0
        },
        {
            "throttle": 0.31231741057022944,
            "brake": 0.0,
            "steer": 0.0
        },
        {
            "throttle": 0.3253206690726059,
            "brake": 0.0,
            "steer": 0.0
        },
        {
            "throttle": 0.3368249644857601,
            "brake": 0.0,
            "steer": 0.0
        },
        {
            "throttle": 0.3464847828440498,
            "brake": 0.0,
            "steer": 0.0
        },
        {
            "throttle": 0.3540100062368254,
            "brake": 0.0,
            "steer": 0.0
        },
        {
            "throttle": 0.3591746260573488,
            "brake": 0.0,
            "steer": 0.0
        },
        {
            "throttle": 0.36182353082655794,
            "brake": 0.0,
            "steer": 0.0
        },
        {
            "throttle": 0.32564117774390217,
            "brake": 0.017276860847008243,
            "steer": 0.0
        },
        {
            "throttle": 0.29307705996951194,
            "brake": 0.032826035609315664,
            "steer": 0.0
        },
        {
            "throttle": 0.26376935397256074,
            "brake": 0.04682029289539234,
            "steer": 0.0
        },
        {
            "throttle": 0.23739241857530466,
            "brake": 0.05941512445286136,
            "steer": 0.0
        }
    ],
    "parameters": {
        "cloudiness": 64.98515682496748,
        "fog_density": 76.26586179393014,
        "initial_distance": 54.09860386339944,
        "initial_ego_velocity": 15.468968307195771,
        "initial_lead_velocity": 22.35789947758201,
        "lead_base_throttle": 0.2754109230049395,
        "lead_behavior_frequency": 0.27616453007659497,
        "lead_brake_duration": 6.299051065917048,
        "lead_brake_intensity": 0.17276860847008244,
        "lead_brake_probability": 0.10180465245435731,
        "lead_throttle_variation": 0.1669662932507263,
        "precipitation": 7.4449551784442125,
        "precipitation_deposits": 27.548941014575433,
        "sun_altitude_angle": 25.713942740109147,
        "wind_intensity": 19.13489148694264
    },
    "config": {
        "num_timesteps": 200,
        "dt": 0.1,
        "seed": 111
    }
}