{
    "weather": {
        "cloudiness": 67.77898219935818,
        "precipitation": 73.48448664216346,
        "precipitation_deposits": 66.71613567250664,
        "wind_intensity": 48.987552335547036,
        "sun_altitude_angle": 79.19769635690645,
        "fog_density": 39.91915789902393,
        "fog_distance": 264.3084209271384,
        "wetness": 36.74224332108173
    },
    "initial_conditions": {
        "ego": {
            "position": {
                "x": 533.2307583509856,
                "y": 20.57,
                "z": 0.294
            },
            "yaw": 0.0,
            "velocity": 6.120803132357336
        },
        "lead": {
            "position": {
                "x": 484.88,
                "y": 20.57,
                "z": 0.294
            },
            "yaw": 0.0,
            "velocity": 6.564443599998903
        }
    },
    "ego": {
        "position": {
            "x": 533.2307583509856,
            "y": 20.57,
            "z": 0.294
        },
        "yaw": 0.0,
        "velocity": 6.120803132357336
    },
    "lead": {
        "position": {
            "x": 484.88,
            "y": 20.57,
            "z": 0.294
        },
        "yaw": 0.0,
        "velocity": 6.564443599998903
    },
    "ado_actions": [
        {
            "throttle": 0.4815435558271718,
            "brake": 0.0,
            "steer": 0.0
        },
        {
            "throttle": 0.48686858186905335,
            "brake": 0.0,
            "steer": 0.0
        },
        {
            "throttle": 0.4968647220514778,
            "brake": 0.0,
            "steer": 0.0
        },
        {
            "throttle": 0.5108248144685025,
            "brake": 0.0,
            "steer": 0.0
        },
        {
            "throttle": 0.5279992453028056,
            "brake": 0.0,
            "steer": 0.0
        },
        {
            "throttle": 0.5476082473147584,
            "brake": 0.0,
            "steer": 0.0
        },
        {
            "throttle": 0.5688553650745269,
            "brake": 0.0,
            "steer": 0.0
        },
        {
            "throttle": 0.5909417320079569,
            "brake": 0.0,
            "steer": 0.0
        },
        {
            "throttle": 0.61308079061036,
            "brake": 0.0,
            "steer": 0.0
        },
        {
            "throttle": 0.6345130813914731,
            "brake": 0.0,
            "steer": 0.0
        },
        {
            "throttle": 0.6545207284297476,
            "brake": 0.0,
            "steer": 0.0
        },
        {
            "throttle": 0.6724412598251164,
            "brake": 0.0,
            "steer": 0.0
        },
        {
            "throttle": 0.6876804196479036,
            "brake": 0.0,
            "steer": 0.0
        },
        {
            "throttle": 0.6997236538051325,
            "brake": 0.0,
            "steer": 0.0
        },
        {
            "throttle": 0.7081459850267804,
            "brake": 0.0,
            "steer": 0.0
        },
        {
            "throttle": 0.7126200311944608,
            "brake": 0.0,
            "steer": 0.0
        },
        {
            "throttle": 0.7129219656293702,
            "brake": 0.0,
            "steer": 0.0
        },
        {
            "throttle": 0.7089352667358918,
            "brake": 0.0,
            "steer": 0.0
        },
        {
            "throttle": 0.7006521564704475,
            "brake": 0.0,
            "steer": 0.0
        },
        {
            "throttle": 0.688172681303358,
            "brake": 0.0,
            "steer": 0.0
        },
        {
            "throttle": 0.6717014444456026,
            "brake": 0.0,
            "steer": 0.0
        },
        {
            "throttle": 0.6515420528811612,
            "brake": 0.0,
            "steer": 0.0
        },
        {
            "throttle": 0.6280893959438628,
            "brake": 0.0,
            "steer": 0.0
        },
        {
            "throttle": 0.6018199226046698,
            "brake": 0.0,
            "steer": 0.0
        },
        {
            "throttle": 0.5732801311522997,
            "brake": 0.0,
            "steer": 0.0
        },
        {
            "throttle": 0.5430735265063446,
            "brake": 0.0,
            "steer": 0.0
        },
        {
            "throttle": 0.4887661738557101,
            "brake": 0.06615897962869631,
            "steer": 0.0
        },
        {
            "throttle": 0.4398895564701391,
            "brake": 0.125702061294523,
            "steer": 0.0
        },
        {
            "throttle": 0.3959006008231252,
            "brake": 0.179290834793767,
            "steer": 0.0
        },
        {
            "throttle": 0.3563105407408127,
            "brake": 0.2275207309430866,
            "steer": 0.0
        },
        {
            "throttle": 0.32067948666673146,
            "brake": 0.2709276374774743,
            "steer": 0.0
        },
        {
            "throttle": 0.28861153800005834,
            "brake": 0.30999385335842317,
            "steer": 0.0
        },
        {
            "throttle": 0.25975038420005253,
            "brake": 0.3451534476512772,
            "steer": 0.0
        },
        {
            "throttle": 0.23377534578004727,
            "brake": 0.37679708251484584,
            "steer": 0.0
        },
        {
            "throttle": 0.21039781120204254,
            "brake": 0.4052763538920576,
            "steer": 0.0
        },
        {
            "throttle": 0.1893580300818383,
            "brake": 0.43090769813154817,
            "steer": 0.0
        },
        {
            "throttle": 0.17042222707365448,
            "brake": 0.4539759079470897,
            "steer": 0.0
        },
        {
            "throttle": 0.15338000436628904,
            "brake": 0.47473729678107707,
            "steer": 0.0
        },
        {
            "throttle": 0.13804200392966015,
            "brake": 0.4934225467316657,
            "steer": 0.0
        },
        {
            "throttle": 0.12423780353669414,
            "brake": 0.5102392716871954,
            "steer": 0.0
        },
        {
            "throttle": 0.11181402318302473,
            "brake": 0.5253743241471722,
            "steer": 0.0
        },
        {
            "throttle": 0.10063262086472226,
            "brake": 0.5389958713611513,
            "steer": 0.0
        },
        {
            "throttle": 0.09056935877825004,
            "brake": 0.5512552638537325,
            "steer": 0.0
        },
        {
            "throttle": 0.08151242290042504,
            "brake": 0.5622887170970555,
            "steer": 0.0
        },
        {
            "throttle": 0.07336118061038253,
            "brake": 0.5722188250160463,
            "steer": 0.0
        },
        {
            "throttle": 0.06602506254934429,
            "brake": 0.5811559221431379,
            "steer": 0.0
        },
        {
            "throttle": 0.05942255629440986,
            "brake": 0.5891993095575205,
            "steer": 0.0
        },
        {
            "throttle": 0.05348030066496887,
            "brake": 0.5964383582304649,
            "steer": 0.0
        },
        {
            "throttle": 0.048132270598471985,
            "brake": 0.6029535020361148,
            "steer": 0.0
        },
        {
            "throttle": 0.043319043538624785,
            "brake": 0.6088171314611996,
            "steer": 0.0
        },
        {
            "throttle": 0.03898713918476231,
            "brake": 0.6140943979437761,
            "steer": 0.0
        },
        {
            "throttle": 0.11823421711380583,
            "brake": 0.5526849581493984,
            "steer": 0.0
        },
        {
            "throttle": 0.18993163114559702,
            "brake": 0.49741646233445863,
            "steer": 0.0
        },
        {
            "throttle": 0.17093846803103732,
            "brake": 0.5138337957297091,
            "steer": 0.0
        },
        {
            "throttle": 0.1538446212279336,
            "brake": 0.5286093957854345,
            "steer": 0.0
        },
        {
            "throttle": 0.13846015910514026,
            "brake": 0.5419074358355874,
            "steer": 0.0
        },
        {
            "throttle": 0.12461414319462623,
            "brake": 0.553875671880725,
            "steer": 0.0
        },
        {
            "throttle": 0.1121527288751636,
            "brake": 0.5646470843213488,
            "steer": 0.0
        },
        {
            "throttle": 0.10093745598764724,
            "brake": 0.5743413555179102,
            "steer": 0.0
        },
        {
            "throttle": 0.09084371038888252,
            "brake": 0.5830661995948155,
            "steer": 0.0
        },
        {
            "throttle": 0.08175933934999427,
            "brake": 0.5909185592640304,
            "steer": 0.0
        },
        {
            "throttle": 0.07358340541499485,
            "brake": 0.5979856829663237,
            "steer": 0.0
        },
        {
            "throttle": 0.06622506487349536,
            "brake": 0.6043460942983877,
            "steer": 0.0
        },
        {
            "throttle": 0.059602558386145824,
            "brake": 0.6100704644972452,
            "steer": 0.0
        },
        {
            "throttle": 0.053642302547531245,
            "brake": 0.615222397676217,
            "steer": 0.0
        },
        {
            "throttle": 0.04827807229277812,
            "brake": 0.6198591375372916,
            "steer": 0.0
        },
        {
            "throttle": 0.04345026506350031,
            "brake": 0.6240322034122587,
            "steer": 0.0
        },
        {
            "throttle": 0.03910523855715028,
            "brake": 0.6277879626997293,
            "steer": 0.0
        },
        {
            "throttle": 0.03519471470143525,
            "brake": 0.6311681460584526,
            "steer": 0.0
        },
        {
            "throttle": 0.03167524323129173,
            "brake": 0.6342103110813037,
            "steer": 0.0
        },
        {
            "throttle": 0.028507718908162557,
            "brake": 0.6369482596018696,
            "steer": 0.0
        },
        {
            "throttle": 0.0256569470173463,
            "brake": 0.639412413270379,
            "steer": 0.0
        },
        {
            "throttle": 0.023091252315611672,
            "brake": 0.6416301515720374,
            "steer": 0.0
        },
        {
            "throttle": 0.020782127084050504,
            "brake": 0.64362611604353,
            "steer": 0.0
        },
        {
            "throttle": 0.018703914375645454,
            "brake": 0.6454224840678734,
            "steer": 0.0
        },
        {
            "throttle": 0.016833522938080908,
            "brake": 0.6470392152897824,
            "steer": 0.0
        },
        {
            "throttle": 0.015150170644272818,
            "brake": 0.6484942733895005,
            "steer": 0.0
        },
        {
            "throttle": 0.013635153579845537,
            "brake": 0.6498038256792468,
            "steer": 0.0
        },
        {
            "throttle": 0.0356167113723851,
            "brake": 0.5848234431113221,
            "steer": 0.0
        },
        {
            "throttle": 0.05947801585090469,
            "brake": 0.5263410988001899,
            "steer": 0.0
        },
        {
            "throttle": 0.08550376276211577,
            "brake": 0.4737069889201709,
            "steer": 0.0
        },
        {
            "throttle": 0.07695338648590419,
            "brake": 0.49249526965685014,
            "steer": 0.0
        },
        {
            "throttle": 0.06925804783731378,
            "brake": 0.5094047223198614,
            "steer": 0.0
        },
        {
            "throttle": 0.0623322430535824,
            "brake": 0.5246232297165716,
            "steer": 0.0
        },
        {
            "throttle": 0.05609901874822416,
            "brake": 0.5383198863736107,
            "steer": 0.0
        },
        {
            "throttle": 0.05048911687340174,
            "brake": 0.550646877364946,
            "steer": 0.0
        },
        {
            "throttle": 0.045440205186061566,
            "brake": 0.5617411692571477,
            "steer": 0.0
        },
        {
            "throttle": 0.04089618466745541,
            "brake": 0.5717260319601293,
            "steer": 0.0
        },
        {
            "throttle": 0.03680656620070987,
            "brake": 0.5807124083928127,
            "steer": 0.0
        },
        {
            "throttle": 0.033125909580638886,
            "brake": 0.5888001471822277,
            "steer": 0.0
        },
        {
            "throttle": 0.029813318622574997,
            "brake": 0.5960791120927013,
            "steer": 0.0
        },
        {
            "throttle": 0.0268319867603175,
            "brake": 0.6026301805121275,
            "steer": 0.0
        },
        {
            "throttle": 0.02414878808428575,
            "brake": 0.6085261420896111,
            "steer": 0.0
        },
        {
            "throttle": 0.021733909275857177,
            "brake": 0.6138325075093464,
            "steer": 0.0
        },
        {
            "throttle": 0.01956051834827146,
            "brake": 0.618608236387108,
            "steer": 0.0
        },
        {
            "throttle": 0.017604466513444314,
            "brake": 0.6229063923770936,
            "steer": 0.0
        },
        {
            "throttle": 0.015844019862099882,
            "brake": 0.6267747327680805,
            "steer": 0.0
        },
        {
            "throttle": 0.014259617875889894,
            "brake": 0.6302562391199688,
            "steer": 0.0
        },
        {
            "throttle": 0.012833656088300905,
            "brake": 0.6333895948366682,
            "steer": 0.0
        },
        {
            "throttle": 0.011550290479470815,
            "brake": 0.6362096149816977,
            "steer": 0.0
        },
        {
            "throttle": 0.010395261431523735,
            "brake": 0.6387476331122243,
            "steer": 0.0
        },
        {
            "throttle": 0.009355735288371362,
            "brake": 0.6410318494296982,
            "steer": 0.0
        },
        {
            "throttle": 0.008420161759534226,
            "brake": 0.6430876441154246,
            "steer": 0.0
        },
        {
            "throttle": 0.007578145583580804,
            "brake": 0.6449378593325785,
            "steer": 0.0
        },
        {
            "throttle": 0.006820331025222724,
            "brake": 0.646603053028017,
            "steer": 0.0
        },
        {
            "throttle": 0.006138297922700452,
            "brake": 0.6481017273539117,
            "steer": 0.0
        },
        {
            "throttle": 0.042794059851288827,
            "brake": 0.5832915546185206,
            "steer": 0.0
        },
        {
            "throttle": 0.07084177079467813,
            "brake": 0.5249623991566685,
            "steer": 0.0
        },
        {
            "throttle": 0.09150309303888897,
            "brake": 0.4724661592410017,
            "steer": 0.0
        },
        {
            "throttle": 0.10598198240714012,
            "brake": 0.42521954331690154,
            "steer": 0.0
        },
        {
            "throttle": 0.11545584979289503,
            "brake": 0.3826975889852114,
            "steer": 0.0
        },
        {
            "throttle": 0.12106546676757662,
            "brake": 0.34442783008669026,
            "steer": 0.0
        },
        {
            "throttle": 0.1239040315269638,
            "brake": 0.3099850470780212,
            "steer": 0.0
        },
        {
            "throttle": 0.12500581197292338,
            "brake": 0.2789865423702191,
            "steer": 0.0
        },
        {
            "throttle": 0.12533477561805312,
            "brake": 0.25108788813319716,
            "steer": 0.0
        },
        {
            "throttle": 0.12577360122598547,
            "brake": 0.22597909931987745,
            "steer": 0.0
        },
        {
            "throttle": 0.12711344482888745,
            "brake": 0.2033811893878897,
            "steer": 0.0
        },
        {
            "throttle": 0.13004480335311427,
            "brake": 0.18304307044910073,
            "steer": 0.0
        },
        {
            "throttle": 0.1351497830689111,
            "brake": 0.16473876340419066,
            "steer": 0.0
        },
        {
            "throttle": 0.14289603815953253,
            "brake": 0.1482648870637716,
            "steer": 0.0
        },
        {
            "throttle": 0.15363259772504312,
            "brake": 0.13343839835739446,
            "steer": 0.0
        },
        {
            "throttle": 0.1675877484685994,
            "brake": 0.12009455852165501,
            "steer": 0.0
        },
        {
            "throttle": 0.1848690862335036,
            "brake": 0.10808510266948952,
            "steer": 0.0
        },
        {
            "throttle": 0.20546579362064538,
            "brake": 0.09727659240254057,
            "steer": 0.0
        },
        {
            "throttle": 0.22925314432138996,
            "brake": 0.08754893316228651,
            "steer": 0.0
        },
        {
            "throttle": 0.25599917877598566,
            "brake": 0.07879403984605786,
            "steer": 0.0
        },
        {
            "throttle": 0.28537344153109245,
            "brake": 0.07091463586145208,
            "steer": 0.0
        },
        {
            "throttle": 0.31695761940609624,
            "brake": 0.06382317227530687,
            "steer": 0.0
        },
        {
            "throttle": 0.35025787240796835,
            "brake": 0.057440855047776185,
            "steer": 0.0
        },
        {
            "throttle": 0.3847186072914386,
            "brake": 0.051696769542998566,
            "steer": 0.0
        },
        {
            "throttle": 0.419737407665424,
            "brake": 0.046527092588698714,
            "steer": 0.0
        },
        {
            "throttle": 0.45468080538420996,
            "brake": 0.041874383329828846,
            "steer": 0.0
        },
        {
            "throttle": 0.48890055626666107,
            "brake": 0.03768694499684596,
            "steer": 0.0
        },
        {
            "throttle": 0.5217500694254682,
            "brake": 0.033918250497161365,
            "steer": 0.0
        },
        {
            "throttle": 0.5526006339497231,
            "brake": 0.03052642544744523,
            "steer": 0.0
        },
        {
            "throttle": 0.5808570894716061,
            "brake": 0.027473782902700708,
            "steer": 0.0
        },
        {
            "throttle": 0.6059725981777603,
            "brake": 0.024726404612430638,
            "steer": 0.0
        },
        {
            "throttle": 0.6274621948281999,
            "brake": 0.022253764151187575,
            "steer": 0.0
        },
        {
            "throttle": 0.6449148178706189,
            "brake": 0.02002838773606882,
            "steer": 0.0
        },
        {
            "throttle": 0.6580035581661248,
            "brake": 0.01802554896246194,
            "steer": 0.0
        },
        {
            "throttle": 0.6664939013981922,
            "brake": 0.016222994066215746,
            "steer": 0.0
        },
        {
            "throttle": 0.670249785006147,
            "brake": 0.014600694659594172,
            "steer": 0.0
        },
        {
            "throttle": 0.6692373394361703,
            "brake": 0.013140625193634755,
            "steer": 0.0
        },
        {
            "throttle": 0.6635262355108563,
            "brake": 0.01182656267427128,
            "steer": 0.0
        },
        {
            "throttle": 0.6532886135882005,
            "brake": 0.010643906406844152,
            "steer": 0.0
        },
        {
            "throttle": 0.6387956246764528,
            "brake": 0.009579515766159737,
            "steer": 0.0
        },
        {
            "throttle": 0.6204116675429447,
            "brake": 0.008621564189543763,
            "steer": 0.0
        },
        {
            "throttle": 0.5985864578681339,
            "brake": 0.007759407770589387,
            "steer": 0.0
        },
        {
            "throttle": 0.5738451144590834,
            "brake": 0.006983466993530449,
            "steer": 0.0
        },
        {
            "throttle": 0.5467764923278642,
            "brake": 0.006285120294177404,
            "steer": 0.0
        },
        {
            "throttle": 0.5180200320340701,
            "brake": 0.0056566082647596634,
            "steer": 0.0
        },
        {
            "throttle": 0.48825142817982453,
            "brake": 0.005090947438283697,
            "steer": 0.0
        },
        {
            "throttle": 0.4581674465630387,
            "brake": 0.004581852694455327,
            "steer": 0.0
        },
        {
            "throttle": 0.4284702386299708,
            "brake": 0.004123667425009795,
            "steer": 0.0
        },
        {
            "throttle": 0.3998515130820046,
            "brake": 0.0037113006825088154,
            "steer": 0.0
        },
        {
            "throttle": 0.37297692752559,
            "brake": 0.003340170614257934,
            "steer": 0.0
        },
        {
            "throttle": 0.34847105783681426,
            "brake": 0.0030061535528321404,
            "steer": 0.0
        },
        {
            "throttle": 0.32690328955983106,
            "brake": 0.0027055381975489264,
            "steer": 0.0
        },
        {
            "throttle": 0.30877495447378633,
            "brake": 0.0024349843777940338,
            "steer": 0.0
        },
        {
            "throttle": 0.29450800692714685,
            "brake": 0.0021914859400146303,
            "steer": 0.0
        },
        {
            "throttle": 0.2844354993004381,
            "brake": 0.0019723373460131676,
            "steer": 0.0
        },
        {
            "throttle": 0.2787940748202903,
            "brake": 0.001775103611411851,
            "steer": 0.0
        },
        {
            "throttle": 0.277718649845996,
            "brake": 0.001597593250270666,
            "steer": 0.0
        },
        {
            "throttle": 0.281239407734422,
            "brake": 0.0014378339252435993,
            "steer": 0.0
        },
        {
            "throttle": 0.28928117359937044,
            "brake": 0.0012940505327192393,
            "steer": 0.0
        },
        {
            "throttle": 0.3016651849199728,
            "brake": 0.0011646454794473154,
            "steer": 0.0
        },
        {
            "throttle": 0.3181132182580018,
            "brake": 0.001048180931502584,
            "steer": 0.0
        },
        {
            "throttle": 0.33825397856234546,
            "brake": 0.0009433628383523256,
            "steer": 0.0
        },
        {
            "throttle": 0.3616316058958091,
            "brake": 0.0008490265545170931,
            "steer": 0.0
        },
        {
            "throttle": 0.38771610609172547,
            "brake": 0.0007641238990653838,
            "steer": 0.0
        },
        {
            "throttle": 0.4159154679368411,
            "brake": 0.0006877115091588454,
            "steer": 0.0
        },
        {
            "throttle": 0.4455891909832709,
            "brake": 0.0006189403582429609,
            "steer": 0.0
        },
        {
            "throttle": 0.47606291589315064,
            "brake": 0.0005570463224186649,
            "steer": 0.0
        },
        {
            "throttle": 0.5066438240486981,
            "brake": 0.0005013416901767984,
            "steer": 0.0
        },
        {
            "throttle": 0.5366364555912242,
            "brake": 0.0004512075211591186,
            "steer": 0.0
        },
        {
            "throttle": 0.5653585854854724,
            "brake": 0.0004060867690432067,
            "steer": 0.0
        },
        {
            "throttle": 0.5921567958583162,
            "brake": 0.00036547809213888607,
            "steer": 0.0
        },
        {
            "throttle": 0.6164213897637734,
            "brake": 0.00032893028292499746,
            "steer": 0.0
        },
        {
            "throttle": 0.6376003065218661,
            "brake": 0.00029603725463249773,
            "steer": 0.0
        },
        {
            "throttle": 0.6552117215249548,
            "brake": 0.000266433529169248,
            "steer": 0.0
        },
        {
            "throttle": 0.6688550433830005,
            "brake": 0.00023979017625232318,
            "steer": 0.0
        },
        {
            "throttle": 0.6782200578050916,
            "brake": 0.00021581115862709087,
            "steer": 0.0
        },
        {
            "throttle": 0.68309400985558,
            "brake": 0.0001942300427643818,
            "steer": 0.0
        },
        {
            "throttle": 0.683366463216063,
            "brake": 0.00017480703848794362,
            "steer": 0.0
        },
        {
            "throttle": 0.6790318257576816,
            "brake": 0.00015732633463914927,
            "steer": 0.0
        },
        {
            "throttle": 0.6701894839263127,
            "brake": 0.00014159370117523435,
            "steer": 0.0
        },
        {
            "throttle": 0.6570415429532168,
            "brake": 0.00012743433105771092,
            "steer": 0.0
        },
        {
            "throttle": 0.6398882244826496,
            "brake": 0.00011469089795193983,
            "steer": 0.0
        },
        {
            "throttle": 0.6191210266113796,
            "brake": 0.00010322180815674585,
            "steer": 0.0
        },
        {
            "throttle": 0.5952138023453244,
            "brake": 9.289962734107127e-05,
            "steer": 0.0
        },
        {
            "throttle": 0.5687119599325179,
            "brake": 8.360966460696414e-05,
            "steer": 0.0
        },
        {
            "throttle": 0.5402200313473702,
            "brake": 7.524869814626773e-05,
            "steer": 0.0
        },
        {
            "throttle": 0.5103878924024094,
            "brake": 6.772382833164096e-05,
            "steer": 0.0
        },
        {
            "throttle": 0.4798959487022002,
            "brake": 6.095144549847687e-05,
            "steer": 0.0
        },
        {
            "throttle": 0.4494396252290168,
            "brake": 5.485630094862918e-05,
            "steer": 0.0
        },
        {
            "throttle": 0.40449566270611514,
            "brake": 0.06620835029955008,
            "steer": 0.0
        },
        {
            "throttle": 0.3640460964355036,
            "brake": 0.12574649489829137,
            "steer": 0.0
        },
        {
            "throttle": 0.32764148679195326,
            "brake": 0.17933082503715855,
            "steer": 0.0
        },
        {
            "throttle": 0.29487733811275796,
            "brake": 0.227556722162139,
            "steer": 0.0
        },
        {
            "throttle": 0.2653896043014822,
            "brake": 0.27096002957462145,
            "steer": 0.0
        }
    ],
    "parameters": {
        "cloudiness": 67.77898219935818,
        "fog_density": 39.91915789902393,
        "initial_distance": 48.35075835098561,
        "initial_ego_velocity": 6.120803132357336,
        "initial_lead_velocity": 6.564443599998903,
        "lead_base_throttle": 0.4815435558271718,
        "lead_behavior_frequency": 0.24054629741219913,
        "lead_brake_duration": 25.804212942954337,
        "lead_brake_intensity": 0.661589796286963,
        "lead_brake_probability": 0.2639013801319882,
        "lead_throttle_variation": 0.35366973625972403,
        "precipitation": 73.48448664216346,
        "precipitation_deposits": 66.71613567250664,
        "sun_altitude_angle": 79.19769635690645,
        "wind_intensity": 48.987552335547036
    },
    "config": {
        "num_timesteps": 200,
        "dt": 0.1,
        "seed": 57
    }
}