{
    "weather": {
        "cloudiness": 94.8340488688978,
        "precipitation": 34.19394983109322,
        "precipitation_deposits": 78.8254315524356,
        "wind_intensity": 27.92961927387075,
        "sun_altitude_angle": 5.092451802894949,
        "fog_density": 21.311194518587477,
        "fog_distance": 491.4607743484207,
        "wetness": 17.09697491554661
    },
    "initial_conditions": {
        "ego": {
            "position": {
                "x": 554.170282904822,
                "y": 20.57,
                "z": 0.294
            },
            "yaw": 0.0,
            "velocity": 16.8052751959551
        },
        "lead": {
            "position": {
                "x": 484.88,
                "y": 20.57,
                "z": 0.294
            },
            "yaw": 0.0,
            "velocity": 11.932759108533768
        }
    },
    "ego": {
        "position": {
            "x": 554.170282904822,
            "y": 20.57,
            "z": 0.294
        },
        "yaw": 0.0,
        "velocity": 16.8052751959551
    },
    "lead": {
        "position": {
            "x": 484.88,
            "y": 20.57,
            "z": 0.294
        },
        "yaw": 0.0,
        "velocity": 11.932759108533768
    },
    "ado_actions": [
        {
            "throttle": 0.5126677813082252,
            "brake": 0.0,
            "steer": 0.0
        },
        {
            "throttle": 0.5130288130039389,
            "brake": 0.0,
            "steer": 0.0
        },
        {
            "throttle": 0.5137143777767953,
            "brake": 0.0,
            "steer": 0.0
        },
        {
            "throttle": 0.5146912318542286,
            "brake": 0.0,
            "steer": 0.0
        },
        {
            "throttle": 0.5159290616908974,
            "brake": 0.0,
            "steer": 0.0
        },
        {
            "throttle": 0.517400192243507,
            "brake": 0.0,
            "steer": 0.0
        },
        {
            "throttle": 0.5190793248484531,
            "brake": 0.0,
            "steer": 0.0
        },
        {
            "throttle": 0.5209433017401113,
            "brake": 0.0,
            "steer": 0.0
        },
        {
            "throttle": 0.5229708945433467,
            "brake": 0.0,
            "steer": 0.0
        },
        {
            "throttle": 0.5251426143399929,
            "brake": 0.0,
            "steer": 0.0
        },
        {
            "throttle": 0.5274405411486115,
            "brake": 0.0,
            "steer": 0.0
        },
        {
            "throttle": 0.5298481708724526,
            "brake": 0.0,
            "steer": 0.0
        },
        {
            "throttle": 0.5323502779645867,
            "brake": 0.0,
            "steer": 0.0
        },
        {
            "throttle": 0.5349327922338333,
            "brake": 0.0,
            "steer": 0.0
        },
        {
            "throttle": 0.5375826883723014,
            "brake": 0.0,
            "steer": 0.0
        },
        {
            "throttle": 0.5402878869268334,
            "brake": 0.0,
            "steer": 0.0
        },
        {
            "throttle": 0.5430371655639832,
            "brake": 0.0,
            "steer": 0.0
        },
        {
            "throttle": 0.5458200795927666,
            "brake": 0.0,
            "steer": 0.0
        },
        {
            "throttle": 0.5486268908125771,
            "brake": 0.0,
            "steer": 0.0
        },
        {
            "throttle": 0.551448503846509,
            "brake": 0.0,
            "steer": 0.0
        },
        {
            "throttle": 0.5542764092038981,
            "brake": 0.0,
            "steer": 0.0
        },
        {
            "throttle": 0.5571026323911137,
            "brake": 0.0,
            "steer": 0.0
        },
        {
            "throttle": 0.5599196884573439,
            "brake": 0.0,
            "steer": 0.0
        },
        {
            "throttle": 0.5627205414230607,
            "brake": 0.0,
            "steer": 0.0
        },
        {
            "throttle": 0.565498568093717,
            "brake": 0.0,
            "steer": 0.0
        },
        {
            "throttle": 0.5682475258106098,
            "brake": 0.0,
            "steer": 0.0
        },
        {
            "throttle": 0.5709615237353032,
            "brake": 0.0,
            "steer": 0.0
        },
        {
            "throttle": 0.5736349973040274,
            "brake": 0.0,
            "steer": 0.0
        },
        {
            "throttle": 0.5762626855245006,
            "brake": 0.0,
            "steer": 0.0
        },
        {
            "throttle": 0.5788396108200603,
            "brake": 0.0,
            "steer": 0.0
        },
        {
            "throttle": 0.581361061155202,
            "brake": 0.0,
            "steer": 0.0
        },
        {
            "throttle": 0.5232249550396818,
            "brake": 0.020650130109352197,
            "steer": 0.0
        },
        {
            "throttle": 0.47090245953571364,
            "brake": 0.03923524720776918,
            "steer": 0.0
        },
        {
            "throttle": 0.42381221358214227,
            "brake": 0.05596185259634446,
            "steer": 0.0
        },
        {
            "throttle": 0.38143099222392807,
            "brake": 0.0710157974460622,
            "steer": 0.0
        },
        {
            "throttle": 0.3432878930015353,
            "brake": 0.08456434781080818,
            "steer": 0.0
        },
        {
            "throttle": 0.30895910370138174,
            "brake": 0.09675804313907957,
            "steer": 0.0
        },
        {
            "throttle": 0.2780631933312436,
            "brake": 0.10773236893452381,
            "steer": 0.0
        },
        {
            "throttle": 0.25025687399811924,
            "brake": 0.11760926215042364,
            "steer": 0.0
        },
        {
            "throttle": 0.22523118659830732,
            "brake": 0.12649846604473347,
            "steer": 0.0
        },
        {
            "throttle": 0.2645541664300526,
            "brake": 0.11384861944026013,
            "steer": 0.0
        },
        {
            "throttle": 0.30002729188626154,
            "brake": 0.10246375749623413,
            "steer": 0.0
        },
        {
            "throttle": 0.2700245626976354,
            "brake": 0.11286751185596292,
            "steer": 0.0
        },
        {
            "throttle": 0.2430221064278719,
            "brake": 0.12223089077971883,
            "steer": 0.0
        },
        {
            "throttle": 0.21871989578508472,
            "brake": 0.13065793181109914,
            "steer": 0.0
        },
        {
            "throttle": 0.19684790620657625,
            "brake": 0.13824226873934142,
            "steer": 0.0
        },
        {
            "throttle": 0.17716311558591863,
            "brake": 0.14506817197475946,
            "steer": 0.0
        },
        {
            "throttle": 0.15944680402732678,
            "brake": 0.15121148488663572,
            "steer": 0.0
        },
        {
            "throttle": 0.1435021236245941,
            "brake": 0.15674046650732437,
            "steer": 0.0
        },
        {
            "throttle": 0.1291519112621347,
            "brake": 0.16171654996594415,
            "steer": 0.0
        },
        {
            "throttle": 0.11623672013592125,
            "brake": 0.16619502507870193,
            "steer": 0.0
        },
        {
            "throttle": 0.16671521372847983,
            "brake": 0.14957552257083173,
            "steer": 0.0
        },
        {
            "throttle": 0.2120977201188575,
            "brake": 0.13461797031374856,
            "steer": 0.0
        },
        {
            "throttle": 0.25288202242458346,
            "brake": 0.1211561732823737,
            "steer": 0.0
        },
        {
            "throttle": 0.2895161911202669,
            "brake": 0.10904055595413634,
            "steer": 0.0
        },
        {
            "throttle": 0.3224035681719489,
            "brake": 0.0981365003587227,
            "steer": 0.0
        },
        {
            "throttle": 0.3519072526719933,
            "brake": 0.08832285032285044,
            "steer": 0.0
        },
        {
            "throttle": 0.3783541378104597,
            "brake": 0.07949056529056539,
            "steer": 0.0
        },
        {
            "throttle": 0.40203854403541683,
            "brake": 0.07154150876150886,
            "steer": 0.0
        },
        {
            "throttle": 0.4232254887695347,
            "brake": 0.06438735788535797,
            "steer": 0.0
        },
        {
            "throttle": 0.44215362901369853,
            "brake": 0.05794862209682218,
            "steer": 0.0
        },
        {
            "throttle": 0.4590379095354685,
            "brake": 0.05215375988713997,
            "steer": 0.0
        },
        {
            "throttle": 0.4740719460705969,
            "brake": 0.04693838389842597,
            "steer": 0.0
        },
        {
            "throttle": 0.4874301700231763,
            "brake": 0.04224454550858338,
            "steer": 0.0
        },
        {
            "throttle": 0.49926975850163513,
            "brake": 0.038020090957725045,
            "steer": 0.0
        },
        {
            "throttle": 0.5097323711442858,
            "brake": 0.03421808186195254,
            "steer": 0.0
        },
        {
            "throttle": 0.5189457130429882,
            "brake": 0.03079627367575729,
            "steer": 0.0
        },
        {
            "throttle": 0.5270249411428751,
            "brake": 0.02771664630818156,
            "steer": 0.0
        },
        {
            "throttle": 0.5340739297585451,
            "brake": 0.024944981677363406,
            "steer": 0.0
        },
        {
            "throttle": 0.5401864092833532,
            "brake": 0.022450483509627066,
            "steer": 0.0
        },
        {
            "throttle": 0.5454469907610492,
            "brake": 0.02020543515866436,
            "steer": 0.0
        },
        {
            "throttle": 0.5499320877223774,
            "brake": 0.018184891642797924,
            "steer": 0.0
        },
        {
            "throttle": 0.5537107455492973,
            "brake": 0.016366402478518133,
            "steer": 0.0
        },
        {
            "throttle": 0.5568453876035329,
            "brake": 0.01472976223066632,
            "steer": 0.0
        },
        {
            "throttle": 0.5593924864328162,
            "brake": 0.013256786007599688,
            "steer": 0.0
        },
        {
            "throttle": 0.5614031675371945,
            "brake": 0.01193110740683972,
            "steer": 0.0
        },
        {
            "throttle": 0.5629237524298796,
            "brake": 0.010737996666155748,
            "steer": 0.0
        },
        {
            "throttle": 0.563996247054034,
            "brake": 0.009664196999540174,
            "steer": 0.0
        },
        {
            "throttle": 0.5646587810111174,
            "brake": 0.008697777299586157,
            "steer": 0.0
        },
        {
            "throttle": 0.5649460025112356,
            "brake": 0.007827999569627542,
            "steer": 0.0
        },
        {
            "throttle": 0.5648894334652752,
            "brake": 0.007045199612664788,
            "steer": 0.0
        },
        {
            "throttle": 0.5645177886970333,
            "brake": 0.0063406796513983095,
            "steer": 0.0
        },
        {
            "throttle": 0.563857262856131,
            "brake": 0.005706611686258478,
            "steer": 0.0
        },
        {
            "throttle": 0.5629317882548364,
            "brake": 0.005135950517632631,
            "steer": 0.0
        },
        {
            "throttle": 0.5617632665300328,
            "brake": 0.004622355465869367,
            "steer": 0.0
        },
        {
            "throttle": 0.5603717767418723,
            "brake": 0.004160119919282431,
            "steer": 0.0
        },
        {
            "throttle": 0.5587757622599339,
            "brake": 0.003744107927354188,
            "steer": 0.0
        },
        {
            "throttle": 0.5569921985530674,
            "brake": 0.003369697134618769,
            "steer": 0.0
        },
        {
            "throttle": 0.5550367437879307,
            "brake": 0.003032727421156892,
            "steer": 0.0
        },
        {
            "throttle": 0.5529238739511801,
            "brake": 0.002729454679041203,
            "steer": 0.0
        },
        {
            "throttle": 0.5506670040392325,
            "brake": 0.002456509211137083,
            "steer": 0.0
        },
        {
            "throttle": 0.5482785967055867,
            "brake": 0.0022108582900233747,
            "steer": 0.0
        },
        {
            "throttle": 0.5457702596171586,
            "brake": 0.001989772461021037,
            "steer": 0.0
        },
        {
            "throttle": 0.5431528326464028,
            "brake": 0.0017907952149189335,
            "steer": 0.0
        },
        {
            "throttle": 0.5404364659137871,
            "brake": 0.0016117156934270403,
            "steer": 0.0
        },
        {
            "throttle": 0.5376306895942025,
            "brake": 0.0014505441240843363,
            "steer": 0.0
        },
        {
            "throttle": 0.5347444763100032,
            "brake": 0.0013054897116759028,
            "steer": 0.0
        },
        {
            "throttle": 0.5317862968515785,
            "brake": 0.0011749407405083126,
            "steer": 0.0
        },
        {
            "throttle": 0.52876416989274,
            "brake": 0.0010574466664574813,
            "steer": 0.0
        },
        {
            "throttle": 0.5256857063019561,
            "brake": 0.0009517019998117332,
            "steer": 0.0
        },
        {
            "throttle": 0.5225581485908347,
            "brake": 0.0008565317998305599,
            "steer": 0.0
        },
        {
            "throttle": 0.519388405987589,
            "brake": 0.0007708786198475039,
            "steer": 0.0
        },
        {
            "throttle": 0.516183085574917,
            "brake": 0.0006937907578627535,
            "steer": 0.0
        },
        {
            "throttle": 0.5129485198882542,
            "brake": 0.0006244116820764782,
            "steer": 0.0
        },
        {
            "throttle": 0.5096907913312269,
            "brake": 0.0005619705138688304,
            "steer": 0.0
        },
        {
            "throttle": 0.5064157537299149,
            "brake": 0.0005057734624819473,
            "steer": 0.0
        },
        {
            "throttle": 0.5031290513158322,
            "brake": 0.0004551961162337526,
            "steer": 0.0
        },
        {
            "throttle": 0.4998361353989976,
            "brake": 0.00040967650461037734,
            "steer": 0.0
        },
        {
            "throttle": 0.49654227896678066,
            "brake": 0.0003687088541493396,
            "steer": 0.0
        },
        {
            "throttle": 0.49325258942108696,
            "brake": 0.00033183796873440566,
            "steer": 0.0
        },
        {
            "throttle": 0.48997201964562953,
            "brake": 0.0002986541718609651,
            "steer": 0.0
        },
        {
            "throttle": 0.48670537757629206,
            "brake": 0.0002687887546748686,
            "steer": 0.0
        },
        {
            "throttle": 0.48345733443071714,
            "brake": 0.00024190987920738176,
            "steer": 0.0
        },
        {
            "throttle": 0.4802324317380597,
            "brake": 0.0002177188912866436,
            "steer": 0.0
        },
        {
            "throttle": 0.4770350872961639,
            "brake": 0.00019594700215797925,
            "steer": 0.0
        },
        {
            "throttle": 0.47386960017110175,
            "brake": 0.00017635230194218134,
            "steer": 0.0
        },
        {
            "throttle": 0.4707401548429133,
            "brake": 0.0001587170717479632,
            "steer": 0.0
        },
        {
            "throttle": 0.46765082459139296,
            "brake": 0.00014284536457316688,
            "steer": 0.0
        },
        {
            "throttle": 0.46460557420675863,
            "brake": 0.0001285608281158502,
            "steer": 0.0
        },
        {
            "throttle": 0.46160826210192824,
            "brake": 0.00011570474530426518,
            "steer": 0.0
        },
        {
            "throttle": 0.45866264189581035,
            "brake": 0.00010413427077383866,
            "steer": 0.0
        },
        {
            "throttle": 0.4557723635304267,
            "brake": 9.37208436964548e-05,
            "steer": 0.0
        },
        {
            "throttle": 0.45294097397873734,
            "brake": 8.434875932680932e-05,
            "steer": 0.0
        },
        {
            "throttle": 0.4501719175946792,
            "brake": 7.591388339412839e-05,
            "steer": 0.0
        },
        {
            "throttle": 0.447468536152092,
            "brake": 6.832249505471555e-05,
            "steer": 0.0
        },
        {
            "throttle": 0.44483406861483965,
            "brake": 6.149024554924399e-05,
            "steer": 0.0
        },
        {
            "throttle": 0.4422716506764965,
            "brake": 5.5341220994319596e-05,
            "steer": 0.0
        },
        {
            "throttle": 0.39804448560884687,
            "brake": 0.020699937208247084,
            "steer": 0.0
        },
        {
            "throttle": 0.3582400370479622,
            "brake": 0.03928007359677457,
            "steer": 0.0
        },
        {
            "throttle": 0.322416033343166,
            "brake": 0.05600219634644931,
            "steer": 0.0
        },
        {
            "throttle": 0.2901744300088494,
            "brake": 0.07105210682115658,
            "steer": 0.0
        },
        {
            "throttle": 0.26115698700796447,
            "brake": 0.08459702624839312,
            "steer": 0.0
        },
        {
            "throttle": 0.23504128830716803,
            "brake": 0.09678745373290601,
            "steer": 0.0
        },
        {
            "throttle": 0.21153715947645124,
            "brake": 0.10775883846896761,
            "steer": 0.0
        },
        {
            "throttle": 0.19038344352880612,
            "brake": 0.11763308473142305,
            "steer": 0.0
        },
        {
            "throttle": 0.17134509917592552,
            "brake": 0.12651990636763294,
            "steer": 0.0
        },
        {
            "throttle": 0.19480950711062645,
            "brake": 0.11386791573086964,
            "steer": 0.0
        },
        {
            "throttle": 0.21585764722170703,
            "brake": 0.10248112415778268,
            "steer": 0.0
        },
        {
            "throttle": 0.23474290760709726,
            "brake": 0.09223301174200442,
            "steer": 0.0
        },
        {
            "throttle": 0.2516934011560777,
            "brake": 0.08300971056780398,
            "steer": 0.0
        },
        {
            "throttle": 0.26691448011795355,
            "brake": 0.0747087395110236,
            "steer": 0.0
        },
        {
            "throttle": 0.28059099915838376,
            "brake": 0.06723786555992124,
            "steer": 0.0
        },
        {
            "throttle": 0.2928893520688476,
            "brake": 0.06051407900392912,
            "steer": 0.0
        },
        {
            "throttle": 0.3039593047782281,
            "brake": 0.05446267110353621,
            "steer": 0.0
        },
        {
            "throttle": 0.3139356450506221,
            "brake": 0.04901640399318259,
            "steer": 0.0
        },
        {
            "throttle": 0.3229396672150917,
            "brake": 0.044114763593864334,
            "steer": 0.0
        },
        {
            "throttle": 0.3310805084384963,
            "brake": 0.0397032872344779,
            "steer": 0.0
        },
        {
            "throttle": 0.33845635140141384,
            "brake": 0.03573295851103011,
            "steer": 0.0
        },
        {
            "throttle": 0.34515550675112694,
            "brake": 0.0321596626599271,
            "steer": 0.0
        },
        {
            "throttle": 0.31063995607601425,
            "brake": 0.04959382650328659,
            "steer": 0.0
        },
        {
            "throttle": 0.2795759604684128,
            "brake": 0.06528457396231013,
            "steer": 0.0
        },
        {
            "throttle": 0.25161836442157154,
            "brake": 0.07940624667543131,
            "steer": 0.0
        },
        {
            "throttle": 0.2264565279794144,
            "brake": 0.09211575211724038,
            "steer": 0.0
        },
        {
            "throttle": 0.20381087518147298,
            "brake": 0.10355430701486854,
            "steer": 0.0
        },
        {
            "throttle": 0.18342978766332568,
            "brake": 0.11384900642273388,
            "steer": 0.0
        },
        {
            "throttle": 0.16508680889699312,
            "brake": 0.12311423588981268,
            "steer": 0.0
        },
        {
            "throttle": 0.1485781280072938,
            "brake": 0.13145294241018363,
            "steer": 0.0
        },
        {
            "throttle": 0.13372031520656444,
            "brake": 0.13895777827851746,
            "steer": 0.0
        },
        {
            "throttle": 0.16213067606877685,
            "brake": 0.12506200045066573,
            "steer": 0.0
        },
        {
            "throttle": 0.18788363832700983,
            "brake": 0.11255580040559916,
            "steer": 0.0
        },
        {
            "throttle": 0.2112551292341814,
            "brake": 0.10130022036503925,
            "steer": 0.0
        },
        {
            "throttle": 0.2324932710156359,
            "brake": 0.09117019832853532,
            "steer": 0.0
        },
        {
            "throttle": 0.25182115044588166,
            "brake": 0.08205317849568179,
            "steer": 0.0
        },
        {
            "throttle": 0.26943931171216345,
            "brake": 0.07384786064611361,
            "steer": 0.0
        },
        {
            "throttle": 0.28552800024788655,
            "brake": 0.06646307458150225,
            "steer": 0.0
        },
        {
            "throttle": 0.30024918245032556,
            "brake": 0.05981676712335202,
            "steer": 0.0
        },
        {
            "throttle": 0.31374836370531656,
            "brake": 0.05383509041101682,
            "steer": 0.0
        },
        {
            "throttle": 0.3261562248990542,
            "brake": 0.04845158136991514,
            "steer": 0.0
        },
        {
            "throttle": 0.3375900955787868,
            "brake": 0.04360642323292363,
            "steer": 0.0
        },
        {
            "throttle": 0.3038310860209081,
            "brake": 0.059895911018983464,
            "steer": 0.0
        },
        {
            "throttle": 0.27344797741881727,
            "brake": 0.07455645002643732,
            "steer": 0.0
        },
        {
            "throttle": 0.24610317967693554,
            "brake": 0.08775093513314579,
            "steer": 0.0
        },
        {
            "throttle": 0.22149286170924198,
            "brake": 0.0996259717291834,
            "steer": 0.0
        },
        {
            "throttle": 0.1993435755383178,
            "brake": 0.11031350466561726,
            "steer": 0.0
        },
        {
            "throttle": 0.17940921798448603,
            "brake": 0.11993228430840773,
            "steer": 0.0
        },
        {
            "throttle": 0.16146829618603742,
            "brake": 0.12858918598691915,
            "steer": 0.0
        },
        {
            "throttle": 0.1453214665674337,
            "brake": 0.13638039749757944,
            "steer": 0.0
        },
        {
            "throttle": 0.13078931991069032,
            "brake": 0.14339248785717368,
            "steer": 0.0
        },
        {
            "throttle": 0.1648103944322981,
            "brake": 0.12905323907145633,
            "steer": 0.0
        },
        {
            "throttle": 0.1957653079723024,
            "brake": 0.1161479151643107,
            "steer": 0.0
        },
        {
            "throttle": 0.22396487264818796,
            "brake": 0.10453312364787963,
            "steer": 0.0
        },
        {
            "throttle": 0.2496884467972741,
            "brake": 0.09407981128309167,
            "steer": 0.0
        },
        {
            "throttle": 0.2731870761667893,
            "brake": 0.08467183015478251,
            "steer": 0.0
        },
        {
            "throttle": 0.29468632139761075,
            "brake": 0.07620464713930426,
            "steer": 0.0
        },
        {
            "throttle": 0.3143888031764382,
            "brake": 0.06858418242537384,
            "steer": 0.0
        },
        {
            "throttle": 0.3324764932932363,
            "brake": 0.06172576418283646,
            "steer": 0.0
        },
        {
            "throttle": 0.34911277701663795,
            "brake": 0.055553187764552814,
            "steer": 0.0
        },
        {
            "throttle": 0.3644443096582653,
            "brake": 0.049997868988097535,
            "steer": 0.0
        },
        {
            "throttle": 0.37860268790936435,
            "brake": 0.04499808208928778,
            "steer": 0.0
        },
        {
            "throttle": 0.39170595447433837,
            "brake": 0.040498273880359,
            "steer": 0.0
        },
        {
            "throttle": 0.4038599526728363,
            "brake": 0.0364484464923231,
            "steer": 0.0
        },
        {
            "throttle": 0.4151595460144133,
            "brake": 0.03280360184309079,
            "steer": 0.0
        },
        {
            "throttle": 0.42568971624890395,
            "brake": 0.029523241658781715,
            "steer": 0.0
        },
        {
            "throttle": 0.4355265520448617,
            "brake": 0.026570917492903544,
            "steer": 0.0
        },
        {
            "throttle": 0.4447381392327072,
            "brake": 0.02391382574361319,
            "steer": 0.0
        },
        {
            "throttle": 0.45338536245509076,
            "brake": 0.02152244316925187,
            "steer": 0.0
        },
        {
            "throttle": 0.46152262708224984,
            "brake": 0.019370198852326687,
            "steer": 0.0
        },
        {
            "throttle": 0.46919850936389546,
            "brake": 0.01743317896709402,
            "steer": 0.0
        },
        {
            "throttle": 0.47645634199153714,
            "brake": 0.015689861070384618,
            "steer": 0.0
        },
        {
            "throttle": 0.48333474152729966,
            "brake": 0.014120874963346157,
            "steer": 0.0
        }
    ],
    "parameters": {
        "cloudiness": 94.8340488688978,
        "fog_density": 21.311194518587477,
        "initial_distance": 69.29028290482199,
        "initial_ego_velocity": 16.8052751959551,
        "initial_lead_velocity": 11.932759108533768,
        "lead_base_throttle": 0.5126677813082252,
        "lead_behavior_frequency": 0.05267596849675095,
        "lead_brake_duration": 9.259563214592692,
        "lead_brake_intensity": 0.20650130109352194,
        "lead_brake_probability": 0.25363445641539845,
        "lead_throttle_variation": 0.10910187801897711,
        "precipitation": 34.19394983109322,
        "precipitation_deposits": 78.8254315524356,
        "sun_altitude_angle": 5.092451802894949,
        "wind_intensity": 27.92961927387075
    },
    "config": {
        "num_timesteps": 200,
        "dt": 0.1,
        "seed": 125
    }
}