{
    "weather": {
        "cloudiness": 67.160515118051,
        "precipitation": 9.111087397119144,
        "precipitation_deposits": 96.30377660181504,
        "wind_intensity": 38.953650900831896,
        "sun_altitude_angle": 41.48606561213798,
        "fog_density": 23.238675376746407,
        "fog_distance": 460.87772371920715,
        "wetness": 4.555543698559572
    },
    "initial_conditions": {
        "ego": {
            "position": {
                "x": 555.9125464517379,
                "y": 20.57,
                "z": 0.294
            },
            "yaw": 0.0,
            "velocity": 11.538939016932556
        },
        "lead": {
            "position": {
                "x": 484.88,
                "y": 20.57,
                "z": 0.294
            },
            "yaw": 0.0,
            "velocity": 19.66159755510381
        }
    },
    "ego": {
        "position": {
            "x": 555.9125464517379,
            "y": 20.57,
            "z": 0.294
        },
        "yaw": 0.0,
        "velocity": 11.538939016932556
    },
    "lead": {
        "position": {
            "x": 484.88,
            "y": 20.57,
            "z": 0.294
        },
        "yaw": 0.0,
        "velocity": 19.66159755510381
    },
    "ado_actions": [
        {
            "throttle": 0.4478713324895318,
            "brake": 0.0,
            "steer": 0.0
        },
        {
            "throttle": 0.4518134358803241,
            "brake": 0.0,
            "steer": 0.0
        },
        {
            "throttle": 0.45924574011145963,
            "brake": 0.0,
            "steer": 0.0
        },
        {
            "throttle": 0.4697046849947741,
            "brake": 0.0,
            "steer": 0.0
        },
        {
            "throttle": 0.48271789474887594,
            "brake": 0.0,
            "steer": 0.0
        },
        {
            "throttle": 0.4978075432691259,
            "brake": 0.0,
            "steer": 0.0
        },
        {
            "throttle": 0.5144941539517501,
            "brake": 0.0,
            "steer": 0.0
        },
        {
            "throttle": 0.532300742983185,
            "brake": 0.0,
            "steer": 0.0
        },
        {
            "throttle": 0.550757213527073,
            "brake": 0.0,
            "steer": 0.0
        },
        {
            "throttle": 0.5694049077625749,
            "brake": 0.0,
            "steer": 0.0
        },
        {
            "throttle": 0.5878012242913213,
            "brake": 0.0,
            "steer": 0.0
        },
        {
            "throttle": 0.6055242100600806,
            "brake": 0.0,
            "steer": 0.0
        },
        {
            "throttle": 0.6221770386469487,
            "brake": 0.0,
            "steer": 0.0
        },
        {
            "throttle": 0.6373922905169224,
            "brake": 0.0,
            "steer": 0.0
        },
        {
            "throttle": 0.6508359556363631,
            "brake": 0.0,
            "steer": 0.0
        },
        {
            "throttle": 0.6622110845960538,
            "brake": 0.0,
            "steer": 0.0
        },
        {
            "throttle": 0.6712610210638327,
            "brake": 0.0,
            "steer": 0.0
        },
        {
            "throttle": 0.6777721558895101,
            "brake": 0.0,
            "steer": 0.0
        },
        {
            "throttle": 0.681576151422408,
            "brake": 0.0,
            "steer": 0.0
        },
        {
            "throttle": 0.6825515934686024,
            "brake": 0.0,
            "steer": 0.0
        },
        {
            "throttle": 0.6806250376934048,
            "brake": 0.0,
            "steer": 0.0
        },
        {
            "throttle": 0.6757714270386658,
            "brake": 0.0,
            "steer": 0.0
        },
        {
            "throttle": 0.6680138667412518,
            "brake": 0.0,
            "steer": 0.0
        },
        {
            "throttle": 0.6574227536709553,
            "brake": 0.0,
            "steer": 0.0
        },
        {
            "throttle": 0.6441142668129867,
            "brake": 0.0,
            "steer": 0.0
        },
        {
            "throttle": 0.6282482356614617,
            "brake": 0.0,
            "steer": 0.0
        },
        {
            "throttle": 0.6100254129270104,
            "brake": 0.0,
            "steer": 0.0
        },
        {
            "throttle": 0.589684187158697,
            "brake": 0.0,
            "steer": 0.0
        },
        {
            "throttle": 0.5674967795085668,
            "brake": 0.0,
            "steer": 0.0
        },
        {
            "throttle": 0.5437649768048542,
            "brake": 0.0,
            "steer": 0.0
        },
        {
            "throttle": 0.5188154602353378,
            "brake": 0.0,
            "steer": 0.0
        },
        {
            "throttle": 0.49299479517497596,
            "brake": 0.0,
            "steer": 0.0
        },
        {
            "throttle": 0.4666641529340709,
            "brake": 0.0,
            "steer": 0.0
        },
        {
            "throttle": 0.44019383938122003,
            "brake": 0.0,
            "steer": 0.0
        },
        {
            "throttle": 0.4139577084509158,
            "brake": 0.0,
            "steer": 0.0
        },
        {
            "throttle": 0.38832754043665746,
            "brake": 0.0,
            "steer": 0.0
        },
        {
            "throttle": 0.3636674656714807,
            "brake": 0.0,
            "steer": 0.0
        },
        {
            "throttle": 0.34032851370068,
            "brake": 0.0,
            "steer": 0.0
        },
        {
            "throttle": 0.3186433663653342,
            "brake": 0.0,
            "steer": 0.0
        },
        {
            "throttle": 0.2989213903663966,
            "brake": 0.0,
            "steer": 0.0
        },
        {
            "throttle": 0.2814440209107686,
            "brake": 0.0,
            "steer": 0.0
        },
        {
            "throttle": 0.26646056301237403,
            "brake": 0.0,
            "steer": 0.0
        },
        {
            "throttle": 0.25418447100759767,
            "brake": 0.0,
            "steer": 0.0
        },
        {
            "throttle": 0.24479015993465145,
            "brake": 0.0,
            "steer": 0.0
        },
        {
            "throttle": 0.2384103947225938,
            "brake": 0.0,
            "steer": 0.0
        },
        {
            "throttle": 0.23513429475148898,
            "brake": 0.0,
            "steer": 0.0
        },
        {
            "throttle": 0.23500598240405224,
            "brake": 0.0,
            "steer": 0.0
        },
        {
            "throttle": 0.23802389486265546,
            "brake": 0.0,
            "steer": 0.0
        },
        {
            "throttle": 0.24414076875149293,
            "brake": 0.0,
            "steer": 0.0
        },
        {
            "throttle": 0.2532642974238956,
            "brake": 0.0,
            "steer": 0.0
        },
        {
            "throttle": 0.26525845089317746,
            "brake": 0.0,
            "steer": 0.0
        },
        {
            "throttle": 0.2799454387459183,
            "brake": 0.0,
            "steer": 0.0
        },
        {
            "throttle": 0.29710828700102443,
            "brake": 0.0,
            "steer": 0.0
        },
        {
            "throttle": 0.3164939909238488,
            "brake": 0.0,
            "steer": 0.0
        },
        {
            "throttle": 0.3378171974034906,
            "brake": 0.0,
            "steer": 0.0
        },
        {
            "throttle": 0.36076436277638163,
            "brake": 0.0,
            "steer": 0.0
        },
        {
            "throttle": 0.3849983250437417,
            "brake": 0.0,
            "steer": 0.0
        },
        {
            "throttle": 0.4101632233861975,
            "brake": 0.0,
            "steer": 0.0
        },
        {
            "throttle": 0.435889692814491,
            "brake": 0.0,
            "steer": 0.0
        },
        {
            "throttle": 0.4618002577850787,
            "brake": 0.0,
            "steer": 0.0
        },
        {
            "throttle": 0.487514845712403,
            "brake": 0.0,
            "steer": 0.0
        },
        {
            "throttle": 0.5126563395682768,
            "brake": 0.0,
            "steer": 0.0
        },
        {
            "throttle": 0.5368560881987817,
            "brake": 0.0,
            "steer": 0.0
        },
        {
            "throttle": 0.559759293618677,
            "brake": 0.0,
            "steer": 0.0
        },
        {
            "throttle": 0.5810301963534547,
            "brake": 0.0,
            "steer": 0.0
        },
        {
            "throttle": 0.6003569828634674,
            "brake": 0.0,
            "steer": 0.0
        },
        {
            "throttle": 0.6174563431597268,
            "brake": 0.0,
            "steer": 0.0
        },
        {
            "throttle": 0.6320776118474509,
            "brake": 0.0,
            "steer": 0.0
        },
        {
            "throttle": 0.6440064319363082,
            "brake": 0.0,
            "steer": 0.0
        },
        {
            "throttle": 0.6530678877462862,
            "brake": 0.0,
            "steer": 0.0
        },
        {
            "throttle": 0.6591290610130087,
            "brake": 0.0,
            "steer": 0.0
        },
        {
            "throttle": 0.6621009727423727,
            "brake": 0.0,
            "steer": 0.0
        },
        {
            "throttle": 0.661939882358049,
            "brake": 0.0,
            "steer": 0.0
        },
        {
            "throttle": 0.6586479250950957,
            "brake": 0.0,
            "steer": 0.0
        },
        {
            "throttle": 0.6522730782810103,
            "brake": 0.0,
            "steer": 0.0
        },
        {
            "throttle": 0.6429084569702488,
            "brake": 0.0,
            "steer": 0.0
        },
        {
            "throttle": 0.6306909492158159,
            "brake": 0.0,
            "steer": 0.0
        },
        {
            "throttle": 0.615799210928333,
            "brake": 0.0,
            "steer": 0.0
        },
        {
            "throttle": 0.5984510496475741,
            "brake": 0.0,
            "steer": 0.0
        },
        {
            "throttle": 0.5789002354966537,
            "brake": 0.0,
            "steer": 0.0
        },
        {
            "throttle": 0.5574327859739638,
            "brake": 0.0,
            "steer": 0.0
        },
        {
            "throttle": 0.5343627789399019,
            "brake": 0.0,
            "steer": 0.0
        },
        {
            "throttle": 0.5100277550616991,
            "brake": 0.0,
            "steer": 0.0
        },
        {
            "throttle": 0.4847837769892055,
            "brake": 0.0,
            "steer": 0.0
        },
        {
            "throttle": 0.4590002175593713,
            "brake": 0.0,
            "steer": 0.0
        },
        {
            "throttle": 0.43305435329385666,
            "brake": 0.0,
            "steer": 0.0
        },
        {
            "throttle": 0.4073258423046744,
            "brake": 0.0,
            "steer": 0.0
        },
        {
            "throttle": 0.38219116741530423,
            "brake": 0.0,
            "steer": 0.0
        },
        {
            "throttle": 0.3580181258145596,
            "brake": 0.0,
            "steer": 0.0
        },
        {
            "throttle": 0.33516044588018495,
            "brake": 0.0,
            "steer": 0.0
        },
        {
            "throttle": 0.3139526099486753,
            "brake": 0.0,
            "steer": 0.0
        },
        {
            "throttle": 0.2947049587943768,
            "brake": 0.0,
            "steer": 0.0
        },
        {
            "throttle": 0.27769914945865315,
            "brake": 0.0,
            "steer": 0.0
        },
        {
            "throttle": 0.263184032899126,
            "brake": 0.0,
            "steer": 0.0
        },
        {
            "throttle": 0.2513720117853914,
            "brake": 0.0,
            "steer": 0.0
        },
        {
            "throttle": 0.24243593174109945,
            "brake": 0.0,
            "steer": 0.0
        },
        {
            "throttle": 0.2365065515256945,
            "brake": 0.0,
            "steer": 0.0
        },
        {
            "throttle": 0.23367062917670098,
            "brake": 0.0,
            "steer": 0.0
        },
        {
            "throttle": 0.23396965211920026,
            "brake": 0.0,
            "steer": 0.0
        },
        {
            "throttle": 0.237399229825006,
            "brake": 0.0,
            "steer": 0.0
        },
        {
            "throttle": 0.24390915790792736,
            "brake": 0.0,
            "steer": 0.0
        },
        {
            "throttle": 0.2534041527153211,
            "brake": 0.0,
            "steer": 0.0
        },
        {
            "throttle": 0.2657452456636762,
            "brake": 0.0,
            "steer": 0.0
        },
        {
            "throttle": 0.2807518169108613,
            "brake": 0.0,
            "steer": 0.0
        },
        {
            "throttle": 0.2982042386011916,
            "brake": 0.0,
            "steer": 0.0
        },
        {
            "throttle": 0.3178470889985766,
            "brake": 0.0,
            "steer": 0.0
        },
        {
            "throttle": 0.33939289046824805,
            "brake": 0.0,
            "steer": 0.0
        },
        {
            "throttle": 0.36252631660121015,
            "brake": 0.0,
            "steer": 0.0
        },
        {
            "throttle": 0.3869088069098011,
            "brake": 0.0,
            "steer": 0.0
        },
        {
            "throttle": 0.41218352155808535,
            "brake": 0.0,
            "steer": 0.0
        },
        {
            "throttle": 0.43798056361450316,
            "brake": 0.0,
            "steer": 0.0
        },
        {
            "throttle": 0.46392239239911676,
            "brake": 0.0,
            "steer": 0.0
        },
        {
            "throttle": 0.4896293487012073,
            "brake": 0.0,
            "steer": 0.0
        },
        {
            "throttle": 0.5147252110058237,
            "brake": 0.0,
            "steer": 0.0
        },
        {
            "throttle": 0.5388427014141222,
            "brake": 0.0,
            "steer": 0.0
        },
        {
            "throttle": 0.5616288606786044,
            "brake": 0.0,
            "steer": 0.0
        },
        {
            "throttle": 0.5827502136898939,
            "brake": 0.0,
            "steer": 0.0
        },
        {
            "throttle": 0.6018976498184385,
            "brake": 0.0,
            "steer": 0.0
        },
        {
            "throttle": 0.6187909466876291,
            "brake": 0.0,
            "steer": 0.0
        },
        {
            "throttle": 0.6331828711731883,
            "brake": 0.0,
            "steer": 0.0
        },
        {
            "throttle": 0.6448627976109547,
            "brake": 0.0,
            "steer": 0.0
        },
        {
            "throttle": 0.6536597902608107,
            "brake": 0.0,
            "steer": 0.0
        },
        {
            "throttle": 0.6594451049150662,
            "brake": 0.0,
            "steer": 0.0
        },
        {
            "throttle": 0.6621340730403875,
            "brake": 0.0,
            "steer": 0.0
        },
        {
            "throttle": 0.6616873408789196,
            "brake": 0.0,
            "steer": 0.0
        },
        {
            "throttle": 0.658111445374366,
            "brake": 0.0,
            "steer": 0.0
        },
        {
            "throttle": 0.6514587184942892,
            "brake": 0.0,
            "steer": 0.0
        },
        {
            "throttle": 0.641826521348747,
            "brake": 0.0,
            "steer": 0.0
        },
        {
            "throttle": 0.6293558193137464,
            "brake": 0.0,
            "steer": 0.0
        },
        {
            "throttle": 0.6142291190123184,
            "brake": 0.0,
            "steer": 0.0
        },
        {
            "throttle": 0.5966677973451646,
            "brake": 0.0,
            "steer": 0.0
        },
        {
            "throttle": 0.57692886166012,
            "brake": 0.0,
            "steer": 0.0
        },
        {
            "throttle": 0.5553011884748932,
            "brake": 0.0,
            "steer": 0.0
        },
        {
            "throttle": 0.532101295798868,
            "brake": 0.0,
            "steer": 0.0
        },
        {
            "throttle": 0.5076687109254758,
            "brake": 0.0,
            "steer": 0.0
        },
        {
            "throttle": 0.4823610014868925,
            "brake": 0.0,
            "steer": 0.0
        },
        {
            "throttle": 0.45654854249093646,
            "brake": 0.0,
            "steer": 0.0
        },
        {
            "throttle": 0.430609095923917,
            "brake": 0.0,
            "steer": 0.0
        },
        {
            "throttle": 0.4049222822462591,
            "brake": 0.0,
            "steer": 0.0
        },
        {
            "throttle": 0.3798640246898736,
            "brake": 0.0,
            "steer": 0.0
        },
        {
            "throttle": 0.35580104766428655,
            "brake": 0.0,
            "steer": 0.0
        },
        {
            "throttle": 0.3330855097866687,
            "brake": 0.0,
            "steer": 0.0
        },
        {
            "throttle": 0.3120498500807058,
            "brake": 0.0,
            "steer": 0.0
        },
        {
            "throttle": 0.29300192276955045,
            "brake": 0.0,
            "steer": 0.0
        },
        {
            "throttle": 0.2762204918645598,
            "brake": 0.0,
            "steer": 0.0
        },
        {
            "throttle": 0.26195115148595627,
            "brake": 0.0,
            "steer": 0.0
        },
        {
            "throttle": 0.2504027316210149,
            "brake": 0.0,
            "steer": 0.0
        },
        {
            "throttle": 0.24174424192106236,
            "brake": 0.0,
            "steer": 0.0
        },
        {
            "throttle": 0.23610239826443954,
            "brake": 0.0,
            "steer": 0.0
        },
        {
            "throttle": 0.23355976828387265,
            "brake": 0.0,
            "steer": 0.0
        },
        {
            "throttle": 0.2341535629982265,
            "brake": 0.0,
            "steer": 0.0
        },
        {
            "throttle": 0.23787509223295636,
            "brake": 0.0,
            "steer": 0.0
        },
        {
            "throttle": 0.24466989179910625,
            "brake": 0.0,
            "steer": 0.0
        },
        {
            "throttle": 0.25443852056959676,
            "brake": 0.0,
            "steer": 0.0
        },
        {
            "throttle": 0.26703801578768016,
            "brake": 0.0,
            "steer": 0.0
        },
        {
            "throttle": 0.28228398530929133,
            "brake": 0.0,
            "steer": 0.0
        },
        {
            "throttle": 0.29995330615957255,
            "brake": 0.0,
            "steer": 0.0
        },
        {
            "throttle": 0.31978738991051603,
            "brake": 0.0,
            "steer": 0.0
        },
        {
            "throttle": 0.341495967091308,
            "brake": 0.0,
            "steer": 0.0
        },
        {
            "throttle": 0.3647613352469787,
            "brake": 0.0,
            "steer": 0.0
        },
        {
            "throttle": 0.3892430084755247,
            "brake": 0.0,
            "steer": 0.0
        },
        {
            "throttle": 0.4145827003980801,
            "brake": 0.0,
            "steer": 0.0
        },
        {
            "throttle": 0.44040956763696265,
            "brake": 0.0,
            "steer": 0.0
        },
        {
            "throttle": 0.46634563706391785,
            "brake": 0.0,
            "steer": 0.0
        },
        {
            "throttle": 0.4920113373914305,
            "brake": 0.0,
            "steer": 0.0
        },
        {
            "throttle": 0.5170310541529245,
            "brake": 0.0,
            "steer": 0.0
        },
        {
            "throttle": 0.541038626775379,
            "brake": 0.0,
            "steer": 0.0
        },
        {
            "throttle": 0.4869347640978411,
            "brake": 0.050647393812143386,
            "steer": 0.0
        },
        {
            "throttle": 0.438241287688057,
            "brake": 0.09623004824307244,
            "steer": 0.0
        },
        {
            "throttle": 0.3944171589192513,
            "brake": 0.13725443723090858,
            "steer": 0.0
        },
        {
            "throttle": 0.35497544302732614,
            "brake": 0.1741763873199611,
            "steer": 0.0
        },
        {
            "throttle": 0.31947789872459353,
            "brake": 0.20740614240010838,
            "steer": 0.0
        },
        {
            "throttle": 0.2875301088521342,
            "brake": 0.23731292197224094,
            "steer": 0.0
        },
        {
            "throttle": 0.2587770979669208,
            "brake": 0.2642290235871602,
            "steer": 0.0
        },
        {
            "throttle": 0.2328993881702287,
            "brake": 0.2884535150405876,
            "steer": 0.0
        },
        {
            "throttle": 0.20960944935320583,
            "brake": 0.3102555573486722,
            "steer": 0.0
        },
        {
            "throttle": 0.18864850441788525,
            "brake": 0.3298773954259484,
            "steer": 0.0
        },
        {
            "throttle": 0.16978365397609674,
            "brake": 0.347537049695497,
            "steer": 0.0
        },
        {
            "throttle": 0.15280528857848708,
            "brake": 0.36343073853809066,
            "steer": 0.0
        },
        {
            "throttle": 0.13752475972063838,
            "brake": 0.37773505849642497,
            "steer": 0.0
        },
        {
            "throttle": 0.12377228374857455,
            "brake": 0.39060894645892585,
            "steer": 0.0
        },
        {
            "throttle": 0.11139505537371709,
            "brake": 0.4021954456251767,
            "steer": 0.0
        },
        {
            "throttle": 0.10025554983634538,
            "brake": 0.4126232948748024,
            "steer": 0.0
        },
        {
            "throttle": 0.09022999485271084,
            "brake": 0.4220083591994656,
            "steer": 0.0
        },
        {
            "throttle": 0.08120699536743976,
            "brake": 0.43045491709166245,
            "steer": 0.0
        },
        {
            "throttle": 0.07308629583069579,
            "brake": 0.4380568191946396,
            "steer": 0.0
        },
        {
            "throttle": 0.06577766624762621,
            "brake": 0.4448985310873191,
            "steer": 0.0
        },
        {
            "throttle": 0.05919989962286359,
            "brake": 0.4510560717907306,
            "steer": 0.0
        },
        {
            "throttle": 0.05327990966057723,
            "brake": 0.45659785842380096,
            "steer": 0.0
        },
        {
            "throttle": 0.04795191869451951,
            "brake": 0.4615854663935643,
            "steer": 0.0
        },
        {
            "throttle": 0.043156726825067555,
            "brake": 0.46607431356635126,
            "steer": 0.0
        },
        {
            "throttle": 0.0388410541425608,
            "brake": 0.4701142760218595,
            "steer": 0.0
        },
        {
            "throttle": 0.034956948728304724,
            "brake": 0.47375024223181694,
            "steer": 0.0
        },
        {
            "throttle": 0.031461253855474255,
            "brake": 0.47702261182077865,
            "steer": 0.0
        },
        {
            "throttle": 0.028315128469926832,
            "brake": 0.47996774445084417,
            "steer": 0.0
        },
        {
            "throttle": 0.02548361562293415,
            "brake": 0.48261836381790313,
            "steer": 0.0
        },
        {
            "throttle": 0.03551224117037534,
            "brake": 0.4343565274361128,
            "steer": 0.0
        },
        {
            "throttle": 0.045415679915651666,
            "brake": 0.39092087469250153,
            "steer": 0.0
        },
        {
            "throttle": 0.05566499749350732,
            "brake": 0.3518287872232514,
            "steer": 0.0
        },
        {
            "throttle": 0.06666459751580028,
            "brake": 0.3166459085009263,
            "steer": 0.0
        }
    ],
    "parameters": {
        "fog_density": 23.238675376746407,
        "precipitation": 9.111087397119144,
        "precipitation_deposits": 96.30377660181504,
        "wind_intensity": 38.953650900831896,
        "sun_altitude_angle": 41.48606561213798,
        "cloudiness": 67.160515118051,
        "lead_base_throttle": 0.4478713324895318,
        "lead_behavior_frequency": 0.19265483036009406,
        "lead_throttle_variation": 0.3264595372080133,
        "lead_brake_probability": 0.14229587076250527,
        "lead_brake_intensity": 0.5064739381214338,
        "lead_brake_duration": 29.515269527896667,
        "initial_distance": 71.03254645173782,
        "initial_ego_velocity": 11.538939016932556,
        "initial_lead_velocity": 19.66159755510381
    },
    "config": {
        "num_timesteps": 200,
        "dt": 0.1,
        "seed": 170
    }
}