{
    "weather": {
        "cloudiness": 42.19471610490891,
        "precipitation": 84.2648218081335,
        "precipitation_deposits": 67.44826653485032,
        "wind_intensity": 48.08447374090032,
        "sun_altitude_angle": 25.633004097088183,
        "fog_density": 46.198769230379355,
        "fog_distance": 214.38989673228917,
        "wetness": 42.13241090406675
    },
    "initial_conditions": {
        "ego": {
            "position": {
                "x": 524.1943468315366,
                "y": 20.57,
                "z": 0.294
            },
            "yaw": 0.0,
            "velocity": 15.703056137840333
        },
        "lead": {
            "position": {
                "x": 484.88,
                "y": 20.57,
                "z": 0.294
            },
            "yaw": 0.0,
            "velocity": 7.459729209765619
        }
    },
    "ego": {
        "position": {
            "x": 524.1943468315366,
            "y": 20.57,
            "z": 0.294
        },
        "yaw": 0.0,
        "velocity": 15.703056137840333
    },
    "lead": {
        "position": {
            "x": 484.88,
            "y": 20.57,
            "z": 0.294
        },
        "yaw": 0.0,
        "velocity": 7.459729209765619
    },
    "ado_actions": [
        {
            "throttle": 0.571663373411838,
            "brake": 0.0,
            "steer": 0.0
        },
        {
            "throttle": 0.5752460299366997,
            "brake": 0.0,
            "steer": 0.0
        },
        {
            "throttle": 0.5820080494858269,
            "brake": 0.0,
            "steer": 0.0
        },
        {
            "throttle": 0.5915420059833987,
            "brake": 0.0,
            "steer": 0.0
        },
        {
            "throttle": 0.6034378787688655,
            "brake": 0.0,
            "steer": 0.0
        },
        {
            "throttle": 0.6172849814625762,
            "brake": 0.0,
            "steer": 0.0
        },
        {
            "throttle": 0.6326742216374412,
            "brake": 0.0,
            "steer": 0.0
        },
        {
            "throttle": 0.6492006306525236,
            "brake": 0.0,
            "steer": 0.0
        },
        {
            "throttle": 0.666466102833371,
            "brake": 0.0,
            "steer": 0.0
        },
        {
            "throttle": 0.6840822834547243,
            "brake": 0.0,
            "steer": 0.0
        },
        {
            "throttle": 0.7016735457228029,
            "brake": 0.0,
            "steer": 0.0
        },
        {
            "throttle": 0.7188799981863777,
            "brake": 0.0,
            "steer": 0.0
        },
        {
            "throttle": 0.7353604657389246,
            "brake": 0.0,
            "steer": 0.0
        },
        {
            "throttle": 0.7507953896100414,
            "brake": 0.0,
            "steer": 0.0
        },
        {
            "throttle": 0.7648895944760465,
            "brake": 0.0,
            "steer": 0.0
        },
        {
            "throttle": 0.7773748740319797,
            "brake": 0.0,
            "steer": 0.0
        },
        {
            "throttle": 0.7880123500368483,
            "brake": 0.0,
            "steer": 0.0
        },
        {
            "throttle": 0.7965945639402112,
            "brake": 0.0,
            "steer": 0.0
        },
        {
            "throttle": 0.8029472646834601,
            "brake": 0.0,
            "steer": 0.0
        },
        {
            "throttle": 0.8069308610995699,
            "brake": 0.0,
            "steer": 0.0
        },
        {
            "throttle": 0.8084415124611772,
            "brake": 0.0,
            "steer": 0.0
        },
        {
            "throttle": 0.807411836094293,
            "brake": 0.0,
            "steer": 0.0
        },
        {
            "throttle": 0.8038112165254265,
            "brake": 0.0,
            "steer": 0.0
        },
        {
            "throttle": 0.7976457063018081,
            "brake": 0.0,
            "steer": 0.0
        },
        {
            "throttle": 0.7889575143538559,
            "brake": 0.0,
            "steer": 0.0
        },
        {
            "throttle": 0.7778240834906555,
            "brake": 0.0,
            "steer": 0.0
        },
        {
            "throttle": 0.764356764267077,
            "brake": 0.0,
            "steer": 0.0
        },
        {
            "throttle": 0.7486990979696412,
            "brake": 0.0,
            "steer": 0.0
        },
        {
            "throttle": 0.731024726772959,
            "brake": 0.0,
            "steer": 0.0
        },
        {
            "throttle": 0.7115349541572098,
            "brake": 0.0,
            "steer": 0.0
        },
        {
            "throttle": 0.6904559833902669,
            "brake": 0.0,
            "steer": 0.0
        },
        {
            "throttle": 0.6680358662100347,
            "brake": 0.0,
            "steer": 0.0
        },
        {
            "throttle": 0.6445411977420409,
            "brake": 0.0,
            "steer": 0.0
        },
        {
            "throttle": 0.620253597108197,
            "brake": 0.0,
            "steer": 0.0
        },
        {
            "throttle": 0.5954660160844657,
            "brake": 0.0,
            "steer": 0.0
        },
        {
            "throttle": 0.5704789205137968,
            "brake": 0.0,
            "steer": 0.0
        },
        {
            "throttle": 0.5455963909486966,
            "brake": 0.0,
            "steer": 0.0
        },
        {
            "throttle": 0.5211221901648055,
            "brake": 0.0,
            "steer": 0.0
        },
        {
            "throttle": 0.49735584573992553,
            "brake": 0.0,
            "steer": 0.0
        },
        {
            "throttle": 0.4745887958266057,
            "brake": 0.0,
            "steer": 0.0
        },
        {
            "throttle": 0.45310064556287566,
            "brake": 0.0,
            "steer": 0.0
        },
        {
            "throttle": 0.4331555802748296,
            "brake": 0.0,
            "steer": 0.0
        },
        {
            "throttle": 0.4149989797438367,
            "brake": 0.0,
            "steer": 0.0
        },
        {
            "throttle": 0.3988542753648298,
            "brake": 0.0,
            "steer": 0.0
        },
        {
            "throttle": 0.3849200890420386,
            "brake": 0.0,
            "steer": 0.0
        },
        {
            "throttle": 0.37336768919295465,
            "brake": 0.0,
            "steer": 0.0
        },
        {
            "throttle": 0.3643387953046461,
            "brake": 0.0,
            "steer": 0.0
        },
        {
            "throttle": 0.3579437581587915,
            "brake": 0.0,
            "steer": 0.0
        },
        {
            "throttle": 0.35426013816794893,
            "brake": 0.0,
            "steer": 0.0
        },
        {
            "throttle": 0.35333169930489355,
            "brake": 0.0,
            "steer": 0.0
        },
        {
            "throttle": 0.35516783092217097,
            "brake": 0.0,
            "steer": 0.0
        },
        {
            "throttle": 0.35974340441590935,
            "brake": 0.0,
            "steer": 0.0
        },
        {
            "throttle": 0.3669990662539569,
            "brake": 0.0,
            "steer": 0.0
        },
        {
            "throttle": 0.3768419634322025,
            "brake": 0.0,
            "steer": 0.0
        },
        {
            "throttle": 0.38914689201338415,
            "brake": 0.0,
            "steer": 0.0
        },
        {
            "throttle": 0.4037578541080644,
            "brake": 0.0,
            "steer": 0.0
        },
        {
            "throttle": 0.4204900035445507,
            "brake": 0.0,
            "steer": 0.0
        },
        {
            "throttle": 0.4391319556078478,
            "brake": 0.0,
            "steer": 0.0
        },
        {
            "throttle": 0.4594484316686261,
            "brake": 0.0,
            "steer": 0.0
        },
        {
            "throttle": 0.48118320532915004,
            "brake": 0.0,
            "steer": 0.0
        },
        {
            "throttle": 0.5040623129370223,
            "brake": 0.0,
            "steer": 0.0
        },
        {
            "throttle": 0.5277974880070624,
            "brake": 0.0,
            "steer": 0.0
        },
        {
            "throttle": 0.5520897762884012,
            "brake": 0.0,
            "steer": 0.0
        },
        {
            "throttle": 0.5766332859532827,
            "brake": 0.0,
            "steer": 0.0
        },
        {
            "throttle": 0.6011190256946513,
            "brake": 0.0,
            "steer": 0.0
        },
        {
            "throttle": 0.6252387824226846,
            "brake": 0.0,
            "steer": 0.0
        },
        {
            "throttle": 0.6486889897598968,
            "brake": 0.0,
            "steer": 0.0
        },
        {
            "throttle": 0.6711745386565205,
            "brake": 0.0,
            "steer": 0.0
        },
        {
            "throttle": 0.6924124821811206,
            "brake": 0.0,
            "steer": 0.0
        },
        {
            "throttle": 0.7121355878766392,
            "brake": 0.0,
            "steer": 0.0
        },
        {
            "throttle": 0.7300956929926116,
            "brake": 0.0,
            "steer": 0.0
        },
        {
            "throttle": 0.7460668203860205,
            "brake": 0.0,
            "steer": 0.0
        },
        {
            "throttle": 0.7598480158950456,
            "brake": 0.0,
            "steer": 0.0
        },
        {
            "throttle": 0.7712658714939916,
            "brake": 0.0,
            "steer": 0.0
        },
        {
            "throttle": 0.7801767024899532,
            "brake": 0.0,
            "steer": 0.0
        },
        {
            "throttle": 0.7864683513726445,
            "brake": 0.0,
            "steer": 0.0
        },
        {
            "throttle": 0.7900615956236472,
            "brake": 0.0,
            "steer": 0.0
        },
        {
            "throttle": 0.7909111417711261,
            "brake": 0.0,
            "steer": 0.0
        },
        {
            "throttle": 0.7890061931782655,
            "brake": 0.0,
            "steer": 0.0
        },
        {
            "throttle": 0.7843705844129357,
            "brake": 0.0,
            "steer": 0.0
        },
        {
            "throttle": 0.777062480495065,
            "brake": 0.0,
            "steer": 0.0
        },
        {
            "throttle": 0.7671736447884056,
            "brake": 0.0,
            "steer": 0.0
        },
        {
            "throttle": 0.7548282847261091,
            "brake": 0.0,
            "steer": 0.0
        },
        {
            "throttle": 0.7401814898666259,
            "brake": 0.0,
            "steer": 0.0
        },
        {
            "throttle": 0.7234172819012205,
            "brake": 0.0,
            "steer": 0.0
        },
        {
            "throttle": 0.7047463011124705,
            "brake": 0.0,
            "steer": 0.0
        },
        {
            "throttle": 0.6844031583531696,
            "brake": 0.0,
            "steer": 0.0
        },
        {
            "throttle": 0.662643485819672,
            "brake": 0.0,
            "steer": 0.0
        },
        {
            "throttle": 0.639740723680064,
            "brake": 0.0,
            "steer": 0.0
        },
        {
            "throttle": 0.6159826829380232,
            "brake": 0.0,
            "steer": 0.0
        },
        {
            "throttle": 0.5916679277261422,
            "brake": 0.0,
            "steer": 0.0
        },
        {
            "throttle": 0.5671020224924599,
            "brake": 0.0,
            "steer": 0.0
        },
        {
            "throttle": 0.5425936912424703,
            "brake": 0.0,
            "steer": 0.0
        },
        {
            "throttle": 0.5184509371046068,
            "brake": 0.0,
            "steer": 0.0
        },
        {
            "throttle": 0.4949771709862392,
            "brake": 0.0,
            "steer": 0.0
        },
        {
            "throttle": 0.4724673979733049,
            "brake": 0.0,
            "steer": 0.0
        },
        {
            "throttle": 0.4512045094012619,
            "brake": 0.0,
            "steer": 0.0
        },
        {
            "throttle": 0.43145572719721575,
            "brake": 0.0,
            "steer": 0.0
        },
        {
            "throttle": 0.4134692451795321,
            "brake": 0.0,
            "steer": 0.0
        },
        {
            "throttle": 0.3974711095260476,
            "brake": 0.0,
            "steer": 0.0
        },
        {
            "throttle": 0.3836623776162537,
            "brake": 0.0,
            "steer": 0.0
        },
        {
            "throttle": 0.3722165909543233,
            "brake": 0.0,
            "steer": 0.0
        },
        {
            "throttle": 0.36327759393255177,
            "brake": 0.0,
            "steer": 0.0
        },
        {
            "throttle": 0.3569577258483119,
            "brake": 0.0,
            "steer": 0.0
        },
        {
            "throttle": 0.3533364088965917,
            "brake": 0.0,
            "steer": 0.0
        },
        {
            "throttle": 0.35245914988357163,
            "brake": 0.0,
            "steer": 0.0
        },
        {
            "throttle": 0.3543369682070373,
            "brake": 0.0,
            "steer": 0.0
        },
        {
            "throttle": 0.35894625729207597,
            "brake": 0.0,
            "steer": 0.0
        },
        {
            "throttle": 0.3662290812228022,
            "brake": 0.0,
            "steer": 0.0
        },
        {
            "throttle": 0.37609390284126665,
            "brake": 0.0,
            "steer": 0.0
        },
        {
            "throttle": 0.38841673416196965,
            "brake": 0.0,
            "steer": 0.0
        },
        {
            "throttle": 0.4030426946426789,
            "brake": 0.0,
            "steer": 0.0
        },
        {
            "throttle": 0.4197879577262555,
            "brake": 0.0,
            "steer": 0.0
        },
        {
            "throttle": 0.4384420611883399,
            "brake": 0.0,
            "steer": 0.0
        },
        {
            "throttle": 0.4587705522533799,
            "brake": 0.0,
            "steer": 0.0
        },
        {
            "throttle": 0.48051793423406075,
            "brake": 0.0,
            "steer": 0.0
        },
        {
            "throttle": 0.5034108776596007,
            "brake": 0.0,
            "steer": 0.0
        },
        {
            "throttle": 0.5271616555342389,
            "brake": 0.0,
            "steer": 0.0
        },
        {
            "throttle": 0.5514717595503386,
            "brake": 0.0,
            "steer": 0.0
        },
        {
            "throttle": 0.5760356518062668,
            "brake": 0.0,
            "steer": 0.0
        },
        {
            "throttle": 0.6005446048761741,
            "brake": 0.0,
            "steer": 0.0
        },
        {
            "throttle": 0.624690581968387,
            "brake": 0.0,
            "steer": 0.0
        },
        {
            "throttle": 0.6481701084053001,
            "brake": 0.0,
            "steer": 0.0
        },
        {
            "throttle": 0.6706880857667467,
            "brake": 0.0,
            "steer": 0.0
        },
        {
            "throttle": 0.6919615007594649,
            "brake": 0.0,
            "steer": 0.0
        },
        {
            "throttle": 0.7117229821984021,
            "brake": 0.0,
            "steer": 0.0
        },
        {
            "throttle": 0.7297241613945864,
            "brake": 0.0,
            "steer": 0.0
        },
        {
            "throttle": 0.7457387937151508,
            "brake": 0.0,
            "steer": 0.0
        },
        {
            "throttle": 0.7595656020827585,
            "brake": 0.0,
            "steer": 0.0
        },
        {
            "throttle": 0.7710308066764343,
            "brake": 0.0,
            "steer": 0.0
        },
        {
            "throttle": 0.7799903090397269,
            "brake": 0.0,
            "steer": 0.0
        },
        {
            "throttle": 0.7863315031456375,
            "brake": 0.0,
            "steer": 0.0
        },
        {
            "throttle": 0.7899746906562749,
            "brake": 0.0,
            "steer": 0.0
        },
        {
            "throttle": 0.7908740825897949,
            "brake": 0.0,
            "steer": 0.0
        },
        {
            "throttle": 0.7890183748053374,
            "brake": 0.0,
            "steer": 0.0
        },
        {
            "throttle": 0.7844308900730605,
            "brake": 0.0,
            "steer": 0.0
        },
        {
            "throttle": 0.7771692849436505,
            "brake": 0.0,
            "steer": 0.0
        },
        {
            "throttle": 0.767324825101423,
            "brake": 0.0,
            "steer": 0.0
        },
        {
            "throttle": 0.755021238308549,
            "brake": 0.0,
            "steer": 0.0
        },
        {
            "throttle": 0.7404131593569004,
            "brake": 0.0,
            "steer": 0.0
        },
        {
            "throttle": 0.7236841865717778,
            "brake": 0.0,
            "steer": 0.0
        },
        {
            "throttle": 0.7050445742939108,
            "brake": 0.0,
            "steer": 0.0
        },
        {
            "throttle": 0.6847285903412536,
            "brake": 0.0,
            "steer": 0.0
        },
        {
            "throttle": 0.6629915716627297,
            "brake": 0.0,
            "steer": 0.0
        },
        {
            "throttle": 0.6401067151892914,
            "brake": 0.0,
            "steer": 0.0
        },
        {
            "throttle": 0.6163616442157757,
            "brake": 0.0,
            "steer": 0.0
        },
        {
            "throttle": 0.5920547934682348,
            "brake": 0.0,
            "steer": 0.0
        },
        {
            "throttle": 0.5674916582902332,
            "brake": 0.0,
            "steer": 0.0
        },
        {
            "throttle": 0.5429809550893928,
            "brake": 0.0,
            "steer": 0.0
        },
        {
            "throttle": 0.5188307413007811,
            "brake": 0.0,
            "steer": 0.0
        },
        {
            "throttle": 0.49534454363253555,
            "brake": 0.0,
            "steer": 0.0
        },
        {
            "throttle": 0.4728175432550313,
            "brake": 0.0,
            "steer": 0.0
        },
        {
            "throttle": 0.451532865879212,
            "brake": 0.0,
            "steer": 0.0
        },
        {
            "throttle": 0.431758023351431,
            "brake": 0.0,
            "steer": 0.0
        },
        {
            "throttle": 0.41374155148784625,
            "brake": 0.0,
            "steer": 0.0
        },
        {
            "throttle": 0.39770988640501936,
            "brake": 0.0,
            "steer": 0.0
        },
        {
            "throttle": 0.3838645186058806,
            "brake": 0.0,
            "steer": 0.0
        },
        {
            "throttle": 0.37237946058931437,
            "brake": 0.0,
            "steer": 0.0
        },
        {
            "throttle": 0.36339905981116505,
            "brake": 0.0,
            "steer": 0.0
        },
        {
            "throttle": 0.3570361844839896,
            "brake": 0.0,
            "steer": 0.0
        },
        {
            "throttle": 0.35337080501693874,
            "brake": 0.0,
            "steer": 0.0
        },
        {
            "throttle": 0.3524489889246321,
            "brake": 0.0,
            "steer": 0.0
        },
        {
            "throttle": 0.3542823218372962,
            "brake": 0.0,
            "steer": 0.0
        },
        {
            "throttle": 0.3588477618890718,
            "brake": 0.0,
            "steer": 0.0
        },
        {
            "throttle": 0.36608792931457945,
            "brake": 0.0,
            "steer": 0.0
        },
        {
            "throttle": 0.37591182761400765,
            "brake": 0.0,
            "steer": 0.0
        },
        {
            "throttle": 0.3881959872229137,
            "brake": 0.0,
            "steer": 0.0
        },
        {
            "throttle": 0.4027860173127693,
            "brake": 0.0,
            "steer": 0.0
        },
        {
            "throttle": 0.4194985462187756,
            "brake": 0.0,
            "steer": 0.0
        },
        {
            "throttle": 0.4381235261070985,
            "brake": 0.0,
            "steer": 0.0
        },
        {
            "throttle": 0.45842687291580864,
            "brake": 0.0,
            "steer": 0.0
        },
        {
            "throttle": 0.4801534083899936,
            "brake": 0.0,
            "steer": 0.0
        },
        {
            "throttle": 0.5030300672347071,
            "brake": 0.0,
            "steer": 0.0
        },
        {
            "throttle": 0.5267693290773421,
            "brake": 0.0,
            "steer": 0.0
        },
        {
            "throttle": 0.5510728321055446,
            "brake": 0.0,
            "steer": 0.0
        },
        {
            "throttle": 0.5756351229634386,
            "brake": 0.0,
            "steer": 0.0
        },
        {
            "throttle": 0.6001474957763956,
            "brake": 0.0,
            "steer": 0.0
        },
        {
            "throttle": 0.6243018720543916,
            "brake": 0.0,
            "steer": 0.0
        },
        {
            "throttle": 0.64779467271022,
            "brake": 0.0,
            "steer": 0.0
        },
        {
            "throttle": 0.6703306335279314,
            "brake": 0.0,
            "steer": 0.0
        },
        {
            "throttle": 0.6916265161276063,
            "brake": 0.0,
            "steer": 0.0
        },
        {
            "throttle": 0.7114146677859956,
            "brake": 0.0,
            "steer": 0.0
        },
        {
            "throttle": 0.729446385372191,
            "brake": 0.0,
            "steer": 0.0
        },
        {
            "throttle": 0.7454950411194209,
            "brake": 0.0,
            "steer": 0.0
        },
        {
            "throttle": 0.7593589309473818,
            "brake": 0.0,
            "steer": 0.0
        },
        {
            "throttle": 0.7708638095365778,
            "brake": 0.0,
            "steer": 0.0
        },
        {
            "throttle": 0.779865080293132,
            "brake": 0.0,
            "steer": 0.0
        },
        {
            "throttle": 0.7862496126799664,
            "brake": 0.0,
            "steer": 0.0
        },
        {
            "throttle": 0.7899371640736169,
            "brake": 0.0,
            "steer": 0.0
        },
        {
            "throttle": 0.7908813882763774,
            "brake": 0.0,
            "steer": 0.0
        },
        {
            "throttle": 0.7890704180085086,
            "brake": 0.0,
            "steer": 0.0
        },
        {
            "throttle": 0.7101633762076578,
            "brake": 0.07833478900871775,
            "steer": 0.0
        },
        {
            "throttle": 0.639147038586892,
            "brake": 0.14883609911656373,
            "steer": 0.0
        },
        {
            "throttle": 0.5752323347282029,
            "brake": 0.21228727821362509,
            "steer": 0.0
        },
        {
            "throttle": 0.5177091012553826,
            "brake": 0.2693933394009803,
            "steer": 0.0
        },
        {
            "throttle": 0.46593819112984436,
            "brake": 0.3207887944696,
            "steer": 0.0
        },
        {
            "throttle": 0.4193443720168599,
            "brake": 0.3670447040313578,
            "steer": 0.0
        },
        {
            "throttle": 0.37740993481517393,
            "brake": 0.4086750226369398,
            "steer": 0.0
        },
        {
            "throttle": 0.33966894133365655,
            "brake": 0.4461423093819636,
            "steer": 0.0
        },
        {
            "throttle": 0.3057020472002909,
            "brake": 0.479862867452485,
            "steer": 0.0
        }
    ],
    "parameters": {
        "fog_density": 46.198769230379355,
        "precipitation": 84.2648218081335,
        "precipitation_deposits": 67.44826653485032,
        "wind_intensity": 48.08447374090032,
        "sun_altitude_angle": 25.633004097088183,
        "cloudiness": 42.19471610490891,
        "lead_base_throttle": 0.571663373411838,
        "lead_behavior_frequency": 0.17851957087658504,
        "lead_throttle_variation": 0.3200740981596748,
        "lead_brake_probability": 0.18615087937038224,
        "lead_brake_intensity": 0.7833478900871774,
        "lead_brake_duration": 9.274349283246762,
        "initial_distance": 39.31434683153654,
        "initial_ego_velocity": 15.703056137840333,
        "initial_lead_velocity": 7.459729209765619
    },
    "config": {
        "num_timesteps": 200,
        "dt": 0.1,
        "seed": 220
    }
}