{
    "weather": {
        "cloudiness": 58.07571387855358,
        "precipitation": 36.16501104553789,
        "precipitation_deposits": 54.86357457079847,
        "wind_intensity": 48.30863571321322,
        "sun_altitude_angle": -1.439438654371088,
        "fog_density": 25.339418399545607,
        "fog_distance": 429.70889841269354,
        "wetness": 18.082505522768944
    },
    "initial_conditions": {
        "ego": {
            "position": {
                "x": 553.5489855330029,
                "y": 20.57,
                "z": 0.294
            },
            "yaw": 0.0,
            "velocity": 10.787009651552765
        },
        "lead": {
            "position": {
                "x": 484.88,
                "y": 20.57,
                "z": 0.294
            },
            "yaw": 0.0,
            "velocity": 20.901451424325096
        }
    },
    "ego": {
        "position": {
            "x": 553.5489855330029,
            "y": 20.57,
            "z": 0.294
        },
        "yaw": 0.0,
        "velocity": 10.787009651552765
    },
    "lead": {
        "position": {
            "x": 484.88,
            "y": 20.57,
            "z": 0.294
        },
        "yaw": 0.0,
        "velocity": 20.901451424325096
    },
    "ado_actions": [
        {
            "throttle": 0.5823849867350014,
            "brake": 0.0,
            "steer": 0.0
        },
        {
            "throttle": 0.5829343186305512,
            "brake": 0.0,
            "steer": 0.0
        },
        {
            "throttle": 0.5839721581361317,
            "brake": 0.0,
            "steer": 0.0
        },
        {
            "throttle": 0.585437935475575,
            "brake": 0.0,
            "steer": 0.0
        },
        {
            "throttle": 0.587271435607144,
            "brake": 0.0,
            "steer": 0.0
        },
        {
            "throttle": 0.5894129495775892,
            "brake": 0.0,
            "steer": 0.0
        },
        {
            "throttle": 0.5918034698887272,
            "brake": 0.0,
            "steer": 0.0
        },
        {
            "throttle": 0.5943849228374218,
            "brake": 0.0,
            "steer": 0.0
        },
        {
            "throttle": 0.5971004308877381,
            "brake": 0.0,
            "steer": 0.0
        },
        {
            "throttle": 0.5998945982569337,
            "brake": 0.0,
            "steer": 0.0
        },
        {
            "throttle": 0.6027138130484634,
            "brake": 0.0,
            "steer": 0.0
        },
        {
            "throttle": 0.6055065594481411,
            "brake": 0.0,
            "steer": 0.0
        },
        {
            "throttle": 0.6082237337160564,
            "brake": 0.0,
            "steer": 0.0
        },
        {
            "throttle": 0.610818957958077,
            "brake": 0.0,
            "steer": 0.0
        },
        {
            "throttle": 0.6132488859473231,
            "brake": 0.0,
            "steer": 0.0
        },
        {
            "throttle": 0.6154734955877259,
            "brake": 0.0,
            "steer": 0.0
        },
        {
            "throttle": 0.6174563629678568,
            "brake": 0.0,
            "steer": 0.0
        },
        {
            "throttle": 0.6191649133421819,
            "brake": 0.0,
            "steer": 0.0
        },
        {
            "throttle": 0.6205706447967161,
            "brake": 0.0,
            "steer": 0.0
        },
        {
            "throttle": 0.6216493208041326,
            "brake": 0.0,
            "steer": 0.0
        },
        {
            "throttle": 0.6223811283466522,
            "brake": 0.0,
            "steer": 0.0
        },
        {
            "throttle": 0.622750798779957,
            "brake": 0.0,
            "steer": 0.0
        },
        {
            "throttle": 0.6227476891240491,
            "brake": 0.0,
            "steer": 0.0
        },
        {
            "throttle": 0.6223658219931513,
            "brake": 0.0,
            "steer": 0.0
        },
        {
            "throttle": 0.6216038829119186,
            "brake": 0.0,
            "steer": 0.0
        },
        {
            "throttle": 0.6204651743046763,
            "brake": 0.0,
            "steer": 0.0
        },
        {
            "throttle": 0.6189575259832499,
            "brake": 0.0,
            "steer": 0.0
        },
        {
            "throttle": 0.6170931624922519,
            "brake": 0.0,
            "steer": 0.0
        },
        {
            "throttle": 0.6148885281934625,
            "brake": 0.0,
            "steer": 0.0
        },
        {
            "throttle": 0.6123640714782503,
            "brake": 0.0,
            "steer": 0.0
        },
        {
            "throttle": 0.6095439899839796,
            "brake": 0.0,
            "steer": 0.0
        },
        {
            "throttle": 0.6064559391523672,
            "brake": 0.0,
            "steer": 0.0
        },
        {
            "throttle": 0.6031307069003142,
            "brake": 0.0,
            "steer": 0.0
        },
        {
            "throttle": 0.5996018575726433,
            "brake": 0.0,
            "steer": 0.0
        },
        {
            "throttle": 0.5959053487075391,
            "brake": 0.0,
            "steer": 0.0
        },
        {
            "throttle": 0.5920791244658011,
            "brake": 0.0,
            "steer": 0.0
        },
        {
            "throttle": 0.588162689851149,
            "brake": 0.0,
            "steer": 0.0
        },
        {
            "throttle": 0.5841966700781072,
            "brake": 0.0,
            "steer": 0.0
        },
        {
            "throttle": 0.5802223596242354,
            "brake": 0.0,
            "steer": 0.0
        },
        {
            "throttle": 0.576281265632955,
            "brake": 0.0,
            "steer": 0.0
        },
        {
            "throttle": 0.5724146504107872,
            "brake": 0.0,
            "steer": 0.0
        },
        {
            "throttle": 0.5686630777878054,
            "brake": 0.0,
            "steer": 0.0
        },
        {
            "throttle": 0.5650659680824279,
            "brake": 0.0,
            "steer": 0.0
        },
        {
            "throttle": 0.5616611663317763,
            "brake": 0.0,
            "steer": 0.0
        },
        {
            "throttle": 0.5584845283177046,
            "brake": 0.0,
            "steer": 0.0
        },
        {
            "throttle": 0.5555695287377814,
            "brake": 0.0,
            "steer": 0.0
        },
        {
            "throttle": 0.5529468956420498,
            "brake": 0.0,
            "steer": 0.0
        },
        {
            "throttle": 0.5506442749828255,
            "brake": 0.0,
            "steer": 0.0
        },
        {
            "throttle": 0.5486859288091727,
            "brake": 0.0,
            "steer": 0.0
        },
        {
            "throttle": 0.547092470283459,
            "brake": 0.0,
            "steer": 0.0
        },
        {
            "throttle": 0.5458806383084307,
            "brake": 0.0,
            "steer": 0.0
        },
        {
            "throttle": 0.5450631141337844,
            "brake": 0.0,
            "steer": 0.0
        },
        {
            "throttle": 0.5446483818658179,
            "brake": 0.0,
            "steer": 0.0
        },
        {
            "throttle": 0.5446406343372331,
            "brake": 0.0,
            "steer": 0.0
        },
        {
            "throttle": 0.5450397253116014,
            "brake": 0.0,
            "steer": 0.0
        },
        {
            "throttle": 0.5458411685035996,
            "brake": 0.0,
            "steer": 0.0
        },
        {
            "throttle": 0.547036183397212,
            "brake": 0.0,
            "steer": 0.0
        },
        {
            "throttle": 0.5486117873450582,
            "brake": 0.0,
            "steer": 0.0
        },
        {
            "throttle": 0.5505509329382325,
            "brake": 0.0,
            "steer": 0.0
        },
        {
            "throttle": 0.5528326891528451,
            "brake": 0.0,
            "steer": 0.0
        },
        {
            "throttle": 0.5554324643120557,
            "brake": 0.0,
            "steer": 0.0
        },
        {
            "throttle": 0.558322268455812,
            "brake": 0.0,
            "steer": 0.0
        },
        {
            "throttle": 0.5614710122895646,
            "brake": 0.0,
            "steer": 0.0
        },
        {
            "throttle": 0.5648448394924596,
            "brake": 0.0,
            "steer": 0.0
        },
        {
            "throttle": 0.5684074888091096,
            "brake": 0.0,
            "steer": 0.0
        },
        {
            "throttle": 0.5721206820308657,
            "brake": 0.0,
            "steer": 0.0
        },
        {
            "throttle": 0.5759445336959617,
            "brake": 0.0,
            "steer": 0.0
        },
        {
            "throttle": 0.5798379781059784,
            "brake": 0.0,
            "steer": 0.0
        },
        {
            "throttle": 0.5837592090712603,
            "brake": 0.0,
            "steer": 0.0
        },
        {
            "throttle": 0.5876661276622088,
            "brake": 0.0,
            "steer": 0.0
        },
        {
            "throttle": 0.5915167931582419,
            "brake": 0.0,
            "steer": 0.0
        },
        {
            "throttle": 0.5952698723525636,
            "brake": 0.0,
            "steer": 0.0
        },
        {
            "throttle": 0.5988850823891045,
            "brake": 0.0,
            "steer": 0.0
        },
        {
            "throttle": 0.6023236223778788,
            "brake": 0.0,
            "steer": 0.0
        },
        {
            "throttle": 0.6055485891558171,
            "brake": 0.0,
            "steer": 0.0
        },
        {
            "throttle": 0.6085253727305862,
            "brake": 0.0,
            "steer": 0.0
        },
        {
            "throttle": 0.6112220271631705,
            "brake": 0.0,
            "steer": 0.0
        },
        {
            "throttle": 0.6136096129087318,
            "brake": 0.0,
            "steer": 0.0
        },
        {
            "throttle": 0.6156625069416569,
            "brake": 0.0,
            "steer": 0.0
        },
        {
            "throttle": 0.6173586773364699,
            "brake": 0.0,
            "steer": 0.0
        },
        {
            "throttle": 0.6186799193577145,
            "brake": 0.0,
            "steer": 0.0
        },
        {
            "throttle": 0.6196120505249193,
            "brake": 0.0,
            "steer": 0.0
        },
        {
            "throttle": 0.6201450625589195,
            "brake": 0.0,
            "steer": 0.0
        },
        {
            "throttle": 0.6202732285783988,
            "brake": 0.0,
            "steer": 0.0
        },
        {
            "throttle": 0.6199951643955824,
            "brake": 0.0,
            "steer": 0.0
        },
        {
            "throttle": 0.6193138432524063,
            "brake": 0.0,
            "steer": 0.0
        },
        {
            "throttle": 0.6182365638379301,
            "brake": 0.0,
            "steer": 0.0
        },
        {
            "throttle": 0.6167748719288978,
            "brake": 0.0,
            "steer": 0.0
        },
        {
            "throttle": 0.6149444364928098,
            "brake": 0.0,
            "steer": 0.0
        },
        {
            "throttle": 0.6127648815813164,
            "brake": 0.0,
            "steer": 0.0
        },
        {
            "throttle": 0.6102595758159374,
            "brake": 0.0,
            "steer": 0.0
        },
        {
            "throttle": 0.6074553817229796,
            "brake": 0.0,
            "steer": 0.0
        },
        {
            "throttle": 0.604382367605173,
            "brake": 0.0,
            "steer": 0.0
        },
        {
            "throttle": 0.6010734850393731,
            "brake": 0.0,
            "steer": 0.0
        },
        {
            "throttle": 0.5975642154583609,
            "brake": 0.0,
            "steer": 0.0
        },
        {
            "throttle": 0.5938921896063751,
            "brake": 0.0,
            "steer": 0.0
        },
        {
            "throttle": 0.5900967839489555,
            "brake": 0.0,
            "steer": 0.0
        },
        {
            "throttle": 0.5862186983648681,
            "brake": 0.0,
            "steer": 0.0
        },
        {
            "throttle": 0.5822995196486511,
            "brake": 0.0,
            "steer": 0.0
        },
        {
            "throttle": 0.578381275504524,
            "brake": 0.0,
            "steer": 0.0
        },
        {
            "throttle": 0.5745059838144032,
            "brake": 0.0,
            "steer": 0.0
        },
        {
            "throttle": 0.5707152020134767,
            "brake": 0.0,
            "steer": 0.0
        },
        {
            "throttle": 0.5670495814056626,
            "brake": 0.0,
            "steer": 0.0
        },
        {
            "throttle": 0.5635484311983208,
            "brake": 0.0,
            "steer": 0.0
        },
        {
            "throttle": 0.5602492969313767,
            "brake": 0.0,
            "steer": 0.0
        },
        {
            "throttle": 0.5571875578216702,
            "brake": 0.0,
            "steer": 0.0
        },
        {
            "throttle": 0.5543960473405045,
            "brake": 0.0,
            "steer": 0.0
        },
        {
            "throttle": 0.5519047010932342,
            "brake": 0.0,
            "steer": 0.0
        },
        {
            "throttle": 0.5497402357769517,
            "brake": 0.0,
            "steer": 0.0
        },
        {
            "throttle": 0.5479258626590587,
            "brake": 0.0,
            "steer": 0.0
        },
        {
            "throttle": 0.5464810386493146,
            "brake": 0.0,
            "steer": 0.0
        },
        {
            "throttle": 0.5454212576348074,
            "brake": 0.0,
            "steer": 0.0
        },
        {
            "throttle": 0.5447578843155145,
            "brake": 0.0,
            "steer": 0.0
        },
        {
            "throttle": 0.5444980323223515,
            "brake": 0.0,
            "steer": 0.0
        },
        {
            "throttle": 0.5446444879247203,
            "brake": 0.0,
            "steer": 0.0
        },
        {
            "throttle": 0.5451956801456695,
            "brake": 0.0,
            "steer": 0.0
        },
        {
            "throttle": 0.5461456976051038,
            "brake": 0.0,
            "steer": 0.0
        },
        {
            "throttle": 0.5474843519103683,
            "brake": 0.0,
            "steer": 0.0
        },
        {
            "throttle": 0.54919728691436,
            "brake": 0.0,
            "steer": 0.0
        },
        {
            "throttle": 0.5512661326694318,
            "brake": 0.0,
            "steer": 0.0
        },
        {
            "throttle": 0.5536687024260375,
            "brake": 0.0,
            "steer": 0.0
        },
        {
            "throttle": 0.556379230563453,
            "brake": 0.0,
            "steer": 0.0
        },
        {
            "throttle": 0.5593686489009506,
            "brake": 0.0,
            "steer": 0.0
        },
        {
            "throttle": 0.5626048984262113,
            "brake": 0.0,
            "steer": 0.0
        },
        {
            "throttle": 0.566053273097942,
            "brake": 0.0,
            "steer": 0.0
        },
        {
            "throttle": 0.5696767920357017,
            "brake": 0.0,
            "steer": 0.0
        },
        {
            "throttle": 0.5734365961055142,
            "brake": 0.0,
            "steer": 0.0
        },
        {
            "throttle": 0.5772923646482229,
            "brake": 0.0,
            "steer": 0.0
        },
        {
            "throttle": 0.5812027478815315,
            "brake": 0.0,
            "steer": 0.0
        },
        {
            "throttle": 0.5851258103385929,
            "brake": 0.0,
            "steer": 0.0
        },
        {
            "throttle": 0.5890194805876479,
            "brake": 0.0,
            "steer": 0.0
        },
        {
            "throttle": 0.5928420024098602,
            "brake": 0.0,
            "steer": 0.0
        },
        {
            "throttle": 0.5965523825968599,
            "brake": 0.0,
            "steer": 0.0
        },
        {
            "throttle": 0.6001108305657532,
            "brake": 0.0,
            "steer": 0.0
        },
        {
            "throttle": 0.6034791850771126,
            "brake": 0.0,
            "steer": 0.0
        },
        {
            "throttle": 0.6066213234797702,
            "brake": 0.0,
            "steer": 0.0
        },
        {
            "throttle": 0.6095035490936196,
            "brake": 0.0,
            "steer": 0.0
        },
        {
            "throttle": 0.6120949525760879,
            "brake": 0.0,
            "steer": 0.0
        },
        {
            "throttle": 0.6143677433969355,
            "brake": 0.0,
            "steer": 0.0
        },
        {
            "throttle": 0.6162975478666082,
            "brake": 0.0,
            "steer": 0.0
        },
        {
            "throttle": 0.6178636705220504,
            "brake": 0.0,
            "steer": 0.0
        },
        {
            "throttle": 0.6190493160668415,
            "brake": 0.0,
            "steer": 0.0
        },
        {
            "throttle": 0.6198417694855455,
            "brake": 0.0,
            "steer": 0.0
        },
        {
            "throttle": 0.6202325324007015,
            "brake": 0.0,
            "steer": 0.0
        },
        {
            "throttle": 0.6202174142101483,
            "brake": 0.0,
            "steer": 0.0
        },
        {
            "throttle": 0.6197965770273102,
            "brake": 0.0,
            "steer": 0.0
        },
        {
            "throttle": 0.6189745339425,
            "brake": 0.0,
            "steer": 0.0
        },
        {
            "throttle": 0.6177601006238831,
            "brake": 0.0,
            "steer": 0.0
        },
        {
            "throttle": 0.6161663007771356,
            "brake": 0.0,
            "steer": 0.0
        },
        {
            "throttle": 0.6142102264776583,
            "brake": 0.0,
            "steer": 0.0
        },
        {
            "throttle": 0.6119128548731559,
            "brake": 0.0,
            "steer": 0.0
        },
        {
            "throttle": 0.6092988232222835,
            "brake": 0.0,
            "steer": 0.0
        },
        {
            "throttle": 0.6063961646818686,
            "brake": 0.0,
            "steer": 0.0
        },
        {
            "throttle": 0.6032360076761558,
            "brake": 0.0,
            "steer": 0.0
        },
        {
            "throttle": 0.599852242072069,
            "brake": 0.0,
            "steer": 0.0
        },
        {
            "throttle": 0.5962811557404651,
            "brake": 0.0,
            "steer": 0.0
        },
        {
            "throttle": 0.5925610454009356,
            "brake": 0.0,
            "steer": 0.0
        },
        {
            "throttle": 0.588731805923497,
            "brake": 0.0,
            "steer": 0.0
        },
        {
            "throttle": 0.5848345024915474,
            "brake": 0.0,
            "steer": 0.0
        },
        {
            "throttle": 0.5809109302142553,
            "brake": 0.0,
            "steer": 0.0
        },
        {
            "throttle": 0.5770031659111496,
            "brake": 0.0,
            "steer": 0.0
        },
        {
            "throttle": 0.573153116875621,
            "brake": 0.0,
            "steer": 0.0
        },
        {
            "throttle": 0.5694020714564424,
            "brake": 0.0,
            "steer": 0.0
        },
        {
            "throttle": 0.5657902562769248,
            "brake": 0.0,
            "steer": 0.0
        },
        {
            "throttle": 0.5623564048401359,
            "brake": 0.0,
            "steer": 0.0
        },
        {
            "throttle": 0.5591373421465093,
            "brake": 0.0,
            "steer": 0.0
        },
        {
            "throttle": 0.5561675897784474,
            "brake": 0.0,
            "steer": 0.0
        },
        {
            "throttle": 0.5534789956870377,
            "brake": 0.0,
            "steer": 0.0
        },
        {
            "throttle": 0.551100392651088,
            "brake": 0.0,
            "steer": 0.0
        },
        {
            "throttle": 0.5490572890712039,
            "brake": 0.0,
            "steer": 0.0
        },
        {
            "throttle": 0.5473715954148674,
            "brake": 0.0,
            "steer": 0.0
        },
        {
            "throttle": 0.5460613892461496,
            "brake": 0.0,
            "steer": 0.0
        },
        {
            "throttle": 0.5451407213599039,
            "brake": 0.0,
            "steer": 0.0
        },
        {
            "throttle": 0.5446194650994792,
            "brake": 0.0,
            "steer": 0.0
        },
        {
            "throttle": 0.5445032104738853,
            "brake": 0.0,
            "steer": 0.0
        },
        {
            "throttle": 0.5447932042099097,
            "brake": 0.0,
            "steer": 0.0
        },
        {
            "throttle": 0.5454863363820752,
            "brake": 0.0,
            "steer": 0.0
        },
        {
            "throttle": 0.5465751737638171,
            "brake": 0.0,
            "steer": 0.0
        },
        {
            "throttle": 0.5480480395422209,
            "brake": 0.0,
            "steer": 0.0
        },
        {
            "throttle": 0.5498891385414486,
            "brake": 0.0,
            "steer": 0.0
        },
        {
            "throttle": 0.5520787266119462,
            "brake": 0.0,
            "steer": 0.0
        },
        {
            "throttle": 0.5545933223688807,
            "brake": 0.0,
            "steer": 0.0
        },
        {
            "throttle": 0.5574059590091027,
            "brake": 0.0,
            "steer": 0.0
        },
        {
            "throttle": 0.5604864735061206,
            "brake": 0.0,
            "steer": 0.0
        },
        {
            "throttle": 0.5638018300817271,
            "brake": 0.0,
            "steer": 0.0
        },
        {
            "throttle": 0.5673164744853334,
            "brake": 0.0,
            "steer": 0.0
        },
        {
            "throttle": 0.5709927152816796,
            "brake": 0.0,
            "steer": 0.0
        },
        {
            "throttle": 0.57479112805795,
            "brake": 0.0,
            "steer": 0.0
        },
        {
            "throttle": 0.5786709782155316,
            "brake": 0.0,
            "steer": 0.0
        },
        {
            "throttle": 0.58259065781235,
            "brake": 0.0,
            "steer": 0.0
        },
        {
            "throttle": 0.5865081317710376,
            "brake": 0.0,
            "steer": 0.0
        },
        {
            "throttle": 0.5903813886677474,
            "brake": 0.0,
            "steer": 0.0
        },
        {
            "throttle": 0.5941688912673047,
            "brake": 0.0,
            "steer": 0.0
        },
        {
            "throttle": 0.5978300219731068,
            "brake": 0.0,
            "steer": 0.0
        },
        {
            "throttle": 0.6013255184147173,
            "brake": 0.0,
            "steer": 0.0
        },
        {
            "throttle": 0.6046178945018652,
            "brake": 0.0,
            "steer": 0.0
        },
        {
            "throttle": 0.6076718424294194,
            "brake": 0.0,
            "steer": 0.0
        },
        {
            "throttle": 0.6104546113221926,
            "brake": 0.0,
            "steer": 0.0
        },
        {
            "throttle": 0.6129363584589457,
            "brake": 0.0,
            "steer": 0.0
        },
        {
            "throttle": 0.6150904693090284,
            "brake": 0.0,
            "steer": 0.0
        }
    ],
    "parameters": {
        "fog_density": 25.339418399545607,
        "precipitation": 36.16501104553789,
        "precipitation_deposits": 54.86357457079847,
        "wind_intensity": 48.30863571321322,
        "sun_altitude_angle": -1.439438654371088,
        "cloudiness": 58.07571387855358,
        "lead_base_throttle": 0.5823849867350013,
        "lead_behavior_frequency": 0.16489026752978125,
        "lead_throttle_variation": 0.05311743985618427,
        "lead_brake_probability": 0.01448206027683867,
        "lead_brake_intensity": 0.5620930799639798,
        "lead_brake_duration": 16.668864035889662,
        "initial_distance": 68.66898553300294,
        "initial_ego_velocity": 10.787009651552765,
        "initial_lead_velocity": 20.901451424325096
    },
    "config": {
        "num_timesteps": 200,
        "dt": 0.1,
        "seed": 222
    }
}