{
    "weather": {
        "cloudiness": 20.80343338962506,
        "precipitation": 4.122758572640761,
        "precipitation_deposits": 79.9738961954606,
        "wind_intensity": 12.597107709156502,
        "sun_altitude_angle": -4.973886870870775,
        "fog_density": 55.04289495672599,
        "fog_distance": 159.6513082727948,
        "wetness": 2.0613792863203804
    },
    "initial_conditions": {
        "ego": {
            "position": {
                "x": 561.6318671813988,
                "y": 20.57,
                "z": 0.294
            },
            "yaw": 0.0,
            "velocity": 14.33522210978966
        },
        "lead": {
            "position": {
                "x": 484.88,
                "y": 20.57,
                "z": 0.294
            },
            "yaw": 0.0,
            "velocity": 6.1520799278729665
        }
    },
    "ego": {
        "position": {
            "x": 561.6318671813988,
            "y": 20.57,
            "z": 0.294
        },
        "yaw": 0.0,
        "velocity": 14.33522210978966
    },
    "lead": {
        "position": {
            "x": 484.88,
            "y": 20.57,
            "z": 0.294
        },
        "yaw": 0.0,
        "velocity": 6.1520799278729665
    },
    "ado_actions": [
        {
            "throttle": 0.43052318595618766,
            "brake": 0.0,
            "steer": 0.0
        },
        {
            "throttle": 0.4305734026891105,
            "brake": 0.0,
            "steer": 0.0
        },
        {
            "throttle": 0.4306687028428858,
            "brake": 0.0,
            "steer": 0.0
        },
        {
            "throttle": 0.4308043550460608,
            "brake": 0.0,
            "steer": 0.0
        },
        {
            "throttle": 0.43097599016956384,
            "brake": 0.0,
            "steer": 0.0
        },
        {
            "throttle": 0.43117956584482586,
            "brake": 0.0,
            "steer": 0.0
        },
        {
            "throttle": 0.4314113347749742,
            "brake": 0.0,
            "steer": 0.0
        },
        {
            "throttle": 0.431667816457596,
            "brake": 0.0,
            "steer": 0.0
        },
        {
            "throttle": 0.4319457719751807,
            "brake": 0.0,
            "steer": 0.0
        },
        {
            "throttle": 0.43224218154320493,
            "brake": 0.0,
            "steer": 0.0
        },
        {
            "throttle": 0.43255422453630277,
            "brake": 0.0,
            "steer": 0.0
        },
        {
            "throttle": 0.43287926174040026,
            "brake": 0.0,
            "steer": 0.0
        },
        {
            "throttle": 0.4332148196033983,
            "brake": 0.0,
            "steer": 0.0
        },
        {
            "throttle": 0.43355857627923167,
            "brake": 0.0,
            "steer": 0.0
        },
        {
            "throttle": 0.4339083492801632,
            "brake": 0.0,
            "steer": 0.0
        },
        {
            "throttle": 0.43426208457021487,
            "brake": 0.0,
            "steer": 0.0
        },
        {
            "throttle": 0.4346178469488865,
            "brake": 0.0,
            "steer": 0.0
        },
        {
            "throttle": 0.43497381158895587,
            "brake": 0.0,
            "steer": 0.0
        },
        {
            "throttle": 0.4353282566053454,
            "brake": 0.0,
            "steer": 0.0
        },
        {
            "throttle": 0.4356795565439322,
            "brake": 0.0,
            "steer": 0.0
        },
        {
            "throttle": 0.4360261766898964,
            "brake": 0.0,
            "steer": 0.0
        },
        {
            "throttle": 0.4363666681048698,
            "brake": 0.0,
            "steer": 0.0
        },
        {
            "throttle": 0.4366996633108652,
            "brake": 0.0,
            "steer": 0.0
        },
        {
            "throttle": 0.4370238725468337,
            "brake": 0.0,
            "steer": 0.0
        },
        {
            "throttle": 0.4373380805308011,
            "brake": 0.0,
            "steer": 0.0
        },
        {
            "throttle": 0.4376411436669436,
            "brake": 0.0,
            "steer": 0.0
        },
        {
            "throttle": 0.4379319876427634,
            "brake": 0.0,
            "steer": 0.0
        },
        {
            "throttle": 0.43820960536675624,
            "brake": 0.0,
            "steer": 0.0
        },
        {
            "throttle": 0.4384730552017057,
            "brake": 0.0,
            "steer": 0.0
        },
        {
            "throttle": 0.43872145945302476,
            "brake": 0.0,
            "steer": 0.0
        },
        {
            "throttle": 0.43895400307544835,
            "brake": 0.0,
            "steer": 0.0
        },
        {
            "throttle": 0.4391699325649026,
            "brake": 0.0,
            "steer": 0.0
        },
        {
            "throttle": 0.4393685550055684,
            "brake": 0.0,
            "steer": 0.0
        },
        {
            "throttle": 0.4395492372450564,
            "brake": 0.0,
            "steer": 0.0
        },
        {
            "throttle": 0.4397114051732479,
            "brake": 0.0,
            "steer": 0.0
        },
        {
            "throttle": 0.4398545430827503,
            "brake": 0.0,
            "steer": 0.0
        },
        {
            "throttle": 0.4399781930911022,
            "brake": 0.0,
            "steer": 0.0
        },
        {
            "throttle": 0.44008195460685473,
            "brake": 0.0,
            "steer": 0.0
        },
        {
            "throttle": 0.440165483823472,
            "brake": 0.0,
            "steer": 0.0
        },
        {
            "throttle": 0.4402284932266578,
            "brake": 0.0,
            "steer": 0.0
        },
        {
            "throttle": 0.4402707511022373,
            "brake": 0.0,
            "steer": 0.0
        },
        {
            "throttle": 0.44029208103311746,
            "brake": 0.0,
            "steer": 0.0
        },
        {
            "throttle": 0.4402923613751317,
            "brake": 0.0,
            "steer": 0.0
        },
        {
            "throttle": 0.4402715247027523,
            "brake": 0.0,
            "steer": 0.0
        },
        {
            "throttle": 0.4402295572167386,
            "brake": 0.0,
            "steer": 0.0
        },
        {
            "throttle": 0.4401664981067923,
            "brake": 0.0,
            "steer": 0.0
        },
        {
            "throttle": 0.4400824388632125,
            "brake": 0.0,
            "steer": 0.0
        },
        {
            "throttle": 0.4399775225324013,
            "brake": 0.0,
            "steer": 0.0
        },
        {
            "throttle": 0.43985194291186336,
            "brake": 0.0,
            "steer": 0.0
        },
        {
            "throttle": 0.43970594368107724,
            "brake": 0.0,
            "steer": 0.0
        },
        {
            "throttle": 0.439539817465301,
            "brake": 0.0,
            "steer": 0.0
        },
        {
            "throttle": 0.4393539048300112,
            "brake": 0.0,
            "steer": 0.0
        },
        {
            "throttle": 0.43914859320426486,
            "brake": 0.0,
            "steer": 0.0
        },
        {
            "throttle": 0.43892431573182905,
            "brake": 0.0,
            "steer": 0.0
        },
        {
            "throttle": 0.4386815500494363,
            "brake": 0.0,
            "steer": 0.0
        },
        {
            "throttle": 0.43842081699200663,
            "brake": 0.0,
            "steer": 0.0
        },
        {
            "throttle": 0.43814267922512623,
            "brake": 0.0,
            "steer": 0.0
        },
        {
            "throttle": 0.3943284113026136,
            "brake": 0.05845321849401683,
            "steer": 0.0
        },
        {
            "throttle": 0.35489557017235224,
            "brake": 0.11106111513863198,
            "steer": 0.0
        },
        {
            "throttle": 0.319406013155117,
            "brake": 0.15840822211878564,
            "steer": 0.0
        },
        {
            "throttle": 0.28746541183960533,
            "brake": 0.20102061840092392,
            "steer": 0.0
        },
        {
            "throttle": 0.2587188706556448,
            "brake": 0.23937177505484836,
            "steer": 0.0
        },
        {
            "throttle": 0.23284698359008033,
            "brake": 0.27388781604338036,
            "steer": 0.0
        },
        {
            "throttle": 0.2095622852310723,
            "brake": 0.30495225293305916,
            "steer": 0.0
        },
        {
            "throttle": 0.18860605670796507,
            "brake": 0.33291024613377007,
            "steer": 0.0
        },
        {
            "throttle": 0.16974545103716857,
            "brake": 0.35807244001440985,
            "steer": 0.0
        },
        {
            "throttle": 0.1958545331389156,
            "brake": 0.3222651960129689,
            "steer": 0.0
        },
        {
            "throttle": 0.21930247718629614,
            "brake": 0.290038676411672,
            "steer": 0.0
        },
        {
            "throttle": 0.24035543904928108,
            "brake": 0.26103480877050483,
            "steer": 0.0
        },
        {
            "throttle": 0.2592530705852551,
            "brake": 0.23493132789345436,
            "steer": 0.0
        },
        {
            "throttle": 0.2762111696987146,
            "brake": 0.21143819510410894,
            "steer": 0.0
        },
        {
            "throttle": 0.29142406514770963,
            "brake": 0.19029437559369805,
            "steer": 0.0
        },
        {
            "throttle": 0.30506676262366483,
            "brake": 0.17126493803432824,
            "steer": 0.0
        },
        {
            "throttle": 0.31729687597909695,
            "brake": 0.15413844423089543,
            "steer": 0.0
        },
        {
            "throttle": 0.32825636509083833,
            "brake": 0.13872459980780588,
            "steer": 0.0
        },
        {
            "throttle": 0.33807309969815175,
            "brake": 0.1248521398270253,
            "steer": 0.0
        },
        {
            "throttle": 0.346862266621714,
            "brake": 0.11236692584432277,
            "steer": 0.0
        },
        {
            "throttle": 0.3547276360293718,
            "brake": 0.1011302332598905,
            "steer": 0.0
        },
        {
            "throttle": 0.3617627008484971,
            "brake": 0.09101720993390144,
            "steer": 0.0
        },
        {
            "throttle": 0.3680517020152897,
            "brake": 0.0819154889405113,
            "steer": 0.0
        },
        {
            "throttle": 0.37367055098283525,
            "brake": 0.07372394004646017,
            "steer": 0.0
        },
        {
            "throttle": 0.378687659768025,
            "brake": 0.06635154604181416,
            "steer": 0.0
        },
        {
            "throttle": 0.3831646877899012,
            "brake": 0.05971639143763274,
            "steer": 0.0
        },
        {
            "throttle": 0.3871572138271899,
            "brake": 0.05374475229386947,
            "steer": 0.0
        },
        {
            "throttle": 0.39071534059044233,
            "brake": 0.04837027706448253,
            "steer": 0.0
        },
        {
            "throttle": 0.3938842386550886,
            "brake": 0.04353324935803427,
            "steer": 0.0
        },
        {
            "throttle": 0.3967046358274786,
            "brake": 0.039179924422230845,
            "steer": 0.0
        },
        {
            "throttle": 0.39921325740916525,
            "brake": 0.03526193198000776,
            "steer": 0.0
        },
        {
            "throttle": 0.40144322227852647,
            "brake": 0.031735738782006986,
            "steer": 0.0
        },
        {
            "throttle": 0.40342439921726014,
            "brake": 0.028562164903806288,
            "steer": 0.0
        },
        {
            "throttle": 0.405183727466859,
            "brake": 0.02570594841342566,
            "steer": 0.0
        },
        {
            "throttle": 0.4067455051019678,
            "brake": 0.023135353572083097,
            "steer": 0.0
        },
        {
            "throttle": 0.40813164844911815,
            "brake": 0.020821818214874787,
            "steer": 0.0
        },
        {
            "throttle": 0.40936192545674704,
            "brake": 0.01873963639338731,
            "steer": 0.0
        },
        {
            "throttle": 0.4104541656320527,
            "brake": 0.01686567275404858,
            "steer": 0.0
        },
        {
            "throttle": 0.41142444889889945,
            "brake": 0.015179105478643722,
            "steer": 0.0
        },
        {
            "throttle": 0.41228727549575167,
            "brake": 0.01366119493077935,
            "steer": 0.0
        },
        {
            "throttle": 0.41305571882088415,
            "brake": 0.012295075437701414,
            "steer": 0.0
        },
        {
            "throttle": 0.41374156294153097,
            "brake": 0.011065567893931273,
            "steer": 0.0
        },
        {
            "throttle": 0.41435542631208305,
            "brake": 0.009959011104538146,
            "steer": 0.0
        },
        {
            "throttle": 0.41490687309202384,
            "brake": 0.00896310999408433,
            "steer": 0.0
        },
        {
            "throttle": 0.4154045133152854,
            "brake": 0.008066798994675897,
            "steer": 0.0
        },
        {
            "throttle": 0.4158560930375767,
            "brake": 0.007260119095208308,
            "steer": 0.0
        },
        {
            "throttle": 0.41626857547559315,
            "brake": 0.0065341071856874775,
            "steer": 0.0
        },
        {
            "throttle": 0.41664821405060876,
            "brake": 0.0058806964671187295,
            "steer": 0.0
        },
        {
            "throttle": 0.4170006181576632,
            "brake": 0.005292626820406857,
            "steer": 0.0
        },
        {
            "throttle": 0.417330812399368,
            "brake": 0.004763364138366172,
            "steer": 0.0
        },
        {
            "throttle": 0.4176432899493594,
            "brake": 0.004287027724529555,
            "steer": 0.0
        },
        {
            "throttle": 0.41794206064380884,
            "brake": 0.0038583249520765996,
            "steer": 0.0
        },
        {
            "throttle": 0.4182306943394125,
            "brake": 0.0034724924568689396,
            "steer": 0.0
        },
        {
            "throttle": 0.41851236002227604,
            "brake": 0.0031252432111820456,
            "steer": 0.0
        },
        {
            "throttle": 0.41878986110347255,
            "brake": 0.0028127188900638413,
            "steer": 0.0
        },
        {
            "throttle": 0.4190656672932595,
            "brake": 0.002531447001057457,
            "steer": 0.0
        },
        {
            "throttle": 0.4193419434064998,
            "brake": 0.0022783023009517113,
            "steer": 0.0
        },
        {
            "throttle": 0.4196205754163148,
            "brake": 0.00205047207085654,
            "steer": 0.0
        },
        {
            "throttle": 0.41990319404100784,
            "brake": 0.001845424863770886,
            "steer": 0.0
        },
        {
            "throttle": 0.4201911961204836,
            "brake": 0.0016608823773937974,
            "steer": 0.0
        },
        {
            "throttle": 0.42048576401243887,
            "brake": 0.0014947941396544178,
            "steer": 0.0
        },
        {
            "throttle": 0.4207878832152211,
            "brake": 0.0013453147256889762,
            "steer": 0.0
        },
        {
            "throttle": 0.42109835840319204,
            "brake": 0.0012107832531200785,
            "steer": 0.0
        },
        {
            "throttle": 0.42141782804146216,
            "brake": 0.0010897049278080708,
            "steer": 0.0
        },
        {
            "throttle": 0.42174677772976704,
            "brake": 0.0009807344350272638,
            "steer": 0.0
        },
        {
            "throttle": 0.4220855524098582,
            "brake": 0.0008826609915245375,
            "steer": 0.0
        },
        {
            "throttle": 0.4224343675569008,
            "brake": 0.0007943948923720837,
            "steer": 0.0
        },
        {
            "throttle": 0.422793319462869,
            "brake": 0.0007149554031348754,
            "steer": 0.0
        },
        {
            "throttle": 0.4231623947086593,
            "brake": 0.0006434598628213879,
            "steer": 0.0
        },
        {
            "throttle": 0.4235414789114881,
            "brake": 0.0005791138765392491,
            "steer": 0.0
        },
        {
            "throttle": 0.4239303648249897,
            "brake": 0.0005212024888853242,
            "steer": 0.0
        },
        {
            "throttle": 0.42432875986118146,
            "brake": 0.00046908223999679176,
            "steer": 0.0
        },
        {
            "throttle": 0.4247362930960329,
            "brake": 0.0004221740159971126,
            "steer": 0.0
        },
        {
            "throttle": 0.42515252181367585,
            "brake": 0.0003799566143974013,
            "steer": 0.0
        },
        {
            "throttle": 0.42557693763825866,
            "brake": 0.00034196095295766117,
            "steer": 0.0
        },
        {
            "throttle": 0.42600897229700807,
            "brake": 0.00030776485766189504,
            "steer": 0.0
        },
        {
            "throttle": 0.4264480030531628,
            "brake": 0.00027698837189570557,
            "steer": 0.0
        },
        {
            "throttle": 0.42689335784303034,
            "brake": 0.00024928953470613503,
            "steer": 0.0
        },
        {
            "throttle": 0.42734432014744106,
            "brake": 0.00022436058123552155,
            "steer": 0.0
        },
        {
            "throttle": 0.4278001336242973,
            "brake": 0.0002019245231119694,
            "steer": 0.0
        },
        {
            "throttle": 0.4282600065256913,
            "brake": 0.00018173207080077246,
            "steer": 0.0
        },
        {
            "throttle": 0.4287231159201685,
            "brake": 0.0001635588637206952,
            "steer": 0.0
        },
        {
            "throttle": 0.4291886117381073,
            "brake": 0.0001472029773486257,
            "steer": 0.0
        },
        {
            "throttle": 0.42965562065584073,
            "brake": 0.00013248267961376314,
            "steer": 0.0
        },
        {
            "throttle": 0.43012324983204625,
            "brake": 0.00011923441165238684,
            "steer": 0.0
        },
        {
            "throttle": 0.43059059050803816,
            "brake": 0.00010731097048714815,
            "steer": 0.0
        },
        {
            "throttle": 0.4310567214819091,
            "brake": 9.657987343843334e-05,
            "steer": 0.0
        },
        {
            "throttle": 0.43152071246494944,
            "brake": 8.692188609459001e-05,
            "steer": 0.0
        },
        {
            "throttle": 0.43198162732742235,
            "brake": 7.822969748513101e-05,
            "steer": 0.0
        },
        {
            "throttle": 0.4324385272395628,
            "brake": 7.040672773661792e-05,
            "steer": 0.0
        },
        {
            "throttle": 0.43289047371259365,
            "brake": 6.336605496295613e-05,
            "steer": 0.0
        },
        {
            "throttle": 0.4333365315435974,
            "brake": 5.702944946666052e-05,
            "steer": 0.0
        },
        {
            "throttle": 0.4337757716672346,
            "brake": 5.132650451999447e-05,
            "steer": 0.0
        },
        {
            "throttle": 0.4342072739165541,
            "brake": 4.619385406799503e-05,
            "steer": 0.0
        },
        {
            "throttle": 0.434630129694485,
            "brake": 4.1574468661195524e-05,
            "steer": 0.0
        },
        {
            "throttle": 0.43504344455702276,
            "brake": 3.7417021795075975e-05,
            "steer": 0.0
        },
        {
            "throttle": 0.43544634070862687,
            "brake": 3.367531961556838e-05,
            "steer": 0.0
        },
        {
            "throttle": 0.43583795940991416,
            "brake": 3.0307787654011543e-05,
            "steer": 0.0
        },
        {
            "throttle": 0.43621746329736416,
            "brake": 2.7277008888610388e-05,
            "steer": 0.0
        },
        {
            "throttle": 0.43658403861444256,
            "brake": 2.454930799974935e-05,
            "steer": 0.0
        },
        {
            "throttle": 0.43693689735328783,
            "brake": 2.2094377199774415e-05,
            "steer": 0.0
        },
        {
            "throttle": 0.437275279305896,
            "brake": 1.9884939479796975e-05,
            "steer": 0.0
        },
        {
            "throttle": 0.4375984540235689,
            "brake": 1.7896445531817276e-05,
            "steer": 0.0
        },
        {
            "throttle": 0.4379057226832634,
            "brake": 1.6106800978635548e-05,
            "steer": 0.0
        },
        {
            "throttle": 0.4381964198593865,
            "brake": 1.4496120880771994e-05,
            "steer": 0.0
        },
        {
            "throttle": 0.43846991519952166,
            "brake": 1.3046508792694794e-05,
            "steer": 0.0
        },
        {
            "throttle": 0.43872561500254337,
            "brake": 1.1741857913425315e-05,
            "steer": 0.0
        },
        {
            "throttle": 0.43896296369757537,
            "brake": 1.0567672122082783e-05,
            "steer": 0.0
        },
        {
            "throttle": 0.4391814452222724,
            "brake": 9.510904909874505e-06,
            "steer": 0.0
        },
        {
            "throttle": 0.4393805842989519,
            "brake": 8.559814418887055e-06,
            "steer": 0.0
        },
        {
            "throttle": 0.4395599476071701,
            "brake": 7.703832976998349e-06,
            "steer": 0.0
        },
        {
            "throttle": 0.43971914485142505,
            "brake": 6.933449679298514e-06,
            "steer": 0.0
        },
        {
            "throttle": 0.43985782972277165,
            "brake": 6.240104711368662e-06,
            "steer": 0.0
        },
        {
            "throttle": 0.43997570075325537,
            "brake": 5.616094240231796e-06,
            "steer": 0.0
        },
        {
            "throttle": 0.440072502062204,
            "brake": 5.054484816208617e-06,
            "steer": 0.0
        },
        {
            "throttle": 0.44014802399356373,
            "brake": 4.549036334587755e-06,
            "steer": 0.0
        },
        {
            "throttle": 0.44020210364362405,
            "brake": 4.09413270112898e-06,
            "steer": 0.0
        },
        {
            "throttle": 0.4402346252786424,
            "brake": 3.6847194310160817e-06,
            "steer": 0.0
        },
        {
            "throttle": 0.4402455206420567,
            "brake": 3.3162474879144734e-06,
            "steer": 0.0
        },
        {
            "throttle": 0.4402347691511576,
            "brake": 2.9846227391230262e-06,
            "steer": 0.0
        },
        {
            "throttle": 0.44020239798328237,
            "brake": 2.686160465210724e-06,
            "steer": 0.0
        },
        {
            "throttle": 0.4401484820517876,
            "brake": 2.4175444186896514e-06,
            "steer": 0.0
        },
        {
            "throttle": 0.4400731438722595,
            "brake": 2.1757899768206865e-06,
            "steer": 0.0
        },
        {
            "throttle": 0.439976553319622,
            "brake": 1.958210979138618e-06,
            "steer": 0.0
        },
        {
            "throttle": 0.4398589272770109,
            "brake": 1.7623898812247563e-06,
            "steer": 0.0
        },
        {
            "throttle": 0.4397205291774896,
            "brake": 1.5861508931022807e-06,
            "steer": 0.0
        },
        {
            "throttle": 0.4395616684398895,
            "brake": 1.4275358037920527e-06,
            "steer": 0.0
        },
        {
            "throttle": 0.43938269980026934,
            "brake": 1.2847822234128474e-06,
            "steer": 0.0
        },
        {
            "throttle": 0.4391840225406938,
            "brake": 1.1563040010715627e-06,
            "steer": 0.0
        },
        {
            "throttle": 0.4389660796172393,
            "brake": 1.0406736009644065e-06,
            "steer": 0.0
        },
        {
            "throttle": 0.4387293566893405,
            "brake": 9.366062408679659e-07,
            "steer": 0.0
        },
        {
            "throttle": 0.4384743810527904,
            "brake": 8.429456167811694e-07,
            "steer": 0.0
        },
        {
            "throttle": 0.4382017204789092,
            "brake": 7.586510551030524e-07,
            "steer": 0.0
        },
        {
            "throttle": 0.4379119819625876,
            "brake": 6.827859495927472e-07,
            "steer": 0.0
        },
        {
            "throttle": 0.4376058103821032,
            "brake": 6.145073546334725e-07,
            "steer": 0.0
        },
        {
            "throttle": 0.4372838870737918,
            "brake": 5.530566191701253e-07,
            "steer": 0.0
        },
        {
            "throttle": 0.43694692832483467,
            "brake": 4.977509572531128e-07,
            "steer": 0.0
        },
        {
            "throttle": 0.4365956837875963,
            "brake": 4.4797586152780157e-07,
            "steer": 0.0
        },
        {
            "throttle": 0.4362309348191119,
            "brake": 4.0317827537502143e-07,
            "steer": 0.0
        },
        {
            "throttle": 0.43585349274948454,
            "brake": 3.6286044783751927e-07,
            "steer": 0.0
        },
        {
            "throttle": 0.43546419708310147,
            "brake": 3.2657440305376735e-07,
            "steer": 0.0
        },
        {
            "throttle": 0.43506391363672353,
            "brake": 2.9391696274839063e-07,
            "steer": 0.0
        },
        {
            "throttle": 0.4346535326186362,
            "brake": 2.645252664735516e-07,
            "steer": 0.0
        }
    ],
    "parameters": {
        "fog_density": 55.04289495672599,
        "precipitation": 4.122758572640761,
        "precipitation_deposits": 79.9738961954606,
        "wind_intensity": 12.597107709156502,
        "sun_altitude_angle": -4.973886870870775,
        "cloudiness": 20.80343338962506,
        "lead_base_throttle": 0.43052318595618766,
        "lead_behavior_frequency": 0.07504878727617502,
        "lead_throttle_variation": 0.010653341897500425,
        "lead_brake_probability": 0.0980700276081701,
        "lead_brake_intensity": 0.5845321849401682,
        "lead_brake_duration": 9.400374632109923,
        "initial_distance": 76.75186718139878,
        "initial_ego_velocity": 14.33522210978966,
        "initial_lead_velocity": 6.1520799278729665
    },
    "config": {
        "num_timesteps": 200,
        "dt": 0.1,
        "seed": 56
    }
}