{
    "weather": {
        "cloudiness": 36.10635633580171,
        "precipitation": 3.556136690355982,
        "precipitation_deposits": 41.567590443510774,
        "wind_intensity": 15.422369200446468,
        "sun_altitude_angle": 42.3161585078017,
        "fog_density": 31.598456170718762,
        "fog_distance": 348.7911805605011,
        "wetness": 1.778068345177991
    },
    "initial_conditions": {
        "ego": {
            "position": {
                "x": 549.1528211152894,
                "y": 20.57,
                "z": 0.294
            },
            "yaw": 0.0,
            "velocity": 6.083177229895235
        },
        "lead": {
            "position": {
                "x": 484.88,
                "y": 20.57,
                "z": 0.294
            },
            "yaw": 0.0,
            "velocity": 7.919955121994495
        }
    },
    "ego": {
        "position": {
            "x": 549.1528211152894,
            "y": 20.57,
            "z": 0.294
        },
        "yaw": 0.0,
        "velocity": 6.083177229895235
    },
    "lead": {
        "position": {
            "x": 484.88,
            "y": 20.57,
            "z": 0.294
        },
        "yaw": 0.0,
        "velocity": 7.919955121994495
    },
    "ado_actions": [
        {
            "throttle": 0.25657040156468114,
            "brake": 0.0,
            "steer": 0.0
        },
        {
            "throttle": 0.2617379386107543,
            "brake": 0.0,
            "steer": 0.0
        },
        {
            "throttle": 0.27137357328395245,
            "brake": 0.0,
            "steer": 0.0
        },
        {
            "throttle": 0.28467158280235727,
            "brake": 0.0,
            "steer": 0.0
        },
        {
            "throttle": 0.30074327785495636,
            "brake": 0.0,
            "steer": 0.0
        },
        {
            "throttle": 0.3186437692692386,
            "brake": 0.0,
            "steer": 0.0
        },
        {
            "throttle": 0.3374011865666527,
            "brake": 0.0,
            "steer": 0.0
        },
        {
            "throttle": 0.35604726894707234,
            "brake": 0.0,
            "steer": 0.0
        },
        {
            "throttle": 0.37364820537530374,
            "brake": 0.0,
            "steer": 0.0
        },
        {
            "throttle": 0.38933459582197755,
            "brake": 0.0,
            "steer": 0.0
        },
        {
            "throttle": 0.40232944054775405,
            "brake": 0.0,
            "steer": 0.0
        },
        {
            "throttle": 0.4119731374239267,
            "brake": 0.0,
            "steer": 0.0
        },
        {
            "throttle": 0.41774457610749166,
            "brake": 0.0,
            "steer": 0.0
        },
        {
            "throttle": 0.4192775586212154,
            "brake": 0.0,
            "steer": 0.0
        },
        {
            "throttle": 0.4163719435844454,
            "brake": 0.0,
            "steer": 0.0
        },
        {
            "throttle": 0.4089991000973674,
            "brake": 0.0,
            "steer": 0.0
        },
        {
            "throttle": 0.397301460451798,
            "brake": 0.0,
            "steer": 0.0
        },
        {
            "throttle": 0.381586171265057,
            "brake": 0.0,
            "steer": 0.0
        },
        {
            "throttle": 0.36231305289100113,
            "brake": 0.0,
            "steer": 0.0
        },
        {
            "throttle": 0.34007727963879636,
            "brake": 0.0,
            "steer": 0.0
        },
        {
            "throttle": 0.31558738127653674,
            "brake": 0.0,
            "steer": 0.0
        },
        {
            "throttle": 0.28963933288358884,
            "brake": 0.0,
            "steer": 0.0
        },
        {
            "throttle": 0.2630876394664164,
            "brake": 0.0,
            "steer": 0.0
        },
        {
            "throttle": 0.2368144289530283,
            "brake": 0.0,
            "steer": 0.0
        },
        {
            "throttle": 0.21313298605772546,
            "brake": 0.0,
            "steer": 0.0
        },
        {
            "throttle": 0.1918196874519529,
            "brake": 0.0,
            "steer": 0.0
        },
        {
            "throttle": 0.17263771870675762,
            "brake": 0.0,
            "steer": 0.0
        },
        {
            "throttle": 0.15537394683608186,
            "brake": 0.0,
            "steer": 0.0
        },
        {
            "throttle": 0.1421049262678713,
            "brake": 0.0,
            "steer": 0.0
        },
        {
            "throttle": 0.13332131052740712,
            "brake": 0.0,
            "steer": 0.0
        },
        {
            "throttle": 0.12928974739187024,
            "brake": 0.0,
            "steer": 0.0
        },
        {
            "throttle": 0.1301132749280017,
            "brake": 0.0,
            "steer": 0.0
        },
        {
            "throttle": 0.13572724007553402,
            "brake": 0.0,
            "steer": 0.0
        },
        {
            "throttle": 0.145901189418514,
            "brake": 0.0,
            "steer": 0.0
        },
        {
            "throttle": 0.16024666091333054,
            "brake": 0.0,
            "steer": 0.0
        },
        {
            "throttle": 0.17823059716703343,
            "brake": 0.0,
            "steer": 0.0
        },
        {
            "throttle": 0.1991939025181594,
            "brake": 0.0,
            "steer": 0.0
        },
        {
            "throttle": 0.2223744846810377,
            "brake": 0.0,
            "steer": 0.0
        },
        {
            "throttle": 0.24693396349355667,
            "brake": 0.0,
            "steer": 0.0
        },
        {
            "throttle": 0.2719870999547094,
            "brake": 0.0,
            "steer": 0.0
        },
        {
            "throttle": 0.2966329028280832,
            "brake": 0.0,
            "steer": 0.0
        },
        {
            "throttle": 0.319986311014364,
            "brake": 0.0,
            "steer": 0.0
        },
        {
            "throttle": 0.3412093297508665,
            "brake": 0.0,
            "steer": 0.0
        },
        {
            "throttle": 0.35954051819359245,
            "brake": 0.0,
            "steer": 0.0
        },
        {
            "throttle": 0.3743217843901624,
            "brake": 0.0,
            "steer": 0.0
        },
        {
            "throttle": 0.38502153899560765,
            "brake": 0.0,
            "steer": 0.0
        },
        {
            "throttle": 0.3912533879484902,
            "brake": 0.0,
            "steer": 0.0
        },
        {
            "throttle": 0.35212804915364115,
            "brake": 0.010183382647194894,
            "steer": 0.0
        },
        {
            "throttle": 0.31691524423827705,
            "brake": 0.0193484270296703,
            "steer": 0.0
        },
        {
            "throttle": 0.28522371981444933,
            "brake": 0.027596966973898164,
            "steer": 0.0
        },
        {
            "throttle": 0.2567013478330044,
            "brake": 0.035020652923703245,
            "steer": 0.0
        },
        {
            "throttle": 0.23103121304970398,
            "brake": 0.04170197027852782,
            "steer": 0.0
        },
        {
            "throttle": 0.2079280917447336,
            "brake": 0.047715155897869926,
            "steer": 0.0
        },
        {
            "throttle": 0.18713528257026024,
            "brake": 0.053127022955277825,
            "steer": 0.0
        },
        {
            "throttle": 0.16842175431323422,
            "brake": 0.05799770330694494,
            "steer": 0.0
        },
        {
            "throttle": 0.15157957888191081,
            "brake": 0.06238131562344534,
            "steer": 0.0
        },
        {
            "throttle": 0.13642162099371974,
            "brake": 0.0663265667082957,
            "steer": 0.0
        },
        {
            "throttle": 0.12277945889434777,
            "brake": 0.06987729268466103,
            "steer": 0.0
        },
        {
            "throttle": 0.110501513004913,
            "brake": 0.07307294606338983,
            "steer": 0.0
        },
        {
            "throttle": 0.0994513617044217,
            "brake": 0.07594903410424575,
            "steer": 0.0
        },
        {
            "throttle": 0.08950622553397954,
            "brake": 0.07853751334101608,
            "steer": 0.0
        },
        {
            "throttle": 0.08055560298058158,
            "brake": 0.08086714465410938,
            "steer": 0.0
        },
        {
            "throttle": 0.07250004268252343,
            "brake": 0.08296381283589334,
            "steer": 0.0
        },
        {
            "throttle": 0.06525003841427109,
            "brake": 0.0848508141994989,
            "steer": 0.0
        },
        {
            "throttle": 0.058725034572843976,
            "brake": 0.08654911542674391,
            "steer": 0.0
        },
        {
            "throttle": 0.05285253111555958,
            "brake": 0.08807758653126442,
            "steer": 0.0
        },
        {
            "throttle": 0.04756727800400362,
            "brake": 0.08945321052533288,
            "steer": 0.0
        },
        {
            "throttle": 0.04281055020360326,
            "brake": 0.09069127211999449,
            "steer": 0.0
        },
        {
            "throttle": 0.03852949518324294,
            "brake": 0.09180552755518995,
            "steer": 0.0
        },
        {
            "throttle": 0.034676545664918644,
            "brake": 0.09280835744686586,
            "steer": 0.0
        },
        {
            "throttle": 0.03120889109842678,
            "brake": 0.09371090434937418,
            "steer": 0.0
        },
        {
            "throttle": 0.0280880019885841,
            "brake": 0.09452319656163166,
            "steer": 0.0
        },
        {
            "throttle": 0.025279201789725692,
            "brake": 0.0952542595526634,
            "steer": 0.0
        },
        {
            "throttle": 0.0739285477397063,
            "brake": 0.08572883359739705,
            "steer": 0.0
        },
        {
            "throttle": 0.11923224784309805,
            "brake": 0.07715595023765735,
            "steer": 0.0
        },
        {
            "throttle": 0.16056895035185192,
            "brake": 0.06944035521389162,
            "steer": 0.0
        },
        {
            "throttle": 0.19735952203004975,
            "brake": 0.06249631969250246,
            "steer": 0.0
        },
        {
            "throttle": 0.22909732450681605,
            "brake": 0.05624668772325221,
            "steer": 0.0
        },
        {
            "throttle": 0.25537494749897627,
            "brake": 0.050622018950926995,
            "steer": 0.0
        },
        {
            "throttle": 0.27590655184038704,
            "brake": 0.0455598170558343,
            "steer": 0.0
        },
        {
            "throttle": 0.2905451206569774,
            "brake": 0.04100383535025087,
            "steer": 0.0
        },
        {
            "throttle": 0.29929408821441744,
            "brake": 0.036903451815225786,
            "steer": 0.0
        },
        {
            "throttle": 0.30231300678902556,
            "brake": 0.03321310663370321,
            "steer": 0.0
        },
        {
            "throttle": 0.2999171155376976,
            "brake": 0.029891795970332886,
            "steer": 0.0
        },
        {
            "throttle": 0.29257088449122537,
            "brake": 0.026902616373299597,
            "steer": 0.0
        },
        {
            "throttle": 0.2808758140019588,
            "brake": 0.024212354735969638,
            "steer": 0.0
        },
        {
            "throttle": 0.2655529678517686,
            "brake": 0.021791119262372673,
            "steer": 0.0
        },
        {
            "throttle": 0.247420899716398,
            "brake": 0.019612007336135405,
            "steer": 0.0
        },
        {
            "throttle": 0.2273697913193261,
            "brake": 0.017650806602521864,
            "steer": 0.0
        },
        {
            "throttle": 0.20633275073708507,
            "brake": 0.01588572594226968,
            "steer": 0.0
        },
        {
            "throttle": 0.18569947566337658,
            "brake": 0.014297153348042711,
            "steer": 0.0
        },
        {
            "throttle": 0.16712952809703893,
            "brake": 0.01286743801323844,
            "steer": 0.0
        },
        {
            "throttle": 0.15041657528733504,
            "brake": 0.011580694211914596,
            "steer": 0.0
        },
        {
            "throttle": 0.13537491775860155,
            "brake": 0.010422624790723136,
            "steer": 0.0
        },
        {
            "throttle": 0.12230504112074253,
            "brake": 0.009380362311650823,
            "steer": 0.0
        },
        {
            "throttle": 0.11310170034596788,
            "brake": 0.008442326080485741,
            "steer": 0.0
        },
        {
            "throttle": 0.10817826614877127,
            "brake": 0.007598093472437168,
            "steer": 0.0
        },
        {
            "throttle": 0.10778800265074251,
            "brake": 0.006838284125193451,
            "steer": 0.0
        },
        {
            "throttle": 0.11201599393268971,
            "brake": 0.006154455712674106,
            "steer": 0.0
        },
        {
            "throttle": 0.12077692817443261,
            "brake": 0.005539010141406696,
            "steer": 0.0
        },
        {
            "throttle": 0.13381882651951638,
            "brake": 0.004985109127266026,
            "steer": 0.0
        },
        {
            "throttle": 0.15073259276070256,
            "brake": 0.004486598214539424,
            "steer": 0.0
        },
        {
            "throttle": 0.17096705336904072,
            "brake": 0.004037938393085482,
            "steer": 0.0
        },
        {
            "throttle": 0.19384896257869516,
            "brake": 0.003634144553776934,
            "steer": 0.0
        },
        {
            "throttle": 0.21860727107063804,
            "brake": 0.003270730098399241,
            "steer": 0.0
        },
        {
            "throttle": 0.24440080549171375,
            "brake": 0.0029436570885593167,
            "steer": 0.0
        },
        {
            "throttle": 0.27034838494410146,
            "brake": 0.0026492913797033853,
            "steer": 0.0
        },
        {
            "throttle": 0.29556031395932053,
            "brake": 0.002384362241733047,
            "steer": 0.0
        },
        {
            "throttle": 0.3191701423877124,
            "brake": 0.002145926017559742,
            "steer": 0.0
        },
        {
            "throttle": 0.3403655728193365,
            "brake": 0.0019313334158037679,
            "steer": 0.0
        },
        {
            "throttle": 0.3584174259482062,
            "brake": 0.0017382000742233912,
            "steer": 0.0
        },
        {
            "throttle": 0.3727056426416181,
            "brake": 0.001564380066801052,
            "steer": 0.0
        },
        {
            "throttle": 0.3827414059602351,
            "brake": 0.001407942060120947,
            "steer": 0.0
        },
        {
            "throttle": 0.38818460329573345,
            "brake": 0.0012671478541088524,
            "steer": 0.0
        },
        {
            "throttle": 0.38885601330793607,
            "brake": 0.0011404330686979672,
            "steer": 0.0
        },
        {
            "throttle": 0.3847437886339114,
            "brake": 0.0010263897618281706,
            "steer": 0.0
        },
        {
            "throttle": 0.37600400681943746,
            "brake": 0.0009237507856453536,
            "steer": 0.0
        },
        {
            "throttle": 0.36295527146372747,
            "brake": 0.0008313757070808182,
            "steer": 0.0
        },
        {
            "throttle": 0.3460675557617944,
            "brake": 0.0007482381363727365,
            "steer": 0.0
        },
        {
            "throttle": 0.325945684042771,
            "brake": 0.0006734143227354628,
            "steer": 0.0
        },
        {
            "throttle": 0.3033080363442418,
            "brake": 0.0006060728904619166,
            "steer": 0.0
        },
        {
            "throttle": 0.278961229833592,
            "brake": 0.0005454656014157249,
            "steer": 0.0
        },
        {
            "throttle": 0.2537716730198835,
            "brake": 0.0004909190412741524,
            "steer": 0.0
        },
        {
            "throttle": 0.2286349991679852,
            "brake": 0.0004418271371467372,
            "steer": 0.0
        },
        {
            "throttle": 0.20577149925118668,
            "brake": 0.0003976444234320635,
            "steer": 0.0
        },
        {
            "throttle": 0.18519434932606801,
            "brake": 0.00035787998108885715,
            "steer": 0.0
        },
        {
            "throttle": 0.16667491439346122,
            "brake": 0.00032209198297997144,
            "steer": 0.0
        },
        {
            "throttle": 0.1500074229541151,
            "brake": 0.00028988278468197433,
            "steer": 0.0
        },
        {
            "throttle": 0.13699398621787756,
            "brake": 0.0002608945062137769,
            "steer": 0.0
        },
        {
            "throttle": 0.12835960757470305,
            "brake": 0.0002348050555923992,
            "steer": 0.0
        },
        {
            "throttle": 0.124394362046844,
            "brake": 0.0002113245500331593,
            "steer": 0.0
        },
        {
            "throttle": 0.12522477604716323,
            "brake": 0.00019019209502984337,
            "steer": 0.0
        },
        {
            "throttle": 0.13080920262076817,
            "brake": 0.00017117288552685904,
            "steer": 0.0
        },
        {
            "throttle": 0.14093915721982653,
            "brake": 0.00015405559697417314,
            "steer": 0.0
        },
        {
            "throttle": 0.15524656527124522,
            "brake": 0.00013865003727675583,
            "steer": 0.0
        },
        {
            "throttle": 0.17321666395154994,
            "brake": 0.00012478503354908024,
            "steer": 0.0
        },
        {
            "throttle": 0.19420610082909867,
            "brake": 0.00011230653019417222,
            "steer": 0.0
        },
        {
            "throttle": 0.21746558843404465,
            "brake": 0.000101075877174755,
            "steer": 0.0
        },
        {
            "throttle": 0.24216631286331788,
            "brake": 9.09682894572795e-05,
            "steer": 0.0
        },
        {
            "throttle": 0.2674291619126541,
            "brake": 8.187146051155156e-05,
            "steer": 0.0
        },
        {
            "throttle": 0.2923557386397664,
            "brake": 7.36843144603964e-05,
            "steer": 0.0
        },
        {
            "throttle": 0.31606006322380803,
            "brake": 6.631588301435676e-05,
            "steer": 0.0
        },
        {
            "throttle": 0.33769984172580053,
            "brake": 5.9684294712921086e-05,
            "steer": 0.0
        },
        {
            "throttle": 0.35650619573117903,
            "brake": 5.371586524162898e-05,
            "steer": 0.0
        },
        {
            "throttle": 0.37181080132615907,
            "brake": 4.834427871746608e-05,
            "steer": 0.0
        },
        {
            "throttle": 0.38306947749924003,
            "brake": 4.3509850845719475e-05,
            "steer": 0.0
        },
        {
            "throttle": 0.38988138962871893,
            "brake": 3.9158865761147526e-05,
            "steer": 0.0
        },
        {
            "throttle": 0.39200318877791707,
            "brake": 3.524297918503277e-05,
            "steer": 0.0
        },
        {
            "throttle": 0.3893575865906009,
            "brake": 3.1718681266529494e-05,
            "steer": 0.0
        },
        {
            "throttle": 0.3820360623296201,
            "brake": 2.8546813139876546e-05,
            "steer": 0.0
        },
        {
            "throttle": 0.3702956060768427,
            "brake": 2.5692131825888893e-05,
            "steer": 0.0
        },
        {
            "throttle": 0.35454961297760373,
            "brake": 2.3122918643300003e-05,
            "steer": 0.0
        },
        {
            "throttle": 0.3353532502137977,
            "brake": 2.0810626778970002e-05,
            "steer": 0.0
        },
        {
            "throttle": 0.31338381381576236,
            "brake": 1.8729564101073002e-05,
            "steer": 0.0
        },
        {
            "throttle": 0.2894167695656724,
            "brake": 1.6856607690965703e-05,
            "steer": 0.0
        },
        {
            "throttle": 0.26429832484206367,
            "brake": 1.5170946921869133e-05,
            "steer": 0.0
        },
        {
            "throttle": 0.23891550091185598,
            "brake": 1.365385222968222e-05,
            "steer": 0.0
        },
        {
            "throttle": 0.21502395082067038,
            "brake": 1.2288467006713999e-05,
            "steer": 0.0
        },
        {
            "throttle": 0.19352155573860336,
            "brake": 1.1059620306042599e-05,
            "steer": 0.0
        },
        {
            "throttle": 0.17416940016474303,
            "brake": 9.95365827543834e-06,
            "steer": 0.0
        },
        {
            "throttle": 0.15675246014826874,
            "brake": 8.958292447894505e-06,
            "steer": 0.0
        },
        {
            "throttle": 0.14213814892792,
            "brake": 8.062463203105055e-06,
            "steer": 0.0
        },
        {
            "throttle": 0.131766368745315,
            "brake": 7.256216882794549e-06,
            "steer": 0.0
        },
        {
            "throttle": 0.12598408300035788,
            "brake": 6.530595194515094e-06,
            "steer": 0.0
        },
        {
            "throttle": 0.1133856747003221,
            "brake": 0.010189260182869957,
            "steer": 0.0
        },
        {
            "throttle": 0.1020471072302899,
            "brake": 0.019353716811777857,
            "steer": 0.0
        },
        {
            "throttle": 0.0918423965072609,
            "brake": 0.027601727777794967,
            "steer": 0.0
        },
        {
            "throttle": 0.08265815685653481,
            "brake": 0.03502493764721037,
            "steer": 0.0
        },
        {
            "throttle": 0.07439234117088134,
            "brake": 0.04170582652968422,
            "steer": 0.0
        },
        {
            "throttle": 0.0669531070537932,
            "brake": 0.04771862652391069,
            "steer": 0.0
        },
        {
            "throttle": 0.06025779634841388,
            "brake": 0.05313014651871452,
            "steer": 0.0
        },
        {
            "throttle": 0.054232016713572494,
            "brake": 0.05800051451403796,
            "steer": 0.0
        },
        {
            "throttle": 0.048808815042215244,
            "brake": 0.06238384570982906,
            "steer": 0.0
        },
        {
            "throttle": 0.04392793353799372,
            "brake": 0.06632884378604105,
            "steer": 0.0
        },
        {
            "throttle": 0.03953514018419435,
            "brake": 0.06987934205463184,
            "steer": 0.0
        },
        {
            "throttle": 0.03558162616577492,
            "brake": 0.07307479049636356,
            "steer": 0.0
        },
        {
            "throttle": 0.032023463549197426,
            "brake": 0.0759506940939221,
            "steer": 0.0
        },
        {
            "throttle": 0.028821117194277684,
            "brake": 0.0785390073317248,
            "steer": 0.0
        },
        {
            "throttle": 0.025939005474849917,
            "brake": 0.08086848924574722,
            "steer": 0.0
        },
        {
            "throttle": 0.023345104927364926,
            "brake": 0.0829650229683674,
            "steer": 0.0
        },
        {
            "throttle": 0.021010594434628434,
            "brake": 0.08485190331872557,
            "steer": 0.0
        },
        {
            "throttle": 0.018909534991165593,
            "brake": 0.0865500956340479,
            "steer": 0.0
        },
        {
            "throttle": 0.017018581492049035,
            "brake": 0.08807846871783802,
            "steer": 0.0
        },
        {
            "throttle": 0.015316723342844132,
            "brake": 0.08945400449324911,
            "steer": 0.0
        },
        {
            "throttle": 0.01378505100855972,
            "brake": 0.09069198669111911,
            "steer": 0.0
        },
        {
            "throttle": 0.012406545907703749,
            "brake": 0.0918061706692021,
            "steer": 0.0
        },
        {
            "throttle": 0.011165891316933374,
            "brake": 0.0928089362494768,
            "steer": 0.0
        },
        {
            "throttle": 0.010049302185240036,
            "brake": 0.09371142527172402,
            "steer": 0.0
        },
        {
            "throttle": 0.009044371966716033,
            "brake": 0.09452366539174652,
            "steer": 0.0
        },
        {
            "throttle": 0.008139934770044429,
            "brake": 0.09525468149976676,
            "steer": 0.0
        },
        {
            "throttle": 0.007325941293039986,
            "brake": 0.08572921334979008,
            "steer": 0.0
        },
        {
            "throttle": 0.006593347163735988,
            "brake": 0.07715629201481108,
            "steer": 0.0
        },
        {
            "throttle": 0.005934012447362389,
            "brake": 0.06944066281332997,
            "steer": 0.0
        },
        {
            "throttle": 0.0053406112026261505,
            "brake": 0.062496596531996976,
            "steer": 0.0
        },
        {
            "throttle": 0.005059042706912786,
            "brake": 0.05624693687879728,
            "steer": 0.0
        },
        {
            "throttle": 0.0072767821988824625,
            "brake": 0.05062224319091756,
            "steer": 0.0
        },
        {
            "throttle": 0.012554653377530207,
            "brake": 0.0455600188718258,
            "steer": 0.0
        },
        {
            "throttle": 0.021281373773739367,
            "brake": 0.04100401698464322,
            "steer": 0.0
        },
        {
            "throttle": 0.03366620485151381,
            "brake": 0.0369036152861789,
            "steer": 0.0
        },
        {
            "throttle": 0.049737307115860385,
            "brake": 0.03321325375756101,
            "steer": 0.0
        }
    ],
    "parameters": {
        "fog_density": 31.598456170718762,
        "precipitation": 3.556136690355982,
        "precipitation_deposits": 41.567590443510774,
        "wind_intensity": 15.422369200446468,
        "sun_altitude_angle": 42.3161585078017,
        "cloudiness": 36.10635633580171,
        "lead_base_throttle": 0.25657040156468114,
        "lead_behavior_frequency": 0.2996901268043513,
        "lead_throttle_variation": 0.2760583029330212,
        "lead_brake_probability": 0.03898917100762359,
        "lead_brake_intensity": 0.10183382647194894,
        "lead_brake_duration": 26.865207071917983,
        "initial_distance": 64.27282111528937,
        "initial_ego_velocity": 6.083177229895235,
        "initial_lead_velocity": 7.919955121994495
    },
    "config": {
        "num_timesteps": 200,
        "dt": 0.1,
        "seed": 168
    }
}