{
    "weather": {
        "cloudiness": 37.89858496989177,
        "precipitation": 93.19321480766781,
        "precipitation_deposits": 58.21754591458701,
        "wind_intensity": 10.304786372263708,
        "sun_altitude_angle": 56.13090747354691,
        "fog_density": 44.12741807859244,
        "fog_distance": 229.71544401599104,
        "wetness": 46.59660740383391
    },
    "initial_conditions": {
        "ego": {
            "position": {
                "x": 507.7940331057485,
                "y": 20.57,
                "z": 0.294
            },
            "yaw": 0.0,
            "velocity": 13.139538886827589
        },
        "lead": {
            "position": {
                "x": 484.88,
                "y": 20.57,
                "z": 0.294
            },
            "yaw": 0.0,
            "velocity": 6.335488864500094
        }
    },
    "ego": {
        "position": {
            "x": 507.7940331057485,
            "y": 20.57,
            "z": 0.294
        },
        "yaw": 0.0,
        "velocity": 13.139538886827589
    },
    "lead": {
        "position": {
            "x": 484.88,
            "y": 20.57,
            "z": 0.294
        },
        "yaw": 0.0,
        "velocity": 6.335488864500094
    },
    "ado_actions": [
        {
            "throttle": 0.467353578903784,
            "brake": 0.0,
            "steer": 0.0
        },
        {
            "throttle": 0.4682696230916502,
            "brake": 0.0,
            "steer": 0.0
        },
        {
            "throttle": 0.47000891856816845,
            "brake": 0.0,
            "steer": 0.0
        },
        {
            "throttle": 0.4724867647855589,
            "brake": 0.0,
            "steer": 0.0
        },
        {
            "throttle": 0.47562574739421337,
            "brake": 0.0,
            "steer": 0.0
        },
        {
            "throttle": 0.4793550142407007,
            "brake": 0.0,
            "steer": 0.0
        },
        {
            "throttle": 0.4836096252959214,
            "brake": 0.0,
            "steer": 0.0
        },
        {
            "throttle": 0.48832996911242177,
            "brake": 0.0,
            "steer": 0.0
        },
        {
            "throttle": 0.4934612391480001,
            "brake": 0.0,
            "steer": 0.0
        },
        {
            "throttle": 0.4989529639570627,
            "brake": 0.0,
            "steer": 0.0
        },
        {
            "throttle": 0.5047585858490972,
            "brake": 0.0,
            "steer": 0.0
        },
        {
            "throttle": 0.5108350831517638,
            "brake": 0.0,
            "steer": 0.0
        },
        {
            "throttle": 0.5171426317004479,
            "brake": 0.0,
            "steer": 0.0
        },
        {
            "throttle": 0.523644301612048,
            "brake": 0.0,
            "steer": 0.0
        },
        {
            "throttle": 0.530305785793137,
            "brake": 0.0,
            "steer": 0.0
        },
        {
            "throttle": 0.5370951569857889,
            "brake": 0.0,
            "steer": 0.0
        },
        {
            "throttle": 0.5439826504722313,
            "brake": 0.0,
            "steer": 0.0
        },
        {
            "throttle": 0.550940469845601,
            "brake": 0.0,
            "steer": 0.0
        },
        {
            "throttle": 0.5579426135116174,
            "brake": 0.0,
            "steer": 0.0
        },
        {
            "throttle": 0.5649647198178095,
            "brake": 0.0,
            "steer": 0.0
        },
        {
            "throttle": 0.5719839289156106,
            "brake": 0.0,
            "steer": 0.0
        },
        {
            "throttle": 0.5789787596484903,
            "brake": 0.0,
            "steer": 0.0
        },
        {
            "throttle": 0.5859289999283988,
            "brake": 0.0,
            "steer": 0.0
        },
        {
            "throttle": 0.5928156092150461,
            "brake": 0.0,
            "steer": 0.0
        },
        {
            "throttle": 0.5996206318496103,
            "brake": 0.0,
            "steer": 0.0
        },
        {
            "throttle": 0.6063271201178715,
            "brake": 0.0,
            "steer": 0.0
        },
        {
            "throttle": 0.612919066028897,
            "brake": 0.0,
            "steer": 0.0
        },
        {
            "throttle": 0.6193813408954617,
            "brake": 0.0,
            "steer": 0.0
        },
        {
            "throttle": 0.6256996418924975,
            "brake": 0.0,
            "steer": 0.0
        },
        {
            "throttle": 0.6318604448510245,
            "brake": 0.0,
            "steer": 0.0
        },
        {
            "throttle": 0.637850962618112,
            "brake": 0.0,
            "steer": 0.0
        },
        {
            "throttle": 0.6436591083792671,
            "brake": 0.0,
            "steer": 0.0
        },
        {
            "throttle": 0.6492734633989747,
            "brake": 0.0,
            "steer": 0.0
        },
        {
            "throttle": 0.654683248688563,
            "brake": 0.0,
            "steer": 0.0
        },
        {
            "throttle": 0.6598783001587448,
            "brake": 0.0,
            "steer": 0.0
        },
        {
            "throttle": 0.664849046857602,
            "brake": 0.0,
            "steer": 0.0
        },
        {
            "throttle": 0.6695864919339272,
            "brake": 0.0,
            "steer": 0.0
        },
        {
            "throttle": 0.6740821960011288,
            "brake": 0.0,
            "steer": 0.0
        },
        {
            "throttle": 0.6783282626087458,
            "brake": 0.0,
            "steer": 0.0
        },
        {
            "throttle": 0.682317325557332,
            "brake": 0.0,
            "steer": 0.0
        },
        {
            "throttle": 0.6860425378183922,
            "brake": 0.0,
            "steer": 0.0
        },
        {
            "throttle": 0.6894975618444427,
            "brake": 0.0,
            "steer": 0.0
        },
        {
            "throttle": 0.6926765610754008,
            "brake": 0.0,
            "steer": 0.0
        },
        {
            "throttle": 0.6955741924665876,
            "brake": 0.0,
            "steer": 0.0
        },
        {
            "throttle": 0.69818559988088,
            "brake": 0.0,
            "steer": 0.0
        },
        {
            "throttle": 0.70050640820314,
            "brake": 0.0,
            "steer": 0.0
        },
        {
            "throttle": 0.7025327180491584,
            "brake": 0.0,
            "steer": 0.0
        },
        {
            "throttle": 0.7042611009541185,
            "brake": 0.0,
            "steer": 0.0
        },
        {
            "throttle": 0.7056885949371479,
            "brake": 0.0,
            "steer": 0.0
        },
        {
            "throttle": 0.7068127003490076,
            "brake": 0.0,
            "steer": 0.0
        },
        {
            "throttle": 0.7076313759194688,
            "brake": 0.0,
            "steer": 0.0
        },
        {
            "throttle": 0.7081430349295562,
            "brake": 0.0,
            "steer": 0.0
        },
        {
            "throttle": 0.7083465414416634,
            "brake": 0.0,
            "steer": 0.0
        },
        {
            "throttle": 0.7082412065276736,
            "brake": 0.0,
            "steer": 0.0
        },
        {
            "throttle": 0.7078267844416929,
            "brake": 0.0,
            "steer": 0.0
        },
        {
            "throttle": 0.7071034686899043,
            "brake": 0.0,
            "steer": 0.0
        },
        {
            "throttle": 0.7060718879554332,
            "brake": 0.0,
            "steer": 0.0
        },
        {
            "throttle": 0.7047331018410183,
            "brake": 0.0,
            "steer": 0.0
        },
        {
            "throttle": 0.7030885963967739,
            "brake": 0.0,
            "steer": 0.0
        },
        {
            "throttle": 0.7011402794044264,
            "brake": 0.0,
            "steer": 0.0
        },
        {
            "throttle": 0.6988904753931698,
            "brake": 0.0,
            "steer": 0.0
        },
        {
            "throttle": 0.6963419203657296,
            "brake": 0.0,
            "steer": 0.0
        },
        {
            "throttle": 0.6934977562163854,
            "brake": 0.0,
            "steer": 0.0
        },
        {
            "throttle": 0.6903615248256162,
            "brake": 0.0,
            "steer": 0.0
        },
        {
            "throttle": 0.6869371618187056,
            "brake": 0.0,
            "steer": 0.0
        },
        {
            "throttle": 0.6832289899781143,
            "brake": 0.0,
            "steer": 0.0
        },
        {
            "throttle": 0.6792417123017067,
            "brake": 0.0,
            "steer": 0.0
        },
        {
            "throttle": 0.6749804047010196,
            "brake": 0.0,
            "steer": 0.0
        },
        {
            "throttle": 0.6704505083357164,
            "brake": 0.0,
            "steer": 0.0
        },
        {
            "throttle": 0.6656578215821686,
            "brake": 0.0,
            "steer": 0.0
        },
        {
            "throttle": 0.6606084916357856,
            "brake": 0.0,
            "steer": 0.0
        },
        {
            "throttle": 0.6553090057482683,
            "brake": 0.0,
            "steer": 0.0
        },
        {
            "throttle": 0.6497661821024054,
            "brake": 0.0,
            "steer": 0.0
        },
        {
            "throttle": 0.6439871603283795,
            "brake": 0.0,
            "steer": 0.0
        },
        {
            "throttle": 0.6379793916668004,
            "brake": 0.0,
            "steer": 0.0
        },
        {
            "throttle": 0.6317506287848512,
            "brake": 0.0,
            "steer": 0.0
        },
        {
            "throttle": 0.625308915253019,
            "brake": 0.0,
            "steer": 0.0
        },
        {
            "throttle": 0.6186625746908985,
            "brake": 0.0,
            "steer": 0.0
        },
        {
            "throttle": 0.6118201995915009,
            "brake": 0.0,
            "steer": 0.0
        },
        {
            "throttle": 0.6047906398343839,
            "brake": 0.0,
            "steer": 0.0
        },
        {
            "throttle": 0.5975829908987389,
            "brake": 0.0,
            "steer": 0.0
        },
        {
            "throttle": 0.5902065817883404,
            "brake": 0.0,
            "steer": 0.0
        },
        {
            "throttle": 0.582670962680971,
            "brake": 0.0,
            "steer": 0.0
        },
        {
            "throttle": 0.5749858923156029,
            "brake": 0.0,
            "steer": 0.0
        },
        {
            "throttle": 0.567161325131228,
            "brake": 0.0,
            "steer": 0.0
        },
        {
            "throttle": 0.5592073981717978,
            "brake": 0.0,
            "steer": 0.0
        },
        {
            "throttle": 0.5511344177722641,
            "brake": 0.0,
            "steer": 0.0
        },
        {
            "throttle": 0.5429528460411904,
            "brake": 0.0,
            "steer": 0.0
        },
        {
            "throttle": 0.5346732871558519,
            "brake": 0.0,
            "steer": 0.0
        },
        {
            "throttle": 0.5263064734861455,
            "brake": 0.0,
            "steer": 0.0
        },
        {
            "throttle": 0.517863251563999,
            "brake": 0.0,
            "steer": 0.0
        },
        {
            "throttle": 0.5093545679153034,
            "brake": 0.0,
            "steer": 0.0
        },
        {
            "throttle": 0.5007914547716825,
            "brake": 0.0,
            "steer": 0.0
        },
        {
            "throttle": 0.49218501567968437,
            "brake": 0.0,
            "steer": 0.0
        },
        {
            "throttle": 0.48354641102520085,
            "brake": 0.0,
            "steer": 0.0
        },
        {
            "throttle": 0.4748868434911224,
            "brake": 0.0,
            "steer": 0.0
        },
        {
            "throttle": 0.46621754346639643,
            "brake": 0.0,
            "steer": 0.0
        },
        {
            "throttle": 0.45754975442479207,
            "brake": 0.0,
            "steer": 0.0
        },
        {
            "throttle": 0.4488947182917758,
            "brake": 0.0,
            "steer": 0.0
        },
        {
            "throttle": 0.4402636608179744,
            "brake": 0.0,
            "steer": 0.0
        },
        {
            "throttle": 0.43166777697774344,
            "brake": 0.0,
            "steer": 0.0
        },
        {
            "throttle": 0.4231182164113737,
            "brake": 0.0,
            "steer": 0.0
        },
        {
            "throttle": 0.414626068929452,
            "brake": 0.0,
            "steer": 0.0
        },
        {
            "throttle": 0.4062023500978489,
            "brake": 0.0,
            "steer": 0.0
        },
        {
            "throttle": 0.3978579869217359,
            "brake": 0.0,
            "steer": 0.0
        },
        {
            "throttle": 0.38960380364693475,
            "brake": 0.0,
            "steer": 0.0
        },
        {
            "throttle": 0.3814505076967764,
            "brake": 0.0,
            "steer": 0.0
        },
        {
            "throttle": 0.37340867576249803,
            "brake": 0.0,
            "steer": 0.0
        },
        {
            "throttle": 0.3654887400650253,
            "brake": 0.0,
            "steer": 0.0
        },
        {
            "throttle": 0.3577009748057883,
            "brake": 0.0,
            "steer": 0.0
        },
        {
            "throttle": 0.3500554828239891,
            "brake": 0.0,
            "steer": 0.0
        },
        {
            "throttle": 0.34256218247748854,
            "brake": 0.0,
            "steer": 0.0
        },
        {
            "throttle": 0.3352307947642043,
            "brake": 0.0,
            "steer": 0.0
        },
        {
            "throttle": 0.32807083070061166,
            "brake": 0.0,
            "steer": 0.0
        },
        {
            "throttle": 0.32109157897361806,
            "brake": 0.0,
            "steer": 0.0
        },
        {
            "throttle": 0.31430209388173774,
            "brake": 0.0,
            "steer": 0.0
        },
        {
            "throttle": 0.3077111835811265,
            "brake": 0.0,
            "steer": 0.0
        },
        {
            "throttle": 0.30132739865164987,
            "brake": 0.0,
            "steer": 0.0
        },
        {
            "throttle": 0.2951590209977509,
            "brake": 0.0,
            "steer": 0.0
        },
        {
            "throttle": 0.28921405309845494,
            "brake": 0.0,
            "steer": 0.0
        },
        {
            "throttle": 0.283500207620404,
            "brake": 0.0,
            "steer": 0.0
        },
        {
            "throttle": 0.27802489740734543,
            "brake": 0.0,
            "steer": 0.0
        },
        {
            "throttle": 0.27279522585901855,
            "brake": 0.0,
            "steer": 0.0
        },
        {
            "throttle": 0.26781797771188043,
            "brake": 0.0,
            "steer": 0.0
        },
        {
            "throttle": 0.2630996102335961,
            "brake": 0.0,
            "steer": 0.0
        },
        {
            "throttle": 0.2586462448426839,
            "brake": 0.0,
            "steer": 0.0
        },
        {
            "throttle": 0.2544636591641596,
            "brake": 0.0,
            "steer": 0.0
        },
        {
            "throttle": 0.2505572795314596,
            "brake": 0.0,
            "steer": 0.0
        },
        {
            "throttle": 0.2469321739443475,
            "brake": 0.0,
            "steer": 0.0
        },
        {
            "throttle": 0.24359304549191796,
            "brake": 0.0,
            "steer": 0.0
        },
        {
            "throttle": 0.24054422624921326,
            "brake": 0.0,
            "steer": 0.0
        },
        {
            "throttle": 0.23778967165535173,
            "brake": 0.0,
            "steer": 0.0
        },
        {
            "throttle": 0.23533295538044746,
            "brake": 0.0,
            "steer": 0.0
        },
        {
            "throttle": 0.23317726468796637,
            "brake": 0.0,
            "steer": 0.0
        },
        {
            "throttle": 0.23132539629852272,
            "brake": 0.0,
            "steer": 0.0
        },
        {
            "throttle": 0.22977975276047116,
            "brake": 0.0,
            "steer": 0.0
        },
        {
            "throttle": 0.22854233933199275,
            "brake": 0.0,
            "steer": 0.0
        },
        {
            "throttle": 0.22761476137871084,
            "brake": 0.0,
            "steer": 0.0
        },
        {
            "throttle": 0.2269982222902046,
            "brake": 0.0,
            "steer": 0.0
        },
        {
            "throttle": 0.22669352191811634,
            "brake": 0.0,
            "steer": 0.0
        },
        {
            "throttle": 0.22670105553787157,
            "brake": 0.0,
            "steer": 0.0
        },
        {
            "throttle": 0.2270208133353534,
            "brake": 0.0,
            "steer": 0.0
        },
        {
            "throttle": 0.22765238041919145,
            "brake": 0.0,
            "steer": 0.0
        },
        {
            "throttle": 0.2285949373586443,
            "brake": 0.0,
            "steer": 0.0
        },
        {
            "throttle": 0.22984726124637367,
            "brake": 0.0,
            "steer": 0.0
        },
        {
            "throttle": 0.23140772728472686,
            "brake": 0.0,
            "steer": 0.0
        },
        {
            "throttle": 0.23327431089346637,
            "brake": 0.0,
            "steer": 0.0
        },
        {
            "throttle": 0.2354445903362084,
            "brake": 0.0,
            "steer": 0.0
        },
        {
            "throttle": 0.23791574986216013,
            "brake": 0.0,
            "steer": 0.0
        },
        {
            "throttle": 0.24068458335907697,
            "brake": 0.0,
            "steer": 0.0
        },
        {
            "throttle": 0.24374749851269772,
            "brake": 0.0,
            "steer": 0.0
        },
        {
            "throttle": 0.24710052146725964,
            "brake": 0.0,
            "steer": 0.0
        },
        {
            "throttle": 0.2507393019810445,
            "brake": 0.0,
            "steer": 0.0
        },
        {
            "throttle": 0.254659119070265,
            "brake": 0.0,
            "steer": 0.0
        },
        {
            "throttle": 0.25885488713396815,
            "brake": 0.0,
            "steer": 0.0
        },
        {
            "throttle": 0.26332116255200705,
            "brake": 0.0,
            "steer": 0.0
        },
        {
            "throttle": 0.26805215074752003,
            "brake": 0.0,
            "steer": 0.0
        },
        {
            "throttle": 0.27304171370475305,
            "brake": 0.0,
            "steer": 0.0
        },
        {
            "throttle": 0.27828337793247043,
            "brake": 0.0,
            "steer": 0.0
        },
        {
            "throttle": 0.2837703428626216,
            "brake": 0.0,
            "steer": 0.0
        },
        {
            "throttle": 0.2894954896733664,
            "brake": 0.0,
            "steer": 0.0
        },
        {
            "throttle": 0.2954513905250109,
            "brake": 0.0,
            "steer": 0.0
        },
        {
            "throttle": 0.30163031819687086,
            "brake": 0.0,
            "steer": 0.0
        },
        {
            "throttle": 0.3080242561125588,
            "brake": 0.0,
            "steer": 0.0
        },
        {
            "throttle": 0.3146249087406877,
            "brake": 0.0,
            "steer": 0.0
        },
        {
            "throttle": 0.3214237123574966,
            "brake": 0.0,
            "steer": 0.0
        },
        {
            "throttle": 0.3284118461574343,
            "brake": 0.0,
            "steer": 0.0
        },
        {
            "throttle": 0.3355802436972857,
            "brake": 0.0,
            "steer": 0.0
        },
        {
            "throttle": 0.3429196046589933,
            "brake": 0.0,
            "steer": 0.0
        },
        {
            "throttle": 0.35042040691591153,
            "brake": 0.0,
            "steer": 0.0
        },
        {
            "throttle": 0.35807291888683956,
            "brake": 0.0,
            "steer": 0.0
        },
        {
            "throttle": 0.36586721216180385,
            "brake": 0.0,
            "steer": 0.0
        },
        {
            "throttle": 0.373793174383209,
            "brake": 0.0,
            "steer": 0.0
        },
        {
            "throttle": 0.3818405223656458,
            "brake": 0.0,
            "steer": 0.0
        },
        {
            "throttle": 0.3899988154373333,
            "brake": 0.0,
            "steer": 0.0
        },
        {
            "throttle": 0.3982574689858861,
            "brake": 0.0,
            "steer": 0.0
        },
        {
            "throttle": 0.40660576819083266,
            "brake": 0.0,
            "steer": 0.0
        },
        {
            "throttle": 0.41503288192506704,
            "brake": 0.0,
            "steer": 0.0
        },
        {
            "throttle": 0.4235278768071987,
            "brake": 0.0,
            "steer": 0.0
        },
        {
            "throttle": 0.4320797313865689,
            "brake": 0.0,
            "steer": 0.0
        },
        {
            "throttle": 0.44067735044252887,
            "brake": 0.0,
            "steer": 0.0
        },
        {
            "throttle": 0.4493095793794287,
            "brake": 0.0,
            "steer": 0.0
        },
        {
            "throttle": 0.4579652186986407,
            "brake": 0.0,
            "steer": 0.0
        },
        {
            "throttle": 0.46663303852884025,
            "brake": 0.0,
            "steer": 0.0
        },
        {
            "throttle": 0.475301793195693,
            "brake": 0.0,
            "steer": 0.0
        },
        {
            "throttle": 0.48396023581204584,
            "brake": 0.0,
            "steer": 0.0
        },
        {
            "throttle": 0.4925971328696917,
            "brake": 0.0,
            "steer": 0.0
        },
        {
            "throttle": 0.5012012788137767,
            "brake": 0.0,
            "steer": 0.0
        },
        {
            "throttle": 0.5097615105809411,
            "brake": 0.0,
            "steer": 0.0
        },
        {
            "throttle": 0.5182667220823316,
            "brake": 0.0,
            "steer": 0.0
        },
        {
            "throttle": 0.5267058786126956,
            "brake": 0.0,
            "steer": 0.0
        },
        {
            "throttle": 0.5350680311668614,
            "brake": 0.0,
            "steer": 0.0
        },
        {
            "throttle": 0.5433423306450317,
            "brake": 0.0,
            "steer": 0.0
        },
        {
            "throttle": 0.551518041928459,
            "brake": 0.0,
            "steer": 0.0
        },
        {
            "throttle": 0.5595845578072419,
            "brake": 0.0,
            "steer": 0.0
        },
        {
            "throttle": 0.5675314127421722,
            "brake": 0.0,
            "steer": 0.0
        },
        {
            "throttle": 0.5753482964427776,
            "brake": 0.0,
            "steer": 0.0
        },
        {
            "throttle": 0.5830250672439437,
            "brake": 0.0,
            "steer": 0.0
        },
        {
            "throttle": 0.5905517652637614,
            "brake": 0.0,
            "steer": 0.0
        },
        {
            "throttle": 0.5979186253255279,
            "brake": 0.0,
            "steer": 0.0
        }
    ],
    "parameters": {
        "fog_density": 44.12741807859244,
        "precipitation": 93.19321480766781,
        "precipitation_deposits": 58.21754591458701,
        "wind_intensity": 10.304786372263708,
        "sun_altitude_angle": 56.13090747354691,
        "cloudiness": 37.89858496989177,
        "lead_base_throttle": 0.46735357890378393,
        "lead_behavior_frequency": 0.05732993072344282,
        "lead_throttle_variation": 0.25436014374054244,
        "lead_brake_probability": 0.009659380481377199,
        "lead_brake_intensity": 0.6213464585992362,
        "lead_brake_duration": 16.822825055961378,
        "initial_distance": 22.91403310574849,
        "initial_ego_velocity": 13.139538886827589,
        "initial_lead_velocity": 6.335488864500094
    },
    "config": {
        "num_timesteps": 200,
        "dt": 0.1,
        "seed": 124
    }
}