{
    "weather": {
        "cloudiness": 74.90326524702408,
        "precipitation": 54.595274867980415,
        "precipitation_deposits": 21.089833221411393,
        "wind_intensity": 1.3990839539143984,
        "sun_altitude_angle": 41.58173016404433,
        "fog_density": 21.473222903760867,
        "fog_distance": 488.8135762823701,
        "wetness": 27.297637433990207
    },
    "initial_conditions": {
        "ego": {
            "position": {
                "x": 542.7196883914395,
                "y": 20.57,
                "z": 0.294
            },
            "yaw": 0.0,
            "velocity": 15.39817660437214
        },
        "lead": {
            "position": {
                "x": 484.88,
                "y": 20.57,
                "z": 0.294
            },
            "yaw": 0.0,
            "velocity": 22.412353520389278
        }
    },
    "ego": {
        "position": {
            "x": 542.7196883914395,
            "y": 20.57,
            "z": 0.294
        },
        "yaw": 0.0,
        "velocity": 15.39817660437214
    },
    "lead": {
        "position": {
            "x": 484.88,
            "y": 20.57,
            "z": 0.294
        },
        "yaw": 0.0,
        "velocity": 22.412353520389278
    },
    "ado_actions": [
        {
            "throttle": 0.5362344563433092,
            "brake": 0.0,
            "steer": 0.0
        },
        {
            "throttle": 0.5394327394764636,
            "brake": 0.0,
            "steer": 0.0
        },
        {
            "throttle": 0.5454671337608247,
            "brake": 0.0,
            "steer": 0.0
        },
        {
            "throttle": 0.5539699013529957,
            "brake": 0.0,
            "steer": 0.0
        },
        {
            "throttle": 0.5645694089300717,
            "brake": 0.0,
            "steer": 0.0
        },
        {
            "throttle": 0.5768921694740916,
            "brake": 0.0,
            "steer": 0.0
        },
        {
            "throttle": 0.5905651964439691,
            "brake": 0.0,
            "steer": 0.0
        },
        {
            "throttle": 0.6052186103822933,
            "brake": 0.0,
            "steer": 0.0
        },
        {
            "throttle": 0.620488437540736,
            "brake": 0.0,
            "steer": 0.0
        },
        {
            "throttle": 0.6360195401561822,
            "brake": 0.0,
            "steer": 0.0
        },
        {
            "throttle": 0.6514686185982574,
            "brake": 0.0,
            "steer": 0.0
        },
        {
            "throttle": 0.6665072267557781,
            "brake": 0.0,
            "steer": 0.0
        },
        {
            "throttle": 0.6808247437429307,
            "brake": 0.0,
            "steer": 0.0
        },
        {
            "throttle": 0.6941312472839851,
            "brake": 0.0,
            "steer": 0.0
        },
        {
            "throttle": 0.7061602369668089,
            "brake": 0.0,
            "steer": 0.0
        },
        {
            "throttle": 0.7166711589198602,
            "brake": 0.0,
            "steer": 0.0
        },
        {
            "throttle": 0.7254516873354798,
            "brake": 0.0,
            "steer": 0.0
        },
        {
            "throttle": 0.7323197225967005,
            "brake": 0.0,
            "steer": 0.0
        },
        {
            "throttle": 0.7371250705204795,
            "brake": 0.0,
            "steer": 0.0
        },
        {
            "throttle": 0.7397507723554072,
            "brake": 0.0,
            "steer": 0.0
        },
        {
            "throttle": 0.7401140606087415,
            "brake": 0.0,
            "steer": 0.0
        },
        {
            "throttle": 0.7381669214631157,
            "brake": 0.0,
            "steer": 0.0
        },
        {
            "throttle": 0.7338962504103183,
            "brake": 0.0,
            "steer": 0.0
        },
        {
            "throttle": 0.7273235937078003,
            "brake": 0.0,
            "steer": 0.0
        },
        {
            "throttle": 0.7185044742804421,
            "brake": 0.0,
            "steer": 0.0
        },
        {
            "throttle": 0.707527306671897,
            "brake": 0.0,
            "steer": 0.0
        },
        {
            "throttle": 0.6945119115226498,
            "brake": 0.0,
            "steer": 0.0
        },
        {
            "throttle": 0.6796076457428261,
            "brake": 0.0,
            "steer": 0.0
        },
        {
            "throttle": 0.6629911699857531,
            "brake": 0.0,
            "steer": 0.0
        },
        {
            "throttle": 0.6448638801451884,
            "brake": 0.0,
            "steer": 0.0
        },
        {
            "throttle": 0.6254490343307487,
            "brake": 0.0,
            "steer": 0.0
        },
        {
            "throttle": 0.6049886110629087,
            "brake": 0.0,
            "steer": 0.0
        },
        {
            "throttle": 0.5837399382170566,
            "brake": 0.0,
            "steer": 0.0
        },
        {
            "throttle": 0.56197213548791,
            "brake": 0.0,
            "steer": 0.0
        },
        {
            "throttle": 0.5399624158004672,
            "brake": 0.0,
            "steer": 0.0
        },
        {
            "throttle": 0.5179922931285319,
            "brake": 0.0,
            "steer": 0.0
        },
        {
            "throttle": 0.49634374557160643,
            "brake": 0.0,
            "steer": 0.0
        },
        {
            "throttle": 0.4752953832688862,
            "brake": 0.0,
            "steer": 0.0
        },
        {
            "throttle": 0.4551186707870672,
            "brake": 0.0,
            "steer": 0.0
        },
        {
            "throttle": 0.43607425300729225,
            "brake": 0.0,
            "steer": 0.0
        },
        {
            "throttle": 0.4184084322651208,
            "brake": 0.0,
            "steer": 0.0
        },
        {
            "throttle": 0.40234984258384715,
            "brake": 0.0,
            "steer": 0.0
        },
        {
            "throttle": 0.3881063643121315,
            "brake": 0.0,
            "steer": 0.0
        },
        {
            "throttle": 0.37586231936612946,
            "brake": 0.0,
            "steer": 0.0
        },
        {
            "throttle": 0.36577598362608643,
            "brake": 0.0,
            "steer": 0.0
        },
        {
            "throttle": 0.3579774488967625,
            "brake": 0.0,
            "steer": 0.0
        },
        {
            "throttle": 0.32217970400708623,
            "brake": 0.016067279128542895,
            "steer": 0.0
        },
        {
            "throttle": 0.2899617336063776,
            "brake": 0.030527830344231503,
            "steer": 0.0
        },
        {
            "throttle": 0.26096556024573986,
            "brake": 0.04354232643835125,
            "steer": 0.0
        },
        {
            "throttle": 0.23486900422116588,
            "brake": 0.05525537292305902,
            "steer": 0.0
        },
        {
            "throttle": 0.2113821037990493,
            "brake": 0.06579711475929602,
            "steer": 0.0
        },
        {
            "throttle": 0.19024389341914436,
            "brake": 0.0752846824119093,
            "steer": 0.0
        },
        {
            "throttle": 0.1712195040772299,
            "brake": 0.08382349329926128,
            "steer": 0.0
        },
        {
            "throttle": 0.15409755366950692,
            "brake": 0.09150842309787804,
            "steer": 0.0
        },
        {
            "throttle": 0.13868779830255623,
            "brake": 0.09842485991663313,
            "steer": 0.0
        },
        {
            "throttle": 0.1248190184723006,
            "brake": 0.10464965305351273,
            "steer": 0.0
        },
        {
            "throttle": 0.11233711662507055,
            "brake": 0.11025196687670435,
            "steer": 0.0
        },
        {
            "throttle": 0.1011034049625635,
            "brake": 0.11529404931757681,
            "steer": 0.0
        },
        {
            "throttle": 0.09099306446630714,
            "brake": 0.11983192351436203,
            "steer": 0.0
        },
        {
            "throttle": 0.14909164548104775,
            "brake": 0.10784873116292583,
            "steer": 0.0
        },
        {
            "throttle": 0.2040829106508114,
            "brake": 0.09706385804663324,
            "steer": 0.0
        },
        {
            "throttle": 0.25606209243394823,
            "brake": 0.08735747224196992,
            "steer": 0.0
        },
        {
            "throttle": 0.305081972836156,
            "brake": 0.07862172501777293,
            "steer": 0.0
        },
        {
            "throttle": 0.35116041749611016,
            "brake": 0.07075955251599564,
            "steer": 0.0
        },
        {
            "throttle": 0.3942875487570267,
            "brake": 0.06368359726439608,
            "steer": 0.0
        },
        {
            "throttle": 0.43443254508521006,
            "brake": 0.057315237537956476,
            "steer": 0.0
        },
        {
            "throttle": 0.47155005091072144,
            "brake": 0.05158371378416083,
            "steer": 0.0
        },
        {
            "throttle": 0.5055861787135177,
            "brake": 0.046425342405744745,
            "steer": 0.0
        },
        {
            "throttle": 0.5364840839082337,
            "brake": 0.04178280816517027,
            "steer": 0.0
        },
        {
            "throttle": 0.5641890927349307,
            "brake": 0.037604527348653244,
            "steer": 0.0
        },
        {
            "throttle": 0.5886533638795169,
            "brake": 0.03384407461378792,
            "steer": 0.0
        },
        {
            "throttle": 0.6098400658592822,
            "brake": 0.030459667152409126,
            "steer": 0.0
        },
        {
            "throttle": 0.6277270542447269,
            "brake": 0.027413700437168214,
            "steer": 0.0
        },
        {
            "throttle": 0.6423100354730114,
            "brake": 0.024672330393451392,
            "steer": 0.0
        },
        {
            "throttle": 0.6536052072616338,
            "brake": 0.022205097354106255,
            "steer": 0.0
        },
        {
            "throttle": 0.6616513693709017,
            "brake": 0.01998458761869563,
            "steer": 0.0
        },
        {
            "throttle": 0.6665115026054497,
            "brake": 0.01798612885682607,
            "steer": 0.0
        },
        {
            "throttle": 0.5998603523449048,
            "brake": 0.03225479509968636,
            "steer": 0.0
        },
        {
            "throttle": 0.5398743171104143,
            "brake": 0.04509659471826062,
            "steer": 0.0
        },
        {
            "throttle": 0.4858868853993729,
            "brake": 0.05665421437497745,
            "steer": 0.0
        },
        {
            "throttle": 0.4372981968594356,
            "brake": 0.0670560720660226,
            "steer": 0.0
        },
        {
            "throttle": 0.3935683771734921,
            "brake": 0.07641774398796324,
            "steer": 0.0
        },
        {
            "throttle": 0.35421153945614287,
            "brake": 0.08484324871770982,
            "steer": 0.0
        },
        {
            "throttle": 0.3187903855105286,
            "brake": 0.09242620297448173,
            "steer": 0.0
        },
        {
            "throttle": 0.28691134695947573,
            "brake": 0.09925086180557646,
            "steer": 0.0
        },
        {
            "throttle": 0.25822021226352815,
            "brake": 0.10539305475356173,
            "steer": 0.0
        },
        {
            "throttle": 0.23239819103717535,
            "brake": 0.11092102840674845,
            "steer": 0.0
        },
        {
            "throttle": 0.20915837193345782,
            "brake": 0.1158962046946165,
            "steer": 0.0
        },
        {
            "throttle": 0.18824253474011204,
            "brake": 0.12037386335369776,
            "steer": 0.0
        },
        {
            "throttle": 0.16941828126610084,
            "brake": 0.12440375614687088,
            "steer": 0.0
        },
        {
            "throttle": 0.18367153999012018,
            "brake": 0.1119633805321838,
            "steer": 0.0
        },
        {
            "throttle": 0.19475290314664023,
            "brake": 0.10076704247896542,
            "steer": 0.0
        },
        {
            "throttle": 0.20329962425113468,
            "brake": 0.09069033823106888,
            "steer": 0.0
        },
        {
            "throttle": 0.20990411768982103,
            "brake": 0.08162130440796199,
            "steer": 0.0
        },
        {
            "throttle": 0.21511395510176112,
            "brake": 0.0734591739671658,
            "steer": 0.0
        },
        {
            "throttle": 0.21943167149127987,
            "brake": 0.06611325657044921,
            "steer": 0.0
        },
        {
            "throttle": 0.22331446203419905,
            "brake": 0.05950193091340429,
            "steer": 0.0
        },
        {
            "throttle": 0.20098301583077915,
            "brake": 0.06961901695060677,
            "steer": 0.0
        },
        {
            "throttle": 0.18088471424770125,
            "brake": 0.07872439438408899,
            "steer": 0.0
        },
        {
            "throttle": 0.16279624282293112,
            "brake": 0.08691923407422297,
            "steer": 0.0
        },
        {
            "throttle": 0.14651661854063802,
            "brake": 0.09429458979534358,
            "steer": 0.0
        },
        {
            "throttle": 0.13186495668657422,
            "brake": 0.10093240994435212,
            "steer": 0.0
        },
        {
            "throttle": 0.1186784610179168,
            "brake": 0.10690644807845981,
            "steer": 0.0
        },
        {
            "throttle": 0.10681061491612513,
            "brake": 0.11228308239915671,
            "steer": 0.0
        },
        {
            "throttle": 0.09612955342451263,
            "brake": 0.11712205328778394,
            "steer": 0.0
        },
        {
            "throttle": 0.08651659808206137,
            "brake": 0.12147712708754843,
            "steer": 0.0
        },
        {
            "throttle": 0.07786493827385524,
            "brake": 0.12539669350733648,
            "steer": 0.0
        },
        {
            "throttle": 0.07007844444646971,
            "brake": 0.12892430328514573,
            "steer": 0.0
        },
        {
            "throttle": 0.06307060000182274,
            "brake": 0.13209915208517406,
            "steer": 0.0
        },
        {
            "throttle": 0.05676354000164047,
            "brake": 0.13495651600519956,
            "steer": 0.0
        },
        {
            "throttle": 0.10742244720322505,
            "brake": 0.12146086440467961,
            "steer": 0.0
        },
        {
            "throttle": 0.1561805884424986,
            "brake": 0.10931477796421166,
            "steer": 0.0
        },
        {
            "throttle": 0.20315023256592632,
            "brake": 0.0983833001677905,
            "steer": 0.0
        },
        {
            "throttle": 0.2483915470026759,
            "brake": 0.08854497015101145,
            "steer": 0.0
        },
        {
            "throttle": 0.29191937920039157,
            "brake": 0.07969047313591031,
            "steer": 0.0
        },
        {
            "throttle": 0.3337098802726073,
            "brake": 0.07172142582231927,
            "steer": 0.0
        },
        {
            "throttle": 0.37370695894424477,
            "brake": 0.06454928324008735,
            "steer": 0.0
        },
        {
            "throttle": 0.41182854855038964,
            "brake": 0.05809435491607862,
            "steer": 0.0
        },
        {
            "throttle": 0.4479726654983979,
            "brake": 0.052284919424470756,
            "steer": 0.0
        },
        {
            "throttle": 0.48202323422610993,
            "brake": 0.04705642748202368,
            "steer": 0.0
        },
        {
            "throttle": 0.5138556512560435,
            "brake": 0.04235078473382132,
            "steer": 0.0
        },
        {
            "throttle": 0.5433420594277377,
            "brake": 0.03811570626043919,
            "steer": 0.0
        },
        {
            "throttle": 0.5703563027527676,
            "brake": 0.03430413563439527,
            "steer": 0.0
        },
        {
            "throttle": 0.5947785325380748,
            "brake": 0.030873722070955744,
            "steer": 0.0
        },
        {
            "throttle": 0.6164994364157463,
            "brake": 0.02778634986386017,
            "steer": 0.0
        },
        {
            "throttle": 0.6354240636478174,
            "brake": 0.025007714877474153,
            "steer": 0.0
        },
        {
            "throttle": 0.6514752224839025,
            "brake": 0.02250694338972674,
            "steer": 0.0
        },
        {
            "throttle": 0.6645964283729807,
            "brake": 0.020256249050754065,
            "steer": 0.0
        },
        {
            "throttle": 0.6747543853990573,
            "brake": 0.018230624145678657,
            "steer": 0.0
        },
        {
            "throttle": 0.6819409873500529,
            "brake": 0.01640756173111079,
            "steer": 0.0
        },
        {
            "throttle": 0.6861748292628519,
            "brake": 0.014766805557999712,
            "steer": 0.0
        },
        {
            "throttle": 0.6875022250348879,
            "brake": 0.01329012500219974,
            "steer": 0.0
        },
        {
            "throttle": 0.6859977316718257,
            "brake": 0.011961112501979766,
            "steer": 0.0
        },
        {
            "throttle": 0.6817641858685679,
            "brake": 0.01076500125178179,
            "steer": 0.0
        },
        {
            "throttle": 0.6749322638134788,
            "brake": 0.009688501126603612,
            "steer": 0.0
        },
        {
            "throttle": 0.6656595802805793,
            "brake": 0.008719651013943251,
            "steer": 0.0
        },
        {
            "throttle": 0.6541293481503909,
            "brake": 0.007847685912548927,
            "steer": 0.0
        },
        {
            "throttle": 0.6405486243984948,
            "brake": 0.007062917321294035,
            "steer": 0.0
        },
        {
            "throttle": 0.6251461732366579,
            "brake": 0.0063566255891646314,
            "steer": 0.0
        },
        {
            "throttle": 0.6081699814138216,
            "brake": 0.0057209630302481685,
            "steer": 0.0
        },
        {
            "throttle": 0.5898844646178456,
            "brake": 0.005148866727223352,
            "steer": 0.0
        },
        {
            "throttle": 0.5705674074040942,
            "brake": 0.004633980054501017,
            "steer": 0.0
        },
        {
            "throttle": 0.5505066820609057,
            "brake": 0.004170582049050915,
            "steer": 0.0
        },
        {
            "throttle": 0.5299967942591219,
            "brake": 0.003753523844145824,
            "steer": 0.0
        },
        {
            "throttle": 0.5093353051854914,
            "brake": 0.0033781714597312415,
            "steer": 0.0
        },
        {
            "throttle": 0.48881918109845557,
            "brake": 0.0030403543137581175,
            "steer": 0.0
        },
        {
            "throttle": 0.46874112184878464,
            "brake": 0.002736318882382306,
            "steer": 0.0
        },
        {
            "throttle": 0.449385919864784,
            "brake": 0.002462686994144075,
            "steer": 0.0
        },
        {
            "throttle": 0.431026900409338,
            "brake": 0.0022164182947296677,
            "steer": 0.0
        },
        {
            "throttle": 0.4139224925798555,
            "brake": 0.001994776465256701,
            "steer": 0.0
        },
        {
            "throttle": 0.37253024332186996,
            "brake": 0.017862577947273927,
            "steer": 0.0
        },
        {
            "throttle": 0.335277218989683,
            "brake": 0.03214359928108943,
            "steer": 0.0
        },
        {
            "throttle": 0.3017494970907147,
            "brake": 0.04499651848152338,
            "steer": 0.0
        },
        {
            "throttle": 0.2715745473816432,
            "brake": 0.05656414576191394,
            "steer": 0.0
        },
        {
            "throttle": 0.2444170926434789,
            "brake": 0.06697501031426545,
            "steer": 0.0
        },
        {
            "throttle": 0.21997538337913103,
            "brake": 0.0763447884113818,
            "steer": 0.0
        },
        {
            "throttle": 0.19797784504121793,
            "brake": 0.08477758869878652,
            "steer": 0.0
        },
        {
            "throttle": 0.17818006053709615,
            "brake": 0.09236710895745076,
            "steer": 0.0
        },
        {
            "throttle": 0.16036205448338653,
            "brake": 0.09919767719024858,
            "steer": 0.0
        },
        {
            "throttle": 0.1443258490350479,
            "brake": 0.10534518859976663,
            "steer": 0.0
        },
        {
            "throttle": 0.1298932641315431,
            "brake": 0.11087794886833285,
            "steer": 0.0
        },
        {
            "throttle": 0.11690393771838878,
            "brake": 0.11585743311004246,
            "steer": 0.0
        },
        {
            "throttle": 0.1052135439465499,
            "brake": 0.12033896892758111,
            "steer": 0.0
        },
        {
            "throttle": 0.14598184108140894,
            "brake": 0.10830507203482301,
            "steer": 0.0
        },
        {
            "throttle": 0.18587578501012747,
            "brake": 0.0974745648313407,
            "steer": 0.0
        },
        {
            "throttle": 0.22497131013289823,
            "brake": 0.08772710834820664,
            "steer": 0.0
        },
        {
            "throttle": 0.2632945104895185,
            "brake": 0.07895439751338598,
            "steer": 0.0
        },
        {
            "throttle": 0.30082733538995277,
            "brake": 0.07105895776204739,
            "steer": 0.0
        },
        {
            "throttle": 0.3375132653887737,
            "brake": 0.06395306198584265,
            "steer": 0.0
        },
        {
            "throttle": 0.37326295386744573,
            "brake": 0.057557755787258386,
            "steer": 0.0
        },
        {
            "throttle": 0.4079598139026476,
            "brake": 0.05180198020853255,
            "steer": 0.0
        },
        {
            "throttle": 0.4414655253862229,
            "brake": 0.046621782187679296,
            "steer": 0.0
        },
        {
            "throttle": 0.47362543352488434,
            "brake": 0.041959603968911366,
            "steer": 0.0
        },
        {
            "throttle": 0.5042738068819094,
            "brake": 0.03776364357202023,
            "steer": 0.0
        },
        {
            "throttle": 0.5332389210190935,
            "brake": 0.03398727921481821,
            "steer": 0.0
        },
        {
            "throttle": 0.5603479325389805,
            "brake": 0.03058855129333639,
            "steer": 0.0
        },
        {
            "throttle": 0.5854315078918951,
            "brake": 0.02752969616400275,
            "steer": 0.0
        },
        {
            "throttle": 0.6083281716696554,
            "brake": 0.024776726547602476,
            "steer": 0.0
        },
        {
            "throttle": 0.6288883402211997,
            "brake": 0.02229905389284223,
            "steer": 0.0
        },
        {
            "throttle": 0.6469780082510981,
            "brake": 0.020069148503558006,
            "steer": 0.0
        },
        {
            "throttle": 0.6624820585498487,
            "brake": 0.018062233653202205,
            "steer": 0.0
        },
        {
            "throttle": 0.6753071680986419,
            "brake": 0.016256010287881983,
            "steer": 0.0
        },
        {
            "throttle": 0.6853842874288946,
            "brake": 0.014630409259093785,
            "steer": 0.0
        },
        {
            "throttle": 0.6926706742311767,
            "brake": 0.013167368333184408,
            "steer": 0.0
        },
        {
            "throttle": 0.697151466727661,
            "brake": 0.011850631499865967,
            "steer": 0.0
        },
        {
            "throttle": 0.6988407871717176,
            "brake": 0.01066556834987937,
            "steer": 0.0
        },
        {
            "throttle": 0.6977823709397257,
            "brake": 0.009599011514891434,
            "steer": 0.0
        },
        {
            "throttle": 0.6940497219536144,
            "brake": 0.008639110363402291,
            "steer": 0.0
        },
        {
            "throttle": 0.6877458005370478,
            "brake": 0.007775199327062062,
            "steer": 0.0
        },
        {
            "throttle": 0.6790022551824555,
            "brake": 0.006997679394355856,
            "steer": 0.0
        },
        {
            "throttle": 0.6679782150100381,
            "brake": 0.0062979114549202705,
            "steer": 0.0
        },
        {
            "throttle": 0.6548586648550923,
            "brake": 0.005668120309428244,
            "steer": 0.0
        },
        {
            "throttle": 0.6398524298508759,
            "brake": 0.005101308278485419,
            "steer": 0.0
        },
        {
            "throttle": 0.6231898010089018,
            "brake": 0.004591177450636878,
            "steer": 0.0
        },
        {
            "throttle": 0.6051198375696826,
            "brake": 0.00413205970557319,
            "steer": 0.0
        },
        {
            "throttle": 0.585907385742662,
            "brake": 0.003718853735015871,
            "steer": 0.0
        },
        {
            "throttle": 0.5658298568186063,
            "brake": 0.003346968361514284,
            "steer": 0.0
        },
        {
            "throttle": 0.5451738104722361,
            "brake": 0.0030122715253628556,
            "steer": 0.0
        },
        {
            "throttle": 0.5242313913358962,
            "brake": 0.00271104437282657,
            "steer": 0.0
        },
        {
            "throttle": 0.5032966685831419,
            "brake": 0.002439939935543913,
            "steer": 0.0
        }
    ],
    "parameters": {
        "fog_density": 21.473222903760867,
        "precipitation": 54.595274867980415,
        "precipitation_deposits": 21.089833221411393,
        "wind_intensity": 1.3990839539143984,
        "sun_altitude_angle": 41.58173016404433,
        "cloudiness": 74.90326524702408,
        "lead_base_throttle": 0.5362344563433092,
        "lead_behavior_frequency": 0.18322966474556462,
        "lead_throttle_variation": 0.27842039335620283,
        "lead_brake_probability": 0.22146029095536884,
        "lead_brake_intensity": 0.16067279128542894,
        "lead_brake_duration": 13.609657654586119,
        "initial_distance": 57.83968839143951,
        "initial_ego_velocity": 15.39817660437214,
        "initial_lead_velocity": 22.412353520389278
    },
    "config": {
        "num_timesteps": 200,
        "dt": 0.1,
        "seed": 157
    }
}