{
    "weather": {
        "cloudiness": 44.26225363825962,
        "precipitation": 51.54576425451574,
        "precipitation_deposits": 88.3184716731297,
        "wind_intensity": 25.26934638288098,
        "sun_altitude_angle": 59.172156465689696,
        "fog_density": 32.3658259984322,
        "fog_distance": 339.9825906632864,
        "wetness": 25.77288212725787
    },
    "initial_conditions": {
        "ego": {
            "position": {
                "x": 549.3434165730661,
                "y": 20.57,
                "z": 0.294
            },
            "yaw": 0.0,
            "velocity": 19.641201359220887
        },
        "lead": {
            "position": {
                "x": 484.88,
                "y": 20.57,
                "z": 0.294
            },
            "yaw": 0.0,
            "velocity": 7.1880052941205825
        }
    },
    "ego": {
        "position": {
            "x": 549.3434165730661,
            "y": 20.57,
            "z": 0.294
        },
        "yaw": 0.0,
        "velocity": 19.641201359220887
    },
    "lead": {
        "position": {
            "x": 484.88,
            "y": 20.57,
            "z": 0.294
        },
        "yaw": 0.0,
        "velocity": 7.1880052941205825
    },
    "ado_actions": [
        {
            "throttle": 0.3606291116018533,
            "brake": 0.0,
            "steer": 0.0
        },
        {
            "throttle": 0.361629856512554,
            "brake": 0.0,
            "steer": 0.0
        },
        {
            "throttle": 0.3635284368481448,
            "brake": 0.0,
            "steer": 0.0
        },
        {
            "throttle": 0.3662294071078679,
            "brake": 0.0,
            "steer": 0.0
        },
        {
            "throttle": 0.36964405541718703,
            "brake": 0.0,
            "steer": 0.0
        },
        {
            "throttle": 0.37368975416786177,
            "brake": 0.0,
            "steer": 0.0
        },
        {
            "throttle": 0.37828938348904,
            "brake": 0.0,
            "steer": 0.0
        },
        {
            "throttle": 0.38337082017590446,
            "brake": 0.0,
            "steer": 0.0
        },
        {
            "throttle": 0.38886648541764524,
            "brake": 0.0,
            "steer": 0.0
        },
        {
            "throttle": 0.3947129453105631,
            "brake": 0.0,
            "steer": 0.0
        },
        {
            "throttle": 0.4008505587221153,
            "brake": 0.0,
            "steer": 0.0
        },
        {
            "throttle": 0.4072231675941669,
            "brake": 0.0,
            "steer": 0.0
        },
        {
            "throttle": 0.4137778252444133,
            "brake": 0.0,
            "steer": 0.0
        },
        {
            "throttle": 0.420464558649133,
            "brake": 0.0,
            "steer": 0.0
        },
        {
            "throttle": 0.4272361610728169,
            "brake": 0.0,
            "steer": 0.0
        },
        {
            "throttle": 0.4340480117550409,
            "brake": 0.0,
            "steer": 0.0
        },
        {
            "throttle": 0.44085791967600446,
            "brake": 0.0,
            "steer": 0.0
        },
        {
            "throttle": 0.44762598870288783,
            "brake": 0.0,
            "steer": 0.0
        },
        {
            "throttle": 0.40286338983259906,
            "brake": 0.010160021298845945,
            "steer": 0.0
        },
        {
            "throttle": 0.36257705084933917,
            "brake": 0.019304040467807294,
            "steer": 0.0
        },
        {
            "throttle": 0.32631934576440524,
            "brake": 0.027533657719872512,
            "steer": 0.0
        },
        {
            "throttle": 0.2936874111879647,
            "brake": 0.034940313246731206,
            "steer": 0.0
        },
        {
            "throttle": 0.26431867006916826,
            "brake": 0.041606303220904035,
            "steer": 0.0
        },
        {
            "throttle": 0.23788680306225143,
            "brake": 0.04760569419765958,
            "steer": 0.0
        },
        {
            "throttle": 0.2140981227560263,
            "brake": 0.05300514607673957,
            "steer": 0.0
        },
        {
            "throttle": 0.19268831048042367,
            "brake": 0.057864652767911556,
            "steer": 0.0
        },
        {
            "throttle": 0.1734194794323813,
            "brake": 0.062238208789966346,
            "steer": 0.0
        },
        {
            "throttle": 0.1560775314891432,
            "brake": 0.06617440920981565,
            "steer": 0.0
        },
        {
            "throttle": 0.14046977834022886,
            "brake": 0.06971698958768004,
            "steer": 0.0
        },
        {
            "throttle": 0.12642280050620597,
            "brake": 0.07290531192775797,
            "steer": 0.0
        },
        {
            "throttle": 0.11378052045558537,
            "brake": 0.07577480203382811,
            "steer": 0.0
        },
        {
            "throttle": 0.10240246841002684,
            "brake": 0.07835734312929124,
            "steer": 0.0
        },
        {
            "throttle": 0.09216222156902416,
            "brake": 0.08068163011520806,
            "steer": 0.0
        },
        {
            "throttle": 0.13749395303773845,
            "brake": 0.07261346710368725,
            "steer": 0.0
        },
        {
            "throttle": 0.1780814273822757,
            "brake": 0.06535212039331853,
            "steer": 0.0
        },
        {
            "throttle": 0.21434730230139565,
            "brake": 0.05881690835398668,
            "steer": 0.0
        },
        {
            "throttle": 0.2466727143533117,
            "brake": 0.05293521751858801,
            "steer": 0.0
        },
        {
            "throttle": 0.2754015756130998,
            "brake": 0.04764169576672921,
            "steer": 0.0
        },
        {
            "throttle": 0.3008444381454431,
            "brake": 0.04287752619005629,
            "steer": 0.0
        },
        {
            "throttle": 0.3232819691088397,
            "brake": 0.03858977357105066,
            "steer": 0.0
        },
        {
            "throttle": 0.3429680750340641,
            "brake": 0.03473079621394559,
            "steer": 0.0
        },
        {
            "throttle": 0.3601327099747858,
            "brake": 0.031257716592551034,
            "steer": 0.0
        },
        {
            "throttle": 0.37498439876893946,
            "brake": 0.028131944933295933,
            "steer": 0.0
        },
        {
            "throttle": 0.387712503537124,
            "brake": 0.02531875043996634,
            "steer": 0.0
        },
        {
            "throttle": 0.39848925874424823,
            "brake": 0.022786875395969707,
            "steer": 0.0
        },
        {
            "throttle": 0.40747159763158086,
            "brake": 0.020508187856372737,
            "steer": 0.0
        },
        {
            "throttle": 0.41480279056016023,
            "brake": 0.018457369070735464,
            "steer": 0.0
        },
        {
            "throttle": 0.4206139137678498,
            "brake": 0.01661163216366192,
            "steer": 0.0
        },
        {
            "throttle": 0.42502516520839245,
            "brake": 0.014950468947295728,
            "steer": 0.0
        },
        {
            "throttle": 0.42814704249109736,
            "brake": 0.013455422052566154,
            "steer": 0.0
        },
        {
            "throttle": 0.4300813964558215,
            "brake": 0.012109879847309539,
            "steer": 0.0
        },
        {
            "throttle": 0.4309223725830558,
            "brake": 0.010898891862578586,
            "steer": 0.0
        },
        {
            "throttle": 0.4307572512382296,
            "brake": 0.009809002676320728,
            "steer": 0.0
        },
        {
            "throttle": 0.4296671966693348,
            "brake": 0.008828102408688655,
            "steer": 0.0
        },
        {
            "throttle": 0.4277279237055229,
            "brake": 0.007945292167819789,
            "steer": 0.0
        },
        {
            "throttle": 0.42501029023052284,
            "brake": 0.00715076295103781,
            "steer": 0.0
        },
        {
            "throttle": 0.42158082271874475,
            "brake": 0.006435686655934029,
            "steer": 0.0
        },
        {
            "throttle": 0.4175021814149368,
            "brake": 0.005792117990340626,
            "steer": 0.0
        },
        {
            "throttle": 0.41283357110227614,
            "brake": 0.005212906191306563,
            "steer": 0.0
        },
        {
            "throttle": 0.4076311028316506,
            "brake": 0.004691615572175907,
            "steer": 0.0
        },
        {
            "throttle": 0.40194811147016746,
            "brake": 0.004222454014958316,
            "steer": 0.0
        },
        {
            "throttle": 0.3958354334638064,
            "brake": 0.0038002086134624846,
            "steer": 0.0
        },
        {
            "throttle": 0.3893416487923942,
            "brake": 0.0034201877521162364,
            "steer": 0.0
        },
        {
            "throttle": 0.3825132907200118,
            "brake": 0.003078168976904613,
            "steer": 0.0
        },
        {
            "throttle": 0.37539502660632257,
            "brake": 0.0027703520792141515,
            "steer": 0.0
        },
        {
            "throttle": 0.36802981274032387,
            "brake": 0.0024933168712927365,
            "steer": 0.0
        },
        {
            "throttle": 0.3604590258842413,
            "brake": 0.002243985184163463,
            "steer": 0.0
        },
        {
            "throttle": 0.35272257396862994,
            "brake": 0.002019586665747117,
            "steer": 0.0
        },
        {
            "throttle": 0.34485898815743776,
            "brake": 0.0018176279991724054,
            "steer": 0.0
        },
        {
            "throttle": 0.33690549830132693,
            "brake": 0.001635865199255165,
            "steer": 0.0
        },
        {
            "throttle": 0.3288980936167,
            "brake": 0.0014722786793296483,
            "steer": 0.0
        },
        {
            "throttle": 0.32087157026461033,
            "brake": 0.0013250508113966835,
            "steer": 0.0
        },
        {
            "throttle": 0.3128595673562399,
            "brake": 0.0011925457302570152,
            "steer": 0.0
        },
        {
            "throttle": 0.30489459277826764,
            "brake": 0.0010732911572313138,
            "steer": 0.0
        },
        {
            "throttle": 0.29700804011075765,
            "brake": 0.0009659620415081824,
            "steer": 0.0
        },
        {
            "throttle": 0.2673072360996819,
            "brake": 0.011029387136203309,
            "steer": 0.0
        },
        {
            "throttle": 0.2405765124897137,
            "brake": 0.020086469721428923,
            "steer": 0.0
        },
        {
            "throttle": 0.21651886124074235,
            "brake": 0.028237844048131976,
            "steer": 0.0
        },
        {
            "throttle": 0.19486697511666812,
            "brake": 0.03557408094216472,
            "steer": 0.0
        },
        {
            "throttle": 0.1753802776050013,
            "brake": 0.042176694146794196,
            "steer": 0.0
        },
        {
            "throttle": 0.15784224984450118,
            "brake": 0.048119046030960726,
            "steer": 0.0
        },
        {
            "throttle": 0.14205802486005106,
            "brake": 0.0534671627267106,
            "steer": 0.0
        },
        {
            "throttle": 0.12785222237404595,
            "brake": 0.058280467752885486,
            "steer": 0.0
        },
        {
            "throttle": 0.11506700013664135,
            "brake": 0.06261244227644289,
            "steer": 0.0
        },
        {
            "throttle": 0.10356030012297722,
            "brake": 0.06651121934764455,
            "steer": 0.0
        },
        {
            "throttle": 0.0932042701106795,
            "brake": 0.07002011871172603,
            "steer": 0.0
        },
        {
            "throttle": 0.08388384309961155,
            "brake": 0.07317812813939938,
            "steer": 0.0
        },
        {
            "throttle": 0.0754954587896504,
            "brake": 0.07602033662430538,
            "steer": 0.0
        },
        {
            "throttle": 0.06794591291068536,
            "brake": 0.07857832426072078,
            "steer": 0.0
        },
        {
            "throttle": 0.061151321619616825,
            "brake": 0.08088051313349465,
            "steer": 0.0
        },
        {
            "throttle": 0.07234802099348045,
            "brake": 0.07279246182014519,
            "steer": 0.0
        },
        {
            "throttle": 0.08253000125855325,
            "brake": 0.06551321563813067,
            "steer": 0.0
        },
        {
            "throttle": 0.07427700113269793,
            "brake": 0.06912191537316355,
            "steer": 0.0
        },
        {
            "throttle": 0.06684930101942814,
            "brake": 0.07236974513469313,
            "steer": 0.0
        },
        {
            "throttle": 0.060164370917485326,
            "brake": 0.07529279192006975,
            "steer": 0.0
        },
        {
            "throttle": 0.054147933825736794,
            "brake": 0.07792353402690871,
            "steer": 0.0
        },
        {
            "throttle": 0.04873314044316312,
            "brake": 0.08029120192306378,
            "steer": 0.0
        },
        {
            "throttle": 0.04385982639884681,
            "brake": 0.08242210302960334,
            "steer": 0.0
        },
        {
            "throttle": 0.03947384375896213,
            "brake": 0.08433991402548895,
            "steer": 0.0
        },
        {
            "throttle": 0.035526459383065916,
            "brake": 0.08606594392178599,
            "steer": 0.0
        },
        {
            "throttle": 0.03197381344475932,
            "brake": 0.08761937082845334,
            "steer": 0.0
        },
        {
            "throttle": 0.02877643210028339,
            "brake": 0.08901745504445395,
            "steer": 0.0
        },
        {
            "throttle": 0.025898788890255053,
            "brake": 0.0902757308388545,
            "steer": 0.0
        },
        {
            "throttle": 0.023308910001229546,
            "brake": 0.09140817905381499,
            "steer": 0.0
        },
        {
            "throttle": 0.02097801900110659,
            "brake": 0.09242738244727942,
            "steer": 0.0
        },
        {
            "throttle": 0.01888021710099593,
            "brake": 0.09334466550139742,
            "steer": 0.0
        },
        {
            "throttle": 0.016992195390896338,
            "brake": 0.09417022025010362,
            "steer": 0.0
        },
        {
            "throttle": 0.040931186791802056,
            "brake": 0.08475319822509325,
            "steer": 0.0
        },
        {
            "throttle": 0.06332401950359488,
            "brake": 0.07627787840258393,
            "steer": 0.0
        },
        {
            "throttle": 0.08435243981602275,
            "brake": 0.06865009056232554,
            "steer": 0.0
        },
        {
            "throttle": 0.10417754098173117,
            "brake": 0.06178508150609299,
            "steer": 0.0
        },
        {
            "throttle": 0.12294175868366887,
            "brake": 0.0556065733554837,
            "steer": 0.0
        },
        {
            "throttle": 0.14077067417463512,
            "brake": 0.05004591601993533,
            "steer": 0.0
        },
        {
            "throttle": 0.15777464449914227,
            "brake": 0.04504132441794179,
            "steer": 0.0
        },
        {
            "throttle": 0.17405027724579727,
            "brake": 0.040537191976147614,
            "steer": 0.0
        },
        {
            "throttle": 0.18968176551218957,
            "brake": 0.03648347277853285,
            "steer": 0.0
        },
        {
            "throttle": 0.20474209717429512,
            "brake": 0.03283512550067957,
            "steer": 0.0
        },
        {
            "throttle": 0.21929415112110678,
            "brake": 0.02955161295061161,
            "steer": 0.0
        },
        {
            "throttle": 0.23339169182677166,
            "brake": 0.02659645165555045,
            "steer": 0.0
        },
        {
            "throttle": 0.24708027247273642,
            "brake": 0.023936806489995407,
            "steer": 0.0
        },
        {
            "throttle": 0.26039805578846736,
            "brake": 0.021543125840995866,
            "steer": 0.0
        },
        {
            "throttle": 0.27337656083970496,
            "brake": 0.01938881325689628,
            "steer": 0.0
        },
        {
            "throttle": 0.2860413431475646,
            "brake": 0.017449931931206652,
            "steer": 0.0
        },
        {
            "throttle": 0.29841261476077297,
            "brake": 0.015704938738085986,
            "steer": 0.0
        },
        {
            "throttle": 0.3105058102185373,
            "brake": 0.014134444864277389,
            "steer": 0.0
        },
        {
            "throttle": 0.3223321037254198,
            "brake": 0.01272100037784965,
            "steer": 0.0
        },
        {
            "throttle": 0.33389888230533443,
            "brake": 0.011448900340064686,
            "steer": 0.0
        },
        {
            "throttle": 0.3452101792032658,
            "brake": 0.010304010306058218,
            "steer": 0.0
        },
        {
            "throttle": 0.35626707135502655,
            "brake": 0.009273609275452396,
            "steer": 0.0
        },
        {
            "throttle": 0.3670680443423491,
            "brake": 0.008346248347907157,
            "steer": 0.0
        },
        {
            "throttle": 0.3776093278883916,
            "brake": 0.007511623513116441,
            "steer": 0.0
        },
        {
            "throttle": 0.38788520462329795,
            "brake": 0.006760461161804797,
            "steer": 0.0
        },
        {
            "throttle": 0.39788829455716646,
            "brake": 0.006084415045624317,
            "steer": 0.0
        },
        {
            "throttle": 0.4076098174353973,
            "brake": 0.005475973541061886,
            "steer": 0.0
        },
        {
            "throttle": 0.4170398349159597,
            "brake": 0.004928376186955697,
            "steer": 0.0
        },
        {
            "throttle": 0.42616747429700425,
            "brake": 0.0044355385682601275,
            "steer": 0.0
        },
        {
            "throttle": 0.4349811353340658,
            "brake": 0.003991984711434115,
            "steer": 0.0
        },
        {
            "throttle": 0.4434686815167004,
            "brake": 0.0035927862402907037,
            "steer": 0.0
        },
        {
            "throttle": 0.4516176170228536,
            "brake": 0.0032335076162616334,
            "steer": 0.0
        },
        {
            "throttle": 0.4594152504338138,
            "brake": 0.00291015685463547,
            "steer": 0.0
        },
        {
            "throttle": 0.46684884617169464,
            "brake": 0.002619141169171923,
            "steer": 0.0
        },
        {
            "throttle": 0.47390576451359934,
            "brake": 0.002357227052254731,
            "steer": 0.0
        },
        {
            "throttle": 0.4805735909406649,
            "brake": 0.002121504347029258,
            "steer": 0.0
        },
        {
            "throttle": 0.48684025549491183,
            "brake": 0.0019093539123263322,
            "steer": 0.0
        },
        {
            "throttle": 0.4926941427411984,
            "brake": 0.001718418521093699,
            "steer": 0.0
        },
        {
            "throttle": 0.4981241928646474,
            "brake": 0.0015465766689843291,
            "steer": 0.0
        },
        {
            "throttle": 0.5031199943748416,
            "brake": 0.0013919190020858963,
            "steer": 0.0
        },
        {
            "throttle": 0.5076718688360887,
            "brake": 0.0012527271018773066,
            "steer": 0.0
        },
        {
            "throttle": 0.511770947997456,
            "brake": 0.001127454391689576,
            "steer": 0.0
        },
        {
            "throttle": 0.5154092436564298,
            "brake": 0.0010147089525206184,
            "steer": 0.0
        },
        {
            "throttle": 0.5185797105554072,
            "brake": 0.0009132380572685566,
            "steer": 0.0
        },
        {
            "throttle": 0.5212763025802502,
            "brake": 0.000821914251541701,
            "steer": 0.0
        },
        {
            "throttle": 0.5234940225043658,
            "brake": 0.0007397228263875308,
            "steer": 0.0
        },
        {
            "throttle": 0.5252289654997963,
            "brake": 0.0006657505437487778,
            "steer": 0.0
        },
        {
            "throttle": 0.5264783566182162,
            "brake": 0.0005991754893739,
            "steer": 0.0
        },
        {
            "throttle": 0.5272405824292056,
            "brake": 0.00053925794043651,
            "steer": 0.0
        },
        {
            "throttle": 0.5275152169903595,
            "brake": 0.00048533214639285904,
            "steer": 0.0
        },
        {
            "throttle": 0.5273030423134368,
            "brake": 0.00043679893175357313,
            "steer": 0.0
        },
        {
            "throttle": 0.5266060634825638,
            "brake": 0.0003931190385782158,
            "steer": 0.0
        },
        {
            "throttle": 0.5254275185742602,
            "brake": 0.0003538071347203942,
            "steer": 0.0
        },
        {
            "throttle": 0.5237718835245198,
            "brake": 0.0003184264212483548,
            "steer": 0.0
        },
        {
            "throttle": 0.5216448720851612,
            "brake": 0.0002865837791235193,
            "steer": 0.0
        },
        {
            "throttle": 0.5190534310099725,
            "brake": 0.00025792540121116737,
            "steer": 0.0
        },
        {
            "throttle": 0.5160057306106498,
            "brake": 0.00023213286109005063,
            "steer": 0.0
        },
        {
            "throttle": 0.5125111508230088,
            "brake": 0.00020891957498104556,
            "steer": 0.0
        },
        {
            "throttle": 0.5085802629252942,
            "brake": 0.000188027617482941,
            "steer": 0.0
        },
        {
            "throttle": 0.5042248070524957,
            "brake": 0.0001692248557346469,
            "steer": 0.0
        },
        {
            "throttle": 0.4994576656532754,
            "brake": 0.00015230237016118222,
            "steer": 0.0
        },
        {
            "throttle": 0.49429283303931437,
            "brake": 0.000137072133145064,
            "steer": 0.0
        },
        {
            "throttle": 0.48874538118049715,
            "brake": 0.0001233649198305576,
            "steer": 0.0
        },
        {
            "throttle": 0.4828314219032688,
            "brake": 0.00011102842784750185,
            "steer": 0.0
        },
        {
            "throttle": 0.4765680656536483,
            "brake": 9.992558506275167e-05,
            "steer": 0.0
        },
        {
            "throttle": 0.4699733769906722,
            "brake": 8.993302655647651e-05,
            "steer": 0.0
        },
        {
            "throttle": 0.4630663269804102,
            "brake": 8.093972390082885e-05,
            "steer": 0.0
        },
        {
            "throttle": 0.45586674266506866,
            "brake": 7.284575151074597e-05,
            "steer": 0.0
        },
        {
            "throttle": 0.44839525378601813,
            "brake": 6.556117635967136e-05,
            "steer": 0.0
        },
        {
            "throttle": 0.4406732369437922,
            "brake": 5.900505872370423e-05,
            "steer": 0.0
        },
        {
            "throttle": 0.4327227573821531,
            "brake": 5.310455285133381e-05,
            "steer": 0.0
        },
        {
            "throttle": 0.4245665085871606,
            "brake": 4.779409756620043e-05,
            "steer": 0.0
        },
        {
            "throttle": 0.4162277498957665,
            "brake": 4.301468780958039e-05,
            "steer": 0.0
        },
        {
            "throttle": 0.40773024231175775,
            "brake": 3.871321902862235e-05,
            "steer": 0.0
        },
        {
            "throttle": 0.39909818272983916,
            "brake": 3.4841897125760114e-05,
            "steer": 0.0
        },
        {
            "throttle": 0.39035613677126174,
            "brake": 3.135770741318411e-05,
            "steer": 0.0
        },
        {
            "throttle": 0.381528970436627,
            "brake": 2.8221936671865697e-05,
            "steer": 0.0
        },
        {
            "throttle": 0.37264178078331456,
            "brake": 2.5399743004679126e-05,
            "steer": 0.0
        },
        {
            "throttle": 0.36371982583635926,
            "brake": 2.2859768704211215e-05,
            "steer": 0.0
        },
        {
            "throttle": 0.3547884539425305,
            "brake": 2.0573791833790093e-05,
            "steer": 0.0
        },
        {
            "throttle": 0.34587303277782705,
            "brake": 1.8516412650411085e-05,
            "steer": 0.0
        },
        {
            "throttle": 0.3369988782185698,
            "brake": 1.6664771385369976e-05,
            "steer": 0.0
        },
        {
            "throttle": 0.328191183285759,
            "brake": 1.4998294246832979e-05,
            "steer": 0.0
        },
        {
            "throttle": 0.31947494737133514,
            "brake": 1.3498464822149682e-05,
            "steer": 0.0
        },
        {
            "throttle": 0.31087490595345035,
            "brake": 1.2148618339934713e-05,
            "steer": 0.0
        },
        {
            "throttle": 0.3024154610058114,
            "brake": 1.0933756505941243e-05,
            "steer": 0.0
        },
        {
            "throttle": 0.2941206123035926,
            "brake": 9.84038085534712e-06,
            "steer": 0.0
        },
        {
            "throttle": 0.2860138898253417,
            "brake": 8.856342769812408e-06,
            "steer": 0.0
        },
        {
            "throttle": 0.27811828744671635,
            "brake": 7.970708492831167e-06,
            "steer": 0.0
        },
        {
            "throttle": 0.27045619811779276,
            "brake": 7.17363764354805e-06,
            "steer": 0.0
        },
        {
            "throttle": 0.26304935071109725,
            "brake": 6.456273879193246e-06,
            "steer": 0.0
        },
        {
            "throttle": 0.2559187487224252,
            "brake": 5.810646491273921e-06,
            "steer": 0.0
        },
        {
            "throttle": 0.24908461100094845,
            "brake": 5.229581842146529e-06,
            "steer": 0.0
        }
    ],
    "parameters": {
        "fog_density": 32.3658259984322,
        "precipitation": 51.54576425451574,
        "precipitation_deposits": 88.3184716731297,
        "wind_intensity": 25.26934638288098,
        "sun_altitude_angle": 59.172156465689696,
        "cloudiness": 44.26225363825962,
        "lead_base_throttle": 0.3606291116018533,
        "lead_behavior_frequency": 0.08471997938118649,
        "lead_throttle_variation": 0.1880887409084514,
        "lead_brake_probability": 0.27167466056280154,
        "lead_brake_intensity": 0.10160021298845943,
        "lead_brake_duration": 15.110677004681119,
        "initial_distance": 64.46341657306607,
        "initial_ego_velocity": 19.641201359220887,
        "initial_lead_velocity": 7.1880052941205825
    },
    "config": {
        "num_timesteps": 200,
        "dt": 0.1,
        "seed": 238
    }
}