{
    "weather": {
        "cloudiness": 45.441954118064864,
        "precipitation": 93.09794167138995,
        "precipitation_deposits": 73.85185527017974,
        "wind_intensity": 45.87386004584991,
        "sun_altitude_angle": 42.419755329133224,
        "fog_density": 18.142535111319305,
        "fog_distance": 546.2103230400745,
        "wetness": 46.54897083569497
    },
    "initial_conditions": {
        "ego": {
            "position": {
                "x": 500.23347748611803,
                "y": 20.57,
                "z": 0.294
            },
            "yaw": 0.0,
            "velocity": 14.759919850058015
        },
        "lead": {
            "position": {
                "x": 484.88,
                "y": 20.57,
                "z": 0.294
            },
            "yaw": 0.0,
            "velocity": 14.060971247409215
        }
    },
    "ego": {
        "position": {
            "x": 500.23347748611803,
            "y": 20.57,
            "z": 0.294
        },
        "yaw": 0.0,
        "velocity": 14.759919850058015
    },
    "lead": {
        "position": {
            "x": 484.88,
            "y": 20.57,
            "z": 0.294
        },
        "yaw": 0.0,
        "velocity": 14.060971247409215
    },
    "ado_actions": [
        {
            "throttle": 0.32539155772871053,
            "brake": 0.0,
            "steer": 0.0
        },
        {
            "throttle": 0.3277348336429261,
            "brake": 0.0,
            "steer": 0.0
        },
        {
            "throttle": 0.3321675555319571,
            "brake": 0.0,
            "steer": 0.0
        },
        {
            "throttle": 0.3384419364142694,
            "brake": 0.0,
            "steer": 0.0
        },
        {
            "throttle": 0.34631595124334674,
            "brake": 0.0,
            "steer": 0.0
        },
        {
            "throttle": 0.3555532422576619,
            "brake": 0.0,
            "steer": 0.0
        },
        {
            "throttle": 0.36592318805845103,
            "brake": 0.0,
            "steer": 0.0
        },
        {
            "throttle": 0.37720111475089496,
            "brake": 0.0,
            "steer": 0.0
        },
        {
            "throttle": 0.3891686284109109,
            "brake": 0.0,
            "steer": 0.0
        },
        {
            "throttle": 0.401614049028057,
            "brake": 0.0,
            "steer": 0.0
        },
        {
            "throttle": 0.4143329269387462,
            "brake": 0.0,
            "steer": 0.0
        },
        {
            "throttle": 0.42712862361484777,
            "brake": 0.0,
            "steer": 0.0
        },
        {
            "throttle": 0.4398129395208279,
            "brake": 0.0,
            "steer": 0.0
        },
        {
            "throttle": 0.4522067726061544,
            "brake": 0.0,
            "steer": 0.0
        },
        {
            "throttle": 0.4641407918655077,
            "brake": 0.0,
            "steer": 0.0
        },
        {
            "throttle": 0.4754561112826361,
            "brake": 0.0,
            "steer": 0.0
        },
        {
            "throttle": 0.4860049503783357,
            "brake": 0.0,
            "steer": 0.0
        },
        {
            "throttle": 0.49565126851157315,
            "brake": 0.0,
            "steer": 0.0
        },
        {
            "throttle": 0.50427136103656,
            "brake": 0.0,
            "steer": 0.0
        },
        {
            "throttle": 0.5117544063978576,
            "brake": 0.0,
            "steer": 0.0
        },
        {
            "throttle": 0.5180029542495486,
            "brake": 0.0,
            "steer": 0.0
        },
        {
            "throttle": 0.5229333457114149,
            "brake": 0.0,
            "steer": 0.0
        },
        {
            "throttle": 0.5264760579223261,
            "brake": 0.0,
            "steer": 0.0
        },
        {
            "throttle": 0.5285759661153034,
            "brake": 0.0,
            "steer": 0.0
        },
        {
            "throttle": 0.5291925175159605,
            "brake": 0.0,
            "steer": 0.0
        },
        {
            "throttle": 0.5282998124516004,
            "brake": 0.0,
            "steer": 0.0
        },
        {
            "throttle": 0.525886589147047,
            "brake": 0.0,
            "steer": 0.0
        },
        {
            "throttle": 0.5219561097697611,
            "brake": 0.0,
            "steer": 0.0
        },
        {
            "throttle": 0.5165259463650629,
            "brake": 0.0,
            "steer": 0.0
        },
        {
            "throttle": 0.5096276663862219,
            "brake": 0.0,
            "steer": 0.0
        },
        {
            "throttle": 0.5013064185675031,
            "brake": 0.0,
            "steer": 0.0
        },
        {
            "throttle": 0.49162042090458175,
            "brake": 0.0,
            "steer": 0.0
        },
        {
            "throttle": 0.480640353489697,
            "brake": 0.0,
            "steer": 0.0
        },
        {
            "throttle": 0.468448659892177,
            "brake": 0.0,
            "steer": 0.0
        },
        {
            "throttle": 0.4551387616723769,
            "brake": 0.0,
            "steer": 0.0
        },
        {
            "throttle": 0.4408141914626707,
            "brake": 0.0,
            "steer": 0.0
        },
        {
            "throttle": 0.42558765083724914,
            "brake": 0.0,
            "steer": 0.0
        },
        {
            "throttle": 0.40957999991776856,
            "brake": 0.0,
            "steer": 0.0
        },
        {
            "throttle": 0.3929191863194391,
            "brake": 0.0,
            "steer": 0.0
        },
        {
            "throttle": 0.3757391216274496,
            "brake": 0.0,
            "steer": 0.0
        },
        {
            "throttle": 0.35817851410273155,
            "brake": 0.0,
            "steer": 0.0
        },
        {
            "throttle": 0.3403796667455261,
            "brake": 0.0,
            "steer": 0.0
        },
        {
            "throttle": 0.32248725019218993,
            "brake": 0.0,
            "steer": 0.0
        },
        {
            "throttle": 0.30464706018292165,
            "brake": 0.0,
            "steer": 0.0
        },
        {
            "throttle": 0.2870047695140128,
            "brake": 0.0,
            "steer": 0.0
        },
        {
            "throttle": 0.26970468447689094,
            "brake": 0.0,
            "steer": 0.0
        },
        {
            "throttle": 0.25288851578736427,
            "brake": 0.0,
            "steer": 0.0
        },
        {
            "throttle": 0.2366941739225163,
            "brake": 0.0,
            "steer": 0.0
        },
        {
            "throttle": 0.22125459861073274,
            "brake": 0.0,
            "steer": 0.0
        },
        {
            "throttle": 0.206696631964153,
            "brake": 0.0,
            "steer": 0.0
        },
        {
            "throttle": 0.1931399444048654,
            "brake": 0.0,
            "steer": 0.0
        },
        {
            "throttle": 0.18069602211950403,
            "brake": 0.0,
            "steer": 0.0
        },
        {
            "throttle": 0.16946722428527577,
            "brake": 0.0,
            "steer": 0.0
        },
        {
            "throttle": 0.15954591774816726,
            "brake": 0.0,
            "steer": 0.0
        },
        {
            "throttle": 0.15101369620603725,
            "brake": 0.0,
            "steer": 0.0
        },
        {
            "throttle": 0.14394069026090237,
            "brake": 0.0,
            "steer": 0.0
        },
        {
            "throttle": 0.13838497396186622,
            "brake": 0.0,
            "steer": 0.0
        },
        {
            "throttle": 0.13439207266915842,
            "brake": 0.0,
            "steer": 0.0
        },
        {
            "throttle": 0.13199457623735456,
            "brake": 0.0,
            "steer": 0.0
        },
        {
            "throttle": 0.13121186064909213,
            "brake": 0.0,
            "steer": 0.0
        },
        {
            "throttle": 0.13204992033680207,
            "brake": 0.0,
            "steer": 0.0
        },
        {
            "throttle": 0.1345013125166779,
            "brake": 0.0,
            "steer": 0.0
        },
        {
            "throttle": 0.138545213933992,
            "brake": 0.0,
            "steer": 0.0
        },
        {
            "throttle": 0.14414758948972378,
            "brake": 0.0,
            "steer": 0.0
        },
        {
            "throttle": 0.15126147129308665,
            "brake": 0.0,
            "steer": 0.0
        },
        {
            "throttle": 0.15982734577069976,
            "brake": 0.0,
            "steer": 0.0
        },
        {
            "throttle": 0.16977364556850807,
            "brake": 0.0,
            "steer": 0.0
        },
        {
            "throttle": 0.1810173421146076,
            "brake": 0.0,
            "steer": 0.0
        },
        {
            "throttle": 0.19346463387715374,
            "brake": 0.0,
            "steer": 0.0
        },
        {
            "throttle": 0.2070117245585014,
            "brake": 0.0,
            "steer": 0.0
        },
        {
            "throttle": 0.22154568472128439,
            "brake": 0.0,
            "steer": 0.0
        },
        {
            "throttle": 0.23694538965052628,
            "brake": 0.0,
            "steer": 0.0
        },
        {
            "throttle": 0.25308252562387346,
            "brake": 0.0,
            "steer": 0.0
        },
        {
            "throttle": 0.26982265619493895,
            "brake": 0.0,
            "steer": 0.0
        },
        {
            "throttle": 0.28702633959729024,
            "brake": 0.0,
            "steer": 0.0
        },
        {
            "throttle": 0.3045502879529651,
            "brake": 0.0,
            "steer": 0.0
        },
        {
            "throttle": 0.32224855862310575,
            "brake": 0.0,
            "steer": 0.0
        },
        {
            "throttle": 0.3399737677722599,
            "brake": 0.0,
            "steer": 0.0
        },
        {
            "throttle": 0.35757831603434354,
            "brake": 0.0,
            "steer": 0.0
        },
        {
            "throttle": 0.37491561606872825,
            "brake": 0.0,
            "steer": 0.0
        },
        {
            "throttle": 0.39184131178025805,
            "brake": 0.0,
            "steer": 0.0
        },
        {
            "throttle": 0.4082144790473411,
            "brake": 0.0,
            "steer": 0.0
        },
        {
            "throttle": 0.4238987979570309,
            "brake": 0.0,
            "steer": 0.0
        },
        {
            "throttle": 0.43876368678393146,
            "brake": 0.0,
            "steer": 0.0
        },
        {
            "throttle": 0.4526853882688564,
            "brake": 0.0,
            "steer": 0.0
        },
        {
            "throttle": 0.4655479991507977,
            "brake": 0.0,
            "steer": 0.0
        },
        {
            "throttle": 0.4772444343786147,
            "brake": 0.0,
            "steer": 0.0
        },
        {
            "throttle": 0.48767731797300534,
            "brake": 0.0,
            "steer": 0.0
        },
        {
            "throttle": 0.49675979312024876,
            "brake": 0.0,
            "steer": 0.0
        },
        {
            "throttle": 0.5044162447518319,
            "brake": 0.0,
            "steer": 0.0
        },
        {
            "throttle": 0.510582928592799,
            "brake": 0.0,
            "steer": 0.0
        },
        {
            "throttle": 0.5152085014404285,
            "brake": 0.0,
            "steer": 0.0
        },
        {
            "throttle": 0.5182544482571751,
            "brake": 0.0,
            "steer": 0.0
        },
        {
            "throttle": 0.5196954025208681,
            "brake": 0.0,
            "steer": 0.0
        },
        {
            "throttle": 0.519519357163787,
            "brake": 0.0,
            "steer": 0.0
        },
        {
            "throttle": 0.5177277643430542,
            "brake": 0.0,
            "steer": 0.0
        },
        {
            "throttle": 0.5143355232101989,
            "brake": 0.0,
            "steer": 0.0
        },
        {
            "throttle": 0.5093708557800782,
            "brake": 0.0,
            "steer": 0.0
        },
        {
            "throttle": 0.5028750719308128,
            "brake": 0.0,
            "steer": 0.0
        },
        {
            "throttle": 0.4949022254892663,
            "brake": 0.0,
            "steer": 0.0
        },
        {
            "throttle": 0.48551866426319146,
            "brake": 0.0,
            "steer": 0.0
        },
        {
            "throttle": 0.4748024777639281,
            "brake": 0.0,
            "steer": 0.0
        },
        {
            "throttle": 0.4628428472151359,
            "brake": 0.0,
            "steer": 0.0
        },
        {
            "throttle": 0.4497393032563798,
            "brake": 0.0,
            "steer": 0.0
        },
        {
            "throttle": 0.4356008975186993,
            "brake": 0.0,
            "steer": 0.0
        },
        {
            "throttle": 0.42054529496618687,
            "brake": 0.0,
            "steer": 0.0
        },
        {
            "throttle": 0.40469779455710725,
            "brake": 0.0,
            "steer": 0.0
        },
        {
            "throttle": 0.3881902863747273,
            "brake": 0.0,
            "steer": 0.0
        },
        {
            "throttle": 0.37116015390682416,
            "brake": 0.0,
            "steer": 0.0
        },
        {
            "throttle": 0.35374913060940005,
            "brake": 0.0,
            "steer": 0.0
        },
        {
            "throttle": 0.3361021202706561,
            "brake": 0.0,
            "steer": 0.0
        },
        {
            "throttle": 0.3183659909925961,
            "brake": 0.0,
            "steer": 0.0
        },
        {
            "throttle": 0.3006883528272423,
            "brake": 0.0,
            "steer": 0.0
        },
        {
            "throttle": 0.28321632924051354,
            "brake": 0.0,
            "steer": 0.0
        },
        {
            "throttle": 0.26609533262821794,
            "brake": 0.0,
            "steer": 0.0
        },
        {
            "throttle": 0.2494678540749136,
            "brake": 0.0,
            "steer": 0.0
        },
        {
            "throttle": 0.23347227742787674,
            "brake": 0.0,
            "steer": 0.0
        },
        {
            "throttle": 0.21824172755607124,
            "brake": 0.0,
            "steer": 0.0
        },
        {
            "throttle": 0.20390296237952132,
            "brake": 0.0,
            "steer": 0.0
        },
        {
            "throttle": 0.19057531789022056,
            "brake": 0.0,
            "steer": 0.0
        },
        {
            "throttle": 0.1783697149446936,
            "brake": 0.0,
            "steer": 0.0
        },
        {
            "throttle": 0.1673877360942354,
            "brake": 0.0,
            "steer": 0.0
        },
        {
            "throttle": 0.1577207801359639,
            "brake": 0.0,
            "steer": 0.0
        },
        {
            "throttle": 0.14944930142098808,
            "brake": 0.0,
            "steer": 0.0
        },
        {
            "throttle": 0.14264214025059663,
            "brake": 0.0,
            "steer": 0.0
        },
        {
            "throttle": 0.13735594993328476,
            "brake": 0.0,
            "steer": 0.0
        },
        {
            "throttle": 0.1336347252709677,
            "brake": 0.0,
            "steer": 0.0
        },
        {
            "throttle": 0.1315094363985738,
            "brake": 0.0,
            "steer": 0.0
        },
        {
            "throttle": 0.13099777102439336,
            "brake": 0.0,
            "steer": 0.0
        },
        {
            "throttle": 0.1321039872163809,
            "brake": 0.0,
            "steer": 0.0
        },
        {
            "throttle": 0.13481887795957406,
            "brake": 0.0,
            "steer": 0.0
        },
        {
            "throttle": 0.1391198477795624,
            "brake": 0.0,
            "steer": 0.0
        },
        {
            "throttle": 0.1449711007942526,
            "brake": 0.0,
            "steer": 0.0
        },
        {
            "throttle": 0.15232393862879795,
            "brake": 0.0,
            "steer": 0.0
        },
        {
            "throttle": 0.16111716571420795,
            "brake": 0.0,
            "steer": 0.0
        },
        {
            "throttle": 0.17127759859643535,
            "brake": 0.0,
            "steer": 0.0
        },
        {
            "throttle": 0.18272067501709555,
            "brake": 0.0,
            "steer": 0.0
        },
        {
            "throttle": 0.19535115769660694,
            "brake": 0.0,
            "steer": 0.0
        },
        {
            "throttle": 0.20906392696236534,
            "brake": 0.0,
            "steer": 0.0
        },
        {
            "throttle": 0.22374485562513896,
            "brake": 0.0,
            "steer": 0.0
        },
        {
            "throttle": 0.23927175882234508,
            "brake": 0.0,
            "steer": 0.0
        },
        {
            "throttle": 0.2555154109229463,
            "brake": 0.0,
            "steer": 0.0
        },
        {
            "throttle": 0.2723406210305731,
            "brake": 0.0,
            "steer": 0.0
        },
        {
            "throttle": 0.28960735813378613,
            "brake": 0.0,
            "steer": 0.0
        },
        {
            "throttle": 0.3071719165391952,
            "brake": 0.0,
            "steer": 0.0
        },
        {
            "throttle": 0.3248881118878912,
            "brake": 0.0,
            "steer": 0.0
        },
        {
            "throttle": 0.3426084978011147,
            "brake": 0.0,
            "steer": 0.0
        },
        {
            "throttle": 0.36018559302939235,
            "brake": 0.0,
            "steer": 0.0
        },
        {
            "throttle": 0.37747310889195884,
            "brake": 0.0,
            "steer": 0.0
        },
        {
            "throttle": 0.3943271667908648,
            "brake": 0.0,
            "steer": 0.0
        },
        {
            "throttle": 0.41060749566677857,
            "brake": 0.0,
            "steer": 0.0
        },
        {
            "throttle": 0.42617859943042796,
            "brake": 0.0,
            "steer": 0.0
        },
        {
            "throttle": 0.44091088465351314,
            "brake": 0.0,
            "steer": 0.0
        },
        {
            "throttle": 0.45468173913366944,
            "brake": 0.0,
            "steer": 0.0
        },
        {
            "throttle": 0.4673765523569195,
            "brake": 0.0,
            "steer": 0.0
        },
        {
            "throttle": 0.47888966936462307,
            "brake": 0.0,
            "steer": 0.0
        },
        {
            "throttle": 0.4891252700861872,
            "brake": 0.0,
            "steer": 0.0
        },
        {
            "throttle": 0.4979981668191243,
            "brake": 0.0,
            "steer": 0.0
        },
        {
            "throttle": 0.5054345132192797,
            "brake": 0.0,
            "steer": 0.0
        },
        {
            "throttle": 0.5113724189005248,
            "brake": 0.0,
            "steer": 0.0
        },
        {
            "throttle": 0.5157624645287923,
            "brake": 0.0,
            "steer": 0.0
        },
        {
            "throttle": 0.5185681131234876,
            "brake": 0.0,
            "steer": 0.0
        },
        {
            "throttle": 0.5197660141431419,
            "brake": 0.0,
            "steer": 0.0
        },
        {
            "throttle": 0.5193461978244953,
            "brake": 0.0,
            "steer": 0.0
        },
        {
            "throttle": 0.5173121581575872,
            "brake": 0.0,
            "steer": 0.0
        },
        {
            "throttle": 0.5136808238062766,
            "brake": 0.0,
            "steer": 0.0
        },
        {
            "throttle": 0.5084824172162088,
            "brake": 0.0,
            "steer": 0.0
        },
        {
            "throttle": 0.5017602030828313,
            "brake": 0.0,
            "steer": 0.0
        },
        {
            "throttle": 0.4515841827745482,
            "brake": 0.01913694081365309,
            "steer": 0.0
        },
        {
            "throttle": 0.4064257644970934,
            "brake": 0.03636018754594088,
            "steer": 0.0
        },
        {
            "throttle": 0.3657831880473841,
            "brake": 0.051861109604999886,
            "steer": 0.0
        },
        {
            "throttle": 0.3292048692426457,
            "brake": 0.06581193945815299,
            "steer": 0.0
        },
        {
            "throttle": 0.2962843823183811,
            "brake": 0.07836768632599078,
            "steer": 0.0
        },
        {
            "throttle": 0.26665594408654303,
            "brake": 0.0896678585070448,
            "steer": 0.0
        },
        {
            "throttle": 0.23999034967788874,
            "brake": 0.09983801346999341,
            "steer": 0.0
        },
        {
            "throttle": 0.21599131471009986,
            "brake": 0.10899115293664717,
            "steer": 0.0
        },
        {
            "throttle": 0.19439218323908988,
            "brake": 0.11722897845663555,
            "steer": 0.0
        },
        {
            "throttle": 0.1749529649151809,
            "brake": 0.12464302142462509,
            "steer": 0.0
        },
        {
            "throttle": 0.1574576684236628,
            "brake": 0.13131566009581566,
            "steer": 0.0
        },
        {
            "throttle": 0.1417119015812965,
            "brake": 0.13732103489988717,
            "steer": 0.0
        },
        {
            "throttle": 0.12754071142316686,
            "brake": 0.14272587222355154,
            "steer": 0.0
        },
        {
            "throttle": 0.11478664028085019,
            "brake": 0.14759022581484948,
            "steer": 0.0
        },
        {
            "throttle": 0.10330797625276517,
            "brake": 0.1519681440470176,
            "steer": 0.0
        },
        {
            "throttle": 0.09297717862748865,
            "brake": 0.15590827045596894,
            "steer": 0.0
        },
        {
            "throttle": 0.08367946076473978,
            "brake": 0.15945438422402514,
            "steer": 0.0
        },
        {
            "throttle": 0.0753115146882658,
            "brake": 0.1626458866152757,
            "steer": 0.0
        },
        {
            "throttle": 0.06778036321943923,
            "brake": 0.1655182387674012,
            "steer": 0.0
        },
        {
            "throttle": 0.0610023268974953,
            "brake": 0.16810335570431417,
            "steer": 0.0
        },
        {
            "throttle": 0.05490209420774577,
            "brake": 0.17042996094753585,
            "steer": 0.0
        },
        {
            "throttle": 0.04941188478697119,
            "brake": 0.17252390566643536,
            "steer": 0.0
        },
        {
            "throttle": 0.04447069630827408,
            "brake": 0.1744084559134449,
            "steer": 0.0
        },
        {
            "throttle": 0.047146684462855214,
            "brake": 0.1569676103221004,
            "steer": 0.0
        },
        {
            "throttle": 0.05001560129420137,
            "brake": 0.14127084928989037,
            "steer": 0.0
        },
        {
            "throttle": 0.05326585129406761,
            "brake": 0.12714376436090133,
            "steer": 0.0
        },
        {
            "throttle": 0.05706143707989109,
            "brake": 0.1144293879248112,
            "steer": 0.0
        },
        {
            "throttle": 0.061542717268456185,
            "brake": 0.10298644913233007,
            "steer": 0.0
        },
        {
            "throttle": 0.06682714884955245,
            "brake": 0.09268780421909707,
            "steer": 0.0
        },
        {
            "throttle": 0.07301002910924134,
            "brake": 0.08341902379718737,
            "steer": 0.0
        },
        {
            "throttle": 0.08016525003328022,
            "brake": 0.07507712141746863,
            "steer": 0.0
        },
        {
            "throttle": 0.08834607610685005,
            "brake": 0.06756940927572176,
            "steer": 0.0
        }
    ],
    "parameters": {
        "fog_density": 18.142535111319305,
        "precipitation": 93.09794167138995,
        "precipitation_deposits": 73.85185527017974,
        "wind_intensity": 45.87386004584991,
        "sun_altitude_angle": 42.419755329133224,
        "cloudiness": 45.441954118064864,
        "lead_base_throttle": 0.32539155772871053,
        "lead_behavior_frequency": 0.1452454669148739,
        "lead_throttle_variation": 0.25712480477722716,
        "lead_brake_probability": 0.24195975277186732,
        "lead_brake_intensity": 0.1913694081365309,
        "lead_brake_duration": 23.264128171336605,
        "initial_distance": 15.353477486118054,
        "initial_ego_velocity": 14.759919850058015,
        "initial_lead_velocity": 14.060971247409215
    },
    "config": {
        "num_timesteps": 200,
        "dt": 0.1,
        "seed": 102
    }
}