{
    "weather": {
        "cloudiness": 64.91381490125009,
        "precipitation": 83.2909385133003,
        "precipitation_deposits": 47.16776980615509,
        "wind_intensity": 10.864199455023988,
        "sun_altitude_angle": 45.61263513886365,
        "fog_density": 63.76625827079526,
        "fog_distance": 119.36826001770852,
        "wetness": 41.64546925665015
    },
    "initial_conditions": {
        "ego": {
            "position": {
                "x": 553.7419041932404,
                "y": 20.57,
                "z": 0.294
            },
            "yaw": 0.0,
            "velocity": 14.50336874876118
        },
        "lead": {
            "position": {
                "x": 484.88,
                "y": 20.57,
                "z": 0.294
            },
            "yaw": 0.0,
            "velocity": 5.7365806805456865
        }
    },
    "ego": {
        "position": {
            "x": 553.7419041932404,
            "y": 20.57,
            "z": 0.294
        },
        "yaw": 0.0,
        "velocity": 14.50336874876118
    },
    "lead": {
        "position": {
            "x": 484.88,
            "y": 20.57,
            "z": 0.294
        },
        "yaw": 0.0,
        "velocity": 5.7365806805456865
    },
    "ado_actions": [
        {
            "throttle": 0.49601357732937335,
            "brake": 0.0,
            "steer": 0.0
        },
        {
            "throttle": 0.446412219596436,
            "brake": 0.03537293143557057,
            "steer": 0.0
        },
        {
            "throttle": 0.4017709976367924,
            "brake": 0.06720856972758407,
            "steer": 0.0
        },
        {
            "throttle": 0.3615938978731132,
            "brake": 0.09586064419039624,
            "steer": 0.0
        },
        {
            "throttle": 0.3254345080858019,
            "brake": 0.12164751120692718,
            "steer": 0.0
        },
        {
            "throttle": 0.2928910572772217,
            "brake": 0.14485569152180502,
            "steer": 0.0
        },
        {
            "throttle": 0.26360195154949956,
            "brake": 0.1657430538051951,
            "steer": 0.0
        },
        {
            "throttle": 0.2372417563945496,
            "brake": 0.18454167986024617,
            "steer": 0.0
        },
        {
            "throttle": 0.21351758075509467,
            "brake": 0.20146044330979213,
            "steer": 0.0
        },
        {
            "throttle": 0.1921658226795852,
            "brake": 0.21668733041438348,
            "steer": 0.0
        },
        {
            "throttle": 0.17294924041162668,
            "brake": 0.2303915288085157,
            "steer": 0.0
        },
        {
            "throttle": 0.155654316370464,
            "brake": 0.24272530736323472,
            "steer": 0.0
        },
        {
            "throttle": 0.1400888847334176,
            "brake": 0.25382570806248184,
            "steer": 0.0
        },
        {
            "throttle": 0.12607999626007585,
            "brake": 0.26381606869180424,
            "steer": 0.0
        },
        {
            "throttle": 0.11347199663406826,
            "brake": 0.27280739325819436,
            "steer": 0.0
        },
        {
            "throttle": 0.10212479697066144,
            "brake": 0.2808995853679455,
            "steer": 0.0
        },
        {
            "throttle": 0.0919123172735953,
            "brake": 0.28818255826672157,
            "steer": 0.0
        },
        {
            "throttle": 0.08272108554623578,
            "brake": 0.29473723387562,
            "steer": 0.0
        },
        {
            "throttle": 0.07444897699161221,
            "brake": 0.3006364419236286,
            "steer": 0.0
        },
        {
            "throttle": 0.06700407929245099,
            "brake": 0.3059457291668363,
            "steer": 0.0
        },
        {
            "throttle": 0.06030367136320589,
            "brake": 0.3107240876857233,
            "steer": 0.0
        },
        {
            "throttle": 0.054273304226885304,
            "brake": 0.31502461035272156,
            "steer": 0.0
        },
        {
            "throttle": 0.04884597380419677,
            "brake": 0.31889508075302,
            "steer": 0.0
        },
        {
            "throttle": 0.04396137642377709,
            "brake": 0.32237850411328856,
            "steer": 0.0
        },
        {
            "throttle": 0.039565238781399385,
            "brake": 0.32551358513753026,
            "steer": 0.0
        },
        {
            "throttle": 0.035608714903259446,
            "brake": 0.3283351580593478,
            "steer": 0.0
        },
        {
            "throttle": 0.0750997946108415,
            "brake": 0.295501642253413,
            "steer": 0.0
        },
        {
            "throttle": 0.10876347128257219,
            "brake": 0.26595147802807173,
            "steer": 0.0
        },
        {
            "throttle": 0.1373415672095959,
            "brake": 0.23935633022526456,
            "steer": 0.0
        },
        {
            "throttle": 0.16153417446119078,
            "brake": 0.2154206972027381,
            "steer": 0.0
        },
        {
            "throttle": 0.18200021249553883,
            "brake": 0.1938786274824643,
            "steer": 0.0
        },
        {
            "throttle": 0.19935738568746783,
            "brake": 0.17449076473421787,
            "steer": 0.0
        },
        {
            "throttle": 0.21418167930093682,
            "brake": 0.1570416882607961,
            "steer": 0.0
        },
        {
            "throttle": 0.22700652737378457,
            "brake": 0.14133751943471648,
            "steer": 0.0
        },
        {
            "throttle": 0.23832177977992786,
            "brake": 0.12720376749124485,
            "steer": 0.0
        },
        {
            "throttle": 0.2485725883691264,
            "brake": 0.11448339074212037,
            "steer": 0.0
        },
        {
            "throttle": 0.2581583235717015,
            "brake": 0.10303505166790833,
            "steer": 0.0
        },
        {
            "throttle": 0.26743162324432834,
            "brake": 0.09273154650111749,
            "steer": 0.0
        },
        {
            "throttle": 0.2766976649042432,
            "brake": 0.08345839185100574,
            "steer": 0.0
        },
        {
            "throttle": 0.28621374096318014,
            "brake": 0.07511255266590518,
            "steer": 0.0
        },
        {
            "throttle": 0.29618920426551126,
            "brake": 0.06760129739931466,
            "steer": 0.0
        },
        {
            "throttle": 0.30678583831651296,
            "brake": 0.06084116765938319,
            "steer": 0.0
        },
        {
            "throttle": 0.31811869323440983,
            "brake": 0.05475705089344487,
            "steer": 0.0
        },
        {
            "throttle": 0.3302574148665922,
            "brake": 0.04928134580410038,
            "steer": 0.0
        },
        {
            "throttle": 0.3432280808794098,
            "brake": 0.04435321122369034,
            "steer": 0.0
        },
        {
            "throttle": 0.3570155441714754,
            "brake": 0.03991789010132131,
            "steer": 0.0
        },
        {
            "throttle": 0.371566270883323,
            "brake": 0.03592610109118918,
            "steer": 0.0
        },
        {
            "throttle": 0.38679164778949093,
            "brake": 0.032333490982070265,
            "steer": 0.0
        },
        {
            "throttle": 0.40257172216334336,
            "brake": 0.02910014188386324,
            "steer": 0.0
        },
        {
            "throttle": 0.41875932648945935,
            "brake": 0.026190127695476916,
            "steer": 0.0
        },
        {
            "throttle": 0.43518453083712383,
            "brake": 0.023571114925929226,
            "steer": 0.0
        },
        {
            "throttle": 0.45165935745630004,
            "brake": 0.021214003433336303,
            "steer": 0.0
        },
        {
            "throttle": 0.46798268534725795,
            "brake": 0.01909260309000267,
            "steer": 0.0
        },
        {
            "throttle": 0.48394526729464493,
            "brake": 0.017183342781002406,
            "steer": 0.0
        },
        {
            "throttle": 0.49933477822691386,
            "brake": 0.015465008502902165,
            "steer": 0.0
        },
        {
            "throttle": 0.5139408118144368,
            "brake": 0.013918507652611949,
            "steer": 0.0
        },
        {
            "throttle": 0.5275597419760265,
            "brake": 0.012526656887350754,
            "steer": 0.0
        },
        {
            "throttle": 0.5399993674149942,
            "brake": 0.011273991198615678,
            "steer": 0.0
        },
        {
            "throttle": 0.551083260412696,
            "brake": 0.01014659207875411,
            "steer": 0.0
        },
        {
            "throttle": 0.49597493437142637,
            "brake": 0.04450486430644927,
            "steer": 0.0
        },
        {
            "throttle": 0.4463774409342837,
            "brake": 0.07542730931137491,
            "steer": 0.0
        },
        {
            "throttle": 0.40173969684085536,
            "brake": 0.103257509815808,
            "steer": 0.0
        },
        {
            "throttle": 0.3615657271567698,
            "brake": 0.12830469026979777,
            "steer": 0.0
        },
        {
            "throttle": 0.32540915444109286,
            "brake": 0.15084715267838855,
            "steer": 0.0
        },
        {
            "throttle": 0.2928682389969836,
            "brake": 0.17113536884612027,
            "steer": 0.0
        },
        {
            "throttle": 0.2635814150972853,
            "brake": 0.1893947633970788,
            "steer": 0.0
        },
        {
            "throttle": 0.23722327358755677,
            "brake": 0.2058282184929415,
            "steer": 0.0
        },
        {
            "throttle": 0.2135009462288011,
            "brake": 0.22061832807921794,
            "steer": 0.0
        },
        {
            "throttle": 0.192150851605921,
            "brake": 0.23392942670686673,
            "steer": 0.0
        },
        {
            "throttle": 0.1729357664453289,
            "brake": 0.24590941547175063,
            "steer": 0.0
        },
        {
            "throttle": 0.15564218980079603,
            "brake": 0.2566914053601461,
            "steer": 0.0
        },
        {
            "throttle": 0.14007797082071644,
            "brake": 0.2663951962597021,
            "steer": 0.0
        },
        {
            "throttle": 0.1260701737386448,
            "brake": 0.27512860806930245,
            "steer": 0.0
        },
        {
            "throttle": 0.11346315636478031,
            "brake": 0.28298867869794275,
            "steer": 0.0
        },
        {
            "throttle": 0.10211684072830228,
            "brake": 0.2900627422637191,
            "steer": 0.0
        },
        {
            "throttle": 0.09190515665547205,
            "brake": 0.29642939947291774,
            "steer": 0.0
        },
        {
            "throttle": 0.08271464098992486,
            "brake": 0.30215939096119654,
            "steer": 0.0
        },
        {
            "throttle": 0.07444317689093237,
            "brake": 0.3073163833006475,
            "steer": 0.0
        },
        {
            "throttle": 0.06699885920183914,
            "brake": 0.3119576764061533,
            "steer": 0.0
        },
        {
            "throttle": 0.060298973281655226,
            "brake": 0.31613484020110855,
            "steer": 0.0
        },
        {
            "throttle": 0.054269075953489704,
            "brake": 0.3198942876165683,
            "steer": 0.0
        },
        {
            "throttle": 0.04884216835814074,
            "brake": 0.32327779029048204,
            "steer": 0.0
        },
        {
            "throttle": 0.04395795152232666,
            "brake": 0.3263229426970044,
            "steer": 0.0
        },
        {
            "throttle": 0.039562156370094,
            "brake": 0.32906357986287454,
            "steer": 0.0
        },
        {
            "throttle": 0.07194620444911379,
            "brake": 0.2961572218765871,
            "steer": 0.0
        },
        {
            "throttle": 0.10234220235285216,
            "brake": 0.26654149968892843,
            "steer": 0.0
        },
        {
            "throttle": 0.13117567080188036,
            "brake": 0.2398873497200356,
            "steer": 0.0
        },
        {
            "throttle": 0.1588016971437468,
            "brake": 0.21589861474803204,
            "steer": 0.0
        },
        {
            "throttle": 0.18550822547577572,
            "brake": 0.19430875327322883,
            "steer": 0.0
        },
        {
            "throttle": 0.2115196148912981,
            "brake": 0.17487787794590595,
            "steer": 0.0
        },
        {
            "throttle": 0.23700049861137407,
            "brake": 0.15739009015131536,
            "steer": 0.0
        },
        {
            "throttle": 0.262059961091746,
            "brake": 0.14165108113618383,
            "steer": 0.0
        },
        {
            "throttle": 0.2867560351991325,
            "brake": 0.12748597302256545,
            "steer": 0.0
        },
        {
            "throttle": 0.3111005074151656,
            "brake": 0.11473737572030891,
            "steer": 0.0
        },
        {
            "throttle": 0.3350640059271812,
            "brake": 0.10326363814827802,
            "steer": 0.0
        },
        {
            "throttle": 0.3585813345690149,
            "brake": 0.09293727433345023,
            "steer": 0.0
        },
        {
            "throttle": 0.3815570050336313,
            "brake": 0.08364354690010521,
            "steer": 0.0
        },
        {
            "throttle": 0.4038709107262486,
            "brake": 0.07527919221009469,
            "steer": 0.0
        },
        {
            "throttle": 0.4253840781734842,
            "brake": 0.06775127298908522,
            "steer": 0.0
        },
        {
            "throttle": 0.4459444261385308,
            "brake": 0.060976145690176696,
            "steer": 0.0
        },
        {
            "throttle": 0.4653924585755031,
            "brake": 0.05487853112115903,
            "steer": 0.0
        },
        {
            "throttle": 0.4835668153206873,
            "brake": 0.04939067800904313,
            "steer": 0.0
        },
        {
            "throttle": 0.43521013378861856,
            "brake": 0.07982454164370939,
            "steer": 0.0
        },
        {
            "throttle": 0.39168912040975673,
            "brake": 0.10721501891490903,
            "steer": 0.0
        },
        {
            "throttle": 0.35252020836878106,
            "brake": 0.1318664484589887,
            "steer": 0.0
        },
        {
            "throttle": 0.31726818753190295,
            "brake": 0.1540527350486604,
            "steer": 0.0
        },
        {
            "throttle": 0.28554136877871267,
            "brake": 0.17402039297936495,
            "steer": 0.0
        },
        {
            "throttle": 0.2569872319008414,
            "brake": 0.19199128511699903,
            "steer": 0.0
        },
        {
            "throttle": 0.23128850871075726,
            "brake": 0.20816508804086972,
            "steer": 0.0
        },
        {
            "throttle": 0.20815965783968154,
            "brake": 0.22272151067235332,
            "steer": 0.0
        },
        {
            "throttle": 0.18734369205571338,
            "brake": 0.23582229104068858,
            "steer": 0.0
        },
        {
            "throttle": 0.16860932285014205,
            "brake": 0.2476129933721903,
            "steer": 0.0
        },
        {
            "throttle": 0.15174839056512784,
            "brake": 0.25822462547054187,
            "steer": 0.0
        },
        {
            "throttle": 0.13657355150861505,
            "brake": 0.2677750943590583,
            "steer": 0.0
        },
        {
            "throttle": 0.12291619635775355,
            "brake": 0.276370516358723,
            "steer": 0.0
        },
        {
            "throttle": 0.1106245767219782,
            "brake": 0.28410639615842126,
            "steer": 0.0
        },
        {
            "throttle": 0.09956211904978038,
            "brake": 0.2910686879781497,
            "steer": 0.0
        },
        {
            "throttle": 0.08960590714480235,
            "brake": 0.2973347506159053,
            "steer": 0.0
        },
        {
            "throttle": 0.08064531643032212,
            "brake": 0.30297420698988536,
            "steer": 0.0
        },
        {
            "throttle": 0.07258078478728991,
            "brake": 0.3080497177264674,
            "steer": 0.0
        },
        {
            "throttle": 0.06532270630856092,
            "brake": 0.3126176773893912,
            "steer": 0.0
        },
        {
            "throttle": 0.05879043567770483,
            "brake": 0.31672884108602267,
            "steer": 0.0
        },
        {
            "throttle": 0.05291139210993435,
            "brake": 0.320428888412991,
            "steer": 0.0
        },
        {
            "throttle": 0.04762025289894092,
            "brake": 0.3237589310072625,
            "steer": 0.0
        },
        {
            "throttle": 0.042858227609046826,
            "brake": 0.3267559693421068,
            "steer": 0.0
        },
        {
            "throttle": 0.038572404848142144,
            "brake": 0.3294533038434667,
            "steer": 0.0
        },
        {
            "throttle": 0.03471516436332793,
            "brake": 0.33188090489469063,
            "steer": 0.0
        },
        {
            "throttle": 0.06551062825636705,
            "brake": 0.29869281440522155,
            "steer": 0.0
        },
        {
            "throttle": 0.09376146408755508,
            "brake": 0.2688235329646994,
            "steer": 0.0
        },
        {
            "throttle": 0.12000149046805675,
            "brake": 0.24194117966822948,
            "steer": 0.0
        },
        {
            "throttle": 0.14469577384252133,
            "brake": 0.21774706170140654,
            "steer": 0.0
        },
        {
            "throttle": 0.16824252069376341,
            "brake": 0.19597235553126588,
            "steer": 0.0
        },
        {
            "throttle": 0.1909751647178656,
            "brake": 0.1763751199781393,
            "steer": 0.0
        },
        {
            "throttle": 0.21316471628038594,
            "brake": 0.15873760798032535,
            "steer": 0.0
        },
        {
            "throttle": 0.23502242584267505,
            "brake": 0.1428638471822928,
            "steer": 0.0
        },
        {
            "throttle": 0.25670279751702935,
            "brake": 0.12857746246406354,
            "steer": 0.0
        },
        {
            "throttle": 0.2783069736569687,
            "brake": 0.11571971621765718,
            "steer": 0.0
        },
        {
            "throttle": 0.29988649660619615,
            "brake": 0.10414774459589146,
            "steer": 0.0
        },
        {
            "throttle": 0.32144743960938327,
            "brake": 0.09373297013630232,
            "steer": 0.0
        },
        {
            "throttle": 0.342954885618573,
            "brake": 0.08435967312267209,
            "steer": 0.0
        },
        {
            "throttle": 0.36433772049116675,
            "brake": 0.07592370581040489,
            "steer": 0.0
        },
        {
            "throttle": 0.38549369603714956,
            "brake": 0.06833133522936441,
            "steer": 0.0
        },
        {
            "throttle": 0.40629470868606904,
            "brake": 0.06149820170642797,
            "steer": 0.0
        },
        {
            "throttle": 0.4265922313401239,
            "brake": 0.05534838153578517,
            "steer": 0.0
        },
        {
            "throttle": 0.44622282936747515,
            "brake": 0.04981354338220665,
            "steer": 0.0
        },
        {
            "throttle": 0.46501368675303234,
            "brake": 0.04483218904398598,
            "steer": 0.0
        },
        {
            "throttle": 0.4185123180777291,
            "brake": 0.07572190157515796,
            "steer": 0.0
        },
        {
            "throttle": 0.3766610862699562,
            "brake": 0.10352264285321272,
            "steer": 0.0
        },
        {
            "throttle": 0.3389949776429606,
            "brake": 0.12854331000346203,
            "steer": 0.0
        },
        {
            "throttle": 0.30509547987866453,
            "brake": 0.1510619104386864,
            "steer": 0.0
        },
        {
            "throttle": 0.2745859318907981,
            "brake": 0.17132865083038834,
            "steer": 0.0
        },
        {
            "throttle": 0.2471273387017183,
            "brake": 0.1895687171829201,
            "steer": 0.0
        },
        {
            "throttle": 0.22241460483154646,
            "brake": 0.20598477690019867,
            "steer": 0.0
        },
        {
            "throttle": 0.2001731443483918,
            "brake": 0.2207592306457494,
            "steer": 0.0
        },
        {
            "throttle": 0.18015582991355264,
            "brake": 0.23405623901674505,
            "steer": 0.0
        },
        {
            "throttle": 0.1621402469221974,
            "brake": 0.24602354655064113,
            "steer": 0.0
        },
        {
            "throttle": 0.14592622222997764,
            "brake": 0.2567941233311476,
            "steer": 0.0
        },
        {
            "throttle": 0.13133360000697988,
            "brake": 0.2664876424336034,
            "steer": 0.0
        },
        {
            "throttle": 0.1182002400062819,
            "brake": 0.27521180962581365,
            "steer": 0.0
        },
        {
            "throttle": 0.10638021600565371,
            "brake": 0.28306356009880285,
            "steer": 0.0
        },
        {
            "throttle": 0.09574219440508834,
            "brake": 0.2901301355244931,
            "steer": 0.0
        },
        {
            "throttle": 0.08616797496457951,
            "brake": 0.2964900534076144,
            "steer": 0.0
        },
        {
            "throttle": 0.07755117746812155,
            "brake": 0.30221397950242357,
            "steer": 0.0
        },
        {
            "throttle": 0.0697960597213094,
            "brake": 0.3073655129877518,
            "steer": 0.0
        },
        {
            "throttle": 0.06281645374917846,
            "brake": 0.3120018931245472,
            "steer": 0.0
        },
        {
            "throttle": 0.05653480837426062,
            "brake": 0.31617463524766304,
            "steer": 0.0
        },
        {
            "throttle": 0.05088132753683456,
            "brake": 0.3199301031584673,
            "steer": 0.0
        },
        {
            "throttle": 0.0457931947831511,
            "brake": 0.32331002427819117,
            "steer": 0.0
        },
        {
            "throttle": 0.041213875304835994,
            "brake": 0.32635195328594263,
            "steer": 0.0
        },
        {
            "throttle": 0.037092487774352395,
            "brake": 0.32908968939291894,
            "steer": 0.0
        },
        {
            "throttle": 0.033383238996917156,
            "brake": 0.3315536518891976,
            "steer": 0.0
        },
        {
            "throttle": 0.03004491509722544,
            "brake": 0.3337712181358484,
            "steer": 0.0
        },
        {
            "throttle": 0.027040423587502898,
            "brake": 0.3357670277578342,
            "steer": 0.0
        },
        {
            "throttle": 0.024336381228752608,
            "brake": 0.33756325641762136,
            "steer": 0.0
        },
        {
            "throttle": 0.021902743105877347,
            "brake": 0.3391798622114298,
            "steer": 0.0
        },
        {
            "throttle": 0.019712468795289612,
            "brake": 0.34063480742585744,
            "steer": 0.0
        },
        {
            "throttle": 0.017741221915760653,
            "brake": 0.34194425811884227,
            "steer": 0.0
        },
        {
            "throttle": 0.01596709972418459,
            "brake": 0.34312276374252865,
            "steer": 0.0
        },
        {
            "throttle": 0.014370389751766131,
            "brake": 0.34418341880384634,
            "steer": 0.0
        },
        {
            "throttle": 0.012933350776589518,
            "brake": 0.3451380083590323,
            "steer": 0.0
        },
        {
            "throttle": 0.011640015698930566,
            "brake": 0.34599713895869966,
            "steer": 0.0
        },
        {
            "throttle": 0.01047601412903751,
            "brake": 0.34677035649840027,
            "steer": 0.0
        },
        {
            "throttle": 0.009428412716133759,
            "brake": 0.3474662522841308,
            "steer": 0.0
        },
        {
            "throttle": 0.008485571444520383,
            "brake": 0.3480925584912883,
            "steer": 0.0
        },
        {
            "throttle": 0.007637014300068345,
            "brake": 0.34865623407773005,
            "steer": 0.0
        },
        {
            "throttle": 0.006873312870061511,
            "brake": 0.34916354210552764,
            "steer": 0.0
        },
        {
            "throttle": 0.00618598158305536,
            "brake": 0.34962011933054543,
            "steer": 0.0
        },
        {
            "throttle": 0.005567383424749824,
            "brake": 0.35003103883306147,
            "steer": 0.0
        },
        {
            "throttle": 0.005010645082274842,
            "brake": 0.3504008663853259,
            "steer": 0.0
        },
        {
            "throttle": 0.004509580574047357,
            "brake": 0.3507337111823639,
            "steer": 0.0
        },
        {
            "throttle": 0.0040586225166426215,
            "brake": 0.3510332714996981,
            "steer": 0.0
        },
        {
            "throttle": 0.0036527602649783593,
            "brake": 0.3513028757852989,
            "steer": 0.0
        },
        {
            "throttle": 0.0032874842384805233,
            "brake": 0.3515455196423396,
            "steer": 0.0
        },
        {
            "throttle": 0.002958735814632471,
            "brake": 0.3517638991136762,
            "steer": 0.0
        },
        {
            "throttle": 0.0026628622331692237,
            "brake": 0.3519604406378792,
            "steer": 0.0
        },
        {
            "throttle": 0.0023965760098523014,
            "brake": 0.35213732800966185,
            "steer": 0.0
        },
        {
            "throttle": 0.06688444556677403,
            "brake": 0.3169235952086957,
            "steer": 0.0
        },
        {
            "throttle": 0.1242598067947268,
            "brake": 0.2852312356878261,
            "steer": 0.0
        },
        {
            "throttle": 0.17496091616940304,
            "brake": 0.2567081121190435,
            "steer": 0.0
        },
        {
            "throttle": 0.21939988604198568,
            "brake": 0.23103730090713914,
            "steer": 0.0
        }
    ],
    "parameters": {
        "fog_density": 63.76625827079526,
        "precipitation": 83.2909385133003,
        "precipitation_deposits": 47.16776980615509,
        "wind_intensity": 10.864199455023988,
        "sun_altitude_angle": 45.61263513886365,
        "cloudiness": 64.91381490125009,
        "lead_base_throttle": 0.49601357732937335,
        "lead_behavior_frequency": 0.2188357276612653,
        "lead_throttle_variation": 0.1559638159218789,
        "lead_brake_probability": 0.2656104472421486,
        "lead_brake_intensity": 0.35372931435570565,
        "lead_brake_duration": 25.806914548539424,
        "initial_distance": 68.8619041932404,
        "initial_ego_velocity": 14.50336874876118,
        "initial_lead_velocity": 5.7365806805456865
    },
    "config": {
        "num_timesteps": 200,
        "dt": 0.1,
        "seed": 145
    }
}