{
    "weather": {
        "cloudiness": 69.26817063332902,
        "precipitation": 62.08822152462379,
        "precipitation_deposits": 62.96466725722559,
        "wind_intensity": 32.461750511352555,
        "sun_altitude_angle": 42.045077650790375,
        "fog_density": 30.852656035587877,
        "fog_distance": 357.5708095274109,
        "wetness": 31.044110762311895
    },
    "initial_conditions": {
        "ego": {
            "position": {
                "x": 533.9827053550423,
                "y": 20.57,
                "z": 0.294
            },
            "yaw": 0.0,
            "velocity": 12.402836159240278
        },
        "lead": {
            "position": {
                "x": 484.88,
                "y": 20.57,
                "z": 0.294
            },
            "yaw": 0.0,
            "velocity": 7.735560430928956
        }
    },
    "ego": {
        "position": {
            "x": 533.9827053550423,
            "y": 20.57,
            "z": 0.294
        },
        "yaw": 0.0,
        "velocity": 12.402836159240278
    },
    "lead": {
        "position": {
            "x": 484.88,
            "y": 20.57,
            "z": 0.294
        },
        "yaw": 0.0,
        "velocity": 7.735560430928956
    },
    "ado_actions": [
        {
            "throttle": 0.5907757844830546,
            "brake": 0.0,
            "steer": 0.0
        },
        {
            "throttle": 0.5921967700513491,
            "brake": 0.0,
            "steer": 0.0
        },
        {
            "throttle": 0.5948883137202043,
            "brake": 0.0,
            "steer": 0.0
        },
        {
            "throttle": 0.598706750676518,
            "brake": 0.0,
            "steer": 0.0
        },
        {
            "throttle": 0.6035145998477368,
            "brake": 0.0,
            "steer": 0.0
        },
        {
            "throttle": 0.6091800908411876,
            "brake": 0.0,
            "steer": 0.0
        },
        {
            "throttle": 0.6155767852997486,
            "brake": 0.0,
            "steer": 0.0
        },
        {
            "throttle": 0.6225832821043595,
            "brake": 0.0,
            "steer": 0.0
        },
        {
            "throttle": 0.6300829966413044,
            "brake": 0.0,
            "steer": 0.0
        },
        {
            "throttle": 0.6379640050690755,
            "brake": 0.0,
            "steer": 0.0
        },
        {
            "throttle": 0.6461189451745404,
            "brake": 0.0,
            "steer": 0.0
        },
        {
            "throttle": 0.654444966008753,
            "brake": 0.0,
            "steer": 0.0
        },
        {
            "throttle": 0.6628437190459113,
            "brake": 0.0,
            "steer": 0.0
        },
        {
            "throttle": 0.6712213841207516,
            "brake": 0.0,
            "steer": 0.0
        },
        {
            "throttle": 0.6794887238754747,
            "brake": 0.0,
            "steer": 0.0
        },
        {
            "throttle": 0.6875611608918814,
            "brake": 0.0,
            "steer": 0.0
        },
        {
            "throttle": 0.6953588721019479,
            "brake": 0.0,
            "steer": 0.0
        },
        {
            "throttle": 0.7028068954642626,
            "brake": 0.0,
            "steer": 0.0
        },
        {
            "throttle": 0.7098352442677723,
            "brake": 0.0,
            "steer": 0.0
        },
        {
            "throttle": 0.6388517198409951,
            "brake": 0.028428914963191755,
            "steer": 0.0
        },
        {
            "throttle": 0.5749665478568956,
            "brake": 0.05401493843006434,
            "steer": 0.0
        },
        {
            "throttle": 0.517469893071206,
            "brake": 0.07704235955024966,
            "steer": 0.0
        },
        {
            "throttle": 0.4657229037640855,
            "brake": 0.09776703855841645,
            "steer": 0.0
        },
        {
            "throttle": 0.41915061338767695,
            "brake": 0.11641924966576656,
            "steer": 0.0
        },
        {
            "throttle": 0.37723555204890924,
            "brake": 0.13320623966238165,
            "steer": 0.0
        },
        {
            "throttle": 0.33951199684401834,
            "brake": 0.14831453065933525,
            "steer": 0.0
        },
        {
            "throttle": 0.30556079715961654,
            "brake": 0.16191199255659347,
            "steer": 0.0
        },
        {
            "throttle": 0.2750047174436549,
            "brake": 0.17414970826412587,
            "steer": 0.0
        },
        {
            "throttle": 0.24750424569928942,
            "brake": 0.18516365240090504,
            "steer": 0.0
        },
        {
            "throttle": 0.22275382112936049,
            "brake": 0.19507620212400628,
            "steer": 0.0
        },
        {
            "throttle": 0.20047843901642445,
            "brake": 0.2039974968747974,
            "steer": 0.0
        },
        {
            "throttle": 0.18043059511478202,
            "brake": 0.21202666215050942,
            "steer": 0.0
        },
        {
            "throttle": 0.23330383918804895,
            "brake": 0.19082399593545848,
            "steer": 0.0
        },
        {
            "throttle": 0.2797601194264637,
            "brake": 0.17174159634191263,
            "steer": 0.0
        },
        {
            "throttle": 0.32037836238479134,
            "brake": 0.15456743670772138,
            "steer": 0.0
        },
        {
            "throttle": 0.35568659110470013,
            "brake": 0.13911069303694926,
            "steer": 0.0
        },
        {
            "throttle": 0.38616734241687045,
            "brake": 0.12519962373325433,
            "steer": 0.0
        },
        {
            "throttle": 0.4122624996306214,
            "brake": 0.11267966135992889,
            "steer": 0.0
        },
        {
            "throttle": 0.434377597407275,
            "brake": 0.101411695223936,
            "steer": 0.0
        },
        {
            "throttle": 0.4528856501949643,
            "brake": 0.09127052570154241,
            "steer": 0.0
        },
        {
            "throttle": 0.4681305507341564,
            "brake": 0.08214347313138817,
            "steer": 0.0
        },
        {
            "throttle": 0.4804300807682218,
            "brake": 0.07392912581824936,
            "steer": 0.0
        },
        {
            "throttle": 0.4900785721609692,
            "brake": 0.06653621323642442,
            "steer": 0.0
        },
        {
            "throttle": 0.49734925308727473,
            "brake": 0.05988259191278198,
            "steer": 0.0
        },
        {
            "throttle": 0.5024963107824488,
            "brake": 0.05389433272150378,
            "steer": 0.0
        },
        {
            "throttle": 0.5057566994735807,
            "brake": 0.048504899449353406,
            "steer": 0.0
        },
        {
            "throttle": 0.5073517195383074,
            "brake": 0.04365440950441807,
            "steer": 0.0
        },
        {
            "throttle": 0.5074883916131336,
            "brake": 0.03928896855397626,
            "steer": 0.0
        },
        {
            "throttle": 0.5063606472774886,
            "brake": 0.03536007169857864,
            "steer": 0.0
        },
        {
            "throttle": 0.5041503560467893,
            "brake": 0.031824064528720775,
            "steer": 0.0
        },
        {
            "throttle": 0.5010282066960015,
            "brake": 0.0286416580758487,
            "steer": 0.0
        },
        {
            "throttle": 0.4971544593849047,
            "brake": 0.02577749226826383,
            "steer": 0.0
        },
        {
            "throttle": 0.4926795836498496,
            "brake": 0.02319974304143745,
            "steer": 0.0
        },
        {
            "throttle": 0.48774479604844545,
            "brake": 0.020879768737293705,
            "steer": 0.0
        },
        {
            "throttle": 0.4824825100791947,
            "brake": 0.018791791863564337,
            "steer": 0.0
        },
        {
            "throttle": 0.47701670993494344,
            "brake": 0.016912612677207905,
            "steer": 0.0
        },
        {
            "throttle": 0.4714632586758535,
            "brake": 0.015221351409487115,
            "steer": 0.0
        },
        {
            "throttle": 0.4659301505143516,
            "brake": 0.013699216268538403,
            "steer": 0.0
        },
        {
            "throttle": 0.46051771608221514,
            "brake": 0.012329294641684564,
            "steer": 0.0
        },
        {
            "throttle": 0.455318788790652,
            "brake": 0.011096365177516108,
            "steer": 0.0
        },
        {
            "throttle": 0.4504188396908807,
            "brake": 0.009986728659764497,
            "steer": 0.0
        },
        {
            "throttle": 0.4458960875890867,
            "brake": 0.008988055793788047,
            "steer": 0.0
        },
        {
            "throttle": 0.44182159056023934,
            "brake": 0.008089250214409243,
            "steer": 0.0
        },
        {
            "throttle": 0.43825932443529086,
            "brake": 0.007280325192968319,
            "steer": 0.0
        },
        {
            "throttle": 0.43526625330154156,
            "brake": 0.006552292673671487,
            "steer": 0.0
        },
        {
            "throttle": 0.43289239655278583,
            "brake": 0.005897063406304338,
            "steer": 0.0
        },
        {
            "throttle": 0.4311808965510926,
            "brake": 0.005307357065673905,
            "steer": 0.0
        },
        {
            "throttle": 0.4301680905130028,
            "brake": 0.0047766213591065145,
            "steer": 0.0
        },
        {
            "throttle": 0.42988358980722874,
            "brake": 0.0042989592231958635,
            "steer": 0.0
        },
        {
            "throttle": 0.43035036944665417,
            "brake": 0.0038690633008762773,
            "steer": 0.0
        },
        {
            "throttle": 0.4315848701729237,
            "brake": 0.0034821569707886497,
            "steer": 0.0
        },
        {
            "throttle": 0.4335971151658158,
            "brake": 0.0031339412737097848,
            "steer": 0.0
        },
        {
            "throttle": 0.4363908430608182,
            "brake": 0.002820547146338806,
            "steer": 0.0
        },
        {
            "throttle": 0.4399636586259868,
            "brake": 0.0025384924317049255,
            "steer": 0.0
        },
        {
            "throttle": 0.44430720213258673,
            "brake": 0.002284643188534433,
            "steer": 0.0
        },
        {
            "throttle": 0.4494073381526769,
            "brake": 0.00205617886968099,
            "steer": 0.0
        },
        {
            "throttle": 0.4552443642303399,
            "brake": 0.001850560982712891,
            "steer": 0.0
        },
        {
            "throttle": 0.46179323960144164,
            "brake": 0.001665504884441602,
            "steer": 0.0
        },
        {
            "throttle": 0.41561391564129746,
            "brake": 0.029927869359189195,
            "steer": 0.0
        },
        {
            "throttle": 0.3740525240771677,
            "brake": 0.05536399738646203,
            "steer": 0.0
        },
        {
            "throttle": 0.33664727166945096,
            "brake": 0.07825651261100758,
            "steer": 0.0
        },
        {
            "throttle": 0.3029825445025059,
            "brake": 0.09885977631309859,
            "steer": 0.0
        },
        {
            "throttle": 0.2726842900522553,
            "brake": 0.11740271364498048,
            "steer": 0.0
        },
        {
            "throttle": 0.24541586104702978,
            "brake": 0.1340913572436742,
            "steer": 0.0
        },
        {
            "throttle": 0.2208742749423268,
            "brake": 0.14911113648249852,
            "steer": 0.0
        },
        {
            "throttle": 0.19878684744809413,
            "brake": 0.16262893779744042,
            "steer": 0.0
        },
        {
            "throttle": 0.17890816270328472,
            "brake": 0.17479495898088812,
            "steer": 0.0
        },
        {
            "throttle": 0.16101734643295626,
            "brake": 0.18574437804599106,
            "steer": 0.0
        },
        {
            "throttle": 0.14491561178966064,
            "brake": 0.1955988552045837,
            "steer": 0.0
        },
        {
            "throttle": 0.1304240506106946,
            "brake": 0.20446788464731708,
            "steer": 0.0
        },
        {
            "throttle": 0.11738164554962513,
            "brake": 0.21245001114577713,
            "steer": 0.0
        },
        {
            "throttle": 0.17647867232790226,
            "brake": 0.1912050100311994,
            "steer": 0.0
        },
        {
            "throttle": 0.15883080509511205,
            "brake": 0.20051342399127123,
            "steer": 0.0
        },
        {
            "throttle": 0.14294772458560084,
            "brake": 0.20889099655533586,
            "steer": 0.0
        },
        {
            "throttle": 0.12865295212704075,
            "brake": 0.216430811862994,
            "steer": 0.0
        },
        {
            "throttle": 0.11578765691433668,
            "brake": 0.22321664563988636,
            "steer": 0.0
        },
        {
            "throttle": 0.10420889122290301,
            "brake": 0.22932389603908948,
            "steer": 0.0
        },
        {
            "throttle": 0.09378800210061271,
            "brake": 0.23482042139837228,
            "steer": 0.0
        },
        {
            "throttle": 0.08440920189055144,
            "brake": 0.2397672942217268,
            "steer": 0.0
        },
        {
            "throttle": 0.0759682817014963,
            "brake": 0.24421947976274586,
            "steer": 0.0
        },
        {
            "throttle": 0.06837145353134667,
            "brake": 0.24822644674966302,
            "steer": 0.0
        },
        {
            "throttle": 0.06153430817821201,
            "brake": 0.25183271703788845,
            "steer": 0.0
        },
        {
            "throttle": 0.05538087736039081,
            "brake": 0.25507836029729136,
            "steer": 0.0
        },
        {
            "throttle": 0.04984278962435173,
            "brake": 0.25799943923075397,
            "steer": 0.0
        },
        {
            "throttle": 0.044858510661916554,
            "brake": 0.26062841027087036,
            "steer": 0.0
        },
        {
            "throttle": 0.11770148660237698,
            "brake": 0.23456556924378333,
            "steer": 0.0
        },
        {
            "throttle": 0.18294286963922324,
            "brake": 0.211109012319405,
            "steer": 0.0
        },
        {
            "throttle": 0.2412377016695768,
            "brake": 0.1899981110874645,
            "steer": 0.0
        },
        {
            "throttle": 0.29317799631463887,
            "brake": 0.17099829997871807,
            "steer": 0.0
        },
        {
            "throttle": 0.33929964336615626,
            "brake": 0.15389846998084628,
            "steer": 0.0
        },
        {
            "throttle": 0.3800886047497074,
            "brake": 0.13850862298276165,
            "steer": 0.0
        },
        {
            "throttle": 0.4159864694325511,
            "brake": 0.12465776068448549,
            "steer": 0.0
        },
        {
            "throttle": 0.4473954280867852,
            "brake": 0.11219198461603694,
            "steer": 0.0
        },
        {
            "throttle": 0.47468272238258014,
            "brake": 0.10097278615443325,
            "steer": 0.0
        },
        {
            "throttle": 0.4981846184623286,
            "brake": 0.09087550753898993,
            "steer": 0.0
        },
        {
            "throttle": 0.5182099493725235,
            "brake": 0.08178795678509095,
            "steer": 0.0
        },
        {
            "throttle": 0.5350432669499958,
            "brake": 0.07360916110658185,
            "steer": 0.0
        },
        {
            "throttle": 0.5489476398222585,
            "brake": 0.06624824499592366,
            "steer": 0.0
        },
        {
            "throttle": 0.5601671307425505,
            "brake": 0.0596234204963313,
            "steer": 0.0
        },
        {
            "throttle": 0.5689289833976398,
            "brake": 0.05366107844669817,
            "steer": 0.0
        },
        {
            "throttle": 0.5754455460634669,
            "brake": 0.04829497060202836,
            "steer": 0.0
        },
        {
            "throttle": 0.5799159570068688,
            "brake": 0.04346547354182552,
            "steer": 0.0
        },
        {
            "throttle": 0.5825276143107626,
            "brake": 0.03911892618764297,
            "steer": 0.0
        },
        {
            "throttle": 0.5834574508081322,
            "brake": 0.03520703356887867,
            "steer": 0.0
        },
        {
            "throttle": 0.5828730330224329,
            "brake": 0.031686330211990806,
            "steer": 0.0
        },
        {
            "throttle": 0.5809335014065484,
            "brake": 0.028517697190791724,
            "steer": 0.0
        },
        {
            "throttle": 0.5777903677292954,
            "brake": 0.025665927471712553,
            "steer": 0.0
        },
        {
            "throttle": 0.5200113309563659,
            "brake": 0.05152824968773305,
            "steer": 0.0
        },
        {
            "throttle": 0.4680101978607293,
            "brake": 0.0748043396821515,
            "steer": 0.0
        },
        {
            "throttle": 0.42120917807465635,
            "brake": 0.09575282067712812,
            "steer": 0.0
        },
        {
            "throttle": 0.3790882602671907,
            "brake": 0.11460645357260707,
            "steer": 0.0
        },
        {
            "throttle": 0.34117943424047165,
            "brake": 0.13157472317853813,
            "steer": 0.0
        },
        {
            "throttle": 0.3070614908164245,
            "brake": 0.14684616582387608,
            "steer": 0.0
        },
        {
            "throttle": 0.27635534173478205,
            "brake": 0.16059046420468023,
            "steer": 0.0
        },
        {
            "throttle": 0.24871980756130385,
            "brake": 0.17296033274740397,
            "steer": 0.0
        },
        {
            "throttle": 0.22384782680517348,
            "brake": 0.18409321443585533,
            "steer": 0.0
        },
        {
            "throttle": 0.20146304412465613,
            "brake": 0.19411280795546154,
            "steer": 0.0
        },
        {
            "throttle": 0.1813167397121905,
            "brake": 0.20313044212310713,
            "steer": 0.0
        },
        {
            "throttle": 0.16318506574097147,
            "brake": 0.21124631287398818,
            "steer": 0.0
        },
        {
            "throttle": 0.14686655916687433,
            "brake": 0.21855059654978112,
            "steer": 0.0
        },
        {
            "throttle": 0.17337934314178988,
            "brake": 0.196695536894803,
            "steer": 0.0
        },
        {
            "throttle": 0.1969078988678551,
            "brake": 0.17702598320532273,
            "steer": 0.0
        },
        {
            "throttle": 0.2178573909527043,
            "brake": 0.15932338488479045,
            "steer": 0.0
        },
        {
            "throttle": 0.23659379343060036,
            "brake": 0.1433910463963114,
            "steer": 0.0
        },
        {
            "throttle": 0.25344717539602984,
            "brake": 0.12905194175668025,
            "steer": 0.0
        },
        {
            "throttle": 0.26871465401515815,
            "brake": 0.11614674758101223,
            "steer": 0.0
        },
        {
            "throttle": 0.2826630519138751,
            "brake": 0.104532072822911,
            "steer": 0.0
        },
        {
            "throttle": 0.2955312922431761,
            "brake": 0.09407886554061991,
            "steer": 0.0
        },
        {
            "throttle": 0.3075325613725279,
            "brake": 0.08467097898655791,
            "steer": 0.0
        },
        {
            "throttle": 0.3188562661249824,
            "brake": 0.07620388108790212,
            "steer": 0.0
        },
        {
            "throttle": 0.32966980971306137,
            "brake": 0.06858349297911191,
            "steer": 0.0
        },
        {
            "throttle": 0.3401202080339834,
            "brake": 0.061725143681200724,
            "steer": 0.0
        },
        {
            "throttle": 0.35033556571172103,
            "brake": 0.05555262931308065,
            "steer": 0.0
        },
        {
            "throttle": 0.3604264292093314,
            "brake": 0.04999736638177259,
            "steer": 0.0
        },
        {
            "throttle": 0.3704870324580336,
            "brake": 0.04499762974359533,
            "steer": 0.0
        },
        {
            "throttle": 0.38059644874174964,
            "brake": 0.040497866769235794,
            "steer": 0.0
        },
        {
            "throttle": 0.3908196610213147,
            "brake": 0.036448080092312214,
            "steer": 0.0
        },
        {
            "throttle": 0.40120856146703743,
            "brake": 0.032803272083080995,
            "steer": 0.0
        },
        {
            "throttle": 0.41180288967900036,
            "brake": 0.029522944874772895,
            "steer": 0.0
        },
        {
            "throttle": 0.42263111790006536,
            "brake": 0.026570650387295607,
            "steer": 0.0
        },
        {
            "throttle": 0.43371129045681983,
            "brake": 0.023913585348566045,
            "steer": 0.0
        },
        {
            "throttle": 0.4450518236896086,
            "brake": 0.021522226813709442,
            "steer": 0.0
        },
        {
            "throttle": 0.4566522717462431,
            "brake": 0.019370004132338497,
            "steer": 0.0
        },
        {
            "throttle": 0.41098704457161883,
            "brake": 0.0458619186822964,
            "steer": 0.0
        },
        {
            "throttle": 0.369888340114457,
            "brake": 0.06970464177725852,
            "steer": 0.0
        },
        {
            "throttle": 0.3328995061030113,
            "brake": 0.09116309256272442,
            "steer": 0.0
        },
        {
            "throttle": 0.2996095554927102,
            "brake": 0.11047569826964374,
            "steer": 0.0
        },
        {
            "throttle": 0.26964859994343915,
            "brake": 0.12785704340587112,
            "steer": 0.0
        },
        {
            "throttle": 0.24268373994909523,
            "brake": 0.14350025402847577,
            "steer": 0.0
        },
        {
            "throttle": 0.2184153659541857,
            "brake": 0.15757914358881994,
            "steer": 0.0
        },
        {
            "throttle": 0.19657382935876713,
            "brake": 0.1702501441931297,
            "steer": 0.0
        },
        {
            "throttle": 0.17691644642289042,
            "brake": 0.18165404473700847,
            "steer": 0.0
        },
        {
            "throttle": 0.1592248017806014,
            "brake": 0.19191755522649936,
            "steer": 0.0
        },
        {
            "throttle": 0.14330232160254125,
            "brake": 0.20115471466704118,
            "steer": 0.0
        },
        {
            "throttle": 0.12897208944228714,
            "brake": 0.20946815816352882,
            "steer": 0.0
        },
        {
            "throttle": 0.11607488049805842,
            "brake": 0.21695025731036768,
            "steer": 0.0
        },
        {
            "throttle": 0.17822527412845934,
            "brake": 0.19525523157933092,
            "steer": 0.0
        },
        {
            "throttle": 0.23498815735540085,
            "brake": 0.17572970842139782,
            "steer": 0.0
        },
        {
            "throttle": 0.28681138419991825,
            "brake": 0.15815673757925805,
            "steer": 0.0
        },
        {
            "throttle": 0.334093705614433,
            "brake": 0.14234106382133224,
            "steer": 0.0
        },
        {
            "throttle": 0.3771902378773618,
            "brake": 0.12810695743919903,
            "steer": 0.0
        },
        {
            "throttle": 0.41641740618451645,
            "brake": 0.11529626169527914,
            "steer": 0.0
        },
        {
            "throttle": 0.4520574125173001,
            "brake": 0.10376663552575123,
            "steer": 0.0
        },
        {
            "throttle": 0.48436227185047,
            "brake": 0.09338997197317611,
            "steer": 0.0
        },
        {
            "throttle": 0.513557456267301,
            "brake": 0.0840509747758585,
            "steer": 0.0
        },
        {
            "throttle": 0.5398451825256284,
            "brake": 0.07564587729827266,
            "steer": 0.0
        },
        {
            "throttle": 0.5634073750178179,
            "brake": 0.06808128956844539,
            "steer": 0.0
        },
        {
            "throttle": 0.5844083328490756,
            "brake": 0.06127316061160085,
            "steer": 0.0
        },
        {
            "throttle": 0.6029971268836438,
            "brake": 0.05514584455044077,
            "steer": 0.0
        },
        {
            "throttle": 0.6193097500429571,
            "brake": 0.049631260095396694,
            "steer": 0.0
        },
        {
            "throttle": 0.6334710418527089,
            "brake": 0.04466813408585703,
            "steer": 0.0
        },
        {
            "throttle": 0.6455964061989281,
            "brake": 0.04020132067727133,
            "steer": 0.0
        },
        {
            "throttle": 0.6557933394411819,
            "brake": 0.036181188609544196,
            "steer": 0.0
        },
        {
            "throttle": 0.6641627844209379,
            "brake": 0.03256306974858978,
            "steer": 0.0
        },
        {
            "throttle": 0.6708003244741239,
            "brake": 0.029306762773730802,
            "steer": 0.0
        },
        {
            "throttle": 0.6757972302901804,
            "brake": 0.026376086496357722,
            "steer": 0.0
        },
        {
            "throttle": 0.6792413713383362,
            "brake": 0.02373847784672195,
            "steer": 0.0
        },
        {
            "throttle": 0.681218002589984,
            "brake": 0.021364630062049757,
            "steer": 0.0
        },
        {
            "throttle": 0.6818104363898594,
            "brake": 0.01922816705584478,
            "steer": 0.0
        },
        {
            "throttle": 0.6811006085555146,
            "brake": 0.017305350350260304,
            "steer": 0.0
        }
    ],
    "parameters": {
        "fog_density": 30.852656035587877,
        "precipitation": 62.08822152462379,
        "precipitation_deposits": 62.96466725722559,
        "wind_intensity": 32.461750511352555,
        "sun_altitude_angle": 42.045077650790375,
        "cloudiness": 69.26817063332902,
        "lead_base_throttle": 0.5907757844830546,
        "lead_behavior_frequency": 0.12187805872365866,
        "lead_throttle_variation": 0.18574144531657338,
        "lead_brake_probability": 0.2522472481620104,
        "lead_brake_intensity": 0.28428914963191754,
        "lead_brake_duration": 13.888590609602684,
        "initial_distance": 49.10270535504232,
        "initial_ego_velocity": 12.402836159240278,
        "initial_lead_velocity": 7.735560430928956
    },
    "config": {
        "num_timesteps": 200,
        "dt": 0.1,
        "seed": 80
    }
}