{
    "weather": {
        "cloudiness": 18.582160529551107,
        "precipitation": 60.58880038037224,
        "precipitation_deposits": 29.28050063050004,
        "wind_intensity": 8.079011783813412,
        "sun_altitude_angle": 39.71070973918441,
        "fog_density": 76.37761624781743,
        "fog_distance": 78.40084751107867,
        "wetness": 30.29440019018612
    },
    "initial_conditions": {
        "ego": {
            "position": {
                "x": 508.0251018900011,
                "y": 20.57,
                "z": 0.294
            },
            "yaw": 0.0,
            "velocity": 14.930696038102546
        },
        "lead": {
            "position": {
                "x": 484.88,
                "y": 20.57,
                "z": 0.294
            },
            "yaw": 0.0,
            "velocity": 22.821681220744633
        }
    },
    "ego": {
        "position": {
            "x": 508.0251018900011,
            "y": 20.57,
            "z": 0.294
        },
        "yaw": 0.0,
        "velocity": 14.930696038102546
    },
    "lead": {
        "position": {
            "x": 484.88,
            "y": 20.57,
            "z": 0.294
        },
        "yaw": 0.0,
        "velocity": 22.821681220744633
    },
    "ado_actions": [
        {
            "throttle": 0.35384152837479177,
            "brake": 0.0,
            "steer": 0.0
        },
        {
            "throttle": 0.3540390116433424,
            "brake": 0.0,
            "steer": 0.0
        },
        {
            "throttle": 0.3544131368612806,
            "brake": 0.0,
            "steer": 0.0
        },
        {
            "throttle": 0.354944059898335,
            "brake": 0.0,
            "steer": 0.0
        },
        {
            "throttle": 0.35561284615932187,
            "brake": 0.0,
            "steer": 0.0
        },
        {
            "throttle": 0.35640139764474965,
            "brake": 0.0,
            "steer": 0.0
        },
        {
            "throttle": 0.35729239315468825,
            "brake": 0.0,
            "steer": 0.0
        },
        {
            "throttle": 0.35826924018950307,
            "brake": 0.0,
            "steer": 0.0
        },
        {
            "throttle": 0.3593160372140497,
            "brake": 0.0,
            "steer": 0.0
        },
        {
            "throttle": 0.36041754505452833,
            "brake": 0.0,
            "steer": 0.0
        },
        {
            "throttle": 0.36155916629061824,
            "brake": 0.0,
            "steer": 0.0
        },
        {
            "throttle": 0.36272693159082936,
            "brake": 0.0,
            "steer": 0.0
        },
        {
            "throttle": 0.36390749201719236,
            "brake": 0.0,
            "steer": 0.0
        },
        {
            "throttle": 0.36508811639732164,
            "brake": 0.0,
            "steer": 0.0
        },
        {
            "throttle": 0.3285793047575895,
            "brake": 0.028895929333732126,
            "steer": 0.0
        },
        {
            "throttle": 0.29572137428183054,
            "brake": 0.054902265734091044,
            "steer": 0.0
        },
        {
            "throttle": 0.2661492368536475,
            "brake": 0.07830796849441407,
            "steer": 0.0
        },
        {
            "throttle": 0.23953431316828275,
            "brake": 0.09937310097870479,
            "steer": 0.0
        },
        {
            "throttle": 0.21558088185145446,
            "brake": 0.11833172021456644,
            "steer": 0.0
        },
        {
            "throttle": 0.19402279366630903,
            "brake": 0.13539447752684192,
            "steer": 0.0
        },
        {
            "throttle": 0.17462051429967815,
            "brake": 0.15075095910788985,
            "steer": 0.0
        },
        {
            "throttle": 0.15715846286971033,
            "brake": 0.16457179253083298,
            "steer": 0.0
        },
        {
            "throttle": 0.1414426165827393,
            "brake": 0.1770105426114818,
            "steer": 0.0
        },
        {
            "throttle": 0.12729835492446537,
            "brake": 0.18820541768406573,
            "steer": 0.0
        },
        {
            "throttle": 0.11456851943201883,
            "brake": 0.1982808052493913,
            "steer": 0.0
        },
        {
            "throttle": 0.10311166748881695,
            "brake": 0.2073486540581843,
            "steer": 0.0
        },
        {
            "throttle": 0.09280050073993526,
            "brake": 0.21550971798609803,
            "steer": 0.0
        },
        {
            "throttle": 0.08352045066594174,
            "brake": 0.22285467552122035,
            "steer": 0.0
        },
        {
            "throttle": 0.07516840559934757,
            "brake": 0.22946513730283047,
            "steer": 0.0
        },
        {
            "throttle": 0.06765156503941282,
            "brake": 0.23541455290627955,
            "steer": 0.0
        },
        {
            "throttle": 0.06088640853547154,
            "brake": 0.24076902694938374,
            "steer": 0.0
        },
        {
            "throttle": 0.05479776768192438,
            "brake": 0.24558805358817748,
            "steer": 0.0
        },
        {
            "throttle": 0.04931799091373194,
            "brake": 0.24992517756309185,
            "steer": 0.0
        },
        {
            "throttle": 0.04438619182235875,
            "brake": 0.2538285891405148,
            "steer": 0.0
        },
        {
            "throttle": 0.03994757264012287,
            "brake": 0.25734165956019545,
            "steer": 0.0
        },
        {
            "throttle": 0.035952815376110586,
            "brake": 0.260503422937908,
            "steer": 0.0
        },
        {
            "throttle": 0.03235753383849953,
            "brake": 0.2633490099778493,
            "steer": 0.0
        },
        {
            "throttle": 0.029121780454649575,
            "brake": 0.2659100383137965,
            "steer": 0.0
        },
        {
            "throttle": 0.02620960240918462,
            "brake": 0.268214963816149,
            "steer": 0.0
        },
        {
            "throttle": 0.05960298233435916,
            "brake": 0.2413934674345341,
            "steer": 0.0
        },
        {
            "throttle": 0.08946343486139521,
            "brake": 0.2172541206910807,
            "steer": 0.0
        },
        {
            "throttle": 0.11614183633212533,
            "brake": 0.19552870862197264,
            "steer": 0.0
        },
        {
            "throttle": 0.13995506026931856,
            "brake": 0.17597583775977538,
            "steer": 0.0
        },
        {
            "throttle": 0.16118938502837496,
            "brake": 0.15837825398379785,
            "steer": 0.0
        },
        {
            "throttle": 0.18010355463903607,
            "brake": 0.14254042858541807,
            "steer": 0.0
        },
        {
            "throttle": 0.19693152751077678,
            "brake": 0.12828638572687626,
            "steer": 0.0
        },
        {
            "throttle": 0.21188494424167345,
            "brake": 0.11545774715418863,
            "steer": 0.0
        },
        {
            "throttle": 0.22515534267991524,
            "brake": 0.10391197243876978,
            "steer": 0.0
        },
        {
            "throttle": 0.23691614560523083,
            "brake": 0.0935207751948928,
            "steer": 0.0
        },
        {
            "throttle": 0.24732444389328545,
            "brake": 0.08416869767540353,
            "steer": 0.0
        },
        {
            "throttle": 0.25652259577161557,
            "brake": 0.07575182790786318,
            "steer": 0.0
        },
        {
            "throttle": 0.2646396607457615,
            "brake": 0.06817664511707687,
            "steer": 0.0
        },
        {
            "throttle": 0.27179268494630204,
            "brake": 0.061358980605369186,
            "steer": 0.0
        },
        {
            "throttle": 0.2780878530011307,
            "brake": 0.05522308254483227,
            "steer": 0.0
        },
        {
            "throttle": 0.28362152005421926,
            "brake": 0.04970077429034905,
            "steer": 0.0
        },
        {
            "throttle": 0.28848113621581706,
            "brake": 0.044730696861314145,
            "steer": 0.0
        },
        {
            "throttle": 0.2927460745247069,
            "brake": 0.040257627175182734,
            "steer": 0.0
        },
        {
            "throttle": 0.2964883724174523,
            "brake": 0.036231864457664464,
            "steer": 0.0
        },
        {
            "throttle": 0.2997733957205374,
            "brake": 0.03260867801189802,
            "steer": 0.0
        },
        {
            "throttle": 0.3026604332981431,
            "brake": 0.029347810210708217,
            "steer": 0.0
        },
        {
            "throttle": 0.30520322969132696,
            "brake": 0.026413029189637397,
            "steer": 0.0
        },
        {
            "throttle": 0.30745046236487905,
            "brake": 0.023771726270673657,
            "steer": 0.0
        },
        {
            "throttle": 0.309446169528276,
            "brake": 0.021394553643606293,
            "steer": 0.0
        },
        {
            "throttle": 0.31123013390993115,
            "brake": 0.019255098279245663,
            "steer": 0.0
        },
        {
            "throttle": 0.31283822733301636,
            "brake": 0.0173295884513211,
            "steer": 0.0
        },
        {
            "throttle": 0.3143027204608491,
            "brake": 0.015596629606188989,
            "steer": 0.0
        },
        {
            "throttle": 0.3156525616451004,
            "brake": 0.01403696664557009,
            "steer": 0.0
        },
        {
            "throttle": 0.31691362841632753,
            "brake": 0.01263326998101308,
            "steer": 0.0
        },
        {
            "throttle": 0.31810895479946666,
            "brake": 0.011369942982911772,
            "steer": 0.0
        },
        {
            "throttle": 0.3192589373132662,
            "brake": 0.010232948684620595,
            "steer": 0.0
        },
        {
            "throttle": 0.3203815222189093,
            "brake": 0.009209653816158537,
            "steer": 0.0
        },
        {
            "throttle": 0.32149237631631533,
            "brake": 0.008288688434542684,
            "steer": 0.0
        },
        {
            "throttle": 0.32260504334418366,
            "brake": 0.0074598195910884155,
            "steer": 0.0
        },
        {
            "throttle": 0.323731087819384,
            "brake": 0.006713837631979574,
            "steer": 0.0
        },
        {
            "throttle": 0.324880227950696,
            "brake": 0.006042453868781617,
            "steer": 0.0
        },
        {
            "throttle": 0.3260604590792592,
            "brake": 0.0054382084819034554,
            "steer": 0.0
        },
        {
            "throttle": 0.32727816893172623,
            "brake": 0.00489438763371311,
            "steer": 0.0
        },
        {
            "throttle": 0.3285382458205089,
            "brake": 0.004404948870341799,
            "steer": 0.0
        },
        {
            "throttle": 0.3298441807873117,
            "brake": 0.003964453983307619,
            "steer": 0.0
        },
        {
            "throttle": 0.33119816456016854,
            "brake": 0.0035680085849768574,
            "steer": 0.0
        },
        {
            "throttle": 0.33260118007934575,
            "brake": 0.0032112077264791717,
            "steer": 0.0
        },
        {
            "throttle": 0.3340530912428045,
            "brake": 0.0028900869538312545,
            "steer": 0.0
        },
        {
            "throttle": 0.335552728426557,
            "brake": 0.002601078258448129,
            "steer": 0.0
        },
        {
            "throttle": 0.33709797124845264,
            "brake": 0.002340970432603316,
            "steer": 0.0
        },
        {
            "throttle": 0.33868582896499927,
            "brake": 0.0021068733893429845,
            "steer": 0.0
        },
        {
            "throttle": 0.3403125188191583,
            "brake": 0.0018961860504086861,
            "steer": 0.0
        },
        {
            "throttle": 0.3419735425921039,
            "brake": 0.0017065674453678175,
            "steer": 0.0
        },
        {
            "throttle": 0.34366376155321254,
            "brake": 0.0015359107008310357,
            "steer": 0.0
        },
        {
            "throttle": 0.3453774699496235,
            "brake": 0.001382319630747932,
            "steer": 0.0
        },
        {
            "throttle": 0.34710846712917265,
            "brake": 0.0012440876676731388,
            "steer": 0.0
        },
        {
            "throttle": 0.34885012834801743,
            "brake": 0.001119678900905825,
            "steer": 0.0
        },
        {
            "throttle": 0.3505954742764968,
            "brake": 0.0010077110108152425,
            "steer": 0.0
        },
        {
            "throttle": 0.352337239183434,
            "brake": 0.0009069399097337182,
            "steer": 0.0
        },
        {
            "throttle": 0.35406793774991396,
            "brake": 0.0008162459187603464,
            "steer": 0.0
        },
        {
            "throttle": 0.3557799304383111,
            "brake": 0.0007346213268843118,
            "steer": 0.0
        },
        {
            "throttle": 0.32020193739448,
            "brake": 0.029557088527928006,
            "steer": 0.0
        },
        {
            "throttle": 0.288181743655032,
            "brake": 0.05549730900886733,
            "steer": 0.0
        },
        {
            "throttle": 0.2593635692895288,
            "brake": 0.07884350744171273,
            "steer": 0.0
        },
        {
            "throttle": 0.23342721236057593,
            "brake": 0.09985508603127359,
            "steer": 0.0
        },
        {
            "throttle": 0.21008449112451832,
            "brake": 0.11876550676187836,
            "steer": 0.0
        },
        {
            "throttle": 0.1890760420120665,
            "brake": 0.13578488541942266,
            "steer": 0.0
        },
        {
            "throttle": 0.17016843781085983,
            "brake": 0.1511023262112125,
            "steer": 0.0
        },
        {
            "throttle": 0.15315159402977385,
            "brake": 0.16488802292382337,
            "steer": 0.0
        },
        {
            "throttle": 0.13783643462679648,
            "brake": 0.17729514996517315,
            "steer": 0.0
        },
        {
            "throttle": 0.12405279116411684,
            "brake": 0.18846156430238797,
            "steer": 0.0
        },
        {
            "throttle": 0.11164751204770516,
            "brake": 0.19851133720588132,
            "steer": 0.0
        },
        {
            "throttle": 0.10048276084293464,
            "brake": 0.2075561328190253,
            "steer": 0.0
        },
        {
            "throttle": 0.09043448475864119,
            "brake": 0.21569644887085487,
            "steer": 0.0
        },
        {
            "throttle": 0.08139103628277707,
            "brake": 0.2230227333175015,
            "steer": 0.0
        },
        {
            "throttle": 0.07325193265449936,
            "brake": 0.22961638931948347,
            "steer": 0.0
        },
        {
            "throttle": 0.06592673938904943,
            "brake": 0.23555067972126725,
            "steer": 0.0
        },
        {
            "throttle": 0.05933406545014449,
            "brake": 0.24089154108287264,
            "steer": 0.0
        },
        {
            "throttle": 0.053400658905130044,
            "brake": 0.2456983163083175,
            "steer": 0.0
        },
        {
            "throttle": 0.04806059301461704,
            "brake": 0.2500244140112179,
            "steer": 0.0
        },
        {
            "throttle": 0.04325453371315534,
            "brake": 0.25391790194382824,
            "steer": 0.0
        },
        {
            "throttle": 0.038929080341839804,
            "brake": 0.25742204108317757,
            "steer": 0.0
        },
        {
            "throttle": 0.03503617230765582,
            "brake": 0.2605757663085919,
            "steer": 0.0
        },
        {
            "throttle": 0.03153255507689024,
            "brake": 0.26341411901146483,
            "steer": 0.0
        },
        {
            "throttle": 0.028379299569201218,
            "brake": 0.2659686364440505,
            "steer": 0.0
        },
        {
            "throttle": 0.025541369612281095,
            "brake": 0.2682677021333776,
            "steer": 0.0
        },
        {
            "throttle": 0.059634002309214916,
            "brake": 0.24144093192003982,
            "steer": 0.0
        },
        {
            "throttle": 0.09014012910347524,
            "brake": 0.21729683872803585,
            "steer": 0.0
        },
        {
            "throttle": 0.11741239346560198,
            "brake": 0.19556715485523227,
            "steer": 0.0
        },
        {
            "throttle": 0.14176918873447059,
            "brake": 0.17601043936970903,
            "steer": 0.0
        },
        {
            "throttle": 0.16349811076422244,
            "brake": 0.15840939543273813,
            "steer": 0.0
        },
        {
            "throttle": 0.18285905954027648,
            "brake": 0.14256845588946432,
            "steer": 0.0
        },
        {
            "throttle": 0.20008702474648574,
            "brake": 0.12831161030051788,
            "steer": 0.0
        },
        {
            "throttle": 0.21539458679987958,
            "brake": 0.11548044927046609,
            "steer": 0.0
        },
        {
            "throttle": 0.22897416175086152,
            "brake": 0.10393240434341948,
            "steer": 0.0
        },
        {
            "throttle": 0.24100001564032578,
            "brake": 0.09353916390907753,
            "steer": 0.0
        },
        {
            "throttle": 0.2516300713795092,
            "brake": 0.08418524751816978,
            "steer": 0.0
        },
        {
            "throttle": 0.26100752894525325,
            "brake": 0.0757667227663528,
            "steer": 0.0
        },
        {
            "throttle": 0.26926231763727,
            "brake": 0.06819005048971752,
            "steer": 0.0
        },
        {
            "throttle": 0.2765123973021045,
            "brake": 0.061371045440745765,
            "steer": 0.0
        },
        {
            "throttle": 0.24886115757189403,
            "brake": 0.08412987023040332,
            "steer": 0.0
        },
        {
            "throttle": 0.22397504181470462,
            "brake": 0.10461281254109511,
            "steer": 0.0
        },
        {
            "throttle": 0.20157753763323416,
            "brake": 0.12304746062071772,
            "steer": 0.0
        },
        {
            "throttle": 0.18141978386991076,
            "brake": 0.13963864389237807,
            "steer": 0.0
        },
        {
            "throttle": 0.16327780548291967,
            "brake": 0.1545707088368724,
            "steer": 0.0
        },
        {
            "throttle": 0.14695002493462772,
            "brake": 0.1680095672869173,
            "steer": 0.0
        },
        {
            "throttle": 0.13225502244116497,
            "brake": 0.18010453989195768,
            "steer": 0.0
        },
        {
            "throttle": 0.11902952019704847,
            "brake": 0.19099001523649406,
            "steer": 0.0
        },
        {
            "throttle": 0.10712656817734363,
            "brake": 0.2007869430465768,
            "steer": 0.0
        },
        {
            "throttle": 0.09641391135960926,
            "brake": 0.20960417807565124,
            "steer": 0.0
        },
        {
            "throttle": 0.08677252022364834,
            "brake": 0.21753968960181824,
            "steer": 0.0
        },
        {
            "throttle": 0.07809526820128351,
            "brake": 0.22468164997536855,
            "steer": 0.0
        },
        {
            "throttle": 0.07028574138115516,
            "brake": 0.23110941431156384,
            "steer": 0.0
        },
        {
            "throttle": 0.06325716724303965,
            "brake": 0.2368944022141396,
            "steer": 0.0
        },
        {
            "throttle": 0.05693145051873568,
            "brake": 0.2421008913264578,
            "steer": 0.0
        },
        {
            "throttle": 0.051238305466862116,
            "brake": 0.24678673152754416,
            "steer": 0.0
        },
        {
            "throttle": 0.0461144749201759,
            "brake": 0.2510039877085219,
            "steer": 0.0
        },
        {
            "throttle": 0.04150302742815831,
            "brake": 0.25479951827140185,
            "steer": 0.0
        },
        {
            "throttle": 0.03735272468534248,
            "brake": 0.2582154957779938,
            "steer": 0.0
        },
        {
            "throttle": 0.03361745221680824,
            "brake": 0.2612898755339266,
            "steer": 0.0
        },
        {
            "throttle": 0.030255706995127415,
            "brake": 0.26405681731426606,
            "steer": 0.0
        },
        {
            "throttle": 0.027230136295614674,
            "brake": 0.2665470649165716,
            "steer": 0.0
        },
        {
            "throttle": 0.02450712266605321,
            "brake": 0.26878828775864655,
            "steer": 0.0
        },
        {
            "throttle": 0.022056410399447886,
            "brake": 0.270805388316514,
            "steer": 0.0
        },
        {
            "throttle": 0.019850769359503098,
            "brake": 0.27262077881859476,
            "steer": 0.0
        },
        {
            "throttle": 0.05146882604220766,
            "brake": 0.24535870093673529,
            "steer": 0.0
        },
        {
            "throttle": 0.08007652528633935,
            "brake": 0.22082283084306176,
            "steer": 0.0
        },
        {
            "throttle": 0.10598392187098489,
            "brake": 0.19874054775875558,
            "steer": 0.0
        },
        {
            "throttle": 0.12946917697405236,
            "brake": 0.17886649298288002,
            "steer": 0.0
        },
        {
            "throttle": 0.15078170253098563,
            "brake": 0.160979843684592,
            "steer": 0.0
        },
        {
            "throttle": 0.17014499632208596,
            "brake": 0.14488185931613282,
            "steer": 0.0
        },
        {
            "throttle": 0.18775919893606152,
            "brake": 0.13039367338451954,
            "steer": 0.0
        },
        {
            "throttle": 0.2038034006128603,
            "brake": 0.11735430604606759,
            "steer": 0.0
        },
        {
            "throttle": 0.21843772313767718,
            "brake": 0.10561887544146083,
            "steer": 0.0
        },
        {
            "throttle": 0.23180519940909328,
            "brake": 0.09505698789731475,
            "steer": 0.0
        },
        {
            "throttle": 0.24403347100955775,
            "brake": 0.08555128910758328,
            "steer": 0.0
        },
        {
            "throttle": 0.2552363220406193,
            "brake": 0.07699616019682495,
            "steer": 0.0
        },
        {
            "throttle": 0.26551506562574595,
            "brake": 0.06929654417714246,
            "steer": 0.0
        },
        {
            "throttle": 0.27495979780979707,
            "brake": 0.06236688975942821,
            "steer": 0.0
        },
        {
            "throttle": 0.283650532077838,
            "brake": 0.05613020078348539,
            "steer": 0.0
        },
        {
            "throttle": 0.29165822636045907,
            "brake": 0.050517180705136853,
            "steer": 0.0
        },
        {
            "throttle": 0.29904571317317896,
            "brake": 0.04546546263462317,
            "steer": 0.0
        },
        {
            "throttle": 0.30586854244046063,
            "brake": 0.04091891637116086,
            "steer": 0.0
        },
        {
            "throttle": 0.31217574556827765,
            "brake": 0.036827024734044776,
            "steer": 0.0
        },
        {
            "throttle": 0.3180105284421617,
            "brake": 0.0331443222606403,
            "steer": 0.0
        },
        {
            "throttle": 0.32341090023045566,
            "brake": 0.02982989003457627,
            "steer": 0.0
        },
        {
            "throttle": 0.3284102441562686,
            "brake": 0.026846901031118645,
            "steer": 0.0
        },
        {
            "throttle": 0.3330378357584444,
            "brake": 0.024162210928006782,
            "steer": 0.0
        },
        {
            "throttle": 0.3373193135845486,
            "brake": 0.021745989835206106,
            "steer": 0.0
        },
        {
            "throttle": 0.3412771067410143,
            "brake": 0.019571390851685497,
            "steer": 0.0
        },
        {
            "throttle": 0.34493082326134067,
            "brake": 0.017614251766516948,
            "steer": 0.0
        },
        {
            "throttle": 0.3482976028373722,
            "brake": 0.015852826589865254,
            "steer": 0.0
        },
        {
            "throttle": 0.3513924370864756,
            "brake": 0.014267543930878729,
            "steer": 0.0
        },
        {
            "throttle": 0.3542284601946011,
            "brake": 0.012840789537790857,
            "steer": 0.0
        },
        {
            "throttle": 0.3568172124779194,
            "brake": 0.01155671058401177,
            "steer": 0.0
        },
        {
            "throttle": 0.3591688791404825,
            "brake": 0.010401039525610594,
            "steer": 0.0
        },
        {
            "throttle": 0.3612925062690195,
            "brake": 0.009360935573049536,
            "steer": 0.0
        },
        {
            "throttle": 0.36319619589570956,
            "brake": 0.008424842015744583,
            "steer": 0.0
        },
        {
            "throttle": 0.36488728177299523,
            "brake": 0.007582357814170125,
            "steer": 0.0
        },
        {
            "throttle": 0.3663724873388843,
            "brake": 0.006824122032753113,
            "steer": 0.0
        },
        {
            "throttle": 0.3676580672046279,
            "brake": 0.006141709829477802,
            "steer": 0.0
        },
        {
            "throttle": 0.36874993336724465,
            "brake": 0.005527538846530022,
            "steer": 0.0
        },
        {
            "throttle": 0.369653767235345,
            "brake": 0.004974784961877019,
            "steer": 0.0
        },
        {
            "throttle": 0.3703751184565322,
            "brake": 0.004477306465689317,
            "steer": 0.0
        },
        {
            "throttle": 0.3709194914468717,
            "brake": 0.004029575819120386,
            "steer": 0.0
        },
        {
            "throttle": 0.3712924204462403,
            "brake": 0.0036266182372083474,
            "steer": 0.0
        }
    ],
    "parameters": {
        "fog_density": 76.37761624781743,
        "precipitation": 60.58880038037224,
        "precipitation_deposits": 29.28050063050004,
        "wind_intensity": 8.079011783813412,
        "sun_altitude_angle": 39.71070973918441,
        "cloudiness": 18.582160529551107,
        "lead_base_throttle": 0.3538415283747917,
        "lead_behavior_frequency": 0.11843054668063584,
        "lead_throttle_variation": 0.026563639112960936,
        "lead_brake_probability": 0.1786632615487258,
        "lead_brake_intensity": 0.28895929333732123,
        "lead_brake_duration": 25.957751171651516,
        "initial_distance": 23.145101890001094,
        "initial_ego_velocity": 14.930696038102546,
        "initial_lead_velocity": 22.821681220744633
    },
    "config": {
        "num_timesteps": 200,
        "dt": 0.1,
        "seed": 206
    }
}