{
    "weather": {
        "cloudiness": 93.69979944128181,
        "precipitation": 68.50527055502234,
        "precipitation_deposits": 12.888423934567106,
        "wind_intensity": 7.56913319887273,
        "sun_altitude_angle": 12.605808904669743,
        "fog_density": 38.18825110430321,
        "fog_distance": 280.0067123345667,
        "wetness": 34.25263527751117
    },
    "initial_conditions": {
        "ego": {
            "position": {
                "x": 522.9944535095133,
                "y": 20.57,
                "z": 0.294
            },
            "yaw": 0.0,
            "velocity": 11.463643020854015
        },
        "lead": {
            "position": {
                "x": 484.88,
                "y": 20.57,
                "z": 0.294
            },
            "yaw": 0.0,
            "velocity": 22.264211569962427
        }
    },
    "ego": {
        "position": {
            "x": 522.9944535095133,
            "y": 20.57,
            "z": 0.294
        },
        "yaw": 0.0,
        "velocity": 11.463643020854015
    },
    "lead": {
        "position": {
            "x": 484.88,
            "y": 20.57,
            "z": 0.294
        },
        "yaw": 0.0,
        "velocity": 22.264211569962427
    },
    "ado_actions": [
        {
            "throttle": 0.5688088443142689,
            "brake": 0.0,
            "steer": 0.0
        },
        {
            "throttle": 0.5718846422021521,
            "brake": 0.0,
            "steer": 0.0
        },
        {
            "throttle": 0.5777036111499151,
            "brake": 0.0,
            "steer": 0.0
        },
        {
            "throttle": 0.5859415439378333,
            "brake": 0.0,
            "steer": 0.0
        },
        {
            "throttle": 0.5962822172620812,
            "brake": 0.0,
            "steer": 0.0
        },
        {
            "throttle": 0.6084171986069941,
            "brake": 0.0,
            "steer": 0.0
        },
        {
            "throttle": 0.622045866496681,
            "brake": 0.0,
            "steer": 0.0
        },
        {
            "throttle": 0.6368756162788969,
            "brake": 0.0,
            "steer": 0.0
        },
        {
            "throttle": 0.6526222248514543,
            "brake": 0.0,
            "steer": 0.0
        },
        {
            "throttle": 0.669010348938547,
            "brake": 0.0,
            "steer": 0.0
        },
        {
            "throttle": 0.6857741326790787,
            "brake": 0.0,
            "steer": 0.0
        },
        {
            "throttle": 0.7026579014169627,
            "brake": 0.0,
            "steer": 0.0
        },
        {
            "throttle": 0.7194169196976259,
            "brake": 0.0,
            "steer": 0.0
        },
        {
            "throttle": 0.7358181925867012,
            "brake": 0.0,
            "steer": 0.0
        },
        {
            "throttle": 0.7516412905452586,
            "brake": 0.0,
            "steer": 0.0
        },
        {
            "throttle": 0.7666791792281238,
            "brake": 0.0,
            "steer": 0.0
        },
        {
            "throttle": 0.780739036723373,
            "brake": 0.0,
            "steer": 0.0
        },
        {
            "throttle": 0.7936430419258259,
            "brake": 0.0,
            "steer": 0.0
        },
        {
            "throttle": 0.8052291189376399,
            "brake": 0.0,
            "steer": 0.0
        },
        {
            "throttle": 0.8153516236158889,
            "brake": 0.0,
            "steer": 0.0
        },
        {
            "throttle": 0.8238819596399473,
            "brake": 0.0,
            "steer": 0.0
        },
        {
            "throttle": 0.8307091127490857,
            "brake": 0.0,
            "steer": 0.0
        },
        {
            "throttle": 0.8357400931003217,
            "brake": 0.0,
            "steer": 0.0
        },
        {
            "throttle": 0.8389002770147261,
            "brake": 0.0,
            "steer": 0.0
        },
        {
            "throttle": 0.8401336407126448,
            "brake": 0.0,
            "steer": 0.0
        },
        {
            "throttle": 0.8394028799795225,
            "brake": 0.0,
            "steer": 0.0
        },
        {
            "throttle": 0.8366894110484043,
            "brake": 0.0,
            "steer": 0.0
        },
        {
            "throttle": 0.8319932493264239,
            "brake": 0.0,
            "steer": 0.0
        },
        {
            "throttle": 0.8253327639238809,
            "brake": 0.0,
            "steer": 0.0
        },
        {
            "throttle": 0.8167443072587853,
            "brake": 0.0,
            "steer": 0.0
        },
        {
            "throttle": 0.8062817202996414,
            "brake": 0.0,
            "steer": 0.0
        },
        {
            "throttle": 0.7940157152673014,
            "brake": 0.0,
            "steer": 0.0
        },
        {
            "throttle": 0.7800331388354131,
            "brake": 0.0,
            "steer": 0.0
        },
        {
            "throttle": 0.764436120040849,
            "brake": 0.0,
            "steer": 0.0
        },
        {
            "throttle": 0.7473411082331958,
            "brake": 0.0,
            "steer": 0.0
        },
        {
            "throttle": 0.7288778074487966,
            "brake": 0.0,
            "steer": 0.0
        },
        {
            "throttle": 0.7091880145831564,
            "brake": 0.0,
            "steer": 0.0
        },
        {
            "throttle": 0.6884243696492994,
            "brake": 0.0,
            "steer": 0.0
        },
        {
            "throttle": 0.6667490272429265,
            "brake": 0.0,
            "steer": 0.0
        },
        {
            "throttle": 0.644332259082466,
            "brake": 0.0,
            "steer": 0.0
        },
        {
            "throttle": 0.621350998148438,
            "brake": 0.0,
            "steer": 0.0
        },
        {
            "throttle": 0.5979873355076719,
            "brake": 0.0,
            "steer": 0.0
        },
        {
            "throttle": 0.574426981370211,
            "brake": 0.0,
            "steer": 0.0
        },
        {
            "throttle": 0.5508577022872875,
            "brake": 0.0,
            "steer": 0.0
        },
        {
            "throttle": 0.5274677466554122,
            "brake": 0.0,
            "steer": 0.0
        },
        {
            "throttle": 0.5044442708429702,
            "brake": 0.0,
            "steer": 0.0
        },
        {
            "throttle": 0.48197177830116206,
            "brake": 0.0,
            "steer": 0.0
        },
        {
            "throttle": 0.460230583960859,
            "brake": 0.0,
            "steer": 0.0
        },
        {
            "throttle": 0.4393953160519438,
            "brake": 0.0,
            "steer": 0.0
        },
        {
            "throttle": 0.41963346721379763,
            "brake": 0.0,
            "steer": 0.0
        },
        {
            "throttle": 0.40110400639733995,
            "brake": 0.0,
            "steer": 0.0
        },
        {
            "throttle": 0.38395606259381887,
            "brake": 0.0,
            "steer": 0.0
        },
        {
            "throttle": 0.3683276908674884,
            "brake": 0.0,
            "steer": 0.0
        },
        {
            "throttle": 0.35434473052324805,
            "brake": 0.0,
            "steer": 0.0
        },
        {
            "throttle": 0.3421197645117858,
            "brake": 0.0,
            "steer": 0.0
        },
        {
            "throttle": 0.33175118836993184,
            "brake": 0.0,
            "steer": 0.0
        },
        {
            "throttle": 0.32332239611956937,
            "brake": 0.0,
            "steer": 0.0
        },
        {
            "throttle": 0.3169010896118758,
            "brake": 0.0,
            "steer": 0.0
        },
        {
            "throttle": 0.31253871681268713,
            "brake": 0.0,
            "steer": 0.0
        },
        {
            "throttle": 0.31027004348761594,
            "brake": 0.0,
            "steer": 0.0
        },
        {
            "throttle": 0.31011286167079993,
            "brake": 0.0,
            "steer": 0.0
        },
        {
            "throttle": 0.3120678371976935,
            "brake": 0.0,
            "steer": 0.0
        },
        {
            "throttle": 0.3161184974592389,
            "brake": 0.0,
            "steer": 0.0
        },
        {
            "throttle": 0.3222313594013193,
            "brake": 0.0,
            "steer": 0.0
        },
        {
            "throttle": 0.3303561966589217,
            "brake": 0.0,
            "steer": 0.0
        },
        {
            "throttle": 0.3404264435882524,
            "brake": 0.0,
            "steer": 0.0
        },
        {
            "throttle": 0.35235973285139127,
            "brake": 0.0,
            "steer": 0.0
        },
        {
            "throttle": 0.366058562126045,
            "brake": 0.0,
            "steer": 0.0
        },
        {
            "throttle": 0.38141108446643424,
            "brake": 0.0,
            "steer": 0.0
        },
        {
            "throttle": 0.3982920158389025,
            "brake": 0.0,
            "steer": 0.0
        },
        {
            "throttle": 0.4165636524056787,
            "brake": 0.0,
            "steer": 0.0
        },
        {
            "throttle": 0.4360769892401441,
            "brake": 0.0,
            "steer": 0.0
        },
        {
            "throttle": 0.45667293133423337,
            "brake": 0.0,
            "steer": 0.0
        },
        {
            "throttle": 0.47818358700997915,
            "brake": 0.0,
            "steer": 0.0
        },
        {
            "throttle": 0.5004336331788126,
            "brake": 0.0,
            "steer": 0.0
        },
        {
            "throttle": 0.5232417413095378,
            "brake": 0.0,
            "steer": 0.0
        },
        {
            "throttle": 0.5464220524736703,
            "brake": 0.0,
            "steer": 0.0
        },
        {
            "throttle": 0.5697856894391109,
            "brake": 0.0,
            "steer": 0.0
        },
        {
            "throttle": 0.5931422934831625,
            "brake": 0.0,
            "steer": 0.0
        },
        {
            "throttle": 0.616301573396163,
            "brake": 0.0,
            "steer": 0.0
        },
        {
            "throttle": 0.6390748540491432,
            "brake": 0.0,
            "steer": 0.0
        },
        {
            "throttle": 0.6612766119037317,
            "brake": 0.0,
            "steer": 0.0
        },
        {
            "throttle": 0.6827259849499983,
            "brake": 0.0,
            "steer": 0.0
        },
        {
            "throttle": 0.7032482447671945,
            "brake": 0.0,
            "steer": 0.0
        },
        {
            "throttle": 0.722676218711713,
            "brake": 0.0,
            "steer": 0.0
        },
        {
            "throttle": 0.7408516506435443,
            "brake": 0.0,
            "steer": 0.0
        },
        {
            "throttle": 0.7576264891037566,
            "brake": 0.0,
            "steer": 0.0
        },
        {
            "throttle": 0.7728640924469752,
            "brake": 0.0,
            "steer": 0.0
        },
        {
            "throttle": 0.7864403411097085,
            "brake": 0.0,
            "steer": 0.0
        },
        {
            "throttle": 0.7982446479521239,
            "brake": 0.0,
            "steer": 0.0
        },
        {
            "throttle": 0.8081808584413825,
            "brake": 0.0,
            "steer": 0.0
        },
        {
            "throttle": 0.8161680333421334,
            "brake": 0.0,
            "steer": 0.0
        },
        {
            "throttle": 0.8221411075369401,
            "brake": 0.0,
            "steer": 0.0
        },
        {
            "throttle": 0.8260514196084751,
            "brake": 0.0,
            "steer": 0.0
        },
        {
            "throttle": 0.8278671078680604,
            "brake": 0.0,
            "steer": 0.0
        },
        {
            "throttle": 0.8275733696029863,
            "brake": 0.0,
            "steer": 0.0
        },
        {
            "throttle": 0.8251725814291451,
            "brake": 0.0,
            "steer": 0.0
        },
        {
            "throttle": 0.8206842797668072,
            "brake": 0.0,
            "steer": 0.0
        },
        {
            "throttle": 0.8141450015966339,
            "brake": 0.0,
            "steer": 0.0
        },
        {
            "throttle": 0.8056079867909822,
            "brake": 0.0,
            "steer": 0.0
        },
        {
            "throttle": 0.7951427444429631,
            "brake": 0.0,
            "steer": 0.0
        },
        {
            "throttle": 0.7828344867233648,
            "brake": 0.0,
            "steer": 0.0
        },
        {
            "throttle": 0.7687834348744503,
            "brake": 0.0,
            "steer": 0.0
        },
        {
            "throttle": 0.7531040029909855,
            "brake": 0.0,
            "steer": 0.0
        },
        {
            "throttle": 0.7359238662341758,
            "brake": 0.0,
            "steer": 0.0
        },
        {
            "throttle": 0.7173829210653877,
            "brake": 0.0,
            "steer": 0.0
        },
        {
            "throttle": 0.6976321459659279,
            "brake": 0.0,
            "steer": 0.0
        },
        {
            "throttle": 0.6768323719196091,
            "brake": 0.0,
            "steer": 0.0
        },
        {
            "throttle": 0.6551529726697257,
            "brake": 0.0,
            "steer": 0.0
        },
        {
            "throttle": 0.632770485415431,
            "brake": 0.0,
            "steer": 0.0
        },
        {
            "throttle": 0.6098671731790136,
            "brake": 0.0,
            "steer": 0.0
        },
        {
            "throttle": 0.5866295405506172,
            "brake": 0.0,
            "steer": 0.0
        },
        {
            "throttle": 0.5632468148966552,
            "brake": 0.0,
            "steer": 0.0
        },
        {
            "throttle": 0.5399094053994498,
            "brake": 0.0,
            "steer": 0.0
        },
        {
            "throttle": 0.5168073524761971,
            "brake": 0.0,
            "steer": 0.0
        },
        {
            "throttle": 0.4941287802037327,
            "brake": 0.0,
            "steer": 0.0
        },
        {
            "throttle": 0.4720583643511286,
            "brake": 0.0,
            "steer": 0.0
        },
        {
            "throttle": 0.4507758284950852,
            "brake": 0.0,
            "steer": 0.0
        },
        {
            "throttle": 0.43045448046441687,
            "brake": 0.0,
            "steer": 0.0
        },
        {
            "throttle": 0.4112598010315459,
            "brake": 0.0,
            "steer": 0.0
        },
        {
            "throttle": 0.3933480963434779,
            "brake": 0.0,
            "steer": 0.0
        },
        {
            "throttle": 0.3768652250657027,
            "brake": 0.0,
            "steer": 0.0
        },
        {
            "throttle": 0.3619454106040749,
            "brake": 0.0,
            "steer": 0.0
        },
        {
            "throttle": 0.348710148076931,
            "brake": 0.0,
            "steer": 0.0
        },
        {
            "throttle": 0.3372672149381353,
            "brake": 0.0,
            "steer": 0.0
        },
        {
            "throttle": 0.32770979330770567,
            "brake": 0.0,
            "steer": 0.0
        },
        {
            "throttle": 0.3201157111570132,
            "brake": 0.0,
            "steer": 0.0
        },
        {
            "throttle": 0.3145468085276973,
            "brake": 0.0,
            "steer": 0.0
        },
        {
            "throttle": 0.3110484339452634,
            "brake": 0.0,
            "steer": 0.0
        },
        {
            "throttle": 0.3096490751281291,
            "brake": 0.0,
            "steer": 0.0
        },
        {
            "throttle": 0.31036012699928767,
            "brake": 0.0,
            "steer": 0.0
        },
        {
            "throttle": 0.31317579888967206,
            "brake": 0.0,
            "steer": 0.0
        },
        {
            "throttle": 0.3180731616888361,
            "brake": 0.0,
            "steer": 0.0
        },
        {
            "throttle": 0.32501233455894335,
            "brake": 0.0,
            "steer": 0.0
        },
        {
            "throttle": 0.33393680969155953,
            "brake": 0.0,
            "steer": 0.0
        },
        {
            "throttle": 0.34477391246262995,
            "brake": 0.0,
            "steer": 0.0
        },
        {
            "throttle": 0.35743539323844203,
            "brake": 0.0,
            "steer": 0.0
        },
        {
            "throttle": 0.37181814601330954,
            "brake": 0.0,
            "steer": 0.0
        },
        {
            "throttle": 0.38780504802689225,
            "brake": 0.0,
            "steer": 0.0
        },
        {
            "throttle": 0.40526591352389935,
            "brake": 0.0,
            "steer": 0.0
        },
        {
            "throttle": 0.42405855388943514,
            "brake": 0.0,
            "steer": 0.0
        },
        {
            "throttle": 0.44402993552700276,
            "brake": 0.0,
            "steer": 0.0
        },
        {
            "throttle": 0.46501742605023916,
            "brake": 0.0,
            "steer": 0.0
        },
        {
            "throttle": 0.48685011864029537,
            "brake": 0.0,
            "steer": 0.0
        },
        {
            "throttle": 0.5093502237842522,
            "brake": 0.0,
            "steer": 0.0
        },
        {
            "throttle": 0.5323345170612627,
            "brake": 0.0,
            "steer": 0.0
        },
        {
            "throttle": 0.5556158311867021,
            "brake": 0.0,
            "steer": 0.0
        },
        {
            "throttle": 0.5790045801642032,
            "brake": 0.0,
            "steer": 0.0
        },
        {
            "throttle": 0.6023103031339915,
            "brake": 0.0,
            "steer": 0.0
        },
        {
            "throttle": 0.6253432153455444,
            "brake": 0.0,
            "steer": 0.0
        },
        {
            "throttle": 0.6479157536245854,
            "brake": 0.0,
            "steer": 0.0
        },
        {
            "throttle": 0.6698441037492563,
            "brake": 0.0,
            "steer": 0.0
        },
        {
            "throttle": 0.6909496972976314,
            "brake": 0.0,
            "steer": 0.0
        },
        {
            "throttle": 0.711060665777343,
            "brake": 0.0,
            "steer": 0.0
        },
        {
            "throttle": 0.7300132401959454,
            "brake": 0.0,
            "steer": 0.0
        },
        {
            "throttle": 0.7476530846749437,
            "brake": 0.0,
            "steer": 0.0
        },
        {
            "throttle": 0.7638365532475067,
            "brake": 0.0,
            "steer": 0.0
        },
        {
            "throttle": 0.7784318596054242,
            "brake": 0.0,
            "steer": 0.0
        },
        {
            "throttle": 0.7913201502697442,
            "brake": 0.0,
            "steer": 0.0
        },
        {
            "throttle": 0.8023964724459746,
            "brake": 0.0,
            "steer": 0.0
        },
        {
            "throttle": 0.8115706286823425,
            "brake": 0.0,
            "steer": 0.0
        },
        {
            "throttle": 0.8187679113714021,
            "brake": 0.0,
            "steer": 0.0
        },
        {
            "throttle": 0.8239297111137447,
            "brake": 0.0,
            "steer": 0.0
        },
        {
            "throttle": 0.8270139939897436,
            "brake": 0.0,
            "steer": 0.0
        },
        {
            "throttle": 0.82799564385278,
            "brake": 0.0,
            "steer": 0.0
        },
        {
            "throttle": 0.8268666668565643,
            "brake": 0.0,
            "steer": 0.0
        },
        {
            "throttle": 0.8236362565510308,
            "brake": 0.0,
            "steer": 0.0
        },
        {
            "throttle": 0.8183307190167116,
            "brake": 0.0,
            "steer": 0.0
        },
        {
            "throttle": 0.8109932586472389,
            "brake": 0.0,
            "steer": 0.0
        },
        {
            "throttle": 0.8016836263244047,
            "brake": 0.0,
            "steer": 0.0
        },
        {
            "throttle": 0.790477632850781,
            "brake": 0.0,
            "steer": 0.0
        },
        {
            "throttle": 0.7774665316021466,
            "brake": 0.0,
            "steer": 0.0
        },
        {
            "throttle": 0.7627562754269461,
            "brake": 0.0,
            "steer": 0.0
        },
        {
            "throttle": 0.746466653844044,
            "brake": 0.0,
            "steer": 0.0
        },
        {
            "throttle": 0.7287303175648014,
            "brake": 0.0,
            "steer": 0.0
        },
        {
            "throttle": 0.7096916982830532,
            "brake": 0.0,
            "steer": 0.0
        },
        {
            "throttle": 0.6895058325294174,
            "brake": 0.0,
            "steer": 0.0
        },
        {
            "throttle": 0.6683370991676081,
            "brake": 0.0,
            "steer": 0.0
        },
        {
            "throttle": 0.6463578808136505,
            "brake": 0.0,
            "steer": 0.0
        },
        {
            "throttle": 0.6237471600784198,
            "brake": 0.0,
            "steer": 0.0
        },
        {
            "throttle": 0.6006890620646704,
            "brake": 0.0,
            "steer": 0.0
        },
        {
            "throttle": 0.5773713549873914,
            "brake": 0.0,
            "steer": 0.0
        },
        {
            "throttle": 0.5539839211273337,
            "brake": 0.0,
            "steer": 0.0
        },
        {
            "throttle": 0.5307172105691402,
            "brake": 0.0,
            "steer": 0.0
        },
        {
            "throttle": 0.5077606903156999,
            "brake": 0.0,
            "steer": 0.0
        },
        {
            "throttle": 0.4853013014079998,
            "brake": 0.0,
            "steer": 0.0
        },
        {
            "throttle": 0.46352193661455765,
            "brake": 0.0,
            "steer": 0.0
        },
        {
            "throttle": 0.4425999510870132,
            "brake": 0.0,
            "steer": 0.0
        },
        {
            "throttle": 0.4227057181100065,
            "brake": 0.0,
            "steer": 0.0
        },
        {
            "throttle": 0.404001241706255,
            "brake": 0.0,
            "steer": 0.0
        },
        {
            "throttle": 0.38663883739475435,
            "brake": 0.0,
            "steer": 0.0
        },
        {
            "throttle": 0.37075989184503966,
            "brake": 0.0,
            "steer": 0.0
        },
        {
            "throttle": 0.35649371152797177,
            "brake": 0.0,
            "steer": 0.0
        },
        {
            "throttle": 0.34395646973879074,
            "brake": 0.0,
            "steer": 0.0
        },
        {
            "throttle": 0.3332502605671078,
            "brake": 0.0,
            "steer": 0.0
        },
        {
            "throttle": 0.3244622675176094,
            "brake": 0.0,
            "steer": 0.0
        },
        {
            "throttle": 0.3176640535516147,
            "brake": 0.0,
            "steer": 0.0
        },
        {
            "throttle": 0.31291097833086845,
            "brake": 0.0,
            "steer": 0.0
        },
        {
            "throttle": 0.31024174740910615,
            "brake": 0.0,
            "steer": 0.0
        },
        {
            "throttle": 0.3096780970424449,
            "brake": 0.0,
            "steer": 0.0
        }
    ],
    "parameters": {
        "fog_density": 38.18825110430321,
        "precipitation": 68.50527055502234,
        "precipitation_deposits": 12.888423934567106,
        "wind_intensity": 7.56913319887273,
        "sun_altitude_angle": 12.605808904669743,
        "cloudiness": 93.69979944128181,
        "lead_base_throttle": 0.5688088443142689,
        "lead_behavior_frequency": 0.14367026729132637,
        "lead_throttle_variation": 0.34119370998475196,
        "lead_brake_probability": 0.0006639802974562903,
        "lead_brake_intensity": 0.3204425692942642,
        "lead_brake_duration": 21.510514213824756,
        "initial_distance": 38.11445350951327,
        "initial_ego_velocity": 11.463643020854015,
        "initial_lead_velocity": 22.264211569962427
    },
    "config": {
        "num_timesteps": 200,
        "dt": 0.1,
        "seed": 228
    }
}