{
    "weather": {
        "cloudiness": 42.44914040051418,
        "precipitation": 17.928804596587412,
        "precipitation_deposits": 83.78244812655055,
        "wind_intensity": 4.473371294956846,
        "sun_altitude_angle": 17.229803653419147,
        "fog_density": 9.322762406982115,
        "fog_distance": 732.890666688545,
        "wetness": 8.964402298293706
    },
    "initial_conditions": {
        "ego": {
            "position": {
                "x": 500.2017195460536,
                "y": 20.57,
                "z": 0.294
            },
            "yaw": 0.0,
            "velocity": 5.260482937781428
        },
        "lead": {
            "position": {
                "x": 484.88,
                "y": 20.57,
                "z": 0.294
            },
            "yaw": 0.0,
            "velocity": 12.199990302063991
        }
    },
    "ego": {
        "position": {
            "x": 500.2017195460536,
            "y": 20.57,
            "z": 0.294
        },
        "yaw": 0.0,
        "velocity": 5.260482937781428
    },
    "lead": {
        "position": {
            "x": 484.88,
            "y": 20.57,
            "z": 0.294
        },
        "yaw": 0.0,
        "velocity": 12.199990302063991
    },
    "ado_actions": [
        {
            "throttle": 0.3000029825537493,
            "brake": 0.0,
            "steer": 0.0
        },
        {
            "throttle": 0.3005312201563947,
            "brake": 0.0,
            "steer": 0.0
        },
        {
            "throttle": 0.3015333310746025,
            "brake": 0.0,
            "steer": 0.0
        },
        {
            "throttle": 0.3029588514158981,
            "brake": 0.0,
            "steer": 0.0
        },
        {
            "throttle": 0.3047608366152894,
            "brake": 0.0,
            "steer": 0.0
        },
        {
            "throttle": 0.30689552292830263,
            "brake": 0.0,
            "steer": 0.0
        },
        {
            "throttle": 0.30932202718901075,
            "brake": 0.0,
            "steer": 0.0
        },
        {
            "throttle": 0.312002080954526,
            "brake": 0.0,
            "steer": 0.0
        },
        {
            "throttle": 0.31489979553256076,
            "brake": 0.0,
            "steer": 0.0
        },
        {
            "throttle": 0.3179814547264674,
            "brake": 0.0,
            "steer": 0.0
        },
        {
            "throttle": 0.32121533243641753,
            "brake": 0.0,
            "steer": 0.0
        },
        {
            "throttle": 0.3245715325294711,
            "brake": 0.0,
            "steer": 0.0
        },
        {
            "throttle": 0.32802184863825756,
            "brake": 0.0,
            "steer": 0.0
        },
        {
            "throttle": 0.33153964177060363,
            "brake": 0.0,
            "steer": 0.0
        },
        {
            "throttle": 0.33509973381314906,
            "brake": 0.0,
            "steer": 0.0
        },
        {
            "throttle": 0.30158976043183416,
            "brake": 0.03603292896385625,
            "steer": 0.0
        },
        {
            "throttle": 0.27143078438865076,
            "brake": 0.06846256503132687,
            "steer": 0.0
        },
        {
            "throttle": 0.2442877059497857,
            "brake": 0.09764923749205044,
            "steer": 0.0
        },
        {
            "throttle": 0.21985893535480713,
            "brake": 0.12391724270670165,
            "steer": 0.0
        },
        {
            "throttle": 0.1978730418193264,
            "brake": 0.14755844739988774,
            "steer": 0.0
        },
        {
            "throttle": 0.17808573763739377,
            "brake": 0.1688355316237552,
            "steer": 0.0
        },
        {
            "throttle": 0.1602771638736544,
            "brake": 0.18798490742523594,
            "steer": 0.0
        },
        {
            "throttle": 0.14424944748628896,
            "brake": 0.20521934564656857,
            "steer": 0.0
        },
        {
            "throttle": 0.12982450273766005,
            "brake": 0.22073034004576797,
            "steer": 0.0
        },
        {
            "throttle": 0.11684205246389405,
            "brake": 0.23469023500504743,
            "steer": 0.0
        },
        {
            "throttle": 0.10515784721750465,
            "brake": 0.24725414046839894,
            "steer": 0.0
        },
        {
            "throttle": 0.09464206249575419,
            "brake": 0.2585616553854153,
            "steer": 0.0
        },
        {
            "throttle": 0.08517785624617877,
            "brake": 0.26873841881073,
            "steer": 0.0
        },
        {
            "throttle": 0.0766600706215609,
            "brake": 0.27789750589351325,
            "steer": 0.0
        },
        {
            "throttle": 0.06899406355940481,
            "brake": 0.2861406842680182,
            "steer": 0.0
        },
        {
            "throttle": 0.062094657203464326,
            "brake": 0.2935595448050726,
            "steer": 0.0
        },
        {
            "throttle": 0.09561827282292125,
            "brake": 0.26420359032456536,
            "steer": 0.0
        },
        {
            "throttle": 0.12572075541865935,
            "brake": 0.23778323129210882,
            "steer": 0.0
        },
        {
            "throttle": 0.1527160346328873,
            "brake": 0.21400490816289794,
            "steer": 0.0
        },
        {
            "throttle": 0.176886929898862,
            "brake": 0.19260441734660816,
            "steer": 0.0
        },
        {
            "throttle": 0.19848834283064531,
            "brake": 0.17334397561194734,
            "steer": 0.0
        },
        {
            "throttle": 0.2177501293119705,
            "brake": 0.1560095780507526,
            "steer": 0.0
        },
        {
            "throttle": 0.23487968308010498,
            "brake": 0.14040862024567735,
            "steer": 0.0
        },
        {
            "throttle": 0.2500642594247857,
            "brake": 0.12636775822110963,
            "steer": 0.0
        },
        {
            "throttle": 0.26347306476474863,
            "brake": 0.11373098239899866,
            "steer": 0.0
        },
        {
            "throttle": 0.27525913529323237,
            "brake": 0.1023578841590988,
            "steer": 0.0
        },
        {
            "throttle": 0.2855610255704533,
            "brake": 0.09212209574318893,
            "steer": 0.0
        },
        {
            "throttle": 0.257004923013408,
            "brake": 0.11894281513272628,
            "steer": 0.0
        },
        {
            "throttle": 0.2313044307120672,
            "brake": 0.1430814625833099,
            "steer": 0.0
        },
        {
            "throttle": 0.20817398764086048,
            "brake": 0.16480624528883514,
            "steer": 0.0
        },
        {
            "throttle": 0.18735658887677445,
            "brake": 0.18435854972380789,
            "steer": 0.0
        },
        {
            "throttle": 0.168620929989097,
            "brake": 0.20195562371528336,
            "steer": 0.0
        },
        {
            "throttle": 0.1517588369901873,
            "brake": 0.2177929903076113,
            "steer": 0.0
        },
        {
            "throttle": 0.13658295329116857,
            "brake": 0.23204662024070644,
            "steer": 0.0
        },
        {
            "throttle": 0.12292465796205171,
            "brake": 0.24487488718049205,
            "steer": 0.0
        },
        {
            "throttle": 0.11063219216584654,
            "brake": 0.2564203274262991,
            "steer": 0.0
        },
        {
            "throttle": 0.09956897294926188,
            "brake": 0.26681122364752546,
            "steer": 0.0
        },
        {
            "throttle": 0.0896120756543357,
            "brake": 0.2761630302466292,
            "steer": 0.0
        },
        {
            "throttle": 0.08065086808890212,
            "brake": 0.28457965618582254,
            "steer": 0.0
        },
        {
            "throttle": 0.07258578128001192,
            "brake": 0.2921546195310965,
            "steer": 0.0
        },
        {
            "throttle": 0.06532720315201072,
            "brake": 0.2989720865418431,
            "steer": 0.0
        },
        {
            "throttle": 0.05879448283680965,
            "brake": 0.305107806851515,
            "steer": 0.0
        },
        {
            "throttle": 0.05291503455312869,
            "brake": 0.31062995513021974,
            "steer": 0.0
        },
        {
            "throttle": 0.07771211824434951,
            "brake": 0.2795669596171978,
            "steer": 0.0
        },
        {
            "throttle": 0.09950114872535497,
            "brake": 0.251610263655478,
            "steer": 0.0
        },
        {
            "throttle": 0.11858421467524087,
            "brake": 0.22644923728993022,
            "steer": 0.0
        },
        {
            "throttle": 0.13523473300203298,
            "brake": 0.2038043135609372,
            "steer": 0.0
        },
        {
            "throttle": 0.14970030779435456,
            "brake": 0.18342388220484349,
            "steer": 0.0
        },
        {
            "throttle": 0.16220529891919988,
            "brake": 0.16508149398435915,
            "steer": 0.0
        },
        {
            "throttle": 0.1729531293381946,
            "brake": 0.14857334458592322,
            "steer": 0.0
        },
        {
            "throttle": 0.18212835732038127,
            "brake": 0.1337160101273309,
            "steer": 0.0
        },
        {
            "throttle": 0.18989853712451388,
            "brake": 0.1203444091145978,
            "steer": 0.0
        },
        {
            "throttle": 0.19641588937911483,
            "brake": 0.10830996820313803,
            "steer": 0.0
        },
        {
            "throttle": 0.20181880027806937,
            "brake": 0.09747897138282423,
            "steer": 0.0
        },
        {
            "throttle": 0.20623316680984818,
            "brake": 0.08773107424454181,
            "steer": 0.0
        },
        {
            "throttle": 0.20977360352844165,
            "brake": 0.07895796682008763,
            "steer": 0.0
        },
        {
            "throttle": 0.21254452483475744,
            "brake": 0.07106217013807886,
            "steer": 0.0
        },
        {
            "throttle": 0.21464111535147673,
            "brake": 0.06395595312427098,
            "steer": 0.0
        },
        {
            "throttle": 0.21615019972679234,
            "brake": 0.05756035781184388,
            "steer": 0.0
        },
        {
            "throttle": 0.21715102207921466,
            "brake": 0.051804322030659496,
            "steer": 0.0
        },
        {
            "throttle": 0.21771594428426647,
            "brake": 0.046623889827593544,
            "steer": 0.0
        },
        {
            "throttle": 0.21791107139317664,
            "brake": 0.04196150084483419,
            "steer": 0.0
        },
        {
            "throttle": 0.2177968116535366,
            "brake": 0.03776535076035077,
            "steer": 0.0
        },
        {
            "throttle": 0.21742837786321595,
            "brake": 0.03398881568431569,
            "steer": 0.0
        },
        {
            "throttle": 0.2168562361234752,
            "brake": 0.030589934115884124,
            "steer": 0.0
        },
        {
            "throttle": 0.21612650745781012,
            "brake": 0.027530940704295712,
            "steer": 0.0
        },
        {
            "throttle": 0.21528132722299614,
            "brake": 0.024777846633866143,
            "steer": 0.0
        },
        {
            "throttle": 0.21435916675212163,
            "brake": 0.02230006197047953,
            "steer": 0.0
        },
        {
            "throttle": 0.2133951212307474,
            "brake": 0.020070055773431576,
            "steer": 0.0
        },
        {
            "throttle": 0.2124211674118897,
            "brake": 0.018063050196088417,
            "steer": 0.0
        },
        {
            "throttle": 0.2114663944189608,
            "brake": 0.016256745176479577,
            "steer": 0.0
        },
        {
            "throttle": 0.21055721056421284,
            "brake": 0.014631070658831619,
            "steer": 0.0
        },
        {
            "throttle": 0.2097175288201138,
            "brake": 0.013167963592948457,
            "steer": 0.0
        },
        {
            "throttle": 0.20896893331928218,
            "brake": 0.011851167233653611,
            "steer": 0.0
        },
        {
            "throttle": 0.18807203998735397,
            "brake": 0.0466989794741445,
            "steer": 0.0
        },
        {
            "throttle": 0.16926483598861858,
            "brake": 0.07806201049058631,
            "steer": 0.0
        },
        {
            "throttle": 0.15233835238975674,
            "brake": 0.10628873840538393,
            "steer": 0.0
        },
        {
            "throttle": 0.13710451715078106,
            "brake": 0.13169279352870178,
            "steer": 0.0
        },
        {
            "throttle": 0.12339406543570296,
            "brake": 0.15455644313968786,
            "steer": 0.0
        },
        {
            "throttle": 0.11105465889213266,
            "brake": 0.1751337277895753,
            "steer": 0.0
        },
        {
            "throttle": 0.09994919300291939,
            "brake": 0.193653283974474,
            "steer": 0.0
        },
        {
            "throttle": 0.08995427370262746,
            "brake": 0.21032088454088288,
            "steer": 0.0
        },
        {
            "throttle": 0.08095884633236472,
            "brake": 0.22532172505065085,
            "steer": 0.0
        },
        {
            "throttle": 0.07286296169912825,
            "brake": 0.23882248150944202,
            "steer": 0.0
        },
        {
            "throttle": 0.06557666552921543,
            "brake": 0.25097316232235406,
            "steer": 0.0
        },
        {
            "throttle": 0.05901899897629389,
            "brake": 0.2619087750539749,
            "steer": 0.0
        },
        {
            "throttle": 0.0531170990786645,
            "brake": 0.2717508265124337,
            "steer": 0.0
        },
        {
            "throttle": 0.04780538917079805,
            "brake": 0.2806086728250466,
            "steer": 0.0
        },
        {
            "throttle": 0.04302485025371825,
            "brake": 0.28858073450639815,
            "steer": 0.0
        },
        {
            "throttle": 0.03872236522834643,
            "brake": 0.2957555900196146,
            "steer": 0.0
        },
        {
            "throttle": 0.05922756882437864,
            "brake": 0.26618003101765314,
            "steer": 0.0
        },
        {
            "throttle": 0.07812276732079511,
            "brake": 0.23956202791588782,
            "steer": 0.0
        },
        {
            "throttle": 0.09558407476385933,
            "brake": 0.21560582512429904,
            "steer": 0.0
        },
        {
            "throttle": 0.1117686650212317,
            "brake": 0.19404524261186915,
            "steer": 0.0
        },
        {
            "throttle": 0.1268166255986099,
            "brake": 0.17464071835068223,
            "steer": 0.0
        },
        {
            "throttle": 0.1408526300671188,
            "brake": 0.15717664651561403,
            "steer": 0.0
        },
        {
            "throttle": 0.15398744734597272,
            "brake": 0.14145898186405262,
            "steer": 0.0
        },
        {
            "throttle": 0.1663193042485291,
            "brake": 0.12731308367764735,
            "steer": 0.0
        },
        {
            "throttle": 0.17793511604681628,
            "brake": 0.11458177530988262,
            "steer": 0.0
        },
        {
            "throttle": 0.18891159832164875,
            "brake": 0.10312359777889436,
            "steer": 0.0
        },
        {
            "throttle": 0.17002043848948387,
            "brake": 0.12884416696486117,
            "steer": 0.0
        },
        {
            "throttle": 0.1530183946405355,
            "brake": 0.1519926792322313,
            "steer": 0.0
        },
        {
            "throttle": 0.13771655517648193,
            "brake": 0.17282634027286442,
            "steer": 0.0
        },
        {
            "throttle": 0.12394489965883373,
            "brake": 0.19157663520943424,
            "steer": 0.0
        },
        {
            "throttle": 0.11155040969295037,
            "brake": 0.2084519006523471,
            "steer": 0.0
        },
        {
            "throttle": 0.10039536872365533,
            "brake": 0.22363963955096866,
            "steer": 0.0
        },
        {
            "throttle": 0.0903558318512898,
            "brake": 0.23730860455972808,
            "steer": 0.0
        },
        {
            "throttle": 0.08132024866616082,
            "brake": 0.24961067306761153,
            "steer": 0.0
        },
        {
            "throttle": 0.07318822379954473,
            "brake": 0.26068253472470665,
            "steer": 0.0
        },
        {
            "throttle": 0.06586940141959026,
            "brake": 0.2706472102160922,
            "steer": 0.0
        },
        {
            "throttle": 0.05928246127763123,
            "brake": 0.27961541815833924,
            "steer": 0.0
        },
        {
            "throttle": 0.05335421514986811,
            "brake": 0.28768680530636154,
            "steer": 0.0
        },
        {
            "throttle": 0.0480187936348813,
            "brake": 0.29495105373958164,
            "steer": 0.0
        },
        {
            "throttle": 0.04321691427139317,
            "brake": 0.3014888773294797,
            "steer": 0.0
        },
        {
            "throttle": 0.038895222844253854,
            "brake": 0.307372918560388,
            "steer": 0.0
        },
        {
            "throttle": 0.03500570055982847,
            "brake": 0.31266855566820545,
            "steer": 0.0
        },
        {
            "throttle": 0.06847080485657228,
            "brake": 0.28140170010138493,
            "steer": 0.0
        },
        {
            "throttle": 0.09895025011152897,
            "brake": 0.25326153009124647,
            "steer": 0.0
        },
        {
            "throttle": 0.12672123637028926,
            "brake": 0.22793537708212183,
            "steer": 0.0
        },
        {
            "throttle": 0.15203225361456343,
            "brake": 0.20514183937390965,
            "steer": 0.0
        },
        {
            "throttle": 0.17510601796629666,
            "brake": 0.18462765543651868,
            "steer": 0.0
        },
        {
            "throttle": 0.19614211696859463,
            "brake": 0.16616488989286682,
            "steer": 0.0
        },
        {
            "throttle": 0.21531939283777307,
            "brake": 0.14954840090358015,
            "steer": 0.0
        },
        {
            "throttle": 0.2327980896841246,
            "brake": 0.13459356081322213,
            "steer": 0.0
        },
        {
            "throttle": 0.24872178809254725,
            "brake": 0.12113420473189992,
            "steer": 0.0
        },
        {
            "throttle": 0.2632191481089923,
            "brake": 0.10902078425870994,
            "steer": 0.0
        },
        {
            "throttle": 0.27640547956865874,
            "brake": 0.09811870583283895,
            "steer": 0.0
        },
        {
            "throttle": 0.2883841568034836,
            "brake": 0.08830683524955506,
            "steer": 0.0
        },
        {
            "throttle": 0.2992478930586056,
            "brake": 0.07947615172459956,
            "steer": 0.0
        },
        {
            "throttle": 0.3090798884110697,
            "brake": 0.0715285365521396,
            "steer": 0.0
        },
        {
            "throttle": 0.3179548636019628,
            "brake": 0.06437568289692565,
            "steer": 0.0
        },
        {
            "throttle": 0.32593999094999293,
            "brake": 0.05793811460723308,
            "steer": 0.0
        },
        {
            "throttle": 0.3330957323963688,
            "brake": 0.05214430314650977,
            "steer": 0.0
        },
        {
            "throttle": 0.339476593725202,
            "brake": 0.046929872831858795,
            "steer": 0.0
        },
        {
            "throttle": 0.34513180309928876,
            "brake": 0.042236885548672914,
            "steer": 0.0
        },
        {
            "throttle": 0.35010592123791046,
            "brake": 0.03801319699380563,
            "steer": 0.0
        },
        {
            "throttle": 0.35443938983209666,
            "brake": 0.03421187729442506,
            "steer": 0.0
        },
        {
            "throttle": 0.35816902413542395,
            "brake": 0.030790689564982557,
            "steer": 0.0
        },
        {
            "throttle": 0.3613284550774824,
            "brake": 0.0277116206084843,
            "steer": 0.0
        },
        {
            "throttle": 0.36394852571598124,
            "brake": 0.02494045854763587,
            "steer": 0.0
        },
        {
            "throttle": 0.3660576463660965,
            "brake": 0.022446412692872283,
            "steer": 0.0
        },
        {
            "throttle": 0.3676821123166964,
            "brake": 0.020201771423585056,
            "steer": 0.0
        },
        {
            "throttle": 0.36884638765765726,
            "brake": 0.01818159428122655,
            "steer": 0.0
        },
        {
            "throttle": 0.36957335839623673,
            "brake": 0.016363434853103896,
            "steer": 0.0
        },
        {
            "throttle": 0.3698845577294645,
            "brake": 0.014727091367793507,
            "steer": 0.0
        },
        {
            "throttle": 0.36980036606019917,
            "brake": 0.013254382231014156,
            "steer": 0.0
        },
        {
            "throttle": 0.3693401880936951,
            "brake": 0.01192894400791274,
            "steer": 0.0
        },
        {
            "throttle": 0.36852260912634677,
            "brake": 0.010736049607121467,
            "steer": 0.0
        },
        {
            "throttle": 0.36736553243614867,
            "brake": 0.009662444646409321,
            "steer": 0.0
        },
        {
            "throttle": 0.365886299502988,
            "brake": 0.00869620018176839,
            "steer": 0.0
        },
        {
            "throttle": 0.36410179462408326,
            "brake": 0.007826580163591551,
            "steer": 0.0
        },
        {
            "throttle": 0.36202853534379803,
            "brake": 0.007043922147232397,
            "steer": 0.0
        },
        {
            "throttle": 0.359682749985999,
            "brake": 0.006339529932509157,
            "steer": 0.0
        },
        {
            "throttle": 0.3570804434595489,
            "brake": 0.005705576939258241,
            "steer": 0.0
        },
        {
            "throttle": 0.3542374524020571,
            "brake": 0.005135019245332417,
            "steer": 0.0
        },
        {
            "throttle": 0.3511694906323975,
            "brake": 0.004621517320799176,
            "steer": 0.0
        },
        {
            "throttle": 0.31605254156915774,
            "brake": 0.04019229455257551,
            "steer": 0.0
        },
        {
            "throttle": 0.28444728741224196,
            "brake": 0.0722059940611742,
            "steer": 0.0
        },
        {
            "throttle": 0.2560025586710178,
            "brake": 0.10101832361891304,
            "steer": 0.0
        },
        {
            "throttle": 0.23040230280391602,
            "brake": 0.126949420220878,
            "steer": 0.0
        },
        {
            "throttle": 0.20736207252352443,
            "brake": 0.15028740716264644,
            "steer": 0.0
        },
        {
            "throttle": 0.18662586527117198,
            "brake": 0.17129159541023803,
            "steer": 0.0
        },
        {
            "throttle": 0.16796327874405478,
            "brake": 0.19019536483307048,
            "steer": 0.0
        },
        {
            "throttle": 0.15116695086964932,
            "brake": 0.2072087573136197,
            "steer": 0.0
        },
        {
            "throttle": 0.1360502557826844,
            "brake": 0.222520810546114,
            "steer": 0.0
        },
        {
            "throttle": 0.12244523020441596,
            "brake": 0.23630165845535883,
            "steer": 0.0
        },
        {
            "throttle": 0.11020070718397436,
            "brake": 0.24870442157367922,
            "steer": 0.0
        },
        {
            "throttle": 0.09918063646557693,
            "brake": 0.25986690838016757,
            "steer": 0.0
        },
        {
            "throttle": 0.08926257281901924,
            "brake": 0.26991314650600706,
            "steer": 0.0
        },
        {
            "throttle": 0.08033631553711731,
            "brake": 0.2789547608192626,
            "steer": 0.0
        },
        {
            "throttle": 0.07230268398340559,
            "brake": 0.2870922137011926,
            "steer": 0.0
        },
        {
            "throttle": 0.06507241558506503,
            "brake": 0.29441592129492955,
            "steer": 0.0
        },
        {
            "throttle": 0.08245030338225107,
            "brake": 0.2649743291654366,
            "steer": 0.0
        },
        {
            "throttle": 0.0976869401436898,
            "brake": 0.23847689624889296,
            "steer": 0.0
        },
        {
            "throttle": 0.11101546159632808,
            "brake": 0.21462920662400367,
            "steer": 0.0
        },
        {
            "throttle": 0.12264681109072734,
            "brake": 0.19316628596160332,
            "steer": 0.0
        },
        {
            "throttle": 0.1327719001272284,
            "brake": 0.173849657365443,
            "steer": 0.0
        },
        {
            "throttle": 0.14156354973092003,
            "brake": 0.1564646916288987,
            "steer": 0.0
        },
        {
            "throttle": 0.1491782347707906,
            "brake": 0.14081822246600884,
            "steer": 0.0
        },
        {
            "throttle": 0.15575765111741538,
            "brake": 0.12673640021940796,
            "steer": 0.0
        },
        {
            "throttle": 0.161430123552057,
            "brake": 0.11406276019746717,
            "steer": 0.0
        },
        {
            "throttle": 0.1663118705561551,
            "brake": 0.10265648417772046,
            "steer": 0.0
        },
        {
            "throttle": 0.17050814050407573,
            "brake": 0.09239083575994841,
            "steer": 0.0
        },
        {
            "throttle": 0.17411423233587922,
            "brake": 0.08315175218395357,
            "steer": 0.0
        },
        {
            "throttle": 0.17721641248473313,
            "brake": 0.07483657696555822,
            "steer": 0.0
        }
    ],
    "parameters": {
        "fog_density": 9.322762406982115,
        "precipitation": 17.928804596587412,
        "precipitation_deposits": 83.78244812655055,
        "wind_intensity": 4.473371294956846,
        "sun_altitude_angle": 17.229803653419147,
        "cloudiness": 42.44914040051418,
        "lead_base_throttle": 0.3000029825537493,
        "lead_behavior_frequency": 0.0859593046829341,
        "lead_throttle_variation": 0.09785155137168365,
        "lead_brake_probability": 0.2160528169296259,
        "lead_brake_intensity": 0.3603292896385625,
        "lead_brake_duration": 16.52929782820943,
        "initial_distance": 15.321719546053577,
        "initial_ego_velocity": 5.260482937781428,
        "initial_lead_velocity": 12.199990302063991
    },
    "config": {
        "num_timesteps": 200,
        "dt": 0.1,
        "seed": 74
    }
}