{
    "weather": {
        "cloudiness": 91.51349889090524,
        "precipitation": 24.655314116763062,
        "precipitation_deposits": 96.770053013746,
        "wind_intensity": 31.79342322884164,
        "sun_altitude_angle": 40.78113497222107,
        "fog_density": 0.21804746772885686,
        "fog_distance": 992.758100919196,
        "wetness": 12.327657058381531
    },
    "initial_conditions": {
        "ego": {
            "position": {
                "x": 501.86367856585576,
                "y": 20.57,
                "z": 0.294
            },
            "yaw": 0.0,
            "velocity": 13.96506169002162
        },
        "lead": {
            "position": {
                "x": 484.88,
                "y": 20.57,
                "z": 0.294
            },
            "yaw": 0.0,
            "velocity": 23.400662923812106
        }
    },
    "ego": {
        "position": {
            "x": 501.86367856585576,
            "y": 20.57,
            "z": 0.294
        },
        "yaw": 0.0,
        "velocity": 13.96506169002162
    },
    "lead": {
        "position": {
            "x": 484.88,
            "y": 20.57,
            "z": 0.294
        },
        "yaw": 0.0,
        "velocity": 23.400662923812106
    },
    "ado_actions": [
        {
            "throttle": 0.462036045881767,
            "brake": 0.0,
            "steer": 0.0
        },
        {
            "throttle": 0.46243051137707675,
            "brake": 0.0,
            "steer": 0.0
        },
        {
            "throttle": 0.4631793004726935,
            "brake": 0.0,
            "steer": 0.0
        },
        {
            "throttle": 0.4642455913433658,
            "brake": 0.0,
            "steer": 0.0
        },
        {
            "throttle": 0.46559555267590313,
            "brake": 0.0,
            "steer": 0.0
        },
        {
            "throttle": 0.46719804828649936,
            "brake": 0.0,
            "steer": 0.0
        },
        {
            "throttle": 0.46902437248910145,
            "brake": 0.0,
            "steer": 0.0
        },
        {
            "throttle": 0.4710480131311148,
            "brake": 0.0,
            "steer": 0.0
        },
        {
            "throttle": 0.47324443951898426,
            "brake": 0.0,
            "steer": 0.0
        },
        {
            "throttle": 0.4755909127318322,
            "brake": 0.0,
            "steer": 0.0
        },
        {
            "throttle": 0.4780663160694359,
            "brake": 0.0,
            "steer": 0.0
        },
        {
            "throttle": 0.480651003604143,
            "brake": 0.0,
            "steer": 0.0
        },
        {
            "throttle": 0.48332666500734034,
            "brake": 0.0,
            "steer": 0.0
        },
        {
            "throttle": 0.48607620500203635,
            "brake": 0.0,
            "steer": 0.0
        },
        {
            "throttle": 0.4888836359560086,
            "brake": 0.0,
            "steer": 0.0
        },
        {
            "throttle": 0.49173398227660775,
            "brake": 0.0,
            "steer": 0.0
        },
        {
            "throttle": 0.49461319540033044,
            "brake": 0.0,
            "steer": 0.0
        },
        {
            "throttle": 0.497508078289139,
            "brake": 0.0,
            "steer": 0.0
        },
        {
            "throttle": 0.5004062184525349,
            "brake": 0.0,
            "steer": 0.0
        },
        {
            "throttle": 0.5032959286107734,
            "brake": 0.0,
            "steer": 0.0
        },
        {
            "throttle": 0.5061661942014063,
            "brake": 0.0,
            "steer": 0.0
        },
        {
            "throttle": 0.509006627009513,
            "brake": 0.0,
            "steer": 0.0
        },
        {
            "throttle": 0.5118074242724098,
            "brake": 0.0,
            "steer": 0.0
        },
        {
            "throttle": 0.5145593326730655,
            "brake": 0.0,
            "steer": 0.0
        },
        {
            "throttle": 0.5172536166936245,
            "brake": 0.0,
            "steer": 0.0
        },
        {
            "throttle": 0.5198820308519561,
            "brake": 0.0,
            "steer": 0.0
        },
        {
            "throttle": 0.522436795390594,
            "brake": 0.0,
            "steer": 0.0
        },
        {
            "throttle": 0.5249105750292987,
            "brake": 0.0,
            "steer": 0.0
        },
        {
            "throttle": 0.5272964604302401,
            "brake": 0.0,
            "steer": 0.0
        },
        {
            "throttle": 0.5295879520588589,
            "brake": 0.0,
            "steer": 0.0
        },
        {
            "throttle": 0.5317789461542056,
            "brake": 0.0,
            "steer": 0.0
        },
        {
            "throttle": 0.5338637225503026,
            "brake": 0.0,
            "steer": 0.0
        },
        {
            "throttle": 0.5358369341151289,
            "brake": 0.0,
            "steer": 0.0
        },
        {
            "throttle": 0.5376935975964638,
            "brake": 0.0,
            "steer": 0.0
        },
        {
            "throttle": 0.5394290856842838,
            "brake": 0.0,
            "steer": 0.0
        },
        {
            "throttle": 0.541039120117905,
            "brake": 0.0,
            "steer": 0.0
        },
        {
            "throttle": 0.5425197656828052,
            "brake": 0.0,
            "steer": 0.0
        },
        {
            "throttle": 0.5438674249572093,
            "brake": 0.0,
            "steer": 0.0
        },
        {
            "throttle": 0.5450788336822519,
            "brake": 0.0,
            "steer": 0.0
        },
        {
            "throttle": 0.5461510566419766,
            "brake": 0.0,
            "steer": 0.0
        },
        {
            "throttle": 0.5470814839507228,
            "brake": 0.0,
            "steer": 0.0
        },
        {
            "throttle": 0.5478678276557015,
            "brake": 0.0,
            "steer": 0.0
        },
        {
            "throttle": 0.5485081185718855,
            "brake": 0.0,
            "steer": 0.0
        },
        {
            "throttle": 0.5490007032748095,
            "brake": 0.0,
            "steer": 0.0
        },
        {
            "throttle": 0.5493442411846022,
            "brake": 0.0,
            "steer": 0.0
        },
        {
            "throttle": 0.5495377016816048,
            "brake": 0.0,
            "steer": 0.0
        },
        {
            "throttle": 0.549580361200355,
            "brake": 0.0,
            "steer": 0.0
        },
        {
            "throttle": 0.5494718002545855,
            "brake": 0.0,
            "steer": 0.0
        },
        {
            "throttle": 0.5492119003512517,
            "brake": 0.0,
            "steer": 0.0
        },
        {
            "throttle": 0.5488008407565255,
            "brake": 0.0,
            "steer": 0.0
        },
        {
            "throttle": 0.5482390950812006,
            "brake": 0.0,
            "steer": 0.0
        },
        {
            "throttle": 0.5475274276571006,
            "brake": 0.0,
            "steer": 0.0
        },
        {
            "throttle": 0.54666688967989,
            "brake": 0.0,
            "steer": 0.0
        },
        {
            "throttle": 0.5456588150972015,
            "brake": 0.0,
            "steer": 0.0
        },
        {
            "throttle": 0.5445048162242285,
            "brake": 0.0,
            "steer": 0.0
        },
        {
            "throttle": 0.4900543346018057,
            "brake": 0.04139767239233643,
            "steer": 0.0
        },
        {
            "throttle": 0.44104890114162515,
            "brake": 0.07865557754543923,
            "steer": 0.0
        },
        {
            "throttle": 0.39694401102746263,
            "brake": 0.11218769218323174,
            "steer": 0.0
        },
        {
            "throttle": 0.3572496099247164,
            "brake": 0.142366595357245,
            "steer": 0.0
        },
        {
            "throttle": 0.32152464893224475,
            "brake": 0.16952760821385693,
            "steer": 0.0
        },
        {
            "throttle": 0.28937218403902026,
            "brake": 0.19397251978480767,
            "steer": 0.0
        },
        {
            "throttle": 0.26043496563511825,
            "brake": 0.21597294019866334,
            "steer": 0.0
        },
        {
            "throttle": 0.23439146907160643,
            "brake": 0.23577331857113346,
            "steer": 0.0
        },
        {
            "throttle": 0.2109523221644458,
            "brake": 0.25359365910635656,
            "steer": 0.0
        },
        {
            "throttle": 0.1898570899480012,
            "brake": 0.26963196558805735,
            "steer": 0.0
        },
        {
            "throttle": 0.1708713809532011,
            "brake": 0.28406644142158805,
            "steer": 0.0
        },
        {
            "throttle": 0.15378424285788098,
            "brake": 0.29705746967176566,
            "steer": 0.0
        },
        {
            "throttle": 0.1384058185720929,
            "brake": 0.30874939509692556,
            "steer": 0.0
        },
        {
            "throttle": 0.17342354951392716,
            "brake": 0.277874455587233,
            "steer": 0.0
        },
        {
            "throttle": 0.20455876891309588,
            "brake": 0.2500870100285097,
            "steer": 0.0
        },
        {
            "throttle": 0.18410289202178629,
            "brake": 0.26647598141799517,
            "steer": 0.0
        },
        {
            "throttle": 0.16569260281960765,
            "brake": 0.2812260556685321,
            "steer": 0.0
        },
        {
            "throttle": 0.1491233425376469,
            "brake": 0.29450112249401533,
            "steer": 0.0
        },
        {
            "throttle": 0.13421100828388222,
            "brake": 0.30644868263695024,
            "steer": 0.0
        },
        {
            "throttle": 0.12078990745549399,
            "brake": 0.3172014867655917,
            "steer": 0.0
        },
        {
            "throttle": 0.1087109167099446,
            "brake": 0.32687901048136897,
            "steer": 0.0
        },
        {
            "throttle": 0.09783982503895014,
            "brake": 0.3355887818255685,
            "steer": 0.0
        },
        {
            "throttle": 0.08805584253505513,
            "brake": 0.3434275760353481,
            "steer": 0.0
        },
        {
            "throttle": 0.07925025828154962,
            "brake": 0.3504824908241498,
            "steer": 0.0
        },
        {
            "throttle": 0.07132523245339466,
            "brake": 0.3568319141340712,
            "steer": 0.0
        },
        {
            "throttle": 0.0641927092080552,
            "brake": 0.3625463951130006,
            "steer": 0.0
        },
        {
            "throttle": 0.05777343828724968,
            "brake": 0.367689427994037,
            "steer": 0.0
        },
        {
            "throttle": 0.05199609445852471,
            "brake": 0.37231815758696973,
            "steer": 0.0
        },
        {
            "throttle": 0.08983578587095056,
            "brake": 0.3350863418282728,
            "steer": 0.0
        },
        {
            "throttle": 0.12352286650831643,
            "brake": 0.3015777076454455,
            "steer": 0.0
        },
        {
            "throttle": 0.15347882516028505,
            "brake": 0.27141993688090094,
            "steer": 0.0
        },
        {
            "throttle": 0.18008364058399784,
            "brake": 0.24427794319281085,
            "steer": 0.0
        },
        {
            "throttle": 0.2036799204032761,
            "brake": 0.21985014887352977,
            "steer": 0.0
        },
        {
            "throttle": 0.2245766250131097,
            "brake": 0.1978651339861768,
            "steer": 0.0
        },
        {
            "throttle": 0.24305241801218855,
            "brake": 0.17807862058755913,
            "steer": 0.0
        },
        {
            "throttle": 0.25935868053586253,
            "brake": 0.16027075852880324,
            "steer": 0.0
        },
        {
            "throttle": 0.27372222312654004,
            "brake": 0.1442436826759229,
            "steer": 0.0
        },
        {
            "throttle": 0.2863477254166476,
            "brake": 0.12981931440833064,
            "steer": 0.0
        },
        {
            "throttle": 0.2974199308735246,
            "brake": 0.11683738296749757,
            "steer": 0.0
        },
        {
            "throttle": 0.30710562113239964,
            "brake": 0.10515364467074782,
            "steer": 0.0
        },
        {
            "throttle": 0.31555539199263216,
            "brake": 0.09463828020367304,
            "steer": 0.0
        },
        {
            "throttle": 0.3229052509464776,
            "brake": 0.08517445218330574,
            "steer": 0.0
        },
        {
            "throttle": 0.32927805412423794,
            "brake": 0.07665700696497517,
            "steer": 0.0
        },
        {
            "throttle": 0.3347847987527387,
            "brake": 0.06899130626847766,
            "steer": 0.0
        },
        {
            "throttle": 0.3395257856157738,
            "brake": 0.062092175641629895,
            "steer": 0.0
        },
        {
            "throttle": 0.34359166455762363,
            "brake": 0.055882958077466904,
            "steer": 0.0
        },
        {
            "throttle": 0.34706437476789287,
            "brake": 0.050294662269720215,
            "steer": 0.0
        },
        {
            "throttle": 0.3500179904132685,
            "brake": 0.045265196042748194,
            "steer": 0.0
        },
        {
            "throttle": 0.3525194811263391,
            "brake": 0.04073867643847338,
            "steer": 0.0
        },
        {
            "throttle": 0.3546293959116253,
            "brake": 0.03666480879462604,
            "steer": 0.0
        },
        {
            "throttle": 0.35640247817389603,
            "brake": 0.03299832791516344,
            "steer": 0.0
        },
        {
            "throttle": 0.35788821880419736,
            "brake": 0.029698495123647094,
            "steer": 0.0
        },
        {
            "throttle": 0.3591313535662529,
            "brake": 0.026728645611282385,
            "steer": 0.0
        },
        {
            "throttle": 0.36017231040231695,
            "brake": 0.024055781050154146,
            "steer": 0.0
        },
        {
            "throttle": 0.3610476117162575,
            "brake": 0.02165020294513873,
            "steer": 0.0
        },
        {
            "throttle": 0.3617902361863826,
            "brake": 0.01948518265062486,
            "steer": 0.0
        },
        {
            "throttle": 0.3624299442056996,
            "brake": 0.017536664385562374,
            "steer": 0.0
        },
        {
            "throttle": 0.3629935706378631,
            "brake": 0.015782997947006137,
            "steer": 0.0
        },
        {
            "throttle": 0.36350528820849265,
            "brake": 0.014204698152305524,
            "steer": 0.0
        },
        {
            "throttle": 0.3639868445197262,
            "brake": 0.012784228337074972,
            "steer": 0.0
        },
        {
            "throttle": 0.3644577753771574,
            "brake": 0.011505805503367475,
            "steer": 0.0
        },
        {
            "throttle": 0.3649355968493655,
            "brake": 0.010355224953030729,
            "steer": 0.0
        },
        {
            "throttle": 0.36543597823810925,
            "brake": 0.009319702457727655,
            "steer": 0.0
        },
        {
            "throttle": 0.36597289791924564,
            "brake": 0.00838773221195489,
            "steer": 0.0
        },
        {
            "throttle": 0.36655878381812995,
            "brake": 0.0075489589907594004,
            "steer": 0.0
        },
        {
            "throttle": 0.36720464010649534,
            "brake": 0.006794063091683461,
            "steer": 0.0
        },
        {
            "throttle": 0.36792016154863405,
            "brake": 0.006114656782515115,
            "steer": 0.0
        },
        {
            "throttle": 0.36871383678135883,
            "brake": 0.005503191104263603,
            "steer": 0.0
        },
        {
            "throttle": 0.3695930416831256,
            "brake": 0.004952871993837243,
            "steer": 0.0
        },
        {
            "throttle": 0.3705641238714255,
            "brake": 0.004457584794453518,
            "steer": 0.0
        },
        {
            "throttle": 0.37163247926282245,
            "brake": 0.004011826315008167,
            "steer": 0.0
        },
        {
            "throttle": 0.37280262153567273,
            "brake": 0.0036106436835073503,
            "steer": 0.0
        },
        {
            "throttle": 0.3740782452505742,
            "brake": 0.0032495793151566155,
            "steer": 0.0
        },
        {
            "throttle": 0.375462283307023,
            "brake": 0.002924621383640954,
            "steer": 0.0
        },
        {
            "throttle": 0.3769569593457653,
            "brake": 0.002632159245276859,
            "steer": 0.0
        },
        {
            "throttle": 0.3785638356441645,
            "brake": 0.002368943320749173,
            "steer": 0.0
        },
        {
            "throttle": 0.3802838569958794,
            "brake": 0.002132048988674256,
            "steer": 0.0
        },
        {
            "throttle": 0.38211739101565495,
            "brake": 0.0019188440898068302,
            "steer": 0.0
        },
        {
            "throttle": 0.3840642652645146,
            "brake": 0.0017269596808261473,
            "steer": 0.0
        },
        {
            "throttle": 0.3861238015496133,
            "brake": 0.0015542637127435326,
            "steer": 0.0
        },
        {
            "throttle": 0.3882948477160215,
            "brake": 0.0013988373414691793,
            "steer": 0.0
        },
        {
            "throttle": 0.39057580721435814,
            "brake": 0.0012589536073222614,
            "steer": 0.0
        },
        {
            "throttle": 0.39296466669811425,
            "brake": 0.0011330582465900352,
            "steer": 0.0
        },
        {
            "throttle": 0.39545902187738735,
            "brake": 0.0010197524219310316,
            "steer": 0.0
        },
        {
            "throttle": 0.398056101831283,
            "brake": 0.0009177771797379285,
            "steer": 0.0
        },
        {
            "throttle": 0.4007527919591728,
            "brake": 0.0008259994617641356,
            "steer": 0.0
        },
        {
            "throttle": 0.4035456557310948,
            "brake": 0.0007433995155877221,
            "steer": 0.0
        },
        {
            "throttle": 0.4064309553796231,
            "brake": 0.0006690595640289499,
            "steer": 0.0
        },
        {
            "throttle": 0.40940467165933336,
            "brake": 0.000602153607626055,
            "steer": 0.0
        },
        {
            "throttle": 0.4124625227853749,
            "brake": 0.0005419382468634494,
            "steer": 0.0
        },
        {
            "throttle": 0.415599982649471,
            "brake": 0.0004877444221771045,
            "steer": 0.0
        },
        {
            "throttle": 0.4188122983997754,
            "brake": 0.00043896997995939406,
            "steer": 0.0
        },
        {
            "throttle": 0.4220945074602766,
            "brake": 0.00039507298196345467,
            "steer": 0.0
        },
        {
            "throttle": 0.42544145405576506,
            "brake": 0.0003555656837671092,
            "steer": 0.0
        },
        {
            "throttle": 0.4288478052996457,
            "brake": 0.0003200091153903983,
            "steer": 0.0
        },
        {
            "throttle": 0.43230806689400936,
            "brake": 0.0002880082038513585,
            "steer": 0.0
        },
        {
            "throttle": 0.4358165984842818,
            "brake": 0.00025920738346622266,
            "steer": 0.0
        },
        {
            "throttle": 0.439367628704379,
            "brake": 0.0002332866451196004,
            "steer": 0.0
        },
        {
            "throttle": 0.4429552699425438,
            "brake": 0.00020995798060764037,
            "steer": 0.0
        },
        {
            "throttle": 0.4465735328528606,
            "brake": 0.00018896218254687634,
            "steer": 0.0
        },
        {
            "throttle": 0.45021634063279187,
            "brake": 0.0001700659642921887,
            "steer": 0.0
        },
        {
            "throttle": 0.4538775430828996,
            "brake": 0.00015305936786296983,
            "steer": 0.0
        },
        {
            "throttle": 0.4575509304611661,
            "brake": 0.00013775343107667285,
            "steer": 0.0
        },
        {
            "throttle": 0.4612302471409696,
            "brake": 0.00012397808796900557,
            "steer": 0.0
        },
        {
            "throttle": 0.4649092050787704,
            "brake": 0.00011158027917210502,
            "steer": 0.0
        },
        {
            "throttle": 0.4184182845708934,
            "brake": 0.041498094643591325,
            "steer": 0.0
        },
        {
            "throttle": 0.3765764561138041,
            "brake": 0.07874595757156863,
            "steer": 0.0
        },
        {
            "throttle": 0.3389188105024237,
            "brake": 0.11226903420674819,
            "steer": 0.0
        },
        {
            "throttle": 0.3050269294521813,
            "brake": 0.14243980317840982,
            "steer": 0.0
        },
        {
            "throttle": 0.27452423650696317,
            "brake": 0.1695934952529053,
            "steer": 0.0
        },
        {
            "throttle": 0.24707181285626686,
            "brake": 0.1940318181199512,
            "steer": 0.0
        },
        {
            "throttle": 0.22236463157064018,
            "brake": 0.21602630870029252,
            "steer": 0.0
        },
        {
            "throttle": 0.20012816841357617,
            "brake": 0.2358213502225997,
            "steer": 0.0
        },
        {
            "throttle": 0.18011535157221856,
            "brake": 0.25363688759267616,
            "steer": 0.0
        },
        {
            "throttle": 0.16210381641499672,
            "brake": 0.26967087122574496,
            "steer": 0.0
        },
        {
            "throttle": 0.14589343477349706,
            "brake": 0.2841014564955069,
            "steer": 0.0
        },
        {
            "throttle": 0.13130409129614737,
            "brake": 0.29708898323829264,
            "steer": 0.0
        },
        {
            "throttle": 0.11817368216653264,
            "brake": 0.3087777573067998,
            "steer": 0.0
        },
        {
            "throttle": 0.1603685413951187,
            "brake": 0.27789998157611984,
            "steer": 0.0
        },
        {
            "throttle": 0.19855650266494,
            "brake": 0.2501099834185079,
            "steer": 0.0
        },
        {
            "throttle": 0.23312411635362557,
            "brake": 0.2250989850766571,
            "steer": 0.0
        },
        {
            "throttle": 0.2644189279851531,
            "brake": 0.20258908656899138,
            "steer": 0.0
        },
        {
            "throttle": 0.2927534042561635,
            "brake": 0.18233017791209225,
            "steer": 0.0
        },
        {
            "throttle": 0.31840846703126124,
            "brake": 0.16409716012088302,
            "steer": 0.0
        },
        {
            "throttle": 0.3416366744643713,
            "brake": 0.14768744410879472,
            "steer": 0.0
        },
        {
            "throttle": 0.3626650844865902,
            "brake": 0.13291869969791525,
            "steer": 0.0
        },
        {
            "throttle": 0.38169783237608285,
            "brake": 0.11962682972812373,
            "steer": 0.0
        },
        {
            "throttle": 0.3989184509532598,
            "brake": 0.10766414675531136,
            "steer": 0.0
        },
        {
            "throttle": 0.4144919590894734,
            "brake": 0.09689773207978022,
            "steer": 0.0
        },
        {
            "throttle": 0.42856674164806113,
            "brake": 0.0872079588718022,
            "steer": 0.0
        },
        {
            "throttle": 0.441276241664181,
            "brake": 0.07848716298462198,
            "steer": 0.0
        },
        {
            "throttle": 0.45274048348882956,
            "brake": 0.07063844668615979,
            "steer": 0.0
        },
        {
            "throttle": 0.46306744374957276,
            "brake": 0.06357460201754381,
            "steer": 0.0
        },
        {
            "throttle": 0.47235428529503637,
            "brake": 0.05721714181578943,
            "steer": 0.0
        },
        {
            "throttle": 0.4806884677733555,
            "brake": 0.051495427634210486,
            "steer": 0.0
        },
        {
            "throttle": 0.4881487471297154,
            "brake": 0.04634588487078944,
            "steer": 0.0
        },
        {
            "throttle": 0.4948060750796403,
            "brake": 0.041711296383710496,
            "steer": 0.0
        },
        {
            "throttle": 0.5007244085091551,
            "brake": 0.03754016674533945,
            "steer": 0.0
        },
        {
            "throttle": 0.5059614377580524,
            "brake": 0.03378615007080551,
            "steer": 0.0
        },
        {
            "throttle": 0.5105692418471866,
            "brake": 0.03040753506372496,
            "steer": 0.0
        },
        {
            "throttle": 0.514594877905026,
            "brake": 0.027366781557352463,
            "steer": 0.0
        },
        {
            "throttle": 0.5180809113236606,
            "brake": 0.024630103401617216,
            "steer": 0.0
        },
        {
            "throttle": 0.5210658925220205,
            "brake": 0.022167093061455496,
            "steer": 0.0
        },
        {
            "throttle": 0.5235847856069523,
            "brake": 0.019950383755309945,
            "steer": 0.0
        },
        {
            "throttle": 0.5256693536944821,
            "brake": 0.017955345379778952,
            "steer": 0.0
        }
    ],
    "parameters": {
        "fog_density": 0.21804746772885686,
        "precipitation": 24.655314116763062,
        "precipitation_deposits": 96.770053013746,
        "wind_intensity": 31.79342322884164,
        "sun_altitude_angle": 40.78113497222107,
        "cloudiness": 91.51349889090524,
        "lead_base_throttle": 0.462036045881767,
        "lead_behavior_frequency": 0.06682636523457457,
        "lead_throttle_variation": 0.09397426353193215,
        "lead_brake_probability": 0.17231788827868885,
        "lead_brake_intensity": 0.41397672392336426,
        "lead_brake_duration": 13.41368478799073,
        "initial_distance": 16.983678565855758,
        "initial_ego_velocity": 13.96506169002162,
        "initial_lead_velocity": 23.400662923812106
    },
    "config": {
        "num_timesteps": 200,
        "dt": 0.1,
        "seed": 165
    }
}