{
    "weather": {
        "cloudiness": 94.48934360511574,
        "precipitation": 35.108420953003694,
        "precipitation_deposits": 33.70929581016523,
        "wind_intensity": 48.62062471536942,
        "sun_altitude_angle": 63.821119433977685,
        "fog_density": 6.3290455586288985,
        "fog_distance": 809.7998300201201,
        "wetness": 17.554210476501847
    },
    "initial_conditions": {
        "ego": {
            "position": {
                "x": 546.6838132781203,
                "y": 20.57,
                "z": 0.294
            },
            "yaw": 0.0,
            "velocity": 11.758635080352516
        },
        "lead": {
            "position": {
                "x": 484.88,
                "y": 20.57,
                "z": 0.294
            },
            "yaw": 0.0,
            "velocity": 16.991246759080326
        }
    },
    "ego": {
        "position": {
            "x": 546.6838132781203,
            "y": 20.57,
            "z": 0.294
        },
        "yaw": 0.0,
        "velocity": 11.758635080352516
    },
    "lead": {
        "position": {
            "x": 484.88,
            "y": 20.57,
            "z": 0.294
        },
        "yaw": 0.0,
        "velocity": 16.991246759080326
    },
    "ado_actions": [
        {
            "throttle": 0.4892686286654739,
            "brake": 0.0,
            "steer": 0.0
        },
        {
            "throttle": 0.4932736565328006,
            "brake": 0.0,
            "steer": 0.0
        },
        {
            "throttle": 0.5008290707047347,
            "brake": 0.0,
            "steer": 0.0
        },
        {
            "throttle": 0.5114722868307199,
            "brake": 0.0,
            "steer": 0.0
        },
        {
            "throttle": 0.524735025822217,
            "brake": 0.0,
            "steer": 0.0
        },
        {
            "throttle": 0.5401460393851193,
            "brake": 0.0,
            "steer": 0.0
        },
        {
            "throttle": 0.557234236141514,
            "brake": 0.0,
            "steer": 0.0
        },
        {
            "throttle": 0.5755321300375553,
            "brake": 0.0,
            "steer": 0.0
        },
        {
            "throttle": 0.594579531982169,
            "brake": 0.0,
            "steer": 0.0
        },
        {
            "throttle": 0.6139274056174626,
            "brake": 0.0,
            "steer": 0.0
        },
        {
            "throttle": 0.6331418088226954,
            "brake": 0.0,
            "steer": 0.0
        },
        {
            "throttle": 0.6518078440224386,
            "brake": 0.0,
            "steer": 0.0
        },
        {
            "throttle": 0.6695335426154758,
            "brake": 0.0,
            "steer": 0.0
        },
        {
            "throttle": 0.6859536118599648,
            "brake": 0.0,
            "steer": 0.0
        },
        {
            "throttle": 0.7007329763252479,
            "brake": 0.0,
            "steer": 0.0
        },
        {
            "throttle": 0.7135700505217208,
            "brake": 0.0,
            "steer": 0.0
        },
        {
            "throttle": 0.724199684505654,
            "brake": 0.0,
            "steer": 0.0
        },
        {
            "throttle": 0.7323957300729519,
            "brake": 0.0,
            "steer": 0.0
        },
        {
            "throttle": 0.7379731815414291,
            "brake": 0.0,
            "steer": 0.0
        },
        {
            "throttle": 0.7407898520028959,
            "brake": 0.0,
            "steer": 0.0
        },
        {
            "throttle": 0.7407475532237606,
            "brake": 0.0,
            "steer": 0.0
        },
        {
            "throttle": 0.7377927549986047,
            "brake": 0.0,
            "steer": 0.0
        },
        {
            "throttle": 0.7319167076223879,
            "brake": 0.0,
            "steer": 0.0
        },
        {
            "throttle": 0.7231550191464816,
            "brake": 0.0,
            "steer": 0.0
        },
        {
            "throttle": 0.7115866871217278,
            "brake": 0.0,
            "steer": 0.0
        },
        {
            "throttle": 0.6973325925069327,
            "brake": 0.0,
            "steer": 0.0
        },
        {
            "throttle": 0.6805534712325134,
            "brake": 0.0,
            "steer": 0.0
        },
        {
            "throttle": 0.6614473864568373,
            "brake": 0.0,
            "steer": 0.0
        },
        {
            "throttle": 0.640246731740505,
            "brake": 0.0,
            "steer": 0.0
        },
        {
            "throttle": 0.6172148020991458,
            "brake": 0.0,
            "steer": 0.0
        },
        {
            "throttle": 0.5926419760915467,
            "brake": 0.0,
            "steer": 0.0
        },
        {
            "throttle": 0.5668415576773076,
            "brake": 0.0,
            "steer": 0.0
        },
        {
            "throttle": 0.540145331464879,
            "brake": 0.0,
            "steer": 0.0
        },
        {
            "throttle": 0.5128988891038991,
            "brake": 0.0,
            "steer": 0.0
        },
        {
            "throttle": 0.4854567879022511,
            "brake": 0.0,
            "steer": 0.0
        },
        {
            "throttle": 0.45817760522579404,
            "brake": 0.0,
            "steer": 0.0
        },
        {
            "throttle": 0.4314189538361455,
            "brake": 0.0,
            "steer": 0.0
        },
        {
            "throttle": 0.40553252401969603,
            "brake": 0.0,
            "steer": 0.0
        },
        {
            "throttle": 0.3808592181516828,
            "brake": 0.0,
            "steer": 0.0
        },
        {
            "throttle": 0.3577244422271584,
            "brake": 0.0,
            "steer": 0.0
        },
        {
            "throttle": 0.3364336168926274,
            "brake": 0.0,
            "steer": 0.0
        },
        {
            "throttle": 0.3172679676563693,
            "brake": 0.0,
            "steer": 0.0
        },
        {
            "throttle": 0.3004806502818649,
            "brake": 0.0,
            "steer": 0.0
        },
        {
            "throttle": 0.2862932629280642,
            "brake": 0.0,
            "steer": 0.0
        },
        {
            "throttle": 0.2748927914535079,
            "brake": 0.0,
            "steer": 0.0
        },
        {
            "throttle": 0.266429028519021,
            "brake": 0.0,
            "steer": 0.0
        },
        {
            "throttle": 0.2610125007848009,
            "brake": 0.0,
            "steer": 0.0
        },
        {
            "throttle": 0.2587129316886545,
            "brake": 0.0,
            "steer": 0.0
        },
        {
            "throttle": 0.25955826010558647,
            "brake": 0.0,
            "steer": 0.0
        },
        {
            "throttle": 0.2635342277226564,
            "brake": 0.0,
            "steer": 0.0
        },
        {
            "throttle": 0.27058454031845053,
            "brake": 0.0,
            "steer": 0.0
        },
        {
            "throttle": 0.2806116004174827,
            "brake": 0.0,
            "steer": 0.0
        },
        {
            "throttle": 0.2934778011011191,
            "brake": 0.0,
            "steer": 0.0
        },
        {
            "throttle": 0.3090073632025335,
            "brake": 0.0,
            "steer": 0.0
        },
        {
            "throttle": 0.32698869079621096,
            "brake": 0.0,
            "steer": 0.0
        },
        {
            "throttle": 0.34717721291184744,
            "brake": 0.0,
            "steer": 0.0
        },
        {
            "throttle": 0.3692986728527935,
            "brake": 0.0,
            "steer": 0.0
        },
        {
            "throttle": 0.33236880556751414,
            "brake": 0.01390279350995529,
            "steer": 0.0
        },
        {
            "throttle": 0.29913192501076274,
            "brake": 0.02641530766891505,
            "steer": 0.0
        },
        {
            "throttle": 0.2692187325096865,
            "brake": 0.03767657041197883,
            "steer": 0.0
        },
        {
            "throttle": 0.24229685925871783,
            "brake": 0.04781170688073624,
            "steer": 0.0
        },
        {
            "throttle": 0.21806717333284606,
            "brake": 0.05693332970261791,
            "steer": 0.0
        },
        {
            "throttle": 0.19626045599956146,
            "brake": 0.06514279024231141,
            "steer": 0.0
        },
        {
            "throttle": 0.1766344103996053,
            "brake": 0.07253130472803557,
            "steer": 0.0
        },
        {
            "throttle": 0.15897096935964478,
            "brake": 0.0791809677651873,
            "steer": 0.0
        },
        {
            "throttle": 0.1430738724236803,
            "brake": 0.08516566449862387,
            "steer": 0.0
        },
        {
            "throttle": 0.12876648518131228,
            "brake": 0.09055189155871676,
            "steer": 0.0
        },
        {
            "throttle": 0.11588983666318106,
            "brake": 0.09539949591280039,
            "steer": 0.0
        },
        {
            "throttle": 0.10430085299686295,
            "brake": 0.09976233983147564,
            "steer": 0.0
        },
        {
            "throttle": 0.09387076769717666,
            "brake": 0.10368889935828338,
            "steer": 0.0
        },
        {
            "throttle": 0.084483690927459,
            "brake": 0.10722280293241032,
            "steer": 0.0
        },
        {
            "throttle": 0.07603532183471311,
            "brake": 0.11040331614912458,
            "steer": 0.0
        },
        {
            "throttle": 0.0684317896512418,
            "brake": 0.1132657780441674,
            "steer": 0.0
        },
        {
            "throttle": 0.06158861068611762,
            "brake": 0.11584199374970597,
            "steer": 0.0
        },
        {
            "throttle": 0.05542974961750586,
            "brake": 0.11816058788469067,
            "steer": 0.0
        },
        {
            "throttle": 0.04988677465575527,
            "brake": 0.1202473226061769,
            "steer": 0.0
        },
        {
            "throttle": 0.044898097190179745,
            "brake": 0.1221253838555145,
            "steer": 0.0
        },
        {
            "throttle": 0.04040828747116177,
            "brake": 0.12381563897991835,
            "steer": 0.0
        },
        {
            "throttle": 0.03636745872404559,
            "brake": 0.1253368685918818,
            "steer": 0.0
        },
        {
            "throttle": 0.03273071285164104,
            "brake": 0.12670597524264893,
            "steer": 0.0
        },
        {
            "throttle": 0.029457641566476934,
            "brake": 0.12793817122833934,
            "steer": 0.0
        },
        {
            "throttle": 0.026511877409829243,
            "brake": 0.12904714761546068,
            "steer": 0.0
        },
        {
            "throttle": 0.02386068966884632,
            "brake": 0.13004522636386992,
            "steer": 0.0
        },
        {
            "throttle": 0.021474620701961687,
            "brake": 0.13094349723743823,
            "steer": 0.0
        },
        {
            "throttle": 0.056517931046683824,
            "brake": 0.11784914751369441,
            "steer": 0.0
        },
        {
            "throttle": 0.084369978949841,
            "brake": 0.10606423276232498,
            "steer": 0.0
        },
        {
            "throttle": 0.10595837447969977,
            "brake": 0.09545780948609248,
            "steer": 0.0
        },
        {
            "throttle": 0.12216498731795908,
            "brake": 0.08591202853748323,
            "steer": 0.0
        },
        {
            "throttle": 0.13382706696529137,
            "brake": 0.07732082568373491,
            "steer": 0.0
        },
        {
            "throttle": 0.14173766200345383,
            "brake": 0.06958874311536142,
            "steer": 0.0
        },
        {
            "throttle": 0.14664546315708585,
            "brake": 0.06262986880382529,
            "steer": 0.0
        },
        {
            "throttle": 0.14925418964615675,
            "brake": 0.05636688192344276,
            "steer": 0.0
        },
        {
            "throttle": 0.1502216327567359,
            "brake": 0.05073019373109849,
            "steer": 0.0
        },
        {
            "throttle": 0.15015846462812213,
            "brake": 0.04565717435798864,
            "steer": 0.0
        },
        {
            "throttle": 0.14962691392117353,
            "brake": 0.041091456922189774,
            "steer": 0.0
        },
        {
            "throttle": 0.14913940327590097,
            "brake": 0.036982311229970796,
            "steer": 0.0
        },
        {
            "throttle": 0.14915723628229624,
            "brake": 0.033284080106973715,
            "steer": 0.0
        },
        {
            "throttle": 0.15008941408850723,
            "brake": 0.029955672096276344,
            "steer": 0.0
        },
        {
            "throttle": 0.15229165378057663,
            "brake": 0.02696010488664871,
            "steer": 0.0
        },
        {
            "throttle": 0.15606567232672433,
            "brake": 0.02426409439798384,
            "steer": 0.0
        },
        {
            "throttle": 0.16165879123695842,
            "brake": 0.021837684958185458,
            "steer": 0.0
        },
        {
            "throttle": 0.16926390820632992,
            "brake": 0.019653916462366913,
            "steer": 0.0
        },
        {
            "throttle": 0.17901987295694743,
            "brake": 0.017688524816130223,
            "steer": 0.0
        },
        {
            "throttle": 0.19101229534685102,
            "brake": 0.0159196723345172,
            "steer": 0.0
        },
        {
            "throttle": 0.20527480465572578,
            "brake": 0.014327705101065482,
            "steer": 0.0
        },
        {
            "throttle": 0.22179076987518787,
            "brake": 0.012894934590958935,
            "steer": 0.0
        },
        {
            "throttle": 0.24049548191461215,
            "brake": 0.011605441131863042,
            "steer": 0.0
        },
        {
            "throttle": 0.26127878997290205,
            "brake": 0.010444897018676739,
            "steer": 0.0
        },
        {
            "throttle": 0.283988176012439,
            "brake": 0.009400407316809065,
            "steer": 0.0
        },
        {
            "throttle": 0.3084322433919224,
            "brake": 0.008460366585128158,
            "steer": 0.0
        },
        {
            "throttle": 0.3343845883546799,
            "brake": 0.007614329926615342,
            "steer": 0.0
        },
        {
            "throttle": 0.3615880163082137,
            "brake": 0.006852896933953808,
            "steer": 0.0
        },
        {
            "throttle": 0.38975905874302397,
            "brake": 0.006167607240558428,
            "steer": 0.0
        },
        {
            "throttle": 0.4185927412905518,
            "brake": 0.005550846516502585,
            "steer": 0.0
        },
        {
            "throttle": 0.44776754886944026,
            "brake": 0.004995761864852327,
            "steer": 0.0
        },
        {
            "throttle": 0.47695053016489164,
            "brake": 0.004496185678367095,
            "steer": 0.0
        },
        {
            "throttle": 0.5058024808662207,
            "brake": 0.004046567110530385,
            "steer": 0.0
        },
        {
            "throttle": 0.5339831431804802,
            "brake": 0.003641910399477347,
            "steer": 0.0
        },
        {
            "throttle": 0.5611563581616866,
            "brake": 0.0032777193595296124,
            "steer": 0.0
        },
        {
            "throttle": 0.5869951073504965,
            "brake": 0.0029499474235766513,
            "steer": 0.0
        },
        {
            "throttle": 0.6111863811012039,
            "brake": 0.002654952681218986,
            "steer": 0.0
        },
        {
            "throttle": 0.6334358127628906,
            "brake": 0.0023894574130970876,
            "steer": 0.0
        },
        {
            "throttle": 0.6534720205491339,
            "brake": 0.0021505116717873787,
            "steer": 0.0
        },
        {
            "throttle": 0.6710506024342653,
            "brake": 0.0019354605046086409,
            "steer": 0.0
        },
        {
            "throttle": 0.6859577337014501,
            "brake": 0.001741914454147777,
            "steer": 0.0
        },
        {
            "throttle": 0.6980133217763805,
            "brake": 0.0015677230087329992,
            "steer": 0.0
        },
        {
            "throttle": 0.7070736786384209,
            "brake": 0.0014109507078596992,
            "steer": 0.0
        },
        {
            "throttle": 0.7130336773284925,
            "brake": 0.0012698556370737293,
            "steer": 0.0
        },
        {
            "throttle": 0.7158283657823992,
            "brake": 0.0011428700733663564,
            "steer": 0.0
        },
        {
            "throttle": 0.715434018316033,
            "brake": 0.0010285830660297208,
            "steer": 0.0
        },
        {
            "throttle": 0.71186861247638,
            "brake": 0.0009257247594267488,
            "steer": 0.0
        },
        {
            "throttle": 0.7051917265472194,
            "brake": 0.0008331522834840739,
            "steer": 0.0
        },
        {
            "throttle": 0.695503860656349,
            "brake": 0.0007498370551356665,
            "steer": 0.0
        },
        {
            "throttle": 0.6829451920666134,
            "brake": 0.0006748533496220998,
            "steer": 0.0
        },
        {
            "throttle": 0.6676937827410299,
            "brake": 0.0006073680146598899,
            "steer": 0.0
        },
        {
            "throttle": 0.6499632645498307,
            "brake": 0.0005466312131939009,
            "steer": 0.0
        },
        {
            "throttle": 0.6300000344345043,
            "brake": 0.0004919680918745108,
            "steer": 0.0
        },
        {
            "throttle": 0.608079998365729,
            "brake": 0.0004427712826870597,
            "steer": 0.0
        },
        {
            "throttle": 0.5845049089391698,
            "brake": 0.00039849415441835375,
            "steer": 0.0
        },
        {
            "throttle": 0.559598346863216,
            "brake": 0.0003586447389765184,
            "steer": 0.0
        },
        {
            "throttle": 0.5337014013318176,
            "brake": 0.00032278026507886657,
            "steer": 0.0
        },
        {
            "throttle": 0.507168108278757,
            "brake": 0.0002905022385709799,
            "steer": 0.0
        },
        {
            "throttle": 0.4803607087220795,
            "brake": 0.00026145201471388193,
            "steer": 0.0
        },
        {
            "throttle": 0.45364479178494294,
            "brake": 0.00023530681324249373,
            "steer": 0.0
        },
        {
            "throttle": 0.42738438848905436,
            "brake": 0.00021177613191824437,
            "steer": 0.0
        },
        {
            "throttle": 0.4019370830382072,
            "brake": 0.00019059851872641994,
            "steer": 0.0
        },
        {
            "throttle": 0.3776492080333207,
            "brake": 0.00017153866685377795,
            "steer": 0.0
        },
        {
            "throttle": 0.3548511888901024,
            "brake": 0.00015438480016840016,
            "steer": 0.0
        },
        {
            "throttle": 0.3338531006814315,
            "brake": 0.00013894632015156014,
            "steer": 0.0
        },
        {
            "throttle": 0.3149404977261346,
            "brake": 0.00012505168813640413,
            "steer": 0.0
        },
        {
            "throttle": 0.29837057253288274,
            "brake": 0.00011254651932276372,
            "steer": 0.0
        },
        {
            "throttle": 0.28436869623237704,
            "brake": 0.00010129186739048735,
            "steer": 0.0
        },
        {
            "throttle": 0.2731253874530563,
            "brake": 9.116268065143862e-05,
            "steer": 0.0
        },
        {
            "throttle": 0.26479375078500333,
            "brake": 8.204641258629475e-05,
            "steer": 0.0
        },
        {
            "throttle": 0.25948741961188976,
            "brake": 7.384177132766529e-05,
            "steer": 0.0
        },
        {
            "throttle": 0.2572790312575272,
            "brake": 6.645759419489876e-05,
            "steer": 0.0
        },
        {
            "throttle": 0.2581992551840817,
            "brake": 5.981183477540889e-05,
            "steer": 0.0
        },
        {
            "throttle": 0.2622363874905688,
            "brake": 5.3830651297868e-05,
            "steer": 0.0
        },
        {
            "throttle": 0.26933651729395713,
            "brake": 4.84475861680812e-05,
            "steer": 0.0
        },
        {
            "throttle": 0.27940426283458153,
            "brake": 4.360282755127308e-05,
            "steer": 0.0
        },
        {
            "throttle": 0.29230406743712495,
            "brake": 3.924254479614577e-05,
            "steer": 0.0
        },
        {
            "throttle": 0.3078620378822941,
            "brake": 3.5318290316531194e-05,
            "steer": 0.0
        },
        {
            "throttle": 0.3258683004048155,
            "brake": 3.1786461284878076e-05,
            "steer": 0.0
        },
        {
            "throttle": 0.346079842529638,
            "brake": 2.860781515639027e-05,
            "steer": 0.0
        },
        {
            "throttle": 0.3682238023848588,
            "brake": 2.5747033640751242e-05,
            "steer": 0.0
        },
        {
            "throttle": 0.39200116107566685,
            "brake": 2.317233027667612e-05,
            "steer": 0.0
        },
        {
            "throttle": 0.417090788250318,
            "brake": 2.0855097249008508e-05,
            "steer": 0.0
        },
        {
            "throttle": 0.4431537862104644,
            "brake": 1.876958752410766e-05,
            "steer": 0.0
        },
        {
            "throttle": 0.4698380738786233,
            "brake": 1.6892628771696893e-05,
            "steer": 0.0
        },
        {
            "throttle": 0.4967831486897303,
            "brake": 1.5203365894527204e-05,
            "steer": 0.0
        },
        {
            "throttle": 0.5236249620654365,
            "brake": 1.3683029305074485e-05,
            "steer": 0.0
        },
        {
            "throttle": 0.5500008425915781,
            "brake": 1.2314726374567036e-05,
            "steer": 0.0
        },
        {
            "throttle": 0.5755544003718481,
            "brake": 1.1083253737110333e-05,
            "steer": 0.0
        },
        {
            "throttle": 0.5999403462828455,
            "brake": 9.9749283633993e-06,
            "steer": 0.0
        },
        {
            "throttle": 0.6228291610039369,
            "brake": 8.977435527059369e-06,
            "steer": 0.0
        },
        {
            "throttle": 0.6439115507241988,
            "brake": 8.079691974353433e-06,
            "steer": 0.0
        },
        {
            "throttle": 0.6629026293106594,
            "brake": 7.2717227769180895e-06,
            "steer": 0.0
        },
        {
            "throttle": 0.6795457704181592,
            "brake": 6.544550499226281e-06,
            "steer": 0.0
        },
        {
            "throttle": 0.6936160774814222,
            "brake": 5.8900954493036525e-06,
            "steer": 0.0
        },
        {
            "throttle": 0.7049234246940512,
            "brake": 5.301085904373287e-06,
            "steer": 0.0
        },
        {
            "throttle": 0.7133150278773339,
            "brake": 4.770977313935959e-06,
            "steer": 0.0
        },
        {
            "throttle": 0.7186775104955597,
            "brake": 4.293879582542363e-06,
            "steer": 0.0
        },
        {
            "throttle": 0.7209384368981131,
            "brake": 3.864491624288127e-06,
            "steer": 0.0
        },
        {
            "throttle": 0.720067292069676,
            "brake": 3.4780424618593143e-06,
            "steer": 0.0
        },
        {
            "throttle": 0.7160758946510829,
            "brake": 3.130238215673383e-06,
            "steer": 0.0
        },
        {
            "throttle": 0.7090182376536044,
            "brake": 2.817214394106045e-06,
            "steer": 0.0
        },
        {
            "throttle": 0.6989897590251132,
            "brake": 2.5354929546954405e-06,
            "steer": 0.0
        },
        {
            "throttle": 0.6861260519331563,
            "brake": 2.2819436592258967e-06,
            "steer": 0.0
        },
        {
            "throttle": 0.670601032203217,
            "brake": 2.053749293303307e-06,
            "steer": 0.0
        },
        {
            "throttle": 0.6526245876880425,
            "brake": 1.8483743639729764e-06,
            "steer": 0.0
        },
        {
            "throttle": 0.6324397413466268,
            "brake": 1.6635369275756788e-06,
            "steer": 0.0
        },
        {
            "throttle": 0.6103193663846205,
            "brake": 1.497183234818111e-06,
            "steer": 0.0
        },
        {
            "throttle": 0.5865624978627296,
            "brake": 1.3474649113363e-06,
            "steer": 0.0
        },
        {
            "throttle": 0.56149029063421,
            "brake": 1.21271842020267e-06,
            "steer": 0.0
        },
        {
            "throttle": 0.535441678253127,
            "brake": 1.091446578182403e-06,
            "steer": 0.0
        },
        {
            "throttle": 0.5087687915370164,
            "brake": 9.823019203641628e-07,
            "steer": 0.0
        },
        {
            "throttle": 0.48183219871629224,
            "brake": 8.840717283277466e-07,
            "steer": 0.0
        },
        {
            "throttle": 0.4549960315143065,
            "brake": 7.956645554949719e-07,
            "steer": 0.0
        },
        {
            "throttle": 0.42862306304374975,
            "brake": 7.160980999454747e-07,
            "steer": 0.0
        },
        {
            "throttle": 0.40306980405626913,
            "brake": 6.444882899509273e-07,
            "steer": 0.0
        }
    ],
    "parameters": {
        "fog_density": 6.3290455586288985,
        "precipitation": 35.108420953003694,
        "precipitation_deposits": 33.70929581016523,
        "wind_intensity": 48.62062471536942,
        "sun_altitude_angle": 63.821119433977685,
        "cloudiness": 94.48934360511574,
        "lead_base_throttle": 0.4892686286654738,
        "lead_behavior_frequency": 0.1851469198799941,
        "lead_throttle_variation": 0.34505567369088885,
        "lead_brake_probability": 0.1491903063944293,
        "lead_brake_intensity": 0.13902793509955289,
        "lead_brake_duration": 27.282598655286833,
        "initial_distance": 61.803813278120245,
        "initial_ego_velocity": 11.758635080352516,
        "initial_lead_velocity": 16.991246759080326
    },
    "config": {
        "num_timesteps": 200,
        "dt": 0.1,
        "seed": 109
    }
}