{
    "weather": {
        "cloudiness": 55.50524722051223,
        "precipitation": 15.12736729124795,
        "precipitation_deposits": 61.16198092277012,
        "wind_intensity": 49.884553912728535,
        "sun_altitude_angle": 34.896939668425986,
        "fog_density": 70.41585848532988,
        "fog_distance": 95.63702119969024,
        "wetness": 7.563683645623975
    },
    "initial_conditions": {
        "ego": {
            "position": {
                "x": 530.8130677014369,
                "y": 20.57,
                "z": 0.294
            },
            "yaw": 0.0,
            "velocity": 5.889573507964528
        },
        "lead": {
            "position": {
                "x": 484.88,
                "y": 20.57,
                "z": 0.294
            },
            "yaw": 0.0,
            "velocity": 14.335363523989708
        }
    },
    "ego": {
        "position": {
            "x": 530.8130677014369,
            "y": 20.57,
            "z": 0.294
        },
        "yaw": 0.0,
        "velocity": 5.889573507964528
    },
    "lead": {
        "position": {
            "x": 484.88,
            "y": 20.57,
            "z": 0.294
        },
        "yaw": 0.0,
        "velocity": 14.335363523989708
    },
    "ado_actions": [
        {
            "throttle": 0.5193303225206528,
            "brake": 0.0,
            "steer": 0.0
        },
        {
            "throttle": 0.5200738491470905,
            "brake": 0.0,
            "steer": 0.0
        },
        {
            "throttle": 0.5214853846082155,
            "brake": 0.0,
            "steer": 0.0
        },
        {
            "throttle": 0.5234957995881382,
            "brake": 0.0,
            "steer": 0.0
        },
        {
            "throttle": 0.5260417180479701,
            "brake": 0.0,
            "steer": 0.0
        },
        {
            "throttle": 0.5290649473640624,
            "brake": 0.0,
            "steer": 0.0
        },
        {
            "throttle": 0.5325119672610716,
            "brake": 0.0,
            "steer": 0.0
        },
        {
            "throttle": 0.536333471648967,
            "brake": 0.0,
            "steer": 0.0
        },
        {
            "throttle": 0.5404839580593719,
            "brake": 0.0,
            "steer": 0.0
        },
        {
            "throttle": 0.5449213599042938,
            "brake": 0.0,
            "steer": 0.0
        },
        {
            "throttle": 0.5496067172552292,
            "brake": 0.0,
            "steer": 0.0
        },
        {
            "throttle": 0.5545038822680901,
            "brake": 0.0,
            "steer": 0.0
        },
        {
            "throttle": 0.5595792557641552,
            "brake": 0.0,
            "steer": 0.0
        },
        {
            "throttle": 0.5648015518235683,
            "brake": 0.0,
            "steer": 0.0
        },
        {
            "throttle": 0.5701415875596331,
            "brake": 0.0,
            "steer": 0.0
        },
        {
            "throttle": 0.5755720955227611,
            "brake": 0.0,
            "steer": 0.0
        },
        {
            "throttle": 0.5810675564355238,
            "brake": 0.0,
            "steer": 0.0
        },
        {
            "throttle": 0.586604050187653,
            "brake": 0.0,
            "steer": 0.0
        },
        {
            "throttle": 0.5921591232245477,
            "brake": 0.0,
            "steer": 0.0
        },
        {
            "throttle": 0.5977116706471448,
            "brake": 0.0,
            "steer": 0.0
        },
        {
            "throttle": 0.6032418315069619,
            "brake": 0.0,
            "steer": 0.0
        },
        {
            "throttle": 0.6087308959295271,
            "brake": 0.0,
            "steer": 0.0
        },
        {
            "throttle": 0.6141612228339718,
            "brake": 0.0,
            "steer": 0.0
        },
        {
            "throttle": 0.6195161671377236,
            "brake": 0.0,
            "steer": 0.0
        },
        {
            "throttle": 0.6247800154443847,
            "brake": 0.0,
            "steer": 0.0
        },
        {
            "throttle": 0.6299379293111745,
            "brake": 0.0,
            "steer": 0.0
        },
        {
            "throttle": 0.6349758952808886,
            "brake": 0.0,
            "steer": 0.0
        },
        {
            "throttle": 0.6398806809431115,
            "brake": 0.0,
            "steer": 0.0
        },
        {
            "throttle": 0.6446397963613376,
            "brake": 0.0,
            "steer": 0.0
        },
        {
            "throttle": 0.6492414602674591,
            "brake": 0.0,
            "steer": 0.0
        },
        {
            "throttle": 0.653674570483511,
            "brake": 0.0,
            "steer": 0.0
        },
        {
            "throttle": 0.6579286780832483,
            "brake": 0.0,
            "steer": 0.0
        },
        {
            "throttle": 0.661993964853645,
            "brake": 0.0,
            "steer": 0.0
        },
        {
            "throttle": 0.6658612236592749,
            "brake": 0.0,
            "steer": 0.0
        },
        {
            "throttle": 0.6695218413512213,
            "brake": 0.0,
            "steer": 0.0
        },
        {
            "throttle": 0.6729677838970869,
            "brake": 0.0,
            "steer": 0.0
        },
        {
            "throttle": 0.6761915834402168,
            "brake": 0.0,
            "steer": 0.0
        },
        {
            "throttle": 0.6791863270247414,
            "brake": 0.0,
            "steer": 0.0
        },
        {
            "throttle": 0.6819456467488043,
            "brake": 0.0,
            "steer": 0.0
        },
        {
            "throttle": 0.6844637111316334,
            "brake": 0.0,
            "steer": 0.0
        },
        {
            "throttle": 0.6867352175011853,
            "brake": 0.0,
            "steer": 0.0
        },
        {
            "throttle": 0.6887553852281774,
            "brake": 0.0,
            "steer": 0.0
        },
        {
            "throttle": 0.6905199496496048,
            "brake": 0.0,
            "steer": 0.0
        },
        {
            "throttle": 0.6920251565405092,
            "brake": 0.0,
            "steer": 0.0
        },
        {
            "throttle": 0.6932677570069851,
            "brake": 0.0,
            "steer": 0.0
        },
        {
            "throttle": 0.6942450026863143,
            "brake": 0.0,
            "steer": 0.0
        },
        {
            "throttle": 0.6949546411518511,
            "brake": 0.0,
            "steer": 0.0
        },
        {
            "throttle": 0.6953949114309492,
            "brake": 0.0,
            "steer": 0.0
        },
        {
            "throttle": 0.6955645395539336,
            "brake": 0.0,
            "steer": 0.0
        },
        {
            "throttle": 0.695462734060977,
            "brake": 0.0,
            "steer": 0.0
        },
        {
            "throttle": 0.6950891814018161,
            "brake": 0.0,
            "steer": 0.0
        },
        {
            "throttle": 0.6944440411706205,
            "brake": 0.0,
            "steer": 0.0
        },
        {
            "throttle": 0.6935279411250788,
            "brake": 0.0,
            "steer": 0.0
        },
        {
            "throttle": 0.692341971944938,
            "brake": 0.0,
            "steer": 0.0
        },
        {
            "throttle": 0.6908876816909071,
            "brake": 0.0,
            "steer": 0.0
        },
        {
            "throttle": 0.6891670699300254,
            "brake": 0.0,
            "steer": 0.0
        },
        {
            "throttle": 0.6871825814983845,
            "brake": 0.0,
            "steer": 0.0
        },
        {
            "throttle": 0.6849370998764898,
            "brake": 0.0,
            "steer": 0.0
        },
        {
            "throttle": 0.6824339401566022,
            "brake": 0.0,
            "steer": 0.0
        },
        {
            "throttle": 0.6796768415851479,
            "brake": 0.0,
            "steer": 0.0
        },
        {
            "throttle": 0.6766699596667378,
            "brake": 0.0,
            "steer": 0.0
        },
        {
            "throttle": 0.6734178578195459,
            "brake": 0.0,
            "steer": 0.0
        },
        {
            "throttle": 0.6699254985747547,
            "brake": 0.0,
            "steer": 0.0
        },
        {
            "throttle": 0.6661982343155333,
            "brake": 0.0,
            "steer": 0.0
        },
        {
            "throttle": 0.6622417975535628,
            "brake": 0.0,
            "steer": 0.0
        },
        {
            "throttle": 0.6580622907435022,
            "brake": 0.0,
            "steer": 0.0
        },
        {
            "throttle": 0.653666175637992,
            "brake": 0.0,
            "steer": 0.0
        },
        {
            "throttle": 0.6490602621878548,
            "brake": 0.0,
            "steer": 0.0
        },
        {
            "throttle": 0.6442516969940603,
            "brake": 0.0,
            "steer": 0.0
        },
        {
            "throttle": 0.6392479513198135,
            "brake": 0.0,
            "steer": 0.0
        },
        {
            "throttle": 0.6340568086727841,
            "brake": 0.0,
            "steer": 0.0
        },
        {
            "throttle": 0.6286863519690454,
            "brake": 0.0,
            "steer": 0.0
        },
        {
            "throttle": 0.6231449502917383,
            "brake": 0.0,
            "steer": 0.0
        },
        {
            "throttle": 0.6174412452588182,
            "brake": 0.0,
            "steer": 0.0
        },
        {
            "throttle": 0.6115841370154956,
            "brake": 0.0,
            "steer": 0.0
        },
        {
            "throttle": 0.6055827698681451,
            "brake": 0.0,
            "steer": 0.0
        },
        {
            "throttle": 0.5994465175775335,
            "brake": 0.0,
            "steer": 0.0
        },
        {
            "throttle": 0.5931849683302244,
            "brake": 0.0,
            "steer": 0.0
        },
        {
            "throttle": 0.5868079094079314,
            "brake": 0.0,
            "steer": 0.0
        },
        {
            "throttle": 0.5803253115754503,
            "brake": 0.0,
            "steer": 0.0
        },
        {
            "throttle": 0.5737473132085776,
            "brake": 0.0,
            "steer": 0.0
        },
        {
            "throttle": 0.5670842041841351,
            "brake": 0.0,
            "steer": 0.0
        },
        {
            "throttle": 0.560346409554871,
            "brake": 0.0,
            "steer": 0.0
        },
        {
            "throttle": 0.5535444730325912,
            "brake": 0.0,
            "steer": 0.0
        },
        {
            "throttle": 0.5466890403033963,
            "brake": 0.0,
            "steer": 0.0
        },
        {
            "throttle": 0.5397908421993665,
            "brake": 0.0,
            "steer": 0.0
        },
        {
            "throttle": 0.5328606777514401,
            "brake": 0.0,
            "steer": 0.0
        },
        {
            "throttle": 0.5259093971485794,
            "brake": 0.0,
            "steer": 0.0
        },
        {
            "throttle": 0.518947884628613,
            "brake": 0.0,
            "steer": 0.0
        },
        {
            "throttle": 0.5119870413263794,
            "brake": 0.0,
            "steer": 0.0
        },
        {
            "throttle": 0.5050377681049858,
            "brake": 0.0,
            "steer": 0.0
        },
        {
            "throttle": 0.4981109483961245,
            "brake": 0.0,
            "steer": 0.0
        },
        {
            "throttle": 0.4912174310754746,
            "brake": 0.0,
            "steer": 0.0
        },
        {
            "throttle": 0.4843680133992468,
            "brake": 0.0,
            "steer": 0.0
        },
        {
            "throttle": 0.47757342402791075,
            "brake": 0.0,
            "steer": 0.0
        },
        {
            "throttle": 0.47084430616307804,
            "brake": 0.0,
            "steer": 0.0
        },
        {
            "throttle": 0.4641912008233993,
            "brake": 0.0,
            "steer": 0.0
        },
        {
            "throttle": 0.45762453028517314,
            "brake": 0.0,
            "steer": 0.0
        },
        {
            "throttle": 0.451154581713157,
            "brake": 0.0,
            "steer": 0.0
        },
        {
            "throttle": 0.444791491006818,
            "brake": 0.0,
            "steer": 0.0
        },
        {
            "throttle": 0.4385452268869659,
            "brake": 0.0,
            "steer": 0.0
        },
        {
            "throttle": 0.43242557524737013,
            "brake": 0.0,
            "steer": 0.0
        },
        {
            "throttle": 0.42644212379558133,
            "brake": 0.0,
            "steer": 0.0
        },
        {
            "throttle": 0.4206042470067551,
            "brake": 0.0,
            "steer": 0.0
        },
        {
            "throttle": 0.4149210914138118,
            "brake": 0.0,
            "steer": 0.0
        },
        {
            "throttle": 0.4094015612567639,
            "brake": 0.0,
            "steer": 0.0
        },
        {
            "throttle": 0.40405430451350105,
            "brake": 0.0,
            "steer": 0.0
        },
        {
            "throttle": 0.3988876993337453,
            "brake": 0.0,
            "steer": 0.0
        },
        {
            "throttle": 0.39390984089727527,
            "brake": 0.0,
            "steer": 0.0
        },
        {
            "throttle": 0.38912852871686887,
            "brake": 0.0,
            "steer": 0.0
        },
        {
            "throttle": 0.38455125440573107,
            "brake": 0.0,
            "steer": 0.0
        },
        {
            "throttle": 0.38018518992845945,
            "brake": 0.0,
            "steer": 0.0
        },
        {
            "throttle": 0.3760371763538538,
            "brake": 0.0,
            "steer": 0.0
        },
        {
            "throttle": 0.37211371312709934,
            "brake": 0.0,
            "steer": 0.0
        },
        {
            "throttle": 0.36842094787805024,
            "brake": 0.0,
            "steer": 0.0
        },
        {
            "throttle": 0.36496466678150663,
            "brake": 0.0,
            "steer": 0.0
        },
        {
            "throttle": 0.3617502854845232,
            "brake": 0.0,
            "steer": 0.0
        },
        {
            "throttle": 0.35878284061490345,
            "brake": 0.0,
            "steer": 0.0
        },
        {
            "throttle": 0.35606698188413105,
            "brake": 0.0,
            "steer": 0.0
        },
        {
            "throttle": 0.35360696479706255,
            "brake": 0.0,
            "steer": 0.0
        },
        {
            "throttle": 0.35140664397976085,
            "brake": 0.0,
            "steer": 0.0
        },
        {
            "throttle": 0.34946946713588395,
            "brake": 0.0,
            "steer": 0.0
        },
        {
            "throttle": 0.34779846964106287,
            "brake": 0.0,
            "steer": 0.0
        },
        {
            "throttle": 0.34639626978370686,
            "brake": 0.0,
            "steer": 0.0
        },
        {
            "throttle": 0.3452650646596639,
            "brake": 0.0,
            "steer": 0.0
        },
        {
            "throttle": 0.3444066267271429,
            "brake": 0.0,
            "steer": 0.0
        },
        {
            "throttle": 0.34382230102727235,
            "brake": 0.0,
            "steer": 0.0
        },
        {
            "throttle": 0.34351300307462906,
            "brake": 0.0,
            "steer": 0.0
        },
        {
            "throttle": 0.3434792174210234,
            "brake": 0.0,
            "steer": 0.0
        },
        {
            "throttle": 0.34372099689477376,
            "brake": 0.0,
            "steer": 0.0
        },
        {
            "throttle": 0.3442379625166472,
            "brake": 0.0,
            "steer": 0.0
        },
        {
            "throttle": 0.34502930409258287,
            "brake": 0.0,
            "steer": 0.0
        },
        {
            "throttle": 0.3460937814822578,
            "brake": 0.0,
            "steer": 0.0
        },
        {
            "throttle": 0.34742972654149445,
            "brake": 0.0,
            "steer": 0.0
        },
        {
            "throttle": 0.349035045735457,
            "brake": 0.0,
            "steer": 0.0
        },
        {
            "throttle": 0.35090722341853126,
            "brake": 0.0,
            "steer": 0.0
        },
        {
            "throttle": 0.3530433257757406,
            "brake": 0.0,
            "steer": 0.0
        },
        {
            "throttle": 0.35544000541951437,
            "brake": 0.0,
            "steer": 0.0
        },
        {
            "throttle": 0.3580935066345974,
            "brake": 0.0,
            "steer": 0.0
        },
        {
            "throttle": 0.36099967126287746,
            "brake": 0.0,
            "steer": 0.0
        },
        {
            "throttle": 0.36415394521890215,
            "brake": 0.0,
            "steer": 0.0
        },
        {
            "throttle": 0.36755138562587003,
            "brake": 0.0,
            "steer": 0.0
        },
        {
            "throttle": 0.3711866685609108,
            "brake": 0.0,
            "steer": 0.0
        },
        {
            "throttle": 0.3750540973975118,
            "brake": 0.0,
            "steer": 0.0
        },
        {
            "throttle": 0.37914761173201494,
            "brake": 0.0,
            "steer": 0.0
        },
        {
            "throttle": 0.38346079688019363,
            "brake": 0.0,
            "steer": 0.0
        },
        {
            "throttle": 0.3879868939290232,
            "brake": 0.0,
            "steer": 0.0
        },
        {
            "throttle": 0.3927188103278932,
            "brake": 0.0,
            "steer": 0.0
        },
        {
            "throttle": 0.3976491310026611,
            "brake": 0.0,
            "steer": 0.0
        },
        {
            "throttle": 0.40277012997512907,
            "brake": 0.0,
            "steer": 0.0
        },
        {
            "throttle": 0.4080737824697345,
            "brake": 0.0,
            "steer": 0.0
        },
        {
            "throttle": 0.3672664042227611,
            "brake": 0.035306730988668336,
            "steer": 0.0
        },
        {
            "throttle": 0.330539763800485,
            "brake": 0.06708278887846984,
            "steer": 0.0
        },
        {
            "throttle": 0.2974857874204365,
            "brake": 0.0956812409792912,
            "steer": 0.0
        },
        {
            "throttle": 0.2677372086783929,
            "brake": 0.12141984787003042,
            "steer": 0.0
        },
        {
            "throttle": 0.24096348781055363,
            "brake": 0.14458459407169572,
            "steer": 0.0
        },
        {
            "throttle": 0.21686713902949828,
            "brake": 0.16543286565319448,
            "steer": 0.0
        },
        {
            "throttle": 0.19518042512654846,
            "brake": 0.18419631007654336,
            "steer": 0.0
        },
        {
            "throttle": 0.1756623826138936,
            "brake": 0.20108341005755737,
            "steer": 0.0
        },
        {
            "throttle": 0.15809614435250424,
            "brake": 0.21628180004046998,
            "steer": 0.0
        },
        {
            "throttle": 0.14228652991725382,
            "brake": 0.22996035102509133,
            "steer": 0.0
        },
        {
            "throttle": 0.12805787692552845,
            "brake": 0.2422710469112505,
            "steer": 0.0
        },
        {
            "throttle": 0.1152520892329756,
            "brake": 0.2533506732087938,
            "steer": 0.0
        },
        {
            "throttle": 0.10372688030967804,
            "brake": 0.26332233687658274,
            "steer": 0.0
        },
        {
            "throttle": 0.09335419227871024,
            "brake": 0.2722968341775928,
            "steer": 0.0
        },
        {
            "throttle": 0.08401877305083921,
            "brake": 0.28037388174850186,
            "steer": 0.0
        },
        {
            "throttle": 0.0756168957457553,
            "brake": 0.28764322456232,
            "steer": 0.0
        },
        {
            "throttle": 0.06805520617117977,
            "brake": 0.2941856330947563,
            "steer": 0.0
        },
        {
            "throttle": 0.11993503647149963,
            "brake": 0.2647670697852807,
            "steer": 0.0
        },
        {
            "throttle": 0.16731543246775332,
            "brake": 0.23829036280675264,
            "steer": 0.0
        },
        {
            "throttle": 0.21063467752214057,
            "brake": 0.21446132652607738,
            "steer": 0.0
        },
        {
            "throttle": 0.2502861659552822,
            "brake": 0.19301519387346966,
            "steer": 0.0
        },
        {
            "throttle": 0.2866229118842214,
            "brake": 0.1737136744861227,
            "steer": 0.0
        },
        {
            "throttle": 0.31996160880754654,
            "brake": 0.15634230703751045,
            "steer": 0.0
        },
        {
            "throttle": 0.3505862848291293,
            "brake": 0.14070807633375942,
            "steer": 0.0
        },
        {
            "throttle": 0.37875159392032265,
            "brake": 0.1266372687003835,
            "steer": 0.0
        },
        {
            "throttle": 0.40468577957803015,
            "brake": 0.11397354183034515,
            "steer": 0.0
        },
        {
            "throttle": 0.4285933435979338,
            "brake": 0.10257618764731063,
            "steer": 0.0
        },
        {
            "throttle": 0.4506574494079172,
            "brake": 0.09231856888257957,
            "steer": 0.0
        },
        {
            "throttle": 0.4710420864599648,
            "brake": 0.08308671199432162,
            "steer": 0.0
        },
        {
            "throttle": 0.48989401952680817,
            "brake": 0.07477804079488946,
            "steer": 0.0
        },
        {
            "throttle": 0.5073445443628589,
            "brake": 0.06730023671540052,
            "steer": 0.0
        },
        {
            "throttle": 0.5235110690409845,
            "brake": 0.06057021304386047,
            "steer": 0.0
        },
        {
            "throttle": 0.5384985383435815,
            "brake": 0.05451319173947442,
            "steer": 0.0
        },
        {
            "throttle": 0.5524007168466956,
            "brake": 0.04906187256552698,
            "steer": 0.0
        },
        {
            "throttle": 0.5653013447702859,
            "brake": 0.044155685308974284,
            "steer": 0.0
        },
        {
            "throttle": 0.5772751792587408,
            "brake": 0.03974011677807686,
            "steer": 0.0
        },
        {
            "throttle": 0.5883889324877468,
            "brake": 0.035766105100269174,
            "steer": 0.0
        },
        {
            "throttle": 0.5987021168525097,
            "brake": 0.03218949459024226,
            "steer": 0.0
        },
        {
            "throttle": 0.6082678064654288,
            "brake": 0.028970545131218033,
            "steer": 0.0
        },
        {
            "throttle": 0.6171333232672142,
            "brake": 0.02607349061809623,
            "steer": 0.0
        },
        {
            "throttle": 0.6253408552238469,
            "brake": 0.02346614155628661,
            "steer": 0.0
        },
        {
            "throttle": 0.6329280133334446,
            "brake": 0.02111952740065795,
            "steer": 0.0
        },
        {
            "throttle": 0.6399283334937073,
            "brake": 0.019007574660592157,
            "steer": 0.0
        },
        {
            "throttle": 0.6463717286746656,
            "brake": 0.01710681719453294,
            "steer": 0.0
        },
        {
            "throttle": 0.6522848962962164,
            "brake": 0.015396135475079648,
            "steer": 0.0
        },
        {
            "throttle": 0.6576916852193156,
            "brake": 0.013856521927571683,
            "steer": 0.0
        },
        {
            "throttle": 0.6626134263182635,
            "brake": 0.012470869734814516,
            "steer": 0.0
        },
        {
            "throttle": 0.6670692302043345,
            "brake": 0.011223782761333064,
            "steer": 0.0
        },
        {
            "throttle": 0.6710762553136506,
            "brake": 0.010101404485199758,
            "steer": 0.0
        }
    ],
    "parameters": {
        "fog_density": 70.41585848532988,
        "precipitation": 15.12736729124795,
        "precipitation_deposits": 61.16198092277012,
        "wind_intensity": 49.884553912728535,
        "sun_altitude_angle": 34.896939668425986,
        "cloudiness": 55.50524722051223,
        "lead_base_throttle": 0.5193303225206528,
        "lead_behavior_frequency": 0.06300677562601505,
        "lead_throttle_variation": 0.18786368996157812,
        "lead_brake_probability": 0.07770481164453641,
        "lead_brake_intensity": 0.35306730988668333,
        "lead_brake_duration": 17.047115501731145,
        "initial_distance": 45.933067701436954,
        "initial_ego_velocity": 5.889573507964528,
        "initial_lead_velocity": 14.335363523989708
    },
    "config": {
        "num_timesteps": 200,
        "dt": 0.1,
        "seed": 71
    }
}