{
    "weather": {
        "cloudiness": 5.128104695729652,
        "precipitation": 37.26162435291997,
        "precipitation_deposits": 62.29721125176789,
        "wind_intensity": 23.067233824045825,
        "sun_altitude_angle": 81.4138690986424,
        "fog_density": 31.33899142385672,
        "fog_distance": 351.8208972651007,
        "wetness": 18.630812176459987
    },
    "initial_conditions": {
        "ego": {
            "position": {
                "x": 519.3710223380118,
                "y": 20.57,
                "z": 0.294
            },
            "yaw": 0.0,
            "velocity": 17.51008759026571
        },
        "lead": {
            "position": {
                "x": 484.88,
                "y": 20.57,
                "z": 0.294
            },
            "yaw": 0.0,
            "velocity": 15.007245886449835
        }
    },
    "ego": {
        "position": {
            "x": 519.3710223380118,
            "y": 20.57,
            "z": 0.294
        },
        "yaw": 0.0,
        "velocity": 17.51008759026571
    },
    "lead": {
        "position": {
            "x": 484.88,
            "y": 20.57,
            "z": 0.294
        },
        "yaw": 0.0,
        "velocity": 15.007245886449835
    },
    "ado_actions": [
        {
            "throttle": 0.3123822737805949,
            "brake": 0.0,
            "steer": 0.0
        },
        {
            "throttle": 0.31336399557034605,
            "brake": 0.0,
            "steer": 0.0
        },
        {
            "throttle": 0.3152271712439796,
            "brake": 0.0,
            "steer": 0.0
        },
        {
            "throttle": 0.31787946843316506,
            "brake": 0.0,
            "steer": 0.0
        },
        {
            "throttle": 0.32123570569149623,
            "brake": 0.0,
            "steer": 0.0
        },
        {
            "throttle": 0.3252171507856521,
            "brake": 0.0,
            "steer": 0.0
        },
        {
            "throttle": 0.3297508935740859,
            "brake": 0.0,
            "steer": 0.0
        },
        {
            "throttle": 0.3347692859764904,
            "brake": 0.0,
            "steer": 0.0
        },
        {
            "throttle": 0.3402094422776164,
            "brake": 0.0,
            "steer": 0.0
        },
        {
            "throttle": 0.34601279367541693,
            "brake": 0.0,
            "steer": 0.0
        },
        {
            "throttle": 0.352124691583367,
            "brake": 0.0,
            "steer": 0.0
        },
        {
            "throttle": 0.3584940547368395,
            "brake": 0.0,
            "steer": 0.0
        },
        {
            "throttle": 0.3650730556396023,
            "brake": 0.0,
            "steer": 0.0
        },
        {
            "throttle": 0.3718168423242502,
            "brake": 0.0,
            "steer": 0.0
        },
        {
            "throttle": 0.37868329179455107,
            "brake": 0.0,
            "steer": 0.0
        },
        {
            "throttle": 0.3856327918726532,
            "brake": 0.0,
            "steer": 0.0
        },
        {
            "throttle": 0.3926280484938031,
            "brake": 0.0,
            "steer": 0.0
        },
        {
            "throttle": 0.3996339157792025,
            "brake": 0.0,
            "steer": 0.0
        },
        {
            "throttle": 0.4066172464770845,
            "brake": 0.0,
            "steer": 0.0
        },
        {
            "throttle": 0.4135467605958739,
            "brake": 0.0,
            "steer": 0.0
        },
        {
            "throttle": 0.42039293026400154,
            "brake": 0.0,
            "steer": 0.0
        },
        {
            "throttle": 0.42712787904089045,
            "brake": 0.0,
            "steer": 0.0
        },
        {
            "throttle": 0.43372529407490834,
            "brake": 0.0,
            "steer": 0.0
        },
        {
            "throttle": 0.440160349658572,
            "brake": 0.0,
            "steer": 0.0
        },
        {
            "throttle": 0.44640964087068175,
            "brake": 0.0,
            "steer": 0.0
        },
        {
            "throttle": 0.45245112612088323,
            "brake": 0.0,
            "steer": 0.0
        },
        {
            "throttle": 0.45826407752576404,
            "brake": 0.0,
            "steer": 0.0
        },
        {
            "throttle": 0.46382903814822996,
            "brake": 0.0,
            "steer": 0.0
        },
        {
            "throttle": 0.469127785224673,
            "brake": 0.0,
            "steer": 0.0
        },
        {
            "throttle": 0.4741432985883377,
            "brake": 0.0,
            "steer": 0.0
        },
        {
            "throttle": 0.478859733573209,
            "brake": 0.0,
            "steer": 0.0
        },
        {
            "throttle": 0.48326239775148977,
            "brake": 0.0,
            "steer": 0.0
        },
        {
            "throttle": 0.487337730920028,
            "brake": 0.0,
            "steer": 0.0
        },
        {
            "throttle": 0.49107328780755,
            "brake": 0.0,
            "steer": 0.0
        },
        {
            "throttle": 0.4944577230258321,
            "brake": 0.0,
            "steer": 0.0
        },
        {
            "throttle": 0.49748077783453437,
            "brake": 0.0,
            "steer": 0.0
        },
        {
            "throttle": 0.5001332683317857,
            "brake": 0.0,
            "steer": 0.0
        },
        {
            "throttle": 0.5024070747211837,
            "brake": 0.0,
            "steer": 0.0
        },
        {
            "throttle": 0.5042951313410292,
            "brake": 0.0,
            "steer": 0.0
        },
        {
            "throttle": 0.5057914171736981,
            "brake": 0.0,
            "steer": 0.0
        },
        {
            "throttle": 0.5068909465823657,
            "brake": 0.0,
            "steer": 0.0
        },
        {
            "throttle": 0.5075897600491167,
            "brake": 0.0,
            "steer": 0.0
        },
        {
            "throttle": 0.5078849147130492,
            "brake": 0.0,
            "steer": 0.0
        },
        {
            "throttle": 0.5077744745295187,
            "brake": 0.0,
            "steer": 0.0
        },
        {
            "throttle": 0.5072574998923881,
            "brake": 0.0,
            "steer": 0.0
        },
        {
            "throttle": 0.506334036580204,
            "brake": 0.0,
            "steer": 0.0
        },
        {
            "throttle": 0.5050051039047929,
            "brake": 0.0,
            "steer": 0.0
        },
        {
            "throttle": 0.5032726819569775,
            "brake": 0.0,
            "steer": 0.0
        },
        {
            "throttle": 0.5011396978591055,
            "brake": 0.0,
            "steer": 0.0
        },
        {
            "throttle": 0.49861001094795415,
            "brake": 0.0,
            "steer": 0.0
        },
        {
            "throttle": 0.49568839682443666,
            "brake": 0.0,
            "steer": 0.0
        },
        {
            "throttle": 0.4923805302184764,
            "brake": 0.0,
            "steer": 0.0
        },
        {
            "throttle": 0.4886929666285113,
            "brake": 0.0,
            "steer": 0.0
        },
        {
            "throttle": 0.48463312270542047,
            "brake": 0.0,
            "steer": 0.0
        },
        {
            "throttle": 0.4802092553602829,
            "brake": 0.0,
            "steer": 0.0
        },
        {
            "throttle": 0.4754304395843516,
            "brake": 0.0,
            "steer": 0.0
        },
        {
            "throttle": 0.4703065449779957,
            "brake": 0.0,
            "steer": 0.0
        },
        {
            "throttle": 0.4648482109931794,
            "brake": 0.0,
            "steer": 0.0
        },
        {
            "throttle": 0.45906682090134576,
            "brake": 0.0,
            "steer": 0.0
        },
        {
            "throttle": 0.45297447450539313,
            "brake": 0.0,
            "steer": 0.0
        },
        {
            "throttle": 0.44658395962080194,
            "brake": 0.0,
            "steer": 0.0
        },
        {
            "throttle": 0.43990872235691547,
            "brake": 0.0,
            "steer": 0.0
        },
        {
            "throttle": 0.43296283623492804,
            "brake": 0.0,
            "steer": 0.0
        },
        {
            "throttle": 0.4257609701843062,
            "brake": 0.0,
            "steer": 0.0
        },
        {
            "throttle": 0.4183183554641828,
            "brake": 0.0,
            "steer": 0.0
        },
        {
            "throttle": 0.4106507515607359,
            "brake": 0.0,
            "steer": 0.0
        },
        {
            "throttle": 0.40277441111571227,
            "brake": 0.0,
            "steer": 0.0
        },
        {
            "throttle": 0.39470604394508585,
            "brake": 0.0,
            "steer": 0.0
        },
        {
            "throttle": 0.38646278021037284,
            "brake": 0.0,
            "steer": 0.0
        },
        {
            "throttle": 0.3780621328083627,
            "brake": 0.0,
            "steer": 0.0
        },
        {
            "throttle": 0.3695219590479785,
            "brake": 0.0,
            "steer": 0.0
        },
        {
            "throttle": 0.36086042168565974,
            "brake": 0.0,
            "steer": 0.0
        },
        {
            "throttle": 0.3520959493930715,
            "brake": 0.0,
            "steer": 0.0
        },
        {
            "throttle": 0.3432471967330937,
            "brake": 0.0,
            "steer": 0.0
        },
        {
            "throttle": 0.3343330037219373,
            "brake": 0.0,
            "steer": 0.0
        },
        {
            "throttle": 0.32537235505687717,
            "brake": 0.0,
            "steer": 0.0
        },
        {
            "throttle": 0.316384339090489,
            "brake": 0.0,
            "steer": 0.0
        },
        {
            "throttle": 0.3073881066334337,
            "brake": 0.0,
            "steer": 0.0
        },
        {
            "throttle": 0.29840282966875215,
            "brake": 0.0,
            "steer": 0.0
        },
        {
            "throttle": 0.2894476600613212,
            "brake": 0.0,
            "steer": 0.0
        },
        {
            "throttle": 0.28054168834657867,
            "brake": 0.0,
            "steer": 0.0
        },
        {
            "throttle": 0.27170390268286204,
            "brake": 0.0,
            "steer": 0.0
        },
        {
            "throttle": 0.26295314805171727,
            "brake": 0.0,
            "steer": 0.0
        },
        {
            "throttle": 0.25430808579033315,
            "brake": 0.0,
            "steer": 0.0
        },
        {
            "throttle": 0.24578715353984068,
            "brake": 0.0,
            "steer": 0.0
        },
        {
            "throttle": 0.2374085256925952,
            "brake": 0.0,
            "steer": 0.0
        },
        {
            "throttle": 0.22919007442073086,
            "brake": 0.0,
            "steer": 0.0
        },
        {
            "throttle": 0.22114933136725162,
            "brake": 0.0,
            "steer": 0.0
        },
        {
            "throttle": 0.2133034500797015,
            "brake": 0.0,
            "steer": 0.0
        },
        {
            "throttle": 0.20566916926504442,
            "brake": 0.0,
            "steer": 0.0
        },
        {
            "throttle": 0.19826277694278843,
            "brake": 0.0,
            "steer": 0.0
        },
        {
            "throttle": 0.1911000755716118,
            "brake": 0.0,
            "steer": 0.0
        },
        {
            "throttle": 0.18419634822279668,
            "brake": 0.0,
            "steer": 0.0
        },
        {
            "throttle": 0.1775663258716559,
            "brake": 0.0,
            "steer": 0.0
        },
        {
            "throttle": 0.17122415587585388,
            "brake": 0.0,
            "steer": 0.0
        },
        {
            "throttle": 0.16518337170708167,
            "brake": 0.0,
            "steer": 0.0
        },
        {
            "throttle": 0.15945686399995346,
            "brake": 0.0,
            "steer": 0.0
        },
        {
            "throttle": 0.1540568529792546,
            "brake": 0.0,
            "steer": 0.0
        },
        {
            "throttle": 0.1489948623237963,
            "brake": 0.0,
            "steer": 0.0
        },
        {
            "throttle": 0.14428169452212605,
            "brake": 0.0,
            "steer": 0.0
        },
        {
            "throttle": 0.13992740777221194,
            "brake": 0.0,
            "steer": 0.0
        },
        {
            "throttle": 0.13594129447397305,
            "brake": 0.0,
            "steer": 0.0
        },
        {
            "throttle": 0.13233186136017122,
            "brake": 0.0,
            "steer": 0.0
        },
        {
            "throttle": 0.1291068113077222,
            "brake": 0.0,
            "steer": 0.0
        },
        {
            "throttle": 0.12627302686793215,
            "brake": 0.0,
            "steer": 0.0
        },
        {
            "throttle": 0.12383655555052889,
            "brake": 0.0,
            "steer": 0.0
        },
        {
            "throttle": 0.12180259689264175,
            "brake": 0.0,
            "steer": 0.0
        },
        {
            "throttle": 0.12017549134010003,
            "brake": 0.0,
            "steer": 0.0
        },
        {
            "throttle": 0.11895871096457411,
            "brake": 0.0,
            "steer": 0.0
        },
        {
            "throttle": 0.118154852036186,
            "brake": 0.0,
            "steer": 0.0
        },
        {
            "throttle": 0.11776562946727373,
            "brake": 0.0,
            "steer": 0.0
        },
        {
            "throttle": 0.11779187313901657,
            "brake": 0.0,
            "steer": 0.0
        },
        {
            "throttle": 0.11823352611862452,
            "brake": 0.0,
            "steer": 0.0
        },
        {
            "throttle": 0.11908964477077308,
            "brake": 0.0,
            "steer": 0.0
        },
        {
            "throttle": 0.12035840076293303,
            "brake": 0.0,
            "steer": 0.0
        },
        {
            "throttle": 0.12203708496021357,
            "brake": 0.0,
            "steer": 0.0
        },
        {
            "throttle": 0.1241221132013132,
            "brake": 0.0,
            "steer": 0.0
        },
        {
            "throttle": 0.1266090339431664,
            "brake": 0.0,
            "steer": 0.0
        },
        {
            "throttle": 0.12949253775789313,
            "brake": 0.0,
            "steer": 0.0
        },
        {
            "throttle": 0.13276646866171116,
            "brake": 0.0,
            "steer": 0.0
        },
        {
            "throttle": 0.13642383725156743,
            "brake": 0.0,
            "steer": 0.0
        },
        {
            "throttle": 0.14045683562139102,
            "brake": 0.0,
            "steer": 0.0
        },
        {
            "throttle": 0.14485685402607756,
            "brake": 0.0,
            "steer": 0.0
        },
        {
            "throttle": 0.14961449925758755,
            "brake": 0.0,
            "steer": 0.0
        },
        {
            "throttle": 0.1547196146938917,
            "brake": 0.0,
            "steer": 0.0
        },
        {
            "throttle": 0.16016130197792838,
            "brake": 0.0,
            "steer": 0.0
        },
        {
            "throttle": 0.16592794428026242,
            "brake": 0.0,
            "steer": 0.0
        },
        {
            "throttle": 0.17200723109575686,
            "brake": 0.0,
            "steer": 0.0
        },
        {
            "throttle": 0.17838618452129745,
            "brake": 0.0,
            "steer": 0.0
        },
        {
            "throttle": 0.1850511869584506,
            "brake": 0.0,
            "steer": 0.0
        },
        {
            "throttle": 0.1919880101818954,
            "brake": 0.0,
            "steer": 0.0
        },
        {
            "throttle": 0.19918184571155778,
            "brake": 0.0,
            "steer": 0.0
        },
        {
            "throttle": 0.20661733642359303,
            "brake": 0.0,
            "steer": 0.0
        },
        {
            "throttle": 0.21427860933271967,
            "brake": 0.0,
            "steer": 0.0
        },
        {
            "throttle": 0.2221493094759098,
            "brake": 0.0,
            "steer": 0.0
        },
        {
            "throttle": 0.23021263482508988,
            "brake": 0.0,
            "steer": 0.0
        },
        {
            "throttle": 0.2384513721543116,
            "brake": 0.0,
            "steer": 0.0
        },
        {
            "throttle": 0.2468479337848153,
            "brake": 0.0,
            "steer": 0.0
        },
        {
            "throttle": 0.2553843951295356,
            "brake": 0.0,
            "steer": 0.0
        },
        {
            "throttle": 0.2640425329568936,
            "brake": 0.0,
            "steer": 0.0
        },
        {
            "throttle": 0.2728038642921844,
            "brake": 0.0,
            "steer": 0.0
        },
        {
            "throttle": 0.28164968587350886,
            "brake": 0.0,
            "steer": 0.0
        },
        {
            "throttle": 0.2905611140780158,
            "brake": 0.0,
            "steer": 0.0
        },
        {
            "throttle": 0.2995191252332167,
            "brake": 0.0,
            "steer": 0.0
        },
        {
            "throttle": 0.3085045962273131,
            "brake": 0.0,
            "steer": 0.0
        },
        {
            "throttle": 0.3174983453318408,
            "brake": 0.0,
            "steer": 0.0
        },
        {
            "throttle": 0.32648117314948044,
            "brake": 0.0,
            "steer": 0.0
        },
        {
            "throttle": 0.33543390359961733,
            "brake": 0.0,
            "steer": 0.0
        },
        {
            "throttle": 0.34433742485415475,
            "brake": 0.0,
            "steer": 0.0
        },
        {
            "throttle": 0.35317273013618916,
            "brake": 0.0,
            "steer": 0.0
        },
        {
            "throttle": 0.3619209582944509,
            "brake": 0.0,
            "steer": 0.0
        },
        {
            "throttle": 0.3705634340668917,
            "brake": 0.0,
            "steer": 0.0
        },
        {
            "throttle": 0.37908170794746354,
            "brake": 0.0,
            "steer": 0.0
        },
        {
            "throttle": 0.3874575955709836,
            "brake": 0.0,
            "steer": 0.0
        },
        {
            "throttle": 0.39567321653200427,
            "brake": 0.0,
            "steer": 0.0
        },
        {
            "throttle": 0.403711032554821,
            "brake": 0.0,
            "steer": 0.0
        },
        {
            "throttle": 0.41155388493313094,
            "brake": 0.0,
            "steer": 0.0
        },
        {
            "throttle": 0.4191850311594191,
            "brake": 0.0,
            "steer": 0.0
        },
        {
            "throttle": 0.4265881806658746,
            "brake": 0.0,
            "steer": 0.0
        },
        {
            "throttle": 0.4337475296005401,
            "brake": 0.0,
            "steer": 0.0
        },
        {
            "throttle": 0.4406477945644532,
            "brake": 0.0,
            "steer": 0.0
        },
        {
            "throttle": 0.4472742452377611,
            "brake": 0.0,
            "steer": 0.0
        },
        {
            "throttle": 0.4536127358251575,
            "brake": 0.0,
            "steer": 0.0
        },
        {
            "throttle": 0.4596497352535134,
            "brake": 0.0,
            "steer": 0.0
        },
        {
            "throttle": 0.465372356057238,
            "brake": 0.0,
            "steer": 0.0
        },
        {
            "throttle": 0.47076838188970516,
            "brake": 0.0,
            "steer": 0.0
        },
        {
            "throttle": 0.47582629360201534,
            "brake": 0.0,
            "steer": 0.0
        },
        {
            "throttle": 0.48053529383342103,
            "brake": 0.0,
            "steer": 0.0
        },
        {
            "throttle": 0.4848853300609214,
            "brake": 0.0,
            "steer": 0.0
        },
        {
            "throttle": 0.48886711605882016,
            "brake": 0.0,
            "steer": 0.0
        },
        {
            "throttle": 0.4924721517224361,
            "brake": 0.0,
            "steer": 0.0
        },
        {
            "throttle": 0.4956927412136468,
            "brake": 0.0,
            "steer": 0.0
        },
        {
            "throttle": 0.49852200938953045,
            "brake": 0.0,
            "steer": 0.0
        },
        {
            "throttle": 0.5009539164790326,
            "brake": 0.0,
            "steer": 0.0
        },
        {
            "throttle": 0.5029832709763289,
            "brake": 0.0,
            "steer": 0.0
        },
        {
            "throttle": 0.5046057407233573,
            "brake": 0.0,
            "steer": 0.0
        },
        {
            "throttle": 0.5058178621578634,
            "brake": 0.0,
            "steer": 0.0
        },
        {
            "throttle": 0.5066170477072147,
            "brake": 0.0,
            "steer": 0.0
        },
        {
            "throttle": 0.5070015913122011,
            "brake": 0.0,
            "steer": 0.0
        },
        {
            "throttle": 0.5069706720690286,
            "brake": 0.0,
            "steer": 0.0
        },
        {
            "throttle": 0.5065243559817316,
            "brake": 0.0,
            "steer": 0.0
        },
        {
            "throttle": 0.5056635958212639,
            "brake": 0.0,
            "steer": 0.0
        },
        {
            "throttle": 0.5043902290915667,
            "brake": 0.0,
            "steer": 0.0
        },
        {
            "throttle": 0.5027069741069583,
            "brake": 0.0,
            "steer": 0.0
        },
        {
            "throttle": 0.5006174241892167,
            "brake": 0.0,
            "steer": 0.0
        },
        {
            "throttle": 0.4981260399967446,
            "brake": 0.0,
            "steer": 0.0
        },
        {
            "throttle": 0.4952381400021908,
            "brake": 0.0,
            "steer": 0.0
        },
        {
            "throttle": 0.49195988913885697,
            "brake": 0.0,
            "steer": 0.0
        },
        {
            "throttle": 0.48829828564012534,
            "brake": 0.0,
            "steer": 0.0
        },
        {
            "throttle": 0.48426114610000337,
            "brake": 0.0,
            "steer": 0.0
        },
        {
            "throttle": 0.4798570887866757,
            "brake": 0.0,
            "steer": 0.0
        },
        {
            "throttle": 0.4750955152446863,
            "brake": 0.0,
            "steer": 0.0
        },
        {
            "throttle": 0.46998659022502387,
            "brake": 0.0,
            "steer": 0.0
        },
        {
            "throttle": 0.4645412199859559,
            "brake": 0.0,
            "steer": 0.0
        },
        {
            "throttle": 0.4587710290109328,
            "brake": 0.0,
            "steer": 0.0
        },
        {
            "throttle": 0.452688335193264,
            "brake": 0.0,
            "steer": 0.0
        },
        {
            "throttle": 0.44630612354053995,
            "brake": 0.0,
            "steer": 0.0
        },
        {
            "throttle": 0.43963801845493444,
            "brake": 0.0,
            "steer": 0.0
        },
        {
            "throttle": 0.43269825464856226,
            "brake": 0.0,
            "steer": 0.0
        },
        {
            "throttle": 0.42550164675598,
            "brake": 0.0,
            "steer": 0.0
        }
    ],
    "parameters": {
        "fog_density": 31.33899142385672,
        "precipitation": 37.26162435291997,
        "precipitation_deposits": 62.29721125176789,
        "wind_intensity": 23.067233824045825,
        "sun_altitude_angle": 81.4138690986424,
        "cloudiness": 5.128104695729652,
        "lead_base_throttle": 0.3123822737805949,
        "lead_behavior_frequency": 0.07354140060017254,
        "lead_throttle_variation": 0.2125353731804177,
        "lead_brake_probability": 0.004333896356879729,
        "lead_brake_intensity": 0.19736703476339706,
        "lead_brake_duration": 8.487958097088615,
        "initial_distance": 34.49102233801178,
        "initial_ego_velocity": 17.51008759026571,
        "initial_lead_velocity": 15.007245886449835
    },
    "config": {
        "num_timesteps": 200,
        "dt": 0.1,
        "seed": 117
    }
}