{
    "weather": {
        "cloudiness": 31.459274554711513,
        "precipitation": 22.460273119164587,
        "precipitation_deposits": 98.32549949350499,
        "wind_intensity": 32.99469219097435,
        "sun_altitude_angle": 33.99101993584813,
        "fog_density": 8.242567393850786,
        "fog_distance": 759.7603332199802,
        "wetness": 11.230136559582293
    },
    "initial_conditions": {
        "ego": {
            "position": {
                "x": 562.7018486719703,
                "y": 20.57,
                "z": 0.294
            },
            "yaw": 0.0,
            "velocity": 12.874436957340716
        },
        "lead": {
            "position": {
                "x": 484.88,
                "y": 20.57,
                "z": 0.294
            },
            "yaw": 0.0,
            "velocity": 17.854150242842927
        }
    },
    "ego": {
        "position": {
            "x": 562.7018486719703,
            "y": 20.57,
            "z": 0.294
        },
        "yaw": 0.0,
        "velocity": 12.874436957340716
    },
    "lead": {
        "position": {
            "x": 484.88,
            "y": 20.57,
            "z": 0.294
        },
        "yaw": 0.0,
        "velocity": 17.854150242842927
    },
    "ado_actions": [
        {
            "throttle": 0.20591468301947263,
            "brake": 0.0,
            "steer": 0.0
        },
        {
            "throttle": 0.20641977560887256,
            "brake": 0.0,
            "steer": 0.0
        },
        {
            "throttle": 0.1857777980479853,
            "brake": 0.03313235409515639,
            "steer": 0.0
        },
        {
            "throttle": 0.16720001824318678,
            "brake": 0.06295147278079714,
            "steer": 0.0
        },
        {
            "throttle": 0.1504800164188681,
            "brake": 0.08978867959787382,
            "steer": 0.0
        },
        {
            "throttle": 0.1354320147769813,
            "brake": 0.11394216573324284,
            "steer": 0.0
        },
        {
            "throttle": 0.12188881329928318,
            "brake": 0.13568030325507496,
            "steer": 0.0
        },
        {
            "throttle": 0.10969993196935486,
            "brake": 0.15524462702472386,
            "steer": 0.0
        },
        {
            "throttle": 0.09872993877241938,
            "brake": 0.17285251841740787,
            "steer": 0.0
        },
        {
            "throttle": 0.08885694489517744,
            "brake": 0.18869962067082346,
            "steer": 0.0
        },
        {
            "throttle": 0.0799712504056597,
            "brake": 0.20296201269889752,
            "steer": 0.0
        },
        {
            "throttle": 0.07197412536509373,
            "brake": 0.21579816552416417,
            "steer": 0.0
        },
        {
            "throttle": 0.06477671282858437,
            "brake": 0.22735070306690414,
            "steer": 0.0
        },
        {
            "throttle": 0.05829904154572593,
            "brake": 0.2377479868553701,
            "steer": 0.0
        },
        {
            "throttle": 0.05246913739115334,
            "brake": 0.2471055422649895,
            "steer": 0.0
        },
        {
            "throttle": 0.04722222365203801,
            "brake": 0.2555273421336469,
            "steer": 0.0
        },
        {
            "throttle": 0.042500001286834205,
            "brake": 0.26310696201543865,
            "steer": 0.0
        },
        {
            "throttle": 0.03825000115815078,
            "brake": 0.2699286199090512,
            "steer": 0.0
        },
        {
            "throttle": 0.03442500104233571,
            "brake": 0.2760681120133025,
            "steer": 0.0
        },
        {
            "throttle": 0.030982500938102137,
            "brake": 0.2815936549071287,
            "steer": 0.0
        },
        {
            "throttle": 0.027884250844291924,
            "brake": 0.28656664351157224,
            "steer": 0.0
        },
        {
            "throttle": 0.02509582575986273,
            "brake": 0.29104233325557144,
            "steer": 0.0
        },
        {
            "throttle": 0.022586243183876458,
            "brake": 0.29507045402517074,
            "steer": 0.0
        },
        {
            "throttle": 0.02032761886548881,
            "brake": 0.29869576271781006,
            "steer": 0.0
        },
        {
            "throttle": 0.01829485697893993,
            "brake": 0.3019585405411855,
            "steer": 0.0
        },
        {
            "throttle": 0.01646537128104594,
            "brake": 0.30489504058222333,
            "steer": 0.0
        },
        {
            "throttle": 0.014818834152941347,
            "brake": 0.30753789061915743,
            "steer": 0.0
        },
        {
            "throttle": 0.013336950737647213,
            "brake": 0.3099164556523981,
            "steer": 0.0
        },
        {
            "throttle": 0.012003255663882492,
            "brake": 0.3120571641823147,
            "steer": 0.0
        },
        {
            "throttle": 0.010802930097494242,
            "brake": 0.3139838018592397,
            "steer": 0.0
        },
        {
            "throttle": 0.009722637087744818,
            "brake": 0.31571777576847215,
            "steer": 0.0
        },
        {
            "throttle": 0.027965682258208325,
            "brake": 0.28414599819162495,
            "steer": 0.0
        },
        {
            "throttle": 0.04484462297371668,
            "brake": 0.25573139837246245,
            "steer": 0.0
        },
        {
            "throttle": 0.06052735907409201,
            "brake": 0.2301582585352162,
            "steer": 0.0
        },
        {
            "throttle": 0.07514809682332826,
            "brake": 0.2071424326816946,
            "steer": 0.0
        },
        {
            "throttle": 0.08881021682780275,
            "brake": 0.18642818941352515,
            "steer": 0.0
        },
        {
            "throttle": 0.10158945352315601,
            "brake": 0.16778537047217265,
            "steer": 0.0
        },
        {
            "throttle": 0.11353735174096122,
            "brake": 0.15100683342495538,
            "steer": 0.0
        },
        {
            "throttle": 0.12468494885895062,
            "brake": 0.13590615008245985,
            "steer": 0.0
        },
        {
            "throttle": 0.13504661654975436,
            "brake": 0.12231553507421386,
            "steer": 0.0
        },
        {
            "throttle": 0.14462398459612416,
            "brake": 0.11008398156679247,
            "steer": 0.0
        },
        {
            "throttle": 0.1534098609650959,
            "brake": 0.09907558341011323,
            "steer": 0.0
        },
        {
            "throttle": 0.16139205755338648,
            "brake": 0.0891680250691019,
            "steer": 0.0
        },
        {
            "throttle": 0.1685570298413182,
            "brake": 0.08025122256219172,
            "steer": 0.0
        },
        {
            "throttle": 0.1748932411140229,
            "brake": 0.07222610030597255,
            "steer": 0.0
        },
        {
            "throttle": 0.18039416779917392,
            "brake": 0.0650034902753753,
            "steer": 0.0
        },
        {
            "throttle": 0.18506087158775927,
            "brake": 0.05850314124783777,
            "steer": 0.0
        },
        {
            "throttle": 0.1889040759992191,
            "brake": 0.052652827123054,
            "steer": 0.0
        },
        {
            "throttle": 0.19194569948005408,
            "brake": 0.0473875444107486,
            "steer": 0.0
        },
        {
            "throttle": 0.1942198134607776,
            "brake": 0.04264878996967374,
            "steer": 0.0
        },
        {
            "throttle": 0.1957730114521422,
            "brake": 0.03838391097270637,
            "steer": 0.0
        },
        {
            "throttle": 0.19666419360745457,
            "brake": 0.034545519875435735,
            "steer": 0.0
        },
        {
            "throttle": 0.19696378956166424,
            "brake": 0.031090967887892163,
            "steer": 0.0
        },
        {
            "throttle": 0.19675246012874176,
            "brake": 0.027981871099102947,
            "steer": 0.0
        },
        {
            "throttle": 0.19611933496859904,
            "brake": 0.025183683989192653,
            "steer": 0.0
        },
        {
            "throttle": 0.1951598580397758,
            "brake": 0.022665315590273388,
            "steer": 0.0
        },
        {
            "throttle": 0.19397332501491998,
            "brake": 0.02039878403124605,
            "steer": 0.0
        },
        {
            "throttle": 0.1926602064153041,
            "brake": 0.018358905628121445,
            "steer": 0.0
        },
        {
            "throttle": 0.1913193566776926,
            "brake": 0.0165230150653093,
            "steer": 0.0
        },
        {
            "throttle": 0.19004521246971548,
            "brake": 0.014870713558778371,
            "steer": 0.0
        },
        {
            "throttle": 0.1889250832027453,
            "brake": 0.013383642202900534,
            "steer": 0.0
        },
        {
            "throttle": 0.18803663285855182,
            "brake": 0.012045277982610481,
            "steer": 0.0
        },
        {
            "throttle": 0.18744564507211833,
            "brake": 0.010840750184349433,
            "steer": 0.0
        },
        {
            "throttle": 0.18720415313794214,
            "brake": 0.00975667516591449,
            "steer": 0.0
        },
        {
            "throttle": 0.1873490035781852,
            "brake": 0.008781007649323042,
            "steer": 0.0
        },
        {
            "throttle": 0.1879009065707321,
            "brake": 0.007902906884390737,
            "steer": 0.0
        },
        {
            "throttle": 0.18886400940609938,
            "brake": 0.007112616195951663,
            "steer": 0.0
        },
        {
            "throttle": 0.1902260108087442,
            "brake": 0.006401354576356497,
            "steer": 0.0
        },
        {
            "throttle": 0.19195881504700352,
            "brake": 0.005761219118720847,
            "steer": 0.0
        },
        {
            "throttle": 0.19401970591327727,
            "brake": 0.005185097206848763,
            "steer": 0.0
        },
        {
            "throttle": 0.19635300252676235,
            "brake": 0.004666587486163887,
            "steer": 0.0
        },
        {
            "throttle": 0.19889214211545334,
            "brake": 0.004199928737547498,
            "steer": 0.0
        },
        {
            "throttle": 0.20156212004709015,
            "brake": 0.0037799358637927486,
            "steer": 0.0
        },
        {
            "throttle": 0.2042822049097382,
            "brake": 0.003401942277413474,
            "steer": 0.0
        },
        {
            "throttle": 0.20696883681831443,
            "brake": 0.0030617480496721266,
            "steer": 0.0
        },
        {
            "throttle": 0.2095386106726263,
            "brake": 0.002755573244704914,
            "steer": 0.0
        },
        {
            "throttle": 0.21191124303545064,
            "brake": 0.002480015920234423,
            "steer": 0.0
        },
        {
            "throttle": 0.2140124217394247,
            "brake": 0.0022320143282109806,
            "steer": 0.0
        },
        {
            "throttle": 0.2157764412525538,
            "brake": 0.0020088128953898825,
            "steer": 0.0
        },
        {
            "throttle": 0.2171485340979291,
            "brake": 0.0018079316058508942,
            "steer": 0.0
        },
        {
            "throttle": 0.2180868189829026,
            "brake": 0.0016271384452658049,
            "steer": 0.0
        },
        {
            "throttle": 0.21856379938933823,
            "brake": 0.0014644246007392244,
            "steer": 0.0
        },
        {
            "throttle": 0.21856736175851804,
            "brake": 0.001317982140665302,
            "steer": 0.0
        },
        {
            "throttle": 0.21810123954221386,
            "brake": 0.0011861839265987718,
            "steer": 0.0
        },
        {
            "throttle": 0.2171849276954339,
            "brake": 0.0010675655339388948,
            "steer": 0.0
        },
        {
            "throttle": 0.2158530510265037,
            "brake": 0.0009608089805450053,
            "steer": 0.0
        },
        {
            "throttle": 0.21415420854815198,
            "brake": 0.0008647280824905048,
            "steer": 0.0
        },
        {
            "throttle": 0.2121493339447782,
            "brake": 0.0007782552742414544,
            "steer": 0.0
        },
        {
            "throttle": 0.20990962886776315,
            "brake": 0.000700429746817309,
            "steer": 0.0
        },
        {
            "throttle": 0.20751414042155258,
            "brake": 0.0006303867721355781,
            "steer": 0.0
        },
        {
            "throttle": 0.20504706640423095,
            "brake": 0.0005673480949220203,
            "steer": 0.0
        },
        {
            "throttle": 0.20259488119761038,
            "brake": 0.0005106132854298183,
            "steer": 0.0
        },
        {
            "throttle": 0.2002433813423794,
            "brake": 0.00045955195688683647,
            "steer": 0.0
        },
        {
            "throttle": 0.1980747525722006,
            "brake": 0.0004135967611981528,
            "steer": 0.0
        },
        {
            "throttle": 0.19616475932242716,
            "brake": 0.00037223708507833753,
            "steer": 0.0
        },
        {
            "throttle": 0.19458015350015936,
            "brake": 0.0003350133765705038,
            "steer": 0.0
        },
        {
            "throttle": 0.193376391747868,
            "brake": 0.0003015120389134534,
            "steer": 0.0
        },
        {
            "throttle": 0.19259573981229752,
            "brake": 0.00027136083502210805,
            "steer": 0.0
        },
        {
            "throttle": 0.19226582930878264,
            "brake": 0.00024422475151989723,
            "steer": 0.0
        },
        {
            "throttle": 0.19239871660629335,
            "brake": 0.00021980227636790752,
            "steer": 0.0
        },
        {
            "throttle": 0.19299047628542898,
            "brake": 0.00019782204873111678,
            "steer": 0.0
        },
        {
            "throttle": 0.19402134323391473,
            "brake": 0.0001780398438580051,
            "steer": 0.0
        },
        {
            "throttle": 0.19545639857394742,
            "brake": 0.0001602358594722046,
            "steer": 0.0
        },
        {
            "throttle": 0.19724677591162407,
            "brake": 0.00014421227352498414,
            "steer": 0.0
        },
        {
            "throttle": 0.1993313465036009,
            "brake": 0.00012979104617248573,
            "steer": 0.0
        },
        {
            "throttle": 0.20163882546519862,
            "brake": 0.00011681194155523717,
            "steer": 0.0
        },
        {
            "throttle": 0.2040902266635703,
            "brake": 0.00010513074739971345,
            "steer": 0.0
        },
        {
            "throttle": 0.20660158194703648,
            "brake": 9.461767265974211e-05,
            "steer": 0.0
        },
        {
            "throttle": 0.2090868312695,
            "brake": 8.51559053937679e-05,
            "steer": 0.0
        },
        {
            "throttle": 0.21146078438950003,
            "brake": 7.66403148543911e-05,
            "steer": 0.0
        },
        {
            "throttle": 0.21364205235903316,
            "brake": 6.8976283368952e-05,
            "steer": 0.0
        },
        {
            "throttle": 0.21555584805243724,
            "brake": 6.20786550320568e-05,
            "steer": 0.0
        },
        {
            "throttle": 0.2171365594847755,
            "brake": 5.587078952885112e-05,
            "steer": 0.0
        },
        {
            "throttle": 0.19542290353629796,
            "brake": 0.03318263780573236,
            "steer": 0.0
        },
        {
            "throttle": 0.17588061318266818,
            "brake": 0.06299672812031551,
            "steer": 0.0
        },
        {
            "throttle": 0.15829255186440136,
            "brake": 0.08982940940344035,
            "steer": 0.0
        },
        {
            "throttle": 0.14246329667796123,
            "brake": 0.1139788225582527,
            "steer": 0.0
        },
        {
            "throttle": 0.1282169670101651,
            "brake": 0.13571329439758384,
            "steer": 0.0
        },
        {
            "throttle": 0.1153952703091486,
            "brake": 0.15527431905298186,
            "steer": 0.0
        },
        {
            "throttle": 0.10385574327823374,
            "brake": 0.17287924124284007,
            "steer": 0.0
        },
        {
            "throttle": 0.09347016895041037,
            "brake": 0.18872367121371245,
            "steer": 0.0
        },
        {
            "throttle": 0.08412315205536933,
            "brake": 0.20298365818749758,
            "steer": 0.0
        },
        {
            "throttle": 0.0757108368498324,
            "brake": 0.21581764646390422,
            "steer": 0.0
        },
        {
            "throttle": 0.06813975316484916,
            "brake": 0.2273682359126702,
            "steer": 0.0
        },
        {
            "throttle": 0.061325777848364245,
            "brake": 0.23776376641655955,
            "steer": 0.0
        },
        {
            "throttle": 0.05519320006352782,
            "brake": 0.24711974387006,
            "steer": 0.0
        },
        {
            "throttle": 0.04967388005717504,
            "brake": 0.2555401235782104,
            "steer": 0.0
        },
        {
            "throttle": 0.04470649205145753,
            "brake": 0.2631184653155457,
            "steer": 0.0
        },
        {
            "throttle": 0.04023584284631178,
            "brake": 0.26993897287914753,
            "steer": 0.0
        },
        {
            "throttle": 0.0362122585616806,
            "brake": 0.2760774296863892,
            "steer": 0.0
        },
        {
            "throttle": 0.03259103270551254,
            "brake": 0.2816020408129067,
            "steer": 0.0
        },
        {
            "throttle": 0.02933192943496129,
            "brake": 0.28657419082677243,
            "steer": 0.0
        },
        {
            "throttle": 0.02639873649146516,
            "brake": 0.29104912583925163,
            "steer": 0.0
        },
        {
            "throttle": 0.023758862842318644,
            "brake": 0.2950765673504829,
            "steer": 0.0
        },
        {
            "throttle": 0.02138297655808678,
            "brake": 0.298701264710591,
            "steer": 0.0
        },
        {
            "throttle": 0.0192446789022781,
            "brake": 0.30196349233468833,
            "steer": 0.0
        },
        {
            "throttle": 0.01732021101205029,
            "brake": 0.30489949719637593,
            "steer": 0.0
        },
        {
            "throttle": 0.015588189910845261,
            "brake": 0.30754190157189476,
            "steer": 0.0
        },
        {
            "throttle": 0.014029370919760736,
            "brake": 0.30992006550986173,
            "steer": 0.0
        },
        {
            "throttle": 0.012626433827784663,
            "brake": 0.312060413054032,
            "steer": 0.0
        },
        {
            "throttle": 0.011363790445006197,
            "brake": 0.31398672584378523,
            "steer": 0.0
        },
        {
            "throttle": 0.010227411400505577,
            "brake": 0.31572040735456314,
            "steer": 0.0
        },
        {
            "throttle": 0.03237833785700392,
            "brake": 0.2841483666191068,
            "steer": 0.0
        },
        {
            "throttle": 0.05243670067340992,
            "brake": 0.2557335299571961,
            "steer": 0.0
        },
        {
            "throttle": 0.07051877145954837,
            "brake": 0.2301601769614765,
            "steer": 0.0
        },
        {
            "throttle": 0.08672817897445961,
            "brake": 0.20714415926532886,
            "steer": 0.0
        },
        {
            "throttle": 0.10116040501451071,
            "brake": 0.18642974333879597,
            "steer": 0.0
        },
        {
            "throttle": 0.11390675453271566,
            "brake": 0.16778676900491638,
            "steer": 0.0
        },
        {
            "throttle": 0.12505774408713816,
            "brake": 0.15100809210442473,
            "steer": 0.0
        },
        {
            "throttle": 0.13470586465477885,
            "brake": 0.13590728289398227,
            "steer": 0.0
        },
        {
            "throttle": 0.1429476891031349,
            "brake": 0.12231655460458404,
            "steer": 0.0
        },
        {
            "throttle": 0.14988531061398208,
            "brake": 0.11008489914412564,
            "steer": 0.0
        },
        {
            "throttle": 0.15562711548020583,
            "brake": 0.09907640922971309,
            "steer": 0.0
        },
        {
            "throttle": 0.1602879112926446,
            "brake": 0.08916876830674178,
            "steer": 0.0
        },
        {
            "throttle": 0.16398844893623005,
            "brake": 0.08025189147606761,
            "steer": 0.0
        },
        {
            "throttle": 0.16685439337207542,
            "brake": 0.07222670232846085,
            "steer": 0.0
        },
        {
            "throttle": 0.16901481327777268,
            "brake": 0.06500403209561477,
            "steer": 0.0
        },
        {
            "throttle": 0.1706002726902165,
            "brake": 0.058503628886053295,
            "steer": 0.0
        },
        {
            "throttle": 0.17174061835583923,
            "brake": 0.05265326599744797,
            "steer": 0.0
        },
        {
            "throttle": 0.1725625641444672,
            "brake": 0.04738793939770317,
            "steer": 0.0
        },
        {
            "throttle": 0.1731871783308335,
            "brake": 0.04264914545793286,
            "steer": 0.0
        },
        {
            "throttle": 0.17372738061109774,
            "brake": 0.03838423091213957,
            "steer": 0.0
        },
        {
            "throttle": 0.17428555333868456,
            "brake": 0.03454580782092562,
            "steer": 0.0
        },
        {
            "throttle": 0.17495136569352787,
            "brake": 0.031091227038833057,
            "steer": 0.0
        },
        {
            "throttle": 0.17579990051928246,
            "brake": 0.027982104334949753,
            "steer": 0.0
        },
        {
            "throttle": 0.17689016166451046,
            "brake": 0.025183893901454778,
            "steer": 0.0
        },
        {
            "throttle": 0.17826402523872717,
            "brake": 0.0226655045113093,
            "steer": 0.0
        },
        {
            "throttle": 0.1799456817234859,
            "brake": 0.02039895406017837,
            "steer": 0.0
        },
        {
            "throttle": 0.18194159791519132,
            "brake": 0.018359058654160532,
            "steer": 0.0
        },
        {
            "throttle": 0.18424100882552197,
            "brake": 0.01652315278874448,
            "steer": 0.0
        },
        {
            "throttle": 0.18681693056439286,
            "brake": 0.014870837509870031,
            "steer": 0.0
        },
        {
            "throttle": 0.18962766652616486,
            "brake": 0.013383753758883028,
            "steer": 0.0
        },
        {
            "throttle": 0.19261876152651536,
            "brake": 0.012045378382994725,
            "steer": 0.0
        },
        {
            "throttle": 0.19572534249467413,
            "brake": 0.010840840544695253,
            "steer": 0.0
        },
        {
            "throttle": 0.1988747704579802,
            "brake": 0.009756756490225728,
            "steer": 0.0
        },
        {
            "throttle": 0.20198951733325696,
            "brake": 0.008781080841203156,
            "steer": 0.0
        },
        {
            "throttle": 0.20499017284236173,
            "brake": 0.00790297275708284,
            "steer": 0.0
        },
        {
            "throttle": 0.20779848197403947,
            "brake": 0.007112675481374556,
            "steer": 0.0
        },
        {
            "throttle": 0.21034031198450615,
            "brake": 0.006401407933237101,
            "steer": 0.0
        },
        {
            "throttle": 0.21254845000993755,
            "brake": 0.005761267139913391,
            "steer": 0.0
        },
        {
            "throttle": 0.2143651378799151,
            "brake": 0.005185140425922052,
            "steer": 0.0
        },
        {
            "throttle": 0.2157442594788389,
            "brake": 0.004666626383329847,
            "steer": 0.0
        },
        {
            "throttle": 0.21665310769819668,
            "brake": 0.004199963744996863,
            "steer": 0.0
        },
        {
            "throttle": 0.2170736722515231,
            "brake": 0.0037799673704971767,
            "steer": 0.0
        },
        {
            "throttle": 0.21700340589423348,
            "brake": 0.0034019706334474592,
            "steer": 0.0
        },
        {
            "throttle": 0.2164554443406776,
            "brake": 0.0030617735701027136,
            "steer": 0.0
        },
        {
            "throttle": 0.21545827378849008,
            "brake": 0.0027555962130924425,
            "steer": 0.0
        },
        {
            "throttle": 0.21405485880374575,
            "brake": 0.002480036591783198,
            "steer": 0.0
        },
        {
            "throttle": 0.21230126174011937,
            "brake": 0.0022320329326048784,
            "steer": 0.0
        },
        {
            "throttle": 0.2102648022264821,
            "brake": 0.0020088296393443905,
            "steer": 0.0
        },
        {
            "throttle": 0.20802182096196734,
            "brake": 0.0018079466754099514,
            "steer": 0.0
        },
        {
            "throttle": 0.20565512556441012,
            "brake": 0.0016271520078689563,
            "steer": 0.0
        },
        {
            "throttle": 0.2032512070617902,
            "brake": 0.0014644368070820606,
            "steer": 0.0
        },
        {
            "throttle": 0.20089732342313005,
            "brake": 0.0013179931263738547,
            "steer": 0.0
        },
        {
            "throttle": 0.19867855102596138,
            "brake": 0.0011861938137364691,
            "steer": 0.0
        },
        {
            "throttle": 0.19667490599646892,
            "brake": 0.0010675744323628224,
            "steer": 0.0
        },
        {
            "throttle": 0.19495863489932455,
            "brake": 0.0009608169891265402,
            "steer": 0.0
        },
        {
            "throttle": 0.19359176838094747,
            "brake": 0.0008647352902138862,
            "steer": 0.0
        },
        {
            "throttle": 0.1926240222838107,
            "brake": 0.0007782617611924975,
            "steer": 0.0
        },
        {
            "throttle": 0.19209111876231677,
            "brake": 0.0007004355850732478,
            "steer": 0.0
        }
    ],
    "parameters": {
        "fog_density": 8.242567393850786,
        "precipitation": 22.460273119164587,
        "precipitation_deposits": 98.32549949350499,
        "wind_intensity": 32.99469219097435,
        "sun_altitude_angle": 33.99101993584813,
        "cloudiness": 31.459274554711513,
        "lead_base_throttle": 0.2059146830194726,
        "lead_behavior_frequency": 0.29552093618980824,
        "lead_throttle_variation": 0.027359069090648537,
        "lead_brake_probability": 0.14941578971757302,
        "lead_brake_intensity": 0.3313235409515639,
        "lead_brake_duration": 29.747232438704565,
        "initial_distance": 77.82184867197032,
        "initial_ego_velocity": 12.874436957340716,
        "initial_lead_velocity": 17.854150242842927
    },
    "config": {
        "num_timesteps": 200,
        "dt": 0.1,
        "seed": 237
    }
}