{
    "weather": {
        "cloudiness": 58.05916314301795,
        "precipitation": 92.34538424010137,
        "precipitation_deposits": 97.98888990537769,
        "wind_intensity": 16.867078318537803,
        "sun_altitude_angle": 48.40282920562133,
        "fog_density": 2.434746832994188,
        "fog_distance": 922.0477863399792,
        "wetness": 46.172692120050684
    },
    "initial_conditions": {
        "ego": {
            "position": {
                "x": 562.2837727972825,
                "y": 20.57,
                "z": 0.294
            },
            "yaw": 0.0,
            "velocity": 9.30162950036365
        },
        "lead": {
            "position": {
                "x": 484.88,
                "y": 20.57,
                "z": 0.294
            },
            "yaw": 0.0,
            "velocity": 14.072768259112962
        }
    },
    "ego": {
        "position": {
            "x": 562.2837727972825,
            "y": 20.57,
            "z": 0.294
        },
        "yaw": 0.0,
        "velocity": 9.30162950036365
    },
    "lead": {
        "position": {
            "x": 484.88,
            "y": 20.57,
            "z": 0.294
        },
        "yaw": 0.0,
        "velocity": 14.072768259112962
    },
    "ado_actions": [
        {
            "throttle": 0.569272563144835,
            "brake": 0.0,
            "steer": 0.0
        },
        {
            "throttle": 0.5749622020364393,
            "brake": 0.0,
            "steer": 0.0
        },
        {
            "throttle": 0.5856242944068608,
            "brake": 0.0,
            "steer": 0.0
        },
        {
            "throttle": 0.6004690131991762,
            "brake": 0.0,
            "steer": 0.0
        },
        {
            "throttle": 0.6186487759609403,
            "brake": 0.0,
            "steer": 0.0
        },
        {
            "throttle": 0.6392752046500174,
            "brake": 0.0,
            "steer": 0.0
        },
        {
            "throttle": 0.6614376602791333,
            "brake": 0.0,
            "steer": 0.0
        },
        {
            "throttle": 0.6842228183439565,
            "brake": 0.0,
            "steer": 0.0
        },
        {
            "throttle": 0.7067347289866105,
            "brake": 0.0,
            "steer": 0.0
        },
        {
            "throttle": 0.7281147978272157,
            "brake": 0.0,
            "steer": 0.0
        },
        {
            "throttle": 0.7475611296104974,
            "brake": 0.0,
            "steer": 0.0
        },
        {
            "throttle": 0.7643466971468535,
            "brake": 0.0,
            "steer": 0.0
        },
        {
            "throttle": 0.7778358319893595,
            "brake": 0.0,
            "steer": 0.0
        },
        {
            "throttle": 0.787498580032569,
            "brake": 0.0,
            "steer": 0.0
        },
        {
            "throttle": 0.7929225235615089,
            "brake": 0.0,
            "steer": 0.0
        },
        {
            "throttle": 0.7938217397303008,
            "brake": 0.0,
            "steer": 0.0
        },
        {
            "throttle": 0.7900426422533755,
            "brake": 0.0,
            "steer": 0.0
        },
        {
            "throttle": 0.7815665362719295,
            "brake": 0.0,
            "steer": 0.0
        },
        {
            "throttle": 0.7685088037692456,
            "brake": 0.0,
            "steer": 0.0
        },
        {
            "throttle": 0.7511147262934293,
            "brake": 0.0,
            "steer": 0.0
        },
        {
            "throttle": 0.7297520407942875,
            "brake": 0.0,
            "steer": 0.0
        },
        {
            "throttle": 0.7049004107887485,
            "brake": 0.0,
            "steer": 0.0
        },
        {
            "throttle": 0.6771380765998506,
            "brake": 0.0,
            "steer": 0.0
        },
        {
            "throttle": 0.647126022956945,
            "brake": 0.0,
            "steer": 0.0
        },
        {
            "throttle": 0.6155900678691814,
            "brake": 0.0,
            "steer": 0.0
        },
        {
            "throttle": 0.5833013316915046,
            "brake": 0.0,
            "steer": 0.0
        },
        {
            "throttle": 0.5510555882687963,
            "brake": 0.0,
            "steer": 0.0
        },
        {
            "throttle": 0.4959500294419167,
            "brake": 0.04229834943115456,
            "steer": 0.0
        },
        {
            "throttle": 0.446355026497725,
            "brake": 0.08036686391919368,
            "steer": 0.0
        },
        {
            "throttle": 0.4017195238479525,
            "brake": 0.11462852695842887,
            "steer": 0.0
        },
        {
            "throttle": 0.36154757146315725,
            "brake": 0.14546402369374056,
            "steer": 0.0
        },
        {
            "throttle": 0.3253928143168415,
            "brake": 0.1732159707555211,
            "steer": 0.0
        },
        {
            "throttle": 0.29285353288515736,
            "brake": 0.19819272311112354,
            "steer": 0.0
        },
        {
            "throttle": 0.26356817959664164,
            "brake": 0.22067180023116575,
            "steer": 0.0
        },
        {
            "throttle": 0.23721136163697748,
            "brake": 0.24090296963920374,
            "steer": 0.0
        },
        {
            "throttle": 0.21349022547327973,
            "brake": 0.25911102210643794,
            "steer": 0.0
        },
        {
            "throttle": 0.19214120292595177,
            "brake": 0.2754982693269487,
            "steer": 0.0
        },
        {
            "throttle": 0.1729270826333566,
            "brake": 0.2902467918254084,
            "steer": 0.0
        },
        {
            "throttle": 0.15563437437002095,
            "brake": 0.30352046207402217,
            "steer": 0.0
        },
        {
            "throttle": 0.14007093693301886,
            "brake": 0.3154667652977745,
            "steer": 0.0
        },
        {
            "throttle": 0.12606384323971698,
            "brake": 0.32621843819915164,
            "steer": 0.0
        },
        {
            "throttle": 0.11345745891574528,
            "brake": 0.33589494381039103,
            "steer": 0.0
        },
        {
            "throttle": 0.10211171302417076,
            "brake": 0.3446037988605065,
            "steer": 0.0
        },
        {
            "throttle": 0.09190054172175369,
            "brake": 0.3524417684056104,
            "steer": 0.0
        },
        {
            "throttle": 0.08271048754957833,
            "brake": 0.35949594099620397,
            "steer": 0.0
        },
        {
            "throttle": 0.07443943879462049,
            "brake": 0.36584469632773814,
            "steer": 0.0
        },
        {
            "throttle": 0.06699549491515844,
            "brake": 0.3715585761261189,
            "steer": 0.0
        },
        {
            "throttle": 0.0602959454236426,
            "brake": 0.3767010679446616,
            "steer": 0.0
        },
        {
            "throttle": 0.05426635088127834,
            "brake": 0.38132931058135006,
            "steer": 0.0
        },
        {
            "throttle": 0.14106225695673646,
            "brake": 0.3431963795232151,
            "steer": 0.0
        },
        {
            "throttle": 0.21835831612608084,
            "brake": 0.30887674157089356,
            "steer": 0.0
        },
        {
            "throttle": 0.28620639962207595,
            "brake": 0.2779890674138042,
            "steer": 0.0
        },
        {
            "throttle": 0.3446979570284874,
            "brake": 0.2501901606724238,
            "steer": 0.0
        },
        {
            "throttle": 0.393982289124418,
            "brake": 0.2251711446051814,
            "steer": 0.0
        },
        {
            "throttle": 0.4342812481186868,
            "brake": 0.20265403014466327,
            "steer": 0.0
        },
        {
            "throttle": 0.46590018886862283,
            "brake": 0.18238862713019693,
            "steer": 0.0
        },
        {
            "throttle": 0.48923507168853336,
            "brake": 0.16414976441717724,
            "steer": 0.0
        },
        {
            "throttle": 0.5047756990188514,
            "brake": 0.14773478797545953,
            "steer": 0.0
        },
        {
            "throttle": 0.5131051522135519,
            "brake": 0.13296130917791357,
            "steer": 0.0
        },
        {
            "throttle": 0.5148955786369871,
            "brake": 0.11966517826012221,
            "steer": 0.0
        },
        {
            "throttle": 0.5109005607879773,
            "brake": 0.10769866043411,
            "steer": 0.0
        },
        {
            "throttle": 0.45981050470917956,
            "brake": 0.13922714382185356,
            "steer": 0.0
        },
        {
            "throttle": 0.4138294542382616,
            "brake": 0.16760277887082278,
            "steer": 0.0
        },
        {
            "throttle": 0.3724465088144355,
            "brake": 0.19314085041489507,
            "steer": 0.0
        },
        {
            "throttle": 0.33520185793299195,
            "brake": 0.21612511480456012,
            "steer": 0.0
        },
        {
            "throttle": 0.30168167213969277,
            "brake": 0.23681095275525868,
            "steer": 0.0
        },
        {
            "throttle": 0.2715135049257235,
            "brake": 0.25542820691088736,
            "steer": 0.0
        },
        {
            "throttle": 0.24436215443315118,
            "brake": 0.27218373565095316,
            "steer": 0.0
        },
        {
            "throttle": 0.21992593898983606,
            "brake": 0.2872637115170124,
            "steer": 0.0
        },
        {
            "throttle": 0.19793334509085245,
            "brake": 0.30083568979646574,
            "steer": 0.0
        },
        {
            "throttle": 0.1781400105817672,
            "brake": 0.3130504702479737,
            "steer": 0.0
        },
        {
            "throttle": 0.1603260095235905,
            "brake": 0.32404377265433093,
            "steer": 0.0
        },
        {
            "throttle": 0.14429340857123146,
            "brake": 0.3339377448200524,
            "steer": 0.0
        },
        {
            "throttle": 0.12986406771410833,
            "brake": 0.3428423197692017,
            "steer": 0.0
        },
        {
            "throttle": 0.1168776609426975,
            "brake": 0.3508564372234361,
            "steer": 0.0
        },
        {
            "throttle": 0.10518989484842775,
            "brake": 0.35806914293224706,
            "steer": 0.0
        },
        {
            "throttle": 0.09467090536358498,
            "brake": 0.36456057807017694,
            "steer": 0.0
        },
        {
            "throttle": 0.08520381482722648,
            "brake": 0.37040286969431385,
            "steer": 0.0
        },
        {
            "throttle": 0.07668343334450384,
            "brake": 0.375660932156037,
            "steer": 0.0
        },
        {
            "throttle": 0.06901509001005346,
            "brake": 0.3803931883715879,
            "steer": 0.0
        },
        {
            "throttle": 0.06211358100904812,
            "brake": 0.3846522189655837,
            "steer": 0.0
        },
        {
            "throttle": 0.055902222908143305,
            "brake": 0.3884853465001799,
            "steer": 0.0
        },
        {
            "throttle": 0.050312000617328975,
            "brake": 0.3919351612813165,
            "steer": 0.0
        },
        {
            "throttle": 0.12865436375234668,
            "brake": 0.35274164515318485,
            "steer": 0.0
        },
        {
            "throttle": 0.20259561876037105,
            "brake": 0.3174674806378664,
            "steer": 0.0
        },
        {
            "throttle": 0.2717974834004513,
            "brake": 0.28572073257407976,
            "steer": 0.0
        },
        {
            "throttle": 0.335886344805106,
            "brake": 0.2571486593166718,
            "steer": 0.0
        },
        {
            "throttle": 0.3944788722279965,
            "brake": 0.23143379338500464,
            "steer": 0.0
        },
        {
            "throttle": 0.447206294982306,
            "brake": 0.20829041404650417,
            "steer": 0.0
        },
        {
            "throttle": 0.4937368718991933,
            "brake": 0.18746137264185375,
            "steer": 0.0
        },
        {
            "throttle": 0.5337961098689243,
            "brake": 0.1687152353776684,
            "steer": 0.0
        },
        {
            "throttle": 0.5671843333744876,
            "brake": 0.15184371183990156,
            "steer": 0.0
        },
        {
            "throttle": 0.5937912630745716,
            "brake": 0.1366593406559114,
            "steer": 0.0
        },
        {
            "throttle": 0.613607327834121,
            "brake": 0.12299340659032026,
            "steer": 0.0
        },
        {
            "throttle": 0.6267315092793894,
            "brake": 0.11069406593128824,
            "steer": 0.0
        },
        {
            "throttle": 0.6333755989092571,
            "brake": 0.09962465933815941,
            "steer": 0.0
        },
        {
            "throttle": 0.6338648328124115,
            "brake": 0.08966219340434346,
            "steer": 0.0
        },
        {
            "throttle": 0.6286349558122376,
            "brake": 0.08069597406390912,
            "steer": 0.0
        },
        {
            "throttle": 0.6182258530430121,
            "brake": 0.07262637665751821,
            "steer": 0.0
        },
        {
            "throttle": 0.6032719702311659,
            "brake": 0.0653637389917664,
            "steer": 0.0
        },
        {
            "throttle": 0.584489822076327,
            "brake": 0.058827365092589755,
            "steer": 0.0
        },
        {
            "throttle": 0.5626629590019306,
            "brake": 0.05294462858333078,
            "steer": 0.0
        },
        {
            "throttle": 0.538624824272622,
            "brake": 0.0476501657249977,
            "steer": 0.0
        },
        {
            "throttle": 0.5132399843976072,
            "brake": 0.042885149152497935,
            "steer": 0.0
        },
        {
            "throttle": 0.48738425448406986,
            "brake": 0.03859663423724814,
            "steer": 0.0
        },
        {
            "throttle": 0.46192426572308504,
            "brake": 0.03473697081352333,
            "steer": 0.0
        },
        {
            "throttle": 0.4376970337809963,
            "brake": 0.031263273732171,
            "steer": 0.0
        },
        {
            "throttle": 0.4154900841973454,
            "brake": 0.0281369463589539,
            "steer": 0.0
        },
        {
            "throttle": 0.39602267399633534,
            "brake": 0.02532325172305851,
            "steer": 0.0
        },
        {
            "throttle": 0.3799286180160921,
            "brake": 0.02279092655075266,
            "steer": 0.0
        },
        {
            "throttle": 0.36774118472467576,
            "brake": 0.020511833895677394,
            "steer": 0.0
        },
        {
            "throttle": 0.3598804706417816,
            "brake": 0.018460650506109656,
            "steer": 0.0
        },
        {
            "throttle": 0.35664359635080467,
            "brake": 0.016614585455498692,
            "steer": 0.0
        },
        {
            "throttle": 0.35819799217291354,
            "brake": 0.014953126909948824,
            "steer": 0.0
        },
        {
            "throttle": 0.3645779598189245,
            "brake": 0.013457814218953942,
            "steer": 0.0
        },
        {
            "throttle": 0.37568460985184216,
            "brake": 0.012112032797058548,
            "steer": 0.0
        },
        {
            "throttle": 0.39128918582324684,
            "brake": 0.010900829517352693,
            "steer": 0.0
        },
        {
            "throttle": 0.4110396967966282,
            "brake": 0.009810746565617423,
            "steer": 0.0
        },
        {
            "throttle": 0.4344706929524844,
            "brake": 0.00882967190905568,
            "steer": 0.0
        },
        {
            "throttle": 0.4610159363412171,
            "brake": 0.007946704718150113,
            "steer": 0.0
        },
        {
            "throttle": 0.4900236427548244,
            "brake": 0.0071520342463351014,
            "steer": 0.0
        },
        {
            "throttle": 0.520773903101996,
            "brake": 0.0064368308217015915,
            "steer": 0.0
        },
        {
            "throttle": 0.552497835347433,
            "brake": 0.005793147739531433,
            "steer": 0.0
        },
        {
            "throttle": 0.5843979725023235,
            "brake": 0.00521383296557829,
            "steer": 0.0
        },
        {
            "throttle": 0.6156693595107189,
            "brake": 0.004692449669020461,
            "steer": 0.0
        },
        {
            "throttle": 0.6455208130115211,
            "brake": 0.004223204702118415,
            "steer": 0.0
        },
        {
            "throttle": 0.580968731710369,
            "brake": 0.04609923366306114,
            "steer": 0.0
        },
        {
            "throttle": 0.5228718585393322,
            "brake": 0.08378765972790958,
            "steer": 0.0
        },
        {
            "throttle": 0.47058467268539894,
            "brake": 0.11770724318627318,
            "steer": 0.0
        },
        {
            "throttle": 0.42352620541685904,
            "brake": 0.14823486829880042,
            "steer": 0.0
        },
        {
            "throttle": 0.38117358487517317,
            "brake": 0.17570973090007494,
            "steer": 0.0
        },
        {
            "throttle": 0.34305622638765587,
            "brake": 0.20043710724122202,
            "steer": 0.0
        },
        {
            "throttle": 0.3087506037488903,
            "brake": 0.2226917459482544,
            "steer": 0.0
        },
        {
            "throttle": 0.2778755433740013,
            "brake": 0.24272092078458352,
            "steer": 0.0
        },
        {
            "throttle": 0.2500879890366012,
            "brake": 0.2607471781372797,
            "steer": 0.0
        },
        {
            "throttle": 0.22507919013294106,
            "brake": 0.2769708097547063,
            "steer": 0.0
        },
        {
            "throttle": 0.20257127111964696,
            "brake": 0.2915720782103902,
            "steer": 0.0
        },
        {
            "throttle": 0.18231414400768226,
            "brake": 0.30471321982050575,
            "steer": 0.0
        },
        {
            "throttle": 0.16408272960691403,
            "brake": 0.3165402472696098,
            "steer": 0.0
        },
        {
            "throttle": 0.14767445664622264,
            "brake": 0.32718457197380335,
            "steer": 0.0
        },
        {
            "throttle": 0.13290701098160038,
            "brake": 0.3367644642075776,
            "steer": 0.0
        },
        {
            "throttle": 0.11961630988344034,
            "brake": 0.34538636721797444,
            "steer": 0.0
        },
        {
            "throttle": 0.1076546788950963,
            "brake": 0.3531460799273316,
            "steer": 0.0
        },
        {
            "throttle": 0.09688921100558667,
            "brake": 0.360129821365753,
            "steer": 0.0
        },
        {
            "throttle": 0.08720028990502801,
            "brake": 0.3664151886603323,
            "steer": 0.0
        },
        {
            "throttle": 0.07848026091452522,
            "brake": 0.37207201922545363,
            "steer": 0.0
        },
        {
            "throttle": 0.0706322348230727,
            "brake": 0.37716316673406286,
            "steer": 0.0
        },
        {
            "throttle": 0.06356901134076542,
            "brake": 0.3817451994918111,
            "steer": 0.0
        },
        {
            "throttle": 0.08093902773360973,
            "brake": 0.34357067954263004,
            "steer": 0.0
        },
        {
            "throttle": 0.09896506258561316,
            "brake": 0.309213611588367,
            "steer": 0.0
        },
        {
            "throttle": 0.1183840795215256,
            "brake": 0.2782922504295303,
            "steer": 0.0
        },
        {
            "throttle": 0.10654567156937304,
            "brake": 0.29276137481773185,
            "steer": 0.0
        },
        {
            "throttle": 0.09589110441243574,
            "brake": 0.30578358676711326,
            "steer": 0.0
        },
        {
            "throttle": 0.08630199397119218,
            "brake": 0.3175035775215565,
            "steer": 0.0
        },
        {
            "throttle": 0.07767179457407296,
            "brake": 0.32805156920055545,
            "steer": 0.0
        },
        {
            "throttle": 0.06990461511666567,
            "brake": 0.3375447617116545,
            "steer": 0.0
        },
        {
            "throttle": 0.0629141536049991,
            "brake": 0.3460886349716436,
            "steer": 0.0
        },
        {
            "throttle": 0.0566227382444992,
            "brake": 0.3537781209056338,
            "steer": 0.0
        },
        {
            "throttle": 0.05096046442004928,
            "brake": 0.360698658246225,
            "steer": 0.0
        },
        {
            "throttle": 0.04586441797804435,
            "brake": 0.36692714185275704,
            "steer": 0.0
        },
        {
            "throttle": 0.041277976180239914,
            "brake": 0.3725327770986359,
            "steer": 0.0
        },
        {
            "throttle": 0.037150178562215926,
            "brake": 0.3775778488199269,
            "steer": 0.0
        },
        {
            "throttle": 0.03343516070599433,
            "brake": 0.3821184133690888,
            "steer": 0.0
        },
        {
            "throttle": 0.030091644635394897,
            "brake": 0.3862049214633345,
            "steer": 0.0
        },
        {
            "throttle": 0.027082480171855407,
            "brake": 0.38988277874815563,
            "steer": 0.0
        },
        {
            "throttle": 0.024374232154669866,
            "brake": 0.39319285030449463,
            "steer": 0.0
        },
        {
            "throttle": 0.02193680893920288,
            "brake": 0.39617191470519975,
            "steer": 0.0
        },
        {
            "throttle": 0.019743128045282592,
            "brake": 0.39885307266583436,
            "steer": 0.0
        },
        {
            "throttle": 0.017768815240754333,
            "brake": 0.40126611483040553,
            "steer": 0.0
        },
        {
            "throttle": 0.0159919337166789,
            "brake": 0.40343785277851957,
            "steer": 0.0
        },
        {
            "throttle": 0.01439274034501101,
            "brake": 0.4053924169318222,
            "steer": 0.0
        },
        {
            "throttle": 0.01295346631050991,
            "brake": 0.40715152466979454,
            "steer": 0.0
        },
        {
            "throttle": 0.01165811967945892,
            "brake": 0.4087347216339697,
            "steer": 0.0
        },
        {
            "throttle": 0.010492307711513028,
            "brake": 0.41015959890172726,
            "steer": 0.0
        },
        {
            "throttle": 0.009443076940361726,
            "brake": 0.41144198844270913,
            "steer": 0.0
        },
        {
            "throttle": 0.008498769246325553,
            "brake": 0.4125961390295928,
            "steer": 0.0
        },
        {
            "throttle": 0.007648892321692999,
            "brake": 0.4136348745577881,
            "steer": 0.0
        },
        {
            "throttle": 0.006884003089523699,
            "brake": 0.41456973653316387,
            "steer": 0.0
        },
        {
            "throttle": 0.0061956027805713295,
            "brake": 0.4154111123110021,
            "steer": 0.0
        },
        {
            "throttle": 0.005576042502514197,
            "brake": 0.41616835051105644,
            "steer": 0.0
        },
        {
            "throttle": 0.005018438252262778,
            "brake": 0.41684986489110537,
            "steer": 0.0
        },
        {
            "throttle": 0.0045165944270364996,
            "brake": 0.41746322783314943,
            "steer": 0.0
        },
        {
            "throttle": 0.00406493498433285,
            "brake": 0.4180152544809891,
            "steer": 0.0
        },
        {
            "throttle": 0.0036584414858995646,
            "brake": 0.41851207846404476,
            "steer": 0.0
        },
        {
            "throttle": 0.003292597337309608,
            "brake": 0.4189592200487949,
            "steer": 0.0
        },
        {
            "throttle": 0.0029633376035786475,
            "brake": 0.41936164747507,
            "steer": 0.0
        },
        {
            "throttle": 0.002667003843220783,
            "brake": 0.41972383215871756,
            "steer": 0.0
        },
        {
            "throttle": 0.0024003034588987045,
            "brake": 0.42004979837400036,
            "steer": 0.0
        },
        {
            "throttle": 0.002160273113008834,
            "brake": 0.4203431679677549,
            "steer": 0.0
        },
        {
            "throttle": 0.0019442458017079505,
            "brake": 0.42060720060213397,
            "steer": 0.0
        },
        {
            "throttle": 0.0017498212215371555,
            "brake": 0.42084482997307515,
            "steer": 0.0
        },
        {
            "throttle": 0.00157483909938344,
            "brake": 0.42105869640692223,
            "steer": 0.0
        },
        {
            "throttle": 0.001417355189445096,
            "brake": 0.42125117619738456,
            "steer": 0.0
        },
        {
            "throttle": 0.0012756196705005864,
            "brake": 0.42142440800880065,
            "steer": 0.0
        },
        {
            "throttle": 0.001148057703450528,
            "brake": 0.4215803166390752,
            "steer": 0.0
        },
        {
            "throttle": 0.06121119021948547,
            "brake": 0.37942228497516767,
            "steer": 0.0
        },
        {
            "throttle": 0.12089122159168972,
            "brake": 0.3414800564776509,
            "steer": 0.0
        },
        {
            "throttle": 0.17999528696428566,
            "brake": 0.3073320508298858,
            "steer": 0.0
        },
        {
            "throttle": 0.2382093393054913,
            "brake": 0.27659884574689725,
            "steer": 0.0
        },
        {
            "throttle": 0.2951199493617638,
            "brake": 0.24893896117220754,
            "steer": 0.0
        }
    ],
    "parameters": {
        "fog_density": 2.434746832994188,
        "precipitation": 92.34538424010137,
        "precipitation_deposits": 97.98888990537769,
        "wind_intensity": 16.867078318537803,
        "sun_altitude_angle": 48.40282920562133,
        "cloudiness": 58.05916314301795,
        "lead_base_throttle": 0.569272563144835,
        "lead_behavior_frequency": 0.2571615040771415,
        "lead_throttle_variation": 0.35366352959927055,
        "lead_brake_probability": 0.26207092063890464,
        "lead_brake_intensity": 0.4229834943115456,
        "lead_brake_duration": 22.569827169090104,
        "initial_distance": 77.40377279728246,
        "initial_ego_velocity": 9.30162950036365,
        "initial_lead_velocity": 14.072768259112962
    },
    "config": {
        "num_timesteps": 200,
        "dt": 0.1,
        "seed": 78
    }
}