{
    "weather": {
        "cloudiness": 47.69101671026333,
        "precipitation": 77.70428779888942,
        "precipitation_deposits": 81.64823378999832,
        "wind_intensity": 0.5310564169450471,
        "sun_altitude_angle": -20.742599739453574,
        "fog_density": 61.91424600354809,
        "fog_distance": 126.96952269300898,
        "wetness": 38.85214389944471
    },
    "initial_conditions": {
        "ego": {
            "position": {
                "x": 514.94993494323,
                "y": 20.57,
                "z": 0.294
            },
            "yaw": 0.0,
            "velocity": 6.953982858699014
        },
        "lead": {
            "position": {
                "x": 484.88,
                "y": 20.57,
                "z": 0.294
            },
            "yaw": 0.0,
            "velocity": 21.9338615060923
        }
    },
    "ego": {
        "position": {
            "x": 514.94993494323,
            "y": 20.57,
            "z": 0.294
        },
        "yaw": 0.0,
        "velocity": 6.953982858699014
    },
    "lead": {
        "position": {
            "x": 484.88,
            "y": 20.57,
            "z": 0.294
        },
        "yaw": 0.0,
        "velocity": 21.9338615060923
    },
    "ado_actions": [
        {
            "throttle": 0.5556304131009144,
            "brake": 0.0,
            "steer": 0.0
        },
        {
            "throttle": 0.5600558138510826,
            "brake": 0.0,
            "steer": 0.0
        },
        {
            "throttle": 0.5683190625286059,
            "brake": 0.0,
            "steer": 0.0
        },
        {
            "throttle": 0.5797511006627231,
            "brake": 0.0,
            "steer": 0.0
        },
        {
            "throttle": 0.5936188626257888,
            "brake": 0.0,
            "steer": 0.0
        },
        {
            "throttle": 0.6091453140685171,
            "brake": 0.0,
            "steer": 0.0
        },
        {
            "throttle": 0.6255313294204455,
            "brake": 0.0,
            "steer": 0.0
        },
        {
            "throttle": 0.641978651739065,
            "brake": 0.0,
            "steer": 0.0
        },
        {
            "throttle": 0.6577131467072257,
            "brake": 0.0,
            "steer": 0.0
        },
        {
            "throttle": 0.6720075565242697,
            "brake": 0.0,
            "steer": 0.0
        },
        {
            "throttle": 0.6842029790500788,
            "brake": 0.0,
            "steer": 0.0
        },
        {
            "throttle": 0.6937283422359959,
            "brake": 0.0,
            "steer": 0.0
        },
        {
            "throttle": 0.7001172121807205,
            "brake": 0.0,
            "steer": 0.0
        },
        {
            "throttle": 0.7030213628736312,
            "brake": 0.0,
            "steer": 0.0
        },
        {
            "throttle": 0.7022206439185569,
            "brake": 0.0,
            "steer": 0.0
        },
        {
            "throttle": 0.6976288057448046,
            "brake": 0.0,
            "steer": 0.0
        },
        {
            "throttle": 0.6892950759929084,
            "brake": 0.0,
            "steer": 0.0
        },
        {
            "throttle": 0.6774014215322839,
            "brake": 0.0,
            "steer": 0.0
        },
        {
            "throttle": 0.662255573331105,
            "brake": 0.0,
            "steer": 0.0
        },
        {
            "throttle": 0.6442800314926096,
            "brake": 0.0,
            "steer": 0.0
        },
        {
            "throttle": 0.6239974006199294,
            "brake": 0.0,
            "steer": 0.0
        },
        {
            "throttle": 0.6020125269327274,
            "brake": 0.0,
            "steer": 0.0
        },
        {
            "throttle": 0.5789920142711615,
            "brake": 0.0,
            "steer": 0.0
        },
        {
            "throttle": 0.5556417828320592,
            "brake": 0.0,
            "steer": 0.0
        },
        {
            "throttle": 0.5326833993565167,
            "brake": 0.0,
            "steer": 0.0
        },
        {
            "throttle": 0.5108299484097769,
            "brake": 0.0,
            "steer": 0.0
        },
        {
            "throttle": 0.49076223002966574,
            "brake": 0.0,
            "steer": 0.0
        },
        {
            "throttle": 0.47310605886335083,
            "brake": 0.0,
            "steer": 0.0
        },
        {
            "throttle": 0.4584114043025451,
            "brake": 0.0,
            "steer": 0.0
        },
        {
            "throttle": 0.44713405123672856,
            "brake": 0.0,
            "steer": 0.0
        },
        {
            "throttle": 0.4396203788398825,
            "brake": 0.0,
            "steer": 0.0
        },
        {
            "throttle": 0.4360957529866485,
            "brake": 0.0,
            "steer": 0.0
        },
        {
            "throttle": 0.4366569097991212,
            "brake": 0.0,
            "steer": 0.0
        },
        {
            "throttle": 0.44126857732894764,
            "brake": 0.0,
            "steer": 0.0
        },
        {
            "throttle": 0.44976444376035923,
            "brake": 0.0,
            "steer": 0.0
        },
        {
            "throttle": 0.46185243832337286,
            "brake": 0.0,
            "steer": 0.0
        },
        {
            "throttle": 0.47712414999476754,
            "brake": 0.0,
            "steer": 0.0
        },
        {
            "throttle": 0.49506807366387434,
            "brake": 0.0,
            "steer": 0.0
        },
        {
            "throttle": 0.5150862481896359,
            "brake": 0.0,
            "steer": 0.0
        },
        {
            "throttle": 0.5365137397809225,
            "brake": 0.0,
            "steer": 0.0
        },
        {
            "throttle": 0.5586403310325145,
            "brake": 0.0,
            "steer": 0.0
        },
        {
            "throttle": 0.5807337037967137,
            "brake": 0.0,
            "steer": 0.0
        },
        {
            "throttle": 0.6020633552309054,
            "brake": 0.0,
            "steer": 0.0
        },
        {
            "throttle": 0.6219244624361768,
            "brake": 0.0,
            "steer": 0.0
        },
        {
            "throttle": 0.6396609128764104,
            "brake": 0.0,
            "steer": 0.0
        },
        {
            "throttle": 0.6546867451839564,
            "brake": 0.0,
            "steer": 0.0
        },
        {
            "throttle": 0.6665052971195617,
            "brake": 0.0,
            "steer": 0.0
        },
        {
            "throttle": 0.6747254326522386,
            "brake": 0.0,
            "steer": 0.0
        },
        {
            "throttle": 0.679074315895831,
            "brake": 0.0,
            "steer": 0.0
        },
        {
            "throttle": 0.6794063128455655,
            "brake": 0.0,
            "steer": 0.0
        },
        {
            "throttle": 0.6757077287908746,
            "brake": 0.0,
            "steer": 0.0
        },
        {
            "throttle": 0.6680972257813985,
            "brake": 0.0,
            "steer": 0.0
        },
        {
            "throttle": 0.6568219061189039,
            "brake": 0.0,
            "steer": 0.0
        },
        {
            "throttle": 0.6422491898994713,
            "brake": 0.0,
            "steer": 0.0
        },
        {
            "throttle": 0.6248547524833056,
            "brake": 0.0,
            "steer": 0.0
        },
        {
            "throttle": 0.605206916907058,
            "brake": 0.0,
            "steer": 0.0
        },
        {
            "throttle": 0.5839480124443055,
            "brake": 0.0,
            "steer": 0.0
        },
        {
            "throttle": 0.5617733099567315,
            "brake": 0.0,
            "steer": 0.0
        },
        {
            "throttle": 0.5394082241034692,
            "brake": 0.0,
            "steer": 0.0
        },
        {
            "throttle": 0.5175845292866085,
            "brake": 0.0,
            "steer": 0.0
        },
        {
            "throttle": 0.49701636854565867,
            "brake": 0.0,
            "steer": 0.0
        },
        {
            "throttle": 0.47837684141343123,
            "brake": 0.0,
            "steer": 0.0
        },
        {
            "throttle": 0.46227593778770376,
            "brake": 0.0,
            "steer": 0.0
        },
        {
            "throttle": 0.44924054077853554,
            "brake": 0.0,
            "steer": 0.0
        },
        {
            "throttle": 0.4396971537052491,
            "brake": 0.0,
            "steer": 0.0
        },
        {
            "throttle": 0.43395791716122595,
            "brake": 0.0,
            "steer": 0.0
        },
        {
            "throttle": 0.4322103742636552,
            "brake": 0.0,
            "steer": 0.0
        },
        {
            "throttle": 0.4345113193917704,
            "brake": 0.0,
            "steer": 0.0
        },
        {
            "throttle": 0.4407849319153956,
            "brake": 0.0,
            "steer": 0.0
        },
        {
            "throttle": 0.4508252560103229,
            "brake": 0.0,
            "steer": 0.0
        },
        {
            "throttle": 0.4643029452490731,
            "brake": 0.0,
            "steer": 0.0
        },
        {
            "throttle": 0.4807760509114776,
            "brake": 0.0,
            "steer": 0.0
        },
        {
            "throttle": 0.4997045004584935,
            "brake": 0.0,
            "steer": 0.0
        },
        {
            "throttle": 0.5204677916966066,
            "brake": 0.0,
            "steer": 0.0
        },
        {
            "throttle": 0.5423853227913482,
            "brake": 0.0,
            "steer": 0.0
        },
        {
            "throttle": 0.5647386919196475,
            "brake": 0.0,
            "steer": 0.0
        },
        {
            "throttle": 0.586795235812155,
            "brake": 0.0,
            "steer": 0.0
        },
        {
            "throttle": 0.6078320358431568,
            "brake": 0.0,
            "steer": 0.0
        },
        {
            "throttle": 0.6271596050074726,
            "brake": 0.0,
            "steer": 0.0
        },
        {
            "throttle": 0.6441444795827508,
            "brake": 0.0,
            "steer": 0.0
        },
        {
            "throttle": 0.6582299751691738,
            "brake": 0.0,
            "steer": 0.0
        },
        {
            "throttle": 0.6689544269505863,
            "brake": 0.0,
            "steer": 0.0
        },
        {
            "throttle": 0.6759663164604209,
            "brake": 0.0,
            "steer": 0.0
        },
        {
            "throttle": 0.6790357891611382,
            "brake": 0.0,
            "steer": 0.0
        },
        {
            "throttle": 0.6780621854140345,
            "brake": 0.0,
            "steer": 0.0
        },
        {
            "throttle": 0.673077338051789,
            "brake": 0.0,
            "steer": 0.0
        },
        {
            "throttle": 0.6642445284883179,
            "brake": 0.0,
            "steer": 0.0
        },
        {
            "throttle": 0.6518531355637112,
            "brake": 0.0,
            "steer": 0.0
        },
        {
            "throttle": 0.6363091524645438,
            "brake": 0.0,
            "steer": 0.0
        },
        {
            "throttle": 0.618121882456671,
            "brake": 0.0,
            "steer": 0.0
        },
        {
            "throttle": 0.597887249382049,
            "brake": 0.0,
            "steer": 0.0
        },
        {
            "throttle": 0.5762682698000982,
            "brake": 0.0,
            "steer": 0.0
        },
        {
            "throttle": 0.5539733266627083,
            "brake": 0.0,
            "steer": 0.0
        },
        {
            "throttle": 0.5317329564524482,
            "brake": 0.0,
            "steer": 0.0
        },
        {
            "throttle": 0.510275910425253,
            "brake": 0.0,
            "steer": 0.0
        },
        {
            "throttle": 0.4903052743856184,
            "brake": 0.0,
            "steer": 0.0
        },
        {
            "throttle": 0.47247542950470145,
            "brake": 0.0,
            "steer": 0.0
        },
        {
            "throttle": 0.45737060913253585,
            "brake": 0.0,
            "steer": 0.0
        },
        {
            "throttle": 0.4454857542579005,
            "brake": 0.0,
            "steer": 0.0
        },
        {
            "throttle": 0.4372102949469358,
            "brake": 0.0,
            "steer": 0.0
        },
        {
            "throttle": 0.4328153892125719,
            "brake": 0.0,
            "steer": 0.0
        },
        {
            "throttle": 0.4324450374730103,
            "brake": 0.0,
            "steer": 0.0
        },
        {
            "throttle": 0.43611136376133486,
            "brake": 0.0,
            "steer": 0.0
        },
        {
            "throttle": 0.44369421831125927,
            "brake": 0.0,
            "steer": 0.0
        },
        {
            "throttle": 0.45494511454013814,
            "brake": 0.0,
            "steer": 0.0
        },
        {
            "throttle": 0.46949537141979625,
            "brake": 0.0,
            "steer": 0.0
        },
        {
            "throttle": 0.48686819442255497,
            "brake": 0.0,
            "steer": 0.0
        },
        {
            "throttle": 0.5064942991696391,
            "brake": 0.0,
            "steer": 0.0
        },
        {
            "throttle": 0.5277305658210075,
            "brake": 0.0,
            "steer": 0.0
        },
        {
            "throttle": 0.5498811129335797,
            "brake": 0.0,
            "steer": 0.0
        },
        {
            "throttle": 0.5722201002331089,
            "brake": 0.0,
            "steer": 0.0
        },
        {
            "throttle": 0.5940155130915146,
            "brake": 0.0,
            "steer": 0.0
        },
        {
            "throttle": 0.6145531493327594,
            "brake": 0.0,
            "steer": 0.0
        },
        {
            "throttle": 0.6331600223604633,
            "brake": 0.0,
            "steer": 0.0
        },
        {
            "throttle": 0.6492264137266323,
            "brake": 0.0,
            "steer": 0.0
        },
        {
            "throttle": 0.6622258525164137,
            "brake": 0.0,
            "steer": 0.0
        },
        {
            "throttle": 0.671732366858501,
            "brake": 0.0,
            "steer": 0.0
        },
        {
            "throttle": 0.6774344422585822,
            "brake": 0.0,
            "steer": 0.0
        },
        {
            "throttle": 0.609690998032724,
            "brake": 0.0142935035446326,
            "steer": 0.0
        },
        {
            "throttle": 0.5487218982294516,
            "brake": 0.02715765673480194,
            "steer": 0.0
        },
        {
            "throttle": 0.49384970840650644,
            "brake": 0.03873539460595435,
            "steer": 0.0
        },
        {
            "throttle": 0.4444647375658558,
            "brake": 0.04915535868999152,
            "steer": 0.0
        },
        {
            "throttle": 0.40001826380927025,
            "brake": 0.05853332636562497,
            "steer": 0.0
        },
        {
            "throttle": 0.3600164374283432,
            "brake": 0.06697349727369507,
            "steer": 0.0
        },
        {
            "throttle": 0.3240147936855089,
            "brake": 0.07456965109095817,
            "steer": 0.0
        },
        {
            "throttle": 0.291613314316958,
            "brake": 0.08140618952649496,
            "steer": 0.0
        },
        {
            "throttle": 0.2624519828852622,
            "brake": 0.08755907411847808,
            "steer": 0.0
        },
        {
            "throttle": 0.27072620565550654,
            "brake": 0.07880316670663028,
            "steer": 0.0
        },
        {
            "throttle": 0.2762391606134083,
            "brake": 0.07092285003596725,
            "steer": 0.0
        },
        {
            "throttle": 0.2800199064528618,
            "brake": 0.06383056503237053,
            "steer": 0.0
        },
        {
            "throttle": 0.2830332925004513,
            "brake": 0.057447508529133474,
            "steer": 0.0
        },
        {
            "throttle": 0.28616043935476393,
            "brake": 0.05170275767622013,
            "steer": 0.0
        },
        {
            "throttle": 0.2901807534629513,
            "brake": 0.04653248190859812,
            "steer": 0.0
        },
        {
            "throttle": 0.2957561859567096,
            "brake": 0.04187923371773831,
            "steer": 0.0
        },
        {
            "throttle": 0.30341836043225046,
            "brake": 0.03769131034596448,
            "steer": 0.0
        },
        {
            "throttle": 0.3135590894611111,
            "brake": 0.03392217931136803,
            "steer": 0.0
        },
        {
            "throttle": 0.32642467877714987,
            "brake": 0.03052996138023123,
            "steer": 0.0
        },
        {
            "throttle": 0.3421142851506809,
            "brake": 0.027476965242208107,
            "steer": 0.0
        },
        {
            "throttle": 0.360582453191469,
            "brake": 0.024729268717987297,
            "steer": 0.0
        },
        {
            "throttle": 0.38164581224281013,
            "brake": 0.022256341846188566,
            "steer": 0.0
        },
        {
            "throttle": 0.4049937717810229,
            "brake": 0.02003070766156971,
            "steer": 0.0
        },
        {
            "throttle": 0.43020291692455653,
            "brake": 0.01802763689541274,
            "steer": 0.0
        },
        {
            "throttle": 0.4567546792033105,
            "brake": 0.016224873205871466,
            "steer": 0.0
        },
        {
            "throttle": 0.4840557457274772,
            "brake": 0.01460238588528432,
            "steer": 0.0
        },
        {
            "throttle": 0.511460575944596,
            "brake": 0.013142147296755889,
            "steer": 0.0
        },
        {
            "throttle": 0.5382953223152823,
            "brake": 0.0118279325670803,
            "steer": 0.0
        },
        {
            "throttle": 0.5638824018175308,
            "brake": 0.010645139310372271,
            "steer": 0.0
        },
        {
            "throttle": 0.5875649407880418,
            "brake": 0.009580625379335045,
            "steer": 0.0
        },
        {
            "throttle": 0.6087303169921241,
            "brake": 0.00862256284140154,
            "steer": 0.0
        },
        {
            "throttle": 0.6268320499053046,
            "brake": 0.007760306557261387,
            "steer": 0.0
        },
        {
            "throttle": 0.6414093420744147,
            "brake": 0.006984275901535248,
            "steer": 0.0
        },
        {
            "throttle": 0.652103649378542,
            "brake": 0.0062858483113817235,
            "steer": 0.0
        },
        {
            "throttle": 0.6586717535523549,
            "brake": 0.005657263480243552,
            "steer": 0.0
        },
        {
            "throttle": 0.6609949233149964,
            "brake": 0.005091537132219197,
            "steer": 0.0
        },
        {
            "throttle": 0.6590838771466713,
            "brake": 0.004582383418997277,
            "steer": 0.0
        },
        {
            "throttle": 0.6530793970041557,
            "brake": 0.004124145077097549,
            "steer": 0.0
        },
        {
            "throttle": 0.6432485835864076,
            "brake": 0.003711730569387794,
            "steer": 0.0
        },
        {
            "throttle": 0.6299768855081764,
            "brake": 0.0033405575124490147,
            "steer": 0.0
        },
        {
            "throttle": 0.6137561722563193,
            "brake": 0.003006501761204113,
            "steer": 0.0
        },
        {
            "throttle": 0.5951692495734928,
            "brake": 0.002705851585083702,
            "steer": 0.0
        },
        {
            "throttle": 0.5748713317078077,
            "brake": 0.0024352664265753316,
            "steer": 0.0
        },
        {
            "throttle": 0.553569083981844,
            "brake": 0.0021917397839177986,
            "steer": 0.0
        },
        {
            "throttle": 0.5319979281177655,
            "brake": 0.0019725658055260186,
            "steer": 0.0
        },
        {
            "throttle": 0.5108983591119731,
            "brake": 0.0017753092249734167,
            "steer": 0.0
        },
        {
            "throttle": 0.4909920543297417,
            "brake": 0.001597778302476075,
            "steer": 0.0
        },
        {
            "throttle": 0.47295856183734836,
            "brake": 0.0014380004722284675,
            "steer": 0.0
        },
        {
            "throttle": 0.4574133355932137,
            "brake": 0.0012942004250056209,
            "steer": 0.0
        },
        {
            "throttle": 0.4448878406114905,
            "brake": 0.001164780382505059,
            "steer": 0.0
        },
        {
            "throttle": 0.43581238304565534,
            "brake": 0.0010483023442545531,
            "steer": 0.0
        },
        {
            "throttle": 0.4305022305459223,
            "brake": 0.0009434721098290979,
            "steer": 0.0
        },
        {
            "throttle": 0.42914748015517246,
            "brake": 0.0008491248988461881,
            "steer": 0.0
        },
        {
            "throttle": 0.43180700796244764,
            "brake": 0.0007642124089615693,
            "steer": 0.0
        },
        {
            "throttle": 0.4384067007601529,
            "brake": 0.0006877911680654124,
            "steer": 0.0
        },
        {
            "throttle": 0.44874202943856756,
            "brake": 0.0006190120512588711,
            "steer": 0.0
        },
        {
            "throttle": 0.462484881401217,
            "brake": 0.000557110846132984,
            "steer": 0.0
        },
        {
            "throttle": 0.47919442956296665,
            "brake": 0.0005013997615196856,
            "steer": 0.0
        },
        {
            "throttle": 0.4983316830760141,
            "brake": 0.000451259785367717,
            "steer": 0.0
        },
        {
            "throttle": 0.5192772441547368,
            "brake": 0.0004061338068309453,
            "steer": 0.0
        },
        {
            "throttle": 0.5413516901947083,
            "brake": 0.00036552042614785077,
            "steer": 0.0
        },
        {
            "throttle": 0.5638379142492527,
            "brake": 0.0003289683835330657,
            "steer": 0.0
        },
        {
            "throttle": 0.5860046926598842,
            "brake": 0.00029607154517975916,
            "steer": 0.0
        },
        {
            "throttle": 0.6071307083397433,
            "brake": 0.00026646439066178325,
            "steer": 0.0
        },
        {
            "throttle": 0.6265282432012034,
            "brake": 0.00023981795159560494,
            "steer": 0.0
        },
        {
            "throttle": 0.6435657639911292,
            "brake": 0.00021583615643604444,
            "steer": 0.0
        },
        {
            "throttle": 0.6576886619960407,
            "brake": 0.00019425254079244,
            "steer": 0.0
        },
        {
            "throttle": 0.6684374675178242,
            "brake": 0.000174827286713196,
            "steer": 0.0
        },
        {
            "throttle": 0.675462942717548,
            "brake": 0.0001573445580418764,
            "steer": 0.0
        },
        {
            "throttle": 0.6785375586699756,
            "brake": 0.00014161010223768877,
            "steer": 0.0
        },
        {
            "throttle": 0.6775629809136482,
            "brake": 0.00012744909201391989,
            "steer": 0.0
        },
        {
            "throttle": 0.6725733185393042,
            "brake": 0.0001147041828125279,
            "steer": 0.0
        },
        {
            "throttle": 0.6637340306478108,
            "brake": 0.00010323376453127511,
            "steer": 0.0
        },
        {
            "throttle": 0.6513365262794713,
            "brake": 9.291038807814761e-05,
            "steer": 0.0
        },
        {
            "throttle": 0.63578863500725,
            "brake": 8.361934927033286e-05,
            "steer": 0.0
        },
        {
            "throttle": 0.6176012606735213,
            "brake": 7.525741434329957e-05,
            "steer": 0.0
        },
        {
            "throttle": 0.5558411346061691,
            "brake": 0.01436123521754157,
            "steer": 0.0
        },
        {
            "throttle": 0.5002570211455523,
            "brake": 0.027218615240420012,
            "steer": 0.0
        },
        {
            "throttle": 0.45023131903099706,
            "brake": 0.03879025726101061,
            "steer": 0.0
        },
        {
            "throttle": 0.40520818712789736,
            "brake": 0.04920473507954215,
            "steer": 0.0
        },
        {
            "throttle": 0.3646873684151076,
            "brake": 0.05857776511622054,
            "steer": 0.0
        },
        {
            "throttle": 0.3282186315735969,
            "brake": 0.06701349214923108,
            "steer": 0.0
        }
    ],
    "parameters": {
        "fog_density": 61.91424600354809,
        "precipitation": 77.70428779888942,
        "precipitation_deposits": 81.64823378999832,
        "wind_intensity": 0.5310564169450471,
        "sun_altitude_angle": -20.742599739453574,
        "cloudiness": 47.69101671026333,
        "lead_base_throttle": 0.5556304131009143,
        "lead_behavior_frequency": 0.2884972454747902,
        "lead_throttle_variation": 0.24547769025561636,
        "lead_brake_probability": 0.10327638305392917,
        "lead_brake_intensity": 0.142935035446326,
        "lead_brake_duration": 9.595743409380528,
        "initial_distance": 30.069934943230034,
        "initial_ego_velocity": 6.953982858699014,
        "initial_lead_velocity": 21.9338615060923
    },
    "config": {
        "num_timesteps": 200,
        "dt": 0.1,
        "seed": 123
    }
}