{
    "weather": {
        "cloudiness": 20.052877807989987,
        "precipitation": 54.582741511531296,
        "precipitation_deposits": 8.295022286601505,
        "wind_intensity": 40.20943298804405,
        "sun_altitude_angle": 40.90571824914339,
        "fog_density": 72.02751711250413,
        "fog_distance": 90.63478156844347,
        "wetness": 27.291370755765648
    },
    "initial_conditions": {
        "ego": {
            "position": {
                "x": 527.7637928703831,
                "y": 20.57,
                "z": 0.294
            },
            "yaw": 0.0,
            "velocity": 17.632558828763145
        },
        "lead": {
            "position": {
                "x": 484.88,
                "y": 20.57,
                "z": 0.294
            },
            "yaw": 0.0,
            "velocity": 12.258894529345847
        }
    },
    "ego": {
        "position": {
            "x": 527.7637928703831,
            "y": 20.57,
            "z": 0.294
        },
        "yaw": 0.0,
        "velocity": 17.632558828763145
    },
    "lead": {
        "position": {
            "x": 484.88,
            "y": 20.57,
            "z": 0.294
        },
        "yaw": 0.0,
        "velocity": 12.258894529345847
    },
    "ado_actions": [
        {
            "throttle": 0.3082575308573503,
            "brake": 0.0,
            "steer": 0.0
        },
        {
            "throttle": 0.30951691778339746,
            "brake": 0.0,
            "steer": 0.0
        },
        {
            "throttle": 0.3119080500712966,
            "brake": 0.0,
            "steer": 0.0
        },
        {
            "throttle": 0.315314349744208,
            "brake": 0.0,
            "steer": 0.0
        },
        {
            "throttle": 0.3196292006558514,
            "brake": 0.0,
            "steer": 0.0
        },
        {
            "throttle": 0.3247549592025798,
            "brake": 0.0,
            "steer": 0.0
        },
        {
            "throttle": 0.3306020662481141,
            "brake": 0.0,
            "steer": 0.0
        },
        {
            "throttle": 0.33708825012725924,
            "brake": 0.0,
            "steer": 0.0
        },
        {
            "throttle": 0.344137811605223,
            "brake": 0.0,
            "steer": 0.0
        },
        {
            "throttle": 0.3516809825784428,
            "brake": 0.0,
            "steer": 0.0
        },
        {
            "throttle": 0.3596533511212121,
            "brake": 0.0,
            "steer": 0.0
        },
        {
            "throttle": 0.3679953462189711,
            "brake": 0.0,
            "steer": 0.0
        },
        {
            "throttle": 0.3766517761920787,
            "brake": 0.0,
            "steer": 0.0
        },
        {
            "throttle": 0.38557141541057305,
            "brake": 0.0,
            "steer": 0.0
        },
        {
            "throttle": 0.3947066344374954,
            "brake": 0.0,
            "steer": 0.0
        },
        {
            "throttle": 0.4040130692217515,
            "brake": 0.0,
            "steer": 0.0
        },
        {
            "throttle": 0.41344932539660084,
            "brake": 0.0,
            "steer": 0.0
        },
        {
            "throttle": 0.4229767141315122,
            "brake": 0.0,
            "steer": 0.0
        },
        {
            "throttle": 0.43255901633767385,
            "brake": 0.0,
            "steer": 0.0
        },
        {
            "throttle": 0.4421622723447914,
            "brake": 0.0,
            "steer": 0.0
        },
        {
            "throttle": 0.45175459445248844,
            "brake": 0.0,
            "steer": 0.0
        },
        {
            "throttle": 0.4613060000168014,
            "brake": 0.0,
            "steer": 0.0
        },
        {
            "throttle": 0.4707882629637884,
            "brake": 0.0,
            "steer": 0.0
        },
        {
            "throttle": 0.48017478183072737,
            "brake": 0.0,
            "steer": 0.0
        },
        {
            "throttle": 0.48944046262305607,
            "brake": 0.0,
            "steer": 0.0
        },
        {
            "throttle": 0.49856161494420415,
            "brake": 0.0,
            "steer": 0.0
        },
        {
            "throttle": 0.5075158600076443,
            "brake": 0.0,
            "steer": 0.0
        },
        {
            "throttle": 0.5162820492775344,
            "brake": 0.0,
            "steer": 0.0
        },
        {
            "throttle": 0.5248401926077529,
            "brake": 0.0,
            "steer": 0.0
        },
        {
            "throttle": 0.5331713948603072,
            "brake": 0.0,
            "steer": 0.0
        },
        {
            "throttle": 0.5412578000842468,
            "brake": 0.0,
            "steer": 0.0
        },
        {
            "throttle": 0.5490825424264497,
            "brake": 0.0,
            "steer": 0.0
        },
        {
            "throttle": 0.5566297030269554,
            "brake": 0.0,
            "steer": 0.0
        },
        {
            "throttle": 0.5638842722248,
            "brake": 0.0,
            "steer": 0.0
        },
        {
            "throttle": 0.5708321164663581,
            "brake": 0.0,
            "steer": 0.0
        },
        {
            "throttle": 0.5774599493677491,
            "brake": 0.0,
            "steer": 0.0
        },
        {
            "throttle": 0.5837553064365671,
            "brake": 0.0,
            "steer": 0.0
        },
        {
            "throttle": 0.5897065230066321,
            "brake": 0.0,
            "steer": 0.0
        },
        {
            "throttle": 0.5953027149831642,
            "brake": 0.0,
            "steer": 0.0
        },
        {
            "throttle": 0.6005337620352269,
            "brake": 0.0,
            "steer": 0.0
        },
        {
            "throttle": 0.6053902929078918,
            "brake": 0.0,
            "steer": 0.0
        },
        {
            "throttle": 0.6098636725587447,
            "brake": 0.0,
            "steer": 0.0
        },
        {
            "throttle": 0.6139459908524023,
            "brake": 0.0,
            "steer": 0.0
        },
        {
            "throttle": 0.6176300525729814,
            "brake": 0.0,
            "steer": 0.0
        },
        {
            "throttle": 0.6209093685382113,
            "brake": 0.0,
            "steer": 0.0
        },
        {
            "throttle": 0.6237781476203724,
            "brake": 0.0,
            "steer": 0.0
        },
        {
            "throttle": 0.6262312894987014,
            "brake": 0.0,
            "steer": 0.0
        },
        {
            "throttle": 0.62826437798553,
            "brake": 0.0,
            "steer": 0.0
        },
        {
            "throttle": 0.6298736747843995,
            "brake": 0.0,
            "steer": 0.0
        },
        {
            "throttle": 0.6310561135528905,
            "brake": 0.0,
            "steer": 0.0
        },
        {
            "throttle": 0.6318092941560621,
            "brake": 0.0,
            "steer": 0.0
        },
        {
            "throttle": 0.6321314770083529,
            "brake": 0.0,
            "steer": 0.0
        },
        {
            "throttle": 0.6320215774126672,
            "brake": 0.0,
            "steer": 0.0
        },
        {
            "throttle": 0.6314791598152661,
            "brake": 0.0,
            "steer": 0.0
        },
        {
            "throttle": 0.6305044319041019,
            "brake": 0.0,
            "steer": 0.0
        },
        {
            "throttle": 0.6290982384864562,
            "brake": 0.0,
            "steer": 0.0
        },
        {
            "throttle": 0.6272620550892564,
            "brake": 0.0,
            "steer": 0.0
        },
        {
            "throttle": 0.6249979812323061,
            "brake": 0.0,
            "steer": 0.0
        },
        {
            "throttle": 0.6223087333309529,
            "brake": 0.0,
            "steer": 0.0
        },
        {
            "throttle": 0.6191976371904727,
            "brake": 0.0,
            "steer": 0.0
        },
        {
            "throttle": 0.6156686200597352,
            "brake": 0.0,
            "steer": 0.0
        },
        {
            "throttle": 0.6117262022165681,
            "brake": 0.0,
            "steer": 0.0
        },
        {
            "throttle": 0.6073754880617045,
            "brake": 0.0,
            "steer": 0.0
        },
        {
            "throttle": 0.6026221567023113,
            "brake": 0.0,
            "steer": 0.0
        },
        {
            "throttle": 0.5974724520098913,
            "brake": 0.0,
            "steer": 0.0
        },
        {
            "throttle": 0.5919331721408562,
            "brake": 0.0,
            "steer": 0.0
        },
        {
            "throttle": 0.5860116585113081,
            "brake": 0.0,
            "steer": 0.0
        },
        {
            "throttle": 0.5797157842205709,
            "brake": 0.0,
            "steer": 0.0
        },
        {
            "throttle": 0.5730539419207913,
            "brake": 0.0,
            "steer": 0.0
        },
        {
            "throttle": 0.5660350311325133,
            "brake": 0.0,
            "steer": 0.0
        },
        {
            "throttle": 0.5586684450085313,
            "brake": 0.0,
            "steer": 0.0
        },
        {
            "throttle": 0.5509640565505525,
            "brake": 0.0,
            "steer": 0.0
        },
        {
            "throttle": 0.5429322042852798,
            "brake": 0.0,
            "steer": 0.0
        },
        {
            "throttle": 0.5345836774084592,
            "brake": 0.0,
            "steer": 0.0
        },
        {
            "throttle": 0.525929700407236,
            "brake": 0.0,
            "steer": 0.0
        },
        {
            "throttle": 0.5169819171728444,
            "brake": 0.0,
            "steer": 0.0
        },
        {
            "throttle": 0.507752374617224,
            "brake": 0.0,
            "steer": 0.0
        },
        {
            "throttle": 0.4982535058086101,
            "brake": 0.0,
            "steer": 0.0
        },
        {
            "throttle": 0.4884981126425126,
            "brake": 0.0,
            "steer": 0.0
        },
        {
            "throttle": 0.4784993480657596,
            "brake": 0.0,
            "steer": 0.0
        },
        {
            "throttle": 0.4682706978724661,
            "brake": 0.0,
            "steer": 0.0
        },
        {
            "throttle": 0.45782596209188126,
            "brake": 0.0,
            "steer": 0.0
        },
        {
            "throttle": 0.4471792359890873,
            "brake": 0.0,
            "steer": 0.0
        },
        {
            "throttle": 0.43634489070046617,
            "brake": 0.0,
            "steer": 0.0
        },
        {
            "throttle": 0.42533755352671965,
            "brake": 0.0,
            "steer": 0.0
        },
        {
            "throttle": 0.4141720879070332,
            "brake": 0.0,
            "steer": 0.0
        },
        {
            "throttle": 0.4028635730987098,
            "brake": 0.0,
            "steer": 0.0
        },
        {
            "throttle": 0.3914272835872734,
            "brake": 0.0,
            "steer": 0.0
        },
        {
            "throttle": 0.3798786682526536,
            "brake": 0.0,
            "steer": 0.0
        },
        {
            "throttle": 0.3682333293176166,
            "brake": 0.0,
            "steer": 0.0
        },
        {
            "throttle": 0.35650700110510136,
            "brake": 0.0,
            "steer": 0.0
        },
        {
            "throttle": 0.3447155286315601,
            "brake": 0.0,
            "steer": 0.0
        },
        {
            "throttle": 0.3328748460637847,
            "brake": 0.0,
            "steer": 0.0
        },
        {
            "throttle": 0.2995873614574062,
            "brake": 0.06419705102508692,
            "steer": 0.0
        },
        {
            "throttle": 0.2696286253116656,
            "brake": 0.12197439694766515,
            "steer": 0.0
        },
        {
            "throttle": 0.24266576278049903,
            "brake": 0.17397400827798556,
            "steer": 0.0
        },
        {
            "throttle": 0.21839918650244913,
            "brake": 0.22077365847527392,
            "steer": 0.0
        },
        {
            "throttle": 0.19655926785220423,
            "brake": 0.26289334365283346,
            "steer": 0.0
        },
        {
            "throttle": 0.17690334106698383,
            "brake": 0.30080106031263704,
            "steer": 0.0
        },
        {
            "throttle": 0.15921300696028545,
            "brake": 0.33491800530646026,
            "steer": 0.0
        },
        {
            "throttle": 0.1432917062642569,
            "brake": 0.36562325580090116,
            "steer": 0.0
        },
        {
            "throttle": 0.12896253563783122,
            "brake": 0.393257981245898,
            "steer": 0.0
        },
        {
            "throttle": 0.11606628207404811,
            "brake": 0.41812923414639513,
            "steer": 0.0
        },
        {
            "throttle": 0.1044596538666433,
            "brake": 0.4405133617568426,
            "steer": 0.0
        },
        {
            "throttle": 0.09401368847997897,
            "brake": 0.4606590766062453,
            "steer": 0.0
        },
        {
            "throttle": 0.08461231963198107,
            "brake": 0.4787902199707077,
            "steer": 0.0
        },
        {
            "throttle": 0.07615108766878297,
            "brake": 0.49510824899872385,
            "steer": 0.0
        },
        {
            "throttle": 0.06853597890190467,
            "brake": 0.5097944751239384,
            "steer": 0.0
        },
        {
            "throttle": 0.06723153504181138,
            "brake": 0.4588150276115446,
            "steer": 0.0
        },
        {
            "throttle": 0.06522465120178152,
            "brake": 0.41293352485039014,
            "steer": 0.0
        },
        {
            "throttle": 0.06262087514280697,
            "brake": 0.37164017236535113,
            "steer": 0.0
        },
        {
            "throttle": 0.059516278293046586,
            "brake": 0.334476155128816,
            "steer": 0.0
        },
        {
            "throttle": 0.053564650463741925,
            "brake": 0.36522559064102134,
            "steer": 0.0
        },
        {
            "throttle": 0.04820818541736773,
            "brake": 0.39290008260200615,
            "steer": 0.0
        },
        {
            "throttle": 0.04338736687563096,
            "brake": 0.41780712536689246,
            "steer": 0.0
        },
        {
            "throttle": 0.03904863018806787,
            "brake": 0.44022346385529015,
            "steer": 0.0
        },
        {
            "throttle": 0.035143767169261084,
            "brake": 0.4603981684948481,
            "steer": 0.0
        },
        {
            "throttle": 0.031629390452334975,
            "brake": 0.4785554026704502,
            "steer": 0.0
        },
        {
            "throttle": 0.028466451407101478,
            "brake": 0.4948969134284921,
            "steer": 0.0
        },
        {
            "throttle": 0.02561980626639133,
            "brake": 0.5096042731107299,
            "steer": 0.0
        },
        {
            "throttle": 0.0230578256397522,
            "brake": 0.5228408968247438,
            "steer": 0.0
        },
        {
            "throttle": 0.02075204307577698,
            "brake": 0.5347538581673563,
            "steer": 0.0
        },
        {
            "throttle": 0.018676838768199283,
            "brake": 0.5454755233757076,
            "steer": 0.0
        },
        {
            "throttle": 0.016809154891379356,
            "brake": 0.5551250220632238,
            "steer": 0.0
        },
        {
            "throttle": 0.01512823940224142,
            "brake": 0.5638095708819884,
            "steer": 0.0
        },
        {
            "throttle": 0.013615415462017279,
            "brake": 0.5716256648188764,
            "steer": 0.0
        },
        {
            "throttle": 0.012253873915815552,
            "brake": 0.5786601493620757,
            "steer": 0.0
        },
        {
            "throttle": 0.011028486524233997,
            "brake": 0.5207941344258681,
            "steer": 0.0
        },
        {
            "throttle": 0.009925637871810597,
            "brake": 0.46871472098328126,
            "steer": 0.0
        },
        {
            "throttle": 0.008933074084629537,
            "brake": 0.42184324888495317,
            "steer": 0.0
        },
        {
            "throttle": 0.008039766676166583,
            "brake": 0.37965892399645784,
            "steer": 0.0
        },
        {
            "throttle": 0.007235790008549925,
            "brake": 0.3416930315968121,
            "steer": 0.0
        },
        {
            "throttle": 0.006512211007694933,
            "brake": 0.3075237284371309,
            "steer": 0.0
        },
        {
            "throttle": 0.00586098990692544,
            "brake": 0.2767713555934178,
            "steer": 0.0
        },
        {
            "throttle": 0.005274890916232896,
            "brake": 0.24909422003407602,
            "steer": 0.0
        },
        {
            "throttle": 0.004747401824609606,
            "brake": 0.22418479803066843,
            "steer": 0.0
        },
        {
            "throttle": 0.0042726616421486455,
            "brake": 0.2017663182276016,
            "steer": 0.0
        },
        {
            "throttle": 0.0038453954779337812,
            "brake": 0.18158968640484144,
            "steer": 0.0
        },
        {
            "throttle": 0.003460855930140403,
            "brake": 0.1634307177643573,
            "steer": 0.0
        },
        {
            "throttle": 0.003114770337126363,
            "brake": 0.14708764598792157,
            "steer": 0.0
        },
        {
            "throttle": 0.002803293303413727,
            "brake": 0.13237888138912943,
            "steer": 0.0
        },
        {
            "throttle": 0.0028499989410322485,
            "brake": 0.11914099325021649,
            "steer": 0.0
        },
        {
            "throttle": 0.0034860249513107354,
            "brake": 0.10722689392519484,
            "steer": 0.0
        },
        {
            "throttle": 0.004692874773391892,
            "brake": 0.09650420453267536,
            "steer": 0.0
        },
        {
            "throttle": 0.006453043667082601,
            "brake": 0.08685378407940783,
            "steer": 0.0
        },
        {
            "throttle": 0.008749866016145452,
            "brake": 0.07816840567146704,
            "steer": 0.0
        },
        {
            "throttle": 0.011567379133537134,
            "brake": 0.07035156510432035,
            "steer": 0.0
        },
        {
            "throttle": 0.014890201989092067,
            "brake": 0.06331640859388832,
            "steer": 0.0
        },
        {
            "throttle": 0.018703427436338196,
            "brake": 0.05698476773449949,
            "steer": 0.0
        },
        {
            "throttle": 0.02299252665560832,
            "brake": 0.05128629096104954,
            "steer": 0.0
        },
        {
            "throttle": 0.02774326465694802,
            "brake": 0.046157661864944584,
            "steer": 0.0
        },
        {
            "throttle": 0.032941625799937466,
            "brake": 0.041541895678450125,
            "steer": 0.0
        },
        {
            "throttle": 0.03857374838971377,
            "brake": 0.037387706110605115,
            "steer": 0.0
        },
        {
            "throttle": 0.04462586750035007,
            "brake": 0.033648935499544605,
            "steer": 0.0
        },
        {
            "throttle": 0.05108426525935082,
            "brake": 0.030284041949590144,
            "steer": 0.0
        },
        {
            "throttle": 0.057935227901290146,
            "brake": 0.02725563775463113,
            "steer": 0.0
        },
        {
            "throttle": 0.06516500896538564,
            "brake": 0.024530073979168017,
            "steer": 0.0
        },
        {
            "throttle": 0.07275979807182134,
            "brake": 0.022077066581251217,
            "steer": 0.0
        },
        {
            "throttle": 0.08070569476558455,
            "brake": 0.019869359923126096,
            "steer": 0.0
        },
        {
            "throttle": 0.08898868696507482,
            "brake": 0.017882423930813487,
            "steer": 0.0
        },
        {
            "throttle": 0.09759463359632783,
            "brake": 0.01609418153773214,
            "steer": 0.0
        },
        {
            "throttle": 0.10650925103286733,
            "brake": 0.014484763383958925,
            "steer": 0.0
        },
        {
            "throttle": 0.11571810299639913,
            "brake": 0.013036287045563033,
            "steer": 0.0
        },
        {
            "throttle": 0.12520659360519368,
            "brake": 0.01173265834100673,
            "steer": 0.0
        },
        {
            "throttle": 0.13495996328542903,
            "brake": 0.010559392506906058,
            "steer": 0.0
        },
        {
            "throttle": 0.14496328728630684,
            "brake": 0.009503453256215452,
            "steer": 0.0
        },
        {
            "throttle": 0.15520147656270566,
            "brake": 0.008553107930593907,
            "steer": 0.0
        },
        {
            "throttle": 0.1656592808097586,
            "brake": 0.007697797137534516,
            "steer": 0.0
        },
        {
            "throttle": 0.17632129345227457,
            "brake": 0.006928017423781065,
            "steer": 0.0
        },
        {
            "throttle": 0.1871719584085769,
            "brake": 0.006235215681402958,
            "steer": 0.0
        },
        {
            "throttle": 0.19819557846330232,
            "brake": 0.005611694113262663,
            "steer": 0.0
        },
        {
            "throttle": 0.20937632509715795,
            "brake": 0.005050524701936397,
            "steer": 0.0
        },
        {
            "throttle": 0.22069824963373275,
            "brake": 0.004545472231742757,
            "steer": 0.0
        },
        {
            "throttle": 0.23214529557434022,
            "brake": 0.0040909250085684815,
            "steer": 0.0
        },
        {
            "throttle": 0.24370131200165754,
            "brake": 0.0036818325077116335,
            "steer": 0.0
        },
        {
            "throttle": 0.25535006794173704,
            "brake": 0.0033136492569404703,
            "steer": 0.0
        },
        {
            "throttle": 0.26707526758190003,
            "brake": 0.0029822843312464235,
            "steer": 0.0
        },
        {
            "throttle": 0.27886056624917255,
            "brake": 0.0026840558981217812,
            "steer": 0.0
        },
        {
            "throttle": 0.2906895870603714,
            "brake": 0.002415650308309603,
            "steer": 0.0
        },
        {
            "throttle": 0.30254593816076814,
            "brake": 0.002174085277478643,
            "steer": 0.0
        },
        {
            "throttle": 0.31441323047351977,
            "brake": 0.001956676749730779,
            "steer": 0.0
        },
        {
            "throttle": 0.3262750958868139,
            "brake": 0.001761009074757701,
            "steer": 0.0
        },
        {
            "throttle": 0.33811520580998966,
            "brake": 0.0015849081672819308,
            "steer": 0.0
        },
        {
            "throttle": 0.34991729003381133,
            "brake": 0.0014264173505537379,
            "steer": 0.0
        },
        {
            "throttle": 0.36166515583363446,
            "brake": 0.001283775615498364,
            "steer": 0.0
        },
        {
            "throttle": 0.37334270725745006,
            "brake": 0.0011553980539485277,
            "steer": 0.0
        },
        {
            "throttle": 0.3849339645437627,
            "brake": 0.0010398582485536749,
            "steer": 0.0
        },
        {
            "throttle": 0.39642308361697787,
            "brake": 0.0009358724236983074,
            "steer": 0.0
        },
        {
            "throttle": 0.40779437561047605,
            "brake": 0.0008422851813284767,
            "steer": 0.0
        },
        {
            "throttle": 0.41903232636986154,
            "brake": 0.0007580566631956291,
            "steer": 0.0
        },
        {
            "throttle": 0.43012161589100917,
            "brake": 0.0006822509968760662,
            "steer": 0.0
        },
        {
            "throttle": 0.44104713764952397,
            "brake": 0.0006140258971884596,
            "steer": 0.0
        },
        {
            "throttle": 0.45179401778008355,
            "brake": 0.0005526233074696137,
            "steer": 0.0
        },
        {
            "throttle": 0.4623476340658762,
            "brake": 0.0004973609767226524,
            "steer": 0.0
        },
        {
            "throttle": 0.4726936346999903,
            "brake": 0.00044762487905038715,
            "steer": 0.0
        },
        {
            "throttle": 0.4828179567821653,
            "brake": 0.00040286239114534846,
            "steer": 0.0
        },
        {
            "throttle": 0.4927068445157939,
            "brake": 0.00036257615203081364,
            "steer": 0.0
        },
        {
            "throttle": 0.5023468670714815,
            "brake": 0.0003263185368277323,
            "steer": 0.0
        },
        {
            "throttle": 0.511724936084829,
            "brake": 0.0002936866831449591,
            "steer": 0.0
        },
        {
            "throttle": 0.5208283227574154,
            "brake": 0.0002643180148304632,
            "steer": 0.0
        }
    ],
    "parameters": {
        "fog_density": 72.02751711250413,
        "precipitation": 54.582741511531296,
        "precipitation_deposits": 8.295022286601505,
        "wind_intensity": 40.20943298804405,
        "sun_altitude_angle": 40.90571824914339,
        "cloudiness": 20.052877807989987,
        "lead_base_throttle": 0.3082575308573503,
        "lead_behavior_frequency": 0.05852695941846971,
        "lead_throttle_variation": 0.3425478426154364,
        "lead_brake_probability": 0.28805589815544563,
        "lead_brake_intensity": 0.6419705102508693,
        "lead_brake_duration": 15.60622908077479,
        "initial_distance": 42.88379287038313,
        "initial_ego_velocity": 17.632558828763145,
        "initial_lead_velocity": 12.258894529345847
    },
    "config": {
        "num_timesteps": 200,
        "dt": 0.1,
        "seed": 162
    }
}