{
    "weather": {
        "cloudiness": 9.54575674601077,
        "precipitation": 68.41984425336885,
        "precipitation_deposits": 22.074424280188353,
        "wind_intensity": 49.22863834727019,
        "sun_altitude_angle": 34.9474869946325,
        "fog_density": 68.97178181143792,
        "fog_distance": 100.35319218679956,
        "wetness": 34.209922126684425
    },
    "initial_conditions": {
        "ego": {
            "position": {
                "x": 505.79920035739286,
                "y": 20.57,
                "z": 0.294
            },
            "yaw": 0.0,
            "velocity": 19.432939161279673
        },
        "lead": {
            "position": {
                "x": 484.88,
                "y": 20.57,
                "z": 0.294
            },
            "yaw": 0.0,
            "velocity": 10.224240685916424
        }
    },
    "ego": {
        "position": {
            "x": 505.79920035739286,
            "y": 20.57,
            "z": 0.294
        },
        "yaw": 0.0,
        "velocity": 19.432939161279673
    },
    "lead": {
        "position": {
            "x": 484.88,
            "y": 20.57,
            "z": 0.294
        },
        "yaw": 0.0,
        "velocity": 10.224240685916424
    },
    "ado_actions": [
        {
            "throttle": 0.5974634798945851,
            "brake": 0.0,
            "steer": 0.0
        },
        {
            "throttle": 0.5978091361285878,
            "brake": 0.0,
            "steer": 0.0
        },
        {
            "throttle": 0.59846315591412,
            "brake": 0.0,
            "steer": 0.0
        },
        {
            "throttle": 0.599389270293049,
            "brake": 0.0,
            "steer": 0.0
        },
        {
            "throttle": 0.5394503432637441,
            "brake": 0.04985365321989015,
            "steer": 0.0
        },
        {
            "throttle": 0.4855053089373697,
            "brake": 0.09472194111779128,
            "steer": 0.0
        },
        {
            "throttle": 0.43695477804363275,
            "brake": 0.1351034002259023,
            "steer": 0.0
        },
        {
            "throttle": 0.39325930023926947,
            "brake": 0.17144671342320222,
            "steer": 0.0
        },
        {
            "throttle": 0.35393337021534255,
            "brake": 0.20415569530077216,
            "steer": 0.0
        },
        {
            "throttle": 0.38107984672346096,
            "brake": 0.18374012577069496,
            "steer": 0.0
        },
        {
            "throttle": 0.40574155903061065,
            "brake": 0.16536611319362546,
            "steer": 0.0
        },
        {
            "throttle": 0.4281431308081667,
            "brake": 0.14882950187426291,
            "steer": 0.0
        },
        {
            "throttle": 0.448485097878638,
            "brake": 0.13394655168683664,
            "steer": 0.0
        },
        {
            "throttle": 0.4669465180113636,
            "brake": 0.12055189651815298,
            "steer": 0.0
        },
        {
            "throttle": 0.4836873309770204,
            "brake": 0.1084967068663377,
            "steer": 0.0
        },
        {
            "throttle": 0.4988504921605175,
            "brake": 0.09764703617970392,
            "steer": 0.0
        },
        {
            "throttle": 0.5125639006264436,
            "brake": 0.08788233256173353,
            "steer": 0.0
        },
        {
            "throttle": 0.5249421403801664,
            "brake": 0.07909409930556018,
            "steer": 0.0
        },
        {
            "throttle": 0.5360880516460216,
            "brake": 0.07118468937500416,
            "steer": 0.0
        },
        {
            "throttle": 0.5460941472691954,
            "brake": 0.06406622043750375,
            "steer": 0.0
        },
        {
            "throttle": 0.5550438878194829,
            "brake": 0.05765959839375338,
            "steer": 0.0
        },
        {
            "throttle": 0.5630128276145849,
            "brake": 0.05189363855437804,
            "steer": 0.0
        },
        {
            "throttle": 0.5700696426712298,
            "brake": 0.046704274698940236,
            "steer": 0.0
        },
        {
            "throttle": 0.5762770505189507,
            "brake": 0.04203384722904621,
            "steer": 0.0
        },
        {
            "throttle": 0.5816926308600157,
            "brake": 0.03783046250614159,
            "steer": 0.0
        },
        {
            "throttle": 0.5863695552172447,
            "brake": 0.03404741625552743,
            "steer": 0.0
        },
        {
            "throttle": 0.5903572329678531,
            "brake": 0.03064267462997469,
            "steer": 0.0
        },
        {
            "throttle": 0.5937018805056679,
            "brake": 0.02757840716697722,
            "steer": 0.0
        },
        {
            "throttle": 0.5964470196966137,
            "brake": 0.024820566450279496,
            "steer": 0.0
        },
        {
            "throttle": 0.5986339112846828,
            "brake": 0.02233850980525155,
            "steer": 0.0
        },
        {
            "throttle": 0.6003019284598256,
            "brake": 0.020104658824726396,
            "steer": 0.0
        },
        {
            "throttle": 0.6014888754082203,
            "brake": 0.018094192942253756,
            "steer": 0.0
        },
        {
            "throttle": 0.6022312553226629,
            "brake": 0.01628477364802838,
            "steer": 0.0
        },
        {
            "throttle": 0.6025644920504626,
            "brake": 0.014656296283225543,
            "steer": 0.0
        },
        {
            "throttle": 0.6025231092928189,
            "brake": 0.01319066665490299,
            "steer": 0.0
        },
        {
            "throttle": 0.6021408710382872,
            "brake": 0.01187159998941269,
            "steer": 0.0
        },
        {
            "throttle": 0.6014508867091427,
            "brake": 0.010684439990471422,
            "steer": 0.0
        },
        {
            "throttle": 0.6004856843191787,
            "brake": 0.00961599599142428,
            "steer": 0.0
        },
        {
            "throttle": 0.5992772547810337,
            "brake": 0.008654396392281853,
            "steer": 0.0
        },
        {
            "throttle": 0.5978570703572357,
            "brake": 0.007788956753053668,
            "steer": 0.0
        },
        {
            "throttle": 0.5962560801187703,
            "brake": 0.0070100610777483014,
            "steer": 0.0
        },
        {
            "throttle": 0.5945046851554366,
            "brake": 0.006309054969973471,
            "steer": 0.0
        },
        {
            "throttle": 0.5926326961711655,
            "brake": 0.005678149472976124,
            "steer": 0.0
        },
        {
            "throttle": 0.5906692759926853,
            "brake": 0.005110334525678511,
            "steer": 0.0
        },
        {
            "throttle": 0.5886428694195647,
            "brake": 0.00459930107311066,
            "steer": 0.0
        },
        {
            "throttle": 0.5865811227460879,
            "brake": 0.004139370965799594,
            "steer": 0.0
        },
        {
            "throttle": 0.5845107951892001,
            "brake": 0.0037254338692196344,
            "steer": 0.0
        },
        {
            "throttle": 0.5824576643606887,
            "brake": 0.003352890482297671,
            "steer": 0.0
        },
        {
            "throttle": 0.580446427824814,
            "brake": 0.003017601434067904,
            "steer": 0.0
        },
        {
            "throttle": 0.5785006026839488,
            "brake": 0.0027158412906611138,
            "steer": 0.0
        },
        {
            "throttle": 0.5766424250337467,
            "brake": 0.0024442571615950026,
            "steer": 0.0
        },
        {
            "throttle": 0.5748927510254682,
            "brake": 0.0021998314454355025,
            "steer": 0.0
        },
        {
            "throttle": 0.5732709611659639,
            "brake": 0.001979848300891952,
            "steer": 0.0
        },
        {
            "throttle": 0.5717948693752906,
            "brake": 0.001781863470802757,
            "steer": 0.0
        },
        {
            "throttle": 0.5704806382078961,
            "brake": 0.0016036771237224814,
            "steer": 0.0
        },
        {
            "throttle": 0.5693427015258405,
            "brake": 0.0014433094113502334,
            "steer": 0.0
        },
        {
            "throttle": 0.5683936957917686,
            "brake": 0.0012989784702152102,
            "steer": 0.0
        },
        {
            "throttle": 0.5676444010255751,
            "brake": 0.0011690806231936892,
            "steer": 0.0
        },
        {
            "throttle": 0.5671036923422803,
            "brake": 0.0010521725608743204,
            "steer": 0.0
        },
        {
            "throttle": 0.5667785028599776,
            "brake": 0.0009469553047868884,
            "steer": 0.0
        },
        {
            "throttle": 0.5666737986363618,
            "brake": 0.0008522597743081995,
            "steer": 0.0
        },
        {
            "throttle": 0.56679256616086,
            "brake": 0.0007670337968773796,
            "steer": 0.0
        },
        {
            "throttle": 0.5671358127973999,
            "brake": 0.0006903304171896416,
            "steer": 0.0
        },
        {
            "throttle": 0.5677025804410413,
            "brake": 0.0006212973754706775,
            "steer": 0.0
        },
        {
            "throttle": 0.5684899725207748,
            "brake": 0.0005591676379236097,
            "steer": 0.0
        },
        {
            "throttle": 0.5694931943514897,
            "brake": 0.0005032508741312487,
            "steer": 0.0
        },
        {
            "throttle": 0.570705606711193,
            "brake": 0.0004529257867181239,
            "steer": 0.0
        },
        {
            "throttle": 0.5721187923957748,
            "brake": 0.0004076332080463115,
            "steer": 0.0
        },
        {
            "throttle": 0.5737226353837322,
            "brake": 0.0003668698872416803,
            "steer": 0.0
        },
        {
            "throttle": 0.575505412128024,
            "brake": 0.0003301828985175123,
            "steer": 0.0
        },
        {
            "throttle": 0.5774538943823794,
            "brake": 0.00029716460866576107,
            "steer": 0.0
        },
        {
            "throttle": 0.5795534628656265,
            "brake": 0.000267448147799185,
            "steer": 0.0
        },
        {
            "throttle": 0.5817882309706149,
            "brake": 0.0002407033330192665,
            "steer": 0.0
        },
        {
            "throttle": 0.5841411776347304,
            "brake": 0.00021663299971733986,
            "steer": 0.0
        },
        {
            "throttle": 0.5865942884074151,
            "brake": 0.00019496969974560588,
            "steer": 0.0
        },
        {
            "throttle": 0.5891287036770718,
            "brake": 0.0001754727297710453,
            "steer": 0.0
        },
        {
            "throttle": 0.5917248729557071,
            "brake": 0.00015792545679394078,
            "steer": 0.0
        },
        {
            "throttle": 0.594362714065103,
            "brake": 0.0001421329111145467,
            "steer": 0.0
        },
        {
            "throttle": 0.5970217760235283,
            "brake": 0.00012791962000309205,
            "steer": 0.0
        },
        {
            "throttle": 0.5996814043973183,
            "brake": 0.00011512765800278285,
            "steer": 0.0
        },
        {
            "throttle": 0.6023209078572592,
            "brake": 0.00010361489220250456,
            "steer": 0.0
        },
        {
            "throttle": 0.6049197246657635,
            "brake": 9.32534029822541e-05,
            "steer": 0.0
        },
        {
            "throttle": 0.6074575878173616,
            "brake": 8.392806268402869e-05,
            "steer": 0.0
        },
        {
            "throttle": 0.6099146875620606,
            "brake": 7.553525641562582e-05,
            "steer": 0.0
        },
        {
            "throttle": 0.6122718300585223,
            "brake": 6.798173077406324e-05,
            "steer": 0.0
        },
        {
            "throttle": 0.6145105909316316,
            "brake": 6.118355769665691e-05,
            "steer": 0.0
        },
        {
            "throttle": 0.616613462546599,
            "brake": 5.5065201926991216e-05,
            "steer": 0.0
        },
        {
            "throttle": 0.6185639938589523,
            "brake": 4.9558681734292095e-05,
            "steer": 0.0
        },
        {
            "throttle": 0.6203469217562171,
            "brake": 4.460281356086289e-05,
            "steer": 0.0
        },
        {
            "throttle": 0.6219482928722958,
            "brake": 4.01425322047766e-05,
            "steer": 0.0
        },
        {
            "throttle": 0.6233555749290013,
            "brake": 3.6128278984298944e-05,
            "steer": 0.0
        },
        {
            "throttle": 0.6245577567402708,
            "brake": 3.251545108586905e-05,
            "steer": 0.0
        },
        {
            "throttle": 0.6255454361026407,
            "brake": 2.926390597728215e-05,
            "steer": 0.0
        },
        {
            "throttle": 0.6263108948898738,
            "brake": 2.6337515379553933e-05,
            "steer": 0.0
        },
        {
            "throttle": 0.6268481607694566,
            "brake": 2.370376384159854e-05,
            "steer": 0.0
        },
        {
            "throttle": 0.6271530550632107,
            "brake": 2.1333387457438685e-05,
            "steer": 0.0
        },
        {
            "throttle": 0.6272232263826647,
            "brake": 1.9200048711694816e-05,
            "steer": 0.0
        },
        {
            "throttle": 0.6270581697812372,
            "brake": 1.7280043840525334e-05,
            "steer": 0.0
        },
        {
            "throttle": 0.6266592312788068,
            "brake": 1.55520394564728e-05,
            "steer": 0.0
        },
        {
            "throttle": 0.6260295977289814,
            "brake": 1.3996835510825522e-05,
            "steer": 0.0
        },
        {
            "throttle": 0.6251742721144148,
            "brake": 1.259715195974297e-05,
            "steer": 0.0
        },
        {
            "throttle": 0.6241000344699494,
            "brake": 1.1337436763768673e-05,
            "steer": 0.0
        },
        {
            "throttle": 0.6228153887462592,
            "brake": 1.0203693087391806e-05,
            "steer": 0.0
        },
        {
            "throttle": 0.6213304960371564,
            "brake": 9.183323778652625e-06,
            "steer": 0.0
        },
        {
            "throttle": 0.6196570947009157,
            "brake": 8.264991400787363e-06,
            "steer": 0.0
        },
        {
            "throttle": 0.6178084080090098,
            "brake": 7.438492260708626e-06,
            "steer": 0.0
        },
        {
            "throttle": 0.6157990400537399,
            "brake": 6.694643034637764e-06,
            "steer": 0.0
        },
        {
            "throttle": 0.6136448607385832,
            "brake": 6.025178731173988e-06,
            "steer": 0.0
        },
        {
            "throttle": 0.6113628807609572,
            "brake": 5.422660858056589e-06,
            "steer": 0.0
        },
        {
            "throttle": 0.60897111757582,
            "brake": 4.88039477225093e-06,
            "steer": 0.0
        },
        {
            "throttle": 0.606488453399474,
            "brake": 4.392355295025837e-06,
            "steer": 0.0
        },
        {
            "throttle": 0.6039344863755509,
            "brake": 3.953119765523254e-06,
            "steer": 0.0
        },
        {
            "throttle": 0.6013293760789343,
            "brake": 3.5578077889709284e-06,
            "steer": 0.0
        },
        {
            "throttle": 0.5986936845778902,
            "brake": 3.202027010073836e-06,
            "steer": 0.0
        },
        {
            "throttle": 0.5960482143095882,
            "brake": 2.8818243090664523e-06,
            "steer": 0.0
        },
        {
            "throttle": 0.5934138440492084,
            "brake": 2.5936418781598073e-06,
            "steer": 0.0
        },
        {
            "throttle": 0.5908113642677585,
            "brake": 2.3342776903438268e-06,
            "steer": 0.0
        },
        {
            "throttle": 0.5882613131784526,
            "brake": 2.100849921309444e-06,
            "steer": 0.0
        },
        {
            "throttle": 0.5857838147659742,
            "brake": 1.8907649291784996e-06,
            "steer": 0.0
        },
        {
            "throttle": 0.5833984200772258,
            "brake": 1.7016884362606498e-06,
            "steer": 0.0
        },
        {
            "throttle": 0.5811239530263622,
            "brake": 1.5315195926345848e-06,
            "steer": 0.0
        },
        {
            "throttle": 0.5789783619312192,
            "brake": 1.3783676333711264e-06,
            "steer": 0.0
        },
        {
            "throttle": 0.5769785779529779,
            "brake": 1.2405308700340139e-06,
            "steer": 0.0
        },
        {
            "throttle": 0.5751403815563856,
            "brake": 1.1164777830306124e-06,
            "steer": 0.0
        },
        {
            "throttle": 0.573478278044527,
            "brake": 1.0048300047275512e-06,
            "steer": 0.0
        },
        {
            "throttle": 0.5720053831505054,
            "brake": 9.043470042547961e-07,
            "steer": 0.0
        },
        {
            "throttle": 0.5707333195890089,
            "brake": 8.139123038293165e-07,
            "steer": 0.0
        },
        {
            "throttle": 0.5696721253842324,
            "brake": 7.325210734463849e-07,
            "steer": 0.0
        },
        {
            "throttle": 0.5688301746976883,
            "brake": 6.592689661017464e-07,
            "steer": 0.0
        },
        {
            "throttle": 0.5682141117807891,
            "brake": 5.933420694915718e-07,
            "steer": 0.0
        },
        {
            "throttle": 0.5678287985735138,
            "brake": 5.340078625424146e-07,
            "steer": 0.0
        },
        {
            "throttle": 0.5676772763627854,
            "brake": 4.806070762881731e-07,
            "steer": 0.0
        },
        {
            "throttle": 0.5677607418032413,
            "brake": 4.3254636865935586e-07,
            "steer": 0.0
        },
        {
            "throttle": 0.5680785374897488,
            "brake": 3.8929173179342025e-07,
            "steer": 0.0
        },
        {
            "throttle": 0.5686281571561939,
            "brake": 3.503625586140782e-07,
            "steer": 0.0
        },
        {
            "throttle": 0.5694052654596632,
            "brake": 3.153263027526704e-07,
            "steer": 0.0
        },
        {
            "throttle": 0.5704037321940529,
            "brake": 2.8379367247740334e-07,
            "steer": 0.0
        },
        {
            "throttle": 0.5716156806632863,
            "brake": 2.55414305229663e-07,
            "steer": 0.0
        },
        {
            "throttle": 0.5730315498325964,
            "brake": 2.2987287470669672e-07,
            "steer": 0.0
        },
        {
            "throttle": 0.574640169767621,
            "brake": 2.0688558723602706e-07,
            "steer": 0.0
        },
        {
            "throttle": 0.5764288497662099,
            "brake": 1.8619702851242437e-07,
            "steer": 0.0
        },
        {
            "throttle": 0.5783834784877017,
            "brake": 1.6757732566118193e-07,
            "steer": 0.0
        },
        {
            "throttle": 0.5804886352897624,
            "brake": 1.5081959309506375e-07,
            "steer": 0.0
        },
        {
            "throttle": 0.5827277118944513,
            "brake": 1.3573763378555737e-07,
            "steer": 0.0
        },
        {
            "throttle": 0.5850830434236801,
            "brake": 1.2216387040700165e-07,
            "steer": 0.0
        },
        {
            "throttle": 0.587536047770307,
            "brake": 1.0994748336630148e-07,
            "steer": 0.0
        },
        {
            "throttle": 0.5900673722053386,
            "brake": 9.895273502967133e-08,
            "steer": 0.0
        },
        {
            "throttle": 0.5926570460646183,
            "brake": 8.90574615267042e-08,
            "steer": 0.0
        },
        {
            "throttle": 0.5952846383104115,
            "brake": 8.015171537403379e-08,
            "steer": 0.0
        },
        {
            "throttle": 0.597929418724835,
            "brake": 7.21365438366304e-08,
            "steer": 0.0
        },
        {
            "throttle": 0.6005705214634219,
            "brake": 6.492288945296737e-08,
            "steer": 0.0
        },
        {
            "throttle": 0.6031871096784879,
            "brake": 5.8430600507670633e-08,
            "steer": 0.0
        },
        {
            "throttle": 0.6057585399135226,
            "brake": 5.2587540456903574e-08,
            "steer": 0.0
        },
        {
            "throttle": 0.6082645249716384,
            "brake": 4.732878641121322e-08,
            "steer": 0.0
        },
        {
            "throttle": 0.6106852939731384,
            "brake": 4.2595907770091895e-08,
            "steer": 0.0
        },
        {
            "throttle": 0.6130017483394459,
            "brake": 3.8336316993082704e-08,
            "steer": 0.0
        },
        {
            "throttle": 0.6151956124727722,
            "brake": 3.4502685293774435e-08,
            "steer": 0.0
        },
        {
            "throttle": 0.6172495779427493,
            "brake": 3.1052416764396995e-08,
            "steer": 0.0
        },
        {
            "throttle": 0.6191474400424727,
            "brake": 2.7947175087957296e-08,
            "steer": 0.0
        },
        {
            "throttle": 0.6208742256366095,
            "brake": 2.5152457579161566e-08,
            "steer": 0.0
        },
        {
            "throttle": 0.6224163112929195,
            "brake": 2.263721182124541e-08,
            "steer": 0.0
        },
        {
            "throttle": 0.6237615307651977,
            "brake": 2.037349063912087e-08,
            "steer": 0.0
        },
        {
            "throttle": 0.6248992709796602,
            "brake": 1.8336141575208783e-08,
            "steer": 0.0
        },
        {
            "throttle": 0.6258205557674934,
            "brake": 1.6502527417687905e-08,
            "steer": 0.0
        },
        {
            "throttle": 0.6265181166829625,
            "brake": 1.4852274675919114e-08,
            "steer": 0.0
        },
        {
            "throttle": 0.6269864503483692,
            "brake": 1.3367047208327202e-08,
            "steer": 0.0
        },
        {
            "throttle": 0.6272218618734341,
            "brake": 1.2030342487494483e-08,
            "steer": 0.0
        },
        {
            "throttle": 0.627222494006556,
            "brake": 1.0827308238745035e-08,
            "steer": 0.0
        },
        {
            "throttle": 0.6269883417879595,
            "brake": 9.744577414870532e-09,
            "steer": 0.0
        },
        {
            "throttle": 0.62652125258913,
            "brake": 8.770119673383479e-09,
            "steer": 0.0
        },
        {
            "throttle": 0.6258249115382291,
            "brake": 7.893107706045131e-09,
            "steer": 0.0
        },
        {
            "throttle": 0.6249048124464768,
            "brake": 7.103796935440619e-09,
            "steer": 0.0
        },
        {
            "throttle": 0.6237682144648845,
            "brake": 6.393417241896557e-09,
            "steer": 0.0
        },
        {
            "throttle": 0.6224240848132937,
            "brake": 5.754075517706901e-09,
            "steer": 0.0
        },
        {
            "throttle": 0.6208830280335665,
            "brake": 5.178667965936211e-09,
            "steer": 0.0
        },
        {
            "throttle": 0.6191572023250849,
            "brake": 4.6608011693425894e-09,
            "steer": 0.0
        },
        {
            "throttle": 0.6172602236226342,
            "brake": 4.194721052408331e-09,
            "steer": 0.0
        },
        {
            "throttle": 0.6152070581734514,
            "brake": 3.775248947167498e-09,
            "steer": 0.0
        },
        {
            "throttle": 0.6130139044609532,
            "brake": 3.397724052450748e-09,
            "steer": 0.0
        },
        {
            "throttle": 0.610698065406709,
            "brake": 3.0579516472056733e-09,
            "steer": 0.0
        },
        {
            "throttle": 0.6082778118589272,
            "brake": 2.752156482485106e-09,
            "steer": 0.0
        },
        {
            "throttle": 0.6057722384444603,
            "brake": 2.4769408342365955e-09,
            "steer": 0.0
        },
        {
            "throttle": 0.6032011129215923,
            "brake": 2.229246750812936e-09,
            "steer": 0.0
        },
        {
            "throttle": 0.6005847202221375,
            "brake": 2.0063220757316425e-09,
            "steer": 0.0
        },
        {
            "throttle": 0.597943702413287,
            "brake": 1.8056898681584782e-09,
            "steer": 0.0
        },
        {
            "throttle": 0.5952988958418237,
            "brake": 1.6251208813426304e-09,
            "steer": 0.0
        },
        {
            "throttle": 0.5926711667455622,
            "brake": 1.4626087932083674e-09,
            "steer": 0.0
        },
        {
            "throttle": 0.5900812466289559,
            "brake": 1.3163479138875306e-09,
            "steer": 0.0
        },
        {
            "throttle": 0.5875495687016814,
            "brake": 1.1847131224987776e-09,
            "steer": 0.0
        },
        {
            "throttle": 0.5850961066706191,
            "brake": 1.0662418102489e-09,
            "steer": 0.0
        },
        {
            "throttle": 0.5827402171570818,
            "brake": 9.5961762922401e-10,
            "steer": 0.0
        },
        {
            "throttle": 0.5805004869825453,
            "brake": 8.636558663016089e-10,
            "steer": 0.0
        },
        {
            "throttle": 0.578394586527721,
            "brake": 7.77290279671448e-10,
            "steer": 0.0
        },
        {
            "throttle": 0.5764391303218955,
            "brake": 6.995612517043032e-10,
            "steer": 0.0
        },
        {
            "throttle": 0.5746495459624218,
            "brake": 6.296051265338729e-10,
            "steer": 0.0
        },
        {
            "throttle": 0.573039952398521,
            "brake": 5.666446138804856e-10,
            "steer": 0.0
        },
        {
            "throttle": 0.5716230485396783,
            "brake": 5.09980152492437e-10,
            "steer": 0.0
        },
        {
            "throttle": 0.5704100130674576,
            "brake": 4.589821372431933e-10,
            "steer": 0.0
        },
        {
            "throttle": 0.5694104162411717,
            "brake": 4.1308392351887396e-10,
            "steer": 0.0
        },
        {
            "throttle": 0.5686321443932171,
            "brake": 3.717755311669866e-10,
            "steer": 0.0
        }
    ],
    "parameters": {
        "fog_density": 68.97178181143792,
        "precipitation": 68.41984425336885,
        "precipitation_deposits": 22.074424280188353,
        "wind_intensity": 49.22863834727019,
        "sun_altitude_angle": 34.9474869946325,
        "cloudiness": 9.54575674601077,
        "lead_base_throttle": 0.597463479894585,
        "lead_behavior_frequency": 0.14141258993874062,
        "lead_throttle_variation": 0.03895363920519723,
        "lead_brake_probability": 0.15686002405636698,
        "lead_brake_intensity": 0.4985365321989015,
        "lead_brake_duration": 5.171018779016096,
        "initial_distance": 20.919200357392853,
        "initial_ego_velocity": 19.432939161279673,
        "initial_lead_velocity": 10.224240685916424
    },
    "config": {
        "num_timesteps": 200,
        "dt": 0.1,
        "seed": 116
    }
}