{
    "weather": {
        "cloudiness": 98.12718745709023,
        "precipitation": 99.10069588409284,
        "precipitation_deposits": 58.16650261448329,
        "wind_intensity": 36.9950629054591,
        "sun_altitude_angle": 68.02388427258549,
        "fog_density": 13.871884138302786,
        "fog_distance": 629.7728136145413,
        "wetness": 49.55034794204642
    },
    "initial_conditions": {
        "ego": {
            "position": {
                "x": 550.9070791400675,
                "y": 20.57,
                "z": 0.294
            },
            "yaw": 0.0,
            "velocity": 9.874563870558482
        },
        "lead": {
            "position": {
                "x": 484.88,
                "y": 20.57,
                "z": 0.294
            },
            "yaw": 0.0,
            "velocity": 8.423100088917309
        }
    },
    "ego": {
        "position": {
            "x": 550.9070791400675,
            "y": 20.57,
            "z": 0.294
        },
        "yaw": 0.0,
        "velocity": 9.874563870558482
    },
    "lead": {
        "position": {
            "x": 484.88,
            "y": 20.57,
            "z": 0.294
        },
        "yaw": 0.0,
        "velocity": 8.423100088917309
    },
    "ado_actions": [
        {
            "throttle": 0.5079731356996364,
            "brake": 0.0,
            "steer": 0.0
        },
        {
            "throttle": 0.5093121610736057,
            "brake": 0.0,
            "steer": 0.0
        },
        {
            "throttle": 0.5118392436892094,
            "brake": 0.0,
            "steer": 0.0
        },
        {
            "throttle": 0.5154016641298035,
            "brake": 0.0,
            "steer": 0.0
        },
        {
            "throttle": 0.5198455590456968,
            "brake": 0.0,
            "steer": 0.0
        },
        {
            "throttle": 0.5250166769871359,
            "brake": 0.0,
            "steer": 0.0
        },
        {
            "throttle": 0.5307612596958262,
            "brake": 0.0,
            "steer": 0.0
        },
        {
            "throttle": 0.5369270255718877,
            "brake": 0.0,
            "steer": 0.0
        },
        {
            "throttle": 0.5433642319360618,
            "brake": 0.0,
            "steer": 0.0
        },
        {
            "throttle": 0.5499267927873668,
            "brake": 0.0,
            "steer": 0.0
        },
        {
            "throttle": 0.5564734290252723,
            "brake": 0.0,
            "steer": 0.0
        },
        {
            "throttle": 0.5628688285702431,
            "brake": 0.0,
            "steer": 0.0
        },
        {
            "throttle": 0.5689847944810326,
            "brake": 0.0,
            "steer": 0.0
        },
        {
            "throttle": 0.5747013600316957,
            "brake": 0.0,
            "steer": 0.0
        },
        {
            "throttle": 0.5799078507728377,
            "brake": 0.0,
            "steer": 0.0
        },
        {
            "throttle": 0.584503874853692,
            "brake": 0.0,
            "steer": 0.0
        },
        {
            "throttle": 0.5884002243146916,
            "brake": 0.0,
            "steer": 0.0
        },
        {
            "throttle": 0.5915196716617452,
            "brake": 0.0,
            "steer": 0.0
        },
        {
            "throttle": 0.5937976477882455,
            "brake": 0.0,
            "steer": 0.0
        },
        {
            "throttle": 0.5951827892012146,
            "brake": 0.0,
            "steer": 0.0
        },
        {
            "throttle": 0.5956373445140439,
            "brake": 0.0,
            "steer": 0.0
        },
        {
            "throttle": 0.5951374322682301,
            "brake": 0.0,
            "steer": 0.0
        },
        {
            "throttle": 0.5356236890414071,
            "brake": 0.04666905420873271,
            "steer": 0.0
        },
        {
            "throttle": 0.48206132013726644,
            "brake": 0.08867120299659215,
            "steer": 0.0
        },
        {
            "throttle": 0.4338551881235398,
            "brake": 0.12647313690566564,
            "steer": 0.0
        },
        {
            "throttle": 0.3904696693111858,
            "brake": 0.16049487742383178,
            "steer": 0.0
        },
        {
            "throttle": 0.35142270238006723,
            "brake": 0.1911144438901813,
            "steer": 0.0
        },
        {
            "throttle": 0.31628043214206053,
            "brake": 0.2186720537098959,
            "steer": 0.0
        },
        {
            "throttle": 0.2846523889278545,
            "brake": 0.24347390254763904,
            "steer": 0.0
        },
        {
            "throttle": 0.25618715003506903,
            "brake": 0.26579556650160785,
            "steer": 0.0
        },
        {
            "throttle": 0.23056843503156213,
            "brake": 0.28588506406017977,
            "steer": 0.0
        },
        {
            "throttle": 0.20751159152840593,
            "brake": 0.3039656118628945,
            "steer": 0.0
        },
        {
            "throttle": 0.18676043237556533,
            "brake": 0.32023810488533777,
            "steer": 0.0
        },
        {
            "throttle": 0.1680843891380088,
            "brake": 0.3348833486055367,
            "steer": 0.0
        },
        {
            "throttle": 0.15127595022420792,
            "brake": 0.3480640679537158,
            "steer": 0.0
        },
        {
            "throttle": 0.13614835520178714,
            "brake": 0.359926715367077,
            "steer": 0.0
        },
        {
            "throttle": 0.12253351968160843,
            "brake": 0.37060309803910196,
            "steer": 0.0
        },
        {
            "throttle": 0.11028016771344759,
            "brake": 0.3802118424439245,
            "steer": 0.0
        },
        {
            "throttle": 0.09925215094210284,
            "brake": 0.3888597124082648,
            "steer": 0.0
        },
        {
            "throttle": 0.08932693584789256,
            "brake": 0.396642795376171,
            "steer": 0.0
        },
        {
            "throttle": 0.08039424226310331,
            "brake": 0.4036475700472866,
            "steer": 0.0
        },
        {
            "throttle": 0.07235481803679297,
            "brake": 0.4099518672512906,
            "steer": 0.0
        },
        {
            "throttle": 0.06511933623311368,
            "brake": 0.4156257347348943,
            "steer": 0.0
        },
        {
            "throttle": 0.058607402609802316,
            "brake": 0.4207322154701376,
            "steer": 0.0
        },
        {
            "throttle": 0.05274666234882208,
            "brake": 0.42532804813185654,
            "steer": 0.0
        },
        {
            "throttle": 0.047471996113939874,
            "brake": 0.42946429752740356,
            "steer": 0.0
        },
        {
            "throttle": 0.04272479650254589,
            "brake": 0.4331869219833959,
            "steer": 0.0
        },
        {
            "throttle": 0.0384523168522913,
            "brake": 0.4365372839937891,
            "steer": 0.0
        },
        {
            "throttle": 0.07639003270969885,
            "brake": 0.3928835555944102,
            "steer": 0.0
        },
        {
            "throttle": 0.1114635797630191,
            "brake": 0.3535952000349692,
            "steer": 0.0
        },
        {
            "throttle": 0.14406241348879276,
            "brake": 0.3182356800314723,
            "steer": 0.0
        },
        {
            "throttle": 0.17452388302014268,
            "brake": 0.28641211202832506,
            "steer": 0.0
        },
        {
            "throttle": 0.20313729630757588,
            "brake": 0.2577709008254926,
            "steer": 0.0
        },
        {
            "throttle": 0.23014776109407914,
            "brake": 0.23199381074294334,
            "steer": 0.0
        },
        {
            "throttle": 0.2557598363981347,
            "brake": 0.208794429668649,
            "steer": 0.0
        },
        {
            "throttle": 0.2801410232487147,
            "brake": 0.1879149867017841,
            "steer": 0.0
        },
        {
            "throttle": 0.303425117936869,
            "brake": 0.1691234880316057,
            "steer": 0.0
        },
        {
            "throttle": 0.3257154460253885,
            "brake": 0.15221113922844515,
            "steer": 0.0
        },
        {
            "throttle": 0.347087990779943,
            "brake": 0.13699002530560064,
            "steer": 0.0
        },
        {
            "throttle": 0.36759442554265165,
            "brake": 0.12329102277504059,
            "steer": 0.0
        },
        {
            "throttle": 0.38726505585406185,
            "brake": 0.11096192049753653,
            "steer": 0.0
        },
        {
            "throttle": 0.40611167383445795,
            "brake": 0.09986572844778288,
            "steer": 0.0
        },
        {
            "throttle": 0.424130324452891,
            "brake": 0.08987915560300459,
            "steer": 0.0
        },
        {
            "throttle": 0.44130398083460687,
            "brake": 0.08089124004270414,
            "steer": 0.0
        },
        {
            "throttle": 0.4576051236762172,
            "brake": 0.07280211603843373,
            "steer": 0.0
        },
        {
            "throttle": 0.4729982181435263,
            "brake": 0.06552190443459036,
            "steer": 0.0
        },
        {
            "throttle": 0.4874420803085882,
            "brake": 0.05896971399113132,
            "steer": 0.0
        },
        {
            "throttle": 0.5008921242279566,
            "brake": 0.05307274259201819,
            "steer": 0.0
        },
        {
            "throttle": 0.5133024801591208,
            "brake": 0.04776546833281637,
            "steer": 0.0
        },
        {
            "throttle": 0.5246279741408869,
            "brake": 0.04298892149953473,
            "steer": 0.0
        },
        {
            "throttle": 0.5348259592081511,
            "brake": 0.03869002934958126,
            "steer": 0.0
        },
        {
            "throttle": 0.5438579888524225,
            "brake": 0.03482102641462313,
            "steer": 0.0
        },
        {
            "throttle": 0.5516913239550177,
            "brake": 0.03133892377316082,
            "steer": 0.0
        },
        {
            "throttle": 0.5583002652867223,
            "brake": 0.028205031395844737,
            "steer": 0.0
        },
        {
            "throttle": 0.5636673047608982,
            "brake": 0.025384528256260263,
            "steer": 0.0
        },
        {
            "throttle": 0.5677840899200272,
            "brake": 0.022846075430634237,
            "steer": 0.0
        },
        {
            "throttle": 0.5706521976007288,
            "brake": 0.020561467887570815,
            "steer": 0.0
        },
        {
            "throttle": 0.5722837143305574,
            "brake": 0.018505321098813733,
            "steer": 0.0
        },
        {
            "throttle": 0.5727016227316855,
            "brake": 0.01665478898893236,
            "steer": 0.0
        },
        {
            "throttle": 0.5719399950117784,
            "brake": 0.014989310090039124,
            "steer": 0.0
        },
        {
            "throttle": 0.5700439964804952,
            "brake": 0.013490379081035212,
            "steer": 0.0
        },
        {
            "throttle": 0.5670697039107956,
            "brake": 0.012141341172931691,
            "steer": 0.0
        },
        {
            "throttle": 0.563083745437595,
            "brake": 0.010927207055638523,
            "steer": 0.0
        },
        {
            "throttle": 0.5581627705230201,
            "brake": 0.00983448635007467,
            "steer": 0.0
        },
        {
            "throttle": 0.5523927602892967,
            "brake": 0.008851037715067204,
            "steer": 0.0
        },
        {
            "throttle": 0.5458681902001997,
            "brake": 0.007965933943560485,
            "steer": 0.0
        },
        {
            "throttle": 0.5386910586346529,
            "brake": 0.007169340549204436,
            "steer": 0.0
        },
        {
            "throttle": 0.5309697963180289,
            "brake": 0.006452406494283992,
            "steer": 0.0
        },
        {
            "throttle": 0.5228180728366507,
            "brake": 0.005807165844855593,
            "steer": 0.0
        },
        {
            "throttle": 0.514353517540005,
            "brake": 0.005226449260370034,
            "steer": 0.0
        },
        {
            "throttle": 0.5056963730169094,
            "brake": 0.004703804334333031,
            "steer": 0.0
        },
        {
            "throttle": 0.4969681000027647,
            "brake": 0.004233423900899728,
            "steer": 0.0
        },
        {
            "throttle": 0.4882899530244279,
            "brake": 0.0038100815108097555,
            "steer": 0.0
        },
        {
            "throttle": 0.47978154630954584,
            "brake": 0.00342907335972878,
            "steer": 0.0
        },
        {
            "throttle": 0.4715594294738939,
            "brake": 0.003086166023755902,
            "steer": 0.0
        },
        {
            "throttle": 0.4637356922520096,
            "brake": 0.002777549421380312,
            "steer": 0.0
        },
        {
            "throttle": 0.45641661705498693,
            "brake": 0.002499794479242281,
            "steer": 0.0
        },
        {
            "throttle": 0.44970139742960497,
            "brake": 0.002249815031318053,
            "steer": 0.0
        },
        {
            "throttle": 0.44368093956293614,
            "brake": 0.0020248335281862475,
            "steer": 0.0
        },
        {
            "throttle": 0.4384367628370629,
            "brake": 0.001822350175367623,
            "steer": 0.0
        },
        {
            "throttle": 0.4340400141031544,
            "brake": 0.0016401151578308607,
            "steer": 0.0
        },
        {
            "throttle": 0.4305506088291192,
            "brake": 0.0014761036420477746,
            "steer": 0.0
        },
        {
            "throttle": 0.42801651059893947,
            "brake": 0.0013284932778429971,
            "steer": 0.0
        },
        {
            "throttle": 0.4264731586253064,
            "brake": 0.0011956439500586974,
            "steer": 0.0
        },
        {
            "throttle": 0.42594305100288077,
            "brake": 0.0010760795550528277,
            "steer": 0.0
        },
        {
            "throttle": 0.42643548940151105,
            "brake": 0.0009684715995475449,
            "steer": 0.0
        },
        {
            "throttle": 0.42794648880242453,
            "brake": 0.0008716244395927904,
            "steer": 0.0
        },
        {
            "throttle": 0.43045885374205245,
            "brake": 0.0007844619956335114,
            "steer": 0.0
        },
        {
            "throttle": 0.43394242037461667,
            "brake": 0.0007060157960701603,
            "steer": 0.0
        },
        {
            "throttle": 0.4383544615229984,
            "brake": 0.0006354142164631442,
            "steer": 0.0
        },
        {
            "throttle": 0.4436402497847012,
            "brake": 0.0005718727948168298,
            "steer": 0.0
        },
        {
            "throttle": 0.44973377172243256,
            "brake": 0.0005146855153351468,
            "steer": 0.0
        },
        {
            "throttle": 0.4565585842226678,
            "brake": 0.00046321696380163216,
            "steer": 0.0
        },
        {
            "throttle": 0.4640288022751019,
            "brake": 0.00041689526742146895,
            "steer": 0.0
        },
        {
            "throttle": 0.4720502057342614,
            "brake": 0.00037520574067932206,
            "steer": 0.0
        },
        {
            "throttle": 0.4805214510931164,
            "brake": 0.00033768516661138984,
            "steer": 0.0
        },
        {
            "throttle": 0.48933537294664736,
            "brake": 0.00030391664995025084,
            "steer": 0.0
        },
        {
            "throttle": 0.4983803586680668,
            "brake": 0.00027352498495522576,
            "steer": 0.0
        },
        {
            "throttle": 0.5075417788763591,
            "brake": 0.0002461724864597032,
            "steer": 0.0
        },
        {
            "throttle": 0.5167034555528908,
            "brake": 0.0002215552378137329,
            "steer": 0.0
        },
        {
            "throttle": 0.5257491491761375,
            "brake": 0.0001993997140323596,
            "steer": 0.0
        },
        {
            "throttle": 0.5345640459932055,
            "brake": 0.00017945974262912365,
            "steer": 0.0
        },
        {
            "throttle": 0.5430362265378907,
            "brake": 0.0001615137683662113,
            "steer": 0.0
        },
        {
            "throttle": 0.5510580967375587,
            "brake": 0.00014536239152959017,
            "steer": 0.0
        },
        {
            "throttle": 0.5585277634221013,
            "brake": 0.00013082615237663115,
            "steer": 0.0
        },
        {
            "throttle": 0.5653503367515702,
            "brake": 0.00011774353713896804,
            "steer": 0.0
        },
        {
            "throttle": 0.5714391430057746,
            "brake": 0.00010596918342507124,
            "steer": 0.0
        },
        {
            "throttle": 0.5767168323173049,
            "brake": 9.537226508256412e-05,
            "steer": 0.0
        },
        {
            "throttle": 0.581116367264545,
            "brake": 8.583503857430771e-05,
            "steer": 0.0
        },
        {
            "throttle": 0.5845818797562139,
            "brake": 7.725153471687695e-05,
            "steer": 0.0
        },
        {
            "throttle": 0.5870693853144773,
            "brake": 6.952638124518925e-05,
            "steer": 0.0
        },
        {
            "throttle": 0.588547345678309,
            "brake": 6.257374312067033e-05,
            "steer": 0.0
        },
        {
            "throttle": 0.588997072579405,
            "brake": 5.63163688086033e-05,
            "steer": 0.0
        },
        {
            "throttle": 0.5884129675649138,
            "brake": 5.0684731927742974e-05,
            "steer": 0.0
        },
        {
            "throttle": 0.5868025948287695,
            "brake": 4.5616258734968676e-05,
            "steer": 0.0
        },
        {
            "throttle": 0.5841865861398551,
            "brake": 4.105463286147181e-05,
            "steer": 0.0
        },
        {
            "throttle": 0.5805983790934663,
            "brake": 3.694916957532463e-05,
            "steer": 0.0
        },
        {
            "throttle": 0.5760837920353312,
            "brake": 3.325425261779217e-05,
            "steer": 0.0
        },
        {
            "throttle": 0.5707004410876758,
            "brake": 2.992882735601295e-05,
            "steer": 0.0
        },
        {
            "throttle": 0.5645170067180078,
            "brake": 2.6935944620411655e-05,
            "steer": 0.0
        },
        {
            "throttle": 0.5576123592077556,
            "brake": 2.424235015837049e-05,
            "steer": 0.0
        },
        {
            "throttle": 0.5500745541752199,
            "brake": 2.181811514253344e-05,
            "steer": 0.0
        },
        {
            "throttle": 0.5419997109625515,
            "brake": 1.9636303628280097e-05,
            "steer": 0.0
        },
        {
            "throttle": 0.5334907881885577,
            "brake": 1.767267326545209e-05,
            "steer": 0.0
        },
        {
            "throttle": 0.5246562720790261,
            "brake": 1.590540593890688e-05,
            "steer": 0.0
        },
        {
            "throttle": 0.5156087942972567,
            "brake": 1.4314865345016193e-05,
            "steer": 0.0
        },
        {
            "throttle": 0.506463696895418,
            "brake": 1.2883378810514574e-05,
            "steer": 0.0
        },
        {
            "throttle": 0.4973375626807649,
            "brake": 1.1595040929463117e-05,
            "steer": 0.0
        },
        {
            "throttle": 0.48834672973106946,
            "brake": 1.0435536836516805e-05,
            "steer": 0.0
        },
        {
            "throttle": 0.4796058089952151,
            "brake": 9.391983152865125e-06,
            "steer": 0.0
        },
        {
            "throttle": 0.4712262238752052,
            "brake": 8.452784837578612e-06,
            "steer": 0.0
        },
        {
            "throttle": 0.46331479040535306,
            "brake": 7.607506353820751e-06,
            "steer": 0.0
        },
        {
            "throttle": 0.45597235612671183,
            "brake": 6.846755718438677e-06,
            "steer": 0.0
        },
        {
            "throttle": 0.44929251500646983,
            "brake": 6.162080146594809e-06,
            "steer": 0.0
        },
        {
            "throttle": 0.4433604147826134,
            "brake": 5.545872131935328e-06,
            "steer": 0.0
        },
        {
            "throttle": 0.43825167193599707,
            "brake": 4.9912849187417956e-06,
            "steer": 0.0
        },
        {
            "throttle": 0.4340314081200713,
            "brake": 4.492156426867616e-06,
            "steer": 0.0
        },
        {
            "throttle": 0.43075342033038716,
            "brake": 4.042940784180855e-06,
            "steer": 0.0
        },
        {
            "throttle": 0.4284594953913494,
            "brake": 3.6386467057627694e-06,
            "steer": 0.0
        },
        {
            "throttle": 0.42717887749825073,
            "brake": 3.2747820351864926e-06,
            "steer": 0.0
        },
        {
            "throttle": 0.4269278956018331,
            "brake": 2.9473038316678433e-06,
            "steer": 0.0
        },
        {
            "throttle": 0.42770975538534217,
            "brake": 2.652573448501059e-06,
            "steer": 0.0
        },
        {
            "throttle": 0.42951449848624096,
            "brake": 2.3873161036509534e-06,
            "steer": 0.0
        },
        {
            "throttle": 0.4323191294831533,
            "brake": 2.148584493285858e-06,
            "steer": 0.0
        },
        {
            "throttle": 0.4360879090303905,
            "brake": 1.933726043957272e-06,
            "steer": 0.0
        },
        {
            "throttle": 0.44077280940482055,
            "brake": 1.740353439561545e-06,
            "steer": 0.0
        },
        {
            "throttle": 0.44631412665985926,
            "brake": 1.5663180956053906e-06,
            "steer": 0.0
        },
        {
            "throttle": 0.45264124158537505,
            "brake": 1.4096862860448515e-06,
            "steer": 0.0
        },
        {
            "throttle": 0.4596735197757426,
            "brake": 1.2687176574403663e-06,
            "steer": 0.0
        },
        {
            "throttle": 0.4673213393353257,
            "brake": 1.1418458916963296e-06,
            "steer": 0.0
        },
        {
            "throttle": 0.47548723312391306,
            "brake": 1.0276613025266967e-06,
            "steer": 0.0
        },
        {
            "throttle": 0.4840671309848002,
            "brake": 9.24895172274027e-07,
            "steer": 0.0
        },
        {
            "throttle": 0.49295168612391815,
            "brake": 8.324056550466243e-07,
            "steer": 0.0
        },
        {
            "throttle": 0.5020276687358863,
            "brake": 7.491650895419619e-07,
            "steer": 0.0
        },
        {
            "throttle": 0.5111794091157926,
            "brake": 6.742485805877658e-07,
            "steer": 0.0
        },
        {
            "throttle": 0.5202902718647878,
            "brake": 6.068237225289893e-07,
            "steer": 0.0
        },
        {
            "throttle": 0.529244142401276,
            "brake": 5.461413502760903e-07,
            "steer": 0.0
        },
        {
            "throttle": 0.5379269068326272,
            "brake": 4.915272152484813e-07,
            "steer": 0.0
        },
        {
            "throttle": 0.5462279063269373,
            "brake": 4.4237449372363317e-07,
            "steer": 0.0
        },
        {
            "throttle": 0.5540413474493352,
            "brake": 3.9813704435126987e-07,
            "steer": 0.0
        },
        {
            "throttle": 0.5612676504885429,
            "brake": 3.583233399161429e-07,
            "steer": 0.0
        },
        {
            "throttle": 0.5678147185896808,
            "brake": 3.224910059245286e-07,
            "steer": 0.0
        },
        {
            "throttle": 0.5735991115186057,
            "brake": 2.9024190533207573e-07,
            "steer": 0.0
        },
        {
            "throttle": 0.578547109098508,
            "brake": 2.612177147988682e-07,
            "steer": 0.0
        },
        {
            "throttle": 0.5825956507655891,
            "brake": 2.3509594331898137e-07,
            "steer": 0.0
        },
        {
            "throttle": 0.5856931392694629,
            "brake": 2.1158634898708325e-07,
            "steer": 0.0
        },
        {
            "throttle": 0.5878000982753698,
            "brake": 1.9042771408837493e-07,
            "steer": 0.0
        },
        {
            "throttle": 0.5888896754872674,
            "brake": 1.7138494267953745e-07,
            "steer": 0.0
        },
        {
            "throttle": 0.5300007079385407,
            "brake": 0.046669208455181126,
            "steer": 0.0
        },
        {
            "throttle": 0.47700063714468666,
            "brake": 0.08867134181839573,
            "steer": 0.0
        },
        {
            "throttle": 0.429300573430218,
            "brake": 0.12647326184528887,
            "steer": 0.0
        },
        {
            "throttle": 0.3863705160871962,
            "brake": 0.1604949898694927,
            "steer": 0.0
        },
        {
            "throttle": 0.3477334644784766,
            "brake": 0.19111454509127615,
            "steer": 0.0
        },
        {
            "throttle": 0.31296011803062895,
            "brake": 0.21867214479088126,
            "steer": 0.0
        },
        {
            "throttle": 0.28166410622756605,
            "brake": 0.24347398452052585,
            "steer": 0.0
        },
        {
            "throttle": 0.25349769560480945,
            "brake": 0.265795640277206,
            "steer": 0.0
        },
        {
            "throttle": 0.22814792604432851,
            "brake": 0.28588513045821806,
            "steer": 0.0
        },
        {
            "throttle": 0.20533313343989568,
            "brake": 0.303965671621129,
            "steer": 0.0
        },
        {
            "throttle": 0.18479982009590612,
            "brake": 0.32023815866774885,
            "steer": 0.0
        },
        {
            "throttle": 0.1663198380863155,
            "brake": 0.3348833970097067,
            "steer": 0.0
        }
    ],
    "parameters": {
        "fog_density": 13.871884138302786,
        "precipitation": 99.10069588409284,
        "precipitation_deposits": 58.16650261448329,
        "wind_intensity": 36.9950629054591,
        "sun_altitude_angle": 68.02388427258549,
        "cloudiness": 98.12718745709023,
        "lead_base_throttle": 0.5079731356996364,
        "lead_behavior_frequency": 0.17977005006757363,
        "lead_throttle_variation": 0.1187997350489039,
        "lead_brake_probability": 0.14195379447668488,
        "lead_brake_intensity": 0.4666905420873271,
        "lead_brake_duration": 26.878696727425474,
        "initial_distance": 66.02707914006743,
        "initial_ego_velocity": 9.874563870558482,
        "initial_lead_velocity": 8.423100088917309
    },
    "config": {
        "num_timesteps": 200,
        "dt": 0.1,
        "seed": 229
    }
}