{
    "weather": {
        "cloudiness": 46.90088373689639,
        "precipitation": 83.87808016549526,
        "precipitation_deposits": 38.81953479378267,
        "wind_intensity": 21.309058325843388,
        "sun_altitude_angle": 69.37559248021607,
        "fog_density": 52.92400824625454,
        "fog_distance": 171.3351655795006,
        "wetness": 41.93904008274763
    },
    "initial_conditions": {
        "ego": {
            "position": {
                "x": 548.4758391267618,
                "y": 20.57,
                "z": 0.294
            },
            "yaw": 0.0,
            "velocity": 18.951293328813513
        },
        "lead": {
            "position": {
                "x": 484.88,
                "y": 20.57,
                "z": 0.294
            },
            "yaw": 0.0,
            "velocity": 12.613068918339241
        }
    },
    "ego": {
        "position": {
            "x": 548.4758391267618,
            "y": 20.57,
            "z": 0.294
        },
        "yaw": 0.0,
        "velocity": 18.951293328813513
    },
    "lead": {
        "position": {
            "x": 484.88,
            "y": 20.57,
            "z": 0.294
        },
        "yaw": 0.0,
        "velocity": 12.613068918339241
    },
    "ado_actions": [
        {
            "throttle": 0.5280130466255917,
            "brake": 0.0,
            "steer": 0.0
        },
        {
            "throttle": 0.5285468765424961,
            "brake": 0.0,
            "steer": 0.0
        },
        {
            "throttle": 0.5295605492313817,
            "brake": 0.0,
            "steer": 0.0
        },
        {
            "throttle": 0.5310048727923254,
            "brake": 0.0,
            "steer": 0.0
        },
        {
            "throttle": 0.5328349724126111,
            "brake": 0.0,
            "steer": 0.0
        },
        {
            "throttle": 0.5350098607061363,
            "brake": 0.0,
            "steer": 0.0
        },
        {
            "throttle": 0.5374920516979799,
            "brake": 0.0,
            "steer": 0.0
        },
        {
            "throttle": 0.5402472140865283,
            "brake": 0.0,
            "steer": 0.0
        },
        {
            "throttle": 0.5432438598515537,
            "brake": 0.0,
            "steer": 0.0
        },
        {
            "throttle": 0.5464530646690352,
            "brake": 0.0,
            "steer": 0.0
        },
        {
            "throttle": 0.4918077582021317,
            "brake": 0.018266100079995556,
            "steer": 0.0
        },
        {
            "throttle": 0.4426269823819185,
            "brake": 0.03470559015199155,
            "steer": 0.0
        },
        {
            "throttle": 0.39836428414372665,
            "brake": 0.04950113121678795,
            "steer": 0.0
        },
        {
            "throttle": 0.358527855729354,
            "brake": 0.06281711817510471,
            "steer": 0.0
        },
        {
            "throttle": 0.3226750701564186,
            "brake": 0.0748015064375898,
            "steer": 0.0
        },
        {
            "throttle": 0.29040756314077676,
            "brake": 0.08558745587382638,
            "steer": 0.0
        },
        {
            "throttle": 0.2613668068266991,
            "brake": 0.0952948103664393,
            "steer": 0.0
        },
        {
            "throttle": 0.2352301261440292,
            "brake": 0.10403142940979093,
            "steer": 0.0
        },
        {
            "throttle": 0.21170711352962626,
            "brake": 0.1118943865488074,
            "steer": 0.0
        },
        {
            "throttle": 0.19053640217666365,
            "brake": 0.11897104797392222,
            "steer": 0.0
        },
        {
            "throttle": 0.23417495821727768,
            "brake": 0.10707394317653,
            "steer": 0.0
        },
        {
            "throttle": 0.2738615404803822,
            "brake": 0.09636654885887701,
            "steer": 0.0
        },
        {
            "throttle": 0.30997968634927536,
            "brake": 0.0867298939729893,
            "steer": 0.0
        },
        {
            "throttle": 0.3428741265244464,
            "brake": 0.07805690457569038,
            "steer": 0.0
        },
        {
            "throttle": 0.3728546794004759,
            "brake": 0.07025121411812134,
            "steer": 0.0
        },
        {
            "throttle": 0.4001997565023442,
            "brake": 0.0632260927063092,
            "steer": 0.0
        },
        {
            "throttle": 0.42515951785912964,
            "brake": 0.05690348343567828,
            "steer": 0.0
        },
        {
            "throttle": 0.4479587123047367,
            "brake": 0.05121313509211046,
            "steer": 0.0
        },
        {
            "throttle": 0.4687992341958034,
            "brake": 0.046091821582899414,
            "steer": 0.0
        },
        {
            "throttle": 0.48786242488741716,
            "brake": 0.041482639424609474,
            "steer": 0.0
        },
        {
            "throttle": 0.5053111444727187,
            "brake": 0.037334375482148525,
            "steer": 0.0
        },
        {
            "throttle": 0.5212916367414008,
            "brake": 0.03360093793393367,
            "steer": 0.0
        },
        {
            "throttle": 0.5359352080161607,
            "brake": 0.030240844140540304,
            "steer": 0.0
        },
        {
            "throttle": 0.5493597384598414,
            "brake": 0.027216759726486274,
            "steer": 0.0
        },
        {
            "throttle": 0.5616710425863158,
            "brake": 0.024495083753837646,
            "steer": 0.0
        },
        {
            "throttle": 0.5729640940344893,
            "brake": 0.02204557537845388,
            "steer": 0.0
        },
        {
            "throttle": 0.5833241281585004,
            "brake": 0.01984101784060849,
            "steer": 0.0
        },
        {
            "throttle": 0.5928276346315596,
            "brake": 0.017856916056547642,
            "steer": 0.0
        },
        {
            "throttle": 0.6015432510408136,
            "brake": 0.016071224450892877,
            "steer": 0.0
        },
        {
            "throttle": 0.6095325673526,
            "brake": 0.01446410200580359,
            "steer": 0.0
        },
        {
            "throttle": 0.6168508501392586,
            "brake": 0.013017691805223231,
            "steer": 0.0
        },
        {
            "throttle": 0.6235476945693161,
            "brake": 0.01171592262470091,
            "steer": 0.0
        },
        {
            "throttle": 0.6296676113624673,
            "brake": 0.01054433036223082,
            "steer": 0.0
        },
        {
            "throttle": 0.6352505551904468,
            "brake": 0.009489897326007737,
            "steer": 0.0
        },
        {
            "throttle": 0.6403324003566193,
            "brake": 0.008540907593406963,
            "steer": 0.0
        },
        {
            "throttle": 0.6449453690036959,
            "brake": 0.0076868168340662665,
            "steer": 0.0
        },
        {
            "throttle": 0.649118416573937,
            "brake": 0.00691813515065964,
            "steer": 0.0
        },
        {
            "throttle": 0.6528775787736798,
            "brake": 0.006226321635593676,
            "steer": 0.0
        },
        {
            "throttle": 0.6562462838687939,
            "brake": 0.005603689472034309,
            "steer": 0.0
        },
        {
            "throttle": 0.6592456337549689,
            "brake": 0.005043320524830878,
            "steer": 0.0
        },
        {
            "throttle": 0.6618946569023497,
            "brake": 0.00453898847234779,
            "steer": 0.0
        },
        {
            "throttle": 0.6642105359641021,
            "brake": 0.004085089625113011,
            "steer": 0.0
        },
        {
            "throttle": 0.6662088125595773,
            "brake": 0.00367658066260171,
            "steer": 0.0
        },
        {
            "throttle": 0.6679035714917559,
            "brake": 0.0033089225963415392,
            "steer": 0.0
        },
        {
            "throttle": 0.6693076064327778,
            "brake": 0.0029780303367073855,
            "steer": 0.0
        },
        {
            "throttle": 0.6704325689081101,
            "brake": 0.002680227303036647,
            "steer": 0.0
        },
        {
            "throttle": 0.6712891022270026,
            "brake": 0.0024122045727329824,
            "steer": 0.0
        },
        {
            "throttle": 0.6718869618422861,
            "brake": 0.0021709841154596843,
            "steer": 0.0
        },
        {
            "throttle": 0.6722351234744701,
            "brake": 0.0019538857039137158,
            "steer": 0.0
        },
        {
            "throttle": 0.6723418802018214,
            "brake": 0.0017584971335223441,
            "steer": 0.0
        },
        {
            "throttle": 0.6722149295981921,
            "brake": 0.0015826474201701098,
            "steer": 0.0
        },
        {
            "throttle": 0.671861451892462,
            "brake": 0.0014243826781530989,
            "steer": 0.0
        },
        {
            "throttle": 0.671288180026373,
            "brake": 0.001281944410337789,
            "steer": 0.0
        },
        {
            "throttle": 0.6705014624001784,
            "brake": 0.0011537499693040102,
            "steer": 0.0
        },
        {
            "throttle": 0.6695073190169376,
            "brake": 0.0010383749723736093,
            "steer": 0.0
        },
        {
            "throttle": 0.6683114916655688,
            "brake": 0.0009345374751362483,
            "steer": 0.0
        },
        {
            "throttle": 0.6669194887191567,
            "brake": 0.0008410837276226235,
            "steer": 0.0
        },
        {
            "throttle": 0.6653366250677774,
            "brake": 0.0007569753548603612,
            "steer": 0.0
        },
        {
            "throttle": 0.6635680576536092,
            "brake": 0.0006812778193743251,
            "steer": 0.0
        },
        {
            "throttle": 0.6616188170297854,
            "brake": 0.0006131500374368926,
            "steer": 0.0
        },
        {
            "throttle": 0.6594938353227705,
            "brake": 0.0005518350336932034,
            "steer": 0.0
        },
        {
            "throttle": 0.6571979709405678,
            "brake": 0.0004966515303238831,
            "steer": 0.0
        },
        {
            "throttle": 0.6547360303353499,
            "brake": 0.0004469863772914948,
            "steer": 0.0
        },
        {
            "throttle": 0.652112787098785,
            "brake": 0.0004022877395623453,
            "steer": 0.0
        },
        {
            "throttle": 0.6493329986410563,
            "brake": 0.0003620589656061108,
            "steer": 0.0
        },
        {
            "throttle": 0.6464014206800506,
            "brake": 0.00032585306904549976,
            "steer": 0.0
        },
        {
            "throttle": 0.6433228197451296,
            "brake": 0.0002932677621409498,
            "steer": 0.0
        },
        {
            "throttle": 0.6401019838800697,
            "brake": 0.0002639409859268548,
            "steer": 0.0
        },
        {
            "throttle": 0.6367437317119129,
            "brake": 0.00023754688733416932,
            "steer": 0.0
        },
        {
            "throttle": 0.6332529200364437,
            "brake": 0.00021379219860075238,
            "steer": 0.0
        },
        {
            "throttle": 0.62963445005658,
            "brake": 0.00019241297874067714,
            "steer": 0.0
        },
        {
            "throttle": 0.6258932723970078,
            "brake": 0.00017317168086660944,
            "steer": 0.0
        },
        {
            "throttle": 0.6220343910067353,
            "brake": 0.0001558545127799485,
            "steer": 0.0
        },
        {
            "throttle": 0.618062866050764,
            "brake": 0.00014026906150195364,
            "steer": 0.0
        },
        {
            "throttle": 0.6139838158826565,
            "brake": 0.00012624215535175827,
            "steer": 0.0
        },
        {
            "throttle": 0.6098024181813183,
            "brake": 0.00011361793981658245,
            "steer": 0.0
        },
        {
            "throttle": 0.6055239103277,
            "brake": 0.0001022561458349242,
            "steer": 0.0
        },
        {
            "throttle": 0.6011535890902866,
            "brake": 9.203053125143179e-05,
            "steer": 0.0
        },
        {
            "throttle": 0.596696809682095,
            "brake": 8.282747812628861e-05,
            "steer": 0.0
        },
        {
            "throttle": 0.5921589842463759,
            "brake": 7.454473031365975e-05,
            "steer": 0.0
        },
        {
            "throttle": 0.587545579823247,
            "brake": 6.709025728229377e-05,
            "steer": 0.0
        },
        {
            "throttle": 0.5828621158450248,
            "brake": 6.03812315540644e-05,
            "steer": 0.0
        },
        {
            "throttle": 0.5781141612040055,
            "brake": 5.434310839865796e-05,
            "steer": 0.0
        },
        {
            "throttle": 0.5733073309328396,
            "brake": 4.890879755879217e-05,
            "steer": 0.0
        },
        {
            "throttle": 0.5684472825344005,
            "brake": 4.401791780291295e-05,
            "steer": 0.0
        },
        {
            "throttle": 0.563539711995129,
            "brake": 3.9616126022621654e-05,
            "steer": 0.0
        },
        {
            "throttle": 0.5585903495132113,
            "brake": 3.565451342035949e-05,
            "steer": 0.0
        },
        {
            "throttle": 0.5536049549705874,
            "brake": 3.2089062078323544e-05,
            "steer": 0.0
        },
        {
            "throttle": 0.5485893131756583,
            "brake": 2.888015587049119e-05,
            "steer": 0.0
        },
        {
            "throttle": 0.5435492289016473,
            "brake": 2.5992140283442074e-05,
            "steer": 0.0
        },
        {
            "throttle": 0.5384905217438438,
            "brake": 2.3392926255097865e-05,
            "steer": 0.0
        },
        {
            "throttle": 0.5334190208174038,
            "brake": 2.1053633629588078e-05,
            "steer": 0.0
        },
        {
            "throttle": 0.5283405593159709,
            "brake": 1.8948270266629272e-05,
            "steer": 0.0
        },
        {
            "throttle": 0.5232609689501214,
            "brake": 1.7053443239966344e-05,
            "steer": 0.0
        },
        {
            "throttle": 0.5181860742834794,
            "brake": 1.534809891596971e-05,
            "steer": 0.0
        },
        {
            "throttle": 0.5131216869833156,
            "brake": 1.381328902437274e-05,
            "steer": 0.0
        },
        {
            "throttle": 0.5080736000014956,
            "brake": 1.2431960121935466e-05,
            "steer": 0.0
        },
        {
            "throttle": 0.5030475817007882,
            "brake": 1.118876410974192e-05,
            "steer": 0.0
        },
        {
            "throttle": 0.49804936994076426,
            "brake": 1.0069887698767727e-05,
            "steer": 0.0
        },
        {
            "throttle": 0.4930846661368008,
            "brake": 9.062898928890954e-06,
            "steer": 0.0
        },
        {
            "throttle": 0.48815912930505817,
            "brake": 8.156609036001859e-06,
            "steer": 0.0
        },
        {
            "throttle": 0.48327837010569524,
            "brake": 7.340948132401673e-06,
            "steer": 0.0
        },
        {
            "throttle": 0.4784479448960395,
            "brake": 6.606853319161506e-06,
            "steer": 0.0
        },
        {
            "throttle": 0.47367334980491904,
            "brake": 5.946167987245356e-06,
            "steer": 0.0
        },
        {
            "throttle": 0.4689600148388927,
            "brake": 5.35155118852082e-06,
            "steer": 0.0
        },
        {
            "throttle": 0.46431329803067445,
            "brake": 4.816396069668739e-06,
            "steer": 0.0
        },
        {
            "throttle": 0.4597384796396383,
            "brake": 4.334756462701865e-06,
            "steer": 0.0
        },
        {
            "throttle": 0.45524075641390516,
            "brake": 3.901280816431679e-06,
            "steer": 0.0
        },
        {
            "throttle": 0.45082523592314877,
            "brake": 3.511152734788511e-06,
            "steer": 0.0
        },
        {
            "throttle": 0.4464969309709137,
            "brake": 3.1600374613096596e-06,
            "steer": 0.0
        },
        {
            "throttle": 0.44226075409491095,
            "brake": 2.8440337151786937e-06,
            "steer": 0.0
        },
        {
            "throttle": 0.4381215121634423,
            "brake": 2.5596303436608243e-06,
            "steer": 0.0
        },
        {
            "throttle": 0.43408390107580347,
            "brake": 2.303667309294742e-06,
            "steer": 0.0
        },
        {
            "throttle": 0.4301525005742248,
            "brake": 2.073300578365268e-06,
            "steer": 0.0
        },
        {
            "throttle": 0.42633176917462645,
            "brake": 1.8659705205287413e-06,
            "steer": 0.0
        },
        {
            "throttle": 0.42262603922318825,
            "brake": 1.6793734684758672e-06,
            "steer": 0.0
        },
        {
            "throttle": 0.41903951208546913,
            "brake": 1.5114361216282804e-06,
            "steer": 0.0
        },
        {
            "throttle": 0.4155762534745425,
            "brake": 1.3602925094654524e-06,
            "steer": 0.0
        },
        {
            "throttle": 0.4122401889243587,
            "brake": 1.2242632585189072e-06,
            "steer": 0.0
        },
        {
            "throttle": 0.40903509941428556,
            "brake": 1.1018369326670165e-06,
            "steer": 0.0
        },
        {
            "throttle": 0.405964617150527,
            "brake": 9.916532394003148e-07,
            "steer": 0.0
        },
        {
            "throttle": 0.40303222150986473,
            "brake": 8.924879154602833e-07,
            "steer": 0.0
        },
        {
            "throttle": 0.40024123515091936,
            "brake": 8.03239123914255e-07,
            "steer": 0.0
        },
        {
            "throttle": 0.3975948202978754,
            "brake": 7.229152115228295e-07,
            "steer": 0.0
        },
        {
            "throttle": 0.39509597520136686,
            "brake": 6.506236903705466e-07,
            "steer": 0.0
        },
        {
            "throttle": 0.39274753078096875,
            "brake": 5.855613213334919e-07,
            "steer": 0.0
        },
        {
            "throttle": 0.3905521474534918,
            "brake": 5.270051892001427e-07,
            "steer": 0.0
        },
        {
            "throttle": 0.38851231215102666,
            "brake": 4.7430467028012846e-07,
            "steer": 0.0
        },
        {
            "throttle": 0.38663033553243364,
            "brake": 4.268742032521156e-07,
            "steer": 0.0
        },
        {
            "throttle": 0.38490834939172375,
            "brake": 3.8418678292690405e-07,
            "steer": 0.0
        },
        {
            "throttle": 0.34641751445255137,
            "brake": 0.01826644584810019,
            "steer": 0.0
        },
        {
            "throttle": 0.31177576300729626,
            "brake": 0.03470590134328573,
            "steer": 0.0
        },
        {
            "throttle": 0.28059818670656667,
            "brake": 0.04950141128895272,
            "steer": 0.0
        },
        {
            "throttle": 0.25253836803591,
            "brake": 0.062817370240053,
            "steer": 0.0
        },
        {
            "throttle": 0.227284531232319,
            "brake": 0.07480173329604325,
            "steer": 0.0
        },
        {
            "throttle": 0.2045560781090871,
            "brake": 0.08558766004643449,
            "steer": 0.0
        },
        {
            "throttle": 0.1841004702981784,
            "brake": 0.0952949941217866,
            "steer": 0.0
        },
        {
            "throttle": 0.16569042326836056,
            "brake": 0.1040315947896035,
            "steer": 0.0
        },
        {
            "throttle": 0.1491213809415245,
            "brake": 0.1118945353906387,
            "steer": 0.0
        },
        {
            "throttle": 0.13420924284737204,
            "brake": 0.1189711819315704,
            "steer": 0.0
        },
        {
            "throttle": 0.15859628055182368,
            "brake": 0.10707406373841336,
            "steer": 0.0
        },
        {
            "throttle": 0.1807281195495603,
            "brake": 0.09636665736457202,
            "steer": 0.0
        },
        {
            "throttle": 0.20084704050150834,
            "brake": 0.08672999162811482,
            "steer": 0.0
        },
        {
            "throttle": 0.21917086935491337,
            "brake": 0.07805699246530334,
            "steer": 0.0
        },
        {
            "throttle": 0.23589540410246432,
            "brake": 0.070251293218773,
            "steer": 0.0
        },
        {
            "throttle": 0.2511965991431867,
            "brake": 0.06322616389689571,
            "steer": 0.0
        },
        {
            "throttle": 0.26523253150579196,
            "brake": 0.056903547507206144,
            "steer": 0.0
        },
        {
            "throttle": 0.27814517076876144,
            "brake": 0.05121319275648553,
            "steer": 0.0
        },
        {
            "throttle": 0.2900619723276567,
            "brake": 0.04609187348083698,
            "steer": 0.0
        },
        {
            "throttle": 0.30109731169471265,
            "brake": 0.041482686132753285,
            "steer": 0.0
        },
        {
            "throttle": 0.3113537757468597,
            "brake": 0.037334417519477955,
            "steer": 0.0
        },
        {
            "throttle": 0.3209233252462768,
            "brake": 0.03360097576753016,
            "steer": 0.0
        },
        {
            "throttle": 0.32988834152471974,
            "brake": 0.030240878190777146,
            "steer": 0.0
        },
        {
            "throttle": 0.33832256893327023,
            "brake": 0.027216790371699433,
            "steer": 0.0
        },
        {
            "throttle": 0.34629196349849994,
            "brake": 0.02449511133452949,
            "steer": 0.0
        },
        {
            "throttle": 0.3538554571814307,
            "brake": 0.022045600201076543,
            "steer": 0.0
        },
        {
            "throttle": 0.36106564619550396,
            "brake": 0.01984104018096889,
            "steer": 0.0
        },
        {
            "throttle": 0.36796941099360414,
            "brake": 0.017856936162872,
            "steer": 0.0
        },
        {
            "throttle": 0.3746084747726075,
            "brake": 0.0160712425465848,
            "steer": 0.0
        },
        {
            "throttle": 0.38101990665849766,
            "brake": 0.014464118291926321,
            "steer": 0.0
        },
        {
            "throttle": 0.3872365751181838,
            "brake": 0.01301770646273369,
            "steer": 0.0
        },
        {
            "throttle": 0.3932875565889261,
            "brake": 0.011715935816460321,
            "steer": 0.0
        },
        {
            "throttle": 0.3991985038165515,
            "brake": 0.01054434223481429,
            "steer": 0.0
        },
        {
            "throttle": 0.4049919779438759,
            "brake": 0.00948990801133286,
            "steer": 0.0
        },
        {
            "throttle": 0.41068774798594865,
            "brake": 0.008540917210199575,
            "steer": 0.0
        },
        {
            "throttle": 0.4163030609643958,
            "brake": 0.007686825489179617,
            "steer": 0.0
        },
        {
            "throttle": 0.4218528856452287,
            "brake": 0.006918142940261655,
            "steer": 0.0
        },
        {
            "throttle": 0.4273501325293467,
            "brake": 0.00622632864623549,
            "steer": 0.0
        },
        {
            "throttle": 0.43280585247933145,
            "brake": 0.0056036957816119415,
            "steer": 0.0
        },
        {
            "throttle": 0.4382294161270521,
            "brake": 0.0050433262034507475,
            "steer": 0.0
        },
        {
            "throttle": 0.44362867599142086,
            "brake": 0.004538993583105673,
            "steer": 0.0
        },
        {
            "throttle": 0.4490101130419661,
            "brake": 0.004085094224795106,
            "steer": 0.0
        },
        {
            "throttle": 0.45437896926958043,
            "brake": 0.0036765848023155956,
            "steer": 0.0
        },
        {
            "throttle": 0.4597393676689153,
            "brake": 0.003308926322084036,
            "steer": 0.0
        },
        {
            "throttle": 0.46509442089568737,
            "brake": 0.0029780336898756325,
            "steer": 0.0
        },
        {
            "throttle": 0.4704463297350759,
            "brake": 0.002680230320888069,
            "steer": 0.0
        },
        {
            "throttle": 0.4757964724030053,
            "brake": 0.0024122072887992623,
            "steer": 0.0
        },
        {
            "throttle": 0.48114548559915826,
            "brake": 0.002170986559919336,
            "steer": 0.0
        },
        {
            "throttle": 0.48649333813790885,
            "brake": 0.001953887903927402,
            "steer": 0.0
        },
        {
            "throttle": 0.49183939789997355,
            "brake": 0.001758499113534662,
            "steer": 0.0
        },
        {
            "throttle": 0.497182492772523,
            "brake": 0.0015826492021811958,
            "steer": 0.0
        },
        {
            "throttle": 0.5025209661779507,
            "brake": 0.0014243842819630763,
            "steer": 0.0
        },
        {
            "throttle": 0.5078527277307016,
            "brake": 0.0012819458537667687,
            "steer": 0.0
        },
        {
            "throttle": 0.513175299506853,
            "brake": 0.0011537512683900918,
            "steer": 0.0
        },
        {
            "throttle": 0.5184858583619049,
            "brake": 0.0010383761415510826,
            "steer": 0.0
        },
        {
            "throttle": 0.5237812746879217,
            "brake": 0.0009345385273959744,
            "steer": 0.0
        },
        {
            "throttle": 0.5290581479613016,
            "brake": 0.000841084674656377,
            "steer": 0.0
        },
        {
            "throttle": 0.5343128393965604,
            "brake": 0.0007569762071907393,
            "steer": 0.0
        },
        {
            "throttle": 0.5395415019892349,
            "brake": 0.0006812785864716654,
            "steer": 0.0
        },
        {
            "throttle": 0.5447401082019581,
            "brake": 0.0006131507278244988,
            "steer": 0.0
        }
    ],
    "parameters": {
        "fog_density": 52.92400824625454,
        "precipitation": 83.87808016549526,
        "precipitation_deposits": 38.81953479378267,
        "wind_intensity": 21.309058325843388,
        "sun_altitude_angle": 69.37559248021607,
        "cloudiness": 46.90088373689639,
        "lead_base_throttle": 0.5280130466255917,
        "lead_behavior_frequency": 0.053544234077499656,
        "lead_throttle_variation": 0.1587056025736612,
        "lead_brake_probability": 0.03850375323567721,
        "lead_brake_intensity": 0.18266100079995556,
        "lead_brake_duration": 10.149595019342925,
        "initial_distance": 63.59583912676185,
        "initial_ego_velocity": 18.951293328813513,
        "initial_lead_velocity": 12.613068918339241
    },
    "config": {
        "num_timesteps": 200,
        "dt": 0.1,
        "seed": 112
    }
}