{
    "weather": {
        "cloudiness": 79.11839915837251,
        "precipitation": 3.6632537564596612,
        "precipitation_deposits": 12.874258189699672,
        "wind_intensity": 14.68935043321199,
        "sun_altitude_angle": -9.047760462340896,
        "fog_density": 40.57985688697225,
        "fog_distance": 258.5511076066561,
        "wetness": 1.8316268782298306
    },
    "initial_conditions": {
        "ego": {
            "position": {
                "x": 551.8682426603275,
                "y": 20.57,
                "z": 0.294
            },
            "yaw": 0.0,
            "velocity": 7.2312534767837455
        },
        "lead": {
            "position": {
                "x": 484.88,
                "y": 20.57,
                "z": 0.294
            },
            "yaw": 0.0,
            "velocity": 22.3729222275709
        }
    },
    "ego": {
        "position": {
            "x": 551.8682426603275,
            "y": 20.57,
            "z": 0.294
        },
        "yaw": 0.0,
        "velocity": 7.2312534767837455
    },
    "lead": {
        "position": {
            "x": 484.88,
            "y": 20.57,
            "z": 0.294
        },
        "yaw": 0.0,
        "velocity": 22.3729222275709
    },
    "ado_actions": [
        {
            "throttle": 0.2748791250746299,
            "brake": 0.0,
            "steer": 0.0
        },
        {
            "throttle": 0.2770645579489353,
            "brake": 0.0,
            "steer": 0.0
        },
        {
            "throttle": 0.2811977520393275,
            "brake": 0.0,
            "steer": 0.0
        },
        {
            "throttle": 0.2870458419069216,
            "brake": 0.0,
            "steer": 0.0
        },
        {
            "throttle": 0.29438062109342333,
            "brake": 0.0,
            "steer": 0.0
        },
        {
            "throttle": 0.3029785726471581,
            "brake": 0.0,
            "steer": 0.0
        },
        {
            "throttle": 0.3126210552923589,
            "brake": 0.0,
            "steer": 0.0
        },
        {
            "throttle": 0.32309462394333927,
            "brake": 0.0,
            "steer": 0.0
        },
        {
            "throttle": 0.3341914640561903,
            "brake": 0.0,
            "steer": 0.0
        },
        {
            "throttle": 0.34570992008445983,
            "brake": 0.0,
            "steer": 0.0
        },
        {
            "throttle": 0.3574550990747901,
            "brake": 0.0,
            "steer": 0.0
        },
        {
            "throttle": 0.3692395312146799,
            "brake": 0.0,
            "steer": 0.0
        },
        {
            "throttle": 0.3808838699365269,
            "brake": 0.0,
            "steer": 0.0
        },
        {
            "throttle": 0.39221761499731567,
            "brake": 0.0,
            "steer": 0.0
        },
        {
            "throttle": 0.40307984279750037,
            "brake": 0.0,
            "steer": 0.0
        },
        {
            "throttle": 0.413319929080029,
            "brake": 0.0,
            "steer": 0.0
        },
        {
            "throttle": 0.42279825006383004,
            "brake": 0.0,
            "steer": 0.0
        },
        {
            "throttle": 0.4313868490168521,
            "brake": 0.0,
            "steer": 0.0
        },
        {
            "throttle": 0.43897005626205593,
            "brake": 0.0,
            "steer": 0.0
        },
        {
            "throttle": 0.39507305063585035,
            "brake": 0.039996253260841545,
            "steer": 0.0
        },
        {
            "throttle": 0.35556574557226533,
            "brake": 0.07599288119559894,
            "steer": 0.0
        },
        {
            "throttle": 0.3200091710150388,
            "brake": 0.10838984633688059,
            "steer": 0.0
        },
        {
            "throttle": 0.2880082539135349,
            "brake": 0.13754711496403407,
            "steer": 0.0
        },
        {
            "throttle": 0.2592074285221814,
            "brake": 0.1637886567284722,
            "steer": 0.0
        },
        {
            "throttle": 0.2332866856699633,
            "brake": 0.18740604431646654,
            "steer": 0.0
        },
        {
            "throttle": 0.20995801710296697,
            "brake": 0.20866169314566144,
            "steer": 0.0
        },
        {
            "throttle": 0.18896221539267027,
            "brake": 0.22779177709193685,
            "steer": 0.0
        },
        {
            "throttle": 0.17006599385340326,
            "brake": 0.2450088526435847,
            "steer": 0.0
        },
        {
            "throttle": 0.15305939446806294,
            "brake": 0.2605042206400678,
            "steer": 0.0
        },
        {
            "throttle": 0.13775345502125666,
            "brake": 0.2744500518369026,
            "steer": 0.0
        },
        {
            "throttle": 0.12397810951913099,
            "brake": 0.2870012999140539,
            "steer": 0.0
        },
        {
            "throttle": 0.11158029856721789,
            "brake": 0.29829742318349006,
            "steer": 0.0
        },
        {
            "throttle": 0.1004222687104961,
            "brake": 0.3084639341259826,
            "steer": 0.0
        },
        {
            "throttle": 0.09038004183944649,
            "brake": 0.3176137939742259,
            "steer": 0.0
        },
        {
            "throttle": 0.08134203765550184,
            "brake": 0.3258486678376449,
            "steer": 0.0
        },
        {
            "throttle": 0.07320783388995165,
            "brake": 0.33326005431472194,
            "steer": 0.0
        },
        {
            "throttle": 0.06588705050095649,
            "brake": 0.3399303021440913,
            "steer": 0.0
        },
        {
            "throttle": 0.05929834545086084,
            "brake": 0.3459335251905237,
            "steer": 0.0
        },
        {
            "throttle": 0.07143152129326509,
            "brake": 0.31134017267147135,
            "steer": 0.0
        },
        {
            "throttle": 0.08039254377632384,
            "brake": 0.2802061554043242,
            "steer": 0.0
        },
        {
            "throttle": 0.08659826632688328,
            "brake": 0.2521855398638918,
            "steer": 0.0
        },
        {
            "throttle": 0.09044012997122539,
            "brake": 0.22696698587750264,
            "steer": 0.0
        },
        {
            "throttle": 0.09228569004420722,
            "brake": 0.20427028728975238,
            "steer": 0.0
        },
        {
            "throttle": 0.09247985667566207,
            "brake": 0.18384325856077716,
            "steer": 0.0
        },
        {
            "throttle": 0.09134588772512452,
            "brake": 0.16545893270469944,
            "steer": 0.0
        },
        {
            "throttle": 0.08918617004981669,
            "brake": 0.1489130394342295,
            "steer": 0.0
        },
        {
            "throttle": 0.08628282238590503,
            "brake": 0.13402173549080657,
            "steer": 0.0
        },
        {
            "throttle": 0.0828981506725781,
            "brake": 0.1206195619417259,
            "steer": 0.0
        },
        {
            "throttle": 0.07927498432937814,
            "brake": 0.10855760574755331,
            "steer": 0.0
        },
        {
            "throttle": 0.07563691978962221,
            "brake": 0.09770184517279798,
            "steer": 0.0
        },
        {
            "throttle": 0.07218849547988973,
            "brake": 0.08793166065551819,
            "steer": 0.0
        },
        {
            "throttle": 0.06911532040342877,
            "brake": 0.07913849458996637,
            "steer": 0.0
        },
        {
            "throttle": 0.06658417652248372,
            "brake": 0.07122464513096974,
            "steer": 0.0
        },
        {
            "throttle": 0.06474311323183142,
            "brake": 0.06410218061787276,
            "steer": 0.0
        },
        {
            "throttle": 0.06372155036619556,
            "brake": 0.05769196255608549,
            "steer": 0.0
        },
        {
            "throttle": 0.06363040438255775,
            "brake": 0.051922766300476944,
            "steer": 0.0
        },
        {
            "throttle": 0.0645622506012814,
            "brake": 0.046730489670429254,
            "steer": 0.0
        },
        {
            "throttle": 0.06659153267551836,
            "brake": 0.04205744070338633,
            "steer": 0.0
        },
        {
            "throttle": 0.06977482878604357,
            "brake": 0.037851696633047695,
            "steer": 0.0
        },
        {
            "throttle": 0.07415118242910809,
            "brake": 0.034066526969742925,
            "steer": 0.0
        },
        {
            "throttle": 0.07974250407978868,
            "brake": 0.030659874272768634,
            "steer": 0.0
        },
        {
            "throttle": 0.08655404847518716,
            "brake": 0.027593886845491772,
            "steer": 0.0
        },
        {
            "throttle": 0.09457497077395918,
            "brake": 0.024834498160942596,
            "steer": 0.0
        },
        {
            "throttle": 0.10377896341487527,
            "brake": 0.022351048344848336,
            "steer": 0.0
        },
        {
            "throttle": 0.11412497412172723,
            "brake": 0.020115943510363502,
            "steer": 0.0
        },
        {
            "throttle": 0.12555800418949276,
            "brake": 0.01810434915932715,
            "steer": 0.0
        },
        {
            "throttle": 0.13800998494205913,
            "brake": 0.016293914243394436,
            "steer": 0.0
        },
        {
            "throttle": 0.1514007290798532,
            "brake": 0.014664522819054993,
            "steer": 0.0
        },
        {
            "throttle": 0.16563895254126942,
            "brake": 0.013198070537149494,
            "steer": 0.0
        },
        {
            "throttle": 0.1806233614895309,
            "brake": 0.011878263483434546,
            "steer": 0.0
        },
        {
            "throttle": 0.19624379811103285,
            "brake": 0.010690437135091092,
            "steer": 0.0
        },
        {
            "throttle": 0.21238243807645124,
            "brake": 0.009621393421581984,
            "steer": 0.0
        },
        {
            "throttle": 0.22891503177570513,
            "brake": 0.008659254079423785,
            "steer": 0.0
        },
        {
            "throttle": 0.24571218079551535,
            "brake": 0.0077933286714814065,
            "steer": 0.0
        },
        {
            "throttle": 0.2626406405665506,
            "brake": 0.007013995804333266,
            "steer": 0.0
        },
        {
            "throttle": 0.2795646396681396,
            "brake": 0.00631259622389994,
            "steer": 0.0
        },
        {
            "throttle": 0.2963472059437674,
            "brake": 0.0056813366015099455,
            "steer": 0.0
        },
        {
            "throttle": 0.3128514893508985,
            "brake": 0.005113202941358951,
            "steer": 0.0
        },
        {
            "throttle": 0.32894207134418973,
            "brake": 0.004601882647223055,
            "steer": 0.0
        },
        {
            "throttle": 0.3444862505712748,
            "brake": 0.00414169438250075,
            "steer": 0.0
        },
        {
            "throttle": 0.359355294743651,
            "brake": 0.0037275249442506753,
            "steer": 0.0
        },
        {
            "throttle": 0.37342564872967765,
            "brake": 0.003354772449825608,
            "steer": 0.0
        },
        {
            "throttle": 0.3865800891994452,
            "brake": 0.0030192952048430474,
            "steer": 0.0
        },
        {
            "throttle": 0.3987088165287116,
            "brake": 0.0027173656843587427,
            "steer": 0.0
        },
        {
            "throttle": 0.40971047513690667,
            "brake": 0.0024456291159228685,
            "steer": 0.0
        },
        {
            "throttle": 0.4194930939873941,
            "brake": 0.0022010662043305818,
            "steer": 0.0
        },
        {
            "throttle": 0.4279749396110851,
            "brake": 0.0019809595838975237,
            "steer": 0.0
        },
        {
            "throttle": 0.4350852747208551,
            "brake": 0.0017828636255077714,
            "steer": 0.0
        },
        {
            "throttle": 0.440765016257177,
            "brake": 0.0016045772629569943,
            "steer": 0.0
        },
        {
            "throttle": 0.44496728753760056,
            "brake": 0.0014441195366612948,
            "steer": 0.0
        },
        {
            "throttle": 0.447657860066351,
            "brake": 0.0012997075829951654,
            "steer": 0.0
        },
        {
            "throttle": 0.44881548148718414,
            "brake": 0.0011697368246956488,
            "steer": 0.0
        },
        {
            "throttle": 0.4484320871241705,
            "brake": 0.001052763142226084,
            "steer": 0.0
        },
        {
            "throttle": 0.44651289354248275,
            "brake": 0.0009474868280034756,
            "steer": 0.0
        },
        {
            "throttle": 0.4430763735655401,
            "brake": 0.000852738145203128,
            "steer": 0.0
        },
        {
            "throttle": 0.43815411319690933,
            "brake": 0.0007674643306828152,
            "steer": 0.0
        },
        {
            "throttle": 0.4317905519060382,
            "brake": 0.0006907178976145337,
            "steer": 0.0
        },
        {
            "throttle": 0.42404260873709765,
            "brake": 0.0006216461078530803,
            "steer": 0.0
        },
        {
            "throttle": 0.41497919768095515,
            "brake": 0.0005594814970677723,
            "steer": 0.0
        },
        {
            "throttle": 0.4046806367027951,
            "brake": 0.000503533347360995,
            "steer": 0.0
        },
        {
            "throttle": 0.393237955733628,
            "brake": 0.0004531800126248955,
            "steer": 0.0
        },
        {
            "throttle": 0.3807521098046992,
            "brake": 0.00040786201136240596,
            "steer": 0.0
        },
        {
            "throttle": 0.36733310432185184,
            "brake": 0.00036707581022616537,
            "steer": 0.0
        },
        {
            "throttle": 0.35309904023492183,
            "brake": 0.0003303682292035488,
            "steer": 0.0
        },
        {
            "throttle": 0.3381750875484834,
            "brake": 0.00029733140628319395,
            "steer": 0.0
        },
        {
            "throttle": 0.3226923962385698,
            "brake": 0.0002675982656548746,
            "steer": 0.0
        },
        {
            "throttle": 0.3067869541798477,
            "brake": 0.00024083843908938714,
            "steer": 0.0
        },
        {
            "throttle": 0.2905984021443135,
            "brake": 0.00021675459518044843,
            "steer": 0.0
        },
        {
            "throttle": 0.2742688163018319,
            "brake": 0.00019507913566240359,
            "steer": 0.0
        },
        {
            "throttle": 0.25794146893144226,
            "brake": 0.00017557122209616323,
            "steer": 0.0
        },
        {
            "throttle": 0.24175957823781546,
            "brake": 0.00015801409988654692,
            "steer": 0.0
        },
        {
            "throttle": 0.22586505825787598,
            "brake": 0.00014221268989789222,
            "steer": 0.0
        },
        {
            "throttle": 0.21039727983755474,
            "brake": 0.000127991420908103,
            "steer": 0.0
        },
        {
            "throttle": 0.19549185355791518,
            "brake": 0.00011519227881729272,
            "steer": 0.0
        },
        {
            "throttle": 0.1812794452943315,
            "brake": 0.00010367305093556345,
            "steer": 0.0
        },
        {
            "throttle": 0.16788463480366717,
            "brake": 9.330574584200711e-05,
            "steer": 0.0
        },
        {
            "throttle": 0.15542482735500038,
            "brake": 8.397517125780639e-05,
            "steer": 0.0
        },
        {
            "throttle": 0.14400922795265536,
            "brake": 7.557765413202575e-05,
            "steer": 0.0
        },
        {
            "throttle": 0.1337378871501877,
            "brake": 6.801988871882318e-05,
            "steer": 0.0
        },
        {
            "throttle": 0.12470082682532245,
            "brake": 6.121789984694086e-05,
            "steer": 0.0
        },
        {
            "throttle": 0.116977253584141,
            "brake": 5.509610986224678e-05,
            "steer": 0.0
        },
        {
            "throttle": 0.11063486669417222,
            "brake": 4.95864988760221e-05,
            "steer": 0.0
        },
        {
            "throttle": 0.10572926661717967,
            "brake": 4.462784898841989e-05,
            "steer": 0.0
        },
        {
            "throttle": 0.10230346933058494,
            "brake": 4.01650640895779e-05,
            "steer": 0.0
        },
        {
            "throttle": 0.10038753069933139,
            "brake": 3.6148557680620115e-05,
            "steer": 0.0
        },
        {
            "throttle": 0.09034877762939825,
            "brake": 0.0400287869627541,
            "steer": 0.0
        },
        {
            "throttle": 0.08131389986645843,
            "brake": 0.07602216152732025,
            "steer": 0.0
        },
        {
            "throttle": 0.07318250987981259,
            "brake": 0.10841619863542978,
            "steer": 0.0
        },
        {
            "throttle": 0.06586425889183134,
            "brake": 0.13757083203272835,
            "steer": 0.0
        },
        {
            "throttle": 0.05927783300264821,
            "brake": 0.16381000209029706,
            "steer": 0.0
        },
        {
            "throttle": 0.05335004970238339,
            "brake": 0.18742525514210892,
            "steer": 0.0
        },
        {
            "throttle": 0.04801504473214505,
            "brake": 0.2086789828887396,
            "steer": 0.0
        },
        {
            "throttle": 0.043213540258930545,
            "brake": 0.2278073378607072,
            "steer": 0.0
        },
        {
            "throttle": 0.038892186233037494,
            "brake": 0.24502285733547804,
            "steer": 0.0
        },
        {
            "throttle": 0.035002967609733746,
            "brake": 0.2605168248627718,
            "steer": 0.0
        },
        {
            "throttle": 0.03150267084876037,
            "brake": 0.2744613956373361,
            "steer": 0.0
        },
        {
            "throttle": 0.028352403763884336,
            "brake": 0.2870115093344441,
            "steer": 0.0
        },
        {
            "throttle": 0.025517163387495902,
            "brake": 0.29830661166184125,
            "steer": 0.0
        },
        {
            "throttle": 0.022965447048746312,
            "brake": 0.3084722037564987,
            "steer": 0.0
        },
        {
            "throttle": 0.02066890234387168,
            "brake": 0.3176212366416904,
            "steer": 0.0
        },
        {
            "throttle": 0.018602012109484513,
            "brake": 0.3258553662383629,
            "steer": 0.0
        },
        {
            "throttle": 0.01674181089853606,
            "brake": 0.3332660828753682,
            "steer": 0.0
        },
        {
            "throttle": 0.015067629808682455,
            "brake": 0.33993572784867293,
            "steer": 0.0
        },
        {
            "throttle": 0.013560866827814209,
            "brake": 0.3459384083246472,
            "steer": 0.0
        },
        {
            "throttle": 0.058163625451965725,
            "brake": 0.3113445674921825,
            "steer": 0.0
        },
        {
            "throttle": 0.09956559264373058,
            "brake": 0.28021011074296426,
            "steer": 0.0
        },
        {
            "throttle": 0.1379141537331416,
            "brake": 0.2521890996686678,
            "steer": 0.0
        },
        {
            "throttle": 0.17333244319857866,
            "brake": 0.22697018970180105,
            "steer": 0.0
        },
        {
            "throttle": 0.20592336454191423,
            "brake": 0.20427317073162096,
            "steer": 0.0
        },
        {
            "throttle": 0.23577327747565255,
            "brake": 0.18384585365845887,
            "steer": 0.0
        },
        {
            "throttle": 0.262955371125639,
            "brake": 0.16546126829261298,
            "steer": 0.0
        },
        {
            "throttle": 0.28753273960348646,
            "brake": 0.1489151414633517,
            "steer": 0.0
        },
        {
            "throttle": 0.30956117432005853,
            "brake": 0.13402362731701653,
            "steer": 0.0
        },
        {
            "throttle": 0.3290916857615391,
            "brake": 0.12062126458531489,
            "steer": 0.0
        },
        {
            "throttle": 0.34617276610137093,
            "brake": 0.1085591381267834,
            "steer": 0.0
        },
        {
            "throttle": 0.3608524029451684,
            "brake": 0.09770322431410507,
            "steer": 0.0
        },
        {
            "throttle": 0.37317985367385864,
            "brake": 0.08793290188269456,
            "steer": 0.0
        },
        {
            "throttle": 0.3832071892366226,
            "brake": 0.07913961169442511,
            "steer": 0.0
        },
        {
            "throttle": 0.39099061582495453,
            "brake": 0.0712256505249826,
            "steer": 0.0
        },
        {
            "throttle": 0.39659158260892874,
            "brake": 0.06410308547248435,
            "steer": 0.0
        },
        {
            "throttle": 0.40007768361436397,
            "brake": 0.05769277692523592,
            "steer": 0.0
        },
        {
            "throttle": 0.40152336184395687,
            "brake": 0.05192349923271233,
            "steer": 0.0
        },
        {
            "throttle": 0.40101042387665964,
            "brake": 0.0467311493094411,
            "steer": 0.0
        },
        {
            "throttle": 0.3986283733986769,
            "brake": 0.04205803437849699,
            "steer": 0.0
        },
        {
            "throttle": 0.39447457240853834,
            "brake": 0.0378522309406473,
            "steer": 0.0
        },
        {
            "throttle": 0.3886542391808417,
            "brake": 0.03406700784658257,
            "steer": 0.0
        },
        {
            "throttle": 0.3812802924525013,
            "brake": 0.030660307061924314,
            "steer": 0.0
        },
        {
            "throttle": 0.37247305169669886,
            "brake": 0.027594276355731882,
            "steer": 0.0
        },
        {
            "throttle": 0.3623598037592098,
            "brake": 0.024834848720158696,
            "steer": 0.0
        },
        {
            "throttle": 0.3510742465363364,
            "brake": 0.022351363848142826,
            "steer": 0.0
        },
        {
            "throttle": 0.3387558207612799,
            "brake": 0.020116227463328543,
            "steer": 0.0
        },
        {
            "throttle": 0.3255489413253797,
            "brake": 0.01810460471699569,
            "steer": 0.0
        },
        {
            "throttle": 0.31160213988220853,
            "brake": 0.01629414424529612,
            "steer": 0.0
        },
        {
            "throttle": 0.29706713075702484,
            "brake": 0.014664729820766508,
            "steer": 0.0
        },
        {
            "throttle": 0.28209781240356674,
            "brake": 0.013198256838689857,
            "steer": 0.0
        },
        {
            "throttle": 0.2668492168076837,
            "brake": 0.011878431154820871,
            "steer": 0.0
        },
        {
            "throttle": 0.2514764193269494,
            "brake": 0.010690588039338785,
            "steer": 0.0
        },
        {
            "throttle": 0.23613342147232846,
            "brake": 0.009621529235404906,
            "steer": 0.0
        },
        {
            "throttle": 0.22097201907837047,
            "brake": 0.008659376311864416,
            "steer": 0.0
        },
        {
            "throttle": 0.20614066816951468,
            "brake": 0.007793438680677975,
            "steer": 0.0
        },
        {
            "throttle": 0.19178336061014542,
            "brake": 0.007014094812610177,
            "steer": 0.0
        },
        {
            "throttle": 0.17803852132431208,
            "brake": 0.00631268533134916,
            "steer": 0.0
        },
        {
            "throttle": 0.16503793848774972,
            "brake": 0.005681416798214245,
            "steer": 0.0
        },
        {
            "throttle": 0.15290573763120377,
            "brake": 0.00511327511839282,
            "steer": 0.0
        },
        {
            "throttle": 0.14175741005218892,
            "brake": 0.004601947606553539,
            "steer": 0.0
        },
        {
            "throttle": 0.131698905315189,
            "brake": 0.004141752845898185,
            "steer": 0.0
        },
        {
            "throttle": 0.12282579693175738,
            "brake": 0.0037275775613083667,
            "steer": 0.0
        },
        {
            "throttle": 0.11522252955661745,
            "brake": 0.00335481980517753,
            "steer": 0.0
        },
        {
            "throttle": 0.1089617552190221,
            "brake": 0.003019337824659777,
            "steer": 0.0
        },
        {
            "throttle": 0.10410376523631382,
            "brake": 0.0027174040421937993,
            "steer": 0.0
        },
        {
            "throttle": 0.1006960235354329,
            "brake": 0.0024456636379744197,
            "steer": 0.0
        },
        {
            "throttle": 0.09877280614518338,
            "brake": 0.002201097274176978,
            "steer": 0.0
        },
        {
            "throttle": 0.09835495062497608,
            "brake": 0.0019809875467592802,
            "steer": 0.0
        },
        {
            "throttle": 0.0994497181724996,
            "brake": 0.0017828887920833523,
            "steer": 0.0
        },
        {
            "throttle": 0.10205077011159935,
            "brake": 0.001604599912875017,
            "steer": 0.0
        },
        {
            "throttle": 0.10613825941107853,
            "brake": 0.0014441399215875154,
            "steer": 0.0
        },
        {
            "throttle": 0.11167903683381408,
            "brake": 0.0012997259294287638,
            "steer": 0.0
        },
        {
            "throttle": 0.11862697027221736,
            "brake": 0.0011697533364858875,
            "steer": 0.0
        },
        {
            "throttle": 0.12692337479934857,
            "brake": 0.0010527780028372988,
            "steer": 0.0
        },
        {
            "throttle": 0.13649754996350055,
            "brake": 0.000947500202553569,
            "steer": 0.0
        }
    ],
    "parameters": {
        "fog_density": 40.57985688697225,
        "precipitation": 3.6632537564596612,
        "precipitation_deposits": 12.874258189699672,
        "wind_intensity": 14.68935043321199,
        "sun_altitude_angle": -9.047760462340896,
        "cloudiness": 79.11839915837251,
        "lead_base_throttle": 0.2748791250746299,
        "lead_behavior_frequency": 0.14895287793870643,
        "lead_throttle_variation": 0.2338529709786876,
        "lead_brake_probability": 0.28927001125255847,
        "lead_brake_intensity": 0.3999625326084154,
        "lead_brake_duration": 19.275683017946495,
        "initial_distance": 66.9882426603275,
        "initial_ego_velocity": 7.2312534767837455,
        "initial_lead_velocity": 22.3729222275709
    },
    "config": {
        "num_timesteps": 200,
        "dt": 0.1,
        "seed": 159
    }
}