{
    "weather": {
        "cloudiness": 95.89011370545269,
        "precipitation": 93.73961539829227,
        "precipitation_deposits": 77.42598669381111,
        "wind_intensity": 42.20909632680943,
        "sun_altitude_angle": 47.88533382300207,
        "fog_density": 0.755149926626304,
        "fog_distance": 975.1425005818598,
        "wetness": 46.869807699146136
    },
    "initial_conditions": {
        "ego": {
            "position": {
                "x": 541.393554394226,
                "y": 20.57,
                "z": 0.294
            },
            "yaw": 0.0,
            "velocity": 16.148866258335595
        },
        "lead": {
            "position": {
                "x": 484.88,
                "y": 20.57,
                "z": 0.294
            },
            "yaw": 0.0,
            "velocity": 17.124438715249287
        }
    },
    "ego": {
        "position": {
            "x": 541.393554394226,
            "y": 20.57,
            "z": 0.294
        },
        "yaw": 0.0,
        "velocity": 16.148866258335595
    },
    "lead": {
        "position": {
            "x": 484.88,
            "y": 20.57,
            "z": 0.294
        },
        "yaw": 0.0,
        "velocity": 17.124438715249287
    },
    "ado_actions": [
        {
            "throttle": 0.5677968817980326,
            "brake": 0.0,
            "steer": 0.0
        },
        {
            "throttle": 0.5699459027368677,
            "brake": 0.0,
            "steer": 0.0
        },
        {
            "throttle": 0.5740075588469853,
            "brake": 0.0,
            "steer": 0.0
        },
        {
            "throttle": 0.5797478340353176,
            "brake": 0.0,
            "steer": 0.0
        },
        {
            "throttle": 0.5869352723115716,
            "brake": 0.0,
            "steer": 0.0
        },
        {
            "throttle": 0.5953413575253707,
            "brake": 0.0,
            "steer": 0.0
        },
        {
            "throttle": 0.6047410571258218,
            "brake": 0.0,
            "steer": 0.0
        },
        {
            "throttle": 0.6149135051663792,
            "brake": 0.0,
            "steer": 0.0
        },
        {
            "throttle": 0.6256428003199621,
            "brake": 0.0,
            "steer": 0.0
        },
        {
            "throttle": 0.6367188952602406,
            "brake": 0.0,
            "steer": 0.0
        },
        {
            "throttle": 0.6479385544182551,
            "brake": 0.0,
            "steer": 0.0
        },
        {
            "throttle": 0.6591063578499616,
            "brake": 0.0,
            "steer": 0.0
        },
        {
            "throttle": 0.6700357297583027,
            "brake": 0.0,
            "steer": 0.0
        },
        {
            "throttle": 0.6805499711090106,
            "brake": 0.0,
            "steer": 0.0
        },
        {
            "throttle": 0.6904832767662947,
            "brake": 0.0,
            "steer": 0.0
        },
        {
            "throttle": 0.6996817186544018,
            "brake": 0.0,
            "steer": 0.0
        },
        {
            "throttle": 0.7080041776232519,
            "brake": 0.0,
            "steer": 0.0
        },
        {
            "throttle": 0.7153232079584706,
            "brake": 0.0,
            "steer": 0.0
        },
        {
            "throttle": 0.7215258198238782,
            "brake": 0.0,
            "steer": 0.0
        },
        {
            "throttle": 0.7265141663518667,
            "brake": 0.0,
            "steer": 0.0
        },
        {
            "throttle": 0.7302061235965801,
            "brake": 0.0,
            "steer": 0.0
        },
        {
            "throttle": 0.7325357531274864,
            "brake": 0.0,
            "steer": 0.0
        },
        {
            "throttle": 0.7334536386566332,
            "brake": 0.0,
            "steer": 0.0
        },
        {
            "throttle": 0.7329270897503773,
            "brake": 0.0,
            "steer": 0.0
        },
        {
            "throttle": 0.7309402073635248,
            "brake": 0.0,
            "steer": 0.0
        },
        {
            "throttle": 0.7274938076377309,
            "brake": 0.0,
            "steer": 0.0
        },
        {
            "throttle": 0.7226052021132371,
            "brake": 0.0,
            "steer": 0.0
        },
        {
            "throttle": 0.7163078341997213,
            "brake": 0.0,
            "steer": 0.0
        },
        {
            "throttle": 0.7086507734241545,
            "brake": 0.0,
            "steer": 0.0
        },
        {
            "throttle": 0.6996980706069833,
            "brake": 0.0,
            "steer": 0.0
        },
        {
            "throttle": 0.6895279786987176,
            "brake": 0.0,
            "steer": 0.0
        },
        {
            "throttle": 0.6782320455234105,
            "brake": 0.0,
            "steer": 0.0
        },
        {
            "throttle": 0.6659140861103352,
            "brake": 0.0,
            "steer": 0.0
        },
        {
            "throttle": 0.6526890436377686,
            "brake": 0.0,
            "steer": 0.0
        },
        {
            "throttle": 0.6386817492512931,
            "brake": 0.0,
            "steer": 0.0
        },
        {
            "throttle": 0.6240255921424461,
            "brake": 0.0,
            "steer": 0.0
        },
        {
            "throttle": 0.6088611122718908,
            "brake": 0.0,
            "steer": 0.0
        },
        {
            "throttle": 0.593334528985701,
            "brake": 0.0,
            "steer": 0.0
        },
        {
            "throttle": 0.5775962194962181,
            "brake": 0.0,
            "steer": 0.0
        },
        {
            "throttle": 0.561799161773926,
            "brake": 0.0,
            "steer": 0.0
        },
        {
            "throttle": 0.54609735681899,
            "brake": 0.0,
            "steer": 0.0
        },
        {
            "throttle": 0.5306442455470084,
            "brake": 0.0,
            "steer": 0.0
        },
        {
            "throttle": 0.5155911356311679,
            "brake": 0.0,
            "steer": 0.0
        },
        {
            "throttle": 0.5010856535918687,
            "brake": 0.0,
            "steer": 0.0
        },
        {
            "throttle": 0.487270237216064,
            "brake": 0.0,
            "steer": 0.0
        },
        {
            "throttle": 0.4742806830245949,
            "brake": 0.0,
            "steer": 0.0
        },
        {
            "throttle": 0.46224476299078854,
            "brake": 0.0,
            "steer": 0.0
        },
        {
            "throttle": 0.4512809240530445,
            "brake": 0.0,
            "steer": 0.0
        },
        {
            "throttle": 0.44149708316503733,
            "brake": 0.0,
            "steer": 0.0
        },
        {
            "throttle": 0.43298952969780663,
            "brake": 0.0,
            "steer": 0.0
        },
        {
            "throttle": 0.4258419459579678,
            "brake": 0.0,
            "steer": 0.0
        },
        {
            "throttle": 0.4201245554263186,
            "brake": 0.0,
            "steer": 0.0
        },
        {
            "throttle": 0.37811209988368677,
            "brake": 0.05329308617623372,
            "steer": 0.0
        },
        {
            "throttle": 0.3403008898953181,
            "brake": 0.10125686373484406,
            "steer": 0.0
        },
        {
            "throttle": 0.3062708009057863,
            "brake": 0.14442426353759338,
            "steer": 0.0
        },
        {
            "throttle": 0.27564372081520766,
            "brake": 0.18327492336006776,
            "steer": 0.0
        },
        {
            "throttle": 0.2480793487336869,
            "brake": 0.2182405172002947,
            "steer": 0.0
        },
        {
            "throttle": 0.2232714138603182,
            "brake": 0.24970955165649894,
            "steer": 0.0
        },
        {
            "throttle": 0.2009442724742864,
            "brake": 0.2780316826670828,
            "steer": 0.0
        },
        {
            "throttle": 0.18084984522685776,
            "brake": 0.30352160057660826,
            "steer": 0.0
        },
        {
            "throttle": 0.16276486070417198,
            "brake": 0.32646252669518117,
            "steer": 0.0
        },
        {
            "throttle": 0.14648837463375478,
            "brake": 0.3471093602018968,
            "steer": 0.0
        },
        {
            "throttle": 0.1318395371703793,
            "brake": 0.3656915103579409,
            "steer": 0.0
        },
        {
            "throttle": 0.1758330185373645,
            "brake": 0.32912235932214684,
            "steer": 0.0
        },
        {
            "throttle": 0.21757381749638524,
            "brake": 0.2962101233899322,
            "steer": 0.0
        },
        {
            "throttle": 0.25726176590011407,
            "brake": 0.26658911105093896,
            "steer": 0.0
        },
        {
            "throttle": 0.2950555065737478,
            "brake": 0.23993019994584508,
            "steer": 0.0
        },
        {
            "throttle": 0.3310770784982076,
            "brake": 0.21593717995126058,
            "steer": 0.0
        },
        {
            "throttle": 0.3654162508075622,
            "brake": 0.19434346195613453,
            "steer": 0.0
        },
        {
            "throttle": 0.328874625726806,
            "brake": 0.22820220193675478,
            "steer": 0.0
        },
        {
            "throttle": 0.2959871631541254,
            "brake": 0.25867506791931305,
            "steer": 0.0
        },
        {
            "throttle": 0.2663884468387128,
            "brake": 0.28610064730361545,
            "steer": 0.0
        },
        {
            "throttle": 0.23974960215484153,
            "brake": 0.31078366874948765,
            "steer": 0.0
        },
        {
            "throttle": 0.2157746419393574,
            "brake": 0.33299838805077264,
            "steer": 0.0
        },
        {
            "throttle": 0.19419717774542164,
            "brake": 0.35299163542192913,
            "steer": 0.0
        },
        {
            "throttle": 0.17477745997087948,
            "brake": 0.37098555805596994,
            "steer": 0.0
        },
        {
            "throttle": 0.15729971397379153,
            "brake": 0.38718008842660667,
            "steer": 0.0
        },
        {
            "throttle": 0.1415697425764124,
            "brake": 0.4017551657601798,
            "steer": 0.0
        },
        {
            "throttle": 0.12741276831877116,
            "brake": 0.41487273536039554,
            "steer": 0.0
        },
        {
            "throttle": 0.11467149148689404,
            "brake": 0.42667854800058974,
            "steer": 0.0
        },
        {
            "throttle": 0.1812687202316512,
            "brake": 0.3840106932005308,
            "steer": 0.0
        },
        {
            "throttle": 0.2407826478511983,
            "brake": 0.3456096238804777,
            "steer": 0.0
        },
        {
            "throttle": 0.29371305678737025,
            "brake": 0.31104866149242993,
            "steer": 0.0
        },
        {
            "throttle": 0.34051607057457706,
            "brake": 0.279943795343187,
            "steer": 0.0
        },
        {
            "throttle": 0.3816105413988578,
            "brake": 0.25194941580886826,
            "steer": 0.0
        },
        {
            "throttle": 0.4173837155163456,
            "brake": 0.22675447422798145,
            "steer": 0.0
        },
        {
            "throttle": 0.4481962293682613,
            "brake": 0.2040790268051833,
            "steer": 0.0
        },
        {
            "throttle": 0.47438648497314445,
            "brake": 0.183671124124665,
            "steer": 0.0
        },
        {
            "throttle": 0.49627444952970556,
            "brake": 0.1653040117121985,
            "steer": 0.0
        },
        {
            "throttle": 0.5141649210524242,
            "brake": 0.14877361054097865,
            "steer": 0.0
        },
        {
            "throttle": 0.5283502992194076,
            "brake": 0.13389624948688078,
            "steer": 0.0
        },
        {
            "throttle": 0.5391128983758036,
            "brake": 0.1205066245381927,
            "steer": 0.0
        },
        {
            "throttle": 0.5467268377487768,
            "brake": 0.10845596208437344,
            "steer": 0.0
        },
        {
            "throttle": 0.5514595423387589,
            "brake": 0.0976103658759361,
            "steer": 0.0
        },
        {
            "throttle": 0.55357288660762,
            "brake": 0.08784932928834249,
            "steer": 0.0
        },
        {
            "throttle": 0.5533240119428599,
            "brake": 0.07906439635950825,
            "steer": 0.0
        },
        {
            "throttle": 0.5509658478969088,
            "brake": 0.07115795672355743,
            "steer": 0.0
        },
        {
            "throttle": 0.5467473663448569,
            "brake": 0.0640421610512017,
            "steer": 0.0
        },
        {
            "throttle": 0.5409135969385156,
            "brake": 0.05763794494608153,
            "steer": 0.0
        },
        {
            "throttle": 0.5337054315291622,
            "brake": 0.05187415045147338,
            "steer": 0.0
        },
        {
            "throttle": 0.5253592445582971,
            "brake": 0.04668673540632604,
            "steer": 0.0
        },
        {
            "throttle": 0.5161063557510961,
            "brake": 0.042018061865693436,
            "steer": 0.0
        },
        {
            "throttle": 0.5061723607697534,
            "brake": 0.03781625567912409,
            "steer": 0.0
        },
        {
            "throttle": 0.4957763547753364,
            "brake": 0.03403463011121168,
            "steer": 0.0
        },
        {
            "throttle": 0.48513007309164474,
            "brake": 0.030631167100090513,
            "steer": 0.0
        },
        {
            "throttle": 0.4744369723501435,
            "brake": 0.027568050390081464,
            "steer": 0.0
        },
        {
            "throttle": 0.4638912746112194,
            "brake": 0.02481124535107332,
            "steer": 0.0
        },
        {
            "throttle": 0.45367699599618255,
            "brake": 0.022330120815965988,
            "steer": 0.0
        },
        {
            "throttle": 0.4439669803214272,
            "brake": 0.02009710873436939,
            "steer": 0.0
        },
        {
            "throttle": 0.43492195709809023,
            "brake": 0.018087397860932452,
            "steer": 0.0
        },
        {
            "throttle": 0.42668964204670407,
            "brake": 0.016278658074839206,
            "steer": 0.0
        },
        {
            "throttle": 0.4194038969780822,
            "brake": 0.014650792267355285,
            "steer": 0.0
        },
        {
            "throttle": 0.4131839645122844,
            "brake": 0.013185713040619756,
            "steer": 0.0
        },
        {
            "throttle": 0.40813379165203145,
            "brake": 0.011867141736557781,
            "steer": 0.0
        },
        {
            "throttle": 0.4043414547020792,
            "brake": 0.010680427562902004,
            "steer": 0.0
        },
        {
            "throttle": 0.401878696439978,
            "brake": 0.009612384806611803,
            "steer": 0.0
        },
        {
            "throttle": 0.40080058480583514,
            "brake": 0.008651146325950623,
            "steer": 0.0
        },
        {
            "throttle": 0.401145300699805,
            "brake": 0.00778603169335556,
            "steer": 0.0
        },
        {
            "throttle": 0.40293406076767824,
            "brake": 0.007007428524020004,
            "steer": 0.0
        },
        {
            "throttle": 0.4061711793295761,
            "brake": 0.006306685671618004,
            "steer": 0.0
        },
        {
            "throttle": 0.410844271877433,
            "brake": 0.0056760171044562035,
            "steer": 0.0
        },
        {
            "throttle": 0.4169246008472206,
            "brake": 0.0051084153940105835,
            "steer": 0.0
        },
        {
            "throttle": 0.4243675626755161,
            "brake": 0.004597573854609525,
            "steer": 0.0
        },
        {
            "throttle": 0.4331133134909797,
            "brake": 0.004137816469148573,
            "steer": 0.0
        },
        {
            "throttle": 0.4430875291834118,
            "brake": 0.0037240348222337158,
            "steer": 0.0
        },
        {
            "throttle": 0.4542022940499269,
            "brake": 0.0033516313400103444,
            "steer": 0.0
        },
        {
            "throttle": 0.4663571107526073,
            "brake": 0.00301646820600931,
            "steer": 0.0
        },
        {
            "throttle": 0.4794400229474433,
            "brake": 0.002714821385408379,
            "steer": 0.0
        },
        {
            "throttle": 0.49332884067236527,
            "brake": 0.0024433392468675413,
            "steer": 0.0
        },
        {
            "throttle": 0.5078924574238243,
            "brake": 0.0021990053221807872,
            "steer": 0.0
        },
        {
            "throttle": 0.5229922468168142,
            "brake": 0.0019791047899627087,
            "steer": 0.0
        },
        {
            "throttle": 0.538483525821466,
            "brake": 0.001781194310966438,
            "steer": 0.0
        },
        {
            "throttle": 0.554217070808237,
            "brake": 0.0016030748798697941,
            "steer": 0.0
        },
        {
            "throttle": 0.5700406720197975,
            "brake": 0.0014427673918828148,
            "steer": 0.0
        },
        {
            "throttle": 0.5858007116261705,
            "brake": 0.0012984906526945334,
            "steer": 0.0
        },
        {
            "throttle": 0.6013437502142699,
            "brake": 0.0011686415874250801,
            "steer": 0.0
        },
        {
            "throttle": 0.6165181064159675,
            "brake": 0.0010517774286825721,
            "steer": 0.0
        },
        {
            "throttle": 0.6311754143910004,
            "brake": 0.000946599685814315,
            "steer": 0.0
        },
        {
            "throttle": 0.6451721440516294,
            "brake": 0.0008519397172328835,
            "steer": 0.0
        },
        {
            "throttle": 0.6583710692427313,
            "brake": 0.0007667457455095951,
            "steer": 0.0
        },
        {
            "throttle": 0.670642669570165,
            "brake": 0.0006900711709586356,
            "steer": 0.0
        },
        {
            "throttle": 0.6818664521965476,
            "brake": 0.000621064053862772,
            "steer": 0.0
        },
        {
            "throttle": 0.6136798069768928,
            "brake": 0.05385204382471021,
            "steer": 0.0
        },
        {
            "throttle": 0.5523118262792036,
            "brake": 0.10175992561847291,
            "steer": 0.0
        },
        {
            "throttle": 0.49708064365128324,
            "brake": 0.14487701923285934,
            "steer": 0.0
        },
        {
            "throttle": 0.4473725792861549,
            "brake": 0.1836824034858071,
            "steer": 0.0
        },
        {
            "throttle": 0.40263532135753943,
            "brake": 0.21860724931346012,
            "steer": 0.0
        },
        {
            "throttle": 0.3623717892217855,
            "brake": 0.25003961055834784,
            "steer": 0.0
        },
        {
            "throttle": 0.32613461029960694,
            "brake": 0.2783287356787468,
            "steer": 0.0
        },
        {
            "throttle": 0.29352114926964623,
            "brake": 0.30378894828710584,
            "steer": 0.0
        },
        {
            "throttle": 0.26416903434268163,
            "brake": 0.326703139634629,
            "steer": 0.0
        },
        {
            "throttle": 0.23775213090841346,
            "brake": 0.34732591184739986,
            "steer": 0.0
        },
        {
            "throttle": 0.2139769178175721,
            "brake": 0.3658864068388936,
            "steer": 0.0
        },
        {
            "throttle": 0.2578168003982151,
            "brake": 0.3292977661550043,
            "steer": 0.0
        },
        {
            "throttle": 0.2952543266867441,
            "brake": 0.2963679895395039,
            "steer": 0.0
        },
        {
            "throttle": 0.32686535671509676,
            "brake": 0.2667311905855535,
            "steer": 0.0
        },
        {
            "throttle": 0.3531889856141773,
            "brake": 0.24005807152699815,
            "steer": 0.0
        },
        {
            "throttle": 0.3747316555164506,
            "brake": 0.21605226437429834,
            "steer": 0.0
        },
        {
            "throttle": 0.39197064376777746,
            "brake": 0.19444703793686852,
            "steer": 0.0
        },
        {
            "throttle": 0.4053569875891231,
            "brake": 0.17500233414318167,
            "steer": 0.0
        },
        {
            "throttle": 0.4153179014613484,
            "brake": 0.1575021007288635,
            "steer": 0.0
        },
        {
            "throttle": 0.42225874002642194,
            "brake": 0.14175189065597715,
            "steer": 0.0
        },
        {
            "throttle": 0.4265645561458654,
            "brake": 0.12757670159037945,
            "steer": 0.0
        },
        {
            "throttle": 0.42860130087805176,
            "brake": 0.1148190314313415,
            "steer": 0.0
        },
        {
            "throttle": 0.42871670948195506,
            "brake": 0.10333712828820736,
            "steer": 0.0
        },
        {
            "throttle": 0.4272409150833569,
            "brake": 0.09300341545938663,
            "steer": 0.0
        },
        {
            "throttle": 0.42448682931272763,
            "brake": 0.08370307391344797,
            "steer": 0.0
        },
        {
            "throttle": 0.420750327009174,
            "brake": 0.07533276652210318,
            "steer": 0.0
        },
        {
            "throttle": 0.41631026995362586,
            "brake": 0.06779948986989286,
            "steer": 0.0
        },
        {
            "throttle": 0.41142840252268953,
            "brake": 0.061019540882903574,
            "steer": 0.0
        },
        {
            "throttle": 0.40634915012212824,
            "brake": 0.05491758679461322,
            "steer": 0.0
        },
        {
            "throttle": 0.40129934924925814,
            "brake": 0.0494258281151519,
            "steer": 0.0
        },
        {
            "throttle": 0.39648793603362736,
            "brake": 0.04448324530363671,
            "steer": 0.0
        },
        {
            "throttle": 0.3921056181053542,
            "brake": 0.04003492077327304,
            "steer": 0.0
        },
        {
            "throttle": 0.3883245526336021,
            "brake": 0.036031428695945736,
            "steer": 0.0
        },
        {
            "throttle": 0.38529805135976836,
            "brake": 0.03242828582635116,
            "steer": 0.0
        },
        {
            "throttle": 0.3831603314195067,
            "brake": 0.029185457243716045,
            "steer": 0.0
        },
        {
            "throttle": 0.38202632870541736,
            "brake": 0.026266911519344443,
            "steer": 0.0
        },
        {
            "throttle": 0.34382369583487565,
            "brake": 0.07693330654364372,
            "steer": 0.0
        },
        {
            "throttle": 0.3094413262513881,
            "brake": 0.12253306206551307,
            "steer": 0.0
        },
        {
            "throttle": 0.2784971936262493,
            "brake": 0.16357284203519548,
            "steer": 0.0
        },
        {
            "throttle": 0.2506474742636244,
            "brake": 0.20050864400790966,
            "steer": 0.0
        },
        {
            "throttle": 0.22558272683726194,
            "brake": 0.2337508657833524,
            "steer": 0.0
        },
        {
            "throttle": 0.20302445415353576,
            "brake": 0.2636688653812509,
            "steer": 0.0
        },
        {
            "throttle": 0.1827220087381822,
            "brake": 0.29059506501935956,
            "steer": 0.0
        },
        {
            "throttle": 0.16444980786436397,
            "brake": 0.31482864469365734,
            "steer": 0.0
        },
        {
            "throttle": 0.1480048270779276,
            "brake": 0.33663886640052537,
            "steer": 0.0
        },
        {
            "throttle": 0.13320434437013484,
            "brake": 0.35626806593670657,
            "steer": 0.0
        },
        {
            "throttle": 0.11988390993312135,
            "brake": 0.3739343455192697,
            "steer": 0.0
        },
        {
            "throttle": 0.16586790435641446,
            "brake": 0.33654091096734273,
            "steer": 0.0
        },
        {
            "throttle": 0.20939325563241604,
            "brake": 0.30288681987060845,
            "steer": 0.0
        },
        {
            "throttle": 0.25067251367537524,
            "brake": 0.2725981378835476,
            "steer": 0.0
        },
        {
            "throttle": 0.28987591539539587,
            "brake": 0.24533832409519282,
            "steer": 0.0
        },
        {
            "throttle": 0.3271361595576228,
            "brake": 0.22080449168567354,
            "steer": 0.0
        },
        {
            "throttle": 0.36255290923765926,
            "brake": 0.19872404251710618,
            "steer": 0.0
        },
        {
            "throttle": 0.39619704162945985,
            "brake": 0.17885163826539557,
            "steer": 0.0
        },
        {
            "throttle": 0.4281146610109402,
            "brake": 0.16096647443885603,
            "steer": 0.0
        },
        {
            "throttle": 0.4583308872112067,
            "brake": 0.14486982699497045,
            "steer": 0.0
        },
        {
            "throttle": 0.486853428921476,
            "brake": 0.1303828442954734,
            "steer": 0.0
        },
        {
            "throttle": 0.5136759486211402,
            "brake": 0.11734455986592605,
            "steer": 0.0
        }
    ],
    "parameters": {
        "fog_density": 0.755149926626304,
        "precipitation": 93.73961539829227,
        "precipitation_deposits": 77.42598669381111,
        "wind_intensity": 42.20909632680943,
        "sun_altitude_angle": 47.88533382300207,
        "cloudiness": 95.89011370545269,
        "lead_base_throttle": 0.5677968817980326,
        "lead_behavior_frequency": 0.15919709868780424,
        "lead_throttle_variation": 0.21520387119790763,
        "lead_brake_probability": 0.2816683493019837,
        "lead_brake_intensity": 0.5329308617623372,
        "lead_brake_duration": 11.759075527252385,
        "initial_distance": 56.51355439422603,
        "initial_ego_velocity": 16.148866258335595,
        "initial_lead_velocity": 17.124438715249287
    },
    "config": {
        "num_timesteps": 200,
        "dt": 0.1,
        "seed": 152
    }
}