{
    "weather": {
        "cloudiness": 20.394757393238116,
        "precipitation": 34.0748074101063,
        "precipitation_deposits": 96.85171885127775,
        "wind_intensity": 25.635293788547898,
        "sun_altitude_angle": 80.33606063446321,
        "fog_density": 52.334692473649376,
        "fog_distance": 174.73412446463044,
        "wetness": 17.03740370505315
    },
    "initial_conditions": {
        "ego": {
            "position": {
                "x": 513.5604971432807,
                "y": 20.57,
                "z": 0.294
            },
            "yaw": 0.0,
            "velocity": 13.317965008052587
        },
        "lead": {
            "position": {
                "x": 484.88,
                "y": 20.57,
                "z": 0.294
            },
            "yaw": 0.0,
            "velocity": 20.96197882107137
        }
    },
    "ego": {
        "position": {
            "x": 513.5604971432807,
            "y": 20.57,
            "z": 0.294
        },
        "yaw": 0.0,
        "velocity": 13.317965008052587
    },
    "lead": {
        "position": {
            "x": 484.88,
            "y": 20.57,
            "z": 0.294
        },
        "yaw": 0.0,
        "velocity": 20.96197882107137
    },
    "ado_actions": [
        {
            "throttle": 0.4051872352009666,
            "brake": 0.0,
            "steer": 0.0
        },
        {
            "throttle": 0.41121894522856717,
            "brake": 0.0,
            "steer": 0.0
        },
        {
            "throttle": 0.42248435996682854,
            "brake": 0.0,
            "steer": 0.0
        },
        {
            "throttle": 0.43807673379028333,
            "brake": 0.0,
            "steer": 0.0
        },
        {
            "throttle": 0.45700383845397907,
            "brake": 0.0,
            "steer": 0.0
        },
        {
            "throttle": 0.4782145851849927,
            "brake": 0.0,
            "steer": 0.0
        },
        {
            "throttle": 0.5006280909212696,
            "brake": 0.0,
            "steer": 0.0
        },
        {
            "throttle": 0.5231641955243066,
            "brake": 0.0,
            "steer": 0.0
        },
        {
            "throttle": 0.5447743953518571,
            "brake": 0.0,
            "steer": 0.0
        },
        {
            "throttle": 0.5644721500133969,
            "brake": 0.0,
            "steer": 0.0
        },
        {
            "throttle": 0.5813615437754512,
            "brake": 0.0,
            "steer": 0.0
        },
        {
            "throttle": 0.5946633401888466,
            "brake": 0.0,
            "steer": 0.0
        },
        {
            "throttle": 0.603737556274904,
            "brake": 0.0,
            "steer": 0.0
        },
        {
            "throttle": 0.6081017982371515,
            "brake": 0.0,
            "steer": 0.0
        },
        {
            "throttle": 0.6074447404598906,
            "brake": 0.0,
            "steer": 0.0
        },
        {
            "throttle": 0.6016342890313569,
            "brake": 0.0,
            "steer": 0.0
        },
        {
            "throttle": 0.5907201450647592,
            "brake": 0.0,
            "steer": 0.0
        },
        {
            "throttle": 0.574930666089502,
            "brake": 0.0,
            "steer": 0.0
        },
        {
            "throttle": 0.5546641098595663,
            "brake": 0.0,
            "steer": 0.0
        },
        {
            "throttle": 0.5304745280868747,
            "brake": 0.0,
            "steer": 0.0
        },
        {
            "throttle": 0.503052751957012,
            "brake": 0.0,
            "steer": 0.0
        },
        {
            "throttle": 0.4732030712081616,
            "brake": 0.0,
            "steer": 0.0
        },
        {
            "throttle": 0.44181634890110333,
            "brake": 0.0,
            "steer": 0.0
        },
        {
            "throttle": 0.40984043025894146,
            "brake": 0.0,
            "steer": 0.0
        },
        {
            "throttle": 0.3782487923672177,
            "brake": 0.0,
            "steer": 0.0
        },
        {
            "throttle": 0.3480084392535442,
            "brake": 0.0,
            "steer": 0.0
        },
        {
            "throttle": 0.32004807205618685,
            "brake": 0.0,
            "steer": 0.0
        },
        {
            "throttle": 0.2952275558385121,
            "brake": 0.0,
            "steer": 0.0
        },
        {
            "throttle": 0.2743096633823658,
            "brake": 0.0,
            "steer": 0.0
        },
        {
            "throttle": 0.2579350033372123,
            "brake": 0.0,
            "steer": 0.0
        },
        {
            "throttle": 0.24660093777643782,
            "brake": 0.0,
            "steer": 0.0
        },
        {
            "throttle": 0.24064516582882867,
            "brake": 0.0,
            "steer": 0.0
        },
        {
            "throttle": 0.24023449976422692,
            "brake": 0.0,
            "steer": 0.0
        },
        {
            "throttle": 0.24535919257713024,
            "brake": 0.0,
            "steer": 0.0
        },
        {
            "throttle": 0.25583299714008456,
            "brake": 0.0,
            "steer": 0.0
        },
        {
            "throttle": 0.2712989521751029,
            "brake": 0.0,
            "steer": 0.0
        },
        {
            "throttle": 0.2912407055896523,
            "brake": 0.0,
            "steer": 0.0
        },
        {
            "throttle": 0.3149990071133122,
            "brake": 0.0,
            "steer": 0.0
        },
        {
            "throttle": 0.34179283542427885,
            "brake": 0.0,
            "steer": 0.0
        },
        {
            "throttle": 0.37074447546023304,
            "brake": 0.0,
            "steer": 0.0
        },
        {
            "throttle": 0.4009077341969307,
            "brake": 0.0,
            "steer": 0.0
        },
        {
            "throttle": 0.4312983819678824,
            "brake": 0.0,
            "steer": 0.0
        },
        {
            "throttle": 0.4609258346607747,
            "brake": 0.0,
            "steer": 0.0
        },
        {
            "throttle": 0.48882505217977745,
            "brake": 0.0,
            "steer": 0.0
        },
        {
            "throttle": 0.5140876216994297,
            "brake": 0.0,
            "steer": 0.0
        },
        {
            "throttle": 0.5358910206784555,
            "brake": 0.0,
            "steer": 0.0
        },
        {
            "throttle": 0.5535251134977202,
            "brake": 0.0,
            "steer": 0.0
        },
        {
            "throttle": 0.5664150250342522,
            "brake": 0.0,
            "steer": 0.0
        },
        {
            "throttle": 0.5741396515945159,
            "brake": 0.0,
            "steer": 0.0
        },
        {
            "throttle": 0.5764452106229226,
            "brake": 0.0,
            "steer": 0.0
        },
        {
            "throttle": 0.5732533909224108,
            "brake": 0.0,
            "steer": 0.0
        },
        {
            "throttle": 0.564663839594904,
            "brake": 0.0,
            "steer": 0.0
        },
        {
            "throttle": 0.5509509048955135,
            "brake": 0.0,
            "steer": 0.0
        },
        {
            "throttle": 0.5325547397853168,
            "brake": 0.0,
            "steer": 0.0
        },
        {
            "throttle": 0.510067053169047,
            "brake": 0.0,
            "steer": 0.0
        },
        {
            "throttle": 0.48421196873112665,
            "brake": 0.0,
            "steer": 0.0
        },
        {
            "throttle": 0.4558226093507713,
            "brake": 0.0,
            "steer": 0.0
        },
        {
            "throttle": 0.4258141631789121,
            "brake": 0.0,
            "steer": 0.0
        },
        {
            "throttle": 0.3951543011358685,
            "brake": 0.0,
            "steer": 0.0
        },
        {
            "throttle": 0.3648319011674176,
            "brake": 0.0,
            "steer": 0.0
        },
        {
            "throttle": 0.3358250893141004,
            "brake": 0.0,
            "steer": 0.0
        },
        {
            "throttle": 0.30906962973707863,
            "brake": 0.0,
            "steer": 0.0
        },
        {
            "throttle": 0.2854286845903285,
            "brake": 0.0,
            "steer": 0.0
        },
        {
            "throttle": 0.26566492039715345,
            "brake": 0.0,
            "steer": 0.0
        },
        {
            "throttle": 0.2504158618078565,
            "brake": 0.0,
            "steer": 0.0
        },
        {
            "throttle": 0.24017328873295357,
            "brake": 0.0,
            "steer": 0.0
        },
        {
            "throttle": 0.23526734225056697,
            "brake": 0.0,
            "steer": 0.0
        },
        {
            "throttle": 0.23585585259620148,
            "brake": 0.0,
            "steer": 0.0
        },
        {
            "throttle": 0.24191923387087155,
            "brake": 0.0,
            "steer": 0.0
        },
        {
            "throttle": 0.25326111029802323,
            "brake": 0.0,
            "steer": 0.0
        },
        {
            "throttle": 0.2695146537289901,
            "brake": 0.0,
            "steer": 0.0
        },
        {
            "throttle": 0.29015442762096244,
            "brake": 0.0,
            "steer": 0.0
        },
        {
            "throttle": 0.31451335484958454,
            "brake": 0.0,
            "steer": 0.0
        },
        {
            "throttle": 0.34180426121563273,
            "brake": 0.0,
            "steer": 0.0
        },
        {
            "throttle": 0.3711452987078469,
            "brake": 0.0,
            "steer": 0.0
        },
        {
            "throttle": 0.4015884272660452,
            "brake": 0.0,
            "steer": 0.0
        },
        {
            "throttle": 0.4321500349981809,
            "brake": 0.0,
            "steer": 0.0
        },
        {
            "throttle": 0.4618427077331432,
            "brake": 0.0,
            "steer": 0.0
        },
        {
            "throttle": 0.41565843695982885,
            "brake": 0.014779848939068292,
            "steer": 0.0
        },
        {
            "throttle": 0.374092593263846,
            "brake": 0.028081712984229755,
            "steer": 0.0
        },
        {
            "throttle": 0.33668333393746136,
            "brake": 0.04005339062487507,
            "steer": 0.0
        },
        {
            "throttle": 0.3030150005437152,
            "brake": 0.05082790050145586,
            "steer": 0.0
        },
        {
            "throttle": 0.27271350048934373,
            "brake": 0.060524959390378566,
            "steer": 0.0
        },
        {
            "throttle": 0.24544215044040937,
            "brake": 0.06925231239040901,
            "steer": 0.0
        },
        {
            "throttle": 0.2801791019016029,
            "brake": 0.062327081151368105,
            "steer": 0.0
        },
        {
            "throttle": 0.3061291176239612,
            "brake": 0.0560943730362313,
            "steer": 0.0
        },
        {
            "throttle": 0.32373645946757507,
            "brake": 0.05048493573260817,
            "steer": 0.0
        },
        {
            "throttle": 0.33358662252762616,
            "brake": 0.045436442159347355,
            "steer": 0.0
        },
        {
            "throttle": 0.3364002475716845,
            "brake": 0.04089279794341262,
            "steer": 0.0
        },
        {
            "throttle": 0.3330213855551934,
            "brake": 0.03680351814907136,
            "steer": 0.0
        },
        {
            "throttle": 0.3244006215399792,
            "brake": 0.03312316633416423,
            "steer": 0.0
        },
        {
            "throttle": 0.311573718565587,
            "brake": 0.029810849700747804,
            "steer": 0.0
        },
        {
            "throttle": 0.2804163467090283,
            "brake": 0.041609613669741315,
            "steer": 0.0
        },
        {
            "throttle": 0.2523747120381255,
            "brake": 0.05222850124183548,
            "steer": 0.0
        },
        {
            "throttle": 0.22713724083431297,
            "brake": 0.061785500056720226,
            "steer": 0.0
        },
        {
            "throttle": 0.2044235167508817,
            "brake": 0.07038679899011649,
            "steer": 0.0
        },
        {
            "throttle": 0.1839811650757935,
            "brake": 0.07812796803017313,
            "steer": 0.0
        },
        {
            "throttle": 0.16558304856821415,
            "brake": 0.08509502016622411,
            "steer": 0.0
        },
        {
            "throttle": 0.1579859572769971,
            "brake": 0.0765855181496017,
            "steer": 0.0
        },
        {
            "throttle": 0.153773161074039,
            "brake": 0.06892696633464153,
            "steer": 0.0
        },
        {
            "throttle": 0.15354081224871938,
            "brake": 0.062034269701177376,
            "steer": 0.0
        },
        {
            "throttle": 0.15771048079478087,
            "brake": 0.05583084273105964,
            "steer": 0.0
        },
        {
            "throttle": 0.16652013771431212,
            "brake": 0.05024775845795368,
            "steer": 0.0
        },
        {
            "throttle": 0.1800206088040633,
            "brake": 0.04522298261215831,
            "steer": 0.0
        },
        {
            "throttle": 0.19807765947991565,
            "brake": 0.040700684350942484,
            "steer": 0.0
        },
        {
            "throttle": 0.2203796847026644,
            "brake": 0.036630615915848236,
            "steer": 0.0
        },
        {
            "throttle": 0.2464507928734869,
            "brake": 0.03296755432426341,
            "steer": 0.0
        },
        {
            "throttle": 0.2756688946066508,
            "brake": 0.02967079889183707,
            "steer": 0.0
        },
        {
            "throttle": 0.3072882422671922,
            "brake": 0.026703719002653364,
            "steer": 0.0
        },
        {
            "throttle": 0.34046571937561665,
            "brake": 0.02403334710238803,
            "steer": 0.0
        },
        {
            "throttle": 0.3742900551380236,
            "brake": 0.021630012392149227,
            "steer": 0.0
        },
        {
            "throttle": 0.4078130424286066,
            "brake": 0.019467011152934303,
            "steer": 0.0
        },
        {
            "throttle": 0.4400817706361095,
            "brake": 0.017520310037640874,
            "steer": 0.0
        },
        {
            "throttle": 0.47017085002355985,
            "brake": 0.015768279033876786,
            "steer": 0.0
        },
        {
            "throttle": 0.49721360274232296,
            "brake": 0.014191451130489108,
            "steer": 0.0
        },
        {
            "throttle": 0.5204312274161393,
            "brake": 0.012772306017440197,
            "steer": 0.0
        },
        {
            "throttle": 0.5391590082241324,
            "brake": 0.011495075415696178,
            "steer": 0.0
        },
        {
            "throttle": 0.5528687335800146,
            "brake": 0.01034556787412656,
            "steer": 0.0
        },
        {
            "throttle": 0.5611866107716571,
            "brake": 0.009311011086713904,
            "steer": 0.0
        },
        {
            "throttle": 0.5639061073606997,
            "brake": 0.008379909978042515,
            "steer": 0.0
        },
        {
            "throttle": 0.5609953130687577,
            "brake": 0.007541918980238264,
            "steer": 0.0
        },
        {
            "throttle": 0.5525985920217024,
            "brake": 0.006787727082214438,
            "steer": 0.0
        },
        {
            "throttle": 0.5390324788871934,
            "brake": 0.006108954373992994,
            "steer": 0.0
        },
        {
            "throttle": 0.5207759576819739,
            "brake": 0.005498058936593695,
            "steer": 0.0
        },
        {
            "throttle": 0.4984554428530943,
            "brake": 0.004948253042934326,
            "steer": 0.0
        },
        {
            "throttle": 0.4728249528033053,
            "brake": 0.0044534277386408935,
            "steer": 0.0
        },
        {
            "throttle": 0.44474212081953696,
            "brake": 0.004008084964776804,
            "steer": 0.0
        },
        {
            "throttle": 0.4151408223691546,
            "brake": 0.0036072764682991234,
            "steer": 0.0
        },
        {
            "throttle": 0.385001306617898,
            "brake": 0.003246548821469211,
            "steer": 0.0
        },
        {
            "throttle": 0.3553188002742383,
            "brake": 0.0029218939393222897,
            "steer": 0.0
        },
        {
            "throttle": 0.3270716008810126,
            "brake": 0.002629704545390061,
            "steer": 0.0
        },
        {
            "throttle": 0.30118969286964475,
            "brake": 0.0023667340908510547,
            "steer": 0.0
        },
        {
            "throttle": 0.27852490253862655,
            "brake": 0.0021300606817659493,
            "steer": 0.0
        },
        {
            "throttle": 0.2598235581673295,
            "brake": 0.0019170546135893543,
            "steer": 0.0
        },
        {
            "throttle": 0.24570254033946054,
            "brake": 0.001725349152230419,
            "steer": 0.0
        },
        {
            "throttle": 0.23662949784600698,
            "brake": 0.001552814237007377,
            "steer": 0.0
        },
        {
            "throttle": 0.23290786980681102,
            "brake": 0.0013975328133066394,
            "steer": 0.0
        },
        {
            "throttle": 0.23466719924304544,
            "brake": 0.0012577795319759755,
            "steer": 0.0
        },
        {
            "throttle": 0.24185905226797827,
            "brake": 0.001132001578778378,
            "steer": 0.0
        },
        {
            "throttle": 0.2542586758646164,
            "brake": 0.0010188014209005403,
            "steer": 0.0
        },
        {
            "throttle": 0.271472341737708,
            "brake": 0.0009169212788104863,
            "steer": 0.0
        },
        {
            "throttle": 0.2929501399542325,
            "brake": 0.0008252291509294377,
            "steer": 0.0
        },
        {
            "throttle": 0.31800380995594896,
            "brake": 0.000742706235836494,
            "steer": 0.0
        },
        {
            "throttle": 0.34582903372808316,
            "brake": 0.0006684356122528446,
            "steer": 0.0
        },
        {
            "throttle": 0.37553147169757584,
            "brake": 0.0006015920510275601,
            "steer": 0.0
        },
        {
            "throttle": 0.4061557009698902,
            "brake": 0.0005414328459248041,
            "steer": 0.0
        },
        {
            "throttle": 0.4367161217017904,
            "brake": 0.0004872895613323237,
            "steer": 0.0
        },
        {
            "throttle": 0.466228833778339,
            "brake": 0.0004385606051990913,
            "steer": 0.0
        },
        {
            "throttle": 0.4937434545703376,
            "brake": 0.0003947045446791822,
            "steer": 0.0
        },
        {
            "throttle": 0.5183738504070222,
            "brake": 0.000355234090211264,
            "steer": 0.0
        },
        {
            "throttle": 0.5393267894474791,
            "brake": 0.00031971068119013757,
            "steer": 0.0
        },
        {
            "throttle": 0.5559275907404049,
            "brake": 0.00028773961307112383,
            "steer": 0.0
        },
        {
            "throttle": 0.5676419412574435,
            "brake": 0.00025896565176401147,
            "steer": 0.0
        },
        {
            "throttle": 0.5740931764369208,
            "brake": 0.00023306908658761032,
            "steer": 0.0
        },
        {
            "throttle": 0.5750744662846434,
            "brake": 0.00020976217792884928,
            "steer": 0.0
        },
        {
            "throttle": 0.570555513613741,
            "brake": 0.00018878596013596435,
            "steer": 0.0
        },
        {
            "throttle": 0.5606835482512703,
            "brake": 0.00016990736412236793,
            "steer": 0.0
        },
        {
            "throttle": 0.5457785852699002,
            "brake": 0.00015291662771013114,
            "steer": 0.0
        },
        {
            "throttle": 0.5263231005672866,
            "brake": 0.00013762496493911804,
            "steer": 0.0
        },
        {
            "throttle": 0.5029464574291898,
            "brake": 0.00012386246844520624,
            "steer": 0.0
        },
        {
            "throttle": 0.47640458725038176,
            "brake": 0.00011147622160068561,
            "steer": 0.0
        },
        {
            "throttle": 0.44755558087342673,
            "brake": 0.00010032859944061705,
            "steer": 0.0
        },
        {
            "throttle": 0.4173319790879511,
            "brake": 9.029573949655534e-05,
            "steer": 0.0
        },
        {
            "throttle": 0.38671065744544797,
            "brake": 8.126616554689981e-05,
            "steer": 0.0
        },
        {
            "throttle": 0.3566812782431015,
            "brake": 7.313954899220984e-05,
            "steer": 0.0
        },
        {
            "throttle": 0.32821432880468526,
            "brake": 6.582559409298886e-05,
            "steer": 0.0
        },
        {
            "throttle": 0.3022297785424441,
            "brake": 5.924303468368998e-05,
            "steer": 0.0
        },
        {
            "throttle": 0.2795673672895107,
            "brake": 5.331873121532098e-05,
            "steer": 0.0
        },
        {
            "throttle": 0.2609594846936189,
            "brake": 4.798685809378888e-05,
            "steer": 0.0
        },
        {
            "throttle": 0.2470075167618394,
            "brake": 4.318817228440999e-05,
            "steer": 0.0
        },
        {
            "throttle": 0.238162423646411,
            "brake": 3.886935505596899e-05,
            "steer": 0.0
        },
        {
            "throttle": 0.23471017608118555,
            "brake": 3.498241955037209e-05,
            "steer": 0.0
        },
        {
            "throttle": 0.23676252093171893,
            "brake": 3.148417759533488e-05,
            "steer": 0.0
        },
        {
            "throttle": 0.24425337417920207,
            "brake": 2.8335759835801394e-05,
            "steer": 0.0
        },
        {
            "throttle": 0.25694095787970667,
            "brake": 2.5502183852221256e-05,
            "steer": 0.0
        },
        {
            "throttle": 0.2744156120973349,
            "brake": 2.295196546699913e-05,
            "steer": 0.0
        },
        {
            "throttle": 0.2961130294961269,
            "brake": 2.0656768920299218e-05,
            "steer": 0.0
        },
        {
            "throttle": 0.32133248511230483,
            "brake": 1.8591092028269298e-05,
            "steer": 0.0
        },
        {
            "throttle": 0.349259472473657,
            "brake": 1.6731982825442368e-05,
            "steer": 0.0
        },
        {
            "throttle": 0.37899201489859946,
            "brake": 1.505878454289813e-05,
            "steer": 0.0
        },
        {
            "throttle": 0.4095698020913016,
            "brake": 1.3552906088608318e-05,
            "steer": 0.0
        },
        {
            "throttle": 0.4400052108859494,
            "brake": 1.2197615479747487e-05,
            "steer": 0.0
        },
        {
            "throttle": 0.4693152081306723,
            "brake": 1.0977853931772739e-05,
            "steer": 0.0
        },
        {
            "throttle": 0.49655310520583484,
            "brake": 9.880068538595466e-06,
            "steer": 0.0
        },
        {
            "throttle": 0.5208391384627352,
            "brake": 8.89206168473592e-06,
            "steer": 0.0
        },
        {
            "throttle": 0.5413888877924797,
            "brake": 8.002855516262327e-06,
            "steer": 0.0
        },
        {
            "throttle": 0.5575386153659078,
            "brake": 7.202569964636095e-06,
            "steer": 0.0
        },
        {
            "throttle": 0.5687667060682478,
            "brake": 6.482312968172486e-06,
            "steer": 0.0
        },
        {
            "throttle": 0.574710517073228,
            "brake": 5.834081671355237e-06,
            "steer": 0.0
        },
        {
            "throttle": 0.575178092293175,
            "brake": 5.2506735042197136e-06,
            "steer": 0.0
        },
        {
            "throttle": 0.5701543633141252,
            "brake": 4.725606153797742e-06,
            "steer": 0.0
        },
        {
            "throttle": 0.55980163652019,
            "brake": 4.253045538417968e-06,
            "steer": 0.0
        },
        {
            "throttle": 0.544454350676571,
            "brake": 3.8277409845761715e-06,
            "steer": 0.0
        },
        {
            "throttle": 0.5246082743139482,
            "brake": 3.4449668861185545e-06,
            "steer": 0.0
        },
        {
            "throttle": 0.5009044918602833,
            "brake": 3.1004701975066993e-06,
            "steer": 0.0
        },
        {
            "throttle": 0.4741086957979003,
            "brake": 2.7904231777560295e-06,
            "steer": 0.0
        },
        {
            "throttle": 0.4450864537466126,
            "brake": 2.5113808599804266e-06,
            "steer": 0.0
        },
        {
            "throttle": 0.41477524939000193,
            "brake": 2.260242773982384e-06,
            "steer": 0.0
        },
        {
            "throttle": 0.3841542003719561,
            "brake": 2.034218496584146e-06,
            "steer": 0.0
        },
        {
            "throttle": 0.35421243132808344,
            "brake": 1.8307966469257312e-06,
            "steer": 0.0
        }
    ],
    "parameters": {
        "fog_density": 52.334692473649376,
        "precipitation": 34.0748074101063,
        "precipitation_deposits": 96.85171885127775,
        "wind_intensity": 25.635293788547898,
        "sun_altitude_angle": 80.33606063446321,
        "cloudiness": 20.394757393238116,
        "lead_base_throttle": 0.4051872352009666,
        "lead_behavior_frequency": 0.2864302516374093,
        "lead_throttle_variation": 0.3369679780893127,
        "lead_brake_probability": 0.2656379037090473,
        "lead_brake_intensity": 0.1477984893906829,
        "lead_brake_duration": 6.897790192134039,
        "initial_distance": 28.680497143280668,
        "initial_ego_velocity": 13.317965008052587,
        "initial_lead_velocity": 20.96197882107137
    },
    "config": {
        "num_timesteps": 200,
        "dt": 0.1,
        "seed": 69
    }
}