{
    "weather": {
        "cloudiness": 53.39122394434451,
        "precipitation": 13.8018188110413,
        "precipitation_deposits": 88.72745447766694,
        "wind_intensity": 10.151953597710623,
        "sun_altitude_angle": -26.07610688277557,
        "fog_density": 20.49086880393716,
        "fog_distance": 505.0847913532399,
        "wetness": 6.90090940552065
    },
    "initial_conditions": {
        "ego": {
            "position": {
                "x": 528.5404223105404,
                "y": 20.57,
                "z": 0.294
            },
            "yaw": 0.0,
            "velocity": 13.181104143914473
        },
        "lead": {
            "position": {
                "x": 484.88,
                "y": 20.57,
                "z": 0.294
            },
            "yaw": 0.0,
            "velocity": 18.927937450155017
        }
    },
    "ego": {
        "position": {
            "x": 528.5404223105404,
            "y": 20.57,
            "z": 0.294
        },
        "yaw": 0.0,
        "velocity": 13.181104143914473
    },
    "lead": {
        "position": {
            "x": 484.88,
            "y": 20.57,
            "z": 0.294
        },
        "yaw": 0.0,
        "velocity": 18.927937450155017
    },
    "ado_actions": [
        {
            "throttle": 0.20965944613195786,
            "brake": 0.0,
            "steer": 0.0
        },
        {
            "throttle": 0.21195089503139644,
            "brake": 0.0,
            "steer": 0.0
        },
        {
            "throttle": 0.21629469758644992,
            "brake": 0.0,
            "steer": 0.0
        },
        {
            "throttle": 0.222465760932067,
            "brake": 0.0,
            "steer": 0.0
        },
        {
            "throttle": 0.23025168057300416,
            "brake": 0.0,
            "steer": 0.0
        },
        {
            "throttle": 0.23945160042196134,
            "brake": 0.0,
            "steer": 0.0
        },
        {
            "throttle": 0.24987522892048228,
            "brake": 0.0,
            "steer": 0.0
        },
        {
            "throttle": 0.2613419948919617,
            "brake": 0.0,
            "steer": 0.0
        },
        {
            "throttle": 0.27368032823163435,
            "brake": 0.0,
            "steer": 0.0
        },
        {
            "throttle": 0.28672705185240516,
            "brake": 0.0,
            "steer": 0.0
        },
        {
            "throttle": 0.30032687249272905,
            "brake": 0.0,
            "steer": 0.0
        },
        {
            "throttle": 0.3143319590668729,
            "brake": 0.0,
            "steer": 0.0
        },
        {
            "throttle": 0.3286015982108254,
            "brake": 0.0,
            "steer": 0.0
        },
        {
            "throttle": 0.34300191755967924,
            "brake": 0.0,
            "steer": 0.0
        },
        {
            "throttle": 0.35740566809418445,
            "brake": 0.0,
            "steer": 0.0
        },
        {
            "throttle": 0.37169205762406654,
            "brake": 0.0,
            "steer": 0.0
        },
        {
            "throttle": 0.3857466281414002,
            "brake": 0.0,
            "steer": 0.0
        },
        {
            "throttle": 0.39946117038580786,
            "brake": 0.0,
            "steer": 0.0
        },
        {
            "throttle": 0.4127336695207461,
            "brake": 0.0,
            "steer": 0.0
        },
        {
            "throttle": 0.42546827633221795,
            "brake": 0.0,
            "steer": 0.0
        },
        {
            "throttle": 0.43757529883287805,
            "brake": 0.0,
            "steer": 0.0
        },
        {
            "throttle": 0.44897120959009773,
            "brake": 0.0,
            "steer": 0.0
        },
        {
            "throttle": 0.45957866450006923,
            "brake": 0.0,
            "steer": 0.0
        },
        {
            "throttle": 0.469326529104932,
            "brake": 0.0,
            "steer": 0.0
        },
        {
            "throttle": 0.4781499088993013,
            "brake": 0.0,
            "steer": 0.0
        },
        {
            "throttle": 0.48599018039918845,
            "brake": 0.0,
            "steer": 0.0
        },
        {
            "throttle": 0.49279502005253234,
            "brake": 0.0,
            "steer": 0.0
        },
        {
            "throttle": 0.49851842835852156,
            "brake": 0.0,
            "steer": 0.0
        },
        {
            "throttle": 0.5031207468344198,
            "brake": 0.0,
            "steer": 0.0
        },
        {
            "throttle": 0.5065686657253201,
            "brake": 0.0,
            "steer": 0.0
        },
        {
            "throttle": 0.5088352205955439,
            "brake": 0.0,
            "steer": 0.0
        },
        {
            "throttle": 0.5098997761714567,
            "brake": 0.0,
            "steer": 0.0
        },
        {
            "throttle": 0.5097479960253406,
            "brake": 0.0,
            "steer": 0.0
        },
        {
            "throttle": 0.5083717968994942,
            "brake": 0.0,
            "steer": 0.0
        },
        {
            "throttle": 0.5057692866696781,
            "brake": 0.0,
            "steer": 0.0
        },
        {
            "throttle": 0.5019446851379923,
            "brake": 0.0,
            "steer": 0.0
        },
        {
            "throttle": 0.4969082270277588,
            "brake": 0.0,
            "steer": 0.0
        },
        {
            "throttle": 0.49067604672741194,
            "brake": 0.0,
            "steer": 0.0
        },
        {
            "throttle": 0.48327004449706856,
            "brake": 0.0,
            "steer": 0.0
        },
        {
            "throttle": 0.47471773401063244,
            "brake": 0.0,
            "steer": 0.0
        },
        {
            "throttle": 0.46505207125814657,
            "brake": 0.0,
            "steer": 0.0
        },
        {
            "throttle": 0.4543112649777796,
            "brake": 0.0,
            "steer": 0.0
        },
        {
            "throttle": 0.44253856892439747,
            "brake": 0.0,
            "steer": 0.0
        },
        {
            "throttle": 0.4297820564121656,
            "brake": 0.0,
            "steer": 0.0
        },
        {
            "throttle": 0.41609437769206087,
            "brake": 0.0,
            "steer": 0.0
        },
        {
            "throttle": 0.4015325008415251,
            "brake": 0.0,
            "steer": 0.0
        },
        {
            "throttle": 0.38615743695271926,
            "brake": 0.0,
            "steer": 0.0
        },
        {
            "throttle": 0.37003395050789156,
            "brake": 0.0,
            "steer": 0.0
        },
        {
            "throttle": 0.35323025592517615,
            "brake": 0.0,
            "steer": 0.0
        },
        {
            "throttle": 0.335817701345628,
            "brake": 0.0,
            "steer": 0.0
        },
        {
            "throttle": 0.31787044081239413,
            "brake": 0.0,
            "steer": 0.0
        },
        {
            "throttle": 0.29946509606554833,
            "brake": 0.0,
            "steer": 0.0
        },
        {
            "throttle": 0.2806804092412093,
            "brake": 0.0,
            "steer": 0.0
        },
        {
            "throttle": 0.2615968878210593,
            "brake": 0.0,
            "steer": 0.0
        },
        {
            "throttle": 0.24229644322823143,
            "brake": 0.0,
            "steer": 0.0
        },
        {
            "throttle": 0.22286202450770376,
            "brake": 0.0,
            "steer": 0.0
        },
        {
            "throttle": 0.20337724856380426,
            "brake": 0.0,
            "steer": 0.0
        },
        {
            "throttle": 0.18392602845419223,
            "brake": 0.0,
            "steer": 0.0
        },
        {
            "throttle": 0.16553342560877302,
            "brake": 0.0,
            "steer": 0.0
        },
        {
            "throttle": 0.14898008304789573,
            "brake": 0.0,
            "steer": 0.0
        },
        {
            "throttle": 0.13408207474310616,
            "brake": 0.0,
            "steer": 0.0
        },
        {
            "throttle": 0.12067386726879555,
            "brake": 0.0,
            "steer": 0.0
        },
        {
            "throttle": 0.10860648054191599,
            "brake": 0.0,
            "steer": 0.0
        },
        {
            "throttle": 0.0977458324877244,
            "brake": 0.0,
            "steer": 0.0
        },
        {
            "throttle": 0.08797124923895196,
            "brake": 0.0,
            "steer": 0.0
        },
        {
            "throttle": 0.07917412431505676,
            "brake": 0.0,
            "steer": 0.0
        },
        {
            "throttle": 0.07125671188355108,
            "brake": 0.0,
            "steer": 0.0
        },
        {
            "throttle": 0.06413104069519597,
            "brake": 0.0,
            "steer": 0.0
        },
        {
            "throttle": 0.057717936625676376,
            "brake": 0.0,
            "steer": 0.0
        },
        {
            "throttle": 0.05194614296310874,
            "brake": 0.0,
            "steer": 0.0
        },
        {
            "throttle": 0.04675152866679787,
            "brake": 0.0,
            "steer": 0.0
        },
        {
            "throttle": 0.04207637580011808,
            "brake": 0.0,
            "steer": 0.0
        },
        {
            "throttle": 0.03786873822010627,
            "brake": 0.0,
            "steer": 0.0
        },
        {
            "throttle": 0.03408186439809564,
            "brake": 0.0,
            "steer": 0.0
        },
        {
            "throttle": 0.03067367795828608,
            "brake": 0.0,
            "steer": 0.0
        },
        {
            "throttle": 0.027606310162457473,
            "brake": 0.0,
            "steer": 0.0
        },
        {
            "throttle": 0.024845679146211726,
            "brake": 0.0,
            "steer": 0.0
        },
        {
            "throttle": 0.022361111231590555,
            "brake": 0.0,
            "steer": 0.0
        },
        {
            "throttle": 0.0201250001084315,
            "brake": 0.0,
            "steer": 0.0
        },
        {
            "throttle": 0.01811250009758835,
            "brake": 0.0,
            "steer": 0.0
        },
        {
            "throttle": 0.016301250087829518,
            "brake": 0.0,
            "steer": 0.0
        },
        {
            "throttle": 0.014671125079046566,
            "brake": 0.0,
            "steer": 0.0
        },
        {
            "throttle": 0.01320401257114191,
            "brake": 0.0,
            "steer": 0.0
        },
        {
            "throttle": 0.01188361131402772,
            "brake": 0.0,
            "steer": 0.0
        },
        {
            "throttle": 0.010695250182624948,
            "brake": 0.0,
            "steer": 0.0
        },
        {
            "throttle": 0.009625725164362454,
            "brake": 0.0,
            "steer": 0.0
        },
        {
            "throttle": 0.00955440209392228,
            "brake": 0.0,
            "steer": 0.0
        },
        {
            "throttle": 0.011405343584693717,
            "brake": 0.0,
            "steer": 0.0
        },
        {
            "throttle": 0.015065178998519495,
            "brake": 0.0,
            "steer": 0.0
        },
        {
            "throttle": 0.0204232160966843,
            "brake": 0.0,
            "steer": 0.0
        },
        {
            "throttle": 0.027370868376886938,
            "brake": 0.0,
            "steer": 0.0
        },
        {
            "throttle": 0.03580117859943088,
            "brake": 0.0,
            "steer": 0.0
        },
        {
            "throttle": 0.045608430038352375,
            "brake": 0.0,
            "steer": 0.0
        },
        {
            "throttle": 0.05668783766560114,
            "brake": 0.0,
            "steer": 0.0
        },
        {
            "throttle": 0.06893531207728675,
            "brake": 0.0,
            "steer": 0.0
        },
        {
            "throttle": 0.08224728950832817,
            "brake": 0.0,
            "steer": 0.0
        },
        {
            "throttle": 0.09652062176274138,
            "brake": 0.0,
            "steer": 0.0
        },
        {
            "throttle": 0.11165252031771346,
            "brake": 0.0,
            "steer": 0.0
        },
        {
            "throttle": 0.12754054924635025,
            "brake": 0.0,
            "steer": 0.0
        },
        {
            "throttle": 0.1440826619517784,
            "brake": 0.0,
            "steer": 0.0
        },
        {
            "throttle": 0.1611772770188419,
            "brake": 0.0,
            "steer": 0.0
        },
        {
            "throttle": 0.17872338877319444,
            "brake": 0.0,
            "steer": 0.0
        },
        {
            "throttle": 0.19662070839495774,
            "brake": 0.0,
            "steer": 0.0
        },
        {
            "throttle": 0.214769831668711,
            "brake": 0.0,
            "steer": 0.0
        },
        {
            "throttle": 0.23307242966645697,
            "brake": 0.0,
            "steer": 0.0
        },
        {
            "throttle": 0.25143145885811913,
            "brake": 0.0,
            "steer": 0.0
        },
        {
            "throttle": 0.2697513873275045,
            "brake": 0.0,
            "steer": 0.0
        },
        {
            "throttle": 0.2879384339426999,
            "brake": 0.0,
            "steer": 0.0
        },
        {
            "throttle": 0.3059008174904871,
            "brake": 0.0,
            "steer": 0.0
        },
        {
            "throttle": 0.3235490129362787,
            "brake": 0.0,
            "steer": 0.0
        },
        {
            "throttle": 0.34079601211580324,
            "brake": 0.0,
            "steer": 0.0
        },
        {
            "throttle": 0.3575575863036191,
            "brake": 0.0,
            "steer": 0.0
        },
        {
            "throttle": 0.3737525482376806,
            "brake": 0.0,
            "steer": 0.0
        },
        {
            "throttle": 0.38930301130959843,
            "brake": 0.0,
            "steer": 0.0
        },
        {
            "throttle": 0.4041346437578017,
            "brake": 0.0,
            "steer": 0.0
        },
        {
            "throttle": 0.41817691582623506,
            "brake": 0.0,
            "steer": 0.0
        },
        {
            "throttle": 0.43136333797512755,
            "brake": 0.0,
            "steer": 0.0
        },
        {
            "throttle": 0.443631688353247,
            "brake": 0.0,
            "steer": 0.0
        },
        {
            "throttle": 0.4549242278633002,
            "brake": 0.0,
            "steer": 0.0
        },
        {
            "throttle": 0.4651879012740736,
            "brake": 0.0,
            "steer": 0.0
        },
        {
            "throttle": 0.47437452295474936,
            "brake": 0.0,
            "steer": 0.0
        },
        {
            "throttle": 0.4824409459287341,
            "brake": 0.0,
            "steer": 0.0
        },
        {
            "throttle": 0.4893492130663847,
            "brake": 0.0,
            "steer": 0.0
        },
        {
            "throttle": 0.4950666893582254,
            "brake": 0.0,
            "steer": 0.0
        },
        {
            "throttle": 0.49956617433259587,
            "brake": 0.0,
            "steer": 0.0
        },
        {
            "throttle": 0.5028259938040552,
            "brake": 0.0,
            "steer": 0.0
        },
        {
            "throttle": 0.5048300702611754,
            "brake": 0.0,
            "steer": 0.0
        },
        {
            "throttle": 0.5055679713244066,
            "brake": 0.0,
            "steer": 0.0
        },
        {
            "throttle": 0.5050349358262926,
            "brake": 0.0,
            "steer": 0.0
        },
        {
            "throttle": 0.5032318771872202,
            "brake": 0.0,
            "steer": 0.0
        },
        {
            "throttle": 0.5001653638798272,
            "brake": 0.0,
            "steer": 0.0
        },
        {
            "throttle": 0.4958475768939138,
            "brake": 0.0,
            "steer": 0.0
        },
        {
            "throttle": 0.49029624423086526,
            "brake": 0.0,
            "steer": 0.0
        },
        {
            "throttle": 0.48353455257191824,
            "brake": 0.0,
            "steer": 0.0
        },
        {
            "throttle": 0.4755910363777267,
            "brake": 0.0,
            "steer": 0.0
        },
        {
            "throttle": 0.4664994447873039,
            "brake": 0.0,
            "steer": 0.0
        },
        {
            "throttle": 0.4562985867921647,
            "brake": 0.0,
            "steer": 0.0
        },
        {
            "throttle": 0.4450321552660491,
            "brake": 0.0,
            "steer": 0.0
        },
        {
            "throttle": 0.4327485305316165,
            "brake": 0.0,
            "steer": 0.0
        },
        {
            "throttle": 0.4195005642426312,
            "brake": 0.0,
            "steer": 0.0
        },
        {
            "throttle": 0.40534534445308895,
            "brake": 0.0,
            "steer": 0.0
        },
        {
            "throttle": 0.3903439428331235,
            "brake": 0.0,
            "steer": 0.0
        },
        {
            "throttle": 0.37456114507509514,
            "brake": 0.0,
            "steer": 0.0
        },
        {
            "throttle": 0.35806516561168256,
            "brake": 0.0,
            "steer": 0.0
        },
        {
            "throttle": 0.34092734784081136,
            "brake": 0.0,
            "steer": 0.0
        },
        {
            "throttle": 0.32322185111958196,
            "brake": 0.0,
            "steer": 0.0
        },
        {
            "throttle": 0.30502532585077424,
            "brake": 0.0,
            "steer": 0.0
        },
        {
            "throttle": 0.28641657804077086,
            "brake": 0.0,
            "steer": 0.0
        },
        {
            "throttle": 0.2674762247566701,
            "brake": 0.0,
            "steer": 0.0
        },
        {
            "throttle": 0.24828634195275978,
            "brake": 0.0,
            "steer": 0.0
        },
        {
            "throttle": 0.2289301061722576,
            "brake": 0.0,
            "steer": 0.0
        },
        {
            "throttle": 0.2094914316591546,
            "brake": 0.0,
            "steer": 0.0
        },
        {
            "throttle": 0.19005460443703473,
            "brake": 0.0,
            "steer": 0.0
        },
        {
            "throttle": 0.17104914399333127,
            "brake": 0.0,
            "steer": 0.0
        },
        {
            "throttle": 0.15394422959399814,
            "brake": 0.0,
            "steer": 0.0
        },
        {
            "throttle": 0.13854980663459834,
            "brake": 0.0,
            "steer": 0.0
        },
        {
            "throttle": 0.12469482597113851,
            "brake": 0.0,
            "steer": 0.0
        },
        {
            "throttle": 0.11222534337402466,
            "brake": 0.0,
            "steer": 0.0
        },
        {
            "throttle": 0.1010028090366222,
            "brake": 0.0,
            "steer": 0.0
        },
        {
            "throttle": 0.09090252813295999,
            "brake": 0.0,
            "steer": 0.0
        },
        {
            "throttle": 0.081812275319664,
            "brake": 0.0,
            "steer": 0.0
        },
        {
            "throttle": 0.07363104778769759,
            "brake": 0.0,
            "steer": 0.0
        },
        {
            "throttle": 0.06626794300892784,
            "brake": 0.0,
            "steer": 0.0
        },
        {
            "throttle": 0.05964114870803506,
            "brake": 0.0,
            "steer": 0.0
        },
        {
            "throttle": 0.053677033837231554,
            "brake": 0.0,
            "steer": 0.0
        },
        {
            "throttle": 0.0483093304535084,
            "brake": 0.0,
            "steer": 0.0
        },
        {
            "throttle": 0.043478397408157565,
            "brake": 0.0,
            "steer": 0.0
        },
        {
            "throttle": 0.03913055766734181,
            "brake": 0.0,
            "steer": 0.0
        },
        {
            "throttle": 0.03521750190060763,
            "brake": 0.0,
            "steer": 0.0
        },
        {
            "throttle": 0.031695751710546866,
            "brake": 0.0,
            "steer": 0.0
        },
        {
            "throttle": 0.02852617653949218,
            "brake": 0.0,
            "steer": 0.0
        },
        {
            "throttle": 0.025673558885542964,
            "brake": 0.0,
            "steer": 0.0
        },
        {
            "throttle": 0.023106202996988668,
            "brake": 0.0,
            "steer": 0.0
        },
        {
            "throttle": 0.020795582697289802,
            "brake": 0.0,
            "steer": 0.0
        },
        {
            "throttle": 0.01871602442756082,
            "brake": 0.0,
            "steer": 0.0
        },
        {
            "throttle": 0.01684442198480474,
            "brake": 0.0,
            "steer": 0.0
        },
        {
            "throttle": 0.015159979786324267,
            "brake": 0.0,
            "steer": 0.0
        },
        {
            "throttle": 0.01364398180769184,
            "brake": 0.0,
            "steer": 0.0
        },
        {
            "throttle": 0.012279583626922656,
            "brake": 0.0,
            "steer": 0.0
        },
        {
            "throttle": 0.011051625264230392,
            "brake": 0.0,
            "steer": 0.0
        },
        {
            "throttle": 0.009946462737807353,
            "brake": 0.0,
            "steer": 0.0
        },
        {
            "throttle": 0.009226773540967055,
            "brake": 0.0,
            "steer": 0.0
        },
        {
            "throttle": 0.01046617917576341,
            "brake": 0.0,
            "steer": 0.0
        },
        {
            "throttle": 0.013550423770210807,
            "brake": 0.0,
            "steer": 0.0
        },
        {
            "throttle": 0.01836812784037955,
            "brake": 0.0,
            "steer": 0.0
        },
        {
            "throttle": 0.02481018320407049,
            "brake": 0.0,
            "steer": 0.0
        },
        {
            "throttle": 0.03276924690551758,
            "brake": 0.0,
            "steer": 0.0
        },
        {
            "throttle": 0.04213932546130329,
            "brake": 0.0,
            "steer": 0.0
        },
        {
            "throttle": 0.05281544143420016,
            "brake": 0.0,
            "steer": 0.0
        },
        {
            "throttle": 0.06469337496401799,
            "brake": 0.0,
            "steer": 0.0
        },
        {
            "throttle": 0.07766947344092245,
            "brake": 0.0,
            "steer": 0.0
        },
        {
            "throttle": 0.0916405230044805,
            "brake": 0.0,
            "steer": 0.0
        },
        {
            "throttle": 0.10650367599753859,
            "brake": 0.0,
            "steer": 0.0
        },
        {
            "throttle": 0.12215642890395188,
            "brake": 0.0,
            "steer": 0.0
        },
        {
            "throttle": 0.13849664565856226,
            "brake": 0.0,
            "steer": 0.0
        },
        {
            "throttle": 0.15542262154154074,
            "brake": 0.0,
            "steer": 0.0
        },
        {
            "throttle": 0.17283318316164195,
            "brake": 0.0,
            "steer": 0.0
        },
        {
            "throttle": 0.1906278202980074,
            "brake": 0.0,
            "steer": 0.0
        },
        {
            "throttle": 0.2087068456114309,
            "brake": 0.0,
            "steer": 0.0
        },
        {
            "throttle": 0.22697157845663868,
            "brake": 0.0,
            "steer": 0.0
        }
    ],
    "parameters": {
        "fog_density": 20.49086880393716,
        "precipitation": 13.8018188110413,
        "precipitation_deposits": 88.72745447766694,
        "wind_intensity": 10.151953597710623,
        "sun_altitude_angle": -26.07610688277557,
        "cloudiness": 53.39122394434451,
        "lead_base_throttle": 0.20965944613195786,
        "lead_behavior_frequency": 0.10489696332487482,
        "lead_throttle_variation": 0.3479219782869854,
        "lead_brake_probability": 0.05232052973637986,
        "lead_brake_intensity": 0.6443966897843038,
        "lead_brake_duration": 18.955225477983845,
        "initial_distance": 43.66042231054047,
        "initial_ego_velocity": 13.181104143914473,
        "initial_lead_velocity": 18.927937450155017
    },
    "config": {
        "num_timesteps": 200,
        "dt": 0.1,
        "seed": 53
    }
}