{
    "weather": {
        "cloudiness": 20.820724019602267,
        "precipitation": 57.744137282784735,
        "precipitation_deposits": 44.17078195687429,
        "wind_intensity": 17.983905130026812,
        "sun_altitude_angle": 8.55983184105763,
        "fog_density": 24.767185421336364,
        "fog_distance": 437.98402258920163,
        "wetness": 28.872068641392367
    },
    "initial_conditions": {
        "ego": {
            "position": {
                "x": 522.2230697903,
                "y": 20.57,
                "z": 0.294
            },
            "yaw": 0.0,
            "velocity": 14.825528089989836
        },
        "lead": {
            "position": {
                "x": 484.88,
                "y": 20.57,
                "z": 0.294
            },
            "yaw": 0.0,
            "velocity": 19.220759864209953
        }
    },
    "ego": {
        "position": {
            "x": 522.2230697903,
            "y": 20.57,
            "z": 0.294
        },
        "yaw": 0.0,
        "velocity": 14.825528089989836
    },
    "lead": {
        "position": {
            "x": 484.88,
            "y": 20.57,
            "z": 0.294
        },
        "yaw": 0.0,
        "velocity": 19.220759864209953
    },
    "ado_actions": [
        {
            "throttle": 0.38050344962473376,
            "brake": 0.0,
            "steer": 0.0
        },
        {
            "throttle": 0.38440402556274217,
            "brake": 0.0,
            "steer": 0.0
        },
        {
            "throttle": 0.39176909884869554,
            "brake": 0.0,
            "steer": 0.0
        },
        {
            "throttle": 0.4021607207346011,
            "brake": 0.0,
            "steer": 0.0
        },
        {
            "throttle": 0.4151403388826342,
            "brake": 0.0,
            "steer": 0.0
        },
        {
            "throttle": 0.4302704611122931,
            "brake": 0.0,
            "steer": 0.0
        },
        {
            "throttle": 0.4471166576911072,
            "brake": 0.0,
            "steer": 0.0
        },
        {
            "throttle": 0.4652498434396634,
            "brake": 0.0,
            "steer": 0.0
        },
        {
            "throttle": 0.48424878113083936,
            "brake": 0.0,
            "steer": 0.0
        },
        {
            "throttle": 0.5037027482116558,
            "brake": 0.0,
            "steer": 0.0
        },
        {
            "throttle": 0.5232143097927171,
            "brake": 0.0,
            "steer": 0.0
        },
        {
            "throttle": 0.5424021421555769,
            "brake": 0.0,
            "steer": 0.0
        },
        {
            "throttle": 0.5609038527355804,
            "brake": 0.0,
            "steer": 0.0
        },
        {
            "throttle": 0.5783787446522444,
            "brake": 0.0,
            "steer": 0.0
        },
        {
            "throttle": 0.594510476379128,
            "brake": 0.0,
            "steer": 0.0
        },
        {
            "throttle": 0.6090095700614132,
            "brake": 0.0,
            "steer": 0.0
        },
        {
            "throttle": 0.6216157252863097,
            "brake": 0.0,
            "steer": 0.0
        },
        {
            "throttle": 0.6320998987668139,
            "brake": 0.0,
            "steer": 0.0
        },
        {
            "throttle": 0.6402661143852669,
            "brake": 0.0,
            "steer": 0.0
        },
        {
            "throttle": 0.6459529723261481,
            "brake": 0.0,
            "steer": 0.0
        },
        {
            "throttle": 0.6490348305693157,
            "brake": 0.0,
            "steer": 0.0
        },
        {
            "throttle": 0.6494226367728887,
            "brake": 0.0,
            "steer": 0.0
        },
        {
            "throttle": 0.647064393502946,
            "brake": 0.0,
            "steer": 0.0
        },
        {
            "throttle": 0.6419452448159602,
            "brake": 0.0,
            "steer": 0.0
        },
        {
            "throttle": 0.6340871773178687,
            "brake": 0.0,
            "steer": 0.0
        },
        {
            "throttle": 0.6235483339577393,
            "brake": 0.0,
            "steer": 0.0
        },
        {
            "throttle": 0.6104219439100558,
            "brake": 0.0,
            "steer": 0.0
        },
        {
            "throttle": 0.594834876903451,
            "brake": 0.0,
            "steer": 0.0
        },
        {
            "throttle": 0.5769458352114846,
            "brake": 0.0,
            "steer": 0.0
        },
        {
            "throttle": 0.5569432011802286,
            "brake": 0.0,
            "steer": 0.0
        },
        {
            "throttle": 0.5350425625772866,
            "brake": 0.0,
            "steer": 0.0
        },
        {
            "throttle": 0.5114839421592304,
            "brake": 0.0,
            "steer": 0.0
        },
        {
            "throttle": 0.4865287616242464,
            "brake": 0.0,
            "steer": 0.0
        },
        {
            "throttle": 0.4604565735026607,
            "brake": 0.0,
            "steer": 0.0
        },
        {
            "throttle": 0.43356159750281925,
            "brake": 0.0,
            "steer": 0.0
        },
        {
            "throttle": 0.4061491003410683,
            "brake": 0.0,
            "steer": 0.0
        },
        {
            "throttle": 0.37853166011496125,
            "brake": 0.0,
            "steer": 0.0
        },
        {
            "throttle": 0.35102535780638255,
            "brake": 0.0,
            "steer": 0.0
        },
        {
            "throttle": 0.32394593950985506,
            "brake": 0.0,
            "steer": 0.0
        },
        {
            "throttle": 0.29760499346062946,
            "brake": 0.0,
            "steer": 0.0
        },
        {
            "throttle": 0.2723061858830788,
            "brake": 0.0,
            "steer": 0.0
        },
        {
            "throttle": 0.2483415990944155,
            "brake": 0.0,
            "steer": 0.0
        },
        {
            "throttle": 0.22598821418992443,
            "brake": 0.0,
            "steer": 0.0
        },
        {
            "throttle": 0.20550457901793304,
            "brake": 0.0,
            "steer": 0.0
        },
        {
            "throttle": 0.18712770004568222,
            "brake": 0.0,
            "steer": 0.0
        },
        {
            "throttle": 0.17107019414685945,
            "brake": 0.0,
            "steer": 0.0
        },
        {
            "throttle": 0.15751773333892688,
            "brake": 0.0,
            "steer": 0.0
        },
        {
            "throttle": 0.1466268120996586,
            "brake": 0.0,
            "steer": 0.0
        },
        {
            "throttle": 0.13852286313823553,
            "brake": 0.0,
            "steer": 0.0
        },
        {
            "throttle": 0.13329874343169934,
            "brake": 0.0,
            "steer": 0.0
        },
        {
            "throttle": 0.13101360801101739,
            "brake": 0.0,
            "steer": 0.0
        },
        {
            "throttle": 0.1316921844439667,
            "brake": 0.0,
            "steer": 0.0
        },
        {
            "throttle": 0.1353244562684643,
            "brake": 0.0,
            "steer": 0.0
        },
        {
            "throttle": 0.1418657588356022,
            "brake": 0.0,
            "steer": 0.0
        },
        {
            "throttle": 0.15123728618340065,
            "brake": 0.0,
            "steer": 0.0
        },
        {
            "throttle": 0.1633270027375596,
            "brake": 0.0,
            "steer": 0.0
        },
        {
            "throttle": 0.17799094888146852,
            "brake": 0.0,
            "steer": 0.0
        },
        {
            "throttle": 0.19505492481076536,
            "brake": 0.0,
            "steer": 0.0
        },
        {
            "throttle": 0.21431653264263242,
            "brake": 0.0,
            "steer": 0.0
        },
        {
            "throttle": 0.23554755253942794,
            "brake": 0.0,
            "steer": 0.0
        },
        {
            "throttle": 0.25849662468003326,
            "brake": 0.0,
            "steer": 0.0
        },
        {
            "throttle": 0.28289220531693765,
            "brake": 0.0,
            "steer": 0.0
        },
        {
            "throttle": 0.30844576193514817,
            "brake": 0.0,
            "steer": 0.0
        },
        {
            "throttle": 0.3348551697186499,
            "brake": 0.0,
            "steer": 0.0
        },
        {
            "throttle": 0.36180826916462777,
            "brake": 0.0,
            "steer": 0.0
        },
        {
            "throttle": 0.38898654279300837,
            "brake": 0.0,
            "steer": 0.0
        },
        {
            "throttle": 0.4160688675015248,
            "brake": 0.0,
            "steer": 0.0
        },
        {
            "throttle": 0.4427352982310071,
            "brake": 0.0,
            "steer": 0.0
        },
        {
            "throttle": 0.46867083824250044,
            "brake": 0.0,
            "steer": 0.0
        },
        {
            "throttle": 0.4935691514714466,
            "brake": 0.0,
            "steer": 0.0
        },
        {
            "throttle": 0.5171361731126825,
            "brake": 0.0,
            "steer": 0.0
        },
        {
            "throttle": 0.5390935757953303,
            "brake": 0.0,
            "steer": 0.0
        },
        {
            "throttle": 0.5591820504146209,
            "brake": 0.0,
            "steer": 0.0
        },
        {
            "throttle": 0.577164362878184,
            "brake": 0.0,
            "steer": 0.0
        },
        {
            "throttle": 0.5928281506715751,
            "brake": 0.0,
            "steer": 0.0
        },
        {
            "throttle": 0.6059884262205658,
            "brake": 0.0,
            "steer": 0.0
        },
        {
            "throttle": 0.6164897574898047,
            "brake": 0.0,
            "steer": 0.0
        },
        {
            "throttle": 0.6242081000680327,
            "brake": 0.0,
            "steer": 0.0
        },
        {
            "throttle": 0.6290522591041721,
            "brake": 0.0,
            "steer": 0.0
        },
        {
            "throttle": 0.6309649638278026,
            "brake": 0.0,
            "steer": 0.0
        },
        {
            "throttle": 0.6299235419602452,
            "brake": 0.0,
            "steer": 0.0
        },
        {
            "throttle": 0.6259401860447719,
            "brake": 0.0,
            "steer": 0.0
        },
        {
            "throttle": 0.6190618085406547,
            "brake": 0.0,
            "steer": 0.0
        },
        {
            "throttle": 0.6093694873790393,
            "brake": 0.0,
            "steer": 0.0
        },
        {
            "throttle": 0.596977508511735,
            "brake": 0.0,
            "steer": 0.0
        },
        {
            "throttle": 0.5820320167399592,
            "brake": 0.0,
            "steer": 0.0
        },
        {
            "throttle": 0.5647092907327231,
            "brake": 0.0,
            "steer": 0.0
        },
        {
            "throttle": 0.5452136625794124,
            "brake": 0.0,
            "steer": 0.0
        },
        {
            "throttle": 0.5237751064158422,
            "brake": 0.0,
            "steer": 0.0
        },
        {
            "throttle": 0.5006465245682042,
            "brake": 0.0,
            "steer": 0.0
        },
        {
            "throttle": 0.47610076322877887,
            "brake": 0.0,
            "steer": 0.0
        },
        {
            "throttle": 0.4504273928689711,
            "brake": 0.0,
            "steer": 0.0
        },
        {
            "throttle": 0.42392929137147894,
            "brake": 0.0,
            "steer": 0.0
        },
        {
            "throttle": 0.39691907019147943,
            "brake": 0.0,
            "steer": 0.0
        },
        {
            "throttle": 0.3572271631723315,
            "brake": 0.0639062841043787,
            "steer": 0.0
        },
        {
            "throttle": 0.3215044468550984,
            "brake": 0.12142193979831953,
            "steer": 0.0
        },
        {
            "throttle": 0.28935400216958856,
            "brake": 0.17318602992286627,
            "steer": 0.0
        },
        {
            "throttle": 0.2604186019526297,
            "brake": 0.21977371103495835,
            "steer": 0.0
        },
        {
            "throttle": 0.23437674175736675,
            "brake": 0.2617026240358412,
            "steer": 0.0
        },
        {
            "throttle": 0.21093906758163009,
            "brake": 0.2994386457366358,
            "steer": 0.0
        },
        {
            "throttle": 0.18984516082346709,
            "brake": 0.33340106526735097,
            "steer": 0.0
        },
        {
            "throttle": 0.1708606447411204,
            "brake": 0.3639672428449946,
            "steer": 0.0
        },
        {
            "throttle": 0.15377458026700835,
            "brake": 0.39147680266487384,
            "steer": 0.0
        },
        {
            "throttle": 0.13839712224030754,
            "brake": 0.4162354065027652,
            "steer": 0.0
        },
        {
            "throttle": 0.12455741001627678,
            "brake": 0.4385181499568674,
            "steer": 0.0
        },
        {
            "throttle": 0.1121016690146491,
            "brake": 0.45857261906555935,
            "steer": 0.0
        },
        {
            "throttle": 0.10089150211318419,
            "brake": 0.47662164126338213,
            "steer": 0.0
        },
        {
            "throttle": 0.09080235190186578,
            "brake": 0.4928657612414226,
            "steer": 0.0
        },
        {
            "throttle": 0.09324555484193338,
            "brake": 0.44357918511728034,
            "steer": 0.0
        },
        {
            "throttle": 0.09823467701605325,
            "brake": 0.3992212666055523,
            "steer": 0.0
        },
        {
            "throttle": 0.10579518388071811,
            "brake": 0.35929913994499707,
            "steer": 0.0
        },
        {
            "throttle": 0.11591376940851306,
            "brake": 0.3233692259504974,
            "steer": 0.0
        },
        {
            "throttle": 0.1285393563762519,
            "brake": 0.29103230335544766,
            "steer": 0.0
        },
        {
            "throttle": 0.14358445796738165,
            "brake": 0.2619290730199029,
            "steer": 0.0
        },
        {
            "throttle": 0.16092689305673868,
            "brake": 0.23573616571791264,
            "steer": 0.0
        },
        {
            "throttle": 0.1804118425295191,
            "brake": 0.21216254914612137,
            "steer": 0.0
        },
        {
            "throttle": 0.20185422920366006,
            "brake": 0.19094629423150924,
            "steer": 0.0
        },
        {
            "throttle": 0.2250413994237212,
            "brake": 0.1718516648083583,
            "steer": 0.0
        },
        {
            "throttle": 0.24973608022031546,
            "brake": 0.1546664983275225,
            "steer": 0.0
        },
        {
            "throttle": 0.2756795821245882,
            "brake": 0.13919984849477024,
            "steer": 0.0
        },
        {
            "throttle": 0.3025952143309216,
            "brake": 0.12527986364529323,
            "steer": 0.0
        },
        {
            "throttle": 0.3301918759474844,
            "brake": 0.11275187728076391,
            "steer": 0.0
        },
        {
            "throttle": 0.35816778459332616,
            "brake": 0.10147668955268753,
            "steer": 0.0
        },
        {
            "throttle": 0.3862143016172204,
            "brake": 0.09132902059741878,
            "steer": 0.0
        },
        {
            "throttle": 0.41401981174675484,
            "brake": 0.0821961185376769,
            "steer": 0.0
        },
        {
            "throttle": 0.441273614039933,
            "brake": 0.07397650668390922,
            "steer": 0.0
        },
        {
            "throttle": 0.4676697806135637,
            "brake": 0.0665788560155183,
            "steer": 0.0
        },
        {
            "throttle": 0.49291093976472783,
            "brake": 0.05992097041396647,
            "steer": 0.0
        },
        {
            "throttle": 0.516711940779307,
            "brake": 0.053928873372569824,
            "steer": 0.0
        },
        {
            "throttle": 0.5388033589245558,
            "brake": 0.048535986035312846,
            "steer": 0.0
        },
        {
            "throttle": 0.558934800834663,
            "brake": 0.043682387431781565,
            "steer": 0.0
        },
        {
            "throttle": 0.5768779726970487,
            "brake": 0.03931414868860341,
            "steer": 0.0
        },
        {
            "throttle": 0.5924294763051037,
            "brake": 0.03538273381974307,
            "steer": 0.0
        },
        {
            "throttle": 0.605413301127276,
            "brake": 0.031844460437768764,
            "steer": 0.0
        },
        {
            "throttle": 0.6156829840150457,
            "brake": 0.02866001439399189,
            "steer": 0.0
        },
        {
            "throttle": 0.6231234119911738,
            "brake": 0.0257940129545927,
            "steer": 0.0
        },
        {
            "throttle": 0.6276522476784567,
            "brake": 0.02321461165913343,
            "steer": 0.0
        },
        {
            "throttle": 0.6292209612984564,
            "brake": 0.02089315049322009,
            "steer": 0.0
        },
        {
            "throttle": 0.6278154577368231,
            "brake": 0.01880383544389808,
            "steer": 0.0
        },
        {
            "throttle": 0.6234562918821739,
            "brake": 0.016923451899508273,
            "steer": 0.0
        },
        {
            "throttle": 0.6161984702427082,
            "brake": 0.015231106709557445,
            "steer": 0.0
        },
        {
            "throttle": 0.6061308416715655,
            "brake": 0.013707996038601702,
            "steer": 0.0
        },
        {
            "throttle": 0.5933750848307963,
            "brake": 0.012337196434741533,
            "steer": 0.0
        },
        {
            "throttle": 0.5780843047375703,
            "brake": 0.011103476791267379,
            "steer": 0.0
        },
        {
            "throttle": 0.5604412553087736,
            "brake": 0.009993129112140642,
            "steer": 0.0
        },
        {
            "throttle": 0.5406562091970585,
            "brake": 0.008993816200926577,
            "steer": 0.0
        },
        {
            "throttle": 0.5189645003406769,
            "brake": 0.00809443458083392,
            "steer": 0.0
        },
        {
            "throttle": 0.4956237684819598,
            "brake": 0.007284991122750529,
            "steer": 0.0
        },
        {
            "throttle": 0.4709109383995722,
            "brake": 0.006556492010475476,
            "steer": 0.0
        },
        {
            "throttle": 0.445118969706201,
            "brake": 0.005900842809427928,
            "steer": 0.0
        },
        {
            "throttle": 0.41855341574921356,
            "brake": 0.0053107585284851355,
            "steer": 0.0
        },
        {
            "throttle": 0.39152883238512354,
            "brake": 0.004779682675636622,
            "steer": 0.0
        },
        {
            "throttle": 0.36436507915287164,
            "brake": 0.00430171440807296,
            "steer": 0.0
        },
        {
            "throttle": 0.3373835566250729,
            "brake": 0.003871542967265664,
            "steer": 0.0
        },
        {
            "throttle": 0.3109034244555367,
            "brake": 0.0034843886705390975,
            "steer": 0.0
        },
        {
            "throttle": 0.28523784485665943,
            "brake": 0.003135949803485188,
            "steer": 0.0
        },
        {
            "throttle": 0.2606902959290328,
            "brake": 0.002822354823136669,
            "steer": 0.0
        },
        {
            "throttle": 0.2375509984313656,
            "brake": 0.002540119340823002,
            "steer": 0.0
        },
        {
            "throttle": 0.21609349823129997,
            "brake": 0.002286107406740702,
            "steer": 0.0
        },
        {
            "throttle": 0.19657144483272537,
            "brake": 0.002057496666066632,
            "steer": 0.0
        },
        {
            "throttle": 0.17921560405441875,
            "brake": 0.001851746999459969,
            "steer": 0.0
        },
        {
            "throttle": 0.16423114016558008,
            "brake": 0.001666572299513972,
            "steer": 0.0
        },
        {
            "throttle": 0.1517951995986789,
            "brake": 0.001499915069562575,
            "steer": 0.0
        },
        {
            "throttle": 0.14205482479649775,
            "brake": 0.0013499235626063175,
            "steer": 0.0
        },
        {
            "throttle": 0.13512522285033762,
            "brake": 0.0012149312063456858,
            "steer": 0.0
        },
        {
            "throttle": 0.1310884093959953,
            "brake": 0.0010934380857111172,
            "steer": 0.0
        },
        {
            "throttle": 0.129992243802728,
            "brake": 0.0009840942771400054,
            "steer": 0.0
        },
        {
            "throttle": 0.1318498670702239,
            "brake": 0.0008856848494260049,
            "steer": 0.0
        },
        {
            "throttle": 0.1366395490940739,
            "brake": 0.0007971163644834045,
            "steer": 0.0
        },
        {
            "throttle": 0.14430494712744912,
            "brake": 0.000717404728035064,
            "steer": 0.0
        },
        {
            "throttle": 0.1547557724126168,
            "brake": 0.0006456642552315577,
            "steer": 0.0
        },
        {
            "throttle": 0.1678688571378228,
            "brake": 0.000581097829708402,
            "steer": 0.0
        },
        {
            "throttle": 0.18348960914974394,
            "brake": 0.0005229880467375618,
            "steer": 0.0
        },
        {
            "throttle": 0.20143383727490388,
            "brake": 0.0004706892420638056,
            "steer": 0.0
        },
        {
            "throttle": 0.22148992572912954,
            "brake": 0.00042362031785742505,
            "steer": 0.0
        },
        {
            "throttle": 0.2434213319738862,
            "brake": 0.00038125828607168255,
            "steer": 0.0
        },
        {
            "throttle": 0.2669693785607776,
            "brake": 0.0003431324574645143,
            "steer": 0.0
        },
        {
            "throttle": 0.2918563060356433,
            "brake": 0.0003088192117180629,
            "steer": 0.0
        },
        {
            "throttle": 0.31778855089246627,
            "brake": 0.0002779372905462566,
            "steer": 0.0
        },
        {
            "throttle": 0.34446020991105963,
            "brake": 0.00025014356149163095,
            "steer": 0.0
        },
        {
            "throttle": 0.3715566500125492,
            "brake": 0.00022512920534246785,
            "steer": 0.0
        },
        {
            "throttle": 0.3987582210489755,
            "brake": 0.00020261628480822106,
            "steer": 0.0
        },
        {
            "throttle": 0.42574402772814035,
            "brake": 0.00018235465632739895,
            "steer": 0.0
        },
        {
            "throttle": 0.45219571617646503,
            "brake": 0.00016411919069465904,
            "steer": 0.0
        },
        {
            "throttle": 0.4778012304693324,
            "brake": 0.00014770727162519314,
            "steer": 0.0
        },
        {
            "throttle": 0.5022584948121958,
            "brake": 0.00013293654446267381,
            "steer": 0.0
        },
        {
            "throttle": 0.525278977932473,
            "brake": 0.00011964289001640643,
            "steer": 0.0
        },
        {
            "throttle": 0.546591097631553,
            "brake": 0.0001076786010147658,
            "steer": 0.0
        },
        {
            "throttle": 0.5659434253317299,
            "brake": 9.691074091328922e-05,
            "steer": 0.0
        },
        {
            "throttle": 0.5831076528122969,
            "brake": 8.72196668219603e-05,
            "steer": 0.0
        },
        {
            "throttle": 0.5978812861345317,
            "brake": 7.849770013976427e-05,
            "steer": 0.0
        },
        {
            "throttle": 0.6100900349737933,
            "brake": 7.064793012578785e-05,
            "steer": 0.0
        },
        {
            "throttle": 0.6195898691704373,
            "brake": 6.358313711320907e-05,
            "steer": 0.0
        },
        {
            "throttle": 0.6262687182373552,
            "brake": 5.722482340188816e-05,
            "steer": 0.0
        },
        {
            "throttle": 0.6300477937743162,
            "brake": 5.1502341061699346e-05,
            "steer": 0.0
        },
        {
            "throttle": 0.6308825191882496,
            "brake": 4.6352106955529414e-05,
            "steer": 0.0
        },
        {
            "throttle": 0.6287630557516404,
            "brake": 4.171689625997647e-05,
            "steer": 0.0
        },
        {
            "throttle": 0.6237144187936758,
            "brake": 3.754520663397882e-05,
            "steer": 0.0
        },
        {
            "throttle": 0.5613429769143082,
            "brake": 0.06394007479034927,
            "steer": 0.0
        },
        {
            "throttle": 0.5052086792228774,
            "brake": 0.12145235141569305,
            "steer": 0.0
        }
    ],
    "parameters": {
        "fog_density": 24.767185421336364,
        "precipitation": 57.744137282784735,
        "precipitation_deposits": 44.17078195687429,
        "wind_intensity": 17.983905130026812,
        "sun_altitude_angle": 8.55983184105763,
        "cloudiness": 20.820724019602267,
        "lead_base_throttle": 0.3805034496247337,
        "lead_behavior_frequency": 0.1729607275660135,
        "lead_throttle_variation": 0.3596305259174845,
        "lead_brake_probability": 0.21880813830883236,
        "lead_brake_intensity": 0.6390628410437869,
        "lead_brake_duration": 14.385981189049705,
        "initial_distance": 37.343069790299985,
        "initial_ego_velocity": 14.825528089989836,
        "initial_lead_velocity": 19.220759864209953
    },
    "config": {
        "num_timesteps": 200,
        "dt": 0.1,
        "seed": 101
    }
}