{
    "weather": {
        "cloudiness": 51.463783269752504,
        "precipitation": 16.57434359369686,
        "precipitation_deposits": 14.462968896308814,
        "wind_intensity": 0.054522254503686085,
        "sun_altitude_angle": -17.907321600659948,
        "fog_density": 25.94213530638197,
        "fog_distance": 421.16194847914176,
        "wetness": 8.28717179684843
    },
    "initial_conditions": {
        "ego": {
            "position": {
                "x": 531.1271933557431,
                "y": 20.57,
                "z": 0.294
            },
            "yaw": 0.0,
            "velocity": 7.542764274941485
        },
        "lead": {
            "position": {
                "x": 484.88,
                "y": 20.57,
                "z": 0.294
            },
            "yaw": 0.0,
            "velocity": 9.36422198693801
        }
    },
    "ego": {
        "position": {
            "x": 531.1271933557431,
            "y": 20.57,
            "z": 0.294
        },
        "yaw": 0.0,
        "velocity": 7.542764274941485
    },
    "lead": {
        "position": {
            "x": 484.88,
            "y": 20.57,
            "z": 0.294
        },
        "yaw": 0.0,
        "velocity": 9.36422198693801
    },
    "ado_actions": [
        {
            "throttle": 0.5877070760023827,
            "brake": 0.0,
            "steer": 0.0
        },
        {
            "throttle": 0.5893207549470383,
            "brake": 0.0,
            "steer": 0.0
        },
        {
            "throttle": 0.5923705562140089,
            "brake": 0.0,
            "steer": 0.0
        },
        {
            "throttle": 0.5966806525236475,
            "brake": 0.0,
            "steer": 0.0
        },
        {
            "throttle": 0.6020770961920905,
            "brake": 0.0,
            "steer": 0.0
        },
        {
            "throttle": 0.5418693865728814,
            "brake": 0.041462216536996124,
            "steer": 0.0
        },
        {
            "throttle": 0.4876824479155933,
            "brake": 0.07877821142029263,
            "steer": 0.0
        },
        {
            "throttle": 0.43891420312403395,
            "brake": 0.1123626068152595,
            "steer": 0.0
        },
        {
            "throttle": 0.39502278281163056,
            "brake": 0.14258856267072967,
            "steer": 0.0
        },
        {
            "throttle": 0.3555205045304675,
            "brake": 0.16979192294065282,
            "steer": 0.0
        },
        {
            "throttle": 0.31996845407742075,
            "brake": 0.19427494718358368,
            "steer": 0.0
        },
        {
            "throttle": 0.2879716086696787,
            "brake": 0.21630966900222143,
            "steer": 0.0
        },
        {
            "throttle": 0.2591744478027108,
            "brake": 0.2361409186389954,
            "steer": 0.0
        },
        {
            "throttle": 0.23325700302243974,
            "brake": 0.253989043312092,
            "steer": 0.0
        },
        {
            "throttle": 0.20993130272019578,
            "brake": 0.27005235551787893,
            "steer": 0.0
        },
        {
            "throttle": 0.1889381724481762,
            "brake": 0.2845093365030872,
            "steer": 0.0
        },
        {
            "throttle": 0.1700443552033586,
            "brake": 0.2975206193897746,
            "steer": 0.0
        },
        {
            "throttle": 0.15303991968302275,
            "brake": 0.30923077398779325,
            "steer": 0.0
        },
        {
            "throttle": 0.13773592771472049,
            "brake": 0.31976991312601005,
            "steer": 0.0
        },
        {
            "throttle": 0.12396233494324845,
            "brake": 0.32925513835040515,
            "steer": 0.0
        },
        {
            "throttle": 0.11156610144892361,
            "brake": 0.33779184105236076,
            "steer": 0.0
        },
        {
            "throttle": 0.10040949130403125,
            "brake": 0.3454748734841208,
            "steer": 0.0
        },
        {
            "throttle": 0.09036854217362812,
            "brake": 0.35238960267270486,
            "steer": 0.0
        },
        {
            "throttle": 0.08133168795626532,
            "brake": 0.3586128589424305,
            "steer": 0.0
        },
        {
            "throttle": 0.07319851916063878,
            "brake": 0.3642137895851836,
            "steer": 0.0
        },
        {
            "throttle": 0.1342377848705901,
            "brake": 0.32779241062666525,
            "steer": 0.0
        },
        {
            "throttle": 0.1878273613645393,
            "brake": 0.29501316956399876,
            "steer": 0.0
        },
        {
            "throttle": 0.23462952578957996,
            "brake": 0.2655118526075989,
            "steer": 0.0
        },
        {
            "throttle": 0.27525465809901933,
            "brake": 0.23896066734683902,
            "steer": 0.0
        },
        {
            "throttle": 0.31026711658459183,
            "brake": 0.21506460061215513,
            "steer": 0.0
        },
        {
            "throttle": 0.3401903752087925,
            "brake": 0.19355814055093962,
            "steer": 0.0
        },
        {
            "throttle": 0.36551149118843196,
            "brake": 0.17420232649584566,
            "steer": 0.0
        },
        {
            "throttle": 0.38668496600058094,
            "brake": 0.1567820938462611,
            "steer": 0.0
        },
        {
            "throttle": 0.4041360582682916,
            "brake": 0.141103884461635,
            "steer": 0.0
        },
        {
            "throttle": 0.41826360276315677,
            "brake": 0.1269934960154715,
            "steer": 0.0
        },
        {
            "throttle": 0.42944238596923967,
            "brake": 0.11429414641392435,
            "steer": 0.0
        },
        {
            "throttle": 0.43802512522903725,
            "brake": 0.10286473177253191,
            "steer": 0.0
        },
        {
            "throttle": 0.4443440953838037,
            "brake": 0.09257825859527873,
            "steer": 0.0
        },
        {
            "throttle": 0.44871244398021215,
            "brake": 0.08332043273575085,
            "steer": 0.0
        },
        {
            "throttle": 0.4514252335006213,
            "brake": 0.07498838946217577,
            "steer": 0.0
        },
        {
            "throttle": 0.4527602466475967,
            "brake": 0.0674895505159582,
            "steer": 0.0
        },
        {
            "throttle": 0.4529785884417698,
            "brake": 0.06074059546436238,
            "steer": 0.0
        },
        {
            "throttle": 0.4523251167467409,
            "brake": 0.05466653591792615,
            "steer": 0.0
        },
        {
            "throttle": 0.45102873079057615,
            "brake": 0.04919988232613353,
            "steer": 0.0
        },
        {
            "throttle": 0.4493025452891886,
            "brake": 0.04427989409352018,
            "steer": 0.0
        },
        {
            "throttle": 0.447343975874578,
            "brake": 0.03985190468416816,
            "steer": 0.0
        },
        {
            "throttle": 0.4453347596757271,
            "brake": 0.03586671421575135,
            "steer": 0.0
        },
        {
            "throttle": 0.4434409330800314,
            "brake": 0.03228004279417621,
            "steer": 0.0
        },
        {
            "throttle": 0.4418127869092773,
            "brake": 0.029052038514758592,
            "steer": 0.0
        },
        {
            "throttle": 0.4405848174696726,
            "brake": 0.026146834663282735,
            "steer": 0.0
        },
        {
            "throttle": 0.4398756901758445,
            "brake": 0.02353215119695446,
            "steer": 0.0
        },
        {
            "throttle": 0.43978823070169143,
            "brake": 0.021178936077259014,
            "steer": 0.0
        },
        {
            "throttle": 0.44040945687602534,
            "brake": 0.019061042469533114,
            "steer": 0.0
        },
        {
            "throttle": 0.441810662819265,
            "brake": 0.017154938222579803,
            "steer": 0.0
        },
        {
            "throttle": 0.4440475651117253,
            "brake": 0.015439444400321823,
            "steer": 0.0
        },
        {
            "throttle": 0.4471605190982725,
            "brake": 0.01389549996028964,
            "steer": 0.0
        },
        {
            "throttle": 0.4511748117733792,
            "brake": 0.012505949964260675,
            "steer": 0.0
        },
        {
            "throttle": 0.4561010360609385,
            "brake": 0.011255354967834608,
            "steer": 0.0
        },
        {
            "throttle": 0.46193554971136713,
            "brake": 0.010129819471051148,
            "steer": 0.0
        },
        {
            "throttle": 0.4686610204918925,
            "brake": 0.009116837523946033,
            "steer": 0.0
        },
        {
            "throttle": 0.4762470578522462,
            "brake": 0.00820515377155143,
            "steer": 0.0
        },
        {
            "throttle": 0.48465092981528146,
            "brake": 0.007384638394396287,
            "steer": 0.0
        },
        {
            "throttle": 0.4938183624783896,
            "brake": 0.006646174554956658,
            "steer": 0.0
        },
        {
            "throttle": 0.5036844182250374,
            "brake": 0.005981557099460993,
            "steer": 0.0
        },
        {
            "throttle": 0.5141744475441065,
            "brake": 0.005383401389514894,
            "steer": 0.0
        },
        {
            "throttle": 0.525205108245462,
            "brake": 0.0048450612505634046,
            "steer": 0.0
        },
        {
            "throttle": 0.536685444850321,
            "brake": 0.004360555125507064,
            "steer": 0.0
        },
        {
            "throttle": 0.5485180200309524,
            "brake": 0.003924499612956358,
            "steer": 0.0
        },
        {
            "throttle": 0.5606000891817545,
            "brake": 0.0035320496516607226,
            "steer": 0.0
        },
        {
            "throttle": 0.5728248085277687,
            "brake": 0.0031788446864946503,
            "steer": 0.0
        },
        {
            "throttle": 0.5850824666212753,
            "brake": 0.0028609602178451855,
            "steer": 0.0
        },
        {
            "throttle": 0.597261728645423,
            "brake": 0.002574864196060667,
            "steer": 0.0
        },
        {
            "throttle": 0.6092508826380069,
            "brake": 0.0023173777764546,
            "steer": 0.0
        },
        {
            "throttle": 0.6209390765696226,
            "brake": 0.0020856399988091402,
            "steer": 0.0
        },
        {
            "throttle": 0.6322175351585225,
            "brake": 0.0018770759989282263,
            "steer": 0.0
        },
        {
            "throttle": 0.6429807453784876,
            "brake": 0.0016893683990354038,
            "steer": 0.0
        },
        {
            "throttle": 0.6531275998137464,
            "brake": 0.0015204315591318635,
            "steer": 0.0
        },
        {
            "throttle": 0.6625624873331313,
            "brake": 0.001368388403218677,
            "steer": 0.0
        },
        {
            "throttle": 0.6711963209899122,
            "brake": 0.0012315495628968094,
            "steer": 0.0
        },
        {
            "throttle": 0.6789474935986799,
            "brake": 0.0011083946066071284,
            "steer": 0.0
        },
        {
            "throttle": 0.6857427520898675,
            "brake": 0.0009975551459464156,
            "steer": 0.0
        },
        {
            "throttle": 0.6915179824886218,
            "brake": 0.000897799631351774,
            "steer": 0.0
        },
        {
            "throttle": 0.6962188981995314,
            "brake": 0.0008080196682165966,
            "steer": 0.0
        },
        {
            "throttle": 0.6998016251931134,
            "brake": 0.000727217701394937,
            "steer": 0.0
        },
        {
            "throttle": 0.7022331786741743,
            "brake": 0.0006544959312554433,
            "steer": 0.0
        },
        {
            "throttle": 0.7034918268557514,
            "brake": 0.0005890463381298989,
            "steer": 0.0
        },
        {
            "throttle": 0.7035673385543455,
            "brake": 0.0005301417043169091,
            "steer": 0.0
        },
        {
            "throttle": 0.7024611124511669,
            "brake": 0.0004771275338852182,
            "steer": 0.0
        },
        {
            "throttle": 0.7001861870184012,
            "brake": 0.0004294147804966964,
            "steer": 0.0
        },
        {
            "throttle": 0.6967671312771125,
            "brake": 0.00038647330244702676,
            "steer": 0.0
        },
        {
            "throttle": 0.6922398177223043,
            "brake": 0.0003478259722023241,
            "steer": 0.0
        },
        {
            "throttle": 0.6866510799088161,
            "brake": 0.0003130433749820917,
            "steer": 0.0
        },
        {
            "throttle": 0.6800582583272817,
            "brake": 0.0002817390374838825,
            "steer": 0.0
        },
        {
            "throttle": 0.6725286393006572,
            "brake": 0.0002535651337354943,
            "steer": 0.0
        },
        {
            "throttle": 0.6641387926876059,
            "brake": 0.00022820862036194485,
            "steer": 0.0
        },
        {
            "throttle": 0.5977249134188454,
            "brake": 0.041667604295321875,
            "steer": 0.0
        },
        {
            "throttle": 0.5379524220769608,
            "brake": 0.0789630604027858,
            "steer": 0.0
        },
        {
            "throttle": 0.48415717986926476,
            "brake": 0.11252897089950335,
            "steer": 0.0
        },
        {
            "throttle": 0.4357414618823383,
            "brake": 0.14273829034654914,
            "steer": 0.0
        },
        {
            "throttle": 0.3921673156941045,
            "brake": 0.16992667784889037,
            "steer": 0.0
        },
        {
            "throttle": 0.35295058412469404,
            "brake": 0.19439622660099748,
            "steer": 0.0
        },
        {
            "throttle": 0.31765552571222466,
            "brake": 0.21641882047789385,
            "steer": 0.0
        },
        {
            "throttle": 0.28588997314100223,
            "brake": 0.23623915496710057,
            "steer": 0.0
        },
        {
            "throttle": 0.25730097582690203,
            "brake": 0.2540774560073866,
            "steer": 0.0
        },
        {
            "throttle": 0.23157087824421183,
            "brake": 0.2701319269436441,
            "steer": 0.0
        },
        {
            "throttle": 0.20841379041979063,
            "brake": 0.2845809507862758,
            "steer": 0.0
        },
        {
            "throttle": 0.18757241137781158,
            "brake": 0.29758507224464437,
            "steer": 0.0
        },
        {
            "throttle": 0.16881517024003043,
            "brake": 0.30928878155717604,
            "steer": 0.0
        },
        {
            "throttle": 0.1519336532160274,
            "brake": 0.31982211993845455,
            "steer": 0.0
        },
        {
            "throttle": 0.13674028789442466,
            "brake": 0.32930212448160523,
            "steer": 0.0
        },
        {
            "throttle": 0.1230662591049822,
            "brake": 0.3378341285704408,
            "steer": 0.0
        },
        {
            "throttle": 0.11075963319448398,
            "brake": 0.34551293225039287,
            "steer": 0.0
        },
        {
            "throttle": 0.09968366987503559,
            "brake": 0.3524238555623497,
            "steer": 0.0
        },
        {
            "throttle": 0.08971530288753203,
            "brake": 0.35864368654311085,
            "steer": 0.0
        },
        {
            "throttle": 0.08074377259877882,
            "brake": 0.3642415344257959,
            "steer": 0.0
        },
        {
            "throttle": 0.11750364635932008,
            "brake": 0.3278173809832163,
            "steer": 0.0
        },
        {
            "throttle": 0.1514700567196698,
            "brake": 0.29503564288489464,
            "steer": 0.0
        },
        {
            "throttle": 0.18305330950427556,
            "brake": 0.2655320785964052,
            "steer": 0.0
        },
        {
            "throttle": 0.2126125125002082,
            "brake": 0.2389788707367647,
            "steer": 0.0
        },
        {
            "throttle": 0.24045948345275042,
            "brake": 0.21508098366308823,
            "steer": 0.0
        },
        {
            "throttle": 0.2668623814203144,
            "brake": 0.1935728852967794,
            "steer": 0.0
        },
        {
            "throttle": 0.29204910016457697,
            "brake": 0.17421559676710147,
            "steer": 0.0
        },
        {
            "throttle": 0.3162104571283975,
            "brake": 0.15679403709039133,
            "steer": 0.0
        },
        {
            "throttle": 0.3395032068452145,
            "brake": 0.1411146333813522,
            "steer": 0.0
        },
        {
            "throttle": 0.362052903301343,
            "brake": 0.12700317004321698,
            "steer": 0.0
        },
        {
            "throttle": 0.3839566318126759,
            "brake": 0.11430285303889529,
            "steer": 0.0
        },
        {
            "throttle": 0.40528562735862395,
            "brake": 0.10287256773500576,
            "steer": 0.0
        },
        {
            "throttle": 0.42608779302025485,
            "brake": 0.09258531096150519,
            "steer": 0.0
        },
        {
            "throttle": 0.44639012918031307,
            "brake": 0.08332677986535467,
            "steer": 0.0
        },
        {
            "throttle": 0.46620108144573835,
            "brake": 0.0749941018788192,
            "steer": 0.0
        },
        {
            "throttle": 0.48551281283561326,
            "brake": 0.06749469169093729,
            "steer": 0.0
        },
        {
            "throttle": 0.5043034036274819,
            "brake": 0.06074522252184356,
            "steer": 0.0
        },
        {
            "throttle": 0.5225389803619294,
            "brake": 0.05467070026965921,
            "steer": 0.0
        },
        {
            "throttle": 0.5401757738590935,
            "brake": 0.04920363024269329,
            "steer": 0.0
        },
        {
            "throttle": 0.5571621046917232,
            "brake": 0.04428326721842396,
            "steer": 0.0
        },
        {
            "throttle": 0.5734402933780636,
            "brake": 0.039854940496581566,
            "steer": 0.0
        },
        {
            "throttle": 0.5889484915948816,
            "brake": 0.03586944644692341,
            "steer": 0.0
        },
        {
            "throttle": 0.603622429956915,
            "brake": 0.032282501802231064,
            "steer": 0.0
        },
        {
            "throttle": 0.6173970773543117,
            "brake": 0.02905425162200796,
            "steer": 0.0
        },
        {
            "throttle": 0.630208206474334,
            "brake": 0.026148826459807165,
            "steer": 0.0
        },
        {
            "throttle": 0.6419938599474699,
            "brake": 0.02353394381382645,
            "steer": 0.0
        },
        {
            "throttle": 0.6526957115404787,
            "brake": 0.021180549432443803,
            "steer": 0.0
        },
        {
            "throttle": 0.6622603169586814,
            "brake": 0.019062494489199423,
            "steer": 0.0
        },
        {
            "throttle": 0.6706402491054715,
            "brake": 0.01715624504027948,
            "steer": 0.0
        },
        {
            "throttle": 0.6777951130665328,
            "brake": 0.015440620536251533,
            "steer": 0.0
        },
        {
            "throttle": 0.68369243662722,
            "brake": 0.01389655848262638,
            "steer": 0.0
        },
        {
            "throttle": 0.6883084327811326,
            "brake": 0.012506902634363742,
            "steer": 0.0
        },
        {
            "throttle": 0.691628631432935,
            "brake": 0.011256212370927368,
            "steer": 0.0
        },
        {
            "throttle": 0.6936483783254735,
            "brake": 0.010130591133834632,
            "steer": 0.0
        },
        {
            "throttle": 0.6943732001165348,
            "brake": 0.00911753202045117,
            "steer": 0.0
        },
        {
            "throttle": 0.693819035480329,
            "brake": 0.008205778818406053,
            "steer": 0.0
        },
        {
            "throttle": 0.6920123330990896,
            "brake": 0.007385200936565448,
            "steer": 0.0
        },
        {
            "throttle": 0.6889900184271799,
            "brake": 0.0066466808429089036,
            "steer": 0.0
        },
        {
            "throttle": 0.684799332140047,
            "brake": 0.005982012758618013,
            "steer": 0.0
        },
        {
            "throttle": 0.6794975442097569,
            "brake": 0.005383811482756212,
            "steer": 0.0
        },
        {
            "throttle": 0.6731515485644772,
            "brake": 0.004845430334480591,
            "steer": 0.0
        },
        {
            "throttle": 0.6658373442783876,
            "brake": 0.004360887301032532,
            "steer": 0.0
        },
        {
            "throttle": 0.6576394101888421,
            "brake": 0.003924798570929279,
            "steer": 0.0
        },
        {
            "throttle": 0.648649980737564,
            "brake": 0.003532318713836351,
            "steer": 0.0
        },
        {
            "throttle": 0.6389682316713087,
            "brake": 0.003179086842452716,
            "steer": 0.0
        },
        {
            "throttle": 0.628699385004684,
            "brake": 0.0028611781582074444,
            "steer": 0.0
        },
        {
            "throttle": 0.6179537433344457,
            "brake": 0.0025750603423867,
            "steer": 0.0
        },
        {
            "throttle": 0.6068456641923309,
            "brake": 0.00231755430814803,
            "steer": 0.0
        },
        {
            "throttle": 0.5954924856251231,
            "brake": 0.002085798877333227,
            "steer": 0.0
        },
        {
            "throttle": 0.5840134145900234,
            "brake": 0.0018772189895999046,
            "steer": 0.0
        },
        {
            "throttle": 0.5725283900455104,
            "brake": 0.001689497090639914,
            "steer": 0.0
        },
        {
            "throttle": 0.5611569327989008,
            "brake": 0.0015205473815759227,
            "steer": 0.0
        },
        {
            "throttle": 0.5500169942391261,
            "brake": 0.0013684926434183303,
            "steer": 0.0
        },
        {
            "throttle": 0.5392238160354277,
            "brake": 0.0012316433790764973,
            "steer": 0.0
        },
        {
            "throttle": 0.5288888127195647,
            "brake": 0.0011084790411688477,
            "steer": 0.0
        },
        {
            "throttle": 0.5191184887917668,
            "brake": 0.000997631137051963,
            "steer": 0.0
        },
        {
            "throttle": 0.5100134016013091,
            "brake": 0.0008978680233467667,
            "steer": 0.0
        },
        {
            "throttle": 0.5016671807546562,
            "brake": 0.00080808122101209,
            "steer": 0.0
        },
        {
            "throttle": 0.4941656142021926,
            "brake": 0.0007272730989108811,
            "steer": 0.0
        },
        {
            "throttle": 0.48758581045426913,
            "brake": 0.0006545457890197929,
            "steer": 0.0
        },
        {
            "throttle": 0.48199544558533347,
            "brake": 0.0005890912101178137,
            "steer": 0.0
        },
        {
            "throttle": 0.47745210280890876,
            "brake": 0.0005301820891060324,
            "steer": 0.0
        },
        {
            "throttle": 0.4740027114546361,
            "brake": 0.00047716388019542914,
            "steer": 0.0
        },
        {
            "throttle": 0.4716830911608088,
            "brake": 0.0004294474921758862,
            "steer": 0.0
        },
        {
            "throttle": 0.47051760602176884,
            "brake": 0.0003865027429582976,
            "steer": 0.0
        },
        {
            "throttle": 0.47051893230978703,
            "brake": 0.00034785246866246783,
            "steer": 0.0
        },
        {
            "throttle": 0.4716879422366501,
            "brake": 0.0003130672217962211,
            "steer": 0.0
        },
        {
            "throttle": 0.47401370504255147,
            "brake": 0.000281760499616599,
            "steer": 0.0
        },
        {
            "throttle": 0.4774736055106841,
            "brake": 0.0002535844496549391,
            "steer": 0.0
        },
        {
            "throttle": 0.4820335788169657,
            "brake": 0.0002282260046894452,
            "steer": 0.0
        },
        {
            "throttle": 0.48764845944739255,
            "brake": 0.00020540340422050068,
            "steer": 0.0
        },
        {
            "throttle": 0.49426244076231407,
            "brake": 0.0001848630637984506,
            "steer": 0.0
        },
        {
            "throttle": 0.50180964066892,
            "brake": 0.00016637675741860554,
            "steer": 0.0
        },
        {
            "throttle": 0.5102147677915643,
            "brake": 0.00014973908167674498,
            "steer": 0.0
        },
        {
            "throttle": 0.5193938815148778,
            "brake": 0.0001347651735090705,
            "steer": 0.0
        },
        {
            "throttle": 0.5292552383270656,
            "brake": 0.00012128865615816344,
            "steer": 0.0
        },
        {
            "throttle": 0.5397002160197756,
            "brake": 0.0001091597905423471,
            "steer": 0.0
        },
        {
            "throttle": 0.5506243065151459,
            "brake": 9.824381148811238e-05,
            "steer": 0.0
        },
        {
            "throttle": 0.5619181673979248,
            "brake": 8.841943033930115e-05,
            "steer": 0.0
        },
        {
            "throttle": 0.573468721637803,
            "brake": 7.957748730537104e-05,
            "steer": 0.0
        },
        {
            "throttle": 0.5851602945002166,
            "brake": 7.161973857483393e-05,
            "steer": 0.0
        },
        {
            "throttle": 0.5968757762677048,
            "brake": 6.445776471735054e-05,
            "steer": 0.0
        },
        {
            "throttle": 0.6084977991321994,
            "brake": 5.801198824561549e-05,
            "steer": 0.0
        },
        {
            "throttle": 0.6199099164739466,
            "brake": 5.221078942105395e-05,
            "steer": 0.0
        },
        {
            "throttle": 0.6309977727165783,
            "brake": 4.6989710478948555e-05,
            "steer": 0.0
        }
    ],
    "parameters": {
        "fog_density": 25.94213530638197,
        "precipitation": 16.57434359369686,
        "precipitation_deposits": 14.462968896308814,
        "wind_intensity": 0.054522254503686085,
        "sun_altitude_angle": -17.907321600659948,
        "cloudiness": 51.463783269752504,
        "lead_base_throttle": 0.5877070760023827,
        "lead_behavior_frequency": 0.15947757842548432,
        "lead_throttle_variation": 0.1613112425887222,
        "lead_brake_probability": 0.16651548501018382,
        "lead_brake_intensity": 0.4146221653699612,
        "lead_brake_duration": 20.11353143601471,
        "initial_distance": 46.24719335574304,
        "initial_ego_velocity": 7.542764274941485,
        "initial_lead_velocity": 9.36422198693801
    },
    "config": {
        "num_timesteps": 200,
        "dt": 0.1,
        "seed": 89
    }
}