{
    "weather": {
        "cloudiness": 9.31599099434981,
        "precipitation": 59.96135980118476,
        "precipitation_deposits": 85.94855141230272,
        "wind_intensity": 41.550655370758676,
        "sun_altitude_angle": 58.55055452291457,
        "fog_density": 48.580897801122525,
        "fog_distance": 198.02474922018516,
        "wetness": 29.98067990059238
    },
    "initial_conditions": {
        "ego": {
            "position": {
                "x": 563.2943079036728,
                "y": 20.57,
                "z": 0.294
            },
            "yaw": 0.0,
            "velocity": 10.242565935463801
        },
        "lead": {
            "position": {
                "x": 484.88,
                "y": 20.57,
                "z": 0.294
            },
            "yaw": 0.0,
            "velocity": 20.51853843612644
        }
    },
    "ego": {
        "position": {
            "x": 563.2943079036728,
            "y": 20.57,
            "z": 0.294
        },
        "yaw": 0.0,
        "velocity": 10.242565935463801
    },
    "lead": {
        "position": {
            "x": 484.88,
            "y": 20.57,
            "z": 0.294
        },
        "yaw": 0.0,
        "velocity": 20.51853843612644
    },
    "ado_actions": [
        {
            "throttle": 0.41278554843917836,
            "brake": 0.0,
            "steer": 0.0
        },
        {
            "throttle": 0.41582479807832007,
            "brake": 0.0,
            "steer": 0.0
        },
        {
            "throttle": 0.42156370599709325,
            "brake": 0.0,
            "steer": 0.0
        },
        {
            "throttle": 0.42966139213089555,
            "brake": 0.0,
            "steer": 0.0
        },
        {
            "throttle": 0.4397766487778005,
            "brake": 0.0,
            "steer": 0.0
        },
        {
            "throttle": 0.45156920943619916,
            "brake": 0.0,
            "steer": 0.0
        },
        {
            "throttle": 0.4647012801296759,
            "brake": 0.0,
            "steer": 0.0
        },
        {
            "throttle": 0.47883928789536967,
            "brake": 0.0,
            "steer": 0.0
        },
        {
            "throttle": 0.49365580129892783,
            "brake": 0.0,
            "steer": 0.0
        },
        {
            "throttle": 0.5088315782821727,
            "brake": 0.0,
            "steer": 0.0
        },
        {
            "throttle": 0.5240576973709321,
            "brake": 0.0,
            "steer": 0.0
        },
        {
            "throttle": 0.5390377292862829,
            "brake": 0.0,
            "steer": 0.0
        },
        {
            "throttle": 0.5534899073229594,
            "brake": 0.0,
            "steer": 0.0
        },
        {
            "throttle": 0.5671492564883255,
            "brake": 0.0,
            "steer": 0.0
        },
        {
            "throttle": 0.5797696433329316,
            "brake": 0.0,
            "steer": 0.0
        },
        {
            "throttle": 0.5911257106426787,
            "brake": 0.0,
            "steer": 0.0
        },
        {
            "throttle": 0.6010146636912587,
            "brake": 0.0,
            "steer": 0.0
        },
        {
            "throttle": 0.6092578775532388,
            "brake": 0.0,
            "steer": 0.0
        },
        {
            "throttle": 0.615702298031812,
            "brake": 0.0,
            "steer": 0.0
        },
        {
            "throttle": 0.6202216120355891,
            "brake": 0.0,
            "steer": 0.0
        },
        {
            "throttle": 0.6227171667169256,
            "brake": 0.0,
            "steer": 0.0
        },
        {
            "throttle": 0.6231186203279064,
            "brake": 0.0,
            "steer": 0.0
        },
        {
            "throttle": 0.6213843115242332,
            "brake": 0.0,
            "steer": 0.0
        },
        {
            "throttle": 0.6175013377145201,
            "brake": 0.0,
            "steer": 0.0
        },
        {
            "throttle": 0.6114853369738015,
            "brake": 0.0,
            "steer": 0.0
        },
        {
            "throttle": 0.6033799719749762,
            "brake": 0.0,
            "steer": 0.0
        },
        {
            "throttle": 0.5932561182993716,
            "brake": 0.0,
            "steer": 0.0
        },
        {
            "throttle": 0.5812107633263007,
            "brake": 0.0,
            "steer": 0.0
        },
        {
            "throttle": 0.5673656256304686,
            "brake": 0.0,
            "steer": 0.0
        },
        {
            "throttle": 0.551865508395296,
            "brake": 0.0,
            "steer": 0.0
        },
        {
            "throttle": 0.534876403740987,
            "brake": 0.0,
            "steer": 0.0
        },
        {
            "throttle": 0.5165833680316789,
            "brake": 0.0,
            "steer": 0.0
        },
        {
            "throttle": 0.49718819113182217,
            "brake": 0.0,
            "steer": 0.0
        },
        {
            "throttle": 0.47690688519636376,
            "brake": 0.0,
            "steer": 0.0
        },
        {
            "throttle": 0.45596702087386054,
            "brake": 0.0,
            "steer": 0.0
        },
        {
            "throttle": 0.4346049407513543,
            "brake": 0.0,
            "steer": 0.0
        },
        {
            "throttle": 0.41306288145359493,
            "brake": 0.0,
            "steer": 0.0
        },
        {
            "throttle": 0.3915860370099998,
            "brake": 0.0,
            "steer": 0.0
        },
        {
            "throttle": 0.3704195969079298,
            "brake": 0.0,
            "steer": 0.0
        },
        {
            "throttle": 0.3498057926522843,
            "brake": 0.0,
            "steer": 0.0
        },
        {
            "throttle": 0.32998098664551345,
            "brake": 0.0,
            "steer": 0.0
        },
        {
            "throttle": 0.31117283679003843,
            "brake": 0.0,
            "steer": 0.0
        },
        {
            "throttle": 0.29359756940252235,
            "brake": 0.0,
            "steer": 0.0
        },
        {
            "throttle": 0.277457391826837,
            "brake": 0.0,
            "steer": 0.0
        },
        {
            "throttle": 0.26293807455479173,
            "brake": 0.0,
            "steer": 0.0
        },
        {
            "throttle": 0.2502067307299335,
            "brake": 0.0,
            "steer": 0.0
        },
        {
            "throttle": 0.23940981864329694,
            "brake": 0.0,
            "steer": 0.0
        },
        {
            "throttle": 0.2306713902580401,
            "brake": 0.0,
            "steer": 0.0
        },
        {
            "throttle": 0.22409160595311442,
            "brake": 0.0,
            "steer": 0.0
        },
        {
            "throttle": 0.21974553258835772,
            "brake": 0.0,
            "steer": 0.0
        },
        {
            "throttle": 0.2176822387012938,
            "brake": 0.0,
            "steer": 0.0
        },
        {
            "throttle": 0.2179241971884784,
            "brake": 0.0,
            "steer": 0.0
        },
        {
            "throttle": 0.22046700224234553,
            "brake": 0.0,
            "steer": 0.0
        },
        {
            "throttle": 0.22527940365050977,
            "brake": 0.0,
            "steer": 0.0
        },
        {
            "throttle": 0.23230365786163626,
            "brake": 0.0,
            "steer": 0.0
        },
        {
            "throttle": 0.24145619152398706,
            "brake": 0.0,
            "steer": 0.0
        },
        {
            "throttle": 0.2526285695532081,
            "brake": 0.0,
            "steer": 0.0
        },
        {
            "throttle": 0.2656887562278544,
            "brake": 0.0,
            "steer": 0.0
        },
        {
            "throttle": 0.2804826543864881,
            "brake": 0.0,
            "steer": 0.0
        },
        {
            "throttle": 0.2968359045492807,
            "brake": 0.0,
            "steer": 0.0
        },
        {
            "throttle": 0.31455592274818145,
            "brake": 0.0,
            "steer": 0.0
        },
        {
            "throttle": 0.33343415305868784,
            "brake": 0.0,
            "steer": 0.0
        },
        {
            "throttle": 0.35324850831592014,
            "brake": 0.0,
            "steer": 0.0
        },
        {
            "throttle": 0.37376597029763536,
            "brake": 0.0,
            "steer": 0.0
        },
        {
            "throttle": 0.3947453187929212,
            "brake": 0.0,
            "steer": 0.0
        },
        {
            "throttle": 0.4159399574695446,
            "brake": 0.0,
            "steer": 0.0
        },
        {
            "throttle": 0.4371008033230424,
            "brake": 0.0,
            "steer": 0.0
        },
        {
            "throttle": 0.45797920574995205,
            "brake": 0.0,
            "steer": 0.0
        },
        {
            "throttle": 0.47832986094485075,
            "brake": 0.0,
            "steer": 0.0
        },
        {
            "throttle": 0.49791368738017083,
            "brake": 0.0,
            "steer": 0.0
        },
        {
            "throttle": 0.5165006285884437,
            "brake": 0.0,
            "steer": 0.0
        },
        {
            "throttle": 0.5338723503233354,
            "brake": 0.0,
            "steer": 0.0
        },
        {
            "throttle": 0.5498248004185513,
            "brake": 0.0,
            "steer": 0.0
        },
        {
            "throttle": 0.5641706012778703,
            "brake": 0.0,
            "steer": 0.0
        },
        {
            "throttle": 0.5767412468962958,
            "brake": 0.0,
            "steer": 0.0
        },
        {
            "throttle": 0.5873890786085426,
            "brake": 0.0,
            "steer": 0.0
        },
        {
            "throttle": 0.5959890163598871,
            "brake": 0.0,
            "steer": 0.0
        },
        {
            "throttle": 0.6024400251653216,
            "brake": 0.0,
            "steer": 0.0
        },
        {
            "throttle": 0.6066662995323039,
            "brake": 0.0,
            "steer": 0.0
        },
        {
            "throttle": 0.6086181519337056,
            "brake": 0.0,
            "steer": 0.0
        },
        {
            "throttle": 0.6082725948920008,
            "brake": 0.0,
            "steer": 0.0
        },
        {
            "throttle": 0.6056336098325388,
            "brake": 0.0,
            "steer": 0.0
        },
        {
            "throttle": 0.6007320995407175,
            "brake": 0.0,
            "steer": 0.0
        },
        {
            "throttle": 0.5936255247718748,
            "brake": 0.0,
            "steer": 0.0
        },
        {
            "throttle": 0.584397229270181,
            "brake": 0.0,
            "steer": 0.0
        },
        {
            "throttle": 0.5731554611102347,
            "brake": 0.0,
            "steer": 0.0
        },
        {
            "throttle": 0.5600321018395364,
            "brake": 0.0,
            "steer": 0.0
        },
        {
            "throttle": 0.5451811183297128,
            "brake": 0.0,
            "steer": 0.0
        },
        {
            "throttle": 0.5287767554990461,
            "brake": 0.0,
            "steer": 0.0
        },
        {
            "throttle": 0.5110114911103468,
            "brake": 0.0,
            "steer": 0.0
        },
        {
            "throttle": 0.4920937766407976,
            "brake": 0.0,
            "steer": 0.0
        },
        {
            "throttle": 0.47224559073133715,
            "brake": 0.0,
            "steer": 0.0
        },
        {
            "throttle": 0.4516998339229699,
            "brake": 0.0,
            "steer": 0.0
        },
        {
            "throttle": 0.43069759525028367,
            "brake": 0.0,
            "steer": 0.0
        },
        {
            "throttle": 0.4094853227665606,
            "brake": 0.0,
            "steer": 0.0
        },
        {
            "throttle": 0.38831193120254354,
            "brake": 0.0,
            "steer": 0.0
        },
        {
            "throttle": 0.36742588069893,
            "brake": 0.0,
            "steer": 0.0
        },
        {
            "throttle": 0.3470722608923522,
            "brake": 0.0,
            "steer": 0.0
        },
        {
            "throttle": 0.32748991457198956,
            "brake": 0.0,
            "steer": 0.0
        },
        {
            "throttle": 0.3089086346597723,
            "brake": 0.0,
            "steer": 0.0
        },
        {
            "throttle": 0.29154646740683404,
            "brake": 0.0,
            "steer": 0.0
        },
        {
            "throttle": 0.275607153452546,
            "brake": 0.0,
            "steer": 0.0
        },
        {
            "throttle": 0.26127773677474986,
            "brake": 0.0,
            "steer": 0.0
        },
        {
            "throttle": 0.2487263695896805,
            "brake": 0.0,
            "steer": 0.0
        },
        {
            "throttle": 0.23810033896066066,
            "brake": 0.0,
            "steer": 0.0
        },
        {
            "throttle": 0.22952433827293695,
            "brake": 0.0,
            "steer": 0.0
        },
        {
            "throttle": 0.22309900385854883,
            "brake": 0.0,
            "steer": 0.0
        },
        {
            "throttle": 0.21889973394359694,
            "brake": 0.0,
            "steer": 0.0
        },
        {
            "throttle": 0.21697580377722137,
            "brake": 0.0,
            "steer": 0.0
        },
        {
            "throttle": 0.21734978732589713,
            "brake": 0.0,
            "steer": 0.0
        },
        {
            "throttle": 0.2200172923190858,
            "brake": 0.0,
            "steer": 0.0
        },
        {
            "throttle": 0.22494701175507675,
            "brake": 0.0,
            "steer": 0.0
        },
        {
            "throttle": 0.2320810912621539,
            "brake": 0.0,
            "steer": 0.0
        },
        {
            "throttle": 0.2413358080036217,
            "brake": 0.0,
            "steer": 0.0
        },
        {
            "throttle": 0.2526025531592137,
            "brake": 0.0,
            "steer": 0.0
        },
        {
            "throttle": 0.2657491064528925,
            "brake": 0.0,
            "steer": 0.0
        },
        {
            "throttle": 0.28062118776983963,
            "brake": 0.0,
            "steer": 0.0
        },
        {
            "throttle": 0.29704426765374836,
            "brake": 0.0,
            "steer": 0.0
        },
        {
            "throttle": 0.3148256154375281,
            "brake": 0.0,
            "steer": 0.0
        },
        {
            "throttle": 0.333756560971861,
            "brake": 0.0,
            "steer": 0.0
        },
        {
            "throttle": 0.3536149434094471,
            "brake": 0.0,
            "steer": 0.0
        },
        {
            "throttle": 0.37416771830764045,
            "brake": 0.0,
            "steer": 0.0
        },
        {
            "throttle": 0.395173692454293,
            "brake": 0.0,
            "steer": 0.0
        },
        {
            "throttle": 0.41638635432276727,
            "brake": 0.0,
            "steer": 0.0
        },
        {
            "throttle": 0.4375567669398621,
            "brake": 0.0,
            "steer": 0.0
        },
        {
            "throttle": 0.45843648921797453,
            "brake": 0.0,
            "steer": 0.0
        },
        {
            "throttle": 0.478780491468797,
            "brake": 0.0,
            "steer": 0.0
        },
        {
            "throttle": 0.4983500308841391,
            "brake": 0.0,
            "steer": 0.0
        },
        {
            "throttle": 0.5169154532392704,
            "brake": 0.0,
            "steer": 0.0
        },
        {
            "throttle": 0.5342588879399836,
            "brake": 0.0,
            "steer": 0.0
        },
        {
            "throttle": 0.5501768047862281,
            "brake": 0.0,
            "steer": 0.0
        },
        {
            "throttle": 0.5644824024479597,
            "brake": 0.0,
            "steer": 0.0
        },
        {
            "throttle": 0.57700780062376,
            "brake": 0.0,
            "steer": 0.0
        },
        {
            "throttle": 0.5876060101566218,
            "brake": 0.0,
            "steer": 0.0
        },
        {
            "throttle": 0.5961526579870269,
            "brake": 0.0,
            "steer": 0.0
        },
        {
            "throttle": 0.6025474467005016,
            "brake": 0.0,
            "steer": 0.0
        },
        {
            "throttle": 0.606715331541441,
            "brake": 0.0,
            "steer": 0.0
        },
        {
            "throttle": 0.6086074010806001,
            "brake": 0.0,
            "steer": 0.0
        },
        {
            "throttle": 0.6082014512013637,
            "brake": 0.0,
            "steer": 0.0
        },
        {
            "throttle": 0.6055022456688863,
            "brake": 0.0,
            "steer": 0.0
        },
        {
            "throttle": 0.600541460224234,
            "brake": 0.0,
            "steer": 0.0
        },
        {
            "throttle": 0.593377310859577,
            "brake": 0.0,
            "steer": 0.0
        },
        {
            "throttle": 0.5840938706367039,
            "brake": 0.0,
            "steer": 0.0
        },
        {
            "throttle": 0.5728000830661562,
            "brake": 0.0,
            "steer": 0.0
        },
        {
            "throttle": 0.5596284836252234,
            "brake": 0.0,
            "steer": 0.0
        },
        {
            "throttle": 0.5447336444181101,
            "brake": 0.0,
            "steer": 0.0
        },
        {
            "throttle": 0.5282903602305843,
            "brake": 0.0,
            "steer": 0.0
        },
        {
            "throttle": 0.5104915972662246,
            "brake": 0.0,
            "steer": 0.0
        },
        {
            "throttle": 0.4915462286363766,
            "brake": 0.0,
            "steer": 0.0
        },
        {
            "throttle": 0.47167658317843214,
            "brake": 0.0,
            "steer": 0.0
        },
        {
            "throttle": 0.4511158363676876,
            "brake": 0.0,
            "steer": 0.0
        },
        {
            "throttle": 0.43010527394111003,
            "brake": 0.0,
            "steer": 0.0
        },
        {
            "throttle": 0.4088914603451029,
            "brake": 0.0,
            "steer": 0.0
        },
        {
            "throttle": 0.3877233452362759,
            "brake": 0.0,
            "steer": 0.0
        },
        {
            "throttle": 0.3668493419911911,
            "brake": 0.0,
            "steer": 0.0
        },
        {
            "throttle": 0.346514412509538,
            "brake": 0.0,
            "steer": 0.0
        },
        {
            "throttle": 0.32695719252133687,
            "brake": 0.0,
            "steer": 0.0
        },
        {
            "throttle": 0.30840719113344456,
            "brake": 0.0,
            "steer": 0.0
        },
        {
            "throttle": 0.29108209747941877,
            "brake": 0.0,
            "steer": 0.0
        },
        {
            "throttle": 0.27518522607991214,
            "brake": 0.0,
            "steer": 0.0
        },
        {
            "throttle": 0.26090313089296174,
            "brake": 0.0,
            "steer": 0.0
        },
        {
            "throttle": 0.2484034160539209,
            "brake": 0.0,
            "steer": 0.0
        },
        {
            "throttle": 0.2378327689965751,
            "brake": 0.0,
            "steer": 0.0
        },
        {
            "throttle": 0.2293152390372814,
            "brake": 0.0,
            "steer": 0.0
        },
        {
            "throttle": 0.22295078162339949,
            "brake": 0.0,
            "steer": 0.0
        },
        {
            "throttle": 0.21881408532963983,
            "brake": 0.0,
            "steer": 0.0
        },
        {
            "throttle": 0.21695369536783618,
            "brake": 0.0,
            "steer": 0.0
        },
        {
            "throttle": 0.21739144389598292,
            "brake": 0.0,
            "steer": 0.0
        },
        {
            "throttle": 0.22012219381201178,
            "brake": 0.0,
            "steer": 0.0
        },
        {
            "throttle": 0.22511389903895268,
            "brake": 0.0,
            "steer": 0.0
        },
        {
            "throttle": 0.23230798059401678,
            "brake": 0.0,
            "steer": 0.0
        },
        {
            "throttle": 0.24162001402832994,
            "brake": 0.0,
            "steer": 0.0
        },
        {
            "throttle": 0.2529407201700307,
            "brake": 0.0,
            "steer": 0.0
        },
        {
            "throttle": 0.26613724754409934,
            "brake": 0.0,
            "steer": 0.0
        },
        {
            "throttle": 0.2810547314193832,
            "brake": 0.0,
            "steer": 0.0
        },
        {
            "throttle": 0.2975181111869907,
            "brake": 0.0,
            "steer": 0.0
        },
        {
            "throttle": 0.3153341847426373,
            "brake": 0.0,
            "steer": 0.0
        },
        {
            "throttle": 0.3342938757642272,
            "brake": 0.0,
            "steer": 0.0
        },
        {
            "throttle": 0.3541746872775671,
            "brake": 0.0,
            "steer": 0.0
        },
        {
            "throttle": 0.37474331271697453,
            "brake": 0.0,
            "steer": 0.0
        },
        {
            "throttle": 0.39575837383929324,
            "brake": 0.0,
            "steer": 0.0
        },
        {
            "throttle": 0.4169732533611753,
            "brake": 0.0,
            "steer": 0.0
        },
        {
            "throttle": 0.4381389890778819,
            "brake": 0.0,
            "steer": 0.0
        },
        {
            "throttle": 0.45900719550035746,
            "brake": 0.0,
            "steer": 0.0
        },
        {
            "throttle": 0.47933297872439545,
            "brake": 0.0,
            "steer": 0.0
        },
        {
            "throttle": 0.49887781032513673,
            "brake": 0.0,
            "steer": 0.0
        },
        {
            "throttle": 0.5174123265509923,
            "brake": 0.0,
            "steer": 0.0
        },
        {
            "throttle": 0.5347190199677107,
            "brake": 0.0,
            "steer": 0.0
        },
        {
            "throttle": 0.5505947919654371,
            "brake": 0.0,
            "steer": 0.0
        },
        {
            "throttle": 0.5648533361744229,
            "brake": 0.0,
            "steer": 0.0
        },
        {
            "throttle": 0.5773273248193708,
            "brake": 0.0,
            "steer": 0.0
        },
        {
            "throttle": 0.5878703723549739,
            "brake": 0.0,
            "steer": 0.0
        },
        {
            "throttle": 0.5963587533388665,
            "brake": 0.0,
            "steer": 0.0
        },
        {
            "throttle": 0.6026928543822945,
            "brake": 0.0,
            "steer": 0.0
        },
        {
            "throttle": 0.6067983431394823,
            "brake": 0.0,
            "steer": 0.0
        },
        {
            "throttle": 0.6086270406172977,
            "brake": 0.0,
            "steer": 0.0
        },
        {
            "throttle": 0.6081574865684295,
            "brake": 0.0,
            "steer": 0.0
        },
        {
            "throttle": 0.6053951913330425,
            "brake": 0.0,
            "steer": 0.0
        },
        {
            "throttle": 0.6003725711734789,
            "brake": 0.0,
            "steer": 0.0
        },
        {
            "throttle": 0.5931485678608714,
            "brake": 0.0,
            "steer": 0.0
        }
    ],
    "parameters": {
        "fog_density": 48.580897801122525,
        "precipitation": 59.96135980118476,
        "precipitation_deposits": 85.94855141230272,
        "wind_intensity": 41.550655370758676,
        "sun_altitude_angle": 58.55055452291457,
        "cloudiness": 9.31599099434981,
        "lead_base_throttle": 0.41278554843917836,
        "lead_behavior_frequency": 0.172496044748095,
        "lead_throttle_variation": 0.280968708989068,
        "lead_brake_probability": 0.06752929006846387,
        "lead_brake_intensity": 0.41709010553205983,
        "lead_brake_duration": 15.659603807364226,
        "initial_distance": 78.41430790367284,
        "initial_ego_velocity": 10.242565935463801,
        "initial_lead_velocity": 20.51853843612644
    },
    "config": {
        "num_timesteps": 200,
        "dt": 0.1,
        "seed": 81
    }
}