{
    "weather": {
        "cloudiness": 9.684436656827422,
        "precipitation": 77.47991010397544,
        "precipitation_deposits": 65.3684556775128,
        "wind_intensity": 29.796355263112805,
        "sun_altitude_angle": 44.03332271256539,
        "fog_density": 73.81557059713103,
        "fog_distance": 85.39062003255444,
        "wetness": 38.73995505198772
    },
    "initial_conditions": {
        "ego": {
            "position": {
                "x": 526.7381276220063,
                "y": 20.57,
                "z": 0.294
            },
            "yaw": 0.0,
            "velocity": 6.933748370398574
        },
        "lead": {
            "position": {
                "x": 484.88,
                "y": 20.57,
                "z": 0.294
            },
            "yaw": 0.0,
            "velocity": 23.550486188318537
        }
    },
    "ego": {
        "position": {
            "x": 526.7381276220063,
            "y": 20.57,
            "z": 0.294
        },
        "yaw": 0.0,
        "velocity": 6.933748370398574
    },
    "lead": {
        "position": {
            "x": 484.88,
            "y": 20.57,
            "z": 0.294
        },
        "yaw": 0.0,
        "velocity": 23.550486188318537
    },
    "ado_actions": [
        {
            "throttle": 0.5980789924041382,
            "brake": 0.0,
            "steer": 0.0
        },
        {
            "throttle": 0.598192282214244,
            "brake": 0.0,
            "steer": 0.0
        },
        {
            "throttle": 0.5984054609547891,
            "brake": 0.0,
            "steer": 0.0
        },
        {
            "throttle": 0.5987044338272982,
            "brake": 0.0,
            "steer": 0.0
        },
        {
            "throttle": 0.5990745565971467,
            "brake": 0.0,
            "steer": 0.0
        },
        {
            "throttle": 0.5995008014535529,
            "brake": 0.0,
            "steer": 0.0
        },
        {
            "throttle": 0.5999679400806792,
            "brake": 0.0,
            "steer": 0.0
        },
        {
            "throttle": 0.6004607395721413,
            "brake": 0.0,
            "steer": 0.0
        },
        {
            "throttle": 0.6009641666882984,
            "brake": 0.0,
            "steer": 0.0
        },
        {
            "throttle": 0.601463595894886,
            "brake": 0.0,
            "steer": 0.0
        },
        {
            "throttle": 0.6019450166349867,
            "brake": 0.0,
            "steer": 0.0
        },
        {
            "throttle": 0.6023952353746838,
            "brake": 0.0,
            "steer": 0.0
        },
        {
            "throttle": 0.6028020681252202,
            "brake": 0.0,
            "steer": 0.0
        },
        {
            "throttle": 0.6031545193788649,
            "brake": 0.0,
            "steer": 0.0
        },
        {
            "throttle": 0.6034429436983437,
            "brake": 0.0,
            "steer": 0.0
        },
        {
            "throttle": 0.6036591865657032,
            "brake": 0.0,
            "steer": 0.0
        },
        {
            "throttle": 0.6037967015196763,
            "brake": 0.0,
            "steer": 0.0
        },
        {
            "throttle": 0.6038506410837731,
            "brake": 0.0,
            "steer": 0.0
        },
        {
            "throttle": 0.6038179195021915,
            "brake": 0.0,
            "steer": 0.0
        },
        {
            "throttle": 0.6036972458482406,
            "brake": 0.0,
            "steer": 0.0
        },
        {
            "throttle": 0.6034891266405988,
            "brake": 0.0,
            "steer": 0.0
        },
        {
            "throttle": 0.6031958376863095,
            "brake": 0.0,
            "steer": 0.0
        },
        {
            "throttle": 0.6028213654555312,
            "brake": 0.0,
            "steer": 0.0
        },
        {
            "throttle": 0.6023713188712769,
            "brake": 0.0,
            "steer": 0.0
        },
        {
            "throttle": 0.6018528129573302,
            "brake": 0.0,
            "steer": 0.0
        },
        {
            "throttle": 0.6012743263192036,
            "brake": 0.0,
            "steer": 0.0
        },
        {
            "throttle": 0.6006455349268639,
            "brake": 0.0,
            "steer": 0.0
        },
        {
            "throttle": 0.599977125115123,
            "brake": 0.0,
            "steer": 0.0
        },
        {
            "throttle": 0.5992805891100709,
            "brake": 0.0,
            "steer": 0.0
        },
        {
            "throttle": 0.5985680067206524,
            "brake": 0.0,
            "steer": 0.0
        },
        {
            "throttle": 0.5978518170975511,
            "brake": 0.0,
            "steer": 0.0
        },
        {
            "throttle": 0.597144584652233,
            "brake": 0.0,
            "steer": 0.0
        },
        {
            "throttle": 0.5964587633439377,
            "brake": 0.0,
            "steer": 0.0
        },
        {
            "throttle": 0.5958064635795728,
            "brake": 0.0,
            "steer": 0.0
        },
        {
            "throttle": 0.5951992259302687,
            "brake": 0.0,
            "steer": 0.0
        },
        {
            "throttle": 0.5946478057496131,
            "brake": 0.0,
            "steer": 0.0
        },
        {
            "throttle": 0.5941619725845461,
            "brake": 0.0,
            "steer": 0.0
        },
        {
            "throttle": 0.5937503280041645,
            "brake": 0.0,
            "steer": 0.0
        },
        {
            "throttle": 0.5934201451391684,
            "brake": 0.0,
            "steer": 0.0
        },
        {
            "throttle": 0.5931772328315211,
            "brake": 0.0,
            "steer": 0.0
        },
        {
            "throttle": 0.5930258268473091,
            "brake": 0.0,
            "steer": 0.0
        },
        {
            "throttle": 0.5929685101139959,
            "brake": 0.0,
            "steer": 0.0
        },
        {
            "throttle": 0.5930061634152863,
            "brake": 0.0,
            "steer": 0.0
        },
        {
            "throttle": 0.5931379474223486,
            "brake": 0.0,
            "steer": 0.0
        },
        {
            "throttle": 0.5933613163693405,
            "brake": 0.0,
            "steer": 0.0
        },
        {
            "throttle": 0.5936720631045318,
            "brake": 0.0,
            "steer": 0.0
        },
        {
            "throttle": 0.5940643946763585,
            "brake": 0.0,
            "steer": 0.0
        },
        {
            "throttle": 0.5945310370569863,
            "brake": 0.0,
            "steer": 0.0
        },
        {
            "throttle": 0.5950633670745826,
            "brake": 0.0,
            "steer": 0.0
        },
        {
            "throttle": 0.595651569129251,
            "brake": 0.0,
            "steer": 0.0
        },
        {
            "throttle": 0.5962848138155424,
            "brake": 0.0,
            "steer": 0.0
        },
        {
            "throttle": 0.5969514551749233,
            "brake": 0.0,
            "steer": 0.0
        },
        {
            "throttle": 0.5976392429618511,
            "brake": 0.0,
            "steer": 0.0
        },
        {
            "throttle": 0.5983355460334254,
            "brake": 0.0,
            "steer": 0.0
        },
        {
            "throttle": 0.5990275827699474,
            "brake": 0.0,
            "steer": 0.0
        },
        {
            "throttle": 0.5997026543058589,
            "brake": 0.0,
            "steer": 0.0
        },
        {
            "throttle": 0.6003483762997821,
            "brake": 0.0,
            "steer": 0.0
        },
        {
            "throttle": 0.600952904999683,
            "brake": 0.0,
            "steer": 0.0
        },
        {
            "throttle": 0.6015051534640402,
            "brake": 0.0,
            "steer": 0.0
        },
        {
            "throttle": 0.6019949939804062,
            "brake": 0.0,
            "steer": 0.0
        },
        {
            "throttle": 0.6024134429756021,
            "brake": 0.0,
            "steer": 0.0
        },
        {
            "throttle": 0.6027528250323705,
            "brake": 0.0,
            "steer": 0.0
        },
        {
            "throttle": 0.6030069130097697,
            "brake": 0.0,
            "steer": 0.0
        },
        {
            "throttle": 0.6031710417019251,
            "brake": 0.0,
            "steer": 0.0
        },
        {
            "throttle": 0.6032421929539804,
            "brake": 0.0,
            "steer": 0.0
        },
        {
            "throttle": 0.6032190506763435,
            "brake": 0.0,
            "steer": 0.0
        },
        {
            "throttle": 0.6031020247490654,
            "brake": 0.0,
            "steer": 0.0
        },
        {
            "throttle": 0.6028932433773441,
            "brake": 0.0,
            "steer": 0.0
        },
        {
            "throttle": 0.6025965140363113,
            "brake": 0.0,
            "steer": 0.0
        },
        {
            "throttle": 0.6022172537178786,
            "brake": 0.0,
            "steer": 0.0
        },
        {
            "throttle": 0.6017623897539853,
            "brake": 0.0,
            "steer": 0.0
        },
        {
            "throttle": 0.6012402330288401,
            "brake": 0.0,
            "steer": 0.0
        },
        {
            "throttle": 0.6006603258978284,
            "brake": 0.0,
            "steer": 0.0
        },
        {
            "throttle": 0.6000332675934454,
            "brake": 0.0,
            "steer": 0.0
        },
        {
            "throttle": 0.5993705203104385,
            "brake": 0.0,
            "steer": 0.0
        },
        {
            "throttle": 0.598684199515777,
            "brake": 0.0,
            "steer": 0.0
        },
        {
            "throttle": 0.5388157795641993,
            "brake": 0.04272873419895156,
            "steer": 0.0
        },
        {
            "throttle": 0.48493420160777945,
            "brake": 0.08118459497800797,
            "steer": 0.0
        },
        {
            "throttle": 0.4364407814470015,
            "brake": 0.11579486967915872,
            "steer": 0.0
        },
        {
            "throttle": 0.3927967033023014,
            "brake": 0.1469441169101944,
            "steer": 0.0
        },
        {
            "throttle": 0.35351703297207127,
            "brake": 0.17497843941812655,
            "steer": 0.0
        },
        {
            "throttle": 0.31816532967486416,
            "brake": 0.20020932967526547,
            "steer": 0.0
        },
        {
            "throttle": 0.28634879670737773,
            "brake": 0.2229171309066905,
            "steer": 0.0
        },
        {
            "throttle": 0.25771391703664,
            "brake": 0.243354152014973,
            "steer": 0.0
        },
        {
            "throttle": 0.231942525332976,
            "brake": 0.2617474710124273,
            "steer": 0.0
        },
        {
            "throttle": 0.2087482727996784,
            "brake": 0.2783014581101361,
            "steer": 0.0
        },
        {
            "throttle": 0.2470096305853372,
            "brake": 0.2504713122991225,
            "steer": 0.0
        },
        {
            "throttle": 0.2815189695162338,
            "brake": 0.22542418106921025,
            "steer": 0.0
        },
        {
            "throttle": 0.25336707256461044,
            "brake": 0.2456104971612408,
            "steer": 0.0
        },
        {
            "throttle": 0.2280303653081494,
            "brake": 0.2637781816440683,
            "steer": 0.0
        },
        {
            "throttle": 0.20522732877733446,
            "brake": 0.28012909767861305,
            "steer": 0.0
        },
        {
            "throttle": 0.18470459589960103,
            "brake": 0.2948449221097033,
            "steer": 0.0
        },
        {
            "throttle": 0.16623413630964093,
            "brake": 0.30808916409768455,
            "steer": 0.0
        },
        {
            "throttle": 0.14961072267867684,
            "brake": 0.32000898188686766,
            "steer": 0.0
        },
        {
            "throttle": 0.13464965041080915,
            "brake": 0.3307368178971325,
            "steer": 0.0
        },
        {
            "throttle": 0.12118468536972823,
            "brake": 0.3403918703063708,
            "steer": 0.0
        },
        {
            "throttle": 0.10906621683275541,
            "brake": 0.3490814174746853,
            "steer": 0.0
        },
        {
            "throttle": 0.09815959514947988,
            "brake": 0.35690200992616833,
            "steer": 0.0
        },
        {
            "throttle": 0.14869037424661807,
            "brake": 0.3212118089335515,
            "steer": 0.0
        },
        {
            "throttle": 0.19425003220243778,
            "brake": 0.28909062804019636,
            "steer": 0.0
        },
        {
            "throttle": 0.23532432771201936,
            "brake": 0.26018156523617675,
            "steer": 0.0
        },
        {
            "throttle": 0.21179189494081743,
            "brake": 0.27689214291151065,
            "steer": 0.0
        },
        {
            "throttle": 0.1906127054467357,
            "brake": 0.29193166281931116,
            "steer": 0.0
        },
        {
            "throttle": 0.17155143490206212,
            "brake": 0.30546723073633164,
            "steer": 0.0
        },
        {
            "throttle": 0.1543962914118559,
            "brake": 0.31764924186165006,
            "steer": 0.0
        },
        {
            "throttle": 0.13895666227067033,
            "brake": 0.3286130518744366,
            "steer": 0.0
        },
        {
            "throttle": 0.1250609960436033,
            "brake": 0.3384804808859445,
            "steer": 0.0
        },
        {
            "throttle": 0.11255489643924296,
            "brake": 0.34736116699630165,
            "steer": 0.0
        },
        {
            "throttle": 0.10129940679531867,
            "brake": 0.35535378449562305,
            "steer": 0.0
        },
        {
            "throttle": 0.0911694661157868,
            "brake": 0.36254714024501233,
            "steer": 0.0
        },
        {
            "throttle": 0.08205251950420812,
            "brake": 0.3690211604194627,
            "steer": 0.0
        },
        {
            "throttle": 0.13418666584746697,
            "brake": 0.33211904437751644,
            "steer": 0.0
        },
        {
            "throttle": 0.18101483411622837,
            "brake": 0.2989071399397648,
            "steer": 0.0
        },
        {
            "throttle": 0.22305959465186997,
            "brake": 0.26901642594578834,
            "steer": 0.0
        },
        {
            "throttle": 0.2607931004166128,
            "brake": 0.2421147833512095,
            "steer": 0.0
        },
        {
            "throttle": 0.29464224189710886,
            "brake": 0.21790330501608857,
            "steer": 0.0
        },
        {
            "throttle": 0.3249932508035446,
            "brake": 0.1961129745144797,
            "steer": 0.0
        },
        {
            "throttle": 0.35219580626823727,
            "brake": 0.17650167706303174,
            "steer": 0.0
        },
        {
            "throttle": 0.37656669255636616,
            "brake": 0.15885150935672857,
            "steer": 0.0
        },
        {
            "throttle": 0.39839305309276446,
            "brake": 0.1429663584210557,
            "steer": 0.0
        },
        {
            "throttle": 0.4179352818216738,
            "brake": 0.12866972257895015,
            "steer": 0.0
        },
        {
            "throttle": 0.4354295894961818,
            "brake": 0.11580275032105514,
            "steer": 0.0
        },
        {
            "throttle": 0.4510902793915763,
            "brake": 0.10422247528894962,
            "steer": 0.0
        },
        {
            "throttle": 0.4651117641082661,
            "brake": 0.09380022776005466,
            "steer": 0.0
        },
        {
            "throttle": 0.47767035253650036,
            "brake": 0.08442020498404919,
            "steer": 0.0
        },
        {
            "throttle": 0.488925833662859,
            "brake": 0.07597818448564427,
            "steer": 0.0
        },
        {
            "throttle": 0.44003325029657314,
            "brake": 0.1111091002360314,
            "steer": 0.0
        },
        {
            "throttle": 0.3960299252669158,
            "brake": 0.14272692441137982,
            "steer": 0.0
        },
        {
            "throttle": 0.35642693274022424,
            "brake": 0.1711829661691934,
            "steer": 0.0
        },
        {
            "throttle": 0.3207842394662018,
            "brake": 0.19679340375122564,
            "steer": 0.0
        },
        {
            "throttle": 0.28870581551958163,
            "brake": 0.21984279757505465,
            "steer": 0.0
        },
        {
            "throttle": 0.2598352339676235,
            "brake": 0.24058725201650075,
            "steer": 0.0
        },
        {
            "throttle": 0.23385171057086113,
            "brake": 0.25925726101380225,
            "steer": 0.0
        },
        {
            "throttle": 0.21046653951377503,
            "brake": 0.2760602691113736,
            "steer": 0.0
        },
        {
            "throttle": 0.18941988556239753,
            "brake": 0.2911829763991878,
            "steer": 0.0
        },
        {
            "throttle": 0.17047789700615779,
            "brake": 0.3047934129582206,
            "steer": 0.0
        },
        {
            "throttle": 0.21287766251946116,
            "brake": 0.2743140716623986,
            "steer": 0.0
        },
        {
            "throttle": 0.2511430730858197,
            "brake": 0.24688266449615873,
            "steer": 0.0
        },
        {
            "throttle": 0.285692222686367,
            "brake": 0.22219439804654287,
            "steer": 0.0
        },
        {
            "throttle": 0.3168993790486643,
            "brake": 0.19997495824188857,
            "steer": 0.0
        },
        {
            "throttle": 0.3450993179606365,
            "brake": 0.1799774624176997,
            "steer": 0.0
        },
        {
            "throttle": 0.37059126192188285,
            "brake": 0.16197971617592974,
            "steer": 0.0
        },
        {
            "throttle": 0.3936424628914327,
            "brake": 0.14578174455833676,
            "steer": 0.0
        },
        {
            "throttle": 0.41449146422085126,
            "brake": 0.13120357010250308,
            "steer": 0.0
        },
        {
            "throttle": 0.4333510726676224,
            "brake": 0.11808321309225278,
            "steer": 0.0
        },
        {
            "throttle": 0.4504110676308508,
            "brake": 0.1062748917830275,
            "steer": 0.0
        },
        {
            "throttle": 0.4658406714075683,
            "brake": 0.09564740260472475,
            "steer": 0.0
        },
        {
            "throttle": 0.47979080130388835,
            "brake": 0.08608266234425227,
            "steer": 0.0
        },
        {
            "throttle": 0.4923961218236485,
            "brake": 0.07747439610982705,
            "steer": 0.0
        },
        {
            "throttle": 0.5037769128724271,
            "brake": 0.06972695649884435,
            "steer": 0.0
        },
        {
            "throttle": 0.514040767932689,
            "brake": 0.06275426084895991,
            "steer": 0.0
        },
        {
            "throttle": 0.5232841344631493,
            "brake": 0.05647883476406392,
            "steer": 0.0
        },
        {
            "throttle": 0.5315937073299074,
            "brake": 0.05083095128765753,
            "steer": 0.0
        },
        {
            "throttle": 0.5390476848668226,
            "brake": 0.04574785615889178,
            "steer": 0.0
        },
        {
            "throttle": 0.5457168961667779,
            "brake": 0.0411730705430026,
            "steer": 0.0
        },
        {
            "throttle": 0.5516658074031665,
            "brake": 0.03705576348870234,
            "steer": 0.0
        },
        {
            "throttle": 0.5569534143517099,
            "brake": 0.03335018713983211,
            "steer": 0.0
        },
        {
            "throttle": 0.5616340278065175,
            "brake": 0.030015168425848896,
            "steer": 0.0
        },
        {
            "throttle": 0.5657579582414243,
            "brake": 0.027013651583264006,
            "steer": 0.0
        },
        {
            "throttle": 0.5693721058387815,
            "brake": 0.024312286424937605,
            "steer": 0.0
        },
        {
            "throttle": 0.572520461874204,
            "brake": 0.021881057782443845,
            "steer": 0.0
        },
        {
            "throttle": 0.5752445273890163,
            "brake": 0.01969295200419946,
            "steer": 0.0
        },
        {
            "throttle": 0.5775836550846944,
            "brake": 0.017723656803779516,
            "steer": 0.0
        },
        {
            "throttle": 0.5795753204186329,
            "brake": 0.015951291123401566,
            "steer": 0.0
        },
        {
            "throttle": 0.5812553279521627,
            "brake": 0.01435616201106141,
            "steer": 0.0
        },
        {
            "throttle": 0.582657959084997,
            "brake": 0.012920545809955268,
            "steer": 0.0
        },
        {
            "throttle": 0.5838160673914382,
            "brake": 0.011628491228959741,
            "steer": 0.0
        },
        {
            "throttle": 0.5847611278402485,
            "brake": 0.010465642106063768,
            "steer": 0.0
        },
        {
            "throttle": 0.5855232462209343,
            "brake": 0.009419077895457392,
            "steer": 0.0
        },
        {
            "throttle": 0.5861311351046733,
            "brake": 0.008477170105911654,
            "steer": 0.0
        },
        {
            "throttle": 0.5866120626300776,
            "brake": 0.007629453095320488,
            "steer": 0.0
        },
        {
            "throttle": 0.5869917803159258,
            "brake": 0.0068665077857884395,
            "steer": 0.0
        },
        {
            "throttle": 0.5872944359600103,
            "brake": 0.006179857007209595,
            "steer": 0.0
        },
        {
            "throttle": 0.5875424774821024,
            "brake": 0.005561871306488636,
            "steer": 0.0
        },
        {
            "throttle": 0.5877565533081544,
            "brake": 0.005005684175839772,
            "steer": 0.0
        },
        {
            "throttle": 0.5879554145722528,
            "brake": 0.0045051157582557955,
            "steer": 0.0
        },
        {
            "throttle": 0.5881558240341288,
            "brake": 0.004054604182430216,
            "steer": 0.0
        },
        {
            "throttle": 0.5883724761762876,
            "brake": 0.003649143764187194,
            "steer": 0.0
        },
        {
            "throttle": 0.5886179324605334,
            "brake": 0.003284229387768475,
            "steer": 0.0
        },
        {
            "throttle": 0.588902575194574,
            "brake": 0.0029558064489916274,
            "steer": 0.0
        },
        {
            "throttle": 0.5892345828923793,
            "brake": 0.0026602258040924645,
            "steer": 0.0
        },
        {
            "throttle": 0.5896199294148811,
            "brake": 0.002394203223683218,
            "steer": 0.0
        },
        {
            "throttle": 0.5900624085590993,
            "brake": 0.002154782901314896,
            "steer": 0.0
        },
        {
            "throttle": 0.5905636851331315,
            "brake": 0.0019393046111834064,
            "steer": 0.0
        },
        {
            "throttle": 0.5911233729213389,
            "brake": 0.0017453741500650657,
            "steer": 0.0
        },
        {
            "throttle": 0.5917391393184442,
            "brake": 0.001570836735058559,
            "steer": 0.0
        },
        {
            "throttle": 0.5924068358030615,
            "brake": 0.0014137530615527033,
            "steer": 0.0
        },
        {
            "throttle": 0.5931206528402023,
            "brake": 0.001272377755397433,
            "steer": 0.0
        },
        {
            "throttle": 0.5938732972579648,
            "brake": 0.0011451399798576899,
            "steer": 0.0
        },
        {
            "throttle": 0.5946561896447792,
            "brake": 0.0010306259818719209,
            "steer": 0.0
        },
        {
            "throttle": 0.5954596788684032,
            "brake": 0.0009275633836847288,
            "steer": 0.0
        },
        {
            "throttle": 0.5962732704336045,
            "brake": 0.000834807045316256,
            "steer": 0.0
        },
        {
            "throttle": 0.5970858650783586,
            "brake": 0.0007513263407846304,
            "steer": 0.0
        },
        {
            "throttle": 0.5978860037635334,
            "brake": 0.0006761937067061674,
            "steer": 0.0
        },
        {
            "throttle": 0.5986621150422471,
            "brake": 0.0006085743360355507,
            "steer": 0.0
        },
        {
            "throttle": 0.5994027607049008,
            "brake": 0.0005477169024319956,
            "steer": 0.0
        },
        {
            "throttle": 0.6000968755854205,
            "brake": 0.0004929452121887961,
            "steer": 0.0
        },
        {
            "throttle": 0.5400871880268784,
            "brake": 0.04317238488992148,
            "steer": 0.0
        },
        {
            "throttle": 0.48607846922419057,
            "brake": 0.08158388059988089,
            "steer": 0.0
        },
        {
            "throttle": 0.43747062230177153,
            "brake": 0.11615422673884437,
            "steer": 0.0
        }
    ],
    "parameters": {
        "fog_density": 73.81557059713103,
        "precipitation": 77.47991010397544,
        "precipitation_deposits": 65.3684556775128,
        "wind_intensity": 29.796355263112805,
        "sun_altitude_angle": 44.03332271256539,
        "cloudiness": 9.684436656827422,
        "lead_base_throttle": 0.5980789924041381,
        "lead_behavior_frequency": 0.21539740107356892,
        "lead_throttle_variation": 0.008396477312462115,
        "lead_brake_probability": 0.19604723707923055,
        "lead_brake_intensity": 0.42728734198951557,
        "lead_brake_duration": 10.821108971464076,
        "initial_distance": 41.85812762200632,
        "initial_ego_velocity": 6.933748370398574,
        "initial_lead_velocity": 23.550486188318537
    },
    "config": {
        "num_timesteps": 200,
        "dt": 0.1,
        "seed": 133
    }
}