{
    "weather": {
        "cloudiness": 46.07815046587205,
        "precipitation": 51.215975329217045,
        "precipitation_deposits": 11.5123207254903,
        "wind_intensity": 9.12039700761354,
        "sun_altitude_angle": 64.37701601761422,
        "fog_density": 16.96475936677387,
        "fog_distance": 568.0805943346035,
        "wetness": 25.607987664608522
    },
    "initial_conditions": {
        "ego": {
            "position": {
                "x": 539.8554892082475,
                "y": 20.57,
                "z": 0.294
            },
            "yaw": 0.0,
            "velocity": 16.7639655198527
        },
        "lead": {
            "position": {
                "x": 484.88,
                "y": 20.57,
                "z": 0.294
            },
            "yaw": 0.0,
            "velocity": 5.611827954357899
        }
    },
    "ego": {
        "position": {
            "x": 539.8554892082475,
            "y": 20.57,
            "z": 0.294
        },
        "yaw": 0.0,
        "velocity": 16.7639655198527
    },
    "lead": {
        "position": {
            "x": 484.88,
            "y": 20.57,
            "z": 0.294
        },
        "yaw": 0.0,
        "velocity": 5.611827954357899
    },
    "ado_actions": [
        {
            "throttle": 0.4582642813877434,
            "brake": 0.0,
            "steer": 0.0
        },
        {
            "throttle": 0.4605891190077518,
            "brake": 0.0,
            "steer": 0.0
        },
        {
            "throttle": 0.46495967096800866,
            "brake": 0.0,
            "steer": 0.0
        },
        {
            "throttle": 0.4710790224534003,
            "brake": 0.0,
            "steer": 0.0
        },
        {
            "throttle": 0.47863609880530755,
            "brake": 0.0,
            "steer": 0.0
        },
        {
            "throttle": 0.4873098137636244,
            "brake": 0.0,
            "steer": 0.0
        },
        {
            "throttle": 0.49677362779099177,
            "brake": 0.0,
            "steer": 0.0
        },
        {
            "throttle": 0.5067004041093027,
            "brake": 0.0,
            "steer": 0.0
        },
        {
            "throttle": 0.5167674461983609,
            "brake": 0.0,
            "steer": 0.0
        },
        {
            "throttle": 0.5266615987493064,
            "brake": 0.0,
            "steer": 0.0
        },
        {
            "throttle": 0.5360842944872375,
            "brake": 0.0,
            "steer": 0.0
        },
        {
            "throttle": 0.5447564318887234,
            "brake": 0.0,
            "steer": 0.0
        },
        {
            "throttle": 0.5524229735851831,
            "brake": 0.0,
            "steer": 0.0
        },
        {
            "throttle": 0.5588571620820542,
            "brake": 0.0,
            "steer": 0.0
        },
        {
            "throttle": 0.5638642582128217,
            "brake": 0.0,
            "steer": 0.0
        },
        {
            "throttle": 0.5672847183223573,
            "brake": 0.0,
            "steer": 0.0
        },
        {
            "throttle": 0.5689967383345854,
            "brake": 0.0,
            "steer": 0.0
        },
        {
            "throttle": 0.5689181063713105,
            "brake": 0.0,
            "steer": 0.0
        },
        {
            "throttle": 0.5670073201900313,
            "brake": 0.0,
            "steer": 0.0
        },
        {
            "throttle": 0.5632639411139424,
            "brake": 0.0,
            "steer": 0.0
        },
        {
            "throttle": 0.5577281720353041,
            "brake": 0.0,
            "steer": 0.0
        },
        {
            "throttle": 0.550479663171394,
            "brake": 0.0,
            "steer": 0.0
        },
        {
            "throttle": 0.5416355652232868,
            "brake": 0.0,
            "steer": 0.0
        },
        {
            "throttle": 0.5313478651166667,
            "brake": 0.0,
            "steer": 0.0
        },
        {
            "throttle": 0.5198000542840063,
            "brake": 0.0,
            "steer": 0.0
        },
        {
            "throttle": 0.5072031931865572,
            "brake": 0.0,
            "steer": 0.0
        },
        {
            "throttle": 0.4937914482009223,
            "brake": 0.0,
            "steer": 0.0
        },
        {
            "throttle": 0.4798171878627418,
            "brake": 0.0,
            "steer": 0.0
        },
        {
            "throttle": 0.465545734554317,
            "brake": 0.0,
            "steer": 0.0
        },
        {
            "throttle": 0.4512498748642256,
            "brake": 0.0,
            "steer": 0.0
        },
        {
            "throttle": 0.43720423689440546,
            "brake": 0.0,
            "steer": 0.0
        },
        {
            "throttle": 0.39348381320496495,
            "brake": 0.037902011561035176,
            "steer": 0.0
        },
        {
            "throttle": 0.35413543188446844,
            "brake": 0.07201382196596684,
            "steer": 0.0
        },
        {
            "throttle": 0.3187218886960216,
            "brake": 0.10271445133040534,
            "steer": 0.0
        },
        {
            "throttle": 0.28684969982641945,
            "brake": 0.1303450177584,
            "steer": 0.0
        },
        {
            "throttle": 0.25816472984377753,
            "brake": 0.15521252754359516,
            "steer": 0.0
        },
        {
            "throttle": 0.23234825685939978,
            "brake": 0.17759328635027083,
            "steer": 0.0
        },
        {
            "throttle": 0.2091134311734598,
            "brake": 0.19773596927627893,
            "steer": 0.0
        },
        {
            "throttle": 0.18820208805611383,
            "brake": 0.2158643839096862,
            "steer": 0.0
        },
        {
            "throttle": 0.16938187925050244,
            "brake": 0.23217995707975278,
            "steer": 0.0
        },
        {
            "throttle": 0.15244369132545219,
            "brake": 0.24686397293281268,
            "steer": 0.0
        },
        {
            "throttle": 0.13719932219290698,
            "brake": 0.26007958720056656,
            "steer": 0.0
        },
        {
            "throttle": 0.12347938997361628,
            "brake": 0.2719736400415451,
            "steer": 0.0
        },
        {
            "throttle": 0.11113145097625465,
            "brake": 0.2826782875984258,
            "steer": 0.0
        },
        {
            "throttle": 0.10001830587862919,
            "brake": 0.2923124703996184,
            "steer": 0.0
        },
        {
            "throttle": 0.13741818287610835,
            "brake": 0.26308122335965656,
            "steer": 0.0
        },
        {
            "throttle": 0.1733764311491937,
            "brake": 0.2367731010236909,
            "steer": 0.0
        },
        {
            "throttle": 0.2079595029266148,
            "brake": 0.2130957909213218,
            "steer": 0.0
        },
        {
            "throttle": 0.24118265588036983,
            "brake": 0.19178621182918962,
            "steer": 0.0
        },
        {
            "throttle": 0.27301752528878176,
            "brake": 0.17260759064627065,
            "steer": 0.0
        },
        {
            "throttle": 0.3033997835008795,
            "brake": 0.15534683158164359,
            "steer": 0.0
        },
        {
            "throttle": 0.27305980515079153,
            "brake": 0.1777141599845144,
            "steer": 0.0
        },
        {
            "throttle": 0.24575382463571238,
            "brake": 0.19784475554709813,
            "steer": 0.0
        },
        {
            "throttle": 0.22117844217214114,
            "brake": 0.2159622915534235,
            "steer": 0.0
        },
        {
            "throttle": 0.19906059795492703,
            "brake": 0.23226807395911633,
            "steer": 0.0
        },
        {
            "throttle": 0.17915453815943433,
            "brake": 0.24694327812423988,
            "steer": 0.0
        },
        {
            "throttle": 0.1612390843434909,
            "brake": 0.2601509618728511,
            "steer": 0.0
        },
        {
            "throttle": 0.14511517590914183,
            "brake": 0.27203787724660117,
            "steer": 0.0
        },
        {
            "throttle": 0.13060365831822765,
            "brake": 0.2827361010829762,
            "steer": 0.0
        },
        {
            "throttle": 0.11754329248640488,
            "brake": 0.2923645025357138,
            "steer": 0.0
        },
        {
            "throttle": 0.10578896323776439,
            "brake": 0.3010300638431776,
            "steer": 0.0
        },
        {
            "throttle": 0.09521006691398795,
            "brake": 0.30882906901989504,
            "steer": 0.0
        },
        {
            "throttle": 0.08568906022258915,
            "brake": 0.31584817367894075,
            "steer": 0.0
        },
        {
            "throttle": 0.07712015420033023,
            "brake": 0.32216536787208183,
            "steer": 0.0
        },
        {
            "throttle": 0.06940813878029721,
            "brake": 0.32785084264590886,
            "steer": 0.0
        },
        {
            "throttle": 0.11173326403084673,
            "brake": 0.295065758381318,
            "steer": 0.0
        },
        {
            "throttle": 0.1475178921343544,
            "brake": 0.2655591825431862,
            "steer": 0.0
        },
        {
            "throttle": 0.17739337279255463,
            "brake": 0.23900326428886762,
            "steer": 0.0
        },
        {
            "throttle": 0.20197467755412435,
            "brake": 0.21510293785998086,
            "steer": 0.0
        },
        {
            "throttle": 0.22186155501660765,
            "brake": 0.19359264407398277,
            "steer": 0.0
        },
        {
            "throttle": 0.23763864218243255,
            "brake": 0.1742333796665845,
            "steer": 0.0
        },
        {
            "throttle": 0.24987466465903663,
            "brake": 0.15681004169992604,
            "steer": 0.0
        },
        {
            "throttle": 0.2591208631797913,
            "brake": 0.14112903752993344,
            "steer": 0.0
        },
        {
            "throttle": 0.2332087768618122,
            "brake": 0.16491814533797527,
            "steer": 0.0
        },
        {
            "throttle": 0.209887899175631,
            "brake": 0.18632834236521292,
            "steer": 0.0
        },
        {
            "throttle": 0.1888991092580679,
            "brake": 0.2055975196897268,
            "steer": 0.0
        },
        {
            "throttle": 0.17000919833226114,
            "brake": 0.22293977928178932,
            "steer": 0.0
        },
        {
            "throttle": 0.15300827849903503,
            "brake": 0.23854781291464558,
            "steer": 0.0
        },
        {
            "throttle": 0.13770745064913154,
            "brake": 0.2525950431842162,
            "steer": 0.0
        },
        {
            "throttle": 0.12393670558421839,
            "brake": 0.2652375504268298,
            "steer": 0.0
        },
        {
            "throttle": 0.11154303502579656,
            "brake": 0.27661580694518195,
            "steer": 0.0
        },
        {
            "throttle": 0.10038873152321691,
            "brake": 0.28685623781169894,
            "steer": 0.0
        },
        {
            "throttle": 0.09034985837089522,
            "brake": 0.2960726255915642,
            "steer": 0.0
        },
        {
            "throttle": 0.0813148725338057,
            "brake": 0.304367374593443,
            "steer": 0.0
        },
        {
            "throttle": 0.07318338528042513,
            "brake": 0.3118326486951339,
            "steer": 0.0
        },
        {
            "throttle": 0.06586504675238262,
            "brake": 0.31855139538665567,
            "steer": 0.0
        },
        {
            "throttle": 0.059278542077144364,
            "brake": 0.3245982674090253,
            "steer": 0.0
        },
        {
            "throttle": 0.09536940705210825,
            "brake": 0.2921384406681228,
            "steer": 0.0
        },
        {
            "throttle": 0.1301511190063144,
            "brake": 0.2629245966013105,
            "steer": 0.0
        },
        {
            "throttle": 0.1637848413420246,
            "brake": 0.23663213694117946,
            "steer": 0.0
        },
        {
            "throttle": 0.1963688743962113,
            "brake": 0.21296892324706151,
            "steer": 0.0
        },
        {
            "throttle": 0.22794527273274406,
            "brake": 0.19167203092235538,
            "steer": 0.0
        },
        {
            "throttle": 0.20515074545946965,
            "brake": 0.210406839391155,
            "steer": 0.0
        },
        {
            "throttle": 0.1846356709135227,
            "brake": 0.2272681670130747,
            "steer": 0.0
        },
        {
            "throttle": 0.16617210382217043,
            "brake": 0.2424433618728024,
            "steer": 0.0
        },
        {
            "throttle": 0.1495548934399534,
            "brake": 0.25610103724655736,
            "steer": 0.0
        },
        {
            "throttle": 0.13459940409595805,
            "brake": 0.2683929450829368,
            "steer": 0.0
        },
        {
            "throttle": 0.12113946368636225,
            "brake": 0.2794556621356783,
            "steer": 0.0
        },
        {
            "throttle": 0.10902551731772603,
            "brake": 0.28941210748314566,
            "steer": 0.0
        },
        {
            "throttle": 0.09812296558595343,
            "brake": 0.29837290829586627,
            "steer": 0.0
        },
        {
            "throttle": 0.0883106690273581,
            "brake": 0.3064376290273148,
            "steer": 0.0
        },
        {
            "throttle": 0.0794796021246223,
            "brake": 0.3136958776856185,
            "steer": 0.0
        },
        {
            "throttle": 0.07153164191216006,
            "brake": 0.32022830147809184,
            "steer": 0.0
        },
        {
            "throttle": 0.06437847772094406,
            "brake": 0.32610748289131786,
            "steer": 0.0
        },
        {
            "throttle": 0.05794062994884965,
            "brake": 0.33139874616322124,
            "steer": 0.0
        },
        {
            "throttle": 0.05214656695396469,
            "brake": 0.3361608831079343,
            "steer": 0.0
        },
        {
            "throttle": 0.10312732271422126,
            "brake": 0.30254479479714086,
            "steer": 0.0
        },
        {
            "throttle": 0.14710078872691923,
            "brake": 0.27229031531742676,
            "steer": 0.0
        },
        {
            "throttle": 0.18459797906004588,
            "brake": 0.2450612837856841,
            "steer": 0.0
        },
        {
            "throttle": 0.21613851262077993,
            "brake": 0.22055515540711568,
            "steer": 0.0
        },
        {
            "throttle": 0.2422343207056392,
            "brake": 0.19849963986640412,
            "steer": 0.0
        },
        {
            "throttle": 0.26339209559118415,
            "brake": 0.17864967587976371,
            "steer": 0.0
        },
        {
            "throttle": 0.2801145723614733,
            "brake": 0.16078470829178734,
            "steer": 0.0
        },
        {
            "throttle": 0.29290074544354244,
            "brake": 0.1447062374626086,
            "steer": 0.0
        },
        {
            "throttle": 0.30224512997478414,
            "brake": 0.13023561371634776,
            "steer": 0.0
        },
        {
            "throttle": 0.30863618584133395,
            "brake": 0.11721205234471299,
            "steer": 0.0
        },
        {
            "throttle": 0.31255402872245797,
            "brake": 0.10549084711024169,
            "steer": 0.0
        },
        {
            "throttle": 0.3144675575077033,
            "brake": 0.09494176239921752,
            "steer": 0.0
        },
        {
            "throttle": 0.31483113081724823,
            "brake": 0.08544758615929576,
            "steer": 0.0
        },
        {
            "throttle": 0.3140809268912765,
            "brake": 0.07690282754336619,
            "steer": 0.0
        },
        {
            "throttle": 0.31263112070704785,
            "brake": 0.06921254478902958,
            "steer": 0.0
        },
        {
            "throttle": 0.2813680086363431,
            "brake": 0.1001933018711618,
            "steer": 0.0
        },
        {
            "throttle": 0.2532312077727088,
            "brake": 0.1280759832450808,
            "steer": 0.0
        },
        {
            "throttle": 0.22790808699543794,
            "brake": 0.1531703964816079,
            "steer": 0.0
        },
        {
            "throttle": 0.20511727829589416,
            "brake": 0.1757553683944823,
            "steer": 0.0
        },
        {
            "throttle": 0.18460555046630475,
            "brake": 0.19608184311606924,
            "steer": 0.0
        },
        {
            "throttle": 0.16614499541967429,
            "brake": 0.2143756703654975,
            "steer": 0.0
        },
        {
            "throttle": 0.14953049587770686,
            "brake": 0.23084011488998293,
            "steer": 0.0
        },
        {
            "throttle": 0.13457744628993618,
            "brake": 0.2456581149620198,
            "steer": 0.0
        },
        {
            "throttle": 0.12111970166094256,
            "brake": 0.258994315026853,
            "steer": 0.0
        },
        {
            "throttle": 0.10900773149484831,
            "brake": 0.27099689508520286,
            "steer": 0.0
        },
        {
            "throttle": 0.09810695834536348,
            "brake": 0.2817992171377177,
            "steer": 0.0
        },
        {
            "throttle": 0.08829626251082713,
            "brake": 0.29152130698498113,
            "steer": 0.0
        },
        {
            "throttle": 0.07946663625974441,
            "brake": 0.3002711878475182,
            "steer": 0.0
        },
        {
            "throttle": 0.07151997263376997,
            "brake": 0.30814608062380155,
            "steer": 0.0
        },
        {
            "throttle": 0.11486249538858498,
            "brake": 0.27733147256142143,
            "steer": 0.0
        },
        {
            "throttle": 0.15605326947011294,
            "brake": 0.24959832530527928,
            "steer": 0.0
        },
        {
            "throttle": 0.19517003714958409,
            "brake": 0.22463849277475137,
            "steer": 0.0
        },
        {
            "throttle": 0.23224173946574125,
            "brake": 0.20217464349727624,
            "steer": 0.0
        },
        {
            "throttle": 0.2672569764990979,
            "brake": 0.1819571791475486,
            "steer": 0.0
        },
        {
            "throttle": 0.3001723728554217,
            "brake": 0.16376146123279375,
            "steer": 0.0
        },
        {
            "throttle": 0.3309207709437829,
            "brake": 0.1473853151095144,
            "steer": 0.0
        },
        {
            "throttle": 0.35941916904831817,
            "brake": 0.13264678359856294,
            "steer": 0.0
        },
        {
            "throttle": 0.3855763181758723,
            "brake": 0.11938210523870665,
            "steer": 0.0
        },
        {
            "throttle": 0.40929989118401167,
            "brake": 0.107443894714836,
            "steer": 0.0
        },
        {
            "throttle": 0.4305031396837647,
            "brake": 0.0966995052433524,
            "steer": 0.0
        },
        {
            "throttle": 0.44911095855568883,
            "brake": 0.08702955471901716,
            "steer": 0.0
        },
        {
            "throttle": 0.46506528446343065,
            "brake": 0.07832659924711545,
            "steer": 0.0
        },
        {
            "throttle": 0.4783297633052036,
            "brake": 0.0704939393224039,
            "steer": 0.0
        },
        {
            "throttle": 0.48889363188552254,
            "brake": 0.06344454539016352,
            "steer": 0.0
        },
        {
            "throttle": 0.4967747709615823,
            "brake": 0.057100090851147166,
            "steer": 0.0
        },
        {
            "throttle": 0.5020218999394424,
            "brake": 0.05139008176603245,
            "steer": 0.0
        },
        {
            "throttle": 0.5047158975625355,
            "brake": 0.046251073589429204,
            "steer": 0.0
        },
        {
            "throttle": 0.5049702476317213,
            "brake": 0.04162596623048628,
            "steer": 0.0
        },
        {
            "throttle": 0.5029306237957966,
            "brake": 0.03746336960743766,
            "steer": 0.0
        },
        {
            "throttle": 0.49877364242476774,
            "brake": 0.033717032646693894,
            "steer": 0.0
        },
        {
            "throttle": 0.49270482719935593,
            "brake": 0.030345329382024507,
            "steer": 0.0
        },
        {
            "throttle": 0.48495584300285655,
            "brake": 0.027310796443822057,
            "steer": 0.0
        },
        {
            "throttle": 0.475781069685007,
            "brake": 0.024579716799439853,
            "steer": 0.0
        },
        {
            "throttle": 0.46545359800284963,
            "brake": 0.022121745119495866,
            "steer": 0.0
        },
        {
            "throttle": 0.4542607402785342,
            "brake": 0.01990957060754628,
            "steer": 0.0
        },
        {
            "throttle": 0.44249915682818,
            "brake": 0.01791861354679165,
            "steer": 0.0
        },
        {
            "throttle": 0.4304697058249302,
            "brake": 0.016126752192112487,
            "steer": 0.0
        },
        {
            "throttle": 0.4184721288183896,
            "brake": 0.014514076972901238,
            "steer": 0.0
        },
        {
            "throttle": 0.40679968653928045,
            "brake": 0.013062669275611115,
            "steer": 0.0
        },
        {
            "throttle": 0.3957338598142161,
            "brake": 0.011756402348050003,
            "steer": 0.0
        },
        {
            "throttle": 0.3855392283881286,
            "brake": 0.010580762113245002,
            "steer": 0.0
        },
        {
            "throttle": 0.37645863623377046,
            "brake": 0.009522685901920503,
            "steer": 0.0
        },
        {
            "throttle": 0.3687087455962352,
            "brake": 0.008570417311728452,
            "steer": 0.0
        },
        {
            "throttle": 0.3624760736961461,
            "brake": 0.007713375580555608,
            "steer": 0.0
        },
        {
            "throttle": 0.35791359585919824,
            "brake": 0.006942038022500047,
            "steer": 0.0
        },
        {
            "throttle": 0.3551379870505897,
            "brake": 0.006247834220250043,
            "steer": 0.0
        },
        {
            "throttle": 0.35422756060232624,
            "brake": 0.005623050798225039,
            "steer": 0.0
        },
        {
            "throttle": 0.3552209485897818,
            "brake": 0.0050607457184025356,
            "steer": 0.0
        },
        {
            "throttle": 0.35811655312493573,
            "brake": 0.004554671146562282,
            "steer": 0.0
        },
        {
            "throttle": 0.36287278208864004,
            "brake": 0.004099204031906054,
            "steer": 0.0
        },
        {
            "throttle": 0.3694090668358667,
            "brake": 0.0036892836287154484,
            "steer": 0.0
        },
        {
            "throttle": 0.3776076434940973,
            "brake": 0.003320355265843904,
            "steer": 0.0
        },
        {
            "throttle": 0.387316063952588,
            "brake": 0.0029883197392595135,
            "steer": 0.0
        },
        {
            "throttle": 0.39835038781830595,
            "brake": 0.002689487765333562,
            "steer": 0.0
        },
        {
            "throttle": 0.410498992788206,
            "brake": 0.002420538988800206,
            "steer": 0.0
        },
        {
            "throttle": 0.4235269283327316,
            "brake": 0.0021784850899201854,
            "steer": 0.0
        },
        {
            "throttle": 0.4371807265522055,
            "brake": 0.001960636580928167,
            "steer": 0.0
        },
        {
            "throttle": 0.45119357477597316,
            "brake": 0.0017645729228353505,
            "steer": 0.0
        },
        {
            "throttle": 0.4652907471088501,
            "brake": 0.0015881156305518156,
            "steer": 0.0
        },
        {
            "throttle": 0.4791951868371618,
            "brake": 0.001429304067496634,
            "steer": 0.0
        },
        {
            "throttle": 0.4926331284925287,
            "brake": 0.0012863736607469708,
            "steer": 0.0
        },
        {
            "throttle": 0.5053396474970542,
            "brake": 0.0011577362946722737,
            "steer": 0.0
        },
        {
            "throttle": 0.5170640266953714,
            "brake": 0.0010419626652050464,
            "steer": 0.0
        },
        {
            "throttle": 0.5275748326886001,
            "brake": 0.0009377663986845418,
            "steer": 0.0
        },
        {
            "throttle": 0.536664600649519,
            "brake": 0.0008439897588160876,
            "steer": 0.0
        },
        {
            "throttle": 0.5441540341009106,
            "brake": 0.0007595907829344788,
            "steer": 0.0
        },
        {
            "throttle": 0.5498956358229565,
            "brake": 0.0006836317046410309,
            "steer": 0.0
        },
        {
            "throttle": 0.5537766974259859,
            "brake": 0.0006152685341769278,
            "steer": 0.0
        },
        {
            "throttle": 0.5557215879532084,
            "brake": 0.0005537416807592351,
            "steer": 0.0
        },
        {
            "throttle": 0.5556932959065453,
            "brake": 0.0004983675126833116,
            "steer": 0.0
        },
        {
            "throttle": 0.5536941940354847,
            "brake": 0.0004485307614149804,
            "steer": 0.0
        },
        {
            "throttle": 0.5497660117938417,
            "brake": 0.0004036776852734824,
            "steer": 0.0
        },
        {
            "throttle": 0.5439890162398401,
            "brake": 0.00036330991674613417,
            "steer": 0.0
        },
        {
            "throttle": 0.53648041801239,
            "brake": 0.00032697892507152075,
            "steer": 0.0
        }
    ],
    "parameters": {
        "fog_density": 16.96475936677387,
        "precipitation": 51.215975329217045,
        "precipitation_deposits": 11.5123207254903,
        "wind_intensity": 9.12039700761354,
        "sun_altitude_angle": 64.37701601761422,
        "cloudiness": 46.07815046587205,
        "lead_base_throttle": 0.4582642813877434,
        "lead_behavior_frequency": 0.22561321676207058,
        "lead_throttle_variation": 0.16455221077298302,
        "lead_brake_probability": 0.26816047691640327,
        "lead_brake_intensity": 0.37902011561035176,
        "lead_brake_duration": 14.442240373076997,
        "initial_distance": 54.975489208247495,
        "initial_ego_velocity": 16.7639655198527,
        "initial_lead_velocity": 5.611827954357899
    },
    "config": {
        "num_timesteps": 200,
        "dt": 0.1,
        "seed": 226
    }
}