{
    "weather": {
        "cloudiness": 50.16771523730039,
        "precipitation": 33.974591097410446,
        "precipitation_deposits": 63.32733440387952,
        "wind_intensity": 16.983382984766976,
        "sun_altitude_angle": 72.95290095438718,
        "fog_density": 39.26067134340271,
        "fog_distance": 270.1740103542504,
        "wetness": 16.987295548705223
    },
    "initial_conditions": {
        "ego": {
            "position": {
                "x": 561.9615237147827,
                "y": 20.57,
                "z": 0.294
            },
            "yaw": 0.0,
            "velocity": 7.1426611195361565
        },
        "lead": {
            "position": {
                "x": 484.88,
                "y": 20.57,
                "z": 0.294
            },
            "yaw": 0.0,
            "velocity": 13.819333977552104
        }
    },
    "ego": {
        "position": {
            "x": 561.9615237147827,
            "y": 20.57,
            "z": 0.294
        },
        "yaw": 0.0,
        "velocity": 7.1426611195361565
    },
    "lead": {
        "position": {
            "x": 484.88,
            "y": 20.57,
            "z": 0.294
        },
        "yaw": 0.0,
        "velocity": 13.819333977552104
    },
    "ado_actions": [
        {
            "throttle": 0.3115852181236723,
            "brake": 0.0,
            "steer": 0.0
        },
        {
            "throttle": 0.3132651690194668,
            "brake": 0.0,
            "steer": 0.0
        },
        {
            "throttle": 0.31643960304808466,
            "brake": 0.0,
            "steer": 0.0
        },
        {
            "throttle": 0.3209243082775784,
            "brake": 0.0,
            "steer": 0.0
        },
        {
            "throttle": 0.32653656459005875,
            "brake": 0.0,
            "steer": 0.0
        },
        {
            "throttle": 0.3330955321439001,
            "brake": 0.0,
            "steer": 0.0
        },
        {
            "throttle": 0.3404227714753291,
            "brake": 0.0,
            "steer": 0.0
        },
        {
            "throttle": 0.34834287471041386,
            "brake": 0.0,
            "steer": 0.0
        },
        {
            "throttle": 0.35668418771480204,
            "brake": 0.0,
            "steer": 0.0
        },
        {
            "throttle": 0.3652796034235007,
            "brake": 0.0,
            "steer": 0.0
        },
        {
            "throttle": 0.37396740707734943,
            "brake": 0.0,
            "steer": 0.0
        },
        {
            "throttle": 0.3825921546551914,
            "brake": 0.0,
            "steer": 0.0
        },
        {
            "throttle": 0.3910055664374792,
            "brake": 0.0,
            "steer": 0.0
        },
        {
            "throttle": 0.39906741837247234,
            "brake": 0.0,
            "steer": 0.0
        },
        {
            "throttle": 0.40664641474255137,
            "brake": 0.0,
            "steer": 0.0
        },
        {
            "throttle": 0.41362102654583,
            "brake": 0.0,
            "steer": 0.0
        },
        {
            "throttle": 0.41988028101567865,
            "brake": 0.0,
            "steer": 0.0
        },
        {
            "throttle": 0.4253244887947367,
            "brake": 0.0,
            "steer": 0.0
        },
        {
            "throttle": 0.42986589645561313,
            "brake": 0.0,
            "steer": 0.0
        },
        {
            "throttle": 0.4334292533113903,
            "brake": 0.0,
            "steer": 0.0
        },
        {
            "throttle": 0.4359522827775143,
            "brake": 0.0,
            "steer": 0.0
        },
        {
            "throttle": 0.43738604992370517,
            "brake": 0.0,
            "steer": 0.0
        },
        {
            "throttle": 0.4376952182801053,
            "brake": 0.0,
            "steer": 0.0
        },
        {
            "throttle": 0.43685819042501706,
            "brake": 0.0,
            "steer": 0.0
        },
        {
            "throttle": 0.43486712837050073,
            "brake": 0.0,
            "steer": 0.0
        },
        {
            "throttle": 0.431727851264445,
            "brake": 0.0,
            "steer": 0.0
        },
        {
            "throttle": 0.42745960943065137,
            "brake": 0.0,
            "steer": 0.0
        },
        {
            "throttle": 0.42209473525889013,
            "brake": 0.0,
            "steer": 0.0
        },
        {
            "throttle": 0.4156781729215506,
            "brake": 0.0,
            "steer": 0.0
        },
        {
            "throttle": 0.4082668903192335,
            "brake": 0.0,
            "steer": 0.0
        },
        {
            "throttle": 0.39992917803142913,
            "brake": 0.0,
            "steer": 0.0
        },
        {
            "throttle": 0.3907438413576548,
            "brake": 0.0,
            "steer": 0.0
        },
        {
            "throttle": 0.3807992927669633,
            "brake": 0.0,
            "steer": 0.0
        },
        {
            "throttle": 0.37019255321809996,
            "brake": 0.0,
            "steer": 0.0
        },
        {
            "throttle": 0.3590281718580844,
            "brake": 0.0,
            "steer": 0.0
        },
        {
            "throttle": 0.3474170745438343,
            "brake": 0.0,
            "steer": 0.0
        },
        {
            "throttle": 0.335475352450868,
            "brake": 0.0,
            "steer": 0.0
        },
        {
            "throttle": 0.3233230027274729,
            "brake": 0.0,
            "steer": 0.0
        },
        {
            "throttle": 0.3110826337155822,
            "brake": 0.0,
            "steer": 0.0
        },
        {
            "throttle": 0.298878147685818,
            "brake": 0.0,
            "steer": 0.0
        },
        {
            "throttle": 0.2868334143199418,
            "brake": 0.0,
            "steer": 0.0
        },
        {
            "throttle": 0.2750709483169131,
            "brake": 0.0,
            "steer": 0.0
        },
        {
            "throttle": 0.26371060449791844,
            "brake": 0.0,
            "steer": 0.0
        },
        {
            "throttle": 0.2528683036415791,
            "brake": 0.0,
            "steer": 0.0
        },
        {
            "throttle": 0.2426548019949915,
            "brake": 0.0,
            "steer": 0.0
        },
        {
            "throttle": 0.233174516982652,
            "brake": 0.0,
            "steer": 0.0
        },
        {
            "throttle": 0.22452442107840787,
            "brake": 0.0,
            "steer": 0.0
        },
        {
            "throttle": 0.21679301512146673,
            "brake": 0.0,
            "steer": 0.0
        },
        {
            "throttle": 0.2100593915535686,
            "brake": 0.0,
            "steer": 0.0
        },
        {
            "throttle": 0.20439239713929488,
            "brake": 0.0,
            "steer": 0.0
        },
        {
            "throttle": 0.19984990371489658,
            "brake": 0.0,
            "steer": 0.0
        },
        {
            "throttle": 0.1964781944037419,
            "brake": 0.0,
            "steer": 0.0
        },
        {
            "throttle": 0.19431147155021244,
            "brake": 0.0,
            "steer": 0.0
        },
        {
            "throttle": 0.19337149137111584,
            "brake": 0.0,
            "steer": 0.0
        },
        {
            "throttle": 0.1936673290176071,
            "brake": 0.0,
            "steer": 0.0
        },
        {
            "throttle": 0.19519527639494,
            "brake": 0.0,
            "steer": 0.0
        },
        {
            "throttle": 0.1979388737162136,
            "brake": 0.0,
            "steer": 0.0
        },
        {
            "throttle": 0.2018690743840103,
            "brake": 0.0,
            "steer": 0.0
        },
        {
            "throttle": 0.20694454141490942,
            "brake": 0.0,
            "steer": 0.0
        },
        {
            "throttle": 0.21311207226073509,
            "brake": 0.0,
            "steer": 0.0
        },
        {
            "throttle": 0.22030714755129222,
            "brake": 0.0,
            "steer": 0.0
        },
        {
            "throttle": 0.22845459800015439,
            "brake": 0.0,
            "steer": 0.0
        },
        {
            "throttle": 0.23746938249120042,
            "brake": 0.0,
            "steer": 0.0
        },
        {
            "throttle": 0.24725746921184028,
            "brake": 0.0,
            "steer": 0.0
        },
        {
            "throttle": 0.25771681063125307,
            "brake": 0.0,
            "steer": 0.0
        },
        {
            "throttle": 0.26873840214963324,
            "brake": 0.0,
            "steer": 0.0
        },
        {
            "throttle": 0.2802074133775581,
            "brake": 0.0,
            "steer": 0.0
        },
        {
            "throttle": 0.2920043802522031,
            "brake": 0.0,
            "steer": 0.0
        },
        {
            "throttle": 0.30400644556710354,
            "brake": 0.0,
            "steer": 0.0
        },
        {
            "throttle": 0.31608863499107154,
            "brake": 0.0,
            "steer": 0.0
        },
        {
            "throttle": 0.32812515528496383,
            "brake": 0.0,
            "steer": 0.0
        },
        {
            "throttle": 0.33999070119610636,
            "brake": 0.0,
            "steer": 0.0
        },
        {
            "throttle": 0.351561757421708,
            "brake": 0.0,
            "steer": 0.0
        },
        {
            "throttle": 0.36271788208548683,
            "brake": 0.0,
            "steer": 0.0
        },
        {
            "throttle": 0.37334295836545284,
            "brake": 0.0,
            "steer": 0.0
        },
        {
            "throttle": 0.3833264012433395,
            "brake": 0.0,
            "steer": 0.0
        },
        {
            "throttle": 0.39256430681411375,
            "brake": 0.0,
            "steer": 0.0
        },
        {
            "throttle": 0.40096053219246147,
            "brake": 0.0,
            "steer": 0.0
        },
        {
            "throttle": 0.408427694775934,
            "brake": 0.0,
            "steer": 0.0
        },
        {
            "throttle": 0.4148880804640406,
            "brake": 0.0,
            "steer": 0.0
        },
        {
            "throttle": 0.4202744513802626,
            "brake": 0.0,
            "steer": 0.0
        },
        {
            "throttle": 0.42453074468989443,
            "brake": 0.0,
            "steer": 0.0
        },
        {
            "throttle": 0.4276126552399203,
            "brake": 0.0,
            "steer": 0.0
        },
        {
            "throttle": 0.42948809595602594,
            "brake": 0.0,
            "steer": 0.0
        },
        {
            "throttle": 0.4301375312037606,
            "brake": 0.0,
            "steer": 0.0
        },
        {
            "throttle": 0.4295541796425811,
            "brake": 0.0,
            "steer": 0.0
        },
        {
            "throttle": 0.42774408445928164,
            "brake": 0.0,
            "steer": 0.0
        },
        {
            "throttle": 0.4247260502470295,
            "brake": 0.0,
            "steer": 0.0
        },
        {
            "throttle": 0.4205314471835359,
            "brake": 0.0,
            "steer": 0.0
        },
        {
            "throttle": 0.41520388454237217,
            "brake": 0.0,
            "steer": 0.0
        },
        {
            "throttle": 0.4087987569307342,
            "brake": 0.0,
            "steer": 0.0
        },
        {
            "throttle": 0.40138266797093686,
            "brake": 0.0,
            "steer": 0.0
        },
        {
            "throttle": 0.39303273741780453,
            "brake": 0.0,
            "steer": 0.0
        },
        {
            "throttle": 0.3838357989166717,
            "brake": 0.0,
            "steer": 0.0
        },
        {
            "throttle": 0.3738874967442942,
            "brake": 0.0,
            "steer": 0.0
        },
        {
            "throttle": 0.36329129092578183,
            "brake": 0.0,
            "steer": 0.0
        },
        {
            "throttle": 0.3521573810737561,
            "brake": 0.0,
            "steer": 0.0
        },
        {
            "throttle": 0.34060156014141457,
            "brake": 0.0,
            "steer": 0.0
        },
        {
            "throttle": 0.32874401001023945,
            "brake": 0.0,
            "steer": 0.0
        },
        {
            "throttle": 0.2958696090092155,
            "brake": 0.039281612034587514,
            "steer": 0.0
        },
        {
            "throttle": 0.26628264810829394,
            "brake": 0.07463506286571628,
            "steer": 0.0
        },
        {
            "throttle": 0.23965438329746455,
            "brake": 0.10645316861373216,
            "steer": 0.0
        },
        {
            "throttle": 0.2156889449677181,
            "brake": 0.13508946378694647,
            "steer": 0.0
        },
        {
            "throttle": 0.1941200504709463,
            "brake": 0.16086212944283934,
            "steer": 0.0
        },
        {
            "throttle": 0.17470804542385168,
            "brake": 0.18405752853314294,
            "steer": 0.0
        },
        {
            "throttle": 0.1572372408814665,
            "brake": 0.2049333877144162,
            "steer": 0.0
        },
        {
            "throttle": 0.14151351679331986,
            "brake": 0.2237216609775621,
            "steer": 0.0
        },
        {
            "throttle": 0.12736216511398787,
            "brake": 0.2406311069143934,
            "steer": 0.0
        },
        {
            "throttle": 0.1146259486025891,
            "brake": 0.25584960825754155,
            "steer": 0.0
        },
        {
            "throttle": 0.10316335374233018,
            "brake": 0.2695462594663749,
            "steer": 0.0
        },
        {
            "throttle": 0.09284701836809717,
            "brake": 0.2818732455543249,
            "steer": 0.0
        },
        {
            "throttle": 0.08356231653128746,
            "brake": 0.29296753303347994,
            "steer": 0.0
        },
        {
            "throttle": 0.07520608487815872,
            "brake": 0.3029523917647195,
            "steer": 0.0
        },
        {
            "throttle": 0.06768547639034285,
            "brake": 0.3119387646228351,
            "steer": 0.0
        },
        {
            "throttle": 0.060916928751308566,
            "brake": 0.3200265001951391,
            "steer": 0.0
        },
        {
            "throttle": 0.054825235876177714,
            "brake": 0.3273054622102127,
            "steer": 0.0
        },
        {
            "throttle": 0.049342712288559944,
            "brake": 0.33385652802377896,
            "steer": 0.0
        },
        {
            "throttle": 0.04440844105970395,
            "brake": 0.3397524872559886,
            "steer": 0.0
        },
        {
            "throttle": 0.03996759695373356,
            "brake": 0.34505885056497726,
            "steer": 0.0
        },
        {
            "throttle": 0.03597083725836021,
            "brake": 0.34983457754306707,
            "steer": 0.0
        },
        {
            "throttle": 0.03237375353252419,
            "brake": 0.35413273182334787,
            "steer": 0.0
        },
        {
            "throttle": 0.029136378179271772,
            "brake": 0.3580010706756006,
            "steer": 0.0
        },
        {
            "throttle": 0.026222740361344594,
            "brake": 0.3614825756426281,
            "steer": 0.0
        },
        {
            "throttle": 0.023600466325210137,
            "brake": 0.3646159301129528,
            "steer": 0.0
        },
        {
            "throttle": 0.05380111579560285,
            "brake": 0.32815433710165753,
            "steer": 0.0
        },
        {
            "throttle": 0.0826482781168772,
            "brake": 0.29533890339149177,
            "steer": 0.0
        },
        {
            "throttle": 0.11024538481928423,
            "brake": 0.2658050130523426,
            "steer": 0.0
        },
        {
            "throttle": 0.1366685226575184,
            "brake": 0.23922451174710835,
            "steer": 0.0
        },
        {
            "throttle": 0.16196967687834718,
            "brake": 0.2153020605723975,
            "steer": 0.0
        },
        {
            "throttle": 0.1861798216985602,
            "brake": 0.19377185451515777,
            "steer": 0.0
        },
        {
            "throttle": 0.20931186619632342,
            "brake": 0.174394669063642,
            "steer": 0.0
        },
        {
            "throttle": 0.23136346128820387,
            "brake": 0.15695520215727782,
            "steer": 0.0
        },
        {
            "throttle": 0.2523196712777759,
            "brake": 0.14125968194155003,
            "steer": 0.0
        },
        {
            "throttle": 0.27215551160222523,
            "brake": 0.12713371374739504,
            "steer": 0.0
        },
        {
            "throttle": 0.24493996044200272,
            "brake": 0.15370195440724305,
            "steer": 0.0
        },
        {
            "throttle": 0.22044596439780245,
            "brake": 0.17761337100110627,
            "steer": 0.0
        },
        {
            "throttle": 0.1984013679580222,
            "brake": 0.19913364593558316,
            "steer": 0.0
        },
        {
            "throttle": 0.17856123116222,
            "brake": 0.21850189337661238,
            "steer": 0.0
        },
        {
            "throttle": 0.160705108045998,
            "brake": 0.23593331607353868,
            "steer": 0.0
        },
        {
            "throttle": 0.1446345972413982,
            "brake": 0.2516215965007723,
            "steer": 0.0
        },
        {
            "throttle": 0.1301711375172584,
            "brake": 0.2657410488852826,
            "steer": 0.0
        },
        {
            "throttle": 0.11715402376553256,
            "brake": 0.27844855603134183,
            "steer": 0.0
        },
        {
            "throttle": 0.1054386213889793,
            "brake": 0.2898853124627952,
            "steer": 0.0
        },
        {
            "throttle": 0.09489475925008138,
            "brake": 0.3001783932511032,
            "steer": 0.0
        },
        {
            "throttle": 0.08540528332507324,
            "brake": 0.3094421659605804,
            "steer": 0.0
        },
        {
            "throttle": 0.07686475499256593,
            "brake": 0.3177795613991099,
            "steer": 0.0
        },
        {
            "throttle": 0.06917827949330933,
            "brake": 0.32528321729378645,
            "steer": 0.0
        },
        {
            "throttle": 0.0622604515439784,
            "brake": 0.33203650759899533,
            "steer": 0.0
        },
        {
            "throttle": 0.05603440638958056,
            "brake": 0.33811446887368335,
            "steer": 0.0
        },
        {
            "throttle": 0.0504309657506225,
            "brake": 0.34358463402090256,
            "steer": 0.0
        },
        {
            "throttle": 0.04538786917556025,
            "brake": 0.3485077826533998,
            "steer": 0.0
        },
        {
            "throttle": 0.040849082258004224,
            "brake": 0.35293861642264734,
            "steer": 0.0
        },
        {
            "throttle": 0.036764174032203806,
            "brake": 0.35692636681497014,
            "steer": 0.0
        },
        {
            "throttle": 0.033087756628983424,
            "brake": 0.36051534216806064,
            "steer": 0.0
        },
        {
            "throttle": 0.029778980966085083,
            "brake": 0.3637454199858421,
            "steer": 0.0
        },
        {
            "throttle": 0.026801082869476574,
            "brake": 0.3666524900218454,
            "steer": 0.0
        },
        {
            "throttle": 0.024120974582528917,
            "brake": 0.3692688530542484,
            "steer": 0.0
        },
        {
            "throttle": 0.021708877124276025,
            "brake": 0.3716235797834111,
            "steer": 0.0
        },
        {
            "throttle": 0.019537989411848422,
            "brake": 0.3737428338396575,
            "steer": 0.0
        },
        {
            "throttle": 0.04062588329183904,
            "brake": 0.33636855045569175,
            "steer": 0.0
        },
        {
            "throttle": 0.05818473858374035,
            "brake": 0.30273169541012257,
            "steer": 0.0
        },
        {
            "throttle": 0.072666651481545,
            "brake": 0.27245852586911035,
            "steer": 0.0
        },
        {
            "throttle": 0.08449224848235862,
            "brake": 0.2452126732821993,
            "steer": 0.0
        },
        {
            "throttle": 0.09405265878101061,
            "brake": 0.22069140595397937,
            "steer": 0.0
        },
        {
            "throttle": 0.10171115873673432,
            "brake": 0.19862226535858143,
            "steer": 0.0
        },
        {
            "throttle": 0.10780453478037025,
            "brake": 0.1787600388227233,
            "steer": 0.0
        },
        {
            "throttle": 0.1126442077117568,
            "brake": 0.16088403494045098,
            "steer": 0.0
        },
        {
            "throttle": 0.11651715810619706,
            "brake": 0.1447956314464059,
            "steer": 0.0
        },
        {
            "throttle": 0.11968668947625855,
            "brake": 0.13031606830176531,
            "steer": 0.0
        },
        {
            "throttle": 0.12239306289550818,
            "brake": 0.11728446147158879,
            "steer": 0.0
        },
        {
            "throttle": 0.12485403396326897,
            "brake": 0.10555601532442992,
            "steer": 0.0
        },
        {
            "throttle": 0.12726532025724474,
            "brake": 0.09500041379198693,
            "steer": 0.0
        },
        {
            "throttle": 0.12980102477066907,
            "brake": 0.08550037241278824,
            "steer": 0.0
        },
        {
            "throttle": 0.13261403825257667,
            "brake": 0.07695033517150941,
            "steer": 0.0
        },
        {
            "throttle": 0.1358364408569543,
            "brake": 0.06925530165435848,
            "steer": 0.0
        },
        {
            "throttle": 0.13957992105467742,
            "brake": 0.06232977148892263,
            "steer": 0.0
        },
        {
            "throttle": 0.14393622736946118,
            "brake": 0.05609679434003037,
            "steer": 0.0
        },
        {
            "throttle": 0.14897766616583868,
            "brake": 0.050487114906027336,
            "steer": 0.0
        },
        {
            "throttle": 0.1547576564455691,
            "brake": 0.04543840341542461,
            "steer": 0.0
        },
        {
            "throttle": 0.16131135040257488,
            "brake": 0.040894563073882145,
            "steer": 0.0
        },
        {
            "throttle": 0.16865632635053446,
            "brake": 0.036805106766493935,
            "steer": 0.0
        },
        {
            "throttle": 0.17679335857769757,
            "brake": 0.03312459608984454,
            "steer": 0.0
        },
        {
            "throttle": 0.18570726670724236,
            "brake": 0.029812136480860087,
            "steer": 0.0
        },
        {
            "throttle": 0.19536784525604434,
            "brake": 0.02683092283277408,
            "steer": 0.0
        },
        {
            "throttle": 0.20573087229792592,
            "brake": 0.024147830549496672,
            "steer": 0.0
        },
        {
            "throttle": 0.2167391944572994,
            "brake": 0.021733047494547006,
            "steer": 0.0
        },
        {
            "throttle": 0.22832388389355412,
            "brake": 0.019559742745092305,
            "steer": 0.0
        },
        {
            "throttle": 0.24040546149327896,
            "brake": 0.017603768470583075,
            "steer": 0.0
        },
        {
            "throttle": 0.252895179173749,
            "brake": 0.01584339162352477,
            "steer": 0.0
        },
        {
            "throttle": 0.26569635302375716,
            "brake": 0.014259052461172293,
            "steer": 0.0
        },
        {
            "throttle": 0.2787057379728338,
            "brake": 0.012833147215055064,
            "steer": 0.0
        },
        {
            "throttle": 0.29181493379230733,
            "brake": 0.011549832493549558,
            "steer": 0.0
        },
        {
            "throttle": 0.30491181149568736,
            "brake": 0.010394849244194603,
            "steer": 0.0
        },
        {
            "throttle": 0.31788194862459773,
            "brake": 0.009355364319775144,
            "steer": 0.0
        },
        {
            "throttle": 0.33061006148188926,
            "brake": 0.00841982788779763,
            "steer": 0.0
        },
        {
            "throttle": 0.3429814221063529,
            "brake": 0.007577845099017867,
            "steer": 0.0
        },
        {
            "throttle": 0.3548832476730869,
            "brake": 0.006820060589116081,
            "steer": 0.0
        },
        {
            "throttle": 0.36620605004820417,
            "brake": 0.006138054530204473,
            "steer": 0.0
        },
        {
            "throttle": 0.37684493342304803,
            "brake": 0.005524249077184026,
            "steer": 0.0
        },
        {
            "throttle": 0.3867008282969428,
            "brake": 0.0049718241694656235,
            "steer": 0.0
        }
    ],
    "parameters": {
        "fog_density": 39.26067134340271,
        "precipitation": 33.974591097410446,
        "precipitation_deposits": 63.32733440387952,
        "wind_intensity": 16.983382984766976,
        "sun_altitude_angle": 72.95290095438718,
        "cloudiness": 50.16771523730039,
        "lead_base_throttle": 0.3115852181236723,
        "lead_behavior_frequency": 0.16238275446932499,
        "lead_throttle_variation": 0.16494173497703624,
        "lead_brake_probability": 0.05437785112668098,
        "lead_brake_intensity": 0.3928161203458751,
        "lead_brake_duration": 25.57480863567834,
        "initial_distance": 77.08152371478272,
        "initial_ego_velocity": 7.1426611195361565,
        "initial_lead_velocity": 13.819333977552104
    },
    "config": {
        "num_timesteps": 200,
        "dt": 0.1,
        "seed": 193
    }
}