{
    "weather": {
        "cloudiness": 29.071338983483873,
        "precipitation": 6.335583107168075,
        "precipitation_deposits": 2.20437388837208,
        "wind_intensity": 38.38510294018042,
        "sun_altitude_angle": 63.028194843059325,
        "fog_density": 43.50060516879414,
        "fog_distance": 234.5655563209103,
        "wetness": 3.1677915535840375
    },
    "initial_conditions": {
        "ego": {
            "position": {
                "x": 542.1473990684416,
                "y": 20.57,
                "z": 0.294
            },
            "yaw": 0.0,
            "velocity": 11.686319268200512
        },
        "lead": {
            "position": {
                "x": 484.88,
                "y": 20.57,
                "z": 0.294
            },
            "yaw": 0.0,
            "velocity": 6.237724643619624
        }
    },
    "ego": {
        "position": {
            "x": 542.1473990684416,
            "y": 20.57,
            "z": 0.294
        },
        "yaw": 0.0,
        "velocity": 11.686319268200512
    },
    "lead": {
        "position": {
            "x": 484.88,
            "y": 20.57,
            "z": 0.294
        },
        "yaw": 0.0,
        "velocity": 6.237724643619624
    },
    "ado_actions": [
        {
            "throttle": 0.5838466624153509,
            "brake": 0.0,
            "steer": 0.0
        },
        {
            "throttle": 0.587755046408798,
            "brake": 0.0,
            "steer": 0.0
        },
        {
            "throttle": 0.5951143594611995,
            "brake": 0.0,
            "steer": 0.0
        },
        {
            "throttle": 0.6054474110433317,
            "brake": 0.0,
            "steer": 0.0
        },
        {
            "throttle": 0.6182615001314988,
            "brake": 0.0,
            "steer": 0.0
        },
        {
            "throttle": 0.6330532955151487,
            "brake": 0.0,
            "steer": 0.0
        },
        {
            "throttle": 0.6493142490454953,
            "brake": 0.0,
            "steer": 0.0
        },
        {
            "throttle": 0.6665364143834621,
            "brake": 0.0,
            "steer": 0.0
        },
        {
            "throttle": 0.5998827729451159,
            "brake": 0.01571048718649973,
            "steer": 0.0
        },
        {
            "throttle": 0.5398944956506043,
            "brake": 0.02984992565434949,
            "steer": 0.0
        },
        {
            "throttle": 0.4859050460855439,
            "brake": 0.04257542027541428,
            "steer": 0.0
        },
        {
            "throttle": 0.4373145414769895,
            "brake": 0.05402836543437259,
            "steer": 0.0
        },
        {
            "throttle": 0.39358308732929054,
            "brake": 0.06433601607743507,
            "steer": 0.0
        },
        {
            "throttle": 0.3542247785963615,
            "brake": 0.07361290165619129,
            "steer": 0.0
        },
        {
            "throttle": 0.31880230073672533,
            "brake": 0.0819620986770719,
            "steer": 0.0
        },
        {
            "throttle": 0.2869220706630528,
            "brake": 0.08947637599586443,
            "steer": 0.0
        },
        {
            "throttle": 0.25822986359674754,
            "brake": 0.09623922558277771,
            "steer": 0.0
        },
        {
            "throttle": 0.2324068772370728,
            "brake": 0.10232579021099968,
            "steer": 0.0
        },
        {
            "throttle": 0.20916618951336552,
            "brake": 0.10780369837639944,
            "steer": 0.0
        },
        {
            "throttle": 0.18824957056202898,
            "brake": 0.11273381572525923,
            "steer": 0.0
        },
        {
            "throttle": 0.16942461350582608,
            "brake": 0.11717092133923304,
            "steer": 0.0
        },
        {
            "throttle": 0.15248215215524347,
            "brake": 0.12116431639180947,
            "steer": 0.0
        },
        {
            "throttle": 0.13723393693971914,
            "brake": 0.12475837193912825,
            "steer": 0.0
        },
        {
            "throttle": 0.12351054324574723,
            "brake": 0.12799302193171516,
            "steer": 0.0
        },
        {
            "throttle": 0.11115948892117251,
            "brake": 0.13090420692504337,
            "steer": 0.0
        },
        {
            "throttle": 0.15469988266309942,
            "brake": 0.11781378623253903,
            "steer": 0.0
        },
        {
            "throttle": 0.1900399249866038,
            "brake": 0.10603240760928513,
            "steer": 0.0
        },
        {
            "throttle": 0.21812875707402257,
            "brake": 0.09542916684835662,
            "steer": 0.0
        },
        {
            "throttle": 0.23988396398724424,
            "brake": 0.08588625016352096,
            "steer": 0.0
        },
        {
            "throttle": 0.2561914498223082,
            "brake": 0.07729762514716887,
            "steer": 0.0
        },
        {
            "throttle": 0.26790430135561405,
            "brake": 0.06956786263245199,
            "steer": 0.0
        },
        {
            "throttle": 0.27584081469987715,
            "brake": 0.06261107636920679,
            "steer": 0.0
        },
        {
            "throttle": 0.2807818582391115,
            "brake": 0.056349968732286114,
            "steer": 0.0
        },
        {
            "throttle": 0.2834677424612706,
            "brake": 0.0507149718590575,
            "steer": 0.0
        },
        {
            "throttle": 0.28459476314475857,
            "brake": 0.04564347467315175,
            "steer": 0.0
        },
        {
            "throttle": 0.2848115786121491,
            "brake": 0.04107912720583658,
            "steer": 0.0
        },
        {
            "throttle": 0.28471557441333567,
            "brake": 0.03697121448525292,
            "steer": 0.0
        },
        {
            "throttle": 0.2848493598531695,
            "brake": 0.03327409303672763,
            "steer": 0.0
        },
        {
            "throttle": 0.2856975302861354,
            "brake": 0.02994668373305487,
            "steer": 0.0
        },
        {
            "throttle": 0.2571277772575219,
            "brake": 0.04266250254624911,
            "steer": 0.0
        },
        {
            "throttle": 0.23141499953176972,
            "brake": 0.05410673947812393,
            "steer": 0.0
        },
        {
            "throttle": 0.20827349957859276,
            "brake": 0.06440655271681127,
            "steer": 0.0
        },
        {
            "throttle": 0.1874461496207335,
            "brake": 0.07367638463162987,
            "steer": 0.0
        },
        {
            "throttle": 0.16870153465866014,
            "brake": 0.08201923335496661,
            "steer": 0.0
        },
        {
            "throttle": 0.15183138119279413,
            "brake": 0.08952779720596968,
            "steer": 0.0
        },
        {
            "throttle": 0.13664824307351472,
            "brake": 0.09628550467187244,
            "steer": 0.0
        },
        {
            "throttle": 0.12298341876616325,
            "brake": 0.10236744139118492,
            "steer": 0.0
        },
        {
            "throttle": 0.11068507688954693,
            "brake": 0.10784118443856616,
            "steer": 0.0
        },
        {
            "throttle": 0.09961656920059224,
            "brake": 0.11276755318120928,
            "steer": 0.0
        },
        {
            "throttle": 0.08965491228053302,
            "brake": 0.11720128504958807,
            "steer": 0.0
        },
        {
            "throttle": 0.08068942105247971,
            "brake": 0.12119164373112899,
            "steer": 0.0
        },
        {
            "throttle": 0.07262047894723174,
            "brake": 0.12478296654451582,
            "steer": 0.0
        },
        {
            "throttle": 0.06535843105250856,
            "brake": 0.12801515707656397,
            "steer": 0.0
        },
        {
            "throttle": 0.058822587947257705,
            "brake": 0.1309241285554073,
            "steer": 0.0
        },
        {
            "throttle": 0.05294032915253193,
            "brake": 0.1335422028863663,
            "steer": 0.0
        },
        {
            "throttle": 0.04764629623727874,
            "brake": 0.13589846978422943,
            "steer": 0.0
        },
        {
            "throttle": 0.12703336723504383,
            "brake": 0.12230862280580648,
            "steer": 0.0
        },
        {
            "throttle": 0.2002639234575097,
            "brake": 0.11007776052522583,
            "steer": 0.0
        },
        {
            "throttle": 0.26748405299433664,
            "brake": 0.09906998447270325,
            "steer": 0.0
        },
        {
            "throttle": 0.32880286199403974,
            "brake": 0.08916298602543293,
            "steer": 0.0
        },
        {
            "throttle": 0.384304557680714,
            "brake": 0.08024668742288964,
            "steer": 0.0
        },
        {
            "throttle": 0.43405956149313035,
            "brake": 0.07222201868060067,
            "steer": 0.0
        },
        {
            "throttle": 0.4781346023548527,
            "brake": 0.0649998168125406,
            "steer": 0.0
        },
        {
            "throttle": 0.516601743524525,
            "brake": 0.058499835131286544,
            "steer": 0.0
        },
        {
            "throttle": 0.5495463021036832,
            "brake": 0.05264985161815789,
            "steer": 0.0
        },
        {
            "throttle": 0.5770736278599987,
            "brake": 0.0473848664563421,
            "steer": 0.0
        },
        {
            "throttle": 0.5993147173020713,
            "brake": 0.042646379810707895,
            "steer": 0.0
        },
        {
            "throttle": 0.6164306496466756,
            "brake": 0.038381741829637106,
            "steer": 0.0
        },
        {
            "throttle": 0.6286158431666343,
            "brake": 0.0345435676466734,
            "steer": 0.0
        },
        {
            "throttle": 0.6361001431038282,
            "brake": 0.03108921088200606,
            "steer": 0.0
        },
        {
            "throttle": 0.6391497655785235,
            "brake": 0.027980289793805454,
            "steer": 0.0
        },
        {
            "throttle": 0.6380671354233292,
            "brake": 0.025182260814424907,
            "steer": 0.0
        },
        {
            "throttle": 0.6331896693209416,
            "brake": 0.022664034732982417,
            "steer": 0.0
        },
        {
            "throttle": 0.6248875687401156,
            "brake": 0.020397631259684176,
            "steer": 0.0
        },
        {
            "throttle": 0.6135606996664544,
            "brake": 0.01835786813371576,
            "steer": 0.0
        },
        {
            "throttle": 0.5996346477519336,
            "brake": 0.016522081320344186,
            "steer": 0.0
        },
        {
            "throttle": 0.5835560480176252,
            "brake": 0.014869873188309768,
            "steer": 0.0
        },
        {
            "throttle": 0.5657872974193431,
            "brake": 0.013382885869478792,
            "steer": 0.0
        },
        {
            "throttle": 0.5468007662340646,
            "brake": 0.012044597282530912,
            "steer": 0.0
        },
        {
            "throttle": 0.5270726301837355,
            "brake": 0.010840137554277821,
            "steer": 0.0
        },
        {
            "throttle": 0.474365367165362,
            "brake": 0.02546661098534977,
            "steer": 0.0
        },
        {
            "throttle": 0.4269288304488258,
            "brake": 0.038630437073314525,
            "steer": 0.0
        },
        {
            "throttle": 0.38423594740394323,
            "brake": 0.0504778805524828,
            "steer": 0.0
        },
        {
            "throttle": 0.3458123526635489,
            "brake": 0.06114057968373425,
            "steer": 0.0
        },
        {
            "throttle": 0.31123111739719406,
            "brake": 0.07073700890186056,
            "steer": 0.0
        },
        {
            "throttle": 0.2801080056574747,
            "brake": 0.07937379519817424,
            "steer": 0.0
        },
        {
            "throttle": 0.25209720509172723,
            "brake": 0.08714690286485655,
            "steer": 0.0
        },
        {
            "throttle": 0.2268874845825545,
            "brake": 0.09414269976487062,
            "steer": 0.0
        },
        {
            "throttle": 0.20419873612429906,
            "brake": 0.10043891697488329,
            "steer": 0.0
        },
        {
            "throttle": 0.18377886251186917,
            "brake": 0.10610551246389469,
            "steer": 0.0
        },
        {
            "throttle": 0.16540097626068226,
            "brake": 0.11120544840400495,
            "steer": 0.0
        },
        {
            "throttle": 0.14886087863461403,
            "brake": 0.11579539075010419,
            "steer": 0.0
        },
        {
            "throttle": 0.13397479077115262,
            "brake": 0.1199263388615935,
            "steer": 0.0
        },
        {
            "throttle": 0.12057731169403736,
            "brake": 0.12364419216193388,
            "steer": 0.0
        },
        {
            "throttle": 0.10851958052463363,
            "brake": 0.12699026013224024,
            "steer": 0.0
        },
        {
            "throttle": 0.09766762247217027,
            "brake": 0.13000172130551596,
            "steer": 0.0
        },
        {
            "throttle": 0.08790086022495325,
            "brake": 0.13271203636146411,
            "steer": 0.0
        },
        {
            "throttle": 0.14068279020374871,
            "brake": 0.1194408327253177,
            "steer": 0.0
        },
        {
            "throttle": 0.19204562733901118,
            "brake": 0.10749674945278594,
            "steer": 0.0
        },
        {
            "throttle": 0.24201117754777912,
            "brake": 0.09674707450750734,
            "steer": 0.0
        },
        {
            "throttle": 0.21781005979300122,
            "brake": 0.10278285424325634,
            "steer": 0.0
        },
        {
            "throttle": 0.19602905381370112,
            "brake": 0.10821505600543044,
            "steer": 0.0
        },
        {
            "throttle": 0.176426148432331,
            "brake": 0.11310403759138712,
            "steer": 0.0
        },
        {
            "throttle": 0.1587835335890979,
            "brake": 0.11750412101874814,
            "steer": 0.0
        },
        {
            "throttle": 0.14290518023018814,
            "brake": 0.12146419610337306,
            "steer": 0.0
        },
        {
            "throttle": 0.12861466220716933,
            "brake": 0.12502826367953548,
            "steer": 0.0
        },
        {
            "throttle": 0.1157531959864524,
            "brake": 0.12823592449808166,
            "steer": 0.0
        },
        {
            "throttle": 0.10417787638780716,
            "brake": 0.13112281923477323,
            "steer": 0.0
        },
        {
            "throttle": 0.09376008874902644,
            "brake": 0.13372102449779563,
            "steer": 0.0
        },
        {
            "throttle": 0.0843840798741238,
            "brake": 0.13605940923451582,
            "steer": 0.0
        },
        {
            "throttle": 0.07594567188671142,
            "brake": 0.13816395549756397,
            "steer": 0.0
        },
        {
            "throttle": 0.06835110469804027,
            "brake": 0.1400580471343073,
            "steer": 0.0
        },
        {
            "throttle": 0.06151599422823625,
            "brake": 0.14176272960737632,
            "steer": 0.0
        },
        {
            "throttle": 0.05536439480541262,
            "brake": 0.14329694383313843,
            "steer": 0.0
        },
        {
            "throttle": 0.04982795532487136,
            "brake": 0.14467773663632433,
            "steer": 0.0
        },
        {
            "throttle": 0.04484515979238422,
            "brake": 0.14592045015919164,
            "steer": 0.0
        },
        {
            "throttle": 0.0403606438131458,
            "brake": 0.14703889232977221,
            "steer": 0.0
        },
        {
            "throttle": 0.10700254853920485,
            "brake": 0.132335003096795,
            "steer": 0.0
        },
        {
            "throttle": 0.16331030558013643,
            "brake": 0.1191015027871155,
            "steer": 0.0
        },
        {
            "throttle": 0.21017034890375122,
            "brake": 0.10719135250840395,
            "steer": 0.0
        },
        {
            "throttle": 0.24844552696324748,
            "brake": 0.09647221725756355,
            "steer": 0.0
        },
        {
            "throttle": 0.27897885758562174,
            "brake": 0.0868249955318072,
            "steer": 0.0
        },
        {
            "throttle": 0.3025957746908692,
            "brake": 0.07814249597862648,
            "steer": 0.0
        },
        {
            "throttle": 0.3201050131649949,
            "brake": 0.07032824638076383,
            "steer": 0.0
        },
        {
            "throttle": 0.3322982829601462,
            "brake": 0.06329542174268746,
            "steer": 0.0
        },
        {
            "throttle": 0.3399488875166643,
            "brake": 0.05696587956841871,
            "steer": 0.0
        },
        {
            "throttle": 0.34380944464138646,
            "brake": 0.05126929161157684,
            "steer": 0.0
        },
        {
            "throttle": 0.3446088698161275,
            "brake": 0.04614236245041916,
            "steer": 0.0
        },
        {
            "throttle": 0.34304878236906206,
            "brake": 0.04152812620537724,
            "steer": 0.0
        },
        {
            "throttle": 0.3397994938772841,
            "brake": 0.03737531358483952,
            "steer": 0.0
        },
        {
            "throttle": 0.33549573547817246,
            "brake": 0.033637782226355564,
            "steer": 0.0
        },
        {
            "throttle": 0.3307322763871808,
            "brake": 0.030274004003720007,
            "steer": 0.0
        },
        {
            "throttle": 0.32605957982683215,
            "brake": 0.027246603603348008,
            "steer": 0.0
        },
        {
            "throttle": 0.3219796347815954,
            "brake": 0.024521943243013208,
            "steer": 0.0
        },
        {
            "throttle": 0.3189420925592433,
            "brake": 0.022069748918711888,
            "steer": 0.0
        },
        {
            "throttle": 0.3173408261505259,
            "brake": 0.0198627740268407,
            "steer": 0.0
        },
        {
            "throttle": 0.31751101795846376,
            "brake": 0.01787649662415663,
            "steer": 0.0
        },
        {
            "throttle": 0.28575991616261737,
            "brake": 0.031799334148240696,
            "steer": 0.0
        },
        {
            "throttle": 0.25718392454635564,
            "brake": 0.04432988791991636,
            "steer": 0.0
        },
        {
            "throttle": 0.23146553209172008,
            "brake": 0.05560738631442445,
            "steer": 0.0
        },
        {
            "throttle": 0.20831897888254808,
            "brake": 0.06575713486948175,
            "steer": 0.0
        },
        {
            "throttle": 0.1874870809942933,
            "brake": 0.0748919085690333,
            "steer": 0.0
        },
        {
            "throttle": 0.16873837289486396,
            "brake": 0.0831132048986297,
            "steer": 0.0
        },
        {
            "throttle": 0.15186453560537758,
            "brake": 0.09051237159526646,
            "steer": 0.0
        },
        {
            "throttle": 0.13667808204483983,
            "brake": 0.09717162162223954,
            "steer": 0.0
        },
        {
            "throttle": 0.12301027384035586,
            "brake": 0.10316494664651531,
            "steer": 0.0
        },
        {
            "throttle": 0.11070924645632027,
            "brake": 0.10855893916836351,
            "steer": 0.0
        },
        {
            "throttle": 0.09963832181068824,
            "brake": 0.11341353243802689,
            "steer": 0.0
        },
        {
            "throttle": 0.08967448962961942,
            "brake": 0.11778266638072393,
            "steer": 0.0
        },
        {
            "throttle": 0.08070704066665749,
            "brake": 0.12171488692915126,
            "steer": 0.0
        },
        {
            "throttle": 0.07263633659999175,
            "brake": 0.12525388542273588,
            "steer": 0.0
        },
        {
            "throttle": 0.06537270293999257,
            "brake": 0.12843898406696203,
            "steer": 0.0
        },
        {
            "throttle": 0.05883543264599332,
            "brake": 0.13130557284676556,
            "steer": 0.0
        },
        {
            "throttle": 0.05295188938139399,
            "brake": 0.13388550274858874,
            "steer": 0.0
        },
        {
            "throttle": 0.13469661025662075,
            "brake": 0.12049695247372987,
            "steer": 0.0
        },
        {
            "throttle": 0.20917999956130817,
            "brake": 0.10844725722635688,
            "steer": 0.0
        },
        {
            "throttle": 0.27662421149311756,
            "brake": 0.0976025315037212,
            "steer": 0.0
        },
        {
            "throttle": 0.33722221086696375,
            "brake": 0.08784227835334908,
            "steer": 0.0
        },
        {
            "throttle": 0.3911494010013794,
            "brake": 0.07905805051801418,
            "steer": 0.0
        },
        {
            "throttle": 0.4385740592442515,
            "brake": 0.07115224546621277,
            "steer": 0.0
        },
        {
            "throttle": 0.4796665514381803,
            "brake": 0.06403702091959149,
            "steer": 0.0
        },
        {
            "throttle": 0.5146073025212212,
            "brake": 0.05763331882763234,
            "steer": 0.0
        },
        {
            "throttle": 0.5435935082346564,
            "brake": 0.051869986944869106,
            "steer": 0.0
        },
        {
            "throttle": 0.5668445822839974,
            "brake": 0.046682988250382196,
            "steer": 0.0
        },
        {
            "throttle": 0.584606343978613,
            "brake": 0.042014689425343976,
            "steer": 0.0
        },
        {
            "throttle": 0.5971539630563468,
            "brake": 0.03781322048280958,
            "steer": 0.0
        },
        {
            "throttle": 0.6047936907744117,
            "brake": 0.03403189843452862,
            "steer": 0.0
        },
        {
            "throttle": 0.607863419107917,
            "brake": 0.03062870859107576,
            "steer": 0.0
        },
        {
            "throttle": 0.6067321227370293,
            "brake": 0.027565837731968183,
            "steer": 0.0
        },
        {
            "throttle": 0.6017982511248775,
            "brake": 0.024809253958771364,
            "steer": 0.0
        },
        {
            "throttle": 0.5934871501044064,
            "brake": 0.02232832856289423,
            "steer": 0.0
        },
        {
            "throttle": 0.5822476037327444,
            "brake": 0.020095495706604807,
            "steer": 0.0
        },
        {
            "throttle": 0.5685475974851958,
            "brake": 0.018085946135944327,
            "steer": 0.0
        },
        {
            "throttle": 0.5116928377366762,
            "brake": 0.03198783870884962,
            "steer": 0.0
        },
        {
            "throttle": 0.4605235539630086,
            "brake": 0.04449954202446439,
            "steer": 0.0
        },
        {
            "throttle": 0.4144711985667077,
            "brake": 0.05576007500851768,
            "steer": 0.0
        },
        {
            "throttle": 0.37302407871003695,
            "brake": 0.06589455469416565,
            "steer": 0.0
        },
        {
            "throttle": 0.33572167083903326,
            "brake": 0.07501558641124882,
            "steer": 0.0
        },
        {
            "throttle": 0.30214950375512994,
            "brake": 0.08322451495662367,
            "steer": 0.0
        },
        {
            "throttle": 0.271934553379617,
            "brake": 0.09061255064746103,
            "steer": 0.0
        },
        {
            "throttle": 0.24474109804165528,
            "brake": 0.09726178276921466,
            "steer": 0.0
        },
        {
            "throttle": 0.22026698823748975,
            "brake": 0.10324609167879292,
            "steer": 0.0
        },
        {
            "throttle": 0.19824028941374078,
            "brake": 0.10863196969741336,
            "steer": 0.0
        },
        {
            "throttle": 0.1784162604723667,
            "brake": 0.11347925991417175,
            "steer": 0.0
        },
        {
            "throttle": 0.16057463442513004,
            "brake": 0.1178418211092543,
            "steer": 0.0
        },
        {
            "throttle": 0.14451717098261704,
            "brake": 0.1217681261848286,
            "steer": 0.0
        },
        {
            "throttle": 0.13006545388435534,
            "brake": 0.12530180075284547,
            "steer": 0.0
        },
        {
            "throttle": 0.11705890849591981,
            "brake": 0.12848210786406067,
            "steer": 0.0
        },
        {
            "throttle": 0.10535301764632783,
            "brake": 0.13134438426415435,
            "steer": 0.0
        },
        {
            "throttle": 0.09481771588169505,
            "brake": 0.13392043302423864,
            "steer": 0.0
        },
        {
            "throttle": 0.13457708620071065,
            "brake": 0.12052838972181479,
            "steer": 0.0
        },
        {
            "throttle": 0.1741608812598264,
            "brake": 0.10847555074963332,
            "steer": 0.0
        },
        {
            "throttle": 0.2136777302343978,
            "brake": 0.09762799567466998,
            "steer": 0.0
        },
        {
            "throttle": 0.25315907176148733,
            "brake": 0.08786519610720299,
            "steer": 0.0
        },
        {
            "throttle": 0.29256645124356573,
            "brake": 0.07907867649648269,
            "steer": 0.0
        },
        {
            "throttle": 0.3317992261329319,
            "brake": 0.07117080884683442,
            "steer": 0.0
        },
        {
            "throttle": 0.370702626195569,
            "brake": 0.06405372796215099,
            "steer": 0.0
        },
        {
            "throttle": 0.4090761018695366,
            "brake": 0.05764835516593589,
            "steer": 0.0
        },
        {
            "throttle": 0.44668188187272373,
            "brake": 0.0518835196493423,
            "steer": 0.0
        },
        {
            "throttle": 0.48325365130337006,
            "brake": 0.04669516768440807,
            "steer": 0.0
        }
    ],
    "parameters": {
        "fog_density": 43.50060516879414,
        "precipitation": 6.335583107168075,
        "precipitation_deposits": 2.20437388837208,
        "wind_intensity": 38.38510294018042,
        "sun_altitude_angle": 63.028194843059325,
        "cloudiness": 29.071338983483873,
        "lead_base_throttle": 0.5838466624153509,
        "lead_behavior_frequency": 0.2079320583889297,
        "lead_throttle_variation": 0.30000748378408143,
        "lead_brake_probability": 0.1504658991860188,
        "lead_brake_intensity": 0.1571048718649973,
        "lead_brake_duration": 17.362934243900924,
        "initial_distance": 57.26739906844159,
        "initial_ego_velocity": 11.686319268200512,
        "initial_lead_velocity": 6.237724643619624
    },
    "config": {
        "num_timesteps": 200,
        "dt": 0.1,
        "seed": 79
    }
}