{
    "weather": {
        "cloudiness": 20.813987005259417,
        "precipitation": 62.12210242458504,
        "precipitation_deposits": 11.856854973737285,
        "wind_intensity": 21.63617456996937,
        "sun_altitude_angle": 88.69180486238041,
        "fog_density": 0.3757270617924391,
        "fog_distance": 987.5538664477148,
        "wetness": 31.06105121229252
    },
    "initial_conditions": {
        "ego": {
            "position": {
                "x": 556.3665408877833,
                "y": 20.57,
                "z": 0.294
            },
            "yaw": 0.0,
            "velocity": 11.849290365896167
        },
        "lead": {
            "position": {
                "x": 484.88,
                "y": 20.57,
                "z": 0.294
            },
            "yaw": 0.0,
            "velocity": 12.823374278838154
        }
    },
    "ego": {
        "position": {
            "x": 556.3665408877833,
            "y": 20.57,
            "z": 0.294
        },
        "yaw": 0.0,
        "velocity": 11.849290365896167
    },
    "lead": {
        "position": {
            "x": 484.88,
            "y": 20.57,
            "z": 0.294
        },
        "yaw": 0.0,
        "velocity": 12.823374278838154
    },
    "ado_actions": [
        {
            "throttle": 0.3430763687449435,
            "brake": 0.0,
            "steer": 0.0
        },
        {
            "throttle": 0.3475455305285978,
            "brake": 0.0,
            "steer": 0.0
        },
        {
            "throttle": 0.35589486869030706,
            "brake": 0.0,
            "steer": 0.0
        },
        {
            "throttle": 0.3674567433460499,
            "brake": 0.0,
            "steer": 0.0
        },
        {
            "throttle": 0.38150161443295166,
            "brake": 0.0,
            "steer": 0.0
        },
        {
            "throttle": 0.3972572106565665,
            "brake": 0.0,
            "steer": 0.0
        },
        {
            "throttle": 0.41392945903669276,
            "brake": 0.0,
            "steer": 0.0
        },
        {
            "throttle": 0.43072446950441434,
            "brake": 0.0,
            "steer": 0.0
        },
        {
            "throttle": 0.44687083948650835,
            "brake": 0.0,
            "steer": 0.0
        },
        {
            "throttle": 0.4616415368613707,
            "brake": 0.0,
            "steer": 0.0
        },
        {
            "throttle": 0.4743746363316877,
            "brake": 0.0,
            "steer": 0.0
        },
        {
            "throttle": 0.48449222363978817,
            "brake": 0.0,
            "steer": 0.0
        },
        {
            "throttle": 0.49151684293266346,
            "brake": 0.0,
            "steer": 0.0
        },
        {
            "throttle": 0.4950849430590267,
            "brake": 0.0,
            "steer": 0.0
        },
        {
            "throttle": 0.49495687611867717,
            "brake": 0.0,
            "steer": 0.0
        },
        {
            "throttle": 0.491023113107975,
            "brake": 0.0,
            "steer": 0.0
        },
        {
            "throttle": 0.48330646349060047,
            "brake": 0.0,
            "steer": 0.0
        },
        {
            "throttle": 0.47196021411143385,
            "brake": 0.0,
            "steer": 0.0
        },
        {
            "throttle": 0.4572622339929917,
            "brake": 0.0,
            "steer": 0.0
        },
        {
            "throttle": 0.4396052210557738,
            "brake": 0.0,
            "steer": 0.0
        },
        {
            "throttle": 0.41948339058343154,
            "brake": 0.0,
            "steer": 0.0
        },
        {
            "throttle": 0.3974760193886806,
            "brake": 0.0,
            "steer": 0.0
        },
        {
            "throttle": 0.3742283605094986,
            "brake": 0.0,
            "steer": 0.0
        },
        {
            "throttle": 0.35043052768094174,
            "brake": 0.0,
            "steer": 0.0
        },
        {
            "throttle": 0.3267950141116145,
            "brake": 0.0,
            "steer": 0.0
        },
        {
            "throttle": 0.3040335541784186,
            "brake": 0.0,
            "steer": 0.0
        },
        {
            "throttle": 0.28283405814475787,
            "brake": 0.0,
            "steer": 0.0
        },
        {
            "throttle": 0.263838348229391,
            "brake": 0.0,
            "steer": 0.0
        },
        {
            "throttle": 0.24762139936817473,
            "brake": 0.0,
            "steer": 0.0
        },
        {
            "throttle": 0.23467274061868643,
            "brake": 0.0,
            "steer": 0.0
        },
        {
            "throttle": 0.22538060486960307,
            "brake": 0.0,
            "steer": 0.0
        },
        {
            "throttle": 0.22001932750792913,
            "brake": 0.0,
            "steer": 0.0
        },
        {
            "throttle": 0.2187403917375816,
            "brake": 0.0,
            "steer": 0.0
        },
        {
            "throttle": 0.22156740260897667,
            "brake": 0.0,
            "steer": 0.0
        },
        {
            "throttle": 0.22839514719019063,
            "brake": 0.0,
            "steer": 0.0
        },
        {
            "throttle": 0.23899276865068003,
            "brake": 0.0,
            "steer": 0.0
        },
        {
            "throttle": 0.2530109514627634,
            "brake": 0.0,
            "steer": 0.0
        },
        {
            "throttle": 0.26999288760695705,
            "brake": 0.0,
            "steer": 0.0
        },
        {
            "throttle": 0.28938867364424087,
            "brake": 0.0,
            "steer": 0.0
        },
        {
            "throttle": 0.3105726796086956,
            "brake": 0.0,
            "steer": 0.0
        },
        {
            "throttle": 0.3328633363414992,
            "brake": 0.0,
            "steer": 0.0
        },
        {
            "throttle": 0.35554471113225816,
            "brake": 0.0,
            "steer": 0.0
        },
        {
            "throttle": 0.37788918479739925,
            "brake": 0.0,
            "steer": 0.0
        },
        {
            "throttle": 0.39918050841268327,
            "brake": 0.0,
            "steer": 0.0
        },
        {
            "throttle": 0.4187365059387742,
            "brake": 0.0,
            "steer": 0.0
        },
        {
            "throttle": 0.4359307003169799,
            "brake": 0.0,
            "steer": 0.0
        },
        {
            "throttle": 0.3923376302852819,
            "brake": 0.01815899601020597,
            "steer": 0.0
        },
        {
            "throttle": 0.35310386725675375,
            "brake": 0.034502092419391346,
            "steer": 0.0
        },
        {
            "throttle": 0.31779348053107837,
            "brake": 0.04921087918765818,
            "steer": 0.0
        },
        {
            "throttle": 0.28601413247797053,
            "brake": 0.06244878727909833,
            "steer": 0.0
        },
        {
            "throttle": 0.2574127192301735,
            "brake": 0.07436290456139447,
            "steer": 0.0
        },
        {
            "throttle": 0.23167144730715616,
            "brake": 0.085085610115461,
            "steer": 0.0
        },
        {
            "throttle": 0.20850430257644056,
            "brake": 0.09473604511412087,
            "steer": 0.0
        },
        {
            "throttle": 0.18765387231879652,
            "brake": 0.10342143661291475,
            "steer": 0.0
        },
        {
            "throttle": 0.16888848508691687,
            "brake": 0.11123828896182925,
            "steer": 0.0
        },
        {
            "throttle": 0.15199963657822518,
            "brake": 0.1182734560758523,
            "steer": 0.0
        },
        {
            "throttle": 0.13679967292040268,
            "brake": 0.12460510647847305,
            "steer": 0.0
        },
        {
            "throttle": 0.12311970562836241,
            "brake": 0.13030359184083173,
            "steer": 0.0
        },
        {
            "throttle": 0.11080773506552617,
            "brake": 0.13543222866695453,
            "steer": 0.0
        },
        {
            "throttle": 0.09972696155897355,
            "brake": 0.14004800181046506,
            "steer": 0.0
        },
        {
            "throttle": 0.0897542654030762,
            "brake": 0.14420219763962455,
            "steer": 0.0
        },
        {
            "throttle": 0.08077883886276858,
            "brake": 0.14794097388586808,
            "steer": 0.0
        },
        {
            "throttle": 0.07270095497649173,
            "brake": 0.15130587250748723,
            "steer": 0.0
        },
        {
            "throttle": 0.07536620588845643,
            "brake": 0.1361752852567385,
            "steer": 0.0
        },
        {
            "throttle": 0.07926616457512993,
            "brake": 0.12255775673106466,
            "steer": 0.0
        },
        {
            "throttle": 0.08500440341308282,
            "brake": 0.11030198105795819,
            "steer": 0.0
        },
        {
            "throttle": 0.09305330335183425,
            "brake": 0.09927178295216237,
            "steer": 0.0
        },
        {
            "throttle": 0.10374631297025341,
            "brake": 0.08934460465694613,
            "steer": 0.0
        },
        {
            "throttle": 0.11727389647702244,
            "brake": 0.08041014419125152,
            "steer": 0.0
        },
        {
            "throttle": 0.13368337221803905,
            "brake": 0.07236912977212637,
            "steer": 0.0
        },
        {
            "throttle": 0.1528827123036722,
            "brake": 0.06513221679491374,
            "steer": 0.0
        },
        {
            "throttle": 0.1746482415016669,
            "brake": 0.058618995115422366,
            "steer": 0.0
        },
        {
            "throttle": 0.1986360436954402,
            "brake": 0.05275709560388013,
            "steer": 0.0
        },
        {
            "throttle": 0.22439676104468692,
            "brake": 0.04748138604349212,
            "steer": 0.0
        },
        {
            "throttle": 0.2513933583618898,
            "brake": 0.04273324743914291,
            "steer": 0.0
        },
        {
            "throttle": 0.2790213266616192,
            "brake": 0.03845992269522862,
            "steer": 0.0
        },
        {
            "throttle": 0.30663071843468176,
            "brake": 0.034613930425705756,
            "steer": 0.0
        },
        {
            "throttle": 0.3335493454910327,
            "brake": 0.03115253738313518,
            "steer": 0.0
        },
        {
            "throttle": 0.35910643012686305,
            "brake": 0.028037283644821664,
            "steer": 0.0
        },
        {
            "throttle": 0.3826559831419808,
            "brake": 0.0252335552803395,
            "steer": 0.0
        },
        {
            "throttle": 0.4035991883799026,
            "brake": 0.02271019975230555,
            "steer": 0.0
        },
        {
            "throttle": 0.42140510276138765,
            "brake": 0.020439179777074996,
            "steer": 0.0
        },
        {
            "throttle": 0.4356290322757566,
            "brake": 0.0183952617993675,
            "steer": 0.0
        },
        {
            "throttle": 0.44592801642349,
            "brake": 0.016555735619430748,
            "steer": 0.0
        },
        {
            "throttle": 0.4520729438580296,
            "brake": 0.014900162057487674,
            "steer": 0.0
        },
        {
            "throttle": 0.4539569275668375,
            "brake": 0.013410145851738907,
            "steer": 0.0
        },
        {
            "throttle": 0.4515996854883151,
            "brake": 0.012069131266565017,
            "steer": 0.0
        },
        {
            "throttle": 0.4451477982301827,
            "brake": 0.010862218139908515,
            "steer": 0.0
        },
        {
            "throttle": 0.43487084552485095,
            "brake": 0.009775996325917665,
            "steer": 0.0
        },
        {
            "throttle": 0.42115355308445485,
            "brake": 0.008798396693325898,
            "steer": 0.0
        },
        {
            "throttle": 0.40448420745824354,
            "brake": 0.007918557023993309,
            "steer": 0.0
        },
        {
            "throttle": 0.38543971433461816,
            "brake": 0.007126701321593978,
            "steer": 0.0
        },
        {
            "throttle": 0.3646677817144641,
            "brake": 0.006414031189434581,
            "steer": 0.0
        },
        {
            "throttle": 0.34286680013445114,
            "brake": 0.005772628070491123,
            "steer": 0.0
        },
        {
            "throttle": 0.32076406474662467,
            "brake": 0.005195365263442011,
            "steer": 0.0
        },
        {
            "throttle": 0.2990930362486805,
            "brake": 0.00467582873709781,
            "steer": 0.0
        },
        {
            "throttle": 0.27857036774301186,
            "brake": 0.004208245863388029,
            "steer": 0.0
        },
        {
            "throttle": 0.25987343162038945,
            "brake": 0.003787421277049226,
            "steer": 0.0
        },
        {
            "throttle": 0.24361906428820115,
            "brake": 0.0034086791493443034,
            "steer": 0.0
        },
        {
            "throttle": 0.2303442075066916,
            "brake": 0.003067811234409873,
            "steer": 0.0
        },
        {
            "throttle": 0.22048906449736225,
            "brake": 0.002761030110968886,
            "steer": 0.0
        },
        {
            "throttle": 0.21438330876856337,
            "brake": 0.0024849270998719974,
            "steer": 0.0
        },
        {
            "throttle": 0.21223578631131998,
            "brake": 0.002236434389884798,
            "steer": 0.0
        },
        {
            "throttle": 0.21412804054359913,
            "brake": 0.0020127909508963183,
            "steer": 0.0
        },
        {
            "throttle": 0.22001186765834455,
            "brake": 0.0018115118558066864,
            "steer": 0.0
        },
        {
            "throttle": 0.22971098172684293,
            "brake": 0.0016303606702260179,
            "steer": 0.0
        },
        {
            "throttle": 0.24292673810095125,
            "brake": 0.0014673246032034161,
            "steer": 0.0
        },
        {
            "throttle": 0.25924773450180505,
            "brake": 0.0013205921428830745,
            "steer": 0.0
        },
        {
            "throttle": 0.27816298578292026,
            "brake": 0.001188532928594767,
            "steer": 0.0
        },
        {
            "throttle": 0.2990782546333429,
            "brake": 0.0010696796357352904,
            "steer": 0.0
        },
        {
            "throttle": 0.321335020055463,
            "brake": 0.0009627116721617614,
            "steer": 0.0
        },
        {
            "throttle": 0.34423148150366717,
            "brake": 0.0008664405049455852,
            "steer": 0.0
        },
        {
            "throttle": 0.36704493177171577,
            "brake": 0.0007797964544510267,
            "steer": 0.0
        },
        {
            "throttle": 0.3890547881274725,
            "brake": 0.0007018168090059241,
            "steer": 0.0
        },
        {
            "throttle": 0.4095655501981752,
            "brake": 0.0006316351281053316,
            "steer": 0.0
        },
        {
            "throttle": 0.4279289553744491,
            "brake": 0.0005684716152947985,
            "steer": 0.0
        },
        {
            "throttle": 0.4435646279540165,
            "brake": 0.0005116244537653186,
            "steer": 0.0
        },
        {
            "throttle": 0.4559785660768107,
            "brake": 0.00046046200838878676,
            "steer": 0.0
        },
        {
            "throttle": 0.4647788791908933,
            "brake": 0.0004144158075499081,
            "steer": 0.0
        },
        {
            "throttle": 0.4696882761492032,
            "brake": 0.0003729742267949173,
            "steer": 0.0
        },
        {
            "throttle": 0.47055290729316746,
            "brake": 0.0003356768041154256,
            "steer": 0.0
        },
        {
            "throttle": 0.46734727974778983,
            "brake": 0.000302109123703883,
            "steer": 0.0
        },
        {
            "throttle": 0.4601750899503006,
            "brake": 0.0002718982113334947,
            "steer": 0.0
        },
        {
            "throttle": 0.449265947193305,
            "brake": 0.00024470839020014525,
            "steer": 0.0
        },
        {
            "throttle": 0.43496809255842694,
            "brake": 0.00022023755118013072,
            "steer": 0.0
        },
        {
            "throttle": 0.4177373448959776,
            "brake": 0.00019821379606211765,
            "steer": 0.0
        },
        {
            "throttle": 0.39812262542387716,
            "brake": 0.0001783924164559059,
            "steer": 0.0
        },
        {
            "throttle": 0.376748521262666,
            "brake": 0.0001605531748103153,
            "steer": 0.0
        },
        {
            "throttle": 0.3542954423359243,
            "brake": 0.0001444978573292838,
            "steer": 0.0
        },
        {
            "throttle": 0.3314780025548871,
            "brake": 0.0001300480715963554,
            "steer": 0.0
        },
        {
            "throttle": 0.30902231264081537,
            "brake": 0.00011704326443671986,
            "steer": 0.0
        },
        {
            "throttle": 0.287642906524633,
            "brake": 0.00010533893799304787,
            "steer": 0.0
        },
        {
            "throttle": 0.268020034900881,
            "brake": 9.480504419374309e-05,
            "steer": 0.0
        },
        {
            "throttle": 0.25077804783212215,
            "brake": 8.532453977436878e-05,
            "steer": 0.0
        },
        {
            "throttle": 0.23646555367175756,
            "brake": 7.67920857969319e-05,
            "steer": 0.0
        },
        {
            "throttle": 0.22553798509849157,
            "brake": 6.911287721723872e-05,
            "steer": 0.0
        },
        {
            "throttle": 0.21834312652957671,
            "brake": 6.220158949551484e-05,
            "steer": 0.0
        },
        {
            "throttle": 0.21511006303508032,
            "brake": 5.598143054596336e-05,
            "steer": 0.0
        },
        {
            "throttle": 0.21594190210442302,
            "brake": 5.0383287491367025e-05,
            "steer": 0.0
        },
        {
            "throttle": 0.22081249967698205,
            "brake": 4.5344958742230325e-05,
            "steer": 0.0
        },
        {
            "throttle": 0.22956729455329852,
            "brake": 4.081046286800729e-05,
            "steer": 0.0
        },
        {
            "throttle": 0.24192822469889522,
            "brake": 3.672941658120656e-05,
            "steer": 0.0
        },
        {
            "throttle": 0.2575025691906076,
            "brake": 3.305647492308591e-05,
            "steer": 0.0
        },
        {
            "throttle": 0.27579543476059837,
            "brake": 2.975082743077732e-05,
            "steer": 0.0
        },
        {
            "throttle": 0.29622549003289894,
            "brake": 2.6775744687699588e-05,
            "steer": 0.0
        },
        {
            "throttle": 0.31814344730442806,
            "brake": 2.4098170218929628e-05,
            "steer": 0.0
        },
        {
            "throttle": 0.34085270437890997,
            "brake": 2.1688353197036667e-05,
            "steer": 0.0
        },
        {
            "throttle": 0.3636314902944766,
            "brake": 1.9519517877333e-05,
            "steer": 0.0
        },
        {
            "throttle": 0.38575581097682105,
            "brake": 1.7567566089599702e-05,
            "steer": 0.0
        },
        {
            "throttle": 0.40652246541934045,
            "brake": 1.581080948063973e-05,
            "steer": 0.0
        },
        {
            "throttle": 0.4252714007481514,
            "brake": 1.4229728532575759e-05,
            "steer": 0.0
        },
        {
            "throttle": 0.4414066955444758,
            "brake": 1.2806755679318183e-05,
            "steer": 0.0
        },
        {
            "throttle": 0.4544155044016413,
            "brake": 1.1526080111386366e-05,
            "steer": 0.0
        },
        {
            "throttle": 0.46388436150265844,
            "brake": 1.037347210024773e-05,
            "steer": 0.0
        },
        {
            "throttle": 0.4695123249568223,
            "brake": 9.336124890222957e-06,
            "steer": 0.0
        },
        {
            "throttle": 0.47112054406128406,
            "brake": 8.402512401200661e-06,
            "steer": 0.0
        },
        {
            "throttle": 0.4686579453635645,
            "brake": 7.562261161080596e-06,
            "steer": 0.0
        },
        {
            "throttle": 0.4622028567788278,
            "brake": 6.806035044972536e-06,
            "steer": 0.0
        },
        {
            "throttle": 0.45196051813935756,
            "brake": 6.125431540475283e-06,
            "steer": 0.0
        },
        {
            "throttle": 0.4382565573183871,
            "brake": 5.512888386427755e-06,
            "steer": 0.0
        },
        {
            "throttle": 0.42152663931937473,
            "brake": 4.9615995477849795e-06,
            "steer": 0.0
        },
        {
            "throttle": 0.4023026173780989,
            "brake": 4.465439593006482e-06,
            "steer": 0.0
        },
        {
            "throttle": 0.38119562632126414,
            "brake": 4.018895633705834e-06,
            "steer": 0.0
        },
        {
            "throttle": 0.35887665562685794,
            "brake": 3.6170060703352506e-06,
            "steer": 0.0
        },
        {
            "throttle": 0.3360552197483578,
            "brake": 3.2553054633017254e-06,
            "steer": 0.0
        },
        {
            "throttle": 0.3134568037502303,
            "brake": 2.929774916971553e-06,
            "steer": 0.0
        },
        {
            "throttle": 0.29179980123323895,
            "brake": 2.6367974252743978e-06,
            "steer": 0.0
        },
        {
            "throttle": 0.2717726776673015,
            "brake": 2.373117682746958e-06,
            "steer": 0.0
        },
        {
            "throttle": 0.25401208508396783,
            "brake": 2.135805914472262e-06,
            "steer": 0.0
        },
        {
            "throttle": 0.23908262383780576,
            "brake": 1.922225323025036e-06,
            "steer": 0.0
        },
        {
            "throttle": 0.22745889478746983,
            "brake": 1.7300027907225324e-06,
            "steer": 0.0
        },
        {
            "throttle": 0.21951041243739178,
            "brake": 1.5570025116502792e-06,
            "steer": 0.0
        },
        {
            "throttle": 0.2154898586344108,
            "brake": 1.4013022604852514e-06,
            "steer": 0.0
        },
        {
            "throttle": 0.21552505022133492,
            "brake": 1.2611720344367262e-06,
            "steer": 0.0
        },
        {
            "throttle": 0.2196148759871158,
            "brake": 1.1350548309930536e-06,
            "steer": 0.0
        },
        {
            "throttle": 0.22762933207408528,
            "brake": 1.0215493478937483e-06,
            "steer": 0.0
        },
        {
            "throttle": 0.23931365471762472,
            "brake": 9.193944131043735e-07,
            "steer": 0.0
        },
        {
            "throttle": 0.25429641894432264,
            "brake": 8.274549717939362e-07,
            "steer": 0.0
        },
        {
            "throttle": 0.272101345781587,
            "brake": 7.447094746145426e-07,
            "steer": 0.0
        },
        {
            "throttle": 0.2921624426425272,
            "brake": 6.702385271530883e-07,
            "steer": 0.0
        },
        {
            "throttle": 0.3138419955922583,
            "brake": 6.032146744377795e-07,
            "steer": 0.0
        },
        {
            "throttle": 0.3364508415438713,
            "brake": 5.428932069940016e-07,
            "steer": 0.0
        },
        {
            "throttle": 0.35927027595606253,
            "brake": 4.886038862946014e-07,
            "steer": 0.0
        },
        {
            "throttle": 0.38157489961375435,
            "brake": 4.397434976651413e-07,
            "steer": 0.0
        },
        {
            "throttle": 0.402655678220686,
            "brake": 3.9576914789862713e-07,
            "steer": 0.0
        },
        {
            "throttle": 0.4218424817678811,
            "brake": 3.5619223310876445e-07,
            "steer": 0.0
        },
        {
            "throttle": 0.43852538717915385,
            "brake": 3.20573009797888e-07,
            "steer": 0.0
        },
        {
            "throttle": 0.45217406704870716,
            "brake": 2.8851570881809924e-07,
            "steer": 0.0
        },
        {
            "throttle": 0.4623546481266538,
            "brake": 2.596641379362893e-07,
            "steer": 0.0
        },
        {
            "throttle": 0.46874350364190887,
            "brake": 2.336977241426604e-07,
            "steer": 0.0
        },
        {
            "throttle": 0.471137541021465,
            "brake": 2.1032795172839437e-07,
            "steer": 0.0
        },
        {
            "throttle": 0.46946065797213443,
            "brake": 1.8929515655555495e-07,
            "steer": 0.0
        },
        {
            "throttle": 0.4637661616939293,
            "brake": 1.7036564089999945e-07,
            "steer": 0.0
        },
        {
            "throttle": 0.4542350743213777,
            "brake": 1.533290768099995e-07,
            "steer": 0.0
        },
        {
            "throttle": 0.4411703784608774,
            "brake": 1.3799616912899956e-07,
            "steer": 0.0
        },
        {
            "throttle": 0.4249873857515938,
            "brake": 1.241965522160996e-07,
            "steer": 0.0
        },
        {
            "throttle": 0.4062005346217695,
            "brake": 1.1177689699448965e-07,
            "steer": 0.0
        },
        {
            "throttle": 0.3854070369238463,
            "brake": 1.0059920729504068e-07,
            "steer": 0.0
        },
        {
            "throttle": 0.36326789330210457,
            "brake": 9.053928656553661e-08,
            "steer": 0.0
        },
        {
            "throttle": 0.34048688079131745,
            "brake": 8.148535790898295e-08,
            "steer": 0.0
        }
    ],
    "parameters": {
        "fog_density": 0.3757270617924391,
        "precipitation": 62.12210242458504,
        "precipitation_deposits": 11.856854973737285,
        "wind_intensity": 21.63617456996937,
        "sun_altitude_angle": 88.69180486238041,
        "cloudiness": 20.813987005259417,
        "lead_base_throttle": 0.3430763687449435,
        "lead_behavior_frequency": 0.28414107774272795,
        "lead_throttle_variation": 0.25166435698785045,
        "lead_brake_probability": 0.07878092183225395,
        "lead_brake_intensity": 0.18158996010205972,
        "lead_brake_duration": 17.664454165193135,
        "initial_distance": 71.48654088778338,
        "initial_ego_velocity": 11.849290365896167,
        "initial_lead_velocity": 12.823374278838154
    },
    "config": {
        "num_timesteps": 200,
        "dt": 0.1,
        "seed": 85
    }
}