{
    "weather": {
        "cloudiness": 46.27640997306505,
        "precipitation": 26.48619706800437,
        "precipitation_deposits": 33.02272127577125,
        "wind_intensity": 32.82098443143357,
        "sun_altitude_angle": -27.437185396601652,
        "fog_density": 43.17521711323647,
        "fog_distance": 237.1235646754342,
        "wetness": 13.243098534002185
    },
    "initial_conditions": {
        "ego": {
            "position": {
                "x": 519.4381669726729,
                "y": 20.57,
                "z": 0.294
            },
            "yaw": 0.0,
            "velocity": 5.489660118611147
        },
        "lead": {
            "position": {
                "x": 484.88,
                "y": 20.57,
                "z": 0.294
            },
            "yaw": 0.0,
            "velocity": 15.070470834897593
        }
    },
    "ego": {
        "position": {
            "x": 519.4381669726729,
            "y": 20.57,
            "z": 0.294
        },
        "yaw": 0.0,
        "velocity": 5.489660118611147
    },
    "lead": {
        "position": {
            "x": 484.88,
            "y": 20.57,
            "z": 0.294
        },
        "yaw": 0.0,
        "velocity": 15.070470834897593
    },
    "ado_actions": [
        {
            "throttle": 0.42303792149479097,
            "brake": 0.0,
            "steer": 0.0
        },
        {
            "throttle": 0.4247072145466501,
            "brake": 0.0,
            "steer": 0.0
        },
        {
            "throttle": 0.42786118256412126,
            "brake": 0.0,
            "steer": 0.0
        },
        {
            "throttle": 0.4323161679289316,
            "brake": 0.0,
            "steer": 0.0
        },
        {
            "throttle": 0.43788975033858135,
            "brake": 0.0,
            "steer": 0.0
        },
        {
            "throttle": 0.44440117747214425,
            "brake": 0.0,
            "steer": 0.0
        },
        {
            "throttle": 0.45167192821755886,
            "brake": 0.0,
            "steer": 0.0
        },
        {
            "throttle": 0.45952638746849533,
            "brake": 0.0,
            "steer": 0.0
        },
        {
            "throttle": 0.4677926118189922,
            "brake": 0.0,
            "steer": 0.0
        },
        {
            "throttle": 0.4763031658729792,
            "brake": 0.0,
            "steer": 0.0
        },
        {
            "throttle": 0.48489600935444255,
            "brake": 0.0,
            "steer": 0.0
        },
        {
            "throttle": 0.4934154157608978,
            "brake": 0.0,
            "steer": 0.0
        },
        {
            "throttle": 0.5017129039542878,
            "brake": 0.0,
            "steer": 0.0
        },
        {
            "throttle": 0.5096481648334598,
            "brake": 0.0,
            "steer": 0.0
        },
        {
            "throttle": 0.5170899660829124,
            "brake": 0.0,
            "steer": 0.0
        },
        {
            "throttle": 0.5239170189433959,
            "brake": 0.0,
            "steer": 0.0
        },
        {
            "throttle": 0.5300187919991053,
            "brake": 0.0,
            "steer": 0.0
        },
        {
            "throttle": 0.5352962581196936,
            "brake": 0.0,
            "steer": 0.0
        },
        {
            "throttle": 0.5396625619275068,
            "brake": 0.0,
            "steer": 0.0
        },
        {
            "throttle": 0.5430435964740569,
            "brake": 0.0,
            "steer": 0.0
        },
        {
            "throttle": 0.5453784791961335,
            "brake": 0.0,
            "steer": 0.0
        },
        {
            "throttle": 0.5466199186711254,
            "brake": 0.0,
            "steer": 0.0
        },
        {
            "throttle": 0.5467344651919698,
            "brake": 0.0,
            "steer": 0.0
        },
        {
            "throttle": 0.545702639722584,
            "brake": 0.0,
            "steer": 0.0
        },
        {
            "throttle": 0.5435189373617744,
            "brake": 0.0,
            "steer": 0.0
        },
        {
            "throttle": 0.5401917030239498,
            "brake": 0.0,
            "steer": 0.0
        },
        {
            "throttle": 0.5357428786245285,
            "brake": 0.0,
            "steer": 0.0
        },
        {
            "throttle": 0.530207622622479,
            "brake": 0.0,
            "steer": 0.0
        },
        {
            "throttle": 0.523633804307672,
            "brake": 0.0,
            "steer": 0.0
        },
        {
            "throttle": 0.516081376712376,
            "brake": 0.0,
            "steer": 0.0
        },
        {
            "throttle": 0.5076216334603485,
            "brake": 0.0,
            "steer": 0.0
        },
        {
            "throttle": 0.4983363562299937,
            "brake": 0.0,
            "steer": 0.0
        },
        {
            "throttle": 0.48831686078700653,
            "brake": 0.0,
            "steer": 0.0
        },
        {
            "throttle": 0.47766295072459697,
            "brake": 0.0,
            "steer": 0.0
        },
        {
            "throttle": 0.46648178912443955,
            "brake": 0.0,
            "steer": 0.0
        },
        {
            "throttle": 0.45488669930861253,
            "brake": 0.0,
            "steer": 0.0
        },
        {
            "throttle": 0.4429959066828113,
            "brake": 0.0,
            "steer": 0.0
        },
        {
            "throttle": 0.430931234366113,
            "brake": 0.0,
            "steer": 0.0
        },
        {
            "throttle": 0.4188167658559602,
            "brake": 0.0,
            "steer": 0.0
        },
        {
            "throttle": 0.4067774883836653,
            "brake": 0.0,
            "steer": 0.0
        },
        {
            "throttle": 0.39493793087193435,
            "brake": 0.0,
            "steer": 0.0
        },
        {
            "throttle": 0.3834208105095416,
            "brake": 0.0,
            "steer": 0.0
        },
        {
            "throttle": 0.37234570190875393,
            "brake": 0.0,
            "steer": 0.0
        },
        {
            "throttle": 0.36182774260941525,
            "brake": 0.0,
            "steer": 0.0
        },
        {
            "throttle": 0.3519763883422939,
            "brake": 0.0,
            "steer": 0.0
        },
        {
            "throttle": 0.34289423096748145,
            "brake": 0.0,
            "steer": 0.0
        },
        {
            "throttle": 0.33467589136690606,
            "brake": 0.0,
            "steer": 0.0
        },
        {
            "throttle": 0.3274069988004386,
            "brake": 0.0,
            "steer": 0.0
        },
        {
            "throttle": 0.3211632673410612,
            "brake": 0.0,
            "steer": 0.0
        },
        {
            "throttle": 0.31600967899584653,
            "brake": 0.0,
            "steer": 0.0
        },
        {
            "throttle": 0.3119997820069798,
            "brake": 0.0,
            "steer": 0.0
        },
        {
            "throttle": 0.30917511162273137,
            "brake": 0.0,
            "steer": 0.0
        },
        {
            "throttle": 0.30756473934509476,
            "brake": 0.0,
            "steer": 0.0
        },
        {
            "throttle": 0.307184955312506,
            "brake": 0.0,
            "steer": 0.0
        },
        {
            "throttle": 0.3080390870770866,
            "brake": 0.0,
            "steer": 0.0
        },
        {
            "throttle": 0.31011745660115875,
            "brake": 0.0,
            "steer": 0.0
        },
        {
            "throttle": 0.3133974758426905,
            "brake": 0.0,
            "steer": 0.0
        },
        {
            "throttle": 0.31784387983936546,
            "brake": 0.0,
            "steer": 0.0
        },
        {
            "throttle": 0.32340909475169843,
            "brake": 0.0,
            "steer": 0.0
        },
        {
            "throttle": 0.33003373690248605,
            "brake": 0.0,
            "steer": 0.0
        },
        {
            "throttle": 0.33764723746804054,
            "brake": 0.0,
            "steer": 0.0
        },
        {
            "throttle": 0.3461685861508205,
            "brake": 0.0,
            "steer": 0.0
        },
        {
            "throttle": 0.3555071859073598,
            "brake": 0.0,
            "steer": 0.0
        },
        {
            "throttle": 0.36556380963316026,
            "brake": 0.0,
            "steer": 0.0
        },
        {
            "throttle": 0.37623164862993685,
            "brake": 0.0,
            "steer": 0.0
        },
        {
            "throttle": 0.3873974417117271,
            "brake": 0.0,
            "steer": 0.0
        },
        {
            "throttle": 0.3989426729552157,
            "brake": 0.0,
            "steer": 0.0
        },
        {
            "throttle": 0.41074482537523177,
            "brake": 0.0,
            "steer": 0.0
        },
        {
            "throttle": 0.4226786772164591,
            "brake": 0.0,
            "steer": 0.0
        },
        {
            "throttle": 0.43461762710324636,
            "brake": 0.0,
            "steer": 0.0
        },
        {
            "throttle": 0.4464350339857928,
            "brake": 0.0,
            "steer": 0.0
        },
        {
            "throttle": 0.4580055576661616,
            "brake": 0.0,
            "steer": 0.0
        },
        {
            "throttle": 0.4692064856832015,
            "brake": 0.0,
            "steer": 0.0
        },
        {
            "throttle": 0.47991903248160084,
            "brake": 0.0,
            "steer": 0.0
        },
        {
            "throttle": 0.490029597085423,
            "brake": 0.0,
            "steer": 0.0
        },
        {
            "throttle": 0.49943096593747704,
            "brake": 0.0,
            "steer": 0.0
        },
        {
            "throttle": 0.5080234481480923,
            "brake": 0.0,
            "steer": 0.0
        },
        {
            "throttle": 0.515715931114139,
            "brake": 0.0,
            "steer": 0.0
        },
        {
            "throttle": 0.5224268453138831,
            "brake": 0.0,
            "steer": 0.0
        },
        {
            "throttle": 0.5280850280465326,
            "brake": 0.0,
            "steer": 0.0
        },
        {
            "throttle": 0.5326304769569372,
            "brake": 0.0,
            "steer": 0.0
        },
        {
            "throttle": 0.5360149853544875,
            "brake": 0.0,
            "steer": 0.0
        },
        {
            "throttle": 0.5382026525884526,
            "brake": 0.0,
            "steer": 0.0
        },
        {
            "throttle": 0.5391702640665272,
            "brake": 0.0,
            "steer": 0.0
        },
        {
            "throttle": 0.538907536885192,
            "brake": 0.0,
            "steer": 0.0
        },
        {
            "throttle": 0.5374172284649938,
            "brake": 0.0,
            "steer": 0.0
        },
        {
            "throttle": 0.5347151070359408,
            "brake": 0.0,
            "steer": 0.0
        },
        {
            "throttle": 0.5308297842824801,
            "brake": 0.0,
            "steer": 0.0
        },
        {
            "throttle": 0.5258024119184961,
            "brake": 0.0,
            "steer": 0.0
        },
        {
            "throttle": 0.5196862454049338,
            "brake": 0.0,
            "steer": 0.0
        },
        {
            "throttle": 0.512546079430751,
            "brake": 0.0,
            "steer": 0.0
        },
        {
            "throttle": 0.5044575611370125,
            "brake": 0.0,
            "steer": 0.0
        },
        {
            "throttle": 0.49550638835965577,
            "brake": 0.0,
            "steer": 0.0
        },
        {
            "throttle": 0.48578740138506327,
            "brake": 0.0,
            "steer": 0.0
        },
        {
            "throttle": 0.47540357784114384,
            "brake": 0.0,
            "steer": 0.0
        },
        {
            "throttle": 0.4644649413732208,
            "brake": 0.0,
            "steer": 0.0
        },
        {
            "throttle": 0.45308739566774525,
            "brake": 0.0,
            "steer": 0.0
        },
        {
            "throttle": 0.4413914961780413,
            "brake": 0.0,
            "steer": 0.0
        },
        {
            "throttle": 0.4295011725665469,
            "brake": 0.0,
            "steer": 0.0
        },
        {
            "throttle": 0.41754241540035403,
            "brake": 0.0,
            "steer": 0.0
        },
        {
            "throttle": 0.4056419410157367,
            "brake": 0.0,
            "steer": 0.0
        },
        {
            "throttle": 0.3939258486987726,
            "brake": 0.0,
            "steer": 0.0
        },
        {
            "throttle": 0.3825182844106631,
            "brake": 0.0,
            "steer": 0.0
        },
        {
            "throttle": 0.3715401252170708,
            "brake": 0.0,
            "steer": 0.0
        },
        {
            "throttle": 0.3611076983614654,
            "brake": 0.0,
            "steer": 0.0
        },
        {
            "throttle": 0.35133154855541326,
            "brake": 0.0,
            "steer": 0.0
        },
        {
            "throttle": 0.34231526654786343,
            "brake": 0.0,
            "steer": 0.0
        },
        {
            "throttle": 0.3341543913861778,
            "brake": 0.0,
            "steer": 0.0
        },
        {
            "throttle": 0.32693539800081556,
            "brake": 0.0,
            "steer": 0.0
        },
        {
            "throttle": 0.294241858200734,
            "brake": 0.043796231178971703,
            "steer": 0.0
        },
        {
            "throttle": 0.2648176723806606,
            "brake": 0.08321283924004624,
            "steer": 0.0
        },
        {
            "throttle": 0.23833590514259456,
            "brake": 0.11868778649501333,
            "steer": 0.0
        },
        {
            "throttle": 0.2145023146283351,
            "brake": 0.1506152390244837,
            "steer": 0.0
        },
        {
            "throttle": 0.1930520831655016,
            "brake": 0.17934994630100703,
            "steer": 0.0
        },
        {
            "throttle": 0.17374687484895143,
            "brake": 0.20521118284987805,
            "steer": 0.0
        },
        {
            "throttle": 0.15637218736405628,
            "brake": 0.22848629574386198,
            "steer": 0.0
        },
        {
            "throttle": 0.14073496862765067,
            "brake": 0.2494338973484475,
            "steer": 0.0
        },
        {
            "throttle": 0.1266614717648856,
            "brake": 0.2682867387925745,
            "steer": 0.0
        },
        {
            "throttle": 0.11399532458839703,
            "brake": 0.28525429609228875,
            "steer": 0.0
        },
        {
            "throttle": 0.10259579212955733,
            "brake": 0.30052509766203156,
            "steer": 0.0
        },
        {
            "throttle": 0.0923362129166016,
            "brake": 0.3142688190748001,
            "steer": 0.0
        },
        {
            "throttle": 0.08310259162494145,
            "brake": 0.3266381683462918,
            "steer": 0.0
        },
        {
            "throttle": 0.0747923324624473,
            "brake": 0.3377705826906343,
            "steer": 0.0
        },
        {
            "throttle": 0.06731309921620257,
            "brake": 0.3477897556005426,
            "steer": 0.0
        },
        {
            "throttle": 0.10617178052144188,
            "brake": 0.3130107800404883,
            "steer": 0.0
        },
        {
            "throttle": 0.14276193290870287,
            "brake": 0.2817097020364395,
            "steer": 0.0
        },
        {
            "throttle": 0.1772584485819106,
            "brake": 0.25353873183279557,
            "steer": 0.0
        },
        {
            "throttle": 0.2098021428811218,
            "brake": 0.22818485864951601,
            "steer": 0.0
        },
        {
            "throttle": 0.24050388834611922,
            "brake": 0.2053663727845644,
            "steer": 0.0
        },
        {
            "throttle": 0.2694485034486681,
            "brake": 0.18482973550610796,
            "steer": 0.0
        },
        {
            "throttle": 0.29669841104844386,
            "brake": 0.16634676195549716,
            "steer": 0.0
        },
        {
            "throttle": 0.3222970784415532,
            "brake": 0.14971208575994746,
            "steer": 0.0
        },
        {
            "throttle": 0.3462722481213428,
            "brake": 0.13474087718395272,
            "steer": 0.0
        },
        {
            "throttle": 0.36863896603167795,
            "brake": 0.12126678946555745,
            "steer": 0.0
        },
        {
            "throttle": 0.38940241213724397,
            "brake": 0.10914011051900172,
            "steer": 0.0
        },
        {
            "throttle": 0.40856053653881846,
            "brake": 0.09822609946710155,
            "steer": 0.0
        },
        {
            "throttle": 0.42610650309979115,
            "brake": 0.0884034895203914,
            "steer": 0.0
        },
        {
            "throttle": 0.4420309415999224,
            "brake": 0.07956314056835226,
            "steer": 0.0
        },
        {
            "throttle": 0.4563240087702813,
            "brake": 0.07160682651151704,
            "steer": 0.0
        },
        {
            "throttle": 0.4689772581666032,
            "brake": 0.06444614386036533,
            "steer": 0.0
        },
        {
            "throttle": 0.47998531868425004,
            "brake": 0.0580015294743288,
            "steer": 0.0
        },
        {
            "throttle": 0.4893473815839561,
            "brake": 0.05220137652689592,
            "steer": 0.0
        },
        {
            "throttle": 0.49706849616110277,
            "brake": 0.046981238874206334,
            "steer": 0.0
        },
        {
            "throttle": 0.503160674629977,
            "brake": 0.0422831149867857,
            "steer": 0.0
        },
        {
            "throttle": 0.5076438073860229,
            "brake": 0.03805480348810713,
            "steer": 0.0
        },
        {
            "throttle": 0.510546390531341,
            "brake": 0.03424932313929642,
            "steer": 0.0
        },
        {
            "throttle": 0.5119060683796658,
            "brake": 0.03082439082536678,
            "steer": 0.0
        },
        {
            "throttle": 0.5117699945750835,
            "brake": 0.0277419517428301,
            "steer": 0.0
        },
        {
            "throttle": 0.5101950164425296,
            "brake": 0.024967756568547092,
            "steer": 0.0
        },
        {
            "throttle": 0.5072476882167767,
            "brake": 0.022470980911692383,
            "steer": 0.0
        },
        {
            "throttle": 0.5030041198499046,
            "brake": 0.020223882820523145,
            "steer": 0.0
        },
        {
            "throttle": 0.49754966915553145,
            "brake": 0.01820149453847083,
            "steer": 0.0
        },
        {
            "throttle": 0.49097848609256267,
            "brake": 0.016381345084623748,
            "steer": 0.0
        },
        {
            "throttle": 0.48339291900397263,
            "brake": 0.014743210576161373,
            "steer": 0.0
        },
        {
            "throttle": 0.4749027935902907,
            "brake": 0.013268889518545237,
            "steer": 0.0
        },
        {
            "throttle": 0.46562457629725396,
            "brake": 0.011942000566690713,
            "steer": 0.0
        },
        {
            "throttle": 0.4556804346179965,
            "brake": 0.010747800510021641,
            "steer": 0.0
        },
        {
            "throttle": 0.4451972075389836,
            "brake": 0.009673020459019478,
            "steer": 0.0
        },
        {
            "throttle": 0.4343052999839031,
            "brake": 0.008705718413117531,
            "steer": 0.0
        },
        {
            "throttle": 0.4231375156206407,
            "brake": 0.007835146571805778,
            "steer": 0.0
        },
        {
            "throttle": 0.41182784278460316,
            "brake": 0.0070516319146252,
            "steer": 0.0
        },
        {
            "throttle": 0.40051020852995706,
            "brake": 0.00634646872316268,
            "steer": 0.0
        },
        {
            "throttle": 0.3893172159434341,
            "brake": 0.005711821850846412,
            "steer": 0.0
        },
        {
            "throttle": 0.3783788798395265,
            "brake": 0.005140639665761771,
            "steer": 0.0
        },
        {
            "throttle": 0.3678213757991786,
            "brake": 0.004626575699185594,
            "steer": 0.0
        },
        {
            "throttle": 0.35776581721620676,
            "brake": 0.0041639181292670345,
            "steer": 0.0
        },
        {
            "throttle": 0.3483270745780574,
            "brake": 0.0037475263163403313,
            "steer": 0.0
        },
        {
            "throttle": 0.33961265063322743,
            "brake": 0.003372773684706298,
            "steer": 0.0
        },
        {
            "throttle": 0.3317216243913866,
            "brake": 0.0030354963162356682,
            "steer": 0.0
        },
        {
            "throttle": 0.32474367607018517,
            "brake": 0.0027319466846121017,
            "steer": 0.0
        },
        {
            "throttle": 0.3187582041525728,
            "brake": 0.0024587520161508916,
            "steer": 0.0
        },
        {
            "throttle": 0.3138335446592358,
            "brake": 0.0022128768145358024,
            "steer": 0.0
        },
        {
            "throttle": 0.31002630158279015,
            "brake": 0.001991589133082222,
            "steer": 0.0
        },
        {
            "throttle": 0.3073807961850692,
            "brake": 0.001792430219774,
            "steer": 0.0
        },
        {
            "throttle": 0.3059286415386847,
            "brake": 0.0016131871977966001,
            "steer": 0.0
        },
        {
            "throttle": 0.30568844731231404,
            "brake": 0.00145186847801694,
            "steer": 0.0
        },
        {
            "throttle": 0.3066656583699281,
            "brake": 0.0013066816302152462,
            "steer": 0.0
        },
        {
            "throttle": 0.30885252929200735,
            "brake": 0.0011760134671937215,
            "steer": 0.0
        },
        {
            "throttle": 0.31222823544671374,
            "brake": 0.0010584121204743494,
            "steer": 0.0
        },
        {
            "throttle": 0.31675911975622534,
            "brake": 0.0009525709084269144,
            "steer": 0.0
        },
        {
            "throttle": 0.3223990728333199,
            "brake": 0.000857313817584223,
            "steer": 0.0
        },
        {
            "throttle": 0.3290900427210303,
            "brake": 0.0007715824358258007,
            "steer": 0.0
        },
        {
            "throttle": 0.3367626690687494,
            "brake": 0.0006944241922432207,
            "steer": 0.0
        },
        {
            "throttle": 0.3453370352360755,
            "brake": 0.0006249817730188986,
            "steer": 0.0
        },
        {
            "throttle": 0.35472353054492256,
            "brake": 0.0005624835957170087,
            "steer": 0.0
        },
        {
            "throttle": 0.36482381371419936,
            "brake": 0.0005062352361453079,
            "steer": 0.0
        },
        {
            "throttle": 0.3755318674220536,
            "brake": 0.00045561171253077714,
            "steer": 0.0
        },
        {
            "throttle": 0.38673513295962475,
            "brake": 0.00041005054127769944,
            "steer": 0.0
        },
        {
            "throttle": 0.39831571307768965,
            "brake": 0.00036904548714992953,
            "steer": 0.0
        },
        {
            "throttle": 0.4101516303924863,
            "brake": 0.00033214093843493656,
            "steer": 0.0
        },
        {
            "throttle": 0.4221181281170367,
            "brake": 0.00029892684459144293,
            "steer": 0.0
        },
        {
            "throttle": 0.43408899942566953,
            "brake": 0.00026903416013229867,
            "steer": 0.0
        },
        {
            "throttle": 0.44593793144693317,
            "brake": 0.0002421307441190688,
            "steer": 0.0
        },
        {
            "throttle": 0.4575398497168883,
            "brake": 0.00021791766970716194,
            "steer": 0.0
        },
        {
            "throttle": 0.46877224891252,
            "brake": 0.00019612590273644575,
            "steer": 0.0
        },
        {
            "throttle": 0.47951649582376094,
            "brake": 0.00017651331246280118,
            "steer": 0.0
        },
        {
            "throttle": 0.4896590908108212,
            "brake": 0.00015886198121652106,
            "steer": 0.0
        },
        {
            "throttle": 0.4990928744280613,
            "brake": 0.00014297578309486897,
            "steer": 0.0
        },
        {
            "throttle": 0.5077181664718559,
            "brake": 0.00012867820478538208,
            "steer": 0.0
        },
        {
            "throttle": 0.5154438254216167,
            "brake": 0.00011581038430684388,
            "steer": 0.0
        }
    ],
    "parameters": {
        "fog_density": 43.17521711323647,
        "precipitation": 26.48619706800437,
        "precipitation_deposits": 33.02272127577125,
        "wind_intensity": 32.82098443143357,
        "sun_altitude_angle": -27.437185396601652,
        "cloudiness": 46.27640997306505,
        "lead_base_throttle": 0.42303792149479097,
        "lead_behavior_frequency": 0.16390595401199948,
        "lead_throttle_variation": 0.1623775343810622,
        "lead_brake_probability": 0.14688421258004702,
        "lead_brake_intensity": 0.437962311789717,
        "lead_brake_duration": 15.714942394606622,
        "initial_distance": 34.55816697267286,
        "initial_ego_velocity": 5.489660118611147,
        "initial_lead_velocity": 15.070470834897593
    },
    "config": {
        "num_timesteps": 200,
        "dt": 0.1,
        "seed": 183
    }
}