{
    "weather": {
        "cloudiness": 40.208849875984455,
        "precipitation": 83.63455719731076,
        "precipitation_deposits": 94.63632388485219,
        "wind_intensity": 44.411808661968536,
        "sun_altitude_angle": 77.97032425148406,
        "fog_density": 24.05006302303316,
        "fog_distance": 448.57976386890425,
        "wetness": 41.81727859865538
    },
    "initial_conditions": {
        "ego": {
            "position": {
                "x": 503.2773499575543,
                "y": 20.57,
                "z": 0.294
            },
            "yaw": 0.0,
            "velocity": 5.475551783010274
        },
        "lead": {
            "position": {
                "x": 484.88,
                "y": 20.57,
                "z": 0.294
            },
            "yaw": 0.0,
            "velocity": 23.2634462594505
        }
    },
    "ego": {
        "position": {
            "x": 503.2773499575543,
            "y": 20.57,
            "z": 0.294
        },
        "yaw": 0.0,
        "velocity": 5.475551783010274
    },
    "lead": {
        "position": {
            "x": 484.88,
            "y": 20.57,
            "z": 0.294
        },
        "yaw": 0.0,
        "velocity": 23.2634462594505
    },
    "ado_actions": [
        {
            "throttle": 0.5769182203905084,
            "brake": 0.0,
            "steer": 0.0
        },
        {
            "throttle": 0.5792348930404043,
            "brake": 0.0,
            "steer": 0.0
        },
        {
            "throttle": 0.5836217117570983,
            "brake": 0.0,
            "steer": 0.0
        },
        {
            "throttle": 0.589842038606513,
            "brake": 0.0,
            "steer": 0.0
        },
        {
            "throttle": 0.5976683254450098,
            "brake": 0.0,
            "steer": 0.0
        },
        {
            "throttle": 0.6068814884254509,
            "brake": 0.0,
            "steer": 0.0
        },
        {
            "throttle": 0.6172704367131453,
            "brake": 0.0,
            "steer": 0.0
        },
        {
            "throttle": 0.6286317375844773,
            "brake": 0.0,
            "steer": 0.0
        },
        {
            "throttle": 0.6407694012912536,
            "brake": 0.0,
            "steer": 0.0
        },
        {
            "throttle": 0.6534947701821195,
            "brake": 0.0,
            "steer": 0.0
        },
        {
            "throttle": 0.6666264975925423,
            "brake": 0.0,
            "steer": 0.0
        },
        {
            "throttle": 0.6799906029590395,
            "brake": 0.0,
            "steer": 0.0
        },
        {
            "throttle": 0.6119915426631355,
            "brake": 0.04636073572991868,
            "steer": 0.0
        },
        {
            "throttle": 0.550792388396822,
            "brake": 0.0880853978868455,
            "steer": 0.0
        },
        {
            "throttle": 0.4957131495571398,
            "brake": 0.12563759382807962,
            "steer": 0.0
        },
        {
            "throttle": 0.4461418346014258,
            "brake": 0.15943457017519036,
            "steer": 0.0
        },
        {
            "throttle": 0.40152765114128325,
            "brake": 0.18985184888759,
            "steer": 0.0
        },
        {
            "throttle": 0.36137488602715495,
            "brake": 0.21722739972874966,
            "steer": 0.0
        },
        {
            "throttle": 0.32523739742443947,
            "brake": 0.2418653954857934,
            "steer": 0.0
        },
        {
            "throttle": 0.29271365768199553,
            "brake": 0.26403959166713276,
            "steer": 0.0
        },
        {
            "throttle": 0.263442291913796,
            "brake": 0.2839963682303382,
            "steer": 0.0
        },
        {
            "throttle": 0.23709806272241638,
            "brake": 0.30195746713722305,
            "steer": 0.0
        },
        {
            "throttle": 0.2995000993782604,
            "brake": 0.2717617204235008,
            "steer": 0.0
        },
        {
            "throttle": 0.3551296030059594,
            "brake": 0.2445855483811507,
            "steer": 0.0
        },
        {
            "throttle": 0.4044849530912966,
            "brake": 0.22012699354303564,
            "steer": 0.0
        },
        {
            "throttle": 0.44801925288384725,
            "brake": 0.19811429418873208,
            "steer": 0.0
        },
        {
            "throttle": 0.4861459750719622,
            "brake": 0.17830286476985888,
            "steer": 0.0
        },
        {
            "throttle": 0.5192440064598081,
            "brake": 0.16047257829287298,
            "steer": 0.0
        },
        {
            "throttle": 0.5476621448086572,
            "brake": 0.1444253204635857,
            "steer": 0.0
        },
        {
            "throttle": 0.5717230959665688,
            "brake": 0.12998278841722713,
            "steer": 0.0
        },
        {
            "throttle": 0.5917270149190677,
            "brake": 0.11698450957550442,
            "steer": 0.0
        },
        {
            "throttle": 0.6079546303917015,
            "brake": 0.10528605861795398,
            "steer": 0.0
        },
        {
            "throttle": 0.6206699890721459,
            "brake": 0.09475745275615859,
            "steer": 0.0
        },
        {
            "throttle": 0.6301228523484004,
            "brake": 0.08528170748054273,
            "steer": 0.0
        },
        {
            "throttle": 0.6365507756385917,
            "brake": 0.07675353673248846,
            "steer": 0.0
        },
        {
            "throttle": 0.640180897878943,
            "brake": 0.06907818305923961,
            "steer": 0.0
        },
        {
            "throttle": 0.6412314665051797,
            "brake": 0.06217036475331565,
            "steer": 0.0
        },
        {
            "throttle": 0.6399131212778943,
            "brake": 0.05595332827798409,
            "steer": 0.0
        },
        {
            "throttle": 0.6364299585359945,
            "brake": 0.05035799545018568,
            "steer": 0.0
        },
        {
            "throttle": 0.6309803958888427,
            "brake": 0.04532219590516712,
            "steer": 0.0
        },
        {
            "throttle": 0.6237578559540207,
            "brake": 0.04078997631465041,
            "steer": 0.0
        },
        {
            "throttle": 0.6149512864929865,
            "brake": 0.03671097868318537,
            "steer": 0.0
        },
        {
            "throttle": 0.6047455331724736,
            "brake": 0.033039880814866834,
            "steer": 0.0
        },
        {
            "throttle": 0.5933215801683436,
            "brake": 0.02973589273338015,
            "steer": 0.0
        },
        {
            "throttle": 0.5808566729155109,
            "brake": 0.026762303460042138,
            "steer": 0.0
        },
        {
            "throttle": 0.567524336478795,
            "brake": 0.024086073114037924,
            "steer": 0.0
        },
        {
            "throttle": 0.5534943022628326,
            "brake": 0.021677465802634133,
            "steer": 0.0
        },
        {
            "throttle": 0.538932355083507,
            "brake": 0.01950971922237072,
            "steer": 0.0
        },
        {
            "throttle": 0.5240001119789208,
            "brake": 0.01755874730013365,
            "steer": 0.0
        },
        {
            "throttle": 0.5088547435360544,
            "brake": 0.015802872570120287,
            "steer": 0.0
        },
        {
            "throttle": 0.4936486479422192,
            "brake": 0.01422258531310826,
            "steer": 0.0
        },
        {
            "throttle": 0.4785290874314727,
            "brake": 0.012800326781797433,
            "steer": 0.0
        },
        {
            "throttle": 0.46363779627941626,
            "brake": 0.01152029410361769,
            "steer": 0.0
        },
        {
            "throttle": 0.4491105690001265,
            "brake": 0.01036826469325592,
            "steer": 0.0
        },
        {
            "throttle": 0.43507683691202254,
            "brake": 0.009331438223930328,
            "steer": 0.0
        },
        {
            "throttle": 0.42165924076152056,
            "brake": 0.008398294401537295,
            "steer": 0.0
        },
        {
            "throttle": 0.4089732066213283,
            "brake": 0.007558464961383566,
            "steer": 0.0
        },
        {
            "throttle": 0.39712653181165974,
            "brake": 0.006802618465245209,
            "steer": 0.0
        },
        {
            "throttle": 0.3862189871255606,
            "brake": 0.006122356618720688,
            "steer": 0.0
        },
        {
            "throttle": 0.37634194117243147,
            "brake": 0.00551012095684862,
            "steer": 0.0
        },
        {
            "throttle": 0.36757801218569636,
            "brake": 0.004959108861163758,
            "steer": 0.0
        },
        {
            "throttle": 0.3600007521707588,
            "brake": 0.004463197975047382,
            "steer": 0.0
        },
        {
            "throttle": 0.35367436779767714,
            "brake": 0.0040168781775426435,
            "steer": 0.0
        },
        {
            "throttle": 0.3486534819694512,
            "brake": 0.003615190359788379,
            "steer": 0.0
        },
        {
            "throttle": 0.3449829395218492,
            "brake": 0.0032536713238095413,
            "steer": 0.0
        },
        {
            "throttle": 0.3426976600349802,
            "brake": 0.0029283041914285875,
            "steer": 0.0
        },
        {
            "throttle": 0.34182254026124353,
            "brake": 0.0026354737722857286,
            "steer": 0.0
        },
        {
            "throttle": 0.34237240819998815,
            "brake": 0.0023719263950571557,
            "steer": 0.0
        },
        {
            "throttle": 0.34435203037749934,
            "brake": 0.00213473375555144,
            "steer": 0.0
        },
        {
            "throttle": 0.3477561734232612,
            "brake": 0.0019212603799962963,
            "steer": 0.0
        },
        {
            "throttle": 0.3525697205714207,
            "brake": 0.0017291343419966667,
            "steer": 0.0
        },
        {
            "throttle": 0.3587678432616934,
            "brake": 0.001556220907797,
            "steer": 0.0
        },
        {
            "throttle": 0.366316227568393,
            "brake": 0.0014005988170173,
            "steer": 0.0
        },
        {
            "throttle": 0.3751713547516582,
            "brake": 0.00126053893531557,
            "steer": 0.0
        },
        {
            "throttle": 0.385280834803168,
            "brake": 0.001134485041784013,
            "steer": 0.0
        },
        {
            "throttle": 0.39658379145154643,
            "brake": 0.0010210365376056118,
            "steer": 0.0
        },
        {
            "throttle": 0.40901129670213404,
            "brake": 0.0009189328838450507,
            "steer": 0.0
        },
        {
            "throttle": 0.4224868526136735,
            "brake": 0.0008270395954605456,
            "steer": 0.0
        },
        {
            "throttle": 0.43692691766250147,
            "brake": 0.000744335635914491,
            "steer": 0.0
        },
        {
            "throttle": 0.4522414747147781,
            "brake": 0.000669902072323042,
            "steer": 0.0
        },
        {
            "throttle": 0.46833463732074165,
            "brake": 0.0006029118650907378,
            "steer": 0.0
        },
        {
            "throttle": 0.4851052907634729,
            "brake": 0.000542620678581664,
            "steer": 0.0
        },
        {
            "throttle": 0.5024477640396072,
            "brake": 0.0004883586107234976,
            "steer": 0.0
        },
        {
            "throttle": 0.5202525287221139,
            "brake": 0.0004395227496511479,
            "steer": 0.0
        },
        {
            "throttle": 0.5384069204568138,
            "brake": 0.0003955704746860331,
            "steer": 0.0
        },
        {
            "throttle": 0.5567958786757083,
            "brake": 0.0003560134272174298,
            "steer": 0.0
        },
        {
            "throttle": 0.5753026999722669,
            "brake": 0.0003204120844956868,
            "steer": 0.0
        },
        {
            "throttle": 0.5938098004772211,
            "brake": 0.00028837087604611817,
            "steer": 0.0
        },
        {
            "throttle": 0.6121994824986061,
            "brake": 0.00025953378844150636,
            "steer": 0.0
        },
        {
            "throttle": 0.6303547006470712,
            "brake": 0.00023358040959735573,
            "steer": 0.0
        },
        {
            "throttle": 0.6481598226569526,
            "brake": 0.00021022236863762017,
            "steer": 0.0
        },
        {
            "throttle": 0.6655013801351748,
            "brake": 0.00018920013177385815,
            "steer": 0.0
        },
        {
            "throttle": 0.6822688045234474,
            "brake": 0.00017028011859647233,
            "steer": 0.0
        },
        {
            "throttle": 0.6983551436439849,
            "brake": 0.0001532521067368251,
            "steer": 0.0
        },
        {
            "throttle": 0.7136577543144397,
            "brake": 0.0001379268960631426,
            "steer": 0.0
        },
        {
            "throttle": 0.7280789666630683,
            "brake": 0.00012413420645682833,
            "steer": 0.0
        },
        {
            "throttle": 0.7415267159493135,
            "brake": 0.0001117207858111455,
            "steer": 0.0
        },
        {
            "throttle": 0.7539151378967964,
            "brake": 0.00010054870723003095,
            "steer": 0.0
        },
        {
            "throttle": 0.7651651237737889,
            "brake": 9.049383650702786e-05,
            "steer": 0.0
        },
        {
            "throttle": 0.775204831709065,
            "brake": 8.144445285632507e-05,
            "steer": 0.0
        },
        {
            "throttle": 0.7839701510069141,
            "brake": 7.330000757069257e-05,
            "steer": 0.0
        },
        {
            "throttle": 0.7914051165222271,
            "brake": 6.597000681362332e-05,
            "steer": 0.0
        },
        {
            "throttle": 0.7974622704729777,
            "brake": 5.937300613226099e-05,
            "steer": 0.0
        },
        {
            "throttle": 0.802102969401047,
            "brake": 5.343570551903489e-05,
            "steer": 0.0
        },
        {
            "throttle": 0.8052976343409981,
            "brake": 4.8092134967131404e-05,
            "steer": 0.0
        },
        {
            "throttle": 0.8070259426178283,
            "brake": 4.328292147041826e-05,
            "steer": 0.0
        },
        {
            "throttle": 0.8072769600665575,
            "brake": 3.895462932337644e-05,
            "steer": 0.0
        },
        {
            "throttle": 0.8060492128463487,
            "brake": 3.5059166391038796e-05,
            "steer": 0.0
        },
        {
            "throttle": 0.8033506984072218,
            "brake": 3.155324975193492e-05,
            "steer": 0.0
        },
        {
            "throttle": 0.7991988355558337,
            "brake": 2.839792477674143e-05,
            "steer": 0.0
        },
        {
            "throttle": 0.7936203539557424,
            "brake": 2.555813229906729e-05,
            "steer": 0.0
        },
        {
            "throttle": 0.7866511237845278,
            "brake": 2.300231906916056e-05,
            "steer": 0.0
        },
        {
            "throttle": 0.7783359266526213,
            "brake": 2.0702087162244503e-05,
            "steer": 0.0
        },
        {
            "throttle": 0.76872816926422,
            "brake": 1.8631878446020052e-05,
            "steer": 0.0
        },
        {
            "throttle": 0.7578895416668172,
            "brake": 1.6768690601418048e-05,
            "steer": 0.0
        },
        {
            "throttle": 0.7458896222902983,
            "brake": 1.5091821541276243e-05,
            "steer": 0.0
        },
        {
            "throttle": 0.732805432316956,
            "brake": 1.3582639387148619e-05,
            "steer": 0.0
        },
        {
            "throttle": 0.718720942247967,
            "brake": 1.2224375448433756e-05,
            "steer": 0.0
        },
        {
            "throttle": 0.7037265338377677,
            "brake": 1.100193790359038e-05,
            "steer": 0.0
        },
        {
            "throttle": 0.6879184208533852,
            "brake": 9.901744113231343e-06,
            "steer": 0.0
        },
        {
            "throttle": 0.6713980323792949,
            "brake": 8.911569701908209e-06,
            "steer": 0.0
        },
        {
            "throttle": 0.6542713626280862,
            "brake": 8.020412731717389e-06,
            "steer": 0.0
        },
        {
            "throttle": 0.6366482914315728,
            "brake": 7.21837145854565e-06,
            "steer": 0.0
        },
        {
            "throttle": 0.6186418797746196,
            "brake": 6.496534312691085e-06,
            "steer": 0.0
        },
        {
            "throttle": 0.6003676448936471,
            "brake": 5.846880881421977e-06,
            "steer": 0.0
        },
        {
            "throttle": 0.581942819592505,
            "brake": 5.262192793279779e-06,
            "steer": 0.0
        },
        {
            "throttle": 0.5634856005293235,
            "brake": 4.735973513951802e-06,
            "steer": 0.0
        },
        {
            "throttle": 0.5451143902984141,
            "brake": 4.2623761625566215e-06,
            "steer": 0.0
        },
        {
            "throttle": 0.5269470381708362,
            "brake": 3.8361385463009596e-06,
            "steer": 0.0
        },
        {
            "throttle": 0.5091000843656222,
            "brake": 3.4525246916708635e-06,
            "steer": 0.0
        },
        {
            "throttle": 0.4916880127008048,
            "brake": 3.107272222503777e-06,
            "steer": 0.0
        },
        {
            "throttle": 0.47482251641945694,
            "brake": 2.7965450002533997e-06,
            "steer": 0.0
        },
        {
            "throttle": 0.45861178190128216,
            "brake": 2.5168905002280596e-06,
            "steer": 0.0
        },
        {
            "throttle": 0.4431597948554276,
            "brake": 2.2652014502052538e-06,
            "steer": 0.0
        },
        {
            "throttle": 0.42856567344585905,
            "brake": 2.0386813051847285e-06,
            "steer": 0.0
        },
        {
            "throttle": 0.4149230326277706,
            "brake": 1.8348131746662557e-06,
            "steer": 0.0
        },
        {
            "throttle": 0.4023193837732013,
            "brake": 1.6513318571996302e-06,
            "steer": 0.0
        },
        {
            "throttle": 0.3908355734375884,
            "brake": 1.4861986714796671e-06,
            "steer": 0.0
        },
        {
            "throttle": 0.38054526486784246,
            "brake": 1.3375788043317005e-06,
            "steer": 0.0
        },
        {
            "throttle": 0.3715144655783054,
            "brake": 1.2038209238985304e-06,
            "steer": 0.0
        },
        {
            "throttle": 0.36380110402539745,
            "brake": 1.0834388315086774e-06,
            "steer": 0.0
        },
        {
            "throttle": 0.3574546580967715,
            "brake": 9.750949483578097e-07,
            "steer": 0.0
        },
        {
            "throttle": 0.35251583779839507,
            "brake": 8.775854535220288e-07,
            "steer": 0.0
        },
        {
            "throttle": 0.34901632417529566,
            "brake": 7.898269081698259e-07,
            "steer": 0.0
        },
        {
            "throttle": 0.3469785661409743,
            "brake": 7.108442173528434e-07,
            "steer": 0.0
        },
        {
            "throttle": 0.3464156365190175,
            "brake": 6.397597956175591e-07,
            "steer": 0.0
        },
        {
            "throttle": 0.34733114822060884,
            "brake": 5.757838160558032e-07,
            "steer": 0.0
        },
        {
            "throttle": 0.34971923109589065,
            "brake": 5.182054344502229e-07,
            "steer": 0.0
        },
        {
            "throttle": 0.35356456960793,
            "brake": 4.663848910052006e-07,
            "steer": 0.0
        },
        {
            "throttle": 0.358842501087893,
            "brake": 4.1974640190468053e-07,
            "steer": 0.0
        },
        {
            "throttle": 0.3655191739414352,
            "brake": 3.7777176171421247e-07,
            "steer": 0.0
        },
        {
            "throttle": 0.3735517647917609,
            "brake": 3.3999458554279123e-07,
            "steer": 0.0
        },
        {
            "throttle": 0.38288875316676063,
            "brake": 3.0599512698851213e-07,
            "steer": 0.0
        },
        {
            "throttle": 0.39347025196852525,
            "brake": 2.7539561428966093e-07,
            "steer": 0.0
        },
        {
            "throttle": 0.405228391605726,
            "brake": 2.4785605286069487e-07,
            "steer": 0.0
        },
        {
            "throttle": 0.41808775532513753,
            "brake": 2.2307044757462538e-07,
            "steer": 0.0
        },
        {
            "throttle": 0.43196586295017353,
            "brake": 2.0076340281716284e-07,
            "steer": 0.0
        },
        {
            "throttle": 0.4467736999238045,
            "brake": 1.8068706253544655e-07,
            "steer": 0.0
        },
        {
            "throttle": 0.4020963299314241,
            "brake": 0.04636089834827496,
            "steer": 0.0
        },
        {
            "throttle": 0.3618866969382817,
            "brake": 0.08808554424336615,
            "steer": 0.0
        },
        {
            "throttle": 0.3256980272444535,
            "brake": 0.1256377255489482,
            "steer": 0.0
        },
        {
            "throttle": 0.2931282245200082,
            "brake": 0.15943468872397207,
            "steer": 0.0
        },
        {
            "throttle": 0.2638154020680074,
            "brake": 0.18985195558149354,
            "steer": 0.0
        },
        {
            "throttle": 0.23743386186120669,
            "brake": 0.2172274957532629,
            "steer": 0.0
        },
        {
            "throttle": 0.21369047567508603,
            "brake": 0.24186548190785528,
            "steer": 0.0
        },
        {
            "throttle": 0.19232142810757744,
            "brake": 0.2640396694469884,
            "steer": 0.0
        },
        {
            "throttle": 0.1730892852968197,
            "brake": 0.28399643823220827,
            "steer": 0.0
        },
        {
            "throttle": 0.15578035676713772,
            "brake": 0.30195753013890614,
            "steer": 0.0
        },
        {
            "throttle": 0.2204266583438486,
            "brake": 0.27176177712501554,
            "steer": 0.0
        },
        {
            "throttle": 0.2799906032999571,
            "brake": 0.24458559941251398,
            "steer": 0.0
        },
        {
            "throttle": 0.3348270359871166,
            "brake": 0.22012703947126258,
            "steer": 0.0
        },
        {
            "throttle": 0.38524743417587426,
            "brake": 0.19811433552413632,
            "steer": 0.0
        },
        {
            "throttle": 0.43152528013424263,
            "brake": 0.1783029019717227,
            "steer": 0.0
        },
        {
            "throttle": 0.4739009385202565,
            "brake": 0.1604726117745504,
            "steer": 0.0
        },
        {
            "throttle": 0.5125860834905452,
            "brake": 0.14442535059709538,
            "steer": 0.0
        },
        {
            "throttle": 0.5477677129493937,
            "brake": 0.12998281553738586,
            "steer": 0.0
        },
        {
            "throttle": 0.5796117838788475,
            "brake": 0.11698453398364728,
            "steer": 0.0
        },
        {
            "throttle": 0.6082664991520083,
            "brake": 0.10528608058528255,
            "steer": 0.0
        },
        {
            "throttle": 0.6338652730951371,
            "brake": 0.0947574725267543,
            "steer": 0.0
        },
        {
            "throttle": 0.6565294002899603,
            "brake": 0.08528172527407887,
            "steer": 0.0
        },
        {
            "throttle": 0.6763704496597437,
            "brake": 0.07675355274667099,
            "steer": 0.0
        },
        {
            "throttle": 0.6934924037286005,
            "brake": 0.06907819747200389,
            "steer": 0.0
        },
        {
            "throttle": 0.7079935610534491,
            "brake": 0.0621703777248035,
            "steer": 0.0
        },
        {
            "throttle": 0.7199682181749831,
            "brake": 0.05595333995232315,
            "steer": 0.0
        },
        {
            "throttle": 0.7295081459933309,
            "brake": 0.050358005957090834,
            "steer": 0.0
        },
        {
            "throttle": 0.7367038742232701,
            "brake": 0.045322205361381755,
            "steer": 0.0
        },
        {
            "throttle": 0.7416457965024128,
            "brake": 0.04078998482524358,
            "steer": 0.0
        },
        {
            "throttle": 0.7444251077949204,
            "brake": 0.03671098634271923,
            "steer": 0.0
        },
        {
            "throttle": 0.7451345849358958,
            "brake": 0.033039887708447305,
            "steer": 0.0
        },
        {
            "throttle": 0.7438692204819355,
            "brake": 0.029735898937602576,
            "steer": 0.0
        },
        {
            "throttle": 0.7407267194570362,
            "brake": 0.02676230904384232,
            "steer": 0.0
        },
        {
            "throttle": 0.7358078680969702,
            "brake": 0.024086078139458088,
            "steer": 0.0
        },
        {
            "throttle": 0.7292167832873324,
            "brake": 0.02167747032551228,
            "steer": 0.0
        },
        {
            "throttle": 0.7210610510496629,
            "brake": 0.019509723292961054,
            "steer": 0.0
        },
        {
            "throttle": 0.7114517621462711,
            "brake": 0.017558750963664948,
            "steer": 0.0
        },
        {
            "throttle": 0.7005034526383902,
            "brake": 0.015802875867298453,
            "steer": 0.0
        },
        {
            "throttle": 0.6883339570356243,
            "brake": 0.014222588280568608,
            "steer": 0.0
        },
        {
            "throttle": 0.6750641815096292,
            "brake": 0.012800329452511748,
            "steer": 0.0
        },
        {
            "throttle": 0.6608178045045773,
            "brake": 0.011520296507260573,
            "steer": 0.0
        },
        {
            "throttle": 0.6457209119548488,
            "brake": 0.010368266856534516,
            "steer": 0.0
        }
    ],
    "parameters": {
        "fog_density": 24.05006302303316,
        "precipitation": 83.63455719731076,
        "precipitation_deposits": 94.63632388485219,
        "wind_intensity": 44.411808661968536,
        "sun_altitude_angle": 77.97032425148406,
        "cloudiness": 40.208849875984455,
        "lead_base_throttle": 0.5769182203905083,
        "lead_behavior_frequency": 0.12749799959662728,
        "lead_throttle_variation": 0.289498319114098,
        "lead_brake_probability": 0.13510855621512488,
        "lead_brake_intensity": 0.4636073572991868,
        "lead_brake_duration": 10.85800024691957,
        "initial_distance": 18.39734995755429,
        "initial_ego_velocity": 5.475551783010274,
        "initial_lead_velocity": 23.2634462594505
    },
    "config": {
        "num_timesteps": 200,
        "dt": 0.1,
        "seed": 55
    }
}