{
    "weather": {
        "cloudiness": 25.72769024305952,
        "precipitation": 89.71066637667224,
        "precipitation_deposits": 74.55978950982491,
        "wind_intensity": 6.671449065879193,
        "sun_altitude_angle": 48.69165979109722,
        "fog_density": 32.84297861041119,
        "fog_distance": 334.61791387575,
        "wetness": 44.85533318833612
    },
    "initial_conditions": {
        "ego": {
            "position": {
                "x": 557.5846151944282,
                "y": 20.57,
                "z": 0.294
            },
            "yaw": 0.0,
            "velocity": 12.542372011034974
        },
        "lead": {
            "position": {
                "x": 484.88,
                "y": 20.57,
                "z": 0.294
            },
            "yaw": 0.0,
            "velocity": 6.712351403992676
        }
    },
    "ego": {
        "position": {
            "x": 557.5846151944282,
            "y": 20.57,
            "z": 0.294
        },
        "yaw": 0.0,
        "velocity": 12.542372011034974
    },
    "lead": {
        "position": {
            "x": 484.88,
            "y": 20.57,
            "z": 0.294
        },
        "yaw": 0.0,
        "velocity": 6.712351403992676
    },
    "ado_actions": [
        {
            "throttle": 0.5930342867306242,
            "brake": 0.0,
            "steer": 0.0
        },
        {
            "throttle": 0.5946802068664382,
            "brake": 0.0,
            "steer": 0.0
        },
        {
            "throttle": 0.5977840432232919,
            "brake": 0.0,
            "steer": 0.0
        },
        {
            "throttle": 0.6021535133923176,
            "brake": 0.0,
            "steer": 0.0
        },
        {
            "throttle": 0.6075931456143252,
            "brake": 0.0,
            "steer": 0.0
        },
        {
            "throttle": 0.6139055778815519,
            "brake": 0.0,
            "steer": 0.0
        },
        {
            "throttle": 0.6208930320595021,
            "brake": 0.0,
            "steer": 0.0
        },
        {
            "throttle": 0.6283589272473898,
            "brake": 0.0,
            "steer": 0.0
        },
        {
            "throttle": 0.6361095960964636,
            "brake": 0.0,
            "steer": 0.0
        },
        {
            "throttle": 0.6439560676741978,
            "brake": 0.0,
            "steer": 0.0
        },
        {
            "throttle": 0.6517158807156473,
            "brake": 0.0,
            "steer": 0.0
        },
        {
            "throttle": 0.6592148917509166,
            "brake": 0.0,
            "steer": 0.0
        },
        {
            "throttle": 0.6662890436424788,
            "brake": 0.0,
            "steer": 0.0
        },
        {
            "throttle": 0.6727860615039252,
            "brake": 0.0,
            "steer": 0.0
        },
        {
            "throttle": 0.6785670447919093,
            "brake": 0.0,
            "steer": 0.0
        },
        {
            "throttle": 0.6835079265484137,
            "brake": 0.0,
            "steer": 0.0
        },
        {
            "throttle": 0.6875007732978147,
            "brake": 0.0,
            "steer": 0.0
        },
        {
            "throttle": 0.690454901943673,
            "brake": 0.0,
            "steer": 0.0
        },
        {
            "throttle": 0.6922977931297215,
            "brake": 0.0,
            "steer": 0.0
        },
        {
            "throttle": 0.6929757838895081,
            "brake": 0.0,
            "steer": 0.0
        },
        {
            "throttle": 0.6924545259669697,
            "brake": 0.0,
            "steer": 0.0
        },
        {
            "throttle": 0.6907191998998877,
            "brake": 0.0,
            "steer": 0.0
        },
        {
            "throttle": 0.6877744787711361,
            "brake": 0.0,
            "steer": 0.0
        },
        {
            "throttle": 0.6836442393984001,
            "brake": 0.0,
            "steer": 0.0
        },
        {
            "throttle": 0.6783710226000249,
            "brake": 0.0,
            "steer": 0.0
        },
        {
            "throttle": 0.6720152479908857,
            "brake": 0.0,
            "steer": 0.0
        },
        {
            "throttle": 0.6646541924761301,
            "brake": 0.0,
            "steer": 0.0
        },
        {
            "throttle": 0.6563807451719529,
            "brake": 0.0,
            "steer": 0.0
        },
        {
            "throttle": 0.6473019548428086,
            "brake": 0.0,
            "steer": 0.0
        },
        {
            "throttle": 0.6375373890578417,
            "brake": 0.0,
            "steer": 0.0
        },
        {
            "throttle": 0.6272173270933308,
            "brake": 0.0,
            "steer": 0.0
        },
        {
            "throttle": 0.6164808111040678,
            "brake": 0.0,
            "steer": 0.0
        },
        {
            "throttle": 0.6054735822207613,
            "brake": 0.0,
            "steer": 0.0
        },
        {
            "throttle": 0.5943459299737346,
            "brake": 0.0,
            "steer": 0.0
        },
        {
            "throttle": 0.5349113369763612,
            "brake": 0.045806820888942536,
            "steer": 0.0
        },
        {
            "throttle": 0.4814202032787251,
            "brake": 0.08703295968899082,
            "steer": 0.0
        },
        {
            "throttle": 0.4332781829508526,
            "brake": 0.12413648460903426,
            "steer": 0.0
        },
        {
            "throttle": 0.3899503646557673,
            "brake": 0.15752965703707336,
            "steer": 0.0
        },
        {
            "throttle": 0.3509553281901906,
            "brake": 0.18758351222230857,
            "steer": 0.0
        },
        {
            "throttle": 0.31585979537117154,
            "brake": 0.21463198188902025,
            "steer": 0.0
        },
        {
            "throttle": 0.28427381583405437,
            "brake": 0.23897560458906075,
            "steer": 0.0
        },
        {
            "throttle": 0.25584643425064896,
            "brake": 0.26088486501909725,
            "steer": 0.0
        },
        {
            "throttle": 0.23026179082558407,
            "brake": 0.28060319940613004,
            "steer": 0.0
        },
        {
            "throttle": 0.20723561174302566,
            "brake": 0.2983497003544596,
            "steer": 0.0
        },
        {
            "throttle": 0.18651205056872308,
            "brake": 0.31432155120795624,
            "steer": 0.0
        },
        {
            "throttle": 0.16786084551185076,
            "brake": 0.3286962169761032,
            "steer": 0.0
        },
        {
            "throttle": 0.1510747609606657,
            "brake": 0.3416334161674354,
            "steer": 0.0
        },
        {
            "throttle": 0.13596728486459914,
            "brake": 0.3532768954396344,
            "steer": 0.0
        },
        {
            "throttle": 0.12237055637813922,
            "brake": 0.36375602678461355,
            "steer": 0.0
        },
        {
            "throttle": 0.1101335007403253,
            "brake": 0.37318724499509476,
            "steer": 0.0
        },
        {
            "throttle": 0.09912015066629278,
            "brake": 0.38167534138452786,
            "steer": 0.0
        },
        {
            "throttle": 0.0892081355996635,
            "brake": 0.38931462813501766,
            "steer": 0.0
        },
        {
            "throttle": 0.08028732203969714,
            "brake": 0.3961899862104585,
            "steer": 0.0
        },
        {
            "throttle": 0.07225858983572743,
            "brake": 0.4023778084783552,
            "steer": 0.0
        },
        {
            "throttle": 0.06503273085215469,
            "brake": 0.4079468485194622,
            "steer": 0.0
        },
        {
            "throttle": 0.05852945776693922,
            "brake": 0.4129589845564586,
            "steer": 0.0
        },
        {
            "throttle": 0.0526765119902453,
            "brake": 0.4174699069897553,
            "steer": 0.0
        },
        {
            "throttle": 0.11356934816139502,
            "brake": 0.37572291629077975,
            "steer": 0.0
        },
        {
            "throttle": 0.1697533352067151,
            "brake": 0.33815062466170176,
            "steer": 0.0
        },
        {
            "throttle": 0.221582186268174,
            "brake": 0.3043355621955316,
            "steer": 0.0
        },
        {
            "throttle": 0.2693562742688844,
            "brake": 0.27390200597597847,
            "steer": 0.0
        },
        {
            "throttle": 0.3133298882033099,
            "brake": 0.24651180537838063,
            "steer": 0.0
        },
        {
            "throttle": 0.3537179920490551,
            "brake": 0.2218606248405426,
            "steer": 0.0
        },
        {
            "throttle": 0.3907025054486632,
            "brake": 0.19967456235648834,
            "steer": 0.0
        },
        {
            "throttle": 0.42443812058343255,
            "brake": 0.1797071061208395,
            "steer": 0.0
        },
        {
            "throttle": 0.45505766588258856,
            "brake": 0.16173639550875557,
            "steer": 0.0
        },
        {
            "throttle": 0.48267702431868464,
            "brake": 0.14556275595788,
            "steer": 0.0
        },
        {
            "throttle": 0.5073996119712219,
            "brake": 0.131006480362092,
            "steer": 0.0
        },
        {
            "throttle": 0.5293204212312316,
            "brake": 0.11790583232588281,
            "steer": 0.0
        },
        {
            "throttle": 0.5485296324045243,
            "brake": 0.10611524909329453,
            "steer": 0.0
        },
        {
            "throttle": 0.565115797483589,
            "brake": 0.09550372418396508,
            "steer": 0.0
        },
        {
            "throttle": 0.5791686004294666,
            "brake": 0.08595335176556858,
            "steer": 0.0
        },
        {
            "throttle": 0.5907811993659416,
            "brake": 0.07735801658901172,
            "steer": 0.0
        },
        {
            "throttle": 0.6000521575688376,
            "brake": 0.06962221493011055,
            "steer": 0.0
        },
        {
            "throttle": 0.6070869719624055,
            "brake": 0.06265999343709949,
            "steer": 0.0
        },
        {
            "throttle": 0.6119992099420558,
            "brake": 0.05639399409338954,
            "steer": 0.0
        },
        {
            "throttle": 0.6149112676578412,
            "brake": 0.05075459468405059,
            "steer": 0.0
        },
        {
            "throttle": 0.6159547653470359,
            "brake": 0.04567913521564553,
            "steer": 0.0
        },
        {
            "throttle": 0.6152705978294108,
            "brake": 0.04111122169408098,
            "steer": 0.0
        },
        {
            "throttle": 0.6130086608101543,
            "brake": 0.03700009952467288,
            "steer": 0.0
        },
        {
            "throttle": 0.6093272761104385,
            "brake": 0.03330008957220559,
            "steer": 0.0
        },
        {
            "throttle": 0.6043923413054663,
            "brake": 0.029970080614985035,
            "steer": 0.0
        },
        {
            "throttle": 0.5983762314394898,
            "brake": 0.02697307255348653,
            "steer": 0.0
        },
        {
            "throttle": 0.5914564824564285,
            "brake": 0.02427576529813788,
            "steer": 0.0
        },
        {
            "throttle": 0.5838142876879894,
            "brake": 0.021848188768324093,
            "steer": 0.0
        },
        {
            "throttle": 0.5756328401388329,
            "brake": 0.019663369891491683,
            "steer": 0.0
        },
        {
            "throttle": 0.5670955543664046,
            "brake": 0.017697032902342515,
            "steer": 0.0
        },
        {
            "throttle": 0.5583842024439347,
            "brake": 0.015927329612108264,
            "steer": 0.0
        },
        {
            "throttle": 0.5496769987975864,
            "brake": 0.014334596650897438,
            "steer": 0.0
        },
        {
            "throttle": 0.541146668608304,
            "brake": 0.012901136985807695,
            "steer": 0.0
        },
        {
            "throttle": 0.5329585339578052,
            "brake": 0.011611023287226926,
            "steer": 0.0
        },
        {
            "throttle": 0.5252686509753615,
            "brake": 0.010449920958504234,
            "steer": 0.0
        },
        {
            "throttle": 0.47274178587782534,
            "brake": 0.055211749751596345,
            "steer": 0.0
        },
        {
            "throttle": 0.4254676072900428,
            "brake": 0.09549739566537925,
            "steer": 0.0
        },
        {
            "throttle": 0.38292084656103853,
            "brake": 0.13175447698778386,
            "steer": 0.0
        },
        {
            "throttle": 0.3446287619049347,
            "brake": 0.16438585017794802,
            "steer": 0.0
        },
        {
            "throttle": 0.3101658857144412,
            "brake": 0.19375408604909575,
            "steer": 0.0
        },
        {
            "throttle": 0.2791492971429971,
            "brake": 0.2201854983331287,
            "steer": 0.0
        },
        {
            "throttle": 0.25123436742869737,
            "brake": 0.24397376938875837,
            "steer": 0.0
        },
        {
            "throttle": 0.22611093068582763,
            "brake": 0.2653832133388251,
            "steer": 0.0
        },
        {
            "throttle": 0.20349983761724488,
            "brake": 0.28465171289388513,
            "steer": 0.0
        },
        {
            "throttle": 0.1831498538555204,
            "brake": 0.30199336249343917,
            "steer": 0.0
        },
        {
            "throttle": 0.16483486846996837,
            "brake": 0.3176008471330378,
            "steer": 0.0
        },
        {
            "throttle": 0.14835138162297154,
            "brake": 0.3316475833086766,
            "steer": 0.0
        },
        {
            "throttle": 0.1335162434606744,
            "brake": 0.34428964586675154,
            "steer": 0.0
        },
        {
            "throttle": 0.12016461911460696,
            "brake": 0.35566750216901893,
            "steer": 0.0
        },
        {
            "throttle": 0.10814815720314627,
            "brake": 0.3659075728410596,
            "steer": 0.0
        },
        {
            "throttle": 0.09733334148283165,
            "brake": 0.37512363644589625,
            "steer": 0.0
        },
        {
            "throttle": 0.0876000073345485,
            "brake": 0.3834180936902492,
            "steer": 0.0
        },
        {
            "throttle": 0.07884000660109365,
            "brake": 0.39088310521016684,
            "steer": 0.0
        },
        {
            "throttle": 0.07095600594098429,
            "brake": 0.3976016155780927,
            "steer": 0.0
        },
        {
            "throttle": 0.06386040534688586,
            "brake": 0.403648274909226,
            "steer": 0.0
        },
        {
            "throttle": 0.057474364812197275,
            "brake": 0.409090268307246,
            "steer": 0.0
        },
        {
            "throttle": 0.05172692833097755,
            "brake": 0.4139880623654639,
            "steer": 0.0
        },
        {
            "throttle": 0.04655423549787979,
            "brake": 0.4183960770178601,
            "steer": 0.0
        },
        {
            "throttle": 0.11386205296554086,
            "brake": 0.37655646931607406,
            "steer": 0.0
        },
        {
            "throttle": 0.17501043944760522,
            "brake": 0.33890082238446667,
            "steer": 0.0
        },
        {
            "throttle": 0.23042713530025574,
            "brake": 0.30501074014602003,
            "steer": 0.0
        },
        {
            "throttle": 0.2804916568690777,
            "brake": 0.27450966613141803,
            "steer": 0.0
        },
        {
            "throttle": 0.3255428734455709,
            "brake": 0.24705869951827622,
            "steer": 0.0
        },
        {
            "throttle": 0.3658858648682039,
            "brake": 0.2223528295664486,
            "steer": 0.0
        },
        {
            "throttle": 0.40179809197684224,
            "brake": 0.20011754660980374,
            "steer": 0.0
        },
        {
            "throttle": 0.43353490892822355,
            "brake": 0.18010579194882337,
            "steer": 0.0
        },
        {
            "throttle": 0.46133444406390534,
            "brake": 0.16209521275394104,
            "steer": 0.0
        },
        {
            "throttle": 0.4854218744939786,
            "brake": 0.14588569147854694,
            "steer": 0.0
        },
        {
            "throttle": 0.43687968704458074,
            "brake": 0.17710394321963477,
            "steer": 0.0
        },
        {
            "throttle": 0.3931917183401227,
            "brake": 0.20520036978661382,
            "steer": 0.0
        },
        {
            "throttle": 0.35387254650611044,
            "brake": 0.230487153696895,
            "steer": 0.0
        },
        {
            "throttle": 0.3184852918554994,
            "brake": 0.25324525921614804,
            "steer": 0.0
        },
        {
            "throttle": 0.2866367626699495,
            "brake": 0.2737275541834758,
            "steer": 0.0
        },
        {
            "throttle": 0.2579730864029545,
            "brake": 0.2921616196540707,
            "steer": 0.0
        },
        {
            "throttle": 0.23217577776265907,
            "brake": 0.30875227857760623,
            "steer": 0.0
        },
        {
            "throttle": 0.20895819998639317,
            "brake": 0.3236838716087882,
            "steer": 0.0
        },
        {
            "throttle": 0.18806237998775385,
            "brake": 0.33712230533685195,
            "steer": 0.0
        },
        {
            "throttle": 0.16925614198897848,
            "brake": 0.34921689569210934,
            "steer": 0.0
        },
        {
            "throttle": 0.15233052779008063,
            "brake": 0.36010202701184096,
            "steer": 0.0
        },
        {
            "throttle": 0.13709747501107258,
            "brake": 0.3698986451995994,
            "steer": 0.0
        },
        {
            "throttle": 0.12338772750996532,
            "brake": 0.378715601568582,
            "steer": 0.0
        },
        {
            "throttle": 0.1110489547589688,
            "brake": 0.38665086230066636,
            "steer": 0.0
        },
        {
            "throttle": 0.09994405928307191,
            "brake": 0.3937925969595423,
            "steer": 0.0
        },
        {
            "throttle": 0.08994965335476472,
            "brake": 0.4002201581525306,
            "steer": 0.0
        },
        {
            "throttle": 0.08095468801928825,
            "brake": 0.4060049632262201,
            "steer": 0.0
        },
        {
            "throttle": 0.07285921921735942,
            "brake": 0.4112112877925406,
            "steer": 0.0
        },
        {
            "throttle": 0.06557329729562349,
            "brake": 0.4158969799022291,
            "steer": 0.0
        },
        {
            "throttle": 0.05901596756606114,
            "brake": 0.4201141028009488,
            "steer": 0.0
        },
        {
            "throttle": 0.053114370809455025,
            "brake": 0.4239095134097965,
            "steer": 0.0
        },
        {
            "throttle": 0.04780293372850952,
            "brake": 0.4273253829577594,
            "steer": 0.0
        },
        {
            "throttle": 0.04302264035565857,
            "brake": 0.430399665550926,
            "steer": 0.0
        },
        {
            "throttle": 0.08520024543917135,
            "brake": 0.38735969899583345,
            "steer": 0.0
        },
        {
            "throttle": 0.12386634595637733,
            "brake": 0.3486237290962501,
            "steer": 0.0
        },
        {
            "throttle": 0.15954445134336998,
            "brake": 0.3137613561866251,
            "steer": 0.0
        },
        {
            "throttle": 0.19269322249613324,
            "brake": 0.2823852205679626,
            "steer": 0.0
        },
        {
            "throttle": 0.22371068272388084,
            "brake": 0.25414669851116634,
            "steer": 0.0
        },
        {
            "throttle": 0.25293821771982733,
            "brake": 0.2287320286600497,
            "steer": 0.0
        },
        {
            "throttle": 0.2806644150033853,
            "brake": 0.20585882579404474,
            "steer": 0.0
        },
        {
            "throttle": 0.3071287848361338,
            "brake": 0.18527294321464027,
            "steer": 0.0
        },
        {
            "throttle": 0.33252539663831104,
            "brake": 0.16674564889317625,
            "steer": 0.0
        },
        {
            "throttle": 0.35700645743913856,
            "brake": 0.15007108400385863,
            "steer": 0.0
        },
        {
            "throttle": 0.38068585189296544,
            "brake": 0.13506397560347277,
            "steer": 0.0
        },
        {
            "throttle": 0.4036426568966564,
            "brake": 0.1215575780431255,
            "steer": 0.0
        },
        {
            "throttle": 0.42592463786599166,
            "brake": 0.10940182023881295,
            "steer": 0.0
        },
        {
            "throttle": 0.44755172828469353,
            "brake": 0.09846163821493166,
            "steer": 0.0
        },
        {
            "throttle": 0.40279655545622417,
            "brake": 0.13442229528238103,
            "steer": 0.0
        },
        {
            "throttle": 0.36251689991060176,
            "brake": 0.16678688664308547,
            "steer": 0.0
        },
        {
            "throttle": 0.3262652099195416,
            "brake": 0.19591501886771945,
            "steer": 0.0
        },
        {
            "throttle": 0.29363868892758743,
            "brake": 0.22213033786989003,
            "steer": 0.0
        },
        {
            "throttle": 0.2642748200348287,
            "brake": 0.24572412497184357,
            "steer": 0.0
        },
        {
            "throttle": 0.23784733803134586,
            "brake": 0.26695853336360176,
            "steer": 0.0
        },
        {
            "throttle": 0.21406260422821127,
            "brake": 0.2860695009161841,
            "steer": 0.0
        },
        {
            "throttle": 0.19265634380539015,
            "brake": 0.30326937171350826,
            "steer": 0.0
        },
        {
            "throttle": 0.17339070942485113,
            "brake": 0.3187492554311,
            "steer": 0.0
        },
        {
            "throttle": 0.15605163848236603,
            "brake": 0.33268115077693255,
            "steer": 0.0
        },
        {
            "throttle": 0.14044647463412943,
            "brake": 0.3452198565881819,
            "steer": 0.0
        },
        {
            "throttle": 0.1264018271707165,
            "brake": 0.35650469181830624,
            "steer": 0.0
        },
        {
            "throttle": 0.11376164445364484,
            "brake": 0.3666610435254182,
            "steer": 0.0
        },
        {
            "throttle": 0.10238548000828036,
            "brake": 0.3758017600618189,
            "steer": 0.0
        },
        {
            "throttle": 0.09214693200745233,
            "brake": 0.38402840494457957,
            "steer": 0.0
        },
        {
            "throttle": 0.0829322388067071,
            "brake": 0.39143238533906416,
            "steer": 0.0
        },
        {
            "throttle": 0.07463901492603639,
            "brake": 0.39809596769410033,
            "steer": 0.0
        },
        {
            "throttle": 0.06717511343343276,
            "brake": 0.40409319181363285,
            "steer": 0.0
        },
        {
            "throttle": 0.060457602090089484,
            "brake": 0.40949069352121215,
            "steer": 0.0
        },
        {
            "throttle": 0.05441184188108054,
            "brake": 0.4143484450580335,
            "steer": 0.0
        },
        {
            "throttle": 0.048970657692972486,
            "brake": 0.4187204214411727,
            "steer": 0.0
        },
        {
            "throttle": 0.044073591923675236,
            "brake": 0.422655200185998,
            "steer": 0.0
        },
        {
            "throttle": 0.03966623273130771,
            "brake": 0.42619650105634077,
            "steer": 0.0
        },
        {
            "throttle": 0.09381523492196842,
            "brake": 0.3835768509507067,
            "steer": 0.0
        },
        {
            "throttle": 0.1409179505731186,
            "brake": 0.34521916585563606,
            "steer": 0.0
        },
        {
            "throttle": 0.12682615551580673,
            "brake": 0.35650407015901503,
            "steer": 0.0
        },
        {
            "throttle": 0.11414353996422606,
            "brake": 0.3666604840320561,
            "steer": 0.0
        },
        {
            "throttle": 0.10272918596780346,
            "brake": 0.37580125651779306,
            "steer": 0.0
        },
        {
            "throttle": 0.09245626737102312,
            "brake": 0.3840279517549563,
            "steer": 0.0
        },
        {
            "throttle": 0.08321064063392081,
            "brake": 0.39143197746840325,
            "steer": 0.0
        },
        {
            "throttle": 0.07488957657052873,
            "brake": 0.3980956006105055,
            "steer": 0.0
        },
        {
            "throttle": 0.06740061891347586,
            "brake": 0.4040928614383975,
            "steer": 0.0
        },
        {
            "throttle": 0.060660557022128275,
            "brake": 0.4094903961835003,
            "steer": 0.0
        },
        {
            "throttle": 0.05459450131991545,
            "brake": 0.41434817745409286,
            "steer": 0.0
        },
        {
            "throttle": 0.049135051187923905,
            "brake": 0.4187201805976261,
            "steer": 0.0
        },
        {
            "throttle": 0.044221546069131513,
            "brake": 0.4226549834268061,
            "steer": 0.0
        },
        {
            "throttle": 0.039799391462218364,
            "brake": 0.426196305973068,
            "steer": 0.0
        },
        {
            "throttle": 0.03581945231599653,
            "brake": 0.4293834962647038,
            "steer": 0.0
        }
    ],
    "parameters": {
        "fog_density": 32.84297861041119,
        "precipitation": 89.71066637667224,
        "precipitation_deposits": 74.55978950982491,
        "wind_intensity": 6.671449065879193,
        "sun_altitude_angle": 48.69165979109722,
        "cloudiness": 25.72769024305952,
        "lead_base_throttle": 0.5930342867306242,
        "lead_behavior_frequency": 0.18992923787341193,
        "lead_throttle_variation": 0.13825102472958758,
        "lead_brake_probability": 0.28949876247350614,
        "lead_brake_intensity": 0.45806820888942534,
        "lead_brake_duration": 23.813246922251714,
        "initial_distance": 72.70461519442827,
        "initial_ego_velocity": 12.542372011034974,
        "initial_lead_velocity": 6.712351403992676
    },
    "config": {
        "num_timesteps": 200,
        "dt": 0.1,
        "seed": 195
    }
}