{
    "weather": {
        "cloudiness": 36.796224048841786,
        "precipitation": 92.57137830328112,
        "precipitation_deposits": 72.34298125315313,
        "wind_intensity": 37.36098941436973,
        "sun_altitude_angle": 40.723062993397576,
        "fog_density": 34.32835064610561,
        "fog_distance": 318.4536454118225,
        "wetness": 46.28568915164056
    },
    "initial_conditions": {
        "ego": {
            "position": {
                "x": 563.7596739466072,
                "y": 20.57,
                "z": 0.294
            },
            "yaw": 0.0,
            "velocity": 9.168874998915491
        },
        "lead": {
            "position": {
                "x": 484.88,
                "y": 20.57,
                "z": 0.294
            },
            "yaw": 0.0,
            "velocity": 17.408411883605204
        }
    },
    "ego": {
        "position": {
            "x": 563.7596739466072,
            "y": 20.57,
            "z": 0.294
        },
        "yaw": 0.0,
        "velocity": 9.168874998915491
    },
    "lead": {
        "position": {
            "x": 484.88,
            "y": 20.57,
            "z": 0.294
        },
        "yaw": 0.0,
        "velocity": 17.408411883605204
    },
    "ado_actions": [
        {
            "throttle": 0.45991671560899544,
            "brake": 0.0,
            "steer": 0.0
        },
        {
            "throttle": 0.46188797606665877,
            "brake": 0.0,
            "steer": 0.0
        },
        {
            "throttle": 0.4656186186840321,
            "brake": 0.0,
            "steer": 0.0
        },
        {
            "throttle": 0.47090331114167866,
            "brake": 0.0,
            "steer": 0.0
        },
        {
            "throttle": 0.47754283247643914,
            "brake": 0.0,
            "steer": 0.0
        },
        {
            "throttle": 0.485343789849898,
            "brake": 0.0,
            "steer": 0.0
        },
        {
            "throttle": 0.4941184691145593,
            "brake": 0.0,
            "steer": 0.0
        },
        {
            "throttle": 0.5036848025547017,
            "brake": 0.0,
            "steer": 0.0
        },
        {
            "throttle": 0.5138664380761188,
            "brake": 0.0,
            "steer": 0.0
        },
        {
            "throttle": 0.5244928949564628,
            "brake": 0.0,
            "steer": 0.0
        },
        {
            "throttle": 0.5353997920571707,
            "brake": 0.0,
            "steer": 0.0
        },
        {
            "throttle": 0.5464291351490118,
            "brake": 0.0,
            "steer": 0.0
        },
        {
            "throttle": 0.5574296507249256,
            "brake": 0.0,
            "steer": 0.0
        },
        {
            "throttle": 0.5682571543735273,
            "brake": 0.0,
            "steer": 0.0
        },
        {
            "throttle": 0.578774942470868,
            "brake": 0.0,
            "steer": 0.0
        },
        {
            "throttle": 0.5208974482237813,
            "brake": 0.029075504069726477,
            "steer": 0.0
        },
        {
            "throttle": 0.46880770340140315,
            "brake": 0.05524345773248031,
            "steer": 0.0
        },
        {
            "throttle": 0.42192693306126283,
            "brake": 0.07879461602895876,
            "steer": 0.0
        },
        {
            "throttle": 0.37973423975513654,
            "brake": 0.09999065849578936,
            "steer": 0.0
        },
        {
            "throttle": 0.3417608157796229,
            "brake": 0.1190670967159369,
            "steer": 0.0
        },
        {
            "throttle": 0.30758473420166066,
            "brake": 0.1362358911140697,
            "steer": 0.0
        },
        {
            "throttle": 0.2768262607814946,
            "brake": 0.1516878060723892,
            "steer": 0.0
        },
        {
            "throttle": 0.24914363470334513,
            "brake": 0.16559452953487674,
            "steer": 0.0
        },
        {
            "throttle": 0.22422927123301062,
            "brake": 0.17811058065111554,
            "steer": 0.0
        },
        {
            "throttle": 0.20180634410970957,
            "brake": 0.18937502665573047,
            "steer": 0.0
        },
        {
            "throttle": 0.18162570969873862,
            "brake": 0.1995130280598839,
            "steer": 0.0
        },
        {
            "throttle": 0.16346313872886475,
            "brake": 0.208637229323622,
            "steer": 0.0
        },
        {
            "throttle": 0.1471168248559783,
            "brake": 0.21684901046098629,
            "steer": 0.0
        },
        {
            "throttle": 0.13240514237038048,
            "brake": 0.22423961348461413,
            "steer": 0.0
        },
        {
            "throttle": 0.11916462813334243,
            "brake": 0.2308911562058792,
            "steer": 0.0
        },
        {
            "throttle": 0.10724816532000819,
            "brake": 0.23687754465501776,
            "steer": 0.0
        },
        {
            "throttle": 0.09652334878800738,
            "brake": 0.24226529425924245,
            "steer": 0.0
        },
        {
            "throttle": 0.08687101390920664,
            "brake": 0.2471142689030447,
            "steer": 0.0
        },
        {
            "throttle": 0.07818391251828598,
            "brake": 0.25147834608246666,
            "steer": 0.0
        },
        {
            "throttle": 0.07036552126645738,
            "brake": 0.2554060155439465,
            "steer": 0.0
        },
        {
            "throttle": 0.06332896913981165,
            "brake": 0.2589409180592783,
            "steer": 0.0
        },
        {
            "throttle": 0.10358813509734782,
            "brake": 0.2330468262533505,
            "steer": 0.0
        },
        {
            "throttle": 0.13784856051707056,
            "brake": 0.20974214362801544,
            "steer": 0.0
        },
        {
            "throttle": 0.16672039027831848,
            "brake": 0.1887679292652139,
            "steer": 0.0
        },
        {
            "throttle": 0.19076744186186215,
            "brake": 0.16989113633869252,
            "steer": 0.0
        },
        {
            "throttle": 0.2105116513130954,
            "brake": 0.15290202270482328,
            "steer": 0.0
        },
        {
            "throttle": 0.22643696609343014,
            "brake": 0.13761182043434095,
            "steer": 0.0
        },
        {
            "throttle": 0.23899274234094153,
            "brake": 0.12385063839090686,
            "steer": 0.0
        },
        {
            "throttle": 0.24859669910476154,
            "brake": 0.11146557455181617,
            "steer": 0.0
        },
        {
            "throttle": 0.25563747763433275,
            "brake": 0.10031901709663456,
            "steer": 0.0
        },
        {
            "throttle": 0.26047684974131047,
            "brake": 0.09028711538697111,
            "steer": 0.0
        },
        {
            "throttle": 0.2634516155610583,
            "brake": 0.081258403848274,
            "steer": 0.0
        },
        {
            "throttle": 0.2648752276797536,
            "brake": 0.0731325634634466,
            "steer": 0.0
        },
        {
            "throttle": 0.2650391755240845,
            "brake": 0.06581930711710195,
            "steer": 0.0
        },
        {
            "throttle": 0.26421416109949336,
            "brake": 0.059237376405391756,
            "steer": 0.0
        },
        {
            "throttle": 0.2626510945797737,
            "brake": 0.05331363876485258,
            "steer": 0.0
        },
        {
            "throttle": 0.2605819358688358,
            "brake": 0.04798227488836732,
            "steer": 0.0
        },
        {
            "throttle": 0.25822040605100055,
            "brake": 0.04318404739953059,
            "steer": 0.0
        },
        {
            "throttle": 0.25576259059845996,
            "brake": 0.03886564265957754,
            "steer": 0.0
        },
        {
            "throttle": 0.2533874542953068,
            "brake": 0.034979078393619786,
            "steer": 0.0
        },
        {
            "throttle": 0.2512572860508574,
            "brake": 0.03148117055425781,
            "steer": 0.0
        },
        {
            "throttle": 0.24951809009705436,
            "brake": 0.028333053498832028,
            "steer": 0.0
        },
        {
            "throttle": 0.2482999384836158,
            "brake": 0.025499748148948825,
            "steer": 0.0
        },
        {
            "throttle": 0.24771729829010763,
            "brake": 0.022949773334053944,
            "steer": 0.0
        },
        {
            "throttle": 0.22294556846109687,
            "brake": 0.04973030007037503,
            "steer": 0.0
        },
        {
            "throttle": 0.2006510116149872,
            "brake": 0.07383277413306401,
            "steer": 0.0
        },
        {
            "throttle": 0.18058591045348849,
            "brake": 0.09552500078948409,
            "steer": 0.0
        },
        {
            "throttle": 0.16252731940813964,
            "brake": 0.11504800478026216,
            "steer": 0.0
        },
        {
            "throttle": 0.1462745874673257,
            "brake": 0.13261870837196243,
            "steer": 0.0
        },
        {
            "throttle": 0.13164712872059312,
            "brake": 0.14843234160449267,
            "steer": 0.0
        },
        {
            "throttle": 0.1184824158485338,
            "brake": 0.16266461151376987,
            "steer": 0.0
        },
        {
            "throttle": 0.10663417426368042,
            "brake": 0.17547365443211937,
            "steer": 0.0
        },
        {
            "throttle": 0.09597075683731238,
            "brake": 0.18700179305863393,
            "steer": 0.0
        },
        {
            "throttle": 0.08637368115358114,
            "brake": 0.197377117822497,
            "steer": 0.0
        },
        {
            "throttle": 0.07773631303822302,
            "brake": 0.20671491010997378,
            "steer": 0.0
        },
        {
            "throttle": 0.06996268173440072,
            "brake": 0.21511892316870287,
            "steer": 0.0
        },
        {
            "throttle": 0.06296641356096065,
            "brake": 0.22268253492155907,
            "steer": 0.0
        },
        {
            "throttle": 0.05666977220486459,
            "brake": 0.22948978549912963,
            "steer": 0.0
        },
        {
            "throttle": 0.05100279498437813,
            "brake": 0.23561631101894315,
            "steer": 0.0
        },
        {
            "throttle": 0.04590251548594032,
            "brake": 0.24113018398677533,
            "steer": 0.0
        },
        {
            "throttle": 0.04131226393734629,
            "brake": 0.24609266965782428,
            "steer": 0.0
        },
        {
            "throttle": 0.03718103754361166,
            "brake": 0.25055890676176834,
            "steer": 0.0
        },
        {
            "throttle": 0.0334629337892505,
            "brake": 0.254578520155318,
            "steer": 0.0
        },
        {
            "throttle": 0.03011664041032545,
            "brake": 0.2581961722095127,
            "steer": 0.0
        },
        {
            "throttle": 0.027104976369292905,
            "brake": 0.2614520590582879,
            "steer": 0.0
        },
        {
            "throttle": 0.08400038656571535,
            "brake": 0.2353068531524591,
            "steer": 0.0
        },
        {
            "throttle": 0.13673689026508373,
            "brake": 0.2117761678372132,
            "steer": 0.0
        },
        {
            "throttle": 0.18561703898302873,
            "brake": 0.19059855105349188,
            "steer": 0.0
        },
        {
            "throttle": 0.23090252252023186,
            "brake": 0.1715386959481427,
            "steer": 0.0
        },
        {
            "throttle": 0.27281918270195393,
            "brake": 0.15438482635332842,
            "steer": 0.0
        },
        {
            "throttle": 0.3115615981779661,
            "brake": 0.13894634371799558,
            "steer": 0.0
        },
        {
            "throttle": 0.34729727569316027,
            "brake": 0.12505170934619603,
            "steer": 0.0
        },
        {
            "throttle": 0.38017047921202035,
            "brake": 0.11254653841157643,
            "steer": 0.0
        },
        {
            "throttle": 0.41030572471538884,
            "brake": 0.10129188457041878,
            "steer": 0.0
        },
        {
            "throttle": 0.4378109653425317,
            "brake": 0.0911626961133769,
            "steer": 0.0
        },
        {
            "throttle": 0.46278048878616357,
            "brake": 0.08204642650203922,
            "steer": 0.0
        },
        {
            "throttle": 0.4852975464270809,
            "brake": 0.0738417838518353,
            "steer": 0.0
        },
        {
            "throttle": 0.5054367315856418,
            "brake": 0.06645760546665178,
            "steer": 0.0
        },
        {
            "throttle": 0.523266122439577,
            "brake": 0.0598118449199866,
            "steer": 0.0
        },
        {
            "throttle": 0.538849203584023,
            "brake": 0.05383066042798794,
            "steer": 0.0
        },
        {
            "throttle": 0.5522465788649581,
            "brake": 0.04844759438518915,
            "steer": 0.0
        },
        {
            "throttle": 0.5635174869781141,
            "brake": 0.043602834946670235,
            "steer": 0.0
        },
        {
            "throttle": 0.5727211303704367,
            "brake": 0.03924255145200321,
            "steer": 0.0
        },
        {
            "throttle": 0.579917827190421,
            "brake": 0.035318296306802895,
            "steer": 0.0
        },
        {
            "throttle": 0.5851699953887508,
            "brake": 0.03178646667612261,
            "steer": 0.0
        },
        {
            "throttle": 0.5885429775545798,
            "brake": 0.028607820008510348,
            "steer": 0.0
        },
        {
            "throttle": 0.5901057146696692,
            "brake": 0.025747038007659314,
            "steer": 0.0
        },
        {
            "throttle": 0.5899312766577461,
            "brake": 0.023172334206893384,
            "steer": 0.0
        },
        {
            "throttle": 0.5880972573861907,
            "brake": 0.020855100786204044,
            "steer": 0.0
        },
        {
            "throttle": 0.5846860416287961,
            "brake": 0.01876959070758364,
            "steer": 0.0
        },
        {
            "throttle": 0.5797849514100684,
            "brake": 0.016892631636825278,
            "steer": 0.0
        },
        {
            "throttle": 0.5734862791123646,
            "brake": 0.01520336847314275,
            "steer": 0.0
        },
        {
            "throttle": 0.5658872147269527,
            "brake": 0.013683031625828476,
            "steer": 0.0
        },
        {
            "throttle": 0.5570896746593775,
            "brake": 0.012314728463245628,
            "steer": 0.0
        },
        {
            "throttle": 0.5472000395496615,
            "brake": 0.011083255616921065,
            "steer": 0.0
        },
        {
            "throttle": 0.5363288086308312,
            "brake": 0.009974930055228958,
            "steer": 0.0
        },
        {
            "throttle": 0.5245901782177189,
            "brake": 0.008977437049706063,
            "steer": 0.0
        },
        {
            "throttle": 0.5121015519852437,
            "brake": 0.008079693344735458,
            "steer": 0.0
        },
        {
            "throttle": 0.49898299075536406,
            "brake": 0.007271724010261912,
            "steer": 0.0
        },
        {
            "throttle": 0.4853566095591658,
            "brake": 0.006544551609235721,
            "steer": 0.0
        },
        {
            "throttle": 0.4713459297702353,
            "brake": 0.005890096448312149,
            "steer": 0.0
        },
        {
            "throttle": 0.4570751941133061,
            "brake": 0.005301086803480934,
            "steer": 0.0
        },
        {
            "throttle": 0.44266865233443714,
            "brake": 0.00477097812313284,
            "steer": 0.0
        },
        {
            "throttle": 0.4282498252725394,
            "brake": 0.004293880310819557,
            "steer": 0.0
        },
        {
            "throttle": 0.41394075499430316,
            "brake": 0.003864492279737601,
            "steer": 0.0
        },
        {
            "throttle": 0.39986124854341465,
            "brake": 0.0034780430517638407,
            "steer": 0.0
        },
        {
            "throttle": 0.38612812270882363,
            "brake": 0.003130238746587457,
            "steer": 0.0
        },
        {
            "throttle": 0.3728544570346742,
            "brake": 0.0028172148719287113,
            "steer": 0.0
        },
        {
            "throttle": 0.3601488620757621,
            "brake": 0.00253549338473584,
            "steer": 0.0
        },
        {
            "throttle": 0.3481147696469252,
            "brake": 0.0022819440462622563,
            "steer": 0.0
        },
        {
            "throttle": 0.3368497515229512,
            "brake": 0.002053749641636031,
            "steer": 0.0
        },
        {
            "throttle": 0.3264448727181673,
            "brake": 0.0018483746774724278,
            "steer": 0.0
        },
        {
            "throttle": 0.29380038544635056,
            "brake": 0.03073904127945166,
            "steer": 0.0
        },
        {
            "throttle": 0.2644203469017155,
            "brake": 0.05674064122123297,
            "steer": 0.0
        },
        {
            "throttle": 0.23797831221154397,
            "brake": 0.08014208116883614,
            "steer": 0.0
        },
        {
            "throttle": 0.21418048099038958,
            "brake": 0.10120337712167901,
            "steer": 0.0
        },
        {
            "throttle": 0.19276243289135062,
            "brake": 0.12015854347923759,
            "steer": 0.0
        },
        {
            "throttle": 0.17348618960221557,
            "brake": 0.1372181932010403,
            "steer": 0.0
        },
        {
            "throttle": 0.15613757064199402,
            "brake": 0.15257187795066277,
            "steer": 0.0
        },
        {
            "throttle": 0.14052381357779462,
            "brake": 0.16639019422532297,
            "steer": 0.0
        },
        {
            "throttle": 0.12647143222001517,
            "brake": 0.17882667887251716,
            "steer": 0.0
        },
        {
            "throttle": 0.11382428899801365,
            "brake": 0.19001951505499193,
            "steer": 0.0
        },
        {
            "throttle": 0.1024418600982123,
            "brake": 0.20009306761921922,
            "steer": 0.0
        },
        {
            "throttle": 0.09219767408839107,
            "brake": 0.20915926492702377,
            "steer": 0.0
        },
        {
            "throttle": 0.08297790667955196,
            "brake": 0.21731884250404787,
            "steer": 0.0
        },
        {
            "throttle": 0.07468011601159677,
            "brake": 0.22466246232336956,
            "steer": 0.0
        },
        {
            "throttle": 0.0672121044104371,
            "brake": 0.2312717201607591,
            "steer": 0.0
        },
        {
            "throttle": 0.06049089396939339,
            "brake": 0.23722005221440967,
            "steer": 0.0
        },
        {
            "throttle": 0.05444180457245405,
            "brake": 0.24257355106269518,
            "steer": 0.0
        },
        {
            "throttle": 0.04899762411520865,
            "brake": 0.24739170002615216,
            "steer": 0.0
        },
        {
            "throttle": 0.04409786170368779,
            "brake": 0.2517280340932634,
            "steer": 0.0
        },
        {
            "throttle": 0.03968807553331901,
            "brake": 0.2556307347536635,
            "steer": 0.0
        },
        {
            "throttle": 0.03571926797998711,
            "brake": 0.2591431653480236,
            "steer": 0.0
        },
        {
            "throttle": 0.08357911433135634,
            "brake": 0.23322884881322126,
            "steer": 0.0
        },
        {
            "throttle": 0.12854698822175248,
            "brake": 0.20990596393189914,
            "steer": 0.0
        },
        {
            "throttle": 0.17085720084942796,
            "brake": 0.18891536753870924,
            "steer": 0.0
        },
        {
            "throttle": 0.21070686888964632,
            "brake": 0.17002383078483832,
            "steer": 0.0
        },
        {
            "throttle": 0.24826014769645058,
            "brake": 0.15302144770635448,
            "steer": 0.0
        },
        {
            "throttle": 0.2836521403402192,
            "brake": 0.13771930293571905,
            "steer": 0.0
        },
        {
            "throttle": 0.3169925103106527,
            "brake": 0.12394737264214714,
            "steer": 0.0
        },
        {
            "throttle": 0.3483688222241451,
            "brake": 0.11155263537793243,
            "steer": 0.0
        },
        {
            "throttle": 0.377849631772497,
            "brake": 0.1003973718401392,
            "steer": 0.0
        },
        {
            "throttle": 0.4054873434027513,
            "brake": 0.09035763465612527,
            "steer": 0.0
        },
        {
            "throttle": 0.4313208517947649,
            "brake": 0.08132187119051275,
            "steer": 0.0
        },
        {
            "throttle": 0.45537798107585886,
            "brake": 0.07318968407146148,
            "steer": 0.0
        },
        {
            "throttle": 0.477677733854832,
            "brake": 0.06587071566431534,
            "steer": 0.0
        },
        {
            "throttle": 0.49823236054721615,
            "brake": 0.0592836440978838,
            "steer": 0.0
        },
        {
            "throttle": 0.5170492580782404,
            "brake": 0.05335527968809542,
            "steer": 0.0
        },
        {
            "throttle": 0.5341327058695924,
            "brake": 0.04801975171928588,
            "steer": 0.0
        },
        {
            "throttle": 0.5494854460222438,
            "brake": 0.04321777654735729,
            "steer": 0.0
        },
        {
            "throttle": 0.5631101137832109,
            "brake": 0.03889599889262156,
            "steer": 0.0
        },
        {
            "throttle": 0.5750105237132007,
            "brake": 0.035006399003359404,
            "steer": 0.0
        },
        {
            "throttle": 0.5851928164397748,
            "brake": 0.031505759103023466,
            "steer": 0.0
        },
        {
            "throttle": 0.5936664704730028,
            "brake": 0.02835518319272112,
            "steer": 0.0
        },
        {
            "throttle": 0.6004451832645172,
            "brake": 0.02551966487344901,
            "steer": 0.0
        },
        {
            "throttle": 0.6055476254941203,
            "brake": 0.02296769838610411,
            "steer": 0.0
        },
        {
            "throttle": 0.6089980724590454,
            "brake": 0.020670928547493698,
            "steer": 0.0
        },
        {
            "throttle": 0.6108269164087028,
            "brake": 0.01860383569274433,
            "steer": 0.0
        },
        {
            "throttle": 0.6110710637019154,
            "brake": 0.016743452123469896,
            "steer": 0.0
        },
        {
            "throttle": 0.6097742207544797,
            "brake": 0.015069106911122907,
            "steer": 0.0
        },
        {
            "throttle": 0.6069870728831435,
            "brake": 0.013562196220010616,
            "steer": 0.0
        },
        {
            "throttle": 0.6027673603290152,
            "brake": 0.012205976598009555,
            "steer": 0.0
        },
        {
            "throttle": 0.5971798559507543,
            "brake": 0.0109853789382086,
            "steer": 0.0
        },
        {
            "throttle": 0.5902962493078298,
            "brake": 0.00988684104438774,
            "steer": 0.0
        },
        {
            "throttle": 0.5821949420993493,
            "brake": 0.008898156939948967,
            "steer": 0.0
        },
        {
            "throttle": 0.572960760177541,
            "brake": 0.00800834124595407,
            "steer": 0.0
        },
        {
            "throttle": 0.5626845876104769,
            "brake": 0.007207507121358663,
            "steer": 0.0
        },
        {
            "throttle": 0.5514629285200451,
            "brake": 0.006486756409222797,
            "steer": 0.0
        },
        {
            "throttle": 0.5393974026629389,
            "brake": 0.005838080768300518,
            "steer": 0.0
        },
        {
            "throttle": 0.5265941809494021,
            "brake": 0.005254272691470466,
            "steer": 0.0
        },
        {
            "throttle": 0.513163367301976,
            "brake": 0.004728845422323419,
            "steer": 0.0
        },
        {
            "throttle": 0.49921833344027633,
            "brake": 0.004255960880091077,
            "steer": 0.0
        },
        {
            "throttle": 0.4848750133341139,
            "brake": 0.003830364792081969,
            "steer": 0.0
        },
        {
            "throttle": 0.4702511641926874,
            "brake": 0.0034473283128737724,
            "steer": 0.0
        },
        {
            "throttle": 0.4554656009492505,
            "brake": 0.0031025954815863954,
            "steer": 0.0
        },
        {
            "throttle": 0.44063741125611344,
            "brake": 0.002792335933427756,
            "steer": 0.0
        },
        {
            "throttle": 0.42588515802209553,
            "brake": 0.0025131023400849807,
            "steer": 0.0
        },
        {
            "throttle": 0.41132607650203096,
            "brake": 0.0022617921060764825,
            "steer": 0.0
        },
        {
            "throttle": 0.39707527288453653,
            "brake": 0.0020356128954688345,
            "steer": 0.0
        },
        {
            "throttle": 0.383244931219287,
            "brake": 0.0018320516059219512,
            "steer": 0.0
        },
        {
            "throttle": 0.36994353537825936,
            "brake": 0.0016488464453297562,
            "steer": 0.0
        },
        {
            "throttle": 0.3572751125569614,
            "brake": 0.0014839618007967807,
            "steer": 0.0
        },
        {
            "throttle": 0.3453385045921174,
            "brake": 0.0013355656207171026,
            "steer": 0.0
        },
        {
            "throttle": 0.334226673102607,
            "brake": 0.0012020090586453923,
            "steer": 0.0
        },
        {
            "throttle": 0.32402604415197334,
            "brake": 0.0010818081527808531,
            "steer": 0.0
        }
    ],
    "parameters": {
        "fog_density": 34.32835064610561,
        "precipitation": 92.57137830328112,
        "precipitation_deposits": 72.34298125315313,
        "wind_intensity": 37.36098941436973,
        "sun_altitude_angle": 40.723062993397576,
        "cloudiness": 36.796224048841786,
        "lead_base_throttle": 0.45991671560899544,
        "lead_behavior_frequency": 0.13772500756186534,
        "lead_throttle_variation": 0.22808330440374444,
        "lead_brake_probability": 0.26855123734024045,
        "lead_brake_intensity": 0.29075504069726477,
        "lead_brake_duration": 21.214859557743978,
        "initial_distance": 78.87967394660726,
        "initial_ego_velocity": 9.168874998915491,
        "initial_lead_velocity": 17.408411883605204
    },
    "config": {
        "num_timesteps": 200,
        "dt": 0.1,
        "seed": 103
    }
}