{
    "weather": {
        "cloudiness": 35.38770526335073,
        "precipitation": 7.615598371240562,
        "precipitation_deposits": 54.03568398063889,
        "wind_intensity": 14.305249492937122,
        "sun_altitude_angle": 74.94180117950428,
        "fog_density": 10.513487132753063,
        "fog_distance": 704.3713535279145,
        "wetness": 3.807799185620281
    },
    "initial_conditions": {
        "ego": {
            "position": {
                "x": 540.9479127602388,
                "y": 20.57,
                "z": 0.294
            },
            "yaw": 0.0,
            "velocity": 12.193763358042608
        },
        "lead": {
            "position": {
                "x": 484.88,
                "y": 20.57,
                "z": 0.294
            },
            "yaw": 0.0,
            "velocity": 11.260799816427854
        }
    },
    "ego": {
        "position": {
            "x": 540.9479127602388,
            "y": 20.57,
            "z": 0.294
        },
        "yaw": 0.0,
        "velocity": 12.193763358042608
    },
    "lead": {
        "position": {
            "x": 484.88,
            "y": 20.57,
            "z": 0.294
        },
        "yaw": 0.0,
        "velocity": 11.260799816427854
    },
    "ado_actions": [
        {
            "throttle": 0.5648702352044239,
            "brake": 0.0,
            "steer": 0.0
        },
        {
            "throttle": 0.5703866999134137,
            "brake": 0.0,
            "steer": 0.0
        },
        {
            "throttle": 0.5807226491930216,
            "brake": 0.0,
            "steer": 0.0
        },
        {
            "throttle": 0.5951092961300636,
            "brake": 0.0,
            "steer": 0.0
        },
        {
            "throttle": 0.6127207845981882,
            "brake": 0.0,
            "steer": 0.0
        },
        {
            "throttle": 0.632690981979291,
            "brake": 0.0,
            "steer": 0.0
        },
        {
            "throttle": 0.6541318294684851,
            "brake": 0.0,
            "steer": 0.0
        },
        {
            "throttle": 0.6761527168676622,
            "brake": 0.0,
            "steer": 0.0
        },
        {
            "throttle": 0.6978803267468967,
            "brake": 0.0,
            "steer": 0.0
        },
        {
            "throttle": 0.7184783849555846,
            "brake": 0.0,
            "steer": 0.0
        },
        {
            "throttle": 0.7371667609539644,
            "brake": 0.0,
            "steer": 0.0
        },
        {
            "throttle": 0.7532393821842893,
            "brake": 0.0,
            "steer": 0.0
        },
        {
            "throttle": 0.766080461202977,
            "brake": 0.0,
            "steer": 0.0
        },
        {
            "throttle": 0.775178581677787,
            "brake": 0.0,
            "steer": 0.0
        },
        {
            "throttle": 0.7801382484017183,
            "brake": 0.0,
            "steer": 0.0
        },
        {
            "throttle": 0.7806885756615622,
            "brake": 0.0,
            "steer": 0.0
        },
        {
            "throttle": 0.7766888658275292,
            "brake": 0.0,
            "steer": 0.0
        },
        {
            "throttle": 0.768130913882324,
            "brake": 0.0,
            "steer": 0.0
        },
        {
            "throttle": 0.7551379615957214,
            "brake": 0.0,
            "steer": 0.0
        },
        {
            "throttle": 0.7379603148752537,
            "brake": 0.0,
            "steer": 0.0
        },
        {
            "throttle": 0.7169677271359169,
            "brake": 0.0,
            "steer": 0.0
        },
        {
            "throttle": 0.6926387379944288,
            "brake": 0.0,
            "steer": 0.0
        },
        {
            "throttle": 0.6655472379426641,
            "brake": 0.0,
            "steer": 0.0
        },
        {
            "throttle": 0.6363466037598964,
            "brake": 0.0,
            "steer": 0.0
        },
        {
            "throttle": 0.6057518143434055,
            "brake": 0.0,
            "steer": 0.0
        },
        {
            "throttle": 0.5745200106717666,
            "brake": 0.0,
            "steer": 0.0
        },
        {
            "throttle": 0.5434300053503265,
            "brake": 0.0,
            "steer": 0.0
        },
        {
            "throttle": 0.5132612755327659,
            "brake": 0.0,
            "steer": 0.0
        },
        {
            "throttle": 0.4847729872269312,
            "brake": 0.0,
            "steer": 0.0
        },
        {
            "throttle": 0.4586835987095335,
            "brake": 0.0,
            "steer": 0.0
        },
        {
            "throttle": 0.4356515760063595,
            "brake": 0.0,
            "steer": 0.0
        },
        {
            "throttle": 0.4162577245368141,
            "brake": 0.0,
            "steer": 0.0
        },
        {
            "throttle": 0.4009895988390892,
            "brake": 0.0,
            "steer": 0.0
        },
        {
            "throttle": 0.3902283979007349,
            "brake": 0.0,
            "steer": 0.0
        },
        {
            "throttle": 0.38423868845583337,
            "brake": 0.0,
            "steer": 0.0
        },
        {
            "throttle": 0.3831612243946648,
            "brake": 0.0,
            "steer": 0.0
        },
        {
            "throttle": 0.38700904912315504,
            "brake": 0.0,
            "steer": 0.0
        },
        {
            "throttle": 0.39566698145249984,
            "brake": 0.0,
            "steer": 0.0
        },
        {
            "throttle": 0.40889449666924904,
            "brake": 0.0,
            "steer": 0.0
        },
        {
            "throttle": 0.4263319251780408,
            "brake": 0.0,
            "steer": 0.0
        },
        {
            "throttle": 0.4475098038767558,
            "brake": 0.0,
            "steer": 0.0
        },
        {
            "throttle": 0.4718611325171804,
            "brake": 0.0,
            "steer": 0.0
        },
        {
            "throttle": 0.498736210909242,
            "brake": 0.0,
            "steer": 0.0
        },
        {
            "throttle": 0.5274196649577096,
            "brake": 0.0,
            "steer": 0.0
        },
        {
            "throttle": 0.557149211966357,
            "brake": 0.0,
            "steer": 0.0
        },
        {
            "throttle": 0.5871356699234882,
            "brake": 0.0,
            "steer": 0.0
        },
        {
            "throttle": 0.6165836828000953,
            "brake": 0.0,
            "steer": 0.0
        },
        {
            "throttle": 0.6447126151097891,
            "brake": 0.0,
            "steer": 0.0
        },
        {
            "throttle": 0.6707770645937536,
            "brake": 0.0,
            "steer": 0.0
        },
        {
            "throttle": 0.6940864520206849,
            "brake": 0.0,
            "steer": 0.0
        },
        {
            "throttle": 0.7140231714649208,
            "brake": 0.0,
            "steer": 0.0
        },
        {
            "throttle": 0.7300588224042994,
            "brake": 0.0,
            "steer": 0.0
        },
        {
            "throttle": 0.6570529401638695,
            "brake": 0.01334504957839165,
            "steer": 0.0
        },
        {
            "throttle": 0.5913476461474826,
            "brake": 0.025355594198944134,
            "steer": 0.0
        },
        {
            "throttle": 0.5322128815327344,
            "brake": 0.03616508435744137,
            "steer": 0.0
        },
        {
            "throttle": 0.47899159337946096,
            "brake": 0.04589362550008889,
            "steer": 0.0
        },
        {
            "throttle": 0.43109243404151487,
            "brake": 0.054649312528471654,
            "steer": 0.0
        },
        {
            "throttle": 0.3879831906373634,
            "brake": 0.06252943085401613,
            "steer": 0.0
        },
        {
            "throttle": 0.3491848715736271,
            "brake": 0.06962153734700617,
            "steer": 0.0
        },
        {
            "throttle": 0.3142663844162644,
            "brake": 0.0760044331906972,
            "steer": 0.0
        },
        {
            "throttle": 0.282839745974638,
            "brake": 0.08174903945001914,
            "steer": 0.0
        },
        {
            "throttle": 0.2545557713771742,
            "brake": 0.08691918508340889,
            "steer": 0.0
        },
        {
            "throttle": 0.2291001942394568,
            "brake": 0.09157231615345965,
            "steer": 0.0
        },
        {
            "throttle": 0.2061901748155111,
            "brake": 0.09576013411650534,
            "steer": 0.0
        },
        {
            "throttle": 0.18557115733396,
            "brake": 0.09952917028324647,
            "steer": 0.0
        },
        {
            "throttle": 0.16701404160056402,
            "brake": 0.10292130283331348,
            "steer": 0.0
        },
        {
            "throttle": 0.15031263744050763,
            "brake": 0.10597422212837379,
            "steer": 0.0
        },
        {
            "throttle": 0.13528137369645687,
            "brake": 0.10872184949392806,
            "steer": 0.0
        },
        {
            "throttle": 0.14419056789923768,
            "brake": 0.09784966454453525,
            "steer": 0.0
        },
        {
            "throttle": 0.1529542665575559,
            "brake": 0.08806469809008173,
            "steer": 0.0
        },
        {
            "throttle": 0.16246443468607705,
            "brake": 0.07925822828107355,
            "steer": 0.0
        },
        {
            "throttle": 0.17348108638827095,
            "brake": 0.0713324054529662,
            "steer": 0.0
        },
        {
            "throttle": 0.1866234904383141,
            "brake": 0.06419916490766958,
            "steer": 0.0
        },
        {
            "throttle": 0.20236396101156967,
            "brake": 0.05777924841690262,
            "steer": 0.0
        },
        {
            "throttle": 0.22102450943440397,
            "brake": 0.05200132357521236,
            "steer": 0.0
        },
        {
            "throttle": 0.2427765462208142,
            "brake": 0.04680119121769112,
            "steer": 0.0
        },
        {
            "throttle": 0.2676437321965682,
            "brake": 0.04212107209592201,
            "steer": 0.0
        },
        {
            "throttle": 0.2955079854524012,
            "brake": 0.03790896488632981,
            "steer": 0.0
        },
        {
            "throttle": 0.32611855954055924,
            "brake": 0.03411806839769683,
            "steer": 0.0
        },
        {
            "throttle": 0.3591040200487221,
            "brake": 0.030706261557927148,
            "steer": 0.0
        },
        {
            "throttle": 0.3939868636960175,
            "brake": 0.027635635402134432,
            "steer": 0.0
        },
        {
            "throttle": 0.4302004485101633,
            "brake": 0.02487207186192099,
            "steer": 0.0
        },
        {
            "throttle": 0.46710783738778683,
            "brake": 0.02238486467572889,
            "steer": 0.0
        },
        {
            "throttle": 0.5040221020975599,
            "brake": 0.020146378208156002,
            "steer": 0.0
        },
        {
            "throttle": 0.5402275919596422,
            "brake": 0.018131740387340403,
            "steer": 0.0
        },
        {
            "throttle": 0.5750016421049771,
            "brake": 0.016318566348606362,
            "steer": 0.0
        },
        {
            "throttle": 0.6076361811134421,
            "brake": 0.014686709713745727,
            "steer": 0.0
        },
        {
            "throttle": 0.637458697309511,
            "brake": 0.013218038742371154,
            "steer": 0.0
        },
        {
            "throttle": 0.6638520370363992,
            "brake": 0.011896234868134039,
            "steer": 0.0
        },
        {
            "throttle": 0.6862725364329838,
            "brake": 0.010706611381320636,
            "steer": 0.0
        },
        {
            "throttle": 0.7042660298305423,
            "brake": 0.009635950243188572,
            "steer": 0.0
        },
        {
            "throttle": 0.7174813317470653,
            "brake": 0.008672355218869715,
            "steer": 0.0
        },
        {
            "throttle": 0.7256808541434809,
            "brake": 0.007805119696982744,
            "steer": 0.0
        },
        {
            "throttle": 0.7287480943935641,
            "brake": 0.00702460772728447,
            "steer": 0.0
        },
        {
            "throttle": 0.726691810344917,
            "brake": 0.0063221469545560235,
            "steer": 0.0
        },
        {
            "throttle": 0.7196467847633122,
            "brake": 0.005689932259100422,
            "steer": 0.0
        },
        {
            "throttle": 0.7078711700782648,
            "brake": 0.00512093903319038,
            "steer": 0.0
        },
        {
            "throttle": 0.691740493335406,
            "brake": 0.004608845129871342,
            "steer": 0.0
        },
        {
            "throttle": 0.6717384882543626,
            "brake": 0.004147960616884208,
            "steer": 0.0
        },
        {
            "throttle": 0.6484450039864821,
            "brake": 0.003733164555195787,
            "steer": 0.0
        },
        {
            "throttle": 0.6225213163762675,
            "brake": 0.0033598480996762086,
            "steer": 0.0
        },
        {
            "throttle": 0.594693235237076,
            "brake": 0.0030238632897085877,
            "steer": 0.0
        },
        {
            "throttle": 0.565732458563669,
            "brake": 0.002721476960737729,
            "steer": 0.0
        },
        {
            "throttle": 0.5364366702017718,
            "brake": 0.002449329264663956,
            "steer": 0.0
        },
        {
            "throttle": 0.5076089100700993,
            "brake": 0.0022043963381975606,
            "steer": 0.0
        },
        {
            "throttle": 0.4800367647192383,
            "brake": 0.0019839567043778046,
            "steer": 0.0
        },
        {
            "throttle": 0.45447193031668814,
            "brake": 0.0017855610339400241,
            "steer": 0.0
        },
        {
            "throttle": 0.431610689950087,
            "brake": 0.0016070049305460217,
            "steer": 0.0
        },
        {
            "throttle": 0.4120758227055377,
            "brake": 0.0014463044374914196,
            "steer": 0.0
        },
        {
            "throttle": 0.39640042394491726,
            "brake": 0.0013016739937422776,
            "steer": 0.0
        },
        {
            "throttle": 0.38501406557361384,
            "brake": 0.00117150659436805,
            "steer": 0.0
        },
        {
            "throttle": 0.3782316631891101,
            "brake": 0.001054355934931245,
            "steer": 0.0
        },
        {
            "throttle": 0.3762453454592096,
            "brake": 0.0009489203414381204,
            "steer": 0.0
        },
        {
            "throttle": 0.3791195417787584,
            "brake": 0.0008540283072943084,
            "steer": 0.0
        },
        {
            "throttle": 0.3867894192823564,
            "brake": 0.0007686254765648776,
            "steer": 0.0
        },
        {
            "throttle": 0.399062711884342,
            "brake": 0.0006917629289083898,
            "steer": 0.0
        },
        {
            "throttle": 0.4156248945035257,
            "brake": 0.0006225866360175509,
            "steer": 0.0
        },
        {
            "throttle": 0.436047567365367,
            "brake": 0.0005603279724157958,
            "steer": 0.0
        },
        {
            "throttle": 0.4597998305824058,
            "brake": 0.0005042951751742163,
            "steer": 0.0
        },
        {
            "throttle": 0.486262350324688,
            "brake": 0.00045386565765679466,
            "steer": 0.0
        },
        {
            "throttle": 0.51474374688281,
            "brake": 0.0004084790918911152,
            "steer": 0.0
        },
        {
            "throttle": 0.5444988736667303,
            "brake": 0.0003676311827020037,
            "steer": 0.0
        },
        {
            "throttle": 0.5747485062865928,
            "brake": 0.0003308680644318033,
            "steer": 0.0
        },
        {
            "throttle": 0.6046999236411306,
            "brake": 0.000297781257988623,
            "steer": 0.0
        },
        {
            "throttle": 0.6335678393745989,
            "brake": 0.0002680031321897607,
            "steer": 0.0
        },
        {
            "throttle": 0.6605951327746997,
            "brake": 0.00024120281897078465,
            "steer": 0.0
        },
        {
            "throttle": 0.6850728334156961,
            "brake": 0.00021708253707370618,
            "steer": 0.0
        },
        {
            "throttle": 0.7063588334644462,
            "brake": 0.00019537428336633555,
            "steer": 0.0
        },
        {
            "throttle": 0.723894835045177,
            "brake": 0.000175836855029702,
            "steer": 0.0
        },
        {
            "throttle": 0.7372210865189981,
            "brake": 0.0001582531695267318,
            "steer": 0.0
        },
        {
            "throttle": 0.6634989778670983,
            "brake": 0.013487477430965709,
            "steer": 0.0
        },
        {
            "throttle": 0.5971490800803885,
            "brake": 0.02548377926626079,
            "steer": 0.0
        },
        {
            "throttle": 0.5374341720723497,
            "brake": 0.03628045091802636,
            "steer": 0.0
        },
        {
            "throttle": 0.4836907548651147,
            "brake": 0.045997455404615376,
            "steer": 0.0
        },
        {
            "throttle": 0.4353216793786032,
            "brake": 0.05474275944254549,
            "steer": 0.0
        },
        {
            "throttle": 0.3917895114407429,
            "brake": 0.06261353307668259,
            "steer": 0.0
        },
        {
            "throttle": 0.35261056029666865,
            "brake": 0.06969722934740598,
            "steer": 0.0
        },
        {
            "throttle": 0.3173495042670018,
            "brake": 0.07607255599105703,
            "steer": 0.0
        },
        {
            "throttle": 0.28561455384030165,
            "brake": 0.08181034997034298,
            "steer": 0.0
        },
        {
            "throttle": 0.2570530984562715,
            "brake": 0.08697436455170034,
            "steer": 0.0
        },
        {
            "throttle": 0.23134778861064437,
            "brake": 0.09162197767492196,
            "steer": 0.0
        },
        {
            "throttle": 0.20821300974957993,
            "brake": 0.09580482948582142,
            "steer": 0.0
        },
        {
            "throttle": 0.18739170877462194,
            "brake": 0.09956939611563093,
            "steer": 0.0
        },
        {
            "throttle": 0.16865253789715975,
            "brake": 0.10295750608245949,
            "steer": 0.0
        },
        {
            "throttle": 0.15178728410744377,
            "brake": 0.1060068050526052,
            "steer": 0.0
        },
        {
            "throttle": 0.13660855569669939,
            "brake": 0.10875117412573633,
            "steer": 0.0
        },
        {
            "throttle": 0.14578104062038122,
            "brake": 0.0978760567131627,
            "steer": 0.0
        },
        {
            "throttle": 0.15536832070474432,
            "brake": 0.08808845104184643,
            "steer": 0.0
        },
        {
            "throttle": 0.16618044411254346,
            "brake": 0.07927960593766178,
            "steer": 0.0
        },
        {
            "throttle": 0.17888892705166637,
            "brake": 0.07135164534389561,
            "steer": 0.0
        },
        {
            "throttle": 0.19401968868027092,
            "brake": 0.06421648080950605,
            "steer": 0.0
        },
        {
            "throttle": 0.2119487592004292,
            "brake": 0.05779483272855545,
            "steer": 0.0
        },
        {
            "throttle": 0.23290098047534646,
            "brake": 0.052015349455699904,
            "steer": 0.0
        },
        {
            "throttle": 0.2569518290395924,
            "brake": 0.04681381451012991,
            "steer": 0.0
        },
        {
            "throttle": 0.2840323995473123,
            "brake": 0.042132433059116924,
            "steer": 0.0
        },
        {
            "throttle": 0.3139374948329756,
            "brake": 0.03791918975320523,
            "steer": 0.0
        },
        {
            "throttle": 0.34633667916758726,
            "brake": 0.03412727077788471,
            "steer": 0.0
        },
        {
            "throttle": 0.3807880662547037,
            "brake": 0.03071454370009624,
            "steer": 0.0
        },
        {
            "throttle": 0.4167545351879623,
            "brake": 0.027643089330086613,
            "steer": 0.0
        },
        {
            "throttle": 0.45362199797888053,
            "brake": 0.024878780397077953,
            "steer": 0.0
        },
        {
            "throttle": 0.4907192831316464,
            "brake": 0.02239090235737016,
            "steer": 0.0
        },
        {
            "throttle": 0.5273391525918897,
            "brake": 0.020151812121633143,
            "steer": 0.0
        },
        {
            "throttle": 0.5627599354203452,
            "brake": 0.01813663090946983,
            "steer": 0.0
        },
        {
            "throttle": 0.5962672415892788,
            "brake": 0.016322967818522847,
            "steer": 0.0
        },
        {
            "throttle": 0.6271752138540297,
            "brake": 0.014690671036670563,
            "steer": 0.0
        },
        {
            "throttle": 0.6548467848204614,
            "brake": 0.013221603933003506,
            "steer": 0.0
        },
        {
            "throttle": 0.6787124298365949,
            "brake": 0.011899443539703156,
            "steer": 0.0
        },
        {
            "throttle": 0.6982869435339141,
            "brake": 0.010709499185732841,
            "steer": 0.0
        },
        {
            "throttle": 0.7131838177237848,
            "brake": 0.009638549267159558,
            "steer": 0.0
        },
        {
            "throttle": 0.7231268595786972,
            "brake": 0.008674694340443602,
            "steer": 0.0
        },
        {
            "throttle": 0.7279587599617794,
            "brake": 0.007807224906399242,
            "steer": 0.0
        },
        {
            "throttle": 0.7276464005227499,
            "brake": 0.007026502415759318,
            "steer": 0.0
        },
        {
            "throttle": 0.7222827726616432,
            "brake": 0.006323852174183386,
            "steer": 0.0
        },
        {
            "throttle": 0.7120854694315568,
            "brake": 0.0056914669567650475,
            "steer": 0.0
        },
        {
            "throttle": 0.6973918005763583,
            "brake": 0.005122320261088543,
            "steer": 0.0
        },
        {
            "throttle": 0.6786506688178358,
            "brake": 0.0046100882349796885,
            "steer": 0.0
        },
        {
            "throttle": 0.6564114298912584,
            "brake": 0.00414907941148172,
            "steer": 0.0
        },
        {
            "throttle": 0.6313100374451649,
            "brake": 0.0037341714703335483,
            "steer": 0.0
        },
        {
            "throttle": 0.6040528446897651,
            "brake": 0.0033607543233001936,
            "steer": 0.0
        },
        {
            "throttle": 0.5753984957257527,
            "brake": 0.003024678890970174,
            "steer": 0.0
        },
        {
            "throttle": 0.546138389195609,
            "brake": 0.002722211001873157,
            "steer": 0.0
        },
        {
            "throttle": 0.5170762339561399,
            "brake": 0.0024499899016858415,
            "steer": 0.0
        },
        {
            "throttle": 0.48900723989157585,
            "brake": 0.0022049909115172575,
            "steer": 0.0
        },
        {
            "throttle": 0.46269749614848044,
            "brake": 0.0019844918203655317,
            "steer": 0.0
        },
        {
            "throttle": 0.4164277465336324,
            "brake": 0.015131092216720628,
            "steer": 0.0
        },
        {
            "throttle": 0.37478497188026916,
            "brake": 0.026963032573440217,
            "steer": 0.0
        },
        {
            "throttle": 0.33730647469224223,
            "brake": 0.03761177889448784,
            "steer": 0.0
        },
        {
            "throttle": 0.303575827223018,
            "brake": 0.04719565058343071,
            "steer": 0.0
        },
        {
            "throttle": 0.27321824450071625,
            "brake": 0.055821135103479295,
            "steer": 0.0
        },
        {
            "throttle": 0.24589642005064463,
            "brake": 0.06358407117152301,
            "steer": 0.0
        },
        {
            "throttle": 0.22130677804558016,
            "brake": 0.07057071363276236,
            "steer": 0.0
        },
        {
            "throttle": 0.19917610024102214,
            "brake": 0.07685869184787777,
            "steer": 0.0
        },
        {
            "throttle": 0.17925849021691992,
            "brake": 0.08251787224148165,
            "steer": 0.0
        },
        {
            "throttle": 0.16133264119522794,
            "brake": 0.08761113459572513,
            "steer": 0.0
        },
        {
            "throttle": 0.14519937707570515,
            "brake": 0.09219507071454427,
            "steer": 0.0
        },
        {
            "throttle": 0.13067943936813464,
            "brake": 0.0963206132214815,
            "steer": 0.0
        },
        {
            "throttle": 0.11761149543132118,
            "brake": 0.100033601477725,
            "steer": 0.0
        },
        {
            "throttle": 0.10585034588818906,
            "brake": 0.10337529090834416,
            "steer": 0.0
        },
        {
            "throttle": 0.09526531129937016,
            "brake": 0.1063828113959014,
            "steer": 0.0
        },
        {
            "throttle": 0.08573878016943315,
            "brake": 0.10908957983470291,
            "steer": 0.0
        }
    ],
    "parameters": {
        "fog_density": 10.513487132753063,
        "precipitation": 7.615598371240562,
        "precipitation_deposits": 54.03568398063889,
        "wind_intensity": 14.305249492937122,
        "sun_altitude_angle": 74.94180117950428,
        "cloudiness": 35.38770526335073,
        "lead_base_throttle": 0.5648702352044238,
        "lead_behavior_frequency": 0.25861321787198494,
        "lead_throttle_variation": 0.3409911363116896,
        "lead_brake_probability": 0.2155275118732835,
        "lead_brake_intensity": 0.1334504957839165,
        "lead_brake_duration": 16.008486702424385,
        "initial_distance": 56.06791276023881,
        "initial_ego_velocity": 12.193763358042608,
        "initial_lead_velocity": 11.260799816427854
    },
    "config": {
        "num_timesteps": 200,
        "dt": 0.1,
        "seed": 185
    }
}