{
    "weather": {
        "cloudiness": 93.90303407775845,
        "precipitation": 17.851273856500082,
        "precipitation_deposits": 25.07041032180798,
        "wind_intensity": 6.693985191988033,
        "sun_altitude_angle": -11.907110416064306,
        "fog_density": 59.54559431372885,
        "fog_distance": 137.40079079463777,
        "wetness": 8.925636928250041
    },
    "initial_conditions": {
        "ego": {
            "position": {
                "x": 513.553188396441,
                "y": 20.57,
                "z": 0.294
            },
            "yaw": 0.0,
            "velocity": 11.932646708379302
        },
        "lead": {
            "position": {
                "x": 484.88,
                "y": 20.57,
                "z": 0.294
            },
            "yaw": 0.0,
            "velocity": 6.680200722418858
        }
    },
    "ego": {
        "position": {
            "x": 513.553188396441,
            "y": 20.57,
            "z": 0.294
        },
        "yaw": 0.0,
        "velocity": 11.932646708379302
    },
    "lead": {
        "position": {
            "x": 484.88,
            "y": 20.57,
            "z": 0.294
        },
        "yaw": 0.0,
        "velocity": 6.680200722418858
    },
    "ado_actions": [
        {
            "throttle": 0.5885811546695415,
            "brake": 0.0,
            "steer": 0.0
        },
        {
            "throttle": 0.5890025206437765,
            "brake": 0.0,
            "steer": 0.0
        },
        {
            "throttle": 0.5898018962778203,
            "brake": 0.0,
            "steer": 0.0
        },
        {
            "throttle": 0.5909390447023697,
            "brake": 0.0,
            "steer": 0.0
        },
        {
            "throttle": 0.5923765435998769,
            "brake": 0.0,
            "steer": 0.0
        },
        {
            "throttle": 0.5940795143005717,
            "brake": 0.0,
            "steer": 0.0
        },
        {
            "throttle": 0.5960153814383896,
            "brake": 0.0,
            "steer": 0.0
        },
        {
            "throttle": 0.5981536600702326,
            "brake": 0.0,
            "steer": 0.0
        },
        {
            "throttle": 0.6004657674617161,
            "brake": 0.0,
            "steer": 0.0
        },
        {
            "throttle": 0.6029248570124639,
            "brake": 0.0,
            "steer": 0.0
        },
        {
            "throttle": 0.6055056720371024,
            "brake": 0.0,
            "steer": 0.0
        },
        {
            "throttle": 0.6081844173370831,
            "brake": 0.0,
            "steer": 0.0
        },
        {
            "throttle": 0.6109386466957833,
            "brake": 0.0,
            "steer": 0.0
        },
        {
            "throttle": 0.6137471646071673,
            "brake": 0.0,
            "steer": 0.0
        },
        {
            "throttle": 0.6165899407086289,
            "brake": 0.0,
            "steer": 0.0
        },
        {
            "throttle": 0.6194480355332486,
            "brake": 0.0,
            "steer": 0.0
        },
        {
            "throttle": 0.6223035363271723,
            "brake": 0.0,
            "steer": 0.0
        },
        {
            "throttle": 0.625139501795613,
            "brake": 0.0,
            "steer": 0.0
        },
        {
            "throttle": 0.6279399147473509,
            "brake": 0.0,
            "steer": 0.0
        },
        {
            "throttle": 0.6306896417037583,
            "brake": 0.0,
            "steer": 0.0
        },
        {
            "throttle": 0.6333743986253166,
            "brake": 0.0,
            "steer": 0.0
        },
        {
            "throttle": 0.6359807219872804,
            "brake": 0.0,
            "steer": 0.0
        },
        {
            "throttle": 0.6384959445074161,
            "brake": 0.0,
            "steer": 0.0
        },
        {
            "throttle": 0.6409081748933562,
            "brake": 0.0,
            "steer": 0.0
        },
        {
            "throttle": 0.6432062810357443,
            "brake": 0.0,
            "steer": 0.0
        },
        {
            "throttle": 0.645379876126621,
            "brake": 0.0,
            "steer": 0.0
        },
        {
            "throttle": 0.6474193072309479,
            "brake": 0.0,
            "steer": 0.0
        },
        {
            "throttle": 0.6493156458832999,
            "brake": 0.0,
            "steer": 0.0
        },
        {
            "throttle": 0.6510606803219938,
            "brake": 0.0,
            "steer": 0.0
        },
        {
            "throttle": 0.6526469090096805,
            "brake": 0.0,
            "steer": 0.0
        },
        {
            "throttle": 0.6540675351230469,
            "brake": 0.0,
            "steer": 0.0
        },
        {
            "throttle": 0.6553164617250818,
            "brake": 0.0,
            "steer": 0.0
        },
        {
            "throttle": 0.6563882873616296,
            "brake": 0.0,
            "steer": 0.0
        },
        {
            "throttle": 0.6572783018499584,
            "brake": 0.0,
            "steer": 0.0
        },
        {
            "throttle": 0.6579824820510104,
            "brake": 0.0,
            "steer": 0.0
        },
        {
            "throttle": 0.6584974874391041,
            "brake": 0.0,
            "steer": 0.0
        },
        {
            "throttle": 0.6588206553032908,
            "brake": 0.0,
            "steer": 0.0
        },
        {
            "throttle": 0.6589499954334961,
            "brake": 0.0,
            "steer": 0.0
        },
        {
            "throttle": 0.6588841841621449,
            "brake": 0.0,
            "steer": 0.0
        },
        {
            "throttle": 0.6586225576483012,
            "brake": 0.0,
            "steer": 0.0
        },
        {
            "throttle": 0.6581651043065707,
            "brake": 0.0,
            "steer": 0.0
        },
        {
            "throttle": 0.6575124562972048,
            "brake": 0.0,
            "steer": 0.0
        },
        {
            "throttle": 0.6566658800071157,
            "brake": 0.0,
            "steer": 0.0
        },
        {
            "throttle": 0.6556272654639206,
            "brake": 0.0,
            "steer": 0.0
        },
        {
            "throttle": 0.654399114636767,
            "brake": 0.0,
            "steer": 0.0
        },
        {
            "throttle": 0.6529845285886038,
            "brake": 0.0,
            "steer": 0.0
        },
        {
            "throttle": 0.6513871934548046,
            "brake": 0.0,
            "steer": 0.0
        },
        {
            "throttle": 0.64961136523268,
            "brake": 0.0,
            "steer": 0.0
        },
        {
            "throttle": 0.6476618533754575,
            "brake": 0.0,
            "steer": 0.0
        },
        {
            "throttle": 0.6455440031928159,
            "brake": 0.0,
            "steer": 0.0
        },
        {
            "throttle": 0.6432636770680593,
            "brake": 0.0,
            "steer": 0.0
        },
        {
            "throttle": 0.6408272345095191,
            "brake": 0.0,
            "steer": 0.0
        },
        {
            "throttle": 0.6382415110608335,
            "brake": 0.0,
            "steer": 0.0
        },
        {
            "throttle": 0.6355137961013622,
            "brake": 0.0,
            "steer": 0.0
        },
        {
            "throttle": 0.632651809574186,
            "brake": 0.0,
            "steer": 0.0
        },
        {
            "throttle": 0.6296636776849276,
            "brake": 0.0,
            "steer": 0.0
        },
        {
            "throttle": 0.6265579076200216,
            "brake": 0.0,
            "steer": 0.0
        },
        {
            "throttle": 0.6233433613380702,
            "brake": 0.0,
            "steer": 0.0
        },
        {
            "throttle": 0.6200292284925616,
            "brake": 0.0,
            "steer": 0.0
        },
        {
            "throttle": 0.6166249985484983,
            "brake": 0.0,
            "steer": 0.0
        },
        {
            "throttle": 0.6131404321594017,
            "brake": 0.0,
            "steer": 0.0
        },
        {
            "throttle": 0.6095855318747238,
            "brake": 0.0,
            "steer": 0.0
        },
        {
            "throttle": 0.6059705122509157,
            "brake": 0.0,
            "steer": 0.0
        },
        {
            "throttle": 0.6023057694422885,
            "brake": 0.0,
            "steer": 0.0
        },
        {
            "throttle": 0.5986018503503394,
            "brake": 0.0,
            "steer": 0.0
        },
        {
            "throttle": 0.5948694214124346,
            "brake": 0.0,
            "steer": 0.0
        },
        {
            "throttle": 0.5911192371126218,
            "brake": 0.0,
            "steer": 0.0
        },
        {
            "throttle": 0.5873621082989107,
            "brake": 0.0,
            "steer": 0.0
        },
        {
            "throttle": 0.5836088703925969,
            "brake": 0.0,
            "steer": 0.0
        },
        {
            "throttle": 0.5798703515761346,
            "brake": 0.0,
            "steer": 0.0
        },
        {
            "throttle": 0.5761573410466754,
            "brake": 0.0,
            "steer": 0.0
        },
        {
            "throttle": 0.5724805574226964,
            "brake": 0.0,
            "steer": 0.0
        },
        {
            "throttle": 0.5688506173911486,
            "brake": 0.0,
            "steer": 0.0
        },
        {
            "throttle": 0.5652780046822576,
            "brake": 0.0,
            "steer": 0.0
        },
        {
            "throttle": 0.561773039458527,
            "brake": 0.0,
            "steer": 0.0
        },
        {
            "throttle": 0.5583458482036174,
            "brake": 0.0,
            "steer": 0.0
        },
        {
            "throttle": 0.5550063341956263,
            "brake": 0.0,
            "steer": 0.0
        },
        {
            "throttle": 0.5517641486478588,
            "brake": 0.0,
            "steer": 0.0
        },
        {
            "throttle": 0.548628662598492,
            "brake": 0.0,
            "steer": 0.0
        },
        {
            "throttle": 0.5456089396285762,
            "brake": 0.0,
            "steer": 0.0
        },
        {
            "throttle": 0.5427137094856153,
            "brake": 0.0,
            "steer": 0.0
        },
        {
            "throttle": 0.5399513426875164,
            "brake": 0.0,
            "steer": 0.0
        },
        {
            "throttle": 0.5373298261790205,
            "brake": 0.0,
            "steer": 0.0
        },
        {
            "throttle": 0.5348567401098171,
            "brake": 0.0,
            "steer": 0.0
        },
        {
            "throttle": 0.5325392358004268,
            "brake": 0.0,
            "steer": 0.0
        },
        {
            "throttle": 0.5303840149586099,
            "brake": 0.0,
            "steer": 0.0
        },
        {
            "throttle": 0.528397310205542,
            "brake": 0.0,
            "steer": 0.0
        },
        {
            "throttle": 0.5265848669673002,
            "brake": 0.0,
            "steer": 0.0
        },
        {
            "throttle": 0.5249519267833295,
            "brake": 0.0,
            "steer": 0.0
        },
        {
            "throttle": 0.5235032120795375,
            "brake": 0.0,
            "steer": 0.0
        },
        {
            "throttle": 0.5222429124494895,
            "brake": 0.0,
            "steer": 0.0
        },
        {
            "throttle": 0.5211746724828706,
            "brake": 0.0,
            "steer": 0.0
        },
        {
            "throttle": 0.5203015811759606,
            "brake": 0.0,
            "steer": 0.0
        },
        {
            "throttle": 0.519626162954332,
            "brake": 0.0,
            "steer": 0.0
        },
        {
            "throttle": 0.5191503703333639,
            "brake": 0.0,
            "steer": 0.0
        },
        {
            "throttle": 0.5188755782374578,
            "brake": 0.0,
            "steer": 0.0
        },
        {
            "throttle": 0.5188025799940807,
            "brake": 0.0,
            "steer": 0.0
        },
        {
            "throttle": 0.5189315850139409,
            "brake": 0.0,
            "steer": 0.0
        },
        {
            "throttle": 0.5192622181637522,
            "brake": 0.0,
            "steer": 0.0
        },
        {
            "throttle": 0.5197935208331692,
            "brake": 0.0,
            "steer": 0.0
        },
        {
            "throttle": 0.5205239536925923,
            "brake": 0.0,
            "steer": 0.0
        },
        {
            "throttle": 0.5214514011336723,
            "brake": 0.0,
            "steer": 0.0
        },
        {
            "throttle": 0.5225731773794887,
            "brake": 0.0,
            "steer": 0.0
        },
        {
            "throttle": 0.5238860342465623,
            "brake": 0.0,
            "steer": 0.0
        },
        {
            "throttle": 0.5253861705360938,
            "brake": 0.0,
            "steer": 0.0
        },
        {
            "throttle": 0.5270692430271214,
            "brake": 0.0,
            "steer": 0.0
        },
        {
            "throttle": 0.5289303790396629,
            "brake": 0.0,
            "steer": 0.0
        },
        {
            "throttle": 0.5309641905313749,
            "brake": 0.0,
            "steer": 0.0
        },
        {
            "throttle": 0.5331647896868343,
            "brake": 0.0,
            "steer": 0.0
        },
        {
            "throttle": 0.5355258059542343,
            "brake": 0.0,
            "steer": 0.0
        },
        {
            "throttle": 0.5380404044801044,
            "brake": 0.0,
            "steer": 0.0
        },
        {
            "throttle": 0.5407013058886285,
            "brake": 0.0,
            "steer": 0.0
        },
        {
            "throttle": 0.5435008073482447,
            "brake": 0.0,
            "steer": 0.0
        },
        {
            "throttle": 0.5464308048644929,
            "brake": 0.0,
            "steer": 0.0
        },
        {
            "throttle": 0.5494828167345324,
            "brake": 0.0,
            "steer": 0.0
        },
        {
            "throttle": 0.5526480080953912,
            "brake": 0.0,
            "steer": 0.0
        },
        {
            "throttle": 0.5559172164948512,
            "brake": 0.0,
            "steer": 0.0
        },
        {
            "throttle": 0.5592809784109123,
            "brake": 0.0,
            "steer": 0.0
        },
        {
            "throttle": 0.5627295566430406,
            "brake": 0.0,
            "steer": 0.0
        },
        {
            "throttle": 0.5662529684958818,
            "brake": 0.0,
            "steer": 0.0
        },
        {
            "throttle": 0.5698410146738333,
            "brake": 0.0,
            "steer": 0.0
        },
        {
            "throttle": 0.5734833088028105,
            "brake": 0.0,
            "steer": 0.0
        },
        {
            "throttle": 0.5771693074937307,
            "brake": 0.0,
            "steer": 0.0
        },
        {
            "throttle": 0.5808883408606721,
            "brake": 0.0,
            "steer": 0.0
        },
        {
            "throttle": 0.5846296434053511,
            "brake": 0.0,
            "steer": 0.0
        },
        {
            "throttle": 0.5883823851785032,
            "brake": 0.0,
            "steer": 0.0
        },
        {
            "throttle": 0.5921357031279493,
            "brake": 0.0,
            "steer": 0.0
        },
        {
            "throttle": 0.5958787325425954,
            "brake": 0.0,
            "steer": 0.0
        },
        {
            "throttle": 0.5996006385013336,
            "brake": 0.0,
            "steer": 0.0
        },
        {
            "throttle": 0.6032906472357993,
            "brake": 0.0,
            "steer": 0.0
        },
        {
            "throttle": 0.606938077316192,
            "brake": 0.0,
            "steer": 0.0
        },
        {
            "throttle": 0.610532370569879,
            "brake": 0.0,
            "steer": 0.0
        },
        {
            "throttle": 0.6140631226432735,
            "brake": 0.0,
            "steer": 0.0
        },
        {
            "throttle": 0.6175201131185164,
            "brake": 0.0,
            "steer": 0.0
        },
        {
            "throttle": 0.620893335097777,
            "brake": 0.0,
            "steer": 0.0
        },
        {
            "throttle": 0.6241730241695294,
            "brake": 0.0,
            "steer": 0.0
        },
        {
            "throttle": 0.6273496866729533,
            "brake": 0.0,
            "steer": 0.0
        },
        {
            "throttle": 0.6304141271786393,
            "brake": 0.0,
            "steer": 0.0
        },
        {
            "throttle": 0.6333574751060443,
            "brake": 0.0,
            "steer": 0.0
        },
        {
            "throttle": 0.636171210400648,
            "brake": 0.0,
            "steer": 0.0
        },
        {
            "throttle": 0.6388471881964782,
            "brake": 0.0,
            "steer": 0.0
        },
        {
            "throttle": 0.6413776623926137,
            "brake": 0.0,
            "steer": 0.0
        },
        {
            "throttle": 0.643755308075414,
            "brake": 0.0,
            "steer": 0.0
        },
        {
            "throttle": 0.6459732427215708,
            "brake": 0.0,
            "steer": 0.0
        },
        {
            "throttle": 0.6480250461206016,
            "brake": 0.0,
            "steer": 0.0
        },
        {
            "throttle": 0.6499047789591152,
            "brake": 0.0,
            "steer": 0.0
        },
        {
            "throttle": 0.651607000013052,
            "brake": 0.0,
            "steer": 0.0
        },
        {
            "throttle": 0.6531267818981317,
            "brake": 0.0,
            "steer": 0.0
        },
        {
            "throttle": 0.654459725332914,
            "brake": 0.0,
            "steer": 0.0
        },
        {
            "throttle": 0.6556019718731858,
            "brake": 0.0,
            "steer": 0.0
        },
        {
            "throttle": 0.6565502150808099,
            "brake": 0.0,
            "steer": 0.0
        },
        {
            "throttle": 0.6573017100947054,
            "brake": 0.0,
            "steer": 0.0
        },
        {
            "throttle": 0.6578542815762536,
            "brake": 0.0,
            "steer": 0.0
        },
        {
            "throttle": 0.6582063300061297,
            "brake": 0.0,
            "steer": 0.0
        },
        {
            "throttle": 0.6583568363143314,
            "brake": 0.0,
            "steer": 0.0
        },
        {
            "throttle": 0.6583053648300019,
            "brake": 0.0,
            "steer": 0.0
        },
        {
            "throttle": 0.6580520645425086,
            "brake": 0.0,
            "steer": 0.0
        },
        {
            "throttle": 0.6575976686701255,
            "brake": 0.0,
            "steer": 0.0
        },
        {
            "throttle": 0.6569434925375668,
            "brake": 0.0,
            "steer": 0.0
        },
        {
            "throttle": 0.6560914297685182,
            "brake": 0.0,
            "steer": 0.0
        },
        {
            "throttle": 0.6550439468041827,
            "brake": 0.0,
            "steer": 0.0
        },
        {
            "throttle": 0.653804075763711,
            "brake": 0.0,
            "steer": 0.0
        },
        {
            "throttle": 0.652375405667181,
            "brake": 0.0,
            "steer": 0.0
        },
        {
            "throttle": 0.6507620720465332,
            "brake": 0.0,
            "steer": 0.0
        },
        {
            "throttle": 0.6489687449745354,
            "brake": 0.0,
            "steer": 0.0
        },
        {
            "throttle": 0.6470006155464274,
            "brake": 0.0,
            "steer": 0.0
        },
        {
            "throttle": 0.6448633808533785,
            "brake": 0.0,
            "steer": 0.0
        },
        {
            "throttle": 0.642563227491252,
            "brake": 0.0,
            "steer": 0.0
        },
        {
            "throttle": 0.6401068136524167,
            "brake": 0.0,
            "steer": 0.0
        },
        {
            "throttle": 0.6375012498524397,
            "brake": 0.0,
            "steer": 0.0
        },
        {
            "throttle": 0.634754078347454,
            "brake": 0.0,
            "steer": 0.0
        },
        {
            "throttle": 0.6318732513017781,
            "brake": 0.0,
            "steer": 0.0
        },
        {
            "throttle": 0.6288671077689867,
            "brake": 0.0,
            "steer": 0.0
        },
        {
            "throttle": 0.6257443495530636,
            "brake": 0.0,
            "steer": 0.0
        },
        {
            "throttle": 0.6225140160195117,
            "brake": 0.0,
            "steer": 0.0
        },
        {
            "throttle": 0.6191854579293333,
            "brake": 0.0,
            "steer": 0.0
        },
        {
            "throttle": 0.6157683103716223,
            "brake": 0.0,
            "steer": 0.0
        },
        {
            "throttle": 0.6122724648731199,
            "brake": 0.0,
            "steer": 0.0
        },
        {
            "throttle": 0.6087080407654684,
            "brake": 0.0,
            "steer": 0.0
        },
        {
            "throttle": 0.6050853558930429,
            "brake": 0.0,
            "steer": 0.0
        },
        {
            "throttle": 0.6014148967461559,
            "brake": 0.0,
            "steer": 0.0
        },
        {
            "throttle": 0.5977072881060855,
            "brake": 0.0,
            "steer": 0.0
        },
        {
            "throttle": 0.5939732622897981,
            "brake": 0.0,
            "steer": 0.0
        },
        {
            "throttle": 0.5902236280833892,
            "brake": 0.0,
            "steer": 0.0
        },
        {
            "throttle": 0.5864692394541732,
            "brake": 0.0,
            "steer": 0.0
        },
        {
            "throttle": 0.5827209641319865,
            "brake": 0.0,
            "steer": 0.0
        },
        {
            "throttle": 0.5789896521506545,
            "brake": 0.0,
            "steer": 0.0
        },
        {
            "throttle": 0.575286104440682,
            "brake": 0.0,
            "steer": 0.0
        },
        {
            "throttle": 0.5716210415640822,
            "brake": 0.0,
            "steer": 0.0
        },
        {
            "throttle": 0.5680050726818465,
            "brake": 0.0,
            "steer": 0.0
        },
        {
            "throttle": 0.5644486648438836,
            "brake": 0.0,
            "steer": 0.0
        },
        {
            "throttle": 0.5609621126903246,
            "brake": 0.0,
            "steer": 0.0
        },
        {
            "throttle": 0.5575555086518977,
            "brake": 0.0,
            "steer": 0.0
        },
        {
            "throttle": 0.5542387137356338,
            "brake": 0.0,
            "steer": 0.0
        },
        {
            "throttle": 0.5510213289804676,
            "brake": 0.0,
            "steer": 0.0
        },
        {
            "throttle": 0.5479126676653622,
            "brake": 0.0,
            "steer": 0.0
        },
        {
            "throttle": 0.5449217283504045,
            "brake": 0.0,
            "steer": 0.0
        },
        {
            "throttle": 0.54205716882891,
            "brake": 0.0,
            "steer": 0.0
        },
        {
            "throttle": 0.5393272810659346,
            "brake": 0.0,
            "steer": 0.0
        },
        {
            "throttle": 0.5367399671957422,
            "brake": 0.0,
            "steer": 0.0
        }
    ],
    "parameters": {
        "fog_density": 59.54559431372885,
        "precipitation": 17.851273856500082,
        "precipitation_deposits": 25.07041032180798,
        "wind_intensity": 6.693985191988033,
        "sun_altitude_angle": -11.907110416064306,
        "cloudiness": 93.90303407775845,
        "lead_base_throttle": 0.5885811546695414,
        "lead_behavior_frequency": 0.08563914719063422,
        "lead_throttle_variation": 0.07834600482616959,
        "lead_brake_probability": 0.030119351542959482,
        "lead_brake_intensity": 0.15726872896941918,
        "lead_brake_duration": 24.209391806029032,
        "initial_distance": 28.67318839644096,
        "initial_ego_velocity": 11.932646708379302,
        "initial_lead_velocity": 6.680200722418858
    },
    "config": {
        "num_timesteps": 200,
        "dt": 0.1,
        "seed": 51
    }
}