{
    "weather": {
        "cloudiness": 68.98808126029915,
        "precipitation": 8.085119859001233,
        "precipitation_deposits": 73.96683222893571,
        "wind_intensity": 22.783635429036273,
        "sun_altitude_angle": -25.749547892828822,
        "fog_density": 9.410740457691595,
        "fog_distance": 730.7445386879839,
        "wetness": 4.042559929500617
    },
    "initial_conditions": {
        "ego": {
            "position": {
                "x": 534.0937972428725,
                "y": 20.57,
                "z": 0.294
            },
            "yaw": 0.0,
            "velocity": 18.629469176789797
        },
        "lead": {
            "position": {
                "x": 484.88,
                "y": 20.57,
                "z": 0.294
            },
            "yaw": 0.0,
            "velocity": 13.051919305918304
        }
    },
    "ego": {
        "position": {
            "x": 534.0937972428725,
            "y": 20.57,
            "z": 0.294
        },
        "yaw": 0.0,
        "velocity": 18.629469176789797
    },
    "lead": {
        "position": {
            "x": 484.88,
            "y": 20.57,
            "z": 0.294
        },
        "yaw": 0.0,
        "velocity": 13.051919305918304
    },
    "ado_actions": [
        {
            "throttle": 0.45539161875053563,
            "brake": 0.0,
            "steer": 0.0
        },
        {
            "throttle": 0.45964448739731134,
            "brake": 0.0,
            "steer": 0.0
        },
        {
            "throttle": 0.4675928382610194,
            "brake": 0.0,
            "steer": 0.0
        },
        {
            "throttle": 0.47860702717187864,
            "brake": 0.0,
            "steer": 0.0
        },
        {
            "throttle": 0.49200045690853883,
            "brake": 0.0,
            "steer": 0.0
        },
        {
            "throttle": 0.5070470762082806,
            "brake": 0.0,
            "steer": 0.0
        },
        {
            "throttle": 0.5230004870286182,
            "brake": 0.0,
            "steer": 0.0
        },
        {
            "throttle": 0.5391140282883875,
            "brake": 0.0,
            "steer": 0.0
        },
        {
            "throttle": 0.5546611778132781,
            "brake": 0.0,
            "steer": 0.0
        },
        {
            "throttle": 0.5689556077717514,
            "brake": 0.0,
            "steer": 0.0
        },
        {
            "throttle": 0.5813702427506631,
            "brake": 0.0,
            "steer": 0.0
        },
        {
            "throttle": 0.5913547033895061,
            "brake": 0.0,
            "steer": 0.0
        },
        {
            "throttle": 0.5984505711500926,
            "brake": 0.0,
            "steer": 0.0
        },
        {
            "throttle": 0.6023039797369734,
            "brake": 0.0,
            "steer": 0.0
        },
        {
            "throttle": 0.6026751237556924,
            "brake": 0.0,
            "steer": 0.0
        },
        {
            "throttle": 0.599444372781247,
            "brake": 0.0,
            "steer": 0.0
        },
        {
            "throttle": 0.592614786097094,
            "brake": 0.0,
            "steer": 0.0
        },
        {
            "throttle": 0.5823109366477263,
            "brake": 0.0,
            "steer": 0.0
        },
        {
            "throttle": 0.568774068723005,
            "brake": 0.0,
            "steer": 0.0
        },
        {
            "throttle": 0.5523537289725736,
            "brake": 0.0,
            "steer": 0.0
        },
        {
            "throttle": 0.5334961209726016,
            "brake": 0.0,
            "steer": 0.0
        },
        {
            "throttle": 0.5127295363106984,
            "brake": 0.0,
            "steer": 0.0
        },
        {
            "throttle": 0.49064730683757213,
            "brake": 0.0,
            "steer": 0.0
        },
        {
            "throttle": 0.4678888005178147,
            "brake": 0.0,
            "steer": 0.0
        },
        {
            "throttle": 0.44511904478978215,
            "brake": 0.0,
            "steer": 0.0
        },
        {
            "throttle": 0.4230076046142015,
            "brake": 0.0,
            "steer": 0.0
        },
        {
            "throttle": 0.4022073661159603,
            "brake": 0.0,
            "steer": 0.0
        },
        {
            "throttle": 0.3833338801729833,
            "brake": 0.0,
            "steer": 0.0
        },
        {
            "throttle": 0.36694590337876776,
            "brake": 0.0,
            "steer": 0.0
        },
        {
            "throttle": 0.3535277370319945,
            "brake": 0.0,
            "steer": 0.0
        },
        {
            "throttle": 0.3434739093345313,
            "brake": 0.0,
            "steer": 0.0
        },
        {
            "throttle": 0.33707667353531484,
            "brake": 0.0,
            "steer": 0.0
        },
        {
            "throttle": 0.3345167075960153,
            "brake": 0.0,
            "steer": 0.0
        },
        {
            "throttle": 0.33585730178578654,
            "brake": 0.0,
            "steer": 0.0
        },
        {
            "throttle": 0.3410422125201493,
            "brake": 0.0,
            "steer": 0.0
        },
        {
            "throttle": 0.3498972471033739,
            "brake": 0.0,
            "steer": 0.0
        },
        {
            "throttle": 0.36213552834738677,
            "brake": 0.0,
            "steer": 0.0
        },
        {
            "throttle": 0.3773662739188175,
            "brake": 0.0,
            "steer": 0.0
        },
        {
            "throttle": 0.3951068162560829,
            "brake": 0.0,
            "steer": 0.0
        },
        {
            "throttle": 0.4147974883881692,
            "brake": 0.0,
            "steer": 0.0
        },
        {
            "throttle": 0.43581891209960766,
            "brake": 0.0,
            "steer": 0.0
        },
        {
            "throttle": 0.457511150384465,
            "brake": 0.0,
            "steer": 0.0
        },
        {
            "throttle": 0.47919412833141406,
            "brake": 0.0,
            "steer": 0.0
        },
        {
            "throttle": 0.500188687278659,
            "brake": 0.0,
            "steer": 0.0
        },
        {
            "throttle": 0.5198376174935455,
            "brake": 0.0,
            "steer": 0.0
        },
        {
            "throttle": 0.5375260153763434,
            "brake": 0.0,
            "steer": 0.0
        },
        {
            "throttle": 0.5527003322386789,
            "brake": 0.0,
            "steer": 0.0
        },
        {
            "throttle": 0.5648855224113328,
            "brake": 0.0,
            "steer": 0.0
        },
        {
            "throttle": 0.5736997575299643,
            "brake": 0.0,
            "steer": 0.0
        },
        {
            "throttle": 0.5788662494958791,
            "brake": 0.0,
            "steer": 0.0
        },
        {
            "throttle": 0.5802218144630577,
            "brake": 0.0,
            "steer": 0.0
        },
        {
            "throttle": 0.5777219114718111,
            "brake": 0.0,
            "steer": 0.0
        },
        {
            "throttle": 0.5714419988885594,
            "brake": 0.0,
            "steer": 0.0
        },
        {
            "throttle": 0.5615751662183067,
            "brake": 0.0,
            "steer": 0.0
        },
        {
            "throttle": 0.5484261145781637,
            "brake": 0.0,
            "steer": 0.0
        },
        {
            "throttle": 0.532401672562609,
            "brake": 0.0,
            "steer": 0.0
        },
        {
            "throttle": 0.5139981418707176,
            "brake": 0.0,
            "steer": 0.0
        },
        {
            "throttle": 0.4937858655591711,
            "brake": 0.0,
            "steer": 0.0
        },
        {
            "throttle": 0.4723914980734023,
            "brake": 0.0,
            "steer": 0.0
        },
        {
            "throttle": 0.4504785276127063,
            "brake": 0.0,
            "steer": 0.0
        },
        {
            "throttle": 0.42872665568587964,
            "brake": 0.0,
            "steer": 0.0
        },
        {
            "throttle": 0.4078106742254624,
            "brake": 0.0,
            "steer": 0.0
        },
        {
            "throttle": 0.388379496248074,
            "brake": 0.0,
            "steer": 0.0
        },
        {
            "throttle": 0.3710359912906449,
            "brake": 0.0,
            "steer": 0.0
        },
        {
            "throttle": 0.356318251865455,
            "brake": 0.0,
            "steer": 0.0
        },
        {
            "throttle": 0.34468287273704146,
            "brake": 0.0,
            "steer": 0.0
        },
        {
            "throttle": 0.3364907623116979,
            "brake": 0.0,
            "steer": 0.0
        },
        {
            "throttle": 0.3319959267872576,
            "brake": 0.0,
            "steer": 0.0
        },
        {
            "throttle": 0.3313375753799763,
            "brake": 0.0,
            "steer": 0.0
        },
        {
            "throttle": 0.3345357917946,
            "brake": 0.0,
            "steer": 0.0
        },
        {
            "throttle": 0.341490906337177,
            "brake": 0.0,
            "steer": 0.0
        },
        {
            "throttle": 0.3519865881284696,
            "brake": 0.0,
            "steer": 0.0
        },
        {
            "throttle": 0.3656965613292278,
            "brake": 0.0,
            "steer": 0.0
        },
        {
            "throttle": 0.3821947367261843,
            "brake": 0.0,
            "steer": 0.0
        },
        {
            "throttle": 0.40096844394579234,
            "brake": 0.0,
            "steer": 0.0
        },
        {
            "throttle": 0.3608715995512131,
            "brake": 0.03552424963487657,
            "steer": 0.0
        },
        {
            "throttle": 0.3247844395960918,
            "brake": 0.06749607430626547,
            "steer": 0.0
        },
        {
            "throttle": 0.29230599563648263,
            "brake": 0.0962707165105155,
            "steer": 0.0
        },
        {
            "throttle": 0.26307539607283437,
            "brake": 0.12216789449434051,
            "steer": 0.0
        },
        {
            "throttle": 0.23676785646555093,
            "brake": 0.14547535467978304,
            "steer": 0.0
        },
        {
            "throttle": 0.21309107081899584,
            "brake": 0.16645206884668132,
            "steer": 0.0
        },
        {
            "throttle": 0.19178196373709624,
            "brake": 0.18533111159688975,
            "steer": 0.0
        },
        {
            "throttle": 0.24103360213335165,
            "brake": 0.16679800043720078,
            "steer": 0.0
        },
        {
            "throttle": 0.28361255888443254,
            "brake": 0.1501182003934807,
            "steer": 0.0
        },
        {
            "throttle": 0.3195293685885243,
            "brake": 0.13510638035413264,
            "steer": 0.0
        },
        {
            "throttle": 0.34886819152110177,
            "brake": 0.12159574231871938,
            "steer": 0.0
        },
        {
            "throttle": 0.3717975304257201,
            "brake": 0.10943616808684745,
            "steer": 0.0
        },
        {
            "throttle": 0.38857699442765686,
            "brake": 0.0984925512781627,
            "steer": 0.0
        },
        {
            "throttle": 0.39956003328372564,
            "brake": 0.08864329615034643,
            "steer": 0.0
        },
        {
            "throttle": 0.4051926770172034,
            "brake": 0.07977896653531179,
            "steer": 0.0
        },
        {
            "throttle": 0.4060084280668582,
            "brake": 0.07180106988178062,
            "steer": 0.0
        },
        {
            "throttle": 0.4026195617888778,
            "brake": 0.06462096289360256,
            "steer": 0.0
        },
        {
            "throttle": 0.3957051929934355,
            "brake": 0.058158866604242306,
            "steer": 0.0
        },
        {
            "throttle": 0.38599655790233434,
            "brake": 0.05234297994381808,
            "steer": 0.0
        },
        {
            "throttle": 0.37426003953499726,
            "brake": 0.04710868194943627,
            "steer": 0.0
        },
        {
            "throttle": 0.36127852753749023,
            "brake": 0.04239781375449265,
            "steer": 0.0
        },
        {
            "throttle": 0.34783174882746865,
            "brake": 0.03815803237904338,
            "steer": 0.0
        },
        {
            "throttle": 0.3346762316571946,
            "brake": 0.03434222914113905,
            "steer": 0.0
        },
        {
            "throttle": 0.32252557191860776,
            "brake": 0.030908006227025143,
            "steer": 0.0
        },
        {
            "throttle": 0.3120316564782031,
            "brake": 0.02781720560432263,
            "steer": 0.0
        },
        {
            "throttle": 0.2808284908303828,
            "brake": 0.060559734678766936,
            "steer": 0.0
        },
        {
            "throttle": 0.25274564174734454,
            "brake": 0.09002801084576681,
            "steer": 0.0
        },
        {
            "throttle": 0.2274710775726101,
            "brake": 0.1165494593960667,
            "steer": 0.0
        },
        {
            "throttle": 0.2047239698153491,
            "brake": 0.1404187630913366,
            "steer": 0.0
        },
        {
            "throttle": 0.1842515728338142,
            "brake": 0.16190113641707954,
            "steer": 0.0
        },
        {
            "throttle": 0.16582641555043276,
            "brake": 0.18123527241024817,
            "steer": 0.0
        },
        {
            "throttle": 0.1492437739953895,
            "brake": 0.19863599480409994,
            "steer": 0.0
        },
        {
            "throttle": 0.18065403776517047,
            "brake": 0.17877239532368994,
            "steer": 0.0
        },
        {
            "throttle": 0.2131614960108261,
            "brake": 0.16089515579132094,
            "steer": 0.0
        },
        {
            "throttle": 0.24650007608982266,
            "brake": 0.14480564021218884,
            "steer": 0.0
        },
        {
            "throttle": 0.2803035245691672,
            "brake": 0.13032507619096995,
            "steer": 0.0
        },
        {
            "throttle": 0.3141242200355079,
            "brake": 0.11729256857187295,
            "steer": 0.0
        },
        {
            "throttle": 0.3474537696484812,
            "brake": 0.10556331171468566,
            "steer": 0.0
        },
        {
            "throttle": 0.37974482404696874,
            "brake": 0.0950069805432171,
            "steer": 0.0
        },
        {
            "throttle": 0.4104334999378144,
            "brake": 0.0855062824888954,
            "steer": 0.0
        },
        {
            "throttle": 0.4389617741282961,
            "brake": 0.07695565424000586,
            "steer": 0.0
        },
        {
            "throttle": 0.4647992076270686,
            "brake": 0.06926008881600527,
            "steer": 0.0
        },
        {
            "throttle": 0.48746337382601473,
            "brake": 0.06233407993440475,
            "steer": 0.0
        },
        {
            "throttle": 0.5065384001492612,
            "brake": 0.056100671940964277,
            "steer": 0.0
        },
        {
            "throttle": 0.5216910867625656,
            "brake": 0.05049060474686785,
            "steer": 0.0
        },
        {
            "throttle": 0.532684137243835,
            "brake": 0.04544154427218106,
            "steer": 0.0
        },
        {
            "throttle": 0.5393861222648759,
            "brake": 0.04089738984496296,
            "steer": 0.0
        },
        {
            "throttle": 0.5417778956101719,
            "brake": 0.03680765086046667,
            "steer": 0.0
        },
        {
            "throttle": 0.5399552891724002,
            "brake": 0.03312688577442,
            "steer": 0.0
        },
        {
            "throttle": 0.534128026551214,
            "brake": 0.029814197196978004,
            "steer": 0.0
        },
        {
            "throttle": 0.5246149100032018,
            "brake": 0.026832777477280204,
            "steer": 0.0
        },
        {
            "throttle": 0.5118354491451483,
            "brake": 0.024149499729552184,
            "steer": 0.0
        },
        {
            "throttle": 0.496298208446176,
            "brake": 0.021734549756596964,
            "steer": 0.0
        },
        {
            "throttle": 0.4785862507617447,
            "brake": 0.019561094780937267,
            "steer": 0.0
        },
        {
            "throttle": 0.43072762568557027,
            "brake": 0.05312923493772011,
            "steer": 0.0
        },
        {
            "throttle": 0.38765486311701325,
            "brake": 0.08334056107882468,
            "steer": 0.0
        },
        {
            "throttle": 0.34888937680531196,
            "brake": 0.11053075460581879,
            "steer": 0.0
        },
        {
            "throttle": 0.31400043912478076,
            "brake": 0.1350019287801135,
            "steer": 0.0
        },
        {
            "throttle": 0.2826003952123027,
            "brake": 0.15702598553697872,
            "steer": 0.0
        },
        {
            "throttle": 0.25434035569107244,
            "brake": 0.17684763661815742,
            "steer": 0.0
        },
        {
            "throttle": 0.2289063201219652,
            "brake": 0.19468712259121826,
            "steer": 0.0
        },
        {
            "throttle": 0.22961774950213523,
            "brake": 0.17521841033209642,
            "steer": 0.0
        },
        {
            "throttle": 0.2324029355456806,
            "brake": 0.15769656929888679,
            "steer": 0.0
        },
        {
            "throttle": 0.23766927377889782,
            "brake": 0.1419269123689981,
            "steer": 0.0
        },
        {
            "throttle": 0.24569770125437487,
            "brake": 0.12773422113209829,
            "steer": 0.0
        },
        {
            "throttle": 0.25663890935496786,
            "brake": 0.11496079901888846,
            "steer": 0.0
        },
        {
            "throttle": 0.27051310828866326,
            "brake": 0.10346471911699961,
            "steer": 0.0
        },
        {
            "throttle": 0.28721339998011614,
            "brake": 0.09311824720529965,
            "steer": 0.0
        },
        {
            "throttle": 0.30651269904414813,
            "brake": 0.08380642248476969,
            "steer": 0.0
        },
        {
            "throttle": 0.32807402687333975,
            "brake": 0.07542578023629272,
            "steer": 0.0
        },
        {
            "throttle": 0.35146389509794795,
            "brake": 0.06788320221266345,
            "steer": 0.0
        },
        {
            "throttle": 0.3761683951159228,
            "brake": 0.0610948819913971,
            "steer": 0.0
        },
        {
            "throttle": 0.40161152309625964,
            "brake": 0.05498539379225739,
            "steer": 0.0
        },
        {
            "throttle": 0.4271751975057765,
            "brake": 0.049486854413031654,
            "steer": 0.0
        },
        {
            "throttle": 0.45222037101263,
            "brake": 0.04453816897172849,
            "steer": 0.0
        },
        {
            "throttle": 0.47610860226479446,
            "brake": 0.04008435207455564,
            "steer": 0.0
        },
        {
            "throttle": 0.49822343663131163,
            "brake": 0.03607591686710008,
            "steer": 0.0
        },
        {
            "throttle": 0.5179909490144866,
            "brake": 0.03246832518039007,
            "steer": 0.0
        },
        {
            "throttle": 0.5348988261462089,
            "brake": 0.029221492662351065,
            "steer": 0.0
        },
        {
            "throttle": 0.5485134095971451,
            "brake": 0.02629934339611596,
            "steer": 0.0
        },
        {
            "throttle": 0.5584941826754929,
            "brake": 0.023669409056504363,
            "steer": 0.0
        },
        {
            "throttle": 0.5646052625326086,
            "brake": 0.021302468150853928,
            "steer": 0.0
        },
        {
            "throttle": 0.5667235506850508,
            "brake": 0.019172221335768534,
            "steer": 0.0
        },
        {
            "throttle": 0.5648432979395448,
            "brake": 0.01725499920219168,
            "steer": 0.0
        },
        {
            "throttle": 0.5590769501654116,
            "brake": 0.015529499281972512,
            "steer": 0.0
        },
        {
            "throttle": 0.5496522560569596,
            "brake": 0.01397654935377526,
            "steer": 0.0
        },
        {
            "throttle": 0.5369057333944077,
            "brake": 0.012578894418397735,
            "steer": 0.0
        },
        {
            "throttle": 0.5212727027544284,
            "brake": 0.011321004976557962,
            "steer": 0.0
        },
        {
            "throttle": 0.5032742036403457,
            "brake": 0.010188904478902167,
            "steer": 0.0
        },
        {
            "throttle": 0.45294678327631116,
            "brake": 0.04469426366588852,
            "steer": 0.0
        },
        {
            "throttle": 0.40765210494868004,
            "brake": 0.07574908693417624,
            "steer": 0.0
        },
        {
            "throttle": 0.36688689445381206,
            "brake": 0.10369842787563519,
            "steer": 0.0
        },
        {
            "throttle": 0.3301982050084309,
            "brake": 0.12885283472294823,
            "steer": 0.0
        },
        {
            "throttle": 0.2971783845075878,
            "brake": 0.15149180088552996,
            "steer": 0.0
        },
        {
            "throttle": 0.26746054605682906,
            "brake": 0.17186687043185356,
            "steer": 0.0
        },
        {
            "throttle": 0.24071449145114615,
            "brake": 0.19020443302354478,
            "steer": 0.0
        },
        {
            "throttle": 0.2392753819955424,
            "brake": 0.1711839897211903,
            "steer": 0.0
        },
        {
            "throttle": 0.23971974028320353,
            "brake": 0.15406559074907128,
            "steer": 0.0
        },
        {
            "throttle": 0.2425167020029879,
            "brake": 0.13865903167416416,
            "steer": 0.0
        },
        {
            "throttle": 0.24801403415519507,
            "brake": 0.12479312850674774,
            "steer": 0.0
        },
        {
            "throttle": 0.2564321623419339,
            "brake": 0.11231381565607297,
            "steer": 0.0
        },
        {
            "throttle": 0.2678616705069252,
            "brake": 0.10108243409046568,
            "steer": 0.0
        },
        {
            "throttle": 0.24107550345623271,
            "brake": 0.12649844031629567,
            "steer": 0.0
        },
        {
            "throttle": 0.21696795311060946,
            "brake": 0.14937284591954267,
            "steer": 0.0
        },
        {
            "throttle": 0.1952711577995485,
            "brake": 0.16995981096246499,
            "steer": 0.0
        },
        {
            "throttle": 0.17574404201959368,
            "brake": 0.18848807950109506,
            "steer": 0.0
        },
        {
            "throttle": 0.15816963781763432,
            "brake": 0.20516352118586212,
            "steer": 0.0
        },
        {
            "throttle": 0.1423526740358709,
            "brake": 0.22017141870215248,
            "steer": 0.0
        },
        {
            "throttle": 0.12811740663228383,
            "brake": 0.2336785264668138,
            "steer": 0.0
        },
        {
            "throttle": 0.18191512309366034,
            "brake": 0.21031067382013244,
            "steer": 0.0
        },
        {
            "throttle": 0.23210442485368915,
            "brake": 0.1892796064381192,
            "steer": 0.0
        },
        {
            "throttle": 0.27833666231349913,
            "brake": 0.17035164579430728,
            "steer": 0.0
        },
        {
            "throttle": 0.32026506791549164,
            "brake": 0.15331648121487657,
            "steer": 0.0
        },
        {
            "throttle": 0.3575676301353584,
            "brake": 0.1379848330933889,
            "steer": 0.0
        },
        {
            "throttle": 0.3899679882252859,
            "brake": 0.12418634978405002,
            "steer": 0.0
        },
        {
            "throttle": 0.3509711894027573,
            "brake": 0.1472919644405216,
            "steer": 0.0
        },
        {
            "throttle": 0.31587407046248156,
            "brake": 0.168087017631346,
            "steer": 0.0
        },
        {
            "throttle": 0.28428666341623343,
            "brake": 0.186802565503088,
            "steer": 0.0
        },
        {
            "throttle": 0.2558579970746101,
            "brake": 0.20364655858765576,
            "steer": 0.0
        },
        {
            "throttle": 0.2302721973671491,
            "brake": 0.21880615236376677,
            "steer": 0.0
        },
        {
            "throttle": 0.2072449776304342,
            "brake": 0.23244978676226669,
            "steer": 0.0
        },
        {
            "throttle": 0.1865204798673908,
            "brake": 0.2447290577209166,
            "steer": 0.0
        },
        {
            "throttle": 0.208422309218944,
            "brake": 0.22025615194882495,
            "steer": 0.0
        },
        {
            "throttle": 0.22404953957666307,
            "brake": 0.19823053675394245,
            "steer": 0.0
        },
        {
            "throttle": 0.23431134739512063,
            "brake": 0.1784074830785482,
            "steer": 0.0
        }
    ],
    "parameters": {
        "fog_density": 9.410740457691595,
        "precipitation": 8.085119859001233,
        "precipitation_deposits": 73.96683222893571,
        "wind_intensity": 22.783635429036273,
        "sun_altitude_angle": -25.749547892828822,
        "cloudiness": 68.98808126029915,
        "lead_base_throttle": 0.45539161875053563,
        "lead_behavior_frequency": 0.28086234716911646,
        "lead_throttle_variation": 0.24225071037889526,
        "lead_brake_probability": 0.24852935090888087,
        "lead_brake_intensity": 0.3552424963487657,
        "lead_brake_duration": 7.0094229694878925,
        "initial_distance": 49.213797242872516,
        "initial_ego_velocity": 18.629469176789797,
        "initial_lead_velocity": 13.051919305918304
    },
    "config": {
        "num_timesteps": 200,
        "dt": 0.1,
        "seed": 225
    }
}