{
    "weather": {
        "cloudiness": 39.76838842730505,
        "precipitation": 4.652783461973275,
        "precipitation_deposits": 22.66092415693747,
        "wind_intensity": 11.821331744150932,
        "sun_altitude_angle": 32.995893046726735,
        "fog_density": 64.20015889826969,
        "fog_distance": 117.6542198517303,
        "wetness": 2.3263917309866375
    },
    "initial_conditions": {
        "ego": {
            "position": {
                "x": 546.4698420279614,
                "y": 20.57,
                "z": 0.294
            },
            "yaw": 0.0,
            "velocity": 15.320382276393758
        },
        "lead": {
            "position": {
                "x": 484.88,
                "y": 20.57,
                "z": 0.294
            },
            "yaw": 0.0,
            "velocity": 15.32921133370457
        }
    },
    "ego": {
        "position": {
            "x": 546.4698420279614,
            "y": 20.57,
            "z": 0.294
        },
        "yaw": 0.0,
        "velocity": 15.320382276393758
    },
    "lead": {
        "position": {
            "x": 484.88,
            "y": 20.57,
            "z": 0.294
        },
        "yaw": 0.0,
        "velocity": 15.32921133370457
    },
    "ado_actions": [
        {
            "throttle": 0.43233577651154675,
            "brake": 0.0,
            "steer": 0.0
        },
        {
            "throttle": 0.4352842403403232,
            "brake": 0.0,
            "steer": 0.0
        },
        {
            "throttle": 0.44086898835283994,
            "brake": 0.0,
            "steer": 0.0
        },
        {
            "throttle": 0.44879182750420576,
            "brake": 0.0,
            "steer": 0.0
        },
        {
            "throttle": 0.4587673558862287,
            "brake": 0.0,
            "steer": 0.0
        },
        {
            "throttle": 0.47052198691454294,
            "brake": 0.0,
            "steer": 0.0
        },
        {
            "throttle": 0.4837931694182242,
            "brake": 0.0,
            "steer": 0.0
        },
        {
            "throttle": 0.4983287816806113,
            "brake": 0.0,
            "steer": 0.0
        },
        {
            "throttle": 0.5138866791110561,
            "brake": 0.0,
            "steer": 0.0
        },
        {
            "throttle": 0.5302343767124225,
            "brake": 0.0,
            "steer": 0.0
        },
        {
            "throttle": 0.547148848866153,
            "brake": 0.0,
            "steer": 0.0
        },
        {
            "throttle": 0.5644164302015354,
            "brake": 0.0,
            "steer": 0.0
        },
        {
            "throttle": 0.5818328024625835,
            "brake": 0.0,
            "steer": 0.0
        },
        {
            "throttle": 0.5992030533473296,
            "brake": 0.0,
            "steer": 0.0
        },
        {
            "throttle": 0.6163417942814573,
            "brake": 0.0,
            "steer": 0.0
        },
        {
            "throttle": 0.6330733250109605,
            "brake": 0.0,
            "steer": 0.0
        },
        {
            "throttle": 0.6492318337655725,
            "brake": 0.0,
            "steer": 0.0
        },
        {
            "throttle": 0.6646616225636641,
            "brake": 0.0,
            "steer": 0.0
        },
        {
            "throttle": 0.6792173480067693,
            "brake": 0.0,
            "steer": 0.0
        },
        {
            "throttle": 0.6927642686535678,
            "brake": 0.0,
            "steer": 0.0
        },
        {
            "throttle": 0.705178490773939,
            "brake": 0.0,
            "steer": 0.0
        },
        {
            "throttle": 0.7163472049677352,
            "brake": 0.0,
            "steer": 0.0
        },
        {
            "throttle": 0.7261689067936906,
            "brake": 0.0,
            "steer": 0.0
        },
        {
            "throttle": 0.7345535951942391,
            "brake": 0.0,
            "steer": 0.0
        },
        {
            "throttle": 0.7414229431242648,
            "brake": 0.0,
            "steer": 0.0
        },
        {
            "throttle": 0.7467104353977675,
            "brake": 0.0,
            "steer": 0.0
        },
        {
            "throttle": 0.7503614693574319,
            "brake": 0.0,
            "steer": 0.0
        },
        {
            "throttle": 0.7523334145491123,
            "brake": 0.0,
            "steer": 0.0
        },
        {
            "throttle": 0.7525956281468598,
            "brake": 0.0,
            "steer": 0.0
        },
        {
            "throttle": 0.7511294234246069,
            "brake": 0.0,
            "steer": 0.0
        },
        {
            "throttle": 0.7479279891079716,
            "brake": 0.0,
            "steer": 0.0
        },
        {
            "throttle": 0.742996257963596,
            "brake": 0.0,
            "steer": 0.0
        },
        {
            "throttle": 0.7363507234935196,
            "brake": 0.0,
            "steer": 0.0
        },
        {
            "throttle": 0.7280192040976733,
            "brake": 0.0,
            "steer": 0.0
        },
        {
            "throttle": 0.7180405545478487,
            "brake": 0.0,
            "steer": 0.0
        },
        {
            "throttle": 0.7064643250805489,
            "brake": 0.0,
            "steer": 0.0
        },
        {
            "throttle": 0.6933503688629397,
            "brake": 0.0,
            "steer": 0.0
        },
        {
            "throttle": 0.6787683990146071,
            "brake": 0.0,
            "steer": 0.0
        },
        {
            "throttle": 0.662797496776869,
            "brake": 0.0,
            "steer": 0.0
        },
        {
            "throttle": 0.6455255728098181,
            "brake": 0.0,
            "steer": 0.0
        },
        {
            "throttle": 0.6270487839639416,
            "brake": 0.0,
            "steer": 0.0
        },
        {
            "throttle": 0.60747090821692,
            "brake": 0.0,
            "steer": 0.0
        },
        {
            "throttle": 0.5869026807859521,
            "brake": 0.0,
            "steer": 0.0
        },
        {
            "throttle": 0.5654610947206107,
            "brake": 0.0,
            "steer": 0.0
        },
        {
            "throttle": 0.5432686695498306,
            "brake": 0.0,
            "steer": 0.0
        },
        {
            "throttle": 0.5204526917982323,
            "brake": 0.0,
            "steer": 0.0
        },
        {
            "throttle": 0.49714443140078274,
            "brake": 0.0,
            "steer": 0.0
        },
        {
            "throttle": 0.47347833823006114,
            "brake": 0.0,
            "steer": 0.0
        },
        {
            "throttle": 0.4495912231065359,
            "brake": 0.0,
            "steer": 0.0
        },
        {
            "throttle": 0.4256214277887769,
            "brake": 0.0,
            "steer": 0.0
        },
        {
            "throttle": 0.40170798853708445,
            "brake": 0.0,
            "steer": 0.0
        },
        {
            "throttle": 0.37798979791038845,
            "brake": 0.0,
            "steer": 0.0
        },
        {
            "throttle": 0.3546047694923918,
            "brake": 0.0,
            "steer": 0.0
        },
        {
            "throttle": 0.3316890102488726,
            "brake": 0.0,
            "steer": 0.0
        },
        {
            "throttle": 0.3093760051940431,
            "brake": 0.0,
            "steer": 0.0
        },
        {
            "throttle": 0.28779581899026063,
            "brake": 0.0,
            "steer": 0.0
        },
        {
            "throttle": 0.2670743190227243,
            "brake": 0.0,
            "steer": 0.0
        },
        {
            "throttle": 0.2473324243797404,
            "brake": 0.0,
            "steer": 0.0
        },
        {
            "throttle": 0.22868538503052263,
            "brake": 0.0,
            "steer": 0.0
        },
        {
            "throttle": 0.21124209532728058,
            "brake": 0.0,
            "steer": 0.0
        },
        {
            "throttle": 0.19510444576764086,
            "brake": 0.0,
            "steer": 0.0
        },
        {
            "throttle": 0.18036671673849503,
            "brake": 0.0,
            "steer": 0.0
        },
        {
            "throttle": 0.16711501772454201,
            "brake": 0.0,
            "steer": 0.0
        },
        {
            "throttle": 0.15542677520559345,
            "brake": 0.0,
            "steer": 0.0
        },
        {
            "throttle": 0.14537027218774956,
            "brake": 0.0,
            "steer": 0.0
        },
        {
            "throttle": 0.13700424201655265,
            "brake": 0.0,
            "steer": 0.0
        },
        {
            "throttle": 0.13037751880700166,
            "brake": 0.0,
            "steer": 0.0
        },
        {
            "throttle": 0.12552874649777487,
            "brake": 0.0,
            "steer": 0.0
        },
        {
            "throttle": 0.12248614819713861,
            "brake": 0.0,
            "steer": 0.0
        },
        {
            "throttle": 0.12126735713787301,
            "brake": 0.0,
            "steer": 0.0
        },
        {
            "throttle": 0.12187931020022431,
            "brake": 0.0,
            "steer": 0.0
        },
        {
            "throttle": 0.12431820459754829,
            "brake": 0.0,
            "steer": 0.0
        },
        {
            "throttle": 0.1285695179511211,
            "brake": 0.0,
            "steer": 0.0
        },
        {
            "throttle": 0.13460809161076023,
            "brake": 0.0,
            "steer": 0.0
        },
        {
            "throttle": 0.14239827670862765,
            "brake": 0.0,
            "steer": 0.0
        },
        {
            "throttle": 0.15189414206707438,
            "brake": 0.0,
            "steer": 0.0
        },
        {
            "throttle": 0.16303974271981614,
            "brake": 0.0,
            "steer": 0.0
        },
        {
            "throttle": 0.17576944745124506,
            "brake": 0.0,
            "steer": 0.0
        },
        {
            "throttle": 0.19000832341339435,
            "brake": 0.0,
            "steer": 0.0
        },
        {
            "throttle": 0.20567257554602295,
            "brake": 0.0,
            "steer": 0.0
        },
        {
            "throttle": 0.2226700382044618,
            "brake": 0.0,
            "steer": 0.0
        },
        {
            "throttle": 0.2409007160941585,
            "brake": 0.0,
            "steer": 0.0
        },
        {
            "throttle": 0.26025737132208676,
            "brake": 0.0,
            "steer": 0.0
        },
        {
            "throttle": 0.2806261531050602,
            "brake": 0.0,
            "steer": 0.0
        },
        {
            "throttle": 0.30188726642510405,
            "brake": 0.0,
            "steer": 0.0
        },
        {
            "throttle": 0.3239156756938738,
            "brake": 0.0,
            "steer": 0.0
        },
        {
            "throttle": 0.3465818392830173,
            "brake": 0.0,
            "steer": 0.0
        },
        {
            "throttle": 0.3697524705965665,
            "brake": 0.0,
            "steer": 0.0
        },
        {
            "throttle": 0.39329132120599286,
            "brake": 0.0,
            "steer": 0.0
        },
        {
            "throttle": 0.41705998143937917,
            "brake": 0.0,
            "steer": 0.0
        },
        {
            "throttle": 0.4409186937140243,
            "brake": 0.0,
            "steer": 0.0
        },
        {
            "throttle": 0.4647271738273029,
            "brake": 0.0,
            "steer": 0.0
        },
        {
            "throttle": 0.4883454353741987,
            "brake": 0.0,
            "steer": 0.0
        },
        {
            "throttle": 0.5116346124418913,
            "brake": 0.0,
            "steer": 0.0
        },
        {
            "throttle": 0.5344577757422131,
            "brake": 0.0,
            "steer": 0.0
        },
        {
            "throttle": 0.5566807373816471,
            "brake": 0.0,
            "steer": 0.0
        },
        {
            "throttle": 0.5781728395355846,
            "brake": 0.0,
            "steer": 0.0
        },
        {
            "throttle": 0.5988077223884061,
            "brake": 0.0,
            "steer": 0.0
        },
        {
            "throttle": 0.6184640668230441,
            "brake": 0.0,
            "steer": 0.0
        },
        {
            "throttle": 0.6370263074923099,
            "brake": 0.0,
            "steer": 0.0
        },
        {
            "throttle": 0.6543853120785458,
            "brake": 0.0,
            "steer": 0.0
        },
        {
            "throttle": 0.6704390227470847,
            "brake": 0.0,
            "steer": 0.0
        },
        {
            "throttle": 0.6850930560213826,
            "brake": 0.0,
            "steer": 0.0
        },
        {
            "throttle": 0.6982612575522378,
            "brake": 0.0,
            "steer": 0.0
        },
        {
            "throttle": 0.7098662085187835,
            "brake": 0.0,
            "steer": 0.0
        },
        {
            "throttle": 0.7198396806833837,
            "brake": 0.0,
            "steer": 0.0
        },
        {
            "throttle": 0.7281230374244965,
            "brake": 0.0,
            "steer": 0.0
        },
        {
            "throttle": 0.734667578389232,
            "brake": 0.0,
            "steer": 0.0
        },
        {
            "throttle": 0.7394348257388459,
            "brake": 0.0,
            "steer": 0.0
        },
        {
            "throttle": 0.7423967503038337,
            "brake": 0.0,
            "steer": 0.0
        },
        {
            "throttle": 0.7435359363186055,
            "brake": 0.0,
            "steer": 0.0
        },
        {
            "throttle": 0.7428456837668438,
            "brake": 0.0,
            "steer": 0.0
        },
        {
            "throttle": 0.7403300477354683,
            "brake": 0.0,
            "steer": 0.0
        },
        {
            "throttle": 0.7360038145454793,
            "brake": 0.0,
            "steer": 0.0
        },
        {
            "throttle": 0.7298924147996642,
            "brake": 0.0,
            "steer": 0.0
        },
        {
            "throttle": 0.7220317738580345,
            "brake": 0.0,
            "steer": 0.0
        },
        {
            "throttle": 0.7124681006197356,
            "brake": 0.0,
            "steer": 0.0
        },
        {
            "throttle": 0.7012576158528804,
            "brake": 0.0,
            "steer": 0.0
        },
        {
            "throttle": 0.6884662216691664,
            "brake": 0.0,
            "steer": 0.0
        },
        {
            "throttle": 0.67416911408615,
            "brake": 0.0,
            "steer": 0.0
        },
        {
            "throttle": 0.6584503409546448,
            "brake": 0.0,
            "steer": 0.0
        },
        {
            "throttle": 0.6414023078499163,
            "brake": 0.0,
            "steer": 0.0
        },
        {
            "throttle": 0.623125234831265,
            "brake": 0.0,
            "steer": 0.0
        },
        {
            "throttle": 0.6037265672634391,
            "brake": 0.0,
            "steer": 0.0
        },
        {
            "throttle": 0.5833203441633878,
            "brake": 0.0,
            "steer": 0.0
        },
        {
            "throttle": 0.5620265277855794,
            "brake": 0.0,
            "steer": 0.0
        },
        {
            "throttle": 0.5399702983869807,
            "brake": 0.0,
            "steer": 0.0
        },
        {
            "throttle": 0.5172813183175131,
            "brake": 0.0,
            "steer": 0.0
        },
        {
            "throttle": 0.4940929697621252,
            "brake": 0.0,
            "steer": 0.0
        },
        {
            "throttle": 0.47054157061553725,
            "brake": 0.0,
            "steer": 0.0
        },
        {
            "throttle": 0.44676557309926246,
            "brake": 0.0,
            "steer": 0.0
        },
        {
            "throttle": 0.42290474983197474,
            "brake": 0.0,
            "steer": 0.0
        },
        {
            "throttle": 0.39909937213805624,
            "brake": 0.0,
            "steer": 0.0
        },
        {
            "throttle": 0.37548938542479154,
            "brake": 0.0,
            "steer": 0.0
        },
        {
            "throttle": 0.3522135864759137,
            "brake": 0.0,
            "steer": 0.0
        },
        {
            "throttle": 0.32940880749794565,
            "brake": 0.0,
            "steer": 0.0
        },
        {
            "throttle": 0.30720911171608534,
            "brake": 0.0,
            "steer": 0.0
        },
        {
            "throttle": 0.2857450052484905,
            "brake": 0.0,
            "steer": 0.0
        },
        {
            "throttle": 0.26514266989212476,
            "brake": 0.0,
            "steer": 0.0
        },
        {
            "throttle": 0.24552322133039609,
            "brake": 0.0,
            "steer": 0.0
        },
        {
            "throttle": 0.22700199712337282,
            "brake": 0.0,
            "steer": 0.0
        },
        {
            "throttle": 0.20968787866628016,
            "brake": 0.0,
            "steer": 0.0
        },
        {
            "throttle": 0.19368265110229183,
            "brake": 0.0,
            "steer": 0.0
        },
        {
            "throttle": 0.1790804049525091,
            "brake": 0.0,
            "steer": 0.0
        },
        {
            "throttle": 0.16596698298077717,
            "brake": 0.0,
            "steer": 0.0
        },
        {
            "throttle": 0.1544194755450651,
            "brake": 0.0,
            "steer": 0.0
        },
        {
            "throttle": 0.1445057674020982,
            "brake": 0.0,
            "steer": 0.0
        },
        {
            "throttle": 0.13628413862945118,
            "brake": 0.0,
            "steer": 0.0
        },
        {
            "throttle": 0.1298029220111696,
            "brake": 0.0,
            "steer": 0.0
        },
        {
            "throttle": 0.125100218901053,
            "brake": 0.0,
            "steer": 0.0
        },
        {
            "throttle": 0.122203675233959,
            "brake": 0.0,
            "steer": 0.0
        },
        {
            "throttle": 0.12113031900189368,
            "brake": 0.0,
            "steer": 0.0
        },
        {
            "throttle": 0.12188646015031825,
            "brake": 0.0,
            "steer": 0.0
        },
        {
            "throttle": 0.12446765348315073,
            "brake": 0.0,
            "steer": 0.0
        },
        {
            "throttle": 0.12885872479452917,
            "brake": 0.0,
            "steer": 0.0
        },
        {
            "throttle": 0.13503386007371038,
            "brake": 0.0,
            "steer": 0.0
        },
        {
            "throttle": 0.1429567572586873,
            "brake": 0.0,
            "steer": 0.0
        },
        {
            "throttle": 0.15258083964640076,
            "brake": 0.0,
            "steer": 0.0
        },
        {
            "throttle": 0.1638495297049586,
            "brake": 0.0,
            "steer": 0.0
        },
        {
            "throttle": 0.17669658167818728,
            "brake": 0.0,
            "steer": 0.0
        },
        {
            "throttle": 0.19104647102721653,
            "brake": 0.0,
            "steer": 0.0
        },
        {
            "throttle": 0.2068148384196682,
            "brake": 0.0,
            "steer": 0.0
        },
        {
            "throttle": 0.2239089856563472,
            "brake": 0.0,
            "steer": 0.0
        },
        {
            "throttle": 0.24222842062000852,
            "brake": 0.0,
            "steer": 0.0
        },
        {
            "throttle": 0.26166544804258335,
            "brake": 0.0,
            "steer": 0.0
        },
        {
            "throttle": 0.28210580261789486,
            "brake": 0.0,
            "steer": 0.0
        },
        {
            "throttle": 0.303429320737954,
            "brake": 0.0,
            "steer": 0.0
        },
        {
            "throttle": 0.3255106469038697,
            "brake": 0.0,
            "steer": 0.0
        },
        {
            "throttle": 0.3482199706585637,
            "brake": 0.0,
            "steer": 0.0
        },
        {
            "throttle": 0.3714237897090496,
            "brake": 0.0,
            "steer": 0.0
        },
        {
            "throttle": 0.39498569475207723,
            "brake": 0.0,
            "steer": 0.0
        },
        {
            "throttle": 0.4187671713893507,
            "brake": 0.0,
            "steer": 0.0
        },
        {
            "throttle": 0.44262841441806755,
            "brake": 0.0,
            "steer": 0.0
        },
        {
            "throttle": 0.4664291497097719,
            "brake": 0.0,
            "steer": 0.0
        },
        {
            "throttle": 0.49002945884590665,
            "brake": 0.0,
            "steer": 0.0
        },
        {
            "throttle": 0.5132906016622437,
            "brake": 0.0,
            "steer": 0.0
        },
        {
            "throttle": 0.5360758318666634,
            "brake": 0.0,
            "steer": 0.0
        },
        {
            "throttle": 0.5582512009354759,
            "brake": 0.0,
            "steer": 0.0
        },
        {
            "throttle": 0.5796863455623829,
            "brake": 0.0,
            "steer": 0.0
        },
        {
            "throttle": 0.6002552540308704,
            "brake": 0.0,
            "steer": 0.0
        },
        {
            "throttle": 0.6198370070047248,
            "brake": 0.0,
            "steer": 0.0
        },
        {
            "throttle": 0.6383164883817537,
            "brake": 0.0,
            "steer": 0.0
        },
        {
            "throttle": 0.6555850620317867,
            "brake": 0.0,
            "steer": 0.0
        },
        {
            "throttle": 0.6715412104405855,
            "brake": 0.0,
            "steer": 0.0
        },
        {
            "throttle": 0.6860911315052391,
            "brake": 0.0,
            "steer": 0.0
        },
        {
            "throttle": 0.699149289972639,
            "brake": 0.0,
            "steer": 0.0
        },
        {
            "throttle": 0.7106389202792657,
            "brake": 0.0,
            "steer": 0.0
        },
        {
            "throttle": 0.7204924778362239,
            "brake": 0.0,
            "steer": 0.0
        },
        {
            "throttle": 0.7286520361065344,
            "brake": 0.0,
            "steer": 0.0
        },
        {
            "throttle": 0.7350696271403687,
            "brake": 0.0,
            "steer": 0.0
        },
        {
            "throttle": 0.7397075235663069,
            "brake": 0.0,
            "steer": 0.0
        },
        {
            "throttle": 0.7425384603808631,
            "brake": 0.0,
            "steer": 0.0
        },
        {
            "throttle": 0.743545795232437,
            "brake": 0.0,
            "steer": 0.0
        },
        {
            "throttle": 0.7427236062574205,
            "brake": 0.0,
            "steer": 0.0
        },
        {
            "throttle": 0.7400767268933088,
            "brake": 0.0,
            "steer": 0.0
        },
        {
            "throttle": 0.7356207174641561,
            "brake": 0.0,
            "steer": 0.0
        },
        {
            "throttle": 0.729381773705419,
            "brake": 0.0,
            "steer": 0.0
        },
        {
            "throttle": 0.7213965727659464,
            "brake": 0.0,
            "steer": 0.0
        },
        {
            "throttle": 0.71171205759243,
            "brake": 0.0,
            "steer": 0.0
        },
        {
            "throttle": 0.700385160963865,
            "brake": 0.0,
            "steer": 0.0
        }
    ],
    "parameters": {
        "fog_density": 64.20015889826969,
        "precipitation": 4.652783461973275,
        "precipitation_deposits": 22.66092415693747,
        "wind_intensity": 11.821331744150932,
        "sun_altitude_angle": 32.995893046726735,
        "cloudiness": 39.76838842730505,
        "lead_base_throttle": 0.43233577651154675,
        "lead_behavior_frequency": 0.12205872218250043,
        "lead_throttle_variation": 0.3848335496256745,
        "lead_brake_probability": 0.040917971805136434,
        "lead_brake_intensity": 0.3573078749979791,
        "lead_brake_duration": 19.241627434787148,
        "initial_distance": 61.589842027961325,
        "initial_ego_velocity": 15.320382276393758,
        "initial_lead_velocity": 15.32921133370457
    },
    "config": {
        "num_timesteps": 200,
        "dt": 0.1,
        "seed": 120
    }
}