{
    "weather": {
        "cloudiness": 32.9966021891968,
        "precipitation": 52.471980878910365,
        "precipitation_deposits": 52.033996054701745,
        "wind_intensity": 29.123673585669334,
        "sun_altitude_angle": 5.367053662853706,
        "fog_density": 78.23968840659086,
        "fog_distance": 73.68252531343335,
        "wetness": 26.235990439455183
    },
    "initial_conditions": {
        "ego": {
            "position": {
                "x": 504.0979598894257,
                "y": 20.57,
                "z": 0.294
            },
            "yaw": 0.0,
            "velocity": 8.619633183129498
        },
        "lead": {
            "position": {
                "x": 484.88,
                "y": 20.57,
                "z": 0.294
            },
            "yaw": 0.0,
            "velocity": 22.815368750365135
        }
    },
    "ego": {
        "position": {
            "x": 504.0979598894257,
            "y": 20.57,
            "z": 0.294
        },
        "yaw": 0.0,
        "velocity": 8.619633183129498
    },
    "lead": {
        "position": {
            "x": 484.88,
            "y": 20.57,
            "z": 0.294
        },
        "yaw": 0.0,
        "velocity": 22.815368750365135
    },
    "ado_actions": [
        {
            "throttle": 0.4497396831109848,
            "brake": 0.0,
            "steer": 0.0
        },
        {
            "throttle": 0.45062966737697613,
            "brake": 0.0,
            "steer": 0.0
        },
        {
            "throttle": 0.45231221869385735,
            "brake": 0.0,
            "steer": 0.0
        },
        {
            "throttle": 0.45469132241689764,
            "brake": 0.0,
            "steer": 0.0
        },
        {
            "throttle": 0.4576723847360971,
            "brake": 0.0,
            "steer": 0.0
        },
        {
            "throttle": 0.4611623264986161,
            "brake": 0.0,
            "steer": 0.0
        },
        {
            "throttle": 0.46506974280191854,
            "brake": 0.0,
            "steer": 0.0
        },
        {
            "throttle": 0.46930511883810394,
            "brake": 0.0,
            "steer": 0.0
        },
        {
            "throttle": 0.4737810927387792,
            "brake": 0.0,
            "steer": 0.0
        },
        {
            "throttle": 0.47841275644610987,
            "brake": 0.0,
            "steer": 0.0
        },
        {
            "throttle": 0.4831179859247797,
            "brake": 0.0,
            "steer": 0.0
        },
        {
            "throttle": 0.48781779233595784,
            "brake": 0.0,
            "steer": 0.0
        },
        {
            "throttle": 0.49243668612160785,
            "brake": 0.0,
            "steer": 0.0
        },
        {
            "throttle": 0.4969030462983247,
            "brake": 0.0,
            "steer": 0.0
        },
        {
            "throttle": 0.5011494876362802,
            "brake": 0.0,
            "steer": 0.0
        },
        {
            "throttle": 0.5051132188019744,
            "brake": 0.0,
            "steer": 0.0
        },
        {
            "throttle": 0.5087363849737646,
            "brake": 0.0,
            "steer": 0.0
        },
        {
            "throttle": 0.5119663888963438,
            "brake": 0.0,
            "steer": 0.0
        },
        {
            "throttle": 0.5147561848235799,
            "brake": 0.0,
            "steer": 0.0
        },
        {
            "throttle": 0.5170645403069489,
            "brake": 0.0,
            "steer": 0.0
        },
        {
            "throttle": 0.5188562613171833,
            "brake": 0.0,
            "steer": 0.0
        },
        {
            "throttle": 0.5201023767371994,
            "brake": 0.0,
            "steer": 0.0
        },
        {
            "throttle": 0.5207802788319411,
            "brake": 0.0,
            "steer": 0.0
        },
        {
            "throttle": 0.5208738168821234,
            "brake": 0.0,
            "steer": 0.0
        },
        {
            "throttle": 0.5203733417603316,
            "brake": 0.0,
            "steer": 0.0
        },
        {
            "throttle": 0.5192756998255711,
            "brake": 0.0,
            "steer": 0.0
        },
        {
            "throttle": 0.5175841751120118,
            "brake": 0.0,
            "steer": 0.0
        },
        {
            "throttle": 0.5153083793849768,
            "brake": 0.0,
            "steer": 0.0
        },
        {
            "throttle": 0.5124640902277598,
            "brake": 0.0,
            "steer": 0.0
        },
        {
            "throttle": 0.509073037902098,
            "brake": 0.0,
            "steer": 0.0
        },
        {
            "throttle": 0.5051626422885798,
            "brake": 0.0,
            "steer": 0.0
        },
        {
            "throttle": 0.5007657017564777,
            "brake": 0.0,
            "steer": 0.0
        },
        {
            "throttle": 0.49592003633110915,
            "brake": 0.0,
            "steer": 0.0
        },
        {
            "throttle": 0.4906680880166533,
            "brake": 0.0,
            "steer": 0.0
        },
        {
            "throttle": 0.48505648158939085,
            "brake": 0.0,
            "steer": 0.0
        },
        {
            "throttle": 0.4791355495968405,
            "brake": 0.0,
            "steer": 0.0
        },
        {
            "throttle": 0.47295882567877906,
            "brake": 0.0,
            "steer": 0.0
        },
        {
            "throttle": 0.4665825106635168,
            "brake": 0.0,
            "steer": 0.0
        },
        {
            "throttle": 0.46006491618428874,
            "brake": 0.0,
            "steer": 0.0
        },
        {
            "throttle": 0.4534658908038268,
            "brake": 0.0,
            "steer": 0.0
        },
        {
            "throttle": 0.4468462338281473,
            "brake": 0.0,
            "steer": 0.0
        },
        {
            "throttle": 0.4402671021317934,
            "brake": 0.0,
            "steer": 0.0
        },
        {
            "throttle": 0.43378941540515753,
            "brake": 0.0,
            "steer": 0.0
        },
        {
            "throttle": 0.42747326526948703,
            "brake": 0.0,
            "steer": 0.0
        },
        {
            "throttle": 0.42137733368663194,
            "brake": 0.0,
            "steer": 0.0
        },
        {
            "throttle": 0.4155583260189135,
            "brake": 0.0,
            "steer": 0.0
        },
        {
            "throttle": 0.4100704239705247,
            "brake": 0.0,
            "steer": 0.0
        },
        {
            "throttle": 0.4049647634669592,
            "brake": 0.0,
            "steer": 0.0
        },
        {
            "throttle": 0.40028894230490564,
            "brake": 0.0,
            "steer": 0.0
        },
        {
            "throttle": 0.39608656213408405,
            "brake": 0.0,
            "steer": 0.0
        },
        {
            "throttle": 0.3923968090173305,
            "brake": 0.0,
            "steer": 0.0
        },
        {
            "throttle": 0.38925407645893545,
            "brake": 0.0,
            "steer": 0.0
        },
        {
            "throttle": 0.3866876343972827,
            "brake": 0.0,
            "steer": 0.0
        },
        {
            "throttle": 0.38472134723002716,
            "brake": 0.0,
            "steer": 0.0
        },
        {
            "throttle": 0.3833734434825198,
            "brake": 0.0,
            "steer": 0.0
        },
        {
            "throttle": 0.382656339247333,
            "brake": 0.0,
            "steer": 0.0
        },
        {
            "throttle": 0.3825765170191886,
            "brake": 0.0,
            "steer": 0.0
        },
        {
            "throttle": 0.3831344610301656,
            "brake": 0.0,
            "steer": 0.0
        },
        {
            "throttle": 0.38432464965973095,
            "brake": 0.0,
            "steer": 0.0
        },
        {
            "throttle": 0.3861356049579525,
            "brake": 0.0,
            "steer": 0.0
        },
        {
            "throttle": 0.3885499987833361,
            "brake": 0.0,
            "steer": 0.0
        },
        {
            "throttle": 0.3915448145241941,
            "brake": 0.0,
            "steer": 0.0
        },
        {
            "throttle": 0.395091562849369,
            "brake": 0.0,
            "steer": 0.0
        },
        {
            "throttle": 0.3991565494254842,
            "brake": 0.0,
            "steer": 0.0
        },
        {
            "throttle": 0.4037011920485105,
            "brake": 0.0,
            "steer": 0.0
        },
        {
            "throttle": 0.40868238417198033,
            "brake": 0.0,
            "steer": 0.0
        },
        {
            "throttle": 0.4140529013770663,
            "brake": 0.0,
            "steer": 0.0
        },
        {
            "throttle": 0.4197618469251365,
            "brake": 0.0,
            "steer": 0.0
        },
        {
            "throttle": 0.42575513216513555,
            "brake": 0.0,
            "steer": 0.0
        },
        {
            "throttle": 0.43197598723972885,
            "brake": 0.0,
            "steer": 0.0
        },
        {
            "throttle": 0.438365497248702,
            "brake": 0.0,
            "steer": 0.0
        },
        {
            "throttle": 0.4448631587883448,
            "brake": 0.0,
            "steer": 0.0
        },
        {
            "throttle": 0.4514074515937471,
            "brake": 0.0,
            "steer": 0.0
        },
        {
            "throttle": 0.45793641986891787,
            "brake": 0.0,
            "steer": 0.0
        },
        {
            "throttle": 0.46438825779876275,
            "brake": 0.0,
            "steer": 0.0
        },
        {
            "throttle": 0.47070189369808474,
            "brake": 0.0,
            "steer": 0.0
        },
        {
            "throttle": 0.47681756726628566,
            "brake": 0.0,
            "steer": 0.0
        },
        {
            "throttle": 0.4826773944822202,
            "brake": 0.0,
            "steer": 0.0
        },
        {
            "throttle": 0.48822591479107447,
            "brake": 0.0,
            "steer": 0.0
        },
        {
            "throttle": 0.4934106154030994,
            "brake": 0.0,
            "steer": 0.0
        },
        {
            "throttle": 0.49818242774094795,
            "brake": 0.0,
            "steer": 0.0
        },
        {
            "throttle": 0.5024961913361887,
            "brake": 0.0,
            "steer": 0.0
        },
        {
            "throttle": 0.5063110807838128,
            "brake": 0.0,
            "steer": 0.0
        },
        {
            "throttle": 0.5095909917132992,
            "brake": 0.0,
            "steer": 0.0
        },
        {
            "throttle": 0.5123048821227524,
            "brake": 0.0,
            "steer": 0.0
        },
        {
            "throttle": 0.514427065845108,
            "brake": 0.0,
            "steer": 0.0
        },
        {
            "throttle": 0.5159374553684253,
            "brake": 0.0,
            "steer": 0.0
        },
        {
            "throttle": 0.5168217517115614,
            "brake": 0.0,
            "steer": 0.0
        },
        {
            "throttle": 0.5170715795575289,
            "brake": 0.0,
            "steer": 0.0
        },
        {
            "throttle": 0.516684566364826,
            "brake": 0.0,
            "steer": 0.0
        },
        {
            "throttle": 0.5156643647071129,
            "brake": 0.0,
            "steer": 0.0
        },
        {
            "throttle": 0.5140206176287646,
            "brake": 0.0,
            "steer": 0.0
        },
        {
            "throttle": 0.5117688673429844,
            "brake": 0.0,
            "steer": 0.0
        },
        {
            "throttle": 0.5089304081352167,
            "brake": 0.0,
            "steer": 0.0
        },
        {
            "throttle": 0.5055320848624799,
            "brake": 0.0,
            "steer": 0.0
        },
        {
            "throttle": 0.5016060389539572,
            "brake": 0.0,
            "steer": 0.0
        },
        {
            "throttle": 0.4971894043148698,
            "brake": 0.0,
            "steer": 0.0
        },
        {
            "throttle": 0.49232395600961376,
            "brake": 0.0,
            "steer": 0.0
        },
        {
            "throttle": 0.48705571504688583,
            "brake": 0.0,
            "steer": 0.0
        },
        {
            "throttle": 0.4814345130048318,
            "brake": 0.0,
            "steer": 0.0
        },
        {
            "throttle": 0.47551352061419205,
            "brake": 0.0,
            "steer": 0.0
        },
        {
            "throttle": 0.4693487447584024,
            "brake": 0.0,
            "steer": 0.0
        },
        {
            "throttle": 0.4629984986484072,
            "brake": 0.0,
            "steer": 0.0
        },
        {
            "throttle": 0.4565228501837323,
            "brake": 0.0,
            "steer": 0.0
        },
        {
            "throttle": 0.44998305371774194,
            "brake": 0.0,
            "steer": 0.0
        },
        {
            "throttle": 0.4434409706020236,
            "brake": 0.0,
            "steer": 0.0
        },
        {
            "throttle": 0.43695848399101234,
            "brake": 0.0,
            "steer": 0.0
        },
        {
            "throttle": 0.43059691344228673,
            "brake": 0.0,
            "steer": 0.0
        },
        {
            "throttle": 0.424416434849921,
            "brake": 0.0,
            "steer": 0.0
        },
        {
            "throttle": 0.4184755111978503,
            "brake": 0.0,
            "steer": 0.0
        },
        {
            "throttle": 0.4128303395178721,
            "brake": 0.0,
            "steer": 0.0
        },
        {
            "throttle": 0.40753431928363193,
            "brake": 0.0,
            "steer": 0.0
        },
        {
            "throttle": 0.40263754726918666,
            "brake": 0.0,
            "steer": 0.0
        },
        {
            "throttle": 0.362373792542268,
            "brake": 0.0185676082866171,
            "steer": 0.0
        },
        {
            "throttle": 0.3261364132880412,
            "brake": 0.03527845574457249,
            "steer": 0.0
        },
        {
            "throttle": 0.2935227719592371,
            "brake": 0.050318218456732344,
            "steer": 0.0
        },
        {
            "throttle": 0.2641704947633134,
            "brake": 0.06385400489767622,
            "steer": 0.0
        },
        {
            "throttle": 0.23775344528698206,
            "brake": 0.07603621269452569,
            "steer": 0.0
        },
        {
            "throttle": 0.21397810075828386,
            "brake": 0.08700019971169023,
            "steer": 0.0
        },
        {
            "throttle": 0.19258029068245547,
            "brake": 0.09686778802713832,
            "steer": 0.0
        },
        {
            "throttle": 0.17332226161420994,
            "brake": 0.10574861751104159,
            "steer": 0.0
        },
        {
            "throttle": 0.15599003545278894,
            "brake": 0.11374136404655454,
            "steer": 0.0
        },
        {
            "throttle": 0.14039103190751007,
            "brake": 0.12093483592851619,
            "steer": 0.0
        },
        {
            "throttle": 0.12635192871675907,
            "brake": 0.12740896062228166,
            "steer": 0.0
        },
        {
            "throttle": 0.11371673584508317,
            "brake": 0.1332356728466706,
            "steer": 0.0
        },
        {
            "throttle": 0.10234506226057485,
            "brake": 0.13847971384862062,
            "steer": 0.0
        },
        {
            "throttle": 0.09211055603451737,
            "brake": 0.14319935075037565,
            "steer": 0.0
        },
        {
            "throttle": 0.08289950043106564,
            "brake": 0.1474470239619552,
            "steer": 0.0
        },
        {
            "throttle": 0.07460955038795908,
            "brake": 0.15126992985237678,
            "steer": 0.0
        },
        {
            "throttle": 0.06714859534916318,
            "brake": 0.1547105451537562,
            "steer": 0.0
        },
        {
            "throttle": 0.06043373581424686,
            "brake": 0.1578070989249977,
            "steer": 0.0
        },
        {
            "throttle": 0.054390362232822176,
            "brake": 0.16059399731911503,
            "steer": 0.0
        },
        {
            "throttle": 0.04895132600953996,
            "brake": 0.16310220587382063,
            "steer": 0.0
        },
        {
            "throttle": 0.044056193408585964,
            "brake": 0.16535959357305569,
            "steer": 0.0
        },
        {
            "throttle": 0.039650574067727366,
            "brake": 0.16739124250236723,
            "steer": 0.0
        },
        {
            "throttle": 0.08559472450001265,
            "brake": 0.1506521182521305,
            "steer": 0.0
        },
        {
            "throttle": 0.12767092825780735,
            "brake": 0.13558690642691745,
            "steer": 0.0
        },
        {
            "throttle": 0.16621242319506888,
            "brake": 0.12202821578422571,
            "steer": 0.0
        },
        {
            "throttle": 0.20151275798685608,
            "brake": 0.10982539420580315,
            "steer": 0.0
        },
        {
            "throttle": 0.23383032788014696,
            "brake": 0.09884285478522284,
            "steer": 0.0
        },
        {
            "throttle": 0.2633925117209434,
            "brake": 0.08895856930670056,
            "steer": 0.0
        },
        {
            "throttle": 0.29039944424922365,
            "brake": 0.0800627123760305,
            "steer": 0.0
        },
        {
            "throttle": 0.315027453790912,
            "brake": 0.07205644113842746,
            "steer": 0.0
        },
        {
            "throttle": 0.2835247084118208,
            "brake": 0.08341840531120183,
            "steer": 0.0
        },
        {
            "throttle": 0.2551722375706387,
            "brake": 0.09364417306669875,
            "steer": 0.0
        },
        {
            "throttle": 0.22965501381357487,
            "brake": 0.10284736404664599,
            "steer": 0.0
        },
        {
            "throttle": 0.2066895124322174,
            "brake": 0.1111302359285985,
            "steer": 0.0
        },
        {
            "throttle": 0.18602056118899565,
            "brake": 0.11858482062235576,
            "steer": 0.0
        },
        {
            "throttle": 0.1674185050700961,
            "brake": 0.12529394684673728,
            "steer": 0.0
        },
        {
            "throttle": 0.1506766545630865,
            "brake": 0.13133216044868065,
            "steer": 0.0
        },
        {
            "throttle": 0.13560898910677785,
            "brake": 0.1367665526904297,
            "steer": 0.0
        },
        {
            "throttle": 0.12204809019610006,
            "brake": 0.14165750570800384,
            "steer": 0.0
        },
        {
            "throttle": 0.10984328117649006,
            "brake": 0.14605936342382056,
            "steer": 0.0
        },
        {
            "throttle": 0.09885895305884106,
            "brake": 0.1500210353680556,
            "steer": 0.0
        },
        {
            "throttle": 0.08897305775295695,
            "brake": 0.15358654011786715,
            "steer": 0.0
        },
        {
            "throttle": 0.08007575197766126,
            "brake": 0.15679549439269755,
            "steer": 0.0
        },
        {
            "throttle": 0.07206817677989513,
            "brake": 0.1596835532400449,
            "steer": 0.0
        },
        {
            "throttle": 0.06486135910190562,
            "brake": 0.16228280620265753,
            "steer": 0.0
        },
        {
            "throttle": 0.05837522319171506,
            "brake": 0.1646221338690089,
            "steer": 0.0
        },
        {
            "throttle": 0.05253770087254355,
            "brake": 0.16672752876872513,
            "steer": 0.0
        },
        {
            "throttle": 0.0472839307852892,
            "brake": 0.16862238417846973,
            "steer": 0.0
        },
        {
            "throttle": 0.04255553770676028,
            "brake": 0.17032775404723985,
            "steer": 0.0
        },
        {
            "throttle": 0.038299983936084254,
            "brake": 0.17186258692913298,
            "steer": 0.0
        },
        {
            "throttle": 0.03446998554247583,
            "brake": 0.1732439365228368,
            "steer": 0.0
        },
        {
            "throttle": 0.031022986988228248,
            "brake": 0.17448715115717023,
            "steer": 0.0
        },
        {
            "throttle": 0.06978555978583888,
            "brake": 0.1570384360414532,
            "steer": 0.0
        },
        {
            "throttle": 0.1038494136744956,
            "brake": 0.1413345924373079,
            "steer": 0.0
        },
        {
            "throttle": 0.1337216110441713,
            "brake": 0.12720113319357712,
            "steer": 0.0
        },
        {
            "throttle": 0.15986593630251308,
            "brake": 0.11448101987421941,
            "steer": 0.0
        },
        {
            "throttle": 0.18270680160284034,
            "brake": 0.10303291788679747,
            "steer": 0.0
        },
        {
            "throttle": 0.20263269572446146,
            "brake": 0.09272962609811773,
            "steer": 0.0
        },
        {
            "throttle": 0.2199992264095681,
            "brake": 0.08345666348830597,
            "steer": 0.0
        },
        {
            "throttle": 0.23513180201376843,
            "brake": 0.07511099713947537,
            "steer": 0.0
        },
        {
            "throttle": 0.24832799427562707,
            "brake": 0.06759989742552784,
            "steer": 0.0
        },
        {
            "throttle": 0.25985962030978926,
            "brake": 0.06083990768297506,
            "steer": 0.0
        },
        {
            "throttle": 0.26997457853875106,
            "brake": 0.05475591691467755,
            "steer": 0.0
        },
        {
            "throttle": 0.2788984701649858,
            "brake": 0.0492803252232098,
            "steer": 0.0
        },
        {
            "throttle": 0.2868360349169478,
            "brake": 0.04435229270088882,
            "steer": 0.0
        },
        {
            "throttle": 0.293972427152165,
            "brake": 0.03991706343079994,
            "steer": 0.0
        },
        {
            "throttle": 0.30047435594431043,
            "brake": 0.03592535708771995,
            "steer": 0.0
        },
        {
            "throttle": 0.306491110497966,
            "brake": 0.032332821378947954,
            "steer": 0.0
        },
        {
            "throttle": 0.3121554901066982,
            "brake": 0.02909953924105316,
            "steer": 0.0
        },
        {
            "throttle": 0.3175846558814857,
            "brake": 0.026189585316947844,
            "steer": 0.0
        },
        {
            "throttle": 0.32288091961415394,
            "brake": 0.02357062678525306,
            "steer": 0.0
        },
        {
            "throttle": 0.32813248339298523,
            "brake": 0.021213564106727756,
            "steer": 0.0
        },
        {
            "throttle": 0.33341414194559255,
            "brake": 0.01909220769605498,
            "steer": 0.0
        },
        {
            "throttle": 0.3387879581395774,
            "brake": 0.017182986926449484,
            "steer": 0.0
        },
        {
            "throttle": 0.3443039206179752,
            "brake": 0.015464688233804535,
            "steer": 0.0
        },
        {
            "throttle": 0.35000059117879695,
            "brake": 0.013918219410424083,
            "steer": 0.0
        },
        {
            "throttle": 0.355905748221973,
            "brake": 0.012526397469381674,
            "steer": 0.0
        },
        {
            "throttle": 0.36203703137948645,
            "brake": 0.011273757722443507,
            "steer": 0.0
        },
        {
            "throttle": 0.3684025913130449,
            "brake": 0.010146381950199157,
            "steer": 0.0
        },
        {
            "throttle": 0.3750017476065361,
            "brake": 0.009131743755179242,
            "steer": 0.0
        },
        {
            "throttle": 0.3818256566965414,
            "brake": 0.008218569379661318,
            "steer": 0.0
        },
        {
            "throttle": 0.3888579908725659,
            "brake": 0.007396712441695186,
            "steer": 0.0
        },
        {
            "throttle": 0.39607562853893763,
            "brake": 0.0066570411975256675,
            "steer": 0.0
        },
        {
            "throttle": 0.4034493551623041,
            "brake": 0.005991337077773101,
            "steer": 0.0
        },
        {
            "throttle": 0.41094457363223014,
            "brake": 0.005392203369995791,
            "steer": 0.0
        },
        {
            "throttle": 0.41852202213754636,
            "brake": 0.004852983032996212,
            "steer": 0.0
        },
        {
            "throttle": 0.42613849710777496,
            "brake": 0.004367684729696591,
            "steer": 0.0
        }
    ],
    "parameters": {
        "fog_density": 78.23968840659086,
        "precipitation": 52.471980878910365,
        "precipitation_deposits": 52.033996054701745,
        "wind_intensity": 29.123673585669334,
        "sun_altitude_angle": 5.367053662853706,
        "cloudiness": 32.9966021891968,
        "lead_base_throttle": 0.4497396831109848,
        "lead_behavior_frequency": 0.1548549493483169,
        "lead_throttle_variation": 0.09161420700593302,
        "lead_brake_probability": 0.07432404225110895,
        "lead_brake_intensity": 0.185676082866171,
        "lead_brake_duration": 22.522966047950472,
        "initial_distance": 19.21795988942567,
        "initial_ego_velocity": 8.619633183129498,
        "initial_lead_velocity": 22.815368750365135
    },
    "config": {
        "num_timesteps": 200,
        "dt": 0.1,
        "seed": 189
    }
}