{
    "weather": {
        "cloudiness": 70.9946093401562,
        "precipitation": 88.43454339588753,
        "precipitation_deposits": 18.721175513755583,
        "wind_intensity": 27.7879546259536,
        "sun_altitude_angle": 42.459470667449494,
        "fog_density": 2.8738368263270875,
        "fog_distance": 908.6506692912076,
        "wetness": 44.217271697943765
    },
    "initial_conditions": {
        "ego": {
            "position": {
                "x": 513.7711501436031,
                "y": 20.57,
                "z": 0.294
            },
            "yaw": 0.0,
            "velocity": 16.28594487049835
        },
        "lead": {
            "position": {
                "x": 484.88,
                "y": 20.57,
                "z": 0.294
            },
            "yaw": 0.0,
            "velocity": 15.348760554807395
        }
    },
    "ego": {
        "position": {
            "x": 513.7711501436031,
            "y": 20.57,
            "z": 0.294
        },
        "yaw": 0.0,
        "velocity": 16.28594487049835
    },
    "lead": {
        "position": {
            "x": 484.88,
            "y": 20.57,
            "z": 0.294
        },
        "yaw": 0.0,
        "velocity": 15.348760554807395
    },
    "ado_actions": [
        {
            "throttle": 0.24985903811122362,
            "brake": 0.0,
            "steer": 0.0
        },
        {
            "throttle": 0.25140280605920673,
            "brake": 0.0,
            "steer": 0.0
        },
        {
            "throttle": 0.2543315618004606,
            "brake": 0.0,
            "steer": 0.0
        },
        {
            "throttle": 0.25849801239573506,
            "brake": 0.0,
            "steer": 0.0
        },
        {
            "throttle": 0.26376522848368017,
            "brake": 0.0,
            "steer": 0.0
        },
        {
            "throttle": 0.27000564545957245,
            "brake": 0.0,
            "steer": 0.0
        },
        {
            "throttle": 0.27710017688163224,
            "brake": 0.0,
            "steer": 0.0
        },
        {
            "throttle": 0.28493742873989353,
            "brake": 0.0,
            "steer": 0.0
        },
        {
            "throttle": 0.29341300432428186,
            "brake": 0.0,
            "steer": 0.0
        },
        {
            "throttle": 0.3024288904205888,
            "brake": 0.0,
            "steer": 0.0
        },
        {
            "throttle": 0.31189291645646294,
            "brake": 0.0,
            "steer": 0.0
        },
        {
            "throttle": 0.3217182790243246,
            "brake": 0.0,
            "steer": 0.0
        },
        {
            "throttle": 0.33182312493321314,
            "brake": 0.0,
            "steer": 0.0
        },
        {
            "throttle": 0.34213018659505345,
            "brake": 0.0,
            "steer": 0.0
        },
        {
            "throttle": 0.35256646413993087,
            "brake": 0.0,
            "steer": 0.0
        },
        {
            "throttle": 0.36306294918621834,
            "brake": 0.0,
            "steer": 0.0
        },
        {
            "throttle": 0.3735543856706731,
            "brake": 0.0,
            "steer": 0.0
        },
        {
            "throttle": 0.3839790635761907,
            "brake": 0.0,
            "steer": 0.0
        },
        {
            "throttle": 0.3942786417855192,
            "brake": 0.0,
            "steer": 0.0
        },
        {
            "throttle": 0.40439799664216536,
            "brake": 0.0,
            "steer": 0.0
        },
        {
            "throttle": 0.4142850931188035,
            "brake": 0.0,
            "steer": 0.0
        },
        {
            "throttle": 0.42389087578217766,
            "brake": 0.0,
            "steer": 0.0
        },
        {
            "throttle": 0.43316917700487,
            "brake": 0.0,
            "steer": 0.0
        },
        {
            "throttle": 0.4420766401111773,
            "brake": 0.0,
            "steer": 0.0
        },
        {
            "throttle": 0.45057265535919744,
            "brake": 0.0,
            "steer": 0.0
        },
        {
            "throttle": 0.45861930685632457,
            "brake": 0.0,
            "steer": 0.0
        },
        {
            "throttle": 0.4661813286827082,
            "brake": 0.0,
            "steer": 0.0
        },
        {
            "throttle": 0.473226068658651,
            "brake": 0.0,
            "steer": 0.0
        },
        {
            "throttle": 0.47972345833903646,
            "brake": 0.0,
            "steer": 0.0
        },
        {
            "throttle": 0.4856459879521388,
            "brake": 0.0,
            "steer": 0.0
        },
        {
            "throttle": 0.49096868512289227,
            "brake": 0.0,
            "steer": 0.0
        },
        {
            "throttle": 0.49566909633303785,
            "brake": 0.0,
            "steer": 0.0
        },
        {
            "throttle": 0.4997272701735904,
            "brake": 0.0,
            "steer": 0.0
        },
        {
            "throttle": 0.5031257415396977,
            "brake": 0.0,
            "steer": 0.0
        },
        {
            "throttle": 0.5058495160050458,
            "brake": 0.0,
            "steer": 0.0
        },
        {
            "throttle": 0.5078860536932474,
            "brake": 0.0,
            "steer": 0.0
        },
        {
            "throttle": 0.5092252520377937,
            "brake": 0.0,
            "steer": 0.0
        },
        {
            "throttle": 0.509859426890768,
            "brake": 0.0,
            "steer": 0.0
        },
        {
            "throttle": 0.509783291504123,
            "brake": 0.0,
            "steer": 0.0
        },
        {
            "throttle": 0.45880496235371077,
            "brake": 0.06026643921891766,
            "steer": 0.0
        },
        {
            "throttle": 0.4129244661183397,
            "brake": 0.11450623451594355,
            "steer": 0.0
        },
        {
            "throttle": 0.37163201950650576,
            "brake": 0.16332205028326685,
            "steer": 0.0
        },
        {
            "throttle": 0.33446881755585517,
            "brake": 0.20725628447385783,
            "steer": 0.0
        },
        {
            "throttle": 0.30102193580026965,
            "brake": 0.2467970952453897,
            "steer": 0.0
        },
        {
            "throttle": 0.2709197422202427,
            "brake": 0.2823838249397684,
            "steer": 0.0
        },
        {
            "throttle": 0.24382776799821843,
            "brake": 0.31441188166470924,
            "steer": 0.0
        },
        {
            "throttle": 0.21944499119839658,
            "brake": 0.343237132717156,
            "steer": 0.0
        },
        {
            "throttle": 0.19750049207855694,
            "brake": 0.3691798586643581,
            "steer": 0.0
        },
        {
            "throttle": 0.17775044287070124,
            "brake": 0.39252831201683996,
            "steer": 0.0
        },
        {
            "throttle": 0.15997539858363113,
            "brake": 0.41354192003407364,
            "steer": 0.0
        },
        {
            "throttle": 0.14397785872526803,
            "brake": 0.43245416724958397,
            "steer": 0.0
        },
        {
            "throttle": 0.12958007285274123,
            "brake": 0.4494751897435432,
            "steer": 0.0
        },
        {
            "throttle": 0.11662206556746711,
            "brake": 0.46479410998810655,
            "steer": 0.0
        },
        {
            "throttle": 0.1049598590107204,
            "brake": 0.4785811382082136,
            "steer": 0.0
        },
        {
            "throttle": 0.09446387310964836,
            "brake": 0.4909894636063099,
            "steer": 0.0
        },
        {
            "throttle": 0.08501748579868353,
            "brake": 0.5021569564645966,
            "steer": 0.0
        },
        {
            "throttle": 0.07651573721881517,
            "brake": 0.5122077000370545,
            "steer": 0.0
        },
        {
            "throttle": 0.06886416349693365,
            "brake": 0.5212533692522667,
            "steer": 0.0
        },
        {
            "throttle": 0.06197774714724029,
            "brake": 0.5293944715459578,
            "steer": 0.0
        },
        {
            "throttle": 0.05577997243251626,
            "brake": 0.5367214636102796,
            "steer": 0.0
        },
        {
            "throttle": 0.050201975189264635,
            "brake": 0.5433157564681693,
            "steer": 0.0
        },
        {
            "throttle": 0.04518177767033817,
            "brake": 0.54925062004027,
            "steer": 0.0
        },
        {
            "throttle": 0.06075582608060898,
            "brake": 0.49432555803624306,
            "steer": 0.0
        },
        {
            "throttle": 0.07325794962577611,
            "brake": 0.44489300223261874,
            "steer": 0.0
        },
        {
            "throttle": 0.0830136191875742,
            "brake": 0.4004037020093569,
            "steer": 0.0
        },
        {
            "throttle": 0.09032002635798497,
            "brake": 0.3603633318084212,
            "steer": 0.0
        },
        {
            "throttle": 0.09544884705867339,
            "brake": 0.3243269986275791,
            "steer": 0.0
        },
        {
            "throttle": 0.09864871680867662,
            "brake": 0.2918942987648212,
            "steer": 0.0
        },
        {
            "throttle": 0.10014744669315265,
            "brake": 0.2627048688883391,
            "steer": 0.0
        },
        {
            "throttle": 0.10015400621429293,
            "brake": 0.2364343819995052,
            "steer": 0.0
        },
        {
            "throttle": 0.09886029662025496,
            "brake": 0.21279094379955468,
            "steer": 0.0
        },
        {
            "throttle": 0.09644273598043633,
            "brake": 0.19151184941959923,
            "steer": 0.0
        },
        {
            "throttle": 0.09306367517972969,
            "brake": 0.1723606644776393,
            "steer": 0.0
        },
        {
            "throttle": 0.0888726621172931,
            "brake": 0.15512459802987538,
            "steer": 0.0
        },
        {
            "throttle": 0.08400756969589973,
            "brake": 0.13961213822688784,
            "steer": 0.0
        },
        {
            "throttle": 0.07859560165724759,
            "brake": 0.12565092440419906,
            "steer": 0.0
        },
        {
            "throttle": 0.07275418893975565,
            "brake": 0.11308583196377915,
            "steer": 0.0
        },
        {
            "throttle": 0.06659178799308918,
            "brake": 0.10177724876740124,
            "steer": 0.0
        },
        {
            "throttle": 0.06020859136421373,
            "brake": 0.09159952389066112,
            "steer": 0.0
        },
        {
            "throttle": 0.05418773222779236,
            "brake": 0.082439571501595,
            "steer": 0.0
        },
        {
            "throttle": 0.04876895900501312,
            "brake": 0.07419561435143551,
            "steer": 0.0
        },
        {
            "throttle": 0.04389206310451181,
            "brake": 0.06677605291629196,
            "steer": 0.0
        },
        {
            "throttle": 0.03950285679406063,
            "brake": 0.060098447624662765,
            "steer": 0.0
        },
        {
            "throttle": 0.03555257111465457,
            "brake": 0.05408860286219649,
            "steer": 0.0
        },
        {
            "throttle": 0.031997314003189115,
            "brake": 0.04867974257597684,
            "steer": 0.0
        },
        {
            "throttle": 0.028797582602870204,
            "brake": 0.04381176831837916,
            "steer": 0.0
        },
        {
            "throttle": 0.025917824342583183,
            "brake": 0.039430591486541246,
            "steer": 0.0
        },
        {
            "throttle": 0.023326041908324865,
            "brake": 0.03548753233788712,
            "steer": 0.0
        },
        {
            "throttle": 0.020993437717492378,
            "brake": 0.03193877910409841,
            "steer": 0.0
        },
        {
            "throttle": 0.01889409394574314,
            "brake": 0.028744901193688572,
            "steer": 0.0
        },
        {
            "throttle": 0.01700468455116883,
            "brake": 0.025870411074319716,
            "steer": 0.0
        },
        {
            "throttle": 0.015304216096051947,
            "brake": 0.023283369966887745,
            "steer": 0.0
        },
        {
            "throttle": 0.013773794486446752,
            "brake": 0.02095503297019897,
            "steer": 0.0
        },
        {
            "throttle": 0.012396415037802077,
            "brake": 0.018859529673179075,
            "steer": 0.0
        },
        {
            "throttle": 0.011156773534021868,
            "brake": 0.01697357670586117,
            "steer": 0.0
        },
        {
            "throttle": 0.010041096180619682,
            "brake": 0.015276219035275053,
            "steer": 0.0
        },
        {
            "throttle": 0.009036986562557714,
            "brake": 0.013748597131747548,
            "steer": 0.0
        },
        {
            "throttle": 0.008133287906301943,
            "brake": 0.012373737418572794,
            "steer": 0.0
        },
        {
            "throttle": 0.007319959115671748,
            "brake": 0.011136363676715515,
            "steer": 0.0
        },
        {
            "throttle": 0.007316849744486338,
            "brake": 0.010022727309043964,
            "steer": 0.0
        },
        {
            "throttle": 0.008188936322439938,
            "brake": 0.009020454578139568,
            "steer": 0.0
        },
        {
            "throttle": 0.009915393179716899,
            "brake": 0.008118409120325612,
            "steer": 0.0
        },
        {
            "throttle": 0.012474791504822707,
            "brake": 0.0073065682082930515,
            "steer": 0.0
        },
        {
            "throttle": 0.0158449770851891,
            "brake": 0.006575911387463746,
            "steer": 0.0
        },
        {
            "throttle": 0.020002968455051087,
            "brake": 0.005918320248717372,
            "steer": 0.0
        },
        {
            "throttle": 0.02492487390729594,
            "brake": 0.005326488223845635,
            "steer": 0.0
        },
        {
            "throttle": 0.03058582595555869,
            "brake": 0.004793839401461071,
            "steer": 0.0
        },
        {
            "throttle": 0.03695993194810886,
            "brake": 0.0043144554613149646,
            "steer": 0.0
        },
        {
            "throttle": 0.0440202396375414,
            "brake": 0.0038830099151834683,
            "steer": 0.0
        },
        {
            "throttle": 0.051738716601311165,
            "brake": 0.0034947089236651214,
            "steer": 0.0
        },
        {
            "throttle": 0.06008624248895966,
            "brake": 0.0031452380312986094,
            "steer": 0.0
        },
        {
            "throttle": 0.06903261314358182,
            "brake": 0.0028307142281687485,
            "steer": 0.0
        },
        {
            "throttle": 0.07854655570866736,
            "brake": 0.002547642805351874,
            "steer": 0.0
        },
        {
            "throttle": 0.08859575388782874,
            "brake": 0.0022928785248166866,
            "steer": 0.0
        },
        {
            "throttle": 0.0991468825749073,
            "brake": 0.002063590672335018,
            "steer": 0.0
        },
        {
            "throttle": 0.1101656511162681,
            "brake": 0.0018572316051015164,
            "steer": 0.0
        },
        {
            "throttle": 0.12161685450641302,
            "brake": 0.0016715084445913647,
            "steer": 0.0
        },
        {
            "throttle": 0.13346443185295997,
            "brake": 0.0015043576001322282,
            "steer": 0.0
        },
        {
            "throttle": 0.1456715314780942,
            "brake": 0.0013539218401190055,
            "steer": 0.0
        },
        {
            "throttle": 0.15820058205128137,
            "brake": 0.001218529656107105,
            "steer": 0.0
        },
        {
            "throttle": 0.17101336917277996,
            "brake": 0.0010966766904963944,
            "steer": 0.0
        },
        {
            "throttle": 0.1840711168497008,
            "brake": 0.000987009021446755,
            "steer": 0.0
        },
        {
            "throttle": 0.19733457332638632,
            "brake": 0.0008883081193020796,
            "steer": 0.0
        },
        {
            "throttle": 0.21076410074904572,
            "brake": 0.0007994773073718716,
            "steer": 0.0
        },
        {
            "throttle": 0.22431976816116947,
            "brake": 0.0007195295766346844,
            "steer": 0.0
        },
        {
            "throttle": 0.23796144734151922,
            "brake": 0.000647576618971216,
            "steer": 0.0
        },
        {
            "throttle": 0.25164891101067505,
            "brake": 0.0005828189570740945,
            "steer": 0.0
        },
        {
            "throttle": 0.26534193294543246,
            "brake": 0.000524537061366685,
            "steer": 0.0
        },
        {
            "throttle": 0.2790003895529576,
            "brake": 0.0004720833552300165,
            "steer": 0.0
        },
        {
            "throttle": 0.29258436246869923,
            "brake": 0.00042487501970701484,
            "steer": 0.0
        },
        {
            "throttle": 0.2633259262218293,
            "brake": 0.06064882673665397,
            "steer": 0.0
        },
        {
            "throttle": 0.2369933335996464,
            "brake": 0.11485038328190623,
            "steer": 0.0
        },
        {
            "throttle": 0.21329400023968176,
            "brake": 0.16363178417263327,
            "steer": 0.0
        },
        {
            "throttle": 0.1919646002157136,
            "brake": 0.20753504497428762,
            "steer": 0.0
        },
        {
            "throttle": 0.17276814019414224,
            "brake": 0.24704797969577652,
            "steer": 0.0
        },
        {
            "throttle": 0.15549132617472802,
            "brake": 0.28260962094511655,
            "steer": 0.0
        },
        {
            "throttle": 0.13994219355725523,
            "brake": 0.3146150980695226,
            "steer": 0.0
        },
        {
            "throttle": 0.12594797420152973,
            "brake": 0.34342002748148803,
            "steer": 0.0
        },
        {
            "throttle": 0.11335317678137675,
            "brake": 0.3693444639522569,
            "steer": 0.0
        },
        {
            "throttle": 0.10201785910323909,
            "brake": 0.39267645677594887,
            "steer": 0.0
        },
        {
            "throttle": 0.09181607319291518,
            "brake": 0.41367525031727165,
            "steer": 0.0
        },
        {
            "throttle": 0.08263446587362366,
            "brake": 0.4325741645044622,
            "steer": 0.0
        },
        {
            "throttle": 0.0743710192862613,
            "brake": 0.4495831872729336,
            "steer": 0.0
        },
        {
            "throttle": 0.06693391735763518,
            "brake": 0.46489130776455795,
            "steer": 0.0
        },
        {
            "throttle": 0.06024052562187166,
            "brake": 0.47866861620701984,
            "steer": 0.0
        },
        {
            "throttle": 0.054216473059684495,
            "brake": 0.49106819380523553,
            "steer": 0.0
        },
        {
            "throttle": 0.04879482575371605,
            "brake": 0.5022278136436297,
            "steer": 0.0
        },
        {
            "throttle": 0.043915343178344446,
            "brake": 0.5122714714981843,
            "steer": 0.0
        },
        {
            "throttle": 0.039523808860510004,
            "brake": 0.5213107635672836,
            "steer": 0.0
        },
        {
            "throttle": 0.035571427974459,
            "brake": 0.5294461264294729,
            "steer": 0.0
        },
        {
            "throttle": 0.0320142851770131,
            "brake": 0.5367679530054432,
            "steer": 0.0
        },
        {
            "throttle": 0.028812856659311794,
            "brake": 0.5433575969238166,
            "steer": 0.0
        },
        {
            "throttle": 0.025931570993380615,
            "brake": 0.5492882764503526,
            "steer": 0.0
        },
        {
            "throttle": 0.07578754310571333,
            "brake": 0.49435944880531735,
            "steer": 0.0
        },
        {
            "throttle": 0.12013560227286313,
            "brake": 0.44492350392478563,
            "steer": 0.0
        },
        {
            "throttle": 0.15944969500070788,
            "brake": 0.40043115353230707,
            "steer": 0.0
        },
        {
            "throttle": 0.19415808215749572,
            "brake": 0.3603880381790764,
            "steer": 0.0
        },
        {
            "throttle": 0.22464812185081684,
            "brake": 0.32434923436116875,
            "steer": 0.0
        },
        {
            "throttle": 0.25127056853088703,
            "brake": 0.2919143109250519,
            "steer": 0.0
        },
        {
            "throttle": 0.2743434361018642,
            "brake": 0.2627228798325467,
            "steer": 0.0
        },
        {
            "throttle": 0.29415546806209436,
            "brake": 0.23645059184929204,
            "steer": 0.0
        },
        {
            "throttle": 0.3109692534110896,
            "brake": 0.21280553266436283,
            "steer": 0.0
        },
        {
            "throttle": 0.32502402320785306,
            "brake": 0.19152497939792656,
            "steer": 0.0
        },
        {
            "throttle": 0.3365381591988321,
            "brake": 0.1723724814581339,
            "steer": 0.0
        },
        {
            "throttle": 0.3457114428155547,
            "brake": 0.15513523331232051,
            "steer": 0.0
        },
        {
            "throttle": 0.3527270700370071,
            "brake": 0.13962170998108847,
            "steer": 0.0
        },
        {
            "throttle": 0.35775345508864687,
            "brake": 0.12565953898297963,
            "steer": 0.0
        },
        {
            "throttle": 0.36094584368035953,
            "brake": 0.11309358508468167,
            "steer": 0.0
        },
        {
            "throttle": 0.36244775444421906,
            "brake": 0.10178422657621351,
            "steer": 0.0
        },
        {
            "throttle": 0.3623922653967086,
            "brake": 0.09160580391859216,
            "steer": 0.0
        },
        {
            "throttle": 0.3609031605984888,
            "brake": 0.08244522352673295,
            "steer": 0.0
        },
        {
            "throttle": 0.3580959506993139,
            "brake": 0.07420070117405965,
            "steer": 0.0
        },
        {
            "throttle": 0.35407877971958945,
            "brake": 0.06678063105665369,
            "steer": 0.0
        },
        {
            "throttle": 0.3489532292183186,
            "brake": 0.06010256795098832,
            "steer": 0.0
        },
        {
            "throttle": 0.34281502991624835,
            "brake": 0.054092311155889486,
            "steer": 0.0
        },
        {
            "throttle": 0.3357546898707418,
            "brake": 0.04868308004030054,
            "steer": 0.0
        },
        {
            "throttle": 0.32785804742429414,
            "brake": 0.04381477203627048,
            "steer": 0.0
        },
        {
            "throttle": 0.31920675636181106,
            "brake": 0.039433294832643434,
            "steer": 0.0
        },
        {
            "throttle": 0.3098787100039011,
            "brake": 0.03548996534937909,
            "steer": 0.0
        },
        {
            "throttle": 0.29994841032650055,
            "brake": 0.03194096881444119,
            "steer": 0.0
        },
        {
            "throttle": 0.28948728762395565,
            "brake": 0.02874687193299707,
            "steer": 0.0
        },
        {
            "throttle": 0.27856397571675484,
            "brake": 0.025872184739697362,
            "steer": 0.0
        },
        {
            "throttle": 0.26724454724060875,
            "brake": 0.023284966265727625,
            "steer": 0.0
        },
        {
            "throttle": 0.25559271313526805,
            "brake": 0.020956469639154863,
            "steer": 0.0
        },
        {
            "throttle": 0.2436699900746328,
            "brake": 0.018860822675239378,
            "steer": 0.0
        },
        {
            "throttle": 0.23153583924009324,
            "brake": 0.01697474040771544,
            "steer": 0.0
        },
        {
            "throttle": 0.21924777953282945,
            "brake": 0.015277266366943897,
            "steer": 0.0
        },
        {
            "throttle": 0.20686147804455085,
            "brake": 0.013749539730249507,
            "steer": 0.0
        },
        {
            "throttle": 0.19443082035678375,
            "brake": 0.012374585757224556,
            "steer": 0.0
        },
        {
            "throttle": 0.18200796301353356,
            "brake": 0.0111371271815021,
            "steer": 0.0
        },
        {
            "throttle": 0.16964337030846302,
            "brake": 0.01002341446335189,
            "steer": 0.0
        },
        {
            "throttle": 0.15738583734338607,
            "brake": 0.009021073017016702,
            "steer": 0.0
        },
        {
            "throttle": 0.14528250114786312,
            "brake": 0.008118965715315032,
            "steer": 0.0
        },
        {
            "throttle": 0.13337884149818227,
            "brake": 0.007307069143783529,
            "steer": 0.0
        },
        {
            "throttle": 0.12171867293639123,
            "brake": 0.006576362229405176,
            "steer": 0.0
        },
        {
            "throttle": 0.110344129364845,
            "brake": 0.005918726006464659,
            "steer": 0.0
        },
        {
            "throttle": 0.0993097164283605,
            "brake": 0.005326853405818193,
            "steer": 0.0
        },
        {
            "throttle": 0.08937874478552446,
            "brake": 0.004794168065236373,
            "steer": 0.0
        },
        {
            "throttle": 0.08044087030697201,
            "brake": 0.0043147512587127365,
            "steer": 0.0
        },
        {
            "throttle": 0.07239678327627481,
            "brake": 0.003883276132841463,
            "steer": 0.0
        }
    ],
    "parameters": {
        "fog_density": 2.8738368263270875,
        "precipitation": 88.43454339588753,
        "precipitation_deposits": 18.721175513755583,
        "wind_intensity": 27.7879546259536,
        "sun_altitude_angle": 42.459470667449494,
        "cloudiness": 70.9946093401562,
        "lead_base_throttle": 0.24985903811122362,
        "lead_behavior_frequency": 0.08501055321834773,
        "lead_throttle_variation": 0.28915841624922456,
        "lead_brake_probability": 0.25989694013154147,
        "lead_brake_intensity": 0.6026643921891766,
        "lead_brake_duration": 23.787066940384996,
        "initial_distance": 28.89115014360313,
        "initial_ego_velocity": 16.28594487049835,
        "initial_lead_velocity": 15.348760554807395
    },
    "config": {
        "num_timesteps": 200,
        "dt": 0.1,
        "seed": 151
    }
}