{
    "weather": {
        "cloudiness": 18.98711247223264,
        "precipitation": 60.170234863273265,
        "precipitation_deposits": 64.68247824439291,
        "wind_intensity": 32.968855980907975,
        "sun_altitude_angle": 35.415149913456275,
        "fog_density": 13.468257848572343,
        "fog_distance": 638.3031649765119,
        "wetness": 30.085117431636633
    },
    "initial_conditions": {
        "ego": {
            "position": {
                "x": 559.0824418821103,
                "y": 20.57,
                "z": 0.294
            },
            "yaw": 0.0,
            "velocity": 8.365289016788145
        },
        "lead": {
            "position": {
                "x": 484.88,
                "y": 20.57,
                "z": 0.294
            },
            "yaw": 0.0,
            "velocity": 8.002597213668647
        }
    },
    "ego": {
        "position": {
            "x": 559.0824418821103,
            "y": 20.57,
            "z": 0.294
        },
        "yaw": 0.0,
        "velocity": 8.365289016788145
    },
    "lead": {
        "position": {
            "x": 484.88,
            "y": 20.57,
            "z": 0.294
        },
        "yaw": 0.0,
        "velocity": 8.002597213668647
    },
    "ado_actions": [
        {
            "throttle": 0.2642533875316925,
            "brake": 0.0,
            "steer": 0.0
        },
        {
            "throttle": 0.26545958657807334,
            "brake": 0.0,
            "steer": 0.0
        },
        {
            "throttle": 0.267746334260182,
            "brake": 0.0,
            "steer": 0.0
        },
        {
            "throttle": 0.27099553568236173,
            "brake": 0.0,
            "steer": 0.0
        },
        {
            "throttle": 0.27509593778484626,
            "brake": 0.0,
            "steer": 0.0
        },
        {
            "throttle": 0.27994250775038265,
            "brake": 0.0,
            "steer": 0.0
        },
        {
            "throttle": 0.2854358940269736,
            "brake": 0.0,
            "steer": 0.0
        },
        {
            "throttle": 0.2914819613587769,
            "brake": 0.0,
            "steer": 0.0
        },
        {
            "throttle": 0.2979913919941233,
            "brake": 0.0,
            "steer": 0.0
        },
        {
            "throttle": 0.3048793459406416,
            "brake": 0.0,
            "steer": 0.0
        },
        {
            "throttle": 0.31206517377053977,
            "brake": 0.0,
            "steer": 0.0
        },
        {
            "throttle": 0.3194721760513153,
            "brake": 0.0,
            "steer": 0.0
        },
        {
            "throttle": 0.3270274039949636,
            "brake": 0.0,
            "steer": 0.0
        },
        {
            "throttle": 0.3346614963878728,
            "brake": 0.0,
            "steer": 0.0
        },
        {
            "throttle": 0.34230854828920454,
            "brake": 0.0,
            "steer": 0.0
        },
        {
            "throttle": 0.34990600737229804,
            "brake": 0.0,
            "steer": 0.0
        },
        {
            "throttle": 0.3573945941356539,
            "brake": 0.0,
            "steer": 0.0
        },
        {
            "throttle": 0.36471824253108054,
            "brake": 0.0,
            "steer": 0.0
        },
        {
            "throttle": 0.3718240578499543,
            "brake": 0.0,
            "steer": 0.0
        },
        {
            "throttle": 0.3786622889772341,
            "brake": 0.0,
            "steer": 0.0
        },
        {
            "throttle": 0.3851863123695496,
            "brake": 0.0,
            "steer": 0.0
        },
        {
            "throttle": 0.391352625340727,
            "brake": 0.0,
            "steer": 0.0
        },
        {
            "throttle": 0.3971208464476431,
            "brake": 0.0,
            "steer": 0.0
        },
        {
            "throttle": 0.4024537209631993,
            "brake": 0.0,
            "steer": 0.0
        },
        {
            "throttle": 0.4073171296031497,
            "brake": 0.0,
            "steer": 0.0
        },
        {
            "throttle": 0.411680098840992,
            "brake": 0.0,
            "steer": 0.0
        },
        {
            "throttle": 0.4155148113014455,
            "brake": 0.0,
            "steer": 0.0
        },
        {
            "throttle": 0.41879661486935954,
            "brake": 0.0,
            "steer": 0.0
        },
        {
            "throttle": 0.42150402928823305,
            "brake": 0.0,
            "steer": 0.0
        },
        {
            "throttle": 0.4236187491517795,
            "brake": 0.0,
            "steer": 0.0
        },
        {
            "throttle": 0.42512564231391814,
            "brake": 0.0,
            "steer": 0.0
        },
        {
            "throttle": 0.4260127428578959,
            "brake": 0.0,
            "steer": 0.0
        },
        {
            "throttle": 0.426271237874526,
            "brake": 0.0,
            "steer": 0.0
        },
        {
            "throttle": 0.42589544740328455,
            "brake": 0.0,
            "steer": 0.0
        },
        {
            "throttle": 0.4248827969886609,
            "brake": 0.0,
            "steer": 0.0
        },
        {
            "throttle": 0.4232337823980794,
            "brake": 0.0,
            "steer": 0.0
        },
        {
            "throttle": 0.42095192613721855,
            "brake": 0.0,
            "steer": 0.0
        },
        {
            "throttle": 0.41804372548389096,
            "brake": 0.0,
            "steer": 0.0
        },
        {
            "throttle": 0.41451859184304174,
            "brake": 0.0,
            "steer": 0.0
        },
        {
            "throttle": 0.4103887813030336,
            "brake": 0.0,
            "steer": 0.0
        },
        {
            "throttle": 0.40566931634735864,
            "brake": 0.0,
            "steer": 0.0
        },
        {
            "throttle": 0.4003778987463519,
            "brake": 0.0,
            "steer": 0.0
        },
        {
            "throttle": 0.3945348137204571,
            "brake": 0.0,
            "steer": 0.0
        },
        {
            "throttle": 0.38816282553017345,
            "brake": 0.0,
            "steer": 0.0
        },
        {
            "throttle": 0.38128706470802165,
            "brake": 0.0,
            "steer": 0.0
        },
        {
            "throttle": 0.3739349072047383,
            "brake": 0.0,
            "steer": 0.0
        },
        {
            "throttle": 0.36613584577543623,
            "brake": 0.0,
            "steer": 0.0
        },
        {
            "throttle": 0.35792135398166336,
            "brake": 0.0,
            "steer": 0.0
        },
        {
            "throttle": 0.34932474323213264,
            "brake": 0.0,
            "steer": 0.0
        },
        {
            "throttle": 0.34038101332837006,
            "brake": 0.0,
            "steer": 0.0
        },
        {
            "throttle": 0.3311266970216123,
            "brake": 0.0,
            "steer": 0.0
        },
        {
            "throttle": 0.3215996991239602,
            "brake": 0.0,
            "steer": 0.0
        },
        {
            "throttle": 0.31183913075003244,
            "brake": 0.0,
            "steer": 0.0
        },
        {
            "throttle": 0.3018851392951486,
            "brake": 0.0,
            "steer": 0.0
        },
        {
            "throttle": 0.2917787347823777,
            "brake": 0.0,
            "steer": 0.0
        },
        {
            "throttle": 0.2815616132336078,
            "brake": 0.0,
            "steer": 0.0
        },
        {
            "throttle": 0.27127597773911044,
            "brake": 0.0,
            "steer": 0.0
        },
        {
            "throttle": 0.26096435791588946,
            "brake": 0.0,
            "steer": 0.0
        },
        {
            "throttle": 0.25066942845741613,
            "brake": 0.0,
            "steer": 0.0
        },
        {
            "throttle": 0.2404338274861806,
            "brake": 0.0,
            "steer": 0.0
        },
        {
            "throttle": 0.23029997542584044,
            "brake": 0.0,
            "steer": 0.0
        },
        {
            "throttle": 0.2203098951116612,
            "brake": 0.0,
            "steer": 0.0
        },
        {
            "throttle": 0.21050503385644911,
            "brake": 0.0,
            "steer": 0.0
        },
        {
            "throttle": 0.20092608818432406,
            "brake": 0.0,
            "steer": 0.0
        },
        {
            "throttle": 0.19161283193652928,
            "brake": 0.0,
            "steer": 0.0
        },
        {
            "throttle": 0.18260394844208536,
            "brake": 0.0,
            "steer": 0.0
        },
        {
            "throttle": 0.17393686743155318,
            "brake": 0.0,
            "steer": 0.0
        },
        {
            "throttle": 0.16564760735455572,
            "brake": 0.0,
            "steer": 0.0
        },
        {
            "throttle": 0.15777062374112355,
            "brake": 0.0,
            "steer": 0.0
        },
        {
            "throttle": 0.15033866422347825,
            "brake": 0.0,
            "steer": 0.0
        },
        {
            "throttle": 0.14338263080867,
            "brake": 0.0,
            "steer": 0.0
        },
        {
            "throttle": 0.1369314499636688,
            "brake": 0.0,
            "steer": 0.0
        },
        {
            "throttle": 0.1310119510432053,
            "brake": 0.0,
            "steer": 0.0
        },
        {
            "throttle": 0.12564875355701646,
            "brake": 0.0,
            "steer": 0.0
        },
        {
            "throttle": 0.12086416373732188,
            "brake": 0.0,
            "steer": 0.0
        },
        {
            "throttle": 0.11667808082950333,
            "brake": 0.0,
            "steer": 0.0
        },
        {
            "throttle": 0.11310791348924862,
            "brake": 0.0,
            "steer": 0.0
        },
        {
            "throttle": 0.11016850662802699,
            "brake": 0.0,
            "steer": 0.0
        },
        {
            "throttle": 0.10787207900586852,
            "brake": 0.0,
            "steer": 0.0
        },
        {
            "throttle": 0.10622817182620982,
            "brake": 0.0,
            "steer": 0.0
        },
        {
            "throttle": 0.10524360854223491,
            "brake": 0.0,
            "steer": 0.0
        },
        {
            "throttle": 0.104922466037878,
            "brake": 0.0,
            "steer": 0.0
        },
        {
            "throttle": 0.10526605729966225,
            "brake": 0.0,
            "steer": 0.0
        },
        {
            "throttle": 0.10627292564802777,
            "brake": 0.0,
            "steer": 0.0
        },
        {
            "throttle": 0.10793885054895389,
            "brake": 0.0,
            "steer": 0.0
        },
        {
            "throttle": 0.11025686497870991,
            "brake": 0.0,
            "steer": 0.0
        },
        {
            "throttle": 0.113217284266679,
            "brake": 0.0,
            "steer": 0.0
        },
        {
            "throttle": 0.11680774629359277,
            "brake": 0.0,
            "steer": 0.0
        },
        {
            "throttle": 0.12101326287539385,
            "brake": 0.0,
            "steer": 0.0
        },
        {
            "throttle": 0.12581628211650667,
            "brake": 0.0,
            "steer": 0.0
        },
        {
            "throttle": 0.1311967614707402,
            "brake": 0.0,
            "steer": 0.0
        },
        {
            "throttle": 0.1371322512035632,
            "brake": 0.0,
            "steer": 0.0
        },
        {
            "throttle": 0.14359798790626815,
            "brake": 0.0,
            "steer": 0.0
        },
        {
            "throttle": 0.15056699767075868,
            "brake": 0.0,
            "steer": 0.0
        },
        {
            "throttle": 0.158010208493531,
            "brake": 0.0,
            "steer": 0.0
        },
        {
            "throttle": 0.1658965714390428,
            "brake": 0.0,
            "steer": 0.0
        },
        {
            "throttle": 0.17419319005623354,
            "brake": 0.0,
            "steer": 0.0
        },
        {
            "throttle": 0.182865457507632,
            "brake": 0.0,
            "steer": 0.0
        },
        {
            "throttle": 0.19187720083840362,
            "brake": 0.0,
            "steer": 0.0
        },
        {
            "throttle": 0.20119083178298755,
            "brake": 0.0,
            "steer": 0.0
        },
        {
            "throttle": 0.21076750347977513,
            "brake": 0.0,
            "steer": 0.0
        },
        {
            "throttle": 0.22056727243970115,
            "brake": 0.0,
            "steer": 0.0
        },
        {
            "throttle": 0.23054926509276313,
            "brake": 0.0,
            "steer": 0.0
        },
        {
            "throttle": 0.24067184821743925,
            "brake": 0.0,
            "steer": 0.0
        },
        {
            "throttle": 0.25089280254182583,
            "brake": 0.0,
            "steer": 0.0
        },
        {
            "throttle": 0.2611694987921277,
            "brake": 0.0,
            "steer": 0.0
        },
        {
            "throttle": 0.2714590754539629,
            "brake": 0.0,
            "steer": 0.0
        },
        {
            "throttle": 0.2817186175048318,
            "brake": 0.0,
            "steer": 0.0
        },
        {
            "throttle": 0.29190533537207997,
            "brake": 0.0,
            "steer": 0.0
        },
        {
            "throttle": 0.30197674336976904,
            "brake": 0.0,
            "steer": 0.0
        },
        {
            "throttle": 0.3118908368700663,
            "brake": 0.0,
            "steer": 0.0
        },
        {
            "throttle": 0.3216062674700632,
            "brake": 0.0,
            "steer": 0.0
        },
        {
            "throttle": 0.3310825154233114,
            "brake": 0.0,
            "steer": 0.0
        },
        {
            "throttle": 0.3402800586167898,
            "brake": 0.0,
            "steer": 0.0
        },
        {
            "throttle": 0.3491605373884388,
            "brake": 0.0,
            "steer": 0.0
        },
        {
            "throttle": 0.35768691449775913,
            "brake": 0.0,
            "steer": 0.0
        },
        {
            "throttle": 0.36582362958219894,
            "brake": 0.0,
            "steer": 0.0
        },
        {
            "throttle": 0.37353674745506116,
            "brake": 0.0,
            "steer": 0.0
        },
        {
            "throttle": 0.3807940996263586,
            "brake": 0.0,
            "steer": 0.0
        },
        {
            "throttle": 0.38756541845631537,
            "brake": 0.0,
            "steer": 0.0
        },
        {
            "throttle": 0.3938224633819495,
            "brake": 0.0,
            "steer": 0.0
        },
        {
            "throttle": 0.3995391386902356,
            "brake": 0.0,
            "steer": 0.0
        },
        {
            "throttle": 0.40469160234661194,
            "brake": 0.0,
            "steer": 0.0
        },
        {
            "throttle": 0.4092583654249028,
            "brake": 0.0,
            "steer": 0.0
        },
        {
            "throttle": 0.41322038172393255,
            "brake": 0.0,
            "steer": 0.0
        },
        {
            "throttle": 0.4165611271970372,
            "brake": 0.0,
            "steer": 0.0
        },
        {
            "throttle": 0.4192666688631705,
            "brake": 0.0,
            "steer": 0.0
        },
        {
            "throttle": 0.4213257229121728,
            "brake": 0.0,
            "steer": 0.0
        },
        {
            "throttle": 0.4227297017618405,
            "brake": 0.0,
            "steer": 0.0
        },
        {
            "throttle": 0.4234727498705142,
            "brake": 0.0,
            "steer": 0.0
        },
        {
            "throttle": 0.4235517681558021,
            "brake": 0.0,
            "steer": 0.0
        },
        {
            "throttle": 0.4229664269175757,
            "brake": 0.0,
            "steer": 0.0
        },
        {
            "throttle": 0.4217191672113222,
            "brake": 0.0,
            "steer": 0.0
        },
        {
            "throttle": 0.4198151906661063,
            "brake": 0.0,
            "steer": 0.0
        },
        {
            "throttle": 0.41726243778959,
            "brake": 0.0,
            "steer": 0.0
        },
        {
            "throttle": 0.4140715548505749,
            "brake": 0.0,
            "steer": 0.0
        },
        {
            "throttle": 0.41025584947717136,
            "brake": 0.0,
            "steer": 0.0
        },
        {
            "throttle": 0.4058312351557616,
            "brake": 0.0,
            "steer": 0.0
        },
        {
            "throttle": 0.40081616486221594,
            "brake": 0.0,
            "steer": 0.0
        },
        {
            "throttle": 0.3952315541021459,
            "brake": 0.0,
            "steer": 0.0
        },
        {
            "throttle": 0.389100693681149,
            "brake": 0.0,
            "steer": 0.0
        },
        {
            "throttle": 0.38244915256883316,
            "brake": 0.0,
            "steer": 0.0
        },
        {
            "throttle": 0.3753046712617231,
            "brake": 0.0,
            "steer": 0.0
        },
        {
            "throttle": 0.36769704608977705,
            "brake": 0.0,
            "steer": 0.0
        },
        {
            "throttle": 0.35965800494901234,
            "brake": 0.0,
            "steer": 0.0
        },
        {
            "throttle": 0.3512210749784979,
            "brake": 0.0,
            "steer": 0.0
        },
        {
            "throttle": 0.3424214427335668,
            "brake": 0.0,
            "steer": 0.0
        },
        {
            "throttle": 0.33329580743839904,
            "brake": 0.0,
            "steer": 0.0
        },
        {
            "throttle": 0.3238822279299873,
            "brake": 0.0,
            "steer": 0.0
        },
        {
            "throttle": 0.3142199639318085,
            "brake": 0.0,
            "steer": 0.0
        },
        {
            "throttle": 0.30434931231917434,
            "brake": 0.0,
            "steer": 0.0
        },
        {
            "throttle": 0.2943114390591186,
            "brake": 0.0,
            "steer": 0.0
        },
        {
            "throttle": 0.2841482075257232,
            "brake": 0.0,
            "steer": 0.0
        },
        {
            "throttle": 0.273902003906897,
            "brake": 0.0,
            "steer": 0.0
        },
        {
            "throttle": 0.2636155604307556,
            "brake": 0.0,
            "steer": 0.0
        },
        {
            "throttle": 0.25333177714884175,
            "brake": 0.0,
            "steer": 0.0
        },
        {
            "throttle": 0.24309354301944494,
            "brake": 0.0,
            "steer": 0.0
        },
        {
            "throttle": 0.23294355703720024,
            "brake": 0.0,
            "steer": 0.0
        },
        {
            "throttle": 0.2229241501549503,
            "brake": 0.0,
            "steer": 0.0
        },
        {
            "throttle": 0.2130771087405528,
            "brake": 0.0,
            "steer": 0.0
        },
        {
            "throttle": 0.20344350030491332,
            "brake": 0.0,
            "steer": 0.0
        },
        {
            "throttle": 0.19406350222805116,
            "brake": 0.0,
            "steer": 0.0
        },
        {
            "throttle": 0.18497623419750317,
            "brake": 0.0,
            "steer": 0.0
        },
        {
            "throttle": 0.1762195950578876,
            "brake": 0.0,
            "steer": 0.0
        },
        {
            "throttle": 0.167830104752053,
            "brake": 0.0,
            "steer": 0.0
        },
        {
            "throttle": 0.15984275201300352,
            "brake": 0.0,
            "steer": 0.0
        },
        {
            "throttle": 0.15229084844180682,
            "brake": 0.0,
            "steer": 0.0
        },
        {
            "throttle": 0.14520588958005937,
            "brake": 0.0,
            "steer": 0.0
        },
        {
            "throttle": 0.13861742355631115,
            "brake": 0.0,
            "steer": 0.0
        },
        {
            "throttle": 0.13255292785426592,
            "brake": 0.0,
            "steer": 0.0
        },
        {
            "throttle": 0.1270376947167,
            "brake": 0.0,
            "steer": 0.0
        },
        {
            "throttle": 0.12209472566302713,
            "brake": 0.0,
            "steer": 0.0
        },
        {
            "throttle": 0.11774463556042829,
            "brake": 0.0,
            "steer": 0.0
        },
        {
            "throttle": 0.11400556664862192,
            "brake": 0.0,
            "steer": 0.0
        },
        {
            "throttle": 0.11089311287683754,
            "brake": 0.0,
            "steer": 0.0
        },
        {
            "throttle": 0.10842025486854859,
            "brake": 0.0,
            "steer": 0.0
        },
        {
            "throttle": 0.10659730578519687,
            "brake": 0.0,
            "steer": 0.0
        },
        {
            "throttle": 0.10543186831468576,
            "brake": 0.0,
            "steer": 0.0
        },
        {
            "throttle": 0.10492880296402383,
            "brake": 0.0,
            "steer": 0.0
        },
        {
            "throttle": 0.10509020778835537,
            "brake": 0.0,
            "steer": 0.0
        },
        {
            "throttle": 0.10591540964091871,
            "brake": 0.0,
            "steer": 0.0
        },
        {
            "throttle": 0.10740096698042477,
            "brake": 0.0,
            "steer": 0.0
        },
        {
            "throttle": 0.10954068422414723,
            "brake": 0.0,
            "steer": 0.0
        },
        {
            "throttle": 0.11232563758686417,
            "brake": 0.0,
            "steer": 0.0
        },
        {
            "throttle": 0.11574421229788869,
            "brake": 0.0,
            "steer": 0.0
        },
        {
            "throttle": 0.11978215104097308,
            "brake": 0.0,
            "steer": 0.0
        },
        {
            "throttle": 0.12442261341506569,
            "brake": 0.0,
            "steer": 0.0
        },
        {
            "throttle": 0.12964624616793693,
            "brake": 0.0,
            "steer": 0.0
        },
        {
            "throttle": 0.13543126390976168,
            "brake": 0.0,
            "steer": 0.0
        },
        {
            "throttle": 0.14175353997003876,
            "brake": 0.0,
            "steer": 0.0
        },
        {
            "throttle": 0.14858670701892454,
            "brake": 0.0,
            "steer": 0.0
        },
        {
            "throttle": 0.15590226703333482,
            "brake": 0.0,
            "steer": 0.0
        },
        {
            "throttle": 0.1636697101491967,
            "brake": 0.0,
            "steer": 0.0
        },
        {
            "throttle": 0.1718566419041721,
            "brake": 0.0,
            "steer": 0.0
        },
        {
            "throttle": 0.1804289183401807,
            "brake": 0.0,
            "steer": 0.0
        },
        {
            "throttle": 0.18935078840227232,
            "brake": 0.0,
            "steer": 0.0
        },
        {
            "throttle": 0.19858504303996716,
            "brake": 0.0,
            "steer": 0.0
        },
        {
            "throttle": 0.20809317038923086,
            "brake": 0.0,
            "steer": 0.0
        },
        {
            "throttle": 0.21783551638789048,
            "brake": 0.0,
            "steer": 0.0
        },
        {
            "throttle": 0.22777145015463818,
            "brake": 0.0,
            "steer": 0.0
        }
    ],
    "parameters": {
        "fog_density": 13.468257848572343,
        "precipitation": 60.170234863273265,
        "precipitation_deposits": 64.68247824439291,
        "wind_intensity": 32.968855980907975,
        "sun_altitude_angle": 35.415149913456275,
        "cloudiness": 18.98711247223264,
        "lead_base_throttle": 0.2642533875316925,
        "lead_behavior_frequency": 0.10279973022173329,
        "lead_throttle_variation": 0.1868741191129003,
        "lead_brake_probability": 0.00923057522106463,
        "lead_brake_intensity": 0.327910170100739,
        "lead_brake_duration": 14.340685160046206,
        "initial_distance": 74.20244188211026,
        "initial_ego_velocity": 8.365289016788145,
        "initial_lead_velocity": 8.002597213668647
    },
    "config": {
        "num_timesteps": 200,
        "dt": 0.1,
        "seed": 61
    }
}