{
    "weather": {
        "cloudiness": 81.892543334253,
        "precipitation": 39.64620275370873,
        "precipitation_deposits": 7.913566508691572,
        "wind_intensity": 41.245415812286396,
        "sun_altitude_angle": 65.66665467642486,
        "fog_density": 0.6948034720011353,
        "fog_distance": 977.1060212003857,
        "wetness": 19.823101376854364
    },
    "initial_conditions": {
        "ego": {
            "position": {
                "x": 512.2508807962747,
                "y": 20.57,
                "z": 0.294
            },
            "yaw": 0.0,
            "velocity": 18.201695385578894
        },
        "lead": {
            "position": {
                "x": 484.88,
                "y": 20.57,
                "z": 0.294
            },
            "yaw": 0.0,
            "velocity": 21.519367866784417
        }
    },
    "ego": {
        "position": {
            "x": 512.2508807962747,
            "y": 20.57,
            "z": 0.294
        },
        "yaw": 0.0,
        "velocity": 18.201695385578894
    },
    "lead": {
        "position": {
            "x": 484.88,
            "y": 20.57,
            "z": 0.294
        },
        "yaw": 0.0,
        "velocity": 21.519367866784417
    },
    "ado_actions": [
        {
            "throttle": 0.39642057780906426,
            "brake": 0.0,
            "steer": 0.0
        },
        {
            "throttle": 0.3964664014042561,
            "brake": 0.0,
            "steer": 0.0
        },
        {
            "throttle": 0.3965523990832673,
            "brake": 0.0,
            "steer": 0.0
        },
        {
            "throttle": 0.3966724439861205,
            "brake": 0.0,
            "steer": 0.0
        },
        {
            "throttle": 0.39682002876455363,
            "brake": 0.0,
            "steer": 0.0
        },
        {
            "throttle": 0.39698837588561015,
            "brake": 0.0,
            "steer": 0.0
        },
        {
            "throttle": 0.39717055835148457,
            "brake": 0.0,
            "steer": 0.0
        },
        {
            "throttle": 0.39735962761185584,
            "brake": 0.0,
            "steer": 0.0
        },
        {
            "throttle": 0.3975487453186812,
            "brake": 0.0,
            "steer": 0.0
        },
        {
            "throttle": 0.39773131552105667,
            "brake": 0.0,
            "steer": 0.0
        },
        {
            "throttle": 0.3979011139209073,
            "brake": 0.0,
            "steer": 0.0
        },
        {
            "throttle": 0.39805241090878296,
            "brake": 0.0,
            "steer": 0.0
        },
        {
            "throttle": 0.3981800852709443,
            "brake": 0.0,
            "steer": 0.0
        },
        {
            "throttle": 0.3982797257005265,
            "brake": 0.0,
            "steer": 0.0
        },
        {
            "throttle": 0.3983477175515059,
            "brake": 0.0,
            "steer": 0.0
        },
        {
            "throttle": 0.39838131263759097,
            "brake": 0.0,
            "steer": 0.0
        },
        {
            "throttle": 0.39837868029076573,
            "brake": 0.0,
            "steer": 0.0
        },
        {
            "throttle": 0.39833893834662143,
            "brake": 0.0,
            "steer": 0.0
        },
        {
            "throttle": 0.39826216320546315,
            "brake": 0.0,
            "steer": 0.0
        },
        {
            "throttle": 0.3981493786184076,
            "brake": 0.0,
            "steer": 0.0
        },
        {
            "throttle": 0.3980025233547948,
            "brake": 0.0,
            "steer": 0.0
        },
        {
            "throttle": 0.39782439840953754,
            "brake": 0.0,
            "steer": 0.0
        },
        {
            "throttle": 0.39761859489494394,
            "brake": 0.0,
            "steer": 0.0
        },
        {
            "throttle": 0.39738940421986824,
            "brake": 0.0,
            "steer": 0.0
        },
        {
            "throttle": 0.39714171257918096,
            "brake": 0.0,
            "steer": 0.0
        },
        {
            "throttle": 0.3968808821488151,
            "brake": 0.0,
            "steer": 0.0
        },
        {
            "throttle": 0.3966126216974384,
            "brake": 0.0,
            "steer": 0.0
        },
        {
            "throttle": 0.39634284957784016,
            "brake": 0.0,
            "steer": 0.0
        },
        {
            "throttle": 0.3960775522436011,
            "brake": 0.0,
            "steer": 0.0
        },
        {
            "throttle": 0.3958226415453316,
            "brake": 0.0,
            "steer": 0.0
        },
        {
            "throttle": 0.3955838140932511,
            "brake": 0.0,
            "steer": 0.0
        },
        {
            "throttle": 0.39536641592841104,
            "brake": 0.0,
            "steer": 0.0
        },
        {
            "throttle": 0.3951753156245276,
            "brake": 0.0,
            "steer": 0.0
        },
        {
            "throttle": 0.3950147887490154,
            "brake": 0.0,
            "steer": 0.0
        },
        {
            "throttle": 0.39488841634994104,
            "brake": 0.0,
            "steer": 0.0
        },
        {
            "throttle": 0.39479899981137706,
            "brake": 0.0,
            "steer": 0.0
        },
        {
            "throttle": 0.39474849404060053,
            "brake": 0.0,
            "steer": 0.0
        },
        {
            "throttle": 0.3947379605256081,
            "brake": 0.0,
            "steer": 0.0
        },
        {
            "throttle": 0.394767541340422,
            "brake": 0.0,
            "steer": 0.0
        },
        {
            "throttle": 0.3948364546893973,
            "brake": 0.0,
            "steer": 0.0
        },
        {
            "throttle": 0.39494301208155075,
            "brake": 0.0,
            "steer": 0.0
        },
        {
            "throttle": 0.39508465672348086,
            "brake": 0.0,
            "steer": 0.0
        },
        {
            "throttle": 0.3952580222264513,
            "brake": 0.0,
            "steer": 0.0
        },
        {
            "throttle": 0.3954590102511607,
            "brake": 0.0,
            "steer": 0.0
        },
        {
            "throttle": 0.3956828852736257,
            "brake": 0.0,
            "steer": 0.0
        },
        {
            "throttle": 0.3959243842577185,
            "brake": 0.0,
            "steer": 0.0
        },
        {
            "throttle": 0.39617783867350265,
            "brake": 0.0,
            "steer": 0.0
        },
        {
            "throttle": 0.396437306013678,
            "brake": 0.0,
            "steer": 0.0
        },
        {
            "throttle": 0.3966967077398573,
            "brake": 0.0,
            "steer": 0.0
        },
        {
            "throttle": 0.3969499704412094,
            "brake": 0.0,
            "steer": 0.0
        },
        {
            "throttle": 0.3971911669136845,
            "brake": 0.0,
            "steer": 0.0
        },
        {
            "throttle": 0.39741465387033376,
            "brake": 0.0,
            "steer": 0.0
        },
        {
            "throttle": 0.3976152030720884,
            "brake": 0.0,
            "steer": 0.0
        },
        {
            "throttle": 0.3977881228219519,
            "brake": 0.0,
            "steer": 0.0
        },
        {
            "throttle": 0.39792936699030007,
            "brake": 0.0,
            "steer": 0.0
        },
        {
            "throttle": 0.3980356290296569,
            "brake": 0.0,
            "steer": 0.0
        },
        {
            "throttle": 0.3981044187871424,
            "brake": 0.0,
            "steer": 0.0
        },
        {
            "throttle": 0.3981341203236393,
            "brake": 0.0,
            "steer": 0.0
        },
        {
            "throttle": 0.3981240293912578,
            "brake": 0.0,
            "steer": 0.0
        },
        {
            "throttle": 0.3980743696945916,
            "brake": 0.0,
            "steer": 0.0
        },
        {
            "throttle": 0.39798628755551924,
            "brake": 0.0,
            "steer": 0.0
        },
        {
            "throttle": 0.39786182510440427,
            "brake": 0.0,
            "steer": 0.0
        },
        {
            "throttle": 0.3977038726207687,
            "brake": 0.0,
            "steer": 0.0
        },
        {
            "throttle": 0.3975161011322136,
            "brake": 0.0,
            "steer": 0.0
        },
        {
            "throttle": 0.39730287684022436,
            "brake": 0.0,
            "steer": 0.0
        },
        {
            "throttle": 0.39706915936481885,
            "brake": 0.0,
            "steer": 0.0
        },
        {
            "throttle": 0.3968203861769213,
            "brake": 0.0,
            "steer": 0.0
        },
        {
            "throttle": 0.3571383475592292,
            "brake": 0.01597406688045975,
            "steer": 0.0
        },
        {
            "throttle": 0.32142451280330625,
            "brake": 0.03035072707287352,
            "steer": 0.0
        },
        {
            "throttle": 0.28928206152297564,
            "brake": 0.04328972124604592,
            "steer": 0.0
        },
        {
            "throttle": 0.26035385537067807,
            "brake": 0.05493481600190108,
            "steer": 0.0
        },
        {
            "throttle": 0.23431846983361027,
            "brake": 0.06541540128217072,
            "steer": 0.0
        },
        {
            "throttle": 0.21088662285024926,
            "brake": 0.0748479280344134,
            "steer": 0.0
        },
        {
            "throttle": 0.18979796056522433,
            "brake": 0.08333720211143181,
            "steer": 0.0
        },
        {
            "throttle": 0.1708181645087019,
            "brake": 0.09097754878074837,
            "steer": 0.0
        },
        {
            "throttle": 0.15373634805783173,
            "brake": 0.0978538607831333,
            "steer": 0.0
        },
        {
            "throttle": 0.13836271325204857,
            "brake": 0.10404254158527973,
            "steer": 0.0
        },
        {
            "throttle": 0.12452644192684371,
            "brake": 0.1096123543072115,
            "steer": 0.0
        },
        {
            "throttle": 0.11207379773415935,
            "brake": 0.1146251857569501,
            "steer": 0.0
        },
        {
            "throttle": 0.10086641796074342,
            "brake": 0.11913673406171485,
            "steer": 0.0
        },
        {
            "throttle": 0.09077977616466908,
            "brake": 0.12319712753600312,
            "steer": 0.0
        },
        {
            "throttle": 0.08170179854820217,
            "brake": 0.12685148166286256,
            "steer": 0.0
        },
        {
            "throttle": 0.07353161869338196,
            "brake": 0.13014040037703606,
            "steer": 0.0
        },
        {
            "throttle": 0.06617845682404376,
            "brake": 0.1331004272197922,
            "steer": 0.0
        },
        {
            "throttle": 0.05956061114163939,
            "brake": 0.13576445137827273,
            "steer": 0.0
        },
        {
            "throttle": 0.053604550027475446,
            "brake": 0.1381620731209052,
            "steer": 0.0
        },
        {
            "throttle": 0.0482440950247279,
            "brake": 0.14031993268927442,
            "steer": 0.0
        },
        {
            "throttle": 0.043419685522255114,
            "brake": 0.14226200630080674,
            "steer": 0.0
        },
        {
            "throttle": 0.039077716970029604,
            "brake": 0.1440098725511858,
            "steer": 0.0
        },
        {
            "throttle": 0.07506997728790837,
            "brake": 0.12960888529606723,
            "steer": 0.0
        },
        {
            "throttle": 0.10748365034038324,
            "brake": 0.11664799676646051,
            "steer": 0.0
        },
        {
            "throttle": 0.1366701064416727,
            "brake": 0.10498319708981446,
            "steer": 0.0
        },
        {
            "throttle": 0.1629452493374322,
            "brake": 0.09448487738083301,
            "steer": 0.0
        },
        {
            "throttle": 0.18659322163979816,
            "brake": 0.08503638964274972,
            "steer": 0.0
        },
        {
            "throttle": 0.20786974369560696,
            "brake": 0.07653275067847475,
            "steer": 0.0
        },
        {
            "throttle": 0.227005118754193,
            "brake": 0.06887947561062727,
            "steer": 0.0
        },
        {
            "throttle": 0.2442069340101897,
            "brake": 0.061991528049564544,
            "steer": 0.0
        },
        {
            "throttle": 0.2596624842232429,
            "brake": 0.05579237524460809,
            "steer": 0.0
        },
        {
            "throttle": 0.2735409421167984,
            "brake": 0.05021313772014728,
            "steer": 0.0
        },
        {
            "throttle": 0.2859952975907948,
            "brake": 0.04519182394813255,
            "steer": 0.0
        },
        {
            "throttle": 0.2971640859090506,
            "brake": 0.040672641553319296,
            "steer": 0.0
        },
        {
            "throttle": 0.30717292340437935,
            "brake": 0.03660537739798737,
            "steer": 0.0
        },
        {
            "throttle": 0.31613586784809183,
            "brake": 0.03294483965818863,
            "steer": 0.0
        },
        {
            "throttle": 0.3241566194227503,
            "brake": 0.02965035569236977,
            "steer": 0.0
        },
        {
            "throttle": 0.3313295771871628,
            "brake": 0.026685320123132794,
            "steer": 0.0
        },
        {
            "throttle": 0.33774076500218364,
            "brake": 0.024016788110819514,
            "steer": 0.0
        },
        {
            "throttle": 0.3434686400687372,
            "brake": 0.02161510929973756,
            "steer": 0.0
        },
        {
            "throttle": 0.3485847964917786,
            "brake": 0.019453598369763805,
            "steer": 0.0
        },
        {
            "throttle": 0.3531545756042508,
            "brake": 0.017508238532787424,
            "steer": 0.0
        },
        {
            "throttle": 0.3572375941446122,
            "brake": 0.015757414679508683,
            "steer": 0.0
        },
        {
            "throttle": 0.36088820076386047,
            "brake": 0.014181673211557815,
            "steer": 0.0
        },
        {
            "throttle": 0.3641558707294326,
            "brake": 0.012763505890402035,
            "steer": 0.0
        },
        {
            "throttle": 0.36708554808278687,
            "brake": 0.011487155301361832,
            "steer": 0.0
        },
        {
            "throttle": 0.3697179438863051,
            "brake": 0.010338439771225649,
            "steer": 0.0
        },
        {
            "throttle": 0.37208979855736973,
            "brake": 0.009304595794103084,
            "steer": 0.0
        },
        {
            "throttle": 0.3742341156294656,
            "brake": 0.008374136214692776,
            "steer": 0.0
        },
        {
            "throttle": 0.376180373600656,
            "brake": 0.007536722593223499,
            "steer": 0.0
        },
        {
            "throttle": 0.3779547218296658,
            "brake": 0.0067830503339011495,
            "steer": 0.0
        },
        {
            "throttle": 0.37958016572192704,
            "brake": 0.006104745300511034,
            "steer": 0.0
        },
        {
            "throttle": 0.38107674571691535,
            "brake": 0.005494270770459931,
            "steer": 0.0
        },
        {
            "throttle": 0.38246171385006533,
            "brake": 0.004944843693413938,
            "steer": 0.0
        },
        {
            "throttle": 0.38374971092487714,
            "brake": 0.004450359324072545,
            "steer": 0.0
        },
        {
            "throttle": 0.3849529466018731,
            "brake": 0.00400532339166529,
            "steer": 0.0
        },
        {
            "throttle": 0.38608138399986586,
            "brake": 0.0036047910524987614,
            "steer": 0.0
        },
        {
            "throttle": 0.3871429297209729,
            "brake": 0.0032443119472488854,
            "steer": 0.0
        },
        {
            "throttle": 0.38814362956345694,
            "brake": 0.002919880752523997,
            "steer": 0.0
        },
        {
            "throttle": 0.3890878695850665,
            "brake": 0.002627892677271597,
            "steer": 0.0
        },
        {
            "throttle": 0.3899785816329004,
            "brake": 0.0023651034095444373,
            "steer": 0.0
        },
        {
            "throttle": 0.39081745197195694,
            "brake": 0.0021285930685899937,
            "steer": 0.0
        },
        {
            "throttle": 0.3916051312305079,
            "brake": 0.0019157337617309944,
            "steer": 0.0
        },
        {
            "throttle": 0.39234144354209544,
            "brake": 0.001724160385557895,
            "steer": 0.0
        },
        {
            "throttle": 0.3930255925057544,
            "brake": 0.0015517443470021055,
            "steer": 0.0
        },
        {
            "throttle": 0.3936563614109443,
            "brake": 0.001396569912301895,
            "steer": 0.0
        },
        {
            "throttle": 0.3942323050829468,
            "brake": 0.0012569129210717055,
            "steer": 0.0
        },
        {
            "throttle": 0.3947519306977645,
            "brake": 0.001131221628964535,
            "steer": 0.0
        },
        {
            "throttle": 0.39521386499075845,
            "brake": 0.0010180994660680814,
            "steer": 0.0
        },
        {
            "throttle": 0.3956170054366209,
            "brake": 0.0009162895194612733,
            "steer": 0.0
        },
        {
            "throttle": 0.39596065320439644,
            "brake": 0.0008246605675151459,
            "steer": 0.0
        },
        {
            "throttle": 0.39624462598325116,
            "brake": 0.0007421945107636313,
            "steer": 0.0
        },
        {
            "throttle": 0.39646934912426574,
            "brake": 0.0006679750596872682,
            "steer": 0.0
        },
        {
            "throttle": 0.39663592394122943,
            "brake": 0.0006011775537185413,
            "steer": 0.0
        },
        {
            "throttle": 0.3967461724487904,
            "brake": 0.0005410597983466872,
            "steer": 0.0
        },
        {
            "throttle": 0.3968026582781524,
            "brake": 0.0004869538185120185,
            "steer": 0.0
        },
        {
            "throttle": 0.396808683987087,
            "brake": 0.0004382584366608167,
            "steer": 0.0
        },
        {
            "throttle": 0.3967682654603776,
            "brake": 0.00039443259299473503,
            "steer": 0.0
        },
        {
            "throttle": 0.39668608456699117,
            "brake": 0.0003549893336952615,
            "steer": 0.0
        },
        {
            "throttle": 0.3965674216896216,
            "brake": 0.00031949040032573536,
            "steer": 0.0
        },
        {
            "throttle": 0.3964180701596759,
            "brake": 0.00028754136029316183,
            "steer": 0.0
        },
        {
            "throttle": 0.39624423500598493,
            "brake": 0.0002587872242638457,
            "steer": 0.0
        },
        {
            "throttle": 0.39605241874926495,
            "brake": 0.0002329085018374611,
            "steer": 0.0
        },
        {
            "throttle": 0.39584929723863044,
            "brake": 0.000209617651653715,
            "steer": 0.0
        },
        {
            "throttle": 0.395641588724699,
            "brake": 0.0001886558864883435,
            "steer": 0.0
        },
        {
            "throttle": 0.3954359194910365,
            "brake": 0.00016979029783950917,
            "steer": 0.0
        },
        {
            "throttle": 0.39523868941857304,
            "brake": 0.00015281126805555826,
            "steer": 0.0
        },
        {
            "throttle": 0.39505594083463846,
            "brake": 0.00013753014125000244,
            "steer": 0.0
        },
        {
            "throttle": 0.39489323389968667,
            "brake": 0.0001237771271250022,
            "steer": 0.0
        },
        {
            "throttle": 0.3947555316126455,
            "brake": 0.00011139941441250198,
            "steer": 0.0
        },
        {
            "throttle": 0.3946470972739382,
            "brake": 0.00010025947297125178,
            "steer": 0.0
        },
        {
            "throttle": 0.3945714069390035,
            "brake": 9.02335256741266e-05,
            "steer": 0.0
        },
        {
            "throttle": 0.394531079031544,
            "brake": 8.121017310671394e-05,
            "steer": 0.0
        },
        {
            "throttle": 0.39452782287307386,
            "brake": 7.308915579604255e-05,
            "steer": 0.0
        },
        {
            "throttle": 0.3945624074330671,
            "brake": 6.578024021643829e-05,
            "steer": 0.0
        },
        {
            "throttle": 0.394634651122542,
            "brake": 5.920221619479446e-05,
            "steer": 0.0
        },
        {
            "throttle": 0.3947434329543453,
            "brake": 5.3281994575315016e-05,
            "steer": 0.0
        },
        {
            "throttle": 0.39488672488724613,
            "brake": 4.795379511778352e-05,
            "steer": 0.0
        },
        {
            "throttle": 0.3950616446699179,
            "brake": 4.3158415606005166e-05,
            "steer": 0.0
        },
        {
            "throttle": 0.39526452801654444,
            "brake": 3.884257404540465e-05,
            "steer": 0.0
        },
        {
            "throttle": 0.3954910184893517,
            "brake": 3.4958316640864183e-05,
            "steer": 0.0
        },
        {
            "throttle": 0.3957361730453861,
            "brake": 3.146248497677776e-05,
            "steer": 0.0
        },
        {
            "throttle": 0.39599458083501576,
            "brake": 2.831623647909999e-05,
            "steer": 0.0
        },
        {
            "throttle": 0.39626049252647333,
            "brake": 2.548461283118999e-05,
            "steer": 0.0
        },
        {
            "throttle": 0.3965279571815328,
            "brake": 2.2936151548070993e-05,
            "steer": 0.0
        },
        {
            "throttle": 0.39679096352787646,
            "brake": 2.0642536393263895e-05,
            "steer": 0.0
        },
        {
            "throttle": 0.3970435823680018,
            "brake": 1.8578282753937506e-05,
            "steer": 0.0
        },
        {
            "throttle": 0.3972801068350657,
            "brake": 1.6720454478543757e-05,
            "steer": 0.0
        },
        {
            "throttle": 0.3974951872535199,
            "brake": 1.5048409030689382e-05,
            "steer": 0.0
        },
        {
            "throttle": 0.3976839574856193,
            "brake": 1.3543568127620444e-05,
            "steer": 0.0
        },
        {
            "throttle": 0.39784214984098887,
            "brake": 1.21892113148584e-05,
            "steer": 0.0
        },
        {
            "throttle": 0.397966195890824,
            "brake": 1.097029018337256e-05,
            "steer": 0.0
        },
        {
            "throttle": 0.3980533108547934,
            "brake": 9.873261165035304e-06,
            "steer": 0.0
        },
        {
            "throttle": 0.3981015596096915,
            "brake": 8.885935048531774e-06,
            "steer": 0.0
        },
        {
            "throttle": 0.39810990279545816,
            "brake": 7.997341543678596e-06,
            "steer": 0.0
        },
        {
            "throttle": 0.39807822195639525,
            "brake": 7.1976073893107365e-06,
            "steer": 0.0
        },
        {
            "throttle": 0.3980073231424895,
            "brake": 6.477846650379663e-06,
            "steer": 0.0
        },
        {
            "throttle": 0.39789891889633555,
            "brake": 5.830061985341696e-06,
            "steer": 0.0
        },
        {
            "throttle": 0.39775558905358044,
            "brake": 5.247055786807527e-06,
            "steer": 0.0
        },
        {
            "throttle": 0.3975807212773618,
            "brake": 4.722350208126774e-06,
            "steer": 0.0
        },
        {
            "throttle": 0.3973784327184168,
            "brake": 4.250115187314097e-06,
            "steer": 0.0
        },
        {
            "throttle": 0.3971534746314032,
            "brake": 3.825103668582688e-06,
            "steer": 0.0
        },
        {
            "throttle": 0.39691112217428337,
            "brake": 3.442593301724419e-06,
            "steer": 0.0
        },
        {
            "throttle": 0.3966570519621261,
            "brake": 3.098333971551977e-06,
            "steer": 0.0
        },
        {
            "throttle": 0.3963972102313651,
            "brake": 2.7885005743967797e-06,
            "steer": 0.0
        },
        {
            "throttle": 0.3961376746887694,
            "brake": 2.509650516957102e-06,
            "steer": 0.0
        },
        {
            "throttle": 0.3958845132660506,
            "brake": 2.2586854652613916e-06,
            "steer": 0.0
        },
        {
            "throttle": 0.39564364307273076,
            "brake": 2.0328169187352526e-06,
            "steer": 0.0
        },
        {
            "throttle": 0.39542069283495257,
            "brake": 1.8295352268617274e-06,
            "steer": 0.0
        },
        {
            "throttle": 0.39522087202643685,
            "brake": 1.6465817041755547e-06,
            "steer": 0.0
        },
        {
            "throttle": 0.3950488497416795,
            "brake": 1.4819235337579993e-06,
            "steer": 0.0
        },
        {
            "throttle": 0.3949086461343627,
            "brake": 1.3337311803821993e-06,
            "steer": 0.0
        },
        {
            "throttle": 0.3948035389511195,
            "brake": 1.2003580623439793e-06,
            "steer": 0.0
        }
    ],
    "parameters": {
        "fog_density": 0.6948034720011353,
        "precipitation": 39.64620275370873,
        "precipitation_deposits": 7.913566508691572,
        "wind_intensity": 41.245415812286396,
        "sun_altitude_angle": 65.66665467642486,
        "cloudiness": 81.892543334253,
        "lead_base_throttle": 0.39642057780906426,
        "lead_behavior_frequency": 0.24311456650141805,
        "lead_throttle_variation": 0.003011539529850982,
        "lead_brake_probability": 0.13295793290064714,
        "lead_brake_intensity": 0.15974066880459747,
        "lead_brake_duration": 22.434765819298875,
        "initial_distance": 27.37088079627477,
        "initial_ego_velocity": 18.201695385578894,
        "initial_lead_velocity": 21.519367866784417
    },
    "config": {
        "num_timesteps": 200,
        "dt": 0.1,
        "seed": 48
    }
}