{
    "weather": {
        "cloudiness": 29.18154275658068,
        "precipitation": 7.696841333265425,
        "precipitation_deposits": 32.432438343437084,
        "wind_intensity": 42.72194745703018,
        "sun_altitude_angle": 22.67779640763316,
        "fog_density": 78.27146352701378,
        "fog_distance": 73.60452425844404,
        "wetness": 3.8484206666327125
    },
    "initial_conditions": {
        "ego": {
            "position": {
                "x": 548.9752084230429,
                "y": 20.57,
                "z": 0.294
            },
            "yaw": 0.0,
            "velocity": 19.296925135954226
        },
        "lead": {
            "position": {
                "x": 484.88,
                "y": 20.57,
                "z": 0.294
            },
            "yaw": 0.0,
            "velocity": 24.280522653256526
        }
    },
    "ego": {
        "position": {
            "x": 548.9752084230429,
            "y": 20.57,
            "z": 0.294
        },
        "yaw": 0.0,
        "velocity": 19.296925135954226
    },
    "lead": {
        "position": {
            "x": 484.88,
            "y": 20.57,
            "z": 0.294
        },
        "yaw": 0.0,
        "velocity": 24.280522653256526
    },
    "ado_actions": [
        {
            "throttle": 0.41394952978123345,
            "brake": 0.0,
            "steer": 0.0
        },
        {
            "throttle": 0.4148040448566501,
            "brake": 0.0,
            "steer": 0.0
        },
        {
            "throttle": 0.4164113395941472,
            "brake": 0.0,
            "steer": 0.0
        },
        {
            "throttle": 0.418663878527115,
            "brake": 0.0,
            "steer": 0.0
        },
        {
            "throttle": 0.4214495208499863,
            "brake": 0.0,
            "steer": 0.0
        },
        {
            "throttle": 0.4246528883448356,
            "brake": 0.0,
            "steer": 0.0
        },
        {
            "throttle": 0.42815687190747426,
            "brake": 0.0,
            "steer": 0.0
        },
        {
            "throttle": 0.4318442402735753,
            "brake": 0.0,
            "steer": 0.0
        },
        {
            "throttle": 0.4355993133668696,
            "brake": 0.0,
            "steer": 0.0
        },
        {
            "throttle": 0.4393096621521516,
            "brake": 0.0,
            "steer": 0.0
        },
        {
            "throttle": 0.4428677969936946,
            "brake": 0.0,
            "steer": 0.0
        },
        {
            "throttle": 0.4461728072993622,
            "brake": 0.0,
            "steer": 0.0
        },
        {
            "throttle": 0.4491319166636053,
            "brake": 0.0,
            "steer": 0.0
        },
        {
            "throttle": 0.40421872499724476,
            "brake": 0.07686505345149786,
            "steer": 0.0
        },
        {
            "throttle": 0.3637968524975203,
            "brake": 0.14604360155784593,
            "steer": 0.0
        },
        {
            "throttle": 0.32741716724776826,
            "brake": 0.2083042948535592,
            "steer": 0.0
        },
        {
            "throttle": 0.29467545052299143,
            "brake": 0.2643389188197012,
            "steer": 0.0
        },
        {
            "throttle": 0.2652079054706923,
            "brake": 0.31477008038922893,
            "steer": 0.0
        },
        {
            "throttle": 0.23868711492362307,
            "brake": 0.3601581258018039,
            "steer": 0.0
        },
        {
            "throttle": 0.21481840343126077,
            "brake": 0.40100736667312137,
            "steer": 0.0
        },
        {
            "throttle": 0.19333656308813468,
            "brake": 0.4377716834573071,
            "steer": 0.0
        },
        {
            "throttle": 0.17400290677932123,
            "brake": 0.47085956856307426,
            "steer": 0.0
        },
        {
            "throttle": 0.15660261610138912,
            "brake": 0.5006386651582647,
            "steer": 0.0
        },
        {
            "throttle": 0.1409423544912502,
            "brake": 0.5274398520939361,
            "steer": 0.0
        },
        {
            "throttle": 0.12684811904212517,
            "brake": 0.5515609203360403,
            "steer": 0.0
        },
        {
            "throttle": 0.11416330713791266,
            "brake": 0.5732698817539341,
            "steer": 0.0
        },
        {
            "throttle": 0.1027469764241214,
            "brake": 0.5928079470300386,
            "steer": 0.0
        },
        {
            "throttle": 0.09247227878170926,
            "brake": 0.6103922057785326,
            "steer": 0.0
        },
        {
            "throttle": 0.08322505090353834,
            "brake": 0.6262180386521772,
            "steer": 0.0
        },
        {
            "throttle": 0.0749025458131845,
            "brake": 0.6404612882384574,
            "steer": 0.0
        },
        {
            "throttle": 0.06741229123186605,
            "brake": 0.6532802128661095,
            "steer": 0.0
        },
        {
            "throttle": 0.06067106210867945,
            "brake": 0.6648172450309964,
            "steer": 0.0
        },
        {
            "throttle": 0.05460395589781151,
            "brake": 0.6752005739793946,
            "steer": 0.0
        },
        {
            "throttle": 0.04914356030803036,
            "brake": 0.684545570032953,
            "steer": 0.0
        },
        {
            "throttle": 0.044229204277227326,
            "brake": 0.6929560664811556,
            "steer": 0.0
        },
        {
            "throttle": 0.0750431919347329,
            "brake": 0.6236604598330401,
            "steer": 0.0
        },
        {
            "throttle": 0.10293931027182046,
            "brake": 0.5612944138497361,
            "steer": 0.0
        },
        {
            "throttle": 0.12832357957654963,
            "brake": 0.5051649724647626,
            "steer": 0.0
        },
        {
            "throttle": 0.15155612497359913,
            "brake": 0.45464847521828633,
            "steer": 0.0
        },
        {
            "throttle": 0.17295368994176744,
            "brake": 0.4091836276964577,
            "steer": 0.0
        },
        {
            "throttle": 0.19279203890822788,
            "brake": 0.36826526492681194,
            "steer": 0.0
        },
        {
            "throttle": 0.211308296896695,
            "brake": 0.33143873843413074,
            "steer": 0.0
        },
        {
            "throttle": 0.22870326603000452,
            "brake": 0.2982948645907177,
            "steer": 0.0
        },
        {
            "throttle": 0.24514375069012254,
            "brake": 0.26846537813164595,
            "steer": 0.0
        },
        {
            "throttle": 0.2607649153789191,
            "brake": 0.24161884031848135,
            "steer": 0.0
        },
        {
            "throttle": 0.2756726918646552,
            "brake": 0.21745695628663322,
            "steer": 0.0
        },
        {
            "throttle": 0.2899462451082196,
            "brake": 0.1957112606579699,
            "steer": 0.0
        },
        {
            "throttle": 0.30364050080649024,
            "brake": 0.17614013459217293,
            "steer": 0.0
        },
        {
            "throttle": 0.316788731233116,
            "brake": 0.15852612113295564,
            "steer": 0.0
        },
        {
            "throttle": 0.32940519046148564,
            "brake": 0.14267350901966008,
            "steer": 0.0
        },
        {
            "throttle": 0.3414877850774734,
            "brake": 0.12840615811769407,
            "steer": 0.0
        },
        {
            "throttle": 0.35302076218072403,
            "brake": 0.11556554230592467,
            "steer": 0.0
        },
        {
            "throttle": 0.36397739287451425,
            "brake": 0.10400898807533221,
            "steer": 0.0
        },
        {
            "throttle": 0.37432262658785664,
            "brake": 0.093608089267799,
            "steer": 0.0
        },
        {
            "throttle": 0.38401568948123266,
            "brake": 0.0842472803410191,
            "steer": 0.0
        },
        {
            "throttle": 0.39301259886960327,
            "brake": 0.07582255230691719,
            "steer": 0.0
        },
        {
            "throttle": 0.40126856505178077,
            "brake": 0.06824029707622548,
            "steer": 0.0
        },
        {
            "throttle": 0.40874025215039056,
            "brake": 0.06141626736860293,
            "steer": 0.0
        },
        {
            "throttle": 0.4153878705159686,
            "brake": 0.05527464063174264,
            "steer": 0.0
        },
        {
            "throttle": 0.42117707489482337,
            "brake": 0.04974717656856838,
            "steer": 0.0
        },
        {
            "throttle": 0.42608064485440483,
            "brake": 0.04477245891171154,
            "steer": 0.0
        },
        {
            "throttle": 0.43007992684270935,
            "brake": 0.040295213020540385,
            "steer": 0.0
        },
        {
            "throttle": 0.4331660206607016,
            "brake": 0.03626569171848635,
            "steer": 0.0
        },
        {
            "throttle": 0.43534069697134864,
            "brake": 0.032639122546637714,
            "steer": 0.0
        },
        {
            "throttle": 0.43661703667097307,
            "brake": 0.029375210291973944,
            "steer": 0.0
        },
        {
            "throttle": 0.4370197874179057,
            "brake": 0.02643768926277655,
            "steer": 0.0
        },
        {
            "throttle": 0.4365854372554536,
            "brake": 0.023793920336498898,
            "steer": 0.0
        },
        {
            "throttle": 0.43536200998422364,
            "brake": 0.02141452830284901,
            "steer": 0.0
        },
        {
            "throttle": 0.43340859163547113,
            "brake": 0.019273075472564107,
            "steer": 0.0
        },
        {
            "throttle": 0.4307946019761446,
            "brake": 0.017345767925307697,
            "steer": 0.0
        },
        {
            "throttle": 0.42759882934435095,
            "brake": 0.015611191132776927,
            "steer": 0.0
        },
        {
            "throttle": 0.4239082511823871,
            "brake": 0.014050072019499234,
            "steer": 0.0
        },
        {
            "throttle": 0.41981666632083114,
            "brake": 0.01264506481754931,
            "steer": 0.0
        },
        {
            "throttle": 0.415423168296794,
            "brake": 0.011380558335794379,
            "steer": 0.0
        },
        {
            "throttle": 0.4108304916967903,
            "brake": 0.010242502502214942,
            "steer": 0.0
        },
        {
            "throttle": 0.4061432656446144,
            "brake": 0.009218252251993448,
            "steer": 0.0
        },
        {
            "throttle": 0.4014662100633024,
            "brake": 0.008296427026794104,
            "steer": 0.0
        },
        {
            "throttle": 0.3613195890569722,
            "brake": 0.08433183777561255,
            "steer": 0.0
        },
        {
            "throttle": 0.325187630151275,
            "brake": 0.15276370744954915,
            "steer": 0.0
        },
        {
            "throttle": 0.2926688671361475,
            "brake": 0.2143523901560921,
            "steer": 0.0
        },
        {
            "throttle": 0.26340198042253277,
            "brake": 0.26978220459198077,
            "steer": 0.0
        },
        {
            "throttle": 0.2370617823802795,
            "brake": 0.31966903758428056,
            "steer": 0.0
        },
        {
            "throttle": 0.21335560414225155,
            "brake": 0.3645671872773504,
            "steer": 0.0
        },
        {
            "throttle": 0.1920200437280264,
            "brake": 0.4049755220011132,
            "steer": 0.0
        },
        {
            "throttle": 0.17281803935522375,
            "brake": 0.44134302325249974,
            "steer": 0.0
        },
        {
            "throttle": 0.15553623541970138,
            "brake": 0.47407377437874765,
            "steer": 0.0
        },
        {
            "throttle": 0.13998261187773126,
            "brake": 0.5035314503923707,
            "steer": 0.0
        },
        {
            "throttle": 0.12598435068995814,
            "brake": 0.5300433588046315,
            "steer": 0.0
        },
        {
            "throttle": 0.11338591562096233,
            "brake": 0.5539040763756662,
            "steer": 0.0
        },
        {
            "throttle": 0.1020473240588661,
            "brake": 0.5753787221895974,
            "steer": 0.0
        },
        {
            "throttle": 0.09184259165297949,
            "brake": 0.5947059034221356,
            "steer": 0.0
        },
        {
            "throttle": 0.08265833248768155,
            "brake": 0.6121003665314199,
            "steer": 0.0
        },
        {
            "throttle": 0.07439249923891339,
            "brake": 0.6277553833297758,
            "steer": 0.0
        },
        {
            "throttle": 0.06695324931502206,
            "brake": 0.6418448984482961,
            "steer": 0.0
        },
        {
            "throttle": 0.06025792438351985,
            "brake": 0.6545254620549643,
            "steer": 0.0
        },
        {
            "throttle": 0.05423213194516787,
            "brake": 0.6659379693009657,
            "steer": 0.0
        },
        {
            "throttle": 0.04880891875065108,
            "brake": 0.676209225822367,
            "steer": 0.0
        },
        {
            "throttle": 0.043928026875585974,
            "brake": 0.6854533566916281,
            "steer": 0.0
        },
        {
            "throttle": 0.03953522418802738,
            "brake": 0.6937730744739632,
            "steer": 0.0
        },
        {
            "throttle": 0.08253694218422045,
            "brake": 0.6243957670265669,
            "steer": 0.0
        },
        {
            "throttle": 0.12156477510225511,
            "brake": 0.5619561903239102,
            "steer": 0.0
        },
        {
            "throttle": 0.1569039350568031,
            "brake": 0.5057605712915192,
            "steer": 0.0
        },
        {
            "throttle": 0.18880703279787311,
            "brake": 0.45518451416236727,
            "steer": 0.0
        },
        {
            "throttle": 0.21749955326828357,
            "brake": 0.40966606274613054,
            "steer": 0.0
        },
        {
            "throttle": 0.24318481914030668,
            "brake": 0.3686994564715175,
            "steer": 0.0
        },
        {
            "throttle": 0.26604845063864796,
            "brake": 0.33182951082436574,
            "steer": 0.0
        },
        {
            "throttle": 0.28626232926646417,
            "brake": 0.29864655974192916,
            "steer": 0.0
        },
        {
            "throttle": 0.30398807324445265,
            "brake": 0.26878190376773625,
            "steer": 0.0
        },
        {
            "throttle": 0.31938003344359017,
            "brake": 0.24190371339096264,
            "steer": 0.0
        },
        {
            "throttle": 0.33258782022875855,
            "brake": 0.21771334205186638,
            "steer": 0.0
        },
        {
            "throttle": 0.34375837381873675,
            "brake": 0.19594200784667976,
            "steer": 0.0
        },
        {
            "throttle": 0.35303759339115276,
            "brake": 0.17634780706201178,
            "steer": 0.0
        },
        {
            "throttle": 0.3177338340520375,
            "brake": 0.23557807980730847,
            "steer": 0.0
        },
        {
            "throttle": 0.28596045064683373,
            "brake": 0.2888853252780755,
            "steer": 0.0
        },
        {
            "throttle": 0.25736440558215035,
            "brake": 0.3368618462017658,
            "steer": 0.0
        },
        {
            "throttle": 0.23162796502393532,
            "brake": 0.38004071503308706,
            "steer": 0.0
        },
        {
            "throttle": 0.2084651685215418,
            "brake": 0.4189016969812762,
            "steer": 0.0
        },
        {
            "throttle": 0.18761865166938763,
            "brake": 0.4538765807346465,
            "steer": 0.0
        },
        {
            "throttle": 0.16885678650244887,
            "brake": 0.4853539761126797,
            "steer": 0.0
        },
        {
            "throttle": 0.151971107852204,
            "brake": 0.5136836319529097,
            "steer": 0.0
        },
        {
            "throttle": 0.1367739970669836,
            "brake": 0.5391803222091165,
            "steer": 0.0
        },
        {
            "throttle": 0.12309659736028523,
            "brake": 0.5621273434397027,
            "steer": 0.0
        },
        {
            "throttle": 0.11078693762425672,
            "brake": 0.5827796625472303,
            "steer": 0.0
        },
        {
            "throttle": 0.09970824386183105,
            "brake": 0.6013667497440052,
            "steer": 0.0
        },
        {
            "throttle": 0.08973741947564795,
            "brake": 0.6180951282211026,
            "steer": 0.0
        },
        {
            "throttle": 0.08076367752808315,
            "brake": 0.6331506688504902,
            "steer": 0.0
        },
        {
            "throttle": 0.07268730977527484,
            "brake": 0.6467006554169391,
            "steer": 0.0
        },
        {
            "throttle": 0.06541857879774736,
            "brake": 0.6588956433267431,
            "steer": 0.0
        },
        {
            "throttle": 0.05887672091797262,
            "brake": 0.6698711324455666,
            "steer": 0.0
        },
        {
            "throttle": 0.05298904882617536,
            "brake": 0.6797490726525078,
            "steer": 0.0
        },
        {
            "throttle": 0.047690143943557826,
            "brake": 0.6886392188387549,
            "steer": 0.0
        },
        {
            "throttle": 0.04292112954920205,
            "brake": 0.6966403504063773,
            "steer": 0.0
        },
        {
            "throttle": 0.03862901659428184,
            "brake": 0.7038413688172375,
            "steer": 0.0
        },
        {
            "throttle": 0.03476611493485366,
            "brake": 0.7103222853870116,
            "steer": 0.0
        },
        {
            "throttle": 0.0706335678518469,
            "brake": 0.6392900568483104,
            "steer": 0.0
        },
        {
            "throttle": 0.10374030552350053,
            "brake": 0.5753610511634794,
            "steer": 0.0
        },
        {
            "throttle": 0.13438574076035525,
            "brake": 0.5178249460471315,
            "steer": 0.0
        },
        {
            "throttle": 0.1628231592068749,
            "brake": 0.46604245144241835,
            "steer": 0.0
        },
        {
            "throttle": 0.1892641957025013,
            "brake": 0.4194382062981765,
            "steer": 0.0
        },
        {
            "throttle": 0.21388317404831078,
            "brake": 0.37749438566835886,
            "steer": 0.0
        },
        {
            "throttle": 0.2368213205098384,
            "brake": 0.339744947101523,
            "steer": 0.0
        },
        {
            "throttle": 0.2581908544897076,
            "brake": 0.3057704523913707,
            "steer": 0.0
        },
        {
            "throttle": 0.2780789537716472,
            "brake": 0.2751934071522336,
            "steer": 0.0
        },
        {
            "throttle": 0.29655158659221303,
            "brake": 0.24767406643701026,
            "steer": 0.0
        },
        {
            "throttle": 0.31365719855237956,
            "brake": 0.22290665979330923,
            "steer": 0.0
        },
        {
            "throttle": 0.3294302390436524,
            "brake": 0.20061599381397832,
            "steer": 0.0
        },
        {
            "throttle": 0.29648721513928716,
            "brake": 0.25741944788407833,
            "steer": 0.0
        },
        {
            "throttle": 0.26683849362535844,
            "brake": 0.30854255654716833,
            "steer": 0.0
        },
        {
            "throttle": 0.2401546442628226,
            "brake": 0.35455335434394936,
            "steer": 0.0
        },
        {
            "throttle": 0.21613917983654035,
            "brake": 0.39596307236105227,
            "steer": 0.0
        },
        {
            "throttle": 0.19452526185288632,
            "brake": 0.4332318185764449,
            "steer": 0.0
        },
        {
            "throttle": 0.1750727356675977,
            "brake": 0.46677369017029824,
            "steer": 0.0
        },
        {
            "throttle": 0.15756546210083794,
            "brake": 0.4969613746047663,
            "steer": 0.0
        },
        {
            "throttle": 0.14180891589075414,
            "brake": 0.5241302905957875,
            "steer": 0.0
        },
        {
            "throttle": 0.12762802430167874,
            "brake": 0.5485823149877067,
            "steer": 0.0
        },
        {
            "throttle": 0.11486522187151087,
            "brake": 0.5705891369404339,
            "steer": 0.0
        },
        {
            "throttle": 0.10337869968435978,
            "brake": 0.5903952766978884,
            "steer": 0.0
        },
        {
            "throttle": 0.09304082971592381,
            "brake": 0.6082208024795974,
            "steer": 0.0
        },
        {
            "throttle": 0.08373674674433143,
            "brake": 0.6242637756831355,
            "steer": 0.0
        },
        {
            "throttle": 0.07536307206989828,
            "brake": 0.6387024515663199,
            "steer": 0.0
        },
        {
            "throttle": 0.06782676486290846,
            "brake": 0.6516972598611858,
            "steer": 0.0
        },
        {
            "throttle": 0.06104408837661762,
            "brake": 0.663392587326565,
            "steer": 0.0
        },
        {
            "throttle": 0.054939679538955864,
            "brake": 0.6739183820454064,
            "steer": 0.0
        },
        {
            "throttle": 0.04944571158506028,
            "brake": 0.6833915972923637,
            "steer": 0.0
        },
        {
            "throttle": 0.04450114042655425,
            "brake": 0.6919174910146252,
            "steer": 0.0
        },
        {
            "throttle": 0.040051026383898826,
            "brake": 0.6995907953646605,
            "steer": 0.0
        },
        {
            "throttle": 0.03604592374550895,
            "brake": 0.7064967692796923,
            "steer": 0.0
        },
        {
            "throttle": 0.03244133137095805,
            "brake": 0.712712145803221,
            "steer": 0.0
        },
        {
            "throttle": 0.06476766663676552,
            "brake": 0.6414409312228989,
            "steer": 0.0
        },
        {
            "throttle": 0.09362225041828653,
            "brake": 0.577296838100609,
            "steer": 0.0
        },
        {
            "throttle": 0.11946780776501403,
            "brake": 0.5195671542905481,
            "steer": 0.0
        },
        {
            "throttle": 0.14272314597291902,
            "brake": 0.46761043886149334,
            "steer": 0.0
        },
        {
            "throttle": 0.1637652995319713,
            "brake": 0.420849394975344,
            "steer": 0.0
        },
        {
            "throttle": 0.18293145852228226,
            "brake": 0.3787644554778096,
            "steer": 0.0
        },
        {
            "throttle": 0.20052074496945146,
            "brake": 0.34088800993002866,
            "steer": 0.0
        },
        {
            "throttle": 0.21679589444116495,
            "brake": 0.3067992089370258,
            "steer": 0.0
        },
        {
            "throttle": 0.2319848928595633,
            "brake": 0.2761192880433232,
            "steer": 0.0
        },
        {
            "throttle": 0.24628261115536387,
            "brake": 0.2485073592389909,
            "steer": 0.0
        },
        {
            "throttle": 0.2598524730490921,
            "brake": 0.2236566233150918,
            "steer": 0.0
        },
        {
            "throttle": 0.27282818396991143,
            "brake": 0.20129096098358262,
            "steer": 0.0
        },
        {
            "throttle": 0.28531554197826103,
            "brake": 0.18116186488522437,
            "steer": 0.0
        },
        {
            "throttle": 0.29739434461451575,
            "brake": 0.16304567839670195,
            "steer": 0.0
        },
        {
            "throttle": 0.3091203989247162,
            "brake": 0.14674111055703176,
            "steer": 0.0
        },
        {
            "throttle": 0.3205276355893867,
            "brake": 0.13206699950132858,
            "steer": 0.0
        },
        {
            "throttle": 0.3316303221746681,
            "brake": 0.11886029955119573,
            "steer": 0.0
        },
        {
            "throttle": 0.34242536510541494,
            "brake": 0.10697426959607616,
            "steer": 0.0
        },
        {
            "throttle": 0.35289468509158695,
            "brake": 0.09627684263646855,
            "steer": 0.0
        },
        {
            "throttle": 0.36300764647967143,
            "brake": 0.0866491583728217,
            "steer": 0.0
        },
        {
            "throttle": 0.3727235173994013,
            "brake": 0.07798424253553952,
            "steer": 0.0
        },
        {
            "throttle": 0.38199393467271336,
            "brake": 0.07018581828198557,
            "steer": 0.0
        },
        {
            "throttle": 0.39076534527631485,
            "brake": 0.06316723645378701,
            "steer": 0.0
        },
        {
            "throttle": 0.39898139471968286,
            "brake": 0.05685051280840831,
            "steer": 0.0
        },
        {
            "throttle": 0.4065852320232091,
            "brake": 0.05116546152756748,
            "steer": 0.0
        },
        {
            "throttle": 0.4135217010506555,
            "brake": 0.046048915374810734,
            "steer": 0.0
        },
        {
            "throttle": 0.41973938874790007,
            "brake": 0.04144402383732966,
            "steer": 0.0
        },
        {
            "throttle": 0.42519250233572203,
            "brake": 0.03729962145359669,
            "steer": 0.0
        },
        {
            "throttle": 0.42984254965591606,
            "brake": 0.03356965930823703,
            "steer": 0.0
        },
        {
            "throttle": 0.43365979962403217,
            "brake": 0.030212693377413325,
            "steer": 0.0
        },
        {
            "throttle": 0.4366245030349454,
            "brake": 0.027191424039671994,
            "steer": 0.0
        },
        {
            "throttle": 0.4387278577265441,
            "brake": 0.024472281635704796,
            "steer": 0.0
        }
    ],
    "parameters": {
        "fog_density": 78.27146352701378,
        "precipitation": 7.696841333265425,
        "precipitation_deposits": 32.432438343437084,
        "wind_intensity": 42.72194745703018,
        "sun_altitude_angle": 22.67779640763316,
        "cloudiness": 29.18154275658068,
        "lead_base_throttle": 0.41394952978123345,
        "lead_behavior_frequency": 0.21987962984867904,
        "lead_throttle_variation": 0.06204935641956158,
        "lead_brake_probability": 0.2227658578416103,
        "lead_brake_intensity": 0.7686505345149784,
        "lead_brake_duration": 22.25613726806411,
        "initial_distance": 64.09520842304288,
        "initial_ego_velocity": 19.296925135954226,
        "initial_lead_velocity": 24.280522653256526
    },
    "config": {
        "num_timesteps": 200,
        "dt": 0.1,
        "seed": 148
    }
}