{
    "weather": {
        "cloudiness": 98.75926191005784,
        "precipitation": 82.1897661535238,
        "precipitation_deposits": 38.32653601658927,
        "wind_intensity": 9.204348067954665,
        "sun_altitude_angle": -4.909051091550975,
        "fog_density": 28.329604472669494,
        "fog_distance": 388.94390490579974,
        "wetness": 41.0948830767619
    },
    "initial_conditions": {
        "ego": {
            "position": {
                "x": 501.6830675228992,
                "y": 20.57,
                "z": 0.294
            },
            "yaw": 0.0,
            "velocity": 13.479602660700202
        },
        "lead": {
            "position": {
                "x": 484.88,
                "y": 20.57,
                "z": 0.294
            },
            "yaw": 0.0,
            "velocity": 21.63487483650868
        }
    },
    "ego": {
        "position": {
            "x": 501.6830675228992,
            "y": 20.57,
            "z": 0.294
        },
        "yaw": 0.0,
        "velocity": 13.479602660700202
    },
    "lead": {
        "position": {
            "x": 484.88,
            "y": 20.57,
            "z": 0.294
        },
        "yaw": 0.0,
        "velocity": 21.63487483650868
    },
    "ado_actions": [
        {
            "throttle": 0.42835767994377866,
            "brake": 0.0,
            "steer": 0.0
        },
        {
            "throttle": 0.4289992534238497,
            "brake": 0.0,
            "steer": 0.0
        },
        {
            "throttle": 0.43021042706726353,
            "brake": 0.0,
            "steer": 0.0
        },
        {
            "throttle": 0.4319187041382797,
            "brake": 0.0,
            "steer": 0.0
        },
        {
            "throttle": 0.43405130610012654,
            "brake": 0.0,
            "steer": 0.0
        },
        {
            "throttle": 0.4365354818233703,
            "brake": 0.0,
            "steer": 0.0
        },
        {
            "throttle": 0.43929887420200836,
            "brake": 0.0,
            "steer": 0.0
        },
        {
            "throttle": 0.4422699339368233,
            "brake": 0.0,
            "steer": 0.0
        },
        {
            "throttle": 0.44537837024833815,
            "brake": 0.0,
            "steer": 0.0
        },
        {
            "throttle": 0.4485556283514913,
            "brake": 0.0,
            "steer": 0.0
        },
        {
            "throttle": 0.4517353836658324,
            "brake": 0.0,
            "steer": 0.0
        },
        {
            "throttle": 0.45485404295209625,
            "brake": 0.0,
            "steer": 0.0
        },
        {
            "throttle": 0.45785124286047446,
            "brake": 0.0,
            "steer": 0.0
        },
        {
            "throttle": 0.46067033674839447,
            "brake": 0.0,
            "steer": 0.0
        },
        {
            "throttle": 0.46325886107538455,
            "brake": 0.0,
            "steer": 0.0
        },
        {
            "throttle": 0.4655689732075832,
            "brake": 0.0,
            "steer": 0.0
        },
        {
            "throttle": 0.4675578530613108,
            "brake": 0.0,
            "steer": 0.0
        },
        {
            "throttle": 0.4691880616793549,
            "brake": 0.0,
            "steer": 0.0
        },
        {
            "throttle": 0.4704278505596215,
            "brake": 0.0,
            "steer": 0.0
        },
        {
            "throttle": 0.47125141633696177,
            "brake": 0.0,
            "steer": 0.0
        },
        {
            "throttle": 0.4716390962477989,
            "brake": 0.0,
            "steer": 0.0
        },
        {
            "throttle": 0.47157750067536397,
            "brake": 0.0,
            "steer": 0.0
        },
        {
            "throttle": 0.4710595799719611,
            "brake": 0.0,
            "steer": 0.0
        },
        {
            "throttle": 0.4700846236742338,
            "brake": 0.0,
            "steer": 0.0
        },
        {
            "throttle": 0.4686581911580279,
            "brake": 0.0,
            "steer": 0.0
        },
        {
            "throttle": 0.46679197371097514,
            "brake": 0.0,
            "steer": 0.0
        },
        {
            "throttle": 0.4645035889230955,
            "brake": 0.0,
            "steer": 0.0
        },
        {
            "throttle": 0.4618163091982522,
            "brake": 0.0,
            "steer": 0.0
        },
        {
            "throttle": 0.458758727062064,
            "brake": 0.0,
            "steer": 0.0
        },
        {
            "throttle": 0.45536436077503994,
            "brake": 0.0,
            "steer": 0.0
        },
        {
            "throttle": 0.4516712045437933,
            "brake": 0.0,
            "steer": 0.0
        },
        {
            "throttle": 0.4477212283493017,
            "brake": 0.0,
            "steer": 0.0
        },
        {
            "throttle": 0.44355983307103153,
            "brake": 0.0,
            "steer": 0.0
        },
        {
            "throttle": 0.43923526717180045,
            "brake": 0.0,
            "steer": 0.0
        },
        {
            "throttle": 0.43479801171385196,
            "brake": 0.0,
            "steer": 0.0
        },
        {
            "throttle": 0.4303001408959912,
            "brake": 0.0,
            "steer": 0.0
        },
        {
            "throttle": 0.4257946656300697,
            "brake": 0.0,
            "steer": 0.0
        },
        {
            "throttle": 0.42133486790892366,
            "brake": 0.0,
            "steer": 0.0
        },
        {
            "throttle": 0.4169736338545334,
            "brake": 0.0,
            "steer": 0.0
        },
        {
            "throttle": 0.41276279337327637,
            "brake": 0.0,
            "steer": 0.0
        },
        {
            "throttle": 0.4087524742844855,
            "brake": 0.0,
            "steer": 0.0
        },
        {
            "throttle": 0.40499047863004445,
            "brake": 0.0,
            "steer": 0.0
        },
        {
            "throttle": 0.40152168861859183,
            "brake": 0.0,
            "steer": 0.0
        },
        {
            "throttle": 0.3983875093113369,
            "brake": 0.0,
            "steer": 0.0
        },
        {
            "throttle": 0.39562535472189164,
            "brake": 0.0,
            "steer": 0.0
        },
        {
            "throttle": 0.3932681834853417,
            "brake": 0.0,
            "steer": 0.0
        },
        {
            "throttle": 0.39134408965843587,
            "brake": 0.0,
            "steer": 0.0
        },
        {
            "throttle": 0.3898759535506256,
            "brake": 0.0,
            "steer": 0.0
        },
        {
            "throttle": 0.38888115676289087,
            "brake": 0.0,
            "steer": 0.0
        },
        {
            "throttle": 0.38837136483676193,
            "brake": 0.0,
            "steer": 0.0
        },
        {
            "throttle": 0.38835238009919604,
            "brake": 0.0,
            "steer": 0.0
        },
        {
            "throttle": 0.388824066440031,
            "brake": 0.0,
            "steer": 0.0
        },
        {
            "throttle": 0.3897803468880168,
            "brake": 0.0,
            "steer": 0.0
        },
        {
            "throttle": 0.3912092739695991,
            "brake": 0.0,
            "steer": 0.0
        },
        {
            "throttle": 0.39309317195248594,
            "brake": 0.0,
            "steer": 0.0
        },
        {
            "throttle": 0.3954088492043786,
            "brake": 0.0,
            "steer": 0.0
        },
        {
            "throttle": 0.3981278780467389,
            "brake": 0.0,
            "steer": 0.0
        },
        {
            "throttle": 0.401216938664517,
            "brake": 0.0,
            "steer": 0.0
        },
        {
            "throttle": 0.40463822285537676,
            "brake": 0.0,
            "steer": 0.0
        },
        {
            "throttle": 0.40834989267563837,
            "brake": 0.0,
            "steer": 0.0
        },
        {
            "throttle": 0.41230658837379125,
            "brake": 0.0,
            "steer": 0.0
        },
        {
            "throttle": 0.4164599794041517,
            "brake": 0.0,
            "steer": 0.0
        },
        {
            "throttle": 0.42075935179036983,
            "brake": 0.0,
            "steer": 0.0
        },
        {
            "throttle": 0.425152224667415,
            "brake": 0.0,
            "steer": 0.0
        },
        {
            "throttle": 0.4295849884767835,
            "brake": 0.0,
            "steer": 0.0
        },
        {
            "throttle": 0.4340035570273057,
            "brake": 0.0,
            "steer": 0.0
        },
        {
            "throttle": 0.43835402546629254,
            "brake": 0.0,
            "steer": 0.0
        },
        {
            "throttle": 0.4425833261349123,
            "brake": 0.0,
            "steer": 0.0
        },
        {
            "throttle": 0.4466398743085009,
            "brake": 0.0,
            "steer": 0.0
        },
        {
            "throttle": 0.4504741959466696,
            "brake": 0.0,
            "steer": 0.0
        },
        {
            "throttle": 0.45403952979808104,
            "brake": 0.0,
            "steer": 0.0
        },
        {
            "throttle": 0.45729239651794357,
            "brake": 0.0,
            "steer": 0.0
        },
        {
            "throttle": 0.46019312785882405,
            "brake": 0.0,
            "steer": 0.0
        },
        {
            "throttle": 0.4627063494823973,
            "brake": 0.0,
            "steer": 0.0
        },
        {
            "throttle": 0.4648014115053154,
            "brake": 0.0,
            "steer": 0.0
        },
        {
            "throttle": 0.46645276152960535,
            "brake": 0.0,
            "steer": 0.0
        },
        {
            "throttle": 0.46764025560913236,
            "brake": 0.0,
            "steer": 0.0
        },
        {
            "throttle": 0.4683494033601623,
            "brake": 0.0,
            "steer": 0.0
        },
        {
            "throttle": 0.4685715442267069,
            "brake": 0.0,
            "steer": 0.0
        },
        {
            "throttle": 0.4683039527503698,
            "brake": 0.0,
            "steer": 0.0
        },
        {
            "throttle": 0.46754987155960537,
            "brake": 0.0,
            "steer": 0.0
        },
        {
            "throttle": 0.46631847167412466,
            "brake": 0.0,
            "steer": 0.0
        },
        {
            "throttle": 0.4646247406059048,
            "brake": 0.0,
            "steer": 0.0
        },
        {
            "throttle": 0.46248929961808716,
            "brake": 0.0,
            "steer": 0.0
        },
        {
            "throttle": 0.45993815236627805,
            "brake": 0.0,
            "steer": 0.0
        },
        {
            "throttle": 0.4570023679828718,
            "brake": 0.0,
            "steer": 0.0
        },
        {
            "throttle": 0.45371770246381954,
            "brake": 0.0,
            "steer": 0.0
        },
        {
            "throttle": 0.45012416296903723,
            "brake": 0.0,
            "steer": 0.0
        },
        {
            "throttle": 0.4462655203432289,
            "brake": 0.0,
            "steer": 0.0
        },
        {
            "throttle": 0.44218877579481713,
            "brake": 0.0,
            "steer": 0.0
        },
        {
            "throttle": 0.43794358822924506,
            "brake": 0.0,
            "steer": 0.0
        },
        {
            "throttle": 0.4335816692123351,
            "brake": 0.0,
            "steer": 0.0
        },
        {
            "throttle": 0.4291561529338165,
            "brake": 0.0,
            "steer": 0.0
        },
        {
            "throttle": 0.42472094884577194,
            "brake": 0.0,
            "steer": 0.0
        },
        {
            "throttle": 0.420330084861881,
            "brake": 0.0,
            "steer": 0.0
        },
        {
            "throttle": 0.41603704911839245,
            "brake": 0.0,
            "steer": 0.0
        },
        {
            "throttle": 0.4118941383153336,
            "brake": 0.0,
            "steer": 0.0
        },
        {
            "throttle": 0.40795182057634993,
            "brake": 0.0,
            "steer": 0.0
        },
        {
            "throttle": 0.4042581205887385,
            "brake": 0.0,
            "steer": 0.0
        },
        {
            "throttle": 0.4008580345138509,
            "brake": 0.0,
            "steer": 0.0
        },
        {
            "throttle": 0.39779298179539796,
            "brake": 0.0,
            "steer": 0.0
        },
        {
            "throttle": 0.39510030054371403,
            "brake": 0.0,
            "steer": 0.0
        },
        {
            "throttle": 0.39281279264320074,
            "brake": 0.0,
            "steer": 0.0
        },
        {
            "throttle": 0.3909583241244461,
            "brake": 0.0,
            "steer": 0.0
        },
        {
            "throttle": 0.38955948566927445,
            "brake": 0.0,
            "steer": 0.0
        },
        {
            "throttle": 0.3886333173844352,
            "brake": 0.0,
            "steer": 0.0
        },
        {
            "throttle": 0.3881911011967042,
            "brake": 0.0,
            "steer": 0.0
        },
        {
            "throttle": 0.38823822339839165,
            "brake": 0.0,
            "steer": 0.0
        },
        {
            "throttle": 0.38877410901765685,
            "brake": 0.0,
            "steer": 0.0
        },
        {
            "throttle": 0.3897922288130398,
            "brake": 0.0,
            "steer": 0.0
        },
        {
            "throttle": 0.3912801788068872,
            "brake": 0.0,
            "steer": 0.0
        },
        {
            "throttle": 0.3932198313886553,
            "brake": 0.0,
            "steer": 0.0
        },
        {
            "throttle": 0.3955875561471844,
            "brake": 0.0,
            "steer": 0.0
        },
        {
            "throttle": 0.39835450774157316,
            "brake": 0.0,
            "steer": 0.0
        },
        {
            "throttle": 0.4014869773035935,
            "brake": 0.0,
            "steer": 0.0
        },
        {
            "throttle": 0.40494680309061937,
            "brake": 0.0,
            "steer": 0.0
        },
        {
            "throttle": 0.4086918353862317,
            "brake": 0.0,
            "steer": 0.0
        },
        {
            "throttle": 0.4126764499847939,
            "brake": 0.0,
            "steer": 0.0
        },
        {
            "throttle": 0.4168521040044243,
            "brake": 0.0,
            "steer": 0.0
        },
        {
            "throttle": 0.421167927257131,
            "brake": 0.0,
            "steer": 0.0
        },
        {
            "throttle": 0.4255713419717035,
            "brake": 0.0,
            "steer": 0.0
        },
        {
            "throttle": 0.4300087033195522,
            "brake": 0.0,
            "steer": 0.0
        },
        {
            "throttle": 0.4344259529402582,
            "brake": 0.0,
            "steer": 0.0
        },
        {
            "throttle": 0.4387692775052301,
            "brake": 0.0,
            "steer": 0.0
        },
        {
            "throttle": 0.4429857642964912,
            "brake": 0.0,
            "steer": 0.0
        },
        {
            "throttle": 0.44702404581398525,
            "brake": 0.0,
            "steer": 0.0
        },
        {
            "throttle": 0.4508349255584515,
            "brake": 0.0,
            "steer": 0.0
        },
        {
            "throttle": 0.4543719773662514,
            "brake": 0.0,
            "steer": 0.0
        },
        {
            "throttle": 0.40893477962962627,
            "brake": 0.02445419493342137,
            "steer": 0.0
        },
        {
            "throttle": 0.36804130166666366,
            "brake": 0.046462970373500605,
            "steer": 0.0
        },
        {
            "throttle": 0.3312371714999973,
            "brake": 0.06627086826957192,
            "steer": 0.0
        },
        {
            "throttle": 0.2981134543499976,
            "brake": 0.0840979763760361,
            "steer": 0.0
        },
        {
            "throttle": 0.26830210891499784,
            "brake": 0.10014237367185386,
            "steer": 0.0
        },
        {
            "throttle": 0.24147189802349805,
            "brake": 0.11458233123808984,
            "steer": 0.0
        },
        {
            "throttle": 0.21732470822114824,
            "brake": 0.12757829304770224,
            "steer": 0.0
        },
        {
            "throttle": 0.19559223739903342,
            "brake": 0.13927465867635339,
            "steer": 0.0
        },
        {
            "throttle": 0.17603301365913007,
            "brake": 0.14980138774213944,
            "steer": 0.0
        },
        {
            "throttle": 0.15842971229321706,
            "brake": 0.15927544390134687,
            "steer": 0.0
        },
        {
            "throttle": 0.14258674106389535,
            "brake": 0.16780209444463356,
            "steer": 0.0
        },
        {
            "throttle": 0.12832806695750582,
            "brake": 0.1754760799335916,
            "steer": 0.0
        },
        {
            "throttle": 0.11549526026175523,
            "brake": 0.18238266687365381,
            "steer": 0.0
        },
        {
            "throttle": 0.1039457342355797,
            "brake": 0.1885985951197098,
            "steer": 0.0
        },
        {
            "throttle": 0.09355116081202174,
            "brake": 0.1941929305411602,
            "steer": 0.0
        },
        {
            "throttle": 0.08419604473081957,
            "brake": 0.19922783242046557,
            "steer": 0.0
        },
        {
            "throttle": 0.07577644025773761,
            "brake": 0.2037592441118404,
            "steer": 0.0
        },
        {
            "throttle": 0.06819879623196386,
            "brake": 0.20783751463407774,
            "steer": 0.0
        },
        {
            "throttle": 0.06137891660876747,
            "brake": 0.21150795810409134,
            "steer": 0.0
        },
        {
            "throttle": 0.09515735634161601,
            "brake": 0.1903571622936822,
            "steer": 0.0
        },
        {
            "throttle": 0.12502066757317942,
            "brake": 0.171321446064314,
            "steer": 0.0
        },
        {
            "throttle": 0.15140247465766019,
            "brake": 0.1541893014578826,
            "steer": 0.0
        },
        {
            "throttle": 0.1746990719590504,
            "brake": 0.13877037131209433,
            "steer": 0.0
        },
        {
            "throttle": 0.19527257033650564,
            "brake": 0.1248933341808849,
            "steer": 0.0
        },
        {
            "throttle": 0.2134536626361219,
            "brake": 0.11240400076279641,
            "steer": 0.0
        },
        {
            "throttle": 0.2295440542419262,
            "brake": 0.10116360068651678,
            "steer": 0.0
        },
        {
            "throttle": 0.24381860084496645,
            "brake": 0.09104724061786511,
            "steer": 0.0
        },
        {
            "throttle": 0.25652719197929374,
            "brake": 0.08194251655607859,
            "steer": 0.0
        },
        {
            "throttle": 0.2678964155116094,
            "brake": 0.07374826490047073,
            "steer": 0.0
        },
        {
            "throttle": 0.2781310351265855,
            "brake": 0.06637343841042366,
            "steer": 0.0
        },
        {
            "throttle": 0.2874153098960822,
            "brake": 0.059736094569381296,
            "steer": 0.0
        },
        {
            "throttle": 0.2959141822355307,
            "brake": 0.053762485112443165,
            "steer": 0.0
        },
        {
            "throttle": 0.30377435791622953,
            "brake": 0.04838623660119885,
            "steer": 0.0
        },
        {
            "throttle": 0.3111252993032309,
            "brake": 0.043547612941078964,
            "steer": 0.0
        },
        {
            "throttle": 0.3180801506129279,
            "brake": 0.03919285164697107,
            "steer": 0.0
        },
        {
            "throttle": 0.32473661172320184,
            "brake": 0.03527356648227396,
            "steer": 0.0
        },
        {
            "throttle": 0.3311777749152659,
            "brake": 0.031746209834046565,
            "steer": 0.0
        },
        {
            "throttle": 0.3374729368754932,
            "brake": 0.02857158885064191,
            "steer": 0.0
        },
        {
            "throttle": 0.3436783963347225,
            "brake": 0.02571442996557772,
            "steer": 0.0
        },
        {
            "throttle": 0.3093105567012503,
            "brake": 0.04759718190244132,
            "steer": 0.0
        },
        {
            "throttle": 0.2783795010311253,
            "brake": 0.06729165864561856,
            "steer": 0.0
        },
        {
            "throttle": 0.2505415509280128,
            "brake": 0.08501668771447808,
            "steer": 0.0
        },
        {
            "throttle": 0.22548739583521152,
            "brake": 0.10096921387645164,
            "steer": 0.0
        },
        {
            "throttle": 0.20293865625169036,
            "brake": 0.11532648742222784,
            "steer": 0.0
        },
        {
            "throttle": 0.18264479062652134,
            "brake": 0.12824803361342643,
            "steer": 0.0
        },
        {
            "throttle": 0.1643803115638692,
            "brake": 0.13987742518550517,
            "steer": 0.0
        },
        {
            "throttle": 0.14794228040748228,
            "brake": 0.15034387760037604,
            "steer": 0.0
        },
        {
            "throttle": 0.13314805236673405,
            "brake": 0.15976368477375982,
            "steer": 0.0
        },
        {
            "throttle": 0.11983324713006065,
            "brake": 0.1682415112298052,
            "steer": 0.0
        },
        {
            "throttle": 0.10784992241705459,
            "brake": 0.17587155504024607,
            "steer": 0.0
        },
        {
            "throttle": 0.09706493017534913,
            "brake": 0.18273859446964286,
            "steer": 0.0
        },
        {
            "throttle": 0.08735843715781422,
            "brake": 0.18891892995609996,
            "steer": 0.0
        },
        {
            "throttle": 0.0786225934420328,
            "brake": 0.19448123189391134,
            "steer": 0.0
        },
        {
            "throttle": 0.07076033409782953,
            "brake": 0.1994873036379416,
            "steer": 0.0
        },
        {
            "throttle": 0.06368430068804658,
            "brake": 0.20399276820756881,
            "steer": 0.0
        },
        {
            "throttle": 0.05731587061924192,
            "brake": 0.20804768632023332,
            "steer": 0.0
        },
        {
            "throttle": 0.05158428355731773,
            "brake": 0.21169711262163138,
            "steer": 0.0
        },
        {
            "throttle": 0.04642585520158596,
            "brake": 0.21498159629288963,
            "steer": 0.0
        },
        {
            "throttle": 0.09039894733378678,
            "brake": 0.19348343666360066,
            "steer": 0.0
        },
        {
            "throttle": 0.12986290122530544,
            "brake": 0.1741350929972406,
            "steer": 0.0
        },
        {
            "throttle": 0.16519957930969295,
            "brake": 0.15672158369751654,
            "steer": 0.0
        },
        {
            "throttle": 0.19675486135278095,
            "brake": 0.1410494253277649,
            "steer": 0.0
        },
        {
            "throttle": 0.22484305709293767,
            "brake": 0.1269444827949884,
            "steer": 0.0
        },
        {
            "throttle": 0.24975084085113397,
            "brake": 0.11425003451548957,
            "steer": 0.0
        },
        {
            "throttle": 0.27174074644063784,
            "brake": 0.10282503106394061,
            "steer": 0.0
        },
        {
            "throttle": 0.2910542574364841,
            "brake": 0.09254252795754656,
            "steer": 0.0
        },
        {
            "throttle": 0.3079145250307085,
            "brake": 0.08328827516179191,
            "steer": 0.0
        },
        {
            "throttle": 0.32252874324895003,
            "brake": 0.07495944764561271,
            "steer": 0.0
        },
        {
            "throttle": 0.3350902091896361,
            "brake": 0.06746350288105145,
            "steer": 0.0
        },
        {
            "throttle": 0.3457800941244441,
            "brake": 0.06071715259294631,
            "steer": 0.0
        },
        {
            "throttle": 0.354768949727414,
            "brake": 0.054645437333651674,
            "steer": 0.0
        },
        {
            "throttle": 0.3622179723424985,
            "brake": 0.049180893600286504,
            "steer": 0.0
        }
    ],
    "parameters": {
        "fog_density": 28.329604472669494,
        "precipitation": 82.1897661535238,
        "precipitation_deposits": 38.32653601658927,
        "wind_intensity": 9.204348067954665,
        "sun_altitude_angle": -4.909051091550975,
        "cloudiness": 98.75926191005784,
        "lead_base_throttle": 0.42835767994377866,
        "lead_behavior_frequency": 0.175755543671701,
        "lead_throttle_variation": 0.058215758121559394,
        "lead_brake_probability": 0.028680593542124187,
        "lead_brake_intensity": 0.2445419493342137,
        "lead_brake_duration": 19.962182160742756,
        "initial_distance": 16.80306752289922,
        "initial_ego_velocity": 13.479602660700202,
        "initial_lead_velocity": 21.63487483650868
    },
    "config": {
        "num_timesteps": 200,
        "dt": 0.1,
        "seed": 88
    }
}