{
    "weather": {
        "cloudiness": 12.185690581350661,
        "precipitation": 99.60554712854307,
        "precipitation_deposits": 59.77474715985369,
        "wind_intensity": 37.82926374323469,
        "sun_altitude_angle": 38.78169796183022,
        "fog_density": 32.302974571717726,
        "fog_distance": 340.69561701057955,
        "wetness": 49.80277356427153
    },
    "initial_conditions": {
        "ego": {
            "position": {
                "x": 531.9236028375385,
                "y": 20.57,
                "z": 0.294
            },
            "yaw": 0.0,
            "velocity": 11.811533540924067
        },
        "lead": {
            "position": {
                "x": 484.88,
                "y": 20.57,
                "z": 0.294
            },
            "yaw": 0.0,
            "velocity": 19.439997145518475
        }
    },
    "ego": {
        "position": {
            "x": 531.9236028375385,
            "y": 20.57,
            "z": 0.294
        },
        "yaw": 0.0,
        "velocity": 11.811533540924067
    },
    "lead": {
        "position": {
            "x": 484.88,
            "y": 20.57,
            "z": 0.294
        },
        "yaw": 0.0,
        "velocity": 19.439997145518475
    },
    "ado_actions": [
        {
            "throttle": 0.3802080705239834,
            "brake": 0.0,
            "steer": 0.0
        },
        {
            "throttle": 0.38102409256240194,
            "brake": 0.0,
            "steer": 0.0
        },
        {
            "throttle": 0.3825675375742854,
            "brake": 0.0,
            "steer": 0.0
        },
        {
            "throttle": 0.38475172953362197,
            "brake": 0.0,
            "steer": 0.0
        },
        {
            "throttle": 0.3874918426221569,
            "brake": 0.0,
            "steer": 0.0
        },
        {
            "throttle": 0.3907048941360777,
            "brake": 0.0,
            "steer": 0.0
        },
        {
            "throttle": 0.3943097950311683,
            "brake": 0.0,
            "steer": 0.0
        },
        {
            "throttle": 0.39822745032884255,
            "brake": 0.0,
            "steer": 0.0
        },
        {
            "throttle": 0.402380901912361,
            "brake": 0.0,
            "steer": 0.0
        },
        {
            "throttle": 0.406695506540046,
            "brake": 0.0,
            "steer": 0.0
        },
        {
            "throttle": 0.411099142195226,
            "brake": 0.0,
            "steer": 0.0
        },
        {
            "throttle": 0.4155224361850625,
            "brake": 0.0,
            "steer": 0.0
        },
        {
            "throttle": 0.4198990086957858,
            "brake": 0.0,
            "steer": 0.0
        },
        {
            "throttle": 0.4241657258130006,
            "brake": 0.0,
            "steer": 0.0
        },
        {
            "throttle": 0.4282629563248708,
            "brake": 0.0,
            "steer": 0.0
        },
        {
            "throttle": 0.4321348269448246,
            "brake": 0.0,
            "steer": 0.0
        },
        {
            "throttle": 0.43572947092011716,
            "brake": 0.0,
            "steer": 0.0
        },
        {
            "throttle": 0.43899926533383066,
            "brake": 0.0,
            "steer": 0.0
        },
        {
            "throttle": 0.44190105276091246,
            "brake": 0.0,
            "steer": 0.0
        },
        {
            "throttle": 0.4443963433034758,
            "brake": 0.0,
            "steer": 0.0
        },
        {
            "throttle": 0.446451493406245,
            "brake": 0.0,
            "steer": 0.0
        },
        {
            "throttle": 0.4480378582388003,
            "brake": 0.0,
            "steer": 0.0
        },
        {
            "throttle": 0.4491319148259387,
            "brake": 0.0,
            "steer": 0.0
        },
        {
            "throttle": 0.4497153535094928,
            "brake": 0.0,
            "steer": 0.0
        },
        {
            "throttle": 0.44977513573257577,
            "brake": 0.0,
            "steer": 0.0
        },
        {
            "throttle": 0.4493035165484658,
            "brake": 0.0,
            "steer": 0.0
        },
        {
            "throttle": 0.4482980306690382,
            "brake": 0.0,
            "steer": 0.0
        },
        {
            "throttle": 0.4467614412794882,
            "brake": 0.0,
            "steer": 0.0
        },
        {
            "throttle": 0.4447016512546297,
            "brake": 0.0,
            "steer": 0.0
        },
        {
            "throttle": 0.442131576814798,
            "brake": 0.0,
            "steer": 0.0
        },
        {
            "throttle": 0.4390689840537637,
            "brake": 0.0,
            "steer": 0.0
        },
        {
            "throttle": 0.43553628915450415,
            "brake": 0.0,
            "steer": 0.0
        },
        {
            "throttle": 0.43156032347861467,
            "brake": 0.0,
            "steer": 0.0
        },
        {
            "throttle": 0.42717206506905137,
            "brake": 0.0,
            "steer": 0.0
        },
        {
            "throttle": 0.4224063384413324,
            "brake": 0.0,
            "steer": 0.0
        },
        {
            "throttle": 0.41730148485293733,
            "brake": 0.0,
            "steer": 0.0
        },
        {
            "throttle": 0.41189900553220965,
            "brake": 0.0,
            "steer": 0.0
        },
        {
            "throttle": 0.4062431806145149,
            "brake": 0.0,
            "steer": 0.0
        },
        {
            "throttle": 0.40038066677283446,
            "brake": 0.0,
            "steer": 0.0
        },
        {
            "throttle": 0.3943600767406752,
            "brake": 0.0,
            "steer": 0.0
        },
        {
            "throttle": 0.38823154410565586,
            "brake": 0.0,
            "steer": 0.0
        },
        {
            "throttle": 0.38204627690112014,
            "brake": 0.0,
            "steer": 0.0
        },
        {
            "throttle": 0.3758561036396028,
            "brake": 0.0,
            "steer": 0.0
        },
        {
            "throttle": 0.36971301551516605,
            "brake": 0.0,
            "steer": 0.0
        },
        {
            "throttle": 0.363668708551016,
            "brake": 0.0,
            "steer": 0.0
        },
        {
            "throttle": 0.3577741294841713,
            "brake": 0.0,
            "steer": 0.0
        },
        {
            "throttle": 0.35207902916031325,
            "brake": 0.0,
            "steer": 0.0
        },
        {
            "throttle": 0.3466315271596142,
            "brake": 0.0,
            "steer": 0.0
        },
        {
            "throttle": 0.341477691288898,
            "brake": 0.0,
            "steer": 0.0
        },
        {
            "throttle": 0.3366611354577859,
            "brake": 0.0,
            "steer": 0.0
        },
        {
            "throttle": 0.33222263930764523,
            "brake": 0.0,
            "steer": 0.0
        },
        {
            "throttle": 0.3281997927835532,
            "brake": 0.0,
            "steer": 0.0
        },
        {
            "throttle": 0.32462666863274275,
            "brake": 0.0,
            "steer": 0.0
        },
        {
            "throttle": 0.3215335255799536,
            "brake": 0.0,
            "steer": 0.0
        },
        {
            "throttle": 0.3189465446728471,
            "brake": 0.0,
            "steer": 0.0
        },
        {
            "throttle": 0.31688760101142377,
            "brake": 0.0,
            "steer": 0.0
        },
        {
            "throttle": 0.31537407277666,
            "brake": 0.0,
            "steer": 0.0
        },
        {
            "throttle": 0.3144186891579699,
            "brake": 0.0,
            "steer": 0.0
        },
        {
            "throttle": 0.3140294184493498,
            "brake": 0.0,
            "steer": 0.0
        },
        {
            "throttle": 0.3142093972430504,
            "brake": 0.0,
            "steer": 0.0
        },
        {
            "throttle": 0.3149569013003024,
            "brake": 0.0,
            "steer": 0.0
        },
        {
            "throttle": 0.31626535832402547,
            "brake": 0.0,
            "steer": 0.0
        },
        {
            "throttle": 0.31812340250165405,
            "brake": 0.0,
            "steer": 0.0
        },
        {
            "throttle": 0.3205149703302947,
            "brake": 0.0,
            "steer": 0.0
        },
        {
            "throttle": 0.3234194368844718,
            "brake": 0.0,
            "steer": 0.0
        },
        {
            "throttle": 0.32681179134176186,
            "brake": 0.0,
            "steer": 0.0
        },
        {
            "throttle": 0.3306628502466331,
            "brake": 0.0,
            "steer": 0.0
        },
        {
            "throttle": 0.3349395066706924,
            "brake": 0.0,
            "steer": 0.0
        },
        {
            "throttle": 0.33960501312107516,
            "brake": 0.0,
            "steer": 0.0
        },
        {
            "throttle": 0.3446192957605312,
            "brake": 0.0,
            "steer": 0.0
        },
        {
            "throttle": 0.3499392972353506,
            "brake": 0.0,
            "steer": 0.0
        },
        {
            "throttle": 0.3555193451629448,
            "brake": 0.0,
            "steer": 0.0
        },
        {
            "throttle": 0.3613115431117454,
            "brake": 0.0,
            "steer": 0.0
        },
        {
            "throttle": 0.3672661807140083,
            "brake": 0.0,
            "steer": 0.0
        },
        {
            "throttle": 0.3733321593887583,
            "brake": 0.0,
            "steer": 0.0
        },
        {
            "throttle": 0.3794574300188947,
            "brake": 0.0,
            "steer": 0.0
        },
        {
            "throttle": 0.3855894388245462,
            "brake": 0.0,
            "steer": 0.0
        },
        {
            "throttle": 0.3916755776049981,
            "brake": 0.0,
            "steer": 0.0
        },
        {
            "throttle": 0.3976636344845169,
            "brake": 0.0,
            "steer": 0.0
        },
        {
            "throttle": 0.4035022412934914,
            "brake": 0.0,
            "steer": 0.0
        },
        {
            "throttle": 0.4091413137455309,
            "brake": 0.0,
            "steer": 0.0
        },
        {
            "throttle": 0.36822718237097785,
            "brake": 0.02965272483583278,
            "steer": 0.0
        },
        {
            "throttle": 0.3314044641338801,
            "brake": 0.05634017718808228,
            "steer": 0.0
        },
        {
            "throttle": 0.2982640177204921,
            "brake": 0.08035888430510683,
            "steer": 0.0
        },
        {
            "throttle": 0.2684376159484429,
            "brake": 0.10197572071042893,
            "steer": 0.0
        },
        {
            "throttle": 0.24159385435359862,
            "brake": 0.12143087347521882,
            "steer": 0.0
        },
        {
            "throttle": 0.21743446891823875,
            "brake": 0.13894051096352972,
            "steer": 0.0
        },
        {
            "throttle": 0.1956910220264149,
            "brake": 0.15469918470300953,
            "steer": 0.0
        },
        {
            "throttle": 0.1761219198237734,
            "brake": 0.16888199106854138,
            "steer": 0.0
        },
        {
            "throttle": 0.20468951478708203,
            "brake": 0.15199379196168725,
            "steer": 0.0
        },
        {
            "throttle": 0.23005500086265754,
            "brake": 0.1367944127655185,
            "steer": 0.0
        },
        {
            "throttle": 0.25247159211219533,
            "brake": 0.12311497148896666,
            "steer": 0.0
        },
        {
            "throttle": 0.27217071679330646,
            "brake": 0.11080347434007,
            "steer": 0.0
        },
        {
            "throttle": 0.2893647400788788,
            "brake": 0.099723126906063,
            "steer": 0.0
        },
        {
            "throttle": 0.30424937952336134,
            "brake": 0.0897508142154567,
            "steer": 0.0
        },
        {
            "throttle": 0.3170058396355814,
            "brake": 0.08077573279391104,
            "steer": 0.0
        },
        {
            "throttle": 0.32780268961911535,
            "brake": 0.07269815951451994,
            "steer": 0.0
        },
        {
            "throttle": 0.3367975063070471,
            "brake": 0.06542834356306795,
            "steer": 0.0
        },
        {
            "throttle": 0.34413830251852884,
            "brake": 0.05888550920676116,
            "steer": 0.0
        },
        {
            "throttle": 0.3499647594729777,
            "brake": 0.05299695828608504,
            "steer": 0.0
        },
        {
            "throttle": 0.35440928048951303,
            "brake": 0.04769726245747654,
            "steer": 0.0
        },
        {
            "throttle": 0.357597881952127,
            "brake": 0.04292753621172889,
            "steer": 0.0
        },
        {
            "throttle": 0.3596509364148943,
            "brake": 0.038634782590556,
            "steer": 0.0
        },
        {
            "throttle": 0.360683781737954,
            "brake": 0.0347713043315004,
            "steer": 0.0
        },
        {
            "throttle": 0.3608072092674579,
            "brake": 0.03129417389835036,
            "steer": 0.0
        },
        {
            "throttle": 0.360127843286187,
            "brake": 0.028164756508515326,
            "steer": 0.0
        },
        {
            "throttle": 0.3587484232525664,
            "brake": 0.025348280857663795,
            "steer": 0.0
        },
        {
            "throttle": 0.3567679997022092,
            "brake": 0.022813452771897415,
            "steer": 0.0
        },
        {
            "throttle": 0.3542820540969935,
            "brake": 0.020532107494707675,
            "steer": 0.0
        },
        {
            "throttle": 0.3513825523623031,
            "brake": 0.01847889674523691,
            "steer": 0.0
        },
        {
            "throttle": 0.3481579413448187,
            "brake": 0.01663100707071322,
            "steer": 0.0
        },
        {
            "throttle": 0.3446930969435211,
            "brake": 0.014967906363641897,
            "steer": 0.0
        },
        {
            "throttle": 0.34106923220871144,
            "brake": 0.013471115727277707,
            "steer": 0.0
        },
        {
            "throttle": 0.3373637732620939,
            "brake": 0.012124004154549936,
            "steer": 0.0
        },
        {
            "throttle": 0.3336502104603768,
            "brake": 0.010911603739094942,
            "steer": 0.0
        },
        {
            "throttle": 0.3299979318012612,
            "brake": 0.009820443365185448,
            "steer": 0.0
        },
        {
            "throttle": 0.3264720451506784,
            "brake": 0.008838399028666902,
            "steer": 0.0
        },
        {
            "throttle": 0.32313319545094576,
            "brake": 0.007954559125800212,
            "steer": 0.0
        },
        {
            "throttle": 0.32003738264900605,
            "brake": 0.0071591032132201915,
            "steer": 0.0
        },
        {
            "throttle": 0.31723578566055916,
            "brake": 0.006443192891898173,
            "steer": 0.0
        },
        {
            "throttle": 0.3147745972586723,
            "brake": 0.005798873602708356,
            "steer": 0.0
        },
        {
            "throttle": 0.31269487434386745,
            "brake": 0.005218986242437521,
            "steer": 0.0
        },
        {
            "throttle": 0.3110324076166704,
            "brake": 0.004697087618193769,
            "steer": 0.0
        },
        {
            "throttle": 0.30981761423352633,
            "brake": 0.004227378856374392,
            "steer": 0.0
        },
        {
            "throttle": 0.30907545658357843,
            "brake": 0.003804640970736953,
            "steer": 0.0
        },
        {
            "throttle": 0.30882538987812513,
            "brake": 0.0034241768736632578,
            "steer": 0.0
        },
        {
            "throttle": 0.30908134079798577,
            "brake": 0.003081759186296932,
            "steer": 0.0
        },
        {
            "throttle": 0.3098517189981165,
            "brake": 0.002773583267667239,
            "steer": 0.0
        },
        {
            "throttle": 0.31113946282546506,
            "brake": 0.002496224940900515,
            "steer": 0.0
        },
        {
            "throttle": 0.31294212016723183,
            "brake": 0.0022466024468104635,
            "steer": 0.0
        },
        {
            "throttle": 0.31525196491456725,
            "brake": 0.002021942202129417,
            "steer": 0.0
        },
        {
            "throttle": 0.31805614910353264,
            "brake": 0.0018197479819164755,
            "steer": 0.0
        },
        {
            "throttle": 0.3213368903831975,
            "brake": 0.001637773183724828,
            "steer": 0.0
        },
        {
            "throttle": 0.3250716940624013,
            "brake": 0.0014739958653523452,
            "steer": 0.0
        },
        {
            "throttle": 0.3292336086043241,
            "brake": 0.0013265962788171107,
            "steer": 0.0
        },
        {
            "throttle": 0.33379151307391114,
            "brake": 0.0011939366509353996,
            "steer": 0.0
        },
        {
            "throttle": 0.33871043469964707,
            "brake": 0.0010745429858418597,
            "steer": 0.0
        },
        {
            "throttle": 0.34395189439034723,
            "brake": 0.0009670886872576738,
            "steer": 0.0
        },
        {
            "throttle": 0.3494742777515825,
            "brake": 0.0008703798185319064,
            "steer": 0.0
        },
        {
            "throttle": 0.3552332288769898,
            "brake": 0.0007833418366787158,
            "steer": 0.0
        },
        {
            "throttle": 0.3611820639487947,
            "brake": 0.0007050076530108442,
            "steer": 0.0
        },
        {
            "throttle": 0.3672722014709365,
            "brake": 0.0006345068877097598,
            "steer": 0.0
        },
        {
            "throttle": 0.37345360577859815,
            "brake": 0.0005710561989387839,
            "steer": 0.0
        },
        {
            "throttle": 0.37967524032083033,
            "brake": 0.0005139505790449054,
            "steer": 0.0
        },
        {
            "throttle": 0.38588552709920976,
            "brake": 0.0004625555211404149,
            "steer": 0.0
        },
        {
            "throttle": 0.3920328085657345,
            "brake": 0.00041629996902637343,
            "steer": 0.0
        },
        {
            "throttle": 0.39806580823781335,
            "brake": 0.0003746699721237361,
            "steer": 0.0
        },
        {
            "throttle": 0.40393408627737226,
            "brake": 0.0003372029749113625,
            "steer": 0.0
        },
        {
            "throttle": 0.40958848630463207,
            "brake": 0.00030348267742022624,
            "steer": 0.0
        },
        {
            "throttle": 0.4149815697745815,
            "brake": 0.00027313440967820365,
            "steer": 0.0
        },
        {
            "throttle": 0.4200680343348971,
            "brake": 0.0002458209687103833,
            "steer": 0.0
        },
        {
            "throttle": 0.4248051127070843,
            "brake": 0.00022123887183934495,
            "steer": 0.0
        },
        {
            "throttle": 0.42915294878672317,
            "brake": 0.00019911498465541045,
            "steer": 0.0
        },
        {
            "throttle": 0.43307494784242895,
            "brake": 0.0001792034861898694,
            "steer": 0.0
        },
        {
            "throttle": 0.4365380979047847,
            "brake": 0.00016128313757088247,
            "steer": 0.0
        },
        {
            "throttle": 0.43951325967412913,
            "brake": 0.0001451548238137942,
            "steer": 0.0
        },
        {
            "throttle": 0.44197542253755545,
            "brake": 0.0001306393414324148,
            "steer": 0.0
        },
        {
            "throttle": 0.4439039245684574,
            "brake": 0.00011757540728917333,
            "steer": 0.0
        },
        {
            "throttle": 0.44528263468393087,
            "brake": 0.000105817866560256,
            "steer": 0.0
        },
        {
            "throttle": 0.44610009545364737,
            "brake": 9.52360799042304e-05,
            "steer": 0.0
        },
        {
            "throttle": 0.44634962538565226,
            "brake": 8.571247191380737e-05,
            "steer": 0.0
        },
        {
            "throttle": 0.446029379857007,
            "brake": 7.714122472242663e-05,
            "steer": 0.0
        },
        {
            "throttle": 0.44514237020729086,
            "brake": 6.942710225018397e-05,
            "steer": 0.0
        },
        {
            "throttle": 0.4436964408676601,
            "brake": 6.248439202516558e-05,
            "steer": 0.0
        },
        {
            "throttle": 0.44170420475433875,
            "brake": 5.623595282264902e-05,
            "steer": 0.0
        },
        {
            "throttle": 0.4391829375099929,
            "brake": 5.061235754038412e-05,
            "steer": 0.0
        },
        {
            "throttle": 0.4361544315263446,
            "brake": 4.555112178634571e-05,
            "steer": 0.0
        },
        {
            "throttle": 0.43264481102357766,
            "brake": 4.099600960771114e-05,
            "steer": 0.0
        },
        {
            "throttle": 0.428684309793609,
            "brake": 3.6896408646940024e-05,
            "steer": 0.0
        },
        {
            "throttle": 0.42430701353228534,
            "brake": 3.3206767782246025e-05,
            "steer": 0.0
        },
        {
            "throttle": 0.4195505689872545,
            "brake": 2.988609100402142e-05,
            "steer": 0.0
        },
        {
            "throttle": 0.41445586243105514,
            "brake": 2.689748190361928e-05,
            "steer": 0.0
        },
        {
            "throttle": 0.40906667023041576,
            "brake": 2.4207733713257353e-05,
            "steer": 0.0
        },
        {
            "throttle": 0.40342928452060245,
            "brake": 2.178696034193162e-05,
            "steer": 0.0
        },
        {
            "throttle": 0.39759211720584103,
            "brake": 1.960826430773846e-05,
            "steer": 0.0
        },
        {
            "throttle": 0.3916052856915378,
            "brake": 1.7647437876964613e-05,
            "steer": 0.0
        },
        {
            "throttle": 0.38552018390963316,
            "brake": 1.588269408926815e-05,
            "steer": 0.0
        },
        {
            "throttle": 0.37938904232359677,
            "brake": 1.4294424680341336e-05,
            "steer": 0.0
        },
        {
            "throttle": 0.3732644806932349,
            "brake": 1.2864982212307203e-05,
            "steer": 0.0
        },
        {
            "throttle": 0.3671990574408091,
            "brake": 1.1578483991076483e-05,
            "steer": 0.0
        },
        {
            "throttle": 0.361244819488432,
            "brake": 1.0420635591968835e-05,
            "steer": 0.0
        },
        {
            "throttle": 0.35545285643205987,
            "brake": 9.378572032771952e-06,
            "steer": 0.0
        },
        {
            "throttle": 0.3498728628796692,
            "brake": 8.440714829494758e-06,
            "steer": 0.0
        },
        {
            "throttle": 0.3445527127107116,
            "brake": 7.596643346545282e-06,
            "steer": 0.0
        },
        {
            "throttle": 0.33953804891128087,
            "brake": 6.836979011890754e-06,
            "steer": 0.0
        },
        {
            "throttle": 0.3348718925054759,
            "brake": 6.153281110701679e-06,
            "steer": 0.0
        },
        {
            "throttle": 0.3305942739393474,
            "brake": 5.537952999631511e-06,
            "steer": 0.0
        },
        {
            "throttle": 0.32674189008097687,
            "brake": 4.98415769966836e-06,
            "steer": 0.0
        },
        {
            "throttle": 0.3233477897803042,
            "brake": 4.485741929701525e-06,
            "steer": 0.0
        },
        {
            "throttle": 0.32044109068717813,
            "brake": 4.037167736731372e-06,
            "steer": 0.0
        },
        {
            "throttle": 0.318046729757848,
            "brake": 3.633450963058235e-06,
            "steer": 0.0
        },
        {
            "throttle": 0.3161852495910486,
            "brake": 3.2701058667524115e-06,
            "steer": 0.0
        },
        {
            "throttle": 0.3148726224274228,
            "brake": 2.9430952800771703e-06,
            "steer": 0.0
        },
        {
            "throttle": 0.3141201133229163,
            "brake": 2.6487857520694532e-06,
            "steer": 0.0
        },
        {
            "throttle": 0.3139341836707338,
            "brake": 2.383907176862508e-06,
            "steer": 0.0
        },
        {
            "throttle": 0.2825407653036604,
            "brake": 0.029654870352291956,
            "steer": 0.0
        },
        {
            "throttle": 0.25428668877329436,
            "brake": 0.056342108152895545,
            "steer": 0.0
        },
        {
            "throttle": 0.22885801989596494,
            "brake": 0.08036062217343877,
            "steer": 0.0
        },
        {
            "throttle": 0.20597221790636844,
            "brake": 0.10197728479192768,
            "steer": 0.0
        },
        {
            "throttle": 0.1853749961157316,
            "brake": 0.12143228114856769,
            "steer": 0.0
        }
    ],
    "parameters": {
        "fog_density": 32.302974571717726,
        "precipitation": 99.60554712854307,
        "precipitation_deposits": 59.77474715985369,
        "wind_intensity": 37.82926374323469,
        "sun_altitude_angle": 38.78169796183022,
        "cloudiness": 12.185690581350661,
        "lead_base_throttle": 0.3802080705239834,
        "lead_behavior_frequency": 0.14742668304772538,
        "lead_throttle_variation": 0.08822002555065556,
        "lead_brake_probability": 0.27167511005183215,
        "lead_brake_intensity": 0.2965272483583278,
        "lead_brake_duration": 8.505132279526894,
        "initial_distance": 47.043602837538494,
        "initial_ego_velocity": 11.811533540924067,
        "initial_lead_velocity": 19.439997145518475
    },
    "config": {
        "num_timesteps": 200,
        "dt": 0.1,
        "seed": 65
    }
}