{
    "weather": {
        "cloudiness": 7.995234894709458,
        "precipitation": 84.80580895971622,
        "precipitation_deposits": 50.9205562191121,
        "wind_intensity": 5.265261819435524,
        "sun_altitude_angle": 48.69456644619699,
        "fog_density": 60.36436321533675,
        "fog_distance": 133.70151808695346,
        "wetness": 42.40290447985811
    },
    "initial_conditions": {
        "ego": {
            "position": {
                "x": 505.4473736789933,
                "y": 20.57,
                "z": 0.294
            },
            "yaw": 0.0,
            "velocity": 12.089822921257973
        },
        "lead": {
            "position": {
                "x": 484.88,
                "y": 20.57,
                "z": 0.294
            },
            "yaw": 0.0,
            "velocity": 7.579334879639978
        }
    },
    "ego": {
        "position": {
            "x": 505.4473736789933,
            "y": 20.57,
            "z": 0.294
        },
        "yaw": 0.0,
        "velocity": 12.089822921257973
    },
    "lead": {
        "position": {
            "x": 484.88,
            "y": 20.57,
            "z": 0.294
        },
        "yaw": 0.0,
        "velocity": 7.579334879639978
    },
    "ado_actions": [
        {
            "throttle": 0.31242142643518095,
            "brake": 0.0,
            "steer": 0.0
        },
        {
            "throttle": 0.31425646856898914,
            "brake": 0.0,
            "steer": 0.0
        },
        {
            "throttle": 0.317706963640191,
            "brake": 0.0,
            "steer": 0.0
        },
        {
            "throttle": 0.3225399059781366,
            "brake": 0.0,
            "steer": 0.0
        },
        {
            "throttle": 0.3285116203100403,
            "brake": 0.0,
            "steer": 0.0
        },
        {
            "throttle": 0.3353709019485049,
            "brake": 0.0,
            "steer": 0.0
        },
        {
            "throttle": 0.3428624701941785,
            "brake": 0.0,
            "steer": 0.0
        },
        {
            "throttle": 0.35073065052910984,
            "brake": 0.0,
            "steer": 0.0
        },
        {
            "throttle": 0.35872319832887833,
            "brake": 0.0,
            "steer": 0.0
        },
        {
            "throttle": 0.36659517552507587,
            "brake": 0.0,
            "steer": 0.0
        },
        {
            "throttle": 0.3741127919462294,
            "brake": 0.0,
            "steer": 0.0
        },
        {
            "throttle": 0.3810571249638004,
            "brake": 0.0,
            "steer": 0.0
        },
        {
            "throttle": 0.38722763454652726,
            "brake": 0.0,
            "steer": 0.0
        },
        {
            "throttle": 0.39244539582476384,
            "brake": 0.0,
            "steer": 0.0
        },
        {
            "throttle": 0.3965559776991558,
            "brake": 0.0,
            "steer": 0.0
        },
        {
            "throttle": 0.3994319037782438,
            "brake": 0.0,
            "steer": 0.0
        },
        {
            "throttle": 0.40097464085376155,
            "brake": 0.0,
            "steer": 0.0
        },
        {
            "throttle": 0.40111607005291994,
            "brake": 0.0,
            "steer": 0.0
        },
        {
            "throttle": 0.3998194065556646,
            "brake": 0.0,
            "steer": 0.0
        },
        {
            "throttle": 0.39707954512679844,
            "brake": 0.0,
            "steer": 0.0
        },
        {
            "throttle": 0.39292282047030186,
            "brake": 0.0,
            "steer": 0.0
        },
        {
            "throttle": 0.3874061833401489,
            "brake": 0.0,
            "steer": 0.0
        },
        {
            "throttle": 0.38061580520852645,
            "brake": 0.0,
            "steer": 0.0
        },
        {
            "throttle": 0.3726651358694701,
            "brake": 0.0,
            "steer": 0.0
        },
        {
            "throttle": 0.3636924494196567,
            "brake": 0.0,
            "steer": 0.0
        },
        {
            "throttle": 0.3538579243942719,
            "brake": 0.0,
            "steer": 0.0
        },
        {
            "throttle": 0.34334031324431513,
            "brake": 0.0,
            "steer": 0.0
        },
        {
            "throttle": 0.33233326464015345,
            "brake": 0.0,
            "steer": 0.0
        },
        {
            "throttle": 0.3210413691138819,
            "brake": 0.0,
            "steer": 0.0
        },
        {
            "throttle": 0.3096760041741331,
            "brake": 0.0,
            "steer": 0.0
        },
        {
            "throttle": 0.2984510591328679,
            "brake": 0.0,
            "steer": 0.0
        },
        {
            "throttle": 0.28757862239544507,
            "brake": 0.0,
            "steer": 0.0
        },
        {
            "throttle": 0.27726471483514104,
            "brake": 0.0,
            "steer": 0.0
        },
        {
            "throttle": 0.26770515208563306,
            "brake": 0.0,
            "steer": 0.0
        },
        {
            "throttle": 0.2590816161565717,
            "brake": 0.0,
            "steer": 0.0
        },
        {
            "throttle": 0.2515580127571959,
            "brake": 0.0,
            "steer": 0.0
        },
        {
            "throttle": 0.24527718518110117,
            "brake": 0.0,
            "steer": 0.0
        },
        {
            "throttle": 0.2403580486715048,
            "brake": 0.0,
            "steer": 0.0
        },
        {
            "throttle": 0.2368932009878696,
            "brake": 0.0,
            "steer": 0.0
        },
        {
            "throttle": 0.23494705559354873,
            "brake": 0.0,
            "steer": 0.0
        },
        {
            "throttle": 0.23455453366379903,
            "brake": 0.0,
            "steer": 0.0
        },
        {
            "throttle": 0.23572034017568733,
            "brake": 0.0,
            "steer": 0.0
        },
        {
            "throttle": 0.23841883790173385,
            "brake": 0.0,
            "steer": 0.0
        },
        {
            "throttle": 0.24259452141306587,
            "brake": 0.0,
            "steer": 0.0
        },
        {
            "throttle": 0.24816308143624044,
            "brake": 0.0,
            "steer": 0.0
        },
        {
            "throttle": 0.25501303833243627,
            "brake": 0.0,
            "steer": 0.0
        },
        {
            "throttle": 0.2630079123064089,
            "brake": 0.0,
            "steer": 0.0
        },
        {
            "throttle": 0.2719888874252629,
            "brake": 0.0,
            "steer": 0.0
        },
        {
            "throttle": 0.28177791684103826,
            "brake": 0.0,
            "steer": 0.0
        },
        {
            "throttle": 0.2921812079570745,
            "brake": 0.0,
            "steer": 0.0
        },
        {
            "throttle": 0.3029930188265259,
            "brake": 0.0,
            "steer": 0.0
        },
        {
            "throttle": 0.31399969096900804,
            "brake": 0.0,
            "steer": 0.0
        },
        {
            "throttle": 0.3249838391583528,
            "brake": 0.0,
            "steer": 0.0
        },
        {
            "throttle": 0.33572861566212336,
            "brake": 0.0,
            "steer": 0.0
        },
        {
            "throttle": 0.3460219649624645,
            "brake": 0.0,
            "steer": 0.0
        },
        {
            "throttle": 0.3556607851867193,
            "brake": 0.0,
            "steer": 0.0
        },
        {
            "throttle": 0.3644549143212454,
            "brake": 0.0,
            "steer": 0.0
        },
        {
            "throttle": 0.3722308627368545,
            "brake": 0.0,
            "steer": 0.0
        },
        {
            "throttle": 0.3788352185514363,
            "brake": 0.0,
            "steer": 0.0
        },
        {
            "throttle": 0.38413765879644524,
            "brake": 0.0,
            "steer": 0.0
        },
        {
            "throttle": 0.3880335071124511,
            "brake": 0.0,
            "steer": 0.0
        },
        {
            "throttle": 0.39044578762238663,
            "brake": 0.0,
            "steer": 0.0
        },
        {
            "throttle": 0.3913267345440677,
            "brake": 0.0,
            "steer": 0.0
        },
        {
            "throttle": 0.39065872781114475,
            "brake": 0.0,
            "steer": 0.0
        },
        {
            "throttle": 0.3884546362633584,
            "brake": 0.0,
            "steer": 0.0
        },
        {
            "throttle": 0.3847575616208335,
            "brake": 0.0,
            "steer": 0.0
        },
        {
            "throttle": 0.37963998824402445,
            "brake": 0.0,
            "steer": 0.0
        },
        {
            "throttle": 0.37320235536908475,
            "brake": 0.0,
            "steer": 0.0
        },
        {
            "throttle": 0.3655710798680707,
            "brake": 0.0,
            "steer": 0.0
        },
        {
            "throttle": 0.3568960683911523,
            "brake": 0.0,
            "steer": 0.0
        },
        {
            "throttle": 0.3473477677914004,
            "brake": 0.0,
            "steer": 0.0
        },
        {
            "throttle": 0.337113811814274,
            "brake": 0.0,
            "steer": 0.0
        },
        {
            "throttle": 0.32639532997508575,
            "brake": 0.0,
            "steer": 0.0
        },
        {
            "throttle": 0.3154029911923447,
            "brake": 0.0,
            "steer": 0.0
        },
        {
            "throttle": 0.3043528599623161,
            "brake": 0.0,
            "steer": 0.0
        },
        {
            "throttle": 0.29346214654781827,
            "brake": 0.0,
            "steer": 0.0
        },
        {
            "throttle": 0.2829449347397025,
            "brake": 0.0,
            "steer": 0.0
        },
        {
            "throttle": 0.2730079711916284,
            "brake": 0.0,
            "steer": 0.0
        },
        {
            "throttle": 0.263846599118982,
            "brake": 0.0,
            "steer": 0.0
        },
        {
            "throttle": 0.25564091631488295,
            "brake": 0.0,
            "steer": 0.0
        },
        {
            "throttle": 0.24855223302600538,
            "brake": 0.0,
            "steer": 0.0
        },
        {
            "throttle": 0.24271989933513252,
            "brake": 0.0,
            "steer": 0.0
        },
        {
            "throttle": 0.23825856443191937,
            "brake": 0.0,
            "steer": 0.0
        },
        {
            "throttle": 0.23525592166113063,
            "brake": 0.0,
            "steer": 0.0
        },
        {
            "throttle": 0.2337709836856539,
            "brake": 0.0,
            "steer": 0.0
        },
        {
            "throttle": 0.23383292167769995,
            "brake": 0.0,
            "steer": 0.0
        },
        {
            "throttle": 0.2354404913607768,
            "brake": 0.0,
            "steer": 0.0
        },
        {
            "throttle": 0.23856205718536386,
            "brake": 0.0,
            "steer": 0.0
        },
        {
            "throttle": 0.24313621415963874,
            "brake": 0.0,
            "steer": 0.0
        },
        {
            "throttle": 0.2490729951044125,
            "brake": 0.0,
            "steer": 0.0
        },
        {
            "throttle": 0.25625563958971204,
            "brake": 0.0,
            "steer": 0.0
        },
        {
            "throttle": 0.2645428897655843,
            "brake": 0.0,
            "steer": 0.0
        },
        {
            "throttle": 0.2737717679388812,
            "brake": 0.0,
            "steer": 0.0
        },
        {
            "throttle": 0.2837607812747558,
            "brake": 0.0,
            "steer": 0.0
        },
        {
            "throttle": 0.29431349060264655,
            "brake": 0.0,
            "steer": 0.0
        },
        {
            "throttle": 0.30522237314680534,
            "brake": 0.0,
            "steer": 0.0
        },
        {
            "throttle": 0.31627290322173446,
            "brake": 0.0,
            "steer": 0.0
        },
        {
            "throttle": 0.3272477706468909,
            "brake": 0.0,
            "steer": 0.0
        },
        {
            "throttle": 0.3379311539269757,
            "brake": 0.0,
            "steer": 0.0
        },
        {
            "throttle": 0.34811296416730847,
            "brake": 0.0,
            "steer": 0.0
        },
        {
            "throttle": 0.35759297626936604,
            "brake": 0.0,
            "steer": 0.0
        },
        {
            "throttle": 0.36618476616822127,
            "brake": 0.0,
            "steer": 0.0
        },
        {
            "throttle": 0.3737193766877696,
            "brake": 0.0,
            "steer": 0.0
        },
        {
            "throttle": 0.3800486399262705,
            "brake": 0.0,
            "steer": 0.0
        },
        {
            "throttle": 0.38504809083891833,
            "brake": 0.0,
            "steer": 0.0
        },
        {
            "throttle": 0.38861941472307937,
            "brake": 0.0,
            "steer": 0.0
        },
        {
            "throttle": 0.39069238047740523,
            "brake": 0.0,
            "steer": 0.0
        },
        {
            "throttle": 0.3912262216180233,
            "brake": 0.0,
            "steer": 0.0
        },
        {
            "throttle": 0.39021043789456966,
            "brake": 0.0,
            "steer": 0.0
        },
        {
            "throttle": 0.3876650017424198,
            "brake": 0.0,
            "steer": 0.0
        },
        {
            "throttle": 0.3836399655110393,
            "brake": 0.0,
            "steer": 0.0
        },
        {
            "throttle": 0.37821447719178225,
            "brake": 0.0,
            "steer": 0.0
        },
        {
            "throttle": 0.3714952239999897,
            "brake": 0.0,
            "steer": 0.0
        },
        {
            "throttle": 0.3636143344171627,
            "brake": 0.0,
            "steer": 0.0
        },
        {
            "throttle": 0.3547267799480599,
            "brake": 0.0,
            "steer": 0.0
        },
        {
            "throttle": 0.3450073276853911,
            "brake": 0.0,
            "steer": 0.0
        },
        {
            "throttle": 0.3346471036078903,
            "brake": 0.0,
            "steer": 0.0
        },
        {
            "throttle": 0.32384983419226154,
            "brake": 0.0,
            "steer": 0.0
        },
        {
            "throttle": 0.31282784024526533,
            "brake": 0.0,
            "steer": 0.0
        },
        {
            "throttle": 0.30179786173466694,
            "brake": 0.0,
            "steer": 0.0
        },
        {
            "throttle": 0.290976795721086,
            "brake": 0.0,
            "steer": 0.0
        },
        {
            "throttle": 0.2805774312016141,
            "brake": 0.0,
            "steer": 0.0
        },
        {
            "throttle": 0.27080426473680613,
            "brake": 0.0,
            "steer": 0.0
        },
        {
            "throttle": 0.26184947914410395,
            "brake": 0.0,
            "steer": 0.0
        },
        {
            "throttle": 0.2538891643341576,
            "brake": 0.0,
            "steer": 0.0
        },
        {
            "throttle": 0.2470798546049248,
            "brake": 0.0,
            "steer": 0.0
        },
        {
            "throttle": 0.24155545048548568,
            "brake": 0.0,
            "steer": 0.0
        },
        {
            "throttle": 0.237424585659582,
            "brake": 0.0,
            "steer": 0.0
        },
        {
            "throttle": 0.23476849074667305,
            "brake": 0.0,
            "steer": 0.0
        },
        {
            "throttle": 0.23363939594790675,
            "brake": 0.0,
            "steer": 0.0
        },
        {
            "throttle": 0.23405950396795788,
            "brake": 0.0,
            "steer": 0.0
        },
        {
            "throttle": 0.236020553409564,
            "brake": 0.0,
            "steer": 0.0
        },
        {
            "throttle": 0.2394839812263071,
            "brake": 0.0,
            "steer": 0.0
        },
        {
            "throttle": 0.24438168103907804,
            "brake": 0.0,
            "steer": 0.0
        },
        {
            "throttle": 0.2506173424043678,
            "brake": 0.0,
            "steer": 0.0
        },
        {
            "throttle": 0.25806834469846973,
            "brake": 0.0,
            "steer": 0.0
        },
        {
            "throttle": 0.2665881683754956,
            "brake": 0.0,
            "steer": 0.0
        },
        {
            "throttle": 0.27600927618327015,
            "brake": 0.0,
            "steer": 0.0
        },
        {
            "throttle": 0.28614640767973687,
            "brake": 0.0,
            "steer": 0.0
        },
        {
            "throttle": 0.29680022226520564,
            "brake": 0.0,
            "steer": 0.0
        },
        {
            "throttle": 0.3077612190924246,
            "brake": 0.0,
            "steer": 0.0
        },
        {
            "throttle": 0.31881385677182633,
            "brake": 0.0,
            "steer": 0.0
        },
        {
            "throttle": 0.32974079186044847,
            "brake": 0.0,
            "steer": 0.0
        },
        {
            "throttle": 0.3403271527872232,
            "brake": 0.0,
            "steer": 0.0
        },
        {
            "throttle": 0.3503647651704955,
            "brake": 0.0,
            "steer": 0.0
        },
        {
            "throttle": 0.3596562454394726,
            "brake": 0.0,
            "steer": 0.0
        },
        {
            "throttle": 0.3680188822610327,
            "brake": 0.0,
            "steer": 0.0
        },
        {
            "throttle": 0.3752882294459964,
            "brake": 0.0,
            "steer": 0.0
        },
        {
            "throttle": 0.3813213396825492,
            "brake": 0.0,
            "steer": 0.0
        },
        {
            "throttle": 0.38599957550741537,
            "brake": 0.0,
            "steer": 0.0
        },
        {
            "throttle": 0.3892309422387469,
            "brake": 0.0,
            "steer": 0.0
        },
        {
            "throttle": 0.39095189699502286,
            "brake": 0.0,
            "steer": 0.0
        },
        {
            "throttle": 0.39112859822670376,
            "brake": 0.0,
            "steer": 0.0
        },
        {
            "throttle": 0.389757571189359,
            "brake": 0.0,
            "steer": 0.0
        },
        {
            "throttle": 0.38686577627214347,
            "brake": 0.0,
            "steer": 0.0
        },
        {
            "throttle": 0.3825100788379816,
            "brake": 0.0,
            "steer": 0.0
        },
        {
            "throttle": 0.37677613100072516,
            "brake": 0.0,
            "steer": 0.0
        },
        {
            "throttle": 0.36977668732845304,
            "brake": 0.0,
            "steer": 0.0
        },
        {
            "throttle": 0.36164938759357623,
            "brake": 0.0,
            "steer": 0.0
        },
        {
            "throttle": 0.35255405017061164,
            "brake": 0.0,
            "steer": 0.0
        },
        {
            "throttle": 0.34266952930530326,
            "brake": 0.0,
            "steer": 0.0
        },
        {
            "throttle": 0.33219019805497274,
            "brake": 0.0,
            "steer": 0.0
        },
        {
            "throttle": 0.32132212606092886,
            "brake": 0.0,
            "steer": 0.0
        },
        {
            "throttle": 0.31027902731470536,
            "brake": 0.0,
            "steer": 0.0
        },
        {
            "throttle": 0.2992780576028298,
            "brake": 0.0,
            "steer": 0.0
        },
        {
            "throttle": 0.2885355442708038,
            "brake": 0.0,
            "steer": 0.0
        },
        {
            "throttle": 0.2782627322778786,
            "brake": 0.0,
            "steer": 0.0
        },
        {
            "throttle": 0.26866163019385925,
            "brake": 0.0,
            "steer": 0.0
        },
        {
            "throttle": 0.25992103782387393,
            "brake": 0.0,
            "steer": 0.0
        },
        {
            "throttle": 0.2522128335754411,
            "brake": 0.0,
            "steer": 0.0
        },
        {
            "throttle": 0.24568859457449255,
            "brake": 0.0,
            "steer": 0.0
        },
        {
            "throttle": 0.24047661599370737,
            "brake": 0.0,
            "steer": 0.0
        },
        {
            "throttle": 0.236679388206244,
            "brake": 0.0,
            "steer": 0.0
        },
        {
            "throttle": 0.23437158137510178,
            "brake": 0.0,
            "steer": 0.0
        },
        {
            "throttle": 0.23359857710993048,
            "brake": 0.0,
            "steer": 0.0
        },
        {
            "throttle": 0.23437557606536047,
            "brake": 0.0,
            "steer": 0.0
        },
        {
            "throttle": 0.23668729902938662,
            "brake": 0.0,
            "steer": 0.0
        },
        {
            "throttle": 0.24048828737972008,
            "brake": 0.0,
            "steer": 0.0
        },
        {
            "throttle": 0.24570379699981737,
            "brake": 0.0,
            "steer": 0.0
        },
        {
            "throttle": 0.2522312680762734,
            "brake": 0.0,
            "steer": 0.0
        },
        {
            "throttle": 0.2599423418749097,
            "brake": 0.0,
            "steer": 0.0
        },
        {
            "throttle": 0.2686853848368885,
            "brake": 0.0,
            "steer": 0.0
        },
        {
            "throttle": 0.2782884703600419,
            "brake": 0.0,
            "steer": 0.0
        },
        {
            "throttle": 0.2885627596305091,
            "brake": 0.0,
            "steer": 0.0
        },
        {
            "throttle": 0.2993062150226896,
            "brake": 0.0,
            "steer": 0.0
        },
        {
            "throttle": 0.3103075730457717,
            "brake": 0.0,
            "steer": 0.0
        },
        {
            "throttle": 0.32135049871126703,
            "brake": 0.0,
            "steer": 0.0
        },
        {
            "throttle": 0.33221783962845136,
            "brake": 0.0,
            "steer": 0.0
        },
        {
            "throttle": 0.34269589617352203,
            "brake": 0.0,
            "steer": 0.0
        },
        {
            "throttle": 0.3525786237622027,
            "brake": 0.0,
            "steer": 0.0
        },
        {
            "throttle": 0.3616716845906712,
            "brake": 0.0,
            "steer": 0.0
        },
        {
            "throttle": 0.3697962691697981,
            "brake": 0.0,
            "steer": 0.0
        },
        {
            "throttle": 0.3767926125045601,
            "brake": 0.0,
            "steer": 0.0
        },
        {
            "throttle": 0.3825231357751062,
            "brake": 0.0,
            "steer": 0.0
        },
        {
            "throttle": 0.3868751517402368,
            "brake": 0.0,
            "steer": 0.0
        },
        {
            "throttle": 0.38976308066318843,
            "brake": 0.0,
            "steer": 0.0
        },
        {
            "throttle": 0.39113013318489726,
            "brake": 0.0,
            "steer": 0.0
        },
        {
            "throttle": 0.3909494270520647,
            "brake": 0.0,
            "steer": 0.0
        },
        {
            "throttle": 0.3892245157402514,
            "brake": 0.0,
            "steer": 0.0
        },
        {
            "throttle": 0.385989318576948,
            "brake": 0.0,
            "steer": 0.0
        }
    ],
    "parameters": {
        "fog_density": 60.36436321533675,
        "precipitation": 84.80580895971622,
        "precipitation_deposits": 50.9205562191121,
        "wind_intensity": 5.265261819435524,
        "sun_altitude_angle": 48.69456644619699,
        "cloudiness": 7.995234894709458,
        "lead_base_throttle": 0.31242142643518095,
        "lead_behavior_frequency": 0.22336588649799904,
        "lead_throttle_variation": 0.1311825164060799,
        "lead_brake_probability": 0.04038201521585544,
        "lead_brake_intensity": 0.25575902297909003,
        "lead_brake_duration": 13.730840403217815,
        "initial_distance": 20.56737367899333,
        "initial_ego_velocity": 12.089822921257973,
        "initial_lead_velocity": 7.579334879639978
    },
    "config": {
        "num_timesteps": 200,
        "dt": 0.1,
        "seed": 201
    }
}