{
    "weather": {
        "cloudiness": 5.289813389616405,
        "precipitation": 64.95077297325282,
        "precipitation_deposits": 39.472876543834346,
        "wind_intensity": 33.505292050029055,
        "sun_altitude_angle": 26.53379560078644,
        "fog_density": 49.98399395047432,
        "fog_distance": 188.97640146674192,
        "wetness": 32.47538648662641
    },
    "initial_conditions": {
        "ego": {
            "position": {
                "x": 506.47978602052416,
                "y": 20.57,
                "z": 0.294
            },
            "yaw": 0.0,
            "velocity": 5.923066116289578
        },
        "lead": {
            "position": {
                "x": 484.88,
                "y": 20.57,
                "z": 0.294
            },
            "yaw": 0.0,
            "velocity": 11.104014015393167
        }
    },
    "ego": {
        "position": {
            "x": 506.47978602052416,
            "y": 20.57,
            "z": 0.294
        },
        "yaw": 0.0,
        "velocity": 5.923066116289578
    },
    "lead": {
        "position": {
            "x": 484.88,
            "y": 20.57,
            "z": 0.294
        },
        "yaw": 0.0,
        "velocity": 11.104014015393167
    },
    "ado_actions": [
        {
            "throttle": 0.21111585903755606,
            "brake": 0.0,
            "steer": 0.0
        },
        {
            "throttle": 0.2113206206746054,
            "brake": 0.0,
            "steer": 0.0
        },
        {
            "throttle": 0.21170883064982776,
            "brake": 0.0,
            "steer": 0.0
        },
        {
            "throttle": 0.21226047328155645,
            "brake": 0.0,
            "steer": 0.0
        },
        {
            "throttle": 0.212956707574607,
            "brake": 0.0,
            "steer": 0.0
        },
        {
            "throttle": 0.21377975996319656,
            "brake": 0.0,
            "steer": 0.0
        },
        {
            "throttle": 0.21471283111839595,
            "brake": 0.0,
            "steer": 0.0
        },
        {
            "throttle": 0.2157400153582631,
            "brake": 0.0,
            "steer": 0.0
        },
        {
            "throttle": 0.2168462313315671,
            "brake": 0.0,
            "steer": 0.0
        },
        {
            "throttle": 0.21801716276577926,
            "brake": 0.0,
            "steer": 0.0
        },
        {
            "throttle": 0.21923920817813197,
            "brake": 0.0,
            "steer": 0.0
        },
        {
            "throttle": 0.22049943854624754,
            "brake": 0.0,
            "steer": 0.0
        },
        {
            "throttle": 0.22178556202320537,
            "brake": 0.0,
            "steer": 0.0
        },
        {
            "throttle": 0.2230858948619368,
            "brake": 0.0,
            "steer": 0.0
        },
        {
            "throttle": 0.22438933778638626,
            "brake": 0.0,
            "steer": 0.0
        },
        {
            "throttle": 0.22568535711275295,
            "brake": 0.0,
            "steer": 0.0
        },
        {
            "throttle": 0.22696396998403662,
            "brake": 0.0,
            "steer": 0.0
        },
        {
            "throttle": 0.22821573313568916,
            "brake": 0.0,
            "steer": 0.0
        },
        {
            "throttle": 0.22943173465999525,
            "brake": 0.0,
            "steer": 0.0
        },
        {
            "throttle": 0.230603588282375,
            "brake": 0.0,
            "steer": 0.0
        },
        {
            "throttle": 0.23172342970458024,
            "brake": 0.0,
            "steer": 0.0
        },
        {
            "throttle": 0.2327839146081485,
            "brake": 0.0,
            "steer": 0.0
        },
        {
            "throttle": 0.2337782179468502,
            "brake": 0.0,
            "steer": 0.0
        },
        {
            "throttle": 0.23470003418953625,
            "brake": 0.0,
            "steer": 0.0
        },
        {
            "throttle": 0.23554357820505817,
            "brake": 0.0,
            "steer": 0.0
        },
        {
            "throttle": 0.23630358650903904,
            "brake": 0.0,
            "steer": 0.0
        },
        {
            "throttle": 0.23697531861845667,
            "brake": 0.0,
            "steer": 0.0
        },
        {
            "throttle": 0.23755455828445216,
            "brake": 0.0,
            "steer": 0.0
        },
        {
            "throttle": 0.23803761439668097,
            "brake": 0.0,
            "steer": 0.0
        },
        {
            "throttle": 0.23842132137402997,
            "brake": 0.0,
            "steer": 0.0
        },
        {
            "throttle": 0.23870303887677177,
            "brake": 0.0,
            "steer": 0.0
        },
        {
            "throttle": 0.2388806506943359,
            "brake": 0.0,
            "steer": 0.0
        },
        {
            "throttle": 0.23895256268094484,
            "brake": 0.0,
            "steer": 0.0
        },
        {
            "throttle": 0.23891769962848747,
            "brake": 0.0,
            "steer": 0.0
        },
        {
            "throttle": 0.2387755009822521,
            "brake": 0.0,
            "steer": 0.0
        },
        {
            "throttle": 0.23852591532059012,
            "brake": 0.0,
            "steer": 0.0
        },
        {
            "throttle": 0.23816939353427796,
            "brake": 0.0,
            "steer": 0.0
        },
        {
            "throttle": 0.23770688065534182,
            "brake": 0.0,
            "steer": 0.0
        },
        {
            "throttle": 0.23713980629844314,
            "brake": 0.0,
            "steer": 0.0
        },
        {
            "throttle": 0.2364700736906257,
            "brake": 0.0,
            "steer": 0.0
        },
        {
            "throttle": 0.2357000472773246,
            "brake": 0.0,
            "steer": 0.0
        },
        {
            "throttle": 0.23483253890405287,
            "brake": 0.0,
            "steer": 0.0
        },
        {
            "throttle": 0.23387079258413015,
            "brake": 0.0,
            "steer": 0.0
        },
        {
            "throttle": 0.23281846787321164,
            "brake": 0.0,
            "steer": 0.0
        },
        {
            "throttle": 0.2316796218812229,
            "brake": 0.0,
            "steer": 0.0
        },
        {
            "throttle": 0.2304586899616133,
            "brake": 0.0,
            "steer": 0.0
        },
        {
            "throttle": 0.22916046512661198,
            "brake": 0.0,
            "steer": 0.0
        },
        {
            "throttle": 0.22779007624540382,
            "brake": 0.0,
            "steer": 0.0
        },
        {
            "throttle": 0.22635296508984445,
            "brake": 0.0,
            "steer": 0.0
        },
        {
            "throttle": 0.2248548622994952,
            "brake": 0.0,
            "steer": 0.0
        },
        {
            "throttle": 0.22330176234438365,
            "brake": 0.0,
            "steer": 0.0
        },
        {
            "throttle": 0.2216998975699795,
            "brake": 0.0,
            "steer": 0.0
        },
        {
            "throttle": 0.22005571141441396,
            "brake": 0.0,
            "steer": 0.0
        },
        {
            "throttle": 0.21837583089296417,
            "brake": 0.0,
            "steer": 0.0
        },
        {
            "throttle": 0.21666703844926655,
            "brake": 0.0,
            "steer": 0.0
        },
        {
            "throttle": 0.21493624327661615,
            "brake": 0.0,
            "steer": 0.0
        },
        {
            "throttle": 0.21319045221604646,
            "brake": 0.0,
            "steer": 0.0
        },
        {
            "throttle": 0.2114367403406715,
            "brake": 0.0,
            "steer": 0.0
        },
        {
            "throttle": 0.20968222133800252,
            "brake": 0.0,
            "steer": 0.0
        },
        {
            "throttle": 0.20793401780363419,
            "brake": 0.0,
            "steer": 0.0
        },
        {
            "throttle": 0.2061992315608256,
            "brake": 0.0,
            "steer": 0.0
        },
        {
            "throttle": 0.20448491412108813,
            "brake": 0.0,
            "steer": 0.0
        },
        {
            "throttle": 0.20279803740093968,
            "brake": 0.0,
            "steer": 0.0
        },
        {
            "throttle": 0.201145464809497,
            "brake": 0.0,
            "steer": 0.0
        },
        {
            "throttle": 0.1995339228205675,
            "brake": 0.0,
            "steer": 0.0
        },
        {
            "throttle": 0.1979699731413752,
            "brake": 0.0,
            "steer": 0.0
        },
        {
            "throttle": 0.1964599855880246,
            "brake": 0.0,
            "steer": 0.0
        },
        {
            "throttle": 0.19501011177528532,
            "brake": 0.0,
            "steer": 0.0
        },
        {
            "throttle": 0.19362625972528227,
            "brake": 0.0,
            "steer": 0.0
        },
        {
            "throttle": 0.19231406949621718,
            "brake": 0.0,
            "steer": 0.0
        },
        {
            "throttle": 0.191078889928345,
            "brake": 0.0,
            "steer": 0.0
        },
        {
            "throttle": 0.18992575660010355,
            "brake": 0.0,
            "steer": 0.0
        },
        {
            "throttle": 0.18885937108256287,
            "brake": 0.0,
            "steer": 0.0
        },
        {
            "throttle": 0.18788408157525002,
            "brake": 0.0,
            "steer": 0.0
        },
        {
            "throttle": 0.18700386500093202,
            "brake": 0.0,
            "steer": 0.0
        },
        {
            "throttle": 0.18622231063113448,
            "brake": 0.0,
            "steer": 0.0
        },
        {
            "throttle": 0.18554260530805725,
            "brake": 0.0,
            "steer": 0.0
        },
        {
            "throttle": 0.18496752032215003,
            "brake": 0.0,
            "steer": 0.0
        },
        {
            "throttle": 0.1844993999979579,
            "brake": 0.0,
            "steer": 0.0
        },
        {
            "throttle": 0.18414015203396625,
            "brake": 0.0,
            "steer": 0.0
        },
        {
            "throttle": 0.18389123963509757,
            "brake": 0.0,
            "steer": 0.0
        },
        {
            "throttle": 0.18375367546926705,
            "brake": 0.0,
            "steer": 0.0
        },
        {
            "throttle": 0.1837280174720234,
            "brake": 0.0,
            "steer": 0.0
        },
        {
            "throttle": 0.18381436651581293,
            "brake": 0.0,
            "steer": 0.0
        },
        {
            "throttle": 0.18401236595284343,
            "brake": 0.0,
            "steer": 0.0
        },
        {
            "throttle": 0.18432120303291996,
            "brake": 0.0,
            "steer": 0.0
        },
        {
            "throttle": 0.1847396121900083,
            "brake": 0.0,
            "steer": 0.0
        },
        {
            "throttle": 0.18526588018368728,
            "brake": 0.0,
            "steer": 0.0
        },
        {
            "throttle": 0.18589785307410694,
            "brake": 0.0,
            "steer": 0.0
        },
        {
            "throttle": 0.1866329450016114,
            "brake": 0.0,
            "steer": 0.0
        },
        {
            "throttle": 0.18746814873483764,
            "brake": 0.0,
            "steer": 0.0
        },
        {
            "throttle": 0.18840004794390297,
            "brake": 0.0,
            "steer": 0.0
        },
        {
            "throttle": 0.18942483114826572,
            "brake": 0.0,
            "steer": 0.0
        },
        {
            "throttle": 0.19053830728202192,
            "brake": 0.0,
            "steer": 0.0
        },
        {
            "throttle": 0.19173592281280905,
            "brake": 0.0,
            "steer": 0.0
        },
        {
            "throttle": 0.19301278034415567,
            "brake": 0.0,
            "steer": 0.0
        },
        {
            "throttle": 0.1943636586250684,
            "brake": 0.0,
            "steer": 0.0
        },
        {
            "throttle": 0.19578303388490953,
            "brake": 0.0,
            "steer": 0.0
        },
        {
            "throttle": 0.19726510240621495,
            "brake": 0.0,
            "steer": 0.0
        },
        {
            "throttle": 0.19880380424305333,
            "brake": 0.0,
            "steer": 0.0
        },
        {
            "throttle": 0.2003928479878553,
            "brake": 0.0,
            "steer": 0.0
        },
        {
            "throttle": 0.20202573648536554,
            "brake": 0.0,
            "steer": 0.0
        },
        {
            "throttle": 0.20369579338850724,
            "brake": 0.0,
            "steer": 0.0
        },
        {
            "throttle": 0.20539619044751536,
            "brake": 0.0,
            "steer": 0.0
        },
        {
            "throttle": 0.20711997542070373,
            "brake": 0.0,
            "steer": 0.0
        },
        {
            "throttle": 0.20886010049269738,
            "brake": 0.0,
            "steer": 0.0
        },
        {
            "throttle": 0.21060945108389179,
            "brake": 0.0,
            "steer": 0.0
        },
        {
            "throttle": 0.21236087493330794,
            "brake": 0.0,
            "steer": 0.0
        },
        {
            "throttle": 0.21410721133589777,
            "brake": 0.0,
            "steer": 0.0
        },
        {
            "throttle": 0.21584132041472887,
            "brake": 0.0,
            "steer": 0.0
        },
        {
            "throttle": 0.2175561123083378,
            "brake": 0.0,
            "steer": 0.0
        },
        {
            "throttle": 0.21924457615389242,
            "brake": 0.0,
            "steer": 0.0
        },
        {
            "throttle": 0.22089980874764079,
            "brake": 0.0,
            "steer": 0.0
        },
        {
            "throttle": 0.2225150427654476,
            "brake": 0.0,
            "steer": 0.0
        },
        {
            "throttle": 0.2240836744280189,
            "brake": 0.0,
            "steer": 0.0
        },
        {
            "throttle": 0.22559929049768998,
            "brake": 0.0,
            "steer": 0.0
        },
        {
            "throttle": 0.22705569449638455,
            "brake": 0.0,
            "steer": 0.0
        },
        {
            "throttle": 0.22844693203754102,
            "brake": 0.0,
            "steer": 0.0
        },
        {
            "throttle": 0.22976731516842433,
            "brake": 0.0,
            "steer": 0.0
        },
        {
            "throttle": 0.2310114456232904,
            "brake": 0.0,
            "steer": 0.0
        },
        {
            "throttle": 0.23217423689232347,
            "brake": 0.0,
            "steer": 0.0
        },
        {
            "throttle": 0.23325093501611022,
            "brake": 0.0,
            "steer": 0.0
        },
        {
            "throttle": 0.23423713802062535,
            "brake": 0.0,
            "steer": 0.0
        },
        {
            "throttle": 0.23512881391326287,
            "brake": 0.0,
            "steer": 0.0
        },
        {
            "throttle": 0.2359223171663313,
            "brake": 0.0,
            "steer": 0.0
        },
        {
            "throttle": 0.23661440362061475,
            "brake": 0.0,
            "steer": 0.0
        },
        {
            "throttle": 0.23720224374806298,
            "brake": 0.0,
            "steer": 0.0
        },
        {
            "throttle": 0.23768343421938173,
            "brake": 0.0,
            "steer": 0.0
        },
        {
            "throttle": 0.238056007729226,
            "brake": 0.0,
            "steer": 0.0
        },
        {
            "throttle": 0.23831844103882255,
            "brake": 0.0,
            "steer": 0.0
        },
        {
            "throttle": 0.23846966120313634,
            "brake": 0.0,
            "steer": 0.0
        },
        {
            "throttle": 0.2385090499571183,
            "brake": 0.0,
            "steer": 0.0
        },
        {
            "throttle": 0.23843644624309823,
            "brake": 0.0,
            "steer": 0.0
        },
        {
            "throttle": 0.23825214686898732,
            "brake": 0.0,
            "steer": 0.0
        },
        {
            "throttle": 0.23795690529459584,
            "brake": 0.0,
            "steer": 0.0
        },
        {
            "throttle": 0.23755192855102586,
            "brake": 0.0,
            "steer": 0.0
        },
        {
            "throttle": 0.2370388723057311,
            "brake": 0.0,
            "steer": 0.0
        },
        {
            "throttle": 0.23641983409341755,
            "brake": 0.0,
            "steer": 0.0
        },
        {
            "throttle": 0.23569734474045728,
            "brake": 0.0,
            "steer": 0.0
        },
        {
            "throttle": 0.234874358017874,
            "brake": 0.0,
            "steer": 0.0
        },
        {
            "throttle": 0.23395423856520053,
            "brake": 0.0,
            "steer": 0.0
        },
        {
            "throttle": 0.23294074813457835,
            "brake": 0.0,
            "steer": 0.0
        },
        {
            "throttle": 0.23183803021133714,
            "brake": 0.0,
            "steer": 0.0
        },
        {
            "throttle": 0.23065059307392896,
            "brake": 0.0,
            "steer": 0.0
        },
        {
            "throttle": 0.2293832913624732,
            "brake": 0.0,
            "steer": 0.0
        },
        {
            "throttle": 0.22804130623126528,
            "brake": 0.0,
            "steer": 0.0
        },
        {
            "throttle": 0.22663012416639172,
            "brake": 0.0,
            "steer": 0.0
        },
        {
            "throttle": 0.22515551455505156,
            "brake": 0.0,
            "steer": 0.0
        },
        {
            "throttle": 0.22362350609828768,
            "brake": 0.0,
            "steer": 0.0
        },
        {
            "throttle": 0.22204036216356027,
            "brake": 0.0,
            "steer": 0.0
        },
        {
            "throttle": 0.22041255517792907,
            "brake": 0.0,
            "steer": 0.0
        },
        {
            "throttle": 0.21874674016653306,
            "brake": 0.0,
            "steer": 0.0
        },
        {
            "throttle": 0.21704972754455099,
            "brake": 0.0,
            "steer": 0.0
        },
        {
            "throttle": 0.21532845527387814,
            "brake": 0.0,
            "steer": 0.0
        },
        {
            "throttle": 0.21358996049835188,
            "brake": 0.0,
            "steer": 0.0
        },
        {
            "throttle": 0.21184135077349045,
            "brake": 0.0,
            "steer": 0.0
        },
        {
            "throttle": 0.21008977500836734,
            "brake": 0.0,
            "steer": 0.0
        },
        {
            "throttle": 0.20834239423842077,
            "brake": 0.0,
            "steer": 0.0
        },
        {
            "throttle": 0.20660635234868824,
            "brake": 0.0,
            "steer": 0.0
        },
        {
            "throttle": 0.20488874686715983,
            "brake": 0.0,
            "steer": 0.0
        },
        {
            "throttle": 0.20319659994765635,
            "brake": 0.0,
            "steer": 0.0
        },
        {
            "throttle": 0.20153682966086428,
            "brake": 0.0,
            "steer": 0.0
        },
        {
            "throttle": 0.19991622171089923,
            "brake": 0.0,
            "steer": 0.0
        },
        {
            "throttle": 0.19834140169303024,
            "brake": 0.0,
            "steer": 0.0
        },
        {
            "throttle": 0.19681880800598445,
            "brake": 0.0,
            "steer": 0.0
        },
        {
            "throttle": 0.1953546655295759,
            "brake": 0.0,
            "steer": 0.0
        },
        {
            "throttle": 0.193954960175273,
            "brake": 0.0,
            "steer": 0.0
        },
        {
            "throttle": 0.19262541441375086,
            "brake": 0.0,
            "steer": 0.0
        },
        {
            "throttle": 0.1913714638794795,
            "brake": 0.0,
            "steer": 0.0
        },
        {
            "throttle": 0.19019823514799683,
            "brake": 0.0,
            "steer": 0.0
        },
        {
            "throttle": 0.18911052477672022,
            "brake": 0.0,
            "steer": 0.0
        },
        {
            "throttle": 0.18811277969498455,
            "brake": 0.0,
            "steer": 0.0
        },
        {
            "throttle": 0.1872090790234796,
            "brake": 0.0,
            "steer": 0.0
        },
        {
            "throttle": 0.18640311739741414,
            "brake": 0.0,
            "steer": 0.0
        },
        {
            "throttle": 0.1856981898615881,
            "brake": 0.0,
            "steer": 0.0
        },
        {
            "throttle": 0.18509717839912634,
            "brake": 0.0,
            "steer": 0.0
        },
        {
            "throttle": 0.18460254014894936,
            "brake": 0.0,
            "steer": 0.0
        },
        {
            "throttle": 0.18421629736015155,
            "brake": 0.0,
            "steer": 0.0
        },
        {
            "throttle": 0.18394002912435742,
            "brake": 0.0,
            "steer": 0.0
        },
        {
            "throttle": 0.18377486491985626,
            "brake": 0.0,
            "steer": 0.0
        },
        {
            "throttle": 0.18372147999390914,
            "brake": 0.0,
            "steer": 0.0
        },
        {
            "throttle": 0.18378009260210698,
            "brake": 0.0,
            "steer": 0.0
        },
        {
            "throttle": 0.18395046311606608,
            "brake": 0.0,
            "steer": 0.0
        },
        {
            "throttle": 0.18423189500310902,
            "brake": 0.0,
            "steer": 0.0
        },
        {
            "throttle": 0.1846232376739258,
            "brake": 0.0,
            "steer": 0.0
        },
        {
            "throttle": 0.18512289118657307,
            "brake": 0.0,
            "steer": 0.0
        },
        {
            "throttle": 0.18572881278757952,
            "brake": 0.0,
            "steer": 0.0
        },
        {
            "throttle": 0.18643852526341562,
            "brake": 0.0,
            "steer": 0.0
        },
        {
            "throttle": 0.18724912706818372,
            "brake": 0.0,
            "steer": 0.0
        },
        {
            "throttle": 0.1881573041861233,
            "brake": 0.0,
            "steer": 0.0
        },
        {
            "throttle": 0.18915934368043313,
            "brake": 0.0,
            "steer": 0.0
        },
        {
            "throttle": 0.19025114887301836,
            "brake": 0.0,
            "steer": 0.0
        },
        {
            "throttle": 0.19142825609310266,
            "brake": 0.0,
            "steer": 0.0
        },
        {
            "throttle": 0.19268585292623094,
            "brake": 0.0,
            "steer": 0.0
        },
        {
            "throttle": 0.19401879788905516,
            "brake": 0.0,
            "steer": 0.0
        },
        {
            "throttle": 0.19542164144946536,
            "brake": 0.0,
            "steer": 0.0
        },
        {
            "throttle": 0.19688864830612893,
            "brake": 0.0,
            "steer": 0.0
        },
        {
            "throttle": 0.1984138208363516,
            "brake": 0.0,
            "steer": 0.0
        },
        {
            "throttle": 0.1999909236163974,
            "brake": 0.0,
            "steer": 0.0
        },
        {
            "throttle": 0.20161350891402,
            "brake": 0.0,
            "steer": 0.0
        }
    ],
    "parameters": {
        "fog_density": 49.98399395047432,
        "precipitation": 64.95077297325282,
        "precipitation_deposits": 39.472876543834346,
        "wind_intensity": 33.505292050029055,
        "sun_altitude_angle": 26.53379560078644,
        "cloudiness": 5.289813389616405,
        "lead_base_throttle": 0.21111585903755603,
        "lead_behavior_frequency": 0.101781216710757,
        "lead_throttle_variation": 0.032040342627820496,
        "lead_brake_probability": 0.012401314072119885,
        "lead_brake_intensity": 0.16923328540429466,
        "lead_brake_duration": 21.07594019321253,
        "initial_distance": 21.599786020524174,
        "initial_ego_velocity": 5.923066116289578,
        "initial_lead_velocity": 11.104014015393167
    },
    "config": {
        "num_timesteps": 200,
        "dt": 0.1,
        "seed": 59
    }
}