{
    "weather": {
        "cloudiness": 80.18727053914778,
        "precipitation": 30.795708006465016,
        "precipitation_deposits": 83.47968023729456,
        "wind_intensity": 16.338263634471595,
        "sun_altitude_angle": -24.70325787026793,
        "fog_density": 31.952690222407163,
        "fog_distance": 344.6969429999241,
        "wetness": 15.397854003232508
    },
    "initial_conditions": {
        "ego": {
            "position": {
                "x": 500.1602657846461,
                "y": 20.57,
                "z": 0.294
            },
            "yaw": 0.0,
            "velocity": 12.676801344873624
        },
        "lead": {
            "position": {
                "x": 484.88,
                "y": 20.57,
                "z": 0.294
            },
            "yaw": 0.0,
            "velocity": 17.434722974087958
        }
    },
    "ego": {
        "position": {
            "x": 500.1602657846461,
            "y": 20.57,
            "z": 0.294
        },
        "yaw": 0.0,
        "velocity": 12.676801344873624
    },
    "lead": {
        "position": {
            "x": 484.88,
            "y": 20.57,
            "z": 0.294
        },
        "yaw": 0.0,
        "velocity": 17.434722974087958
    },
    "ado_actions": [
        {
            "throttle": 0.4420775352385725,
            "brake": 0.0,
            "steer": 0.0
        },
        {
            "throttle": 0.44528934989517593,
            "brake": 0.0,
            "steer": 0.0
        },
        {
            "throttle": 0.45128511472439753,
            "brake": 0.0,
            "steer": 0.0
        },
        {
            "throttle": 0.4595766122349581,
            "brake": 0.0,
            "steer": 0.0
        },
        {
            "throttle": 0.4696282766519828,
            "brake": 0.0,
            "steer": 0.0
        },
        {
            "throttle": 0.4808720925336534,
            "brake": 0.0,
            "steer": 0.0
        },
        {
            "throttle": 0.4927238602930792,
            "brake": 0.0,
            "steer": 0.0
        },
        {
            "throttle": 0.5046002594466082,
            "brake": 0.0,
            "steer": 0.0
        },
        {
            "throttle": 0.5159361168033016,
            "brake": 0.0,
            "steer": 0.0
        },
        {
            "throttle": 0.5262012826045819,
            "brake": 0.0,
            "steer": 0.0
        },
        {
            "throttle": 0.5349165329867258,
            "brake": 0.0,
            "steer": 0.0
        },
        {
            "throttle": 0.5416679515876223,
            "brake": 0.0,
            "steer": 0.0
        },
        {
            "throttle": 0.5461192955322071,
            "brake": 0.0,
            "steer": 0.0
        },
        {
            "throttle": 0.5480219196883706,
            "brake": 0.0,
            "steer": 0.0
        },
        {
            "throttle": 0.4932197277195335,
            "brake": 0.045260002493520496,
            "steer": 0.0
        },
        {
            "throttle": 0.44389775494758016,
            "brake": 0.08599400473768895,
            "steer": 0.0
        },
        {
            "throttle": 0.3995079794528221,
            "brake": 0.12265460675744055,
            "steer": 0.0
        },
        {
            "throttle": 0.3595571815075399,
            "brake": 0.155649148575217,
            "steer": 0.0
        },
        {
            "throttle": 0.3236014633567859,
            "brake": 0.1853442362112158,
            "steer": 0.0
        },
        {
            "throttle": 0.29124131702110734,
            "brake": 0.21206981508361472,
            "steer": 0.0
        },
        {
            "throttle": 0.26211718531899664,
            "brake": 0.23612283606877374,
            "steer": 0.0
        },
        {
            "throttle": 0.23590546678709698,
            "brake": 0.2577705549554169,
            "steer": 0.0
        },
        {
            "throttle": 0.2123149201083873,
            "brake": 0.2772535019533957,
            "steer": 0.0
        },
        {
            "throttle": 0.19108342809754855,
            "brake": 0.2947881542515767,
            "steer": 0.0
        },
        {
            "throttle": 0.1719750852877937,
            "brake": 0.3105693413199395,
            "steer": 0.0
        },
        {
            "throttle": 0.15477757675901435,
            "brake": 0.32477240968146603,
            "steer": 0.0
        },
        {
            "throttle": 0.13929981908311292,
            "brake": 0.33755517120684,
            "steer": 0.0
        },
        {
            "throttle": 0.12536983717480163,
            "brake": 0.3490596565796765,
            "steer": 0.0
        },
        {
            "throttle": 0.11283285345732147,
            "brake": 0.35941369341522933,
            "steer": 0.0
        },
        {
            "throttle": 0.10154956811158933,
            "brake": 0.3687323265672269,
            "steer": 0.0
        },
        {
            "throttle": 0.0913946113004304,
            "brake": 0.37711909640402475,
            "steer": 0.0
        },
        {
            "throttle": 0.08225515017038737,
            "brake": 0.3846671892571428,
            "steer": 0.0
        },
        {
            "throttle": 0.07402963515334864,
            "brake": 0.391460472824949,
            "steer": 0.0
        },
        {
            "throttle": 0.06662667163801378,
            "brake": 0.39757442803597465,
            "steer": 0.0
        },
        {
            "throttle": 0.0599640044742124,
            "brake": 0.40307698772589773,
            "steer": 0.0
        },
        {
            "throttle": 0.05396760402679116,
            "brake": 0.4080292914468284,
            "steer": 0.0
        },
        {
            "throttle": 0.04857084362411205,
            "brake": 0.41248636479566614,
            "steer": 0.0
        },
        {
            "throttle": 0.043713759261700846,
            "brake": 0.41649773080962005,
            "steer": 0.0
        },
        {
            "throttle": 0.039342383335530764,
            "brake": 0.42010796022217856,
            "steer": 0.0
        },
        {
            "throttle": 0.03540814500197769,
            "brake": 0.4233571666934812,
            "steer": 0.0
        },
        {
            "throttle": 0.09112683027793779,
            "brake": 0.3810214500241331,
            "steer": 0.0
        },
        {
            "throttle": 0.14271276139031247,
            "brake": 0.3429193050217198,
            "steer": 0.0
        },
        {
            "throttle": 0.19003145649876257,
            "brake": 0.3086273745195478,
            "steer": 0.0
        },
        {
            "throttle": 0.23293227480062456,
            "brake": 0.277764637067593,
            "steer": 0.0
        },
        {
            "throttle": 0.27126921005218596,
            "brake": 0.24998817336083373,
            "steer": 0.0
        },
        {
            "throttle": 0.30491995116280834,
            "brake": 0.22498935602475037,
            "steer": 0.0
        },
        {
            "throttle": 0.333802734647521,
            "brake": 0.20249042042227533,
            "steer": 0.0
        },
        {
            "throttle": 0.35789057127904594,
            "brake": 0.1822413783800478,
            "steer": 0.0
        },
        {
            "throttle": 0.3772225022874251,
            "brake": 0.16401724054204303,
            "steer": 0.0
        },
        {
            "throttle": 0.3919116263316039,
            "brake": 0.14761551648783874,
            "steer": 0.0
        },
        {
            "throttle": 0.4021497342179326,
            "brake": 0.13285396483905487,
            "steer": 0.0
        },
        {
            "throttle": 0.4082084906572417,
            "brake": 0.11956856835514938,
            "steer": 0.0
        },
        {
            "throttle": 0.4104372077212947,
            "brake": 0.10761171151963445,
            "steer": 0.0
        },
        {
            "throttle": 0.4092573594774961,
            "brake": 0.096850540367671,
            "steer": 0.0
        },
        {
            "throttle": 0.405154087972887,
            "brake": 0.0871654863309039,
            "steer": 0.0
        },
        {
            "throttle": 0.3986650438762054,
            "brake": 0.07844893769781351,
            "steer": 0.0
        },
        {
            "throttle": 0.39036698750095467,
            "brake": 0.07060404392803216,
            "steer": 0.0
        },
        {
            "throttle": 0.3808606448175943,
            "brake": 0.06354363953522894,
            "steer": 0.0
        },
        {
            "throttle": 0.37075436606988393,
            "brake": 0.05718927558170605,
            "steer": 0.0
        },
        {
            "throttle": 0.36064716992335905,
            "brake": 0.051470348023535444,
            "steer": 0.0
        },
        {
            "throttle": 0.35111177247039055,
            "brake": 0.0463233132211819,
            "steer": 0.0
        },
        {
            "throttle": 0.34267819730706706,
            "brake": 0.04169098189906371,
            "steer": 0.0
        },
        {
            "throttle": 0.3358185403453751,
            "brake": 0.037521883709157336,
            "steer": 0.0
        },
        {
            "throttle": 0.330933421742793,
            "brake": 0.033769695338241604,
            "steer": 0.0
        },
        {
            "throttle": 0.32834059865914184,
            "brake": 0.030392725804417445,
            "steer": 0.0
        },
        {
            "throttle": 0.3282661384069403,
            "brake": 0.027353453223975702,
            "steer": 0.0
        },
        {
            "throttle": 0.33083846438299447,
            "brake": 0.024618107901578132,
            "steer": 0.0
        },
        {
            "throttle": 0.3360854898275253,
            "brake": 0.02215629711142032,
            "steer": 0.0
        },
        {
            "throttle": 0.34393495016474024,
            "brake": 0.01994066740027829,
            "steer": 0.0
        },
        {
            "throttle": 0.3542179368803481,
            "brake": 0.01794660066025046,
            "steer": 0.0
        },
        {
            "throttle": 0.3187961431923133,
            "brake": 0.061411943087745904,
            "steer": 0.0
        },
        {
            "throttle": 0.286916528873082,
            "brake": 0.10053075127249181,
            "steer": 0.0
        },
        {
            "throttle": 0.2582248759857738,
            "brake": 0.13573767863876313,
            "steer": 0.0
        },
        {
            "throttle": 0.23240238838719643,
            "brake": 0.16742391326840733,
            "steer": 0.0
        },
        {
            "throttle": 0.20916214954847678,
            "brake": 0.1959415244350871,
            "steer": 0.0
        },
        {
            "throttle": 0.18824593459362912,
            "brake": 0.2216073744850989,
            "steer": 0.0
        },
        {
            "throttle": 0.1694213411342662,
            "brake": 0.24470663953010952,
            "steer": 0.0
        },
        {
            "throttle": 0.15247920702083959,
            "brake": 0.2654959780706191,
            "steer": 0.0
        },
        {
            "throttle": 0.13723128631875564,
            "brake": 0.28420638275707766,
            "steer": 0.0
        },
        {
            "throttle": 0.12350815768688007,
            "brake": 0.3010457469748904,
            "steer": 0.0
        },
        {
            "throttle": 0.11115734191819207,
            "brake": 0.3162011747709219,
            "steer": 0.0
        },
        {
            "throttle": 0.10004160772637287,
            "brake": 0.32984105978735023,
            "steer": 0.0
        },
        {
            "throttle": 0.09003744695373558,
            "brake": 0.3421169563021357,
            "steer": 0.0
        },
        {
            "throttle": 0.08103370225836203,
            "brake": 0.3531652631654426,
            "steer": 0.0
        },
        {
            "throttle": 0.07293033203252583,
            "brake": 0.36310873934241883,
            "steer": 0.0
        },
        {
            "throttle": 0.06563729882927324,
            "brake": 0.3720578679016975,
            "steer": 0.0
        },
        {
            "throttle": 0.05907356894634592,
            "brake": 0.3801120836050482,
            "steer": 0.0
        },
        {
            "throttle": 0.05316621205171133,
            "brake": 0.38736087773806394,
            "steer": 0.0
        },
        {
            "throttle": 0.047849590846540196,
            "brake": 0.3938847924577781,
            "steer": 0.0
        },
        {
            "throttle": 0.04306463176188618,
            "brake": 0.3997563157055207,
            "steer": 0.0
        },
        {
            "throttle": 0.03875816858569756,
            "brake": 0.40504068662848913,
            "steer": 0.0
        },
        {
            "throttle": 0.03488235172712781,
            "brake": 0.40979662045916077,
            "steer": 0.0
        },
        {
            "throttle": 0.03139411655441503,
            "brake": 0.41407696090676516,
            "steer": 0.0
        },
        {
            "throttle": 0.028254704898973526,
            "brake": 0.4179292673096091,
            "steer": 0.0
        },
        {
            "throttle": 0.025429234409076174,
            "brake": 0.42139634307216867,
            "steer": 0.0
        },
        {
            "throttle": 0.022886310968168556,
            "brake": 0.42451671125847235,
            "steer": 0.0
        },
        {
            "throttle": 0.04762345052459624,
            "brake": 0.3820650401326251,
            "steer": 0.0
        },
        {
            "throttle": 0.07094112379032394,
            "brake": 0.3438585361193626,
            "steer": 0.0
        },
        {
            "throttle": 0.09351697314727205,
            "brake": 0.3094726825074264,
            "steer": 0.0
        },
        {
            "throttle": 0.11590806548418961,
            "brake": 0.27852541425668376,
            "steer": 0.0
        },
        {
            "throttle": 0.1385469103473005,
            "brake": 0.2506728728310154,
            "steer": 0.0
        },
        {
            "throttle": 0.16174016320596304,
            "brake": 0.22560558554791388,
            "steer": 0.0
        },
        {
            "throttle": 0.18567020212119642,
            "brake": 0.2030450269931225,
            "steer": 0.0
        },
        {
            "throttle": 0.21039965614095035,
            "brake": 0.18274052429381024,
            "steer": 0.0
        },
        {
            "throttle": 0.23587885263258795,
            "brake": 0.16446647186442923,
            "steer": 0.0
        },
        {
            "throttle": 0.26195604204571665,
            "brake": 0.1480198246779863,
            "steer": 0.0
        },
        {
            "throttle": 0.28839015575767873,
            "brake": 0.13321784221018768,
            "steer": 0.0
        },
        {
            "throttle": 0.3148657589880204,
            "brake": 0.11989605798916891,
            "steer": 0.0
        },
        {
            "throttle": 0.34100977928242115,
            "brake": 0.10790645219025202,
            "steer": 0.0
        },
        {
            "throttle": 0.3664095243722326,
            "brake": 0.09711580697122682,
            "steer": 0.0
        },
        {
            "throttle": 0.3906314534424942,
            "brake": 0.08740422627410414,
            "steer": 0.0
        },
        {
            "throttle": 0.4132401345651625,
            "brake": 0.07866380364669373,
            "steer": 0.0
        },
        {
            "throttle": 0.43381680924470456,
            "brake": 0.07079742328202436,
            "steer": 0.0
        },
        {
            "throttle": 0.4519769930099257,
            "brake": 0.06371768095382192,
            "steer": 0.0
        },
        {
            "throttle": 0.4673865684473796,
            "brake": 0.057345912858439735,
            "steer": 0.0
        },
        {
            "throttle": 0.4797758730451574,
            "brake": 0.051611321572595764,
            "steer": 0.0
        },
        {
            "throttle": 0.48895134712865573,
            "brake": 0.04645018941533619,
            "steer": 0.0
        },
        {
            "throttle": 0.4948043848913672,
            "brake": 0.041805170473802576,
            "steer": 0.0
        },
        {
            "throttle": 0.49731712143533247,
            "brake": 0.03762465342642232,
            "steer": 0.0
        },
        {
            "throttle": 0.4965649878179284,
            "brake": 0.03386218808378009,
            "steer": 0.0
        },
        {
            "throttle": 0.4927159710331585,
            "brake": 0.03047596927540208,
            "steer": 0.0
        },
        {
            "throttle": 0.48602662312426154,
            "brake": 0.027428372347861874,
            "steer": 0.0
        },
        {
            "throttle": 0.47683496964303584,
            "brake": 0.024685535113075686,
            "steer": 0.0
        },
        {
            "throttle": 0.4655505688964941,
            "brake": 0.022216981601768118,
            "steer": 0.0
        },
        {
            "throttle": 0.45264206647142785,
            "brake": 0.019995283441591308,
            "steer": 0.0
        },
        {
            "throttle": 0.43862267129378624,
            "brake": 0.01799575509743218,
            "steer": 0.0
        },
        {
            "throttle": 0.4240340472306344,
            "brake": 0.01619617958768896,
            "steer": 0.0
        },
        {
            "throttle": 0.40942916571315696,
            "brake": 0.014576561628920065,
            "steer": 0.0
        },
        {
            "throttle": 0.3953546983271937,
            "brake": 0.013118905466028058,
            "steer": 0.0
        },
        {
            "throttle": 0.38233354265989705,
            "brake": 0.011807014919425252,
            "steer": 0.0
        },
        {
            "throttle": 0.3708480694204615,
            "brake": 0.010626313427482728,
            "steer": 0.0
        },
        {
            "throttle": 0.36132465413519416,
            "brake": 0.009563682084734456,
            "steer": 0.0
        },
        {
            "throttle": 0.35412001336503424,
            "brake": 0.00860731387626101,
            "steer": 0.0
        },
        {
            "throttle": 0.34950980483937233,
            "brake": 0.0077465824886349096,
            "steer": 0.0
        },
        {
            "throttle": 0.3476798751481844,
            "brake": 0.006971924239771419,
            "steer": 0.0
        },
        {
            "throttle": 0.34872045019508185,
            "brake": 0.006274731815794277,
            "steer": 0.0
        },
        {
            "throttle": 0.3526234654189351,
            "brake": 0.0056472586342148495,
            "steer": 0.0
        },
        {
            "throttle": 0.3592831280978931,
            "brake": 0.005082532770793365,
            "steer": 0.0
        },
        {
            "throttle": 0.3684996963298953,
            "brake": 0.0045742794937140285,
            "steer": 0.0
        },
        {
            "throttle": 0.37998635211211695,
            "brake": 0.004116851544342626,
            "steer": 0.0
        },
        {
            "throttle": 0.3419877169009053,
            "brake": 0.04896516888342886,
            "steer": 0.0
        },
        {
            "throttle": 0.3077889452108148,
            "brake": 0.08932865448860647,
            "steer": 0.0
        },
        {
            "throttle": 0.27701005068973333,
            "brake": 0.12565579153326634,
            "steer": 0.0
        },
        {
            "throttle": 0.24930904562076,
            "brake": 0.15835021487346018,
            "steer": 0.0
        },
        {
            "throttle": 0.224378141058684,
            "brake": 0.18777519587963468,
            "steer": 0.0
        },
        {
            "throttle": 0.2019403269528156,
            "brake": 0.2142576787851917,
            "steer": 0.0
        },
        {
            "throttle": 0.18174629425753405,
            "brake": 0.23809191340019303,
            "steer": 0.0
        },
        {
            "throttle": 0.16357166483178065,
            "brake": 0.2595427245536942,
            "steer": 0.0
        },
        {
            "throttle": 0.1472144983486026,
            "brake": 0.27884845459184526,
            "steer": 0.0
        },
        {
            "throttle": 0.13249304851374233,
            "brake": 0.29622361162618127,
            "steer": 0.0
        },
        {
            "throttle": 0.1192437436623681,
            "brake": 0.31186125295708367,
            "steer": 0.0
        },
        {
            "throttle": 0.1073193692961313,
            "brake": 0.32593513015489584,
            "steer": 0.0
        },
        {
            "throttle": 0.09658743236651816,
            "brake": 0.3386016196329268,
            "steer": 0.0
        },
        {
            "throttle": 0.08692868912986634,
            "brake": 0.3500014601631546,
            "steer": 0.0
        },
        {
            "throttle": 0.0782358202168797,
            "brake": 0.36026131664035965,
            "steer": 0.0
        },
        {
            "throttle": 0.07041223819519174,
            "brake": 0.3694951874698442,
            "steer": 0.0
        },
        {
            "throttle": 0.06337101437567257,
            "brake": 0.3778056712163803,
            "steer": 0.0
        },
        {
            "throttle": 0.05703391293810531,
            "brake": 0.38528510658826276,
            "steer": 0.0
        },
        {
            "throttle": 0.05133052164429478,
            "brake": 0.392016598422957,
            "steer": 0.0
        },
        {
            "throttle": 0.046197469479865305,
            "brake": 0.39807494107418184,
            "steer": 0.0
        },
        {
            "throttle": 0.041577722531878775,
            "brake": 0.4035274494602842,
            "steer": 0.0
        },
        {
            "throttle": 0.0374199502786909,
            "brake": 0.4084347070077763,
            "steer": 0.0
        },
        {
            "throttle": 0.03367795525082181,
            "brake": 0.4128512388005192,
            "steer": 0.0
        },
        {
            "throttle": 0.03031015972573963,
            "brake": 0.4168261174139878,
            "steer": 0.0
        },
        {
            "throttle": 0.027279143753165667,
            "brake": 0.4204035081661095,
            "steer": 0.0
        },
        {
            "throttle": 0.0245512293778491,
            "brake": 0.423623159843019,
            "steer": 0.0
        },
        {
            "throttle": 0.05037472800272669,
            "brake": 0.3812608438587171,
            "steer": 0.0
        },
        {
            "throttle": 0.07527958752796225,
            "brake": 0.3431347594728454,
            "steer": 0.0
        },
        {
            "throttle": 0.09983150935223892,
            "brake": 0.3088212835255609,
            "steer": 0.0
        },
        {
            "throttle": 0.12446862434248293,
            "brake": 0.27793915517300477,
            "steer": 0.0
        },
        {
            "throttle": 0.1495008693274562,
            "brake": 0.2501452396557043,
            "steer": 0.0
        },
        {
            "throttle": 0.1751122287234557,
            "brake": 0.22513071569013388,
            "steer": 0.0
        },
        {
            "throttle": 0.20136590612835342,
            "brake": 0.2026176441211205,
            "steer": 0.0
        },
        {
            "throttle": 0.228212379469583,
            "brake": 0.18235587970900843,
            "steer": 0.0
        },
        {
            "throttle": 0.2555001849756746,
            "brake": 0.1641202917381076,
            "steer": 0.0
        },
        {
            "throttle": 0.28298917331807827,
            "brake": 0.14770826256429684,
            "steer": 0.0
        },
        {
            "throttle": 0.31036588900037637,
            "brake": 0.13293743630786717,
            "steer": 0.0
        },
        {
            "throttle": 0.3372606444075511,
            "brake": 0.11964369267708046,
            "steer": 0.0
        },
        {
            "throttle": 0.3632657954133209,
            "brake": 0.10767932340937242,
            "steer": 0.0
        },
        {
            "throttle": 0.38795467813020296,
            "brake": 0.09691139106843517,
            "steer": 0.0
        },
        {
            "throttle": 0.4109006377641974,
            "brake": 0.08722025196159165,
            "steer": 0.0
        },
        {
            "throttle": 0.4316955714805231,
            "brake": 0.07849822676543249,
            "steer": 0.0
        },
        {
            "throttle": 0.4499674179328322,
            "brake": 0.07064840408888924,
            "steer": 0.0
        },
        {
            "throttle": 0.4653960562388824,
            "brake": 0.06358356368000032,
            "steer": 0.0
        },
        {
            "throttle": 0.47772712564598685,
            "brake": 0.05722520731200029,
            "steer": 0.0
        },
        {
            "throttle": 0.48678334226146397,
            "brake": 0.05150268658080026,
            "steer": 0.0
        },
        {
            "throttle": 0.492472968819662,
            "brake": 0.046352417922720233,
            "steer": 0.0
        },
        {
            "throttle": 0.49479518483473023,
            "brake": 0.04171717613044821,
            "steer": 0.0
        },
        {
            "throttle": 0.49384220457656813,
            "brake": 0.03754545851740339,
            "steer": 0.0
        },
        {
            "throttle": 0.489798095749923,
            "brake": 0.03379091266566305,
            "steer": 0.0
        },
        {
            "throttle": 0.4829343590223944,
            "brake": 0.030411821399096747,
            "steer": 0.0
        },
        {
            "throttle": 0.4736024340473981,
            "brake": 0.027370639259187073,
            "steer": 0.0
        },
        {
            "throttle": 0.4622233978354452,
            "brake": 0.024633575333268366,
            "steer": 0.0
        },
        {
            "throttle": 0.4492752128920269,
            "brake": 0.02217021779994153,
            "steer": 0.0
        },
        {
            "throttle": 0.4352779624027374,
            "brake": 0.019953196019947377,
            "steer": 0.0
        },
        {
            "throttle": 0.420777575236398,
            "brake": 0.01795787641795264,
            "steer": 0.0
        },
        {
            "throttle": 0.4063285924643092,
            "brake": 0.016162088776157376,
            "steer": 0.0
        },
        {
            "throttle": 0.39247655781947693,
            "brake": 0.014545879898541638,
            "steer": 0.0
        },
        {
            "throttle": 0.3797406260108119,
            "brake": 0.013091291908687474,
            "steer": 0.0
        },
        {
            "throttle": 0.3685969746710828,
            "brake": 0.011782162717818727,
            "steer": 0.0
        }
    ],
    "parameters": {
        "fog_density": 31.952690222407163,
        "precipitation": 30.795708006465016,
        "precipitation_deposits": 83.47968023729456,
        "wind_intensity": 16.338263634471595,
        "sun_altitude_angle": -24.70325787026793,
        "cloudiness": 80.18727053914778,
        "lead_base_throttle": 0.4420775352385725,
        "lead_behavior_frequency": 0.2904660906686478,
        "lead_throttle_variation": 0.17696556821732254,
        "lead_brake_probability": 0.2746681443838757,
        "lead_brake_intensity": 0.4526000249352049,
        "lead_brake_duration": 26.50130992517094,
        "initial_distance": 15.280265784646124,
        "initial_ego_velocity": 12.676801344873624,
        "initial_lead_velocity": 17.434722974087958
    },
    "config": {
        "num_timesteps": 200,
        "dt": 0.1,
        "seed": 156
    }
}