{
    "weather": {
        "cloudiness": 23.14710856376776,
        "precipitation": 67.20778694568892,
        "precipitation_deposits": 10.008810963909509,
        "wind_intensity": 29.424803503806107,
        "sun_altitude_angle": 89.9983689250029,
        "fog_density": 12.289107682110183,
        "fog_distance": 663.8912502008985,
        "wetness": 33.60389347284446
    },
    "initial_conditions": {
        "ego": {
            "position": {
                "x": 548.1241571885027,
                "y": 20.57,
                "z": 0.294
            },
            "yaw": 0.0,
            "velocity": 18.646903579623242
        },
        "lead": {
            "position": {
                "x": 484.88,
                "y": 20.57,
                "z": 0.294
            },
            "yaw": 0.0,
            "velocity": 23.136171292728225
        }
    },
    "ego": {
        "position": {
            "x": 548.1241571885027,
            "y": 20.57,
            "z": 0.294
        },
        "yaw": 0.0,
        "velocity": 18.646903579623242
    },
    "lead": {
        "position": {
            "x": 484.88,
            "y": 20.57,
            "z": 0.294
        },
        "yaw": 0.0,
        "velocity": 23.136171292728225
    },
    "ado_actions": [
        {
            "throttle": 0.27464462838203885,
            "brake": 0.0,
            "steer": 0.0
        },
        {
            "throttle": 0.27580158482399664,
            "brake": 0.0,
            "steer": 0.0
        },
        {
            "throttle": 0.2779801764108024,
            "brake": 0.0,
            "steer": 0.0
        },
        {
            "throttle": 0.28103932123549974,
            "brake": 0.0,
            "steer": 0.0
        },
        {
            "throttle": 0.284833413021716,
            "brake": 0.0,
            "steer": 0.0
        },
        {
            "throttle": 0.28921374980740044,
            "brake": 0.0,
            "steer": 0.0
        },
        {
            "throttle": 0.29403011926729594,
            "brake": 0.0,
            "steer": 0.0
        },
        {
            "throttle": 0.2991325033694351,
            "brake": 0.0,
            "steer": 0.0
        },
        {
            "throttle": 0.3043728640779305,
            "brake": 0.0,
            "steer": 0.0
        },
        {
            "throttle": 0.3096069713766602,
            "brake": 0.0,
            "steer": 0.0
        },
        {
            "throttle": 0.31469623501397354,
            "brake": 0.0,
            "steer": 0.0
        },
        {
            "throttle": 0.3195095020645027,
            "brake": 0.0,
            "steer": 0.0
        },
        {
            "throttle": 0.32392478366718536,
            "brake": 0.0,
            "steer": 0.0
        },
        {
            "throttle": 0.3278308761148557,
            "brake": 0.0,
            "steer": 0.0
        },
        {
            "throttle": 0.3311288438162608,
            "brake": 0.0,
            "steer": 0.0
        },
        {
            "throttle": 0.3337333344924746,
            "brake": 0.0,
            "steer": 0.0
        },
        {
            "throttle": 0.33557370026374667,
            "brake": 0.0,
            "steer": 0.0
        },
        {
            "throttle": 0.33659490197894265,
            "brake": 0.0,
            "steer": 0.0
        },
        {
            "throttle": 0.33675817817969295,
            "brake": 0.0,
            "steer": 0.0
        },
        {
            "throttle": 0.3360414644106667,
            "brake": 0.0,
            "steer": 0.0
        },
        {
            "throttle": 0.33443955311639206,
            "brake": 0.0,
            "steer": 0.0
        },
        {
            "throttle": 0.33196398903019575,
            "brake": 0.0,
            "steer": 0.0
        },
        {
            "throttle": 0.32864269968593246,
            "brake": 0.0,
            "steer": 0.0
        },
        {
            "throttle": 0.32451936539072185,
            "brake": 0.0,
            "steer": 0.0
        },
        {
            "throttle": 0.31965253760942447,
            "brake": 0.0,
            "steer": 0.0
        },
        {
            "throttle": 0.3141145191529773,
            "brake": 0.0,
            "steer": 0.0
        },
        {
            "throttle": 0.3079900237595598,
            "brake": 0.0,
            "steer": 0.0
        },
        {
            "throttle": 0.30137463654041774,
            "brake": 0.0,
            "steer": 0.0
        },
        {
            "throttle": 0.29437310026673214,
            "brake": 0.0,
            "steer": 0.0
        },
        {
            "throttle": 0.28709745554214344,
            "brake": 0.0,
            "steer": 0.0
        },
        {
            "throttle": 0.27966506548664455,
            "brake": 0.0,
            "steer": 0.0
        },
        {
            "throttle": 0.272196557608895,
            "brake": 0.0,
            "steer": 0.0
        },
        {
            "throttle": 0.26481371703181517,
            "brake": 0.0,
            "steer": 0.0
        },
        {
            "throttle": 0.25763736613627325,
            "brake": 0.0,
            "steer": 0.0
        },
        {
            "throttle": 0.2507852659853462,
            "brake": 0.0,
            "steer": 0.0
        },
        {
            "throttle": 0.244370074582718,
            "brake": 0.0,
            "steer": 0.0
        },
        {
            "throttle": 0.23849739610918552,
            "brake": 0.0,
            "steer": 0.0
        },
        {
            "throttle": 0.23326395378700834,
            "brake": 0.0,
            "steer": 0.0
        },
        {
            "throttle": 0.22875591696886027,
            "brake": 0.0,
            "steer": 0.0
        },
        {
            "throttle": 0.22504741047172636,
            "brake": 0.0,
            "steer": 0.0
        },
        {
            "throttle": 0.22219923112039117,
            "brake": 0.0,
            "steer": 0.0
        },
        {
            "throttle": 0.2202577929824093,
            "brake": 0.0,
            "steer": 0.0
        },
        {
            "throttle": 0.21925431892607705,
            "brake": 0.0,
            "steer": 0.0
        },
        {
            "throttle": 0.219204291980568,
            "brake": 0.0,
            "steer": 0.0
        },
        {
            "throttle": 0.22010717559378432,
            "brake": 0.0,
            "steer": 0.0
        },
        {
            "throttle": 0.221946407343229,
            "brake": 0.0,
            "steer": 0.0
        },
        {
            "throttle": 0.2246896660355748,
            "brake": 0.0,
            "steer": 0.0
        },
        {
            "throttle": 0.22828940751016502,
            "brake": 0.0,
            "steer": 0.0
        },
        {
            "throttle": 0.23268365991900244,
            "brake": 0.0,
            "steer": 0.0
        },
        {
            "throttle": 0.2377970648680884,
            "brake": 0.0,
            "steer": 0.0
        },
        {
            "throttle": 0.2435421466468523,
            "brake": 0.0,
            "steer": 0.0
        },
        {
            "throttle": 0.24982078791453363,
            "brake": 0.0,
            "steer": 0.0
        },
        {
            "throttle": 0.2565258867203116,
            "brake": 0.0,
            "steer": 0.0
        },
        {
            "throttle": 0.2635431666670697,
            "brake": 0.0,
            "steer": 0.0
        },
        {
            "throttle": 0.2707531094390587,
            "brake": 0.0,
            "steer": 0.0
        },
        {
            "throttle": 0.2780329768454054,
            "brake": 0.0,
            "steer": 0.0
        },
        {
            "throttle": 0.28525888801956356,
            "brake": 0.0,
            "steer": 0.0
        },
        {
            "throttle": 0.29230791648514937,
            "brake": 0.0,
            "steer": 0.0
        },
        {
            "throttle": 0.2990601714669706,
            "brake": 0.0,
            "steer": 0.0
        },
        {
            "throttle": 0.3054008280981428,
            "brake": 0.0,
            "steer": 0.0
        },
        {
            "throttle": 0.3112220720454138,
            "brake": 0.0,
            "steer": 0.0
        },
        {
            "throttle": 0.31642492553047247,
            "brake": 0.0,
            "steer": 0.0
        },
        {
            "throttle": 0.32092092374043535,
            "brake": 0.0,
            "steer": 0.0
        },
        {
            "throttle": 0.3246336131617512,
            "brake": 0.0,
            "steer": 0.0
        },
        {
            "throttle": 0.32749984639535723,
            "brake": 0.0,
            "steer": 0.0
        },
        {
            "throttle": 0.329470851465812,
            "brake": 0.0,
            "steer": 0.0
        },
        {
            "throttle": 0.3305130574647387,
            "brake": 0.0,
            "steer": 0.0
        },
        {
            "throttle": 0.3306086625043333,
            "brake": 0.0,
            "steer": 0.0
        },
        {
            "throttle": 0.329755934329804,
            "brake": 0.0,
            "steer": 0.0
        },
        {
            "throttle": 0.327969238476244,
            "brake": 0.0,
            "steer": 0.0
        },
        {
            "throttle": 0.3252787934786678,
            "brake": 0.0,
            "steer": 0.0
        },
        {
            "throttle": 0.3217301572753478,
            "brake": 0.0,
            "steer": 0.0
        },
        {
            "throttle": 0.3173834535056327,
            "brake": 0.0,
            "steer": 0.0
        },
        {
            "throttle": 0.31231235081674724,
            "brake": 0.0,
            "steer": 0.0
        },
        {
            "throttle": 0.30660281248481996,
            "brake": 0.0,
            "steer": 0.0
        },
        {
            "throttle": 0.30035163755247946,
            "brake": 0.0,
            "steer": 0.0
        },
        {
            "throttle": 0.29366481822270596,
            "brake": 0.0,
            "steer": 0.0
        },
        {
            "throttle": 0.28665574136622785,
            "brake": 0.0,
            "steer": 0.0
        },
        {
            "throttle": 0.2794432646447321,
            "brake": 0.0,
            "steer": 0.0
        },
        {
            "throttle": 0.27214969987966103,
            "brake": 0.0,
            "steer": 0.0
        },
        {
            "throttle": 0.2648987378703033,
            "brake": 0.0,
            "steer": 0.0
        },
        {
            "throttle": 0.2578133498585704,
            "brake": 0.0,
            "steer": 0.0
        },
        {
            "throttle": 0.251013701234422,
            "brake": 0.0,
            "steer": 0.0
        },
        {
            "throttle": 0.24461511286865126,
            "brake": 0.0,
            "steer": 0.0
        },
        {
            "throttle": 0.2387261046521739,
            "brake": 0.0,
            "steer": 0.0
        },
        {
            "throttle": 0.23344655442679632,
            "brake": 0.0,
            "steer": 0.0
        },
        {
            "throttle": 0.22886600353531117,
            "brake": 0.0,
            "steer": 0.0
        },
        {
            "throttle": 0.2250621377318937,
            "brake": 0.0,
            "steer": 0.0
        },
        {
            "throttle": 0.22209946921933188,
            "brake": 0.0,
            "steer": 0.0
        },
        {
            "throttle": 0.2200282421680791,
            "brake": 0.0,
            "steer": 0.0
        },
        {
            "throttle": 0.21888358028134075,
            "brake": 0.0,
            "steer": 0.0
        },
        {
            "throttle": 0.21868489086470438,
            "brake": 0.0,
            "steer": 0.0
        },
        {
            "throttle": 0.21943553550783948,
            "brake": 0.0,
            "steer": 0.0
        },
        {
            "throttle": 0.22112277296334198,
            "brake": 0.0,
            "steer": 0.0
        },
        {
            "throttle": 0.2237179751905914,
            "brake": 0.0,
            "steer": 0.0
        },
        {
            "throttle": 0.22717711289885173,
            "brake": 0.0,
            "steer": 0.0
        },
        {
            "throttle": 0.23144150235238306,
            "brake": 0.0,
            "steer": 0.0
        },
        {
            "throttle": 0.2364388007685858,
            "brake": 0.0,
            "steer": 0.0
        },
        {
            "throttle": 0.24208423342335242,
            "brake": 0.0,
            "steer": 0.0
        },
        {
            "throttle": 0.2482820316473828,
            "brake": 0.0,
            "steer": 0.0
        },
        {
            "throttle": 0.25492705731990434,
            "brake": 0.0,
            "steer": 0.0
        },
        {
            "throttle": 0.26190658630270697,
            "brake": 0.0,
            "steer": 0.0
        },
        {
            "throttle": 0.2691022205613242,
            "brake": 0.0,
            "steer": 0.0
        },
        {
            "throttle": 0.27639189653729485,
            "brake": 0.0,
            "steer": 0.0
        },
        {
            "throttle": 0.2836519557027587,
            "brake": 0.0,
            "steer": 0.0
        },
        {
            "throttle": 0.2907592421738683,
            "brake": 0.0,
            "steer": 0.0
        },
        {
            "throttle": 0.29759319180052857,
            "brake": 0.0,
            "steer": 0.0
        },
        {
            "throttle": 0.30403787729459636,
            "brake": 0.0,
            "steer": 0.0
        },
        {
            "throttle": 0.30998397470442607,
            "brake": 0.0,
            "steer": 0.0
        },
        {
            "throttle": 0.31533061787788846,
            "brake": 0.0,
            "steer": 0.0
        },
        {
            "throttle": 0.3199871094560832,
            "brake": 0.0,
            "steer": 0.0
        },
        {
            "throttle": 0.32387445937368026,
            "brake": 0.0,
            "steer": 0.0
        },
        {
            "throttle": 0.3269267247678779,
            "brake": 0.0,
            "steer": 0.0
        },
        {
            "throttle": 0.3290921285667237,
            "brake": 0.0,
            "steer": 0.0
        },
        {
            "throttle": 0.33033393778185655,
            "brake": 0.0,
            "steer": 0.0
        },
        {
            "throttle": 0.3306310866069198,
            "brake": 0.0,
            "steer": 0.0
        },
        {
            "throttle": 0.3299785337518114,
            "brake": 0.0,
            "steer": 0.0
        },
        {
            "throttle": 0.3283873479511513,
            "brake": 0.0,
            "steer": 0.0
        },
        {
            "throttle": 0.3258845201963854,
            "brake": 0.0,
            "steer": 0.0
        },
        {
            "throttle": 0.32251250587658575,
            "brake": 0.0,
            "steer": 0.0
        },
        {
            "throttle": 0.31832850459462375,
            "brake": 0.0,
            "steer": 0.0
        },
        {
            "throttle": 0.31340348987525424,
            "brake": 0.0,
            "steer": 0.0
        },
        {
            "throttle": 0.30782100522428557,
            "brake": 0.0,
            "steer": 0.0
        },
        {
            "throttle": 0.3016757469614403,
            "brake": 0.0,
            "steer": 0.0
        },
        {
            "throttle": 0.2950719578665129,
            "brake": 0.0,
            "steer": 0.0
        },
        {
            "throttle": 0.28812165888764296,
            "brake": 0.0,
            "steer": 0.0
        },
        {
            "throttle": 0.2809427489075038,
            "brake": 0.0,
            "steer": 0.0
        },
        {
            "throttle": 0.2736570048013713,
            "brake": 0.0,
            "steer": 0.0
        },
        {
            "throttle": 0.2663880157124027,
            "brake": 0.0,
            "steer": 0.0
        },
        {
            "throttle": 0.2592590865853466,
            "brake": 0.0,
            "steer": 0.0
        },
        {
            "throttle": 0.2523911465213798,
            "brake": 0.0,
            "steer": 0.0
        },
        {
            "throttle": 0.24590069743499018,
            "brake": 0.0,
            "steer": 0.0
        },
        {
            "throttle": 0.23989783781017407,
            "brake": 0.0,
            "steer": 0.0
        },
        {
            "throttle": 0.23448439507929716,
            "brake": 0.0,
            "steer": 0.0
        },
        {
            "throttle": 0.22975219830538468,
            "brake": 0.0,
            "steer": 0.0
        },
        {
            "throttle": 0.22578152046861583,
            "brake": 0.0,
            "steer": 0.0
        },
        {
            "throttle": 0.22263971678077452,
            "brake": 0.0,
            "steer": 0.0
        },
        {
            "throttle": 0.22038008212615284,
            "brake": 0.0,
            "steer": 0.0
        },
        {
            "throttle": 0.21904094701032473,
            "brake": 0.0,
            "steer": 0.0
        },
        {
            "throttle": 0.2186450273523585,
            "brake": 0.0,
            "steer": 0.0
        },
        {
            "throttle": 0.21919903915004701,
            "brake": 0.0,
            "steer": 0.0
        },
        {
            "throttle": 0.2206935845546486,
            "brake": 0.0,
            "steer": 0.0
        },
        {
            "throttle": 0.2231033112876653,
            "brake": 0.0,
            "steer": 0.0
        },
        {
            "throttle": 0.22638734269543834,
            "brake": 0.0,
            "steer": 0.0
        },
        {
            "throttle": 0.23048997114646397,
            "brake": 0.0,
            "steer": 0.0
        },
        {
            "throttle": 0.23534160300920595,
            "brake": 0.0,
            "steer": 0.0
        },
        {
            "throttle": 0.24085993918057733,
            "brake": 0.0,
            "steer": 0.0
        },
        {
            "throttle": 0.24695137113957782,
            "brake": 0.0,
            "steer": 0.0
        },
        {
            "throttle": 0.25351256884458334,
            "brake": 0.0,
            "steer": 0.0
        },
        {
            "throttle": 0.26043223353850664,
            "brake": 0.0,
            "steer": 0.0
        },
        {
            "throttle": 0.26759298572868834,
            "brake": 0.0,
            "steer": 0.0
        },
        {
            "throttle": 0.2748733563153846,
            "brake": 0.0,
            "steer": 0.0
        },
        {
            "throttle": 0.2821498470929917,
            "brake": 0.0,
            "steer": 0.0
        },
        {
            "throttle": 0.28929902567136445,
            "brake": 0.0,
            "steer": 0.0
        },
        {
            "throttle": 0.29619961928071376,
            "brake": 0.0,
            "steer": 0.0
        },
        {
            "throttle": 0.30273457194250464,
            "brake": 0.0,
            "steer": 0.0
        },
        {
            "throttle": 0.30879303011020687,
            "brake": 0.0,
            "steer": 0.0
        },
        {
            "throttle": 0.314272223097128,
            "brake": 0.0,
            "steer": 0.0
        },
        {
            "throttle": 0.3190792063933033,
            "brake": 0.0,
            "steer": 0.0
        },
        {
            "throttle": 0.3231324382992556,
            "brake": 0.0,
            "steer": 0.0
        },
        {
            "throttle": 0.3263631631319106,
            "brake": 0.0,
            "steer": 0.0
        },
        {
            "throttle": 0.3287165775391059,
            "brake": 0.0,
            "steer": 0.0
        },
        {
            "throttle": 0.33015276013829614,
            "brake": 0.0,
            "steer": 0.0
        },
        {
            "throttle": 0.3306473487098327,
            "brake": 0.0,
            "steer": 0.0
        },
        {
            "throttle": 0.33019195345746793,
            "brake": 0.0,
            "steer": 0.0
        },
        {
            "throttle": 0.32879429932587556,
            "brake": 0.0,
            "steer": 0.0
        },
        {
            "throttle": 0.3264780949610287,
            "brake": 0.0,
            "steer": 0.0
        },
        {
            "throttle": 0.32328263053628314,
            "brake": 0.0,
            "steer": 0.0
        },
        {
            "throttle": 0.3192621112663121,
            "brake": 0.0,
            "steer": 0.0
        },
        {
            "throttle": 0.31448473791460946,
            "brake": 0.0,
            "steer": 0.0
        },
        {
            "throttle": 0.30903154989207327,
            "brake": 0.0,
            "steer": 0.0
        },
        {
            "throttle": 0.3029950505713878,
            "brake": 0.0,
            "steer": 0.0
        },
        {
            "throttle": 0.29647763813623523,
            "brake": 0.0,
            "steer": 0.0
        },
        {
            "throttle": 0.28958986858311314,
            "brake": 0.0,
            "steer": 0.0
        },
        {
            "throttle": 0.28244858034075965,
            "brake": 0.0,
            "steer": 0.0
        },
        {
            "throttle": 0.27517491231959246,
            "brake": 0.0,
            "steer": 0.0
        },
        {
            "throttle": 0.267892249011332,
            "brake": 0.0,
            "steer": 0.0
        },
        {
            "throttle": 0.2607241274964411,
            "brake": 0.0,
            "steer": 0.0
        },
        {
            "throttle": 0.2537921418631767,
            "brake": 0.0,
            "steer": 0.0
        },
        {
            "throttle": 0.24721388058595697,
            "brake": 0.0,
            "steer": 0.0
        },
        {
            "throttle": 0.24110093185165168,
            "brake": 0.0,
            "steer": 0.0
        },
        {
            "throttle": 0.23555699066979352,
            "brake": 0.0,
            "steer": 0.0
        },
        {
            "throttle": 0.23067609987612656,
            "brake": 0.0,
            "steer": 0.0
        },
        {
            "throttle": 0.22654105486765522,
            "brake": 0.0,
            "steer": 0.0
        },
        {
            "throttle": 0.22322199912994894,
            "brake": 0.0,
            "steer": 0.0
        },
        {
            "throttle": 0.22077523438101715,
            "brake": 0.0,
            "steer": 0.0
        },
        {
            "throttle": 0.21924226551549,
            "brake": 0.0,
            "steer": 0.0
        },
        {
            "throttle": 0.21864909654988285,
            "brake": 0.0,
            "steer": 0.0
        },
        {
            "throttle": 0.21900578951194657,
            "brake": 0.0,
            "steer": 0.0
        },
        {
            "throttle": 0.2203062937567407,
            "brake": 0.0,
            "steer": 0.0
        },
        {
            "throttle": 0.2225285486047701,
            "brake": 0.0,
            "steer": 0.0
        },
        {
            "throttle": 0.2256348575611165,
            "brake": 0.0,
            "steer": 0.0
        },
        {
            "throttle": 0.22957252776762133,
            "brake": 0.0,
            "steer": 0.0
        },
        {
            "throttle": 0.23427476384098056,
            "brake": 0.0,
            "steer": 0.0
        },
        {
            "throttle": 0.23966180093442202,
            "brake": 0.0,
            "steer": 0.0
        },
        {
            "throttle": 0.24564225780264196,
            "brake": 0.0,
            "steer": 0.0
        },
        {
            "throttle": 0.2521146869177265,
            "brake": 0.0,
            "steer": 0.0
        },
        {
            "throttle": 0.25896929534117197,
            "brake": 0.0,
            "steer": 0.0
        },
        {
            "throttle": 0.26608980716055397,
            "brake": 0.0,
            "steer": 0.0
        },
        {
            "throttle": 0.2733554358980078,
            "brake": 0.0,
            "steer": 0.0
        }
    ],
    "parameters": {
        "fog_density": 12.289107682110183,
        "precipitation": 67.20778694568892,
        "precipitation_deposits": 10.008810963909509,
        "wind_intensity": 29.424803503806107,
        "sun_altitude_angle": 89.9983689250029,
        "cloudiness": 23.14710856376776,
        "lead_base_throttle": 0.27464462838203885,
        "lead_behavior_frequency": 0.20743456340496086,
        "lead_throttle_variation": 0.08901973367651742,
        "lead_brake_probability": 0.018634140554222665,
        "lead_brake_intensity": 0.5806509440864625,
        "lead_brake_duration": 24.382295576032643,
        "initial_distance": 63.24415718850274,
        "initial_ego_velocity": 18.646903579623242,
        "initial_lead_velocity": 23.136171292728225
    },
    "config": {
        "num_timesteps": 200,
        "dt": 0.1,
        "seed": 181
    }
}