{
    "weather": {
        "cloudiness": 78.13161701110872,
        "precipitation": 29.983774036768118,
        "precipitation_deposits": 52.130761572922815,
        "wind_intensity": 3.0168968222254513,
        "sun_altitude_angle": -13.603524916264934,
        "fog_density": 64.87344659998834,
        "fog_distance": 115.0431251051727,
        "wetness": 14.991887018384059
    },
    "initial_conditions": {
        "ego": {
            "position": {
                "x": 501.07854850483744,
                "y": 20.57,
                "z": 0.294
            },
            "yaw": 0.0,
            "velocity": 16.078098852913104
        },
        "lead": {
            "position": {
                "x": 484.88,
                "y": 20.57,
                "z": 0.294
            },
            "yaw": 0.0,
            "velocity": 13.229509570315495
        }
    },
    "ego": {
        "position": {
            "x": 501.07854850483744,
            "y": 20.57,
            "z": 0.294
        },
        "yaw": 0.0,
        "velocity": 16.078098852913104
    },
    "lead": {
        "position": {
            "x": 484.88,
            "y": 20.57,
            "z": 0.294
        },
        "yaw": 0.0,
        "velocity": 13.229509570315495
    },
    "ado_actions": [
        {
            "throttle": 0.2140009846400732,
            "brake": 0.0,
            "steer": 0.0
        },
        {
            "throttle": 0.21818962843820564,
            "brake": 0.0,
            "steer": 0.0
        },
        {
            "throttle": 0.22606487413073456,
            "brake": 0.0,
            "steer": 0.0
        },
        {
            "throttle": 0.2370933582084328,
            "brake": 0.0,
            "steer": 0.0
        },
        {
            "throttle": 0.2507167983734537,
            "brake": 0.0,
            "steer": 0.0
        },
        {
            "throttle": 0.26635931005452823,
            "brake": 0.0,
            "steer": 0.0
        },
        {
            "throttle": 0.2834354494436767,
            "brake": 0.0,
            "steer": 0.0
        },
        {
            "throttle": 0.3013587856391021,
            "brake": 0.0,
            "steer": 0.0
        },
        {
            "throttle": 0.31955079774179224,
            "brake": 0.0,
            "steer": 0.0
        },
        {
            "throttle": 0.3374498896932727,
            "brake": 0.0,
            "steer": 0.0
        },
        {
            "throttle": 0.35452031635738546,
            "brake": 0.0,
            "steer": 0.0
        },
        {
            "throttle": 0.37026081885964107,
            "brake": 0.0,
            "steer": 0.0
        },
        {
            "throttle": 0.3842127754445704,
            "brake": 0.0,
            "steer": 0.0
        },
        {
            "throttle": 0.3959676859582951,
            "brake": 0.0,
            "steer": 0.0
        },
        {
            "throttle": 0.40517382329973245,
            "brake": 0.0,
            "steer": 0.0
        },
        {
            "throttle": 0.4115419035291494,
            "brake": 0.0,
            "steer": 0.0
        },
        {
            "throttle": 0.4148496474329167,
            "brake": 0.0,
            "steer": 0.0
        },
        {
            "throttle": 0.4149451298171166,
            "brake": 0.0,
            "steer": 0.0
        },
        {
            "throttle": 0.41174883819021607,
            "brake": 0.0,
            "steer": 0.0
        },
        {
            "throttle": 0.4052543893067918,
            "brake": 0.0,
            "steer": 0.0
        },
        {
            "throttle": 0.39552787976100556,
            "brake": 0.0,
            "steer": 0.0
        },
        {
            "throttle": 0.3827058749016096,
            "brake": 0.0,
            "steer": 0.0
        },
        {
            "throttle": 0.36699206824269714,
            "brake": 0.0,
            "steer": 0.0
        },
        {
            "throttle": 0.34865267072168954,
            "brake": 0.0,
            "steer": 0.0
        },
        {
            "throttle": 0.32801061507712553,
            "brake": 0.0,
            "steer": 0.0
        },
        {
            "throttle": 0.3054386847767001,
            "brake": 0.0,
            "steer": 0.0
        },
        {
            "throttle": 0.2813516988479598,
            "brake": 0.0,
            "steer": 0.0
        },
        {
            "throttle": 0.25619790322106284,
            "brake": 0.0,
            "steer": 0.0
        },
        {
            "throttle": 0.23057811289895655,
            "brake": 0.0,
            "steer": 0.0
        },
        {
            "throttle": 0.2075203016090609,
            "brake": 0.0,
            "steer": 0.0
        },
        {
            "throttle": 0.1867682714481548,
            "brake": 0.0,
            "steer": 0.0
        },
        {
            "throttle": 0.16809144430333933,
            "brake": 0.0,
            "steer": 0.0
        },
        {
            "throttle": 0.1512822998730054,
            "brake": 0.0,
            "steer": 0.0
        },
        {
            "throttle": 0.13615406988570486,
            "brake": 0.0,
            "steer": 0.0
        },
        {
            "throttle": 0.12253866289713437,
            "brake": 0.0,
            "steer": 0.0
        },
        {
            "throttle": 0.11028479660742094,
            "brake": 0.0,
            "steer": 0.0
        },
        {
            "throttle": 0.09925631694667884,
            "brake": 0.0,
            "steer": 0.0
        },
        {
            "throttle": 0.08933068525201096,
            "brake": 0.0,
            "steer": 0.0
        },
        {
            "throttle": 0.08039761672680987,
            "brake": 0.0,
            "steer": 0.0
        },
        {
            "throttle": 0.07274176824153228,
            "brake": 0.0,
            "steer": 0.0
        },
        {
            "throttle": 0.0690295931305964,
            "brake": 0.0,
            "steer": 0.0
        },
        {
            "throttle": 0.06922095057730632,
            "brake": 0.0,
            "steer": 0.0
        },
        {
            "throttle": 0.07320956961059019,
            "brake": 0.0,
            "steer": 0.0
        },
        {
            "throttle": 0.080824020852722,
            "brake": 0.0,
            "steer": 0.0
        },
        {
            "throttle": 0.09183009603058924,
            "brake": 0.0,
            "steer": 0.0
        },
        {
            "throttle": 0.10593453661282339,
            "brake": 0.0,
            "steer": 0.0
        },
        {
            "throttle": 0.12279002728291764,
            "brake": 0.0,
            "steer": 0.0
        },
        {
            "throttle": 0.1420013458662238,
            "brake": 0.0,
            "steer": 0.0
        },
        {
            "throttle": 0.16313253928625454,
            "brake": 0.0,
            "steer": 0.0
        },
        {
            "throttle": 0.18571497558098074,
            "brake": 0.0,
            "steer": 0.0
        },
        {
            "throttle": 0.20925610536014572,
            "brake": 0.0,
            "steer": 0.0
        },
        {
            "throttle": 0.2332487526689469,
            "brake": 0.0,
            "steer": 0.0
        },
        {
            "throttle": 0.2571807453156363,
            "brake": 0.0,
            "steer": 0.0
        },
        {
            "throttle": 0.28054468852413483,
            "brake": 0.0,
            "steer": 0.0
        },
        {
            "throttle": 0.3028476834167438,
            "brake": 0.0,
            "steer": 0.0
        },
        {
            "throttle": 0.3236207933686951,
            "brake": 0.0,
            "steer": 0.0
        },
        {
            "throttle": 0.34242806668000597,
            "brake": 0.0,
            "steer": 0.0
        },
        {
            "throttle": 0.3588749331779856,
            "brake": 0.0,
            "steer": 0.0
        },
        {
            "throttle": 0.37261580511770986,
            "brake": 0.0,
            "steer": 0.0
        },
        {
            "throttle": 0.3833607288381313,
            "brake": 0.0,
            "steer": 0.0
        },
        {
            "throttle": 0.39088095274192447,
            "brake": 0.0,
            "steer": 0.0
        },
        {
            "throttle": 0.3950132989210876,
            "brake": 0.0,
            "steer": 0.0
        },
        {
            "throttle": 0.3956632497183387,
            "brake": 0.0,
            "steer": 0.0
        },
        {
            "throttle": 0.3928066862228589,
            "brake": 0.0,
            "steer": 0.0
        },
        {
            "throttle": 0.38649024263953324,
            "brake": 0.0,
            "steer": 0.0
        },
        {
            "throttle": 0.3768302681104415,
            "brake": 0.0,
            "steer": 0.0
        },
        {
            "throttle": 0.3640104153587988,
            "brake": 0.0,
            "steer": 0.0
        },
        {
            "throttle": 0.34827790291850225,
            "brake": 0.0,
            "steer": 0.0
        },
        {
            "throttle": 0.3299385241643214,
            "brake": 0.0,
            "steer": 0.0
        },
        {
            "throttle": 0.30935050134454256,
            "brake": 0.0,
            "steer": 0.0
        },
        {
            "throttle": 0.28691730584448455,
            "brake": 0.0,
            "steer": 0.0
        },
        {
            "throttle": 0.26307958651948676,
            "brake": 0.0,
            "steer": 0.0
        },
        {
            "throttle": 0.2383063657213726,
            "brake": 0.0,
            "steer": 0.0
        },
        {
            "throttle": 0.21447572914923535,
            "brake": 0.0,
            "steer": 0.0
        },
        {
            "throttle": 0.19302815623431183,
            "brake": 0.0,
            "steer": 0.0
        },
        {
            "throttle": 0.17372534061088066,
            "brake": 0.0,
            "steer": 0.0
        },
        {
            "throttle": 0.15635280654979258,
            "brake": 0.0,
            "steer": 0.0
        },
        {
            "throttle": 0.14071752589481332,
            "brake": 0.0,
            "steer": 0.0
        },
        {
            "throttle": 0.126645773305332,
            "brake": 0.0,
            "steer": 0.0
        },
        {
            "throttle": 0.1139811959747988,
            "brake": 0.0,
            "steer": 0.0
        },
        {
            "throttle": 0.10258307637731892,
            "brake": 0.0,
            "steer": 0.0
        },
        {
            "throttle": 0.09232476873958703,
            "brake": 0.0,
            "steer": 0.0
        },
        {
            "throttle": 0.08309229186562833,
            "brake": 0.0,
            "steer": 0.0
        },
        {
            "throttle": 0.0747830626790655,
            "brake": 0.0,
            "steer": 0.0
        },
        {
            "throttle": 0.06906885190673422,
            "brake": 0.0,
            "steer": 0.0
        },
        {
            "throttle": 0.06727159799197344,
            "brake": 0.0,
            "steer": 0.0
        },
        {
            "throttle": 0.0693230991505257,
            "brake": 0.0,
            "steer": 0.0
        },
        {
            "throttle": 0.07508911467971503,
            "brake": 0.0,
            "steer": 0.0
        },
        {
            "throttle": 0.0843709917781231,
            "brake": 0.0,
            "steer": 0.0
        },
        {
            "throttle": 0.09690867534344953,
            "brake": 0.0,
            "steer": 0.0
        },
        {
            "throttle": 0.11238503059125589,
            "brake": 0.0,
            "steer": 0.0
        },
        {
            "throttle": 0.13043138330638504,
            "brake": 0.0,
            "steer": 0.0
        },
        {
            "throttle": 0.150634159294287,
            "brake": 0.0,
            "steer": 0.0
        },
        {
            "throttle": 0.17254248361323685,
            "brake": 0.0,
            "steer": 0.0
        },
        {
            "throttle": 0.1956765818666011,
            "brake": 0.0,
            "steer": 0.0
        },
        {
            "throttle": 0.2195368105887391,
            "brake": 0.0,
            "steer": 0.0
        },
        {
            "throttle": 0.24361313187913752,
            "brake": 0.0,
            "steer": 0.0
        },
        {
            "throttle": 0.2673948391696773,
            "brake": 0.0,
            "steer": 0.0
        },
        {
            "throttle": 0.2903803365198725,
            "brake": 0.0,
            "steer": 0.0
        },
        {
            "throttle": 0.3120867732191886,
            "brake": 0.0,
            "steer": 0.0
        },
        {
            "throttle": 0.33205933875133686,
            "brake": 0.0,
            "steer": 0.0
        },
        {
            "throttle": 0.34988003028217346,
            "brake": 0.0,
            "steer": 0.0
        },
        {
            "throttle": 0.3651757156334111,
            "brake": 0.0,
            "steer": 0.0
        },
        {
            "throttle": 0.3776253289879175,
            "brake": 0.0,
            "steer": 0.0
        },
        {
            "throttle": 0.3869660540585522,
            "brake": 0.0,
            "steer": 0.0
        },
        {
            "throttle": 0.39299836979697694,
            "brake": 0.0,
            "steer": 0.0
        },
        {
            "throttle": 0.3955898565203053,
            "brake": 0.0,
            "steer": 0.0
        },
        {
            "throttle": 0.39467768514142576,
            "brake": 0.0,
            "steer": 0.0
        },
        {
            "throttle": 0.39026973851284297,
            "brake": 0.0,
            "steer": 0.0
        },
        {
            "throttle": 0.3824443412131248,
            "brake": 0.0,
            "steer": 0.0
        },
        {
            "throttle": 0.3713486018787413,
            "brake": 0.0,
            "steer": 0.0
        },
        {
            "throttle": 0.35719539986227733,
            "brake": 0.0,
            "steer": 0.0
        },
        {
            "throttle": 0.34025907503246233,
            "brake": 0.0,
            "steer": 0.0
        },
        {
            "throttle": 0.32086990538660315,
            "brake": 0.0,
            "steer": 0.0
        },
        {
            "throttle": 0.2994074813095433,
            "brake": 0.0,
            "steer": 0.0
        },
        {
            "throttle": 0.276293107306387,
            "brake": 0.0,
            "steer": 0.0
        },
        {
            "throttle": 0.2519813814231043,
            "brake": 0.0,
            "steer": 0.0
        },
        {
            "throttle": 0.22695111896562137,
            "brake": 0.0,
            "steer": 0.0
        },
        {
            "throttle": 0.20425600706905925,
            "brake": 0.0,
            "steer": 0.0
        },
        {
            "throttle": 0.18383040636215334,
            "brake": 0.0,
            "steer": 0.0
        },
        {
            "throttle": 0.16544736572593802,
            "brake": 0.0,
            "steer": 0.0
        },
        {
            "throttle": 0.1489026291533442,
            "brake": 0.0,
            "steer": 0.0
        },
        {
            "throttle": 0.1340123662380098,
            "brake": 0.0,
            "steer": 0.0
        },
        {
            "throttle": 0.12061112961420882,
            "brake": 0.0,
            "steer": 0.0
        },
        {
            "throttle": 0.10855001665278793,
            "brake": 0.0,
            "steer": 0.0
        },
        {
            "throttle": 0.09769501498750914,
            "brake": 0.0,
            "steer": 0.0
        },
        {
            "throttle": 0.08792551348875823,
            "brake": 0.0,
            "steer": 0.0
        },
        {
            "throttle": 0.0791329621398824,
            "brake": 0.0,
            "steer": 0.0
        },
        {
            "throttle": 0.07130420447832474,
            "brake": 0.0,
            "steer": 0.0
        },
        {
            "throttle": 0.06739691502734918,
            "brake": 0.0,
            "steer": 0.0
        },
        {
            "throttle": 0.06737990273564232,
            "brake": 0.0,
            "steer": 0.0
        },
        {
            "throttle": 0.07115560210031689,
            "brake": 0.0,
            "steer": 0.0
        },
        {
            "throttle": 0.07856092279473129,
            "brake": 0.0,
            "steer": 0.0
        },
        {
            "throttle": 0.08936950926090487,
            "brake": 0.0,
            "steer": 0.0
        },
        {
            "throttle": 0.10329535451769983,
            "brake": 0.0,
            "steer": 0.0
        },
        {
            "throttle": 0.11999768663192133,
            "brake": 0.0,
            "steer": 0.0
        },
        {
            "throttle": 0.13908702200615042,
            "brake": 0.0,
            "steer": 0.0
        },
        {
            "throttle": 0.1601322573477676,
            "brake": 0.0,
            "steer": 0.0
        },
        {
            "throttle": 0.1826686523506484,
            "brake": 0.0,
            "steer": 0.0
        },
        {
            "throttle": 0.20620653814707665,
            "brake": 0.0,
            "steer": 0.0
        },
        {
            "throttle": 0.23024057281751795,
            "brake": 0.0,
            "steer": 0.0
        },
        {
            "throttle": 0.25425935496060215,
            "brake": 0.0,
            "steer": 0.0
        },
        {
            "throttle": 0.2777551997356538,
            "brake": 0.0,
            "steer": 0.0
        },
        {
            "throttle": 0.300233879032017,
            "brake": 0.0,
            "steer": 0.0
        },
        {
            "throttle": 0.3212241285532301,
            "brake": 0.0,
            "steer": 0.0
        },
        {
            "throttle": 0.3402867296119769,
            "brake": 0.0,
            "steer": 0.0
        },
        {
            "throttle": 0.3570229822184422,
            "brake": 0.0,
            "steer": 0.0
        },
        {
            "throttle": 0.3710823984395481,
            "brake": 0.0,
            "steer": 0.0
        },
        {
            "throttle": 0.3821694607668086,
            "brake": 0.0,
            "steer": 0.0
        },
        {
            "throttle": 0.3900493090463289,
            "brake": 0.0,
            "steer": 0.0
        },
        {
            "throttle": 0.39455224102491987,
            "brake": 0.0,
            "steer": 0.0
        },
        {
            "throttle": 0.39557693532691895,
            "brake": 0.0,
            "steer": 0.0
        },
        {
            "throttle": 0.3930923312275278,
            "brake": 0.0,
            "steer": 0.0
        },
        {
            "throttle": 0.3871381264249044,
            "brake": 0.0,
            "steer": 0.0
        },
        {
            "throttle": 0.3778238816037891,
            "brake": 0.0,
            "steer": 0.0
        },
        {
            "throttle": 0.3653267483818445,
            "brake": 0.0,
            "steer": 0.0
        },
        {
            "throttle": 0.3498878646855954,
            "brake": 0.0,
            "steer": 0.0
        },
        {
            "throttle": 0.3318074881719846,
            "brake": 0.0,
            "steer": 0.0
        },
        {
            "throttle": 0.3114389634676905,
            "brake": 0.0,
            "steer": 0.0
        },
        {
            "throttle": 0.2891816422430179,
            "brake": 0.0,
            "steer": 0.0
        },
        {
            "throttle": 0.265472896009731,
            "brake": 0.0,
            "steer": 0.0
        },
        {
            "throttle": 0.24077937961905338,
            "brake": 0.0,
            "steer": 0.0
        },
        {
            "throttle": 0.21670144165714805,
            "brake": 0.0,
            "steer": 0.0
        },
        {
            "throttle": 0.19503129749143325,
            "brake": 0.0,
            "steer": 0.0
        },
        {
            "throttle": 0.17552816774228994,
            "brake": 0.0,
            "steer": 0.0
        },
        {
            "throttle": 0.15797535096806095,
            "brake": 0.0,
            "steer": 0.0
        },
        {
            "throttle": 0.14217781587125486,
            "brake": 0.0,
            "steer": 0.0
        },
        {
            "throttle": 0.1279600342841294,
            "brake": 0.0,
            "steer": 0.0
        },
        {
            "throttle": 0.11516403085571646,
            "brake": 0.0,
            "steer": 0.0
        },
        {
            "throttle": 0.10364762777014482,
            "brake": 0.0,
            "steer": 0.0
        },
        {
            "throttle": 0.09328286499313033,
            "brake": 0.0,
            "steer": 0.0
        },
        {
            "throttle": 0.08395457849381731,
            "brake": 0.0,
            "steer": 0.0
        },
        {
            "throttle": 0.07555912064443558,
            "brake": 0.0,
            "steer": 0.0
        },
        {
            "throttle": 0.06944939473612612,
            "brake": 0.0,
            "steer": 0.0
        },
        {
            "throttle": 0.06725961583832456,
            "brake": 0.0,
            "steer": 0.0
        },
        {
            "throttle": 0.06892832218286031,
            "brake": 0.0,
            "steer": 0.0
        },
        {
            "throttle": 0.0743279253319711,
            "brake": 0.0,
            "steer": 0.0
        },
        {
            "throttle": 0.08326619435127752,
            "brake": 0.0,
            "steer": 0.0
        },
        {
            "throttle": 0.09548912859084488,
            "brake": 0.0,
            "steer": 0.0
        },
        {
            "throttle": 0.11068515153242142,
            "brake": 0.0,
            "steer": 0.0
        },
        {
            "throttle": 0.1284905329768523,
            "brake": 0.0,
            "steer": 0.0
        },
        {
            "throttle": 0.14849592339796633,
            "brake": 0.0,
            "steer": 0.0
        },
        {
            "throttle": 0.17025386305404785,
            "brake": 0.0,
            "steer": 0.0
        },
        {
            "throttle": 0.193287109856455,
            "brake": 0.0,
            "steer": 0.0
        },
        {
            "throttle": 0.21709761442473086,
            "brake": 0.0,
            "steer": 0.0
        },
        {
            "throttle": 0.24117595852550536,
            "brake": 0.0,
            "steer": 0.0
        },
        {
            "throttle": 0.2650110644484025,
            "brake": 0.0,
            "steer": 0.0
        },
        {
            "throttle": 0.28809997799388787,
            "brake": 0.0,
            "steer": 0.0
        },
        {
            "throttle": 0.3099575267379767,
            "brake": 0.0,
            "steer": 0.0
        },
        {
            "throttle": 0.3301256581220385,
            "brake": 0.0,
            "steer": 0.0
        },
        {
            "throttle": 0.34818226863985047,
            "brake": 0.0,
            "steer": 0.0
        },
        {
            "throttle": 0.3637493458291053,
            "brake": 0.0,
            "steer": 0.0
        },
        {
            "throttle": 0.376500258717214,
            "brake": 0.0,
            "steer": 0.0
        },
        {
            "throttle": 0.3861660495478841,
            "brake": 0.0,
            "steer": 0.0
        },
        {
            "throttle": 0.39254059968746724,
            "brake": 0.0,
            "steer": 0.0
        },
        {
            "throttle": 0.3954845651825325,
            "brake": 0.0,
            "steer": 0.0
        },
        {
            "throttle": 0.3949280020666873,
            "brake": 0.0,
            "steer": 0.0
        },
        {
            "throttle": 0.390871627708474,
            "brake": 0.0,
            "steer": 0.0
        },
        {
            "throttle": 0.38338669173499706,
            "brake": 0.0,
            "steer": 0.0
        },
        {
            "throttle": 0.372613457818565,
            "brake": 0.0,
            "steer": 0.0
        }
    ],
    "parameters": {
        "fog_density": 64.87344659998834,
        "precipitation": 29.983774036768118,
        "precipitation_deposits": 52.130761572922815,
        "wind_intensity": 3.0168968222254513,
        "sun_altitude_angle": -13.603524916264934,
        "cloudiness": 78.13161701110872,
        "lead_base_throttle": 0.2140009846400732,
        "lead_behavior_frequency": 0.2244638495355638,
        "lead_throttle_variation": 0.2979805074170943,
        "lead_brake_probability": 0.01386754734743093,
        "lead_brake_intensity": 0.3771721145402508,
        "lead_brake_duration": 11.1953492585927,
        "initial_distance": 16.198548504837472,
        "initial_ego_velocity": 16.078098852913104,
        "initial_lead_velocity": 13.229509570315495
    },
    "config": {
        "num_timesteps": 200,
        "dt": 0.1,
        "seed": 192
    }
}