{
    "weather": {
        "cloudiness": 0.845634746158852,
        "precipitation": 87.19506574021621,
        "precipitation_deposits": 56.390481868588,
        "wind_intensity": 35.04653018837903,
        "sun_altitude_angle": 19.3869784917434,
        "fog_density": 65.44170356330578,
        "fog_distance": 112.88449865798313,
        "wetness": 43.597532870108104
    },
    "initial_conditions": {
        "ego": {
            "position": {
                "x": 511.1793023195206,
                "y": 20.57,
                "z": 0.294
            },
            "yaw": 0.0,
            "velocity": 15.91450847447622
        },
        "lead": {
            "position": {
                "x": 484.88,
                "y": 20.57,
                "z": 0.294
            },
            "yaw": 0.0,
            "velocity": 5.053006728012324
        }
    },
    "ego": {
        "position": {
            "x": 511.1793023195206,
            "y": 20.57,
            "z": 0.294
        },
        "yaw": 0.0,
        "velocity": 15.91450847447622
    },
    "lead": {
        "position": {
            "x": 484.88,
            "y": 20.57,
            "z": 0.294
        },
        "yaw": 0.0,
        "velocity": 5.053006728012324
    },
    "ado_actions": [
        {
            "throttle": 0.47030214026498884,
            "brake": 0.0,
            "steer": 0.0
        },
        {
            "throttle": 0.4755257440059463,
            "brake": 0.0,
            "steer": 0.0
        },
        {
            "throttle": 0.4852857408499611,
            "brake": 0.0,
            "steer": 0.0
        },
        {
            "throttle": 0.4988039934229395,
            "brake": 0.0,
            "steer": 0.0
        },
        {
            "throttle": 0.4489235940806456,
            "brake": 0.03161336874983983,
            "steer": 0.0
        },
        {
            "throttle": 0.404031234672581,
            "brake": 0.06006540062469568,
            "steer": 0.0
        },
        {
            "throttle": 0.3636281112053229,
            "brake": 0.08567222931206595,
            "steer": 0.0
        },
        {
            "throttle": 0.3272653000847906,
            "brake": 0.10871837513069918,
            "steer": 0.0
        },
        {
            "throttle": 0.2945387700763116,
            "brake": 0.1294599063674691,
            "steer": 0.0
        },
        {
            "throttle": 0.26508489306868044,
            "brake": 0.148127284480562,
            "steer": 0.0
        },
        {
            "throttle": 0.2385764037618124,
            "brake": 0.16492792478234564,
            "steer": 0.0
        },
        {
            "throttle": 0.21471876338563117,
            "brake": 0.1800485010539509,
            "steer": 0.0
        },
        {
            "throttle": 0.19324688704706805,
            "brake": 0.19365701969839563,
            "steer": 0.0
        },
        {
            "throttle": 0.17392219834236125,
            "brake": 0.2059046864783959,
            "steer": 0.0
        },
        {
            "throttle": 0.15652997850812514,
            "brake": 0.21692758658039615,
            "steer": 0.0
        },
        {
            "throttle": 0.14087698065731263,
            "brake": 0.22684819667219638,
            "steer": 0.0
        },
        {
            "throttle": 0.12678928259158137,
            "brake": 0.23577674575481658,
            "steer": 0.0
        },
        {
            "throttle": 0.11411035433242324,
            "brake": 0.24381243992917476,
            "steer": 0.0
        },
        {
            "throttle": 0.10269931889918092,
            "brake": 0.25104456468609715,
            "steer": 0.0
        },
        {
            "throttle": 0.13249491220913684,
            "brake": 0.22594010821748745,
            "steer": 0.0
        },
        {
            "throttle": 0.15434469459564623,
            "brake": 0.2033460973957387,
            "steer": 0.0
        },
        {
            "throttle": 0.16941977239551237,
            "brake": 0.18301148765616482,
            "steer": 0.0
        },
        {
            "throttle": 0.17891898721456778,
            "brake": 0.16471033889054834,
            "steer": 0.0
        },
        {
            "throttle": 0.1840496885931297,
            "brake": 0.14823930500149352,
            "steer": 0.0
        },
        {
            "throttle": 0.18600637751433902,
            "brake": 0.13341537450134416,
            "steer": 0.0
        },
        {
            "throttle": 0.1859480808047461,
            "brake": 0.12007383705120975,
            "steer": 0.0
        },
        {
            "throttle": 0.18497533792134965,
            "brake": 0.10806645334608878,
            "steer": 0.0
        },
        {
            "throttle": 0.18410767710596665,
            "brake": 0.0972598080114799,
            "steer": 0.0
        },
        {
            "throttle": 0.18426242737267595,
            "brake": 0.08753382721033191,
            "steer": 0.0
        },
        {
            "throttle": 0.18623565707269926,
            "brake": 0.07878044448929872,
            "steer": 0.0
        },
        {
            "throttle": 0.19068595046123987,
            "brake": 0.07090240004036885,
            "steer": 0.0
        },
        {
            "throttle": 0.19812163314008546,
            "brake": 0.06381216003633197,
            "steer": 0.0
        },
        {
            "throttle": 0.20889193851936821,
            "brake": 0.05743094403269878,
            "steer": 0.0
        },
        {
            "throttle": 0.22318247416887674,
            "brake": 0.0516878496294289,
            "steer": 0.0
        },
        {
            "throttle": 0.24101520322076958,
            "brake": 0.04651906466648601,
            "steer": 0.0
        },
        {
            "throttle": 0.2622530062877146,
            "brake": 0.04186715819983741,
            "steer": 0.0
        },
        {
            "throttle": 0.2866087383175492,
            "brake": 0.03768044237985367,
            "steer": 0.0
        },
        {
            "throttle": 0.31365854711215896,
            "brake": 0.033912398141868305,
            "steer": 0.0
        },
        {
            "throttle": 0.34285908049054487,
            "brake": 0.030521158327681475,
            "steer": 0.0
        },
        {
            "throttle": 0.37356808162586197,
            "brake": 0.027469042494913328,
            "steer": 0.0
        },
        {
            "throttle": 0.4050677609031814,
            "brake": 0.024722138245421996,
            "steer": 0.0
        },
        {
            "throttle": 0.43659024119034984,
            "brake": 0.022249924420879797,
            "steer": 0.0
        },
        {
            "throttle": 0.4673443045322139,
            "brake": 0.020024931978791818,
            "steer": 0.0
        },
        {
            "throttle": 0.49654262410416683,
            "brake": 0.018022438780912635,
            "steer": 0.0
        },
        {
            "throttle": 0.5234286471540612,
            "brake": 0.016220194902821373,
            "steer": 0.0
        },
        {
            "throttle": 0.5473023031624213,
            "brake": 0.014598175412539237,
            "steer": 0.0
        },
        {
            "throttle": 0.5675437462633744,
            "brake": 0.013138357871285313,
            "steer": 0.0
        },
        {
            "throttle": 0.5836344009690273,
            "brake": 0.011824522084156781,
            "steer": 0.0
        },
        {
            "throttle": 0.5951746635119955,
            "brake": 0.010642069875741103,
            "steer": 0.0
        },
        {
            "throttle": 0.601897715016121,
            "brake": 0.009577862888166993,
            "steer": 0.0
        },
        {
            "throttle": 0.6036790239269719,
            "brake": 0.008620076599350294,
            "steer": 0.0
        },
        {
            "throttle": 0.6005412498394154,
            "brake": 0.007758068939415265,
            "steer": 0.0
        },
        {
            "throttle": 0.5926544047833986,
            "brake": 0.006982262045473739,
            "steer": 0.0
        },
        {
            "throttle": 0.5803312766156745,
            "brake": 0.006284035840926365,
            "steer": 0.0
        },
        {
            "throttle": 0.5640182677133215,
            "brake": 0.005655632256833729,
            "steer": 0.0
        },
        {
            "throttle": 0.5442819459757328,
            "brake": 0.005090069031150356,
            "steer": 0.0
        },
        {
            "throttle": 0.5217917396670687,
            "brake": 0.0045810621280353205,
            "steer": 0.0
        },
        {
            "throttle": 0.497299328616757,
            "brake": 0.004122955915231789,
            "steer": 0.0
        },
        {
            "throttle": 0.47161538791545354,
            "brake": 0.00371066032370861,
            "steer": 0.0
        },
        {
            "throttle": 0.44558442322074077,
            "brake": 0.003339594291337749,
            "steer": 0.0
        },
        {
            "throttle": 0.4200584964956966,
            "brake": 0.003005634862203974,
            "steer": 0.0
        },
        {
            "throttle": 0.3958706755542374,
            "brake": 0.0027050713759835766,
            "steer": 0.0
        },
        {
            "throttle": 0.3738090490842678,
            "brake": 0.002434564238385219,
            "steer": 0.0
        },
        {
            "throttle": 0.3545921305966547,
            "brake": 0.002191107814546697,
            "steer": 0.0
        },
        {
            "throttle": 0.3388464305757819,
            "brake": 0.0019719970330920275,
            "steer": 0.0
        },
        {
            "throttle": 0.3270869073761938,
            "brake": 0.0017747973297828248,
            "steer": 0.0
        },
        {
            "throttle": 0.3197009162852578,
            "brake": 0.0015973175968045424,
            "steer": 0.0
        },
        {
            "throttle": 0.31693616552661086,
            "brake": 0.0014375858371240883,
            "steer": 0.0
        },
        {
            "throttle": 0.3188930613024452,
            "brake": 0.0012938272534116794,
            "steer": 0.0
        },
        {
            "throttle": 0.32552168525974434,
            "brake": 0.0011644445280705115,
            "steer": 0.0
        },
        {
            "throttle": 0.3366235013917477,
            "brake": 0.0010480000752634605,
            "steer": 0.0
        },
        {
            "throttle": 0.35185773996859254,
            "brake": 0.0009432000677371145,
            "steer": 0.0
        },
        {
            "throttle": 0.3707522583438533,
            "brake": 0.000848880060963403,
            "steer": 0.0
        },
        {
            "throttle": 0.39271853706767035,
            "brake": 0.0007639920548670627,
            "steer": 0.0
        },
        {
            "throttle": 0.4170703391137778,
            "brake": 0.0006875928493803565,
            "steer": 0.0
        },
        {
            "throttle": 0.4430454443179922,
            "brake": 0.0006188335644423208,
            "steer": 0.0
        },
        {
            "throttle": 0.4698297739800855,
            "brake": 0.0005569502079980888,
            "steer": 0.0
        },
        {
            "throttle": 0.4965831450641543,
            "brake": 0.0005012551871982799,
            "steer": 0.0
        },
        {
            "throttle": 0.44692483055773885,
            "brake": 0.03206449841831829,
            "steer": 0.0
        },
        {
            "throttle": 0.40223234750196496,
            "brake": 0.06047141732632629,
            "steer": 0.0
        },
        {
            "throttle": 0.36200911275176845,
            "brake": 0.0860376443435335,
            "steer": 0.0
        },
        {
            "throttle": 0.3258082014765916,
            "brake": 0.10904724865901999,
            "steer": 0.0
        },
        {
            "throttle": 0.29322738132893245,
            "brake": 0.12975589254295783,
            "steer": 0.0
        },
        {
            "throttle": 0.26390464319603923,
            "brake": 0.1483936720385019,
            "steer": 0.0
        },
        {
            "throttle": 0.2375141788764353,
            "brake": 0.16516767358449155,
            "steer": 0.0
        },
        {
            "throttle": 0.21376276098879177,
            "brake": 0.18026427497588224,
            "steer": 0.0
        },
        {
            "throttle": 0.19238648488991258,
            "brake": 0.19385121622813384,
            "steer": 0.0
        },
        {
            "throttle": 0.17314783640092132,
            "brake": 0.20607946335516028,
            "steer": 0.0
        },
        {
            "throttle": 0.1558330527608292,
            "brake": 0.2170848857694841,
            "steer": 0.0
        },
        {
            "throttle": 0.14024974748474628,
            "brake": 0.22698976594237552,
            "steer": 0.0
        },
        {
            "throttle": 0.12622477273627167,
            "brake": 0.2359041580979778,
            "steer": 0.0
        },
        {
            "throttle": 0.1136022954626445,
            "brake": 0.24392711103801984,
            "steer": 0.0
        },
        {
            "throttle": 0.10224206591638005,
            "brake": 0.2511477686840577,
            "steer": 0.0
        },
        {
            "throttle": 0.11716271043044309,
            "brake": 0.22603299181565192,
            "steer": 0.0
        },
        {
            "throttle": 0.1274309692314545,
            "brake": 0.20342969263408672,
            "steer": 0.0
        },
        {
            "throttle": 0.1343024907015295,
            "brake": 0.18308672337067805,
            "steer": 0.0
        },
        {
            "throttle": 0.138982149763711,
            "brake": 0.16477805103361026,
            "steer": 0.0
        },
        {
            "throttle": 0.14260182058313742,
            "brake": 0.14830024593024924,
            "steer": 0.0
        },
        {
            "throttle": 0.1461988733773938,
            "brake": 0.1334702213372243,
            "steer": 0.0
        },
        {
            "throttle": 0.15069623191940534,
            "brake": 0.12012319920350188,
            "steer": 0.0
        },
        {
            "throttle": 0.1568847632657531,
            "brake": 0.10811087928315169,
            "steer": 0.0
        },
        {
            "throttle": 0.1654086834239214,
            "brake": 0.09729979135483652,
            "steer": 0.0
        },
        {
            "throttle": 0.17675455469722362,
            "brake": 0.08756981221935287,
            "steer": 0.0
        },
        {
            "throttle": 0.19124432558136711,
            "brake": 0.07881283099741758,
            "steer": 0.0
        },
        {
            "throttle": 0.20903272614442853,
            "brake": 0.07093154789767582,
            "steer": 0.0
        },
        {
            "throttle": 0.23010918504053762,
            "brake": 0.06383839310790825,
            "steer": 0.0
        },
        {
            "throttle": 0.25430428321539905,
            "brake": 0.05745455379711742,
            "steer": 0.0
        },
        {
            "throttle": 0.2813006086339179,
            "brake": 0.05170909841740568,
            "steer": 0.0
        },
        {
            "throttle": 0.3106477306694587,
            "brake": 0.046538188575665114,
            "steer": 0.0
        },
        {
            "throttle": 0.341780876662921,
            "brake": 0.041884369718098606,
            "steer": 0.0
        },
        {
            "throttle": 0.3740427708159837,
            "brake": 0.03769593274628875,
            "steer": 0.0
        },
        {
            "throttle": 0.40670799082637077,
            "brake": 0.03392633947165987,
            "steer": 0.0
        },
        {
            "throttle": 0.439009113754725,
            "brake": 0.030533705524493884,
            "steer": 0.0
        },
        {
            "throttle": 0.470163862131421,
            "brake": 0.027480334972044496,
            "steer": 0.0
        },
        {
            "throttle": 0.499402426131505,
            "brake": 0.024732301474840047,
            "steer": 0.0
        },
        {
            "throttle": 0.4494621835183545,
            "brake": 0.053872440077195875,
            "steer": 0.0
        },
        {
            "throttle": 0.40451596516651905,
            "brake": 0.08009856481931613,
            "steer": 0.0
        },
        {
            "throttle": 0.36406436864986713,
            "brake": 0.10370207708722434,
            "steer": 0.0
        },
        {
            "throttle": 0.32765793178488045,
            "brake": 0.12494523812834174,
            "steer": 0.0
        },
        {
            "throttle": 0.2948921386063924,
            "brake": 0.1440640830653474,
            "steer": 0.0
        },
        {
            "throttle": 0.26540292474575317,
            "brake": 0.1612710435086525,
            "steer": 0.0
        },
        {
            "throttle": 0.23886263227117785,
            "brake": 0.1767573079076271,
            "steer": 0.0
        },
        {
            "throttle": 0.21497636904406006,
            "brake": 0.1906949458667042,
            "steer": 0.0
        },
        {
            "throttle": 0.19347873213965405,
            "brake": 0.20323882002987362,
            "steer": 0.0
        },
        {
            "throttle": 0.17413085892568866,
            "brake": 0.2145283067767261,
            "steer": 0.0
        },
        {
            "throttle": 0.1567177730331198,
            "brake": 0.22468884484889332,
            "steer": 0.0
        },
        {
            "throttle": 0.1410459957298078,
            "brake": 0.23383332911384383,
            "steer": 0.0
        },
        {
            "throttle": 0.12694139615682704,
            "brake": 0.24206336495229927,
            "steer": 0.0
        },
        {
            "throttle": 0.11424725654114433,
            "brake": 0.24947039720690917,
            "steer": 0.0
        },
        {
            "throttle": 0.1028225308870299,
            "brake": 0.2561367262360581,
            "steer": 0.0
        },
        {
            "throttle": 0.11282701593998579,
            "brake": 0.2305230536124523,
            "steer": 0.0
        },
        {
            "throttle": 0.12004105945260202,
            "brake": 0.20747074825120707,
            "steer": 0.0
        },
        {
            "throttle": 0.1256441854223232,
            "brake": 0.18672367342608637,
            "steer": 0.0
        },
        {
            "throttle": 0.13072603734731714,
            "brake": 0.16805130608347774,
            "steer": 0.0
        },
        {
            "throttle": 0.1362660623690761,
            "brake": 0.15124617547512997,
            "steer": 0.0
        },
        {
            "throttle": 0.14311526588132137,
            "brake": 0.136121557927617,
            "steer": 0.0
        },
        {
            "throttle": 0.15198075312545523,
            "brake": 0.1225094021348553,
            "steer": 0.0
        },
        {
            "throttle": 0.16341367226716874,
            "brake": 0.11025846192136977,
            "steer": 0.0
        },
        {
            "throttle": 0.1778010534377007,
            "brake": 0.0992326157292328,
            "steer": 0.0
        },
        {
            "throttle": 0.195361903873336,
            "brake": 0.08930935415630951,
            "steer": 0.0
        },
        {
            "throttle": 0.21614777471129024,
            "brake": 0.08037841874067857,
            "steer": 0.0
        },
        {
            "throttle": 0.24004786464778832,
            "brake": 0.07234057686661072,
            "steer": 0.0
        },
        {
            "throttle": 0.26679857417725167,
            "brake": 0.06510651917994965,
            "steer": 0.0
        },
        {
            "throttle": 0.29599727619846594,
            "brake": 0.05859586726195469,
            "steer": 0.0
        },
        {
            "throttle": 0.3271199289798993,
            "brake": 0.052736280535759225,
            "steer": 0.0
        },
        {
            "throttle": 0.35954203015889963,
            "brake": 0.0474626524821833,
            "steer": 0.0
        },
        {
            "throttle": 0.3925622995589951,
            "brake": 0.042716387233964974,
            "steer": 0.0
        },
        {
            "throttle": 0.42542838758493845,
            "brake": 0.03844474851056848,
            "steer": 0.0
        },
        {
            "throttle": 0.45736383761457766,
            "brake": 0.034600273659511634,
            "steer": 0.0
        },
        {
            "throttle": 0.487595487257777,
            "brake": 0.03114024629356047,
            "steer": 0.0
        },
        {
            "throttle": 0.5153804759256404,
            "brake": 0.028026221664204425,
            "steer": 0.0
        },
        {
            "throttle": 0.5400320353584335,
            "brake": 0.025223599497783983,
            "steer": 0.0
        },
        {
            "throttle": 0.5609432752715915,
            "brake": 0.022701239548005587,
            "steer": 0.0
        },
        {
            "throttle": 0.5776082369431608,
            "brake": 0.02043111559320503,
            "steer": 0.0
        },
        {
            "throttle": 0.589639571439506,
            "brake": 0.018388004033884527,
            "steer": 0.0
        },
        {
            "throttle": 0.5967823035861035,
            "brake": 0.016549203630496074,
            "steer": 0.0
        },
        {
            "throttle": 0.5989232644182249,
            "brake": 0.014894283267446467,
            "steer": 0.0
        },
        {
            "throttle": 0.5960959098327405,
            "brake": 0.013404854940701821,
            "steer": 0.0
        },
        {
            "throttle": 0.588480387228146,
            "brake": 0.01206436944663164,
            "steer": 0.0
        },
        {
            "throttle": 0.5763988605015716,
            "brake": 0.010857932501968476,
            "steer": 0.0
        },
        {
            "throttle": 0.5603062521645572,
            "brake": 0.009772139251771629,
            "steer": 0.0
        },
        {
            "throttle": 0.5407767048467823,
            "brake": 0.008794925326594465,
            "steer": 0.0
        },
        {
            "throttle": 0.5184861985373779,
            "brake": 0.007915432793935018,
            "steer": 0.0
        },
        {
            "throttle": 0.4941918803242589,
            "brake": 0.007123889514541517,
            "steer": 0.0
        },
        {
            "throttle": 0.46870876632300573,
            "brake": 0.0064115005630873655,
            "steer": 0.0
        },
        {
            "throttle": 0.442884557680713,
            "brake": 0.005770350506778629,
            "steer": 0.0
        },
        {
            "throttle": 0.4175733713948095,
            "brake": 0.005193315456100766,
            "steer": 0.0
        },
        {
            "throttle": 0.39360922033737833,
            "brake": 0.004673983910490689,
            "steer": 0.0
        },
        {
            "throttle": 0.37178008425339126,
            "brake": 0.0042065855194416205,
            "steer": 0.0
        },
        {
            "throttle": 0.35280339436770447,
            "brake": 0.0037859269674974587,
            "steer": 0.0
        },
        {
            "throttle": 0.317523054930934,
            "brake": 0.035020703020587546,
            "steer": 0.0
        },
        {
            "throttle": 0.28577074943784064,
            "brake": 0.06313200146836861,
            "steer": 0.0
        },
        {
            "throttle": 0.2571936744940566,
            "brake": 0.08843217007137158,
            "steer": 0.0
        },
        {
            "throttle": 0.23147430704465097,
            "brake": 0.11120232181407426,
            "steer": 0.0
        },
        {
            "throttle": 0.20832687634018587,
            "brake": 0.13169545838250668,
            "steer": 0.0
        },
        {
            "throttle": 0.1874941887061673,
            "brake": 0.15013928129409584,
            "steer": 0.0
        },
        {
            "throttle": 0.16874476983555056,
            "brake": 0.1667387219145261,
            "steer": 0.0
        },
        {
            "throttle": 0.15187029285199552,
            "brake": 0.18167821847291332,
            "steer": 0.0
        },
        {
            "throttle": 0.13668326356679597,
            "brake": 0.19512376537546183,
            "steer": 0.0
        },
        {
            "throttle": 0.12301493721011637,
            "brake": 0.2072247575877555,
            "steer": 0.0
        },
        {
            "throttle": 0.11071344348910474,
            "brake": 0.2181156505788198,
            "steer": 0.0
        },
        {
            "throttle": 0.09964209914019427,
            "brake": 0.22791745427077764,
            "steer": 0.0
        },
        {
            "throttle": 0.08967788922617484,
            "brake": 0.2367390775935397,
            "steer": 0.0
        },
        {
            "throttle": 0.08071010030355735,
            "brake": 0.24467853858402558,
            "steer": 0.0
        },
        {
            "throttle": 0.07263909027320162,
            "brake": 0.2518240534754629,
            "steer": 0.0
        },
        {
            "throttle": 0.06537518124588146,
            "brake": 0.2582550168777564,
            "steer": 0.0
        },
        {
            "throttle": 0.058837663121293314,
            "brake": 0.2640428839398206,
            "steer": 0.0
        },
        {
            "throttle": 0.052953896809163986,
            "brake": 0.2692519642956784,
            "steer": 0.0
        },
        {
            "throttle": 0.04765850712824759,
            "brake": 0.2739401366159504,
            "steer": 0.0
        },
        {
            "throttle": 0.04289265641542283,
            "brake": 0.2781594917041952,
            "steer": 0.0
        },
        {
            "throttle": 0.038603390773880544,
            "brake": 0.2819569112836155,
            "steer": 0.0
        },
        {
            "throttle": 0.03474305169649249,
            "brake": 0.28537458890509376,
            "steer": 0.0
        },
        {
            "throttle": 0.03126874652684324,
            "brake": 0.28845049876442425,
            "steer": 0.0
        },
        {
            "throttle": 0.028141871874158918,
            "brake": 0.29121881763782165,
            "steer": 0.0
        },
        {
            "throttle": 0.025327684686743027,
            "brake": 0.2937103046238793,
            "steer": 0.0
        },
        {
            "throttle": 0.022794916218068725,
            "brake": 0.2959526429113312,
            "steer": 0.0
        },
        {
            "throttle": 0.020515424596261853,
            "brake": 0.2979707473700379,
            "steer": 0.0
        },
        {
            "throttle": 0.01846388213663567,
            "brake": 0.299787041382874,
            "steer": 0.0
        },
        {
            "throttle": 0.016617493922972102,
            "brake": 0.3014217059944264,
            "steer": 0.0
        },
        {
            "throttle": 0.014955744530674893,
            "brake": 0.3028929041448236,
            "steer": 0.0
        }
    ],
    "parameters": {
        "fog_density": 65.44170356330578,
        "precipitation": 87.19506574021621,
        "precipitation_deposits": 56.390481868588,
        "wind_intensity": 35.04653018837903,
        "sun_altitude_angle": 19.3869784917434,
        "cloudiness": 0.845634746158852,
        "lead_base_throttle": 0.47030214026498884,
        "lead_behavior_frequency": 0.2831082832016567,
        "lead_throttle_variation": 0.2952096362660919,
        "lead_brake_probability": 0.2658322753577927,
        "lead_brake_intensity": 0.3161336874983983,
        "lead_brake_duration": 15.428629792414773,
        "initial_distance": 26.299302319520645,
        "initial_ego_velocity": 15.91450847447622,
        "initial_lead_velocity": 5.053006728012324
    },
    "config": {
        "num_timesteps": 200,
        "dt": 0.1,
        "seed": 54
    }
}