{
    "weather": {
        "cloudiness": 74.41135149106836,
        "precipitation": 37.277357610044895,
        "precipitation_deposits": 10.294161063139185,
        "wind_intensity": 45.37356806259017,
        "sun_altitude_angle": -4.075731348474072,
        "fog_density": 69.16447351398509,
        "fog_distance": 99.71068358172396,
        "wetness": 18.638678805022447
    },
    "initial_conditions": {
        "ego": {
            "position": {
                "x": 510.2239571835395,
                "y": 20.57,
                "z": 0.294
            },
            "yaw": 0.0,
            "velocity": 10.150251665222328
        },
        "lead": {
            "position": {
                "x": 484.88,
                "y": 20.57,
                "z": 0.294
            },
            "yaw": 0.0,
            "velocity": 12.392487624533366
        }
    },
    "ego": {
        "position": {
            "x": 510.2239571835395,
            "y": 20.57,
            "z": 0.294
        },
        "yaw": 0.0,
        "velocity": 10.150251665222328
    },
    "lead": {
        "position": {
            "x": 484.88,
            "y": 20.57,
            "z": 0.294
        },
        "yaw": 0.0,
        "velocity": 12.392487624533366
    },
    "ado_actions": [
        {
            "throttle": 0.5725959496707674,
            "brake": 0.0,
            "steer": 0.0
        },
        {
            "throttle": 0.5732877395453208,
            "brake": 0.0,
            "steer": 0.0
        },
        {
            "throttle": 0.5746003410891132,
            "brake": 0.0,
            "steer": 0.0
        },
        {
            "throttle": 0.576468079378937,
            "brake": 0.0,
            "steer": 0.0
        },
        {
            "throttle": 0.5788300617921773,
            "brake": 0.0,
            "steer": 0.0
        },
        {
            "throttle": 0.5816297137664045,
            "brake": 0.0,
            "steer": 0.0
        },
        {
            "throttle": 0.5848143655895771,
            "brake": 0.0,
            "steer": 0.0
        },
        {
            "throttle": 0.5883348850694291,
            "brake": 0.0,
            "steer": 0.0
        },
        {
            "throttle": 0.5921453514339025,
            "brake": 0.0,
            "steer": 0.0
        },
        {
            "throttle": 0.596202766267602,
            "brake": 0.0,
            "steer": 0.0
        },
        {
            "throttle": 0.6004667976972401,
            "brake": 0.0,
            "steer": 0.0
        },
        {
            "throttle": 0.6048995544064463,
            "brake": 0.0,
            "steer": 0.0
        },
        {
            "throttle": 0.6094653863912355,
            "brake": 0.0,
            "steer": 0.0
        },
        {
            "throttle": 0.6141307096655206,
            "brake": 0.0,
            "steer": 0.0
        },
        {
            "throttle": 0.6188638523946518,
            "brake": 0.0,
            "steer": 0.0
        },
        {
            "throttle": 0.6236349201770223,
            "brake": 0.0,
            "steer": 0.0
        },
        {
            "throttle": 0.6284156784120005,
            "brake": 0.0,
            "steer": 0.0
        },
        {
            "throttle": 0.633179449889213,
            "brake": 0.0,
            "steer": 0.0
        },
        {
            "throttle": 0.6379010259117145,
            "brake": 0.0,
            "steer": 0.0
        },
        {
            "throttle": 0.6425565894257581,
            "brake": 0.0,
            "steer": 0.0
        },
        {
            "throttle": 0.6471236487744988,
            "brake": 0.0,
            "steer": 0.0
        },
        {
            "throttle": 0.6515809808235894,
            "brake": 0.0,
            "steer": 0.0
        },
        {
            "throttle": 0.6559085823246897,
            "brake": 0.0,
            "steer": 0.0
        },
        {
            "throttle": 0.6600876284896717,
            "brake": 0.0,
            "steer": 0.0
        },
        {
            "throttle": 0.6641004378449219,
            "brake": 0.0,
            "steer": 0.0
        },
        {
            "throttle": 0.6679304425226446,
            "brake": 0.0,
            "steer": 0.0
        },
        {
            "throttle": 0.6715621632253759,
            "brake": 0.0,
            "steer": 0.0
        },
        {
            "throttle": 0.6749811881718727,
            "brake": 0.0,
            "steer": 0.0
        },
        {
            "throttle": 0.6781741553978796,
            "brake": 0.0,
            "steer": 0.0
        },
        {
            "throttle": 0.6811287378446776,
            "brake": 0.0,
            "steer": 0.0
        },
        {
            "throttle": 0.6838336307223795,
            "brake": 0.0,
            "steer": 0.0
        },
        {
            "throttle": 0.6862785406842036,
            "brake": 0.0,
            "steer": 0.0
        },
        {
            "throttle": 0.6884541763929114,
            "brake": 0.0,
            "steer": 0.0
        },
        {
            "throttle": 0.6903522401016681,
            "brake": 0.0,
            "steer": 0.0
        },
        {
            "throttle": 0.6919654199091771,
            "brake": 0.0,
            "steer": 0.0
        },
        {
            "throttle": 0.693287382383391,
            "brake": 0.0,
            "steer": 0.0
        },
        {
            "throttle": 0.694312765279722,
            "brake": 0.0,
            "steer": 0.0
        },
        {
            "throttle": 0.6950371701087618,
            "brake": 0.0,
            "steer": 0.0
        },
        {
            "throttle": 0.6954571543353016,
            "brake": 0.0,
            "steer": 0.0
        },
        {
            "throttle": 0.6955702230151545,
            "brake": 0.0,
            "steer": 0.0
        },
        {
            "throttle": 0.6953748196991258,
            "brake": 0.0,
            "steer": 0.0
        },
        {
            "throttle": 0.6948703164546245,
            "brake": 0.0,
            "steer": 0.0
        },
        {
            "throttle": 0.6940570028750151,
            "brake": 0.0,
            "steer": 0.0
        },
        {
            "throttle": 0.6929360739650336,
            "brake": 0.0,
            "steer": 0.0
        },
        {
            "throttle": 0.6915096168075351,
            "brake": 0.0,
            "steer": 0.0
        },
        {
            "throttle": 0.6897805959326374,
            "brake": 0.0,
            "steer": 0.0
        },
        {
            "throttle": 0.6877528373250608,
            "brake": 0.0,
            "steer": 0.0
        },
        {
            "throttle": 0.6854310110192289,
            "brake": 0.0,
            "steer": 0.0
        },
        {
            "throttle": 0.6828206122445742,
            "brake": 0.0,
            "steer": 0.0
        },
        {
            "throttle": 0.6799279410955429,
            "brake": 0.0,
            "steer": 0.0
        },
        {
            "throttle": 0.6767600807120864,
            "brake": 0.0,
            "steer": 0.0
        },
        {
            "throttle": 0.673324873967008,
            "brake": 0.0,
            "steer": 0.0
        },
        {
            "throttle": 0.6696308986664564,
            "brake": 0.0,
            "steer": 0.0
        },
        {
            "throttle": 0.6656874412791567,
            "brake": 0.0,
            "steer": 0.0
        },
        {
            "throttle": 0.6615044692186883,
            "brake": 0.0,
            "steer": 0.0
        },
        {
            "throttle": 0.657092601711285,
            "brake": 0.0,
            "steer": 0.0
        },
        {
            "throttle": 0.6524630792892687,
            "brake": 0.0,
            "steer": 0.0
        },
        {
            "throttle": 0.6476277319573733,
            "brake": 0.0,
            "steer": 0.0
        },
        {
            "throttle": 0.642598946085872,
            "brake": 0.0,
            "steer": 0.0
        },
        {
            "throttle": 0.6373896300906212,
            "brake": 0.0,
            "steer": 0.0
        },
        {
            "throttle": 0.6320131789658898,
            "brake": 0.0,
            "steer": 0.0
        },
        {
            "throttle": 0.6264834377411639,
            "brake": 0.0,
            "steer": 0.0
        },
        {
            "throttle": 0.6208146639380214,
            "brake": 0.0,
            "steer": 0.0
        },
        {
            "throttle": 0.6150214891076666,
            "brake": 0.0,
            "steer": 0.0
        },
        {
            "throttle": 0.6091188795338105,
            "brake": 0.0,
            "steer": 0.0
        },
        {
            "throttle": 0.6031220961892899,
            "brake": 0.0,
            "steer": 0.0
        },
        {
            "throttle": 0.5970466540381374,
            "brake": 0.0,
            "steer": 0.0
        },
        {
            "throttle": 0.5909082807777628,
            "brake": 0.0,
            "steer": 0.0
        },
        {
            "throttle": 0.5847228751184803,
            "brake": 0.0,
            "steer": 0.0
        },
        {
            "throttle": 0.5785064646998257,
            "brake": 0.0,
            "steer": 0.0
        },
        {
            "throttle": 0.5722751637449597,
            "brake": 0.0,
            "steer": 0.0
        },
        {
            "throttle": 0.5660451305559493,
            "brake": 0.0,
            "steer": 0.0
        },
        {
            "throttle": 0.5598325249538681,
            "brake": 0.0,
            "steer": 0.0
        },
        {
            "throttle": 0.5536534657684589,
            "brake": 0.0,
            "steer": 0.0
        },
        {
            "throttle": 0.5475239884825699,
            "brake": 0.0,
            "steer": 0.0
        },
        {
            "throttle": 0.5414600031367075,
            "brake": 0.0,
            "steer": 0.0
        },
        {
            "throttle": 0.5354772525988516,
            "brake": 0.0,
            "steer": 0.0
        },
        {
            "throttle": 0.5295912713041674,
            "brake": 0.0,
            "steer": 0.0
        },
        {
            "throttle": 0.5238173445684112,
            "brake": 0.0,
            "steer": 0.0
        },
        {
            "throttle": 0.5181704685776892,
            "brake": 0.0,
            "steer": 0.0
        },
        {
            "throttle": 0.5126653111557848,
            "brake": 0.0,
            "steer": 0.0
        },
        {
            "throttle": 0.5073161734085315,
            "brake": 0.0,
            "steer": 0.0
        },
        {
            "throttle": 0.502136952342684,
            "brake": 0.0,
            "steer": 0.0
        },
        {
            "throttle": 0.4971411045544351,
            "brake": 0.0,
            "steer": 0.0
        },
        {
            "throttle": 0.4923416110801532,
            "brake": 0.0,
            "steer": 0.0
        },
        {
            "throttle": 0.487750943499076,
            "brake": 0.0,
            "steer": 0.0
        },
        {
            "throttle": 0.48338103137461164,
            "brake": 0.0,
            "steer": 0.0
        },
        {
            "throttle": 0.4792432311175645,
            "brake": 0.0,
            "steer": 0.0
        },
        {
            "throttle": 0.4753482963510439,
            "brake": 0.0,
            "steer": 0.0
        },
        {
            "throttle": 0.47170634985302784,
            "brake": 0.0,
            "steer": 0.0
        },
        {
            "throttle": 0.4683268571485637,
            "brake": 0.0,
            "steer": 0.0
        },
        {
            "throttle": 0.46521860181939456,
            "brake": 0.0,
            "steer": 0.0
        },
        {
            "throttle": 0.46238966259442305,
            "brake": 0.0,
            "steer": 0.0
        },
        {
            "throttle": 0.4598473922798734,
            "brake": 0.0,
            "steer": 0.0
        },
        {
            "throttle": 0.45759839858330037,
            "brake": 0.0,
            "steer": 0.0
        },
        {
            "throttle": 0.4556485268807315,
            "brake": 0.0,
            "steer": 0.0
        },
        {
            "throttle": 0.45400284497123644,
            "brake": 0.0,
            "steer": 0.0
        },
        {
            "throttle": 0.4526656298580991,
            "brake": 0.0,
            "steer": 0.0
        },
        {
            "throttle": 0.45164035659054536,
            "brake": 0.0,
            "steer": 0.0
        },
        {
            "throttle": 0.45092968919466275,
            "brake": 0.0,
            "steer": 0.0
        },
        {
            "throttle": 0.45053547371675395,
            "brake": 0.0,
            "steer": 0.0
        },
        {
            "throttle": 0.45045873339690534,
            "brake": 0.0,
            "steer": 0.0
        },
        {
            "throttle": 0.4506996659850429,
            "brake": 0.0,
            "steer": 0.0
        },
        {
            "throttle": 0.45125764320620476,
            "brake": 0.0,
            "steer": 0.0
        },
        {
            "throttle": 0.4521312123761935,
            "brake": 0.0,
            "steer": 0.0
        },
        {
            "throttle": 0.45331810016320256,
            "brake": 0.0,
            "steer": 0.0
        },
        {
            "throttle": 0.4548152184854489,
            "brake": 0.0,
            "steer": 0.0
        },
        {
            "throttle": 0.45661867252930927,
            "brake": 0.0,
            "steer": 0.0
        },
        {
            "throttle": 0.45872377086695576,
            "brake": 0.0,
            "steer": 0.0
        },
        {
            "throttle": 0.4611250376470444,
            "brake": 0.0,
            "steer": 0.0
        },
        {
            "throttle": 0.463816226826629,
            "brake": 0.0,
            "steer": 0.0
        },
        {
            "throttle": 0.4667903384071783,
            "brake": 0.0,
            "steer": 0.0
        },
        {
            "throttle": 0.4201113045664605,
            "brake": 0.06434890084251181,
            "steer": 0.0
        },
        {
            "throttle": 0.37810017410981445,
            "brake": 0.12226291160077243,
            "steer": 0.0
        },
        {
            "throttle": 0.340290156698833,
            "brake": 0.174385521283207,
            "steer": 0.0
        },
        {
            "throttle": 0.3062611410289497,
            "brake": 0.22129586999739814,
            "steer": 0.0
        },
        {
            "throttle": 0.27563502692605474,
            "brake": 0.26351518384017014,
            "steer": 0.0
        },
        {
            "throttle": 0.24807152423344928,
            "brake": 0.30151256629866496,
            "steer": 0.0
        },
        {
            "throttle": 0.22326437181010436,
            "brake": 0.3357102105113103,
            "steer": 0.0
        },
        {
            "throttle": 0.20093793462909393,
            "brake": 0.3664880903026911,
            "steer": 0.0
        },
        {
            "throttle": 0.18084414116618455,
            "brake": 0.3941881821149338,
            "steer": 0.0
        },
        {
            "throttle": 0.1627597270495661,
            "brake": 0.41911826474595226,
            "steer": 0.0
        },
        {
            "throttle": 0.1464837543446095,
            "brake": 0.44155533911386885,
            "steer": 0.0
        },
        {
            "throttle": 0.13183537891014854,
            "brake": 0.4617487060449938,
            "steer": 0.0
        },
        {
            "throttle": 0.11865184101913369,
            "brake": 0.47992273628300625,
            "steer": 0.0
        },
        {
            "throttle": 0.10678665691722032,
            "brake": 0.49627936349721746,
            "steer": 0.0
        },
        {
            "throttle": 0.15530520988624963,
            "brake": 0.4466514271474957,
            "steer": 0.0
        },
        {
            "throttle": 0.19965408860601022,
            "brake": 0.40198628443274614,
            "steer": 0.0
        },
        {
            "throttle": 0.24024344687253585,
            "brake": 0.36178765598947155,
            "steer": 0.0
        },
        {
            "throttle": 0.27744066659617644,
            "brake": 0.3256088903905244,
            "steer": 0.0
        },
        {
            "throttle": 0.31157465727950673,
            "brake": 0.29304800135147197,
            "steer": 0.0
        },
        {
            "throttle": 0.34293973005782175,
            "brake": 0.2637432012163248,
            "steer": 0.0
        },
        {
            "throttle": 0.3717990887762598,
            "brake": 0.2373688810946923,
            "steer": 0.0
        },
        {
            "throttle": 0.3983879763186391,
            "brake": 0.2136319929852231,
            "steer": 0.0
        },
        {
            "throttle": 0.42291651057024865,
            "brake": 0.19226879368670077,
            "steer": 0.0
        },
        {
            "throttle": 0.4455722409475114,
            "brake": 0.1730419143180307,
            "steer": 0.0
        },
        {
            "throttle": 0.46652245332332026,
            "brake": 0.15573772288622764,
            "steer": 0.0
        },
        {
            "throttle": 0.48591624838343495,
            "brake": 0.1401639505976049,
            "steer": 0.0
        },
        {
            "throttle": 0.5038864159355873,
            "brake": 0.1261475555378444,
            "steer": 0.0
        },
        {
            "throttle": 0.5205511254309224,
            "brake": 0.11353279998405996,
            "steer": 0.0
        },
        {
            "throttle": 0.5360154509219676,
            "brake": 0.10217951998565397,
            "steer": 0.0
        },
        {
            "throttle": 0.5503727468498254,
            "brake": 0.09196156798708857,
            "steer": 0.0
        },
        {
            "throttle": 0.5637058894053723,
            "brake": 0.08276541118837971,
            "steer": 0.0
        },
        {
            "throttle": 0.5760883967265653,
            "brake": 0.07448887006954175,
            "steer": 0.0
        },
        {
            "throttle": 0.5875854398600193,
            "brake": 0.06703998306258757,
            "steer": 0.0
        },
        {
            "throttle": 0.5982547552149593,
            "brake": 0.060335984756328814,
            "steer": 0.0
        },
        {
            "throttle": 0.6081474681581112,
            "brake": 0.05430238628069593,
            "steer": 0.0
        },
        {
            "throttle": 0.6173088364270304,
            "brake": 0.04887214765262634,
            "steer": 0.0
        },
        {
            "throttle": 0.6257789211659545,
            "brake": 0.04398493288736371,
            "steer": 0.0
        },
        {
            "throttle": 0.6335931926027472,
            "brake": 0.039586439598627336,
            "steer": 0.0
        },
        {
            "throttle": 0.6407830766791116,
            "brake": 0.0356277956387646,
            "steer": 0.0
        },
        {
            "throttle": 0.647376448311071,
            "brake": 0.03206501607488814,
            "steer": 0.0
        },
        {
            "throttle": 0.6533980763856574,
            "brake": 0.028858514467399326,
            "steer": 0.0
        },
        {
            "throttle": 0.6588700250863883,
            "brake": 0.025972663020659394,
            "steer": 0.0
        },
        {
            "throttle": 0.6638120156786992,
            "brake": 0.023375396718593455,
            "steer": 0.0
        },
        {
            "throttle": 0.6682417524718446,
            "brake": 0.02103785704673411,
            "steer": 0.0
        },
        {
            "throttle": 0.6721752163012017,
            "brake": 0.0189340713420607,
            "steer": 0.0
        },
        {
            "throttle": 0.6756269285402176,
            "brake": 0.01704066420785463,
            "steer": 0.0
        },
        {
            "throttle": 0.6786101883506324,
            "brake": 0.015336597787069167,
            "steer": 0.0
        },
        {
            "throttle": 0.6811372856096853,
            "brake": 0.01380293800836225,
            "steer": 0.0
        },
        {
            "throttle": 0.6832196917106975,
            "brake": 0.012422644207526026,
            "steer": 0.0
        },
        {
            "throttle": 0.6848682302159506,
            "brake": 0.011180379786773423,
            "steer": 0.0
        },
        {
            "throttle": 0.6860932291456694,
            "brake": 0.01006234180809608,
            "steer": 0.0
        },
        {
            "throttle": 0.686904656511911,
            "brake": 0.009056107627286472,
            "steer": 0.0
        },
        {
            "throttle": 0.6873122405492518,
            "brake": 0.008150496864557825,
            "steer": 0.0
        },
        {
            "throttle": 0.6873255759535268,
            "brake": 0.007335447178102043,
            "steer": 0.0
        },
        {
            "throttle": 0.6869542173138709,
            "brake": 0.006601902460291838,
            "steer": 0.0
        },
        {
            "throttle": 0.6862077608104614,
            "brake": 0.0059417122142626545,
            "steer": 0.0
        },
        {
            "throttle": 0.6850959151493452,
            "brake": 0.005347540992836389,
            "steer": 0.0
        },
        {
            "throttle": 0.6836285626153328,
            "brake": 0.00481278689355275,
            "steer": 0.0
        },
        {
            "throttle": 0.6818158110431023,
            "brake": 0.004331508204197475,
            "steer": 0.0
        },
        {
            "throttle": 0.6796680374343796,
            "brake": 0.0038983573837777278,
            "steer": 0.0
        },
        {
            "throttle": 0.6771959238844846,
            "brake": 0.003508521645399955,
            "steer": 0.0
        },
        {
            "throttle": 0.6744104864238641,
            "brake": 0.0031576694808599596,
            "steer": 0.0
        },
        {
            "throttle": 0.6713230973287526,
            "brake": 0.0028419025327739637,
            "steer": 0.0
        },
        {
            "throttle": 0.6679455014091698,
            "brake": 0.0025577122794965676,
            "steer": 0.0
        },
        {
            "throttle": 0.664289826741508,
            "brake": 0.002301941051546911,
            "steer": 0.0
        },
        {
            "throttle": 0.6603685902764482,
            "brake": 0.00207174694639222,
            "steer": 0.0
        },
        {
            "throttle": 0.6561946987204033,
            "brake": 0.0018645722517529981,
            "steer": 0.0
        },
        {
            "throttle": 0.6517814450597077,
            "brake": 0.0016781150265776984,
            "steer": 0.0
        },
        {
            "throttle": 0.6471425010709487,
            "brake": 0.0015103035239199287,
            "steer": 0.0
        },
        {
            "throttle": 0.64229190613784,
            "brake": 0.0013592731715279358,
            "steer": 0.0
        },
        {
            "throttle": 0.5780627155240561,
            "brake": 0.06557224669688695,
            "steer": 0.0
        },
        {
            "throttle": 0.5202564439716505,
            "brake": 0.12336392286971007,
            "steer": 0.0
        },
        {
            "throttle": 0.46823079957448543,
            "brake": 0.1753764314252509,
            "steer": 0.0
        },
        {
            "throttle": 0.4214077196170369,
            "brake": 0.22218768912523762,
            "steer": 0.0
        },
        {
            "throttle": 0.3792669476553332,
            "brake": 0.26431782105522567,
            "steer": 0.0
        },
        {
            "throttle": 0.3413402528897999,
            "brake": 0.30223493979221494,
            "steer": 0.0
        },
        {
            "throttle": 0.30720622760081995,
            "brake": 0.3363603466555053,
            "steer": 0.0
        },
        {
            "throttle": 0.276485604840738,
            "brake": 0.3670732128324666,
            "steer": 0.0
        },
        {
            "throttle": 0.24883704435666418,
            "brake": 0.39471479239173174,
            "steer": 0.0
        },
        {
            "throttle": 0.22395333992099775,
            "brake": 0.4195922139950704,
            "steer": 0.0
        },
        {
            "throttle": 0.20155800592889797,
            "brake": 0.4419818934380752,
            "steer": 0.0
        },
        {
            "throttle": 0.18140220533600818,
            "brake": 0.4621326049367795,
            "steer": 0.0
        },
        {
            "throttle": 0.16326198480240736,
            "brake": 0.48026824528561335,
            "steer": 0.0
        },
        {
            "throttle": 0.14693578632216664,
            "brake": 0.49659032159956384,
            "steer": 0.0
        },
        {
            "throttle": 0.18215704359880644,
            "brake": 0.44693128943960747,
            "steer": 0.0
        },
        {
            "throttle": 0.21328403723898426,
            "brake": 0.40223816049564676,
            "steer": 0.0
        },
        {
            "throttle": 0.24074678399503735,
            "brake": 0.3620143444460821,
            "steer": 0.0
        },
        {
            "throttle": 0.2649337334174327,
            "brake": 0.3258129100014739,
            "steer": 0.0
        }
    ],
    "parameters": {
        "fog_density": 69.16447351398509,
        "precipitation": 37.277357610044895,
        "precipitation_deposits": 10.294161063139185,
        "wind_intensity": 45.37356806259017,
        "sun_altitude_angle": -4.075731348474072,
        "cloudiness": 74.41135149106836,
        "lead_base_throttle": 0.5725959496707673,
        "lead_behavior_frequency": 0.08117494110976599,
        "lead_throttle_variation": 0.13569400505278595,
        "lead_brake_probability": 0.23779238249147175,
        "lead_brake_intensity": 0.6434890084251181,
        "lead_brake_duration": 14.197751696435239,
        "initial_distance": 25.343957183539473,
        "initial_ego_velocity": 10.150251665222328,
        "initial_lead_velocity": 12.392487624533366
    },
    "config": {
        "num_timesteps": 200,
        "dt": 0.1,
        "seed": 161
    }
}