{
    "weather": {
        "cloudiness": 47.22511807608086,
        "precipitation": 39.54124768069508,
        "precipitation_deposits": 5.664387633261281,
        "wind_intensity": 41.61562895807235,
        "sun_altitude_angle": 0.10942556313370133,
        "fog_density": 19.333573565184487,
        "fog_distance": 524.9498986050619,
        "wetness": 19.77062384034754
    },
    "initial_conditions": {
        "ego": {
            "position": {
                "x": 502.3088492144923,
                "y": 20.57,
                "z": 0.294
            },
            "yaw": 0.0,
            "velocity": 5.878700319238963
        },
        "lead": {
            "position": {
                "x": 484.88,
                "y": 20.57,
                "z": 0.294
            },
            "yaw": 0.0,
            "velocity": 23.124164291053287
        }
    },
    "ego": {
        "position": {
            "x": 502.3088492144923,
            "y": 20.57,
            "z": 0.294
        },
        "yaw": 0.0,
        "velocity": 5.878700319238963
    },
    "lead": {
        "position": {
            "x": 484.88,
            "y": 20.57,
            "z": 0.294
        },
        "yaw": 0.0,
        "velocity": 23.124164291053287
    },
    "ado_actions": [
        {
            "throttle": 0.28134969094212386,
            "brake": 0.0,
            "steer": 0.0
        },
        {
            "throttle": 0.2814688001621685,
            "brake": 0.0,
            "steer": 0.0
        },
        {
            "throttle": 0.28169469093513205,
            "brake": 0.0,
            "steer": 0.0
        },
        {
            "throttle": 0.28201585307360805,
            "brake": 0.0,
            "steer": 0.0
        },
        {
            "throttle": 0.2824215150330918,
            "brake": 0.0,
            "steer": 0.0
        },
        {
            "throttle": 0.28290157440168523,
            "brake": 0.0,
            "steer": 0.0
        },
        {
            "throttle": 0.28344653676843756,
            "brake": 0.0,
            "steer": 0.0
        },
        {
            "throttle": 0.28404746211223014,
            "brake": 0.0,
            "steer": 0.0
        },
        {
            "throttle": 0.28469591793399696,
            "brake": 0.0,
            "steer": 0.0
        },
        {
            "throttle": 0.2853839384279583,
            "brake": 0.0,
            "steer": 0.0
        },
        {
            "throttle": 0.28610398905324586,
            "brake": 0.0,
            "steer": 0.0
        },
        {
            "throttle": 0.28684893592654925,
            "brake": 0.0,
            "steer": 0.0
        },
        {
            "throttle": 0.2876120195098797,
            "brake": 0.0,
            "steer": 0.0
        },
        {
            "throttle": 0.2883868321158174,
            "brake": 0.0,
            "steer": 0.0
        },
        {
            "throttle": 0.2891672987962222,
            "brake": 0.0,
            "steer": 0.0
        },
        {
            "throttle": 0.28994766121982196,
            "brake": 0.0,
            "steer": 0.0
        },
        {
            "throttle": 0.2907224641797794,
            "brake": 0.0,
            "steer": 0.0
        },
        {
            "throttle": 0.2914865444046693,
            "brake": 0.0,
            "steer": 0.0
        },
        {
            "throttle": 0.29223502137561397,
            "brake": 0.0,
            "steer": 0.0
        },
        {
            "throttle": 0.29296328987894754,
            "brake": 0.0,
            "steer": 0.0
        },
        {
            "throttle": 0.293667014047982,
            "brake": 0.0,
            "steer": 0.0
        },
        {
            "throttle": 0.29434212266948734,
            "brake": 0.0,
            "steer": 0.0
        },
        {
            "throttle": 0.2949848055505947,
            "brake": 0.0,
            "steer": 0.0
        },
        {
            "throttle": 0.29559151076019496,
            "brake": 0.0,
            "steer": 0.0
        },
        {
            "throttle": 0.2961589425757072,
            "brake": 0.0,
            "steer": 0.0
        },
        {
            "throttle": 0.2966840599815022,
            "brake": 0.0,
            "steer": 0.0
        },
        {
            "throttle": 0.267015653983352,
            "brake": 0.047648957239968974,
            "steer": 0.0
        },
        {
            "throttle": 0.2403140885850168,
            "brake": 0.09053301875594105,
            "steer": 0.0
        },
        {
            "throttle": 0.21628267972651513,
            "brake": 0.12912867412031592,
            "steer": 0.0
        },
        {
            "throttle": 0.1946544117538636,
            "brake": 0.1638647639482533,
            "steer": 0.0
        },
        {
            "throttle": 0.17518897057847727,
            "brake": 0.19512724479339696,
            "steer": 0.0
        },
        {
            "throttle": 0.15767007352062953,
            "brake": 0.22326347755402626,
            "steer": 0.0
        },
        {
            "throttle": 0.14190306616856657,
            "brake": 0.2485860870385926,
            "steer": 0.0
        },
        {
            "throttle": 0.1277127595517099,
            "brake": 0.2713764355747023,
            "steer": 0.0
        },
        {
            "throttle": 0.14489855455733908,
            "brake": 0.2442387920172321,
            "steer": 0.0
        },
        {
            "throttle": 0.16031178088861348,
            "brake": 0.21981491281550888,
            "steer": 0.0
        },
        {
            "throttle": 0.17412350905444512,
            "brake": 0.197833421533958,
            "steer": 0.0
        },
        {
            "throttle": 0.1864879130579286,
            "brake": 0.1780500793805622,
            "steer": 0.0
        },
        {
            "throttle": 0.19754398095538894,
            "brake": 0.16024507144250597,
            "steer": 0.0
        },
        {
            "throttle": 0.20741705354970388,
            "brake": 0.14422056429825536,
            "steer": 0.0
        },
        {
            "throttle": 0.21622020833415093,
            "brake": 0.12979850786842984,
            "steer": 0.0
        },
        {
            "throttle": 0.22405550409448405,
            "brake": 0.11681865708158685,
            "steer": 0.0
        },
        {
            "throttle": 0.2310151000394893,
            "brake": 0.10513679137342817,
            "steer": 0.0
        },
        {
            "throttle": 0.23718226194678177,
            "brake": 0.09462311223608535,
            "steer": 0.0
        },
        {
            "throttle": 0.24263226656568038,
            "brake": 0.08516080101247682,
            "steer": 0.0
        },
        {
            "throttle": 0.24743321439876062,
            "brake": 0.07664472091122913,
            "steer": 0.0
        },
        {
            "throttle": 0.25164675997565805,
            "brake": 0.06898024882010623,
            "steer": 0.0
        },
        {
            "throttle": 0.25532876782564007,
            "brake": 0.06208222393809561,
            "steer": 0.0
        },
        {
            "throttle": 0.25852990153926875,
            "brake": 0.055874001544286046,
            "steer": 0.0
        },
        {
            "throttle": 0.2612961525750414,
            "brake": 0.050286601389857445,
            "steer": 0.0
        },
        {
            "throttle": 0.26366931480602673,
            "brake": 0.0452579412508717,
            "steer": 0.0
        },
        {
            "throttle": 0.26568741020683806,
            "brake": 0.04073214712578453,
            "steer": 0.0
        },
        {
            "throttle": 0.26738507054616784,
            "brake": 0.03665893241320608,
            "steer": 0.0
        },
        {
            "throttle": 0.2687938794685722,
            "brake": 0.03299303917188547,
            "steer": 0.0
        },
        {
            "throttle": 0.2699426789158707,
            "brake": 0.029693735254696926,
            "steer": 0.0
        },
        {
            "throttle": 0.27085784344856983,
            "brake": 0.026724361729227233,
            "steer": 0.0
        },
        {
            "throttle": 0.2715635256767791,
            "brake": 0.02405192555630451,
            "steer": 0.0
        },
        {
            "throttle": 0.2720818756942439,
            "brake": 0.02164673300067406,
            "steer": 0.0
        },
        {
            "throttle": 0.2724332371248446,
            "brake": 0.019482059700606656,
            "steer": 0.0
        },
        {
            "throttle": 0.27263632213502703,
            "brake": 0.01753385373054599,
            "steer": 0.0
        },
        {
            "throttle": 0.2727083675352876,
            "brake": 0.015780468357491393,
            "steer": 0.0
        },
        {
            "throttle": 0.27266527388645223,
            "brake": 0.014202421521742253,
            "steer": 0.0
        },
        {
            "throttle": 0.2725217293397644,
            "brake": 0.012782179369568028,
            "steer": 0.0
        },
        {
            "throttle": 0.272291319771636,
            "brake": 0.011503961432611226,
            "steer": 0.0
        },
        {
            "throttle": 0.2719866266224547,
            "brake": 0.010353565289350103,
            "steer": 0.0
        },
        {
            "throttle": 0.27161931371238696,
            "brake": 0.009318208760415093,
            "steer": 0.0
        },
        {
            "throttle": 0.27120020418416024,
            "brake": 0.008386387884373585,
            "steer": 0.0
        },
        {
            "throttle": 0.27073934861197535,
            "brake": 0.007547749095936227,
            "steer": 0.0
        },
        {
            "throttle": 0.27024608521577453,
            "brake": 0.006792974186342605,
            "steer": 0.0
        },
        {
            "throttle": 0.2697290930299586,
            "brake": 0.006113676767708344,
            "steer": 0.0
        },
        {
            "throttle": 0.26919643879432104,
            "brake": 0.00550230909093751,
            "steer": 0.0
        },
        {
            "throttle": 0.2686556182615518,
            "brake": 0.004952078181843759,
            "steer": 0.0
        },
        {
            "throttle": 0.2681135925493585,
            "brake": 0.004456870363659384,
            "steer": 0.0
        },
        {
            "throttle": 0.2675768201053318,
            "brake": 0.004011183327293446,
            "steer": 0.0
        },
        {
            "throttle": 0.26705128479850093,
            "brake": 0.0036100649945641013,
            "steer": 0.0
        },
        {
            "throttle": 0.26654252060249967,
            "brake": 0.0032490584951076914,
            "steer": 0.0
        },
        {
            "throttle": 0.26605563329086607,
            "brake": 0.0029241526455969225,
            "steer": 0.0
        },
        {
            "throttle": 0.265595319524766,
            "brake": 0.0026317373810372303,
            "steer": 0.0
        },
        {
            "throttle": 0.26516588367693383,
            "brake": 0.0023685636429335074,
            "steer": 0.0
        },
        {
            "throttle": 0.26477125270248625,
            "brake": 0.0021317072786401566,
            "steer": 0.0
        },
        {
            "throttle": 0.2644149893371467,
            "brake": 0.001918536550776141,
            "steer": 0.0
        },
        {
            "throttle": 0.26410030387601413,
            "brake": 0.001726682895698527,
            "steer": 0.0
        },
        {
            "throttle": 0.2638300647610437,
            "brake": 0.0015540146061286744,
            "steer": 0.0
        },
        {
            "throttle": 0.26360680818263815,
            "brake": 0.001398613145515807,
            "steer": 0.0
        },
        {
            "throttle": 0.2634327468799537,
            "brake": 0.0012587518309642263,
            "steer": 0.0
        },
        {
            "throttle": 0.2633097783055076,
            "brake": 0.0011328766478678036,
            "steer": 0.0
        },
        {
            "throttle": 0.26323949230226096,
            "brake": 0.0010195889830810231,
            "steer": 0.0
        },
        {
            "throttle": 0.26322317842538295,
            "brake": 0.0009176300847729209,
            "steer": 0.0
        },
        {
            "throttle": 0.26326183302623807,
            "brake": 0.0008258670762956289,
            "steer": 0.0
        },
        {
            "throttle": 0.26335616620265434,
            "brake": 0.000743280368666066,
            "steer": 0.0
        },
        {
            "throttle": 0.2635066087071146,
            "brake": 0.0006689523317994594,
            "steer": 0.0
        },
        {
            "throttle": 0.2637133188930628,
            "brake": 0.0006020570986195135,
            "steer": 0.0
        },
        {
            "throttle": 0.26397618976894915,
            "brake": 0.0005418513887575622,
            "steer": 0.0
        },
        {
            "throttle": 0.26429485621986726,
            "brake": 0.00048766624988180594,
            "steer": 0.0
        },
        {
            "throttle": 0.2646687024475966,
            "brake": 0.00043889962489362537,
            "steer": 0.0
        },
        {
            "throttle": 0.26509686967149204,
            "brake": 0.00039500966240426283,
            "steer": 0.0
        },
        {
            "throttle": 0.2655782641249016,
            "brake": 0.0003555086961638366,
            "steer": 0.0
        },
        {
            "throttle": 0.266111565374597,
            "brake": 0.00031995782654745293,
            "steer": 0.0
        },
        {
            "throttle": 0.2666952349840258,
            "brake": 0.00028796204389270767,
            "steer": 0.0
        },
        {
            "throttle": 0.24002571148562324,
            "brake": 0.04790812307947241,
            "steer": 0.0
        },
        {
            "throttle": 0.2160231403370609,
            "brake": 0.09076626801149415,
            "steer": 0.0
        },
        {
            "throttle": 0.19442082630335483,
            "brake": 0.1293385984503137,
            "steer": 0.0
        },
        {
            "throttle": 0.17497874367301935,
            "brake": 0.1640536958452513,
            "steer": 0.0
        },
        {
            "throttle": 0.15748086930571742,
            "brake": 0.19529728350069517,
            "steer": 0.0
        },
        {
            "throttle": 0.1417327823751457,
            "brake": 0.22341651239059462,
            "steer": 0.0
        },
        {
            "throttle": 0.12755950413763112,
            "brake": 0.24872381839150415,
            "steer": 0.0
        },
        {
            "throttle": 0.11480355372386801,
            "brake": 0.2715003937923227,
            "steer": 0.0
        },
        {
            "throttle": 0.13155261761460313,
            "brake": 0.24435035441309044,
            "steer": 0.0
        },
        {
            "throttle": 0.14674558812015603,
            "brake": 0.2199153189717814,
            "steer": 0.0
        },
        {
            "throttle": 0.160537328403503,
            "brake": 0.19792378707460326,
            "steer": 0.0
        },
        {
            "throttle": 0.173066802213372,
            "brake": 0.17813140836714295,
            "steer": 0.0
        },
        {
            "throttle": 0.18445866788179,
            "brake": 0.16031826753042866,
            "steer": 0.0
        },
        {
            "throttle": 0.1948247143530507,
            "brake": 0.1442864407773858,
            "steer": 0.0
        },
        {
            "throttle": 0.204265155021762,
            "brake": 0.12985779669964723,
            "steer": 0.0
        },
        {
            "throttle": 0.21286979357492508,
            "brake": 0.1168720170296825,
            "steer": 0.0
        },
        {
            "throttle": 0.220719074608647,
            "brake": 0.10518481532671425,
            "steer": 0.0
        },
        {
            "throttle": 0.22788503050827377,
            "brake": 0.09466633379404284,
            "steer": 0.0
        },
        {
            "throttle": 0.23443213492721554,
            "brake": 0.08519970041463855,
            "steer": 0.0
        },
        {
            "throttle": 0.24041807216170683,
            "brake": 0.0766797303731747,
            "steer": 0.0
        },
        {
            "throttle": 0.24589443078466847,
            "brake": 0.06901175733585724,
            "steer": 0.0
        },
        {
            "throttle": 0.2509073290613344,
            "brake": 0.062110581602271515,
            "steer": 0.0
        },
        {
            "throttle": 0.2554979789130334,
            "brake": 0.055899523442044366,
            "steer": 0.0
        },
        {
            "throttle": 0.2597031945150644,
            "brake": 0.05030957109783993,
            "steer": 0.0
        },
        {
            "throttle": 0.2635558510024048,
            "brake": 0.04527861398805594,
            "steer": 0.0
        },
        {
            "throttle": 0.26708529820623056,
            "brake": 0.040750752589250344,
            "steer": 0.0
        },
        {
            "throttle": 0.27031773384877683,
            "brake": 0.03667567733032531,
            "steer": 0.0
        },
        {
            "throttle": 0.2732765401784029,
            "brake": 0.033008109597292785,
            "steer": 0.0
        },
        {
            "throttle": 0.275982587625881,
            "brake": 0.02970729863756351,
            "steer": 0.0
        },
        {
            "throttle": 0.2784545087024311,
            "brake": 0.02673656877380716,
            "steer": 0.0
        },
        {
            "throttle": 0.28070894503584587,
            "brake": 0.024062911896426443,
            "steer": 0.0
        },
        {
            "throttle": 0.28276077014956963,
            "brake": 0.0216566207067838,
            "steer": 0.0
        },
        {
            "throttle": 0.28462329032754496,
            "brake": 0.01949095863610542,
            "steer": 0.0
        },
        {
            "throttle": 0.28630842567208786,
            "brake": 0.01754186277249488,
            "steer": 0.0
        },
        {
            "throttle": 0.28782687325034756,
            "brake": 0.01578767649524539,
            "steer": 0.0
        },
        {
            "throttle": 0.289188254034672,
            "brake": 0.014208908845720852,
            "steer": 0.0
        },
        {
            "throttle": 0.29040124517128796,
            "brake": 0.012788017961148767,
            "steer": 0.0
        },
        {
            "throttle": 0.29147369895818465,
            "brake": 0.01150921616503389,
            "steer": 0.0
        },
        {
            "throttle": 0.2924127497752268,
            "brake": 0.010358294548530501,
            "steer": 0.0
        },
        {
            "throttle": 0.29322491008574236,
            "brake": 0.009322465093677451,
            "steer": 0.0
        },
        {
            "throttle": 0.2939161565177322,
            "brake": 0.008390218584309706,
            "steer": 0.0
        },
        {
            "throttle": 0.29449200693315286,
            "brake": 0.007551196725878736,
            "steer": 0.0
        },
        {
            "throttle": 0.29495758930429283,
            "brake": 0.006796077053290862,
            "steer": 0.0
        },
        {
            "throttle": 0.2953177031360592,
            "brake": 0.006116469347961776,
            "steer": 0.0
        },
        {
            "throttle": 0.2955768741010937,
            "brake": 0.0055048224131655984,
            "steer": 0.0
        },
        {
            "throttle": 0.29573940249020064,
            "brake": 0.004954340171849039,
            "steer": 0.0
        },
        {
            "throttle": 0.2958094060228448,
            "brake": 0.004458906154664135,
            "steer": 0.0
        },
        {
            "throttle": 0.29579085751078205,
            "brake": 0.004013015539197722,
            "steer": 0.0
        },
        {
            "throttle": 0.29568761782160974,
            "brake": 0.00361171398527795,
            "steer": 0.0
        },
        {
            "throttle": 0.2955034645476108,
            "brake": 0.003250542586750155,
            "steer": 0.0
        },
        {
            "throttle": 0.29524211674822187,
            "brake": 0.0029254883280751395,
            "steer": 0.0
        },
        {
            "throttle": 0.2949072561013306,
            "brake": 0.0026329394952676255,
            "steer": 0.0
        },
        {
            "throttle": 0.294502544768992,
            "brake": 0.002369645545740863,
            "steer": 0.0
        },
        {
            "throttle": 0.29403164025669354,
            "brake": 0.0021326809911667768,
            "steer": 0.0
        },
        {
            "throttle": 0.293498207521651,
            "brake": 0.001919412892050099,
            "steer": 0.0
        },
        {
            "throttle": 0.29290592856449665,
            "brake": 0.0017274716028450891,
            "steer": 0.0
        },
        {
            "throttle": 0.292258509719853,
            "brake": 0.0015547244425605801,
            "steer": 0.0
        },
        {
            "throttle": 0.29155968684443223,
            "brake": 0.0013992519983045222,
            "steer": 0.0
        },
        {
            "throttle": 0.290813228586242,
            "brake": 0.00125932679847407,
            "steer": 0.0
        },
        {
            "throttle": 0.2900229379050188,
            "brake": 0.001133394118626663,
            "steer": 0.0
        },
        {
            "throttle": 0.28919265200197447,
            "brake": 0.0010200547067639968,
            "steer": 0.0
        },
        {
            "throttle": 0.2883262408061632,
            "brake": 0.0009180492360875972,
            "steer": 0.0
        },
        {
            "throttle": 0.2874276041551243,
            "brake": 0.0008262443124788375,
            "steer": 0.0
        },
        {
            "throttle": 0.2865006677987855,
            "brake": 0.0007436198812309537,
            "steer": 0.0
        },
        {
            "throttle": 0.2855493783478185,
            "brake": 0.0006692578931078583,
            "steer": 0.0
        },
        {
            "throttle": 0.2845776972806096,
            "brake": 0.0006023321037970725,
            "steer": 0.0
        },
        {
            "throttle": 0.2835895941166546,
            "brake": 0.0005420988934173652,
            "steer": 0.0
        },
        {
            "throttle": 0.28258903885841785,
            "brake": 0.0004878890040756287,
            "steer": 0.0
        },
        {
            "throttle": 0.28157999379844106,
            "brake": 0.0004391001036680658,
            "steer": 0.0
        },
        {
            "throttle": 0.2805664047836733,
            "brake": 0.00039519009330125926,
            "steer": 0.0
        },
        {
            "throttle": 0.2795521920245623,
            "brake": 0.00035567108397113333,
            "steer": 0.0
        },
        {
            "throttle": 0.2785412405323429,
            "brake": 0.00032010397557402,
            "steer": 0.0
        },
        {
            "throttle": 0.2775373902641315,
            "brake": 0.00028809357801661803,
            "steer": 0.0
        },
        {
            "throttle": 0.27654442605184115,
            "brake": 0.0002592842202149562,
            "steer": 0.0
        },
        {
            "throttle": 0.2755660673875379,
            "brake": 0.0002333557981934606,
            "steer": 0.0
        },
        {
            "throttle": 0.27460595813461974,
            "brake": 0.00021002021837411455,
            "steer": 0.0
        },
        {
            "throttle": 0.27366765623109746,
            "brake": 0.0001890181965367031,
            "steer": 0.0
        },
        {
            "throttle": 0.27275462344825424,
            "brake": 0.00017011637688303278,
            "steer": 0.0
        },
        {
            "throttle": 0.2718702152650439,
            "brake": 0.0001531047391947295,
            "steer": 0.0
        },
        {
            "throttle": 0.27101767091572854,
            "brake": 0.00013779426527525657,
            "steer": 0.0
        },
        {
            "throttle": 0.2702001036654436,
            "brake": 0.00012401483874773092,
            "steer": 0.0
        },
        {
            "throttle": 0.2694204913655947,
            "brake": 0.00011161335487295783,
            "steer": 0.0
        },
        {
            "throttle": 0.2686816673382222,
            "brake": 0.00010045201938566205,
            "steer": 0.0
        },
        {
            "throttle": 0.26798631163571063,
            "brake": 9.040681744709585e-05,
            "steer": 0.0
        },
        {
            "throttle": 0.26733694271945835,
            "brake": 8.136613570238627e-05,
            "steer": 0.0
        },
        {
            "throttle": 0.26673590959835236,
            "brake": 7.322952213214764e-05,
            "steer": 0.0
        },
        {
            "throttle": 0.26618538446511336,
            "brake": 6.590656991893288e-05,
            "steer": 0.0
        },
        {
            "throttle": 0.2656873558657762,
            "brake": 5.931591292703959e-05,
            "steer": 0.0
        },
        {
            "throttle": 0.2652436224347571,
            "brake": 5.3384321634335636e-05,
            "steer": 0.0
        },
        {
            "throttle": 0.26485578722512393,
            "brake": 4.8045889470902075e-05,
            "steer": 0.0
        },
        {
            "throttle": 0.2645252526608343,
            "brake": 4.324130052381187e-05,
            "steer": 0.0
        },
        {
            "throttle": 0.2642532161348364,
            "brake": 3.8917170471430687e-05,
            "steer": 0.0
        },
        {
            "throttle": 0.2640406662740451,
            "brake": 3.5025453424287616e-05,
            "steer": 0.0
        },
        {
            "throttle": 0.26388837988931235,
            "brake": 3.1522908081858854e-05,
            "steer": 0.0
        },
        {
            "throttle": 0.2637969196256063,
            "brake": 2.837061727367297e-05,
            "steer": 0.0
        },
        {
            "throttle": 0.2637666323247129,
            "brake": 2.5533555546305672e-05,
            "steer": 0.0
        },
        {
            "throttle": 0.26379764810986855,
            "brake": 2.2980199991675107e-05,
            "steer": 0.0
        },
        {
            "throttle": 0.26388988019884035,
            "brake": 2.0682179992507596e-05,
            "steer": 0.0
        },
        {
            "throttle": 0.26404302544908975,
            "brake": 1.8613961993256836e-05,
            "steer": 0.0
        },
        {
            "throttle": 0.2642565656357953,
            "brake": 1.6752565793931155e-05,
            "steer": 0.0
        },
        {
            "throttle": 0.2645297694606784,
            "brake": 1.507730921453804e-05,
            "steer": 0.0
        }
    ],
    "parameters": {
        "fog_density": 19.333573565184487,
        "precipitation": 39.54124768069508,
        "precipitation_deposits": 5.664387633261281,
        "wind_intensity": 41.61562895807235,
        "sun_altitude_angle": 0.10942556313370133,
        "cloudiness": 47.22511807608086,
        "lead_base_throttle": 0.28134969094212386,
        "lead_behavior_frequency": 0.0941555744842091,
        "lead_throttle_variation": 0.02014525798491178,
        "lead_brake_probability": 0.07791274655476556,
        "lead_brake_intensity": 0.4764895723996897,
        "lead_brake_duration": 8.102562150752236,
        "initial_distance": 17.42884921449231,
        "initial_ego_velocity": 5.878700319238963,
        "initial_lead_velocity": 23.124164291053287
    },
    "config": {
        "num_timesteps": 200,
        "dt": 0.1,
        "seed": 190
    }
}