{
    "weather": {
        "cloudiness": 73.16342296948315,
        "precipitation": 29.334505096214926,
        "precipitation_deposits": 88.17991359096338,
        "wind_intensity": 24.939774287115725,
        "sun_altitude_angle": -17.029776555409907,
        "fog_density": 58.426890656379825,
        "fog_distance": 142.62121320256824,
        "wetness": 14.667252548107463
    },
    "initial_conditions": {
        "ego": {
            "position": {
                "x": 548.6577954224947,
                "y": 20.57,
                "z": 0.294
            },
            "yaw": 0.0,
            "velocity": 7.860353172940244
        },
        "lead": {
            "position": {
                "x": 484.88,
                "y": 20.57,
                "z": 0.294
            },
            "yaw": 0.0,
            "velocity": 19.767532649817248
        }
    },
    "ego": {
        "position": {
            "x": 548.6577954224947,
            "y": 20.57,
            "z": 0.294
        },
        "yaw": 0.0,
        "velocity": 7.860353172940244
    },
    "lead": {
        "position": {
            "x": 484.88,
            "y": 20.57,
            "z": 0.294
        },
        "yaw": 0.0,
        "velocity": 19.767532649817248
    },
    "ado_actions": [
        {
            "throttle": 0.5434504242141456,
            "brake": 0.0,
            "steer": 0.0
        },
        {
            "throttle": 0.5458908525976349,
            "brake": 0.0,
            "steer": 0.0
        },
        {
            "throttle": 0.5505175553262469,
            "brake": 0.0,
            "steer": 0.0
        },
        {
            "throttle": 0.5570917244582285,
            "brake": 0.0,
            "steer": 0.0
        },
        {
            "throttle": 0.5013825520124057,
            "brake": 0.033009179349361095,
            "steer": 0.0
        },
        {
            "throttle": 0.4512442968111651,
            "brake": 0.06271744076378608,
            "steer": 0.0
        },
        {
            "throttle": 0.4061198671300486,
            "brake": 0.08945487603676856,
            "steer": 0.0
        },
        {
            "throttle": 0.36550788041704374,
            "brake": 0.1135185677824528,
            "steer": 0.0
        },
        {
            "throttle": 0.3289570923753394,
            "brake": 0.1351758903535686,
            "steer": 0.0
        },
        {
            "throttle": 0.29606138313780545,
            "brake": 0.15466748066757285,
            "steer": 0.0
        },
        {
            "throttle": 0.2664552448240249,
            "brake": 0.17220991195017668,
            "steer": 0.0
        },
        {
            "throttle": 0.2398097203416224,
            "brake": 0.18799810010452012,
            "steer": 0.0
        },
        {
            "throttle": 0.29664988876497234,
            "brake": 0.16919829009406812,
            "steer": 0.0
        },
        {
            "throttle": 0.34949887029294413,
            "brake": 0.1522784610846613,
            "steer": 0.0
        },
        {
            "throttle": 0.3986390739148239,
            "brake": 0.1370506149761952,
            "steer": 0.0
        },
        {
            "throttle": 0.4443181375284938,
            "brake": 0.12334555347857568,
            "steer": 0.0
        },
        {
            "throttle": 0.4867529156579615,
            "brake": 0.11101099813071812,
            "steer": 0.0
        },
        {
            "throttle": 0.5261330933395199,
            "brake": 0.09990989831764631,
            "steer": 0.0
        },
        {
            "throttle": 0.562624461340784,
            "brake": 0.08991890848588167,
            "steer": 0.0
        },
        {
            "throttle": 0.5963718842662893,
            "brake": 0.08092701763729351,
            "steer": 0.0
        },
        {
            "throttle": 0.6275019898634078,
            "brake": 0.07283431587356416,
            "steer": 0.0
        },
        {
            "throttle": 0.6561256049363435,
            "brake": 0.06555088428620774,
            "steer": 0.0
        },
        {
            "throttle": 0.6823399606708093,
            "brake": 0.05899579585758697,
            "steer": 0.0
        },
        {
            "throttle": 0.7062306878378583,
            "brake": 0.05309621627182828,
            "steer": 0.0
        },
        {
            "throttle": 0.72787362025536,
            "brake": 0.04778659464464545,
            "steer": 0.0
        },
        {
            "throttle": 0.7473364230155308,
            "brake": 0.04300793518018091,
            "steer": 0.0
        },
        {
            "throttle": 0.7646800603149138,
            "brake": 0.03870714166216282,
            "steer": 0.0
        },
        {
            "throttle": 0.7799601162295096,
            "brake": 0.03483642749594654,
            "steer": 0.0
        },
        {
            "throttle": 0.7932279804446185,
            "brake": 0.031352784746351885,
            "steer": 0.0
        },
        {
            "throttle": 0.8045319097602938,
            "brake": 0.028217506271716698,
            "steer": 0.0
        },
        {
            "throttle": 0.813917975134632,
            "brake": 0.025395755644545027,
            "steer": 0.0
        },
        {
            "throttle": 0.8214309030853383,
            "brake": 0.022856180080090525,
            "steer": 0.0
        },
        {
            "throttle": 0.8271148194332779,
            "brake": 0.020570562072081473,
            "steer": 0.0
        },
        {
            "throttle": 0.8310139026293629,
            "brake": 0.018513505864873325,
            "steer": 0.0
        },
        {
            "throttle": 0.8331729532484506,
            "brake": 0.016662155278385993,
            "steer": 0.0
        },
        {
            "throttle": 0.833637885652218,
            "brake": 0.014995939750547393,
            "steer": 0.0
        },
        {
            "throttle": 0.8324561473092926,
            "brake": 0.013496345775492654,
            "steer": 0.0
        },
        {
            "throttle": 0.7492105325783633,
            "brake": 0.045155890547304484,
            "steer": 0.0
        },
        {
            "throttle": 0.6742894793205271,
            "brake": 0.07364948084193512,
            "steer": 0.0
        },
        {
            "throttle": 0.6068605313884744,
            "brake": 0.09929371210710271,
            "steer": 0.0
        },
        {
            "throttle": 0.546174478249627,
            "brake": 0.12237352024575353,
            "steer": 0.0
        },
        {
            "throttle": 0.49155703042466425,
            "brake": 0.14314534757053926,
            "steer": 0.0
        },
        {
            "throttle": 0.44240132738219784,
            "brake": 0.16183999216284645,
            "steer": 0.0
        },
        {
            "throttle": 0.3981611946439781,
            "brake": 0.1786651722959229,
            "steer": 0.0
        },
        {
            "throttle": 0.3583450751795803,
            "brake": 0.19380783441569172,
            "steer": 0.0
        },
        {
            "throttle": 0.3860398247897671,
            "brake": 0.17442705097412256,
            "steer": 0.0
        },
        {
            "throttle": 0.4085782528700742,
            "brake": 0.1569843458767103,
            "steer": 0.0
        },
        {
            "throttle": 0.4264478286700824,
            "brake": 0.14128591128903928,
            "steer": 0.0
        },
        {
            "throttle": 0.44009728039862067,
            "brake": 0.12715732016013537,
            "steer": 0.0
        },
        {
            "throttle": 0.44994054455613075,
            "brake": 0.11444158814412184,
            "steer": 0.0
        },
        {
            "throttle": 0.4563602785656595,
            "brake": 0.10299742932970965,
            "steer": 0.0
        },
        {
            "throttle": 0.4597109802339831,
            "brake": 0.09269768639673868,
            "steer": 0.0
        },
        {
            "throttle": 0.4603217533948466,
            "brake": 0.08342791775706482,
            "steer": 0.0
        },
        {
            "throttle": 0.45849875532458717,
            "brake": 0.07508512598135834,
            "steer": 0.0
        },
        {
            "throttle": 0.45452735813400047,
            "brake": 0.06757661338322252,
            "steer": 0.0
        },
        {
            "throttle": 0.44867405329096716,
            "brake": 0.06081895204490027,
            "steer": 0.0
        },
        {
            "throttle": 0.4411881256816552,
            "brake": 0.05473705684041024,
            "steer": 0.0
        },
        {
            "throttle": 0.4323031211431006,
            "brake": 0.04926335115636922,
            "steer": 0.0
        },
        {
            "throttle": 0.4222381291687792,
            "brake": 0.0443370160407323,
            "steer": 0.0
        },
        {
            "throttle": 0.4111989004763706,
            "brake": 0.03990331443665907,
            "steer": 0.0
        },
        {
            "throttle": 0.39937881731074265,
            "brake": 0.03591298299299316,
            "steer": 0.0
        },
        {
            "throttle": 0.3869597327149985,
            "brake": 0.03232168469369385,
            "steer": 0.0
        },
        {
            "throttle": 0.3741126935200216,
            "brake": 0.029089516224324465,
            "steer": 0.0
        },
        {
            "throttle": 0.36099856046195977,
            "brake": 0.02618056460189202,
            "steer": 0.0
        },
        {
            "throttle": 0.3477685376228174,
            "brake": 0.02356250814170282,
            "steer": 0.0
        },
        {
            "throttle": 0.334564622288572,
            "brake": 0.02120625732753254,
            "steer": 0.0
        },
        {
            "throttle": 0.32151998532015985,
            "brake": 0.019085631594779284,
            "steer": 0.0
        },
        {
            "throttle": 0.3087592912246542,
            "brake": 0.017177068435301354,
            "steer": 0.0
        },
        {
            "throttle": 0.2963989662874659,
            "brake": 0.015459361591771218,
            "steer": 0.0
        },
        {
            "throttle": 0.28454742237289576,
            "brake": 0.013913425432594096,
            "steer": 0.0
        },
        {
            "throttle": 0.2733052433122171,
            "brake": 0.012522082889334686,
            "steer": 0.0
        },
        {
            "throttle": 0.2627653401688317,
            "brake": 0.011269874600401217,
            "steer": 0.0
        },
        {
            "throttle": 0.2530130810928124,
            "brake": 0.010142887140361096,
            "steer": 0.0
        },
        {
            "throttle": 0.24412640094686575,
            "brake": 0.009128598426324986,
            "steer": 0.0
        },
        {
            "throttle": 0.23617589539755507,
            "brake": 0.008215738583692487,
            "steer": 0.0
        },
        {
            "throttle": 0.229224903715183,
            "brake": 0.007394164725323238,
            "steer": 0.0
        },
        {
            "throttle": 0.22332958410919157,
            "brake": 0.006654748252790914,
            "steer": 0.0
        },
        {
            "throttle": 0.21853898503987335,
            "brake": 0.005989273427511823,
            "steer": 0.0
        },
        {
            "throttle": 0.21489511558856494,
            "brake": 0.00539034608476064,
            "steer": 0.0
        },
        {
            "throttle": 0.2124330176346334,
            "brake": 0.0048513114762845765,
            "steer": 0.0
        },
        {
            "throttle": 0.21118084227609152,
            "brake": 0.004366180328656119,
            "steer": 0.0
        },
        {
            "throttle": 0.21115993263950977,
            "brake": 0.003929562295790507,
            "steer": 0.0
        },
        {
            "throttle": 0.21238491495218897,
            "brake": 0.0035366060662114563,
            "steer": 0.0
        },
        {
            "throttle": 0.21486379949372103,
            "brake": 0.0031829454595903106,
            "steer": 0.0
        },
        {
            "throttle": 0.19337741954434892,
            "brake": 0.03587383026299237,
            "steer": 0.0
        },
        {
            "throttle": 0.17403967758991404,
            "brake": 0.06529562658605423,
            "steer": 0.0
        },
        {
            "throttle": 0.15663570983092265,
            "brake": 0.0917752432768099,
            "steer": 0.0
        },
        {
            "throttle": 0.14097213884783039,
            "brake": 0.11560689829849001,
            "steer": 0.0
        },
        {
            "throttle": 0.12687492496304736,
            "brake": 0.1370553878180021,
            "steer": 0.0
        },
        {
            "throttle": 0.11418743246674264,
            "brake": 0.15635902838556298,
            "steer": 0.0
        },
        {
            "throttle": 0.10276868922006838,
            "brake": 0.1737323048963678,
            "steer": 0.0
        },
        {
            "throttle": 0.09249182029806154,
            "brake": 0.18936825375609212,
            "steer": 0.0
        },
        {
            "throttle": 0.1242129865263692,
            "brake": 0.17043142838048292,
            "steer": 0.0
        },
        {
            "throttle": 0.15507344881947843,
            "brake": 0.15338828554243464,
            "steer": 0.0
        },
        {
            "throttle": 0.18520511503641726,
            "brake": 0.13804945698819118,
            "steer": 0.0
        },
        {
            "throttle": 0.2147169356749212,
            "brake": 0.12424451128937207,
            "steer": 0.0
        },
        {
            "throttle": 0.24369705015839746,
            "brake": 0.11182006016043486,
            "steer": 0.0
        },
        {
            "throttle": 0.27221475957833485,
            "brake": 0.10063805414439138,
            "steer": 0.0
        },
        {
            "throttle": 0.3003223436955944,
            "brake": 0.09057424872995225,
            "steer": 0.0
        },
        {
            "throttle": 0.3280567380515903,
            "brake": 0.08151682385695702,
            "steer": 0.0
        },
        {
            "throttle": 0.3554410852820436,
            "brake": 0.07336514147126132,
            "steer": 0.0
        },
        {
            "throttle": 0.38248617314306455,
            "brake": 0.06602862732413518,
            "steer": 0.0
        },
        {
            "throttle": 0.40919177033497767,
            "brake": 0.059425764591721664,
            "steer": 0.0
        },
        {
            "throttle": 0.4355478699284031,
            "brake": 0.0534831881325495,
            "steer": 0.0
        },
        {
            "throttle": 0.4615358490460194,
            "brake": 0.04813486931929455,
            "steer": 0.0
        },
        {
            "throttle": 0.4871295524198845,
            "brake": 0.0433213823873651,
            "steer": 0.0
        },
        {
            "throttle": 0.5122963065171213,
            "brake": 0.03898924414862859,
            "steer": 0.0
        },
        {
            "throttle": 0.5369978700962257,
            "brake": 0.03509031973376573,
            "steer": 0.0
        },
        {
            "throttle": 0.561191326313233,
            "brake": 0.03158128776038916,
            "steer": 0.0
        },
        {
            "throttle": 0.5848299208333962,
            "brake": 0.028423158984350244,
            "steer": 0.0
        },
        {
            "throttle": 0.6078638498125513,
            "brake": 0.025580843085915222,
            "steer": 0.0
        },
        {
            "throttle": 0.6302410010863831,
            "brake": 0.0230227587773237,
            "steer": 0.0
        },
        {
            "throttle": 0.6519076514393783,
            "brake": 0.02072048289959133,
            "steer": 0.0
        },
        {
            "throttle": 0.5867168862954405,
            "brake": 0.05165761395899329,
            "steer": 0.0
        },
        {
            "throttle": 0.5280451976658964,
            "brake": 0.07950103191245506,
            "steer": 0.0
        },
        {
            "throttle": 0.4752406778993068,
            "brake": 0.10456010807057065,
            "steer": 0.0
        },
        {
            "throttle": 0.4277166101093761,
            "brake": 0.1271132766128747,
            "steer": 0.0
        },
        {
            "throttle": 0.3849449490984385,
            "brake": 0.14741112830094832,
            "steer": 0.0
        },
        {
            "throttle": 0.34645045418859466,
            "brake": 0.1656791948202146,
            "steer": 0.0
        },
        {
            "throttle": 0.3118054087697352,
            "brake": 0.18212045468755422,
            "steer": 0.0
        },
        {
            "throttle": 0.2806248678927617,
            "brake": 0.1969175885681599,
            "steer": 0.0
        },
        {
            "throttle": 0.34476291379451496,
            "brake": 0.17722582971134393,
            "steer": 0.0
        },
        {
            "throttle": 0.40256515264433995,
            "brake": 0.15950324674020955,
            "steer": 0.0
        },
        {
            "throttle": 0.4545079988543345,
            "brake": 0.1435529220661886,
            "steer": 0.0
        },
        {
            "throttle": 0.5010205534079278,
            "brake": 0.12919762985956976,
            "steer": 0.0
        },
        {
            "throttle": 0.5424899850162127,
            "brake": 0.11627786687361279,
            "steer": 0.0
        },
        {
            "throttle": 0.5792663691073092,
            "brake": 0.1046500801862515,
            "steer": 0.0
        },
        {
            "throttle": 0.61166703618993,
            "brake": 0.09418507216762635,
            "steer": 0.0
        },
        {
            "throttle": 0.6399804760060718,
            "brake": 0.08476656495086372,
            "steer": 0.0
        },
        {
            "throttle": 0.6644698392851065,
            "brake": 0.07628990845577735,
            "steer": 0.0
        },
        {
            "throttle": 0.6853760747799643,
            "brake": 0.06866091761019961,
            "steer": 0.0
        },
        {
            "throttle": 0.7029207355582899,
            "brake": 0.061794825849179655,
            "steer": 0.0
        },
        {
            "throttle": 0.7173084851947648,
            "brake": 0.055615343264261694,
            "steer": 0.0
        },
        {
            "throttle": 0.7287293315268407,
            "brake": 0.05005380893783552,
            "steer": 0.0
        },
        {
            "throttle": 0.7373606129602981,
            "brake": 0.04504842804405197,
            "steer": 0.0
        },
        {
            "throttle": 0.7433687599121451,
            "brake": 0.040543585239646775,
            "steer": 0.0
        },
        {
            "throttle": 0.6690318839209306,
            "brake": 0.06949840606504319,
            "steer": 0.0
        },
        {
            "throttle": 0.6021286955288375,
            "brake": 0.09555774480789997,
            "steer": 0.0
        },
        {
            "throttle": 0.5419158259759538,
            "brake": 0.11901114967647107,
            "steer": 0.0
        },
        {
            "throttle": 0.4877242433783584,
            "brake": 0.14011921405818506,
            "steer": 0.0
        },
        {
            "throttle": 0.43895181904052255,
            "brake": 0.15911647200172765,
            "steer": 0.0
        },
        {
            "throttle": 0.3950566371364703,
            "brake": 0.17621400415091598,
            "steer": 0.0
        },
        {
            "throttle": 0.3555509734228233,
            "brake": 0.1916017830851855,
            "steer": 0.0
        },
        {
            "throttle": 0.319995876080541,
            "brake": 0.20545078412602805,
            "steer": 0.0
        },
        {
            "throttle": 0.3481683211118276,
            "brake": 0.18490570571342524,
            "steer": 0.0
        },
        {
            "throttle": 0.3710999864056323,
            "brake": 0.16641513514208273,
            "steer": 0.0
        },
        {
            "throttle": 0.3893008487171127,
            "brake": 0.14977362162787447,
            "steer": 0.0
        },
        {
            "throttle": 0.403239986758382,
            "brake": 0.13479625946508703,
            "steer": 0.0
        },
        {
            "throttle": 0.4133496875822135,
            "brake": 0.12131663351857833,
            "steer": 0.0
        },
        {
            "throttle": 0.420029100413814,
            "brake": 0.10918497016672049,
            "steer": 0.0
        },
        {
            "throttle": 0.4236474832908247,
            "brake": 0.09826647315004844,
            "steer": 0.0
        },
        {
            "throttle": 0.4245470835089129,
            "brake": 0.0884398258350436,
            "steer": 0.0
        },
        {
            "throttle": 0.4230456889426511,
            "brake": 0.07959584325153925,
            "steer": 0.0
        },
        {
            "throttle": 0.4194388837746133,
            "brake": 0.07163625892638532,
            "steer": 0.0
        },
        {
            "throttle": 0.4140020389799588,
            "brake": 0.0644726330337468,
            "steer": 0.0
        },
        {
            "throttle": 0.4069920650434149,
            "brake": 0.05802536973037212,
            "steer": 0.0
        },
        {
            "throttle": 0.3986489517982986,
            "brake": 0.05222283275733491,
            "steer": 0.0
        },
        {
            "throttle": 0.3891971179440659,
            "brake": 0.047000549481601414,
            "steer": 0.0
        },
        {
            "throttle": 0.35027740614965935,
            "brake": 0.07530967388280237,
            "steer": 0.0
        },
        {
            "throttle": 0.3152496655346934,
            "brake": 0.10078788584388322,
            "steer": 0.0
        },
        {
            "throttle": 0.2837246989812241,
            "brake": 0.123718276608856,
            "steer": 0.0
        },
        {
            "throttle": 0.2553522290831017,
            "brake": 0.1443556282973315,
            "steer": 0.0
        },
        {
            "throttle": 0.2298170061747915,
            "brake": 0.16292924481695945,
            "steer": 0.0
        },
        {
            "throttle": 0.20683530555731236,
            "brake": 0.1796454996846246,
            "steer": 0.0
        },
        {
            "throttle": 0.18615177500158112,
            "brake": 0.19469012906552324,
            "steer": 0.0
        },
        {
            "throttle": 0.167536597501423,
            "brake": 0.20823029550833203,
            "steer": 0.0
        },
        {
            "throttle": 0.16898743185284498,
            "brake": 0.18740726595749882,
            "steer": 0.0
        },
        {
            "throttle": 0.16962664029746471,
            "brake": 0.16866653936174894,
            "steer": 0.0
        },
        {
            "throttle": 0.16968788482302852,
            "brake": 0.15179988542557404,
            "steer": 0.0
        },
        {
            "throttle": 0.16938359100538483,
            "brake": 0.13661989688301665,
            "steer": 0.0
        },
        {
            "throttle": 0.1689064309889532,
            "brake": 0.12295790719471499,
            "steer": 0.0
        },
        {
            "throttle": 0.1684306519993883,
            "brake": 0.11066211647524349,
            "steer": 0.0
        },
        {
            "throttle": 0.1681132685151723,
            "brake": 0.09959590482771914,
            "steer": 0.0
        },
        {
            "throttle": 0.16809513442665405,
            "brake": 0.08963631434494723,
            "steer": 0.0
        },
        {
            "throttle": 0.16850190988149766,
            "brake": 0.08067268291045251,
            "steer": 0.0
        },
        {
            "throttle": 0.16944493603772492,
            "brake": 0.07260541461940727,
            "steer": 0.0
        },
        {
            "throttle": 0.15250044243395244,
            "brake": 0.09835405250682763,
            "steer": 0.0
        },
        {
            "throttle": 0.1372503981905572,
            "brake": 0.12152782660550597,
            "steer": 0.0
        },
        {
            "throttle": 0.12352535837150148,
            "brake": 0.14238422329431646,
            "steer": 0.0
        },
        {
            "throttle": 0.11117282253435133,
            "brake": 0.1611549803142459,
            "steer": 0.0
        },
        {
            "throttle": 0.1000555402809162,
            "brake": 0.17804866163218241,
            "steer": 0.0
        },
        {
            "throttle": 0.0900499862528246,
            "brake": 0.19325297481832526,
            "steer": 0.0
        },
        {
            "throttle": 0.08104498762754214,
            "brake": 0.20693685668585385,
            "steer": 0.0
        },
        {
            "throttle": 0.07294048886478793,
            "brake": 0.21925235036662957,
            "steer": 0.0
        },
        {
            "throttle": 0.0949599227851607,
            "brake": 0.1973271153299666,
            "steer": 0.0
        },
        {
            "throttle": 0.11666293539869776,
            "brake": 0.17759440379696995,
            "steer": 0.0
        },
        {
            "throttle": 0.13817706766133056,
            "brake": 0.15983496341727296,
            "steer": 0.0
        },
        {
            "throttle": 0.15960889699636546,
            "brake": 0.14385146707554566,
            "steer": 0.0
        },
        {
            "throttle": 0.1810457703324573,
            "brake": 0.1294663203679911,
            "steer": 0.0
        },
        {
            "throttle": 0.20255739935647316,
            "brake": 0.116519688331192,
            "steer": 0.0
        },
        {
            "throttle": 0.2241973331178861,
            "brake": 0.1048677194980728,
            "steer": 0.0
        },
        {
            "throttle": 0.24600432145488788,
            "brake": 0.09438094754826552,
            "steer": 0.0
        },
        {
            "throttle": 0.2680035812076065,
            "brake": 0.08494285279343897,
            "steer": 0.0
        },
        {
            "throttle": 0.29020797582515406,
            "brake": 0.07644856751409507,
            "steer": 0.0
        },
        {
            "throttle": 0.312619117746768,
            "brake": 0.06880371076268556,
            "steer": 0.0
        },
        {
            "throttle": 0.3352284018305074,
            "brake": 0.061923339686417,
            "steer": 0.0
        },
        {
            "throttle": 0.35801797710456745,
            "brake": 0.055731005717775305,
            "steer": 0.0
        },
        {
            "throttle": 0.38096166321613767,
            "brake": 0.05015790514599777,
            "steer": 0.0
        },
        {
            "throttle": 0.3428654968945239,
            "brake": 0.0781512939807591,
            "steer": 0.0
        },
        {
            "throttle": 0.3085789472050715,
            "brake": 0.10334534393204428,
            "steer": 0.0
        }
    ],
    "parameters": {
        "fog_density": 58.426890656379825,
        "precipitation": 29.334505096214926,
        "precipitation_deposits": 88.17991359096338,
        "wind_intensity": 24.939774287115725,
        "sun_altitude_angle": -17.029776555409907,
        "cloudiness": 73.16342296948315,
        "lead_base_throttle": 0.5434504242141456,
        "lead_behavior_frequency": 0.10246214680516759,
        "lead_throttle_variation": 0.37933488899993834,
        "lead_brake_probability": 0.2780588355572857,
        "lead_brake_intensity": 0.33009179349361095,
        "lead_brake_duration": 8.640622707955277,
        "initial_distance": 63.77779542249472,
        "initial_ego_velocity": 7.860353172940244,
        "initial_lead_velocity": 19.767532649817248
    },
    "config": {
        "num_timesteps": 200,
        "dt": 0.1,
        "seed": 92
    }
}