{
    "weather": {
        "cloudiness": 1.8229800298265486,
        "precipitation": 26.19497119685873,
        "precipitation_deposits": 14.744805706783982,
        "wind_intensity": 15.224204654090906,
        "sun_altitude_angle": 79.02476024378792,
        "fog_density": 36.37746712502394,
        "fog_distance": 297.4282565594722,
        "wetness": 13.097485598429365
    },
    "initial_conditions": {
        "ego": {
            "position": {
                "x": 518.810717479409,
                "y": 20.57,
                "z": 0.294
            },
            "yaw": 0.0,
            "velocity": 15.33386425681562
        },
        "lead": {
            "position": {
                "x": 484.88,
                "y": 20.57,
                "z": 0.294
            },
            "yaw": 0.0,
            "velocity": 10.05688022143817
        }
    },
    "ego": {
        "position": {
            "x": 518.810717479409,
            "y": 20.57,
            "z": 0.294
        },
        "yaw": 0.0,
        "velocity": 15.33386425681562
    },
    "lead": {
        "position": {
            "x": 484.88,
            "y": 20.57,
            "z": 0.294
        },
        "yaw": 0.0,
        "velocity": 10.05688022143817
    },
    "ado_actions": [
        {
            "throttle": 0.5690019140178948,
            "brake": 0.0,
            "steer": 0.0
        },
        {
            "throttle": 0.5729274828460792,
            "brake": 0.0,
            "steer": 0.0
        },
        {
            "throttle": 0.5802882659437089,
            "brake": 0.0,
            "steer": 0.0
        },
        {
            "throttle": 0.5905475829649929,
            "brake": 0.0,
            "steer": 0.0
        },
        {
            "throttle": 0.6031318725229396,
            "brake": 0.0,
            "steer": 0.0
        },
        {
            "throttle": 0.6174414483092807,
            "brake": 0.0,
            "steer": 0.0
        },
        {
            "throttle": 0.6328622593656172,
            "brake": 0.0,
            "steer": 0.0
        },
        {
            "throttle": 0.6487783261920959,
            "brake": 0.0,
            "steer": 0.0
        },
        {
            "throttle": 0.6645845110757959,
            "brake": 0.0,
            "steer": 0.0
        },
        {
            "throttle": 0.679699275874305,
            "brake": 0.0,
            "steer": 0.0
        },
        {
            "throttle": 0.6935770836642313,
            "brake": 0.0,
            "steer": 0.0
        },
        {
            "throttle": 0.7057201121123535,
            "brake": 0.0,
            "steer": 0.0
        },
        {
            "throttle": 0.7156889658921738,
            "brake": 0.0,
            "steer": 0.0
        },
        {
            "throttle": 0.7231121024916201,
            "brake": 0.0,
            "steer": 0.0
        },
        {
            "throttle": 0.7276937196885125,
            "brake": 0.0,
            "steer": 0.0
        },
        {
            "throttle": 0.7292198929847016,
            "brake": 0.0,
            "steer": 0.0
        },
        {
            "throttle": 0.7275627964094,
            "brake": 0.0,
            "steer": 0.0
        },
        {
            "throttle": 0.7226828892200057,
            "brake": 0.0,
            "steer": 0.0
        },
        {
            "throttle": 0.7146290029361844,
            "brake": 0.0,
            "steer": 0.0
        },
        {
            "throttle": 0.7035363165606625,
            "brake": 0.0,
            "steer": 0.0
        },
        {
            "throttle": 0.6896222614496023,
            "brake": 0.0,
            "steer": 0.0
        },
        {
            "throttle": 0.6731804497721029,
            "brake": 0.0,
            "steer": 0.0
        },
        {
            "throttle": 0.6545727705449289,
            "brake": 0.0,
            "steer": 0.0
        },
        {
            "throttle": 0.6342198436071669,
            "brake": 0.0,
            "steer": 0.0
        },
        {
            "throttle": 0.6125900634628234,
            "brake": 0.0,
            "steer": 0.0
        },
        {
            "throttle": 0.5901875006391957,
            "brake": 0.0,
            "steer": 0.0
        },
        {
            "throttle": 0.5675389572018351,
            "brake": 0.0,
            "steer": 0.0
        },
        {
            "throttle": 0.5451804946166762,
            "brake": 0.0,
            "steer": 0.0
        },
        {
            "throttle": 0.5236437657248446,
            "brake": 0.0,
            "steer": 0.0
        },
        {
            "throttle": 0.5034424878623787,
            "brake": 0.0,
            "steer": 0.0
        },
        {
            "throttle": 0.48505939098867623,
            "brake": 0.0,
            "steer": 0.0
        },
        {
            "throttle": 0.46893396316671687,
            "brake": 0.0,
            "steer": 0.0
        },
        {
            "throttle": 0.45545129615550584,
            "brake": 0.0,
            "steer": 0.0
        },
        {
            "throttle": 0.44493230672172884,
            "brake": 0.0,
            "steer": 0.0
        },
        {
            "throttle": 0.43762557523259354,
            "brake": 0.0,
            "steer": 0.0
        },
        {
            "throttle": 0.4337010030059578,
            "brake": 0.0,
            "steer": 0.0
        },
        {
            "throttle": 0.43324544476805465,
            "brake": 0.0,
            "steer": 0.0
        },
        {
            "throttle": 0.43626042352968714,
            "brake": 0.0,
            "steer": 0.0
        },
        {
            "throttle": 0.4426619834622545,
            "brake": 0.0,
            "steer": 0.0
        },
        {
            "throttle": 0.4522826832257838,
            "brake": 0.0,
            "steer": 0.0
        },
        {
            "throttle": 0.46487567899738397,
            "brake": 0.0,
            "steer": 0.0
        },
        {
            "throttle": 0.48012079449702455,
            "brake": 0.0,
            "steer": 0.0
        },
        {
            "throttle": 0.49763242590375056,
            "brake": 0.0,
            "steer": 0.0
        },
        {
            "throttle": 0.5169690839312653,
            "brake": 0.0,
            "steer": 0.0
        },
        {
            "throttle": 0.537644334624864,
            "brake": 0.0,
            "steer": 0.0
        },
        {
            "throttle": 0.559138865666997,
            "brake": 0.0,
            "steer": 0.0
        },
        {
            "throttle": 0.5809133770034183,
            "brake": 0.0,
            "steer": 0.0
        },
        {
            "throttle": 0.6024219741236106,
            "brake": 0.0,
            "steer": 0.0
        },
        {
            "throttle": 0.623125729858768,
            "brake": 0.0,
            "steer": 0.0
        },
        {
            "throttle": 0.642506076409344,
            "brake": 0.0,
            "steer": 0.0
        },
        {
            "throttle": 0.6600776935859612,
            "brake": 0.0,
            "steer": 0.0
        },
        {
            "throttle": 0.6754005718363806,
            "brake": 0.0,
            "steer": 0.0
        },
        {
            "throttle": 0.6880909492240416,
            "brake": 0.0,
            "steer": 0.0
        },
        {
            "throttle": 0.6978308496077601,
            "brake": 0.0,
            "steer": 0.0
        },
        {
            "throttle": 0.7043759841481905,
            "brake": 0.0,
            "steer": 0.0
        },
        {
            "throttle": 0.7075618190660674,
            "brake": 0.0,
            "steer": 0.0
        },
        {
            "throttle": 0.7073076582838842,
            "brake": 0.0,
            "steer": 0.0
        },
        {
            "throttle": 0.703618639058091,
            "brake": 0.0,
            "steer": 0.0
        },
        {
            "throttle": 0.696585590720765,
            "brake": 0.0,
            "steer": 0.0
        },
        {
            "throttle": 0.6863827599024319,
            "brake": 0.0,
            "steer": 0.0
        },
        {
            "throttle": 0.6732634587748124,
            "brake": 0.0,
            "steer": 0.0
        },
        {
            "throttle": 0.6575537446093342,
            "brake": 0.0,
            "steer": 0.0
        },
        {
            "throttle": 0.6396442880050178,
            "brake": 0.0,
            "steer": 0.0
        },
        {
            "throttle": 0.6199806322757654,
            "brake": 0.0,
            "steer": 0.0
        },
        {
            "throttle": 0.5990520865777978,
            "brake": 0.0,
            "steer": 0.0
        },
        {
            "throttle": 0.5773795294043165,
            "brake": 0.0,
            "steer": 0.0
        },
        {
            "throttle": 0.5555024262283224,
            "brake": 0.0,
            "steer": 0.0
        },
        {
            "throttle": 0.5339653846595004,
            "brake": 0.0,
            "steer": 0.0
        },
        {
            "throttle": 0.5133045820093373,
            "brake": 0.0,
            "steer": 0.0
        },
        {
            "throttle": 0.49403440334304605,
            "brake": 0.0,
            "steer": 0.0
        },
        {
            "throttle": 0.47663462285815855,
            "brake": 0.0,
            "steer": 0.0
        },
        {
            "throttle": 0.46153844789837856,
            "brake": 0.0,
            "steer": 0.0
        },
        {
            "throttle": 0.4491217234246286,
            "brake": 0.0,
            "steer": 0.0
        },
        {
            "throttle": 0.43969356585850594,
            "brake": 0.0,
            "steer": 0.0
        },
        {
            "throttle": 0.43348865960679184,
            "brake": 0.0,
            "steer": 0.0
        },
        {
            "throttle": 0.43066140815632825,
            "brake": 0.0,
            "steer": 0.0
        },
        {
            "throttle": 0.43128208542840935,
            "brake": 0.0,
            "steer": 0.0
        },
        {
            "throttle": 0.43533508325183845,
            "brake": 0.0,
            "steer": 0.0
        },
        {
            "throttle": 0.44271929859542153,
            "brake": 0.0,
            "steer": 0.0
        },
        {
            "throttle": 0.45325065089484545,
            "brake": 0.0,
            "steer": 0.0
        },
        {
            "throttle": 0.46666666674365115,
            "brake": 0.0,
            "steer": 0.0
        },
        {
            "throttle": 0.4826330177153954,
            "brake": 0.0,
            "steer": 0.0
        },
        {
            "throttle": 0.5007518484271993,
            "brake": 0.0,
            "steer": 0.0
        },
        {
            "throttle": 0.5205716873559159,
            "brake": 0.0,
            "steer": 0.0
        },
        {
            "throttle": 0.5415986934882147,
            "brake": 0.0,
            "steer": 0.0
        },
        {
            "throttle": 0.5633089586073209,
            "brake": 0.0,
            "steer": 0.0
        },
        {
            "throttle": 0.5851615587210256,
            "brake": 0.0,
            "steer": 0.0
        },
        {
            "throttle": 0.6066120294730893,
            "brake": 0.0,
            "steer": 0.0
        },
        {
            "throttle": 0.6271259298182394,
            "brake": 0.0,
            "steer": 0.0
        },
        {
            "throttle": 0.646192156042741,
            "brake": 0.0,
            "steer": 0.0
        },
        {
            "throttle": 0.6633356744327922,
            "brake": 0.0,
            "steer": 0.0
        },
        {
            "throttle": 0.6781293553767742,
            "brake": 0.0,
            "steer": 0.0
        },
        {
            "throttle": 0.6902046140738739,
            "brake": 0.0,
            "steer": 0.0
        },
        {
            "throttle": 0.6992605927530539,
            "brake": 0.0,
            "steer": 0.0
        },
        {
            "throttle": 0.7050716556421075,
            "brake": 0.0,
            "steer": 0.0
        },
        {
            "throttle": 0.7074930099613503,
            "brake": 0.0,
            "steer": 0.0
        },
        {
            "throttle": 0.7064643129031696,
            "brake": 0.0,
            "steer": 0.0
        },
        {
            "throttle": 0.702011174734078,
            "brake": 0.0,
            "steer": 0.0
        },
        {
            "throttle": 0.6942445205700777,
            "brake": 0.0,
            "steer": 0.0
        },
        {
            "throttle": 0.6833578267232383,
            "brake": 0.0,
            "steer": 0.0
        },
        {
            "throttle": 0.6696223004684132,
            "brake": 0.0,
            "steer": 0.0
        },
        {
            "throttle": 0.6533801233147732,
            "brake": 0.0,
            "steer": 0.0
        },
        {
            "throttle": 0.6350359261109121,
            "brake": 0.0,
            "steer": 0.0
        },
        {
            "throttle": 0.6150467083627522,
            "brake": 0.0,
            "steer": 0.0
        },
        {
            "throttle": 0.5939104529029487,
            "brake": 0.0,
            "steer": 0.0
        },
        {
            "throttle": 0.5721537195533123,
            "brake": 0.0,
            "steer": 0.0
        },
        {
            "throttle": 0.5503185268582328,
            "brake": 0.0,
            "steer": 0.0
        },
        {
            "throttle": 0.5289488487034738,
            "brake": 0.0,
            "steer": 0.0
        },
        {
            "throttle": 0.5085770622291585,
            "brake": 0.0,
            "steer": 0.0
        },
        {
            "throttle": 0.4897106846592606,
            "brake": 0.0,
            "steer": 0.0
        },
        {
            "throttle": 0.4728197294722146,
            "brake": 0.0,
            "steer": 0.0
        },
        {
            "throttle": 0.4583249969076865,
            "brake": 0.0,
            "steer": 0.0
        },
        {
            "throttle": 0.44658759052749464,
            "brake": 0.0,
            "steer": 0.0
        },
        {
            "throttle": 0.4378999210040447,
            "brake": 0.0,
            "steer": 0.0
        },
        {
            "throttle": 0.4324784212584042,
            "brake": 0.0,
            "steer": 0.0
        },
        {
            "throttle": 0.4304581544353382,
            "brake": 0.0,
            "steer": 0.0
        },
        {
            "throttle": 0.4318894490464334,
            "brake": 0.0,
            "steer": 0.0
        },
        {
            "throttle": 0.43673664510964577,
            "brake": 0.0,
            "steer": 0.0
        },
        {
            "throttle": 0.44487898252239516,
            "brake": 0.0,
            "steer": 0.0
        },
        {
            "throttle": 0.40039108427015563,
            "brake": 0.021058814347963,
            "steer": 0.0
        },
        {
            "throttle": 0.36035197584314005,
            "brake": 0.0400117472611297,
            "steer": 0.0
        },
        {
            "throttle": 0.32431677825882604,
            "brake": 0.05706938688297973,
            "steer": 0.0
        },
        {
            "throttle": 0.29188510043294347,
            "brake": 0.07242126254264476,
            "steer": 0.0
        },
        {
            "throttle": 0.26269659038964915,
            "brake": 0.08623795063634329,
            "steer": 0.0
        },
        {
            "throttle": 0.23642693135068424,
            "brake": 0.09867296992067197,
            "steer": 0.0
        },
        {
            "throttle": 0.21278423821561582,
            "brake": 0.10986448727656778,
            "steer": 0.0
        },
        {
            "throttle": 0.19150581439405423,
            "brake": 0.119936852896874,
            "steer": 0.0
        },
        {
            "throttle": 0.1723552329546488,
            "brake": 0.1290019819551496,
            "steer": 0.0
        },
        {
            "throttle": 0.15511970965918392,
            "brake": 0.13716059810759768,
            "steer": 0.0
        },
        {
            "throttle": 0.13960773869326554,
            "brake": 0.1445033526448009,
            "steer": 0.0
        },
        {
            "throttle": 0.125646964823939,
            "brake": 0.15111183172828382,
            "steer": 0.0
        },
        {
            "throttle": 0.1130822683415451,
            "brake": 0.15705946290341843,
            "steer": 0.0
        },
        {
            "throttle": 0.10177404150739058,
            "brake": 0.1624123309610396,
            "steer": 0.0
        },
        {
            "throttle": 0.09159663735665152,
            "brake": 0.16722991221289865,
            "steer": 0.0
        },
        {
            "throttle": 0.08243697362098637,
            "brake": 0.17156573533957178,
            "steer": 0.0
        },
        {
            "throttle": 0.07419327625888773,
            "brake": 0.17546797615357762,
            "steer": 0.0
        },
        {
            "throttle": 0.06677394863299896,
            "brake": 0.17897999288618285,
            "steer": 0.0
        },
        {
            "throttle": 0.060096553769699065,
            "brake": 0.18214080794552756,
            "steer": 0.0
        },
        {
            "throttle": 0.05408689839272916,
            "brake": 0.1849855414989378,
            "steer": 0.0
        },
        {
            "throttle": 0.04867820855345625,
            "brake": 0.18754580169700705,
            "steer": 0.0
        },
        {
            "throttle": 0.043810387698110624,
            "brake": 0.18985003587526936,
            "steer": 0.0
        },
        {
            "throttle": 0.039429348928299565,
            "brake": 0.19192384663570541,
            "steer": 0.0
        },
        {
            "throttle": 0.03548641403546961,
            "brake": 0.19379027632009788,
            "steer": 0.0
        },
        {
            "throttle": 0.03193777263192265,
            "brake": 0.1954700630360511,
            "steer": 0.0
        },
        {
            "throttle": 0.028743995368730384,
            "brake": 0.196981871080409,
            "steer": 0.0
        },
        {
            "throttle": 0.025869595831857346,
            "brake": 0.1983424983203311,
            "steer": 0.0
        },
        {
            "throttle": 0.0582114867389851,
            "brake": 0.178508248488298,
            "steer": 0.0
        },
        {
            "throttle": 0.08573317024285036,
            "brake": 0.1606574236394682,
            "steer": 0.0
        },
        {
            "throttle": 0.10950355145233126,
            "brake": 0.14459168127552138,
            "steer": 0.0
        },
        {
            "throttle": 0.13050953638419918,
            "brake": 0.13013251314796925,
            "steer": 0.0
        },
        {
            "throttle": 0.1496489907053027,
            "brake": 0.11711926183317233,
            "steer": 0.0
        },
        {
            "throttle": 0.16772416218386088,
            "brake": 0.10540733564985509,
            "steer": 0.0
        },
        {
            "throttle": 0.18543590617157002,
            "brake": 0.09486660208486958,
            "steer": 0.0
        },
        {
            "throttle": 0.16689231555441303,
            "brake": 0.10643875622434562,
            "steer": 0.0
        },
        {
            "throttle": 0.15020308399897173,
            "brake": 0.11685369494987406,
            "steer": 0.0
        },
        {
            "throttle": 0.13518277559907454,
            "brake": 0.12622713980284966,
            "steer": 0.0
        },
        {
            "throttle": 0.1216644980391671,
            "brake": 0.13466324017052772,
            "steer": 0.0
        },
        {
            "throttle": 0.10949804823525039,
            "brake": 0.14225573050143797,
            "steer": 0.0
        },
        {
            "throttle": 0.09854824341172536,
            "brake": 0.14908897179925718,
            "steer": 0.0
        },
        {
            "throttle": 0.08869341907055282,
            "brake": 0.15523888896729446,
            "steer": 0.0
        },
        {
            "throttle": 0.07982407716349754,
            "brake": 0.160773814418528,
            "steer": 0.0
        },
        {
            "throttle": 0.07184166944714779,
            "brake": 0.1657552473246382,
            "steer": 0.0
        },
        {
            "throttle": 0.06465750250243302,
            "brake": 0.17023853694013738,
            "steer": 0.0
        },
        {
            "throttle": 0.05819175225218972,
            "brake": 0.17427349759408664,
            "steer": 0.0
        },
        {
            "throttle": 0.05237257702697075,
            "brake": 0.17790496218264099,
            "steer": 0.0
        },
        {
            "throttle": 0.04713531932427367,
            "brake": 0.1811732803123399,
            "steer": 0.0
        },
        {
            "throttle": 0.04242178739184631,
            "brake": 0.18411476662906892,
            "steer": 0.0
        },
        {
            "throttle": 0.03817960865266168,
            "brake": 0.18676210431412504,
            "steer": 0.0
        },
        {
            "throttle": 0.03436164778739551,
            "brake": 0.18914470823067556,
            "steer": 0.0
        },
        {
            "throttle": 0.03092548300865596,
            "brake": 0.191289051755571,
            "steer": 0.0
        },
        {
            "throttle": 0.027832934707790365,
            "brake": 0.1932189609279769,
            "steer": 0.0
        },
        {
            "throttle": 0.025049641237011328,
            "brake": 0.19495587918314222,
            "steer": 0.0
        },
        {
            "throttle": 0.022544677113310197,
            "brake": 0.196519105612791,
            "steer": 0.0
        },
        {
            "throttle": 0.02029020940197918,
            "brake": 0.1979260093994749,
            "steer": 0.0
        },
        {
            "throttle": 0.01826118846178126,
            "brake": 0.19919222280749044,
            "steer": 0.0
        },
        {
            "throttle": 0.016435069615603135,
            "brake": 0.2003318148747044,
            "steer": 0.0
        },
        {
            "throttle": 0.014791562654042821,
            "brake": 0.20135744773519695,
            "steer": 0.0
        },
        {
            "throttle": 0.013312406388638539,
            "brake": 0.20228051730964025,
            "steer": 0.0
        },
        {
            "throttle": 0.011981165749774685,
            "brake": 0.20311127992663924,
            "steer": 0.0
        },
        {
            "throttle": 0.010783049174797218,
            "brake": 0.20385896628193834,
            "steer": 0.0
        },
        {
            "throttle": 0.06247821977407873,
            "brake": 0.18347306965374452,
            "steer": 0.0
        },
        {
            "throttle": 0.10518378318034151,
            "brake": 0.16512576268837006,
            "steer": 0.0
        },
        {
            "throttle": 0.13999667885013034,
            "brake": 0.14861318641953306,
            "steer": 0.0
        },
        {
            "throttle": 0.16799438993681312,
            "brake": 0.13375186777757975,
            "steer": 0.0
        },
        {
            "throttle": 0.19022970858772087,
            "brake": 0.12037668099982178,
            "steer": 0.0
        },
        {
            "throttle": 0.20772395550525638,
            "brake": 0.1083390128998396,
            "steer": 0.0
        },
        {
            "throttle": 0.22145903877930445,
            "brake": 0.09750511160985564,
            "steer": 0.0
        },
        {
            "throttle": 0.23236874430687515,
            "brake": 0.08775460044887008,
            "steer": 0.0
        },
        {
            "throttle": 0.2413296498106086,
            "brake": 0.07897914040398307,
            "steer": 0.0
        },
        {
            "throttle": 0.2491520463420586,
            "brake": 0.07108122636358477,
            "steer": 0.0
        },
        {
            "throttle": 0.25657123521651537,
            "brake": 0.0639731037272263,
            "steer": 0.0
        },
        {
            "throttle": 0.23091411169486384,
            "brake": 0.07863460770246666,
            "steer": 0.0
        },
        {
            "throttle": 0.20782270052537746,
            "brake": 0.091829961280183,
            "steer": 0.0
        },
        {
            "throttle": 0.18704043047283972,
            "brake": 0.1037057795001277,
            "steer": 0.0
        },
        {
            "throttle": 0.16833638742555576,
            "brake": 0.11439401589807793,
            "steer": 0.0
        },
        {
            "throttle": 0.15150274868300018,
            "brake": 0.12401342865623315,
            "steer": 0.0
        },
        {
            "throttle": 0.13635247381470017,
            "brake": 0.13267090013857283,
            "steer": 0.0
        },
        {
            "throttle": 0.12271722643323016,
            "brake": 0.14046262447267854,
            "steer": 0.0
        },
        {
            "throttle": 0.11044550378990714,
            "brake": 0.1474751763733737,
            "steer": 0.0
        },
        {
            "throttle": 0.09940095341091643,
            "brake": 0.15378647308399934,
            "steer": 0.0
        }
    ],
    "parameters": {
        "fog_density": 36.37746712502394,
        "precipitation": 26.19497119685873,
        "precipitation_deposits": 14.744805706783982,
        "wind_intensity": 15.224204654090906,
        "sun_altitude_angle": 79.02476024378792,
        "cloudiness": 1.8229800298265486,
        "lead_base_throttle": 0.5690019140178948,
        "lead_behavior_frequency": 0.2514692863696207,
        "lead_throttle_variation": 0.24948607104309764,
        "lead_brake_probability": 0.05676391517099724,
        "lead_brake_intensity": 0.21058814347963,
        "lead_brake_duration": 27.770978491537075,
        "initial_distance": 33.930717479409054,
        "initial_ego_velocity": 15.33386425681562,
        "initial_lead_velocity": 10.05688022143817
    },
    "config": {
        "num_timesteps": 200,
        "dt": 0.1,
        "seed": 219
    }
}