{
    "weather": {
        "cloudiness": 20.291350046534994,
        "precipitation": 87.73482222626599,
        "precipitation_deposits": 46.87001118920116,
        "wind_intensity": 28.979479250526175,
        "sun_altitude_angle": -16.613008379866365,
        "fog_density": 65.00742488295862,
        "fog_distance": 114.53049463405958,
        "wetness": 43.867411113132995
    },
    "initial_conditions": {
        "ego": {
            "position": {
                "x": 514.0157432895107,
                "y": 20.57,
                "z": 0.294
            },
            "yaw": 0.0,
            "velocity": 15.826681974122419
        },
        "lead": {
            "position": {
                "x": 484.88,
                "y": 20.57,
                "z": 0.294
            },
            "yaw": 0.0,
            "velocity": 11.312075001590042
        }
    },
    "ego": {
        "position": {
            "x": 514.0157432895107,
            "y": 20.57,
            "z": 0.294
        },
        "yaw": 0.0,
        "velocity": 15.826681974122419
    },
    "lead": {
        "position": {
            "x": 484.88,
            "y": 20.57,
            "z": 0.294
        },
        "yaw": 0.0,
        "velocity": 11.312075001590042
    },
    "ado_actions": [
        {
            "throttle": 0.20149097252647474,
            "brake": 0.0,
            "steer": 0.0
        },
        {
            "throttle": 0.20586159157695524,
            "brake": 0.0,
            "steer": 0.0
        },
        {
            "throttle": 0.21408396983069616,
            "brake": 0.0,
            "steer": 0.0
        },
        {
            "throttle": 0.22561086636532723,
            "brake": 0.0,
            "steer": 0.0
        },
        {
            "throttle": 0.2398725304043476,
            "brake": 0.0,
            "steer": 0.0
        },
        {
            "throttle": 0.2562834308812752,
            "brake": 0.0,
            "steer": 0.0
        },
        {
            "throttle": 0.27424967469416056,
            "brake": 0.0,
            "steer": 0.0
        },
        {
            "throttle": 0.29317693547919405,
            "brake": 0.0,
            "steer": 0.0
        },
        {
            "throttle": 0.3124787091111169,
            "brake": 0.0,
            "steer": 0.0
        },
        {
            "throttle": 0.33158470956352,
            "brake": 0.0,
            "steer": 0.0
        },
        {
            "throttle": 0.349949219321403,
            "brake": 0.0,
            "steer": 0.0
        },
        {
            "throttle": 0.36705921225650306,
            "brake": 0.0,
            "steer": 0.0
        },
        {
            "throttle": 0.38244207371516137,
            "brake": 0.0,
            "steer": 0.0
        },
        {
            "throttle": 0.395672752429557,
            "brake": 0.0,
            "steer": 0.0
        },
        {
            "throttle": 0.4063801915872509,
            "brake": 0.0,
            "steer": 0.0
        },
        {
            "throttle": 0.4142529017662414,
            "brake": 0.0,
            "steer": 0.0
        },
        {
            "throttle": 0.4190435561963419,
            "brake": 0.0,
            "steer": 0.0
        },
        {
            "throttle": 0.4205725086291989,
            "brake": 0.0,
            "steer": 0.0
        },
        {
            "throttle": 0.4187301556346394,
            "brake": 0.0,
            "steer": 0.0
        },
        {
            "throttle": 0.413478088002468,
            "brake": 0.0,
            "steer": 0.0
        },
        {
            "throttle": 0.4048489997021789,
            "brake": 0.0,
            "steer": 0.0
        },
        {
            "throttle": 0.392945347105722,
            "brake": 0.0,
            "steer": 0.0
        },
        {
            "throttle": 0.37793677546767757,
            "brake": 0.0,
            "steer": 0.0
        },
        {
            "throttle": 0.3600563535383675,
            "brake": 0.0,
            "steer": 0.0
        },
        {
            "throttle": 0.3395956802206087,
            "brake": 0.0,
            "steer": 0.0
        },
        {
            "throttle": 0.3168989489469927,
            "brake": 0.0,
            "steer": 0.0
        },
        {
            "throttle": 0.29235607555167253,
            "brake": 0.0,
            "steer": 0.0
        },
        {
            "throttle": 0.26639501346908845,
            "brake": 0.0,
            "steer": 0.0
        },
        {
            "throttle": 0.2397555121221796,
            "brake": 0.057531726569922684,
            "steer": 0.0
        },
        {
            "throttle": 0.21577996090996165,
            "brake": 0.1093102804828531,
            "steer": 0.0
        },
        {
            "throttle": 0.19420196481896548,
            "brake": 0.15591097900449047,
            "steer": 0.0
        },
        {
            "throttle": 0.17478176833706893,
            "brake": 0.1978516076739641,
            "steer": 0.0
        },
        {
            "throttle": 0.15730359150336204,
            "brake": 0.23559817347649037,
            "steer": 0.0
        },
        {
            "throttle": 0.14157323235302585,
            "brake": 0.26957008269876404,
            "steer": 0.0
        },
        {
            "throttle": 0.12741590911772327,
            "brake": 0.3001448009988103,
            "steer": 0.0
        },
        {
            "throttle": 0.11467431820595095,
            "brake": 0.32766204746885197,
            "steer": 0.0
        },
        {
            "throttle": 0.10320688638535586,
            "brake": 0.35242756929188945,
            "steer": 0.0
        },
        {
            "throttle": 0.09288619774682028,
            "brake": 0.3747165389326232,
            "steer": 0.0
        },
        {
            "throttle": 0.08359757797213825,
            "brake": 0.39477661160928357,
            "steer": 0.0
        },
        {
            "throttle": 0.07523782017492443,
            "brake": 0.4128306770182779,
            "steer": 0.0
        },
        {
            "throttle": 0.06771403815743199,
            "brake": 0.4290793358863728,
            "steer": 0.0
        },
        {
            "throttle": 0.06094263434168879,
            "brake": 0.4437031288676582,
            "steer": 0.0
        },
        {
            "throttle": 0.054848370907519914,
            "brake": 0.4568645425508151,
            "steer": 0.0
        },
        {
            "throttle": 0.049363533816767925,
            "brake": 0.46870981486565627,
            "steer": 0.0
        },
        {
            "throttle": 0.04442718043509113,
            "brake": 0.47937055994901334,
            "steer": 0.0
        },
        {
            "throttle": 0.03998446239158202,
            "brake": 0.4889652305240347,
            "steer": 0.0
        },
        {
            "throttle": 0.03598601615242382,
            "brake": 0.4976004340415539,
            "steer": 0.0
        },
        {
            "throttle": 0.03238741453718144,
            "brake": 0.5053721172073212,
            "steer": 0.0
        },
        {
            "throttle": 0.0291486730834633,
            "brake": 0.5123666320565118,
            "steer": 0.0
        },
        {
            "throttle": 0.02623380577511697,
            "brake": 0.5186616954207833,
            "steer": 0.0
        },
        {
            "throttle": 0.060834057303548766,
            "brake": 0.466795525878705,
            "steer": 0.0
        },
        {
            "throttle": 0.09551201155216493,
            "brake": 0.4201159732908345,
            "steer": 0.0
        },
        {
            "throttle": 0.129874131231724,
            "brake": 0.37810437596175106,
            "steer": 0.0
        },
        {
            "throttle": 0.16350724253159543,
            "brake": 0.340293938365576,
            "steer": 0.0
        },
        {
            "throttle": 0.19598882258800565,
            "brake": 0.3062645445290184,
            "steer": 0.0
        },
        {
            "throttle": 0.2268972064487192,
            "brake": 0.27563809007611656,
            "steer": 0.0
        },
        {
            "throttle": 0.2558215480540876,
            "brake": 0.2480742810685049,
            "steer": 0.0
        },
        {
            "throttle": 0.28237137180333455,
            "brake": 0.2232668529616544,
            "steer": 0.0
        },
        {
            "throttle": 0.30618555663803815,
            "brake": 0.20094016766548897,
            "steer": 0.0
        },
        {
            "throttle": 0.32694060312609785,
            "brake": 0.18084615089894007,
            "steer": 0.0
        },
        {
            "throttle": 0.34435804558600513,
            "brake": 0.16276153580904607,
            "steer": 0.0
        },
        {
            "throttle": 0.3582108856159892,
            "brake": 0.14648538222814148,
            "steer": 0.0
        },
        {
            "throttle": 0.36832894019886653,
            "brake": 0.13183684400532733,
            "steer": 0.0
        },
        {
            "throttle": 0.3746030165098902,
            "brake": 0.1186531596047946,
            "steer": 0.0
        },
        {
            "throttle": 0.3769878462917028,
            "brake": 0.10678784364431514,
            "steer": 0.0
        },
        {
            "throttle": 0.3755037347759768,
            "brake": 0.09610905927988363,
            "steer": 0.0
        },
        {
            "throttle": 0.37023690219935323,
            "brake": 0.08649815335189527,
            "steer": 0.0
        },
        {
            "throttle": 0.36133851953914087,
            "brake": 0.07784833801670575,
            "steer": 0.0
        },
        {
            "throttle": 0.34902246373074963,
            "brake": 0.07006350421503518,
            "steer": 0.0
        },
        {
            "throttle": 0.3335618408727212,
            "brake": 0.06305715379353166,
            "steer": 0.0
        },
        {
            "throttle": 0.3152843483334604,
            "brake": 0.0567514384141785,
            "steer": 0.0
        },
        {
            "throttle": 0.29456656781975926,
            "brake": 0.05107629457276065,
            "steer": 0.0
        },
        {
            "throttle": 0.27182730094869856,
            "brake": 0.045968665115484586,
            "steer": 0.0
        },
        {
            "throttle": 0.24752007631105505,
            "brake": 0.04137179860393613,
            "steer": 0.0
        },
        {
            "throttle": 0.22276806867994955,
            "brake": 0.037234618743542516,
            "steer": 0.0
        },
        {
            "throttle": 0.2004912618119546,
            "brake": 0.03351115686918826,
            "steer": 0.0
        },
        {
            "throttle": 0.18044213563075914,
            "brake": 0.030160041182269438,
            "steer": 0.0
        },
        {
            "throttle": 0.16239792206768322,
            "brake": 0.027144037064042493,
            "steer": 0.0
        },
        {
            "throttle": 0.1461581298609149,
            "brake": 0.024429633357638245,
            "steer": 0.0
        },
        {
            "throttle": 0.1315423168748234,
            "brake": 0.021986670021874422,
            "steer": 0.0
        },
        {
            "throttle": 0.11838808518734106,
            "brake": 0.01978800301968698,
            "steer": 0.0
        },
        {
            "throttle": 0.10654927666860696,
            "brake": 0.017809202717718284,
            "steer": 0.0
        },
        {
            "throttle": 0.09589434900174626,
            "brake": 0.016028282445946455,
            "steer": 0.0
        },
        {
            "throttle": 0.08630491410157164,
            "brake": 0.01442545420135181,
            "steer": 0.0
        },
        {
            "throttle": 0.07767442269141447,
            "brake": 0.01298290878121663,
            "steer": 0.0
        },
        {
            "throttle": 0.06990698042227303,
            "brake": 0.011684617903094966,
            "steer": 0.0
        },
        {
            "throttle": 0.06291628238004573,
            "brake": 0.01051615611278547,
            "steer": 0.0
        },
        {
            "throttle": 0.05726420794477929,
            "brake": 0.009464540501506923,
            "steer": 0.0
        },
        {
            "throttle": 0.05582575857919525,
            "brake": 0.008518086451356231,
            "steer": 0.0
        },
        {
            "throttle": 0.05847641930248347,
            "brake": 0.0076662778062206085,
            "steer": 0.0
        },
        {
            "throttle": 0.06503028936377155,
            "brake": 0.006899650025598548,
            "steer": 0.0
        },
        {
            "throttle": 0.07524204708996865,
            "brake": 0.006209685023038693,
            "steer": 0.0
        },
        {
            "throttle": 0.08881017825688621,
            "brake": 0.005588716520734824,
            "steer": 0.0
        },
        {
            "throttle": 0.10538139241971994,
            "brake": 0.005029844868661342,
            "steer": 0.0
        },
        {
            "throttle": 0.12455613092018872,
            "brake": 0.004526860381795208,
            "steer": 0.0
        },
        {
            "throttle": 0.1458950512193713,
            "brake": 0.004074174343615687,
            "steer": 0.0
        },
        {
            "throttle": 0.1689263551595758,
            "brake": 0.0036667569092541184,
            "steer": 0.0
        },
        {
            "throttle": 0.19315381406806595,
            "brake": 0.0033000812183287065,
            "steer": 0.0
        },
        {
            "throttle": 0.2180653315673563,
            "brake": 0.002970073096495836,
            "steer": 0.0
        },
        {
            "throttle": 0.24314187578760496,
            "brake": 0.0026730657868462523,
            "steer": 0.0
        },
        {
            "throttle": 0.26786660656791167,
            "brake": 0.002405759208161627,
            "steer": 0.0
        },
        {
            "throttle": 0.29173402030834655,
            "brake": 0.0021651832873454645,
            "steer": 0.0
        },
        {
            "throttle": 0.3142589354560765,
            "brake": 0.001948664958610918,
            "steer": 0.0
        },
        {
            "throttle": 0.33498514517825,
            "brake": 0.0017537984627498263,
            "steer": 0.0
        },
        {
            "throttle": 0.35349357053106367,
            "brake": 0.0015784186164748437,
            "steer": 0.0
        },
        {
            "throttle": 0.3694097572580768,
            "brake": 0.0014205767548273593,
            "steer": 0.0
        },
        {
            "throttle": 0.3824105720627909,
            "brake": 0.0012785190793446234,
            "steer": 0.0
        },
        {
            "throttle": 0.39222996956761114,
            "brake": 0.0011506671714101612,
            "steer": 0.0
        },
        {
            "throttle": 0.39866371891023294,
            "brake": 0.001035600454269145,
            "steer": 0.0
        },
        {
            "throttle": 0.40157299871110624,
            "brake": 0.0009320404088422307,
            "steer": 0.0
        },
        {
            "throttle": 0.4008867906051463,
            "brake": 0.0008388363679580076,
            "steer": 0.0
        },
        {
            "throttle": 0.39660302426878125,
            "brake": 0.0007549527311622069,
            "steer": 0.0
        },
        {
            "throttle": 0.3887884504670032,
            "brake": 0.0006794574580459862,
            "steer": 0.0
        },
        {
            "throttle": 0.37757724265529,
            "brake": 0.0006115117122413876,
            "steer": 0.0
        },
        {
            "throttle": 0.36316835165099653,
            "brake": 0.0005503605410172489,
            "steer": 0.0
        },
        {
            "throttle": 0.34582166139133486,
            "brake": 0.000495324486915524,
            "steer": 0.0
        },
        {
            "throttle": 0.3258530163823524,
            "brake": 0.0004457920382239716,
            "steer": 0.0
        },
        {
            "throttle": 0.3036282126943036,
            "brake": 0.00040121283440157444,
            "steer": 0.0
        },
        {
            "throttle": 0.2795560638772631,
            "brake": 0.000361091550961417,
            "steer": 0.0
        },
        {
            "throttle": 0.2540806705927955,
            "brake": 0.0003249823958652753,
            "steer": 0.0
        },
        {
            "throttle": 0.22867260353351596,
            "brake": 0.0002924841562787478,
            "steer": 0.0
        },
        {
            "throttle": 0.20580534318016436,
            "brake": 0.000263235740650873,
            "steer": 0.0
        },
        {
            "throttle": 0.18522480886214793,
            "brake": 0.0002369121665857857,
            "steer": 0.0
        },
        {
            "throttle": 0.16670232797593315,
            "brake": 0.05774494751984989,
            "steer": 0.0
        },
        {
            "throttle": 0.15003209517833985,
            "brake": 0.10950217933778758,
            "steer": 0.0
        },
        {
            "throttle": 0.13502888566050586,
            "brake": 0.15608368797393152,
            "steer": 0.0
        },
        {
            "throttle": 0.12152599709445527,
            "brake": 0.19800704574646105,
            "steer": 0.0
        },
        {
            "throttle": 0.10937339738500974,
            "brake": 0.2357380677417376,
            "steer": 0.0
        },
        {
            "throttle": 0.09843605764650877,
            "brake": 0.2696959875374865,
            "steer": 0.0
        },
        {
            "throttle": 0.0885924518818579,
            "brake": 0.30025811535366054,
            "steer": 0.0
        },
        {
            "throttle": 0.0797332066936721,
            "brake": 0.32776403038821716,
            "steer": 0.0
        },
        {
            "throttle": 0.0717598860243049,
            "brake": 0.3525193539193181,
            "steer": 0.0
        },
        {
            "throttle": 0.06458389742187441,
            "brake": 0.374799145097309,
            "steer": 0.0
        },
        {
            "throttle": 0.05812550767968697,
            "brake": 0.3948509571575008,
            "steer": 0.0
        },
        {
            "throttle": 0.05231295691171828,
            "brake": 0.41289758801167337,
            "steer": 0.0
        },
        {
            "throttle": 0.04708166122054645,
            "brake": 0.4291395557804287,
            "steer": 0.0
        },
        {
            "throttle": 0.04237349509849181,
            "brake": 0.44375732677230856,
            "steer": 0.0
        },
        {
            "throttle": 0.03813614558864263,
            "brake": 0.4569133206650004,
            "steer": 0.0
        },
        {
            "throttle": 0.03432253102977837,
            "brake": 0.468753715168423,
            "steer": 0.0
        },
        {
            "throttle": 0.030890277926800533,
            "brake": 0.4794100702215034,
            "steer": 0.0
        },
        {
            "throttle": 0.02780125013412048,
            "brake": 0.48900078976927575,
            "steer": 0.0
        },
        {
            "throttle": 0.025021125120708435,
            "brake": 0.49763243736227086,
            "steer": 0.0
        },
        {
            "throttle": 0.022519012608637593,
            "brake": 0.5054009201959665,
            "steer": 0.0
        },
        {
            "throttle": 0.020267111347773835,
            "brake": 0.5123925547462925,
            "steer": 0.0
        },
        {
            "throttle": 0.01824040021299645,
            "brake": 0.5186850258415859,
            "steer": 0.0
        },
        {
            "throttle": 0.06355619034473893,
            "brake": 0.46681652325742734,
            "steer": 0.0
        },
        {
            "throttle": 0.10643983581182014,
            "brake": 0.4201348709316846,
            "steer": 0.0
        },
        {
            "throttle": 0.14659011657591026,
            "brake": 0.3781213838385162,
            "steer": 0.0
        },
        {
            "throttle": 0.18370683213766142,
            "brake": 0.34030924545466457,
            "steer": 0.0
        },
        {
            "throttle": 0.21750143356427407,
            "brake": 0.3062783209091981,
            "steer": 0.0
        },
        {
            "throttle": 0.24770693608806615,
            "brake": 0.2756504888182783,
            "steer": 0.0
        },
        {
            "throttle": 0.27408697689417677,
            "brake": 0.2480854399364505,
            "steer": 0.0
        },
        {
            "throttle": 0.2964438937000229,
            "brake": 0.22327689594280545,
            "steer": 0.0
        },
        {
            "throttle": 0.3146257135431303,
            "brake": 0.2009492063485249,
            "steer": 0.0
        },
        {
            "throttle": 0.3285319575288017,
            "brake": 0.1808542857136724,
            "steer": 0.0
        },
        {
            "throttle": 0.3381181857939353,
            "brake": 0.16276885714230516,
            "steer": 0.0
        },
        {
            "throttle": 0.3433992272312253,
            "brake": 0.14649197142807466,
            "steer": 0.0
        },
        {
            "throttle": 0.34445106017271965,
            "brake": 0.1318427742852672,
            "steer": 0.0
        },
        {
            "throttle": 0.34141133281510155,
            "brake": 0.11865849685674047,
            "steer": 0.0
        },
        {
            "throttle": 0.3344785352288454,
            "brake": 0.10679264717106643,
            "steer": 0.0
        },
        {
            "throttle": 0.3239098578713498,
            "brake": 0.09611338245395978,
            "steer": 0.0
        },
        {
            "throttle": 0.3100177941643792,
            "brake": 0.0865020442085638,
            "steer": 0.0
        },
        {
            "throttle": 0.29316556645335173,
            "brake": 0.07785183978770743,
            "steer": 0.0
        },
        {
            "throttle": 0.27376147511356613,
            "brake": 0.07006665580893669,
            "steer": 0.0
        },
        {
            "throttle": 0.2522522893062098,
            "brake": 0.06305999022804303,
            "steer": 0.0
        },
        {
            "throttle": 0.22911581454850663,
            "brake": 0.056753991205238725,
            "steer": 0.0
        },
        {
            "throttle": 0.20620423309365596,
            "brake": 0.05107859208471485,
            "steer": 0.0
        },
        {
            "throttle": 0.18558380978429037,
            "brake": 0.04597073287624337,
            "steer": 0.0
        },
        {
            "throttle": 0.16702542880586133,
            "brake": 0.041373659588619036,
            "steer": 0.0
        },
        {
            "throttle": 0.1503228859252752,
            "brake": 0.03723629362975713,
            "steer": 0.0
        },
        {
            "throttle": 0.1352905973327477,
            "brake": 0.03351266426678142,
            "steer": 0.0
        },
        {
            "throttle": 0.12176153759947293,
            "brake": 0.030161397840103278,
            "steer": 0.0
        },
        {
            "throttle": 0.10958538383952564,
            "brake": 0.02714525805609295,
            "steer": 0.0
        },
        {
            "throttle": 0.09862684545557307,
            "brake": 0.024430732250483658,
            "steer": 0.0
        },
        {
            "throttle": 0.08876416091001577,
            "brake": 0.021987659025435292,
            "steer": 0.0
        },
        {
            "throttle": 0.07988774481901419,
            "brake": 0.019788893122891765,
            "steer": 0.0
        },
        {
            "throttle": 0.07189897033711277,
            "brake": 0.01781000381060259,
            "steer": 0.0
        },
        {
            "throttle": 0.0647090733034015,
            "brake": 0.016029003429542332,
            "steer": 0.0
        },
        {
            "throttle": 0.058238165973061355,
            "brake": 0.014426103086588099,
            "steer": 0.0
        },
        {
            "throttle": 0.053810346159953996,
            "brake": 0.01298349277792929,
            "steer": 0.0
        },
        {
            "throttle": 0.05354357468207862,
            "brake": 0.011685143500136361,
            "steer": 0.0
        },
        {
            "throttle": 0.057303129841175374,
            "brake": 0.010516629150122726,
            "steer": 0.0
        },
        {
            "throttle": 0.06489290701532226,
            "brake": 0.009464966235110454,
            "steer": 0.0
        },
        {
            "throttle": 0.076057691693629,
            "brake": 0.008518469611599409,
            "steer": 0.0
        },
        {
            "throttle": 0.09048667849137337,
            "brake": 0.0076666226504394685,
            "steer": 0.0
        },
        {
            "throttle": 0.08143801064223603,
            "brake": 0.0644316869553182,
            "steer": 0.0
        },
        {
            "throttle": 0.07329420957801243,
            "brake": 0.11552024482970907,
            "steer": 0.0
        },
        {
            "throttle": 0.06596478862021118,
            "brake": 0.16149994691666086,
            "steer": 0.0
        },
        {
            "throttle": 0.05936830975819007,
            "brake": 0.20288167879491747,
            "steer": 0.0
        },
        {
            "throttle": 0.05343147878237106,
            "brake": 0.24012523748534842,
            "steer": 0.0
        },
        {
            "throttle": 0.048088330904133954,
            "brake": 0.2736444403067363,
            "steer": 0.0
        },
        {
            "throttle": 0.043279497813720556,
            "brake": 0.30381172284598534,
            "steer": 0.0
        },
        {
            "throttle": 0.0389515480323485,
            "brake": 0.3309622771313095,
            "steer": 0.0
        },
        {
            "throttle": 0.03505639322911365,
            "brake": 0.35539777598810124,
            "steer": 0.0
        },
        {
            "throttle": 0.03155075390620229,
            "brake": 0.3773897249592138,
            "steer": 0.0
        },
        {
            "throttle": 0.02839567851558206,
            "brake": 0.3971824790332151,
            "steer": 0.0
        },
        {
            "throttle": 0.025556110664023853,
            "brake": 0.41499595769981623,
            "steer": 0.0
        },
        {
            "throttle": 0.023000499597621467,
            "brake": 0.43102808849975727,
            "steer": 0.0
        },
        {
            "throttle": 0.02070044963785932,
            "brake": 0.44545700621970424,
            "steer": 0.0
        },
        {
            "throttle": 0.018630404674073387,
            "brake": 0.4584430321676565,
            "steer": 0.0
        }
    ],
    "parameters": {
        "fog_density": 65.00742488295862,
        "precipitation": 87.73482222626599,
        "precipitation_deposits": 46.87001118920116,
        "wind_intensity": 28.979479250526175,
        "sun_altitude_angle": -16.613008379866365,
        "cloudiness": 20.291350046534994,
        "lead_base_throttle": 0.20149097252647474,
        "lead_behavior_frequency": 0.2179009344495927,
        "lead_throttle_variation": 0.3202297136143224,
        "lead_brake_probability": 0.22565265961023204,
        "lead_brake_intensity": 0.5753172656992268,
        "lead_brake_duration": 22.69687396156183,
        "initial_distance": 29.135743289510746,
        "initial_ego_velocity": 15.826681974122419,
        "initial_lead_velocity": 11.312075001590042
    },
    "config": {
        "num_timesteps": 200,
        "dt": 0.1,
        "seed": 118
    }
}