{
    "weather": {
        "cloudiness": 9.751148959564082,
        "precipitation": 49.76420713055922,
        "precipitation_deposits": 51.0897107645917,
        "wind_intensity": 42.31364082540874,
        "sun_altitude_angle": -10.965247915578956,
        "fog_density": 19.774788740836033,
        "fog_distance": 517.2858661490668,
        "wetness": 24.88210356527961
    },
    "initial_conditions": {
        "ego": {
            "position": {
                "x": 546.8976718744389,
                "y": 20.57,
                "z": 0.294
            },
            "yaw": 0.0,
            "velocity": 13.876759603745622
        },
        "lead": {
            "position": {
                "x": 484.88,
                "y": 20.57,
                "z": 0.294
            },
            "yaw": 0.0,
            "velocity": 5.7718824301392235
        }
    },
    "ego": {
        "position": {
            "x": 546.8976718744389,
            "y": 20.57,
            "z": 0.294
        },
        "yaw": 0.0,
        "velocity": 13.876759603745622
    },
    "lead": {
        "position": {
            "x": 484.88,
            "y": 20.57,
            "z": 0.294
        },
        "yaw": 0.0,
        "velocity": 5.7718824301392235
    },
    "ado_actions": [
        {
            "throttle": 0.3675063498992739,
            "brake": 0.0,
            "steer": 0.0
        },
        {
            "throttle": 0.3713262689660711,
            "brake": 0.0,
            "steer": 0.0
        },
        {
            "throttle": 0.37848032696513384,
            "brake": 0.0,
            "steer": 0.0
        },
        {
            "throttle": 0.38843035350158084,
            "brake": 0.0,
            "steer": 0.0
        },
        {
            "throttle": 0.4005965902354055,
            "brake": 0.0,
            "steer": 0.0
        },
        {
            "throttle": 0.4143700051442549,
            "brake": 0.0,
            "steer": 0.0
        },
        {
            "throttle": 0.42912574595274255,
            "brake": 0.0,
            "steer": 0.0
        },
        {
            "throttle": 0.44423733281573363,
            "brake": 0.0,
            "steer": 0.0
        },
        {
            "throttle": 0.4590911736952374,
            "brake": 0.0,
            "steer": 0.0
        },
        {
            "throttle": 0.4731009801970051,
            "brake": 0.0,
            "steer": 0.0
        },
        {
            "throttle": 0.4857216671221895,
            "brake": 0.0,
            "steer": 0.0
        },
        {
            "throttle": 0.49646233552327024,
            "brake": 0.0,
            "steer": 0.0
        },
        {
            "throttle": 0.5048979662105101,
            "brake": 0.0,
            "steer": 0.0
        },
        {
            "throttle": 0.5106794877226739,
            "brake": 0.0,
            "steer": 0.0
        },
        {
            "throttle": 0.5135419287690408,
            "brake": 0.0,
            "steer": 0.0
        },
        {
            "throttle": 0.5133104188395184,
            "brake": 0.0,
            "steer": 0.0
        },
        {
            "throttle": 0.5099038606254367,
            "brake": 0.0,
            "steer": 0.0
        },
        {
            "throttle": 0.5033361624830492,
            "brake": 0.0,
            "steer": 0.0
        },
        {
            "throttle": 0.49371498666479857,
            "brake": 0.0,
            "steer": 0.0
        },
        {
            "throttle": 0.4812380376195161,
            "brake": 0.0,
            "steer": 0.0
        },
        {
            "throttle": 0.4661869824706887,
            "brake": 0.0,
            "steer": 0.0
        },
        {
            "throttle": 0.4489191609901568,
            "brake": 0.0,
            "steer": 0.0
        },
        {
            "throttle": 0.42985730323110044,
            "brake": 0.0,
            "steer": 0.0
        },
        {
            "throttle": 0.4094775278244395,
            "brake": 0.0,
            "steer": 0.0
        },
        {
            "throttle": 0.3882959412946686,
            "brake": 0.0,
            "steer": 0.0
        },
        {
            "throttle": 0.36685419733517244,
            "brake": 0.0,
            "steer": 0.0
        },
        {
            "throttle": 0.3457044037572637,
            "brake": 0.0,
            "steer": 0.0
        },
        {
            "throttle": 0.325393783015478,
            "brake": 0.0,
            "steer": 0.0
        },
        {
            "throttle": 0.3064494993250323,
            "brake": 0.0,
            "steer": 0.0
        },
        {
            "throttle": 0.2893640612371727,
            "brake": 0.0,
            "steer": 0.0
        },
        {
            "throttle": 0.27458169324135,
            "brake": 0.0,
            "steer": 0.0
        },
        {
            "throttle": 0.26248604393914354,
            "brake": 0.0,
            "steer": 0.0
        },
        {
            "throttle": 0.25338956229406967,
            "brake": 0.0,
            "steer": 0.0
        },
        {
            "throttle": 0.24752482838615172,
            "brake": 0.0,
            "steer": 0.0
        },
        {
            "throttle": 0.24503807221783358,
            "brake": 0.0,
            "steer": 0.0
        },
        {
            "throttle": 0.24598505486779187,
            "brake": 0.0,
            "steer": 0.0
        },
        {
            "throttle": 0.2503294222834965,
            "brake": 0.0,
            "steer": 0.0
        },
        {
            "throttle": 0.25794357498304155,
            "brake": 0.0,
            "steer": 0.0
        },
        {
            "throttle": 0.2686120287245738,
            "brake": 0.0,
            "steer": 0.0
        },
        {
            "throttle": 0.28203717365255243,
            "brake": 0.0,
            "steer": 0.0
        },
        {
            "throttle": 0.29784727438085984,
            "brake": 0.0,
            "steer": 0.0
        },
        {
            "throttle": 0.3156064926921692,
            "brake": 0.0,
            "steer": 0.0
        },
        {
            "throttle": 0.33482665967356723,
            "brake": 0.0,
            "steer": 0.0
        },
        {
            "throttle": 0.3549804766618321,
            "brake": 0.0,
            "steer": 0.0
        },
        {
            "throttle": 0.3755157856280763,
            "brake": 0.0,
            "steer": 0.0
        },
        {
            "throttle": 0.3958705206442146,
            "brake": 0.0,
            "steer": 0.0
        },
        {
            "throttle": 0.41548793363127606,
            "brake": 0.0,
            "steer": 0.0
        },
        {
            "throttle": 0.43383168019373064,
            "brake": 0.0,
            "steer": 0.0
        },
        {
            "throttle": 0.4504003551963152,
            "brake": 0.0,
            "steer": 0.0
        },
        {
            "throttle": 0.4647410827362234,
            "brake": 0.0,
            "steer": 0.0
        },
        {
            "throttle": 0.4764617908970168,
            "brake": 0.0,
            "steer": 0.0
        },
        {
            "throttle": 0.4852418374424917,
            "brake": 0.0,
            "steer": 0.0
        },
        {
            "throttle": 0.4908406974474835,
            "brake": 0.0,
            "steer": 0.0
        },
        {
            "throttle": 0.4931044765502877,
            "brake": 0.0,
            "steer": 0.0
        },
        {
            "throttle": 0.4919700726168312,
            "brake": 0.0,
            "steer": 0.0
        },
        {
            "throttle": 0.48746687252431276,
            "brake": 0.0,
            "steer": 0.0
        },
        {
            "throttle": 0.47971593776537724,
            "brake": 0.0,
            "steer": 0.0
        },
        {
            "throttle": 0.46892670082299254,
            "brake": 0.0,
            "steer": 0.0
        },
        {
            "throttle": 0.45539126191694757,
            "brake": 0.0,
            "steer": 0.0
        },
        {
            "throttle": 0.4394764409373843,
            "brake": 0.0,
            "steer": 0.0
        },
        {
            "throttle": 0.4216138003872988,
            "brake": 0.0,
            "steer": 0.0
        },
        {
            "throttle": 0.40228791029709626,
            "brake": 0.0,
            "steer": 0.0
        },
        {
            "throttle": 0.3820231738520012,
            "brake": 0.0,
            "steer": 0.0
        },
        {
            "throttle": 0.36136957158940464,
            "brake": 0.0,
            "steer": 0.0
        },
        {
            "throttle": 0.3408877114153928,
            "brake": 0.0,
            "steer": 0.0
        },
        {
            "throttle": 0.3211335905592548,
            "brake": 0.0,
            "steer": 0.0
        },
        {
            "throttle": 0.30264348341911756,
            "brake": 0.0,
            "steer": 0.0
        },
        {
            "throttle": 0.28591936583822397,
            "brake": 0.0,
            "steer": 0.0
        },
        {
            "throttle": 0.2714152717825842,
            "brake": 0.0,
            "steer": 0.0
        },
        {
            "throttle": 0.25952495306269346,
            "brake": 0.0,
            "steer": 0.0
        },
        {
            "throttle": 0.25057117734295775,
            "brake": 0.0,
            "steer": 0.0
        },
        {
            "throttle": 0.24479695517425326,
            "brake": 0.0,
            "steer": 0.0
        },
        {
            "throttle": 0.2423589343770234,
            "brake": 0.0,
            "steer": 0.0
        },
        {
            "throttle": 0.24332314121846754,
            "brake": 0.0,
            "steer": 0.0
        },
        {
            "throttle": 0.24766318406763282,
            "brake": 0.0,
            "steer": 0.0
        },
        {
            "throttle": 0.2552609683089895,
            "brake": 0.0,
            "steer": 0.0
        },
        {
            "throttle": 0.26590990306615997,
            "brake": 0.0,
            "steer": 0.0
        },
        {
            "throttle": 0.27932051258671553,
            "brake": 0.0,
            "steer": 0.0
        },
        {
            "throttle": 0.29512829980581945,
            "brake": 0.0,
            "steer": 0.0
        },
        {
            "throttle": 0.31290364841613055,
            "brake": 0.0,
            "steer": 0.0
        },
        {
            "throttle": 0.33216349438636256,
            "brake": 0.0,
            "steer": 0.0
        },
        {
            "throttle": 0.35238444979606937,
            "brake": 0.0,
            "steer": 0.0
        },
        {
            "throttle": 0.37301702239581724,
            "brake": 0.0,
            "steer": 0.0
        },
        {
            "throttle": 0.3935005445320239,
            "brake": 0.0,
            "steer": 0.0
        },
        {
            "throttle": 0.413278405803261,
            "brake": 0.0,
            "steer": 0.0
        },
        {
            "throttle": 0.4318131755633803,
            "brake": 0.0,
            "steer": 0.0
        },
        {
            "throttle": 0.44860120438064294,
            "brake": 0.0,
            "steer": 0.0
        },
        {
            "throttle": 0.4631863077197723,
            "brake": 0.0,
            "steer": 0.0
        },
        {
            "throttle": 0.4751721600508496,
            "brake": 0.0,
            "steer": 0.0
        },
        {
            "throttle": 0.48423306262769933,
            "brake": 0.0,
            "steer": 0.0
        },
        {
            "throttle": 0.49012279236685485,
            "brake": 0.0,
            "steer": 0.0
        },
        {
            "throttle": 0.49268129139575695,
            "brake": 0.0,
            "steer": 0.0
        },
        {
            "throttle": 0.49183901550892684,
            "brake": 0.0,
            "steer": 0.0
        },
        {
            "throttle": 0.48761882337939877,
            "brake": 0.0,
            "steer": 0.0
        },
        {
            "throttle": 0.48013535519143835,
            "brake": 0.0,
            "steer": 0.0
        },
        {
            "throttle": 0.4695919175740279,
            "brake": 0.0,
            "steer": 0.0
        },
        {
            "throttle": 0.45627495946940455,
            "brake": 0.0,
            "steer": 0.0
        },
        {
            "throttle": 0.4405462890261687,
            "brake": 0.0,
            "steer": 0.0
        },
        {
            "throttle": 0.4228332429837118,
            "brake": 0.0,
            "steer": 0.0
        },
        {
            "throttle": 0.40361707564631,
            "brake": 0.0,
            "steer": 0.0
        },
        {
            "throttle": 0.3834198829196697,
            "brake": 0.0,
            "steer": 0.0
        },
        {
            "throttle": 0.36279041668564793,
            "brake": 0.0,
            "steer": 0.0
        },
        {
            "throttle": 0.3422891749408538,
            "brake": 0.0,
            "steer": 0.0
        },
        {
            "throttle": 0.32247317280268084,
            "brake": 0.0,
            "steer": 0.0
        },
        {
            "throttle": 0.30388080815737756,
            "brake": 0.0,
            "steer": 0.0
        },
        {
            "throttle": 0.28701723315343863,
            "brake": 0.0,
            "steer": 0.0
        },
        {
            "throttle": 0.27234062899975925,
            "brake": 0.0,
            "steer": 0.0
        },
        {
            "throttle": 0.2602497569850628,
            "brake": 0.0,
            "steer": 0.0
        },
        {
            "throttle": 0.25107312395992815,
            "brake": 0.0,
            "steer": 0.0
        },
        {
            "throttle": 0.24506005665744318,
            "brake": 0.0,
            "steer": 0.0
        },
        {
            "throttle": 0.2423739273649259,
            "brake": 0.0,
            "steer": 0.0
        },
        {
            "throttle": 0.24308771500643356,
            "brake": 0.0,
            "steer": 0.0
        },
        {
            "throttle": 0.24718202224210298,
            "brake": 0.0,
            "steer": 0.0
        },
        {
            "throttle": 0.2545456024597799,
            "brake": 0.0,
            "steer": 0.0
        },
        {
            "throttle": 0.26497838233999726,
            "brake": 0.0,
            "steer": 0.0
        },
        {
            "throttle": 0.23848054410599753,
            "brake": 0.036678973121596126,
            "steer": 0.0
        },
        {
            "throttle": 0.21463248969539778,
            "brake": 0.06969004893103264,
            "steer": 0.0
        },
        {
            "throttle": 0.193169240725858,
            "brake": 0.09940001715952551,
            "steer": 0.0
        },
        {
            "throttle": 0.17385231665327222,
            "brake": 0.12613898856516909,
            "steer": 0.0
        },
        {
            "throttle": 0.156467084987945,
            "brake": 0.15020406283024829,
            "steer": 0.0
        },
        {
            "throttle": 0.14082037648915052,
            "brake": 0.1718626296688196,
            "steer": 0.0
        },
        {
            "throttle": 0.12673833884023547,
            "brake": 0.19135533982353378,
            "steer": 0.0
        },
        {
            "throttle": 0.11406450495621193,
            "brake": 0.20889877896277653,
            "steer": 0.0
        },
        {
            "throttle": 0.10265805446059073,
            "brake": 0.22468787418809502,
            "steer": 0.0
        },
        {
            "throttle": 0.1523755413326058,
            "brake": 0.20221908676928552,
            "steer": 0.0
        },
        {
            "throttle": 0.19664419458939011,
            "brake": 0.18199717809235696,
            "steer": 0.0
        },
        {
            "throttle": 0.2353906225735809,
            "brake": 0.16379746028312128,
            "steer": 0.0
        },
        {
            "throttle": 0.2685785340177459,
            "brake": 0.14741771425480915,
            "steer": 0.0
        },
        {
            "throttle": 0.2962210180833863,
            "brake": 0.13267594282932824,
            "steer": 0.0
        },
        {
            "throttle": 0.3183903533208613,
            "brake": 0.11940834854639541,
            "steer": 0.0
        },
        {
            "throttle": 0.3352251919781107,
            "brake": 0.10746751369175588,
            "steer": 0.0
        },
        {
            "throttle": 0.34693502610453614,
            "brake": 0.09672076232258028,
            "steer": 0.0
        },
        {
            "throttle": 0.3538019055861625,
            "brake": 0.08704868609032226,
            "steer": 0.0
        },
        {
            "throttle": 0.35617944376582783,
            "brake": 0.07834381748129005,
            "steer": 0.0
        },
        {
            "throttle": 0.3544892117658754,
            "brake": 0.07050943573316104,
            "steer": 0.0
        },
        {
            "throttle": 0.3492146861704812,
            "brake": 0.06345849215984493,
            "steer": 0.0
        },
        {
            "throttle": 0.34089297453164025,
            "brake": 0.05711264294386044,
            "steer": 0.0
        },
        {
            "throttle": 0.33010459753786575,
            "brake": 0.051401378649474395,
            "steer": 0.0
        },
        {
            "throttle": 0.31746165408377447,
            "brake": 0.04626124078452696,
            "steer": 0.0
        },
        {
            "throttle": 0.30359473455404934,
            "brake": 0.04163511670607426,
            "steer": 0.0
        },
        {
            "throttle": 0.28913897727110016,
            "brake": 0.037471605035466836,
            "steer": 0.0
        },
        {
            "throttle": 0.2747196823982421,
            "brake": 0.03372444453192015,
            "steer": 0.0
        },
        {
            "throttle": 0.26093790607008893,
            "brake": 0.03035200007872814,
            "steer": 0.0
        },
        {
            "throttle": 0.24835645486933128,
            "brake": 0.027316800070855327,
            "steer": 0.0
        },
        {
            "throttle": 0.23748668702077036,
            "brake": 0.024585120063769794,
            "steer": 0.0
        },
        {
            "throttle": 0.22877650217104792,
            "brake": 0.022126608057392815,
            "steer": 0.0
        },
        {
            "throttle": 0.22259986700298745,
            "brake": 0.019913947251653533,
            "steer": 0.0
        },
        {
            "throttle": 0.21924818011162206,
            "brake": 0.01792255252648818,
            "steer": 0.0
        },
        {
            "throttle": 0.2189237277122297,
            "brake": 0.016130297273839363,
            "steer": 0.0
        },
        {
            "throttle": 0.2217354232470612,
            "brake": 0.014517267546455426,
            "steer": 0.0
        },
        {
            "throttle": 0.2276969603776527,
            "brake": 0.013065540791809884,
            "steer": 0.0
        },
        {
            "throttle": 0.23672744190419456,
            "brake": 0.011758986712628896,
            "steer": 0.0
        },
        {
            "throttle": 0.24865447864604545,
            "brake": 0.010583088041366007,
            "steer": 0.0
        },
        {
            "throttle": 0.26321968409577456,
            "brake": 0.009524779237229407,
            "steer": 0.0
        },
        {
            "throttle": 0.2800864245643219,
            "brake": 0.008572301313506466,
            "steer": 0.0
        },
        {
            "throttle": 0.2988496223516873,
            "brake": 0.00771507118215582,
            "steer": 0.0
        },
        {
            "throttle": 0.3190473528855077,
            "brake": 0.006943564063940239,
            "steer": 0.0
        },
        {
            "throttle": 0.3401739272975781,
            "brake": 0.006249207657546215,
            "steer": 0.0
        },
        {
            "throttle": 0.3616941108918839,
            "brake": 0.005624286891791594,
            "steer": 0.0
        },
        {
            "throttle": 0.38305809650415973,
            "brake": 0.0050618582026124345,
            "steer": 0.0
        },
        {
            "throttle": 0.4037168307104297,
            "brake": 0.004555672382351191,
            "steer": 0.0
        },
        {
            "throttle": 0.36334514763938675,
            "brake": 0.0407790782657122,
            "steer": 0.0
        },
        {
            "throttle": 0.32701063287544807,
            "brake": 0.0733801435607371,
            "steer": 0.0
        },
        {
            "throttle": 0.2943095695879033,
            "brake": 0.10272110232625953,
            "steer": 0.0
        },
        {
            "throttle": 0.26487861262911294,
            "brake": 0.1291279652152297,
            "steer": 0.0
        },
        {
            "throttle": 0.23839075136620166,
            "brake": 0.15289414181530286,
            "steer": 0.0
        },
        {
            "throttle": 0.2145516762295815,
            "brake": 0.1742837007553687,
            "steer": 0.0
        },
        {
            "throttle": 0.19309650860662333,
            "brake": 0.19353430380142797,
            "steer": 0.0
        },
        {
            "throttle": 0.173786857745961,
            "brake": 0.2108598465428813,
            "steer": 0.0
        },
        {
            "throttle": 0.15640817197136492,
            "brake": 0.2264528350101893,
            "steer": 0.0
        },
        {
            "throttle": 0.18260896789288605,
            "brake": 0.20380755150917038,
            "steer": 0.0
        },
        {
            "throttle": 0.20239327637862667,
            "brake": 0.18342679635825335,
            "steer": 0.0
        },
        {
            "throttle": 0.21636757234953385,
            "brake": 0.165084116722428,
            "steer": 0.0
        },
        {
            "throttle": 0.22518178833827424,
            "brake": 0.14857570505018522,
            "steer": 0.0
        },
        {
            "throttle": 0.22952309584662328,
            "brake": 0.1337181345451667,
            "steer": 0.0
        },
        {
            "throttle": 0.2301075308901538,
            "brake": 0.12034632109065004,
            "steer": 0.0
        },
        {
            "throttle": 0.20709677780113842,
            "brake": 0.14499066210318118,
            "steer": 0.0
        },
        {
            "throttle": 0.18638710002102457,
            "brake": 0.1671705690144592,
            "steer": 0.0
        },
        {
            "throttle": 0.1677483900189221,
            "brake": 0.1871324852346094,
            "steer": 0.0
        },
        {
            "throttle": 0.15097355101702992,
            "brake": 0.2050982098327446,
            "steer": 0.0
        },
        {
            "throttle": 0.13587619591532693,
            "brake": 0.22126736197106628,
            "steer": 0.0
        },
        {
            "throttle": 0.12228857632379424,
            "brake": 0.2358195988955558,
            "steer": 0.0
        },
        {
            "throttle": 0.11005971869141482,
            "brake": 0.24891661212759633,
            "steer": 0.0
        },
        {
            "throttle": 0.09905374682227333,
            "brake": 0.26070392403643283,
            "steer": 0.0
        },
        {
            "throttle": 0.089148372140046,
            "brake": 0.2713125047543857,
            "steer": 0.0
        },
        {
            "throttle": 0.0802335349260414,
            "brake": 0.2808602274005432,
            "steer": 0.0
        },
        {
            "throttle": 0.07221018143343727,
            "brake": 0.289453177782085,
            "steer": 0.0
        },
        {
            "throttle": 0.06498916329009355,
            "brake": 0.29718683312547267,
            "steer": 0.0
        },
        {
            "throttle": 0.058490246961084194,
            "brake": 0.30414712293452156,
            "steer": 0.0
        },
        {
            "throttle": 0.05264122226497578,
            "brake": 0.3104113837626655,
            "steer": 0.0
        },
        {
            "throttle": 0.047377100038478205,
            "brake": 0.3160492185079951,
            "steer": 0.0
        },
        {
            "throttle": 0.04263939003463039,
            "brake": 0.32112326977879174,
            "steer": 0.0
        },
        {
            "throttle": 0.03837545103116735,
            "brake": 0.3256899159225087,
            "steer": 0.0
        },
        {
            "throttle": 0.034537905928050616,
            "brake": 0.32979989745185395,
            "steer": 0.0
        },
        {
            "throttle": 0.08092996712996686,
            "brake": 0.29681990770666855,
            "steer": 0.0
        },
        {
            "throttle": 0.12566152528086236,
            "brake": 0.2671379169360017,
            "steer": 0.0
        },
        {
            "throttle": 0.16846189796213962,
            "brake": 0.24042412524240153,
            "steer": 0.0
        },
        {
            "throttle": 0.20901840497948415,
            "brake": 0.2163817127181614,
            "steer": 0.0
        },
        {
            "throttle": 0.24699431082819737,
            "brake": 0.19474354144634526,
            "steer": 0.0
        },
        {
            "throttle": 0.28204647606173766,
            "brake": 0.17526918730171073,
            "steer": 0.0
        }
    ],
    "parameters": {
        "fog_density": 19.774788740836033,
        "precipitation": 49.76420713055922,
        "precipitation_deposits": 51.0897107645917,
        "wind_intensity": 42.31364082540874,
        "sun_altitude_angle": -10.965247915578956,
        "cloudiness": 9.751148959564082,
        "lead_base_throttle": 0.3675063498992739,
        "lead_behavior_frequency": 0.26263946842060276,
        "lead_throttle_variation": 0.232534402222942,
        "lead_brake_probability": 0.24383949265588742,
        "lead_brake_intensity": 0.36678973121596126,
        "lead_brake_duration": 9.031210432207422,
        "initial_distance": 62.01767187443891,
        "initial_ego_velocity": 13.876759603745622,
        "initial_lead_velocity": 5.7718824301392235
    },
    "config": {
        "num_timesteps": 200,
        "dt": 0.1,
        "seed": 160
    }
}