{
    "weather": {
        "cloudiness": 94.29097039125192,
        "precipitation": 41.7411003148779,
        "precipitation_deposits": 22.210781047073024,
        "wind_intensity": 5.99326836668414,
        "sun_altitude_angle": 10.513820568435357,
        "fog_density": 40.85978420620526,
        "fog_distance": 256.1498108905231,
        "wetness": 20.87055015743895
    },
    "initial_conditions": {
        "ego": {
            "position": {
                "x": 516.2458492286487,
                "y": 20.57,
                "z": 0.294
            },
            "yaw": 0.0,
            "velocity": 12.45872758838578
        },
        "lead": {
            "position": {
                "x": 484.88,
                "y": 20.57,
                "z": 0.294
            },
            "yaw": 0.0,
            "velocity": 11.017566196335393
        }
    },
    "ego": {
        "position": {
            "x": 516.2458492286487,
            "y": 20.57,
            "z": 0.294
        },
        "yaw": 0.0,
        "velocity": 12.45872758838578
    },
    "lead": {
        "position": {
            "x": 484.88,
            "y": 20.57,
            "z": 0.294
        },
        "yaw": 0.0,
        "velocity": 11.017566196335393
    },
    "ado_actions": [
        {
            "throttle": 0.3292811728083021,
            "brake": 0.0,
            "steer": 0.0
        },
        {
            "throttle": 0.33244947194410057,
            "brake": 0.0,
            "steer": 0.0
        },
        {
            "throttle": 0.33842889348126276,
            "brake": 0.0,
            "steer": 0.0
        },
        {
            "throttle": 0.34685814533600356,
            "brake": 0.0,
            "steer": 0.0
        },
        {
            "throttle": 0.35737325266326475,
            "brake": 0.0,
            "steer": 0.0
        },
        {
            "throttle": 0.36960934143842705,
            "brake": 0.0,
            "steer": 0.0
        },
        {
            "throttle": 0.383202718636579,
            "brake": 0.0,
            "steer": 0.0
        },
        {
            "throttle": 0.39779319400453267,
            "brake": 0.0,
            "steer": 0.0
        },
        {
            "throttle": 0.41302658819567123,
            "brake": 0.0,
            "steer": 0.0
        },
        {
            "throttle": 0.4285573722307949,
            "brake": 0.0,
            "steer": 0.0
        },
        {
            "throttle": 0.44405138388544246,
            "brake": 0.0,
            "steer": 0.0
        },
        {
            "throttle": 0.45918856770326705,
            "brake": 0.0,
            "steer": 0.0
        },
        {
            "throttle": 0.4736656869050239,
            "brake": 0.0,
            "steer": 0.0
        },
        {
            "throttle": 0.48719895750439063,
            "brake": 0.0,
            "steer": 0.0
        },
        {
            "throttle": 0.4995265574478868,
            "brake": 0.0,
            "steer": 0.0
        },
        {
            "throttle": 0.5104109665515193,
            "brake": 0.0,
            "steer": 0.0
        },
        {
            "throttle": 0.5196410963889683,
            "brake": 0.0,
            "steer": 0.0
        },
        {
            "throttle": 0.5270341730657176,
            "brake": 0.0,
            "steer": 0.0
        },
        {
            "throttle": 0.5324373399546602,
            "brake": 0.0,
            "steer": 0.0
        },
        {
            "throttle": 0.5357289519296933,
            "brake": 0.0,
            "steer": 0.0
        },
        {
            "throttle": 0.5368195373677849,
            "brake": 0.0,
            "steer": 0.0
        },
        {
            "throttle": 0.535652409145616,
            "brake": 0.0,
            "steer": 0.0
        },
        {
            "throttle": 0.5322039109791158,
            "brake": 0.0,
            "steer": 0.0
        },
        {
            "throttle": 0.5264832906850407,
            "brake": 0.0,
            "steer": 0.0
        },
        {
            "throttle": 0.5185321972231051,
            "brake": 0.0,
            "steer": 0.0
        },
        {
            "throttle": 0.5084238036436963,
            "brake": 0.0,
            "steer": 0.0
        },
        {
            "throttle": 0.49626156325811743,
            "brake": 0.0,
            "steer": 0.0
        },
        {
            "throttle": 0.4821776114042305,
            "brake": 0.0,
            "steer": 0.0
        },
        {
            "throttle": 0.46633083004022674,
            "brake": 0.0,
            "steer": 0.0
        },
        {
            "throttle": 0.4489045970049799,
            "brake": 0.0,
            "steer": 0.0
        },
        {
            "throttle": 0.40401413730448194,
            "brake": 0.07802474579046725,
            "steer": 0.0
        },
        {
            "throttle": 0.36361272357403374,
            "brake": 0.1482470170018878,
            "steer": 0.0
        },
        {
            "throttle": 0.32725145121663035,
            "brake": 0.2114470610921663,
            "steer": 0.0
        },
        {
            "throttle": 0.2945263060949673,
            "brake": 0.2683271007734169,
            "steer": 0.0
        },
        {
            "throttle": 0.2650736754854706,
            "brake": 0.3195191364865425,
            "steer": 0.0
        },
        {
            "throttle": 0.23856630793692357,
            "brake": 0.3655919686283555,
            "steer": 0.0
        },
        {
            "throttle": 0.21470967714323122,
            "brake": 0.40705751755598724,
            "steer": 0.0
        },
        {
            "throttle": 0.1932387094289081,
            "brake": 0.4443765115908558,
            "steer": 0.0
        },
        {
            "throttle": 0.1739148384860173,
            "brake": 0.4779636062222375,
            "steer": 0.0
        },
        {
            "throttle": 0.15652335463741557,
            "brake": 0.508191991390481,
            "steer": 0.0
        },
        {
            "throttle": 0.140871019173674,
            "brake": 0.5353975380419002,
            "steer": 0.0
        },
        {
            "throttle": 0.1267839172563066,
            "brake": 0.5598825300281773,
            "steer": 0.0
        },
        {
            "throttle": 0.11410552553067595,
            "brake": 0.5819190228158269,
            "steer": 0.0
        },
        {
            "throttle": 0.10269497297760835,
            "brake": 0.6017518663247114,
            "steer": 0.0
        },
        {
            "throttle": 0.09242547567984752,
            "brake": 0.6196014254827076,
            "steer": 0.0
        },
        {
            "throttle": 0.08318292811186277,
            "brake": 0.6356660287249041,
            "steer": 0.0
        },
        {
            "throttle": 0.0748646353006765,
            "brake": 0.6501241716428809,
            "steer": 0.0
        },
        {
            "throttle": 0.06737817177060886,
            "brake": 0.6631365002690601,
            "steer": 0.0
        },
        {
            "throttle": 0.06064035459354797,
            "brake": 0.6748475960326213,
            "steer": 0.0
        },
        {
            "throttle": 0.054576319134193176,
            "brake": 0.6853875822198264,
            "steer": 0.0
        },
        {
            "throttle": 0.04911868722077386,
            "brake": 0.694873569788311,
            "steer": 0.0
        },
        {
            "throttle": 0.044206818498696475,
            "brake": 0.7034109585999472,
            "steer": 0.0
        },
        {
            "throttle": 0.039786136648826825,
            "brake": 0.7110946085304197,
            "steer": 0.0
        },
        {
            "throttle": 0.03580752298394414,
            "brake": 0.718009893467845,
            "steer": 0.0
        },
        {
            "throttle": 0.03222677068554973,
            "brake": 0.7242336499115278,
            "steer": 0.0
        },
        {
            "throttle": 0.02900409361699476,
            "brake": 0.7298350307108423,
            "steer": 0.0
        },
        {
            "throttle": 0.026103684255295283,
            "brake": 0.7348762734302253,
            "steer": 0.0
        },
        {
            "throttle": 0.023493315829765757,
            "brake": 0.7394133918776701,
            "steer": 0.0
        },
        {
            "throttle": 0.02114398424678918,
            "brake": 0.7434967984803703,
            "steer": 0.0
        },
        {
            "throttle": 0.06234514712326016,
            "brake": 0.6691471186323333,
            "steer": 0.0
        },
        {
            "throttle": 0.10230427726149008,
            "brake": 0.6022324067691001,
            "steer": 0.0
        },
        {
            "throttle": 0.14097664759083067,
            "brake": 0.5420091660921901,
            "steer": 0.0
        },
        {
            "throttle": 0.17828750393743983,
            "brake": 0.4878082494829711,
            "steer": 0.0
        },
        {
            "throttle": 0.21413765832332293,
            "brake": 0.43902742453467397,
            "steer": 0.0
        },
        {
            "throttle": 0.24840892928461528,
            "brake": 0.3951246820812066,
            "steer": 0.0
        },
        {
            "throttle": 0.2809694063425667,
            "brake": 0.35561221387308595,
            "steer": 0.0
        },
        {
            "throttle": 0.31167851335868413,
            "brake": 0.32005099248577734,
            "steer": 0.0
        },
        {
            "throttle": 0.3403918438894005,
            "brake": 0.2880458932371996,
            "steer": 0.0
        },
        {
            "throttle": 0.3669657407996316,
            "brake": 0.25924130391347966,
            "steer": 0.0
        },
        {
            "throttle": 0.3912615922677938,
            "brake": 0.2333171735221317,
            "steer": 0.0
        },
        {
            "throttle": 0.4131498168812932,
            "brake": 0.2099854561699185,
            "steer": 0.0
        },
        {
            "throttle": 0.43251351174012354,
            "brake": 0.18898691055292666,
            "steer": 0.0
        },
        {
            "throttle": 0.44925173931104506,
            "brake": 0.170088219497634,
            "steer": 0.0
        },
        {
            "throttle": 0.4632824311552251,
            "brake": 0.15307939754787062,
            "steer": 0.0
        },
        {
            "throttle": 0.47454488953321344,
            "brake": 0.13777145779308356,
            "steer": 0.0
        },
        {
            "throttle": 0.48300187121382243,
            "brake": 0.1239943120137752,
            "steer": 0.0
        },
        {
            "throttle": 0.48864124151558597,
            "brake": 0.11159488081239768,
            "steer": 0.0
        },
        {
            "throttle": 0.49147719062585954,
            "brake": 0.10043539273115792,
            "steer": 0.0
        },
        {
            "throttle": 0.49155100850596256,
            "brake": 0.09039185345804214,
            "steer": 0.0
        },
        {
            "throttle": 0.4889314191322014,
            "brake": 0.08135266811223793,
            "steer": 0.0
        },
        {
            "throttle": 0.483714479372474,
            "brake": 0.07321740130101415,
            "steer": 0.0
        },
        {
            "throttle": 0.47602305238671155,
            "brake": 0.06589566117091274,
            "steer": 0.0
        },
        {
            "throttle": 0.46600586999760396,
            "brake": 0.059306095053821464,
            "steer": 0.0
        },
        {
            "throttle": 0.4538362029382853,
            "brake": 0.05337548554843932,
            "steer": 0.0
        },
        {
            "throttle": 0.43971016218051856,
            "brake": 0.04803793699359539,
            "steer": 0.0
        },
        {
            "throttle": 0.42384465861796394,
            "brake": 0.043234143294235854,
            "steer": 0.0
        },
        {
            "throttle": 0.4064750521655244,
            "brake": 0.03891072896481227,
            "steer": 0.0
        },
        {
            "throttle": 0.3878525247830548,
            "brake": 0.035019656068331045,
            "steer": 0.0
        },
        {
            "throttle": 0.3682412149903504,
            "brake": 0.031517690461497945,
            "steer": 0.0
        },
        {
            "throttle": 0.34791515406626844,
            "brake": 0.02836592141534815,
            "steer": 0.0
        },
        {
            "throttle": 0.3271550462800759,
            "brake": 0.025529329273813336,
            "steer": 0.0
        },
        {
            "throttle": 0.30624493715609197,
            "brake": 0.022976396346432004,
            "steer": 0.0
        },
        {
            "throttle": 0.28546881489865633,
            "brake": 0.020678756711788805,
            "steer": 0.0
        },
        {
            "throttle": 0.26510719068573607,
            "brake": 0.018610881040609924,
            "steer": 0.0
        },
        {
            "throttle": 0.24543370356567626,
            "brake": 0.01674979293654893,
            "steer": 0.0
        },
        {
            "throttle": 0.22671179515967882,
            "brake": 0.01507481364289404,
            "steer": 0.0
        },
        {
            "throttle": 0.20919149828689734,
            "brake": 0.013567332278604636,
            "steer": 0.0
        },
        {
            "throttle": 0.1931063820012079,
            "brake": 0.012210599050744172,
            "steer": 0.0
        },
        {
            "throttle": 0.17867069337751704,
            "brake": 0.010989539145669755,
            "steer": 0.0
        },
        {
            "throttle": 0.16607673373652124,
            "brake": 0.00989058523110278,
            "steer": 0.0
        },
        {
            "throttle": 0.15549250388227884,
            "brake": 0.008901526707992501,
            "steer": 0.0
        },
        {
            "throttle": 0.14705964938502208,
            "brake": 0.008011374037193252,
            "steer": 0.0
        },
        {
            "throttle": 0.14089173301613736,
            "brake": 0.007210236633473927,
            "steer": 0.0
        },
        {
            "throttle": 0.13707285718200546,
            "brake": 0.006489212970126534,
            "steer": 0.0
        },
        {
            "throttle": 0.1356566546616248,
            "brake": 0.005840291673113881,
            "steer": 0.0
        },
        {
            "throttle": 0.136665661186537,
            "brake": 0.005256262505802493,
            "steer": 0.0
        },
        {
            "throttle": 0.14009107847038657,
            "brake": 0.004730636255222244,
            "steer": 0.0
        },
        {
            "throttle": 0.14589293126150832,
            "brake": 0.00425757262970002,
            "steer": 0.0
        },
        {
            "throttle": 0.15400061691866745,
            "brake": 0.003831815366730018,
            "steer": 0.0
        },
        {
            "throttle": 0.16431384096146456,
            "brake": 0.003448633830057016,
            "steer": 0.0
        },
        {
            "throttle": 0.17670392708669944,
            "brake": 0.0031037704470513144,
            "steer": 0.0
        },
        {
            "throttle": 0.19101548533282733,
            "brake": 0.002793393402346183,
            "steer": 0.0
        },
        {
            "throttle": 0.20706841747733318,
            "brake": 0.002514054062111565,
            "steer": 0.0
        },
        {
            "throttle": 0.22466023442453167,
            "brake": 0.0022626486559004086,
            "steer": 0.0
        },
        {
            "throttle": 0.24356865633871605,
            "brake": 0.0020363837903103676,
            "steer": 0.0
        },
        {
            "throttle": 0.2635544626503695,
            "brake": 0.001832745411279331,
            "steer": 0.0
        },
        {
            "throttle": 0.23719901638533258,
            "brake": 0.07967421666061865,
            "steer": 0.0
        },
        {
            "throttle": 0.21347911474679934,
            "brake": 0.14973154078502404,
            "steer": 0.0
        },
        {
            "throttle": 0.1921312032721194,
            "brake": 0.2127831324969889,
            "steer": 0.0
        },
        {
            "throttle": 0.1729180829449075,
            "brake": 0.26952956503775727,
            "steer": 0.0
        },
        {
            "throttle": 0.15562627465041673,
            "brake": 0.3206013543244488,
            "steer": 0.0
        },
        {
            "throttle": 0.14006364718537506,
            "brake": 0.3665659646824712,
            "steer": 0.0
        },
        {
            "throttle": 0.12605728246683756,
            "brake": 0.4079341140046914,
            "steer": 0.0
        },
        {
            "throttle": 0.11345155422015381,
            "brake": 0.4451654483946895,
            "steer": 0.0
        },
        {
            "throttle": 0.10210639879813843,
            "brake": 0.47867364934568785,
            "steer": 0.0
        },
        {
            "throttle": 0.09189575891832459,
            "brake": 0.5088310302015864,
            "steer": 0.0
        },
        {
            "throttle": 0.08270618302649213,
            "brake": 0.535972672971895,
            "steer": 0.0
        },
        {
            "throttle": 0.07443556472384293,
            "brake": 0.5604001514651727,
            "steer": 0.0
        },
        {
            "throttle": 0.06699200825145864,
            "brake": 0.5823848821091228,
            "steer": 0.0
        },
        {
            "throttle": 0.060292807426312774,
            "brake": 0.6021711396886777,
            "steer": 0.0
        },
        {
            "throttle": 0.0542635266836815,
            "brake": 0.6199787715102772,
            "steer": 0.0
        },
        {
            "throttle": 0.04883717401531335,
            "brake": 0.6360056401497168,
            "steer": 0.0
        },
        {
            "throttle": 0.04395345661378202,
            "brake": 0.6504298219252124,
            "steer": 0.0
        },
        {
            "throttle": 0.039558110952403816,
            "brake": 0.6634115855231584,
            "steer": 0.0
        },
        {
            "throttle": 0.035602299857163434,
            "brake": 0.6750951727613098,
            "steer": 0.0
        },
        {
            "throttle": 0.032042069871447094,
            "brake": 0.6856104012756461,
            "steer": 0.0
        },
        {
            "throttle": 0.028837862884302387,
            "brake": 0.6950741069385488,
            "steer": 0.0
        },
        {
            "throttle": 0.02595407659587215,
            "brake": 0.7035914420351611,
            "steer": 0.0
        },
        {
            "throttle": 0.023358668936284934,
            "brake": 0.7112570436221123,
            "steer": 0.0
        },
        {
            "throttle": 0.02102280204265644,
            "brake": 0.7181560850503683,
            "steer": 0.0
        },
        {
            "throttle": 0.018920521838390797,
            "brake": 0.7243652223357988,
            "steer": 0.0
        },
        {
            "throttle": 0.01702846965455172,
            "brake": 0.7299534458926862,
            "steer": 0.0
        },
        {
            "throttle": 0.015325622689096548,
            "brake": 0.7349828470938848,
            "steer": 0.0
        },
        {
            "throttle": 0.013793060420186893,
            "brake": 0.7395093081749636,
            "steer": 0.0
        },
        {
            "throttle": 0.012413754378168204,
            "brake": 0.7435831231479345,
            "steer": 0.0
        },
        {
            "throttle": 0.0267792135611823,
            "brake": 0.6692248108331411,
            "steer": 0.0
        },
        {
            "throttle": 0.03732250332175451,
            "brake": 0.602302329749827,
            "steer": 0.0
        },
        {
            "throttle": 0.04467679891715229,
            "brake": 0.5420720967748444,
            "steer": 0.0
        },
        {
            "throttle": 0.04943914205059283,
            "brake": 0.4878648870973599,
            "steer": 0.0
        },
        {
            "throttle": 0.05217051221355779,
            "brake": 0.4390783983876239,
            "steer": 0.0
        },
        {
            "throttle": 0.05339558982449262,
            "brake": 0.3951705585488615,
            "steer": 0.0
        },
        {
            "throttle": 0.05360229092412656,
            "brake": 0.3556535026939754,
            "steer": 0.0
        },
        {
            "throttle": 0.053241148422377094,
            "brake": 0.32008815242457783,
            "steer": 0.0
        },
        {
            "throttle": 0.052724609938945316,
            "brake": 0.28807933718212003,
            "steer": 0.0
        },
        {
            "throttle": 0.0524263171255919,
            "brake": 0.25927140346390803,
            "steer": 0.0
        },
        {
            "throttle": 0.052680425999273944,
            "brake": 0.23334426311751724,
            "steer": 0.0
        },
        {
            "throttle": 0.053781022257900504,
            "brake": 0.21000983680576552,
            "steer": 0.0
        },
        {
            "throttle": 0.05598167980925314,
            "brake": 0.18900885312518897,
            "steer": 0.0
        },
        {
            "throttle": 0.05949520484137891,
            "brake": 0.17010796781267007,
            "steer": 0.0
        },
        {
            "throttle": 0.06449360172933954,
            "brake": 0.15309717103140308,
            "steer": 0.0
        },
        {
            "throttle": 0.07110829094464528,
            "brake": 0.13778745392826278,
            "steer": 0.0
        },
        {
            "throttle": 0.07943060295134557,
            "brake": 0.1240087085354365,
            "steer": 0.0
        },
        {
            "throttle": 0.08951256588229416,
            "brake": 0.11160783768189285,
            "steer": 0.0
        },
        {
            "throttle": 0.10136799863964459,
            "brake": 0.10044705391370357,
            "steer": 0.0
        },
        {
            "throttle": 0.1149739150067221,
            "brake": 0.09040234852233321,
            "steer": 0.0
        },
        {
            "throttle": 0.13027223844710462,
            "brake": 0.08136211367009989,
            "steer": 0.0
        },
        {
            "throttle": 0.14717182155463313,
            "brake": 0.07322590230308991,
            "steer": 0.0
        },
        {
            "throttle": 0.16555075865839458,
            "brake": 0.06590331207278093,
            "steer": 0.0
        },
        {
            "throttle": 0.1852589749314467,
            "brake": 0.05931298086550284,
            "steer": 0.0
        },
        {
            "throttle": 0.20612107055103635,
            "brake": 0.053381682778952555,
            "steer": 0.0
        },
        {
            "throttle": 0.22793939405821373,
            "brake": 0.0480435145010573,
            "steer": 0.0
        },
        {
            "throttle": 0.25049731510930134,
            "brake": 0.04323916305095157,
            "steer": 0.0
        },
        {
            "throttle": 0.27356266333948653,
            "brake": 0.03891524674585642,
            "steer": 0.0
        },
        {
            "throttle": 0.29689129710372164,
            "brake": 0.03502372207127078,
            "steer": 0.0
        },
        {
            "throttle": 0.32023076345043583,
            "brake": 0.031521349864143705,
            "steer": 0.0
        },
        {
            "throttle": 0.34332400884158004,
            "brake": 0.028369214877729334,
            "steer": 0.0
        },
        {
            "throttle": 0.36591309887413515,
            "brake": 0.0255322933899564,
            "steer": 0.0
        },
        {
            "throttle": 0.38774290459264166,
            "brake": 0.02297906405096076,
            "steer": 0.0
        },
        {
            "throttle": 0.40856471291190777,
            "brake": 0.020681157645864683,
            "steer": 0.0
        },
        {
            "throttle": 0.4281397191892117,
            "brake": 0.018613041881278214,
            "steer": 0.0
        },
        {
            "throttle": 0.3853257472702905,
            "brake": 0.09477648348361764,
            "steer": 0.0
        },
        {
            "throttle": 0.3467931725432615,
            "brake": 0.16332358092572313,
            "steer": 0.0
        },
        {
            "throttle": 0.3121138552889353,
            "brake": 0.22501596862361808,
            "steer": 0.0
        },
        {
            "throttle": 0.2809024697600418,
            "brake": 0.28053911755172356,
            "steer": 0.0
        },
        {
            "throttle": 0.25281222278403764,
            "brake": 0.33050995158701846,
            "steer": 0.0
        },
        {
            "throttle": 0.22753100050563388,
            "brake": 0.37548370221878385,
            "steer": 0.0
        },
        {
            "throttle": 0.2047779004550705,
            "brake": 0.4159600777873727,
            "steer": 0.0
        },
        {
            "throttle": 0.18430011040956346,
            "brake": 0.4523888157991027,
            "steer": 0.0
        },
        {
            "throttle": 0.1658700993686071,
            "brake": 0.4851746800096597,
            "steer": 0.0
        },
        {
            "throttle": 0.1492830894317464,
            "brake": 0.514681957799161,
            "steer": 0.0
        },
        {
            "throttle": 0.13435478048857177,
            "brake": 0.5412385078097122,
            "steer": 0.0
        },
        {
            "throttle": 0.1209193024397146,
            "brake": 0.5651394028192083,
            "steer": 0.0
        },
        {
            "throttle": 0.10882737219574315,
            "brake": 0.5866502083277547,
            "steer": 0.0
        },
        {
            "throttle": 0.09794463497616884,
            "brake": 0.6060099332854465,
            "steer": 0.0
        },
        {
            "throttle": 0.08815017147855196,
            "brake": 0.6234336857473691,
            "steer": 0.0
        },
        {
            "throttle": 0.07933515433069677,
            "brake": 0.6391150629630995,
            "steer": 0.0
        },
        {
            "throttle": 0.07140163889762709,
            "brake": 0.6532283024572568,
            "steer": 0.0
        },
        {
            "throttle": 0.06426147500786437,
            "brake": 0.6659302180019984,
            "steer": 0.0
        },
        {
            "throttle": 0.05783532750707794,
            "brake": 0.6773619419922658,
            "steer": 0.0
        },
        {
            "throttle": 0.052051794756370146,
            "brake": 0.6876504935835065,
            "steer": 0.0
        }
    ],
    "parameters": {
        "fog_density": 40.85978420620526,
        "precipitation": 41.7411003148779,
        "precipitation_deposits": 22.210781047073024,
        "wind_intensity": 5.99326836668414,
        "sun_altitude_angle": 10.513820568435357,
        "cloudiness": 94.29097039125192,
        "lead_base_throttle": 0.3292811728083021,
        "lead_behavior_frequency": 0.17969765543584154,
        "lead_throttle_variation": 0.28120758355807113,
        "lead_brake_probability": 0.1090888807137882,
        "lead_brake_intensity": 0.7802474579046725,
        "lead_brake_duration": 29.061182373552782,
        "initial_distance": 31.36584922864867,
        "initial_ego_velocity": 12.45872758838578,
        "initial_lead_velocity": 11.017566196335393
    },
    "config": {
        "num_timesteps": 200,
        "dt": 0.1,
        "seed": 43
    }
}