{
    "weather": {
        "cloudiness": 5.729840408192766,
        "precipitation": 34.885965984545706,
        "precipitation_deposits": 35.86466084290622,
        "wind_intensity": 4.705916136445171,
        "sun_altitude_angle": 75.10730312182363,
        "fog_density": 76.07469412919892,
        "fog_distance": 79.19650280494021,
        "wetness": 17.442982992272853
    },
    "initial_conditions": {
        "ego": {
            "position": {
                "x": 562.2772904541107,
                "y": 20.57,
                "z": 0.294
            },
            "yaw": 0.0,
            "velocity": 18.338162381844842
        },
        "lead": {
            "position": {
                "x": 484.88,
                "y": 20.57,
                "z": 0.294
            },
            "yaw": 0.0,
            "velocity": 14.526633163795143
        }
    },
    "ego": {
        "position": {
            "x": 562.2772904541107,
            "y": 20.57,
            "z": 0.294
        },
        "yaw": 0.0,
        "velocity": 18.338162381844842
    },
    "lead": {
        "position": {
            "x": 484.88,
            "y": 20.57,
            "z": 0.294
        },
        "yaw": 0.0,
        "velocity": 14.526633163795143
    },
    "ado_actions": [
        {
            "throttle": 0.5447297968245647,
            "brake": 0.0,
            "steer": 0.0
        },
        {
            "throttle": 0.5455283460143334,
            "brake": 0.0,
            "steer": 0.0
        },
        {
            "throttle": 0.5470386236159425,
            "brake": 0.0,
            "steer": 0.0
        },
        {
            "throttle": 0.5491755858344901,
            "brake": 0.0,
            "steer": 0.0
        },
        {
            "throttle": 0.5518559091581144,
            "brake": 0.0,
            "steer": 0.0
        },
        {
            "throttle": 0.5549979985066503,
            "brake": 0.0,
            "steer": 0.0
        },
        {
            "throttle": 0.5585220521723562,
            "brake": 0.0,
            "steer": 0.0
        },
        {
            "throttle": 0.5623501757992803,
            "brake": 0.0,
            "steer": 0.0
        },
        {
            "throttle": 0.5664065379387605,
            "brake": 0.0,
            "steer": 0.0
        },
        {
            "throttle": 0.5706175600027009,
            "brake": 0.0,
            "steer": 0.0
        },
        {
            "throttle": 0.5749121337183536,
            "brake": 0.0,
            "steer": 0.0
        },
        {
            "throttle": 0.5792218594723638,
            "brake": 0.0,
            "steer": 0.0
        },
        {
            "throttle": 0.5834812992211524,
            "brake": 0.0,
            "steer": 0.0
        },
        {
            "throttle": 0.5876282379420239,
            "brake": 0.0,
            "steer": 0.0
        },
        {
            "throttle": 0.5916039479068342,
            "brake": 0.0,
            "steer": 0.0
        },
        {
            "throttle": 0.5953534503791776,
            "brake": 0.0,
            "steer": 0.0
        },
        {
            "throttle": 0.5988257696679,
            "brake": 0.0,
            "steer": 0.0
        },
        {
            "throttle": 0.601974174814865,
            "brake": 0.0,
            "steer": 0.0
        },
        {
            "throttle": 0.6047564045533531,
            "brake": 0.0,
            "steer": 0.0
        },
        {
            "throttle": 0.6071348715449472,
            "brake": 0.0,
            "steer": 0.0
        },
        {
            "throttle": 0.6090768422864923,
            "brake": 0.0,
            "steer": 0.0
        },
        {
            "throttle": 0.6105545894736322,
            "brake": 0.0,
            "steer": 0.0
        },
        {
            "throttle": 0.611545514012107,
            "brake": 0.0,
            "steer": 0.0
        },
        {
            "throttle": 0.6120322342807345,
            "brake": 0.0,
            "steer": 0.0
        },
        {
            "throttle": 0.6120026406688426,
            "brake": 0.0,
            "steer": 0.0
        },
        {
            "throttle": 0.6114499138336915,
            "brake": 0.0,
            "steer": 0.0
        },
        {
            "throttle": 0.6103725055477777,
            "brake": 0.0,
            "steer": 0.0
        },
        {
            "throttle": 0.6087740814293228,
            "brake": 0.0,
            "steer": 0.0
        },
        {
            "throttle": 0.6066634252691323,
            "brake": 0.0,
            "steer": 0.0
        },
        {
            "throttle": 0.6040543050806456,
            "brake": 0.0,
            "steer": 0.0
        },
        {
            "throttle": 0.6009653014046648,
            "brake": 0.0,
            "steer": 0.0
        },
        {
            "throttle": 0.5974195987932112,
            "brake": 0.0,
            "steer": 0.0
        },
        {
            "throttle": 0.5934447417754749,
            "brake": 0.0,
            "steer": 0.0
        },
        {
            "throttle": 0.5890723569702467,
            "brake": 0.0,
            "steer": 0.0
        },
        {
            "throttle": 0.5843378433509682,
            "brake": 0.0,
            "steer": 0.0
        },
        {
            "throttle": 0.5792800329891333,
            "brake": 0.0,
            "steer": 0.0
        },
        {
            "throttle": 0.5739408248969136,
            "brake": 0.0,
            "steer": 0.0
        },
        {
            "throttle": 0.5683647948583846,
            "brake": 0.0,
            "steer": 0.0
        },
        {
            "throttle": 0.5625987843786577,
            "brake": 0.0,
            "steer": 0.0
        },
        {
            "throttle": 0.5566914720897941,
            "brake": 0.0,
            "steer": 0.0
        },
        {
            "throttle": 0.55069293113009,
            "brake": 0.0,
            "steer": 0.0
        },
        {
            "throttle": 0.5446541761578887,
            "brake": 0.0,
            "steer": 0.0
        },
        {
            "throttle": 0.5386267037714805,
            "brake": 0.0,
            "steer": 0.0
        },
        {
            "throttle": 0.5326620301821651,
            "brake": 0.0,
            "steer": 0.0
        },
        {
            "throttle": 0.5268112300276996,
            "brake": 0.0,
            "steer": 0.0
        },
        {
            "throttle": 0.521124480217983,
            "brake": 0.0,
            "steer": 0.0
        },
        {
            "throttle": 0.5156506126740422,
            "brake": 0.0,
            "steer": 0.0
        },
        {
            "throttle": 0.5104366797556131,
            "brake": 0.0,
            "steer": 0.0
        },
        {
            "throttle": 0.5055275360725476,
            "brake": 0.0,
            "steer": 0.0
        },
        {
            "throttle": 0.5009654402419192,
            "brake": 0.0,
            "steer": 0.0
        },
        {
            "throttle": 0.4967896799873169,
            "brake": 0.0,
            "steer": 0.0
        },
        {
            "throttle": 0.4930362237809413,
            "brake": 0.0,
            "steer": 0.0
        },
        {
            "throttle": 0.4897374020045535,
            "brake": 0.0,
            "steer": 0.0
        },
        {
            "throttle": 0.4869216203540986,
            "brake": 0.0,
            "steer": 0.0
        },
        {
            "throttle": 0.48461310793720874,
            "brake": 0.0,
            "steer": 0.0
        },
        {
            "throttle": 0.4828317022152384,
            "brake": 0.0,
            "steer": 0.0
        },
        {
            "throttle": 0.48159267262465805,
            "brake": 0.0,
            "steer": 0.0
        },
        {
            "throttle": 0.4809065843793421,
            "brake": 0.0,
            "steer": 0.0
        },
        {
            "throttle": 0.4807792036084871,
            "brake": 0.0,
            "steer": 0.0
        },
        {
            "throttle": 0.48121144462765425,
            "brake": 0.0,
            "steer": 0.0
        },
        {
            "throttle": 0.4821993597758953,
            "brake": 0.0,
            "steer": 0.0
        },
        {
            "throttle": 0.483734171883313,
            "brake": 0.0,
            "steer": 0.0
        },
        {
            "throttle": 0.48580234906396497,
            "brake": 0.0,
            "steer": 0.0
        },
        {
            "throttle": 0.48838572116199674,
            "brake": 0.0,
            "steer": 0.0
        },
        {
            "throttle": 0.4914616368175131,
            "brake": 0.0,
            "steer": 0.0
        },
        {
            "throttle": 0.4950031597661332,
            "brake": 0.0,
            "steer": 0.0
        },
        {
            "throttle": 0.49897930264553164,
            "brake": 0.0,
            "steer": 0.0
        },
        {
            "throttle": 0.5033552962565226,
            "brake": 0.0,
            "steer": 0.0
        },
        {
            "throttle": 0.5080928919182596,
            "brake": 0.0,
            "steer": 0.0
        },
        {
            "throttle": 0.5131506942696026,
            "brake": 0.0,
            "steer": 0.0
        },
        {
            "throttle": 0.5184845216041636,
            "brake": 0.0,
            "steer": 0.0
        },
        {
            "throttle": 0.5240477905873028,
            "brake": 0.0,
            "steer": 0.0
        },
        {
            "throttle": 0.5297919219915073,
            "brake": 0.0,
            "steer": 0.0
        },
        {
            "throttle": 0.5356667639040013,
            "brake": 0.0,
            "steer": 0.0
        },
        {
            "throttle": 0.5416210287087102,
            "brake": 0.0,
            "steer": 0.0
        },
        {
            "throttle": 0.5476027400251628,
            "brake": 0.0,
            "steer": 0.0
        },
        {
            "throttle": 0.5535596857006154,
            "brake": 0.0,
            "steer": 0.0
        },
        {
            "throttle": 0.5594398728993797,
            "brake": 0.0,
            "steer": 0.0
        },
        {
            "throttle": 0.5651919813154931,
            "brake": 0.0,
            "steer": 0.0
        },
        {
            "throttle": 0.5707658105516438,
            "brake": 0.0,
            "steer": 0.0
        },
        {
            "throttle": 0.5761127177585176,
            "brake": 0.0,
            "steer": 0.0
        },
        {
            "throttle": 0.5811860417140213,
            "brake": 0.0,
            "steer": 0.0
        },
        {
            "throttle": 0.5859415096404202,
            "brake": 0.0,
            "steer": 0.0
        },
        {
            "throttle": 0.5903376232082717,
            "brake": 0.0,
            "steer": 0.0
        },
        {
            "throttle": 0.5943360203578331,
            "brake": 0.0,
            "steer": 0.0
        },
        {
            "throttle": 0.5979018097797877,
            "brake": 0.0,
            "steer": 0.0
        },
        {
            "throttle": 0.6010038751358178,
            "brake": 0.0,
            "steer": 0.0
        },
        {
            "throttle": 0.6036151463636971,
            "brake": 0.0,
            "steer": 0.0
        },
        {
            "throttle": 0.6057128356988557,
            "brake": 0.0,
            "steer": 0.0
        },
        {
            "throttle": 0.607278636352296,
            "brake": 0.0,
            "steer": 0.0
        },
        {
            "throttle": 0.6082988821106176,
            "brake": 0.0,
            "steer": 0.0
        },
        {
            "throttle": 0.6087646664649099,
            "brake": 0.0,
            "steer": 0.0
        },
        {
            "throttle": 0.6086719202284044,
            "brake": 0.0,
            "steer": 0.0
        },
        {
            "throttle": 0.608021446964983,
            "brake": 0.0,
            "steer": 0.0
        },
        {
            "throttle": 0.6068189159187438,
            "brake": 0.0,
            "steer": 0.0
        },
        {
            "throttle": 0.6050748125056251,
            "brake": 0.0,
            "steer": 0.0
        },
        {
            "throttle": 0.6028043467983465,
            "brake": 0.0,
            "steer": 0.0
        },
        {
            "throttle": 0.6000273208024203,
            "brake": 0.0,
            "steer": 0.0
        },
        {
            "throttle": 0.5967679556805102,
            "brake": 0.0,
            "steer": 0.0
        },
        {
            "throttle": 0.5930546804318395,
            "brake": 0.0,
            "steer": 0.0
        },
        {
            "throttle": 0.5889198838696315,
            "brake": 0.0,
            "steer": 0.0
        },
        {
            "throttle": 0.5843996320597571,
            "brake": 0.0,
            "steer": 0.0
        },
        {
            "throttle": 0.5795333536850913,
            "brake": 0.0,
            "steer": 0.0
        },
        {
            "throttle": 0.5743634960798978,
            "brake": 0.0,
            "steer": 0.0
        },
        {
            "throttle": 0.5689351549344425,
            "brake": 0.0,
            "steer": 0.0
        },
        {
            "throttle": 0.5632956808997389,
            "brake": 0.0,
            "steer": 0.0
        },
        {
            "throttle": 0.5574942665238575,
            "brake": 0.0,
            "steer": 0.0
        },
        {
            "throttle": 0.5515815171228207,
            "brake": 0.0,
            "steer": 0.0
        },
        {
            "throttle": 0.5456090093292671,
            "brake": 0.0,
            "steer": 0.0
        },
        {
            "throttle": 0.539628841169574,
            "brake": 0.0,
            "steer": 0.0
        },
        {
            "throttle": 0.5336931775940388,
            "brake": 0.0,
            "steer": 0.0
        },
        {
            "throttle": 0.5278537954244021,
            "brake": 0.0,
            "steer": 0.0
        },
        {
            "throttle": 0.5221616316880856,
            "brake": 0.0,
            "steer": 0.0
        },
        {
            "throttle": 0.5166663392789888,
            "brake": 0.0,
            "steer": 0.0
        },
        {
            "throttle": 0.5114158538207888,
            "brake": 0.0,
            "steer": 0.0
        },
        {
            "throttle": 0.5064559755109739,
            "brake": 0.0,
            "steer": 0.0
        },
        {
            "throttle": 0.5018299695931697,
            "brake": 0.0,
            "steer": 0.0
        },
        {
            "throttle": 0.4975781889428323,
            "brake": 0.0,
            "steer": 0.0
        },
        {
            "throttle": 0.49373772205848304,
            "brake": 0.0,
            "steer": 0.0
        },
        {
            "throttle": 0.4903420695290575,
            "brake": 0.0,
            "steer": 0.0
        },
        {
            "throttle": 0.48742085179953976,
            "brake": 0.0,
            "steer": 0.0
        },
        {
            "throttle": 0.484999550784041,
            "brake": 0.0,
            "steer": 0.0
        },
        {
            "throttle": 0.48309928758022985,
            "brake": 0.0,
            "steer": 0.0
        },
        {
            "throttle": 0.481736638224107,
            "brake": 0.0,
            "steer": 0.0
        },
        {
            "throttle": 0.48092348909229055,
            "brake": 0.0,
            "steer": 0.0
        },
        {
            "throttle": 0.48066693321312925,
            "brake": 0.0,
            "steer": 0.0
        },
        {
            "throttle": 0.4809692083911121,
            "brake": 0.0,
            "steer": 0.0
        },
        {
            "throttle": 0.48182767768429896,
            "brake": 0.0,
            "steer": 0.0
        },
        {
            "throttle": 0.4832348524050511,
            "brake": 0.0,
            "steer": 0.0
        },
        {
            "throttle": 0.48517845744340315,
            "brake": 0.0,
            "steer": 0.0
        },
        {
            "throttle": 0.48764153834323515,
            "brake": 0.0,
            "steer": 0.0
        },
        {
            "throttle": 0.4906026091971879,
            "brake": 0.0,
            "steer": 0.0
        },
        {
            "throttle": 0.49403584007020035,
            "brake": 0.0,
            "steer": 0.0
        },
        {
            "throttle": 0.4979112823167331,
            "brake": 0.0,
            "steer": 0.0
        },
        {
            "throttle": 0.5021951298261939,
            "brake": 0.0,
            "steer": 0.0
        },
        {
            "throttle": 0.45197561684357446,
            "brake": 0.031403748175843904,
            "steer": 0.0
        },
        {
            "throttle": 0.406778055159217,
            "brake": 0.05966712153410342,
            "steer": 0.0
        },
        {
            "throttle": 0.3661002496432953,
            "brake": 0.08510415755653698,
            "steer": 0.0
        },
        {
            "throttle": 0.32949022467896577,
            "brake": 0.10799748997672719,
            "steer": 0.0
        },
        {
            "throttle": 0.2965412022110692,
            "brake": 0.12860148915489839,
            "steer": 0.0
        },
        {
            "throttle": 0.3255689269137495,
            "brake": 0.11574134023940855,
            "steer": 0.0
        },
        {
            "throttle": 0.35237085724448425,
            "brake": 0.1041672062154677,
            "steer": 0.0
        },
        {
            "throttle": 0.3771269527292601,
            "brake": 0.09375048559392093,
            "steer": 0.0
        },
        {
            "throttle": 0.3999936433441453,
            "brake": 0.08437543703452885,
            "steer": 0.0
        },
        {
            "throttle": 0.4211066025202328,
            "brake": 0.07593789333107596,
            "steer": 0.0
        },
        {
            "throttle": 0.4405832874542959,
            "brake": 0.06834410399796836,
            "steer": 0.0
        },
        {
            "throttle": 0.45852526594132115,
            "brake": 0.06150969359817153,
            "steer": 0.0
        },
        {
            "throttle": 0.4750203466697211,
            "brake": 0.055358724238354376,
            "steer": 0.0
        },
        {
            "throttle": 0.49014452791064045,
            "brake": 0.04982285181451894,
            "steer": 0.0
        },
        {
            "throttle": 0.5039637777655168,
            "brake": 0.04484056663306705,
            "steer": 0.0
        },
        {
            "throttle": 0.5165356575891116,
            "brake": 0.04035650996976035,
            "steer": 0.0
        },
        {
            "throttle": 0.5279107988585732,
            "brake": 0.036320858972784316,
            "steer": 0.0
        },
        {
            "throttle": 0.5381342425943154,
            "brake": 0.032688773075505884,
            "steer": 0.0
        },
        {
            "throttle": 0.547246649438599,
            "brake": 0.029419895767955295,
            "steer": 0.0
        },
        {
            "throttle": 0.5552853876469951,
            "brake": 0.026477906191159764,
            "steer": 0.0
        },
        {
            "throttle": 0.5622855055318012,
            "brake": 0.02383011557204379,
            "steer": 0.0
        },
        {
            "throttle": 0.5682805943014494,
            "brake": 0.021447104014839413,
            "steer": 0.0
        },
        {
            "throttle": 0.5733035467533538,
            "brake": 0.01930239361335547,
            "steer": 0.0
        },
        {
            "throttle": 0.5773872168877215,
            "brake": 0.017372154252019927,
            "steer": 0.0
        },
        {
            "throttle": 0.5805649852055565,
            "brake": 0.015634938826817935,
            "steer": 0.0
        },
        {
            "throttle": 0.5828712342251077,
            "brake": 0.014071444944136141,
            "steer": 0.0
        },
        {
            "throttle": 0.5843417385876415,
            "brake": 0.012664300449722528,
            "steer": 0.0
        },
        {
            "throttle": 0.5850139740165874,
            "brake": 0.011397870404750276,
            "steer": 0.0
        },
        {
            "throttle": 0.5849273493352524,
            "brake": 0.010258083364275248,
            "steer": 0.0
        },
        {
            "throttle": 0.5841233657294469,
            "brake": 0.009232275027847724,
            "steer": 0.0
        },
        {
            "throttle": 0.58264570745499,
            "brake": 0.008309047525062951,
            "steer": 0.0
        },
        {
            "throttle": 0.5805402682291517,
            "brake": 0.007478142772556657,
            "steer": 0.0
        },
        {
            "throttle": 0.5778551176031016,
            "brake": 0.006730328495300991,
            "steer": 0.0
        },
        {
            "throttle": 0.5746404116832544,
            "brake": 0.006057295645770892,
            "steer": 0.0
        },
        {
            "throttle": 0.5709482526474028,
            "brake": 0.005451566081193803,
            "steer": 0.0
        },
        {
            "throttle": 0.5668325015814875,
            "brake": 0.004906409473074423,
            "steer": 0.0
        },
        {
            "throttle": 0.5623485492400077,
            "brake": 0.004415768525766981,
            "steer": 0.0
        },
        {
            "throttle": 0.5575530494030744,
            "brake": 0.003974191673190283,
            "steer": 0.0
        },
        {
            "throttle": 0.5525036195620577,
            "brake": 0.003576772505871255,
            "steer": 0.0
        },
        {
            "throttle": 0.5472585137101742,
            "brake": 0.0032190952552841293,
            "steer": 0.0
        },
        {
            "throttle": 0.5418762720411551,
            "brake": 0.0028971857297557164,
            "steer": 0.0
        },
        {
            "throttle": 0.5364153523656878,
            "brake": 0.002607467156780145,
            "steer": 0.0
        },
        {
            "throttle": 0.5309337480394027,
            "brake": 0.0023467204411021306,
            "steer": 0.0
        },
        {
            "throttle": 0.5254885971559835,
            "brake": 0.0021120483969919177,
            "steer": 0.0
        },
        {
            "throttle": 0.5201357876931043,
            "brake": 0.001900843557292726,
            "steer": 0.0
        },
        {
            "throttle": 0.5149295632063372,
            "brake": 0.0017107592015634535,
            "steer": 0.0
        },
        {
            "throttle": 0.509922133546314,
            "brake": 0.0015396832814071081,
            "steer": 0.0
        },
        {
            "throttle": 0.5051632949270424,
            "brake": 0.0013857149532663974,
            "steer": 0.0
        },
        {
            "throttle": 0.5007000634984865,
            "brake": 0.0012471434579397578,
            "steer": 0.0
        },
        {
            "throttle": 0.4965763263748366,
            "brake": 0.0011224291121457821,
            "steer": 0.0
        },
        {
            "throttle": 0.49283251384211746,
            "brake": 0.001010186200931204,
            "steer": 0.0
        },
        {
            "throttle": 0.4895052962160849,
            "brake": 0.0009091675808380836,
            "steer": 0.0
        },
        {
            "throttle": 0.4866273085451747,
            "brake": 0.0008182508227542753,
            "steer": 0.0
        },
        {
            "throttle": 0.4379645776906573,
            "brake": 0.032140173916322755,
            "steer": 0.0
        },
        {
            "throttle": 0.39416811992159156,
            "brake": 0.060329904700534384,
            "steer": 0.0
        },
        {
            "throttle": 0.35475130792943244,
            "brake": 0.08570066240632485,
            "steer": 0.0
        },
        {
            "throttle": 0.3192761771364892,
            "brake": 0.10853434434153626,
            "steer": 0.0
        },
        {
            "throttle": 0.28734855942284027,
            "brake": 0.12908465808322656,
            "steer": 0.0
        },
        {
            "throttle": 0.3068447808574118,
            "brake": 0.1161761922749039,
            "steer": 0.0
        },
        {
            "throttle": 0.32496500797860334,
            "brake": 0.10455857304741352,
            "steer": 0.0
        },
        {
            "throttle": 0.34189628538781974,
            "brake": 0.09410271574267216,
            "steer": 0.0
        },
        {
            "throttle": 0.35780151807130783,
            "brake": 0.08469244416840495,
            "steer": 0.0
        },
        {
            "throttle": 0.37282150145600795,
            "brake": 0.07622319975156445,
            "steer": 0.0
        },
        {
            "throttle": 0.38707679922031973,
            "brake": 0.06860087977640801,
            "steer": 0.0
        },
        {
            "throttle": 0.40066948699036414,
            "brake": 0.06174079179876721,
            "steer": 0.0
        }
    ],
    "parameters": {
        "fog_density": 76.07469412919892,
        "precipitation": 34.885965984545706,
        "precipitation_deposits": 35.86466084290622,
        "wind_intensity": 4.705916136445171,
        "sun_altitude_angle": 75.10730312182363,
        "cloudiness": 5.729840408192766,
        "lead_base_throttle": 0.5447297968245647,
        "lead_behavior_frequency": 0.14870124684742897,
        "lead_throttle_variation": 0.08559319552953859,
        "lead_brake_probability": 0.08643410957381205,
        "lead_brake_intensity": 0.31403748175843904,
        "lead_brake_duration": 5.74470852000618,
        "initial_distance": 77.39729045411067,
        "initial_ego_velocity": 18.338162381844842,
        "initial_lead_velocity": 14.526633163795143
    },
    "config": {
        "num_timesteps": 200,
        "dt": 0.1,
        "seed": 62
    }
}