{
    "weather": {
        "cloudiness": 33.641143186840885,
        "precipitation": 41.43984316289896,
        "precipitation_deposits": 68.84086009500514,
        "wind_intensity": 40.878744010035355,
        "sun_altitude_angle": -2.1406522218432045,
        "fog_density": 10.040248533446698,
        "fog_distance": 715.5706439942591,
        "wetness": 20.71992158144948
    },
    "initial_conditions": {
        "ego": {
            "position": {
                "x": 505.03587879182413,
                "y": 20.57,
                "z": 0.294
            },
            "yaw": 0.0,
            "velocity": 19.52354152033483
        },
        "lead": {
            "position": {
                "x": 484.88,
                "y": 20.57,
                "z": 0.294
            },
            "yaw": 0.0,
            "velocity": 23.58732379337325
        }
    },
    "ego": {
        "position": {
            "x": 505.03587879182413,
            "y": 20.57,
            "z": 0.294
        },
        "yaw": 0.0,
        "velocity": 19.52354152033483
    },
    "lead": {
        "position": {
            "x": 484.88,
            "y": 20.57,
            "z": 0.294
        },
        "yaw": 0.0,
        "velocity": 23.58732379337325
    },
    "ado_actions": [
        {
            "throttle": 0.354410738276429,
            "brake": 0.0,
            "steer": 0.0
        },
        {
            "throttle": 0.3586871481718831,
            "brake": 0.0,
            "steer": 0.0
        },
        {
            "throttle": 0.36676112088736074,
            "brake": 0.0,
            "steer": 0.0
        },
        {
            "throttle": 0.3781511011149981,
            "brake": 0.0,
            "steer": 0.0
        },
        {
            "throttle": 0.39237431508769927,
            "brake": 0.0,
            "steer": 0.0
        },
        {
            "throttle": 0.4089487025832581,
            "brake": 0.0,
            "steer": 0.0
        },
        {
            "throttle": 0.42739522526132606,
            "brake": 0.0,
            "steer": 0.0
        },
        {
            "throttle": 0.4472404852053172,
            "brake": 0.0,
            "steer": 0.0
        },
        {
            "throttle": 0.4680195876756945,
            "brake": 0.0,
            "steer": 0.0
        },
        {
            "throttle": 0.4892791826207636,
            "brake": 0.0,
            "steer": 0.0
        },
        {
            "throttle": 0.5105806204681471,
            "brake": 0.0,
            "steer": 0.0
        },
        {
            "throttle": 0.5315031591574589,
            "brake": 0.0,
            "steer": 0.0
        },
        {
            "throttle": 0.5516471612863074,
            "brake": 0.0,
            "steer": 0.0
        },
        {
            "throttle": 0.5706372226328015,
            "brake": 0.0,
            "steer": 0.0
        },
        {
            "throttle": 0.5881251761848305,
            "brake": 0.0,
            "steer": 0.0
        },
        {
            "throttle": 0.6037929191379332,
            "brake": 0.0,
            "steer": 0.0
        },
        {
            "throttle": 0.6173550141001312,
            "brake": 0.0,
            "steer": 0.0
        },
        {
            "throttle": 0.628561019936857,
            "brake": 0.0,
            "steer": 0.0
        },
        {
            "throttle": 0.637197512268403,
            "brake": 0.0,
            "steer": 0.0
        },
        {
            "throttle": 0.6430897585562263,
            "brake": 0.0,
            "steer": 0.0
        },
        {
            "throttle": 0.6461030179374339,
            "brake": 0.0,
            "steer": 0.0
        },
        {
            "throttle": 0.6461434414383738,
            "brake": 0.0,
            "steer": 0.0
        },
        {
            "throttle": 0.6431585538638269,
            "brake": 0.0,
            "steer": 0.0
        },
        {
            "throttle": 0.6371373044597701,
            "brake": 0.0,
            "steer": 0.0
        },
        {
            "throttle": 0.6281096793244103,
            "brake": 0.0,
            "steer": 0.0
        },
        {
            "throttle": 0.6161458744317163,
            "brake": 0.0,
            "steer": 0.0
        },
        {
            "throttle": 0.6013550339706155,
            "brake": 0.0,
            "steer": 0.0
        },
        {
            "throttle": 0.5838835644278836,
            "brake": 0.0,
            "steer": 0.0
        },
        {
            "throttle": 0.5639130403907524,
            "brake": 0.0,
            "steer": 0.0
        },
        {
            "throttle": 0.5416577233551749,
            "brake": 0.0,
            "steer": 0.0
        },
        {
            "throttle": 0.5173617198386008,
            "brake": 0.0,
            "steer": 0.0
        },
        {
            "throttle": 0.49129580975623044,
            "brake": 0.0,
            "steer": 0.0
        },
        {
            "throttle": 0.46375398027500825,
            "brake": 0.0,
            "steer": 0.0
        },
        {
            "throttle": 0.435049704162554,
            "brake": 0.0,
            "steer": 0.0
        },
        {
            "throttle": 0.40551200495634016,
            "brake": 0.0,
            "steer": 0.0
        },
        {
            "throttle": 0.3754813540548615,
            "brake": 0.0,
            "steer": 0.0
        },
        {
            "throttle": 0.34530544704654687,
            "brake": 0.0,
            "steer": 0.0
        },
        {
            "throttle": 0.31533490821946264,
            "brake": 0.0,
            "steer": 0.0
        },
        {
            "throttle": 0.28591897321797977,
            "brake": 0.0,
            "steer": 0.0
        },
        {
            "throttle": 0.25740120022108504,
            "brake": 0.0,
            "steer": 0.0
        },
        {
            "throttle": 0.23166108019897655,
            "brake": 0.0,
            "steer": 0.0
        },
        {
            "throttle": 0.2084949721790789,
            "brake": 0.0,
            "steer": 0.0
        },
        {
            "throttle": 0.187645474961171,
            "brake": 0.0,
            "steer": 0.0
        },
        {
            "throttle": 0.16888092746505393,
            "brake": 0.0,
            "steer": 0.0
        },
        {
            "throttle": 0.15199283471854855,
            "brake": 0.0,
            "steer": 0.0
        },
        {
            "throttle": 0.1367935512466937,
            "brake": 0.0,
            "steer": 0.0
        },
        {
            "throttle": 0.12311419612202434,
            "brake": 0.0,
            "steer": 0.0
        },
        {
            "throttle": 0.11080277650982191,
            "brake": 0.0,
            "steer": 0.0
        },
        {
            "throttle": 0.10164801234463032,
            "brake": 0.0,
            "steer": 0.0
        },
        {
            "throttle": 0.09148321111016729,
            "brake": 0.07110758392716797,
            "steer": 0.0
        },
        {
            "throttle": 0.08233488999915056,
            "brake": 0.13510440946161914,
            "steer": 0.0
        },
        {
            "throttle": 0.07410140099923551,
            "brake": 0.1927015524426252,
            "steer": 0.0
        },
        {
            "throttle": 0.06669126089931196,
            "brake": 0.24453898112553069,
            "steer": 0.0
        },
        {
            "throttle": 0.06002213480938077,
            "brake": 0.2911926669401456,
            "steer": 0.0
        },
        {
            "throttle": 0.054019921328442695,
            "brake": 0.33318098417329906,
            "steer": 0.0
        },
        {
            "throttle": 0.048617929195598424,
            "brake": 0.3709704696831371,
            "steer": 0.0
        },
        {
            "throttle": 0.04375613627603858,
            "brake": 0.4049810066419914,
            "steer": 0.0
        },
        {
            "throttle": 0.039380522648434724,
            "brake": 0.43559048990496024,
            "steer": 0.0
        },
        {
            "throttle": 0.03544247038359125,
            "brake": 0.4631390248416322,
            "steer": 0.0
        },
        {
            "throttle": 0.03189822334523213,
            "brake": 0.487932706284637,
            "steer": 0.0
        },
        {
            "throttle": 0.028708401010708918,
            "brake": 0.5102470195833413,
            "steer": 0.0
        },
        {
            "throttle": 0.025837560909638027,
            "brake": 0.5303299015521751,
            "steer": 0.0
        },
        {
            "throttle": 0.023253804818674225,
            "brake": 0.5484044953241255,
            "steer": 0.0
        },
        {
            "throttle": 0.020928424336806802,
            "brake": 0.564671629718881,
            "steer": 0.0
        },
        {
            "throttle": 0.018835581903126123,
            "brake": 0.5793120506741609,
            "steer": 0.0
        },
        {
            "throttle": 0.01695202371281351,
            "brake": 0.5924884295339128,
            "steer": 0.0
        },
        {
            "throttle": 0.015256821341532159,
            "brake": 0.6043471705076895,
            "steer": 0.0
        },
        {
            "throttle": 0.013731139207378944,
            "brake": 0.6150200373840885,
            "steer": 0.0
        },
        {
            "throttle": 0.01235802528664105,
            "brake": 0.6246256175728476,
            "steer": 0.0
        },
        {
            "throttle": 0.011122222757976944,
            "brake": 0.6332706397427309,
            "steer": 0.0
        },
        {
            "throttle": 0.01001000048217925,
            "brake": 0.6410511596956258,
            "steer": 0.0
        },
        {
            "throttle": 0.009009000433961325,
            "brake": 0.6480536276532312,
            "steer": 0.0
        },
        {
            "throttle": 0.008108100390565193,
            "brake": 0.654355848815076,
            "steer": 0.0
        },
        {
            "throttle": 0.08150459052090733,
            "brake": 0.5889202639335684,
            "steer": 0.0
        },
        {
            "throttle": 0.14674056246841938,
            "brake": 0.5300282375402117,
            "steer": 0.0
        },
        {
            "throttle": 0.2041777072053031,
            "brake": 0.4770254137861905,
            "steer": 0.0
        },
        {
            "throttle": 0.2541568163162528,
            "brake": 0.42932287240757144,
            "steer": 0.0
        },
        {
            "throttle": 0.2970051296508001,
            "brake": 0.3863905851668143,
            "steer": 0.0
        },
        {
            "throttle": 0.33304270241335887,
            "brake": 0.34775152665013287,
            "steer": 0.0
        },
        {
            "throttle": 0.3625878297340979,
            "brake": 0.31297637398511957,
            "steer": 0.0
        },
        {
            "throttle": 0.38596156662125136,
            "brake": 0.28167873658660764,
            "steer": 0.0
        },
        {
            "throttle": 0.34736540995912624,
            "brake": 0.3246184468551149,
            "steer": 0.0
        },
        {
            "throttle": 0.3126288689632136,
            "brake": 0.36326418609677136,
            "steer": 0.0
        },
        {
            "throttle": 0.2813659820668923,
            "brake": 0.3980453514142622,
            "steer": 0.0
        },
        {
            "throttle": 0.25322938386020305,
            "brake": 0.429348400200004,
            "steer": 0.0
        },
        {
            "throttle": 0.22790644547418276,
            "brake": 0.4575211441071716,
            "steer": 0.0
        },
        {
            "throttle": 0.20511580092676449,
            "brake": 0.48287661362362244,
            "steer": 0.0
        },
        {
            "throttle": 0.18460422083408803,
            "brake": 0.5056965361884281,
            "steer": 0.0
        },
        {
            "throttle": 0.16614379875067922,
            "brake": 0.5262344664967533,
            "steer": 0.0
        },
        {
            "throttle": 0.1495294188756113,
            "brake": 0.544718603774246,
            "steer": 0.0
        },
        {
            "throttle": 0.13457647698805017,
            "brake": 0.5613543273239894,
            "steer": 0.0
        },
        {
            "throttle": 0.12111882928924515,
            "brake": 0.5763264785187584,
            "steer": 0.0
        },
        {
            "throttle": 0.10900694636032064,
            "brake": 0.5898014145940506,
            "steer": 0.0
        },
        {
            "throttle": 0.09810625172428858,
            "brake": 0.6019288570618135,
            "steer": 0.0
        },
        {
            "throttle": 0.08829562655185973,
            "brake": 0.6128435552828002,
            "steer": 0.0
        },
        {
            "throttle": 0.07946606389667375,
            "brake": 0.6226667836816882,
            "steer": 0.0
        },
        {
            "throttle": 0.07151945750700638,
            "brake": 0.6315076892406873,
            "steer": 0.0
        },
        {
            "throttle": 0.06436751175630574,
            "brake": 0.6394645042437866,
            "steer": 0.0
        },
        {
            "throttle": 0.05793076058067517,
            "brake": 0.646625637746576,
            "steer": 0.0
        },
        {
            "throttle": 0.052137684522607655,
            "brake": 0.6530706578990864,
            "steer": 0.0
        },
        {
            "throttle": 0.04692391607034689,
            "brake": 0.6588711760363457,
            "steer": 0.0
        },
        {
            "throttle": 0.0422315244633122,
            "brake": 0.6640916423598792,
            "steer": 0.0
        },
        {
            "throttle": 0.038008372016980985,
            "brake": 0.6687900620510593,
            "steer": 0.0
        },
        {
            "throttle": 0.03420753481528289,
            "brake": 0.6730186397731214,
            "steer": 0.0
        },
        {
            "throttle": 0.0307867813337546,
            "brake": 0.6768243597229773,
            "steer": 0.0
        },
        {
            "throttle": 0.028799860458222165,
            "brake": 0.6091419237506795,
            "steer": 0.0
        },
        {
            "throttle": 0.029267171812728143,
            "brake": 0.5482277313756116,
            "steer": 0.0
        },
        {
            "throttle": 0.03232758570839922,
            "brake": 0.4934049582380505,
            "steer": 0.0
        },
        {
            "throttle": 0.038074475838406244,
            "brake": 0.4440644624142454,
            "steer": 0.0
        },
        {
            "throttle": 0.04655604587299665,
            "brake": 0.3996580161728209,
            "steer": 0.0
        },
        {
            "throttle": 0.05777605245818257,
            "brake": 0.3596922145555388,
            "steer": 0.0
        },
        {
            "throttle": 0.07169493040743169,
            "brake": 0.3237229930999849,
            "steer": 0.0
        },
        {
            "throttle": 0.08823131961515734,
            "brake": 0.29135069378998646,
            "steer": 0.0
        },
        {
            "throttle": 0.10726398711035955,
            "brake": 0.26221562441098784,
            "steer": 0.0
        },
        {
            "throttle": 0.1286341317671547,
            "brake": 0.23599406196988906,
            "steer": 0.0
        },
        {
            "throttle": 0.1521480535538099,
            "brake": 0.21239465577290015,
            "steer": 0.0
        },
        {
            "throttle": 0.17758016388904083,
            "brake": 0.19115519019561014,
            "steer": 0.0
        },
        {
            "throttle": 0.20467630873683187,
            "brake": 0.17203967117604912,
            "steer": 0.0
        },
        {
            "throttle": 0.23315737155852523,
            "brake": 0.1548357040584442,
            "steer": 0.0
        },
        {
            "throttle": 0.2627231191989189,
            "brake": 0.1393521336525998,
            "steer": 0.0
        },
        {
            "throttle": 0.2930562502523207,
            "brake": 0.12541692028733983,
            "steer": 0.0
        },
        {
            "throttle": 0.32382660247030415,
            "brake": 0.11287522825860585,
            "steer": 0.0
        },
        {
            "throttle": 0.3546954733648125,
            "brake": 0.10158770543274527,
            "steer": 0.0
        },
        {
            "throttle": 0.3853200063514954,
            "brake": 0.09142893488947075,
            "steer": 0.0
        },
        {
            "throttle": 0.4153575935853662,
            "brake": 0.08228604140052367,
            "steer": 0.0
        },
        {
            "throttle": 0.37382183422682963,
            "brake": 0.1451650211876393,
            "steer": 0.0
        },
        {
            "throttle": 0.3364396508041467,
            "brake": 0.20175610299604335,
            "steer": 0.0
        },
        {
            "throttle": 0.302795685723732,
            "brake": 0.252688076623607,
            "steer": 0.0
        },
        {
            "throttle": 0.2725161171513588,
            "brake": 0.29852685288841424,
            "steer": 0.0
        },
        {
            "throttle": 0.24526450543622294,
            "brake": 0.3397817515267408,
            "steer": 0.0
        },
        {
            "throttle": 0.22073805489260065,
            "brake": 0.37691116030123467,
            "steer": 0.0
        },
        {
            "throttle": 0.1986642494033406,
            "brake": 0.41032762819827917,
            "steer": 0.0
        },
        {
            "throttle": 0.17879782446300654,
            "brake": 0.4404024493056192,
            "steer": 0.0
        },
        {
            "throttle": 0.1609180420167059,
            "brake": 0.4674697883022253,
            "steer": 0.0
        },
        {
            "throttle": 0.1448262378150353,
            "brake": 0.4918303933991708,
            "steer": 0.0
        },
        {
            "throttle": 0.13034361403353178,
            "brake": 0.5137549379864217,
            "steer": 0.0
        },
        {
            "throttle": 0.1173092526301786,
            "brake": 0.5334870281149475,
            "steer": 0.0
        },
        {
            "throttle": 0.10557832736716075,
            "brake": 0.5512459092306208,
            "steer": 0.0
        },
        {
            "throttle": 0.09502049463044468,
            "brake": 0.5672289022347267,
            "steer": 0.0
        },
        {
            "throttle": 0.08551844516740022,
            "brake": 0.581613595938422,
            "steer": 0.0
        },
        {
            "throttle": 0.0769666006506602,
            "brake": 0.5945598202717478,
            "steer": 0.0
        },
        {
            "throttle": 0.06926994058559419,
            "brake": 0.6062114221717411,
            "steer": 0.0
        },
        {
            "throttle": 0.062342946527034766,
            "brake": 0.616697863881735,
            "steer": 0.0
        },
        {
            "throttle": 0.05610865187433129,
            "brake": 0.6261356614207295,
            "steer": 0.0
        },
        {
            "throttle": 0.05049778668689816,
            "brake": 0.6346296792058246,
            "steer": 0.0
        },
        {
            "throttle": 0.04544800801820834,
            "brake": 0.6422742952124101,
            "steer": 0.0
        },
        {
            "throttle": 0.04090320721638751,
            "brake": 0.6491544496183371,
            "steer": 0.0
        },
        {
            "throttle": 0.03681288649474876,
            "brake": 0.6553465885836715,
            "steer": 0.0
        },
        {
            "throttle": 0.033131597845273884,
            "brake": 0.6609195136524723,
            "steer": 0.0
        },
        {
            "throttle": 0.04300909446103385,
            "brake": 0.594827562287225,
            "steer": 0.0
        },
        {
            "throttle": 0.04851391888341493,
            "brake": 0.5353448060585025,
            "steer": 0.0
        },
        {
            "throttle": 0.05039029801329502,
            "brake": 0.4818103254526523,
            "steer": 0.0
        },
        {
            "throttle": 0.04934489184327991,
            "brake": 0.43362929290738705,
            "steer": 0.0
        },
        {
            "throttle": 0.046046433273727774,
            "brake": 0.39026636361664835,
            "steer": 0.0
        },
        {
            "throttle": 0.041441789946355,
            "brake": 0.35123972725498354,
            "steer": 0.0
        },
        {
            "throttle": 0.037297610951719504,
            "brake": 0.3161157545294852,
            "steer": 0.0
        },
        {
            "throttle": 0.03356784985654755,
            "brake": 0.2845041790765367,
            "steer": 0.0
        },
        {
            "throttle": 0.030211064870892798,
            "brake": 0.256053761168883,
            "steer": 0.0
        },
        {
            "throttle": 0.02718995838380352,
            "brake": 0.23044838505199472,
            "steer": 0.0
        },
        {
            "throttle": 0.024470962545423167,
            "brake": 0.20740354654679524,
            "steer": 0.0
        },
        {
            "throttle": 0.02202386629088085,
            "brake": 0.18666319189211572,
            "steer": 0.0
        },
        {
            "throttle": 0.019821479661792766,
            "brake": 0.16799687270290414,
            "steer": 0.0
        },
        {
            "throttle": 0.01816018249829297,
            "brake": 0.15119718543261373,
            "steer": 0.0
        },
        {
            "throttle": 0.018762792824572348,
            "brake": 0.13607746688935238,
            "steer": 0.0
        },
        {
            "throttle": 0.02179833338311559,
            "brake": 0.12246972020041715,
            "steer": 0.0
        },
        {
            "throttle": 0.02738907096368578,
            "brake": 0.11022274818037543,
            "steer": 0.0
        },
        {
            "throttle": 0.0246501638673172,
            "brake": 0.17030805728950588,
            "steer": 0.0
        },
        {
            "throttle": 0.02218514748058548,
            "brake": 0.22438483548772326,
            "steer": 0.0
        },
        {
            "throttle": 0.019966632732526933,
            "brake": 0.2730539358661189,
            "steer": 0.0
        },
        {
            "throttle": 0.01796996945927424,
            "brake": 0.316856126206675,
            "steer": 0.0
        },
        {
            "throttle": 0.016172972513346817,
            "brake": 0.3562780975131755,
            "steer": 0.0
        },
        {
            "throttle": 0.014555675262012137,
            "brake": 0.391757871689026,
            "steer": 0.0
        },
        {
            "throttle": 0.013100107735810922,
            "brake": 0.4236896684472914,
            "steer": 0.0
        },
        {
            "throttle": 0.01179009696222983,
            "brake": 0.45242828552973025,
            "steer": 0.0
        },
        {
            "throttle": 0.010611087266006848,
            "brake": 0.4782930409039252,
            "steer": 0.0
        },
        {
            "throttle": 0.009549978539406164,
            "brake": 0.5015713207407007,
            "steer": 0.0
        },
        {
            "throttle": 0.008594980685465547,
            "brake": 0.5225217725937985,
            "steer": 0.0
        },
        {
            "throttle": 0.007735482616918993,
            "brake": 0.5413771792615866,
            "steer": 0.0
        },
        {
            "throttle": 0.006961934355227094,
            "brake": 0.5583470452625959,
            "steer": 0.0
        },
        {
            "throttle": 0.006265740919704384,
            "brake": 0.5736199246635043,
            "steer": 0.0
        },
        {
            "throttle": 0.005639166827733946,
            "brake": 0.5873655161243219,
            "steer": 0.0
        },
        {
            "throttle": 0.005075250144960551,
            "brake": 0.5997365484390577,
            "steer": 0.0
        },
        {
            "throttle": 0.004567725130464496,
            "brake": 0.6108704775223199,
            "steer": 0.0
        },
        {
            "throttle": 0.0041109526174180466,
            "brake": 0.620891013697256,
            "steer": 0.0
        },
        {
            "throttle": 0.003699857355676242,
            "brake": 0.6299094962546984,
            "steer": 0.0
        },
        {
            "throttle": 0.003329871620108618,
            "brake": 0.6380261305563966,
            "steer": 0.0
        },
        {
            "throttle": 0.0029968844580977563,
            "brake": 0.6453311014279249,
            "steer": 0.0
        },
        {
            "throttle": 0.0026971960122879808,
            "brake": 0.6519055752123004,
            "steer": 0.0
        },
        {
            "throttle": 0.002427476411059183,
            "brake": 0.6578226016182384,
            "steer": 0.0
        },
        {
            "throttle": 0.0021847287699532647,
            "brake": 0.6631479253835825,
            "steer": 0.0
        },
        {
            "throttle": 0.07373970282479801,
            "brake": 0.5968331328452242,
            "steer": 0.0
        },
        {
            "throttle": 0.13633146302345678,
            "brake": 0.5371498195607018,
            "steer": 0.0
        },
        {
            "throttle": 0.1904429296564772,
            "brake": 0.4834348376046317,
            "steer": 0.0
        },
        {
            "throttle": 0.23653532683060324,
            "brake": 0.4350913538441685,
            "steer": 0.0
        },
        {
            "throttle": 0.27505498372521836,
            "brake": 0.39158221845975166,
            "steer": 0.0
        },
        {
            "throttle": 0.30643908180267493,
            "brake": 0.3524239966137765,
            "steer": 0.0
        },
        {
            "throttle": 0.33112040239486035,
            "brake": 0.31718159695239884,
            "steer": 0.0
        },
        {
            "throttle": 0.34953112873393194,
            "brake": 0.28546343725715895,
            "steer": 0.0
        },
        {
            "throttle": 0.3621057567257273,
            "brake": 0.25691709353144304,
            "steer": 0.0
        },
        {
            "throttle": 0.3692831694539095,
            "brake": 0.23122538417829874,
            "steer": 0.0
        }
    ],
    "parameters": {
        "fog_density": 10.040248533446698,
        "precipitation": 41.43984316289896,
        "precipitation_deposits": 68.84086009500514,
        "wind_intensity": 40.878744010035355,
        "sun_altitude_angle": -2.1406522218432045,
        "cloudiness": 33.641143186840885,
        "lead_base_throttle": 0.354410738276429,
        "lead_behavior_frequency": 0.17424413762854551,
        "lead_throttle_variation": 0.391389534048678,
        "lead_brake_probability": 0.1333203194565182,
        "lead_brake_intensity": 0.7110758392716796,
        "lead_brake_duration": 24.863838095649697,
        "initial_distance": 20.15587879182413,
        "initial_ego_velocity": 19.52354152033483,
        "initial_lead_velocity": 23.58732379337325
    },
    "config": {
        "num_timesteps": 200,
        "dt": 0.1,
        "seed": 49
    }
}