{
    "weather": {
        "cloudiness": 24.52327573752694,
        "precipitation": 22.651468569423628,
        "precipitation_deposits": 50.71594462781697,
        "wind_intensity": 13.63819130372153,
        "sun_altitude_angle": 7.541709954772891,
        "fog_density": 24.997107119444895,
        "fog_distance": 434.6401185512807,
        "wetness": 11.325734284711814
    },
    "initial_conditions": {
        "ego": {
            "position": {
                "x": 526.4962714291497,
                "y": 20.57,
                "z": 0.294
            },
            "yaw": 0.0,
            "velocity": 16.36403381653156
        },
        "lead": {
            "position": {
                "x": 484.88,
                "y": 20.57,
                "z": 0.294
            },
            "yaw": 0.0,
            "velocity": 19.025550392196315
        }
    },
    "ego": {
        "position": {
            "x": 526.4962714291497,
            "y": 20.57,
            "z": 0.294
        },
        "yaw": 0.0,
        "velocity": 16.36403381653156
    },
    "lead": {
        "position": {
            "x": 484.88,
            "y": 20.57,
            "z": 0.294
        },
        "yaw": 0.0,
        "velocity": 19.025550392196315
    },
    "ado_actions": [
        {
            "throttle": 0.2871283675728766,
            "brake": 0.0,
            "steer": 0.0
        },
        {
            "throttle": 0.28841008749125824,
            "brake": 0.0,
            "steer": 0.0
        },
        {
            "throttle": 0.29080779834217424,
            "brake": 0.0,
            "steer": 0.0
        },
        {
            "throttle": 0.2941358875404745,
            "brake": 0.0,
            "steer": 0.0
        },
        {
            "throttle": 0.29819301600711007,
            "brake": 0.0,
            "steer": 0.0
        },
        {
            "throttle": 0.302766864264707,
            "brake": 0.0,
            "steer": 0.0
        },
        {
            "throttle": 0.30763931563588115,
            "brake": 0.0,
            "steer": 0.0
        },
        {
            "throttle": 0.31259191313058804,
            "brake": 0.0,
            "steer": 0.0
        },
        {
            "throttle": 0.31741141974270626,
            "brake": 0.0,
            "steer": 0.0
        },
        {
            "throttle": 0.32189530988414544,
            "brake": 0.0,
            "steer": 0.0
        },
        {
            "throttle": 0.3258570226369535,
            "brake": 0.0,
            "steer": 0.0
        },
        {
            "throttle": 0.32913081532405053,
            "brake": 0.0,
            "steer": 0.0
        },
        {
            "throttle": 0.3315760683675349,
            "brake": 0.0,
            "steer": 0.0
        },
        {
            "throttle": 0.3330809091630524,
            "brake": 0.0,
            "steer": 0.0
        },
        {
            "throttle": 0.33356504326597336,
            "brake": 0.0,
            "steer": 0.0
        },
        {
            "throttle": 0.33298170496423285,
            "brake": 0.0,
            "steer": 0.0
        },
        {
            "throttle": 0.3313186656130119,
            "brake": 0.0,
            "steer": 0.0
        },
        {
            "throttle": 0.3285982661628342,
            "brake": 0.0,
            "steer": 0.0
        },
        {
            "throttle": 0.3248764693079845,
            "brake": 0.0,
            "steer": 0.0
        },
        {
            "throttle": 0.3202409557712611,
            "brake": 0.0,
            "steer": 0.0
        },
        {
            "throttle": 0.3148083175756203,
            "brake": 0.0,
            "steer": 0.0
        },
        {
            "throttle": 0.30872042790659726,
            "brake": 0.0,
            "steer": 0.0
        },
        {
            "throttle": 0.30214009156084903,
            "brake": 0.0,
            "steer": 0.0
        },
        {
            "throttle": 0.29524610129395246,
            "brake": 0.0,
            "steer": 0.0
        },
        {
            "throttle": 0.28822784300270504,
            "brake": 0.0,
            "steer": 0.0
        },
        {
            "throttle": 0.2812796060896175,
            "brake": 0.0,
            "steer": 0.0
        },
        {
            "throttle": 0.27459476416919104,
            "brake": 0.0,
            "steer": 0.0
        },
        {
            "throttle": 0.26835999523064535,
            "brake": 0.0,
            "steer": 0.0
        },
        {
            "throttle": 0.2627497093558567,
            "brake": 0.0,
            "steer": 0.0
        },
        {
            "throttle": 0.2579208461356941,
            "brake": 0.0,
            "steer": 0.0
        },
        {
            "throttle": 0.2540081932086289,
            "brake": 0.0,
            "steer": 0.0
        },
        {
            "throttle": 0.25112036217778877,
            "brake": 0.0,
            "steer": 0.0
        },
        {
            "throttle": 0.24933653899212277,
            "brake": 0.0,
            "steer": 0.0
        },
        {
            "throttle": 0.2487041032667838,
            "brake": 0.0,
            "steer": 0.0
        },
        {
            "throttle": 0.2492371856306872,
            "brake": 0.0,
            "steer": 0.0
        },
        {
            "throttle": 0.2509162047701822,
            "brake": 0.0,
            "steer": 0.0
        },
        {
            "throttle": 0.25368839719105973,
            "brake": 0.0,
            "steer": 0.0
        },
        {
            "throttle": 0.25746932368679243,
            "brake": 0.0,
            "steer": 0.0
        },
        {
            "throttle": 0.26214530793033003,
            "brake": 0.0,
            "steer": 0.0
        },
        {
            "throttle": 0.2675767353376697,
            "brake": 0.0,
            "steer": 0.0
        },
        {
            "throttle": 0.2736021151833241,
            "brake": 0.0,
            "steer": 0.0
        },
        {
            "throttle": 0.2800427866186282,
            "brake": 0.0,
            "steer": 0.0
        },
        {
            "throttle": 0.28670813040824855,
            "brake": 0.0,
            "steer": 0.0
        },
        {
            "throttle": 0.2934011334105678,
            "brake": 0.0,
            "steer": 0.0
        },
        {
            "throttle": 0.2999241425174889,
            "brake": 0.0,
            "steer": 0.0
        },
        {
            "throttle": 0.30608463924105195,
            "brake": 0.0,
            "steer": 0.0
        },
        {
            "throttle": 0.3117008655503083,
            "brake": 0.0,
            "steer": 0.0
        },
        {
            "throttle": 0.31660713593951506,
            "brake": 0.0,
            "steer": 0.0
        },
        {
            "throttle": 0.32065867991981895,
            "brake": 0.0,
            "steer": 0.0
        },
        {
            "throttle": 0.32373587290149064,
            "brake": 0.0,
            "steer": 0.0
        },
        {
            "throttle": 0.32574773136897844,
            "brake": 0.0,
            "steer": 0.0
        },
        {
            "throttle": 0.3266345698211927,
            "brake": 0.0,
            "steer": 0.0
        },
        {
            "throttle": 0.3263697415225993,
            "brake": 0.0,
            "steer": 0.0
        },
        {
            "throttle": 0.3249604119669699,
            "brake": 0.0,
            "steer": 0.0
        },
        {
            "throttle": 0.32244734230818073,
            "brake": 0.0,
            "steer": 0.0
        },
        {
            "throttle": 0.3189036890305794,
            "brake": 0.0,
            "steer": 0.0
        },
        {
            "throttle": 0.31443285496495715,
            "brake": 0.0,
            "steer": 0.0
        },
        {
            "throttle": 0.3091654545602661,
            "brake": 0.0,
            "steer": 0.0
        },
        {
            "throttle": 0.3032554822812727,
            "brake": 0.0,
            "steer": 0.0
        },
        {
            "throttle": 0.2968757963577125,
            "brake": 0.0,
            "steer": 0.0
        },
        {
            "throttle": 0.29021305017692006,
            "brake": 0.0,
            "steer": 0.0
        },
        {
            "throttle": 0.2834622198014065,
            "brake": 0.0,
            "steer": 0.0
        },
        {
            "throttle": 0.276820887931118,
            "brake": 0.0,
            "steer": 0.0
        },
        {
            "throttle": 0.2704834517702817,
            "brake": 0.0,
            "steer": 0.0
        },
        {
            "throttle": 0.26463542449165833,
            "brake": 0.0,
            "steer": 0.0
        },
        {
            "throttle": 0.25944799725126644,
            "brake": 0.0,
            "steer": 0.0
        },
        {
            "throttle": 0.2550730210745485,
            "brake": 0.0,
            "steer": 0.0
        },
        {
            "throttle": 0.25163855563416526,
            "brake": 0.0,
            "steer": 0.0
        },
        {
            "throttle": 0.24924511533060306,
            "brake": 0.0,
            "steer": 0.0
        },
        {
            "throttle": 0.24796272265625785,
            "brake": 0.0,
            "steer": 0.0
        },
        {
            "throttle": 0.24782885517029513,
            "brake": 0.0,
            "steer": 0.0
        },
        {
            "throttle": 0.24884734622848642,
            "brake": 0.0,
            "steer": 0.0
        },
        {
            "throttle": 0.2509882716666284,
            "brake": 0.0,
            "steer": 0.0
        },
        {
            "throttle": 0.25418882574693363,
            "brake": 0.0,
            "steer": 0.0
        },
        {
            "throttle": 0.25835516069047193,
            "brake": 0.0,
            "steer": 0.0
        },
        {
            "throttle": 0.2633651358847061,
            "brake": 0.0,
            "steer": 0.0
        },
        {
            "throttle": 0.26907189620073313,
            "brake": 0.0,
            "steer": 0.0
        },
        {
            "throttle": 0.275308174561047,
            "brake": 0.0,
            "steer": 0.0
        },
        {
            "throttle": 0.28189119267735463,
            "brake": 0.0,
            "steer": 0.0
        },
        {
            "throttle": 0.28862801635102847,
            "brake": 0.0,
            "steer": 0.0
        },
        {
            "throttle": 0.2953212084097587,
            "brake": 0.0,
            "steer": 0.0
        },
        {
            "throttle": 0.3017746136331504,
            "brake": 0.0,
            "steer": 0.0
        },
        {
            "throttle": 0.3077991061529404,
            "brake": 0.0,
            "steer": 0.0
        },
        {
            "throttle": 0.31321813091350614,
            "brake": 0.0,
            "steer": 0.0
        },
        {
            "throttle": 0.3178728768131736,
            "brake": 0.0,
            "steer": 0.0
        },
        {
            "throttle": 0.3216269299396775,
            "brake": 0.0,
            "steer": 0.0
        },
        {
            "throttle": 0.3243702705477334,
            "brake": 0.0,
            "steer": 0.0
        },
        {
            "throttle": 0.3260224966566497,
            "brake": 0.0,
            "steer": 0.0
        },
        {
            "throttle": 0.29342024699098473,
            "brake": 0.06201445584676614,
            "steer": 0.0
        },
        {
            "throttle": 0.26407822229188627,
            "brake": 0.11782746610885567,
            "steer": 0.0
        },
        {
            "throttle": 0.23767040006269766,
            "brake": 0.16805917534473624,
            "steer": 0.0
        },
        {
            "throttle": 0.2139033600564279,
            "brake": 0.2132677136570288,
            "steer": 0.0
        },
        {
            "throttle": 0.19251302405078513,
            "brake": 0.25395539813809204,
            "steer": 0.0
        },
        {
            "throttle": 0.17326172164570663,
            "brake": 0.29057431417104895,
            "steer": 0.0
        },
        {
            "throttle": 0.15593554948113597,
            "brake": 0.3235313386007102,
            "steer": 0.0
        },
        {
            "throttle": 0.14034199453302237,
            "brake": 0.35319266058740534,
            "steer": 0.0
        },
        {
            "throttle": 0.12630779507972015,
            "brake": 0.37988785037543094,
            "steer": 0.0
        },
        {
            "throttle": 0.11367701557174814,
            "brake": 0.40391352118465396,
            "steer": 0.0
        },
        {
            "throttle": 0.10230931401457333,
            "brake": 0.4255366249129547,
            "steer": 0.0
        },
        {
            "throttle": 0.092078382613116,
            "brake": 0.44499741826842537,
            "steer": 0.0
        },
        {
            "throttle": 0.08287054435180441,
            "brake": 0.462512132288349,
            "steer": 0.0
        },
        {
            "throttle": 0.07458348991662397,
            "brake": 0.4782753749062802,
            "steer": 0.0
        },
        {
            "throttle": 0.06712514092496158,
            "brake": 0.4924622932624183,
            "steer": 0.0
        },
        {
            "throttle": 0.06041262683246542,
            "brake": 0.5052305197829426,
            "steer": 0.0
        },
        {
            "throttle": 0.05437136414921888,
            "brake": 0.5167219236514146,
            "steer": 0.0
        },
        {
            "throttle": 0.048934227734296995,
            "brake": 0.5270641871330393,
            "steer": 0.0
        },
        {
            "throttle": 0.0440408049608673,
            "brake": 0.5363722242665016,
            "steer": 0.0
        },
        {
            "throttle": 0.039636724464780566,
            "brake": 0.5447494576866175,
            "steer": 0.0
        },
        {
            "throttle": 0.03567305201830251,
            "brake": 0.5522889677647219,
            "steer": 0.0
        },
        {
            "throttle": 0.05956003703884398,
            "brake": 0.4970600709882497,
            "steer": 0.0
        },
        {
            "throttle": 0.08234038167162303,
            "brake": 0.4473540638894248,
            "steer": 0.0
        },
        {
            "throttle": 0.10412406101843902,
            "brake": 0.4026186575004823,
            "steer": 0.0
        },
        {
            "throttle": 0.12497250595432716,
            "brake": 0.3623567917504341,
            "steer": 0.0
        },
        {
            "throttle": 0.1449045779324581,
            "brake": 0.3261211125753907,
            "steer": 0.0
        },
        {
            "throttle": 0.16390301367404753,
            "brake": 0.2935090013178517,
            "steer": 0.0
        },
        {
            "throttle": 0.1819212286493278,
            "brake": 0.26415810118606653,
            "steer": 0.0
        },
        {
            "throttle": 0.19889034996747346,
            "brake": 0.2377422910674599,
            "steer": 0.0
        },
        {
            "throttle": 0.21472633557385606,
            "brake": 0.2139680619607139,
            "steer": 0.0
        },
        {
            "throttle": 0.22933702782639223,
            "brake": 0.1925712557646425,
            "steer": 0.0
        },
        {
            "throttle": 0.24262898577770511,
            "brake": 0.17331413018817826,
            "steer": 0.0
        },
        {
            "throttle": 0.25451394187310716,
            "brake": 0.15598271716936044,
            "steer": 0.0
        },
        {
            "throttle": 0.2649147351888162,
            "brake": 0.1403844454524244,
            "steer": 0.0
        },
        {
            "throttle": 0.27377058454137415,
            "brake": 0.12634600090718195,
            "steer": 0.0
        },
        {
            "throttle": 0.281041580423662,
            "brake": 0.11371140081646376,
            "steer": 0.0
        },
        {
            "throttle": 0.28671229426605027,
            "brake": 0.10234026073481739,
            "steer": 0.0
        },
        {
            "throttle": 0.2907944263732511,
            "brake": 0.09210623466133565,
            "steer": 0.0
        },
        {
            "throttle": 0.2933284393452659,
            "brake": 0.08289561119520208,
            "steer": 0.0
        },
        {
            "throttle": 0.294384151078366,
            "brake": 0.07460605007568188,
            "steer": 0.0
        },
        {
            "throttle": 0.2940602897326098,
            "brake": 0.0671454450681137,
            "steer": 0.0
        },
        {
            "throttle": 0.2924830414926241,
            "brake": 0.06043090056130233,
            "steer": 0.0
        },
        {
            "throttle": 0.289803649682941,
            "brake": 0.05438781050517209,
            "steer": 0.0
        },
        {
            "throttle": 0.2861951499956416,
            "brake": 0.04894902945465489,
            "steer": 0.0
        },
        {
            "throttle": 0.2818483504610289,
            "brake": 0.0440541265091894,
            "steer": 0.0
        },
        {
            "throttle": 0.27696718562598105,
            "brake": 0.03964871385827046,
            "steer": 0.0
        },
        {
            "throttle": 0.27176359157466223,
            "brake": 0.03568384247244341,
            "steer": 0.0
        },
        {
            "throttle": 0.2664520614162885,
            "brake": 0.032115458225199074,
            "steer": 0.0
        },
        {
            "throttle": 0.2612440492823706,
            "brake": 0.028903912402679168,
            "steer": 0.0
        },
        {
            "throttle": 0.25634239446411716,
            "brake": 0.026013521162411252,
            "steer": 0.0
        },
        {
            "throttle": 0.25193593596489106,
            "brake": 0.023412169046170127,
            "steer": 0.0
        },
        {
            "throttle": 0.2481944814739821,
            "brake": 0.021070952141553113,
            "steer": 0.0
        },
        {
            "throttle": 0.24526428376252407,
            "brake": 0.018963856927397802,
            "steer": 0.0
        },
        {
            "throttle": 0.2432641620757303,
            "brake": 0.017067471234658023,
            "steer": 0.0
        },
        {
            "throttle": 0.2422823866935815,
            "brake": 0.015360724111192221,
            "steer": 0.0
        },
        {
            "throttle": 0.24237442201761017,
            "brake": 0.013824651700073,
            "steer": 0.0
        },
        {
            "throttle": 0.24356159797797372,
            "brake": 0.0124421865300657,
            "steer": 0.0
        },
        {
            "throttle": 0.24583075198713583,
            "brake": 0.011197967877059132,
            "steer": 0.0
        },
        {
            "throttle": 0.2491348548979046,
            "brake": 0.010078171089353218,
            "steer": 0.0
        },
        {
            "throttle": 0.2533946052936267,
            "brake": 0.009070353980417896,
            "steer": 0.0
        },
        {
            "throttle": 0.25850094779727506,
            "brake": 0.008163318582376107,
            "steer": 0.0
        },
        {
            "throttle": 0.2643184437702727,
            "brake": 0.007346986724138496,
            "steer": 0.0
        },
        {
            "throttle": 0.27068939757890476,
            "brake": 0.006612288051724647,
            "steer": 0.0
        },
        {
            "throttle": 0.27743861927189234,
            "brake": 0.005951059246552182,
            "steer": 0.0
        },
        {
            "throttle": 0.2843786856894071,
            "brake": 0.005355953321896964,
            "steer": 0.0
        },
        {
            "throttle": 0.29131554726111486,
            "brake": 0.0048203579897072675,
            "steer": 0.0
        },
        {
            "throttle": 0.29805431747956945,
            "brake": 0.004338322190736541,
            "steer": 0.0
        },
        {
            "throttle": 0.3044050765548336,
            "brake": 0.0039044899716628866,
            "steer": 0.0
        },
        {
            "throttle": 0.310188520225744,
            "brake": 0.003514040974496598,
            "steer": 0.0
        },
        {
            "throttle": 0.31524128913703564,
            "brake": 0.003162636877046938,
            "steer": 0.0
        },
        {
            "throttle": 0.3194208234585247,
            "brake": 0.0028463731893422443,
            "steer": 0.0
        },
        {
            "throttle": 0.3226096012501429,
            "brake": 0.00256173587040802,
            "steer": 0.0
        },
        {
            "throttle": 0.32471863705871595,
            "brake": 0.002305562283367218,
            "steer": 0.0
        },
        {
            "throttle": 0.32569013884123027,
            "brake": 0.002075006055030496,
            "steer": 0.0
        },
        {
            "throttle": 0.32549924591099977,
            "brake": 0.0018675054495274465,
            "steer": 0.0
        },
        {
            "throttle": 0.32415479747607506,
            "brake": 0.0016807549045747018,
            "steer": 0.0
        },
        {
            "throttle": 0.3216991096953796,
            "brake": 0.0015126794141172317,
            "steer": 0.0
        },
        {
            "throttle": 0.3182067681859799,
            "brake": 0.0013614114727055085,
            "steer": 0.0
        },
        {
            "throttle": 0.3137824717241045,
            "brake": 0.0012252703254349577,
            "steer": 0.0
        },
        {
            "throttle": 0.3085579906484126,
            "brake": 0.001102743292891462,
            "steer": 0.0
        },
        {
            "throttle": 0.3026883293825773,
            "brake": 0.0009924689636023158,
            "steer": 0.0
        },
        {
            "throttle": 0.29634720578595447,
            "brake": 0.0008932220672420842,
            "steer": 0.0
        },
        {
            "throttle": 0.28972198003314403,
            "brake": 0.0008038998605178759,
            "steer": 0.0
        },
        {
            "throttle": 0.28300818182950765,
            "brake": 0.0007235098744660883,
            "steer": 0.0
        },
        {
            "throttle": 0.2764037965179851,
            "brake": 0.0006511588870194794,
            "steer": 0.0
        },
        {
            "throttle": 0.27010347767835885,
            "brake": 0.0005860429983175316,
            "steer": 0.0
        },
        {
            "throttle": 0.2642928559567903,
            "brake": 0.0005274386984857784,
            "steer": 0.0
        },
        {
            "throttle": 0.25914311102818194,
            "brake": 0.0004746948286372006,
            "steer": 0.0
        },
        {
            "throttle": 0.2548059658696256,
            "brake": 0.00042722534577348053,
            "steer": 0.0
        },
        {
            "throttle": 0.25140925013604926,
            "brake": 0.0003845028111961325,
            "steer": 0.0
        },
        {
            "throttle": 0.24905316274200873,
            "brake": 0.00034605253007651926,
            "steer": 0.0
        },
        {
            "throttle": 0.24780734325522846,
            "brake": 0.0003114472770688673,
            "steer": 0.0
        },
        {
            "throttle": 0.24770883799850157,
            "brake": 0.0002803025493619806,
            "steer": 0.0
        },
        {
            "throttle": 0.24876102053154067,
            "brake": 0.0002522722944257826,
            "steer": 0.0
        },
        {
            "throttle": 0.2509334982116765,
            "brake": 0.00022704506498320433,
            "steer": 0.0
        },
        {
            "throttle": 0.25416300763150845,
            "brake": 0.0002043405584848839,
            "steer": 0.0
        },
        {
            "throttle": 0.2583552727494949,
            "brake": 0.00018390650263639552,
            "steer": 0.0
        },
        {
            "throttle": 0.26338777131520336,
            "brake": 0.00016551585237275596,
            "steer": 0.0
        },
        {
            "throttle": 0.269113328571192,
            "brake": 0.00014896426713548037,
            "steer": 0.0
        },
        {
            "throttle": 0.2753644329682257,
            "brake": 0.00013406784042193233,
            "steer": 0.0
        },
        {
            "throttle": 0.2819581474701286,
            "brake": 0.0001206610563797391,
            "steer": 0.0
        },
        {
            "throttle": 0.28870147256903944,
            "brake": 0.00010859495074176519,
            "steer": 0.0
        },
        {
            "throttle": 0.2953970038926076,
            "brake": 9.773545566758868e-05,
            "steer": 0.0
        },
        {
            "throttle": 0.30184871864965057,
            "brake": 8.796191010082982e-05,
            "steer": 0.0
        },
        {
            "throttle": 0.307867721382975,
            "brake": 7.916571909074683e-05,
            "steer": 0.0
        },
        {
            "throttle": 0.31327778068811835,
            "brake": 7.124914718167215e-05,
            "steer": 0.0
        },
        {
            "throttle": 0.3179204946797907,
            "brake": 6.412423246350493e-05,
            "steer": 0.0
        },
        {
            "throttle": 0.32165993386435743,
            "brake": 5.771180921715444e-05,
            "steer": 0.0
        },
        {
            "throttle": 0.3243866253880663,
            "brake": 5.1940628295439e-05,
            "steer": 0.0
        },
        {
            "throttle": 0.32602076192822105,
            "brake": 4.67465654658951e-05,
            "steer": 0.0
        },
        {
            "throttle": 0.3265145412126634,
            "brake": 4.207190891930559e-05,
            "steer": 0.0
        },
        {
            "throttle": 0.32585356762603956,
            "brake": 3.786471802737503e-05,
            "steer": 0.0
        }
    ],
    "parameters": {
        "fog_density": 24.997107119444895,
        "precipitation": 22.651468569423628,
        "precipitation_deposits": 50.71594462781697,
        "wind_intensity": 13.63819130372153,
        "sun_altitude_angle": 7.541709954772891,
        "cloudiness": 24.52327573752694,
        "lead_base_throttle": 0.2871283675728766,
        "lead_behavior_frequency": 0.27277253841281524,
        "lead_throttle_variation": 0.07515205426554844,
        "lead_brake_probability": 0.04079615531356279,
        "lead_brake_intensity": 0.6201445584676614,
        "lead_brake_duration": 21.62652601254139,
        "initial_distance": 41.61627142914975,
        "initial_ego_velocity": 16.36403381653156,
        "initial_lead_velocity": 19.025550392196315
    },
    "config": {
        "num_timesteps": 200,
        "dt": 0.1,
        "seed": 221
    }
}