{
    "weather": {
        "cloudiness": 58.32645463930919,
        "precipitation": 16.975993110714615,
        "precipitation_deposits": 29.791385721321863,
        "wind_intensity": 41.00469157838476,
        "sun_altitude_angle": 87.38747713317204,
        "fog_density": 5.037411167402315,
        "fog_distance": 845.4267871511025,
        "wetness": 8.487996555357308
    },
    "initial_conditions": {
        "ego": {
            "position": {
                "x": 532.2385993405561,
                "y": 20.57,
                "z": 0.294
            },
            "yaw": 0.0,
            "velocity": 17.019191145794096
        },
        "lead": {
            "position": {
                "x": 484.88,
                "y": 20.57,
                "z": 0.294
            },
            "yaw": 0.0,
            "velocity": 12.371572898788079
        }
    },
    "ego": {
        "position": {
            "x": 532.2385993405561,
            "y": 20.57,
            "z": 0.294
        },
        "yaw": 0.0,
        "velocity": 17.019191145794096
    },
    "lead": {
        "position": {
            "x": 484.88,
            "y": 20.57,
            "z": 0.294
        },
        "yaw": 0.0,
        "velocity": 12.371572898788079
    },
    "ado_actions": [
        {
            "throttle": 0.29317092600787337,
            "brake": 0.0,
            "steer": 0.0
        },
        {
            "throttle": 0.29491114262660634,
            "brake": 0.0,
            "steer": 0.0
        },
        {
            "throttle": 0.2981626111970855,
            "brake": 0.0,
            "steer": 0.0
        },
        {
            "throttle": 0.3026660552024405,
            "brake": 0.0,
            "steer": 0.0
        },
        {
            "throttle": 0.3081383320694998,
            "brake": 0.0,
            "steer": 0.0
        },
        {
            "throttle": 0.31427980649531484,
            "brake": 0.0,
            "steer": 0.0
        },
        {
            "throttle": 0.32078240111004236,
            "brake": 0.0,
            "steer": 0.0
        },
        {
            "throttle": 0.32733805463460686,
            "brake": 0.0,
            "steer": 0.0
        },
        {
            "throttle": 0.33364730639212864,
            "brake": 0.0,
            "steer": 0.0
        },
        {
            "throttle": 0.3394277234523726,
            "brake": 0.0,
            "steer": 0.0
        },
        {
            "throttle": 0.3444218929255617,
            "brake": 0.0,
            "steer": 0.0
        },
        {
            "throttle": 0.34840471679298,
            "brake": 0.0,
            "steer": 0.0
        },
        {
            "throttle": 0.351189769710035,
            "brake": 0.0,
            "steer": 0.0
        },
        {
            "throttle": 0.35263451072658164,
            "brake": 0.0,
            "steer": 0.0
        },
        {
            "throttle": 0.3526441768863587,
            "brake": 0.0,
            "steer": 0.0
        },
        {
            "throttle": 0.35117422903287776,
            "brake": 0.0,
            "steer": 0.0
        },
        {
            "throttle": 0.34823126653377573,
            "brake": 0.0,
            "steer": 0.0
        },
        {
            "throttle": 0.3438723765825042,
            "brake": 0.0,
            "steer": 0.0
        },
        {
            "throttle": 0.33820293370664767,
            "brake": 0.0,
            "steer": 0.0
        },
        {
            "throttle": 0.331372914534518,
            "brake": 0.0,
            "steer": 0.0
        },
        {
            "throttle": 0.3235718401910322,
            "brake": 0.0,
            "steer": 0.0
        },
        {
            "throttle": 0.31502250242117485,
            "brake": 0.0,
            "steer": 0.0
        },
        {
            "throttle": 0.30597366829841294,
            "brake": 0.0,
            "steer": 0.0
        },
        {
            "throttle": 0.2966919909465324,
            "brake": 0.0,
            "steer": 0.0
        },
        {
            "throttle": 0.2874533790617334,
            "brake": 0.0,
            "steer": 0.0
        },
        {
            "throttle": 0.27853409537005214,
            "brake": 0.0,
            "steer": 0.0
        },
        {
            "throttle": 0.2702018629484475,
            "brake": 0.0,
            "steer": 0.0
        },
        {
            "throttle": 0.2627072583011823,
            "brake": 0.0,
            "steer": 0.0
        },
        {
            "throttle": 0.25627566121996054,
            "brake": 0.0,
            "steer": 0.0
        },
        {
            "throttle": 0.2511000140485913,
            "brake": 0.0,
            "steer": 0.0
        },
        {
            "throttle": 0.2473346175722532,
            "brake": 0.0,
            "steer": 0.0
        },
        {
            "throttle": 0.24509015816140403,
            "brake": 0.0,
            "steer": 0.0
        },
        {
            "throttle": 0.24443012205151224,
            "brake": 0.0,
            "steer": 0.0
        },
        {
            "throttle": 0.24536870895686447,
            "brake": 0.0,
            "steer": 0.0
        },
        {
            "throttle": 0.2478703099801582,
            "brake": 0.0,
            "steer": 0.0
        },
        {
            "throttle": 0.2518505654819193,
            "brake": 0.0,
            "steer": 0.0
        },
        {
            "throttle": 0.25717896877245455,
            "brake": 0.0,
            "steer": 0.0
        },
        {
            "throttle": 0.2636829327573229,
            "brake": 0.0,
            "steer": 0.0
        },
        {
            "throttle": 0.271153190544589,
            "brake": 0.0,
            "steer": 0.0
        },
        {
            "throttle": 0.2793503589653548,
            "brake": 0.0,
            "steer": 0.0
        },
        {
            "throttle": 0.28801245729675445,
            "brake": 0.0,
            "steer": 0.0
        },
        {
            "throttle": 0.29686314336685715,
            "brake": 0.0,
            "steer": 0.0
        },
        {
            "throttle": 0.3056204066149396,
            "brake": 0.0,
            "steer": 0.0
        },
        {
            "throttle": 0.31400544329256264,
            "brake": 0.0,
            "steer": 0.0
        },
        {
            "throttle": 0.32175143327553096,
            "brake": 0.0,
            "steer": 0.0
        },
        {
            "throttle": 0.32861194109496095,
            "brake": 0.0,
            "steer": 0.0
        },
        {
            "throttle": 0.3343686756886063,
            "brake": 0.0,
            "steer": 0.0
        },
        {
            "throttle": 0.3388383636461244,
            "brake": 0.0,
            "steer": 0.0
        },
        {
            "throttle": 0.3418785187343377,
            "brake": 0.0,
            "steer": 0.0
        },
        {
            "throttle": 0.3433919253565867,
            "brake": 0.0,
            "steer": 0.0
        },
        {
            "throttle": 0.343329694223352,
            "brake": 0.0,
            "steer": 0.0
        },
        {
            "throttle": 0.341692793607072,
            "brake": 0.0,
            "steer": 0.0
        },
        {
            "throttle": 0.33853200769890124,
            "brake": 0.0,
            "steer": 0.0
        },
        {
            "throttle": 0.33394632325916485,
            "brake": 0.0,
            "steer": 0.0
        },
        {
            "throttle": 0.3280797953882774,
            "brake": 0.0,
            "steer": 0.0
        },
        {
            "throttle": 0.3211169912739508,
            "brake": 0.0,
            "steer": 0.0
        },
        {
            "throttle": 0.3132771556773366,
            "brake": 0.0,
            "steer": 0.0
        },
        {
            "throttle": 0.3048072822876275,
            "brake": 0.0,
            "steer": 0.0
        },
        {
            "throttle": 0.2959743096271917,
            "brake": 0.0,
            "steer": 0.0
        },
        {
            "throttle": 0.2870566878367144,
            "brake": 0.0,
            "steer": 0.0
        },
        {
            "throttle": 0.27833558253925705,
            "brake": 0.0,
            "steer": 0.0
        },
        {
            "throttle": 0.27008599344635675,
            "brake": 0.0,
            "steer": 0.0
        },
        {
            "throttle": 0.26256806806639343,
            "brake": 0.0,
            "steer": 0.0
        },
        {
            "throttle": 0.2560188847203492,
            "brake": 0.0,
            "steer": 0.0
        },
        {
            "throttle": 0.25064496425716354,
            "brake": 0.0,
            "steer": 0.0
        },
        {
            "throttle": 0.2466157468578722,
            "brake": 0.0,
            "steer": 0.0
        },
        {
            "throttle": 0.24405823985092015,
            "brake": 0.0,
            "steer": 0.0
        },
        {
            "throttle": 0.243053005492403,
            "brake": 0.0,
            "steer": 0.0
        },
        {
            "throttle": 0.2436316153617517,
            "brake": 0.0,
            "steer": 0.0
        },
        {
            "throttle": 0.24577565172117968,
            "brake": 0.0,
            "steer": 0.0
        },
        {
            "throttle": 0.2494172873479619,
            "brake": 0.0,
            "steer": 0.0
        },
        {
            "throttle": 0.254441425514321,
            "brake": 0.0,
            "steer": 0.0
        },
        {
            "throttle": 0.2606893325337662,
            "brake": 0.0,
            "steer": 0.0
        },
        {
            "throttle": 0.2679636481703259,
            "brake": 0.0,
            "steer": 0.0
        },
        {
            "throttle": 0.2760346157060202,
            "brake": 0.0,
            "steer": 0.0
        },
        {
            "throttle": 0.2846473349555968,
            "brake": 0.0,
            "steer": 0.0
        },
        {
            "throttle": 0.2935298092217513,
            "brake": 0.0,
            "steer": 0.0
        },
        {
            "throttle": 0.3024015321184521,
            "brake": 0.0,
            "steer": 0.0
        },
        {
            "throttle": 0.31098234314597917,
            "brake": 0.0,
            "steer": 0.0
        },
        {
            "throttle": 0.319001272417004,
            "brake": 0.0,
            "steer": 0.0
        },
        {
            "throttle": 0.326205095276362,
            "brake": 0.0,
            "steer": 0.0
        },
        {
            "throttle": 0.3323663267172673,
            "brake": 0.0,
            "steer": 0.0
        },
        {
            "throttle": 0.2991296940455406,
            "brake": 0.019728593681225245,
            "steer": 0.0
        },
        {
            "throttle": 0.2692167246409865,
            "brake": 0.037484327994327965,
            "steer": 0.0
        },
        {
            "throttle": 0.24229505217688785,
            "brake": 0.05346448887612042,
            "steer": 0.0
        },
        {
            "throttle": 0.21806554695919908,
            "brake": 0.06784663366973362,
            "steer": 0.0
        },
        {
            "throttle": 0.19625899226327917,
            "brake": 0.08079056398398551,
            "steer": 0.0
        },
        {
            "throttle": 0.17663309303695127,
            "brake": 0.09244010126681221,
            "steer": 0.0
        },
        {
            "throttle": 0.15896978373325615,
            "brake": 0.10292468482135624,
            "steer": 0.0
        },
        {
            "throttle": 0.17114433800032322,
            "brake": 0.09263221633922061,
            "steer": 0.0
        },
        {
            "throttle": 0.18039490192712945,
            "brake": 0.08336899470529856,
            "steer": 0.0
        },
        {
            "throttle": 0.18710707959011294,
            "brake": 0.0750320952347687,
            "steer": 0.0
        },
        {
            "throttle": 0.1916788515301826,
            "brake": 0.06752888571129183,
            "steer": 0.0
        },
        {
            "throttle": 0.19451478618435597,
            "brake": 0.060775997140162644,
            "steer": 0.0
        },
        {
            "throttle": 0.19601936565339662,
            "brake": 0.05469839742614638,
            "steer": 0.0
        },
        {
            "throttle": 0.19658970429447192,
            "brake": 0.049228557683531744,
            "steer": 0.0
        },
        {
            "throttle": 0.19660795102121434,
            "brake": 0.04430570191517857,
            "steer": 0.0
        },
        {
            "throttle": 0.1964336700807125,
            "brake": 0.03987513172366071,
            "steer": 0.0
        },
        {
            "throttle": 0.1963964902673866,
            "brake": 0.03588761855129464,
            "steer": 0.0
        },
        {
            "throttle": 0.19678929911828177,
            "brake": 0.032298856696165175,
            "steer": 0.0
        },
        {
            "throttle": 0.19786223698170383,
            "brake": 0.029068971026548658,
            "steer": 0.0
        },
        {
            "throttle": 0.1998177165955547,
            "brake": 0.026162073923893792,
            "steer": 0.0
        },
        {
            "throttle": 0.20280665783240695,
            "brake": 0.023545866531504412,
            "steer": 0.0
        },
        {
            "throttle": 0.2069260856612304,
            "brake": 0.02119127987835397,
            "steer": 0.0
        },
        {
            "throttle": 0.21221819341837767,
            "brake": 0.019072151890518575,
            "steer": 0.0
        },
        {
            "throttle": 0.21867092459152115,
            "brake": 0.017164936701466717,
            "steer": 0.0
        },
        {
            "throttle": 0.2262200760140905,
            "brake": 0.015448443031320045,
            "steer": 0.0
        },
        {
            "throttle": 0.23475287520641883,
            "brake": 0.01390359872818804,
            "steer": 0.0
        },
        {
            "throttle": 0.24411293614336288,
            "brake": 0.012513238855369237,
            "steer": 0.0
        },
        {
            "throttle": 0.254106452485239,
            "brake": 0.011261914969832313,
            "steer": 0.0
        },
        {
            "throttle": 0.26450944668881005,
            "brake": 0.010135723472849082,
            "steer": 0.0
        },
        {
            "throttle": 0.2750758586830164,
            "brake": 0.009122151125564174,
            "steer": 0.0
        },
        {
            "throttle": 0.2855462300312495,
            "brake": 0.008209936013007757,
            "steer": 0.0
        },
        {
            "throttle": 0.29565671957080075,
            "brake": 0.007388942411706982,
            "steer": 0.0
        },
        {
            "throttle": 0.30514817503741204,
            "brake": 0.006650048170536283,
            "steer": 0.0
        },
        {
            "throttle": 0.3137749824998343,
            "brake": 0.005985043353482655,
            "steer": 0.0
        },
        {
            "throttle": 0.3213134216205108,
            "brake": 0.00538653901813439,
            "steer": 0.0
        },
        {
            "throttle": 0.3275692696193139,
            "brake": 0.004847885116320951,
            "steer": 0.0
        },
        {
            "throttle": 0.3323844198702469,
            "brake": 0.004363096604688856,
            "steer": 0.0
        },
        {
            "throttle": 0.3356423115709197,
            "brake": 0.00392678694421997,
            "steer": 0.0
        },
        {
            "throttle": 0.33727200392146983,
            "brake": 0.0035341082497979733,
            "steer": 0.0
        },
        {
            "throttle": 0.33725077055934444,
            "brake": 0.003180697424818176,
            "steer": 0.0
        },
        {
            "throttle": 0.335605136277747,
            "brake": 0.0028626276823363584,
            "steer": 0.0
        },
        {
            "throttle": 0.33241032684250177,
            "brake": 0.0025763649141027226,
            "steer": 0.0
        },
        {
            "throttle": 0.32778815246990095,
            "brake": 0.0023187284226924504,
            "steer": 0.0
        },
        {
            "throttle": 0.321903394662161,
            "brake": 0.0020868555804232055,
            "steer": 0.0
        },
        {
            "throttle": 0.3149588130625983,
            "brake": 0.0018781700223808849,
            "steer": 0.0
        },
        {
            "throttle": 0.30718893230353106,
            "brake": 0.0016903530201427964,
            "steer": 0.0
        },
        {
            "throttle": 0.2988528071059162,
            "brake": 0.0015213177181285168,
            "steer": 0.0
        },
        {
            "throttle": 0.2902259959394651,
            "brake": 0.0013691859463156651,
            "steer": 0.0
        },
        {
            "throttle": 0.28159199835123344,
            "brake": 0.0012322673516840987,
            "steer": 0.0
        },
        {
            "throttle": 0.27323342783438564,
            "brake": 0.001109040616515689,
            "steer": 0.0
        },
        {
            "throttle": 0.26542320030582217,
            "brake": 0.00099813655486412,
            "steer": 0.0
        },
        {
            "throttle": 0.25841601763115024,
            "brake": 0.0008983228993777081,
            "steer": 0.0
        },
        {
            "throttle": 0.25244041619643004,
            "brake": 0.0008084906094399372,
            "steer": 0.0
        },
        {
            "throttle": 0.24769163257489027,
            "brake": 0.0007276415484959436,
            "steer": 0.0
        },
        {
            "throttle": 0.24432551243890385,
            "brake": 0.0006548773936463492,
            "steer": 0.0
        },
        {
            "throttle": 0.2424536558394939,
            "brake": 0.0005893896542817144,
            "steer": 0.0
        },
        {
            "throttle": 0.24213995285928241,
            "brake": 0.0005304506888535429,
            "steer": 0.0
        },
        {
            "throttle": 0.24339861967419454,
            "brake": 0.00047740561996818863,
            "steer": 0.0
        },
        {
            "throttle": 0.24619379762184443,
            "brake": 0.00042966505797136976,
            "steer": 0.0
        },
        {
            "throttle": 0.25044072846733845,
            "brake": 0.0003866985521742328,
            "steer": 0.0
        },
        {
            "throttle": 0.25600846923949316,
            "brake": 0.00034802869695680955,
            "steer": 0.0
        },
        {
            "throttle": 0.26272406135445503,
            "brake": 0.0003132258272611286,
            "steer": 0.0
        },
        {
            "throttle": 0.27037802278508916,
            "brake": 0.0002819032445350158,
            "steer": 0.0
        },
        {
            "throttle": 0.2787309902238233,
            "brake": 0.0002537129200815142,
            "steer": 0.0
        },
        {
            "throttle": 0.28752130184352925,
            "brake": 0.00022834162807336278,
            "steer": 0.0
        },
        {
            "throttle": 0.2964732815325504,
            "brake": 0.0002055074652660265,
            "steer": 0.0
        },
        {
            "throttle": 0.3053059633043963,
            "brake": 0.00018495671873942386,
            "steer": 0.0
        },
        {
            "throttle": 0.31374198065974485,
            "brake": 0.00016646104686548148,
            "steer": 0.0
        },
        {
            "throttle": 0.32151634044752064,
            "brake": 0.00014981494217893333,
            "steer": 0.0
        },
        {
            "throttle": 0.32838480439784845,
            "brake": 0.00013483344796104,
            "steer": 0.0
        },
        {
            "throttle": 0.33413161386790363,
            "brake": 0.00012135010316493601,
            "steer": 0.0
        },
        {
            "throttle": 0.33857631406139255,
            "brake": 0.00010921509284844241,
            "steer": 0.0
        },
        {
            "throttle": 0.3415794623992402,
            "brake": 9.829358356359818e-05,
            "steer": 0.0
        },
        {
            "throttle": 0.3430470409356761,
            "brake": 8.846422520723835e-05,
            "steer": 0.0
        },
        {
            "throttle": 0.34293343361827194,
            "brake": 7.961780268651453e-05,
            "steer": 0.0
        },
        {
            "throttle": 0.34124287449099966,
            "brake": 7.165602241786308e-05,
            "steer": 0.0
        },
        {
            "throttle": 0.3380293212056831,
            "brake": 6.449042017607677e-05,
            "steer": 0.0
        },
        {
            "throttle": 0.33339475791530115,
            "brake": 5.804137815846909e-05,
            "steer": 0.0
        },
        {
            "throttle": 0.3274859812029681,
            "brake": 5.223724034262218e-05,
            "steer": 0.0
        },
        {
            "throttle": 0.3204899705875953,
            "brake": 4.701351630835996e-05,
            "steer": 0.0
        },
        {
            "throttle": 0.3126279898292321,
            "brake": 4.231216467752397e-05,
            "steer": 0.0
        },
        {
            "throttle": 0.304148605323099,
            "brake": 3.808094820977157e-05,
            "steer": 0.0
        },
        {
            "throttle": 0.2953198420563097,
            "brake": 3.427285338879442e-05,
            "steer": 0.0
        },
        {
            "throttle": 0.2864207248258717,
            "brake": 3.0845568049914975e-05,
            "steer": 0.0
        },
        {
            "throttle": 0.277732471821153,
            "brake": 2.7761011244923477e-05,
            "steer": 0.0
        },
        {
            "throttle": 0.26952961864590547,
            "brake": 2.498491012043113e-05,
            "steer": 0.0
        },
        {
            "throttle": 0.2620713530476964,
            "brake": 2.2486419108388017e-05,
            "steer": 0.0
        },
        {
            "throttle": 0.2555933339669404,
            "brake": 2.0237777197549217e-05,
            "steer": 0.0
        },
        {
            "throttle": 0.25030025322375377,
            "brake": 1.8213999477794297e-05,
            "steer": 0.0
        },
        {
            "throttle": 0.2463593747114076,
            "brake": 1.6392599530014868e-05,
            "steer": 0.0
        },
        {
            "throttle": 0.24389525510056165,
            "brake": 1.4753339577013382e-05,
            "steer": 0.0
        },
        {
            "throttle": 0.2429858127531715,
            "brake": 1.3278005619312043e-05,
            "steer": 0.0
        },
        {
            "throttle": 0.24365986897677067,
            "brake": 1.1950205057380839e-05,
            "steer": 0.0
        },
        {
            "throttle": 0.24589623926270496,
            "brake": 1.0755184551642756e-05,
            "steer": 0.0
        },
        {
            "throttle": 0.2496244032135327,
            "brake": 9.679666096478481e-06,
            "steer": 0.0
        },
        {
            "throttle": 0.2547267320202943,
            "brake": 8.711699486830634e-06,
            "steer": 0.0
        },
        {
            "throttle": 0.26104220317339794,
            "brake": 7.84052953814757e-06,
            "steer": 0.0
        },
        {
            "throttle": 0.2683714851340915,
            "brake": 7.0564765843328135e-06,
            "steer": 0.0
        },
        {
            "throttle": 0.2764832314394262,
            "brake": 6.350828925899532e-06,
            "steer": 0.0
        },
        {
            "throttle": 0.2851213855278947,
            "brake": 5.715746033309579e-06,
            "steer": 0.0
        },
        {
            "throttle": 0.2940132656611491,
            "brake": 5.1441714299786215e-06,
            "steer": 0.0
        },
        {
            "throttle": 0.30287817468690903,
            "brake": 4.62975428698076e-06,
            "steer": 0.0
        },
        {
            "throttle": 0.31143626281697556,
            "brake": 4.1667788582826835e-06,
            "steer": 0.0
        },
        {
            "throttle": 0.3194173636053748,
            "brake": 3.7501009724544154e-06,
            "steer": 0.0
        },
        {
            "throttle": 0.3265695241572759,
            "brake": 3.3750908752089737e-06,
            "steer": 0.0
        },
        {
            "throttle": 0.3326669602527658,
            "brake": 3.0375817876880762e-06,
            "steer": 0.0
        },
        {
            "throttle": 0.3375171852260259,
            "brake": 2.733823608919269e-06,
            "steer": 0.0
        },
        {
            "throttle": 0.3409670875266949,
            "brake": 2.460441248027342e-06,
            "steer": 0.0
        },
        {
            "throttle": 0.3429077650826038,
            "brake": 2.214397123224608e-06,
            "steer": 0.0
        },
        {
            "throttle": 0.3432779638336655,
            "brake": 1.9929574109021474e-06,
            "steer": 0.0
        },
        {
            "throttle": 0.34206601187624497,
            "brake": 1.7936616698119326e-06,
            "steer": 0.0
        },
        {
            "throttle": 0.3393101881544416,
            "brake": 1.6142955028307394e-06,
            "steer": 0.0
        },
        {
            "throttle": 0.3350975140597744,
            "brake": 1.4528659525476655e-06,
            "steer": 0.0
        },
        {
            "throttle": 0.32956100609330097,
            "brake": 1.307579357292899e-06,
            "steer": 0.0
        },
        {
            "throttle": 0.3228754763321395,
            "brake": 1.1768214215636092e-06,
            "steer": 0.0
        },
        {
            "throttle": 0.31525201329166125,
            "brake": 1.0591392794072482e-06,
            "steer": 0.0
        },
        {
            "throttle": 0.3069313174376956,
            "brake": 9.532253514665234e-07,
            "steer": 0.0
        },
        {
            "throttle": 0.29817610176452874,
            "brake": 8.579028163198711e-07,
            "steer": 0.0
        }
    ],
    "parameters": {
        "fog_density": 5.037411167402315,
        "precipitation": 16.975993110714615,
        "precipitation_deposits": 29.791385721321863,
        "wind_intensity": 41.00469157838476,
        "sun_altitude_angle": 87.38747713317204,
        "cloudiness": 58.32645463930919,
        "lead_base_throttle": 0.2931709260078733,
        "lead_behavior_frequency": 0.28317027648217613,
        "lead_throttle_variation": 0.09832626304100477,
        "lead_brake_probability": 0.01650796638982662,
        "lead_brake_intensity": 0.19728593681225245,
        "lead_brake_duration": 7.188675894158504,
        "initial_distance": 47.35859934055614,
        "initial_ego_velocity": 17.019191145794096,
        "initial_lead_velocity": 12.371572898788079
    },
    "config": {
        "num_timesteps": 200,
        "dt": 0.1,
        "seed": 164
    }
}