{
    "weather": {
        "cloudiness": 50.63917678991503,
        "precipitation": 95.01301958541058,
        "precipitation_deposits": 81.34349986583115,
        "wind_intensity": 48.873651112040136,
        "sun_altitude_angle": 64.28059330053746,
        "fog_density": 52.2083462833482,
        "fog_distance": 175.47157597581864,
        "wetness": 47.50650979270529
    },
    "initial_conditions": {
        "ego": {
            "position": {
                "x": 548.1161190056379,
                "y": 20.57,
                "z": 0.294
            },
            "yaw": 0.0,
            "velocity": 6.646433286092393
        },
        "lead": {
            "position": {
                "x": 484.88,
                "y": 20.57,
                "z": 0.294
            },
            "yaw": 0.0,
            "velocity": 14.57623337991788
        }
    },
    "ego": {
        "position": {
            "x": 548.1161190056379,
            "y": 20.57,
            "z": 0.294
        },
        "yaw": 0.0,
        "velocity": 6.646433286092393
    },
    "lead": {
        "position": {
            "x": 484.88,
            "y": 20.57,
            "z": 0.294
        },
        "yaw": 0.0,
        "velocity": 14.57623337991788
    },
    "ado_actions": [
        {
            "throttle": 0.23306269002697716,
            "brake": 0.06566919713630208,
            "steer": 0.0
        },
        {
            "throttle": 0.20975642102427944,
            "brake": 0.12477147455897394,
            "steer": 0.0
        },
        {
            "throttle": 0.1887807789218515,
            "brake": 0.1779635242393786,
            "steer": 0.0
        },
        {
            "throttle": 0.16990270102966634,
            "brake": 0.22583636895174286,
            "steer": 0.0
        },
        {
            "throttle": 0.1529124309266997,
            "brake": 0.26892192919287067,
            "steer": 0.0
        },
        {
            "throttle": 0.13762118783402974,
            "brake": 0.3076989334098857,
            "steer": 0.0
        },
        {
            "throttle": 0.12385906905062677,
            "brake": 0.3425982372051992,
            "steer": 0.0
        },
        {
            "throttle": 0.11147316214556409,
            "brake": 0.3740076106209814,
            "steer": 0.0
        },
        {
            "throttle": 0.10032584593100768,
            "brake": 0.4022760466951854,
            "steer": 0.0
        },
        {
            "throttle": 0.09029326133790692,
            "brake": 0.427717639161969,
            "steer": 0.0
        },
        {
            "throttle": 0.08126393520411623,
            "brake": 0.45061507238207416,
            "steer": 0.0
        },
        {
            "throttle": 0.07313754168370461,
            "brake": 0.47122276228016885,
            "steer": 0.0
        },
        {
            "throttle": 0.06582378751533415,
            "brake": 0.48976968318845404,
            "steer": 0.0
        },
        {
            "throttle": 0.05924140876380073,
            "brake": 0.5064619120059107,
            "steer": 0.0
        },
        {
            "throttle": 0.05331726788742066,
            "brake": 0.5214849179416218,
            "steer": 0.0
        },
        {
            "throttle": 0.04798554109867859,
            "brake": 0.5350056232837617,
            "steer": 0.0
        },
        {
            "throttle": 0.04318698698881073,
            "brake": 0.5471742580916876,
            "steer": 0.0
        },
        {
            "throttle": 0.03886828828992966,
            "brake": 0.558126029418821,
            "steer": 0.0
        },
        {
            "throttle": 0.03498145946093669,
            "brake": 0.5679826236132409,
            "steer": 0.0
        },
        {
            "throttle": 0.03148331351484302,
            "brake": 0.5768535583882188,
            "steer": 0.0
        },
        {
            "throttle": 0.06820530106018682,
            "brake": 0.519168202549397,
            "steer": 0.0
        },
        {
            "throttle": 0.10019036600496224,
            "brake": 0.4672513822944573,
            "steer": 0.0
        },
        {
            "throttle": 0.1277629784838425,
            "brake": 0.42052624406501155,
            "steer": 0.0
        },
        {
            "throttle": 0.15122919347223734,
            "brake": 0.3784736196585104,
            "steer": 0.0
        },
        {
            "throttle": 0.17088005495016226,
            "brake": 0.34062625769265936,
            "steer": 0.0
        },
        {
            "throttle": 0.18699447939476244,
            "brake": 0.3065636319233934,
            "steer": 0.0
        },
        {
            "throttle": 0.19984165468971313,
            "brake": 0.2759072687310541,
            "steer": 0.0
        },
        {
            "throttle": 0.20968298919913964,
            "brake": 0.24831654185794869,
            "steer": 0.0
        },
        {
            "throttle": 0.2167736447056591,
            "brake": 0.22348488767215383,
            "steer": 0.0
        },
        {
            "throttle": 0.22136368609933915,
            "brake": 0.20113639890493845,
            "steer": 0.0
        },
        {
            "throttle": 0.22369888007371472,
            "brake": 0.18102275901444462,
            "steer": 0.0
        },
        {
            "throttle": 0.22402117458756257,
            "brake": 0.16292048311300017,
            "steer": 0.0
        },
        {
            "throttle": 0.22256889044205114,
            "brake": 0.14662843480170015,
            "steer": 0.0
        },
        {
            "throttle": 0.21957665596133957,
            "brake": 0.13196559132153013,
            "steer": 0.0
        },
        {
            "throttle": 0.21527511541388833,
            "brake": 0.11876903218937712,
            "steer": 0.0
        },
        {
            "throttle": 0.20989044143882163,
            "brake": 0.10689212897043941,
            "steer": 0.0
        },
        {
            "throttle": 0.20364368131776303,
            "brake": 0.09620291607339547,
            "steer": 0.0
        },
        {
            "throttle": 0.1967499664326635,
            "brake": 0.08658262446605593,
            "steer": 0.0
        },
        {
            "throttle": 0.18941761365314205,
            "brake": 0.07792436201945034,
            "steer": 0.0
        },
        {
            "throttle": 0.18184714668545954,
            "brake": 0.07013192581750531,
            "steer": 0.0
        },
        {
            "throttle": 0.17423026457588225,
            "brake": 0.06311873323575479,
            "steer": 0.0
        },
        {
            "throttle": 0.1667487835839645,
            "brake": 0.05680685991217931,
            "steer": 0.0
        },
        {
            "throttle": 0.15957357751983342,
            "brake": 0.05112617392096138,
            "steer": 0.0
        },
        {
            "throttle": 0.1528635403709823,
            "brake": 0.04601355652886524,
            "steer": 0.0
        },
        {
            "throttle": 0.14676459362873676,
            "brake": 0.041412200875978716,
            "steer": 0.0
        },
        {
            "throttle": 0.14140875916595136,
            "brake": 0.03727098078838085,
            "steer": 0.0
        },
        {
            "throttle": 0.13691331682205876,
            "brake": 0.03354388270954276,
            "steer": 0.0
        },
        {
            "throttle": 0.13338006402850835,
            "brake": 0.030189494438588486,
            "steer": 0.0
        },
        {
            "throttle": 0.13089469286859326,
            "brake": 0.027170544994729637,
            "steer": 0.0
        },
        {
            "throttle": 0.12952629792464396,
            "brake": 0.024453490495256674,
            "steer": 0.0
        },
        {
            "throttle": 0.129327026138563,
            "brake": 0.022008141445731006,
            "steer": 0.0
        },
        {
            "throttle": 0.13033187771643656,
            "brake": 0.019807327301157907,
            "steer": 0.0
        },
        {
            "throttle": 0.13255866486370615,
            "brake": 0.017826594571042118,
            "steer": 0.0
        },
        {
            "throttle": 0.13600813286452393,
            "brake": 0.016043935113937906,
            "steer": 0.0
        },
        {
            "throttle": 0.14066424573873273,
            "brake": 0.014439541602544115,
            "steer": 0.0
        },
        {
            "throttle": 0.1464946364442814,
            "brake": 0.012995587442289704,
            "steer": 0.0
        },
        {
            "throttle": 0.15345121936395673,
            "brake": 0.011696028698060735,
            "steer": 0.0
        },
        {
            "throttle": 0.1614709606452165,
            "brake": 0.010526425828254662,
            "steer": 0.0
        },
        {
            "throttle": 0.1704767998724595,
            "brake": 0.009473783245429196,
            "steer": 0.0
        },
        {
            "throttle": 0.18037871456347462,
            "brake": 0.008526404920886277,
            "steer": 0.0
        },
        {
            "throttle": 0.19107491711639965,
            "brake": 0.007673764428797649,
            "steer": 0.0
        },
        {
            "throttle": 0.2024531721094702,
            "brake": 0.006906387985917884,
            "steer": 0.0
        },
        {
            "throttle": 0.21439222029093016,
            "brake": 0.006215749187326095,
            "steer": 0.0
        },
        {
            "throttle": 0.2267632942068698,
            "brake": 0.0055941742685934855,
            "steer": 0.0
        },
        {
            "throttle": 0.23943170921477552,
            "brake": 0.005034756841734137,
            "steer": 0.0
        },
        {
            "throttle": 0.25225851263252785,
            "brake": 0.004531281157560723,
            "steer": 0.0
        },
        {
            "throttle": 0.2651021729865955,
            "brake": 0.004078153041804651,
            "steer": 0.0
        },
        {
            "throttle": 0.2778202907570668,
            "brake": 0.003670337737624186,
            "steer": 0.0
        },
        {
            "throttle": 0.29027131167633413,
            "brake": 0.003303303963861768,
            "steer": 0.0
        },
        {
            "throttle": 0.3023162235256177,
            "brake": 0.002972973567475591,
            "steer": 0.0
        },
        {
            "throttle": 0.3138202174894646,
            "brake": 0.002675676210728032,
            "steer": 0.0
        },
        {
            "throttle": 0.324654295470705,
            "brake": 0.0024081085896552287,
            "steer": 0.0
        },
        {
            "throttle": 0.3346968053324001,
            "brake": 0.0021672977306897057,
            "steer": 0.0
        },
        {
            "throttle": 0.3438348868118671,
            "brake": 0.0019505679576207352,
            "steer": 0.0
        },
        {
            "throttle": 0.3519658118353234,
            "brake": 0.0017555111618586616,
            "steer": 0.0
        },
        {
            "throttle": 0.35899820413813216,
            "brake": 0.0015799600456727955,
            "steer": 0.0
        },
        {
            "throttle": 0.3648531244509731,
            "brake": 0.0014219640411055159,
            "steer": 0.0
        },
        {
            "throttle": 0.3694650090303919,
            "brake": 0.0012797676369949644,
            "steer": 0.0
        },
        {
            "throttle": 0.3727824509751572,
            "brake": 0.001151790873295468,
            "steer": 0.0
        },
        {
            "throttle": 0.37476881555809655,
            "brake": 0.0010366117859659213,
            "steer": 0.0
        },
        {
            "throttle": 0.37540268269559374,
            "brake": 0.0009329506073693292,
            "steer": 0.0
        },
        {
            "throttle": 0.37467811165155457,
            "brake": 0.0008396555466323963,
            "steer": 0.0
        },
        {
            "throttle": 0.3726047251062907,
            "brake": 0.0007556899919691567,
            "steer": 0.0
        },
        {
            "throttle": 0.3692076117896979,
            "brake": 0.000680120992772241,
            "steer": 0.0
        },
        {
            "throttle": 0.364527048958186,
            "brake": 0.0006121088934950169,
            "steer": 0.0
        },
        {
            "throttle": 0.35861804806182246,
            "brake": 0.0005508980041455152,
            "steer": 0.0
        },
        {
            "throttle": 0.35154972897801257,
            "brake": 0.0004958082037309637,
            "steer": 0.0
        },
        {
            "throttle": 0.3434045301571438,
            "brake": 0.0004462273833578673,
            "steer": 0.0
        },
        {
            "throttle": 0.33427726391106893,
            "brake": 0.0004016046450220806,
            "steer": 0.0
        },
        {
            "throttle": 0.324274027855173,
            "brake": 0.00036144418051987253,
            "steer": 0.0
        },
        {
            "throttle": 0.3135109851683776,
            "brake": 0.0003252997624678853,
            "steer": 0.0
        },
        {
            "throttle": 0.3021130278435713,
            "brake": 0.00029276978622109676,
            "steer": 0.0
        },
        {
            "throttle": 0.29021233844608574,
            "brake": 0.0002634928075989871,
            "steer": 0.0
        },
        {
            "throttle": 0.2779468670643425,
            "brake": 0.00023714352683908838,
            "steer": 0.0
        },
        {
            "throttle": 0.26545874111111234,
            "brake": 0.00021342917415517954,
            "steer": 0.0
        },
        {
            "throttle": 0.25289262640462895,
            "brake": 0.0001920862567396616,
            "steer": 0.0
        },
        {
            "throttle": 0.2403940585171193,
            "brake": 0.00017287763106569543,
            "steer": 0.0
        },
        {
            "throttle": 0.2281077637176352,
            "brake": 0.00015558986795912588,
            "steer": 0.0
        },
        {
            "throttle": 0.21617598895243703,
            "brake": 0.0001400308811632133,
            "steer": 0.0
        },
        {
            "throttle": 0.20473686019819184,
            "brake": 0.00012602779304689198,
            "steer": 0.0
        },
        {
            "throttle": 0.19392278819211978,
            "brake": 0.00011342501374220279,
            "steer": 0.0
        },
        {
            "throttle": 0.18385893999274464,
            "brake": 0.00010208251236798252,
            "steer": 0.0
        },
        {
            "throttle": 0.17466179406140772,
            "brake": 9.187426113118427e-05,
            "steer": 0.0
        },
        {
            "throttle": 0.16643779558698701,
            "brake": 8.268683501806584e-05,
            "steer": 0.0
        },
        {
            "throttle": 0.15928212761548277,
            "brake": 7.441815151625926e-05,
            "steer": 0.0
        },
        {
            "throttle": 0.15327761220568573,
            "brake": 6.697633636463333e-05,
            "steer": 0.0
        },
        {
            "throttle": 0.1484937543275017,
            "brake": 6.027870272817e-05,
            "steer": 0.0
        },
        {
            "throttle": 0.14498593956804548,
            "brake": 5.4250832455353e-05,
            "steer": 0.0
        },
        {
            "throttle": 0.14279479493140673,
            "brake": 4.88257492098177e-05,
            "steer": 0.0
        },
        {
            "throttle": 0.1419457201315817,
            "brake": 4.394317428883593e-05,
            "steer": 0.0
        },
        {
            "throttle": 0.14244859480624913,
            "brake": 3.954885685995234e-05,
            "steer": 0.0
        },
        {
            "throttle": 0.14429766504462702,
            "brake": 3.559397117395711e-05,
            "steer": 0.0
        },
        {
            "throttle": 0.1474716105490798,
            "brake": 3.20345740565614e-05,
            "steer": 0.0
        },
        {
            "throttle": 0.15193379166141804,
            "brake": 2.883111665090526e-05,
            "steer": 0.0
        },
        {
            "throttle": 0.15763267340507114,
            "brake": 2.5948004985814736e-05,
            "steer": 0.0
        },
        {
            "throttle": 0.16450242164755746,
            "brake": 2.3353204487233263e-05,
            "steer": 0.0
        },
        {
            "throttle": 0.17246366449756997,
            "brake": 2.1017884038509937e-05,
            "steer": 0.0
        },
        {
            "throttle": 0.18142441014053992,
            "brake": 1.8916095634658944e-05,
            "steer": 0.0
        },
        {
            "throttle": 0.19128111050781244,
            "brake": 1.702448607119305e-05,
            "steer": 0.0
        },
        {
            "throttle": 0.20191985848846594,
            "brake": 1.5322037464073744e-05,
            "steer": 0.0
        },
        {
            "throttle": 0.21321770484881847,
            "brake": 1.378983371766637e-05,
            "steer": 0.0
        },
        {
            "throttle": 0.22504407964063106,
            "brake": 1.2410850345899733e-05,
            "steer": 0.0
        },
        {
            "throttle": 0.23726230167093318,
            "brake": 1.116976531130976e-05,
            "steer": 0.0
        },
        {
            "throttle": 0.2497311585882213,
            "brake": 1.0052788780178785e-05,
            "steer": 0.0
        },
        {
            "throttle": 0.26230653932328196,
            "brake": 9.047509902160907e-06,
            "steer": 0.0
        },
        {
            "throttle": 0.2748431000175025,
            "brake": 8.142758911944817e-06,
            "steer": 0.0
        },
        {
            "throttle": 0.28719594418425076,
            "brake": 7.328483020750336e-06,
            "steer": 0.0
        },
        {
            "throttle": 0.2992222976842008,
            "brake": 6.595634718675302e-06,
            "steer": 0.0
        },
        {
            "throttle": 0.3107831591552622,
            "brake": 5.936071246807772e-06,
            "steer": 0.0
        },
        {
            "throttle": 0.3217449068213375,
            "brake": 5.342464122126995e-06,
            "steer": 0.0
        },
        {
            "throttle": 0.33198084310821,
            "brake": 4.8082177099142956e-06,
            "steer": 0.0
        },
        {
            "throttle": 0.3413726592136234,
            "brake": 4.327395938922866e-06,
            "steer": 0.0
        },
        {
            "throttle": 0.34981180270374473,
            "brake": 3.894656345030579e-06,
            "steer": 0.0
        },
        {
            "throttle": 0.3572007323290115,
            "brake": 3.5051907105275214e-06,
            "steer": 0.0
        },
        {
            "throttle": 0.3634540455558921,
            "brake": 3.1546716394747694e-06,
            "steer": 0.0
        },
        {
            "throttle": 0.3684994657822716,
            "brake": 2.8392044755272925e-06,
            "steer": 0.0
        },
        {
            "throttle": 0.37227867782600205,
            "brake": 2.555284027974563e-06,
            "steer": 0.0
        },
        {
            "throttle": 0.37474800202988623,
            "brake": 2.299755625177107e-06,
            "steer": 0.0
        },
        {
            "throttle": 0.3758788991917168,
            "brake": 2.069780062659396e-06,
            "steer": 0.0
        },
        {
            "throttle": 0.3756583004834154,
            "brake": 1.8628020563934566e-06,
            "steer": 0.0
        },
        {
            "throttle": 0.37408875854619783,
            "brake": 1.676521850754111e-06,
            "steer": 0.0
        },
        {
            "throttle": 0.3711884180156537,
            "brake": 1.5088696656786998e-06,
            "steer": 0.0
        },
        {
            "throttle": 0.3669908058177803,
            "brake": 1.3579826991108298e-06,
            "steer": 0.0
        },
        {
            "throttle": 0.36154444366022026,
            "brake": 1.2221844291997468e-06,
            "steer": 0.0
        },
        {
            "throttle": 0.35491228719814627,
            "brake": 1.0999659862797721e-06,
            "steer": 0.0
        },
        {
            "throttle": 0.34717099835765636,
            "brake": 9.899693876517949e-07,
            "steer": 0.0
        },
        {
            "throttle": 0.3384100592280285,
            "brake": 8.909724488866155e-07,
            "steer": 0.0
        },
        {
            "throttle": 0.3287307377654488,
            "brake": 8.018752039979539e-07,
            "steer": 0.0
        },
        {
            "throttle": 0.31824491726369974,
            "brake": 7.216876835981586e-07,
            "steer": 0.0
        },
        {
            "throttle": 0.30707380312197824,
            "brake": 6.495189152383428e-07,
            "steer": 0.0
        },
        {
            "throttle": 0.2953465218583047,
            "brake": 5.845670237145085e-07,
            "steer": 0.0
        },
        {
            "throttle": 0.2831986285624891,
            "brake": 5.261103213430577e-07,
            "steer": 0.0
        },
        {
            "throttle": 0.2707705400409437,
            "brake": 4.734992892087519e-07,
            "steer": 0.0
        },
        {
            "throttle": 0.2582059117645379,
            "brake": 4.2614936028787674e-07,
            "steer": 0.0
        },
        {
            "throttle": 0.24564997738025576,
            "brake": 3.8353442425908906e-07,
            "steer": 0.0
        },
        {
            "throttle": 0.23324786998012545,
            "brake": 3.451809818331802e-07,
            "steer": 0.0
        },
        {
            "throttle": 0.22114294453174738,
            "brake": 3.106628836498622e-07,
            "steer": 0.0
        },
        {
            "throttle": 0.20947512086131428,
            "brake": 2.79596595284876e-07,
            "steer": 0.0
        },
        {
            "throttle": 0.19837926634244385,
            "brake": 2.516369357563884e-07,
            "steer": 0.0
        },
        {
            "throttle": 0.18798363698518517,
            "brake": 2.2647324218074958e-07,
            "steer": 0.0
        },
        {
            "throttle": 0.1784083949445128,
            "brake": 2.0382591796267463e-07,
            "steer": 0.0
        },
        {
            "throttle": 0.1697642195842944,
            "brake": 1.8344332616640717e-07,
            "steer": 0.0
        },
        {
            "throttle": 0.16215102815131643,
            "brake": 1.6509899354976646e-07,
            "steer": 0.0
        },
        {
            "throttle": 0.15565682084697896,
            "brake": 1.4858909419478982e-07,
            "steer": 0.0
        },
        {
            "throttle": 0.1503566636463695,
            "brake": 1.3373018477531083e-07,
            "steer": 0.0
        },
        {
            "throttle": 0.14631182062221706,
            "brake": 1.2035716629777974e-07,
            "steer": 0.0
        },
        {
            "throttle": 0.1435690458031158,
            "brake": 1.0832144966800177e-07,
            "steer": 0.0
        },
        {
            "throttle": 0.1421600427513676,
            "brake": 9.74893047012016e-08,
            "steer": 0.0
        },
        {
            "throttle": 0.1421010981071399,
            "brake": 8.774037423108144e-08,
            "steer": 0.0
        },
        {
            "throttle": 0.14339289333477723,
            "brake": 7.89663368079733e-08,
            "steer": 0.0
        },
        {
            "throttle": 0.14602049684728602,
            "brake": 7.106970312717597e-08,
            "steer": 0.0
        },
        {
            "throttle": 0.14995353660004052,
            "brake": 6.396273281445837e-08,
            "steer": 0.0
        },
        {
            "throttle": 0.15514655115873496,
            "brake": 5.7566459533012533e-08,
            "steer": 0.0
        },
        {
            "throttle": 0.16153951518364315,
            "brake": 5.1809813579711283e-08,
            "steer": 0.0
        },
        {
            "throttle": 0.16905853325618808,
            "brake": 4.6628832221740156e-08,
            "steer": 0.0
        },
        {
            "throttle": 0.1776166940279753,
            "brake": 4.196594899956614e-08,
            "steer": 0.0
        },
        {
            "throttle": 0.18711507481929446,
            "brake": 3.7769354099609525e-08,
            "steer": 0.0
        },
        {
            "throttle": 0.19744388505506508,
            "brake": 3.399241868964857e-08,
            "steer": 0.0
        },
        {
            "throttle": 0.2084837353213973,
            "brake": 3.0593176820683716e-08,
            "steer": 0.0
        },
        {
            "throttle": 0.22010701737390348,
            "brake": 2.7533859138615345e-08,
            "steer": 0.0
        },
        {
            "throttle": 0.19809631563651314,
            "brake": 0.06566922191677531,
            "steer": 0.0
        },
        {
            "throttle": 0.17828668407286183,
            "brake": 0.12477149686139985,
            "steer": 0.0
        },
        {
            "throttle": 0.16045801566557566,
            "brake": 0.17796354431156194,
            "steer": 0.0
        },
        {
            "throttle": 0.1444122140990181,
            "brake": 0.22583638701670783,
            "steer": 0.0
        },
        {
            "throttle": 0.1299709926891163,
            "brake": 0.26892194545133913,
            "steer": 0.0
        },
        {
            "throttle": 0.11697389342020467,
            "brake": 0.3076989480425073,
            "steer": 0.0
        },
        {
            "throttle": 0.1052765040781842,
            "brake": 0.34259825037455865,
            "steer": 0.0
        },
        {
            "throttle": 0.09474885367036578,
            "brake": 0.3740076224734049,
            "steer": 0.0
        },
        {
            "throttle": 0.08527396830332921,
            "brake": 0.40227605736236655,
            "steer": 0.0
        },
        {
            "throttle": 0.0767465714729963,
            "brake": 0.427717648762432,
            "steer": 0.0
        },
        {
            "throttle": 0.06907191432569666,
            "brake": 0.4506150810224909,
            "steer": 0.0
        },
        {
            "throttle": 0.062164722893126995,
            "brake": 0.47122277005654395,
            "steer": 0.0
        },
        {
            "throttle": 0.055948250603814295,
            "brake": 0.48976969018719163,
            "steer": 0.0
        },
        {
            "throttle": 0.05035342554343287,
            "brake": 0.5064619183047745,
            "steer": 0.0
        },
        {
            "throttle": 0.045318082989089584,
            "brake": 0.5214849236105992,
            "steer": 0.0
        },
        {
            "throttle": 0.040786274690180625,
            "brake": 0.5350056283858413,
            "steer": 0.0
        },
        {
            "throttle": 0.03670764722116256,
            "brake": 0.5471742626835593,
            "steer": 0.0
        },
        {
            "throttle": 0.03303688249904631,
            "brake": 0.5581260335515055,
            "steer": 0.0
        },
        {
            "throttle": 0.029733194249141677,
            "brake": 0.567982627332657,
            "steer": 0.0
        },
        {
            "throttle": 0.02675987482422751,
            "brake": 0.5768535617356934,
            "steer": 0.0
        }
    ],
    "parameters": {
        "fog_density": 52.2083462833482,
        "precipitation": 95.01301958541058,
        "precipitation_deposits": 81.34349986583115,
        "wind_intensity": 48.873651112040136,
        "sun_altitude_angle": 64.28059330053746,
        "cloudiness": 50.63917678991503,
        "lead_base_throttle": 0.2589585444744191,
        "lead_behavior_frequency": 0.1711935394734574,
        "lead_throttle_variation": 0.1671193476782786,
        "lead_brake_probability": 0.24486654557240672,
        "lead_brake_intensity": 0.6566919713630207,
        "lead_brake_duration": 20.336661538094113,
        "initial_distance": 63.23611900563788,
        "initial_ego_velocity": 6.646433286092393,
        "initial_lead_velocity": 14.57623337991788
    },
    "config": {
        "num_timesteps": 200,
        "dt": 0.1,
        "seed": 106
    }
}