{
    "weather": {
        "cloudiness": 71.23210967872392,
        "precipitation": 28.532217220567713,
        "precipitation_deposits": 24.924811898007103,
        "wind_intensity": 14.092830306496978,
        "sun_altitude_angle": 39.54328618972929,
        "fog_density": 78.25872113412879,
        "fog_distance": 73.63579415773677,
        "wetness": 14.266108610283856
    },
    "initial_conditions": {
        "ego": {
            "position": {
                "x": 537.0239494422351,
                "y": 20.57,
                "z": 0.294
            },
            "yaw": 0.0,
            "velocity": 18.48990762757458
        },
        "lead": {
            "position": {
                "x": 484.88,
                "y": 20.57,
                "z": 0.294
            },
            "yaw": 0.0,
            "velocity": 23.906801571879257
        }
    },
    "ego": {
        "position": {
            "x": 537.0239494422351,
            "y": 20.57,
            "z": 0.294
        },
        "yaw": 0.0,
        "velocity": 18.48990762757458
    },
    "lead": {
        "position": {
            "x": 484.88,
            "y": 20.57,
            "z": 0.294
        },
        "yaw": 0.0,
        "velocity": 23.906801571879257
    },
    "ado_actions": [
        {
            "throttle": 0.4389985023838065,
            "brake": 0.0,
            "steer": 0.0
        },
        {
            "throttle": 0.4415040403506573,
            "brake": 0.0,
            "steer": 0.0
        },
        {
            "throttle": 0.4462241248577559,
            "brake": 0.0,
            "steer": 0.0
        },
        {
            "throttle": 0.45285707862629826,
            "brake": 0.0,
            "steer": 0.0
        },
        {
            "throttle": 0.4610929018475399,
            "brake": 0.0,
            "steer": 0.0
        },
        {
            "throttle": 0.47061602037866423,
            "brake": 0.0,
            "steer": 0.0
        },
        {
            "throttle": 0.4811083494029192,
            "brake": 0.0,
            "steer": 0.0
        },
        {
            "throttle": 0.49225260055885106,
            "brake": 0.0,
            "steer": 0.0
        },
        {
            "throttle": 0.5037357588690241,
            "brake": 0.0,
            "steer": 0.0
        },
        {
            "throttle": 0.5152526550876579,
            "brake": 0.0,
            "steer": 0.0
        },
        {
            "throttle": 0.5265095593731564,
            "brake": 0.0,
            "steer": 0.0
        },
        {
            "throttle": 0.5372277234912158,
            "brake": 0.0,
            "steer": 0.0
        },
        {
            "throttle": 0.5471468010643774,
            "brake": 0.0,
            "steer": 0.0
        },
        {
            "throttle": 0.5560280786836772,
            "brake": 0.0,
            "steer": 0.0
        },
        {
            "throttle": 0.5636574549489939,
            "brake": 0.0,
            "steer": 0.0
        },
        {
            "throttle": 0.569848109651499,
            "brake": 0.0,
            "steer": 0.0
        },
        {
            "throttle": 0.5744428112832023,
            "brake": 0.0,
            "steer": 0.0
        },
        {
            "throttle": 0.5773158177693575,
            "brake": 0.0,
            "steer": 0.0
        },
        {
            "throttle": 0.5783743326708599,
            "brake": 0.0,
            "steer": 0.0
        },
        {
            "throttle": 0.5775594869858045,
            "brake": 0.0,
            "steer": 0.0
        },
        {
            "throttle": 0.519803538287224,
            "brake": 0.013389769759268762,
            "steer": 0.0
        },
        {
            "throttle": 0.46782318445850163,
            "brake": 0.025440562542610647,
            "steer": 0.0
        },
        {
            "throttle": 0.42104086601265145,
            "brake": 0.036286276047618346,
            "steer": 0.0
        },
        {
            "throttle": 0.3789367794113863,
            "brake": 0.046047418202125275,
            "steer": 0.0
        },
        {
            "throttle": 0.3410431014702477,
            "brake": 0.05483244614118151,
            "steer": 0.0
        },
        {
            "throttle": 0.30693879132322294,
            "brake": 0.06273897128633213,
            "steer": 0.0
        },
        {
            "throttle": 0.27624491219090064,
            "brake": 0.06985484391696768,
            "steer": 0.0
        },
        {
            "throttle": 0.24862042097181059,
            "brake": 0.07625912928453968,
            "steer": 0.0
        },
        {
            "throttle": 0.22375837887462954,
            "brake": 0.08202298611535447,
            "steer": 0.0
        },
        {
            "throttle": 0.2013825409871666,
            "brake": 0.08721045726308779,
            "steer": 0.0
        },
        {
            "throttle": 0.18124428688844993,
            "brake": 0.09187918129604777,
            "steer": 0.0
        },
        {
            "throttle": 0.16311985819960495,
            "brake": 0.09608103292571177,
            "steer": 0.0
        },
        {
            "throttle": 0.14680787237964446,
            "brake": 0.09986269939240935,
            "steer": 0.0
        },
        {
            "throttle": 0.13212708514168,
            "brake": 0.10326619921243718,
            "steer": 0.0
        },
        {
            "throttle": 0.118914376627512,
            "brake": 0.10632934905046224,
            "steer": 0.0
        },
        {
            "throttle": 0.10702293896476081,
            "brake": 0.10908618390468477,
            "steer": 0.0
        },
        {
            "throttle": 0.09632064506828474,
            "brake": 0.11156733527348506,
            "steer": 0.0
        },
        {
            "throttle": 0.08668858056145626,
            "brake": 0.11380037150540531,
            "steer": 0.0
        },
        {
            "throttle": 0.07801972250531064,
            "brake": 0.11581010411413353,
            "steer": 0.0
        },
        {
            "throttle": 0.07021775025477958,
            "brake": 0.11761886346198894,
            "steer": 0.0
        },
        {
            "throttle": 0.08868998021006719,
            "brake": 0.10585697711579005,
            "steer": 0.0
        },
        {
            "throttle": 0.10637575903916895,
            "brake": 0.09527127940421104,
            "steer": 0.0
        },
        {
            "throttle": 0.12363366920462818,
            "brake": 0.08574415146378994,
            "steer": 0.0
        },
        {
            "throttle": 0.1407647968138911,
            "brake": 0.07716973631741095,
            "steer": 0.0
        },
        {
            "throttle": 0.15801431248577086,
            "brake": 0.06945276268566986,
            "steer": 0.0
        },
        {
            "throttle": 0.14221288123719378,
            "brake": 0.07589725617637164,
            "steer": 0.0
        },
        {
            "throttle": 0.1279915931134744,
            "brake": 0.08169730031800324,
            "steer": 0.0
        },
        {
            "throttle": 0.11519243380212697,
            "brake": 0.08691734004547166,
            "steer": 0.0
        },
        {
            "throttle": 0.10367319042191428,
            "brake": 0.09161537580019327,
            "steer": 0.0
        },
        {
            "throttle": 0.09330587137972285,
            "brake": 0.09584360797944272,
            "steer": 0.0
        },
        {
            "throttle": 0.08397528424175056,
            "brake": 0.09964901694076722,
            "steer": 0.0
        },
        {
            "throttle": 0.0755777558175755,
            "brake": 0.10307388500595926,
            "steer": 0.0
        },
        {
            "throttle": 0.06801998023581796,
            "brake": 0.1061562662646321,
            "steer": 0.0
        },
        {
            "throttle": 0.06121798221223616,
            "brake": 0.10893040939743764,
            "steer": 0.0
        },
        {
            "throttle": 0.05509618399101255,
            "brake": 0.11142713821696265,
            "steer": 0.0
        },
        {
            "throttle": 0.0495865655919113,
            "brake": 0.11367419415453514,
            "steer": 0.0
        },
        {
            "throttle": 0.04462790903272017,
            "brake": 0.1156965444983504,
            "steer": 0.0
        },
        {
            "throttle": 0.04016511812944815,
            "brake": 0.11751665980778411,
            "steer": 0.0
        },
        {
            "throttle": 0.03614860631650334,
            "brake": 0.11915476358627447,
            "steer": 0.0
        },
        {
            "throttle": 0.032533745684853003,
            "brake": 0.12062905698691578,
            "steer": 0.0
        },
        {
            "throttle": 0.029280371116367703,
            "brake": 0.12195592104749298,
            "steer": 0.0
        },
        {
            "throttle": 0.026352334004730932,
            "brake": 0.12315009870201243,
            "steer": 0.0
        },
        {
            "throttle": 0.02371710060425784,
            "brake": 0.12422485859107996,
            "steer": 0.0
        },
        {
            "throttle": 0.021345390543832055,
            "brake": 0.12519214249124072,
            "steer": 0.0
        },
        {
            "throttle": 0.01921085148944885,
            "brake": 0.12606269800138542,
            "steer": 0.0
        },
        {
            "throttle": 0.017289766340503967,
            "brake": 0.12684619796051563,
            "steer": 0.0
        },
        {
            "throttle": 0.015560789706453571,
            "brake": 0.12755134792373282,
            "steer": 0.0
        },
        {
            "throttle": 0.014004710735808215,
            "brake": 0.1281859828906283,
            "steer": 0.0
        },
        {
            "throttle": 0.012604239662227394,
            "brake": 0.12875715436083424,
            "steer": 0.0
        },
        {
            "throttle": 0.011343815696004655,
            "brake": 0.1292712086840196,
            "steer": 0.0
        },
        {
            "throttle": 0.010209434126404189,
            "brake": 0.1297338575748864,
            "steer": 0.0
        },
        {
            "throttle": 0.00918849071376377,
            "brake": 0.13015024157666652,
            "steer": 0.0
        },
        {
            "throttle": 0.008269641642387394,
            "brake": 0.13052498717826863,
            "steer": 0.0
        },
        {
            "throttle": 0.007442677478148655,
            "brake": 0.13086225821971054,
            "steer": 0.0
        },
        {
            "throttle": 0.00669840973033379,
            "brake": 0.13116580215700824,
            "steer": 0.0
        },
        {
            "throttle": 0.0060285687573004105,
            "brake": 0.13143899170057619,
            "steer": 0.0
        },
        {
            "throttle": 0.005425711881570369,
            "brake": 0.13168486228978732,
            "steer": 0.0
        },
        {
            "throttle": 0.004883140693413332,
            "brake": 0.13190614582007734,
            "steer": 0.0
        },
        {
            "throttle": 0.004394826624071999,
            "brake": 0.13210530099733836,
            "steer": 0.0
        },
        {
            "throttle": 0.003955343961664799,
            "brake": 0.13228454065687328,
            "steer": 0.0
        },
        {
            "throttle": 0.0035598095654983193,
            "brake": 0.13244585635045472,
            "steer": 0.0
        },
        {
            "throttle": 0.0032038286089484873,
            "brake": 0.132591040474678,
            "steer": 0.0
        },
        {
            "throttle": 0.0028834457480536387,
            "brake": 0.13272170618647897,
            "steer": 0.0
        },
        {
            "throttle": 0.002595101173248275,
            "brake": 0.13283930532709984,
            "steer": 0.0
        },
        {
            "throttle": 0.0023355910559234474,
            "brake": 0.1329451445536586,
            "steer": 0.0
        },
        {
            "throttle": 0.026594712948185086,
            "brake": 0.11965063009829274,
            "steer": 0.0
        },
        {
            "throttle": 0.04811170028877336,
            "brake": 0.10768556708846347,
            "steer": 0.0
        },
        {
            "throttle": 0.06747908827490126,
            "brake": 0.09691701037961713,
            "steer": 0.0
        },
        {
            "throttle": 0.08523012470154251,
            "brake": 0.08722530934165541,
            "steer": 0.0
        },
        {
            "throttle": 0.10183956175827588,
            "brake": 0.07850277840748987,
            "steer": 0.0
        },
        {
            "throttle": 0.11772445209995772,
            "brake": 0.07065250056674088,
            "steer": 0.0
        },
        {
            "throttle": 0.13324503032363064,
            "brake": 0.06358725051006679,
            "steer": 0.0
        },
        {
            "throttle": 0.14870575020763677,
            "brake": 0.05722852545906011,
            "steer": 0.0
        },
        {
            "throttle": 0.16435653709677153,
            "brake": 0.0515056729131541,
            "steer": 0.0
        },
        {
            "throttle": 0.18039430373259296,
            "brake": 0.04635510562183869,
            "steer": 0.0
        },
        {
            "throttle": 0.19696476672500704,
            "brake": 0.04171959505965482,
            "steer": 0.0
        },
        {
            "throttle": 0.21416458984305364,
            "brake": 0.03754763555368934,
            "steer": 0.0
        },
        {
            "throttle": 0.23204386947873443,
            "brake": 0.03379287199832041,
            "steer": 0.0
        },
        {
            "throttle": 0.250608967120784,
            "brake": 0.030413584798488366,
            "steer": 0.0
        },
        {
            "throttle": 0.26982568357973413,
            "brake": 0.02737222631863953,
            "steer": 0.0
        },
        {
            "throttle": 0.2896227601444436,
            "brake": 0.02463500368677558,
            "steer": 0.0
        },
        {
            "throttle": 0.3098956829328277,
            "brake": 0.022171503318098022,
            "steer": 0.0
        },
        {
            "throttle": 0.33051075852928286,
            "brake": 0.01995435298628822,
            "steer": 0.0
        },
        {
            "throttle": 0.3513094216737198,
            "brake": 0.0179589176876594,
            "steer": 0.0
        },
        {
            "throttle": 0.3721127293676831,
            "brake": 0.01616302591889346,
            "steer": 0.0
        },
        {
            "throttle": 0.3927259903655359,
            "brake": 0.014546723327004114,
            "steer": 0.0
        },
        {
            "throttle": 0.41294347468369946,
            "brake": 0.013092050994303703,
            "steer": 0.0
        },
        {
            "throttle": 0.43255314453452587,
            "brake": 0.011782845894873334,
            "steer": 0.0
        },
        {
            "throttle": 0.45134134600412945,
            "brake": 0.010604561305386,
            "steer": 0.0
        },
        {
            "throttle": 0.46909739985973664,
            "brake": 0.0095441051748474,
            "steer": 0.0
        },
        {
            "throttle": 0.48561803008949866,
            "brake": 0.00858969465736266,
            "steer": 0.0
        },
        {
            "throttle": 0.5007115701270595,
            "brake": 0.0077307251916263935,
            "steer": 0.0
        },
        {
            "throttle": 0.5142018891586002,
            "brake": 0.006957652672463754,
            "steer": 0.0
        },
        {
            "throttle": 0.5259319843994313,
            "brake": 0.006261887405217379,
            "steer": 0.0
        },
        {
            "throttle": 0.5357671896927289,
            "brake": 0.005635698664695641,
            "steer": 0.0
        },
        {
            "throttle": 0.5435979561423603,
            "brake": 0.005072128798226077,
            "steer": 0.0
        },
        {
            "throttle": 0.5493421666491682,
            "brake": 0.004564915918403469,
            "steer": 0.0
        },
        {
            "throttle": 0.5529469530678683,
            "brake": 0.004108424326563122,
            "steer": 0.0
        },
        {
            "throttle": 0.5543899921218572,
            "brake": 0.0036975818939068102,
            "steer": 0.0
        },
        {
            "throttle": 0.5536802640792162,
            "brake": 0.003327823704516129,
            "steer": 0.0
        },
        {
            "throttle": 0.5508582663720102,
            "brake": 0.0029950413340645164,
            "steer": 0.0
        },
        {
            "throttle": 0.5459956826951544,
            "brake": 0.002695537200658065,
            "steer": 0.0
        },
        {
            "throttle": 0.5391945165109081,
            "brake": 0.0024259834805922583,
            "steer": 0.0
        },
        {
            "throttle": 0.530585706170617,
            "brake": 0.0021833851325330327,
            "steer": 0.0
        },
        {
            "throttle": 0.5203272469089617,
            "brake": 0.0019650466192797293,
            "steer": 0.0
        },
        {
            "throttle": 0.508601852634276,
            "brake": 0.0017685419573517565,
            "steer": 0.0
        },
        {
            "throttle": 0.4956141976044765,
            "brake": 0.0015916877616165808,
            "steer": 0.0
        },
        {
            "throttle": 0.4815877846232561,
            "brake": 0.0014325189854549228,
            "steer": 0.0
        },
        {
            "throttle": 0.46676149220716784,
            "brake": 0.0012892670869094306,
            "steer": 0.0
        },
        {
            "throttle": 0.451385858164863,
            "brake": 0.0011603403782184875,
            "steer": 0.0
        },
        {
            "throttle": 0.4357191611123737,
            "brake": 0.0010443063403966389,
            "steer": 0.0
        },
        {
            "throttle": 0.4200233645551558,
            "brake": 0.000939875706356975,
            "steer": 0.0
        },
        {
            "throttle": 0.4045599902467733,
            "brake": 0.0008458881357212776,
            "steer": 0.0
        },
        {
            "throttle": 0.38958598855050947,
            "brake": 0.0007612993221491498,
            "steer": 0.0
        },
        {
            "throttle": 0.375349673466044,
            "brake": 0.0006851693899342349,
            "steer": 0.0
        },
        {
            "throttle": 0.3620867888384185,
            "brake": 0.0006166524509408114,
            "steer": 0.0
        },
        {
            "throttle": 0.3500167700581842,
            "brake": 0.0005549872058467302,
            "steer": 0.0
        },
        {
            "throttle": 0.33933926232450706,
            "brake": 0.0004994884852620572,
            "steer": 0.0
        },
        {
            "throttle": 0.33023095232843813,
            "brake": 0.0004495396367358515,
            "steer": 0.0
        },
        {
            "throttle": 0.32284276508873117,
            "brake": 0.00040458567306226635,
            "steer": 0.0
        },
        {
            "throttle": 0.29055848857985805,
            "brake": 0.013753896865024802,
            "steer": 0.0
        },
        {
            "throttle": 0.26150263972187227,
            "brake": 0.025768276937791084,
            "steer": 0.0
        },
        {
            "throttle": 0.23535237574968504,
            "brake": 0.036581219003280735,
            "steer": 0.0
        },
        {
            "throttle": 0.21181713817471653,
            "brake": 0.04631286686222143,
            "steer": 0.0
        },
        {
            "throttle": 0.1906354243572449,
            "brake": 0.05507134993526805,
            "steer": 0.0
        },
        {
            "throttle": 0.17157188192152042,
            "brake": 0.06295398470101,
            "steer": 0.0
        },
        {
            "throttle": 0.1544146937293684,
            "brake": 0.07004835599017777,
            "steer": 0.0
        },
        {
            "throttle": 0.13897322435643156,
            "brake": 0.07643329015042874,
            "steer": 0.0
        },
        {
            "throttle": 0.1250759019207884,
            "brake": 0.08217973089465463,
            "steer": 0.0
        },
        {
            "throttle": 0.11256831172870957,
            "brake": 0.08735152756445794,
            "steer": 0.0
        },
        {
            "throttle": 0.10131148055583862,
            "brake": 0.0920061445672809,
            "steer": 0.0
        },
        {
            "throttle": 0.09118033250025476,
            "brake": 0.09619529986982159,
            "steer": 0.0
        },
        {
            "throttle": 0.08206229925022929,
            "brake": 0.09996553964210819,
            "steer": 0.0
        },
        {
            "throttle": 0.07385606932520636,
            "brake": 0.10335875543716613,
            "steer": 0.0
        },
        {
            "throttle": 0.06647046239268573,
            "brake": 0.1064126496527183,
            "steer": 0.0
        },
        {
            "throttle": 0.05982341615341715,
            "brake": 0.10916115444671523,
            "steer": 0.0
        },
        {
            "throttle": 0.053841074538075434,
            "brake": 0.11163480876131246,
            "steer": 0.0
        },
        {
            "throttle": 0.048456967084267895,
            "brake": 0.11386109764444999,
            "steer": 0.0
        },
        {
            "throttle": 0.04361127037584111,
            "brake": 0.11586475763927376,
            "steer": 0.0
        },
        {
            "throttle": 0.039250143338257,
            "brake": 0.11766805163461513,
            "steer": 0.0
        },
        {
            "throttle": 0.09892376113487826,
            "brake": 0.10590124647115362,
            "steer": 0.0
        },
        {
            "throttle": 0.1526717112280063,
            "brake": 0.09531112182403827,
            "steer": 0.0
        },
        {
            "throttle": 0.2007679629162416,
            "brake": 0.08578000964163444,
            "steer": 0.0
        },
        {
            "throttle": 0.24346355759540853,
            "brake": 0.077202008677471,
            "steer": 0.0
        },
        {
            "throttle": 0.2809939713621663,
            "brake": 0.0694818078097239,
            "steer": 0.0
        },
        {
            "throttle": 0.31358558740704845,
            "brake": 0.06253362702875152,
            "steer": 0.0
        },
        {
            "throttle": 0.34146128787939484,
            "brake": 0.05628026432587637,
            "steer": 0.0
        },
        {
            "throttle": 0.3648451777035149,
            "brake": 0.05065223789328874,
            "steer": 0.0
        },
        {
            "throttle": 0.3839664565623055,
            "brake": 0.045587014103959864,
            "steer": 0.0
        },
        {
            "throttle": 0.39906245976699817,
            "brake": 0.04102831269356388,
            "steer": 0.0
        },
        {
            "throttle": 0.41038089382432835,
            "brake": 0.03692548142420749,
            "steer": 0.0
        },
        {
            "throttle": 0.41818129802055976,
            "brake": 0.033232933281786746,
            "steer": 0.0
        },
        {
            "throttle": 0.4227357690933503,
            "brake": 0.029909639953608073,
            "steer": 0.0
        },
        {
            "throttle": 0.4243289918897005,
            "brake": 0.026918675958247266,
            "steer": 0.0
        },
        {
            "throttle": 0.4232576246497301,
            "brake": 0.02422680836242254,
            "steer": 0.0
        },
        {
            "throttle": 0.4198290930584617,
            "brake": 0.021804127526180286,
            "steer": 0.0
        },
        {
            "throttle": 0.41435985232775346,
            "brake": 0.01962371477356226,
            "steer": 0.0
        },
        {
            "throttle": 0.4071731811762431,
            "brake": 0.017661343296206035,
            "steer": 0.0
        },
        {
            "throttle": 0.39859657554810035,
            "brake": 0.01589520896658543,
            "steer": 0.0
        },
        {
            "throttle": 0.38895881314759767,
            "brake": 0.014305688069926888,
            "steer": 0.0
        },
        {
            "throttle": 0.37858676227797117,
            "brake": 0.0128751192629342,
            "steer": 0.0
        },
        {
            "throttle": 0.36780200998857837,
            "brake": 0.01158760733664078,
            "steer": 0.0
        },
        {
            "throttle": 0.3569173851005093,
            "brake": 0.010428846602976702,
            "steer": 0.0
        },
        {
            "throttle": 0.34623345126231403,
            "brake": 0.009385961942679032,
            "steer": 0.0
        },
        {
            "throttle": 0.3360350437676299,
            "brake": 0.008447365748411128,
            "steer": 0.0
        },
        {
            "throttle": 0.32658792144698884,
            "brake": 0.007602629173570016,
            "steer": 0.0
        },
        {
            "throttle": 0.3181356015469764,
            "brake": 0.006842366256213014,
            "steer": 0.0
        },
        {
            "throttle": 0.2863220413922788,
            "brake": 0.019547899389860474,
            "steer": 0.0
        },
        {
            "throttle": 0.25768983725305095,
            "brake": 0.03098287921014319,
            "steer": 0.0
        },
        {
            "throttle": 0.23192085352774586,
            "brake": 0.04127436104839763,
            "steer": 0.0
        },
        {
            "throttle": 0.20872876817497127,
            "brake": 0.05053669470282663,
            "steer": 0.0
        },
        {
            "throttle": 0.18785589135747416,
            "brake": 0.05887279499181273,
            "steer": 0.0
        },
        {
            "throttle": 0.16907030222172675,
            "brake": 0.06637528525190022,
            "steer": 0.0
        },
        {
            "throttle": 0.1521632719995541,
            "brake": 0.07312752648597895,
            "steer": 0.0
        },
        {
            "throttle": 0.13694694479959868,
            "brake": 0.07920454359664983,
            "steer": 0.0
        },
        {
            "throttle": 0.12325225031963881,
            "brake": 0.0846738589962536,
            "steer": 0.0
        },
        {
            "throttle": 0.11092702528767492,
            "brake": 0.08959624285589701,
            "steer": 0.0
        },
        {
            "throttle": 0.09983432275890744,
            "brake": 0.09402638832957608,
            "steer": 0.0
        },
        {
            "throttle": 0.0898508904830167,
            "brake": 0.09801351925588722,
            "steer": 0.0
        },
        {
            "throttle": 0.08086580143471503,
            "brake": 0.10160193708956727,
            "steer": 0.0
        }
    ],
    "parameters": {
        "fog_density": 78.25872113412879,
        "precipitation": 28.532217220567713,
        "precipitation_deposits": 24.924811898007103,
        "wind_intensity": 14.092830306496978,
        "sun_altitude_angle": 39.54328618972929,
        "cloudiness": 71.23210967872392,
        "lead_base_throttle": 0.4389985023838065,
        "lead_behavior_frequency": 0.20232752438849289,
        "lead_throttle_variation": 0.1976225773231315,
        "lead_brake_probability": 0.15945395385343472,
        "lead_brake_intensity": 0.1338976975926876,
        "lead_brake_duration": 20.34651461348796,
        "initial_distance": 52.14394944223516,
        "initial_ego_velocity": 18.48990762757458,
        "initial_lead_velocity": 23.906801571879257
    },
    "config": {
        "num_timesteps": 200,
        "dt": 0.1,
        "seed": 175
    }
}