{
    "weather": {
        "cloudiness": 51.71809600862112,
        "precipitation": 22.980445826471495,
        "precipitation_deposits": 11.23738626468217,
        "wind_intensity": 42.58710163410051,
        "sun_altitude_angle": -26.753697213642837,
        "fog_density": 61.83128241396136,
        "fog_distance": 127.3211369008929,
        "wetness": 11.490222913235748
    },
    "initial_conditions": {
        "ego": {
            "position": {
                "x": 519.6702149824779,
                "y": 20.57,
                "z": 0.294
            },
            "yaw": 0.0,
            "velocity": 6.437874816876306
        },
        "lead": {
            "position": {
                "x": 484.88,
                "y": 20.57,
                "z": 0.294
            },
            "yaw": 0.0,
            "velocity": 19.614199684355796
        }
    },
    "ego": {
        "position": {
            "x": 519.6702149824779,
            "y": 20.57,
            "z": 0.294
        },
        "yaw": 0.0,
        "velocity": 6.437874816876306
    },
    "lead": {
        "position": {
            "x": 484.88,
            "y": 20.57,
            "z": 0.294
        },
        "yaw": 0.0,
        "velocity": 19.614199684355796
    },
    "ado_actions": [
        {
            "throttle": 0.5018761736951322,
            "brake": 0.0,
            "steer": 0.0
        },
        {
            "throttle": 0.5068879187936264,
            "brake": 0.0,
            "steer": 0.0
        },
        {
            "throttle": 0.516320925528393,
            "brake": 0.0,
            "steer": 0.0
        },
        {
            "throttle": 0.5295560413104388,
            "brake": 0.0,
            "steer": 0.0
        },
        {
            "throttle": 0.5459514659353794,
            "brake": 0.0,
            "steer": 0.0
        },
        {
            "throttle": 0.5648496778482768,
            "brake": 0.0,
            "steer": 0.0
        },
        {
            "throttle": 0.5855850916189185,
            "brake": 0.0,
            "steer": 0.0
        },
        {
            "throttle": 0.6074922650661516,
            "brake": 0.0,
            "steer": 0.0
        },
        {
            "throttle": 0.6299144691857468,
            "brake": 0.0,
            "steer": 0.0
        },
        {
            "throttle": 0.6522124316306449,
            "brake": 0.0,
            "steer": 0.0
        },
        {
            "throttle": 0.6737730650533121,
            "brake": 0.0,
            "steer": 0.0
        },
        {
            "throttle": 0.6940179951778906,
            "brake": 0.0,
            "steer": 0.0
        },
        {
            "throttle": 0.7124117099980178,
            "brake": 0.0,
            "steer": 0.0
        },
        {
            "throttle": 0.7284691609111482,
            "brake": 0.0,
            "steer": 0.0
        },
        {
            "throttle": 0.7417626587637709,
            "brake": 0.0,
            "steer": 0.0
        },
        {
            "throttle": 0.7519279225039427,
            "brake": 0.0,
            "steer": 0.0
        },
        {
            "throttle": 0.7586691551796916,
            "brake": 0.0,
            "steer": 0.0
        },
        {
            "throttle": 0.7617630411019614,
            "brake": 0.0,
            "steer": 0.0
        },
        {
            "throttle": 0.7610615787882806,
            "brake": 0.0,
            "steer": 0.0
        },
        {
            "throttle": 0.7564936864651124,
            "brake": 0.0,
            "steer": 0.0
        },
        {
            "throttle": 0.7480655400536755,
            "brake": 0.0,
            "steer": 0.0
        },
        {
            "throttle": 0.7358596272976186,
            "brake": 0.0,
            "steer": 0.0
        },
        {
            "throttle": 0.7200325256010576,
            "brake": 0.0,
            "steer": 0.0
        },
        {
            "throttle": 0.7008114348175749,
            "brake": 0.0,
            "steer": 0.0
        },
        {
            "throttle": 0.6784895192532786,
            "brake": 0.0,
            "steer": 0.0
        },
        {
            "throttle": 0.6534201351189822,
            "brake": 0.0,
            "steer": 0.0
        },
        {
            "throttle": 0.5880781216070841,
            "brake": 0.047445542741811814,
            "steer": 0.0
        },
        {
            "throttle": 0.5292703094463757,
            "brake": 0.09014653120944244,
            "steer": 0.0
        },
        {
            "throttle": 0.4763432785017381,
            "brake": 0.12857742083031,
            "steer": 0.0
        },
        {
            "throttle": 0.4287089506515643,
            "brake": 0.16316522148909082,
            "steer": 0.0
        },
        {
            "throttle": 0.3858380555864079,
            "brake": 0.19429424208199356,
            "steer": 0.0
        },
        {
            "throttle": 0.3472542500277671,
            "brake": 0.22231036061560602,
            "steer": 0.0
        },
        {
            "throttle": 0.3125288250249904,
            "brake": 0.24752486729585724,
            "steer": 0.0
        },
        {
            "throttle": 0.2812759425224914,
            "brake": 0.27021792330808336,
            "steer": 0.0
        },
        {
            "throttle": 0.25314834827024224,
            "brake": 0.29064167371908683,
            "steer": 0.0
        },
        {
            "throttle": 0.22783351344321803,
            "brake": 0.3090230490889899,
            "steer": 0.0
        },
        {
            "throttle": 0.20505016209889623,
            "brake": 0.3255662869219027,
            "steer": 0.0
        },
        {
            "throttle": 0.1845451458890066,
            "brake": 0.34045520097152426,
            "steer": 0.0
        },
        {
            "throttle": 0.16609063130010596,
            "brake": 0.3538552236161837,
            "steer": 0.0
        },
        {
            "throttle": 0.14948156817009536,
            "brake": 0.3659152439963772,
            "steer": 0.0
        },
        {
            "throttle": 0.13453341135308583,
            "brake": 0.37676926233855135,
            "steer": 0.0
        },
        {
            "throttle": 0.12108007021777725,
            "brake": 0.38653787884650803,
            "steer": 0.0
        },
        {
            "throttle": 0.10897206319599953,
            "brake": 0.395329633703669,
            "steer": 0.0
        },
        {
            "throttle": 0.09807485687639958,
            "brake": 0.403242213075114,
            "steer": 0.0
        },
        {
            "throttle": 0.08826737118875963,
            "brake": 0.41036353450941443,
            "steer": 0.0
        },
        {
            "throttle": 0.07944063406988366,
            "brake": 0.41677272380028485,
            "steer": 0.0
        },
        {
            "throttle": 0.0714965706628953,
            "brake": 0.42254099416206814,
            "steer": 0.0
        },
        {
            "throttle": 0.06434691359660577,
            "brake": 0.4277324374876732,
            "steer": 0.0
        },
        {
            "throttle": 0.05791222223694519,
            "brake": 0.43240473648071776,
            "steer": 0.0
        },
        {
            "throttle": 0.05212100001325067,
            "brake": 0.43660980557445783,
            "steer": 0.0
        },
        {
            "throttle": 0.0469089000119256,
            "brake": 0.4403943677588239,
            "steer": 0.0
        },
        {
            "throttle": 0.04221801001073305,
            "brake": 0.4438004737247533,
            "steer": 0.0
        },
        {
            "throttle": 0.03799620900965974,
            "brake": 0.4468659690940898,
            "steer": 0.0
        },
        {
            "throttle": 0.03419658810869377,
            "brake": 0.4496249149264927,
            "steer": 0.0
        },
        {
            "throttle": 0.03077692929782439,
            "brake": 0.4521079661756553,
            "steer": 0.0
        },
        {
            "throttle": 0.11079020468330136,
            "brake": 0.4068971695580898,
            "steer": 0.0
        },
        {
            "throttle": 0.18494026744400827,
            "brake": 0.3662074526022808,
            "steer": 0.0
        },
        {
            "throttle": 0.2531890023349782,
            "brake": 0.32958670734205275,
            "steer": 0.0
        },
        {
            "throttle": 0.31547513199082466,
            "brake": 0.2966280366078475,
            "steer": 0.0
        },
        {
            "throttle": 0.3717281412218197,
            "brake": 0.26696523294706276,
            "steer": 0.0
        },
        {
            "throttle": 0.4218810826936006,
            "brake": 0.2402687096523565,
            "steer": 0.0
        },
        {
            "throttle": 0.4658821641175517,
            "brake": 0.21624183868712085,
            "steer": 0.0
        },
        {
            "throttle": 0.5037050259599649,
            "brake": 0.19461765481840876,
            "steer": 0.0
        },
        {
            "throttle": 0.5353576304638463,
            "brake": 0.1751558893365679,
            "steer": 0.0
        },
        {
            "throttle": 0.5608896971293517,
            "brake": 0.1576403004029111,
            "steer": 0.0
        },
        {
            "throttle": 0.5803986363460724,
            "brake": 0.14187627036262,
            "steer": 0.0
        },
        {
            "throttle": 0.5940339512139207,
            "brake": 0.127688643326358,
            "steer": 0.0
        },
        {
            "throttle": 0.6020000973087749,
            "brake": 0.11491977899372219,
            "steer": 0.0
        },
        {
            "throttle": 0.6045578108087298,
            "brake": 0.10342780109434997,
            "steer": 0.0
        },
        {
            "throttle": 0.6020239365528409,
            "brake": 0.09308502098491497,
            "steer": 0.0
        },
        {
            "throttle": 0.594769808811448,
            "brake": 0.08377651888642348,
            "steer": 0.0
        },
        {
            "throttle": 0.5832182583662349,
            "brake": 0.07539886699778114,
            "steer": 0.0
        },
        {
            "throttle": 0.5678393395028871,
            "brake": 0.06785898029800304,
            "steer": 0.0
        },
        {
            "throttle": 0.5491448893033568,
            "brake": 0.06107308226820274,
            "steer": 0.0
        },
        {
            "throttle": 0.5276820488088504,
            "brake": 0.05496577404138247,
            "steer": 0.0
        },
        {
            "throttle": 0.5040258908622436,
            "brake": 0.04946919663724422,
            "steer": 0.0
        },
        {
            "throttle": 0.4787713124219062,
            "brake": 0.0445222769735198,
            "steer": 0.0
        },
        {
            "throttle": 0.45252435960392895,
            "brake": 0.04007004927616782,
            "steer": 0.0
        },
        {
            "throttle": 0.42589316144062367,
            "brake": 0.03606304434855104,
            "steer": 0.0
        },
        {
            "throttle": 0.39947865317574616,
            "brake": 0.03245673991369594,
            "steer": 0.0
        },
        {
            "throttle": 0.37386527174126744,
            "brake": 0.029211065922326345,
            "steer": 0.0
        },
        {
            "throttle": 0.3496118048227831,
            "brake": 0.02628995933009371,
            "steer": 0.0
        },
        {
            "throttle": 0.3272425706235986,
            "brake": 0.02366096339708434,
            "steer": 0.0
        },
        {
            "throttle": 0.30723909814039985,
            "brake": 0.021294867057375908,
            "steer": 0.0
        },
        {
            "throttle": 0.29003246758064444,
            "brake": 0.01916538035163832,
            "steer": 0.0
        },
        {
            "throttle": 0.2759964576508079,
            "brake": 0.017248842316474486,
            "steer": 0.0
        },
        {
            "throttle": 0.26544163104264484,
            "brake": 0.015523958084827037,
            "steer": 0.0
        },
        {
            "throttle": 0.2586104718047718,
            "brake": 0.013971562276344333,
            "steer": 0.0
        },
        {
            "throttle": 0.2556736687132447,
            "brake": 0.0125744060487099,
            "steer": 0.0
        },
        {
            "throttle": 0.23010630184192024,
            "brake": 0.05876250818565072,
            "steer": 0.0
        },
        {
            "throttle": 0.20709567165772821,
            "brake": 0.10033180010889747,
            "steer": 0.0
        },
        {
            "throttle": 0.1863861044919554,
            "brake": 0.13774416283981955,
            "steer": 0.0
        },
        {
            "throttle": 0.16774749404275985,
            "brake": 0.17141528929764943,
            "steer": 0.0
        },
        {
            "throttle": 0.15097274463848387,
            "brake": 0.2017193031096963,
            "steer": 0.0
        },
        {
            "throttle": 0.1358754701746355,
            "brake": 0.2289929155405385,
            "steer": 0.0
        },
        {
            "throttle": 0.12228792315717195,
            "brake": 0.25353916672829646,
            "steer": 0.0
        },
        {
            "throttle": 0.11005913084145476,
            "brake": 0.27563079279727865,
            "steer": 0.0
        },
        {
            "throttle": 0.09905321775730928,
            "brake": 0.2955132562593626,
            "steer": 0.0
        },
        {
            "throttle": 0.08914789598157835,
            "brake": 0.3134074733752381,
            "steer": 0.0
        },
        {
            "throttle": 0.08023310638342052,
            "brake": 0.3295122687795261,
            "steer": 0.0
        },
        {
            "throttle": 0.07220979574507846,
            "brake": 0.3440065846433853,
            "steer": 0.0
        },
        {
            "throttle": 0.06498881617057062,
            "brake": 0.3570514689208586,
            "steer": 0.0
        },
        {
            "throttle": 0.058489934553513555,
            "brake": 0.36879186477058457,
            "steer": 0.0
        },
        {
            "throttle": 0.0526409410981622,
            "brake": 0.3793582210353379,
            "steer": 0.0
        },
        {
            "throttle": 0.04737684698834598,
            "brake": 0.38886794167361594,
            "steer": 0.0
        },
        {
            "throttle": 0.04263916228951138,
            "brake": 0.3974266902480662,
            "steer": 0.0
        },
        {
            "throttle": 0.038375246060560246,
            "brake": 0.4051295639650714,
            "steer": 0.0
        },
        {
            "throttle": 0.03453772145450422,
            "brake": 0.4120621503103761,
            "steer": 0.0
        },
        {
            "throttle": 0.0310839493090538,
            "brake": 0.41830147802115025,
            "steer": 0.0
        },
        {
            "throttle": 0.02797555437814842,
            "brake": 0.423916872960847,
            "steer": 0.0
        },
        {
            "throttle": 0.02517799894033358,
            "brake": 0.42897072840657413,
            "steer": 0.0
        },
        {
            "throttle": 0.02266019904630022,
            "brake": 0.43351919830772856,
            "steer": 0.0
        },
        {
            "throttle": 0.0203941791416702,
            "brake": 0.43761282121876754,
            "steer": 0.0
        },
        {
            "throttle": 0.01835476122750318,
            "brake": 0.44129708183870264,
            "steer": 0.0
        },
        {
            "throttle": 0.016519285104752864,
            "brake": 0.44461291639664424,
            "steer": 0.0
        },
        {
            "throttle": 0.014867356594277579,
            "brake": 0.44759716749879164,
            "steer": 0.0
        },
        {
            "throttle": 0.01338062093484982,
            "brake": 0.4502829934907243,
            "steer": 0.0
        },
        {
            "throttle": 0.012042558841364839,
            "brake": 0.4527002368834637,
            "steer": 0.0
        },
        {
            "throttle": 0.0589299802197339,
            "brake": 0.40743021319511735,
            "steer": 0.0
        },
        {
            "throttle": 0.09614337025109199,
            "brake": 0.3666871918756056,
            "steer": 0.0
        },
        {
            "throttle": 0.12477631908869508,
            "brake": 0.3300184726880451,
            "steer": 0.0
        },
        {
            "throttle": 0.14589964673674377,
            "brake": 0.29701662541924057,
            "steer": 0.0
        },
        {
            "throttle": 0.1605598884136804,
            "brake": 0.26731496287731654,
            "steer": 0.0
        },
        {
            "throttle": 0.16977645593849547,
            "brake": 0.2405834665895849,
            "steer": 0.0
        },
        {
            "throttle": 0.17453770139696365,
            "brake": 0.21652511993062643,
            "steer": 0.0
        },
        {
            "throttle": 0.17579611133872441,
            "brake": 0.19487260793756378,
            "steer": 0.0
        },
        {
            "throttle": 0.17446285943942938,
            "brake": 0.1753853471438074,
            "steer": 0.0
        },
        {
            "throttle": 0.17140194276477436,
            "brake": 0.15784681242942666,
            "steer": 0.0
        },
        {
            "throttle": 0.16742412138685464,
            "brake": 0.142062131186484,
            "steer": 0.0
        },
        {
            "throttle": 0.16328087308162434,
            "brake": 0.1278559180678356,
            "steer": 0.0
        },
        {
            "throttle": 0.1596585641941802,
            "brake": 0.11507032626105206,
            "steer": 0.0
        },
        {
            "throttle": 0.15717302457050938,
            "brake": 0.10356329363494685,
            "steer": 0.0
        },
        {
            "throttle": 0.15636469885151902,
            "brake": 0.09320696427145217,
            "steer": 0.0
        },
        {
            "throttle": 0.15769452859228056,
            "brake": 0.08388626784430696,
            "steer": 0.0
        },
        {
            "throttle": 0.1615406998402356,
            "brake": 0.07549764105987626,
            "steer": 0.0
        },
        {
            "throttle": 0.16819636925834985,
            "brake": 0.06794787695388864,
            "steer": 0.0
        },
        {
            "throttle": 0.1778684589287941,
            "brake": 0.06115308925849978,
            "steer": 0.0
        },
        {
            "throttle": 0.19067758596739204,
            "brake": 0.0550377803326498,
            "steer": 0.0
        },
        {
            "throttle": 0.20665916839145274,
            "brake": 0.049534002299384816,
            "steer": 0.0
        },
        {
            "throttle": 0.22576572370401635,
            "brake": 0.044580602069446335,
            "steer": 0.0
        },
        {
            "throttle": 0.24787035178646505,
            "brake": 0.0401225418625017,
            "steer": 0.0
        },
        {
            "throttle": 0.2727713693319021,
            "brake": 0.03611028767625153,
            "steer": 0.0
        },
        {
            "throttle": 0.30019803960159286,
            "brake": 0.03249925890862638,
            "steer": 0.0
        },
        {
            "throttle": 0.32981731913142304,
            "brake": 0.02924933301776374,
            "steer": 0.0
        },
        {
            "throttle": 0.3612415225202681,
            "brake": 0.02632439971598737,
            "steer": 0.0
        },
        {
            "throttle": 0.3940367879362373,
            "brake": 0.023691959744388633,
            "steer": 0.0
        },
        {
            "throttle": 0.4277322097858219,
            "brake": 0.02132276376994977,
            "steer": 0.0
        },
        {
            "throttle": 0.46182949137220386,
            "brake": 0.019190487392954793,
            "steer": 0.0
        },
        {
            "throttle": 0.49581295954583116,
            "brake": 0.017271438653659314,
            "steer": 0.0
        },
        {
            "throttle": 0.5291597754984063,
            "brake": 0.015544294788293384,
            "steer": 0.0
        },
        {
            "throttle": 0.5613501710950218,
            "brake": 0.013989865309464045,
            "steer": 0.0
        },
        {
            "throttle": 0.5918775385490472,
            "brake": 0.01259087877851764,
            "steer": 0.0
        },
        {
            "throttle": 0.620258202836264,
            "brake": 0.011331790900665877,
            "steer": 0.0
        },
        {
            "throttle": 0.6460407109789259,
            "brake": 0.010198611810599289,
            "steer": 0.0
        },
        {
            "throttle": 0.6688144801123258,
            "brake": 0.009178750629539361,
            "steer": 0.0
        },
        {
            "throttle": 0.688217656928204,
            "brake": 0.008260875566585425,
            "steer": 0.0
        },
        {
            "throttle": 0.7039440544723123,
            "brake": 0.007434788009926883,
            "steer": 0.0
        },
        {
            "throttle": 0.7157490481117316,
            "brake": 0.006691309208934194,
            "steer": 0.0
        },
        {
            "throttle": 0.7234543304921747,
            "brake": 0.006022178288040775,
            "steer": 0.0
        },
        {
            "throttle": 0.7269514451496346,
            "brake": 0.005419960459236698,
            "steer": 0.0
        },
        {
            "throttle": 0.7262040397652912,
            "brake": 0.004877964413313028,
            "steer": 0.0
        },
        {
            "throttle": 0.7212488024727,
            "brake": 0.0043901679719817255,
            "steer": 0.0
        },
        {
            "throttle": 0.712195067738014,
            "brake": 0.003951151174783553,
            "steer": 0.0
        },
        {
            "throttle": 0.6992231017215403,
            "brake": 0.0035560360573051977,
            "steer": 0.0
        },
        {
            "throttle": 0.6825811002719735,
            "brake": 0.003200432451574678,
            "steer": 0.0
        },
        {
            "throttle": 0.6625809553857811,
            "brake": 0.0028803892064172103,
            "steer": 0.0
        },
        {
            "throttle": 0.6395928676763947,
            "brake": 0.0025923502857754894,
            "steer": 0.0
        },
        {
            "throttle": 0.6140389027515555,
            "brake": 0.0023331152571979407,
            "steer": 0.0
        },
        {
            "throttle": 0.5863856080273563,
            "brake": 0.0020998037314781466,
            "steer": 0.0
        },
        {
            "throttle": 0.5571358230801156,
            "brake": 0.001889823358330332,
            "steer": 0.0
        },
        {
            "throttle": 0.5268198308549865,
            "brake": 0.001700841022497299,
            "steer": 0.0
        },
        {
            "throttle": 0.49598600865810294,
            "brake": 0.0015307569202475692,
            "steer": 0.0
        },
        {
            "throttle": 0.4651911466486904,
            "brake": 0.0013776812282228124,
            "steer": 0.0
        },
        {
            "throttle": 0.4349906073609212,
            "brake": 0.0012399131054005312,
            "steer": 0.0
        },
        {
            "throttle": 0.40592850251753687,
            "brake": 0.0011159217948604782,
            "steer": 0.0
        },
        {
            "throttle": 0.3785280629985829,
            "brake": 0.0010043296153744304,
            "steer": 0.0
        },
        {
            "throttle": 0.3532823743051072,
            "brake": 0.0009038966538369874,
            "steer": 0.0
        },
        {
            "throttle": 0.3306456432712421,
            "brake": 0.0008135069884532887,
            "steer": 0.0
        },
        {
            "throttle": 0.31102515224527794,
            "brake": 0.0007321562896079599,
            "steer": 0.0
        },
        {
            "throttle": 0.2947740446502857,
            "brake": 0.0006589406606471639,
            "steer": 0.0
        },
        {
            "throttle": 0.2821850709662555,
            "brake": 0.0005930465945824476,
            "steer": 0.0
        },
        {
            "throttle": 0.2734854070129595,
            "brake": 0.0005337419351242028,
            "steer": 0.0
        },
        {
            "throttle": 0.2688326372611175,
            "brake": 0.00048036774161178255,
            "steer": 0.0
        },
        {
            "throttle": 0.26831197509974586,
            "brake": 0.0004323309674506043,
            "steer": 0.0
        },
        {
            "throttle": 0.27193476991002025,
            "brake": 0.0003890978707055439,
            "steer": 0.0
        },
        {
            "throttle": 0.2796383278336108,
            "brake": 0.0003501880836349895,
            "steer": 0.0
        },
        {
            "throttle": 0.291287049685092,
            "brake": 0.0003151692752714905,
            "steer": 0.0
        },
        {
            "throttle": 0.3066748659610404,
            "brake": 0.0002836523477443415,
            "steer": 0.0
        },
        {
            "throttle": 0.3255289257612488,
            "brake": 0.00025528711296990734,
            "steer": 0.0
        },
        {
            "throttle": 0.3475144740721451,
            "brake": 0.0002297584016729166,
            "steer": 0.0
        },
        {
            "throttle": 0.3722408306673272,
            "brake": 0.00020678256150562496,
            "steer": 0.0
        },
        {
            "throttle": 0.39926836423261375,
            "brake": 0.00018610430535506248,
            "steer": 0.0
        },
        {
            "throttle": 0.428116337573072,
            "brake": 0.00016749387481955624,
            "steer": 0.0
        },
        {
            "throttle": 0.4582714842232798,
            "brake": 0.0001507444873376006,
            "steer": 0.0
        },
        {
            "throttle": 0.4891971637362897,
            "brake": 0.00013567003860384054,
            "steer": 0.0
        },
        {
            "throttle": 0.5203429326037419,
            "brake": 0.0001221030347434565,
            "steer": 0.0
        },
        {
            "throttle": 0.5511543603431488,
            "brake": 0.00010989273126911084,
            "steer": 0.0
        },
        {
            "throttle": 0.5810829159105954,
            "brake": 9.890345814219975e-05,
            "steer": 0.0
        },
        {
            "throttle": 0.6095957483358797,
            "brake": 8.901311232797979e-05,
            "steer": 0.0
        },
        {
            "throttle": 0.6361851873548489,
            "brake": 8.011180109518181e-05,
            "steer": 0.0
        }
    ],
    "parameters": {
        "fog_density": 61.83128241396136,
        "precipitation": 22.980445826471495,
        "precipitation_deposits": 11.23738626468217,
        "wind_intensity": 42.58710163410051,
        "sun_altitude_angle": -26.753697213642837,
        "cloudiness": 51.71809600862112,
        "lead_base_throttle": 0.5018761736951322,
        "lead_behavior_frequency": 0.2126160925353469,
        "lead_throttle_variation": 0.37627512826973897,
        "lead_brake_probability": 0.15116158741811825,
        "lead_brake_intensity": 0.4744554274181181,
        "lead_brake_duration": 29.430810184270623,
        "initial_distance": 34.79021498247788,
        "initial_ego_velocity": 6.437874816876306,
        "initial_lead_velocity": 19.614199684355796
    },
    "config": {
        "num_timesteps": 200,
        "dt": 0.1,
        "seed": 204
    }
}