{
    "weather": {
        "cloudiness": 79.7071345242163,
        "precipitation": 20.432569999307304,
        "precipitation_deposits": 66.95036748326662,
        "wind_intensity": 13.70750913069978,
        "sun_altitude_angle": 78.66317713906808,
        "fog_density": 52.02286628741902,
        "fog_distance": 176.55981887066517,
        "wetness": 10.216284999653652
    },
    "initial_conditions": {
        "ego": {
            "position": {
                "x": 517.7016587512135,
                "y": 20.57,
                "z": 0.294
            },
            "yaw": 0.0,
            "velocity": 16.342616738213522
        },
        "lead": {
            "position": {
                "x": 484.88,
                "y": 20.57,
                "z": 0.294
            },
            "yaw": 0.0,
            "velocity": 8.201806338090885
        }
    },
    "ego": {
        "position": {
            "x": 517.7016587512135,
            "y": 20.57,
            "z": 0.294
        },
        "yaw": 0.0,
        "velocity": 16.342616738213522
    },
    "lead": {
        "position": {
            "x": 484.88,
            "y": 20.57,
            "z": 0.294
        },
        "yaw": 0.0,
        "velocity": 8.201806338090885
    },
    "ado_actions": [
        {
            "throttle": 0.43932548339323496,
            "brake": 0.0,
            "steer": 0.0
        },
        {
            "throttle": 0.44397433003420594,
            "brake": 0.0,
            "steer": 0.0
        },
        {
            "throttle": 0.4526865439817027,
            "brake": 0.0,
            "steer": 0.0
        },
        {
            "throttle": 0.46481772748321337,
            "brake": 0.0,
            "steer": 0.0
        },
        {
            "throttle": 0.47967663169663405,
            "brake": 0.0,
            "steer": 0.0
        },
        {
            "throttle": 0.4965389042568369,
            "brake": 0.0,
            "steer": 0.0
        },
        {
            "throttle": 0.5146621139693752,
            "brake": 0.0,
            "steer": 0.0
        },
        {
            "throttle": 0.5333016210395551,
            "brake": 0.0,
            "steer": 0.0
        },
        {
            "throttle": 0.4799714589355996,
            "brake": 0.07240756493979937,
            "steer": 0.0
        },
        {
            "throttle": 0.43197431304203965,
            "brake": 0.1375743733856188,
            "steer": 0.0
        },
        {
            "throttle": 0.3887768817378357,
            "brake": 0.1962245009868563,
            "steer": 0.0
        },
        {
            "throttle": 0.34989919356405214,
            "brake": 0.24900961582797004,
            "steer": 0.0
        },
        {
            "throttle": 0.3149092742076469,
            "brake": 0.2965162191849724,
            "steer": 0.0
        },
        {
            "throttle": 0.2834183467868822,
            "brake": 0.33927216220627454,
            "steer": 0.0
        },
        {
            "throttle": 0.255076512108194,
            "brake": 0.3777525109254465,
            "steer": 0.0
        },
        {
            "throttle": 0.2295688608973746,
            "brake": 0.4123848247727012,
            "steer": 0.0
        },
        {
            "throttle": 0.20661197480763716,
            "brake": 0.44355390723523047,
            "steer": 0.0
        },
        {
            "throttle": 0.18595077732687346,
            "brake": 0.47160608145150684,
            "steer": 0.0
        },
        {
            "throttle": 0.1673556995941861,
            "brake": 0.49685303824615557,
            "steer": 0.0
        },
        {
            "throttle": 0.1506201296347675,
            "brake": 0.5195752993613394,
            "steer": 0.0
        },
        {
            "throttle": 0.13555811667129075,
            "brake": 0.5400253343650048,
            "steer": 0.0
        },
        {
            "throttle": 0.12200230500416168,
            "brake": 0.5584303658683036,
            "steer": 0.0
        },
        {
            "throttle": 0.1423087368169474,
            "brake": 0.5025873292814733,
            "steer": 0.0
        },
        {
            "throttle": 0.15646105561158474,
            "brake": 0.452328596353326,
            "steer": 0.0
        },
        {
            "throttle": 0.16547803498364463,
            "brake": 0.40709573671799343,
            "steer": 0.0
        },
        {
            "throttle": 0.17037307363038956,
            "brake": 0.3663861630461941,
            "steer": 0.0
        },
        {
            "throttle": 0.17214176596301003,
            "brake": 0.3297475467415747,
            "steer": 0.0
        },
        {
            "throttle": 0.17174854868011566,
            "brake": 0.29677279206741725,
            "steer": 0.0
        },
        {
            "throttle": 0.17011290829023898,
            "brake": 0.2670955128606755,
            "steer": 0.0
        },
        {
            "throttle": 0.1680956321014752,
            "brake": 0.24038596157460795,
            "steer": 0.0
        },
        {
            "throttle": 0.16648557159574853,
            "brake": 0.21634736541714716,
            "steer": 0.0
        },
        {
            "throttle": 0.16598736258778848,
            "brake": 0.19471262887543245,
            "steer": 0.0
        },
        {
            "throttle": 0.16721051164598646,
            "brake": 0.1752413659878892,
            "steer": 0.0
        },
        {
            "throttle": 0.1706602137175524,
            "brake": 0.1577172293891003,
            "steer": 0.0
        },
        {
            "throttle": 0.17673021280804205,
            "brake": 0.14194550645019027,
            "steer": 0.0
        },
        {
            "throttle": 0.18569795720169785,
            "brake": 0.12775095580517126,
            "steer": 0.0
        },
        {
            "throttle": 0.19772223455819277,
            "brake": 0.11497586022465414,
            "steer": 0.0
        },
        {
            "throttle": 0.21284340192563025,
            "brake": 0.10347827420218873,
            "steer": 0.0
        },
        {
            "throttle": 0.2309862530262796,
            "brake": 0.09313044678196986,
            "steer": 0.0
        },
        {
            "throttle": 0.25196549192631623,
            "brake": 0.08381740210377288,
            "steer": 0.0
        },
        {
            "throttle": 0.27549371024013597,
            "brake": 0.0754356618933956,
            "steer": 0.0
        },
        {
            "throttle": 0.30119169616201347,
            "brake": 0.06789209570405604,
            "steer": 0.0
        },
        {
            "throttle": 0.3286008396057146,
            "brake": 0.06110288613365043,
            "steer": 0.0
        },
        {
            "throttle": 0.35719734018752747,
            "brake": 0.05499259752028539,
            "steer": 0.0
        },
        {
            "throttle": 0.3864078751675921,
            "brake": 0.04949333776825685,
            "steer": 0.0
        },
        {
            "throttle": 0.4156263440238704,
            "brake": 0.044544003991431165,
            "steer": 0.0
        },
        {
            "throttle": 0.44423127609313223,
            "brake": 0.040089603592288046,
            "steer": 0.0
        },
        {
            "throttle": 0.47160346843271,
            "brake": 0.03608064323305924,
            "steer": 0.0
        },
        {
            "throttle": 0.49714341321252736,
            "brake": 0.032472578909753316,
            "steer": 0.0
        },
        {
            "throttle": 0.5202880777217321,
            "brake": 0.029225321018777985,
            "steer": 0.0
        },
        {
            "throttle": 0.5405266153515056,
            "brake": 0.02630278891690019,
            "steer": 0.0
        },
        {
            "throttle": 0.5574146122821337,
            "brake": 0.02367251002521017,
            "steer": 0.0
        },
        {
            "throttle": 0.5705865113590782,
            "brake": 0.021305259022689156,
            "steer": 0.0
        },
        {
            "throttle": 0.5797659008224284,
            "brake": 0.019174733120420243,
            "steer": 0.0
        },
        {
            "throttle": 0.5847734099465361,
            "brake": 0.01725725980837822,
            "steer": 0.0
        },
        {
            "throttle": 0.585532014829793,
            "brake": 0.015531533827540397,
            "steer": 0.0
        },
        {
            "throttle": 0.5820696239513203,
            "brake": 0.013978380444786357,
            "steer": 0.0
        },
        {
            "throttle": 0.5745188829509817,
            "brake": 0.012580542400307721,
            "steer": 0.0
        },
        {
            "throttle": 0.5631142095718489,
            "brake": 0.01132248816027695,
            "steer": 0.0
        },
        {
            "throttle": 0.5481861409684752,
            "brake": 0.010190239344249256,
            "steer": 0.0
        },
        {
            "throttle": 0.5301531447748935,
            "brake": 0.00917121540982433,
            "steer": 0.0
        },
        {
            "throttle": 0.5095111106424077,
            "brake": 0.008254093868841898,
            "steer": 0.0
        },
        {
            "throttle": 0.4868207986993708,
            "brake": 0.007428684481957709,
            "steer": 0.0
        },
        {
            "throttle": 0.46269357399870237,
            "brake": 0.0066858160337619375,
            "steer": 0.0
        },
        {
            "throttle": 0.43777580013479056,
            "brake": 0.006017234430385744,
            "steer": 0.0
        },
        {
            "throttle": 0.41273229968138325,
            "brake": 0.00541551098734717,
            "steer": 0.0
        },
        {
            "throttle": 0.3882293130284601,
            "brake": 0.004873959888612453,
            "steer": 0.0
        },
        {
            "throttle": 0.36491739995509487,
            "brake": 0.004386563899751208,
            "steer": 0.0
        },
        {
            "throttle": 0.34341472953318375,
            "brake": 0.003947907509776087,
            "steer": 0.0
        },
        {
            "throttle": 0.32429119367846315,
            "brake": 0.0035531167587984787,
            "steer": 0.0
        },
        {
            "throttle": 0.30805375811483265,
            "brake": 0.003197805082918631,
            "steer": 0.0
        },
        {
            "throttle": 0.29513343225261546,
            "brake": 0.002878024574626768,
            "steer": 0.0
        },
        {
            "throttle": 0.2858741973361772,
            "brake": 0.002590222117164091,
            "steer": 0.0
        },
        {
            "throttle": 0.28052418128290524,
            "brake": 0.002331199905447682,
            "steer": 0.0
        },
        {
            "throttle": 0.27922931023368175,
            "brake": 0.002098079914902914,
            "steer": 0.0
        },
        {
            "throttle": 0.2820296024783115,
            "brake": 0.0018882719234126226,
            "steer": 0.0
        },
        {
            "throttle": 0.28885820177614124,
            "brake": 0.0016994447310713604,
            "steer": 0.0
        },
        {
            "throttle": 0.2995431759419019,
            "brake": 0.0015295002579642245,
            "steer": 0.0
        },
        {
            "throttle": 0.3138120347543274,
            "brake": 0.001376550232167802,
            "steer": 0.0
        },
        {
            "throttle": 0.33129885063234776,
            "brake": 0.0012388952089510217,
            "steer": 0.0
        },
        {
            "throttle": 0.35155379794156794,
            "brake": 0.0011150056880559196,
            "steer": 0.0
        },
        {
            "throttle": 0.3740548639947562,
            "brake": 0.0010035051192503277,
            "steer": 0.0
        },
        {
            "throttle": 0.3982214284225732,
            "brake": 0.000903154607325295,
            "steer": 0.0
        },
        {
            "throttle": 0.42342935907694745,
            "brake": 0.0008128391465927655,
            "steer": 0.0
        },
        {
            "throttle": 0.4490272332472971,
            "brake": 0.000731555231933489,
            "steer": 0.0
        },
        {
            "throttle": 0.4743532637403561,
            "brake": 0.0006583997087401401,
            "steer": 0.0
        },
        {
            "throttle": 0.49875249105549435,
            "brake": 0.000592559737866126,
            "steer": 0.0
        },
        {
            "throttle": 0.5215937959539514,
            "brake": 0.0005333037640795135,
            "steer": 0.0
        },
        {
            "throttle": 0.5422862913518531,
            "brake": 0.00047997338767156214,
            "steer": 0.0
        },
        {
            "throttle": 0.5602946685427954,
            "brake": 0.00043197604890440596,
            "steer": 0.0
        },
        {
            "throttle": 0.5751530998588625,
            "brake": 0.00038877844401396535,
            "steer": 0.0
        },
        {
            "throttle": 0.5864773373058789,
            "brake": 0.00034990059961256885,
            "steer": 0.0
        },
        {
            "throttle": 0.5939746934883537,
            "brake": 0.000314910539651312,
            "steer": 0.0
        },
        {
            "throttle": 0.5974516460582827,
            "brake": 0.0002834194856861808,
            "steer": 0.0
        },
        {
            "throttle": 0.5968188685548886,
            "brake": 0.00025507753711756276,
            "steer": 0.0
        },
        {
            "throttle": 0.5920935572505518,
            "brake": 0.00022956978340580648,
            "steer": 0.0
        },
        {
            "throttle": 0.5833989937499582,
            "brake": 0.00020661280506522584,
            "steer": 0.0
        },
        {
            "throttle": 0.5709613547854673,
            "brake": 0.00018595152455870326,
            "steer": 0.0
        },
        {
            "throttle": 0.555103852051906,
            "brake": 0.00016735637210283294,
            "steer": 0.0
        },
        {
            "throttle": 0.5362383541761534,
            "brake": 0.00015062073489254964,
            "steer": 0.0
        },
        {
            "throttle": 0.5148547082244277,
            "brake": 0.0001355586614032947,
            "steer": 0.0
        },
        {
            "throttle": 0.49150803781892694,
            "brake": 0.00012200279526296522,
            "steer": 0.0
        },
        {
            "throttle": 0.4668043474174534,
            "brake": 0.00010980251573666871,
            "steer": 0.0
        },
        {
            "throttle": 0.4413848062433989,
            "brake": 9.882226416300184e-05,
            "steer": 0.0
        },
        {
            "throttle": 0.41590911959922616,
            "brake": 8.894003774670166e-05,
            "steer": 0.0
        },
        {
            "throttle": 0.3910384189659458,
            "brake": 8.00460339720315e-05,
            "steer": 0.0
        },
        {
            "throttle": 0.3674181147699945,
            "brake": 7.204143057482835e-05,
            "steer": 0.0
        },
        {
            "throttle": 0.34566115666362157,
            "brake": 6.483728751734552e-05,
            "steer": 0.0
        },
        {
            "throttle": 0.32633213559031077,
            "brake": 5.835355876561097e-05,
            "steer": 0.0
        },
        {
            "throttle": 0.3099326400671805,
            "brake": 5.2518202889049875e-05,
            "steer": 0.0
        },
        {
            "throttle": 0.29688824657822865,
            "brake": 4.726638260014489e-05,
            "steer": 0.0
        },
        {
            "throttle": 0.2875374815797337,
            "brake": 4.25397443401304e-05,
            "steer": 0.0
        },
        {
            "throttle": 0.28212304147178036,
            "brake": 3.828576990611736e-05,
            "steer": 0.0
        },
        {
            "throttle": 0.2807854983145033,
            "brake": 3.4457192915505624e-05,
            "steer": 0.0
        },
        {
            "throttle": 0.283559654583719,
            "brake": 3.101147362395506e-05,
            "steer": 0.0
        },
        {
            "throttle": 0.29037364154088213,
            "brake": 2.7910326261559556e-05,
            "steer": 0.0
        },
        {
            "throttle": 0.3010507846193777,
            "brake": 2.51192936354036e-05,
            "steer": 0.0
        },
        {
            "throttle": 0.31531418744932027,
            "brake": 2.2607364271863242e-05,
            "steer": 0.0
        },
        {
            "throttle": 0.3327939156182759,
            "brake": 2.0346627844676918e-05,
            "steer": 0.0
        },
        {
            "throttle": 0.35303659382510894,
            "brake": 1.8311965060209227e-05,
            "steer": 0.0
        },
        {
            "throttle": 0.3755171674779275,
            "brake": 1.6480768554188306e-05,
            "steer": 0.0
        },
        {
            "throttle": 0.39965252363889436,
            "brake": 1.4832691698769476e-05,
            "steer": 0.0
        },
        {
            "throttle": 0.42481661798500636,
            "brake": 1.3349422528892529e-05,
            "steer": 0.0
        },
        {
            "throttle": 0.4503567153860382,
            "brake": 1.2014480276003275e-05,
            "steer": 0.0
        },
        {
            "throttle": 0.4756103228121328,
            "brake": 1.0813032248402948e-05,
            "steer": 0.0
        },
        {
            "throttle": 0.49992237532339395,
            "brake": 9.731729023562654e-06,
            "steer": 0.0
        },
        {
            "throttle": 0.5226622293281904,
            "brake": 8.758556121206389e-06,
            "steer": 0.0
        },
        {
            "throttle": 0.5432400222960236,
            "brake": 7.88270050908575e-06,
            "steer": 0.0
        },
        {
            "throttle": 0.5611219745450597,
            "brake": 7.094430458177174e-06,
            "steer": 0.0
        },
        {
            "throttle": 0.5758442361674602,
            "brake": 6.3849874123594566e-06,
            "steer": 0.0
        },
        {
            "throttle": 0.587024919895559,
            "brake": 5.746488671123511e-06,
            "steer": 0.0
        },
        {
            "throttle": 0.5943740077697357,
            "brake": 5.17183980401116e-06,
            "steer": 0.0
        },
        {
            "throttle": 0.5977008746237847,
            "brake": 4.654655823610044e-06,
            "steer": 0.0
        },
        {
            "throttle": 0.5969192332249401,
            "brake": 4.18919024124904e-06,
            "steer": 0.0
        },
        {
            "throttle": 0.5920493727897593,
            "brake": 3.770271217124136e-06,
            "steer": 0.0
        },
        {
            "throttle": 0.5832176328087991,
            "brake": 3.3932440954117223e-06,
            "steer": 0.0
        },
        {
            "throttle": 0.5706531258310613,
            "brake": 3.0539196858705502e-06,
            "steer": 0.0
        },
        {
            "throttle": 0.5546817942231359,
            "brake": 2.7485277172834952e-06,
            "steer": 0.0
        },
        {
            "throttle": 0.53571795507658,
            "brake": 2.4736749455551456e-06,
            "steer": 0.0
        },
        {
            "throttle": 0.5142535525963178,
            "brake": 2.226307450999631e-06,
            "steer": 0.0
        },
        {
            "throttle": 0.4908453967724416,
            "brake": 2.003676705899668e-06,
            "steer": 0.0
        },
        {
            "throttle": 0.4661007193750545,
            "brake": 1.8033090353097013e-06,
            "steer": 0.0
        },
        {
            "throttle": 0.4406614219616385,
            "brake": 1.6229781317787311e-06,
            "steer": 0.0
        },
        {
            "throttle": 0.4151874245165559,
            "brake": 1.460680318600858e-06,
            "steer": 0.0
        },
        {
            "throttle": 0.39033954667250914,
            "brake": 1.3146122867407722e-06,
            "steer": 0.0
        },
        {
            "throttle": 0.3667623655889035,
            "brake": 1.183151058066695e-06,
            "steer": 0.0
        },
        {
            "throttle": 0.3450674951675316,
            "brake": 1.0648359522600255e-06,
            "steer": 0.0
        },
        {
            "throttle": 0.32581772035613016,
            "brake": 9.58352357034023e-07,
            "steer": 0.0
        },
        {
            "throttle": 0.3095123981086681,
            "brake": 8.625171213306207e-07,
            "steer": 0.0
        },
        {
            "throttle": 0.296574503713129,
            "brake": 7.762654091975587e-07,
            "steer": 0.0
        },
        {
            "throttle": 0.28733965851540544,
            "brake": 6.986388682778028e-07,
            "steer": 0.0
        },
        {
            "throttle": 0.28204742366894514,
            "brake": 6.287749814500226e-07,
            "steer": 0.0
        },
        {
            "throttle": 0.28083508575729504,
            "brake": 5.658974833050203e-07,
            "steer": 0.0
        },
        {
            "throttle": 0.2837340954955575,
            "brake": 5.093077349745183e-07,
            "steer": 0.0
        },
        {
            "throttle": 0.2906692518938283,
            "brake": 4.583769614770665e-07,
            "steer": 0.0
        },
        {
            "throttle": 0.30146065304626196,
            "brake": 4.1253926532935986e-07,
            "steer": 0.0
        },
        {
            "throttle": 0.3158283629409815,
            "brake": 3.712853387964239e-07,
            "steer": 0.0
        },
        {
            "throttle": 0.33339967323035574,
            "brake": 3.3415680491678153e-07,
            "steer": 0.0
        },
        {
            "throttle": 0.3537187715858733,
            "brake": 3.0074112442510337e-07,
            "steer": 0.0
        },
        {
            "throttle": 0.3762585658331649,
            "brake": 2.7066701198259304e-07,
            "steer": 0.0
        },
        {
            "throttle": 0.4004343571401118,
            "brake": 2.4360031078433377e-07,
            "steer": 0.0
        },
        {
            "throttle": 0.36039092142610063,
            "brake": 0.07240778418007908,
            "steer": 0.0
        },
        {
            "throttle": 0.3243518292834906,
            "brake": 0.13757457070187054,
            "steer": 0.0
        },
        {
            "throttle": 0.29191664635514153,
            "brake": 0.19622467857148285,
            "steer": 0.0
        },
        {
            "throttle": 0.2627249817196274,
            "brake": 0.24900977565413396,
            "steer": 0.0
        },
        {
            "throttle": 0.23645248354766465,
            "brake": 0.2965163630285199,
            "steer": 0.0
        },
        {
            "throttle": 0.21280723519289818,
            "brake": 0.3392722916654673,
            "steer": 0.0
        },
        {
            "throttle": 0.19152651167360837,
            "brake": 0.37775262743871996,
            "steer": 0.0
        },
        {
            "throttle": 0.17237386050624753,
            "brake": 0.41238492963464735,
            "steer": 0.0
        },
        {
            "throttle": 0.15513647445562279,
            "brake": 0.443554001610982,
            "steer": 0.0
        },
        {
            "throttle": 0.1396228270100605,
            "brake": 0.4716061663896832,
            "steer": 0.0
        },
        {
            "throttle": 0.12566054430905446,
            "brake": 0.4968531146905143,
            "steer": 0.0
        },
        {
            "throttle": 0.11309448987814902,
            "brake": 0.5195753681612623,
            "steer": 0.0
        },
        {
            "throttle": 0.10178504089033412,
            "brake": 0.5400253962849354,
            "steer": 0.0
        },
        {
            "throttle": 0.09160653680130071,
            "brake": 0.5584304215962412,
            "steer": 0.0
        },
        {
            "throttle": 0.12805808936658514,
            "brake": 0.5025873794366171,
            "steer": 0.0
        },
        {
            "throttle": 0.15620168111698818,
            "brake": 0.45232864149295543,
            "steer": 0.0
        },
        {
            "throttle": 0.1769454932868128,
            "brake": 0.40709577734365987,
            "steer": 0.0
        },
        {
            "throttle": 0.19122583833177337,
            "brake": 0.3663861996092939,
            "steer": 0.0
        },
        {
            "throttle": 0.19999925373843325,
            "brake": 0.32974757964836454,
            "steer": 0.0
        },
        {
            "throttle": 0.20423243293300156,
            "brake": 0.2967728216835281,
            "steer": 0.0
        },
        {
            "throttle": 0.20489041831426058,
            "brake": 0.2670955395151753,
            "steer": 0.0
        },
        {
            "throttle": 0.20292351013475854,
            "brake": 0.24038598556365776,
            "steer": 0.0
        },
        {
            "throttle": 0.19925336352206166,
            "brake": 0.21634738700729197,
            "steer": 0.0
        },
        {
            "throttle": 0.19475875372232457,
            "brake": 0.1947126483065628,
            "steer": 0.0
        },
        {
            "throttle": 0.19026148631218273,
            "brake": 0.1752413834759065,
            "steer": 0.0
        },
        {
            "throttle": 0.18651291461583636,
            "brake": 0.15771724512831586,
            "steer": 0.0
        },
        {
            "throttle": 0.18418150113913517,
            "brake": 0.1419455206154843,
            "steer": 0.0
        },
        {
            "throttle": 0.18384182404354632,
            "brake": 0.12775096855393586,
            "steer": 0.0
        },
        {
            "throttle": 0.18596538436174936,
            "brake": 0.11497587169854227,
            "steer": 0.0
        },
        {
            "throttle": 0.1909135158918558,
            "brake": 0.10347828452868804,
            "steer": 0.0
        },
        {
            "throttle": 0.1989326388152356,
            "brake": 0.09313045607581924,
            "steer": 0.0
        },
        {
            "throttle": 0.2101520315727187,
            "brake": 0.08381741046823732,
            "steer": 0.0
        },
        {
            "throttle": 0.2245842250673762,
            "brake": 0.0754356694214136,
            "steer": 0.0
        },
        {
            "throttle": 0.24212805061001688,
            "brake": 0.06789210247927224,
            "steer": 0.0
        },
        {
            "throttle": 0.26257430001919346,
            "brake": 0.06110289223134502,
            "steer": 0.0
        },
        {
            "throttle": 0.2856138847784221,
            "brake": 0.05499260300821052,
            "steer": 0.0
        },
        {
            "throttle": 0.3108483129528417,
            "brake": 0.04949334270738947,
            "steer": 0.0
        },
        {
            "throttle": 0.33780223940736115,
            "brake": 0.044544008436650524,
            "steer": 0.0
        },
        {
            "throttle": 0.3659377883531686,
            "brake": 0.04008960759298547,
            "steer": 0.0
        }
    ],
    "parameters": {
        "fog_density": 52.02286628741902,
        "precipitation": 20.432569999307304,
        "precipitation_deposits": 66.95036748326662,
        "wind_intensity": 13.70750913069978,
        "sun_altitude_angle": 78.66317713906808,
        "cloudiness": 79.7071345242163,
        "lead_base_throttle": 0.43932548339323496,
        "lead_behavior_frequency": 0.25661504406561964,
        "lead_throttle_variation": 0.2895786906458272,
        "lead_brake_probability": 0.25590564860819437,
        "lead_brake_intensity": 0.7240756493979937,
        "lead_brake_duration": 14.20247097767165,
        "initial_distance": 32.821658751213484,
        "initial_ego_velocity": 16.342616738213522,
        "initial_lead_velocity": 8.201806338090885
    },
    "config": {
        "num_timesteps": 200,
        "dt": 0.1,
        "seed": 158
    }
}