{
  "parameter_bounds": {
    "fog_density": [
      0.0,
      80.0
    ],
    "precipitation": [
      0.0,
      100.0
    ],
    "precipitation_deposits": [
      0.0,
      100.0
    ],
    "wind_intensity": [
      0.0,
      50.0
    ],
    "sun_altitude_angle": [
      -30.0,
      90.0
    ],
    "cloudiness": [
      0.0,
      100.0
    ],
    "lead_base_throttle": [
      0.2,
      0.6
    ],
    "lead_behavior_frequency": [
      0.05,
      0.3
    ],
    "lead_throttle_variation": [
      0.0,
      0.4
    ],
    "lead_brake_probability": [
      0.0,
      0.3
    ],
    "lead_brake_intensity": [
      0.1,
      0.8
    ],
    "lead_brake_duration": [
      5,
      30
    ],
    "initial_distance": [
      15.0,
      80.0
    ],
    "initial_ego_velocity": [
      5.0,
      20.0
    ],
    "initial_lead_velocity": [
      5.0,
      25.0
    ]
  },
  "objective_names": [
    "safety",
    "plausibility",
    "comfort"
  ],
  "maximize_objectives": [
    false,
    true,
    false
  ],
  "evaluation_history": [],
  "iteration": 0,
  "random_state": 42,
  "strategy": "single_objective_safety"
}