{
  "parameter_bounds": {
    "fog_density": [
      0.0,
      80.0
    ],
    "precipitation": [
      0.0,
      100.0
    ],
    "precipitation_deposits": [
      0.0,
      100.0
    ],
    "wind_intensity": [
      0.0,
      50.0
    ],
    "sun_altitude_angle": [
      -30.0,
      90.0
    ],
    "cloudiness": [
      0.0,
      100.0
    ],
    "lead_base_throttle": [
      0.2,
      0.6
    ],
    "lead_behavior_frequency": [
      0.05,
      0.3
    ],
    "lead_throttle_variation": [
      0.0,
      0.4
    ],
    "lead_brake_probability": [
      0.0,
      0.3
    ],
    "lead_brake_intensity": [
      0.1,
      0.8
    ],
    "lead_brake_duration": [
      5,
      30
    ],
    "initial_distance": [
      15.0,
      80.0
    ],
    "initial_ego_velocity": [
      5.0,
      20.0
    ],
    "initial_lead_velocity": [
      5.0,
      25.0
    ]
  },
  "objective_names": [
    "safety",
    "plausibility",
    "comfort"
  ],
  "maximize_objectives": [
    false,
    true,
    false
  ],
  "evaluation_history": [
    {
      "parameters": {
        "fog_density": 29.963209507789,
        "precipitation": 95.07143064099162,
        "precipitation_deposits": 73.1993941811405,
        "wind_intensity": 29.93292420985183,
        "sun_altitude_angle": -11.277763146907617,
        "cloudiness": 15.599452033620265,
        "lead_base_throttle": 0.2232334448672798,
        "lead_behavior_frequency": 0.2665440364437338,
        "lead_throttle_variation": 0.24044600469728353,
        "lead_brake_probability": 0.21242177333881365,
        "lead_brake_intensity": 0.11440914600706172,
        "lead_brake_duration": 29.24774630404986,
        "initial_distance": 69.10877165202741,
        "initial_ego_velocity": 8.185086660174143,
        "initial_lead_velocity": 8.636499344142013
      },
      "objectives": {
        "safety": 15.512846559732878,
        "plausibility": 0.0,
        "comfort": 16.0
      },
      "iteration": 0,
      "timestamp": null,
      "metadata": {
        "scenario_path": "falsification_output_random_200/scenarios/scenario_0000.json",
        "log_path": "falsification_output_random_200/logs/episode-scenario_0000.csv",
        "timestamp": 1764445992.1143482
      }
    },
    {
      "parameters": {
        "fog_density": 40.85978420620526,
        "precipitation": 41.7411003148779,
        "precipitation_deposits": 22.210781047073024,
        "wind_intensity": 5.99326836668414,
        "sun_altitude_angle": 10.513820568435357,
        "cloudiness": 94.29097039125192,
        "lead_base_throttle": 0.3292811728083021,
        "lead_behavior_frequency": 0.17969765543584154,
        "lead_throttle_variation": 0.28120758355807113,
        "lead_brake_probability": 0.1090888807137882,
        "lead_brake_intensity": 0.7802474579046725,
        "lead_brake_duration": 29.061182373552782,
        "initial_distance": 31.36584922864867,
        "initial_ego_velocity": 12.45872758838578,
        "initial_lead_velocity": 11.017566196335393
      },
      "objectives": {
        "safety": 9.306726810998835,
        "plausibility": 0.0,
        "comfort": 16.0
      },
      "iteration": 1,
      "timestamp": null,
      "metadata": {
        "scenario_path": "falsification_output_random_200/scenarios/scenario_0001.json",
        "log_path": "falsification_output_random_200/logs/episode-scenario_0001.csv",
        "timestamp": 1764446003.583376
      }
    },
    {
      "parameters": {
        "fog_density": 26.759119324234586,
        "precipitation": 96.92555038310559,
        "precipitation_deposits": 70.09756894333043,
        "wind_intensity": 20.684276736666817,
        "sun_altitude_angle": -15.509739538105505,
        "cloudiness": 6.036354435155367,
        "lead_base_throttle": 0.49048466950431,
        "lead_behavior_frequency": 0.2763627460783684,
        "lead_throttle_variation": 0.006410367172847576,
        "lead_brake_probability": 0.17524224921407602,
        "lead_brake_intensity": 0.6100228351459861,
        "lead_brake_duration": 12.304938606900205,
        "initial_distance": 48.98184506127084,
        "initial_ego_velocity": 17.222778293759266,
        "initial_lead_velocity": 16.926539603537314
      },
      "objectives": {
        "safety": 12.337621379168255,
        "plausibility": 26.61088241872129,
        "comfort": 16.0
      },
      "iteration": 2,
      "timestamp": null,
      "metadata": {
        "scenario_path": "falsification_output_random_200/scenarios/scenario_0002.json",
        "log_path": "falsification_output_random_200/logs/episode-scenario_0002.csv",
        "timestamp": 1764446016.9915025
      }
    },
    {
      "parameters": {
        "fog_density": 78.31922180070299,
        "precipitation": 17.111105661548986,
        "precipitation_deposits": 52.75267441774609,
        "wind_intensity": 35.31525808947756,
        "sun_altitude_angle": 34.62180053085417,
        "cloudiness": 40.5570276316518,
        "lead_base_throttle": 0.5036587092291303,
        "lead_behavior_frequency": 0.22815122191717835,
        "lead_throttle_variation": 0.081077094260933,
        "lead_brake_probability": 0.29481065132230444,
        "lead_brake_intensity": 0.6507329646396698,
        "lead_brake_duration": 5.147076658879675,
        "initial_distance": 51.33853904725409,
        "initial_ego_velocity": 16.437080063972893,
        "initial_lead_velocity": 9.876884079105546
      },
      "objectives": {
        "safety": 23.300113852362582,
        "plausibility": 46.787674187350326,
        "comfort": 16.0
      },
      "iteration": 3,
      "timestamp": null,
      "metadata": {
        "scenario_path": "falsification_output_random_200/scenarios/scenario_0003.json",
        "log_path": "falsification_output_random_200/logs/episode-scenario_0003.csv",
        "timestamp": 1764446027.6125896
      }
    },
    {
      "parameters": {
        "fog_density": 54.891852847405744,
        "precipitation": 63.59045669890764,
        "precipitation_deposits": 65.98127610447729,
        "wind_intensity": 47.55268445039104,
        "sun_altitude_angle": 76.9180981585036,
        "cloudiness": 62.17019422214407,
        "lead_base_throttle": 0.5374561856404809,
        "lead_behavior_frequency": 0.16781850905017465,
        "lead_throttle_variation": 0.21761052700016445,
        "lead_brake_probability": 0.25987315725321947,
        "lead_brake_intensity": 0.6594966156711745,
        "lead_brake_duration": 15.204308297093107,
        "initial_distance": 34.76118830261585,
        "initial_ego_velocity": 7.795127596090532,
        "initial_lead_velocity": 12.178029677767668
      },
      "objectives": {
        "safety": 11.260475446011739,
        "plausibility": 31.915311116783325,
        "comfort": 16.0
      },
      "iteration": 4,
      "timestamp": null,
      "metadata": {
        "scenario_path": "falsification_output_random_200/scenarios/scenario_0004.json",
        "log_path": "falsification_output_random_200/logs/episode-scenario_0004.csv",
        "timestamp": 1764446038.1385102
      }
    },
    {
      "parameters": {
        "fog_density": 53.170682742237005,
        "precipitation": 33.63220289468815,
        "precipitation_deposits": 94.27043654049811,
        "wind_intensity": 29.754702538210854,
        "sun_altitude_angle": 12.219759577410827,
        "cloudiness": 78.37215837689978,
        "lead_base_throttle": 0.539122080023166,
        "lead_behavior_frequency": 0.08152294693648345,
        "lead_throttle_variation": 0.33902068158124593,
        "lead_brake_probability": 0.05259778036479616,
        "lead_brake_intensity": 0.7851176783187378,
        "lead_brake_duration": 8.594858278327662,
        "initial_distance": 22.29420726153696,
        "initial_ego_velocity": 13.602922419971842,
        "initial_lead_velocity": 24.960299098392106
      },
      "objectives": {
        "safety": 21.932545955494792,
        "plausibility": 43.313997751361114,
        "comfort": 16.0
      },
      "iteration": 5,
      "timestamp": null,
      "metadata": {
        "scenario_path": "falsification_output_random_200/scenarios/scenario_0005.json",
        "log_path": "falsification_output_random_200/logs/episode-scenario_0005.csv",
        "timestamp": 1764446048.915445
      }
    },
    {
      "parameters": {
        "fog_density": 0.6948034720011353,
        "precipitation": 39.64620275370873,
        "precipitation_deposits": 7.913566508691572,
        "wind_intensity": 41.245415812286396,
        "sun_altitude_angle": 65.66665467642486,
        "cloudiness": 81.892543334253,
        "lead_base_throttle": 0.39642057780906426,
        "lead_behavior_frequency": 0.24311456650141805,
        "lead_throttle_variation": 0.003011539529850982,
        "lead_brake_probability": 0.13295793290064714,
        "lead_brake_intensity": 0.15974066880459747,
        "lead_brake_duration": 22.434765819298875,
        "initial_distance": 27.37088079627477,
        "initial_ego_velocity": 18.201695385578894,
        "initial_lead_velocity": 21.519367866784417
      },
      "objectives": {
        "safety": 18.34000969901321,
        "plausibility": 42.69118875005464,
        "comfort": 16.0
      },
      "iteration": 6,
      "timestamp": null,
      "metadata": {
        "scenario_path": "falsification_output_random_200/scenarios/scenario_0006.json",
        "log_path": "falsification_output_random_200/logs/episode-scenario_0006.csv",
        "timestamp": 1764446060.2313132
      }
    },
    {
      "parameters": {
        "fog_density": 10.040248533446698,
        "precipitation": 41.43984316289896,
        "precipitation_deposits": 68.84086009500514,
        "wind_intensity": 40.878744010035355,
        "sun_altitude_angle": -2.1406522218432045,
        "cloudiness": 33.641143186840885,
        "lead_base_throttle": 0.354410738276429,
        "lead_behavior_frequency": 0.17424413762854551,
        "lead_throttle_variation": 0.391389534048678,
        "lead_brake_probability": 0.1333203194565182,
        "lead_brake_intensity": 0.7110758392716796,
        "lead_brake_duration": 24.863838095649697,
        "initial_distance": 20.15587879182413,
        "initial_ego_velocity": 19.52354152033483,
        "initial_lead_velocity": 23.58732379337325
      },
      "objectives": {
        "safety": 12.749538872232911,
        "plausibility": 40.42055753799521,
        "comfort": 22.082089552238806
      },
      "iteration": 7,
      "timestamp": null,
      "metadata": {
        "scenario_path": "falsification_output_random_200/scenarios/scenario_0007.json",
        "log_path": "falsification_output_random_200/logs/episode-scenario_0007.csv",
        "timestamp": 1764446073.9645011
      }
    },
    {
      "parameters": {
        "fog_density": 68.40305384999503,
        "precipitation": 55.66159084475838,
        "precipitation_deposits": 93.02624299632649,
        "wind_intensity": 21.180257478586068,
        "sun_altitude_angle": 19.57752625824979,
        "cloudiness": 30.131713045338692,
        "lead_base_throttle": 0.5188647446312138,
        "lead_behavior_frequency": 0.06445768336543241,
        "lead_throttle_variation": 0.22564663596431944,
        "lead_brake_probability": 0.10256397484567989,
        "lead_brake_intensity": 0.3219390655957375,
        "lead_brake_duration": 18.03908031074617,
        "initial_distance": 41.67104473227617,
        "initial_ego_velocity": 7.722085518639506,
        "initial_lead_velocity": 8.761852928066174
      },
      "objectives": {
        "safety": 24.805622023808837,
        "plausibility": 44.88908838096095,
        "comfort": 16.0
      },
      "iteration": 8,
      "timestamp": null,
      "metadata": {
        "scenario_path": "falsification_output_random_200/scenarios/scenario_0008.json",
        "log_path": "falsification_output_random_200/logs/episode-scenario_0008.csv",
        "timestamp": 1764446084.6594481
      }
    },
    {
      "parameters": {
        "fog_density": 59.54559431372885,
        "precipitation": 17.851273856500082,
        "precipitation_deposits": 25.07041032180798,
        "wind_intensity": 6.693985191988033,
        "sun_altitude_angle": -11.907110416064306,
        "cloudiness": 93.90303407775845,
        "lead_base_throttle": 0.5885811546695414,
        "lead_behavior_frequency": 0.08563914719063422,
        "lead_throttle_variation": 0.07834600482616959,
        "lead_brake_probability": 0.030119351542959482,
        "lead_brake_intensity": 0.15726872896941918,
        "lead_brake_duration": 24.209391806029032,
        "initial_distance": 28.67318839644096,
        "initial_ego_velocity": 11.932646708379302,
        "initial_lead_velocity": 6.680200722418858
      },
      "objectives": {
        "safety": 25.864314551692356,
        "plausibility": 42.734371829427275,
        "comfort": 16.0
      },
      "iteration": 9,
      "timestamp": null,
      "metadata": {
        "scenario_path": "falsification_output_random_200/scenarios/scenario_0009.json",
        "log_path": "falsification_output_random_200/logs/episode-scenario_0009.csv",
        "timestamp": 1764446097.7804086
      }
    },
    {
      "parameters": {
        "fog_density": 48.269054182975225,
        "precipitation": 84.70454831528652,
        "precipitation_deposits": 38.95509910646412,
        "wind_intensity": 46.34018523241806,
        "sun_altitude_angle": -12.691771015891685,
        "cloudiness": 59.404409105932906,
        "lead_base_throttle": 0.43779205621035133,
        "lead_behavior_frequency": 0.24011116188089793,
        "lead_throttle_variation": 0.1618220860454944,
        "lead_brake_probability": 0.16191699766296364,
        "lead_brake_intensity": 0.41153048637533074,
        "lead_brake_duration": 10.87336158532495,
        "initial_distance": 76.2528104047797,
        "initial_ego_velocity": 5.216348650663295,
        "initial_lead_velocity": 19.302422406230342
      },
      "objectives": {
        "safety": 7.607138201452398,
        "plausibility": 0.0,
        "comfort": 16.0
      },
      "iteration": 10,
      "timestamp": null,
      "metadata": {
        "scenario_path": "falsification_output_random_200/scenarios/scenario_0010.json",
        "log_path": "falsification_output_random_200/logs/episode-scenario_0010.csv",
        "timestamp": 1764446110.8092308
      }
    },
    {
      "parameters": {
        "fog_density": 20.49086880393716,
        "precipitation": 13.8018188110413,
        "precipitation_deposits": 88.72745447766694,
        "wind_intensity": 10.151953597710623,
        "sun_altitude_angle": -26.07610688277557,
        "cloudiness": 53.39122394434451,
        "lead_base_throttle": 0.20965944613195786,
        "lead_behavior_frequency": 0.10489696332487482,
        "lead_throttle_variation": 0.3479219782869854,
        "lead_brake_probability": 0.05232052973637986,
        "lead_brake_intensity": 0.6443966897843038,
        "lead_brake_duration": 18.955225477983845,
        "initial_distance": 43.66042231054047,
        "initial_ego_velocity": 13.181104143914473,
        "initial_lead_velocity": 18.927937450155017
      },
      "objectives": {
        "safety": 22.034473771459187,
        "plausibility": 46.82908720046217,
        "comfort": 16.0
      },
      "iteration": 11,
      "timestamp": null,
      "metadata": {
        "scenario_path": "falsification_output_random_200/scenarios/scenario_0011.json",
        "log_path": "falsification_output_random_200/logs/episode-scenario_0011.csv",
        "timestamp": 1764446123.9703414
      }
    },
    {
      "parameters": {
        "fog_density": 65.44170356330578,
        "precipitation": 87.19506574021621,
        "precipitation_deposits": 56.390481868588,
        "wind_intensity": 35.04653018837903,
        "sun_altitude_angle": 19.3869784917434,
        "cloudiness": 0.845634746158852,
        "lead_base_throttle": 0.47030214026498884,
        "lead_behavior_frequency": 0.2831082832016567,
        "lead_throttle_variation": 0.2952096362660919,
        "lead_brake_probability": 0.2658322753577927,
        "lead_brake_intensity": 0.3161336874983983,
        "lead_brake_duration": 15.428629792414773,
        "initial_distance": 26.299302319520645,
        "initial_ego_velocity": 15.91450847447622,
        "initial_lead_velocity": 5.053006728012324
      },
      "objectives": {
        "safety": 15.127876690143053,
        "plausibility": 0.0,
        "comfort": 19.84328358208955
      },
      "iteration": 12,
      "timestamp": null,
      "metadata": {
        "scenario_path": "falsification_output_random_200/scenarios/scenario_0012.json",
        "log_path": "falsification_output_random_200/logs/episode-scenario_0012.csv",
        "timestamp": 1764446134.768646
      }
    },
    {
      "parameters": {
        "fog_density": 24.05006302303316,
        "precipitation": 83.63455719731076,
        "precipitation_deposits": 94.63632388485219,
        "wind_intensity": 44.411808661968536,
        "sun_altitude_angle": 77.97032425148406,
        "cloudiness": 40.208849875984455,
        "lead_base_throttle": 0.5769182203905083,
        "lead_behavior_frequency": 0.12749799959662728,
        "lead_throttle_variation": 0.289498319114098,
        "lead_brake_probability": 0.13510855621512488,
        "lead_brake_intensity": 0.4636073572991868,
        "lead_brake_duration": 10.85800024691957,
        "initial_distance": 18.39734995755429,
        "initial_ego_velocity": 5.475551783010274,
        "initial_lead_velocity": 23.2634462594505
      },
      "objectives": {
        "safety": 17.187066650435685,
        "plausibility": 0.0,
        "comfort": 16.0
      },
      "iteration": 13,
      "timestamp": null,
      "metadata": {
        "scenario_path": "falsification_output_random_200/scenarios/scenario_0013.json",
        "log_path": "falsification_output_random_200/logs/episode-scenario_0013.csv",
        "timestamp": 1764446146.0360196
      }
    },
    {
      "parameters": {
        "fog_density": 55.04289495672599,
        "precipitation": 4.122758572640761,
        "precipitation_deposits": 79.9738961954606,
        "wind_intensity": 12.597107709156502,
        "sun_altitude_angle": -4.973886870870775,
        "cloudiness": 20.80343338962506,
        "lead_base_throttle": 0.43052318595618766,
        "lead_behavior_frequency": 0.07504878727617502,
        "lead_throttle_variation": 0.010653341897500425,
        "lead_brake_probability": 0.0980700276081701,
        "lead_brake_intensity": 0.5845321849401682,
        "lead_brake_duration": 9.400374632109923,
        "initial_distance": 76.75186718139878,
        "initial_ego_velocity": 14.33522210978966,
        "initial_lead_velocity": 6.1520799278729665
      },
      "objectives": {
        "safety": 20.34949988437271,
        "plausibility": 42.04707727090475,
        "comfort": 16.0
      },
      "iteration": 14,
      "timestamp": null,
      "metadata": {
        "scenario_path": "falsification_output_random_200/scenarios/scenario_0014.json",
        "log_path": "falsification_output_random_200/logs/episode-scenario_0014.csv",
        "timestamp": 1764446158.8996103
      }
    },
    {
      "parameters": {
        "fog_density": 42.69839195543681,
        "precipitation": 47.48203171119771,
        "precipitation_deposits": 90.98791695574803,
        "wind_intensity": 48.91254429118897,
        "sun_altitude_angle": -24.376834458723778,
        "cloudiness": 4.099646395813328,
        "lead_base_throttle": 0.5925427521156282,
        "lead_behavior_frequency": 0.16682390612139736,
        "lead_throttle_variation": 0.023454515909163344,
        "lead_brake_probability": 0.08418961883396925,
        "lead_brake_intensity": 0.4438503357551238,
        "lead_brake_duration": 7.178978259823328,
        "initial_distance": 69.87801475962512,
        "initial_ego_velocity": 9.640536698321226,
        "initial_lead_velocity": 10.800324789169524
      },
      "objectives": {
        "safety": 32.88630734317054,
        "plausibility": 42.734479056859676,
        "comfort": 16.0
      },
      "iteration": 15,
      "timestamp": null,
      "metadata": {
        "scenario_path": "falsification_output_random_200/scenarios/scenario_0015.json",
        "log_path": "falsification_output_random_200/logs/episode-scenario_0015.csv",
        "timestamp": 1764446171.9718904
      }
    },
    {
      "parameters": {
        "fog_density": 13.063336999736297,
        "precipitation": 85.29137348076662,
        "precipitation_deposits": 99.07999738098445,
        "wind_intensity": 2.8478984608562907,
        "sun_altitude_angle": 0.943828976141063,
        "cloudiness": 35.43204970635021,
        "lead_base_throttle": 0.44498336894691015,
        "lead_behavior_frequency": 0.14530946501670244,
        "lead_throttle_variation": 0.19187402991175537,
        "lead_brake_probability": 0.12898914257486238,
        "lead_brake_intensity": 0.35578000455097325,
        "lead_brake_duration": 15.867629124662749,
        "initial_distance": 30.579958994521437,
        "initial_ego_velocity": 5.539257556597688,
        "initial_lead_velocity": 8.297675483255809
      },
      "objectives": {
        "safety": 20.75793207250345,
        "plausibility": 42.593431456002186,
        "comfort": 16.0
      },
      "iteration": 16,
      "timestamp": null,
      "metadata": {
        "scenario_path": "falsification_output_random_200/scenarios/scenario_0016.json",
        "log_path": "falsification_output_random_200/logs/episode-scenario_0016.csv",
        "timestamp": 1764446184.0378242
      }
    },
    {
      "parameters": {
        "fog_density": 49.98399395047432,
        "precipitation": 64.95077297325282,
        "precipitation_deposits": 39.472876543834346,
        "wind_intensity": 33.505292050029055,
        "sun_altitude_angle": 26.53379560078644,
        "cloudiness": 5.289813389616405,
        "lead_base_throttle": 0.21111585903755603,
        "lead_behavior_frequency": 0.101781216710757,
        "lead_throttle_variation": 0.032040342627820496,
        "lead_brake_probability": 0.012401314072119885,
        "lead_brake_intensity": 0.16923328540429466,
        "lead_brake_duration": 21.07594019321253,
        "initial_distance": 21.599786020524174,
        "initial_ego_velocity": 5.923066116289578,
        "initial_lead_velocity": 11.104014015393167
      },
      "objectives": {
        "safety": 19.653421204284346,
        "plausibility": 30.95322721096955,
        "comfort": 24.320895522388064
      },
      "iteration": 17,
      "timestamp": null,
      "metadata": {
        "scenario_path": "falsification_output_random_200/scenarios/scenario_0017.json",
        "log_path": "falsification_output_random_200/logs/episode-scenario_0017.csv",
        "timestamp": 1764446194.7324145
      }
    },
    {
      "parameters": {
        "fog_density": 32.630490990759576,
        "precipitation": 64.10517297206934,
        "precipitation_deposits": 94.89946279274095,
        "wind_intensity": 12.191004091895884,
        "sun_altitude_angle": 24.279667201794012,
        "cloudiness": 71.27296426248328,
        "lead_base_throttle": 0.5581196625569325,
        "lead_behavior_frequency": 0.06691760890935085,
        "lead_throttle_variation": 0.14214311833129747,
        "lead_brake_probability": 0.22817144497917888,
        "lead_brake_intensity": 0.41157467895657773,
        "lead_brake_duration": 24.52519273297794,
        "initial_distance": 29.107468283469757,
        "initial_ego_velocity": 10.578345081862539,
        "initial_lead_velocity": 18.495019242344046
      },
      "objectives": {
        "safety": 15.08007230592358,
        "plausibility": 0.0,
        "comfort": 16.0
      },
      "iteration": 18,
      "timestamp": null,
      "metadata": {
        "scenario_path": "falsification_output_random_200/scenarios/scenario_0018.json",
        "log_path": "falsification_output_random_200/logs/episode-scenario_0018.csv",
        "timestamp": 1764446206.2038283
      }
    },
    {
      "parameters": {
        "fog_density": 13.468257848572343,
        "precipitation": 60.170234863273265,
        "precipitation_deposits": 64.68247824439291,
        "wind_intensity": 32.968855980907975,
        "sun_altitude_angle": 35.415149913456275,
        "cloudiness": 18.98711247223264,
        "lead_base_throttle": 0.2642533875316925,
        "lead_behavior_frequency": 0.10279973022173329,
        "lead_throttle_variation": 0.1868741191129003,
        "lead_brake_probability": 0.00923057522106463,
        "lead_brake_intensity": 0.327910170100739,
        "lead_brake_duration": 14.340685160046206,
        "initial_distance": 74.20244188211026,
        "initial_ego_velocity": 8.365289016788145,
        "initial_lead_velocity": 8.002597213668647
      },
      "objectives": {
        "safety": 19.196676674060136,
        "plausibility": 45.382100292879414,
        "comfort": 16.0
      },
      "iteration": 19,
      "timestamp": null,
      "metadata": {
        "scenario_path": "falsification_output_random_200/scenarios/scenario_0019.json",
        "log_path": "falsification_output_random_200/logs/episode-scenario_0019.csv",
        "timestamp": 1764446217.7419538
      }
    },
    {
      "parameters": {
        "fog_density": 76.07469412919892,
        "precipitation": 34.885965984545706,
        "precipitation_deposits": 35.86466084290622,
        "wind_intensity": 4.705916136445171,
        "sun_altitude_angle": 75.10730312182363,
        "cloudiness": 5.729840408192766,
        "lead_base_throttle": 0.5447297968245647,
        "lead_behavior_frequency": 0.14870124684742897,
        "lead_throttle_variation": 0.08559319552953859,
        "lead_brake_probability": 0.08643410957381205,
        "lead_brake_intensity": 0.31403748175843904,
        "lead_brake_duration": 5.74470852000618,
        "initial_distance": 77.39729045411067,
        "initial_ego_velocity": 18.338162381844842,
        "initial_lead_velocity": 14.526633163795143
      },
      "objectives": {
        "safety": 31.354847773463653,
        "plausibility": 42.73451482021826,
        "comfort": 16.0
      },
      "iteration": 20,
      "timestamp": null,
      "metadata": {
        "scenario_path": "falsification_output_random_200/scenarios/scenario_0020.json",
        "log_path": "falsification_output_random_200/logs/episode-scenario_0020.csv",
        "timestamp": 1764446228.475432
      }
    },
    {
      "parameters": {
        "fog_density": 71.31479993055694,
        "precipitation": 80.35459191048257,
        "precipitation_deposits": 25.647318295245945,
        "wind_intensity": 48.66812462092517,
        "sun_altitude_angle": -1.2356675887017232,
        "cloudiness": 74.44869255975327,
        "lead_base_throttle": 0.301897098390434,
        "lead_behavior_frequency": 0.17863873165265015,
        "lead_throttle_variation": 0.132426912494585,
        "lead_brake_probability": 0.18419270499706938,
        "lead_brake_intensity": 0.1945151953208739,
        "lead_brake_duration": 12.55283757184081,
        "initial_distance": 48.40299162390629,
        "initial_ego_velocity": 15.71192617810549,
        "initial_lead_velocity": 10.350396207384458
      },
      "objectives": {
        "safety": 13.290688158625759,
        "plausibility": 0.0,
        "comfort": 16.0
      },
      "iteration": 21,
      "timestamp": null,
      "metadata": {
        "scenario_path": "falsification_output_random_200/scenarios/scenario_0021.json",
        "log_path": "falsification_output_random_200/logs/episode-scenario_0021.csv",
        "timestamp": 1764446241.8042684
      }
    },
    {
      "parameters": {
        "fog_density": 55.5126384180476,
        "precipitation": 61.76698438177192,
        "precipitation_deposits": 39.80990978013473,
        "wind_intensity": 43.69405092384754,
        "sun_altitude_angle": 55.90927411109766,
        "cloudiness": 62.37791053212649,
        "lead_base_throttle": 0.46756160404974206,
        "lead_behavior_frequency": 0.1659344259683918,
        "lead_throttle_variation": 0.27583091219881845,
        "lead_brake_probability": 0.05640241739801844,
        "lead_brake_intensity": 0.3400133994575163,
        "lead_brake_duration": 22.153280342964944,
        "initial_distance": 23.669258027984604,
        "initial_ego_velocity": 13.251295088251782,
        "initial_lead_velocity": 24.01639633364469
      },
      "objectives": {
        "safety": 15.363481495413653,
        "plausibility": 0.0,
        "comfort": 17.604477611940297
      },
      "iteration": 22,
      "timestamp": null,
      "metadata": {
        "scenario_path": "falsification_output_random_200/scenarios/scenario_0022.json",
        "log_path": "falsification_output_random_200/logs/episode-scenario_0022.csv",
        "timestamp": 1764446252.6986759
      }
    },
    {
      "parameters": {
        "fog_density": 32.302974571717726,
        "precipitation": 99.60554712854307,
        "precipitation_deposits": 59.77474715985369,
        "wind_intensity": 37.82926374323469,
        "sun_altitude_angle": 38.78169796183022,
        "cloudiness": 12.185690581350661,
        "lead_base_throttle": 0.3802080705239834,
        "lead_behavior_frequency": 0.14742668304772538,
        "lead_throttle_variation": 0.08822002555065556,
        "lead_brake_probability": 0.27167511005183215,
        "lead_brake_intensity": 0.2965272483583278,
        "lead_brake_duration": 8.505132279526894,
        "initial_distance": 47.043602837538494,
        "initial_ego_velocity": 11.811533540924067,
        "initial_lead_velocity": 19.439997145518475
      },
      "objectives": {
        "safety": 20.959405552799307,
        "plausibility": 39.38930858329126,
        "comfort": 16.0
      },
      "iteration": 23,
      "timestamp": null,
      "metadata": {
        "scenario_path": "falsification_output_random_200/scenarios/scenario_0023.json",
        "log_path": "falsification_output_random_200/logs/episode-scenario_0023.csv",
        "timestamp": 1764446264.0759676
      }
    },
    {
      "parameters": {
        "fog_density": 2.6970404440397022,
        "precipitation": 25.86777624463791,
        "precipitation_deposits": 44.27690752288408,
        "wind_intensity": 17.134129906844304,
        "sun_altitude_angle": -13.156614114431164,
        "cloudiness": 21.200492474244783,
        "lead_base_throttle": 0.24979438187634395,
        "lead_behavior_frequency": 0.2833477576710436,
        "lead_throttle_variation": 0.1609756174857968,
        "lead_brake_probability": 0.16713036193525468,
        "lead_brake_intensity": 0.15749917474194916,
        "lead_brake_duration": 14.486919824368997,
        "initial_distance": 64.48939954526011,
        "initial_ego_velocity": 7.2623045088549985,
        "initial_lead_velocity": 16.075552310094803
      },
      "objectives": {
        "safety": 18.30517824688885,
        "plausibility": 49.99098437497942,
        "comfort": 16.0
      },
      "iteration": 24,
      "timestamp": null,
      "metadata": {
        "scenario_path": "falsification_output_random_200/scenarios/scenario_0024.json",
        "log_path": "falsification_output_random_200/logs/episode-scenario_0024.csv",
        "timestamp": 1764446277.8143618
      }
    },
    {
      "parameters": {
        "fog_density": 36.84790655302346,
        "precipitation": 2.9220974189063664,
        "precipitation_deposits": 66.34387584411824,
        "wind_intensity": 23.75958653392864,
        "sun_altitude_angle": 9.502178677658584,
        "cloudiness": 73.43371021207433,
        "lead_base_throttle": 0.22426657819860416,
        "lead_behavior_frequency": 0.0813709212383431,
        "lead_throttle_variation": 0.22303570168106318,
        "lead_brake_probability": 0.21043976601529765,
        "lead_brake_intensity": 0.1156668850708426,
        "lead_brake_duration": 15.735839944859263,
        "initial_distance": 32.04858870991302,
        "initial_ego_velocity": 18.616700941443654,
        "initial_lead_velocity": 17.935239894580803
      },
      "objectives": {
        "safety": 15.307308099275994,
        "plausibility": 0.0,
        "comfort": 16.0
      },
      "iteration": 25,
      "timestamp": null,
      "metadata": {
        "scenario_path": "falsification_output_random_200/scenarios/scenario_0025.json",
        "log_path": "falsification_output_random_200/logs/episode-scenario_0025.csv",
        "timestamp": 1764446289.553308
      }
    },
    {
      "parameters": {
        "fog_density": 58.56744789783973,
        "precipitation": 87.13799011562148,
        "precipitation_deposits": 83.63234293540424,
        "wind_intensity": 43.517676899584835,
        "sun_altitude_angle": 4.484543255727054,
        "cloudiness": 26.9674526912993,
        "lead_base_throttle": 0.45446565203686845,
        "lead_behavior_frequency": 0.1107465505523627,
        "lead_throttle_variation": 0.3110618210748393,
        "lead_brake_probability": 0.021244613743200778,
        "lead_brake_intensity": 0.6368646849040791,
        "lead_brake_duration": 15.888505328577194,
        "initial_distance": 77.90095464434697,
        "initial_ego_velocity": 16.581636554653684,
        "initial_lead_velocity": 11.734551412690308
      },
      "objectives": {
        "safety": 24.48784783808714,
        "plausibility": 42.73451482021826,
        "comfort": 16.0
      },
      "iteration": 26,
      "timestamp": null,
      "metadata": {
        "scenario_path": "falsification_output_random_200/scenarios/scenario_0026.json",
        "log_path": "falsification_output_random_200/logs/episode-scenario_0026.csv",
        "timestamp": 1764446300.464423
      }
    },
    {
      "parameters": {
        "fog_density": 52.334692473649376,
        "precipitation": 34.0748074101063,
        "precipitation_deposits": 96.85171885127775,
        "wind_intensity": 25.635293788547898,
        "sun_altitude_angle": 80.33606063446321,
        "cloudiness": 20.394757393238116,
        "lead_base_throttle": 0.4051872352009666,
        "lead_behavior_frequency": 0.2864302516374093,
        "lead_throttle_variation": 0.3369679780893127,
        "lead_brake_probability": 0.2656379037090473,
        "lead_brake_intensity": 0.1477984893906829,
        "lead_brake_duration": 6.897790192134039,
        "initial_distance": 28.680497143280668,
        "initial_ego_velocity": 13.317965008052587,
        "initial_lead_velocity": 20.96197882107137
      },
      "objectives": {
        "safety": 18.677078608568152,
        "plausibility": 46.24600166440762,
        "comfort": 16.0
      },
      "iteration": 27,
      "timestamp": null,
      "metadata": {
        "scenario_path": "falsification_output_random_200/scenarios/scenario_0027.json",
        "log_path": "falsification_output_random_200/logs/episode-scenario_0027.csv",
        "timestamp": 1764446311.2676334
      }
    },
    {
      "parameters": {
        "fog_density": 41.19468558439082,
        "precipitation": 54.018172281006606,
        "precipitation_deposits": 62.245223309082995,
        "wind_intensity": 38.85881084579536,
        "sun_altitude_angle": 35.24644964735954,
        "cloudiness": 14.966312805887949,
        "lead_base_throttle": 0.24202268750408457,
        "lead_behavior_frequency": 0.07660542021900464,
        "lead_throttle_variation": 0.05481388322970977,
        "lead_brake_probability": 0.06558219953448755,
        "lead_brake_intensity": 0.6746205080177251,
        "lead_brake_duration": 7.365836061042604,
        "initial_distance": 25.22643279403693,
        "initial_ego_velocity": 18.20251029822275,
        "initial_lead_velocity": 21.239301459021753
      },
      "objectives": {
        "safety": 14.660344034595042,
        "plausibility": 0.0,
        "comfort": 19.84328358208955
      },
      "iteration": 28,
      "timestamp": null,
      "metadata": {
        "scenario_path": "falsification_output_random_200/scenarios/scenario_0028.json",
        "log_path": "falsification_output_random_200/logs/episode-scenario_0028.csv",
        "timestamp": 1764446322.6062646
      }
    },
    {
      "parameters": {
        "fog_density": 70.41585848532988,
        "precipitation": 15.12736729124795,
        "precipitation_deposits": 61.16198092277012,
        "wind_intensity": 49.884553912728535,
        "sun_altitude_angle": 34.896939668425986,
        "cloudiness": 55.50524722051223,
        "lead_base_throttle": 0.5193303225206528,
        "lead_behavior_frequency": 0.06300677562601505,
        "lead_throttle_variation": 0.18786368996157812,
        "lead_brake_probability": 0.07770481164453641,
        "lead_brake_intensity": 0.35306730988668333,
        "lead_brake_duration": 17.047115501731145,
        "initial_distance": 45.933067701436954,
        "initial_ego_velocity": 5.889573507964528,
        "initial_lead_velocity": 14.335363523989708
      },
      "objectives": {
        "safety": 28.64121080965747,
        "plausibility": 42.73451482021826,
        "comfort": 16.0
      },
      "iteration": 29,
      "timestamp": null,
      "metadata": {
        "scenario_path": "falsification_output_random_200/scenarios/scenario_0029.json",
        "log_path": "falsification_output_random_200/logs/episode-scenario_0029.csv",
        "timestamp": 1764446333.3537462
      }
    },
    {
      "parameters": {
        "fog_density": 62.54885886186599,
        "precipitation": 35.34210669806055,
        "precipitation_deposits": 53.33273167019722,
        "wind_intensity": 36.56316248007441,
        "sun_altitude_angle": 80.40575407799243,
        "cloudiness": 2.4025817405461503,
        "lead_base_throttle": 0.34782510025675917,
        "lead_behavior_frequency": 0.169547705459678,
        "lead_throttle_variation": 0.33824506912275404,
        "lead_brake_probability": 0.13876628508418806,
        "lead_brake_intensity": 0.6042839951036988,
        "lead_brake_duration": 23.343849881399112,
        "initial_distance": 27.2929585315501,
        "initial_ego_velocity": 7.670947835192016,
        "initial_lead_velocity": 6.10920889144575
      },
      "objectives": {
        "safety": 7.674757550890907,
        "plausibility": 0.0,
        "comfort": 16.0
      },
      "iteration": 30,
      "timestamp": null,
      "metadata": {
        "scenario_path": "falsification_output_random_200/scenarios/scenario_0030.json",
        "log_path": "falsification_output_random_200/logs/episode-scenario_0030.csv",
        "timestamp": 1764446344.1938221
      }
    },
    {
      "parameters": {
        "fog_density": 5.299246251276122,
        "precipitation": 80.20274840549268,
        "precipitation_deposits": 24.480301819534354,
        "wind_intensity": 34.52608319911394,
        "sun_altitude_angle": -2.729677924438679,
        "cloudiness": 41.36458383075855,
        "lead_base_throttle": 0.47182870589222686,
        "lead_behavior_frequency": 0.2563825319562463,
        "lead_throttle_variation": 0.025124465296133547,
        "lead_brake_probability": 0.02354841832121346,
        "lead_brake_intensity": 0.12875713664114194,
        "lead_brake_duration": 10.98890700754719,
        "initial_distance": 42.537587697473334,
        "initial_ego_velocity": 18.89802342467533,
        "initial_lead_velocity": 13.629923466689224
      },
      "objectives": {
        "safety": 24.921900502180534,
        "plausibility": 42.734490978284725,
        "comfort": 16.0
      },
      "iteration": 31,
      "timestamp": null,
      "metadata": {
        "scenario_path": "falsification_output_random_200/scenarios/scenario_0031.json",
        "log_path": "falsification_output_random_200/logs/episode-scenario_0031.csv",
        "timestamp": 1764446358.215855
      }
    },
    {
      "parameters": {
        "fog_density": 9.322762406982115,
        "precipitation": 17.928804596587412,
        "precipitation_deposits": 83.78244812655055,
        "wind_intensity": 4.473371294956846,
        "sun_altitude_angle": 17.229803653419147,
        "cloudiness": 42.44914040051418,
        "lead_base_throttle": 0.3000029825537493,
        "lead_behavior_frequency": 0.0859593046829341,
        "lead_throttle_variation": 0.09785155137168365,
        "lead_brake_probability": 0.2160528169296259,
        "lead_brake_intensity": 0.3603292896385625,
        "lead_brake_duration": 16.52929782820943,
        "initial_distance": 15.321719546053577,
        "initial_ego_velocity": 5.260482937781428,
        "initial_lead_velocity": 12.199990302063991
      },
      "objectives": {
        "safety": 29.5004604581732,
        "plausibility": 36.40645749459753,
        "comfort": 40.0
      },
      "iteration": 32,
      "timestamp": null,
      "metadata": {
        "scenario_path": "falsification_output_random_200/scenarios/scenario_0032.json",
        "log_path": "falsification_output_random_200/logs/episode-scenario_0032.csv",
        "timestamp": 1764446369.7870827
      }
    },
    {
      "parameters": {
        "fog_density": 56.89175053406376,
        "precipitation": 97.86749146261486,
        "precipitation_deposits": 98.6298370268753,
        "wind_intensity": 43.68771487263056,
        "sun_altitude_angle": 11.976666775841636,
        "cloudiness": 63.914901031458484,
        "lead_base_throttle": 0.568741109718157,
        "lead_behavior_frequency": 0.2332231744011748,
        "lead_throttle_variation": 0.1268290694298584,
        "lead_brake_probability": 0.059135472084296564,
        "lead_brake_intensity": 0.5024598950667488,
        "lead_brake_duration": 17.715869267283985,
        "initial_distance": 28.273230001880812,
        "initial_ego_velocity": 14.026977105885553,
        "initial_lead_velocity": 6.9927245787178265
      },
      "objectives": {
        "safety": 23.57036285408949,
        "plausibility": 42.7344909783826,
        "comfort": 16.0
      },
      "iteration": 33,
      "timestamp": null,
      "metadata": {
        "scenario_path": "falsification_output_random_200/scenarios/scenario_0033.json",
        "log_path": "falsification_output_random_200/logs/episode-scenario_0033.csv",
        "timestamp": 1764446380.6222928
      }
    },
    {
      "parameters": {
        "fog_density": 17.46420943700029,
        "precipitation": 67.97592741398121,
        "precipitation_deposits": 47.13246521278437,
        "wind_intensity": 28.07703614965293,
        "sun_altitude_angle": -20.376033000704723,
        "cloudiness": 80.91657980172131,
        "lead_base_throttle": 0.50445286004339,
        "lead_behavior_frequency": 0.1534919855288353,
        "lead_throttle_variation": 0.10813474025982549,
        "lead_brake_probability": 0.12669247378571175,
        "lead_brake_intensity": 0.6470497896078634,
        "lead_brake_duration": 7.006605582474908,
        "initial_distance": 69.9919795241359,
        "initial_ego_velocity": 8.264122113325154,
        "initial_lead_velocity": 20.669882177855012
      },
      "objectives": {
        "safety": 22.39475696262328,
        "plausibility": 39.66947740669815,
        "comfort": 16.0
      },
      "iteration": 34,
      "timestamp": null,
      "metadata": {
        "scenario_path": "falsification_output_random_200/scenarios/scenario_0034.json",
        "log_path": "falsification_output_random_200/logs/episode-scenario_0034.csv",
        "timestamp": 1764446393.8619509
      }
    },
    {
      "parameters": {
        "fog_density": 67.78929459842699,
        "precipitation": 94.88198846489456,
        "precipitation_deposits": 63.112670348119195,
        "wind_intensity": 13.99278418380746,
        "sun_altitude_angle": -24.014550283800546,
        "cloudiness": 48.913277081759176,
        "lead_base_throttle": 0.5100179210868911,
        "lead_behavior_frequency": 0.08510701102539785,
        "lead_throttle_variation": 0.24625140628034728,
        "lead_brake_probability": 0.15811545536657448,
        "lead_brake_intensity": 0.10831607278137378,
        "lead_brake_duration": 16.611028839010515,
        "initial_distance": 67.41711440008407,
        "initial_ego_velocity": 9.230702514891512,
        "initial_lead_velocity": 21.080515650684347
      },
      "objectives": {
        "safety": 28.112256310967684,
        "plausibility": 50.0,
        "comfort": 16.0
      },
      "iteration": 35,
      "timestamp": null,
      "metadata": {
        "scenario_path": "falsification_output_random_200/scenarios/scenario_0035.json",
        "log_path": "falsification_output_random_200/logs/episode-scenario_0035.csv",
        "timestamp": 1764446407.1038783
      }
    },
    {
      "parameters": {
        "fog_density": 2.434746832994188,
        "precipitation": 92.34538424010137,
        "precipitation_deposits": 97.98888990537769,
        "wind_intensity": 16.867078318537803,
        "sun_altitude_angle": 48.40282920562133,
        "cloudiness": 58.05916314301795,
        "lead_base_throttle": 0.569272563144835,
        "lead_behavior_frequency": 0.2571615040771415,
        "lead_throttle_variation": 0.35366352959927055,
        "lead_brake_probability": 0.26207092063890464,
        "lead_brake_intensity": 0.4229834943115456,
        "lead_brake_duration": 22.569827169090104,
        "initial_distance": 77.40377279728246,
        "initial_ego_velocity": 9.30162950036365,
        "initial_lead_velocity": 14.072768259112962
      },
      "objectives": {
        "safety": 14.015912494855648,
        "plausibility": 0.0,
        "comfort": 16.0
      },
      "iteration": 36,
      "timestamp": null,
      "metadata": {
        "scenario_path": "falsification_output_random_200/scenarios/scenario_0036.json",
        "log_path": "falsification_output_random_200/logs/episode-scenario_0036.csv",
        "timestamp": 1764446418.6393468
      }
    },
    {
      "parameters": {
        "fog_density": 43.50060516879414,
        "precipitation": 6.335583107168075,
        "precipitation_deposits": 2.20437388837208,
        "wind_intensity": 38.38510294018042,
        "sun_altitude_angle": 63.028194843059325,
        "cloudiness": 29.071338983483873,
        "lead_base_throttle": 0.5838466624153509,
        "lead_behavior_frequency": 0.2079320583889297,
        "lead_throttle_variation": 0.30000748378408143,
        "lead_brake_probability": 0.1504658991860188,
        "lead_brake_intensity": 0.1571048718649973,
        "lead_brake_duration": 17.362934243900924,
        "initial_distance": 57.26739906844159,
        "initial_ego_velocity": 11.686319268200512,
        "initial_lead_velocity": 6.237724643619624
      },
      "objectives": {
        "safety": 17.160783511573044,
        "plausibility": 0.0,
        "comfort": 16.0
      },
      "iteration": 37,
      "timestamp": null,
      "metadata": {
        "scenario_path": "falsification_output_random_200/scenarios/scenario_0037.json",
        "log_path": "falsification_output_random_200/logs/episode-scenario_0037.csv",
        "timestamp": 1764446429.994421
      }
    },
    {
      "parameters": {
        "fog_density": 30.852656035587877,
        "precipitation": 62.08822152462379,
        "precipitation_deposits": 62.96466725722559,
        "wind_intensity": 32.461750511352555,
        "sun_altitude_angle": 42.045077650790375,
        "cloudiness": 69.26817063332902,
        "lead_base_throttle": 0.5907757844830546,
        "lead_behavior_frequency": 0.12187805872365866,
        "lead_throttle_variation": 0.18574144531657338,
        "lead_brake_probability": 0.2522472481620104,
        "lead_brake_intensity": 0.28428914963191754,
        "lead_brake_duration": 13.888590609602684,
        "initial_distance": 49.10270535504232,
        "initial_ego_velocity": 12.402836159240278,
        "initial_lead_velocity": 7.735560430928956
      },
      "objectives": {
        "safety": 16.662933131786197,
        "plausibility": 42.73451482021826,
        "comfort": 16.0
      },
      "iteration": 38,
      "timestamp": null,
      "metadata": {
        "scenario_path": "falsification_output_random_200/scenarios/scenario_0038.json",
        "log_path": "falsification_output_random_200/logs/episode-scenario_0038.csv",
        "timestamp": 1764446441.4065003
      }
    },
    {
      "parameters": {
        "fog_density": 48.580897801122525,
        "precipitation": 59.96135980118476,
        "precipitation_deposits": 85.94855141230272,
        "wind_intensity": 41.550655370758676,
        "sun_altitude_angle": 58.55055452291457,
        "cloudiness": 9.31599099434981,
        "lead_base_throttle": 0.41278554843917836,
        "lead_behavior_frequency": 0.172496044748095,
        "lead_throttle_variation": 0.280968708989068,
        "lead_brake_probability": 0.06752929006846387,
        "lead_brake_intensity": 0.41709010553205983,
        "lead_brake_duration": 15.659603807364226,
        "initial_distance": 78.41430790367284,
        "initial_ego_velocity": 10.242565935463801,
        "initial_lead_velocity": 20.51853843612644
      },
      "objectives": {
        "safety": 24.877866888919606,
        "plausibility": 47.92935358792929,
        "comfort": 16.0
      },
      "iteration": 39,
      "timestamp": null,
      "metadata": {
        "scenario_path": "falsification_output_random_200/scenarios/scenario_0039.json",
        "log_path": "falsification_output_random_200/logs/episode-scenario_0039.csv",
        "timestamp": 1764446452.464257
      }
    },
    {
      "parameters": {
        "fog_density": 56.8012759772124,
        "precipitation": 56.80121574859561,
        "precipitation_deposits": 14.311675236917587,
        "wind_intensity": 28.040040014580885,
        "sun_altitude_angle": 82.04209338976139,
        "cloudiness": 34.42846045527567,
        "lead_base_throttle": 0.25697898782408635,
        "lead_behavior_frequency": 0.09777328642697365,
        "lead_throttle_variation": 0.11589452230573256,
        "lead_brake_probability": 0.25418483479508314,
        "lead_brake_intensity": 0.31793086283116023,
        "lead_brake_duration": 19.741242407409636,
        "initial_distance": 41.39329689575773,
        "initial_ego_velocity": 18.30510766761161,
        "initial_lead_velocity": 19.69533717411529
      },
      "objectives": {
        "safety": 13.364164039553142,
        "plausibility": 0.0,
        "comfort": 16.0
      },
      "iteration": 40,
      "timestamp": null,
      "metadata": {
        "scenario_path": "falsification_output_random_200/scenarios/scenario_0040.json",
        "log_path": "falsification_output_random_200/logs/episode-scenario_0040.csv",
        "timestamp": 1764446463.2096887
      }
    },
    {
      "parameters": {
        "fog_density": 42.254522841025945,
        "precipitation": 73.1418206353448,
        "precipitation_deposits": 77.04902254330975,
        "wind_intensity": 49.287983721027075,
        "sun_altitude_angle": 23.454451543601337,
        "cloudiness": 72.42205846748521,
        "lead_base_throttle": 0.4106177788315445,
        "lead_behavior_frequency": 0.2948490521710673,
        "lead_throttle_variation": 0.10044655595104653,
        "lead_brake_probability": 0.2316942412371734,
        "lead_brake_intensity": 0.7891486804845634,
        "lead_brake_duration": 6.671127910021686,
        "initial_distance": 16.261465707970604,
        "initial_ego_velocity": 18.92455888462029,
        "initial_lead_velocity": 13.871415083807978
      },
      "objectives": {
        "safety": 19.8871132793592,
        "plausibility": 43.904926172284675,
        "comfort": 21.33582089552239
      },
      "iteration": 41,
      "timestamp": null,
      "metadata": {
        "scenario_path": "falsification_output_random_200/scenarios/scenario_0041.json",
        "log_path": "falsification_output_random_200/logs/episode-scenario_0041.csv",
        "timestamp": 1764446474.7402008
      }
    },
    {
      "parameters": {
        "fog_density": 53.79800834743783,
        "precipitation": 62.157018958662704,
        "precipitation_deposits": 95.47304205003475,
        "wind_intensity": 46.27817037244706,
        "sun_altitude_angle": 30.460851548948852,
        "cloudiness": 25.299039226152477,
        "lead_base_throttle": 0.35378056852850503,
        "lead_behavior_frequency": 0.08803204657073489,
        "lead_throttle_variation": 0.08181594395823649,
        "lead_brake_probability": 0.28411342311950055,
        "lead_brake_intensity": 0.1378103820520701,
        "lead_brake_duration": 13.951110697788323,
        "initial_distance": 56.54891644595424,
        "initial_ego_velocity": 9.773137415645795,
        "initial_lead_velocity": 19.077109066513444
      },
      "objectives": {
        "safety": 15.68005493297926,
        "plausibility": 39.55341805569752,
        "comfort": 16.0
      },
      "iteration": 42,
      "timestamp": null,
      "metadata": {
        "scenario_path": "falsification_output_random_200/scenarios/scenario_0042.json",
        "log_path": "falsification_output_random_200/logs/episode-scenario_0042.csv",
        "timestamp": 1764446485.6734543
      }
    },
    {
      "parameters": {
        "fog_density": 0.3757270617924391,
        "precipitation": 62.12210242458504,
        "precipitation_deposits": 11.856854973737285,
        "wind_intensity": 21.63617456996937,
        "sun_altitude_angle": 88.69180486238041,
        "cloudiness": 20.813987005259417,
        "lead_base_throttle": 0.3430763687449435,
        "lead_behavior_frequency": 0.28414107774272795,
        "lead_throttle_variation": 0.25166435698785045,
        "lead_brake_probability": 0.07878092183225395,
        "lead_brake_intensity": 0.18158996010205972,
        "lead_brake_duration": 17.664454165193135,
        "initial_distance": 71.48654088778338,
        "initial_ego_velocity": 11.849290365896167,
        "initial_lead_velocity": 12.823374278838154
      },
      "objectives": {
        "safety": 14.680054756653568,
        "plausibility": 40.28080555852158,
        "comfort": 16.0
      },
      "iteration": 43,
      "timestamp": null,
      "metadata": {
        "scenario_path": "falsification_output_random_200/scenarios/scenario_0043.json",
        "log_path": "falsification_output_random_200/logs/episode-scenario_0043.csv",
        "timestamp": 1764446497.0502992
      }
    }
  ],
  "iteration": 44,
  "random_state": 42,
  "strategy": "random_search"
}