{
  "parameter_bounds": {
    "fog_density": [
      0.0,
      80.0
    ],
    "precipitation": [
      0.0,
      100.0
    ],
    "precipitation_deposits": [
      0.0,
      100.0
    ],
    "wind_intensity": [
      0.0,
      50.0
    ],
    "sun_altitude_angle": [
      -30.0,
      90.0
    ],
    "cloudiness": [
      0.0,
      100.0
    ],
    "lead_base_throttle": [
      0.2,
      0.6
    ],
    "lead_behavior_frequency": [
      0.05,
      0.3
    ],
    "lead_throttle_variation": [
      0.0,
      0.4
    ],
    "lead_brake_probability": [
      0.0,
      0.3
    ],
    "lead_brake_intensity": [
      0.1,
      0.8
    ],
    "lead_brake_duration": [
      5,
      30
    ],
    "initial_distance": [
      15.0,
      80.0
    ],
    "initial_ego_velocity": [
      5.0,
      20.0
    ],
    "initial_lead_velocity": [
      5.0,
      25.0
    ]
  },
  "objective_names": [
    "safety",
    "plausibility",
    "comfort"
  ],
  "maximize_objectives": [
    false,
    true,
    false
  ],
  "evaluation_history": [
    {
      "parameters": {
        "fog_density": 29.963209507789,
        "precipitation": 95.07143064099162,
        "precipitation_deposits": 73.1993941811405,
        "wind_intensity": 29.93292420985183,
        "sun_altitude_angle": -11.277763146907617,
        "cloudiness": 15.599452033620265,
        "lead_base_throttle": 0.2232334448672798,
        "lead_behavior_frequency": 0.2665440364437338,
        "lead_throttle_variation": 0.24044600469728353,
        "lead_brake_probability": 0.21242177333881365,
        "lead_brake_intensity": 0.11440914600706172,
        "lead_brake_duration": 29.24774630404986,
        "initial_distance": 69.10877165202741,
        "initial_ego_velocity": 8.185086660174143,
        "initial_lead_velocity": 8.636499344142013
      },
      "objectives": {
        "safety": 12.463600955881118,
        "plausibility": 0.0,
        "comfort": 16.0
      },
      "iteration": 0,
      "timestamp": null,
      "metadata": {
        "scenario_path": "falsification_output_random_200/scenarios/scenario_0000.json",
        "log_path": "falsification_output_random_200/logs/episode-scenario_0000.csv",
        "timestamp": 1764452111.002948
      }
    },
    {
      "parameters": {
        "fog_density": 40.85978420620526,
        "precipitation": 41.7411003148779,
        "precipitation_deposits": 22.210781047073024,
        "wind_intensity": 5.99326836668414,
        "sun_altitude_angle": 10.513820568435357,
        "cloudiness": 94.29097039125192,
        "lead_base_throttle": 0.3292811728083021,
        "lead_behavior_frequency": 0.17969765543584154,
        "lead_throttle_variation": 0.28120758355807113,
        "lead_brake_probability": 0.1090888807137882,
        "lead_brake_intensity": 0.7802474579046725,
        "lead_brake_duration": 29.061182373552782,
        "initial_distance": 31.36584922864867,
        "initial_ego_velocity": 12.45872758838578,
        "initial_lead_velocity": 11.017566196335393
      },
      "objectives": {
        "safety": 15.055877702634556,
        "plausibility": 32.292697670034734,
        "comfort": 16.0
      },
      "iteration": 1,
      "timestamp": null,
      "metadata": {
        "scenario_path": "falsification_output_random_200/scenarios/scenario_0001.json",
        "log_path": "falsification_output_random_200/logs/episode-scenario_0001.csv",
        "timestamp": 1764452122.0007024
      }
    },
    {
      "parameters": {
        "fog_density": 26.759119324234586,
        "precipitation": 96.92555038310559,
        "precipitation_deposits": 70.09756894333043,
        "wind_intensity": 20.684276736666817,
        "sun_altitude_angle": -15.509739538105505,
        "cloudiness": 6.036354435155367,
        "lead_base_throttle": 0.49048466950431,
        "lead_behavior_frequency": 0.2763627460783684,
        "lead_throttle_variation": 0.006410367172847576,
        "lead_brake_probability": 0.17524224921407602,
        "lead_brake_intensity": 0.6100228351459861,
        "lead_brake_duration": 12.304938606900205,
        "initial_distance": 48.98184506127084,
        "initial_ego_velocity": 17.222778293759266,
        "initial_lead_velocity": 16.926539603537314
      },
      "objectives": {
        "safety": 12.443931413956467,
        "plausibility": 25.463519116025033,
        "comfort": 16.0
      },
      "iteration": 2,
      "timestamp": null,
      "metadata": {
        "scenario_path": "falsification_output_random_200/scenarios/scenario_0002.json",
        "log_path": "falsification_output_random_200/logs/episode-scenario_0002.csv",
        "timestamp": 1764452135.6688259
      }
    },
    {
      "parameters": {
        "fog_density": 78.31922180070299,
        "precipitation": 17.111105661548986,
        "precipitation_deposits": 52.75267441774609,
        "wind_intensity": 35.31525808947756,
        "sun_altitude_angle": 34.62180053085417,
        "cloudiness": 40.5570276316518,
        "lead_base_throttle": 0.5036587092291303,
        "lead_behavior_frequency": 0.22815122191717835,
        "lead_throttle_variation": 0.081077094260933,
        "lead_brake_probability": 0.29481065132230444,
        "lead_brake_intensity": 0.6507329646396698,
        "lead_brake_duration": 5.147076658879675,
        "initial_distance": 51.33853904725409,
        "initial_ego_velocity": 16.437080063972893,
        "initial_lead_velocity": 9.876884079105546
      },
      "objectives": {
        "safety": 24.002418177932643,
        "plausibility": 42.734490978284725,
        "comfort": 16.0
      },
      "iteration": 3,
      "timestamp": null,
      "metadata": {
        "scenario_path": "falsification_output_random_200/scenarios/scenario_0003.json",
        "log_path": "falsification_output_random_200/logs/episode-scenario_0003.csv",
        "timestamp": 1764452145.6350071
      }
    },
    {
      "parameters": {
        "fog_density": 54.891852847405744,
        "precipitation": 63.59045669890764,
        "precipitation_deposits": 65.98127610447729,
        "wind_intensity": 47.55268445039104,
        "sun_altitude_angle": 76.9180981585036,
        "cloudiness": 62.17019422214407,
        "lead_base_throttle": 0.5374561856404809,
        "lead_behavior_frequency": 0.16781850905017465,
        "lead_throttle_variation": 0.21761052700016445,
        "lead_brake_probability": 0.25987315725321947,
        "lead_brake_intensity": 0.6594966156711745,
        "lead_brake_duration": 15.204308297093107,
        "initial_distance": 34.76118830261585,
        "initial_ego_velocity": 7.795127596090532,
        "initial_lead_velocity": 12.178029677767668
      },
      "objectives": {
        "safety": 11.260475446011739,
        "plausibility": 31.915311116783325,
        "comfort": 16.0
      },
      "iteration": 4,
      "timestamp": null,
      "metadata": {
        "scenario_path": "falsification_output_random_200/scenarios/scenario_0004.json",
        "log_path": "falsification_output_random_200/logs/episode-scenario_0004.csv",
        "timestamp": 1764452155.867004
      }
    },
    {
      "parameters": {
        "fog_density": 53.170682742237005,
        "precipitation": 33.63220289468815,
        "precipitation_deposits": 94.27043654049811,
        "wind_intensity": 29.754702538210854,
        "sun_altitude_angle": 12.219759577410827,
        "cloudiness": 78.37215837689978,
        "lead_base_throttle": 0.539122080023166,
        "lead_behavior_frequency": 0.08152294693648345,
        "lead_throttle_variation": 0.33902068158124593,
        "lead_brake_probability": 0.05259778036479616,
        "lead_brake_intensity": 0.7851176783187378,
        "lead_brake_duration": 8.594858278327662,
        "initial_distance": 22.29420726153696,
        "initial_ego_velocity": 13.602922419971842,
        "initial_lead_velocity": 24.960299098392106
      },
      "objectives": {
        "safety": 21.275633792021893,
        "plausibility": 36.15453143047445,
        "comfort": 16.0
      },
      "iteration": 5,
      "timestamp": null,
      "metadata": {
        "scenario_path": "falsification_output_random_200/scenarios/scenario_0005.json",
        "log_path": "falsification_output_random_200/logs/episode-scenario_0005.csv",
        "timestamp": 1764452166.0599234
      }
    },
    {
      "parameters": {
        "fog_density": 0.6948034720011353,
        "precipitation": 39.64620275370873,
        "precipitation_deposits": 7.913566508691572,
        "wind_intensity": 41.245415812286396,
        "sun_altitude_angle": 65.66665467642486,
        "cloudiness": 81.892543334253,
        "lead_base_throttle": 0.39642057780906426,
        "lead_behavior_frequency": 0.24311456650141805,
        "lead_throttle_variation": 0.003011539529850982,
        "lead_brake_probability": 0.13295793290064714,
        "lead_brake_intensity": 0.15974066880459747,
        "lead_brake_duration": 22.434765819298875,
        "initial_distance": 27.37088079627477,
        "initial_ego_velocity": 18.201695385578894,
        "initial_lead_velocity": 21.519367866784417
      },
      "objectives": {
        "safety": 18.78755147016505,
        "plausibility": 42.56722946562861,
        "comfort": 16.0
      },
      "iteration": 6,
      "timestamp": null,
      "metadata": {
        "scenario_path": "falsification_output_random_200/scenarios/scenario_0006.json",
        "log_path": "falsification_output_random_200/logs/episode-scenario_0006.csv",
        "timestamp": 1764452176.921528
      }
    },
    {
      "parameters": {
        "fog_density": 10.040248533446698,
        "precipitation": 41.43984316289896,
        "precipitation_deposits": 68.84086009500514,
        "wind_intensity": 40.878744010035355,
        "sun_altitude_angle": -2.1406522218432045,
        "cloudiness": 33.641143186840885,
        "lead_base_throttle": 0.354410738276429,
        "lead_behavior_frequency": 0.17424413762854551,
        "lead_throttle_variation": 0.391389534048678,
        "lead_brake_probability": 0.1333203194565182,
        "lead_brake_intensity": 0.7110758392716796,
        "lead_brake_duration": 24.863838095649697,
        "initial_distance": 20.15587879182413,
        "initial_ego_velocity": 19.52354152033483,
        "initial_lead_velocity": 23.58732379337325
      },
      "objectives": {
        "safety": 12.684781356636037,
        "plausibility": 40.58765398586279,
        "comfort": 22.082089552238806
      },
      "iteration": 7,
      "timestamp": null,
      "metadata": {
        "scenario_path": "falsification_output_random_200/scenarios/scenario_0007.json",
        "log_path": "falsification_output_random_200/logs/episode-scenario_0007.csv",
        "timestamp": 1764452190.9387746
      }
    },
    {
      "parameters": {
        "fog_density": 68.40305384999503,
        "precipitation": 55.66159084475838,
        "precipitation_deposits": 93.02624299632649,
        "wind_intensity": 21.180257478586068,
        "sun_altitude_angle": 19.57752625824979,
        "cloudiness": 30.131713045338692,
        "lead_base_throttle": 0.5188647446312138,
        "lead_behavior_frequency": 0.06445768336543241,
        "lead_throttle_variation": 0.22564663596431944,
        "lead_brake_probability": 0.10256397484567989,
        "lead_brake_intensity": 0.3219390655957375,
        "lead_brake_duration": 18.03908031074617,
        "initial_distance": 41.67104473227617,
        "initial_ego_velocity": 7.722085518639506,
        "initial_lead_velocity": 8.761852928066174
      },
      "objectives": {
        "safety": 24.805622023808837,
        "plausibility": 44.88908838096095,
        "comfort": 16.0
      },
      "iteration": 8,
      "timestamp": null,
      "metadata": {
        "scenario_path": "falsification_output_random_200/scenarios/scenario_0008.json",
        "log_path": "falsification_output_random_200/logs/episode-scenario_0008.csv",
        "timestamp": 1764452201.2516196
      }
    },
    {
      "parameters": {
        "fog_density": 59.54559431372885,
        "precipitation": 17.851273856500082,
        "precipitation_deposits": 25.07041032180798,
        "wind_intensity": 6.693985191988033,
        "sun_altitude_angle": -11.907110416064306,
        "cloudiness": 93.90303407775845,
        "lead_base_throttle": 0.5885811546695414,
        "lead_behavior_frequency": 0.08563914719063422,
        "lead_throttle_variation": 0.07834600482616959,
        "lead_brake_probability": 0.030119351542959482,
        "lead_brake_intensity": 0.15726872896941918,
        "lead_brake_duration": 24.209391806029032,
        "initial_distance": 28.67318839644096,
        "initial_ego_velocity": 11.932646708379302,
        "initial_lead_velocity": 6.680200722418858
      },
      "objectives": {
        "safety": 25.864314551692356,
        "plausibility": 42.734371829427275,
        "comfort": 16.0
      },
      "iteration": 9,
      "timestamp": null,
      "metadata": {
        "scenario_path": "falsification_output_random_200/scenarios/scenario_0009.json",
        "log_path": "falsification_output_random_200/logs/episode-scenario_0009.csv",
        "timestamp": 1764452213.8894393
      }
    },
    {
      "parameters": {
        "cloudiness": 18.0572868563732,
        "fog_density": 17.758074481621307,
        "initial_distance": 49.85513635657859,
        "initial_ego_velocity": 14.39236498514695,
        "initial_lead_velocity": 15.886187453004588,
        "lead_base_throttle": 0.30062136501009645,
        "lead_behavior_frequency": 0.2578564754127092,
        "lead_brake_duration": 24.986746877852898,
        "lead_brake_intensity": 0.42149968396874077,
        "lead_brake_probability": 0.1873285195824643,
        "lead_throttle_variation": 0.2407619404822493,
        "precipitation": 80.9722052315536,
        "precipitation_deposits": 68.71461498793346,
        "sun_altitude_angle": -12.277234400757868,
        "wind_intensity": 32.575657009015835
      },
      "objectives": {
        "safety": 14.407382952842354,
        "plausibility": 34.77101084595059,
        "comfort": 16.0
      },
      "iteration": 10,
      "timestamp": null,
      "metadata": {
        "scenario_path": "falsification_output_random_200/scenarios/scenario_0010.json",
        "log_path": "falsification_output_random_200/logs/episode-scenario_0010.csv",
        "timestamp": 1764452229.540118
      }
    },
    {
      "parameters": {
        "cloudiness": 73.10766938369945,
        "fog_density": 47.77778970744795,
        "initial_distance": 30.878037682853623,
        "initial_ego_velocity": 5.0,
        "initial_lead_velocity": 11.458604909621503,
        "lead_base_throttle": 0.5297414820562542,
        "lead_behavior_frequency": 0.19735291128611415,
        "lead_brake_duration": 18.680870643655457,
        "lead_brake_intensity": 0.8,
        "lead_brake_probability": 0.3,
        "lead_throttle_variation": 0.2897888708909518,
        "precipitation": 84.2443249302766,
        "precipitation_deposits": 61.4133560008005,
        "sun_altitude_angle": 90.0,
        "wind_intensity": 50.0
      },
      "objectives": {
        "safety": 11.596570530984394,
        "plausibility": 25.319956041059513,
        "comfort": 16.0
      },
      "iteration": 11,
      "timestamp": null,
      "metadata": {
        "scenario_path": "falsification_output_random_200/scenarios/scenario_0011.json",
        "log_path": "falsification_output_random_200/logs/episode-scenario_0011.csv",
        "timestamp": 1764452241.3029304
      }
    },
    {
      "parameters": {
        "cloudiness": 45.87259423489623,
        "fog_density": 26.712873700115296,
        "initial_distance": 24.498506037782224,
        "initial_ego_velocity": 11.016129251731863,
        "initial_lead_velocity": 20.278207199888303,
        "lead_base_throttle": 0.4566213505727446,
        "lead_behavior_frequency": 0.24342793694534592,
        "lead_brake_duration": 17.066591412785137,
        "lead_brake_intensity": 0.8,
        "lead_brake_probability": 0.3,
        "lead_throttle_variation": 0.3847445776591418,
        "precipitation": 71.70932256937137,
        "precipitation_deposits": 73.47530126140866,
        "sun_altitude_angle": 90.0,
        "wind_intensity": 50.0
      },
      "objectives": {
        "safety": 15.075995459948203,
        "plausibility": 0.0,
        "comfort": 19.84328358208955
      },
      "iteration": 12,
      "timestamp": null,
      "metadata": {
        "scenario_path": "falsification_output_random_200/scenarios/scenario_0012.json",
        "log_path": "falsification_output_random_200/logs/episode-scenario_0012.csv",
        "timestamp": 1764452253.6832273
      }
    },
    {
      "parameters": {
        "cloudiness": 89.96905734240816,
        "fog_density": 58.64141406666261,
        "initial_distance": 49.87047961356944,
        "initial_ego_velocity": 5.0,
        "initial_lead_velocity": 5.0,
        "lead_base_throttle": 0.2,
        "lead_behavior_frequency": 0.05,
        "lead_brake_duration": 30.0,
        "lead_brake_intensity": 0.8,
        "lead_brake_probability": 0.3,
        "lead_throttle_variation": 0.0,
        "precipitation": 61.14253471580538,
        "precipitation_deposits": 69.74206651916278,
        "sun_altitude_angle": 90.0,
        "wind_intensity": 50.0
      },
      "objectives": {
        "safety": 13.118610170964484,
        "plausibility": 0.0,
        "comfort": 16.0
      },
      "iteration": 13,
      "timestamp": null,
      "metadata": {
        "scenario_path": "falsification_output_random_200/scenarios/scenario_0013.json",
        "log_path": "falsification_output_random_200/logs/episode-scenario_0013.csv",
        "timestamp": 1764452265.6369424
      }
    },
    {
      "parameters": {
        "cloudiness": 78.52564973780457,
        "fog_density": 80.0,
        "initial_distance": 16.00247775242031,
        "initial_ego_velocity": 5.0,
        "initial_lead_velocity": 15.358924208768705,
        "lead_base_throttle": 0.6,
        "lead_behavior_frequency": 0.05,
        "lead_brake_duration": 5.0,
        "lead_brake_intensity": 0.8,
        "lead_brake_probability": 0.3,
        "lead_throttle_variation": 0.0030359881924648924,
        "precipitation": 70.97190739501363,
        "precipitation_deposits": 56.17552804115951,
        "sun_altitude_angle": 90.0,
        "wind_intensity": 50.0
      },
      "objectives": {
        "safety": 24.931436923327354,
        "plausibility": 39.88412573122761,
        "comfort": 16.0
      },
      "iteration": 14,
      "timestamp": null,
      "metadata": {
        "scenario_path": "falsification_output_random_200/scenarios/scenario_0014.json",
        "log_path": "falsification_output_random_200/logs/episode-scenario_0014.csv",
        "timestamp": 1764452276.9186244
      }
    },
    {
      "parameters": {
        "cloudiness": 67.77898219935818,
        "fog_density": 39.91915789902393,
        "initial_distance": 48.35075835098561,
        "initial_ego_velocity": 6.120803132357336,
        "initial_lead_velocity": 6.564443599998903,
        "lead_base_throttle": 0.4815435558271718,
        "lead_behavior_frequency": 0.24054629741219913,
        "lead_brake_duration": 25.804212942954337,
        "lead_brake_intensity": 0.661589796286963,
        "lead_brake_probability": 0.2639013801319882,
        "lead_throttle_variation": 0.35366973625972403,
        "precipitation": 73.48448664216346,
        "precipitation_deposits": 66.71613567250664,
        "sun_altitude_angle": 79.19769635690645,
        "wind_intensity": 48.987552335547036
      },
      "objectives": {
        "safety": 16.83479053924905,
        "plausibility": 0.0,
        "comfort": 16.0
      },
      "iteration": 15,
      "timestamp": null,
      "metadata": {
        "scenario_path": "falsification_output_random_200/scenarios/scenario_0015.json",
        "log_path": "falsification_output_random_200/logs/episode-scenario_0015.csv",
        "timestamp": 1764452289.038474
      }
    },
    {
      "parameters": {
        "cloudiness": 71.82712617379387,
        "fog_density": 7.31403646550274,
        "initial_distance": 21.95052773419044,
        "initial_ego_velocity": 7.524371078313912,
        "initial_lead_velocity": 13.205798573007394,
        "lead_base_throttle": 0.4023839697633156,
        "lead_behavior_frequency": 0.11547569450714996,
        "lead_brake_duration": 5.427411755785884,
        "lead_brake_intensity": 0.7218555778077342,
        "lead_brake_probability": 0.07232854992247496,
        "lead_throttle_variation": 0.31704600434396335,
        "precipitation": 26.157630104782537,
        "precipitation_deposits": 37.89605751798396,
        "sun_altitude_angle": -21.744841748277445,
        "wind_intensity": 43.69147793216428
      },
      "objectives": {
        "safety": 19.55465725543582,
        "plausibility": 42.73452674136002,
        "comfort": 16.0
      },
      "iteration": 16,
      "timestamp": null,
      "metadata": {
        "scenario_path": "falsification_output_random_200/scenarios/scenario_0016.json",
        "log_path": "falsification_output_random_200/logs/episode-scenario_0016.csv",
        "timestamp": 1764452302.0012512
      }
    },
    {
      "parameters": {
        "cloudiness": 50.77332540090078,
        "fog_density": 22.40066822147286,
        "initial_distance": 25.124807022321935,
        "initial_ego_velocity": 16.611500472225323,
        "initial_lead_velocity": 24.00348461078125,
        "lead_base_throttle": 0.2838856579320802,
        "lead_behavior_frequency": 0.2920845650465938,
        "lead_brake_duration": 28.36329705636768,
        "lead_brake_intensity": 0.6005887207132332,
        "lead_brake_probability": 0.2563981932275257,
        "lead_throttle_variation": 0.20949549518388824,
        "precipitation": 73.28123456064387,
        "precipitation_deposits": 79.74939139761229,
        "sun_altitude_angle": 87.60237803167776,
        "wind_intensity": 44.75660108308951
      },
      "objectives": {
        "safety": 13.092093614436163,
        "plausibility": 27.933098748707703,
        "comfort": 19.097014925373134
      },
      "iteration": 17,
      "timestamp": null,
      "metadata": {
        "scenario_path": "falsification_output_random_200/scenarios/scenario_0017.json",
        "log_path": "falsification_output_random_200/logs/episode-scenario_0017.csv",
        "timestamp": 1764452313.0009437
      }
    },
    {
      "parameters": {
        "cloudiness": 68.54691674558363,
        "fog_density": 47.15524090093215,
        "initial_distance": 26.045612115557574,
        "initial_ego_velocity": 12.373600584637853,
        "initial_lead_velocity": 19.120073063722586,
        "lead_base_throttle": 0.29417850398097856,
        "lead_behavior_frequency": 0.16694994781232386,
        "lead_brake_duration": 24.32681817690825,
        "lead_brake_intensity": 0.6668965893276845,
        "lead_brake_probability": 0.26714513106556464,
        "lead_throttle_variation": 0.03805903018273263,
        "precipitation": 69.94301492714757,
        "precipitation_deposits": 73.03166264153494,
        "sun_altitude_angle": 86.63823138164538,
        "wind_intensity": 44.23149296533481
      },
      "objectives": {
        "safety": 16.68956952412452,
        "plausibility": 0.0,
        "comfort": 21.33582089552239
      },
      "iteration": 18,
      "timestamp": null,
      "metadata": {
        "scenario_path": "falsification_output_random_200/scenarios/scenario_0018.json",
        "log_path": "falsification_output_random_200/logs/episode-scenario_0018.csv",
        "timestamp": 1764452324.9691885
      }
    },
    {
      "parameters": {
        "cloudiness": 66.5910826170832,
        "fog_density": 53.330600149698924,
        "initial_distance": 18.572056663719053,
        "initial_ego_velocity": 7.106309265263143,
        "initial_lead_velocity": 21.866061346232577,
        "lead_base_throttle": 0.23976880726253233,
        "lead_behavior_frequency": 0.08643373215830959,
        "lead_brake_duration": 24.42147880681853,
        "lead_brake_intensity": 0.49036555406274396,
        "lead_brake_probability": 0.11573258815462739,
        "lead_throttle_variation": 0.3491067555933749,
        "precipitation": 74.00403149699338,
        "precipitation_deposits": 64.75288356209032,
        "sun_altitude_angle": 77.41229980056804,
        "wind_intensity": 43.022103826896895
      },
      "objectives": {
        "safety": 15.381923322373773,
        "plausibility": 29.318069266123086,
        "comfort": 28.05223880597015
      },
      "iteration": 19,
      "timestamp": null,
      "metadata": {
        "scenario_path": "falsification_output_random_200/scenarios/scenario_0019.json",
        "log_path": "falsification_output_random_200/logs/episode-scenario_0019.csv",
        "timestamp": 1764452335.5005767
      }
    },
    {
      "parameters": {
        "cloudiness": 57.76273439798321,
        "fog_density": 54.678101995875494,
        "initial_distance": 41.772604542884906,
        "initial_ego_velocity": 6.5214122981524785,
        "initial_lead_velocity": 11.145905503618742,
        "lead_base_throttle": 0.5887494074548143,
        "lead_behavior_frequency": 0.1514025805265345,
        "lead_brake_duration": 16.276432945061316,
        "lead_brake_intensity": 0.7570205613895394,
        "lead_brake_probability": 0.2914928813901622,
        "lead_throttle_variation": 0.06623792944907869,
        "precipitation": 51.383313924284366,
        "precipitation_deposits": 68.84722524008194,
        "sun_altitude_angle": 80.1404680907858,
        "wind_intensity": 41.125635311861345
      },
      "objectives": {
        "safety": 16.557370322483223,
        "plausibility": 0.0,
        "comfort": 16.0
      },
      "iteration": 20,
      "timestamp": null,
      "metadata": {
        "scenario_path": "falsification_output_random_200/scenarios/scenario_0020.json",
        "log_path": "falsification_output_random_200/logs/episode-scenario_0020.csv",
        "timestamp": 1764452345.9095328
      }
    },
    {
      "parameters": {
        "cloudiness": 61.87091360708189,
        "fog_density": 50.78999614050459,
        "initial_distance": 32.93948581365,
        "initial_ego_velocity": 5.0,
        "initial_lead_velocity": 9.196852470495967,
        "lead_base_throttle": 0.6,
        "lead_behavior_frequency": 0.20889757732890826,
        "lead_brake_duration": 9.822173504808656,
        "lead_brake_intensity": 0.7430821880742766,
        "lead_brake_probability": 0.28359277023595586,
        "lead_throttle_variation": 0.4,
        "precipitation": 77.22033637299262,
        "precipitation_deposits": 59.48209848240664,
        "sun_altitude_angle": 78.39870461553198,
        "wind_intensity": 50.0
      },
      "objectives": {
        "safety": 7.665249003503452,
        "plausibility": 0.0,
        "comfort": 16.0
      },
      "iteration": 21,
      "timestamp": null,
      "metadata": {
        "scenario_path": "falsification_output_random_200/scenarios/scenario_0021.json",
        "log_path": "falsification_output_random_200/logs/episode-scenario_0021.csv",
        "timestamp": 1764452357.5057623
      }
    },
    {
      "parameters": {
        "cloudiness": 88.29954157102704,
        "fog_density": 54.667498278317666,
        "initial_distance": 42.52813270686384,
        "initial_ego_velocity": 5.28573501947894,
        "initial_lead_velocity": 9.877027829440204,
        "lead_base_throttle": 0.32659288249166246,
        "lead_behavior_frequency": 0.23795690729545838,
        "lead_brake_duration": 20.704346913864903,
        "lead_brake_intensity": 0.6541526871694614,
        "lead_brake_probability": 0.2632719878063619,
        "lead_throttle_variation": 0.3594867013694392,
        "precipitation": 7.533123878688941,
        "precipitation_deposits": 22.710591859223094,
        "sun_altitude_angle": -18.88403860126822,
        "wind_intensity": 36.81147513278229
      },
      "objectives": {
        "safety": 13.49756901243645,
        "plausibility": 0.0,
        "comfort": 16.0
      },
      "iteration": 22,
      "timestamp": null,
      "metadata": {
        "scenario_path": "falsification_output_random_200/scenarios/scenario_0022.json",
        "log_path": "falsification_output_random_200/logs/episode-scenario_0022.csv",
        "timestamp": 1764452370.4449258
      }
    },
    {
      "parameters": {
        "cloudiness": 62.71186469055361,
        "fog_density": 51.56148358987137,
        "initial_distance": 36.933425646103046,
        "initial_ego_velocity": 17.827680274122898,
        "initial_lead_velocity": 19.554367576798658,
        "lead_base_throttle": 0.4787510776378939,
        "lead_behavior_frequency": 0.1577726275032788,
        "lead_brake_duration": 12.022299757233908,
        "lead_brake_intensity": 0.6191329629640483,
        "lead_brake_probability": 0.2259105532508212,
        "lead_throttle_variation": 0.3767439686454552,
        "precipitation": 63.81559708131795,
        "precipitation_deposits": 63.94013768950588,
        "sun_altitude_angle": 78.32734276382654,
        "wind_intensity": 49.424744894295515
      },
      "objectives": {
        "safety": 19.5524030753257,
        "plausibility": 44.17900733588436,
        "comfort": 16.0
      },
      "iteration": 23,
      "timestamp": null,
      "metadata": {
        "scenario_path": "falsification_output_random_200/scenarios/scenario_0023.json",
        "log_path": "falsification_output_random_200/logs/episode-scenario_0023.csv",
        "timestamp": 1764452380.9217098
      }
    },
    {
      "parameters": {
        "cloudiness": 99.11851979851527,
        "fog_density": 39.36576202847422,
        "initial_distance": 35.033224928767666,
        "initial_ego_velocity": 11.684516417353668,
        "initial_lead_velocity": 13.282116174677704,
        "lead_base_throttle": 0.3370875970953683,
        "lead_behavior_frequency": 0.06282066044499769,
        "lead_brake_duration": 29.58396025808685,
        "lead_brake_intensity": 0.11535408640460848,
        "lead_brake_probability": 0.26221416564381744,
        "lead_throttle_variation": 0.011684700608307797,
        "precipitation": 1.2706548423407016,
        "precipitation_deposits": 15.46913949337717,
        "sun_altitude_angle": 7.179459129422668,
        "wind_intensity": 12.556378424571157
      },
      "objectives": {
        "safety": 14.86151798878302,
        "plausibility": 40.098151487047986,
        "comfort": 16.0
      },
      "iteration": 24,
      "timestamp": null,
      "metadata": {
        "scenario_path": "falsification_output_random_200/scenarios/scenario_0024.json",
        "log_path": "falsification_output_random_200/logs/episode-scenario_0024.csv",
        "timestamp": 1764452392.135435
      }
    }
  ],
  "iteration": 25,
  "random_state": 42,
  "strategy": "single_objective_safety"
}