{
    "weather": {
        "cloudiness": 53.98173923628578,
        "precipitation": 79.25874052101769,
        "precipitation_deposits": 52.47612590269264,
        "wind_intensity": 2.42468292539898,
        "sun_altitude_angle": 42.18944485467988,
        "fog_density": 50.243511334530844,
        "fog_distance": 187.34869653403553,
        "wetness": 39.62937026050884
    },
    "initial_conditions": {
        "ego": {
            "position": {
                "x": 548.5164608198709,
                "y": 20.57,
                "z": 0.294
            },
            "yaw": 0.0,
            "velocity": 6.212115712375318
        },
        "lead": {
            "position": {
                "x": 484.88,
                "y": 20.57,
                "z": 0.294
            },
            "yaw": 0.0,
            "velocity": 13.784653113563053
        }
    },
    "ego": {
        "position": {
            "x": 548.5164608198709,
            "y": 20.57,
            "z": 0.294
        },
        "yaw": 0.0,
        "velocity": 6.212115712375318
    },
    "lead": {
        "position": {
            "x": 484.88,
            "y": 20.57,
            "z": 0.294
        },
        "yaw": 0.0,
        "velocity": 13.784653113563053
    },
    "ado_actions": [
        {
            "throttle": 0.2207603382148554,
            "brake": 0.0,
            "steer": 0.0
        },
        {
            "throttle": 0.2257235351737739,
            "brake": 0.0,
            "steer": 0.0
        },
        {
            "throttle": 0.23412700874174677,
            "brake": 0.0,
            "steer": 0.0
        },
        {
            "throttle": 0.24487098579563382,
            "brake": 0.0,
            "steer": 0.0
        },
        {
            "throttle": 0.257152359448793,
            "brake": 0.0,
            "steer": 0.0
        },
        {
            "throttle": 0.2703763799824122,
            "brake": 0.0,
            "steer": 0.0
        },
        {
            "throttle": 0.2840950613950349,
            "brake": 0.0,
            "steer": 0.0
        },
        {
            "throttle": 0.29796428263272157,
            "brake": 0.0,
            "steer": 0.0
        },
        {
            "throttle": 0.31171396736113516,
            "brake": 0.0,
            "steer": 0.0
        },
        {
            "throttle": 0.32512740955295255,
            "brake": 0.0,
            "steer": 0.0
        },
        {
            "throttle": 0.33802699061519303,
            "brake": 0.0,
            "steer": 0.0
        },
        {
            "throttle": 0.35026435876894213,
            "brake": 0.0,
            "steer": 0.0
        },
        {
            "throttle": 0.3617137189663905,
            "brake": 0.0,
            "steer": 0.0
        },
        {
            "throttle": 0.3722672860200387,
            "brake": 0.0,
            "steer": 0.0
        },
        {
            "throttle": 0.38183223678878914,
            "brake": 0.0,
            "steer": 0.0
        },
        {
            "throttle": 0.39032869558850614,
            "brake": 0.0,
            "steer": 0.0
        },
        {
            "throttle": 0.3976884259308988,
            "brake": 0.0,
            "steer": 0.0
        },
        {
            "throttle": 0.4038539990658098,
            "brake": 0.0,
            "steer": 0.0
        },
        {
            "throttle": 0.40877827808246325,
            "brake": 0.0,
            "steer": 0.0
        },
        {
            "throttle": 0.41242410424611453,
            "brake": 0.0,
            "steer": 0.0
        },
        {
            "throttle": 0.4147641059188221,
            "brake": 0.0,
            "steer": 0.0
        },
        {
            "throttle": 0.4157805741135311,
            "brake": 0.0,
            "steer": 0.0
        },
        {
            "throttle": 0.4154653654522011,
            "brake": 0.0,
            "steer": 0.0
        },
        {
            "throttle": 0.4138198051354368,
            "brake": 0.0,
            "steer": 0.0
        },
        {
            "throttle": 0.4108545709479679,
            "brake": 0.0,
            "steer": 0.0
        },
        {
            "throttle": 0.4065895453459696,
            "brake": 0.0,
            "steer": 0.0
        },
        {
            "throttle": 0.40105362701493247,
            "brake": 0.0,
            "steer": 0.0
        },
        {
            "throttle": 0.3942844964511387,
            "brake": 0.0,
            "steer": 0.0
        },
        {
            "throttle": 0.3863283324553143,
            "brake": 0.0,
            "steer": 0.0
        },
        {
            "throttle": 0.37723947817755665,
            "brake": 0.0,
            "steer": 0.0
        },
        {
            "throttle": 0.3670800566880866,
            "brake": 0.0,
            "steer": 0.0
        },
        {
            "throttle": 0.3559195370869208,
            "brake": 0.0,
            "steer": 0.0
        },
        {
            "throttle": 0.34383425298922893,
            "brake": 0.0,
            "steer": 0.0
        },
        {
            "throttle": 0.3309068758886667,
            "brake": 0.0,
            "steer": 0.0
        },
        {
            "throttle": 0.31722584644748886,
            "brake": 0.0,
            "steer": 0.0
        },
        {
            "throttle": 0.3028847672165682,
            "brake": 0.0,
            "steer": 0.0
        },
        {
            "throttle": 0.2879817606688679,
            "brake": 0.0,
            "steer": 0.0
        },
        {
            "throttle": 0.27261879674881323,
            "brake": 0.0,
            "steer": 0.0
        },
        {
            "throttle": 0.2569009944056857,
            "brake": 0.0,
            "steer": 0.0
        },
        {
            "throttle": 0.24093590179713892,
            "brake": 0.0,
            "steer": 0.0
        },
        {
            "throttle": 0.22483276002286162,
            "brake": 0.0,
            "steer": 0.0
        },
        {
            "throttle": 0.20870175538068897,
            "brake": 0.0,
            "steer": 0.0
        },
        {
            "throttle": 0.192653265229707,
            "brake": 0.0,
            "steer": 0.0
        },
        {
            "throttle": 0.17679710259823428,
            "brake": 0.0,
            "steer": 0.0
        },
        {
            "throttle": 0.16124176468986867,
            "brake": 0.0,
            "steer": 0.0
        },
        {
            "throttle": 0.14609369041881642,
            "brake": 0.0,
            "steer": 0.0
        },
        {
            "throttle": 0.13145653204722668,
            "brake": 0.0,
            "steer": 0.0
        },
        {
            "throttle": 0.11743044590306428,
            "brake": 0.0,
            "steer": 0.0
        },
        {
            "throttle": 0.10411140702810517,
            "brake": 0.0,
            "steer": 0.0
        },
        {
            "throttle": 0.09159055244302236,
            "brake": 0.0,
            "steer": 0.0
        },
        {
            "throttle": 0.07995355752150544,
            "brake": 0.0,
            "steer": 0.0
        },
        {
            "throttle": 0.069280049739357,
            "brake": 0.0,
            "steer": 0.0
        },
        {
            "throttle": 0.05964306380915336,
            "brake": 0.0,
            "steer": 0.0
        },
        {
            "throttle": 0.051108541928143035,
            "brake": 0.0,
            "steer": 0.0
        },
        {
            "throttle": 0.043734882558553026,
            "brake": 0.0,
            "steer": 0.0
        },
        {
            "throttle": 0.037572540827517174,
            "brake": 0.0,
            "steer": 0.0
        },
        {
            "throttle": 0.03266368328072055,
            "brake": 0.0,
            "steer": 0.0
        },
        {
            "throttle": 0.029041899351996848,
            "brake": 0.0,
            "steer": 0.0
        },
        {
            "throttle": 0.02673197152307616,
            "brake": 0.0,
            "steer": 0.0
        },
        {
            "throttle": 0.02574970574611765,
            "brake": 0.0,
            "steer": 0.0
        },
        {
            "throttle": 0.02610182328932897,
            "brake": 0.0,
            "steer": 0.0
        },
        {
            "throttle": 0.027785914745695167,
            "brake": 0.0,
            "steer": 0.0
        },
        {
            "throttle": 0.030790456519492193,
            "brake": 0.0,
            "steer": 0.0
        },
        {
            "throttle": 0.03509488967775629,
            "brake": 0.0,
            "steer": 0.0
        },
        {
            "throttle": 0.04066976062714625,
            "brake": 0.0,
            "steer": 0.0
        },
        {
            "throttle": 0.047476922653591616,
            "brake": 0.0,
            "steer": 0.0
        },
        {
            "throttle": 0.05546979694566202,
            "brake": 0.0,
            "steer": 0.0
        },
        {
            "throttle": 0.06459369131556988,
            "brake": 0.0,
            "steer": 0.0
        },
        {
            "throttle": 0.07478617443691746,
            "brake": 0.0,
            "steer": 0.0
        },
        {
            "throttle": 0.08597750303841997,
            "brake": 0.0,
            "steer": 0.0
        },
        {
            "throttle": 0.09809109913048007,
            "brake": 0.0,
            "steer": 0.0
        },
        {
            "throttle": 0.11104407399913273,
            "brake": 0.0,
            "steer": 0.0
        },
        {
            "throttle": 0.12474779538186995,
            "brake": 0.0,
            "steer": 0.0
        },
        {
            "throttle": 0.13910849394437674,
            "brake": 0.0,
            "steer": 0.0
        },
        {
            "throttle": 0.1540279049082894,
            "brake": 0.0,
            "steer": 0.0
        },
        {
            "throttle": 0.16940394043956183,
            "brake": 0.0,
            "steer": 0.0
        },
        {
            "throttle": 0.18513138819654298,
            "brake": 0.0,
            "steer": 0.0
        },
        {
            "throttle": 0.20110263125786748,
            "brake": 0.0,
            "steer": 0.0
        },
        {
            "throttle": 0.2172083845039673,
            "brake": 0.0,
            "steer": 0.0
        },
        {
            "throttle": 0.2333384424134274,
            "brake": 0.0,
            "steer": 0.0
        },
        {
            "throttle": 0.2493824331572997,
            "brake": 0.0,
            "steer": 0.0
        },
        {
            "throttle": 0.2652305738313962,
            "brake": 0.0,
            "steer": 0.0
        },
        {
            "throttle": 0.2807744216587948,
            "brake": 0.0,
            "steer": 0.0
        },
        {
            "throttle": 0.2959076160223657,
            "brake": 0.0,
            "steer": 0.0
        },
        {
            "throttle": 0.3105266062498736,
            "brake": 0.0,
            "steer": 0.0
        },
        {
            "throttle": 0.3245313601716991,
            "brake": 0.0,
            "steer": 0.0
        },
        {
            "throttle": 0.3378260486027902,
            "brake": 0.0,
            "steer": 0.0
        },
        {
            "throttle": 0.3503197010651947,
            "brake": 0.0,
            "steer": 0.0
        },
        {
            "throttle": 0.3619268282643148,
            "brake": 0.0,
            "steer": 0.0
        },
        {
            "throttle": 0.37256800705951587,
            "brake": 0.0,
            "steer": 0.0
        },
        {
            "throttle": 0.3821704239263599,
            "brake": 0.0,
            "steer": 0.0
        },
        {
            "throttle": 0.390668373191758,
            "brake": 0.0,
            "steer": 0.0
        },
        {
            "throttle": 0.39800370663280954,
            "brake": 0.0,
            "steer": 0.0
        },
        {
            "throttle": 0.4041262313628945,
            "brake": 0.0,
            "steer": 0.0
        },
        {
            "throttle": 0.4089940532824363,
            "brake": 0.0,
            "steer": 0.0
        },
        {
            "throttle": 0.41257386374423366,
            "brake": 0.0,
            "steer": 0.0
        },
        {
            "throttle": 0.41484116747181743,
            "brake": 0.0,
            "steer": 0.0
        },
        {
            "throttle": 0.41578045017127774,
            "brake": 0.0,
            "steer": 0.0
        },
        {
            "throttle": 0.41538528468965463,
            "brake": 0.0,
            "steer": 0.0
        },
        {
            "throttle": 0.41365837499349234,
            "brake": 0.0,
            "steer": 0.0
        },
        {
            "throttle": 0.41061153766662833,
            "brake": 0.0,
            "steer": 0.0
        },
        {
            "throttle": 0.40626562105382114,
            "brake": 0.0,
            "steer": 0.0
        },
        {
            "throttle": 0.4006503626034851,
            "brake": 0.0,
            "steer": 0.0
        },
        {
            "throttle": 0.3938041853856832,
            "brake": 0.0,
            "steer": 0.0
        },
        {
            "throttle": 0.3857739351777253,
            "brake": 0.0,
            "steer": 0.0
        },
        {
            "throttle": 0.37661455991639686,
            "brake": 0.0,
            "steer": 0.0
        },
        {
            "throttle": 0.36638873371020253,
            "brake": 0.0,
            "steer": 0.0
        },
        {
            "throttle": 0.3551664279843661,
            "brake": 0.0,
            "steer": 0.0
        },
        {
            "throttle": 0.3430244326930784,
            "brake": 0.0,
            "steer": 0.0
        },
        {
            "throttle": 0.3300458308751534,
            "brake": 0.0,
            "steer": 0.0
        },
        {
            "throttle": 0.31631943014850905,
            "brake": 0.0,
            "steer": 0.0
        },
        {
            "throttle": 0.3019391550335383,
            "brake": 0.0,
            "steer": 0.0
        },
        {
            "throttle": 0.28700340426347,
            "brake": 0.0,
            "steer": 0.0
        },
        {
            "throttle": 0.271614377479399,
            "brake": 0.0,
            "steer": 0.0
        },
        {
            "throttle": 0.255877375917155,
            "brake": 0.0,
            "steer": 0.0
        },
        {
            "throttle": 0.23990008187114215,
            "brake": 0.0,
            "steer": 0.0
        },
        {
            "throttle": 0.22379182186550442,
            "brake": 0.0,
            "steer": 0.0
        },
        {
            "throttle": 0.2076628185744537,
            "brake": 0.0,
            "steer": 0.0
        },
        {
            "throttle": 0.19162343661058556,
            "brake": 0.0,
            "steer": 0.0
        },
        {
            "throttle": 0.17578342734196498,
            "brake": 0.0,
            "steer": 0.0
        },
        {
            "throttle": 0.16025117790540971,
            "brake": 0.0,
            "steer": 0.0
        },
        {
            "throttle": 0.14513296955468807,
            "brake": 0.0,
            "steer": 0.0
        },
        {
            "throttle": 0.13053225041846978,
            "brake": 0.0,
            "steer": 0.0
        },
        {
            "throttle": 0.11654892764427097,
            "brake": 0.0,
            "steer": 0.0
        },
        {
            "throttle": 0.1032786837719811,
            "brake": 0.0,
            "steer": 0.0
        },
        {
            "throttle": 0.0908123220147677,
            "brake": 0.0,
            "steer": 0.0
        },
        {
            "throttle": 0.07923514492735055,
            "brake": 0.0,
            "steer": 0.0
        },
        {
            "throttle": 0.0686263707131827,
            "brake": 0.0,
            "steer": 0.0
        },
        {
            "throttle": 0.0590585911645239,
            "brake": 0.0,
            "steer": 0.0
        },
        {
            "throttle": 0.05059727494451677,
            "brake": 0.0,
            "steer": 0.0
        },
        {
            "throttle": 0.043300319610116295,
            "brake": 0.0,
            "steer": 0.0
        },
        {
            "throttle": 0.037217655441208745,
            "brake": 0.0,
            "steer": 0.0
        },
        {
            "throttle": 0.03239090378676636,
            "brake": 0.0,
            "steer": 0.0
        },
        {
            "throttle": 0.028853092265844385,
            "brake": 0.0,
            "steer": 0.0
        },
        {
            "throttle": 0.026628428772191577,
            "brake": 0.0,
            "steer": 0.0
        },
        {
            "throttle": 0.025732135828874146,
            "brake": 0.0,
            "steer": 0.0
        },
        {
            "throttle": 0.026170346426361242,
            "brake": 0.0,
            "steer": 0.0
        },
        {
            "throttle": 0.027940062056812452,
            "brake": 0.0,
            "steer": 0.0
        },
        {
            "throttle": 0.03102917323172216,
            "brake": 0.0,
            "steer": 0.0
        },
        {
            "throttle": 0.035416542342526974,
            "brake": 0.0,
            "steer": 0.0
        },
        {
            "throttle": 0.041072148297192294,
            "brake": 0.0,
            "steer": 0.0
        },
        {
            "throttle": 0.04795729194308493,
            "brake": 0.0,
            "steer": 0.0
        },
        {
            "throttle": 0.05602486087050226,
            "brake": 0.0,
            "steer": 0.0
        },
        {
            "throttle": 0.06521965178490725,
            "brake": 0.0,
            "steer": 0.0
        },
        {
            "throttle": 0.0754787482420006,
            "brake": 0.0,
            "steer": 0.0
        },
        {
            "throttle": 0.08673195116093158,
            "brake": 0.0,
            "steer": 0.0
        },
        {
            "throttle": 0.09890225916981156,
            "brake": 0.0,
            "steer": 0.0
        },
        {
            "throttle": 0.11190639549670783,
            "brake": 0.0,
            "steer": 0.0
        },
        {
            "throttle": 0.125655377800805,
            "brake": 0.0,
            "steer": 0.0
        },
        {
            "throttle": 0.14005512704459544,
            "brake": 0.0,
            "steer": 0.0
        },
        {
            "throttle": 0.15500711124082078,
            "brake": 0.0,
            "steer": 0.0
        },
        {
            "throttle": 0.17040901966924782,
            "brake": 0.0,
            "steer": 0.0
        },
        {
            "throttle": 0.18615546294987173,
            "brake": 0.0,
            "steer": 0.0
        },
        {
            "throttle": 0.20213869418221372,
            "brake": 0.0,
            "steer": 0.0
        },
        {
            "throttle": 0.21824934621623018,
            "brake": 0.0,
            "steer": 0.0
        },
        {
            "throttle": 0.23437718000997224,
            "brake": 0.0,
            "steer": 0.0
        },
        {
            "throttle": 0.25041183895326774,
            "brake": 0.0,
            "steer": 0.0
        },
        {
            "throttle": 0.26624360399587876,
            "brake": 0.0,
            "steer": 0.0
        },
        {
            "throttle": 0.28176414441307895,
            "brake": 0.0,
            "steer": 0.0
        },
        {
            "throttle": 0.29686725907144984,
            "brake": 0.0,
            "steer": 0.0
        },
        {
            "throttle": 0.31144960312269665,
            "brake": 0.0,
            "steer": 0.0
        },
        {
            "throttle": 0.32541139515299544,
            "brake": 0.0,
            "steer": 0.0
        },
        {
            "throttle": 0.3386570999491184,
            "brake": 0.0,
            "steer": 0.0
        },
        {
            "throttle": 0.3510960822094289,
            "brake": 0.0,
            "steer": 0.0
        },
        {
            "throttle": 0.3626432267266528,
            "brake": 0.0,
            "steer": 0.0
        },
        {
            "throttle": 0.3732195207987506,
            "brake": 0.0,
            "steer": 0.0
        },
        {
            "throttle": 0.3827525948826761,
            "brake": 0.0,
            "steer": 0.0
        },
        {
            "throttle": 0.3911772177915336,
            "brake": 0.0,
            "steer": 0.0
        },
        {
            "throttle": 0.39843574304668944,
            "brake": 0.0,
            "steer": 0.0
        },
        {
            "throttle": 0.40447850333061974,
            "brake": 0.0,
            "steer": 0.0
        },
        {
            "throttle": 0.4092641503414046,
            "brake": 0.0,
            "steer": 0.0
        },
        {
            "throttle": 0.4127599377233745,
            "brake": 0.0,
            "steer": 0.0
        },
        {
            "throttle": 0.4149419451379215,
            "brake": 0.0,
            "steer": 0.0
        },
        {
            "throttle": 0.41579524194124573,
            "brake": 0.0,
            "steer": 0.0
        },
        {
            "throttle": 0.41531398934905106,
            "brake": 0.0,
            "steer": 0.0
        },
        {
            "throttle": 0.4135014803891173,
            "brake": 0.0,
            "steer": 0.0
        },
        {
            "throttle": 0.4103701173683682,
            "brake": 0.0,
            "steer": 0.0
        },
        {
            "throttle": 0.4059413270086194,
            "brake": 0.0,
            "steer": 0.0
        },
        {
            "throttle": 0.40024541383170037,
            "brake": 0.0,
            "steer": 0.0
        },
        {
            "throttle": 0.3933213527971796,
            "brake": 0.0,
            "steer": 0.0
        },
        {
            "throttle": 0.3852165226115942,
            "brake": 0.0,
            "steer": 0.0
        },
        {
            "throttle": 0.3759863815340471,
            "brake": 0.0,
            "steer": 0.0
        },
        {
            "throttle": 0.3656940878965099,
            "brake": 0.0,
            "steer": 0.0
        },
        {
            "throttle": 0.3544100679354665,
            "brake": 0.0,
            "steer": 0.0
        },
        {
            "throttle": 0.3422115338920611,
            "brake": 0.0,
            "steer": 0.0
        },
        {
            "throttle": 0.3291819556782059,
            "brake": 0.0,
            "steer": 0.0
        },
        {
            "throttle": 0.3154104897238369,
            "brake": 0.0,
            "steer": 0.0
        },
        {
            "throttle": 0.3009913689134976,
            "brake": 0.0,
            "steer": 0.0
        },
        {
            "throttle": 0.28602325778668175,
            "brake": 0.0,
            "steer": 0.0
        },
        {
            "throttle": 0.27060857741405253,
            "brake": 0.0,
            "steer": 0.0
        },
        {
            "throttle": 0.25485280456915327,
            "brake": 0.0,
            "steer": 0.0
        },
        {
            "throttle": 0.23886374999111,
            "brake": 0.0,
            "steer": 0.0
        },
        {
            "throttle": 0.22275082067689791,
            "brake": 0.0,
            "steer": 0.0
        },
        {
            "throttle": 0.206624271251025,
            "brake": 0.0,
            "steer": 0.0
        },
        {
            "throttle": 0.19059444953522425,
            "brake": 0.0,
            "steer": 0.0
        },
        {
            "throttle": 0.17477104148043246,
            "brake": 0.0,
            "steer": 0.0
        },
        {
            "throttle": 0.15926232062769824,
            "brake": 0.0,
            "steer": 0.0
        },
        {
            "throttle": 0.14417440723367256,
            "brake": 0.0,
            "steer": 0.0
        },
        {
            "throttle": 0.12961054213020096,
            "brake": 0.0,
            "steer": 0.0
        },
        {
            "throttle": 0.11567038028672177,
            "brake": 0.0,
            "steer": 0.0
        }
    ],
    "parameters": {
        "fog_density": 50.243511334530844,
        "precipitation": 79.25874052101769,
        "precipitation_deposits": 52.47612590269264,
        "wind_intensity": 2.42468292539898,
        "sun_altitude_angle": 42.18944485467988,
        "cloudiness": 53.98173923628578,
        "lead_base_throttle": 0.22076033821485544,
        "lead_behavior_frequency": 0.13169072451388641,
        "lead_throttle_variation": 0.20017087196125416,
        "lead_brake_probability": 0.021946361834434335,
        "lead_brake_intensity": 0.7606578681944576,
        "lead_brake_duration": 10.59748714411939,
        "initial_distance": 63.63646081987093,
        "initial_ego_velocity": 6.212115712375318,
        "initial_lead_velocity": 13.784653113563053
    },
    "config": {
        "num_timesteps": 200,
        "dt": 0.1,
        "seed": 238
    }
}