{
    "weather": {
        "cloudiness": 41.59525787267064,
        "precipitation": 4.415098361515368,
        "precipitation_deposits": 35.07423842102896,
        "wind_intensity": 1.5759495236234045,
        "sun_altitude_angle": 57.54664515159892,
        "fog_density": 22.679980756416434,
        "fog_distance": 469.541140231175,
        "wetness": 2.207549180757684
    },
    "initial_conditions": {
        "ego": {
            "position": {
                "x": 560.8262393513489,
                "y": 20.57,
                "z": 0.294
            },
            "yaw": 0.0,
            "velocity": 10.848690404589163
        },
        "lead": {
            "position": {
                "x": 484.88,
                "y": 20.57,
                "z": 0.294
            },
            "yaw": 0.0,
            "velocity": 10.468064110831358
        }
    },
    "ego": {
        "position": {
            "x": 560.8262393513489,
            "y": 20.57,
            "z": 0.294
        },
        "yaw": 0.0,
        "velocity": 10.848690404589163
    },
    "lead": {
        "position": {
            "x": 484.88,
            "y": 20.57,
            "z": 0.294
        },
        "yaw": 0.0,
        "velocity": 10.468064110831358
    },
    "ado_actions": [
        {
            "throttle": 0.23992452434351252,
            "brake": 0.0,
            "steer": 0.0
        },
        {
            "throttle": 0.24734068912097168,
            "brake": 0.0,
            "steer": 0.0
        },
        {
            "throttle": 0.25987620042570314,
            "brake": 0.0,
            "steer": 0.0
        },
        {
            "throttle": 0.27585201507387014,
            "brake": 0.0,
            "steer": 0.0
        },
        {
            "throttle": 0.2940229224669919,
            "brake": 0.0,
            "steer": 0.0
        },
        {
            "throttle": 0.313449462996537,
            "brake": 0.0,
            "steer": 0.0
        },
        {
            "throttle": 0.33340892899815044,
            "brake": 0.0,
            "steer": 0.0
        },
        {
            "throttle": 0.35333369703421796,
            "brake": 0.0,
            "steer": 0.0
        },
        {
            "throttle": 0.3727686595204694,
            "brake": 0.0,
            "steer": 0.0
        },
        {
            "throttle": 0.3913419874944495,
            "brake": 0.0,
            "steer": 0.0
        },
        {
            "throttle": 0.40874518134380344,
            "brake": 0.0,
            "steer": 0.0
        },
        {
            "throttle": 0.4247195742518445,
            "brake": 0.0,
            "steer": 0.0
        },
        {
            "throttle": 0.4390472991496316,
            "brake": 0.0,
            "steer": 0.0
        },
        {
            "throttle": 0.4515453227041898,
            "brake": 0.0,
            "steer": 0.0
        },
        {
            "throttle": 0.46206156534799103,
            "brake": 0.0,
            "steer": 0.0
        },
        {
            "throttle": 0.470472417778493,
            "brake": 0.0,
            "steer": 0.0
        },
        {
            "throttle": 0.47668116897184765,
            "brake": 0.0,
            "steer": 0.0
        },
        {
            "throttle": 0.4806170046262337,
            "brake": 0.0,
            "steer": 0.0
        },
        {
            "throttle": 0.4822343363165217,
            "brake": 0.0,
            "steer": 0.0
        },
        {
            "throttle": 0.4815122932639635,
            "brake": 0.0,
            "steer": 0.0
        },
        {
            "throttle": 0.47845425942845277,
            "brake": 0.0,
            "steer": 0.0
        },
        {
            "throttle": 0.4730873748584239,
            "brake": 0.0,
            "steer": 0.0
        },
        {
            "throttle": 0.4654619462474511,
            "brake": 0.0,
            "steer": 0.0
        },
        {
            "throttle": 0.4556507304946967,
            "brake": 0.0,
            "steer": 0.0
        },
        {
            "throttle": 0.44374806887566753,
            "brake": 0.0,
            "steer": 0.0
        },
        {
            "throttle": 0.4298688596832925,
            "brake": 0.0,
            "steer": 0.0
        },
        {
            "throttle": 0.41414736492954984,
            "brake": 0.0,
            "steer": 0.0
        },
        {
            "throttle": 0.39673585262207933,
            "brake": 0.0,
            "steer": 0.0
        },
        {
            "throttle": 0.3778030807455596,
            "brake": 0.0,
            "steer": 0.0
        },
        {
            "throttle": 0.35753263272757807,
            "brake": 0.0,
            "steer": 0.0
        },
        {
            "throttle": 0.3361211170896213,
            "brake": 0.0,
            "steer": 0.0
        },
        {
            "throttle": 0.3137762463375675,
            "brake": 0.0,
            "steer": 0.0
        },
        {
            "throttle": 0.2907148120429927,
            "brake": 0.0,
            "steer": 0.0
        },
        {
            "throttle": 0.26716057458152404,
            "brake": 0.0,
            "steer": 0.0
        },
        {
            "throttle": 0.24334208717793382,
            "brake": 0.0,
            "steer": 0.0
        },
        {
            "throttle": 0.21949047479386355,
            "brake": 0.0,
            "steer": 0.0
        },
        {
            "throttle": 0.19583718900636854,
            "brake": 0.0,
            "steer": 0.0
        },
        {
            "throttle": 0.17261176038032283,
            "brake": 0.0,
            "steer": 0.0
        },
        {
            "throttle": 0.15003956994734435,
            "brake": 0.0,
            "steer": 0.0
        },
        {
            "throttle": 0.12833966127819305,
            "brake": 0.0,
            "steer": 0.0
        },
        {
            "throttle": 0.10772261428346107,
            "brake": 0.0,
            "steer": 0.0
        },
        {
            "throttle": 0.0883885013075994,
            "brake": 0.0,
            "steer": 0.0
        },
        {
            "throttle": 0.07052494530320594,
            "brake": 0.0,
            "steer": 0.0
        },
        {
            "throttle": 0.05430529889621672,
            "brake": 0.0,
            "steer": 0.0
        },
        {
            "throttle": 0.03988696198951367,
            "brake": 0.0,
            "steer": 0.0
        },
        {
            "throttle": 0.027920873392659567,
            "brake": 0.0,
            "steer": 0.0
        },
        {
            "throttle": 0.019544611374861697,
            "brake": 0.0,
            "steer": 0.0
        },
        {
            "throttle": 0.013681227962403187,
            "brake": 0.0,
            "steer": 0.0
        },
        {
            "throttle": 0.00957685957368223,
            "brake": 0.0,
            "steer": 0.0
        },
        {
            "throttle": 0.0067038017015775605,
            "brake": 0.0,
            "steer": 0.0
        },
        {
            "throttle": 0.004692661191104292,
            "brake": 0.0,
            "steer": 0.0
        },
        {
            "throttle": 0.0035656718965949947,
            "brake": 0.0,
            "steer": 0.0
        },
        {
            "throttle": 0.005413001915273428,
            "brake": 0.0,
            "steer": 0.0
        },
        {
            "throttle": 0.010012538774212622,
            "brake": 0.0,
            "steer": 0.0
        },
        {
            "throttle": 0.017176717330556396,
            "brake": 0.0,
            "steer": 0.0
        },
        {
            "throttle": 0.026735963277553985,
            "brake": 0.0,
            "steer": 0.0
        },
        {
            "throttle": 0.03852747506750477,
            "brake": 0.0,
            "steer": 0.0
        },
        {
            "throttle": 0.052387799213684985,
            "brake": 0.0,
            "steer": 0.0
        },
        {
            "throttle": 0.0681481132916876,
            "brake": 0.0,
            "steer": 0.0
        },
        {
            "throttle": 0.08563145200359079,
            "brake": 0.0,
            "steer": 0.0
        },
        {
            "throttle": 0.10465133593582235,
            "brake": 0.0,
            "steer": 0.0
        },
        {
            "throttle": 0.12501141921588968,
            "brake": 0.0,
            "steer": 0.0
        },
        {
            "throttle": 0.14650588151596536,
            "brake": 0.0,
            "steer": 0.0
        },
        {
            "throttle": 0.16892036601931945,
            "brake": 0.0,
            "steer": 0.0
        },
        {
            "throttle": 0.19203331804135715,
            "brake": 0.0,
            "steer": 0.0
        },
        {
            "throttle": 0.21561761597071566,
            "brake": 0.0,
            "steer": 0.0
        },
        {
            "throttle": 0.23944241196235155,
            "brake": 0.0,
            "steer": 0.0
        },
        {
            "throttle": 0.26327511780131807,
            "brake": 0.0,
            "steer": 0.0
        },
        {
            "throttle": 0.2868834839627395,
            "brake": 0.0,
            "steer": 0.0
        },
        {
            "throttle": 0.31003772879999636,
            "brake": 0.0,
            "steer": 0.0
        },
        {
            "throttle": 0.3325126811743132,
            "brake": 0.0,
            "steer": 0.0
        },
        {
            "throttle": 0.35408990451584876,
            "brake": 0.0,
            "steer": 0.0
        },
        {
            "throttle": 0.37455977385172456,
            "brake": 0.0,
            "steer": 0.0
        },
        {
            "throttle": 0.39372348014845393,
            "brake": 0.0,
            "steer": 0.0
        },
        {
            "throttle": 0.41139493867051463,
            "brake": 0.0,
            "steer": 0.0
        },
        {
            "throttle": 0.42740258014251364,
            "brake": 0.0,
            "steer": 0.0
        },
        {
            "throttle": 0.44159100544767105,
            "brake": 0.0,
            "steer": 0.0
        },
        {
            "throttle": 0.45382248648521883,
            "brake": 0.0,
            "steer": 0.0
        },
        {
            "throttle": 0.46397829769813825,
            "brake": 0.0,
            "steer": 0.0
        },
        {
            "throttle": 0.4719598647030215,
            "brake": 0.0,
            "steer": 0.0
        },
        {
            "throttle": 0.47768971842273655,
            "brake": 0.0,
            "steer": 0.0
        },
        {
            "throttle": 0.4811122451458337,
            "brake": 0.0,
            "steer": 0.0
        },
        {
            "throttle": 0.4821942250120779,
            "brake": 0.0,
            "steer": 0.0
        },
        {
            "throttle": 0.4809251535432143,
            "brake": 0.0,
            "steer": 0.0
        },
        {
            "throttle": 0.4773173429900468,
            "brake": 0.0,
            "steer": 0.0
        },
        {
            "throttle": 0.47140580243625074,
            "brake": 0.0,
            "steer": 0.0
        },
        {
            "throttle": 0.4632478977691733,
            "brake": 0.0,
            "steer": 0.0
        },
        {
            "throttle": 0.4529227947800972,
            "brake": 0.0,
            "steer": 0.0
        },
        {
            "throttle": 0.44053069077220464,
            "brake": 0.0,
            "steer": 0.0
        },
        {
            "throttle": 0.42619184211469385,
            "brake": 0.0,
            "steer": 0.0
        },
        {
            "throttle": 0.4100453971671888,
            "brake": 0.0,
            "steer": 0.0
        },
        {
            "throttle": 0.39224804589115997,
            "brake": 0.0,
            "steer": 0.0
        },
        {
            "throttle": 0.3729724992466928,
            "brake": 0.0,
            "steer": 0.0
        },
        {
            "throttle": 0.3524058131266334,
            "brake": 0.0,
            "steer": 0.0
        },
        {
            "throttle": 0.33074757309011726,
            "brake": 0.0,
            "steer": 0.0
        },
        {
            "throttle": 0.3082079575092529,
            "brake": 0.0,
            "steer": 0.0
        },
        {
            "throttle": 0.2850056979232969,
            "brake": 0.0,
            "steer": 0.0
        },
        {
            "throttle": 0.2613659563926366,
            "brake": 0.0,
            "steer": 0.0
        },
        {
            "throttle": 0.23751814045067504,
            "brake": 0.0,
            "steer": 0.0
        },
        {
            "throttle": 0.21369367685750182,
            "brake": 0.0,
            "steer": 0.0
        },
        {
            "throttle": 0.19012376575918974,
            "brake": 0.0,
            "steer": 0.0
        },
        {
            "throttle": 0.16703713704681672,
            "brake": 0.0,
            "steer": 0.0
        },
        {
            "throttle": 0.1446578306880378,
            "brake": 0.0,
            "steer": 0.0
        },
        {
            "throttle": 0.12320302257145319,
            "brake": 0.0,
            "steer": 0.0
        },
        {
            "throttle": 0.10288091696237955,
            "brake": 0.0,
            "steer": 0.0
        },
        {
            "throttle": 0.083888726022243,
            "brake": 0.0,
            "steer": 0.0
        },
        {
            "throttle": 0.06641075599893695,
            "brake": 0.0,
            "steer": 0.0
        },
        {
            "throttle": 0.0506166186603301,
            "brake": 0.0,
            "steer": 0.0
        },
        {
            "throttle": 0.03665958532772175,
            "brake": 0.0,
            "steer": 0.0
        },
        {
            "throttle": 0.02566170972940522,
            "brake": 0.0,
            "steer": 0.0
        },
        {
            "throttle": 0.017963196810583653,
            "brake": 0.0,
            "steer": 0.0
        },
        {
            "throttle": 0.012574237767408557,
            "brake": 0.0,
            "steer": 0.0
        },
        {
            "throttle": 0.00880196643718599,
            "brake": 0.0,
            "steer": 0.0
        },
        {
            "throttle": 0.006161376506030193,
            "brake": 0.0,
            "steer": 0.0
        },
        {
            "throttle": 0.004312963554221135,
            "brake": 0.0,
            "steer": 0.0
        },
        {
            "throttle": 0.0038796186483997033,
            "brake": 0.0,
            "steer": 0.0
        },
        {
            "throttle": 0.006378582888952849,
            "brake": 0.0,
            "steer": 0.0
        },
        {
            "throttle": 0.011593109195996005,
            "brake": 0.0,
            "steer": 0.0
        },
        {
            "throttle": 0.01933784671472194,
            "brake": 0.0,
            "steer": 0.0
        },
        {
            "throttle": 0.02944331484853395,
            "brake": 0.0,
            "steer": 0.0
        },
        {
            "throttle": 0.04174542068327482,
            "brake": 0.0,
            "steer": 0.0
        },
        {
            "throttle": 0.05607856230845708,
            "brake": 0.0,
            "steer": 0.0
        },
        {
            "throttle": 0.07227129350882086,
            "brake": 0.0,
            "steer": 0.0
        },
        {
            "throttle": 0.09014382787946407,
            "brake": 0.0,
            "steer": 0.0
        },
        {
            "throttle": 0.10950687177282761,
            "brake": 0.0,
            "steer": 0.0
        },
        {
            "throttle": 0.1301614230341881,
            "brake": 0.0,
            "steer": 0.0
        },
        {
            "throttle": 0.15189927542062867,
            "brake": 0.0,
            "steer": 0.0
        },
        {
            "throttle": 0.17450404036773448,
            "brake": 0.0,
            "steer": 0.0
        },
        {
            "throttle": 0.19775254777996515,
            "brake": 0.0,
            "steer": 0.0
        },
        {
            "throttle": 0.22141652236503906,
            "brake": 0.0,
            "steer": 0.0
        },
        {
            "throttle": 0.24526445632448557,
            "brake": 0.0,
            "steer": 0.0
        },
        {
            "throttle": 0.26906361618306496,
            "brake": 0.0,
            "steer": 0.0
        },
        {
            "throttle": 0.2925821334512664,
            "brake": 0.0,
            "steer": 0.0
        },
        {
            "throttle": 0.3155911372508155,
            "brake": 0.0,
            "steer": 0.0
        },
        {
            "throttle": 0.337866893100384,
            "brake": 0.0,
            "steer": 0.0
        },
        {
            "throttle": 0.3591929165310549,
            "brake": 0.0,
            "steer": 0.0
        },
        {
            "throttle": 0.3793620336178527,
            "brake": 0.0,
            "steer": 0.0
        },
        {
            "throttle": 0.3981783632495413,
            "brake": 0.0,
            "steer": 0.0
        },
        {
            "throttle": 0.4154591982728915,
            "brake": 0.0,
            "steer": 0.0
        },
        {
            "throttle": 0.43103676471714136,
            "brake": 0.0,
            "steer": 0.0
        },
        {
            "throttle": 0.444759840249238,
            "brake": 0.0,
            "steer": 0.0
        },
        {
            "throttle": 0.45649521490972134,
            "brake": 0.0,
            "steer": 0.0
        },
        {
            "throttle": 0.4661289790829065,
            "brake": 0.0,
            "steer": 0.0
        },
        {
            "throttle": 0.47356762559286913,
            "brake": 0.0,
            "steer": 0.0
        },
        {
            "throttle": 0.4787389548034028,
            "brake": 0.0,
            "steer": 0.0
        },
        {
            "throttle": 0.48159277363985586,
            "brake": 0.0,
            "steer": 0.0
        },
        {
            "throttle": 0.4821013815402143,
            "brake": 0.0,
            "steer": 0.0
        },
        {
            "throttle": 0.48025983847323656,
            "brake": 0.0,
            "steer": 0.0
        },
        {
            "throttle": 0.4760860123202463,
            "brake": 0.0,
            "steer": 0.0
        },
        {
            "throttle": 0.46962040508905434,
            "brake": 0.0,
            "steer": 0.0
        },
        {
            "throttle": 0.4609257595962786,
            "brake": 0.0,
            "steer": 0.0
        },
        {
            "throttle": 0.45008645039979767,
            "brake": 0.0,
            "steer": 0.0
        },
        {
            "throttle": 0.43720766486732365,
            "brake": 0.0,
            "steer": 0.0
        },
        {
            "throttle": 0.4224143823110423,
            "brake": 0.0,
            "steer": 0.0
        },
        {
            "throttle": 0.4058501610830693,
            "brake": 0.0,
            "steer": 0.0
        },
        {
            "throttle": 0.38767574539369465,
            "brake": 0.0,
            "steer": 0.0
        },
        {
            "throttle": 0.36806750536638555,
            "brake": 0.0,
            "steer": 0.0
        },
        {
            "throttle": 0.34721572546361695,
            "brake": 0.0,
            "steer": 0.0
        },
        {
            "throttle": 0.3253227578902924,
            "brake": 0.0,
            "steer": 0.0
        },
        {
            "throttle": 0.3026010588926885,
            "brake": 0.0,
            "steer": 0.0
        },
        {
            "throttle": 0.27927112700788537,
            "brake": 0.0,
            "steer": 0.0
        },
        {
            "throttle": 0.25555936327056933,
            "brake": 0.0,
            "steer": 0.0
        },
        {
            "throttle": 0.23169587414174792,
            "brake": 0.0,
            "steer": 0.0
        },
        {
            "throttle": 0.20791223847996643,
            "brake": 0.0,
            "steer": 0.0
        },
        {
            "throttle": 0.1844392602247053,
            "brake": 0.0,
            "steer": 0.0
        },
        {
            "throttle": 0.1615047286003951,
            "brake": 0.0,
            "steer": 0.0
        },
        {
            "throttle": 0.1393312075765723,
            "brake": 0.0,
            "steer": 0.0
        },
        {
            "throttle": 0.11813387603583872,
            "brake": 0.0,
            "steer": 0.0
        },
        {
            "throttle": 0.09811843960924096,
            "brake": 0.0,
            "steer": 0.0
        },
        {
            "throttle": 0.07947913444322238,
            "brake": 0.0,
            "steer": 0.0
        },
        {
            "throttle": 0.062396842270187707,
            "brake": 0.0,
            "steer": 0.0
        },
        {
            "throttle": 0.04703733507460602,
            "brake": 0.0,
            "steer": 0.0
        },
        {
            "throttle": 0.033549666388948886,
            "brake": 0.0,
            "steer": 0.0
        },
        {
            "throttle": 0.023484766472264218,
            "brake": 0.0,
            "steer": 0.0
        },
        {
            "throttle": 0.01643933653058495,
            "brake": 0.0,
            "steer": 0.0
        },
        {
            "throttle": 0.011507535571409464,
            "brake": 0.0,
            "steer": 0.0
        },
        {
            "throttle": 0.008055274899986625,
            "brake": 0.0,
            "steer": 0.0
        },
        {
            "throttle": 0.005638692429990637,
            "brake": 0.0,
            "steer": 0.0
        },
        {
            "throttle": 0.003947084700993446,
            "brake": 0.0,
            "steer": 0.0
        },
        {
            "throttle": 0.004244330910586257,
            "brake": 0.0,
            "steer": 0.0
        },
        {
            "throttle": 0.007419172867452245,
            "brake": 0.0,
            "steer": 0.0
        },
        {
            "throttle": 0.013263656794482818,
            "brake": 0.0,
            "steer": 0.0
        },
        {
            "throttle": 0.02159706509243778,
            "brake": 0.0,
            "steer": 0.0
        },
        {
            "throttle": 0.03225172711161556,
            "brake": 0.0,
            "steer": 0.0
        },
        {
            "throttle": 0.04506348620256653,
            "brake": 0.0,
            "steer": 0.0
        },
        {
            "throttle": 0.0598654806893799,
            "brake": 0.0,
            "steer": 0.0
        },
        {
            "throttle": 0.07648429470988881,
            "brake": 0.0,
            "steer": 0.0
        },
        {
            "throttle": 0.09473781319131858,
            "brake": 0.0,
            "steer": 0.0
        },
        {
            "throttle": 0.11443430961791104,
            "brake": 0.0,
            "steer": 0.0
        },
        {
            "throttle": 0.13537243093149715,
            "brake": 0.0,
            "steer": 0.0
        },
        {
            "throttle": 0.1573418385534101,
            "brake": 0.0,
            "steer": 0.0
        },
        {
            "throttle": 0.18012433049636334,
            "brake": 0.0,
            "steer": 0.0
        },
        {
            "throttle": 0.2034953155094788,
            "brake": 0.0,
            "steer": 0.0
        },
        {
            "throttle": 0.2272255422336497,
            "brake": 0.0,
            "steer": 0.0
        },
        {
            "throttle": 0.25108300868490097,
            "brake": 0.0,
            "steer": 0.0
        },
        {
            "throttle": 0.2748349930040642,
            "brake": 0.0,
            "steer": 0.0
        },
        {
            "throttle": 0.2982501573937154,
            "brake": 0.0,
            "steer": 0.0
        },
        {
            "throttle": 0.3211006849646937,
            "brake": 0.0,
            "steer": 0.0
        },
        {
            "throttle": 0.34316441485327687,
            "brake": 0.0,
            "steer": 0.0
        },
        {
            "throttle": 0.3642269451575596,
            "brake": 0.0,
            "steer": 0.0
        }
    ],
    "parameters": {
        "fog_density": 22.679980756416434,
        "precipitation": 4.415098361515368,
        "precipitation_deposits": 35.07423842102896,
        "wind_intensity": 1.5759495236234045,
        "sun_altitude_angle": 57.54664515159892,
        "cloudiness": 41.59525787267064,
        "lead_base_throttle": 0.23992452434351252,
        "lead_behavior_frequency": 0.15684778501255486,
        "lead_throttle_variation": 0.2512482676703277,
        "lead_brake_probability": 0.0075687932487394464,
        "lead_brake_intensity": 0.10353717013850945,
        "lead_brake_duration": 14.368931125360053,
        "initial_distance": 75.94623935134899,
        "initial_ego_velocity": 10.848690404589163,
        "initial_lead_velocity": 10.468064110831358
    },
    "config": {
        "num_timesteps": 200,
        "dt": 0.1,
        "seed": 55
    }
}