{
    "weather": {
        "cloudiness": 22.19478475510408,
        "precipitation": 6.1111715848226495,
        "precipitation_deposits": 94.60668485214437,
        "wind_intensity": 21.450488551708418,
        "sun_altitude_angle": 17.44873734631507,
        "fog_density": 53.631537781643566,
        "fog_distance": 167.34162020374694,
        "wetness": 3.0555857924113248
    },
    "initial_conditions": {
        "ego": {
            "position": {
                "x": 557.5735633890142,
                "y": 20.57,
                "z": 0.294
            },
            "yaw": 0.0,
            "velocity": 11.137874196977911
        },
        "lead": {
            "position": {
                "x": 484.88,
                "y": 20.57,
                "z": 0.294
            },
            "yaw": 0.0,
            "velocity": 11.613468157798184
        }
    },
    "ego": {
        "position": {
            "x": 557.5735633890142,
            "y": 20.57,
            "z": 0.294
        },
        "yaw": 0.0,
        "velocity": 11.137874196977911
    },
    "lead": {
        "position": {
            "x": 484.88,
            "y": 20.57,
            "z": 0.294
        },
        "yaw": 0.0,
        "velocity": 11.613468157798184
    },
    "ado_actions": [
        {
            "throttle": 0.40395410177152624,
            "brake": 0.0,
            "steer": 0.0
        },
        {
            "throttle": 0.40756129118115203,
            "brake": 0.0,
            "steer": 0.0
        },
        {
            "throttle": 0.41368908279655436,
            "brake": 0.0,
            "steer": 0.0
        },
        {
            "throttle": 0.42157244063550914,
            "brake": 0.0,
            "steer": 0.0
        },
        {
            "throttle": 0.4306714254471103,
            "brake": 0.0,
            "steer": 0.0
        },
        {
            "throttle": 0.44060368198994554,
            "brake": 0.0,
            "steer": 0.0
        },
        {
            "throttle": 0.4510971855281928,
            "brake": 0.0,
            "steer": 0.0
        },
        {
            "throttle": 0.46195716975361056,
            "brake": 0.0,
            "steer": 0.0
        },
        {
            "throttle": 0.4730429816724021,
            "brake": 0.0,
            "steer": 0.0
        },
        {
            "throttle": 0.4842518853276779,
            "brake": 0.0,
            "steer": 0.0
        },
        {
            "throttle": 0.49550772966051415,
            "brake": 0.0,
            "steer": 0.0
        },
        {
            "throttle": 0.3468554107623599,
            "brake": 0.05858108583103751,
            "steer": 0.0
        },
        {
            "throttle": 0.2427987875336519,
            "brake": 0.09958784591276376,
            "steer": 0.0
        },
        {
            "throttle": 0.16995915127355632,
            "brake": 0.12829257796997212,
            "steer": 0.0
        },
        {
            "throttle": 0.11897140589148941,
            "brake": 0.14838589041001798,
            "steer": 0.0
        },
        {
            "throttle": 0.08327998412404258,
            "brake": 0.1624512091180501,
            "steer": 0.0
        },
        {
            "throttle": 0.058295988886829804,
            "brake": 0.1722969322136726,
            "steer": 0.0
        },
        {
            "throttle": 0.04080719222078086,
            "brake": 0.17918893838060831,
            "steer": 0.0
        },
        {
            "throttle": 0.0285650345545466,
            "brake": 0.18401334269746333,
            "steer": 0.0
        },
        {
            "throttle": 0.20477731380455694,
            "brake": 0.12880933988822432,
            "steer": 0.0
        },
        {
            "throttle": 0.33092339862670367,
            "brake": 0.09016653792175702,
            "steer": 0.0
        },
        {
            "throttle": 0.42194160283799664,
            "brake": 0.06311657654522991,
            "steer": 0.0
        },
        {
            "throttle": 0.4882854103636085,
            "brake": 0.044181603581660935,
            "steer": 0.0
        },
        {
            "throttle": 0.5372690284550866,
            "brake": 0.030927122507162653,
            "steer": 0.0
        },
        {
            "throttle": 0.5740092789120526,
            "brake": 0.021648985755013856,
            "steer": 0.0
        },
        {
            "throttle": 0.6020849257734266,
            "brake": 0.015154290028509699,
            "steer": 0.0
        },
        {
            "throttle": 0.6239982083996927,
            "brake": 0.01060800301995679,
            "steer": 0.0
        },
        {
            "throttle": 0.6414979181867195,
            "brake": 0.007425602113969752,
            "steer": 0.0
        },
        {
            "throttle": 0.6558055556751368,
            "brake": 0.005197921479778826,
            "steer": 0.0
        },
        {
            "throttle": 0.6677736437858697,
            "brake": 0.0036385450358451784,
            "steer": 0.0
        },
        {
            "throttle": 0.46744155065010873,
            "brake": 0.061128067356129134,
            "steer": 0.0
        },
        {
            "throttle": 0.3272090854550761,
            "brake": 0.1013707329803279,
            "steer": 0.0
        },
        {
            "throttle": 0.22904635981855326,
            "brake": 0.12954059891726705,
            "steer": 0.0
        },
        {
            "throttle": 0.16033245187298728,
            "brake": 0.14925950507312444,
            "steer": 0.0
        },
        {
            "throttle": 0.1122327163110911,
            "brake": 0.1630627393822246,
            "steer": 0.0
        },
        {
            "throttle": 0.07856290141776376,
            "brake": 0.1727250033985947,
            "steer": 0.0
        },
        {
            "throttle": 0.05499403099243463,
            "brake": 0.17948858821005378,
            "steer": 0.0
        },
        {
            "throttle": 0.03849582169470424,
            "brake": 0.18422309757807515,
            "steer": 0.0
        },
        {
            "throttle": 0.24815110848425445,
            "brake": 0.1289561683046526,
            "steer": 0.0
        },
        {
            "throttle": 0.3957022782592805,
            "brake": 0.09026931781325681,
            "steer": 0.0
        },
        {
            "throttle": 0.4996567500839646,
            "brake": 0.06318852246927976,
            "steer": 0.0
        },
        {
            "throttle": 0.5729688960579086,
            "brake": 0.04423196572849583,
            "steer": 0.0
        },
        {
            "throttle": 0.6247061084860906,
            "brake": 0.03096237600994708,
            "steer": 0.0
        },
        {
            "throttle": 0.6612150477184807,
            "brake": 0.021673663206962956,
            "steer": 0.0
        },
        {
            "throttle": 0.6869380162693941,
            "brake": 0.01517156424487407,
            "steer": 0.0
        },
        {
            "throttle": 0.7049844211428637,
            "brake": 0.010620094971411849,
            "steer": 0.0
        },
        {
            "throttle": 0.4934890948000046,
            "brake": 0.0660151523110258,
            "steer": 0.0
        },
        {
            "throttle": 0.3454423663600032,
            "brake": 0.10479169244875555,
            "steer": 0.0
        },
        {
            "throttle": 0.24180965645200223,
            "brake": 0.1319352705451664,
            "steer": 0.0
        },
        {
            "throttle": 0.16926675951640155,
            "brake": 0.150935775212654,
            "steer": 0.0
        },
        {
            "throttle": 0.11848673166148108,
            "brake": 0.1642361284798953,
            "steer": 0.0
        },
        {
            "throttle": 0.08294071216303675,
            "brake": 0.1735463757669642,
            "steer": 0.0
        },
        {
            "throttle": 0.05805849851412572,
            "brake": 0.18006354886791243,
            "steer": 0.0
        },
        {
            "throttle": 0.040640948959888006,
            "brake": 0.18462557003857621,
            "steer": 0.0
        },
        {
            "throttle": 0.24729505140076588,
            "brake": 0.12923789902700333,
            "steer": 0.0
        },
        {
            "throttle": 0.390752175559399,
            "brake": 0.09046652931890233,
            "steer": 0.0
        },
        {
            "throttle": 0.4898529426472099,
            "brake": 0.06332657052323162,
            "steer": 0.0
        },
        {
            "throttle": 0.5577874077892925,
            "brake": 0.044328599366262135,
            "steer": 0.0
        },
        {
            "throttle": 0.6037903733689342,
            "brake": 0.031030019556383494,
            "steer": 0.0
        },
        {
            "throttle": 0.6343281062024723,
            "brake": 0.021721013689468445,
            "steer": 0.0
        },
        {
            "throttle": 0.6539290372217748,
            "brake": 0.01520470958262791,
            "steer": 0.0
        },
        {
            "throttle": 0.6657652487413207,
            "brake": 0.010643296707839537,
            "steer": 0.0
        },
        {
            "throttle": 0.6720595128668492,
            "brake": 0.007450307695487675,
            "steer": 0.0
        },
        {
            "throttle": 0.6743702155387424,
            "brake": 0.005215215386841372,
            "steer": 0.0
        },
        {
            "throttle": 0.6737908003588509,
            "brake": 0.00365065077078896,
            "steer": 0.0
        },
        {
            "throttle": 0.6710893761085455,
            "brake": 0.002555455539552272,
            "steer": 0.0
        },
        {
            "throttle": 0.6668064386973284,
            "brake": 0.0017888188776865903,
            "steer": 0.0
        },
        {
            "throttle": 0.6613232730636033,
            "brake": 0.0012521732143806132,
            "steer": 0.0
        },
        {
            "throttle": 0.6549098308969821,
            "brake": 0.0008765212500664292,
            "steer": 0.0
        },
        {
            "throttle": 0.6477582412951206,
            "brake": 0.0006135648750465004,
            "steer": 0.0
        },
        {
            "throttle": 0.6400062643387845,
            "brake": 0.00042949541253255023,
            "steer": 0.0
        },
        {
            "throttle": 0.6317537045785067,
            "brake": 0.00030064678877278516,
            "steer": 0.0
        },
        {
            "throttle": 0.6230738963331216,
            "brake": 0.0002104527521409496,
            "steer": 0.0
        },
        {
            "throttle": 0.6140217391354628,
            "brake": 0.0001473169264986647,
            "steer": 0.0
        },
        {
            "throttle": 0.6046393181651623,
            "brake": 0.00010312184854906527,
            "steer": 0.0
        },
        {
            "throttle": 0.5949598340618852,
            "brake": 7.218529398434568e-05,
            "steer": 0.0
        },
        {
            "throttle": 0.585010349199849,
            "brake": 5.0529705789041974e-05,
            "steer": 0.0
        },
        {
            "throttle": 0.5748137053858632,
            "brake": 3.537079405232938e-05,
            "steer": 0.0
        },
        {
            "throttle": 0.5643898614602236,
            "brake": 2.4759555836630562e-05,
            "steer": 0.0
        },
        {
            "throttle": 0.5537568247418703,
            "brake": 1.7331689085641393e-05,
            "steer": 0.0
        },
        {
            "throttle": 0.5429312980827884,
            "brake": 1.2132182359948975e-05,
            "steer": 0.0
        },
        {
            "throttle": 0.5319291277732237,
            "brake": 8.492527651964281e-06,
            "steer": 0.0
        },
        {
            "throttle": 0.5207656119729925,
            "brake": 5.944769356374996e-06,
            "steer": 0.0
        },
        {
            "throttle": 0.5094557114478544,
            "brake": 4.161338549462497e-06,
            "steer": 0.0
        },
        {
            "throttle": 0.49801419186256213,
            "brake": 2.912936984623748e-06,
            "steer": 0.0
        },
        {
            "throttle": 0.4864557181131402,
            "brake": 2.0390558892366234e-06,
            "steer": 0.0
        },
        {
            "throttle": 0.4747949150426499,
            "brake": 1.4273391224656364e-06,
            "steer": 0.0
        },
        {
            "throttle": 0.4630464045879527,
            "brake": 9.991373857259454e-07,
            "steer": 0.0
        },
        {
            "throttle": 0.4512248263973066,
            "brake": 6.993961700081618e-07,
            "steer": 0.0
        },
        {
            "throttle": 0.4393448468532943,
            "brake": 4.895773190057133e-07,
            "steer": 0.0
        },
        {
            "throttle": 0.4274211599618747,
            "brake": 3.4270412330399927e-07,
            "steer": 0.0
        },
        {
            "throttle": 0.41546848253677915,
            "brake": 2.3989288631279947e-07,
            "steer": 0.0
        },
        {
            "throttle": 0.4035015453863842,
            "brake": 1.6792502041895963e-07,
            "steer": 0.0
        },
        {
            "throttle": 0.3915350817047397,
            "brake": 1.1754751429327174e-07,
            "steer": 0.0
        },
        {
            "throttle": 0.3795838135146064,
            "brake": 8.228326000529021e-08,
            "steer": 0.0
        },
        {
            "throttle": 0.3676624367626729,
            "brake": 5.759828200370314e-08,
            "steer": 0.0
        },
        {
            "throttle": 0.3557856054937194,
            "brake": 4.0318797402592196e-08,
            "steer": 0.0
        },
        {
            "throttle": 0.3439679154090908,
            "brake": 2.8223158181814535e-08,
            "steer": 0.0
        },
        {
            "throttle": 0.33222388702981814,
            "brake": 1.9756210727270174e-08,
            "steer": 0.0
        },
        {
            "throttle": 0.32056794862517196,
            "brake": 1.3829347509089121e-08,
            "steer": 0.0
        },
        {
            "throttle": 0.3090144190256845,
            "brake": 9.680543256362384e-09,
            "steer": 0.0
        },
        {
            "throttle": 0.29757749041040243,
            "brake": 6.7763802794536684e-09,
            "steer": 0.0
        },
        {
            "throttle": 0.28627121113756465,
            "brake": 4.743466195617568e-09,
            "steer": 0.0
        },
        {
            "throttle": 0.2751094686734319,
            "brake": 3.320426336932297e-09,
            "steer": 0.0
        },
        {
            "throttle": 0.26410597266378255,
            "brake": 2.324298435852608e-09,
            "steer": 0.0
        },
        {
            "throttle": 0.2532742381853482,
            "brake": 1.6270089050968253e-09,
            "steer": 0.0
        },
        {
            "throttle": 0.24262756920929923,
            "brake": 1.1389062335677777e-09,
            "steer": 0.0
        },
        {
            "throttle": 0.23217904230516584,
            "brake": 7.972343634974444e-10,
            "steer": 0.0
        },
        {
            "throttle": 0.22194149061086432,
            "brake": 5.58064054448211e-10,
            "steer": 0.0
        },
        {
            "throttle": 0.2119274880924738,
            "brake": 3.9064483811374764e-10,
            "steer": 0.0
        },
        {
            "throttle": 0.2021493341158659,
            "brake": 2.734513866796233e-10,
            "steer": 0.0
        },
        {
            "throttle": 0.1926190383510759,
            "brake": 1.914159706757363e-10,
            "steer": 0.0
        },
        {
            "throttle": 0.18334830602931373,
            "brake": 1.339911794730154e-10,
            "steer": 0.0
        },
        {
            "throttle": 0.17434852357167174,
            "brake": 9.379382563111078e-11,
            "steer": 0.0
        },
        {
            "throttle": 0.16563074460784633,
            "brake": 6.565567794177754e-11,
            "steer": 0.0
        },
        {
            "throttle": 0.15720567640250988,
            "brake": 4.595897455924428e-11,
            "steer": 0.0
        },
        {
            "throttle": 0.1490836667063311,
            "brake": 3.217128219147099e-11,
            "steer": 0.0
        },
        {
            "throttle": 0.14127469104802093,
            "brake": 2.2519897534029693e-11,
            "steer": 0.0
        },
        {
            "throttle": 0.13378834048317226,
            "brake": 1.5763928273820782e-11,
            "steer": 0.0
        },
        {
            "throttle": 0.12663380981505168,
            "brake": 1.1034749791674547e-11,
            "steer": 0.0
        },
        {
            "throttle": 0.11981988630188956,
            "brake": 7.724324854172182e-12,
            "steer": 0.0
        },
        {
            "throttle": 0.11335493886459218,
            "brake": 5.407027397920527e-12,
            "steer": 0.0
        },
        {
            "throttle": 0.1072469078081701,
            "brake": 3.784919178544369e-12,
            "steer": 0.0
        },
        {
            "throttle": 0.10150329506953376,
            "brake": 2.649443424981058e-12,
            "steer": 0.0
        },
        {
            "throttle": 0.09613115500365232,
            "brake": 1.8546103974867407e-12,
            "steer": 0.0
        },
        {
            "throttle": 0.09113708571940621,
            "brake": 1.2982272782407184e-12,
            "steer": 0.0
        },
        {
            "throttle": 0.08652722097578319,
            "brake": 9.087590947685028e-13,
            "steer": 0.0
        },
        {
            "throttle": 0.08230722264837817,
            "brake": 6.36131366337952e-13,
            "steer": 0.0
        },
        {
            "throttle": 0.07848227377545351,
            "brake": 4.452919564365663e-13,
            "steer": 0.0
        },
        {
            "throttle": 0.07505707219210432,
            "brake": 3.117043695055964e-13,
            "steer": 0.0
        },
        {
            "throttle": 0.07203582476034905,
            "brake": 2.1819305865391747e-13,
            "steer": 0.0
        },
        {
            "throttle": 0.06942224220223386,
            "brake": 1.5273514105774222e-13,
            "steer": 0.0
        },
        {
            "throttle": 0.06721953454229807,
            "brake": 1.0691459874041955e-13,
            "steer": 0.0
        },
        {
            "throttle": 0.047053674179608644,
            "brake": 0.05858108583111235,
            "steer": 0.0
        },
        {
            "throttle": 0.03293757192572605,
            "brake": 0.09958784591281615,
            "steer": 0.0
        },
        {
            "throttle": 0.023056300348008235,
            "brake": 0.12829257797000881,
            "steer": 0.0
        },
        {
            "throttle": 0.016139410243605764,
            "brake": 0.14838589041004369,
            "steer": 0.0
        },
        {
            "throttle": 0.011297587170524034,
            "brake": 0.1624512091180681,
            "steer": 0.0
        },
        {
            "throttle": 0.007908311019366824,
            "brake": 0.17229693221368517,
            "steer": 0.0
        },
        {
            "throttle": 0.005535817713556776,
            "brake": 0.1791889383806171,
            "steer": 0.0
        },
        {
            "throttle": 0.003875072399489743,
            "brake": 0.1840133426974695,
            "steer": 0.0
        },
        {
            "throttle": 0.023650134208028285,
            "brake": 0.12880933988822865,
            "steer": 0.0
        },
        {
            "throttle": 0.03837421968475149,
            "brake": 0.09016653792176005,
            "steer": 0.0
        },
        {
            "throttle": 0.04968466525929982,
            "brake": 0.06311657654523203,
            "steer": 0.0
        },
        {
            "throttle": 0.05872637381980983,
            "brake": 0.04418160358166242,
            "steer": 0.0
        },
        {
            "throttle": 0.0662993963943605,
            "brake": 0.03092712250716369,
            "steer": 0.0
        },
        {
            "throttle": 0.07296224102413419,
            "brake": 0.02164898575501458,
            "steer": 0.0
        },
        {
            "throttle": 0.07910419085093676,
            "brake": 0.015154290028510205,
            "steer": 0.0
        },
        {
            "throttle": 0.0849959288326248,
            "brake": 0.010608003019957143,
            "steer": 0.0
        },
        {
            "throttle": 0.09082497727339958,
            "brake": 0.00742560211397,
            "steer": 0.0
        },
        {
            "throttle": 0.09672050789710196,
            "brake": 0.005197921479779,
            "steer": 0.0
        },
        {
            "throttle": 0.06770435552797137,
            "brake": 0.06221963086688281,
            "steer": 0.0
        },
        {
            "throttle": 0.04739304886957996,
            "brake": 0.10213482743785547,
            "steer": 0.0
        },
        {
            "throttle": 0.033175134208705964,
            "brake": 0.13007546503753634,
            "steer": 0.0
        },
        {
            "throttle": 0.023222593946094175,
            "brake": 0.14963391135731294,
            "steer": 0.0
        },
        {
            "throttle": 0.01625581576226592,
            "brake": 0.16332482378115656,
            "steer": 0.0
        },
        {
            "throttle": 0.011379071033586144,
            "brake": 0.17290846247784708,
            "steer": 0.0
        },
        {
            "throttle": 0.0079653497235103,
            "brake": 0.17961700956553045,
            "steer": 0.0
        },
        {
            "throttle": 0.00557574480645721,
            "brake": 0.1843129925269088,
            "steer": 0.0
        },
        {
            "throttle": 0.057938961371069776,
            "brake": 0.12901909476883616,
            "steer": 0.0
        },
        {
            "throttle": 0.09736855432609418,
            "brake": 0.0903133663381853,
            "steer": 0.0
        },
        {
            "throttle": 0.1278236766189328,
            "brake": 0.06321935643672971,
            "steer": 0.0
        },
        {
            "throttle": 0.15207222950534038,
            "brake": 0.044253549505710796,
            "steer": 0.0
        },
        {
            "throttle": 0.1720481452534082,
            "brake": 0.030977484653997554,
            "steer": 0.0
        },
        {
            "throttle": 0.18910148945619776,
            "brake": 0.021684239257798287,
            "steer": 0.0
        },
        {
            "throttle": 0.2041735371789831,
            "brake": 0.0151789674804588,
            "steer": 0.0
        },
        {
            "throttle": 0.21791933089371038,
            "brake": 0.01062527723632116,
            "steer": 0.0
        },
        {
            "throttle": 0.23079347576181308,
            "brake": 0.007437694065424811,
            "steer": 0.0
        },
        {
            "throttle": 0.24311020115237203,
            "brake": 0.005206385845797368,
            "steer": 0.0
        },
        {
            "throttle": 0.255085408610592,
            "brake": 0.0036444700920581575,
            "steer": 0.0
        },
        {
            "throttle": 0.26686611042104974,
            "brake": 0.00255112906444071,
            "steer": 0.0
        },
        {
            "throttle": 0.27855104166071015,
            "brake": 0.001785790345108497,
            "steer": 0.0
        },
        {
            "throttle": 0.2902050937619929,
            "brake": 0.001250053241575948,
            "steer": 0.0
        },
        {
            "throttle": 0.301869423193793,
            "brake": 0.0008750372691031635,
            "steer": 0.0
        },
        {
            "throttle": 0.3135685327796174,
            "brake": 0.0006125260883722145,
            "steer": 0.0
        },
        {
            "throttle": 0.32531523390981126,
            "brake": 0.00042876826186055006,
            "steer": 0.0
        },
        {
            "throttle": 0.3371141254212626,
            "brake": 0.00030013778330238505,
            "steer": 0.0
        },
        {
            "throttle": 0.34896403417940525,
            "brake": 0.00021009644831166953,
            "steer": 0.0
        },
        {
            "throttle": 0.3608597288803071,
            "brake": 0.00014706751381816867,
            "steer": 0.0
        },
        {
            "throttle": 0.37279312512866625,
            "brake": 0.00010294725967271806,
            "steer": 0.0
        },
        {
            "throttle": 0.3847541344241393,
            "brake": 7.206308177090263e-05,
            "steer": 0.0
        },
        {
            "throttle": 0.3967312638920274,
            "brake": 5.0444157239631844e-05,
            "steer": 0.0
        },
        {
            "throttle": 0.4087120415368556,
            "brake": 3.531091006774229e-05,
            "steer": 0.0
        },
        {
            "throttle": 0.42068331935713743,
            "brake": 2.47176370474196e-05,
            "steer": 0.0
        },
        {
            "throttle": 0.4326314909514496,
            "brake": 1.730234593319372e-05,
            "steer": 0.0
        },
        {
            "throttle": 0.444542649250242,
            "brake": 1.2111642153235603e-05,
            "steer": 0.0
        },
        {
            "throttle": 0.456402702310837,
            "brake": 8.478149507264922e-06,
            "steer": 0.0
        },
        {
            "throttle": 0.46819745972522697,
            "brake": 5.934704655085445e-06,
            "steer": 0.0
        },
        {
            "throttle": 0.47991269841882134,
            "brake": 4.154293258559811e-06,
            "steer": 0.0
        },
        {
            "throttle": 0.4915342139783252,
            "brake": 2.9080052809918676e-06,
            "steer": 0.0
        },
        {
            "throttle": 0.5030478617990058,
            "brake": 2.0356036966943073e-06,
            "steer": 0.0
        },
        {
            "throttle": 0.5144395910481152,
            "brake": 1.424922587686015e-06,
            "steer": 0.0
        },
        {
            "throttle": 0.5256954735358728,
            "brake": 9.974458113802105e-07,
            "steer": 0.0
        },
        {
            "throttle": 0.5368017289517276,
            "brake": 6.982120679661473e-07,
            "steer": 0.0
        },
        {
            "throttle": 0.5477447474801326,
            "brake": 4.887484475763031e-07,
            "steer": 0.0
        },
        {
            "throttle": 0.3834213232360928,
            "brake": 0.05858142795495081,
            "steer": 0.0
        },
        {
            "throttle": 0.26839492626526495,
            "brake": 0.09958808539950308,
            "steer": 0.0
        },
        {
            "throttle": 0.18787644838568546,
            "brake": 0.12829274561068965,
            "steer": 0.0
        },
        {
            "throttle": 0.1315135138699798,
            "brake": 0.14838600775852026,
            "steer": 0.0
        },
        {
            "throttle": 0.09205945970898587,
            "brake": 0.1624512912620017,
            "steer": 0.0
        }
    ],
    "parameters": {
        "fog_density": 53.631537781643566,
        "precipitation": 6.1111715848226495,
        "precipitation_deposits": 94.60668485214437,
        "wind_intensity": 21.450488551708418,
        "sun_altitude_angle": 17.44873734631507,
        "cloudiness": 22.19478475510408,
        "lead_base_throttle": 0.40395410177152624,
        "lead_behavior_frequency": 0.0557799886756364,
        "lead_throttle_variation": 0.3431455062555775,
        "lead_brake_probability": 0.25691540811689917,
        "lead_brake_intensity": 0.19527028610345837,
        "lead_brake_duration": 8.770445977403735,
        "initial_distance": 72.6935633890142,
        "initial_ego_velocity": 11.137874196977911,
        "initial_lead_velocity": 11.613468157798184
    },
    "config": {
        "num_timesteps": 200,
        "dt": 0.1,
        "seed": 47
    }
}