{
    "weather": {
        "cloudiness": 94.91290179735378,
        "precipitation": 18.46988256125589,
        "precipitation_deposits": 66.66913717884093,
        "wind_intensity": 13.961453477660973,
        "sun_altitude_angle": 1.0150134289031776,
        "fog_density": 74.77412484175387,
        "fog_distance": 82.70536317743236,
        "wetness": 9.234941280627945
    },
    "initial_conditions": {
        "ego": {
            "position": {
                "x": 562.5348445512028,
                "y": 20.57,
                "z": 0.294
            },
            "yaw": 0.0,
            "velocity": 7.145368629304067
        },
        "lead": {
            "position": {
                "x": 484.88,
                "y": 20.57,
                "z": 0.294
            },
            "yaw": 0.0,
            "velocity": 13.637499842728936
        }
    },
    "ego": {
        "position": {
            "x": 562.5348445512028,
            "y": 20.57,
            "z": 0.294
        },
        "yaw": 0.0,
        "velocity": 7.145368629304067
    },
    "lead": {
        "position": {
            "x": 484.88,
            "y": 20.57,
            "z": 0.294
        },
        "yaw": 0.0,
        "velocity": 13.637499842728936
    },
    "ado_actions": [
        {
            "throttle": 0.5936259129158408,
            "brake": 0.0,
            "steer": 0.0
        },
        {
            "throttle": 0.5956342614750862,
            "brake": 0.0,
            "steer": 0.0
        },
        {
            "throttle": 0.5990457513059613,
            "brake": 0.0,
            "steer": 0.0
        },
        {
            "throttle": 0.6034340382244566,
            "brake": 0.0,
            "steer": 0.0
        },
        {
            "throttle": 0.6084979894885231,
            "brake": 0.0,
            "steer": 0.0
        },
        {
            "throttle": 0.6140241312574052,
            "brake": 0.0,
            "steer": 0.0
        },
        {
            "throttle": 0.6198603654210049,
            "brake": 0.0,
            "steer": 0.0
        },
        {
            "throttle": 0.6258975749687522,
            "brake": 0.0,
            "steer": 0.0
        },
        {
            "throttle": 0.63205675131179,
            "brake": 0.0,
            "steer": 0.0
        },
        {
            "throttle": 0.6382799869433393,
            "brake": 0.0,
            "steer": 0.0
        },
        {
            "throttle": 0.6445241738018975,
            "brake": 0.0,
            "steer": 0.0
        },
        {
            "throttle": 0.6507565955878114,
            "brake": 0.0,
            "steer": 0.0
        },
        {
            "throttle": 0.6569518458039483,
            "brake": 0.0,
            "steer": 0.0
        },
        {
            "throttle": 0.6630896737553675,
            "brake": 0.0,
            "steer": 0.0
        },
        {
            "throttle": 0.6691534800678898,
            "brake": 0.0,
            "steer": 0.0
        },
        {
            "throttle": 0.6751292668130235,
            "brake": 0.0,
            "steer": 0.0
        },
        {
            "throttle": 0.681004905796083,
            "brake": 0.0,
            "steer": 0.0
        },
        {
            "throttle": 0.6867696294929713,
            "brake": 0.0,
            "steer": 0.0
        },
        {
            "throttle": 0.6924136777712457,
            "brake": 0.0,
            "steer": 0.0
        },
        {
            "throttle": 0.697928053586267,
            "brake": 0.0,
            "steer": 0.0
        },
        {
            "throttle": 0.7033043548819714,
            "brake": 0.0,
            "steer": 0.0
        },
        {
            "throttle": 0.7085346597530222,
            "brake": 0.0,
            "steer": 0.0
        },
        {
            "throttle": 0.7136114488042562,
            "brake": 0.0,
            "steer": 0.0
        },
        {
            "throttle": 0.7185275534588751,
            "brake": 0.0,
            "steer": 0.0
        },
        {
            "throttle": 0.7232761223378191,
            "brake": 0.0,
            "steer": 0.0
        },
        {
            "throttle": 0.7278506001925793,
            "brake": 0.0,
            "steer": 0.0
        },
        {
            "throttle": 0.7322447155257081,
            "brake": 0.0,
            "steer": 0.0
        },
        {
            "throttle": 0.7364524741898235,
            "brake": 0.0,
            "steer": 0.0
        },
        {
            "throttle": 0.7404681570656169,
            "brake": 0.0,
            "steer": 0.0
        },
        {
            "throttle": 0.7442863204863143,
            "brake": 0.0,
            "steer": 0.0
        },
        {
            "throttle": 0.7479017984730498,
            "brake": 0.0,
            "steer": 0.0
        },
        {
            "throttle": 0.7513097061236631,
            "brake": 0.0,
            "steer": 0.0
        },
        {
            "throttle": 0.754505443692223,
            "brake": 0.0,
            "steer": 0.0
        },
        {
            "throttle": 0.7574847010330942,
            "brake": 0.0,
            "steer": 0.0
        },
        {
            "throttle": 0.7602434621790772,
            "brake": 0.0,
            "steer": 0.0
        },
        {
            "throttle": 0.7627780098903233,
            "brake": 0.0,
            "steer": 0.0
        },
        {
            "throttle": 0.7650849300579003,
            "brake": 0.0,
            "steer": 0.0
        },
        {
            "throttle": 0.7671611158790883,
            "brake": 0.0,
            "steer": 0.0
        },
        {
            "throttle": 0.7690037717448841,
            "brake": 0.0,
            "steer": 0.0
        },
        {
            "throttle": 0.770610416796755,
            "brake": 0.0,
            "steer": 0.0
        },
        {
            "throttle": 0.7719788881214439,
            "brake": 0.0,
            "steer": 0.0
        },
        {
            "throttle": 0.7731073435610395,
            "brake": 0.0,
            "steer": 0.0
        },
        {
            "throttle": 0.7739942641215893,
            "brake": 0.0,
            "steer": 0.0
        },
        {
            "throttle": 0.7746384559679532,
            "brake": 0.0,
            "steer": 0.0
        },
        {
            "throttle": 0.775039051995874,
            "brake": 0.0,
            "steer": 0.0
        },
        {
            "throttle": 0.7751955129747093,
            "brake": 0.0,
            "steer": 0.0
        },
        {
            "throttle": 0.7751076282561806,
            "brake": 0.0,
            "steer": 0.0
        },
        {
            "throttle": 0.774775516046009,
            "brake": 0.0,
            "steer": 0.0
        },
        {
            "throttle": 0.7741996232365522,
            "brake": 0.0,
            "steer": 0.0
        },
        {
            "throttle": 0.7733807247995996,
            "brake": 0.0,
            "steer": 0.0
        },
        {
            "throttle": 0.7723199227393982,
            "brake": 0.0,
            "steer": 0.0
        },
        {
            "throttle": 0.7710186446067959,
            "brake": 0.0,
            "steer": 0.0
        },
        {
            "throttle": 0.7694786415761351,
            "brake": 0.0,
            "steer": 0.0
        },
        {
            "throttle": 0.7677019860872298,
            "brake": 0.0,
            "steer": 0.0
        },
        {
            "throttle": 0.7656910690554208,
            "brake": 0.0,
            "steer": 0.0
        },
        {
            "throttle": 0.7634485966533363,
            "brake": 0.0,
            "steer": 0.0
        },
        {
            "throttle": 0.7609775866686029,
            "brake": 0.0,
            "steer": 0.0
        },
        {
            "throttle": 0.7582813644423465,
            "brake": 0.0,
            "steer": 0.0
        },
        {
            "throttle": 0.7553635583939053,
            "brake": 0.0,
            "steer": 0.0
        },
        {
            "throttle": 0.7522280951377485,
            "brake": 0.0,
            "steer": 0.0
        },
        {
            "throttle": 0.748879194199149,
            "brake": 0.0,
            "steer": 0.0
        },
        {
            "throttle": 0.74532136233571,
            "brake": 0.0,
            "steer": 0.0
        },
        {
            "throttle": 0.7415593874723734,
            "brake": 0.0,
            "steer": 0.0
        },
        {
            "throttle": 0.7375983322580667,
            "brake": 0.0,
            "steer": 0.0
        },
        {
            "throttle": 0.7334435272526545,
            "brake": 0.0,
            "steer": 0.0
        },
        {
            "throttle": 0.729100563753358,
            "brake": 0.0,
            "steer": 0.0
        },
        {
            "throttle": 0.7245752862702961,
            "brake": 0.0,
            "steer": 0.0
        },
        {
            "throttle": 0.719873784661271,
            "brake": 0.0,
            "steer": 0.0
        },
        {
            "throttle": 0.7150023859363814,
            "brake": 0.0,
            "steer": 0.0
        },
        {
            "throttle": 0.7099676457434918,
            "brake": 0.0,
            "steer": 0.0
        },
        {
            "throttle": 0.7047763395460159,
            "brake": 0.0,
            "steer": 0.0
        },
        {
            "throttle": 0.6994354535048865,
            "brake": 0.0,
            "steer": 0.0
        },
        {
            "throttle": 0.6939521750769797,
            "brake": 0.0,
            "steer": 0.0
        },
        {
            "throttle": 0.6883338833426492,
            "brake": 0.0,
            "steer": 0.0
        },
        {
            "throttle": 0.6825881390753836,
            "brake": 0.0,
            "steer": 0.0
        },
        {
            "throttle": 0.6767226745669526,
            "brake": 0.0,
            "steer": 0.0
        },
        {
            "throttle": 0.6707453832217328,
            "brake": 0.0,
            "steer": 0.0
        },
        {
            "throttle": 0.6646643089342197,
            "brake": 0.0,
            "steer": 0.0
        },
        {
            "throttle": 0.6584876352640161,
            "brake": 0.0,
            "steer": 0.0
        },
        {
            "throttle": 0.6522236744228697,
            "brake": 0.0,
            "steer": 0.0
        },
        {
            "throttle": 0.6458808560885766,
            "brake": 0.0,
            "steer": 0.0
        },
        {
            "throttle": 0.6394677160608065,
            "brake": 0.0,
            "steer": 0.0
        },
        {
            "throttle": 0.632992884774115,
            "brake": 0.0,
            "steer": 0.0
        },
        {
            "throttle": 0.6264650756836012,
            "brake": 0.0,
            "steer": 0.0
        },
        {
            "throttle": 0.6198930735388423,
            "brake": 0.0,
            "steer": 0.0
        },
        {
            "throttle": 0.613285722561883,
            "brake": 0.0,
            "steer": 0.0
        },
        {
            "throttle": 0.606651914545191,
            "brake": 0.0,
            "steer": 0.0
        },
        {
            "throttle": 0.6000005768855944,
            "brake": 0.0,
            "steer": 0.0
        },
        {
            "throttle": 0.5933406605703054,
            "brake": 0.0,
            "steer": 0.0
        },
        {
            "throttle": 0.5866811281311972,
            "brake": 0.0,
            "steer": 0.0
        },
        {
            "throttle": 0.5800309415835443,
            "brake": 0.0,
            "steer": 0.0
        },
        {
            "throttle": 0.5733990503654588,
            "brake": 0.0,
            "steer": 0.0
        },
        {
            "throttle": 0.5667943792942518,
            "brake": 0.0,
            "steer": 0.0
        },
        {
            "throttle": 0.5602258165559281,
            "brake": 0.0,
            "steer": 0.0
        },
        {
            "throttle": 0.5537022017439772,
            "brake": 0.0,
            "steer": 0.0
        },
        {
            "throttle": 0.547232313963558,
            "brake": 0.0,
            "steer": 0.0
        },
        {
            "throttle": 0.5408248600170839,
            "brake": 0.0,
            "steer": 0.0
        },
        {
            "throttle": 0.5344884626871097,
            "brake": 0.0,
            "steer": 0.0
        },
        {
            "throttle": 0.5282316491322876,
            "brake": 0.0,
            "steer": 0.0
        },
        {
            "throttle": 0.5220628394120079,
            "brake": 0.0,
            "steer": 0.0
        },
        {
            "throttle": 0.5159903351551679,
            "brake": 0.0,
            "steer": 0.0
        },
        {
            "throttle": 0.510022308388318,
            "brake": 0.0,
            "steer": 0.0
        },
        {
            "throttle": 0.5041667905382186,
            "brake": 0.0,
            "steer": 0.0
        },
        {
            "throttle": 0.4984316616236087,
            "brake": 0.0,
            "steer": 0.0
        },
        {
            "throttle": 0.4928246396507305,
            "brake": 0.0,
            "steer": 0.0
        },
        {
            "throttle": 0.4873532702268808,
            "brake": 0.0,
            "steer": 0.0
        },
        {
            "throttle": 0.4820249164059674,
            "brake": 0.0,
            "steer": 0.0
        },
        {
            "throttle": 0.47684674877973504,
            "brake": 0.0,
            "steer": 0.0
        },
        {
            "throttle": 0.4718257358279959,
            "brake": 0.0,
            "steer": 0.0
        },
        {
            "throttle": 0.4669686345408509,
            "brake": 0.0,
            "steer": 0.0
        },
        {
            "throttle": 0.46228198132552134,
            "brake": 0.0,
            "steer": 0.0
        },
        {
            "throttle": 0.45777208321002866,
            "brake": 0.0,
            "steer": 0.0
        },
        {
            "throttle": 0.453445009355559,
            "brake": 0.0,
            "steer": 0.0
        },
        {
            "throttle": 0.449306582888936,
            "brake": 0.0,
            "steer": 0.0
        },
        {
            "throttle": 0.44536237306619153,
            "brake": 0.0,
            "steer": 0.0
        },
        {
            "throttle": 0.4416176877777821,
            "brake": 0.0,
            "steer": 0.0
        },
        {
            "throttle": 0.43807756640553513,
            "brake": 0.0,
            "steer": 0.0
        },
        {
            "throttle": 0.43474677304093945,
            "brake": 0.0,
            "steer": 0.0
        },
        {
            "throttle": 0.431629790073905,
            "brake": 0.0,
            "steer": 0.0
        },
        {
            "throttle": 0.4287308121606207,
            "brake": 0.0,
            "steer": 0.0
        },
        {
            "throttle": 0.42605374057862777,
            "brake": 0.0,
            "steer": 0.0
        },
        {
            "throttle": 0.423602177976705,
            "brake": 0.0,
            "steer": 0.0
        },
        {
            "throttle": 0.4213794235266316,
            "brake": 0.0,
            "steer": 0.0
        },
        {
            "throttle": 0.41938846848335143,
            "brake": 0.0,
            "steer": 0.0
        },
        {
            "throttle": 0.41763199215951474,
            "brake": 0.0,
            "steer": 0.0
        },
        {
            "throttle": 0.41611235831981347,
            "brake": 0.0,
            "steer": 0.0
        },
        {
            "throttle": 0.4148316119999626,
            "brake": 0.0,
            "steer": 0.0
        },
        {
            "throttle": 0.41379147675460903,
            "brake": 0.0,
            "steer": 0.0
        },
        {
            "throttle": 0.4129933523378709,
            "brake": 0.0,
            "steer": 0.0
        },
        {
            "throttle": 0.41243831281962906,
            "brake": 0.0,
            "steer": 0.0
        },
        {
            "throttle": 0.41212710514010586,
            "brake": 0.0,
            "steer": 0.0
        },
        {
            "throttle": 0.41206014810467584,
            "brake": 0.0,
            "steer": 0.0
        },
        {
            "throttle": 0.4122375318202616,
            "brake": 0.0,
            "steer": 0.0
        },
        {
            "throttle": 0.4126590175740733,
            "brake": 0.0,
            "steer": 0.0
        },
        {
            "throttle": 0.4133240381548541,
            "brake": 0.0,
            "steer": 0.0
        },
        {
            "throttle": 0.41423169861620085,
            "brake": 0.0,
            "steer": 0.0
        },
        {
            "throttle": 0.41538077748093144,
            "brake": 0.0,
            "steer": 0.0
        },
        {
            "throttle": 0.41676972838487814,
            "brake": 0.0,
            "steer": 0.0
        },
        {
            "throttle": 0.4183966821578956,
            "brake": 0.0,
            "steer": 0.0
        },
        {
            "throttle": 0.42025944933928244,
            "brake": 0.0,
            "steer": 0.0
        },
        {
            "throttle": 0.4223555231242314,
            "brake": 0.0,
            "steer": 0.0
        },
        {
            "throttle": 0.42468208273734287,
            "brake": 0.0,
            "steer": 0.0
        },
        {
            "throttle": 0.4272359972286618,
            "brake": 0.0,
            "steer": 0.0
        },
        {
            "throttle": 0.4300138296871303,
            "brake": 0.0,
            "steer": 0.0
        },
        {
            "throttle": 0.43301184186578423,
            "brake": 0.0,
            "steer": 0.0
        },
        {
            "throttle": 0.43622599921247074,
            "brake": 0.0,
            "steer": 0.0
        },
        {
            "throttle": 0.4396519762993164,
            "brake": 0.0,
            "steer": 0.0
        },
        {
            "throttle": 0.44328516264363893,
            "brake": 0.0,
            "steer": 0.0
        },
        {
            "throttle": 0.44712066891246927,
            "brake": 0.0,
            "steer": 0.0
        },
        {
            "throttle": 0.4511533335023342,
            "brake": 0.0,
            "steer": 0.0
        },
        {
            "throttle": 0.4553777294854454,
            "brake": 0.0,
            "steer": 0.0
        },
        {
            "throttle": 0.45978817191294596,
            "brake": 0.0,
            "steer": 0.0
        },
        {
            "throttle": 0.4643787254653875,
            "brake": 0.0,
            "steer": 0.0
        },
        {
            "throttle": 0.4691432124401412,
            "brake": 0.0,
            "steer": 0.0
        },
        {
            "throttle": 0.47407522106499417,
            "brake": 0.0,
            "steer": 0.0
        },
        {
            "throttle": 0.4791681141267435,
            "brake": 0.0,
            "steer": 0.0
        },
        {
            "throttle": 0.4844150379031753,
            "brake": 0.0,
            "steer": 0.0
        },
        {
            "throttle": 0.4898089313864098,
            "brake": 0.0,
            "steer": 0.0
        },
        {
            "throttle": 0.49534253578519855,
            "brake": 0.0,
            "steer": 0.0
        },
        {
            "throttle": 0.5010084042933884,
            "brake": 0.0,
            "steer": 0.0
        },
        {
            "throttle": 0.5067989121114039,
            "brake": 0.0,
            "steer": 0.0
        },
        {
            "throttle": 0.5127062667072637,
            "brake": 0.0,
            "steer": 0.0
        },
        {
            "throttle": 0.5187225183033212,
            "brake": 0.0,
            "steer": 0.0
        },
        {
            "throttle": 0.5248395705746177,
            "brake": 0.0,
            "steer": 0.0
        },
        {
            "throttle": 0.5310491915444504,
            "brake": 0.0,
            "steer": 0.0
        },
        {
            "throttle": 0.5373430246624923,
            "brake": 0.0,
            "steer": 0.0
        },
        {
            "throttle": 0.5437126000505565,
            "brake": 0.0,
            "steer": 0.0
        },
        {
            "throttle": 0.5501493459008712,
            "brake": 0.0,
            "steer": 0.0
        },
        {
            "throttle": 0.5566446000115237,
            "brake": 0.0,
            "steer": 0.0
        },
        {
            "throttle": 0.5631896214435542,
            "brake": 0.0,
            "steer": 0.0
        },
        {
            "throttle": 0.5697756022840074,
            "brake": 0.0,
            "steer": 0.0
        },
        {
            "throttle": 0.5763936794991147,
            "brake": 0.0,
            "steer": 0.0
        },
        {
            "throttle": 0.40347557564938025,
            "brake": 0.03898137266872927,
            "steer": 0.0
        },
        {
            "throttle": 0.28243290295456613,
            "brake": 0.06626833353683975,
            "steer": 0.0
        },
        {
            "throttle": 0.19770303206819628,
            "brake": 0.0853692061445171,
            "steer": 0.0
        },
        {
            "throttle": 0.13839212244773738,
            "brake": 0.09873981696989123,
            "steer": 0.0
        },
        {
            "throttle": 0.09687448571341616,
            "brake": 0.10809924454765313,
            "steer": 0.0
        },
        {
            "throttle": 0.0678121399993913,
            "brake": 0.11465084385208645,
            "steer": 0.0
        },
        {
            "throttle": 0.04746849799957391,
            "brake": 0.11923696336518977,
            "steer": 0.0
        },
        {
            "throttle": 0.03322794859970173,
            "brake": 0.1224472470243621,
            "steer": 0.0
        },
        {
            "throttle": 0.02325956401979121,
            "brake": 0.12469444558578273,
            "steer": 0.0
        },
        {
            "throttle": 0.016281694813853845,
            "brake": 0.12626748457877718,
            "steer": 0.0
        },
        {
            "throttle": 0.21049194734688403,
            "brake": 0.08838723920514402,
            "steer": 0.0
        },
        {
            "throttle": 0.3482796579192765,
            "brake": 0.06187106744360081,
            "steer": 0.0
        },
        {
            "throttle": 0.44654084224124274,
            "brake": 0.04330974721052056,
            "steer": 0.0
        },
        {
            "throttle": 0.5171002758029067,
            "brake": 0.03031682304736439,
            "steer": 0.0
        },
        {
            "throttle": 0.5682329105952739,
            "brake": 0.02122177613315507,
            "steer": 0.0
        },
        {
            "throttle": 0.6057288700323814,
            "brake": 0.014855243293208548,
            "steer": 0.0
        },
        {
            "throttle": 0.6336389485498489,
            "brake": 0.010398670305245983,
            "steer": 0.0
        },
        {
            "throttle": 0.6547964644082457,
            "brake": 0.007279069213672188,
            "steer": 0.0
        },
        {
            "throttle": 0.6711825596670085,
            "brake": 0.005095348449570531,
            "steer": 0.0
        },
        {
            "throttle": 0.6841819131008762,
            "brake": 0.0035667439146993716,
            "steer": 0.0
        },
        {
            "throttle": 0.6947617420952648,
            "brake": 0.00249672074028956,
            "steer": 0.0
        },
        {
            "throttle": 0.7035971067422412,
            "brake": 0.001747704518202692,
            "steer": 0.0
        },
        {
            "throttle": 0.7111586253885283,
            "brake": 0.0012233931627418843,
            "steer": 0.0
        },
        {
            "throttle": 0.7177738781079361,
            "brake": 0.0008563752139193189,
            "steer": 0.0
        },
        {
            "throttle": 0.7236703916254156,
            "brake": 0.0005994626497435232,
            "steer": 0.0
        },
        {
            "throttle": 0.7290057311584084,
            "brake": 0.00041962385482046625,
            "steer": 0.0
        },
        {
            "throttle": 0.7338885669982536,
            "brake": 0.00029373669837432637,
            "steer": 0.0
        },
        {
            "throttle": 0.7383934233044877,
            "brake": 0.00020561568886202846,
            "steer": 0.0
        }
    ],
    "parameters": {
        "fog_density": 74.77412484175387,
        "precipitation": 18.46988256125589,
        "precipitation_deposits": 66.66913717884093,
        "wind_intensity": 13.961453477660973,
        "sun_altitude_angle": 1.0150134289031776,
        "cloudiness": 94.91290179735378,
        "lead_base_throttle": 0.5936259129158408,
        "lead_behavior_frequency": 0.05838824977394953,
        "lead_throttle_variation": 0.1825197781317034,
        "lead_brake_probability": 0.02297568197920554,
        "lead_brake_intensity": 0.12993790889576423,
        "lead_brake_duration": 10.636534245892843,
        "initial_distance": 77.65484455120286,
        "initial_ego_velocity": 7.145368629304067,
        "initial_lead_velocity": 13.637499842728936
    },
    "config": {
        "num_timesteps": 200,
        "dt": 0.1,
        "seed": 80
    }
}