{
    "weather": {
        "cloudiness": 24.514945858620152,
        "precipitation": 44.71561732052395,
        "precipitation_deposits": 80.29099710672281,
        "wind_intensity": 48.53794242939349,
        "sun_altitude_angle": 52.05064635378629,
        "fog_density": 67.63910534750397,
        "fog_distance": 104.91163601307137,
        "wetness": 22.357808660261973
    },
    "initial_conditions": {
        "ego": {
            "position": {
                "x": 534.9441328977805,
                "y": 20.57,
                "z": 0.294
            },
            "yaw": 0.0,
            "velocity": 18.24794305475895
        },
        "lead": {
            "position": {
                "x": 484.88,
                "y": 20.57,
                "z": 0.294
            },
            "yaw": 0.0,
            "velocity": 8.277710806430944
        }
    },
    "ego": {
        "position": {
            "x": 534.9441328977805,
            "y": 20.57,
            "z": 0.294
        },
        "yaw": 0.0,
        "velocity": 18.24794305475895
    },
    "lead": {
        "position": {
            "x": 484.88,
            "y": 20.57,
            "z": 0.294
        },
        "yaw": 0.0,
        "velocity": 8.277710806430944
    },
    "ado_actions": [
        {
            "throttle": 0.20425172330398098,
            "brake": 0.0,
            "steer": 0.0
        },
        {
            "throttle": 0.2065506406872818,
            "brake": 0.0,
            "steer": 0.0
        },
        {
            "throttle": 0.21045484830809624,
            "brake": 0.0,
            "steer": 0.0
        },
        {
            "throttle": 0.2154748620271031,
            "brake": 0.0,
            "steer": 0.0
        },
        {
            "throttle": 0.2212641113848828,
            "brake": 0.0,
            "steer": 0.0
        },
        {
            "throttle": 0.2275760858318344,
            "brake": 0.0,
            "steer": 0.0
        },
        {
            "throttle": 0.23423434381267416,
            "brake": 0.0,
            "steer": 0.0
        },
        {
            "throttle": 0.24111152580262943,
            "brake": 0.0,
            "steer": 0.0
        },
        {
            "throttle": 0.2481146700518274,
            "brake": 0.0,
            "steer": 0.0
        },
        {
            "throttle": 0.25517494015605147,
            "brake": 0.0,
            "steer": 0.0
        },
        {
            "throttle": 0.26224044082532605,
            "brake": 0.0,
            "steer": 0.0
        },
        {
            "throttle": 0.26927119529923244,
            "brake": 0.0,
            "steer": 0.0
        },
        {
            "throttle": 0.27623563581222454,
            "brake": 0.0,
            "steer": 0.0
        },
        {
            "throttle": 0.28310815308044607,
            "brake": 0.0,
            "steer": 0.0
        },
        {
            "throttle": 0.2898673869795095,
            "brake": 0.0,
            "steer": 0.0
        },
        {
            "throttle": 0.296495035921481,
            "brake": 0.0,
            "steer": 0.0
        },
        {
            "throttle": 0.3029750291766959,
            "brake": 0.0,
            "steer": 0.0
        },
        {
            "throttle": 0.30929295310244276,
            "brake": 0.0,
            "steer": 0.0
        },
        {
            "throttle": 0.31543565494231196,
            "brake": 0.0,
            "steer": 0.0
        },
        {
            "throttle": 0.32139097075151357,
            "brake": 0.0,
            "steer": 0.0
        },
        {
            "throttle": 0.32714754002782753,
            "brake": 0.0,
            "steer": 0.0
        },
        {
            "throttle": 0.3326946808452109,
            "brake": 0.0,
            "steer": 0.0
        },
        {
            "throttle": 0.33802230713957054,
            "brake": 0.0,
            "steer": 0.0
        },
        {
            "throttle": 0.3431208752932906,
            "brake": 0.0,
            "steer": 0.0
        },
        {
            "throttle": 0.34798135101341904,
            "brake": 0.0,
            "steer": 0.0
        },
        {
            "throttle": 0.35259519019260616,
            "brake": 0.0,
            "steer": 0.0
        },
        {
            "throttle": 0.35695432932820664,
            "brake": 0.0,
            "steer": 0.0
        },
        {
            "throttle": 0.3610511823957705,
            "brake": 0.0,
            "steer": 0.0
        },
        {
            "throttle": 0.36487864199812764,
            "brake": 0.0,
            "steer": 0.0
        },
        {
            "throttle": 0.36843008325917126,
            "brake": 0.0,
            "steer": 0.0
        },
        {
            "throttle": 0.3716993693854035,
            "brake": 0.0,
            "steer": 0.0
        },
        {
            "throttle": 0.37468085813651125,
            "brake": 0.0,
            "steer": 0.0
        },
        {
            "throttle": 0.37736940866943114,
            "brake": 0.0,
            "steer": 0.0
        },
        {
            "throttle": 0.3797603883770436,
            "brake": 0.0,
            "steer": 0.0
        },
        {
            "throttle": 0.3818496794527754,
            "brake": 0.0,
            "steer": 0.0
        },
        {
            "throttle": 0.38363368498994965,
            "brake": 0.0,
            "steer": 0.0
        },
        {
            "throttle": 0.38510933447948537,
            "brake": 0.0,
            "steer": 0.0
        },
        {
            "throttle": 0.3862740886083562,
            "brake": 0.0,
            "steer": 0.0
        },
        {
            "throttle": 0.3871259432888632,
            "brake": 0.0,
            "steer": 0.0
        },
        {
            "throttle": 0.3876634328686057,
            "brake": 0.0,
            "steer": 0.0
        },
        {
            "throttle": 0.38788563248540153,
            "brake": 0.0,
            "steer": 0.0
        },
        {
            "throttle": 0.3877921595419453,
            "brake": 0.0,
            "steer": 0.0
        },
        {
            "throttle": 0.38738317428285723,
            "brake": 0.0,
            "steer": 0.0
        },
        {
            "throttle": 0.38665937946275997,
            "brake": 0.0,
            "steer": 0.0
        },
        {
            "throttle": 0.385622019098696,
            "brake": 0.0,
            "steer": 0.0
        },
        {
            "throttle": 0.38427287630394946,
            "brake": 0.0,
            "steer": 0.0
        },
        {
            "throttle": 0.3826142702034385,
            "brake": 0.0,
            "steer": 0.0
        },
        {
            "throttle": 0.3806490519334921,
            "brake": 0.0,
            "steer": 0.0
        },
        {
            "throttle": 0.3783805997311438,
            "brake": 0.0,
            "steer": 0.0
        },
        {
            "throttle": 0.3758128131201658,
            "brake": 0.0,
            "steer": 0.0
        },
        {
            "throttle": 0.37295010620298236,
            "brake": 0.0,
            "steer": 0.0
        },
        {
            "throttle": 0.36979740006939665,
            "brake": 0.0,
            "steer": 0.0
        },
        {
            "throttle": 0.3663601143347628,
            "brake": 0.0,
            "steer": 0.0
        },
        {
            "throttle": 0.36264415782185583,
            "brake": 0.0,
            "steer": 0.0
        },
        {
            "throttle": 0.358655918402253,
            "brake": 0.0,
            "steer": 0.0
        },
        {
            "throttle": 0.3544022520145462,
            "brake": 0.0,
            "steer": 0.0
        },
        {
            "throttle": 0.3498904708781624,
            "brake": 0.0,
            "steer": 0.0
        },
        {
            "throttle": 0.34512833092298373,
            "brake": 0.0,
            "steer": 0.0
        },
        {
            "throttle": 0.3401240184563261,
            "brake": 0.0,
            "steer": 0.0
        },
        {
            "throttle": 0.33488613609016255,
            "brake": 0.0,
            "steer": 0.0
        },
        {
            "throttle": 0.329423687952758,
            "brake": 0.0,
            "steer": 0.0
        },
        {
            "throttle": 0.3237460642101217,
            "brake": 0.0,
            "steer": 0.0
        },
        {
            "throttle": 0.31786302492387203,
            "brake": 0.0,
            "steer": 0.0
        },
        {
            "throttle": 0.31178468327325604,
            "brake": 0.0,
            "steer": 0.0
        },
        {
            "throttle": 0.3055214881701587,
            "brake": 0.0,
            "steer": 0.0
        },
        {
            "throttle": 0.299084206296984,
            "brake": 0.0,
            "steer": 0.0
        },
        {
            "throttle": 0.2924839035982827,
            "brake": 0.0,
            "steer": 0.0
        },
        {
            "throttle": 0.2857319262579404,
            "brake": 0.0,
            "steer": 0.0
        },
        {
            "throttle": 0.2788398811946272,
            "brake": 0.0,
            "steer": 0.0
        },
        {
            "throttle": 0.2718196161090354,
            "brake": 0.0,
            "steer": 0.0
        },
        {
            "throttle": 0.264683199117205,
            "brake": 0.0,
            "steer": 0.0
        },
        {
            "throttle": 0.257442898004948,
            "brake": 0.0,
            "steer": 0.0
        },
        {
            "throttle": 0.2501111591390326,
            "brake": 0.0,
            "steer": 0.0
        },
        {
            "throttle": 0.24270058607138018,
            "brake": 0.0,
            "steer": 0.0
        },
        {
            "throttle": 0.2352239178730557,
            "brake": 0.0,
            "steer": 0.0
        },
        {
            "throttle": 0.22769400723529487,
            "brake": 0.0,
            "steer": 0.0
        },
        {
            "throttle": 0.22012379837521429,
            "brake": 0.0,
            "steer": 0.0
        },
        {
            "throttle": 0.21252630478418483,
            "brake": 0.0,
            "steer": 0.0
        },
        {
            "throttle": 0.20491458685712002,
            "brake": 0.0,
            "steer": 0.0
        },
        {
            "throttle": 0.19730172944113555,
            "brake": 0.0,
            "steer": 0.0
        },
        {
            "throttle": 0.18970081934217434,
            "brake": 0.0,
            "steer": 0.0
        },
        {
            "throttle": 0.18212492282826423,
            "brake": 0.0,
            "steer": 0.0
        },
        {
            "throttle": 0.17458706316808162,
            "brake": 0.0,
            "steer": 0.0
        },
        {
            "throttle": 0.16710019824343228,
            "brake": 0.0,
            "steer": 0.0
        },
        {
            "throttle": 0.15967719827413493,
            "brake": 0.0,
            "steer": 0.0
        },
        {
            "throttle": 0.1523308236935995,
            "brake": 0.0,
            "steer": 0.0
        },
        {
            "throttle": 0.14507370321313232,
            "brake": 0.0,
            "steer": 0.0
        },
        {
            "throttle": 0.13791831211267708,
            "brake": 0.0,
            "steer": 0.0
        },
        {
            "throttle": 0.13087695079531028,
            "brake": 0.0,
            "steer": 0.0
        },
        {
            "throttle": 0.12396172364235725,
            "brake": 0.0,
            "steer": 0.0
        },
        {
            "throttle": 0.11718451820547698,
            "brake": 0.0,
            "steer": 0.0
        },
        {
            "throttle": 0.11055698477148626,
            "brake": 0.0,
            "steer": 0.0
        },
        {
            "throttle": 0.10409051633505122,
            "brake": 0.0,
            "steer": 0.0
        },
        {
            "throttle": 0.09779622901367449,
            "brake": 0.0,
            "steer": 0.0
        },
        {
            "throttle": 0.09168494293864532,
            "brake": 0.0,
            "steer": 0.0
        },
        {
            "throttle": 0.08576716365480168,
            "brake": 0.0,
            "steer": 0.0
        },
        {
            "throttle": 0.08005306406107915,
            "brake": 0.0,
            "steer": 0.0
        },
        {
            "throttle": 0.07455246692289137,
            "brake": 0.0,
            "steer": 0.0
        },
        {
            "throttle": 0.06927482798640394,
            "brake": 0.0,
            "steer": 0.0
        },
        {
            "throttle": 0.06422921972372916,
            "brake": 0.0,
            "steer": 0.0
        },
        {
            "throttle": 0.05942431573698412,
            "brake": 0.0,
            "steer": 0.0
        },
        {
            "throttle": 0.05486837584802219,
            "brake": 0.0,
            "steer": 0.0
        },
        {
            "throttle": 0.0505692318994695,
            "brake": 0.0,
            "steer": 0.0
        },
        {
            "throttle": 0.04653427429147451,
            "brake": 0.0,
            "steer": 0.0
        },
        {
            "throttle": 0.04277043927731518,
            "brake": 0.0,
            "steer": 0.0
        },
        {
            "throttle": 0.039284197039702394,
            "brake": 0.0,
            "steer": 0.0
        },
        {
            "throttle": 0.036081540568277566,
            "brake": 0.0,
            "steer": 0.0
        },
        {
            "throttle": 0.033167975357424065,
            "brake": 0.0,
            "steer": 0.0
        },
        {
            "throttle": 0.03054850994210248,
            "brake": 0.0,
            "steer": 0.0
        },
        {
            "throttle": 0.028227647287979017,
            "brake": 0.0,
            "steer": 0.0
        },
        {
            "throttle": 0.026209377050647666,
            "brake": 0.0,
            "steer": 0.0
        },
        {
            "throttle": 0.024497168717252885,
            "brake": 0.0,
            "steer": 0.0
        },
        {
            "throttle": 0.02309396564230266,
            "brake": 0.0,
            "steer": 0.0
        },
        {
            "throttle": 0.022002179987924517,
            "brake": 0.0,
            "steer": 0.0
        },
        {
            "throttle": 0.0212236885772625,
            "brake": 0.0,
            "steer": 0.0
        },
        {
            "throttle": 0.020759829668143246,
            "brake": 0.0,
            "steer": 0.0
        },
        {
            "throttle": 0.02061140065255731,
            "brake": 0.0,
            "steer": 0.0
        },
        {
            "throttle": 0.020778656685910505,
            "brake": 0.0,
            "steer": 0.0
        },
        {
            "throttle": 0.021261310248401572,
            "brake": 0.0,
            "steer": 0.0
        },
        {
            "throttle": 0.02205853163928017,
            "brake": 0.0,
            "steer": 0.0
        },
        {
            "throttle": 0.023168950403135623,
            "brake": 0.0,
            "steer": 0.0
        },
        {
            "throttle": 0.024590657685764506,
            "brake": 0.0,
            "steer": 0.0
        },
        {
            "throttle": 0.026321209515567268,
            "brake": 0.0,
            "steer": 0.0
        },
        {
            "throttle": 0.018424846660897085,
            "brake": 0.22067190791949823,
            "steer": 0.0
        },
        {
            "throttle": 0.012897392662627958,
            "brake": 0.37514224346314695,
            "steer": 0.0
        },
        {
            "throttle": 0.009028174863839571,
            "brake": 0.4832714783437011,
            "steer": 0.0
        },
        {
            "throttle": 0.006319722404687699,
            "brake": 0.5589619427600889,
            "steer": 0.0
        },
        {
            "throttle": 0.004423805683281389,
            "brake": 0.6119452678515604,
            "steer": 0.0
        },
        {
            "throttle": 0.0030966639782969724,
            "brake": 0.6490335954155905,
            "steer": 0.0
        },
        {
            "throttle": 0.0021676647848078807,
            "brake": 0.6749954247104115,
            "steer": 0.0
        },
        {
            "throttle": 0.0015173653493655165,
            "brake": 0.6931687052167863,
            "steer": 0.0
        },
        {
            "throttle": 0.0010621557445558614,
            "brake": 0.7058900015712486,
            "steer": 0.0
        },
        {
            "throttle": 0.0007435090211891029,
            "brake": 0.7147949090193723,
            "steer": 0.0
        },
        {
            "throttle": 0.0005204563148323721,
            "brake": 0.7210283442330587,
            "steer": 0.0
        },
        {
            "throttle": 0.0003643194203826604,
            "brake": 0.7253917488826392,
            "steer": 0.0
        },
        {
            "throttle": 0.0002550235942678623,
            "brake": 0.7284461321373457,
            "steer": 0.0
        },
        {
            "throttle": 0.0001785165159875036,
            "brake": 0.7305842004156401,
            "steer": 0.0
        },
        {
            "throttle": 0.00012496156119125252,
            "brake": 0.7320808482104463,
            "steer": 0.0
        },
        {
            "throttle": 8.747309283387676e-05,
            "brake": 0.7331285016668105,
            "steer": 0.0
        },
        {
            "throttle": 6.123116498371373e-05,
            "brake": 0.7338618590862656,
            "steer": 0.0
        },
        {
            "throttle": 4.28618154885996e-05,
            "brake": 0.7343752092798841,
            "steer": 0.0
        },
        {
            "throttle": 3.000327084201972e-05,
            "brake": 0.734734554415417,
            "steer": 0.0
        },
        {
            "throttle": 2.1002289589413803e-05,
            "brake": 0.7349860960102901,
            "steer": 0.0
        },
        {
            "throttle": 0.04207587153671814,
            "brake": 0.514490267207203,
            "steer": 0.0
        },
        {
            "throttle": 0.07368732928441452,
            "brake": 0.3601431870450421,
            "steer": 0.0
        },
        {
            "throttle": 0.09801769365399854,
            "brake": 0.25210023093152945,
            "steer": 0.0
        },
        {
            "throttle": 0.11727680141319263,
            "brake": 0.1764701616520706,
            "steer": 0.0
        },
        {
            "throttle": 0.13300770853163346,
            "brake": 0.12352911315644942,
            "steer": 0.0
        },
        {
            "throttle": 0.14628668715325405,
            "brake": 0.08647037920951459,
            "steer": 0.0
        },
        {
            "throttle": 0.15786323012453843,
            "brake": 0.06052926544666021,
            "steer": 0.0
        },
        {
            "throttle": 0.16825806086452344,
            "brake": 0.042370485812662145,
            "steer": 0.0
        },
        {
            "throttle": 0.1778317470151412,
            "brake": 0.0296593400688635,
            "steer": 0.0
        },
        {
            "throttle": 0.18683273676733014,
            "brake": 0.02076153804820445,
            "steer": 0.0
        },
        {
            "throttle": 0.19543099107807346,
            "brake": 0.014533076633743114,
            "steer": 0.0
        },
        {
            "throttle": 0.20374153301730696,
            "brake": 0.010173153643620179,
            "steer": 0.0
        },
        {
            "throttle": 0.2118409391002749,
            "brake": 0.007121207550534124,
            "steer": 0.0
        },
        {
            "throttle": 0.21977888999256673,
            "brake": 0.004984845285373887,
            "steer": 0.0
        },
        {
            "throttle": 0.22758626274725585,
            "brake": 0.0034893916997617205,
            "steer": 0.0
        },
        {
            "throttle": 0.23528080207414337,
            "brake": 0.002442574189833204,
            "steer": 0.0
        },
        {
            "throttle": 0.24287109687958502,
            "brake": 0.0017098019328832428,
            "steer": 0.0
        },
        {
            "throttle": 0.2503593704324025,
            "brake": 0.0011968613530182698,
            "steer": 0.0
        },
        {
            "throttle": 0.2577434399934042,
            "brake": 0.0008378029471127888,
            "steer": 0.0
        },
        {
            "throttle": 0.2650180949835878,
            "brake": 0.0005864620629789522,
            "steer": 0.0
        },
        {
            "throttle": 0.27217606803252353,
            "brake": 0.0004105234440852665,
            "steer": 0.0
        },
        {
            "throttle": 0.279208720935088,
            "brake": 0.0002873664108596865,
            "steer": 0.0
        },
        {
            "throttle": 0.28610653092556654,
            "brake": 0.00020115648760178054,
            "steer": 0.0
        },
        {
            "throttle": 0.2928594370449466,
            "brake": 0.00014080954132124636,
            "steer": 0.0
        },
        {
            "throttle": 0.29945708843420266,
            "brake": 9.856667892487245e-05,
            "steer": 0.0
        },
        {
            "throttle": 0.30588902382650274,
            "brake": 6.899667524741071e-05,
            "steer": 0.0
        },
        {
            "throttle": 0.3121448027196103,
            "brake": 4.829767267318749e-05,
            "steer": 0.0
        },
        {
            "throttle": 0.31821410255587107,
            "brake": 3.380837087123124e-05,
            "steer": 0.0
        },
        {
            "throttle": 0.32408679192974454,
            "brake": 2.3665859609861866e-05,
            "steer": 0.0
        },
        {
            "throttle": 0.3297529868279446,
            "brake": 1.6566101726903306e-05,
            "steer": 0.0
        },
        {
            "throttle": 0.3352030947971477,
            "brake": 1.1596271208832314e-05,
            "steer": 0.0
        },
        {
            "throttle": 0.3404278504574899,
            "brake": 8.117389846182619e-06,
            "steer": 0.0
        },
        {
            "throttle": 0.3454183447467053,
            "brake": 5.682172892327833e-06,
            "steer": 0.0
        },
        {
            "throttle": 0.3501660495567662,
            "brake": 3.977521024629483e-06,
            "steer": 0.0
        },
        {
            "throttle": 0.3546628389191659,
            "brake": 2.7842647172406382e-06,
            "steer": 0.0
        },
        {
            "throttle": 0.35890100754137,
            "brake": 1.9489853020684468e-06,
            "steer": 0.0
        },
        {
            "throttle": 0.3628732872498332,
            "brake": 1.3642897114479126e-06,
            "steer": 0.0
        },
        {
            "throttle": 0.36657286172239756,
            "brake": 9.550027980135387e-07,
            "steer": 0.0
        },
        {
            "throttle": 0.3699933797725048,
            "brake": 6.685019586094771e-07,
            "steer": 0.0
        },
        {
            "throttle": 0.37312896736381734,
            "brake": 4.6795137102663395e-07,
            "steer": 0.0
        },
        {
            "throttle": 0.3759742384755958,
            "brake": 3.2756595971864374e-07,
            "steer": 0.0
        },
        {
            "throttle": 0.37852430489885575,
            "brake": 2.292961718030506e-07,
            "steer": 0.0
        },
        {
            "throttle": 0.38077478501555456,
            "brake": 1.605073202621354e-07,
            "steer": 0.0
        },
        {
            "throttle": 0.3827218115940804,
            "brake": 1.1235512418349477e-07,
            "steer": 0.0
        },
        {
            "throttle": 0.38436203862149604,
            "brake": 7.864858692844634e-08,
            "steer": 0.0
        },
        {
            "throttle": 0.38569264718449203,
            "brake": 5.505401084991243e-08,
            "steer": 0.0
        },
        {
            "throttle": 0.3867113504055273,
            "brake": 3.8537807594938696e-08,
            "steer": 0.0
        },
        {
            "throttle": 0.3874163974372843,
            "brake": 2.6976465316457086e-08,
            "steer": 0.0
        },
        {
            "throttle": 0.38780657651670025,
            "brake": 1.888352572151996e-08,
            "steer": 0.0
        },
        {
            "throttle": 0.38788121707901496,
            "brake": 1.321846800506397e-08,
            "steer": 0.0
        },
        {
            "throttle": 0.387640190932183,
            "brake": 9.252927603544779e-09,
            "steer": 0.0
        },
        {
            "throttle": 0.38708391249242047,
            "brake": 6.4770493224813445e-09,
            "steer": 0.0
        },
        {
            "throttle": 0.38621333808243274,
            "brake": 4.533934525736941e-09,
            "steer": 0.0
        },
        {
            "throttle": 0.3850299642948953,
            "brake": 3.1737541680158583e-09,
            "steer": 0.0
        },
        {
            "throttle": 0.3835358254249577,
            "brake": 2.2216279176111005e-09,
            "steer": 0.0
        },
        {
            "throttle": 0.38173348997685363,
            "brake": 1.5551395423277703e-09,
            "steer": 0.0
        },
        {
            "throttle": 0.37962605625109064,
            "brake": 1.0885976796294392e-09,
            "steer": 0.0
        }
    ],
    "parameters": {
        "fog_density": 67.63910534750397,
        "precipitation": 44.71561732052395,
        "precipitation_deposits": 80.29099710672281,
        "wind_intensity": 48.53794242939349,
        "sun_altitude_angle": 52.05064635378629,
        "cloudiness": 24.514945858620152,
        "lead_base_throttle": 0.204251723303981,
        "lead_behavior_frequency": 0.06599244619264748,
        "lead_throttle_variation": 0.18486405172194412,
        "lead_brake_probability": 0.029815538702915687,
        "lead_brake_intensity": 0.7355730263983274,
        "lead_brake_duration": 20.236468991325818,
        "initial_distance": 50.06413289778051,
        "initial_ego_velocity": 18.24794305475895,
        "initial_lead_velocity": 8.277710806430944
    },
    "config": {
        "num_timesteps": 200,
        "dt": 0.1,
        "seed": 100
    }
}