{
    "weather": {
        "cloudiness": 60.76371405842301,
        "precipitation": 17.167990453583805,
        "precipitation_deposits": 79.42081696445015,
        "wind_intensity": 33.410549626695044,
        "sun_altitude_angle": 34.03196982029614,
        "fog_density": 24.09362811519342,
        "fog_distance": 447.92882266338376,
        "wetness": 8.583995226791902
    },
    "initial_conditions": {
        "ego": {
            "position": {
                "x": 540.9286190330324,
                "y": 20.57,
                "z": 0.294
            },
            "yaw": 0.0,
            "velocity": 17.762548499520342
        },
        "lead": {
            "position": {
                "x": 484.88,
                "y": 20.57,
                "z": 0.294
            },
            "yaw": 0.0,
            "velocity": 19.189098763665875
        }
    },
    "ego": {
        "position": {
            "x": 540.9286190330324,
            "y": 20.57,
            "z": 0.294
        },
        "yaw": 0.0,
        "velocity": 17.762548499520342
    },
    "lead": {
        "position": {
            "x": 484.88,
            "y": 20.57,
            "z": 0.294
        },
        "yaw": 0.0,
        "velocity": 19.189098763665875
    },
    "ado_actions": [
        {
            "throttle": 0.556889175069093,
            "brake": 0.0,
            "steer": 0.0
        },
        {
            "throttle": 0.5658879942646302,
            "brake": 0.0,
            "steer": 0.0
        },
        {
            "throttle": 0.5809252405353644,
            "brake": 0.0,
            "steer": 0.0
        },
        {
            "throttle": 0.5996754483227615,
            "brake": 0.0,
            "steer": 0.0
        },
        {
            "throttle": 0.6202724923171842,
            "brake": 0.0,
            "steer": 0.0
        },
        {
            "throttle": 0.6411935819121568,
            "brake": 0.0,
            "steer": 0.0
        },
        {
            "throttle": 0.6611843306277221,
            "brake": 0.0,
            "steer": 0.0
        },
        {
            "throttle": 0.6792117646713204,
            "brake": 0.0,
            "steer": 0.0
        },
        {
            "throttle": 0.6944359173482404,
            "brake": 0.0,
            "steer": 0.0
        },
        {
            "throttle": 0.7061933319653856,
            "brake": 0.0,
            "steer": 0.0
        },
        {
            "throttle": 0.7139877009438735,
            "brake": 0.0,
            "steer": 0.0
        },
        {
            "throttle": 0.7174842371693332,
            "brake": 0.0,
            "steer": 0.0
        },
        {
            "throttle": 0.7165053680274591,
            "brake": 0.0,
            "steer": 0.0
        },
        {
            "throttle": 0.7110260760405726,
            "brake": 0.0,
            "steer": 0.0
        },
        {
            "throttle": 0.7011677605165665,
            "brake": 0.0,
            "steer": 0.0
        },
        {
            "throttle": 0.6871899156551636,
            "brake": 0.0,
            "steer": 0.0
        },
        {
            "throttle": 0.6694792485511954,
            "brake": 0.0,
            "steer": 0.0
        },
        {
            "throttle": 0.6485361200228802,
            "brake": 0.0,
            "steer": 0.0
        },
        {
            "throttle": 0.6249583984812632,
            "brake": 0.0,
            "steer": 0.0
        },
        {
            "throttle": 0.599422982816493,
            "brake": 0.0,
            "steer": 0.0
        },
        {
            "throttle": 0.5726653813788258,
            "brake": 0.0,
            "steer": 0.0
        },
        {
            "throttle": 0.5454578349504886,
            "brake": 0.0,
            "steer": 0.0
        },
        {
            "throttle": 0.5185865449379609,
            "brake": 0.0,
            "steer": 0.0
        },
        {
            "throttle": 0.4928286157422961,
            "brake": 0.0,
            "steer": 0.0
        },
        {
            "throttle": 0.46892934380785517,
            "brake": 0.0,
            "steer": 0.0
        },
        {
            "throttle": 0.4475804864872224,
            "brake": 0.0,
            "steer": 0.0
        },
        {
            "throttle": 0.42940012294712915,
            "brake": 0.0,
            "steer": 0.0
        },
        {
            "throttle": 0.41491467844431795,
            "brake": 0.0,
            "steer": 0.0
        },
        {
            "throttle": 0.4045436242794346,
            "brake": 0.0,
            "steer": 0.0
        },
        {
            "throttle": 0.3985872907725038,
            "brake": 0.0,
            "steer": 0.0
        },
        {
            "throttle": 0.3972181421972437,
            "brake": 0.0,
            "steer": 0.0
        },
        {
            "throttle": 0.40047576355587045,
            "brake": 0.0,
            "steer": 0.0
        },
        {
            "throttle": 0.40826570240292626,
            "brake": 0.0,
            "steer": 0.0
        },
        {
            "throttle": 0.42036219784006346,
            "brake": 0.0,
            "steer": 0.0
        },
        {
            "throttle": 0.4364147166016096,
            "brake": 0.0,
            "steer": 0.0
        },
        {
            "throttle": 0.45595810613968496,
            "brake": 0.0,
            "steer": 0.0
        },
        {
            "throttle": 0.4784260700240698,
            "brake": 0.0,
            "steer": 0.0
        },
        {
            "throttle": 0.5031675748537504,
            "brake": 0.0,
            "steer": 0.0
        },
        {
            "throttle": 0.5294657130382115,
            "brake": 0.0,
            "steer": 0.0
        },
        {
            "throttle": 0.5565584747186445,
            "brake": 0.0,
            "steer": 0.0
        },
        {
            "throttle": 0.5836608268314462,
            "brake": 0.0,
            "steer": 0.0
        },
        {
            "throttle": 0.6099874594766274,
            "brake": 0.0,
            "steer": 0.0
        },
        {
            "throttle": 0.6347755404430271,
            "brake": 0.0,
            "steer": 0.0
        },
        {
            "throttle": 0.6573068185232765,
            "brake": 0.0,
            "steer": 0.0
        },
        {
            "throttle": 0.6769284351328537,
            "brake": 0.0,
            "steer": 0.0
        },
        {
            "throttle": 0.6930718411837825,
            "brake": 0.0,
            "steer": 0.0
        },
        {
            "throttle": 0.7052692710709191,
            "brake": 0.0,
            "steer": 0.0
        },
        {
            "throttle": 0.7131672964171195,
            "brake": 0.0,
            "steer": 0.0
        },
        {
            "throttle": 0.7165370668423027,
            "brake": 0.0,
            "steer": 0.0
        },
        {
            "throttle": 0.5015759467896118,
            "brake": 0.046649052812781734,
            "steer": 0.0
        },
        {
            "throttle": 0.35110316275272824,
            "brake": 0.07930338978172895,
            "steer": 0.0
        },
        {
            "throttle": 0.24577221392690976,
            "brake": 0.10216142565999199,
            "steer": 0.0
        },
        {
            "throttle": 0.1720405497488368,
            "brake": 0.11816205077477612,
            "steer": 0.0
        },
        {
            "throttle": 0.12042838482418576,
            "brake": 0.129362488355125,
            "steer": 0.0
        },
        {
            "throttle": 0.08429986937693003,
            "brake": 0.13720279466136923,
            "steer": 0.0
        },
        {
            "throttle": 0.059009908563851014,
            "brake": 0.1426910090757402,
            "steer": 0.0
        },
        {
            "throttle": 0.04130693599469571,
            "brake": 0.14653275916579986,
            "steer": 0.0
        },
        {
            "throttle": 0.028914855196286997,
            "brake": 0.14922198422884164,
            "steer": 0.0
        },
        {
            "throttle": 0.020240398637400896,
            "brake": 0.1511044417729709,
            "steer": 0.0
        },
        {
            "throttle": 0.014168279046180626,
            "brake": 0.15242216205386136,
            "steer": 0.0
        },
        {
            "throttle": 0.009917795332326437,
            "brake": 0.15334456625048468,
            "steer": 0.0
        },
        {
            "throttle": 0.006942456732628505,
            "brake": 0.15399024918812101,
            "steer": 0.0
        },
        {
            "throttle": 0.12367703487690412,
            "brake": 0.10779317443168471,
            "steer": 0.0
        },
        {
            "throttle": 0.20234701994515067,
            "brake": 0.0754552221021793,
            "steer": 0.0
        },
        {
            "throttle": 0.2558580553519685,
            "brake": 0.052818655471525505,
            "steer": 0.0
        },
        {
            "throttle": 0.17910063874637794,
            "brake": 0.08362211164284958,
            "steer": 0.0
        },
        {
            "throttle": 0.12537044712246456,
            "brake": 0.10518453096277644,
            "steer": 0.0
        },
        {
            "throttle": 0.08775931298572519,
            "brake": 0.12027822448672523,
            "steer": 0.0
        },
        {
            "throttle": 0.06143151909000763,
            "brake": 0.1308438099534894,
            "steer": 0.0
        },
        {
            "throttle": 0.04300206336300534,
            "brake": 0.1382397197802243,
            "steer": 0.0
        },
        {
            "throttle": 0.030101444354103737,
            "brake": 0.14341685665893875,
            "steer": 0.0
        },
        {
            "throttle": 0.021071011047872616,
            "brake": 0.14704085247403886,
            "steer": 0.0
        },
        {
            "throttle": 0.014749707733510831,
            "brake": 0.14957764954460892,
            "steer": 0.0
        },
        {
            "throttle": 0.010324795413457582,
            "brake": 0.15135340749400797,
            "steer": 0.0
        },
        {
            "throttle": 0.007227356789420307,
            "brake": 0.1525964380585873,
            "steer": 0.0
        },
        {
            "throttle": 0.005059149752594214,
            "brake": 0.15346655945379284,
            "steer": 0.0
        },
        {
            "throttle": 0.0035414048268159496,
            "brake": 0.15407564443043673,
            "steer": 0.0
        },
        {
            "throttle": 0.0024789833787711647,
            "brake": 0.15450200391408744,
            "steer": 0.0
        },
        {
            "throttle": 0.20406771850175967,
            "brake": 0.10815140273986121,
            "steer": 0.0
        },
        {
            "throttle": 0.3513922831215647,
            "brake": 0.07570598191790284,
            "steer": 0.0
        },
        {
            "throttle": 0.45953007394147616,
            "brake": 0.05299418734253199,
            "steer": 0.0
        },
        {
            "throttle": 0.5388900835422263,
            "brake": 0.03709593113977239,
            "steer": 0.0
        },
        {
            "throttle": 0.3772230584795584,
            "brake": 0.0726162046106224,
            "steer": 0.0
        },
        {
            "throttle": 0.26405614093569085,
            "brake": 0.09748039604021741,
            "steer": 0.0
        },
        {
            "throttle": 0.18483929865498358,
            "brake": 0.1148853300409339,
            "steer": 0.0
        },
        {
            "throttle": 0.1293875090584885,
            "brake": 0.12706878384143547,
            "steer": 0.0
        },
        {
            "throttle": 0.09057125634094194,
            "brake": 0.13559720150178656,
            "steer": 0.0
        },
        {
            "throttle": 0.06339987943865935,
            "brake": 0.14156709386403232,
            "steer": 0.0
        },
        {
            "throttle": 0.044379915607061546,
            "brake": 0.14574601851760435,
            "steer": 0.0
        },
        {
            "throttle": 0.03106594092494308,
            "brake": 0.14867126577510478,
            "steer": 0.0
        },
        {
            "throttle": 0.021746158647460156,
            "brake": 0.1507189388553551,
            "steer": 0.0
        },
        {
            "throttle": 0.015222311053222108,
            "brake": 0.1521523100115303,
            "steer": 0.0
        },
        {
            "throttle": 0.010655617737255475,
            "brake": 0.15315566982085294,
            "steer": 0.0
        },
        {
            "throttle": 0.007458932416078832,
            "brake": 0.15385802168737878,
            "steer": 0.0
        },
        {
            "throttle": 0.005221252691255182,
            "brake": 0.15434966799394687,
            "steer": 0.0
        },
        {
            "throttle": 0.14609188427827763,
            "brake": 0.1080447675957628,
            "steer": 0.0
        },
        {
            "throttle": 0.23708766442605222,
            "brake": 0.07563133731703396,
            "steer": 0.0
        },
        {
            "throttle": 0.29410532126414046,
            "brake": 0.05294193612192377,
            "steer": 0.0
        },
        {
            "throttle": 0.3284661039256151,
            "brake": 0.03705935528534664,
            "steer": 0.0
        },
        {
            "throttle": 0.34825574719047536,
            "brake": 0.025941548699742644,
            "steer": 0.0
        },
        {
            "throttle": 0.35925778570666317,
            "brake": 0.01815908408981985,
            "steer": 0.0
        },
        {
            "throttle": 0.36560329486749477,
            "brake": 0.012711358862873893,
            "steer": 0.0
        },
        {
            "throttle": 0.37022331600666064,
            "brake": 0.008897951204011724,
            "steer": 0.0
        },
        {
            "throttle": 0.3751644156244039,
            "brake": 0.006228565842808206,
            "steer": 0.0
        },
        {
            "throttle": 0.38180972643055033,
            "brake": 0.004359996089965744,
            "steer": 0.0
        },
        {
            "throttle": 0.3910351093200496,
            "brake": 0.0030519972629760206,
            "steer": 0.0
        },
        {
            "throttle": 0.40332114213281733,
            "brake": 0.002136398084083214,
            "steer": 0.0
        },
        {
            "throttle": 0.4188353517734245,
            "brake": 0.0014954786588582498,
            "steer": 0.0
        },
        {
            "throttle": 0.43749467002749165,
            "brake": 0.0010468350612007748,
            "steer": 0.0
        },
        {
            "throttle": 0.4590149575232424,
            "brake": 0.0007327845428405423,
            "steer": 0.0
        },
        {
            "throttle": 0.4829522187518508,
            "brake": 0.0005129491799883795,
            "steer": 0.0
        },
        {
            "throttle": 0.508738554446602,
            "brake": 0.0003590644259918656,
            "steer": 0.0
        },
        {
            "throttle": 0.5357147779499452,
            "brake": 0.0002513450981943059,
            "steer": 0.0
        },
        {
            "throttle": 0.5631608283490744,
            "brake": 0.00017594156873601414,
            "steer": 0.0
        },
        {
            "throttle": 0.5903245536426436,
            "brake": 0.00012315909811520988,
            "steer": 0.0
        },
        {
            "throttle": 0.4132271875498505,
            "brake": 0.04673526418146238,
            "steer": 0.0
        },
        {
            "throttle": 0.28925903128489533,
            "brake": 0.0793637377398054,
            "steer": 0.0
        },
        {
            "throttle": 0.20248132189942672,
            "brake": 0.10220366923064551,
            "steer": 0.0
        },
        {
            "throttle": 0.1417369253295987,
            "brake": 0.11819162127423358,
            "steer": 0.0
        },
        {
            "throttle": 0.09921584773071908,
            "brake": 0.12938318770474524,
            "steer": 0.0
        },
        {
            "throttle": 0.06945109341150335,
            "brake": 0.1372172842061034,
            "steer": 0.0
        },
        {
            "throttle": 0.048615765388052345,
            "brake": 0.1427011517570541,
            "steer": 0.0
        },
        {
            "throttle": 0.03403103577163664,
            "brake": 0.1465398590427196,
            "steer": 0.0
        },
        {
            "throttle": 0.023821725040145646,
            "brake": 0.14922695414268544,
            "steer": 0.0
        },
        {
            "throttle": 0.016675207528101952,
            "brake": 0.15110792071266155,
            "steer": 0.0
        },
        {
            "throttle": 0.011672645269671366,
            "brake": 0.15242459731164482,
            "steer": 0.0
        },
        {
            "throttle": 0.008170851688769956,
            "brake": 0.1533462709309331,
            "steer": 0.0
        },
        {
            "throttle": 0.005719596182138968,
            "brake": 0.15399144246443489,
            "steer": 0.0
        },
        {
            "throttle": 0.18037651117344528,
            "brake": 0.10779400972510442,
            "steer": 0.0
        },
        {
            "throttle": 0.29364220664958496,
            "brake": 0.07545580680757309,
            "steer": 0.0
        },
        {
            "throttle": 0.36392501107635505,
            "brake": 0.05281906476530116,
            "steer": 0.0
        },
        {
            "throttle": 0.40437162716823427,
            "brake": 0.03697334533571081,
            "steer": 0.0
        },
        {
            "throttle": 0.42443832252704106,
            "brake": 0.025881341734997565,
            "steer": 0.0
        },
        {
            "throttle": 0.43098341557592734,
            "brake": 0.018116939214498293,
            "steer": 0.0
        },
        {
            "throttle": 0.4290250925364601,
            "brake": 0.012681857450148805,
            "steer": 0.0
        },
        {
            "throttle": 0.4222655810755528,
            "brake": 0.008877300215104163,
            "steer": 0.0
        },
        {
            "throttle": 0.41345258105629823,
            "brake": 0.006214110150572914,
            "steer": 0.0
        },
        {
            "throttle": 0.40462774179593125,
            "brake": 0.004349877105401039,
            "steer": 0.0
        },
        {
            "throttle": 0.39729716950663785,
            "brake": 0.003044913973780727,
            "steer": 0.0
        },
        {
            "throttle": 0.3925485527812222,
            "brake": 0.0021314397816465085,
            "steer": 0.0
        },
        {
            "throttle": 0.3911321822346433,
            "brake": 0.0014920078471525558,
            "steer": 0.0
        },
        {
            "throttle": 0.3935179856332778,
            "brake": 0.001044405493006789,
            "steer": 0.0
        },
        {
            "throttle": 0.39993705413201835,
            "brake": 0.0007310838451047522,
            "steer": 0.0
        },
        {
            "throttle": 0.4104135461445826,
            "brake": 0.0005117586915733266,
            "steer": 0.0
        },
        {
            "throttle": 0.42479100725429797,
            "brake": 0.0003582310841013286,
            "steer": 0.0
        },
        {
            "throttle": 0.29735370507800857,
            "brake": 0.04689981457165266,
            "steer": 0.0
        },
        {
            "throttle": 0.208147593554606,
            "brake": 0.0794789230129386,
            "steer": 0.0
        },
        {
            "throttle": 0.14570331548822418,
            "brake": 0.10228429892183875,
            "steer": 0.0
        },
        {
            "throttle": 0.10199232084175693,
            "brake": 0.11824806205806887,
            "steer": 0.0
        },
        {
            "throttle": 0.07139462458922985,
            "brake": 0.12942269625342995,
            "steer": 0.0
        },
        {
            "throttle": 0.04997623721246089,
            "brake": 0.13724494019018268,
            "steer": 0.0
        },
        {
            "throttle": 0.03498336604872262,
            "brake": 0.1427205109459096,
            "steer": 0.0
        },
        {
            "throttle": 0.02448835623410583,
            "brake": 0.14655341047491843,
            "steer": 0.0
        },
        {
            "throttle": 0.01714184936387408,
            "brake": 0.14923644014522464,
            "steer": 0.0
        },
        {
            "throttle": 0.011999294554711855,
            "brake": 0.15111456091443898,
            "steer": 0.0
        },
        {
            "throttle": 0.008399506188298298,
            "brake": 0.15242924545288902,
            "steer": 0.0
        },
        {
            "throttle": 0.0058796543318088085,
            "brake": 0.15334952462980406,
            "steer": 0.0
        },
        {
            "throttle": 0.004115758032266166,
            "brake": 0.15399372005364456,
            "steer": 0.0
        },
        {
            "throttle": 0.22167800560012885,
            "brake": 0.10779560403755119,
            "steer": 0.0
        },
        {
            "throttle": 0.37122181767542156,
            "brake": 0.07545692282628583,
            "steer": 0.0
        },
        {
            "throttle": 0.47173348569432916,
            "brake": 0.05281984597840007,
            "steer": 0.0
        },
        {
            "throttle": 0.5366242130327792,
            "brake": 0.03697389218488005,
            "steer": 0.0
        },
        {
            "throttle": 0.5754402645233997,
            "brake": 0.025881724529416034,
            "steer": 0.0
        },
        {
            "throttle": 0.59505548072818,
            "brake": 0.01811720717059122,
            "steer": 0.0
        },
        {
            "throttle": 0.6005004903968968,
            "brake": 0.012682045019413854,
            "steer": 0.0
        },
        {
            "throttle": 0.5955368152555333,
            "brake": 0.008877431513589697,
            "steer": 0.0
        },
        {
            "throttle": 0.583051786845032,
            "brake": 0.006214202059512787,
            "steer": 0.0
        },
        {
            "throttle": 0.5653276207838905,
            "brake": 0.004349941441658951,
            "steer": 0.0
        },
        {
            "throttle": 0.5442222036946494,
            "brake": 0.003044959009161266,
            "steer": 0.0
        },
        {
            "throttle": 0.5212881006645298,
            "brake": 0.0021314713064128857,
            "steer": 0.0
        },
        {
            "throttle": 0.49784855732373745,
            "brake": 0.0014920299144890199,
            "steer": 0.0
        },
        {
            "throttle": 0.4750438500130213,
            "brake": 0.0010444209401423137,
            "steer": 0.0
        },
        {
            "throttle": 0.45385752999089385,
            "brake": 0.0007310946580996196,
            "steer": 0.0
        },
        {
            "throttle": 0.43512942352100725,
            "brake": 0.0005117662606697337,
            "steer": 0.0
        },
        {
            "throttle": 0.4195603467519602,
            "brake": 0.00035823638246881357,
            "steer": 0.0
        },
        {
            "throttle": 0.40771213369147574,
            "brake": 0.00025076546772816947,
            "steer": 0.0
        },
        {
            "throttle": 0.4000055909073334,
            "brake": 0.0001755358274097186,
            "steer": 0.0
        },
        {
            "throttle": 0.3967182683289286,
            "brake": 0.00012287507918680302,
            "steer": 0.0
        },
        {
            "throttle": 0.39798339181891357,
            "brake": 8.601255543076211e-05,
            "steer": 0.0
        },
        {
            "throttle": 0.40379088519824946,
            "brake": 6.0208788801533474e-05,
            "steer": 0.0
        },
        {
            "throttle": 0.4139910798386134,
            "brake": 4.214615216107343e-05,
            "steer": 0.0
        },
        {
            "throttle": 0.42830144374384904,
            "brake": 2.9502306512751398e-05,
            "steer": 0.0
        },
        {
            "throttle": 0.4463164427277569,
            "brake": 2.065161455892598e-05,
            "steer": 0.0
        },
        {
            "throttle": 0.4675204632651039,
            "brake": 1.4456130191248184e-05,
            "steer": 0.0
        },
        {
            "throttle": 0.4913035732856744,
            "brake": 1.0119291133873729e-05,
            "steer": 0.0
        },
        {
            "throttle": 0.5169797697347924,
            "brake": 7.08350379371161e-06,
            "steer": 0.0
        },
        {
            "throttle": 0.5438072580174831,
            "brake": 4.958452655598126e-06,
            "steer": 0.0
        },
        {
            "throttle": 0.5710102274128979,
            "brake": 3.470916858918688e-06,
            "steer": 0.0
        },
        {
            "throttle": 0.5978015276901312,
            "brake": 2.4296418012430814e-06,
            "steer": 0.0
        },
        {
            "throttle": 0.623405615187516,
            "brake": 1.7007492608701568e-06,
            "steer": 0.0
        },
        {
            "throttle": 0.6470811212102894,
            "brake": 1.1905244826091096e-06,
            "steer": 0.0
        },
        {
            "throttle": 0.6681424012255487,
            "brake": 8.333671378263767e-07,
            "steer": 0.0
        },
        {
            "throttle": 0.6859794491417885,
            "brake": 5.833569964784637e-07,
            "steer": 0.0
        },
        {
            "throttle": 0.700075605726417,
            "brake": 4.0834989753492457e-07,
            "steer": 0.0
        },
        {
            "throttle": 0.7100225523062792,
            "brake": 2.858449282744472e-07,
            "steer": 0.0
        },
        {
            "throttle": 0.7155321582796014,
            "brake": 2.0009144979211303e-07,
            "steer": 0.0
        },
        {
            "throttle": 0.7164448412364799,
            "brake": 1.400640148544791e-07,
            "steer": 0.0
        },
        {
            "throttle": 0.7127341989085294,
            "brake": 9.804481039813537e-08,
            "steer": 0.0
        },
        {
            "throttle": 0.7045077797562811,
            "brake": 6.863136727869476e-08,
            "steer": 0.0
        },
        {
            "throttle": 0.49315544582939674,
            "brake": 0.04664910085473883,
            "steer": 0.0
        }
    ],
    "parameters": {
        "fog_density": 24.09362811519342,
        "precipitation": 17.167990453583805,
        "precipitation_deposits": 79.42081696445015,
        "wind_intensity": 33.410549626695044,
        "sun_altitude_angle": 34.03196982029614,
        "cloudiness": 60.76371405842301,
        "lead_base_throttle": 0.556889175069093,
        "lead_behavior_frequency": 0.2712453031983942,
        "lead_throttle_variation": 0.17685877992829982,
        "lead_brake_probability": 0.2783741463716541,
        "lead_brake_intensity": 0.15549684270927244,
        "lead_brake_duration": 13.015230459317877,
        "initial_distance": 56.04861903303244,
        "initial_ego_velocity": 17.762548499520342,
        "initial_lead_velocity": 19.189098763665875
    },
    "config": {
        "num_timesteps": 200,
        "dt": 0.1,
        "seed": 49
    }
}