{
    "weather": {
        "cloudiness": 95.28438947238996,
        "precipitation": 57.43257208848425,
        "precipitation_deposits": 94.35540268696451,
        "wind_intensity": 1.7362653203648992,
        "sun_altitude_angle": 31.93499287307786,
        "fog_density": 62.784100179134384,
        "fog_distance": 123.34088436506958,
        "wetness": 28.716286044242125
    },
    "initial_conditions": {
        "ego": {
            "position": {
                "x": 528.3174850871048,
                "y": 20.57,
                "z": 0.294
            },
            "yaw": 0.0,
            "velocity": 6.783935794985953
        },
        "lead": {
            "position": {
                "x": 484.88,
                "y": 20.57,
                "z": 0.294
            },
            "yaw": 0.0,
            "velocity": 24.74747393777292
        }
    },
    "ego": {
        "position": {
            "x": 528.3174850871048,
            "y": 20.57,
            "z": 0.294
        },
        "yaw": 0.0,
        "velocity": 6.783935794985953
    },
    "lead": {
        "position": {
            "x": 484.88,
            "y": 20.57,
            "z": 0.294
        },
        "yaw": 0.0,
        "velocity": 24.74747393777292
    },
    "ado_actions": [
        {
            "throttle": 0.22195758545276992,
            "brake": 0.0,
            "steer": 0.0
        },
        {
            "throttle": 0.22773048296387044,
            "brake": 0.0,
            "steer": 0.0
        },
        {
            "throttle": 0.2374818222271498,
            "brake": 0.0,
            "steer": 0.0
        },
        {
            "throttle": 0.24989357623343877,
            "brake": 0.0,
            "steer": 0.0
        },
        {
            "throttle": 0.26398256779751433,
            "brake": 0.0,
            "steer": 0.0
        },
        {
            "throttle": 0.27900202084880976,
            "brake": 0.0,
            "steer": 0.0
        },
        {
            "throttle": 0.2943732811231835,
            "brake": 0.0,
            "steer": 0.0
        },
        {
            "throttle": 0.3096386268029102,
            "brake": 0.0,
            "steer": 0.0
        },
        {
            "throttle": 0.3244288069163089,
            "brake": 0.0,
            "steer": 0.0
        },
        {
            "throttle": 0.33844084777506145,
            "brake": 0.0,
            "steer": 0.0
        },
        {
            "throttle": 0.3514229999026948,
            "brake": 0.0,
            "steer": 0.0
        },
        {
            "throttle": 0.3631646309415054,
            "brake": 0.0,
            "steer": 0.0
        },
        {
            "throttle": 0.3734895237165858,
            "brake": 0.0,
            "steer": 0.0
        },
        {
            "throttle": 0.38225149683784226,
            "brake": 0.0,
            "steer": 0.0
        },
        {
            "throttle": 0.38933158662456274,
            "brake": 0.0,
            "steer": 0.0
        },
        {
            "throttle": 0.394636254818434,
            "brake": 0.0,
            "steer": 0.0
        },
        {
            "throttle": 0.3980962452557156,
            "brake": 0.0,
            "steer": 0.0
        },
        {
            "throttle": 0.39966582451170385,
            "brake": 0.0,
            "steer": 0.0
        },
        {
            "throttle": 0.39932222058246386,
            "brake": 0.0,
            "steer": 0.0
        },
        {
            "throttle": 0.3970651297720565,
            "brake": 0.0,
            "steer": 0.0
        },
        {
            "throttle": 0.3929162019892228,
            "brake": 0.0,
            "steer": 0.0
        },
        {
            "throttle": 0.38691844343418796,
            "brake": 0.0,
            "steer": 0.0
        },
        {
            "throttle": 0.3791354965316942,
            "brake": 0.0,
            "steer": 0.0
        },
        {
            "throttle": 0.3696507722830875,
            "brake": 0.0,
            "steer": 0.0
        },
        {
            "throttle": 0.358566421600393,
            "brake": 0.0,
            "steer": 0.0
        },
        {
            "throttle": 0.3460021407840642,
            "brake": 0.0,
            "steer": 0.0
        },
        {
            "throttle": 0.3320938129013744,
            "brake": 0.0,
            "steer": 0.0
        },
        {
            "throttle": 0.31699199195949856,
            "brake": 0.0,
            "steer": 0.0
        },
        {
            "throttle": 0.3008602408222776,
            "brake": 0.0,
            "steer": 0.0
        },
        {
            "throttle": 0.28387333705070916,
            "brake": 0.0,
            "steer": 0.0
        },
        {
            "throttle": 0.26621536343090346,
            "brake": 0.0,
            "steer": 0.0
        },
        {
            "throttle": 0.24807770200965573,
            "brake": 0.0,
            "steer": 0.0
        },
        {
            "throttle": 0.22965695206828382,
            "brake": 0.0,
            "steer": 0.0
        },
        {
            "throttle": 0.211152793685064,
            "brake": 0.0,
            "steer": 0.0
        },
        {
            "throttle": 0.1927658194030434,
            "brake": 0.0,
            "steer": 0.0
        },
        {
            "throttle": 0.174695357059373,
            "brake": 0.0,
            "steer": 0.0
        },
        {
            "throttle": 0.1571373070636351,
            "brake": 0.0,
            "steer": 0.0
        },
        {
            "throttle": 0.1402820173508473,
            "brake": 0.0,
            "steer": 0.0
        },
        {
            "throttle": 0.12431221889277506,
            "brake": 0.0,
            "steer": 0.0
        },
        {
            "throttle": 0.10940104404112648,
            "brake": 0.0,
            "steer": 0.0
        },
        {
            "throttle": 0.09571014911072037,
            "brake": 0.0,
            "steer": 0.0
        },
        {
            "throttle": 0.08338796150338339,
            "brake": 0.0,
            "steer": 0.0
        },
        {
            "throttle": 0.07256807033907345,
            "brake": 0.0,
            "steer": 0.0
        },
        {
            "throttle": 0.0633677780160615,
            "brake": 0.0,
            "steer": 0.0
        },
        {
            "throttle": 0.0558868283851139,
            "brake": 0.0,
            "steer": 0.0
        },
        {
            "throttle": 0.05020632531333557,
            "brake": 0.0,
            "steer": 0.0
        },
        {
            "throttle": 0.04638785335306457,
            "brake": 0.0,
            "steer": 0.0
        },
        {
            "throttle": 0.04447281004277932,
            "brake": 0.0,
            "steer": 0.0
        },
        {
            "throttle": 0.044481957074459524,
            "brake": 0.0,
            "steer": 0.0
        },
        {
            "throttle": 0.04641519519032825,
            "brake": 0.0,
            "steer": 0.0
        },
        {
            "throttle": 0.05025156524727366,
            "brake": 0.0,
            "steer": 0.0
        },
        {
            "throttle": 0.05594947543590918,
            "brake": 0.0,
            "steer": 0.0
        },
        {
            "throttle": 0.06344715218984048,
            "brake": 0.0,
            "steer": 0.0
        },
        {
            "throttle": 0.07266330989589896,
            "brake": 0.0,
            "steer": 0.0
        },
        {
            "throttle": 0.08349803214420563,
            "brake": 0.0,
            "steer": 0.0
        },
        {
            "throttle": 0.09583385496368763,
            "brake": 0.0,
            "steer": 0.0
        },
        {
            "throttle": 0.1095370402989655,
            "brake": 0.0,
            "steer": 0.0
        },
        {
            "throttle": 0.12445902592211489,
            "brake": 0.0,
            "steer": 0.0
        },
        {
            "throttle": 0.14043803606005165,
            "brake": 0.0,
            "steer": 0.0
        },
        {
            "throttle": 0.15730083527593847,
            "brake": 0.0,
            "steer": 0.0
        },
        {
            "throttle": 0.17486460658995723,
            "brake": 0.0,
            "steer": 0.0
        },
        {
            "throttle": 0.19293893347787638,
            "brake": 0.0,
            "steer": 0.0
        },
        {
            "throttle": 0.21132786425967093,
            "brake": 0.0,
            "steer": 0.0
        },
        {
            "throttle": 0.22983203649723438,
            "brake": 0.0,
            "steer": 0.0
        },
        {
            "throttle": 0.24825083836964423,
            "brake": 0.0,
            "steer": 0.0
        },
        {
            "throttle": 0.26638458359355627,
            "brake": 0.0,
            "steer": 0.0
        },
        {
            "throttle": 0.2840366763094583,
            "brake": 0.0,
            "steer": 0.0
        },
        {
            "throttle": 0.3010157424632995,
            "brake": 0.0,
            "steer": 0.0
        },
        {
            "throttle": 0.31713770457625234,
            "brake": 0.0,
            "steer": 0.0
        },
        {
            "throttle": 0.3322277774091183,
            "brake": 0.0,
            "steer": 0.0
        },
        {
            "throttle": 0.3461223628855055,
            "brake": 0.0,
            "steer": 0.0
        },
        {
            "throttle": 0.35867082373008696,
            "brake": 0.0,
            "steer": 0.0
        },
        {
            "throttle": 0.36973711659315006,
            "brake": 0.0,
            "steer": 0.0
        },
        {
            "throttle": 0.37920126695602024,
            "brake": 0.0,
            "steer": 0.0
        },
        {
            "throttle": 0.3869606698272637,
            "brake": 0.0,
            "steer": 0.0
        },
        {
            "throttle": 0.3929312021282526,
            "brake": 0.0,
            "steer": 0.0
        },
        {
            "throttle": 0.39704813470823447,
            "brake": 0.0,
            "steer": 0.0
        },
        {
            "throttle": 0.3992668341013517,
            "brake": 0.0,
            "steer": 0.0
        },
        {
            "throttle": 0.39956324641755636,
            "brake": 0.0,
            "steer": 0.0
        },
        {
            "throttle": 0.39793415812134725,
            "brake": 0.0,
            "steer": 0.0
        },
        {
            "throttle": 0.39439723087111245,
            "brake": 0.0,
            "steer": 0.0
        },
        {
            "throttle": 0.3889908100413702,
            "brake": 0.0,
            "steer": 0.0
        },
        {
            "throttle": 0.3817735090038,
            "brake": 0.0,
            "steer": 0.0
        },
        {
            "throttle": 0.3728235736740574,
            "brake": 0.0,
            "steer": 0.0
        },
        {
            "throttle": 0.3622380342135957,
            "brake": 0.0,
            "steer": 0.0
        },
        {
            "throttle": 0.3501316530832686,
            "brake": 0.0,
            "steer": 0.0
        },
        {
            "throttle": 0.3366356808533223,
            "brake": 0.0,
            "steer": 0.0
        },
        {
            "throttle": 0.32189643325858625,
            "brake": 0.0,
            "steer": 0.0
        },
        {
            "throttle": 0.3060737049256286,
            "brake": 0.0,
            "steer": 0.0
        },
        {
            "throttle": 0.28933903696935354,
            "brake": 0.0,
            "steer": 0.0
        },
        {
            "throttle": 0.27187385724078467,
            "brake": 0.0,
            "steer": 0.0
        },
        {
            "throttle": 0.25386751338841834,
            "brake": 0.0,
            "steer": 0.0
        },
        {
            "throttle": 0.235515220057592,
            "brake": 0.0,
            "steer": 0.0
        },
        {
            "throttle": 0.21701594248317385,
            "brake": 0.0,
            "steer": 0.0
        },
        {
            "throttle": 0.1985702394204725,
            "brake": 0.0,
            "steer": 0.0
        },
        {
            "throttle": 0.18037808880009423,
            "brake": 0.0,
            "steer": 0.0
        },
        {
            "throttle": 0.16263671967977555,
            "brake": 0.0,
            "steer": 0.0
        },
        {
            "throttle": 0.14553847399794775,
            "brake": 0.0,
            "steer": 0.0
        },
        {
            "throttle": 0.12926872131069808,
            "brake": 0.0,
            "steer": 0.0
        },
        {
            "throttle": 0.11400384911937664,
            "brake": 0.0,
            "steer": 0.0
        },
        {
            "throttle": 0.09990935057658454,
            "brake": 0.0,
            "steer": 0.0
        },
        {
            "throttle": 0.08713803030256005,
            "brake": 0.0,
            "steer": 0.0
        },
        {
            "throttle": 0.07582834776349044,
            "brake": 0.0,
            "steer": 0.0
        },
        {
            "throttle": 0.06610291617191044,
            "brake": 0.0,
            "steer": 0.0
        },
        {
            "throttle": 0.05806717318326351,
            "brake": 0.0,
            "steer": 0.0
        },
        {
            "throttle": 0.05180823780018635,
            "brake": 0.0,
            "steer": 0.0
        },
        {
            "throttle": 0.04739396587731635,
            "brake": 0.0,
            "steer": 0.0
        },
        {
            "throttle": 0.04487221446630769,
            "brake": 0.0,
            "steer": 0.0
        },
        {
            "throttle": 0.04427032297661324,
            "brake": 0.0,
            "steer": 0.0
        },
        {
            "throttle": 0.045594816776995055,
            "brake": 0.0,
            "steer": 0.0
        },
        {
            "throttle": 0.04883133645114886,
            "brake": 0.0,
            "steer": 0.0
        },
        {
            "throttle": 0.053944793474413735,
            "brake": 0.0,
            "steer": 0.0
        },
        {
            "throttle": 0.06087975062380706,
            "brake": 0.0,
            "steer": 0.0
        },
        {
            "throttle": 0.06956102299719392,
            "brake": 0.0,
            "steer": 0.0
        },
        {
            "throttle": 0.07989449312567877,
            "brake": 0.0,
            "steer": 0.0
        },
        {
            "throttle": 0.09176813134222994,
            "brake": 0.0,
            "steer": 0.0
        },
        {
            "throttle": 0.105053210344275,
            "brake": 0.0,
            "steer": 0.0
        },
        {
            "throttle": 0.11960570078266186,
            "brake": 0.0,
            "steer": 0.0
        },
        {
            "throttle": 0.13526783274679705,
            "brake": 0.0,
            "steer": 0.0
        },
        {
            "throttle": 0.15186980621721652,
            "brake": 0.0,
            "steer": 0.0
        },
        {
            "throttle": 0.16923163194182672,
            "brake": 0.0,
            "steer": 0.0
        },
        {
            "throttle": 0.18716508277807004,
            "brake": 0.0,
            "steer": 0.0
        },
        {
            "throttle": 0.2054757343456628,
            "brake": 0.0,
            "steer": 0.0
        },
        {
            "throttle": 0.22396507286629602,
            "brake": 0.0,
            "steer": 0.0
        },
        {
            "throttle": 0.24243264733828812,
            "brake": 0.0,
            "steer": 0.0
        },
        {
            "throttle": 0.26067824271352336,
            "brake": 0.0,
            "steer": 0.0
        },
        {
            "throttle": 0.2785040505163139,
            "brake": 0.0,
            "steer": 0.0
        },
        {
            "throttle": 0.29571681337155886,
            "brake": 0.0,
            "steer": 0.0
        },
        {
            "throttle": 0.3121299201924316,
            "brake": 0.0,
            "steer": 0.0
        },
        {
            "throttle": 0.327565429312751,
            "brake": 0.0,
            "steer": 0.0
        },
        {
            "throttle": 0.34185599763037305,
            "brake": 0.0,
            "steer": 0.0
        },
        {
            "throttle": 0.35484669484691705,
            "brake": 0.0,
            "steer": 0.0
        },
        {
            "throttle": 0.3663966831348593,
            "brake": 0.0,
            "steer": 0.0
        },
        {
            "throttle": 0.3763807440219896,
            "brake": 0.0,
            "steer": 0.0
        },
        {
            "throttle": 0.3846906359396094,
            "brake": 0.0,
            "steer": 0.0
        },
        {
            "throttle": 0.39123626771669634,
            "brake": 0.0,
            "steer": 0.0
        },
        {
            "throttle": 0.3959466752976737,
            "brake": 0.0,
            "steer": 0.0
        },
        {
            "throttle": 0.39877079109475944,
            "brake": 0.0,
            "steer": 0.0
        },
        {
            "throttle": 0.39967799763400985,
            "brake": 0.0,
            "steer": 0.0
        },
        {
            "throttle": 0.3986584594927395,
            "brake": 0.0,
            "steer": 0.0
        },
        {
            "throttle": 0.39572322992963815,
            "brake": 0.0,
            "steer": 0.0
        },
        {
            "throttle": 0.3909041310515612,
            "brake": 0.0,
            "steer": 0.0
        },
        {
            "throttle": 0.3842534088161578,
            "brake": 0.0,
            "steer": 0.0
        },
        {
            "throttle": 0.3758431666106047,
            "brake": 0.0,
            "steer": 0.0
        },
        {
            "throttle": 0.3657645835472647,
            "brake": 0.0,
            "steer": 0.0
        },
        {
            "throttle": 0.3541269259510699,
            "brake": 0.0,
            "steer": 0.0
        },
        {
            "throttle": 0.3410563627555266,
            "brake": 0.0,
            "steer": 0.0
        },
        {
            "throttle": 0.32669459765015085,
            "brake": 0.0,
            "steer": 0.0
        },
        {
            "throttle": 0.31119733280882395,
            "brake": 0.0,
            "steer": 0.0
        },
        {
            "throttle": 0.2947325808544582,
            "brake": 0.0,
            "steer": 0.0
        },
        {
            "throttle": 0.2774788433607043,
            "brake": 0.0,
            "steer": 0.0
        },
        {
            "throttle": 0.259623175638357,
            "brake": 0.0,
            "steer": 0.0
        },
        {
            "throttle": 0.24135915878695902,
            "brake": 0.0,
            "steer": 0.0
        },
        {
            "throttle": 0.22288480099747424,
            "brake": 0.0,
            "steer": 0.0
        },
        {
            "throttle": 0.2044003908589288,
            "brake": 0.0,
            "steer": 0.0
        },
        {
            "throttle": 0.1861063259422593,
            "brake": 0.0,
            "steer": 0.0
        },
        {
            "throttle": 0.16820094020264129,
            "brake": 0.0,
            "steer": 0.0
        },
        {
            "throttle": 0.1508783537543771,
            "brake": 0.0,
            "steer": 0.0
        },
        {
            "throttle": 0.1343263683298756,
            "brake": 0.0,
            "steer": 0.0
        },
        {
            "throttle": 0.11872443123897172,
            "brake": 0.0,
            "steer": 0.0
        },
        {
            "throttle": 0.10424168990219415,
            "brake": 0.0,
            "steer": 0.0
        },
        {
            "throttle": 0.09103515804963447,
            "brake": 0.0,
            "steer": 0.0
        },
        {
            "throttle": 0.0792480134664594,
            "brake": 0.0,
            "steer": 0.0
        },
        {
            "throttle": 0.06900804573995065,
            "brake": 0.0,
            "steer": 0.0
        },
        {
            "throttle": 0.06042627083672456,
            "brake": 0.0,
            "steer": 0.0
        },
        {
            "throttle": 0.053595727530106545,
            "brake": 0.0,
            "steer": 0.0
        },
        {
            "throttle": 0.04859046872611656,
            "brake": 0.0,
            "steer": 0.0
        },
        {
            "throttle": 0.04546475862354224,
            "brake": 0.0,
            "steer": 0.0
        },
        {
            "throttle": 0.04425248441203766,
            "brake": 0.0,
            "steer": 0.0
        },
        {
            "throttle": 0.044966788886286246,
            "brake": 0.0,
            "steer": 0.0
        },
        {
            "throttle": 0.047599927959218,
            "brake": 0.0,
            "steer": 0.0
        },
        {
            "throttle": 0.05212335461904313,
            "brake": 0.0,
            "steer": 0.0
        },
        {
            "throttle": 0.05848802841988616,
            "brake": 0.0,
            "steer": 0.0
        },
        {
            "throttle": 0.0666249471506982,
            "brake": 0.0,
            "steer": 0.0
        },
        {
            "throttle": 0.07644589491839186,
            "brake": 0.0,
            "steer": 0.0
        },
        {
            "throttle": 0.0878443985349025,
            "brake": 0.0,
            "steer": 0.0
        },
        {
            "throttle": 0.10069688183956613,
            "brake": 0.0,
            "steer": 0.0
        },
        {
            "throttle": 0.11486400544229913,
            "brake": 0.0,
            "steer": 0.0
        },
        {
            "throttle": 0.13019217736283978,
            "brake": 0.0,
            "steer": 0.0
        },
        {
            "throttle": 0.14651521818855034,
            "brake": 0.0,
            "steer": 0.0
        },
        {
            "throttle": 0.16365616269807617,
            "brake": 0.0,
            "steer": 0.0
        },
        {
            "throttle": 0.18142917841867287,
            "brake": 0.0,
            "steer": 0.0
        },
        {
            "throttle": 0.19964158031728102,
            "brake": 0.0,
            "steer": 0.0
        },
        {
            "throttle": 0.21809591978320383,
            "brake": 0.0,
            "steer": 0.0
        },
        {
            "throttle": 0.23659212525481205,
            "brake": 0.0,
            "steer": 0.0
        },
        {
            "throttle": 0.25492967128280647,
            "brake": 0.0,
            "steer": 0.0
        },
        {
            "throttle": 0.272909752514276,
            "brake": 0.0,
            "steer": 0.0
        },
        {
            "throttle": 0.29033743902843734,
            "brake": 0.0,
            "steer": 0.0
        },
        {
            "throttle": 0.30702378965712174,
            "brake": 0.0,
            "steer": 0.0
        },
        {
            "throttle": 0.3227879003785765,
            "brake": 0.0,
            "steer": 0.0
        },
        {
            "throttle": 0.3374588655770487,
            "brake": 0.0,
            "steer": 0.0
        },
        {
            "throttle": 0.35087763090527835,
            "brake": 0.0,
            "steer": 0.0
        },
        {
            "throttle": 0.36289871766220916,
            "brake": 0.0,
            "steer": 0.0
        },
        {
            "throttle": 0.373391799991184,
            "brake": 0.0,
            "steer": 0.0
        },
        {
            "throttle": 0.3822431177995297,
            "brake": 0.0,
            "steer": 0.0
        },
        {
            "throttle": 0.3893567100814534,
            "brake": 0.0,
            "steer": 0.0
        },
        {
            "throttle": 0.3946554552732566,
            "brake": 0.0,
            "steer": 0.0
        },
        {
            "throttle": 0.39808190736192106,
            "brake": 0.0,
            "steer": 0.0
        },
        {
            "throttle": 0.39959891868244957,
            "brake": 0.0,
            "steer": 0.0
        },
        {
            "throttle": 0.3991900426519412,
            "brake": 0.0,
            "steer": 0.0
        }
    ],
    "parameters": {
        "fog_density": 62.784100179134384,
        "precipitation": 57.43257208848425,
        "precipitation_deposits": 94.35540268696451,
        "wind_intensity": 1.7362653203648992,
        "sun_altitude_angle": 31.93499287307786,
        "cloudiness": 95.28438947238996,
        "lead_base_throttle": 0.22195758545276992,
        "lead_behavior_frequency": 0.165790613125667,
        "lead_throttle_variation": 0.18506253645443238,
        "lead_brake_probability": 0.03451385760052904,
        "lead_brake_intensity": 0.7319202025059452,
        "lead_brake_duration": 10.390794964723222,
        "initial_distance": 43.4374850871049,
        "initial_ego_velocity": 6.783935794985953,
        "initial_lead_velocity": 24.74747393777292
    },
    "config": {
        "num_timesteps": 200,
        "dt": 0.1,
        "seed": 205
    }
}