{
    "weather": {
        "cloudiness": 94.57398802137544,
        "precipitation": 52.29990412877213,
        "precipitation_deposits": 35.687267176824854,
        "wind_intensity": 9.883023038090666,
        "sun_altitude_angle": 35.7279478191989,
        "fog_density": 64.34916758140125,
        "fog_distance": 117.07128540957135,
        "wetness": 26.149952064386063
    },
    "initial_conditions": {
        "ego": {
            "position": {
                "x": 538.6739883529999,
                "y": 20.57,
                "z": 0.294
            },
            "yaw": 0.0,
            "velocity": 12.612456964322757
        },
        "lead": {
            "position": {
                "x": 484.88,
                "y": 20.57,
                "z": 0.294
            },
            "yaw": 0.0,
            "velocity": 17.91048621975203
        }
    },
    "ego": {
        "position": {
            "x": 538.6739883529999,
            "y": 20.57,
            "z": 0.294
        },
        "yaw": 0.0,
        "velocity": 12.612456964322757
    },
    "lead": {
        "position": {
            "x": 484.88,
            "y": 20.57,
            "z": 0.294
        },
        "yaw": 0.0,
        "velocity": 17.91048621975203
    },
    "ado_actions": [
        {
            "throttle": 0.5617983103047741,
            "brake": 0.0,
            "steer": 0.0
        },
        {
            "throttle": 0.5625968441297984,
            "brake": 0.0,
            "steer": 0.0
        },
        {
            "throttle": 0.5639521759759949,
            "brake": 0.0,
            "steer": 0.0
        },
        {
            "throttle": 0.5656929210520366,
            "brake": 0.0,
            "steer": 0.0
        },
        {
            "throttle": 0.5676969521146429,
            "brake": 0.0,
            "steer": 0.0
        },
        {
            "throttle": 0.5698766399227513,
            "brake": 0.0,
            "steer": 0.0
        },
        {
            "throttle": 0.5721685273864696,
            "brake": 0.0,
            "steer": 0.0
        },
        {
            "throttle": 0.5745261072382114,
            "brake": 0.0,
            "steer": 0.0
        },
        {
            "throttle": 0.5769147720894862,
            "brake": 0.0,
            "steer": 0.0
        },
        {
            "throttle": 0.5793082850622775,
            "brake": 0.0,
            "steer": 0.0
        },
        {
            "throttle": 0.5816863147120294,
            "brake": 0.0,
            "steer": 0.0
        },
        {
            "throttle": 0.5840327148292207,
            "brake": 0.0,
            "steer": 0.0
        },
        {
            "throttle": 0.5863343255158233,
            "brake": 0.0,
            "steer": 0.0
        },
        {
            "throttle": 0.5885801389998392,
            "brake": 0.0,
            "steer": 0.0
        },
        {
            "throttle": 0.5907607205983669,
            "brake": 0.0,
            "steer": 0.0
        },
        {
            "throttle": 0.5928678081031791,
            "brake": 0.0,
            "steer": 0.0
        },
        {
            "throttle": 0.5948940358677636,
            "brake": 0.0,
            "steer": 0.0
        },
        {
            "throttle": 0.596832745978787,
            "brake": 0.0,
            "steer": 0.0
        },
        {
            "throttle": 0.5986778601683062,
            "brake": 0.0,
            "steer": 0.0
        },
        {
            "throttle": 0.6004237940150091,
            "brake": 0.0,
            "steer": 0.0
        },
        {
            "throttle": 0.6020654005077556,
            "brake": 0.0,
            "steer": 0.0
        },
        {
            "throttle": 0.6035979339128364,
            "brake": 0.0,
            "steer": 0.0
        },
        {
            "throttle": 0.6050170275947582,
            "brake": 0.0,
            "steer": 0.0
        },
        {
            "throttle": 0.6063186813369307,
            "brake": 0.0,
            "steer": 0.0
        },
        {
            "throttle": 0.60749925503697,
            "brake": 0.0,
            "steer": 0.0
        },
        {
            "throttle": 0.6085554665819097,
            "brake": 0.0,
            "steer": 0.0
        },
        {
            "throttle": 0.609484392360792,
            "brake": 0.0,
            "steer": 0.0
        },
        {
            "throttle": 0.6102834693294161,
            "brake": 0.0,
            "steer": 0.0
        },
        {
            "throttle": 0.6109504978629461,
            "brake": 0.0,
            "steer": 0.0
        },
        {
            "throttle": 0.6114836448575294,
            "brake": 0.0,
            "steer": 0.0
        },
        {
            "throttle": 0.6118814467007253,
            "brake": 0.0,
            "steer": 0.0
        },
        {
            "throttle": 0.6121428118424254,
            "brake": 0.0,
            "steer": 0.0
        },
        {
            "throttle": 0.6122670227771008,
            "brake": 0.0,
            "steer": 0.0
        },
        {
            "throttle": 0.6122537373044672,
            "brake": 0.0,
            "steer": 0.0
        },
        {
            "throttle": 0.6121029889758737,
            "brake": 0.0,
            "steer": 0.0
        },
        {
            "throttle": 0.6118151866627197,
            "brake": 0.0,
            "steer": 0.0
        },
        {
            "throttle": 0.61139111320434,
            "brake": 0.0,
            "steer": 0.0
        },
        {
            "throttle": 0.6108319231084249,
            "brake": 0.0,
            "steer": 0.0
        },
        {
            "throttle": 0.6101391392888125,
            "brake": 0.0,
            "steer": 0.0
        },
        {
            "throttle": 0.6093146488345378,
            "brake": 0.0,
            "steer": 0.0
        },
        {
            "throttle": 0.6083606978111658,
            "brake": 0.0,
            "steer": 0.0
        },
        {
            "throttle": 0.6072798851012219,
            "brake": 0.0,
            "steer": 0.0
        },
        {
            "throttle": 0.6060751552953564,
            "brake": 0.0,
            "steer": 0.0
        },
        {
            "throttle": 0.6047497906500089,
            "brake": 0.0,
            "steer": 0.0
        },
        {
            "throttle": 0.6033074021309643,
            "brake": 0.0,
            "steer": 0.0
        },
        {
            "throttle": 0.6017519195654377,
            "brake": 0.0,
            "steer": 0.0
        },
        {
            "throttle": 0.6000875809282824,
            "brake": 0.0,
            "steer": 0.0
        },
        {
            "throttle": 0.5983189207906491,
            "brake": 0.0,
            "steer": 0.0
        },
        {
            "throttle": 0.5964507579619616,
            "brake": 0.0,
            "steer": 0.0
        },
        {
            "throttle": 0.5944881823584561,
            "brake": 0.0,
            "steer": 0.0
        },
        {
            "throttle": 0.5924365411337649,
            "brake": 0.0,
            "steer": 0.0
        },
        {
            "throttle": 0.590301424109124,
            "brake": 0.0,
            "steer": 0.0
        },
        {
            "throttle": 0.5880886485427583,
            "brake": 0.0,
            "steer": 0.0
        },
        {
            "throttle": 0.5858042432798356,
            "brake": 0.0,
            "steer": 0.0
        },
        {
            "throttle": 0.5834544323261063,
            "brake": 0.0,
            "steer": 0.0
        },
        {
            "throttle": 0.5810456178899308,
            "brake": 0.0,
            "steer": 0.0
        },
        {
            "throttle": 0.5785843629388646,
            "brake": 0.0,
            "steer": 0.0
        },
        {
            "throttle": 0.5760773733183017,
            "brake": 0.0,
            "steer": 0.0
        },
        {
            "throttle": 0.5735314794808775,
            "brake": 0.0,
            "steer": 0.0
        },
        {
            "throttle": 0.5709536178764003,
            "brake": 0.0,
            "steer": 0.0
        },
        {
            "throttle": 0.5683508120530053,
            "brake": 0.0,
            "steer": 0.0
        },
        {
            "throttle": 0.5657301535210179,
            "brake": 0.0,
            "steer": 0.0
        },
        {
            "throttle": 0.5630987824316588,
            "brake": 0.0,
            "steer": 0.0
        },
        {
            "throttle": 0.5604638681232316,
            "brake": 0.0,
            "steer": 0.0
        },
        {
            "throttle": 0.5578325895877914,
            "brake": 0.0,
            "steer": 0.0
        },
        {
            "throttle": 0.5552121159115159,
            "brake": 0.0,
            "steer": 0.0
        },
        {
            "throttle": 0.5526095867420674,
            "brake": 0.0,
            "steer": 0.0
        },
        {
            "throttle": 0.5500320928361633,
            "brake": 0.0,
            "steer": 0.0
        },
        {
            "throttle": 0.5474866567403546,
            "brake": 0.0,
            "steer": 0.0
        },
        {
            "throttle": 0.544980213657648,
            "brake": 0.0,
            "steer": 0.0
        },
        {
            "throttle": 0.5425195925521018,
            "brake": 0.0,
            "steer": 0.0
        },
        {
            "throttle": 0.5401114975428765,
            "brake": 0.0,
            "steer": 0.0
        },
        {
            "throttle": 0.537762489638434,
            "brake": 0.0,
            "steer": 0.0
        },
        {
            "throttle": 0.5354789688606512,
            "brake": 0.0,
            "steer": 0.0
        },
        {
            "throttle": 0.5332671568075514,
            "brake": 0.0,
            "steer": 0.0
        },
        {
            "throttle": 0.5311330797021643,
            "brake": 0.0,
            "steer": 0.0
        },
        {
            "throttle": 0.5290825519736955,
            "brake": 0.0,
            "steer": 0.0
        },
        {
            "throttle": 0.5271211604157441,
            "brake": 0.0,
            "steer": 0.0
        },
        {
            "throttle": 0.5252542489647269,
            "brake": 0.0,
            "steer": 0.0
        },
        {
            "throttle": 0.5234869041399826,
            "brake": 0.0,
            "steer": 0.0
        },
        {
            "throttle": 0.5218239411852249,
            "brake": 0.0,
            "steer": 0.0
        },
        {
            "throttle": 0.5202698909491048,
            "brake": 0.0,
            "steer": 0.0
        },
        {
            "throttle": 0.5188289875406233,
            "brake": 0.0,
            "steer": 0.0
        },
        {
            "throttle": 0.5175051567930326,
            "brake": 0.0,
            "steer": 0.0
        },
        {
            "throttle": 0.5163020055676515,
            "brake": 0.0,
            "steer": 0.0
        },
        {
            "throttle": 0.5152228119267429,
            "brake": 0.0,
            "steer": 0.0
        },
        {
            "throttle": 0.5142705162022233,
            "brake": 0.0,
            "steer": 0.0
        },
        {
            "throttle": 0.5134477129845413,
            "brake": 0.0,
            "steer": 0.0
        },
        {
            "throttle": 0.51275664405355,
            "brake": 0.0,
            "steer": 0.0
        },
        {
            "throttle": 0.5121991922706355,
            "brake": 0.0,
            "steer": 0.0
        },
        {
            "throttle": 0.51177687644874,
            "brake": 0.0,
            "steer": 0.0
        },
        {
            "throttle": 0.5114908472142601,
            "brake": 0.0,
            "steer": 0.0
        },
        {
            "throttle": 0.5113418838720909,
            "brake": 0.0,
            "steer": 0.0
        },
        {
            "throttle": 0.5113303922823605,
            "brake": 0.0,
            "steer": 0.0
        },
        {
            "throttle": 0.5114564037546383,
            "brake": 0.0,
            "steer": 0.0
        },
        {
            "throttle": 0.5117195749626295,
            "brake": 0.0,
            "steer": 0.0
        },
        {
            "throttle": 0.5121191888795905,
            "brake": 0.0,
            "steer": 0.0
        },
        {
            "throttle": 0.512654156731913,
            "brake": 0.0,
            "steer": 0.0
        },
        {
            "throttle": 0.5133230209655576,
            "brake": 0.0,
            "steer": 0.0
        },
        {
            "throttle": 0.5141239592172528,
            "brake": 0.0,
            "steer": 0.0
        },
        {
            "throttle": 0.51505478927964,
            "brake": 0.0,
            "steer": 0.0
        },
        {
            "throttle": 0.5161129750468363,
            "brake": 0.0,
            "steer": 0.0
        },
        {
            "throttle": 0.5172956334242172,
            "brake": 0.0,
            "steer": 0.0
        },
        {
            "throttle": 0.5185995421835916,
            "brake": 0.0,
            "steer": 0.0
        },
        {
            "throttle": 0.520021148742368,
            "brake": 0.0,
            "steer": 0.0
        },
        {
            "throttle": 0.5215565798427926,
            "brake": 0.0,
            "steer": 0.0
        },
        {
            "throttle": 0.5232016521048868,
            "brake": 0.0,
            "steer": 0.0
        },
        {
            "throttle": 0.5249518834243332,
            "brake": 0.0,
            "steer": 0.0
        },
        {
            "throttle": 0.5268025051842545,
            "brake": 0.0,
            "steer": 0.0
        },
        {
            "throttle": 0.5287484752476144,
            "brake": 0.0,
            "steer": 0.0
        },
        {
            "throttle": 0.5307844916948412,
            "brake": 0.0,
            "steer": 0.0
        },
        {
            "throttle": 0.5329050072692469,
            "brake": 0.0,
            "steer": 0.0
        },
        {
            "throttle": 0.5351042444908811,
            "brake": 0.0,
            "steer": 0.0
        },
        {
            "throttle": 0.5373762113976437,
            "brake": 0.0,
            "steer": 0.0
        },
        {
            "throttle": 0.5397147178707681,
            "brake": 0.0,
            "steer": 0.0
        },
        {
            "throttle": 0.5421133925001945,
            "brake": 0.0,
            "steer": 0.0
        },
        {
            "throttle": 0.5445656999438835,
            "brake": 0.0,
            "steer": 0.0
        },
        {
            "throttle": 0.5470649587337715,
            "brake": 0.0,
            "steer": 0.0
        },
        {
            "throttle": 0.5496043594798573,
            "brake": 0.0,
            "steer": 0.0
        },
        {
            "throttle": 0.5521769834228195,
            "brake": 0.0,
            "steer": 0.0
        },
        {
            "throttle": 0.5547758212846176,
            "brake": 0.0,
            "steer": 0.0
        },
        {
            "throttle": 0.5573937923657166,
            "brake": 0.0,
            "steer": 0.0
        },
        {
            "throttle": 0.5600237638369054,
            "brake": 0.0,
            "steer": 0.0
        },
        {
            "throttle": 0.5626585701731447,
            "brake": 0.0,
            "steer": 0.0
        },
        {
            "throttle": 0.5652910326764964,
            "brake": 0.0,
            "steer": 0.0
        },
        {
            "throttle": 0.567913979034945,
            "brake": 0.0,
            "steer": 0.0
        },
        {
            "throttle": 0.5705202628638189,
            "brake": 0.0,
            "steer": 0.0
        },
        {
            "throttle": 0.5731027831765709,
            "brake": 0.0,
            "steer": 0.0
        },
        {
            "throttle": 0.5756545037318699,
            "brake": 0.0,
            "steer": 0.0
        },
        {
            "throttle": 0.578168472204288,
            "brake": 0.0,
            "steer": 0.0
        },
        {
            "throttle": 0.5806378391263558,
            "brake": 0.0,
            "steer": 0.0
        },
        {
            "throttle": 0.5830558765503728,
            "brake": 0.0,
            "steer": 0.0
        },
        {
            "throttle": 0.5854159963791304,
            "brake": 0.0,
            "steer": 0.0
        },
        {
            "throttle": 0.5877117683156028,
            "brake": 0.0,
            "steer": 0.0
        },
        {
            "throttle": 0.5899369373827013,
            "brake": 0.0,
            "steer": 0.0
        },
        {
            "throttle": 0.5920854409653586,
            "brake": 0.0,
            "steer": 0.0
        },
        {
            "throttle": 0.5941514253285107,
            "brake": 0.0,
            "steer": 0.0
        },
        {
            "throttle": 0.5961292615659706,
            "brake": 0.0,
            "steer": 0.0
        },
        {
            "throttle": 0.5980135609367427,
            "brake": 0.0,
            "steer": 0.0
        },
        {
            "throttle": 0.5997991895469919,
            "brake": 0.0,
            "steer": 0.0
        },
        {
            "throttle": 0.6014812823376638,
            "brake": 0.0,
            "steer": 0.0
        },
        {
            "throttle": 0.6030552563396495,
            "brake": 0.0,
            "steer": 0.0
        },
        {
            "throttle": 0.6045168231603765,
            "brake": 0.0,
            "steer": 0.0
        },
        {
            "throttle": 0.605862000667808,
            "brake": 0.0,
            "steer": 0.0
        },
        {
            "throttle": 0.6070871238400161,
            "brake": 0.0,
            "steer": 0.0
        },
        {
            "throttle": 0.6081888547507672,
            "brake": 0.0,
            "steer": 0.0
        },
        {
            "throttle": 0.6091641916639154,
            "brake": 0.0,
            "steer": 0.0
        },
        {
            "throttle": 0.610010477211824,
            "brake": 0.0,
            "steer": 0.0
        },
        {
            "throttle": 0.610725405635533,
            "brake": 0.0,
            "steer": 0.0
        },
        {
            "throttle": 0.6113070290669467,
            "brake": 0.0,
            "steer": 0.0
        },
        {
            "throttle": 0.6117537628359242,
            "brake": 0.0,
            "steer": 0.0
        },
        {
            "throttle": 0.6120643897878149,
            "brake": 0.0,
            "steer": 0.0
        },
        {
            "throttle": 0.6122380635996734,
            "brake": 0.0,
            "steer": 0.0
        },
        {
            "throttle": 0.6122743110861204,
            "brake": 0.0,
            "steer": 0.0
        },
        {
            "throttle": 0.6121730334885671,
            "brake": 0.0,
            "steer": 0.0
        },
        {
            "throttle": 0.6119345067442885,
            "brake": 0.0,
            "steer": 0.0
        },
        {
            "throttle": 0.6115593807346149,
            "brake": 0.0,
            "steer": 0.0
        },
        {
            "throttle": 0.6110486775142892,
            "brake": 0.0,
            "steer": 0.0
        },
        {
            "throttle": 0.6104037885268128,
            "brake": 0.0,
            "steer": 0.0
        },
        {
            "throttle": 0.6096264708133696,
            "brake": 0.0,
            "steer": 0.0
        },
        {
            "throttle": 0.6087188422256554,
            "brake": 0.0,
            "steer": 0.0
        },
        {
            "throttle": 0.607683375655655,
            "brake": 0.0,
            "steer": 0.0
        },
        {
            "throttle": 0.606522892298091,
            "brake": 0.0,
            "steer": 0.0
        },
        {
            "throttle": 0.6052405539638984,
            "brake": 0.0,
            "steer": 0.0
        },
        {
            "throttle": 0.6038398544656692,
            "brake": 0.0,
            "steer": 0.0
        },
        {
            "throttle": 0.6023246100985374,
            "brake": 0.0,
            "steer": 0.0
        },
        {
            "throttle": 0.6006989492424388,
            "brake": 0.0,
            "steer": 0.0
        },
        {
            "throttle": 0.5989673011140768,
            "brake": 0.0,
            "steer": 0.0
        },
        {
            "throttle": 0.5971343836992394,
            "brake": 0.0,
            "steer": 0.0
        },
        {
            "throttle": 0.5952051908983456,
            "brake": 0.0,
            "steer": 0.0
        },
        {
            "throttle": 0.5931849789202446,
            "brake": 0.0,
            "steer": 0.0
        },
        {
            "throttle": 0.5910792519613404,
            "brake": 0.0,
            "steer": 0.0
        },
        {
            "throttle": 0.5888937472090573,
            "brake": 0.0,
            "steer": 0.0
        },
        {
            "throttle": 0.5866344192105064,
            "brake": 0.0,
            "steer": 0.0
        },
        {
            "throttle": 0.5843074236489428,
            "brake": 0.0,
            "steer": 0.0
        },
        {
            "throttle": 0.5819191005722133,
            "brake": 0.0,
            "steer": 0.0
        },
        {
            "throttle": 0.579475957118892,
            "brake": 0.0,
            "steer": 0.0
        },
        {
            "throttle": 0.5769846497891659,
            "brake": 0.0,
            "steer": 0.0
        },
        {
            "throttle": 0.5744519663087757,
            "brake": 0.0,
            "steer": 0.0
        },
        {
            "throttle": 0.571884807135424,
            "brake": 0.0,
            "steer": 0.0
        },
        {
            "throttle": 0.569290166658038,
            "brake": 0.0,
            "steer": 0.0
        },
        {
            "throttle": 0.566675114140111,
            "brake": 0.0,
            "steer": 0.0
        },
        {
            "throttle": 0.5640467744590425,
            "brake": 0.0,
            "steer": 0.0
        },
        {
            "throttle": 0.5614123086939559,
            "brake": 0.0,
            "steer": 0.0
        },
        {
            "throttle": 0.558778894614881,
            "brake": 0.0,
            "steer": 0.0
        },
        {
            "throttle": 0.5561537071264622,
            "brake": 0.0,
            "steer": 0.0
        },
        {
            "throttle": 0.5535438987194728,
            "brake": 0.0,
            "steer": 0.0
        },
        {
            "throttle": 0.5509565799833978,
            "brake": 0.0,
            "steer": 0.0
        },
        {
            "throttle": 0.5483988002331788,
            "brake": 0.0,
            "steer": 0.0
        },
        {
            "throttle": 0.5458775283029067,
            "brake": 0.0,
            "steer": 0.0
        },
        {
            "throttle": 0.5433996335587877,
            "brake": 0.0,
            "steer": 0.0
        },
        {
            "throttle": 0.5409718671831176,
            "brake": 0.0,
            "steer": 0.0
        },
        {
            "throttle": 0.5386008437802543,
            "brake": 0.0,
            "steer": 0.0
        },
        {
            "throttle": 0.536293023354707,
            "brake": 0.0,
            "steer": 0.0
        },
        {
            "throttle": 0.5340546937104411,
            "brake": 0.0,
            "steer": 0.0
        },
        {
            "throttle": 0.5318919533193559,
            "brake": 0.0,
            "steer": 0.0
        },
        {
            "throttle": 0.5298106947056085,
            "brake": 0.0,
            "steer": 0.0
        },
        {
            "throttle": 0.5278165883910557,
            "brake": 0.0,
            "steer": 0.0
        },
        {
            "throttle": 0.525915067445556,
            "brake": 0.0,
            "steer": 0.0
        },
        {
            "throttle": 0.5241113126842237,
            "brake": 0.0,
            "steer": 0.0
        }
    ],
    "parameters": {
        "fog_density": 64.34916758140125,
        "precipitation": 52.29990412877213,
        "precipitation_deposits": 35.687267176824854,
        "wind_intensity": 9.883023038090666,
        "sun_altitude_angle": 35.7279478191989,
        "cloudiness": 94.57398802137544,
        "lead_base_throttle": 0.5617983103047741,
        "lead_behavior_frequency": 0.08308410326205491,
        "lead_throttle_variation": 0.051011903613095155,
        "lead_brake_probability": 0.017177264624271948,
        "lead_brake_intensity": 0.35482241054335073,
        "lead_brake_duration": 13.372891276662845,
        "initial_distance": 53.79398835299989,
        "initial_ego_velocity": 12.612456964322757,
        "initial_lead_velocity": 17.91048621975203
    },
    "config": {
        "num_timesteps": 200,
        "dt": 0.1,
        "seed": 167
    }
}