{
    "weather": {
        "cloudiness": 20.88839790715231,
        "precipitation": 58.8702540322566,
        "precipitation_deposits": 35.1307599278914,
        "wind_intensity": 42.98828055808236,
        "sun_altitude_angle": 3.691248983122776,
        "fog_density": 78.59182892054334,
        "fog_distance": 72.82269479401708,
        "wetness": 29.4351270161283
    },
    "initial_conditions": {
        "ego": {
            "position": {
                "x": 516.7931685948955,
                "y": 20.57,
                "z": 0.294
            },
            "yaw": 0.0,
            "velocity": 14.968927175941642
        },
        "lead": {
            "position": {
                "x": 484.88,
                "y": 20.57,
                "z": 0.294
            },
            "yaw": 0.0,
            "velocity": 5.45599596370256
        }
    },
    "ego": {
        "position": {
            "x": 516.7931685948955,
            "y": 20.57,
            "z": 0.294
        },
        "yaw": 0.0,
        "velocity": 14.968927175941642
    },
    "lead": {
        "position": {
            "x": 484.88,
            "y": 20.57,
            "z": 0.294
        },
        "yaw": 0.0,
        "velocity": 5.45599596370256
    },
    "ado_actions": [
        {
            "throttle": 0.3500245517223089,
            "brake": 0.0,
            "steer": 0.0
        },
        {
            "throttle": 0.24501718620561622,
            "brake": 0.2227008532974324,
            "steer": 0.0
        },
        {
            "throttle": 0.17151203034393134,
            "brake": 0.37859145060563504,
            "steer": 0.0
        },
        {
            "throttle": 0.12005842124075193,
            "brake": 0.48771486872137687,
            "steer": 0.0
        },
        {
            "throttle": 0.08404089486852635,
            "brake": 0.5641012614023961,
            "steer": 0.0
        },
        {
            "throttle": 0.058828626407968446,
            "brake": 0.6175717362791097,
            "steer": 0.0
        },
        {
            "throttle": 0.041180038485577906,
            "brake": 0.6550010686928092,
            "steer": 0.0
        },
        {
            "throttle": 0.028826026939904534,
            "brake": 0.6812016013823987,
            "steer": 0.0
        },
        {
            "throttle": 0.16054343712806943,
            "brake": 0.47684112096767906,
            "steer": 0.0
        },
        {
            "throttle": 0.25505889179699187,
            "brake": 0.3337887846773753,
            "steer": 0.0
        },
        {
            "throttle": 0.32287416063538277,
            "brake": 0.23365214927416272,
            "steer": 0.0
        },
        {
            "throttle": 0.3713115483214859,
            "brake": 0.1635565044919139,
            "steer": 0.0
        },
        {
            "throttle": 0.4054797618626918,
            "brake": 0.11448955314433971,
            "steer": 0.0
        },
        {
            "throttle": 0.4289503134010286,
            "brake": 0.0801426872010378,
            "steer": 0.0
        },
        {
            "throttle": 0.44423108232333774,
            "brake": 0.056099881040726454,
            "steer": 0.0
        },
        {
            "throttle": 0.4530976719616486,
            "brake": 0.03926991672850851,
            "steer": 0.0
        },
        {
            "throttle": 0.4568250079756532,
            "brake": 0.027488941709955958,
            "steer": 0.0
        },
        {
            "throttle": 0.4563488975255091,
            "brake": 0.019242259196969168,
            "steer": 0.0
        },
        {
            "throttle": 0.4523783623990383,
            "brake": 0.013469581437878417,
            "steer": 0.0
        },
        {
            "throttle": 0.445473328569702,
            "brake": 0.00942870700651489,
            "steer": 0.0
        },
        {
            "throttle": 0.43609789642165,
            "brake": 0.006600094904560423,
            "steer": 0.0
        },
        {
            "throttle": 0.42465636806277024,
            "brake": 0.004620066433192296,
            "steer": 0.0
        },
        {
            "throttle": 0.41151707728834225,
            "brake": 0.003234046503234607,
            "steer": 0.0
        },
        {
            "throttle": 0.39702757838356734,
            "brake": 0.0022638325522642247,
            "steer": 0.0
        },
        {
            "throttle": 0.38152370919283873,
            "brake": 0.0015846827865849571,
            "steer": 0.0
        },
        {
            "throttle": 0.3653343166965619,
            "brake": 0.00110927795060947,
            "steer": 0.0
        },
        {
            "throttle": 0.34878292517072407,
            "brake": 0.0007764945654266289,
            "steer": 0.0
        },
        {
            "throttle": 0.3321872716587588,
            "brake": 0.0005435461957986402,
            "steer": 0.0
        },
        {
            "throttle": 0.31585738461205926,
            "brake": 0.0003804823370590481,
            "steer": 0.0
        },
        {
            "throttle": 0.30009270671378685,
            "brake": 0.00026633763594133367,
            "steer": 0.0
        },
        {
            "throttle": 0.2851786393927646,
            "brake": 0.00018643634515893355,
            "steer": 0.0
        },
        {
            "throttle": 0.2713827984914437,
            "brake": 0.00013050544161125348,
            "steer": 0.0
        },
        {
            "throttle": 0.25895120689379303,
            "brake": 9.135380912787743e-05,
            "steer": 0.0
        },
        {
            "throttle": 0.24810460292468467,
            "brake": 6.39476663895142e-05,
            "steer": 0.0
        },
        {
            "throttle": 0.23903500763992652,
            "brake": 4.4763366472659935e-05,
            "steer": 0.0
        },
        {
            "throttle": 0.23190266603103166,
            "brake": 3.133435653086195e-05,
            "steer": 0.0
        },
        {
            "throttle": 0.226833454132361,
            "brake": 2.1934049571603363e-05,
            "steer": 0.0
        },
        {
            "throttle": 0.22391682432223992,
            "brake": 1.5353834700122355e-05,
            "steer": 0.0
        },
        {
            "throttle": 0.22320434361374247,
            "brake": 1.0747684290085649e-05,
            "steer": 0.0
        },
        {
            "throttle": 0.2247088637017114,
            "brake": 7.523379003059954e-06,
            "steer": 0.0
        },
        {
            "throttle": 0.2284043465230457,
            "brake": 5.266365302141968e-06,
            "steer": 0.0
        },
        {
            "throttle": 0.2342263548505636,
            "brake": 3.686455711499377e-06,
            "steer": 0.0
        },
        {
            "throttle": 0.24207320386933212,
            "brake": 2.5805189980495635e-06,
            "steer": 0.0
        },
        {
            "throttle": 0.2518077567660512,
            "brake": 1.8063632986346943e-06,
            "steer": 0.0
        },
        {
            "throttle": 0.26325983514813106,
            "brake": 1.264454309044286e-06,
            "steer": 0.0
        },
        {
            "throttle": 0.2762292036908418,
            "brake": 8.851180163310001e-07,
            "steer": 0.0
        },
        {
            "throttle": 0.2904890779024356,
            "brake": 6.195826114317e-07,
            "steer": 0.0
        },
        {
            "throttle": 0.30579009442231275,
            "brake": 4.3370782800218994e-07,
            "steer": 0.0
        },
        {
            "throttle": 0.3218646749498827,
            "brake": 3.0359547960153294e-07,
            "steer": 0.0
        },
        {
            "throttle": 0.3384317078578629,
            "brake": 2.1251683572107304e-07,
            "steer": 0.0
        },
        {
            "throttle": 0.3552014658760002,
            "brake": 1.4876178500475112e-07,
            "steer": 0.0
        },
        {
            "throttle": 0.37188067402432295,
            "brake": 1.0413324950332578e-07,
            "steer": 0.0
        },
        {
            "throttle": 0.3881776392925488,
            "brake": 7.289327465232804e-08,
            "steer": 0.0
        },
        {
            "throttle": 0.403807352444037,
            "brake": 5.1025292256629624e-08,
            "steer": 0.0
        },
        {
            "throttle": 0.4184964727833147,
            "brake": 3.5717704579640734e-08,
            "steer": 0.0
        },
        {
            "throttle": 0.4319881087542098,
            "brake": 2.5002393205748512e-08,
            "steer": 0.0
        },
        {
            "throttle": 0.44404631079310675,
            "brake": 1.7501675244023958e-08,
            "steer": 0.0
        },
        {
            "throttle": 0.45446019788489633,
            "brake": 1.2251172670816769e-08,
            "steer": 0.0
        },
        {
            "throttle": 0.4630476456687844,
            "brake": 8.575820869571737e-09,
            "steer": 0.0
        },
        {
            "throttle": 0.46965847160451024,
            "brake": 6.003074608700215e-09,
            "steer": 0.0
        },
        {
            "throttle": 0.4741770615020975,
            "brake": 4.202152226090151e-09,
            "steer": 0.0
        },
        {
            "throttle": 0.4765243914858459,
            "brake": 2.9415065582631053e-09,
            "steer": 0.0
        },
        {
            "throttle": 0.47665941003476064,
            "brake": 2.0590545907841736e-09,
            "steer": 0.0
        },
        {
            "throttle": 0.4745797559319293,
            "brake": 1.4413382135489214e-09,
            "steer": 0.0
        },
        {
            "throttle": 0.4703217995686537,
            "brake": 1.0089367494842449e-09,
            "steer": 0.0
        },
        {
            "throttle": 0.46396000688222283,
            "brake": 7.062557246389713e-10,
            "steer": 0.0
        },
        {
            "throttle": 0.4556056370520619,
            "brake": 4.943790072472799e-10,
            "steer": 0.0
        },
        {
            "throttle": 0.44540479673040034,
            "brake": 3.460653050730959e-10,
            "steer": 0.0
        },
        {
            "throttle": 0.4335358848367571,
            "brake": 2.422457135511671e-10,
            "steer": 0.0
        },
        {
            "throttle": 0.42020647260363253,
            "brake": 1.6957199948581696e-10,
            "steer": 0.0
        },
        {
            "throttle": 0.40564967343739744,
            "brake": 1.1870039964007186e-10,
            "steer": 0.0
        },
        {
            "throttle": 0.3901200660807509,
            "brake": 8.30902797480503e-11,
            "steer": 0.0
        },
        {
            "throttle": 0.3738892423752259,
            "brake": 5.8163195823635205e-11,
            "steer": 0.0
        },
        {
            "throttle": 0.35724105748742957,
            "brake": 4.071423707654464e-11,
            "steer": 0.0
        },
        {
            "throttle": 0.3404666656661893,
            "brake": 2.8499965953581246e-11,
            "steer": 0.0
        },
        {
            "throttle": 0.32385942834853726,
            "brake": 1.994997616750687e-11,
            "steer": 0.0
        },
        {
            "throttle": 0.3077097836648991,
            "brake": 1.3964983317254809e-11,
            "steer": 0.0
        },
        {
            "throttle": 0.2923001670689238,
            "brake": 9.775488322078366e-12,
            "steer": 0.0
        },
        {
            "throttle": 0.2779000719232837,
            "brake": 6.8428418254548554e-12,
            "steer": 0.0
        },
        {
            "throttle": 0.26476133642512933,
            "brake": 4.789989277818399e-12,
            "steer": 0.0
        },
        {
            "throttle": 0.2531137392965085,
            "brake": 3.352992494472879e-12,
            "steer": 0.0
        },
        {
            "throttle": 0.24316098126517305,
            "brake": 2.347094746131015e-12,
            "steer": 0.0
        },
        {
            "throttle": 0.23507712261424538,
            "brake": 1.6429663222917104e-12,
            "steer": 0.0
        },
        {
            "throttle": 0.22900353910318583,
            "brake": 1.1500764256041973e-12,
            "steer": 0.0
        },
        {
            "throttle": 0.22504644949689068,
            "brake": 8.050534979229381e-13,
            "steer": 0.0
        },
        {
            "throttle": 0.22327505794309438,
            "brake": 5.635374485460566e-13,
            "steer": 0.0
        },
        {
            "throttle": 0.22372034368538507,
            "brake": 3.944762139822396e-13,
            "steer": 0.0
        },
        {
            "throttle": 0.22637451927811722,
            "brake": 2.761333497875677e-13,
            "steer": 0.0
        },
        {
            "throttle": 0.23119116677831,
            "brake": 1.9329334485129737e-13,
            "steer": 0.0
        },
        {
            "throttle": 0.23808604953271995,
            "brake": 1.3530534139590814e-13,
            "steer": 0.0
        },
        {
            "throttle": 0.24693858536302912,
            "brake": 9.471373897713569e-14,
            "steer": 0.0
        },
        {
            "throttle": 0.2575939553851321,
            "brake": 6.629961728399498e-14,
            "steer": 0.0
        },
        {
            "throttle": 0.26986581158212275,
            "brake": 4.6409732098796484e-14,
            "steer": 0.0
        },
        {
            "throttle": 0.28353953577919033,
            "brake": 3.248681246915754e-14,
            "steer": 0.0
        },
        {
            "throttle": 0.29837599302535905,
            "brake": 2.2740768728410276e-14,
            "steer": 0.0
        },
        {
            "throttle": 0.31411571374049907,
            "brake": 1.5918538109887193e-14,
            "steer": 0.0
        },
        {
            "throttle": 0.33048343148751164,
            "brake": 1.1142976676921034e-14,
            "steer": 0.0
        },
        {
            "throttle": 0.34719289701018674,
            "brake": 7.800083673844723e-15,
            "steer": 0.0
        },
        {
            "throttle": 0.36395188434571973,
            "brake": 5.460058571691306e-15,
            "steer": 0.0
        },
        {
            "throttle": 0.3804673014617467,
            "brake": 3.822041000183914e-15,
            "steer": 0.0
        },
        {
            "throttle": 0.3964503160397649,
            "brake": 2.6754287001287397e-15,
            "steer": 0.0
        },
        {
            "throttle": 0.4116214067619174,
            "brake": 1.872800090090118e-15,
            "steer": 0.0
        },
        {
            "throttle": 0.4257152517609629,
            "brake": 1.3109600630630825e-15,
            "steer": 0.0
        },
        {
            "throttle": 0.4384853687410507,
            "brake": 9.176720441441577e-16,
            "steer": 0.0
        },
        {
            "throttle": 0.4497084256198606,
            "brake": 6.423704309009104e-16,
            "steer": 0.0
        },
        {
            "throttle": 0.45918814630480453,
            "brake": 4.496593016306372e-16,
            "steer": 0.0
        },
        {
            "throttle": 0.46675874329654465,
            "brake": 3.1476151114144607e-16,
            "steer": 0.0
        },
        {
            "throttle": 0.4722878170882314,
            "brake": 2.2033305779901224e-16,
            "steer": 0.0
        },
        {
            "throttle": 0.4756786716538908,
            "brake": 1.5423314045930856e-16,
            "steer": 0.0
        },
        {
            "throttle": 0.47687200553119674,
            "brake": 1.0796319832151599e-16,
            "steer": 0.0
        },
        {
            "throttle": 0.4758469489238789,
            "brake": 7.557423882506119e-17,
            "steer": 0.0
        },
        {
            "throttle": 0.4726214286862462,
            "brake": 5.290196717754283e-17,
            "steer": 0.0
        },
        {
            "throttle": 0.46725185480673953,
            "brake": 3.7031377024279976e-17,
            "steer": 0.0
        },
        {
            "throttle": 0.45983213387349375,
            "brake": 2.5921963916995982e-17,
            "steer": 0.0
        },
        {
            "throttle": 0.4504920267750614,
            "brake": 1.8145374741897186e-17,
            "steer": 0.0
        },
        {
            "throttle": 0.4393948793578931,
            "brake": 1.270176231932803e-17,
            "steer": 0.0
        },
        {
            "throttle": 0.4267347657283074,
            "brake": 8.89123362352962e-18,
            "steer": 0.0
        },
        {
            "throttle": 0.4127330941587354,
            "brake": 6.2238635364707335e-18,
            "steer": 0.0
        },
        {
            "throttle": 0.3976347349563538,
            "brake": 4.356704475529513e-18,
            "steer": 0.0
        },
        {
            "throttle": 0.3817037380124475,
            "brake": 3.049693132870659e-18,
            "steer": 0.0
        },
        {
            "throttle": 0.3652187149267745,
            "brake": 2.1347851930094614e-18,
            "steer": 0.0
        },
        {
            "throttle": 0.3484679664673357,
            "brake": 1.4943496351066229e-18,
            "steer": 0.0
        },
        {
            "throttle": 0.3317444405796905,
            "brake": 1.0460447445746359e-18,
            "steer": 0.0
        },
        {
            "throttle": 0.315340609123419,
            "brake": 7.322313212022451e-19,
            "steer": 0.0
        },
        {
            "throttle": 0.29954335293468537,
            "brake": 5.125619248415716e-19,
            "steer": 0.0
        },
        {
            "throttle": 0.28462894466824096,
            "brake": 3.587933473891001e-19,
            "steer": 0.0
        },
        {
            "throttle": 0.2708582171621807,
            "brake": 2.5115534317237003e-19,
            "steer": 0.0
        },
        {
            "throttle": 0.258472001824219,
            "brake": 1.75808740220659e-19,
            "steer": 0.0
        },
        {
            "throttle": 0.24768691681594407,
            "brake": 1.230661181544613e-19,
            "steer": 0.0
        },
        {
            "throttle": 0.23869157869401358,
            "brake": 8.614628270812291e-20,
            "steer": 0.0
        },
        {
            "throttle": 0.2316433037615654,
            "brake": 6.030239789568604e-20,
            "steer": 0.0
        },
        {
            "throttle": 0.2266653568187484,
            "brake": 4.2211678526980226e-20,
            "steer": 0.0
        },
        {
            "throttle": 0.22384479542800723,
            "brake": 2.954817496888616e-20,
            "steer": 0.0
        },
        {
            "throttle": 0.22323094739500637,
            "brake": 2.068372247822031e-20,
            "steer": 0.0
        },
        {
            "throttle": 0.22483454809199432,
            "brake": 1.4478605734754216e-20,
            "steer": 0.0
        },
        {
            "throttle": 0.228627552710656,
            "brake": 1.013502401432795e-20,
            "steer": 0.0
        },
        {
            "throttle": 0.23454362672789678,
            "brake": 7.094516810029565e-21,
            "steer": 0.0
        },
        {
            "throttle": 0.24247930600697523,
            "brake": 4.966161767020695e-21,
            "steer": 0.0
        },
        {
            "throttle": 0.2522958062453839,
            "brake": 3.476313236914486e-21,
            "steer": 0.0
        },
        {
            "throttle": 0.2638214501246799,
            "brake": 2.4334192658401402e-21,
            "steer": 0.0
        },
        {
            "throttle": 0.27685466971469813,
            "brake": 1.703393486088098e-21,
            "steer": 0.0
        },
        {
            "throttle": 0.29116753162415365,
            "brake": 1.1923754402616685e-21,
            "steer": 0.0
        },
        {
            "throttle": 0.30650972324751713,
            "brake": 8.346628081831678e-22,
            "steer": 0.0
        },
        {
            "throttle": 0.3226129303940928,
            "brake": 5.842639657282174e-22,
            "steer": 0.0
        },
        {
            "throttle": 0.3391955297404855,
            "brake": 4.0898477600975217e-22,
            "steer": 0.0
        },
        {
            "throttle": 0.3559675140418056,
            "brake": 2.862893432068265e-22,
            "steer": 0.0
        },
        {
            "throttle": 0.3726355639663277,
            "brake": 2.0040254024477855e-22,
            "steer": 0.0
        },
        {
            "throttle": 0.3889081778540695,
            "brake": 1.4028177817134497e-22,
            "steer": 0.0
        },
        {
            "throttle": 0.4045007696867505,
            "brake": 9.819724471994147e-23,
            "steer": 0.0
        },
        {
            "throttle": 0.4191406461125248,
            "brake": 6.873807130395903e-23,
            "steer": 0.0
        },
        {
            "throttle": 0.432571775484057,
            "brake": 4.8116649912771314e-23,
            "steer": 0.0
        },
        {
            "throttle": 0.44455926550590963,
            "brake": 3.3681654938939917e-23,
            "steer": 0.0
        },
        {
            "throttle": 0.45489347118324464,
            "brake": 2.357715845725794e-23,
            "steer": 0.0
        },
        {
            "throttle": 0.46339366122936787,
            "brake": 1.6504010920080556e-23,
            "steer": 0.0
        },
        {
            "throttle": 0.4699111788116067,
            "brake": 1.1552807644056388e-23,
            "steer": 0.0
        },
        {
            "throttle": 0.4743320413583474,
            "brake": 8.086965350839472e-24,
            "steer": 0.0
        },
        {
            "throttle": 0.4765789339601216,
            "brake": 5.66087574558763e-24,
            "steer": 0.0
        },
        {
            "throttle": 0.4766125615028527,
            "brake": 3.9626130219113404e-24,
            "steer": 0.0
        },
        {
            "throttle": 0.47443233588627864,
            "brake": 2.773829115337938e-24,
            "steer": 0.0
        },
        {
            "throttle": 0.4700763863090307,
            "brake": 1.9416803807365564e-24,
            "steer": 0.0
        },
        {
            "throttle": 0.4636208924404952,
            "brake": 1.3591762665155895e-24,
            "steer": 0.0
        },
        {
            "throttle": 0.45517875214138204,
            "brake": 9.514233865609125e-25,
            "steer": 0.0
        },
        {
            "throttle": 0.4448976070327648,
            "brake": 6.659963705926387e-25,
            "steer": 0.0
        },
        {
            "throttle": 0.43295726044372207,
            "brake": 4.661974594148471e-25,
            "steer": 0.0
        },
        {
            "throttle": 0.4195665328941845,
            "brake": 3.2633822159039293e-25,
            "steer": 0.0
        },
        {
            "throttle": 0.4049596101063412,
            "brake": 2.28436755113275e-25,
            "steer": 0.0
        },
        {
            "throttle": 0.38939194741294963,
            "brake": 1.599057285792925e-25,
            "steer": 0.0
        },
        {
            "throttle": 0.3731358021889106,
            "brake": 1.1193401000550475e-25,
            "steer": 0.0
        },
        {
            "throttle": 0.35647547243784017,
            "brake": 7.835380700385332e-26,
            "steer": 0.0
        },
        {
            "throttle": 0.33970232480432366,
            "brake": 5.484766490269732e-26,
            "steer": 0.0
        },
        {
            "throttle": 0.32310969896519404,
            "brake": 3.8393365431888124e-26,
            "steer": 0.0
        },
        {
            "throttle": 0.30698777751514417,
            "brake": 2.6875355802321686e-26,
            "steer": 0.0
        },
        {
            "throttle": 0.2916185110654377,
            "brake": 1.8812749061625178e-26,
            "steer": 0.0
        },
        {
            "throttle": 0.27727068730888105,
            "brake": 1.3168924343137625e-26,
            "steer": 0.0
        },
        {
            "throttle": 0.26419523028644515,
            "brake": 9.218247040196337e-27,
            "steer": 0.0
        },
        {
            "throttle": 0.252620812065008,
            "brake": 6.452772928137435e-27,
            "steer": 0.0
        },
        {
            "throttle": 0.24274985357204196,
            "brake": 4.516941049696204e-27,
            "steer": 0.0
        },
        {
            "throttle": 0.2347549845272408,
            "brake": 3.1618587347873427e-27,
            "steer": 0.0
        },
        {
            "throttle": 0.22877602438209726,
            "brake": 2.2133011143511397e-27,
            "steer": 0.0
        },
        {
            "throttle": 0.2249175370667152,
            "brake": 1.5493107800457976e-27,
            "steer": 0.0
        },
        {
            "throttle": 0.22324700230803016,
            "brake": 1.0845175460320582e-27,
            "steer": 0.0
        },
        {
            "throttle": 0.22379363550060952,
            "brake": 7.591622822224407e-28,
            "steer": 0.0
        },
        {
            "throttle": 0.22654787676889737,
            "brake": 5.3141359755570845e-28,
            "steer": 0.0
        },
        {
            "throttle": 0.23146155815651412,
            "brake": 3.7198951828899587e-28,
            "steer": 0.0
        },
        {
            "throttle": 0.2384487460186963,
            "brake": 2.6039266280229707e-28,
            "steer": 0.0
        },
        {
            "throttle": 0.24738724388557154,
            "brake": 1.8227486396160793e-28,
            "steer": 0.0
        },
        {
            "throttle": 0.25812072951322185,
            "brake": 1.2759240477312553e-28,
            "steer": 0.0
        },
        {
            "throttle": 0.2704614887484005,
            "brake": 8.931468334118786e-29,
            "steer": 0.0
        },
        {
            "throttle": 0.2841936983953056,
            "brake": 6.25202783388315e-29,
            "steer": 0.0
        },
        {
            "throttle": 0.29907720067150795,
            "brake": 4.376419483718205e-29,
            "steer": 0.0
        },
        {
            "throttle": 0.3148517032429008,
            "brake": 3.0634936386027434e-29,
            "steer": 0.0
        },
        {
            "throttle": 0.33124133138473977,
            "brake": 2.1444455470219202e-29,
            "steer": 0.0
        },
        {
            "throttle": 0.3479594526576293,
            "brake": 1.501111882915344e-29,
            "steer": 0.0
        },
        {
            "throttle": 0.36471368972139456,
            "brake": 1.0507783180407407e-29,
            "steer": 0.0
        },
        {
            "throttle": 0.38121103361950276,
            "brake": 7.355448226285184e-30,
            "steer": 0.0
        },
        {
            "throttle": 0.39716296810959983,
            "brake": 5.148813758399628e-30,
            "steer": 0.0
        },
        {
            "throttle": 0.4122905154225498,
            "brake": 3.604169630879739e-30,
            "steer": 0.0
        },
        {
            "throttle": 0.426329115206473,
            "brake": 2.5229187416158173e-30,
            "steer": 0.0
        },
        {
            "throttle": 0.439033251329646,
            "brake": 1.766043119131072e-30,
            "steer": 0.0
        },
        {
            "throttle": 0.4501807456257378,
            "brake": 1.2362301833917503e-30,
            "steer": 0.0
        }
    ],
    "parameters": {
        "fog_density": 78.59182892054334,
        "precipitation": 58.8702540322566,
        "precipitation_deposits": 35.1307599278914,
        "wind_intensity": 42.98828055808236,
        "sun_altitude_angle": 3.691248983122776,
        "cloudiness": 20.88839790715231,
        "lead_base_throttle": 0.3500245517223089,
        "lead_behavior_frequency": 0.21062757500245172,
        "lead_throttle_variation": 0.13520126915684144,
        "lead_brake_probability": 0.03607672978460131,
        "lead_brake_intensity": 0.742336177658108,
        "lead_brake_duration": 7.496571749868462,
        "initial_distance": 31.913168594895573,
        "initial_ego_velocity": 14.968927175941642,
        "initial_lead_velocity": 5.45599596370256
    },
    "config": {
        "num_timesteps": 200,
        "dt": 0.1,
        "seed": 145
    }
}