{
    "weather": {
        "cloudiness": 99.4181493113899,
        "precipitation": 3.4366957811249432,
        "precipitation_deposits": 35.743185825074576,
        "wind_intensity": 31.293552108215728,
        "sun_altitude_angle": 79.78829480175608,
        "fog_density": 76.86642069287305,
        "fog_distance": 77.13377529277962,
        "wetness": 1.7183478905624716
    },
    "initial_conditions": {
        "ego": {
            "position": {
                "x": 558.5755164597108,
                "y": 20.57,
                "z": 0.294
            },
            "yaw": 0.0,
            "velocity": 10.182433289614512
        },
        "lead": {
            "position": {
                "x": 484.88,
                "y": 20.57,
                "z": 0.294
            },
            "yaw": 0.0,
            "velocity": 18.39488342537543
        }
    },
    "ego": {
        "position": {
            "x": 558.5755164597108,
            "y": 20.57,
            "z": 0.294
        },
        "yaw": 0.0,
        "velocity": 10.182433289614512
    },
    "lead": {
        "position": {
            "x": 484.88,
            "y": 20.57,
            "z": 0.294
        },
        "yaw": 0.0,
        "velocity": 18.39488342537543
    },
    "ado_actions": [
        {
            "throttle": 0.21602961790638622,
            "brake": 0.0,
            "steer": 0.0
        },
        {
            "throttle": 0.2162334761001426,
            "brake": 0.0,
            "steer": 0.0
        },
        {
            "throttle": 0.21657938981775204,
            "brake": 0.0,
            "steer": 0.0
        },
        {
            "throttle": 0.21702345402060297,
            "brake": 0.0,
            "steer": 0.0
        },
        {
            "throttle": 0.21753429608971905,
            "brake": 0.0,
            "steer": 0.0
        },
        {
            "throttle": 0.21808932220032762,
            "brake": 0.0,
            "steer": 0.0
        },
        {
            "throttle": 0.21867209178747732,
            "brake": 0.0,
            "steer": 0.0
        },
        {
            "throttle": 0.21927048164974172,
            "brake": 0.0,
            "steer": 0.0
        },
        {
            "throttle": 0.21987540276767442,
            "brake": 0.0,
            "steer": 0.0
        },
        {
            "throttle": 0.22047990398452327,
            "brake": 0.0,
            "steer": 0.0
        },
        {
            "throttle": 0.22107854644642022,
            "brake": 0.0,
            "steer": 0.0
        },
        {
            "throttle": 0.22166696752420117,
            "brake": 0.0,
            "steer": 0.0
        },
        {
            "throttle": 0.22224157731662156,
            "brake": 0.0,
            "steer": 0.0
        },
        {
            "throttle": 0.2227993478992415,
            "brake": 0.0,
            "steer": 0.0
        },
        {
            "throttle": 0.22333766742860162,
            "brake": 0.0,
            "steer": 0.0
        },
        {
            "throttle": 0.22385423957326545,
            "brake": 0.0,
            "steer": 0.0
        },
        {
            "throttle": 0.2243470145969003,
            "brake": 0.0,
            "steer": 0.0
        },
        {
            "throttle": 0.22481414251632822,
            "brake": 0.0,
            "steer": 0.0
        },
        {
            "throttle": 0.22525394162616907,
            "brake": 0.0,
            "steer": 0.0
        },
        {
            "throttle": 0.22566487769005128,
            "brake": 0.0,
            "steer": 0.0
        },
        {
            "throttle": 0.22604555050450054,
            "brake": 0.0,
            "steer": 0.0
        },
        {
            "throttle": 0.22639468552620595,
            "brake": 0.0,
            "steer": 0.0
        },
        {
            "throttle": 0.22671112894288614,
            "brake": 0.0,
            "steer": 0.0
        },
        {
            "throttle": 0.2269938450509612,
            "brake": 0.0,
            "steer": 0.0
        },
        {
            "throttle": 0.22724191514165476,
            "brake": 0.0,
            "steer": 0.0
        },
        {
            "throttle": 0.22745453733437776,
            "brake": 0.0,
            "steer": 0.0
        },
        {
            "throttle": 0.22763102696265042,
            "brake": 0.0,
            "steer": 0.0
        },
        {
            "throttle": 0.22777081723465098,
            "brake": 0.0,
            "steer": 0.0
        },
        {
            "throttle": 0.22787345997261738,
            "brake": 0.0,
            "steer": 0.0
        },
        {
            "throttle": 0.22793862629318423,
            "brake": 0.0,
            "steer": 0.0
        },
        {
            "throttle": 0.22796610713159665,
            "brake": 0.0,
            "steer": 0.0
        },
        {
            "throttle": 0.22795581354170857,
            "brake": 0.0,
            "steer": 0.0
        },
        {
            "throttle": 0.22790777672431314,
            "brake": 0.0,
            "steer": 0.0
        },
        {
            "throttle": 0.2278221477511631,
            "brake": 0.0,
            "steer": 0.0
        },
        {
            "throttle": 0.2276991969627677,
            "brake": 0.0,
            "steer": 0.0
        },
        {
            "throttle": 0.22753931302592204,
            "brake": 0.0,
            "steer": 0.0
        },
        {
            "throttle": 0.22734300164278595,
            "brake": 0.0,
            "steer": 0.0
        },
        {
            "throttle": 0.2271108839077824,
            "brake": 0.0,
            "steer": 0.0
        },
        {
            "throttle": 0.22684369431204487,
            "brake": 0.0,
            "steer": 0.0
        },
        {
            "throttle": 0.2265422783979002,
            "brake": 0.0,
            "steer": 0.0
        },
        {
            "throttle": 0.22620759006812885,
            "brake": 0.0,
            "steer": 0.0
        },
        {
            "throttle": 0.22584068855664302,
            "brake": 0.0,
            "steer": 0.0
        },
        {
            "throttle": 0.22544273506885637,
            "brake": 0.0,
            "steer": 0.0
        },
        {
            "throttle": 0.22501498910145928,
            "brake": 0.0,
            "steer": 0.0
        },
        {
            "throttle": 0.22455880445260365,
            "brake": 0.0,
            "steer": 0.0
        },
        {
            "throttle": 0.2240756249346748,
            "brake": 0.0,
            "steer": 0.0
        },
        {
            "throttle": 0.22356697980290402,
            "brake": 0.0,
            "steer": 0.0
        },
        {
            "throttle": 0.22303447891406902,
            "brake": 0.0,
            "steer": 0.0
        },
        {
            "throttle": 0.22247980763045147,
            "brake": 0.0,
            "steer": 0.0
        },
        {
            "throttle": 0.22190472148507126,
            "brake": 0.0,
            "steer": 0.0
        },
        {
            "throttle": 0.22131104062500714,
            "brake": 0.0,
            "steer": 0.0
        },
        {
            "throttle": 0.2207006440503374,
            "brake": 0.0,
            "steer": 0.0
        },
        {
            "throttle": 0.22007546366689706,
            "brake": 0.0,
            "steer": 0.0
        },
        {
            "throttle": 0.21943747817164894,
            "brake": 0.0,
            "steer": 0.0
        },
        {
            "throttle": 0.21878870679000284,
            "brake": 0.0,
            "steer": 0.0
        },
        {
            "throttle": 0.21813120288489218,
            "brake": 0.0,
            "steer": 0.0
        },
        {
            "throttle": 0.21746704745782575,
            "brake": 0.0,
            "steer": 0.0
        },
        {
            "throttle": 0.21679834256247776,
            "brake": 0.0,
            "steer": 0.0
        },
        {
            "throttle": 0.21612720465165844,
            "brake": 0.0,
            "steer": 0.0
        },
        {
            "throttle": 0.21545575787871774,
            "brake": 0.0,
            "steer": 0.0
        },
        {
            "throttle": 0.2147861273745823,
            "brake": 0.0,
            "steer": 0.0
        },
        {
            "throttle": 0.21412043252170185,
            "brake": 0.0,
            "steer": 0.0
        },
        {
            "throttle": 0.21346078024619164,
            "brake": 0.0,
            "steer": 0.0
        },
        {
            "throttle": 0.2128092583494013,
            "brake": 0.0,
            "steer": 0.0
        },
        {
            "throttle": 0.21216792890001465,
            "brake": 0.0,
            "steer": 0.0
        },
        {
            "throttle": 0.21153882170759453,
            "brake": 0.0,
            "steer": 0.0
        },
        {
            "throttle": 0.21092392789822795,
            "brake": 0.0,
            "steer": 0.0
        },
        {
            "throttle": 0.21032519361260554,
            "brake": 0.0,
            "steer": 0.0
        },
        {
            "throttle": 0.2097445138464798,
            "brake": 0.0,
            "steer": 0.0
        },
        {
            "throttle": 0.20918372645299757,
            "brake": 0.0,
            "steer": 0.0
        },
        {
            "throttle": 0.2086446063258892,
            "brake": 0.0,
            "steer": 0.0
        },
        {
            "throttle": 0.20812885978192436,
            "brake": 0.0,
            "steer": 0.0
        },
        {
            "throttle": 0.20763811916041455,
            "brake": 0.0,
            "steer": 0.0
        },
        {
            "throttle": 0.20717393765685413,
            "brake": 0.0,
            "steer": 0.0
        },
        {
            "throttle": 0.2067377844070521,
            "brake": 0.0,
            "steer": 0.0
        },
        {
            "throttle": 0.20633103983731282,
            "brake": 0.0,
            "steer": 0.0
        },
        {
            "throttle": 0.20595499129538292,
            "brake": 0.0,
            "steer": 0.0
        },
        {
            "throttle": 0.20561082897599156,
            "brake": 0.0,
            "steer": 0.0
        },
        {
            "throttle": 0.20529964215388097,
            "brake": 0.0,
            "steer": 0.0
        },
        {
            "throttle": 0.20502241573624852,
            "brake": 0.0,
            "steer": 0.0
        },
        {
            "throttle": 0.20478002714551263,
            "brake": 0.0,
            "steer": 0.0
        },
        {
            "throttle": 0.20457324354226825,
            "brake": 0.0,
            "steer": 0.0
        },
        {
            "throttle": 0.20440271939722124,
            "brake": 0.0,
            "steer": 0.0
        },
        {
            "throttle": 0.2042689944197869,
            "brake": 0.0,
            "steer": 0.0
        },
        {
            "throttle": 0.20417249184990785,
            "brake": 0.0,
            "steer": 0.0
        },
        {
            "throttle": 0.20411351711849857,
            "brake": 0.0,
            "steer": 0.0
        },
        {
            "throttle": 0.20409225688075555,
            "brake": 0.0,
            "steer": 0.0
        },
        {
            "throttle": 0.20410877842539313,
            "brake": 0.0,
            "steer": 0.0
        },
        {
            "throttle": 0.20416302946167444,
            "brake": 0.0,
            "steer": 0.0
        },
        {
            "throttle": 0.2042548382849118,
            "brake": 0.0,
            "steer": 0.0
        },
        {
            "throttle": 0.20438391431991254,
            "brake": 0.0,
            "steer": 0.0
        },
        {
            "throttle": 0.20454984904065027,
            "brake": 0.0,
            "steer": 0.0
        },
        {
            "throttle": 0.20475211726325104,
            "brake": 0.0,
            "steer": 0.0
        },
        {
            "throttle": 0.2049900788082018,
            "brake": 0.0,
            "steer": 0.0
        },
        {
            "throttle": 0.20526298052652034,
            "brake": 0.0,
            "steer": 0.0
        },
        {
            "throttle": 0.2055699586834741,
            "brake": 0.0,
            "steer": 0.0
        },
        {
            "throttle": 0.20591004169230315,
            "brake": 0.0,
            "steer": 0.0
        },
        {
            "throttle": 0.20628215318929496,
            "brake": 0.0,
            "steer": 0.0
        },
        {
            "throttle": 0.20668511544047885,
            "brake": 0.0,
            "steer": 0.0
        },
        {
            "throttle": 0.20711765306915725,
            "brake": 0.0,
            "steer": 0.0
        },
        {
            "throttle": 0.20757839709247689,
            "brake": 0.0,
            "steer": 0.0
        },
        {
            "throttle": 0.20806588925426328,
            "brake": 0.0,
            "steer": 0.0
        },
        {
            "throttle": 0.2085785866404059,
            "brake": 0.0,
            "steer": 0.0
        },
        {
            "throttle": 0.2091148665621858,
            "brake": 0.0,
            "steer": 0.0
        },
        {
            "throttle": 0.20967303169209017,
            "brake": 0.0,
            "steer": 0.0
        },
        {
            "throttle": 0.2102513154358587,
            "brake": 0.0,
            "steer": 0.0
        },
        {
            "throttle": 0.21084788752375974,
            "brake": 0.0,
            "steer": 0.0
        },
        {
            "throttle": 0.21146085980339918,
            "brake": 0.0,
            "steer": 0.0
        },
        {
            "throttle": 0.21208829221572845,
            "brake": 0.0,
            "steer": 0.0
        },
        {
            "throttle": 0.21272819893533682,
            "brake": 0.0,
            "steer": 0.0
        },
        {
            "throttle": 0.2133785546555948,
            "brake": 0.0,
            "steer": 0.0
        },
        {
            "throttle": 0.21403730099875534,
            "brake": 0.0,
            "steer": 0.0
        },
        {
            "throttle": 0.21470235303072568,
            "brake": 0.0,
            "steer": 0.0
        },
        {
            "throttle": 0.21537160585988946,
            "brake": 0.0,
            "steer": 0.0
        },
        {
            "throttle": 0.21604294129909501,
            "brake": 0.0,
            "steer": 0.0
        },
        {
            "throttle": 0.21671423456972388,
            "brake": 0.0,
            "steer": 0.0
        },
        {
            "throttle": 0.21738336102662126,
            "brake": 0.0,
            "steer": 0.0
        },
        {
            "throttle": 0.21804820288260407,
            "brake": 0.0,
            "steer": 0.0
        },
        {
            "throttle": 0.21870665591126362,
            "brake": 0.0,
            "steer": 0.0
        },
        {
            "throttle": 0.2193566361068483,
            "brake": 0.0,
            "steer": 0.0
        },
        {
            "throttle": 0.21999608628014777,
            "brake": 0.0,
            "steer": 0.0
        },
        {
            "throttle": 0.22062298256950297,
            "brake": 0.0,
            "steer": 0.0
        },
        {
            "throttle": 0.22123534084633395,
            "brake": 0.0,
            "steer": 0.0
        },
        {
            "throttle": 0.22183122299491276,
            "brake": 0.0,
            "steer": 0.0
        },
        {
            "throttle": 0.22240874304650532,
            "brake": 0.0,
            "steer": 0.0
        },
        {
            "throttle": 0.22296607314846786,
            "brake": 0.0,
            "steer": 0.0
        },
        {
            "throttle": 0.22350144934940605,
            "brake": 0.0,
            "steer": 0.0
        },
        {
            "throttle": 0.22401317718208613,
            "brake": 0.0,
            "steer": 0.0
        },
        {
            "throttle": 0.2244996370264286,
            "brake": 0.0,
            "steer": 0.0
        },
        {
            "throttle": 0.2249592892356107,
            "brake": 0.0,
            "steer": 0.0
        },
        {
            "throttle": 0.2253906790090529,
            "brake": 0.0,
            "steer": 0.0
        },
        {
            "throttle": 0.22579244099686707,
            "brake": 0.0,
            "steer": 0.0
        },
        {
            "throttle": 0.2261633036211927,
            "brake": 0.0,
            "steer": 0.0
        },
        {
            "throttle": 0.2265020931007447,
            "brake": 0.0,
            "steer": 0.0
        },
        {
            "throttle": 0.22680773716583452,
            "brake": 0.0,
            "steer": 0.0
        },
        {
            "throttle": 0.2270792684521068,
            "brake": 0.0,
            "steer": 0.0
        },
        {
            "throttle": 0.22731582756225038,
            "brake": 0.0,
            "steer": 0.0
        },
        {
            "throttle": 0.2275166657859934,
            "brake": 0.0,
            "steer": 0.0
        },
        {
            "throttle": 0.2276811474697733,
            "brake": 0.0,
            "steer": 0.0
        },
        {
            "throttle": 0.2278087520285823,
            "brake": 0.0,
            "steer": 0.0
        },
        {
            "throttle": 0.22789907559362052,
            "brake": 0.0,
            "steer": 0.0
        },
        {
            "throttle": 0.22795183229054175,
            "brake": 0.0,
            "steer": 0.0
        },
        {
            "throttle": 0.22796685514424675,
            "brake": 0.0,
            "steer": 0.0
        },
        {
            "throttle": 0.22794409660735981,
            "brake": 0.0,
            "steer": 0.0
        },
        {
            "throttle": 0.22788362871071643,
            "brake": 0.0,
            "steer": 0.0
        },
        {
            "throttle": 0.2277856428353854,
            "brake": 0.0,
            "steer": 0.0
        },
        {
            "throttle": 0.2276504491069473,
            "brake": 0.0,
            "steer": 0.0
        },
        {
            "throttle": 0.22747847541394595,
            "brake": 0.0,
            "steer": 0.0
        },
        {
            "throttle": 0.2272702660536201,
            "brake": 0.0,
            "steer": 0.0
        },
        {
            "throttle": 0.22702648000920111,
            "brake": 0.0,
            "steer": 0.0
        },
        {
            "throttle": 0.2267478888642288,
            "brake": 0.0,
            "steer": 0.0
        },
        {
            "throttle": 0.22643537436048772,
            "brake": 0.0,
            "steer": 0.0
        },
        {
            "throttle": 0.22608992560729146,
            "brake": 0.0,
            "steer": 0.0
        },
        {
            "throttle": 0.2257126359509491,
            "brake": 0.0,
            "steer": 0.0
        },
        {
            "throttle": 0.22530469951432075,
            "brake": 0.0,
            "steer": 0.0
        },
        {
            "throttle": 0.22486740741741537,
            "brake": 0.0,
            "steer": 0.0
        },
        {
            "throttle": 0.22440214369099204,
            "brake": 0.0,
            "steer": 0.0
        },
        {
            "throttle": 0.22391038089609866,
            "brake": 0.0,
            "steer": 0.0
        },
        {
            "throttle": 0.223393675463412,
            "brake": 0.0,
            "steer": 0.0
        },
        {
            "throttle": 0.22285366276712992,
            "brake": 0.0,
            "steer": 0.0
        },
        {
            "throttle": 0.22229205194900747,
            "brake": 0.0,
            "steer": 0.0
        },
        {
            "throttle": 0.22171062050891815,
            "brake": 0.0,
            "steer": 0.0
        },
        {
            "throttle": 0.2211112086790617,
            "brake": 0.0,
            "steer": 0.0
        },
        {
            "throttle": 0.22049571359962364,
            "brake": 0.0,
            "steer": 0.0
        },
        {
            "throttle": 0.2198660833143214,
            "brake": 0.0,
            "steer": 0.0
        },
        {
            "throttle": 0.21922431060483996,
            "brake": 0.0,
            "steer": 0.0
        },
        {
            "throttle": 0.21857242668367222,
            "brake": 0.0,
            "steer": 0.0
        },
        {
            "throttle": 0.21791249476532548,
            "brake": 0.0,
            "steer": 0.0
        },
        {
            "throttle": 0.2172466035362416,
            "brake": 0.0,
            "steer": 0.0
        },
        {
            "throttle": 0.21657686054409808,
            "brake": 0.0,
            "steer": 0.0
        },
        {
            "throttle": 0.2159053855274139,
            "brake": 0.0,
            "steer": 0.0
        },
        {
            "throttle": 0.21523430370657062,
            "brake": 0.0,
            "steer": 0.0
        },
        {
            "throttle": 0.21456573905748394,
            "brake": 0.0,
            "steer": 0.0
        },
        {
            "throttle": 0.2139018075892135,
            "brake": 0.0,
            "steer": 0.0
        },
        {
            "throttle": 0.2132446106467883,
            "brake": 0.0,
            "steer": 0.0
        },
        {
            "throttle": 0.21259622826044328,
            "brake": 0.0,
            "steer": 0.0
        },
        {
            "throttle": 0.2119587125623179,
            "brake": 0.0,
            "steer": 0.0
        },
        {
            "throttle": 0.21133408129145176,
            "brake": 0.0,
            "steer": 0.0
        },
        {
            "throttle": 0.2107243114076346,
            "brake": 0.0,
            "steer": 0.0
        },
        {
            "throttle": 0.21013133283432295,
            "brake": 0.0,
            "steer": 0.0
        },
        {
            "throttle": 0.20955702235042678,
            "brake": 0.0,
            "steer": 0.0
        },
        {
            "throttle": 0.2090031976502987,
            "brake": 0.0,
            "steer": 0.0
        },
        {
            "throttle": 0.20847161159072614,
            "brake": 0.0,
            "steer": 0.0
        },
        {
            "throttle": 0.20796394664313433,
            "brake": 0.0,
            "steer": 0.0
        },
        {
            "throttle": 0.20748180956855966,
            "brake": 0.0,
            "steer": 0.0
        },
        {
            "throttle": 0.20702672633224597,
            "brake": 0.0,
            "steer": 0.0
        },
        {
            "throttle": 0.2066001372739604,
            "brake": 0.0,
            "steer": 0.0
        },
        {
            "throttle": 0.20620339254931364,
            "brake": 0.0,
            "steer": 0.0
        },
        {
            "throttle": 0.20583774785651365,
            "brake": 0.0,
            "steer": 0.0
        },
        {
            "throttle": 0.2055043604620771,
            "brake": 0.0,
            "steer": 0.0
        },
        {
            "throttle": 0.2052042855380774,
            "brake": 0.0,
            "steer": 0.0
        },
        {
            "throttle": 0.20493847282252214,
            "brake": 0.0,
            "steer": 0.0
        },
        {
            "throttle": 0.20470776361342952,
            "brake": 0.0,
            "steer": 0.0
        },
        {
            "throttle": 0.20451288810611762,
            "brake": 0.0,
            "steer": 0.0
        },
        {
            "throttle": 0.2043544630821341,
            "brake": 0.0,
            "steer": 0.0
        },
        {
            "throttle": 0.20423298995714081,
            "brake": 0.0,
            "steer": 0.0
        },
        {
            "throttle": 0.2041488531939319,
            "brake": 0.0,
            "steer": 0.0
        },
        {
            "throttle": 0.20410231908560766,
            "brake": 0.0,
            "steer": 0.0
        },
        {
            "throttle": 0.20409353491275634,
            "brake": 0.0,
            "steer": 0.0
        },
        {
            "throttle": 0.2041225284773106,
            "brake": 0.0,
            "steer": 0.0
        }
    ],
    "parameters": {
        "fog_density": 76.86642069287305,
        "precipitation": 3.4366957811249432,
        "precipitation_deposits": 35.743185825074576,
        "wind_intensity": 31.293552108215728,
        "sun_altitude_angle": 79.78829480175608,
        "cloudiness": 99.4181493113899,
        "lead_base_throttle": 0.21602961790638622,
        "lead_behavior_frequency": 0.08954977061238038,
        "lead_throttle_variation": 0.012083472173841026,
        "lead_brake_probability": 0.024018738257185288,
        "lead_brake_intensity": 0.7480401531775924,
        "lead_brake_duration": 9.64125018452729,
        "initial_distance": 73.69551645971083,
        "initial_ego_velocity": 10.182433289614512,
        "initial_lead_velocity": 18.39488342537543
    },
    "config": {
        "num_timesteps": 200,
        "dt": 0.1,
        "seed": 109
    }
}