{
    "weather": {
        "cloudiness": 74.6733430615566,
        "precipitation": 53.863494551017425,
        "precipitation_deposits": 25.863529135736396,
        "wind_intensity": 17.043635087823723,
        "sun_altitude_angle": -11.594106022782903,
        "fog_density": 73.08075276168267,
        "fog_distance": 87.50799730216231,
        "wetness": 26.931747275508712
    },
    "initial_conditions": {
        "ego": {
            "position": {
                "x": 529.8113482287289,
                "y": 20.57,
                "z": 0.294
            },
            "yaw": 0.0,
            "velocity": 14.303303585042736
        },
        "lead": {
            "position": {
                "x": 484.88,
                "y": 20.57,
                "z": 0.294
            },
            "yaw": 0.0,
            "velocity": 15.372565868561779
        }
    },
    "ego": {
        "position": {
            "x": 529.8113482287289,
            "y": 20.57,
            "z": 0.294
        },
        "yaw": 0.0,
        "velocity": 14.303303585042736
    },
    "lead": {
        "position": {
            "x": 484.88,
            "y": 20.57,
            "z": 0.294
        },
        "yaw": 0.0,
        "velocity": 15.372565868561779
    },
    "ado_actions": [
        {
            "throttle": 0.5173444621695864,
            "brake": 0.0,
            "steer": 0.0
        },
        {
            "throttle": 0.5220609039015583,
            "brake": 0.0,
            "steer": 0.0
        },
        {
            "throttle": 0.5300592872974629,
            "brake": 0.0,
            "steer": 0.0
        },
        {
            "throttle": 0.5403159759429661,
            "brake": 0.0,
            "steer": 0.0
        },
        {
            "throttle": 0.552095100008004,
            "brake": 0.0,
            "steer": 0.0
        },
        {
            "throttle": 0.5648624684708968,
            "brake": 0.0,
            "steer": 0.0
        },
        {
            "throttle": 0.5782253868431134,
            "brake": 0.0,
            "steer": 0.0
        },
        {
            "throttle": 0.591890607411203,
            "brake": 0.0,
            "steer": 0.0
        },
        {
            "throttle": 0.6056349705845381,
            "brake": 0.0,
            "steer": 0.0
        },
        {
            "throttle": 0.619284928044869,
            "brake": 0.0,
            "steer": 0.0
        },
        {
            "throttle": 0.6327022808770275,
            "brake": 0.0,
            "steer": 0.0
        },
        {
            "throttle": 0.6457742656079047,
            "brake": 0.0,
            "steer": 0.0
        },
        {
            "throttle": 0.6584066809149871,
            "brake": 0.0,
            "steer": 0.0
        },
        {
            "throttle": 0.6705191396615293,
            "brake": 0.0,
            "steer": 0.0
        },
        {
            "throttle": 0.6820418052555389,
            "brake": 0.0,
            "steer": 0.0
        },
        {
            "throttle": 0.6929131633819392,
            "brake": 0.0,
            "steer": 0.0
        },
        {
            "throttle": 0.7030785146089698,
            "brake": 0.0,
            "steer": 0.0
        },
        {
            "throttle": 0.7124889675021948,
            "brake": 0.0,
            "steer": 0.0
        },
        {
            "throttle": 0.7211007777891333,
            "brake": 0.0,
            "steer": 0.0
        },
        {
            "throttle": 0.7288749252721396,
            "brake": 0.0,
            "steer": 0.0
        },
        {
            "throttle": 0.7357768525140056,
            "brake": 0.0,
            "steer": 0.0
        },
        {
            "throttle": 0.7417763119688404,
            "brake": 0.0,
            "steer": 0.0
        },
        {
            "throttle": 0.7468472841043472,
            "brake": 0.0,
            "steer": 0.0
        },
        {
            "throttle": 0.7509679401935134,
            "brake": 0.0,
            "steer": 0.0
        },
        {
            "throttle": 0.7541206312669121,
            "brake": 0.0,
            "steer": 0.0
        },
        {
            "throttle": 0.7562918902072295,
            "brake": 0.0,
            "steer": 0.0
        },
        {
            "throttle": 0.7574724378323731,
            "brake": 0.0,
            "steer": 0.0
        },
        {
            "throttle": 0.7576571865404558,
            "brake": 0.0,
            "steer": 0.0
        },
        {
            "throttle": 0.756845237020505,
            "brake": 0.0,
            "steer": 0.0
        },
        {
            "throttle": 0.755039864905825,
            "brake": 0.0,
            "steer": 0.0
        },
        {
            "throttle": 0.7522484952296812,
            "brake": 0.0,
            "steer": 0.0
        },
        {
            "throttle": 0.7484826632522903,
            "brake": 0.0,
            "steer": 0.0
        },
        {
            "throttle": 0.7437579607457455,
            "brake": 0.0,
            "steer": 0.0
        },
        {
            "throttle": 0.7380939672066005,
            "brake": 0.0,
            "steer": 0.0
        },
        {
            "throttle": 0.7315141657543095,
            "brake": 0.0,
            "steer": 0.0
        },
        {
            "throttle": 0.7240458436954125,
            "brake": 0.0,
            "steer": 0.0
        },
        {
            "throttle": 0.7157199779076812,
            "brake": 0.0,
            "steer": 0.0
        },
        {
            "throttle": 0.7065711053389172,
            "brake": 0.0,
            "steer": 0.0
        },
        {
            "throttle": 0.6966371790310998,
            "brake": 0.0,
            "steer": 0.0
        },
        {
            "throttle": 0.685959410178604,
            "brake": 0.0,
            "steer": 0.0
        },
        {
            "throttle": 0.6745820968137339,
            "brake": 0.0,
            "steer": 0.0
        },
        {
            "throttle": 0.6625524397869044,
            "brake": 0.0,
            "steer": 0.0
        },
        {
            "throttle": 0.6499203467745385,
            "brake": 0.0,
            "steer": 0.0
        },
        {
            "throttle": 0.6367382251065394,
            "brake": 0.0,
            "steer": 0.0
        },
        {
            "throttle": 0.6230607642579613,
            "brake": 0.0,
            "steer": 0.0
        },
        {
            "throttle": 0.6089447088968498,
            "brake": 0.0,
            "steer": 0.0
        },
        {
            "throttle": 0.5944486234225376,
            "brake": 0.0,
            "steer": 0.0
        },
        {
            "throttle": 0.5796326489661643,
            "brake": 0.0,
            "steer": 0.0
        },
        {
            "throttle": 0.5645582538580043,
            "brake": 0.0,
            "steer": 0.0
        },
        {
            "throttle": 0.5492879785943577,
            "brake": 0.0,
            "steer": 0.0
        },
        {
            "throttle": 0.5338851763603318,
            "brake": 0.0,
            "steer": 0.0
        },
        {
            "throttle": 0.5184137501838053,
            "brake": 0.0,
            "steer": 0.0
        },
        {
            "throttle": 0.5029378878102121,
            "brake": 0.0,
            "steer": 0.0
        },
        {
            "throttle": 0.48752179539749074,
            "brake": 0.0,
            "steer": 0.0
        },
        {
            "throttle": 0.472229431135627,
            "brake": 0.0,
            "steer": 0.0
        },
        {
            "throttle": 0.4571242398956512,
            "brake": 0.0,
            "steer": 0.0
        },
        {
            "throttle": 0.4422688900087716,
            "brake": 0.0,
            "steer": 0.0
        },
        {
            "throttle": 0.4277250132675484,
            "brake": 0.0,
            "steer": 0.0
        },
        {
            "throttle": 0.41355294922768976,
            "brake": 0.0,
            "steer": 0.0
        },
        {
            "throttle": 0.39981149487123824,
            "brake": 0.0,
            "steer": 0.0
        },
        {
            "throttle": 0.386557660669694,
            "brake": 0.0,
            "steer": 0.0
        },
        {
            "throttle": 0.3738464340590843,
            "brake": 0.0,
            "steer": 0.0
        },
        {
            "throttle": 0.36173055130824855,
            "brake": 0.0,
            "steer": 0.0
        },
        {
            "throttle": 0.3502602787267932,
            "brake": 0.0,
            "steer": 0.0
        },
        {
            "throttle": 0.33948320412042854,
            "brake": 0.0,
            "steer": 0.0
        },
        {
            "throttle": 0.3294440393588871,
            "brake": 0.0,
            "steer": 0.0
        },
        {
            "throttle": 0.3201844348755243,
            "brake": 0.0,
            "steer": 0.0
        },
        {
            "throttle": 0.3117428068681989,
            "brake": 0.0,
            "steer": 0.0
        },
        {
            "throttle": 0.30415417791833965,
            "brake": 0.0,
            "steer": 0.0
        },
        {
            "throttle": 0.29745003168943424,
            "brake": 0.0,
            "steer": 0.0
        },
        {
            "throttle": 0.2916581823077656,
            "brake": 0.0,
            "steer": 0.0
        },
        {
            "throttle": 0.28680265896730683,
            "brake": 0.0,
            "steer": 0.0
        },
        {
            "throttle": 0.28290360623752514,
            "brake": 0.0,
            "steer": 0.0
        },
        {
            "throttle": 0.27997720048769614,
            "brake": 0.0,
            "steer": 0.0
        },
        {
            "throttle": 0.2780355827744668,
            "brake": 0.0,
            "steer": 0.0
        },
        {
            "throttle": 0.2770868084711031,
            "brake": 0.0,
            "steer": 0.0
        },
        {
            "throttle": 0.2771348138473988,
            "brake": 0.0,
            "steer": 0.0
        },
        {
            "throttle": 0.2781793997388998,
            "brake": 0.0,
            "steer": 0.0
        },
        {
            "throttle": 0.28021623237319637,
            "brake": 0.0,
            "steer": 0.0
        },
        {
            "throttle": 0.28323686134985426,
            "brake": 0.0,
            "steer": 0.0
        },
        {
            "throttle": 0.2872287546993915,
            "brake": 0.0,
            "steer": 0.0
        },
        {
            "throttle": 0.29217535087584656,
            "brake": 0.0,
            "steer": 0.0
        },
        {
            "throttle": 0.2980561274672323,
            "brake": 0.0,
            "steer": 0.0
        },
        {
            "throttle": 0.30484668633881007,
            "brake": 0.0,
            "steer": 0.0
        },
        {
            "throttle": 0.3125188548559415,
            "brake": 0.0,
            "steer": 0.0
        },
        {
            "throttle": 0.3210408027665658,
            "brake": 0.0,
            "steer": 0.0
        },
        {
            "throttle": 0.3303771742583807,
            "brake": 0.0,
            "steer": 0.0
        },
        {
            "throttle": 0.34048923464284886,
            "brake": 0.0,
            "steer": 0.0
        },
        {
            "throttle": 0.35133503105746844,
            "brake": 0.0,
            "steer": 0.0
        },
        {
            "throttle": 0.36286956651958646,
            "brake": 0.0,
            "steer": 0.0
        },
        {
            "throttle": 0.37504498660964203,
            "brake": 0.0,
            "steer": 0.0
        },
        {
            "throttle": 0.38781077800932817,
            "brake": 0.0,
            "steer": 0.0
        },
        {
            "throttle": 0.40111397807097904,
            "brake": 0.0,
            "steer": 0.0
        },
        {
            "throttle": 0.4148993945487218,
            "brake": 0.0,
            "steer": 0.0
        },
        {
            "throttle": 0.42910983457977386,
            "brake": 0.0,
            "steer": 0.0
        },
        {
            "throttle": 0.4436863419658881,
            "brake": 0.0,
            "steer": 0.0
        },
        {
            "throttle": 0.45856844177051587,
            "brake": 0.0,
            "steer": 0.0
        },
        {
            "throttle": 0.47369439121690327,
            "brake": 0.0,
            "steer": 0.0
        },
        {
            "throttle": 0.4890014358461955,
            "brake": 0.0,
            "steer": 0.0
        },
        {
            "throttle": 0.5044260698728034,
            "brake": 0.0,
            "steer": 0.0
        },
        {
            "throttle": 0.5199042996568698,
            "brake": 0.0,
            "steer": 0.0
        },
        {
            "throttle": 0.5353719092007431,
            "brake": 0.0,
            "steer": 0.0
        },
        {
            "throttle": 0.5507647265679678,
            "brake": 0.0,
            "steer": 0.0
        },
        {
            "throttle": 0.5660188901194744,
            "brake": 0.0,
            "steer": 0.0
        },
        {
            "throttle": 0.5810711134624087,
            "brake": 0.0,
            "steer": 0.0
        },
        {
            "throttle": 0.5958589480123833,
            "brake": 0.0,
            "steer": 0.0
        },
        {
            "throttle": 0.6103210420798326,
            "brake": 0.0,
            "steer": 0.0
        },
        {
            "throttle": 0.624397395405578,
            "brake": 0.0,
            "steer": 0.0
        },
        {
            "throttle": 0.6380296080895844,
            "brake": 0.0,
            "steer": 0.0
        },
        {
            "throttle": 0.6511611228801559,
            "brake": 0.0,
            "steer": 0.0
        },
        {
            "throttle": 0.6637374598183622,
            "brake": 0.0,
            "steer": 0.0
        },
        {
            "throttle": 0.6757064422642026,
            "brake": 0.0,
            "steer": 0.0
        },
        {
            "throttle": 0.6870184133667738,
            "brake": 0.0,
            "steer": 0.0
        },
        {
            "throttle": 0.6976264420803496,
            "brake": 0.0,
            "steer": 0.0
        },
        {
            "throttle": 0.7074865178716543,
            "brake": 0.0,
            "steer": 0.0
        },
        {
            "throttle": 0.7165577333105302,
            "brake": 0.0,
            "steer": 0.0
        },
        {
            "throttle": 0.7248024537864663,
            "brake": 0.0,
            "steer": 0.0
        },
        {
            "throttle": 0.7321864736468715,
            "brake": 0.0,
            "steer": 0.0
        },
        {
            "throttle": 0.7386791581093043,
            "brake": 0.0,
            "steer": 0.0
        },
        {
            "throttle": 0.7442535703588956,
            "brake": 0.0,
            "steer": 0.0
        },
        {
            "throttle": 0.748886583303664,
            "brake": 0.0,
            "steer": 0.0
        },
        {
            "throttle": 0.7525589755240716,
            "brake": 0.0,
            "steer": 0.0
        },
        {
            "throttle": 0.755255511018748,
            "brake": 0.0,
            "steer": 0.0
        },
        {
            "throttle": 0.7569650024155319,
            "brake": 0.0,
            "steer": 0.0
        },
        {
            "throttle": 0.7576803573855811,
            "brake": 0.0,
            "steer": 0.0
        },
        {
            "throttle": 0.7573986080679894,
            "brake": 0.0,
            "steer": 0.0
        },
        {
            "throttle": 0.7561209233828315,
            "brake": 0.0,
            "steer": 0.0
        },
        {
            "throttle": 0.753852604181554,
            "brake": 0.0,
            "steer": 0.0
        },
        {
            "throttle": 0.7506030612548309,
            "brake": 0.0,
            "steer": 0.0
        },
        {
            "throttle": 0.7463857762891253,
            "brake": 0.0,
            "steer": 0.0
        },
        {
            "throttle": 0.7412182459339397,
            "brake": 0.0,
            "steer": 0.0
        },
        {
            "throttle": 0.73512190921181,
            "brake": 0.0,
            "steer": 0.0
        },
        {
            "throttle": 0.7281220585722017,
            "brake": 0.0,
            "steer": 0.0
        },
        {
            "throttle": 0.7202477349583303,
            "brake": 0.0,
            "steer": 0.0
        },
        {
            "throttle": 0.7115316073222498,
            "brake": 0.0,
            "steer": 0.0
        },
        {
            "throttle": 0.7020098370880777,
            "brake": 0.0,
            "steer": 0.0
        },
        {
            "throttle": 0.6917219281256705,
            "brake": 0.0,
            "steer": 0.0
        },
        {
            "throttle": 0.6807105628571773,
            "brake": 0.0,
            "steer": 0.0
        },
        {
            "throttle": 0.6690214251764344,
            "brake": 0.0,
            "steer": 0.0
        },
        {
            "throttle": 0.46831499762350404,
            "brake": 0.1328973245242173,
            "steer": 0.0
        },
        {
            "throttle": 0.3278204983364528,
            "brake": 0.2259254516911694,
            "steer": 0.0
        },
        {
            "throttle": 0.22947434883551696,
            "brake": 0.2910451407080359,
            "steer": 0.0
        },
        {
            "throttle": 0.16063204418486185,
            "brake": 0.3366289230198424,
            "steer": 0.0
        },
        {
            "throttle": 0.11244243092940329,
            "brake": 0.36853757063810694,
            "steer": 0.0
        },
        {
            "throttle": 0.24471410204251748,
            "brake": 0.25797629944667483,
            "steer": 0.0
        },
        {
            "throttle": 0.3326169637643358,
            "brake": 0.18058340961267236,
            "steer": 0.0
        },
        {
            "throttle": 0.38943629420338344,
            "brake": 0.12640838672887064,
            "steer": 0.0
        },
        {
            "throttle": 0.42449133994741073,
            "brake": 0.08848587071020944,
            "steer": 0.0
        },
        {
            "throttle": 0.4443251496357272,
            "brake": 0.0619401094971466,
            "steer": 0.0
        },
        {
            "throttle": 0.4535373762429148,
            "brake": 0.04335807664800262,
            "steer": 0.0
        },
        {
            "throttle": 0.45536715769740616,
            "brake": 0.03035065365360183,
            "steer": 0.0
        },
        {
            "throttle": 0.45210105290733726,
            "brake": 0.02124545755752128,
            "steer": 0.0
        },
        {
            "throttle": 0.44535851747795396,
            "brake": 0.014871820290264896,
            "steer": 0.0
        },
        {
            "throttle": 0.4362916584494004,
            "brake": 0.010410274203185427,
            "steer": 0.0
        },
        {
            "throttle": 0.42572498590977126,
            "brake": 0.007287191942229799,
            "steer": 0.0
        },
        {
            "throttle": 0.4142531643000722,
            "brake": 0.0051010343595608585,
            "steer": 0.0
        },
        {
            "throttle": 0.40230936569316944,
            "brake": 0.0035707240516926007,
            "steer": 0.0
        },
        {
            "throttle": 0.3902130469455312,
            "brake": 0.0024995068361848205,
            "steer": 0.0
        },
        {
            "throttle": 0.3782033263419344,
            "brake": 0.0017496547853293742,
            "steer": 0.0
        },
        {
            "throttle": 0.3664622829467248,
            "brake": 0.0012247583497305618,
            "steer": 0.0
        },
        {
            "throttle": 0.3551312051779142,
            "brake": 0.0008573308448113933,
            "steer": 0.0
        },
        {
            "throttle": 0.34432190741846735,
            "brake": 0.0006001315913679753,
            "steer": 0.0
        },
        {
            "throttle": 0.33412459807293216,
            "brake": 0.0004200921139575827,
            "steer": 0.0
        },
        {
            "throttle": 0.3246133376773735,
            "brake": 0.00029406447977030787,
            "steer": 0.0
        },
        {
            "throttle": 0.315849814293673,
            "brake": 0.0002058451358392155,
            "steer": 0.0
        },
        {
            "throttle": 0.30788594543780595,
            "brake": 0.00014409159508745083,
            "steer": 0.0
        },
        {
            "throttle": 0.30076566318629355,
            "brake": 0.00010086411656121558,
            "steer": 0.0
        },
        {
            "throttle": 0.29452613226213353,
            "brake": 7.06048815928509e-05,
            "steer": 0.0
        },
        {
            "throttle": 0.2891985760917623,
            "brake": 4.942341711499563e-05,
            "steer": 0.0
        },
        {
            "throttle": 0.28480883343750624,
            "brake": 3.459639198049694e-05,
            "steer": 0.0
        },
        {
            "throttle": 0.2813777315182878,
            "brake": 2.4217474386347857e-05,
            "steer": 0.0
        },
        {
            "throttle": 0.27892133582606854,
            "brake": 1.69522320704435e-05,
            "steer": 0.0
        },
        {
            "throttle": 0.27745111883043005,
            "brake": 1.1866562449310448e-05,
            "steer": 0.0
        },
        {
            "throttle": 0.27697407713155925,
            "brake": 8.306593714517313e-06,
            "steer": 0.0
        },
        {
            "throttle": 0.27749281775772483,
            "brake": 5.814615600162119e-06,
            "steer": 0.0
        },
        {
            "throttle": 0.27900562807670626,
            "brake": 4.070230920113483e-06,
            "steer": 0.0
        },
        {
            "throttle": 0.2815065394103712,
            "brake": 2.8491616440794377e-06,
            "steer": 0.0
        },
        {
            "throttle": 0.28498539135394807,
            "brake": 1.994413150855606e-06,
            "steer": 0.0
        },
        {
            "throttle": 0.28942790161897636,
            "brake": 1.3960892055989243e-06,
            "steer": 0.0
        },
        {
            "throttle": 0.29481574467025057,
            "brake": 9.77262443919247e-07,
            "steer": 0.0
        },
        {
            "throttle": 0.3011266413225672,
            "brake": 6.840837107434728e-07,
            "steer": 0.0
        },
        {
            "throttle": 0.30833446066999426,
            "brake": 4.788585975204309e-07,
            "steer": 0.0
        },
        {
            "throttle": 0.3164093351458879,
            "brake": 3.352010182643016e-07,
            "steer": 0.0
        },
        {
            "throttle": 0.32531778909107206,
            "brake": 2.346407127850111e-07,
            "steer": 0.0
        },
        {
            "throttle": 0.33502288089511945,
            "brake": 1.6424849894950777e-07,
            "steer": 0.0
        },
        {
            "throttle": 0.3454843585398597,
            "brake": 1.1497394926465543e-07,
            "steer": 0.0
        },
        {
            "throttle": 0.3566588281929847,
            "brake": 8.048176448525879e-08,
            "steer": 0.0
        },
        {
            "throttle": 0.3684999353575215,
            "brake": 5.633723513968115e-08,
            "steer": 0.0
        },
        {
            "throttle": 0.3809585579692843,
            "brake": 3.9436064597776804e-08,
            "steer": 0.0
        },
        {
            "throttle": 0.3939830107417457,
            "brake": 2.7605245218443762e-08,
            "steer": 0.0
        },
        {
            "throttle": 0.4075192599809381,
            "brake": 1.9323671652910634e-08,
            "steer": 0.0
        },
        {
            "throttle": 0.4215111480284375,
            "brake": 1.3526570157037443e-08,
            "steer": 0.0
        },
        {
            "throttle": 0.43590062643575606,
            "brake": 9.46859910992621e-09,
            "steer": 0.0
        },
        {
            "throttle": 0.4506279969268949,
            "brake": 6.628019376948347e-09,
            "steer": 0.0
        },
        {
            "throttle": 0.46563215916625494,
            "brake": 4.639613563863842e-09,
            "steer": 0.0
        },
        {
            "throttle": 0.48085086431580026,
            "brake": 3.2477294947046893e-09,
            "steer": 0.0
        },
        {
            "throttle": 0.4962209733377967,
            "brake": 2.273410646293282e-09,
            "steer": 0.0
        },
        {
            "throttle": 0.5116787189772799,
            "brake": 1.5913874524052975e-09,
            "steer": 0.0
        },
        {
            "throttle": 0.5271599703413987,
            "brake": 1.1139712166837081e-09,
            "steer": 0.0
        },
        {
            "throttle": 0.5426004989807893,
            "brake": 7.797798516785957e-10,
            "steer": 0.0
        }
    ],
    "parameters": {
        "fog_density": 73.08075276168267,
        "precipitation": 53.863494551017425,
        "precipitation_deposits": 25.863529135736396,
        "wind_intensity": 17.043635087823723,
        "sun_altitude_angle": -11.594106022782903,
        "cloudiness": 74.6733430615566,
        "lead_base_throttle": 0.5173444621695864,
        "lead_behavior_frequency": 0.10253123943675287,
        "lead_throttle_variation": 0.244206707465849,
        "lead_brake_probability": 0.05487667285930313,
        "lead_brake_intensity": 0.442991081747391,
        "lead_brake_duration": 5.9413617672978685,
        "initial_distance": 44.93134822872885,
        "initial_ego_velocity": 14.303303585042736,
        "initial_lead_velocity": 15.372565868561779
    },
    "config": {
        "num_timesteps": 200,
        "dt": 0.1,
        "seed": 218
    }
}