{
    "weather": {
        "cloudiness": 80.7703020241806,
        "precipitation": 9.729187613422019,
        "precipitation_deposits": 81.74967958011634,
        "wind_intensity": 27.941960260810877,
        "sun_altitude_angle": -9.0333198325797,
        "fog_density": 79.42649294355209,
        "fog_distance": 70.82453740664123,
        "wetness": 4.864593806711009
    },
    "initial_conditions": {
        "ego": {
            "position": {
                "x": 541.4546160326896,
                "y": 20.57,
                "z": 0.294
            },
            "yaw": 0.0,
            "velocity": 15.084818759262527
        },
        "lead": {
            "position": {
                "x": 484.88,
                "y": 20.57,
                "z": 0.294
            },
            "yaw": 0.0,
            "velocity": 11.031540161688975
        }
    },
    "ego": {
        "position": {
            "x": 541.4546160326896,
            "y": 20.57,
            "z": 0.294
        },
        "yaw": 0.0,
        "velocity": 15.084818759262527
    },
    "lead": {
        "position": {
            "x": 484.88,
            "y": 20.57,
            "z": 0.294
        },
        "yaw": 0.0,
        "velocity": 11.031540161688975
    },
    "ado_actions": [
        {
            "throttle": 0.2253781838245722,
            "brake": 0.0,
            "steer": 0.0
        },
        {
            "throttle": 0.23416812249415292,
            "brake": 0.0,
            "steer": 0.0
        },
        {
            "throttle": 0.24906285319096655,
            "brake": 0.0,
            "steer": 0.0
        },
        {
            "throttle": 0.268134872147378,
            "brake": 0.0,
            "steer": 0.0
        },
        {
            "throttle": 0.28998755200882914,
            "brake": 0.0,
            "steer": 0.0
        },
        {
            "throttle": 0.3135966649035426,
            "brake": 0.0,
            "steer": 0.0
        },
        {
            "throttle": 0.3381997038772596,
            "brake": 0.0,
            "steer": 0.0
        },
        {
            "throttle": 0.3632186574777431,
            "brake": 0.0,
            "steer": 0.0
        },
        {
            "throttle": 0.3882061944707657,
            "brake": 0.0,
            "steer": 0.0
        },
        {
            "throttle": 0.41280822724595523,
            "brake": 0.0,
            "steer": 0.0
        },
        {
            "throttle": 0.43673793062056676,
            "brake": 0.0,
            "steer": 0.0
        },
        {
            "throttle": 0.45975776850710737,
            "brake": 0.0,
            "steer": 0.0
        },
        {
            "throttle": 0.48166711400104656,
            "brake": 0.0,
            "steer": 0.0
        },
        {
            "throttle": 0.5022937716742806,
            "brake": 0.0,
            "steer": 0.0
        },
        {
            "throttle": 0.5214882171928877,
            "brake": 0.0,
            "steer": 0.0
        },
        {
            "throttle": 0.5391197238886394,
            "brake": 0.0,
            "steer": 0.0
        },
        {
            "throttle": 0.5550737941545223,
            "brake": 0.0,
            "steer": 0.0
        },
        {
            "throttle": 0.5692504873909935,
            "brake": 0.0,
            "steer": 0.0
        },
        {
            "throttle": 0.5815633580214179,
            "brake": 0.0,
            "steer": 0.0
        },
        {
            "throttle": 0.5919388024453238,
            "brake": 0.0,
            "steer": 0.0
        },
        {
            "throttle": 0.6003156736424886,
            "brake": 0.0,
            "steer": 0.0
        },
        {
            "throttle": 0.6066450641338714,
            "brake": 0.0,
            "steer": 0.0
        },
        {
            "throttle": 0.610890187504628,
            "brake": 0.0,
            "steer": 0.0
        },
        {
            "throttle": 0.6130263094495749,
            "brake": 0.0,
            "steer": 0.0
        },
        {
            "throttle": 0.6130406939367615,
            "brake": 0.0,
            "steer": 0.0
        },
        {
            "throttle": 0.6109325404366215,
            "brake": 0.0,
            "steer": 0.0
        },
        {
            "throttle": 0.6067128955173916,
            "brake": 0.0,
            "steer": 0.0
        },
        {
            "throttle": 0.6004045273609261,
            "brake": 0.0,
            "steer": 0.0
        },
        {
            "throttle": 0.5920417555353055,
            "brake": 0.0,
            "steer": 0.0
        },
        {
            "throttle": 0.5816702311111676,
            "brake": 0.0,
            "steer": 0.0
        },
        {
            "throttle": 0.5693466642345417,
            "brake": 0.0,
            "steer": 0.0
        },
        {
            "throttle": 0.5551384977845029,
            "brake": 0.0,
            "steer": 0.0
        },
        {
            "throttle": 0.5391235268987388,
            "brake": 0.0,
            "steer": 0.0
        },
        {
            "throttle": 0.5213894650482771,
            "brake": 0.0,
            "steer": 0.0
        },
        {
            "throttle": 0.5020334580565828,
            "brake": 0.0,
            "steer": 0.0
        },
        {
            "throttle": 0.4811615480382346,
            "brake": 0.0,
            "steer": 0.0
        },
        {
            "throttle": 0.4588880897131303,
            "brake": 0.0,
            "steer": 0.0
        },
        {
            "throttle": 0.43533512195756735,
            "brake": 0.0,
            "steer": 0.0
        },
        {
            "throttle": 0.41063169779992204,
            "brake": 0.0,
            "steer": 0.0
        },
        {
            "throttle": 0.38491317636713074,
            "brake": 0.0,
            "steer": 0.0
        },
        {
            "throttle": 0.35832048054620613,
            "brake": 0.0,
            "steer": 0.0
        },
        {
            "throttle": 0.3309993243475673,
            "brake": 0.0,
            "steer": 0.0
        },
        {
            "throttle": 0.3030994141472561,
            "brake": 0.0,
            "steer": 0.0
        },
        {
            "throttle": 0.2747736281452386,
            "brake": 0.0,
            "steer": 0.0
        },
        {
            "throttle": 0.24617717850824766,
            "brake": 0.0,
            "steer": 0.0
        },
        {
            "throttle": 0.21746676076883426,
            "brake": 0.0,
            "steer": 0.0
        },
        {
            "throttle": 0.18879969512795033,
            "brake": 0.0,
            "steer": 0.0
        },
        {
            "throttle": 0.16033306435683245,
            "brake": 0.0,
            "steer": 0.0
        },
        {
            "throttle": 0.13222285301544537,
            "brake": 0.0,
            "steer": 0.0
        },
        {
            "throttle": 0.1046230926995301,
            "brake": 0.0,
            "steer": 0.0
        },
        {
            "throttle": 0.07768501799666508,
            "brake": 0.0,
            "steer": 0.0
        },
        {
            "throttle": 0.054379512597665554,
            "brake": 0.0,
            "steer": 0.0
        },
        {
            "throttle": 0.038065658818365884,
            "brake": 0.0,
            "steer": 0.0
        },
        {
            "throttle": 0.026645961172856118,
            "brake": 0.0,
            "steer": 0.0
        },
        {
            "throttle": 0.01865217282099928,
            "brake": 0.0,
            "steer": 0.0
        },
        {
            "throttle": 0.013056520974699495,
            "brake": 0.0,
            "steer": 0.0
        },
        {
            "throttle": 0.009139564682289646,
            "brake": 0.0,
            "steer": 0.0
        },
        {
            "throttle": 0.006397695277602752,
            "brake": 0.0,
            "steer": 0.0
        },
        {
            "throttle": 0.0044783866943219255,
            "brake": 0.0,
            "steer": 0.0
        },
        {
            "throttle": 0.0031348706860253477,
            "brake": 0.0,
            "steer": 0.0
        },
        {
            "throttle": 0.002194409480217743,
            "brake": 0.0,
            "steer": 0.0
        },
        {
            "throttle": 0.0015360866361524201,
            "brake": 0.0,
            "steer": 0.0
        },
        {
            "throttle": 0.001075260645306694,
            "brake": 0.0,
            "steer": 0.0
        },
        {
            "throttle": 0.0007526824517146857,
            "brake": 0.0,
            "steer": 0.0
        },
        {
            "throttle": 0.00052687771620028,
            "brake": 0.0,
            "steer": 0.0
        },
        {
            "throttle": 0.00036881440134019596,
            "brake": 0.0,
            "steer": 0.0
        },
        {
            "throttle": 0.00025817008093813716,
            "brake": 0.0,
            "steer": 0.0
        },
        {
            "throttle": 0.000180719056656696,
            "brake": 0.0,
            "steer": 0.0
        },
        {
            "throttle": 0.00012650333965968718,
            "brake": 0.0,
            "steer": 0.0
        },
        {
            "throttle": 8.855233776178102e-05,
            "brake": 0.0,
            "steer": 0.0
        },
        {
            "throttle": 6.19866364332467e-05,
            "brake": 0.0,
            "steer": 0.0
        },
        {
            "throttle": 4.339064550327269e-05,
            "brake": 0.0,
            "steer": 0.0
        },
        {
            "throttle": 3.037345185229088e-05,
            "brake": 0.0,
            "steer": 0.0
        },
        {
            "throttle": 2.1261416296603616e-05,
            "brake": 0.0,
            "steer": 0.0
        },
        {
            "throttle": 1.488299140762253e-05,
            "brake": 0.0,
            "steer": 0.0
        },
        {
            "throttle": 1.041809398533577e-05,
            "brake": 0.0,
            "steer": 0.0
        },
        {
            "throttle": 7.292665789735039e-06,
            "brake": 0.0,
            "steer": 0.0
        },
        {
            "throttle": 0.0022977228625693027,
            "brake": 0.0,
            "steer": 0.0
        },
        {
            "throttle": 0.011422657156633568,
            "brake": 0.0,
            "steer": 0.0
        },
        {
            "throttle": 0.025648458821842697,
            "brake": 0.0,
            "steer": 0.0
        },
        {
            "throttle": 0.04371863141334786,
            "brake": 0.0,
            "steer": 0.0
        },
        {
            "throttle": 0.06470917657681341,
            "brake": 0.0,
            "steer": 0.0
        },
        {
            "throttle": 0.08792758808616227,
            "brake": 0.0,
            "steer": 0.0
        },
        {
            "throttle": 0.11284239812655258,
            "brake": 0.0,
            "steer": 0.0
        },
        {
            "throttle": 0.13903411566188914,
            "brake": 0.0,
            "steer": 0.0
        },
        {
            "throttle": 0.1661611433717818,
            "brake": 0.0,
            "steer": 0.0
        },
        {
            "throttle": 0.1939361822722637,
            "brake": 0.0,
            "steer": 0.0
        },
        {
            "throttle": 0.22210997896045348,
            "brake": 0.0,
            "steer": 0.0
        },
        {
            "throttle": 0.2504602124946278,
            "brake": 0.0,
            "steer": 0.0
        },
        {
            "throttle": 0.2787839773721734,
            "brake": 0.0,
            "steer": 0.0
        },
        {
            "throttle": 0.30689278069261544,
            "brake": 0.0,
            "steer": 0.0
        },
        {
            "throttle": 0.33460929474711953,
            "brake": 0.0,
            "steer": 0.0
        },
        {
            "throttle": 0.36176533250848697,
            "brake": 0.0,
            "steer": 0.0
        },
        {
            "throttle": 0.38820067189080953,
            "brake": 0.0,
            "steer": 0.0
        },
        {
            "throttle": 0.4137624655643448,
            "brake": 0.0,
            "steer": 0.0
        },
        {
            "throttle": 0.43830505079967863,
            "brake": 0.0,
            "steer": 0.0
        },
        {
            "throttle": 0.4616900282512231,
            "brake": 0.0,
            "steer": 0.0
        },
        {
            "throttle": 0.4837865167560044,
            "brake": 0.0,
            "steer": 0.0
        },
        {
            "throttle": 0.5044715180069124,
            "brake": 0.0,
            "steer": 0.0
        },
        {
            "throttle": 0.5236303437809084,
            "brake": 0.0,
            "steer": 0.0
        },
        {
            "throttle": 0.5411570716562971,
            "brake": 0.0,
            "steer": 0.0
        },
        {
            "throttle": 0.5569550045145115,
            "brake": 0.0,
            "steer": 0.0
        },
        {
            "throttle": 0.5709371157633572,
            "brake": 0.0,
            "steer": 0.0
        },
        {
            "throttle": 0.583026466960451,
            "brake": 0.0,
            "steer": 0.0
        },
        {
            "throttle": 0.5931565879313195,
            "brake": 0.0,
            "steer": 0.0
        },
        {
            "throttle": 0.6012718119672726,
            "brake": 0.0,
            "steer": 0.0
        },
        {
            "throttle": 0.6073275605339169,
            "brake": 0.0,
            "steer": 0.0
        },
        {
            "throttle": 0.6112905733175478,
            "brake": 0.0,
            "steer": 0.0
        },
        {
            "throttle": 0.6131390805199918,
            "brake": 0.0,
            "steer": 0.0
        },
        {
            "throttle": 0.6128629151775844,
            "brake": 0.0,
            "steer": 0.0
        },
        {
            "throttle": 0.6104635639926754,
            "brake": 0.0,
            "steer": 0.0
        },
        {
            "throttle": 0.605954155771822,
            "brake": 0.0,
            "steer": 0.0
        },
        {
            "throttle": 0.5993593870949112,
            "brake": 0.0,
            "steer": 0.0
        },
        {
            "throttle": 0.5907153853151335,
            "brake": 0.0,
            "steer": 0.0
        },
        {
            "throttle": 0.5800695094253411,
            "brake": 0.0,
            "steer": 0.0
        },
        {
            "throttle": 0.5674800897313428,
            "brake": 0.0,
            "steer": 0.0
        },
        {
            "throttle": 0.5530161076531802,
            "brake": 0.0,
            "steer": 0.0
        },
        {
            "throttle": 0.5367568173351343,
            "brake": 0.0,
            "steer": 0.0
        },
        {
            "throttle": 0.5187913110862132,
            "brake": 0.0,
            "steer": 0.0
        },
        {
            "throttle": 0.4992180309961547,
            "brake": 0.0,
            "steer": 0.0
        },
        {
            "throttle": 0.47814422937776324,
            "brake": 0.0,
            "steer": 0.0
        },
        {
            "throttle": 0.45568538097440137,
            "brake": 0.0,
            "steer": 0.0
        },
        {
            "throttle": 0.4319645501410798,
            "brake": 0.0,
            "steer": 0.0
        },
        {
            "throttle": 0.40711171645803657,
            "brake": 0.0,
            "steer": 0.0
        },
        {
            "throttle": 0.38126306246606934,
            "brake": 0.0,
            "steer": 0.0
        },
        {
            "throttle": 0.35456022742226956,
            "brake": 0.0,
            "steer": 0.0
        },
        {
            "throttle": 0.3271495311622731,
            "brake": 0.0,
            "steer": 0.0
        },
        {
            "throttle": 0.29918117231984,
            "brake": 0.0,
            "steer": 0.0
        },
        {
            "throttle": 0.27080840529571326,
            "brake": 0.0,
            "steer": 0.0
        },
        {
            "throttle": 0.24218670048458535,
            "brake": 0.0,
            "steer": 0.0
        },
        {
            "throttle": 0.213472892361051,
            "brake": 0.0,
            "steer": 0.0
        },
        {
            "throttle": 0.1848243200921632,
            "brake": 0.0,
            "steer": 0.0
        },
        {
            "throttle": 0.1563979653853114,
            "brake": 0.0,
            "steer": 0.0
        },
        {
            "throttle": 0.1283495922953952,
            "brake": 0.0,
            "steer": 0.0
        },
        {
            "throttle": 0.10083289370460591,
            "brake": 0.0,
            "steer": 0.0
        },
        {
            "throttle": 0.07399864915161257,
            "brake": 0.0,
            "steer": 0.0
        },
        {
            "throttle": 0.051799054406128794,
            "brake": 0.0,
            "steer": 0.0
        },
        {
            "throttle": 0.03625933808429015,
            "brake": 0.0,
            "steer": 0.0
        },
        {
            "throttle": 0.025381536659003105,
            "brake": 0.0,
            "steer": 0.0
        },
        {
            "throttle": 0.017767075661302173,
            "brake": 0.0,
            "steer": 0.0
        },
        {
            "throttle": 0.01243695296291152,
            "brake": 0.0,
            "steer": 0.0
        },
        {
            "throttle": 0.008705867074038065,
            "brake": 0.0,
            "steer": 0.0
        },
        {
            "throttle": 0.006094106951826645,
            "brake": 0.0,
            "steer": 0.0
        },
        {
            "throttle": 0.004265874866278651,
            "brake": 0.0,
            "steer": 0.0
        },
        {
            "throttle": 0.002986112406395055,
            "brake": 0.0,
            "steer": 0.0
        },
        {
            "throttle": 0.0020902786844765385,
            "brake": 0.0,
            "steer": 0.0
        },
        {
            "throttle": 0.001463195079133577,
            "brake": 0.0,
            "steer": 0.0
        },
        {
            "throttle": 0.0010242365553935037,
            "brake": 0.0,
            "steer": 0.0
        },
        {
            "throttle": 0.0007169655887754526,
            "brake": 0.0,
            "steer": 0.0
        },
        {
            "throttle": 0.0005018759121428168,
            "brake": 0.0,
            "steer": 0.0
        },
        {
            "throttle": 0.00035131313849997176,
            "brake": 0.0,
            "steer": 0.0
        },
        {
            "throttle": 0.00024591919694998024,
            "brake": 0.0,
            "steer": 0.0
        },
        {
            "throttle": 0.00017214343786498617,
            "brake": 0.0,
            "steer": 0.0
        },
        {
            "throttle": 0.00012050040650549031,
            "brake": 0.0,
            "steer": 0.0
        },
        {
            "throttle": 8.43502845538432e-05,
            "brake": 0.0,
            "steer": 0.0
        },
        {
            "throttle": 5.904519918769024e-05,
            "brake": 0.0,
            "steer": 0.0
        },
        {
            "throttle": 4.133163943138317e-05,
            "brake": 0.0,
            "steer": 0.0
        },
        {
            "throttle": 2.8932147601968215e-05,
            "brake": 0.0,
            "steer": 0.0
        },
        {
            "throttle": 2.025250332137775e-05,
            "brake": 0.0,
            "steer": 0.0
        },
        {
            "throttle": 1.4176752324964424e-05,
            "brake": 0.0,
            "steer": 0.0
        },
        {
            "throttle": 9.923726627475096e-06,
            "brake": 0.0,
            "steer": 0.0
        },
        {
            "throttle": 6.946608639232567e-06,
            "brake": 0.0,
            "steer": 0.0
        },
        {
            "throttle": 0.0033232515257252534,
            "brake": 0.0,
            "steer": 0.0
        },
        {
            "throttle": 0.013212863943809956,
            "brake": 0.0,
            "steer": 0.0
        },
        {
            "throttle": 0.028014630176719155,
            "brake": 0.0,
            "steer": 0.0
        },
        {
            "throttle": 0.046522568944727116,
            "brake": 0.0,
            "steer": 0.0
        },
        {
            "throttle": 0.06784785296556142,
            "brake": 0.0,
            "steer": 0.0
        },
        {
            "throttle": 0.09132244067801162,
            "brake": 0.0,
            "steer": 0.0
        },
        {
            "throttle": 0.11643186975481196,
            "brake": 0.0,
            "steer": 0.0
        },
        {
            "throttle": 0.14276846918741784,
            "brake": 0.0,
            "steer": 0.0
        },
        {
            "throttle": 0.16999886828431196,
            "brake": 0.0,
            "steer": 0.0
        },
        {
            "throttle": 0.19784151599434552,
            "brake": 0.0,
            "steer": 0.0
        },
        {
            "throttle": 0.22605120850190757,
            "brake": 0.0,
            "steer": 0.0
        },
        {
            "throttle": 0.2544085222096971,
            "brake": 0.0,
            "steer": 0.0
        },
        {
            "throttle": 0.28271267864536004,
            "brake": 0.0,
            "steer": 0.0
        },
        {
            "throttle": 0.31077680843272815,
            "brake": 0.0,
            "steer": 0.0
        },
        {
            "throttle": 0.3384248899095019,
            "brake": 0.0,
            "steer": 0.0
        },
        {
            "throttle": 0.36548985390775,
            "brake": 0.0,
            "steer": 0.0
        },
        {
            "throttle": 0.3918124974011316,
            "brake": 0.0,
            "steer": 0.0
        },
        {
            "throttle": 0.4172409545948333,
            "brake": 0.0,
            "steer": 0.0
        },
        {
            "throttle": 0.44163054819269265,
            "brake": 0.0,
            "steer": 0.0
        },
        {
            "throttle": 0.46484389554189237,
            "brake": 0.0,
            "steer": 0.0
        },
        {
            "throttle": 0.4867511807933733,
            "brake": 0.0,
            "steer": 0.0
        },
        {
            "throttle": 0.507230529790488,
            "brake": 0.0,
            "steer": 0.0
        },
        {
            "throttle": 0.5261684423743567,
            "brake": 0.0,
            "steer": 0.0
        },
        {
            "throttle": 0.5434602494569657,
            "brake": 0.0,
            "steer": 0.0
        },
        {
            "throttle": 0.5590105711613608,
            "brake": 0.0,
            "steer": 0.0
        },
        {
            "throttle": 0.5727337586812717,
            "brake": 0.0,
            "steer": 0.0
        },
        {
            "throttle": 0.5845543070528887,
            "brake": 0.0,
            "steer": 0.0
        },
        {
            "throttle": 0.5944072293067235,
            "brake": 0.0,
            "steer": 0.0
        },
        {
            "throttle": 0.6022383848601877,
            "brake": 0.0,
            "steer": 0.0
        },
        {
            "throttle": 0.6080047567890138,
            "brake": 0.0,
            "steer": 0.0
        },
        {
            "throttle": 0.611674673964494,
            "brake": 0.0,
            "steer": 0.0
        },
        {
            "throttle": 0.6132279750937338,
            "brake": 0.0,
            "steer": 0.0
        },
        {
            "throttle": 0.612656112542137,
            "brake": 0.0,
            "steer": 0.0
        },
        {
            "throttle": 0.6099621945138849,
            "brake": 0.0,
            "steer": 0.0
        },
        {
            "throttle": 0.6051609647605386,
            "brake": 0.0,
            "steer": 0.0
        },
        {
            "throttle": 0.5982787195098402,
            "brake": 0.0,
            "steer": 0.0
        },
        {
            "throttle": 0.5893531617765226,
            "brake": 0.0,
            "steer": 0.0
        },
        {
            "throttle": 0.5784331936480767,
            "brake": 0.0,
            "steer": 0.0
        }
    ],
    "parameters": {
        "fog_density": 79.42649294355209,
        "precipitation": 9.729187613422019,
        "precipitation_deposits": 81.74967958011634,
        "wind_intensity": 27.941960260810877,
        "sun_altitude_angle": -9.0333198325797,
        "cloudiness": 80.7703020241806,
        "lead_base_throttle": 0.2253781838245722,
        "lead_behavior_frequency": 0.11783990518073494,
        "lead_throttle_variation": 0.3960857475233552,
        "lead_brake_probability": 0.015346038351326863,
        "lead_brake_intensity": 0.6586340657657516,
        "lead_brake_duration": 9.779442799225341,
        "initial_distance": 56.57461603268965,
        "initial_ego_velocity": 15.084818759262527,
        "initial_lead_velocity": 11.031540161688975
    },
    "config": {
        "num_timesteps": 200,
        "dt": 0.1,
        "seed": 228
    }
}