{
    "weather": {
        "cloudiness": 8.672090680333177,
        "precipitation": 57.17877739362501,
        "precipitation_deposits": 78.08554527143288,
        "wind_intensity": 33.31122445901044,
        "sun_altitude_angle": -14.273011923989415,
        "fog_density": 77.10861252048124,
        "fog_distance": 76.51357644578339,
        "wetness": 28.589388696812506
    },
    "initial_conditions": {
        "ego": {
            "position": {
                "x": 546.0604575178993,
                "y": 20.57,
                "z": 0.294
            },
            "yaw": 0.0,
            "velocity": 11.238621266129428
        },
        "lead": {
            "position": {
                "x": 484.88,
                "y": 20.57,
                "z": 0.294
            },
            "yaw": 0.0,
            "velocity": 15.421224980112228
        }
    },
    "ego": {
        "position": {
            "x": 546.0604575178993,
            "y": 20.57,
            "z": 0.294
        },
        "yaw": 0.0,
        "velocity": 11.238621266129428
    },
    "lead": {
        "position": {
            "x": 484.88,
            "y": 20.57,
            "z": 0.294
        },
        "yaw": 0.0,
        "velocity": 15.421224980112228
    },
    "ado_actions": [
        {
            "throttle": 0.554549681647744,
            "brake": 0.0,
            "steer": 0.0
        },
        {
            "throttle": 0.5635509632935417,
            "brake": 0.0,
            "steer": 0.0
        },
        {
            "throttle": 0.5787211608798434,
            "brake": 0.0,
            "steer": 0.0
        },
        {
            "throttle": 0.5979475723747218,
            "brake": 0.0,
            "steer": 0.0
        },
        {
            "throttle": 0.6196251022898108,
            "brake": 0.0,
            "steer": 0.0
        },
        {
            "throttle": 0.642509672155429,
            "brake": 0.0,
            "steer": 0.0
        },
        {
            "throttle": 0.6656173748538314,
            "brake": 0.0,
            "steer": 0.0
        },
        {
            "throttle": 0.6881555402791939,
            "brake": 0.0,
            "steer": 0.0
        },
        {
            "throttle": 0.7094760052474185,
            "brake": 0.0,
            "steer": 0.0
        },
        {
            "throttle": 0.729043770357051,
            "brake": 0.0,
            "steer": 0.0
        },
        {
            "throttle": 0.7464162516350379,
            "brake": 0.0,
            "steer": 0.0
        },
        {
            "throttle": 0.7612297549755451,
            "brake": 0.0,
            "steer": 0.0
        },
        {
            "throttle": 0.7731907983402224,
            "brake": 0.0,
            "steer": 0.0
        },
        {
            "throttle": 0.7820706076130487,
            "brake": 0.0,
            "steer": 0.0
        },
        {
            "throttle": 0.78770160587272,
            "brake": 0.0,
            "steer": 0.0
        },
        {
            "throttle": 0.7899750648995292,
            "brake": 0.0,
            "steer": 0.0
        },
        {
            "throttle": 0.7888393354901548,
            "brake": 0.0,
            "steer": 0.0
        },
        {
            "throttle": 0.7842982500254106,
            "brake": 0.0,
            "steer": 0.0
        },
        {
            "throttle": 0.7764094179612337,
            "brake": 0.0,
            "steer": 0.0
        },
        {
            "throttle": 0.7652822273088191,
            "brake": 0.0,
            "steer": 0.0
        },
        {
            "throttle": 0.751075433058671,
            "brake": 0.0,
            "steer": 0.0
        },
        {
            "throttle": 0.7339942640643262,
            "brake": 0.0,
            "steer": 0.0
        },
        {
            "throttle": 0.7142870181152722,
            "brake": 0.0,
            "steer": 0.0
        },
        {
            "throttle": 0.6922411442402325,
            "brake": 0.0,
            "steer": 0.0
        },
        {
            "throttle": 0.6681788340655381,
            "brake": 0.0,
            "steer": 0.0
        },
        {
            "throttle": 0.6424521619373169,
            "brake": 0.0,
            "steer": 0.0
        },
        {
            "throttle": 0.615437827612364,
            "brake": 0.0,
            "steer": 0.0
        },
        {
            "throttle": 0.5875315663858037,
            "brake": 0.0,
            "steer": 0.0
        },
        {
            "throttle": 0.5591423000649978,
            "brake": 0.0,
            "steer": 0.0
        },
        {
            "throttle": 0.5306861085645975,
            "brake": 0.0,
            "steer": 0.0
        },
        {
            "throttle": 0.5025801063236945,
            "brake": 0.0,
            "steer": 0.0
        },
        {
            "throttle": 0.475236310398713,
            "brake": 0.0,
            "steer": 0.0
        },
        {
            "throttle": 0.44905558808774365,
            "brake": 0.0,
            "steer": 0.0
        },
        {
            "throttle": 0.4244217713918888,
            "brake": 0.0,
            "steer": 0.0
        },
        {
            "throttle": 0.40169602360414264,
            "brake": 0.0,
            "steer": 0.0
        },
        {
            "throttle": 0.38121153992135265,
            "brake": 0.0,
            "steer": 0.0
        },
        {
            "throttle": 0.36326865928848734,
            "brake": 0.0,
            "steer": 0.0
        },
        {
            "throttle": 0.34813045880264504,
            "brake": 0.0,
            "steer": 0.0
        },
        {
            "throttle": 0.3360188950322435,
            "brake": 0.0,
            "steer": 0.0
        },
        {
            "throttle": 0.3271115486601619,
            "brake": 0.0,
            "steer": 0.0
        },
        {
            "throttle": 0.32153902006410506,
            "brake": 0.0,
            "steer": 0.0
        },
        {
            "throttle": 0.3193830139386114,
            "brake": 0.0,
            "steer": 0.0
        },
        {
            "throttle": 0.32067514098491356,
            "brake": 0.0,
            "steer": 0.0
        },
        {
            "throttle": 0.32539645419826424,
            "brake": 0.0,
            "steer": 0.0
        },
        {
            "throttle": 0.3334777265234883,
            "brake": 0.0,
            "steer": 0.0
        },
        {
            "throttle": 0.3448004657877446,
            "brake": 0.0,
            "steer": 0.0
        },
        {
            "throttle": 0.3591986520151294,
            "brake": 0.0,
            "steer": 0.0
        },
        {
            "throttle": 0.3764611716400125,
            "brake": 0.0,
            "steer": 0.0
        },
        {
            "throttle": 0.3963349129206517,
            "brake": 0.0,
            "steer": 0.0
        },
        {
            "throttle": 0.41852847716183356,
            "brake": 0.0,
            "steer": 0.0
        },
        {
            "throttle": 0.4427164513274293,
            "brake": 0.0,
            "steer": 0.0
        },
        {
            "throttle": 0.4685441793933809,
            "brake": 0.0,
            "steer": 0.0
        },
        {
            "throttle": 0.49563296247955857,
            "brake": 0.0,
            "steer": 0.0
        },
        {
            "throttle": 0.5235856115124569,
            "brake": 0.0,
            "steer": 0.0
        },
        {
            "throttle": 0.5519922710020584,
            "brake": 0.0,
            "steer": 0.0
        },
        {
            "throttle": 0.5804364285412276,
            "brake": 0.0,
            "steer": 0.0
        },
        {
            "throttle": 0.6085010219130103,
            "brake": 0.0,
            "steer": 0.0
        },
        {
            "throttle": 0.6357745542601567,
            "brake": 0.0,
            "steer": 0.0
        },
        {
            "throttle": 0.6618571276530586,
            "brake": 0.0,
            "steer": 0.0
        },
        {
            "throttle": 0.6863663065888271,
            "brake": 0.0,
            "steer": 0.0
        },
        {
            "throttle": 0.7089427254479163,
            "brake": 0.0,
            "steer": 0.0
        },
        {
            "throttle": 0.7292553576889428,
            "brake": 0.0,
            "steer": 0.0
        },
        {
            "throttle": 0.7470063695221341,
            "brake": 0.0,
            "steer": 0.0
        },
        {
            "throttle": 0.7619354868944278,
            "brake": 0.0,
            "steer": 0.0
        },
        {
            "throttle": 0.773823811755322,
            "brake": 0.0,
            "steer": 0.0
        },
        {
            "throttle": 0.7824970316474942,
            "brake": 0.0,
            "steer": 0.0
        },
        {
            "throttle": 0.7878279755615863,
            "brake": 0.0,
            "steer": 0.0
        },
        {
            "throttle": 0.7897384785799488,
            "brake": 0.0,
            "steer": 0.0
        },
        {
            "throttle": 0.7882005279690157,
            "brake": 0.0,
            "steer": 0.0
        },
        {
            "throttle": 0.7832366739157395,
            "brake": 0.0,
            "steer": 0.0
        },
        {
            "throttle": 0.7749196988856621,
            "brake": 0.0,
            "steer": 0.0
        },
        {
            "throttle": 0.7633715504506556,
            "brake": 0.0,
            "steer": 0.0
        },
        {
            "throttle": 0.7487615532337335,
            "brake": 0.0,
            "steer": 0.0
        },
        {
            "throttle": 0.7313039261882771,
            "brake": 0.0,
            "steer": 0.0
        },
        {
            "throttle": 0.7112546416145453,
            "brake": 0.0,
            "steer": 0.0
        },
        {
            "throttle": 0.6889076719681118,
            "brake": 0.0,
            "steer": 0.0
        },
        {
            "throttle": 0.6645906794913636,
            "brake": 0.0,
            "steer": 0.0
        },
        {
            "throttle": 0.6386602118688058,
            "brake": 0.0,
            "steer": 0.0
        },
        {
            "throttle": 0.6114964743498268,
            "brake": 0.0,
            "steer": 0.0
        },
        {
            "throttle": 0.5834977549926332,
            "brake": 0.0,
            "steer": 0.0
        },
        {
            "throttle": 0.5550745847691607,
            "brake": 0.0,
            "steer": 0.0
        },
        {
            "throttle": 0.526643718158373,
            "brake": 0.0,
            "steer": 0.0
        },
        {
            "throttle": 0.498622022487444,
            "brake": 0.0,
            "steer": 0.0
        },
        {
            "throttle": 0.4714203656183055,
            "brake": 0.0,
            "steer": 0.0
        },
        {
            "throttle": 0.44543759160129887,
            "brake": 0.0,
            "steer": 0.0
        },
        {
            "throttle": 0.42105467262785734,
            "brake": 0.0,
            "steer": 0.0
        },
        {
            "throttle": 0.39862912302915937,
            "brake": 0.0,
            "steer": 0.0
        },
        {
            "throttle": 0.3784897572254483,
            "brake": 0.0,
            "steer": 0.0
        },
        {
            "throttle": 0.36093186848753883,
            "brake": 0.0,
            "steer": 0.0
        },
        {
            "throttle": 0.34621289920187703,
            "brake": 0.0,
            "steer": 0.0
        },
        {
            "throttle": 0.33454866612385353,
            "brake": 0.0,
            "steer": 0.0
        },
        {
            "throttle": 0.3261101959665598,
            "brake": 0.0,
            "steer": 0.0
        },
        {
            "throttle": 0.3210212177231383,
            "brake": 0.0,
            "steer": 0.0
        },
        {
            "throttle": 0.3193563484915279,
            "brake": 0.0,
            "steer": 0.0
        },
        {
            "throttle": 0.32113999940193366,
            "brake": 0.0,
            "steer": 0.0
        },
        {
            "throttle": 0.3263460176888486,
            "brake": 0.0,
            "steer": 0.0
        },
        {
            "throttle": 0.3348980701557435,
            "brake": 0.0,
            "steer": 0.0
        },
        {
            "throttle": 0.3466707624098784,
            "brake": 0.0,
            "steer": 0.0
        },
        {
            "throttle": 0.3614914774564628,
            "brake": 0.0,
            "steer": 0.0
        },
        {
            "throttle": 0.3791429066937973,
            "brake": 0.0,
            "steer": 0.0
        },
        {
            "throttle": 0.39936623619870015,
            "brake": 0.0,
            "steer": 0.0
        },
        {
            "throttle": 0.42186494158333954,
            "brake": 0.0,
            "steer": 0.0
        },
        {
            "throttle": 0.4463091357814155,
            "brake": 0.0,
            "steer": 0.0
        },
        {
            "throttle": 0.4723404060143165,
            "brake": 0.0,
            "steer": 0.0
        },
        {
            "throttle": 0.4995770690152775,
            "brake": 0.0,
            "steer": 0.0
        },
        {
            "throttle": 0.34970394831069423,
            "brake": 0.19895868173955653,
            "steer": 0.0
        },
        {
            "throttle": 0.24479276381748594,
            "brake": 0.33822975895724605,
            "steer": 0.0
        },
        {
            "throttle": 0.17135493467224014,
            "brake": 0.43571951300962874,
            "steer": 0.0
        },
        {
            "throttle": 0.11994845427056809,
            "brake": 0.5039623408462967,
            "steer": 0.0
        },
        {
            "throttle": 0.08396391798939766,
            "brake": 0.5517323203319642,
            "steer": 0.0
        },
        {
            "throttle": 0.05877474259257836,
            "brake": 0.5851713059719315,
            "steer": 0.0
        },
        {
            "throttle": 0.04114231981480485,
            "brake": 0.6085785959199085,
            "steer": 0.0
        },
        {
            "throttle": 0.028799623870363396,
            "brake": 0.6249636988834925,
            "steer": 0.0
        },
        {
            "throttle": 0.25372016503985106,
            "brake": 0.4374745892184447,
            "steer": 0.0
        },
        {
            "throttle": 0.4145527815110104,
            "brake": 0.30623221245291127,
            "steer": 0.0
        },
        {
            "throttle": 0.5294889169223571,
            "brake": 0.2143625487170379,
            "steer": 0.0
        },
        {
            "throttle": 0.6112280765237554,
            "brake": 0.15005378410192652,
            "steer": 0.0
        },
        {
            "throttle": 0.6686410893337759,
            "brake": 0.10503764887134856,
            "steer": 0.0
        },
        {
            "throttle": 0.7079346676662004,
            "brake": 0.07352635420994398,
            "steer": 0.0
        },
        {
            "throttle": 0.7334666408505899,
            "brake": 0.05146844794696078,
            "steer": 0.0
        },
        {
            "throttle": 0.7483164263077635,
            "brake": 0.03602791356287254,
            "steer": 0.0
        },
        {
            "throttle": 0.7546839350157428,
            "brake": 0.02521953949401078,
            "steer": 0.0
        },
        {
            "throttle": 0.7541681555121463,
            "brake": 0.017653677645807546,
            "steer": 0.0
        },
        {
            "throttle": 0.7479612968632632,
            "brake": 0.012357574352065281,
            "steer": 0.0
        },
        {
            "throttle": 0.7369836195962244,
            "brake": 0.008650302046445697,
            "steer": 0.0
        },
        {
            "throttle": 0.7219765605681165,
            "brake": 0.006055211432511988,
            "steer": 0.0
        },
        {
            "throttle": 0.7035664943813,
            "brake": 0.004238648002758391,
            "steer": 0.0
        },
        {
            "throttle": 0.6823077920800265,
            "brake": 0.0029670536019308735,
            "steer": 0.0
        },
        {
            "throttle": 0.658711262725999,
            "brake": 0.0020769375213516112,
            "steer": 0.0
        },
        {
            "throttle": 0.6332622626903004,
            "brake": 0.0014538562649461279,
            "steer": 0.0
        },
        {
            "throttle": 0.6064314984376027,
            "brake": 0.0010176993854622894,
            "steer": 0.0
        },
        {
            "throttle": 0.5786806683192022,
            "brake": 0.0007123895698236026,
            "steer": 0.0
        },
        {
            "throttle": 0.550464473390728,
            "brake": 0.0004986726988765218,
            "steer": 0.0
        },
        {
            "throttle": 0.5222300966879406,
            "brake": 0.00034907088921356524,
            "steer": 0.0
        },
        {
            "throttle": 0.4944149488376417,
            "brake": 0.00024434962244949563,
            "steer": 0.0
        },
        {
            "throttle": 0.4674432662279931,
            "brake": 0.00017104473571464694,
            "steer": 0.0
        },
        {
            "throttle": 0.44172199883607605,
            "brake": 0.00011973131500025285,
            "steer": 0.0
        },
        {
            "throttle": 0.417636319060357,
            "brake": 8.381192050017699e-05,
            "steer": 0.0
        },
        {
            "throttle": 0.39554500714684654,
            "brake": 5.866834435012389e-05,
            "steer": 0.0
        },
        {
            "throttle": 0.37577591368605645,
            "brake": 4.106784104508672e-05,
            "steer": 0.0
        },
        {
            "throttle": 0.35862165868302265,
            "brake": 2.8747488731560702e-05,
            "steer": 0.0
        },
        {
            "throttle": 0.34433569534256125,
            "brake": 2.012324211209249e-05,
            "steer": 0.0
        },
        {
            "throttle": 0.3331288418403437,
            "brake": 1.4086269478464742e-05,
            "steer": 0.0
        },
        {
            "throttle": 0.32516636382177866,
            "brake": 9.86038863492532e-06,
            "steer": 0.0
        },
        {
            "throttle": 0.3205656727289128,
            "brake": 6.902272044447724e-06,
            "steer": 0.0
        },
        {
            "throttle": 0.31939468932927517,
            "brake": 4.831590431113406e-06,
            "steer": 0.0
        },
        {
            "throttle": 0.3216709073793754,
            "brake": 3.382113301779384e-06,
            "steer": 0.0
        },
        {
            "throttle": 0.3273611788084565,
            "brake": 2.3674793112455686e-06,
            "steer": 0.0
        },
        {
            "throttle": 0.33638222893184566,
            "brake": 1.657235517871898e-06,
            "steer": 0.0
        },
        {
            "throttle": 0.3486018978913157,
            "brake": 1.1600648625103286e-06,
            "steer": 0.0
        },
        {
            "throttle": 0.3638410927460526,
            "brake": 8.1204540375723e-07,
            "steer": 0.0
        },
        {
            "throttle": 0.3818764234300579,
            "brake": 5.684317826300609e-07,
            "steer": 0.0
        },
        {
            "throttle": 0.402443485213124,
            "brake": 3.979022478410426e-07,
            "steer": 0.0
        },
        {
            "throttle": 0.42524074043711707,
            "brake": 2.785315734887298e-07,
            "steer": 0.0
        },
        {
            "throttle": 0.4499339432421948,
            "brake": 1.9497210144211083e-07,
            "steer": 0.0
        },
        {
            "throttle": 0.4761610428468379,
            "brake": 1.364804710094776e-07,
            "steer": 0.0
        },
        {
            "throttle": 0.5035374937963655,
            "brake": 9.55363297066343e-08,
            "steer": 0.0
        },
        {
            "throttle": 0.5316618955347426,
            "brake": 6.6875430794644e-08,
            "steer": 0.0
        },
        {
            "throttle": 0.5601218787609046,
            "brake": 4.68128015562508e-08,
            "steer": 0.0
        },
        {
            "throttle": 0.5885001523669273,
            "brake": 3.276896108937556e-08,
            "steer": 0.0
        },
        {
            "throttle": 0.6163806223690517,
            "brake": 2.2938272762562892e-08,
            "steer": 0.0
        },
        {
            "throttle": 0.6433544931647179,
            "brake": 1.6056790933794024e-08,
            "steer": 0.0
        },
        {
            "throttle": 0.6690262616923355,
            "brake": 1.1239753653655816e-08,
            "steer": 0.0
        },
        {
            "throttle": 0.6930195166299158,
            "brake": 7.867827557559071e-09,
            "steer": 0.0
        },
        {
            "throttle": 0.7149824576196868,
            "brake": 5.50747929029135e-09,
            "steer": 0.0
        },
        {
            "throttle": 0.7345930536055705,
            "brake": 3.8552355032039445e-09,
            "steer": 0.0
        },
        {
            "throttle": 0.7515637646581774,
            "brake": 2.698664852242761e-09,
            "steer": 0.0
        },
        {
            "throttle": 0.7656457580597091,
            "brake": 1.889065396569933e-09,
            "steer": 0.0
        },
        {
            "throttle": 0.7766325568347392,
            "brake": 1.3223457775989529e-09,
            "steer": 0.0
        },
        {
            "throttle": 0.7843630672333154,
            "brake": 9.25642044319267e-10,
            "steer": 0.0
        },
        {
            "throttle": 0.7887239407780352,
            "brake": 6.479494310234869e-10,
            "steer": 0.0
        },
        {
            "throttle": 0.7896512362430668,
            "brake": 4.5356460171644077e-10,
            "steer": 0.0
        },
        {
            "throttle": 0.7871313571973914,
            "brake": 3.1749522120150853e-10,
            "steer": 0.0
        },
        {
            "throttle": 0.7812012513662645,
            "brake": 2.2224665484105595e-10,
            "steer": 0.0
        },
        {
            "throttle": 0.771947868888264,
            "brake": 1.5557265838873915e-10,
            "steer": 0.0
        },
        {
            "throttle": 0.7595068874115797,
            "brake": 1.0890086087211739e-10,
            "steer": 0.0
        },
        {
            "throttle": 0.7440607227230529,
            "brake": 7.623060261048217e-11,
            "steer": 0.0
        },
        {
            "throttle": 0.7258358540792746,
            "brake": 5.3361421827337515e-11,
            "steer": 0.0
        },
        {
            "throttle": 0.7050995034571712,
            "brake": 3.7352995279136255e-11,
            "steer": 0.0
        },
        {
            "throttle": 0.6821557174146192,
            "brake": 2.6147096695395376e-11,
            "steer": 0.0
        },
        {
            "throttle": 0.6573409090108357,
            "brake": 1.8302967686776763e-11,
            "steer": 0.0
        },
        {
            "throttle": 0.6310189251531345,
            "brake": 1.2812077380743734e-11,
            "steer": 0.0
        },
        {
            "throttle": 0.6035757116950611,
            "brake": 8.968454166520613e-12,
            "steer": 0.0
        },
        {
            "throttle": 0.5754136545088825,
            "brake": 6.277917916564429e-12,
            "steer": 0.0
        },
        {
            "throttle": 0.5469456795064129,
            "brake": 4.3945425415951e-12,
            "steer": 0.0
        },
        {
            "throttle": 0.5185891981165835,
            "brake": 3.07617977911657e-12,
            "steer": 0.0
        },
        {
            "throttle": 0.4907599869941398,
            "brake": 2.1533258453815987e-12,
            "steer": 0.0
        },
        {
            "throttle": 0.46386609169818926,
            "brake": 1.507328091767119e-12,
            "steer": 0.0
        },
        {
            "throttle": 0.4383018437278631,
            "brake": 1.0551296642369831e-12,
            "steer": 0.0
        },
        {
            "throttle": 0.4144420786402532,
            "brake": 7.385907649658881e-13,
            "steer": 0.0
        },
        {
            "throttle": 0.3926366400274197,
            "brake": 5.170135354761216e-13,
            "steer": 0.0
        },
        {
            "throttle": 0.3732052499378618,
            "brake": 3.619094748332851e-13,
            "steer": 0.0
        },
        {
            "throttle": 0.35643282095484735,
            "brake": 2.5333663238329957e-13,
            "steer": 0.0
        },
        {
            "throttle": 0.34256527866821457,
            "brake": 1.773356426683097e-13,
            "steer": 0.0
        },
        {
            "throttle": 0.3318059557926146,
            "brake": 1.2413494986781678e-13,
            "steer": 0.0
        },
        {
            "throttle": 0.3243126108034049,
            "brake": 8.689446490747173e-14,
            "steer": 0.0
        },
        {
            "throttle": 0.32019511480441704,
            "brake": 6.082612543523021e-14,
            "steer": 0.0
        },
        {
            "throttle": 0.3195138405438816,
            "brake": 4.2578287804661145e-14,
            "steer": 0.0
        },
        {
            "throttle": 0.32227877719954795,
            "brake": 2.98048014632628e-14,
            "steer": 0.0
        },
        {
            "throttle": 0.32844938391245526,
            "brake": 2.0863361024283956e-14,
            "steer": 0.0
        }
    ],
    "parameters": {
        "fog_density": 77.10861252048124,
        "precipitation": 57.17877739362501,
        "precipitation_deposits": 78.08554527143288,
        "wind_intensity": 33.31122445901044,
        "sun_altitude_angle": -14.273011923989415,
        "cloudiness": 8.672090680333177,
        "lead_base_throttle": 0.554549681647744,
        "lead_behavior_frequency": 0.1928367021163414,
        "lead_throttle_variation": 0.24824279843595187,
        "lead_brake_probability": 0.03367967321098104,
        "lead_brake_intensity": 0.6631956057985218,
        "lead_brake_duration": 8.741911776401512,
        "initial_distance": 61.18045751789931,
        "initial_ego_velocity": 11.238621266129428,
        "initial_lead_velocity": 15.421224980112228
    },
    "config": {
        "num_timesteps": 200,
        "dt": 0.1,
        "seed": 217
    }
}