{
    "weather": {
        "cloudiness": 80.94135836534093,
        "precipitation": 55.87188938979493,
        "precipitation_deposits": 80.53247440234405,
        "wind_intensity": 28.22483278679923,
        "sun_altitude_angle": 63.38138772881372,
        "fog_density": 79.1942495671983,
        "fog_distance": 71.37494947360919,
        "wetness": 27.935944694897465
    },
    "initial_conditions": {
        "ego": {
            "position": {
                "x": 522.0660920448922,
                "y": 20.57,
                "z": 0.294
            },
            "yaw": 0.0,
            "velocity": 13.94384114512019
        },
        "lead": {
            "position": {
                "x": 484.88,
                "y": 20.57,
                "z": 0.294
            },
            "yaw": 0.0,
            "velocity": 19.613370606676614
        }
    },
    "ego": {
        "position": {
            "x": 522.0660920448922,
            "y": 20.57,
            "z": 0.294
        },
        "yaw": 0.0,
        "velocity": 13.94384114512019
    },
    "lead": {
        "position": {
            "x": 484.88,
            "y": 20.57,
            "z": 0.294
        },
        "yaw": 0.0,
        "velocity": 19.613370606676614
    },
    "ado_actions": [
        {
            "throttle": 0.5670119743668535,
            "brake": 0.0,
            "steer": 0.0
        },
        {
            "throttle": 0.5722202138309358,
            "brake": 0.0,
            "steer": 0.0
        },
        {
            "throttle": 0.5809291051560779,
            "brake": 0.0,
            "steer": 0.0
        },
        {
            "throttle": 0.5918022645775393,
            "brake": 0.0,
            "steer": 0.0
        },
        {
            "throttle": 0.6037711250017636,
            "brake": 0.0,
            "steer": 0.0
        },
        {
            "throttle": 0.6159662734756564,
            "brake": 0.0,
            "steer": 0.0
        },
        {
            "throttle": 0.6276727703958174,
            "brake": 0.0,
            "steer": 0.0
        },
        {
            "throttle": 0.6383018361711529,
            "brake": 0.0,
            "steer": 0.0
        },
        {
            "throttle": 0.6473734927749812,
            "brake": 0.0,
            "steer": 0.0
        },
        {
            "throttle": 0.6545063028248466,
            "brake": 0.0,
            "steer": 0.0
        },
        {
            "throttle": 0.6594114533764189,
            "brake": 0.0,
            "steer": 0.0
        },
        {
            "throttle": 0.6618892221755281,
            "brake": 0.0,
            "steer": 0.0
        },
        {
            "throttle": 0.6618264358598711,
            "brake": 0.0,
            "steer": 0.0
        },
        {
            "throttle": 0.6591939486540056,
            "brake": 0.0,
            "steer": 0.0
        },
        {
            "throttle": 0.6540434822135908,
            "brake": 0.0,
            "steer": 0.0
        },
        {
            "throttle": 0.6465034039533041,
            "brake": 0.0,
            "steer": 0.0
        },
        {
            "throttle": 0.6367732039844451,
            "brake": 0.0,
            "steer": 0.0
        },
        {
            "throttle": 0.6251165742989103,
            "brake": 0.0,
            "steer": 0.0
        },
        {
            "throttle": 0.6118531078567245,
            "brake": 0.0,
            "steer": 0.0
        },
        {
            "throttle": 0.5973487262402599,
            "brake": 0.0,
            "steer": 0.0
        },
        {
            "throttle": 0.5820050167507547,
            "brake": 0.0,
            "steer": 0.0
        },
        {
            "throttle": 0.5662477159594782,
            "brake": 0.0,
            "steer": 0.0
        },
        {
            "throttle": 0.5505146185335639,
            "brake": 0.0,
            "steer": 0.0
        },
        {
            "throttle": 0.5352432187878465,
            "brake": 0.0,
            "steer": 0.0
        },
        {
            "throttle": 0.5208584086935579,
            "brake": 0.0,
            "steer": 0.0
        },
        {
            "throttle": 0.507760560684459,
            "brake": 0.0,
            "steer": 0.0
        },
        {
            "throttle": 0.49631431720742525,
            "brake": 0.0,
            "steer": 0.0
        },
        {
            "throttle": 0.48683839230222736,
            "brake": 0.0,
            "steer": 0.0
        },
        {
            "throttle": 0.4795966644180456,
            "brake": 0.0,
            "steer": 0.0
        },
        {
            "throttle": 0.47479080518136263,
            "brake": 0.0,
            "steer": 0.0
        },
        {
            "throttle": 0.4725546470732185,
            "brake": 0.0,
            "steer": 0.0
        },
        {
            "throttle": 0.47295044525045,
            "brake": 0.0,
            "steer": 0.0
        },
        {
            "throttle": 0.4759671364786945,
            "brake": 0.0,
            "steer": 0.0
        },
        {
            "throttle": 0.4815206428563778,
            "brake": 0.0,
            "steer": 0.0
        },
        {
            "throttle": 0.4894562112849476,
            "brake": 0.0,
            "steer": 0.0
        },
        {
            "throttle": 0.4995527230938156,
            "brake": 0.0,
            "steer": 0.0
        },
        {
            "throttle": 0.5115288534568387,
            "brake": 0.0,
            "steer": 0.0
        },
        {
            "throttle": 0.5250509087825084,
            "brake": 0.0,
            "steer": 0.0
        },
        {
            "throttle": 0.5397421235669916,
            "brake": 0.0,
            "steer": 0.0
        },
        {
            "throttle": 0.5551931575764881,
            "brake": 0.0,
            "steer": 0.0
        },
        {
            "throttle": 0.5709735008102653,
            "brake": 0.0,
            "steer": 0.0
        },
        {
            "throttle": 0.586643468423036,
            "brake": 0.0,
            "steer": 0.0
        },
        {
            "throttle": 0.6017664513618503,
            "brake": 0.0,
            "steer": 0.0
        },
        {
            "throttle": 0.6159210813578334,
            "brake": 0.0,
            "steer": 0.0
        },
        {
            "throttle": 0.6287129713064629,
            "brake": 0.0,
            "steer": 0.0
        },
        {
            "throttle": 0.6397857039058372,
            "brake": 0.0,
            "steer": 0.0
        },
        {
            "throttle": 0.6488307623714344,
            "brake": 0.0,
            "steer": 0.0
        },
        {
            "throttle": 0.6555961265249048,
            "brake": 0.0,
            "steer": 0.0
        },
        {
            "throttle": 0.6598932947424602,
            "brake": 0.0,
            "steer": 0.0
        },
        {
            "throttle": 0.661602536109451,
            "brake": 0.0,
            "steer": 0.0
        },
        {
            "throttle": 0.6606762264398393,
            "brake": 0.0,
            "steer": 0.0
        },
        {
            "throttle": 0.6571401752086057,
            "brake": 0.0,
            "steer": 0.0
        },
        {
            "throttle": 0.6510929064241863,
            "brake": 0.0,
            "steer": 0.0
        },
        {
            "throttle": 0.6427029134771299,
            "brake": 0.0,
            "steer": 0.0
        },
        {
            "throttle": 0.632203964451922,
            "brake": 0.0,
            "steer": 0.0
        },
        {
            "throttle": 0.6198885887084693,
            "brake": 0.0,
            "steer": 0.0
        },
        {
            "throttle": 0.6060999262146355,
            "brake": 0.0,
            "steer": 0.0
        },
        {
            "throttle": 0.5912221667295028,
            "brake": 0.0,
            "steer": 0.0
        },
        {
            "throttle": 0.5756698452276933,
            "brake": 0.0,
            "steer": 0.0
        },
        {
            "throttle": 0.5598762918233615,
            "brake": 0.0,
            "steer": 0.0
        },
        {
            "throttle": 0.5442815580104381,
            "brake": 0.0,
            "steer": 0.0
        },
        {
            "throttle": 0.5293201556269806,
            "brake": 0.0,
            "steer": 0.0
        },
        {
            "throttle": 0.5154089501695173,
            "brake": 0.0,
            "steer": 0.0
        },
        {
            "throttle": 0.5029355457826612,
            "brake": 0.0,
            "steer": 0.0
        },
        {
            "throttle": 0.4922474855498703,
            "brake": 0.0,
            "steer": 0.0
        },
        {
            "throttle": 0.4836425679947107,
            "brake": 0.0,
            "steer": 0.0
        },
        {
            "throttle": 0.47736054960131796,
            "brake": 0.0,
            "steer": 0.0
        },
        {
            "throttle": 0.47357646454447255,
            "brake": 0.0,
            "steer": 0.0
        },
        {
            "throttle": 0.4723957477598378,
            "brake": 0.0,
            "steer": 0.0
        },
        {
            "throttle": 0.47385129723892744,
            "brake": 0.0,
            "steer": 0.0
        },
        {
            "throttle": 0.4779025574012812,
            "brake": 0.0,
            "steer": 0.0
        },
        {
            "throttle": 0.48443664908359907,
            "brake": 0.0,
            "steer": 0.0
        },
        {
            "throttle": 0.4932715146612534,
            "brake": 0.0,
            "steer": 0.0
        },
        {
            "throttle": 0.50416099067051,
            "brake": 0.0,
            "steer": 0.0
        },
        {
            "throttle": 0.5168016665943606,
            "brake": 0.0,
            "steer": 0.0
        },
        {
            "throttle": 0.5308413387074764,
            "brake": 0.0,
            "steer": 0.0
        },
        {
            "throttle": 0.5458888234330949,
            "brake": 0.0,
            "steer": 0.0
        },
        {
            "throttle": 0.561524856784935,
            "brake": 0.0,
            "steer": 0.0
        },
        {
            "throttle": 0.5773137762059494,
            "brake": 0.0,
            "steer": 0.0
        },
        {
            "throttle": 0.5928156593160062,
            "brake": 0.0,
            "steer": 0.0
        },
        {
            "throttle": 0.6075985813498668,
            "brake": 0.0,
            "steer": 0.0
        },
        {
            "throttle": 0.6212506497597885,
            "brake": 0.0,
            "steer": 0.0
        },
        {
            "throttle": 0.6333914806658836,
            "brake": 0.0,
            "steer": 0.0
        },
        {
            "throttle": 0.6436827973890106,
            "brake": 0.0,
            "steer": 0.0
        },
        {
            "throttle": 0.6518378557621503,
            "brake": 0.0,
            "steer": 0.0
        },
        {
            "throttle": 0.6576294336053705,
            "brake": 0.0,
            "steer": 0.0
        },
        {
            "throttle": 0.6608961617558071,
            "brake": 0.0,
            "steer": 0.0
        },
        {
            "throttle": 0.6615470202528879,
            "brake": 0.0,
            "steer": 0.0
        },
        {
            "throttle": 0.6595638744028108,
            "brake": 0.0,
            "steer": 0.0
        },
        {
            "throttle": 0.6550019800605996,
            "brake": 0.0,
            "steer": 0.0
        },
        {
            "throttle": 0.6479884440511999,
            "brake": 0.0,
            "steer": 0.0
        },
        {
            "throttle": 0.6387186826264848,
            "brake": 0.0,
            "steer": 0.0
        },
        {
            "throttle": 0.6274509766352228,
            "brake": 0.0,
            "steer": 0.0
        },
        {
            "throttle": 0.6144992751138302,
            "brake": 0.0,
            "steer": 0.0
        },
        {
            "throttle": 0.600224447809507,
            "brake": 0.0,
            "steer": 0.0
        },
        {
            "throttle": 0.585024230364333,
            "brake": 0.0,
            "steer": 0.0
        },
        {
            "throttle": 0.5693221423149316,
            "brake": 0.0,
            "steer": 0.0
        },
        {
            "throttle": 0.5535556866824728,
            "brake": 0.0,
            "steer": 0.0
        },
        {
            "throttle": 0.5381641599446378,
            "brake": 0.0,
            "steer": 0.0
        },
        {
            "throttle": 0.5235764120369918,
            "brake": 0.0,
            "steer": 0.0
        },
        {
            "throttle": 0.5101988974235256,
            "brake": 0.0,
            "steer": 0.0
        },
        {
            "throttle": 0.49840435016615053,
            "brake": 0.0,
            "steer": 0.0
        },
        {
            "throttle": 0.4885213985366095,
            "brake": 0.0,
            "steer": 0.0
        },
        {
            "throttle": 0.4808254085360609,
            "brake": 0.0,
            "steer": 0.0
        },
        {
            "throttle": 0.47553081144686293,
            "brake": 0.0,
            "steer": 0.0
        },
        {
            "throttle": 0.4727851291919035,
            "brake": 0.0,
            "steer": 0.0
        },
        {
            "throttle": 0.47266486397126817,
            "brake": 0.0,
            "steer": 0.0
        },
        {
            "throttle": 0.4751733667021856,
            "brake": 0.0,
            "steer": 0.0
        },
        {
            "throttle": 0.48024074365332925,
            "brake": 0.0,
            "steer": 0.0
        },
        {
            "throttle": 0.48772580387489944,
            "brake": 0.0,
            "steer": 0.0
        },
        {
            "throttle": 0.49741999316376906,
            "brake": 0.0,
            "steer": 0.0
        },
        {
            "throttle": 0.5090532049526886,
            "brake": 0.0,
            "steer": 0.0
        },
        {
            "throttle": 0.5223013062163209,
            "brake": 0.0,
            "steer": 0.0
        },
        {
            "throttle": 0.5367951687018264,
            "brake": 0.0,
            "steer": 0.0
        },
        {
            "throttle": 0.5521309538492712,
            "brake": 0.0,
            "steer": 0.0
        },
        {
            "throttle": 0.567881364835907,
            "brake": 0.0,
            "steer": 0.0
        },
        {
            "throttle": 0.5836075522316682,
            "brake": 0.0,
            "steer": 0.0
        },
        {
            "throttle": 0.5988713415418323,
            "brake": 0.0,
            "steer": 0.0
        },
        {
            "throttle": 0.6132474419441415,
            "brake": 0.0,
            "steer": 0.0
        },
        {
            "throttle": 0.6263352960516503,
            "brake": 0.0,
            "steer": 0.0
        },
        {
            "throttle": 0.6377702405345741,
            "brake": 0.0,
            "steer": 0.0
        },
        {
            "throttle": 0.6472336666357559,
            "brake": 0.0,
            "steer": 0.0
        },
        {
            "throttle": 0.6544618974800653,
            "brake": 0.0,
            "steer": 0.0
        },
        {
            "throttle": 0.659253534831666,
            "brake": 0.0,
            "steer": 0.0
        },
        {
            "throttle": 0.6614750705984443,
            "brake": 0.0,
            "steer": 0.0
        },
        {
            "throttle": 0.6610646067317748,
            "brake": 0.0,
            "steer": 0.0
        },
        {
            "throttle": 0.6580335798750632,
            "brake": 0.0,
            "steer": 0.0
        },
        {
            "throttle": 0.6524664427076531,
            "brake": 0.0,
            "steer": 0.0
        },
        {
            "throttle": 0.644518310862723,
            "brake": 0.0,
            "steer": 0.0
        },
        {
            "throttle": 0.6344106409824646,
            "brake": 0.0,
            "steer": 0.0
        },
        {
            "throttle": 0.6224250603317159,
            "brake": 0.0,
            "steer": 0.0
        },
        {
            "throttle": 0.6088955198938544,
            "brake": 0.0,
            "steer": 0.0
        },
        {
            "throttle": 0.5941989895851093,
            "brake": 0.0,
            "steer": 0.0
        },
        {
            "throttle": 0.5787449548440138,
            "brake": 0.0,
            "steer": 0.0
        },
        {
            "throttle": 0.5629640072496762,
            "brake": 0.0,
            "steer": 0.0
        },
        {
            "throttle": 0.5472958470653819,
            "brake": 0.0,
            "steer": 0.0
        },
        {
            "throttle": 0.5321770319893958,
            "brake": 0.0,
            "steer": 0.0
        },
        {
            "throttle": 0.5180288134662039,
            "brake": 0.0,
            "steer": 0.0
        },
        {
            "throttle": 0.5052453994717514,
            "brake": 0.0,
            "steer": 0.0
        },
        {
            "throttle": 0.49418297080351226,
            "brake": 0.0,
            "steer": 0.0
        },
        {
            "throttle": 0.48514975691151907,
            "brake": 0.0,
            "steer": 0.0
        },
        {
            "throttle": 0.478397447784784,
            "brake": 0.0,
            "steer": 0.0
        },
        {
            "throttle": 0.474114181181389,
            "brake": 0.0,
            "steer": 0.0
        },
        {
            "throttle": 0.4724193005971523,
            "brake": 0.0,
            "steer": 0.0
        },
        {
            "throttle": 0.4733600300301686,
            "brake": 0.0,
            "steer": 0.0
        },
        {
            "throttle": 0.47691015819135607,
            "brake": 0.0,
            "steer": 0.0
        },
        {
            "throttle": 0.4829707688224966,
            "brake": 0.0,
            "steer": 0.0
        },
        {
            "throttle": 0.4913729967731135,
            "brake": 0.0,
            "steer": 0.0
        },
        {
            "throttle": 0.5018827330443664,
            "brake": 0.0,
            "steer": 0.0
        },
        {
            "throttle": 0.5142071477045982,
            "brake": 0.0,
            "steer": 0.0
        },
        {
            "throttle": 0.5280028489303117,
            "brake": 0.0,
            "steer": 0.0
        },
        {
            "throttle": 0.5428854508394241,
            "brake": 0.0,
            "steer": 0.0
        },
        {
            "throttle": 0.5584402835308612,
            "brake": 0.0,
            "steer": 0.0
        },
        {
            "throttle": 0.5742339469195585,
            "brake": 0.0,
            "steer": 0.0
        },
        {
            "throttle": 0.5898263864455012,
            "brake": 0.0,
            "steer": 0.0
        },
        {
            "throttle": 0.6047831541945934,
            "brake": 0.0,
            "steer": 0.0
        },
        {
            "throttle": 0.6186875138030741,
            "brake": 0.0,
            "steer": 0.0
        },
        {
            "throttle": 0.6311520518698077,
            "brake": 0.0,
            "steer": 0.0
        },
        {
            "throttle": 0.6418294723508208,
            "brake": 0.0,
            "steer": 0.0
        },
        {
            "throttle": 0.6504222731747933,
            "brake": 0.0,
            "steer": 0.0
        },
        {
            "throttle": 0.6566910354625946,
            "brake": 0.0,
            "steer": 0.0
        },
        {
            "throttle": 0.6604610943905856,
            "brake": 0.0,
            "steer": 0.0
        },
        {
            "throttle": 0.6616274058292346,
            "brake": 0.0,
            "steer": 0.0
        },
        {
            "throttle": 0.660157473159211,
            "brake": 0.0,
            "steer": 0.0
        },
        {
            "throttle": 0.6560922527158778,
            "brake": 0.0,
            "steer": 0.0
        },
        {
            "throttle": 0.6495450126340261,
            "brake": 0.0,
            "steer": 0.0
        },
        {
            "throttle": 0.6406981768885517,
            "brake": 0.0,
            "steer": 0.0
        },
        {
            "throttle": 0.6297982424647128,
            "brake": 0.0,
            "steer": 0.0
        },
        {
            "throttle": 0.6171489112794765,
            "brake": 0.0,
            "steer": 0.0
        },
        {
            "throttle": 0.6031026282173643,
            "brake": 0.0,
            "steer": 0.0
        },
        {
            "throttle": 0.5880507610542126,
            "brake": 0.0,
            "steer": 0.0
        },
        {
            "throttle": 0.5724126958829673,
            "brake": 0.0,
            "steer": 0.0
        },
        {
            "throttle": 0.5566241518727062,
            "brake": 0.0,
            "steer": 0.0
        },
        {
            "throttle": 0.5411250409435914,
            "brake": 0.0,
            "steer": 0.0
        },
        {
            "throttle": 0.5263472106203342,
            "brake": 0.0,
            "steer": 0.0
        },
        {
            "throttle": 0.5127024115817248,
            "brake": 0.0,
            "steer": 0.0
        },
        {
            "throttle": 0.5005708251631288,
            "brake": 0.0,
            "steer": 0.0
        },
        {
            "throttle": 0.4902904704670388,
            "brake": 0.0,
            "steer": 0.0
        },
        {
            "throttle": 0.4821477862284873,
            "brake": 0.0,
            "steer": 0.0
        },
        {
            "throttle": 0.47636964985024977,
            "brake": 0.0,
            "steer": 0.0
        },
        {
            "throttle": 0.47311705597929654,
            "brake": 0.0,
            "steer": 0.0
        },
        {
            "throttle": 0.4724806307566035,
            "brake": 0.0,
            "steer": 0.0
        },
        {
            "throttle": 0.47447810672556245,
            "brake": 0.0,
            "steer": 0.0
        },
        {
            "throttle": 0.4790538287549333,
            "brake": 0.0,
            "steer": 0.0
        },
        {
            "throttle": 0.4860803047426728,
            "brake": 0.0,
            "steer": 0.0
        },
        {
            "throttle": 0.49536175789380044,
            "brake": 0.0,
            "steer": 0.0
        },
        {
            "throttle": 0.5066395815961453,
            "brake": 0.0,
            "steer": 0.0
        },
        {
            "throttle": 0.5195995449062509,
            "brake": 0.0,
            "steer": 0.0
        },
        {
            "throttle": 0.5338805478809387,
            "brake": 0.0,
            "steer": 0.0
        },
        {
            "throttle": 0.5490846828071005,
            "brake": 0.0,
            "steer": 0.0
        },
        {
            "throttle": 0.5647883209964023,
            "brake": 0.0,
            "steer": 0.0
        },
        {
            "throttle": 0.5805539162365463,
            "brake": 0.0,
            "steer": 0.0
        },
        {
            "throttle": 0.5959421960227291,
            "brake": 0.0,
            "steer": 0.0
        },
        {
            "throttle": 0.6105244008883193,
            "brake": 0.0,
            "steer": 0.0
        },
        {
            "throttle": 0.623894230813603,
            "brake": 0.0,
            "steer": 0.0
        },
        {
            "throttle": 0.6356791658530521,
            "brake": 0.0,
            "steer": 0.0
        },
        {
            "throttle": 0.645550845557545,
            "brake": 0.0,
            "steer": 0.0
        },
        {
            "throttle": 0.6532342179925141,
            "brake": 0.0,
            "steer": 0.0
        },
        {
            "throttle": 0.6585152034354094,
            "brake": 0.0,
            "steer": 0.0
        },
        {
            "throttle": 0.6612466592209525,
            "brake": 0.0,
            "steer": 0.0
        }
    ],
    "parameters": {
        "fog_density": 79.1942495671983,
        "precipitation": 55.87188938979493,
        "precipitation_deposits": 80.53247440234405,
        "wind_intensity": 28.22483278679923,
        "sun_altitude_angle": 63.38138772881372,
        "cloudiness": 80.94135836534093,
        "lead_base_throttle": 0.5670119743668535,
        "lead_behavior_frequency": 0.2659729322675417,
        "lead_throttle_variation": 0.10437001276261304,
        "lead_brake_probability": 0.011177298108934352,
        "lead_brake_intensity": 0.7370719031055156,
        "lead_brake_duration": 5.015291726655564,
        "initial_distance": 37.186092044892234,
        "initial_ego_velocity": 13.94384114512019,
        "initial_lead_velocity": 19.613370606676614
    },
    "config": {
        "num_timesteps": 200,
        "dt": 0.1,
        "seed": 151
    }
}