{
    "weather": {
        "cloudiness": 46.53970295076431,
        "precipitation": 63.6193656258444,
        "precipitation_deposits": 54.95888154352296,
        "wind_intensity": 3.115870019506206,
        "sun_altitude_angle": 28.17729123550385,
        "fog_density": 78.68267366742512,
        "fog_distance": 72.60250969739954,
        "wetness": 31.8096828129222
    },
    "initial_conditions": {
        "ego": {
            "position": {
                "x": 540.9339858346805,
                "y": 20.57,
                "z": 0.294
            },
            "yaw": 0.0,
            "velocity": 18.06222326168887
        },
        "lead": {
            "position": {
                "x": 484.88,
                "y": 20.57,
                "z": 0.294
            },
            "yaw": 0.0,
            "velocity": 22.163791443028146
        }
    },
    "ego": {
        "position": {
            "x": 540.9339858346805,
            "y": 20.57,
            "z": 0.294
        },
        "yaw": 0.0,
        "velocity": 18.06222326168887
    },
    "lead": {
        "position": {
            "x": 484.88,
            "y": 20.57,
            "z": 0.294
        },
        "yaw": 0.0,
        "velocity": 22.163791443028146
    },
    "ado_actions": [
        {
            "throttle": 0.4925845327533507,
            "brake": 0.0,
            "steer": 0.0
        },
        {
            "throttle": 0.5053996001556642,
            "brake": 0.0,
            "steer": 0.0
        },
        {
            "throttle": 0.5267663404510611,
            "brake": 0.0,
            "steer": 0.0
        },
        {
            "throttle": 0.5532951945520761,
            "brake": 0.0,
            "steer": 0.0
        },
        {
            "throttle": 0.5822352233647663,
            "brake": 0.0,
            "steer": 0.0
        },
        {
            "throttle": 0.6113218204237147,
            "brake": 0.0,
            "steer": 0.0
        },
        {
            "throttle": 0.6386811896531317,
            "brake": 0.0,
            "steer": 0.0
        },
        {
            "throttle": 0.6627729120717244,
            "brake": 0.0,
            "steer": 0.0
        },
        {
            "throttle": 0.6823572198097241,
            "brake": 0.0,
            "steer": 0.0
        },
        {
            "throttle": 0.6964773658915634,
            "brake": 0.0,
            "steer": 0.0
        },
        {
            "throttle": 0.7044501891854864,
            "brake": 0.0,
            "steer": 0.0
        },
        {
            "throttle": 0.705859949111921,
            "brake": 0.0,
            "steer": 0.0
        },
        {
            "throttle": 0.7005519679677444,
            "brake": 0.0,
            "steer": 0.0
        },
        {
            "throttle": 0.6886237241104746,
            "brake": 0.0,
            "steer": 0.0
        },
        {
            "throttle": 0.6704118919368445,
            "brake": 0.0,
            "steer": 0.0
        },
        {
            "throttle": 0.6464744956319374,
            "brake": 0.0,
            "steer": 0.0
        },
        {
            "throttle": 0.6175678803675612,
            "brake": 0.0,
            "steer": 0.0
        },
        {
            "throttle": 0.5846186379193753,
            "brake": 0.0,
            "steer": 0.0
        },
        {
            "throttle": 0.5486909733180517,
            "brake": 0.0,
            "steer": 0.0
        },
        {
            "throttle": 0.5109502774723191,
            "brake": 0.0,
            "steer": 0.0
        },
        {
            "throttle": 0.4726238852291349,
            "brake": 0.0,
            "steer": 0.0
        },
        {
            "throttle": 0.4349601536940995,
            "brake": 0.0,
            "steer": 0.0
        },
        {
            "throttle": 0.39918709489192505,
            "brake": 0.0,
            "steer": 0.0
        },
        {
            "throttle": 0.36647184246046116,
            "brake": 0.0,
            "steer": 0.0
        },
        {
            "throttle": 0.33788222654326655,
            "brake": 0.0,
            "steer": 0.0
        },
        {
            "throttle": 0.3143516773499137,
            "brake": 0.0,
            "steer": 0.0
        },
        {
            "throttle": 0.296648579701179,
            "brake": 0.0,
            "steer": 0.0
        },
        {
            "throttle": 0.28535106284537337,
            "brake": 0.0,
            "steer": 0.0
        },
        {
            "throttle": 0.28082803739241247,
            "brake": 0.0,
            "steer": 0.0
        },
        {
            "throttle": 0.2832270906710767,
            "brake": 0.0,
            "steer": 0.0
        },
        {
            "throttle": 0.2924696301967965,
            "brake": 0.0,
            "steer": 0.0
        },
        {
            "throttle": 0.3082534298147823,
            "brake": 0.0,
            "steer": 0.0
        },
        {
            "throttle": 0.33006249237174773,
            "brake": 0.0,
            "steer": 0.0
        },
        {
            "throttle": 0.3571839044978491,
            "brake": 0.0,
            "steer": 0.0
        },
        {
            "throttle": 0.38873113114970287,
            "brake": 0.0,
            "steer": 0.0
        },
        {
            "throttle": 0.4236729875045406,
            "brake": 0.0,
            "steer": 0.0
        },
        {
            "throttle": 0.46086734052602907,
            "brake": 0.0,
            "steer": 0.0
        },
        {
            "throttle": 0.4990984381384358,
            "brake": 0.0,
            "steer": 0.0
        },
        {
            "throttle": 0.5371166455209279,
            "brake": 0.0,
            "steer": 0.0
        },
        {
            "throttle": 0.5736792894576535,
            "brake": 0.0,
            "steer": 0.0
        },
        {
            "throttle": 0.6075912755334845,
            "brake": 0.0,
            "steer": 0.0
        },
        {
            "throttle": 0.6377441504406377,
            "brake": 0.0,
            "steer": 0.0
        },
        {
            "throttle": 0.66315233252001,
            "brake": 0.0,
            "steer": 0.0
        },
        {
            "throttle": 0.6829853262451357,
            "brake": 0.0,
            "steer": 0.0
        },
        {
            "throttle": 0.6965948676431781,
            "brake": 0.0,
            "steer": 0.0
        },
        {
            "throttle": 0.7035361133472933,
            "brake": 0.0,
            "steer": 0.0
        },
        {
            "throttle": 0.7035821806735277,
            "brake": 0.0,
            "steer": 0.0
        },
        {
            "throttle": 0.6967315634502875,
            "brake": 0.0,
            "steer": 0.0
        },
        {
            "throttle": 0.6832081811962873,
            "brake": 0.0,
            "steer": 0.0
        },
        {
            "throttle": 0.6634540600327434,
            "brake": 0.0,
            "steer": 0.0
        },
        {
            "throttle": 0.6381148845573227,
            "brake": 0.0,
            "steer": 0.0
        },
        {
            "throttle": 0.6080188929290873,
            "brake": 0.0,
            "steer": 0.0
        },
        {
            "throttle": 0.5741498049989935,
            "brake": 0.0,
            "steer": 0.0
        },
        {
            "throttle": 0.5376146683575422,
            "brake": 0.0,
            "steer": 0.0
        },
        {
            "throttle": 0.4996076732850215,
            "brake": 0.0,
            "steer": 0.0
        },
        {
            "throttle": 0.46137111935088954,
            "brake": 0.0,
            "steer": 0.0
        },
        {
            "throttle": 0.4241548095105012,
            "brake": 0.0,
            "steer": 0.0
        },
        {
            "throttle": 0.3891751989464952,
            "brake": 0.0,
            "steer": 0.0
        },
        {
            "throttle": 0.3575756339187104,
            "brake": 0.0,
            "steer": 0.0
        },
        {
            "throttle": 0.33038898025848046,
            "brake": 0.0,
            "steer": 0.0
        },
        {
            "throttle": 0.30850386303510996,
            "brake": 0.0,
            "steer": 0.0
        },
        {
            "throttle": 0.29263562088732153,
            "brake": 0.0,
            "steer": 0.0
        },
        {
            "throttle": 0.2833029244085873,
            "brake": 0.0,
            "steer": 0.0
        },
        {
            "throttle": 0.280810822839571,
            "brake": 0.0,
            "steer": 0.0
        },
        {
            "throttle": 0.28524077320477714,
            "brake": 0.0,
            "steer": 0.0
        },
        {
            "throttle": 0.29644797780179766,
            "brake": 0.0,
            "steer": 0.0
        },
        {
            "throttle": 0.3140661170701738,
            "brake": 0.0,
            "steer": 0.0
        },
        {
            "throttle": 0.3375193231409436,
            "brake": 0.0,
            "steer": 0.0
        },
        {
            "throttle": 0.3660410026984953,
            "brake": 0.0,
            "steer": 0.0
        },
        {
            "throttle": 0.3986988939091983,
            "brake": 0.0,
            "steer": 0.0
        },
        {
            "throttle": 0.4344255384040907,
            "brake": 0.0,
            "steer": 0.0
        },
        {
            "throttle": 0.4720531723060284,
            "brake": 0.0,
            "steer": 0.0
        },
        {
            "throttle": 0.5103518958504712,
            "brake": 0.0,
            "steer": 0.0
        },
        {
            "throttle": 0.548069873984713,
            "brake": 0.0,
            "steer": 0.0
        },
        {
            "throttle": 0.5839742539456466,
            "brake": 0.0,
            "steer": 0.0
        },
        {
            "throttle": 0.6168914623809395,
            "brake": 0.0,
            "steer": 0.0
        },
        {
            "throttle": 0.6457455648587833,
            "brake": 0.0,
            "steer": 0.0
        },
        {
            "throttle": 0.6695934339443048,
            "brake": 0.0,
            "steer": 0.0
        },
        {
            "throttle": 0.6876555763361598,
            "brake": 0.0,
            "steer": 0.0
        },
        {
            "throttle": 0.6993416114451274,
            "brake": 0.0,
            "steer": 0.0
        },
        {
            "throttle": 0.7042695686199076,
            "brake": 0.0,
            "steer": 0.0
        },
        {
            "throttle": 0.702278372269499,
            "brake": 0.0,
            "steer": 0.0
        },
        {
            "throttle": 0.6934331067924776,
            "brake": 0.0,
            "steer": 0.0
        },
        {
            "throttle": 0.6780228892232897,
            "brake": 0.0,
            "steer": 0.0
        },
        {
            "throttle": 0.6565514191304062,
            "brake": 0.0,
            "steer": 0.0
        },
        {
            "throttle": 0.6297205146531015,
            "brake": 0.0,
            "steer": 0.0
        },
        {
            "throttle": 0.5984071728192396,
            "brake": 0.0,
            "steer": 0.0
        },
        {
            "throttle": 0.5636349039522988,
            "brake": 0.0,
            "steer": 0.0
        },
        {
            "throttle": 0.5265402771334365,
            "brake": 0.0,
            "steer": 0.0
        },
        {
            "throttle": 0.4883357702162187,
            "brake": 0.0,
            "steer": 0.0
        },
        {
            "throttle": 0.450270138681317,
            "brake": 0.0,
            "steer": 0.0
        },
        {
            "throttle": 0.41358759871786943,
            "brake": 0.0,
            "steer": 0.0
        },
        {
            "throttle": 0.3794871586764762,
            "brake": 0.0,
            "steer": 0.0
        },
        {
            "throttle": 0.34908342818911836,
            "brake": 0.0,
            "steer": 0.0
        },
        {
            "throttle": 0.32337018595214756,
            "brake": 0.0,
            "steer": 0.0
        },
        {
            "throttle": 0.3031878969986249,
            "brake": 0.0,
            "steer": 0.0
        },
        {
            "throttle": 0.2891962411929659,
            "brake": 0.0,
            "steer": 0.0
        },
        {
            "throttle": 0.28185255088365097,
            "brake": 0.0,
            "steer": 0.0
        },
        {
            "throttle": 0.2813968625025593,
            "brake": 0.0,
            "steer": 0.0
        },
        {
            "throttle": 0.2878440707155115,
            "brake": 0.0,
            "steer": 0.0
        },
        {
            "throttle": 0.30098344157406504,
            "brake": 0.0,
            "steer": 0.0
        },
        {
            "throttle": 0.3203855005817227,
            "brake": 0.0,
            "steer": 0.0
        },
        {
            "throttle": 0.3454160705306849,
            "brake": 0.0,
            "steer": 0.0
        },
        {
            "throttle": 0.37525700026732345,
            "brake": 0.0,
            "steer": 0.0
        },
        {
            "throttle": 0.4089329068443408,
            "brake": 0.0,
            "steer": 0.0
        },
        {
            "throttle": 0.44534305696354903,
            "brake": 0.0,
            "steer": 0.0
        },
        {
            "throttle": 0.48329734562995436,
            "brake": 0.0,
            "steer": 0.0
        },
        {
            "throttle": 0.5215551960160674,
            "brake": 0.0,
            "steer": 0.0
        },
        {
            "throttle": 0.558866109052448,
            "brake": 0.0,
            "steer": 0.0
        },
        {
            "throttle": 0.5940105373374246,
            "brake": 0.0,
            "steer": 0.0
        },
        {
            "throttle": 0.6258397473581936,
            "brake": 0.0,
            "steer": 0.0
        },
        {
            "throttle": 0.6533133670836485,
            "brake": 0.0,
            "steer": 0.0
        },
        {
            "throttle": 0.6755333916454006,
            "brake": 0.0,
            "steer": 0.0
        },
        {
            "throttle": 0.6917735355946604,
            "brake": 0.0,
            "steer": 0.0
        },
        {
            "throttle": 0.701502972324832,
            "brake": 0.0,
            "steer": 0.0
        },
        {
            "throttle": 0.7044036847112087,
            "brake": 0.0,
            "steer": 0.0
        },
        {
            "throttle": 0.7003808598434136,
            "brake": 0.0,
            "steer": 0.0
        },
        {
            "throttle": 0.6895659880875523,
            "brake": 0.0,
            "steer": 0.0
        },
        {
            "throttle": 0.6723125651818939,
            "brake": 0.0,
            "steer": 0.0
        },
        {
            "throttle": 0.6491845378477105,
            "brake": 0.0,
            "steer": 0.0
        },
        {
            "throttle": 0.6209378705829411,
            "brake": 0.0,
            "steer": 0.0
        },
        {
            "throttle": 0.5884958361478922,
            "brake": 0.0,
            "steer": 0.0
        },
        {
            "throttle": 0.5529188374000772,
            "brake": 0.0,
            "steer": 0.0
        },
        {
            "throttle": 0.5153697468840479,
            "brake": 0.0,
            "steer": 0.0
        },
        {
            "throttle": 0.4770758970890771,
            "brake": 0.0,
            "steer": 0.0
        },
        {
            "throttle": 0.43928896376407833,
            "brake": 0.0,
            "steer": 0.0
        },
        {
            "throttle": 0.40324405354685283,
            "brake": 0.0,
            "steer": 0.0
        },
        {
            "throttle": 0.37011933317258755,
            "brake": 0.0,
            "steer": 0.0
        },
        {
            "throttle": 0.3409975198244333,
            "brake": 0.0,
            "steer": 0.0
        },
        {
            "throttle": 0.31683049135555574,
            "brake": 0.0,
            "steer": 0.0
        },
        {
            "throttle": 0.2984081731356882,
            "brake": 0.0,
            "steer": 0.0
        },
        {
            "throttle": 0.28633271848913827,
            "brake": 0.0,
            "steer": 0.0
        },
        {
            "throttle": 0.28099882666445686,
            "brake": 0.0,
            "steer": 0.0
        },
        {
            "throttle": 0.2825808416641413,
            "brake": 0.0,
            "steer": 0.0
        },
        {
            "throttle": 0.29102705362302717,
            "brake": 0.0,
            "steer": 0.0
        },
        {
            "throttle": 0.30606138900095775,
            "brake": 0.0,
            "steer": 0.0
        },
        {
            "throttle": 0.3271924343439623,
            "brake": 0.0,
            "steer": 0.0
        },
        {
            "throttle": 0.22903470404077358,
            "brake": 0.18258547801396233,
            "steer": 0.0
        },
        {
            "throttle": 0.1603242928285415,
            "brake": 0.310395312623736,
            "steer": 0.0
        },
        {
            "throttle": 0.11222700497997903,
            "brake": 0.3998621968505775,
            "steer": 0.0
        },
        {
            "throttle": 0.07855890348598532,
            "brake": 0.4624890158093665,
            "steer": 0.0
        },
        {
            "throttle": 0.05499123244018972,
            "brake": 0.5063277890805189,
            "steer": 0.0
        },
        {
            "throttle": 0.0384938627081328,
            "brake": 0.5370149303703255,
            "steer": 0.0
        },
        {
            "throttle": 0.02694570389569296,
            "brake": 0.5584959292731901,
            "steer": 0.0
        },
        {
            "throttle": 0.01886199272698507,
            "brake": 0.5735326285051954,
            "steer": 0.0
        },
        {
            "throttle": 0.013203394908889549,
            "brake": 0.5840583179675991,
            "steer": 0.0
        },
        {
            "throttle": 0.009242376436222683,
            "brake": 0.5914263005912817,
            "steer": 0.0
        },
        {
            "throttle": 0.2251267600369941,
            "brake": 0.4139984104138971,
            "steer": 0.0
        },
        {
            "throttle": 0.3762475053944704,
            "brake": 0.28979888728972797,
            "steer": 0.0
        },
        {
            "throttle": 0.47971680322064336,
            "brake": 0.20285922110280957,
            "steer": 0.0
        },
        {
            "throttle": 0.5475888626029266,
            "brake": 0.14200145477196668,
            "steer": 0.0
        },
        {
            "throttle": 0.5884505623515894,
            "brake": 0.09940101834037668,
            "steer": 0.0
        },
        {
            "throttle": 0.6085300389253626,
            "brake": 0.06958071283826367,
            "steer": 0.0
        },
        {
            "throttle": 0.6124655945987451,
            "brake": 0.048706498986784565,
            "steer": 0.0
        },
        {
            "throttle": 0.6038348266171365,
            "brake": 0.03409454929074919,
            "steer": 0.0
        },
        {
            "throttle": 0.5855142055198753,
            "brake": 0.023866184503524433,
            "steer": 0.0
        },
        {
            "throttle": 0.5599186157619007,
            "brake": 0.0167063291524671,
            "steer": 0.0
        },
        {
            "throttle": 0.5291559154256836,
            "brake": 0.01169443040672697,
            "steer": 0.0
        },
        {
            "throttle": 0.49512148357717256,
            "brake": 0.00818610128470888,
            "steer": 0.0
        },
        {
            "throttle": 0.4595506792366919,
            "brake": 0.005730270899296215,
            "steer": 0.0
        },
        {
            "throttle": 0.4240422073339993,
            "brake": 0.00401118962950735,
            "steer": 0.0
        },
        {
            "throttle": 0.39006192493912334,
            "brake": 0.002807832740655145,
            "steer": 0.0
        },
        {
            "throttle": 0.3589341712813589,
            "brake": 0.0019654829184586014,
            "steer": 0.0
        },
        {
            "throttle": 0.331825950490282,
            "brake": 0.001375838042921021,
            "steer": 0.0
        },
        {
            "throttle": 0.30972801594527555,
            "brake": 0.0009630866300447147,
            "steer": 0.0
        },
        {
            "throttle": 0.29343594682962026,
            "brake": 0.0006741606410313002,
            "steer": 0.0
        },
        {
            "throttle": 0.2835335660447178,
            "brake": 0.0004719124487219101,
            "steer": 0.0
        },
        {
            "throttle": 0.2803804529234299,
            "brake": 0.00033033871410533704,
            "steer": 0.0
        },
        {
            "throttle": 0.28410480690790435,
            "brake": 0.0002312370998737359,
            "steer": 0.0
        },
        {
            "throttle": 0.29460248905373204,
            "brake": 0.00016186596991161513,
            "steer": 0.0
        },
        {
            "throttle": 0.31154268821233044,
            "brake": 0.00011330617893813058,
            "steer": 0.0
        },
        {
            "throttle": 0.33438031755197173,
            "brake": 7.93143252566914e-05,
            "steer": 0.0
        },
        {
            "throttle": 0.3623749398297963,
            "brake": 5.552002767968398e-05,
            "steer": 0.0
        },
        {
            "throttle": 0.39461574534608973,
            "brake": 3.8864019375778786e-05,
            "steer": 0.0
        },
        {
            "throttle": 0.4300518659164073,
            "brake": 2.7204813563045148e-05,
            "steer": 0.0
        },
        {
            "throttle": 0.46752710385354934,
            "brake": 1.90433694941316e-05,
            "steer": 0.0
        },
        {
            "throttle": 0.505817989690983,
            "brake": 1.333035864589212e-05,
            "steer": 0.0
        },
        {
            "throttle": 0.5436739589100678,
            "brake": 9.331251052124484e-06,
            "steer": 0.0
        },
        {
            "throttle": 0.5798583584054945,
            "brake": 6.531875736487138e-06,
            "steer": 0.0
        },
        {
            "throttle": 0.6131889591162566,
            "brake": 4.572313015540996e-06,
            "steer": 0.0
        },
        {
            "throttle": 0.6425766623606257,
            "brake": 3.200619110878697e-06,
            "steer": 0.0
        },
        {
            "throttle": 0.6670611429331005,
            "brake": 2.240433377615088e-06,
            "steer": 0.0
        },
        {
            "throttle": 0.6858422696816571,
            "brake": 1.5683033643305614e-06,
            "steer": 0.0
        },
        {
            "throttle": 0.6983062805758262,
            "brake": 1.0978123550313929e-06,
            "steer": 0.0
        },
        {
            "throttle": 0.7040458595234605,
            "brake": 7.68468648521975e-07,
            "steer": 0.0
        },
        {
            "throttle": 0.7028734606765158,
            "brake": 5.379280539653825e-07,
            "steer": 0.0
        },
        {
            "throttle": 0.6948274460874573,
            "brake": 3.765496377757677e-07,
            "steer": 0.0
        },
        {
            "throttle": 0.6801708370670059,
            "brake": 2.6358474644303735e-07,
            "steer": 0.0
        },
        {
            "throttle": 0.6593827207330879,
            "brake": 1.8450932251012613e-07,
            "steer": 0.0
        },
        {
            "throttle": 0.6331425931108449,
            "brake": 1.2915652575708829e-07,
            "steer": 0.0
        },
        {
            "throttle": 0.6023081508779046,
            "brake": 9.04095680299618e-08,
            "steer": 0.0
        },
        {
            "throttle": 0.5678872578877476,
            "brake": 6.328669762097325e-08,
            "steer": 0.0
        },
        {
            "throttle": 0.5310050029380199,
            "brake": 4.4300688334681273e-08,
            "steer": 0.0
        },
        {
            "throttle": 0.4928669256498587,
            "brake": 3.101048183427689e-08,
            "steer": 0.0
        },
        {
            "throttle": 0.4547196125396084,
            "brake": 2.1707337283993824e-08,
            "steer": 0.0
        },
        {
            "throttle": 0.41780995129850584,
            "brake": 1.5195136098795675e-08,
            "steer": 0.0
        },
        {
            "throttle": 0.3833443751371213,
            "brake": 1.0636595269156972e-08,
            "steer": 0.0
        },
        {
            "throttle": 0.3524494293643891,
            "brake": 7.44561668840988e-09,
            "steer": 0.0
        },
        {
            "throttle": 0.3261349491441959,
            "brake": 5.2119316818869155e-09,
            "steer": 0.0
        },
        {
            "throttle": 0.30526105201761655,
            "brake": 3.6483521773208405e-09,
            "steer": 0.0
        }
    ],
    "parameters": {
        "fog_density": 78.68267366742512,
        "precipitation": 63.6193656258444,
        "precipitation_deposits": 54.95888154352296,
        "wind_intensity": 3.115870019506206,
        "sun_altitude_angle": 28.17729123550385,
        "cloudiness": 46.53970295076431,
        "lead_base_throttle": 0.49258453275335073,
        "lead_behavior_frequency": 0.28813418711992256,
        "lead_throttle_variation": 0.23724657327224002,
        "lead_brake_probability": 0.036613940854527606,
        "lead_brake_intensity": 0.6086182600465411,
        "lead_brake_duration": 10.092523453202158,
        "initial_distance": 56.05398583468048,
        "initial_ego_velocity": 18.06222326168887,
        "initial_lead_velocity": 22.163791443028146
    },
    "config": {
        "num_timesteps": 200,
        "dt": 0.1,
        "seed": 222
    }
}