{
    "weather": {
        "cloudiness": 66.01631106458527,
        "precipitation": 1.8656459762756428,
        "precipitation_deposits": 41.29811825169472,
        "wind_intensity": 7.4353967065828535,
        "sun_altitude_angle": 52.789122585355315,
        "fog_density": 68.46496680199652,
        "fog_distance": 102.06294378758642,
        "wetness": 0.9328229881378214
    },
    "initial_conditions": {
        "ego": {
            "position": {
                "x": 504.7029271977809,
                "y": 20.57,
                "z": 0.294
            },
            "yaw": 0.0,
            "velocity": 13.88415269705619
        },
        "lead": {
            "position": {
                "x": 484.88,
                "y": 20.57,
                "z": 0.294
            },
            "yaw": 0.0,
            "velocity": 18.747823343748294
        }
    },
    "ego": {
        "position": {
            "x": 504.7029271977809,
            "y": 20.57,
            "z": 0.294
        },
        "yaw": 0.0,
        "velocity": 13.88415269705619
    },
    "lead": {
        "position": {
            "x": 484.88,
            "y": 20.57,
            "z": 0.294
        },
        "yaw": 0.0,
        "velocity": 18.747823343748294
    },
    "ado_actions": [
        {
            "throttle": 0.21936248828096827,
            "brake": 0.0,
            "steer": 0.0
        },
        {
            "throttle": 0.23405555013702722,
            "brake": 0.0,
            "steer": 0.0
        },
        {
            "throttle": 0.25879798064679305,
            "brake": 0.0,
            "steer": 0.0
        },
        {
            "throttle": 0.2901072033199031,
            "brake": 0.0,
            "steer": 0.0
        },
        {
            "throttle": 0.32532092944712154,
            "brake": 0.0,
            "steer": 0.0
        },
        {
            "throttle": 0.36236218008705423,
            "brake": 0.0,
            "steer": 0.0
        },
        {
            "throttle": 0.39957822544365806,
            "brake": 0.0,
            "steer": 0.0
        },
        {
            "throttle": 0.43563103322222646,
            "brake": 0.0,
            "steer": 0.0
        },
        {
            "throttle": 0.46942348887366137,
            "brake": 0.0,
            "steer": 0.0
        },
        {
            "throttle": 0.5000503251259498,
            "brake": 0.0,
            "steer": 0.0
        },
        {
            "throttle": 0.5267659756561403,
            "brake": 0.0,
            "steer": 0.0
        },
        {
            "throttle": 0.5489638679493221,
            "brake": 0.0,
            "steer": 0.0
        },
        {
            "throttle": 0.5661632870687665,
            "brake": 0.0,
            "steer": 0.0
        },
        {
            "throttle": 0.5780010807404291,
            "brake": 0.0,
            "steer": 0.0
        },
        {
            "throttle": 0.5842262805849101,
            "brake": 0.0,
            "steer": 0.0
        },
        {
            "throttle": 0.584696285017315,
            "brake": 0.0,
            "steer": 0.0
        },
        {
            "throttle": 0.5793736565131523,
            "brake": 0.0,
            "steer": 0.0
        },
        {
            "throttle": 0.568322878645956,
            "brake": 0.0,
            "steer": 0.0
        },
        {
            "throttle": 0.5517066307441029,
            "brake": 0.0,
            "steer": 0.0
        },
        {
            "throttle": 0.5297812940122795,
            "brake": 0.0,
            "steer": 0.0
        },
        {
            "throttle": 0.5028915190756442,
            "brake": 0.0,
            "steer": 0.0
        },
        {
            "throttle": 0.4714637726118836,
            "brake": 0.0,
            "steer": 0.0
        },
        {
            "throttle": 0.43599884797087585,
            "brake": 0.0,
            "steer": 0.0
        },
        {
            "throttle": 0.397063376902817,
            "brake": 0.0,
            "steer": 0.0
        },
        {
            "throttle": 0.3552804204621586,
            "brake": 0.0,
            "steer": 0.0
        },
        {
            "throttle": 0.31131924937319677,
            "brake": 0.0,
            "steer": 0.0
        },
        {
            "throttle": 0.26588444935922384,
            "brake": 0.0,
            "steer": 0.0
        },
        {
            "throttle": 0.21970450631597735,
            "brake": 0.0,
            "steer": 0.0
        },
        {
            "throttle": 0.17352004053960846,
            "brake": 0.0,
            "steer": 0.0
        },
        {
            "throttle": 0.12807186903879922,
            "brake": 0.0,
            "steer": 0.0
        },
        {
            "throttle": 0.08965030832715945,
            "brake": 0.0,
            "steer": 0.0
        },
        {
            "throttle": 0.06275521582901161,
            "brake": 0.0,
            "steer": 0.0
        },
        {
            "throttle": 0.04392865108030813,
            "brake": 0.0,
            "steer": 0.0
        },
        {
            "throttle": 0.030750055756215686,
            "brake": 0.0,
            "steer": 0.0
        },
        {
            "throttle": 0.02152503902935098,
            "brake": 0.0,
            "steer": 0.0
        },
        {
            "throttle": 0.015067527320545684,
            "brake": 0.0,
            "steer": 0.0
        },
        {
            "throttle": 0.010547269124381978,
            "brake": 0.0,
            "steer": 0.0
        },
        {
            "throttle": 0.0073830883870673845,
            "brake": 0.0,
            "steer": 0.0
        },
        {
            "throttle": 0.005168161870947169,
            "brake": 0.0,
            "steer": 0.0
        },
        {
            "throttle": 0.0036177133096630177,
            "brake": 0.0,
            "steer": 0.0
        },
        {
            "throttle": 0.002532399316764112,
            "brake": 0.0,
            "steer": 0.0
        },
        {
            "throttle": 0.0017726795217348785,
            "brake": 0.0,
            "steer": 0.0
        },
        {
            "throttle": 0.0012408756652144148,
            "brake": 0.0,
            "steer": 0.0
        },
        {
            "throttle": 0.0008686129656500903,
            "brake": 0.0,
            "steer": 0.0
        },
        {
            "throttle": 0.0006080290759550632,
            "brake": 0.0,
            "steer": 0.0
        },
        {
            "throttle": 0.002641192713655347,
            "brake": 0.0,
            "steer": 0.0
        },
        {
            "throttle": 0.01687310030234661,
            "brake": 0.0,
            "steer": 0.0
        },
        {
            "throttle": 0.040459050226036956,
            "brake": 0.0,
            "steer": 0.0
        },
        {
            "throttle": 0.07118913776996338,
            "brake": 0.0,
            "steer": 0.0
        },
        {
            "throttle": 0.10728824729557257,
            "brake": 0.0,
            "steer": 0.0
        },
        {
            "throttle": 0.14727970832861143,
            "brake": 0.0,
            "steer": 0.0
        },
        {
            "throttle": 0.1898936111770801,
            "brake": 0.0,
            "steer": 0.0
        },
        {
            "throttle": 0.23400641873378153,
            "brake": 0.0,
            "steer": 0.0
        },
        {
            "throttle": 0.27860245929096095,
            "brake": 0.0,
            "steer": 0.0
        },
        {
            "throttle": 0.32275064933775954,
            "brake": 0.0,
            "steer": 0.0
        },
        {
            "throttle": 0.36559173160312874,
            "brake": 0.0,
            "steer": 0.0
        },
        {
            "throttle": 0.4063326713498747,
            "brake": 0.0,
            "steer": 0.0
        },
        {
            "throttle": 0.4442458075938008,
            "brake": 0.0,
            "steer": 0.0
        },
        {
            "throttle": 0.47867102759526925,
            "brake": 0.0,
            "steer": 0.0
        },
        {
            "throttle": 0.5090197080388991,
            "brake": 0.0,
            "steer": 0.0
        },
        {
            "throttle": 0.5347795044749462,
            "brake": 0.0,
            "steer": 0.0
        },
        {
            "throttle": 0.5555193135392398,
            "brake": 0.0,
            "steer": 0.0
        },
        {
            "throttle": 0.5708939092845995,
            "brake": 0.0,
            "steer": 0.0
        },
        {
            "throttle": 0.5806478858980761,
            "brake": 0.0,
            "steer": 0.0
        },
        {
            "throttle": 0.5846186382069583,
            "brake": 0.0,
            "steer": 0.0
        },
        {
            "throttle": 0.5827381884156417,
            "brake": 0.0,
            "steer": 0.0
        },
        {
            "throttle": 0.5750337291488253,
            "brake": 0.0,
            "steer": 0.0
        },
        {
            "throttle": 0.5616268036589489,
            "brake": 0.0,
            "steer": 0.0
        },
        {
            "throttle": 0.542731087053173,
            "brake": 0.0,
            "steer": 0.0
        },
        {
            "throttle": 0.5186487696340646,
            "brake": 0.0,
            "steer": 0.0
        },
        {
            "throttle": 0.48976557623248673,
            "brake": 0.0,
            "steer": 0.0
        },
        {
            "throttle": 0.4565444845460157,
            "brake": 0.0,
            "steer": 0.0
        },
        {
            "throttle": 0.41951823144576394,
            "brake": 0.0,
            "steer": 0.0
        },
        {
            "throttle": 0.3792807192146045,
            "brake": 0.0,
            "steer": 0.0
        },
        {
            "throttle": 0.33647745381796335,
            "brake": 0.0,
            "steer": 0.0
        },
        {
            "throttle": 0.29179516458101024,
            "brake": 0.0,
            "steer": 0.0
        },
        {
            "throttle": 0.24595076899978774,
            "brake": 0.0,
            "steer": 0.0
        },
        {
            "throttle": 0.1996798577748428,
            "brake": 0.0,
            "steer": 0.0
        },
        {
            "throttle": 0.15372488345157864,
            "brake": 0.0,
            "steer": 0.0
        },
        {
            "throttle": 0.10882324122544745,
            "brake": 0.0,
            "steer": 0.0
        },
        {
            "throttle": 0.07617626885781321,
            "brake": 0.0,
            "steer": 0.0
        },
        {
            "throttle": 0.053323388200469245,
            "brake": 0.0,
            "steer": 0.0
        },
        {
            "throttle": 0.03732637174032847,
            "brake": 0.0,
            "steer": 0.0
        },
        {
            "throttle": 0.026128460218229926,
            "brake": 0.0,
            "steer": 0.0
        },
        {
            "throttle": 0.018289922152760946,
            "brake": 0.0,
            "steer": 0.0
        },
        {
            "throttle": 0.012802945506932662,
            "brake": 0.0,
            "steer": 0.0
        },
        {
            "throttle": 0.008962061854852862,
            "brake": 0.0,
            "steer": 0.0
        },
        {
            "throttle": 0.006273443298397003,
            "brake": 0.0,
            "steer": 0.0
        },
        {
            "throttle": 0.004391410308877902,
            "brake": 0.0,
            "steer": 0.0
        },
        {
            "throttle": 0.003073987216214531,
            "brake": 0.0,
            "steer": 0.0
        },
        {
            "throttle": 0.0021517910513501716,
            "brake": 0.0,
            "steer": 0.0
        },
        {
            "throttle": 0.00150625373594512,
            "brake": 0.0,
            "steer": 0.0
        },
        {
            "throttle": 0.001054377615161584,
            "brake": 0.0,
            "steer": 0.0
        },
        {
            "throttle": 0.0007380643306131088,
            "brake": 0.0,
            "steer": 0.0
        },
        {
            "throttle": 0.0005166450314291761,
            "brake": 0.0,
            "steer": 0.0
        },
        {
            "throttle": 0.00800395867578261,
            "brake": 0.0,
            "steer": 0.0
        },
        {
            "throttle": 0.026432326109869696,
            "brake": 0.0,
            "steer": 0.0
        },
        {
            "throttle": 0.05324119722646811,
            "brake": 0.0,
            "steer": 0.0
        },
        {
            "throttle": 0.08641499365989738,
            "brake": 0.0,
            "steer": 0.0
        },
        {
            "throttle": 0.12431161683369486,
            "brake": 0.0,
            "steer": 0.0
        },
        {
            "throttle": 0.16554611348223647,
            "brake": 0.0,
            "steer": 0.0
        },
        {
            "throttle": 0.20891302025300357,
            "brake": 0.0,
            "steer": 0.0
        },
        {
            "throttle": 0.25333579187805744,
            "brake": 0.0,
            "steer": 0.0
        },
        {
            "throttle": 0.2978351352887974,
            "brake": 0.0,
            "steer": 0.0
        },
        {
            "throttle": 0.3415104654112723,
            "brake": 0.0,
            "steer": 0.0
        },
        {
            "throttle": 0.3835303755384787,
            "brake": 0.0,
            "steer": 0.0
        },
        {
            "throttle": 0.42312919192504184,
            "brake": 0.0,
            "steer": 0.0
        },
        {
            "throttle": 0.45960750960020047,
            "brake": 0.0,
            "steer": 0.0
        },
        {
            "throttle": 0.49233518999714326,
            "brake": 0.0,
            "steer": 0.0
        },
        {
            "throttle": 0.5207557147339833,
            "brake": 0.0,
            "steer": 0.0
        },
        {
            "throttle": 0.544391085388773,
            "brake": 0.0,
            "steer": 0.0
        },
        {
            "throttle": 0.562846672437759,
            "brake": 0.0,
            "steer": 0.0
        },
        {
            "throttle": 0.5758155728035602,
            "brake": 0.0,
            "steer": 0.0
        },
        {
            "throttle": 0.5830821521683349,
            "brake": 0.0,
            "steer": 0.0
        },
        {
            "throttle": 0.5845245374650495,
            "brake": 0.0,
            "steer": 0.0
        },
        {
            "throttle": 0.5801158951294753,
            "brake": 0.0,
            "steer": 0.0
        },
        {
            "throttle": 0.5699243875063903,
            "brake": 0.0,
            "steer": 0.0
        },
        {
            "throttle": 0.5541117471431327,
            "brake": 0.0,
            "steer": 0.0
        },
        {
            "throttle": 0.5329304491718683,
            "brake": 0.0,
            "steer": 0.0
        },
        {
            "throttle": 0.5067194972808767,
            "brake": 0.0,
            "steer": 0.0
        },
        {
            "throttle": 0.475898869984494,
            "brake": 0.0,
            "steer": 0.0
        },
        {
            "throttle": 0.4409627016725273,
            "brake": 0.0,
            "steer": 0.0
        },
        {
            "throttle": 0.4024712976139415,
            "brake": 0.0,
            "steer": 0.0
        },
        {
            "throttle": 0.3610421038747418,
            "brake": 0.0,
            "steer": 0.0
        },
        {
            "throttle": 0.31733977203191727,
            "brake": 0.0,
            "steer": 0.0
        },
        {
            "throttle": 0.2720654745970624,
            "brake": 0.0,
            "steer": 0.0
        },
        {
            "throttle": 0.22594564014128318,
            "brake": 0.0,
            "steer": 0.0
        },
        {
            "throttle": 0.17972028716292018,
            "brake": 0.0,
            "steer": 0.0
        },
        {
            "throttle": 0.13413114269510043,
            "brake": 0.0,
            "steer": 0.0
        },
        {
            "throttle": 0.0938917998865703,
            "brake": 0.0,
            "steer": 0.0
        },
        {
            "throttle": 0.0657242599205992,
            "brake": 0.0,
            "steer": 0.0
        },
        {
            "throttle": 0.04600698194441944,
            "brake": 0.0,
            "steer": 0.0
        },
        {
            "throttle": 0.03220488736109361,
            "brake": 0.0,
            "steer": 0.0
        },
        {
            "throttle": 0.022543421152765523,
            "brake": 0.0,
            "steer": 0.0
        },
        {
            "throttle": 0.015780394806935865,
            "brake": 0.0,
            "steer": 0.0
        },
        {
            "throttle": 0.011046276364855105,
            "brake": 0.0,
            "steer": 0.0
        },
        {
            "throttle": 0.007732393455398573,
            "brake": 0.0,
            "steer": 0.0
        },
        {
            "throttle": 0.005412675418779001,
            "brake": 0.0,
            "steer": 0.0
        },
        {
            "throttle": 0.0037888727931453003,
            "brake": 0.0,
            "steer": 0.0
        },
        {
            "throttle": 0.00265221095520171,
            "brake": 0.0,
            "steer": 0.0
        },
        {
            "throttle": 0.001856547668641197,
            "brake": 0.0,
            "steer": 0.0
        },
        {
            "throttle": 0.0012995833680488377,
            "brake": 0.0,
            "steer": 0.0
        },
        {
            "throttle": 0.0009097083576341863,
            "brake": 0.0,
            "steer": 0.0
        },
        {
            "throttle": 0.0006367958503439304,
            "brake": 0.0,
            "steer": 0.0
        },
        {
            "throttle": 0.0010069372274264386,
            "brake": 0.0,
            "steer": 0.0
        },
        {
            "throttle": 0.013948714168690698,
            "brake": 0.0,
            "steer": 0.0
        },
        {
            "throttle": 0.03653412717408382,
            "brake": 0.0,
            "steer": 0.0
        },
        {
            "throttle": 0.06649652668476232,
            "brake": 0.0,
            "steer": 0.0
        },
        {
            "throttle": 0.10202215580750491,
            "brake": 0.0,
            "steer": 0.0
        },
        {
            "throttle": 0.14160787445482492,
            "brake": 0.0,
            "steer": 0.0
        },
        {
            "throttle": 0.18396531330406302,
            "brake": 0.0,
            "steer": 0.0
        },
        {
            "throttle": 0.22795757132993594,
            "brake": 0.0,
            "steer": 0.0
        },
        {
            "throttle": 0.2725586757256323,
            "brake": 0.0,
            "steer": 0.0
        },
        {
            "throttle": 0.3168288968606532,
            "brake": 0.0,
            "steer": 0.0
        },
        {
            "throttle": 0.35990102386857975,
            "brake": 0.0,
            "steer": 0.0
        },
        {
            "throttle": 0.40097411773223,
            "brake": 0.0,
            "steer": 0.0
        },
        {
            "throttle": 0.43931224975383365,
            "brake": 0.0,
            "steer": 0.0
        },
        {
            "throttle": 0.47424643100541697,
            "brake": 0.0,
            "steer": 0.0
        },
        {
            "throttle": 0.5051784315444352,
            "brake": 0.0,
            "steer": 0.0
        },
        {
            "throttle": 0.531585538931383,
            "brake": 0.0,
            "steer": 0.0
        },
        {
            "throttle": 0.5530255572667209,
            "brake": 0.0,
            "steer": 0.0
        },
        {
            "throttle": 0.5691415308322246,
            "brake": 0.0,
            "steer": 0.0
        },
        {
            "throttle": 0.5796658115501478,
            "brake": 0.0,
            "steer": 0.0
        },
        {
            "throttle": 0.5844231914995015,
            "brake": 0.0,
            "steer": 0.0
        },
        {
            "throttle": 0.5833329007789296,
            "brake": 0.0,
            "steer": 0.0
        },
        {
            "throttle": 0.5764093340462917,
            "brake": 0.0,
            "steer": 0.0
        },
        {
            "throttle": 0.5637614208488126,
            "brake": 0.0,
            "steer": 0.0
        },
        {
            "throttle": 0.5455905985885845,
            "brake": 0.0,
            "steer": 0.0
        },
        {
            "throttle": 0.5221873847690395,
            "brake": 0.0,
            "steer": 0.0
        },
        {
            "throttle": 0.4939265784093422,
            "brake": 0.0,
            "steer": 0.0
        },
        {
            "throttle": 0.4612611500460512,
            "brake": 0.0,
            "steer": 0.0
        },
        {
            "throttle": 0.42471490605978623,
            "brake": 0.0,
            "steer": 0.0
        },
        {
            "throttle": 0.3848740364248404,
            "brake": 0.0,
            "steer": 0.0
        },
        {
            "throttle": 0.34237767548156595,
            "brake": 0.0,
            "steer": 0.0
        },
        {
            "throttle": 0.29790762297822826,
            "brake": 0.0,
            "steer": 0.0
        },
        {
            "throttle": 0.25217738737033785,
            "brake": 0.0,
            "steer": 0.0
        },
        {
            "throttle": 0.20592072512746593,
            "brake": 0.0,
            "steer": 0.0
        },
        {
            "throttle": 0.15987985850550301,
            "brake": 0.0,
            "steer": 0.0
        },
        {
            "throttle": 0.1147935598362615,
            "brake": 0.0,
            "steer": 0.0
        },
        {
            "throttle": 0.08035549188538305,
            "brake": 0.0,
            "steer": 0.0
        },
        {
            "throttle": 0.05624884431976813,
            "brake": 0.0,
            "steer": 0.0
        },
        {
            "throttle": 0.039374191023837685,
            "brake": 0.0,
            "steer": 0.0
        },
        {
            "throttle": 0.027561933716686377,
            "brake": 0.0,
            "steer": 0.0
        },
        {
            "throttle": 0.01929335360168046,
            "brake": 0.0,
            "steer": 0.0
        },
        {
            "throttle": 0.013505347521176322,
            "brake": 0.0,
            "steer": 0.0
        },
        {
            "throttle": 0.009453743264823424,
            "brake": 0.0,
            "steer": 0.0
        },
        {
            "throttle": 0.006617620285376396,
            "brake": 0.0,
            "steer": 0.0
        },
        {
            "throttle": 0.0046323341997634776,
            "brake": 0.0,
            "steer": 0.0
        },
        {
            "throttle": 0.003242633939834434,
            "brake": 0.0,
            "steer": 0.0
        },
        {
            "throttle": 0.0022698437578841037,
            "brake": 0.0,
            "steer": 0.0
        },
        {
            "throttle": 0.0015888906305188725,
            "brake": 0.0,
            "steer": 0.0
        },
        {
            "throttle": 0.0011122234413632106,
            "brake": 0.0,
            "steer": 0.0
        },
        {
            "throttle": 0.0007785564089542473,
            "brake": 0.0,
            "steer": 0.0
        },
        {
            "throttle": 0.0005449894862679731,
            "brake": 0.0,
            "steer": 0.0
        },
        {
            "throttle": 0.006311514367408218,
            "brake": 0.0,
            "steer": 0.0
        },
        {
            "throttle": 0.023421450119156258,
            "brake": 0.0,
            "steer": 0.0
        },
        {
            "throttle": 0.04922284336812406,
            "brake": 0.0,
            "steer": 0.0
        },
        {
            "throttle": 0.08163749062010323,
            "brake": 0.0,
            "steer": 0.0
        },
        {
            "throttle": 0.11898032085939106,
            "brake": 0.0,
            "steer": 0.0
        },
        {
            "throttle": 0.15983665937378044,
            "brake": 0.0,
            "steer": 0.0
        }
    ],
    "parameters": {
        "fog_density": 68.46496680199652,
        "precipitation": 1.8656459762756428,
        "precipitation_deposits": 41.29811825169472,
        "wind_intensity": 7.4353967065828535,
        "sun_altitude_angle": 52.789122585355315,
        "cloudiness": 66.01631106458527,
        "lead_base_throttle": 0.2193624882809683,
        "lead_behavior_frequency": 0.2017452557568789,
        "lead_throttle_variation": 0.3874106270427444,
        "lead_brake_probability": 0.05181707129552232,
        "lead_brake_intensity": 0.7426702189823904,
        "lead_brake_duration": 5.235439450737662,
        "initial_distance": 19.822927197780903,
        "initial_ego_velocity": 13.88415269705619,
        "initial_lead_velocity": 18.747823343748294
    },
    "config": {
        "num_timesteps": 200,
        "dt": 0.1,
        "seed": 201
    }
}