{
    "weather": {
        "cloudiness": 36.65647195201876,
        "precipitation": 9.769344299085548,
        "precipitation_deposits": 91.21359157400657,
        "wind_intensity": 27.353070459456685,
        "sun_altitude_angle": -15.483666747839745,
        "fog_density": 0.9538806801068755,
        "fog_distance": 968.7041556152517,
        "wetness": 4.884672149542774
    },
    "initial_conditions": {
        "ego": {
            "position": {
                "x": 554.2188945768946,
                "y": 20.57,
                "z": 0.294
            },
            "yaw": 0.0,
            "velocity": 17.477459712732703
        },
        "lead": {
            "position": {
                "x": 484.88,
                "y": 20.57,
                "z": 0.294
            },
            "yaw": 0.0,
            "velocity": 16.92570747398637
        }
    },
    "ego": {
        "position": {
            "x": 554.2188945768946,
            "y": 20.57,
            "z": 0.294
        },
        "yaw": 0.0,
        "velocity": 17.477459712732703
    },
    "lead": {
        "position": {
            "x": 484.88,
            "y": 20.57,
            "z": 0.294
        },
        "yaw": 0.0,
        "velocity": 16.92570747398637
    },
    "ado_actions": [
        {
            "throttle": 0.4224199380650149,
            "brake": 0.0,
            "steer": 0.0
        },
        {
            "throttle": 0.43906201950707274,
            "brake": 0.0,
            "steer": 0.0
        },
        {
            "throttle": 0.46680573733404396,
            "brake": 0.0,
            "steer": 0.0
        },
        {
            "throttle": 0.5012429924283903,
            "brake": 0.0,
            "steer": 0.0
        },
        {
            "throttle": 0.5387938003161348,
            "brake": 0.0,
            "steer": 0.0
        },
        {
            "throttle": 0.576509601022462,
            "brake": 0.0,
            "steer": 0.0
        },
        {
            "throttle": 0.6119501444269014,
            "brake": 0.0,
            "steer": 0.0
        },
        {
            "throttle": 0.6431096956001968,
            "brake": 0.0,
            "steer": 0.0
        },
        {
            "throttle": 0.6683751735540757,
            "brake": 0.0,
            "steer": 0.0
        },
        {
            "throttle": 0.6865037303755116,
            "brake": 0.0,
            "steer": 0.0
        },
        {
            "throttle": 0.6966107990850162,
            "brake": 0.0,
            "steer": 0.0
        },
        {
            "throttle": 0.6981622068629657,
            "brake": 0.0,
            "steer": 0.0
        },
        {
            "throttle": 0.6909658555032578,
            "brake": 0.0,
            "steer": 0.0
        },
        {
            "throttle": 0.6751599125262889,
            "brake": 0.0,
            "steer": 0.0
        },
        {
            "throttle": 0.6511955703733802,
            "brake": 0.0,
            "steer": 0.0
        },
        {
            "throttle": 0.6198133093016814,
            "brake": 0.0,
            "steer": 0.0
        },
        {
            "throttle": 0.5820123030155195,
            "brake": 0.0,
            "steer": 0.0
        },
        {
            "throttle": 0.5390131744973093,
            "brake": 0.0,
            "steer": 0.0
        },
        {
            "throttle": 0.49221476828872635,
            "brake": 0.0,
            "steer": 0.0
        },
        {
            "throttle": 0.4431459703616669,
            "brake": 0.0,
            "steer": 0.0
        },
        {
            "throttle": 0.39341388728744664,
            "brake": 0.0,
            "steer": 0.0
        },
        {
            "throttle": 0.3446498985391063,
            "brake": 0.0,
            "steer": 0.0
        },
        {
            "throttle": 0.298455223371249,
            "brake": 0.0,
            "steer": 0.0
        },
        {
            "throttle": 0.25634770001931617,
            "brake": 0.0,
            "steer": 0.0
        },
        {
            "throttle": 0.21971146327624264,
            "brake": 0.0,
            "steer": 0.0
        },
        {
            "throttle": 0.18975113085227796,
            "brake": 0.0,
            "steer": 0.0
        },
        {
            "throttle": 0.16745197433378878,
            "brake": 0.0,
            "steer": 0.0
        },
        {
            "throttle": 0.1535473632375153,
            "brake": 0.0,
            "steer": 0.0
        },
        {
            "throttle": 0.14849453801881096,
            "brake": 0.0,
            "steer": 0.0
        },
        {
            "throttle": 0.15245949846502055,
            "brake": 0.0,
            "steer": 0.0
        },
        {
            "throttle": 0.1653114971671706,
            "brake": 0.0,
            "steer": 0.0
        },
        {
            "throttle": 0.18662731390942572,
            "brake": 0.0,
            "steer": 0.0
        },
        {
            "throttle": 0.21570516647651372,
            "brake": 0.0,
            "steer": 0.0
        },
        {
            "throttle": 0.2515877973085889,
            "brake": 0.0,
            "steer": 0.0
        },
        {
            "throttle": 0.293093974181564,
            "brake": 0.0,
            "steer": 0.0
        },
        {
            "throttle": 0.33885736667783756,
            "brake": 0.0,
            "steer": 0.0
        },
        {
            "throttle": 0.38737151780822743,
            "brake": 0.0,
            "steer": 0.0
        },
        {
            "throttle": 0.43703942978043303,
            "brake": 0.0,
            "steer": 0.0
        },
        {
            "throttle": 0.48622613121323466,
            "brake": 0.0,
            "steer": 0.0
        },
        {
            "throttle": 0.5333124950870077,
            "brake": 0.0,
            "steer": 0.0
        },
        {
            "throttle": 0.5767485356434412,
            "brake": 0.0,
            "steer": 0.0
        },
        {
            "throttle": 0.6151044296648494,
            "brake": 0.0,
            "steer": 0.0
        },
        {
            "throttle": 0.6471175825178287,
            "brake": 0.0,
            "steer": 0.0
        },
        {
            "throttle": 0.6717341895758202,
            "brake": 0.0,
            "steer": 0.0
        },
        {
            "throttle": 0.688143924857645,
            "brake": 0.0,
            "steer": 0.0
        },
        {
            "throttle": 0.6958066149717403,
            "brake": 0.0,
            "steer": 0.0
        },
        {
            "throttle": 0.6944700202929224,
            "brake": 0.0,
            "steer": 0.0
        },
        {
            "throttle": 0.6841781380365207,
            "brake": 0.0,
            "steer": 0.0
        },
        {
            "throttle": 0.6652697538983765,
            "brake": 0.0,
            "steer": 0.0
        },
        {
            "throttle": 0.6383672899286914,
            "brake": 0.0,
            "steer": 0.0
        },
        {
            "throttle": 0.6043563157369466,
            "brake": 0.0,
            "steer": 0.0
        },
        {
            "throttle": 0.5643563974695192,
            "brake": 0.0,
            "steer": 0.0
        },
        {
            "throttle": 0.519684244144346,
            "brake": 0.0,
            "steer": 0.0
        },
        {
            "throttle": 0.4718103644819114,
            "brake": 0.0,
            "steer": 0.0
        },
        {
            "throttle": 0.4223106609926265,
            "brake": 0.0,
            "steer": 0.0
        },
        {
            "throttle": 0.3728145547354662,
            "brake": 0.0,
            "steer": 0.0
        },
        {
            "throttle": 0.3249513483656953,
            "brake": 0.0,
            "steer": 0.0
        },
        {
            "throttle": 0.2802965930813716,
            "brake": 0.0,
            "steer": 0.0
        },
        {
            "throttle": 0.240320224950128,
            "brake": 0.0,
            "steer": 0.0
        },
        {
            "throttle": 0.20633817785374312,
            "brake": 0.0,
            "steer": 0.0
        },
        {
            "throttle": 0.17946906584549652,
            "brake": 0.0,
            "steer": 0.0
        },
        {
            "throttle": 0.16059736084146406,
            "brake": 0.0,
            "steer": 0.0
        },
        {
            "throttle": 0.15034427775487555,
            "brake": 0.0,
            "steer": 0.0
        },
        {
            "throttle": 0.14904732547065208,
            "brake": 0.0,
            "steer": 0.0
        },
        {
            "throttle": 0.15674919679690888,
            "brake": 0.0,
            "steer": 0.0
        },
        {
            "throttle": 0.17319636311169165,
            "brake": 0.0,
            "steer": 0.0
        },
        {
            "throttle": 0.19784741996605745,
            "brake": 0.0,
            "steer": 0.0
        },
        {
            "throttle": 0.22989090892463415,
            "brake": 0.0,
            "steer": 0.0
        },
        {
            "throttle": 0.26827202898795544,
            "brake": 0.0,
            "steer": 0.0
        },
        {
            "throttle": 0.31172735831544074,
            "brake": 0.0,
            "steer": 0.0
        },
        {
            "throttle": 0.3588264432864577,
            "brake": 0.0,
            "steer": 0.0
        },
        {
            "throttle": 0.40801888587927926,
            "brake": 0.0,
            "steer": 0.0
        },
        {
            "throttle": 0.45768537935524845,
            "brake": 0.0,
            "steer": 0.0
        },
        {
            "throttle": 0.5061910122659597,
            "brake": 0.0,
            "steer": 0.0
        },
        {
            "throttle": 0.5519390861330811,
            "brake": 0.0,
            "steer": 0.0
        },
        {
            "throttle": 0.5934236752414626,
            "brake": 0.0,
            "steer": 0.0
        },
        {
            "throttle": 0.6292791983930422,
            "brake": 0.0,
            "steer": 0.0
        },
        {
            "throttle": 0.658325370828715,
            "brake": 0.0,
            "steer": 0.0
        },
        {
            "throttle": 0.6796060566000193,
            "brake": 0.0,
            "steer": 0.0
        },
        {
            "throttle": 0.6924207424562366,
            "brake": 0.0,
            "steer": 0.0
        },
        {
            "throttle": 0.6963475971959404,
            "brake": 0.0,
            "steer": 0.0
        },
        {
            "throttle": 0.6912573574199898,
            "brake": 0.0,
            "steer": 0.0
        },
        {
            "throttle": 0.6773175825975971,
            "brake": 0.0,
            "steer": 0.0
        },
        {
            "throttle": 0.6549871393780776,
            "brake": 0.0,
            "steer": 0.0
        },
        {
            "throttle": 0.6250010967125754,
            "brake": 0.0,
            "steer": 0.0
        },
        {
            "throttle": 0.5883465290050521,
            "brake": 0.0,
            "steer": 0.0
        },
        {
            "throttle": 0.5462300237994526,
            "brake": 0.0,
            "steer": 0.0
        },
        {
            "throttle": 0.5000379635783383,
            "brake": 0.0,
            "steer": 0.0
        },
        {
            "throttle": 0.45129088910859716,
            "brake": 0.0,
            "steer": 0.0
        },
        {
            "throttle": 0.40159344659225976,
            "brake": 0.0,
            "steer": 0.0
        },
        {
            "throttle": 0.3525815662518462,
            "brake": 0.0,
            "steer": 0.0
        },
        {
            "throttle": 0.305868611114741,
            "brake": 0.0,
            "steer": 0.0
        },
        {
            "throttle": 0.26299226865986974,
            "brake": 0.0,
            "steer": 0.0
        },
        {
            "throttle": 0.22536393353656442,
            "brake": 0.0,
            "steer": 0.0
        },
        {
            "throttle": 0.19422224756489634,
            "brake": 0.0,
            "steer": 0.0
        },
        {
            "throttle": 0.17059232637822097,
            "brake": 0.0,
            "steer": 0.0
        },
        {
            "throttle": 0.15525201487695425,
            "brake": 0.0,
            "steer": 0.0
        },
        {
            "throttle": 0.14870628228963437,
            "brake": 0.0,
            "steer": 0.0
        },
        {
            "throttle": 0.15117059969939825,
            "brake": 0.0,
            "steer": 0.0
        },
        {
            "throttle": 0.16256384721104827,
            "brake": 0.0,
            "steer": 0.0
        },
        {
            "throttle": 0.1825109842391291,
            "brake": 0.0,
            "steer": 0.0
        },
        {
            "throttle": 0.2103553950170194,
            "brake": 0.0,
            "steer": 0.0
        },
        {
            "throttle": 0.2451805029401013,
            "brake": 0.0,
            "steer": 0.0
        },
        {
            "throttle": 0.28583994224649156,
            "brake": 0.0,
            "steer": 0.0
        },
        {
            "throttle": 0.330995293850134,
            "brake": 0.0,
            "steer": 0.0
        },
        {
            "throttle": 0.3791601431458377,
            "brake": 0.0,
            "steer": 0.0
        },
        {
            "throttle": 0.42874900950046824,
            "brake": 0.0,
            "steer": 0.0
        },
        {
            "throttle": 0.4781295367793334,
            "brake": 0.0,
            "steer": 0.0
        },
        {
            "throttle": 0.5256762269107185,
            "brake": 0.0,
            "steer": 0.0
        },
        {
            "throttle": 0.5698239476981095,
            "brake": 0.0,
            "steer": 0.0
        },
        {
            "throttle": 0.6091194535209147,
            "brake": 0.0,
            "steer": 0.0
        },
        {
            "throttle": 0.6422692229758222,
            "brake": 0.0,
            "steer": 0.0
        },
        {
            "throttle": 0.6681820387491237,
            "brake": 0.0,
            "steer": 0.0
        },
        {
            "throttle": 0.6860049080844978,
            "brake": 0.0,
            "steer": 0.0
        },
        {
            "throttle": 0.6951511414236602,
            "brake": 0.0,
            "steer": 0.0
        },
        {
            "throttle": 0.6953196649329455,
            "brake": 0.0,
            "steer": 0.0
        },
        {
            "throttle": 0.6865049311900302,
            "brake": 0.0,
            "steer": 0.0
        },
        {
            "throttle": 0.6689971017928427,
            "brake": 0.0,
            "steer": 0.0
        },
        {
            "throttle": 0.6433724958795795,
            "brake": 0.0,
            "steer": 0.0
        },
        {
            "throttle": 0.6104746189734853,
            "brake": 0.0,
            "steer": 0.0
        },
        {
            "throttle": 0.5713863966409963,
            "brake": 0.0,
            "steer": 0.0
        },
        {
            "throttle": 0.5273945269699924,
            "brake": 0.0,
            "steer": 0.0
        },
        {
            "throttle": 0.47994712530597305,
            "brake": 0.0,
            "steer": 0.0
        },
        {
            "throttle": 0.4306060554880417,
            "brake": 0.0,
            "steer": 0.0
        },
        {
            "throttle": 0.38099551673530496,
            "brake": 0.0,
            "steer": 0.0
        },
        {
            "throttle": 0.3327485785900119,
            "brake": 0.0,
            "steer": 0.0
        },
        {
            "throttle": 0.2874534238692158,
            "brake": 0.0,
            "steer": 0.0
        },
        {
            "throttle": 0.24660106918845204,
            "brake": 0.0,
            "steer": 0.0
        },
        {
            "throttle": 0.21153628398251395,
            "brake": 0.0,
            "steer": 0.0
        },
        {
            "throttle": 0.18341332366093718,
            "brake": 0.0,
            "steer": 0.0
        },
        {
            "throttle": 0.16315793406510337,
            "brake": 0.0,
            "steer": 0.0
        },
        {
            "throttle": 0.15143687795645336,
            "brake": 0.0,
            "steer": 0.0
        },
        {
            "throttle": 0.14863598665662286,
            "brake": 0.0,
            "steer": 0.0
        },
        {
            "throttle": 0.1548474593311098,
            "brake": 0.0,
            "steer": 0.0
        },
        {
            "throttle": 0.1698668279960494,
            "brake": 0.0,
            "steer": 0.0
        },
        {
            "throttle": 0.19319968815338187,
            "brake": 0.0,
            "steer": 0.0
        },
        {
            "throttle": 0.22407797349674413,
            "brake": 0.0,
            "steer": 0.0
        },
        {
            "throttle": 0.26148523896065423,
            "brake": 0.0,
            "steer": 0.0
        },
        {
            "throttle": 0.30419011985075917,
            "brake": 0.0,
            "steer": 0.0
        },
        {
            "throttle": 0.3507868656543589,
            "brake": 0.0,
            "steer": 0.0
        },
        {
            "throttle": 0.3997416142475395,
            "brake": 0.0,
            "steer": 0.0
        },
        {
            "throttle": 0.44944288325405757,
            "brake": 0.0,
            "steer": 0.0
        },
        {
            "throttle": 0.49825461649177377,
            "brake": 0.0,
            "steer": 0.0
        },
        {
            "throttle": 0.5445700393345911,
            "brake": 0.0,
            "steer": 0.0
        },
        {
            "throttle": 0.5868645501901347,
            "brake": 0.0,
            "steer": 0.0
        },
        {
            "throttle": 0.6237459070223574,
            "brake": 0.0,
            "steer": 0.0
        },
        {
            "throttle": 0.6540000568894092,
            "brake": 0.0,
            "steer": 0.0
        },
        {
            "throttle": 0.6766310998894413,
            "brake": 0.0,
            "steer": 0.0
        },
        {
            "throttle": 0.69089407198937,
            "brake": 0.0,
            "steer": 0.0
        },
        {
            "throttle": 0.6963194675981672,
            "brake": 0.0,
            "steer": 0.0
        },
        {
            "throttle": 0.6927286946556348,
            "brake": 0.0,
            "steer": 0.0
        },
        {
            "throttle": 0.6802399534892236,
            "brake": 0.0,
            "steer": 0.0
        },
        {
            "throttle": 0.6592643459198905,
            "brake": 0.0,
            "steer": 0.0
        },
        {
            "throttle": 0.6304923426966506,
            "brake": 0.0,
            "steer": 0.0
        },
        {
            "throttle": 0.5948710547220394,
            "brake": 0.0,
            "steer": 0.0
        },
        {
            "throttle": 0.5535730562496229,
            "brake": 0.0,
            "steer": 0.0
        },
        {
            "throttle": 0.5079577863251511,
            "brake": 0.0,
            "steer": 0.0
        },
        {
            "throttle": 0.45952679905079574,
            "brake": 0.0,
            "steer": 0.0
        },
        {
            "throttle": 0.4098743357351021,
            "brake": 0.0,
            "steer": 0.0
        },
        {
            "throttle": 0.3606348459844863,
            "brake": 0.0,
            "steer": 0.0
        },
        {
            "throttle": 0.3134291852262274,
            "brake": 0.0,
            "steer": 0.0
        },
        {
            "throttle": 0.2698112597218616,
            "brake": 0.0,
            "steer": 0.0
        },
        {
            "throttle": 0.2312168753994857,
            "brake": 0.0,
            "steer": 0.0
        },
        {
            "throttle": 0.19891647428862233,
            "brake": 0.0,
            "steer": 0.0
        },
        {
            "throttle": 0.1739733143699898,
            "brake": 0.0,
            "steer": 0.0
        },
        {
            "throttle": 0.15720846946730915,
            "brake": 0.0,
            "steer": 0.0
        },
        {
            "throttle": 0.1491738013075323,
            "brake": 0.0,
            "steer": 0.0
        },
        {
            "throttle": 0.15013379344967093,
            "brake": 0.0,
            "steer": 0.0
        },
        {
            "throttle": 0.16005684506923212,
            "brake": 0.0,
            "steer": 0.0
        },
        {
            "throttle": 0.17861631118767946,
            "brake": 0.0,
            "steer": 0.0
        },
        {
            "throttle": 0.20520125510485926,
            "brake": 0.0,
            "steer": 0.0
        },
        {
            "throttle": 0.23893655908802636,
            "brake": 0.0,
            "steer": 0.0
        },
        {
            "throttle": 0.27871173131793264,
            "brake": 0.0,
            "steer": 0.0
        },
        {
            "throttle": 0.32321746083083064,
            "brake": 0.0,
            "steer": 0.0
        },
        {
            "throttle": 0.3709887171483105,
            "brake": 0.0,
            "steer": 0.0
        },
        {
            "throttle": 0.4204529758501905,
            "brake": 0.0,
            "steer": 0.0
        },
        {
            "throttle": 0.4699819826109415,
            "brake": 0.0,
            "steer": 0.0
        },
        {
            "throttle": 0.5179453517417087,
            "brake": 0.0,
            "steer": 0.0
        },
        {
            "throttle": 0.5627642348921145,
            "brake": 0.0,
            "steer": 0.0
        },
        {
            "throttle": 0.6029632932565204,
            "brake": 0.0,
            "steer": 0.0
        },
        {
            "throttle": 0.6372192624743194,
            "brake": 0.0,
            "steer": 0.0
        },
        {
            "throttle": 0.6644045115748292,
            "brake": 0.0,
            "steer": 0.0
        },
        {
            "throttle": 0.68362416210237,
            "brake": 0.0,
            "steer": 0.0
        },
        {
            "throttle": 0.6942455455417775,
            "brake": 0.0,
            "steer": 0.0
        },
        {
            "throttle": 0.6959190293708591,
            "brake": 0.0,
            "steer": 0.0
        },
        {
            "throttle": 0.6885895261920696,
            "brake": 0.0,
            "steer": 0.0
        },
        {
            "throttle": 0.6724983070881668,
            "brake": 0.0,
            "steer": 0.0
        },
        {
            "throttle": 0.648175059510183,
            "brake": 0.0,
            "steer": 0.0
        },
        {
            "throttle": 0.6164204511345197,
            "brake": 0.0,
            "steer": 0.0
        },
        {
            "throttle": 0.5782797736485495,
            "brake": 0.0,
            "steer": 0.0
        },
        {
            "throttle": 0.5350085340531855,
            "brake": 0.0,
            "steer": 0.0
        },
        {
            "throttle": 0.48803112614085764,
            "brake": 0.0,
            "steer": 0.0
        },
        {
            "throttle": 0.4388939425927228,
            "brake": 0.0,
            "steer": 0.0
        },
        {
            "throttle": 0.38921447114146357,
            "brake": 0.0,
            "steer": 0.0
        },
        {
            "throttle": 0.3406280504417655,
            "brake": 0.0,
            "steer": 0.0
        },
        {
            "throttle": 0.2947340383277981,
            "brake": 0.0,
            "steer": 0.0
        },
        {
            "throttle": 0.253043164479972,
            "brake": 0.0,
            "steer": 0.0
        },
        {
            "throttle": 0.21692780053508773,
            "brake": 0.0,
            "steer": 0.0
        },
        {
            "throttle": 0.18757678463819308,
            "brake": 0.0,
            "steer": 0.0
        },
        {
            "throttle": 0.1659562875122909,
            "brake": 0.0,
            "steer": 0.0
        }
    ],
    "parameters": {
        "fog_density": 0.9538806801068755,
        "precipitation": 9.769344299085548,
        "precipitation_deposits": 91.21359157400657,
        "wind_intensity": 27.353070459456685,
        "sun_altitude_angle": -15.483666747839745,
        "cloudiness": 36.65647195201876,
        "lead_base_throttle": 0.4224199380650149,
        "lead_behavior_frequency": 0.2891565087324621,
        "lead_throttle_variation": 0.3070191154712301,
        "lead_brake_probability": 0.22399997754982998,
        "lead_brake_intensity": 0.10648315069140034,
        "lead_brake_duration": 29.446901125874824,
        "initial_distance": 69.33889457689466,
        "initial_ego_velocity": 17.477459712732703,
        "initial_lead_velocity": 16.92570747398637
    },
    "config": {
        "num_timesteps": 200,
        "dt": 0.1,
        "seed": 45
    }
}