{
    "weather": {
        "cloudiness": 6.036354435155367,
        "precipitation": 96.92555038310559,
        "precipitation_deposits": 70.09756894333043,
        "wind_intensity": 20.684276736666817,
        "sun_altitude_angle": -15.509739538105505,
        "fog_density": 26.759119324234586,
        "fog_distance": 409.847293253774,
        "wetness": 48.462775191552794
    },
    "initial_conditions": {
        "ego": {
            "position": {
                "x": 533.8618450612709,
                "y": 20.57,
                "z": 0.294
            },
            "yaw": 0.0,
            "velocity": 17.222778293759266
        },
        "lead": {
            "position": {
                "x": 484.88,
                "y": 20.57,
                "z": 0.294
            },
            "yaw": 0.0,
            "velocity": 16.926539603537314
        }
    },
    "ego": {
        "position": {
            "x": 533.8618450612709,
            "y": 20.57,
            "z": 0.294
        },
        "yaw": 0.0,
        "velocity": 17.222778293759266
    },
    "lead": {
        "position": {
            "x": 484.88,
            "y": 20.57,
            "z": 0.294
        },
        "yaw": 0.0,
        "velocity": 16.926539603537314
    },
    "ado_actions": [
        {
            "throttle": 0.49048466950431,
            "brake": 0.0,
            "steer": 0.0
        },
        {
            "throttle": 0.49081693010262917,
            "brake": 0.0,
            "steer": 0.0
        },
        {
            "throttle": 0.4913717798856969,
            "brake": 0.0,
            "steer": 0.0
        },
        {
            "throttle": 0.4920627561913892,
            "brake": 0.0,
            "steer": 0.0
        },
        {
            "throttle": 0.49282023456666,
            "brake": 0.0,
            "steer": 0.0
        },
        {
            "throttle": 0.49358724310171626,
            "brake": 0.0,
            "steer": 0.0
        },
        {
            "throttle": 0.4943167801376357,
            "brake": 0.0,
            "steer": 0.0
        },
        {
            "throttle": 0.49497015084610496,
            "brake": 0.0,
            "steer": 0.0
        },
        {
            "throttle": 0.49551597708843165,
            "brake": 0.0,
            "steer": 0.0
        },
        {
            "throttle": 0.49592963339791485,
            "brake": 0.0,
            "steer": 0.0
        },
        {
            "throttle": 0.4961929321941282,
            "brake": 0.0,
            "steer": 0.0
        },
        {
            "throttle": 0.49629393199818017,
            "brake": 0.0,
            "steer": 0.0
        },
        {
            "throttle": 0.4962267794281574,
            "brake": 0.0,
            "steer": 0.0
        },
        {
            "throttle": 0.495991523234666,
            "brake": 0.0,
            "steer": 0.0
        },
        {
            "throttle": 0.4955938594250176,
            "brake": 0.0,
            "steer": 0.0
        },
        {
            "throttle": 0.49504478256059914,
            "brake": 0.0,
            "steer": 0.0
        },
        {
            "throttle": 0.49436013090831943,
            "brake": 0.0,
            "steer": 0.0
        },
        {
            "throttle": 0.4935600231615791,
            "brake": 0.0,
            "steer": 0.0
        },
        {
            "throttle": 0.49266819249686133,
            "brake": 0.0,
            "steer": 0.0
        },
        {
            "throttle": 0.4917112301724327,
            "brake": 0.0,
            "steer": 0.0
        },
        {
            "throttle": 0.4907177559431263,
            "brake": 0.0,
            "steer": 0.0
        },
        {
            "throttle": 0.48971753640907434,
            "brake": 0.0,
            "steer": 0.0
        },
        {
            "throttle": 0.48874057513216407,
            "brake": 0.0,
            "steer": 0.0
        },
        {
            "throttle": 0.487816200008082,
            "brake": 0.0,
            "steer": 0.0
        },
        {
            "throttle": 0.4869721740278263,
            "brake": 0.0,
            "steer": 0.0
        },
        {
            "throttle": 0.4862338552535238,
            "brake": 0.0,
            "steer": 0.0
        },
        {
            "throttle": 0.48562343062929825,
            "brake": 0.0,
            "steer": 0.0
        },
        {
            "throttle": 0.48515924622050616,
            "brake": 0.0,
            "steer": 0.0
        },
        {
            "throttle": 0.4848552537097197,
            "brake": 0.0,
            "steer": 0.0
        },
        {
            "throttle": 0.4847205895759443,
            "brake": 0.0,
            "steer": 0.0
        },
        {
            "throttle": 0.48475929945920376,
            "brake": 0.0,
            "steer": 0.0
        },
        {
            "throttle": 0.48497021589236156,
            "brake": 0.0,
            "steer": 0.0
        },
        {
            "throttle": 0.4853469930017848,
            "brake": 0.0,
            "steer": 0.0
        },
        {
            "throttle": 0.48587829708011876,
            "brake": 0.0,
            "steer": 0.0
        },
        {
            "throttle": 0.486548147262273,
            "brake": 0.0,
            "steer": 0.0
        },
        {
            "throttle": 0.4873363960322828,
            "brake": 0.0,
            "steer": 0.0
        },
        {
            "throttle": 0.4882193350908841,
            "brake": 0.0,
            "steer": 0.0
        },
        {
            "throttle": 0.4891704083486925,
            "brake": 0.0,
            "steer": 0.0
        },
        {
            "throttle": 0.4901610105917324,
            "brake": 0.0,
            "steer": 0.0
        },
        {
            "throttle": 0.4911613477920149,
            "brake": 0.0,
            "steer": 0.0
        },
        {
            "throttle": 0.4921413331836701,
            "brake": 0.0,
            "steer": 0.0
        },
        {
            "throttle": 0.4930714921507441,
            "brake": 0.0,
            "steer": 0.0
        },
        {
            "throttle": 0.49392384870866907,
            "brake": 0.0,
            "steer": 0.0
        },
        {
            "throttle": 0.494672766915651,
            "brake": 0.0,
            "steer": 0.0
        },
        {
            "throttle": 0.49529572190622145,
            "brake": 0.0,
            "steer": 0.0
        },
        {
            "throttle": 0.49577397735623324,
            "brake": 0.0,
            "steer": 0.0
        },
        {
            "throttle": 0.4960931490030126,
            "brake": 0.0,
            "steer": 0.0
        },
        {
            "throttle": 0.49624363727159815,
            "brake": 0.0,
            "steer": 0.0
        },
        {
            "throttle": 0.49622091599493334,
            "brake": 0.0,
            "steer": 0.0
        },
        {
            "throttle": 0.49602566854414565,
            "brake": 0.0,
            "steer": 0.0
        },
        {
            "throttle": 0.4956637672744661,
            "brake": 0.0,
            "steer": 0.0
        },
        {
            "throttle": 0.4951460969048993,
            "brake": 0.0,
            "steer": 0.0
        },
        {
            "throttle": 0.494488227143702,
            "brake": 0.0,
            "steer": 0.0
        },
        {
            "throttle": 0.49370994440590715,
            "brake": 0.0,
            "steer": 0.0
        },
        {
            "throttle": 0.49283465670715887,
            "brake": 0.0,
            "steer": 0.0
        },
        {
            "throttle": 0.491888689632544,
            "brake": 0.0,
            "steer": 0.0
        },
        {
            "throttle": 0.49090049455519724,
            "brake": 0.0,
            "steer": 0.0
        },
        {
            "throttle": 0.48989979291867636,
            "brake": 0.0,
            "steer": 0.0
        },
        {
            "throttle": 0.48891668232008834,
            "brake": 0.0,
            "steer": 0.0
        },
        {
            "throttle": 0.487980731279847,
            "brake": 0.0,
            "steer": 0.0
        },
        {
            "throttle": 0.4871200899242107,
            "brake": 0.0,
            "steer": 0.0
        },
        {
            "throttle": 0.4863606433281502,
            "brake": 0.0,
            "steer": 0.0
        },
        {
            "throttle": 0.48572523298302317,
            "brake": 0.0,
            "steer": 0.0
        },
        {
            "throttle": 0.4852329698045768,
            "brake": 0.0,
            "steer": 0.0
        },
        {
            "throttle": 0.4848986593435905,
            "brake": 0.0,
            "steer": 0.0
        },
        {
            "throttle": 0.4847323564868051,
            "brake": 0.0,
            "steer": 0.0
        },
        {
            "throttle": 0.4847390630411743,
            "brake": 0.0,
            "steer": 0.0
        },
        {
            "throttle": 0.4849185772970437,
            "brake": 0.0,
            "steer": 0.0
        },
        {
            "throttle": 0.4852655000948688,
            "brake": 0.0,
            "steer": 0.0
        },
        {
            "throttle": 0.3396858500664081,
            "brake": 0.1830068505437958,
            "steer": 0.0
        },
        {
            "throttle": 0.23778009504648567,
            "brake": 0.31111164592445284,
            "steer": 0.0
        },
        {
            "throttle": 0.16644606653253996,
            "brake": 0.4007850026909128,
            "steer": 0.0
        },
        {
            "throttle": 0.11651224657277796,
            "brake": 0.46355635242743476,
            "steer": 0.0
        },
        {
            "throttle": 0.08155857260094457,
            "brake": 0.5074962972430002,
            "steer": 0.0
        },
        {
            "throttle": 0.057091000820661195,
            "brake": 0.5382542586138959,
            "steer": 0.0
        },
        {
            "throttle": 0.039963700574462836,
            "brake": 0.5597848315735229,
            "steer": 0.0
        },
        {
            "throttle": 0.027974590402123984,
            "brake": 0.5748562326452618,
            "steer": 0.0
        },
        {
            "throttle": 0.019582213281486786,
            "brake": 0.585406213395479,
            "steer": 0.0
        },
        {
            "throttle": 0.013707549297040749,
            "brake": 0.5927911999206311,
            "steer": 0.0
        },
        {
            "throttle": 0.009595284507928523,
            "brake": 0.5979606904882375,
            "steer": 0.0
        },
        {
            "throttle": 0.006716699155549966,
            "brake": 0.6015793338855621,
            "steer": 0.0
        },
        {
            "throttle": 0.15376521560249976,
            "brake": 0.4211055337198934,
            "steer": 0.0
        },
        {
            "throttle": 0.25669423938696256,
            "brake": 0.2947738736039254,
            "steer": 0.0
        },
        {
            "throttle": 0.32868207633083957,
            "brake": 0.20634171152274774,
            "steer": 0.0
        },
        {
            "throttle": 0.3789554196799759,
            "brake": 0.14443919806592342,
            "steer": 0.0
        },
        {
            "throttle": 0.41397650801906893,
            "brake": 0.1011074386461464,
            "steer": 0.0
        },
        {
            "throttle": 0.4382740289409165,
            "brake": 0.07077520705230247,
            "steer": 0.0
        },
        {
            "throttle": 0.455024597605689,
            "brake": 0.04954264493661173,
            "steer": 0.0
        },
        {
            "throttle": 0.4664595952172595,
            "brake": 0.034679851455628206,
            "steer": 0.0
        },
        {
            "throttle": 0.47414972284600465,
            "brake": 0.024275896018939744,
            "steer": 0.0
        },
        {
            "throttle": 0.47920392640981424,
            "brake": 0.016993127213257818,
            "steer": 0.0
        },
        {
            "throttle": 0.48240835978247015,
            "brake": 0.011895189049280473,
            "steer": 0.0
        },
        {
            "throttle": 0.48432336146091065,
            "brake": 0.00832663233449633,
            "steer": 0.0
        },
        {
            "throttle": 0.48535103654145584,
            "brake": 0.005828642634147431,
            "steer": 0.0
        },
        {
            "throttle": 0.4857822673038523,
            "brake": 0.004080049843903201,
            "steer": 0.0
        },
        {
            "throttle": 0.4858293376390195,
            "brake": 0.002856034890732241,
            "steer": 0.0
        },
        {
            "throttle": 0.48564850949669447,
            "brake": 0.0019992244235125687,
            "steer": 0.0
        },
        {
            "throttle": 0.485355595915806,
            "brake": 0.001399457096458798,
            "steer": 0.0
        },
        {
            "throttle": 0.4850366687636775,
            "brake": 0.0009796199675211586,
            "steer": 0.0
        },
        {
            "throttle": 0.48475540368858494,
            "brake": 0.000685733977264811,
            "steer": 0.0
        },
        {
            "throttle": 0.48455811856429265,
            "brake": 0.00048001378408536765,
            "steer": 0.0
        },
        {
            "throttle": 0.48447724792015257,
            "brake": 0.00033600964885975733,
            "steer": 0.0
        },
        {
            "throttle": 0.4845337746807228,
            "brake": 0.00023520675420183012,
            "steer": 0.0
        },
        {
            "throttle": 0.48473898415254635,
            "brake": 0.00016464472794128107,
            "steer": 0.0
        },
        {
            "throttle": 0.4850957941574065,
            "brake": 0.00011525130955889674,
            "steer": 0.0
        },
        {
            "throttle": 0.48559983596347756,
            "brake": 8.067591669122771e-05,
            "steer": 0.0
        },
        {
            "throttle": 0.48624040376376454,
            "brake": 5.6473141683859394e-05,
            "steer": 0.0
        },
        {
            "throttle": 0.4870013493268597,
            "brake": 3.953119917870157e-05,
            "steer": 0.0
        },
        {
            "throttle": 0.4878619685394641,
            "brake": 2.76718394250911e-05,
            "steer": 0.0
        },
        {
            "throttle": 0.48879790471576756,
            "brake": 1.9370287597563768e-05,
            "steer": 0.0
        },
        {
            "throttle": 0.48978207758273706,
            "brake": 1.3559201318294636e-05,
            "steer": 0.0
        },
        {
            "throttle": 0.4907856352548936,
            "brake": 9.491440922806244e-06,
            "steer": 0.0
        },
        {
            "throttle": 0.4917789182444531,
            "brake": 6.644008645964371e-06,
            "steer": 0.0
        },
        {
            "throttle": 0.4927324188873444,
            "brake": 4.65080605217506e-06,
            "steer": 0.0
        },
        {
            "throttle": 0.49361771599112375,
            "brake": 3.2555642365225415e-06,
            "steer": 0.0
        },
        {
            "throttle": 0.3455324011937866,
            "brake": 0.18300912943876138,
            "steer": 0.0
        },
        {
            "throttle": 0.24187268083565058,
            "brake": 0.31111324115092875,
            "steer": 0.0
        },
        {
            "throttle": 0.1693108765849554,
            "brake": 0.40078611934944597,
            "steer": 0.0
        },
        {
            "throttle": 0.11851761360946876,
            "brake": 0.46355713408840793,
            "steer": 0.0
        },
        {
            "throttle": 0.08296232952662813,
            "brake": 0.5074968444056813,
            "steer": 0.0
        },
        {
            "throttle": 0.058073630668639686,
            "brake": 0.5382546416277727,
            "steer": 0.0
        },
        {
            "throttle": 0.04065154146804778,
            "brake": 0.5597850996832366,
            "steer": 0.0
        },
        {
            "throttle": 0.028456079027633443,
            "brake": 0.5748564203220614,
            "steer": 0.0
        },
        {
            "throttle": 0.01991925531934341,
            "brake": 0.5854063447692388,
            "steer": 0.0
        },
        {
            "throttle": 0.013943478723540386,
            "brake": 0.592791291882263,
            "steer": 0.0
        },
        {
            "throttle": 0.00976043510647827,
            "brake": 0.5979607548613799,
            "steer": 0.0
        },
        {
            "throttle": 0.006832304574534789,
            "brake": 0.6015793789467617,
            "steer": 0.0
        },
        {
            "throttle": 0.15180959002820418,
            "brake": 0.4211055652627332,
            "steer": 0.0
        },
        {
            "throttle": 0.2529638407060086,
            "brake": 0.2947738956839132,
            "steer": 0.0
        },
        {
            "throttle": 0.3234554495261127,
            "brake": 0.20634172697873923,
            "steer": 0.0
        },
        {
            "throttle": 0.37250620673118795,
            "brake": 0.14443920888511746,
            "steer": 0.0
        },
        {
            "throttle": 0.40658018900130155,
            "brake": 0.10110744621958222,
            "steer": 0.0
        },
        {
            "throttle": 0.4302101164526834,
            "brake": 0.07077521235370755,
            "steer": 0.0
        },
        {
            "throttle": 0.44657556594191683,
            "brake": 0.049542648647595285,
            "steer": 0.0
        },
        {
            "throttle": 0.45790751968518506,
            "brake": 0.034679854053316694,
            "steer": 0.0
        },
        {
            "throttle": 0.465771390535476,
            "brake": 0.024275897837321685,
            "steer": 0.0
        },
        {
            "throttle": 0.4712650276326108,
            "brake": 0.016993128486125178,
            "steer": 0.0
        },
        {
            "throttle": 0.475157258396392,
            "brake": 0.011895189940287624,
            "steer": 0.0
        },
        {
            "throttle": 0.3326100808774744,
            "brake": 0.19133348350199714,
            "steer": 0.0
        },
        {
            "throttle": 0.23282705661423206,
            "brake": 0.3169402889951938,
            "steer": 0.0
        },
        {
            "throttle": 0.16297893962996243,
            "brake": 0.40486505284043145,
            "steer": 0.0
        },
        {
            "throttle": 0.1140852577409737,
            "brake": 0.4664123875320978,
            "steer": 0.0
        },
        {
            "throttle": 0.07985968041868158,
            "brake": 0.5094955218162642,
            "steer": 0.0
        },
        {
            "throttle": 0.0559017762930771,
            "brake": 0.5396537158151807,
            "steer": 0.0
        },
        {
            "throttle": 0.03913124340515397,
            "brake": 0.5607644516144223,
            "steer": 0.0
        },
        {
            "throttle": 0.027391870383607776,
            "brake": 0.5755419666738915,
            "steer": 0.0
        },
        {
            "throttle": 0.019174309268525442,
            "brake": 0.5858862272155199,
            "steer": 0.0
        },
        {
            "throttle": 0.013422016487967809,
            "brake": 0.5931272095946597,
            "steer": 0.0
        },
        {
            "throttle": 0.009395411541577466,
            "brake": 0.5981958972600576,
            "steer": 0.0
        },
        {
            "throttle": 0.006576788079104226,
            "brake": 0.6017439786258362,
            "steer": 0.0
        },
        {
            "throttle": 0.1532719692136236,
            "brake": 0.4212207850380853,
            "steer": 0.0
        },
        {
            "throttle": 0.2561386118202711,
            "brake": 0.2948545495266597,
            "steer": 0.0
        },
        {
            "throttle": 0.32827406222441613,
            "brake": 0.20639818466866178,
            "steer": 0.0
        },
        {
            "throttle": 0.37884258898389006,
            "brake": 0.14447872926806324,
            "steer": 0.0
        },
        {
            "throttle": 0.41425696310635135,
            "brake": 0.10113511048764426,
            "steer": 0.0
        },
        {
            "throttle": 0.4390056308805131,
            "brake": 0.07079457734135097,
            "steer": 0.0
        },
        {
            "throttle": 0.4562317496982452,
            "brake": 0.04955620413894568,
            "steer": 0.0
        },
        {
            "throttle": 0.46813847568511807,
            "brake": 0.03468934289726197,
            "steer": 0.0
        },
        {
            "throttle": 0.476272576437896,
            "brake": 0.024282540028083378,
            "steer": 0.0
        },
        {
            "throttle": 0.48172282284283097,
            "brake": 0.016997778019658363,
            "steer": 0.0
        },
        {
            "throttle": 0.48525868187987736,
            "brake": 0.011898444613760854,
            "steer": 0.0
        },
        {
            "throttle": 0.4874271812043522,
            "brake": 0.008328911229632597,
            "steer": 0.0
        },
        {
            "throttle": 0.48862046168840356,
            "brake": 0.0058302378607428176,
            "steer": 0.0
        },
        {
            "throttle": 0.48912278684924004,
            "brake": 0.0040811665025199725,
            "steer": 0.0
        },
        {
            "throttle": 0.48914315575472855,
            "brake": 0.0028568165517639807,
            "steer": 0.0
        },
        {
            "throttle": 0.48883783085307486,
            "brake": 0.0019997715862347864,
            "steer": 0.0
        },
        {
            "throttle": 0.48832580779845614,
            "brake": 0.0013998401103643503,
            "steer": 0.0
        },
        {
            "throttle": 0.48769935523549024,
            "brake": 0.0009798880772550452,
            "steer": 0.0
        },
        {
            "throttle": 0.4870311228114775,
            "brake": 0.0006859216540785316,
            "steer": 0.0
        },
        {
            "throttle": 0.4863788743204201,
            "brake": 0.0004801451578549721,
            "steer": 0.0
        },
        {
            "throttle": 0.4857885931041051,
            "brake": 0.00033610161049848044,
            "steer": 0.0
        },
        {
            "throttle": 0.4852964889478385,
            "brake": 0.00023527112734893628,
            "steer": 0.0
        },
        {
            "throttle": 0.4849302819564587,
            "brake": 0.00016468978914425538,
            "steer": 0.0
        },
        {
            "throttle": 0.4847100298883512,
            "brake": 0.00011528285240097875,
            "steer": 0.0
        },
        {
            "throttle": 0.4846486876287056,
            "brake": 8.069799668068512e-05,
            "steer": 0.0
        },
        {
            "throttle": 0.48475253147020414,
            "brake": 5.6488597676479575e-05,
            "steer": 0.0
        },
        {
            "throttle": 0.48502154008689496,
            "brake": 3.95420183735357e-05,
            "steer": 0.0
        },
        {
            "throttle": 0.4854497939955308,
            "brake": 2.767941286147499e-05,
            "steer": 0.0
        },
        {
            "throttle": 0.48602593276682465,
            "brake": 1.937558900303249e-05,
            "steer": 0.0
        },
        {
            "throttle": 0.48673369212910517,
            "brake": 1.3562912302122742e-05,
            "steer": 0.0
        },
        {
            "throttle": 0.48755252993583,
            "brake": 9.494038611485919e-06,
            "steer": 0.0
        },
        {
            "throttle": 0.48845833975800956,
            "brake": 6.645827028040143e-06,
            "steer": 0.0
        },
        {
            "throttle": 0.4894242429507527,
            "brake": 4.6520789196281e-06,
            "steer": 0.0
        },
        {
            "throttle": 0.49042144398944904,
            "brake": 3.2564552437396694e-06,
            "steer": 0.0
        },
        {
            "throttle": 0.49142012938274393,
            "brake": 2.2795186706177684e-06,
            "steer": 0.0
        },
        {
            "throttle": 0.4923903873490243,
            "brake": 1.5956630694324378e-06,
            "steer": 0.0
        },
        {
            "throttle": 0.4933031235517777,
            "brake": 1.1169641486027063e-06,
            "steer": 0.0
        },
        {
            "throttle": 0.494130947420922,
            "brake": 7.818749040218944e-07,
            "steer": 0.0
        },
        {
            "throttle": 0.4948490038511103,
            "brake": 5.473124328153261e-07,
            "steer": 0.0
        },
        {
            "throttle": 0.4954357262763525,
            "brake": 3.8311870297072825e-07,
            "steer": 0.0
        },
        {
            "throttle": 0.4958734891808467,
            "brake": 2.6818309207950977e-07,
            "steer": 0.0
        },
        {
            "throttle": 0.49614914091759804,
            "brake": 1.8772816445565683e-07,
            "steer": 0.0
        },
        {
            "throttle": 0.49625440115727976,
            "brake": 1.3140971511895978e-07,
            "steer": 0.0
        },
        {
            "throttle": 0.4961861112569088,
            "brake": 9.198680058327184e-08,
            "steer": 0.0
        },
        {
            "throttle": 0.4959463301885312,
            "brake": 6.439076040829029e-08,
            "steer": 0.0
        },
        {
            "throttle": 0.49554227326200395,
            "brake": 4.50735322858032e-08,
            "steer": 0.0
        },
        {
            "throttle": 0.49498609556837847,
            "brake": 3.1551472600062235e-08,
            "steer": 0.0
        },
        {
            "throttle": 0.49429452671559826,
            "brake": 2.2086030820043562e-08,
            "steer": 0.0
        },
        {
            "throttle": 0.49348836788329575,
            "brake": 1.546022157403049e-08,
            "steer": 0.0
        },
        {
            "throttle": 0.492591866352158,
            "brake": 1.0822155101821343e-08,
            "steer": 0.0
        }
    ],
    "parameters": {
        "fog_density": 26.759119324234586,
        "precipitation": 96.92555038310559,
        "precipitation_deposits": 70.09756894333043,
        "wind_intensity": 20.684276736666817,
        "sun_altitude_angle": -15.509739538105505,
        "cloudiness": 6.036354435155367,
        "lead_base_throttle": 0.49048466950431,
        "lead_behavior_frequency": 0.2763627460783684,
        "lead_throttle_variation": 0.006410367172847576,
        "lead_brake_probability": 0.17524224921407602,
        "lead_brake_intensity": 0.6100228351459861,
        "lead_brake_duration": 12.304938606900205,
        "initial_distance": 48.98184506127084,
        "initial_ego_velocity": 17.222778293759266,
        "initial_lead_velocity": 16.926539603537314
    },
    "config": {
        "num_timesteps": 200,
        "dt": 0.1,
        "seed": 44
    }
}