{
    "weather": {
        "cloudiness": 66.218655851788,
        "precipitation": 53.64606599978562,
        "precipitation_deposits": 14.52220379332816,
        "wind_intensity": 2.6848014970424385,
        "sun_altitude_angle": 60.81926995374826,
        "fog_density": 79.33564019346511,
        "fog_distance": 71.03934931324031,
        "wetness": 26.82303299989281
    },
    "initial_conditions": {
        "ego": {
            "position": {
                "x": 558.1122110914536,
                "y": 20.57,
                "z": 0.294
            },
            "yaw": 0.0,
            "velocity": 17.758559978453054
        },
        "lead": {
            "position": {
                "x": 484.88,
                "y": 20.57,
                "z": 0.294
            },
            "yaw": 0.0,
            "velocity": 6.620711433269517
        }
    },
    "ego": {
        "position": {
            "x": 558.1122110914536,
            "y": 20.57,
            "z": 0.294
        },
        "yaw": 0.0,
        "velocity": 17.758559978453054
    },
    "lead": {
        "position": {
            "x": 484.88,
            "y": 20.57,
            "z": 0.294
        },
        "yaw": 0.0,
        "velocity": 6.620711433269517
    },
    "ado_actions": [
        {
            "throttle": 0.24463492007241064,
            "brake": 0.0,
            "steer": 0.0
        },
        {
            "throttle": 0.25902261394101134,
            "brake": 0.0,
            "steer": 0.0
        },
        {
            "throttle": 0.2832452349750293,
            "brake": 0.0,
            "steer": 0.0
        },
        {
            "throttle": 0.3138832740830886,
            "brake": 0.0,
            "steer": 0.0
        },
        {
            "throttle": 0.3483182109210883,
            "brake": 0.0,
            "steer": 0.0
        },
        {
            "throttle": 0.3845036212764349,
            "brake": 0.0,
            "steer": 0.0
        },
        {
            "throttle": 0.4208084604040732,
            "brake": 0.0,
            "steer": 0.0
        },
        {
            "throttle": 0.45591062445049546,
            "brake": 0.0,
            "steer": 0.0
        },
        {
            "throttle": 0.4887254078329162,
            "brake": 0.0,
            "steer": 0.0
        },
        {
            "throttle": 0.5183580403616824,
            "brake": 0.0,
            "steer": 0.0
        },
        {
            "throttle": 0.544072689748461,
            "brake": 0.0,
            "steer": 0.0
        },
        {
            "throttle": 0.5652725628575826,
            "brake": 0.0,
            "steer": 0.0
        },
        {
            "throttle": 0.5814873194763974,
            "brake": 0.0,
            "steer": 0.0
        },
        {
            "throttle": 0.5923651261775722,
            "brake": 0.0,
            "steer": 0.0
        },
        {
            "throttle": 0.5976674653710652,
            "brake": 0.0,
            "steer": 0.0
        },
        {
            "throttle": 0.5972653740111656,
            "brake": 0.0,
            "steer": 0.0
        },
        {
            "throttle": 0.591136186181932,
            "brake": 0.0,
            "steer": 0.0
        },
        {
            "throttle": 0.5793601417810323,
            "brake": 0.0,
            "steer": 0.0
        },
        {
            "throttle": 0.5621164331171019,
            "brake": 0.0,
            "steer": 0.0
        },
        {
            "throttle": 0.5396784156496166,
            "brake": 0.0,
            "steer": 0.0
        },
        {
            "throttle": 0.5124078244607067,
            "brake": 0.0,
            "steer": 0.0
        },
        {
            "throttle": 0.4807479255252024,
            "brake": 0.0,
            "steer": 0.0
        },
        {
            "throttle": 0.4452155981469734,
            "brake": 0.0,
            "steer": 0.0
        },
        {
            "throttle": 0.4063923973524512,
            "brake": 0.0,
            "steer": 0.0
        },
        {
            "throttle": 0.3649146861961533,
            "brake": 0.0,
            "steer": 0.0
        },
        {
            "throttle": 0.32146296029864163,
            "brake": 0.0,
            "steer": 0.0
        },
        {
            "throttle": 0.2767505121687067,
            "brake": 0.0,
            "steer": 0.0
        },
        {
            "throttle": 0.23151160208118157,
            "brake": 0.0,
            "steer": 0.0
        },
        {
            "throttle": 0.18648931624981932,
            "brake": 0.0,
            "steer": 0.0
        },
        {
            "throttle": 0.14242330227476907,
            "brake": 0.0,
            "steer": 0.0
        },
        {
            "throttle": 0.1000375767317571,
            "brake": 0.0,
            "steer": 0.0
        },
        {
            "throttle": 0.07002630371222997,
            "brake": 0.0,
            "steer": 0.0
        },
        {
            "throttle": 0.049018412598560976,
            "brake": 0.0,
            "steer": 0.0
        },
        {
            "throttle": 0.03431288881899268,
            "brake": 0.0,
            "steer": 0.0
        },
        {
            "throttle": 0.024019022173294872,
            "brake": 0.0,
            "steer": 0.0
        },
        {
            "throttle": 0.01681331552130641,
            "brake": 0.0,
            "steer": 0.0
        },
        {
            "throttle": 0.011769320864914487,
            "brake": 0.0,
            "steer": 0.0
        },
        {
            "throttle": 0.00823852460544014,
            "brake": 0.0,
            "steer": 0.0
        },
        {
            "throttle": 0.0057669672238080975,
            "brake": 0.0,
            "steer": 0.0
        },
        {
            "throttle": 0.004036877056665668,
            "brake": 0.0,
            "steer": 0.0
        },
        {
            "throttle": 0.0028258139396659674,
            "brake": 0.0,
            "steer": 0.0
        },
        {
            "throttle": 0.001978069757766177,
            "brake": 0.0,
            "steer": 0.0
        },
        {
            "throttle": 0.0013846488304363237,
            "brake": 0.0,
            "steer": 0.0
        },
        {
            "throttle": 0.0009692541813054265,
            "brake": 0.0,
            "steer": 0.0
        },
        {
            "throttle": 0.007034358179601671,
            "brake": 0.0,
            "steer": 0.0
        },
        {
            "throttle": 0.023383150039746614,
            "brake": 0.0,
            "steer": 0.0
        },
        {
            "throttle": 0.047833308338569594,
            "brake": 0.0,
            "steer": 0.0
        },
        {
            "throttle": 0.07864345730239922,
            "brake": 0.0,
            "steer": 0.0
        },
        {
            "throttle": 0.11436955898937082,
            "brake": 0.0,
            "steer": 0.0
        },
        {
            "throttle": 0.15376808687287308,
            "brake": 0.0,
            "steer": 0.0
        },
        {
            "throttle": 0.1957320717220687,
            "brake": 0.0,
            "steer": 0.0
        },
        {
            "throttle": 0.2392502205539414,
            "brake": 0.0,
            "steer": 0.0
        },
        {
            "throttle": 0.2833821853197056,
            "brake": 0.0,
            "steer": 0.0
        },
        {
            "throttle": 0.3272450711335552,
            "brake": 0.0,
            "steer": 0.0
        },
        {
            "throttle": 0.3700076841260479,
            "brake": 0.0,
            "steer": 0.0
        },
        {
            "throttle": 0.41089000830100225,
            "brake": 0.0,
            "steer": 0.0
        },
        {
            "throttle": 0.4491660963841909,
            "brake": 0.0,
            "steer": 0.0
        },
        {
            "throttle": 0.4841690506267518,
            "brake": 0.0,
            "steer": 0.0
        },
        {
            "throttle": 0.5152971181362909,
            "brake": 0.0,
            "steer": 0.0
        },
        {
            "throttle": 0.542020175062222,
            "brake": 0.0,
            "steer": 0.0
        },
        {
            "throttle": 0.5638860552205728,
            "brake": 0.0,
            "steer": 0.0
        },
        {
            "throttle": 0.5805263126546751,
            "brake": 0.0,
            "steer": 0.0
        },
        {
            "throttle": 0.5916611088795113,
            "brake": 0.0,
            "steer": 0.0
        },
        {
            "throttle": 0.5971029943068626,
            "brake": 0.0,
            "steer": 0.0
        },
        {
            "throttle": 0.5967594165769257,
            "brake": 0.0,
            "steer": 0.0
        },
        {
            "throttle": 0.5906338409833045,
            "brake": 0.0,
            "steer": 0.0
        },
        {
            "throttle": 0.5788254130649907,
            "brake": 0.0,
            "steer": 0.0
        },
        {
            "throttle": 0.561527132851839,
            "brake": 0.0,
            "steer": 0.0
        },
        {
            "throttle": 0.5390225455283055,
            "brake": 0.0,
            "steer": 0.0
        },
        {
            "throttle": 0.5116809852348806,
            "brake": 0.0,
            "steer": 0.0
        },
        {
            "throttle": 0.4799514378061399,
            "brake": 0.0,
            "steer": 0.0
        },
        {
            "throttle": 0.4443551146522482,
            "brake": 0.0,
            "steer": 0.0
        },
        {
            "throttle": 0.4054768537701297,
            "brake": 0.0,
            "steer": 0.0
        },
        {
            "throttle": 0.36395548496449825,
            "brake": 0.0,
            "steer": 0.0
        },
        {
            "throttle": 0.3204733146546025,
            "brake": 0.0,
            "steer": 0.0
        },
        {
            "throttle": 0.27574490100283006,
            "brake": 0.0,
            "steer": 0.0
        },
        {
            "throttle": 0.2305053023883326,
            "brake": 0.0,
            "steer": 0.0
        },
        {
            "throttle": 0.18549799134081763,
            "brake": 0.0,
            "steer": 0.0
        },
        {
            "throttle": 0.14146263185331578,
            "brake": 0.0,
            "steer": 0.0
        },
        {
            "throttle": 0.09912292045196346,
            "brake": 0.0,
            "steer": 0.0
        },
        {
            "throttle": 0.06938604431637442,
            "brake": 0.0,
            "steer": 0.0
        },
        {
            "throttle": 0.048570231021462094,
            "brake": 0.0,
            "steer": 0.0
        },
        {
            "throttle": 0.033999161715023464,
            "brake": 0.0,
            "steer": 0.0
        },
        {
            "throttle": 0.023799413200516425,
            "brake": 0.0,
            "steer": 0.0
        },
        {
            "throttle": 0.016659589240361497,
            "brake": 0.0,
            "steer": 0.0
        },
        {
            "throttle": 0.011661712468253047,
            "brake": 0.0,
            "steer": 0.0
        },
        {
            "throttle": 0.008163198727777132,
            "brake": 0.0,
            "steer": 0.0
        },
        {
            "throttle": 0.005714239109443992,
            "brake": 0.0,
            "steer": 0.0
        },
        {
            "throttle": 0.003999967376610795,
            "brake": 0.0,
            "steer": 0.0
        },
        {
            "throttle": 0.0027999771636275563,
            "brake": 0.0,
            "steer": 0.0
        },
        {
            "throttle": 0.001959984014539289,
            "brake": 0.0,
            "steer": 0.0
        },
        {
            "throttle": 0.0013719888101775023,
            "brake": 0.0,
            "steer": 0.0
        },
        {
            "throttle": 0.0009603921671242515,
            "brake": 0.0,
            "steer": 0.0
        },
        {
            "throttle": 0.007284495693492605,
            "brake": 0.0,
            "steer": 0.0
        },
        {
            "throttle": 0.02383675438347261,
            "brake": 0.0,
            "steer": 0.0
        },
        {
            "throttle": 0.048446929405066286,
            "brake": 0.0,
            "steer": 0.0
        },
        {
            "throttle": 0.07938181371164811,
            "brake": 0.0,
            "steer": 0.0
        },
        {
            "throttle": 0.11520287836014971,
            "brake": 0.0,
            "steer": 0.0
        },
        {
            "throttle": 0.15467032742629944,
            "brake": 0.0,
            "steer": 0.0
        },
        {
            "throttle": 0.19667976288319733,
            "brake": 0.0,
            "steer": 0.0
        },
        {
            "throttle": 0.2402217375129685,
            "brake": 0.0,
            "steer": 0.0
        },
        {
            "throttle": 0.2843573266101739,
            "brake": 0.0,
            "steer": 0.0
        },
        {
            "throttle": 0.3282048461644459,
            "brake": 0.0,
            "steer": 0.0
        },
        {
            "throttle": 0.3709342441557567,
            "brake": 0.0,
            "steer": 0.0
        },
        {
            "throttle": 0.41176667298492153,
            "brake": 0.0,
            "steer": 0.0
        },
        {
            "throttle": 0.4499774411577002,
            "brake": 0.0,
            "steer": 0.0
        },
        {
            "throttle": 0.484901029476171,
            "brake": 0.0,
            "steer": 0.0
        },
        {
            "throttle": 0.5159372029321541,
            "brake": 0.0,
            "steer": 0.0
        },
        {
            "throttle": 0.5425574973994128,
            "brake": 0.0,
            "steer": 0.0
        },
        {
            "throttle": 0.5643115401983232,
            "brake": 0.0,
            "steer": 0.0
        },
        {
            "throttle": 0.5808327966326654,
            "brake": 0.0,
            "steer": 0.0
        },
        {
            "throttle": 0.5918434352391923,
            "brake": 0.0,
            "steer": 0.0
        },
        {
            "throttle": 0.5971580828192751,
            "brake": 0.0,
            "steer": 0.0
        },
        {
            "throttle": 0.5966863032595371,
            "brake": 0.0,
            "steer": 0.0
        },
        {
            "throttle": 0.590433686406619,
            "brake": 0.0,
            "steer": 0.0
        },
        {
            "throttle": 0.5785014780034714,
            "brake": 0.0,
            "steer": 0.0
        },
        {
            "throttle": 0.5610847210010552,
            "brake": 0.0,
            "steer": 0.0
        },
        {
            "throttle": 0.5384689137549514,
            "brake": 0.0,
            "steer": 0.0
        },
        {
            "throttle": 0.5110252225023401,
            "brake": 0.0,
            "steer": 0.0
        },
        {
            "throttle": 0.4792043145327845,
            "brake": 0.0,
            "steer": 0.0
        },
        {
            "throttle": 0.4435289048153819,
            "brake": 0.0,
            "steer": 0.0
        },
        {
            "throttle": 0.404585132565266,
            "brake": 0.0,
            "steer": 0.0
        },
        {
            "throttle": 0.36301290526559865,
            "brake": 0.0,
            "steer": 0.0
        },
        {
            "throttle": 0.3194953658932441,
            "brake": 0.0,
            "steer": 0.0
        },
        {
            "throttle": 0.27474765438996934,
            "brake": 0.0,
            "steer": 0.0
        },
        {
            "throttle": 0.22950514663851834,
            "brake": 0.0,
            "steer": 0.0
        },
        {
            "throttle": 0.1845113632230094,
            "brake": 0.0,
            "steer": 0.0
        },
        {
            "throttle": 0.14050574598323007,
            "brake": 0.0,
            "steer": 0.0
        },
        {
            "throttle": 0.09835402218826104,
            "brake": 0.0,
            "steer": 0.0
        },
        {
            "throttle": 0.06884781553178272,
            "brake": 0.0,
            "steer": 0.0
        },
        {
            "throttle": 0.0481934708722479,
            "brake": 0.0,
            "steer": 0.0
        },
        {
            "throttle": 0.03373542961057353,
            "brake": 0.0,
            "steer": 0.0
        },
        {
            "throttle": 0.023614800727401467,
            "brake": 0.0,
            "steer": 0.0
        },
        {
            "throttle": 0.016530360509181025,
            "brake": 0.0,
            "steer": 0.0
        },
        {
            "throttle": 0.011571252356426717,
            "brake": 0.0,
            "steer": 0.0
        },
        {
            "throttle": 0.008099876649498702,
            "brake": 0.0,
            "steer": 0.0
        },
        {
            "throttle": 0.005669913654649091,
            "brake": 0.0,
            "steer": 0.0
        },
        {
            "throttle": 0.003968939558254364,
            "brake": 0.0,
            "steer": 0.0
        },
        {
            "throttle": 0.0027782576907780547,
            "brake": 0.0,
            "steer": 0.0
        },
        {
            "throttle": 0.0019447803835446382,
            "brake": 0.0,
            "steer": 0.0
        },
        {
            "throttle": 0.0013613462684812466,
            "brake": 0.0,
            "steer": 0.0
        },
        {
            "throttle": 0.0009529423879368725,
            "brake": 0.0,
            "steer": 0.0
        },
        {
            "throttle": 0.007536158793326147,
            "brake": 0.0,
            "steer": 0.0
        },
        {
            "throttle": 0.024291866148134302,
            "brake": 0.0,
            "steer": 0.0
        },
        {
            "throttle": 0.049061940443060996,
            "brake": 0.0,
            "steer": 0.0
        },
        {
            "throttle": 0.0801213676418731,
            "brake": 0.0,
            "steer": 0.0
        },
        {
            "throttle": 0.11603714661034333,
            "brake": 0.0,
            "steer": 0.0
        },
        {
            "throttle": 0.15557322706592308,
            "brake": 0.0,
            "steer": 0.0
        },
        {
            "throttle": 0.19762779461544722,
            "brake": 0.0,
            "steer": 0.0
        },
        {
            "throttle": 0.24119325840788342,
            "brake": 0.0,
            "steer": 0.0
        },
        {
            "throttle": 0.2853321263705488,
            "brake": 0.0,
            "steer": 0.0
        },
        {
            "throttle": 0.3291639336759888,
            "brake": 0.0,
            "steer": 0.0
        },
        {
            "throttle": 0.37185977768072004,
            "brake": 0.0,
            "steer": 0.0
        },
        {
            "throttle": 0.41264198604231506,
            "brake": 0.0,
            "steer": 0.0
        },
        {
            "throttle": 0.45078712929185266,
            "brake": 0.0,
            "steer": 0.0
        },
        {
            "throttle": 0.4856310724265883,
            "brake": 0.0,
            "steer": 0.0
        },
        {
            "throttle": 0.5165751033541208,
            "brake": 0.0,
            "steer": 0.0
        },
        {
            "throttle": 0.5430924220655878,
            "brake": 0.0,
            "steer": 0.0
        },
        {
            "throttle": 0.564734453107781,
            "brake": 0.0,
            "steer": 0.0
        },
        {
            "throttle": 0.5811365760627134,
            "brake": 0.0,
            "steer": 0.0
        },
        {
            "throttle": 0.5920229687723044,
            "brake": 0.0,
            "steer": 0.0
        },
        {
            "throttle": 0.5972103359526411,
            "brake": 0.0,
            "steer": 0.0
        },
        {
            "throttle": 0.5966103584881133,
            "brake": 0.0,
            "steer": 0.0
        },
        {
            "throttle": 0.5902307507502917,
            "brake": 0.0,
            "steer": 0.0
        },
        {
            "throttle": 0.5781748578836747,
            "brake": 0.0,
            "steer": 0.0
        },
        {
            "throttle": 0.5606397642000753,
            "brake": 0.0,
            "steer": 0.0
        },
        {
            "throttle": 0.5379129189360397,
            "brake": 0.0,
            "steer": 0.0
        },
        {
            "throttle": 0.5103673174446146,
            "brake": 0.0,
            "steer": 0.0
        },
        {
            "throttle": 0.4784553048489791,
            "brake": 0.0,
            "steer": 0.0
        },
        {
            "throttle": 0.4427010954755434,
            "brake": 0.0,
            "steer": 0.0
        },
        {
            "throttle": 0.4036921250453882,
            "brake": 0.0,
            "steer": 0.0
        },
        {
            "throttle": 0.3620693735750468,
            "brake": 0.0,
            "steer": 0.0
        },
        {
            "throttle": 0.31851681510593843,
            "brake": 0.0,
            "steer": 0.0
        },
        {
            "throttle": 0.27375016560862947,
            "brake": 0.0,
            "steer": 0.0
        },
        {
            "throttle": 0.22850511255599937,
            "brake": 0.0,
            "steer": 0.0
        },
        {
            "throttle": 0.18352521860752008,
            "brake": 0.0,
            "steer": 0.0
        },
        {
            "throttle": 0.13954969750341148,
            "brake": 0.0,
            "steer": 0.0
        },
        {
            "throttle": 0.09768478825238804,
            "brake": 0.0,
            "steer": 0.0
        },
        {
            "throttle": 0.06837935177667162,
            "brake": 0.0,
            "steer": 0.0
        },
        {
            "throttle": 0.047865546243670135,
            "brake": 0.0,
            "steer": 0.0
        },
        {
            "throttle": 0.03350588237056909,
            "brake": 0.0,
            "steer": 0.0
        },
        {
            "throttle": 0.023454117659398362,
            "brake": 0.0,
            "steer": 0.0
        },
        {
            "throttle": 0.016417882361578852,
            "brake": 0.0,
            "steer": 0.0
        },
        {
            "throttle": 0.011492517653105196,
            "brake": 0.0,
            "steer": 0.0
        },
        {
            "throttle": 0.008044762357173637,
            "brake": 0.0,
            "steer": 0.0
        },
        {
            "throttle": 0.005631333650021545,
            "brake": 0.0,
            "steer": 0.0
        },
        {
            "throttle": 0.0039419335550150815,
            "brake": 0.0,
            "steer": 0.0
        },
        {
            "throttle": 0.002759353488510557,
            "brake": 0.0,
            "steer": 0.0
        },
        {
            "throttle": 0.0019315474419573898,
            "brake": 0.0,
            "steer": 0.0
        },
        {
            "throttle": 0.0013520832093701727,
            "brake": 0.0,
            "steer": 0.0
        },
        {
            "throttle": 0.0009464582465591208,
            "brake": 0.0,
            "steer": 0.0
        },
        {
            "throttle": 0.007789032795303085,
            "brake": 0.0,
            "steer": 0.0
        },
        {
            "throttle": 0.024748262811821062,
            "brake": 0.0,
            "steer": 0.0
        },
        {
            "throttle": 0.04967818330335259,
            "brake": 0.0,
            "steer": 0.0
        },
        {
            "throttle": 0.08086200590333442,
            "brake": 0.0,
            "steer": 0.0
        },
        {
            "throttle": 0.11687228196124608,
            "brake": 0.0,
            "steer": 0.0
        },
        {
            "throttle": 0.15647672598201467,
            "brake": 0.0,
            "steer": 0.0
        },
        {
            "throttle": 0.19857612251077295,
            "brake": 0.0,
            "steer": 0.0
        },
        {
            "throttle": 0.2421647496769857,
            "brake": 0.0,
            "steer": 0.0
        },
        {
            "throttle": 0.2863065587374297,
            "brake": 0.0,
            "steer": 0.0
        }
    ],
    "parameters": {
        "fog_density": 79.33564019346511,
        "precipitation": 53.64606599978562,
        "precipitation_deposits": 14.52220379332816,
        "wind_intensity": 2.6848014970424385,
        "sun_altitude_angle": 60.81926995374826,
        "cloudiness": 66.218655851788,
        "lead_base_throttle": 0.24463492007241064,
        "lead_behavior_frequency": 0.20417374174054426,
        "lead_throttle_variation": 0.37487118021133187,
        "lead_brake_probability": 0.00868570916887187,
        "lead_brake_intensity": 0.7618316424174009,
        "lead_brake_duration": 7.155197959999505,
        "initial_distance": 73.23221109145359,
        "initial_ego_velocity": 17.758559978453054,
        "initial_lead_velocity": 6.620711433269517
    },
    "config": {
        "num_timesteps": 200,
        "dt": 0.1,
        "seed": 183
    }
}