{
    "weather": {
        "cloudiness": 15.270933939188824,
        "precipitation": 13.044304889273139,
        "precipitation_deposits": 12.469752261973198,
        "wind_intensity": 33.159067262948106,
        "sun_altitude_angle": -10.521515890983778,
        "fog_density": 73.58037676642954,
        "fog_distance": 86.06269595985486,
        "wetness": 6.5221524446365695
    },
    "initial_conditions": {
        "ego": {
            "position": {
                "x": 501.2741986713495,
                "y": 20.57,
                "z": 0.294
            },
            "yaw": 0.0,
            "velocity": 6.012233524300418
        },
        "lead": {
            "position": {
                "x": 484.88,
                "y": 20.57,
                "z": 0.294
            },
            "yaw": 0.0,
            "velocity": 16.824683743747713
        }
    },
    "ego": {
        "position": {
            "x": 501.2741986713495,
            "y": 20.57,
            "z": 0.294
        },
        "yaw": 0.0,
        "velocity": 6.012233524300418
    },
    "lead": {
        "position": {
            "x": 484.88,
            "y": 20.57,
            "z": 0.294
        },
        "yaw": 0.0,
        "velocity": 16.824683743747713
    },
    "ado_actions": [
        {
            "throttle": 0.3944792437072795,
            "brake": 0.0,
            "steer": 0.0
        },
        {
            "throttle": 0.402860845081066,
            "brake": 0.0,
            "steer": 0.0
        },
        {
            "throttle": 0.4169838884672804,
            "brake": 0.0,
            "steer": 0.0
        },
        {
            "throttle": 0.43487646787215906,
            "brake": 0.0,
            "steer": 0.0
        },
        {
            "throttle": 0.45503819541858226,
            "brake": 0.0,
            "steer": 0.0
        },
        {
            "throttle": 0.4763042868300519,
            "brake": 0.0,
            "steer": 0.0
        },
        {
            "throttle": 0.4977521383451302,
            "brake": 0.0,
            "steer": 0.0
        },
        {
            "throttle": 0.518637538802312,
            "brake": 0.0,
            "steer": 0.0
        },
        {
            "throttle": 0.5383514933982857,
            "brake": 0.0,
            "steer": 0.0
        },
        {
            "throttle": 0.5563913205501044,
            "brake": 0.0,
            "steer": 0.0
        },
        {
            "throttle": 0.5723415650662602,
            "brake": 0.0,
            "steer": 0.0
        },
        {
            "throttle": 0.5858615906958015,
            "brake": 0.0,
            "steer": 0.0
        },
        {
            "throttle": 0.596677641909078,
            "brake": 0.0,
            "steer": 0.0
        },
        {
            "throttle": 0.6045778166066955,
            "brake": 0.0,
            "steer": 0.0
        },
        {
            "throttle": 0.6094088510051952,
            "brake": 0.0,
            "steer": 0.0
        },
        {
            "throttle": 0.6110739430152146,
            "brake": 0.0,
            "steer": 0.0
        },
        {
            "throttle": 0.609531071424184,
            "brake": 0.0,
            "steer": 0.0
        },
        {
            "throttle": 0.6047914333588792,
            "brake": 0.0,
            "steer": 0.0
        },
        {
            "throttle": 0.5969177415479636,
            "brake": 0.0,
            "steer": 0.0
        },
        {
            "throttle": 0.5860222095797526,
            "brake": 0.0,
            "steer": 0.0
        },
        {
            "throttle": 0.5722641172298317,
            "brake": 0.0,
            "steer": 0.0
        },
        {
            "throttle": 0.5558468956705533,
            "brake": 0.0,
            "steer": 0.0
        },
        {
            "throttle": 0.5370147085821179,
            "brake": 0.0,
            "steer": 0.0
        },
        {
            "throttle": 0.5160485330496528,
            "brake": 0.0,
            "steer": 0.0
        },
        {
            "throttle": 0.49326176584538606,
            "brake": 0.0,
            "steer": 0.0
        },
        {
            "throttle": 0.46899539776159105,
            "brake": 0.0,
            "steer": 0.0
        },
        {
            "throttle": 0.44361281210183756,
            "brake": 0.0,
            "steer": 0.0
        },
        {
            "throttle": 0.4174942739491408,
            "brake": 0.0,
            "steer": 0.0
        },
        {
            "throttle": 0.3910311848791083,
            "brake": 0.0,
            "steer": 0.0
        },
        {
            "throttle": 0.3646201836922194,
            "brake": 0.0,
            "steer": 0.0
        },
        {
            "throttle": 0.3386571777205387,
            "brake": 0.0,
            "steer": 0.0
        },
        {
            "throttle": 0.31353139147577513,
            "brake": 0.0,
            "steer": 0.0
        },
        {
            "throttle": 0.2896195199649851,
            "brake": 0.0,
            "steer": 0.0
        },
        {
            "throttle": 0.26728007300436263,
            "brake": 0.0,
            "steer": 0.0
        },
        {
            "throttle": 0.2468479943991285,
            "brake": 0.0,
            "steer": 0.0
        },
        {
            "throttle": 0.22862963601707711,
            "brake": 0.0,
            "steer": 0.0
        },
        {
            "throttle": 0.2128981616585865,
            "brake": 0.0,
            "steer": 0.0
        },
        {
            "throttle": 0.19988944931897987,
            "brake": 0.0,
            "steer": 0.0
        },
        {
            "throttle": 0.18979855306232654,
            "brake": 0.0,
            "steer": 0.0
        },
        {
            "throttle": 0.18277677740208936,
            "brake": 0.0,
            "steer": 0.0
        },
        {
            "throttle": 0.1789294079469552,
            "brake": 0.0,
            "steer": 0.0
        },
        {
            "throttle": 0.17831413226280293,
            "brake": 0.0,
            "steer": 0.0
        },
        {
            "throttle": 0.1809401745753787,
            "brake": 0.0,
            "steer": 0.0
        },
        {
            "throttle": 0.18676815725067963,
            "brake": 0.0,
            "steer": 0.0
        },
        {
            "throttle": 0.19571069110363096,
            "brake": 0.0,
            "steer": 0.0
        },
        {
            "throttle": 0.20763368566507584,
            "brake": 0.0,
            "steer": 0.0
        },
        {
            "throttle": 0.22235835974715135,
            "brake": 0.0,
            "steer": 0.0
        },
        {
            "throttle": 0.2396639221503048,
            "brake": 0.0,
            "steer": 0.0
        },
        {
            "throttle": 0.25929088230940567,
            "brake": 0.0,
            "steer": 0.0
        },
        {
            "throttle": 0.28094494123261715,
            "brake": 0.0,
            "steer": 0.0
        },
        {
            "throttle": 0.3043014043867535,
            "brake": 0.0,
            "steer": 0.0
        },
        {
            "throttle": 0.32901005035739317,
            "brake": 0.0,
            "steer": 0.0
        },
        {
            "throttle": 0.3547003822785018,
            "brake": 0.0,
            "steer": 0.0
        },
        {
            "throttle": 0.38098718328729153,
            "brake": 0.0,
            "steer": 0.0
        },
        {
            "throttle": 0.4074762927016201,
            "brake": 0.0,
            "steer": 0.0
        },
        {
            "throttle": 0.43377051630780716,
            "brake": 0.0,
            "steer": 0.0
        },
        {
            "throttle": 0.45947558213596496,
            "brake": 0.0,
            "steer": 0.0
        },
        {
            "throttle": 0.4842060524179852,
            "brake": 0.0,
            "steer": 0.0
        },
        {
            "throttle": 0.5075911030804231,
            "brake": 0.0,
            "steer": 0.0
        },
        {
            "throttle": 0.5292800841108383,
            "brake": 0.0,
            "steer": 0.0
        },
        {
            "throttle": 0.5489477774219105,
            "brake": 0.0,
            "steer": 0.0
        },
        {
            "throttle": 0.5662992733735807,
            "brake": 0.0,
            "steer": 0.0
        },
        {
            "throttle": 0.5810743928315637,
            "brake": 0.0,
            "steer": 0.0
        },
        {
            "throttle": 0.5930515884551069,
            "brake": 0.0,
            "steer": 0.0
        },
        {
            "throttle": 0.6020512667156327,
            "brake": 0.0,
            "steer": 0.0
        },
        {
            "throttle": 0.6079384808338378,
            "brake": 0.0,
            "steer": 0.0
        },
        {
            "throttle": 0.6106249542556609,
            "brake": 0.0,
            "steer": 0.0
        },
        {
            "throttle": 0.6100704043258535,
            "brake": 0.0,
            "steer": 0.0
        },
        {
            "throttle": 0.606283146311165,
            "brake": 0.0,
            "steer": 0.0
        },
        {
            "throttle": 0.5993199687160365,
            "brake": 0.0,
            "steer": 0.0
        },
        {
            "throttle": 0.5892852817603966,
            "brake": 0.0,
            "steer": 0.0
        },
        {
            "throttle": 0.57632955178781,
            "brake": 0.0,
            "steer": 0.0
        },
        {
            "throttle": 0.560647045079438,
            "brake": 0.0,
            "steer": 0.0
        },
        {
            "throttle": 0.5424729149044685,
            "brake": 0.0,
            "steer": 0.0
        },
        {
            "throttle": 0.5220796754855915,
            "brake": 0.0,
            "steer": 0.0
        },
        {
            "throttle": 0.49977311575108085,
            "brake": 0.0,
            "steer": 0.0
        },
        {
            "throttle": 0.4758877141452227,
            "brake": 0.0,
            "steer": 0.0
        },
        {
            "throttle": 0.45078162325028176,
            "brake": 0.0,
            "steer": 0.0
        },
        {
            "throttle": 0.4248312994237025,
            "brake": 0.0,
            "steer": 0.0
        },
        {
            "throttle": 0.3984258579771111,
            "brake": 0.0,
            "steer": 0.0
        },
        {
            "throttle": 0.3719612385390765,
            "brake": 0.0,
            "steer": 0.0
        },
        {
            "throttle": 0.3458342680898149,
            "brake": 0.0,
            "steer": 0.0
        },
        {
            "throttle": 0.3204367106903917,
            "brake": 0.0,
            "steer": 0.0
        },
        {
            "throttle": 0.29614939312848465,
            "brake": 0.0,
            "steer": 0.0
        },
        {
            "throttle": 0.2733364945644341,
            "brake": 0.0,
            "steer": 0.0
        },
        {
            "throttle": 0.25234008580218154,
            "brake": 0.0,
            "steer": 0.0
        },
        {
            "throttle": 0.23347500006666905,
            "brake": 0.0,
            "steer": 0.0
        },
        {
            "throttle": 0.2170241121984547,
            "brake": 0.0,
            "steer": 0.0
        },
        {
            "throttle": 0.20323409705224138,
            "brake": 0.0,
            "steer": 0.0
        },
        {
            "throttle": 0.19231173070052993,
            "brake": 0.0,
            "steer": 0.0
        },
        {
            "throttle": 0.18442078990445337,
            "brake": 0.0,
            "steer": 0.0
        },
        {
            "throttle": 0.17967959634305633,
            "brake": 0.0,
            "steer": 0.0
        },
        {
            "throttle": 0.17815924242437442,
            "brake": 0.0,
            "steer": 0.0
        },
        {
            "throttle": 0.17988252528160742,
            "brake": 0.0,
            "steer": 0.0
        },
        {
            "throttle": 0.18482360493871125,
            "brake": 0.0,
            "steer": 0.0
        },
        {
            "throttle": 0.1929083917710859,
            "brake": 0.0,
            "steer": 0.0
        },
        {
            "throttle": 0.20401565745153377,
            "brake": 0.0,
            "steer": 0.0
        },
        {
            "throttle": 0.21797885272327178,
            "brake": 0.0,
            "steer": 0.0
        },
        {
            "throttle": 0.23458860474317822,
            "brake": 0.0,
            "steer": 0.0
        },
        {
            "throttle": 0.2535958565485541,
            "brake": 0.0,
            "steer": 0.0
        },
        {
            "throttle": 0.2747156015722795,
            "brake": 0.0,
            "steer": 0.0
        },
        {
            "throttle": 0.297631157208721,
            "brake": 0.0,
            "steer": 0.0
        },
        {
            "throttle": 0.32199891334988084,
            "brake": 0.0,
            "steer": 0.0
        },
        {
            "throttle": 0.3474534846892815,
            "brake": 0.0,
            "steer": 0.0
        },
        {
            "throttle": 0.3736131895367325,
            "brake": 0.0,
            "steer": 0.0
        },
        {
            "throttle": 0.4000857729912214,
            "brake": 0.0,
            "steer": 0.0
        },
        {
            "throttle": 0.4264742886551094,
            "brake": 0.0,
            "steer": 0.0
        },
        {
            "throttle": 0.45238305069554896,
            "brake": 0.0,
            "steer": 0.0
        },
        {
            "throttle": 0.4774235670042081,
            "brake": 0.0,
            "steer": 0.0
        },
        {
            "throttle": 0.5012203644898101,
            "brake": 0.0,
            "steer": 0.0
        },
        {
            "throttle": 0.5234166191554267,
            "brake": 0.0,
            "steer": 0.0
        },
        {
            "throttle": 0.5436795065396396,
            "brake": 0.0,
            "steer": 0.0
        },
        {
            "throttle": 0.5617051922937254,
            "brake": 0.0,
            "steer": 0.0
        },
        {
            "throttle": 0.5772233880630415,
            "brake": 0.0,
            "steer": 0.0
        },
        {
            "throttle": 0.5900014043588921,
            "brake": 0.0,
            "steer": 0.0
        },
        {
            "throttle": 0.5998476396495896,
            "brake": 0.0,
            "steer": 0.0
        },
        {
            "throttle": 0.6066144533531083,
            "brake": 0.0,
            "steer": 0.0
        },
        {
            "throttle": 0.6102003796518892,
            "brake": 0.0,
            "steer": 0.0
        },
        {
            "throttle": 0.6105516489344798,
            "brake": 0.0,
            "steer": 0.0
        },
        {
            "throttle": 0.6076629940505631,
            "brake": 0.0,
            "steer": 0.0
        },
        {
            "throttle": 0.6015777292898898,
            "brake": 0.0,
            "steer": 0.0
        },
        {
            "throttle": 0.5923871009008504,
            "brake": 0.0,
            "steer": 0.0
        },
        {
            "throttle": 0.580228918887419,
            "brake": 0.0,
            "steer": 0.0
        },
        {
            "throttle": 0.5652854906001556,
            "brake": 0.0,
            "steer": 0.0
        },
        {
            "throttle": 0.5477808871062909,
            "brake": 0.0,
            "steer": 0.0
        },
        {
            "throttle": 0.527977583328642,
            "brake": 0.0,
            "steer": 0.0
        },
        {
            "throttle": 0.5061725223332074,
            "brake": 0.0,
            "steer": 0.0
        },
        {
            "throttle": 0.48269266277996514,
            "brake": 0.0,
            "steer": 0.0
        },
        {
            "throttle": 0.4578900763011661,
            "brake": 0.0,
            "steer": 0.0
        },
        {
            "throttle": 0.4321366683200877,
            "brake": 0.0,
            "steer": 0.0
        },
        {
            "throttle": 0.40581860146957527,
            "brake": 0.0,
            "steer": 0.0
        },
        {
            "throttle": 0.37933050522910866,
            "brake": 0.0,
            "steer": 0.0
        },
        {
            "throttle": 0.35306955860469735,
            "brake": 0.0,
            "steer": 0.0
        },
        {
            "throttle": 0.3274295345795891,
            "brake": 0.0,
            "steer": 0.0
        },
        {
            "throttle": 0.3027948956370028,
            "brake": 0.0,
            "steer": 0.0
        },
        {
            "throttle": 0.27953502889029674,
            "brake": 0.0,
            "steer": 0.0
        },
        {
            "throttle": 0.25799870726261753,
            "brake": 0.0,
            "steer": 0.0
        },
        {
            "throttle": 0.23850885976855096,
            "brake": 0.0,
            "steer": 0.0
        },
        {
            "throttle": 0.22135772931542774,
            "brake": 0.0,
            "steer": 0.0
        },
        {
            "throttle": 0.20680249063122652,
            "brake": 0.0,
            "steer": 0.0
        },
        {
            "throttle": 0.19506139402659037,
            "brake": 0.0,
            "steer": 0.0
        },
        {
            "throttle": 0.18631049281379047,
            "brake": 0.0,
            "steer": 0.0
        },
        {
            "throttle": 0.1806810034537546,
            "brake": 0.0,
            "steer": 0.0
        },
        {
            "throttle": 0.17825733801475915,
            "brake": 0.0,
            "steer": 0.0
        },
        {
            "throttle": 0.1790758384453239,
            "brake": 0.0,
            "steer": 0.0
        },
        {
            "throttle": 0.1831242316404104,
            "brake": 0.0,
            "steer": 0.0
        },
        {
            "throttle": 0.19034181347199963,
            "brake": 0.0,
            "steer": 0.0
        },
        {
            "throttle": 0.20062035902458097,
            "brake": 0.0,
            "steer": 0.0
        },
        {
            "throttle": 0.21380574538691366,
            "brake": 0.0,
            "steer": 0.0
        },
        {
            "throttle": 0.22970026266691274,
            "brake": 0.0,
            "steer": 0.0
        },
        {
            "throttle": 0.24806557857686068,
            "brake": 0.0,
            "steer": 0.0
        },
        {
            "throttle": 0.26862631213611043,
            "brake": 0.0,
            "steer": 0.0
        },
        {
            "throttle": 0.29107416290495697,
            "brake": 0.0,
            "steer": 0.0
        },
        {
            "throttle": 0.3150725338333713,
            "brake": 0.0,
            "steer": 0.0
        },
        {
            "throttle": 0.3402615784067279,
            "brake": 0.0,
            "steer": 0.0
        },
        {
            "throttle": 0.36626359640847805,
            "brake": 0.0,
            "steer": 0.0
        },
        {
            "throttle": 0.3926886973923468,
            "brake": 0.0,
            "steer": 0.0
        },
        {
            "throttle": 0.41914064694242137,
            "brake": 0.0,
            "steer": 0.0
        },
        {
            "throttle": 0.44522280805867204,
            "brake": 0.0,
            "steer": 0.0
        },
        {
            "throttle": 0.4705440885790692,
            "brake": 0.0,
            "steer": 0.0
        },
        {
            "throttle": 0.49472480545894704,
            "brake": 0.0,
            "steer": 0.0
        },
        {
            "throttle": 0.5174023779749585,
            "brake": 0.0,
            "steer": 0.0
        },
        {
            "throttle": 0.5382367644861774,
            "brake": 0.0,
            "steer": 0.0
        },
        {
            "throttle": 0.5569155612301655,
            "brake": 0.0,
            "steer": 0.0
        },
        {
            "throttle": 0.5731586866994832,
            "brake": 0.0,
            "steer": 0.0
        },
        {
            "throttle": 0.5867225813581856,
            "brake": 0.0,
            "steer": 0.0
        },
        {
            "throttle": 0.5974038597251395,
            "brake": 0.0,
            "steer": 0.0
        },
        {
            "throttle": 0.6050423600625523,
            "brake": 0.0,
            "steer": 0.0
        },
        {
            "throttle": 0.609523545940781,
            "brake": 0.0,
            "steer": 0.0
        },
        {
            "throttle": 0.6107802236688671,
            "brake": 0.0,
            "steer": 0.0
        },
        {
            "throttle": 0.6087935498385724,
            "brake": 0.0,
            "steer": 0.0
        },
        {
            "throttle": 0.6035933138741731,
            "brake": 0.0,
            "steer": 0.0
        },
        {
            "throttle": 0.5952574913512868,
            "brake": 0.0,
            "steer": 0.0
        },
        {
            "throttle": 0.5839110747825443,
            "brake": 0.0,
            "steer": 0.0
        },
        {
            "throttle": 0.5697241994020388,
            "brake": 0.0,
            "steer": 0.0
        },
        {
            "throttle": 0.5529095920517015,
            "brake": 0.0,
            "steer": 0.0
        },
        {
            "throttle": 0.533719381422595,
            "brake": 0.0,
            "steer": 0.0
        },
        {
            "throttle": 0.512441317480349,
            "brake": 0.0,
            "steer": 0.0
        },
        {
            "throttle": 0.48939445676302773,
            "brake": 0.0,
            "steer": 0.0
        },
        {
            "throttle": 0.4649243782487592,
            "brake": 0.0,
            "steer": 0.0
        },
        {
            "throttle": 0.4393980015293877,
            "brake": 0.0,
            "steer": 0.0
        },
        {
            "throttle": 0.4131980849896754,
            "brake": 0.0,
            "steer": 0.0
        },
        {
            "throttle": 0.3867174864897836,
            "brake": 0.0,
            "steer": 0.0
        },
        {
            "throttle": 0.36035327260993205,
            "brake": 0.0,
            "steer": 0.0
        },
        {
            "throttle": 0.3345007647868885,
            "brake": 0.0,
            "steer": 0.0
        },
        {
            "throttle": 0.3095476116182264,
            "brake": 0.0,
            "steer": 0.0
        },
        {
            "throttle": 0.28586797621791105,
            "brake": 0.0,
            "steer": 0.0
        },
        {
            "throttle": 0.26381692578162097,
            "brake": 0.0,
            "steer": 0.0
        },
        {
            "throttle": 0.24372510748815832,
            "brake": 0.0,
            "steer": 0.0
        },
        {
            "throttle": 0.22589379056979575,
            "brake": 0.0,
            "steer": 0.0
        },
        {
            "throttle": 0.21059034889384268,
            "brake": 0.0,
            "steer": 0.0
        },
        {
            "throttle": 0.19804425179241725,
            "brake": 0.0,
            "steer": 0.0
        },
        {
            "throttle": 0.1884436232564174,
            "brake": 0.0,
            "steer": 0.0
        },
        {
            "throttle": 0.18193242108727892,
            "brake": 0.0,
            "steer": 0.0
        },
        {
            "throttle": 0.17860827830407527,
            "brake": 0.0,
            "steer": 0.0
        },
        {
            "throttle": 0.17852103917324533,
            "brake": 0.0,
            "steer": 0.0
        },
        {
            "throttle": 0.1816720118126301,
            "brake": 0.0,
            "steer": 0.0
        },
        {
            "throttle": 0.1880139485767397,
            "brake": 0.0,
            "steer": 0.0
        },
        {
            "throttle": 0.19745175451736485,
            "brake": 0.0,
            "steer": 0.0
        },
        {
            "throttle": 0.20984391329643512,
            "brake": 0.0,
            "steer": 0.0
        }
    ],
    "parameters": {
        "fog_density": 73.58037676642954,
        "precipitation": 13.044304889273139,
        "precipitation_deposits": 12.469752261973198,
        "wind_intensity": 33.159067262948106,
        "sun_altitude_angle": -10.521515890983778,
        "cloudiness": 15.270933939188824,
        "lead_base_throttle": 0.3944792437072795,
        "lead_behavior_frequency": 0.19501122551716688,
        "lead_throttle_variation": 0.2285880472854328,
        "lead_brake_probability": 0.0077468700323573775,
        "lead_brake_intensity": 0.6762793779053399,
        "lead_brake_duration": 7.08700986542793,
        "initial_distance": 16.394198671349514,
        "initial_ego_velocity": 6.012233524300418,
        "initial_lead_velocity": 16.824683743747713
    },
    "config": {
        "num_timesteps": 200,
        "dt": 0.1,
        "seed": 196
    }
}