{
    "weather": {
        "cloudiness": 87.67483248976775,
        "precipitation": 85.7706080702201,
        "precipitation_deposits": 83.31703912635045,
        "wind_intensity": 36.97535878467974,
        "sun_altitude_angle": -1.9523547009417506,
        "fog_density": 13.311670266284263,
        "fog_distance": 641.6435534275724,
        "wetness": 42.88530403511005
    },
    "initial_conditions": {
        "ego": {
            "position": {
                "x": 501.5207516865613,
                "y": 20.57,
                "z": 0.294
            },
            "yaw": 0.0,
            "velocity": 8.78824623697834
        },
        "lead": {
            "position": {
                "x": 484.88,
                "y": 20.57,
                "z": 0.294
            },
            "yaw": 0.0,
            "velocity": 6.671593453696145
        }
    },
    "ego": {
        "position": {
            "x": 501.5207516865613,
            "y": 20.57,
            "z": 0.294
        },
        "yaw": 0.0,
        "velocity": 8.78824623697834
    },
    "lead": {
        "position": {
            "x": 484.88,
            "y": 20.57,
            "z": 0.294
        },
        "yaw": 0.0,
        "velocity": 6.671593453696145
    },
    "ado_actions": [
        {
            "throttle": 0.2131629364439777,
            "brake": 0.0,
            "steer": 0.0
        },
        {
            "throttle": 0.21401595691094782,
            "brake": 0.0,
            "steer": 0.0
        },
        {
            "throttle": 0.21546330737901265,
            "brake": 0.0,
            "steer": 0.0
        },
        {
            "throttle": 0.21732112928453295,
            "brake": 0.0,
            "steer": 0.0
        },
        {
            "throttle": 0.2194579645422861,
            "brake": 0.0,
            "steer": 0.0
        },
        {
            "throttle": 0.22177906254815272,
            "brake": 0.0,
            "steer": 0.0
        },
        {
            "throttle": 0.22421540399175038,
            "brake": 0.0,
            "steer": 0.0
        },
        {
            "throttle": 0.22671602631833757,
            "brake": 0.0,
            "steer": 0.0
        },
        {
            "throttle": 0.2292426601988129,
            "brake": 0.0,
            "steer": 0.0
        },
        {
            "throttle": 0.23176598353076322,
            "brake": 0.0,
            "steer": 0.0
        },
        {
            "throttle": 0.2342630075089756,
            "brake": 0.0,
            "steer": 0.0
        },
        {
            "throttle": 0.23671525491530976,
            "brake": 0.0,
            "steer": 0.0
        },
        {
            "throttle": 0.2391074927066137,
            "brake": 0.0,
            "steer": 0.0
        },
        {
            "throttle": 0.24142685233035016,
            "brake": 0.0,
            "steer": 0.0
        },
        {
            "throttle": 0.24366222114420688,
            "brake": 0.0,
            "steer": 0.0
        },
        {
            "throttle": 0.24580382327958455,
            "brake": 0.0,
            "steer": 0.0
        },
        {
            "throttle": 0.24784293276446517,
            "brake": 0.0,
            "steer": 0.0
        },
        {
            "throttle": 0.24977167885523588,
            "brake": 0.0,
            "steer": 0.0
        },
        {
            "throttle": 0.2515829155221103,
            "brake": 0.0,
            "steer": 0.0
        },
        {
            "throttle": 0.2532701354306183,
            "brake": 0.0,
            "steer": 0.0
        },
        {
            "throttle": 0.25482741464145764,
            "brake": 0.0,
            "steer": 0.0
        },
        {
            "throttle": 0.2562493783682779,
            "brake": 0.0,
            "steer": 0.0
        },
        {
            "throttle": 0.2575311810165116,
            "brake": 0.0,
            "steer": 0.0
        },
        {
            "throttle": 0.25866849574635015,
            "brake": 0.0,
            "steer": 0.0
        },
        {
            "throttle": 0.25965751021849065,
            "brake": 0.0,
            "steer": 0.0
        },
        {
            "throttle": 0.2604949261737326,
            "brake": 0.0,
            "steer": 0.0
        },
        {
            "throttle": 0.2611779611938297,
            "brake": 0.0,
            "steer": 0.0
        },
        {
            "throttle": 0.26170435148007415,
            "brake": 0.0,
            "steer": 0.0
        },
        {
            "throttle": 0.26207235483010033,
            "brake": 0.0,
            "steer": 0.0
        },
        {
            "throttle": 0.2622807532358807,
            "brake": 0.0,
            "steer": 0.0
        },
        {
            "throttle": 0.26232885469731715,
            "brake": 0.0,
            "steer": 0.0
        },
        {
            "throttle": 0.26221649396752605,
            "brake": 0.0,
            "steer": 0.0
        },
        {
            "throttle": 0.2619440320327966,
            "brake": 0.0,
            "steer": 0.0
        },
        {
            "throttle": 0.2615123541927088,
            "brake": 0.0,
            "steer": 0.0
        },
        {
            "throttle": 0.2609228666513304,
            "brake": 0.0,
            "steer": 0.0
        },
        {
            "throttle": 0.260177491563875,
            "brake": 0.0,
            "steer": 0.0
        },
        {
            "throttle": 0.2592786605082696,
            "brake": 0.0,
            "steer": 0.0
        },
        {
            "throttle": 0.2582293063702367,
            "brake": 0.0,
            "steer": 0.0
        },
        {
            "throttle": 0.2570328536454852,
            "brake": 0.0,
            "steer": 0.0
        },
        {
            "throttle": 0.2556932071746398,
            "brake": 0.0,
            "steer": 0.0
        },
        {
            "throttle": 0.2542147393364606,
            "brake": 0.0,
            "steer": 0.0
        },
        {
            "throttle": 0.25260227573330485,
            "brake": 0.0,
            "steer": 0.0
        },
        {
            "throttle": 0.2508610794100553,
            "brake": 0.0,
            "steer": 0.0
        },
        {
            "throttle": 0.24899683365418057,
            "brake": 0.0,
            "steer": 0.0
        },
        {
            "throttle": 0.2470156234303747,
            "brake": 0.0,
            "steer": 0.0
        },
        {
            "throttle": 0.2449239155084901,
            "brake": 0.0,
            "steer": 0.0
        },
        {
            "throttle": 0.2427285373483076,
            "brake": 0.0,
            "steer": 0.0
        },
        {
            "throttle": 0.24043665480914206,
            "brake": 0.0,
            "steer": 0.0
        },
        {
            "throttle": 0.23805574875639413,
            "brake": 0.0,
            "steer": 0.0
        },
        {
            "throttle": 0.23559359064095348,
            "brake": 0.0,
            "steer": 0.0
        },
        {
            "throttle": 0.233058217130848,
            "brake": 0.0,
            "steer": 0.0
        },
        {
            "throttle": 0.23045790387772042,
            "brake": 0.0,
            "steer": 0.0
        },
        {
            "throttle": 0.22780113850360628,
            "brake": 0.0,
            "steer": 0.0
        },
        {
            "throttle": 0.22509659289607742,
            "brake": 0.0,
            "steer": 0.0
        },
        {
            "throttle": 0.2223530949021059,
            "brake": 0.0,
            "steer": 0.0
        },
        {
            "throttle": 0.2195795995129881,
            "brake": 0.0,
            "steer": 0.0
        },
        {
            "throttle": 0.21678515963434736,
            "brake": 0.0,
            "steer": 0.0
        },
        {
            "throttle": 0.2139788965365968,
            "brake": 0.0,
            "steer": 0.0
        },
        {
            "throttle": 0.21116997008229718,
            "brake": 0.0,
            "steer": 0.0
        },
        {
            "throttle": 0.2083675488275766,
            "brake": 0.0,
            "steer": 0.0
        },
        {
            "throttle": 0.20558078009519465,
            "brake": 0.0,
            "steer": 0.0
        },
        {
            "throttle": 0.20281876011692856,
            "brake": 0.0,
            "steer": 0.0
        },
        {
            "throttle": 0.2000905043427345,
            "brake": 0.0,
            "steer": 0.0
        },
        {
            "throttle": 0.19740491801359442,
            "brake": 0.0,
            "steer": 0.0
        },
        {
            "throttle": 0.19477076709409835,
            "brake": 0.0,
            "steer": 0.0
        },
        {
            "throttle": 0.19219664965963967,
            "brake": 0.0,
            "steer": 0.0
        },
        {
            "throttle": 0.18969096783161601,
            "brake": 0.0,
            "steer": 0.0
        },
        {
            "throttle": 0.18726190035224144,
            "brake": 0.0,
            "steer": 0.0
        },
        {
            "throttle": 0.18491737588848656,
            "brake": 0.0,
            "steer": 0.0
        },
        {
            "throttle": 0.1826650471522853,
            "brake": 0.0,
            "steer": 0.0
        },
        {
            "throttle": 0.18051226592148065,
            "brake": 0.0,
            "steer": 0.0
        },
        {
            "throttle": 0.17846605904304375,
            "brake": 0.0,
            "steer": 0.0
        },
        {
            "throttle": 0.17653310549689272,
            "brake": 0.0,
            "steer": 0.0
        },
        {
            "throttle": 0.17471971459517752,
            "brake": 0.0,
            "steer": 0.0
        },
        {
            "throttle": 0.17303180538818916,
            "brake": 0.0,
            "steer": 0.0
        },
        {
            "throttle": 0.1714748873441147,
            "brake": 0.0,
            "steer": 0.0
        },
        {
            "throttle": 0.17005404236570015,
            "brake": 0.0,
            "steer": 0.0
        },
        {
            "throttle": 0.16877390820252092,
            "brake": 0.0,
            "steer": 0.0
        },
        {
            "throttle": 0.1676386633130029,
            "brake": 0.0,
            "steer": 0.0
        },
        {
            "throttle": 0.16665201322560594,
            "brake": 0.0,
            "steer": 0.0
        },
        {
            "throttle": 0.16581717844368804,
            "brake": 0.0,
            "steer": 0.0
        },
        {
            "throttle": 0.1651368839335295,
            "brake": 0.0,
            "steer": 0.0
        },
        {
            "throttle": 0.16461335022982887,
            "brake": 0.0,
            "steer": 0.0
        },
        {
            "throttle": 0.1642482861877035,
            "brake": 0.0,
            "steer": 0.0
        },
        {
            "throttle": 0.16404288340485212,
            "brake": 0.0,
            "steer": 0.0
        },
        {
            "throttle": 0.16399781233208635,
            "brake": 0.0,
            "steer": 0.0
        },
        {
            "throttle": 0.16411322008492674,
            "brake": 0.0,
            "steer": 0.0
        },
        {
            "throttle": 0.16438872996340603,
            "brake": 0.0,
            "steer": 0.0
        },
        {
            "throttle": 0.1648234426816475,
            "brake": 0.0,
            "steer": 0.0
        },
        {
            "throttle": 0.16541593930320458,
            "brake": 0.0,
            "steer": 0.0
        },
        {
            "throttle": 0.166164285872581,
            "brake": 0.0,
            "steer": 0.0
        },
        {
            "throttle": 0.16706603972781323,
            "brake": 0.0,
            "steer": 0.0
        },
        {
            "throttle": 0.168118257473511,
            "brake": 0.0,
            "steer": 0.0
        },
        {
            "throttle": 0.1693175045883309,
            "brake": 0.0,
            "steer": 0.0
        },
        {
            "throttle": 0.17065986663552385,
            "brake": 0.0,
            "steer": 0.0
        },
        {
            "throttle": 0.17214096203996396,
            "brake": 0.0,
            "steer": 0.0
        },
        {
            "throttle": 0.1737559563899537,
            "brake": 0.0,
            "steer": 0.0
        },
        {
            "throttle": 0.1754995782171234,
            "brake": 0.0,
            "steer": 0.0
        },
        {
            "throttle": 0.17736613620291788,
            "brake": 0.0,
            "steer": 0.0
        },
        {
            "throttle": 0.17934953775550713,
            "brake": 0.0,
            "steer": 0.0
        },
        {
            "throttle": 0.1814433088964844,
            "brake": 0.0,
            "steer": 0.0
        },
        {
            "throttle": 0.18364061539244017,
            "brake": 0.0,
            "steer": 0.0
        },
        {
            "throttle": 0.18593428506243642,
            "brake": 0.0,
            "steer": 0.0
        },
        {
            "throttle": 0.18831683118856857,
            "brake": 0.0,
            "steer": 0.0
        },
        {
            "throttle": 0.19078047695320055,
            "brake": 0.0,
            "steer": 0.0
        },
        {
            "throttle": 0.19331718082310814,
            "brake": 0.0,
            "steer": 0.0
        },
        {
            "throttle": 0.19591866279767495,
            "brake": 0.0,
            "steer": 0.0
        },
        {
            "throttle": 0.19857643143546444,
            "brake": 0.0,
            "steer": 0.0
        },
        {
            "throttle": 0.2012818115709517,
            "brake": 0.0,
            "steer": 0.0
        },
        {
            "throttle": 0.2040259726309448,
            "brake": 0.0,
            "steer": 0.0
        },
        {
            "throttle": 0.20679995745826904,
            "brake": 0.0,
            "steer": 0.0
        },
        {
            "throttle": 0.20959471154863146,
            "brake": 0.0,
            "steer": 0.0
        },
        {
            "throttle": 0.2124011126052336,
            "brake": 0.0,
            "steer": 0.0
        },
        {
            "throttle": 0.2152100003146647,
            "brake": 0.0,
            "steer": 0.0
        },
        {
            "throttle": 0.21801220624688394,
            "brake": 0.0,
            "steer": 0.0
        },
        {
            "throttle": 0.22079858378169603,
            "brake": 0.0,
            "steer": 0.0
        },
        {
            "throttle": 0.22356003796403756,
            "brake": 0.0,
            "steer": 0.0
        },
        {
            "throttle": 0.22628755519062463,
            "brake": 0.0,
            "steer": 0.0
        },
        {
            "throttle": 0.22897223263106173,
            "brake": 0.0,
            "steer": 0.0
        },
        {
            "throttle": 0.2316053072873792,
            "brake": 0.0,
            "steer": 0.0
        },
        {
            "throttle": 0.23417818459714657,
            "brake": 0.0,
            "steer": 0.0
        },
        {
            "throttle": 0.23668246648679936,
            "brake": 0.0,
            "steer": 0.0
        },
        {
            "throttle": 0.2391099787836105,
            "brake": 0.0,
            "steer": 0.0
        },
        {
            "throttle": 0.24145279789683202,
            "brake": 0.0,
            "steer": 0.0
        },
        {
            "throttle": 0.24370327668091735,
            "brake": 0.0,
            "steer": 0.0
        },
        {
            "throttle": 0.24585406939640497,
            "brake": 0.0,
            "steer": 0.0
        },
        {
            "throttle": 0.24789815568698864,
            "brake": 0.0,
            "steer": 0.0
        },
        {
            "throttle": 0.24982886349451178,
            "brake": 0.0,
            "steer": 0.0
        },
        {
            "throttle": 0.25163989083708915,
            "brake": 0.0,
            "steer": 0.0
        },
        {
            "throttle": 0.2533253263792705,
            "brake": 0.0,
            "steer": 0.0
        },
        {
            "throttle": 0.25487966872710377,
            "brake": 0.0,
            "steer": 0.0
        },
        {
            "throttle": 0.2562978443851167,
            "brake": 0.0,
            "steer": 0.0
        },
        {
            "throttle": 0.25757522431660473,
            "brake": 0.0,
            "steer": 0.0
        },
        {
            "throttle": 0.25870763905317007,
            "brake": 0.0,
            "steer": 0.0
        },
        {
            "throttle": 0.259691392304194,
            "brake": 0.0,
            "steer": 0.0
        },
        {
            "throttle": 0.2605232730218197,
            "brake": 0.0,
            "steer": 0.0
        },
        {
            "throttle": 0.2612005658820646,
            "brake": 0.0,
            "steer": 0.0
        },
        {
            "throttle": 0.2617210601478509,
            "brake": 0.0,
            "steer": 0.0
        },
        {
            "throttle": 0.2620830568850253,
            "brake": 0.0,
            "steer": 0.0
        },
        {
            "throttle": 0.2622853745078132,
            "brake": 0.0,
            "steer": 0.0
        },
        {
            "throttle": 0.26232735263560764,
            "brake": 0.0,
            "steer": 0.0
        },
        {
            "throttle": 0.2622088542485033,
            "brake": 0.0,
            "steer": 0.0
        },
        {
            "throttle": 0.26193026613454035,
            "brake": 0.0,
            "steer": 0.0
        },
        {
            "throttle": 0.26149249762719784,
            "brake": 0.0,
            "steer": 0.0
        },
        {
            "throttle": 0.26089697763725783,
            "brake": 0.0,
            "steer": 0.0
        },
        {
            "throttle": 0.2601456499887284,
            "brake": 0.0,
            "steer": 0.0
        },
        {
            "throttle": 0.2592409670740496,
            "brake": 0.0,
            "steer": 0.0
        },
        {
            "throttle": 0.25818588184929164,
            "brake": 0.0,
            "steer": 0.0
        },
        {
            "throttle": 0.25698383819547477,
            "brake": 0.0,
            "steer": 0.0
        },
        {
            "throttle": 0.2556387596774709,
            "brake": 0.0,
            "steer": 0.0
        },
        {
            "throttle": 0.25415503673718,
            "brake": 0.0,
            "steer": 0.0
        },
        {
            "throttle": 0.2525375123627829,
            "brake": 0.0,
            "steer": 0.0
        },
        {
            "throttle": 0.2507914662808476,
            "brake": 0.0,
            "steer": 0.0
        },
        {
            "throttle": 0.2489225977228872,
            "brake": 0.0,
            "steer": 0.0
        },
        {
            "throttle": 0.24693700682262068,
            "brake": 0.0,
            "steer": 0.0
        },
        {
            "throttle": 0.24484117470465752,
            "brake": 0.0,
            "steer": 0.0
        },
        {
            "throttle": 0.242641942329598,
            "brake": 0.0,
            "steer": 0.0
        },
        {
            "throttle": 0.2403464881646007,
            "brake": 0.0,
            "steer": 0.0
        },
        {
            "throttle": 0.237962304752302,
            "brake": 0.0,
            "steer": 0.0
        },
        {
            "throttle": 0.2354971742545686,
            "brake": 0.0,
            "steer": 0.0
        },
        {
            "throttle": 0.23295914305091014,
            "brake": 0.0,
            "steer": 0.0
        },
        {
            "throttle": 0.23035649547446463,
            "brake": 0.0,
            "steer": 0.0
        },
        {
            "throttle": 0.22769772677128458,
            "brake": 0.0,
            "steer": 0.0
        },
        {
            "throttle": 0.22499151537118692,
            "brake": 0.0,
            "steer": 0.0
        },
        {
            "throttle": 0.22224669456067653,
            "brake": 0.0,
            "steer": 0.0
        },
        {
            "throttle": 0.21947222365040558,
            "brake": 0.0,
            "steer": 0.0
        },
        {
            "throttle": 0.21667715873128002,
            "brake": 0.0,
            "steer": 0.0
        },
        {
            "throttle": 0.2138706231146677,
            "brake": 0.0,
            "steer": 0.0
        },
        {
            "throttle": 0.21106177755319389,
            "brake": 0.0,
            "steer": 0.0
        },
        {
            "throttle": 0.20825979033932507,
            "brake": 0.0,
            "steer": 0.0
        },
        {
            "throttle": 0.20547380737934282,
            "brake": 0.0,
            "steer": 0.0
        },
        {
            "throttle": 0.2027129223403872,
            "brake": 0.0,
            "steer": 0.0
        },
        {
            "throttle": 0.19998614696801345,
            "brake": 0.0,
            "steer": 0.0
        },
        {
            "throttle": 0.19730238167114666,
            "brake": 0.0,
            "steer": 0.0
        },
        {
            "throttle": 0.1946703864704483,
            "brake": 0.0,
            "steer": 0.0
        },
        {
            "throttle": 0.19209875240492083,
            "brake": 0.0,
            "steer": 0.0
        },
        {
            "throttle": 0.18959587349008203,
            "brake": 0.0,
            "steer": 0.0
        },
        {
            "throttle": 0.18716991931923896,
            "brake": 0.0,
            "steer": 0.0
        },
        {
            "throttle": 0.18482880839729413,
            "brake": 0.0,
            "steer": 0.0
        },
        {
            "throttle": 0.1825801822941236,
            "brake": 0.0,
            "steer": 0.0
        },
        {
            "throttle": 0.18043138070189293,
            "brake": 0.0,
            "steer": 0.0
        },
        {
            "throttle": 0.17838941747772571,
            "brake": 0.0,
            "steer": 0.0
        },
        {
            "throttle": 0.17646095774992301,
            "brake": 0.0,
            "steer": 0.0
        },
        {
            "throttle": 0.17465229616246136,
            "brake": 0.0,
            "steer": 0.0
        },
        {
            "throttle": 0.17296933632878053,
            "brake": 0.0,
            "steer": 0.0
        },
        {
            "throttle": 0.1714175715619257,
            "brake": 0.0,
            "steer": 0.0
        },
        {
            "throttle": 0.1700020669439423,
            "brake": 0.0,
            "steer": 0.0
        },
        {
            "throttle": 0.16872744279305057,
            "brake": 0.0,
            "steer": 0.0
        },
        {
            "throttle": 0.16759785958256407,
            "brake": 0.0,
            "steer": 0.0
        },
        {
            "throttle": 0.16661700436077806,
            "brake": 0.0,
            "steer": 0.0
        },
        {
            "throttle": 0.16578807871615436,
            "brake": 0.0,
            "steer": 0.0
        },
        {
            "throttle": 0.1651137883270853,
            "brake": 0.0,
            "steer": 0.0
        },
        {
            "throttle": 0.16459633413034686,
            "brake": 0.0,
            "steer": 0.0
        },
        {
            "throttle": 0.16423740513706833,
            "brake": 0.0,
            "steer": 0.0
        },
        {
            "throttle": 0.16403817291966732,
            "brake": 0.0,
            "steer": 0.0
        },
        {
            "throttle": 0.1639992877877454,
            "brake": 0.0,
            "steer": 0.0
        },
        {
            "throttle": 0.1641208766654264,
            "brake": 0.0,
            "steer": 0.0
        },
        {
            "throttle": 0.16440254267706636,
            "brake": 0.0,
            "steer": 0.0
        },
        {
            "throttle": 0.16484336644268646,
            "brake": 0.0,
            "steer": 0.0
        },
        {
            "throttle": 0.16544190907890172,
            "brake": 0.0,
            "steer": 0.0
        }
    ],
    "parameters": {
        "fog_density": 13.311670266284263,
        "precipitation": 85.7706080702201,
        "precipitation_deposits": 83.31703912635045,
        "wind_intensity": 36.97535878467974,
        "sun_altitude_angle": -1.9523547009417506,
        "cloudiness": 87.67483248976775,
        "lead_base_throttle": 0.21316293644397774,
        "lead_behavior_frequency": 0.09094095564250716,
        "lead_throttle_variation": 0.04978920212603946,
        "lead_brake_probability": 0.0137080077815668,
        "lead_brake_intensity": 0.7016694236295428,
        "lead_brake_duration": 11.260221058661966,
        "initial_distance": 16.640751686561295,
        "initial_ego_velocity": 8.78824623697834,
        "initial_lead_velocity": 6.671593453696145
    },
    "config": {
        "num_timesteps": 200,
        "dt": 0.1,
        "seed": 208
    }
}