{
    "weather": {
        "cloudiness": 22.619719852034404,
        "precipitation": 62.88544950752981,
        "precipitation_deposits": 44.12011121395781,
        "wind_intensity": 47.968435986958546,
        "sun_altitude_angle": 13.623554196008868,
        "fog_density": 64.35409592006872,
        "fog_distance": 117.05205475777619,
        "wetness": 31.442724753764907
    },
    "initial_conditions": {
        "ego": {
            "position": {
                "x": 531.4447364286349,
                "y": 20.57,
                "z": 0.294
            },
            "yaw": 0.0,
            "velocity": 19.572407097931865
        },
        "lead": {
            "position": {
                "x": 484.88,
                "y": 20.57,
                "z": 0.294
            },
            "yaw": 0.0,
            "velocity": 15.220560072605625
        }
    },
    "ego": {
        "position": {
            "x": 531.4447364286349,
            "y": 20.57,
            "z": 0.294
        },
        "yaw": 0.0,
        "velocity": 19.572407097931865
    },
    "lead": {
        "position": {
            "x": 484.88,
            "y": 20.57,
            "z": 0.294
        },
        "yaw": 0.0,
        "velocity": 15.220560072605625
    },
    "ado_actions": [
        {
            "throttle": 0.5554447972379899,
            "brake": 0.0,
            "steer": 0.0
        },
        {
            "throttle": 0.5656938699067844,
            "brake": 0.0,
            "steer": 0.0
        },
        {
            "throttle": 0.5829874321850265,
            "brake": 0.0,
            "steer": 0.0
        },
        {
            "throttle": 0.6049540600844017,
            "brake": 0.0,
            "steer": 0.0
        },
        {
            "throttle": 0.6298088109419391,
            "brake": 0.0,
            "steer": 0.0
        },
        {
            "throttle": 0.6561821321293638,
            "brake": 0.0,
            "steer": 0.0
        },
        {
            "throttle": 0.6830016187895064,
            "brake": 0.0,
            "steer": 0.0
        },
        {
            "throttle": 0.7094106851201822,
            "brake": 0.0,
            "steer": 0.0
        },
        {
            "throttle": 0.7347129761132567,
            "brake": 0.0,
            "steer": 0.0
        },
        {
            "throttle": 0.7583346815824562,
            "brake": 0.0,
            "steer": 0.0
        },
        {
            "throttle": 0.7797992502317406,
            "brake": 0.0,
            "steer": 0.0
        },
        {
            "throttle": 0.7987106383257867,
            "brake": 0.0,
            "steer": 0.0
        },
        {
            "throttle": 0.8147423751335745,
            "brake": 0.0,
            "steer": 0.0
        },
        {
            "throttle": 0.8276305326376328,
            "brake": 0.0,
            "steer": 0.0
        },
        {
            "throttle": 0.8371692528486032,
            "brake": 0.0,
            "steer": 0.0
        },
        {
            "throttle": 0.843207884379917,
            "brake": 0.0,
            "steer": 0.0
        },
        {
            "throttle": 0.8456490610521497,
            "brake": 0.0,
            "steer": 0.0
        },
        {
            "throttle": 0.8444472544140668,
            "brake": 0.0,
            "steer": 0.0
        },
        {
            "throttle": 0.8396074738000285,
            "brake": 0.0,
            "steer": 0.0
        },
        {
            "throttle": 0.8311838890902521,
            "brake": 0.0,
            "steer": 0.0
        },
        {
            "throttle": 0.8192782247111727,
            "brake": 0.0,
            "steer": 0.0
        },
        {
            "throttle": 0.8040378269855908,
            "brake": 0.0,
            "steer": 0.0
        },
        {
            "throttle": 0.7856533465528854,
            "brake": 0.0,
            "steer": 0.0
        },
        {
            "throttle": 0.7643560072870709,
            "brake": 0.0,
            "steer": 0.0
        },
        {
            "throttle": 0.7404144557609315,
            "brake": 0.0,
            "steer": 0.0
        },
        {
            "throttle": 0.7141312027859872,
            "brake": 0.0,
            "steer": 0.0
        },
        {
            "throttle": 0.6858386822434295,
            "brake": 0.0,
            "steer": 0.0
        },
        {
            "throttle": 0.6558949632320368,
            "brake": 0.0,
            "steer": 0.0
        },
        {
            "throttle": 0.6246791601249524,
            "brake": 0.0,
            "steer": 0.0
        },
        {
            "throttle": 0.5925865918761193,
            "brake": 0.0,
            "steer": 0.0
        },
        {
            "throttle": 0.5600237471391818,
            "brake": 0.0,
            "steer": 0.0
        },
        {
            "throttle": 0.527403115653541,
            "brake": 0.0,
            "steer": 0.0
        },
        {
            "throttle": 0.4951379490487028,
            "brake": 0.0,
            "steer": 0.0
        },
        {
            "throttle": 0.4636370158137614,
            "brake": 0.0,
            "steer": 0.0
        },
        {
            "throttle": 0.4332994157437673,
            "brake": 0.0,
            "steer": 0.0
        },
        {
            "throttle": 0.40450951876480296,
            "brake": 0.0,
            "steer": 0.0
        },
        {
            "throttle": 0.37763209170422674,
            "brake": 0.0,
            "steer": 0.0
        },
        {
            "throttle": 0.3530076743595805,
            "brake": 0.0,
            "steer": 0.0
        },
        {
            "throttle": 0.33094826317879256,
            "brake": 0.0,
            "steer": 0.0
        },
        {
            "throttle": 0.31173335704922533,
            "brake": 0.0,
            "steer": 0.0
        },
        {
            "throttle": 0.2956064151627658,
            "brake": 0.0,
            "steer": 0.0
        },
        {
            "throttle": 0.28277177174336576,
            "brake": 0.0,
            "steer": 0.0
        },
        {
            "throttle": 0.2733920466630502,
            "brake": 0.0,
            "steer": 0.0
        },
        {
            "throttle": 0.2675860847090513,
            "brake": 0.0,
            "steer": 0.0
        },
        {
            "throttle": 0.2654274495802996,
            "brake": 0.0,
            "steer": 0.0
        },
        {
            "throttle": 0.26694349167249504,
            "brake": 0.0,
            "steer": 0.0
        },
        {
            "throttle": 0.27211500144756373,
            "brake": 0.0,
            "steer": 0.0
        },
        {
            "throttle": 0.28087645276839734,
            "brake": 0.0,
            "steer": 0.0
        },
        {
            "throttle": 0.29311683310792297,
            "brake": 0.0,
            "steer": 0.0
        },
        {
            "throttle": 0.3086810501078691,
            "brake": 0.0,
            "steer": 0.0
        },
        {
            "throttle": 0.32737189666156596,
            "brake": 0.0,
            "steer": 0.0
        },
        {
            "throttle": 0.3489525496194589,
            "brake": 0.0,
            "steer": 0.0
        },
        {
            "throttle": 0.3731495704555289,
            "brake": 0.0,
            "steer": 0.0
        },
        {
            "throttle": 0.3996563698732569,
            "brake": 0.0,
            "steer": 0.0
        },
        {
            "throttle": 0.42813709245179987,
            "brake": 0.0,
            "steer": 0.0
        },
        {
            "throttle": 0.4582308721111817,
            "brake": 0.0,
            "steer": 0.0
        },
        {
            "throttle": 0.489556404477023,
            "brake": 0.0,
            "steer": 0.0
        },
        {
            "throttle": 0.5217167782101754,
            "brake": 0.0,
            "steer": 0.0
        },
        {
            "throttle": 0.5543045040854994,
            "brake": 0.0,
            "steer": 0.0
        },
        {
            "throttle": 0.586906678098501,
            "brake": 0.0,
            "steer": 0.0
        },
        {
            "throttle": 0.6191102131803832,
            "brake": 0.0,
            "steer": 0.0
        },
        {
            "throttle": 0.6505070732327971,
            "brake": 0.0,
            "steer": 0.0
        },
        {
            "throttle": 0.6806994431642047,
            "brake": 0.0,
            "steer": 0.0
        },
        {
            "throttle": 0.7093047694206799,
            "brake": 0.0,
            "steer": 0.0
        },
        {
            "throttle": 0.7359606071448852,
            "brake": 0.0,
            "steer": 0.0
        },
        {
            "throttle": 0.7603292125470991,
            "brake": 0.0,
            "steer": 0.0
        },
        {
            "throttle": 0.7821018223004712,
            "brake": 0.0,
            "steer": 0.0
        },
        {
            "throttle": 0.8010025657382587,
            "brake": 0.0,
            "steer": 0.0
        },
        {
            "throttle": 0.8167919602833973,
            "brake": 0.0,
            "steer": 0.0
        },
        {
            "throttle": 0.8292699458214299,
            "brake": 0.0,
            "steer": 0.0
        },
        {
            "throttle": 0.8382784195696555,
            "brake": 0.0,
            "steer": 0.0
        },
        {
            "throttle": 0.8437032393243413,
            "brake": 0.0,
            "steer": 0.0
        },
        {
            "throttle": 0.8454756697037774,
            "brake": 0.0,
            "steer": 0.0
        },
        {
            "throttle": 0.8435732530624964,
            "brake": 0.0,
            "steer": 0.0
        },
        {
            "throttle": 0.8380200940417073,
            "brake": 0.0,
            "steer": 0.0
        },
        {
            "throttle": 0.8288865541505335,
            "brake": 0.0,
            "steer": 0.0
        },
        {
            "throttle": 0.8162883602478777,
            "brake": 0.0,
            "steer": 0.0
        },
        {
            "throttle": 0.8003851382209247,
            "brake": 0.0,
            "steer": 0.0
        },
        {
            "throttle": 0.7813783904393649,
            "brake": 0.0,
            "steer": 0.0
        },
        {
            "throttle": 0.7595089426120791,
            "brake": 0.0,
            "steer": 0.0
        },
        {
            "throttle": 0.7350538923959835,
            "brake": 0.0,
            "steer": 0.0
        },
        {
            "throttle": 0.7083230984198002,
            "brake": 0.0,
            "steer": 0.0
        },
        {
            "throttle": 0.679655254208709,
            "brake": 0.0,
            "steer": 0.0
        },
        {
            "throttle": 0.649413596755364,
            "brake": 0.0,
            "steer": 0.0
        },
        {
            "throttle": 0.6179813041119882,
            "brake": 0.0,
            "steer": 0.0
        },
        {
            "throttle": 0.5857566403185261,
            "brake": 0.0,
            "steer": 0.0
        },
        {
            "throttle": 0.5531479091832259,
            "brake": 0.0,
            "steer": 0.0
        },
        {
            "throttle": 0.5205682808539598,
            "brake": 0.0,
            "steer": 0.0
        },
        {
            "throttle": 0.48843055673040753,
            "brake": 0.0,
            "steer": 0.0
        },
        {
            "throttle": 0.4571419390484767,
            "brake": 0.0,
            "steer": 0.0
        },
        {
            "throttle": 0.4270988714091381,
            "brake": 0.0,
            "steer": 0.0
        },
        {
            "throttle": 0.3986820156249468,
            "brake": 0.0,
            "steer": 0.0
        },
        {
            "throttle": 0.37225142853030446,
            "brake": 0.0,
            "steer": 0.0
        },
        {
            "throttle": 0.3481419998678672,
            "brake": 0.0,
            "steer": 0.0
        },
        {
            "throttle": 0.32665920905553225,
            "brake": 0.0,
            "steer": 0.0
        },
        {
            "throttle": 0.30807525459804413,
            "brake": 0.0,
            "steer": 0.0
        },
        {
            "throttle": 0.29262560518565633,
            "brake": 0.0,
            "steer": 0.0
        },
        {
            "throttle": 0.2805060161792815,
            "brake": 0.0,
            "steer": 0.0
        },
        {
            "throttle": 0.27187004928486697,
            "brake": 0.0,
            "steer": 0.0
        },
        {
            "throttle": 0.2668271268440544,
            "brake": 0.0,
            "steer": 0.0
        },
        {
            "throttle": 0.265441145394306,
            "brake": 0.0,
            "steer": 0.0
        },
        {
            "throttle": 0.2677296660654358,
            "brake": 0.0,
            "steer": 0.0
        },
        {
            "throttle": 0.27366369207065766,
            "brake": 0.0,
            "steer": 0.0
        },
        {
            "throttle": 0.2831680361114568,
            "brake": 0.0,
            "steer": 0.0
        },
        {
            "throttle": 0.29612227304106886,
            "brake": 0.0,
            "steer": 0.0
        },
        {
            "throttle": 0.3123622657158075,
            "brake": 0.0,
            "steer": 0.0
        },
        {
            "throttle": 0.33168224470088464,
            "brake": 0.0,
            "steer": 0.0
        },
        {
            "throttle": 0.35383741547973246,
            "brake": 0.0,
            "steer": 0.0
        },
        {
            "throttle": 0.3785470601320842,
            "brake": 0.0,
            "steer": 0.0
        },
        {
            "throttle": 0.405498094180886,
            "brake": 0.0,
            "steer": 0.0
        },
        {
            "throttle": 0.43434903354087673,
            "brake": 0.0,
            "steer": 0.0
        },
        {
            "throttle": 0.4647343213054671,
            "brake": 0.0,
            "steer": 0.0
        },
        {
            "throttle": 0.4962689595492011,
            "brake": 0.0,
            "steer": 0.0
        },
        {
            "throttle": 0.528553387458375,
            "brake": 0.0,
            "steer": 0.0
        },
        {
            "throttle": 0.5611785439812761,
            "brake": 0.0,
            "steer": 0.0
        },
        {
            "throttle": 0.5937310508515442,
            "brake": 0.0,
            "steer": 0.0
        },
        {
            "throttle": 0.6257984503129604,
            "brake": 0.0,
            "steer": 0.0
        },
        {
            "throttle": 0.6569744311808795,
            "brake": 0.0,
            "steer": 0.0
        },
        {
            "throttle": 0.6868639770232968,
            "brake": 0.0,
            "steer": 0.0
        },
        {
            "throttle": 0.715088371231329,
            "brake": 0.0,
            "steer": 0.0
        },
        {
            "throttle": 0.7412899955621759,
            "brake": 0.0,
            "steer": 0.0
        },
        {
            "throttle": 0.7651368613544464,
            "brake": 0.0,
            "steer": 0.0
        },
        {
            "throttle": 0.7863268160029131,
            "brake": 0.0,
            "steer": 0.0
        },
        {
            "throttle": 0.804591371394402,
            "brake": 0.0,
            "steer": 0.0
        },
        {
            "throttle": 0.8196991057964754,
            "brake": 0.0,
            "steer": 0.0
        },
        {
            "throttle": 0.8314585960951513,
            "brake": 0.0,
            "steer": 0.0
        },
        {
            "throttle": 0.8397208432286308,
            "brake": 0.0,
            "steer": 0.0
        },
        {
            "throttle": 0.8443811600854857,
            "brake": 0.0,
            "steer": 0.0
        },
        {
            "throttle": 0.8453804979466201,
            "brake": 0.0,
            "steer": 0.0
        },
        {
            "throttle": 0.8427061946642752,
            "brake": 0.0,
            "steer": 0.0
        },
        {
            "throttle": 0.8363921350982464,
            "brake": 0.0,
            "steer": 0.0
        },
        {
            "throttle": 0.8265183217764991,
            "brake": 0.0,
            "steer": 0.0
        },
        {
            "throttle": 0.8132098612201454,
            "brake": 0.0,
            "steer": 0.0
        },
        {
            "throttle": 0.7966353787765871,
            "brake": 0.0,
            "steer": 0.0
        },
        {
            "throttle": 0.7770048820457427,
            "brake": 0.0,
            "steer": 0.0
        },
        {
            "throttle": 0.7545670999708954,
            "brake": 0.0,
            "steer": 0.0
        },
        {
            "throttle": 0.7296063313093116,
            "brake": 0.0,
            "steer": 0.0
        },
        {
            "throttle": 0.7024388424141998,
            "brake": 0.0,
            "steer": 0.0
        },
        {
            "throttle": 0.6734088599700496,
            "brake": 0.0,
            "steer": 0.0
        },
        {
            "throttle": 0.6428842094555469,
            "brake": 0.0,
            "steer": 0.0
        },
        {
            "throttle": 0.6112516545970845,
            "brake": 0.0,
            "steer": 0.0
        },
        {
            "throttle": 0.5789119968644969,
            "brake": 0.0,
            "steer": 0.0
        },
        {
            "throttle": 0.54627499710104,
            "brake": 0.0,
            "steer": 0.0
        },
        {
            "throttle": 0.5137541836332971,
            "brake": 0.0,
            "steer": 0.0
        },
        {
            "throttle": 0.48176161264504447,
            "brake": 0.0,
            "steer": 0.0
        },
        {
            "throttle": 0.4507026472039585,
            "brake": 0.0,
            "steer": 0.0
        },
        {
            "throttle": 0.42097082109370004,
            "brake": 0.0,
            "steer": 0.0
        },
        {
            "throttle": 0.3929428525293855,
            "brake": 0.0,
            "steer": 0.0
        },
        {
            "throttle": 0.3669738709353471,
            "brake": 0.0,
            "steer": 0.0
        },
        {
            "throttle": 0.3433929172644751,
            "brake": 0.0,
            "steer": 0.0
        },
        {
            "throttle": 0.3224987748725137,
            "brake": 0.0,
            "steer": 0.0
        },
        {
            "throttle": 0.30455618377237353,
            "brake": 0.0,
            "steer": 0.0
        },
        {
            "throttle": 0.28979248623589277,
            "brake": 0.0,
            "steer": 0.0
        },
        {
            "throttle": 0.2783947462450762,
            "brake": 0.0,
            "steer": 0.0
        },
        {
            "throttle": 0.2705073792909123,
            "brake": 0.0,
            "steer": 0.0
        },
        {
            "throttle": 0.2662303225514917,
            "brake": 0.0,
            "steer": 0.0
        },
        {
            "throttle": 0.2656177686342529,
            "brake": 0.0,
            "steer": 0.0
        },
        {
            "throttle": 0.26867747892652244,
            "brake": 0.0,
            "steer": 0.0
        },
        {
            "throttle": 0.27537068525456615,
            "brake": 0.0,
            "steer": 0.0
        },
        {
            "throttle": 0.285612581097185,
            "brake": 0.0,
            "steer": 0.0
        },
        {
            "throttle": 0.299273396129915,
            "brake": 0.0,
            "steer": 0.0
        },
        {
            "throttle": 0.3161800404847783,
            "brake": 0.0,
            "steer": 0.0
        },
        {
            "throttle": 0.33611829789193176,
            "brake": 0.0,
            "steer": 0.0
        },
        {
            "throttle": 0.3588355399149285,
            "brake": 0.0,
            "steer": 0.0
        },
        {
            "throttle": 0.3840439268887732,
            "brake": 0.0,
            "steer": 0.0
        },
        {
            "throttle": 0.41142405500316787,
            "brake": 0.0,
            "steer": 0.0
        },
        {
            "throttle": 0.4406290033204389,
            "brake": 0.0,
            "steer": 0.0
        },
        {
            "throttle": 0.47128872945025924,
            "brake": 0.0,
            "steer": 0.0
        },
        {
            "throttle": 0.5030147581855978,
            "brake": 0.0,
            "steer": 0.0
        },
        {
            "throttle": 0.5354051036923667,
            "brake": 0.0,
            "steer": 0.0
        },
        {
            "throttle": 0.5680493628859701,
            "brake": 0.0,
            "steer": 0.0
        },
        {
            "throttle": 0.6005339154589436,
            "brake": 0.0,
            "steer": 0.0
        },
        {
            "throttle": 0.632447164672535,
            "brake": 0.0,
            "steer": 0.0
        },
        {
            "throttle": 0.6633847525085813,
            "brake": 0.0,
            "steer": 0.0
        },
        {
            "throttle": 0.6929546831029076,
            "brake": 0.0,
            "steer": 0.0
        },
        {
            "throttle": 0.7207822895435891,
            "brake": 0.0,
            "steer": 0.0
        },
        {
            "throttle": 0.7465149811020779,
            "brake": 0.0,
            "steer": 0.0
        },
        {
            "throttle": 0.7698267107472192,
            "brake": 0.0,
            "steer": 0.0
        },
        {
            "throttle": 0.7904221063363596,
            "brake": 0.0,
            "steer": 0.0
        },
        {
            "throttle": 0.808040213139131,
            "brake": 0.0,
            "steer": 0.0
        },
        {
            "throttle": 0.8224578002741252,
            "brake": 0.0,
            "steer": 0.0
        },
        {
            "throttle": 0.8334921891641289,
            "brake": 0.0,
            "steer": 0.0
        },
        {
            "throttle": 0.841003568171871,
            "brake": 0.0,
            "steer": 0.0
        },
        {
            "throttle": 0.844896764088603,
            "brake": 0.0,
            "steer": 0.0
        },
        {
            "throttle": 0.8451224480298021,
            "brake": 0.0,
            "steer": 0.0
        },
        {
            "throttle": 0.8416777604586474,
            "brake": 0.0,
            "steer": 0.0
        },
        {
            "throttle": 0.8346063474178891,
            "brake": 0.0,
            "steer": 0.0
        },
        {
            "throttle": 0.8239978075110295,
            "brake": 0.0,
            "steer": 0.0
        },
        {
            "throttle": 0.8099865566398665,
            "brake": 0.0,
            "steer": 0.0
        },
        {
            "throttle": 0.7927501248827796,
            "brake": 0.0,
            "steer": 0.0
        },
        {
            "throttle": 0.7725069070932311,
            "brake": 0.0,
            "steer": 0.0
        },
        {
            "throttle": 0.7495133957196028,
            "brake": 0.0,
            "steer": 0.0
        },
        {
            "throttle": 0.724060930908033,
            "brake": 0.0,
            "steer": 0.0
        },
        {
            "throttle": 0.6964720090661951,
            "brake": 0.0,
            "steer": 0.0
        },
        {
            "throttle": 0.6670961966604974,
            "brake": 0.0,
            "steer": 0.0
        },
        {
            "throttle": 0.6363057010210929,
            "brake": 0.0,
            "steer": 0.0
        },
        {
            "throttle": 0.6044906542749755,
            "brake": 0.0,
            "steer": 0.0
        },
        {
            "throttle": 0.5720541701622701,
            "brake": 0.0,
            "steer": 0.0
        },
        {
            "throttle": 0.5394072363685046,
            "brake": 0.0,
            "steer": 0.0
        },
        {
            "throttle": 0.5069635070897652,
            "brake": 0.0,
            "steer": 0.0
        }
    ],
    "parameters": {
        "fog_density": 64.35409592006872,
        "precipitation": 62.88544950752981,
        "precipitation_deposits": 44.12011121395781,
        "wind_intensity": 47.968435986958546,
        "sun_altitude_angle": 13.623554196008868,
        "cloudiness": 22.619719852034404,
        "lead_base_throttle": 0.5554447972379899,
        "lead_behavior_frequency": 0.17924506079069963,
        "lead_throttle_variation": 0.30398680628598584,
        "lead_brake_probability": 0.008511081654005258,
        "lead_brake_intensity": 0.42841427248337227,
        "lead_brake_duration": 6.4696971159390415,
        "initial_distance": 46.56473642863486,
        "initial_ego_velocity": 19.572407097931865,
        "initial_lead_velocity": 15.220560072605625
    },
    "config": {
        "num_timesteps": 200,
        "dt": 0.1,
        "seed": 120
    }
}