{
    "weather": {
        "cloudiness": 36.43631256495369,
        "precipitation": 63.84312920523298,
        "precipitation_deposits": 97.19108138672841,
        "wind_intensity": 17.843509390259598,
        "sun_altitude_angle": 52.55304099500552,
        "fog_density": 73.64552085816918,
        "fog_distance": 85.8760161792557,
        "wetness": 31.92156460261649
    },
    "initial_conditions": {
        "ego": {
            "position": {
                "x": 554.8704857187291,
                "y": 20.57,
                "z": 0.294
            },
            "yaw": 0.0,
            "velocity": 11.559832452083825
        },
        "lead": {
            "position": {
                "x": 484.88,
                "y": 20.57,
                "z": 0.294
            },
            "yaw": 0.0,
            "velocity": 15.65304029086878
        }
    },
    "ego": {
        "position": {
            "x": 554.8704857187291,
            "y": 20.57,
            "z": 0.294
        },
        "yaw": 0.0,
        "velocity": 11.559832452083825
    },
    "lead": {
        "position": {
            "x": 484.88,
            "y": 20.57,
            "z": 0.294
        },
        "yaw": 0.0,
        "velocity": 15.65304029086878
    },
    "ado_actions": [
        {
            "throttle": 0.5639632776591026,
            "brake": 0.0,
            "steer": 0.0
        },
        {
            "throttle": 0.5644659678929199,
            "brake": 0.0,
            "steer": 0.0
        },
        {
            "throttle": 0.5653163590172425,
            "brake": 0.0,
            "steer": 0.0
        },
        {
            "throttle": 0.5664018110141864,
            "brake": 0.0,
            "steer": 0.0
        },
        {
            "throttle": 0.5676393976953772,
            "brake": 0.0,
            "steer": 0.0
        },
        {
            "throttle": 0.5689670957843418,
            "brake": 0.0,
            "steer": 0.0
        },
        {
            "throttle": 0.5703376503448556,
            "brake": 0.0,
            "steer": 0.0
        },
        {
            "throttle": 0.5717143125174551,
            "brake": 0.0,
            "steer": 0.0
        },
        {
            "throttle": 0.5730678864719593,
            "brake": 0.0,
            "steer": 0.0
        },
        {
            "throttle": 0.5743746911574276,
            "brake": 0.0,
            "steer": 0.0
        },
        {
            "throttle": 0.575615160516252,
            "brake": 0.0,
            "steer": 0.0
        },
        {
            "throttle": 0.5767728885045282,
            "brake": 0.0,
            "steer": 0.0
        },
        {
            "throttle": 0.5778339831512915,
            "brake": 0.0,
            "steer": 0.0
        },
        {
            "throttle": 0.5787866344318542,
            "brake": 0.0,
            "steer": 0.0
        },
        {
            "throttle": 0.5796208291312552,
            "brake": 0.0,
            "steer": 0.0
        },
        {
            "throttle": 0.5803281657766579,
            "brake": 0.0,
            "steer": 0.0
        },
        {
            "throttle": 0.5809017366730155,
            "brake": 0.0,
            "steer": 0.0
        },
        {
            "throttle": 0.5813360538696581,
            "brake": 0.0,
            "steer": 0.0
        },
        {
            "throttle": 0.5816270027660948,
            "brake": 0.0,
            "steer": 0.0
        },
        {
            "throttle": 0.581771811907667,
            "brake": 0.0,
            "steer": 0.0
        },
        {
            "throttle": 0.5817690309375995,
            "brake": 0.0,
            "steer": 0.0
        },
        {
            "throttle": 0.5816185110895582,
            "brake": 0.0,
            "steer": 0.0
        },
        {
            "throttle": 0.581321384323489,
            "brake": 0.0,
            "steer": 0.0
        },
        {
            "throttle": 0.5808800384366513,
            "brake": 0.0,
            "steer": 0.0
        },
        {
            "throttle": 0.5802980863677514,
            "brake": 0.0,
            "steer": 0.0
        },
        {
            "throttle": 0.5795803285571401,
            "brake": 0.0,
            "steer": 0.0
        },
        {
            "throttle": 0.5787327077015378,
            "brake": 0.0,
            "steer": 0.0
        },
        {
            "throttle": 0.5777622555974322,
            "brake": 0.0,
            "steer": 0.0
        },
        {
            "throttle": 0.5766770320378021,
            "brake": 0.0,
            "steer": 0.0
        },
        {
            "throttle": 0.575486055936213,
            "brake": 0.0,
            "steer": 0.0
        },
        {
            "throttle": 0.5741992290172941,
            "brake": 0.0,
            "steer": 0.0
        },
        {
            "throttle": 0.5728272525446573,
            "brake": 0.0,
            "steer": 0.0
        },
        {
            "throttle": 0.5713815376643936,
            "brake": 0.0,
            "steer": 0.0
        },
        {
            "throttle": 0.5698741100297997,
            "brake": 0.0,
            "steer": 0.0
        },
        {
            "throttle": 0.5683175094446449,
            "brake": 0.0,
            "steer": 0.0
        },
        {
            "throttle": 0.5667246853205947,
            "brake": 0.0,
            "steer": 0.0
        },
        {
            "throttle": 0.5651088887910288,
            "brake": 0.0,
            "steer": 0.0
        },
        {
            "throttle": 0.5634835623595698,
            "brake": 0.0,
            "steer": 0.0
        },
        {
            "throttle": 0.5618622279879318,
            "brake": 0.0,
            "steer": 0.0
        },
        {
            "throttle": 0.5602583745447319,
            "brake": 0.0,
            "steer": 0.0
        },
        {
            "throttle": 0.5586853455450519,
            "brake": 0.0,
            "steer": 0.0
        },
        {
            "throttle": 0.5571562281101079,
            "brake": 0.0,
            "steer": 0.0
        },
        {
            "throttle": 0.5556837440676192,
            "brake": 0.0,
            "steer": 0.0
        },
        {
            "throttle": 0.55428014409663,
            "brake": 0.0,
            "steer": 0.0
        },
        {
            "throttle": 0.5529571057958884,
            "brake": 0.0,
            "steer": 0.0
        },
        {
            "throttle": 0.5517256365227216,
            "brake": 0.0,
            "steer": 0.0
        },
        {
            "throttle": 0.5505959818099879,
            "brake": 0.0,
            "steer": 0.0
        },
        {
            "throttle": 0.5495775401225134,
            "brake": 0.0,
            "steer": 0.0
        },
        {
            "throttle": 0.548678784661837,
            "brake": 0.0,
            "steer": 0.0
        },
        {
            "throttle": 0.5479071928695698,
            "brake": 0.0,
            "steer": 0.0
        },
        {
            "throttle": 0.5472691842156936,
            "brake": 0.0,
            "steer": 0.0
        },
        {
            "throttle": 0.5467700667892582,
            "brake": 0.0,
            "steer": 0.0
        },
        {
            "throttle": 0.5464139931357397,
            "brake": 0.0,
            "steer": 0.0
        },
        {
            "throttle": 0.5462039257084181,
            "brake": 0.0,
            "steer": 0.0
        },
        {
            "throttle": 0.5461416122211686,
            "brake": 0.0,
            "steer": 0.0
        },
        {
            "throttle": 0.5462275711076914,
            "brake": 0.0,
            "steer": 0.0
        },
        {
            "throttle": 0.5464610872081371,
            "brake": 0.0,
            "steer": 0.0
        },
        {
            "throttle": 0.546840217718997,
            "brake": 0.0,
            "steer": 0.0
        },
        {
            "throttle": 0.5473618083567461,
            "brake": 0.0,
            "steer": 0.0
        },
        {
            "throttle": 0.5480215196007535,
            "brake": 0.0,
            "steer": 0.0
        },
        {
            "throttle": 0.5488138627971194,
            "brake": 0.0,
            "steer": 0.0
        },
        {
            "throttle": 0.5497322458230588,
            "brake": 0.0,
            "steer": 0.0
        },
        {
            "throttle": 0.5507690279319124,
            "brake": 0.0,
            "steer": 0.0
        },
        {
            "throttle": 0.5519155833224829,
            "brake": 0.0,
            "steer": 0.0
        },
        {
            "throttle": 0.5531623729038144,
            "brake": 0.0,
            "steer": 0.0
        },
        {
            "throttle": 0.5544990236583444,
            "brake": 0.0,
            "steer": 0.0
        },
        {
            "throttle": 0.5559144149431454,
            "brake": 0.0,
            "steer": 0.0
        },
        {
            "throttle": 0.5573967710112482,
            "brake": 0.0,
            "steer": 0.0
        },
        {
            "throttle": 0.5589337589832872,
            "brake": 0.0,
            "steer": 0.0
        },
        {
            "throttle": 0.560512591454368,
            "brake": 0.0,
            "steer": 0.0
        },
        {
            "throttle": 0.5621201328824873,
            "brake": 0.0,
            "steer": 0.0
        },
        {
            "throttle": 0.5637430088733788,
            "brake": 0.0,
            "steer": 0.0
        },
        {
            "throttle": 0.5653677174525573,
            "brake": 0.0,
            "steer": 0.0
        },
        {
            "throttle": 0.5669807413988037,
            "brake": 0.0,
            "steer": 0.0
        },
        {
            "throttle": 0.5685686607044977,
            "brake": 0.0,
            "steer": 0.0
        },
        {
            "throttle": 0.5701182642271566,
            "brake": 0.0,
            "steer": 0.0
        },
        {
            "throttle": 0.5716166596032606,
            "brake": 0.0,
            "steer": 0.0
        },
        {
            "throttle": 0.5730513805099064,
            "brake": 0.0,
            "steer": 0.0
        },
        {
            "throttle": 0.5744104903818974,
            "brake": 0.0,
            "steer": 0.0
        },
        {
            "throttle": 0.5756826817213626,
            "brake": 0.0,
            "steer": 0.0
        },
        {
            "throttle": 0.5768573701736754,
            "brake": 0.0,
            "steer": 0.0
        },
        {
            "throttle": 0.577924782586976,
            "brake": 0.0,
            "steer": 0.0
        },
        {
            "throttle": 0.5788760383226648,
            "brake": 0.0,
            "steer": 0.0
        },
        {
            "throttle": 0.5797032231403794,
            "brake": 0.0,
            "steer": 0.0
        },
        {
            "throttle": 0.5803994550427497,
            "brake": 0.0,
            "steer": 0.0
        },
        {
            "throttle": 0.5809589415321156,
            "brake": 0.0,
            "steer": 0.0
        },
        {
            "throttle": 0.5813770278028446,
            "brake": 0.0,
            "steer": 0.0
        },
        {
            "throttle": 0.5816502354683007,
            "brake": 0.0,
            "steer": 0.0
        },
        {
            "throttle": 0.5817762915002621,
            "brake": 0.0,
            "steer": 0.0
        },
        {
            "throttle": 0.5817541471400212,
            "brake": 0.0,
            "steer": 0.0
        },
        {
            "throttle": 0.5815839866238279,
            "brake": 0.0,
            "steer": 0.0
        },
        {
            "throttle": 0.5812672256500849,
            "brake": 0.0,
            "steer": 0.0
        },
        {
            "throttle": 0.5808064996010446,
            "brake": 0.0,
            "steer": 0.0
        },
        {
            "throttle": 0.580205641617004,
            "brake": 0.0,
            "steer": 0.0
        },
        {
            "throttle": 0.579469650705413,
            "brake": 0.0,
            "steer": 0.0
        },
        {
            "throttle": 0.5786046501502214,
            "brake": 0.0,
            "steer": 0.0
        },
        {
            "throttle": 0.577617836567492,
            "brake": 0.0,
            "steer": 0.0
        },
        {
            "throttle": 0.5765174200311233,
            "brake": 0.0,
            "steer": 0.0
        },
        {
            "throttle": 0.5753125557668244,
            "brake": 0.0,
            "steer": 0.0
        },
        {
            "throttle": 0.5740132679826329,
            "brake": 0.0,
            "steer": 0.0
        },
        {
            "throttle": 0.5726303664696889,
            "brake": 0.0,
            "steer": 0.0
        },
        {
            "throttle": 0.5711753566671296,
            "brake": 0.0,
            "steer": 0.0
        },
        {
            "throttle": 0.569660343939343,
            "brake": 0.0,
            "steer": 0.0
        },
        {
            "throttle": 0.5680979328619753,
            "brake": 0.0,
            "steer": 0.0
        },
        {
            "throttle": 0.5665011223546094,
            "brake": 0.0,
            "steer": 0.0
        },
        {
            "throttle": 0.564883197532587,
            "brake": 0.0,
            "steer": 0.0
        },
        {
            "throttle": 0.5632576191777452,
            "brake": 0.0,
            "steer": 0.0
        },
        {
            "throttle": 0.5616379117476459,
            "brake": 0.0,
            "steer": 0.0
        },
        {
            "throttle": 0.5600375508550368,
            "brake": 0.0,
            "steer": 0.0
        },
        {
            "throttle": 0.558469851153691,
            "brake": 0.0,
            "steer": 0.0
        },
        {
            "throttle": 0.5569478555633899,
            "brake": 0.0,
            "steer": 0.0
        },
        {
            "throttle": 0.5554842267556737,
            "brake": 0.0,
            "steer": 0.0
        },
        {
            "throttle": 0.5540911418031748,
            "brake": 0.0,
            "steer": 0.0
        },
        {
            "throttle": 0.5527801908690272,
            "brake": 0.0,
            "steer": 0.0
        },
        {
            "throttle": 0.5515622807792365,
            "brake": 0.0,
            "steer": 0.0
        },
        {
            "throttle": 0.5504475442802645,
            "brake": 0.0,
            "steer": 0.0
        },
        {
            "throttle": 0.5494452557367878,
            "brake": 0.0,
            "steer": 0.0
        },
        {
            "throttle": 0.5485637539710049,
            "brake": 0.0,
            "steer": 0.0
        },
        {
            "throttle": 0.5478103728854538,
            "brake": 0.0,
            "steer": 0.0
        },
        {
            "throttle": 0.5471913804465408,
            "brake": 0.0,
            "steer": 0.0
        },
        {
            "throttle": 0.5467119265364273,
            "brake": 0.0,
            "steer": 0.0
        },
        {
            "throttle": 0.546376000107132,
            "brake": 0.0,
            "steer": 0.0
        },
        {
            "throttle": 0.54618639599332,
            "brake": 0.0,
            "steer": 0.0
        },
        {
            "throttle": 0.5461446916598874,
            "brake": 0.0,
            "steer": 0.0
        },
        {
            "throttle": 0.5462512340777976,
            "brake": 0.0,
            "steer": 0.0
        },
        {
            "throttle": 0.5465051368373581,
            "brake": 0.0,
            "steer": 0.0
        },
        {
            "throttle": 0.5469042875229562,
            "brake": 0.0,
            "steer": 0.0
        },
        {
            "throttle": 0.5474453652878961,
            "brake": 0.0,
            "steer": 0.0
        },
        {
            "throttle": 0.5481238684831202,
            "brake": 0.0,
            "steer": 0.0
        },
        {
            "throttle": 0.5489341521099471,
            "brake": 0.0,
            "steer": 0.0
        },
        {
            "throttle": 0.5498694747852305,
            "brake": 0.0,
            "steer": 0.0
        },
        {
            "throttle": 0.5509220548281979,
            "brake": 0.0,
            "steer": 0.0
        },
        {
            "throttle": 0.5520831350023374,
            "brake": 0.0,
            "steer": 0.0
        },
        {
            "throttle": 0.5533430553736975,
            "brake": 0.0,
            "steer": 0.0
        },
        {
            "throttle": 0.5546913336794312,
            "brake": 0.0,
            "steer": 0.0
        },
        {
            "throttle": 0.5561167525379382,
            "brake": 0.0,
            "steer": 0.0
        },
        {
            "throttle": 0.5576074527750347,
            "brake": 0.0,
            "steer": 0.0
        },
        {
            "throttle": 0.559151032089697,
            "brake": 0.0,
            "steer": 0.0
        },
        {
            "throttle": 0.560734648238503,
            "brake": 0.0,
            "steer": 0.0
        },
        {
            "throttle": 0.5623451258802982,
            "brake": 0.0,
            "steer": 0.0
        },
        {
            "throttle": 0.5639690661921615,
            "brake": 0.0,
            "steer": 0.0
        },
        {
            "throttle": 0.5655929583446915,
            "brake": 0.0,
            "steer": 0.0
        },
        {
            "throttle": 0.5672032919091621,
            "brake": 0.0,
            "steer": 0.0
        },
        {
            "throttle": 0.5687866692613441,
            "brake": 0.0,
            "steer": 0.0
        },
        {
            "throttle": 0.5703299170468189,
            "brake": 0.0,
            "steer": 0.0
        },
        {
            "throttle": 0.5718201957804149,
            "brake": 0.0,
            "steer": 0.0
        },
        {
            "throttle": 0.5732451066679257,
            "brake": 0.0,
            "steer": 0.0
        },
        {
            "throttle": 0.5745927947613755,
            "brake": 0.0,
            "steer": 0.0
        },
        {
            "throttle": 0.5758520475896014,
            "brake": 0.0,
            "steer": 0.0
        },
        {
            "throttle": 0.57701238844357,
            "brake": 0.0,
            "steer": 0.0
        },
        {
            "throttle": 0.5780641635403121,
            "brake": 0.0,
            "steer": 0.0
        },
        {
            "throttle": 0.5789986223402932,
            "brake": 0.0,
            "steer": 0.0
        },
        {
            "throttle": 0.5798079903499949,
            "brake": 0.0,
            "steer": 0.0
        },
        {
            "throttle": 0.5804855338040058,
            "brake": 0.0,
            "steer": 0.0
        },
        {
            "throttle": 0.40633987366280405,
            "brake": 0.22291062644393142,
            "steer": 0.0
        },
        {
            "throttle": 0.2844379115639628,
            "brake": 0.3789480649546834,
            "steer": 0.0
        },
        {
            "throttle": 0.19910653809477397,
            "brake": 0.48817427191220975,
            "steer": 0.0
        },
        {
            "throttle": 0.13937457666634176,
            "brake": 0.5646326167824782,
            "steer": 0.0
        },
        {
            "throttle": 0.09756220366643922,
            "brake": 0.6181534581916661,
            "steer": 0.0
        },
        {
            "throttle": 0.06829354256650745,
            "brake": 0.6556180471780977,
            "steer": 0.0
        },
        {
            "throttle": 0.047805479796555216,
            "brake": 0.6818432594685998,
            "steer": 0.0
        },
        {
            "throttle": 0.03346383585758865,
            "brake": 0.7002009080719512,
            "steer": 0.0
        },
        {
            "throttle": 0.19702409312404176,
            "brake": 0.4901406356503658,
            "steer": 0.0
        },
        {
            "throttle": 0.3111959346710574,
            "brake": 0.34309844495525604,
            "steer": 0.0
        },
        {
            "throttle": 0.39076185658896945,
            "brake": 0.24016891146867922,
            "steer": 0.0
        },
        {
            "throttle": 0.44607255439857785,
            "brake": 0.16811823802807543,
            "steer": 0.0
        },
        {
            "throttle": 0.4843767218038953,
            "brake": 0.1176827666196528,
            "steer": 0.0
        },
        {
            "throttle": 0.5107518831388639,
            "brake": 0.08237793663375695,
            "steer": 0.0
        },
        {
            "throttle": 0.528755947470481,
            "brake": 0.05766455564362986,
            "steer": 0.0
        },
        {
            "throttle": 0.5408832661700642,
            "brake": 0.0403651889505409,
            "steer": 0.0
        },
        {
            "throttle": 0.5488838414729652,
            "brake": 0.028255632265378628,
            "steer": 0.0
        },
        {
            "throttle": 0.553986739555021,
            "brake": 0.019778942585765038,
            "steer": 0.0
        },
        {
            "throttle": 0.5570564458693904,
            "brake": 0.013845259810035525,
            "steer": 0.0
        },
        {
            "throttle": 0.5587022794456808,
            "brake": 0.009691681867024867,
            "steer": 0.0
        },
        {
            "throttle": 0.5593549481292001,
            "brake": 0.006784177306917407,
            "steer": 0.0
        },
        {
            "throttle": 0.5593201024341002,
            "brake": 0.004748924114842184,
            "steer": 0.0
        },
        {
            "throttle": 0.5588157886716983,
            "brake": 0.003324246880389529,
            "steer": 0.0
        },
        {
            "throttle": 0.5579986321044755,
            "brake": 0.00232697281627267,
            "steer": 0.0
        },
        {
            "throttle": 0.5569821319342814,
            "brake": 0.001628880971390869,
            "steer": 0.0
        },
        {
            "throttle": 0.5558494356670869,
            "brake": 0.0011402166799736083,
            "steer": 0.0
        },
        {
            "throttle": 0.5546622504012206,
            "brake": 0.0007981516759815258,
            "steer": 0.0
        },
        {
            "throttle": 0.5534670515779136,
            "brake": 0.000558706173187068,
            "steer": 0.0
        },
        {
            "throttle": 0.5522994018138662,
            "brake": 0.00039109432123094764,
            "steer": 0.0
        },
        {
            "throttle": 0.5511869488767029,
            "brake": 0.00027376602486166334,
            "steer": 0.0
        },
        {
            "throttle": 0.5501515013556463,
            "brake": 0.00019163621740316434,
            "steer": 0.0
        },
        {
            "throttle": 0.5492104612046576,
            "brake": 0.00013414535218221502,
            "steer": 0.0
        },
        {
            "throttle": 0.5483778087520692,
            "brake": 9.39017465275505e-05,
            "steer": 0.0
        },
        {
            "throttle": 0.5476647772403676,
            "brake": 6.573122256928535e-05,
            "steer": 0.0
        },
        {
            "throttle": 0.5470803129652104,
            "brake": 4.601185579849974e-05,
            "steer": 0.0
        },
        {
            "throttle": 0.5466313883621999,
            "brake": 3.220829905894981e-05,
            "steer": 0.0
        },
        {
            "throttle": 0.5463232152603408,
            "brake": 2.2545809341264866e-05,
            "steer": 0.0
        },
        {
            "throttle": 0.5461593914045796,
            "brake": 1.5782066538885407e-05,
            "steer": 0.0
        },
        {
            "throttle": 0.5461420034420266,
            "brake": 1.1047446577219783e-05,
            "steer": 0.0
        },
        {
            "throttle": 0.5462717026045788,
            "brake": 7.733212604053847e-06,
            "steer": 0.0
        },
        {
            "throttle": 0.5465477644209635,
            "brake": 5.413248822837692e-06,
            "steer": 0.0
        },
        {
            "throttle": 0.5469681403352865,
            "brake": 3.789274175986384e-06,
            "steer": 0.0
        },
        {
            "throttle": 0.5475295066643446,
            "brake": 2.652491923190469e-06,
            "steer": 0.0
        },
        {
            "throttle": 0.5482273145895873,
            "brake": 1.8567443462333282e-06,
            "steer": 0.0
        },
        {
            "throttle": 0.5490558436400442,
            "brake": 1.2997210423633296e-06,
            "steer": 0.0
        },
        {
            "throttle": 0.5500082602318217,
            "brake": 9.098047296543307e-07,
            "steer": 0.0
        }
    ],
    "parameters": {
        "fog_density": 73.64552085816918,
        "precipitation": 63.84312920523298,
        "precipitation_deposits": 97.19108138672841,
        "wind_intensity": 17.843509390259598,
        "sun_altitude_angle": 52.55304099500552,
        "cloudiness": 36.43631256495369,
        "lead_base_throttle": 0.5639632776591026,
        "lead_behavior_frequency": 0.14522011350685177,
        "lead_throttle_variation": 0.01838972962922041,
        "lead_brake_probability": 0.027792028873178064,
        "lead_brake_intensity": 0.7430354214797714,
        "lead_brake_duration": 8.520160974523625,
        "initial_distance": 69.9904857187291,
        "initial_ego_velocity": 11.559832452083825,
        "initial_lead_velocity": 15.65304029086878
    },
    "config": {
        "num_timesteps": 200,
        "dt": 0.1,
        "seed": 237
    }
}