{
    "weather": {
        "cloudiness": 50.1291106368855,
        "precipitation": 22.467090919942567,
        "precipitation_deposits": 44.34066264453153,
        "wind_intensity": 25.87736413120027,
        "sun_altitude_angle": 30.491847752406947,
        "fog_density": 67.39917192868907,
        "fog_distance": 105.75406053597176,
        "wetness": 11.233545459971284
    },
    "initial_conditions": {
        "ego": {
            "position": {
                "x": 562.4641636142551,
                "y": 20.57,
                "z": 0.294
            },
            "yaw": 0.0,
            "velocity": 10.247018504999176
        },
        "lead": {
            "position": {
                "x": 484.88,
                "y": 20.57,
                "z": 0.294
            },
            "yaw": 0.0,
            "velocity": 6.751530027077712
        }
    },
    "ego": {
        "position": {
            "x": 562.4641636142551,
            "y": 20.57,
            "z": 0.294
        },
        "yaw": 0.0,
        "velocity": 10.247018504999176
    },
    "lead": {
        "position": {
            "x": 484.88,
            "y": 20.57,
            "z": 0.294
        },
        "yaw": 0.0,
        "velocity": 6.751530027077712
    },
    "ado_actions": [
        {
            "throttle": 0.21375190091851903,
            "brake": 0.0,
            "steer": 0.0
        },
        {
            "throttle": 0.22380298772619212,
            "brake": 0.0,
            "steer": 0.0
        },
        {
            "throttle": 0.24068958649978267,
            "brake": 0.0,
            "steer": 0.0
        },
        {
            "throttle": 0.2619645356273027,
            "brake": 0.0,
            "steer": 0.0
        },
        {
            "throttle": 0.2857264624262582,
            "brake": 0.0,
            "steer": 0.0
        },
        {
            "throttle": 0.3104676988395381,
            "brake": 0.0,
            "steer": 0.0
        },
        {
            "throttle": 0.33497134297719866,
            "brake": 0.0,
            "steer": 0.0
        },
        {
            "throttle": 0.3582424204585974,
            "brake": 0.0,
            "steer": 0.0
        },
        {
            "throttle": 0.3794625492052238,
            "brake": 0.0,
            "steer": 0.0
        },
        {
            "throttle": 0.39796063342171273,
            "brake": 0.0,
            "steer": 0.0
        },
        {
            "throttle": 0.4131943063955227,
            "brake": 0.0,
            "steer": 0.0
        },
        {
            "throttle": 0.4247383868668546,
            "brake": 0.0,
            "steer": 0.0
        },
        {
            "throttle": 0.43227770547793964,
            "brake": 0.0,
            "steer": 0.0
        },
        {
            "throttle": 0.43560243278802824,
            "brake": 0.0,
            "steer": 0.0
        },
        {
            "throttle": 0.43460459393137996,
            "brake": 0.0,
            "steer": 0.0
        },
        {
            "throttle": 0.4292748537548837,
            "brake": 0.0,
            "steer": 0.0
        },
        {
            "throttle": 0.41969894656380147,
            "brake": 0.0,
            "steer": 0.0
        },
        {
            "throttle": 0.40605333866109333,
            "brake": 0.0,
            "steer": 0.0
        },
        {
            "throttle": 0.38859987203443513,
            "brake": 0.0,
            "steer": 0.0
        },
        {
            "throttle": 0.36767925926219813,
            "brake": 0.0,
            "steer": 0.0
        },
        {
            "throttle": 0.3437033935898655,
            "brake": 0.0,
            "steer": 0.0
        },
        {
            "throttle": 0.3171465114288834,
            "brake": 0.0,
            "steer": 0.0
        },
        {
            "throttle": 0.2885353021797819,
            "brake": 0.0,
            "steer": 0.0
        },
        {
            "throttle": 0.2584381056045357,
            "brake": 0.0,
            "steer": 0.0
        },
        {
            "throttle": 0.2274533721973826,
            "brake": 0.0,
            "steer": 0.0
        },
        {
            "throttle": 0.1961975886184558,
            "brake": 0.0,
            "steer": 0.0
        },
        {
            "throttle": 0.16529288926443636,
            "brake": 0.0,
            "steer": 0.0
        },
        {
            "throttle": 0.13535458715013082,
            "brake": 0.0,
            "steer": 0.0
        },
        {
            "throttle": 0.10697886297505425,
            "brake": 0.0,
            "steer": 0.0
        },
        {
            "throttle": 0.08073085096238555,
            "brake": 0.0,
            "steer": 0.0
        },
        {
            "throttle": 0.05713335415809976,
            "brake": 0.0,
            "steer": 0.0
        },
        {
            "throttle": 0.03999334791066983,
            "brake": 0.0,
            "steer": 0.0
        },
        {
            "throttle": 0.027995343537468877,
            "brake": 0.0,
            "steer": 0.0
        },
        {
            "throttle": 0.019596740476228214,
            "brake": 0.0,
            "steer": 0.0
        },
        {
            "throttle": 0.01371771833335975,
            "brake": 0.0,
            "steer": 0.0
        },
        {
            "throttle": 0.009602402833351825,
            "brake": 0.0,
            "steer": 0.0
        },
        {
            "throttle": 0.006721681983346277,
            "brake": 0.0,
            "steer": 0.0
        },
        {
            "throttle": 0.006684817628918715,
            "brake": 0.0,
            "steer": 0.0
        },
        {
            "throttle": 0.012224016117337321,
            "brake": 0.0,
            "steer": 0.0
        },
        {
            "throttle": 0.022793726006735435,
            "brake": 0.0,
            "steer": 0.0
        },
        {
            "throttle": 0.03787873050990152,
            "brake": 0.0,
            "steer": 0.0
        },
        {
            "throttle": 0.05696524479975142,
            "brake": 0.0,
            "steer": 0.0
        },
        {
            "throttle": 0.07952373500862249,
            "brake": 0.0,
            "steer": 0.0
        },
        {
            "throttle": 0.10500027615329882,
            "brake": 0.0,
            "steer": 0.0
        },
        {
            "throttle": 0.1328141536158748,
            "brake": 0.0,
            "steer": 0.0
        },
        {
            "throttle": 0.16236002868362476,
            "brake": 0.0,
            "steer": 0.0
        },
        {
            "throttle": 0.19301341590567506,
            "brake": 0.0,
            "steer": 0.0
        },
        {
            "throttle": 0.22413851677200403,
            "brake": 0.0,
            "steer": 0.0
        },
        {
            "throttle": 0.25509766118561544,
            "brake": 0.0,
            "steer": 0.0
        },
        {
            "throttle": 0.2852617539039074,
            "brake": 0.0,
            "steer": 0.0
        },
        {
            "throttle": 0.31402122751933437,
            "brake": 0.0,
            "steer": 0.0
        },
        {
            "throttle": 0.34079708054895086,
            "brake": 0.0,
            "steer": 0.0
        },
        {
            "throttle": 0.36505163847072275,
            "brake": 0.0,
            "steer": 0.0
        },
        {
            "throttle": 0.3862987237389957,
            "brake": 0.0,
            "steer": 0.0
        },
        {
            "throttle": 0.4041129624588058,
            "brake": 0.0,
            "steer": 0.0
        },
        {
            "throttle": 0.4181379935097729,
            "brake": 0.0,
            "steer": 0.0
        },
        {
            "throttle": 0.42809338241436334,
            "brake": 0.0,
            "steer": 0.0
        },
        {
            "throttle": 0.43378007829702214,
            "brake": 0.0,
            "steer": 0.0
        },
        {
            "throttle": 0.43508428847916414,
            "brake": 0.0,
            "steer": 0.0
        },
        {
            "throttle": 0.43197968180125446,
            "brake": 0.0,
            "steer": 0.0
        },
        {
            "throttle": 0.4245278685745918,
            "brake": 0.0,
            "steer": 0.0
        },
        {
            "throttle": 0.41287714186040136,
            "brake": 0.0,
            "steer": 0.0
        },
        {
            "throttle": 0.3972595011356721,
            "brake": 0.0,
            "steer": 0.0
        },
        {
            "throttle": 0.37798601483080785,
            "brake": 0.0,
            "steer": 0.0
        },
        {
            "throttle": 0.35544061216280365,
            "brake": 0.0,
            "steer": 0.0
        },
        {
            "throttle": 0.33007242657163216,
            "brake": 0.0,
            "steer": 0.0
        },
        {
            "throttle": 0.30238684233755075,
            "brake": 0.0,
            "steer": 0.0
        },
        {
            "throttle": 0.27293542208312294,
            "brake": 0.0,
            "steer": 0.0
        },
        {
            "throttle": 0.24230491536259535,
            "brake": 0.0,
            "steer": 0.0
        },
        {
            "throttle": 0.21110556699068023,
            "brake": 0.0,
            "steer": 0.0
        },
        {
            "throttle": 0.17995895781342647,
            "brake": 0.0,
            "steer": 0.0
        },
        {
            "throttle": 0.14948562000856086,
            "brake": 0.0,
            "steer": 0.0
        },
        {
            "throttle": 0.12029267354339411,
            "brake": 0.0,
            "steer": 0.0
        },
        {
            "throttle": 0.09296173003091543,
            "brake": 0.0,
            "steer": 0.0
        },
        {
            "throttle": 0.06803730492113258,
            "brake": 0.0,
            "steer": 0.0
        },
        {
            "throttle": 0.047626113444792804,
            "brake": 0.0,
            "steer": 0.0
        },
        {
            "throttle": 0.03333827941135496,
            "brake": 0.0,
            "steer": 0.0
        },
        {
            "throttle": 0.02333679558794847,
            "brake": 0.0,
            "steer": 0.0
        },
        {
            "throttle": 0.01633575691156393,
            "brake": 0.0,
            "steer": 0.0
        },
        {
            "throttle": 0.01143502983809475,
            "brake": 0.0,
            "steer": 0.0
        },
        {
            "throttle": 0.008004520886666325,
            "brake": 0.0,
            "steer": 0.0
        },
        {
            "throttle": 0.005603164620666427,
            "brake": 0.0,
            "steer": 0.0
        },
        {
            "throttle": 0.008661656029476297,
            "brake": 0.0,
            "steer": 0.0
        },
        {
            "throttle": 0.006063159220633408,
            "brake": 0.23114533077439572,
            "steer": 0.0
        },
        {
            "throttle": 0.004244211454443385,
            "brake": 0.3929470623164727,
            "steer": 0.0
        },
        {
            "throttle": 0.0029709480181103693,
            "brake": 0.5062082743959266,
            "steer": 0.0
        },
        {
            "throttle": 0.002079663612677258,
            "brake": 0.5854911228515444,
            "steer": 0.0
        },
        {
            "throttle": 0.0014557645288740806,
            "brake": 0.6409891167704768,
            "steer": 0.0
        },
        {
            "throttle": 0.0010190351702118563,
            "brake": 0.6798377125137294,
            "steer": 0.0
        },
        {
            "throttle": 0.0007133246191482994,
            "brake": 0.7070317295340063,
            "steer": 0.0
        },
        {
            "throttle": 0.0004993272334038096,
            "brake": 0.7260675414482001,
            "steer": 0.0
        },
        {
            "throttle": 0.0003495290633826667,
            "brake": 0.7393926097881357,
            "steer": 0.0
        },
        {
            "throttle": 0.0002446703443678667,
            "brake": 0.7487201576260907,
            "steer": 0.0
        },
        {
            "throttle": 0.00017126924105750668,
            "brake": 0.7552494411126591,
            "steer": 0.0
        },
        {
            "throttle": 0.00011988846874025467,
            "brake": 0.759819939553257,
            "steer": 0.0
        },
        {
            "throttle": 8.392192811817827e-05,
            "brake": 0.7630192884616755,
            "steer": 0.0
        },
        {
            "throttle": 5.874534968272479e-05,
            "brake": 0.7652588326975686,
            "steer": 0.0
        },
        {
            "throttle": 4.112174477790735e-05,
            "brake": 0.7668265136626936,
            "steer": 0.0
        },
        {
            "throttle": 2.8785221344535145e-05,
            "brake": 0.7679238903382812,
            "steer": 0.0
        },
        {
            "throttle": 2.01496549411746e-05,
            "brake": 0.7686920540111926,
            "steer": 0.0
        },
        {
            "throttle": 1.4104758458822219e-05,
            "brake": 0.7692297685822305,
            "steer": 0.0
        },
        {
            "throttle": 9.873330921175553e-06,
            "brake": 0.769606168781957,
            "steer": 0.0
        },
        {
            "throttle": 6.911331644822887e-06,
            "brake": 0.7698696489217656,
            "steer": 0.0
        },
        {
            "throttle": 4.83793215137602e-06,
            "brake": 0.7700540850196316,
            "steer": 0.0
        },
        {
            "throttle": 3.386552505963214e-06,
            "brake": 0.7701831902881378,
            "steer": 0.0
        },
        {
            "throttle": 2.3705867541742497e-06,
            "brake": 0.770273563976092,
            "steer": 0.0
        },
        {
            "throttle": 1.6594107279219748e-06,
            "brake": 0.77033682555766,
            "steer": 0.0
        },
        {
            "throttle": 1.1615875095453822e-06,
            "brake": 0.7703811086647577,
            "steer": 0.0
        },
        {
            "throttle": 8.131112566817675e-07,
            "brake": 0.770412106839726,
            "steer": 0.0
        },
        {
            "throttle": 5.691778796772371e-07,
            "brake": 0.7704338055622039,
            "steer": 0.0
        },
        {
            "throttle": 3.98424515774066e-07,
            "brake": 0.7704489946679384,
            "steer": 0.0
        },
        {
            "throttle": 0.06607916176043561,
            "brake": 0.5393142962675568,
            "steer": 0.0
        },
        {
            "throttle": 0.10226751457911168,
            "brake": 0.37752000738728975,
            "steer": 0.0
        },
        {
            "throttle": 0.11769422548197322,
            "brake": 0.2642640051711028,
            "steer": 0.0
        },
        {
            "throttle": 0.1189467734984551,
            "brake": 0.18498480361977196,
            "steer": 0.0
        },
        {
            "throttle": 0.11082658283485032,
            "brake": 0.12948936253384036,
            "steer": 0.0
        },
        {
            "throttle": 0.09687389804647316,
            "brake": 0.09064255377368824,
            "steer": 0.0
        },
        {
            "throttle": 0.07973162549024,
            "brake": 0.06344978764158177,
            "steer": 0.0
        },
        {
            "throttle": 0.06139674030638097,
            "brake": 0.044414851349107234,
            "steer": 0.0
        },
        {
            "throttle": 0.04339334379168745,
            "brake": 0.03109039594437506,
            "steer": 0.0
        },
        {
            "throttle": 0.030375340654181213,
            "brake": 0.021763277161062543,
            "steer": 0.0
        },
        {
            "throttle": 0.02126273845792685,
            "brake": 0.015234294012743779,
            "steer": 0.0
        },
        {
            "throttle": 0.014883916920548794,
            "brake": 0.010664005808920645,
            "steer": 0.0
        },
        {
            "throttle": 0.010418741844384155,
            "brake": 0.007464804066244451,
            "steer": 0.0
        },
        {
            "throttle": 0.007293119291068908,
            "brake": 0.0052253628463711154,
            "steer": 0.0
        },
        {
            "throttle": 0.005105183503748236,
            "brake": 0.0036577539924597807,
            "steer": 0.0
        },
        {
            "throttle": 0.005777964824365967,
            "brake": 0.002560427794721846,
            "steer": 0.0
        },
        {
            "throttle": 0.011867232866936576,
            "brake": 0.0017922994563052922,
            "steer": 0.0
        },
        {
            "throttle": 0.02286977013108503,
            "brake": 0.0012546096194137044,
            "steer": 0.0
        },
        {
            "throttle": 0.03829904168912658,
            "brake": 0.000878226733589593,
            "steer": 0.0
        },
        {
            "throttle": 0.05766051743286693,
            "brake": 0.000614758713512715,
            "steer": 0.0
        },
        {
            "throttle": 0.08043746492022483,
            "brake": 0.0004303310994589005,
            "steer": 0.0
        },
        {
            "throttle": 0.10608440247888656,
            "brake": 0.0003012317696212303,
            "steer": 0.0
        },
        {
            "throttle": 0.13402617762614005,
            "brake": 0.0002108622387348612,
            "steer": 0.0
        },
        {
            "throttle": 0.16366117340289765,
            "brake": 0.00014760356711440283,
            "steer": 0.0
        },
        {
            "throttle": 0.19436751770788735,
            "brake": 0.00010332249698008198,
            "steer": 0.0
        },
        {
            "throttle": 0.22551142919909994,
            "brake": 7.232574788605737e-05,
            "steer": 0.0
        },
        {
            "throttle": 0.2564570135796544,
            "brake": 5.062802352024016e-05,
            "steer": 0.0
        },
        {
            "throttle": 0.2865769511610747,
            "brake": 3.543961646416811e-05,
            "steer": 0.0
        },
        {
            "throttle": 0.31526360802035625,
            "brake": 2.4807731524917676e-05,
            "steer": 0.0
        },
        {
            "throttle": 0.34194017105416824,
            "brake": 1.736541206744237e-05,
            "steer": 0.0
        },
        {
            "throttle": 0.3660714602558224,
            "brake": 1.2155788447209659e-05,
            "steer": 0.0
        },
        {
            "throttle": 0.3871741154202405,
            "brake": 8.50905191304676e-06,
            "steer": 0.0
        },
        {
            "throttle": 0.4048258931596904,
            "brake": 5.956336339132732e-06,
            "steer": 0.0
        },
        {
            "throttle": 0.4186738461883809,
            "brake": 4.1694354373929114e-06,
            "steer": 0.0
        },
        {
            "throttle": 0.42844119194763464,
            "brake": 2.918604806175038e-06,
            "steer": 0.0
        },
        {
            "throttle": 0.433932712747231,
            "brake": 2.0430233643225262e-06,
            "steer": 0.0
        },
        {
            "throttle": 0.435038565149293,
            "brake": 1.4301163550257682e-06,
            "steer": 0.0
        },
        {
            "throttle": 0.4317364124197314,
            "brake": 1.0010814485180378e-06,
            "steer": 0.0
        },
        {
            "throttle": 0.42409183036602927,
            "brake": 7.007570139626264e-07,
            "steer": 0.0
        },
        {
            "throttle": 0.41225697343849604,
            "brake": 4.905299097738385e-07,
            "steer": 0.0
        },
        {
            "throttle": 0.39646752414426023,
            "brake": 3.433709368416869e-07,
            "steer": 0.0
        },
        {
            "throttle": 0.3770379840828426,
            "brake": 2.403596557891808e-07,
            "steer": 0.0
        },
        {
            "throttle": 0.35435539869267074,
            "brake": 1.6825175905242654e-07,
            "steer": 0.0
        },
        {
            "throttle": 0.3288716395215711,
            "brake": 1.1777623133669857e-07,
            "steer": 0.0
        },
        {
            "throttle": 0.30109439693570894,
            "brake": 8.244336193568899e-08,
            "steer": 0.0
        },
        {
            "throttle": 0.2715770621274899,
            "brake": 5.771035335498229e-08,
            "steer": 0.0
        },
        {
            "throttle": 0.24090769958933925,
            "brake": 4.03972473484876e-08,
            "steer": 0.0
        },
        {
            "throttle": 0.2096973294654678,
            "brake": 2.827807314394132e-08,
            "steer": 0.0
        },
        {
            "throttle": 0.17856775303021452,
            "brake": 1.9794651200758923e-08,
            "steer": 0.0
        },
        {
            "throttle": 0.14813916370488092,
            "brake": 1.3856255840531245e-08,
            "steer": 0.0
        },
        {
            "throttle": 0.11901779034038967,
            "brake": 9.69937908837187e-09,
            "steer": 0.0
        },
        {
            "throttle": 0.09178381888015094,
            "brake": 6.789565361860309e-09,
            "steer": 0.0
        },
        {
            "throttle": 0.06697983299224117,
            "brake": 4.752695753302216e-09,
            "steer": 0.0
        },
        {
            "throttle": 0.046885883094568814,
            "brake": 3.326887027311551e-09,
            "steer": 0.0
        },
        {
            "throttle": 0.03282011816619817,
            "brake": 2.3288209191180855e-09,
            "steer": 0.0
        },
        {
            "throttle": 0.022974082716338717,
            "brake": 1.6301746433826597e-09,
            "steer": 0.0
        },
        {
            "throttle": 0.0160818579014371,
            "brake": 1.1411222503678617e-09,
            "steer": 0.0
        },
        {
            "throttle": 0.01125730053100597,
            "brake": 7.987855752575031e-10,
            "steer": 0.0
        },
        {
            "throttle": 0.007880110371704179,
            "brake": 5.591499026802522e-10,
            "steer": 0.0
        },
        {
            "throttle": 0.005516077260192925,
            "brake": 3.914049318761765e-10,
            "steer": 0.0
        },
        {
            "throttle": 0.008853878192384292,
            "brake": 2.7398345231332353e-10,
            "steer": 0.0
        },
        {
            "throttle": 0.017410213899156535,
            "brake": 1.9178841661932647e-10,
            "steer": 0.0
        },
        {
            "throttle": 0.03067371631241895,
            "brake": 1.3425189163352852e-10,
            "steer": 0.0
        },
        {
            "throttle": 0.04814150581780134,
            "brake": 9.397632414346996e-11,
            "steer": 0.0
        },
        {
            "throttle": 0.06929852923421542,
            "brake": 6.578342690042897e-11,
            "steer": 0.0
        },
        {
            "throttle": 0.09360634461085608,
            "brake": 4.604839883030028e-11,
            "steer": 0.0
        },
        {
            "throttle": 0.12049881499856537,
            "brake": 3.223387918121019e-11,
            "steer": 0.0
        },
        {
            "throttle": 0.14938286408970639,
            "brake": 2.2563715426847132e-11,
            "steer": 0.0
        },
        {
            "throttle": 0.17964292564236375,
            "brake": 1.5794600798792993e-11,
            "steer": 0.0
        },
        {
            "throttle": 0.2106480509219061,
            "brake": 1.1056220559155094e-11,
            "steer": 0.0
        },
        {
            "throttle": 0.24176086957319876,
            "brake": 7.739354391408566e-12,
            "steer": 0.0
        },
        {
            "throttle": 0.27234776130600136,
            "brake": 5.417548073985996e-12,
            "steer": 0.0
        },
        {
            "throttle": 0.3017897108796728,
            "brake": 3.792283651790197e-12,
            "steer": 0.0
        },
        {
            "throttle": 0.3294934027185825,
            "brake": 2.6545985562531377e-12,
            "steer": 0.0
        },
        {
            "throttle": 0.354902174936533,
            "brake": 1.8582189893771963e-12,
            "steer": 0.0
        },
        {
            "throttle": 0.3775065031042866,
            "brake": 1.3007532925640372e-12,
            "steer": 0.0
        },
        {
            "throttle": 0.3968537268915956,
            "brake": 9.10527304794826e-13,
            "steer": 0.0
        },
        {
            "throttle": 0.41255677119926126,
            "brake": 6.373691133563781e-13,
            "steer": 0.0
        },
        {
            "throttle": 0.42430164980951035,
            "brake": 4.4615837934946466e-13,
            "steer": 0.0
        },
        {
            "throttle": 0.4318535753049023,
            "brake": 3.1231086554462525e-13,
            "steer": 0.0
        },
        {
            "throttle": 0.43506153479957826,
            "brake": 2.1861760588123766e-13,
            "steer": 0.0
        },
        {
            "throttle": 0.4338612272107349,
            "brake": 1.5303232411686634e-13,
            "steer": 0.0
        },
        {
            "throttle": 0.42827629437421344,
            "brake": 1.0712262688180642e-13,
            "steer": 0.0
        },
        {
            "throttle": 0.4184178150529769,
            "brake": 7.498583881726449e-14,
            "steer": 0.0
        },
        {
            "throttle": 0.404482067422879,
            "brake": 5.2490087172085137e-14,
            "steer": 0.0
        },
        {
            "throttle": 0.38674660146638457,
            "brake": 3.6743061020459594e-14,
            "steer": 0.0
        },
        {
            "throttle": 0.36556469732104013,
            "brake": 2.5720142714321715e-14,
            "steer": 0.0
        },
        {
            "throttle": 0.3413583184472614,
            "brake": 1.80040999000252e-14,
            "steer": 0.0
        },
        {
            "throttle": 0.3146096989305635,
            "brake": 1.2602869930017638e-14,
            "steer": 0.0
        }
    ],
    "parameters": {
        "fog_density": 67.39917192868907,
        "precipitation": 22.467090919942567,
        "precipitation_deposits": 44.34066264453153,
        "wind_intensity": 25.87736413120027,
        "sun_altitude_angle": 30.491847752406947,
        "cloudiness": 50.1291106368855,
        "lead_base_throttle": 0.21375190091851903,
        "lead_behavior_frequency": 0.2248328475680495,
        "lead_throttle_variation": 0.23795650661540937,
        "lead_brake_probability": 0.03351090775411608,
        "lead_brake_intensity": 0.7704844359146524,
        "lead_brake_duration": 28.576001701576505,
        "initial_distance": 77.58416361425512,
        "initial_ego_velocity": 10.247018504999176,
        "initial_lead_velocity": 6.751530027077712
    },
    "config": {
        "num_timesteps": 200,
        "dt": 0.1,
        "seed": 207
    }
}