{
    "weather": {
        "cloudiness": 57.817185869704915,
        "precipitation": 27.766682067090542,
        "precipitation_deposits": 68.0644624726868,
        "wind_intensity": 24.767765803842234,
        "sun_altitude_angle": -27.845875298857294,
        "fog_density": 78.30353836921228,
        "fog_distance": 73.52587119565655,
        "wetness": 13.883341033545271
    },
    "initial_conditions": {
        "ego": {
            "position": {
                "x": 502.95578056600715,
                "y": 20.57,
                "z": 0.294
            },
            "yaw": 0.0,
            "velocity": 5.082478652011689
        },
        "lead": {
            "position": {
                "x": 484.88,
                "y": 20.57,
                "z": 0.294
            },
            "yaw": 0.0,
            "velocity": 10.276181661748765
        }
    },
    "ego": {
        "position": {
            "x": 502.95578056600715,
            "y": 20.57,
            "z": 0.294
        },
        "yaw": 0.0,
        "velocity": 5.082478652011689
    },
    "lead": {
        "position": {
            "x": 484.88,
            "y": 20.57,
            "z": 0.294
        },
        "yaw": 0.0,
        "velocity": 10.276181661748765
    },
    "ado_actions": [
        {
            "throttle": 0.4855638454265824,
            "brake": 0.0,
            "steer": 0.0
        },
        {
            "throttle": 0.49411017226143383,
            "brake": 0.0,
            "steer": 0.0
        },
        {
            "throttle": 0.5085698710710084,
            "brake": 0.0,
            "steer": 0.0
        },
        {
            "throttle": 0.5270313746426757,
            "brake": 0.0,
            "steer": 0.0
        },
        {
            "throttle": 0.36892196224987295,
            "brake": 0.19875301334840378,
            "steer": 0.0
        },
        {
            "throttle": 0.25824537357491106,
            "brake": 0.3378801226922864,
            "steer": 0.0
        },
        {
            "throttle": 0.18077176150243773,
            "brake": 0.4352690992330043,
            "steer": 0.0
        },
        {
            "throttle": 0.12654023305170642,
            "brake": 0.5034413828115067,
            "steer": 0.0
        },
        {
            "throttle": 0.08857816313619449,
            "brake": 0.5511619813164585,
            "steer": 0.0
        },
        {
            "throttle": 0.06200471419533614,
            "brake": 0.5845664002699247,
            "steer": 0.0
        },
        {
            "throttle": 0.04340329993673529,
            "brake": 0.6079494935373511,
            "steer": 0.0
        },
        {
            "throttle": 0.0303823099557147,
            "brake": 0.6243176588245495,
            "steer": 0.0
        },
        {
            "throttle": 0.02126761696900029,
            "brake": 0.6357753745255884,
            "steer": 0.0
        },
        {
            "throttle": 0.248147022780569,
            "brake": 0.44504276216791183,
            "steer": 0.0
        },
        {
            "throttle": 0.409951199293825,
            "brake": 0.31152993351753827,
            "steer": 0.0
        },
        {
            "throttle": 0.5254708095518219,
            "brake": 0.21807095346227678,
            "steer": 0.0
        },
        {
            "throttle": 0.6078410829989828,
            "brake": 0.15264966742359373,
            "steer": 0.0
        },
        {
            "throttle": 0.6662445069138361,
            "brake": 0.10685476719651561,
            "steer": 0.0
        },
        {
            "throttle": 0.7071028087760027,
            "brake": 0.07479833703756092,
            "steer": 0.0
        },
        {
            "throttle": 0.7349113925148504,
            "brake": 0.05235883592629264,
            "steer": 0.0
        },
        {
            "throttle": 0.7528234423103699,
            "brake": 0.03665118514840485,
            "steer": 0.0
        },
        {
            "throttle": 0.7630587435283757,
            "brake": 0.025655829603883393,
            "steer": 0.0
        },
        {
            "throttle": 0.7671897559154545,
            "brake": 0.017959080722718374,
            "steer": 0.0
        },
        {
            "throttle": 0.7663417144612871,
            "brake": 0.01257135650590286,
            "steer": 0.0
        },
        {
            "throttle": 0.7613325019287451,
            "brake": 0.008799949554132002,
            "steer": 0.0
        },
        {
            "throttle": 0.752770315452536,
            "brake": 0.0061599646878924014,
            "steer": 0.0
        },
        {
            "throttle": 0.7411217448599223,
            "brake": 0.00431197528152468,
            "steer": 0.0
        },
        {
            "throttle": 0.7267590974005185,
            "brake": 0.003018382697067276,
            "steer": 0.0
        },
        {
            "throttle": 0.7099931558333268,
            "brake": 0.002112867887947093,
            "steer": 0.0
        },
        {
            "throttle": 0.6910957037181651,
            "brake": 0.001479007521562965,
            "steer": 0.0
        },
        {
            "throttle": 0.6703148548799925,
            "brake": 0.0010353052650940754,
            "steer": 0.0
        },
        {
            "throttle": 0.6478853164651948,
            "brake": 0.0007247136855658528,
            "steer": 0.0
        },
        {
            "throttle": 0.6240350799612628,
            "brake": 0.0005072995798960969,
            "steer": 0.0
        },
        {
            "throttle": 0.5989895902244198,
            "brake": 0.0003551097059272678,
            "steer": 0.0
        },
        {
            "throttle": 0.5729741317051971,
            "brake": 0.00024857679414908745,
            "steer": 0.0
        },
        {
            "throttle": 0.5462149536044352,
            "brake": 0.0001740037559043612,
            "steer": 0.0
        },
        {
            "throttle": 0.5189395035778305,
            "brake": 0.00012180262913305283,
            "steer": 0.0
        },
        {
            "throttle": 0.49137603319742484,
            "brake": 8.526184039313698e-05,
            "steer": 0.0
        },
        {
            "throttle": 0.46375276392578113,
            "brake": 5.968328827519588e-05,
            "steer": 0.0
        },
        {
            "throttle": 0.43629675023944803,
            "brake": 4.177830179263712e-05,
            "steer": 0.0
        },
        {
            "throttle": 0.4092325400162079,
            "brake": 2.924481125484598e-05,
            "steer": 0.0
        },
        {
            "throttle": 0.3827807066603107,
            "brake": 2.0471367878392186e-05,
            "steer": 0.0
        },
        {
            "throttle": 0.3571563093813676,
            "brake": 1.432995751487453e-05,
            "steer": 0.0
        },
        {
            "throttle": 0.33256732525667265,
            "brake": 1.0030970260412169e-05,
            "steer": 0.0
        },
        {
            "throttle": 0.30921308757820687,
            "brake": 7.021679182288518e-06,
            "steer": 0.0
        },
        {
            "throttle": 0.287282758385238,
            "brake": 4.9151754276019625e-06,
            "steer": 0.0
        },
        {
            "throttle": 0.26695385822250983,
            "brake": 3.4406227993213736e-06,
            "steer": 0.0
        },
        {
            "throttle": 0.2483908724923315,
            "brake": 2.408435959524961e-06,
            "steer": 0.0
        },
        {
            "throttle": 0.23174395090347671,
            "brake": 1.6859051716674726e-06,
            "steer": 0.0
        },
        {
            "throttle": 0.21714771419500697,
            "brake": 1.1801336201672307e-06,
            "steer": 0.0
        },
        {
            "throttle": 0.20472018034553285,
            "brake": 8.260935341170614e-07,
            "steer": 0.0
        },
        {
            "throttle": 0.1945618207424039,
            "brake": 5.782654738819429e-07,
            "steer": 0.0
        },
        {
            "throttle": 0.18675475519581822,
            "brake": 4.0478583171736e-07,
            "steer": 0.0
        },
        {
            "throttle": 0.1813620931833658,
            "brake": 2.8335008220215197e-07,
            "steer": 0.0
        },
        {
            "throttle": 0.17842742726463837,
            "brake": 1.9834505754150638e-07,
            "steer": 0.0
        },
        {
            "throttle": 0.1779744831909501,
            "brake": 1.3884154027905447e-07,
            "steer": 0.0
        },
        {
            "throttle": 0.18000692983956554,
            "brake": 9.718907819533812e-08,
            "steer": 0.0
        },
        {
            "throttle": 0.18450835071974853,
            "brake": 6.803235473673668e-08,
            "steer": 0.0
        },
        {
            "throttle": 0.19144237742894007,
            "brake": 4.762264831571567e-08,
            "steer": 0.0
        },
        {
            "throttle": 0.20075298408434833,
            "brake": 3.333585382100097e-08,
            "steer": 0.0
        },
        {
            "throttle": 0.2123649404234121,
            "brake": 2.3335097674700678e-08,
            "steer": 0.0
        },
        {
            "throttle": 0.22618441996274063,
            "brake": 1.6334568372290474e-08,
            "steer": 0.0
        },
        {
            "throttle": 0.24209975833698044,
            "brake": 1.1434197860603332e-08,
            "steer": 0.0
        },
        {
            "throttle": 0.25998235571489625,
            "brake": 8.003938502422331e-09,
            "steer": 0.0
        },
        {
            "throttle": 0.27968771601830067,
            "brake": 5.602756951695631e-09,
            "steer": 0.0
        },
        {
            "throttle": 0.3010566145588363,
            "brake": 3.921929866186941e-09,
            "steer": 0.0
        },
        {
            "throttle": 0.32391638466629974,
            "brake": 2.7453509063308588e-09,
            "steer": 0.0
        },
        {
            "throttle": 0.34808231291815134,
            "brake": 1.921745634431601e-09,
            "steer": 0.0
        },
        {
            "throttle": 0.3733591317005337,
            "brake": 1.3452219441021208e-09,
            "steer": 0.0
        },
        {
            "throttle": 0.3995425970433967,
            "brake": 9.416553608714845e-10,
            "steer": 0.0
        },
        {
            "throttle": 0.4264211389824139,
            "brake": 6.591587526100391e-10,
            "steer": 0.0
        },
        {
            "throttle": 0.45377757111371786,
            "brake": 4.6141112682702733e-10,
            "steer": 0.0
        },
        {
            "throttle": 0.4813908455287593,
            "brake": 3.229877887789191e-10,
            "steer": 0.0
        },
        {
            "throttle": 0.5090378389496092,
            "brake": 2.2609145214524335e-10,
            "steer": 0.0
        },
        {
            "throttle": 0.5364951556327004,
            "brake": 1.5826401650167033e-10,
            "steer": 0.0
        },
        {
            "throttle": 0.5635409324733688,
            "brake": 1.1078481155116922e-10,
            "steer": 0.0
        },
        {
            "throttle": 0.5899566317256617,
            "brake": 7.754936808581845e-11,
            "steer": 0.0
        },
        {
            "throttle": 0.6155288068518865,
            "brake": 5.428455766007291e-11,
            "steer": 0.0
        },
        {
            "throttle": 0.6400508272334382,
            "brake": 3.799919036205104e-11,
            "steer": 0.0
        },
        {
            "throttle": 0.6633245478068223,
            "brake": 2.6599433253435725e-11,
            "steer": 0.0
        },
        {
            "throttle": 0.6851619101337868,
            "brake": 1.8619603277405006e-11,
            "steer": 0.0
        },
        {
            "throttle": 0.70538646196849,
            "brake": 1.3033722294183503e-11,
            "steer": 0.0
        },
        {
            "throttle": 0.7238347830431869,
            "brake": 9.12360560592845e-12,
            "steer": 0.0
        },
        {
            "throttle": 0.7403578055516926,
            "brake": 6.386523924149915e-12,
            "steer": 0.0
        },
        {
            "throttle": 0.7548220186607426,
            "brake": 4.470566746904941e-12,
            "steer": 0.0
        },
        {
            "throttle": 0.7671105473164597,
            "brake": 3.129396722833458e-12,
            "steer": 0.0
        },
        {
            "throttle": 0.777124096628862,
            "brake": 2.1905777059834207e-12,
            "steer": 0.0
        },
        {
            "throttle": 0.784781754203517,
            "brake": 1.5334043941883944e-12,
            "steer": 0.0
        },
        {
            "throttle": 0.79002164393727,
            "brake": 1.073383075931876e-12,
            "steer": 0.0
        },
        {
            "throttle": 0.7928014259951893,
            "brake": 7.513681531523132e-13,
            "steer": 0.0
        },
        {
            "throttle": 0.7930986389287717,
            "brake": 5.259577072066192e-13,
            "steer": 0.0
        },
        {
            "throttle": 0.790910881170994,
            "brake": 3.6817039504463344e-13,
            "steer": 0.0
        },
        {
            "throttle": 0.7862558304416778,
            "brake": 2.577192765312434e-13,
            "steer": 0.0
        },
        {
            "throttle": 0.7791711009063693,
            "brake": 1.8040349357187038e-13,
            "steer": 0.0
        },
        {
            "throttle": 0.7697139392429286,
            "brake": 1.2628244550030924e-13,
            "steer": 0.0
        },
        {
            "throttle": 0.7579607620717039,
            "brake": 8.839771185021647e-14,
            "steer": 0.0
        },
        {
            "throttle": 0.7440065384869855,
            "brake": 6.187839829515152e-14,
            "steer": 0.0
        },
        {
            "throttle": 0.727964022679068,
            "brake": 4.331487880660606e-14,
            "steer": 0.0
        },
        {
            "throttle": 0.709962842847558,
            "brake": 3.032041516462424e-14,
            "steer": 0.0
        },
        {
            "throttle": 0.6901484537677701,
            "brake": 2.1224290615236966e-14,
            "steer": 0.0
        },
        {
            "throttle": 0.6686809614737849,
            "brake": 1.4857003430665875e-14,
            "steer": 0.0
        },
        {
            "throttle": 0.6457338295550668,
            "brake": 1.0399902401466113e-14,
            "steer": 0.0
        },
        {
            "throttle": 0.621492477520146,
            "brake": 7.279931681026278e-15,
            "steer": 0.0
        },
        {
            "throttle": 0.5961527825529926,
            "brake": 5.095952176718394e-15,
            "steer": 0.0
        },
        {
            "throttle": 0.5699194967683264,
            "brake": 3.567166523702876e-15,
            "steer": 0.0
        },
        {
            "throttle": 0.5430045927549025,
            "brake": 2.4970165665920127e-15,
            "steer": 0.0
        },
        {
            "throttle": 0.5156255507752643,
            "brake": 1.7479115966144087e-15,
            "steer": 0.0
        },
        {
            "throttle": 0.4880036014618873,
            "brake": 1.223538117630086e-15,
            "steer": 0.0
        },
        {
            "throttle": 0.4603619382092432,
            "brake": 8.564766823410602e-16,
            "steer": 0.0
        },
        {
            "throttle": 0.43292391370617356,
            "brake": 5.995336776387421e-16,
            "steer": 0.0
        },
        {
            "throttle": 0.4059112351811202,
            "brake": 4.1967357434711946e-16,
            "steer": 0.0
        },
        {
            "throttle": 0.37954217294315395,
            "brake": 2.937715020429836e-16,
            "steer": 0.0
        },
        {
            "throttle": 0.354029796694313,
            "brake": 2.056400514300885e-16,
            "steer": 0.0
        },
        {
            "throttle": 0.3295802538643609,
            "brake": 1.4394803600106194e-16,
            "steer": 0.0
        },
        {
            "throttle": 0.30639110387951984,
            "brake": 1.0076362520074334e-16,
            "steer": 0.0
        },
        {
            "throttle": 0.284649721824774,
            "brake": 7.053453764052034e-17,
            "steer": 0.0
        },
        {
            "throttle": 0.26453178439861563,
            "brake": 4.937417634836423e-17,
            "steer": 0.0
        },
        {
            "throttle": 0.24619985039416115,
            "brake": 3.456192344385496e-17,
            "steer": 0.0
        },
        {
            "throttle": 0.22980204717676267,
            "brake": 2.419334641069847e-17,
            "steer": 0.0
        },
        {
            "throttle": 0.21547087377175841,
            "brake": 1.693534248748893e-17,
            "steer": 0.0
        },
        {
            "throttle": 0.20332213023376186,
            "brake": 1.185473974124225e-17,
            "steer": 0.0
        },
        {
            "throttle": 0.1934539819484974,
            "brake": 8.298317818869574e-18,
            "steer": 0.0
        },
        {
            "throttle": 0.18594616642789605,
            "brake": 5.808822473208701e-18,
            "steer": 0.0
        },
        {
            "throttle": 0.18085934900777814,
            "brake": 4.066175731246091e-18,
            "steer": 0.0
        },
        {
            "throttle": 0.17823463265427292,
            "brake": 2.8463230118722634e-18,
            "steer": 0.0
        },
        {
            "throttle": 0.17809322583988238,
            "brake": 1.992426108310584e-18,
            "steer": 0.0
        },
        {
            "throttle": 0.18043627117284702,
            "brake": 1.3946982758174087e-18,
            "steer": 0.0
        },
        {
            "throttle": 0.1852448361645387,
            "brake": 9.76288793072186e-19,
            "steer": 0.0
        },
        {
            "throttle": 0.192480066209482,
            "brake": 6.834021551505302e-19,
            "steer": 0.0
        },
        {
            "throttle": 0.2020834985418818,
            "brake": 4.783815086053711e-19,
            "steer": 0.0
        },
        {
            "throttle": 0.21397753463179636,
            "brake": 3.3486705602375977e-19,
            "steer": 0.0
        },
        {
            "throttle": 0.2280660672038573,
            "brake": 2.3440693921663183e-19,
            "steer": 0.0
        },
        {
            "throttle": 0.24423525681204292,
            "brake": 1.6408485745164226e-19,
            "steer": 0.0
        },
        {
            "throttle": 0.2623544516955537,
            "brake": 1.1485940021614959e-19,
            "steer": 0.0
        },
        {
            "throttle": 0.2822772434830885,
            "brake": 8.04015801513047e-20,
            "steer": 0.0
        },
        {
            "throttle": 0.3038426502151209,
            "brake": 5.628110610591329e-20,
            "steer": 0.0
        },
        {
            "throttle": 0.3268764171250133,
            "brake": 3.93967742741393e-20,
            "steer": 0.0
        },
        {
            "throttle": 0.35119242466827777,
            "brake": 2.757774199189751e-20,
            "steer": 0.0
        },
        {
            "throttle": 0.37659419242269626,
            "brake": 1.9304419394328257e-20,
            "steer": 0.0
        },
        {
            "throttle": 0.40287646670735155,
            "brake": 1.3513093576029778e-20,
            "steer": 0.0
        },
        {
            "throttle": 0.42982687909214246,
            "brake": 9.459165503220844e-21,
            "steer": 0.0
        },
        {
            "throttle": 0.4572276623965444,
            "brake": 6.6214158522545905e-21,
            "steer": 0.0
        },
        {
            "throttle": 0.4848574103118464,
            "brake": 4.634991096578213e-21,
            "steer": 0.0
        },
        {
            "throttle": 0.5124928664286024,
            "brake": 3.2444937676047493e-21,
            "steer": 0.0
        },
        {
            "throttle": 0.5399107282134361,
            "brake": 2.2711456373233245e-21,
            "steer": 0.0
        },
        {
            "throttle": 0.5668894513585412,
            "brake": 1.589801946126327e-21,
            "steer": 0.0
        },
        {
            "throttle": 0.593211039924205,
            "brake": 1.1128613622884289e-21,
            "steer": 0.0
        },
        {
            "throttle": 0.6186628078094869,
            "brake": 7.790029536019002e-22,
            "steer": 0.0
        },
        {
            "throttle": 0.6430390973178512,
            "brake": 5.453020675213301e-22,
            "steer": 0.0
        },
        {
            "throttle": 0.6661429409312468,
            "brake": 3.8171144726493107e-22,
            "steer": 0.0
        },
        {
            "throttle": 0.6877876528650138,
            "brake": 2.6719801308545175e-22,
            "steer": 0.0
        },
        {
            "throttle": 0.7077983375433893,
            "brake": 1.8703860915981622e-22,
            "steer": 0.0
        },
        {
            "throttle": 0.726013302806693,
            "brake": 1.3092702641187135e-22,
            "steer": 0.0
        },
        {
            "throttle": 0.7422853664310647,
            "brake": 9.164891848830994e-23,
            "steer": 0.0
        },
        {
            "throttle": 0.7564830454036957,
            "brake": 6.415424294181696e-23,
            "steer": 0.0
        },
        {
            "throttle": 0.7684916183438619,
            "brake": 4.4907970059271867e-23,
            "steer": 0.0
        },
        {
            "throttle": 0.7782140524850899,
            "brake": 3.14355790414903e-23,
            "steer": 0.0
        },
        {
            "throttle": 0.7855717877281669,
            "brake": 2.200490532904321e-23,
            "steer": 0.0
        },
        {
            "throttle": 0.7905053714296212,
            "brake": 1.5403433730330247e-23,
            "steer": 0.0
        },
        {
            "throttle": 0.7929749387963948,
            "brake": 1.0782403611231172e-23,
            "steer": 0.0
        },
        {
            "throttle": 0.7929605350049809,
            "brake": 7.54768252786182e-24,
            "steer": 0.0
        },
        {
            "throttle": 0.7904622764422085,
            "brake": 5.283377769503273e-24,
            "steer": 0.0
        },
        {
            "throttle": 0.7855003497648037,
            "brake": 3.698364438652291e-24,
            "steer": 0.0
        },
        {
            "throttle": 0.7781148487853242,
            "brake": 2.5888551070566036e-24,
            "steer": 0.0
        },
        {
            "throttle": 0.7683654505024778,
            "brake": 1.8121985749396224e-24,
            "steer": 0.0
        },
        {
            "throttle": 0.7563309328935938,
            "brake": 1.2685390024577356e-24,
            "steer": 0.0
        },
        {
            "throttle": 0.7421085383656246,
            "brake": 8.879773017204148e-25,
            "steer": 0.0
        },
        {
            "throttle": 0.7258131880081788,
            "brake": 6.215841112042903e-25,
            "steer": 0.0
        },
        {
            "throttle": 0.7075765529976503,
            "brake": 4.351088778430032e-25,
            "steer": 0.0
        },
        {
            "throttle": 0.6875459906557672,
            "brake": 3.045762144901022e-25,
            "steer": 0.0
        },
        {
            "throttle": 0.6658833537595197,
            "brake": 2.1320335014307153e-25,
            "steer": 0.0
        },
        {
            "throttle": 0.6427636827235874,
            "brake": 1.4924234510015006e-25,
            "steer": 0.0
        },
        {
            "throttle": 0.618373791222814,
            "brake": 1.0446964157010503e-25,
            "steer": 0.0
        },
        {
            "throttle": 0.5929107566833102,
            "brake": 7.312874909907352e-26,
            "steer": 0.0
        },
        {
            "throttle": 0.5665803278394588,
            "brake": 5.119012436935146e-26,
            "steer": 0.0
        },
        {
            "throttle": 0.5395952622242228,
            "brake": 3.583308705854602e-26,
            "steer": 0.0
        },
        {
            "throttle": 0.5121736070263205,
            "brake": 2.508316094098221e-26,
            "steer": 0.0
        },
        {
            "throttle": 0.4845369372054408,
            "brake": 1.7558212658687546e-26,
            "steer": 0.0
        },
        {
            "throttle": 0.45690856510204214,
            "brake": 1.2290748861081281e-26,
            "steer": 0.0
        },
        {
            "throttle": 0.42951173600861015,
            "brake": 8.603524202756896e-27,
            "steer": 0.0
        },
        {
            "throttle": 0.4025678242826797,
            "brake": 6.022466941929827e-27,
            "steer": 0.0
        },
        {
            "throttle": 0.37629454457755857,
            "brake": 4.215726859350879e-27,
            "steer": 0.0
        },
        {
            "throttle": 0.350904192644526,
            "brake": 2.951008801545615e-27,
            "steer": 0.0
        },
        {
            "throttle": 0.32660192992133796,
            "brake": 2.0657061610819303e-27,
            "steer": 0.0
        },
        {
            "throttle": 0.30358412576806326,
            "brake": 1.4459943127573512e-27,
            "steer": 0.0
        },
        {
            "throttle": 0.282036770745468,
            "brake": 1.0121960189301458e-27,
            "steer": 0.0
        },
        {
            "throttle": 0.2621339737571205,
            "brake": 7.0853721325110195e-28,
            "steer": 0.0
        },
        {
            "throttle": 0.24403655519874679,
            "brake": 4.959760492757714e-28,
            "steer": 0.0
        },
        {
            "throttle": 0.22789074748259938,
            "brake": 3.4718323449303995e-28,
            "steer": 0.0
        },
        {
            "throttle": 0.21382701343698068,
            "brake": 2.4302826414512794e-28,
            "steer": 0.0
        },
        {
            "throttle": 0.20195899212859708,
            "brake": 1.7011978490158955e-28,
            "steer": 0.0
        },
        {
            "throttle": 0.19238258062580624,
            "brake": 1.1908384943111267e-28,
            "steer": 0.0
        },
        {
            "throttle": 0.18517515912237772,
            "brake": 8.335869460177886e-29,
            "steer": 0.0
        },
        {
            "throttle": 0.1803949656829928,
            "brake": 5.83510862212452e-29,
            "steer": 0.0
        },
        {
            "throttle": 0.17808062566272187,
            "brake": 4.0845760354871636e-29,
            "steer": 0.0
        },
        {
            "throttle": 0.1782508396029071,
            "brake": 2.8592032248410144e-29,
            "steer": 0.0
        },
        {
            "throttle": 0.18090423212534246,
            "brake": 2.0014422573887098e-29,
            "steer": 0.0
        },
        {
            "throttle": 0.1860193630457299,
            "brake": 1.401009580172097e-29,
            "steer": 0.0
        },
        {
            "throttle": 0.19355490061661257,
            "brake": 9.807067061204677e-30,
            "steer": 0.0
        },
        {
            "throttle": 0.20344995549993067,
            "brake": 6.864946942843274e-30,
            "steer": 0.0
        }
    ],
    "parameters": {
        "fog_density": 78.30353836921228,
        "precipitation": 27.766682067090542,
        "precipitation_deposits": 68.0644624726868,
        "wind_intensity": 24.767765803842234,
        "sun_altitude_angle": -27.845875298857294,
        "cloudiness": 57.817185869704915,
        "lead_base_throttle": 0.4855638454265824,
        "lead_behavior_frequency": 0.14311328957692593,
        "lead_throttle_variation": 0.3172369990360225,
        "lead_brake_probability": 0.04392766883179389,
        "lead_brake_intensity": 0.6625100444946793,
        "lead_brake_duration": 9.524541287541489,
        "initial_distance": 18.07578056600714,
        "initial_ego_velocity": 5.082478652011689,
        "initial_lead_velocity": 10.276181661748765
    },
    "config": {
        "num_timesteps": 200,
        "dt": 0.1,
        "seed": 116
    }
}