{
    "weather": {
        "cloudiness": 38.01102695607915,
        "precipitation": 39.5762542841611,
        "precipitation_deposits": 91.18964794864787,
        "wind_intensity": 19.231171615429815,
        "sun_altitude_angle": 19.3309680511259,
        "fog_density": 25.535801665059257,
        "fog_distance": 426.9051639770978,
        "wetness": 19.78812714208055
    },
    "initial_conditions": {
        "ego": {
            "position": {
                "x": 557.1434553833055,
                "y": 20.57,
                "z": 0.294
            },
            "yaw": 0.0,
            "velocity": 17.540294991948983
        },
        "lead": {
            "position": {
                "x": 484.88,
                "y": 20.57,
                "z": 0.294
            },
            "yaw": 0.0,
            "velocity": 17.180946342566266
        }
    },
    "ego": {
        "position": {
            "x": 557.1434553833055,
            "y": 20.57,
            "z": 0.294
        },
        "yaw": 0.0,
        "velocity": 17.540294991948983
    },
    "lead": {
        "position": {
            "x": 484.88,
            "y": 20.57,
            "z": 0.294
        },
        "yaw": 0.0,
        "velocity": 17.180946342566266
    },
    "ado_actions": [
        {
            "throttle": 0.5838187635108637,
            "brake": 0.0,
            "steer": 0.0
        },
        {
            "throttle": 0.5960315605258389,
            "brake": 0.0,
            "steer": 0.0
        },
        {
            "throttle": 0.6163931268430742,
            "brake": 0.0,
            "steer": 0.0
        },
        {
            "throttle": 0.6416715678251316,
            "brake": 0.0,
            "steer": 0.0
        },
        {
            "throttle": 0.6692432790280884,
            "brake": 0.0,
            "steer": 0.0
        },
        {
            "throttle": 0.6969480945386921,
            "brake": 0.0,
            "steer": 0.0
        },
        {
            "throttle": 0.7229984959291245,
            "brake": 0.0,
            "steer": 0.0
        },
        {
            "throttle": 0.7459250829002135,
            "brake": 0.0,
            "steer": 0.0
        },
        {
            "throttle": 0.7645455506522015,
            "brake": 0.0,
            "steer": 0.0
        },
        {
            "throttle": 0.7779480112875756,
            "brake": 0.0,
            "steer": 0.0
        },
        {
            "throttle": 0.7854820802988625,
            "brake": 0.0,
            "steer": 0.0
        },
        {
            "throttle": 0.7867530323894663,
            "brake": 0.0,
            "steer": 0.0
        },
        {
            "throttle": 0.7816157266487039,
            "brake": 0.0,
            "steer": 0.0
        },
        {
            "throttle": 0.7701660561042117,
            "brake": 0.0,
            "steer": 0.0
        },
        {
            "throttle": 0.7527284910069921,
            "brake": 0.0,
            "steer": 0.0
        },
        {
            "throttle": 0.7298389264525079,
            "brake": 0.0,
            "steer": 0.0
        },
        {
            "throttle": 0.7022225580819899,
            "brake": 0.0,
            "steer": 0.0
        },
        {
            "throttle": 0.670766924019219,
            "brake": 0.0,
            "steer": 0.0
        },
        {
            "throttle": 0.6364905856346653,
            "brake": 0.0,
            "steer": 0.0
        },
        {
            "throttle": 0.600508185866416,
            "brake": 0.0,
            "steer": 0.0
        },
        {
            "throttle": 0.5639928287889895,
            "brake": 0.0,
            "steer": 0.0
        },
        {
            "throttle": 0.5281368722814821,
            "brake": 0.0,
            "steer": 0.0
        },
        {
            "throttle": 0.4941123199141657,
            "brake": 0.0,
            "steer": 0.0
        },
        {
            "throttle": 0.4630320408931641,
            "brake": 0.0,
            "steer": 0.0
        },
        {
            "throttle": 0.4359130404804404,
            "brake": 0.0,
            "steer": 0.0
        },
        {
            "throttle": 0.41364295061438827,
            "brake": 0.0,
            "steer": 0.0
        },
        {
            "throttle": 0.39695081508545216,
            "brake": 0.0,
            "steer": 0.0
        },
        {
            "throttle": 0.38638311000134684,
            "brake": 0.0,
            "steer": 0.0
        },
        {
            "throttle": 0.3822857736994214,
            "brake": 0.0,
            "steer": 0.0
        },
        {
            "throttle": 0.38479282682727184,
            "brake": 0.0,
            "steer": 0.0
        },
        {
            "throttle": 0.39382194980292445,
            "brake": 0.0,
            "steer": 0.0
        },
        {
            "throttle": 0.4090771585923545,
            "brake": 0.0,
            "steer": 0.0
        },
        {
            "throttle": 0.43005848833860205,
            "brake": 0.0,
            "steer": 0.0
        },
        {
            "throttle": 0.45607836557943116,
            "brake": 0.0,
            "steer": 0.0
        },
        {
            "throttle": 0.4862841312040323,
            "brake": 0.0,
            "steer": 0.0
        },
        {
            "throttle": 0.519685975161547,
            "brake": 0.0,
            "steer": 0.0
        },
        {
            "throttle": 0.5551893668887249,
            "brake": 0.0,
            "steer": 0.0
        },
        {
            "throttle": 0.5916309183090893,
            "brake": 0.0,
            "steer": 0.0
        },
        {
            "throttle": 0.6278165039180467,
            "brake": 0.0,
            "steer": 0.0
        },
        {
            "throttle": 0.6625603886065676,
            "brake": 0.0,
            "steer": 0.0
        },
        {
            "throttle": 0.6947240809233514,
            "brake": 0.0,
            "steer": 0.0
        },
        {
            "throttle": 0.7232536385203867,
            "brake": 0.0,
            "steer": 0.0
        },
        {
            "throttle": 0.7472142032793652,
            "brake": 0.0,
            "steer": 0.0
        },
        {
            "throttle": 0.7658206344177552,
            "brake": 0.0,
            "steer": 0.0
        },
        {
            "throttle": 0.7784632357511679,
            "brake": 0.0,
            "steer": 0.0
        },
        {
            "throttle": 0.7847277340547751,
            "brake": 0.0,
            "steer": 0.0
        },
        {
            "throttle": 0.7844088538544651,
            "brake": 0.0,
            "steer": 0.0
        },
        {
            "throttle": 0.7775170438161161,
            "brake": 0.0,
            "steer": 0.0
        },
        {
            "throttle": 0.7642781343135837,
            "brake": 0.0,
            "steer": 0.0
        },
        {
            "throttle": 0.7451259373897224,
            "brake": 0.0,
            "steer": 0.0
        },
        {
            "throttle": 0.5215881561728056,
            "brake": 0.04780188874780826,
            "steer": 0.0
        },
        {
            "throttle": 0.36511170932096393,
            "brake": 0.08126321087127404,
            "steer": 0.0
        },
        {
            "throttle": 0.25557819652467473,
            "brake": 0.10468613635770008,
            "steer": 0.0
        },
        {
            "throttle": 0.1789047375672723,
            "brake": 0.12108218419819831,
            "steer": 0.0
        },
        {
            "throttle": 0.12523331629709059,
            "brake": 0.13255941768654708,
            "steer": 0.0
        },
        {
            "throttle": 0.0876633214079634,
            "brake": 0.1405934811283912,
            "steer": 0.0
        },
        {
            "throttle": 0.06136432498557438,
            "brake": 0.1462173255376821,
            "steer": 0.0
        },
        {
            "throttle": 0.04295502748990206,
            "brake": 0.15015401662418573,
            "steer": 0.0
        },
        {
            "throttle": 0.03006851924293144,
            "brake": 0.15290970038473828,
            "steer": 0.0
        },
        {
            "throttle": 0.021047963470052007,
            "brake": 0.15483867901712506,
            "steer": 0.0
        },
        {
            "throttle": 0.1226177237912139,
            "brake": 0.10838707531198753,
            "steer": 0.0
        },
        {
            "throttle": 0.19336219052593406,
            "brake": 0.07587095271839127,
            "steer": 0.0
        },
        {
            "throttle": 0.24474458596920873,
            "brake": 0.05310966690287389,
            "steer": 0.0
        },
        {
            "throttle": 0.2847281757232585,
            "brake": 0.037176766832011716,
            "steer": 0.0
        },
        {
            "throttle": 0.31875565238095666,
            "brake": 0.0260237367824082,
            "steer": 0.0
        },
        {
            "throttle": 0.3504390161509287,
            "brake": 0.018216615747685738,
            "steer": 0.0
        },
        {
            "throttle": 0.2453073113056501,
            "brake": 0.06055351977118828,
            "steer": 0.0
        },
        {
            "throttle": 0.17171511791395505,
            "brake": 0.09018935258764005,
            "steer": 0.0
        },
        {
            "throttle": 0.12020058253976852,
            "brake": 0.11093443555915629,
            "steer": 0.0
        },
        {
            "throttle": 0.08414040777783796,
            "brake": 0.12545599363921767,
            "steer": 0.0
        },
        {
            "throttle": 0.05889828544448657,
            "brake": 0.13562108429526062,
            "steer": 0.0
        },
        {
            "throttle": 0.041228799811140596,
            "brake": 0.1427366477544907,
            "steer": 0.0
        },
        {
            "throttle": 0.028860159867798416,
            "brake": 0.14771754217595173,
            "steer": 0.0
        },
        {
            "throttle": 0.02020211190745889,
            "brake": 0.15120416827097446,
            "steer": 0.0
        },
        {
            "throttle": 0.014141478335221223,
            "brake": 0.15364480653749038,
            "steer": 0.0
        },
        {
            "throttle": 0.009899034834654855,
            "brake": 0.15535325332405153,
            "steer": 0.0
        },
        {
            "throttle": 0.2454568755544076,
            "brake": 0.10874727732683606,
            "steer": 0.0
        },
        {
            "throttle": 0.41362088180918666,
            "brake": 0.07612309412878523,
            "steer": 0.0
        },
        {
            "throttle": 0.53242504025522,
            "brake": 0.05328616589014966,
            "steer": 0.0
        },
        {
            "throttle": 0.6144574456267096,
            "brake": 0.037300316123104756,
            "steer": 0.0
        },
        {
            "throttle": 0.6685668086131301,
            "brake": 0.026110221286173328,
            "steer": 0.0
        },
        {
            "throttle": 0.7010557975042244,
            "brake": 0.018277154900321328,
            "steer": 0.0
        },
        {
            "throttle": 0.7165128196961761,
            "brake": 0.01279400843022493,
            "steer": 0.0
        },
        {
            "throttle": 0.7183884839012241,
            "brake": 0.00895580590115745,
            "steer": 0.0
        },
        {
            "throttle": 0.7093913012079414,
            "brake": 0.006269064130810215,
            "steer": 0.0
        },
        {
            "throttle": 0.691755072022261,
            "brake": 0.00438834489156715,
            "steer": 0.0
        },
        {
            "throttle": 0.6674149865074123,
            "brake": 0.0030718414240970045,
            "steer": 0.0
        },
        {
            "throttle": 0.6381187206106643,
            "brake": 0.002150288996867903,
            "steer": 0.0
        },
        {
            "throttle": 0.6054913240649349,
            "brake": 0.001505202297807532,
            "steer": 0.0
        },
        {
            "throttle": 0.571067479862744,
            "brake": 0.0010536416084652724,
            "steer": 0.0
        },
        {
            "throttle": 0.5363010721469846,
            "brake": 0.0007375491259256907,
            "steer": 0.0
        },
        {
            "throttle": 0.5025594448135587,
            "brake": 0.0005162843881479835,
            "steer": 0.0
        },
        {
            "throttle": 0.4711079260306439,
            "brake": 0.0003613990717035884,
            "steer": 0.0
        },
        {
            "throttle": 0.44308889672429697,
            "brake": 0.0002529793501925119,
            "steer": 0.0
        },
        {
            "throttle": 0.41949872857839826,
            "brake": 0.0001770855451347583,
            "steer": 0.0
        },
        {
            "throttle": 0.401165195009229,
            "brake": 0.0001239598815943308,
            "steer": 0.0
        },
        {
            "throttle": 0.3887273887469681,
            "brake": 8.677191711603156e-05,
            "steer": 0.0
        },
        {
            "throttle": 0.3826197094892552,
            "brake": 6.0740341981222086e-05,
            "steer": 0.0
        },
        {
            "throttle": 0.3830610801024555,
            "brake": 4.251823938685546e-05,
            "steer": 0.0
        },
        {
            "throttle": 0.39005018838230315,
            "brake": 2.976276757079882e-05,
            "steer": 0.0
        },
        {
            "throttle": 0.40336722084569604,
            "brake": 2.0833937299559173e-05,
            "steer": 0.0
        },
        {
            "throttle": 0.4225822491285354,
            "brake": 1.4583756109691421e-05,
            "steer": 0.0
        },
        {
            "throttle": 0.4470701463557668,
            "brake": 1.0208629276783994e-05,
            "steer": 0.0
        },
        {
            "throttle": 0.47603165122439617,
            "brake": 7.146040493748795e-06,
            "steer": 0.0
        },
        {
            "throttle": 0.5085199641361626,
            "brake": 5.0022283456241565e-06,
            "steer": 0.0
        },
        {
            "throttle": 0.5434720560732951,
            "brake": 3.5015598419369095e-06,
            "steer": 0.0
        },
        {
            "throttle": 0.5797437008252996,
            "brake": 2.4510918893558367e-06,
            "steer": 0.0
        },
        {
            "throttle": 0.6161471082071518,
            "brake": 1.7157643225490856e-06,
            "steer": 0.0
        },
        {
            "throttle": 0.6514899430074146,
            "brake": 1.2010350257843598e-06,
            "steer": 0.0
        },
        {
            "throttle": 0.6846144636263959,
            "brake": 8.407245180490518e-07,
            "steer": 0.0
        },
        {
            "throttle": 0.7144355066828714,
            "brake": 5.885071626343363e-07,
            "steer": 0.0
        },
        {
            "throttle": 0.7399760790514505,
            "brake": 4.119550138440354e-07,
            "steer": 0.0
        },
        {
            "throttle": 0.7603993953501202,
            "brake": 2.8836850969082474e-07,
            "steer": 0.0
        },
        {
            "throttle": 0.7750363140833495,
            "brake": 2.0185795678357732e-07,
            "steer": 0.0
        },
        {
            "throttle": 0.7834072755201946,
            "brake": 1.4130056974850412e-07,
            "steer": 0.0
        },
        {
            "throttle": 0.7852380239219723,
            "brake": 9.891039882395288e-08,
            "steer": 0.0
        },
        {
            "throttle": 0.7804685999660224,
            "brake": 6.923727917676701e-08,
            "steer": 0.0
        },
        {
            "throttle": 0.7692553094245032,
            "brake": 4.84660954237369e-08,
            "steer": 0.0
        },
        {
            "throttle": 0.7519656040943113,
            "brake": 3.3926266796615827e-08,
            "steer": 0.0
        },
        {
            "throttle": 0.7291660430736776,
            "brake": 2.3748386757631077e-08,
            "steer": 0.0
        },
        {
            "throttle": 0.7016037291178071,
            "brake": 1.6623870730341753e-08,
            "steer": 0.0
        },
        {
            "throttle": 0.6701818285400241,
            "brake": 1.1636709511239226e-08,
            "steer": 0.0
        },
        {
            "throttle": 0.6359299769430751,
            "brake": 8.145696657867458e-09,
            "steer": 0.0
        },
        {
            "throttle": 0.599970540609793,
            "brake": 5.70198766050722e-09,
            "steer": 0.0
        },
        {
            "throttle": 0.5634818391584756,
            "brake": 3.991391362355054e-09,
            "steer": 0.0
        },
        {
            "throttle": 0.5276595346236748,
            "brake": 2.793973953648538e-09,
            "steer": 0.0
        },
        {
            "throttle": 0.3693616742365723,
            "brake": 0.047801890703590026,
            "steer": 0.0
        },
        {
            "throttle": 0.25855317196560057,
            "brake": 0.08126321224032128,
            "steer": 0.0
        },
        {
            "throttle": 0.18098722037592038,
            "brake": 0.10468613731603316,
            "steer": 0.0
        },
        {
            "throttle": 0.12669105426314425,
            "brake": 0.12108218486903147,
            "steer": 0.0
        },
        {
            "throttle": 0.08868373798420097,
            "brake": 0.1325594181561303,
            "steer": 0.0
        },
        {
            "throttle": 0.06207861658894068,
            "brake": 0.14059348145709946,
            "steer": 0.0
        },
        {
            "throttle": 0.04345503161225847,
            "brake": 0.14621732576777788,
            "steer": 0.0
        },
        {
            "throttle": 0.030418522128580927,
            "brake": 0.15015401678525275,
            "steer": 0.0
        },
        {
            "throttle": 0.021292965490006647,
            "brake": 0.1529097004974852,
            "steer": 0.0
        },
        {
            "throttle": 0.014905075843004652,
            "brake": 0.1548386790960479,
            "steer": 0.0
        },
        {
            "throttle": 0.15427290660399223,
            "brake": 0.10838707536723352,
            "steer": 0.0
        },
        {
            "throttle": 0.2631738300154861,
            "brake": 0.07587095275706346,
            "steer": 0.0
        },
        {
            "throttle": 0.351402059885524,
            "brake": 0.05310966692994442,
            "steer": 0.0
        },
        {
            "throttle": 0.4254204093828423,
            "brake": 0.03717676685096109,
            "steer": 0.0
        },
        {
            "throttle": 0.4893511586202757,
            "brake": 0.026023736795672762,
            "steer": 0.0
        },
        {
            "throttle": 0.5456828245010692,
            "brake": 0.018216615756970932,
            "steer": 0.0
        },
        {
            "throttle": 0.5957779110911827,
            "brake": 0.012751631029879652,
            "steer": 0.0
        },
        {
            "throttle": 0.6402407689419105,
            "brake": 0.008926141720915756,
            "steer": 0.0
        },
        {
            "throttle": 0.6791865458208348,
            "brake": 0.006248299204641029,
            "steer": 0.0
        },
        {
            "throttle": 0.7124395414044729,
            "brake": 0.00437380944324872,
            "steer": 0.0
        },
        {
            "throttle": 0.739680454117956,
            "brake": 0.003061666610274104,
            "steer": 0.0
        },
        {
            "throttle": 0.7605558866478562,
            "brake": 0.002143166627191873,
            "steer": 0.0
        },
        {
            "throttle": 0.7747592559090782,
            "brake": 0.0015002166390343109,
            "steer": 0.0
        },
        {
            "throttle": 0.7820893700484272,
            "brake": 0.0010501516473240176,
            "steer": 0.0
        },
        {
            "throttle": 0.7824909927219352,
            "brake": 0.0007351061531268122,
            "steer": 0.0
        },
        {
            "throttle": 0.7760804332175307,
            "brake": 0.0005145743071887685,
            "steer": 0.0
        },
        {
            "throttle": 0.7631583813331125,
            "brake": 0.0003602020150321379,
            "steer": 0.0
        },
        {
            "throttle": 0.7442117066496513,
            "brake": 0.00025214141052249653,
            "steer": 0.0
        },
        {
            "throttle": 0.7199056613895797,
            "brake": 0.00017649898736574757,
            "steer": 0.0
        },
        {
            "throttle": 0.6910677910611581,
            "brake": 0.0001235492911560233,
            "steer": 0.0
        },
        {
            "throttle": 0.6586648141973052,
            "brake": 8.648450380921629e-05,
            "steer": 0.0
        },
        {
            "throttle": 0.6237737426580319,
            "brake": 6.05391526664514e-05,
            "steer": 0.0
        },
        {
            "throttle": 0.4366416198606223,
            "brake": 0.047844266154674776,
            "steer": 0.0
        },
        {
            "throttle": 0.3056491339024356,
            "brake": 0.0812928750560806,
            "steer": 0.0
        },
        {
            "throttle": 0.2139543937317049,
            "brake": 0.10470690128706467,
            "steer": 0.0
        },
        {
            "throttle": 0.14976807561219344,
            "brake": 0.12109671964875353,
            "steer": 0.0
        },
        {
            "throttle": 0.1048376529285354,
            "brake": 0.13256959250193573,
            "steer": 0.0
        },
        {
            "throttle": 0.07338635704997477,
            "brake": 0.14060060349916326,
            "steer": 0.0
        },
        {
            "throttle": 0.05137044993498234,
            "brake": 0.14622231119722254,
            "steer": 0.0
        },
        {
            "throttle": 0.035959314954487634,
            "brake": 0.15015750658586402,
            "steer": 0.0
        },
        {
            "throttle": 0.02517152046814134,
            "brake": 0.1529121433579131,
            "steer": 0.0
        },
        {
            "throttle": 0.01762006432769894,
            "brake": 0.1548403890983474,
            "steer": 0.0
        },
        {
            "throttle": 0.13186673563875137,
            "brake": 0.10838827236884319,
            "steer": 0.0
        },
        {
            "throttle": 0.09230671494712596,
            "brake": 0.12367367940599848,
            "steer": 0.0
        },
        {
            "throttle": 0.06461470046298817,
            "brake": 0.1343734643320072,
            "steer": 0.0
        },
        {
            "throttle": 0.04523029032409172,
            "brake": 0.14186331378021327,
            "steer": 0.0
        },
        {
            "throttle": 0.0316612032268642,
            "brake": 0.14710620839395755,
            "steer": 0.0
        },
        {
            "throttle": 0.022162842258804938,
            "brake": 0.15077623462357853,
            "steer": 0.0
        },
        {
            "throttle": 0.015513989581163455,
            "brake": 0.15334525298431323,
            "steer": 0.0
        },
        {
            "throttle": 0.010859792706814418,
            "brake": 0.15514356583682753,
            "steer": 0.0
        },
        {
            "throttle": 0.007601854894770092,
            "brake": 0.15640238483358754,
            "steer": 0.0
        },
        {
            "throttle": 0.005321298426339064,
            "brake": 0.15728355813131953,
            "steer": 0.0
        },
        {
            "throttle": 0.003724908898437345,
            "brake": 0.15790037943973192,
            "steer": 0.0
        },
        {
            "throttle": 0.23586294308299854,
            "brake": 0.11053026560781234,
            "steer": 0.0
        },
        {
            "throttle": 0.4036851812571095,
            "brake": 0.07737118592546864,
            "steer": 0.0
        },
        {
            "throttle": 0.5244077097053557,
            "brake": 0.05415983014782805,
            "steer": 0.0
        },
        {
            "throttle": 0.6099753924713345,
            "brake": 0.03791188110347963,
            "steer": 0.0
        },
        {
            "throttle": 0.6687148376534264,
            "brake": 0.02653831677243574,
            "steer": 0.0
        },
        {
            "throttle": 0.7064926140302302,
            "brake": 0.018576821740705015,
            "steer": 0.0
        },
        {
            "throttle": 0.7275247593795546,
            "brake": 0.01300377521849351,
            "steer": 0.0
        },
        {
            "throttle": 0.734939850186733,
            "brake": 0.009102642652945456,
            "steer": 0.0
        },
        {
            "throttle": 0.7311673390390132,
            "brake": 0.006371849857061819,
            "steer": 0.0
        },
        {
            "throttle": 0.7182015445416023,
            "brake": 0.004460294899943273,
            "steer": 0.0
        },
        {
            "throttle": 0.6977768202463089,
            "brake": 0.0031222064299602907,
            "steer": 0.0
        },
        {
            "throttle": 0.6714790864958298,
            "brake": 0.002185544500972203,
            "steer": 0.0
        },
        {
            "throttle": 0.6408117171948686,
            "brake": 0.0015298811506805421,
            "steer": 0.0
        },
        {
            "throttle": 0.607228775210708,
            "brake": 0.0010709168054763795,
            "steer": 0.0
        },
        {
            "throttle": 0.572145114221517,
            "brake": 0.0007496417638334656,
            "steer": 0.0
        },
        {
            "throttle": 0.5369304408078114,
            "brake": 0.0005247492346834258,
            "steer": 0.0
        },
        {
            "throttle": 0.5028927287290478,
            "brake": 0.00036732446427839804,
            "steer": 0.0
        },
        {
            "throttle": 0.47125516702402376,
            "brake": 0.0002571271249948786,
            "steer": 0.0
        },
        {
            "throttle": 0.44312994400981126,
            "brake": 0.000179988987496415,
            "steer": 0.0
        },
        {
            "throttle": 0.41949150892192816,
            "brake": 0.0001259922912474905,
            "steer": 0.0
        },
        {
            "throttle": 0.4011514352458559,
            "brake": 8.819460387324334e-05,
            "steer": 0.0
        }
    ],
    "parameters": {
        "fog_density": 25.535801665059257,
        "precipitation": 39.5762542841611,
        "precipitation_deposits": 91.18964794864787,
        "wind_intensity": 19.231171615429815,
        "sun_altitude_angle": 19.3309680511259,
        "cloudiness": 38.01102695607915,
        "lead_base_throttle": 0.5838187635108637,
        "lead_behavior_frequency": 0.2884959153041304,
        "lead_throttle_variation": 0.2258163002689161,
        "lead_brake_probability": 0.12041557170385475,
        "lead_brake_intensity": 0.15933962915936087,
        "lead_brake_duration": 10.819743277793261,
        "initial_distance": 72.26345538330548,
        "initial_ego_velocity": 17.540294991948983,
        "initial_lead_velocity": 17.180946342566266
    },
    "config": {
        "num_timesteps": 200,
        "dt": 0.1,
        "seed": 46
    }
}