{
    "weather": {
        "cloudiness": 33.12604481897093,
        "precipitation": 96.77994125377859,
        "precipitation_deposits": 33.89939204437471,
        "wind_intensity": 47.8548639169173,
        "sun_altitude_angle": -14.232519774372028,
        "fog_density": 78.17601231319142,
        "fog_distance": 73.83908525220292,
        "wetness": 48.389970626889294
    },
    "initial_conditions": {
        "ego": {
            "position": {
                "x": 559.5023061764865,
                "y": 20.57,
                "z": 0.294
            },
            "yaw": 0.0,
            "velocity": 13.664866517816405
        },
        "lead": {
            "position": {
                "x": 484.88,
                "y": 20.57,
                "z": 0.294
            },
            "yaw": 0.0,
            "velocity": 8.20199817136661
        }
    },
    "ego": {
        "position": {
            "x": 559.5023061764865,
            "y": 20.57,
            "z": 0.294
        },
        "yaw": 0.0,
        "velocity": 13.664866517816405
    },
    "lead": {
        "position": {
            "x": 484.88,
            "y": 20.57,
            "z": 0.294
        },
        "yaw": 0.0,
        "velocity": 8.20199817136661
    },
    "ado_actions": [
        {
            "throttle": 0.23495323630807566,
            "brake": 0.0,
            "steer": 0.0
        },
        {
            "throttle": 0.23606384495267682,
            "brake": 0.0,
            "steer": 0.0
        },
        {
            "throttle": 0.23793603963066734,
            "brake": 0.0,
            "steer": 0.0
        },
        {
            "throttle": 0.24030989041408046,
            "brake": 0.0,
            "steer": 0.0
        },
        {
            "throttle": 0.24298828086650298,
            "brake": 0.0,
            "steer": 0.0
        },
        {
            "throttle": 0.24581872890612894,
            "brake": 0.0,
            "steer": 0.0
        },
        {
            "throttle": 0.2486808682238713,
            "brake": 0.0,
            "steer": 0.0
        },
        {
            "throttle": 0.25147787965707336,
            "brake": 0.0,
            "steer": 0.0
        },
        {
            "throttle": 0.2541306723268462,
            "brake": 0.0,
            "steer": 0.0
        },
        {
            "throttle": 0.25657397184916353,
            "brake": 0.0,
            "steer": 0.0
        },
        {
            "throttle": 0.25875372343462866,
            "brake": 0.0,
            "steer": 0.0
        },
        {
            "throttle": 0.2606253933313285,
            "brake": 0.0,
            "steer": 0.0
        },
        {
            "throttle": 0.26215287532773485,
            "brake": 0.0,
            "steer": 0.0
        },
        {
            "throttle": 0.2633077956555636,
            "brake": 0.0,
            "steer": 0.0
        },
        {
            "throttle": 0.2640690706271505,
            "brake": 0.0,
            "steer": 0.0
        },
        {
            "throttle": 0.2644226144110591,
            "brake": 0.0,
            "steer": 0.0
        },
        {
            "throttle": 0.2643611248799329,
            "brake": 0.0,
            "steer": 0.0
        },
        {
            "throttle": 0.26388389722125183,
            "brake": 0.0,
            "steer": 0.0
        },
        {
            "throttle": 0.2629966306147861,
            "brake": 0.0,
            "steer": 0.0
        },
        {
            "throttle": 0.261711204585803,
            "brake": 0.0,
            "steer": 0.0
        },
        {
            "throttle": 0.26004540992003744,
            "brake": 0.0,
            "steer": 0.0
        },
        {
            "throttle": 0.25802262516562474,
            "brake": 0.0,
            "steer": 0.0
        },
        {
            "throttle": 0.2556714343670409,
            "brake": 0.0,
            "steer": 0.0
        },
        {
            "throttle": 0.2530251852049241,
            "brake": 0.0,
            "steer": 0.0
        },
        {
            "throttle": 0.2501214894490649,
            "brake": 0.0,
            "steer": 0.0
        },
        {
            "throttle": 0.24700166977302662,
            "brake": 0.0,
            "steer": 0.0
        },
        {
            "throttle": 0.24371015866676726,
            "brake": 0.0,
            "steer": 0.0
        },
        {
            "throttle": 0.2402938565128593,
            "brake": 0.0,
            "steer": 0.0
        },
        {
            "throttle": 0.2368014569265483,
            "brake": 0.0,
            "steer": 0.0
        },
        {
            "throttle": 0.23328274824334355,
            "brake": 0.0,
            "steer": 0.0
        },
        {
            "throttle": 0.22978790059961407,
            "brake": 0.0,
            "steer": 0.0
        },
        {
            "throttle": 0.22636674841225413,
            "brake": 0.0,
            "steer": 0.0
        },
        {
            "throttle": 0.22306807823768027,
            "brake": 0.0,
            "steer": 0.0
        },
        {
            "throttle": 0.21993893198970302,
            "brake": 0.0,
            "steer": 0.0
        },
        {
            "throttle": 0.21702393532996467,
            "brake": 0.0,
            "steer": 0.0
        },
        {
            "throttle": 0.2143646607228535,
            "brake": 0.0,
            "steer": 0.0
        },
        {
            "throttle": 0.21199903417847285,
            "brake": 0.0,
            "steer": 0.0
        },
        {
            "throttle": 0.2099607941023935,
            "brake": 0.0,
            "steer": 0.0
        },
        {
            "throttle": 0.20827900994052,
            "brake": 0.0,
            "steer": 0.0
        },
        {
            "throttle": 0.20697766746351795,
            "brake": 0.0,
            "steer": 0.0
        },
        {
            "throttle": 0.20607532659106365,
            "brake": 0.0,
            "steer": 0.0
        },
        {
            "throttle": 0.20558485662596307,
            "brake": 0.0,
            "steer": 0.0
        },
        {
            "throttle": 0.2055132526671976,
            "brake": 0.0,
            "steer": 0.0
        },
        {
            "throttle": 0.20586153581529,
            "brake": 0.0,
            "steer": 0.0
        },
        {
            "throttle": 0.20662473858980124,
            "brake": 0.0,
            "steer": 0.0
        },
        {
            "throttle": 0.20779197576448638,
            "brake": 0.0,
            "steer": 0.0
        },
        {
            "throttle": 0.20934659960810664,
            "brake": 0.0,
            "steer": 0.0
        },
        {
            "throttle": 0.21126643731557881,
            "brake": 0.0,
            "steer": 0.0
        },
        {
            "throttle": 0.2135241072422659,
            "brake": 0.0,
            "steer": 0.0
        },
        {
            "throttle": 0.1494668750695861,
            "brake": 0.20063131287163788,
            "steer": 0.0
        },
        {
            "throttle": 0.10462681254871027,
            "brake": 0.3410732318817844,
            "steer": 0.0
        },
        {
            "throttle": 0.07323876878409719,
            "brake": 0.4393825751888869,
            "steer": 0.0
        },
        {
            "throttle": 0.051267138148868026,
            "brake": 0.5081991155038588,
            "steer": 0.0
        },
        {
            "throttle": 0.03588699670420761,
            "brake": 0.556370693724339,
            "steer": 0.0
        },
        {
            "throttle": 0.0971796452632763,
            "brake": 0.3894594856070373,
            "steer": 0.0
        },
        {
            "throttle": 0.14116795110408797,
            "brake": 0.2726216399249261,
            "steer": 0.0
        },
        {
            "throttle": 0.1730053326735418,
            "brake": 0.19083514794744827,
            "steer": 0.0
        },
        {
            "throttle": 0.19628427051401,
            "brake": 0.13358460356321378,
            "steer": 0.0
        },
        {
            "throttle": 0.21350534164638185,
            "brake": 0.09350922249424964,
            "steer": 0.0
        },
        {
            "throttle": 0.22640574558556484,
            "brake": 0.06545645574597475,
            "steer": 0.0
        },
        {
            "throttle": 0.23618946087863502,
            "brake": 0.04581951902218232,
            "steer": 0.0
        },
        {
            "throttle": 0.24368852670275948,
            "brake": 0.03207366331552762,
            "steer": 0.0
        },
        {
            "throttle": 0.24947609324542963,
            "brake": 0.02245156432086933,
            "steer": 0.0
        },
        {
            "throttle": 0.2539456892868934,
            "brake": 0.01571609502460853,
            "steer": 0.0
        },
        {
            "throttle": 0.2573668189915512,
            "brake": 0.01100126651722597,
            "steer": 0.0
        },
        {
            "throttle": 0.2599239647515451,
            "brake": 0.007700886562058178,
            "steer": 0.0
        },
        {
            "throttle": 0.2617439486592106,
            "brake": 0.005390620593440724,
            "steer": 0.0
        },
        {
            "throttle": 0.26291511856370586,
            "brake": 0.0037734344154085066,
            "steer": 0.0
        },
        {
            "throttle": 0.26350078440950236,
            "brake": 0.0026414040907859547,
            "steer": 0.0
        },
        {
            "throttle": 0.2635486027581348,
            "brake": 0.001848982863550168,
            "steer": 0.0
        },
        {
            "throttle": 0.2630970983224893,
            "brake": 0.0012942880044851176,
            "steer": 0.0
        },
        {
            "throttle": 0.26218015537346046,
            "brake": 0.0009060016031395823,
            "steer": 0.0
        },
        {
            "throttle": 0.26083006307153644,
            "brake": 0.0006342011221977075,
            "steer": 0.0
        },
        {
            "throttle": 0.2590795249671394,
            "brake": 0.0004439407855383952,
            "steer": 0.0
        },
        {
            "throttle": 0.25696292158372713,
            "brake": 0.0003107585498768766,
            "steer": 0.0
        },
        {
            "throttle": 0.254517030378213,
            "brake": 0.00021753098491381363,
            "steer": 0.0
        },
        {
            "throttle": 0.25178134842176564,
            "brake": 0.00015227168943966955,
            "steer": 0.0
        },
        {
            "throttle": 0.24879812212679725,
            "brake": 0.00010659018260776868,
            "steer": 0.0
        },
        {
            "throttle": 0.24561215984578144,
            "brake": 7.461312782543807e-05,
            "steer": 0.0
        },
        {
            "throttle": 0.24227048338943918,
            "brake": 5.2229189477806645e-05,
            "steer": 0.0
        },
        {
            "throttle": 0.23882186079681794,
            "brake": 3.6560432634464646e-05,
            "steer": 0.0
        },
        {
            "throttle": 0.23531625317473462,
            "brake": 2.559230284412525e-05,
            "steer": 0.0
        },
        {
            "throttle": 0.2318042018035505,
            "brake": 1.7914611990887673e-05,
            "steer": 0.0
        },
        {
            "throttle": 0.22833617706593468,
            "brake": 1.254022839362137e-05,
            "steer": 0.0
        },
        {
            "throttle": 0.22496190745518962,
            "brake": 8.778159875534958e-06,
            "steer": 0.0
        },
        {
            "throttle": 0.22172970451261811,
            "brake": 6.144711912874471e-06,
            "steer": 0.0
        },
        {
            "throttle": 0.2186857977176292,
            "brake": 4.301298339012129e-06,
            "steer": 0.0
        },
        {
            "throttle": 0.21587369189363653,
            "brake": 3.0109088373084903e-06,
            "steer": 0.0
        },
        {
            "throttle": 0.2133335584485898,
            "brake": 2.107636186115943e-06,
            "steer": 0.0
        },
        {
            "throttle": 0.21110167064025329,
            "brake": 1.4753453302811599e-06,
            "steer": 0.0
        },
        {
            "throttle": 0.20920989197613507,
            "brake": 1.0327417311968119e-06,
            "steer": 0.0
        },
        {
            "throttle": 0.20768522578352,
            "brake": 7.229192118377682e-07,
            "steer": 0.0
        },
        {
            "throttle": 0.20654943289099104,
            "brake": 5.060434482864377e-07,
            "steer": 0.0
        },
        {
            "throttle": 0.20581872323624317,
            "brake": 3.5423041380050636e-07,
            "steer": 0.0
        },
        {
            "throttle": 0.2055035260520223,
            "brake": 2.479612896603544e-07,
            "steer": 0.0
        },
        {
            "throttle": 0.20560834208528472,
            "brake": 1.7357290276224808e-07,
            "steer": 0.0
        },
        {
            "throttle": 0.206131680081462,
            "brake": 1.2150103193357365e-07,
            "steer": 0.0
        },
        {
            "throttle": 0.20706607852663828,
            "brake": 8.505072235350155e-08,
            "steer": 0.0
        },
        {
            "throttle": 0.20839821239838466,
            "brake": 5.9535505647451076e-08,
            "steer": 0.0
        },
        {
            "throttle": 0.21010908344530904,
            "brake": 4.167485395321575e-08,
            "steer": 0.0
        },
        {
            "throttle": 0.21217429131127832,
            "brake": 2.9172397767251022e-08,
            "steer": 0.0
        },
        {
            "throttle": 0.2145643816582814,
            "brake": 2.0420678437075715e-08,
            "steer": 0.0
        },
        {
            "throttle": 0.21724526633745067,
            "brake": 1.4294474905953e-08,
            "steer": 0.0
        },
        {
            "throttle": 0.22017870962579283,
            "brake": 1.00061324341671e-08,
            "steer": 0.0
        },
        {
            "throttle": 0.22332287360085207,
            "brake": 7.00429270391697e-09,
            "steer": 0.0
        },
        {
            "throttle": 0.22663291487992848,
            "brake": 4.903004892741879e-09,
            "steer": 0.0
        },
        {
            "throttle": 0.23006162421638682,
            "brake": 3.432103424919315e-09,
            "steer": 0.0
        },
        {
            "throttle": 0.23356009983329,
            "brake": 2.4024723974435204e-09,
            "steer": 0.0
        },
        {
            "throttle": 0.23707844489267801,
            "brake": 1.681730678210464e-09,
            "steer": 0.0
        },
        {
            "throttle": 0.2405664791540636,
            "brake": 1.1772114747473248e-09,
            "steer": 0.0
        },
        {
            "throttle": 0.24397445467298187,
            "brake": 8.240480323231273e-10,
            "steer": 0.0
        },
        {
            "throttle": 0.24725376533255725,
            "brake": 5.768336226261891e-10,
            "steer": 0.0
        },
        {
            "throttle": 0.25035764008883055,
            "brake": 4.0378353583833236e-10,
            "steer": 0.0
        },
        {
            "throttle": 0.25324181004274726,
            "brake": 2.8264847508683264e-10,
            "steer": 0.0
        },
        {
            "throttle": 0.2558651398249181,
            "brake": 1.9785393256078285e-10,
            "steer": 0.0
        },
        {
            "throttle": 0.2581902142881894,
            "brake": 1.38497752792548e-10,
            "steer": 0.0
        },
        {
            "throttle": 0.26018387214043986,
            "brake": 9.694842695478358e-11,
            "steer": 0.0
        },
        {
            "throttle": 0.2618176789067536,
            "brake": 6.78638988683485e-11,
            "steer": 0.0
        },
        {
            "throttle": 0.26306833247541095,
            "brake": 4.750472920784395e-11,
            "steer": 0.0
        },
        {
            "throttle": 0.26391799544364536,
            "brake": 3.325331044549076e-11,
            "steer": 0.0
        },
        {
            "throttle": 0.2643545495231202,
            "brake": 2.327731731184353e-11,
            "steer": 0.0
        },
        {
            "throttle": 0.2643717683766926,
            "brake": 1.629412211829047e-11,
            "steer": 0.0
        },
        {
            "throttle": 0.26396940642139743,
            "brake": 1.1405885482803328e-11,
            "steer": 0.0
        },
        {
            "throttle": 0.2631532023311108,
            "brake": 7.98411983796233e-12,
            "steer": 0.0
        },
        {
            "throttle": 0.26193479718894064,
            "brake": 5.5888838865736306e-12,
            "steer": 0.0
        },
        {
            "throttle": 0.26033156845669886,
            "brake": 3.912218720601541e-12,
            "steer": 0.0
        },
        {
            "throttle": 0.2583663821294613,
            "brake": 2.7385531044210785e-12,
            "steer": 0.0
        },
        {
            "throttle": 0.2560672666101054,
            "brake": 1.916987173094755e-12,
            "steer": 0.0
        },
        {
            "throttle": 0.2534670129551797,
            "brake": 1.3418910211663283e-12,
            "steer": 0.0
        },
        {
            "throttle": 0.25060270719358557,
            "brake": 9.393237148164298e-13,
            "steer": 0.0
        },
        {
            "throttle": 0.24751520138836156,
            "brake": 6.575266003715008e-13,
            "steer": 0.0
        },
        {
            "throttle": 0.24424853098553334,
            "brake": 4.602686202600505e-13,
            "steer": 0.0
        },
        {
            "throttle": 0.2408492867600715,
            "brake": 3.2218803418203537e-13,
            "steer": 0.0
        },
        {
            "throttle": 0.23736595031655755,
            "brake": 2.2553162392742476e-13,
            "steer": 0.0
        },
        {
            "throttle": 0.23384820262195644,
            "brake": 1.5787213674919731e-13,
            "steer": 0.0
        },
        {
            "throttle": 0.2303462154325242,
            "brake": 1.1051049572443811e-13,
            "steer": 0.0
        },
        {
            "throttle": 0.2269099357208495,
            "brake": 7.735734700710668e-14,
            "steer": 0.0
        },
        {
            "throttle": 0.22358837330886477,
            "brake": 5.4150142904974675e-14,
            "steer": 0.0
        },
        {
            "throttle": 0.22042890186693645,
            "brake": 3.790510003348227e-14,
            "steer": 0.0
        },
        {
            "throttle": 0.2174765832485105,
            "brake": 2.6533570023437587e-14,
            "steer": 0.0
        },
        {
            "throttle": 0.21477352479696837,
            "brake": 1.857349901640631e-14,
            "steer": 0.0
        },
        {
            "throttle": 0.21235827879108118,
            "brake": 1.3001449311484416e-14,
            "steer": 0.0
        },
        {
            "throttle": 0.21026529259445165,
            "brake": 9.101014518039091e-15,
            "steer": 0.0
        },
        {
            "throttle": 0.2085244173511681,
            "brake": 6.370710162627363e-15,
            "steer": 0.0
        },
        {
            "throttle": 0.20716048223488243,
            "brake": 4.459497113839154e-15,
            "steer": 0.0
        },
        {
            "throttle": 0.2061929403235695,
            "brake": 3.1216479796874073e-15,
            "steer": 0.0
        },
        {
            "throttle": 0.2056355911506675,
            "brake": 2.185153585781185e-15,
            "steer": 0.0
        },
        {
            "throttle": 0.20549638388970404,
            "brake": 1.5296075100468294e-15,
            "steer": 0.0
        },
        {
            "throttle": 0.2057773039794803,
            "brake": 1.0707252570327806e-15,
            "steer": 0.0
        },
        {
            "throttle": 0.20647434480681814,
            "brake": 7.495076799229464e-16,
            "steer": 0.0
        },
        {
            "throttle": 0.20757756485074352,
            "brake": 5.246553759460624e-16,
            "steer": 0.0
        },
        {
            "throttle": 0.2090712294730896,
            "brake": 3.6725876316224365e-16,
            "steer": 0.0
        },
        {
            "throttle": 0.21093403533323576,
            "brake": 2.5708113421357053e-16,
            "steer": 0.0
        },
        {
            "throttle": 0.21313941422627503,
            "brake": 1.7995679394949935e-16,
            "steer": 0.0
        },
        {
            "throttle": 0.21565591201112844,
            "brake": 1.2596975576464953e-16,
            "steer": 0.0
        },
        {
            "throttle": 0.218447637224157,
            "brake": 8.817882903525467e-17,
            "steer": 0.0
        },
        {
            "throttle": 0.221474772979935,
            "brake": 6.172518032467826e-17,
            "steer": 0.0
        },
        {
            "throttle": 0.22469414485821754,
            "brake": 4.320762622727478e-17,
            "steer": 0.0
        },
        {
            "throttle": 0.2280598366776333,
            "brake": 3.024533835909234e-17,
            "steer": 0.0
        },
        {
            "throttle": 0.231523845373652,
            "brake": 2.117173685136464e-17,
            "steer": 0.0
        },
        {
            "throttle": 0.23503676564065146,
            "brake": 1.4820215795955246e-17,
            "steer": 0.0
        },
        {
            "throttle": 0.23854849457340024,
            "brake": 1.0374151057168672e-17,
            "steer": 0.0
        },
        {
            "throttle": 0.24200894625803088,
            "brake": 7.26190574001807e-18,
            "steer": 0.0
        },
        {
            "throttle": 0.2453687661206745,
            "brake": 5.083334018012648e-18,
            "steer": 0.0
        },
        {
            "throttle": 0.2485800348453836,
            "brake": 3.558333812608854e-18,
            "steer": 0.0
        },
        {
            "throttle": 0.25159695182173775,
            "brake": 2.4908336688261974e-18,
            "steer": 0.0
        },
        {
            "throttle": 0.25437648837448423,
            "brake": 1.743583568178338e-18,
            "steer": 0.0
        },
        {
            "throttle": 0.256879001458548,
            "brake": 1.2205084977248366e-18,
            "steer": 0.0
        },
        {
            "throttle": 0.25906879906660696,
            "brake": 8.543559484073856e-19,
            "steer": 0.0
        },
        {
            "throttle": 0.26091464928512675,
            "brake": 5.980491638851699e-19,
            "steer": 0.0
        },
        {
            "throttle": 0.26239022573845944,
            "brake": 4.186344147196189e-19,
            "steer": 0.0
        },
        {
            "throttle": 0.2634744830678767,
            "brake": 2.930440903037332e-19,
            "steer": 0.0
        },
        {
            "throttle": 0.2641519570902791,
            "brake": 2.0513086321261323e-19,
            "steer": 0.0
        },
        {
            "throttle": 0.2644129853555792,
            "brake": 1.4359160424882926e-19,
            "steer": 0.0
        },
        {
            "throttle": 0.26425384495706555,
            "brake": 1.0051412297418047e-19,
            "steer": 0.0
        },
        {
            "throttle": 0.26367680562923224,
            "brake": 7.035988608192633e-20,
            "steer": 0.0
        },
        {
            "throttle": 0.2626900973757684,
            "brake": 4.925192025734843e-20,
            "steer": 0.0
        },
        {
            "throttle": 0.2613077930894121,
            "brake": 3.44763441801439e-20,
            "steer": 0.0
        },
        {
            "throttle": 0.25954960783779824,
            "brake": 2.413344092610073e-20,
            "steer": 0.0
        },
        {
            "throttle": 0.25744061767798077,
            "brake": 1.6893408648270508e-20,
            "steer": 0.0
        },
        {
            "throttle": 0.25501090201002574,
            "brake": 1.1825386053789355e-20,
            "steer": 0.0
        },
        {
            "throttle": 0.2522951145705963,
            "brake": 8.277770237652549e-21,
            "steer": 0.0
        },
        {
            "throttle": 0.24933198918521776,
            "brake": 5.7944391663567835e-21,
            "steer": 0.0
        },
        {
            "throttle": 0.24616378732841526,
            "brake": 4.056107416449748e-21,
            "steer": 0.0
        },
        {
            "throttle": 0.24283569537087774,
            "brake": 2.8392751915148235e-21,
            "steer": 0.0
        },
        {
            "throttle": 0.23939518011039068,
            "brake": 1.987492634060376e-21,
            "steer": 0.0
        },
        {
            "throttle": 0.23589131177825512,
            "brake": 1.3912448438422632e-21,
            "steer": 0.0
        },
        {
            "throttle": 0.23237406417679085,
            "brake": 9.738713906895842e-22,
            "steer": 0.0
        },
        {
            "throttle": 0.22889360192968924,
            "brake": 6.817099734827089e-22,
            "steer": 0.0
        },
        {
            "throttle": 0.22549956501078244,
            "brake": 4.771969814378961e-22,
            "steer": 0.0
        },
        {
            "throttle": 0.22224036075561332,
            "brake": 3.3403788700652727e-22,
            "steer": 0.0
        },
        {
            "throttle": 0.21916247345346698,
            "brake": 2.3382652090456906e-22,
            "steer": 0.0
        },
        {
            "throttle": 0.21630980136678374,
            "brake": 1.6367856463319833e-22,
            "steer": 0.0
        },
        {
            "throttle": 0.2137230306336915,
            "brake": 1.1457499524323883e-22,
            "steer": 0.0
        },
        {
            "throttle": 0.21143905498335147,
            "brake": 8.020249667026717e-23,
            "steer": 0.0
        },
        {
            "throttle": 0.20949044954040708,
            "brake": 5.614174766918702e-23,
            "steer": 0.0
        },
        {
            "throttle": 0.20790500622338223,
            "brake": 3.9299223368430915e-23,
            "steer": 0.0
        },
        {
            "throttle": 0.20670533736339328,
            "brake": 2.750945635790164e-23,
            "steer": 0.0
        },
        {
            "throttle": 0.20590855319654938,
            "brake": 1.925661945053115e-23,
            "steer": 0.0
        },
        {
            "throttle": 0.205526017829795,
            "brake": 1.3479633615371803e-23,
            "steer": 0.0
        }
    ],
    "parameters": {
        "fog_density": 78.17601231319142,
        "precipitation": 96.77994125377859,
        "precipitation_deposits": 33.89939204437471,
        "wind_intensity": 47.8548639169173,
        "sun_altitude_angle": -14.232519774372028,
        "cloudiness": 33.12604481897093,
        "lead_base_throttle": 0.23495323630807566,
        "lead_behavior_frequency": 0.19018482704707573,
        "lead_throttle_variation": 0.03105404185110663,
        "lead_brake_probability": 0.04053473367270408,
        "lead_brake_intensity": 0.6687710429054596,
        "lead_brake_duration": 5.6589914675168425,
        "initial_distance": 74.62230617648656,
        "initial_ego_velocity": 13.664866517816405,
        "initial_lead_velocity": 8.20199817136661
    },
    "config": {
        "num_timesteps": 200,
        "dt": 0.1,
        "seed": 93
    }
}