{
    "weather": {
        "cloudiness": 54.71061751825157,
        "precipitation": 84.62084284900496,
        "precipitation_deposits": 57.01165740598204,
        "wind_intensity": 23.678104718523755,
        "sun_altitude_angle": 63.54453899023045,
        "fog_density": 68.78913332768418,
        "fog_distance": 100.96603448547515,
        "wetness": 42.31042142450248
    },
    "initial_conditions": {
        "ego": {
            "position": {
                "x": 524.8332577590463,
                "y": 20.57,
                "z": 0.294
            },
            "yaw": 0.0,
            "velocity": 11.404391385184224
        },
        "lead": {
            "position": {
                "x": 484.88,
                "y": 20.57,
                "z": 0.294
            },
            "yaw": 0.0,
            "velocity": 14.942332309080138
        }
    },
    "ego": {
        "position": {
            "x": 524.8332577590463,
            "y": 20.57,
            "z": 0.294
        },
        "yaw": 0.0,
        "velocity": 11.404391385184224
    },
    "lead": {
        "position": {
            "x": 484.88,
            "y": 20.57,
            "z": 0.294
        },
        "yaw": 0.0,
        "velocity": 14.942332309080138
    },
    "ado_actions": [
        {
            "throttle": 0.2254417210328577,
            "brake": 0.0,
            "steer": 0.0
        },
        {
            "throttle": 0.2351995474555048,
            "brake": 0.0,
            "steer": 0.0
        },
        {
            "throttle": 0.2514918918601504,
            "brake": 0.0,
            "steer": 0.0
        },
        {
            "throttle": 0.2717754544778888,
            "brake": 0.0,
            "steer": 0.0
        },
        {
            "throttle": 0.29400062264975513,
            "brake": 0.0,
            "steer": 0.0
        },
        {
            "throttle": 0.3164892138436307,
            "brake": 0.0,
            "steer": 0.0
        },
        {
            "throttle": 0.33785627985659017,
            "brake": 0.0,
            "steer": 0.0
        },
        {
            "throttle": 0.3569617458636737,
            "brake": 0.0,
            "steer": 0.0
        },
        {
            "throttle": 0.37288173248475787,
            "brake": 0.0,
            "steer": 0.0
        },
        {
            "throttle": 0.3848922976370636,
            "brake": 0.0,
            "steer": 0.0
        },
        {
            "throttle": 0.3924603981567877,
            "brake": 0.0,
            "steer": 0.0
        },
        {
            "throttle": 0.3952383601342308,
            "brake": 0.0,
            "steer": 0.0
        },
        {
            "throttle": 0.39305923604394843,
            "brake": 0.0,
            "steer": 0.0
        },
        {
            "throttle": 0.38593123674536517,
            "brake": 0.0,
            "steer": 0.0
        },
        {
            "throttle": 0.37403004031265324,
            "brake": 0.0,
            "steer": 0.0
        },
        {
            "throttle": 0.3576882541262214,
            "brake": 0.0,
            "steer": 0.0
        },
        {
            "throttle": 0.3373816800549683,
            "brake": 0.0,
            "steer": 0.0
        },
        {
            "throttle": 0.3137123304600683,
            "brake": 0.0,
            "steer": 0.0
        },
        {
            "throttle": 0.2873883819567746,
            "brake": 0.0,
            "steer": 0.0
        },
        {
            "throttle": 0.25920144520967586,
            "brake": 0.0,
            "steer": 0.0
        },
        {
            "throttle": 0.2300016793646617,
            "brake": 0.0,
            "steer": 0.0
        },
        {
            "throttle": 0.20067139333936485,
            "brake": 0.0,
            "steer": 0.0
        },
        {
            "throttle": 0.17209785585987125,
            "brake": 0.0,
            "steer": 0.0
        },
        {
            "throttle": 0.14514608377076973,
            "brake": 0.0,
            "steer": 0.0
        },
        {
            "throttle": 0.1206323953526618,
            "brake": 0.0,
            "steer": 0.0
        },
        {
            "throttle": 0.09929950376178343,
            "brake": 0.0,
            "steer": 0.0
        },
        {
            "throttle": 0.08179388710214865,
            "brake": 0.0,
            "steer": 0.0
        },
        {
            "throttle": 0.06864610826503315,
            "brake": 0.0,
            "steer": 0.0
        },
        {
            "throttle": 0.060254672175658934,
            "brake": 0.0,
            "steer": 0.0
        },
        {
            "throttle": 0.05687390357657057,
            "brake": 0.0,
            "steer": 0.0
        },
        {
            "throttle": 0.058606208478855955,
            "brake": 0.0,
            "steer": 0.0
        },
        {
            "throttle": 0.06539895081599054,
            "brake": 0.0,
            "steer": 0.0
        },
        {
            "throttle": 0.07704603680728449,
            "brake": 0.0,
            "steer": 0.0
        },
        {
            "throttle": 0.09319415741813403,
            "brake": 0.0,
            "steer": 0.0
        },
        {
            "throttle": 0.11335349848895276,
            "brake": 0.0,
            "steer": 0.0
        },
        {
            "throttle": 0.13691259292489477,
            "brake": 0.0,
            "steer": 0.0
        },
        {
            "throttle": 0.1631568639364313,
            "brake": 0.0,
            "steer": 0.0
        },
        {
            "throttle": 0.19129029652947008,
            "brake": 0.0,
            "steer": 0.0
        },
        {
            "throttle": 0.2204595796743224,
            "brake": 0.0,
            "steer": 0.0
        },
        {
            "throttle": 0.24977998672426957,
            "brake": 0.0,
            "steer": 0.0
        },
        {
            "throttle": 0.2783622089873591,
            "brake": 0.0,
            "steer": 0.0
        },
        {
            "throttle": 0.30533932848386924,
            "brake": 0.0,
            "steer": 0.0
        },
        {
            "throttle": 0.32989311172724556,
            "brake": 0.0,
            "steer": 0.0
        },
        {
            "throttle": 0.3512788269789255,
            "brake": 0.0,
            "steer": 0.0
        },
        {
            "throttle": 0.36884783222456397,
            "brake": 0.0,
            "steer": 0.0
        },
        {
            "throttle": 0.38206724874372056,
            "brake": 0.0,
            "steer": 0.0
        },
        {
            "throttle": 0.39053612354717593,
            "brake": 0.0,
            "steer": 0.0
        },
        {
            "throttle": 0.3939975904552461,
            "brake": 0.0,
            "steer": 0.0
        },
        {
            "throttle": 0.39234666095716525,
            "brake": 0.0,
            "steer": 0.0
        },
        {
            "throttle": 0.3856334085450913,
            "brake": 0.0,
            "steer": 0.0
        },
        {
            "throttle": 0.37406144993642015,
            "brake": 0.0,
            "steer": 0.0
        },
        {
            "throttle": 0.35798176924727465,
            "brake": 0.0,
            "steer": 0.0
        },
        {
            "throttle": 0.3378820724317808,
            "brake": 0.0,
            "steer": 0.0
        },
        {
            "throttle": 0.31437199487189404,
            "brake": 0.0,
            "steer": 0.0
        },
        {
            "throttle": 0.2881646107792555,
            "brake": 0.0,
            "steer": 0.0
        },
        {
            "throttle": 0.2600548052389933,
            "brake": 0.0,
            "steer": 0.0
        },
        {
            "throttle": 0.2308951648834534,
            "brake": 0.0,
            "steer": 0.0
        },
        {
            "throttle": 0.20157011844535716,
            "brake": 0.0,
            "steer": 0.0
        },
        {
            "throttle": 0.1729691115221423,
            "brake": 0.0,
            "steer": 0.0
        },
        {
            "throttle": 0.14595962917624025,
            "brake": 0.0,
            "steer": 0.0
        },
        {
            "throttle": 0.1213608846113075,
            "brake": 0.0,
            "steer": 0.0
        },
        {
            "throttle": 0.09991897196199542,
            "brake": 0.0,
            "steer": 0.0
        },
        {
            "throttle": 0.08228423682745029,
            "brake": 0.0,
            "steer": 0.0
        },
        {
            "throttle": 0.06899155091330485,
            "brake": 0.0,
            "steer": 0.0
        },
        {
            "throttle": 0.06044408906364278,
            "brake": 0.0,
            "steer": 0.0
        },
        {
            "throttle": 0.05690110073491365,
            "brake": 0.0,
            "steer": 0.0
        },
        {
            "throttle": 0.0584700468100486,
            "brake": 0.0,
            "steer": 0.0
        },
        {
            "throttle": 0.06510334024774014,
            "brake": 0.0,
            "steer": 0.0
        },
        {
            "throttle": 0.07659978942487056,
            "brake": 0.0,
            "steer": 0.0
        },
        {
            "throttle": 0.09261070039467476,
            "brake": 0.0,
            "steer": 0.0
        },
        {
            "throttle": 0.11265045297561933,
            "brake": 0.0,
            "steer": 0.0
        },
        {
            "throttle": 0.13611122989210747,
            "brake": 0.0,
            "steer": 0.0
        },
        {
            "throttle": 0.16228145222366117,
            "brake": 0.0,
            "steer": 0.0
        },
        {
            "throttle": 0.19036736200475207,
            "brake": 0.0,
            "steer": 0.0
        },
        {
            "throttle": 0.21951709736255653,
            "brake": 0.0,
            "steer": 0.0
        },
        {
            "throttle": 0.24884652997979534,
            "brake": 0.0,
            "steer": 0.0
        },
        {
            "throttle": 0.2774660812174785,
            "brake": 0.0,
            "steer": 0.0
        },
        {
            "throttle": 0.3045077035490587,
            "brake": 0.0,
            "steer": 0.0
        },
        {
            "throttle": 0.3291512089435019,
            "brake": 0.0,
            "steer": 0.0
        },
        {
            "throttle": 0.3506491456422053,
            "brake": 0.0,
            "steer": 0.0
        },
        {
            "throttle": 0.36834946880274205,
            "brake": 0.0,
            "steer": 0.0
        },
        {
            "throttle": 0.381715317395709,
            "brake": 0.0,
            "steer": 0.0
        },
        {
            "throttle": 0.3903412975099677,
            "brake": 0.0,
            "steer": 0.0
        },
        {
            "throttle": 0.39396577818422146,
            "brake": 0.0,
            "steer": 0.0
        },
        {
            "throttle": 0.39247882682525226,
            "brake": 0.0,
            "steer": 0.0
        },
        {
            "throttle": 0.3859255435269961,
            "brake": 0.0,
            "steer": 0.0
        },
        {
            "throttle": 0.37450469315863355,
            "brake": 0.0,
            "steer": 0.0
        },
        {
            "throttle": 0.3585626767112529,
            "brake": 0.0,
            "steer": 0.0
        },
        {
            "throttle": 0.33858302475562685,
            "brake": 0.0,
            "steer": 0.0
        },
        {
            "throttle": 0.3151717316805975,
            "brake": 0.0,
            "steer": 0.0
        },
        {
            "throttle": 0.2890388755330957,
            "brake": 0.0,
            "steer": 0.0
        },
        {
            "throttle": 0.2609770809406665,
            "brake": 0.0,
            "steer": 0.0
        },
        {
            "throttle": 0.2318374783485059,
            "brake": 0.0,
            "steer": 0.0
        },
        {
            "throttle": 0.20250388874124187,
            "brake": 0.0,
            "steer": 0.0
        },
        {
            "throttle": 0.1738660168417636,
            "brake": 0.0,
            "steer": 0.0
        },
        {
            "throttle": 0.14679246585287012,
            "brake": 0.0,
            "steer": 0.0
        },
        {
            "throttle": 0.12210439222021627,
            "brake": 0.0,
            "steer": 0.0
        },
        {
            "throttle": 0.1005505994828198,
            "brake": 0.0,
            "steer": 0.0
        },
        {
            "throttle": 0.08278482662903444,
            "brake": 0.0,
            "steer": 0.0
        },
        {
            "throttle": 0.06934591981527727,
            "brake": 0.0,
            "steer": 0.0
        },
        {
            "throttle": 0.060641488850738064,
            "brake": 0.0,
            "steer": 0.0
        },
        {
            "throttle": 0.05693554415633362,
            "brake": 0.0,
            "steer": 0.0
        },
        {
            "throttle": 0.05834048917608568,
            "brake": 0.0,
            "steer": 0.0
        },
        {
            "throttle": 0.06481371111571271,
            "brake": 0.0,
            "steer": 0.0
        },
        {
            "throttle": 0.0761588734133038,
            "brake": 0.0,
            "steer": 0.0
        },
        {
            "throttle": 0.0920318707406925,
            "brake": 0.0,
            "steer": 0.0
        },
        {
            "throttle": 0.11195126591689719,
            "brake": 0.0,
            "steer": 0.0
        },
        {
            "throttle": 0.13531289217601428,
            "brake": 0.0,
            "steer": 0.0
        },
        {
            "throttle": 0.16140817789433887,
            "brake": 0.0,
            "steer": 0.0
        },
        {
            "throttle": 0.18944563797715258,
            "brake": 0.0,
            "steer": 0.0
        },
        {
            "throttle": 0.21857488005899747,
            "brake": 0.0,
            "steer": 0.0
        },
        {
            "throttle": 0.24791239739551008,
            "brake": 0.0,
            "steer": 0.0
        },
        {
            "throttle": 0.27656836613350344,
            "brake": 0.0,
            "steer": 0.0
        },
        {
            "throttle": 0.3036736341826093,
            "brake": 0.0,
            "steer": 0.0
        },
        {
            "throttle": 0.32840608310040914,
            "brake": 0.0,
            "steer": 0.0
        },
        {
            "throttle": 0.3500155634198452,
            "brake": 0.0,
            "steer": 0.0
        },
        {
            "throttle": 0.3678466471160218,
            "brake": 0.0,
            "steer": 0.0
        },
        {
            "throttle": 0.381358507116933,
            "brake": 0.0,
            "steer": 0.0
        },
        {
            "throttle": 0.3901413209010674,
            "brake": 0.0,
            "steer": 0.0
        },
        {
            "throttle": 0.39392870065129726,
            "brake": 0.0,
            "steer": 0.0
        },
        {
            "throttle": 0.39260577295130117,
            "brake": 0.0,
            "steer": 0.0
        },
        {
            "throttle": 0.38621266296265977,
            "brake": 0.0,
            "steer": 0.0
        },
        {
            "throttle": 0.3749432774055187,
            "brake": 0.0,
            "steer": 0.0
        },
        {
            "throttle": 0.3591394232557199,
            "brake": 0.0,
            "steer": 0.0
        },
        {
            "throttle": 0.3392804405417149,
            "brake": 0.0,
            "steer": 0.0
        },
        {
            "throttle": 0.31596866368451987,
            "brake": 0.0,
            "steer": 0.0
        },
        {
            "throttle": 0.2899111523466747,
            "brake": 0.0,
            "steer": 0.0
        },
        {
            "throttle": 0.2618982459041103,
            "brake": 0.0,
            "steer": 0.0
        },
        {
            "throttle": 0.23277959199618803,
            "brake": 0.0,
            "steer": 0.0
        },
        {
            "throttle": 0.20343837622183755,
            "brake": 0.0,
            "steer": 0.0
        },
        {
            "throttle": 0.17476453461000277,
            "brake": 0.0,
            "steer": 0.0
        },
        {
            "throttle": 0.14762776134564323,
            "brake": 0.0,
            "steer": 0.0
        },
        {
            "throttle": 0.12285113044256105,
            "brake": 0.0,
            "steer": 0.0
        },
        {
            "throttle": 0.10118613143295775,
            "brake": 0.0,
            "steer": 0.0
        },
        {
            "throttle": 0.08328987625568249,
            "brake": 0.0,
            "steer": 0.0
        },
        {
            "throttle": 0.06970516867142167,
            "brake": 0.0,
            "steer": 0.0
        },
        {
            "throttle": 0.06084404071098384,
            "brake": 0.0,
            "steer": 0.0
        },
        {
            "throttle": 0.05697525550571706,
            "brake": 0.0,
            "steer": 0.0
        },
        {
            "throttle": 0.0582161555464332,
            "brake": 0.0,
            "steer": 0.0
        },
        {
            "throttle": 0.06452910361785666,
            "brake": 0.0,
            "steer": 0.0
        },
        {
            "throttle": 0.0757226243571115,
            "brake": 0.0,
            "steer": 0.0
        },
        {
            "throttle": 0.09145721181211994,
            "brake": 0.0,
            "steer": 0.0
        },
        {
            "throttle": 0.11125562685330855,
            "brake": 0.0,
            "steer": 0.0
        },
        {
            "throttle": 0.13451737211217574,
            "brake": 0.0,
            "steer": 0.0
        },
        {
            "throttle": 0.16053690541346968,
            "brake": 0.0,
            "steer": 0.0
        },
        {
            "throttle": 0.1885250392770529,
            "brake": 0.0,
            "steer": 0.0
        },
        {
            "throttle": 0.21763287743019927,
            "brake": 0.0,
            "steer": 0.0
        },
        {
            "throttle": 0.24697756232207094,
            "brake": 0.0,
            "steer": 0.0
        },
        {
            "throttle": 0.27566905270338526,
            "brake": 0.0,
            "steer": 0.0
        },
        {
            "throttle": 0.3028371190918064,
            "brake": 0.0,
            "steer": 0.0
        },
        {
            "throttle": 0.3276577383349968,
            "brake": 0.0,
            "steer": 0.0
        },
        {
            "throttle": 0.3493780867089812,
            "brake": 0.0,
            "steer": 0.0
        },
        {
            "throttle": 0.36733937349670587,
            "brake": 0.0,
            "steer": 0.0
        },
        {
            "throttle": 0.3809968224911616,
            "brake": 0.0,
            "steer": 0.0
        },
        {
            "throttle": 0.38993619537253577,
            "brake": 0.0,
            "steer": 0.0
        },
        {
            "throttle": 0.3938863557958153,
            "brake": 0.0,
            "steer": 0.0
        },
        {
            "throttle": 0.39272749311280436,
            "brake": 0.0,
            "steer": 0.0
        },
        {
            "throttle": 0.3864947562983149,
            "brake": 0.0,
            "steer": 0.0
        },
        {
            "throttle": 0.3753771878614507,
            "brake": 0.0,
            "steer": 0.0
        },
        {
            "throttle": 0.3597119900770698,
            "brake": 0.0,
            "steer": 0.0
        },
        {
            "throttle": 0.3399742974459395,
            "brake": 0.0,
            "steer": 0.0
        },
        {
            "throttle": 0.3167627655907765,
            "brake": 0.0,
            "steer": 0.0
        },
        {
            "throttle": 0.29078141368528304,
            "brake": 0.0,
            "steer": 0.0
        },
        {
            "throttle": 0.26281827114579903,
            "brake": 0.0,
            "steer": 0.0
        },
        {
            "throttle": 0.23372147624374984,
            "brake": 0.0,
            "steer": 0.0
        },
        {
            "throttle": 0.2043735515817863,
            "brake": 0.0,
            "steer": 0.0
        },
        {
            "throttle": 0.1756646366732899,
            "brake": 0.0,
            "steer": 0.0
        },
        {
            "throttle": 0.14846548949657498,
            "brake": 0.0,
            "steer": 0.0
        },
        {
            "throttle": 0.12360107590224746,
            "brake": 0.0,
            "steer": 0.0
        },
        {
            "throttle": 0.10182554792225873,
            "brake": 0.0,
            "steer": 0.0
        },
        {
            "throttle": 0.08379936990299773,
            "brake": 0.0,
            "steer": 0.0
        },
        {
            "throttle": 0.07006928624002279,
            "brake": 0.0,
            "steer": 0.0
        },
        {
            "throttle": 0.06105173830461388,
            "brake": 0.0,
            "steer": 0.0
        },
        {
            "throttle": 0.057020233536345576,
            "brake": 0.0,
            "steer": 0.0
        },
        {
            "throttle": 0.05809704980440135,
            "brake": 0.0,
            "steer": 0.0
        },
        {
            "throttle": 0.0642495266491443,
            "brake": 0.0,
            "steer": 0.0
        },
        {
            "throttle": 0.07529105589273045,
            "brake": 0.0,
            "steer": 0.0
        },
        {
            "throttle": 0.09088674157297229,
            "brake": 0.0,
            "steer": 0.0
        },
        {
            "throttle": 0.11056355753138791,
            "brake": 0.0,
            "steer": 0.0
        },
        {
            "throttle": 0.1337246945699212,
            "brake": 0.0,
            "steer": 0.0
        },
        {
            "throttle": 0.1596676620187779,
            "brake": 0.0,
            "steer": 0.0
        },
        {
            "throttle": 0.187605594684368,
            "brake": 0.0,
            "steer": 0.0
        },
        {
            "throttle": 0.21669111892530862,
            "brake": 0.0,
            "steer": 0.0
        },
        {
            "throttle": 0.24604205398461299,
            "brake": 0.0,
            "steer": 0.0
        },
        {
            "throttle": 0.27476816904180856,
            "brake": 0.0,
            "steer": 0.0
        },
        {
            "throttle": 0.30199818442813237,
            "brake": 0.0,
            "steer": 0.0
        },
        {
            "throttle": 0.32690619804234405,
            "brake": 0.0,
            "steer": 0.0
        },
        {
            "throttle": 0.3487367354386954,
            "brake": 0.0,
            "steer": 0.0
        },
        {
            "throttle": 0.36682766380341253,
            "brake": 0.0,
            "steer": 0.0
        },
        {
            "throttle": 0.38063027482554423,
            "brake": 0.0,
            "steer": 0.0
        },
        {
            "throttle": 0.38972592733709804,
            "brake": 0.0,
            "steer": 0.0
        },
        {
            "throttle": 0.39383874494157306,
            "brake": 0.0,
            "steer": 0.0
        },
        {
            "throttle": 0.3928439835044779,
            "brake": 0.0,
            "steer": 0.0
        },
        {
            "throttle": 0.3867718147150119,
            "brake": 0.0,
            "steer": 0.0
        },
        {
            "throttle": 0.3758064109612973,
            "brake": 0.0,
            "steer": 0.0
        },
        {
            "throttle": 0.3602803592754256,
            "brake": 0.0,
            "steer": 0.0
        },
        {
            "throttle": 0.3406645737765922,
            "brake": 0.0,
            "steer": 0.0
        },
        {
            "throttle": 0.31755401257374843,
            "brake": 0.0,
            "steer": 0.0
        },
        {
            "throttle": 0.29164963234236674,
            "brake": 0.0,
            "steer": 0.0
        },
        {
            "throttle": 0.2637371279034345,
            "brake": 0.0,
            "steer": 0.0
        }
    ],
    "parameters": {
        "fog_density": 68.78913332768418,
        "precipitation": 84.62084284900496,
        "precipitation_deposits": 57.01165740598204,
        "wind_intensity": 23.678104718523755,
        "sun_altitude_angle": 63.54453899023045,
        "cloudiness": 54.71061751825157,
        "lead_base_throttle": 0.2254417210328577,
        "lead_behavior_frequency": 0.2775305882990971,
        "lead_throttle_variation": 0.18747541178133276,
        "lead_brake_probability": 0.04613264634575032,
        "lead_brake_intensity": 0.6869742597094038,
        "lead_brake_duration": 10.76063621583233,
        "initial_distance": 39.95325775904629,
        "initial_ego_velocity": 11.404391385184224,
        "initial_lead_velocity": 14.942332309080138
    },
    "config": {
        "num_timesteps": 200,
        "dt": 0.1,
        "seed": 213
    }
}