{
    "weather": {
        "cloudiness": 30.333499461746516,
        "precipitation": 10.916825400997677,
        "precipitation_deposits": 17.6497963515998,
        "wind_intensity": 36.21419528810042,
        "sun_altitude_angle": 7.431116057023445,
        "fog_density": 76.92000956016628,
        "fog_distance": 76.99611455916428,
        "wetness": 5.4584127004988385
    },
    "initial_conditions": {
        "ego": {
            "position": {
                "x": 547.9675327691735,
                "y": 20.57,
                "z": 0.294
            },
            "yaw": 0.0,
            "velocity": 13.119460921603185
        },
        "lead": {
            "position": {
                "x": 484.88,
                "y": 20.57,
                "z": 0.294
            },
            "yaw": 0.0,
            "velocity": 21.85630975680338
        }
    },
    "ego": {
        "position": {
            "x": 547.9675327691735,
            "y": 20.57,
            "z": 0.294
        },
        "yaw": 0.0,
        "velocity": 13.119460921603185
    },
    "lead": {
        "position": {
            "x": 484.88,
            "y": 20.57,
            "z": 0.294
        },
        "yaw": 0.0,
        "velocity": 21.85630975680338
    },
    "ado_actions": [
        {
            "throttle": 0.5790922349204606,
            "brake": 0.0,
            "steer": 0.0
        },
        {
            "throttle": 0.5799319426062299,
            "brake": 0.0,
            "steer": 0.0
        },
        {
            "throttle": 0.5813513528577883,
            "brake": 0.0,
            "steer": 0.0
        },
        {
            "throttle": 0.5831604472726633,
            "brake": 0.0,
            "steer": 0.0
        },
        {
            "throttle": 0.5852183533904705,
            "brake": 0.0,
            "steer": 0.0
        },
        {
            "throttle": 0.5874188318980376,
            "brake": 0.0,
            "steer": 0.0
        },
        {
            "throttle": 0.5896801911947307,
            "brake": 0.0,
            "steer": 0.0
        },
        {
            "throttle": 0.5919382981751636,
            "brake": 0.0,
            "steer": 0.0
        },
        {
            "throttle": 0.5941417527490247,
            "brake": 0.0,
            "steer": 0.0
        },
        {
            "throttle": 0.5962485727163813,
            "brake": 0.0,
            "steer": 0.0
        },
        {
            "throttle": 0.4173740009014669,
            "brake": 0.08182472016793661,
            "steer": 0.0
        },
        {
            "throttle": 0.2921618006310268,
            "brake": 0.13910202428549223,
            "steer": 0.0
        },
        {
            "throttle": 0.20451326044171875,
            "brake": 0.17919613716778116,
            "steer": 0.0
        },
        {
            "throttle": 0.1431592823092031,
            "brake": 0.20726201618538342,
            "steer": 0.0
        },
        {
            "throttle": 0.10021149761644217,
            "brake": 0.226908131497705,
            "steer": 0.0
        },
        {
            "throttle": 0.07014804833150952,
            "brake": 0.2406604122163301,
            "steer": 0.0
        },
        {
            "throttle": 0.04910363383205666,
            "brake": 0.25028700871936765,
            "steer": 0.0
        },
        {
            "throttle": 0.21662225253930412,
            "brake": 0.17520090610355735,
            "steer": 0.0
        },
        {
            "throttle": 0.3337613985191311,
            "brake": 0.12264063427249014,
            "steer": 0.0
        },
        {
            "throttle": 0.4155539750924935,
            "brake": 0.0858484439907431,
            "steer": 0.0
        },
        {
            "throttle": 0.47252498862295944,
            "brake": 0.06009391079352016,
            "steer": 0.0
        },
        {
            "throttle": 0.3307674920360716,
            "brake": 0.12389045772340072,
            "steer": 0.0
        },
        {
            "throttle": 0.2315372444252501,
            "brake": 0.1685480405743171,
            "steer": 0.0
        },
        {
            "throttle": 0.16207607109767505,
            "brake": 0.19980834856995858,
            "steer": 0.0
        },
        {
            "throttle": 0.11345324976837252,
            "brake": 0.22169056416690763,
            "steer": 0.0
        },
        {
            "throttle": 0.07941727483786076,
            "brake": 0.23700811508477193,
            "steer": 0.0
        },
        {
            "throttle": 0.05559209238650253,
            "brake": 0.24773040072727698,
            "steer": 0.0
        },
        {
            "throttle": 0.03891446467055177,
            "brake": 0.2552360006770305,
            "steer": 0.0
        },
        {
            "throttle": 0.20423698311195068,
            "brake": 0.17866520047392134,
            "steer": 0.0
        },
        {
            "throttle": 0.31917087775586606,
            "brake": 0.12506564033174494,
            "steer": 0.0
        },
        {
            "throttle": 0.3988088601909622,
            "brake": 0.08754594823222145,
            "steer": 0.0
        },
        {
            "throttle": 0.45372369038800475,
            "brake": 0.06128216376255501,
            "steer": 0.0
        },
        {
            "throttle": 0.49132431651969244,
            "brake": 0.042897514633788505,
            "steer": 0.0
        },
        {
            "throttle": 0.5168050955772223,
            "brake": 0.03002826024365195,
            "steer": 0.0
        },
        {
            "throttle": 0.5338101698017268,
            "brake": 0.021019782170556365,
            "steer": 0.0
        },
        {
            "throttle": 0.544898452195016,
            "brake": 0.014713847519389454,
            "steer": 0.0
        },
        {
            "throttle": 0.5518690391463814,
            "brake": 0.010299693263572617,
            "steer": 0.0
        },
        {
            "throttle": 0.555988923545517,
            "brake": 0.0072097852845008316,
            "steer": 0.0
        },
        {
            "throttle": 0.5581523204704107,
            "brake": 0.005046849699150582,
            "steer": 0.0
        },
        {
            "throttle": 0.5589921246206919,
            "brake": 0.003532794789405407,
            "steer": 0.0
        },
        {
            "throttle": 0.5589578635956891,
            "brake": 0.0024729563525837848,
            "steer": 0.0
        },
        {
            "throttle": 0.5583702025316822,
            "brake": 0.0017310694468086491,
            "steer": 0.0
        },
        {
            "throttle": 0.5574590395623568,
            "brake": 0.0012117486127660544,
            "steer": 0.0
        },
        {
            "throttle": 0.5563901202841832,
            "brake": 0.000848224028936238,
            "steer": 0.0
        },
        {
            "throttle": 0.5552836214585277,
            "brake": 0.0005937568202553665,
            "steer": 0.0
        },
        {
            "throttle": 0.5542271195601713,
            "brake": 0.00041562977417875657,
            "steer": 0.0
        },
        {
            "throttle": 0.5532846354849337,
            "brake": 0.0002909408419251296,
            "steer": 0.0
        },
        {
            "throttle": 0.5525029396559943,
            "brake": 0.0002036585893475907,
            "steer": 0.0
        },
        {
            "throttle": 0.551915946749026,
            "brake": 0.00014256101254331348,
            "steer": 0.0
        },
        {
            "throttle": 0.5515477806718849,
            "brake": 9.979270878031943e-05,
            "steer": 0.0
        },
        {
            "throttle": 0.5514149163530523,
            "brake": 6.985489614622359e-05,
            "steer": 0.0
        },
        {
            "throttle": 0.5515276829623985,
            "brake": 4.8898427302356515e-05,
            "steer": 0.0
        },
        {
            "throttle": 0.5518913277625177,
            "brake": 3.422889911164956e-05,
            "steer": 0.0
        },
        {
            "throttle": 0.5525067799176413,
            "brake": 2.396022937815469e-05,
            "steer": 0.0
        },
        {
            "throttle": 0.5533712116048324,
            "brake": 1.677216056470828e-05,
            "steer": 0.0
        },
        {
            "throttle": 0.554478464313883,
            "brake": 1.1740512395295796e-05,
            "steer": 0.0
        },
        {
            "throttle": 0.5558193875333394,
            "brake": 8.218358676707057e-06,
            "steer": 0.0
        },
        {
            "throttle": 0.5573821224726803,
            "brake": 5.752851073694939e-06,
            "steer": 0.0
        },
        {
            "throttle": 0.5591523532261521,
            "brake": 4.026995751586457e-06,
            "steer": 0.0
        },
        {
            "throttle": 0.5611135405555705,
            "brake": 2.81889702611052e-06,
            "steer": 0.0
        },
        {
            "throttle": 0.5632471483575309,
            "brake": 1.9732279182773638e-06,
            "steer": 0.0
        },
        {
            "throttle": 0.5655328692554057,
            "brake": 1.3812595427941546e-06,
            "steer": 0.0
        },
        {
            "throttle": 0.5679488531780446,
            "brake": 9.668816799559082e-07,
            "steer": 0.0
        },
        {
            "throttle": 0.570471940947481,
            "brake": 6.768171759691357e-07,
            "steer": 0.0
        },
        {
            "throttle": 0.5730779035820927,
            "brake": 4.7377202317839495e-07,
            "steer": 0.0
        },
        {
            "throttle": 0.5757416870792745,
            "brake": 3.3164041622487645e-07,
            "steer": 0.0
        },
        {
            "throttle": 0.57843766176776,
            "brake": 2.3214829135741349e-07,
            "steer": 0.0
        },
        {
            "throttle": 0.581139874840904,
            "brake": 1.6250380395018942e-07,
            "steer": 0.0
        },
        {
            "throttle": 0.5838223043472386,
            "brake": 1.1375266276513258e-07,
            "steer": 0.0
        },
        {
            "throttle": 0.5864591126875282,
            "brake": 7.96268639355928e-08,
            "steer": 0.0
        },
        {
            "throttle": 0.5890248975231722,
            "brake": 5.573880475491496e-08,
            "steer": 0.0
        },
        {
            "throttle": 0.5914949379213678,
            "brake": 3.901716332844047e-08,
            "steer": 0.0
        },
        {
            "throttle": 0.593845433535272,
            "brake": 2.731201432990833e-08,
            "steer": 0.0
        },
        {
            "throttle": 0.5960537346333821,
            "brake": 1.9118410030935828e-08,
            "steer": 0.0
        },
        {
            "throttle": 0.598098560844737,
            "brake": 1.3382887021655079e-08,
            "steer": 0.0
        },
        {
            "throttle": 0.599960206570231,
            "brake": 9.368020915158555e-09,
            "steer": 0.0
        },
        {
            "throttle": 0.6016207311212948,
            "brake": 6.5576146406109875e-09,
            "steer": 0.0
        },
        {
            "throttle": 0.60306413178211,
            "brake": 4.590330248427691e-09,
            "steer": 0.0
        },
        {
            "throttle": 0.6042764981475017,
            "brake": 3.2132311738993837e-09,
            "steer": 0.0
        },
        {
            "throttle": 0.6052461462630946,
            "brake": 2.2492618217295685e-09,
            "steer": 0.0
        },
        {
            "throttle": 0.6059637312847672,
            "brake": 1.574483275210698e-09,
            "steer": 0.0
        },
        {
            "throttle": 0.6064223375785104,
            "brake": 1.1021382926474884e-09,
            "steer": 0.0
        },
        {
            "throttle": 0.6066175453971545,
            "brake": 7.714968048532418e-10,
            "steer": 0.0
        },
        {
            "throttle": 0.60654747349473,
            "brake": 5.400477633972692e-10,
            "steer": 0.0
        },
        {
            "throttle": 0.6062127972701192,
            "brake": 3.7803343437808843e-10,
            "steer": 0.0
        },
        {
            "throttle": 0.6056167422667879,
            "brake": 2.646234040646619e-10,
            "steer": 0.0
        },
        {
            "throttle": 0.6047650530924009,
            "brake": 1.8523638284526331e-10,
            "steer": 0.0
        },
        {
            "throttle": 0.6036659380586747,
            "brake": 1.296654679916843e-10,
            "steer": 0.0
        },
        {
            "throttle": 0.6023299900755726,
            "brake": 9.076582759417901e-11,
            "steer": 0.0
        },
        {
            "throttle": 0.600770084562637,
            "brake": 6.35360793159253e-11,
            "steer": 0.0
        },
        {
            "throttle": 0.5990012553616301,
            "brake": 4.447525552114771e-11,
            "steer": 0.0
        },
        {
            "throttle": 0.5970405498465884,
            "brake": 3.113267886480339e-11,
            "steer": 0.0
        },
        {
            "throttle": 0.5949068646278288,
            "brake": 2.1792875205362375e-11,
            "steer": 0.0
        },
        {
            "throttle": 0.5926207634334271,
            "brake": 1.525501264375366e-11,
            "steer": 0.0
        },
        {
            "throttle": 0.5902042789234327,
            "brake": 1.0678508850627563e-11,
            "steer": 0.0
        },
        {
            "throttle": 0.587680700346914,
            "brake": 7.474956195439294e-12,
            "steer": 0.0
        },
        {
            "throttle": 0.5850743490883519,
            "brake": 5.2324693368075055e-12,
            "steer": 0.0
        },
        {
            "throttle": 0.5824103442666156,
            "brake": 3.662728535765253e-12,
            "steer": 0.0
        },
        {
            "throttle": 0.5797143606456099,
            "brake": 2.563909975035677e-12,
            "steer": 0.0
        },
        {
            "throttle": 0.5770123811897802,
            "brake": 1.7947369825249739e-12,
            "steer": 0.0
        },
        {
            "throttle": 0.5743304466492688,
            "brake": 1.2563158877674815e-12,
            "steer": 0.0
        },
        {
            "throttle": 0.5716944045881398,
            "brake": 8.79421121437237e-13,
            "steer": 0.0
        },
        {
            "throttle": 0.5691296602744553,
            "brake": 6.155947850060658e-13,
            "steer": 0.0
        },
        {
            "throttle": 0.5666609318330429,
            "brake": 4.3091634950424604e-13,
            "steer": 0.0
        },
        {
            "throttle": 0.5643120120207094,
            "brake": 3.016414446529722e-13,
            "steer": 0.0
        },
        {
            "throttle": 0.5621055389198298,
            "brake": 2.1114901125708053e-13,
            "steer": 0.0
        },
        {
            "throttle": 0.5600627777602909,
            "brake": 1.4780430787995637e-13,
            "steer": 0.0
        },
        {
            "throttle": 0.5582034159725124,
            "brake": 1.0346301551596945e-13,
            "steer": 0.0
        },
        {
            "throttle": 0.5565453734467586,
            "brake": 7.242411086117861e-14,
            "steer": 0.0
        },
        {
            "throttle": 0.5551046298273915,
            "brake": 5.0696877602825026e-14,
            "steer": 0.0
        },
        {
            "throttle": 0.5538950705065497,
            "brake": 3.5487814321977514e-14,
            "steer": 0.0
        },
        {
            "throttle": 0.5529283528015083,
            "brake": 2.4841470025384258e-14,
            "steer": 0.0
        },
        {
            "throttle": 0.5522137936054602,
            "brake": 1.738902901776898e-14,
            "steer": 0.0
        },
        {
            "throttle": 0.5517582795944999,
            "brake": 1.2172320312438284e-14,
            "steer": 0.0
        },
        {
            "throttle": 0.5515662008562049,
            "brake": 8.520624218706799e-15,
            "steer": 0.0
        },
        {
            "throttle": 0.5516394085794802,
            "brake": 5.964436953094759e-15,
            "steer": 0.0
        },
        {
            "throttle": 0.5519771972134354,
            "brake": 4.175105867166331e-15,
            "steer": 0.0
        },
        {
            "throttle": 0.5525763112672417,
            "brake": 2.9225741070164315e-15,
            "steer": 0.0
        },
        {
            "throttle": 0.5534309766854347,
            "brake": 2.045801874911502e-15,
            "steer": 0.0
        },
        {
            "throttle": 0.5545329564962775,
            "brake": 1.4320613124380513e-15,
            "steer": 0.0
        },
        {
            "throttle": 0.5558716301968655,
            "brake": 1.002442918706636e-15,
            "steer": 0.0
        },
        {
            "throttle": 0.5574340961098846,
            "brake": 7.017100430946451e-16,
            "steer": 0.0
        },
        {
            "throttle": 0.5592052957255467,
            "brake": 4.911970301662516e-16,
            "steer": 0.0
        },
        {
            "throttle": 0.5611681588303338,
            "brake": 3.438379211163761e-16,
            "steer": 0.0
        },
        {
            "throttle": 0.5633037680238531,
            "brake": 2.4068654478146325e-16,
            "steer": 0.0
        },
        {
            "throttle": 0.5655915410382439,
            "brake": 1.6848058134702427e-16,
            "steer": 0.0
        },
        {
            "throttle": 0.5680094291030061,
            "brake": 1.1793640694291699e-16,
            "steer": 0.0
        },
        {
            "throttle": 0.570534129443476,
            "brake": 8.255548486004188e-17,
            "steer": 0.0
        },
        {
            "throttle": 0.573141309864965,
            "brake": 5.778883940202932e-17,
            "steer": 0.0
        },
        {
            "throttle": 0.5758058432580944,
            "brake": 4.045218758142052e-17,
            "steer": 0.0
        },
        {
            "throttle": 0.5785020497652443,
            "brake": 2.831653130699436e-17,
            "steer": 0.0
        },
        {
            "throttle": 0.5812039442742013,
            "brake": 1.9821571914896053e-17,
            "steer": 0.0
        },
        {
            "throttle": 0.5838854868537443,
            "brake": 1.3875100340427236e-17,
            "steer": 0.0
        },
        {
            "throttle": 0.5865208337175571,
            "brake": 9.712570238299065e-18,
            "steer": 0.0
        },
        {
            "throttle": 0.5890845862977647,
            "brake": 6.798799166809345e-18,
            "steer": 0.0
        },
        {
            "throttle": 0.5915520360276056,
            "brake": 4.759159416766541e-18,
            "steer": 0.0
        },
        {
            "throttle": 0.5938994024741119,
            "brake": 3.3314115917365784e-18,
            "steer": 0.0
        },
        {
            "throttle": 0.5961040625257537,
            "brake": 2.331988114215605e-18,
            "steer": 0.0
        },
        {
            "throttle": 0.5981447684262177,
            "brake": 1.6323916799509233e-18,
            "steer": 0.0
        },
        {
            "throttle": 0.600001852552984,
            "brake": 1.1426741759656463e-18,
            "steer": 0.0
        },
        {
            "throttle": 0.6016574169671166,
            "brake": 7.998719231759524e-19,
            "steer": 0.0
        },
        {
            "throttle": 0.6030955059074512,
            "brake": 5.599103462231667e-19,
            "steer": 0.0
        },
        {
            "throttle": 0.6043022595667406,
            "brake": 3.9193724235621663e-19,
            "steer": 0.0
        },
        {
            "throttle": 0.4230115816967184,
            "brake": 0.08182472016793661,
            "steer": 0.0
        },
        {
            "throttle": 0.29610810718770286,
            "brake": 0.13910202428549223,
            "steer": 0.0
        },
        {
            "throttle": 0.207275675031392,
            "brake": 0.17919613716778116,
            "steer": 0.0
        },
        {
            "throttle": 0.1450929725219744,
            "brake": 0.20726201618538342,
            "steer": 0.0
        },
        {
            "throttle": 0.10156508076538207,
            "brake": 0.226908131497705,
            "steer": 0.0
        },
        {
            "throttle": 0.07109555653576743,
            "brake": 0.2406604122163301,
            "steer": 0.0
        },
        {
            "throttle": 0.0497668895750372,
            "brake": 0.25028700871936765,
            "steer": 0.0
        },
        {
            "throttle": 0.21565904394457758,
            "brake": 0.17520090610355735,
            "steer": 0.0
        },
        {
            "throttle": 0.33127905725693385,
            "brake": 0.12264063427249014,
            "steer": 0.0
        },
        {
            "throttle": 0.4116450591329199,
            "brake": 0.0858484439907431,
            "steer": 0.0
        },
        {
            "throttle": 0.4672752145677366,
            "brake": 0.06009391079352016,
            "steer": 0.0
        },
        {
            "throttle": 0.505538272673164,
            "brake": 0.04206573755546411,
            "steer": 0.0
        },
        {
            "throttle": 0.5315988926471853,
            "brake": 0.029446016288824876,
            "steer": 0.0
        },
        {
            "throttle": 0.5490793089723758,
            "brake": 0.02061221140217741,
            "steer": 0.0
        },
        {
            "throttle": 0.5605224298509722,
            "brake": 0.014428547981524186,
            "steer": 0.0
        },
        {
            "throttle": 0.5677159353298509,
            "brake": 0.01009998358706693,
            "steer": 0.0
        },
        {
            "throttle": 0.5719190723148235,
            "brake": 0.00706998851094685,
            "steer": 0.0
        },
        {
            "throttle": 0.574021335223874,
            "brake": 0.004948991957662794,
            "steer": 0.0
        },
        {
            "throttle": 0.5746534651351531,
            "brake": 0.003464294370363956,
            "steer": 0.0
        },
        {
            "throttle": 0.5742650711738853,
            "brake": 0.002425006059254769,
            "steer": 0.0
        },
        {
            "throttle": 0.5731788875109901,
            "brake": 0.0016975042414783383,
            "steer": 0.0
        },
        {
            "throttle": 0.5716286760858543,
            "brake": 0.0011882529690348366,
            "steer": 0.0
        },
        {
            "throttle": 0.569785682875752,
            "brake": 0.0008317770783243856,
            "steer": 0.0
        },
        {
            "throttle": 0.5677770839166261,
            "brake": 0.0005822439548270699,
            "steer": 0.0
        },
        {
            "throttle": 0.5656988271256189,
            "brake": 0.0004075707683789489,
            "steer": 0.0
        },
        {
            "throttle": 0.563624554839042,
            "brake": 0.0002852995378652642,
            "steer": 0.0
        },
        {
            "throttle": 0.5616117871485595,
            "brake": 0.00019970967650568492,
            "steer": 0.0
        },
        {
            "throttle": 0.5597061926953112,
            "brake": 0.00013979677355397945,
            "steer": 0.0
        },
        {
            "throttle": 0.5579445261383411,
            "brake": 9.785774148778561e-05,
            "steer": 0.0
        },
        {
            "throttle": 0.5563566382507924,
            "brake": 6.850041904144992e-05,
            "steer": 0.0
        },
        {
            "throttle": 0.5549668432558916,
            "brake": 4.795029332901494e-05,
            "steer": 0.0
        },
        {
            "throttle": 0.5537948430140537,
            "brake": 3.3565205330310454e-05,
            "steer": 0.0
        },
        {
            "throttle": 0.5528563481065845,
            "brake": 2.3495643731217316e-05,
            "steer": 0.0
        },
        {
            "throttle": 0.5521634940969213,
            "brake": 1.644695061185212e-05,
            "steer": 0.0
        },
        {
            "throttle": 0.5517251219443391,
            "brake": 1.1512865428296483e-05,
            "steer": 0.0
        },
        {
            "throttle": 0.5515469709582903,
            "brake": 8.059005799807537e-06,
            "steer": 0.0
        },
        {
            "throttle": 0.55163181819724,
            "brake": 5.641304059865276e-06,
            "steer": 0.0
        },
        {
            "throttle": 0.5519795880029607,
            "brake": 3.948912841905692e-06,
            "steer": 0.0
        },
        {
            "throttle": 0.5525874481387401,
            "brake": 2.7642389893339847e-06,
            "steer": 0.0
        },
        {
            "throttle": 0.5534499038718351,
            "brake": 1.934967292533789e-06,
            "steer": 0.0
        },
        {
            "throttle": 0.5545588976802486,
            "brake": 1.3544771047736524e-06,
            "steer": 0.0
        },
        {
            "throttle": 0.5559039196336591,
            "brake": 9.481339733415567e-07,
            "steer": 0.0
        },
        {
            "throttle": 0.5574721315922311,
            "brake": 6.636937813390896e-07,
            "steer": 0.0
        },
        {
            "throttle": 0.5592485069715932,
            "brake": 4.645856469373627e-07,
            "steer": 0.0
        },
        {
            "throttle": 0.5612159867886766,
            "brake": 3.252099528561539e-07,
            "steer": 0.0
        },
        {
            "throttle": 0.5633556519276781,
            "brake": 2.276469669993077e-07,
            "steer": 0.0
        },
        {
            "throttle": 0.5656469109761415,
            "brake": 1.5935287689951538e-07,
            "steer": 0.0
        },
        {
            "throttle": 0.5680677025280173,
            "brake": 1.1154701382966076e-07,
            "steer": 0.0
        },
        {
            "throttle": 0.5705947104989852,
            "brake": 7.808290968076252e-08,
            "steer": 0.0
        },
        {
            "throttle": 0.573203590725415,
            "brake": 5.4658036776533763e-08,
            "steer": 0.0
        },
        {
            "throttle": 0.5758692069056376,
            "brake": 3.8260625743573634e-08,
            "steer": 0.0
        },
        {
            "throttle": 0.5785658737793952,
            "brake": 2.678243802050154e-08,
            "steer": 0.0
        },
        {
            "throttle": 0.5812676053206435,
            "brake": 1.8747706614351077e-08,
            "steer": 0.0
        },
        {
            "throttle": 0.5839483656349054,
            "brake": 1.3123394630045752e-08,
            "steer": 0.0
        },
        {
            "throttle": 0.5865823202013509,
            "brake": 9.186376241032026e-09,
            "steer": 0.0
        },
        {
            "throttle": 0.589144085078986,
            "brake": 6.4304633687224175e-09,
            "steer": 0.0
        },
        {
            "throttle": 0.591608971703722,
            "brake": 4.501324358105692e-09,
            "steer": 0.0
        }
    ],
    "parameters": {
        "fog_density": 76.92000956016628,
        "precipitation": 10.916825400997677,
        "precipitation_deposits": 17.6497963515998,
        "wind_intensity": 36.21419528810042,
        "sun_altitude_angle": 7.431116057023445,
        "cloudiness": 30.333499461746516,
        "lead_base_throttle": 0.5790922349204606,
        "lead_behavior_frequency": 0.15630771241822183,
        "lead_throttle_variation": 0.028545981528684063,
        "lead_brake_probability": 0.06451526741741533,
        "lead_brake_intensity": 0.27274906722645537,
        "lead_brake_duration": 7.384056182355115,
        "initial_distance": 63.087532769173514,
        "initial_ego_velocity": 13.119460921603185,
        "initial_lead_velocity": 21.85630975680338
    },
    "config": {
        "num_timesteps": 200,
        "dt": 0.1,
        "seed": 112
    }
}