{
    "weather": {
        "cloudiness": 61.57369127580456,
        "precipitation": 84.47197993033933,
        "precipitation_deposits": 44.294233141318315,
        "wind_intensity": 31.962023373066238,
        "sun_altitude_angle": 4.197541159965674,
        "fog_density": 73.98560566561369,
        "fog_distance": 84.90800900699725,
        "wetness": 42.235989965169665
    },
    "initial_conditions": {
        "ego": {
            "position": {
                "x": 501.9235877008331,
                "y": 20.57,
                "z": 0.294
            },
            "yaw": 0.0,
            "velocity": 6.488595617520101
        },
        "lead": {
            "position": {
                "x": 484.88,
                "y": 20.57,
                "z": 0.294
            },
            "yaw": 0.0,
            "velocity": 19.82060008733256
        }
    },
    "ego": {
        "position": {
            "x": 501.9235877008331,
            "y": 20.57,
            "z": 0.294
        },
        "yaw": 0.0,
        "velocity": 6.488595617520101
    },
    "lead": {
        "position": {
            "x": 484.88,
            "y": 20.57,
            "z": 0.294
        },
        "yaw": 0.0,
        "velocity": 19.82060008733256
    },
    "ado_actions": [
        {
            "throttle": 0.5895463711012392,
            "brake": 0.0,
            "steer": 0.0
        },
        {
            "throttle": 0.5899134157794863,
            "brake": 0.0,
            "steer": 0.0
        },
        {
            "throttle": 0.5905364011971088,
            "brake": 0.0,
            "steer": 0.0
        },
        {
            "throttle": 0.5913365667346351,
            "brake": 0.0,
            "steer": 0.0
        },
        {
            "throttle": 0.5922577974352313,
            "brake": 0.0,
            "steer": 0.0
        },
        {
            "throttle": 0.5932598382964828,
            "brake": 0.0,
            "steer": 0.0
        },
        {
            "throttle": 0.5943135469045895,
            "brake": 0.0,
            "steer": 0.0
        },
        {
            "throttle": 0.5953975728795922,
            "brake": 0.0,
            "steer": 0.0
        },
        {
            "throttle": 0.5964960360526369,
            "brake": 0.0,
            "steer": 0.0
        },
        {
            "throttle": 0.5975969037130627,
            "brake": 0.0,
            "steer": 0.0
        },
        {
            "throttle": 0.5986908571549507,
            "brake": 0.0,
            "steer": 0.0
        },
        {
            "throttle": 0.5997705006772068,
            "brake": 0.0,
            "steer": 0.0
        },
        {
            "throttle": 0.6008298102385048,
            "brake": 0.0,
            "steer": 0.0
        },
        {
            "throttle": 0.6018637498016635,
            "brake": 0.0,
            "steer": 0.0
        },
        {
            "throttle": 0.6028680049854899,
            "brake": 0.0,
            "steer": 0.0
        },
        {
            "throttle": 0.6038387987507452,
            "brake": 0.0,
            "steer": 0.0
        },
        {
            "throttle": 0.6047727644231453,
            "brake": 0.0,
            "steer": 0.0
        },
        {
            "throttle": 0.6056668587599228,
            "brake": 0.0,
            "steer": 0.0
        },
        {
            "throttle": 0.6065183029492531,
            "brake": 0.0,
            "steer": 0.0
        },
        {
            "throttle": 0.6073245430600593,
            "brake": 0.0,
            "steer": 0.0
        },
        {
            "throttle": 0.6080832239997295,
            "brake": 0.0,
            "steer": 0.0
        },
        {
            "throttle": 0.6087921728155892,
            "brake": 0.0,
            "steer": 0.0
        },
        {
            "throttle": 0.609449388421087,
            "brake": 0.0,
            "steer": 0.0
        },
        {
            "throttle": 0.610053035699542,
            "brake": 0.0,
            "steer": 0.0
        },
        {
            "throttle": 0.6106014425489548,
            "brake": 0.0,
            "steer": 0.0
        },
        {
            "throttle": 0.6110930988591674,
            "brake": 0.0,
            "steer": 0.0
        },
        {
            "throttle": 0.6115266567124513,
            "brake": 0.0,
            "steer": 0.0
        },
        {
            "throttle": 0.6119009313088039,
            "brake": 0.0,
            "steer": 0.0
        },
        {
            "throttle": 0.6122149022647323,
            "brake": 0.0,
            "steer": 0.0
        },
        {
            "throttle": 0.612467715037914,
            "brake": 0.0,
            "steer": 0.0
        },
        {
            "throttle": 0.6126586823030117,
            "brake": 0.0,
            "steer": 0.0
        },
        {
            "throttle": 0.6127872851553211,
            "brake": 0.0,
            "steer": 0.0
        },
        {
            "throttle": 0.6128531740552704,
            "brake": 0.0,
            "steer": 0.0
        },
        {
            "throttle": 0.6128561694526168,
            "brake": 0.0,
            "steer": 0.0
        },
        {
            "throttle": 0.6127962620476243,
            "brake": 0.0,
            "steer": 0.0
        },
        {
            "throttle": 0.6126736126598027,
            "brake": 0.0,
            "steer": 0.0
        },
        {
            "throttle": 0.6124885516844563,
            "brake": 0.0,
            "steer": 0.0
        },
        {
            "throttle": 0.6122415781244372,
            "brake": 0.0,
            "steer": 0.0
        },
        {
            "throttle": 0.6119333581898674,
            "brake": 0.0,
            "steer": 0.0
        },
        {
            "throttle": 0.6115647234627088,
            "brake": 0.0,
            "steer": 0.0
        },
        {
            "throttle": 0.6111366686263136,
            "brake": 0.0,
            "steer": 0.0
        },
        {
            "throttle": 0.6106503487626979,
            "brake": 0.0,
            "steer": 0.0
        },
        {
            "throttle": 0.6101070762224707,
            "brake": 0.0,
            "steer": 0.0
        },
        {
            "throttle": 0.6095083170742087,
            "brake": 0.0,
            "steer": 0.0
        },
        {
            "throttle": 0.6088556871416991,
            "brake": 0.0,
            "steer": 0.0
        },
        {
            "throttle": 0.6081509476389353,
            "brake": 0.0,
            "steer": 0.0
        },
        {
            "throttle": 0.6073960004140752,
            "brake": 0.0,
            "steer": 0.0
        },
        {
            "throttle": 0.6065928828148016,
            "brake": 0.0,
            "steer": 0.0
        },
        {
            "throttle": 0.6057437621886619,
            "brake": 0.0,
            "steer": 0.0
        },
        {
            "throttle": 0.6048509300330343,
            "brake": 0.0,
            "steer": 0.0
        },
        {
            "throttle": 0.6039167958103717,
            "brake": 0.0,
            "steer": 0.0
        },
        {
            "throttle": 0.6029438804453195,
            "brake": 0.0,
            "steer": 0.0
        },
        {
            "throttle": 0.6019348095211874,
            "brake": 0.0,
            "steer": 0.0
        },
        {
            "throttle": 0.600892306194091,
            "brake": 0.0,
            "steer": 0.0
        },
        {
            "throttle": 0.5998191838438518,
            "brake": 0.0,
            "steer": 0.0
        },
        {
            "throttle": 0.598718338481467,
            "brake": 0.0,
            "steer": 0.0
        },
        {
            "throttle": 0.5975927409336204,
            "brake": 0.0,
            "steer": 0.0
        },
        {
            "throttle": 0.5964454288253163,
            "brake": 0.0,
            "steer": 0.0
        },
        {
            "throttle": 0.5952794983822659,
            "brake": 0.0,
            "steer": 0.0
        },
        {
            "throttle": 0.5940980960751405,
            "brake": 0.0,
            "steer": 0.0
        },
        {
            "throttle": 0.5929044101282395,
            "brake": 0.0,
            "steer": 0.0
        },
        {
            "throttle": 0.5917016619154848,
            "brake": 0.0,
            "steer": 0.0
        },
        {
            "throttle": 0.59049309726696,
            "brake": 0.0,
            "steer": 0.0
        },
        {
            "throttle": 0.5892819777094526,
            "brake": 0.0,
            "steer": 0.0
        },
        {
            "throttle": 0.5880715716646385,
            "brake": 0.0,
            "steer": 0.0
        },
        {
            "throttle": 0.5868651456286609,
            "brake": 0.0,
            "steer": 0.0
        },
        {
            "throttle": 0.5856659553569064,
            "brake": 0.0,
            "steer": 0.0
        },
        {
            "throttle": 0.5844772370777678,
            "brake": 0.0,
            "steer": 0.0
        },
        {
            "throttle": 0.5833021987591048,
            "brake": 0.0,
            "steer": 0.0
        },
        {
            "throttle": 0.5821440114509708,
            "brake": 0.0,
            "steer": 0.0
        },
        {
            "throttle": 0.581005800727969,
            "brake": 0.0,
            "steer": 0.0
        },
        {
            "throttle": 0.579890638254333,
            "brake": 0.0,
            "steer": 0.0
        },
        {
            "throttle": 0.5788015334944934,
            "brake": 0.0,
            "steer": 0.0
        },
        {
            "throttle": 0.4051610734461453,
            "brake": 0.21052855819772484,
            "steer": 0.0
        },
        {
            "throttle": 0.2836127514123017,
            "brake": 0.3578985489361322,
            "steer": 0.0
        },
        {
            "throttle": 0.19852892598861116,
            "brake": 0.46105754245301733,
            "steer": 0.0
        },
        {
            "throttle": 0.1389702481920278,
            "brake": 0.5332688379148369,
            "steer": 0.0
        },
        {
            "throttle": 0.09727917373441945,
            "brake": 0.5838167447381106,
            "steer": 0.0
        },
        {
            "throttle": 0.23937543488897062,
            "brake": 0.4086717213166774,
            "steer": 0.0
        },
        {
            "throttle": 0.33862533225110236,
            "brake": 0.2860702049216742,
            "steer": 0.0
        },
        {
            "throttle": 0.4078984310245567,
            "brake": 0.20024914344517192,
            "steer": 0.0
        },
        {
            "throttle": 0.45620397152446024,
            "brake": 0.14017440041162033,
            "steer": 0.0
        },
        {
            "throttle": 0.4898489229233326,
            "brake": 0.09812208028813423,
            "steer": 0.0
        },
        {
            "throttle": 0.5132486195213835,
            "brake": 0.06868545620169396,
            "steer": 0.0
        },
        {
            "throttle": 0.5294942049054494,
            "brake": 0.04807981934118577,
            "steer": 0.0
        },
        {
            "throttle": 0.5407498417549339,
            "brake": 0.03365587353883004,
            "steer": 0.0
        },
        {
            "throttle": 0.5485307577285887,
            "brake": 0.023559111477181024,
            "steer": 0.0
        },
        {
            "throttle": 0.5538978767384609,
            "brake": 0.016491378034026716,
            "steer": 0.0
        },
        {
            "throttle": 0.5575940601277188,
            "brake": 0.0115439646238187,
            "steer": 0.0
        },
        {
            "throttle": 0.5601394749159803,
            "brake": 0.00808077523667309,
            "steer": 0.0
        },
        {
            "throttle": 0.5618983511282452,
            "brake": 0.005656542665671162,
            "steer": 0.0
        },
        {
            "throttle": 0.5631257116198978,
            "brake": 0.003959579865969813,
            "steer": 0.0
        },
        {
            "throttle": 0.5640000827873273,
            "brake": 0.0027717059061788687,
            "steer": 0.0
        },
        {
            "throttle": 0.5646463920373026,
            "brake": 0.001940194134325208,
            "steer": 0.0
        },
        {
            "throttle": 0.5651519961263712,
            "brake": 0.0013581358940276454,
            "steer": 0.0
        },
        {
            "throttle": 0.5655779012478725,
            "brake": 0.0009506951258193518,
            "steer": 0.0
        },
        {
            "throttle": 0.565966617480205,
            "brake": 0.0006654865880735462,
            "steer": 0.0
        },
        {
            "throttle": 0.5663476574248504,
            "brake": 0.0004658406116514823,
            "steer": 0.0
        },
        {
            "throttle": 0.5667413859126913,
            "brake": 0.0003260884281560376,
            "steer": 0.0
        },
        {
            "throttle": 0.5671617155918188,
            "brake": 0.00022826189970922629,
            "steer": 0.0
        },
        {
            "throttle": 0.5676179947639247,
            "brake": 0.00015978332979645838,
            "steer": 0.0
        },
        {
            "throttle": 0.5681163299237504,
            "brake": 0.00011184833085752085,
            "steer": 0.0
        },
        {
            "throttle": 0.5686605127168771,
            "brake": 7.829383160026459e-05,
            "steer": 0.0
        },
        {
            "throttle": 0.5692526701133731,
            "brake": 5.4805682120185214e-05,
            "steer": 0.0
        },
        {
            "throttle": 0.56989372095204,
            "brake": 3.836397748412965e-05,
            "steer": 0.0
        },
        {
            "throttle": 0.5705836970597414,
            "brake": 2.685478423889075e-05,
            "steer": 0.0
        },
        {
            "throttle": 0.5713219696847962,
            "brake": 1.8798348967223525e-05,
            "steer": 0.0
        },
        {
            "throttle": 0.5721074097572764,
            "brake": 1.3158844277056466e-05,
            "steer": 0.0
        },
        {
            "throttle": 0.5729385019304529,
            "brake": 9.211190993939526e-06,
            "steer": 0.0
        },
        {
            "throttle": 0.5738134263663429,
            "brake": 6.447833695757668e-06,
            "steer": 0.0
        },
        {
            "throttle": 0.5747301180341465,
            "brake": 4.513483587030367e-06,
            "steer": 0.0
        },
        {
            "throttle": 0.5756863103541964,
            "brake": 3.1594385109212567e-06,
            "steer": 0.0
        },
        {
            "throttle": 0.5766795679644937,
            "brake": 2.2116069576448795e-06,
            "steer": 0.0
        },
        {
            "throttle": 0.5777073119478031,
            "brake": 1.5481248703514156e-06,
            "steer": 0.0
        },
        {
            "throttle": 0.5787668398497058,
            "brake": 1.083687409245991e-06,
            "steer": 0.0
        },
        {
            "throttle": 0.579855342112524,
            "brake": 7.585811864721936e-07,
            "steer": 0.0
        },
        {
            "throttle": 0.5809699160560218,
            "brake": 5.310068305305355e-07,
            "steer": 0.0
        },
        {
            "throttle": 0.5821075781898306,
            "brake": 3.717047813713748e-07,
            "steer": 0.0
        },
        {
            "throttle": 0.5832652754002474,
            "brake": 2.6019334695996236e-07,
            "steer": 0.0
        },
        {
            "throttle": 0.5844398953843288,
            "brake": 1.8213534287197365e-07,
            "steer": 0.0
        },
        {
            "throttle": 0.5856282765853001,
            "brake": 1.2749474001038155e-07,
            "steer": 0.0
        },
        {
            "throttle": 0.5868272177999936,
            "brake": 8.924631800726709e-08,
            "steer": 0.0
        },
        {
            "throttle": 0.5880334875706548,
            "brake": 6.247242260508696e-08,
            "steer": 0.0
        },
        {
            "throttle": 0.5892438334325597,
            "brake": 4.373069582356087e-08,
            "steer": 0.0
        },
        {
            "throttle": 0.5904549910602367,
            "brake": 3.061148707649261e-08,
            "steer": 0.0
        },
        {
            "throttle": 0.5916636933350368,
            "brake": 2.1428040953544824e-08,
            "steer": 0.0
        },
        {
            "throttle": 0.5928666793427795,
            "brake": 1.4999628667481377e-08,
            "steer": 0.0
        },
        {
            "throttle": 0.5940607033004323,
            "brake": 1.0499740067236964e-08,
            "steer": 0.0
        },
        {
            "throttle": 0.5952425434039981,
            "brake": 7.349818047065874e-09,
            "steer": 0.0
        },
        {
            "throttle": 0.5964090105851227,
            "brake": 5.1448726329461115e-09,
            "steer": 0.0
        },
        {
            "throttle": 0.5975569571607604,
            "brake": 3.601410843062278e-09,
            "steer": 0.0
        },
        {
            "throttle": 0.5986832853581342,
            "brake": 2.5209875901435942e-09,
            "steer": 0.0
        },
        {
            "throttle": 0.599784955695892,
            "brake": 1.7646913131005158e-09,
            "steer": 0.0
        },
        {
            "throttle": 0.6008589952015728,
            "brake": 1.235283919170361e-09,
            "steer": 0.0
        },
        {
            "throttle": 0.6019025054451221,
            "brake": 8.646987434192526e-10,
            "steer": 0.0
        },
        {
            "throttle": 0.6029126703681148,
            "brake": 6.052891203934768e-10,
            "steer": 0.0
        },
        {
            "throttle": 0.6038867638884954,
            "brake": 4.237023842754337e-10,
            "steer": 0.0
        },
        {
            "throttle": 0.6048221572609701,
            "brake": 2.965916689928036e-10,
            "steer": 0.0
        },
        {
            "throttle": 0.6057163261736451,
            "brake": 2.076141682949625e-10,
            "steer": 0.0
        },
        {
            "throttle": 0.6065668575620836,
            "brake": 1.4532991780647375e-10,
            "steer": 0.0
        },
        {
            "throttle": 0.6073714561226147,
            "brake": 1.0173094246453162e-10,
            "steer": 0.0
        },
        {
            "throttle": 0.608127950507477,
            "brake": 7.121165972517213e-11,
            "steer": 0.0
        },
        {
            "throttle": 0.6088342991851888,
            "brake": 4.984816180762049e-11,
            "steer": 0.0
        },
        {
            "throttle": 0.6094885959504035,
            "brake": 3.4893713265334343e-11,
            "steer": 0.0
        },
        {
            "throttle": 0.6100890750684388,
            "brake": 2.442559928573404e-11,
            "steer": 0.0
        },
        {
            "throttle": 0.6106341160406319,
            "brake": 1.7097919500013825e-11,
            "steer": 0.0
        },
        {
            "throttle": 0.6111222479776882,
            "brake": 1.1968543650009677e-11,
            "steer": 0.0
        },
        {
            "throttle": 0.6115521535692385,
            "brake": 8.377980555006773e-12,
            "steer": 0.0
        },
        {
            "throttle": 0.6119226726389062,
            "brake": 5.8645863885047406e-12,
            "steer": 0.0
        },
        {
            "throttle": 0.6122328052752993,
            "brake": 4.105210471953318e-12,
            "steer": 0.0
        },
        {
            "throttle": 0.612481714530484,
            "brake": 2.8736473303673226e-12,
            "steer": 0.0
        },
        {
            "throttle": 0.6126687286786615,
            "brake": 2.0115531312571258e-12,
            "steer": 0.0
        },
        {
            "throttle": 0.6127933430289572,
            "brake": 1.4080871918799879e-12,
            "steer": 0.0
        },
        {
            "throttle": 0.6128552212874303,
            "brake": 9.856610343159914e-13,
            "steer": 0.0
        },
        {
            "throttle": 0.6128541964646314,
            "brake": 6.89962724021194e-13,
            "steer": 0.0
        },
        {
            "throttle": 0.6127902713262587,
            "brake": 4.829739068148358e-13,
            "steer": 0.0
        },
        {
            "throttle": 0.6126636183856993,
            "brake": 3.38081734770385e-13,
            "steer": 0.0
        },
        {
            "throttle": 0.6124745794384725,
            "brake": 2.366572143392695e-13,
            "steer": 0.0
        },
        {
            "throttle": 0.6122236646398369,
            "brake": 1.6566005003748864e-13,
            "steer": 0.0
        },
        {
            "throttle": 0.6119115511280468,
            "brake": 1.1596203502624204e-13,
            "steer": 0.0
        },
        {
            "throttle": 0.6115390811969749,
            "brake": 8.117342451836942e-14,
            "steer": 0.0
        },
        {
            "throttle": 0.6111072600230327,
            "brake": 5.682139716285859e-14,
            "steer": 0.0
        },
        {
            "throttle": 0.6106172529525244,
            "brake": 3.977497801400101e-14,
            "steer": 0.0
        },
        {
            "throttle": 0.6100703823567521,
            "brake": 2.7842484609800706e-14,
            "steer": 0.0
        },
        {
            "throttle": 0.6094681240633618,
            "brake": 1.9489739226860493e-14,
            "steer": 0.0
        },
        {
            "throttle": 0.6088121033735601,
            "brake": 1.3642817458802345e-14,
            "steer": 0.0
        },
        {
            "throttle": 0.6081040906759497,
            "brake": 9.549972221161642e-15,
            "steer": 0.0
        },
        {
            "throttle": 0.6073459966688208,
            "brake": 6.684980554813149e-15,
            "steer": 0.0
        },
        {
            "throttle": 0.6065398672037916,
            "brake": 4.679486388369204e-15,
            "steer": 0.0
        },
        {
            "throttle": 0.6056878777647132,
            "brake": 3.2756404718584427e-15,
            "steer": 0.0
        },
        {
            "throttle": 0.6047923275967402,
            "brake": 2.2929483303009096e-15,
            "steer": 0.0
        },
        {
            "throttle": 0.6038556335014073,
            "brake": 1.6050638312106366e-15,
            "steer": 0.0
        },
        {
            "throttle": 0.602880323314461,
            "brake": 1.1235446818474456e-15,
            "steer": 0.0
        },
        {
            "throttle": 0.6018690290840444,
            "brake": 7.864812772932119e-16,
            "steer": 0.0
        },
        {
            "throttle": 0.6008244799676472,
            "brake": 5.505368941052484e-16,
            "steer": 0.0
        },
        {
            "throttle": 0.5997494948669883,
            "brake": 3.8537582587367383e-16,
            "steer": 0.0
        },
        {
            "throttle": 0.5986469748207073,
            "brake": 2.6976307811157167e-16,
            "steer": 0.0
        },
        {
            "throttle": 0.5975198951753959,
            "brake": 1.8883415467810015e-16,
            "steer": 0.0
        },
        {
            "throttle": 0.5963712975560956,
            "brake": 1.321839082746701e-16,
            "steer": 0.0
        },
        {
            "throttle": 0.5952042816579307,
            "brake": 9.252873579226907e-17,
            "steer": 0.0
        },
        {
            "throttle": 0.5940219968810292,
            "brake": 6.477011505458834e-17,
            "steer": 0.0
        },
        {
            "throttle": 0.5928276338313065,
            "brake": 4.533908053821184e-17,
            "steer": 0.0
        },
        {
            "throttle": 0.5916244157100472,
            "brake": 3.1737356376748285e-17,
            "steer": 0.0
        },
        {
            "throttle": 0.5904155896155222,
            "brake": 2.22161494637238e-17,
            "steer": 0.0
        },
        {
            "throttle": 0.5892044177801169,
            "brake": 1.555130462460666e-17,
            "steer": 0.0
        },
        {
            "throttle": 0.5879941687666158,
            "brake": 1.0885913237224661e-17,
            "steer": 0.0
        },
        {
            "throttle": 0.5867881086474043,
            "brake": 7.620139266057262e-18,
            "steer": 0.0
        },
        {
            "throttle": 0.5855894921903908,
            "brake": 5.334097486240083e-18,
            "steer": 0.0
        },
        {
            "throttle": 0.5844015540754366,
            "brake": 3.733868240368058e-18,
            "steer": 0.0
        },
        {
            "throttle": 0.5832275001649959,
            "brake": 2.6137077682576405e-18,
            "steer": 0.0
        },
        {
            "throttle": 0.5820704988525258,
            "brake": 1.829595437780348e-18,
            "steer": 0.0
        },
        {
            "throttle": 0.5809336725120124,
            "brake": 1.2807168064462435e-18,
            "steer": 0.0
        },
        {
            "throttle": 0.579820089071689,
            "brake": 8.965017645123705e-19,
            "steer": 0.0
        },
        {
            "throttle": 0.5787327537346854,
            "brake": 6.275512351586593e-19,
            "steer": 0.0
        },
        {
            "throttle": 0.5776746008689524,
            "brake": 4.392858646110615e-19,
            "steer": 0.0
        },
        {
            "throttle": 0.5766484860883478,
            "brake": 3.07500105227743e-19,
            "steer": 0.0
        },
        {
            "throttle": 0.5756571785462541,
            "brake": 2.152500736594201e-19,
            "steer": 0.0
        },
        {
            "throttle": 0.5747033534625245,
            "brake": 1.5067505156159406e-19,
            "steer": 0.0
        },
        {
            "throttle": 0.5737895849039271,
            "brake": 1.0547253609311583e-19,
            "steer": 0.0
        },
        {
            "throttle": 0.5729183388375664,
            "brake": 7.383077526518108e-20,
            "steer": 0.0
        }
    ],
    "parameters": {
        "fog_density": 73.98560566561369,
        "precipitation": 84.47197993033933,
        "precipitation_deposits": 44.294233141318315,
        "wind_intensity": 31.962023373066238,
        "sun_altitude_angle": 4.197541159965674,
        "cloudiness": 61.57369127580456,
        "lead_base_throttle": 0.5895463711012392,
        "lead_behavior_frequency": 0.08268838545486897,
        "lead_throttle_variation": 0.023559642431128538,
        "lead_brake_probability": 0.038088735726619416,
        "lead_brake_intensity": 0.7017618606590829,
        "lead_brake_duration": 5.2908705754176815,
        "initial_distance": 17.043587700833108,
        "initial_ego_velocity": 6.488595617520101,
        "initial_lead_velocity": 19.82060008733256
    },
    "config": {
        "num_timesteps": 200,
        "dt": 0.1,
        "seed": 136
    }
}