{
    "weather": {
        "cloudiness": 37.333486946031826,
        "precipitation": 73.52920606644322,
        "precipitation_deposits": 58.1751655629313,
        "wind_intensity": 11.404748830507216,
        "sun_altitude_angle": -24.955797518962434,
        "fog_density": 74.0336888136965,
        "fog_distance": 84.77202986217931,
        "wetness": 36.76460303322161
    },
    "initial_conditions": {
        "ego": {
            "position": {
                "x": 536.3265357223886,
                "y": 20.57,
                "z": 0.294
            },
            "yaw": 0.0,
            "velocity": 19.06854348003629
        },
        "lead": {
            "position": {
                "x": 484.88,
                "y": 20.57,
                "z": 0.294
            },
            "yaw": 0.0,
            "velocity": 12.301055004898625
        }
    },
    "ego": {
        "position": {
            "x": 536.3265357223886,
            "y": 20.57,
            "z": 0.294
        },
        "yaw": 0.0,
        "velocity": 19.06854348003629
    },
    "lead": {
        "position": {
            "x": 484.88,
            "y": 20.57,
            "z": 0.294
        },
        "yaw": 0.0,
        "velocity": 12.301055004898625
    },
    "ado_actions": [
        {
            "throttle": 0.563929418575887,
            "brake": 0.0,
            "steer": 0.0
        },
        {
            "throttle": 0.564557485266238,
            "brake": 0.0,
            "steer": 0.0
        },
        {
            "throttle": 0.5656221741935828,
            "brake": 0.0,
            "steer": 0.0
        },
        {
            "throttle": 0.5669864643584979,
            "brake": 0.0,
            "steer": 0.0
        },
        {
            "throttle": 0.5685514602375352,
            "brake": 0.0,
            "steer": 0.0
        },
        {
            "throttle": 0.570244997552768,
            "brake": 0.0,
            "steer": 0.0
        },
        {
            "throttle": 0.572013681455535,
            "brake": 0.0,
            "steer": 0.0
        },
        {
            "throttle": 0.5738173271229586,
            "brake": 0.0,
            "steer": 0.0
        },
        {
            "throttle": 0.5756250816994573,
            "brake": 0.0,
            "steer": 0.0
        },
        {
            "throttle": 0.5774127227706806,
            "brake": 0.0,
            "steer": 0.0
        },
        {
            "throttle": 0.5791607799379153,
            "brake": 0.0,
            "steer": 0.0
        },
        {
            "throttle": 0.5808532320297134,
            "brake": 0.0,
            "steer": 0.0
        },
        {
            "throttle": 0.5824766066681553,
            "brake": 0.0,
            "steer": 0.0
        },
        {
            "throttle": 0.5840193608364724,
            "brake": 0.0,
            "steer": 0.0
        },
        {
            "throttle": 0.5854714574483851,
            "brake": 0.0,
            "steer": 0.0
        },
        {
            "throttle": 0.5868240783704223,
            "brake": 0.0,
            "steer": 0.0
        },
        {
            "throttle": 0.5880694321677296,
            "brake": 0.0,
            "steer": 0.0
        },
        {
            "throttle": 0.5892006273211611,
            "brake": 0.0,
            "steer": 0.0
        },
        {
            "throttle": 0.5902115904015756,
            "brake": 0.0,
            "steer": 0.0
        },
        {
            "throttle": 0.5910970148081469,
            "brake": 0.0,
            "steer": 0.0
        },
        {
            "throttle": 0.5918523299664844,
            "brake": 0.0,
            "steer": 0.0
        },
        {
            "throttle": 0.5924736838891496,
            "brake": 0.0,
            "steer": 0.0
        },
        {
            "throttle": 0.5929579341105343,
            "brake": 0.0,
            "steer": 0.0
        },
        {
            "throttle": 0.5933026434893407,
            "brake": 0.0,
            "steer": 0.0
        },
        {
            "throttle": 0.5935060784135863,
            "brake": 0.0,
            "steer": 0.0
        },
        {
            "throttle": 0.593567207677079,
            "brake": 0.0,
            "steer": 0.0
        },
        {
            "throttle": 0.5934857008149794,
            "brake": 0.0,
            "steer": 0.0
        },
        {
            "throttle": 0.5932619250540115,
            "brake": 0.0,
            "steer": 0.0
        },
        {
            "throttle": 0.41528334753780805,
            "brake": 0.1328386605588855,
            "steer": 0.0
        },
        {
            "throttle": 0.2906983432764656,
            "brake": 0.22582572295010533,
            "steer": 0.0
        },
        {
            "throttle": 0.2034888402935259,
            "brake": 0.2909166666239592,
            "steer": 0.0
        },
        {
            "throttle": 0.1424421882054681,
            "brake": 0.3364803271956569,
            "steer": 0.0
        },
        {
            "throttle": 0.09970953174382767,
            "brake": 0.3683748895958453,
            "steer": 0.0
        },
        {
            "throttle": 0.24578607730580768,
            "brake": 0.2578624227170917,
            "steer": 0.0
        },
        {
            "throttle": 0.3476092861921951,
            "brake": 0.1805036959019642,
            "steer": 0.0
        },
        {
            "throttle": 0.41842443561160664,
            "brake": 0.12635258713137493,
            "steer": 0.0
        },
        {
            "throttle": 0.4675054400151885,
            "brake": 0.08844681099196244,
            "steer": 0.0
        },
        {
            "throttle": 0.5013463971815237,
            "brake": 0.061912767694373705,
            "steer": 0.0
        },
        {
            "throttle": 0.5244956591227752,
            "brake": 0.04333893738606159,
            "steer": 0.0
        },
        {
            "throttle": 0.5401396697594029,
            "brake": 0.030337256170243115,
            "steer": 0.0
        },
        {
            "throttle": 0.5505116387841846,
            "brake": 0.021236079319170178,
            "steer": 0.0
        },
        {
            "throttle": 0.5571776003702824,
            "brake": 0.014865255523419123,
            "steer": 0.0
        },
        {
            "throttle": 0.5612366408442597,
            "brake": 0.010405678866393386,
            "steer": 0.0
        },
        {
            "throttle": 0.5634610442733223,
            "brake": 0.00728397520647537,
            "steer": 0.0
        },
        {
            "throttle": 0.5643943802976454,
            "brake": 0.005098782644532758,
            "steer": 0.0
        },
        {
            "throttle": 0.5644201513071909,
            "brake": 0.0035691478511729307,
            "steer": 0.0
        },
        {
            "throttle": 0.563809831001485,
            "brake": 0.0024984034958210515,
            "steer": 0.0
        },
        {
            "throttle": 0.5627564768289357,
            "brake": 0.001748882447074736,
            "steer": 0.0
        },
        {
            "throttle": 0.5613982441233764,
            "brake": 0.0012242177129523151,
            "steer": 0.0
        },
        {
            "throttle": 0.5598348314803772,
            "brake": 0.0008569523990666205,
            "steer": 0.0
        },
        {
            "throttle": 0.558138978123027,
            "brake": 0.0005998666793466343,
            "steer": 0.0
        },
        {
            "throttle": 0.5563644978513042,
            "brake": 0.00041990667554264396,
            "steer": 0.0
        },
        {
            "throttle": 0.5545518888593327,
            "brake": 0.0002939346728798508,
            "steer": 0.0
        },
        {
            "throttle": 0.5527322469866967,
            "brake": 0.00020575427101589554,
            "steer": 0.0
        },
        {
            "throttle": 0.5509299917657207,
            "brake": 0.00014402798971112688,
            "steer": 0.0
        },
        {
            "throttle": 0.5491647618817566,
            "brake": 0.00010081959279778881,
            "steer": 0.0
        },
        {
            "throttle": 0.5474527297399119,
            "brake": 7.057371495845216e-05,
            "steer": 0.0
        },
        {
            "throttle": 0.5458075099826396,
            "brake": 4.940160047091651e-05,
            "steer": 0.0
        },
        {
            "throttle": 0.5442407844055245,
            "brake": 3.4581120329641555e-05,
            "steer": 0.0
        },
        {
            "throttle": 0.5427627290375947,
            "brake": 2.4206784230749088e-05,
            "steer": 0.0
        },
        {
            "throttle": 0.5413823034724817,
            "brake": 1.694474896152436e-05,
            "steer": 0.0
        },
        {
            "throttle": 0.5401074445572015,
            "brake": 1.186132427306705e-05,
            "steer": 0.0
        },
        {
            "throttle": 0.5389451939558856,
            "brake": 8.302926991146936e-06,
            "steer": 0.0
        },
        {
            "throttle": 0.5379017802892001,
            "brake": 5.812048893802855e-06,
            "steer": 0.0
        },
        {
            "throttle": 0.5369826703744285,
            "brake": 4.0684342256619984e-06,
            "steer": 0.0
        },
        {
            "throttle": 0.5361925997638324,
            "brake": 2.847903957963399e-06,
            "steer": 0.0
        },
        {
            "throttle": 0.5355355897452865,
            "brake": 1.993532770574379e-06,
            "steer": 0.0
        },
        {
            "throttle": 0.5350149558410572,
            "brake": 1.3954729394020654e-06,
            "steer": 0.0
        },
        {
            "throttle": 0.5346333113462157,
            "brake": 9.768310575814458e-07,
            "steer": 0.0
        },
        {
            "throttle": 0.5343925683973372,
            "brake": 6.83781740307012e-07,
            "steer": 0.0
        },
        {
            "throttle": 0.5342939383217229,
            "brake": 4.786472182149084e-07,
            "steer": 0.0
        },
        {
            "throttle": 0.5343379324942337,
            "brake": 3.3505305275043586e-07,
            "steer": 0.0
        },
        {
            "throttle": 0.5345243645577449,
            "brake": 2.3453713692530509e-07,
            "steer": 0.0
        },
        {
            "throttle": 0.5348523545986283,
            "brake": 1.6417599584771355e-07,
            "steer": 0.0
        },
        {
            "throttle": 0.5353203356786207,
            "brake": 1.1492319709339948e-07,
            "steer": 0.0
        },
        {
            "throttle": 0.5359260629866526,
            "brake": 8.044623796537963e-08,
            "steer": 0.0
        },
        {
            "throttle": 0.5366666257730865,
            "brake": 5.6312366575765735e-08,
            "steer": 0.0
        },
        {
            "throttle": 0.537538462153458,
            "brake": 3.9418656603036014e-08,
            "steer": 0.0
        },
        {
            "throttle": 0.5385373768116267,
            "brake": 2.759305962212521e-08,
            "steer": 0.0
        },
        {
            "throttle": 0.5396585615879252,
            "brake": 1.9315141735487645e-08,
            "steer": 0.0
        },
        {
            "throttle": 0.5408966189027477,
            "brake": 1.3520599214841351e-08,
            "steer": 0.0
        },
        {
            "throttle": 0.5422455879374928,
            "brake": 9.464419450388945e-09,
            "steer": 0.0
        },
        {
            "throttle": 0.543698973471084,
            "brake": 6.625093615272261e-09,
            "steer": 0.0
        },
        {
            "throttle": 0.5452497772502121,
            "brake": 4.637565530690582e-09,
            "steer": 0.0
        },
        {
            "throttle": 0.5468905317541434,
            "brake": 3.2462958714834077e-09,
            "steer": 0.0
        },
        {
            "throttle": 0.5486133361998331,
            "brake": 2.272407110038385e-09,
            "steer": 0.0
        },
        {
            "throttle": 0.5504098946197946,
            "brake": 1.5906849770268695e-09,
            "steer": 0.0
        },
        {
            "throttle": 0.5522715558334468,
            "brake": 1.1134794839188086e-09,
            "steer": 0.0
        },
        {
            "throttle": 0.5541893551223139,
            "brake": 7.79435638743166e-10,
            "steer": 0.0
        },
        {
            "throttle": 0.5561540574103949,
            "brake": 5.456049471202162e-10,
            "steer": 0.0
        },
        {
            "throttle": 0.5581562017431668,
            "brake": 3.819234629841513e-10,
            "steer": 0.0
        },
        {
            "throttle": 0.5601861468520152,
            "brake": 2.673464240889059e-10,
            "steer": 0.0
        },
        {
            "throttle": 0.562234117585363,
            "brake": 1.8714249686223413e-10,
            "steer": 0.0
        },
        {
            "throttle": 0.564290251983391,
            "brake": 1.3099974780356388e-10,
            "steer": 0.0
        },
        {
            "throttle": 0.5663446487699959,
            "brake": 9.169982346249471e-11,
            "steer": 0.0
        },
        {
            "throttle": 0.5683874150335269,
            "brake": 6.41898764237463e-11,
            "steer": 0.0
        },
        {
            "throttle": 0.570408713866859,
            "brake": 4.49329134966224e-11,
            "steer": 0.0
        },
        {
            "throttle": 0.5723988117375081,
            "brake": 3.145303944763568e-11,
            "steer": 0.0
        },
        {
            "throttle": 0.574348125359758,
            "brake": 2.2017127613344974e-11,
            "steer": 0.0
        },
        {
            "throttle": 0.576247267843145,
            "brake": 1.5411989329341482e-11,
            "steer": 0.0
        },
        {
            "throttle": 0.5780870938951115,
            "brake": 1.0788392530539037e-11,
            "steer": 0.0
        },
        {
            "throttle": 0.5798587438601833,
            "brake": 7.551874771377325e-12,
            "steer": 0.0
        },
        {
            "throttle": 0.5815536863836209,
            "brake": 5.286312339964127e-12,
            "steer": 0.0
        },
        {
            "throttle": 0.583163759494111,
            "brake": 3.700418637974889e-12,
            "steer": 0.0
        },
        {
            "throttle": 0.5846812099076758,
            "brake": 2.5902930465824217e-12,
            "steer": 0.0
        },
        {
            "throttle": 0.5860987303635381,
            "brake": 1.8132051326076951e-12,
            "steer": 0.0
        },
        {
            "throttle": 0.5874094948121575,
            "brake": 1.2692435928253866e-12,
            "steer": 0.0
        },
        {
            "throttle": 0.5886071912859934,
            "brake": 8.884705149777705e-13,
            "steer": 0.0
        },
        {
            "throttle": 0.41202503390019535,
            "brake": 0.1328386605595074,
            "steer": 0.0
        },
        {
            "throttle": 0.28841752373013674,
            "brake": 0.22582572295054065,
            "steer": 0.0
        },
        {
            "throttle": 0.20189226661109572,
            "brake": 0.29091666662426396,
            "steer": 0.0
        },
        {
            "throttle": 0.14132458662776698,
            "brake": 0.3364803271958703,
            "steer": 0.0
        },
        {
            "throttle": 0.09892721063943688,
            "brake": 0.3683748895959947,
            "steer": 0.0
        },
        {
            "throttle": 0.2474835597584225,
            "brake": 0.2578624227171963,
            "steer": 0.0
        },
        {
            "throttle": 0.35145805818215525,
            "brake": 0.18050369590203738,
            "steer": 0.0
        },
        {
            "throttle": 0.42418172556003964,
            "brake": 0.12635258713142616,
            "steer": 0.0
        },
        {
            "throttle": 0.4749865572635839,
            "brake": 0.0884468109919983,
            "steer": 0.0
        },
        {
            "throttle": 0.5104054399585154,
            "brake": 0.06191276769439881,
            "steer": 0.0
        },
        {
            "throttle": 0.535012090146127,
            "brake": 0.04333893738607916,
            "steer": 0.0
        },
        {
            "throttle": 0.5520090077914351,
            "brake": 0.03033725617025541,
            "steer": 0.0
        },
        {
            "throttle": 0.5636390395365896,
            "brake": 0.021236079319178786,
            "steer": 0.0
        },
        {
            "throttle": 0.571473467669278,
            "brake": 0.01486525552342515,
            "steer": 0.0
        },
        {
            "throttle": 0.5766136661903746,
            "brake": 0.010405678866397605,
            "steer": 0.0
        },
        {
            "throttle": 0.5798322529517133,
            "brake": 0.007283975206478323,
            "steer": 0.0
        },
        {
            "throttle": 0.5816718881778374,
            "brake": 0.005098782644534826,
            "steer": 0.0
        },
        {
            "throttle": 0.5825144246298259,
            "brake": 0.003569147851174378,
            "steer": 0.0
        },
        {
            "throttle": 0.5826293031342458,
            "brake": 0.0024984034958220646,
            "steer": 0.0
        },
        {
            "throttle": 0.5822074191295286,
            "brake": 0.001748882447075445,
            "steer": 0.0
        },
        {
            "throttle": 0.5813848182360939,
            "brake": 0.0012242177129528115,
            "steer": 0.0
        },
        {
            "throttle": 0.5802592715076721,
            "brake": 0.000856952399066968,
            "steer": 0.0
        },
        {
            "throttle": 0.5789018658801377,
            "brake": 0.0005998666793468776,
            "steer": 0.0
        },
        {
            "throttle": 0.5773651047381463,
            "brake": 0.0004199066755428143,
            "steer": 0.0
        },
        {
            "throttle": 0.5756885651051685,
            "brake": 0.00029393467287997,
            "steer": 0.0
        },
        {
            "throttle": 0.5739028440744316,
            "brake": 0.00020575427101597897,
            "steer": 0.0
        },
        {
            "throttle": 0.5720323073785262,
            "brake": 0.00014402798971118526,
            "steer": 0.0
        },
        {
            "throttle": 0.5700969991931996,
            "brake": 0.00010081959279782968,
            "steer": 0.0
        },
        {
            "throttle": 0.5681139646105546,
            "brake": 7.057371495848077e-05,
            "steer": 0.0
        },
        {
            "throttle": 0.5660981608556005,
            "brake": 4.9401600470936534e-05,
            "steer": 0.0
        },
        {
            "throttle": 0.5640630805678125,
            "brake": 3.458112032965557e-05,
            "steer": 0.0
        },
        {
            "throttle": 0.5620211735430236,
            "brake": 2.4206784230758896e-05,
            "steer": 0.0
        },
        {
            "throttle": 0.5599841274824631,
            "brake": 1.6944748961531228e-05,
            "steer": 0.0
        },
        {
            "throttle": 0.5579630502013939,
            "brake": 1.1861324273071859e-05,
            "steer": 0.0
        },
        {
            "throttle": 0.555968583083005,
            "brake": 8.3029269911503e-06,
            "steer": 0.0
        },
        {
            "throttle": 0.5540109666953735,
            "brake": 5.81204889380521e-06,
            "steer": 0.0
        },
        {
            "throttle": 0.5521000732804294,
            "brake": 4.068434225663647e-06,
            "steer": 0.0
        },
        {
            "throttle": 0.550245416475907,
            "brake": 2.8479039579645526e-06,
            "steer": 0.0
        },
        {
            "throttle": 0.5484561455856716,
            "brake": 1.9935327705751867e-06,
            "steer": 0.0
        },
        {
            "throttle": 0.5467410295795572,
            "brake": 1.3954729394026306e-06,
            "steer": 0.0
        },
        {
            "throttle": 0.5451084345072422,
            "brake": 9.768310575818413e-07,
            "steer": 0.0
        },
        {
            "throttle": 0.5435662969601642,
            "brake": 6.837817403072889e-07,
            "steer": 0.0
        },
        {
            "throttle": 0.5421220954769324,
            "brake": 4.786472182151023e-07,
            "steer": 0.0
        },
        {
            "throttle": 0.5407828212672995,
            "brake": 3.3505305275057154e-07,
            "steer": 0.0
        },
        {
            "throttle": 0.5395549492618289,
            "brake": 2.3453713692540006e-07,
            "steer": 0.0
        },
        {
            "throttle": 0.538444410232975,
            "brake": 1.6417599584778004e-07,
            "steer": 0.0
        },
        {
            "throttle": 0.5374565645462442,
            "brake": 1.1492319709344601e-07,
            "steer": 0.0
        },
        {
            "throttle": 0.5365961779649294,
            "brake": 8.044623796541221e-08,
            "steer": 0.0
        },
        {
            "throttle": 0.5358673998328923,
            "brake": 5.6312366575788545e-08,
            "steer": 0.0
        },
        {
            "throttle": 0.5352737438860318,
            "brake": 3.941865660305198e-08,
            "steer": 0.0
        },
        {
            "throttle": 0.5348180718867398,
            "brake": 2.7593059622136386e-08,
            "steer": 0.0
        },
        {
            "throttle": 0.5345025802314868,
            "brake": 1.931514173549547e-08,
            "steer": 0.0
        },
        {
            "throttle": 0.5343287896459585,
            "brake": 1.3520599214846829e-08,
            "steer": 0.0
        },
        {
            "throttle": 0.5342975380523198,
            "brake": 9.46441945039278e-09,
            "steer": 0.0
        },
        {
            "throttle": 0.5344089766674203,
            "brake": 6.625093615274945e-09,
            "steer": 0.0
        },
        {
            "throttle": 0.5346625693678577,
            "brake": 4.637565530692462e-09,
            "steer": 0.0
        },
        {
            "throttle": 0.5350570953369439,
            "brake": 3.246295871484723e-09,
            "steer": 0.0
        },
        {
            "throttle": 0.5355906549892211,
            "brake": 2.2724071100393057e-09,
            "steer": 0.0
        },
        {
            "throttle": 0.5362606791498716,
            "brake": 1.5906849770275138e-09,
            "steer": 0.0
        },
        {
            "throttle": 0.5370639414489312,
            "brake": 1.1134794839192596e-09,
            "steer": 0.0
        },
        {
            "throttle": 0.5379965738735,
            "brake": 7.794356387434817e-10,
            "steer": 0.0
        },
        {
            "throttle": 0.5390540854050733,
            "brake": 5.456049471204371e-10,
            "steer": 0.0
        },
        {
            "throttle": 0.5402313836536579,
            "brake": 3.8192346298430595e-10,
            "steer": 0.0
        },
        {
            "throttle": 0.5415227993854781,
            "brake": 2.6734642408901416e-10,
            "steer": 0.0
        },
        {
            "throttle": 0.5429221138268548,
            "brake": 1.871424968623099e-10,
            "steer": 0.0
        },
        {
            "throttle": 0.544422588613255,
            "brake": 1.3099974780361693e-10,
            "steer": 0.0
        },
        {
            "throttle": 0.5460169982396347,
            "brake": 9.169982346253184e-11,
            "steer": 0.0
        },
        {
            "throttle": 0.5476976648560471,
            "brake": 6.418987642377229e-11,
            "steer": 0.0
        },
        {
            "throttle": 0.5494564952411237,
            "brake": 4.49329134966406e-11,
            "steer": 0.0
        },
        {
            "throttle": 0.5512850197754993,
            "brake": 3.1453039447648416e-11,
            "steer": 0.0
        },
        {
            "throttle": 0.553174433227587,
            "brake": 2.201712761335389e-11,
            "steer": 0.0
        },
        {
            "throttle": 0.5551156371553556,
            "brake": 1.541198932934772e-11,
            "steer": 0.0
        },
        {
            "throttle": 0.5570992837199662,
            "brake": 1.0788392530543405e-11,
            "steer": 0.0
        },
        {
            "throttle": 0.5591158207003086,
            "brake": 7.551874771380383e-12,
            "steer": 0.0
        },
        {
            "throttle": 0.5611555374916938,
            "brake": 5.286312339966268e-12,
            "steer": 0.0
        },
        {
            "throttle": 0.5632086118672072,
            "brake": 3.700418637976387e-12,
            "steer": 0.0
        },
        {
            "throttle": 0.5652651572765555,
            "brake": 2.5902930465834706e-12,
            "steer": 0.0
        },
        {
            "throttle": 0.5673152704546462,
            "brake": 1.8132051326084294e-12,
            "steer": 0.0
        },
        {
            "throttle": 0.5693490791106457,
            "brake": 1.2692435928259005e-12,
            "steer": 0.0
        },
        {
            "throttle": 0.5713567894678738,
            "brake": 8.884705149781303e-13,
            "steer": 0.0
        },
        {
            "throttle": 0.5733287334256094,
            "brake": 6.219293604846912e-13,
            "steer": 0.0
        },
        {
            "throttle": 0.5752554151157011,
            "brake": 4.3535055233928376e-13,
            "steer": 0.0
        },
        {
            "throttle": 0.577127556629792,
            "brake": 3.047453866374986e-13,
            "steer": 0.0
        },
        {
            "throttle": 0.5789361426969601,
            "brake": 2.13321770646249e-13,
            "steer": 0.0
        },
        {
            "throttle": 0.5806724640966311,
            "brake": 1.493252394523743e-13,
            "steer": 0.0
        },
        {
            "throttle": 0.5823281595977085,
            "brake": 1.04527667616662e-13,
            "steer": 0.0
        },
        {
            "throttle": 0.583895256221965,
            "brake": 7.31693673316634e-14,
            "steer": 0.0
        },
        {
            "throttle": 0.5853662076378078,
            "brake": 5.1218557132164377e-14,
            "steer": 0.0
        },
        {
            "throttle": 0.5867339304995312,
            "brake": 3.585298999251506e-14,
            "steer": 0.0
        },
        {
            "throttle": 0.5879918385570689,
            "brake": 2.509709299476054e-14,
            "steer": 0.0
        },
        {
            "throttle": 0.5891338743719882,
            "brake": 1.7567965096332376e-14,
            "steer": 0.0
        },
        {
            "throttle": 0.5901545384869986,
            "brake": 1.2297575567432663e-14,
            "steer": 0.0
        }
    ],
    "parameters": {
        "fog_density": 74.0336888136965,
        "precipitation": 73.52920606644322,
        "precipitation_deposits": 58.1751655629313,
        "wind_intensity": 11.404748830507216,
        "sun_altitude_angle": -24.955797518962434,
        "cloudiness": 37.333486946031826,
        "lead_base_throttle": 0.563929418575887,
        "lead_behavior_frequency": 0.11046567843909678,
        "lead_throttle_variation": 0.030187422026466404,
        "lead_brake_probability": 0.0611458860107791,
        "lead_brake_intensity": 0.442795535196285,
        "lead_brake_duration": 5.290709606134756,
        "initial_distance": 51.446535722388646,
        "initial_ego_velocity": 19.06854348003629,
        "initial_lead_velocity": 12.301055004898625
    },
    "config": {
        "num_timesteps": 200,
        "dt": 0.1,
        "seed": 232
    }
}