{
    "weather": {
        "cloudiness": 5.229666497259444,
        "precipitation": 62.07548488932396,
        "precipitation_deposits": 71.11596674819764,
        "wind_intensity": 31.2389107358663,
        "sun_altitude_angle": -2.9471057572815056,
        "fog_density": 79.99775161842672,
        "fog_distance": 69.48865892832684,
        "wetness": 31.03774244466198
    },
    "initial_conditions": {
        "ego": {
            "position": {
                "x": 558.4168636722347,
                "y": 20.57,
                "z": 0.294
            },
            "yaw": 0.0,
            "velocity": 12.511890150383747
        },
        "lead": {
            "position": {
                "x": 484.88,
                "y": 20.57,
                "z": 0.294
            },
            "yaw": 0.0,
            "velocity": 21.68601560292582
        }
    },
    "ego": {
        "position": {
            "x": 558.4168636722347,
            "y": 20.57,
            "z": 0.294
        },
        "yaw": 0.0,
        "velocity": 12.511890150383747
    },
    "lead": {
        "position": {
            "x": 484.88,
            "y": 20.57,
            "z": 0.294
        },
        "yaw": 0.0,
        "velocity": 21.68601560292582
    },
    "ado_actions": [
        {
            "throttle": 0.5907788375775408,
            "brake": 0.0,
            "steer": 0.0
        },
        {
            "throttle": 0.5937709385722792,
            "brake": 0.0,
            "steer": 0.0
        },
        {
            "throttle": 0.5988541108743,
            "brake": 0.0,
            "steer": 0.0
        },
        {
            "throttle": 0.6053942381754666,
            "brake": 0.0,
            "steer": 0.0
        },
        {
            "throttle": 0.6129440512530137,
            "brake": 0.0,
            "steer": 0.0
        },
        {
            "throttle": 0.6211870854127421,
            "brake": 0.0,
            "steer": 0.0
        },
        {
            "throttle": 0.629898454535071,
            "brake": 0.0,
            "steer": 0.0
        },
        {
            "throttle": 0.6389173967255876,
            "brake": 0.0,
            "steer": 0.0
        },
        {
            "throttle": 0.6481280600669075,
            "brake": 0.0,
            "steer": 0.0
        },
        {
            "throttle": 0.6574460564152979,
            "brake": 0.0,
            "steer": 0.0
        },
        {
            "throttle": 0.6668090527981987,
            "brake": 0.0,
            "steer": 0.0
        },
        {
            "throttle": 0.6761701890976877,
            "brake": 0.0,
            "steer": 0.0
        },
        {
            "throttle": 0.6854934740952108,
            "brake": 0.0,
            "steer": 0.0
        },
        {
            "throttle": 0.6947505663261377,
            "brake": 0.0,
            "steer": 0.0
        },
        {
            "throttle": 0.7039185242540197,
            "brake": 0.0,
            "steer": 0.0
        },
        {
            "throttle": 0.7129782349173972,
            "brake": 0.0,
            "steer": 0.0
        },
        {
            "throttle": 0.7219133174521504,
            "brake": 0.0,
            "steer": 0.0
        },
        {
            "throttle": 0.7307093589675421,
            "brake": 0.0,
            "steer": 0.0
        },
        {
            "throttle": 0.7393533830067859,
            "brake": 0.0,
            "steer": 0.0
        },
        {
            "throttle": 0.747833480749917,
            "brake": 0.0,
            "steer": 0.0
        },
        {
            "throttle": 0.7561385560656854,
            "brake": 0.0,
            "steer": 0.0
        },
        {
            "throttle": 0.7642581501835266,
            "brake": 0.0,
            "steer": 0.0
        },
        {
            "throttle": 0.7721823220217875,
            "brake": 0.0,
            "steer": 0.0
        },
        {
            "throttle": 0.7799015673940544,
            "brake": 0.0,
            "steer": 0.0
        },
        {
            "throttle": 0.7874067653455004,
            "brake": 0.0,
            "steer": 0.0
        },
        {
            "throttle": 0.7946891433923022,
            "brake": 0.0,
            "steer": 0.0
        },
        {
            "throttle": 0.8017402559020792,
            "brake": 0.0,
            "steer": 0.0
        },
        {
            "throttle": 0.8085519715788393,
            "brake": 0.0,
            "steer": 0.0
        },
        {
            "throttle": 0.8151164672238954,
            "brake": 0.0,
            "steer": 0.0
        },
        {
            "throttle": 0.8214262257899121,
            "brake": 0.0,
            "steer": 0.0
        },
        {
            "throttle": 0.8274740373373433,
            "brake": 0.0,
            "steer": 0.0
        },
        {
            "throttle": 0.8332530019171098,
            "brake": 0.0,
            "steer": 0.0
        },
        {
            "throttle": 0.8387565336936966,
            "brake": 0.0,
            "steer": 0.0
        },
        {
            "throttle": 0.8439783658262028,
            "brake": 0.0,
            "steer": 0.0
        },
        {
            "throttle": 0.8489125557673523,
            "brake": 0.0,
            "steer": 0.0
        },
        {
            "throttle": 0.8535534907403313,
            "brake": 0.0,
            "steer": 0.0
        },
        {
            "throttle": 0.8578958932233514,
            "brake": 0.0,
            "steer": 0.0
        },
        {
            "throttle": 0.861934826320992,
            "brake": 0.0,
            "steer": 0.0
        },
        {
            "throttle": 0.8656656989359179,
            "brake": 0.0,
            "steer": 0.0
        },
        {
            "throttle": 0.8690842706788864,
            "brake": 0.0,
            "steer": 0.0
        },
        {
            "throttle": 0.8721866564721182,
            "brake": 0.0,
            "steer": 0.0
        },
        {
            "throttle": 0.87496933081326,
            "brake": 0.0,
            "steer": 0.0
        },
        {
            "throttle": 0.8774291316758105,
            "brake": 0.0,
            "steer": 0.0
        },
        {
            "throttle": 0.8795632640280873,
            "brake": 0.0,
            "steer": 0.0
        },
        {
            "throttle": 0.8813693029572853,
            "brake": 0.0,
            "steer": 0.0
        },
        {
            "throttle": 0.8828451963884676,
            "brake": 0.0,
            "steer": 0.0
        },
        {
            "throttle": 0.8839892673907666,
            "brake": 0.0,
            "steer": 0.0
        },
        {
            "throttle": 0.8848002160649387,
            "brake": 0.0,
            "steer": 0.0
        },
        {
            "throttle": 0.8852771210078583,
            "brake": 0.0,
            "steer": 0.0
        },
        {
            "throttle": 0.885419440350697,
            "brake": 0.0,
            "steer": 0.0
        },
        {
            "throttle": 0.8852270123685024,
            "brake": 0.0,
            "steer": 0.0
        },
        {
            "throttle": 0.8847000556597008,
            "brake": 0.0,
            "steer": 0.0
        },
        {
            "throttle": 0.8838391688947771,
            "brake": 0.0,
            "steer": 0.0
        },
        {
            "throttle": 0.882645330134038,
            "brake": 0.0,
            "steer": 0.0
        },
        {
            "throttle": 0.881119895714964,
            "brake": 0.0,
            "steer": 0.0
        },
        {
            "throttle": 0.8792645987102281,
            "brake": 0.0,
            "steer": 0.0
        },
        {
            "throttle": 0.8770815469580041,
            "brake": 0.0,
            "steer": 0.0
        },
        {
            "throttle": 0.8745732206667085,
            "brake": 0.0,
            "steer": 0.0
        },
        {
            "throttle": 0.8717424695968348,
            "brake": 0.0,
            "steer": 0.0
        },
        {
            "throttle": 0.868592509823036,
            "brake": 0.0,
            "steer": 0.0
        },
        {
            "throttle": 0.865126920080104,
            "brake": 0.0,
            "steer": 0.0
        },
        {
            "throttle": 0.8613496376969729,
            "brake": 0.0,
            "steer": 0.0
        },
        {
            "throttle": 0.8572649541233542,
            "brake": 0.0,
            "steer": 0.0
        },
        {
            "throttle": 0.8528775100540706,
            "brake": 0.0,
            "steer": 0.0
        },
        {
            "throttle": 0.8481922901566237,
            "brake": 0.0,
            "steer": 0.0
        },
        {
            "throttle": 0.84321461740798,
            "brake": 0.0,
            "steer": 0.0
        },
        {
            "throttle": 0.5902502321855859,
            "brake": 0.179829607145905,
            "steer": 0.0
        },
        {
            "throttle": 0.4131751625299101,
            "brake": 0.30571033214803855,
            "steer": 0.0
        },
        {
            "throttle": 0.28922261377093705,
            "brake": 0.393826839649532,
            "steer": 0.0
        },
        {
            "throttle": 0.20245582963965592,
            "brake": 0.45550839490057743,
            "steer": 0.0
        },
        {
            "throttle": 0.14171908074775913,
            "brake": 0.4986854835763092,
            "steer": 0.0
        },
        {
            "throttle": 0.09920335652343139,
            "brake": 0.5289094456493215,
            "steer": 0.0
        },
        {
            "throttle": 0.30485745939125797,
            "brake": 0.37023661195452506,
            "steer": 0.0
        },
        {
            "throttle": 0.21340022157388056,
            "brake": 0.43899523551407255,
            "steer": 0.0
        },
        {
            "throttle": 0.14938015510171637,
            "brake": 0.48712627200575576,
            "steer": 0.0
        },
        {
            "throttle": 0.10456610857120145,
            "brake": 0.5208179975499341,
            "steer": 0.0
        },
        {
            "throttle": 0.073196275999841,
            "brake": 0.5444022054308588,
            "steer": 0.0
        },
        {
            "throttle": 0.0512373931998887,
            "brake": 0.5609111509475062,
            "steer": 0.0
        },
        {
            "throttle": 0.03586617523992209,
            "brake": 0.5724674128091594,
            "steer": 0.0
        },
        {
            "throttle": 0.24323226443387788,
            "brake": 0.4007271889664115,
            "steer": 0.0
        },
        {
            "throttle": 0.3857094719647913,
            "brake": 0.28050903227648805,
            "steer": 0.0
        },
        {
            "throttle": 0.48272104746881983,
            "brake": 0.19635632259354163,
            "steer": 0.0
        },
        {
            "throttle": 0.5478663587465856,
            "brake": 0.13744942581547914,
            "steer": 0.0
        },
        {
            "throttle": 0.5906681021242915,
            "brake": 0.09621459807083539,
            "steer": 0.0
        },
        {
            "throttle": 0.6177953461403715,
            "brake": 0.06735021864958476,
            "steer": 0.0
        },
        {
            "throttle": 0.6339196585120183,
            "brake": 0.04714515305470933,
            "steer": 0.0
        },
        {
            "throttle": 0.6423143913537397,
            "brake": 0.03300160713829653,
            "steer": 0.0
        },
        {
            "throttle": 0.6452741771325992,
            "brake": 0.023101124996807568,
            "steer": 0.0
        },
        {
            "throttle": 0.6444085721036056,
            "brake": 0.016170787497765297,
            "steer": 0.0
        },
        {
            "throttle": 0.6408476029499173,
            "brake": 0.011319551248435707,
            "steer": 0.0
        },
        {
            "throttle": 0.44859332206494207,
            "brake": 0.18775329301981,
            "steer": 0.0
        },
        {
            "throttle": 0.3140153254454594,
            "brake": 0.31125691225977203,
            "steer": 0.0
        },
        {
            "throttle": 0.21981072781182157,
            "brake": 0.3977094457277454,
            "steer": 0.0
        },
        {
            "throttle": 0.1538675094682751,
            "brake": 0.4582262191553268,
            "steer": 0.0
        },
        {
            "throttle": 0.10770725662779257,
            "brake": 0.5005879605546337,
            "steer": 0.0
        },
        {
            "throttle": 0.0753950796394548,
            "brake": 0.5302411795341486,
            "steer": 0.0
        },
        {
            "throttle": 0.22164386904022212,
            "brake": 0.371168825673904,
            "steer": 0.0
        },
        {
            "throttle": 0.3210439879678828,
            "brake": 0.2598181779717328,
            "steer": 0.0
        },
        {
            "throttle": 0.3876629215997165,
            "brake": 0.18187272458021295,
            "steer": 0.0
        },
        {
            "throttle": 0.43135127378434135,
            "brake": 0.12731090720614904,
            "steer": 0.0
        },
        {
            "throttle": 0.45900781298032167,
            "brake": 0.08911763504430432,
            "steer": 0.0
        },
        {
            "throttle": 0.4754650006119999,
            "brake": 0.062382344531013025,
            "steer": 0.0
        },
        {
            "throttle": 0.48410885714267665,
            "brake": 0.04366764117170911,
            "steer": 0.0
        },
        {
            "throttle": 0.4873128645795155,
            "brake": 0.030567348820196377,
            "steer": 0.0
        },
        {
            "throttle": 0.4867416945144936,
            "brake": 0.02139714417413746,
            "steer": 0.0
        },
        {
            "throttle": 0.4835638140786384,
            "brake": 0.014978000921896223,
            "steer": 0.0
        },
        {
            "throttle": 0.47860030647779583,
            "brake": 0.010484600645327356,
            "steer": 0.0
        },
        {
            "throttle": 0.4724290417818262,
            "brake": 0.0073392204517291485,
            "steer": 0.0
        },
        {
            "throttle": 0.465457592941631,
            "brake": 0.005137454316210404,
            "steer": 0.0
        },
        {
            "throttle": 0.45797427352010744,
            "brake": 0.0035962180213472824,
            "steer": 0.0
        },
        {
            "throttle": 0.4501838606812551,
            "brake": 0.0025173526149430974,
            "steer": 0.0
        },
        {
            "throttle": 0.44223259792227965,
            "brake": 0.001762146830460168,
            "steer": 0.0
        },
        {
            "throttle": 0.4342256936919019,
            "brake": 0.0012335027813221175,
            "steer": 0.0
        },
        {
            "throttle": 0.42623956719886225,
            "brake": 0.0008634519469254821,
            "steer": 0.0
        },
        {
            "throttle": 0.4183304173270748,
            "brake": 0.0006044163628478375,
            "steer": 0.0
        },
        {
            "throttle": 0.4105402178025306,
            "brake": 0.0004230914539934862,
            "steer": 0.0
        },
        {
            "throttle": 0.4029009108170103,
            "brake": 0.0002961640177954403,
            "steer": 0.0
        },
        {
            "throttle": 0.3954373396555508,
            "brake": 0.0002073148124568082,
            "steer": 0.0
        },
        {
            "throttle": 0.3881692987138293,
            "brake": 0.00014512036871976573,
            "steer": 0.0
        },
        {
            "throttle": 0.3811129657789884,
            "brake": 0.000101584258103836,
            "steer": 0.0
        },
        {
            "throttle": 0.37428190198846967,
            "brake": 7.11089806726852e-05,
            "steer": 0.0
        },
        {
            "throttle": 0.36768774926005027,
            "brake": 4.977628647087964e-05,
            "steer": 0.0
        },
        {
            "throttle": 0.3613407160512067,
            "brake": 3.4843400529615745e-05,
            "steer": 0.0
        },
        {
            "throttle": 0.3552499150512651,
            "brake": 2.439038037073102e-05,
            "steer": 0.0
        },
        {
            "throttle": 0.34942359733141853,
            "brake": 1.7073266259511713e-05,
            "steer": 0.0
        },
        {
            "throttle": 0.3438693141227065,
            "brake": 1.1951286381658198e-05,
            "steer": 0.0
        },
        {
            "throttle": 0.3385940280434384,
            "brake": 8.365900467160738e-06,
            "steer": 0.0
        },
        {
            "throttle": 0.33360418905339195,
            "brake": 5.856130327012516e-06,
            "steer": 0.0
        },
        {
            "throttle": 0.32890578583108065,
            "brake": 4.099291228908761e-06,
            "steer": 0.0
        },
        {
            "throttle": 0.324504380063532,
            "brake": 2.8695038602361327e-06,
            "steer": 0.0
        },
        {
            "throttle": 0.3204051288930869,
            "brake": 2.0086527021652926e-06,
            "steer": 0.0
        },
        {
            "throttle": 0.31661279919414637,
            "brake": 1.4060568915157048e-06,
            "steer": 0.0
        },
        {
            "throttle": 0.31313177625254385,
            "brake": 9.842398240609932e-07,
            "steer": 0.0
        },
        {
            "throttle": 0.3099660686499132,
            "brake": 6.889678768426952e-07,
            "steer": 0.0
        },
        {
            "throttle": 0.3071193106160631,
            "brake": 4.822775137898866e-07,
            "steer": 0.0
        },
        {
            "throttle": 0.30459476273467756,
            "brake": 3.3759425965292056e-07,
            "steer": 0.0
        },
        {
            "throttle": 0.30239531162313626,
            "brake": 2.3631598175704437e-07,
            "steer": 0.0
        },
        {
            "throttle": 0.3005234690219345,
            "brake": 1.6542118722993106e-07,
            "steer": 0.0
        },
        {
            "throttle": 0.2989813705993184,
            "brake": 1.1579483106095173e-07,
            "steer": 0.0
        },
        {
            "throttle": 0.2977707746857008,
            "brake": 8.10563817426662e-08,
            "steer": 0.0
        },
        {
            "throttle": 0.29689306108854074,
            "brake": 5.673946721986634e-08,
            "steer": 0.0
        },
        {
            "throttle": 0.296349230093504,
            "brake": 3.9717627053906436e-08,
            "steer": 0.0
        },
        {
            "throttle": 0.29613990172616944,
            "brake": 2.7802338937734504e-08,
            "steer": 0.0
        },
        {
            "throttle": 0.29626531532631173,
            "brake": 1.946163725641415e-08,
            "steer": 0.0
        },
        {
            "throttle": 0.29672532947107677,
            "brake": 1.3623146079489904e-08,
            "steer": 0.0
        },
        {
            "throttle": 0.2975194222722216,
            "brake": 9.536202255642933e-09,
            "steer": 0.0
        },
        {
            "throttle": 0.2986466920646388,
            "brake": 6.6753415789500524e-09,
            "steer": 0.0
        },
        {
            "throttle": 0.3001058584976746,
            "brake": 4.672739105265036e-09,
            "steer": 0.0
        },
        {
            "throttle": 0.30189526403660494,
            "brake": 3.2709173736855253e-09,
            "steer": 0.0
        },
        {
            "throttle": 0.30401287587858455,
            "brake": 2.2896421615798675e-09,
            "steer": 0.0
        },
        {
            "throttle": 0.3064562882851103,
            "brake": 1.6027495131059072e-09,
            "steer": 0.0
        },
        {
            "throttle": 0.3092227253312979,
            "brake": 1.121924659174135e-09,
            "steer": 0.0
        },
        {
            "throttle": 0.312309044070916,
            "brake": 7.853472614218945e-10,
            "steer": 0.0
        },
        {
            "throttle": 0.315711738115026,
            "brake": 5.497430829953261e-10,
            "steer": 0.0
        },
        {
            "throttle": 0.3194269416211757,
            "brake": 3.8482015809672825e-10,
            "steer": 0.0
        },
        {
            "throttle": 0.3234504336893219,
            "brake": 2.6937411066770973e-10,
            "steer": 0.0
        },
        {
            "throttle": 0.3277776431599845,
            "brake": 1.885618774673968e-10,
            "steer": 0.0
        },
        {
            "throttle": 0.3324036538095272,
            "brake": 1.3199331422717775e-10,
            "steer": 0.0
        },
        {
            "throttle": 0.3373232099369061,
            "brake": 9.239531995902442e-11,
            "steer": 0.0
        },
        {
            "throttle": 0.3425307223357089,
            "brake": 6.467672397131708e-11,
            "steer": 0.0
        },
        {
            "throttle": 0.34802027464481816,
            "brake": 4.527370677992196e-11,
            "steer": 0.0
        },
        {
            "throttle": 0.3537856300705681,
            "brake": 3.169159474594537e-11,
            "steer": 0.0
        },
        {
            "throttle": 0.3598202384728151,
            "brake": 2.2184116322161758e-11,
            "steer": 0.0
        },
        {
            "throttle": 0.36611724380691196,
            "brake": 1.552888142551323e-11,
            "steer": 0.0
        },
        {
            "throttle": 0.37266949191316107,
            "brake": 1.0870216997859261e-11,
            "steer": 0.0
        },
        {
            "throttle": 0.37946953864491473,
            "brake": 7.609151898501482e-12,
            "steer": 0.0
        },
        {
            "throttle": 0.3865096583261034,
            "brake": 5.326406328951037e-12,
            "steer": 0.0
        },
        {
            "throttle": 0.39378185252859266,
            "brake": 3.7284844302657256e-12,
            "steer": 0.0
        },
        {
            "throttle": 0.4012778591594037,
            "brake": 2.6099391011860077e-12,
            "steer": 0.0
        },
        {
            "throttle": 0.4089891618474771,
            "brake": 1.8269573708302054e-12,
            "steer": 0.0
        },
        {
            "throttle": 0.41690699961932004,
            "brake": 1.2788701595811436e-12,
            "steer": 0.0
        },
        {
            "throttle": 0.42502237685254607,
            "brake": 8.952091117068005e-13,
            "steer": 0.0
        },
        {
            "throttle": 0.4333260734960001,
            "brake": 6.266463781947603e-13,
            "steer": 0.0
        },
        {
            "throttle": 0.4418086555448594,
            "brake": 4.386524647363322e-13,
            "steer": 0.0
        },
        {
            "throttle": 0.4504604857588097,
            "brake": 3.070567253154325e-13,
            "steer": 0.0
        },
        {
            "throttle": 0.4592717346111202,
            "brake": 2.1493970772080276e-13,
            "steer": 0.0
        },
        {
            "throttle": 0.46823239145617845,
            "brake": 1.5045779540456192e-13,
            "steer": 0.0
        },
        {
            "throttle": 0.4773322759027973,
            "brake": 1.0532045678319334e-13,
            "steer": 0.0
        },
        {
            "throttle": 0.48656104938037303,
            "brake": 7.372431974823534e-14,
            "steer": 0.0
        },
        {
            "throttle": 0.49590822688475444,
            "brake": 5.160702382376473e-14,
            "steer": 0.0
        },
        {
            "throttle": 0.5053631888904773,
            "brake": 3.612491667663531e-14,
            "steer": 0.0
        },
        {
            "throttle": 0.5149151934158316,
            "brake": 2.5287441673644717e-14,
            "steer": 0.0
        },
        {
            "throttle": 0.5245533882270542,
            "brake": 1.7701209171551303e-14,
            "steer": 0.0
        },
        {
            "throttle": 0.5342668231677801,
            "brake": 1.239084642008591e-14,
            "steer": 0.0
        },
        {
            "throttle": 0.5440444625997461,
            "brake": 8.673592494060137e-15,
            "steer": 0.0
        },
        {
            "throttle": 0.5538751979406128,
            "brake": 6.0715147458420955e-15,
            "steer": 0.0
        },
        {
            "throttle": 0.5637478602846585,
            "brake": 4.250060322089466e-15,
            "steer": 0.0
        },
        {
            "throttle": 0.5736512330920094,
            "brake": 2.9750422254626262e-15,
            "steer": 0.0
        },
        {
            "throttle": 0.5835740649319863,
            "brake": 2.082529557823838e-15,
            "steer": 0.0
        },
        {
            "throttle": 0.5935050822660928,
            "brake": 1.4577706904766866e-15,
            "steer": 0.0
        },
        {
            "throttle": 0.6034330022561201,
            "brake": 1.0204394833336806e-15,
            "steer": 0.0
        },
        {
            "throttle": 0.613346545582817,
            "brake": 7.143076383335764e-16,
            "steer": 0.0
        },
        {
            "throttle": 0.623234449260563,
            "brake": 5.000153468335035e-16,
            "steer": 0.0
        },
        {
            "throttle": 0.6330854794334833,
            "brake": 3.500107427834524e-16,
            "steer": 0.0
        },
        {
            "throttle": 0.6428884441384692,
            "brake": 2.450075199484167e-16,
            "steer": 0.0
        },
        {
            "throttle": 0.6526322060206042,
            "brake": 1.7150526396389169e-16,
            "steer": 0.0
        },
        {
            "throttle": 0.6623056949865469,
            "brake": 1.2005368477472418e-16,
            "steer": 0.0
        },
        {
            "throttle": 0.6718979207814977,
            "brake": 8.403757934230691e-17,
            "steer": 0.0
        },
        {
            "throttle": 0.6813979854754595,
            "brake": 5.882630553961484e-17,
            "steer": 0.0
        },
        {
            "throttle": 0.6907950958446053,
            "brake": 4.1178413877730386e-17,
            "steer": 0.0
        }
    ],
    "parameters": {
        "fog_density": 79.99775161842672,
        "precipitation": 62.07548488932396,
        "precipitation_deposits": 71.11596674819764,
        "wind_intensity": 31.2389107358663,
        "sun_altitude_angle": -2.9471057572815056,
        "cloudiness": 5.229666497259444,
        "lead_base_throttle": 0.5907788375775408,
        "lead_behavior_frequency": 0.053647934137501865,
        "lead_throttle_variation": 0.29594047642227417,
        "lead_brake_probability": 0.05446210736287616,
        "lead_brake_intensity": 0.5994320238196834,
        "lead_brake_duration": 6.571362473826121,
        "initial_distance": 73.53686367223469,
        "initial_ego_velocity": 12.511890150383747,
        "initial_lead_velocity": 21.68601560292582
    },
    "config": {
        "num_timesteps": 200,
        "dt": 0.1,
        "seed": 119
    }
}