{
    "weather": {
        "cloudiness": 49.89331393469653,
        "precipitation": 61.14641313008905,
        "precipitation_deposits": 97.75308267770232,
        "wind_intensity": 39.16151449563674,
        "sun_altitude_angle": 7.041635776609894,
        "fog_density": 75.13113898504068,
        "fog_distance": 81.72696361958188,
        "wetness": 30.573206565044526
    },
    "initial_conditions": {
        "ego": {
            "position": {
                "x": 563.4271701092883,
                "y": 20.57,
                "z": 0.294
            },
            "yaw": 0.0,
            "velocity": 15.444006738431302
        },
        "lead": {
            "position": {
                "x": 484.88,
                "y": 20.57,
                "z": 0.294
            },
            "yaw": 0.0,
            "velocity": 16.04996592104911
        }
    },
    "ego": {
        "position": {
            "x": 563.4271701092883,
            "y": 20.57,
            "z": 0.294
        },
        "yaw": 0.0,
        "velocity": 15.444006738431302
    },
    "lead": {
        "position": {
            "x": 484.88,
            "y": 20.57,
            "z": 0.294
        },
        "yaw": 0.0,
        "velocity": 16.04996592104911
    },
    "ado_actions": [
        {
            "throttle": 0.20504097202251964,
            "brake": 0.0,
            "steer": 0.0
        },
        {
            "throttle": 0.2130667010211088,
            "brake": 0.0,
            "steer": 0.0
        },
        {
            "throttle": 0.22663810977014154,
            "brake": 0.0,
            "steer": 0.0
        },
        {
            "throttle": 0.2439474851143933,
            "brake": 0.0,
            "steer": 0.0
        },
        {
            "throttle": 0.26365904702293347,
            "brake": 0.0,
            "steer": 0.0
        },
        {
            "throttle": 0.2847693008065482,
            "brake": 0.0,
            "steer": 0.0
        },
        {
            "throttle": 0.30650990055217564,
            "brake": 0.0,
            "steer": 0.0
        },
        {
            "throttle": 0.32828024743647743,
            "brake": 0.0,
            "steer": 0.0
        },
        {
            "throttle": 0.34960087412952373,
            "brake": 0.0,
            "steer": 0.0
        },
        {
            "throttle": 0.3700813460390423,
            "brake": 0.0,
            "steer": 0.0
        },
        {
            "throttle": 0.38939828612452765,
            "brake": 0.0,
            "steer": 0.0
        },
        {
            "throttle": 0.40728044354013804,
            "brake": 0.0,
            "steer": 0.0
        },
        {
            "throttle": 0.4234986462206061,
            "brake": 0.0,
            "steer": 0.0
        },
        {
            "throttle": 0.4378591218443094,
            "brake": 0.0,
            "steer": 0.0
        },
        {
            "throttle": 0.45019912308565724,
            "brake": 0.0,
            "steer": 0.0
        },
        {
            "throttle": 0.4603841095863941,
            "brake": 0.0,
            "steer": 0.0
        },
        {
            "throttle": 0.4683059611448734,
            "brake": 0.0,
            "steer": 0.0
        },
        {
            "throttle": 0.473881852598064,
            "brake": 0.0,
            "steer": 0.0
        },
        {
            "throttle": 0.4770535305962273,
            "brake": 0.0,
            "steer": 0.0
        },
        {
            "throttle": 0.4777868098302127,
            "brake": 0.0,
            "steer": 0.0
        },
        {
            "throttle": 0.47607116098093877,
            "brake": 0.0,
            "steer": 0.0
        },
        {
            "throttle": 0.47191930151517636,
            "brake": 0.0,
            "steer": 0.0
        },
        {
            "throttle": 0.46536672820292513,
            "brake": 0.0,
            "steer": 0.0
        },
        {
            "throttle": 0.4564711502006761,
            "brake": 0.0,
            "steer": 0.0
        },
        {
            "throttle": 0.4453117960516329,
            "brake": 0.0,
            "steer": 0.0
        },
        {
            "throttle": 0.43198857861771633,
            "brake": 0.0,
            "steer": 0.0
        },
        {
            "throttle": 0.4166211099077607,
            "brake": 0.0,
            "steer": 0.0
        },
        {
            "throttle": 0.3993475637875454,
            "brake": 0.0,
            "steer": 0.0
        },
        {
            "throttle": 0.3803233891961629,
            "brake": 0.0,
            "steer": 0.0
        },
        {
            "throttle": 0.3597198801280496,
            "brake": 0.0,
            "steer": 0.0
        },
        {
            "throttle": 0.3377226115321629,
            "brake": 0.0,
            "steer": 0.0
        },
        {
            "throttle": 0.3145297526090798,
            "brake": 0.0,
            "steer": 0.0
        },
        {
            "throttle": 0.2903502708763531,
            "brake": 0.0,
            "steer": 0.0
        },
        {
            "throttle": 0.26540204190612915,
            "brake": 0.0,
            "steer": 0.0
        },
        {
            "throttle": 0.2399098808736135,
            "brake": 0.0,
            "steer": 0.0
        },
        {
            "throttle": 0.21410351302876487,
            "brake": 0.0,
            "steer": 0.0
        },
        {
            "throttle": 0.18821550094242817,
            "brake": 0.0,
            "steer": 0.0
        },
        {
            "throttle": 0.16247914689955614,
            "brake": 0.0,
            "steer": 0.0
        },
        {
            "throttle": 0.13712638912845987,
            "brake": 0.0,
            "steer": 0.0
        },
        {
            "throttle": 0.1123857106751987,
            "brake": 0.0,
            "steer": 0.0
        },
        {
            "throttle": 0.08848007966348999,
            "brake": 0.0,
            "steer": 0.0
        },
        {
            "throttle": 0.06562493942932456,
            "brake": 0.0,
            "steer": 0.0
        },
        {
            "throttle": 0.045937457600527185,
            "brake": 0.0,
            "steer": 0.0
        },
        {
            "throttle": 0.03215622032036903,
            "brake": 0.0,
            "steer": 0.0
        },
        {
            "throttle": 0.02250935422425832,
            "brake": 0.0,
            "steer": 0.0
        },
        {
            "throttle": 0.015756547956980824,
            "brake": 0.0,
            "steer": 0.0
        },
        {
            "throttle": 0.011029583569886576,
            "brake": 0.0,
            "steer": 0.0
        },
        {
            "throttle": 0.0077207084989206025,
            "brake": 0.0,
            "steer": 0.0
        },
        {
            "throttle": 0.005404495949244421,
            "brake": 0.0,
            "steer": 0.0
        },
        {
            "throttle": 0.003783147164471095,
            "brake": 0.0,
            "steer": 0.0
        },
        {
            "throttle": 0.0026482030151297664,
            "brake": 0.0,
            "steer": 0.0
        },
        {
            "throttle": 0.0018537421105908364,
            "brake": 0.0,
            "steer": 0.0
        },
        {
            "throttle": 0.0012976194774135855,
            "brake": 0.0,
            "steer": 0.0
        },
        {
            "throttle": 0.0009083336341895098,
            "brake": 0.0,
            "steer": 0.0
        },
        {
            "throttle": 0.0006358335439326569,
            "brake": 0.0,
            "steer": 0.0
        },
        {
            "throttle": 0.00044508348075285976,
            "brake": 0.0,
            "steer": 0.0
        },
        {
            "throttle": 0.0003115584365270018,
            "brake": 0.0,
            "steer": 0.0
        },
        {
            "throttle": 0.00021809090556890125,
            "brake": 0.0,
            "steer": 0.0
        },
        {
            "throttle": 0.0024447129316793404,
            "brake": 0.0,
            "steer": 0.0
        },
        {
            "throttle": 0.010004047102141424,
            "brake": 0.0,
            "steer": 0.0
        },
        {
            "throttle": 0.02177591206384078,
            "brake": 0.0,
            "steer": 0.0
        },
        {
            "throttle": 0.03691777796323378,
            "brake": 0.0,
            "steer": 0.0
        },
        {
            "throttle": 0.054777674736671264,
            "brake": 0.0,
            "steer": 0.0
        },
        {
            "throttle": 0.07483378847327118,
            "brake": 0.0,
            "steer": 0.0
        },
        {
            "throttle": 0.09665276858978582,
            "brake": 0.0,
            "steer": 0.0
        },
        {
            "throttle": 0.11986115642031381,
            "brake": 0.0,
            "steer": 0.0
        },
        {
            "throttle": 0.1441260171131784,
            "brake": 0.0,
            "steer": 0.0
        },
        {
            "throttle": 0.169142026464848,
            "brake": 0.0,
            "steer": 0.0
        },
        {
            "throttle": 0.19462308302330644,
            "brake": 0.0,
            "steer": 0.0
        },
        {
            "throttle": 0.22029708882364946,
            "brake": 0.0,
            "steer": 0.0
        },
        {
            "throttle": 0.24590294323143644,
            "brake": 0.0,
            "steer": 0.0
        },
        {
            "throttle": 0.271189075192728,
            "brake": 0.0,
            "steer": 0.0
        },
        {
            "throttle": 0.2959130358631725,
            "brake": 0.0,
            "steer": 0.0
        },
        {
            "throttle": 0.31984181140866164,
            "brake": 0.0,
            "steer": 0.0
        },
        {
            "throttle": 0.34275261244329985,
            "brake": 0.0,
            "steer": 0.0
        },
        {
            "throttle": 0.3644339644893786,
            "brake": 0.0,
            "steer": 0.0
        },
        {
            "throttle": 0.3846869716813207,
            "brake": 0.0,
            "steer": 0.0
        },
        {
            "throttle": 0.4033266597593647,
            "brake": 0.0,
            "steer": 0.0
        },
        {
            "throttle": 0.4201833284537638,
            "brake": 0.0,
            "steer": 0.0
        },
        {
            "throttle": 0.4351038606143597,
            "brake": 0.0,
            "steer": 0.0
        },
        {
            "throttle": 0.4479529479673179,
            "brake": 0.0,
            "steer": 0.0
        },
        {
            "throttle": 0.45861420262816377,
            "brake": 0.0,
            "steer": 0.0
        },
        {
            "throttle": 0.4669911304770421,
            "brake": 0.0,
            "steer": 0.0
        },
        {
            "throttle": 0.4730079479100905,
            "brake": 0.0,
            "steer": 0.0
        },
        {
            "throttle": 0.47661022780648277,
            "brake": 0.0,
            "steer": 0.0
        },
        {
            "throttle": 0.4777653641297457,
            "brake": 0.0,
            "steer": 0.0
        },
        {
            "throttle": 0.47646284764439895,
            "brake": 0.0,
            "steer": 0.0
        },
        {
            "throttle": 0.4727143479308026,
            "brake": 0.0,
            "steer": 0.0
        },
        {
            "throttle": 0.46655359932647966,
            "brake": 0.0,
            "steer": 0.0
        },
        {
            "throttle": 0.4580360906790406,
            "brake": 0.0,
            "steer": 0.0
        },
        {
            "throttle": 0.4472385609067907,
            "brake": 0.0,
            "steer": 0.0
        },
        {
            "throttle": 0.43425830435322066,
            "brake": 0.0,
            "steer": 0.0
        },
        {
            "throttle": 0.4192122918037739,
            "brake": 0.0,
            "steer": 0.0
        },
        {
            "throttle": 0.4022361148121911,
            "brake": 0.0,
            "steer": 0.0
        },
        {
            "throttle": 0.38348276265844433,
            "brake": 0.0,
            "steer": 0.0
        },
        {
            "throttle": 0.36312124282627267,
            "brake": 0.0,
            "steer": 0.0
        },
        {
            "throttle": 0.3413350573389219,
            "brake": 0.0,
            "steer": 0.0
        },
        {
            "throttle": 0.3183205486189777,
            "brake": 0.0,
            "steer": 0.0
        },
        {
            "throttle": 0.2942851297338388,
            "brake": 0.0,
            "steer": 0.0
        },
        {
            "throttle": 0.2694454149441683,
            "brake": 0.0,
            "steer": 0.0
        },
        {
            "throttle": 0.2440252673808459,
            "brake": 0.0,
            "steer": 0.0
        },
        {
            "throttle": 0.2182537814295916,
            "brake": 0.0,
            "steer": 0.0
        },
        {
            "throttle": 0.1923632179956101,
            "brake": 0.0,
            "steer": 0.0
        },
        {
            "throttle": 0.1665869112485901,
            "brake": 0.0,
            "steer": 0.0
        },
        {
            "throttle": 0.1411571657077455,
            "brake": 0.0,
            "steer": 0.0
        },
        {
            "throttle": 0.1163031626152719,
            "brake": 0.0,
            "steer": 0.0
        },
        {
            "throttle": 0.09224889446402157,
            "brake": 0.0,
            "steer": 0.0
        },
        {
            "throttle": 0.06921114629226177,
            "brake": 0.0,
            "steer": 0.0
        },
        {
            "throttle": 0.04844780240458324,
            "brake": 0.0,
            "steer": 0.0
        },
        {
            "throttle": 0.03391346168320827,
            "brake": 0.0,
            "steer": 0.0
        },
        {
            "throttle": 0.023739423178245785,
            "brake": 0.0,
            "steer": 0.0
        },
        {
            "throttle": 0.01661759622477205,
            "brake": 0.0,
            "steer": 0.0
        },
        {
            "throttle": 0.011632317357340435,
            "brake": 0.0,
            "steer": 0.0
        },
        {
            "throttle": 0.008142622150138303,
            "brake": 0.0,
            "steer": 0.0
        },
        {
            "throttle": 0.005699835505096812,
            "brake": 0.0,
            "steer": 0.0
        },
        {
            "throttle": 0.0039898848535677685,
            "brake": 0.0,
            "steer": 0.0
        },
        {
            "throttle": 0.002792919397497438,
            "brake": 0.0,
            "steer": 0.0
        },
        {
            "throttle": 0.0019550435782482063,
            "brake": 0.0,
            "steer": 0.0
        },
        {
            "throttle": 0.0013685305047737443,
            "brake": 0.0,
            "steer": 0.0
        },
        {
            "throttle": 0.0009579713533416209,
            "brake": 0.0,
            "steer": 0.0
        },
        {
            "throttle": 0.0006705799473391346,
            "brake": 0.0,
            "steer": 0.0
        },
        {
            "throttle": 0.00046940596313739416,
            "brake": 0.0,
            "steer": 0.0
        },
        {
            "throttle": 0.0003285841741961759,
            "brake": 0.0,
            "steer": 0.0
        },
        {
            "throttle": 0.0002300089219373231,
            "brake": 0.0,
            "steer": 0.0
        },
        {
            "throttle": 0.0015389612778674865,
            "brake": 0.0,
            "steer": 0.0
        },
        {
            "throttle": 0.008373849432708148,
            "brake": 0.0,
            "steer": 0.0
        },
        {
            "throttle": 0.01956550276714396,
            "brake": 0.0,
            "steer": 0.0
        },
        {
            "throttle": 0.034237757737630006,
            "brake": 0.0,
            "steer": 0.0
        },
        {
            "throttle": 0.051715672645360665,
            "brake": 0.0,
            "steer": 0.0
        },
        {
            "throttle": 0.07146183337960943,
            "brake": 0.0,
            "steer": 0.0
        },
        {
            "throttle": 0.09303235283350067,
            "brake": 0.0,
            "steer": 0.0
        },
        {
            "throttle": 0.11604668060507684,
            "brake": 0.0,
            "steer": 0.0
        },
        {
            "throttle": 0.14016709911415073,
            "brake": 0.0,
            "steer": 0.0
        },
        {
            "throttle": 0.16508501375458842,
            "brake": 0.0,
            "steer": 0.0
        },
        {
            "throttle": 0.19051200662201112,
            "brake": 0.0,
            "steer": 0.0
        },
        {
            "throttle": 0.2161742266312941,
            "brake": 0.0,
            "steer": 0.0
        },
        {
            "throttle": 0.24180911111330472,
            "brake": 0.0,
            "steer": 0.0
        },
        {
            "throttle": 0.26716372960886275,
            "brake": 0.0,
            "steer": 0.0
        },
        {
            "throttle": 0.2919942476065448,
            "brake": 0.0,
            "steer": 0.0
        },
        {
            "throttle": 0.3160661530315465,
            "brake": 0.0,
            "steer": 0.0
        },
        {
            "throttle": 0.3391549900263772,
            "brake": 0.0,
            "steer": 0.0
        },
        {
            "throttle": 0.3610474160176871,
            "brake": 0.0,
            "steer": 0.0
        },
        {
            "throttle": 0.38154244836775203,
            "brake": 0.0,
            "steer": 0.0
        },
        {
            "throttle": 0.40045280245299214,
            "brake": 0.0,
            "steer": 0.0
        },
        {
            "throttle": 0.41760624826464354,
            "brake": 0.0,
            "steer": 0.0
        },
        {
            "throttle": 0.43284693071347713,
            "brake": 0.0,
            "steer": 0.0
        },
        {
            "throttle": 0.4460366119251582,
            "brake": 0.0,
            "steer": 0.0
        },
        {
            "throttle": 0.4570558034602041,
            "brake": 0.0,
            "steer": 0.0
        },
        {
            "throttle": 0.4658047636455481,
            "brake": 0.0,
            "steer": 0.0
        },
        {
            "throttle": 0.47220434080309437,
            "brake": 0.0,
            "steer": 0.0
        },
        {
            "throttle": 0.4761966476173734,
            "brake": 0.0,
            "steer": 0.0
        },
        {
            "throttle": 0.47774555555377096,
            "brake": 0.0,
            "steer": 0.0
        },
        {
            "throttle": 0.4768370013638343,
            "brake": 0.0,
            "steer": 0.0
        },
        {
            "throttle": 0.473479100459987,
            "brake": 0.0,
            "steer": 0.0
        },
        {
            "throttle": 0.4677020644191412,
            "brake": 0.0,
            "steer": 0.0
        },
        {
            "throttle": 0.4595579221555752,
            "brake": 0.0,
            "steer": 0.0
        },
        {
            "throttle": 0.44912004643377645,
            "brake": 0.0,
            "steer": 0.0
        },
        {
            "throttle": 0.43648248939894657,
            "brake": 0.0,
            "steer": 0.0
        },
        {
            "throttle": 0.421759132700921,
            "brake": 0.0,
            "steer": 0.0
        },
        {
            "throttle": 0.4050826595820003,
            "brake": 0.0,
            "steer": 0.0
        },
        {
            "throttle": 0.3866033579903728,
            "brake": 0.0,
            "steer": 0.0
        },
        {
            "throttle": 0.3664877653643259,
            "brake": 0.0,
            "steer": 0.0
        },
        {
            "throttle": 0.3449171672018185,
            "brake": 0.0,
            "steer": 0.0
        },
        {
            "throttle": 0.3220859628774521,
            "brake": 0.0,
            "steer": 0.0
        },
        {
            "throttle": 0.2981999133860918,
            "brake": 0.0,
            "steer": 0.0
        },
        {
            "throttle": 0.2734742867710709,
            "brake": 0.0,
            "steer": 0.0
        },
        {
            "throttle": 0.24813191792721132,
            "brake": 0.0,
            "steer": 0.0
        },
        {
            "throttle": 0.22240120024770932,
            "brake": 0.0,
            "steer": 0.0
        },
        {
            "throttle": 0.19651402720317665,
            "brake": 0.0,
            "steer": 0.0
        },
        {
            "throttle": 0.17070370239585653,
            "brake": 0.0,
            "steer": 0.0
        },
        {
            "throttle": 0.14520283691859007,
            "brake": 0.0,
            "steer": 0.0
        },
        {
            "throttle": 0.12024125296423727,
            "brake": 0.0,
            "steer": 0.0
        },
        {
            "throttle": 0.09604391257612789,
            "brake": 0.0,
            "steer": 0.0
        },
        {
            "throttle": 0.07282889020437107,
            "brake": 0.0,
            "steer": 0.0
        },
        {
            "throttle": 0.05098022314305974,
            "brake": 0.0,
            "steer": 0.0
        },
        {
            "throttle": 0.035686156200141816,
            "brake": 0.0,
            "steer": 0.0
        },
        {
            "throttle": 0.02498030934009927,
            "brake": 0.0,
            "steer": 0.0
        },
        {
            "throttle": 0.017486216538069487,
            "brake": 0.0,
            "steer": 0.0
        },
        {
            "throttle": 0.01224035157664864,
            "brake": 0.0,
            "steer": 0.0
        },
        {
            "throttle": 0.008568246103654047,
            "brake": 0.0,
            "steer": 0.0
        },
        {
            "throttle": 0.005997772272557832,
            "brake": 0.0,
            "steer": 0.0
        },
        {
            "throttle": 0.004198440590790482,
            "brake": 0.0,
            "steer": 0.0
        },
        {
            "throttle": 0.002938908413553337,
            "brake": 0.0,
            "steer": 0.0
        },
        {
            "throttle": 0.002057235889487336,
            "brake": 0.0,
            "steer": 0.0
        },
        {
            "throttle": 0.001440065122641135,
            "brake": 0.0,
            "steer": 0.0
        },
        {
            "throttle": 0.0010080455858487946,
            "brake": 0.0,
            "steer": 0.0
        },
        {
            "throttle": 0.0007056319100941561,
            "brake": 0.0,
            "steer": 0.0
        },
        {
            "throttle": 0.0004939423370659093,
            "brake": 0.0,
            "steer": 0.0
        },
        {
            "throttle": 0.00034575963594613647,
            "brake": 0.0,
            "steer": 0.0
        },
        {
            "throttle": 0.0002420317451622955,
            "brake": 0.0,
            "steer": 0.0
        },
        {
            "throttle": 0.0006472337794930747,
            "brake": 0.0,
            "steer": 0.0
        },
        {
            "throttle": 0.006766046379482726,
            "brake": 0.0,
            "steer": 0.0
        },
        {
            "throttle": 0.017381860971461317,
            "brake": 0.0,
            "steer": 0.0
        },
        {
            "throttle": 0.03158597963644725,
            "brake": 0.0,
            "steer": 0.0
        },
        {
            "throttle": 0.048681272857804145,
            "brake": 0.0,
            "steer": 0.0
        },
        {
            "throttle": 0.06811529006622505,
            "brake": 0.0,
            "steer": 0.0
        },
        {
            "throttle": 0.08943401795542538,
            "brake": 0.0,
            "steer": 0.0
        },
        {
            "throttle": 0.11225011781433653,
            "brake": 0.0,
            "steer": 0.0
        },
        {
            "throttle": 0.13622131828176964,
            "brake": 0.0,
            "steer": 0.0
        },
        {
            "throttle": 0.16103593136040806,
            "brake": 0.0,
            "steer": 0.0
        }
    ],
    "parameters": {
        "fog_density": 75.13113898504068,
        "precipitation": 61.14641313008905,
        "precipitation_deposits": 97.75308267770232,
        "wind_intensity": 39.16151449563674,
        "sun_altitude_angle": 7.041635776609894,
        "cloudiness": 49.89331393469653,
        "lead_base_throttle": 0.20504097202251967,
        "lead_behavior_frequency": 0.1511478535326879,
        "lead_throttle_variation": 0.28212034430448685,
        "lead_brake_probability": 0.007528456417894669,
        "lead_brake_intensity": 0.6738892083082885,
        "lead_brake_duration": 8.359426450390988,
        "initial_distance": 78.5471701092883,
        "initial_ego_velocity": 15.444006738431302,
        "initial_lead_velocity": 16.04996592104911
    },
    "config": {
        "num_timesteps": 200,
        "dt": 0.1,
        "seed": 221
    }
}