{
    "weather": {
        "cloudiness": 66.95401491103526,
        "precipitation": 28.489371711201894,
        "precipitation_deposits": 14.996955883484942,
        "wind_intensity": 31.322310292496546,
        "sun_altitude_angle": 66.95983677996851,
        "fog_density": 4.4735689125935085,
        "fog_distance": 861.4666254998629,
        "wetness": 14.244685855600947
    },
    "initial_conditions": {
        "ego": {
            "position": {
                "x": 558.5472547734131,
                "y": 20.57,
                "z": 0.294
            },
            "yaw": 0.0,
            "velocity": 11.102268824185387
        },
        "lead": {
            "position": {
                "x": 484.88,
                "y": 20.57,
                "z": 0.294
            },
            "yaw": 0.0,
            "velocity": 6.026382873321046
        }
    },
    "ego": {
        "position": {
            "x": 558.5472547734131,
            "y": 20.57,
            "z": 0.294
        },
        "yaw": 0.0,
        "velocity": 11.102268824185387
    },
    "lead": {
        "position": {
            "x": 484.88,
            "y": 20.57,
            "z": 0.294
        },
        "yaw": 0.0,
        "velocity": 6.026382873321046
    },
    "ado_actions": [
        {
            "throttle": 0.29564553282652695,
            "brake": 0.0,
            "steer": 0.0
        },
        {
            "throttle": 0.3099999102729255,
            "brake": 0.0,
            "steer": 0.0
        },
        {
            "throttle": 0.33404191487602397,
            "brake": 0.0,
            "steer": 0.0
        },
        {
            "throttle": 0.3641534349175278,
            "brake": 0.0,
            "steer": 0.0
        },
        {
            "throttle": 0.39746827950146435,
            "brake": 0.0,
            "steer": 0.0
        },
        {
            "throttle": 0.4316728506019084,
            "brake": 0.0,
            "steer": 0.0
        },
        {
            "throttle": 0.46487432887629043,
            "brake": 0.0,
            "steer": 0.0
        },
        {
            "throttle": 0.4955152662899718,
            "brake": 0.0,
            "steer": 0.0
        },
        {
            "throttle": 0.5223196383659574,
            "brake": 0.0,
            "steer": 0.0
        },
        {
            "throttle": 0.5442597464525769,
            "brake": 0.0,
            "steer": 0.0
        },
        {
            "throttle": 0.5605364261290144,
            "brake": 0.0,
            "steer": 0.0
        },
        {
            "throttle": 0.5705671962410164,
            "brake": 0.0,
            "steer": 0.0
        },
        {
            "throttle": 0.5739785424124574,
            "brake": 0.0,
            "steer": 0.0
        },
        {
            "throttle": 0.570599656181419,
            "brake": 0.0,
            "steer": 0.0
        },
        {
            "throttle": 0.5604557761423359,
            "brake": 0.0,
            "steer": 0.0
        },
        {
            "throttle": 0.5437598907177952,
            "brake": 0.0,
            "steer": 0.0
        },
        {
            "throttle": 0.5209020255968101,
            "brake": 0.0,
            "steer": 0.0
        },
        {
            "throttle": 0.4924356951169242,
            "brake": 0.0,
            "steer": 0.0
        },
        {
            "throttle": 0.45906137499481653,
            "brake": 0.0,
            "steer": 0.0
        },
        {
            "throttle": 0.4216070734436885,
            "brake": 0.0,
            "steer": 0.0
        },
        {
            "throttle": 0.3810062519629107,
            "brake": 0.0,
            "steer": 0.0
        },
        {
            "throttle": 0.3382734846064633,
            "brake": 0.0,
            "steer": 0.0
        },
        {
            "throttle": 0.29447835100338726,
            "brake": 0.0,
            "steer": 0.0
        },
        {
            "throttle": 0.2507181375298595,
            "brake": 0.0,
            "steer": 0.0
        },
        {
            "throttle": 0.20808997530295087,
            "brake": 0.0,
            "steer": 0.0
        },
        {
            "throttle": 0.16766307484775894,
            "brake": 0.0,
            "steer": 0.0
        },
        {
            "throttle": 0.13045172679033926,
            "brake": 0.0,
            "steer": 0.0
        },
        {
            "throttle": 0.09738972704375867,
            "brake": 0.0,
            "steer": 0.0
        },
        {
            "throttle": 0.06930685503052295,
            "brake": 0.0,
            "steer": 0.0
        },
        {
            "throttle": 0.04851479852136606,
            "brake": 0.0,
            "steer": 0.0
        },
        {
            "throttle": 0.033960358964956236,
            "brake": 0.0,
            "steer": 0.0
        },
        {
            "throttle": 0.023772251275469364,
            "brake": 0.0,
            "steer": 0.0
        },
        {
            "throttle": 0.02040612211443545,
            "brake": 0.0,
            "steer": 0.0
        },
        {
            "throttle": 0.024222248020724958,
            "brake": 0.0,
            "steer": 0.0
        },
        {
            "throttle": 0.03504350056142511,
            "brake": 0.0,
            "steer": 0.0
        },
        {
            "throttle": 0.05254124500049899,
            "brake": 0.0,
            "steer": 0.0
        },
        {
            "throttle": 0.07623627475721517,
            "brake": 0.0,
            "steer": 0.0
        },
        {
            "throttle": 0.10550572196789573,
            "brake": 0.0,
            "steer": 0.0
        },
        {
            "throttle": 0.1395951120498577,
            "brake": 0.0,
            "steer": 0.0
        },
        {
            "throttle": 0.17763479857428757,
            "brake": 0.0,
            "steer": 0.0
        },
        {
            "throttle": 0.21866004306693995,
            "brake": 0.0,
            "steer": 0.0
        },
        {
            "throttle": 0.26163400964266037,
            "brake": 0.0,
            "steer": 0.0
        },
        {
            "throttle": 0.3054729389561661,
            "brake": 0.0,
            "steer": 0.0
        },
        {
            "throttle": 0.3490727586664356,
            "brake": 0.0,
            "steer": 0.0
        },
        {
            "throttle": 0.391336384747478,
            "brake": 0.0,
            "steer": 0.0
        },
        {
            "throttle": 0.431200973875464,
            "brake": 0.0,
            "steer": 0.0
        },
        {
            "throttle": 0.467664404621676,
            "brake": 0.0,
            "steer": 0.0
        },
        {
            "throttle": 0.499810295935055,
            "brake": 0.0,
            "steer": 0.0
        },
        {
            "throttle": 0.5268309160994336,
            "brake": 0.0,
            "steer": 0.0
        },
        {
            "throttle": 0.5480473939014838,
            "brake": 0.0,
            "steer": 0.0
        },
        {
            "throttle": 0.562926715393307,
            "brake": 0.0,
            "steer": 0.0
        },
        {
            "throttle": 0.5710950730816768,
            "brake": 0.0,
            "steer": 0.0
        },
        {
            "throttle": 0.572347227880438,
            "brake": 0.0,
            "steer": 0.0
        },
        {
            "throttle": 0.566651645621681,
            "brake": 0.0,
            "steer": 0.0
        },
        {
            "throttle": 0.5541512769597446,
            "brake": 0.0,
            "steer": 0.0
        },
        {
            "throttle": 0.5351599595526735,
            "brake": 0.0,
            "steer": 0.0
        },
        {
            "throttle": 0.5101545317895786,
            "brake": 0.0,
            "steer": 0.0
        },
        {
            "throttle": 0.4797628553367526,
            "brake": 0.0,
            "steer": 0.0
        },
        {
            "throttle": 0.4447480467297763,
            "brake": 0.0,
            "steer": 0.0
        },
        {
            "throttle": 0.40598931358699575,
            "brake": 0.0,
            "steer": 0.0
        },
        {
            "throttle": 0.36445987638774147,
            "brake": 0.0,
            "steer": 0.0
        },
        {
            "throttle": 0.32120253001709814,
            "brake": 0.0,
            "steer": 0.0
        },
        {
            "throttle": 0.27730345859834526,
            "brake": 0.0,
            "steer": 0.0
        },
        {
            "throttle": 0.23386496103182397,
            "brake": 0.0,
            "steer": 0.0
        },
        {
            "throttle": 0.19197777203753516,
            "brake": 0.0,
            "steer": 0.0
        },
        {
            "throttle": 0.15269367367418868,
            "brake": 0.0,
            "steer": 0.0
        },
        {
            "throttle": 0.116999085026567,
            "brake": 0.0,
            "steer": 0.0
        },
        {
            "throttle": 0.08579029320044171,
            "brake": 0.0,
            "steer": 0.0
        },
        {
            "throttle": 0.060053205240309195,
            "brake": 0.0,
            "steer": 0.0
        },
        {
            "throttle": 0.042037243668216435,
            "brake": 0.0,
            "steer": 0.0
        },
        {
            "throttle": 0.029426070567751504,
            "brake": 0.0,
            "steer": 0.0
        },
        {
            "throttle": 0.0216391235090557,
            "brake": 0.0,
            "steer": 0.0
        },
        {
            "throttle": 0.021075493941325168,
            "brake": 0.0,
            "steer": 0.0
        },
        {
            "throttle": 0.02764642178455854,
            "brake": 0.0,
            "steer": 0.0
        },
        {
            "throttle": 0.04111487272856201,
            "brake": 0.0,
            "steer": 0.0
        },
        {
            "throttle": 0.06109222799314173,
            "brake": 0.0,
            "steer": 0.0
        },
        {
            "throttle": 0.08704155900460991,
            "brake": 0.0,
            "steer": 0.0
        },
        {
            "throttle": 0.11828657116839333,
            "brake": 0.0,
            "steer": 0.0
        },
        {
            "throttle": 0.15402540864508296,
            "brake": 0.0,
            "steer": 0.0
        },
        {
            "throttle": 0.1933485650325461,
            "brake": 0.0,
            "steer": 0.0
        },
        {
            "throttle": 0.23526016429603586,
            "brake": 0.0,
            "steer": 0.0
        },
        {
            "throttle": 0.2787018774383877,
            "brake": 0.0,
            "steer": 0.0
        },
        {
            "throttle": 0.32257873426294315,
            "brake": 0.0,
            "steer": 0.0
        },
        {
            "throttle": 0.36578608402685014,
            "brake": 0.0,
            "steer": 0.0
        },
        {
            "throttle": 0.40723695935529636,
            "brake": 0.0,
            "steer": 0.0
        },
        {
            "throttle": 0.44588910825638184,
            "brake": 0.0,
            "steer": 0.0
        },
        {
            "throttle": 0.4807709818268039,
            "brake": 0.0,
            "steer": 0.0
        },
        {
            "throttle": 0.5110060015525795,
            "brake": 0.0,
            "steer": 0.0
        },
        {
            "throttle": 0.5358344803723197,
            "brake": 0.0,
            "steer": 0.0
        },
        {
            "throttle": 0.5546326355292348,
            "brake": 0.0,
            "steer": 0.0
        },
        {
            "throttle": 0.5669282077243528,
            "brake": 0.0,
            "steer": 0.0
        },
        {
            "throttle": 0.5724122887218753,
            "brake": 0.0,
            "steer": 0.0
        },
        {
            "throttle": 0.5709470564590854,
            "brake": 0.0,
            "steer": 0.0
        },
        {
            "throttle": 0.5625692206626574,
            "brake": 0.0,
            "steer": 0.0
        },
        {
            "throttle": 0.5474890905130766,
            "brake": 0.0,
            "steer": 0.0
        },
        {
            "throttle": 0.5260852864105923,
            "brake": 0.0,
            "steer": 0.0
        },
        {
            "throttle": 0.4988952276795549,
            "brake": 0.0,
            "steer": 0.0
        },
        {
            "throttle": 0.4666016343988357,
            "brake": 0.0,
            "steer": 0.0
        },
        {
            "throttle": 0.43001538183048693,
            "brake": 0.0,
            "steer": 0.0
        },
        {
            "throttle": 0.3900551376443909,
            "brake": 0.0,
            "steer": 0.0
        },
        {
            "throttle": 0.34772429301811236,
            "brake": 0.0,
            "steer": 0.0
        },
        {
            "throttle": 0.3040857667101454,
            "brake": 0.0,
            "steer": 0.0
        },
        {
            "throttle": 0.26023531466209765,
            "brake": 0.0,
            "steer": 0.0
        },
        {
            "throttle": 0.21727401524491097,
            "brake": 0.0,
            "steer": 0.0
        },
        {
            "throttle": 0.17628062098720243,
            "brake": 0.0,
            "steer": 0.0
        },
        {
            "throttle": 0.13828447099285618,
            "brake": 0.0,
            "steer": 0.0
        },
        {
            "throttle": 0.10423964418765252,
            "brake": 0.0,
            "steer": 0.0
        },
        {
            "throttle": 0.07500100238566706,
            "brake": 0.0,
            "steer": 0.0
        },
        {
            "throttle": 0.05250070166996694,
            "brake": 0.0,
            "steer": 0.0
        },
        {
            "throttle": 0.036750491168976857,
            "brake": 0.0,
            "steer": 0.0
        },
        {
            "throttle": 0.0257253438182838,
            "brake": 0.0,
            "steer": 0.0
        },
        {
            "throttle": 0.020699643854982346,
            "brake": 0.0,
            "steer": 0.0
        },
        {
            "throttle": 0.022897516859341105,
            "brake": 0.0,
            "steer": 0.0
        },
        {
            "throttle": 0.03216786211426181,
            "brake": 0.0,
            "steer": 0.0
        },
        {
            "throttle": 0.04821076349579531,
            "brake": 0.0,
            "steer": 0.0
        },
        {
            "throttle": 0.07057638822845534,
            "brake": 0.0,
            "steer": 0.0
        },
        {
            "throttle": 0.09867023966645869,
            "brake": 0.0,
            "steer": 0.0
        },
        {
            "throttle": 0.13176385531414675,
            "brake": 0.0,
            "steer": 0.0
        },
        {
            "throttle": 0.16901013763637146,
            "brake": 0.0,
            "steer": 0.0
        },
        {
            "throttle": 0.20946255202759662,
            "brake": 0.0,
            "steer": 0.0
        },
        {
            "throttle": 0.25209744340729395,
            "brake": 0.0,
            "steer": 0.0
        },
        {
            "throttle": 0.29583872454277116,
            "brake": 0.0,
            "steer": 0.0
        },
        {
            "throttle": 0.3395841856061049,
            "brake": 0.0,
            "steer": 0.0
        },
        {
            "throttle": 0.3822326729343757,
            "brake": 0.0,
            "steer": 0.0
        },
        {
            "throttle": 0.4227113905568908,
            "brake": 0.0,
            "steer": 0.0
        },
        {
            "throttle": 0.46000259416447997,
            "brake": 0.0,
            "steer": 0.0
        },
        {
            "throttle": 0.49316897588751585,
            "brake": 0.0,
            "steer": 0.0
        },
        {
            "throttle": 0.5213770805280772,
            "brake": 0.0,
            "steer": 0.0
        },
        {
            "throttle": 0.5439181499052317,
            "brake": 0.0,
            "steer": 0.0
        },
        {
            "throttle": 0.5602258611607525,
            "brake": 0.0,
            "steer": 0.0
        },
        {
            "throttle": 0.5698905060908832,
            "brake": 0.0,
            "steer": 0.0
        },
        {
            "throttle": 0.572669250193431,
            "brake": 0.0,
            "steer": 0.0
        },
        {
            "throttle": 0.5684922101381548,
            "brake": 0.0,
            "steer": 0.0
        },
        {
            "throttle": 0.5574641944739124,
            "brake": 0.0,
            "steer": 0.0
        },
        {
            "throttle": 0.5398620620562904,
            "brake": 0.0,
            "steer": 0.0
        },
        {
            "throttle": 0.5161277632602513,
            "brake": 0.0,
            "steer": 0.0
        },
        {
            "throttle": 0.48685723782672086,
            "brake": 0.0,
            "steer": 0.0
        },
        {
            "throttle": 0.4527854474972327,
            "brake": 0.0,
            "steer": 0.0
        },
        {
            "throttle": 0.41476791883182934,
            "brake": 0.0,
            "steer": 0.0
        },
        {
            "throttle": 0.37375925936455906,
            "brake": 0.0,
            "steer": 0.0
        },
        {
            "throttle": 0.33078918634124077,
            "brake": 0.0,
            "steer": 0.0
        },
        {
            "throttle": 0.28693666980678123,
            "brake": 0.0,
            "steer": 0.0
        },
        {
            "throttle": 0.24330283920247936,
            "brake": 0.0,
            "steer": 0.0
        },
        {
            "throttle": 0.20098333371316224,
            "brake": 0.0,
            "steer": 0.0
        },
        {
            "throttle": 0.1610407905932591,
            "brake": 0.0,
            "steer": 0.0
        },
        {
            "throttle": 0.12447816225160012,
            "brake": 0.0,
            "steer": 0.0
        },
        {
            "throttle": 0.09221353207539508,
            "brake": 0.0,
            "steer": 0.0
        },
        {
            "throttle": 0.0650570613481493,
            "brake": 0.0,
            "steer": 0.0
        },
        {
            "throttle": 0.04553994294370451,
            "brake": 0.0,
            "steer": 0.0
        },
        {
            "throttle": 0.03187796006059315,
            "brake": 0.0,
            "steer": 0.0
        },
        {
            "throttle": 0.0225741720846562,
            "brake": 0.0,
            "steer": 0.0
        },
        {
            "throttle": 0.020474348906120893,
            "brake": 0.0,
            "steer": 0.0
        },
        {
            "throttle": 0.025527066234567304,
            "brake": 0.0,
            "steer": 0.0
        },
        {
            "throttle": 0.037532545361419076,
            "brake": 0.0,
            "steer": 0.0
        },
        {
            "throttle": 0.056138296025752876,
            "brake": 0.0,
            "steer": 0.0
        },
        {
            "throttle": 0.08084140592028015,
            "brake": 0.0,
            "steer": 0.0
        },
        {
            "throttle": 0.1109965757279508,
            "brake": 0.0,
            "steer": 0.0
        },
        {
            "throttle": 0.1458291073959772,
            "brake": 0.0,
            "steer": 0.0
        },
        {
            "throttle": 0.18445210613901686,
            "brake": 0.0,
            "steer": 0.0
        },
        {
            "throttle": 0.2258871748690911,
            "brake": 0.0,
            "steer": 0.0
        },
        {
            "throttle": 0.2690878788638394,
            "brake": 0.0,
            "steer": 0.0
        },
        {
            "throttle": 0.3129652496902584,
            "brake": 0.0,
            "steer": 0.0
        },
        {
            "throttle": 0.3564145887317363,
            "brake": 0.0,
            "steer": 0.0
        },
        {
            "throttle": 0.39834282780860436,
            "brake": 0.0,
            "steer": 0.0
        },
        {
            "throttle": 0.43769571123659157,
            "brake": 0.0,
            "steer": 0.0
        },
        {
            "throttle": 0.47348408274115117,
            "brake": 0.0,
            "steer": 0.0
        },
        {
            "throttle": 0.5048085933355493,
            "brake": 0.0,
            "steer": 0.0
        },
        {
            "throttle": 0.5308821930691127,
            "brake": 0.0,
            "steer": 0.0
        },
        {
            "throttle": 0.55104983020318,
            "brake": 0.0,
            "steer": 0.0
        },
        {
            "throttle": 0.564804854996564,
            "brake": 0.0,
            "steer": 0.0
        },
        {
            "throttle": 0.5718017104814015,
            "brake": 0.0,
            "steer": 0.0
        },
        {
            "throttle": 0.5718645875600731,
            "brake": 0.0,
            "steer": 0.0
        },
        {
            "throttle": 0.564991824290934,
            "brake": 0.0,
            "steer": 0.0
        },
        {
            "throttle": 0.5513559369346898,
            "brake": 0.0,
            "steer": 0.0
        },
        {
            "throttle": 0.531299280608083,
            "brake": 0.0,
            "steer": 0.0
        },
        {
            "throttle": 0.5053254475438311,
            "brake": 0.0,
            "steer": 0.0
        },
        {
            "throttle": 0.47408661827254867,
            "brake": 0.0,
            "steer": 0.0
        },
        {
            "throttle": 0.4383671828660747,
            "brake": 0.0,
            "steer": 0.0
        },
        {
            "throttle": 0.39906404318139155,
            "brake": 0.0,
            "steer": 0.0
        },
        {
            "throttle": 0.357164090483033,
            "brake": 0.0,
            "steer": 0.0
        },
        {
            "throttle": 0.3137194238171241,
            "brake": 0.0,
            "steer": 0.0
        },
        {
            "throttle": 0.26982093128819407,
            "brake": 0.0,
            "steer": 0.0
        },
        {
            "throttle": 0.22657089753120094,
            "brake": 0.0,
            "steer": 0.0
        },
        {
            "throttle": 0.18505532514710923,
            "brake": 0.0,
            "steer": 0.0
        },
        {
            "throttle": 0.14631666506934263,
            "brake": 0.0,
            "steer": 0.0
        },
        {
            "throttle": 0.11132764057185864,
            "brake": 0.0,
            "steer": 0.0
        },
        {
            "throttle": 0.0809668221765044,
            "brake": 0.0,
            "steer": 0.0
        },
        {
            "throttle": 0.056676775523553075,
            "brake": 0.0,
            "steer": 0.0
        },
        {
            "throttle": 0.03967374286648715,
            "brake": 0.0,
            "steer": 0.0
        },
        {
            "throttle": 0.027771620006541004,
            "brake": 0.0,
            "steer": 0.0
        },
        {
            "throttle": 0.02116261294633035,
            "brake": 0.0,
            "steer": 0.0
        },
        {
            "throttle": 0.021788691035451245,
            "brake": 0.0,
            "steer": 0.0
        },
        {
            "throttle": 0.029531279990510976,
            "brake": 0.0,
            "steer": 0.0
        },
        {
            "throttle": 0.04412396667205878,
            "brake": 0.0,
            "steer": 0.0
        },
        {
            "throttle": 0.06514993187626317,
            "brake": 0.0,
            "steer": 0.0
        },
        {
            "throttle": 0.09204593685368918,
            "brake": 0.0,
            "steer": 0.0
        },
        {
            "throttle": 0.12411193034053918,
            "brake": 0.0,
            "steer": 0.0
        },
        {
            "throttle": 0.16052545169124466,
            "brake": 0.0,
            "steer": 0.0
        },
        {
            "throttle": 0.20036006022548755,
            "brake": 0.0,
            "steer": 0.0
        },
        {
            "throttle": 0.2426070422725557,
            "brake": 0.0,
            "steer": 0.0
        }
    ],
    "parameters": {
        "fog_density": 4.4735689125935085,
        "precipitation": 28.489371711201894,
        "precipitation_deposits": 14.996955883484942,
        "wind_intensity": 31.322310292496546,
        "sun_altitude_angle": 66.95983677996851,
        "cloudiness": 66.95401491103526,
        "lead_base_throttle": 0.29564553282652695,
        "lead_behavior_frequency": 0.25246320770319997,
        "lead_throttle_variation": 0.3029060895290969,
        "lead_brake_probability": 0.009860564237048662,
        "lead_brake_intensity": 0.25838200981559023,
        "lead_brake_duration": 23.637923164241705,
        "initial_distance": 73.66725477341312,
        "initial_ego_velocity": 11.102268824185387,
        "initial_lead_velocity": 6.026382873321046
    },
    "config": {
        "num_timesteps": 200,
        "dt": 0.1,
        "seed": 71
    }
}