{
    "weather": {
        "cloudiness": 82.88687074069195,
        "precipitation": 7.559885525669818,
        "precipitation_deposits": 42.69300186515981,
        "wind_intensity": 44.35227312326356,
        "sun_altitude_angle": -6.95999162844549,
        "fog_density": 61.34624323155555,
        "fog_distance": 129.396392705683,
        "wetness": 3.779942762834909
    },
    "initial_conditions": {
        "ego": {
            "position": {
                "x": 560.1235392495345,
                "y": 20.57,
                "z": 0.294
            },
            "yaw": 0.0,
            "velocity": 15.167898255143614
        },
        "lead": {
            "position": {
                "x": 484.88,
                "y": 20.57,
                "z": 0.294
            },
            "yaw": 0.0,
            "velocity": 9.565695426807668
        }
    },
    "ego": {
        "position": {
            "x": 560.1235392495345,
            "y": 20.57,
            "z": 0.294
        },
        "yaw": 0.0,
        "velocity": 15.167898255143614
    },
    "lead": {
        "position": {
            "x": 484.88,
            "y": 20.57,
            "z": 0.294
        },
        "yaw": 0.0,
        "velocity": 9.565695426807668
    },
    "ado_actions": [
        {
            "throttle": 0.5290682614703013,
            "brake": 0.0,
            "steer": 0.0
        },
        {
            "throttle": 0.5301904643885047,
            "brake": 0.0,
            "steer": 0.0
        },
        {
            "throttle": 0.5320950051603044,
            "brake": 0.0,
            "steer": 0.0
        },
        {
            "throttle": 0.5345407832001458,
            "brake": 0.0,
            "steer": 0.0
        },
        {
            "throttle": 0.5373558513293202,
            "brake": 0.0,
            "steer": 0.0
        },
        {
            "throttle": 0.5404166970959453,
            "brake": 0.0,
            "steer": 0.0
        },
        {
            "throttle": 0.5436337486914051,
            "brake": 0.0,
            "steer": 0.0
        },
        {
            "throttle": 0.5469412379805689,
            "brake": 0.0,
            "steer": 0.0
        },
        {
            "throttle": 0.5502901133825302,
            "brake": 0.0,
            "steer": 0.0
        },
        {
            "throttle": 0.5536430874925746,
            "brake": 0.0,
            "steer": 0.0
        },
        {
            "throttle": 0.5569711788443021,
            "brake": 0.0,
            "steer": 0.0
        },
        {
            "throttle": 0.56025129936709,
            "brake": 0.0,
            "steer": 0.0
        },
        {
            "throttle": 0.5634645736040462,
            "brake": 0.0,
            "steer": 0.0
        },
        {
            "throttle": 0.5665951699132229,
            "brake": 0.0,
            "steer": 0.0
        },
        {
            "throttle": 0.5696294897859018,
            "brake": 0.0,
            "steer": 0.0
        },
        {
            "throttle": 0.3987406428501312,
            "brake": 0.0585391391717496,
            "steer": 0.0
        },
        {
            "throttle": 0.27911844999509183,
            "brake": 0.09951653659197432,
            "steer": 0.0
        },
        {
            "throttle": 0.19538291499656427,
            "brake": 0.12820071478613163,
            "steer": 0.0
        },
        {
            "throttle": 0.13676804049759497,
            "brake": 0.14827963952204173,
            "steer": 0.0
        },
        {
            "throttle": 0.09573762834831648,
            "brake": 0.1623348868371788,
            "steer": 0.0
        },
        {
            "throttle": 0.06701633984382153,
            "brake": 0.17217355995777475,
            "steer": 0.0
        },
        {
            "throttle": 0.22456268454796724,
            "brake": 0.12052149197044232,
            "steer": 0.0
        },
        {
            "throttle": 0.33530473742344336,
            "brake": 0.08436504437930961,
            "steer": 0.0
        },
        {
            "throttle": 0.41322842130407444,
            "brake": 0.059055531065516725,
            "steer": 0.0
        },
        {
            "throttle": 0.46812272794072896,
            "brake": 0.041338871745861705,
            "steer": 0.0
        },
        {
            "throttle": 0.5068389587029016,
            "brake": 0.02893721022210319,
            "steer": 0.0
        },
        {
            "throttle": 0.5341721959046902,
            "brake": 0.02025604715547223,
            "steer": 0.0
        },
        {
            "throttle": 0.5534783350989809,
            "brake": 0.01417923300883056,
            "steer": 0.0
        },
        {
            "throttle": 0.5671060095737563,
            "brake": 0.009925463106181392,
            "steer": 0.0
        },
        {
            "throttle": 0.576698938908868,
            "brake": 0.006947824174326974,
            "steer": 0.0
        },
        {
            "throttle": 0.5834075738900896,
            "brake": 0.0048634769220288815,
            "steer": 0.0
        },
        {
            "throttle": 0.5880372483855814,
            "brake": 0.003404433845420217,
            "steer": 0.0
        },
        {
            "throttle": 0.5911518856071127,
            "brake": 0.0023831036917941516,
            "steer": 0.0
        },
        {
            "throttle": 0.5931465919518331,
            "brake": 0.0016681725842559061,
            "steer": 0.0
        },
        {
            "throttle": 0.5942984716631898,
            "brake": 0.0011677208089791342,
            "steer": 0.0
        },
        {
            "throttle": 0.5948021955809495,
            "brake": 0.0008174045662853939,
            "steer": 0.0
        },
        {
            "throttle": 0.5947948972736089,
            "brake": 0.0005721831963997757,
            "steer": 0.0
        },
        {
            "throttle": 0.5943735978641874,
            "brake": 0.00040052823747984296,
            "steer": 0.0
        },
        {
            "throttle": 0.5936074004741371,
            "brake": 0.00028036976623589004,
            "steer": 0.0
        },
        {
            "throttle": 0.5925460229410654,
            "brake": 0.000196258836365123,
            "steer": 0.0
        },
        {
            "throttle": 0.5912257668789431,
            "brake": 0.0001373811854555861,
            "steer": 0.0
        },
        {
            "throttle": 0.5896736917398402,
            "brake": 9.616682981891026e-05,
            "steer": 0.0
        },
        {
            "throttle": 0.5879105319507398,
            "brake": 6.731678087323717e-05,
            "steer": 0.0
        },
        {
            "throttle": 0.5859527337903561,
            "brake": 4.7121746611266015e-05,
            "steer": 0.0
        },
        {
            "throttle": 0.5838138756860156,
            "brake": 3.298522262788621e-05,
            "steer": 0.0
        },
        {
            "throttle": 0.5815056565224018,
            "brake": 2.3089655839520345e-05,
            "steer": 0.0
        },
        {
            "throttle": 0.5790385811932601,
            "brake": 1.616275908766424e-05,
            "steer": 0.0
        },
        {
            "throttle": 0.5764224338757231,
            "brake": 1.1313931361364967e-05,
            "steer": 0.0
        },
        {
            "throttle": 0.5736666023818922,
            "brake": 7.919751952955477e-06,
            "steer": 0.0
        },
        {
            "throttle": 0.5707802979557418,
            "brake": 5.543826367068834e-06,
            "steer": 0.0
        },
        {
            "throttle": 0.5677727015936876,
            "brake": 3.880678456948184e-06,
            "steer": 0.0
        },
        {
            "throttle": 0.5646530586651805,
            "brake": 2.7164749198637283e-06,
            "steer": 0.0
        },
        {
            "throttle": 0.5614307370990606,
            "brake": 1.9015324439046098e-06,
            "steer": 0.0
        },
        {
            "throttle": 0.5581152598446656,
            "brake": 1.3310727107332268e-06,
            "steer": 0.0
        },
        {
            "throttle": 0.5547163191276001,
            "brake": 9.317508975132588e-07,
            "steer": 0.0
        },
        {
            "throttle": 0.5512437777882748,
            "brake": 6.522256282592811e-07,
            "steer": 0.0
        },
        {
            "throttle": 0.5477076614295662,
            "brake": 4.5655793978149673e-07,
            "steer": 0.0
        },
        {
            "throttle": 0.5441181440071338,
            "brake": 3.195905578470477e-07,
            "steer": 0.0
        },
        {
            "throttle": 0.5404855287313233,
            "brake": 2.2371339049293336e-07,
            "steer": 0.0
        },
        {
            "throttle": 0.5368202256146342,
            "brake": 1.5659937334505334e-07,
            "steer": 0.0
        },
        {
            "throttle": 0.5331327266244716,
            "brake": 1.0961956134153732e-07,
            "steer": 0.0
        },
        {
            "throttle": 0.529433579139061,
            "brake": 7.673369293907613e-08,
            "steer": 0.0
        },
        {
            "throttle": 0.5257333582211635,
            "brake": 5.3713585057353286e-08,
            "steer": 0.0
        },
        {
            "throttle": 0.5220426380959557,
            "brake": 3.75995095401473e-08,
            "steer": 0.0
        },
        {
            "throttle": 0.518371963129548,
            "brake": 2.6319656678103105e-08,
            "steer": 0.0
        },
        {
            "throttle": 0.5147318185415317,
            "brake": 1.842375967467217e-08,
            "steer": 0.0
        },
        {
            "throttle": 0.5111326010405463,
            "brake": 1.2896631772270518e-08,
            "steer": 0.0
        },
        {
            "throttle": 0.507584589540468,
            "brake": 9.027642240589362e-09,
            "steer": 0.0
        },
        {
            "throttle": 0.5040979160924637,
            "brake": 6.319349568412553e-09,
            "steer": 0.0
        },
        {
            "throttle": 0.5006825371520458,
            "brake": 4.423544697888787e-09,
            "steer": 0.0
        },
        {
            "throttle": 0.49734820528847123,
            "brake": 3.0964812885221506e-09,
            "steer": 0.0
        },
        {
            "throttle": 0.4941044414349668,
            "brake": 2.167536901965505e-09,
            "steer": 0.0
        },
        {
            "throttle": 0.49096050777141287,
            "brake": 1.5172758313758536e-09,
            "steer": 0.0
        },
        {
            "throttle": 0.4879253813255898,
            "brake": 1.0620930819630976e-09,
            "steer": 0.0
        },
        {
            "throttle": 0.4850077283744363,
            "brake": 7.434651573741683e-10,
            "steer": 0.0
        },
        {
            "throttle": 0.4822158797226628,
            "brake": 5.204256101619177e-10,
            "steer": 0.0
        },
        {
            "throttle": 0.4795578069322831,
            "brake": 3.642979271133424e-10,
            "steer": 0.0
        },
        {
            "throttle": 0.4770410995730189,
            "brake": 2.5500854897933965e-10,
            "steer": 0.0
        },
        {
            "throttle": 0.4746729435599901,
            "brake": 1.7850598428553775e-10,
            "steer": 0.0
        },
        {
            "throttle": 0.4724601006415665,
            "brake": 1.2495418899987641e-10,
            "steer": 0.0
        },
        {
            "throttle": 0.4704088890966597,
            "brake": 8.746793229991349e-11,
            "steer": 0.0
        },
        {
            "throttle": 0.4685251656970725,
            "brake": 6.122755260993944e-11,
            "steer": 0.0
        },
        {
            "throttle": 0.46681430898675735,
            "brake": 4.28592868269576e-11,
            "steer": 0.0
        },
        {
            "throttle": 0.46528120392597083,
            "brake": 3.000150077887032e-11,
            "steer": 0.0
        },
        {
            "throttle": 0.46393022794434124,
            "brake": 2.100105054520922e-11,
            "steer": 0.0
        },
        {
            "throttle": 0.4627652384427911,
            "brake": 1.4700735381646455e-11,
            "steer": 0.0
        },
        {
            "throttle": 0.4617895617800852,
            "brake": 1.0290514767152518e-11,
            "steer": 0.0
        },
        {
            "throttle": 0.4610059837755077,
            "brake": 7.203360337006762e-12,
            "steer": 0.0
        },
        {
            "throttle": 0.4604167417548284,
            "brake": 5.042352235904733e-12,
            "steer": 0.0
        },
        {
            "throttle": 0.46002351816229636,
            "brake": 3.5296465651333126e-12,
            "steer": 0.0
        },
        {
            "throttle": 0.45982743575692286,
            "brake": 2.4707525955933185e-12,
            "steer": 0.0
        },
        {
            "throttle": 0.45982905440678046,
            "brake": 1.7295268169153229e-12,
            "steer": 0.0
        },
        {
            "throttle": 0.46002836949048476,
            "brake": 1.2106687718407259e-12,
            "steer": 0.0
        },
        {
            "throttle": 0.4604248119104266,
            "brake": 8.47468140288508e-13,
            "steer": 0.0
        },
        {
            "throttle": 0.46101724971772495,
            "brake": 5.932276982019556e-13,
            "steer": 0.0
        },
        {
            "throttle": 0.4618039913442612,
            "brake": 4.152593887413689e-13,
            "steer": 0.0
        },
        {
            "throttle": 0.46278279043257137,
            "brake": 2.906815721189582e-13,
            "steer": 0.0
        },
        {
            "throttle": 0.4639508522498057,
            "brake": 2.034771004832707e-13,
            "steer": 0.0
        },
        {
            "throttle": 0.465304841667444,
            "brake": 1.424339703382895e-13,
            "steer": 0.0
        },
        {
            "throttle": 0.4668408926839832,
            "brake": 9.970377923680264e-14,
            "steer": 0.0
        },
        {
            "throttle": 0.46855461946340726,
            "brake": 6.979264546576184e-14,
            "steer": 0.0
        },
        {
            "throttle": 0.4704411288579231,
            "brake": 4.8854851826033286e-14,
            "steer": 0.0
        },
        {
            "throttle": 0.47249503437920654,
            "brake": 3.4198396278223296e-14,
            "steer": 0.0
        },
        {
            "throttle": 0.4747104715782663,
            "brake": 2.3938877394756306e-14,
            "steer": 0.0
        },
        {
            "throttle": 0.47708111479001347,
            "brake": 1.6757214176329414e-14,
            "steer": 0.0
        },
        {
            "throttle": 0.4796001951947261,
            "brake": 1.1730049923430589e-14,
            "steer": 0.0
        },
        {
            "throttle": 0.4822605201448379,
            "brake": 8.211034946401411e-15,
            "steer": 0.0
        },
        {
            "throttle": 0.4850544937018693,
            "brake": 5.7477244624809875e-15,
            "steer": 0.0
        },
        {
            "throttle": 0.48797413832486114,
            "brake": 4.023407123736691e-15,
            "steer": 0.0
        },
        {
            "throttle": 0.49101111764838556,
            "brake": 2.8163849866156835e-15,
            "steer": 0.0
        },
        {
            "throttle": 0.4941567602850967,
            "brake": 1.9714694906309784e-15,
            "steer": 0.0
        },
        {
            "throttle": 0.497402084584858,
            "brake": 1.3800286434416849e-15,
            "steer": 0.0
        },
        {
            "throttle": 0.5007378242797537,
            "brake": 9.660200504091793e-16,
            "steer": 0.0
        },
        {
            "throttle": 0.5041544549417586,
            "brake": 6.762140352864254e-16,
            "steer": 0.0
        },
        {
            "throttle": 0.5076422211775251,
            "brake": 4.733498247004977e-16,
            "steer": 0.0
        },
        {
            "throttle": 0.5111911644826375,
            "brake": 3.313448772903484e-16,
            "steer": 0.0
        },
        {
            "throttle": 0.5147911516758026,
            "brake": 2.319414141032439e-16,
            "steer": 0.0
        },
        {
            "throttle": 0.5184319038317897,
            "brake": 1.6235898987227072e-16,
            "steer": 0.0
        },
        {
            "throttle": 0.5221030256305083,
            "brake": 1.136512929105895e-16,
            "steer": 0.0
        },
        {
            "throttle": 0.5257940350384238,
            "brake": 7.955590503741264e-17,
            "steer": 0.0
        },
        {
            "throttle": 0.5294943932375644,
            "brake": 5.568913352618885e-17,
            "steer": 0.0
        },
        {
            "throttle": 0.5331935347166615,
            "brake": 3.898239346833219e-17,
            "steer": 0.0
        },
        {
            "throttle": 0.5368808974385074,
            "brake": 2.7287675427832532e-17,
            "steer": 0.0
        },
        {
            "throttle": 0.540545952997393,
            "brake": 1.910137279948277e-17,
            "steer": 0.0
        },
        {
            "throttle": 0.5441782366805195,
            "brake": 1.3370960959637938e-17,
            "steer": 0.0
        },
        {
            "throttle": 0.5477673773475485,
            "brake": 9.359672671746556e-18,
            "steer": 0.0
        },
        {
            "throttle": 0.5513031270429795,
            "brake": 6.5517708702225885e-18,
            "steer": 0.0
        },
        {
            "throttle": 0.5547753902567996,
            "brake": 4.5862396091558116e-18,
            "steer": 0.0
        },
        {
            "throttle": 0.5581742527498625,
            "brake": 3.210367726409068e-18,
            "steer": 0.0
        },
        {
            "throttle": 0.5614900098616901,
            "brake": 2.2472574084863475e-18,
            "steer": 0.0
        },
        {
            "throttle": 0.5647131942198702,
            "brake": 1.573080185940443e-18,
            "steer": 0.0
        },
        {
            "throttle": 0.5678346027719351,
            "brake": 1.10115613015831e-18,
            "steer": 0.0
        },
        {
            "throttle": 0.5708453230625341,
            "brake": 7.70809291110817e-19,
            "steer": 0.0
        },
        {
            "throttle": 0.5737367586808754,
            "brake": 5.395665037775718e-19,
            "steer": 0.0
        },
        {
            "throttle": 0.5765006538057752,
            "brake": 3.776965526443003e-19,
            "steer": 0.0
        },
        {
            "throttle": 0.5791291167782331,
            "brake": 2.6438758685101017e-19,
            "steer": 0.0
        },
        {
            "throttle": 0.5816146426342266,
            "brake": 1.850713107957071e-19,
            "steer": 0.0
        },
        {
            "throttle": 0.5839501345333887,
            "brake": 1.2954991755699497e-19,
            "steer": 0.0
        },
        {
            "throttle": 0.5861289240223835,
            "brake": 9.068494228989647e-20,
            "steer": 0.0
        },
        {
            "throttle": 0.588144790075121,
            "brake": 6.347945960292752e-20,
            "steer": 0.0
        },
        {
            "throttle": 0.5899919768554499,
            "brake": 4.4435621722049265e-20,
            "steer": 0.0
        },
        {
            "throttle": 0.5916652101516068,
            "brake": 3.1104935205434486e-20,
            "steer": 0.0
        },
        {
            "throttle": 0.5931597124354999,
            "brake": 2.1773454643804138e-20,
            "steer": 0.0
        },
        {
            "throttle": 0.5944712165038286,
            "brake": 1.5241418250662896e-20,
            "steer": 0.0
        },
        {
            "throttle": 0.5955959776620885,
            "brake": 1.0668992775464027e-20,
            "steer": 0.0
        },
        {
            "throttle": 0.5965307844166747,
            "brake": 7.468294942824818e-21,
            "steer": 0.0
        },
        {
            "throttle": 0.5972729676445543,
            "brake": 5.2278064599773726e-21,
            "steer": 0.0
        },
        {
            "throttle": 0.5978204082143255,
            "brake": 3.6594645219841606e-21,
            "steer": 0.0
        },
        {
            "throttle": 0.5981715430369041,
            "brake": 2.5616251653889123e-21,
            "steer": 0.0
        },
        {
            "throttle": 0.5983253695285603,
            "brake": 1.7931376157722384e-21,
            "steer": 0.0
        },
        {
            "throttle": 0.5982814484735632,
            "brake": 1.2551963310405669e-21,
            "steer": 0.0
        },
        {
            "throttle": 0.5980399052782592,
            "brake": 8.786374317283968e-22,
            "steer": 0.0
        },
        {
            "throttle": 0.5976014296130029,
            "brake": 6.150462022098777e-22,
            "steer": 0.0
        },
        {
            "throttle": 0.5969672734429644,
            "brake": 4.305323415469144e-22,
            "steer": 0.0
        },
        {
            "throttle": 0.5961392474534342,
            "brake": 3.0137263908284007e-22,
            "steer": 0.0
        },
        {
            "throttle": 0.5951197158798327,
            "brake": 2.1096084735798803e-22,
            "steer": 0.0
        },
        {
            "throttle": 0.5939115897571868,
            "brake": 1.4767259315059161e-22,
            "steer": 0.0
        },
        {
            "throttle": 0.592518318608347,
            "brake": 1.0337081520541412e-22,
            "steer": 0.0
        },
        {
            "throttle": 0.590943880594678,
            "brake": 7.235957064378988e-23,
            "steer": 0.0
        },
        {
            "throttle": 0.589192771157345,
            "brake": 5.0651699450652914e-23,
            "steer": 0.0
        },
        {
            "throttle": 0.5872699901816287,
            "brake": 3.545618961545704e-23,
            "steer": 0.0
        },
        {
            "throttle": 0.5851810277209165,
            "brake": 2.4819332730819924e-23,
            "steer": 0.0
        },
        {
            "throttle": 0.5829318483211334,
            "brake": 1.7373532911573946e-23,
            "steer": 0.0
        },
        {
            "throttle": 0.5805288739903705,
            "brake": 1.2161473038101762e-23,
            "steer": 0.0
        },
        {
            "throttle": 0.5779789658623349,
            "brake": 8.513031126671232e-24,
            "steer": 0.0
        },
        {
            "throttle": 0.5752894046059811,
            "brake": 5.9591217886698624e-24,
            "steer": 0.0
        },
        {
            "throttle": 0.5724678696372554,
            "brake": 4.1713852520689035e-24,
            "steer": 0.0
        },
        {
            "throttle": 0.5695224171923118,
            "brake": 2.9199696764482324e-24,
            "steer": 0.0
        },
        {
            "throttle": 0.5664614573248055,
            "brake": 2.0439787735137624e-24,
            "steer": 0.0
        },
        {
            "throttle": 0.5632937298929427,
            "brake": 1.4307851414596336e-24,
            "steer": 0.0
        },
        {
            "throttle": 0.5600282796048506,
            "brake": 1.0015495990217434e-24,
            "steer": 0.0
        },
        {
            "throttle": 0.5566744301935191,
            "brake": 7.010847193152204e-25,
            "steer": 0.0
        },
        {
            "throttle": 0.5532417577950521,
            "brake": 4.907593035206542e-25,
            "steer": 0.0
        },
        {
            "throttle": 0.549740063606241,
            "brake": 3.4353151246445795e-25,
            "steer": 0.0
        },
        {
            "throttle": 0.5461793458995282,
            "brake": 2.4047205872512056e-25,
            "steer": 0.0
        },
        {
            "throttle": 0.5425697714752694,
            "brake": 1.6833044110758439e-25,
            "steer": 0.0
        },
        {
            "throttle": 0.5389216466328015,
            "brake": 1.1783130877530907e-25,
            "steer": 0.0
        },
        {
            "throttle": 0.5352453877432048,
            "brake": 8.248191614271634e-26,
            "steer": 0.0
        },
        {
            "throttle": 0.5315514915077808,
            "brake": 5.773734129990144e-26,
            "steer": 0.0
        },
        {
            "throttle": 0.5278505049871649,
            "brake": 4.0416138909931004e-26,
            "steer": 0.0
        },
        {
            "throttle": 0.5241529954866516,
            "brake": 2.82912972369517e-26,
            "steer": 0.0
        },
        {
            "throttle": 0.5204695203837137,
            "brake": 1.980390806586619e-26,
            "steer": 0.0
        },
        {
            "throttle": 0.5168105969838697,
            "brake": 1.386273564610633e-26,
            "steer": 0.0
        },
        {
            "throttle": 0.513186672490966,
            "brake": 9.70391495227443e-27,
            "steer": 0.0
        },
        {
            "throttle": 0.5096080941776194,
            "brake": 6.792740466592101e-27,
            "steer": 0.0
        },
        {
            "throttle": 0.5060850798409893,
            "brake": 4.75491832661447e-27,
            "steer": 0.0
        },
        {
            "throttle": 0.5026276886282361,
            "brake": 3.328442828630129e-27,
            "steer": 0.0
        },
        {
            "throttle": 0.4992457923149702,
            "brake": 2.3299099800410905e-27,
            "steer": 0.0
        },
        {
            "throttle": 0.49594904711869353,
            "brake": 1.630936986028763e-27,
            "steer": 0.0
        },
        {
            "throttle": 0.4927468661277199,
            "brake": 1.1416558902201341e-27,
            "steer": 0.0
        },
        {
            "throttle": 0.4896483924242925,
            "brake": 7.991591231540938e-28,
            "steer": 0.0
        },
        {
            "throttle": 0.4866624729786415,
            "brake": 5.5941138620786565e-28,
            "steer": 0.0
        },
        {
            "throttle": 0.48379763338852066,
            "brake": 3.915879703455059e-28,
            "steer": 0.0
        },
        {
            "throttle": 0.4810620535363474,
            "brake": 2.7411157924185413e-28,
            "steer": 0.0
        },
        {
            "throttle": 0.47846354423345383,
            "brake": 1.9187810546929787e-28,
            "steer": 0.0
        },
        {
            "throttle": 0.4760095249181331,
            "brake": 1.343146738285085e-28,
            "steer": 0.0
        },
        {
            "throttle": 0.47370700247116104,
            "brake": 9.402027167995593e-29,
            "steer": 0.0
        },
        {
            "throttle": 0.4715625512092796,
            "brake": 6.581419017596915e-29,
            "steer": 0.0
        },
        {
            "throttle": 0.4695822941137659,
            "brake": 4.60699331231784e-29,
            "steer": 0.0
        },
        {
            "throttle": 0.3287076058796361,
            "brake": 0.0585391391717496,
            "steer": 0.0
        }
    ],
    "parameters": {
        "fog_density": 61.34624323155555,
        "precipitation": 7.559885525669818,
        "precipitation_deposits": 42.69300186515981,
        "wind_intensity": 44.35227312326356,
        "sun_altitude_angle": -6.95999162844549,
        "cloudiness": 82.88687074069195,
        "lead_base_throttle": 0.5290682614703013,
        "lead_behavior_frequency": 0.08505408729183438,
        "lead_throttle_variation": 0.07002962843853422,
        "lead_brake_probability": 0.07316407886348274,
        "lead_brake_intensity": 0.195130463905832,
        "lead_brake_duration": 6.500576114108476,
        "initial_distance": 75.24353924953449,
        "initial_ego_velocity": 15.167898255143614,
        "initial_lead_velocity": 9.565695426807668
    },
    "config": {
        "num_timesteps": 200,
        "dt": 0.1,
        "seed": 137
    }
}