{
    "weather": {
        "cloudiness": 52.82012708939005,
        "precipitation": 82.33767028410779,
        "precipitation_deposits": 59.128868455901696,
        "wind_intensity": 35.21024103913808,
        "sun_altitude_angle": 13.484608917551853,
        "fog_density": 68.31913744876525,
        "fog_distance": 102.56027734151361,
        "wetness": 41.168835142053894
    },
    "initial_conditions": {
        "ego": {
            "position": {
                "x": 553.1060974497884,
                "y": 20.57,
                "z": 0.294
            },
            "yaw": 0.0,
            "velocity": 15.44244562084697
        },
        "lead": {
            "position": {
                "x": 484.88,
                "y": 20.57,
                "z": 0.294
            },
            "yaw": 0.0,
            "velocity": 18.55596088345709
        }
    },
    "ego": {
        "position": {
            "x": 553.1060974497884,
            "y": 20.57,
            "z": 0.294
        },
        "yaw": 0.0,
        "velocity": 15.44244562084697
    },
    "lead": {
        "position": {
            "x": 484.88,
            "y": 20.57,
            "z": 0.294
        },
        "yaw": 0.0,
        "velocity": 18.55596088345709
    },
    "ado_actions": [
        {
            "throttle": 0.2011126238792182,
            "brake": 0.0,
            "steer": 0.0
        },
        {
            "throttle": 0.21537160133945507,
            "brake": 0.0,
            "steer": 0.0
        },
        {
            "throttle": 0.23936098914103937,
            "brake": 0.0,
            "steer": 0.0
        },
        {
            "throttle": 0.269664330320173,
            "brake": 0.0,
            "steer": 0.0
        },
        {
            "throttle": 0.303652395163504,
            "brake": 0.0,
            "steer": 0.0
        },
        {
            "throttle": 0.33925994546563915,
            "brake": 0.0,
            "steer": 0.0
        },
        {
            "throttle": 0.3748334242656489,
            "brake": 0.0,
            "steer": 0.0
        },
        {
            "throttle": 0.4090279963039707,
            "brake": 0.0,
            "steer": 0.0
        },
        {
            "throttle": 0.44073877251578497,
            "brake": 0.0,
            "steer": 0.0
        },
        {
            "throttle": 0.4690555438889087,
            "brake": 0.0,
            "steer": 0.0
        },
        {
            "throttle": 0.49323350180266745,
            "brake": 0.0,
            "steer": 0.0
        },
        {
            "throttle": 0.5126746364866341,
            "brake": 0.0,
            "steer": 0.0
        },
        {
            "throttle": 0.5269160644193299,
            "brake": 0.0,
            "steer": 0.0
        },
        {
            "throttle": 0.5356226365157056,
            "brake": 0.0,
            "steer": 0.0
        },
        {
            "throttle": 0.5385819596916251,
            "brake": 0.0,
            "steer": 0.0
        },
        {
            "throttle": 0.5357005211715946,
            "brake": 0.0,
            "steer": 0.0
        },
        {
            "throttle": 0.5270000049716614,
            "brake": 0.0,
            "steer": 0.0
        },
        {
            "throttle": 0.5126131802354773,
            "brake": 0.0,
            "steer": 0.0
        },
        {
            "throttle": 0.49277895417342976,
            "brake": 0.0,
            "steer": 0.0
        },
        {
            "throttle": 0.46783634093014054,
            "brake": 0.0,
            "steer": 0.0
        },
        {
            "throttle": 0.4382172174930321,
            "brake": 0.0,
            "steer": 0.0
        },
        {
            "throttle": 0.4044378295954777,
            "brake": 0.0,
            "steer": 0.0
        },
        {
            "throttle": 0.36708908191070033,
            "brake": 0.0,
            "steer": 0.0
        },
        {
            "throttle": 0.32682570276684253,
            "brake": 0.0,
            "steer": 0.0
        },
        {
            "throttle": 0.2843544175968819,
            "brake": 0.0,
            "steer": 0.0
        },
        {
            "throttle": 0.2404212997045112,
            "brake": 0.0,
            "steer": 0.0
        },
        {
            "throttle": 0.1957984932504031,
            "brake": 0.0,
            "steer": 0.0
        },
        {
            "throttle": 0.1512705227027412,
            "brake": 0.0,
            "steer": 0.0
        },
        {
            "throttle": 0.10762041607765584,
            "brake": 0.0,
            "steer": 0.0
        },
        {
            "throttle": 0.07533429125435909,
            "brake": 0.0,
            "steer": 0.0
        },
        {
            "throttle": 0.052734003878051355,
            "brake": 0.0,
            "steer": 0.0
        },
        {
            "throttle": 0.03691380271463594,
            "brake": 0.0,
            "steer": 0.0
        },
        {
            "throttle": 0.02583966190024516,
            "brake": 0.0,
            "steer": 0.0
        },
        {
            "throttle": 0.018087763330171612,
            "brake": 0.0,
            "steer": 0.0
        },
        {
            "throttle": 0.012661434331120127,
            "brake": 0.0,
            "steer": 0.0
        },
        {
            "throttle": 0.008863004031784088,
            "brake": 0.0,
            "steer": 0.0
        },
        {
            "throttle": 0.006204102822248861,
            "brake": 0.0,
            "steer": 0.0
        },
        {
            "throttle": 0.004342871975574203,
            "brake": 0.0,
            "steer": 0.0
        },
        {
            "throttle": 0.003040010382901942,
            "brake": 0.0,
            "steer": 0.0
        },
        {
            "throttle": 0.002128007268031359,
            "brake": 0.0,
            "steer": 0.0
        },
        {
            "throttle": 0.0014896050876219513,
            "brake": 0.0,
            "steer": 0.0
        },
        {
            "throttle": 0.001042723561335366,
            "brake": 0.0,
            "steer": 0.0
        },
        {
            "throttle": 0.0007299064929347562,
            "brake": 0.0,
            "steer": 0.0
        },
        {
            "throttle": 0.002221670497759635,
            "brake": 0.0,
            "steer": 0.0
        },
        {
            "throttle": 0.015744867975710976,
            "brake": 0.0,
            "steer": 0.0
        },
        {
            "throttle": 0.03850193261072184,
            "brake": 0.0,
            "steer": 0.0
        },
        {
            "throttle": 0.06830072784766028,
            "brake": 0.0,
            "steer": 0.0
        },
        {
            "throttle": 0.10336274815894711,
            "brake": 0.0,
            "steer": 0.0
        },
        {
            "throttle": 0.14219315306654895,
            "brake": 0.0,
            "steer": 0.0
        },
        {
            "throttle": 0.18349418748745294,
            "brake": 0.0,
            "steer": 0.0
        },
        {
            "throttle": 0.2261089985473027,
            "brake": 0.0,
            "steer": 0.0
        },
        {
            "throttle": 0.2689866781523025,
            "brake": 0.0,
            "steer": 0.0
        },
        {
            "throttle": 0.3111620349221252,
            "brake": 0.0,
            "steer": 0.0
        },
        {
            "throttle": 0.3517454733692367,
            "brake": 0.0,
            "steer": 0.0
        },
        {
            "throttle": 0.3899196737849067,
            "brake": 0.0,
            "steer": 0.0
        },
        {
            "throttle": 0.4249406920218013,
            "brake": 0.0,
            "steer": 0.0
        },
        {
            "throttle": 0.45614175236630594,
            "brake": 0.0,
            "steer": 0.0
        },
        {
            "throttle": 0.4829384715483842,
            "brake": 0.0,
            "steer": 0.0
        },
        {
            "throttle": 0.5048345853232077,
            "brake": 0.0,
            "steer": 0.0
        },
        {
            "throttle": 0.5214274912126966,
            "brake": 0.0,
            "steer": 0.0
        },
        {
            "throttle": 0.5324130999269541,
            "brake": 0.0,
            "steer": 0.0
        },
        {
            "throttle": 0.5375896231368718,
            "brake": 0.0,
            "steer": 0.0
        },
        {
            "throttle": 0.536860030074829,
            "brake": 0.0,
            "steer": 0.0
        },
        {
            "throttle": 0.5302329891253641,
            "brake": 0.0,
            "steer": 0.0
        },
        {
            "throttle": 0.5178221794078706,
            "brake": 0.0,
            "steer": 0.0
        },
        {
            "throttle": 0.4998439155613462,
            "brake": 0.0,
            "steer": 0.0
        },
        {
            "throttle": 0.4766130792895298,
            "brake": 0.0,
            "steer": 0.0
        },
        {
            "throttle": 0.44853739548522475,
            "brake": 0.0,
            "steer": 0.0
        },
        {
            "throttle": 0.4161101300068445,
            "brake": 0.0,
            "steer": 0.0
        },
        {
            "throttle": 0.37990132103985075,
            "brake": 0.0,
            "steer": 0.0
        },
        {
            "throttle": 0.34054768673902264,
            "brake": 0.0,
            "steer": 0.0
        },
        {
            "throttle": 0.2987413786112539,
            "brake": 0.0,
            "steer": 0.0
        },
        {
            "throttle": 0.25521777283860986,
            "brake": 0.0,
            "steer": 0.0
        },
        {
            "throttle": 0.2107425103702643,
            "brake": 0.0,
            "steer": 0.0
        },
        {
            "throttle": 0.16609801102079513,
            "brake": 0.0,
            "steer": 0.0
        },
        {
            "throttle": 0.12206969690083301,
            "brake": 0.0,
            "steer": 0.0
        },
        {
            "throttle": 0.0854487878305831,
            "brake": 0.0,
            "steer": 0.0
        },
        {
            "throttle": 0.059814151481408166,
            "brake": 0.0,
            "steer": 0.0
        },
        {
            "throttle": 0.04186990603698571,
            "brake": 0.0,
            "steer": 0.0
        },
        {
            "throttle": 0.029308934225889996,
            "brake": 0.0,
            "steer": 0.0
        },
        {
            "throttle": 0.020516253958122996,
            "brake": 0.0,
            "steer": 0.0
        },
        {
            "throttle": 0.014361377770686096,
            "brake": 0.0,
            "steer": 0.0
        },
        {
            "throttle": 0.010052964439480267,
            "brake": 0.0,
            "steer": 0.0
        },
        {
            "throttle": 0.007037075107636187,
            "brake": 0.0,
            "steer": 0.0
        },
        {
            "throttle": 0.00492595257534533,
            "brake": 0.0,
            "steer": 0.0
        },
        {
            "throttle": 0.003448166802741731,
            "brake": 0.0,
            "steer": 0.0
        },
        {
            "throttle": 0.0024137167619192115,
            "brake": 0.0,
            "steer": 0.0
        },
        {
            "throttle": 0.001689601733343448,
            "brake": 0.0,
            "steer": 0.0
        },
        {
            "throttle": 0.0011827212133404136,
            "brake": 0.0,
            "steer": 0.0
        },
        {
            "throttle": 0.0008279048493382894,
            "brake": 0.0,
            "steer": 0.0
        },
        {
            "throttle": 0.0005795333945368026,
            "brake": 0.0,
            "steer": 0.0
        },
        {
            "throttle": 0.010320071734127786,
            "brake": 0.0,
            "steer": 0.0
        },
        {
            "throttle": 0.030183139033069843,
            "brake": 0.0,
            "steer": 0.0
        },
        {
            "throttle": 0.05778955079807993,
            "brake": 0.0,
            "steer": 0.0
        },
        {
            "throttle": 0.0912327988640087,
            "brake": 0.0,
            "steer": 0.0
        },
        {
            "throttle": 0.12892992063748804,
            "brake": 0.0,
            "steer": 0.0
        },
        {
            "throttle": 0.16952147806302723,
            "brake": 0.0,
            "steer": 0.0
        },
        {
            "throttle": 0.21180596542695446,
            "brake": 0.0,
            "steer": 0.0
        },
        {
            "throttle": 0.25469829156958473,
            "brake": 0.0,
            "steer": 0.0
        },
        {
            "throttle": 0.2972050110480291,
            "brake": 0.0,
            "steer": 0.0
        },
        {
            "throttle": 0.3384111008870583,
            "brake": 0.0,
            "steer": 0.0
        },
        {
            "throttle": 0.3774745681655927,
            "brake": 0.0,
            "steer": 0.0
        },
        {
            "throttle": 0.41362622013096617,
            "brake": 0.0,
            "steer": 0.0
        },
        {
            "throttle": 0.44617266665783173,
            "brake": 0.0,
            "steer": 0.0
        },
        {
            "throttle": 0.47450114826671386,
            "brake": 0.0,
            "steer": 0.0
        },
        {
            "throttle": 0.4980851569859582,
            "brake": 0.0,
            "steer": 0.0
        },
        {
            "throttle": 0.5164900877229476,
            "brake": 0.0,
            "steer": 0.0
        },
        {
            "throttle": 0.5293783563057062,
            "brake": 0.0,
            "steer": 0.0
        },
        {
            "throttle": 0.5365135690618927,
            "brake": 0.0,
            "steer": 0.0
        },
        {
            "throttle": 0.5377634430152309,
            "brake": 0.0,
            "steer": 0.0
        },
        {
            "throttle": 0.533101266029173,
            "brake": 0.0,
            "steer": 0.0
        },
        {
            "throttle": 0.5226057597035015,
            "brake": 0.0,
            "steer": 0.0
        },
        {
            "throttle": 0.5064592693830139,
            "brake": 0.0,
            "steer": 0.0
        },
        {
            "throttle": 0.48494425848630973,
            "brake": 0.0,
            "steer": 0.0
        },
        {
            "throttle": 0.4584381305878117,
            "brake": 0.0,
            "steer": 0.0
        },
        {
            "throttle": 0.4274064435816254,
            "brake": 0.0,
            "steer": 0.0
        },
        {
            "throttle": 0.39239461657737856,
            "brake": 0.0,
            "steer": 0.0
        },
        {
            "throttle": 0.35401826231937006,
            "brake": 0.0,
            "steer": 0.0
        },
        {
            "throttle": 0.3129523060385476,
            "brake": 0.0,
            "steer": 0.0
        },
        {
            "throttle": 0.26991907575332325,
            "brake": 0.0,
            "steer": 0.0
        },
        {
            "throttle": 0.22567556906006214,
            "brake": 0.0,
            "steer": 0.0
        },
        {
            "throttle": 0.18100011729289117,
            "brake": 0.0,
            "steer": 0.0
        },
        {
            "throttle": 0.13667867948012946,
            "brake": 0.0,
            "steer": 0.0
        },
        {
            "throttle": 0.09567507563609062,
            "brake": 0.0,
            "steer": 0.0
        },
        {
            "throttle": 0.06697255294526343,
            "brake": 0.0,
            "steer": 0.0
        },
        {
            "throttle": 0.046880787061684394,
            "brake": 0.0,
            "steer": 0.0
        },
        {
            "throttle": 0.032816550943179076,
            "brake": 0.0,
            "steer": 0.0
        },
        {
            "throttle": 0.022971585660225353,
            "brake": 0.0,
            "steer": 0.0
        },
        {
            "throttle": 0.016080109962157745,
            "brake": 0.0,
            "steer": 0.0
        },
        {
            "throttle": 0.01125607697351042,
            "brake": 0.0,
            "steer": 0.0
        },
        {
            "throttle": 0.007879253881457294,
            "brake": 0.0,
            "steer": 0.0
        },
        {
            "throttle": 0.005515477717020105,
            "brake": 0.0,
            "steer": 0.0
        },
        {
            "throttle": 0.0038608344019140733,
            "brake": 0.0,
            "steer": 0.0
        },
        {
            "throttle": 0.002702584081339851,
            "brake": 0.0,
            "steer": 0.0
        },
        {
            "throttle": 0.0018918088569378957,
            "brake": 0.0,
            "steer": 0.0
        },
        {
            "throttle": 0.0013242661998565269,
            "brake": 0.0,
            "steer": 0.0
        },
        {
            "throttle": 0.0009269863398995688,
            "brake": 0.0,
            "steer": 0.0
        },
        {
            "throttle": 0.0006488904379296981,
            "brake": 0.0,
            "steer": 0.0
        },
        {
            "throttle": 0.0061926843643658105,
            "brake": 0.0,
            "steer": 0.0
        },
        {
            "throttle": 0.022846187080565374,
            "brake": 0.0,
            "steer": 0.0
        },
        {
            "throttle": 0.04801231484589439,
            "brake": 0.0,
            "steer": 0.0
        },
        {
            "throttle": 0.07963543604269345,
            "brake": 0.0,
            "steer": 0.0
        },
        {
            "throttle": 0.116030170934526,
            "brake": 0.0,
            "steer": 0.0
        },
        {
            "throttle": 0.15576588734489422,
            "brake": 0.0,
            "steer": 0.0
        },
        {
            "throttle": 0.19759026140028157,
            "brake": 0.0,
            "steer": 0.0
        },
        {
            "throttle": 0.24038018408193595,
            "brake": 0.0,
            "steer": 0.0
        },
        {
            "throttle": 0.2831117324465765,
            "brake": 0.0,
            "steer": 0.0
        },
        {
            "throttle": 0.3248433324189665,
            "brake": 0.0,
            "steer": 0.0
        },
        {
            "throttle": 0.3647079283933762,
            "brake": 0.0,
            "steer": 0.0
        },
        {
            "throttle": 0.40191116071381594,
            "brake": 0.0,
            "steer": 0.0
        },
        {
            "throttle": 0.4357333874093704,
            "brake": 0.0,
            "steer": 0.0
        },
        {
            "throttle": 0.4655339776315396,
            "brake": 0.0,
            "steer": 0.0
        },
        {
            "throttle": 0.49075672536668297,
            "brake": 0.0,
            "steer": 0.0
        },
        {
            "throttle": 0.5109355350527462,
            "brake": 0.0,
            "steer": 0.0
        },
        {
            "throttle": 0.5256997518819724,
            "brake": 0.0,
            "steer": 0.0
        },
        {
            "throttle": 0.5347786739782187,
            "brake": 0.0,
            "steer": 0.0
        },
        {
            "throttle": 0.5380049087405354,
            "brake": 0.0,
            "steer": 0.0
        },
        {
            "throttle": 0.5353163334767075,
            "brake": 0.0,
            "steer": 0.0
        },
        {
            "throttle": 0.5267564992540585,
            "brake": 0.0,
            "steer": 0.0
        },
        {
            "throttle": 0.5124733822581466,
            "brake": 0.0,
            "steer": 0.0
        },
        {
            "throttle": 0.4927164426052816,
            "brake": 0.0,
            "steer": 0.0
        },
        {
            "throttle": 0.4678319989404648,
            "brake": 0.0,
            "steer": 0.0
        },
        {
            "throttle": 0.43825696980936957,
            "brake": 0.0,
            "steer": 0.0
        },
        {
            "throttle": 0.4045110706454816,
            "brake": 0.0,
            "steer": 0.0
        },
        {
            "throttle": 0.36718758876771285,
            "brake": 0.0,
            "steer": 0.0
        },
        {
            "throttle": 0.3269428882699425,
            "brake": 0.0,
            "steer": 0.0
        },
        {
            "throttle": 0.2844848221575905,
            "brake": 0.0,
            "steer": 0.0
        },
        {
            "throttle": 0.2405602505014156,
            "brake": 0.0,
            "steer": 0.0
        },
        {
            "throttle": 0.1959418806398973,
            "brake": 0.0,
            "steer": 0.0
        },
        {
            "throttle": 0.15141465846216437,
            "brake": 0.0,
            "steer": 0.0
        },
        {
            "throttle": 0.10776194845261282,
            "brake": 0.0,
            "steer": 0.0
        },
        {
            "throttle": 0.07543336391682896,
            "brake": 0.0,
            "steer": 0.0
        },
        {
            "throttle": 0.05280335474178027,
            "brake": 0.0,
            "steer": 0.0
        },
        {
            "throttle": 0.03696234831924619,
            "brake": 0.0,
            "steer": 0.0
        },
        {
            "throttle": 0.025873643823472334,
            "brake": 0.0,
            "steer": 0.0
        },
        {
            "throttle": 0.01811155067643063,
            "brake": 0.0,
            "steer": 0.0
        },
        {
            "throttle": 0.012678085473501442,
            "brake": 0.0,
            "steer": 0.0
        },
        {
            "throttle": 0.008874659831451009,
            "brake": 0.0,
            "steer": 0.0
        },
        {
            "throttle": 0.0062122618820157054,
            "brake": 0.0,
            "steer": 0.0
        },
        {
            "throttle": 0.004348583317410994,
            "brake": 0.0,
            "steer": 0.0
        },
        {
            "throttle": 0.0030440083221876953,
            "brake": 0.0,
            "steer": 0.0
        },
        {
            "throttle": 0.0021308058255313867,
            "brake": 0.0,
            "steer": 0.0
        },
        {
            "throttle": 0.0014915640778719705,
            "brake": 0.0,
            "steer": 0.0
        },
        {
            "throttle": 0.0010440948545103793,
            "brake": 0.0,
            "steer": 0.0
        },
        {
            "throttle": 0.0007308663981572655,
            "brake": 0.0,
            "steer": 0.0
        },
        {
            "throttle": 0.0021817228477734037,
            "brake": 0.0,
            "steer": 0.0
        },
        {
            "throttle": 0.015673154012297873,
            "brake": 0.0,
            "steer": 0.0
        },
        {
            "throttle": 0.03840562095572558,
            "brake": 0.0,
            "steer": 0.0
        },
        {
            "throttle": 0.06818564783342829,
            "brake": 0.0,
            "steer": 0.0
        },
        {
            "throttle": 0.10323381888559643,
            "brake": 0.0,
            "steer": 0.0
        },
        {
            "throttle": 0.14205466898821362,
            "brake": 0.0,
            "steer": 0.0
        },
        {
            "throttle": 0.18335000334859847,
            "brake": 0.0,
            "steer": 0.0
        },
        {
            "throttle": 0.22596264390732437,
            "brake": 0.0,
            "steer": 0.0
        },
        {
            "throttle": 0.2688414229278554,
            "brake": 0.0,
            "steer": 0.0
        },
        {
            "throttle": 0.31102092120510905,
            "brake": 0.0,
            "steer": 0.0
        },
        {
            "throttle": 0.3516113244483843,
            "brake": 0.0,
            "steer": 0.0
        },
        {
            "throttle": 0.38979508825367837,
            "brake": 0.0,
            "steer": 0.0
        },
        {
            "throttle": 0.42482802870525627,
            "brake": 0.0,
            "steer": 0.0
        },
        {
            "throttle": 0.45604311027244676,
            "brake": 0.0,
            "steer": 0.0
        },
        {
            "throttle": 0.4828556679549232,
            "brake": 0.0,
            "steer": 0.0
        }
    ],
    "parameters": {
        "fog_density": 68.31913744876525,
        "precipitation": 82.33767028410779,
        "precipitation_deposits": 59.128868455901696,
        "wind_intensity": 35.21024103913808,
        "sun_altitude_angle": 13.484608917551853,
        "cloudiness": 52.82012708939005,
        "lead_base_throttle": 0.20111262387921822,
        "lead_behavior_frequency": 0.21126256822043848,
        "lead_throttle_variation": 0.35912102285390407,
        "lead_brake_probability": 0.00819713696522537,
        "lead_brake_intensity": 0.7705203890516029,
        "lead_brake_duration": 9.872132889959584,
        "initial_distance": 68.22609744978845,
        "initial_ego_velocity": 15.44244562084697,
        "initial_lead_velocity": 18.55596088345709
    },
    "config": {
        "num_timesteps": 200,
        "dt": 0.1,
        "seed": 165
    }
}