{
    "weather": {
        "cloudiness": 37.70765255342806,
        "precipitation": 81.04553910725039,
        "precipitation_deposits": 48.59971006520701,
        "wind_intensity": 30.30990619979373,
        "sun_altitude_angle": 11.327016671118272,
        "fog_density": 47.81848164979026,
        "fog_distance": 203.12181859418484,
        "wetness": 40.522769553625196
    },
    "initial_conditions": {
        "ego": {
            "position": {
                "x": 547.1320090896113,
                "y": 20.57,
                "z": 0.294
            },
            "yaw": 0.0,
            "velocity": 15.585372938017139
        },
        "lead": {
            "position": {
                "x": 484.88,
                "y": 20.57,
                "z": 0.294
            },
            "yaw": 0.0,
            "velocity": 21.372614052655194
        }
    },
    "ego": {
        "position": {
            "x": 547.1320090896113,
            "y": 20.57,
            "z": 0.294
        },
        "yaw": 0.0,
        "velocity": 15.585372938017139
    },
    "lead": {
        "position": {
            "x": 484.88,
            "y": 20.57,
            "z": 0.294
        },
        "yaw": 0.0,
        "velocity": 21.372614052655194
    },
    "ado_actions": [
        {
            "throttle": 0.5408837689322457,
            "brake": 0.0,
            "steer": 0.0
        },
        {
            "throttle": 0.5409838143799647,
            "brake": 0.0,
            "steer": 0.0
        },
        {
            "throttle": 0.5411531139465504,
            "brake": 0.0,
            "steer": 0.0
        },
        {
            "throttle": 0.5413693420526097,
            "brake": 0.0,
            "steer": 0.0
        },
        {
            "throttle": 0.541616111187059,
            "brake": 0.0,
            "steer": 0.0
        },
        {
            "throttle": 0.5418812084350466,
            "brake": 0.0,
            "steer": 0.0
        },
        {
            "throttle": 0.5421553668127045,
            "brake": 0.0,
            "steer": 0.0
        },
        {
            "throttle": 0.5424314107823452,
            "brake": 0.0,
            "steer": 0.0
        },
        {
            "throttle": 0.5427036634662532,
            "brake": 0.0,
            "steer": 0.0
        },
        {
            "throttle": 0.5429675367801596,
            "brake": 0.0,
            "steer": 0.0
        },
        {
            "throttle": 0.543219249301649,
            "brake": 0.0,
            "steer": 0.0
        },
        {
            "throttle": 0.5434556332070493,
            "brake": 0.0,
            "steer": 0.0
        },
        {
            "throttle": 0.5436740031758658,
            "brake": 0.0,
            "steer": 0.0
        },
        {
            "throttle": 0.5438720682606293,
            "brake": 0.0,
            "steer": 0.0
        },
        {
            "throttle": 0.5440478733923957,
            "brake": 0.0,
            "steer": 0.0
        },
        {
            "throttle": 0.5441997611662184,
            "brake": 0.0,
            "steer": 0.0
        },
        {
            "throttle": 0.5443263473363804,
            "brake": 0.0,
            "steer": 0.0
        },
        {
            "throttle": 0.5444265054047855,
            "brake": 0.0,
            "steer": 0.0
        },
        {
            "throttle": 0.5444993570573474,
            "brake": 0.0,
            "steer": 0.0
        },
        {
            "throttle": 0.5445442661672455,
            "brake": 0.0,
            "steer": 0.0
        },
        {
            "throttle": 0.544560834762832,
            "brake": 0.0,
            "steer": 0.0
        },
        {
            "throttle": 0.5445488998373512,
            "brake": 0.0,
            "steer": 0.0
        },
        {
            "throttle": 0.5445085302173434,
            "brake": 0.0,
            "steer": 0.0
        },
        {
            "throttle": 0.5444400229485272,
            "brake": 0.0,
            "steer": 0.0
        },
        {
            "throttle": 0.5443438988313705,
            "brake": 0.0,
            "steer": 0.0
        },
        {
            "throttle": 0.544220896863934,
            "brake": 0.0,
            "steer": 0.0
        },
        {
            "throttle": 0.5440719674412038,
            "brake": 0.0,
            "steer": 0.0
        },
        {
            "throttle": 0.5438982642279858,
            "brake": 0.0,
            "steer": 0.0
        },
        {
            "throttle": 0.5437011346734901,
            "brake": 0.0,
            "steer": 0.0
        },
        {
            "throttle": 0.5434821091747986,
            "brake": 0.0,
            "steer": 0.0
        },
        {
            "throttle": 0.5432428889268802,
            "brake": 0.0,
            "steer": 0.0
        },
        {
            "throttle": 0.5429853325209966,
            "brake": 0.0,
            "steer": 0.0
        },
        {
            "throttle": 0.5427114413728527,
            "brake": 0.0,
            "steer": 0.0
        },
        {
            "throttle": 0.5424233440777897,
            "brake": 0.0,
            "steer": 0.0
        },
        {
            "throttle": 0.5421232798034518,
            "brake": 0.0,
            "steer": 0.0
        },
        {
            "throttle": 0.5418135808411932,
            "brake": 0.0,
            "steer": 0.0
        },
        {
            "throttle": 0.5414966544463831,
            "brake": 0.0,
            "steer": 0.0
        },
        {
            "throttle": 0.541174964104932,
            "brake": 0.0,
            "steer": 0.0
        },
        {
            "throttle": 0.5408510103689828,
            "brake": 0.0,
            "steer": 0.0
        },
        {
            "throttle": 0.5405273114088535,
            "brake": 0.0,
            "steer": 0.0
        },
        {
            "throttle": 0.5402063834310983,
            "brake": 0.0,
            "steer": 0.0
        },
        {
            "throttle": 0.5398907211139816,
            "brake": 0.0,
            "steer": 0.0
        },
        {
            "throttle": 0.5395827782118052,
            "brake": 0.0,
            "steer": 0.0
        },
        {
            "throttle": 0.5392849484784067,
            "brake": 0.0,
            "steer": 0.0
        },
        {
            "throttle": 0.5389995470578036,
            "brake": 0.0,
            "steer": 0.0
        },
        {
            "throttle": 0.5387287924864204,
            "brake": 0.0,
            "steer": 0.0
        },
        {
            "throttle": 0.5384747894466464,
            "brake": 0.0,
            "steer": 0.0
        },
        {
            "throttle": 0.5382395124056817,
            "brake": 0.0,
            "steer": 0.0
        },
        {
            "throttle": 0.5380247902667761,
            "brake": 0.0,
            "steer": 0.0
        },
        {
            "throttle": 0.5378322921521207,
            "brake": 0.0,
            "steer": 0.0
        },
        {
            "throttle": 0.5376635144278702,
            "brake": 0.0,
            "steer": 0.0
        },
        {
            "throttle": 0.5375197690721297,
            "brake": 0.0,
            "steer": 0.0
        },
        {
            "throttle": 0.5374021734763088,
            "brake": 0.0,
            "steer": 0.0
        },
        {
            "throttle": 0.5373116417591076,
            "brake": 0.0,
            "steer": 0.0
        },
        {
            "throttle": 0.5372488776606463,
            "brake": 0.0,
            "steer": 0.0
        },
        {
            "throttle": 0.5372143690719692,
            "brake": 0.0,
            "steer": 0.0
        },
        {
            "throttle": 0.5372083842424421,
            "brake": 0.0,
            "steer": 0.0
        },
        {
            "throttle": 0.5372309696945231,
            "brake": 0.0,
            "steer": 0.0
        },
        {
            "throttle": 0.5372819498621126,
            "brake": 0.0,
            "steer": 0.0
        },
        {
            "throttle": 0.5373609284552928,
            "brake": 0.0,
            "steer": 0.0
        },
        {
            "throttle": 0.5374672915408467,
            "brake": 0.0,
            "steer": 0.0
        },
        {
            "throttle": 0.5376002123146107,
            "brake": 0.0,
            "steer": 0.0
        },
        {
            "throttle": 0.5377586575285614,
            "brake": 0.0,
            "steer": 0.0
        },
        {
            "throttle": 0.5379413955226768,
            "brake": 0.0,
            "steer": 0.0
        },
        {
            "throttle": 0.5381470057991365,
            "brake": 0.0,
            "steer": 0.0
        },
        {
            "throttle": 0.5383738900644361,
            "brake": 0.0,
            "steer": 0.0
        },
        {
            "throttle": 0.5386202846535816,
            "brake": 0.0,
            "steer": 0.0
        },
        {
            "throttle": 0.5388842742397839,
            "brake": 0.0,
            "steer": 0.0
        },
        {
            "throttle": 0.5391638067230843,
            "brake": 0.0,
            "steer": 0.0
        },
        {
            "throttle": 0.5394567091821737,
            "brake": 0.0,
            "steer": 0.0
        },
        {
            "throttle": 0.539760704765406,
            "brake": 0.0,
            "steer": 0.0
        },
        {
            "throttle": 0.5400734303897051,
            "brake": 0.0,
            "steer": 0.0
        },
        {
            "throttle": 0.5403924551097845,
            "brake": 0.0,
            "steer": 0.0
        },
        {
            "throttle": 0.5407152990148878,
            "brake": 0.0,
            "steer": 0.0
        },
        {
            "throttle": 0.5410394525061579,
            "brake": 0.0,
            "steer": 0.0
        },
        {
            "throttle": 0.5413623958047844,
            "brake": 0.0,
            "steer": 0.0
        },
        {
            "throttle": 0.5416816185392833,
            "brake": 0.0,
            "steer": 0.0
        },
        {
            "throttle": 0.5419946392596509,
            "brake": 0.0,
            "steer": 0.0
        },
        {
            "throttle": 0.5422990247266974,
            "brake": 0.0,
            "steer": 0.0
        },
        {
            "throttle": 0.5425924088266199,
            "brake": 0.0,
            "steer": 0.0
        },
        {
            "throttle": 0.5428725109637799,
            "brake": 0.0,
            "steer": 0.0
        },
        {
            "throttle": 0.5431371537887151,
            "brake": 0.0,
            "steer": 0.0
        },
        {
            "throttle": 0.5433842801235744,
            "brake": 0.0,
            "steer": 0.0
        },
        {
            "throttle": 0.5436119689534102,
            "brake": 0.0,
            "steer": 0.0
        },
        {
            "throttle": 0.5438184503590201,
            "brake": 0.0,
            "steer": 0.0
        },
        {
            "throttle": 0.5440021192752584,
            "brake": 0.0,
            "steer": 0.0
        },
        {
            "throttle": 0.5441615479678708,
            "brake": 0.0,
            "steer": 0.0
        },
        {
            "throttle": 0.5442954971318603,
            "brake": 0.0,
            "steer": 0.0
        },
        {
            "throttle": 0.5444029255251176,
            "brake": 0.0,
            "steer": 0.0
        },
        {
            "throttle": 0.5444829980624244,
            "brake": 0.0,
            "steer": 0.0
        },
        {
            "throttle": 0.5445350923069161,
            "brake": 0.0,
            "steer": 0.0
        },
        {
            "throttle": 0.5445588033085397,
            "brake": 0.0,
            "steer": 0.0
        },
        {
            "throttle": 0.5445539467518983,
            "brake": 0.0,
            "steer": 0.0
        },
        {
            "throttle": 0.54452056038901,
            "brake": 0.0,
            "steer": 0.0
        },
        {
            "throttle": 0.5444589037458465,
            "brake": 0.0,
            "steer": 0.0
        },
        {
            "throttle": 0.5443694561049301,
            "brake": 0.0,
            "steer": 0.0
        },
        {
            "throttle": 0.5442529127796736,
            "brake": 0.0,
            "steer": 0.0
        },
        {
            "throttle": 0.5441101797094214,
            "brake": 0.0,
            "steer": 0.0
        },
        {
            "throttle": 0.5439423664172105,
            "brake": 0.0,
            "steer": 0.0
        },
        {
            "throttle": 0.5437507773849888,
            "brake": 0.0,
            "steer": 0.0
        },
        {
            "throttle": 0.5435369019133398,
            "brake": 0.0,
            "steer": 0.0
        },
        {
            "throttle": 0.5433024025445345,
            "brake": 0.0,
            "steer": 0.0
        },
        {
            "throttle": 0.5430491021389046,
            "brake": 0.0,
            "steer": 0.0
        },
        {
            "throttle": 0.5427789697049966,
            "brake": 0.0,
            "steer": 0.0
        },
        {
            "throttle": 0.5424941050936568,
            "brake": 0.0,
            "steer": 0.0
        },
        {
            "throttle": 0.5421967226750241,
            "brake": 0.0,
            "steer": 0.0
        },
        {
            "throttle": 0.5418891341253173,
            "brake": 0.0,
            "steer": 0.0
        },
        {
            "throttle": 0.5415737304572223,
            "brake": 0.0,
            "steer": 0.0
        },
        {
            "throttle": 0.5412529634335647,
            "brake": 0.0,
            "steer": 0.0
        },
        {
            "throttle": 0.5409293265087448,
            "brake": 0.0,
            "steer": 0.0
        },
        {
            "throttle": 0.5406053354460891,
            "brake": 0.0,
            "steer": 0.0
        },
        {
            "throttle": 0.5402835087617831,
            "brake": 0.0,
            "steer": 0.0
        },
        {
            "throttle": 0.5399663481474068,
            "brake": 0.0,
            "steer": 0.0
        },
        {
            "throttle": 0.5396563190232537,
            "brake": 0.0,
            "steer": 0.0
        },
        {
            "throttle": 0.5393558313736019,
            "brake": 0.0,
            "steer": 0.0
        },
        {
            "throttle": 0.5390672210129119,
            "brake": 0.0,
            "steer": 0.0
        },
        {
            "throttle": 0.5387927314285776,
            "brake": 0.0,
            "steer": 0.0
        },
        {
            "throttle": 0.5385344963413728,
            "brake": 0.0,
            "steer": 0.0
        },
        {
            "throttle": 0.5382945231191599,
            "brake": 0.0,
            "steer": 0.0
        },
        {
            "throttle": 0.538074677172791,
            "brake": 0.0,
            "steer": 0.0
        },
        {
            "throttle": 0.5378766674555,
            "brake": 0.0,
            "steer": 0.0
        },
        {
            "throttle": 0.5377020331785043,
            "brake": 0.0,
            "steer": 0.0
        },
        {
            "throttle": 0.5375521318460806,
            "brake": 0.0,
            "steer": 0.0
        },
        {
            "throttle": 0.5374281287031245,
            "brake": 0.0,
            "steer": 0.0
        },
        {
            "throttle": 0.537330987677221,
            "brake": 0.0,
            "steer": 0.0
        },
        {
            "throttle": 0.5372614638856381,
            "brake": 0.0,
            "steer": 0.0
        },
        {
            "throttle": 0.5372200977654882,
            "brake": 0.0,
            "steer": 0.0
        },
        {
            "throttle": 0.537207210872688,
            "brake": 0.0,
            "steer": 0.0
        },
        {
            "throttle": 0.5372229033823714,
            "brake": 0.0,
            "steer": 0.0
        },
        {
            "throttle": 0.5372670533101872,
            "brake": 0.0,
            "steer": 0.0
        },
        {
            "throttle": 0.5373393174605332,
            "brake": 0.0,
            "steer": 0.0
        },
        {
            "throttle": 0.5374391340943577,
            "brake": 0.0,
            "steer": 0.0
        },
        {
            "throttle": 0.5375657272957889,
            "brake": 0.0,
            "steer": 0.0
        },
        {
            "throttle": 0.5377181130036485,
            "brake": 0.0,
            "steer": 0.0
        },
        {
            "throttle": 0.5378951066609658,
            "brake": 0.0,
            "steer": 0.0
        },
        {
            "throttle": 0.5380953324230277,
            "brake": 0.0,
            "steer": 0.0
        },
        {
            "throttle": 0.5383172338523864,
            "brake": 0.0,
            "steer": 0.0
        },
        {
            "throttle": 0.538559086017691,
            "brake": 0.0,
            "steer": 0.0
        },
        {
            "throttle": 0.5388190089022895,
            "brake": 0.0,
            "steer": 0.0
        },
        {
            "throttle": 0.5390949820183741,
            "brake": 0.0,
            "steer": 0.0
        },
        {
            "throttle": 0.5393848601130669,
            "brake": 0.0,
            "steer": 0.0
        },
        {
            "throttle": 0.5396863898443542,
            "brake": 0.0,
            "steer": 0.0
        },
        {
            "throttle": 0.5399972272972454,
            "brake": 0.0,
            "steer": 0.0
        },
        {
            "throttle": 0.5403149562039895,
            "brake": 0.0,
            "steer": 0.0
        },
        {
            "throttle": 0.5406371067267222,
            "brake": 0.0,
            "steer": 0.0
        },
        {
            "throttle": 0.5409611746565336,
            "brake": 0.0,
            "steer": 0.0
        },
        {
            "throttle": 0.5412846408797181,
            "brake": 0.0,
            "steer": 0.0
        },
        {
            "throttle": 0.5416049909598835,
            "brake": 0.0,
            "steer": 0.0
        },
        {
            "throttle": 0.541919734683703,
            "brake": 0.0,
            "steer": 0.0
        },
        {
            "throttle": 0.5422264254183707,
            "brake": 0.0,
            "steer": 0.0
        },
        {
            "throttle": 0.5425226791302871,
            "brake": 0.0,
            "steer": 0.0
        },
        {
            "throttle": 0.542806192917136,
            "brake": 0.0,
            "steer": 0.0
        },
        {
            "throttle": 0.5430747629092949,
            "brake": 0.0,
            "steer": 0.0
        },
        {
            "throttle": 0.5433263014014216,
            "brake": 0.0,
            "steer": 0.0
        },
        {
            "throttle": 0.54355885308105,
            "brake": 0.0,
            "steer": 0.0
        },
        {
            "throttle": 0.5437706102280401,
            "brake": 0.0,
            "steer": 0.0
        },
        {
            "throttle": 0.5439599267667322,
            "brake": 0.0,
            "steer": 0.0
        },
        {
            "throttle": 0.5441253310615728,
            "brake": 0.0,
            "steer": 0.0
        },
        {
            "throttle": 0.5442655373567438,
            "brake": 0.0,
            "steer": 0.0
        },
        {
            "throttle": 0.5443794557708737,
            "brake": 0.0,
            "steer": 0.0
        },
        {
            "throttle": 0.5444662007691348,
            "brake": 0.0,
            "steer": 0.0
        },
        {
            "throttle": 0.5445250980468708,
            "brake": 0.0,
            "steer": 0.0
        },
        {
            "throttle": 0.5445556897712451,
            "brake": 0.0,
            "steer": 0.0
        },
        {
            "throttle": 0.5445577381401642,
            "brake": 0.0,
            "steer": 0.0
        },
        {
            "throttle": 0.5445312272308113,
            "brake": 0.0,
            "steer": 0.0
        },
        {
            "throttle": 0.5444763631234214,
            "brake": 0.0,
            "steer": 0.0
        },
        {
            "throttle": 0.5443935722993344,
            "brake": 0.0,
            "steer": 0.0
        },
        {
            "throttle": 0.5442834983257794,
            "brake": 0.0,
            "steer": 0.0
        },
        {
            "throttle": 0.5441469968531616,
            "brake": 0.0,
            "steer": 0.0
        },
        {
            "throttle": 0.5439851289637384,
            "brake": 0.0,
            "steer": 0.0
        },
        {
            "throttle": 0.5437991529233897,
            "brake": 0.0,
            "steer": 0.0
        },
        {
            "throttle": 0.5435905144005974,
            "brake": 0.0,
            "steer": 0.0
        },
        {
            "throttle": 0.5433608352286686,
            "brake": 0.0,
            "steer": 0.0
        },
        {
            "throttle": 0.5431119007985561,
            "brake": 0.0,
            "steer": 0.0
        },
        {
            "throttle": 0.5428456461802779,
            "brake": 0.0,
            "steer": 0.0
        },
        {
            "throttle": 0.5425641410808195,
            "brake": 0.0,
            "steer": 0.0
        },
        {
            "throttle": 0.542269573755448,
            "brake": 0.0,
            "steer": 0.0
        },
        {
            "throttle": 0.5419642339975012,
            "brake": 0.0,
            "steer": 0.0
        },
        {
            "throttle": 0.541650495338879,
            "brake": 0.0,
            "steer": 0.0
        },
        {
            "throttle": 0.5413307965996011,
            "brake": 0.0,
            "steer": 0.0
        },
        {
            "throttle": 0.541007622929853,
            "brake": 0.0,
            "steer": 0.0
        },
        {
            "throttle": 0.5406834864918882,
            "brake": 0.0,
            "steer": 0.0
        },
        {
            "throttle": 0.5403609069319546,
            "brake": 0.0,
            "steer": 0.0
        },
        {
            "throttle": 0.540042391794045,
            "brake": 0.0,
            "steer": 0.0
        },
        {
            "throttle": 0.5397304170277231,
            "brake": 0.0,
            "steer": 0.0
        },
        {
            "throttle": 0.539427407741546,
            "brake": 0.0,
            "steer": 0.0
        },
        {
            "throttle": 0.5391357193516955,
            "brake": 0.0,
            "steer": 0.0
        },
        {
            "throttle": 0.5388576192723556,
            "brake": 0.0,
            "steer": 0.0
        },
        {
            "throttle": 0.5385952692901675,
            "brake": 0.0,
            "steer": 0.0
        },
        {
            "throttle": 0.5383507087597698,
            "brake": 0.0,
            "steer": 0.0
        },
        {
            "throttle": 0.5381258387510534,
            "brake": 0.0,
            "steer": 0.0
        },
        {
            "throttle": 0.5379224072713614,
            "brake": 0.0,
            "steer": 0.0
        },
        {
            "throttle": 0.537741995677507,
            "brake": 0.0,
            "steer": 0.0
        },
        {
            "throttle": 0.5375860063832343,
            "brake": 0.0,
            "steer": 0.0
        },
        {
            "throttle": 0.5374556519576775,
            "brake": 0.0,
            "steer": 0.0
        },
        {
            "throttle": 0.5373519456995617,
            "brake": 0.0,
            "steer": 0.0
        },
        {
            "throttle": 0.5372756937604128,
            "brake": 0.0,
            "steer": 0.0
        },
        {
            "throttle": 0.5372274888780103,
            "brake": 0.0,
            "steer": 0.0
        },
        {
            "throttle": 0.5372077057687907,
            "brake": 0.0,
            "steer": 0.0
        },
        {
            "throttle": 0.5372164982150233,
            "brake": 0.0,
            "steer": 0.0
        }
    ],
    "parameters": {
        "fog_density": 47.81848164979026,
        "precipitation": 81.04553910725039,
        "precipitation_deposits": 48.59971006520701,
        "wind_intensity": 30.30990619979373,
        "sun_altitude_angle": 11.327016671118272,
        "cloudiness": 37.70765255342806,
        "lead_base_throttle": 0.5408837689322457,
        "lead_behavior_frequency": 0.14036756126081645,
        "lead_throttle_variation": 0.0037861047354203594,
        "lead_brake_probability": 0.001768282243890884,
        "lead_brake_intensity": 0.13079579454692425,
        "lead_brake_duration": 5.21866939954526,
        "initial_distance": 62.25200908961131,
        "initial_ego_velocity": 15.585372938017139,
        "initial_lead_velocity": 21.372614052655194
    },
    "config": {
        "num_timesteps": 200,
        "dt": 0.1,
        "seed": 143
    }
}