{
    "weather": {
        "cloudiness": 48.564175905056764,
        "precipitation": 93.1325505621284,
        "precipitation_deposits": 67.0471219147276,
        "wind_intensity": 23.74340874750887,
        "sun_altitude_angle": -25.606985738537507,
        "fog_density": 79.72000270407878,
        "fog_distance": 70.13499294029612,
        "wetness": 46.5662752810642
    },
    "initial_conditions": {
        "ego": {
            "position": {
                "x": 521.8032471154575,
                "y": 20.57,
                "z": 0.294
            },
            "yaw": 0.0,
            "velocity": 10.072421683963608
        },
        "lead": {
            "position": {
                "x": 484.88,
                "y": 20.57,
                "z": 0.294
            },
            "yaw": 0.0,
            "velocity": 13.796527826293017
        }
    },
    "ego": {
        "position": {
            "x": 521.8032471154575,
            "y": 20.57,
            "z": 0.294
        },
        "yaw": 0.0,
        "velocity": 10.072421683963608
    },
    "lead": {
        "position": {
            "x": 484.88,
            "y": 20.57,
            "z": 0.294
        },
        "yaw": 0.0,
        "velocity": 13.796527826293017
    },
    "ado_actions": [
        {
            "throttle": 0.5218515554709038,
            "brake": 0.0,
            "steer": 0.0
        },
        {
            "throttle": 0.5244576652610009,
            "brake": 0.0,
            "steer": 0.0
        },
        {
            "throttle": 0.5288780537964297,
            "brake": 0.0,
            "steer": 0.0
        },
        {
            "throttle": 0.5345484795949664,
            "brake": 0.0,
            "steer": 0.0
        },
        {
            "throttle": 0.541064090434711,
            "brake": 0.0,
            "steer": 0.0
        },
        {
            "throttle": 0.5481317210584892,
            "brake": 0.0,
            "steer": 0.0
        },
        {
            "throttle": 0.5555365390436875,
            "brake": 0.0,
            "steer": 0.0
        },
        {
            "throttle": 0.3888755773305812,
            "brake": 0.046886168165137236,
            "steer": 0.0
        },
        {
            "throttle": 0.2722129041314068,
            "brake": 0.0797064858807333,
            "steer": 0.0
        },
        {
            "throttle": 0.19054903289198474,
            "brake": 0.10268070828165055,
            "steer": 0.0
        },
        {
            "throttle": 0.13338432302438932,
            "brake": 0.11876266396229263,
            "steer": 0.0
        },
        {
            "throttle": 0.09336902611707253,
            "brake": 0.13002003293874206,
            "steer": 0.0
        },
        {
            "throttle": 0.06535831828195077,
            "brake": 0.13790019122225666,
            "steer": 0.0
        },
        {
            "throttle": 0.04575082279736553,
            "brake": 0.1434163020207169,
            "steer": 0.0
        },
        {
            "throttle": 0.22068214881533882,
            "brake": 0.10039141141450182,
            "steer": 0.0
        },
        {
            "throttle": 0.3447583983130147,
            "brake": 0.07027398799015128,
            "steer": 0.0
        },
        {
            "throttle": 0.4331067096522913,
            "brake": 0.04919179159310589,
            "steer": 0.0
        },
        {
            "throttle": 0.496310344495236,
            "brake": 0.03443425411517412,
            "steer": 0.0
        },
        {
            "throttle": 0.5417723691890379,
            "brake": 0.02410397788062188,
            "steer": 0.0
        },
        {
            "throttle": 0.5746702517493261,
            "brake": 0.016872784516435313,
            "steer": 0.0
        },
        {
            "throttle": 0.5986240976968603,
            "brake": 0.011810949161504719,
            "steer": 0.0
        },
        {
            "throttle": 0.6161644309572467,
            "brake": 0.008267664413053303,
            "steer": 0.0
        },
        {
            "throttle": 0.6290596541097626,
            "brake": 0.005787365089137311,
            "steer": 0.0
        },
        {
            "throttle": 0.6385452819333024,
            "brake": 0.004051155562396117,
            "steer": 0.0
        },
        {
            "throttle": 0.6454844139694262,
            "brake": 0.002835808893677282,
            "steer": 0.0
        },
        {
            "throttle": 0.6504800720716598,
            "brake": 0.0019850662255740973,
            "steer": 0.0
        },
        {
            "throttle": 0.6539538410935356,
            "brake": 0.001389546357901868,
            "steer": 0.0
        },
        {
            "throttle": 0.6562009194052214,
            "brake": 0.0009726824505313076,
            "steer": 0.0
        },
        {
            "throttle": 0.6574286539138252,
            "brake": 0.0006808777153719152,
            "steer": 0.0
        },
        {
            "throttle": 0.6577835118612456,
            "brake": 0.00047661440076034064,
            "steer": 0.0
        },
        {
            "throttle": 0.657369956001698,
            "brake": 0.00033363008053223845,
            "steer": 0.0
        },
        {
            "throttle": 0.6562636497999002,
            "brake": 0.00023354105637256689,
            "steer": 0.0
        },
        {
            "throttle": 0.6545206913270964,
            "brake": 0.00016347873946079682,
            "steer": 0.0
        },
        {
            "throttle": 0.6521840649663215,
            "brake": 0.00011443511762255777,
            "steer": 0.0
        },
        {
            "throttle": 0.6492881433510056,
            "brake": 8.010458233579043e-05,
            "steer": 0.0
        },
        {
            "throttle": 0.6458618222884824,
            "brake": 5.60732076350533e-05,
            "steer": 0.0
        },
        {
            "throttle": 0.6419306966575373,
            "brake": 3.925124534453731e-05,
            "steer": 0.0
        },
        {
            "throttle": 0.6375185629435515,
            "brake": 2.7475871741176116e-05,
            "steer": 0.0
        },
        {
            "throttle": 0.6326484484547392,
            "brake": 1.923311021882328e-05,
            "steer": 0.0
        },
        {
            "throttle": 0.6273433073364649,
            "brake": 1.3463177153176294e-05,
            "steer": 0.0
        },
        {
            "throttle": 0.621626481559284,
            "brake": 9.424224007223405e-06,
            "steer": 0.0
        },
        {
            "throttle": 0.6155219957042546,
            "brake": 6.596956805056383e-06,
            "steer": 0.0
        },
        {
            "throttle": 0.6090547338290662,
            "brake": 4.617869763539468e-06,
            "steer": 0.0
        },
        {
            "throttle": 0.6022505323265748,
            "brake": 3.232508834477627e-06,
            "steer": 0.0
        },
        {
            "throttle": 0.5951362126325889,
            "brake": 2.2627561841343386e-06,
            "steer": 0.0
        },
        {
            "throttle": 0.5877395706065847,
            "brake": 1.583929328894037e-06,
            "steer": 0.0
        },
        {
            "throttle": 0.5800893344905041,
            "brake": 1.1087505302258257e-06,
            "steer": 0.0
        },
        {
            "throttle": 0.5722150999120102,
            "brake": 7.761253711580779e-07,
            "steer": 0.0
        },
        {
            "throttle": 0.5641472479951168,
            "brake": 5.432877598106545e-07,
            "steer": 0.0
        },
        {
            "throttle": 0.5559168509618473,
            "brake": 3.8030143186745813e-07,
            "steer": 0.0
        },
        {
            "throttle": 0.5475555684357174,
            "brake": 2.662110023072207e-07,
            "steer": 0.0
        },
        {
            "throttle": 0.5390955368389183,
            "brake": 1.8634770161505447e-07,
            "steer": 0.0
        },
        {
            "throttle": 0.5305692537033522,
            "brake": 1.3044339113053811e-07,
            "steer": 0.0
        },
        {
            "throttle": 0.522009458316437,
            "brake": 9.131037379137668e-08,
            "steer": 0.0
        },
        {
            "throttle": 0.5134490098435314,
            "brake": 6.391726165396367e-08,
            "steer": 0.0
        },
        {
            "throttle": 0.5049207638733249,
            "brake": 4.4742083157774565e-08,
            "steer": 0.0
        },
        {
            "throttle": 0.4964574481949551,
            "brake": 3.131945821044219e-08,
            "steer": 0.0
        },
        {
            "throttle": 0.488091538518021,
            "brake": 2.192362074730953e-08,
            "steer": 0.0
        },
        {
            "throttle": 0.4798551347764999,
            "brake": 1.534653452311667e-08,
            "steer": 0.0
        },
        {
            "throttle": 0.47177983860606976,
            "brake": 1.0742574166181669e-08,
            "steer": 0.0
        },
        {
            "throttle": 0.46389663254535224,
            "brake": 7.519801916327167e-09,
            "steer": 0.0
        },
        {
            "throttle": 0.4562357614808364,
            "brake": 5.263861341429017e-09,
            "steer": 0.0
        },
        {
            "throttle": 0.4488266168297379,
            "brake": 3.684702939000312e-09,
            "steer": 0.0
        },
        {
            "throttle": 0.44169762393271683,
            "brake": 2.5792920573002183e-09,
            "steer": 0.0
        },
        {
            "throttle": 0.43487613310778156,
            "brake": 1.8055044401101527e-09,
            "steer": 0.0
        },
        {
            "throttle": 0.4283883147968647,
            "brake": 1.2638531080771067e-09,
            "steer": 0.0
        },
        {
            "throttle": 0.4222590592167988,
            "brake": 8.846971756539747e-10,
            "steer": 0.0
        },
        {
            "throttle": 0.4165118809062996,
            "brake": 6.192880229577822e-10,
            "steer": 0.0
        },
        {
            "throttle": 0.41116882853979086,
            "brake": 4.335016160704475e-10,
            "steer": 0.0
        },
        {
            "throttle": 0.40625040035731097,
            "brake": 3.0345113124931325e-10,
            "steer": 0.0
        },
        {
            "throttle": 0.40177546553721855,
            "brake": 2.1241579187451926e-10,
            "steer": 0.0
        },
        {
            "throttle": 0.39776119181493563,
            "brake": 1.4869105431216347e-10,
            "steer": 0.0
        },
        {
            "throttle": 0.3942229796265259,
            "brake": 1.0408373801851443e-10,
            "steer": 0.0
        },
        {
            "throttle": 0.3911744030305404,
            "brake": 7.285861661296009e-11,
            "steer": 0.0
        },
        {
            "throttle": 0.3886271576353238,
            "brake": 5.100103162907206e-11,
            "steer": 0.0
        },
        {
            "throttle": 0.38659101573193627,
            "brake": 3.5700722140350436e-11,
            "steer": 0.0
        },
        {
            "throttle": 0.38507378880508647,
            "brake": 2.4990505498245304e-11,
            "steer": 0.0
        },
        {
            "throttle": 0.38408129756608644,
            "brake": 1.7493353848771712e-11,
            "steer": 0.0
        },
        {
            "throttle": 0.38361734962292526,
            "brake": 1.2245347694140198e-11,
            "steer": 0.0
        },
        {
            "throttle": 0.38368372487322017,
            "brake": 8.571743385898138e-12,
            "steer": 0.0
        },
        {
            "throttle": 0.3842801686761475,
            "brake": 6.000220370128697e-12,
            "steer": 0.0
        },
        {
            "throttle": 0.38540439282959427,
            "brake": 4.200154259090087e-12,
            "steer": 0.0
        },
        {
            "throttle": 0.3870520843488127,
            "brake": 2.940107981363061e-12,
            "steer": 0.0
        },
        {
            "throttle": 0.38921692201292163,
            "brake": 2.0580755869541427e-12,
            "steer": 0.0
        },
        {
            "throttle": 0.39189060061579,
            "brake": 1.4406529108678997e-12,
            "steer": 0.0
        },
        {
            "throttle": 0.3950628628282786,
            "brake": 1.0084570376075297e-12,
            "steer": 0.0
        },
        {
            "throttle": 0.398721538549609,
            "brake": 7.059199263252707e-13,
            "steer": 0.0
        },
        {
            "throttle": 0.4028525915968989,
            "brake": 4.941439484276895e-13,
            "steer": 0.0
        },
        {
            "throttle": 0.4074401735537451,
            "brake": 3.4590076389938266e-13,
            "steer": 0.0
        },
        {
            "throttle": 0.4124666845712742,
            "brake": 2.4213053472956786e-13,
            "steer": 0.0
        },
        {
            "throttle": 0.41791284088840197,
            "brake": 1.6949137431069748e-13,
            "steer": 0.0
        },
        {
            "throttle": 0.42375774881227013,
            "brake": 1.1864396201748824e-13,
            "steer": 0.0
        },
        {
            "throttle": 0.4299789848750397,
            "brake": 8.305077341224176e-14,
            "steer": 0.0
        },
        {
            "throttle": 0.43655268185952856,
            "brake": 5.813554138856924e-14,
            "steer": 0.0
        },
        {
            "throttle": 0.44345362036366354,
            "brake": 4.069487897199846e-14,
            "steer": 0.0
        },
        {
            "throttle": 0.45065532555246846,
            "brake": 2.848641528039892e-14,
            "steer": 0.0
        },
        {
            "throttle": 0.458130168726408,
            "brake": 1.994049069627924e-14,
            "steer": 0.0
        },
        {
            "throttle": 0.4658494733164299,
            "brake": 1.3958343487395468e-14,
            "steer": 0.0
        },
        {
            "throttle": 0.4737836248990644,
            "brake": 9.770840441176827e-15,
            "steer": 0.0
        },
        {
            "throttle": 0.48190218480951874,
            "brake": 6.839588308823778e-15,
            "steer": 0.0
        },
        {
            "throttle": 0.4901740069168996,
            "brake": 4.787711816176645e-15,
            "steer": 0.0
        },
        {
            "throttle": 0.4985673571135662,
            "brake": 3.351398271323651e-15,
            "steer": 0.0
        },
        {
            "throttle": 0.5070500350602036,
            "brake": 2.3459787899265556e-15,
            "steer": 0.0
        },
        {
            "throttle": 0.5155894977195523,
            "brake": 1.6421851529485888e-15,
            "steer": 0.0
        },
        {
            "throttle": 0.5241529842048676,
            "brake": 1.149529607064012e-15,
            "steer": 0.0
        },
        {
            "throttle": 0.5327076414641392,
            "brake": 8.046707249448083e-16,
            "steer": 0.0
        },
        {
            "throttle": 0.5412206503178951,
            "brake": 5.632695074613658e-16,
            "steer": 0.0
        },
        {
            "throttle": 0.5496593513670558,
            "brake": 3.9428865522295604e-16,
            "steer": 0.0
        },
        {
            "throttle": 0.5579913702878054,
            "brake": 2.760020586560692e-16,
            "steer": 0.0
        },
        {
            "throttle": 0.5661847420327977,
            "brake": 1.9320144105924845e-16,
            "steer": 0.0
        },
        {
            "throttle": 0.5742080334622078,
            "brake": 1.3524100874147391e-16,
            "steer": 0.0
        },
        {
            "throttle": 0.5820304639341705,
            "brake": 9.466870611903174e-17,
            "steer": 0.0
        },
        {
            "throttle": 0.5896220233919659,
            "brake": 6.626809428332221e-17,
            "steer": 0.0
        },
        {
            "throttle": 0.5969535874949258,
            "brake": 4.638766599832555e-17,
            "steer": 0.0
        },
        {
            "throttle": 0.6039970293513682,
            "brake": 3.247136619882788e-17,
            "steer": 0.0
        },
        {
            "throttle": 0.6107253274249087,
            "brake": 2.2729956339179518e-17,
            "steer": 0.0
        },
        {
            "throttle": 0.6171126692001739,
            "brake": 1.591096943742566e-17,
            "steer": 0.0
        },
        {
            "throttle": 0.6231345502102145,
            "brake": 1.1137678606197961e-17,
            "steer": 0.0
        },
        {
            "throttle": 0.6287678680457064,
            "brake": 7.796375024338572e-18,
            "steer": 0.0
        },
        {
            "throttle": 0.633991010985284,
            "brake": 5.457462517037001e-18,
            "steer": 0.0
        },
        {
            "throttle": 0.6387839409069807,
            "brake": 3.8202237619259e-18,
            "steer": 0.0
        },
        {
            "throttle": 0.6431282701626966,
            "brake": 2.67415663334813e-18,
            "steer": 0.0
        },
        {
            "throttle": 0.6470073321207704,
            "brake": 1.871909643343691e-18,
            "steer": 0.0
        },
        {
            "throttle": 0.6504062451060248,
            "brake": 1.3103367503405836e-18,
            "steer": 0.0
        },
        {
            "throttle": 0.6533119694919858,
            "brake": 9.172357252384085e-19,
            "steer": 0.0
        },
        {
            "throttle": 0.6557133577262464,
            "brake": 6.42065007666886e-19,
            "steer": 0.0
        },
        {
            "throttle": 0.6576011970970577,
            "brake": 4.494455053668202e-19,
            "steer": 0.0
        },
        {
            "throttle": 0.6589682450770747,
            "brake": 3.146118537567741e-19,
            "steer": 0.0
        },
        {
            "throttle": 0.6598092571086673,
            "brake": 2.2022829762974187e-19,
            "steer": 0.0
        },
        {
            "throttle": 0.6601210067241974,
            "brake": 1.541598083408193e-19,
            "steer": 0.0
        },
        {
            "throttle": 0.6599022979240737,
            "brake": 1.079118658385735e-19,
            "steer": 0.0
        },
        {
            "throttle": 0.6591539697650985,
            "brake": 7.553830608700144e-20,
            "steer": 0.0
        },
        {
            "throttle": 0.6578788931415007,
            "brake": 5.2876814260901e-20,
            "steer": 0.0
        },
        {
            "throttle": 0.6560819597710056,
            "brake": 3.70137699826307e-20,
            "steer": 0.0
        },
        {
            "throttle": 0.6537700634281968,
            "brake": 2.590963898784149e-20,
            "steer": 0.0
        },
        {
            "throttle": 0.6509520734971649,
            "brake": 1.813674729148904e-20,
            "steer": 0.0
        },
        {
            "throttle": 0.6476388009449066,
            "brake": 1.2695723104042328e-20,
            "steer": 0.0
        },
        {
            "throttle": 0.643842956846014,
            "brake": 8.88700617282963e-21,
            "steer": 0.0
        },
        {
            "throttle": 0.6395791036177711,
            "brake": 6.22090432098074e-21,
            "steer": 0.0
        },
        {
            "throttle": 0.6348635991527386,
            "brake": 4.354633024686518e-21,
            "steer": 0.0
        },
        {
            "throttle": 0.6297145340631585,
            "brake": 3.0482431172805622e-21,
            "steer": 0.0
        },
        {
            "throttle": 0.6241516622779337,
            "brake": 2.1337701820963934e-21,
            "steer": 0.0
        },
        {
            "throttle": 0.6181963252584423,
            "brake": 1.4936391274674754e-21,
            "steer": 0.0
        },
        {
            "throttle": 0.6118713701239242,
            "brake": 1.0455473892272326e-21,
            "steer": 0.0
        },
        {
            "throttle": 0.6052010620005468,
            "brake": 7.318831724590628e-22,
            "steer": 0.0
        },
        {
            "throttle": 0.5982109909304124,
            "brake": 5.123182207213439e-22,
            "steer": 0.0
        },
        {
            "throttle": 0.5909279736976447,
            "brake": 3.586227545049407e-22,
            "steer": 0.0
        },
        {
            "throttle": 0.5833799509481888,
            "brake": 2.510359281534585e-22,
            "steer": 0.0
        },
        {
            "throttle": 0.5755958799980151,
            "brake": 1.7572514970742092e-22,
            "steer": 0.0
        },
        {
            "throttle": 0.5676056237409596,
            "brake": 1.2300760479519463e-22,
            "steer": 0.0
        },
        {
            "throttle": 0.559439836082396,
            "brake": 8.610532335663623e-23,
            "steer": 0.0
        },
        {
            "throttle": 0.551129844338262,
            "brake": 6.027372634964536e-23,
            "steer": 0.0
        },
        {
            "throttle": 0.5427075290506058,
            "brake": 4.2191608444751753e-23,
            "steer": 0.0
        },
        {
            "throttle": 0.534205201680731,
            "brake": 2.9534125911326223e-23,
            "steer": 0.0
        },
        {
            "throttle": 0.5256554806491572,
            "brake": 2.0673888137928356e-23,
            "steer": 0.0
        },
        {
            "throttle": 0.5170911661979595,
            "brake": 1.4471721696549847e-23,
            "steer": 0.0
        },
        {
            "throttle": 0.5085451145555653,
            "brake": 1.0130205187584892e-23,
            "steer": 0.0
        },
        {
            "throttle": 0.5000501118867655,
            "brake": 7.091143631309424e-24,
            "steer": 0.0
        },
        {
            "throttle": 0.49163874851151734,
            "brake": 4.9638005419165966e-24,
            "steer": 0.0
        },
        {
            "throttle": 0.48334329387508934,
            "brake": 3.4746603793416175e-24,
            "steer": 0.0
        },
        {
            "throttle": 0.475195572749213,
            "brake": 2.432262265539132e-24,
            "steer": 0.0
        },
        {
            "throttle": 0.46722684313918467,
            "brake": 1.7025835858773924e-24,
            "steer": 0.0
        },
        {
            "throttle": 0.45946767636531693,
            "brake": 1.1918085101141746e-24,
            "steer": 0.0
        },
        {
            "throttle": 0.45194783977879516,
            "brake": 8.342659570799222e-25,
            "steer": 0.0
        },
        {
            "throttle": 0.44469618256189,
            "brake": 5.8398616995594555e-25,
            "steer": 0.0
        },
        {
            "throttle": 0.4377405250506428,
            "brake": 4.0879031896916188e-25,
            "steer": 0.0
        },
        {
            "throttle": 0.4311075520046286,
            "brake": 2.861532232784133e-25,
            "steer": 0.0
        },
        {
            "throttle": 0.4248227102332558,
            "brake": 2.003072562948893e-25,
            "steer": 0.0
        },
        {
            "throttle": 0.41891011097135233,
            "brake": 1.4021507940642252e-25,
            "steer": 0.0
        },
        {
            "throttle": 0.41339243737856346,
            "brake": 9.815055558449576e-26,
            "steer": 0.0
        },
        {
            "throttle": 0.40829085751743377,
            "brake": 6.870538890914703e-26,
            "steer": 0.0
        },
        {
            "throttle": 0.4036249431440232,
            "brake": 4.809377223640291e-26,
            "steer": 0.0
        },
        {
            "throttle": 0.3994125946226107,
            "brake": 3.366564056548204e-26,
            "steer": 0.0
        },
        {
            "throttle": 0.3956699722525437,
            "brake": 2.3565948395837425e-26,
            "steer": 0.0
        },
        {
            "throttle": 0.392411434270691,
            "brake": 1.6496163877086197e-26,
            "steer": 0.0
        },
        {
            "throttle": 0.3896494817673478,
            "brake": 1.1547314713960337e-26,
            "steer": 0.0
        },
        {
            "throttle": 0.3873947107269183,
            "brake": 8.083120299772235e-27,
            "steer": 0.0
        },
        {
            "throttle": 0.3856557713773662,
            "brake": 5.658184209840564e-27,
            "steer": 0.0
        },
        {
            "throttle": 0.3844393350043871,
            "brake": 3.960728946888394e-27,
            "steer": 0.0
        },
        {
            "throttle": 0.3837500683576159,
            "brake": 2.772510262821876e-27,
            "steer": 0.0
        },
        {
            "throttle": 0.38359061574705805,
            "brake": 1.940757183975313e-27,
            "steer": 0.0
        },
        {
            "throttle": 0.38396158889843035,
            "brake": 1.358530028782719e-27,
            "steer": 0.0
        },
        {
            "throttle": 0.38486156460632953,
            "brake": 9.509710201479032e-28,
            "steer": 0.0
        },
        {
            "throttle": 0.386287090194233,
            "brake": 6.656797141035322e-28,
            "steer": 0.0
        },
        {
            "throttle": 0.3882326967603842,
            "brake": 4.659757998724725e-28,
            "steer": 0.0
        },
        {
            "throttle": 0.39069092015874646,
            "brake": 3.2618305991073073e-28,
            "steer": 0.0
        },
        {
            "throttle": 0.39365232963453345,
            "brake": 2.283281419375115e-28,
            "steer": 0.0
        },
        {
            "throttle": 0.39710556400445846,
            "brake": 1.5982969935625804e-28,
            "steer": 0.0
        },
        {
            "throttle": 0.40103737524290095,
            "brake": 1.1188078954938062e-28,
            "steer": 0.0
        },
        {
            "throttle": 0.40543267930677473,
            "brake": 7.831655268456643e-29,
            "steer": 0.0
        },
        {
            "throttle": 0.4102746140041142,
            "brake": 5.48215868791965e-29,
            "steer": 0.0
        },
        {
            "throttle": 0.41554460368436896,
            "brake": 3.837511081543755e-29,
            "steer": 0.0
        },
        {
            "throttle": 0.4212224305022309,
            "brake": 2.6862577570806283e-29,
            "steer": 0.0
        },
        {
            "throttle": 0.4272863119815936,
            "brake": 1.8803804299564396e-29,
            "steer": 0.0
        },
        {
            "throttle": 0.4337129845820793,
            "brake": 1.3162663009695077e-29,
            "steer": 0.0
        },
        {
            "throttle": 0.440477792947536,
            "brake": 9.213864106786553e-30,
            "steer": 0.0
        },
        {
            "throttle": 0.44755478449411235,
            "brake": 6.449704874750588e-30,
            "steer": 0.0
        },
        {
            "throttle": 0.4549168089750303,
            "brake": 4.514793412325411e-30,
            "steer": 0.0
        },
        {
            "throttle": 0.4625356226400851,
            "brake": 3.1603553886277876e-30,
            "steer": 0.0
        },
        {
            "throttle": 0.4703819965902733,
            "brake": 2.212248772039451e-30,
            "steer": 0.0
        }
    ],
    "parameters": {
        "fog_density": 79.72000270407878,
        "precipitation": 93.1325505621284,
        "precipitation_deposits": 67.0471219147276,
        "wind_intensity": 23.74340874750887,
        "sun_altitude_angle": -25.606985738537507,
        "cloudiness": 48.564175905056764,
        "lead_base_throttle": 0.5218515554709038,
        "lead_behavior_frequency": 0.09859437323070287,
        "lead_throttle_variation": 0.14031925400869288,
        "lead_brake_probability": 0.057575175271197175,
        "lead_brake_intensity": 0.15628722721712413,
        "lead_brake_duration": 7.508543308674236,
        "initial_distance": 36.92324711545747,
        "initial_ego_velocity": 10.072421683963608,
        "initial_lead_velocity": 13.796527826293017
    },
    "config": {
        "num_timesteps": 200,
        "dt": 0.1,
        "seed": 105
    }
}