{
    "weather": {
        "cloudiness": 29.517981121325533,
        "precipitation": 84.42418983960113,
        "precipitation_deposits": 93.51295503183938,
        "wind_intensity": 33.08738624147018,
        "sun_altitude_angle": -0.8981913298094959,
        "fog_density": 3.238574062591262,
        "fog_distance": 897.670262803382,
        "wetness": 42.21209491980056
    },
    "initial_conditions": {
        "ego": {
            "position": {
                "x": 546.8135084226278,
                "y": 20.57,
                "z": 0.294
            },
            "yaw": 0.0,
            "velocity": 18.846341288755955
        },
        "lead": {
            "position": {
                "x": 484.88,
                "y": 20.57,
                "z": 0.294
            },
            "yaw": 0.0,
            "velocity": 14.822350438987186
        }
    },
    "ego": {
        "position": {
            "x": 546.8135084226278,
            "y": 20.57,
            "z": 0.294
        },
        "yaw": 0.0,
        "velocity": 18.846341288755955
    },
    "lead": {
        "position": {
            "x": 484.88,
            "y": 20.57,
            "z": 0.294
        },
        "yaw": 0.0,
        "velocity": 14.822350438987186
    },
    "ado_actions": [
        {
            "throttle": 0.20480701302268442,
            "brake": 0.0,
            "steer": 0.0
        },
        {
            "throttle": 0.205495538191364,
            "brake": 0.0,
            "steer": 0.0
        },
        {
            "throttle": 0.20666459995178355,
            "brake": 0.0,
            "steer": 0.0
        },
        {
            "throttle": 0.20816717824798558,
            "brake": 0.0,
            "steer": 0.0
        },
        {
            "throttle": 0.20989893693099057,
            "brake": 0.0,
            "steer": 0.0
        },
        {
            "throttle": 0.21178542748469809,
            "brake": 0.0,
            "steer": 0.0
        },
        {
            "throttle": 0.21377313457122793,
            "brake": 0.0,
            "steer": 0.0
        },
        {
            "throttle": 0.21582321082527112,
            "brake": 0.0,
            "steer": 0.0
        },
        {
            "throttle": 0.21790709409209624,
            "brake": 0.0,
            "steer": 0.0
        },
        {
            "throttle": 0.22000344233947264,
            "brake": 0.0,
            "steer": 0.0
        },
        {
            "throttle": 0.22209599089878015,
            "brake": 0.0,
            "steer": 0.0
        },
        {
            "throttle": 0.22417205528816903,
            "brake": 0.0,
            "steer": 0.0
        },
        {
            "throttle": 0.2262214858890495,
            "brake": 0.0,
            "steer": 0.0
        },
        {
            "throttle": 0.22823593886019478,
            "brake": 0.0,
            "steer": 0.0
        },
        {
            "throttle": 0.23020836835296785,
            "brake": 0.0,
            "steer": 0.0
        },
        {
            "throttle": 0.23213267356677658,
            "brake": 0.0,
            "steer": 0.0
        },
        {
            "throttle": 0.23400345411692447,
            "brake": 0.0,
            "steer": 0.0
        },
        {
            "throttle": 0.23581584114032605,
            "brake": 0.0,
            "steer": 0.0
        },
        {
            "throttle": 0.2375653813320338,
            "brake": 0.0,
            "steer": 0.0
        },
        {
            "throttle": 0.23924795794293807,
            "brake": 0.0,
            "steer": 0.0
        },
        {
            "throttle": 0.24085973755537748,
            "brake": 0.0,
            "steer": 0.0
        },
        {
            "throttle": 0.24239713480405978,
            "brake": 0.0,
            "steer": 0.0
        },
        {
            "throttle": 0.24385678955536094,
            "brake": 0.0,
            "steer": 0.0
        },
        {
            "throttle": 0.24523555270025474,
            "brake": 0.0,
            "steer": 0.0
        },
        {
            "throttle": 0.24653047786587545,
            "brake": 0.0,
            "steer": 0.0
        },
        {
            "throttle": 0.24773881715577256,
            "brake": 0.0,
            "steer": 0.0
        },
        {
            "throttle": 0.24885801959269369,
            "brake": 0.0,
            "steer": 0.0
        },
        {
            "throttle": 0.24988573133262035,
            "brake": 0.0,
            "steer": 0.0
        },
        {
            "throttle": 0.25081979699545276,
            "brake": 0.0,
            "steer": 0.0
        },
        {
            "throttle": 0.2516582616516677,
            "brake": 0.0,
            "steer": 0.0
        },
        {
            "throttle": 0.252399373140282,
            "brake": 0.0,
            "steer": 0.0
        },
        {
            "throttle": 0.2530415844889281,
            "brake": 0.0,
            "steer": 0.0
        },
        {
            "throttle": 0.2535835562739487,
            "brake": 0.0,
            "steer": 0.0
        },
        {
            "throttle": 0.25402415880565976,
            "brake": 0.0,
            "steer": 0.0
        },
        {
            "throttle": 0.2543624740572802,
            "brake": 0.0,
            "steer": 0.0
        },
        {
            "throttle": 0.2545977972796455,
            "brake": 0.0,
            "steer": 0.0
        },
        {
            "throttle": 0.25472963826063894,
            "brake": 0.0,
            "steer": 0.0
        },
        {
            "throttle": 0.2547577222003247,
            "brake": 0.0,
            "steer": 0.0
        },
        {
            "throttle": 0.2546819901814861,
            "brake": 0.0,
            "steer": 0.0
        },
        {
            "throttle": 0.2545025992216552,
            "brake": 0.0,
            "steer": 0.0
        },
        {
            "throttle": 0.25421992189747294,
            "brake": 0.0,
            "steer": 0.0
        },
        {
            "throttle": 0.25383454553582074,
            "brake": 0.0,
            "steer": 0.0
        },
        {
            "throttle": 0.2533472709689688,
            "brake": 0.0,
            "steer": 0.0
        },
        {
            "throttle": 0.252759110853223,
            "brake": 0.0,
            "steer": 0.0
        },
        {
            "throttle": 0.2520712875523902,
            "brake": 0.0,
            "steer": 0.0
        },
        {
            "throttle": 0.2512852305889403,
            "brake": 0.0,
            "steer": 0.0
        },
        {
            "throttle": 0.2504025736670957,
            "brake": 0.0,
            "steer": 0.0
        },
        {
            "throttle": 0.2494251512732913,
            "brake": 0.0,
            "steer": 0.0
        },
        {
            "throttle": 0.24835499486054785,
            "brake": 0.0,
            "steer": 0.0
        },
        {
            "throttle": 0.24719432862432342,
            "brake": 0.0,
            "steer": 0.0
        },
        {
            "throttle": 0.24594556487836725,
            "brake": 0.0,
            "steer": 0.0
        },
        {
            "throttle": 0.24461129904000745,
            "brake": 0.0,
            "steer": 0.0
        },
        {
            "throttle": 0.2431943042351698,
            "brake": 0.0,
            "steer": 0.0
        },
        {
            "throttle": 0.24169752553425286,
            "brake": 0.0,
            "steer": 0.0
        },
        {
            "throttle": 0.24012407383077794,
            "brake": 0.0,
            "steer": 0.0
        },
        {
            "throttle": 0.2384772193754937,
            "brake": 0.0,
            "steer": 0.0
        },
        {
            "throttle": 0.2367603849793442,
            "brake": 0.0,
            "steer": 0.0
        },
        {
            "throttle": 0.2349771388994054,
            "brake": 0.0,
            "steer": 0.0
        },
        {
            "throttle": 0.23313118742256228,
            "brake": 0.0,
            "steer": 0.0
        },
        {
            "throttle": 0.23122636716232933,
            "brake": 0.0,
            "steer": 0.0
        },
        {
            "throttle": 0.22926663708481826,
            "brake": 0.0,
            "steer": 0.0
        },
        {
            "throttle": 0.22725607028042027,
            "brake": 0.0,
            "steer": 0.0
        },
        {
            "throttle": 0.22519884549830177,
            "brake": 0.0,
            "steer": 0.0
        },
        {
            "throttle": 0.22309923846130505,
            "brake": 0.0,
            "steer": 0.0
        },
        {
            "throttle": 0.2209616129793037,
            "brake": 0.0,
            "steer": 0.0
        },
        {
            "throttle": 0.21879041187948126,
            "brake": 0.0,
            "steer": 0.0
        },
        {
            "throttle": 0.21659014777238278,
            "brake": 0.0,
            "steer": 0.0
        },
        {
            "throttle": 0.21436539367293056,
            "brake": 0.0,
            "steer": 0.0
        },
        {
            "throttle": 0.2121207734958967,
            "brake": 0.0,
            "steer": 0.0
        },
        {
            "throttle": 0.2098609524455864,
            "brake": 0.0,
            "steer": 0.0
        },
        {
            "throttle": 0.20759062731970587,
            "brake": 0.0,
            "steer": 0.0
        },
        {
            "throttle": 0.20531451674756712,
            "brake": 0.0,
            "steer": 0.0
        },
        {
            "throttle": 0.20303735138291812,
            "brake": 0.0,
            "steer": 0.0
        },
        {
            "throttle": 0.20076386407178182,
            "brake": 0.0,
            "steer": 0.0
        },
        {
            "throttle": 0.19849878001573867,
            "brake": 0.0,
            "steer": 0.0
        },
        {
            "throttle": 0.19624680695109764,
            "brake": 0.0,
            "steer": 0.0
        },
        {
            "throttle": 0.19401262536436673,
            "brake": 0.0,
            "steer": 0.0
        },
        {
            "throttle": 0.19180087876435953,
            "brake": 0.0,
            "steer": 0.0
        },
        {
            "throttle": 0.18961616403115597,
            "brake": 0.0,
            "steer": 0.0
        },
        {
            "throttle": 0.18746302186197578,
            "brake": 0.0,
            "steer": 0.0
        },
        {
            "throttle": 0.1853459273338224,
            "brake": 0.0,
            "steer": 0.0
        },
        {
            "throttle": 0.1832692806025112,
            "brake": 0.0,
            "steer": 0.0
        },
        {
            "throttle": 0.1812373977574136,
            "brake": 0.0,
            "steer": 0.0
        },
        {
            "throttle": 0.17925450185092445,
            "brake": 0.0,
            "steer": 0.0
        },
        {
            "throttle": 0.1773247141212966,
            "brake": 0.0,
            "steer": 0.0
        },
        {
            "throttle": 0.17545204542708565,
            "brake": 0.0,
            "steer": 0.0
        },
        {
            "throttle": 0.17364038791100683,
            "brake": 0.0,
            "steer": 0.0
        },
        {
            "throttle": 0.17189350691053046,
            "brake": 0.0,
            "steer": 0.0
        },
        {
            "throttle": 0.1702150331320284,
            "brake": 0.0,
            "steer": 0.0
        },
        {
            "throttle": 0.16860845510473704,
            "brake": 0.0,
            "steer": 0.0
        },
        {
            "throttle": 0.16707711193022026,
            "brake": 0.0,
            "steer": 0.0
        },
        {
            "throttle": 0.16562418634240195,
            "brake": 0.0,
            "steer": 0.0
        },
        {
            "throttle": 0.1642526980925921,
            "brake": 0.0,
            "steer": 0.0
        },
        {
            "throttle": 0.1629654976732548,
            "brake": 0.0,
            "steer": 0.0
        },
        {
            "throttle": 0.16176526039356284,
            "brake": 0.0,
            "steer": 0.0
        },
        {
            "throttle": 0.16065448081905215,
            "brake": 0.0,
            "steer": 0.0
        },
        {
            "throttle": 0.15963546758693262,
            "brake": 0.0,
            "steer": 0.0
        },
        {
            "throttle": 0.15871033860783118,
            "brake": 0.0,
            "steer": 0.0
        },
        {
            "throttle": 0.15788101666393978,
            "brake": 0.0,
            "steer": 0.0
        },
        {
            "throttle": 0.1571492254127172,
            "brake": 0.0,
            "steer": 0.0
        },
        {
            "throttle": 0.15651648580445027,
            "brake": 0.0,
            "steer": 0.0
        },
        {
            "throttle": 0.1559841129211204,
            "brake": 0.0,
            "steer": 0.0
        },
        {
            "throttle": 0.1555532132431457,
            "brake": 0.0,
            "steer": 0.0
        },
        {
            "throttle": 0.15522468234967893,
            "brake": 0.0,
            "steer": 0.0
        },
        {
            "throttle": 0.15499920305724166,
            "brake": 0.0,
            "steer": 0.0
        },
        {
            "throttle": 0.1548772440005626,
            "brake": 0.0,
            "steer": 0.0
        },
        {
            "throttle": 0.15485905865857025,
            "brake": 0.0,
            "steer": 0.0
        },
        {
            "throttle": 0.15494468482756385,
            "brake": 0.0,
            "steer": 0.0
        },
        {
            "throttle": 0.1551339445426578,
            "brake": 0.0,
            "steer": 0.0
        },
        {
            "throttle": 0.15542644444766285,
            "brake": 0.0,
            "steer": 0.0
        },
        {
            "throttle": 0.15582157661263488,
            "brake": 0.0,
            "steer": 0.0
        },
        {
            "throttle": 0.1563185197973929,
            "brake": 0.0,
            "steer": 0.0
        },
        {
            "throttle": 0.15691624115837918,
            "brake": 0.0,
            "steer": 0.0
        },
        {
            "throttle": 0.15761349839531497,
            "brake": 0.0,
            "steer": 0.0
        },
        {
            "throttle": 0.1584088423331893,
            "brake": 0.0,
            "steer": 0.0
        },
        {
            "throttle": 0.15930061993421524,
            "brake": 0.0,
            "steer": 0.0
        },
        {
            "throttle": 0.16028697773349304,
            "brake": 0.0,
            "steer": 0.0
        },
        {
            "throttle": 0.16136586569123995,
            "brake": 0.0,
            "steer": 0.0
        },
        {
            "throttle": 0.16253504145357972,
            "brake": 0.0,
            "steer": 0.0
        },
        {
            "throttle": 0.16379207501303675,
            "brake": 0.0,
            "steer": 0.0
        },
        {
            "throttle": 0.1651343537590481,
            "brake": 0.0,
            "steer": 0.0
        },
        {
            "throttle": 0.16655908790799684,
            "brake": 0.0,
            "steer": 0.0
        },
        {
            "throttle": 0.16806331630148033,
            "brake": 0.0,
            "steer": 0.0
        },
        {
            "throttle": 0.1696439125607633,
            "brake": 0.0,
            "steer": 0.0
        },
        {
            "throttle": 0.17129759158462343,
            "brake": 0.0,
            "steer": 0.0
        },
        {
            "throttle": 0.17302091637708483,
            "brake": 0.0,
            "steer": 0.0
        },
        {
            "throttle": 0.1748103051908487,
            "brake": 0.0,
            "steer": 0.0
        },
        {
            "throttle": 0.1766620389715741,
            "brake": 0.0,
            "steer": 0.0
        },
        {
            "throttle": 0.17857226908753687,
            "brake": 0.0,
            "steer": 0.0
        },
        {
            "throttle": 0.1805370253286015,
            "brake": 0.0,
            "steer": 0.0
        },
        {
            "throttle": 0.18255222415788036,
            "brake": 0.0,
            "steer": 0.0
        },
        {
            "throttle": 0.18461367719893107,
            "brake": 0.0,
            "steer": 0.0
        },
        {
            "throttle": 0.18671709994085142,
            "brake": 0.0,
            "steer": 0.0
        },
        {
            "throttle": 0.18885812064317947,
            "brake": 0.0,
            "steer": 0.0
        },
        {
            "throttle": 0.19103228942209138,
            "brake": 0.0,
            "steer": 0.0
        },
        {
            "throttle": 0.19323508749901153,
            "brake": 0.0,
            "steer": 0.0
        },
        {
            "throttle": 0.19546193659241318,
            "brake": 0.0,
            "steer": 0.0
        },
        {
            "throttle": 0.19770820843328982,
            "brake": 0.0,
            "steer": 0.0
        },
        {
            "throttle": 0.19996923438451994,
            "brake": 0.0,
            "steer": 0.0
        },
        {
            "throttle": 0.20224031514413285,
            "brake": 0.0,
            "steer": 0.0
        },
        {
            "throttle": 0.204516730512308,
            "brake": 0.0,
            "steer": 0.0
        },
        {
            "throttle": 0.2067937492018083,
            "brake": 0.0,
            "steer": 0.0
        },
        {
            "throttle": 0.20906663867145742,
            "brake": 0.0,
            "steer": 0.0
        },
        {
            "throttle": 0.21133067496222335,
            "brake": 0.0,
            "steer": 0.0
        },
        {
            "throttle": 0.2135811525154649,
            "brake": 0.0,
            "steer": 0.0
        },
        {
            "throttle": 0.21581339395293464,
            "brake": 0.0,
            "steer": 0.0
        },
        {
            "throttle": 0.2180227597982124,
            "brake": 0.0,
            "steer": 0.0
        },
        {
            "throttle": 0.22020465811936352,
            "brake": 0.0,
            "steer": 0.0
        },
        {
            "throttle": 0.22235455407278082,
            "brake": 0.0,
            "steer": 0.0
        },
        {
            "throttle": 0.22446797932837495,
            "brake": 0.0,
            "steer": 0.0
        },
        {
            "throttle": 0.22654054135652318,
            "brake": 0.0,
            "steer": 0.0
        },
        {
            "throttle": 0.2285679325574751,
            "brake": 0.0,
            "steer": 0.0
        },
        {
            "throttle": 0.2305459392142405,
            "brake": 0.0,
            "steer": 0.0
        },
        {
            "throttle": 0.23247045025035196,
            "brake": 0.0,
            "steer": 0.0
        },
        {
            "throttle": 0.2343374657743002,
            "brake": 0.0,
            "steer": 0.0
        },
        {
            "throttle": 0.23614310539288313,
            "brake": 0.0,
            "steer": 0.0
        },
        {
            "throttle": 0.2378836162761903,
            "brake": 0.0,
            "steer": 0.0
        },
        {
            "throttle": 0.23955538095746087,
            "brake": 0.0,
            "steer": 0.0
        },
        {
            "throttle": 0.24115492485160356,
            "brake": 0.0,
            "steer": 0.0
        },
        {
            "throttle": 0.24267892347675207,
            "brake": 0.0,
            "steer": 0.0
        },
        {
            "throttle": 0.24412420936384732,
            "brake": 0.0,
            "steer": 0.0
        },
        {
            "throttle": 0.2454877786398847,
            "brake": 0.0,
            "steer": 0.0
        },
        {
            "throttle": 0.24676679727114492,
            "brake": 0.0,
            "steer": 0.0
        },
        {
            "throttle": 0.24795860695343153,
            "brake": 0.0,
            "steer": 0.0
        },
        {
            "throttle": 0.24906073063707346,
            "brake": 0.0,
            "steer": 0.0
        },
        {
            "throttle": 0.25007087767520947,
            "brake": 0.0,
            "steer": 0.0
        },
        {
            "throttle": 0.25098694858465387,
            "brake": 0.0,
            "steer": 0.0
        },
        {
            "throttle": 0.25180703940944904,
            "brake": 0.0,
            "steer": 0.0
        },
        {
            "throttle": 0.25252944567803554,
            "brake": 0.0,
            "steer": 0.0
        },
        {
            "throttle": 0.2531526659458148,
            "brake": 0.0,
            "steer": 0.0
        },
        {
            "throttle": 0.2536754049157422,
            "brake": 0.0,
            "steer": 0.0
        },
        {
            "throttle": 0.2540965761304641,
            "brake": 0.0,
            "steer": 0.0
        },
        {
            "throttle": 0.2544153042304038,
            "brake": 0.0,
            "steer": 0.0
        },
        {
            "throttle": 0.2546309267731036,
            "brake": 0.0,
            "steer": 0.0
        },
        {
            "throttle": 0.2547429956100409,
            "brake": 0.0,
            "steer": 0.0
        },
        {
            "throttle": 0.2547512778180569,
            "brake": 0.0,
            "steer": 0.0
        },
        {
            "throttle": 0.2546557561834632,
            "brake": 0.0,
            "steer": 0.0
        },
        {
            "throttle": 0.2544566292378182,
            "brake": 0.0,
            "steer": 0.0
        },
        {
            "throttle": 0.25415431084530044,
            "brake": 0.0,
            "steer": 0.0
        },
        {
            "throttle": 0.2537494293425361,
            "brake": 0.0,
            "steer": 0.0
        },
        {
            "throttle": 0.2532428262326679,
            "brake": 0.0,
            "steer": 0.0
        },
        {
            "throttle": 0.2526355544363805,
            "brake": 0.0,
            "steer": 0.0
        },
        {
            "throttle": 0.2519288761035168,
            "brake": 0.0,
            "steer": 0.0
        },
        {
            "throttle": 0.2511242599898335,
            "brake": 0.0,
            "steer": 0.0
        },
        {
            "throttle": 0.25022337840434905,
            "brake": 0.0,
            "steer": 0.0
        },
        {
            "throttle": 0.24922810373362642,
            "brake": 0.0,
            "steer": 0.0
        },
        {
            "throttle": 0.24814050455021747,
            "brake": 0.0,
            "steer": 0.0
        },
        {
            "throttle": 0.17369835318515223,
            "brake": 0.22967212061068204,
            "steer": 0.0
        },
        {
            "throttle": 0.12158884722960656,
            "brake": 0.3904426050381594,
            "steer": 0.0
        },
        {
            "throttle": 0.08511219306072458,
            "brake": 0.5029819441373936,
            "steer": 0.0
        },
        {
            "throttle": 0.0595785351425072,
            "brake": 0.5817594815068575,
            "steer": 0.0
        },
        {
            "throttle": 0.041704974599755036,
            "brake": 0.6369037576654824,
            "steer": 0.0
        },
        {
            "throttle": 0.029193482219828523,
            "brake": 0.6755047509765196,
            "steer": 0.0
        },
        {
            "throttle": 0.020435437553879963,
            "brake": 0.7025254462942457,
            "steer": 0.0
        },
        {
            "throttle": 0.014304806287715974,
            "brake": 0.7214399330166541,
            "steer": 0.0
        },
        {
            "throttle": 0.010013364401401182,
            "brake": 0.7346800737223398,
            "steer": 0.0
        },
        {
            "throttle": 0.007009355080980826,
            "brake": 0.7439481722163199,
            "steer": 0.0
        },
        {
            "throttle": 0.004906548556686578,
            "brake": 0.7504358411621059,
            "steer": 0.0
        },
        {
            "throttle": 0.0034345839896806046,
            "brake": 0.7549772094241562,
            "steer": 0.0
        },
        {
            "throttle": 0.002404208792776423,
            "brake": 0.7581561672075914,
            "steer": 0.0
        }
    ],
    "parameters": {
        "fog_density": 3.238574062591262,
        "precipitation": 84.42418983960113,
        "precipitation_deposits": 93.51295503183938,
        "wind_intensity": 33.08738624147018,
        "sun_altitude_angle": -0.8981913298094959,
        "cloudiness": 29.517981121325533,
        "lead_base_throttle": 0.20480701302268442,
        "lead_behavior_frequency": 0.07256407300988309,
        "lead_throttle_variation": 0.05035557056908653,
        "lead_brake_probability": 0.03785366507824469,
        "lead_brake_intensity": 0.7655737353689401,
        "lead_brake_duration": 17.601580565459678,
        "initial_distance": 61.93350842262785,
        "initial_ego_velocity": 18.846341288755955,
        "initial_lead_velocity": 14.822350438987186
    },
    "config": {
        "num_timesteps": 200,
        "dt": 0.1,
        "seed": 172
    }
}