{
    "weather": {
        "cloudiness": 70.97242894846568,
        "precipitation": 24.616216492395505,
        "precipitation_deposits": 52.62761430264473,
        "wind_intensity": 23.486518752501922,
        "sun_altitude_angle": 6.769046913079308,
        "fog_density": 53.922728787184056,
        "fog_distance": 165.72519853014177,
        "wetness": 12.308108246197753
    },
    "initial_conditions": {
        "ego": {
            "position": {
                "x": 536.5677093578882,
                "y": 20.57,
                "z": 0.294
            },
            "yaw": 0.0,
            "velocity": 13.959704363094485
        },
        "lead": {
            "position": {
                "x": 484.88,
                "y": 20.57,
                "z": 0.294
            },
            "yaw": 0.0,
            "velocity": 21.48561316475609
        }
    },
    "ego": {
        "position": {
            "x": 536.5677093578882,
            "y": 20.57,
            "z": 0.294
        },
        "yaw": 0.0,
        "velocity": 13.959704363094485
    },
    "lead": {
        "position": {
            "x": 484.88,
            "y": 20.57,
            "z": 0.294
        },
        "yaw": 0.0,
        "velocity": 21.48561316475609
    },
    "ado_actions": [
        {
            "throttle": 0.22204192200576878,
            "brake": 0.0,
            "steer": 0.0
        },
        {
            "throttle": 0.2284708522195602,
            "brake": 0.0,
            "steer": 0.0
        },
        {
            "throttle": 0.23936142345873762,
            "brake": 0.0,
            "steer": 0.0
        },
        {
            "throttle": 0.2532981550473605,
            "brake": 0.0,
            "steer": 0.0
        },
        {
            "throttle": 0.2692522946360367,
            "brake": 0.0,
            "steer": 0.0
        },
        {
            "throttle": 0.28646648978255834,
            "brake": 0.0,
            "steer": 0.0
        },
        {
            "throttle": 0.3043742816247288,
            "brake": 0.0,
            "steer": 0.0
        },
        {
            "throttle": 0.32254396853066175,
            "brake": 0.0,
            "steer": 0.0
        },
        {
            "throttle": 0.34063952193653113,
            "brake": 0.0,
            "steer": 0.0
        },
        {
            "throttle": 0.358393430649862,
            "brake": 0.0,
            "steer": 0.0
        },
        {
            "throttle": 0.37558788579256885,
            "brake": 0.0,
            "steer": 0.0
        },
        {
            "throttle": 0.3920417937409991,
            "brake": 0.0,
            "steer": 0.0
        },
        {
            "throttle": 0.40760185711114016,
            "brake": 0.0,
            "steer": 0.0
        },
        {
            "throttle": 0.4221364907901598,
            "brake": 0.0,
            "steer": 0.0
        },
        {
            "throttle": 0.43553170895814214,
            "brake": 0.0,
            "steer": 0.0
        },
        {
            "throttle": 0.4476883773850966,
            "brake": 0.0,
            "steer": 0.0
        },
        {
            "throttle": 0.4585204062137552,
            "brake": 0.0,
            "steer": 0.0
        },
        {
            "throttle": 0.4679535851778106,
            "brake": 0.0,
            "steer": 0.0
        },
        {
            "throttle": 0.4759248520181582,
            "brake": 0.0,
            "steer": 0.0
        },
        {
            "throttle": 0.48238184712788235,
            "brake": 0.0,
            "steer": 0.0
        },
        {
            "throttle": 0.4872826511466003,
            "brake": 0.0,
            "steer": 0.0
        },
        {
            "throttle": 0.4905956329122588,
            "brake": 0.0,
            "steer": 0.0
        },
        {
            "throttle": 0.4922993567660533,
            "brake": 0.0,
            "steer": 0.0
        },
        {
            "throttle": 0.49238251342492945,
            "brake": 0.0,
            "steer": 0.0
        },
        {
            "throttle": 0.4908438493972592,
            "brake": 0.0,
            "steer": 0.0
        },
        {
            "throttle": 0.4876920775579014,
            "brake": 0.0,
            "steer": 0.0
        },
        {
            "throttle": 0.48294575695431685,
            "brake": 0.0,
            "steer": 0.0
        },
        {
            "throttle": 0.47663313383981476,
            "brake": 0.0,
            "steer": 0.0
        },
        {
            "throttle": 0.46879193878059283,
            "brake": 0.0,
            "steer": 0.0
        },
        {
            "throttle": 0.4594691367794552,
            "brake": 0.0,
            "steer": 0.0
        },
        {
            "throttle": 0.4487206289239468,
            "brake": 0.0,
            "steer": 0.0
        },
        {
            "throttle": 0.4366109052556526,
            "brake": 0.0,
            "steer": 0.0
        },
        {
            "throttle": 0.42321264947887965,
            "brake": 0.0,
            "steer": 0.0
        },
        {
            "throttle": 0.4086062968561382,
            "brake": 0.0,
            "steer": 0.0
        },
        {
            "throttle": 0.3928795472269568,
            "brake": 0.0,
            "steer": 0.0
        },
        {
            "throttle": 0.37612683557166365,
            "brake": 0.0,
            "steer": 0.0
        },
        {
            "throttle": 0.3584487629476445,
            "brake": 0.0,
            "steer": 0.0
        },
        {
            "throttle": 0.33995149096921246,
            "brake": 0.0,
            "steer": 0.0
        },
        {
            "throttle": 0.3207461032951159,
            "brake": 0.0,
            "steer": 0.0
        },
        {
            "throttle": 0.30094793783761226,
            "brake": 0.0,
            "steer": 0.0
        },
        {
            "throttle": 0.2806758936191066,
            "brake": 0.0,
            "steer": 0.0
        },
        {
            "throttle": 0.2600517163799742,
            "brake": 0.0,
            "steer": 0.0
        },
        {
            "throttle": 0.23919926718655524,
            "brake": 0.0,
            "steer": 0.0
        },
        {
            "throttle": 0.21824377840283288,
            "brake": 0.0,
            "steer": 0.0
        },
        {
            "throttle": 0.19731110147389422,
            "brake": 0.0,
            "steer": 0.0
        },
        {
            "throttle": 0.17652695102454077,
            "brake": 0.0,
            "steer": 0.0
        },
        {
            "throttle": 0.15601614980280656,
            "brake": 0.0,
            "steer": 0.0
        },
        {
            "throttle": 0.135901878996052,
            "brake": 0.0,
            "steer": 0.0
        },
        {
            "throttle": 0.11630493841712497,
            "brake": 0.0,
            "steer": 0.0
        },
        {
            "throttle": 0.09734302100026557,
            "brake": 0.0,
            "steer": 0.0
        },
        {
            "throttle": 0.07913000596151448,
            "brake": 0.0,
            "steer": 0.0
        },
        {
            "throttle": 0.06177527486700915,
            "brake": 0.0,
            "steer": 0.0
        },
        {
            "throttle": 0.04538305471547501,
            "brake": 0.0,
            "steer": 0.0
        },
        {
            "throttle": 0.031768138300832506,
            "brake": 0.0,
            "steer": 0.0
        },
        {
            "throttle": 0.02223769681058275,
            "brake": 0.0,
            "steer": 0.0
        },
        {
            "throttle": 0.015566387767407925,
            "brake": 0.0,
            "steer": 0.0
        },
        {
            "throttle": 0.010896471437185546,
            "brake": 0.0,
            "steer": 0.0
        },
        {
            "throttle": 0.007627530006029882,
            "brake": 0.0,
            "steer": 0.0
        },
        {
            "throttle": 0.005339271004220917,
            "brake": 0.0,
            "steer": 0.0
        },
        {
            "throttle": 0.003737489702954641,
            "brake": 0.0,
            "steer": 0.0
        },
        {
            "throttle": 0.0026162427920682486,
            "brake": 0.0,
            "steer": 0.0
        },
        {
            "throttle": 0.0018313699544477739,
            "brake": 0.0,
            "steer": 0.0
        },
        {
            "throttle": 0.0012819589681134416,
            "brake": 0.0,
            "steer": 0.0
        },
        {
            "throttle": 0.000897371277679409,
            "brake": 0.0,
            "steer": 0.0
        },
        {
            "throttle": 0.0006281598943755863,
            "brake": 0.0,
            "steer": 0.0
        },
        {
            "throttle": 0.00043971192606291035,
            "brake": 0.0,
            "steer": 0.0
        },
        {
            "throttle": 0.0003077983482440372,
            "brake": 0.0,
            "steer": 0.0
        },
        {
            "throttle": 0.00021545884377082602,
            "brake": 0.0,
            "steer": 0.0
        },
        {
            "throttle": 0.0001508211906395782,
            "brake": 0.0,
            "steer": 0.0
        },
        {
            "throttle": 0.00010557483344770473,
            "brake": 0.0,
            "steer": 0.0
        },
        {
            "throttle": 0.003928539600335973,
            "brake": 0.0,
            "steer": 0.0
        },
        {
            "throttle": 0.011001738741521175,
            "brake": 0.0,
            "steer": 0.0
        },
        {
            "throttle": 0.0207005985696596,
            "brake": 0.0,
            "steer": 0.0
        },
        {
            "throttle": 0.03255940479486172,
            "brake": 0.0,
            "steer": 0.0
        },
        {
            "throttle": 0.046221710971754815,
            "brake": 0.0,
            "steer": 0.0
        },
        {
            "throttle": 0.06140580726414356,
            "brake": 0.0,
            "steer": 0.0
        },
        {
            "throttle": 0.07788074194723338,
            "brake": 0.0,
            "steer": 0.0
        },
        {
            "throttle": 0.09544973918009098,
            "brake": 0.0,
            "steer": 0.0
        },
        {
            "throttle": 0.11393880230373654,
            "brake": 0.0,
            "steer": 0.0
        },
        {
            "throttle": 0.13318895387730084,
            "brake": 0.0,
            "steer": 0.0
        },
        {
            "throttle": 0.15305102699334805,
            "brake": 0.0,
            "steer": 0.0
        },
        {
            "throttle": 0.17338224671012553,
            "brake": 0.0,
            "steer": 0.0
        },
        {
            "throttle": 0.19404406742081107,
            "brake": 0.0,
            "steer": 0.0
        },
        {
            "throttle": 0.21490089085029745,
            "brake": 0.0,
            "steer": 0.0
        },
        {
            "throttle": 0.2358194005705448,
            "brake": 0.0,
            "steer": 0.0
        },
        {
            "throttle": 0.2566683267653976,
            "brake": 0.0,
            "steer": 0.0
        },
        {
            "throttle": 0.2773185094715598,
            "brake": 0.0,
            "steer": 0.0
        },
        {
            "throttle": 0.2976431666856836,
            "brake": 0.0,
            "steer": 0.0
        },
        {
            "throttle": 0.31751830046623836,
            "brake": 0.0,
            "steer": 0.0
        },
        {
            "throttle": 0.33682319290842344,
            "brake": 0.0,
            "steer": 0.0
        },
        {
            "throttle": 0.35544095703548373,
            "brake": 0.0,
            "steer": 0.0
        },
        {
            "throttle": 0.3732591169133692,
            "brake": 0.0,
            "steer": 0.0
        },
        {
            "throttle": 0.39017019783554635,
            "brake": 0.0,
            "steer": 0.0
        },
        {
            "throttle": 0.4060723120650531,
            "brake": 0.0,
            "steer": 0.0
        },
        {
            "throttle": 0.4208697289381057,
            "brake": 0.0,
            "steer": 0.0
        },
        {
            "throttle": 0.43447342053085625,
            "brake": 0.0,
            "steer": 0.0
        },
        {
            "throttle": 0.44680157585002334,
            "brake": 0.0,
            "steer": 0.0
        },
        {
            "throttle": 0.45778007782580493,
            "brake": 0.0,
            "steer": 0.0
        },
        {
            "throttle": 0.46734293839893915,
            "brake": 0.0,
            "steer": 0.0
        },
        {
            "throttle": 0.4754326877984898,
            "brake": 0.0,
            "steer": 0.0
        },
        {
            "throttle": 0.48200071476918016,
            "brake": 0.0,
            "steer": 0.0
        },
        {
            "throttle": 0.487007555072667,
            "brake": 0.0,
            "steer": 0.0
        },
        {
            "throttle": 0.49042312608749117,
            "brake": 0.0,
            "steer": 0.0
        },
        {
            "throttle": 0.4922269057889407,
            "brake": 0.0,
            "steer": 0.0
        },
        {
            "throttle": 0.4924080548170472,
            "brake": 0.0,
            "steer": 0.0
        },
        {
            "throttle": 0.4909654807477971,
            "brake": 0.0,
            "steer": 0.0
        },
        {
            "throttle": 0.4879078440752921,
            "brake": 0.0,
            "steer": 0.0
        },
        {
            "throttle": 0.48325350579454185,
            "brake": 0.0,
            "steer": 0.0
        },
        {
            "throttle": 0.47703041684761716,
            "brake": 0.0,
            "steer": 0.0
        },
        {
            "throttle": 0.4692759500606627,
            "brake": 0.0,
            "steer": 0.0
        },
        {
            "throttle": 0.46003667555558714,
            "brake": 0.0,
            "steer": 0.0
        },
        {
            "throttle": 0.44936808096737657,
            "brake": 0.0,
            "steer": 0.0
        },
        {
            "throttle": 0.4373342381348134,
            "brake": 0.0,
            "steer": 0.0
        },
        {
            "throttle": 0.42400741825760063,
            "brake": 0.0,
            "steer": 0.0
        },
        {
            "throttle": 0.40946765782500855,
            "brake": 0.0,
            "steer": 0.0
        },
        {
            "throttle": 0.39380227791865174,
            "brake": 0.0,
            "steer": 0.0
        },
        {
            "throttle": 0.37710535977330967,
            "brake": 0.0,
            "steer": 0.0
        },
        {
            "throttle": 0.35947717974330573,
            "brake": 0.0,
            "steer": 0.0
        },
        {
            "throttle": 0.34102360706638724,
            "brake": 0.0,
            "steer": 0.0
        },
        {
            "throttle": 0.3218554680409168,
            "brake": 0.0,
            "steer": 0.0
        },
        {
            "throttle": 0.302087880434205,
            "brake": 0.0,
            "steer": 0.0
        },
        {
            "throttle": 0.2818395621188131,
            "brake": 0.0,
            "steer": 0.0
        },
        {
            "throttle": 0.2612321180885854,
            "brake": 0.0,
            "steer": 0.0
        },
        {
            "throttle": 0.24038931013611892,
            "brake": 0.0,
            "steer": 0.0
        },
        {
            "throttle": 0.21943631357758597,
            "brake": 0.0,
            "steer": 0.0
        },
        {
            "throttle": 0.1984989654886623,
            "brake": 0.0,
            "steer": 0.0
        },
        {
            "throttle": 0.17770300896633506,
            "brake": 0.0,
            "steer": 0.0
        },
        {
            "throttle": 0.1571733379552553,
            "brake": 0.0,
            "steer": 0.0
        },
        {
            "throttle": 0.13703324717392867,
            "brake": 0.0,
            "steer": 0.0
        },
        {
            "throttle": 0.11740369164542032,
            "brake": 0.0,
            "steer": 0.0
        },
        {
            "throttle": 0.0984025602795796,
            "brake": 0.0,
            "steer": 0.0
        },
        {
            "throttle": 0.08014396786940547,
            "brake": 0.0,
            "steer": 0.0
        },
        {
            "throttle": 0.06273756975358905,
            "brake": 0.0,
            "steer": 0.0
        },
        {
            "throttle": 0.0462879032611462,
            "brake": 0.0,
            "steer": 0.0
        },
        {
            "throttle": 0.03240153228280234,
            "brake": 0.0,
            "steer": 0.0
        },
        {
            "throttle": 0.02268107259796164,
            "brake": 0.0,
            "steer": 0.0
        },
        {
            "throttle": 0.015876750818573145,
            "brake": 0.0,
            "steer": 0.0
        },
        {
            "throttle": 0.011113725573001202,
            "brake": 0.0,
            "steer": 0.0
        },
        {
            "throttle": 0.007779607901100841,
            "brake": 0.0,
            "steer": 0.0
        },
        {
            "throttle": 0.005445725530770588,
            "brake": 0.0,
            "steer": 0.0
        },
        {
            "throttle": 0.0038120078715394115,
            "brake": 0.0,
            "steer": 0.0
        },
        {
            "throttle": 0.002668405510077588,
            "brake": 0.0,
            "steer": 0.0
        },
        {
            "throttle": 0.0018678838570543113,
            "brake": 0.0,
            "steer": 0.0
        },
        {
            "throttle": 0.0013075186999380178,
            "brake": 0.0,
            "steer": 0.0
        },
        {
            "throttle": 0.0009152630899566124,
            "brake": 0.0,
            "steer": 0.0
        },
        {
            "throttle": 0.0006406841629696287,
            "brake": 0.0,
            "steer": 0.0
        },
        {
            "throttle": 0.00044847891407874004,
            "brake": 0.0,
            "steer": 0.0
        },
        {
            "throttle": 0.000313935239855118,
            "brake": 0.0,
            "steer": 0.0
        },
        {
            "throttle": 0.0002197546678985826,
            "brake": 0.0,
            "steer": 0.0
        },
        {
            "throttle": 0.0001538282675290078,
            "brake": 0.0,
            "steer": 0.0
        },
        {
            "throttle": 0.00010767978727030545,
            "brake": 0.0,
            "steer": 0.0
        },
        {
            "throttle": 0.0036909908278339684,
            "brake": 0.0,
            "steer": 0.0
        },
        {
            "throttle": 0.010575681333122752,
            "brake": 0.0,
            "steer": 0.0
        },
        {
            "throttle": 0.02012339420485983,
            "brake": 0.0,
            "steer": 0.0
        },
        {
            "throttle": 0.031858882020054116,
            "brake": 0.0,
            "steer": 0.0
        },
        {
            "throttle": 0.04541913033296588,
            "brake": 0.0,
            "steer": 0.0
        },
        {
            "throttle": 0.06051792620644467,
            "brake": 0.0,
            "steer": 0.0
        },
        {
            "throttle": 0.07692124898329382,
            "brake": 0.0,
            "steer": 0.0
        },
        {
            "throttle": 0.09443024604722713,
            "brake": 0.0,
            "steer": 0.0
        },
        {
            "throttle": 0.11286952628363808,
            "brake": 0.0,
            "steer": 0.0
        },
        {
            "throttle": 0.13207918287357104,
            "brake": 0.0,
            "steer": 0.0
        },
        {
            "throttle": 0.15190943225880327,
            "brake": 0.0,
            "steer": 0.0
        },
        {
            "throttle": 0.17221708872525027,
            "brake": 0.0,
            "steer": 0.0
        },
        {
            "throttle": 0.1928633268526033,
            "brake": 0.0,
            "steer": 0.0
        },
        {
            "throttle": 0.2137123470209811,
            "brake": 0.0,
            "steer": 0.0
        },
        {
            "throttle": 0.23463067321607167,
            "brake": 0.0,
            "steer": 0.0
        },
        {
            "throttle": 0.2554868922087784,
            "brake": 0.0,
            "steer": 0.0
        },
        {
            "throttle": 0.27615169907696996,
            "brake": 0.0,
            "steer": 0.0
        },
        {
            "throttle": 0.2964981531767842,
            "brake": 0.0,
            "steer": 0.0
        },
        {
            "throttle": 0.31640207609278803,
            "brake": 0.0,
            "steer": 0.0
        },
        {
            "throttle": 0.3357425423236423,
            "brake": 0.0,
            "steer": 0.0
        },
        {
            "throttle": 0.35440242695899465,
            "brake": 0.0,
            "steer": 0.0
        },
        {
            "throttle": 0.372268984100265,
            "brake": 0.0,
            "steer": 0.0
        },
        {
            "throttle": 0.38923443648079936,
            "brake": 0.0,
            "steer": 0.0
        },
        {
            "throttle": 0.40519656149482036,
            "brake": 0.0,
            "steer": 0.0
        },
        {
            "throttle": 0.42005926224101986,
            "brake": 0.0,
            "steer": 0.0
        },
        {
            "throttle": 0.4337331146390332,
            "brake": 0.0,
            "steer": 0.0
        },
        {
            "throttle": 0.4461358834744066,
            "brake": 0.0,
            "steer": 0.0
        },
        {
            "throttle": 0.45719300157185105,
            "brake": 0.0,
            "steer": 0.0
        },
        {
            "throttle": 0.46683800732831615,
            "brake": 0.0,
            "steer": 0.0
        },
        {
            "throttle": 0.47501293665470556,
            "brake": 0.0,
            "steer": 0.0
        },
        {
            "throttle": 0.48166866604591174,
            "brake": 0.0,
            "steer": 0.0
        },
        {
            "throttle": 0.4867652040702888,
            "brake": 0.0,
            "steer": 0.0
        },
        {
            "throttle": 0.49027192907401085,
            "brake": 0.0,
            "steer": 0.0
        },
        {
            "throttle": 0.4921677713549694,
            "brake": 0.0,
            "steer": 0.0
        },
        {
            "throttle": 0.4924413384896906,
            "brake": 0.0,
            "steer": 0.0
        },
        {
            "throttle": 0.4910909829048911,
            "brake": 0.0,
            "steer": 0.0
        },
        {
            "throttle": 0.4881248111788641,
            "brake": 0.0,
            "steer": 0.0
        },
        {
            "throttle": 0.4835606349405373,
            "brake": 0.0,
            "steer": 0.0
        },
        {
            "throttle": 0.4774258636076809,
            "brake": 0.0,
            "steer": 0.0
        },
        {
            "throttle": 0.46975733957105814,
            "brake": 0.0,
            "steer": 0.0
        },
        {
            "throttle": 0.46060111678818416,
            "brake": 0.0,
            "steer": 0.0
        },
        {
            "throttle": 0.4500121840980672,
            "brake": 0.0,
            "steer": 0.0
        },
        {
            "throttle": 0.43805413490579487,
            "brake": 0.0,
            "steer": 0.0
        },
        {
            "throttle": 0.4247987852117588,
            "brake": 0.0,
            "steer": 0.0
        },
        {
            "throttle": 0.4103257422732297,
            "brake": 0.0,
            "steer": 0.0
        },
        {
            "throttle": 0.39472192648436855,
            "brake": 0.0,
            "steer": 0.0
        },
        {
            "throttle": 0.3780810493430303,
            "brake": 0.0,
            "steer": 0.0
        },
        {
            "throttle": 0.36050305063737276,
            "brake": 0.0,
            "steer": 0.0
        },
        {
            "throttle": 0.34209349823084223,
            "brake": 0.0,
            "steer": 0.0
        }
    ],
    "parameters": {
        "fog_density": 53.922728787184056,
        "precipitation": 24.616216492395505,
        "precipitation_deposits": 52.62761430264473,
        "wind_intensity": 23.486518752501922,
        "sun_altitude_angle": 6.769046913079308,
        "cloudiness": 70.97242894846568,
        "lead_base_throttle": 0.22204192200576878,
        "lead_behavior_frequency": 0.12337015544857742,
        "lead_throttle_variation": 0.27673397878569306,
        "lead_brake_probability": 0.01943970469608993,
        "lead_brake_intensity": 0.7727866222180344,
        "lead_brake_duration": 7.628608259621745,
        "initial_distance": 51.687709357888224,
        "initial_ego_velocity": 13.959704363094485,
        "initial_lead_velocity": 21.48561316475609
    },
    "config": {
        "num_timesteps": 200,
        "dt": 0.1,
        "seed": 210
    }
}