{
    "weather": {
        "cloudiness": 10.367415315680518,
        "precipitation": 71.60222713401022,
        "precipitation_deposits": 42.165683851279766,
        "wind_intensity": 36.022864135184015,
        "sun_altitude_angle": -9.410225443450258,
        "fog_density": 34.43778885366298,
        "fog_distance": 317.29406187201806,
        "wetness": 35.80111356700511
    },
    "initial_conditions": {
        "ego": {
            "position": {
                "x": 521.6019460645975,
                "y": 20.57,
                "z": 0.294
            },
            "yaw": 0.0,
            "velocity": 17.60384465176614
        },
        "lead": {
            "position": {
                "x": 484.88,
                "y": 20.57,
                "z": 0.294
            },
            "yaw": 0.0,
            "velocity": 20.90587219451342
        }
    },
    "ego": {
        "position": {
            "x": 521.6019460645975,
            "y": 20.57,
            "z": 0.294
        },
        "yaw": 0.0,
        "velocity": 17.60384465176614
    },
    "lead": {
        "position": {
            "x": 484.88,
            "y": 20.57,
            "z": 0.294
        },
        "yaw": 0.0,
        "velocity": 20.90587219451342
    },
    "ado_actions": [
        {
            "throttle": 0.223255247987017,
            "brake": 0.0,
            "steer": 0.0
        },
        {
            "throttle": 0.23081335311256412,
            "brake": 0.0,
            "steer": 0.0
        },
        {
            "throttle": 0.24360230163886576,
            "brake": 0.0,
            "steer": 0.0
        },
        {
            "throttle": 0.2599336537889967,
            "brake": 0.0,
            "steer": 0.0
        },
        {
            "throttle": 0.27856708863548374,
            "brake": 0.0,
            "steer": 0.0
        },
        {
            "throttle": 0.29857737433113907,
            "brake": 0.0,
            "steer": 0.0
        },
        {
            "throttle": 0.31926169854133446,
            "brake": 0.0,
            "steer": 0.0
        },
        {
            "throttle": 0.3400752363159785,
            "brake": 0.0,
            "steer": 0.0
        },
        {
            "throttle": 0.3605864660120843,
            "brake": 0.0,
            "steer": 0.0
        },
        {
            "throttle": 0.3804462873823844,
            "brake": 0.0,
            "steer": 0.0
        },
        {
            "throttle": 0.399366776568604,
            "brake": 0.0,
            "steer": 0.0
        },
        {
            "throttle": 0.4171066593690307,
            "brake": 0.0,
            "steer": 0.0
        },
        {
            "throttle": 0.43346145700990446,
            "brake": 0.0,
            "steer": 0.0
        },
        {
            "throttle": 0.4482568698918253,
            "brake": 0.0,
            "steer": 0.0
        },
        {
            "throttle": 0.46134439291102225,
            "brake": 0.0,
            "steer": 0.0
        },
        {
            "throttle": 0.4725984559224987,
            "brake": 0.0,
            "steer": 0.0
        },
        {
            "throttle": 0.4819145931816695,
            "brake": 0.0,
            "steer": 0.0
        },
        {
            "throttle": 0.4892082930955518,
            "brake": 0.0,
            "steer": 0.0
        },
        {
            "throttle": 0.4944142831771261,
            "brake": 0.0,
            "steer": 0.0
        },
        {
            "throttle": 0.4974860779149409,
            "brake": 0.0,
            "steer": 0.0
        },
        {
            "throttle": 0.49839566857326373,
            "brake": 0.0,
            "steer": 0.0
        },
        {
            "throttle": 0.49713327018368625,
            "brake": 0.0,
            "steer": 0.0
        },
        {
            "throttle": 0.49370706669475695,
            "brake": 0.0,
            "steer": 0.0
        },
        {
            "throttle": 0.4881429135716687,
            "brake": 0.0,
            "steer": 0.0
        },
        {
            "throttle": 0.48048397029246903,
            "brake": 0.0,
            "steer": 0.0
        },
        {
            "throttle": 0.4707902447145298,
            "brake": 0.0,
            "steer": 0.0
        },
        {
            "throttle": 0.45913803826328276,
            "brake": 0.0,
            "steer": 0.0
        },
        {
            "throttle": 0.44561928607676,
            "brake": 0.0,
            "steer": 0.0
        },
        {
            "throttle": 0.43034079014852084,
            "brake": 0.0,
            "steer": 0.0
        },
        {
            "throttle": 0.4134233465128327,
            "brake": 0.0,
            "steer": 0.0
        },
        {
            "throttle": 0.2893963425589829,
            "brake": 0.2339484740999431,
            "steer": 0.0
        },
        {
            "throttle": 0.202577439791288,
            "brake": 0.39771240596990326,
            "steer": 0.0
        },
        {
            "throttle": 0.1418042078539016,
            "brake": 0.5123471582788753,
            "steer": 0.0
        },
        {
            "throttle": 0.09926294549773111,
            "brake": 0.5925914848951558,
            "steer": 0.0
        },
        {
            "throttle": 0.06948406184841177,
            "brake": 0.6487625135265521,
            "steer": 0.0
        },
        {
            "throttle": 0.048638843293888234,
            "brake": 0.6880822335685296,
            "steer": 0.0
        },
        {
            "throttle": 0.03404719030572176,
            "brake": 0.7156060375979137,
            "steer": 0.0
        },
        {
            "throttle": 0.02383303321400523,
            "brake": 0.7348727004184827,
            "steer": 0.0
        },
        {
            "throttle": 0.01668312324980366,
            "brake": 0.748359364392881,
            "steer": 0.0
        },
        {
            "throttle": 0.011678186274862562,
            "brake": 0.7578000291749598,
            "steer": 0.0
        },
        {
            "throttle": 0.008174730392403793,
            "brake": 0.764408494522415,
            "steer": 0.0
        },
        {
            "throttle": 0.005722311274682655,
            "brake": 0.7690344202656336,
            "steer": 0.0
        },
        {
            "throttle": 0.004005617892277858,
            "brake": 0.7722725682858866,
            "steer": 0.0
        },
        {
            "throttle": 0.0028039325245945005,
            "brake": 0.7745392719000638,
            "steer": 0.0
        },
        {
            "throttle": 0.0019627527672161503,
            "brake": 0.7761259644299877,
            "steer": 0.0
        },
        {
            "throttle": 0.0013739269370513052,
            "brake": 0.7772366492009345,
            "steer": 0.0
        },
        {
            "throttle": 0.0009617488559359135,
            "brake": 0.5440656544406541,
            "steer": 0.0
        },
        {
            "throttle": 0.0006732241991551395,
            "brake": 0.3808459581084579,
            "steer": 0.0
        },
        {
            "throttle": 0.0004712569394085976,
            "brake": 0.2665921706759205,
            "steer": 0.0
        },
        {
            "throttle": 0.0003298798575860183,
            "brake": 0.18661451947314434,
            "steer": 0.0
        },
        {
            "throttle": 0.0002309159003102128,
            "brake": 0.13063016363120103,
            "steer": 0.0
        },
        {
            "throttle": 0.00016164113021714896,
            "brake": 0.09144111454184072,
            "steer": 0.0
        },
        {
            "throttle": 0.00011314879115200427,
            "brake": 0.0640087801792885,
            "steer": 0.0
        },
        {
            "throttle": 7.920415380640298e-05,
            "brake": 0.04480614612550195,
            "steer": 0.0
        },
        {
            "throttle": 5.5442907664482083e-05,
            "brake": 0.031364302287851364,
            "steer": 0.0
        },
        {
            "throttle": 3.881003536513746e-05,
            "brake": 0.021955011601495954,
            "steer": 0.0
        },
        {
            "throttle": 2.7167024755596217e-05,
            "brake": 0.015368508121047167,
            "steer": 0.0
        },
        {
            "throttle": 1.901691732891735e-05,
            "brake": 0.010757955684733016,
            "steer": 0.0
        },
        {
            "throttle": 1.3311842130242146e-05,
            "brake": 0.007530568979313111,
            "steer": 0.0
        },
        {
            "throttle": 9.318289491169502e-06,
            "brake": 0.005271398285519178,
            "steer": 0.0
        },
        {
            "throttle": 6.5228026438186506e-06,
            "brake": 0.003689978799863424,
            "steer": 0.0
        },
        {
            "throttle": 0.002867845630553765,
            "brake": 0.002582985159904397,
            "steer": 0.0
        },
        {
            "throttle": 0.010089449028224295,
            "brake": 0.0018080896119330777,
            "steer": 0.0
        },
        {
            "throttle": 0.020829460383833216,
            "brake": 0.0012656627283531543,
            "steer": 0.0
        },
        {
            "throttle": 0.03445356711725549,
            "brake": 0.000885963909847208,
            "steer": 0.0
        },
        {
            "throttle": 0.05046941436107176,
            "brake": 0.0006201747368930455,
            "steer": 0.0
        },
        {
            "throttle": 0.06848106596698722,
            "brake": 0.00043412231582513184,
            "steer": 0.0
        },
        {
            "throttle": 0.08815753320562367,
            "brake": 0.0003038856210775923,
            "steer": 0.0
        },
        {
            "throttle": 0.10921117100338693,
            "brake": 0.00021271993475431458,
            "steer": 0.0
        },
        {
            "throttle": 0.13138299823360972,
            "brake": 0.0001489039543280202,
            "steer": 0.0
        },
        {
            "throttle": 0.15443287811779918,
            "brake": 0.00010423276802961414,
            "steer": 0.0
        },
        {
            "throttle": 0.17813311036479648,
            "brake": 7.296293762072989e-05,
            "steer": 0.0
        },
        {
            "throttle": 0.20226441749956642,
            "brake": 5.107405633451092e-05,
            "steer": 0.0
        },
        {
            "throttle": 0.22661360936278724,
            "brake": 3.5751839434157646e-05,
            "steer": 0.0
        },
        {
            "throttle": 0.2509724208153129,
            "brake": 2.502628760391035e-05,
            "steer": 0.0
        },
        {
            "throttle": 0.27513716543059946,
            "brake": 1.7518401322737243e-05,
            "steer": 0.0
        },
        {
            "throttle": 0.298908951424106,
            "brake": 1.226288092591607e-05,
            "steer": 0.0
        },
        {
            "throttle": 0.3220942785657059,
            "brake": 8.584016648141248e-06,
            "steer": 0.0
        },
        {
            "throttle": 0.3445058856686693,
            "brake": 6.008811653698873e-06,
            "steer": 0.0
        },
        {
            "throttle": 0.3659637539695862,
            "brake": 4.206168157589211e-06,
            "steer": 0.0
        },
        {
            "throttle": 0.3862961968726246,
            "brake": 2.944317710312447e-06,
            "steer": 0.0
        },
        {
            "throttle": 0.40534098432300425,
            "brake": 2.061022397218713e-06,
            "steer": 0.0
        },
        {
            "throttle": 0.4229464627330391,
            "brake": 1.4427156780530989e-06,
            "steer": 0.0
        },
        {
            "throttle": 0.4389726404721318,
            "brake": 1.009900974637169e-06,
            "steer": 0.0
        },
        {
            "throttle": 0.4532922155416732,
            "brake": 7.069306822460184e-07,
            "steer": 0.0
        },
        {
            "throttle": 0.4657915269493502,
            "brake": 4.948514775722129e-07,
            "steer": 0.0
        },
        {
            "throttle": 0.4763714150064783,
            "brake": 3.46396034300549e-07,
            "steer": 0.0
        },
        {
            "throttle": 0.4849479786665279,
            "brake": 2.424772240103843e-07,
            "steer": 0.0
        },
        {
            "throttle": 0.4914532203595456,
            "brake": 1.6973405680726898e-07,
            "steer": 0.0
        },
        {
            "throttle": 0.49583557073281165,
            "brake": 1.1881383976508827e-07,
            "steer": 0.0
        },
        {
            "throttle": 0.4980602874042812,
            "brake": 8.316968783556179e-08,
            "steer": 0.0
        },
        {
            "throttle": 0.4981097233545513,
            "brake": 5.821878148489325e-08,
            "steer": 0.0
        },
        {
            "throttle": 0.49598346198035553,
            "brake": 4.075314703942527e-08,
            "steer": 0.0
        },
        {
            "throttle": 0.49169831714381973,
            "brake": 2.8527202927597688e-08,
            "steer": 0.0
        },
        {
            "throttle": 0.48528819779941235,
            "brake": 1.996904204931838e-08,
            "steer": 0.0
        },
        {
            "throttle": 0.4768038379778343,
            "brake": 1.3978329434522865e-08,
            "steer": 0.0
        },
        {
            "throttle": 0.46631239405964275,
            "brake": 9.784830604166004e-09,
            "steer": 0.0
        },
        {
            "throttle": 0.4538969123833399,
            "brake": 6.849381422916202e-09,
            "steer": 0.0
        },
        {
            "throttle": 0.43965567130207334,
            "brake": 4.794566996041341e-09,
            "steer": 0.0
        },
        {
            "throttle": 0.4237014028270484,
            "brake": 3.3561968972289386e-09,
            "steer": 0.0
        },
        {
            "throttle": 0.40616039997000697,
            "brake": 2.349337828060257e-09,
            "steer": 0.0
        },
        {
            "throttle": 0.3871715168166795,
            "brake": 1.6445364796421799e-09,
            "steer": 0.0
        },
        {
            "throttle": 0.3668850692225809,
            "brake": 1.151175535749526e-09,
            "steer": 0.0
        },
        {
            "throttle": 0.3454616448164196,
            "brake": 8.058228750246681e-10,
            "steer": 0.0
        },
        {
            "throttle": 0.3230708317193718,
            "brake": 5.640760125172677e-10,
            "steer": 0.0
        },
        {
            "throttle": 0.2998898760354568,
            "brake": 3.948532087620873e-10,
            "steer": 0.0
        },
        {
            "throttle": 0.2761022787345804,
            "brake": 2.763972461334611e-10,
            "steer": 0.0
        },
        {
            "throttle": 0.25189634303131364,
            "brake": 1.9347807229342277e-10,
            "steer": 0.0
        },
        {
            "throttle": 0.22746368375557005,
            "brake": 1.3543465060539594e-10,
            "steer": 0.0
        },
        {
            "throttle": 0.2029977105130612,
            "brake": 9.480425542377716e-11,
            "steer": 0.0
        },
        {
            "throttle": 0.17869209664149335,
            "brake": 6.6362978796644e-11,
            "steer": 0.0
        },
        {
            "throttle": 0.1547392460813209,
            "brake": 4.64540851576508e-11,
            "steer": 0.0
        },
        {
            "throttle": 0.13132877029667253,
            "brake": 3.251785961035556e-11,
            "steer": 0.0
        },
        {
            "throttle": 0.10864598730271607,
            "brake": 2.276250172724889e-11,
            "steer": 0.0
        },
        {
            "throttle": 0.08687045468087064,
            "brake": 1.5933751209074224e-11,
            "steer": 0.0
        },
        {
            "throttle": 0.06617454819433072,
            "brake": 1.1153625846351957e-11,
            "steer": 0.0
        },
        {
            "throttle": 0.04672209725545916,
            "brake": 7.80753809244637e-12,
            "steer": 0.0
        },
        {
            "throttle": 0.03270546807882141,
            "brake": 5.4652766647124585e-12,
            "steer": 0.0
        },
        {
            "throttle": 0.022893827655174986,
            "brake": 3.825693665298721e-12,
            "steer": 0.0
        },
        {
            "throttle": 0.01602567935862249,
            "brake": 2.6779855657091044e-12,
            "steer": 0.0
        },
        {
            "throttle": 0.011217975551035743,
            "brake": 1.874589895996373e-12,
            "steer": 0.0
        },
        {
            "throttle": 0.00785258288572502,
            "brake": 1.312212927197461e-12,
            "steer": 0.0
        },
        {
            "throttle": 0.005496808020007514,
            "brake": 9.185490490382226e-13,
            "steer": 0.0
        },
        {
            "throttle": 0.0038477656140052593,
            "brake": 6.429843343267558e-13,
            "steer": 0.0
        },
        {
            "throttle": 0.002693435929803681,
            "brake": 4.50089034028729e-13,
            "steer": 0.0
        },
        {
            "throttle": 0.0018854051508625767,
            "brake": 3.1506232382011026e-13,
            "steer": 0.0
        },
        {
            "throttle": 0.0013197836056038036,
            "brake": 2.2054362667407718e-13,
            "steer": 0.0
        },
        {
            "throttle": 0.0009238485239226624,
            "brake": 1.54380538671854e-13,
            "steer": 0.0
        },
        {
            "throttle": 0.0006466939667458636,
            "brake": 1.080663770702978e-13,
            "steer": 0.0
        },
        {
            "throttle": 0.00045268577672210453,
            "brake": 7.564646394920846e-14,
            "steer": 0.0
        },
        {
            "throttle": 0.0003168800437054732,
            "brake": 5.2952524764445917e-14,
            "steer": 0.0
        },
        {
            "throttle": 0.0002218160305938312,
            "brake": 0.23394847409998015,
            "steer": 0.0
        },
        {
            "throttle": 0.00015527122141568183,
            "brake": 0.3977124059699292,
            "steer": 0.0
        },
        {
            "throttle": 0.00010868985499097727,
            "brake": 0.5123471582788935,
            "steer": 0.0
        },
        {
            "throttle": 7.608289849368408e-05,
            "brake": 0.5925914848951686,
            "steer": 0.0
        },
        {
            "throttle": 5.3258028945578855e-05,
            "brake": 0.6487625135265611,
            "steer": 0.0
        },
        {
            "throttle": 3.7280620261905194e-05,
            "brake": 0.6880822335685358,
            "steer": 0.0
        },
        {
            "throttle": 2.6096434183333633e-05,
            "brake": 0.7156060375979182,
            "steer": 0.0
        },
        {
            "throttle": 1.8267503928333544e-05,
            "brake": 0.7348727004184858,
            "steer": 0.0
        },
        {
            "throttle": 1.278725274983348e-05,
            "brake": 0.7483593643928832,
            "steer": 0.0
        },
        {
            "throttle": 8.951076924883434e-06,
            "brake": 0.7578000291749614,
            "steer": 0.0
        },
        {
            "throttle": 6.265753847418404e-06,
            "brake": 0.764408494522416,
            "steer": 0.0
        },
        {
            "throttle": 4.3860276931928825e-06,
            "brake": 0.7690344202656343,
            "steer": 0.0
        },
        {
            "throttle": 3.0702193852350175e-06,
            "brake": 0.7722725682858871,
            "steer": 0.0
        },
        {
            "throttle": 2.1491535696645123e-06,
            "brake": 0.774539271900064,
            "steer": 0.0
        },
        {
            "throttle": 1.5044074987651586e-06,
            "brake": 0.7761259644299879,
            "steer": 0.0
        },
        {
            "throttle": 1.053085249135611e-06,
            "brake": 0.7772366492009346,
            "steer": 0.0
        },
        {
            "throttle": 0.10899545530661707,
            "brake": 0.5440656544406541,
            "steer": 0.0
        },
        {
            "throttle": 0.1916961238961464,
            "brake": 0.3808459581084579,
            "steer": 0.0
        },
        {
            "throttle": 0.25560786315245526,
            "brake": 0.2665921706759205,
            "steer": 0.0
        },
        {
            "throttle": 0.3059363715206048,
            "brake": 0.18661451947314434,
            "steer": 0.0
        },
        {
            "throttle": 0.3462813850015979,
            "brake": 0.13063016363120103,
            "steer": 0.0
        },
        {
            "throttle": 0.3791222278463954,
            "brake": 0.09144111454184072,
            "steer": 0.0
        },
        {
            "throttle": 0.406158018569303,
            "brake": 0.0640087801792885,
            "steer": 0.0
        },
        {
            "throttle": 0.42854610236781454,
            "brake": 0.04480614612550195,
            "steer": 0.0
        },
        {
            "throttle": 0.44706920742839257,
            "brake": 0.031364302287851364,
            "steer": 0.0
        },
        {
            "throttle": 0.4622526713462226,
            "brake": 0.021955011601495954,
            "steer": 0.0
        },
        {
            "throttle": 0.4744466783007417,
            "brake": 0.015368508121047167,
            "steer": 0.0
        },
        {
            "throttle": 0.4838839640217544,
            "brake": 0.010757955684733016,
            "steer": 0.0
        },
        {
            "throttle": 0.49072030737062267,
            "brake": 0.007530568979313111,
            "steer": 0.0
        },
        {
            "throttle": 0.4950629309370741,
            "brake": 0.005271398285519178,
            "steer": 0.0
        },
        {
            "throttle": 0.49699039588482746,
            "brake": 0.003689978799863424,
            "steer": 0.0
        },
        {
            "throttle": 0.4965665005950682,
            "brake": 0.002582985159904397,
            "steer": 0.0
        },
        {
            "throttle": 0.4938499400117514,
            "brake": 0.0018080896119330777,
            "steer": 0.0
        },
        {
            "throttle": 0.48890095607330664,
            "brake": 0.0012656627283531543,
            "steer": 0.0
        },
        {
            "throttle": 0.48178584137949365,
            "brake": 0.000885963909847208,
            "steer": 0.0
        },
        {
            "throttle": 0.47257990079788775,
            "brake": 0.0006201747368930455,
            "steer": 0.0
        },
        {
            "throttle": 0.4613692958147735,
            "brake": 0.00043412231582513184,
            "steer": 0.0
        },
        {
            "throttle": 0.44825207080477214,
            "brake": 0.0003038856210775923,
            "steer": 0.0
        },
        {
            "throttle": 0.4333385727372068,
            "brake": 0.00021271993475431458,
            "steer": 0.0
        },
        {
            "throttle": 0.41675141474618455,
            "brake": 0.0001489039543280202,
            "steer": 0.0
        },
        {
            "throttle": 0.3986250914773487,
            "brake": 0.00010423276802961414,
            "steer": 0.0
        },
        {
            "throttle": 0.37910532459342716,
            "brake": 7.296293762072989e-05,
            "steer": 0.0
        },
        {
            "throttle": 0.3583481963556168,
            "brake": 5.107405633451092e-05,
            "steer": 0.0
        },
        {
            "throttle": 0.33651911505462595,
            "brake": 3.5751839434157646e-05,
            "steer": 0.0
        },
        {
            "throttle": 0.31379164632171436,
            "brake": 2.502628760391035e-05,
            "steer": 0.0
        },
        {
            "throttle": 0.2903462376595705,
            "brake": 1.7518401322737243e-05,
            "steer": 0.0
        },
        {
            "throttle": 0.2663688589515991,
            "brake": 1.226288092591607e-05,
            "steer": 0.0
        },
        {
            "throttle": 0.24204957857473655,
            "brake": 8.584016648141248e-06,
            "steer": 0.0
        },
        {
            "throttle": 0.2175810925916689,
            "brake": 6.008811653698873e-06,
            "steer": 0.0
        },
        {
            "throttle": 0.19315722300845223,
            "brake": 4.206168157589211e-06,
            "steer": 0.0
        },
        {
            "throttle": 0.1689714000254994,
            "brake": 2.944317710312447e-06,
            "steer": 0.0
        },
        {
            "throttle": 0.1452151424245691,
            "brake": 2.061022397218713e-06,
            "steer": 0.0
        },
        {
            "throttle": 0.12207654961072485,
            "brake": 1.4427156780530989e-06,
            "steer": 0.0
        },
        {
            "throttle": 0.099738818289066,
            "brake": 1.009900974637169e-06,
            "steer": 0.0
        },
        {
            "throttle": 0.07837879624819698,
            "brake": 7.069306822460184e-07,
            "steer": 0.0
        },
        {
            "throttle": 0.05816558520968546,
            "brake": 4.948514775722129e-07,
            "steer": 0.0
        },
        {
            "throttle": 0.04071590964677982,
            "brake": 3.46396034300549e-07,
            "steer": 0.0
        },
        {
            "throttle": 0.028501136752745872,
            "brake": 2.424772240103843e-07,
            "steer": 0.0
        },
        {
            "throttle": 0.01995079572692211,
            "brake": 1.6973405680726898e-07,
            "steer": 0.0
        },
        {
            "throttle": 0.013965557008845476,
            "brake": 1.1881383976508827e-07,
            "steer": 0.0
        },
        {
            "throttle": 0.009775889906191833,
            "brake": 8.316968783556179e-08,
            "steer": 0.0
        },
        {
            "throttle": 0.006843122934334283,
            "brake": 5.821878148489325e-08,
            "steer": 0.0
        },
        {
            "throttle": 0.004790186054033998,
            "brake": 4.075314703942527e-08,
            "steer": 0.0
        },
        {
            "throttle": 0.003353130237823798,
            "brake": 2.8527202927597688e-08,
            "steer": 0.0
        },
        {
            "throttle": 0.0023471911664766586,
            "brake": 1.996904204931838e-08,
            "steer": 0.0
        },
        {
            "throttle": 0.001643033816533661,
            "brake": 1.3978329434522865e-08,
            "steer": 0.0
        },
        {
            "throttle": 0.0011501236715735625,
            "brake": 9.784830604166004e-09,
            "steer": 0.0
        },
        {
            "throttle": 0.0008050865701014937,
            "brake": 6.849381422916202e-09,
            "steer": 0.0
        },
        {
            "throttle": 0.0005635605990710455,
            "brake": 4.794566996041341e-09,
            "steer": 0.0
        }
    ],
    "parameters": {
        "fog_density": 34.43778885366298,
        "precipitation": 71.60222713401022,
        "precipitation_deposits": 42.165683851279766,
        "wind_intensity": 36.022864135184015,
        "sun_altitude_angle": -9.410225443450258,
        "cloudiness": 10.367415315680518,
        "lead_base_throttle": 0.22325524798701704,
        "lead_behavior_frequency": 0.1416502017826533,
        "lead_throttle_variation": 0.2834445551727511,
        "lead_brake_probability": 0.025299150018357308,
        "lead_brake_intensity": 0.7798282469998103,
        "lead_brake_duration": 16.22431350731997,
        "initial_distance": 36.72194606459754,
        "initial_ego_velocity": 17.60384465176614,
        "initial_lead_velocity": 20.90587219451342
    },
    "config": {
        "num_timesteps": 200,
        "dt": 0.1,
        "seed": 235
    }
}