{
    "weather": {
        "cloudiness": 40.61034066476058,
        "precipitation": 89.30018849079137,
        "precipitation_deposits": 96.71990532831012,
        "wind_intensity": 41.04757582274218,
        "sun_altitude_angle": 10.987108128436255,
        "fog_density": 77.03644968685583,
        "fog_distance": 76.69784586322685,
        "wetness": 44.650094245395685
    },
    "initial_conditions": {
        "ego": {
            "position": {
                "x": 511.4999323602528,
                "y": 20.57,
                "z": 0.294
            },
            "yaw": 0.0,
            "velocity": 16.048762094247355
        },
        "lead": {
            "position": {
                "x": 484.88,
                "y": 20.57,
                "z": 0.294
            },
            "yaw": 0.0,
            "velocity": 12.17950168911969
        }
    },
    "ego": {
        "position": {
            "x": 511.4999323602528,
            "y": 20.57,
            "z": 0.294
        },
        "yaw": 0.0,
        "velocity": 16.048762094247355
    },
    "lead": {
        "position": {
            "x": 484.88,
            "y": 20.57,
            "z": 0.294
        },
        "yaw": 0.0,
        "velocity": 12.17950168911969
    },
    "ado_actions": [
        {
            "throttle": 0.20113612573277145,
            "brake": 0.0,
            "steer": 0.0
        },
        {
            "throttle": 0.20373482066024054,
            "brake": 0.0,
            "steer": 0.0
        },
        {
            "throttle": 0.20813025739658597,
            "brake": 0.0,
            "steer": 0.0
        },
        {
            "throttle": 0.21373891624678462,
            "brake": 0.0,
            "steer": 0.0
        },
        {
            "throttle": 0.22013056351700167,
            "brake": 0.0,
            "steer": 0.0
        },
        {
            "throttle": 0.22698283550547826,
            "brake": 0.0,
            "steer": 0.0
        },
        {
            "throttle": 0.2340496295834094,
            "brake": 0.0,
            "steer": 0.0
        },
        {
            "throttle": 0.24113915377213696,
            "brake": 0.0,
            "steer": 0.0
        },
        {
            "throttle": 0.2480987292893081,
            "brake": 0.0,
            "steer": 0.0
        },
        {
            "throttle": 0.25480431075167886,
            "brake": 0.0,
            "steer": 0.0
        },
        {
            "throttle": 0.26115329795377534,
            "brake": 0.0,
            "steer": 0.0
        },
        {
            "throttle": 0.26705963969641955,
            "brake": 0.0,
            "steer": 0.0
        },
        {
            "throttle": 0.27245052883112353,
            "brake": 0.0,
            "steer": 0.0
        },
        {
            "throttle": 0.2772641968844155,
            "brake": 0.0,
            "steer": 0.0
        },
        {
            "throttle": 0.2814484631875109,
            "brake": 0.0,
            "steer": 0.0
        },
        {
            "throttle": 0.2849597961603907,
            "brake": 0.0,
            "steer": 0.0
        },
        {
            "throttle": 0.28776271644346924,
            "brake": 0.0,
            "steer": 0.0
        },
        {
            "throttle": 0.2898294221441726,
            "brake": 0.0,
            "steer": 0.0
        },
        {
            "throttle": 0.291139552015354,
            "brake": 0.0,
            "steer": 0.0
        },
        {
            "throttle": 0.2916800274180844,
            "brake": 0.0,
            "steer": 0.0
        },
        {
            "throttle": 0.29144493159906176,
            "brake": 0.0,
            "steer": 0.0
        },
        {
            "throttle": 0.29043539734062357,
            "brake": 0.0,
            "steer": 0.0
        },
        {
            "throttle": 0.2886594829633674,
            "brake": 0.0,
            "steer": 0.0
        },
        {
            "throttle": 0.2861320230573413,
            "brake": 0.0,
            "steer": 0.0
        },
        {
            "throttle": 0.28287444494212516,
            "brake": 0.0,
            "steer": 0.0
        },
        {
            "throttle": 0.2789145452357473,
            "brake": 0.0,
            "steer": 0.0
        },
        {
            "throttle": 0.2742862234148433,
            "brake": 0.0,
            "steer": 0.0
        },
        {
            "throttle": 0.26902917112989383,
            "brake": 0.0,
            "steer": 0.0
        },
        {
            "throttle": 0.263188517477951,
            "brake": 0.0,
            "steer": 0.0
        },
        {
            "throttle": 0.25681443155465417,
            "brake": 0.0,
            "steer": 0.0
        },
        {
            "throttle": 0.24996168449315193,
            "brake": 0.0,
            "steer": 0.0
        },
        {
            "throttle": 0.24268917390883732,
            "brake": 0.0,
            "steer": 0.0
        },
        {
            "throttle": 0.235059414246111,
            "brake": 0.0,
            "steer": 0.0
        },
        {
            "throttle": 0.22713799699441645,
            "brake": 0.0,
            "steer": 0.0
        },
        {
            "throttle": 0.21899302512435753,
            "brake": 0.0,
            "steer": 0.0
        },
        {
            "throttle": 0.21069452640351502,
            "brake": 0.0,
            "steer": 0.0
        },
        {
            "throttle": 0.20231385049418116,
            "brake": 0.0,
            "steer": 0.0
        },
        {
            "throttle": 0.1939230549173788,
            "brake": 0.0,
            "steer": 0.0
        },
        {
            "throttle": 0.1855942850931557,
            "brake": 0.0,
            "steer": 0.0
        },
        {
            "throttle": 0.17739915373899978,
            "brake": 0.0,
            "steer": 0.0
        },
        {
            "throttle": 0.1694081249283878,
            "brake": 0.0,
            "steer": 0.0
        },
        {
            "throttle": 0.16168990808166192,
            "brake": 0.0,
            "steer": 0.0
        },
        {
            "throttle": 0.1543108670832026,
            "brake": 0.0,
            "steer": 0.0
        },
        {
            "throttle": 0.14733444959382835,
            "brake": 0.0,
            "steer": 0.0
        },
        {
            "throttle": 0.14082064145722195,
            "brake": 0.0,
            "steer": 0.0
        },
        {
            "throttle": 0.13482545088587614,
            "brake": 0.0,
            "steer": 0.0
        },
        {
            "throttle": 0.12940042685771802,
            "brake": 0.0,
            "steer": 0.0
        },
        {
            "throttle": 0.12459221586162045,
            "brake": 0.0,
            "steer": 0.0
        },
        {
            "throttle": 0.12044216080111325,
            "brake": 0.0,
            "steer": 0.0
        },
        {
            "throttle": 0.11698594550370531,
            "brake": 0.0,
            "steer": 0.0
        },
        {
            "throttle": 0.11425328789150578,
            "brake": 0.0,
            "steer": 0.0
        },
        {
            "throttle": 0.1122676844507134,
            "brake": 0.0,
            "steer": 0.0
        },
        {
            "throttle": 0.11104620819665637,
            "brake": 0.0,
            "steer": 0.0
        },
        {
            "throttle": 0.11059936187123084,
            "brake": 0.0,
            "steer": 0.0
        },
        {
            "throttle": 0.11093098763477466,
            "brake": 0.0,
            "steer": 0.0
        },
        {
            "throttle": 0.11203823402872025,
            "brake": 0.0,
            "steer": 0.0
        },
        {
            "throttle": 0.11391158049298161,
            "brake": 0.0,
            "steer": 0.0
        },
        {
            "throttle": 0.11653491922718553,
            "brake": 0.0,
            "steer": 0.0
        },
        {
            "throttle": 0.11988569369181507,
            "brake": 0.0,
            "steer": 0.0
        },
        {
            "throttle": 0.1239350925583367,
            "brake": 0.0,
            "steer": 0.0
        },
        {
            "throttle": 0.128648297440622,
            "brake": 0.0,
            "steer": 0.0
        },
        {
            "throttle": 0.133984782277548,
            "brake": 0.0,
            "steer": 0.0
        },
        {
            "throttle": 0.13989866179255,
            "brake": 0.0,
            "steer": 0.0
        },
        {
            "throttle": 0.14633908603391887,
            "brake": 0.0,
            "steer": 0.0
        },
        {
            "throttle": 0.15325067760341876,
            "brake": 0.0,
            "steer": 0.0
        },
        {
            "throttle": 0.16057400781374923,
            "brake": 0.0,
            "steer": 0.0
        },
        {
            "throttle": 0.1682461076806535,
            "brake": 0.0,
            "steer": 0.0
        },
        {
            "throttle": 0.1762010093559507,
            "brake": 0.0,
            "steer": 0.0
        },
        {
            "throttle": 0.18437031334602869,
            "brake": 0.0,
            "steer": 0.0
        },
        {
            "throttle": 0.19268377663862002,
            "brake": 0.0,
            "steer": 0.0
        },
        {
            "throttle": 0.20106991668090626,
            "brake": 0.0,
            "steer": 0.0
        },
        {
            "throttle": 0.20945662601569898,
            "brake": 0.0,
            "steer": 0.0
        },
        {
            "throttle": 0.21777179229080515,
            "brake": 0.0,
            "steer": 0.0
        },
        {
            "throttle": 0.22594391831048205,
            "brake": 0.0,
            "steer": 0.0
        },
        {
            "throttle": 0.23390273679752632,
            "brake": 0.0,
            "steer": 0.0
        },
        {
            "throttle": 0.24157981458002153,
            "brake": 0.0,
            "steer": 0.0
        },
        {
            "throttle": 0.24890914100769929,
            "brake": 0.0,
            "steer": 0.0
        },
        {
            "throttle": 0.2558276955384703,
            "brake": 0.0,
            "steer": 0.0
        },
        {
            "throttle": 0.2622759896147838,
            "brake": 0.0,
            "steer": 0.0
        },
        {
            "throttle": 0.268198578170542,
            "brake": 0.0,
            "steer": 0.0
        },
        {
            "throttle": 0.273544536370423,
            "brake": 0.0,
            "steer": 0.0
        },
        {
            "throttle": 0.2782678974824139,
            "brake": 0.0,
            "steer": 0.0
        },
        {
            "throttle": 0.2823280481185461,
            "brake": 0.0,
            "steer": 0.0
        },
        {
            "throttle": 0.285690077445393,
            "brake": 0.0,
            "steer": 0.0
        },
        {
            "throttle": 0.2883250773616734,
            "brake": 0.0,
            "steer": 0.0
        },
        {
            "throttle": 0.2902103910619136,
            "brake": 0.0,
            "steer": 0.0
        },
        {
            "throttle": 0.29132980784891427,
            "brake": 0.0,
            "steer": 0.0
        },
        {
            "throttle": 0.2916737025199456,
            "brake": 0.0,
            "steer": 0.0
        },
        {
            "throttle": 0.2912391181281718,
            "brake": 0.0,
            "steer": 0.0
        },
        {
            "throttle": 0.29002979140768725,
            "brake": 0.0,
            "steer": 0.0
        },
        {
            "throttle": 0.288056120643551,
            "brake": 0.0,
            "steer": 0.0
        },
        {
            "throttle": 0.28533507626308485,
            "brake": 0.0,
            "steer": 0.0
        },
        {
            "throttle": 0.28189005491720787,
            "brake": 0.0,
            "steer": 0.0
        },
        {
            "throttle": 0.2777506783064763,
            "brake": 0.0,
            "steer": 0.0
        },
        {
            "throttle": 0.27295253848160417,
            "brake": 0.0,
            "steer": 0.0
        },
        {
            "throttle": 0.2675368918084742,
            "brake": 0.0,
            "steer": 0.0
        },
        {
            "throttle": 0.26155030422905423,
            "brake": 0.0,
            "steer": 0.0
        },
        {
            "throttle": 0.2550442508684096,
            "brake": 0.0,
            "steer": 0.0
        },
        {
            "throttle": 0.2480746734305541,
            "brake": 0.0,
            "steer": 0.0
        },
        {
            "throttle": 0.24070149918883108,
            "brake": 0.0,
            "steer": 0.0
        },
        {
            "throttle": 0.2329881257067416,
            "brake": 0.0,
            "steer": 0.0
        },
        {
            "throttle": 0.22500087571980049,
            "brake": 0.0,
            "steer": 0.0
        },
        {
            "throttle": 0.21680842686556856,
            "brake": 0.0,
            "steer": 0.0
        },
        {
            "throttle": 0.20848122116527543,
            "brake": 0.0,
            "steer": 0.0
        },
        {
            "throttle": 0.20009085933455095,
            "brake": 0.0,
            "steer": 0.0
        },
        {
            "throttle": 0.19170948513122868,
            "brake": 0.0,
            "steer": 0.0
        },
        {
            "throttle": 0.18340916503385124,
            "brake": 0.0,
            "steer": 0.0
        },
        {
            "throttle": 0.17526126858465385,
            "brake": 0.0,
            "steer": 0.0
        },
        {
            "throttle": 0.16733585472509144,
            "brake": 0.0,
            "steer": 0.0
        },
        {
            "throttle": 0.1597010694004464,
            "brake": 0.0,
            "steer": 0.0
        },
        {
            "throttle": 0.1524225596131586,
            "brake": 0.0,
            "steer": 0.0
        },
        {
            "throttle": 0.14556290896308674,
            "brake": 0.0,
            "steer": 0.0
        },
        {
            "throttle": 0.1391810995281563,
            "brake": 0.0,
            "steer": 0.0
        },
        {
            "throttle": 0.13333200471236376,
            "brake": 0.0,
            "steer": 0.0
        },
        {
            "throttle": 0.12806591742183757,
            "brake": 0.0,
            "steer": 0.0
        },
        {
            "throttle": 0.12342811762589057,
            "brake": 0.0,
            "steer": 0.0
        },
        {
            "throttle": 0.1194584830213504,
            "brake": 0.0,
            "steer": 0.0
        },
        {
            "throttle": 0.11619114614783518,
            "brake": 0.0,
            "steer": 0.0
        },
        {
            "throttle": 0.11365420090223757,
            "brake": 0.0,
            "steer": 0.0
        },
        {
            "throttle": 0.11186946097592486,
            "brake": 0.0,
            "steer": 0.0
        },
        {
            "throttle": 0.11085227229171155,
            "brake": 0.0,
            "steer": 0.0
        },
        {
            "throttle": 0.11061138105334731,
            "brake": 0.0,
            "steer": 0.0
        },
        {
            "throttle": 0.111148858542085,
            "brake": 0.0,
            "steer": 0.0
        },
        {
            "throttle": 0.11246008330695857,
            "brake": 0.0,
            "steer": 0.0
        },
        {
            "throttle": 0.11453378090190583,
            "brake": 0.0,
            "steer": 0.0
        },
        {
            "throttle": 0.1173521208280605,
            "brake": 0.0,
            "steer": 0.0
        },
        {
            "throttle": 0.12089086984766392,
            "brake": 0.0,
            "steer": 0.0
        },
        {
            "throttle": 0.1251196003513406,
            "brake": 0.0,
            "steer": 0.0
        },
        {
            "throttle": 0.13000195198711095,
            "brake": 0.0,
            "steer": 0.0
        },
        {
            "throttle": 0.1354959443015481,
            "brake": 0.0,
            "steer": 0.0
        },
        {
            "throttle": 0.14155433770486203,
            "brake": 0.0,
            "steer": 0.0
        },
        {
            "throttle": 0.1481250396561865,
            "brake": 0.0,
            "steer": 0.0
        },
        {
            "throttle": 0.1551515525765211,
            "brake": 0.0,
            "steer": 0.0
        },
        {
            "throttle": 0.16257345963799041,
            "brake": 0.0,
            "steer": 0.0
        },
        {
            "throttle": 0.17032694425240555,
            "brake": 0.0,
            "steer": 0.0
        },
        {
            "throttle": 0.17834533879235379,
            "brake": 0.0,
            "steer": 0.0
        },
        {
            "throttle": 0.18655969782668735,
            "brake": 0.0,
            "steer": 0.0
        },
        {
            "throttle": 0.19489939094149944,
            "brake": 0.0,
            "steer": 0.0
        },
        {
            "throttle": 0.20329271004927008,
            "brake": 0.0,
            "steer": 0.0
        },
        {
            "throttle": 0.2116674859642898,
            "brake": 0.0,
            "steer": 0.0
        },
        {
            "throttle": 0.21995170894279376,
            "brake": 0.0,
            "steer": 0.0
        },
        {
            "throttle": 0.22807414785214927,
            "brake": 0.0,
            "steer": 0.0
        },
        {
            "throttle": 0.23596496264522632,
            "brake": 0.0,
            "steer": 0.0
        },
        {
            "throttle": 0.2435563048736472,
            "brake": 0.0,
            "steer": 0.0
        },
        {
            "throttle": 0.2507829010764566,
            "brake": 0.0,
            "steer": 0.0
        },
        {
            "throttle": 0.25758261402799776,
            "brake": 0.0,
            "steer": 0.0
        },
        {
            "throttle": 0.26389697701915704,
            "brake": 0.0,
            "steer": 0.0
        },
        {
            "throttle": 0.26967169657800827,
            "brake": 0.0,
            "steer": 0.0
        },
        {
            "throttle": 0.27485711930725865,
            "brake": 0.0,
            "steer": 0.0
        },
        {
            "throttle": 0.2794086588244384,
            "brake": 0.0,
            "steer": 0.0
        },
        {
            "throttle": 0.2832871791338274,
            "brake": 0.0,
            "steer": 0.0
        },
        {
            "throttle": 0.28645933113373034,
            "brake": 0.0,
            "steer": 0.0
        },
        {
            "throttle": 0.2888978393656736,
            "brake": 0.0,
            "steer": 0.0
        },
        {
            "throttle": 0.2905817365399371,
            "brake": 0.0,
            "steer": 0.0
        },
        {
            "throttle": 0.2914965438208749,
            "brake": 0.0,
            "steer": 0.0
        },
        {
            "throttle": 0.2916343953218577,
            "brake": 0.0,
            "steer": 0.0
        },
        {
            "throttle": 0.2909941057393783,
            "brake": 0.0,
            "steer": 0.0
        },
        {
            "throttle": 0.28958118054477555,
            "brake": 0.0,
            "steer": 0.0
        },
        {
            "throttle": 0.2874077686459432,
            "brake": 0.0,
            "steer": 0.0
        },
        {
            "throttle": 0.2844925579260578,
            "brake": 0.0,
            "steer": 0.0
        },
        {
            "throttle": 0.2808606145575269,
            "brake": 0.0,
            "steer": 0.0
        },
        {
            "throttle": 0.27654316747280067,
            "brake": 0.0,
            "steer": 0.0
        },
        {
            "throttle": 0.27157733984525634,
            "brake": 0.0,
            "steer": 0.0
        },
        {
            "throttle": 0.2660058298889917,
            "brake": 0.0,
            "steer": 0.0
        },
        {
            "throttle": 0.2598765437221409,
            "brake": 0.0,
            "steer": 0.0
        },
        {
            "throttle": 0.2532421834505055,
            "brake": 0.0,
            "steer": 0.0
        },
        {
            "throttle": 0.24615979401332327,
            "brake": 0.0,
            "steer": 0.0
        },
        {
            "throttle": 0.23869027268758286,
            "brake": 0.0,
            "steer": 0.0
        },
        {
            "throttle": 0.230897845468364,
            "brake": 0.0,
            "steer": 0.0
        },
        {
            "throttle": 0.2228495148275006,
            "brake": 0.0,
            "steer": 0.0
        },
        {
            "throttle": 0.2146144835989627,
            "brake": 0.0,
            "steer": 0.0
        },
        {
            "throttle": 0.20626355994462583,
            "brake": 0.0,
            "steer": 0.0
        },
        {
            "throttle": 0.1978685485167756,
            "brake": 0.0,
            "steer": 0.0
        },
        {
            "throttle": 0.18950163305238082,
            "brake": 0.0,
            "steer": 0.0
        },
        {
            "throttle": 0.18123475570784128,
            "brake": 0.0,
            "steer": 0.0
        },
        {
            "throttle": 0.17313899847094466,
            "brake": 0.0,
            "steer": 0.0
        },
        {
            "throttle": 0.16528397196890376,
            "brake": 0.0,
            "steer": 0.0
        },
        {
            "throttle": 0.15773721692775314,
            "brake": 0.0,
            "steer": 0.0
        },
        {
            "throttle": 0.15056362342960164,
            "brake": 0.0,
            "steer": 0.0
        },
        {
            "throttle": 0.14382487296120386,
            "brake": 0.0,
            "steer": 0.0
        },
        {
            "throttle": 0.1375789080513448,
            "brake": 0.0,
            "steer": 0.0
        },
        {
            "throttle": 0.1318794340573124,
            "brake": 0.0,
            "steer": 0.0
        },
        {
            "throttle": 0.12677545738430113,
            "brake": 0.0,
            "steer": 0.0
        },
        {
            "throttle": 0.12231086410832481,
            "brake": 0.0,
            "steer": 0.0
        },
        {
            "throttle": 0.11852404262581094,
            "brake": 0.0,
            "steer": 0.0
        },
        {
            "throttle": 0.11544755357448946,
            "brake": 0.0,
            "steer": 0.0
        },
        {
            "throttle": 0.1131078498637312,
            "brake": 0.0,
            "steer": 0.0
        },
        {
            "throttle": 0.11152504922162904,
            "brake": 0.0,
            "steer": 0.0
        },
        {
            "throttle": 0.11071276121455526,
            "brake": 0.0,
            "steer": 0.0
        },
        {
            "throttle": 0.11067797022655143,
            "brake": 0.0,
            "steer": 0.0
        },
        {
            "throttle": 0.11142097540474186,
            "brake": 0.0,
            "steer": 0.0
        },
        {
            "throttle": 0.11293538808714436,
            "brake": 0.0,
            "steer": 0.0
        },
        {
            "throttle": 0.11520818673499533,
            "brake": 0.0,
            "steer": 0.0
        },
        {
            "throttle": 0.11821982889725832,
            "brake": 0.0,
            "steer": 0.0
        },
        {
            "throttle": 0.12194441924459956,
            "brake": 0.0,
            "steer": 0.0
        },
        {
            "throttle": 0.12634993222800586,
            "brake": 0.0,
            "steer": 0.0
        },
        {
            "throttle": 0.13139848744753507,
            "brake": 0.0,
            "steer": 0.0
        },
        {
            "throttle": 0.13704667536346574,
            "brake": 0.0,
            "steer": 0.0
        },
        {
            "throttle": 0.1432459305492493,
            "brake": 0.0,
            "steer": 0.0
        },
        {
            "throttle": 0.1499429492768827,
            "brake": 0.0,
            "steer": 0.0
        }
    ],
    "parameters": {
        "fog_density": 77.03644968685583,
        "precipitation": 89.30018849079137,
        "precipitation_deposits": 96.71990532831012,
        "wind_intensity": 41.04757582274218,
        "sun_altitude_angle": 10.987108128436255,
        "cloudiness": 40.61034066476058,
        "lead_base_throttle": 0.20113612573277148,
        "lead_behavior_frequency": 0.14763348879770422,
        "lead_throttle_variation": 0.09351737147980202,
        "lead_brake_probability": 0.026141967158617885,
        "lead_brake_intensity": 0.686276968107818,
        "lead_brake_duration": 7.778221977480716,
        "initial_distance": 26.61993236025279,
        "initial_ego_velocity": 16.048762094247355,
        "initial_lead_velocity": 12.17950168911969
    },
    "config": {
        "num_timesteps": 200,
        "dt": 0.1,
        "seed": 91
    }
}