{
    "weather": {
        "cloudiness": 63.02552002542691,
        "precipitation": 94.2457577097556,
        "precipitation_deposits": 69.80232173814966,
        "wind_intensity": 14.732626112975506,
        "sun_altitude_angle": 1.3715724838308638,
        "fog_density": 63.09642680610813,
        "fog_distance": 122.06345739791799,
        "wetness": 47.1228788548778
    },
    "initial_conditions": {
        "ego": {
            "position": {
                "x": 544.4282136128667,
                "y": 20.57,
                "z": 0.294
            },
            "yaw": 0.0,
            "velocity": 14.930777590630818
        },
        "lead": {
            "position": {
                "x": 484.88,
                "y": 20.57,
                "z": 0.294
            },
            "yaw": 0.0,
            "velocity": 8.676659940726966
        }
    },
    "ego": {
        "position": {
            "x": 544.4282136128667,
            "y": 20.57,
            "z": 0.294
        },
        "yaw": 0.0,
        "velocity": 14.930777590630818
    },
    "lead": {
        "position": {
            "x": 484.88,
            "y": 20.57,
            "z": 0.294
        },
        "yaw": 0.0,
        "velocity": 8.676659940726966
    },
    "ado_actions": [
        {
            "throttle": 0.5223963107610541,
            "brake": 0.0,
            "steer": 0.0
        },
        {
            "throttle": 0.5234877941042668,
            "brake": 0.0,
            "steer": 0.0
        },
        {
            "throttle": 0.5253367931551648,
            "brake": 0.0,
            "steer": 0.0
        },
        {
            "throttle": 0.5277030469151378,
            "brake": 0.0,
            "steer": 0.0
        },
        {
            "throttle": 0.5304119667561278,
            "brake": 0.0,
            "steer": 0.0
        },
        {
            "throttle": 0.5333350507155833,
            "brake": 0.0,
            "steer": 0.0
        },
        {
            "throttle": 0.536376211091093,
            "brake": 0.0,
            "steer": 0.0
        },
        {
            "throttle": 0.5394622404269243,
            "brake": 0.0,
            "steer": 0.0
        },
        {
            "throttle": 0.5425361732378875,
            "brake": 0.0,
            "steer": 0.0
        },
        {
            "throttle": 0.545552673399975,
            "brake": 0.0,
            "steer": 0.0
        },
        {
            "throttle": 0.5484748379541082,
            "brake": 0.0,
            "steer": 0.0
        },
        {
            "throttle": 0.5512719906504291,
            "brake": 0.0,
            "steer": 0.0
        },
        {
            "throttle": 0.5539181663777967,
            "brake": 0.0,
            "steer": 0.0
        },
        {
            "throttle": 0.5563910771067542,
            "brake": 0.0,
            "steer": 0.0
        },
        {
            "throttle": 0.558671412625346,
            "brake": 0.0,
            "steer": 0.0
        },
        {
            "throttle": 0.5607423732164876,
            "brake": 0.0,
            "steer": 0.0
        },
        {
            "throttle": 0.5625893621485383,
            "brake": 0.0,
            "steer": 0.0
        },
        {
            "throttle": 0.5641997873720075,
            "brake": 0.0,
            "steer": 0.0
        },
        {
            "throttle": 0.5655629368961328,
            "brake": 0.0,
            "steer": 0.0
        },
        {
            "throttle": 0.5666699028921545,
            "brake": 0.0,
            "steer": 0.0
        },
        {
            "throttle": 0.5675135369883,
            "brake": 0.0,
            "steer": 0.0
        },
        {
            "throttle": 0.568088424431654,
            "brake": 0.0,
            "steer": 0.0
        },
        {
            "throttle": 0.5683908684569335,
            "brake": 0.0,
            "steer": 0.0
        },
        {
            "throttle": 0.5684188787855133,
            "brake": 0.0,
            "steer": 0.0
        },
        {
            "throttle": 0.5681721600043783,
            "brake": 0.0,
            "steer": 0.0
        },
        {
            "throttle": 0.5676520968711178,
            "brake": 0.0,
            "steer": 0.0
        },
        {
            "throttle": 0.566861734516443,
            "brake": 0.0,
            "steer": 0.0
        },
        {
            "throttle": 0.5658057521811029,
            "brake": 0.0,
            "steer": 0.0
        },
        {
            "throttle": 0.5644904296071411,
            "brake": 0.0,
            "steer": 0.0
        },
        {
            "throttle": 0.5629236055584357,
            "brake": 0.0,
            "steer": 0.0
        },
        {
            "throttle": 0.5611146282102664,
            "brake": 0.0,
            "steer": 0.0
        },
        {
            "throttle": 0.5590742973486891,
            "brake": 0.0,
            "steer": 0.0
        },
        {
            "throttle": 0.5568147984761428,
            "brake": 0.0,
            "steer": 0.0
        },
        {
            "throttle": 0.5543496290427818,
            "brake": 0.0,
            "steer": 0.0
        },
        {
            "throttle": 0.5516935171223674,
            "brake": 0.0,
            "steer": 0.0
        },
        {
            "throttle": 0.5488623329333039,
            "brake": 0.0,
            "steer": 0.0
        },
        {
            "throttle": 0.5458729936737842,
            "brake": 0.0,
            "steer": 0.0
        },
        {
            "throttle": 0.542743362197894,
            "brake": 0.0,
            "steer": 0.0
        },
        {
            "throttle": 0.5394921401088902,
            "brake": 0.0,
            "steer": 0.0
        },
        {
            "throttle": 0.5361387558880134,
            "brake": 0.0,
            "steer": 0.0
        },
        {
            "throttle": 0.5327032487130168,
            "brake": 0.0,
            "steer": 0.0
        },
        {
            "throttle": 0.5292061486506578,
            "brake": 0.0,
            "steer": 0.0
        },
        {
            "throttle": 0.5256683539320792,
            "brake": 0.0,
            "steer": 0.0
        },
        {
            "throttle": 0.5221110060395521,
            "brake": 0.0,
            "steer": 0.0
        },
        {
            "throttle": 0.5185553633476074,
            "brake": 0.0,
            "steer": 0.0
        },
        {
            "throttle": 0.5150226740712562,
            "brake": 0.0,
            "steer": 0.0
        },
        {
            "throttle": 0.5115340492788623,
            "brake": 0.0,
            "steer": 0.0
        },
        {
            "throttle": 0.5081103367273521,
            "brake": 0.0,
            "steer": 0.0
        },
        {
            "throttle": 0.5047719962728883,
            "brake": 0.0,
            "steer": 0.0
        },
        {
            "throttle": 0.5015389776009631,
            "brake": 0.0,
            "steer": 0.0
        },
        {
            "throttle": 0.4984306010061845,
            "brake": 0.0,
            "steer": 0.0
        },
        {
            "throttle": 0.4954654419339231,
            "brake": 0.0,
            "steer": 0.0
        },
        {
            "throttle": 0.49266121997359225,
            "brake": 0.0,
            "steer": 0.0
        },
        {
            "throttle": 0.4900346929667921,
            "brake": 0.0,
            "steer": 0.0
        },
        {
            "throttle": 0.48760155686302176,
            "brake": 0.0,
            "steer": 0.0
        },
        {
            "throttle": 0.48537635192134815,
            "brake": 0.0,
            "steer": 0.0
        },
        {
            "throttle": 0.48337237581851583,
            "brake": 0.0,
            "steer": 0.0
        },
        {
            "throttle": 0.4816016041827247,
            "brake": 0.0,
            "steer": 0.0
        },
        {
            "throttle": 0.48007461902793763,
            "brake": 0.0,
            "steer": 0.0
        },
        {
            "throttle": 0.4788005455163731,
            "brake": 0.0,
            "steer": 0.0
        },
        {
            "throttle": 0.47778699742707414,
            "brake": 0.0,
            "steer": 0.0
        },
        {
            "throttle": 0.47704003165642295,
            "brake": 0.0,
            "steer": 0.0
        },
        {
            "throttle": 0.4765641120224964,
            "brake": 0.0,
            "steer": 0.0
        },
        {
            "throttle": 0.4763620825895617,
            "brake": 0.0,
            "steer": 0.0
        },
        {
            "throttle": 0.47643515067212117,
            "brake": 0.0,
            "steer": 0.0
        },
        {
            "throttle": 0.47678287962006916,
            "brake": 0.0,
            "steer": 0.0
        },
        {
            "throttle": 0.47740319142807763,
            "brake": 0.0,
            "steer": 0.0
        },
        {
            "throttle": 0.4782923791536135,
            "brake": 0.0,
            "steer": 0.0
        },
        {
            "throttle": 0.47944512906937975,
            "brake": 0.0,
            "steer": 0.0
        },
        {
            "throttle": 0.480854552417797,
            "brake": 0.0,
            "steer": 0.0
        },
        {
            "throttle": 0.4825122265777635,
            "brake": 0.0,
            "steer": 0.0
        },
        {
            "throttle": 0.48440824539768257,
            "brake": 0.0,
            "steer": 0.0
        },
        {
            "throttle": 0.48653127839397137,
            "brake": 0.0,
            "steer": 0.0
        },
        {
            "throttle": 0.48886863846128387,
            "brake": 0.0,
            "steer": 0.0
        },
        {
            "throttle": 0.4914063576898161,
            "brake": 0.0,
            "steer": 0.0
        },
        {
            "throttle": 0.49412927083661484,
            "brake": 0.0,
            "steer": 0.0
        },
        {
            "throttle": 0.4970211059520705,
            "brake": 0.0,
            "steer": 0.0
        },
        {
            "throttle": 0.500064581620016,
            "brake": 0.0,
            "steer": 0.0
        },
        {
            "throttle": 0.5032415102303309,
            "brake": 0.0,
            "steer": 0.0
        },
        {
            "throttle": 0.5065329066669024,
            "brake": 0.0,
            "steer": 0.0
        },
        {
            "throttle": 0.5099191017614275,
            "brake": 0.0,
            "steer": 0.0
        },
        {
            "throttle": 0.5133798598350681,
            "brake": 0.0,
            "steer": 0.0
        },
        {
            "throttle": 0.516894499625534,
            "brake": 0.0,
            "steer": 0.0
        },
        {
            "throttle": 0.5204420178769449,
            "brake": 0.0,
            "steer": 0.0
        },
        {
            "throttle": 0.524001214853903,
            "brake": 0.0,
            "steer": 0.0
        },
        {
            "throttle": 0.5275508210297167,
            "brake": 0.0,
            "steer": 0.0
        },
        {
            "throttle": 0.5310696241916896,
            "brake": 0.0,
            "steer": 0.0
        },
        {
            "throttle": 0.5345365962039074,
            "brake": 0.0,
            "steer": 0.0
        },
        {
            "throttle": 0.5379310186699925,
            "brake": 0.0,
            "steer": 0.0
        },
        {
            "throttle": 0.5412326067448764,
            "brake": 0.0,
            "steer": 0.0
        },
        {
            "throttle": 0.5444216303556974,
            "brake": 0.0,
            "steer": 0.0
        },
        {
            "throttle": 0.5474790321074162,
            "brake": 0.0,
            "steer": 0.0
        },
        {
            "throttle": 0.5503865411685541,
            "brake": 0.0,
            "steer": 0.0
        },
        {
            "throttle": 0.5531267824564776,
            "brake": 0.0,
            "steer": 0.0
        },
        {
            "throttle": 0.5556833804697483,
            "brake": 0.0,
            "steer": 0.0
        },
        {
            "throttle": 0.5580410571470407,
            "brake": 0.0,
            "steer": 0.0
        },
        {
            "throttle": 0.56018572316783,
            "brake": 0.0,
            "steer": 0.0
        },
        {
            "throttle": 0.5621045621492439,
            "brake": 0.0,
            "steer": 0.0
        },
        {
            "throttle": 0.5637861072359223,
            "brake": 0.0,
            "steer": 0.0
        },
        {
            "throttle": 0.5652203096251898,
            "brake": 0.0,
            "steer": 0.0
        },
        {
            "throttle": 0.566398598618038,
            "brake": 0.0,
            "steer": 0.0
        },
        {
            "throttle": 0.5673139328370591,
            "brake": 0.0,
            "steer": 0.0
        },
        {
            "throttle": 0.5679608423052528,
            "brake": 0.0,
            "steer": 0.0
        },
        {
            "throttle": 0.5683354611342486,
            "brake": 0.0,
            "steer": 0.0
        },
        {
            "throttle": 0.5684355506266004,
            "brake": 0.0,
            "steer": 0.0
        },
        {
            "throttle": 0.5682605126540949,
            "brake": 0.0,
            "steer": 0.0
        },
        {
            "throttle": 0.5678113932321259,
            "brake": 0.0,
            "steer": 0.0
        },
        {
            "throttle": 0.567090876268776,
            "brake": 0.0,
            "steer": 0.0
        },
        {
            "throttle": 0.5661032675259581,
            "brake": 0.0,
            "steer": 0.0
        },
        {
            "throttle": 0.5648544688884659,
            "brake": 0.0,
            "steer": 0.0
        },
        {
            "throttle": 0.5633519430946996,
            "brake": 0.0,
            "steer": 0.0
        },
        {
            "throttle": 0.5616046691398321,
            "brake": 0.0,
            "steer": 0.0
        },
        {
            "throttle": 0.5596230886179256,
            "brake": 0.0,
            "steer": 0.0
        },
        {
            "throttle": 0.5574190433236537,
            "brake": 0.0,
            "steer": 0.0
        },
        {
            "throttle": 0.5550057044865155,
            "brake": 0.0,
            "steer": 0.0
        },
        {
            "throttle": 0.5523974940604366,
            "brake": 0.0,
            "steer": 0.0
        },
        {
            "throttle": 0.5496099985391217,
            "brake": 0.0,
            "steer": 0.0
        },
        {
            "throttle": 0.5466598758121956,
            "brake": 0.0,
            "steer": 0.0
        },
        {
            "throttle": 0.5435647556187513,
            "brake": 0.0,
            "steer": 0.0
        },
        {
            "throttle": 0.5403431341931911,
            "brake": 0.0,
            "steer": 0.0
        },
        {
            "throttle": 0.5370142637329478,
            "brake": 0.0,
            "steer": 0.0
        },
        {
            "throttle": 0.5335980373486208,
            "brake": 0.0,
            "steer": 0.0
        },
        {
            "throttle": 0.5301148701840579,
            "brake": 0.0,
            "steer": 0.0
        },
        {
            "throttle": 0.5265855774168003,
            "brake": 0.0,
            "steer": 0.0
        },
        {
            "throttle": 0.5230312498679528,
            "brake": 0.0,
            "steer": 0.0
        },
        {
            "throttle": 0.5194731279648255,
            "brake": 0.0,
            "steer": 0.0
        },
        {
            "throttle": 0.51593247480954,
            "brake": 0.0,
            "steer": 0.0
        },
        {
            "throttle": 0.5124304491121315,
            "brake": 0.0,
            "steer": 0.0
        },
        {
            "throttle": 0.5089879787474912,
            "brake": 0.0,
            "steer": 0.0
        },
        {
            "throttle": 0.5056256356917647,
            "brake": 0.0,
            "steer": 0.0
        },
        {
            "throttle": 0.5023635130855771,
            "brake": 0.0,
            "steer": 0.0
        },
        {
            "throttle": 0.499221105158749,
            "brake": 0.0,
            "steer": 0.0
        },
        {
            "throttle": 0.49621719073406245,
            "brake": 0.0,
            "steer": 0.0
        },
        {
            "throttle": 0.4933697210062531,
            "brake": 0.0,
            "steer": 0.0
        },
        {
            "throttle": 0.49069571226685316,
            "brake": 0.0,
            "steer": 0.0
        },
        {
            "throttle": 0.4882111442159538,
            "brake": 0.0,
            "steer": 0.0
        },
        {
            "throttle": 0.48593086446857015,
            "brake": 0.0,
            "steer": 0.0
        },
        {
            "throttle": 0.48386849982627167,
            "brake": 0.0,
            "steer": 0.0
        },
        {
            "throttle": 0.48203637484431405,
            "brake": 0.0,
            "steer": 0.0
        },
        {
            "throttle": 0.48044543818090846,
            "brake": 0.0,
            "steer": 0.0
        },
        {
            "throttle": 0.47910519716876115,
            "brake": 0.0,
            "steer": 0.0
        },
        {
            "throttle": 0.4780236609998799,
            "brake": 0.0,
            "steer": 0.0
        },
        {
            "throttle": 0.47720729286316965,
            "brake": 0.0,
            "steer": 0.0
        },
        {
            "throttle": 0.4766609713208418,
            "brake": 0.0,
            "steer": 0.0
        },
        {
            "throttle": 0.47638796115444737,
            "brake": 0.0,
            "steer": 0.0
        },
        {
            "throttle": 0.4763898938547576,
            "brake": 0.0,
            "steer": 0.0
        },
        {
            "throttle": 0.47666675787208285,
            "brake": 0.0,
            "steer": 0.0
        },
        {
            "throttle": 0.47721689868529243,
            "brake": 0.0,
            "steer": 0.0
        },
        {
            "throttle": 0.47803702868912407,
            "brake": 0.0,
            "steer": 0.0
        },
        {
            "throttle": 0.4791222468406964,
            "brake": 0.0,
            "steer": 0.0
        },
        {
            "throttle": 0.4804660679478183,
            "brake": 0.0,
            "steer": 0.0
        },
        {
            "throttle": 0.48206046142407033,
            "brake": 0.0,
            "steer": 0.0
        },
        {
            "throttle": 0.4838958992790603,
            "brake": 0.0,
            "steer": 0.0
        },
        {
            "throttle": 0.48596141305706597,
            "brake": 0.0,
            "steer": 0.0
        },
        {
            "throttle": 0.48824465938380435,
            "brake": 0.0,
            "steer": 0.0
        },
        {
            "throttle": 0.4907319937296229,
            "brake": 0.0,
            "steer": 0.0
        },
        {
            "throttle": 0.49340855194831035,
            "brake": 0.0,
            "steer": 0.0
        },
        {
            "throttle": 0.49625833910425526,
            "brake": 0.0,
            "steer": 0.0
        },
        {
            "throttle": 0.4992643250571276,
            "brake": 0.0,
            "steer": 0.0
        },
        {
            "throttle": 0.5024085462328756,
            "brake": 0.0,
            "steer": 0.0
        },
        {
            "throttle": 0.505672212972861,
            "brake": 0.0,
            "steer": 0.0
        },
        {
            "throttle": 0.5090358218196217,
            "brake": 0.0,
            "steer": 0.0
        },
        {
            "throttle": 0.5124792720682485,
            "brake": 0.0,
            "steer": 0.0
        },
        {
            "throttle": 0.5159819858868737,
            "brake": 0.0,
            "steer": 0.0
        },
        {
            "throttle": 0.519523031288439,
            "brake": 0.0,
            "steer": 0.0
        },
        {
            "throttle": 0.5230812472188713,
            "brake": 0.0,
            "steer": 0.0
        },
        {
            "throttle": 0.5266353700141481,
            "brake": 0.0,
            "steer": 0.0
        },
        {
            "throttle": 0.5301641604705528,
            "brake": 0.0,
            "steer": 0.0
        },
        {
            "throttle": 0.5336465307687576,
            "brake": 0.0,
            "steer": 0.0
        },
        {
            "throttle": 0.5370616704932419,
            "brake": 0.0,
            "steer": 0.0
        },
        {
            "throttle": 0.5403891709939659,
            "brake": 0.0,
            "steer": 0.0
        },
        {
            "throttle": 0.5436091473471176,
            "brake": 0.0,
            "steer": 0.0
        },
        {
            "throttle": 0.5467023571861087,
            "brake": 0.0,
            "steer": 0.0
        },
        {
            "throttle": 0.5496503156926894,
            "brake": 0.0,
            "steer": 0.0
        },
        {
            "throttle": 0.5524354060610048,
            "brake": 0.0,
            "steer": 0.0
        },
        {
            "throttle": 0.5550409847744662,
            "brake": 0.0,
            "steer": 0.0
        },
        {
            "throttle": 0.5574514810663098,
            "brake": 0.0,
            "steer": 0.0
        },
        {
            "throttle": 0.5596524899694738,
            "brake": 0.0,
            "steer": 0.0
        },
        {
            "throttle": 0.561630858399732,
            "brake": 0.0,
            "steer": 0.0
        },
        {
            "throttle": 0.5633747637576593,
            "brake": 0.0,
            "steer": 0.0
        },
        {
            "throttle": 0.5648737845797066,
            "brake": 0.0,
            "steer": 0.0
        },
        {
            "throttle": 0.5661189628161812,
            "brake": 0.0,
            "steer": 0.0
        },
        {
            "throttle": 0.5671028573639612,
            "brake": 0.0,
            "steer": 0.0
        },
        {
            "throttle": 0.5678195885340374,
            "brake": 0.0,
            "steer": 0.0
        },
        {
            "throttle": 0.5682648731881482,
            "brake": 0.0,
            "steer": 0.0
        },
        {
            "throttle": 0.5684360503345314,
            "brake": 0.0,
            "steer": 0.0
        },
        {
            "throttle": 0.5683320970298353,
            "brake": 0.0,
            "steer": 0.0
        },
        {
            "throttle": 0.5679536344921617,
            "brake": 0.0,
            "steer": 0.0
        },
        {
            "throttle": 0.5673029243887066,
            "brake": 0.0,
            "steer": 0.0
        },
        {
            "throttle": 0.5663838553201861,
            "brake": 0.0,
            "steer": 0.0
        },
        {
            "throttle": 0.5652019195828154,
            "brake": 0.0,
            "steer": 0.0
        },
        {
            "throttle": 0.5637641803467074,
            "brake": 0.0,
            "steer": 0.0
        },
        {
            "throttle": 0.562079229446834,
            "brake": 0.0,
            "steer": 0.0
        },
        {
            "throttle": 0.5601571360387861,
            "brake": 0.0,
            "steer": 0.0
        },
        {
            "throttle": 0.558009386426163,
            "brake": 0.0,
            "steer": 0.0
        },
        {
            "throttle": 0.5556488154191787,
            "brake": 0.0,
            "steer": 0.0
        },
        {
            "throttle": 0.5530895296346813,
            "brake": 0.0,
            "steer": 0.0
        },
        {
            "throttle": 0.5503468231959403,
            "brake": 0.0,
            "steer": 0.0
        },
        {
            "throttle": 0.5474370863359732,
            "brake": 0.0,
            "steer": 0.0
        },
        {
            "throttle": 0.5443777074505922,
            "brake": 0.0,
            "steer": 0.0
        }
    ],
    "parameters": {
        "fog_density": 63.09642680610813,
        "precipitation": 94.2457577097556,
        "precipitation_deposits": 69.80232173814966,
        "wind_intensity": 14.732626112975506,
        "sun_altitude_angle": 1.3715724838308638,
        "cloudiness": 63.02552002542691,
        "lead_base_throttle": 0.5223963107610541,
        "lead_behavior_frequency": 0.12306405750897755,
        "lead_throttle_variation": 0.04709964283404098,
        "lead_brake_probability": 0.004771700841018,
        "lead_brake_intensity": 0.7594892998775,
        "lead_brake_duration": 5.092241396502743,
        "initial_distance": 59.54821361286664,
        "initial_ego_velocity": 14.930777590630818,
        "initial_lead_velocity": 8.676659940726966
    },
    "config": {
        "num_timesteps": 200,
        "dt": 0.1,
        "seed": 190
    }
}