{
    "weather": {
        "cloudiness": 67.16971189711036,
        "precipitation": 92.66521949537162,
        "precipitation_deposits": 42.514884092694075,
        "wind_intensity": 33.24225415724199,
        "sun_altitude_angle": -6.357037335439898,
        "fog_density": 79.41782007186723,
        "fog_distance": 70.84501543738973,
        "wetness": 46.33260974768581
    },
    "initial_conditions": {
        "ego": {
            "position": {
                "x": 508.7787491965896,
                "y": 20.57,
                "z": 0.294
            },
            "yaw": 0.0,
            "velocity": 17.421943589965807
        },
        "lead": {
            "position": {
                "x": 484.88,
                "y": 20.57,
                "z": 0.294
            },
            "yaw": 0.0,
            "velocity": 6.039156282788478
        }
    },
    "ego": {
        "position": {
            "x": 508.7787491965896,
            "y": 20.57,
            "z": 0.294
        },
        "yaw": 0.0,
        "velocity": 17.421943589965807
    },
    "lead": {
        "position": {
            "x": 484.88,
            "y": 20.57,
            "z": 0.294
        },
        "yaw": 0.0,
        "velocity": 6.039156282788478
    },
    "ado_actions": [
        {
            "throttle": 0.31345393927221177,
            "brake": 0.0,
            "steer": 0.0
        },
        {
            "throttle": 0.3145069980079935,
            "brake": 0.0,
            "steer": 0.0
        },
        {
            "throttle": 0.31628466987856574,
            "brake": 0.0,
            "steer": 0.0
        },
        {
            "throttle": 0.3185446640252716,
            "brake": 0.0,
            "steer": 0.0
        },
        {
            "throttle": 0.32110529422055606,
            "brake": 0.0,
            "steer": 0.0
        },
        {
            "throttle": 0.32382773753413296,
            "brake": 0.0,
            "steer": 0.0
        },
        {
            "throttle": 0.32660375390809965,
            "brake": 0.0,
            "steer": 0.0
        },
        {
            "throttle": 0.3293472214852784,
            "brake": 0.0,
            "steer": 0.0
        },
        {
            "throttle": 0.3319883345158604,
            "brake": 0.0,
            "steer": 0.0
        },
        {
            "throttle": 0.33446965515450144,
            "brake": 0.0,
            "steer": 0.0
        },
        {
            "throttle": 0.3367434517189177,
            "brake": 0.0,
            "steer": 0.0
        },
        {
            "throttle": 0.33876992499624053,
            "brake": 0.0,
            "steer": 0.0
        },
        {
            "throttle": 0.3405160426424495,
            "brake": 0.0,
            "steer": 0.0
        },
        {
            "throttle": 0.34195478480263203,
            "brake": 0.0,
            "steer": 0.0
        },
        {
            "throttle": 0.3430646624093613,
            "brake": 0.0,
            "steer": 0.0
        },
        {
            "throttle": 0.34382941062771155,
            "brake": 0.0,
            "steer": 0.0
        },
        {
            "throttle": 0.3442377888104037,
            "brake": 0.0,
            "steer": 0.0
        },
        {
            "throttle": 0.34428343874450523,
            "brake": 0.0,
            "steer": 0.0
        },
        {
            "throttle": 0.3439647674571649,
            "brake": 0.0,
            "steer": 0.0
        },
        {
            "throttle": 0.3432848311813678,
            "brake": 0.0,
            "steer": 0.0
        },
        {
            "throttle": 0.3422512045068696,
            "brake": 0.0,
            "steer": 0.0
        },
        {
            "throttle": 0.3408758241242981,
            "brake": 0.0,
            "steer": 0.0
        },
        {
            "throttle": 0.3391748005172777,
            "brake": 0.0,
            "steer": 0.0
        },
        {
            "throttle": 0.3371681938899688,
            "brake": 0.0,
            "steer": 0.0
        },
        {
            "throttle": 0.3348797528287585,
            "brake": 0.0,
            "steer": 0.0
        },
        {
            "throttle": 0.33233661589027763,
            "brake": 0.0,
            "steer": 0.0
        },
        {
            "throttle": 0.3295689776240487,
            "brake": 0.0,
            "steer": 0.0
        },
        {
            "throttle": 0.3266097215737288,
            "brake": 0.0,
            "steer": 0.0
        },
        {
            "throttle": 0.323494023622545,
            "brake": 0.0,
            "steer": 0.0
        },
        {
            "throttle": 0.32025892970147557,
            "brake": 0.0,
            "steer": 0.0
        },
        {
            "throttle": 0.31694291239383593,
            "brake": 0.0,
            "steer": 0.0
        },
        {
            "throttle": 0.3135854113680636,
            "brake": 0.0,
            "steer": 0.0
        },
        {
            "throttle": 0.31022636286584226,
            "brake": 0.0,
            "steer": 0.0
        },
        {
            "throttle": 0.3069057236749739,
            "brake": 0.0,
            "steer": 0.0
        },
        {
            "throttle": 0.30366299513246975,
            "brake": 0.0,
            "steer": 0.0
        },
        {
            "throttle": 0.30053675273828295,
            "brake": 0.0,
            "steer": 0.0
        },
        {
            "throttle": 0.29756418691807485,
            "brake": 0.0,
            "steer": 0.0
        },
        {
            "throttle": 0.29478066035807415,
            "brake": 0.0,
            "steer": 0.0
        },
        {
            "throttle": 0.29221928715004564,
            "brake": 0.0,
            "steer": 0.0
        },
        {
            "throttle": 0.2899105387333932,
            "brake": 0.0,
            "steer": 0.0
        },
        {
            "throttle": 0.2878818813085591,
            "brake": 0.0,
            "steer": 0.0
        },
        {
            "throttle": 0.2861574490256297,
            "brake": 0.0,
            "steer": 0.0
        },
        {
            "throttle": 0.2847577568293556,
            "brake": 0.0,
            "steer": 0.0
        },
        {
            "throttle": 0.2836994563720493,
            "brake": 0.0,
            "steer": 0.0
        },
        {
            "throttle": 0.2829951378948787,
            "brake": 0.0,
            "steer": 0.0
        },
        {
            "throttle": 0.2826531804321991,
            "brake": 0.0,
            "steer": 0.0
        },
        {
            "throttle": 0.28267765211937645,
            "brake": 0.0,
            "steer": 0.0
        },
        {
            "throttle": 0.2830682617889738,
            "brake": 0.0,
            "steer": 0.0
        },
        {
            "throttle": 0.28382036243035286,
            "brake": 0.0,
            "steer": 0.0
        },
        {
            "throttle": 0.2849250064709712,
            "brake": 0.0,
            "steer": 0.0
        },
        {
            "throttle": 0.2863690522213183,
            "brake": 0.0,
            "steer": 0.0
        },
        {
            "throttle": 0.28813532021686605,
            "brake": 0.0,
            "steer": 0.0
        },
        {
            "throttle": 0.2902027975968807,
            "brake": 0.0,
            "steer": 0.0
        },
        {
            "throttle": 0.29254688808851825,
            "brake": 0.0,
            "steer": 0.0
        },
        {
            "throttle": 0.2951397046221091,
            "brake": 0.0,
            "steer": 0.0
        },
        {
            "throttle": 0.2979504010963956,
            "brake": 0.0,
            "steer": 0.0
        },
        {
            "throttle": 0.300945539346746,
            "brake": 0.0,
            "steer": 0.0
        },
        {
            "throttle": 0.30408948695058313,
            "brake": 0.0,
            "steer": 0.0
        },
        {
            "throttle": 0.30734484113741145,
            "brake": 0.0,
            "steer": 0.0
        },
        {
            "throttle": 0.3106728737602738,
            "brake": 0.0,
            "steer": 0.0
        },
        {
            "throttle": 0.21747101163219165,
            "brake": 0.031205828940775927,
            "steer": 0.0
        },
        {
            "throttle": 0.15222970814253414,
            "brake": 0.053049909199319074,
            "steer": 0.0
        },
        {
            "throttle": 0.10656079569977389,
            "brake": 0.06834076538029928,
            "steer": 0.0
        },
        {
            "throttle": 0.07459255698984171,
            "brake": 0.07904436470698542,
            "steer": 0.0
        },
        {
            "throttle": 0.0522147898928892,
            "brake": 0.08653688423566572,
            "steer": 0.0
        },
        {
            "throttle": 0.036550352925022435,
            "brake": 0.09178164790574192,
            "steer": 0.0
        },
        {
            "throttle": 0.0255852470475157,
            "brake": 0.09545298247479528,
            "steer": 0.0
        },
        {
            "throttle": 0.01790967293326099,
            "brake": 0.09802291667313262,
            "steer": 0.0
        },
        {
            "throttle": 0.012536771053282693,
            "brake": 0.09982187061196876,
            "steer": 0.0
        },
        {
            "throttle": 0.008775739737297884,
            "brake": 0.10108113836915406,
            "steer": 0.0
        },
        {
            "throttle": 0.006143017816108518,
            "brake": 0.10196262579918375,
            "steer": 0.0
        },
        {
            "throttle": 0.004300112471275963,
            "brake": 0.10257966700020454,
            "steer": 0.0
        },
        {
            "throttle": 0.003010078729893174,
            "brake": 0.1030115958409191,
            "steer": 0.0
        },
        {
            "throttle": 0.0021070551109252217,
            "brake": 0.10331394602941929,
            "steer": 0.0
        },
        {
            "throttle": 0.001474938577647655,
            "brake": 0.10352559116136942,
            "steer": 0.0
        },
        {
            "throttle": 0.0010324570043533585,
            "brake": 0.1036737427537345,
            "steer": 0.0
        },
        {
            "throttle": 0.0007227199030473509,
            "brake": 0.10377744886839008,
            "steer": 0.0
        },
        {
            "throttle": 0.0005059039321331456,
            "brake": 0.10385004314864899,
            "steer": 0.0
        },
        {
            "throttle": 0.00035413275249320187,
            "brake": 0.10390085914483022,
            "steer": 0.0
        },
        {
            "throttle": 0.0002478929267452413,
            "brake": 0.10393643034215708,
            "steer": 0.0
        },
        {
            "throttle": 0.0001735250487216689,
            "brake": 0.10396133018028589,
            "steer": 0.0
        },
        {
            "throttle": 0.00012146753410516822,
            "brake": 0.10397876006697604,
            "steer": 0.0
        },
        {
            "throttle": 8.502727387361775e-05,
            "brake": 0.10399096098765914,
            "steer": 0.0
        },
        {
            "throttle": 5.951909171153242e-05,
            "brake": 0.10399950163213731,
            "steer": 0.0
        },
        {
            "throttle": 4.166336419807269e-05,
            "brake": 0.10400548008327204,
            "steer": 0.0
        },
        {
            "throttle": 2.9164354938650883e-05,
            "brake": 0.10400966499906636,
            "steer": 0.0
        },
        {
            "throttle": 0.09444238088944673,
            "brake": 0.07280676549934645,
            "steer": 0.0
        },
        {
            "throttle": 0.15947711745955703,
            "brake": 0.05096473584954251,
            "steer": 0.0
        },
        {
            "throttle": 0.20395487378183164,
            "brake": 0.035675315094679756,
            "steer": 0.0
        },
        {
            "throttle": 0.23406315031565894,
            "brake": 0.02497272056627583,
            "steer": 0.0
        },
        {
            "throttle": 0.2541454052706722,
            "brake": 0.01748090439639308,
            "steer": 0.0
        },
        {
            "throttle": 0.26725387927770644,
            "brake": 0.012236633077475155,
            "steer": 0.0
        },
        {
            "throttle": 0.2755364320402207,
            "brake": 0.008565643154232607,
            "steer": 0.0
        },
        {
            "throttle": 0.2805071936609335,
            "brake": 0.005995950207962825,
            "steer": 0.0
        },
        {
            "throttle": 0.2832358941280794,
            "brake": 0.0041971651455739774,
            "steer": 0.0
        },
        {
            "throttle": 0.2844802769046258,
            "brake": 0.002938015601901784,
            "steer": 0.0
        },
        {
            "throttle": 0.28477868217331614,
            "brake": 0.0020566109213312487,
            "steer": 0.0
        },
        {
            "throttle": 0.2845147608887832,
            "brake": 0.001439627644931874,
            "steer": 0.0
        },
        {
            "throttle": 0.2839626935635079,
            "brake": 0.0010077393514523116,
            "steer": 0.0
        },
        {
            "throttle": 0.2833187765006048,
            "brake": 0.000705417546016618,
            "steer": 0.0
        },
        {
            "throttle": 0.28272348016862053,
            "brake": 0.0004937922822116326,
            "steer": 0.0
        },
        {
            "throttle": 0.28227685362346644,
            "brake": 0.0003456545975481428,
            "steer": 0.0
        },
        {
            "throttle": 0.2820492871445915,
            "brake": 0.00024195821828369994,
            "steer": 0.0
        },
        {
            "throttle": 0.28208904184576944,
            "brake": 0.00016937075279858994,
            "steer": 0.0
        },
        {
            "throttle": 0.2824275324431382,
            "brake": 0.00011855952695901295,
            "steer": 0.0
        },
        {
            "throttle": 0.2830830533650949,
            "brake": 8.299166887130907e-05,
            "steer": 0.0
        },
        {
            "throttle": 0.2840634309981122,
            "brake": 5.809416820991634e-05,
            "steer": 0.0
        },
        {
            "throttle": 0.2853679395012318,
            "brake": 4.0665917746941435e-05,
            "steer": 0.0
        },
        {
            "throttle": 0.2869887156873758,
            "brake": 2.8466142422859003e-05,
            "steer": 0.0
        },
        {
            "throttle": 0.2889118369420567,
            "brake": 1.99262996960013e-05,
            "steer": 0.0
        },
        {
            "throttle": 0.2911181759179096,
            "brake": 1.394840978720091e-05,
            "steer": 0.0
        },
        {
            "throttle": 0.2935841104304624,
            "brake": 9.763886851040636e-06,
            "steer": 0.0
        },
        {
            "throttle": 0.29628214212514564,
            "brake": 6.834720795728445e-06,
            "steer": 0.0
        },
        {
            "throttle": 0.29918145996623235,
            "brake": 4.7843045570099115e-06,
            "steer": 0.0
        },
        {
            "throttle": 0.302248472231591,
            "brake": 3.349013189906938e-06,
            "steer": 0.0
        },
        {
            "throttle": 0.30544732195554336,
            "brake": 2.3443092329348565e-06,
            "steer": 0.0
        },
        {
            "throttle": 0.30874039457764096,
            "brake": 1.6410164630543994e-06,
            "steer": 0.0
        },
        {
            "throttle": 0.3120888221809257,
            "brake": 1.1487115241380795e-06,
            "steer": 0.0
        },
        {
            "throttle": 0.31545298561693236,
            "brake": 8.040980668966556e-07,
            "steer": 0.0
        },
        {
            "throttle": 0.3187930136510152,
            "brake": 5.628686468276589e-07,
            "steer": 0.0
        },
        {
            "throttle": 0.3220692767648577,
            "brake": 3.940080527793612e-07,
            "steer": 0.0
        },
        {
            "throttle": 0.32524287224406484,
            "brake": 2.758056369455528e-07,
            "steer": 0.0
        },
        {
            "throttle": 0.328276096531655,
            "brake": 1.9306394586188697e-07,
            "steer": 0.0
        },
        {
            "throttle": 0.3311329004542257,
            "brake": 1.3514476210332086e-07,
            "steer": 0.0
        },
        {
            "throttle": 0.3337793227634531,
            "brake": 9.46013334723246e-08,
            "steer": 0.0
        },
        {
            "throttle": 0.3361838974360517,
            "brake": 6.622093343062721e-08,
            "steer": 0.0
        },
        {
            "throttle": 0.3383180303072487,
            "brake": 4.635465340143905e-08,
            "steer": 0.0
        },
        {
            "throttle": 0.34015634085148094,
            "brake": 3.244825738100733e-08,
            "steer": 0.0
        },
        {
            "throttle": 0.3416769652503281,
            "brake": 2.271378016670513e-08,
            "steer": 0.0
        },
        {
            "throttle": 0.3428618172864251,
            "brake": 1.589964611669359e-08,
            "steer": 0.0
        },
        {
            "throttle": 0.3436968040605501,
            "brake": 1.1129752281685513e-08,
            "steer": 0.0
        },
        {
            "throttle": 0.344171994036245,
            "brake": 7.79082659717986e-09,
            "steer": 0.0
        },
        {
            "throttle": 0.24092039582537148,
            "brake": 0.031205834394354544,
            "steer": 0.0
        },
        {
            "throttle": 0.16864427707776003,
            "brake": 0.0530499130168241,
            "steer": 0.0
        },
        {
            "throttle": 0.11805099395443201,
            "brake": 0.06834076805255279,
            "steer": 0.0
        },
        {
            "throttle": 0.08263569576810241,
            "brake": 0.07904436657756288,
            "steer": 0.0
        },
        {
            "throttle": 0.057844987037671686,
            "brake": 0.08653688554506994,
            "steer": 0.0
        },
        {
            "throttle": 0.04049149092637018,
            "brake": 0.09178164882232488,
            "steer": 0.0
        },
        {
            "throttle": 0.028344043648459123,
            "brake": 0.09545298311640335,
            "steer": 0.0
        },
        {
            "throttle": 0.019840830553921385,
            "brake": 0.09802291712225827,
            "steer": 0.0
        },
        {
            "throttle": 0.013888581387744969,
            "brake": 0.09982187092635672,
            "steer": 0.0
        },
        {
            "throttle": 0.009722006971421478,
            "brake": 0.10108113858922563,
            "steer": 0.0
        },
        {
            "throttle": 0.0068054048799950344,
            "brake": 0.10196262595323385,
            "steer": 0.0
        },
        {
            "throttle": 0.004763783415996523,
            "brake": 0.10257966710803962,
            "steer": 0.0
        },
        {
            "throttle": 0.003334648391197566,
            "brake": 0.10301159591640366,
            "steer": 0.0
        },
        {
            "throttle": 0.002334253873838296,
            "brake": 0.1033139460822585,
            "steer": 0.0
        },
        {
            "throttle": 0.0016339777116868071,
            "brake": 0.10352559119835686,
            "steer": 0.0
        },
        {
            "throttle": 0.001143784398180765,
            "brake": 0.10367374277962571,
            "steer": 0.0
        },
        {
            "throttle": 0.0008006490787265354,
            "brake": 0.10377744888651391,
            "steer": 0.0
        },
        {
            "throttle": 0.0005604543551085748,
            "brake": 0.10385004316133567,
            "steer": 0.0
        },
        {
            "throttle": 0.00039231804857600233,
            "brake": 0.10390085915371089,
            "steer": 0.0
        },
        {
            "throttle": 0.00027462263400320164,
            "brake": 0.10393643034837355,
            "steer": 0.0
        },
        {
            "throttle": 0.00019223584380224112,
            "brake": 0.10396133018463741,
            "steer": 0.0
        },
        {
            "throttle": 0.00013456509066156878,
            "brake": 0.1039787600700221,
            "steer": 0.0
        },
        {
            "throttle": 9.419556346309815e-05,
            "brake": 0.10399096098979138,
            "steer": 0.0
        },
        {
            "throttle": 6.59368944241687e-05,
            "brake": 0.10399950163362989,
            "steer": 0.0
        },
        {
            "throttle": 4.6155826096918086e-05,
            "brake": 0.10400548008431684,
            "steer": 0.0
        },
        {
            "throttle": 3.230907826784266e-05,
            "brake": 0.10400966499979772,
            "steer": 0.0
        },
        {
            "throttle": 0.08439626136670879,
            "brake": 0.0728067654998584,
            "steer": 0.0
        },
        {
            "throttle": 0.14346976935946565,
            "brake": 0.050964735849900876,
            "steer": 0.0
        },
        {
            "throttle": 0.1849546962021842,
            "brake": 0.03567531509493061,
            "steer": 0.0
        },
        {
            "throttle": 0.21424075822227506,
            "brake": 0.024972720566451428,
            "steer": 0.0
        },
        {
            "throttle": 0.2350978229521032,
            "brake": 0.017480904396516,
            "steer": 0.0
        },
        {
            "throttle": 0.25016055264906795,
            "brake": 0.012236633077561199,
            "steer": 0.0
        },
        {
            "throttle": 0.2612677052615592,
            "brake": 0.008565643154292838,
            "steer": 0.0
        },
        {
            "throttle": 0.26969971060427156,
            "brake": 0.005995950208004986,
            "steer": 0.0
        },
        {
            "throttle": 0.2763450533980858,
            "brake": 0.00419716514560349,
            "steer": 0.0
        },
        {
            "throttle": 0.2818168343847889,
            "brake": 0.002938015601922443,
            "steer": 0.0
        },
        {
            "throttle": 0.28653446825758194,
            "brake": 0.0020566109213457097,
            "steer": 0.0
        },
        {
            "throttle": 0.290780988275094,
            "brake": 0.0014396276449419967,
            "steer": 0.0
        },
        {
            "throttle": 0.2947432850855356,
            "brake": 0.0010077393514593977,
            "steer": 0.0
        },
        {
            "throttle": 0.29854040753547045,
            "brake": 0.0007054175460215784,
            "steer": 0.0
        },
        {
            "throttle": 0.3022435133155558,
            "brake": 0.0004937922822151049,
            "steer": 0.0
        },
        {
            "throttle": 0.30588997927340345,
            "brake": 0.0003456545975505734,
            "steer": 0.0
        },
        {
            "throttle": 0.3094934265512938,
            "brake": 0.00024195821828540135,
            "steer": 0.0
        },
        {
            "throttle": 0.3130508873994047,
            "brake": 0.00016937075279978094,
            "steer": 0.0
        },
        {
            "throttle": 0.31654797068482016,
            "brake": 0.00011855952695984665,
            "steer": 0.0
        },
        {
            "throttle": 0.31996262424098715,
            "brake": 8.299166887189265e-05,
            "steer": 0.0
        },
        {
            "throttle": 0.32326791101609226,
            "brake": 5.809416821032485e-05,
            "steer": 0.0
        },
        {
            "throttle": 0.32643408919595907,
            "brake": 4.0665917747227393e-05,
            "steer": 0.0
        },
        {
            "throttle": 0.329430197796683,
            "brake": 2.8466142423059174e-05,
            "steer": 0.0
        },
        {
            "throttle": 0.33222528723294725,
            "brake": 1.992629969614142e-05,
            "steer": 0.0
        },
        {
            "throttle": 0.33478939108079675,
            "brake": 1.3948409787298993e-05,
            "steer": 0.0
        },
        {
            "throttle": 0.33709430507502786,
            "brake": 9.763886851109295e-06,
            "steer": 0.0
        },
        {
            "throttle": 0.3391142183943412,
            "brake": 6.834720795776506e-06,
            "steer": 0.0
        },
        {
            "throttle": 0.34082622774849397,
            "brake": 4.784304557043554e-06,
            "steer": 0.0
        },
        {
            "throttle": 0.34221075476862023,
            "brake": 3.3490131899304876e-06,
            "steer": 0.0
        },
        {
            "throttle": 0.3432518803671245,
            "brake": 2.344309232951341e-06,
            "steer": 0.0
        },
        {
            "throttle": 0.3439376051317491,
            "brake": 1.6410164630659387e-06,
            "steer": 0.0
        },
        {
            "throttle": 0.34426004178564773,
            "brake": 1.148711524146157e-06,
            "steer": 0.0
        },
        {
            "throttle": 0.3442155438145912,
            "brake": 8.040980669023098e-07,
            "steer": 0.0
        },
        {
            "throttle": 0.3438047732045999,
            "brake": 5.628686468316169e-07,
            "steer": 0.0
        },
        {
            "throttle": 0.3430327096156255,
            "brake": 3.940080527821318e-07,
            "steer": 0.0
        },
        {
            "throttle": 0.3419086030741796,
            "brake": 2.7580563694749225e-07,
            "steer": 0.0
        },
        {
            "throttle": 0.34044587228213985,
            "brake": 1.9306394586324458e-07,
            "steer": 0.0
        },
        {
            "throttle": 0.33866195082562434,
            "brake": 1.351447621042712e-07,
            "steer": 0.0
        },
        {
            "throttle": 0.336578083865419,
            "brake": 9.460133347298983e-08,
            "steer": 0.0
        },
        {
            "throttle": 0.33421907825398856,
            "brake": 6.622093343109288e-08,
            "steer": 0.0
        },
        {
            "throttle": 0.331613009420284,
            "brake": 4.635465340176502e-08,
            "steer": 0.0
        },
        {
            "throttle": 0.32879088876735546,
            "brake": 3.244825738123551e-08,
            "steer": 0.0
        }
    ],
    "parameters": {
        "fog_density": 79.41782007186723,
        "precipitation": 92.66521949537162,
        "precipitation_deposits": 42.514884092694075,
        "wind_intensity": 33.24225415724199,
        "sun_altitude_angle": -6.357037335439898,
        "cloudiness": 67.16971189711036,
        "lead_base_throttle": 0.31345393927221177,
        "lead_behavior_frequency": 0.17368002712145914,
        "lead_throttle_variation": 0.032230267283560286,
        "lead_brake_probability": 0.24242913165359956,
        "lead_brake_intensity": 0.10401942980258642,
        "lead_brake_duration": 26.14510300360824,
        "initial_distance": 23.898749196589627,
        "initial_ego_velocity": 17.421943589965807,
        "initial_lead_velocity": 6.039156282788478
    },
    "config": {
        "num_timesteps": 200,
        "dt": 0.1,
        "seed": 59
    }
}