{
    "weather": {
        "cloudiness": 71.49812920123188,
        "precipitation": 93.14924717918352,
        "precipitation_deposits": 37.60940084367056,
        "wind_intensity": 43.343844647144735,
        "sun_altitude_angle": -26.968972694491285,
        "fog_density": 64.11377256408217,
        "fog_distance": 117.99349865999304,
        "wetness": 46.57462358959176
    },
    "initial_conditions": {
        "ego": {
            "position": {
                "x": 535.620939775384,
                "y": 20.57,
                "z": 0.294
            },
            "yaw": 0.0,
            "velocity": 6.239746062409598
        },
        "lead": {
            "position": {
                "x": 484.88,
                "y": 20.57,
                "z": 0.294
            },
            "yaw": 0.0,
            "velocity": 19.394661949813845
        }
    },
    "ego": {
        "position": {
            "x": 535.620939775384,
            "y": 20.57,
            "z": 0.294
        },
        "yaw": 0.0,
        "velocity": 6.239746062409598
    },
    "lead": {
        "position": {
            "x": 484.88,
            "y": 20.57,
            "z": 0.294
        },
        "yaw": 0.0,
        "velocity": 19.394661949813845
    },
    "ado_actions": [
        {
            "throttle": 0.5475848963489016,
            "brake": 0.0,
            "steer": 0.0
        },
        {
            "throttle": 0.5544347588143995,
            "brake": 0.0,
            "steer": 0.0
        },
        {
            "throttle": 0.5660325835240252,
            "brake": 0.0,
            "steer": 0.0
        },
        {
            "throttle": 0.5808604205267847,
            "brake": 0.0,
            "steer": 0.0
        },
        {
            "throttle": 0.5978097262278367,
            "brake": 0.0,
            "steer": 0.0
        },
        {
            "throttle": 0.6160594977358816,
            "brake": 0.0,
            "steer": 0.0
        },
        {
            "throttle": 0.6349912754405558,
            "brake": 0.0,
            "steer": 0.0
        },
        {
            "throttle": 0.6541299446833503,
            "brake": 0.0,
            "steer": 0.0
        },
        {
            "throttle": 0.6731025860715574,
            "brake": 0.0,
            "steer": 0.0
        },
        {
            "throttle": 0.6916099471384181,
            "brake": 0.0,
            "steer": 0.0
        },
        {
            "throttle": 0.7094067343472705,
            "brake": 0.0,
            "steer": 0.0
        },
        {
            "throttle": 0.7262880629437809,
            "brake": 0.0,
            "steer": 0.0
        },
        {
            "throttle": 0.7420801992270698,
            "brake": 0.0,
            "steer": 0.0
        },
        {
            "throttle": 0.75663428788113,
            "brake": 0.0,
            "steer": 0.0
        },
        {
            "throttle": 0.7698221477918723,
            "brake": 0.0,
            "steer": 0.0
        },
        {
            "throttle": 0.7815334934682077,
            "brake": 0.0,
            "steer": 0.0
        },
        {
            "throttle": 0.7916741309237723,
            "brake": 0.0,
            "steer": 0.0
        },
        {
            "throttle": 0.8001648112534436,
            "brake": 0.0,
            "steer": 0.0
        },
        {
            "throttle": 0.8069405193704596,
            "brake": 0.0,
            "steer": 0.0
        },
        {
            "throttle": 0.8119500415049972,
            "brake": 0.0,
            "steer": 0.0
        },
        {
            "throttle": 0.815155701536748,
            "brake": 0.0,
            "steer": 0.0
        },
        {
            "throttle": 0.8165331889444328,
            "brake": 0.0,
            "steer": 0.0
        },
        {
            "throttle": 0.8160714242345344,
            "brake": 0.0,
            "steer": 0.0
        },
        {
            "throttle": 0.8137724240497213,
            "brake": 0.0,
            "steer": 0.0
        },
        {
            "throttle": 0.8096511397761461,
            "brake": 0.0,
            "steer": 0.0
        },
        {
            "throttle": 0.8037352517819786,
            "brake": 0.0,
            "steer": 0.0
        },
        {
            "throttle": 0.7960649074156831,
            "brake": 0.0,
            "steer": 0.0
        },
        {
            "throttle": 0.7866923952624253,
            "brake": 0.0,
            "steer": 0.0
        },
        {
            "throttle": 0.7756817513829369,
            "brake": 0.0,
            "steer": 0.0
        },
        {
            "throttle": 0.7631082956776758,
            "brake": 0.0,
            "steer": 0.0
        },
        {
            "throttle": 0.7490580983646322,
            "brake": 0.0,
            "steer": 0.0
        },
        {
            "throttle": 0.7336273779947305,
            "brake": 0.0,
            "steer": 0.0
        },
        {
            "throttle": 0.7169218335676093,
            "brake": 0.0,
            "steer": 0.0
        },
        {
            "throttle": 0.6990559142309365,
            "brake": 0.0,
            "steer": 0.0
        },
        {
            "throttle": 0.6801520308022886,
            "brake": 0.0,
            "steer": 0.0
        },
        {
            "throttle": 0.6603397139810032,
            "brake": 0.0,
            "steer": 0.0
        },
        {
            "throttle": 0.6397547246435316,
            "brake": 0.0,
            "steer": 0.0
        },
        {
            "throttle": 0.6185381220567356,
            "brake": 0.0,
            "steer": 0.0
        },
        {
            "throttle": 0.5968352962107456,
            "brake": 0.0,
            "steer": 0.0
        },
        {
            "throttle": 0.5747949707740284,
            "brake": 0.0,
            "steer": 0.0
        },
        {
            "throttle": 0.552568183413246,
            "brake": 0.0,
            "steer": 0.0
        },
        {
            "throttle": 0.530307250402624,
            "brake": 0.0,
            "steer": 0.0
        },
        {
            "throttle": 0.5081647225741299,
            "brake": 0.0,
            "steer": 0.0
        },
        {
            "throttle": 0.4862923397323399,
            "brake": 0.0,
            "steer": 0.0
        },
        {
            "throttle": 0.46483999067766907,
            "brake": 0.0,
            "steer": 0.0
        },
        {
            "throttle": 0.44395468594968857,
            "brake": 0.0,
            "steer": 0.0
        },
        {
            "throttle": 0.42377955031962933,
            "brake": 0.0,
            "steer": 0.0
        },
        {
            "throttle": 0.4044528419290109,
            "brake": 0.0,
            "steer": 0.0
        },
        {
            "throttle": 0.3861070047909556,
            "brake": 0.0,
            "steer": 0.0
        },
        {
            "throttle": 0.3688677611436756,
            "brake": 0.0,
            "steer": 0.0
        },
        {
            "throttle": 0.35285324987360567,
            "brake": 0.0,
            "steer": 0.0
        },
        {
            "throttle": 0.33817321691070973,
            "brake": 0.0,
            "steer": 0.0
        },
        {
            "throttle": 0.3249282631428602,
            "brake": 0.0,
            "steer": 0.0
        },
        {
            "throttle": 0.3132091550023921,
            "brake": 0.0,
            "steer": 0.0
        },
        {
            "throttle": 0.3030962024487073,
            "brake": 0.0,
            "steer": 0.0
        },
        {
            "throttle": 0.2946587086091315,
            "brake": 0.0,
            "steer": 0.0
        },
        {
            "throttle": 0.2879544948492838,
            "brake": 0.0,
            "steer": 0.0
        },
        {
            "throttle": 0.28302950452739906,
            "brake": 0.0,
            "steer": 0.0
        },
        {
            "throttle": 0.27991748814789263,
            "brake": 0.0,
            "steer": 0.0
        },
        {
            "throttle": 0.2786397720716778,
            "brake": 0.0,
            "steer": 0.0
        },
        {
            "throttle": 0.279205112368171,
            "brake": 0.0,
            "steer": 0.0
        },
        {
            "throttle": 0.28160963481047474,
            "brake": 0.0,
            "steer": 0.0
        },
        {
            "throttle": 0.285836861424908,
            "brake": 0.0,
            "steer": 0.0
        },
        {
            "throttle": 0.2918578234129211,
            "brake": 0.0,
            "steer": 0.0
        },
        {
            "throttle": 0.2996312596715313,
            "brake": 0.0,
            "steer": 0.0
        },
        {
            "throttle": 0.3091038995518268,
            "brake": 0.0,
            "steer": 0.0
        },
        {
            "throttle": 0.3202108279178111,
            "brake": 0.0,
            "steer": 0.0
        },
        {
            "throttle": 0.3328759300038673,
            "brake": 0.0,
            "steer": 0.0
        },
        {
            "throttle": 0.3470124130222716,
            "brake": 0.0,
            "steer": 0.0
        },
        {
            "throttle": 0.3625234009462226,
            "brake": 0.0,
            "steer": 0.0
        },
        {
            "throttle": 0.3793025983923919,
            "brake": 0.0,
            "steer": 0.0
        },
        {
            "throttle": 0.39723501905346836,
            "brake": 0.0,
            "steer": 0.0
        },
        {
            "throttle": 0.41619777368881195,
            "brake": 0.0,
            "steer": 0.0
        },
        {
            "throttle": 0.43606091227318994,
            "brake": 0.0,
            "steer": 0.0
        },
        {
            "throttle": 0.45668831453242575,
            "brake": 0.0,
            "steer": 0.0
        },
        {
            "throttle": 0.477938622763201,
            "brake": 0.0,
            "steer": 0.0
        },
        {
            "throttle": 0.4996662105444819,
            "brake": 0.0,
            "steer": 0.0
        },
        {
            "throttle": 0.5217221807020779,
            "brake": 0.0,
            "steer": 0.0
        },
        {
            "throttle": 0.5439553856873739,
            "brake": 0.0,
            "steer": 0.0
        },
        {
            "throttle": 0.5662134633776725,
            "brake": 0.0,
            "steer": 0.0
        },
        {
            "throttle": 0.5883438811999018,
            "brake": 0.0,
            "steer": 0.0
        },
        {
            "throttle": 0.610194981422404,
            "brake": 0.0,
            "steer": 0.0
        },
        {
            "throttle": 0.6316170204515165,
            "brake": 0.0,
            "steer": 0.0
        },
        {
            "throttle": 0.6524631950107389,
            "brake": 0.0,
            "steer": 0.0
        },
        {
            "throttle": 0.6725906481701764,
            "brake": 0.0,
            "steer": 0.0
        },
        {
            "throttle": 0.6918614483320298,
            "brake": 0.0,
            "steer": 0.0
        },
        {
            "throttle": 0.7101435344632342,
            "brake": 0.0,
            "steer": 0.0
        },
        {
            "throttle": 0.7273116210976551,
            "brake": 0.0,
            "steer": 0.0
        },
        {
            "throttle": 0.7432480569059426,
            "brake": 0.0,
            "steer": 0.0
        },
        {
            "throttle": 0.7578436309493431,
            "brake": 0.0,
            "steer": 0.0
        },
        {
            "throttle": 0.7709983210922859,
            "brake": 0.0,
            "steer": 0.0
        },
        {
            "throttle": 0.7826219794449415,
            "brake": 0.0,
            "steer": 0.0
        },
        {
            "throttle": 0.7926349501384748,
            "brake": 0.0,
            "steer": 0.0
        },
        {
            "throttle": 0.8009686151994375,
            "brake": 0.0,
            "steer": 0.0
        },
        {
            "throttle": 0.8075658647824718,
            "brake": 0.0,
            "steer": 0.0
        },
        {
            "throttle": 0.8123814885388637,
            "brake": 0.0,
            "steer": 0.0
        },
        {
            "throttle": 0.815382485438932,
            "brake": 0.0,
            "steer": 0.0
        },
        {
            "throttle": 0.8165482899250704,
            "brake": 0.0,
            "steer": 0.0
        },
        {
            "throttle": 0.8158709128456354,
            "brake": 0.0,
            "steer": 0.0
        },
        {
            "throttle": 0.8133549962038717,
            "brake": 0.0,
            "steer": 0.0
        },
        {
            "throttle": 0.8090177813466889,
            "brake": 0.0,
            "steer": 0.0
        },
        {
            "throttle": 0.8028889908112858,
            "brake": 0.0,
            "steer": 0.0
        },
        {
            "throttle": 0.7950106246393184,
            "brake": 0.0,
            "steer": 0.0
        },
        {
            "throttle": 0.785436672554451,
            "brake": 0.0,
            "steer": 0.0
        },
        {
            "throttle": 0.7742327439757124,
            "brake": 0.0,
            "steer": 0.0
        },
        {
            "throttle": 0.7614756184021405,
            "brake": 0.0,
            "steer": 0.0
        },
        {
            "throttle": 0.7472527192498897,
            "brake": 0.0,
            "steer": 0.0
        },
        {
            "throttle": 0.7316615147475463,
            "brake": 0.0,
            "steer": 0.0
        },
        {
            "throttle": 0.7148088499952623,
            "brake": 0.0,
            "steer": 0.0
        },
        {
            "throttle": 0.6968102147650439,
            "brake": 0.0,
            "steer": 0.0
        },
        {
            "throttle": 0.6777889520598951,
            "brake": 0.0,
            "steer": 0.0
        },
        {
            "throttle": 0.6578754128554856,
            "brake": 0.0,
            "steer": 0.0
        },
        {
            "throttle": 0.6372060628168223,
            "brake": 0.0,
            "steer": 0.0
        },
        {
            "throttle": 0.615922547111514,
            "brake": 0.0,
            "steer": 0.0
        },
        {
            "throttle": 0.5941707197283764,
            "brake": 0.0,
            "steer": 0.0
        },
        {
            "throttle": 0.5720996439533726,
            "brake": 0.0,
            "steer": 0.0
        },
        {
            "throttle": 0.5498605708525304,
            "brake": 0.0,
            "steer": 0.0
        },
        {
            "throttle": 0.5276059027622042,
            "brake": 0.0,
            "steer": 0.0
        },
        {
            "throttle": 0.5054881488897874,
            "brake": 0.0,
            "steer": 0.0
        },
        {
            "throttle": 0.4836588801820451,
            "brake": 0.0,
            "steer": 0.0
        },
        {
            "throttle": 0.46226769062326306,
            "brake": 0.0,
            "steer": 0.0
        },
        {
            "throttle": 0.44146117208133895,
            "brake": 0.0,
            "steer": 0.0
        },
        {
            "throttle": 0.4213819097271035,
            "brake": 0.0,
            "steer": 0.0
        },
        {
            "throttle": 0.4021675049111699,
            "brake": 0.0,
            "steer": 0.0
        },
        {
            "throttle": 0.38394963219444905,
            "brake": 0.0,
            "steer": 0.0
        },
        {
            "throttle": 0.36685313699441197,
            "brake": 0.0,
            "steer": 0.0
        },
        {
            "throttle": 0.35099518003084873,
            "brake": 0.0,
            "steer": 0.0
        },
        {
            "throttle": 0.3364844344341594,
            "brake": 0.0,
            "steer": 0.0
        },
        {
            "throttle": 0.3234203410183184,
            "brake": 0.0,
            "steer": 0.0
        },
        {
            "throttle": 0.3118924268220607,
            "brake": 0.0,
            "steer": 0.0
        },
        {
            "throttle": 0.3019796915882642,
            "brake": 0.0,
            "steer": 0.0
        },
        {
            "throttle": 0.29375006638592827,
            "brake": 0.0,
            "steer": 0.0
        },
        {
            "throttle": 0.2872599480847639,
            "brake": 0.0,
            "steer": 0.0
        },
        {
            "throttle": 0.2825538128725974,
            "brake": 0.0,
            "steer": 0.0
        },
        {
            "throttle": 0.27966391146411834,
            "brake": 0.0,
            "steer": 0.0
        },
        {
            "throttle": 0.27861004808967793,
            "brake": 0.0,
            "steer": 0.0
        },
        {
            "throttle": 0.27939944477870765,
            "brake": 0.0,
            "steer": 0.0
        },
        {
            "throttle": 0.2820266918678114,
            "brake": 0.0,
            "steer": 0.0
        },
        {
            "throttle": 0.28647378507269416,
            "brake": 0.0,
            "steer": 0.0
        },
        {
            "throttle": 0.2927102488698783,
            "brake": 0.0,
            "steer": 0.0
        },
        {
            "throttle": 0.300693345342681,
            "brake": 0.0,
            "steer": 0.0
        },
        {
            "throttle": 0.3103683670602538,
            "brake": 0.0,
            "steer": 0.0
        },
        {
            "throttle": 0.32166901198260794,
            "brake": 0.0,
            "steer": 0.0
        },
        {
            "throttle": 0.33451783782243816,
            "brake": 0.0,
            "steer": 0.0
        },
        {
            "throttle": 0.3488267927500424,
            "brake": 0.0,
            "steer": 0.0
        },
        {
            "throttle": 0.36449781880446713,
            "brake": 0.0,
            "steer": 0.0
        },
        {
            "throttle": 0.3814235238757563,
            "brake": 0.0,
            "steer": 0.0
        },
        {
            "throttle": 0.39948791765326963,
            "brake": 0.0,
            "steer": 0.0
        },
        {
            "throttle": 0.4185672064966859,
            "brake": 0.0,
            "steer": 0.0
        },
        {
            "throttle": 0.43853064178251056,
            "brake": 0.0,
            "steer": 0.0
        },
        {
            "throttle": 0.45924141591244905,
            "brake": 0.0,
            "steer": 0.0
        },
        {
            "throttle": 0.4805575998433796,
            "brake": 0.0,
            "steer": 0.0
        },
        {
            "throttle": 0.50233311571412,
            "brake": 0.0,
            "steer": 0.0
        },
        {
            "throttle": 0.5244187379036662,
            "brake": 0.0,
            "steer": 0.0
        },
        {
            "throttle": 0.5466631156607404,
            "brake": 0.0,
            "steer": 0.0
        },
        {
            "throttle": 0.5689138102966631,
            "brake": 0.0,
            "steer": 0.0
        },
        {
            "throttle": 0.5910183398337613,
            "brake": 0.0,
            "steer": 0.0
        },
        {
            "throttle": 0.6128252239504317,
            "brake": 0.0,
            "steer": 0.0
        },
        {
            "throttle": 0.6341850220619464,
            "brake": 0.0,
            "steer": 0.0
        },
        {
            "throttle": 0.6549513574231278,
            "brake": 0.0,
            "steer": 0.0
        },
        {
            "throttle": 0.6749819202348124,
            "brake": 0.0,
            "steer": 0.0
        },
        {
            "throttle": 0.6941394428799028,
            "brake": 0.0,
            "steer": 0.0
        },
        {
            "throttle": 0.712292640605809,
            "brake": 0.0,
            "steer": 0.0
        },
        {
            "throttle": 0.7293171112068636,
            "brake": 0.0,
            "steer": 0.0
        },
        {
            "throttle": 0.7450961875412735,
            "brake": 0.0,
            "steer": 0.0
        },
        {
            "throttle": 0.7595217370403846,
            "brake": 0.0,
            "steer": 0.0
        },
        {
            "throttle": 0.772494902731296,
            "brake": 0.0,
            "steer": 0.0
        },
        {
            "throttle": 0.7839267806946649,
            "brake": 0.0,
            "steer": 0.0
        },
        {
            "throttle": 0.7937390293151446,
            "brake": 0.0,
            "steer": 0.0
        },
        {
            "throttle": 0.801864406149317,
            "brake": 0.0,
            "steer": 0.0
        },
        {
            "throttle": 0.8082472287320145,
            "brake": 0.0,
            "steer": 0.0
        },
        {
            "throttle": 0.8128437561631678,
            "brake": 0.0,
            "steer": 0.0
        },
        {
            "throttle": 0.8156224888601975,
            "brake": 0.0,
            "steer": 0.0
        },
        {
            "throttle": 0.8165643844217765,
            "brake": 0.0,
            "steer": 0.0
        },
        {
            "throttle": 0.8156629881236662,
            "brake": 0.0,
            "steer": 0.0
        },
        {
            "throttle": 0.8129244771523525,
            "brake": 0.0,
            "steer": 0.0
        },
        {
            "throttle": 0.8083676182733504,
            "brake": 0.0,
            "steer": 0.0
        },
        {
            "throttle": 0.8020236392242752,
            "brake": 0.0,
            "steer": 0.0
        },
        {
            "throttle": 0.793936014714009,
            "brake": 0.0,
            "steer": 0.0
        },
        {
            "throttle": 0.7841601684944921,
            "brake": 0.0,
            "steer": 0.0
        },
        {
            "throttle": 0.7727630935468143,
            "brake": 0.0,
            "steer": 0.0
        },
        {
            "throttle": 0.7598228929844355,
            "brake": 0.0,
            "steer": 0.0
        },
        {
            "throttle": 0.7454282448196838,
            "brake": 0.0,
            "steer": 0.0
        },
        {
            "throttle": 0.7296777942614388,
            "brake": 0.0,
            "steer": 0.0
        },
        {
            "throttle": 0.7126794777085252,
            "brake": 0.0,
            "steer": 0.0
        },
        {
            "throttle": 0.6945497830714341,
            "brake": 0.0,
            "steer": 0.0
        },
        {
            "throttle": 0.6754129514913118,
            "brake": 0.0,
            "steer": 0.0
        },
        {
            "throttle": 0.6554001259267705,
            "brake": 0.0,
            "steer": 0.0
        },
        {
            "throttle": 0.634648452443173,
            "brake": 0.0,
            "steer": 0.0
        },
        {
            "throttle": 0.6133001403631756,
            "brake": 0.0,
            "steer": 0.0
        },
        {
            "throttle": 0.591501487719231,
            "brake": 0.0,
            "steer": 0.0
        },
        {
            "throttle": 0.5694018786865362,
            "brake": 0.0,
            "steer": 0.0
        },
        {
            "throttle": 0.5471527598669279,
            "brake": 0.0,
            "steer": 0.0
        },
        {
            "throttle": 0.5249066024391534,
            "brake": 0.0,
            "steer": 0.0
        },
        {
            "throttle": 0.502815857287813,
            "brake": 0.0,
            "steer": 0.0
        },
        {
            "throttle": 0.4810319102713739,
            "brake": 0.0,
            "steer": 0.0
        },
        {
            "throttle": 0.45970404478871135,
            "brake": 0.0,
            "steer": 0.0
        },
        {
            "throttle": 0.4389784187536142,
            "brake": 0.0,
            "steer": 0.0
        },
        {
            "throttle": 0.4189970629879537,
            "brake": 0.0,
            "steer": 0.0
        },
        {
            "throttle": 0.3998969078974359,
            "brake": 0.0,
            "steer": 0.0
        }
    ],
    "parameters": {
        "fog_density": 64.11377256408217,
        "precipitation": 93.14924717918352,
        "precipitation_deposits": 37.60940084367056,
        "wind_intensity": 43.343844647144735,
        "sun_altitude_angle": -26.968972694491285,
        "cloudiness": 71.49812920123188,
        "lead_base_throttle": 0.5475848963489016,
        "lead_behavior_frequency": 0.13178976645471235,
        "lead_throttle_variation": 0.27605490441968444,
        "lead_brake_probability": 0.002486825859525299,
        "lead_brake_intensity": 0.4860445794163548,
        "lead_brake_duration": 6.760359645586027,
        "initial_distance": 50.740939775384085,
        "initial_ego_velocity": 6.239746062409598,
        "initial_lead_velocity": 19.394661949813845
    },
    "config": {
        "num_timesteps": 200,
        "dt": 0.1,
        "seed": 154
    }
}