{
    "weather": {
        "cloudiness": 48.158917329812745,
        "precipitation": 71.96831460052596,
        "precipitation_deposits": 50.495443814399465,
        "wind_intensity": 31.034620902453945,
        "sun_altitude_angle": 17.60047448054224,
        "fog_density": 58.869475262102014,
        "fog_distance": 140.5325924931648,
        "wetness": 35.98415730026298
    },
    "initial_conditions": {
        "ego": {
            "position": {
                "x": 545.0350769933102,
                "y": 20.57,
                "z": 0.294
            },
            "yaw": 0.0,
            "velocity": 9.984943022775823
        },
        "lead": {
            "position": {
                "x": 484.88,
                "y": 20.57,
                "z": 0.294
            },
            "yaw": 0.0,
            "velocity": 10.06971379945843
        }
    },
    "ego": {
        "position": {
            "x": 545.0350769933102,
            "y": 20.57,
            "z": 0.294
        },
        "yaw": 0.0,
        "velocity": 9.984943022775823
    },
    "lead": {
        "position": {
            "x": 484.88,
            "y": 20.57,
            "z": 0.294
        },
        "yaw": 0.0,
        "velocity": 10.06971379945843
    },
    "ado_actions": [
        {
            "throttle": 0.571077583965433,
            "brake": 0.0,
            "steer": 0.0
        },
        {
            "throttle": 0.5725159521321739,
            "brake": 0.0,
            "steer": 0.0
        },
        {
            "throttle": 0.5749462600957547,
            "brake": 0.0,
            "steer": 0.0
        },
        {
            "throttle": 0.578041244797373,
            "brake": 0.0,
            "steer": 0.0
        },
        {
            "throttle": 0.5815573667313446,
            "brake": 0.0,
            "steer": 0.0
        },
        {
            "throttle": 0.5853101506371687,
            "brake": 0.0,
            "steer": 0.0
        },
        {
            "throttle": 0.5891570691590248,
            "brake": 0.0,
            "steer": 0.0
        },
        {
            "throttle": 0.5929857003292001,
            "brake": 0.0,
            "steer": 0.0
        },
        {
            "throttle": 0.5967055690341811,
            "brake": 0.0,
            "steer": 0.0
        },
        {
            "throttle": 0.6002425582135047,
            "brake": 0.0,
            "steer": 0.0
        },
        {
            "throttle": 0.6035351085493307,
            "brake": 0.0,
            "steer": 0.0
        },
        {
            "throttle": 0.6065316586172671,
            "brake": 0.0,
            "steer": 0.0
        },
        {
            "throttle": 0.6091889408368539,
            "brake": 0.0,
            "steer": 0.0
        },
        {
            "throttle": 0.6114708630475169,
            "brake": 0.0,
            "steer": 0.0
        },
        {
            "throttle": 0.6133477858163149,
            "brake": 0.0,
            "steer": 0.0
        },
        {
            "throttle": 0.6147960619275004,
            "brake": 0.0,
            "steer": 0.0
        },
        {
            "throttle": 0.6157977440983108,
            "brake": 0.0,
            "steer": 0.0
        },
        {
            "throttle": 0.6163403948401858,
            "brake": 0.0,
            "steer": 0.0
        },
        {
            "throttle": 0.6164169520588716,
            "brake": 0.0,
            "steer": 0.0
        },
        {
            "throttle": 0.6160256179223476,
            "brake": 0.0,
            "steer": 0.0
        },
        {
            "throttle": 0.6151697484436854,
            "brake": 0.0,
            "steer": 0.0
        },
        {
            "throttle": 0.6138577283301809,
            "brake": 0.0,
            "steer": 0.0
        },
        {
            "throttle": 0.6121028207810628,
            "brake": 0.0,
            "steer": 0.0
        },
        {
            "throttle": 0.6099229856606053,
            "brake": 0.0,
            "steer": 0.0
        },
        {
            "throttle": 0.6073406622407623,
            "brake": 0.0,
            "steer": 0.0
        },
        {
            "throttle": 0.6043825147824069,
            "brake": 0.0,
            "steer": 0.0
        },
        {
            "throttle": 0.6010791408049343,
            "brake": 0.0,
            "steer": 0.0
        },
        {
            "throttle": 0.5974647431176375,
            "brake": 0.0,
            "steer": 0.0
        },
        {
            "throttle": 0.5935767676477809,
            "brake": 0.0,
            "steer": 0.0
        },
        {
            "throttle": 0.5894555098650083,
            "brake": 0.0,
            "steer": 0.0
        },
        {
            "throttle": 0.5851436932144007,
            "brake": 0.0,
            "steer": 0.0
        },
        {
            "throttle": 0.5806860234616972,
            "brake": 0.0,
            "steer": 0.0
        },
        {
            "throttle": 0.5761287232446353,
            "brake": 0.0,
            "steer": 0.0
        },
        {
            "throttle": 0.5715190514280977,
            "brake": 0.0,
            "steer": 0.0
        },
        {
            "throttle": 0.5669048120872551,
            "brake": 0.0,
            "steer": 0.0
        },
        {
            "throttle": 0.5623338580987056,
            "brake": 0.0,
            "steer": 0.0
        },
        {
            "throttle": 0.5578535944092955,
            "brake": 0.0,
            "steer": 0.0
        },
        {
            "throttle": 0.5535104860792802,
            "brake": 0.0,
            "steer": 0.0
        },
        {
            "throttle": 0.5493495761635178,
            "brake": 0.0,
            "steer": 0.0
        },
        {
            "throttle": 0.5454140184039258,
            "brake": 0.0,
            "steer": 0.0
        },
        {
            "throttle": 0.5417446295609323,
            "brake": 0.0,
            "steer": 0.0
        },
        {
            "throttle": 0.5383794660136356,
            "brake": 0.0,
            "steer": 0.0
        },
        {
            "throttle": 0.5353534290106658,
            "brake": 0.0,
            "steer": 0.0
        },
        {
            "throttle": 0.5326979026593651,
            "brake": 0.0,
            "steer": 0.0
        },
        {
            "throttle": 0.530440428403314,
            "brake": 0.0,
            "steer": 0.0
        },
        {
            "throttle": 0.5286044193611532,
            "brake": 0.0,
            "steer": 0.0
        },
        {
            "throttle": 0.52720891748719,
            "brake": 0.0,
            "steer": 0.0
        },
        {
            "throttle": 0.526268396070817,
            "brake": 0.0,
            "steer": 0.0
        },
        {
            "throttle": 0.525792609622018,
            "brake": 0.0,
            "steer": 0.0
        },
        {
            "throttle": 0.5257864926990949,
            "brake": 0.0,
            "steer": 0.0
        },
        {
            "throttle": 0.5262501087273848,
            "brake": 0.0,
            "steer": 0.0
        },
        {
            "throttle": 0.5271786493394116,
            "brake": 0.0,
            "steer": 0.0
        },
        {
            "throttle": 0.528562484243059,
            "brake": 0.0,
            "steer": 0.0
        },
        {
            "throttle": 0.5303872611003722,
            "brake": 0.0,
            "steer": 0.0
        },
        {
            "throttle": 0.5326340543809805,
            "brake": 0.0,
            "steer": 0.0
        },
        {
            "throttle": 0.535279561646226,
            "brake": 0.0,
            "steer": 0.0
        },
        {
            "throttle": 0.5382963452281911,
            "brake": 0.0,
            "steer": 0.0
        },
        {
            "throttle": 0.541653116797028,
            "brake": 0.0,
            "steer": 0.0
        },
        {
            "throttle": 0.5453150618651895,
            "brake": 0.0,
            "steer": 0.0
        },
        {
            "throttle": 0.549244200862973,
            "brake": 0.0,
            "steer": 0.0
        },
        {
            "throttle": 0.5533997830404933,
            "brake": 0.0,
            "steer": 0.0
        },
        {
            "throttle": 0.5577387091107542,
            "brake": 0.0,
            "steer": 0.0
        },
        {
            "throttle": 0.5622159782503998,
            "brake": 0.0,
            "steer": 0.0
        },
        {
            "throttle": 0.5667851548221112,
            "brake": 0.0,
            "steer": 0.0
        },
        {
            "throttle": 0.5713988499780676,
            "brake": 0.0,
            "steer": 0.0
        },
        {
            "throttle": 0.5760092131495608,
            "brake": 0.0,
            "steer": 0.0
        },
        {
            "throttle": 0.5805684283253143,
            "brake": 0.0,
            "steer": 0.0
        },
        {
            "throttle": 0.5850292099713958,
            "brake": 0.0,
            "steer": 0.0
        },
        {
            "throttle": 0.5893452934493288,
            "brake": 0.0,
            "steer": 0.0
        },
        {
            "throttle": 0.5934719148460698,
            "brake": 0.0,
            "steer": 0.0
        },
        {
            "throttle": 0.5973662752393339,
            "brake": 0.0,
            "steer": 0.0
        },
        {
            "throttle": 0.6009879845831774,
            "brake": 0.0,
            "steer": 0.0
        },
        {
            "throttle": 0.6042994806101123,
            "brake": 0.0,
            "steer": 0.0
        },
        {
            "throttle": 0.6072664184051458,
            "brake": 0.0,
            "steer": 0.0
        },
        {
            "throttle": 0.6098580266113056,
            "brake": 0.0,
            "steer": 0.0
        },
        {
            "throttle": 0.6120474265722964,
            "brake": 0.0,
            "steer": 0.0
        },
        {
            "throttle": 0.6138119111023236,
            "brake": 0.0,
            "steer": 0.0
        },
        {
            "throttle": 0.6151331799918465,
            "brake": 0.0,
            "steer": 0.0
        },
        {
            "throttle": 0.6159975298067311,
            "brake": 0.0,
            "steer": 0.0
        },
        {
            "throttle": 0.6163959960123161,
            "brake": 0.0,
            "steer": 0.0
        },
        {
            "throttle": 0.6163244459483639,
            "brake": 0.0,
            "steer": 0.0
        },
        {
            "throttle": 0.6157836216906138,
            "brake": 0.0,
            "steer": 0.0
        },
        {
            "throttle": 0.6147791323544037,
            "brake": 0.0,
            "steer": 0.0
        },
        {
            "throttle": 0.6133213959201804,
            "brake": 0.0,
            "steer": 0.0
        },
        {
            "throttle": 0.6114255311842529,
            "brake": 0.0,
            "steer": 0.0
        },
        {
            "throttle": 0.6091112009554109,
            "brake": 0.0,
            "steer": 0.0
        },
        {
            "throttle": 0.6064024081236831,
            "brake": 0.0,
            "steer": 0.0
        },
        {
            "throttle": 0.6033272467162917,
            "brake": 0.0,
            "steer": 0.0
        },
        {
            "throttle": 0.5999176105227065,
            "brake": 0.0,
            "steer": 0.0
        },
        {
            "throttle": 0.5962088623107699,
            "brake": 0.0,
            "steer": 0.0
        },
        {
            "throttle": 0.5922394670645907,
            "brake": 0.0,
            "steer": 0.0
        },
        {
            "throttle": 0.5880505930480527,
            "brake": 0.0,
            "steer": 0.0
        },
        {
            "throttle": 0.5836856848314727,
            "brake": 0.0,
            "steer": 0.0
        },
        {
            "throttle": 0.57919001270973,
            "brake": 0.0,
            "steer": 0.0
        },
        {
            "throttle": 0.5746102031850407,
            "brake": 0.0,
            "steer": 0.0
        },
        {
            "throttle": 0.5699937553839357,
            "brake": 0.0,
            "steer": 0.0
        },
        {
            "throttle": 0.5653885484238859,
            "brake": 0.0,
            "steer": 0.0
        },
        {
            "throttle": 0.5608423448388824,
            "brake": 0.0,
            "steer": 0.0
        },
        {
            "throttle": 0.5564022952141526,
            "brake": 0.0,
            "steer": 0.0
        },
        {
            "throttle": 0.5521144491676537,
            "brake": 0.0,
            "steer": 0.0
        },
        {
            "throttle": 0.5480232777501595,
            "brake": 0.0,
            "steer": 0.0
        },
        {
            "throttle": 0.5441712122173303,
            "brake": 0.0,
            "steer": 0.0
        },
        {
            "throttle": 0.5405982039573547,
            "brake": 0.0,
            "steer": 0.0
        },
        {
            "throttle": 0.5373413101383354,
            "brake": 0.0,
            "steer": 0.0
        },
        {
            "throttle": 0.5344343093728486,
            "brake": 0.0,
            "steer": 0.0
        },
        {
            "throttle": 0.5319073513857772,
            "brake": 0.0,
            "steer": 0.0
        },
        {
            "throttle": 0.5297866443188612,
            "brake": 0.0,
            "steer": 0.0
        },
        {
            "throttle": 0.5280941829150618,
            "brake": 0.0,
            "steer": 0.0
        },
        {
            "throttle": 0.5268475204018515,
            "brake": 0.0,
            "steer": 0.0
        },
        {
            "throttle": 0.5260595864393256,
            "brake": 0.0,
            "steer": 0.0
        },
        {
            "throttle": 0.5257385530212718,
            "brake": 0.0,
            "steer": 0.0
        },
        {
            "throttle": 0.5258877497199927,
            "brake": 0.0,
            "steer": 0.0
        },
        {
            "throttle": 0.5265056291539144,
            "brake": 0.0,
            "steer": 0.0
        },
        {
            "throttle": 0.52758578303613,
            "brake": 0.0,
            "steer": 0.0
        },
        {
            "throttle": 0.5291170086374328,
            "brake": 0.0,
            "steer": 0.0
        },
        {
            "throttle": 0.5310834249745218,
            "brake": 0.0,
            "steer": 0.0
        },
        {
            "throttle": 0.5334646375183439,
            "brake": 0.0,
            "steer": 0.0
        },
        {
            "throttle": 0.5362359497143143,
            "brake": 0.0,
            "steer": 0.0
        },
        {
            "throttle": 0.5393686191206473,
            "brake": 0.0,
            "steer": 0.0
        },
        {
            "throttle": 0.5428301555082823,
            "brake": 0.0,
            "steer": 0.0
        },
        {
            "throttle": 0.5465846578306844,
            "brake": 0.0,
            "steer": 0.0
        },
        {
            "throttle": 0.550593186568664,
            "brake": 0.0,
            "steer": 0.0
        },
        {
            "throttle": 0.5548141675884711,
            "brake": 0.0,
            "steer": 0.0
        },
        {
            "throttle": 0.5592038233245843,
            "brake": 0.0,
            "steer": 0.0
        },
        {
            "throttle": 0.5637166268152134,
            "brake": 0.0,
            "steer": 0.0
        },
        {
            "throttle": 0.5683057738815264,
            "brake": 0.0,
            "steer": 0.0
        },
        {
            "throttle": 0.5729236685534297,
            "brake": 0.0,
            "steer": 0.0
        },
        {
            "throttle": 0.5775224167073482,
            "brake": 0.0,
            "steer": 0.0
        },
        {
            "throttle": 0.5820543227962794,
            "brake": 0.0,
            "steer": 0.0
        },
        {
            "throttle": 0.5864723845203281,
            "brake": 0.0,
            "steer": 0.0
        },
        {
            "throttle": 0.5907307803072823,
            "brake": 0.0,
            "steer": 0.0
        },
        {
            "throttle": 0.594785344547369,
            "brake": 0.0,
            "steer": 0.0
        },
        {
            "throttle": 0.598594025653327,
            "brake": 0.0,
            "steer": 0.0
        },
        {
            "throttle": 0.6021173221950658,
            "brake": 0.0,
            "steer": 0.0
        },
        {
            "throttle": 0.6053186925855739,
            "brake": 0.0,
            "steer": 0.0
        },
        {
            "throttle": 0.6081649340690534,
            "brake": 0.0,
            "steer": 0.0
        },
        {
            "throttle": 0.6106265270806329,
            "brake": 0.0,
            "steer": 0.0
        },
        {
            "throttle": 0.6126779414061643,
            "brake": 0.0,
            "steer": 0.0
        },
        {
            "throttle": 0.6142979009667865,
            "brake": 0.0,
            "steer": 0.0
        },
        {
            "throttle": 0.6154696044820686,
            "brake": 0.0,
            "steer": 0.0
        },
        {
            "throttle": 0.6161808997231395,
            "brake": 0.0,
            "steer": 0.0
        },
        {
            "throttle": 0.616424409548554,
            "brake": 0.0,
            "steer": 0.0
        },
        {
            "throttle": 0.6161976084157222,
            "brake": 0.0,
            "steer": 0.0
        },
        {
            "throttle": 0.6155028485743714,
            "brake": 0.0,
            "steer": 0.0
        },
        {
            "throttle": 0.614347335670377,
            "brake": 0.0,
            "steer": 0.0
        },
        {
            "throttle": 0.6127430540129859,
            "brake": 0.0,
            "steer": 0.0
        },
        {
            "throttle": 0.6107066422805153,
            "brake": 0.0,
            "steer": 0.0
        },
        {
            "throttle": 0.6082592209536376,
            "brake": 0.0,
            "steer": 0.0
        },
        {
            "throttle": 0.6054261732660119,
            "brake": 0.0,
            "steer": 0.0
        },
        {
            "throttle": 0.6022368819441155,
            "brake": 0.0,
            "steer": 0.0
        },
        {
            "throttle": 0.5987244244666571,
            "brake": 0.0,
            "steer": 0.0
        },
        {
            "throttle": 0.5949252300041636,
            "brake": 0.0,
            "steer": 0.0
        },
        {
            "throttle": 0.590878701596765,
            "brake": 0.0,
            "steer": 0.0
        },
        {
            "throttle": 0.5866268074887294,
            "brake": 0.0,
            "steer": 0.0
        },
        {
            "throttle": 0.5822136458581895,
            "brake": 0.0,
            "steer": 0.0
        },
        {
            "throttle": 0.5776849874564306,
            "brake": 0.0,
            "steer": 0.0
        },
        {
            "throttle": 0.5730878009002218,
            "brake": 0.0,
            "steer": 0.0
        },
        {
            "throttle": 0.5684697655405803,
            "brake": 0.0,
            "steer": 0.0
        },
        {
            "throttle": 0.5638787769602128,
            "brake": 0.0,
            "steer": 0.0
        },
        {
            "throttle": 0.559362450228328,
            "brake": 0.0,
            "steer": 0.0
        },
        {
            "throttle": 0.5549676260647715,
            "brake": 0.0,
            "steer": 0.0
        },
        {
            "throttle": 0.5507398850352632,
            "brake": 0.0,
            "steer": 0.0
        },
        {
            "throttle": 0.5467230748162223,
            "brake": 0.0,
            "steer": 0.0
        },
        {
            "throttle": 0.5429588554321142,
            "brake": 0.0,
            "steer": 0.0
        },
        {
            "throttle": 0.5394862671818532,
            "brake": 0.0,
            "steer": 0.0
        },
        {
            "throttle": 0.5363413257354797,
            "brake": 0.0,
            "steer": 0.0
        },
        {
            "throttle": 0.5335566486005314,
            "brake": 0.0,
            "steer": 0.0
        },
        {
            "throttle": 0.5311611168321849,
            "brake": 0.0,
            "steer": 0.0
        },
        {
            "throttle": 0.5291795754957119,
            "brake": 0.0,
            "steer": 0.0
        },
        {
            "throttle": 0.5276325759878812,
            "brake": 0.0,
            "steer": 0.0
        },
        {
            "throttle": 0.526536162889798,
            "brake": 0.0,
            "steer": 0.0
        },
        {
            "throttle": 0.5259017075618203,
            "brake": 0.0,
            "steer": 0.0
        },
        {
            "throttle": 0.5257357902064083,
            "brake": 0.0,
            "steer": 0.0
        },
        {
            "throttle": 0.5260401316220833,
            "brake": 0.0,
            "steer": 0.0
        },
        {
            "throttle": 0.5268115753563044,
            "brake": 0.0,
            "steer": 0.0
        },
        {
            "throttle": 0.528042120442362,
            "brake": 0.0,
            "steer": 0.0
        },
        {
            "throttle": 0.5297190043807614,
            "brake": 0.0,
            "steer": 0.0
        },
        {
            "throttle": 0.5318248355044609,
            "brake": 0.0,
            "steer": 0.0
        },
        {
            "throttle": 0.5343377733551494,
            "brake": 0.0,
            "steer": 0.0
        },
        {
            "throttle": 0.5372317551998049,
            "brake": 0.0,
            "steer": 0.0
        },
        {
            "throttle": 0.540476766338236,
            "brake": 0.0,
            "steer": 0.0
        },
        {
            "throttle": 0.5440391513981336,
            "brake": 0.0,
            "steer": 0.0
        },
        {
            "throttle": 0.5478819633890608,
            "brake": 0.0,
            "steer": 0.0
        },
        {
            "throttle": 0.5519653468951957,
            "brake": 0.0,
            "steer": 0.0
        },
        {
            "throttle": 0.5562469514325749,
            "brake": 0.0,
            "steer": 0.0
        },
        {
            "throttle": 0.5606823706837346,
            "brake": 0.0,
            "steer": 0.0
        },
        {
            "throttle": 0.5652256030542654,
            "brake": 0.0,
            "steer": 0.0
        },
        {
            "throttle": 0.5698295287746521,
            "brake": 0.0,
            "steer": 0.0
        },
        {
            "throttle": 0.5744463985991778,
            "brake": 0.0,
            "steer": 0.0
        },
        {
            "throttle": 0.5790283290333895,
            "brake": 0.0,
            "steer": 0.0
        },
        {
            "throttle": 0.5835277989539136,
            "brake": 0.0,
            "steer": 0.0
        },
        {
            "throttle": 0.5878981424699692,
            "brake": 0.0,
            "steer": 0.0
        },
        {
            "throttle": 0.5920940329149051,
            "brake": 0.0,
            "steer": 0.0
        },
        {
            "throttle": 0.596071952948081,
            "brake": 0.0,
            "steer": 0.0
        },
        {
            "throttle": 0.5997906458914698,
            "brake": 0.0,
            "steer": 0.0
        },
        {
            "throttle": 0.6032115436199792,
            "brake": 0.0,
            "steer": 0.0
        },
        {
            "throttle": 0.6062991665676624,
            "brake": 0.0,
            "steer": 0.0
        },
        {
            "throttle": 0.6090214917011855,
            "brake": 0.0,
            "steer": 0.0
        },
        {
            "throttle": 0.6113502846441453,
            "brake": 0.0,
            "steer": 0.0
        },
        {
            "throttle": 0.6132613925076356,
            "brake": 0.0,
            "steer": 0.0
        }
    ],
    "parameters": {
        "fog_density": 58.869475262102014,
        "precipitation": 71.96831460052596,
        "precipitation_deposits": 50.495443814399465,
        "wind_intensity": 31.034620902453945,
        "sun_altitude_angle": 17.60047448054224,
        "cloudiness": 48.158917329812745,
        "lead_base_throttle": 0.571077583965433,
        "lead_behavior_frequency": 0.16215378525438878,
        "lead_throttle_variation": 0.047140422104352854,
        "lead_brake_probability": 0.0024100172558244037,
        "lead_brake_intensity": 0.5726310916286927,
        "lead_brake_duration": 6.709393271641105,
        "initial_distance": 60.15507699331016,
        "initial_ego_velocity": 9.984943022775823,
        "initial_lead_velocity": 10.06971379945843
    },
    "config": {
        "num_timesteps": 200,
        "dt": 0.1,
        "seed": 103
    }
}