{
    "weather": {
        "cloudiness": 57.705664280920196,
        "precipitation": 0.6445623400100686,
        "precipitation_deposits": 88.03657365689442,
        "wind_intensity": 9.774924804076212,
        "sun_altitude_angle": 49.698771785466235,
        "fog_density": 13.964793449317208,
        "fog_distance": 627.8254387184038,
        "wetness": 0.3222811700050343
    },
    "initial_conditions": {
        "ego": {
            "position": {
                "x": 507.8785971016729,
                "y": 20.57,
                "z": 0.294
            },
            "yaw": 0.0,
            "velocity": 9.967452592591142
        },
        "lead": {
            "position": {
                "x": 484.88,
                "y": 20.57,
                "z": 0.294
            },
            "yaw": 0.0,
            "velocity": 19.232883561345805
        }
    },
    "ego": {
        "position": {
            "x": 507.8785971016729,
            "y": 20.57,
            "z": 0.294
        },
        "yaw": 0.0,
        "velocity": 9.967452592591142
    },
    "lead": {
        "position": {
            "x": 484.88,
            "y": 20.57,
            "z": 0.294
        },
        "yaw": 0.0,
        "velocity": 19.232883561345805
    },
    "ado_actions": [
        {
            "throttle": 0.5006419969654039,
            "brake": 0.0,
            "steer": 0.0
        },
        {
            "throttle": 0.5051705306813769,
            "brake": 0.0,
            "steer": 0.0
        },
        {
            "throttle": 0.5127587764825303,
            "brake": 0.0,
            "steer": 0.0
        },
        {
            "throttle": 0.5222709823776215,
            "brake": 0.0,
            "steer": 0.0
        },
        {
            "throttle": 0.5328098490889999,
            "brake": 0.0,
            "steer": 0.0
        },
        {
            "throttle": 0.3729668943622999,
            "brake": 0.03637607713770817,
            "steer": 0.0
        },
        {
            "throttle": 0.26107682605360993,
            "brake": 0.06183933113410389,
            "steer": 0.0
        },
        {
            "throttle": 0.18275377823752695,
            "brake": 0.07966360893158089,
            "steer": 0.0
        },
        {
            "throttle": 0.12792764476626886,
            "brake": 0.09214060338981479,
            "steer": 0.0
        },
        {
            "throttle": 0.0895493513363882,
            "brake": 0.10087449951057852,
            "steer": 0.0
        },
        {
            "throttle": 0.06268454593547174,
            "brake": 0.10698822679511313,
            "steer": 0.0
        },
        {
            "throttle": 0.043879182154830214,
            "brake": 0.11126783589428736,
            "steer": 0.0
        },
        {
            "throttle": 0.030715427508381146,
            "brake": 0.11426356226370932,
            "steer": 0.0
        },
        {
            "throttle": 0.0215007992558668,
            "brake": 0.11636057072230468,
            "steer": 0.0
        },
        {
            "throttle": 0.01505055947910676,
            "brake": 0.11782847664332144,
            "steer": 0.0
        },
        {
            "throttle": 0.01053539163537473,
            "brake": 0.11885601078803318,
            "steer": 0.0
        },
        {
            "throttle": 0.00737477414476231,
            "brake": 0.11957528468933139,
            "steer": 0.0
        },
        {
            "throttle": 0.005162341901333617,
            "brake": 0.12007877642024013,
            "steer": 0.0
        },
        {
            "throttle": 0.0036136393309335315,
            "brake": 0.12043122063187627,
            "steer": 0.0
        },
        {
            "throttle": 0.0025295475316534717,
            "brake": 0.12067793158002155,
            "steer": 0.0
        },
        {
            "throttle": 0.0017706832721574302,
            "brake": 0.12085062924372325,
            "steer": 0.0
        },
        {
            "throttle": 0.001239478290510201,
            "brake": 0.12097151760831444,
            "steer": 0.0
        },
        {
            "throttle": 0.0008676348033571406,
            "brake": 0.12105613946352828,
            "steer": 0.0
        },
        {
            "throttle": 0.0006073443623499984,
            "brake": 0.12111537476217796,
            "steer": 0.0
        },
        {
            "throttle": 0.0004251410536449989,
            "brake": 0.12115683947123274,
            "steer": 0.0
        },
        {
            "throttle": 0.0002975987375514992,
            "brake": 0.12118586476757108,
            "steer": 0.0
        },
        {
            "throttle": 0.00020831911628604942,
            "brake": 0.12120618247500792,
            "steer": 0.0
        },
        {
            "throttle": 0.00014582338140023459,
            "brake": 0.12122040487021371,
            "steer": 0.0
        },
        {
            "throttle": 0.00010207636698016421,
            "brake": 0.12123036054685776,
            "steer": 0.0
        },
        {
            "throttle": 0.12163776660116551,
            "brake": 0.08486125238280043,
            "steer": 0.0
        },
        {
            "throttle": 0.20623868375433013,
            "brake": 0.0594028766679603,
            "steer": 0.0
        },
        {
            "throttle": 0.2656938001137483,
            "brake": 0.04158201366757221,
            "steer": 0.0
        },
        {
            "throttle": 0.3082496872587495,
            "brake": 0.029107409567300544,
            "steer": 0.0
        },
        {
            "throttle": 0.3396561236150022,
            "brake": 0.02037518669711038,
            "steer": 0.0
        },
        {
            "throttle": 0.36389857540868975,
            "brake": 0.014262630687977266,
            "steer": 0.0
        },
        {
            "throttle": 0.3837118921330919,
            "brake": 0.009983841481584085,
            "steer": 0.0
        },
        {
            "throttle": 0.4009412319613357,
            "brake": 0.00698868903710886,
            "steer": 0.0
        },
        {
            "throttle": 0.41679639531682594,
            "brake": 0.004892082325976202,
            "steer": 0.0
        },
        {
            "throttle": 0.4320318503037158,
            "brake": 0.003424457628183341,
            "steer": 0.0
        },
        {
            "throttle": 0.4470750000891869,
            "brake": 0.0023971203397283383,
            "steer": 0.0
        },
        {
            "throttle": 0.4621184225285945,
            "brake": 0.0016779842378098367,
            "steer": 0.0
        },
        {
            "throttle": 0.47718703352436054,
            "brake": 0.0011745889664668855,
            "steer": 0.0
        },
        {
            "throttle": 0.4921877769635983,
            "brake": 0.0008222122765268198,
            "steer": 0.0
        },
        {
            "throttle": 0.5069470980803222,
            "brake": 0.0005755485935687738,
            "steer": 0.0
        },
        {
            "throttle": 0.5212398145278748,
            "brake": 0.00040288401549814167,
            "steer": 0.0
        },
        {
            "throttle": 0.5348118508891861,
            "brake": 0.00028201881084869915,
            "steer": 0.0
        },
        {
            "throttle": 0.5473985011609172,
            "brake": 0.0001974131675940894,
            "steer": 0.0
        },
        {
            "throttle": 0.5587393272092539,
            "brake": 0.00013818921731586256,
            "steer": 0.0
        },
        {
            "throttle": 0.568590417306303,
            "brake": 9.673245212110379e-05,
            "steer": 0.0
        },
        {
            "throttle": 0.5767344670755116,
            "brake": 6.771271648477265e-05,
            "steer": 0.0
        },
        {
            "throttle": 0.5829889699544875,
            "brake": 4.739890153934086e-05,
            "steer": 0.0
        },
        {
            "throttle": 0.5872126905450973,
            "brake": 3.3179231077538596e-05,
            "steer": 0.0
        },
        {
            "throttle": 0.5893105241914758,
            "brake": 2.3225461754277015e-05,
            "steer": 0.0
        },
        {
            "throttle": 0.589236807132516,
            "brake": 1.625782322799391e-05,
            "steer": 0.0
        },
        {
            "throttle": 0.5869971245005675,
            "brake": 1.1380476259595735e-05,
            "steer": 0.0
        },
        {
            "throttle": 0.5826486616524001,
            "brake": 7.966333381717014e-06,
            "steer": 0.0
        },
        {
            "throttle": 0.5762991529334323,
            "brake": 5.57643336720191e-06,
            "steer": 0.0
        },
        {
            "throttle": 0.568104497329576,
            "brake": 3.903503357041337e-06,
            "steer": 0.0
        },
        {
            "throttle": 0.5582651297623001,
            "brake": 2.732452349928936e-06,
            "steer": 0.0
        },
        {
            "throttle": 0.5470212578699928,
            "brake": 1.912716644950255e-06,
            "steer": 0.0
        },
        {
            "throttle": 0.5346470952948217,
            "brake": 1.3389016514651784e-06,
            "steer": 0.0
        },
        {
            "throttle": 0.521444242414481,
            "brake": 9.372311560256248e-07,
            "steer": 0.0
        },
        {
            "throttle": 0.5077343830572336,
            "brake": 6.560618092179374e-07,
            "steer": 0.0
        },
        {
            "throttle": 0.4938514801818153,
            "brake": 4.592432664525561e-07,
            "steer": 0.0
        },
        {
            "throttle": 0.4801336641550769,
            "brake": 3.2147028651678926e-07,
            "steer": 0.0
        },
        {
            "throttle": 0.4669150136613375,
            "brake": 2.2502920056175247e-07,
            "steer": 0.0
        },
        {
            "throttle": 0.45451743113313503,
            "brake": 1.575204403932267e-07,
            "steer": 0.0
        },
        {
            "throttle": 0.44324281176068003,
            "brake": 1.1026430827525869e-07,
            "steer": 0.0
        },
        {
            "throttle": 0.43336569761754273,
            "brake": 7.718501579268108e-08,
            "steer": 0.0
        },
        {
            "throttle": 0.425126596368243,
            "brake": 5.402951105487675e-08,
            "steer": 0.0
        },
        {
            "throttle": 0.41872612765994,
            "brake": 3.782065773841372e-08,
            "steer": 0.0
        },
        {
            "throttle": 0.4143201400203401,
            "brake": 2.6474460416889603e-08,
            "steer": 0.0
        },
        {
            "throttle": 0.4120159173646534,
            "brake": 1.8532122291822722e-08,
            "steer": 0.0
        },
        {
            "throttle": 0.41186956762197274,
            "brake": 1.2972485604275905e-08,
            "steer": 0.0
        },
        {
            "throttle": 0.413884657165278,
            "brake": 9.080739922993133e-09,
            "steer": 0.0
        },
        {
            "throttle": 0.4180121243656171,
            "brake": 6.356517946095193e-09,
            "steer": 0.0
        },
        {
            "throttle": 0.4241514744252567,
            "brake": 4.449562562266635e-09,
            "steer": 0.0
        },
        {
            "throttle": 0.43215322643279475,
            "brake": 3.1146937935866442e-09,
            "steer": 0.0
        },
        {
            "throttle": 0.4418225530834149,
            "brake": 2.1802856555106508e-09,
            "steer": 0.0
        },
        {
            "throttle": 0.45292402446089747,
            "brake": 1.5261999588574555e-09,
            "steer": 0.0
        },
        {
            "throttle": 0.465187340390971,
            "brake": 1.0683399712002187e-09,
            "steer": 0.0
        },
        {
            "throttle": 0.47831391180208516,
            "brake": 7.478379798401531e-10,
            "steer": 0.0
        },
        {
            "throttle": 0.49198413085538517,
            "brake": 5.234865858881071e-10,
            "steer": 0.0
        },
        {
            "throttle": 0.5058651528336318,
            "brake": 3.6644061012167497e-10,
            "steer": 0.0
        },
        {
            "throttle": 0.5196190003171831,
            "brake": 2.5650842708517244e-10,
            "steer": 0.0
        },
        {
            "throttle": 0.532910792327188,
            "brake": 1.795558989596207e-10,
            "steer": 0.0
        },
        {
            "throttle": 0.5454168980728122,
            "brake": 1.2568912927173448e-10,
            "steer": 0.0
        },
        {
            "throttle": 0.5568328167746504,
            "brake": 8.798239049021413e-11,
            "steer": 0.0
        },
        {
            "throttle": 0.5668805917057212,
            "brake": 6.158767334314988e-11,
            "steer": 0.0
        },
        {
            "throttle": 0.5753155779321908,
            "brake": 4.3111371340204914e-11,
            "steer": 0.0
        },
        {
            "throttle": 0.5819323989720468,
            "brake": 3.017795993814344e-11,
            "steer": 0.0
        },
        {
            "throttle": 0.5865699473382184,
            "brake": 2.1124571956700407e-11,
            "steer": 0.0
        },
        {
            "throttle": 0.58911530721222,
            "brake": 1.4787200369690284e-11,
            "steer": 0.0
        },
        {
            "throttle": 0.5895065037385101,
            "brake": 1.0351040258783199e-11,
            "steer": 0.0
        },
        {
            "throttle": 0.5877340119993515,
            "brake": 7.245728181148239e-12,
            "steer": 0.0
        },
        {
            "throttle": 0.5838409889294531,
            "brake": 5.072009726803767e-12,
            "steer": 0.0
        },
        {
            "throttle": 0.5779222225237356,
            "brake": 3.5504068087626366e-12,
            "steer": 0.0
        },
        {
            "throttle": 0.5701218239231172,
            "brake": 2.4852847661338456e-12,
            "steer": 0.0
        },
        {
            "throttle": 0.5606297185718321,
            "brake": 1.7396993362936917e-12,
            "steer": 0.0
        },
        {
            "throttle": 0.5496770218801983,
            "brake": 1.217789535405584e-12,
            "steer": 0.0
        },
        {
            "throttle": 0.5375304119870005,
            "brake": 8.524526747839088e-13,
            "steer": 0.0
        },
        {
            "throttle": 0.5244856366344419,
            "brake": 5.967168723487361e-13,
            "steer": 0.0
        },
        {
            "throttle": 0.5108603122513937,
            "brake": 4.1770181064411525e-13,
            "steer": 0.0
        },
        {
            "throttle": 0.4969861905741,
            "brake": 2.9239126745088064e-13,
            "steer": 0.0
        },
        {
            "throttle": 0.4832010810979891,
            "brake": 2.0467388721561642e-13,
            "steer": 0.0
        },
        {
            "throttle": 0.46984062603412013,
            "brake": 1.4327172105093148e-13,
            "steer": 0.0
        },
        {
            "throttle": 0.4572301280350392,
            "brake": 1.0029020473565203e-13,
            "steer": 0.0
        },
        {
            "throttle": 0.44567662966997823,
            "brake": 7.020314331495642e-14,
            "steer": 0.0
        },
        {
            "throttle": 0.43546143749969474,
            "brake": 4.9142200320469487e-14,
            "steer": 0.0
        },
        {
            "throttle": 0.4268332727760613,
            "brake": 3.439954022432864e-14,
            "steer": 0.0
        },
        {
            "throttle": 0.4200022155343465,
            "brake": 2.4079678157030047e-14,
            "steer": 0.0
        },
        {
            "throttle": 0.415134589528468,
            "brake": 1.685577470992103e-14,
            "steer": 0.0
        },
        {
            "throttle": 0.41234891255169204,
            "brake": 1.1799042296944721e-14,
            "steer": 0.0
        },
        {
            "throttle": 0.41171301074506655,
            "brake": 8.259329607861304e-15,
            "steer": 0.0
        },
        {
            "throttle": 0.41324236715490026,
            "brake": 5.781530725502912e-15,
            "steer": 0.0
        },
        {
            "throttle": 0.41689974474889435,
            "brake": 4.0470715078520385e-15,
            "steer": 0.0
        },
        {
            "throttle": 0.4225960930697953,
            "brake": 2.8329500554964266e-15,
            "steer": 0.0
        },
        {
            "throttle": 0.4301927164512086,
            "brake": 1.9830650388474985e-15,
            "steer": 0.0
        },
        {
            "throttle": 0.4395046510034843,
            "brake": 1.3881455271932488e-15,
            "steer": 0.0
        },
        {
            "throttle": 0.45030516814624144,
            "brake": 9.71701869035274e-16,
            "steer": 0.0
        },
        {
            "throttle": 0.46233129503474923,
            "brake": 6.801913083246918e-16,
            "steer": 0.0
        },
        {
            "throttle": 0.4752902174678759,
            "brake": 4.761339158272842e-16,
            "steer": 0.0
        },
        {
            "throttle": 0.4888664093785041,
            "brake": 3.3329374107909896e-16,
            "steer": 0.0
        },
        {
            "throttle": 0.5027293153163566,
            "brake": 2.3330561875536927e-16,
            "steer": 0.0
        },
        {
            "throttle": 0.5165413988688219,
            "brake": 1.6331393312875847e-16,
            "steer": 0.0
        },
        {
            "throttle": 0.5299663610554487,
            "brake": 1.1431975319013092e-16,
            "steer": 0.0
        },
        {
            "throttle": 0.5426773285932305,
            "brake": 8.002382723309164e-17,
            "steer": 0.0
        },
        {
            "throttle": 0.5543648126633899,
            "brake": 5.601667906316415e-17,
            "steer": 0.0
        },
        {
            "throttle": 0.5647442443982464,
            "brake": 3.92116753442149e-17,
            "steer": 0.0
        },
        {
            "throttle": 0.5735629036128378,
            "brake": 2.744817274095043e-17,
            "steer": 0.0
        },
        {
            "throttle": 0.5806060720793492,
            "brake": 1.92137209186653e-17,
            "steer": 0.0
        },
        {
            "throttle": 0.5857022615233697,
            "brake": 1.3449604643065709e-17,
            "steer": 0.0
        },
        {
            "throttle": 0.588727389049824,
            "brake": 9.414723250145996e-18,
            "steer": 0.0
        },
        {
            "throttle": 0.5896077983345945,
            "brake": 6.5903062751021964e-18,
            "steer": 0.0
        },
        {
            "throttle": 0.5883220530213398,
            "brake": 4.613214392571537e-18,
            "steer": 0.0
        },
        {
            "throttle": 0.5849014586575771,
            "brake": 3.2292500748000757e-18,
            "steer": 0.0
        },
        {
            "throttle": 0.5794293004618404,
            "brake": 2.2604750523600528e-18,
            "steer": 0.0
        },
        {
            "throttle": 0.5720388154808866,
            "brake": 1.5823325366520369e-18,
            "steer": 0.0
        },
        {
            "throttle": 0.562909948511219,
            "brake": 1.1076327756564258e-18,
            "steer": 0.0
        },
        {
            "throttle": 0.5522649707723036,
            "brake": 7.75342942959498e-19,
            "steer": 0.0
        },
        {
            "throttle": 0.5403630680087768,
            "brake": 5.427400600716486e-19,
            "steer": 0.0
        },
        {
            "throttle": 0.5274940297914588,
            "brake": 3.7991804205015397e-19,
            "steer": 0.0
        },
        {
            "throttle": 0.5139711936711566,
            "brake": 2.6594262943510775e-19,
            "steer": 0.0
        },
        {
            "throttle": 0.5001238159822091,
            "brake": 1.861598406045754e-19,
            "steer": 0.0
        },
        {
            "throttle": 0.4862890550527589,
            "brake": 1.3031188842320278e-19,
            "steer": 0.0
        },
        {
            "throttle": 0.4728037620159231,
            "brake": 9.121832189624194e-20,
            "steer": 0.0
        },
        {
            "throttle": 0.45999627910060237,
            "brake": 6.385282532736935e-20,
            "steer": 0.0
        },
        {
            "throttle": 0.4481784450985479,
            "brake": 4.469697772915854e-20,
            "steer": 0.0
        },
        {
            "throttle": 0.43763800265994957,
            "brake": 3.1287884410410976e-20,
            "steer": 0.0
        },
        {
            "throttle": 0.4286315922860136,
            "brake": 2.190151908728768e-20,
            "steer": 0.0
        },
        {
            "throttle": 0.42137850360199997,
            "brake": 1.5331063361101375e-20,
            "steer": 0.0
        },
        {
            "throttle": 0.41605533605579714,
            "brake": 1.0731744352770961e-20,
            "steer": 0.0
        },
        {
            "throttle": 0.4127916990442611,
            "brake": 7.512221046939673e-21,
            "steer": 0.0
        },
        {
            "throttle": 0.41166705616137994,
            "brake": 5.2585547328577705e-21,
            "steer": 0.0
        },
        {
            "throttle": 0.41270879040505165,
            "brake": 3.680988313000439e-21,
            "steer": 0.0
        },
        {
            "throttle": 0.4158915374511526,
            "brake": 2.576691819100307e-21,
            "steer": 0.0
        },
        {
            "throttle": 0.4211378032284535,
            "brake": 1.803684273370215e-21,
            "steer": 0.0
        },
        {
            "throttle": 0.42831985075756407,
            "brake": 1.2625789913591503e-21,
            "steer": 0.0
        },
        {
            "throttle": 0.43726281031282555,
            "brake": 8.838052939514052e-22,
            "steer": 0.0
        },
        {
            "throttle": 0.4477489371803991,
            "brake": 6.186637057659836e-22,
            "steer": 0.0
        },
        {
            "throttle": 0.45952291334392226,
            "brake": 4.330645940361884e-22,
            "steer": 0.0
        },
        {
            "throttle": 0.47229806401138363,
            "brake": 3.031452158253319e-22,
            "steer": 0.0
        },
        {
            "throttle": 0.48576333762215096,
            "brake": 2.1220165107773234e-22,
            "steer": 0.0
        },
        {
            "throttle": 0.49959087938374513,
            "brake": 1.4854115575441262e-22,
            "steer": 0.0
        },
        {
            "throttle": 0.5134440139365863,
            "brake": 1.0397880902808883e-22,
            "steer": 0.0
        },
        {
            "throttle": 0.5269854427834222,
            "brake": 7.278516631966217e-23,
            "steer": 0.0
        },
        {
            "throttle": 0.5398854568910176,
            "brake": 5.094961642376352e-23,
            "steer": 0.0
        },
        {
            "throttle": 0.5518299645022738,
            "brake": 3.566473149663446e-23,
            "steer": 0.0
        },
        {
            "throttle": 0.5625281386962271,
            "brake": 2.496531204764412e-23,
            "steer": 0.0
        },
        {
            "throttle": 0.5717194984918255,
            "brake": 1.7475718433350883e-23,
            "steer": 0.0
        },
        {
            "throttle": 0.5791802510835536,
            "brake": 1.2233002903345618e-23,
            "steer": 0.0
        },
        {
            "throttle": 0.5847287407870634,
            "brake": 8.563102032341932e-24,
            "steer": 0.0
        },
        {
            "throttle": 0.588229872022948,
            "brake": 5.9941714226393515e-24,
            "steer": 0.0
        },
        {
            "throttle": 0.5895983986470916,
            "brake": 4.195919995847546e-24,
            "steer": 0.0
        },
        {
            "throttle": 0.5888009995384142,
            "brake": 2.937143997093282e-24,
            "steer": 0.0
        },
        {
            "throttle": 0.5858570899072454,
            "brake": 2.056000797965297e-24,
            "steer": 0.0
        },
        {
            "throttle": 0.5808383485704516,
            "brake": 1.4392005585757079e-24,
            "steer": 0.0
        },
        {
            "throttle": 0.5738669727033034,
            "brake": 1.0074403910029954e-24,
            "steer": 0.0
        },
        {
            "throttle": 0.5651127025616832,
            "brake": 7.052082737020968e-25,
            "steer": 0.0
        },
        {
            "throttle": 0.554788688617208,
            "brake": 4.936457915914677e-25,
            "steer": 0.0
        },
        {
            "throttle": 0.5431463017329703,
            "brake": 3.455520541140274e-25,
            "steer": 0.0
        },
        {
            "throttle": 0.5304690127426295,
            "brake": 2.4188643787981914e-25,
            "steer": 0.0
        },
        {
            "throttle": 0.5170654904539104,
            "brake": 1.6932050651587338e-25,
            "steer": 0.0
        },
        {
            "throttle": 0.5032620861275066,
            "brake": 1.1852435456111135e-25,
            "steer": 0.0
        },
        {
            "throttle": 0.4893948874205837,
            "brake": 8.296704819277794e-26,
            "steer": 0.0
        },
        {
            "throttle": 0.4758015352668314,
            "brake": 5.807693373494455e-26,
            "steer": 0.0
        },
        {
            "throttle": 0.4628130029370713,
            "brake": 4.065385361446118e-26,
            "steer": 0.0
        },
        {
            "throttle": 0.4507455374452649,
            "brake": 2.845769753012282e-26,
            "steer": 0.0
        },
        {
            "throttle": 0.43989295951195095,
            "brake": 1.9920388271085974e-26,
            "steer": 0.0
        },
        {
            "throttle": 0.43051950956692236,
            "brake": 1.394427178976018e-26,
            "steer": 0.0
        },
        {
            "throttle": 0.42285341397789916,
            "brake": 9.760990252832126e-27,
            "steer": 0.0
        },
        {
            "throttle": 0.4170813281557639,
            "brake": 6.832693176982487e-27,
            "steer": 0.0
        },
        {
            "throttle": 0.41334379183658804,
            "brake": 4.782885223887741e-27,
            "steer": 0.0
        },
        {
            "throttle": 0.4117318071960219,
            "brake": 3.3480196567214186e-27,
            "steer": 0.0
        },
        {
            "throttle": 0.4122846231127062,
            "brake": 2.343613759704993e-27,
            "steer": 0.0
        },
        {
            "throttle": 0.41498877952983976,
            "brake": 1.640529631793495e-27,
            "steer": 0.0
        },
        {
            "throttle": 0.4197784351829524,
            "brake": 1.1483707422554463e-27,
            "steer": 0.0
        },
        {
            "throttle": 0.4265369707143103,
            "brake": 8.038595195788124e-28,
            "steer": 0.0
        },
        {
            "throttle": 0.43509982814104964,
            "brake": 5.627016637051687e-28,
            "steer": 0.0
        },
        {
            "throttle": 0.4452585175411814,
            "brake": 3.9389116459361804e-28,
            "steer": 0.0
        }
    ],
    "parameters": {
        "fog_density": 13.964793449317208,
        "precipitation": 0.6445623400100686,
        "precipitation_deposits": 88.03657365689442,
        "wind_intensity": 9.774924804076212,
        "sun_altitude_angle": 49.698771785466235,
        "cloudiness": 57.705664280920196,
        "lead_base_throttle": 0.5006419969654039,
        "lead_behavior_frequency": 0.24859643142780574,
        "lead_throttle_variation": 0.09703513127165007,
        "lead_brake_probability": 0.05270094515625855,
        "lead_brake_intensity": 0.12125359045902724,
        "lead_brake_duration": 24.318043573160608,
        "initial_distance": 22.998597101672914,
        "initial_ego_velocity": 9.967452592591142,
        "initial_lead_velocity": 19.232883561345805
    },
    "config": {
        "num_timesteps": 200,
        "dt": 0.1,
        "seed": 61
    }
}