{
    "weather": {
        "cloudiness": 30.266144767178528,
        "precipitation": 66.98368330300382,
        "precipitation_deposits": 35.03467956819695,
        "wind_intensity": 9.839052178310764,
        "sun_altitude_angle": 45.29601507436013,
        "fog_density": 6.906495402112105,
        "fog_distance": 794.3615939504233,
        "wetness": 33.49184165150191
    },
    "initial_conditions": {
        "ego": {
            "position": {
                "x": 562.2845531124796,
                "y": 20.57,
                "z": 0.294
            },
            "yaw": 0.0,
            "velocity": 7.443849939729567
        },
        "lead": {
            "position": {
                "x": 484.88,
                "y": 20.57,
                "z": 0.294
            },
            "yaw": 0.0,
            "velocity": 12.985340683808248
        }
    },
    "ego": {
        "position": {
            "x": 562.2845531124796,
            "y": 20.57,
            "z": 0.294
        },
        "yaw": 0.0,
        "velocity": 7.443849939729567
    },
    "lead": {
        "position": {
            "x": 484.88,
            "y": 20.57,
            "z": 0.294
        },
        "yaw": 0.0,
        "velocity": 12.985340683808248
    },
    "ado_actions": [
        {
            "throttle": 0.5568965874822114,
            "brake": 0.0,
            "steer": 0.0
        },
        {
            "throttle": 0.5583053330664842,
            "brake": 0.0,
            "steer": 0.0
        },
        {
            "throttle": 0.5606969549883687,
            "brake": 0.0,
            "steer": 0.0
        },
        {
            "throttle": 0.5637701066812077,
            "brake": 0.0,
            "steer": 0.0
        },
        {
            "throttle": 0.5673106223918916,
            "brake": 0.0,
            "steer": 0.0
        },
        {
            "throttle": 0.5711653853000804,
            "brake": 0.0,
            "steer": 0.0
        },
        {
            "throttle": 0.5752240425758844,
            "brake": 0.0,
            "steer": 0.0
        },
        {
            "throttle": 0.5794062132259484,
            "brake": 0.0,
            "steer": 0.0
        },
        {
            "throttle": 0.5836525408060799,
            "brake": 0.0,
            "steer": 0.0
        },
        {
            "throttle": 0.5879184374384783,
            "brake": 0.0,
            "steer": 0.0
        },
        {
            "throttle": 0.5921697116238078,
            "brake": 0.0,
            "steer": 0.0
        },
        {
            "throttle": 0.5963795145751563,
            "brake": 0.0,
            "steer": 0.0
        },
        {
            "throttle": 0.6005262093669914,
            "brake": 0.0,
            "steer": 0.0
        },
        {
            "throttle": 0.6045918858888241,
            "brake": 0.0,
            "steer": 0.0
        },
        {
            "throttle": 0.6085613276812826,
            "brake": 0.0,
            "steer": 0.0
        },
        {
            "throttle": 0.6124212948943218,
            "brake": 0.0,
            "steer": 0.0
        },
        {
            "throttle": 0.6161600283211508,
            "brake": 0.0,
            "steer": 0.0
        },
        {
            "throttle": 0.6197669079616479,
            "brake": 0.0,
            "steer": 0.0
        },
        {
            "throttle": 0.6232322195196818,
            "brake": 0.0,
            "steer": 0.0
        },
        {
            "throttle": 0.6265469962047481,
            "brake": 0.0,
            "steer": 0.0
        },
        {
            "throttle": 0.6297029129851099,
            "brake": 0.0,
            "steer": 0.0
        },
        {
            "throttle": 0.63269221728397,
            "brake": 0.0,
            "steer": 0.0
        },
        {
            "throttle": 0.6355076849018723,
            "brake": 0.0,
            "steer": 0.0
        },
        {
            "throttle": 0.6381425933033567,
            "brake": 0.0,
            "steer": 0.0
        },
        {
            "throttle": 0.6405907067549378,
            "brake": 0.0,
            "steer": 0.0
        },
        {
            "throttle": 0.6428462694465215,
            "brake": 0.0,
            "steer": 0.0
        },
        {
            "throttle": 0.6449040038806159,
            "brake": 0.0,
            "steer": 0.0
        },
        {
            "throttle": 0.6467591126210046,
            "brake": 0.0,
            "steer": 0.0
        },
        {
            "throttle": 0.6484072820584236,
            "brake": 0.0,
            "steer": 0.0
        },
        {
            "throttle": 0.6498446872476634,
            "brake": 0.0,
            "steer": 0.0
        },
        {
            "throttle": 0.6510679971491253,
            "brake": 0.0,
            "steer": 0.0
        },
        {
            "throttle": 0.6520743798036697,
            "brake": 0.0,
            "steer": 0.0
        },
        {
            "throttle": 0.6528615071074809,
            "brake": 0.0,
            "steer": 0.0
        },
        {
            "throttle": 0.6534275589509958,
            "brake": 0.0,
            "steer": 0.0
        },
        {
            "throttle": 0.6537712265548961,
            "brake": 0.0,
            "steer": 0.0
        },
        {
            "throttle": 0.6538917148852542,
            "brake": 0.0,
            "steer": 0.0
        },
        {
            "throttle": 0.6537887440651087,
            "brake": 0.0,
            "steer": 0.0
        },
        {
            "throttle": 0.6534625497252081,
            "brake": 0.0,
            "steer": 0.0
        },
        {
            "throttle": 0.6529138822553082,
            "brake": 0.0,
            "steer": 0.0
        },
        {
            "throttle": 0.6521440049312806,
            "brake": 0.0,
            "steer": 0.0
        },
        {
            "throttle": 0.6511546909038236,
            "brake": 0.0,
            "steer": 0.0
        },
        {
            "throttle": 0.6499482190427448,
            "brake": 0.0,
            "steer": 0.0
        },
        {
            "throttle": 0.6485273686373111,
            "brake": 0.0,
            "steer": 0.0
        },
        {
            "throttle": 0.6468954129585229,
            "brake": 0.0,
            "steer": 0.0
        },
        {
            "throttle": 0.6450561116936961,
            "brake": 0.0,
            "steer": 0.0
        },
        {
            "throttle": 0.643013702267666,
            "brake": 0.0,
            "steer": 0.0
        },
        {
            "throttle": 0.6407728900684314,
            "brake": 0.0,
            "steer": 0.0
        },
        {
            "throttle": 0.6383388375982305,
            "brake": 0.0,
            "steer": 0.0
        },
        {
            "throttle": 0.6357171525739751,
            "brake": 0.0,
            "steer": 0.0
        },
        {
            "throttle": 0.6329138750037105,
            "brake": 0.0,
            "steer": 0.0
        },
        {
            "throttle": 0.6299354632683539,
            "brake": 0.0,
            "steer": 0.0
        },
        {
            "throttle": 0.6267887792404079,
            "brake": 0.0,
            "steer": 0.0
        },
        {
            "throttle": 0.6234810724736792,
            "brake": 0.0,
            "steer": 0.0
        },
        {
            "throttle": 0.6200199635002486,
            "brake": 0.0,
            "steer": 0.0
        },
        {
            "throttle": 0.6164134262730452,
            "brake": 0.0,
            "steer": 0.0
        },
        {
            "throttle": 0.6126697697943908,
            "brake": 0.0,
            "steer": 0.0
        },
        {
            "throttle": 0.6087976189727757,
            "brake": 0.0,
            "steer": 0.0
        },
        {
            "throttle": 0.6048058947519276,
            "brake": 0.0,
            "steer": 0.0
        },
        {
            "throttle": 0.6007037935579222,
            "brake": 0.0,
            "steer": 0.0
        },
        {
            "throttle": 0.5965007661116688,
            "brake": 0.0,
            "steer": 0.0
        },
        {
            "throttle": 0.5922064956555647,
            "brake": 0.0,
            "steer": 0.0
        },
        {
            "throttle": 0.5878308756444759,
            "brake": 0.0,
            "steer": 0.0
        },
        {
            "throttle": 0.5833839869524303,
            "brake": 0.0,
            "steer": 0.0
        },
        {
            "throttle": 0.5788760746475337,
            "brake": 0.0,
            "steer": 0.0
        },
        {
            "throttle": 0.5743175243886107,
            "brake": 0.0,
            "steer": 0.0
        },
        {
            "throttle": 0.5697188384979497,
            "brake": 0.0,
            "steer": 0.0
        },
        {
            "throttle": 0.5650906117652723,
            "brake": 0.0,
            "steer": 0.0
        },
        {
            "throttle": 0.5604435070386737,
            "brake": 0.0,
            "steer": 0.0
        },
        {
            "throttle": 0.5557882306587668,
            "brake": 0.0,
            "steer": 0.0
        },
        {
            "throttle": 0.551135507792626,
            "brake": 0.0,
            "steer": 0.0
        },
        {
            "throttle": 0.5464960577243588,
            "brake": 0.0,
            "steer": 0.0
        },
        {
            "throttle": 0.5418805691592316,
            "brake": 0.0,
            "steer": 0.0
        },
        {
            "throttle": 0.537299675598245,
            "brake": 0.0,
            "steer": 0.0
        },
        {
            "throttle": 0.5327639308398943,
            "brake": 0.0,
            "steer": 0.0
        },
        {
            "throttle": 0.5282837846655537,
            "brake": 0.0,
            "steer": 0.0
        },
        {
            "throttle": 0.5238695587645037,
            "brake": 0.0,
            "steer": 0.0
        },
        {
            "throttle": 0.5195314229540655,
            "brake": 0.0,
            "steer": 0.0
        },
        {
            "throttle": 0.5152793717496308,
            "brake": 0.0,
            "steer": 0.0
        },
        {
            "throttle": 0.5111232013385635,
            "brake": 0.0,
            "steer": 0.0
        },
        {
            "throttle": 0.5070724870110251,
            "brake": 0.0,
            "steer": 0.0
        },
        {
            "throttle": 0.5031365610997193,
            "brake": 0.0,
            "steer": 0.0
        },
        {
            "throttle": 0.4993244914793787,
            "brake": 0.0,
            "steer": 0.0
        },
        {
            "throttle": 0.495645060675531,
            "brake": 0.0,
            "steer": 0.0
        },
        {
            "throttle": 0.492106745630672,
            "brake": 0.0,
            "steer": 0.0
        },
        {
            "throttle": 0.4887176981744641,
            "brake": 0.0,
            "steer": 0.0
        },
        {
            "throttle": 0.4854857262429533,
            "brake": 0.0,
            "steer": 0.0
        },
        {
            "throttle": 0.48241827589007363,
            "brake": 0.0,
            "steer": 0.0
        },
        {
            "throttle": 0.47952241413288194,
            "brake": 0.0,
            "steer": 0.0
        },
        {
            "throttle": 0.47680481267004593,
            "brake": 0.0,
            "steer": 0.0
        },
        {
            "throttle": 0.47427173251109556,
            "brake": 0.0,
            "steer": 0.0
        },
        {
            "throttle": 0.4719290095518499,
            "brake": 0.0,
            "steer": 0.0
        },
        {
            "throttle": 0.4697820411292527,
            "brake": 0.0,
            "steer": 0.0
        },
        {
            "throttle": 0.46783577358659156,
            "brake": 0.0,
            "steer": 0.0
        },
        {
            "throttle": 0.4660946908777498,
            "brake": 0.0,
            "steer": 0.0
        },
        {
            "throttle": 0.4645628042367443,
            "brake": 0.0,
            "steer": 0.0
        },
        {
            "throttle": 0.4632436429363508,
            "brake": 0.0,
            "steer": 0.0
        },
        {
            "throttle": 0.4621402461571063,
            "brake": 0.0,
            "steer": 0.0
        },
        {
            "throttle": 0.4612551559854222,
            "brake": 0.0,
            "steer": 0.0
        },
        {
            "throttle": 0.46059041155693903,
            "brake": 0.0,
            "steer": 0.0
        },
        {
            "throttle": 0.46014754435861627,
            "brake": 0.0,
            "steer": 0.0
        },
        {
            "throttle": 0.4599275747003807,
            "brake": 0.0,
            "steer": 0.0
        },
        {
            "throttle": 0.4599310093644611,
            "brake": 0.0,
            "steer": 0.0
        },
        {
            "throttle": 0.4601578404378265,
            "brake": 0.0,
            "steer": 0.0
        },
        {
            "throttle": 0.46060754533041676,
            "brake": 0.0,
            "steer": 0.0
        },
        {
            "throttle": 0.46127908797912376,
            "brake": 0.0,
            "steer": 0.0
        },
        {
            "throttle": 0.4621709212347497,
            "brake": 0.0,
            "steer": 0.0
        },
        {
            "throttle": 0.46328099042644266,
            "brake": 0.0,
            "steer": 0.0
        },
        {
            "throttle": 0.4646067380953983,
            "brake": 0.0,
            "steer": 0.0
        },
        {
            "throttle": 0.4661451098869208,
            "brake": 0.0,
            "steer": 0.0
        },
        {
            "throttle": 0.46789256158726905,
            "brake": 0.0,
            "steer": 0.0
        },
        {
            "throttle": 0.46984506728907643,
            "brake": 0.0,
            "steer": 0.0
        },
        {
            "throttle": 0.4719981286665312,
            "brake": 0.0,
            "steer": 0.0
        },
        {
            "throttle": 0.4743467853389496,
            "brake": 0.0,
            "steer": 0.0
        },
        {
            "throttle": 0.4768856262988642,
            "brake": 0.0,
            "steer": 0.0
        },
        {
            "throttle": 0.4796088023783004,
            "brake": 0.0,
            "steer": 0.0
        },
        {
            "throttle": 0.48251003972451756,
            "brake": 0.0,
            "steer": 0.0
        },
        {
            "throttle": 0.485582654254172,
            "brake": 0.0,
            "steer": 0.0
        },
        {
            "throttle": 0.48881956705259755,
            "brake": 0.0,
            "steer": 0.0
        },
        {
            "throttle": 0.4922133206827286,
            "brake": 0.0,
            "steer": 0.0
        },
        {
            "throttle": 0.4957560963660905,
            "brake": 0.0,
            "steer": 0.0
        },
        {
            "throttle": 0.4994397319962749,
            "brake": 0.0,
            "steer": 0.0
        },
        {
            "throttle": 0.5032557409433983,
            "brake": 0.0,
            "steer": 0.0
        },
        {
            "throttle": 0.5071953316062232,
            "brake": 0.0,
            "steer": 0.0
        },
        {
            "throttle": 0.5112494276668933,
            "brake": 0.0,
            "steer": 0.0
        },
        {
            "throttle": 0.5154086890016198,
            "brake": 0.0,
            "steer": 0.0
        },
        {
            "throttle": 0.5196635331991443,
            "brake": 0.0,
            "steer": 0.0
        },
        {
            "throttle": 0.5240041576373996,
            "brake": 0.0,
            "steer": 0.0
        },
        {
            "throttle": 0.52842056206751,
            "brake": 0.0,
            "steer": 0.0
        },
        {
            "throttle": 0.36989439344725694,
            "brake": 0.10553256499534429,
            "steer": 0.0
        },
        {
            "throttle": 0.2589260754130798,
            "brake": 0.17940536049208528,
            "steer": 0.0
        },
        {
            "throttle": 0.18124825278915588,
            "brake": 0.23111631733980398,
            "steer": 0.0
        },
        {
            "throttle": 0.12687377695240912,
            "brake": 0.2673139871332071,
            "steer": 0.0
        },
        {
            "throttle": 0.08881164386668637,
            "brake": 0.29265235598858924,
            "steer": 0.0
        },
        {
            "throttle": 0.062168150706680456,
            "brake": 0.31038921418735677,
            "steer": 0.0
        },
        {
            "throttle": 0.04351770549467632,
            "brake": 0.322805014926494,
            "steer": 0.0
        },
        {
            "throttle": 0.03046239384627342,
            "brake": 0.3314960754438901,
            "steer": 0.0
        },
        {
            "throttle": 0.021323675692391394,
            "brake": 0.33757981780606733,
            "steer": 0.0
        },
        {
            "throttle": 0.014926572984673975,
            "brake": 0.3418384374595914,
            "steer": 0.0
        },
        {
            "throttle": 0.010448601089271783,
            "brake": 0.34481947121705825,
            "steer": 0.0
        },
        {
            "throttle": 0.007314020762490247,
            "brake": 0.346906194847285,
            "steer": 0.0
        },
        {
            "throttle": 0.005119814533743172,
            "brake": 0.3483669013884438,
            "steer": 0.0
        },
        {
            "throttle": 0.0035838701736202205,
            "brake": 0.34938939596725493,
            "steer": 0.0
        },
        {
            "throttle": 0.1845022470370617,
            "brake": 0.24457257717707845,
            "steer": 0.0
        },
        {
            "throttle": 0.31234105062661294,
            "brake": 0.1712008040239549,
            "steer": 0.0
        },
        {
            "throttle": 0.40298701333108167,
            "brake": 0.11984056281676843,
            "steer": 0.0
        },
        {
            "throttle": 0.46755817809377753,
            "brake": 0.08388839397173789,
            "steer": 0.0
        },
        {
            "throttle": 0.513834596961797,
            "brake": 0.058721875780216516,
            "steer": 0.0
        },
        {
            "throttle": 0.5472598260099393,
            "brake": 0.04110531304615156,
            "steer": 0.0
        },
        {
            "throttle": 0.571641977501878,
            "brake": 0.02877371913230609,
            "steer": 0.0
        },
        {
            "throttle": 0.5896444618792619,
            "brake": 0.02014160339261426,
            "steer": 0.0
        },
        {
            "throttle": 0.6031295123796006,
            "brake": 0.014099122374829982,
            "steer": 0.0
        },
        {
            "throttle": 0.6133986572314913,
            "brake": 0.009869385662380986,
            "steer": 0.0
        },
        {
            "throttle": 0.6213610548797478,
            "brake": 0.00690856996366669,
            "steer": 0.0
        },
        {
            "throttle": 0.6276513330464176,
            "brake": 0.004835998974566683,
            "steer": 0.0
        },
        {
            "throttle": 0.6327120801817374,
            "brake": 0.0033851992821966777,
            "steer": 0.0
        },
        {
            "throttle": 0.636851593283393,
            "brake": 0.002369639497537674,
            "steer": 0.0
        },
        {
            "throttle": 0.6402843048601791,
            "brake": 0.0016587476482763717,
            "steer": 0.0
        },
        {
            "throttle": 0.643159084975285,
            "brake": 0.00116112335379346,
            "steer": 0.0
        },
        {
            "throttle": 0.6455790555165626,
            "brake": 0.0008127863476554219,
            "steer": 0.0
        },
        {
            "throttle": 0.6476154626903851,
            "brake": 0.0005689504433587953,
            "steer": 0.0
        },
        {
            "throttle": 0.6493173899309493,
            "brake": 0.00039826531035115674,
            "steer": 0.0
        },
        {
            "throttle": 0.6507185587543384,
            "brake": 0.0002787857172458097,
            "steer": 0.0
        },
        {
            "throttle": 0.6518420908236726,
            "brake": 0.00019515000207206678,
            "steer": 0.0
        },
        {
            "throttle": 0.6527038425084046,
            "brake": 0.00013660500145044673,
            "steer": 0.0
        },
        {
            "throttle": 0.6533147398333267,
            "brake": 9.562350101531271e-05,
            "steer": 0.0
        },
        {
            "throttle": 0.6536824133424457,
            "brake": 6.69364507107189e-05,
            "steer": 0.0
        },
        {
            "throttle": 0.6538123425444126,
            "brake": 4.685551549750322e-05,
            "steer": 0.0
        },
        {
            "throttle": 0.6537086567060939,
            "brake": 3.2798860848252254e-05,
            "steer": 0.0
        },
        {
            "throttle": 0.6533746947316301,
            "brake": 2.2959202593776575e-05,
            "steer": 0.0
        },
        {
            "throttle": 0.652813396044679,
            "brake": 1.6071441815643602e-05,
            "steer": 0.0
        },
        {
            "throttle": 0.6520275728186157,
            "brake": 1.125000927095052e-05,
            "steer": 0.0
        },
        {
            "throttle": 0.6510200987992225,
            "brake": 7.875006489665364e-06,
            "steer": 0.0
        },
        {
            "throttle": 0.6497940393950498,
            "brake": 5.512504542765754e-06,
            "steer": 0.0
        },
        {
            "throttle": 0.6483527403128779,
            "brake": 3.858753179936028e-06,
            "steer": 0.0
        },
        {
            "throttle": 0.6466998868380753,
            "brake": 2.7011272259552196e-06,
            "steer": 0.0
        },
        {
            "throttle": 0.6448395422360771,
            "brake": 1.8907890581686537e-06,
            "steer": 0.0
        },
        {
            "throttle": 0.6427761712154731,
            "brake": 1.3235523407180574e-06,
            "steer": 0.0
        },
        {
            "throttle": 0.640514652618921,
            "brake": 9.264866385026401e-07,
            "steer": 0.0
        },
        {
            "throttle": 0.6380602842668354,
            "brake": 6.485406469518481e-07,
            "steer": 0.0
        },
        {
            "throttle": 0.6354187820106281,
            "brake": 4.539784528662936e-07,
            "steer": 0.0
        },
        {
            "throttle": 0.6325962744452344,
            "brake": 3.177849170064055e-07,
            "steer": 0.0
        },
        {
            "throttle": 0.6295992943063923,
            "brake": 2.2244944190448382e-07,
            "steer": 0.0
        },
        {
            "throttle": 0.6264347672817977,
            "brake": 1.5571460933313867e-07,
            "steer": 0.0
        },
        {
            "throttle": 0.6231099987584221,
            "brake": 1.0900022653319706e-07,
            "steer": 0.0
        },
        {
            "throttle": 0.6196326588840847,
            "brake": 7.630015857323793e-08,
            "steer": 0.0
        },
        {
            "throttle": 0.616010766220983,
            "brake": 5.3410111001266545e-08,
            "steer": 0.0
        },
        {
            "throttle": 0.6122526701991484,
            "brake": 3.738707770088658e-08,
            "steer": 0.0
        },
        {
            "throttle": 0.6083670325294603,
            "brake": 2.6170954390620604e-08,
            "steer": 0.0
        },
        {
            "throttle": 0.6043628077024936,
            "brake": 1.8319668073434423e-08,
            "steer": 0.0
        },
        {
            "throttle": 0.6002492226765379,
            "brake": 1.2823767651404095e-08,
            "steer": 0.0
        },
        {
            "throttle": 0.5960357558424767,
            "brake": 8.976637355982866e-09,
            "steer": 0.0
        },
        {
            "throttle": 0.5917321153426108,
            "brake": 6.2836461491880055e-09,
            "steer": 0.0
        },
        {
            "throttle": 0.5873482168134133,
            "brake": 4.398552304431603e-09,
            "steer": 0.0
        },
        {
            "throttle": 0.5828941606175185,
            "brake": 3.078986613102122e-09,
            "steer": 0.0
        },
        {
            "throttle": 0.5783802086272178,
            "brake": 2.155290629171485e-09,
            "steer": 0.0
        },
        {
            "throttle": 0.5738167606198212,
            "brake": 1.5087034404200396e-09,
            "steer": 0.0
        },
        {
            "throttle": 0.5692143303440795,
            "brake": 1.0560924082940277e-09,
            "steer": 0.0
        },
        {
            "throttle": 0.5645835213161728,
            "brake": 7.392646858058194e-10,
            "steer": 0.0
        },
        {
            "throttle": 0.5599350024033861,
            "brake": 5.174852800640735e-10,
            "steer": 0.0
        },
        {
            "throttle": 0.5552794832533742,
            "brake": 3.6223969604485145e-10,
            "steer": 0.0
        }
    ],
    "parameters": {
        "fog_density": 6.906495402112105,
        "precipitation": 66.98368330300382,
        "precipitation_deposits": 35.03467956819695,
        "wind_intensity": 9.839052178310764,
        "sun_altitude_angle": 45.29601507436013,
        "cloudiness": 30.266144767178528,
        "lead_base_throttle": 0.5568965874822114,
        "lead_behavior_frequency": 0.07639960778352194,
        "lead_throttle_variation": 0.09786043015407922,
        "lead_brake_probability": 0.02330348223683808,
        "lead_brake_intensity": 0.35177521665114764,
        "lead_brake_duration": 14.878861556146717,
        "initial_distance": 77.40455311247952,
        "initial_ego_velocity": 7.443849939729567,
        "initial_lead_velocity": 12.985340683808248
    },
    "config": {
        "num_timesteps": 200,
        "dt": 0.1,
        "seed": 86
    }
}