{
    "weather": {
        "cloudiness": 99.48089610393663,
        "precipitation": 59.383935777748086,
        "precipitation_deposits": 28.187586654687657,
        "wind_intensity": 24.201577291305043,
        "sun_altitude_angle": 31.61012345353744,
        "fog_density": 74.23244886297697,
        "fog_distance": 84.21224320246786,
        "wetness": 29.691967888874043
    },
    "initial_conditions": {
        "ego": {
            "position": {
                "x": 536.4230571315833,
                "y": 20.57,
                "z": 0.294
            },
            "yaw": 0.0,
            "velocity": 9.29668014772312
        },
        "lead": {
            "position": {
                "x": 484.88,
                "y": 20.57,
                "z": 0.294
            },
            "yaw": 0.0,
            "velocity": 8.913639083580112
        }
    },
    "ego": {
        "position": {
            "x": 536.4230571315833,
            "y": 20.57,
            "z": 0.294
        },
        "yaw": 0.0,
        "velocity": 9.29668014772312
    },
    "lead": {
        "position": {
            "x": 484.88,
            "y": 20.57,
            "z": 0.294
        },
        "yaw": 0.0,
        "velocity": 8.913639083580112
    },
    "ado_actions": [
        {
            "throttle": 0.5597672031800927,
            "brake": 0.0,
            "steer": 0.0
        },
        {
            "throttle": 0.5607862475459084,
            "brake": 0.0,
            "steer": 0.0
        },
        {
            "throttle": 0.5625137424986504,
            "brake": 0.0,
            "steer": 0.0
        },
        {
            "throttle": 0.5647274152977901,
            "brake": 0.0,
            "steer": 0.0
        },
        {
            "throttle": 0.5672668645653868,
            "brake": 0.0,
            "steer": 0.0
        },
        {
            "throttle": 0.5700150685515908,
            "brake": 0.0,
            "steer": 0.0
        },
        {
            "throttle": 0.5728854636253532,
            "brake": 0.0,
            "steer": 0.0
        },
        {
            "throttle": 0.5758129214803508,
            "brake": 0.0,
            "steer": 0.0
        },
        {
            "throttle": 0.5787474548925148,
            "brake": 0.0,
            "steer": 0.0
        },
        {
            "throttle": 0.5816498328106419,
            "brake": 0.0,
            "steer": 0.0
        },
        {
            "throttle": 0.5844885312262605,
            "brake": 0.0,
            "steer": 0.0
        },
        {
            "throttle": 0.5872376182378198,
            "brake": 0.0,
            "steer": 0.0
        },
        {
            "throttle": 0.5898752921065725,
            "brake": 0.0,
            "steer": 0.0
        },
        {
            "throttle": 0.5923828753736577,
            "brake": 0.0,
            "steer": 0.0
        },
        {
            "throttle": 0.5947441271033312,
            "brake": 0.0,
            "steer": 0.0
        },
        {
            "throttle": 0.5969447766194483,
            "brake": 0.0,
            "steer": 0.0
        },
        {
            "throttle": 0.5989722110195375,
            "brake": 0.0,
            "steer": 0.0
        },
        {
            "throttle": 0.6008152689989379,
            "brake": 0.0,
            "steer": 0.0
        },
        {
            "throttle": 0.6024641076975595,
            "brake": 0.0,
            "steer": 0.0
        },
        {
            "throttle": 0.6039101192145591,
            "brake": 0.0,
            "steer": 0.0
        },
        {
            "throttle": 0.6051458803960785,
            "brake": 0.0,
            "steer": 0.0
        },
        {
            "throttle": 0.6061651243802445,
            "brake": 0.0,
            "steer": 0.0
        },
        {
            "throttle": 0.6069627258063096,
            "brake": 0.0,
            "steer": 0.0
        },
        {
            "throttle": 0.6075346939981956,
            "brake": 0.0,
            "steer": 0.0
        },
        {
            "throttle": 0.6078781701226792,
            "brake": 0.0,
            "steer": 0.0
        },
        {
            "throttle": 0.6079914255131487,
            "brake": 0.0,
            "steer": 0.0
        },
        {
            "throttle": 0.6078738591910796,
            "brake": 0.0,
            "steer": 0.0
        },
        {
            "throttle": 0.6075259932139868,
            "brake": 0.0,
            "steer": 0.0
        },
        {
            "throttle": 0.6069494649039505,
            "brake": 0.0,
            "steer": 0.0
        },
        {
            "throttle": 0.6061470153162114,
            "brake": 0.0,
            "steer": 0.0
        },
        {
            "throttle": 0.6051224735286527,
            "brake": 0.0,
            "steer": 0.0
        },
        {
            "throttle": 0.6038807364953247,
            "brake": 0.0,
            "steer": 0.0
        },
        {
            "throttle": 0.6024277443280395,
            "brake": 0.0,
            "steer": 0.0
        },
        {
            "throttle": 0.6007704509616949,
            "brake": 0.0,
            "steer": 0.0
        },
        {
            "throttle": 0.5989167902299161,
            "brake": 0.0,
            "steer": 0.0
        },
        {
            "throttle": 0.5968756374337512,
            "brake": 0.0,
            "steer": 0.0
        },
        {
            "throttle": 0.5946567665316665,
            "brake": 0.0,
            "steer": 0.0
        },
        {
            "throttle": 0.592270803116799,
            "brake": 0.0,
            "steer": 0.0
        },
        {
            "throttle": 0.589729173379322,
            "brake": 0.0,
            "steer": 0.0
        },
        {
            "throttle": 0.5870440492792126,
            "brake": 0.0,
            "steer": 0.0
        },
        {
            "throttle": 0.5842282901786022,
            "brake": 0.0,
            "steer": 0.0
        },
        {
            "throttle": 0.5812953812038658,
            "brake": 0.0,
            "steer": 0.0
        },
        {
            "throttle": 0.5782593686260857,
            "brake": 0.0,
            "steer": 0.0
        },
        {
            "throttle": 0.5751347925647725,
            "brake": 0.0,
            "steer": 0.0
        },
        {
            "throttle": 0.5719366173339233,
            "brake": 0.0,
            "steer": 0.0
        },
        {
            "throttle": 0.568680159761759,
            "brake": 0.0,
            "steer": 0.0
        },
        {
            "throttle": 0.5653810158258561,
            "brake": 0.0,
            "steer": 0.0
        },
        {
            "throttle": 0.5620549859539364,
            "brake": 0.0,
            "steer": 0.0
        },
        {
            "throttle": 0.5587179993472926,
            "brake": 0.0,
            "steer": 0.0
        },
        {
            "throttle": 0.5553860376887463,
            "brake": 0.0,
            "steer": 0.0
        },
        {
            "throttle": 0.5520750586001416,
            "brake": 0.0,
            "steer": 0.0
        },
        {
            "throttle": 0.548800919215691,
            "brake": 0.0,
            "steer": 0.0
        },
        {
            "throttle": 0.5455793002370153,
            "brake": 0.0,
            "steer": 0.0
        },
        {
            "throttle": 0.5424256308334691,
            "brake": 0.0,
            "steer": 0.0
        },
        {
            "throttle": 0.5393550147473309,
            "brake": 0.0,
            "steer": 0.0
        },
        {
            "throttle": 0.5363821579576977,
            "brake": 0.0,
            "steer": 0.0
        },
        {
            "throttle": 0.5335212982494738,
            "brake": 0.0,
            "steer": 0.0
        },
        {
            "throttle": 0.530786137024738,
            "brake": 0.0,
            "steer": 0.0
        },
        {
            "throttle": 0.5281897736830377,
            "brake": 0.0,
            "steer": 0.0
        },
        {
            "throttle": 0.5257446428848662,
            "brake": 0.0,
            "steer": 0.0
        },
        {
            "throttle": 0.5234624549987736,
            "brake": 0.0,
            "steer": 0.0
        },
        {
            "throttle": 0.5213541400173182,
            "brake": 0.0,
            "steer": 0.0
        },
        {
            "throttle": 0.5194297952104535,
            "brake": 0.0,
            "steer": 0.0
        },
        {
            "throttle": 0.5176986367670505,
            "brake": 0.0,
            "steer": 0.0
        },
        {
            "throttle": 0.5161689556561522,
            "brake": 0.0,
            "steer": 0.0
        },
        {
            "throttle": 0.5148480779193512,
            "brake": 0.0,
            "steer": 0.0
        },
        {
            "throttle": 0.5137423295844603,
            "brake": 0.0,
            "steer": 0.0
        },
        {
            "throttle": 0.5128570063685111,
            "brake": 0.0,
            "steer": 0.0
        },
        {
            "throttle": 0.5121963483151807,
            "brake": 0.0,
            "steer": 0.0
        },
        {
            "throttle": 0.5117635194881152,
            "brake": 0.0,
            "steer": 0.0
        },
        {
            "throttle": 0.5115605928174018,
            "brake": 0.0,
            "steer": 0.0
        },
        {
            "throttle": 0.511588540171766,
            "brake": 0.0,
            "steer": 0.0
        },
        {
            "throttle": 0.511847227704037,
            "brake": 0.0,
            "steer": 0.0
        },
        {
            "throttle": 0.5123354164921767,
            "brake": 0.0,
            "steer": 0.0
        },
        {
            "throttle": 0.5130507684728002,
            "brake": 0.0,
            "steer": 0.0
        },
        {
            "throttle": 0.5139898576387697,
            "brake": 0.0,
            "steer": 0.0
        },
        {
            "throttle": 0.5151481864472368,
            "brake": 0.0,
            "steer": 0.0
        },
        {
            "throttle": 0.516520207359547,
            "brake": 0.0,
            "steer": 0.0
        },
        {
            "throttle": 0.5180993494098484,
            "brake": 0.0,
            "steer": 0.0
        },
        {
            "throttle": 0.5198780496751607,
            "brake": 0.0,
            "steer": 0.0
        },
        {
            "throttle": 0.5218477894961849,
            "brake": 0.0,
            "steer": 0.0
        },
        {
            "throttle": 0.5239991352753833,
            "brake": 0.0,
            "steer": 0.0
        },
        {
            "throttle": 0.5263217836569377,
            "brake": 0.0,
            "steer": 0.0
        },
        {
            "throttle": 0.5288046108722069,
            "brake": 0.0,
            "steer": 0.0
        },
        {
            "throttle": 0.5314357260143543,
            "brake": 0.0,
            "steer": 0.0
        },
        {
            "throttle": 0.5342025279870012,
            "brake": 0.0,
            "steer": 0.0
        },
        {
            "throttle": 0.5370917658541623,
            "brake": 0.0,
            "steer": 0.0
        },
        {
            "throttle": 0.5400896023024331,
            "brake": 0.0,
            "steer": 0.0
        },
        {
            "throttle": 0.5431816799114914,
            "brake": 0.0,
            "steer": 0.0
        },
        {
            "throttle": 0.546353189915526,
            "brake": 0.0,
            "steer": 0.0
        },
        {
            "throttle": 0.549588943126277,
            "brake": 0.0,
            "steer": 0.0
        },
        {
            "throttle": 0.5528734426780192,
            "brake": 0.0,
            "steer": 0.0
        },
        {
            "throttle": 0.5561909582460911,
            "brake": 0.0,
            "steer": 0.0
        },
        {
            "throttle": 0.5595256013835215,
            "brake": 0.0,
            "steer": 0.0
        },
        {
            "throttle": 0.562861401614944,
            "brake": 0.0,
            "steer": 0.0
        },
        {
            "throttle": 0.5661823829233679,
            "brake": 0.0,
            "steer": 0.0
        },
        {
            "throttle": 0.5694726402634875,
            "brake": 0.0,
            "steer": 0.0
        },
        {
            "throttle": 0.5727164157350921,
            "brake": 0.0,
            "steer": 0.0
        },
        {
            "throttle": 0.5758981740517573,
            "brake": 0.0,
            "steer": 0.0
        },
        {
            "throttle": 0.5790026769433823,
            "brake": 0.0,
            "steer": 0.0
        },
        {
            "throttle": 0.5820150561362385,
            "brake": 0.0,
            "steer": 0.0
        },
        {
            "throttle": 0.5849208845610081,
            "brake": 0.0,
            "steer": 0.0
        },
        {
            "throttle": 0.587706245447781,
            "brake": 0.0,
            "steer": 0.0
        },
        {
            "throttle": 0.590357798977094,
            "brake": 0.0,
            "steer": 0.0
        },
        {
            "throttle": 0.5928628461678033,
            "brake": 0.0,
            "steer": 0.0
        },
        {
            "throttle": 0.5952093896958173,
            "brake": 0.0,
            "steer": 0.0
        },
        {
            "throttle": 0.5973861913524083,
            "brake": 0.0,
            "steer": 0.0
        },
        {
            "throttle": 0.5993828258669252,
            "brake": 0.0,
            "steer": 0.0
        },
        {
            "throttle": 0.6011897308361314,
            "brake": 0.0,
            "steer": 0.0
        },
        {
            "throttle": 0.6027982525210479,
            "brake": 0.0,
            "steer": 0.0
        },
        {
            "throttle": 0.604200687291965,
            "brake": 0.0,
            "steer": 0.0
        },
        {
            "throttle": 0.6053903185231331,
            "brake": 0.0,
            "steer": 0.0
        },
        {
            "throttle": 0.6063614487604354,
            "brake": 0.0,
            "steer": 0.0
        },
        {
            "throttle": 0.6071094270079801,
            "brake": 0.0,
            "steer": 0.0
        },
        {
            "throttle": 0.607630671002933,
            "brake": 0.0,
            "steer": 0.0
        },
        {
            "throttle": 0.6079226843719077,
            "brake": 0.0,
            "steer": 0.0
        },
        {
            "throttle": 0.6079840685867489,
            "brake": 0.0,
            "steer": 0.0
        },
        {
            "throttle": 0.6078145296624481,
            "brake": 0.0,
            "steer": 0.0
        },
        {
            "throttle": 0.6074148795651146,
            "brake": 0.0,
            "steer": 0.0
        },
        {
            "throttle": 0.6067870323232581,
            "brake": 0.0,
            "steer": 0.0
        },
        {
            "throttle": 0.605933994861007,
            "brake": 0.0,
            "steer": 0.0
        },
        {
            "throttle": 0.604859852597165,
            "brake": 0.0,
            "steer": 0.0
        },
        {
            "throttle": 0.6035697498790753,
            "brake": 0.0,
            "steer": 0.0
        },
        {
            "throttle": 0.6020698653450001,
            "brake": 0.0,
            "steer": 0.0
        },
        {
            "throttle": 0.6003673823330106,
            "brake": 0.0,
            "steer": 0.0
        },
        {
            "throttle": 0.5984704544781088,
            "brake": 0.0,
            "steer": 0.0
        },
        {
            "throttle": 0.5963881666623434,
            "brake": 0.0,
            "steer": 0.0
        },
        {
            "throttle": 0.5941304915049415,
            "brake": 0.0,
            "steer": 0.0
        },
        {
            "throttle": 0.5917082416008344,
            "brake": 0.0,
            "steer": 0.0
        },
        {
            "throttle": 0.5891330177363223,
            "brake": 0.0,
            "steer": 0.0
        },
        {
            "throttle": 0.5864171533298838,
            "brake": 0.0,
            "steer": 0.0
        },
        {
            "throttle": 0.5835736553642192,
            "brake": 0.0,
            "steer": 0.0
        },
        {
            "throttle": 0.5806161420924201,
            "brake": 0.0,
            "steer": 0.0
        },
        {
            "throttle": 0.5775587778166038,
            "brake": 0.0,
            "steer": 0.0
        },
        {
            "throttle": 0.5744162050513785,
            "brake": 0.0,
            "steer": 0.0
        },
        {
            "throttle": 0.5712034743970228,
            "brake": 0.0,
            "steer": 0.0
        },
        {
            "throttle": 0.5679359724582375,
            "brake": 0.0,
            "steer": 0.0
        },
        {
            "throttle": 0.5646293481536839,
            "brake": 0.0,
            "steer": 0.0
        },
        {
            "throttle": 0.5612994377692329,
            "brake": 0.0,
            "steer": 0.0
        },
        {
            "throttle": 0.5579621891138626,
            "brake": 0.0,
            "steer": 0.0
        },
        {
            "throttle": 0.5546335851414443,
            "brake": 0.0,
            "steer": 0.0
        },
        {
            "throttle": 0.5513295674042082,
            "brake": 0.0,
            "steer": 0.0
        },
        {
            "throttle": 0.5480659597044947,
            "brake": 0.0,
            "steer": 0.0
        },
        {
            "throttle": 0.544858392310439,
            "brake": 0.0,
            "steer": 0.0
        },
        {
            "throttle": 0.541722227098542,
            "brake": 0.0,
            "steer": 0.0
        },
        {
            "throttle": 0.5386724839816392,
            "brake": 0.0,
            "steer": 0.0
        },
        {
            "throttle": 0.5357237689746218,
            "brake": 0.0,
            "steer": 0.0
        },
        {
            "throttle": 0.5328902042424232,
            "brake": 0.0,
            "steer": 0.0
        },
        {
            "throttle": 0.53018536046529,
            "brake": 0.0,
            "steer": 0.0
        },
        {
            "throttle": 0.5276221918452557,
            "brake": 0.0,
            "steer": 0.0
        },
        {
            "throttle": 0.5252129740650902,
            "brake": 0.0,
            "steer": 0.0
        },
        {
            "throttle": 0.5229692454968544,
            "brake": 0.0,
            "steer": 0.0
        },
        {
            "throttle": 0.5209017519416282,
            "brake": 0.0,
            "steer": 0.0
        },
        {
            "throttle": 0.5190203951650679,
            "brake": 0.0,
            "steer": 0.0
        },
        {
            "throttle": 0.5173341854752684,
            "brake": 0.0,
            "steer": 0.0
        },
        {
            "throttle": 0.515851198570049,
            "brake": 0.0,
            "steer": 0.0
        },
        {
            "throttle": 0.5145785368603311,
            "brake": 0.0,
            "steer": 0.0
        },
        {
            "throttle": 0.5135222954548405,
            "brake": 0.0,
            "steer": 0.0
        },
        {
            "throttle": 0.512687532969043,
            "brake": 0.0,
            "steer": 0.0
        },
        {
            "throttle": 0.5120782472981154,
            "brake": 0.0,
            "steer": 0.0
        },
        {
            "throttle": 0.5116973564699838,
            "brake": 0.0,
            "steer": 0.0
        },
        {
            "throttle": 0.511546684670127,
            "brake": 0.0,
            "steer": 0.0
        },
        {
            "throttle": 0.5116269535050764,
            "brake": 0.0,
            "steer": 0.0
        },
        {
            "throttle": 0.5119377785464543,
            "brake": 0.0,
            "steer": 0.0
        },
        {
            "throttle": 0.5124776711721017,
            "brake": 0.0,
            "steer": 0.0
        },
        {
            "throttle": 0.5132440456954781,
            "brake": 0.0,
            "steer": 0.0
        },
        {
            "throttle": 0.5142332317491881,
            "brake": 0.0,
            "steer": 0.0
        },
        {
            "throttle": 0.515440491863328,
            "brake": 0.0,
            "steer": 0.0
        },
        {
            "throttle": 0.516860044154464,
            "brake": 0.0,
            "steer": 0.0
        },
        {
            "throttle": 0.5184850900165796,
            "brake": 0.0,
            "steer": 0.0
        },
        {
            "throttle": 0.5203078466813726,
            "brake": 0.0,
            "steer": 0.0
        },
        {
            "throttle": 0.522319584491961,
            "brake": 0.0,
            "steer": 0.0
        },
        {
            "throttle": 0.5245106687114858,
            "brake": 0.0,
            "steer": 0.0
        },
        {
            "throttle": 0.526870605666378,
            "brake": 0.0,
            "steer": 0.0
        },
        {
            "throttle": 0.5293880930032971,
            "brake": 0.0,
            "steer": 0.0
        },
        {
            "throttle": 0.5320510738190478,
            "brake": 0.0,
            "steer": 0.0
        },
        {
            "throttle": 0.5348467944042327,
            "brake": 0.0,
            "steer": 0.0
        },
        {
            "throttle": 0.5377618653240916,
            "brake": 0.0,
            "steer": 0.0
        },
        {
            "throttle": 0.5407823255439961,
            "brake": 0.0,
            "steer": 0.0
        },
        {
            "throttle": 0.5438937092924828,
            "brake": 0.0,
            "steer": 0.0
        },
        {
            "throttle": 0.5470811153416058,
            "brake": 0.0,
            "steer": 0.0
        },
        {
            "throttle": 0.5503292783728009,
            "brake": 0.0,
            "steer": 0.0
        },
        {
            "throttle": 0.5536226420864774,
            "brake": 0.0,
            "steer": 0.0
        },
        {
            "throttle": 0.5569454337051912,
            "brake": 0.0,
            "steer": 0.0
        },
        {
            "throttle": 0.5602817395135892,
            "brake": 0.0,
            "steer": 0.0
        },
        {
            "throttle": 0.5636155810733403,
            "brake": 0.0,
            "steer": 0.0
        },
        {
            "throttle": 0.5669309917480427,
            "brake": 0.0,
            "steer": 0.0
        },
        {
            "throttle": 0.5702120931716086,
            "brake": 0.0,
            "steer": 0.0
        },
        {
            "throttle": 0.5734431712938981,
            "brake": 0.0,
            "steer": 0.0
        },
        {
            "throttle": 0.5766087516394034,
            "brake": 0.0,
            "steer": 0.0
        },
        {
            "throttle": 0.5796936734185453,
            "brake": 0.0,
            "steer": 0.0
        },
        {
            "throttle": 0.5826831621366477,
            "brake": 0.0,
            "steer": 0.0
        },
        {
            "throttle": 0.5855629003528445,
            "brake": 0.0,
            "steer": 0.0
        },
        {
            "throttle": 0.5883190962500363,
            "brake": 0.0,
            "steer": 0.0
        },
        {
            "throttle": 0.5909385496874985,
            "brake": 0.0,
            "steer": 0.0
        },
        {
            "throttle": 0.5934087154197965,
            "brake": 0.0,
            "steer": 0.0
        },
        {
            "throttle": 0.5957177631792366,
            "brake": 0.0,
            "steer": 0.0
        },
        {
            "throttle": 0.5978546343341029,
            "brake": 0.0,
            "steer": 0.0
        },
        {
            "throttle": 0.5998090948513269,
            "brake": 0.0,
            "steer": 0.0
        },
        {
            "throttle": 0.6015717843099406,
            "brake": 0.0,
            "steer": 0.0
        }
    ],
    "parameters": {
        "fog_density": 74.23244886297697,
        "precipitation": 59.383935777748086,
        "precipitation_deposits": 28.187586654687657,
        "wind_intensity": 24.201577291305043,
        "sun_altitude_angle": 31.61012345353744,
        "cloudiness": 99.48089610393663,
        "lead_base_throttle": 0.5597672031800927,
        "lead_behavior_frequency": 0.11016434938497933,
        "lead_throttle_variation": 0.049113145208347087,
        "lead_brake_probability": 0.006781809815082751,
        "lead_brake_intensity": 0.5596778698577535,
        "lead_brake_duration": 11.107814002679369,
        "initial_distance": 51.54305713158329,
        "initial_ego_velocity": 9.29668014772312,
        "initial_lead_velocity": 8.913639083580112
    },
    "config": {
        "num_timesteps": 200,
        "dt": 0.1,
        "seed": 161
    }
}