{
    "weather": {
        "cloudiness": 10.48634870802685,
        "precipitation": 95.27371594595726,
        "precipitation_deposits": 58.37763077448335,
        "wind_intensity": 16.03610170806895,
        "sun_altitude_angle": 73.20312772520118,
        "fog_density": 76.77370467926875,
        "fog_distance": 77.37252857893934,
        "wetness": 47.63685797297863
    },
    "initial_conditions": {
        "ego": {
            "position": {
                "x": 506.9704844263835,
                "y": 20.57,
                "z": 0.294
            },
            "yaw": 0.0,
            "velocity": 17.04071918348279
        },
        "lead": {
            "position": {
                "x": 484.88,
                "y": 20.57,
                "z": 0.294
            },
            "yaw": 0.0,
            "velocity": 17.2716775056236
        }
    },
    "ego": {
        "position": {
            "x": 506.9704844263835,
            "y": 20.57,
            "z": 0.294
        },
        "yaw": 0.0,
        "velocity": 17.04071918348279
    },
    "lead": {
        "position": {
            "x": 484.88,
            "y": 20.57,
            "z": 0.294
        },
        "yaw": 0.0,
        "velocity": 17.2716775056236
    },
    "ado_actions": [
        {
            "throttle": 0.5980623838021981,
            "brake": 0.0,
            "steer": 0.0
        },
        {
            "throttle": 0.6003366908984008,
            "brake": 0.0,
            "steer": 0.0
        },
        {
            "throttle": 0.6041976840756708,
            "brake": 0.0,
            "steer": 0.0
        },
        {
            "throttle": 0.6091587122231522,
            "brake": 0.0,
            "steer": 0.0
        },
        {
            "throttle": 0.614873828105756,
            "brake": 0.0,
            "steer": 0.0
        },
        {
            "throttle": 0.6210956145425156,
            "brake": 0.0,
            "steer": 0.0
        },
        {
            "throttle": 0.6276456750422577,
            "brake": 0.0,
            "steer": 0.0
        },
        {
            "throttle": 0.6343939894430543,
            "brake": 0.0,
            "steer": 0.0
        },
        {
            "throttle": 0.6412444749094124,
            "brake": 0.0,
            "steer": 0.0
        },
        {
            "throttle": 0.6481248905067327,
            "brake": 0.0,
            "steer": 0.0
        },
        {
            "throttle": 0.6549797820788885,
            "brake": 0.0,
            "steer": 0.0
        },
        {
            "throttle": 0.6617655551096576,
            "brake": 0.0,
            "steer": 0.0
        },
        {
            "throttle": 0.6684470369177031,
            "brake": 0.0,
            "steer": 0.0
        },
        {
            "throttle": 0.6749950811036644,
            "brake": 0.0,
            "steer": 0.0
        },
        {
            "throttle": 0.6813849012667879,
            "brake": 0.0,
            "steer": 0.0
        },
        {
            "throttle": 0.6875949148784515,
            "brake": 0.0,
            "steer": 0.0
        },
        {
            "throttle": 0.6936059439096648,
            "brake": 0.0,
            "steer": 0.0
        },
        {
            "throttle": 0.6994006648072659,
            "brake": 0.0,
            "steer": 0.0
        },
        {
            "throttle": 0.7049632326127762,
            "brake": 0.0,
            "steer": 0.0
        },
        {
            "throttle": 0.7102790265582785,
            "brake": 0.0,
            "steer": 0.0
        },
        {
            "throttle": 0.7153344802529619,
            "brake": 0.0,
            "steer": 0.0
        },
        {
            "throttle": 0.7201169706205052,
            "brake": 0.0,
            "steer": 0.0
        },
        {
            "throttle": 0.7246147474811301,
            "brake": 0.0,
            "steer": 0.0
        },
        {
            "throttle": 0.728816891086839,
            "brake": 0.0,
            "steer": 0.0
        },
        {
            "throttle": 0.7327132887097995,
            "brake": 0.0,
            "steer": 0.0
        },
        {
            "throttle": 0.7362946240390571,
            "brake": 0.0,
            "steer": 0.0
        },
        {
            "throttle": 0.7395523750006476,
            "brake": 0.0,
            "steer": 0.0
        },
        {
            "throttle": 0.7424788169193758,
            "brake": 0.0,
            "steer": 0.0
        },
        {
            "throttle": 0.7450670288540636,
            "brake": 0.0,
            "steer": 0.0
        },
        {
            "throttle": 0.7473109015788733,
            "brake": 0.0,
            "steer": 0.0
        },
        {
            "throttle": 0.7492051461332152,
            "brake": 0.0,
            "steer": 0.0
        },
        {
            "throttle": 0.7507453021790604,
            "brake": 0.0,
            "steer": 0.0
        },
        {
            "throttle": 0.7519277456272679,
            "brake": 0.0,
            "steer": 0.0
        },
        {
            "throttle": 0.7527496951518956,
            "brake": 0.0,
            "steer": 0.0
        },
        {
            "throttle": 0.7532092173230148,
            "brake": 0.0,
            "steer": 0.0
        },
        {
            "throttle": 0.7533052301680542,
            "brake": 0.0,
            "steer": 0.0
        },
        {
            "throttle": 0.7530375050287611,
            "brake": 0.0,
            "steer": 0.0
        },
        {
            "throttle": 0.7524066666222349,
            "brake": 0.0,
            "steer": 0.0
        },
        {
            "throttle": 0.7514141912448515,
            "brake": 0.0,
            "steer": 0.0
        },
        {
            "throttle": 0.7500624030805634,
            "brake": 0.0,
            "steer": 0.0
        },
        {
            "throttle": 0.7483544685923136,
            "brake": 0.0,
            "steer": 0.0
        },
        {
            "throttle": 0.7462943889887739,
            "brake": 0.0,
            "steer": 0.0
        },
        {
            "throttle": 0.7438869907693991,
            "brake": 0.0,
            "steer": 0.0
        },
        {
            "throttle": 0.7411379143596952,
            "brake": 0.0,
            "steer": 0.0
        },
        {
            "throttle": 0.738053600856148,
            "brake": 0.0,
            "steer": 0.0
        },
        {
            "throttle": 0.7346412769068436,
            "brake": 0.0,
            "steer": 0.0
        },
        {
            "throttle": 0.7309089377596873,
            "brake": 0.0,
            "steer": 0.0
        },
        {
            "throttle": 0.7268653285154794,
            "brake": 0.0,
            "steer": 0.0
        },
        {
            "throttle": 0.7225199236280451,
            "brake": 0.0,
            "steer": 0.0
        },
        {
            "throttle": 0.7178829046982499,
            "brake": 0.0,
            "steer": 0.0
        },
        {
            "throttle": 0.7129651366130816,
            "brake": 0.0,
            "steer": 0.0
        },
        {
            "throttle": 0.7077781420851176,
            "brake": 0.0,
            "steer": 0.0
        },
        {
            "throttle": 0.7023340746516198,
            "brake": 0.0,
            "steer": 0.0
        },
        {
            "throttle": 0.6966456901962317,
            "brake": 0.0,
            "steer": 0.0
        },
        {
            "throttle": 0.6907263170598025,
            "brake": 0.0,
            "steer": 0.0
        },
        {
            "throttle": 0.6845898248102288,
            "brake": 0.0,
            "steer": 0.0
        },
        {
            "throttle": 0.678250591744389,
            "brake": 0.0,
            "steer": 0.0
        },
        {
            "throttle": 0.6717234711982469,
            "brake": 0.0,
            "steer": 0.0
        },
        {
            "throttle": 0.6650237567440146,
            "brake": 0.0,
            "steer": 0.0
        },
        {
            "throttle": 0.6581671463558835,
            "brake": 0.0,
            "steer": 0.0
        },
        {
            "throttle": 0.6511697056282667,
            "brake": 0.0,
            "steer": 0.0
        },
        {
            "throttle": 0.6440478301327149,
            "brake": 0.0,
            "steer": 0.0
        },
        {
            "throttle": 0.6368182070016971,
            "brake": 0.0,
            "steer": 0.0
        },
        {
            "throttle": 0.6294977758292483,
            "brake": 0.0,
            "steer": 0.0
        },
        {
            "throttle": 0.6221036889800942,
            "brake": 0.0,
            "steer": 0.0
        },
        {
            "throttle": 0.6146532714002452,
            "brake": 0.0,
            "steer": 0.0
        },
        {
            "throttle": 0.6071639800232254,
            "brake": 0.0,
            "steer": 0.0
        },
        {
            "throttle": 0.5996533628670483,
            "brake": 0.0,
            "steer": 0.0
        },
        {
            "throttle": 0.5921390179177778,
            "brake": 0.0,
            "steer": 0.0
        },
        {
            "throttle": 0.5846385518960122,
            "brake": 0.0,
            "steer": 0.0
        },
        {
            "throttle": 0.5771695390029037,
            "brake": 0.0,
            "steer": 0.0
        },
        {
            "throttle": 0.5697494797423751,
            "brake": 0.0,
            "steer": 0.0
        },
        {
            "throttle": 0.5623957599160155,
            "brake": 0.0,
            "steer": 0.0
        },
        {
            "throttle": 0.5551256098867339,
            "brake": 0.0,
            "steer": 0.0
        },
        {
            "throttle": 0.547956064206618,
            "brake": 0.0,
            "steer": 0.0
        },
        {
            "throttle": 0.5409039217035947,
            "brake": 0.0,
            "steer": 0.0
        },
        {
            "throttle": 0.533985706120411,
            "brake": 0.0,
            "steer": 0.0
        },
        {
            "throttle": 0.5272176273981618,
            "brake": 0.0,
            "steer": 0.0
        },
        {
            "throttle": 0.5206155436950817,
            "brake": 0.0,
            "steer": 0.0
        },
        {
            "throttle": 0.5141949242295915,
            "brake": 0.0,
            "steer": 0.0
        },
        {
            "throttle": 0.5079708130346625,
            "brake": 0.0,
            "steer": 0.0
        },
        {
            "throttle": 0.5019577937084255,
            "brake": 0.0,
            "steer": 0.0
        },
        {
            "throttle": 0.4961699552436155,
            "brake": 0.0,
            "steer": 0.0
        },
        {
            "throttle": 0.4906208590159172,
            "brake": 0.0,
            "steer": 0.0
        },
        {
            "throttle": 0.48532350700856,
            "brake": 0.0,
            "steer": 0.0
        },
        {
            "throttle": 0.4802903113476153,
            "brake": 0.0,
            "steer": 0.0
        },
        {
            "throttle": 0.4755330652193769,
            "brake": 0.0,
            "steer": 0.0
        },
        {
            "throttle": 0.4710629152379671,
            "brake": 0.0,
            "steer": 0.0
        },
        {
            "throttle": 0.4668903353279149,
            "brake": 0.0,
            "steer": 0.0
        },
        {
            "throttle": 0.46302510218289933,
            "brake": 0.0,
            "steer": 0.0
        },
        {
            "throttle": 0.4594762723581626,
            "brake": 0.0,
            "steer": 0.0
        },
        {
            "throttle": 0.4562521610502651,
            "brake": 0.0,
            "steer": 0.0
        },
        {
            "throttle": 0.45336032261390463,
            "brake": 0.0,
            "steer": 0.0
        },
        {
            "throttle": 0.45080753286144937,
            "brake": 0.0,
            "steer": 0.0
        },
        {
            "throttle": 0.44859977318665933,
            "brake": 0.0,
            "steer": 0.0
        },
        {
            "throttle": 0.44674221654979496,
            "brake": 0.0,
            "steer": 0.0
        },
        {
            "throttle": 0.44523921535695066,
            "brake": 0.0,
            "steer": 0.0
        },
        {
            "throttle": 0.4440942912620143,
            "brake": 0.0,
            "steer": 0.0
        },
        {
            "throttle": 0.4433101269151455,
            "brake": 0.0,
            "steer": 0.0
        },
        {
            "throttle": 0.4428885596771087,
            "brake": 0.0,
            "steer": 0.0
        },
        {
            "throttle": 0.44283057731418785,
            "brake": 0.0,
            "steer": 0.0
        },
        {
            "throttle": 0.4431363156837692,
            "brake": 0.0,
            "steer": 0.0
        },
        {
            "throttle": 0.4438050584160169,
            "brake": 0.0,
            "steer": 0.0
        },
        {
            "throttle": 0.4448352385923855,
            "brake": 0.0,
            "steer": 0.0
        },
        {
            "throttle": 0.4462244424170374,
            "brake": 0.0,
            "steer": 0.0
        },
        {
            "throttle": 0.4479694148725627,
            "brake": 0.0,
            "steer": 0.0
        },
        {
            "throttle": 0.4500660673467493,
            "brake": 0.0,
            "steer": 0.0
        },
        {
            "throttle": 0.45250948721253337,
            "brake": 0.0,
            "steer": 0.0
        },
        {
            "throttle": 0.4552939493386837,
            "brake": 0.0,
            "steer": 0.0
        },
        {
            "throttle": 0.4584129295042494,
            "brake": 0.0,
            "steer": 0.0
        },
        {
            "throttle": 0.4618591196853392,
            "brake": 0.0,
            "steer": 0.0
        },
        {
            "throttle": 0.4656244451784156,
            "brake": 0.0,
            "steer": 0.0
        },
        {
            "throttle": 0.4697000835199806,
            "brake": 0.0,
            "steer": 0.0
        },
        {
            "throttle": 0.4740764851583247,
            "brake": 0.0,
            "steer": 0.0
        },
        {
            "throttle": 0.47874339582890235,
            "brake": 0.0,
            "steer": 0.0
        },
        {
            "throttle": 0.48368988058090656,
            "brake": 0.0,
            "steer": 0.0
        },
        {
            "throttle": 0.48890434939874705,
            "brake": 0.0,
            "steer": 0.0
        },
        {
            "throttle": 0.49437458435839815,
            "brake": 0.0,
            "steer": 0.0
        },
        {
            "throttle": 0.5000877682549874,
            "brake": 0.0,
            "steer": 0.0
        },
        {
            "throttle": 0.5060305146345475,
            "brake": 0.0,
            "steer": 0.0
        },
        {
            "throttle": 0.5121888991595659,
            "brake": 0.0,
            "steer": 0.0
        },
        {
            "throttle": 0.5185484922348382,
            "brake": 0.0,
            "steer": 0.0
        },
        {
            "throttle": 0.5250943928171821,
            "brake": 0.0,
            "steer": 0.0
        },
        {
            "throttle": 0.5318112633297916,
            "brake": 0.0,
            "steer": 0.0
        },
        {
            "throttle": 0.5386833655994262,
            "brake": 0.0,
            "steer": 0.0
        },
        {
            "throttle": 0.5456945977322287,
            "brake": 0.0,
            "steer": 0.0
        },
        {
            "throttle": 0.5528285318417705,
            "brake": 0.0,
            "steer": 0.0
        },
        {
            "throttle": 0.5600684525409241,
            "brake": 0.0,
            "steer": 0.0
        },
        {
            "throttle": 0.5673973961073729,
            "brake": 0.0,
            "steer": 0.0
        },
        {
            "throttle": 0.574798190230991,
            "brake": 0.0,
            "steer": 0.0
        },
        {
            "throttle": 0.58225349424996,
            "brake": 0.0,
            "steer": 0.0
        },
        {
            "throttle": 0.5897458397813488,
            "brake": 0.0,
            "steer": 0.0
        },
        {
            "throttle": 0.5972576716509539,
            "brake": 0.0,
            "steer": 0.0
        },
        {
            "throttle": 0.6047713890264983,
            "brake": 0.0,
            "steer": 0.0
        },
        {
            "throttle": 0.6122693866578115,
            "brake": 0.0,
            "steer": 0.0
        },
        {
            "throttle": 0.6197340961273605,
            "brake": 0.0,
            "steer": 0.0
        },
        {
            "throttle": 0.6271480270144798,
            "brake": 0.0,
            "steer": 0.0
        },
        {
            "throttle": 0.634493807876847,
            "brake": 0.0,
            "steer": 0.0
        },
        {
            "throttle": 0.6417542269531837,
            "brake": 0.0,
            "steer": 0.0
        },
        {
            "throttle": 0.6489122724918108,
            "brake": 0.0,
            "steer": 0.0
        },
        {
            "throttle": 0.6559511726105637,
            "brake": 0.0,
            "steer": 0.0
        },
        {
            "throttle": 0.6628544345946752,
            "brake": 0.0,
            "steer": 0.0
        },
        {
            "throttle": 0.6696058835405458,
            "brake": 0.0,
            "steer": 0.0
        },
        {
            "throttle": 0.676189700254857,
            "brake": 0.0,
            "steer": 0.0
        },
        {
            "throttle": 0.6825904583202257,
            "brake": 0.0,
            "steer": 0.0
        },
        {
            "throttle": 0.6887931602405537,
            "brake": 0.0,
            "steer": 0.0
        },
        {
            "throttle": 0.6947832725813796,
            "brake": 0.0,
            "steer": 0.0
        },
        {
            "throttle": 0.7005467600228956,
            "brake": 0.0,
            "steer": 0.0
        },
        {
            "throttle": 0.7060701182458424,
            "brake": 0.0,
            "steer": 0.0
        },
        {
            "throttle": 0.7113404055732266,
            "brake": 0.0,
            "steer": 0.0
        },
        {
            "throttle": 0.7163452732937202,
            "brake": 0.0,
            "steer": 0.0
        },
        {
            "throttle": 0.7210729945956951,
            "brake": 0.0,
            "steer": 0.0
        },
        {
            "throttle": 0.7255124920440952,
            "brake": 0.0,
            "steer": 0.0
        },
        {
            "throttle": 0.7296533635357664,
            "brake": 0.0,
            "steer": 0.0
        },
        {
            "throttle": 0.7334859066724295,
            "brake": 0.0,
            "steer": 0.0
        },
        {
            "throttle": 0.7370011414941874,
            "brake": 0.0,
            "steer": 0.0
        },
        {
            "throttle": 0.7401908315203007,
            "brake": 0.0,
            "steer": 0.0
        },
        {
            "throttle": 0.7430475030479311,
            "brake": 0.0,
            "steer": 0.0
        },
        {
            "throttle": 0.7455644626636342,
            "brake": 0.0,
            "steer": 0.0
        },
        {
            "throttle": 0.7477358129265708,
            "brake": 0.0,
            "steer": 0.0
        },
        {
            "throttle": 0.74955646618669,
            "brake": 0.0,
            "steer": 0.0
        },
        {
            "throttle": 0.7510221565055073,
            "brake": 0.0,
            "steer": 0.0
        },
        {
            "throttle": 0.7521294496515432,
            "brake": 0.0,
            "steer": 0.0
        },
        {
            "throttle": 0.7528757511470083,
            "brake": 0.0,
            "steer": 0.0
        },
        {
            "throttle": 0.7532593123468747,
            "brake": 0.0,
            "steer": 0.0
        },
        {
            "throttle": 0.7532792345360934,
            "brake": 0.0,
            "steer": 0.0
        },
        {
            "throttle": 0.7529354710353565,
            "brake": 0.0,
            "steer": 0.0
        },
        {
            "throttle": 0.7522288273104712,
            "brake": 0.0,
            "steer": 0.0
        },
        {
            "throttle": 0.7511609590850876,
            "brake": 0.0,
            "steer": 0.0
        },
        {
            "throttle": 0.7497343684612036,
            "brake": 0.0,
            "steer": 0.0
        },
        {
            "throttle": 0.7479523980565365,
            "brake": 0.0,
            "steer": 0.0
        },
        {
            "throttle": 0.7458192231724989,
            "brake": 0.0,
            "steer": 0.0
        },
        {
            "throttle": 0.7433398420111278,
            "brake": 0.0,
            "steer": 0.0
        },
        {
            "throttle": 0.7405200639638911,
            "brake": 0.0,
            "steer": 0.0
        },
        {
            "throttle": 0.7373664959998116,
            "brake": 0.0,
            "steer": 0.0
        },
        {
            "throttle": 0.7338865271848021,
            "brake": 0.0,
            "steer": 0.0
        },
        {
            "throttle": 0.7300883113684834,
            "brake": 0.0,
            "steer": 0.0
        },
        {
            "throttle": 0.7259807480790526,
            "brake": 0.0,
            "steer": 0.0
        },
        {
            "throttle": 0.7215734616709653,
            "brake": 0.0,
            "steer": 0.0
        },
        {
            "throttle": 0.7168767787742915,
            "brake": 0.0,
            "steer": 0.0
        },
        {
            "throttle": 0.7119017040985822,
            "brake": 0.0,
            "steer": 0.0
        },
        {
            "throttle": 0.7066598946479418,
            "brake": 0.0,
            "steer": 0.0
        },
        {
            "throttle": 0.7011636324077193,
            "brake": 0.0,
            "steer": 0.0
        },
        {
            "throttle": 0.6954257955668199,
            "brake": 0.0,
            "steer": 0.0
        },
        {
            "throttle": 0.6894598283430619,
            "brake": 0.0,
            "steer": 0.0
        },
        {
            "throttle": 0.6832797094822822,
            "brake": 0.0,
            "steer": 0.0
        },
        {
            "throttle": 0.6768999195049995,
            "brake": 0.0,
            "steer": 0.0
        },
        {
            "throttle": 0.6703354067773782,
            "brake": 0.0,
            "steer": 0.0
        },
        {
            "throttle": 0.6636015524859923,
            "brake": 0.0,
            "steer": 0.0
        },
        {
            "throttle": 0.6567141345984556,
            "brake": 0.0,
            "steer": 0.0
        },
        {
            "throttle": 0.6496892908943626,
            "brake": 0.0,
            "steer": 0.0
        },
        {
            "throttle": 0.6425434811531588,
            "brake": 0.0,
            "steer": 0.0
        },
        {
            "throttle": 0.6352934485875416,
            "brake": 0.0,
            "steer": 0.0
        },
        {
            "throttle": 0.6279561806127518,
            "brake": 0.0,
            "steer": 0.0
        },
        {
            "throttle": 0.6205488690436807,
            "brake": 0.0,
            "steer": 0.0
        },
        {
            "throttle": 0.6130888698130506,
            "brake": 0.0,
            "steer": 0.0
        },
        {
            "throttle": 0.6055936623050548,
            "brake": 0.0,
            "steer": 0.0
        },
        {
            "throttle": 0.5980808083997408,
            "brake": 0.0,
            "steer": 0.0
        },
        {
            "throttle": 0.5905679113240979,
            "brake": 0.0,
            "steer": 0.0
        },
        {
            "throttle": 0.5830725744062676,
            "brake": 0.0,
            "steer": 0.0
        }
    ],
    "parameters": {
        "fog_density": 76.77370467926875,
        "precipitation": 95.27371594595726,
        "precipitation_deposits": 58.37763077448335,
        "wind_intensity": 16.03610170806895,
        "sun_altitude_angle": 73.20312772520118,
        "cloudiness": 10.48634870802685,
        "lead_base_throttle": 0.5980623838021981,
        "lead_behavior_frequency": 0.0770470851245844,
        "lead_throttle_variation": 0.15666118766049167,
        "lead_brake_probability": 0.020683299514016096,
        "lead_brake_intensity": 0.700149031322394,
        "lead_brake_duration": 8.2250521164371,
        "initial_distance": 22.09048442638352,
        "initial_ego_velocity": 17.04071918348279,
        "initial_lead_velocity": 17.2716775056236
    },
    "config": {
        "num_timesteps": 200,
        "dt": 0.1,
        "seed": 209
    }
}