{
    "weather": {
        "cloudiness": 56.32901442307069,
        "precipitation": 90.88183492831875,
        "precipitation_deposits": 87.04216797727305,
        "wind_intensity": 27.282410315538907,
        "sun_altitude_angle": 74.07515452011769,
        "fog_density": 12.120539455943371,
        "fog_distance": 667.6321158905596,
        "wetness": 45.44091746415938
    },
    "initial_conditions": {
        "ego": {
            "position": {
                "x": 505.89285744885376,
                "y": 20.57,
                "z": 0.294
            },
            "yaw": 0.0,
            "velocity": 5.732766565311923
        },
        "lead": {
            "position": {
                "x": 484.88,
                "y": 20.57,
                "z": 0.294
            },
            "yaw": 0.0,
            "velocity": 12.209647157449453
        }
    },
    "ego": {
        "position": {
            "x": 505.89285744885376,
            "y": 20.57,
            "z": 0.294
        },
        "yaw": 0.0,
        "velocity": 5.732766565311923
    },
    "lead": {
        "position": {
            "x": 484.88,
            "y": 20.57,
            "z": 0.294
        },
        "yaw": 0.0,
        "velocity": 12.209647157449453
    },
    "ado_actions": [
        {
            "throttle": 0.20182323375963512,
            "brake": 0.0,
            "steer": 0.0
        },
        {
            "throttle": 0.2151601298939282,
            "brake": 0.0,
            "steer": 0.0
        },
        {
            "throttle": 0.23764291801027326,
            "brake": 0.0,
            "steer": 0.0
        },
        {
            "throttle": 0.2661506648240674,
            "brake": 0.0,
            "steer": 0.0
        },
        {
            "throttle": 0.2983168580040005,
            "brake": 0.0,
            "steer": 0.0
        },
        {
            "throttle": 0.3323110411488611,
            "brake": 0.0,
            "steer": 0.0
        },
        {
            "throttle": 0.3666884348090742,
            "brake": 0.0,
            "steer": 0.0
        },
        {
            "throttle": 0.40028699909125315,
            "brake": 0.0,
            "steer": 0.0
        },
        {
            "throttle": 0.43215752357029236,
            "brake": 0.0,
            "steer": 0.0
        },
        {
            "throttle": 0.4615166239529792,
            "brake": 0.0,
            "steer": 0.0
        },
        {
            "throttle": 0.4877155335650689,
            "brake": 0.0,
            "steer": 0.0
        },
        {
            "throttle": 0.5102196871898742,
            "brake": 0.0,
            "steer": 0.0
        },
        {
            "throttle": 0.5285955751657674,
            "brake": 0.0,
            "steer": 0.0
        },
        {
            "throttle": 0.5425023859655903,
            "brake": 0.0,
            "steer": 0.0
        },
        {
            "throttle": 0.5516866879842472,
            "brake": 0.0,
            "steer": 0.0
        },
        {
            "throttle": 0.5559789184667346,
            "brake": 0.0,
            "steer": 0.0
        },
        {
            "throttle": 0.555290814114626,
            "brake": 0.0,
            "steer": 0.0
        },
        {
            "throttle": 0.5496131791375714,
            "brake": 0.0,
            "steer": 0.0
        },
        {
            "throttle": 0.5390135739582186,
            "brake": 0.0,
            "steer": 0.0
        },
        {
            "throttle": 0.5236336434822251,
            "brake": 0.0,
            "steer": 0.0
        },
        {
            "throttle": 0.5036859031793903,
            "brake": 0.0,
            "steer": 0.0
        },
        {
            "throttle": 0.4794498748843336,
            "brake": 0.0,
            "steer": 0.0
        },
        {
            "throttle": 0.45126751964463974,
            "brake": 0.0,
            "steer": 0.0
        },
        {
            "throttle": 0.41953795726642007,
            "brake": 0.0,
            "steer": 0.0
        },
        {
            "throttle": 0.38471149498335355,
            "brake": 0.0,
            "steer": 0.0
        },
        {
            "throttle": 0.3472830133466912,
            "brake": 0.0,
            "steer": 0.0
        },
        {
            "throttle": 0.3077847776704298,
            "brake": 0.0,
            "steer": 0.0
        },
        {
            "throttle": 0.2667787593046083,
            "brake": 0.0,
            "steer": 0.0
        },
        {
            "throttle": 0.22484856342090226,
            "brake": 0.0,
            "steer": 0.0
        },
        {
            "throttle": 0.18259106939984623,
            "brake": 0.0,
            "steer": 0.0
        },
        {
            "throttle": 0.1406078966629067,
            "brake": 0.0,
            "steer": 0.0
        },
        {
            "throttle": 0.09949681314119403,
            "brake": 0.0,
            "steer": 0.0
        },
        {
            "throttle": 0.06964776919883582,
            "brake": 0.0,
            "steer": 0.0
        },
        {
            "throttle": 0.04875343843918507,
            "brake": 0.0,
            "steer": 0.0
        },
        {
            "throttle": 0.03412740690742955,
            "brake": 0.0,
            "steer": 0.0
        },
        {
            "throttle": 0.02388918483520068,
            "brake": 0.0,
            "steer": 0.0
        },
        {
            "throttle": 0.016722429384640476,
            "brake": 0.0,
            "steer": 0.0
        },
        {
            "throttle": 0.011705700569248332,
            "brake": 0.0,
            "steer": 0.0
        },
        {
            "throttle": 0.008193990398473832,
            "brake": 0.0,
            "steer": 0.0
        },
        {
            "throttle": 0.005735793278931682,
            "brake": 0.0,
            "steer": 0.0
        },
        {
            "throttle": 0.004015055295252177,
            "brake": 0.0,
            "steer": 0.0
        },
        {
            "throttle": 0.0028105387066765237,
            "brake": 0.0,
            "steer": 0.0
        },
        {
            "throttle": 0.0019673770946735665,
            "brake": 0.0,
            "steer": 0.0
        },
        {
            "throttle": 0.0013771639662714965,
            "brake": 0.0,
            "steer": 0.0
        },
        {
            "throttle": 0.0009640147763900474,
            "brake": 0.0,
            "steer": 0.0
        },
        {
            "throttle": 0.0006748103434730332,
            "brake": 0.0,
            "steer": 0.0
        },
        {
            "throttle": 0.0004723672404311232,
            "brake": 0.0,
            "steer": 0.0
        },
        {
            "throttle": 0.00033065706830178625,
            "brake": 0.0,
            "steer": 0.0
        },
        {
            "throttle": 0.002106944180712487,
            "brake": 0.0,
            "steer": 0.0
        },
        {
            "throttle": 0.015126987627121434,
            "brake": 0.0,
            "steer": 0.0
        },
        {
            "throttle": 0.03668550605592341,
            "brake": 0.0,
            "steer": 0.0
        },
        {
            "throttle": 0.06471157629911556,
            "brake": 0.0,
            "steer": 0.0
        },
        {
            "throttle": 0.0975713388391192,
            "brake": 0.0,
            "steer": 0.0
        },
        {
            "throttle": 0.13393251508033854,
            "brake": 0.0,
            "steer": 0.0
        },
        {
            "throttle": 0.17267225502803504,
            "brake": 0.0,
            "steer": 0.0
        },
        {
            "throttle": 0.21281534014992898,
            "brake": 0.0,
            "steer": 0.0
        },
        {
            "throttle": 0.2534936201765939,
            "brake": 0.0,
            "steer": 0.0
        },
        {
            "throttle": 0.29392026059235576,
            "brake": 0.0,
            "steer": 0.0
        },
        {
            "throttle": 0.33337426692110506,
            "brake": 0.0,
            "steer": 0.0
        },
        {
            "throttle": 0.37119207574983926,
            "brake": 0.0,
            "steer": 0.0
        },
        {
            "throttle": 0.406763930928559,
            "brake": 0.0,
            "steer": 0.0
        },
        {
            "throttle": 0.43953341563275283,
            "brake": 0.0,
            "steer": 0.0
        },
        {
            "throttle": 0.4689989703074454,
            "brake": 0.0,
            "steer": 0.0
        },
        {
            "throttle": 0.4947165512236912,
            "brake": 0.0,
            "steer": 0.0
        },
        {
            "throttle": 0.5163028152300069,
            "brake": 0.0,
            "steer": 0.0
        },
        {
            "throttle": 0.5334383817543439,
            "brake": 0.0,
            "steer": 0.0
        },
        {
            "throttle": 0.5458708430888259,
            "brake": 0.0,
            "steer": 0.0
        },
        {
            "throttle": 0.5534172823280166,
            "brake": 0.0,
            "steer": 0.0
        },
        {
            "throttle": 0.5559661246707761,
            "brake": 0.0,
            "steer": 0.0
        },
        {
            "throttle": 0.5534781988189021,
            "brake": 0.0,
            "steer": 0.0
        },
        {
            "throttle": 0.545986925525563,
            "brake": 0.0,
            "steer": 0.0
        },
        {
            "throttle": 0.5335975831264689,
            "brake": 0.0,
            "steer": 0.0
        },
        {
            "throttle": 0.5164856272762912,
            "brake": 0.0,
            "steer": 0.0
        },
        {
            "throttle": 0.4948940655534232,
            "brake": 0.0,
            "steer": 0.0
        },
        {
            "throttle": 0.4691299080359518,
            "brake": 0.0,
            "steer": 0.0
        },
        {
            "throttle": 0.4395597329970099,
            "brake": 0.0,
            "steer": 0.0
        },
        {
            "throttle": 0.4066044228896813,
            "brake": 0.0,
            "steer": 0.0
        },
        {
            "throttle": 0.3707331400019108,
            "brake": 0.0,
            "steer": 0.0
        },
        {
            "throttle": 0.3324566236658451,
            "brake": 0.0,
            "steer": 0.0
        },
        {
            "throttle": 0.29231990174111033,
            "brake": 0.0,
            "steer": 0.0
        },
        {
            "throttle": 0.25089451825422887,
            "brake": 0.0,
            "steer": 0.0
        },
        {
            "throttle": 0.20877038654178126,
            "brake": 0.0,
            "steer": 0.0
        },
        {
            "throttle": 0.1665473829806238,
            "brake": 0.0,
            "steer": 0.0
        },
        {
            "throttle": 0.12482680036452451,
            "brake": 0.0,
            "steer": 0.0
        },
        {
            "throttle": 0.08737876025516715,
            "brake": 0.0,
            "steer": 0.0
        },
        {
            "throttle": 0.061165132178617,
            "brake": 0.0,
            "steer": 0.0
        },
        {
            "throttle": 0.0428155925250319,
            "brake": 0.0,
            "steer": 0.0
        },
        {
            "throttle": 0.029970914767522328,
            "brake": 0.0,
            "steer": 0.0
        },
        {
            "throttle": 0.02097964033726563,
            "brake": 0.0,
            "steer": 0.0
        },
        {
            "throttle": 0.01468574823608594,
            "brake": 0.0,
            "steer": 0.0
        },
        {
            "throttle": 0.010280023765260157,
            "brake": 0.0,
            "steer": 0.0
        },
        {
            "throttle": 0.007196016635682109,
            "brake": 0.0,
            "steer": 0.0
        },
        {
            "throttle": 0.005037211644977476,
            "brake": 0.0,
            "steer": 0.0
        },
        {
            "throttle": 0.0035260481514842327,
            "brake": 0.0,
            "steer": 0.0
        },
        {
            "throttle": 0.0024682337060389628,
            "brake": 0.0,
            "steer": 0.0
        },
        {
            "throttle": 0.0017277635942272737,
            "brake": 0.0,
            "steer": 0.0
        },
        {
            "throttle": 0.0012094345159590915,
            "brake": 0.0,
            "steer": 0.0
        },
        {
            "throttle": 0.0008466041611713641,
            "brake": 0.0,
            "steer": 0.0
        },
        {
            "throttle": 0.0005926229128199548,
            "brake": 0.0,
            "steer": 0.0
        },
        {
            "throttle": 0.00041483603897396834,
            "brake": 0.0,
            "steer": 0.0
        },
        {
            "throttle": 0.0002903852272817778,
            "brake": 0.0,
            "steer": 0.0
        },
        {
            "throttle": 0.0064706621980658964,
            "brake": 0.0,
            "steer": 0.0
        },
        {
            "throttle": 0.022847980918249855,
            "brake": 0.0,
            "steer": 0.0
        },
        {
            "throttle": 0.0469646187415341,
            "brake": 0.0,
            "steer": 0.0
        },
        {
            "throttle": 0.07691998101400883,
            "brake": 0.0,
            "steer": 0.0
        },
        {
            "throttle": 0.11119746420744099,
            "brake": 0.0,
            "steer": 0.0
        },
        {
            "throttle": 0.14854591166935066,
            "brake": 0.0,
            "steer": 0.0
        },
        {
            "throttle": 0.18789933186936517,
            "brake": 0.0,
            "steer": 0.0
        },
        {
            "throttle": 0.22832340961695385,
            "brake": 0.0,
            "steer": 0.0
        },
        {
            "throttle": 0.2689807430112228,
            "brake": 0.0,
            "steer": 0.0
        },
        {
            "throttle": 0.30910912090129417,
            "brake": 0.0,
            "steer": 0.0
        },
        {
            "throttle": 0.34800882400961464,
            "brake": 0.0,
            "steer": 0.0
        },
        {
            "throttle": 0.38503610222319495,
            "brake": 0.0,
            "steer": 0.0
        },
        {
            "throttle": 0.41960080110407233,
            "brake": 0.0,
            "steer": 0.0
        },
        {
            "throttle": 0.4511666875320878,
            "brake": 0.0,
            "steer": 0.0
        },
        {
            "throttle": 0.47925343112037677,
            "brake": 0.0,
            "steer": 0.0
        },
        {
            "throttle": 0.5034394860801471,
            "brake": 0.0,
            "steer": 0.0
        },
        {
            "throttle": 0.5233653235193336,
            "brake": 0.0,
            "steer": 0.0
        },
        {
            "throttle": 0.5387366118612079,
            "brake": 0.0,
            "steer": 0.0
        },
        {
            "throttle": 0.549327050692353,
            "brake": 0.0,
            "steer": 0.0
        },
        {
            "throttle": 0.5549806431041964,
            "brake": 0.0,
            "steer": 0.0
        },
        {
            "throttle": 0.555613251962299,
            "brake": 0.0,
            "steer": 0.0
        },
        {
            "throttle": 0.5512133323968117,
            "brake": 0.0,
            "steer": 0.0
        },
        {
            "throttle": 0.5418417702021938,
            "brake": 0.0,
            "steer": 0.0
        },
        {
            "throttle": 0.5276307865314207,
            "brake": 0.0,
            "steer": 0.0
        },
        {
            "throttle": 0.5087818951419779,
            "brake": 0.0,
            "steer": 0.0
        },
        {
            "throttle": 0.48556292074627505,
            "brake": 0.0,
            "steer": 0.0
        },
        {
            "throttle": 0.4583041065519249,
            "brake": 0.0,
            "steer": 0.0
        },
        {
            "throttle": 0.4273933563616653,
            "brake": 0.0,
            "steer": 0.0
        },
        {
            "throttle": 0.39327067194695925,
            "brake": 0.0,
            "steer": 0.0
        },
        {
            "throttle": 0.3564218599831468,
            "brake": 0.0,
            "steer": 0.0
        },
        {
            "throttle": 0.3173715947158655,
            "brake": 0.0,
            "steer": 0.0
        },
        {
            "throttle": 0.27667593273930263,
            "brake": 0.0,
            "steer": 0.0
        },
        {
            "throttle": 0.2349143847944197,
            "brake": 0.0,
            "steer": 0.0
        },
        {
            "throttle": 0.19268165631136058,
            "brake": 0.0,
            "steer": 0.0
        },
        {
            "throttle": 0.1505791734929943,
            "brake": 0.0,
            "steer": 0.0
        },
        {
            "throttle": 0.10920651503936575,
            "brake": 0.0,
            "steer": 0.0
        },
        {
            "throttle": 0.07644456052755602,
            "brake": 0.0,
            "steer": 0.0
        },
        {
            "throttle": 0.05351119236928921,
            "brake": 0.0,
            "steer": 0.0
        },
        {
            "throttle": 0.03745783465850244,
            "brake": 0.0,
            "steer": 0.0
        },
        {
            "throttle": 0.026220484260951707,
            "brake": 0.0,
            "steer": 0.0
        },
        {
            "throttle": 0.018354338982666193,
            "brake": 0.0,
            "steer": 0.0
        },
        {
            "throttle": 0.012848037287866335,
            "brake": 0.0,
            "steer": 0.0
        },
        {
            "throttle": 0.008993626101506433,
            "brake": 0.0,
            "steer": 0.0
        },
        {
            "throttle": 0.0062955382710545025,
            "brake": 0.0,
            "steer": 0.0
        },
        {
            "throttle": 0.004406876789738151,
            "brake": 0.0,
            "steer": 0.0
        },
        {
            "throttle": 0.0030848137528167057,
            "brake": 0.0,
            "steer": 0.0
        },
        {
            "throttle": 0.0021593696269716937,
            "brake": 0.0,
            "steer": 0.0
        },
        {
            "throttle": 0.0015115587388801854,
            "brake": 0.0,
            "steer": 0.0
        },
        {
            "throttle": 0.0010580911172161298,
            "brake": 0.0,
            "steer": 0.0
        },
        {
            "throttle": 0.0007406637820512908,
            "brake": 0.0,
            "steer": 0.0
        },
        {
            "throttle": 0.0005184646474359036,
            "brake": 0.0,
            "steer": 0.0
        },
        {
            "throttle": 0.0003629252532051325,
            "brake": 0.0,
            "steer": 0.0
        },
        {
            "throttle": 0.0002540476772435927,
            "brake": 0.0,
            "steer": 0.0
        },
        {
            "throttle": 0.010949191169273498,
            "brake": 0.0,
            "steer": 0.0
        },
        {
            "throttle": 0.03073651999885678,
            "brake": 0.0,
            "steer": 0.0
        },
        {
            "throttle": 0.057422071239642526,
            "brake": 0.0,
            "steer": 0.0
        },
        {
            "throttle": 0.0892872914510962,
            "brake": 0.0,
            "steer": 0.0
        },
        {
            "throttle": 0.12494141635634268,
            "brake": 0.0,
            "steer": 0.0
        },
        {
            "throttle": 0.16322081081144044,
            "brake": 0.0,
            "steer": 0.0
        },
        {
            "throttle": 0.20312121406531203,
            "brake": 0.0,
            "steer": 0.0
        },
        {
            "throttle": 0.24375301325445695,
            "brake": 0.0,
            "steer": 0.0
        },
        {
            "throttle": 0.2843125927158976,
            "brake": 0.0,
            "steer": 0.0
        },
        {
            "throttle": 0.3240648545751844,
            "brake": 0.0,
            "steer": 0.0
        },
        {
            "throttle": 0.36233344074255586,
            "brake": 0.0,
            "steer": 0.0
        },
        {
            "throttle": 0.39849619241111134,
            "brake": 0.0,
            "steer": 0.0
        },
        {
            "throttle": 0.43198408950921585,
            "brake": 0.0,
            "steer": 0.0
        },
        {
            "throttle": 0.4622824096633133,
            "brake": 0.0,
            "steer": 0.0
        },
        {
            "throttle": 0.48893319728275375,
            "brake": 0.0,
            "steer": 0.0
        },
        {
            "throttle": 0.5115383825853044,
            "brake": 0.0,
            "steer": 0.0
        },
        {
            "throttle": 0.5297630686314595,
            "brake": 0.0,
            "steer": 0.0
        },
        {
            "throttle": 0.5433386332968263,
            "brake": 0.0,
            "steer": 0.0
        },
        {
            "throttle": 0.5520653876250746,
            "brake": 0.0,
            "steer": 0.0
        },
        {
            "throttle": 0.5558146026360544,
            "brake": 0.0,
            "steer": 0.0
        },
        {
            "throttle": 0.554529770677795,
            "brake": 0.0,
            "steer": 0.0
        },
        {
            "throttle": 0.5482270098262656,
            "brake": 0.0,
            "steer": 0.0
        },
        {
            "throttle": 0.5369945541007655,
            "brake": 0.0,
            "steer": 0.0
        },
        {
            "throttle": 0.5209913007238993,
            "brake": 0.0,
            "steer": 0.0
        },
        {
            "throttle": 0.5004444098933677,
            "brake": 0.0,
            "steer": 0.0
        },
        {
            "throttle": 0.47564597359282723,
            "brake": 0.0,
            "steer": 0.0
        },
        {
            "throttle": 0.4469487885237745,
            "brake": 0.0,
            "steer": 0.0
        },
        {
            "throttle": 0.41476128470652307,
            "brake": 0.0,
            "steer": 0.0
        },
        {
            "throttle": 0.37954167591806676,
            "brake": 0.0,
            "steer": 0.0
        },
        {
            "throttle": 0.34179141103343197,
            "brake": 0.0,
            "steer": 0.0
        },
        {
            "throttle": 0.30204801656490005,
            "brake": 0.0,
            "steer": 0.0
        },
        {
            "throttle": 0.2608774302538344,
            "brake": 0.0,
            "steer": 0.0
        },
        {
            "throttle": 0.2188659334410783,
            "brake": 0.0,
            "steer": 0.0
        },
        {
            "throttle": 0.17661179609201227,
            "brake": 0.0,
            "steer": 0.0
        },
        {
            "throttle": 0.13471675274988854,
            "brake": 0.0,
            "steer": 0.0
        },
        {
            "throttle": 0.09430172692492197,
            "brake": 0.0,
            "steer": 0.0
        },
        {
            "throttle": 0.06601120884744538,
            "brake": 0.0,
            "steer": 0.0
        },
        {
            "throttle": 0.04620784619321176,
            "brake": 0.0,
            "steer": 0.0
        },
        {
            "throttle": 0.032345492335248235,
            "brake": 0.0,
            "steer": 0.0
        },
        {
            "throttle": 0.022641844634673763,
            "brake": 0.0,
            "steer": 0.0
        },
        {
            "throttle": 0.015849291244271632,
            "brake": 0.0,
            "steer": 0.0
        },
        {
            "throttle": 0.011094503870990141,
            "brake": 0.0,
            "steer": 0.0
        },
        {
            "throttle": 0.007766152709693099,
            "brake": 0.0,
            "steer": 0.0
        },
        {
            "throttle": 0.005436306896785169,
            "brake": 0.0,
            "steer": 0.0
        },
        {
            "throttle": 0.003805414827749618,
            "brake": 0.0,
            "steer": 0.0
        },
        {
            "throttle": 0.0026637903794247326,
            "brake": 0.0,
            "steer": 0.0
        }
    ],
    "parameters": {
        "fog_density": 12.120539455943371,
        "precipitation": 90.88183492831875,
        "precipitation_deposits": 87.04216797727305,
        "wind_intensity": 27.282410315538907,
        "sun_altitude_angle": 74.07515452011769,
        "cloudiness": 56.32901442307069,
        "lead_base_throttle": 0.20182323375963512,
        "lead_behavior_frequency": 0.19004377436410658,
        "lead_throttle_variation": 0.3731921828842543,
        "lead_brake_probability": 0.038584876867403924,
        "lead_brake_intensity": 0.7760958399011381,
        "lead_brake_duration": 20.071379301751772,
        "initial_distance": 21.012857448853783,
        "initial_ego_velocity": 5.732766565311923,
        "initial_lead_velocity": 12.209647157449453
    },
    "config": {
        "num_timesteps": 200,
        "dt": 0.1,
        "seed": 150
    }
}