{
    "weather": {
        "cloudiness": 82.1870455030126,
        "precipitation": 41.502876405680844,
        "precipitation_deposits": 2.321637564500978,
        "wind_intensity": 38.99359525748918,
        "sun_altitude_angle": 81.22077307604101,
        "fog_density": 9.251111436659869,
        "fog_distance": 734.6431695779667,
        "wetness": 20.751438202840422
    },
    "initial_conditions": {
        "ego": {
            "position": {
                "x": 530.2251979778363,
                "y": 20.57,
                "z": 0.294
            },
            "yaw": 0.0,
            "velocity": 19.666736689214964
        },
        "lead": {
            "position": {
                "x": 484.88,
                "y": 20.57,
                "z": 0.294
            },
            "yaw": 0.0,
            "velocity": 9.865662288662843
        }
    },
    "ego": {
        "position": {
            "x": 530.2251979778363,
            "y": 20.57,
            "z": 0.294
        },
        "yaw": 0.0,
        "velocity": 19.666736689214964
    },
    "lead": {
        "position": {
            "x": 484.88,
            "y": 20.57,
            "z": 0.294
        },
        "yaw": 0.0,
        "velocity": 9.865662288662843
    },
    "ado_actions": [
        {
            "throttle": 0.44691413324563534,
            "brake": 0.0,
            "steer": 0.0
        },
        {
            "throttle": 0.45495346508867957,
            "brake": 0.0,
            "steer": 0.0
        },
        {
            "throttle": 0.4685804365413415,
            "brake": 0.0,
            "steer": 0.0
        },
        {
            "throttle": 0.48603916831471244,
            "brake": 0.0,
            "steer": 0.0
        },
        {
            "throttle": 0.5060612451087616,
            "brake": 0.0,
            "steer": 0.0
        },
        {
            "throttle": 0.5277200663563959,
            "brake": 0.0,
            "steer": 0.0
        },
        {
            "throttle": 0.5503290838299115,
            "brake": 0.0,
            "steer": 0.0
        },
        {
            "throttle": 0.5733707561705575,
            "brake": 0.0,
            "steer": 0.0
        },
        {
            "throttle": 0.5964470004498081,
            "brake": 0.0,
            "steer": 0.0
        },
        {
            "throttle": 0.6192446859283391,
            "brake": 0.0,
            "steer": 0.0
        },
        {
            "throttle": 0.6415116507472972,
            "brake": 0.0,
            "steer": 0.0
        },
        {
            "throttle": 0.6630400772172386,
            "brake": 0.0,
            "steer": 0.0
        },
        {
            "throttle": 0.6836550098586635,
            "brake": 0.0,
            "steer": 0.0
        },
        {
            "throttle": 0.7032064643310763,
            "brake": 0.0,
            "steer": 0.0
        },
        {
            "throttle": 0.7215640402204512,
            "brake": 0.0,
            "steer": 0.0
        },
        {
            "throttle": 0.738613276086496,
            "brake": 0.0,
            "steer": 0.0
        },
        {
            "throttle": 0.7542532130249759,
            "brake": 0.0,
            "steer": 0.0
        },
        {
            "throttle": 0.7683947925529862,
            "brake": 0.0,
            "steer": 0.0
        },
        {
            "throttle": 0.7809598263696431,
            "brake": 0.0,
            "steer": 0.0
        },
        {
            "throttle": 0.7918803538261712,
            "brake": 0.0,
            "steer": 0.0
        },
        {
            "throttle": 0.8010982577989533,
            "brake": 0.0,
            "steer": 0.0
        },
        {
            "throttle": 0.8085650481253039,
            "brake": 0.0,
            "steer": 0.0
        },
        {
            "throttle": 0.8142417487541532,
            "brake": 0.0,
            "steer": 0.0
        },
        {
            "throttle": 0.8180988437259087,
            "brake": 0.0,
            "steer": 0.0
        },
        {
            "throttle": 0.8201162504375553,
            "brake": 0.0,
            "steer": 0.0
        },
        {
            "throttle": 0.8202832980572589,
            "brake": 0.0,
            "steer": 0.0
        },
        {
            "throttle": 0.8185986956077034,
            "brake": 0.0,
            "steer": 0.0
        },
        {
            "throttle": 0.8150704789650249,
            "brake": 0.0,
            "steer": 0.0
        },
        {
            "throttle": 0.8097159293982813,
            "brake": 0.0,
            "steer": 0.0
        },
        {
            "throttle": 0.8025614587070381,
            "brake": 0.0,
            "steer": 0.0
        },
        {
            "throttle": 0.7936424577843904,
            "brake": 0.0,
            "steer": 0.0
        },
        {
            "throttle": 0.7830031067370231,
            "brake": 0.0,
            "steer": 0.0
        },
        {
            "throttle": 0.7706961456706342,
            "brake": 0.0,
            "steer": 0.0
        },
        {
            "throttle": 0.7567826059943936,
            "brake": 0.0,
            "steer": 0.0
        },
        {
            "throttle": 0.7413315026791506,
            "brake": 0.0,
            "steer": 0.0
        },
        {
            "throttle": 0.7244194883674304,
            "brake": 0.0,
            "steer": 0.0
        },
        {
            "throttle": 0.7061304706112768,
            "brake": 0.0,
            "steer": 0.0
        },
        {
            "throttle": 0.6865551938290517,
            "brake": 0.0,
            "steer": 0.0
        },
        {
            "throttle": 0.6657907878398478,
            "brake": 0.0,
            "steer": 0.0
        },
        {
            "throttle": 0.6439402850647395,
            "brake": 0.0,
            "steer": 0.0
        },
        {
            "throttle": 0.6211121086848924,
            "brake": 0.0,
            "steer": 0.0
        },
        {
            "throttle": 0.59741953422238,
            "brake": 0.0,
            "steer": 0.0
        },
        {
            "throttle": 0.5729801271636457,
            "brake": 0.0,
            "steer": 0.0
        },
        {
            "throttle": 0.5479151593799624,
            "brake": 0.0,
            "steer": 0.0
        },
        {
            "throttle": 0.5223490072153418,
            "brake": 0.0,
            "steer": 0.0
        },
        {
            "throttle": 0.49640853421092335,
            "brake": 0.0,
            "steer": 0.0
        },
        {
            "throttle": 0.4702224615164433,
            "brake": 0.0,
            "steer": 0.0
        },
        {
            "throttle": 0.44392072910421626,
            "brake": 0.0,
            "steer": 0.0
        },
        {
            "throttle": 0.41763385094930894,
            "brake": 0.0,
            "steer": 0.0
        },
        {
            "throttle": 0.3914922673713589,
            "brake": 0.0,
            "steer": 0.0
        },
        {
            "throttle": 0.36562569774885356,
            "brake": 0.0,
            "steer": 0.0
        },
        {
            "throttle": 0.34016249681573274,
            "brake": 0.0,
            "steer": 0.0
        },
        {
            "throttle": 0.3152290177330292,
            "brake": 0.0,
            "steer": 0.0
        },
        {
            "throttle": 0.2909489850950814,
            "brake": 0.0,
            "steer": 0.0
        },
        {
            "throttle": 0.267442880980863,
            "brake": 0.0,
            "steer": 0.0
        },
        {
            "throttle": 0.24482734709645593,
            "brake": 0.0,
            "steer": 0.0
        },
        {
            "throttle": 0.22321460597499798,
            "brake": 0.0,
            "steer": 0.0
        },
        {
            "throttle": 0.20271190410597337,
            "brake": 0.0,
            "steer": 0.0
        },
        {
            "throttle": 0.18342097975697236,
            "brake": 0.0,
            "steer": 0.0
        },
        {
            "throttle": 0.16543755812856709,
            "brake": 0.0,
            "steer": 0.0
        },
        {
            "throttle": 0.1488508763473571,
            "brake": 0.0,
            "steer": 0.0
        },
        {
            "throttle": 0.13374324065419918,
            "brake": 0.0,
            "steer": 0.0
        },
        {
            "throttle": 0.12018961798489512,
            "brake": 0.0,
            "steer": 0.0
        },
        {
            "throttle": 0.10825726396996307,
            "brake": 0.0,
            "steer": 0.0
        },
        {
            "throttle": 0.09800538919940664,
            "brake": 0.0,
            "steer": 0.0
        },
        {
            "throttle": 0.08948486540852539,
            "brake": 0.0,
            "steer": 0.0
        },
        {
            "throttle": 0.0827379730427178,
            "brake": 0.0,
            "steer": 0.0
        },
        {
            "throttle": 0.07779819145390082,
            "brake": 0.0,
            "steer": 0.0
        },
        {
            "throttle": 0.07469003276962642,
            "brake": 0.0,
            "steer": 0.0
        },
        {
            "throttle": 0.07342892025926392,
            "brake": 0.0,
            "steer": 0.0
        },
        {
            "throttle": 0.07402111180081634,
            "brake": 0.0,
            "steer": 0.0
        },
        {
            "throttle": 0.07646366882814053,
            "brake": 0.0,
            "steer": 0.0
        },
        {
            "throttle": 0.08074447091266022,
            "brake": 0.0,
            "steer": 0.0
        },
        {
            "throttle": 0.08684227590721356,
            "brake": 0.0,
            "steer": 0.0
        },
        {
            "throttle": 0.09472682535358974,
            "brake": 0.0,
            "steer": 0.0
        },
        {
            "throttle": 0.10435899463070183,
            "brake": 0.0,
            "steer": 0.0
        },
        {
            "throttle": 0.11569098709833278,
            "brake": 0.0,
            "steer": 0.0
        },
        {
            "throttle": 0.12866657127307554,
            "brake": 0.0,
            "steer": 0.0
        },
        {
            "throttle": 0.143221359859556,
            "brake": 0.0,
            "steer": 0.0
        },
        {
            "throttle": 0.1592831292523333,
            "brake": 0.0,
            "steer": 0.0
        },
        {
            "throttle": 0.17677217792304792,
            "brake": 0.0,
            "steer": 0.0
        },
        {
            "throttle": 0.19560172191443417,
            "brake": 0.0,
            "steer": 0.0
        },
        {
            "throttle": 0.2156783254786797,
            "brake": 0.0,
            "steer": 0.0
        },
        {
            "throttle": 0.23690236472322462,
            "brake": 0.0,
            "steer": 0.0
        },
        {
            "throttle": 0.25916852196330165,
            "brake": 0.0,
            "steer": 0.0
        },
        {
            "throttle": 0.2823663083281462,
            "brake": 0.0,
            "steer": 0.0
        },
        {
            "throttle": 0.3063806120276077,
            "brake": 0.0,
            "steer": 0.0
        },
        {
            "throttle": 0.3310922695585573,
            "brake": 0.0,
            "steer": 0.0
        },
        {
            "throttle": 0.3563786570166605,
            "brake": 0.0,
            "steer": 0.0
        },
        {
            "throttle": 0.38211429857931245,
            "brake": 0.0,
            "steer": 0.0
        },
        {
            "throttle": 0.40817148914032925,
            "brake": 0.0,
            "steer": 0.0
        },
        {
            "throttle": 0.4344209280067657,
            "brake": 0.0,
            "steer": 0.0
        },
        {
            "throttle": 0.4607323605133343,
            "brake": 0.0,
            "steer": 0.0
        },
        {
            "throttle": 0.4869752243706158,
            "brake": 0.0,
            "steer": 0.0
        },
        {
            "throttle": 0.5130192975397578,
            "brake": 0.0,
            "steer": 0.0
        },
        {
            "throttle": 0.538735344418787,
            "brake": 0.0,
            "steer": 0.0
        },
        {
            "throttle": 0.5639957571340348,
            "brake": 0.0,
            "steer": 0.0
        },
        {
            "throttle": 0.5886751887544681,
            "brake": 0.0,
            "steer": 0.0
        },
        {
            "throttle": 0.612651175286797,
            "brake": 0.0,
            "steer": 0.0
        },
        {
            "throttle": 0.6358047433649014,
            "brake": 0.0,
            "steer": 0.0
        },
        {
            "throttle": 0.6580210006181075,
            "brake": 0.0,
            "steer": 0.0
        },
        {
            "throttle": 0.6791897057887952,
            "brake": 0.0,
            "steer": 0.0
        },
        {
            "throttle": 0.699205815770306,
            "brake": 0.0,
            "steer": 0.0
        },
        {
            "throttle": 0.7179700068506452,
            "brake": 0.0,
            "steer": 0.0
        },
        {
            "throttle": 0.7353891675754687,
            "brake": 0.0,
            "steer": 0.0
        },
        {
            "throttle": 0.7513768607846781,
            "brake": 0.0,
            "steer": 0.0
        },
        {
            "throttle": 0.7658537525299067,
            "brake": 0.0,
            "steer": 0.0
        },
        {
            "throttle": 0.7787480057445311,
            "brake": 0.0,
            "steer": 0.0
        },
        {
            "throttle": 0.7899956367127411,
            "brake": 0.0,
            "steer": 0.0
        },
        {
            "throttle": 0.7995408325688032,
            "brake": 0.0,
            "steer": 0.0
        },
        {
            "throttle": 0.8073362282510235,
            "brake": 0.0,
            "steer": 0.0
        },
        {
            "throttle": 0.8133431415361156,
            "brake": 0.0,
            "steer": 0.0
        },
        {
            "throttle": 0.8175317649876869,
            "brake": 0.0,
            "steer": 0.0
        },
        {
            "throttle": 0.8198813138663577,
            "brake": 0.0,
            "steer": 0.0
        },
        {
            "throttle": 0.8203801292675577,
            "brake": 0.0,
            "steer": 0.0
        },
        {
            "throttle": 0.8190257359752087,
            "brake": 0.0,
            "steer": 0.0
        },
        {
            "throttle": 0.8158248547442137,
            "brake": 0.0,
            "steer": 0.0
        },
        {
            "throttle": 0.810793368950804,
            "brake": 0.0,
            "steer": 0.0
        },
        {
            "throttle": 0.8039562457762304,
            "brake": 0.0,
            "steer": 0.0
        },
        {
            "throttle": 0.7953474123149029,
            "brake": 0.0,
            "steer": 0.0
        },
        {
            "throttle": 0.7850095872217512,
            "brake": 0.0,
            "steer": 0.0
        },
        {
            "throttle": 0.7729940687342022,
            "brake": 0.0,
            "steer": 0.0
        },
        {
            "throttle": 0.7593604801206549,
            "brake": 0.0,
            "steer": 0.0
        },
        {
            "throttle": 0.7441764738185789,
            "brake": 0.0,
            "steer": 0.0
        },
        {
            "throttle": 0.7275173957303633,
            "brake": 0.0,
            "steer": 0.0
        },
        {
            "throttle": 0.7094659113427416,
            "brake": 0.0,
            "steer": 0.0
        },
        {
            "throttle": 0.6901115955250592,
            "brake": 0.0,
            "steer": 0.0
        },
        {
            "throttle": 0.6695504880418812,
            "brake": 0.0,
            "steer": 0.0
        },
        {
            "throttle": 0.6478846169855713,
            "brake": 0.0,
            "steer": 0.0
        },
        {
            "throttle": 0.6252214924936589,
            "brake": 0.0,
            "steer": 0.0
        },
        {
            "throttle": 0.6016735732632642,
            "brake": 0.0,
            "steer": 0.0
        },
        {
            "throttle": 0.5773577085098385,
            "brake": 0.0,
            "steer": 0.0
        },
        {
            "throttle": 0.5523945581393226,
            "brake": 0.0,
            "steer": 0.0
        },
        {
            "throttle": 0.5269079940109428,
            "brake": 0.0,
            "steer": 0.0
        },
        {
            "throttle": 0.5010244852616876,
            "brake": 0.0,
            "steer": 0.0
        },
        {
            "throttle": 0.3507171396831813,
            "brake": 0.032753162579581704,
            "steer": 0.0
        },
        {
            "throttle": 0.2455019977782269,
            "brake": 0.055680376385288895,
            "steer": 0.0
        },
        {
            "throttle": 0.17185139844475883,
            "brake": 0.07172942604928392,
            "steer": 0.0
        },
        {
            "throttle": 0.12029597891133118,
            "brake": 0.08296376081408044,
            "steer": 0.0
        },
        {
            "throttle": 0.08420718523793182,
            "brake": 0.090827795149438,
            "steer": 0.0
        },
        {
            "throttle": 0.05894502966655227,
            "brake": 0.09633261918418831,
            "steer": 0.0
        },
        {
            "throttle": 0.04126152076658658,
            "brake": 0.10018599600851352,
            "steer": 0.0
        },
        {
            "throttle": 0.028883064536610607,
            "brake": 0.10288335978554117,
            "steer": 0.0
        },
        {
            "throttle": 0.020218145175627422,
            "brake": 0.10477151442946052,
            "steer": 0.0
        },
        {
            "throttle": 0.014152701622939195,
            "brake": 0.10609322268020406,
            "steer": 0.0
        },
        {
            "throttle": 0.009906891136057435,
            "brake": 0.10701841845572455,
            "steer": 0.0
        },
        {
            "throttle": 0.006934823795240204,
            "brake": 0.10766605549858888,
            "steer": 0.0
        },
        {
            "throttle": 0.004854376656668142,
            "brake": 0.10811940142859391,
            "steer": 0.0
        },
        {
            "throttle": 0.0033980636596676996,
            "brake": 0.10843674357959744,
            "steer": 0.0
        },
        {
            "throttle": 0.0023786445617673896,
            "brake": 0.1086588830852999,
            "steer": 0.0
        },
        {
            "throttle": 0.0016650511932371726,
            "brake": 0.10881438073929163,
            "steer": 0.0
        },
        {
            "throttle": 0.0011655358352660207,
            "brake": 0.10892322909708584,
            "steer": 0.0
        },
        {
            "throttle": 0.0008158750846862145,
            "brake": 0.10899942294754178,
            "steer": 0.0
        },
        {
            "throttle": 0.0005711125592803501,
            "brake": 0.10905275864286094,
            "steer": 0.0
        },
        {
            "throttle": 0.00039977879149624506,
            "brake": 0.10909009362958436,
            "steer": 0.0
        },
        {
            "throttle": 0.0002798451540473715,
            "brake": 0.10911622812029075,
            "steer": 0.0
        },
        {
            "throttle": 0.020074629340295788,
            "brake": 0.07638135968420352,
            "steer": 0.0
        },
        {
            "throttle": 0.034180353272918185,
            "brake": 0.053466951778942465,
            "steer": 0.0
        },
        {
            "throttle": 0.04486915719720866,
            "brake": 0.037426866245259725,
            "steer": 0.0
        },
        {
            "throttle": 0.05372749610766902,
            "brake": 0.026198806371681805,
            "steer": 0.0
        },
        {
            "throttle": 0.061859059654833695,
            "brake": 0.018339164460177262,
            "steer": 0.0
        },
        {
            "throttle": 0.07002684996606677,
            "brake": 0.012837415122124083,
            "steer": 0.0
        },
        {
            "throttle": 0.07875268366100271,
            "brake": 0.008986190585486857,
            "steer": 0.0
        },
        {
            "throttle": 0.08838690422219384,
            "brake": 0.0062903334098408,
            "steer": 0.0
        },
        {
            "throttle": 0.09915725473086479,
            "brake": 0.00440323338688856,
            "steer": 0.0
        },
        {
            "throttle": 0.1112031756071227,
            "brake": 0.0030822633708219916,
            "steer": 0.0
        },
        {
            "throttle": 0.1245999121713264,
            "brake": 0.002157584359575394,
            "steer": 0.0
        },
        {
            "throttle": 0.1393755009063362,
            "brake": 0.0015103090517027756,
            "steer": 0.0
        },
        {
            "throttle": 0.15552278208580267,
            "brake": 0.001057216336191943,
            "steer": 0.0
        },
        {
            "throttle": 0.17300794152750076,
            "brake": 0.00074005143533436,
            "steer": 0.0
        },
        {
            "throttle": 0.19177663274347306,
            "brake": 0.000518036004734052,
            "steer": 0.0
        },
        {
            "throttle": 0.21175841466800815,
            "brake": 0.00036262520331383635,
            "steer": 0.0
        },
        {
            "throttle": 0.23287001883481012,
            "brake": 0.0002538376423196854,
            "steer": 0.0
        },
        {
            "throttle": 0.2550178049155539,
            "brake": 0.00017768634962377978,
            "steer": 0.0
        },
        {
            "throttle": 0.2780996550221583,
            "brake": 0.00012438044473664584,
            "steer": 0.0
        },
        {
            "throttle": 0.3020064811839157,
            "brake": 8.706631131565209e-05,
            "steer": 0.0
        },
        {
            "throttle": 0.3266234671868143,
            "brake": 6.0946417920956456e-05,
            "steer": 0.0
        },
        {
            "throttle": 0.35183112868020855,
            "brake": 4.266249254466952e-05,
            "steer": 0.0
        },
        {
            "throttle": 0.3775062493375765,
            "brake": 2.9863744781268663e-05,
            "steer": 0.0
        },
        {
            "throttle": 0.4035227325589787,
            "brake": 2.0904621346888063e-05,
            "steer": 0.0
        },
        {
            "throttle": 0.42975239538203547,
            "brake": 1.4633234942821644e-05,
            "steer": 0.0
        },
        {
            "throttle": 0.4560657222870652,
            "brake": 1.024326445997515e-05,
            "steer": 0.0
        },
        {
            "throttle": 0.4823325902934905,
            "brake": 7.170285121982605e-06,
            "steer": 0.0
        },
        {
            "throttle": 0.5084229723457883,
            "brake": 5.019199585387823e-06,
            "steer": 0.0
        },
        {
            "throttle": 0.5342076229160848,
            "brake": 3.513439709771476e-06,
            "steer": 0.0
        },
        {
            "throttle": 0.5595587476135165,
            "brake": 2.459407796840033e-06,
            "steer": 0.0
        },
        {
            "throttle": 0.5843506571121703,
            "brake": 1.721585457788023e-06,
            "steer": 0.0
        },
        {
            "throttle": 0.6084604046968711,
            "brake": 1.205109820451616e-06,
            "steer": 0.0
        },
        {
            "throttle": 0.4259222832878098,
            "brake": 0.032754006156456024,
            "steer": 0.0
        },
        {
            "throttle": 0.2981455983014668,
            "brake": 0.055680966889100916,
            "steer": 0.0
        },
        {
            "throttle": 0.20870191881102676,
            "brake": 0.07172983940195235,
            "steer": 0.0
        },
        {
            "throttle": 0.1460913431677187,
            "brake": 0.08296405016094835,
            "steer": 0.0
        },
        {
            "throttle": 0.1022639402174031,
            "brake": 0.09082799769224555,
            "steer": 0.0
        },
        {
            "throttle": 0.07158475815218215,
            "brake": 0.09633276096415358,
            "steer": 0.0
        },
        {
            "throttle": 0.050109330706527504,
            "brake": 0.10018609525448921,
            "steer": 0.0
        },
        {
            "throttle": 0.03507653149456925,
            "brake": 0.10288342925772415,
            "steer": 0.0
        },
        {
            "throttle": 0.02455357204619847,
            "brake": 0.1047715630599886,
            "steer": 0.0
        },
        {
            "throttle": 0.01718750043233893,
            "brake": 0.10609325672157371,
            "steer": 0.0
        },
        {
            "throttle": 0.01203125030263725,
            "brake": 0.1070184422846833,
            "steer": 0.0
        },
        {
            "throttle": 0.008421875211846074,
            "brake": 0.10766607217886001,
            "steer": 0.0
        }
    ],
    "parameters": {
        "fog_density": 9.251111436659869,
        "precipitation": 41.502876405680844,
        "precipitation_deposits": 2.321637564500978,
        "wind_intensity": 38.99359525748918,
        "sun_altitude_angle": 81.22077307604101,
        "cloudiness": 82.1870455030126,
        "lead_base_throttle": 0.44691413324563534,
        "lead_behavior_frequency": 0.1121363970188866,
        "lead_throttle_variation": 0.3806550693434718,
        "lead_brake_probability": 0.14876317840673584,
        "lead_brake_intensity": 0.10917720859860569,
        "lead_brake_duration": 21.227929873202548,
        "initial_distance": 45.345197977836264,
        "initial_ego_velocity": 19.666736689214964,
        "initial_lead_velocity": 9.865662288662843
    },
    "config": {
        "num_timesteps": 200,
        "dt": 0.1,
        "seed": 62
    }
}