{
    "weather": {
        "cloudiness": 65.0979498905404,
        "precipitation": 9.006923497479757,
        "precipitation_deposits": 47.49830538734574,
        "wind_intensity": 22.51274015205612,
        "sun_altitude_angle": -6.049392553904028,
        "fog_density": 79.16503487951147,
        "fog_distance": 71.44448989005721,
        "wetness": 4.503461748739879
    },
    "initial_conditions": {
        "ego": {
            "position": {
                "x": 501.7364915010288,
                "y": 20.57,
                "z": 0.294
            },
            "yaw": 0.0,
            "velocity": 18.62270640142505
        },
        "lead": {
            "position": {
                "x": 484.88,
                "y": 20.57,
                "z": 0.294
            },
            "yaw": 0.0,
            "velocity": 23.05286959860488
        }
    },
    "ego": {
        "position": {
            "x": 501.7364915010288,
            "y": 20.57,
            "z": 0.294
        },
        "yaw": 0.0,
        "velocity": 18.62270640142505
    },
    "lead": {
        "position": {
            "x": 484.88,
            "y": 20.57,
            "z": 0.294
        },
        "yaw": 0.0,
        "velocity": 23.05286959860488
    },
    "ado_actions": [
        {
            "throttle": 0.4548609924313485,
            "brake": 0.0,
            "steer": 0.0
        },
        {
            "throttle": 0.46171650396770336,
            "brake": 0.0,
            "steer": 0.0
        },
        {
            "throttle": 0.47332799773623646,
            "brake": 0.0,
            "steer": 0.0
        },
        {
            "throttle": 0.48818319553549755,
            "brake": 0.0,
            "steer": 0.0
        },
        {
            "throttle": 0.5051814295683336,
            "brake": 0.0,
            "steer": 0.0
        },
        {
            "throttle": 0.523510957086929,
            "brake": 0.0,
            "steer": 0.0
        },
        {
            "throttle": 0.5425633387888712,
            "brake": 0.0,
            "steer": 0.0
        },
        {
            "throttle": 0.5618737552350406,
            "brake": 0.0,
            "steer": 0.0
        },
        {
            "throttle": 0.581079471705695,
            "brake": 0.0,
            "steer": 0.0
        },
        {
            "throttle": 0.5998909972641593,
            "brake": 0.0,
            "steer": 0.0
        },
        {
            "throttle": 0.6180721186053194,
            "brake": 0.0,
            "steer": 0.0
        },
        {
            "throttle": 0.6354261337013749,
            "brake": 0.0,
            "steer": 0.0
        },
        {
            "throttle": 0.6517864114404816,
            "brake": 0.0,
            "steer": 0.0
        },
        {
            "throttle": 0.6670099643688601,
            "brake": 0.0,
            "steer": 0.0
        },
        {
            "throttle": 0.6809731143817925,
            "brake": 0.0,
            "steer": 0.0
        },
        {
            "throttle": 0.6935686062247828,
            "brake": 0.0,
            "steer": 0.0
        },
        {
            "throttle": 0.7047037162851705,
            "brake": 0.0,
            "steer": 0.0
        },
        {
            "throttle": 0.7142990391014756,
            "brake": 0.0,
            "steer": 0.0
        },
        {
            "throttle": 0.7222877285993821,
            "brake": 0.0,
            "steer": 0.0
        },
        {
            "throttle": 0.728615037393467,
            "brake": 0.0,
            "steer": 0.0
        },
        {
            "throttle": 0.7332380440515266,
            "brake": 0.0,
            "steer": 0.0
        },
        {
            "throttle": 0.7361254909381255,
            "brake": 0.0,
            "steer": 0.0
        },
        {
            "throttle": 0.7372576782891489,
            "brake": 0.0,
            "steer": 0.0
        },
        {
            "throttle": 0.736626376426168,
            "brake": 0.0,
            "steer": 0.0
        },
        {
            "throttle": 0.7342347295320818,
            "brake": 0.0,
            "steer": 0.0
        },
        {
            "throttle": 0.7300971326005459,
            "brake": 0.0,
            "steer": 0.0
        },
        {
            "throttle": 0.7242390690362634,
            "brake": 0.0,
            "steer": 0.0
        },
        {
            "throttle": 0.716696900617067,
            "brake": 0.0,
            "steer": 0.0
        },
        {
            "throttle": 0.7075176046180826,
            "brake": 0.0,
            "steer": 0.0
        },
        {
            "throttle": 0.696758455182729,
            "brake": 0.0,
            "steer": 0.0
        },
        {
            "throttle": 0.684486647741795,
            "brake": 0.0,
            "steer": 0.0
        },
        {
            "throttle": 0.670778866595486,
            "brake": 0.0,
            "steer": 0.0
        },
        {
            "throttle": 0.655720796799025,
            "brake": 0.0,
            "steer": 0.0
        },
        {
            "throttle": 0.6394065823098857,
            "brake": 0.0,
            "steer": 0.0
        },
        {
            "throttle": 0.6219382330192338,
            "brake": 0.0,
            "steer": 0.0
        },
        {
            "throttle": 0.6034249838397289,
            "brake": 0.0,
            "steer": 0.0
        },
        {
            "throttle": 0.5839826094826102,
            "brake": 0.0,
            "steer": 0.0
        },
        {
            "throttle": 0.5637326989467593,
            "brake": 0.0,
            "steer": 0.0
        },
        {
            "throttle": 0.5428018940732583,
            "brake": 0.0,
            "steer": 0.0
        },
        {
            "throttle": 0.5213210967988955,
            "brake": 0.0,
            "steer": 0.0
        },
        {
            "throttle": 0.4994246499764724,
            "brake": 0.0,
            "steer": 0.0
        },
        {
            "throttle": 0.4772494968221328,
            "brake": 0.0,
            "steer": 0.0
        },
        {
            "throttle": 0.4549343242025347,
            "brake": 0.0,
            "steer": 0.0
        },
        {
            "throttle": 0.4326186950890091,
            "brake": 0.0,
            "steer": 0.0
        },
        {
            "throttle": 0.41044217558287877,
            "brake": 0.0,
            "steer": 0.0
        },
        {
            "throttle": 0.38854346195655587,
            "brake": 0.0,
            "steer": 0.0
        },
        {
            "throttle": 0.36705951315948504,
            "brake": 0.0,
            "steer": 0.0
        },
        {
            "throttle": 0.3461246942070011,
            "brake": 0.0,
            "steer": 0.0
        },
        {
            "throttle": 0.32586993580433604,
            "brake": 0.0,
            "steer": 0.0
        },
        {
            "throttle": 0.3064219154580276,
            "brake": 0.0,
            "steer": 0.0
        },
        {
            "throttle": 0.2879022651936896,
            "brake": 0.0,
            "steer": 0.0
        },
        {
            "throttle": 0.27042681083346426,
            "brake": 0.0,
            "steer": 0.0
        },
        {
            "throttle": 0.254104847589631,
            "brake": 0.0,
            "steer": 0.0
        },
        {
            "throttle": 0.2390384565040916,
            "brake": 0.0,
            "steer": 0.0
        },
        {
            "throttle": 0.22532186600825538,
            "brake": 0.0,
            "steer": 0.0
        },
        {
            "throttle": 0.21304086259583696,
            "brake": 0.0,
            "steer": 0.0
        },
        {
            "throttle": 0.202272254294047,
            "brake": 0.0,
            "steer": 0.0
        },
        {
            "throttle": 0.19308339028853239,
            "brake": 0.0,
            "steer": 0.0
        },
        {
            "throttle": 0.18553173970628806,
            "brake": 0.0,
            "steer": 0.0
        },
        {
            "throttle": 0.17966453219081985,
            "brake": 0.0,
            "steer": 0.0
        },
        {
            "throttle": 0.17551846251740663,
            "brake": 0.0,
            "steer": 0.0
        },
        {
            "throttle": 0.17311946109581125,
            "brake": 0.0,
            "steer": 0.0
        },
        {
            "throttle": 0.17248253179573017,
            "brake": 0.0,
            "steer": 0.0
        },
        {
            "throttle": 0.17361165810923188,
            "brake": 0.0,
            "steer": 0.0
        },
        {
            "throttle": 0.17649977823704688,
            "brake": 0.0,
            "steer": 0.0
        },
        {
            "throttle": 0.1811288292545129,
            "brake": 0.0,
            "steer": 0.0
        },
        {
            "throttle": 0.1874698600809438,
            "brake": 0.0,
            "steer": 0.0
        },
        {
            "throttle": 0.19548321254588114,
            "brake": 0.0,
            "steer": 0.0
        },
        {
            "throttle": 0.20511876941979718,
            "brake": 0.0,
            "steer": 0.0
        },
        {
            "throttle": 0.2163162678580092,
            "brake": 0.0,
            "steer": 0.0
        },
        {
            "throttle": 0.22900567629745722,
            "brake": 0.0,
            "steer": 0.0
        },
        {
            "throttle": 0.24310763244915032,
            "brake": 0.0,
            "steer": 0.0
        },
        {
            "throttle": 0.2585339396469815,
            "brake": 0.0,
            "steer": 0.0
        },
        {
            "throttle": 0.27518811844863866,
            "brake": 0.0,
            "steer": 0.0
        },
        {
            "throttle": 0.2929660100387797,
            "brake": 0.0,
            "steer": 0.0
        },
        {
            "throttle": 0.3117564276606588,
            "brake": 0.0,
            "steer": 0.0
        },
        {
            "throttle": 0.33144185200200993,
            "brake": 0.0,
            "steer": 0.0
        },
        {
            "throttle": 0.35189916618609485,
            "brake": 0.0,
            "steer": 0.0
        },
        {
            "throttle": 0.37300042577112297,
            "brake": 0.0,
            "steer": 0.0
        },
        {
            "throttle": 0.3946136589423016,
            "brake": 0.0,
            "steer": 0.0
        },
        {
            "throttle": 0.4166036918919426,
            "brake": 0.0,
            "steer": 0.0
        },
        {
            "throttle": 0.43883299422552147,
            "brake": 0.0,
            "steer": 0.0
        },
        {
            "throttle": 0.46116253910633775,
            "brake": 0.0,
            "steer": 0.0
        },
        {
            "throttle": 0.48345267275924597,
            "brake": 0.0,
            "steer": 0.0
        },
        {
            "throttle": 0.5055639878953943,
            "brake": 0.0,
            "steer": 0.0
        },
        {
            "throttle": 0.5273581955953859,
            "brake": 0.0,
            "steer": 0.0
        },
        {
            "throttle": 0.5486989901979166,
            "brake": 0.0,
            "steer": 0.0
        },
        {
            "throttle": 0.5694529017846898,
            "brake": 0.0,
            "steer": 0.0
        },
        {
            "throttle": 0.5894901309299854,
            "brake": 0.0,
            "steer": 0.0
        },
        {
            "throttle": 0.6086853604941785,
            "brake": 0.0,
            "steer": 0.0
        },
        {
            "throttle": 0.6269185393840776,
            "brake": 0.0,
            "steer": 0.0
        },
        {
            "throttle": 0.6440756333782749,
            "brake": 0.0,
            "steer": 0.0
        },
        {
            "throttle": 0.6600493383216881,
            "brake": 0.0,
            "steer": 0.0
        },
        {
            "throttle": 0.6747397512288194,
            "brake": 0.0,
            "steer": 0.0
        },
        {
            "throttle": 0.6880549950985086,
            "brake": 0.0,
            "steer": 0.0
        },
        {
            "throttle": 0.6999117935324547,
            "brake": 0.0,
            "steer": 0.0
        },
        {
            "throttle": 0.7102359915637169,
            "brake": 0.0,
            "steer": 0.0
        },
        {
            "throttle": 0.718963019437824,
            "brake": 0.0,
            "steer": 0.0
        },
        {
            "throttle": 0.7260382964459027,
            "brake": 0.0,
            "steer": 0.0
        },
        {
            "throttle": 0.731417572284167,
            "brake": 0.0,
            "steer": 0.0
        },
        {
            "throttle": 0.7350672038048337,
            "brake": 0.0,
            "steer": 0.0
        },
        {
            "throttle": 0.7369643654276024,
            "brake": 0.0,
            "steer": 0.0
        },
        {
            "throttle": 0.7370971918957425,
            "brake": 0.0,
            "steer": 0.0
        },
        {
            "throttle": 0.7354648524839614,
            "brake": 0.0,
            "steer": 0.0
        },
        {
            "throttle": 0.7320775561939376,
            "brake": 0.0,
            "steer": 0.0
        },
        {
            "throttle": 0.7269564879050299,
            "brake": 0.0,
            "steer": 0.0
        },
        {
            "throttle": 0.7201336758794865,
            "brake": 0.0,
            "steer": 0.0
        },
        {
            "throttle": 0.7116517914508053,
            "brake": 0.0,
            "steer": 0.0
        },
        {
            "throttle": 0.7015638821480396,
            "brake": 0.0,
            "steer": 0.0
        },
        {
            "throttle": 0.6899330399251441,
            "brake": 0.0,
            "steer": 0.0
        },
        {
            "throttle": 0.6768320065703288,
            "brake": 0.0,
            "steer": 0.0
        },
        {
            "throttle": 0.6623427187632739,
            "brake": 0.0,
            "steer": 0.0
        },
        {
            "throttle": 0.6465557956255159,
            "brake": 0.0,
            "steer": 0.0
        },
        {
            "throttle": 0.6295699719689771,
            "brake": 0.0,
            "steer": 0.0
        },
        {
            "throttle": 0.6114914807872205,
            "brake": 0.0,
            "steer": 0.0
        },
        {
            "throttle": 0.5924333888514645,
            "brake": 0.0,
            "steer": 0.0
        },
        {
            "throttle": 0.5725148895666844,
            "brake": 0.0,
            "steer": 0.0
        },
        {
            "throttle": 0.5518605575104271,
            "brake": 0.0,
            "steer": 0.0
        },
        {
            "throttle": 0.5305995693166162,
            "brake": 0.0,
            "steer": 0.0
        },
        {
            "throttle": 0.5088648957771079,
            "brake": 0.0,
            "steer": 0.0
        },
        {
            "throttle": 0.48679247021376487,
            "brake": 0.0,
            "steer": 0.0
        },
        {
            "throttle": 0.46452033832223305,
            "brake": 0.0,
            "steer": 0.0
        },
        {
            "throttle": 0.44218779480447723,
            "brake": 0.0,
            "steer": 0.0
        },
        {
            "throttle": 0.4199345121897625,
            "brake": 0.0,
            "steer": 0.0
        },
        {
            "throttle": 0.39789966729262344,
            "brake": 0.0,
            "steer": 0.0
        },
        {
            "throttle": 0.3762210707711384,
            "brake": 0.0,
            "steer": 0.0
        },
        {
            "throttle": 0.3550343052294416,
            "brake": 0.0,
            "steer": 0.0
        },
        {
            "throttle": 0.3344718772549627,
            "brake": 0.0,
            "steer": 0.0
        },
        {
            "throttle": 0.31466238869373603,
            "brake": 0.0,
            "steer": 0.0
        },
        {
            "throttle": 0.2957297323468033,
            "brake": 0.0,
            "steer": 0.0
        },
        {
            "throttle": 0.2777923171179949,
            "brake": 0.0,
            "steer": 0.0
        },
        {
            "throttle": 0.2609623274591848,
            "brake": 0.0,
            "steer": 0.0
        },
        {
            "throttle": 0.24534502174460548,
            "brake": 0.0,
            "steer": 0.0
        },
        {
            "throttle": 0.23103807396234197,
            "brake": 0.0,
            "steer": 0.0
        },
        {
            "throttle": 0.21813096284020805,
            "brake": 0.0,
            "steer": 0.0
        },
        {
            "throttle": 0.20670441222654212,
            "brake": 0.0,
            "steer": 0.0
        },
        {
            "throttle": 0.1968298862259016,
            "brake": 0.0,
            "steer": 0.0
        },
        {
            "throttle": 0.1885691422471866,
            "brake": 0.0,
            "steer": 0.0
        },
        {
            "throttle": 0.181973844759525,
            "brake": 0.0,
            "steer": 0.0
        },
        {
            "throttle": 0.17708524217157323,
            "brake": 0.0,
            "steer": 0.0
        },
        {
            "throttle": 0.17393390885509907,
            "brake": 0.0,
            "steer": 0.0
        },
        {
            "throttle": 0.17253955392628628,
            "brake": 0.0,
            "steer": 0.0
        },
        {
            "throttle": 0.17291089798068393,
            "brake": 0.0,
            "steer": 0.0
        },
        {
            "throttle": 0.17504561855272668,
            "brake": 0.0,
            "steer": 0.0
        },
        {
            "throttle": 0.17893036464093398,
            "brake": 0.0,
            "steer": 0.0
        },
        {
            "throttle": 0.18454084020794384,
            "brake": 0.0,
            "steer": 0.0
        },
        {
            "throttle": 0.19184195613315524,
            "brake": 0.0,
            "steer": 0.0
        },
        {
            "throttle": 0.20078804966763308,
            "brake": 0.0,
            "steer": 0.0
        },
        {
            "throttle": 0.21132317001875883,
            "brake": 0.0,
            "steer": 0.0
        },
        {
            "throttle": 0.2233814282785188,
            "brake": 0.0,
            "steer": 0.0
        },
        {
            "throttle": 0.23688740950690246,
            "brake": 0.0,
            "steer": 0.0
        },
        {
            "throttle": 0.2517566443931535,
            "brake": 0.0,
            "steer": 0.0
        },
        {
            "throttle": 0.26789613754500285,
            "brake": 0.0,
            "steer": 0.0
        },
        {
            "throttle": 0.2852049491018481,
            "brake": 0.0,
            "steer": 0.0
        },
        {
            "throttle": 0.30357482603434693,
            "brake": 0.0,
            "steer": 0.0
        },
        {
            "throttle": 0.3228908791821395,
            "brake": 0.0,
            "steer": 0.0
        },
        {
            "throttle": 0.3430323017953617,
            "brake": 0.0,
            "steer": 0.0
        },
        {
            "throttle": 0.3638731250860362,
            "brake": 0.0,
            "steer": 0.0
        },
        {
            "throttle": 0.3852830060639583,
            "brake": 0.0,
            "steer": 0.0
        },
        {
            "throttle": 0.4071280427297844,
            "brake": 0.0,
            "steer": 0.0
        },
        {
            "throttle": 0.2849896299108491,
            "brake": 0.20806084062888677,
            "steer": 0.0
        },
        {
            "throttle": 0.19949274093759434,
            "brake": 0.3537034290691075,
            "steer": 0.0
        },
        {
            "throttle": 0.13964491865631604,
            "brake": 0.455653240977262,
            "steer": 0.0
        },
        {
            "throttle": 0.09775144305942123,
            "brake": 0.5270181093129701,
            "steer": 0.0
        },
        {
            "throttle": 0.06842601014159486,
            "brake": 0.5769735171479659,
            "steer": 0.0
        },
        {
            "throttle": 0.047898207099116394,
            "brake": 0.6119423026324629,
            "steer": 0.0
        },
        {
            "throttle": 0.03352874496938147,
            "brake": 0.6364204524716107,
            "steer": 0.0
        },
        {
            "throttle": 0.023470121478567026,
            "brake": 0.6535551573590143,
            "steer": 0.0
        },
        {
            "throttle": 0.016429085034996918,
            "brake": 0.6655494507801967,
            "steer": 0.0
        },
        {
            "throttle": 0.21032807591793262,
            "brake": 0.46588461554613764,
            "steer": 0.0
        },
        {
            "throttle": 0.3506275753933794,
            "brake": 0.32611923088229633,
            "steer": 0.0
        },
        {
            "throttle": 0.4529887760779845,
            "brake": 0.2282834616176074,
            "steer": 0.0
        },
        {
            "throttle": 0.528348548110426,
            "brake": 0.15979842313232517,
            "steer": 0.0
        },
        {
            "throttle": 0.5843395166407537,
            "brake": 0.11185889619262761,
            "steer": 0.0
        },
        {
            "throttle": 0.6262842610703168,
            "brake": 0.07830122733483932,
            "steer": 0.0
        },
        {
            "throttle": 0.6578913812188748,
            "brake": 0.054810859134387525,
            "steer": 0.0
        },
        {
            "throttle": 0.6817428512501064,
            "brake": 0.03836760139407126,
            "steer": 0.0
        },
        {
            "throttle": 0.6996352552643557,
            "brake": 0.026857320975849884,
            "steer": 0.0
        },
        {
            "throttle": 0.7128187197454083,
            "brake": 0.01880012468309492,
            "steer": 0.0
        },
        {
            "throttle": 0.7221642130696873,
            "brake": 0.013160087278166442,
            "steer": 0.0
        },
        {
            "throttle": 0.7282806809310709,
            "brake": 0.00921206109471651,
            "steer": 0.0
        },
        {
            "throttle": 0.7315970457174117,
            "brake": 0.0064484427663015565,
            "steer": 0.0
        },
        {
            "throttle": 0.7324195894353723,
            "brake": 0.004513909936411089,
            "steer": 0.0
        },
        {
            "throttle": 0.7309720840052732,
            "brake": 0.0031597369554877625,
            "steer": 0.0
        },
        {
            "throttle": 0.7274238238372486,
            "brake": 0.0022118158688414335,
            "steer": 0.0
        },
        {
            "throttle": 0.7219091694933066,
            "brake": 0.0015482711081890033,
            "steer": 0.0
        },
        {
            "throttle": 0.7145411290934767,
            "brake": 0.0010837897757323021,
            "steer": 0.0
        },
        {
            "throttle": 0.7054207467469216,
            "brake": 0.0007586528430126114,
            "steer": 0.0
        },
        {
            "throttle": 0.6946435372460884,
            "brake": 0.000531056990108828,
            "steer": 0.0
        },
        {
            "throttle": 0.6823038353486739,
            "brake": 0.0003717398930761795,
            "steer": 0.0
        },
        {
            "throttle": 0.6684976684441759,
            "brake": 0.00026021792515332567,
            "steer": 0.0
        },
        {
            "throttle": 0.6533245798374384,
            "brake": 0.00018215254760732796,
            "steer": 0.0
        },
        {
            "throttle": 0.6368887028850606,
            "brake": 0.00012750678332512956,
            "steer": 0.0
        },
        {
            "throttle": 0.6192992974141412,
            "brake": 8.925474832759069e-05,
            "steer": 0.0
        },
        {
            "throttle": 0.6006708977716314,
            "brake": 6.247832382931348e-05,
            "steer": 0.0
        },
        {
            "throttle": 0.5811231784705624,
            "brake": 4.3734826680519434e-05,
            "steer": 0.0
        },
        {
            "throttle": 0.5607806130979732,
            "brake": 3.0614378676363604e-05,
            "steer": 0.0
        },
        {
            "throttle": 0.5397719809949763,
            "brake": 2.1430065073454522e-05,
            "steer": 0.0
        },
        {
            "throttle": 0.5182297614583181,
            "brake": 1.5001045551418165e-05,
            "steer": 0.0
        },
        {
            "throttle": 0.49628944491704796,
            "brake": 1.0500731885992715e-05,
            "steer": 0.0
        }
    ],
    "parameters": {
        "fog_density": 79.16503487951147,
        "precipitation": 9.006923497479757,
        "precipitation_deposits": 47.49830538734574,
        "wind_intensity": 22.51274015205612,
        "sun_altitude_angle": -6.049392553904028,
        "cloudiness": 65.0979498905404,
        "lead_base_throttle": 0.4548609924313485,
        "lead_behavior_frequency": 0.1258982735759423,
        "lead_throttle_variation": 0.28918249075004404,
        "lead_brake_probability": 0.01556325811753858,
        "lead_brake_intensity": 0.6935361354296226,
        "lead_brake_duration": 9.86859777986415,
        "initial_distance": 16.856491501028838,
        "initial_ego_velocity": 18.62270640142505,
        "initial_lead_velocity": 23.05286959860488
    },
    "config": {
        "num_timesteps": 200,
        "dt": 0.1,
        "seed": 178
    }
}