{
    "weather": {
        "cloudiness": 20.017244283728473,
        "precipitation": 54.28618810239082,
        "precipitation_deposits": 59.08430669940539,
        "wind_intensity": 46.50118276465423,
        "sun_altitude_angle": 27.53359101509914,
        "fog_density": 71.96994044030912,
        "fog_distance": 90.80889690161733,
        "wetness": 27.14309405119541
    },
    "initial_conditions": {
        "ego": {
            "position": {
                "x": 542.9235452031744,
                "y": 20.57,
                "z": 0.294
            },
            "yaw": 0.0,
            "velocity": 9.238210122478769
        },
        "lead": {
            "position": {
                "x": 484.88,
                "y": 20.57,
                "z": 0.294
            },
            "yaw": 0.0,
            "velocity": 23.59370379796086
        }
    },
    "ego": {
        "position": {
            "x": 542.9235452031744,
            "y": 20.57,
            "z": 0.294
        },
        "yaw": 0.0,
        "velocity": 9.238210122478769
    },
    "lead": {
        "position": {
            "x": 484.88,
            "y": 20.57,
            "z": 0.294
        },
        "yaw": 0.0,
        "velocity": 23.59370379796086
    },
    "ado_actions": [
        {
            "throttle": 0.5376638928998422,
            "brake": 0.0,
            "steer": 0.0
        },
        {
            "throttle": 0.5387738957786042,
            "brake": 0.0,
            "steer": 0.0
        },
        {
            "throttle": 0.5406572843119649,
            "brake": 0.0,
            "steer": 0.0
        },
        {
            "throttle": 0.5430748218644831,
            "brake": 0.0,
            "steer": 0.0
        },
        {
            "throttle": 0.5458554617384557,
            "brake": 0.0,
            "steer": 0.0
        },
        {
            "throttle": 0.548875925385205,
            "brake": 0.0,
            "steer": 0.0
        },
        {
            "throttle": 0.5520464187053011,
            "brake": 0.0,
            "steer": 0.0
        },
        {
            "throttle": 0.5553006448587439,
            "brake": 0.0,
            "steer": 0.0
        },
        {
            "throttle": 0.5585888244426831,
            "brake": 0.0,
            "steer": 0.0
        },
        {
            "throttle": 0.5618728206004557,
            "brake": 0.0,
            "steer": 0.0
        },
        {
            "throttle": 0.5651227373207999,
            "brake": 0.0,
            "steer": 0.0
        },
        {
            "throttle": 0.5683145486735097,
            "brake": 0.0,
            "steer": 0.0
        },
        {
            "throttle": 0.571428449369952,
            "brake": 0.0,
            "steer": 0.0
        },
        {
            "throttle": 0.5744477098874429,
            "brake": 0.0,
            "steer": 0.0
        },
        {
            "throttle": 0.577357884393082,
            "brake": 0.0,
            "steer": 0.0
        },
        {
            "throttle": 0.580146265201538,
            "brake": 0.0,
            "steer": 0.0
        },
        {
            "throttle": 0.5828015093519048,
            "brake": 0.0,
            "steer": 0.0
        },
        {
            "throttle": 0.5853133851856551,
            "brake": 0.0,
            "steer": 0.0
        },
        {
            "throttle": 0.5876726024171373,
            "brake": 0.0,
            "steer": 0.0
        },
        {
            "throttle": 0.5898707001162958,
            "brake": 0.0,
            "steer": 0.0
        },
        {
            "throttle": 0.591899974674811,
            "brake": 0.0,
            "steer": 0.0
        },
        {
            "throttle": 0.5937534351847091,
            "brake": 0.0,
            "steer": 0.0
        },
        {
            "throttle": 0.5954247774108758,
            "brake": 0.0,
            "steer": 0.0
        },
        {
            "throttle": 0.5969083701675141,
            "brake": 0.0,
            "steer": 0.0
        },
        {
            "throttle": 0.5981992497505961,
            "brake": 0.0,
            "steer": 0.0
        },
        {
            "throttle": 0.5992931193698193,
            "brake": 0.0,
            "steer": 0.0
        },
        {
            "throttle": 0.6001863514296735,
            "brake": 0.0,
            "steer": 0.0
        },
        {
            "throttle": 0.600875991145618,
            "brake": 0.0,
            "steer": 0.0
        },
        {
            "throttle": 0.6013597604289882,
            "brake": 0.0,
            "steer": 0.0
        },
        {
            "throttle": 0.6016360612897564,
            "brake": 0.0,
            "steer": 0.0
        },
        {
            "throttle": 0.6017039782293069,
            "brake": 0.0,
            "steer": 0.0
        },
        {
            "throttle": 0.6015632792537013,
            "brake": 0.0,
            "steer": 0.0
        },
        {
            "throttle": 0.6012144152509263,
            "brake": 0.0,
            "steer": 0.0
        },
        {
            "throttle": 0.6006585175569038,
            "brake": 0.0,
            "steer": 0.0
        },
        {
            "throttle": 0.5998973935941218,
            "brake": 0.0,
            "steer": 0.0
        },
        {
            "throttle": 0.5989335205102452,
            "brake": 0.0,
            "steer": 0.0
        },
        {
            "throttle": 0.5977700367766353,
            "brake": 0.0,
            "steer": 0.0
        },
        {
            "throttle": 0.596410731731593,
            "brake": 0.0,
            "steer": 0.0
        },
        {
            "throttle": 0.594860033072604,
            "brake": 0.0,
            "steer": 0.0
        },
        {
            "throttle": 0.5931229923174837,
            "brake": 0.0,
            "steer": 0.0
        },
        {
            "throttle": 0.5912052682671902,
            "brake": 0.0,
            "steer": 0.0
        },
        {
            "throttle": 0.5891131085139676,
            "brake": 0.0,
            "steer": 0.0
        },
        {
            "throttle": 0.5868533290479108,
            "brake": 0.0,
            "steer": 0.0
        },
        {
            "throttle": 0.5844332920233879,
            "brake": 0.0,
            "steer": 0.0
        },
        {
            "throttle": 0.5818608817542517,
            "brake": 0.0,
            "steer": 0.0
        },
        {
            "throttle": 0.5791444790135921,
            "brake": 0.0,
            "steer": 0.0
        },
        {
            "throttle": 0.5762929337200465,
            "brake": 0.0,
            "steer": 0.0
        },
        {
            "throttle": 0.5733155360984489,
            "brake": 0.0,
            "steer": 0.0
        },
        {
            "throttle": 0.5702219864079379,
            "brake": 0.0,
            "steer": 0.0
        },
        {
            "throttle": 0.5670223633355571,
            "brake": 0.0,
            "steer": 0.0
        },
        {
            "throttle": 0.5637270911579105,
            "brake": 0.0,
            "steer": 0.0
        },
        {
            "throttle": 0.5603469057775678,
            "brake": 0.0,
            "steer": 0.0
        },
        {
            "throttle": 0.5568928197446735,
            "brake": 0.0,
            "steer": 0.0
        },
        {
            "throttle": 0.5533760863775743,
            "brake": 0.0,
            "steer": 0.0
        },
        {
            "throttle": 0.5498081630992613,
            "brake": 0.0,
            "steer": 0.0
        },
        {
            "throttle": 0.546200674109007,
            "brake": 0.0,
            "steer": 0.0
        },
        {
            "throttle": 0.542565372510761,
            "brake": 0.0,
            "steer": 0.0
        },
        {
            "throttle": 0.5389141020216588,
            "brake": 0.0,
            "steer": 0.0
        },
        {
            "throttle": 0.535258758385369,
            "brake": 0.0,
            "steer": 0.0
        },
        {
            "throttle": 0.5316112506159795,
            "brake": 0.0,
            "steer": 0.0
        },
        {
            "throttle": 0.5279834621986754,
            "brake": 0.0,
            "steer": 0.0
        },
        {
            "throttle": 0.5243872123736086,
            "brake": 0.0,
            "steer": 0.0
        },
        {
            "throttle": 0.5208342176290897,
            "brake": 0.0,
            "steer": 0.0
        },
        {
            "throttle": 0.5173360535295513,
            "brake": 0.0,
            "steer": 0.0
        },
        {
            "throttle": 0.5139041170026453,
            "brake": 0.0,
            "steer": 0.0
        },
        {
            "throttle": 0.5105495892083376,
            "brake": 0.0,
            "steer": 0.0
        },
        {
            "throttle": 0.5072833991109724,
            "brake": 0.0,
            "steer": 0.0
        },
        {
            "throttle": 0.504116187872985,
            "brake": 0.0,
            "steer": 0.0
        },
        {
            "throttle": 0.5010582741862669,
            "brake": 0.0,
            "steer": 0.0
        },
        {
            "throttle": 0.4981196206541342,
            "brake": 0.0,
            "steer": 0.0
        },
        {
            "throttle": 0.4953098013334224,
            "brake": 0.0,
            "steer": 0.0
        },
        {
            "throttle": 0.4926379705424569,
            "brake": 0.0,
            "steer": 0.0
        },
        {
            "throttle": 0.490112833036521,
            "brake": 0.0,
            "steer": 0.0
        },
        {
            "throttle": 0.4877426156479887,
            "brake": 0.0,
            "steer": 0.0
        },
        {
            "throttle": 0.48553504048351814,
            "brake": 0.0,
            "steer": 0.0
        },
        {
            "throttle": 0.48349729976562855,
            "brake": 0.0,
            "steer": 0.0
        },
        {
            "throttle": 0.481636032400626,
            "brake": 0.0,
            "steer": 0.0
        },
        {
            "throttle": 0.47995730234921874,
            "brake": 0.0,
            "steer": 0.0
        },
        {
            "throttle": 0.4784665788702911,
            "brake": 0.0,
            "steer": 0.0
        },
        {
            "throttle": 0.4771687187021998,
            "brake": 0.0,
            "steer": 0.0
        },
        {
            "throttle": 0.47606795023964665,
            "brake": 0.0,
            "steer": 0.0
        },
        {
            "throttle": 0.4751678597576784,
            "brake": 0.0,
            "steer": 0.0
        },
        {
            "throttle": 0.4744713797276958,
            "brake": 0.0,
            "steer": 0.0
        },
        {
            "throttle": 0.4739807792635381,
            "brake": 0.0,
            "steer": 0.0
        },
        {
            "throttle": 0.473697656728769,
            "brake": 0.0,
            "steer": 0.0
        },
        {
            "throttle": 0.4736229345292496,
            "brake": 0.0,
            "steer": 0.0
        },
        {
            "throttle": 0.47375685610796414,
            "brake": 0.0,
            "steer": 0.0
        },
        {
            "throttle": 0.4740989851518893,
            "brake": 0.0,
            "steer": 0.0
        },
        {
            "throttle": 0.47464820701349025,
            "brake": 0.0,
            "steer": 0.0
        },
        {
            "throttle": 0.4754027323422137,
            "brake": 0.0,
            "steer": 0.0
        },
        {
            "throttle": 0.47636010291414543,
            "brake": 0.0,
            "steer": 0.0
        },
        {
            "throttle": 0.4775171996408399,
            "brake": 0.0,
            "steer": 0.0
        },
        {
            "throttle": 0.4788702527312292,
            "brake": 0.0,
            "steer": 0.0
        },
        {
            "throttle": 0.48041485397350464,
            "brake": 0.0,
            "steer": 0.0
        },
        {
            "throttle": 0.4821459710969562,
            "brake": 0.0,
            "steer": 0.0
        },
        {
            "throttle": 0.4840579641669796,
            "brake": 0.0,
            "steer": 0.0
        },
        {
            "throttle": 0.48614460395983683,
            "brake": 0.0,
            "steer": 0.0
        },
        {
            "throttle": 0.48839909225730516,
            "brake": 0.0,
            "steer": 0.0
        },
        {
            "throttle": 0.4908140839950956,
            "brake": 0.0,
            "steer": 0.0
        },
        {
            "throttle": 0.4933817111928811,
            "brake": 0.0,
            "steer": 0.0
        },
        {
            "throttle": 0.49609360858797247,
            "brake": 0.0,
            "steer": 0.0
        },
        {
            "throttle": 0.49894094088912655,
            "brake": 0.0,
            "steer": 0.0
        },
        {
            "throttle": 0.5019144315616957,
            "brake": 0.0,
            "steer": 0.0
        },
        {
            "throttle": 0.5050043930503362,
            "brake": 0.0,
            "steer": 0.0
        },
        {
            "throttle": 0.5082007583408124,
            "brake": 0.0,
            "steer": 0.0
        },
        {
            "throttle": 0.5114931137580669,
            "brake": 0.0,
            "steer": 0.0
        },
        {
            "throttle": 0.5148707328937043,
            "brake": 0.0,
            "steer": 0.0
        },
        {
            "throttle": 0.5183226115523495,
            "brake": 0.0,
            "steer": 0.0
        },
        {
            "throttle": 0.5218375036030316,
            "brake": 0.0,
            "steer": 0.0
        },
        {
            "throttle": 0.5254039576187859,
            "brake": 0.0,
            "steer": 0.0
        },
        {
            "throttle": 0.529010354185105,
            "brake": 0.0,
            "steer": 0.0
        },
        {
            "throttle": 0.53264494375569,
            "brake": 0.0,
            "steer": 0.0
        },
        {
            "throttle": 0.5362958849321668,
            "brake": 0.0,
            "steer": 0.0
        },
        {
            "throttle": 0.5399512830430538,
            "brake": 0.0,
            "steer": 0.0
        },
        {
            "throttle": 0.5435992288962933,
            "brake": 0.0,
            "steer": 0.0
        },
        {
            "throttle": 0.5472278375790891,
            "brake": 0.0,
            "steer": 0.0
        },
        {
            "throttle": 0.550825287178644,
            "brake": 0.0,
            "steer": 0.0
        },
        {
            "throttle": 0.5543798572976442,
            "brake": 0.0,
            "steer": 0.0
        },
        {
            "throttle": 0.5578799672390093,
            "brake": 0.0,
            "steer": 0.0
        },
        {
            "throttle": 0.5613142137355026,
            "brake": 0.0,
            "steer": 0.0
        },
        {
            "throttle": 0.5646714081012791,
            "brake": 0.0,
            "steer": 0.0
        },
        {
            "throttle": 0.5679406126843337,
            "brake": 0.0,
            "steer": 0.0
        },
        {
            "throttle": 0.5711111765010866,
            "brake": 0.0,
            "steer": 0.0
        },
        {
            "throttle": 0.5741727699370116,
            "brake": 0.0,
            "steer": 0.0
        },
        {
            "throttle": 0.5771154184002516,
            "brake": 0.0,
            "steer": 0.0
        },
        {
            "throttle": 0.5799295348185796,
            "brake": 0.0,
            "steer": 0.0
        },
        {
            "throttle": 0.5826059508738309,
            "brake": 0.0,
            "steer": 0.0
        },
        {
            "throttle": 0.5851359468720456,
            "brake": 0.0,
            "steer": 0.0
        },
        {
            "throttle": 0.5875112801520048,
            "brake": 0.0,
            "steer": 0.0
        },
        {
            "throttle": 0.5897242119396067,
            "brake": 0.0,
            "steer": 0.0
        },
        {
            "throttle": 0.5917675325605912,
            "brake": 0.0,
            "steer": 0.0
        },
        {
            "throttle": 0.5936345849294722,
            "brake": 0.0,
            "steer": 0.0
        },
        {
            "throttle": 0.5953192862381481,
            "brake": 0.0,
            "steer": 0.0
        },
        {
            "throttle": 0.596816147773533,
            "brake": 0.0,
            "steer": 0.0
        },
        {
            "throttle": 0.5981202927996414,
            "brake": 0.0,
            "steer": 0.0
        },
        {
            "throttle": 0.5992274724458672,
            "brake": 0.0,
            "steer": 0.0
        },
        {
            "throttle": 0.6001340795496934,
            "brake": 0.0,
            "steer": 0.0
        },
        {
            "throttle": 0.6008371604087347,
            "brake": 0.0,
            "steer": 0.0
        },
        {
            "throttle": 0.601334424403822,
            "brake": 0.0,
            "steer": 0.0
        },
        {
            "throttle": 0.6016242514617811,
            "brake": 0.0,
            "steer": 0.0
        },
        {
            "throttle": 0.6017056973335884,
            "brake": 0.0,
            "steer": 0.0
        },
        {
            "throttle": 0.60157849667071,
            "brake": 0.0,
            "steer": 0.0
        },
        {
            "throttle": 0.6012430638896001,
            "brake": 0.0,
            "steer": 0.0
        },
        {
            "throttle": 0.6007004918215434,
            "brake": 0.0,
            "steer": 0.0
        },
        {
            "throttle": 0.5999525481522384,
            "brake": 0.0,
            "steer": 0.0
        },
        {
            "throttle": 0.5990016696627241,
            "brake": 0.0,
            "steer": 0.0
        },
        {
            "throttle": 0.5978509542904102,
            "brake": 0.0,
            "steer": 0.0
        },
        {
            "throttle": 0.5965041510360778,
            "brake": 0.0,
            "steer": 0.0
        },
        {
            "throttle": 0.594965647749732,
            "brake": 0.0,
            "steer": 0.0
        },
        {
            "throttle": 0.5932404568351012,
            "brake": 0.0,
            "steer": 0.0
        },
        {
            "throttle": 0.591334198919355,
            "brake": 0.0,
            "steer": 0.0
        },
        {
            "throttle": 0.589253084541248,
            "brake": 0.0,
            "steer": 0.0
        },
        {
            "throttle": 0.5870038939173452,
            "brake": 0.0,
            "steer": 0.0
        },
        {
            "throttle": 0.5845939548522527,
            "brake": 0.0,
            "steer": 0.0
        },
        {
            "throttle": 0.5820311188648214,
            "brake": 0.0,
            "steer": 0.0
        },
        {
            "throttle": 0.5793237356081015,
            "brake": 0.0,
            "steer": 0.0
        },
        {
            "throttle": 0.5764806256663906,
            "brake": 0.0,
            "steer": 0.0
        },
        {
            "throttle": 0.5735110518179991,
            "brake": 0.0,
            "steer": 0.0
        },
        {
            "throttle": 0.5704246888573593,
            "brake": 0.0,
            "steer": 0.0
        },
        {
            "throttle": 0.5672315920747962,
            "brake": 0.0,
            "steer": 0.0
        },
        {
            "throttle": 0.5639421644966531,
            "brake": 0.0,
            "steer": 0.0
        },
        {
            "throttle": 0.560567122992502,
            "brake": 0.0,
            "steer": 0.0
        },
        {
            "throttle": 0.5571174633598613,
            "brake": 0.0,
            "steer": 0.0
        },
        {
            "throttle": 0.5536044245001731,
            "brake": 0.0,
            "steer": 0.0
        },
        {
            "throttle": 0.5500394518027539,
            "brake": 0.0,
            "steer": 0.0
        },
        {
            "throttle": 0.5464341598560143,
            "brake": 0.0,
            "steer": 0.0
        },
        {
            "throttle": 0.5428002946074313,
            "brake": 0.0,
            "steer": 0.0
        },
        {
            "throttle": 0.5391496950955571,
            "brake": 0.0,
            "steer": 0.0
        },
        {
            "throttle": 0.5354942548787387,
            "brake": 0.0,
            "steer": 0.0
        },
        {
            "throttle": 0.5318458832862138,
            "brake": 0.0,
            "steer": 0.0
        },
        {
            "throttle": 0.5282164666178262,
            "brake": 0.0,
            "steer": 0.0
        },
        {
            "throttle": 0.524617829418769,
            "brake": 0.0,
            "steer": 0.0
        },
        {
            "throttle": 0.5210616959555245,
            "brake": 0.0,
            "steer": 0.0
        },
        {
            "throttle": 0.517559652018508,
            "brake": 0.0,
            "steer": 0.0
        },
        {
            "throttle": 0.5141231071758635,
            "brake": 0.0,
            "steer": 0.0
        },
        {
            "throttle": 0.5107632576013884,
            "brake": 0.0,
            "steer": 0.0
        },
        {
            "throttle": 0.5074910495976886,
            "brake": 0.0,
            "steer": 0.0
        },
        {
            "throttle": 0.5043171439334104,
            "brake": 0.0,
            "steer": 0.0
        },
        {
            "throttle": 0.5012518811107323,
            "brake": 0.0,
            "steer": 0.0
        },
        {
            "throttle": 0.49830524767627804,
            "brake": 0.0,
            "steer": 0.0
        },
        {
            "throttle": 0.49548684368520746,
            "brake": 0.0,
            "steer": 0.0
        },
        {
            "throttle": 0.4928058514244857,
            "brake": 0.0,
            "steer": 0.0
        },
        {
            "throttle": 0.4902710054972312,
            "brake": 0.0,
            "steer": 0.0
        },
        {
            "throttle": 0.4878905643656057,
            "brake": 0.0,
            "steer": 0.0
        },
        {
            "throttle": 0.485672283444959,
            "brake": 0.0,
            "steer": 0.0
        },
        {
            "throttle": 0.48362338983688746,
            "brake": 0.0,
            "steer": 0.0
        },
        {
            "throttle": 0.4817505587835246,
            "brake": 0.0,
            "steer": 0.0
        },
        {
            "throttle": 0.4800598919197757,
            "brake": 0.0,
            "steer": 0.0
        },
        {
            "throttle": 0.47855689739435014,
            "brake": 0.0,
            "steer": 0.0
        },
        {
            "throttle": 0.47724647192435554,
            "brake": 0.0,
            "steer": 0.0
        },
        {
            "throttle": 0.4761328848419211,
            "brake": 0.0,
            "steer": 0.0
        },
        {
            "throttle": 0.47521976418482426,
            "brake": 0.0,
            "steer": 0.0
        },
        {
            "throttle": 0.474510084876438,
            "brake": 0.0,
            "steer": 0.0
        },
        {
            "throttle": 0.4740061590335075,
            "brake": 0.0,
            "steer": 0.0
        },
        {
            "throttle": 0.4737096284333344,
            "brake": 0.0,
            "steer": 0.0
        },
        {
            "throttle": 0.4736214591649085,
            "brake": 0.0,
            "steer": 0.0
        },
        {
            "throttle": 0.4737419384814152,
            "brake": 0.0,
            "steer": 0.0
        },
        {
            "throttle": 0.47407067386437207,
            "brake": 0.0,
            "steer": 0.0
        },
        {
            "throttle": 0.4746065943024438,
            "brake": 0.0,
            "steer": 0.0
        },
        {
            "throttle": 0.4753479537807693,
            "brake": 0.0,
            "steer": 0.0
        }
    ],
    "parameters": {
        "fog_density": 71.96994044030912,
        "precipitation": 54.28618810239082,
        "precipitation_deposits": 59.08430669940539,
        "wind_intensity": 46.50118276465423,
        "sun_altitude_angle": 27.53359101509914,
        "cloudiness": 20.017244283728473,
        "lead_base_throttle": 0.5376638928998422,
        "lead_behavior_frequency": 0.09085585345679965,
        "lead_throttle_variation": 0.06484940256746534,
        "lead_brake_probability": 0.05138166899058727,
        "lead_brake_intensity": 0.6020039975638933,
        "lead_brake_duration": 5.405142902674768,
        "initial_distance": 58.04354520317445,
        "initial_ego_velocity": 9.238210122478769,
        "initial_lead_velocity": 23.59370379796086
    },
    "config": {
        "num_timesteps": 200,
        "dt": 0.1,
        "seed": 231
    }
}