{
    "weather": {
        "cloudiness": 54.95062478266094,
        "precipitation": 1.1564908082992598,
        "precipitation_deposits": 34.3360515833933,
        "wind_intensity": 13.141077272694085,
        "sun_altitude_angle": 22.180823308480292,
        "fog_density": 1.4686316418707168,
        "fog_distance": 952.2245615153145,
        "wetness": 0.5782454041496299
    },
    "initial_conditions": {
        "ego": {
            "position": {
                "x": 549.7820497314818,
                "y": 20.57,
                "z": 0.294
            },
            "yaw": 0.0,
            "velocity": 18.129897432571045
        },
        "lead": {
            "position": {
                "x": 484.88,
                "y": 20.57,
                "z": 0.294
            },
            "yaw": 0.0,
            "velocity": 17.89570803127647
        }
    },
    "ego": {
        "position": {
            "x": 549.7820497314818,
            "y": 20.57,
            "z": 0.294
        },
        "yaw": 0.0,
        "velocity": 18.129897432571045
    },
    "lead": {
        "position": {
            "x": 484.88,
            "y": 20.57,
            "z": 0.294
        },
        "yaw": 0.0,
        "velocity": 17.89570803127647
    },
    "ado_actions": [
        {
            "throttle": 0.5776099626391453,
            "brake": 0.0,
            "steer": 0.0
        },
        {
            "throttle": 0.5807466874788829,
            "brake": 0.0,
            "steer": 0.0
        },
        {
            "throttle": 0.5860617464572792,
            "brake": 0.0,
            "steer": 0.0
        },
        {
            "throttle": 0.5928669890589233,
            "brake": 0.0,
            "steer": 0.0
        },
        {
            "throttle": 0.6006636248144221,
            "brake": 0.0,
            "steer": 0.0
        },
        {
            "throttle": 0.6090857018312342,
            "brake": 0.0,
            "steer": 0.0
        },
        {
            "throttle": 0.6178606348067713,
            "brake": 0.0,
            "steer": 0.0
        },
        {
            "throttle": 0.6267816655766874,
            "brake": 0.0,
            "steer": 0.0
        },
        {
            "throttle": 0.6356886738317209,
            "brake": 0.0,
            "steer": 0.0
        },
        {
            "throttle": 0.6444548298571987,
            "brake": 0.0,
            "steer": 0.0
        },
        {
            "throttle": 0.6529773331209737,
            "brake": 0.0,
            "steer": 0.0
        },
        {
            "throttle": 0.6611710069354958,
            "brake": 0.0,
            "steer": 0.0
        },
        {
            "throttle": 0.6689638879219226,
            "brake": 0.0,
            "steer": 0.0
        },
        {
            "throttle": 0.6762942069803742,
            "brake": 0.0,
            "steer": 0.0
        },
        {
            "throttle": 0.6831083390806602,
            "brake": 0.0,
            "steer": 0.0
        },
        {
            "throttle": 0.6893594256439579,
            "brake": 0.0,
            "steer": 0.0
        },
        {
            "throttle": 0.6950064618361476,
            "brake": 0.0,
            "steer": 0.0
        },
        {
            "throttle": 0.7000137031113567,
            "brake": 0.0,
            "steer": 0.0
        },
        {
            "throttle": 0.7043502887910367,
            "brake": 0.0,
            "steer": 0.0
        },
        {
            "throttle": 0.7079900109122956,
            "brake": 0.0,
            "steer": 0.0
        },
        {
            "throttle": 0.7109111779299578,
            "brake": 0.0,
            "steer": 0.0
        },
        {
            "throttle": 0.7130965378401994,
            "brake": 0.0,
            "steer": 0.0
        },
        {
            "throttle": 0.7145332358206085,
            "brake": 0.0,
            "steer": 0.0
        },
        {
            "throttle": 0.7152127888896282,
            "brake": 0.0,
            "steer": 0.0
        },
        {
            "throttle": 0.7151310653135762,
            "brake": 0.0,
            "steer": 0.0
        },
        {
            "throttle": 0.7142882601867805,
            "brake": 0.0,
            "steer": 0.0
        },
        {
            "throttle": 0.7126888612381315,
            "brake": 0.0,
            "steer": 0.0
        },
        {
            "throttle": 0.7103416007960586,
            "brake": 0.0,
            "steer": 0.0
        },
        {
            "throttle": 0.7072593911978268,
            "brake": 0.0,
            "steer": 0.0
        },
        {
            "throttle": 0.7034592419147829,
            "brake": 0.0,
            "steer": 0.0
        },
        {
            "throttle": 0.69896215739229,
            "brake": 0.0,
            "steer": 0.0
        },
        {
            "throttle": 0.6937930151479844,
            "brake": 0.0,
            "steer": 0.0
        },
        {
            "throttle": 0.6879804240879921,
            "brake": 0.0,
            "steer": 0.0
        },
        {
            "throttle": 0.6815565633249647,
            "brake": 0.0,
            "steer": 0.0
        },
        {
            "throttle": 0.6745570020400569,
            "brake": 0.0,
            "steer": 0.0
        },
        {
            "throttle": 0.6670205011411379,
            "brake": 0.0,
            "steer": 0.0
        },
        {
            "throttle": 0.6589887976439841,
            "brake": 0.0,
            "steer": 0.0
        },
        {
            "throttle": 0.650506372850433,
            "brake": 0.0,
            "steer": 0.0
        },
        {
            "throttle": 0.6416202055232962,
            "brake": 0.0,
            "steer": 0.0
        },
        {
            "throttle": 0.6323795113661868,
            "brake": 0.0,
            "steer": 0.0
        },
        {
            "throttle": 0.6228354702099412,
            "brake": 0.0,
            "steer": 0.0
        },
        {
            "throttle": 0.6130409423877857,
            "brake": 0.0,
            "steer": 0.0
        },
        {
            "throttle": 0.6030501758499331,
            "brake": 0.0,
            "steer": 0.0
        },
        {
            "throttle": 0.5929185056256571,
            "brake": 0.0,
            "steer": 0.0
        },
        {
            "throttle": 0.5827020472875138,
            "brake": 0.0,
            "steer": 0.0
        },
        {
            "throttle": 0.5724573861085787,
            "brake": 0.0,
            "steer": 0.0
        },
        {
            "throttle": 0.5622412636294941,
            "brake": 0.0,
            "steer": 0.0
        },
        {
            "throttle": 0.5521102633679319,
            "brake": 0.0,
            "steer": 0.0
        },
        {
            "throttle": 0.5421204974088393,
            "brake": 0.0,
            "steer": 0.0
        },
        {
            "throttle": 0.5323272956096736,
            "brake": 0.0,
            "steer": 0.0
        },
        {
            "throttle": 0.522784899140848,
            "brake": 0.0,
            "steer": 0.0
        },
        {
            "throttle": 0.5135461600579452,
            "brake": 0.0,
            "steer": 0.0
        },
        {
            "throttle": 0.5046622485690978,
            "brake": 0.0,
            "steer": 0.0
        },
        {
            "throttle": 0.4961823696184807,
            "brake": 0.0,
            "steer": 0.0
        },
        {
            "throttle": 0.48815349035538225,
            "brake": 0.0,
            "steer": 0.0
        },
        {
            "throttle": 0.4806200799981154,
            "brake": 0.0,
            "steer": 0.0
        },
        {
            "throttle": 0.47362386353343716,
            "brake": 0.0,
            "steer": 0.0
        },
        {
            "throttle": 0.4672035906155537,
            "brake": 0.0,
            "steer": 0.0
        },
        {
            "throttle": 0.46139482094463524,
            "brake": 0.0,
            "steer": 0.0
        },
        {
            "throttle": 0.4562297273135075,
            "brake": 0.0,
            "steer": 0.0
        },
        {
            "throttle": 0.45173691741334565,
            "brake": 0.0,
            "steer": 0.0
        },
        {
            "throttle": 0.44794127538530304,
            "brake": 0.0,
            "steer": 0.0
        },
        {
            "throttle": 0.44486382399565205,
            "brake": 0.0,
            "steer": 0.0
        },
        {
            "throttle": 0.4425216081977902,
            "brake": 0.0,
            "steer": 0.0
        },
        {
            "throttle": 0.4409276007260123,
            "brake": 0.0,
            "steer": 0.0
        },
        {
            "throttle": 0.44009063024393,
            "brake": 0.0,
            "steer": 0.0
        },
        {
            "throttle": 0.4400153324454935,
            "brake": 0.0,
            "steer": 0.0
        },
        {
            "throttle": 0.4407021243794488,
            "brake": 0.0,
            "steer": 0.0
        },
        {
            "throttle": 0.4421472021394369,
            "brake": 0.0,
            "steer": 0.0
        },
        {
            "throttle": 0.4443425619325264,
            "brake": 0.0,
            "steer": 0.0
        },
        {
            "throttle": 0.447276044409488,
            "brake": 0.0,
            "steer": 0.0
        },
        {
            "throttle": 0.45093140201127957,
            "brake": 0.0,
            "steer": 0.0
        },
        {
            "throttle": 0.45528838895873225,
            "brake": 0.0,
            "steer": 0.0
        },
        {
            "throttle": 0.46032287338701516,
            "brake": 0.0,
            "steer": 0.0
        },
        {
            "throttle": 0.4660069710038034,
            "brake": 0.0,
            "steer": 0.0
        },
        {
            "throttle": 0.4723091995308631,
            "brake": 0.0,
            "steer": 0.0
        },
        {
            "throttle": 0.47919465307365344,
            "brake": 0.0,
            "steer": 0.0
        },
        {
            "throttle": 0.48662519545317195,
            "brake": 0.0,
            "steer": 0.0
        },
        {
            "throttle": 0.49455967142924406,
            "brake": 0.0,
            "steer": 0.0
        },
        {
            "throttle": 0.5029541346453628,
            "brake": 0.0,
            "steer": 0.0
        },
        {
            "throttle": 0.51176209103257,
            "brake": 0.0,
            "steer": 0.0
        },
        {
            "throttle": 0.5209347563242485,
            "brake": 0.0,
            "steer": 0.0
        },
        {
            "throttle": 0.5304213262555374,
            "brake": 0.0,
            "steer": 0.0
        },
        {
            "throttle": 0.5401692579508294,
            "brake": 0.0,
            "steer": 0.0
        },
        {
            "throttle": 0.5501245609408394,
            "brake": 0.0,
            "steer": 0.0
        },
        {
            "throttle": 0.560232096197402,
            "brake": 0.0,
            "steer": 0.0
        },
        {
            "throttle": 0.5704358815297434,
            "brake": 0.0,
            "steer": 0.0
        },
        {
            "throttle": 0.3993051170708204,
            "brake": 0.03841184070068397,
            "steer": 0.0
        },
        {
            "throttle": 0.27951358194957426,
            "brake": 0.06530012919116275,
            "steer": 0.0
        },
        {
            "throttle": 0.19565950736470197,
            "brake": 0.0841219311344979,
            "steer": 0.0
        },
        {
            "throttle": 0.13696165515529138,
            "brake": 0.09729719249483249,
            "steer": 0.0
        },
        {
            "throttle": 0.09587315860870396,
            "brake": 0.1065198754470667,
            "steer": 0.0
        },
        {
            "throttle": 0.06711121102609277,
            "brake": 0.11297575351363066,
            "steer": 0.0
        },
        {
            "throttle": 0.04697784771826494,
            "brake": 0.11749486816022543,
            "steer": 0.0
        },
        {
            "throttle": 0.03288449340278545,
            "brake": 0.12065824841284177,
            "steer": 0.0
        },
        {
            "throttle": 0.023019145381949813,
            "brake": 0.1228726145896732,
            "steer": 0.0
        },
        {
            "throttle": 0.01611340176736487,
            "brake": 0.12442267091345521,
            "steer": 0.0
        },
        {
            "throttle": 0.011279381237155408,
            "brake": 0.1255077103401026,
            "steer": 0.0
        },
        {
            "throttle": 0.007895566866008785,
            "brake": 0.12626723793875577,
            "steer": 0.0
        },
        {
            "throttle": 0.0055268968062061495,
            "brake": 0.126798907257813,
            "steer": 0.0
        },
        {
            "throttle": 0.0038688277643443045,
            "brake": 0.12717107578115305,
            "steer": 0.0
        },
        {
            "throttle": 0.002708179435041013,
            "brake": 0.1274315937474911,
            "steer": 0.0
        },
        {
            "throttle": 0.001895725604528709,
            "brake": 0.12761395632392775,
            "steer": 0.0
        },
        {
            "throttle": 0.0013270079231700962,
            "brake": 0.1277416101274334,
            "steer": 0.0
        },
        {
            "throttle": 0.0009289055462190673,
            "brake": 0.12783096778988734,
            "steer": 0.0
        },
        {
            "throttle": 0.0006502338823533471,
            "brake": 0.1278935181536051,
            "steer": 0.0
        },
        {
            "throttle": 0.00045516371764734294,
            "brake": 0.12793730340820753,
            "steer": 0.0
        },
        {
            "throttle": 0.00031861460235314,
            "brake": 0.12796795308642922,
            "steer": 0.0
        },
        {
            "throttle": 0.000223030221647198,
            "brake": 0.1279894078611844,
            "steer": 0.0
        },
        {
            "throttle": 0.0001561211551530386,
            "brake": 0.12800442620351304,
            "steer": 0.0
        },
        {
            "throttle": 0.00010928480860712701,
            "brake": 0.1280149390431431,
            "steer": 0.0
        },
        {
            "throttle": 0.2120612040984217,
            "brake": 0.08961045733020016,
            "steer": 0.0
        },
        {
            "throttle": 0.35907353379139073,
            "brake": 0.06272732013114012,
            "steer": 0.0
        },
        {
            "throttle": 0.46042129458129955,
            "brake": 0.04390912409179808,
            "steer": 0.0
        },
        {
            "throttle": 0.5296056460803915,
            "brake": 0.03073638686425865,
            "steer": 0.0
        },
        {
            "throttle": 0.5760871429672878,
            "brake": 0.021515470804981056,
            "steer": 0.0
        },
        {
            "throttle": 0.6064989603276536,
            "brake": 0.015060829563486738,
            "steer": 0.0
        },
        {
            "throttle": 0.6254960916481997,
            "brake": 0.010542580694440716,
            "steer": 0.0
        },
        {
            "throttle": 0.6363497222173337,
            "brake": 0.007379806486108501,
            "steer": 0.0
        },
        {
            "throttle": 0.641363220220877,
            "brake": 0.00516586454027595,
            "steer": 0.0
        },
        {
            "throttle": 0.6421632555240226,
            "brake": 0.0036161051781931648,
            "steer": 0.0
        },
        {
            "throttle": 0.6399035035486688,
            "brake": 0.002531273624735215,
            "steer": 0.0
        },
        {
            "throttle": 0.6354071548715767,
            "brake": 0.0017718915373146505,
            "steer": 0.0
        },
        {
            "throttle": 0.6292665854415171,
            "brake": 0.0012403240761202552,
            "steer": 0.0
        },
        {
            "throttle": 0.6219130363232193,
            "brake": 0.0008682268532841786,
            "steer": 0.0
        },
        {
            "throttle": 0.6136652976987987,
            "brake": 0.000607758797298925,
            "steer": 0.0
        },
        {
            "throttle": 0.6047636939466889,
            "brake": 0.0004254311581092475,
            "steer": 0.0
        },
        {
            "throttle": 0.59539377809119,
            "brake": 0.00029780181067647326,
            "steer": 0.0
        },
        {
            "throttle": 0.5857028219545721,
            "brake": 0.00020846126747353126,
            "steer": 0.0
        },
        {
            "throttle": 0.5758112629755957,
            "brake": 0.00014592288723147187,
            "steer": 0.0
        },
        {
            "throttle": 0.565820620902453,
            "brake": 0.0001021460210620303,
            "steer": 0.0
        },
        {
            "throttle": 0.5558189441378946,
            "brake": 7.15022147434212e-05,
            "steer": 0.0
        },
        {
            "throttle": 0.545884528109027,
            "brake": 5.005155032039484e-05,
            "steer": 0.0
        },
        {
            "throttle": 0.5360884258435545,
            "brake": 3.503608522427638e-05,
            "steer": 0.0
        },
        {
            "throttle": 0.5264961153908274,
            "brake": 2.4525259656993467e-05,
            "steer": 0.0
        },
        {
            "throttle": 0.5171685798329337,
            "brake": 1.7167681759895425e-05,
            "steer": 0.0
        },
        {
            "throttle": 0.508162979390378,
            "brake": 1.2017377231926798e-05,
            "steer": 0.0
        },
        {
            "throttle": 0.4995330417402351,
            "brake": 8.412164062348757e-06,
            "steer": 0.0
        },
        {
            "throttle": 0.49132925927325477,
            "brake": 5.88851484364413e-06,
            "steer": 0.0
        },
        {
            "throttle": 0.48359895581919843,
            "brake": 4.121960390550891e-06,
            "steer": 0.0
        },
        {
            "throttle": 0.47638626700611386,
            "brake": 2.8853722733856237e-06,
            "steer": 0.0
        },
        {
            "throttle": 0.46973206553702307,
            "brake": 2.0197605913699366e-06,
            "steer": 0.0
        },
        {
            "throttle": 0.46367385362017566,
            "brake": 1.4138324139589555e-06,
            "steer": 0.0
        },
        {
            "throttle": 0.4582456384242576,
            "brake": 9.896826897712688e-07,
            "steer": 0.0
        },
        {
            "throttle": 0.4534778019412875,
            "brake": 6.927778828398881e-07,
            "steer": 0.0
        },
        {
            "throttle": 0.4493969734630285,
            "brake": 4.849445179879217e-07,
            "steer": 0.0
        },
        {
            "throttle": 0.4460259106167551,
            "brake": 3.3946116259154513e-07,
            "steer": 0.0
        },
        {
            "throttle": 0.4433833932869502,
            "brake": 2.3762281381408159e-07,
            "steer": 0.0
        },
        {
            "throttle": 0.44148413357783245,
            "brake": 1.663359696698571e-07,
            "steer": 0.0
        },
        {
            "throttle": 0.44033870411256043,
            "brake": 1.1643517876889995e-07,
            "steer": 0.0
        },
        {
            "throttle": 0.43995348632425124,
            "brake": 8.150462513822996e-08,
            "steer": 0.0
        },
        {
            "throttle": 0.44033063990581944,
            "brake": 5.7053237596760964e-08,
            "steer": 0.0
        },
        {
            "throttle": 0.4414680942042693,
            "brake": 3.9937266317732674e-08,
            "steer": 0.0
        },
        {
            "throttle": 0.4433595620386013,
            "brake": 2.795608642241287e-08,
            "steer": 0.0
        },
        {
            "throttle": 0.44599457616685023,
            "brake": 1.9569260495689006e-08,
            "steer": 0.0
        },
        {
            "throttle": 0.4493585484117091,
            "brake": 1.3698482346982303e-08,
            "steer": 0.0
        },
        {
            "throttle": 0.45343285126526633,
            "brake": 9.588937642887611e-09,
            "steer": 0.0
        },
        {
            "throttle": 0.4581949216244785,
            "brake": 6.712256350021328e-09,
            "steer": 0.0
        },
        {
            "throttle": 0.46361838615534423,
            "brake": 4.698579445014929e-09,
            "steer": 0.0
        },
        {
            "throttle": 0.4696732076421962,
            "brake": 3.2890056115104505e-09,
            "steer": 0.0
        },
        {
            "throttle": 0.47632585154706675,
            "brake": 2.302303928057315e-09,
            "steer": 0.0
        },
        {
            "throttle": 0.48353947188148805,
            "brake": 1.6116127496401206e-09,
            "steer": 0.0
        },
        {
            "throttle": 0.49127411537865784,
            "brake": 1.1281289247480844e-09,
            "steer": 0.0
        },
        {
            "throttle": 0.49948694284731987,
            "brake": 7.896902473236591e-10,
            "steer": 0.0
        },
        {
            "throttle": 0.508132466489887,
            "brake": 5.527831731265613e-10,
            "steer": 0.0
        },
        {
            "throttle": 0.5171628018763562,
            "brake": 3.869482211885929e-10,
            "steer": 0.0
        },
        {
            "throttle": 0.5265279331825983,
            "brake": 2.7086375483201504e-10,
            "steer": 0.0
        },
        {
            "throttle": 0.5361759902268831,
            "brake": 1.8960462838241051e-10,
            "steer": 0.0
        },
        {
            "throttle": 0.5460535357722809,
            "brake": 1.3272323986768736e-10,
            "steer": 0.0
        },
        {
            "throttle": 0.5561058615051,
            "brake": 9.290626790738115e-11,
            "steer": 0.0
        },
        {
            "throttle": 0.5662772910510452,
            "brake": 6.50343875351668e-11,
            "steer": 0.0
        },
        {
            "throttle": 0.5765114883514924,
            "brake": 4.5524071274616764e-11,
            "steer": 0.0
        },
        {
            "throttle": 0.5867517696923825,
            "brake": 3.186684989223173e-11,
            "steer": 0.0
        },
        {
            "throttle": 0.5969414176578577,
            "brake": 2.230679492456221e-11,
            "steer": 0.0
        },
        {
            "throttle": 0.607023995269997,
            "brake": 1.5614756447193547e-11,
            "steer": 0.0
        },
        {
            "throttle": 0.6169436585749086,
            "brake": 1.0930329513035482e-11,
            "steer": 0.0
        },
        {
            "throttle": 0.6266454659439892,
            "brake": 7.651230659124836e-12,
            "steer": 0.0
        },
        {
            "throttle": 0.6360756823773173,
            "brake": 5.355861461387385e-12,
            "steer": 0.0
        },
        {
            "throttle": 0.6451820771238077,
            "brake": 3.74910302297117e-12,
            "steer": 0.0
        },
        {
            "throttle": 0.6539142129697502,
            "brake": 2.624372116079819e-12,
            "steer": 0.0
        },
        {
            "throttle": 0.6622237255934891,
            "brake": 1.837060481255873e-12,
            "steer": 0.0
        },
        {
            "throttle": 0.6700645914390156,
            "brake": 1.285942336879111e-12,
            "steer": 0.0
        },
        {
            "throttle": 0.6773933826248246,
            "brake": 9.001596358153777e-13,
            "steer": 0.0
        },
        {
            "throttle": 0.6841695074761927,
            "brake": 6.301117450707643e-13,
            "steer": 0.0
        },
        {
            "throttle": 0.6903554353486585,
            "brake": 4.41078221549535e-13,
            "steer": 0.0
        },
        {
            "throttle": 0.695916904497489,
            "brake": 3.0875475508467447e-13,
            "steer": 0.0
        },
        {
            "throttle": 0.7008231118418173,
            "brake": 2.1612832855927212e-13,
            "steer": 0.0
        },
        {
            "throttle": 0.7050468835724157,
            "brake": 1.5128982999149047e-13,
            "steer": 0.0
        },
        {
            "throttle": 0.7085648256581664,
            "brake": 1.0590288099404332e-13,
            "steer": 0.0
        },
        {
            "throttle": 0.7113574534176278,
            "brake": 7.413201669583032e-14,
            "steer": 0.0
        },
        {
            "throttle": 0.713409299438045,
            "brake": 5.189241168708122e-14,
            "steer": 0.0
        },
        {
            "throttle": 0.7147089992440766,
            "brake": 3.632468818095685e-14,
            "steer": 0.0
        },
        {
            "throttle": 0.7152493542417504,
            "brake": 2.5427281726669796e-14,
            "steer": 0.0
        },
        {
            "throttle": 0.7150273715890219,
            "brake": 1.7799097208668855e-14,
            "steer": 0.0
        },
        {
            "throttle": 0.7140442807721062,
            "brake": 1.2459368046068197e-14,
            "steer": 0.0
        },
        {
            "throttle": 0.7123055267957754,
            "brake": 8.721557632247738e-15,
            "steer": 0.0
        },
        {
            "throttle": 0.7098207400253329,
            "brake": 6.1050903425734164e-15,
            "steer": 0.0
        },
        {
            "throttle": 0.7066036828473053,
            "brake": 4.273563239801391e-15,
            "steer": 0.0
        },
        {
            "throttle": 0.7026721734442777,
            "brake": 2.9914942678609737e-15,
            "steer": 0.0
        },
        {
            "throttle": 0.6980479871060561,
            "brake": 2.0940459875026814e-15,
            "steer": 0.0
        }
    ],
    "parameters": {
        "fog_density": 1.4686316418707168,
        "precipitation": 1.1564908082992598,
        "precipitation_deposits": 34.3360515833933,
        "wind_intensity": 13.141077272694085,
        "sun_altitude_angle": 22.180823308480292,
        "cloudiness": 54.95062478266094,
        "lead_base_throttle": 0.5776099626391453,
        "lead_behavior_frequency": 0.11847390964659792,
        "lead_throttle_variation": 0.14058977645914209,
        "lead_brake_probability": 0.14728536294423003,
        "lead_brake_intensity": 0.12803946900227992,
        "lead_brake_duration": 24.47164048066692,
        "initial_distance": 64.90204973148187,
        "initial_ego_velocity": 18.129897432571045,
        "initial_lead_velocity": 17.89570803127647
    },
    "config": {
        "num_timesteps": 200,
        "dt": 0.1,
        "seed": 69
    }
}