{
    "weather": {
        "cloudiness": 18.061449245783876,
        "precipitation": 65.25544387507895,
        "precipitation_deposits": 66.13347947847022,
        "wind_intensity": 25.364406263509228,
        "sun_altitude_angle": 51.18796052840912,
        "fog_density": 76.72430975057247,
        "fog_distance": 77.500027197629,
        "wetness": 32.62772193753948
    },
    "initial_conditions": {
        "ego": {
            "position": {
                "x": 515.6761142715726,
                "y": 20.57,
                "z": 0.294
            },
            "yaw": 0.0,
            "velocity": 5.766543791259703
        },
        "lead": {
            "position": {
                "x": 484.88,
                "y": 20.57,
                "z": 0.294
            },
            "yaw": 0.0,
            "velocity": 14.63733153005396
        }
    },
    "ego": {
        "position": {
            "x": 515.6761142715726,
            "y": 20.57,
            "z": 0.294
        },
        "yaw": 0.0,
        "velocity": 5.766543791259703
    },
    "lead": {
        "position": {
            "x": 484.88,
            "y": 20.57,
            "z": 0.294
        },
        "yaw": 0.0,
        "velocity": 14.63733153005396
    },
    "ado_actions": [
        {
            "throttle": 0.21911304675460624,
            "brake": 0.0,
            "steer": 0.0
        },
        {
            "throttle": 0.23058103637685187,
            "brake": 0.0,
            "steer": 0.0
        },
        {
            "throttle": 0.24982660231086834,
            "brake": 0.0,
            "steer": 0.0
        },
        {
            "throttle": 0.2740218894842295,
            "brake": 0.0,
            "steer": 0.0
        },
        {
            "throttle": 0.3009536160972072,
            "brake": 0.0,
            "steer": 0.0
        },
        {
            "throttle": 0.32885458091235215,
            "brake": 0.0,
            "steer": 0.0
        },
        {
            "throttle": 0.35629046893467825,
            "brake": 0.0,
            "steer": 0.0
        },
        {
            "throttle": 0.38208491620893115,
            "brake": 0.0,
            "steer": 0.0
        },
        {
            "throttle": 0.4052708124792289,
            "brake": 0.0,
            "steer": 0.0
        },
        {
            "throttle": 0.4250593449189376,
            "brake": 0.0,
            "steer": 0.0
        },
        {
            "throttle": 0.4408207668976657,
            "brake": 0.0,
            "steer": 0.0
        },
        {
            "throttle": 0.45207262740736553,
            "brake": 0.0,
            "steer": 0.0
        },
        {
            "throttle": 0.4584724392107279,
            "brake": 0.0,
            "steer": 0.0
        },
        {
            "throttle": 0.4598126505703767,
            "brake": 0.0,
            "steer": 0.0
        },
        {
            "throttle": 0.4560164236919412,
            "brake": 0.0,
            "steer": 0.0
        },
        {
            "throttle": 0.4471331873735581,
            "brake": 0.0,
            "steer": 0.0
        },
        {
            "throttle": 0.4333332736397267,
            "brake": 0.0,
            "steer": 0.0
        },
        {
            "throttle": 0.41490120426167354,
            "brake": 0.0,
            "steer": 0.0
        },
        {
            "throttle": 0.39222738780830213,
            "brake": 0.0,
            "steer": 0.0
        },
        {
            "throttle": 0.3657981382396459,
            "brake": 0.0,
            "steer": 0.0
        },
        {
            "throttle": 0.3361840436480126,
            "brake": 0.0,
            "steer": 0.0
        },
        {
            "throttle": 0.3040268064213963,
            "brake": 0.0,
            "steer": 0.0
        },
        {
            "throttle": 0.2700247491190287,
            "brake": 0.0,
            "steer": 0.0
        },
        {
            "throttle": 0.2349172372213459,
            "brake": 0.0,
            "steer": 0.0
        },
        {
            "throttle": 0.19946831297842665,
            "brake": 0.0,
            "steer": 0.0
        },
        {
            "throttle": 0.16444986539379736,
            "brake": 0.0,
            "steer": 0.0
        },
        {
            "throttle": 0.1306246810229859,
            "brake": 0.0,
            "steer": 0.0
        },
        {
            "throttle": 0.09872972953536097,
            "brake": 0.0,
            "steer": 0.0
        },
        {
            "throttle": 0.06946003753919412,
            "brake": 0.0,
            "steer": 0.0
        },
        {
            "throttle": 0.048622026277435886,
            "brake": 0.0,
            "steer": 0.0
        },
        {
            "throttle": 0.03403541839420512,
            "brake": 0.0,
            "steer": 0.0
        },
        {
            "throttle": 0.023824792875943582,
            "brake": 0.0,
            "steer": 0.0
        },
        {
            "throttle": 0.016677355013160505,
            "brake": 0.0,
            "steer": 0.0
        },
        {
            "throttle": 0.011674148509212353,
            "brake": 0.0,
            "steer": 0.0
        },
        {
            "throttle": 0.008171903956448647,
            "brake": 0.0,
            "steer": 0.0
        },
        {
            "throttle": 0.005720332769514053,
            "brake": 0.0,
            "steer": 0.0
        },
        {
            "throttle": 0.005811051099787159,
            "brake": 0.0,
            "steer": 0.0
        },
        {
            "throttle": 0.013121652177849961,
            "brake": 0.0,
            "steer": 0.0
        },
        {
            "throttle": 0.02672186555757773,
            "brake": 0.0,
            "steer": 0.0
        },
        {
            "throttle": 0.045775566506803075,
            "brake": 0.0,
            "steer": 0.0
        },
        {
            "throttle": 0.06948962444217202,
            "brake": 0.0,
            "steer": 0.0
        },
        {
            "throttle": 0.09708262807511217,
            "brake": 0.0,
            "steer": 0.0
        },
        {
            "throttle": 0.12776792488849809,
            "brake": 0.0,
            "steer": 0.0
        },
        {
            "throttle": 0.16074697375673247,
            "brake": 0.0,
            "steer": 0.0
        },
        {
            "throttle": 0.1952100959669487,
            "brake": 0.0,
            "steer": 0.0
        },
        {
            "throttle": 0.2303424665037343,
            "brake": 0.0,
            "steer": 0.0
        },
        {
            "throttle": 0.26533371574484016,
            "brake": 0.0,
            "steer": 0.0
        },
        {
            "throttle": 0.2993898827744189,
            "brake": 0.0,
            "steer": 0.0
        },
        {
            "throttle": 0.3317467250915202,
            "brake": 0.0,
            "steer": 0.0
        },
        {
            "throttle": 0.3616835803080255,
            "brake": 0.0,
            "steer": 0.0
        },
        {
            "throttle": 0.38853711766743915,
            "brake": 0.0,
            "steer": 0.0
        },
        {
            "throttle": 0.41171442760789767,
            "brake": 0.0,
            "steer": 0.0
        },
        {
            "throttle": 0.4307049876171515,
            "brake": 0.0,
            "steer": 0.0
        },
        {
            "throttle": 0.4450911200405544,
            "brake": 0.0,
            "steer": 0.0
        },
        {
            "throttle": 0.4545566274209344,
            "brake": 0.0,
            "steer": 0.0
        },
        {
            "throttle": 0.45889335660966135,
            "brake": 0.0,
            "steer": 0.0
        },
        {
            "throttle": 0.45800550619345515,
            "brake": 0.0,
            "steer": 0.0
        },
        {
            "throttle": 0.45191155368489966,
            "brake": 0.0,
            "steer": 0.0
        },
        {
            "throttle": 0.440743739710172,
            "brake": 0.0,
            "steer": 0.0
        },
        {
            "throttle": 0.424745105913396,
            "brake": 0.0,
            "steer": 0.0
        },
        {
            "throttle": 0.4042641409868254,
            "brake": 0.0,
            "steer": 0.0
        },
        {
            "throttle": 0.3797471444323426,
            "brake": 0.0,
            "steer": 0.0
        },
        {
            "throttle": 0.3517284695513627,
            "brake": 0.0,
            "steer": 0.0
        },
        {
            "throttle": 0.3208188548904087,
            "brake": 0.0,
            "steer": 0.0
        },
        {
            "throttle": 0.28769209608996843,
            "brake": 0.0,
            "steer": 0.0
        },
        {
            "throttle": 0.2530703469979287,
            "brake": 0.0,
            "steer": 0.0
        },
        {
            "throttle": 0.2177083693053024,
            "brake": 0.0,
            "steer": 0.0
        },
        {
            "throttle": 0.1823770732443719,
            "brake": 0.0,
            "steer": 0.0
        },
        {
            "throttle": 0.14784670759630583,
            "brake": 0.0,
            "steer": 0.0
        },
        {
            "throttle": 0.11487006507664964,
            "brake": 0.0,
            "steer": 0.0
        },
        {
            "throttle": 0.0841660689549302,
            "brake": 0.0,
            "steer": 0.0
        },
        {
            "throttle": 0.058916248268451134,
            "brake": 0.0,
            "steer": 0.0
        },
        {
            "throttle": 0.04124137378791579,
            "brake": 0.0,
            "steer": 0.0
        },
        {
            "throttle": 0.028868961651541052,
            "brake": 0.0,
            "steer": 0.0
        },
        {
            "throttle": 0.020208273156078736,
            "brake": 0.0,
            "steer": 0.0
        },
        {
            "throttle": 0.014145791209255115,
            "brake": 0.0,
            "steer": 0.0
        },
        {
            "throttle": 0.00990205384647858,
            "brake": 0.0,
            "steer": 0.0
        },
        {
            "throttle": 0.0069314376925350045,
            "brake": 0.0,
            "steer": 0.0
        },
        {
            "throttle": 0.004852006384774503,
            "brake": 0.0,
            "steer": 0.0
        },
        {
            "throttle": 0.008551854595553271,
            "brake": 0.0,
            "steer": 0.0
        },
        {
            "throttle": 0.019009429332090533,
            "brake": 0.0,
            "steer": 0.0
        },
        {
            "throttle": 0.035346573202138,
            "brake": 0.0,
            "steer": 0.0
        },
        {
            "throttle": 0.05675199768097604,
            "brake": 0.0,
            "steer": 0.0
        },
        {
            "throttle": 0.08244045497518948,
            "brake": 0.0,
            "steer": 0.0
        },
        {
            "throttle": 0.1116288967363921,
            "brake": 0.0,
            "steer": 0.0
        },
        {
            "throttle": 0.14352487302349098,
            "brake": 0.0,
            "steer": 0.0
        },
        {
            "throttle": 0.17732373797077622,
            "brake": 0.0,
            "steer": 0.0
        },
        {
            "throttle": 0.21221214255991752,
            "brake": 0.0,
            "steer": 0.0
        },
        {
            "throttle": 0.24737593198381902,
            "brake": 0.0,
            "steer": 0.0
        },
        {
            "throttle": 0.28201101097429243,
            "brake": 0.0,
            "steer": 0.0
        },
        {
            "throttle": 0.3153360550969171,
            "brake": 0.0,
            "steer": 0.0
        },
        {
            "throttle": 0.34660617130777416,
            "brake": 0.0,
            "steer": 0.0
        },
        {
            "throttle": 0.37512677624663915,
            "brake": 0.0,
            "steer": 0.0
        },
        {
            "throttle": 0.40026708610678485,
            "brake": 0.0,
            "steer": 0.0
        },
        {
            "throttle": 0.4214727114684014,
            "brake": 0.0,
            "steer": 0.0
        },
        {
            "throttle": 0.4382769337506662,
            "brake": 0.0,
            "steer": 0.0
        },
        {
            "throttle": 0.45031031330843374,
            "brake": 0.0,
            "steer": 0.0
        },
        {
            "throttle": 0.4573083468117436,
            "brake": 0.0,
            "steer": 0.0
        },
        {
            "throttle": 0.45911695594240964,
            "brake": 0.0,
            "steer": 0.0
        },
        {
            "throttle": 0.45569565202954176,
            "brake": 0.0,
            "steer": 0.0
        },
        {
            "throttle": 0.4471182826285921,
            "brake": 0.0,
            "steer": 0.0
        },
        {
            "throttle": 0.4335713262658808,
            "brake": 0.0,
            "steer": 0.0
        },
        {
            "throttle": 0.41534976027410353,
            "brake": 0.0,
            "steer": 0.0
        },
        {
            "throttle": 0.3928505832293103,
            "brake": 0.0,
            "steer": 0.0
        },
        {
            "throttle": 0.36656412720519854,
            "brake": 0.0,
            "steer": 0.0
        },
        {
            "throttle": 0.33706334504621394,
            "brake": 0.0,
            "steer": 0.0
        },
        {
            "throttle": 0.30499130326870816,
            "brake": 0.0,
            "steer": 0.0
        },
        {
            "throttle": 0.2710471512013924,
            "brake": 0.0,
            "steer": 0.0
        },
        {
            "throttle": 0.23597087081391918,
            "brake": 0.0,
            "steer": 0.0
        },
        {
            "throttle": 0.20052713869734196,
            "brake": 0.0,
            "steer": 0.0
        },
        {
            "throttle": 0.1654886513190749,
            "brake": 0.0,
            "steer": 0.0
        },
        {
            "throttle": 0.1316192765881342,
            "brake": 0.0,
            "steer": 0.0
        },
        {
            "throttle": 0.09965739870140976,
            "brake": 0.0,
            "steer": 0.0
        },
        {
            "throttle": 0.07029981913176778,
            "brake": 0.0,
            "steer": 0.0
        },
        {
            "throttle": 0.04920987339223744,
            "brake": 0.0,
            "steer": 0.0
        },
        {
            "throttle": 0.0344469113745662,
            "brake": 0.0,
            "steer": 0.0
        },
        {
            "throttle": 0.024112837962196338,
            "brake": 0.0,
            "steer": 0.0
        },
        {
            "throttle": 0.016878986573537435,
            "brake": 0.0,
            "steer": 0.0
        },
        {
            "throttle": 0.011815290601476203,
            "brake": 0.0,
            "steer": 0.0
        },
        {
            "throttle": 0.008270703421033341,
            "brake": 0.0,
            "steer": 0.0
        },
        {
            "throttle": 0.0057894923947233385,
            "brake": 0.0,
            "steer": 0.0
        },
        {
            "throttle": 0.005660611389896792,
            "brake": 0.0,
            "steer": 0.0
        },
        {
            "throttle": 0.012777379832269446,
            "brake": 0.0,
            "steer": 0.0
        },
        {
            "throttle": 0.026207006989989914,
            "brake": 0.0,
            "steer": 0.0
        },
        {
            "throttle": 0.04511236486787198,
            "brake": 0.0,
            "steer": 0.0
        },
        {
            "throttle": 0.0687002513676076,
            "brake": 0.0,
            "steer": 0.0
        },
        {
            "throttle": 0.09618969198993321,
            "brake": 0.0,
            "steer": 0.0
        },
        {
            "throttle": 0.12679467228670413,
            "brake": 0.0,
            "steer": 0.0
        },
        {
            "throttle": 0.1597172683188498,
            "brake": 0.0,
            "steer": 0.0
        },
        {
            "throttle": 0.1941482384461429,
            "brake": 0.0,
            "steer": 0.0
        },
        {
            "throttle": 0.22927290303999598,
            "brake": 0.0,
            "steer": 0.0
        },
        {
            "throttle": 0.26428067157931684,
            "brake": 0.0,
            "steer": 0.0
        },
        {
            "throttle": 0.2983769507784482,
            "brake": 0.0,
            "steer": 0.0
        },
        {
            "throttle": 0.33079643308129314,
            "brake": 0.0,
            "steer": 0.0
        },
        {
            "throttle": 0.36081695707820277,
            "brake": 0.0,
            "steer": 0.0
        },
        {
            "throttle": 0.38777327455489863,
            "brake": 0.0,
            "steer": 0.0
        },
        {
            "throttle": 0.41107016985316436,
            "brake": 0.0,
            "steer": 0.0
        },
        {
            "throttle": 0.4301944675978965,
            "brake": 0.0,
            "steer": 0.0
        },
        {
            "throttle": 0.4447255424582134,
            "brake": 0.0,
            "steer": 0.0
        },
        {
            "throttle": 0.4543440146325197,
            "brake": 0.0,
            "steer": 0.0
        },
        {
            "throttle": 0.45883838045616887,
            "brake": 0.0,
            "steer": 0.0
        },
        {
            "throttle": 0.45810939085595614,
            "brake": 0.0,
            "steer": 0.0
        },
        {
            "throttle": 0.4521720522914937,
            "brake": 0.0,
            "steer": 0.0
        },
        {
            "throttle": 0.4411551856275218,
            "brake": 0.0,
            "steer": 0.0
        },
        {
            "throttle": 0.4252985379012298,
            "brake": 0.0,
            "steer": 0.0
        },
        {
            "throttle": 0.40494749969450816,
            "brake": 0.0,
            "steer": 0.0
        },
        {
            "throttle": 0.3805455360989837,
            "brake": 0.0,
            "steer": 0.0
        },
        {
            "throttle": 0.35262449126220524,
            "brake": 0.0,
            "steer": 0.0
        },
        {
            "throttle": 0.3217929743697223,
            "brake": 0.0,
            "steer": 0.0
        },
        {
            "throttle": 0.28872307780033984,
            "brake": 0.0,
            "steer": 0.0
        },
        {
            "throttle": 0.25413571529135015,
            "brake": 0.0,
            "steer": 0.0
        },
        {
            "throttle": 0.21878489855321664,
            "brake": 0.0,
            "steer": 0.0
        },
        {
            "throttle": 0.18344129427832792,
            "brake": 0.0,
            "steer": 0.0
        },
        {
            "throttle": 0.14887541943015878,
            "brake": 0.0,
            "steer": 0.0
        },
        {
            "throttle": 0.11584084076250394,
            "brake": 0.0,
            "steer": 0.0
        },
        {
            "throttle": 0.08505774455040205,
            "brake": 0.0,
            "steer": 0.0
        },
        {
            "throttle": 0.05954042118528143,
            "brake": 0.0,
            "steer": 0.0
        },
        {
            "throttle": 0.041678294829697,
            "brake": 0.0,
            "steer": 0.0
        },
        {
            "throttle": 0.0291748063807879,
            "brake": 0.0,
            "steer": 0.0
        },
        {
            "throttle": 0.02042236446655153,
            "brake": 0.0,
            "steer": 0.0
        },
        {
            "throttle": 0.014295655126586069,
            "brake": 0.0,
            "steer": 0.0
        },
        {
            "throttle": 0.010006958588610247,
            "brake": 0.0,
            "steer": 0.0
        },
        {
            "throttle": 0.007004871012027173,
            "brake": 0.0,
            "steer": 0.0
        },
        {
            "throttle": 0.0049034097084190206,
            "brake": 0.0,
            "steer": 0.0
        },
        {
            "throttle": 0.008368939644120957,
            "brake": 0.0,
            "steer": 0.0
        },
        {
            "throttle": 0.01862480169077027,
            "brake": 0.0,
            "steer": 0.0
        },
        {
            "throttle": 0.03478865069981722,
            "brake": 0.0,
            "steer": 0.0
        },
        {
            "throttle": 0.05604696644933528,
            "brake": 0.0,
            "steer": 0.0
        },
        {
            "throttle": 0.08161350148064697,
            "brake": 0.0,
            "steer": 0.0
        },
        {
            "throttle": 0.11070492072934643,
            "brake": 0.0,
            "steer": 0.0
        },
        {
            "throttle": 0.14252882812467726,
            "brake": 0.0,
            "steer": 0.0
        },
        {
            "throttle": 0.1762807060536254,
            "brake": 0.0,
            "steer": 0.0
        },
        {
            "throttle": 0.21114721981615842,
            "brake": 0.0,
            "steer": 0.0
        },
        {
            "throttle": 0.24631398481244052,
            "brake": 0.0,
            "steer": 0.0
        },
        {
            "throttle": 0.280976345975135,
            "brake": 0.0,
            "steer": 0.0
        },
        {
            "throttle": 0.31435203763498487,
            "brake": 0.0,
            "steer": 0.0
        },
        {
            "throttle": 0.3456948200541189,
            "brake": 0.0,
            "steer": 0.0
        },
        {
            "throttle": 0.37430835589838296,
            "brake": 0.0,
            "steer": 0.0
        },
        {
            "throttle": 0.3995597165196306,
            "brake": 0.0,
            "steer": 0.0
        },
        {
            "throttle": 0.42089200827092443,
            "brake": 0.0,
            "steer": 0.0
        },
        {
            "throttle": 0.4378356928589714,
            "brake": 0.0,
            "steer": 0.0
        },
        {
            "throttle": 0.45001824942761826,
            "brake": 0.0,
            "steer": 0.0
        },
        {
            "throttle": 0.45717189387108836,
            "brake": 0.0,
            "steer": 0.0
        },
        {
            "throttle": 0.45913913538721035,
            "brake": 0.0,
            "steer": 0.0
        },
        {
            "throttle": 0.4558760129414854,
            "brake": 0.0,
            "steer": 0.0
        },
        {
            "throttle": 0.4474529157504836,
            "brake": 0.0,
            "steer": 0.0
        },
        {
            "throttle": 0.4340529521642108,
            "brake": 0.0,
            "steer": 0.0
        },
        {
            "throttle": 0.415967890094876,
            "brake": 0.0,
            "steer": 0.0
        },
        {
            "throttle": 0.3935917488066855,
            "brake": 0.0,
            "steer": 0.0
        },
        {
            "throttle": 0.36741217569125845,
            "brake": 0.0,
            "steer": 0.0
        },
        {
            "throttle": 0.33799979176802863,
            "brake": 0.0,
            "steer": 0.0
        },
        {
            "throttle": 0.3059957352106123,
            "brake": 0.0,
            "steer": 0.0
        },
        {
            "throttle": 0.2720976723794968,
            "brake": 0.0,
            "steer": 0.0
        },
        {
            "throttle": 0.23704457987755229,
            "brake": 0.0,
            "steer": 0.0
        },
        {
            "throttle": 0.20160062837620055,
            "brake": 0.0,
            "steer": 0.0
        },
        {
            "throttle": 0.16653851884927662,
            "brake": 0.0,
            "steer": 0.0
        },
        {
            "throttle": 0.1326226340044818,
            "brake": 0.0,
            "steer": 0.0
        },
        {
            "throttle": 0.10059237188152564,
            "brake": 0.0,
            "steer": 0.0
        },
        {
            "throttle": 0.07114602471977907,
            "brake": 0.0,
            "steer": 0.0
        },
        {
            "throttle": 0.04980221730384535,
            "brake": 0.0,
            "steer": 0.0
        }
    ],
    "parameters": {
        "fog_density": 76.72430975057247,
        "precipitation": 65.25544387507895,
        "precipitation_deposits": 66.13347947847022,
        "wind_intensity": 25.364406263509228,
        "sun_altitude_angle": 51.18796052840912,
        "cloudiness": 18.061449245783876,
        "lead_base_throttle": 0.21911304675460627,
        "lead_behavior_frequency": 0.23521014672389495,
        "lead_throttle_variation": 0.2596044721825738,
        "lead_brake_probability": 0.017174222204499934,
        "lead_brake_intensity": 0.6012642426284203,
        "lead_brake_duration": 7.334927404153628,
        "initial_distance": 30.796114271572556,
        "initial_ego_velocity": 5.766543791259703,
        "initial_lead_velocity": 14.63733153005396
    },
    "config": {
        "num_timesteps": 200,
        "dt": 0.1,
        "seed": 152
    }
}