{
    "weather": {
        "cloudiness": 6.453440484315831,
        "precipitation": 46.164334778328644,
        "precipitation_deposits": 99.77606174414775,
        "wind_intensity": 7.62357597763938,
        "sun_altitude_angle": 43.84055555326313,
        "fog_density": 43.318039185842366,
        "fog_distance": 235.9973649398248,
        "wetness": 23.082167389164322
    },
    "initial_conditions": {
        "ego": {
            "position": {
                "x": 520.795193585548,
                "y": 20.57,
                "z": 0.294
            },
            "yaw": 0.0,
            "velocity": 12.25456258464485
        },
        "lead": {
            "position": {
                "x": 484.88,
                "y": 20.57,
                "z": 0.294
            },
            "yaw": 0.0,
            "velocity": 17.909773345582877
        }
    },
    "ego": {
        "position": {
            "x": 520.795193585548,
            "y": 20.57,
            "z": 0.294
        },
        "yaw": 0.0,
        "velocity": 12.25456258464485
    },
    "lead": {
        "position": {
            "x": 484.88,
            "y": 20.57,
            "z": 0.294
        },
        "yaw": 0.0,
        "velocity": 17.909773345582877
    },
    "ado_actions": [
        {
            "throttle": 0.21243981607319629,
            "brake": 0.0,
            "steer": 0.0
        },
        {
            "throttle": 0.22340829246125846,
            "brake": 0.0,
            "steer": 0.0
        },
        {
            "throttle": 0.24178550779628646,
            "brake": 0.0,
            "steer": 0.0
        },
        {
            "throttle": 0.2648170580684631,
            "brake": 0.0,
            "steer": 0.0
        },
        {
            "throttle": 0.2903253239711908,
            "brake": 0.0,
            "steer": 0.0
        },
        {
            "throttle": 0.31655561105675833,
            "brake": 0.0,
            "steer": 0.0
        },
        {
            "throttle": 0.34207410149306106,
            "brake": 0.0,
            "steer": 0.0
        },
        {
            "throttle": 0.3657014645684956,
            "brake": 0.0,
            "steer": 0.0
        },
        {
            "throttle": 0.386470695148572,
            "brake": 0.0,
            "steer": 0.0
        },
        {
            "throttle": 0.4036010727211994,
            "brake": 0.0,
            "steer": 0.0
        },
        {
            "throttle": 0.41648248066165416,
            "brake": 0.0,
            "steer": 0.0
        },
        {
            "throttle": 0.42466599092612056,
            "brake": 0.0,
            "steer": 0.0
        },
        {
            "throttle": 0.42785780950398083,
            "brake": 0.0,
            "steer": 0.0
        },
        {
            "throttle": 0.42591453620107134,
            "brake": 0.0,
            "steer": 0.0
        },
        {
            "throttle": 0.41883831857563986,
            "brake": 0.0,
            "steer": 0.0
        },
        {
            "throttle": 0.406770943401105,
            "brake": 0.0,
            "steer": 0.0
        },
        {
            "throttle": 0.3899862577737522,
            "brake": 0.0,
            "steer": 0.0
        },
        {
            "throttle": 0.36888057884605147,
            "brake": 0.0,
            "steer": 0.0
        },
        {
            "throttle": 0.3439609586379907,
            "brake": 0.0,
            "steer": 0.0
        },
        {
            "throttle": 0.31583133369590144,
            "brake": 0.0,
            "steer": 0.0
        },
        {
            "throttle": 0.2851767187521592,
            "brake": 0.0,
            "steer": 0.0
        },
        {
            "throttle": 0.2527457057752181,
            "brake": 0.0,
            "steer": 0.0
        },
        {
            "throttle": 0.21933160935109833,
            "brake": 0.0,
            "steer": 0.0
        },
        {
            "throttle": 0.18575265913305805,
            "brake": 0.0,
            "steer": 0.0
        },
        {
            "throttle": 0.15283168208474812,
            "brake": 0.0,
            "steer": 0.0
        },
        {
            "throttle": 0.1213757427847531,
            "brake": 0.0,
            "steer": 0.0
        },
        {
            "throttle": 0.09215622020428013,
            "brake": 0.0,
            "steer": 0.0
        },
        {
            "throttle": 0.06588979503779308,
            "brake": 0.0,
            "steer": 0.0
        },
        {
            "throttle": 0.04612285652645515,
            "brake": 0.0,
            "steer": 0.0
        },
        {
            "throttle": 0.0322859995685186,
            "brake": 0.0,
            "steer": 0.0
        },
        {
            "throttle": 0.022600199697963022,
            "brake": 0.0,
            "steer": 0.0
        },
        {
            "throttle": 0.015820139788574116,
            "brake": 0.0,
            "steer": 0.0
        },
        {
            "throttle": 0.01107409785200188,
            "brake": 0.0,
            "steer": 0.0
        },
        {
            "throttle": 0.008638885706671281,
            "brake": 0.0,
            "steer": 0.0
        },
        {
            "throttle": 0.012601517489621374,
            "brake": 0.0,
            "steer": 0.0
        },
        {
            "throttle": 0.02244592604403779,
            "brake": 0.0,
            "steer": 0.0
        },
        {
            "throttle": 0.03763733453990019,
            "brake": 0.0,
            "steer": 0.0
        },
        {
            "throttle": 0.057597688006681906,
            "brake": 0.0,
            "steer": 0.0
        },
        {
            "throttle": 0.08169345500097755,
            "brake": 0.0,
            "steer": 0.0
        },
        {
            "throttle": 0.10923270639387263,
            "brake": 0.0,
            "steer": 0.0
        },
        {
            "throttle": 0.13946916829662936,
            "brake": 0.0,
            "steer": 0.0
        },
        {
            "throttle": 0.1716114873826759,
            "brake": 0.0,
            "steer": 0.0
        },
        {
            "throttle": 0.20483631762016724,
            "brake": 0.0,
            "steer": 0.0
        },
        {
            "throttle": 0.23830409271947145,
            "brake": 0.0,
            "steer": 0.0
        },
        {
            "throttle": 0.27117652703971157,
            "brake": 0.0,
            "steer": 0.0
        },
        {
            "throttle": 0.30263501632555245,
            "brake": 0.0,
            "steer": 0.0
        },
        {
            "throttle": 0.3318992072947937,
            "brake": 0.0,
            "steer": 0.0
        },
        {
            "throttle": 0.3582450847667551,
            "brake": 0.0,
            "steer": 0.0
        },
        {
            "throttle": 0.38102199553164884,
            "brake": 0.0,
            "steer": 0.0
        },
        {
            "throttle": 0.39966809532482805,
            "brake": 0.0,
            "steer": 0.0
        },
        {
            "throttle": 0.41372377271886596,
            "brake": 0.0,
            "steer": 0.0
        },
        {
            "throttle": 0.42284267352165317,
            "brake": 0.0,
            "steer": 0.0
        },
        {
            "throttle": 0.426800022244961,
            "brake": 0.0,
            "steer": 0.0
        },
        {
            "throttle": 0.42549801340530713,
            "brake": 0.0,
            "steer": 0.0
        },
        {
            "throttle": 0.4189681242351849,
            "brake": 0.0,
            "steer": 0.0
        },
        {
            "throttle": 0.4073702807708772,
            "brake": 0.0,
            "steer": 0.0
        },
        {
            "throttle": 0.39098888989145375,
            "brake": 0.0,
            "steer": 0.0
        },
        {
            "throttle": 0.370225829168667,
            "brake": 0.0,
            "steer": 0.0
        },
        {
            "throttle": 0.34559056270784383,
            "brake": 0.0,
            "steer": 0.0
        },
        {
            "throttle": 0.3176876228555051,
            "brake": 0.0,
            "steer": 0.0
        },
        {
            "throttle": 0.28720176310988677,
            "brake": 0.0,
            "steer": 0.0
        },
        {
            "throttle": 0.25488114529362915,
            "brake": 0.0,
            "steer": 0.0
        },
        {
            "throttle": 0.22151897269005572,
            "brake": 0.0,
            "steer": 0.0
        },
        {
            "throttle": 0.18793401926303405,
            "brake": 0.0,
            "steer": 0.0
        },
        {
            "throttle": 0.13155381348412382,
            "brake": 0.16206135783419903,
            "steer": 0.0
        },
        {
            "throttle": 0.09208766943888666,
            "brake": 0.2755043083181383,
            "steer": 0.0
        },
        {
            "throttle": 0.06446136860722065,
            "brake": 0.3549143736568958,
            "steer": 0.0
        },
        {
            "throttle": 0.045122958025054456,
            "brake": 0.41050141939402607,
            "steer": 0.0
        },
        {
            "throttle": 0.03158607061753812,
            "brake": 0.44941235141001723,
            "steer": 0.0
        },
        {
            "throttle": 0.02211024943227668,
            "brake": 0.314588645987012,
            "steer": 0.0
        },
        {
            "throttle": 0.015477174602593676,
            "brake": 0.2202120521909084,
            "steer": 0.0
        },
        {
            "throttle": 0.010834022221815573,
            "brake": 0.15414843653363586,
            "steer": 0.0
        },
        {
            "throttle": 0.007583815555270901,
            "brake": 0.1079039055735451,
            "steer": 0.0
        },
        {
            "throttle": 0.0058751190845949056,
            "brake": 0.07553273390148156,
            "steer": 0.0
        },
        {
            "throttle": 0.010248567264085061,
            "brake": 0.05287291373103709,
            "steer": 0.0
        },
        {
            "throttle": 0.020293069208072584,
            "brake": 0.037011039611725964,
            "steer": 0.0
        },
        {
            "throttle": 0.035549478412840244,
            "brake": 0.025907727728208173,
            "steer": 0.0
        },
        {
            "throttle": 0.05549452341552688,
            "brake": 0.018135409409745718,
            "steer": 0.0
        },
        {
            "throttle": 0.07953451363584346,
            "brake": 0.012694786586822002,
            "steer": 0.0
        },
        {
            "throttle": 0.10700651445779283,
            "brake": 0.0088863506107754,
            "steer": 0.0
        },
        {
            "throttle": 0.1371852404195661,
            "brake": 0.00622044542754278,
            "steer": 0.0
        },
        {
            "throttle": 0.1692942917304504,
            "brake": 0.004354311799279946,
            "steer": 0.0
        },
        {
            "throttle": 0.20252061441859037,
            "brake": 0.0030480182594959616,
            "steer": 0.0
        },
        {
            "throttle": 0.23603123847425095,
            "brake": 0.0021336127816471728,
            "steer": 0.0
        },
        {
            "throttle": 0.2689914696692596,
            "brake": 0.0014935289471530208,
            "steer": 0.0
        },
        {
            "throttle": 0.30058379911308175,
            "brake": 0.0010454702630071145,
            "steer": 0.0
        },
        {
            "throttle": 0.3300268638305867,
            "brake": 0.0007318291841049801,
            "steer": 0.0
        },
        {
            "throttle": 0.3565938511821488,
            "brake": 0.000512280428873486,
            "steer": 0.0
        },
        {
            "throttle": 0.37962979614771686,
            "brake": 0.0003585963002114402,
            "steer": 0.0
        },
        {
            "throttle": 0.3985672774544572,
            "brake": 0.00025101741014800814,
            "steer": 0.0
        },
        {
            "throttle": 0.41294007867427196,
            "brake": 0.00017571218710360568,
            "steer": 0.0
        },
        {
            "throttle": 0.422394444957497,
            "brake": 0.00012299853097252398,
            "steer": 0.0
        },
        {
            "throttle": 0.4266976352949384,
            "brake": 8.609897168076679e-05,
            "steer": 0.0
        },
        {
            "throttle": 0.42574354372669787,
            "brake": 6.0269280176536744e-05,
            "steer": 0.0
        },
        {
            "throttle": 0.4195552398579284,
            "brake": 4.218849612357572e-05,
            "steer": 0.0
        },
        {
            "throttle": 0.40828435815406616,
            "brake": 2.9531947286503e-05,
            "steer": 0.0
        },
        {
            "throttle": 0.3922073452801132,
            "brake": 2.06723631005521e-05,
            "steer": 0.0
        },
        {
            "throttle": 0.3717186535773096,
            "brake": 1.4470654170386469e-05,
            "steer": 0.0
        },
        {
            "throttle": 0.34732104492211724,
            "brake": 1.0129457919270527e-05,
            "steer": 0.0
        },
        {
            "throttle": 0.31961324097244703,
            "brake": 7.090620543489368e-06,
            "steer": 0.0
        },
        {
            "throttle": 0.28927522152148527,
            "brake": 4.963434380442557e-06,
            "steer": 0.0
        },
        {
            "throttle": 0.25705153081321924,
            "brake": 3.47440406630979e-06,
            "steer": 0.0
        },
        {
            "throttle": 0.2237330008520839,
            "brake": 2.4320828464168527e-06,
            "steer": 0.0
        },
        {
            "throttle": 0.1901373397921859,
            "brake": 1.7024579924917967e-06,
            "steer": 0.0
        },
        {
            "throttle": 0.15708906148683052,
            "brake": 1.1917205947442577e-06,
            "steer": 0.0
        },
        {
            "throttle": 0.12539924854767956,
            "brake": 8.342044163209803e-07,
            "steer": 0.0
        },
        {
            "throttle": 0.09584564541825732,
            "brake": 5.839430914246862e-07,
            "steer": 0.0
        },
        {
            "throttle": 0.06915356991563319,
            "brake": 4.087601639972803e-07,
            "steer": 0.0
        },
        {
            "throttle": 0.04840749894094323,
            "brake": 2.861321147980962e-07,
            "steer": 0.0
        },
        {
            "throttle": 0.03388524925866026,
            "brake": 2.002924803586673e-07,
            "steer": 0.0
        },
        {
            "throttle": 0.02371967448106218,
            "brake": 1.402047362510671e-07,
            "steer": 0.0
        },
        {
            "throttle": 0.016603772136743526,
            "brake": 9.814331537574696e-08,
            "steer": 0.0
        },
        {
            "throttle": 0.011622640495720466,
            "brake": 6.870032076302287e-08,
            "steer": 0.0
        },
        {
            "throttle": 0.008388471651338616,
            "brake": 4.8090224534116e-08,
            "steer": 0.0
        },
        {
            "throttle": 0.011595749939239619,
            "brake": 3.36631571738812e-08,
            "steer": 0.0
        },
        {
            "throttle": 0.02073570929311118,
            "brake": 2.356421002171684e-08,
            "steer": 0.0
        },
        {
            "throttle": 0.03528299581768225,
            "brake": 1.6494947015201786e-08,
            "steer": 0.0
        },
        {
            "throttle": 0.054669856708617445,
            "brake": 1.154646291064125e-08,
            "steer": 0.0
        },
        {
            "throttle": 0.0782729811336978,
            "brake": 8.082524037448874e-09,
            "steer": 0.0
        },
        {
            "throttle": 0.1054098326187751,
            "brake": 5.657766826214212e-09,
            "steer": 0.0
        },
        {
            "throttle": 0.13534212456064318,
            "brake": 3.960436778349948e-09,
            "steer": 0.0
        },
        {
            "throttle": 0.16728464669547205,
            "brake": 2.772305744844963e-09,
            "steer": 0.0
        },
        {
            "throttle": 0.2004180310872963,
            "brake": 1.9406140213914742e-09,
            "steer": 0.0
        },
        {
            "throttle": 0.23390430795853634,
            "brake": 1.3584298149740318e-09,
            "steer": 0.0
        },
        {
            "throttle": 0.26690428412503375,
            "brake": 9.509008704818222e-10,
            "steer": 0.0
        },
        {
            "throttle": 0.2985959077039725,
            "brake": 6.656306093372755e-10,
            "steer": 0.0
        },
        {
            "throttle": 0.32819288150347187,
            "brake": 4.659414265360929e-10,
            "steer": 0.0
        },
        {
            "throttle": 0.3549628674616226,
            "brake": 3.26158998575265e-10,
            "steer": 0.0
        },
        {
            "throttle": 0.37824469478300554,
            "brake": 2.283112990026855e-10,
            "steer": 0.0
        },
        {
            "throttle": 0.3974640510430675,
            "brake": 1.5981790930187985e-10,
            "steer": 0.0
        },
        {
            "throttle": 0.41214720228193313,
            "brake": 1.1187253651131588e-10,
            "steer": 0.0
        },
        {
            "throttle": 0.42193235714643995,
            "brake": 7.831077555792111e-11,
            "steer": 0.0
        },
        {
            "throttle": 0.426578362424756,
            "brake": 5.4817542890544774e-11,
            "steer": 0.0
        },
        {
            "throttle": 0.4259704929375499,
            "brake": 3.837228002338134e-11,
            "steer": 0.0
        },
        {
            "throttle": 0.4201231771492164,
            "brake": 2.6860596016366938e-11,
            "steer": 0.0
        },
        {
            "throttle": 0.4091795800292617,
            "brake": 1.8802417211456854e-11,
            "steer": 0.0
        },
        {
            "throttle": 0.3934080452980152,
            "brake": 1.3161692048019796e-11,
            "steer": 0.0
        },
        {
            "throttle": 0.37319547870063324,
            "brake": 9.213184433613857e-12,
            "steer": 0.0
        },
        {
            "throttle": 0.34903783073010686,
            "brake": 6.4492291035296995e-12,
            "steer": 0.0
        },
        {
            "throttle": 0.32152790959814487,
            "brake": 4.514460372470789e-12,
            "steer": 0.0
        },
        {
            "throttle": 0.29134082160922165,
            "brake": 3.160122260729552e-12,
            "steer": 0.0
        },
        {
            "throttle": 0.2592173949063721,
            "brake": 2.2120855825106865e-12,
            "steer": 0.0
        },
        {
            "throttle": 0.22594599245913727,
            "brake": 1.5484599077574805e-12,
            "steer": 0.0
        },
        {
            "throttle": 0.19234315998219145,
            "brake": 1.0839219354302364e-12,
            "steer": 0.0
        },
        {
            "throttle": 0.15923358326718473,
            "brake": 7.587453548011654e-13,
            "steer": 0.0
        },
        {
            "throttle": 0.1274298464992417,
            "brake": 5.311217483608158e-13,
            "steer": 0.0
        },
        {
            "throttle": 0.09771248811201264,
            "brake": 3.7178522385257104e-13,
            "steer": 0.0
        },
        {
            "throttle": 0.07081084350147863,
            "brake": 2.602496566967997e-13,
            "steer": 0.0
        },
        {
            "throttle": 0.049567590451035044,
            "brake": 1.8217475968775976e-13,
            "steer": 0.0
        },
        {
            "throttle": 0.03469731331572453,
            "brake": 1.2752233178143182e-13,
            "steer": 0.0
        },
        {
            "throttle": 0.02428811932100717,
            "brake": 8.926563224700227e-14,
            "steer": 0.0
        },
        {
            "throttle": 0.017001683524705016,
            "brake": 6.248594257290158e-14,
            "steer": 0.0
        },
        {
            "throttle": 0.01190117846729351,
            "brake": 4.3740159801031106e-14,
            "steer": 0.0
        },
        {
            "throttle": 0.008330824927105455,
            "brake": 3.061811186072177e-14,
            "steer": 0.0
        },
        {
            "throttle": 0.011149426585616578,
            "brake": 2.143267830250524e-14,
            "steer": 0.0
        },
        {
            "throttle": 0.01992835247447617,
            "brake": 1.5002874811753667e-14,
            "steer": 0.0
        },
        {
            "throttle": 0.034146102611453205,
            "brake": 1.0502012368227567e-14,
            "steer": 0.0
        },
        {
            "throttle": 0.05323950711831562,
            "brake": 7.351408657759296e-15,
            "steer": 0.0
        },
        {
            "throttle": 0.07659000401563341,
            "brake": 5.145986060431507e-15,
            "steer": 0.0
        },
        {
            "throttle": 0.10351953963297948,
            "brake": 3.602190242302054e-15,
            "steer": 0.0
        },
        {
            "throttle": 0.1332937133035915,
            "brake": 2.521533169611438e-15,
            "steer": 0.0
        },
        {
            "throttle": 0.16513035390286415,
            "brake": 1.7650732187280065e-15,
            "steer": 0.0
        },
        {
            "throttle": 0.19821210305720297,
            "brake": 1.2355512531096044e-15,
            "steer": 0.0
        },
        {
            "throttle": 0.23170184592077206,
            "brake": 8.64885877176723e-16,
            "steer": 0.0
        },
        {
            "throttle": 0.264760015614544,
            "brake": 6.054201140237061e-16,
            "steer": 0.0
        },
        {
            "throttle": 0.2965629299960097,
            "brake": 4.2379407981659426e-16,
            "steer": 0.0
        },
        {
            "throttle": 0.32632141908277534,
            "brake": 2.9665585587161594e-16,
            "steer": 0.0
        },
        {
            "throttle": 0.35329908181351705,
            "brake": 2.0765909911013115e-16,
            "steer": 0.0
        },
        {
            "throttle": 0.3768295811723137,
            "brake": 1.453613693770918e-16,
            "steer": 0.0
        },
        {
            "throttle": 0.39633245317529014,
            "brake": 1.0175295856396425e-16,
            "steer": 0.0
        },
        {
            "throttle": 0.41132697170244636,
            "brake": 7.122707099477497e-17,
            "steer": 0.0
        },
        {
            "throttle": 0.421443679879311,
            "brake": 4.985894969634248e-17,
            "steer": 0.0
        },
        {
            "throttle": 0.4264332706869619,
            "brake": 3.490126478743973e-17,
            "steer": 0.0
        },
        {
            "throttle": 0.4261725748292252,
            "brake": 2.443088535120781e-17,
            "steer": 0.0
        },
        {
            "throttle": 0.42066749208666393,
            "brake": 1.7101619745845466e-17,
            "steer": 0.0
        },
        {
            "throttle": 0.4100527824454696,
            "brake": 1.1971133822091825e-17,
            "steer": 0.0
        },
        {
            "throttle": 0.39458871388922834,
            "brake": 8.379793675464277e-18,
            "steer": 0.0
        },
        {
            "throttle": 0.3746546433585604,
            "brake": 5.865855572824994e-18,
            "steer": 0.0
        },
        {
            "throttle": 0.35073968438158665,
            "brake": 4.106098900977496e-18,
            "steer": 0.0
        },
        {
            "throttle": 0.32343068758976895,
            "brake": 2.874269230684247e-18,
            "steer": 0.0
        },
        {
            "throttle": 0.2933978271300661,
            "brake": 2.011988461478973e-18,
            "steer": 0.0
        },
        {
            "throttle": 0.261378145335192,
            "brake": 1.408391923035281e-18,
            "steer": 0.0
        },
        {
            "throttle": 0.22815745853871944,
            "brake": 9.858743461246965e-19,
            "steer": 0.0
        },
        {
            "throttle": 0.1945510674342533,
            "brake": 6.901120422872875e-19,
            "steer": 0.0
        },
        {
            "throttle": 0.16138374492097912,
            "brake": 4.830784296011012e-19,
            "steer": 0.0
        },
        {
            "throttle": 0.12946949225271062,
            "brake": 3.381549007207708e-19,
            "steer": 0.0
        },
        {
            "throttle": 0.09959156009371403,
            "brake": 2.3670843050453955e-19,
            "steer": 0.0
        },
        {
            "throttle": 0.07248322465291375,
            "brake": 1.6569590135317767e-19,
            "steer": 0.0
        },
        {
            "throttle": 0.05073825725703962,
            "brake": 1.1598713094722436e-19,
            "steer": 0.0
        },
        {
            "throttle": 0.03551678007992773,
            "brake": 8.119099166305705e-20,
            "steer": 0.0
        },
        {
            "throttle": 0.02486174605594941,
            "brake": 5.683369416413993e-20,
            "steer": 0.0
        },
        {
            "throttle": 0.017403222239164583,
            "brake": 3.978358591489795e-20,
            "steer": 0.0
        },
        {
            "throttle": 0.012182255567415208,
            "brake": 2.784851014042856e-20,
            "steer": 0.0
        },
        {
            "throttle": 0.008527578897190646,
            "brake": 1.9493957098299992e-20,
            "steer": 0.0
        },
        {
            "throttle": 0.010887420538044078,
            "brake": 1.3645769968809992e-20,
            "steer": 0.0
        },
        {
            "throttle": 0.019255527929829083,
            "brake": 9.552038978166995e-21,
            "steer": 0.0
        },
        {
            "throttle": 0.03310803026304969,
            "brake": 6.6864272847168955e-21,
            "steer": 0.0
        },
        {
            "throttle": 0.05188200442044373,
            "brake": 4.680499099301827e-21,
            "steer": 0.0
        },
        {
            "throttle": 0.07496062591268357,
            "brake": 3.2763493695112785e-21,
            "steer": 0.0
        },
        {
            "throttle": 0.10166824208404633,
            "brake": 2.293444558657895e-21,
            "steer": 0.0
        }
    ],
    "parameters": {
        "fog_density": 43.318039185842366,
        "precipitation": 46.164334778328644,
        "precipitation_deposits": 99.77606174414775,
        "wind_intensity": 7.62357597763938,
        "sun_altitude_angle": 43.84055555326313,
        "cloudiness": 6.453440484315831,
        "lead_base_throttle": 0.2124398160731963,
        "lead_behavior_frequency": 0.24958886462180746,
        "lead_throttle_variation": 0.23410006420556262,
        "lead_brake_probability": 0.020731939363809692,
        "lead_brake_intensity": 0.5402045261139968,
        "lead_brake_duration": 5.47703745446222,
        "initial_distance": 35.91519358554799,
        "initial_ego_velocity": 12.25456258464485,
        "initial_lead_velocity": 17.909773345582877
    },
    "config": {
        "num_timesteps": 200,
        "dt": 0.1,
        "seed": 144
    }
}