{
    "weather": {
        "cloudiness": 5.081041121843799,
        "precipitation": 8.79830795839992,
        "precipitation_deposits": 42.41686806018416,
        "wind_intensity": 2.8581243951662283,
        "sun_altitude_angle": 10.900930420892408,
        "fog_density": 46.54311553818783,
        "fog_distance": 211.9431534001288,
        "wetness": 4.39915397919996
    },
    "initial_conditions": {
        "ego": {
            "position": {
                "x": 547.9113781647342,
                "y": 20.57,
                "z": 0.294
            },
            "yaw": 0.0,
            "velocity": 14.799256281008372
        },
        "lead": {
            "position": {
                "x": 484.88,
                "y": 20.57,
                "z": 0.294
            },
            "yaw": 0.0,
            "velocity": 11.174706114314251
        }
    },
    "ego": {
        "position": {
            "x": 547.9113781647342,
            "y": 20.57,
            "z": 0.294
        },
        "yaw": 0.0,
        "velocity": 14.799256281008372
    },
    "lead": {
        "position": {
            "x": 484.88,
            "y": 20.57,
            "z": 0.294
        },
        "yaw": 0.0,
        "velocity": 11.174706114314251
    },
    "ado_actions": [
        {
            "throttle": 0.5557953220695572,
            "brake": 0.0,
            "steer": 0.0
        },
        {
            "throttle": 0.5574643334238557,
            "brake": 0.0,
            "steer": 0.0
        },
        {
            "throttle": 0.5602989989583662,
            "brake": 0.0,
            "steer": 0.0
        },
        {
            "throttle": 0.5639443191029853,
            "brake": 0.0,
            "steer": 0.0
        },
        {
            "throttle": 0.5681491530427959,
            "brake": 0.0,
            "steer": 0.0
        },
        {
            "throttle": 0.5727350737233482,
            "brake": 0.0,
            "steer": 0.0
        },
        {
            "throttle": 0.5775745705337068,
            "brake": 0.0,
            "steer": 0.0
        },
        {
            "throttle": 0.5825757953372067,
            "brake": 0.0,
            "steer": 0.0
        },
        {
            "throttle": 0.5876718888122712,
            "brake": 0.0,
            "steer": 0.0
        },
        {
            "throttle": 0.5928135129703905,
            "brake": 0.0,
            "steer": 0.0
        },
        {
            "throttle": 0.5979636279517446,
            "brake": 0.0,
            "steer": 0.0
        },
        {
            "throttle": 0.603093839762394,
            "brake": 0.0,
            "steer": 0.0
        },
        {
            "throttle": 0.6081818476114589,
            "brake": 0.0,
            "steer": 0.0
        },
        {
            "throttle": 0.6132096609029444,
            "brake": 0.0,
            "steer": 0.0
        },
        {
            "throttle": 0.6181623549143423,
            "brake": 0.0,
            "steer": 0.0
        },
        {
            "throttle": 0.6230272034784834,
            "brake": 0.0,
            "steer": 0.0
        },
        {
            "throttle": 0.6277930754842773,
            "brake": 0.0,
            "steer": 0.0
        },
        {
            "throttle": 0.6324500159615272,
            "brake": 0.0,
            "steer": 0.0
        },
        {
            "throttle": 0.636988956279826,
            "brake": 0.0,
            "steer": 0.0
        },
        {
            "throttle": 0.6414015146270757,
            "brake": 0.0,
            "steer": 0.0
        },
        {
            "throttle": 0.6456798595781941,
            "brake": 0.0,
            "steer": 0.0
        },
        {
            "throttle": 0.6498166177162651,
            "brake": 0.0,
            "steer": 0.0
        },
        {
            "throttle": 0.6538048119747465,
            "brake": 0.0,
            "steer": 0.0
        },
        {
            "throttle": 0.6576378213639811,
            "brake": 0.0,
            "steer": 0.0
        },
        {
            "throttle": 0.6613093555416938,
            "brake": 0.0,
            "steer": 0.0
        },
        {
            "throttle": 0.664813439644863,
            "brake": 0.0,
            "steer": 0.0
        },
        {
            "throttle": 0.6681444061709476,
            "brake": 0.0,
            "steer": 0.0
        },
        {
            "throttle": 0.6712968916560894,
            "brake": 0.0,
            "steer": 0.0
        },
        {
            "throttle": 0.674265836569864,
            "brake": 0.0,
            "steer": 0.0
        },
        {
            "throttle": 0.6770464873167563,
            "brake": 0.0,
            "steer": 0.0
        },
        {
            "throttle": 0.6796343995641814,
            "brake": 0.0,
            "steer": 0.0
        },
        {
            "throttle": 0.6820254423478628,
            "brake": 0.0,
            "steer": 0.0
        },
        {
            "throttle": 0.6842158025673128,
            "brake": 0.0,
            "steer": 0.0
        },
        {
            "throttle": 0.6862019895977571,
            "brake": 0.0,
            "steer": 0.0
        },
        {
            "throttle": 0.6879808398246139,
            "brake": 0.0,
            "steer": 0.0
        },
        {
            "throttle": 0.6895495209627283,
            "brake": 0.0,
            "steer": 0.0
        },
        {
            "throttle": 0.6909055360620816,
            "brake": 0.0,
            "steer": 0.0
        },
        {
            "throttle": 0.6920467271296176,
            "brake": 0.0,
            "steer": 0.0
        },
        {
            "throttle": 0.6929712783166333,
            "brake": 0.0,
            "steer": 0.0
        },
        {
            "throttle": 0.6936777186353139,
            "brake": 0.0,
            "steer": 0.0
        },
        {
            "throttle": 0.6941649241781425,
            "brake": 0.0,
            "steer": 0.0
        },
        {
            "throttle": 0.6944321198212924,
            "brake": 0.0,
            "steer": 0.0
        },
        {
            "throttle": 0.6944788803985404,
            "brake": 0.0,
            "steer": 0.0
        },
        {
            "throttle": 0.6943051313363036,
            "brake": 0.0,
            "steer": 0.0
        },
        {
            "throttle": 0.6939111487435219,
            "brake": 0.0,
            "steer": 0.0
        },
        {
            "throttle": 0.6932975589525556,
            "brake": 0.0,
            "steer": 0.0
        },
        {
            "throttle": 0.6924653375092424,
            "brake": 0.0,
            "steer": 0.0
        },
        {
            "throttle": 0.6914158076119159,
            "brake": 0.0,
            "steer": 0.0
        },
        {
            "throttle": 0.6901506380005997,
            "brake": 0.0,
            "steer": 0.0
        },
        {
            "throttle": 0.6886718402988496,
            "brake": 0.0,
            "steer": 0.0
        },
        {
            "throttle": 0.686981765811848,
            "brake": 0.0,
            "steer": 0.0
        },
        {
            "throttle": 0.68508310178541,
            "brake": 0.0,
            "steer": 0.0
        },
        {
            "throttle": 0.6829788671315451,
            "brake": 0.0,
            "steer": 0.0
        },
        {
            "throttle": 0.6806724076271569,
            "brake": 0.0,
            "steer": 0.0
        },
        {
            "throttle": 0.6781673905933681,
            "brake": 0.0,
            "steer": 0.0
        },
        {
            "throttle": 0.6754677990638247,
            "brake": 0.0,
            "steer": 0.0
        },
        {
            "throttle": 0.6725779254511813,
            "brake": 0.0,
            "steer": 0.0
        },
        {
            "throttle": 0.6695023647217843,
            "brake": 0.0,
            "steer": 0.0
        },
        {
            "throttle": 0.6662460070893711,
            "brake": 0.0,
            "steer": 0.0
        },
        {
            "throttle": 0.6628140302393785,
            "brake": 0.0,
            "steer": 0.0
        },
        {
            "throttle": 0.6592118910962034,
            "brake": 0.0,
            "steer": 0.0
        },
        {
            "throttle": 0.6554453171464967,
            "brake": 0.0,
            "steer": 0.0
        },
        {
            "throttle": 0.6515202973322765,
            "brake": 0.0,
            "steer": 0.0
        },
        {
            "throttle": 0.6474430725283343,
            "brake": 0.0,
            "steer": 0.0
        },
        {
            "throttle": 0.6432201256190738,
            "brake": 0.0,
            "steer": 0.0
        },
        {
            "throttle": 0.638858171190553,
            "brake": 0.0,
            "steer": 0.0
        },
        {
            "throttle": 0.6343641448541221,
            "brake": 0.0,
            "steer": 0.0
        },
        {
            "throttle": 0.6297451922186281,
            "brake": 0.0,
            "steer": 0.0
        },
        {
            "throttle": 0.6250086575287215,
            "brake": 0.0,
            "steer": 0.0
        },
        {
            "throttle": 0.6201620719873276,
            "brake": 0.0,
            "steer": 0.0
        },
        {
            "throttle": 0.6152131417808531,
            "brake": 0.0,
            "steer": 0.0
        },
        {
            "throttle": 0.6101697358261631,
            "brake": 0.0,
            "steer": 0.0
        },
        {
            "throttle": 0.6050398732588156,
            "brake": 0.0,
            "steer": 0.0
        },
        {
            "throttle": 0.5998317106824436,
            "brake": 0.0,
            "steer": 0.0
        },
        {
            "throttle": 0.5945535291995602,
            "brake": 0.0,
            "steer": 0.0
        },
        {
            "throttle": 0.5892137212444085,
            "brake": 0.0,
            "steer": 0.0
        },
        {
            "throttle": 0.5838207772387908,
            "brake": 0.0,
            "steer": 0.0
        },
        {
            "throttle": 0.5783832720920952,
            "brake": 0.0,
            "steer": 0.0
        },
        {
            "throttle": 0.5729098515669857,
            "brake": 0.0,
            "steer": 0.0
        },
        {
            "throttle": 0.5674092185324338,
            "brake": 0.0,
            "steer": 0.0
        },
        {
            "throttle": 0.5618901191259486,
            "brake": 0.0,
            "steer": 0.0
        },
        {
            "throttle": 0.5563613288470108,
            "brake": 0.0,
            "steer": 0.0
        },
        {
            "throttle": 0.5508316386038193,
            "brake": 0.0,
            "steer": 0.0
        },
        {
            "throttle": 0.5453098407355373,
            "brake": 0.0,
            "steer": 0.0
        },
        {
            "throttle": 0.5398047150322642,
            "brake": 0.0,
            "steer": 0.0
        },
        {
            "throttle": 0.5343250147749601,
            "brake": 0.0,
            "steer": 0.0
        },
        {
            "throttle": 0.5288794528175202,
            "brake": 0.0,
            "steer": 0.0
        },
        {
            "throttle": 0.5234766877331305,
            "brake": 0.0,
            "steer": 0.0
        },
        {
            "throttle": 0.5181253100469296,
            "brake": 0.0,
            "steer": 0.0
        },
        {
            "throttle": 0.5128338285768692,
            "brake": 0.0,
            "steer": 0.0
        },
        {
            "throttle": 0.507610656904491,
            "brake": 0.0,
            "steer": 0.0
        },
        {
            "throttle": 0.5024640999971319,
            "brake": 0.0,
            "steer": 0.0
        },
        {
            "throttle": 0.4974023410028282,
            "brake": 0.0,
            "steer": 0.0
        },
        {
            "throttle": 0.49243342823891467,
            "brake": 0.0,
            "steer": 0.0
        },
        {
            "throttle": 0.4875652623950093,
            "brake": 0.0,
            "steer": 0.0
        },
        {
            "throttle": 0.4828055839707279,
            "brake": 0.0,
            "steer": 0.0
        },
        {
            "throttle": 0.47816196096810604,
            "brake": 0.0,
            "steer": 0.0
        },
        {
            "throttle": 0.4736417768582949,
            "brake": 0.0,
            "steer": 0.0
        },
        {
            "throttle": 0.4692522188416669,
            "brake": 0.0,
            "steer": 0.0
        },
        {
            "throttle": 0.4650002664199957,
            "brake": 0.0,
            "steer": 0.0
        },
        {
            "throttle": 0.46089268029888214,
            "brake": 0.0,
            "steer": 0.0
        },
        {
            "throttle": 0.4569359916380715,
            "brake": 0.0,
            "steer": 0.0
        },
        {
            "throttle": 0.4531364916667539,
            "brake": 0.0,
            "steer": 0.0
        },
        {
            "throttle": 0.4495002216803601,
            "brake": 0.0,
            "steer": 0.0
        },
        {
            "throttle": 0.44603296343475773,
            "brake": 0.0,
            "steer": 0.0
        },
        {
            "throttle": 0.4427402299531221,
            "brake": 0.0,
            "steer": 0.0
        },
        {
            "throttle": 0.43962725676009795,
            "brake": 0.0,
            "steer": 0.0
        },
        {
            "throttle": 0.43669899355719044,
            "brake": 0.0,
            "steer": 0.0
        },
        {
            "throttle": 0.433960096352622,
            "brake": 0.0,
            "steer": 0.0
        },
        {
            "throttle": 0.4314149200581684,
            "brake": 0.0,
            "steer": 0.0
        },
        {
            "throttle": 0.4290675115647453,
            "brake": 0.0,
            "steer": 0.0
        },
        {
            "throttle": 0.4269216033077555,
            "brake": 0.0,
            "steer": 0.0
        },
        {
            "throttle": 0.4249806073324274,
            "brake": 0.0,
            "steer": 0.0
        },
        {
            "throttle": 0.423247609868582,
            "brake": 0.0,
            "steer": 0.0
        },
        {
            "throttle": 0.42172536642345426,
            "brake": 0.0,
            "steer": 0.0
        },
        {
            "throttle": 0.4204162974003707,
            "brake": 0.0,
            "steer": 0.0
        },
        {
            "throttle": 0.4193224842502503,
            "brake": 0.0,
            "steer": 0.0
        },
        {
            "throttle": 0.4184456661620486,
            "brake": 0.0,
            "steer": 0.0
        },
        {
            "throttle": 0.4177872372974051,
            "brake": 0.0,
            "steer": 0.0
        },
        {
            "throttle": 0.41734824457389363,
            "brake": 0.0,
            "steer": 0.0
        },
        {
            "throttle": 0.4171293860003981,
            "brake": 0.0,
            "steer": 0.0
        },
        {
            "throttle": 0.41713100956726207,
            "brake": 0.0,
            "steer": 0.0
        },
        {
            "throttle": 0.4173531126929754,
            "brake": 0.0,
            "steer": 0.0
        },
        {
            "throttle": 0.4177953422282795,
            "brake": 0.0,
            "steer": 0.0
        },
        {
            "throttle": 0.4184569950176825,
            "brake": 0.0,
            "steer": 0.0
        },
        {
            "throttle": 0.4193370190174936,
            "brake": 0.0,
            "steer": 0.0
        },
        {
            "throttle": 0.4204340149685972,
            "brake": 0.0,
            "steer": 0.0
        },
        {
            "throttle": 0.42174623862130867,
            "brake": 0.0,
            "steer": 0.0
        },
        {
            "throttle": 0.4232716035087727,
            "brake": 0.0,
            "steer": 0.0
        },
        {
            "throttle": 0.4250076842644951,
            "brake": 0.0,
            "steer": 0.0
        },
        {
            "throttle": 0.42695172047873353,
            "brake": 0.0,
            "steer": 0.0
        },
        {
            "throttle": 0.4291006210876146,
            "brake": 0.0,
            "steer": 0.0
        },
        {
            "throttle": 0.43145096928799903,
            "brake": 0.0,
            "steer": 0.0
        },
        {
            "throttle": 0.4339990279702802,
            "brake": 0.0,
            "steer": 0.0
        },
        {
            "throttle": 0.43674074566047705,
            "brake": 0.0,
            "steer": 0.0
        },
        {
            "throttle": 0.43967176296217453,
            "brake": 0.0,
            "steer": 0.0
        },
        {
            "throttle": 0.44278741948806755,
            "brake": 0.0,
            "steer": 0.0
        },
        {
            "throttle": 0.4460827612700877,
            "brake": 0.0,
            "steer": 0.0
        },
        {
            "throttle": 0.44955254863633065,
            "brake": 0.0,
            "steer": 0.0
        },
        {
            "throttle": 0.453191264542259,
            "brake": 0.0,
            "steer": 0.0
        },
        {
            "throttle": 0.45699312334293485,
            "brake": 0.0,
            "steer": 0.0
        },
        {
            "throttle": 0.4609520799923325,
            "brake": 0.0,
            "steer": 0.0
        },
        {
            "throttle": 0.46506183965510606,
            "brake": 0.0,
            "steer": 0.0
        },
        {
            "throttle": 0.46931586771552714,
            "brake": 0.0,
            "steer": 0.0
        },
        {
            "throttle": 0.47370740016768,
            "brake": 0.0,
            "steer": 0.0
        },
        {
            "throttle": 0.4782294543703914,
            "brake": 0.0,
            "steer": 0.0
        },
        {
            "throttle": 0.48287484014979665,
            "brake": 0.0,
            "steer": 0.0
        },
        {
            "throttle": 0.48763617123188746,
            "brake": 0.0,
            "steer": 0.0
        },
        {
            "throttle": 0.49250587698686316,
            "brake": 0.0,
            "steer": 0.0
        },
        {
            "throttle": 0.4974762144666125,
            "brake": 0.0,
            "steer": 0.0
        },
        {
            "throttle": 0.5025392807161856,
            "brake": 0.0,
            "steer": 0.0
        },
        {
            "throttle": 0.5076870253396804,
            "brake": 0.0,
            "steer": 0.0
        },
        {
            "throttle": 0.5129112633005638,
            "brake": 0.0,
            "steer": 0.0
        },
        {
            "throttle": 0.5182036879360749,
            "brake": 0.0,
            "steer": 0.0
        },
        {
            "throttle": 0.5235558841650163,
            "brake": 0.0,
            "steer": 0.0
        },
        {
            "throttle": 0.5289593418679338,
            "brake": 0.0,
            "steer": 0.0
        },
        {
            "throttle": 0.5344054694184088,
            "brake": 0.0,
            "steer": 0.0
        },
        {
            "throttle": 0.5398856073439492,
            "brake": 0.0,
            "steer": 0.0
        },
        {
            "throttle": 0.5453910420947564,
            "brake": 0.0,
            "steer": 0.0
        },
        {
            "throttle": 0.5509130198984776,
            "brake": 0.0,
            "steer": 0.0
        },
        {
            "throttle": 0.5564427606789115,
            "brake": 0.0,
            "steer": 0.0
        },
        {
            "throttle": 0.5619714720165393,
            "brake": 0.0,
            "steer": 0.0
        },
        {
            "throttle": 0.5674903631286807,
            "brake": 0.0,
            "steer": 0.0
        },
        {
            "throttle": 0.5729906588470477,
            "brake": 0.0,
            "steer": 0.0
        },
        {
            "throttle": 0.5784636135704712,
            "brake": 0.0,
            "steer": 0.0
        },
        {
            "throttle": 0.5839005251706151,
            "brake": 0.0,
            "steer": 0.0
        },
        {
            "throttle": 0.5892927488285677,
            "brake": 0.0,
            "steer": 0.0
        },
        {
            "throttle": 0.4125049241799974,
            "brake": 0.07532893459704879,
            "steer": 0.0
        },
        {
            "throttle": 0.28875344692599814,
            "brake": 0.12805918881498293,
            "steer": 0.0
        },
        {
            "throttle": 0.20212741284819868,
            "brake": 0.16497036676753685,
            "steer": 0.0
        },
        {
            "throttle": 0.14148918899373908,
            "brake": 0.19080819133432458,
            "steer": 0.0
        },
        {
            "throttle": 0.09904243229561735,
            "brake": 0.208894668531076,
            "steer": 0.0
        },
        {
            "throttle": 0.06932970260693214,
            "brake": 0.22155520256880198,
            "steer": 0.0
        },
        {
            "throttle": 0.048530791824852496,
            "brake": 0.23041757639521016,
            "steer": 0.0
        },
        {
            "throttle": 0.033971554277396745,
            "brake": 0.2366212380736959,
            "steer": 0.0
        },
        {
            "throttle": 0.02378008799417772,
            "brake": 0.2409638012486359,
            "steer": 0.0
        },
        {
            "throttle": 0.016646061595924404,
            "brake": 0.2440035954710939,
            "steer": 0.0
        },
        {
            "throttle": 0.011652243117147082,
            "brake": 0.2461314514268145,
            "steer": 0.0
        },
        {
            "throttle": 0.008156570182002956,
            "brake": 0.24762095059581893,
            "steer": 0.0
        },
        {
            "throttle": 0.005709599127402069,
            "brake": 0.24866360001412202,
            "steer": 0.0
        },
        {
            "throttle": 0.0039967193891814485,
            "brake": 0.24939345460693418,
            "steer": 0.0
        },
        {
            "throttle": 0.0027977035724270137,
            "brake": 0.2499043528219027,
            "steer": 0.0
        },
        {
            "throttle": 0.20333790752562012,
            "brake": 0.17493304697533188,
            "steer": 0.0
        },
        {
            "throttle": 0.34462570805717796,
            "brake": 0.12245313288273231,
            "steer": 0.0
        },
        {
            "throttle": 0.44438029993092854,
            "brake": 0.08571719301791261,
            "steer": 0.0
        },
        {
            "throttle": 0.5150037629821482,
            "brake": 0.06000203511253883,
            "steer": 0.0
        },
        {
            "throttle": 0.5651762886310976,
            "brake": 0.042001424578777175,
            "steer": 0.0
        },
        {
            "throttle": 0.6009728404530247,
            "brake": 0.02940099720514402,
            "steer": 0.0
        },
        {
            "throttle": 0.6266448184381614,
            "brake": 0.020580698043600815,
            "steer": 0.0
        },
        {
            "throttle": 0.6451672256822211,
            "brake": 0.01440648863052057,
            "steer": 0.0
        },
        {
            "throttle": 0.6586216866230372,
            "brake": 0.010084542041364398,
            "steer": 0.0
        },
        {
            "throttle": 0.6684645612018212,
            "brake": 0.0070591794289550786,
            "steer": 0.0
        },
        {
            "throttle": 0.6757146260117531,
            "brake": 0.004941425600268555,
            "steer": 0.0
        },
        {
            "throttle": 0.6810844521758438,
            "brake": 0.003458997920187988,
            "steer": 0.0
        },
        {
            "throttle": 0.6850723707717136,
            "brake": 0.0024212985441315915,
            "steer": 0.0
        },
        {
            "throttle": 0.6880268493741961,
            "brake": 0.001694908980892114,
            "steer": 0.0
        },
        {
            "throttle": 0.6901915562142141,
            "brake": 0.0011864362866244797,
            "steer": 0.0
        },
        {
            "throttle": 0.6917369055019229,
            "brake": 0.0008305054006371357,
            "steer": 0.0
        },
        {
            "throttle": 0.6927821393970609,
            "brake": 0.000581353780445995,
            "steer": 0.0
        },
        {
            "throttle": 0.6934107854641784,
            "brake": 0.0004069476463121965,
            "steer": 0.0
        }
    ],
    "parameters": {
        "fog_density": 46.54311553818783,
        "precipitation": 8.79830795839992,
        "precipitation_deposits": 42.41686806018416,
        "wind_intensity": 2.8581243951662283,
        "sun_altitude_angle": 10.900930420892408,
        "cloudiness": 5.081041121843799,
        "lead_base_throttle": 0.5557953220695572,
        "lead_behavior_frequency": 0.06346740220933615,
        "lead_throttle_variation": 0.13954765944619446,
        "lead_brake_probability": 0.029103258514038853,
        "lead_brake_intensity": 0.2510964486568293,
        "lead_brake_duration": 15.715194230961277,
        "initial_distance": 63.03137816473413,
        "initial_ego_velocity": 14.799256281008372,
        "initial_lead_velocity": 11.174706114314251
    },
    "config": {
        "num_timesteps": 200,
        "dt": 0.1,
        "seed": 170
    }
}