{
    "weather": {
        "cloudiness": 77.92962719306425,
        "precipitation": 44.67754757805026,
        "precipitation_deposits": 7.978475609656355,
        "wind_intensity": 16.10766882011171,
        "sun_altitude_angle": 64.58810011314583,
        "fog_density": 7.29066619501749,
        "fog_distance": 784.2540980391007,
        "wetness": 22.33877378902513
    },
    "initial_conditions": {
        "ego": {
            "position": {
                "x": 549.8556236800911,
                "y": 20.57,
                "z": 0.294
            },
            "yaw": 0.0,
            "velocity": 9.565342566293651
        },
        "lead": {
            "position": {
                "x": 484.88,
                "y": 20.57,
                "z": 0.294
            },
            "yaw": 0.0,
            "velocity": 23.04363624781556
        }
    },
    "ego": {
        "position": {
            "x": 549.8556236800911,
            "y": 20.57,
            "z": 0.294
        },
        "yaw": 0.0,
        "velocity": 9.565342566293651
    },
    "lead": {
        "position": {
            "x": 484.88,
            "y": 20.57,
            "z": 0.294
        },
        "yaw": 0.0,
        "velocity": 23.04363624781556
    },
    "ado_actions": [
        {
            "throttle": 0.21905222830004145,
            "brake": 0.0,
            "steer": 0.0
        },
        {
            "throttle": 0.22092542924256647,
            "brake": 0.0,
            "steer": 0.0
        },
        {
            "throttle": 0.22409997320665326,
            "brake": 0.0,
            "steer": 0.0
        },
        {
            "throttle": 0.2281657143066633,
            "brake": 0.0,
            "steer": 0.0
        },
        {
            "throttle": 0.2328258093998396,
            "brake": 0.0,
            "steer": 0.0
        },
        {
            "throttle": 0.2378628830513121,
            "brake": 0.0,
            "steer": 0.0
        },
        {
            "throttle": 0.24311539365616314,
            "brake": 0.0,
            "steer": 0.0
        },
        {
            "throttle": 0.2484611392806752,
            "brake": 0.0,
            "steer": 0.0
        },
        {
            "throttle": 0.25380575995440174,
            "brake": 0.0,
            "steer": 0.0
        },
        {
            "throttle": 0.2590747358705145,
            "brake": 0.0,
            "steer": 0.0
        },
        {
            "throttle": 0.26420783086843974,
            "brake": 0.0,
            "steer": 0.0
        },
        {
            "throttle": 0.2691552455241822,
            "brake": 0.0,
            "steer": 0.0
        },
        {
            "throttle": 0.27387496465074856,
            "brake": 0.0,
            "steer": 0.0
        },
        {
            "throttle": 0.27833093835722406,
            "brake": 0.0,
            "steer": 0.0
        },
        {
            "throttle": 0.2824918438707158,
            "brake": 0.0,
            "steer": 0.0
        },
        {
            "throttle": 0.2863302509787531,
            "brake": 0.0,
            "steer": 0.0
        },
        {
            "throttle": 0.2898220669224928,
            "brake": 0.0,
            "steer": 0.0
        },
        {
            "throttle": 0.29294617366830283,
            "brake": 0.0,
            "steer": 0.0
        },
        {
            "throttle": 0.29568419647045624,
            "brake": 0.0,
            "steer": 0.0
        },
        {
            "throttle": 0.29802036084510886,
            "brake": 0.0,
            "steer": 0.0
        },
        {
            "throttle": 0.29994140783939427,
            "brake": 0.0,
            "steer": 0.0
        },
        {
            "throttle": 0.30143654643301526,
            "brake": 0.0,
            "steer": 0.0
        },
        {
            "throttle": 0.3024974281966079,
            "brake": 0.0,
            "steer": 0.0
        },
        {
            "throttle": 0.30311813375172025,
            "brake": 0.0,
            "steer": 0.0
        },
        {
            "throttle": 0.3032951636916084,
            "brake": 0.0,
            "steer": 0.0
        },
        {
            "throttle": 0.3030274288221842,
            "brake": 0.0,
            "steer": 0.0
        },
        {
            "throttle": 0.3023162361426328,
            "brake": 0.0,
            "steer": 0.0
        },
        {
            "throttle": 0.3011652680973429,
            "brake": 0.0,
            "steer": 0.0
        },
        {
            "throttle": 0.29958055342907586,
            "brake": 0.0,
            "steer": 0.0
        },
        {
            "throttle": 0.29757042854158744,
            "brake": 0.0,
            "steer": 0.0
        },
        {
            "throttle": 0.29514548870380114,
            "brake": 0.0,
            "steer": 0.0
        },
        {
            "throttle": 0.2923185287429216,
            "brake": 0.0,
            "steer": 0.0
        },
        {
            "throttle": 0.28910447311254917,
            "brake": 0.0,
            "steer": 0.0
        },
        {
            "throttle": 0.2855202954061868,
            "brake": 0.0,
            "steer": 0.0
        },
        {
            "throttle": 0.28158492753203457,
            "brake": 0.0,
            "steer": 0.0
        },
        {
            "throttle": 0.27731915888240916,
            "brake": 0.0,
            "steer": 0.0
        },
        {
            "throttle": 0.2727455259279609,
            "brake": 0.0,
            "steer": 0.0
        },
        {
            "throttle": 0.2678881927482349,
            "brake": 0.0,
            "steer": 0.0
        },
        {
            "throttle": 0.2627728230795571,
            "brake": 0.0,
            "steer": 0.0
        },
        {
            "throttle": 0.2574264445211306,
            "brake": 0.0,
            "steer": 0.0
        },
        {
            "throttle": 0.2518773055922163,
            "brake": 0.0,
            "steer": 0.0
        },
        {
            "throttle": 0.24615472637843916,
            "brake": 0.0,
            "steer": 0.0
        },
        {
            "throttle": 0.2402889435443047,
            "brake": 0.0,
            "steer": 0.0
        },
        {
            "throttle": 0.23431095052240206,
            "brake": 0.0,
            "steer": 0.0
        },
        {
            "throttle": 0.2282523337177883,
            "brake": 0.0,
            "steer": 0.0
        },
        {
            "throttle": 0.22214510558887926,
            "brake": 0.0,
            "steer": 0.0
        },
        {
            "throttle": 0.21602153548391723,
            "brake": 0.0,
            "steer": 0.0
        },
        {
            "throttle": 0.20991397912481558,
            "brake": 0.0,
            "steer": 0.0
        },
        {
            "throttle": 0.2038547076379343,
            "brake": 0.0,
            "steer": 0.0
        },
        {
            "throttle": 0.19787573703416225,
            "brake": 0.0,
            "steer": 0.0
        },
        {
            "throttle": 0.1920086590386044,
            "brake": 0.0,
            "steer": 0.0
        },
        {
            "throttle": 0.1862844741632513,
            "brake": 0.0,
            "steer": 0.0
        },
        {
            "throttle": 0.1807334279043021,
            "brake": 0.0,
            "steer": 0.0
        },
        {
            "throttle": 0.17538485092940428,
            "brake": 0.0,
            "steer": 0.0
        },
        {
            "throttle": 0.17026700409906395,
            "brake": 0.0,
            "steer": 0.0
        },
        {
            "throttle": 0.16540692914098665,
            "brake": 0.0,
            "steer": 0.0
        },
        {
            "throttle": 0.16083030576627563,
            "brake": 0.0,
            "steer": 0.0
        },
        {
            "throttle": 0.15656131598240092,
            "brake": 0.0,
            "steer": 0.0
        },
        {
            "throttle": 0.15262251631984375,
            "brake": 0.0,
            "steer": 0.0
        },
        {
            "throttle": 0.14903471864751835,
            "brake": 0.0,
            "steer": 0.0
        },
        {
            "throttle": 0.14581688020670014,
            "brake": 0.0,
            "steer": 0.0
        },
        {
            "throttle": 0.1429860034444863,
            "brake": 0.0,
            "steer": 0.0
        },
        {
            "throttle": 0.14055704617604056,
            "brake": 0.0,
            "steer": 0.0
        },
        {
            "throttle": 0.13854284255030025,
            "brake": 0.0,
            "steer": 0.0
        },
        {
            "throttle": 0.13695403523674393,
            "brake": 0.0,
            "steer": 0.0
        },
        {
            "throttle": 0.13579901919152815,
            "brake": 0.0,
            "steer": 0.0
        },
        {
            "throttle": 0.1350838973001199,
            "brake": 0.0,
            "steer": 0.0
        },
        {
            "throttle": 0.13481244813079965,
            "brake": 0.0,
            "steer": 0.0
        },
        {
            "throttle": 0.13498610596941746,
            "brake": 0.0,
            "steer": 0.0
        },
        {
            "throttle": 0.13560395324089464,
            "brake": 0.0,
            "steer": 0.0
        },
        {
            "throttle": 0.1366627253575132,
            "brake": 0.0,
            "steer": 0.0
        },
        {
            "throttle": 0.13815682796837553,
            "brake": 0.0,
            "steer": 0.0
        },
        {
            "throttle": 0.14007836651889116,
            "brake": 0.0,
            "steer": 0.0
        },
        {
            "throttle": 0.14241718796410358,
            "brake": 0.0,
            "steer": 0.0
        },
        {
            "throttle": 0.14516093441545186,
            "brake": 0.0,
            "steer": 0.0
        },
        {
            "throttle": 0.14829510843750748,
            "brake": 0.0,
            "steer": 0.0
        },
        {
            "throttle": 0.1518031496496708,
            "brake": 0.0,
            "steer": 0.0
        },
        {
            "throttle": 0.1556665222280784,
            "brake": 0.0,
            "steer": 0.0
        },
        {
            "throttle": 0.1598648128453777,
            "brake": 0.0,
            "steer": 0.0
        },
        {
            "throttle": 0.16437583853087379,
            "brake": 0.0,
            "steer": 0.0
        },
        {
            "throttle": 0.1691757638811354,
            "brake": 0.0,
            "steer": 0.0
        },
        {
            "throttle": 0.17423922700174238,
            "brake": 0.0,
            "steer": 0.0
        },
        {
            "throttle": 0.17953947351472133,
            "brake": 0.0,
            "steer": 0.0
        },
        {
            "throttle": 0.18504849792360034,
            "brake": 0.0,
            "steer": 0.0
        },
        {
            "throttle": 0.19073719158913627,
            "brake": 0.0,
            "steer": 0.0
        },
        {
            "throttle": 0.19657549653383893,
            "brake": 0.0,
            "steer": 0.0
        },
        {
            "throttle": 0.20253256426261856,
            "brake": 0.0,
            "steer": 0.0
        },
        {
            "throttle": 0.20857691876037812,
            "brake": 0.0,
            "steer": 0.0
        },
        {
            "throttle": 0.21467662280530223,
            "brake": 0.0,
            "steer": 0.0
        },
        {
            "throttle": 0.22079944671907487,
            "brake": 0.0,
            "steer": 0.0
        },
        {
            "throttle": 0.22691303866238166,
            "brake": 0.0,
            "steer": 0.0
        },
        {
            "throttle": 0.23298509557588779,
            "brake": 0.0,
            "steer": 0.0
        },
        {
            "throttle": 0.2389835338634716,
            "brake": 0.0,
            "steer": 0.0
        },
        {
            "throttle": 0.24487665891585642,
            "brake": 0.0,
            "steer": 0.0
        },
        {
            "throttle": 0.2506333325789096,
            "brake": 0.0,
            "steer": 0.0
        },
        {
            "throttle": 0.2562231376817382,
            "brake": 0.0,
            "steer": 0.0
        },
        {
            "throttle": 0.2616165387552464,
            "brake": 0.0,
            "steer": 0.0
        },
        {
            "throttle": 0.2667850380919472,
            "brake": 0.0,
            "steer": 0.0
        },
        {
            "throttle": 0.27170132632243993,
            "brake": 0.0,
            "steer": 0.0
        },
        {
            "throttle": 0.2763394267129338,
            "brake": 0.0,
            "steer": 0.0
        },
        {
            "throttle": 0.2806748324213784,
            "brake": 0.0,
            "steer": 0.0
        },
        {
            "throttle": 0.28468463598696525,
            "brake": 0.0,
            "steer": 0.0
        },
        {
            "throttle": 0.2883476503688023,
            "brake": 0.0,
            "steer": 0.0
        },
        {
            "throttle": 0.29164452089421616,
            "brake": 0.0,
            "steer": 0.0
        },
        {
            "throttle": 0.2945578275251689,
            "brake": 0.0,
            "steer": 0.0
        },
        {
            "throttle": 0.2970721769024318,
            "brake": 0.0,
            "steer": 0.0
        },
        {
            "throttle": 0.29917428368117405,
            "brake": 0.0,
            "steer": 0.0
        },
        {
            "throttle": 0.3008530407282026,
            "brake": 0.0,
            "steer": 0.0
        },
        {
            "throttle": 0.3020995778099459,
            "brake": 0.0,
            "steer": 0.0
        },
        {
            "throttle": 0.30290730846108394,
            "brake": 0.0,
            "steer": 0.0
        },
        {
            "throttle": 0.3032719647861811,
            "brake": 0.0,
            "steer": 0.0
        },
        {
            "throttle": 0.30319162001043537,
            "brake": 0.0,
            "steer": 0.0
        },
        {
            "throttle": 0.30266669866039053,
            "brake": 0.0,
            "steer": 0.0
        },
        {
            "throttle": 0.30169997432081863,
            "brake": 0.0,
            "steer": 0.0
        },
        {
            "throttle": 0.3002965549796246,
            "brake": 0.0,
            "steer": 0.0
        },
        {
            "throttle": 0.2984638560382076,
            "brake": 0.0,
            "steer": 0.0
        },
        {
            "throttle": 0.29621156112988756,
            "brake": 0.0,
            "steer": 0.0
        },
        {
            "throttle": 0.2935515709534254,
            "brake": 0.0,
            "steer": 0.0
        },
        {
            "throttle": 0.2904979403919889,
            "brake": 0.0,
            "steer": 0.0
        },
        {
            "throttle": 0.28706680424981895,
            "brake": 0.0,
            "steer": 0.0
        },
        {
            "throttle": 0.28327629199898596,
            "brake": 0.0,
            "steer": 0.0
        },
        {
            "throttle": 0.2791464319867011,
            "brake": 0.0,
            "steer": 0.0
        },
        {
            "throttle": 0.19540250239069074,
            "brake": 0.20775227414787184,
            "steer": 0.0
        },
        {
            "throttle": 0.1367817516734835,
            "brake": 0.35317886605138216,
            "steer": 0.0
        },
        {
            "throttle": 0.09574722617143844,
            "brake": 0.45497748038383934,
            "steer": 0.0
        },
        {
            "throttle": 0.0670230583200069,
            "brake": 0.5262365104165594,
            "steer": 0.0
        },
        {
            "throttle": 0.04691614082400483,
            "brake": 0.5761178314394634,
            "steer": 0.0
        },
        {
            "throttle": 0.03284129857680338,
            "brake": 0.6110347561554962,
            "steer": 0.0
        },
        {
            "throttle": 0.022988909003762364,
            "brake": 0.6354766034567192,
            "steer": 0.0
        },
        {
            "throttle": 0.016092236302633654,
            "brake": 0.6525858965675753,
            "steer": 0.0
        },
        {
            "throttle": 0.07628457632251809,
            "brake": 0.45681012759730266,
            "steer": 0.0
        },
        {
            "throttle": 0.11654853301104531,
            "brake": 0.3197670893181118,
            "steer": 0.0
        },
        {
            "throttle": 0.14287618141524772,
            "brake": 0.22383696252267826,
            "steer": 0.0
        },
        {
            "throttle": 0.15947178674435752,
            "brake": 0.15668587376587478,
            "steer": 0.0
        },
        {
            "throttle": 0.16928802382411004,
            "brake": 0.10968011163611234,
            "steer": 0.0
        },
        {
            "throttle": 0.17440127951897216,
            "brake": 0.07677607814527863,
            "steer": 0.0
        },
        {
            "throttle": 0.17627431415496186,
            "brake": 0.05374325470169504,
            "steer": 0.0
        },
        {
            "throttle": 0.17594007543155668,
            "brake": 0.037620278291186526,
            "steer": 0.0
        },
        {
            "throttle": 0.17413032052399113,
            "brake": 0.026334194803830566,
            "steer": 0.0
        },
        {
            "throttle": 0.1713656056185518,
            "brake": 0.018433936362681397,
            "steer": 0.0
        },
        {
            "throttle": 0.16801823459341583,
            "brake": 0.012903755453876977,
            "steer": 0.0
        },
        {
            "throttle": 0.16435628127626994,
            "brake": 0.009032628817713884,
            "steer": 0.0
        },
        {
            "throttle": 0.16057436560153895,
            "brake": 0.006322840172399718,
            "steer": 0.0
        },
        {
            "throttle": 0.15681516010150887,
            "brake": 0.004425988120679803,
            "steer": 0.0
        },
        {
            "throttle": 0.15318441042988817,
            "brake": 0.0030981916844758615,
            "steer": 0.0
        },
        {
            "throttle": 0.149761418686544,
            "brake": 0.0021687341791331027,
            "steer": 0.0
        },
        {
            "throttle": 0.14660635384554804,
            "brake": 0.0015181139253931718,
            "steer": 0.0
        },
        {
            "throttle": 0.1437653444454408,
            "brake": 0.0010626797477752202,
            "steer": 0.0
        },
        {
            "throttle": 0.1412740222829814,
            "brake": 0.0007438758234426541,
            "steer": 0.0
        },
        {
            "throttle": 0.13915998534123106,
            "brake": 0.0005207130764098578,
            "steer": 0.0
        },
        {
            "throttle": 0.13744450780686315,
            "brake": 0.00036449915348690044,
            "steer": 0.0
        },
        {
            "throttle": 0.1361437267492686,
            "brake": 0.0002551494074408303,
            "steer": 0.0
        },
        {
            "throttle": 0.1352694662168532,
            "brake": 0.0001786045852085812,
            "steer": 0.0
        },
        {
            "throttle": 0.13482981131406638,
            "brake": 0.00012502320964600684,
            "steer": 0.0
        },
        {
            "throttle": 0.13482951106838326,
            "brake": 8.751624675220478e-05,
            "steer": 0.0
        },
        {
            "throttle": 0.13527026524834249,
            "brake": 6.126137272654334e-05,
            "steer": 0.0
        },
        {
            "throttle": 0.13615093371999018,
            "brake": 4.288296090858033e-05,
            "steer": 0.0
        },
        {
            "throttle": 0.1374676953075201,
            "brake": 3.001807263600623e-05,
            "steer": 0.0
        },
        {
            "throttle": 0.1392141749691133,
            "brake": 2.1012650845204362e-05,
            "steer": 0.0
        },
        {
            "throttle": 0.14138155237127964,
            "brake": 1.4708855591643052e-05,
            "steer": 0.0
        },
        {
            "throttle": 0.1439586609167068,
            "brake": 1.0296198914150135e-05,
            "steer": 0.0
        },
        {
            "throttle": 0.14693208344245806,
            "brake": 7.207339239905094e-06,
            "steer": 0.0
        },
        {
            "throttle": 0.1502862488009259,
            "brake": 5.045137467933566e-06,
            "steer": 0.0
        },
        {
            "throttle": 0.15400353211586876,
            "brake": 3.5315962275534955e-06,
            "steer": 0.0
        },
        {
            "throttle": 0.15806436049564518,
            "brake": 2.4721173592874465e-06,
            "steer": 0.0
        },
        {
            "throttle": 0.16244732526337163,
            "brake": 1.7304821515012124e-06,
            "steer": 0.0
        },
        {
            "throttle": 0.1671293012438069,
            "brake": 1.2113375060508487e-06,
            "steer": 0.0
        },
        {
            "throttle": 0.17208557326963803,
            "brake": 8.47936254235594e-07,
            "steer": 0.0
        },
        {
            "throttle": 0.17728996979380776,
            "brake": 5.935553779649158e-07,
            "steer": 0.0
        },
        {
            "throttle": 0.1827150032904536,
            "brake": 4.154887645754411e-07,
            "steer": 0.0
        },
        {
            "throttle": 0.1883320169745934,
            "brake": 2.9084213520280874e-07,
            "steer": 0.0
        },
        {
            "throttle": 0.19411133725570903,
            "brake": 2.0358949464196611e-07,
            "steer": 0.0
        },
        {
            "throttle": 0.20002243125296637,
            "brake": 1.4251264624937628e-07,
            "steer": 0.0
        },
        {
            "throttle": 0.20603406863308177,
            "brake": 9.975885237456339e-08,
            "steer": 0.0
        },
        {
            "throttle": 0.21211448698101903,
            "brake": 6.983119666219437e-08,
            "steer": 0.0
        },
        {
            "throttle": 0.2182315598754422,
            "brake": 4.8881837663536056e-08,
            "steer": 0.0
        },
        {
            "throttle": 0.22435296681284408,
            "brake": 3.421728636447524e-08,
            "steer": 0.0
        },
        {
            "throttle": 0.23044636410490332,
            "brake": 2.3952100455132667e-08,
            "steer": 0.0
        },
        {
            "throttle": 0.23647955586176003,
            "brake": 1.6766470318592865e-08,
            "steer": 0.0
        },
        {
            "throttle": 0.2424206641687427,
            "brake": 1.1736529223015005e-08,
            "steer": 0.0
        },
        {
            "throttle": 0.2482382975650475,
            "brake": 8.215570456110502e-09,
            "steer": 0.0
        },
        {
            "throttle": 0.2539017169395391,
            "brake": 5.750899319277351e-09,
            "steer": 0.0
        },
        {
            "throttle": 0.2593809979708752,
            "brake": 4.0256295234941455e-09,
            "steer": 0.0
        },
        {
            "throttle": 0.26464718925628783,
            "brake": 2.8179406664459016e-09,
            "steer": 0.0
        },
        {
            "throttle": 0.26967246529534306,
            "brake": 1.972558466512131e-09,
            "steer": 0.0
        },
        {
            "throttle": 0.2744302735216339,
            "brake": 1.3807909265584916e-09,
            "steer": 0.0
        },
        {
            "throttle": 0.27889547460642194,
            "brake": 9.66553648590944e-10,
            "steer": 0.0
        },
        {
            "throttle": 0.2830444752935232,
            "brake": 6.765875540136607e-10,
            "steer": 0.0
        },
        {
            "throttle": 0.2868553530640069,
            "brake": 4.736112878095625e-10,
            "steer": 0.0
        },
        {
            "throttle": 0.29030797197231184,
            "brake": 3.3152790146669374e-10,
            "steer": 0.0
        },
        {
            "throttle": 0.2933840890419423,
            "brake": 2.320695310266856e-10,
            "steer": 0.0
        },
        {
            "throttle": 0.2960674506587198,
            "brake": 1.624486717186799e-10,
            "steer": 0.0
        },
        {
            "throttle": 0.29834387845237426,
            "brake": 1.1371407020307593e-10,
            "steer": 0.0
        },
        {
            "throttle": 0.30020134421276634,
            "brake": 7.959984914215315e-11,
            "steer": 0.0
        },
        {
            "throttle": 0.3016300334449504,
            "brake": 5.57198943995072e-11,
            "steer": 0.0
        },
        {
            "throttle": 0.3026223972273012,
            "brake": 3.9003926079655036e-11,
            "steer": 0.0
        },
        {
            "throttle": 0.3031731920987222,
            "brake": 2.7302748255758525e-11,
            "steer": 0.0
        },
        {
            "throttle": 0.30327950776419527,
            "brake": 1.9111923779030966e-11,
            "steer": 0.0
        },
        {
            "throttle": 0.3029407824722961,
            "brake": 1.3378346645321675e-11,
            "steer": 0.0
        },
        {
            "throttle": 0.3021588059834292,
            "brake": 9.364842651725172e-12,
            "steer": 0.0
        }
    ],
    "parameters": {
        "fog_density": 7.29066619501749,
        "precipitation": 44.67754757805026,
        "precipitation_deposits": 7.978475609656355,
        "wind_intensity": 16.10766882011171,
        "sun_altitude_angle": 64.58810011314583,
        "cloudiness": 77.92962719306425,
        "lead_base_throttle": 0.21905222830004145,
        "lead_behavior_frequency": 0.1157149295492436,
        "lead_throttle_variation": 0.0859560678808308,
        "lead_brake_probability": 0.04906578439863327,
        "lead_brake_intensity": 0.6925075804929062,
        "lead_brake_duration": 8.899068797124292,
        "initial_distance": 64.9756236800911,
        "initial_ego_velocity": 9.565342566293651,
        "initial_lead_velocity": 23.04363624781556
    },
    "config": {
        "num_timesteps": 200,
        "dt": 0.1,
        "seed": 189
    }
}