{
    "weather": {
        "cloudiness": 45.463076530214686,
        "precipitation": 89.68727511150308,
        "precipitation_deposits": 35.491802765958894,
        "wind_intensity": 5.685563233231189,
        "sun_altitude_angle": -3.7744385218915824,
        "fog_density": 63.781399233915394,
        "fog_distance": 119.30803020385542,
        "wetness": 44.84363755575154
    },
    "initial_conditions": {
        "ego": {
            "position": {
                "x": 526.6242080292579,
                "y": 20.57,
                "z": 0.294
            },
            "yaw": 0.0,
            "velocity": 6.974102590820692
        },
        "lead": {
            "position": {
                "x": 484.88,
                "y": 20.57,
                "z": 0.294
            },
            "yaw": 0.0,
            "velocity": 8.378772685114091
        }
    },
    "ego": {
        "position": {
            "x": 526.6242080292579,
            "y": 20.57,
            "z": 0.294
        },
        "yaw": 0.0,
        "velocity": 6.974102590820692
    },
    "lead": {
        "position": {
            "x": 484.88,
            "y": 20.57,
            "z": 0.294
        },
        "yaw": 0.0,
        "velocity": 8.378772685114091
    },
    "ado_actions": [
        {
            "throttle": 0.5900211626454346,
            "brake": 0.0,
            "steer": 0.0
        },
        {
            "throttle": 0.5936437268449206,
            "brake": 0.0,
            "steer": 0.0
        },
        {
            "throttle": 0.5997934320042942,
            "brake": 0.0,
            "steer": 0.0
        },
        {
            "throttle": 0.6076948485496625,
            "brake": 0.0,
            "steer": 0.0
        },
        {
            "throttle": 0.616796583770896,
            "brake": 0.0,
            "steer": 0.0
        },
        {
            "throttle": 0.6267041325858039,
            "brake": 0.0,
            "steer": 0.0
        },
        {
            "throttle": 0.6371328934529019,
            "brake": 0.0,
            "steer": 0.0
        },
        {
            "throttle": 0.6478752996918212,
            "brake": 0.0,
            "steer": 0.0
        },
        {
            "throttle": 0.6587778313444864,
            "brake": 0.0,
            "steer": 0.0
        },
        {
            "throttle": 0.6697249431226192,
            "brake": 0.0,
            "steer": 0.0
        },
        {
            "throttle": 0.6806278332765319,
            "brake": 0.0,
            "steer": 0.0
        },
        {
            "throttle": 0.6914166007235635,
            "brake": 0.0,
            "steer": 0.0
        },
        {
            "throttle": 0.7020347735278096,
            "brake": 0.0,
            "steer": 0.0
        },
        {
            "throttle": 0.7124354968511282,
            "brake": 0.0,
            "steer": 0.0
        },
        {
            "throttle": 0.7225788820163739,
            "brake": 0.0,
            "steer": 0.0
        },
        {
            "throttle": 0.7324301677897287,
            "brake": 0.0,
            "steer": 0.0
        },
        {
            "throttle": 0.7419584496164692,
            "brake": 0.0,
            "steer": 0.0
        },
        {
            "throttle": 0.7511358057851829,
            "brake": 0.0,
            "steer": 0.0
        },
        {
            "throttle": 0.7599367007654347,
            "brake": 0.0,
            "steer": 0.0
        },
        {
            "throttle": 0.7683375818544991,
            "brake": 0.0,
            "steer": 0.0
        },
        {
            "throttle": 0.7763166103938997,
            "brake": 0.0,
            "steer": 0.0
        },
        {
            "throttle": 0.7838534864058764,
            "brake": 0.0,
            "steer": 0.0
        },
        {
            "throttle": 0.7909293378143191,
            "brake": 0.0,
            "steer": 0.0
        },
        {
            "throttle": 0.7975266540367383,
            "brake": 0.0,
            "steer": 0.0
        },
        {
            "throttle": 0.8036292497712669,
            "brake": 0.0,
            "steer": 0.0
        },
        {
            "throttle": 0.809222249030946,
            "brake": 0.0,
            "steer": 0.0
        },
        {
            "throttle": 0.8142920824394586,
            "brake": 0.0,
            "steer": 0.0
        },
        {
            "throttle": 0.8188264928779866,
            "brake": 0.0,
            "steer": 0.0
        },
        {
            "throttle": 0.8228145460279501,
            "brake": 0.0,
            "steer": 0.0
        },
        {
            "throttle": 0.8262466433752216,
            "brake": 0.0,
            "steer": 0.0
        },
        {
            "throttle": 0.8291145359582885,
            "brake": 0.0,
            "steer": 0.0
        },
        {
            "throttle": 0.8314113376470051,
            "brake": 0.0,
            "steer": 0.0
        },
        {
            "throttle": 0.8331315370938435,
            "brake": 0.0,
            "steer": 0.0
        },
        {
            "throttle": 0.8342710077506419,
            "brake": 0.0,
            "steer": 0.0
        },
        {
            "throttle": 0.8348270155220012,
            "brake": 0.0,
            "steer": 0.0
        },
        {
            "throttle": 0.8347982237536037,
            "brake": 0.0,
            "steer": 0.0
        },
        {
            "throttle": 0.8341846953451276,
            "brake": 0.0,
            "steer": 0.0
        },
        {
            "throttle": 0.8329878918438232,
            "brake": 0.0,
            "steer": 0.0
        },
        {
            "throttle": 0.8312106694236935,
            "brake": 0.0,
            "steer": 0.0
        },
        {
            "throttle": 0.828857271691833,
            "brake": 0.0,
            "steer": 0.0
        },
        {
            "throttle": 0.8259333192914677,
            "brake": 0.0,
            "steer": 0.0
        },
        {
            "throttle": 0.8224457962931904,
            "brake": 0.0,
            "steer": 0.0
        },
        {
            "throttle": 0.8184030333835561,
            "brake": 0.0,
            "steer": 0.0
        },
        {
            "throttle": 0.8138146878748603,
            "brake": 0.0,
            "steer": 0.0
        },
        {
            "throttle": 0.8086917205724163,
            "brake": 0.0,
            "steer": 0.0
        },
        {
            "throttle": 0.8030463695465863,
            "brake": 0.0,
            "steer": 0.0
        },
        {
            "throttle": 0.7968921208666191,
            "brake": 0.0,
            "steer": 0.0
        },
        {
            "throttle": 0.7902436763622857,
            "brake": 0.0,
            "steer": 0.0
        },
        {
            "throttle": 0.7831169184875789,
            "brake": 0.0,
            "steer": 0.0
        },
        {
            "throttle": 0.775528872368495,
            "brake": 0.0,
            "steer": 0.0
        },
        {
            "throttle": 0.7674976651242136,
            "brake": 0.0,
            "steer": 0.0
        },
        {
            "throttle": 0.7590424825579131,
            "brake": 0.0,
            "steer": 0.0
        },
        {
            "throttle": 0.7501835233200249,
            "brake": 0.0,
            "steer": 0.0
        },
        {
            "throttle": 0.7409419506529623,
            "brake": 0.0,
            "steer": 0.0
        },
        {
            "throttle": 0.7313398418322808,
            "brake": 0.0,
            "steer": 0.0
        },
        {
            "throttle": 0.7214001354248232,
            "brake": 0.0,
            "steer": 0.0
        },
        {
            "throttle": 0.7111465764896857,
            "brake": 0.0,
            "steer": 0.0
        },
        {
            "throttle": 0.7006036598528069,
            "brake": 0.0,
            "steer": 0.0
        },
        {
            "throttle": 0.6897965715906109,
            "brake": 0.0,
            "steer": 0.0
        },
        {
            "throttle": 0.6787511288624426,
            "brake": 0.0,
            "steer": 0.0
        },
        {
            "throttle": 0.6674937182354912,
            "brake": 0.0,
            "steer": 0.0
        },
        {
            "throttle": 0.6560512326495118,
            "brake": 0.0,
            "steer": 0.0
        },
        {
            "throttle": 0.6444510071719121,
            "brake": 0.0,
            "steer": 0.0
        },
        {
            "throttle": 0.6327207536966657,
            "brake": 0.0,
            "steer": 0.0
        },
        {
            "throttle": 0.620888494743043,
            "brake": 0.0,
            "steer": 0.0
        },
        {
            "throttle": 0.6089824965123003,
            "brake": 0.0,
            "steer": 0.0
        },
        {
            "throttle": 0.5970312013622456,
            "brake": 0.0,
            "steer": 0.0
        },
        {
            "throttle": 0.585063159860989,
            "brake": 0.0,
            "steer": 0.0
        },
        {
            "throttle": 0.5731069625821937,
            "brake": 0.0,
            "steer": 0.0
        },
        {
            "throttle": 0.5611911718047614,
            "brake": 0.0,
            "steer": 0.0
        },
        {
            "throttle": 0.5493442532801132,
            "brake": 0.0,
            "steer": 0.0
        },
        {
            "throttle": 0.5375945082300679,
            "brake": 0.0,
            "steer": 0.0
        },
        {
            "throttle": 0.5259700057377684,
            "brake": 0.0,
            "steer": 0.0
        },
        {
            "throttle": 0.5144985156931666,
            "brake": 0.0,
            "steer": 0.0
        },
        {
            "throttle": 0.5032074424532551,
            "brake": 0.0,
            "steer": 0.0
        },
        {
            "throttle": 0.49212375937552416,
            "brake": 0.0,
            "steer": 0.0
        },
        {
            "throttle": 0.4812739443810386,
            "brake": 0.0,
            "steer": 0.0
        },
        {
            "throttle": 0.47068391670106724,
            "brake": 0.0,
            "steer": 0.0
        },
        {
            "throttle": 0.46037897495837266,
            "brake": 0.0,
            "steer": 0.0
        },
        {
            "throttle": 0.45038373673107857,
            "brake": 0.0,
            "steer": 0.0
        },
        {
            "throttle": 0.44072207974349165,
            "brake": 0.0,
            "steer": 0.0
        },
        {
            "throttle": 0.4314170848243678,
            "brake": 0.0,
            "steer": 0.0
        },
        {
            "throttle": 0.4224909807688898,
            "brake": 0.0,
            "steer": 0.0
        },
        {
            "throttle": 0.41396509123607694,
            "brake": 0.0,
            "steer": 0.0
        },
        {
            "throttle": 0.405859783808483,
            "brake": 0.0,
            "steer": 0.0
        },
        {
            "throttle": 0.39819442133587524,
            "brake": 0.0,
            "steer": 0.0
        },
        {
            "throttle": 0.3909873156791294,
            "brake": 0.0,
            "steer": 0.0
        },
        {
            "throttle": 0.3842556839648425,
            "brake": 0.0,
            "steer": 0.0
        },
        {
            "throttle": 0.37801560745516744,
            "brake": 0.0,
            "steer": 0.0
        },
        {
            "throttle": 0.37228199313112537,
            "brake": 0.0,
            "steer": 0.0
        },
        {
            "throttle": 0.36706853808117007,
            "brake": 0.0,
            "steer": 0.0
        },
        {
            "throttle": 0.3623876967800765,
            "brake": 0.0,
            "steer": 0.0
        },
        {
            "throttle": 0.3582506513363221,
            "brake": 0.0,
            "steer": 0.0
        },
        {
            "throttle": 0.3546672847790362,
            "brake": 0.0,
            "steer": 0.0
        },
        {
            "throttle": 0.35164615744833294,
            "brake": 0.0,
            "steer": 0.0
        },
        {
            "throttle": 0.34919448654542956,
            "brake": 0.0,
            "steer": 0.0
        },
        {
            "throttle": 0.34731812889140234,
            "brake": 0.0,
            "steer": 0.0
        },
        {
            "throttle": 0.34602156693576847,
            "brake": 0.0,
            "steer": 0.0
        },
        {
            "throttle": 0.3453078980483174,
            "brake": 0.0,
            "steer": 0.0
        },
        {
            "throttle": 0.34517882711977355,
            "brake": 0.0,
            "steer": 0.0
        },
        {
            "throttle": 0.3456346624889656,
            "brake": 0.0,
            "steer": 0.0
        },
        {
            "throttle": 0.34667431520623304,
            "brake": 0.0,
            "steer": 0.0
        },
        {
            "throttle": 0.3482953016348285,
            "brake": 0.0,
            "steer": 0.0
        },
        {
            "throttle": 0.3504937493841029,
            "brake": 0.0,
            "steer": 0.0
        },
        {
            "throttle": 0.35326440656029745,
            "brake": 0.0,
            "steer": 0.0
        },
        {
            "throttle": 0.35660065431284566,
            "brake": 0.0,
            "steer": 0.0
        },
        {
            "throttle": 0.36049452264621107,
            "brake": 0.0,
            "steer": 0.0
        },
        {
            "throttle": 0.3649367094594892,
            "brake": 0.0,
            "steer": 0.0
        },
        {
            "throttle": 0.3699166027682892,
            "brake": 0.0,
            "steer": 0.0
        },
        {
            "throttle": 0.3754223060558094,
            "brake": 0.0,
            "steer": 0.0
        },
        {
            "throttle": 0.38144066669254456,
            "brake": 0.0,
            "steer": 0.0
        },
        {
            "throttle": 0.38795730735673417,
            "brake": 0.0,
            "steer": 0.0
        },
        {
            "throttle": 0.39495666038048943,
            "brake": 0.0,
            "steer": 0.0
        },
        {
            "throttle": 0.4024220049395506,
            "brake": 0.0,
            "steer": 0.0
        },
        {
            "throttle": 0.41033550699783083,
            "brake": 0.0,
            "steer": 0.0
        },
        {
            "throttle": 0.4186782619113228,
            "brake": 0.0,
            "steer": 0.0
        },
        {
            "throttle": 0.4274303395895913,
            "brake": 0.0,
            "steer": 0.0
        },
        {
            "throttle": 0.43657083210696546,
            "brake": 0.0,
            "steer": 0.0
        },
        {
            "throttle": 0.44607790364969035,
            "brake": 0.0,
            "steer": 0.0
        },
        {
            "throttle": 0.4559288426797209,
            "brake": 0.0,
            "steer": 0.0
        },
        {
            "throttle": 0.4661001161905412,
            "brake": 0.0,
            "steer": 0.0
        },
        {
            "throttle": 0.4765674259253988,
            "brake": 0.0,
            "steer": 0.0
        },
        {
            "throttle": 0.4873057664236526,
            "brake": 0.0,
            "steer": 0.0
        },
        {
            "throttle": 0.4982894847565671,
            "brake": 0.0,
            "steer": 0.0
        },
        {
            "throttle": 0.5094923418098498,
            "brake": 0.0,
            "steer": 0.0
        },
        {
            "throttle": 0.5208875749665334,
            "brake": 0.0,
            "steer": 0.0
        },
        {
            "throttle": 0.5324479620404579,
            "brake": 0.0,
            "steer": 0.0
        },
        {
            "throttle": 0.544145886307623,
            "brake": 0.0,
            "steer": 0.0
        },
        {
            "throttle": 0.5559534024800554,
            "brake": 0.0,
            "steer": 0.0
        },
        {
            "throttle": 0.5678423034645861,
            "brake": 0.0,
            "steer": 0.0
        },
        {
            "throttle": 0.5797841877470569,
            "brake": 0.0,
            "steer": 0.0
        },
        {
            "throttle": 0.5917505272409802,
            "brake": 0.0,
            "steer": 0.0
        },
        {
            "throttle": 0.6037127354385702,
            "brake": 0.0,
            "steer": 0.0
        },
        {
            "throttle": 0.6156422357013358,
            "brake": 0.0,
            "steer": 0.0
        },
        {
            "throttle": 0.627510529527098,
            "brake": 0.0,
            "steer": 0.0
        },
        {
            "throttle": 0.6392892646303452,
            "brake": 0.0,
            "steer": 0.0
        },
        {
            "throttle": 0.650950302673292,
            "brake": 0.0,
            "steer": 0.0
        },
        {
            "throttle": 0.6624657864858341,
            "brake": 0.0,
            "steer": 0.0
        },
        {
            "throttle": 0.6738082066138202,
            "brake": 0.0,
            "steer": 0.0
        },
        {
            "throttle": 0.6849504670366616,
            "brake": 0.0,
            "steer": 0.0
        },
        {
            "throttle": 0.6958659498972856,
            "brake": 0.0,
            "steer": 0.0
        },
        {
            "throttle": 0.7065285790898002,
            "brake": 0.0,
            "steer": 0.0
        },
        {
            "throttle": 0.7169128825529634,
            "brake": 0.0,
            "steer": 0.0
        },
        {
            "throttle": 0.7269940531206447,
            "brake": 0.0,
            "steer": 0.0
        },
        {
            "throttle": 0.7367480077839114,
            "brake": 0.0,
            "steer": 0.0
        },
        {
            "throttle": 0.7461514452231687,
            "brake": 0.0,
            "steer": 0.0
        },
        {
            "throttle": 0.7551819014729149,
            "brake": 0.0,
            "steer": 0.0
        },
        {
            "throttle": 0.7638178035861327,
            "brake": 0.0,
            "steer": 0.0
        },
        {
            "throttle": 0.7720385211701175,
            "brake": 0.0,
            "steer": 0.0
        },
        {
            "throttle": 0.779824415670628,
            "brake": 0.0,
            "steer": 0.0
        },
        {
            "throttle": 0.7871568872866244,
            "brake": 0.0,
            "steer": 0.0
        },
        {
            "throttle": 0.7940184194035189,
            "brake": 0.0,
            "steer": 0.0
        },
        {
            "throttle": 0.8003926204387911,
            "brake": 0.0,
            "steer": 0.0
        },
        {
            "throttle": 0.8062642630000028,
            "brake": 0.0,
            "steer": 0.0
        },
        {
            "throttle": 0.8116193202616673,
            "brake": 0.0,
            "steer": 0.0
        },
        {
            "throttle": 0.8164449994740735,
            "brake": 0.0,
            "steer": 0.0
        },
        {
            "throttle": 0.8207297725240128,
            "brake": 0.0,
            "steer": 0.0
        },
        {
            "throttle": 0.824463403474404,
            "brake": 0.0,
            "steer": 0.0
        },
        {
            "throttle": 0.8276369730170252,
            "brake": 0.0,
            "steer": 0.0
        },
        {
            "throttle": 0.8302428997799387,
            "brake": 0.0,
            "steer": 0.0
        },
        {
            "throttle": 0.832274958438705,
            "brake": 0.0,
            "steer": 0.0
        },
        {
            "throttle": 0.8337282945881238,
            "brake": 0.0,
            "steer": 0.0
        },
        {
            "throttle": 0.8345994363389703,
            "brake": 0.0,
            "steer": 0.0
        },
        {
            "throttle": 0.8348863026120256,
            "brake": 0.0,
            "steer": 0.0
        },
        {
            "throttle": 0.8345882081095886,
            "brake": 0.0,
            "steer": 0.0
        },
        {
            "throttle": 0.8337058649525897,
            "brake": 0.0,
            "steer": 0.0
        },
        {
            "throttle": 0.8322413809793984,
            "brake": 0.0,
            "steer": 0.0
        },
        {
            "throttle": 0.8301982547103869,
            "brake": 0.0,
            "steer": 0.0
        },
        {
            "throttle": 0.8275813669902805,
            "brake": 0.0,
            "steer": 0.0
        },
        {
            "throttle": 0.8243969693282581,
            "brake": 0.0,
            "steer": 0.0
        },
        {
            "throttle": 0.8206526689636602,
            "brake": 0.0,
            "steer": 0.0
        },
        {
            "throttle": 0.8163574106929785,
            "brake": 0.0,
            "steer": 0.0
        },
        {
            "throttle": 0.811521455501543,
            "brake": 0.0,
            "steer": 0.0
        },
        {
            "throttle": 0.8061563560509508,
            "brake": 0.0,
            "steer": 0.0
        },
        {
            "throttle": 0.8002749290807986,
            "brake": 0.0,
            "steer": 0.0
        },
        {
            "throttle": 0.7938912247906448,
            "brake": 0.0,
            "steer": 0.0
        },
        {
            "throttle": 0.7870204932753482,
            "brake": 0.0,
            "steer": 0.0
        },
        {
            "throttle": 0.7796791480939638,
            "brake": 0.0,
            "steer": 0.0
        },
        {
            "throttle": 0.7718847270592285,
            "brake": 0.0,
            "steer": 0.0
        },
        {
            "throttle": 0.7636558503413043,
            "brake": 0.0,
            "steer": 0.0
        },
        {
            "throttle": 0.7550121759858691,
            "brake": 0.0,
            "steer": 0.0
        },
        {
            "throttle": 0.7459743529528147,
            "brake": 0.0,
            "steer": 0.0
        },
        {
            "throttle": 0.7365639717877405,
            "brake": 0.0,
            "steer": 0.0
        },
        {
            "throttle": 0.7268035130440839,
            "brake": 0.0,
            "steer": 0.0
        },
        {
            "throttle": 0.7167162935791023,
            "brake": 0.0,
            "steer": 0.0
        },
        {
            "throttle": 0.7063264108519994,
            "brake": 0.0,
            "steer": 0.0
        },
        {
            "throttle": 0.6956586853572653,
            "brake": 0.0,
            "steer": 0.0
        },
        {
            "throttle": 0.6847386013307488,
            "brake": 0.0,
            "steer": 0.0
        },
        {
            "throttle": 0.6735922458701133,
            "brake": 0.0,
            "steer": 0.0
        },
        {
            "throttle": 0.662246246615108,
            "brake": 0.0,
            "steer": 0.0
        },
        {
            "throttle": 0.6507277081365339,
            "brake": 0.0,
            "steer": 0.0
        },
        {
            "throttle": 0.6390641471858642,
            "brake": 0.0,
            "steer": 0.0
        },
        {
            "throttle": 0.627283426960203,
            "brake": 0.0,
            "steer": 0.0
        },
        {
            "throttle": 0.6154136905396145,
            "brake": 0.0,
            "steer": 0.0
        },
        {
            "throttle": 0.6034832936558391,
            "brake": 0.0,
            "steer": 0.0
        },
        {
            "throttle": 0.5915207369530028,
            "brake": 0.0,
            "steer": 0.0
        },
        {
            "throttle": 0.5795545979021444,
            "brake": 0.0,
            "steer": 0.0
        },
        {
            "throttle": 0.5676134625322093,
            "brake": 0.0,
            "steer": 0.0
        },
        {
            "throttle": 0.5557258571406004,
            "brake": 0.0,
            "steer": 0.0
        },
        {
            "throttle": 0.5439201801464211,
            "brake": 0.0,
            "steer": 0.0
        }
    ],
    "parameters": {
        "fog_density": 63.781399233915394,
        "precipitation": 89.68727511150308,
        "precipitation_deposits": 35.491802765958894,
        "wind_intensity": 5.685563233231189,
        "sun_altitude_angle": -3.7744385218915824,
        "cloudiness": 45.463076530214686,
        "lead_base_throttle": 0.5900211626454346,
        "lead_behavior_frequency": 0.07779707375936164,
        "lead_throttle_variation": 0.24712954477586757,
        "lead_brake_probability": 0.023767981121259763,
        "lead_brake_intensity": 0.4581619274479406,
        "lead_brake_duration": 13.064236303924172,
        "initial_distance": 41.74420802925789,
        "initial_ego_velocity": 6.974102590820692,
        "initial_lead_velocity": 8.378772685114091
    },
    "config": {
        "num_timesteps": 200,
        "dt": 0.1,
        "seed": 175
    }
}