{
    "weather": {
        "cloudiness": 72.38229685576125,
        "precipitation": 91.11461148929493,
        "precipitation_deposits": 56.62745264605804,
        "wind_intensity": 40.958633795287085,
        "sun_altitude_angle": 21.956960306213638,
        "fog_density": 47.37957420802953,
        "fog_distance": 206.11538610789043,
        "wetness": 45.557305744647465
    },
    "initial_conditions": {
        "ego": {
            "position": {
                "x": 559.376951295705,
                "y": 20.57,
                "z": 0.294
            },
            "yaw": 0.0,
            "velocity": 10.131825168480749
        },
        "lead": {
            "position": {
                "x": 484.88,
                "y": 20.57,
                "z": 0.294
            },
            "yaw": 0.0,
            "velocity": 24.726801532919914
        }
    },
    "ego": {
        "position": {
            "x": 559.376951295705,
            "y": 20.57,
            "z": 0.294
        },
        "yaw": 0.0,
        "velocity": 10.131825168480749
    },
    "lead": {
        "position": {
            "x": 484.88,
            "y": 20.57,
            "z": 0.294
        },
        "yaw": 0.0,
        "velocity": 24.726801532919914
    },
    "ado_actions": [
        {
            "throttle": 0.22771815202395873,
            "brake": 0.0,
            "steer": 0.0
        },
        {
            "throttle": 0.23145286627590034,
            "brake": 0.0,
            "steer": 0.0
        },
        {
            "throttle": 0.23772255842977813,
            "brake": 0.0,
            "steer": 0.0
        },
        {
            "throttle": 0.2456097756978654,
            "brake": 0.0,
            "steer": 0.0
        },
        {
            "throttle": 0.25439799746719816,
            "brake": 0.0,
            "steer": 0.0
        },
        {
            "throttle": 0.26351626747330026,
            "brake": 0.0,
            "steer": 0.0
        },
        {
            "throttle": 0.27250191014387215,
            "brake": 0.0,
            "steer": 0.0
        },
        {
            "throttle": 0.2809757702358538,
            "brake": 0.0,
            "steer": 0.0
        },
        {
            "throttle": 0.2886260547301216,
            "brake": 0.0,
            "steer": 0.0
        },
        {
            "throttle": 0.2951980073209062,
            "brake": 0.0,
            "steer": 0.0
        },
        {
            "throttle": 0.30048745581188585,
            "brake": 0.0,
            "steer": 0.0
        },
        {
            "throttle": 0.3043368441716155,
            "brake": 0.0,
            "steer": 0.0
        },
        {
            "throttle": 0.3066327658174589,
            "brake": 0.0,
            "steer": 0.0
        },
        {
            "throttle": 0.3073043031243635,
            "brake": 0.0,
            "steer": 0.0
        },
        {
            "throttle": 0.30632168524966996,
            "brake": 0.0,
            "steer": 0.0
        },
        {
            "throttle": 0.30369492655725383,
            "brake": 0.0,
            "steer": 0.0
        },
        {
            "throttle": 0.29947221820334907,
            "brake": 0.0,
            "steer": 0.0
        },
        {
            "throttle": 0.2937379275959335,
            "brake": 0.0,
            "steer": 0.0
        },
        {
            "throttle": 0.28661012260281155,
            "brake": 0.0,
            "steer": 0.0
        },
        {
            "throttle": 0.27823758516183317,
            "brake": 0.0,
            "steer": 0.0
        },
        {
            "throttle": 0.2687963161704081,
            "brake": 0.0,
            "steer": 0.0
        },
        {
            "throttle": 0.25848556280160545,
            "brake": 0.0,
            "steer": 0.0
        },
        {
            "throttle": 0.24752342246311534,
            "brake": 0.0,
            "steer": 0.0
        },
        {
            "throttle": 0.23614209565510408,
            "brake": 0.0,
            "steer": 0.0
        },
        {
            "throttle": 0.22458287377369077,
            "brake": 0.0,
            "steer": 0.0
        },
        {
            "throttle": 0.21309095796982688,
            "brake": 0.0,
            "steer": 0.0
        },
        {
            "throttle": 0.2019102118650664,
            "brake": 0.0,
            "steer": 0.0
        },
        {
            "throttle": 0.19127795450296647,
            "brake": 0.0,
            "steer": 0.0
        },
        {
            "throttle": 0.18141990058098886,
            "brake": 0.0,
            "steer": 0.0
        },
        {
            "throttle": 0.1725453529441542,
            "brake": 0.0,
            "steer": 0.0
        },
        {
            "throttle": 0.1648427477090241,
            "brake": 0.0,
            "steer": 0.0
        },
        {
            "throttle": 0.15847564541862613,
            "brake": 0.0,
            "steer": 0.0
        },
        {
            "throttle": 0.15357925252074872,
            "brake": 0.0,
            "steer": 0.0
        },
        {
            "throttle": 0.15025754645401063,
            "brake": 0.0,
            "steer": 0.0
        },
        {
            "throttle": 0.14858106498491658,
            "brake": 0.0,
            "steer": 0.0
        },
        {
            "throttle": 0.1485854064562343,
            "brake": 0.0,
            "steer": 0.0
        },
        {
            "throttle": 0.15027047259555731,
            "brake": 0.0,
            "steer": 0.0
        },
        {
            "throttle": 0.15360046982295275,
            "brake": 0.0,
            "steer": 0.0
        },
        {
            "throttle": 0.15850466892969017,
            "brake": 0.0,
            "steer": 0.0
        },
        {
            "throttle": 0.16487890692297577,
            "brake": 0.0,
            "steer": 0.0
        },
        {
            "throttle": 0.17258779908970662,
            "brake": 0.0,
            "steer": 0.0
        },
        {
            "throttle": 0.18146761426256003,
            "brake": 0.0,
            "steer": 0.0
        },
        {
            "throttle": 0.1913297521962079,
            "brake": 0.0,
            "steer": 0.0
        },
        {
            "throttle": 0.2019647491803715,
            "brake": 0.0,
            "steer": 0.0
        },
        {
            "throttle": 0.21314672680219565,
            "brake": 0.0,
            "steer": 0.0
        },
        {
            "throttle": 0.22463818936185437,
            "brake": 0.0,
            "steer": 0.0
        },
        {
            "throttle": 0.23619506804268442,
            "brake": 0.0,
            "steer": 0.0
        },
        {
            "throttle": 0.2475719046980274,
            "brake": 0.0,
            "steer": 0.0
        },
        {
            "throttle": 0.25852706515283563,
            "brake": 0.0,
            "steer": 0.0
        },
        {
            "throttle": 0.26882787129207975,
            "brake": 0.0,
            "steer": 0.0
        },
        {
            "throttle": 0.2782555429334871,
            "brake": 0.0,
            "steer": 0.0
        },
        {
            "throttle": 0.2866098445225721,
            "brake": 0.0,
            "steer": 0.0
        },
        {
            "throttle": 0.29371333795752763,
            "brake": 0.0,
            "steer": 0.0
        },
        {
            "throttle": 0.29941515121720874,
            "brake": 0.0,
            "steer": 0.0
        },
        {
            "throttle": 0.3035941827495034,
            "brake": 0.0,
            "steer": 0.0
        },
        {
            "throttle": 0.3061616735614415,
            "brake": 0.0,
            "steer": 0.0
        },
        {
            "throttle": 0.30706309238192847,
            "brake": 0.0,
            "steer": 0.0
        },
        {
            "throttle": 0.3062792938577753,
            "brake": 0.0,
            "steer": 0.0
        },
        {
            "throttle": 0.3038269251838724,
            "brake": 0.0,
            "steer": 0.0
        },
        {
            "throttle": 0.29975807253097975,
            "brake": 0.0,
            "steer": 0.0
        },
        {
            "throttle": 0.2941591547806603,
            "brake": 0.0,
            "steer": 0.0
        },
        {
            "throttle": 0.2871490880634349,
            "brake": 0.0,
            "steer": 0.0
        },
        {
            "throttle": 0.2788767600837482,
            "brake": 0.0,
            "steer": 0.0
        },
        {
            "throttle": 0.2695178678748674,
            "brake": 0.0,
            "steer": 0.0
        },
        {
            "throttle": 0.25927118614703504,
            "brake": 0.0,
            "steer": 0.0
        },
        {
            "throttle": 0.2483543454858979,
            "brake": 0.0,
            "steer": 0.0
        },
        {
            "throttle": 0.2369992100685951,
            "brake": 0.0,
            "steer": 0.0
        },
        {
            "throttle": 0.2254469530707794,
            "brake": 0.0,
            "steer": 0.0
        },
        {
            "throttle": 0.21394293435863268,
            "brake": 0.0,
            "steer": 0.0
        },
        {
            "throttle": 0.202731489259228,
            "brake": 0.0,
            "steer": 0.0
        },
        {
            "throttle": 0.19205073909121206,
            "brake": 0.0,
            "steer": 0.0
        },
        {
            "throttle": 0.18212753367561046,
            "brake": 0.0,
            "steer": 0.0
        },
        {
            "throttle": 0.17317263324341578,
            "brake": 0.0,
            "steer": 0.0
        },
        {
            "throttle": 0.1653762320720406,
            "brake": 0.0,
            "steer": 0.0
        },
        {
            "throttle": 0.15890391892469377,
            "brake": 0.0,
            "steer": 0.0
        },
        {
            "throttle": 0.1538931600894253,
            "brake": 0.0,
            "steer": 0.0
        },
        {
            "throttle": 0.15045037971502395,
            "brake": 0.0,
            "steer": 0.0
        },
        {
            "throttle": 0.14864869945488746,
            "brake": 0.0,
            "steer": 0.0
        },
        {
            "throttle": 0.1485263854268586,
            "brake": 0.0,
            "steer": 0.0
        },
        {
            "throttle": 0.150086035474246,
            "brake": 0.0,
            "steer": 0.0
        },
        {
            "throttle": 0.15329452398989743,
            "brake": 0.0,
            "steer": 0.0
        },
        {
            "throttle": 0.15808370547521308,
            "brake": 0.0,
            "steer": 0.0
        },
        {
            "throttle": 0.1643518618911201,
            "brake": 0.0,
            "steer": 0.0
        },
        {
            "throttle": 0.17196586306053474,
            "brake": 0.0,
            "steer": 0.0
        },
        {
            "throttle": 0.18076399423724754,
            "brake": 0.0,
            "steer": 0.0
        },
        {
            "throttle": 0.1905593907861342,
            "brake": 0.0,
            "steer": 0.0
        },
        {
            "throttle": 0.20114400702507867,
            "brake": 0.0,
            "steer": 0.0
        },
        {
            "throttle": 0.21229303493386703,
            "brake": 0.0,
            "steer": 0.0
        },
        {
            "throttle": 0.2237696788805269,
            "brake": 0.0,
            "steer": 0.0
        },
        {
            "throttle": 0.23533018495408917,
            "brake": 0.0,
            "steer": 0.0
        },
        {
            "throttle": 0.2467290180851286,
            "brake": 0.0,
            "steer": 0.0
        },
        {
            "throttle": 0.25772407699655675,
            "brake": 0.0,
            "steer": 0.0
        },
        {
            "throttle": 0.26808183622366016,
            "brake": 0.0,
            "steer": 0.0
        },
        {
            "throttle": 0.2775823059913603,
            "brake": 0.0,
            "steer": 0.0
        },
        {
            "throttle": 0.28602370460522775,
            "brake": 0.0,
            "steer": 0.0
        },
        {
            "throttle": 0.29322674411873884,
            "brake": 0.0,
            "steer": 0.0
        },
        {
            "throttle": 0.29903843825293935,
            "brake": 0.0,
            "steer": 0.0
        },
        {
            "throttle": 0.30333535169162085,
            "brake": 0.0,
            "steer": 0.0
        },
        {
            "throttle": 0.3060262217398142,
            "brake": 0.0,
            "steer": 0.0
        },
        {
            "throttle": 0.30705389666385874,
            "brake": 0.0,
            "steer": 0.0
        },
        {
            "throttle": 0.3063965495443951,
            "brake": 0.0,
            "steer": 0.0
        },
        {
            "throttle": 0.3040681418611013,
            "brake": 0.0,
            "steer": 0.0
        },
        {
            "throttle": 0.3001181269630375,
            "brake": 0.0,
            "steer": 0.0
        },
        {
            "throttle": 0.2946303997226302,
            "brake": 0.0,
            "steer": 0.0
        },
        {
            "throttle": 0.2877215146817296,
            "brake": 0.0,
            "steer": 0.0
        },
        {
            "throttle": 0.27953821053476424,
            "brake": 0.0,
            "steer": 0.0
        },
        {
            "throttle": 0.2702542935268127,
            "brake": 0.0,
            "steer": 0.0
        },
        {
            "throttle": 0.26006694596049906,
            "brake": 0.0,
            "steer": 0.0
        },
        {
            "throttle": 0.24919253821580828,
            "brake": 0.0,
            "steer": 0.0
        },
        {
            "throttle": 0.23786203323186783,
            "brake": 0.0,
            "steer": 0.0
        },
        {
            "throttle": 0.2263160810554968,
            "brake": 0.0,
            "steer": 0.0
        },
        {
            "throttle": 0.21479990764403362,
            "brake": 0.0,
            "steer": 0.0
        },
        {
            "throttle": 0.2035581064798142,
            "brake": 0.0,
            "steer": 0.0
        },
        {
            "throttle": 0.1928294436178673,
            "brake": 0.0,
            "steer": 0.0
        },
        {
            "throttle": 0.18284178650308552,
            "brake": 0.0,
            "steer": 0.0
        },
        {
            "throttle": 0.17380726426437287,
            "brake": 0.0,
            "steer": 0.0
        },
        {
            "throttle": 0.16591776227690155,
            "brake": 0.0,
            "steer": 0.0
        },
        {
            "throttle": 0.15934084668404783,
            "brake": 0.0,
            "steer": 0.0
        },
        {
            "throttle": 0.15421620543860717,
            "brake": 0.0,
            "steer": 0.0
        },
        {
            "throttle": 0.1506526814524705,
            "brake": 0.0,
            "steer": 0.0
        },
        {
            "throttle": 0.14872596086807538,
            "brake": 0.0,
            "steer": 0.0
        },
        {
            "throttle": 0.14847696555073137,
            "brake": 0.0,
            "steer": 0.0
        },
        {
            "throttle": 0.14991098394388047,
            "brake": 0.0,
            "steer": 0.0
        },
        {
            "throttle": 0.15299755874716933,
            "brake": 0.0,
            "steer": 0.0
        },
        {
            "throttle": 0.15767113380295322,
            "brake": 0.0,
            "steer": 0.0
        },
        {
            "throttle": 0.163832446451926,
            "brake": 0.0,
            "steer": 0.0
        },
        {
            "throttle": 0.17135063578545703,
            "brake": 0.0,
            "steer": 0.0
        },
        {
            "throttle": 0.1800660220171932,
            "brake": 0.0,
            "steer": 0.0
        },
        {
            "throttle": 0.18979349794249656,
            "brake": 0.0,
            "steer": 0.0
        },
        {
            "throttle": 0.20032646045407626,
            "brake": 0.0,
            "steer": 0.0
        },
        {
            "throttle": 0.21144119861185076,
            "brake": 0.0,
            "steer": 0.0
        },
        {
            "throttle": 0.22290164506826227,
            "brake": 0.0,
            "steer": 0.0
        },
        {
            "throttle": 0.23446438993291205,
            "brake": 0.0,
            "steer": 0.0
        },
        {
            "throttle": 0.24588385058640416,
            "brake": 0.0,
            "steer": 0.0
        },
        {
            "throttle": 0.25691748764105843,
            "brake": 0.0,
            "steer": 0.0
        },
        {
            "throttle": 0.26733095626603537,
            "brake": 0.0,
            "steer": 0.0
        },
        {
            "throttle": 0.27690308346721854,
            "brake": 0.0,
            "steer": 0.0
        },
        {
            "throttle": 0.2854305656087693,
            "brake": 0.0,
            "steer": 0.0
        },
        {
            "throttle": 0.292732286405092,
            "brake": 0.0,
            "steer": 0.0
        },
        {
            "throttle": 0.2986531636728255,
            "brake": 0.0,
            "steer": 0.0
        },
        {
            "throttle": 0.30306744314120165,
            "brake": 0.0,
            "steer": 0.0
        },
        {
            "throttle": 0.3058813693631117,
            "brake": 0.0,
            "steer": 0.0
        },
        {
            "throttle": 0.30703517699905775,
            "brake": 0.0,
            "steer": 0.0
        },
        {
            "throttle": 0.3065043601808543,
            "brake": 0.0,
            "steer": 0.0
        },
        {
            "throttle": 0.30430019299490213,
            "brake": 0.0,
            "steer": 0.0
        },
        {
            "throttle": 0.3004694900304229,
            "brake": 0.0,
            "steer": 0.0
        },
        {
            "throttle": 0.2950936120784014,
            "brake": 0.0,
            "steer": 0.0
        },
        {
            "throttle": 0.2882867380993237,
            "brake": 0.0,
            "steer": 0.0
        },
        {
            "throttle": 0.2801934401616086,
            "brake": 0.0,
            "steer": 0.0
        },
        {
            "throttle": 0.27098561285692624,
            "brake": 0.0,
            "steer": 0.0
        },
        {
            "throttle": 0.26085882240894576,
            "brake": 0.0,
            "steer": 0.0
        },
        {
            "throttle": 0.2500281530172583,
            "brake": 0.0,
            "steer": 0.0
        },
        {
            "throttle": 0.23872363865650886,
            "brake": 0.0,
            "steer": 0.0
        },
        {
            "throttle": 0.2271853773553411,
            "brake": 0.0,
            "steer": 0.0
        },
        {
            "throttle": 0.21565843172360988,
            "brake": 0.0,
            "steer": 0.0
        },
        {
            "throttle": 0.20438762403621719,
            "brake": 0.0,
            "steer": 0.0
        },
        {
            "throttle": 0.19361233642145337,
            "brake": 0.0,
            "steer": 0.0
        },
        {
            "throttle": 0.18356142659330887,
            "brake": 0.0,
            "steer": 0.0
        },
        {
            "throttle": 0.17444836711316966,
            "brake": 0.0,
            "steer": 0.0
        },
        {
            "throttle": 0.16646671141873934,
            "brake": 0.0,
            "steer": 0.0
        },
        {
            "throttle": 0.1597859829177814,
            "brake": 0.0,
            "steer": 0.0
        },
        {
            "throttle": 0.15454807445874522,
            "brake": 0.0,
            "steer": 0.0
        },
        {
            "throttle": 0.15086423465038107,
            "brake": 0.0,
            "steer": 0.0
        },
        {
            "throttle": 0.1488127050382876,
            "brake": 0.0,
            "steer": 0.0
        },
        {
            "throttle": 0.14843705832270204,
            "brake": 0.0,
            "steer": 0.0
        },
        {
            "throttle": 0.14974527291233797,
            "brake": 0.0,
            "steer": 0.0
        },
        {
            "throttle": 0.15270956346994058,
            "brake": 0.0,
            "steer": 0.0
        },
        {
            "throttle": 0.15726697104862422,
            "brake": 0.0,
            "steer": 0.0
        },
        {
            "throttle": 0.1633207002850102,
            "brake": 0.0,
            "steer": 0.0
        },
        {
            "throttle": 0.17074217524834956,
            "brake": 0.0,
            "steer": 0.0
        },
        {
            "throttle": 0.179373770281187,
            "brake": 0.0,
            "steer": 0.0
        },
        {
            "throttle": 0.18903215783089172,
            "brake": 0.0,
            "steer": 0.0
        },
        {
            "throttle": 0.1995122021670328,
            "brake": 0.0,
            "steer": 0.0
        },
        {
            "throttle": 0.21059131628543576,
            "brake": 0.0,
            "steer": 0.0
        },
        {
            "throttle": 0.22203418946207837,
            "brake": 0.0,
            "steer": 0.0
        },
        {
            "throttle": 0.23359778504770223,
            "brake": 0.0,
            "steer": 0.0
        },
        {
            "throttle": 0.24503650235433946,
            "brake": 0.0,
            "steer": 0.0
        },
        {
            "throttle": 0.2561073929997871,
            "brake": 0.0,
            "steer": 0.0
        },
        {
            "throttle": 0.2665753209194184,
            "brake": 0.0,
            "steer": 0.0
        },
        {
            "throttle": 0.27621795645118136,
            "brake": 0.0,
            "steer": 0.0
        },
        {
            "throttle": 0.28483049842377195,
            "brake": 0.0,
            "steer": 0.0
        },
        {
            "throttle": 0.2922300239549468,
            "brake": 0.0,
            "steer": 0.0
        },
        {
            "throttle": 0.29825937357405197,
            "brake": 0.0,
            "steer": 0.0
        },
        {
            "throttle": 0.302790489152153,
            "brake": 0.0,
            "steer": 0.0
        },
        {
            "throttle": 0.3057271337450398,
            "brake": 0.0,
            "steer": 0.0
        },
        {
            "throttle": 0.3070069355820127,
            "brake": 0.0,
            "steer": 0.0
        },
        {
            "throttle": 0.3066027127879105,
            "brake": 0.0,
            "steer": 0.0
        },
        {
            "throttle": 0.3045230507024391,
            "brake": 0.0,
            "steer": 0.0
        },
        {
            "throttle": 0.3008121195350415,
            "brake": 0.0,
            "steer": 0.0
        },
        {
            "throttle": 0.29554873622816136,
            "brake": 0.0,
            "steer": 0.0
        },
        {
            "throttle": 0.28884469045410577,
            "brake": 0.0,
            "steer": 0.0
        },
        {
            "throttle": 0.28084237029987436,
            "brake": 0.0,
            "steer": 0.0
        },
        {
            "throttle": 0.27171173806833954,
            "brake": 0.0,
            "steer": 0.0
        },
        {
            "throttle": 0.26164672042712295,
            "brake": 0.0,
            "steer": 0.0
        },
        {
            "throttle": 0.25086108957525954,
            "brake": 0.0,
            "steer": 0.0
        },
        {
            "throttle": 0.23958392290807767,
            "brake": 0.0,
            "steer": 0.0
        },
        {
            "throttle": 0.22805473761305392,
            "brake": 0.0,
            "steer": 0.0
        },
        {
            "throttle": 0.216518403533586,
            "brake": 0.0,
            "steer": 0.0
        },
        {
            "throttle": 0.20521994234702,
            "brake": 0.0,
            "steer": 0.0
        },
        {
            "throttle": 0.19439932351785777,
            "brake": 0.0,
            "steer": 0.0
        }
    ],
    "parameters": {
        "fog_density": 47.37957420802953,
        "precipitation": 91.11461148929493,
        "precipitation_deposits": 56.62745264605804,
        "wind_intensity": 40.958633795287085,
        "sun_altitude_angle": 21.956960306213638,
        "cloudiness": 72.38229685576125,
        "lead_base_throttle": 0.22771815202395873,
        "lead_behavior_frequency": 0.23215260384720515,
        "lead_throttle_variation": 0.08564930802276582,
        "lead_brake_probability": 0.0002342001471340338,
        "lead_brake_intensity": 0.7759516365480692,
        "lead_brake_duration": 13.123011842321379,
        "initial_distance": 74.49695129570502,
        "initial_ego_velocity": 10.131825168480749,
        "initial_lead_velocity": 24.726801532919914
    },
    "config": {
        "num_timesteps": 200,
        "dt": 0.1,
        "seed": 157
    }
}