{
    "weather": {
        "cloudiness": 94.29097039125192,
        "precipitation": 41.7411003148779,
        "precipitation_deposits": 22.210781047073024,
        "wind_intensity": 5.99326836668414,
        "sun_altitude_angle": 10.513820568435357,
        "fog_density": 40.85978420620526,
        "fog_distance": 256.1498108905231,
        "wetness": 20.87055015743895
    },
    "initial_conditions": {
        "ego": {
            "position": {
                "x": 516.2458492286487,
                "y": 20.57,
                "z": 0.294
            },
            "yaw": 0.0,
            "velocity": 12.45872758838578
        },
        "lead": {
            "position": {
                "x": 484.88,
                "y": 20.57,
                "z": 0.294
            },
            "yaw": 0.0,
            "velocity": 11.017566196335393
        }
    },
    "ego": {
        "position": {
            "x": 516.2458492286487,
            "y": 20.57,
            "z": 0.294
        },
        "yaw": 0.0,
        "velocity": 12.45872758838578
    },
    "lead": {
        "position": {
            "x": 484.88,
            "y": 20.57,
            "z": 0.294
        },
        "yaw": 0.0,
        "velocity": 11.017566196335393
    },
    "ado_actions": [
        {
            "throttle": 0.32928117280830205,
            "brake": 0.0,
            "steer": 0.0
        },
        {
            "throttle": 0.33878607021569745,
            "brake": 0.0,
            "steer": 0.0
        },
        {
            "throttle": 0.35482335534570486,
            "brake": 0.0,
            "steer": 0.0
        },
        {
            "throttle": 0.37519277235059456,
            "brake": 0.0,
            "steer": 0.0
        },
        {
            "throttle": 0.3982377062280008,
            "brake": 0.0,
            "steer": 0.0
        },
        {
            "throttle": 0.4226866364840667,
            "brake": 0.0,
            "steer": 0.0
        },
        {
            "throttle": 0.44754357956483065,
            "brake": 0.0,
            "steer": 0.0
        },
        {
            "throttle": 0.47201274739021604,
            "brake": 0.0,
            "steer": 0.0
        },
        {
            "throttle": 0.49544706394792665,
            "brake": 0.0,
            "steer": 0.0
        },
        {
            "throttle": 0.5173132733276209,
            "brake": 0.0,
            "steer": 0.0
        },
        {
            "throttle": 0.5371685379625158,
            "brake": 0.0,
            "steer": 0.0
        },
        {
            "throttle": 0.5546449431928676,
            "brake": 0.0,
            "steer": 0.0
        },
        {
            "throttle": 0.5694393881512579,
            "brake": 0.0,
            "steer": 0.0
        },
        {
            "throttle": 0.5813070895754877,
            "brake": 0.0,
            "steer": 0.0
        },
        {
            "throttle": 0.590057449784647,
            "brake": 0.0,
            "steer": 0.0
        },
        {
            "throttle": 0.5955514093945163,
            "brake": 0.0,
            "steer": 0.0
        },
        {
            "throttle": 0.5976996660539642,
            "brake": 0.0,
            "steer": 0.0
        },
        {
            "throttle": 0.5964613251847133,
            "brake": 0.0,
            "steer": 0.0
        },
        {
            "throttle": 0.5918426802158425,
            "brake": 0.0,
            "steer": 0.0
        },
        {
            "throttle": 0.5838959140625869,
            "brake": 0.0,
            "steer": 0.0
        },
        {
            "throttle": 0.5727175817369934,
            "brake": 0.0,
            "steer": 0.0
        },
        {
            "throttle": 0.558446783759724,
            "brake": 0.0,
            "steer": 0.0
        },
        {
            "throttle": 0.541262976875991,
            "brake": 0.0,
            "steer": 0.0
        },
        {
            "throttle": 0.5213833962247032,
            "brake": 0.0,
            "steer": 0.0
        },
        {
            "throttle": 0.49906008417699743,
            "brake": 0.0,
            "steer": 0.0
        },
        {
            "throttle": 0.4745765373526033,
            "brake": 0.0,
            "steer": 0.0
        },
        {
            "throttle": 0.4482439960831944,
            "brake": 0.0,
            "steer": 0.0
        },
        {
            "throttle": 0.42039741067401043,
            "brake": 0.0,
            "steer": 0.0
        },
        {
            "throttle": 0.3913911268010652,
            "brake": 0.0,
            "steer": 0.0
        },
        {
            "throttle": 0.3615943386670733,
            "brake": 0.0,
            "steer": 0.0
        },
        {
            "throttle": 0.2531160370669513,
            "brake": 0.23407423737140176,
            "steer": 0.0
        },
        {
            "throttle": 0.1771812259468659,
            "brake": 0.39792620353138297,
            "steer": 0.0
        },
        {
            "throttle": 0.12402685816280612,
            "brake": 0.5126225798433699,
            "steer": 0.0
        },
        {
            "throttle": 0.08681880071396428,
            "brake": 0.5929100432617607,
            "steer": 0.0
        },
        {
            "throttle": 0.06077316049977499,
            "brake": 0.6491112676546342,
            "steer": 0.0
        },
        {
            "throttle": 0.04254121234984249,
            "brake": 0.6884521247296457,
            "steer": 0.0
        },
        {
            "throttle": 0.029778848644889742,
            "brake": 0.7159907246821537,
            "steer": 0.0
        },
        {
            "throttle": 0.02084519405142282,
            "brake": 0.7352677446489093,
            "steer": 0.0
        },
        {
            "throttle": 0.014591635835995972,
            "brake": 0.7487616586256383,
            "steer": 0.0
        },
        {
            "throttle": 0.01021414508519718,
            "brake": 0.7582073984093485,
            "steer": 0.0
        },
        {
            "throttle": 0.007149901559638025,
            "brake": 0.7648194162579457,
            "steer": 0.0
        },
        {
            "throttle": 0.005004931091746617,
            "brake": 0.7694478287519637,
            "steer": 0.0
        },
        {
            "throttle": 0.0035034517642226317,
            "brake": 0.7726877174977763,
            "steer": 0.0
        },
        {
            "throttle": 0.002452416234955842,
            "brake": 0.7749556396198451,
            "steer": 0.0
        },
        {
            "throttle": 0.0017166913644690892,
            "brake": 0.7765431851052933,
            "steer": 0.0
        },
        {
            "throttle": 0.0012016839551283623,
            "brake": 0.777654466945107,
            "steer": 0.0
        },
        {
            "throttle": 0.0008411787685898536,
            "brake": 0.7784323642329766,
            "steer": 0.0
        },
        {
            "throttle": 0.0005888251380128975,
            "brake": 0.7789768923344853,
            "steer": 0.0
        },
        {
            "throttle": 0.00041217759660902825,
            "brake": 0.7793580620055415,
            "steer": 0.0
        },
        {
            "throttle": 0.00028852431762631974,
            "brake": 0.7796248807752808,
            "steer": 0.0
        },
        {
            "throttle": 0.0002019670223384238,
            "brake": 0.7798116539140982,
            "steer": 0.0
        },
        {
            "throttle": 0.00014137691563689665,
            "brake": 0.7799423951112705,
            "steer": 0.0
        },
        {
            "throttle": 9.896384094582764e-05,
            "brake": 0.7800339139492911,
            "steer": 0.0
        },
        {
            "throttle": 6.927468866207935e-05,
            "brake": 0.7800979771359055,
            "steer": 0.0
        },
        {
            "throttle": 4.849228206345554e-05,
            "brake": 0.7801428213665356,
            "steer": 0.0
        },
        {
            "throttle": 3.3944597444418874e-05,
            "brake": 0.7801742123279766,
            "steer": 0.0
        },
        {
            "throttle": 2.376121821109321e-05,
            "brake": 0.7801961860009853,
            "steer": 0.0
        },
        {
            "throttle": 1.6632852747765246e-05,
            "brake": 0.7802115675720914,
            "steer": 0.0
        },
        {
            "throttle": 1.1642996923435672e-05,
            "brake": 0.7802223346718657,
            "steer": 0.0
        },
        {
            "throttle": 0.1299548340012961,
            "brake": 0.546155634270306,
            "steer": 0.0
        },
        {
            "throttle": 0.22954931835257503,
            "brake": 0.38230894398921417,
            "steer": 0.0
        },
        {
            "throttle": 0.3073929170132713,
            "brake": 0.2676162607924499,
            "steer": 0.0
        },
        {
            "throttle": 0.36940060522636653,
            "brake": 0.1873313825547149,
            "steer": 0.0
        },
        {
            "throttle": 0.4196171379973378,
            "brake": 0.1311319677883004,
            "steer": 0.0
        },
        {
            "throttle": 0.46078710697901026,
            "brake": 0.09179237745181028,
            "steer": 0.0
        },
        {
            "throttle": 0.4947550848445459,
            "brake": 0.06425466421626719,
            "steer": 0.0
        },
        {
            "throttle": 0.5227467023423046,
            "brake": 0.04497826495138703,
            "steer": 0.0
        },
        {
            "throttle": 0.5455662372393675,
            "brake": 0.031484785465970916,
            "steer": 0.0
        },
        {
            "throttle": 0.5637356099650707,
            "brake": 0.02203934982617964,
            "steer": 0.0
        },
        {
            "throttle": 0.5775922036199254,
            "brake": 0.015427544878325745,
            "steer": 0.0
        },
        {
            "throttle": 0.5873576940547841,
            "brake": 0.010799281414828022,
            "steer": 0.0
        },
        {
            "throttle": 0.5931864154792278,
            "brake": 0.007559496990379615,
            "steer": 0.0
        },
        {
            "throttle": 0.5951992270702611,
            "brake": 0.0052916478932657305,
            "steer": 0.0
        },
        {
            "throttle": 0.5935070562750363,
            "brake": 0.0037041535252860113,
            "steer": 0.0
        },
        {
            "throttle": 0.5882270438730579,
            "brake": 0.0025929074677002078,
            "steer": 0.0
        },
        {
            "throttle": 0.5794933426129314,
            "brake": 0.0018150352273901453,
            "steer": 0.0
        },
        {
            "throttle": 0.5674640120984893,
            "brake": 0.0012705246591731016,
            "steer": 0.0
        },
        {
            "throttle": 0.552325028254439,
            "brake": 0.000889367261421171,
            "steer": 0.0
        },
        {
            "throttle": 0.5342921306061743,
            "brake": 0.0006225570829948197,
            "steer": 0.0
        },
        {
            "throttle": 0.5136110258548273,
            "brake": 0.0004357899580963738,
            "steer": 0.0
        },
        {
            "throttle": 0.49055632455885734,
            "brake": 0.00030505297066746166,
            "steer": 0.0
        },
        {
            "throttle": 0.46542949004565487,
            "brake": 0.00021353707946722314,
            "steer": 0.0
        },
        {
            "throttle": 0.43855601158064905,
            "brake": 0.00014947595562705618,
            "steer": 0.0
        },
        {
            "throttle": 0.41028196792777955,
            "brake": 0.00010463316893893932,
            "steer": 0.0
        },
        {
            "throttle": 0.3809701161576311,
            "brake": 7.324321825725753e-05,
            "steer": 0.0
        },
        {
            "throttle": 0.3509956192768334,
            "brake": 5.127025278008026e-05,
            "steer": 0.0
        },
        {
            "throttle": 0.3207415117218539,
            "brake": 3.5889176946056184e-05,
            "steer": 0.0
        },
        {
            "throttle": 0.29059399170754635,
            "brake": 2.5122423862239328e-05,
            "steer": 0.0
        },
        {
            "throttle": 0.2609376222520857,
            "brake": 1.7585696703567527e-05,
            "steer": 0.0
        },
        {
            "throttle": 0.23215051730131914,
            "brake": 1.2309987692497268e-05,
            "steer": 0.0
        },
        {
            "throttle": 0.20459958497222636,
            "brake": 8.616991384748087e-06,
            "steer": 0.0
        },
        {
            "throttle": 0.17863589599262938,
            "brake": 6.03189396932366e-06,
            "steer": 0.0
        },
        {
            "throttle": 0.1545902415693613,
            "brake": 4.222325778526562e-06,
            "steer": 0.0
        },
        {
            "throttle": 0.13276894092938898,
            "brake": 2.955628044968593e-06,
            "steer": 0.0
        },
        {
            "throttle": 0.11344995449611366,
            "brake": 2.068939631478015e-06,
            "steer": 0.0
        },
        {
            "throttle": 0.0968793539989901,
            "brake": 1.4482577420346104e-06,
            "steer": 0.0
        },
        {
            "throttle": 0.08326819572885218,
            "brake": 1.0137804194242273e-06,
            "steer": 0.0
        },
        {
            "throttle": 0.07278983763919734,
            "brake": 7.09646293596959e-07,
            "steer": 0.0
        },
        {
            "throttle": 0.06557773507672791,
            "brake": 4.967524055178713e-07,
            "steer": 0.0
        },
        {
            "throttle": 0.061723743643977216,
            "brake": 3.4772668386250987e-07,
            "steer": 0.0
        },
        {
            "throttle": 0.06127695110901325,
            "brake": 2.434086787037569e-07,
            "steer": 0.0
        },
        {
            "throttle": 0.06424305344922268,
            "brake": 1.703860750926298e-07,
            "steer": 0.0
        },
        {
            "throttle": 0.07058428312330833,
            "brake": 1.1927025256484087e-07,
            "steer": 0.0
        },
        {
            "throttle": 0.08021989058876136,
            "brake": 8.348917679538861e-08,
            "steer": 0.0
        },
        {
            "throttle": 0.09302717300559263,
            "brake": 5.8442423756772025e-08,
            "steer": 0.0
        },
        {
            "throttle": 0.10884303707713887,
            "brake": 4.090969662974042e-08,
            "steer": 0.0
        },
        {
            "throttle": 0.12746607616150699,
            "brake": 2.863678764081829e-08,
            "steer": 0.0
        },
        {
            "throttle": 0.14865913522753607,
            "brake": 2.00457513485728e-08,
            "steer": 0.0
        },
        {
            "throttle": 0.17215233100920513,
            "brake": 1.403202594400096e-08,
            "steer": 0.0
        },
        {
            "throttle": 0.19764648891043515,
            "brake": 9.822418160800671e-09,
            "steer": 0.0
        },
        {
            "throttle": 0.22481695290144849,
            "brake": 6.875692712560469e-09,
            "steer": 0.0
        },
        {
            "throttle": 0.2533177198954074,
            "brake": 4.812984898792328e-09,
            "steer": 0.0
        },
        {
            "throttle": 0.2827858459601509,
            "brake": 3.3690894291546294e-09,
            "steer": 0.0
        },
        {
            "throttle": 0.31284606825690103,
            "brake": 2.3583626004082406e-09,
            "steer": 0.0
        },
        {
            "throttle": 0.34311558384974333,
            "brake": 1.6508538202857684e-09,
            "steer": 0.0
        },
        {
            "throttle": 0.3732089245313955,
            "brake": 1.1555976742000379e-09,
            "steer": 0.0
        },
        {
            "throttle": 0.2612462471719768,
            "brake": 0.23407423818032014,
            "steer": 0.0
        },
        {
            "throttle": 0.18287237302038375,
            "brake": 0.39792620409762586,
            "steer": 0.0
        },
        {
            "throttle": 0.12801066111426862,
            "brake": 0.5126225802397398,
            "steer": 0.0
        },
        {
            "throttle": 0.08960746277998803,
            "brake": 0.5929100435392196,
            "steer": 0.0
        },
        {
            "throttle": 0.06272522394599161,
            "brake": 0.6491112678488555,
            "steer": 0.0
        },
        {
            "throttle": 0.04390765676219413,
            "brake": 0.6884521248656006,
            "steer": 0.0
        },
        {
            "throttle": 0.03073535973353589,
            "brake": 0.7159907247773221,
            "steer": 0.0
        },
        {
            "throttle": 0.02151475181347512,
            "brake": 0.7352677447155271,
            "steer": 0.0
        },
        {
            "throttle": 0.015060326269432583,
            "brake": 0.7487616586722707,
            "steer": 0.0
        },
        {
            "throttle": 0.010542228388602807,
            "brake": 0.7582073984419913,
            "steer": 0.0
        },
        {
            "throttle": 0.007379559872021964,
            "brake": 0.7648194162807956,
            "steer": 0.0
        },
        {
            "throttle": 0.005165691910415374,
            "brake": 0.7694478287679587,
            "steer": 0.0
        },
        {
            "throttle": 0.0036159843372907618,
            "brake": 0.7726877175089728,
            "steer": 0.0
        },
        {
            "throttle": 0.002531189036103533,
            "brake": 0.7749556396276827,
            "steer": 0.0
        },
        {
            "throttle": 0.001771832325272473,
            "brake": 0.7765431851107796,
            "steer": 0.0
        },
        {
            "throttle": 0.0012402826276907309,
            "brake": 0.7776544669489475,
            "steer": 0.0
        },
        {
            "throttle": 0.0008681978393835115,
            "brake": 0.778432364235665,
            "steer": 0.0
        },
        {
            "throttle": 0.000607738487568458,
            "brake": 0.7789768923363672,
            "steer": 0.0
        },
        {
            "throttle": 0.00042541694129792054,
            "brake": 0.7793580620068588,
            "steer": 0.0
        },
        {
            "throttle": 0.0002977918589085444,
            "brake": 0.7796248807762028,
            "steer": 0.0
        },
        {
            "throttle": 0.00020845430123598104,
            "brake": 0.7798116539147437,
            "steer": 0.0
        },
        {
            "throttle": 0.00014591801086518672,
            "brake": 0.7799423951117224,
            "steer": 0.0
        },
        {
            "throttle": 0.0001021426076056307,
            "brake": 0.7800339139496074,
            "steer": 0.0
        },
        {
            "throttle": 7.149982532394149e-05,
            "brake": 0.7800979771361269,
            "steer": 0.0
        },
        {
            "throttle": 5.004987772675904e-05,
            "brake": 0.7801428213666906,
            "steer": 0.0
        },
        {
            "throttle": 3.503491440873133e-05,
            "brake": 0.7801742123280851,
            "steer": 0.0
        },
        {
            "throttle": 2.452444008611193e-05,
            "brake": 0.7801961860010613,
            "steer": 0.0
        },
        {
            "throttle": 1.716710806027835e-05,
            "brake": 0.7802115675721446,
            "steer": 0.0
        },
        {
            "throttle": 1.2016975642194845e-05,
            "brake": 0.7802223346719029,
            "steer": 0.0
        },
        {
            "throttle": 0.046828915745442276,
            "brake": 0.546155634270332,
            "steer": 0.0
        },
        {
            "throttle": 0.0724438743718809,
            "brake": 0.3823089439892324,
            "steer": 0.0
        },
        {
            "throttle": 0.08397034984303633,
            "brake": 0.26761626079246265,
            "steer": 0.0
        },
        {
            "throttle": 0.08646931396559272,
            "brake": 0.18733138255472384,
            "steer": 0.0
        },
        {
            "throttle": 0.08355437287998765,
            "brake": 0.13113196778830669,
            "steer": 0.0
        },
        {
            "throttle": 0.07781444751286319,
            "brake": 0.09179237745181468,
            "steer": 0.0
        },
        {
            "throttle": 0.07110889350525382,
            "brake": 0.06425466421627027,
            "steer": 0.0
        },
        {
            "throttle": 0.06477348522566723,
            "brake": 0.04497826495138919,
            "steer": 0.0
        },
        {
            "throttle": 0.05976416873438483,
            "brake": 0.03148478546597243,
            "steer": 0.0
        },
        {
            "throttle": 0.056757422655692696,
            "brake": 0.0220393498261807,
            "steer": 0.0
        },
        {
            "throttle": 0.0562204176177086,
            "brake": 0.01542754487832649,
            "steer": 0.0
        },
        {
            "throttle": 0.058460208908057865,
            "brake": 0.010799281414828542,
            "steer": 0.0
        },
        {
            "throttle": 0.06365842556706855,
            "brake": 0.007559496990379979,
            "steer": 0.0
        },
        {
            "throttle": 0.0718959769361012,
            "brake": 0.0052916478932659855,
            "steer": 0.0
        },
        {
            "throttle": 0.08317093597156644,
            "brake": 0.0037041535252861895,
            "steer": 0.0
        },
        {
            "throttle": 0.09741180334481558,
            "brake": 0.0025929074677003327,
            "steer": 0.0
        },
        {
            "throttle": 0.11448768564486536,
            "brake": 0.0018150352273902327,
            "steer": 0.0
        },
        {
            "throttle": 0.13421644962965518,
            "brake": 0.0012705246591731628,
            "steer": 0.0
        },
        {
            "throttle": 0.15637158277749813,
            "brake": 0.0008893672614212138,
            "steer": 0.0
        },
        {
            "throttle": 0.1806882566373746,
            "brake": 0.0006225570829948496,
            "steer": 0.0
        },
        {
            "throttle": 0.20686892446932637,
            "brake": 0.0004357899580963947,
            "steer": 0.0
        },
        {
            "throttle": 0.23458866798524533,
            "brake": 0.0003050529706674763,
            "steer": 0.0
        },
        {
            "throttle": 0.263500425367346,
            "brake": 0.00021353707946723338,
            "steer": 0.0
        },
        {
            "throttle": 0.29324017417381687,
            "brake": 0.00014947595562706336,
            "steer": 0.0
        },
        {
            "throttle": 0.32343210125987476,
            "brake": 0.00010463316893894435,
            "steer": 0.0
        },
        {
            "throttle": 0.35369376256875534,
            "brake": 7.324321825726104e-05,
            "steer": 0.0
        },
        {
            "throttle": 0.38364121516885563,
            "brake": 5.127025278008272e-05,
            "steer": 0.0
        },
        {
            "throttle": 0.41289408984154496,
            "brake": 3.5889176946057905e-05,
            "steer": 0.0
        },
        {
            "throttle": 0.44108056318363276,
            "brake": 2.512242386224053e-05,
            "steer": 0.0
        },
        {
            "throttle": 0.46784218239980185,
            "brake": 1.758569670356837e-05,
            "steer": 0.0
        },
        {
            "throttle": 0.4928384928884246,
            "brake": 1.230998769249786e-05,
            "steer": 0.0
        },
        {
            "throttle": 0.5157514177720366,
            "brake": 8.616991384748502e-06,
            "steer": 0.0
        },
        {
            "throttle": 0.5362893392581856,
            "brake": 6.0318939693239506e-06,
            "steer": 0.0
        },
        {
            "throttle": 0.5541908338163207,
            "brake": 4.222325778526765e-06,
            "steer": 0.0
        },
        {
            "throttle": 0.5692280163769083,
            "brake": 2.9556280449687353e-06,
            "steer": 0.0
        },
        {
            "throttle": 0.3984596114638358,
            "brake": 0.23407630631103324,
            "steer": 0.0
        },
        {
            "throttle": 0.278921728024685,
            "brake": 0.39792765178912504,
            "steer": 0.0
        },
        {
            "throttle": 0.1952452096172795,
            "brake": 0.5126235936237893,
            "steer": 0.0
        },
        {
            "throttle": 0.13667164673209564,
            "brake": 0.5929107529080542,
            "steer": 0.0
        },
        {
            "throttle": 0.09567015271246694,
            "brake": 0.6491117644070397,
            "steer": 0.0
        },
        {
            "throttle": 0.06696910689872686,
            "brake": 0.6884524724563295,
            "steer": 0.0
        },
        {
            "throttle": 0.046878374829108796,
            "brake": 0.7159909680908323,
            "steer": 0.0
        },
        {
            "throttle": 0.032814862380376154,
            "brake": 0.7352679150349843,
            "steer": 0.0
        },
        {
            "throttle": 0.022970403666263305,
            "brake": 0.7487617778958908,
            "steer": 0.0
        },
        {
            "throttle": 0.01607928256638431,
            "brake": 0.7582074818985253,
            "steer": 0.0
        },
        {
            "throttle": 0.011255497796469017,
            "brake": 0.7648194747003694,
            "steer": 0.0
        },
        {
            "throttle": 0.007878848457528311,
            "brake": 0.7694478696616602,
            "steer": 0.0
        },
        {
            "throttle": 0.005515193920269818,
            "brake": 0.7726877461345639,
            "steer": 0.0
        },
        {
            "throttle": 0.0038606357441888723,
            "brake": 0.7749556596655964,
            "steer": 0.0
        },
        {
            "throttle": 0.0027024450209322103,
            "brake": 0.7765431991373192,
            "steer": 0.0
        },
        {
            "throttle": 0.001891711514652547,
            "brake": 0.7776544767675252,
            "steer": 0.0
        },
        {
            "throttle": 0.0013241980602567828,
            "brake": 0.7784323711086694,
            "steer": 0.0
        },
        {
            "throttle": 0.0009269386421797479,
            "brake": 0.7789768971474703,
            "steer": 0.0
        },
        {
            "throttle": 0.0006488570495258235,
            "brake": 0.7793580653746309,
            "steer": 0.0
        },
        {
            "throttle": 0.0004541999346680764,
            "brake": 0.7796248831336434,
            "steer": 0.0
        }
    ],
    "parameters": {
        "fog_density": 40.85978420620526,
        "precipitation": 41.7411003148779,
        "precipitation_deposits": 22.210781047073024,
        "wind_intensity": 5.99326836668414,
        "sun_altitude_angle": 10.513820568435357,
        "cloudiness": 94.29097039125192,
        "lead_base_throttle": 0.3292811728083021,
        "lead_behavior_frequency": 0.17969765543584154,
        "lead_throttle_variation": 0.28120758355807113,
        "lead_brake_probability": 0.1090888807137882,
        "lead_brake_intensity": 0.7802474579046725,
        "lead_brake_duration": 29.061182373552782,
        "initial_distance": 31.36584922864867,
        "initial_ego_velocity": 12.45872758838578,
        "initial_lead_velocity": 11.017566196335393
    },
    "config": {
        "num_timesteps": 200,
        "dt": 0.1,
        "seed": 43
    }
}