{
    "weather": {
        "cloudiness": 29.132317654591567,
        "precipitation": 99.31266944556893,
        "precipitation_deposits": 44.91683802047375,
        "wind_intensity": 18.061528625198093,
        "sun_altitude_angle": 8.787658342376815,
        "fog_density": 77.86087934591988,
        "fog_distance": 74.61881103865342,
        "wetness": 49.656334722784464
    },
    "initial_conditions": {
        "ego": {
            "position": {
                "x": 536.3521020231726,
                "y": 20.57,
                "z": 0.294
            },
            "yaw": 0.0,
            "velocity": 18.350629576785586
        },
        "lead": {
            "position": {
                "x": 484.88,
                "y": 20.57,
                "z": 0.294
            },
            "yaw": 0.0,
            "velocity": 24.608952702024563
        }
    },
    "ego": {
        "position": {
            "x": 536.3521020231726,
            "y": 20.57,
            "z": 0.294
        },
        "yaw": 0.0,
        "velocity": 18.350629576785586
    },
    "lead": {
        "position": {
            "x": 484.88,
            "y": 20.57,
            "z": 0.294
        },
        "yaw": 0.0,
        "velocity": 24.608952702024563
    },
    "ado_actions": [
        {
            "throttle": 0.5897294591777782,
            "brake": 0.0,
            "steer": 0.0
        },
        {
            "throttle": 0.59330955779285,
            "brake": 0.0,
            "steer": 0.0
        },
        {
            "throttle": 0.5993881757021857,
            "brake": 0.0,
            "steer": 0.0
        },
        {
            "throttle": 0.6072006735658685,
            "brake": 0.0,
            "steer": 0.0
        },
        {
            "throttle": 0.6162043018389014,
            "brake": 0.0,
            "steer": 0.0
        },
        {
            "throttle": 0.6260116814613114,
            "brake": 0.0,
            "steer": 0.0
        },
        {
            "throttle": 0.6363442560610653,
            "brake": 0.0,
            "steer": 0.0
        },
        {
            "throttle": 0.6469997240823662,
            "brake": 0.0,
            "steer": 0.0
        },
        {
            "throttle": 0.6578292566952568,
            "brake": 0.0,
            "steer": 0.0
        },
        {
            "throttle": 0.6687215655531635,
            "brake": 0.0,
            "steer": 0.0
        },
        {
            "throttle": 0.679591765212924,
            "brake": 0.0,
            "steer": 0.0
        },
        {
            "throttle": 0.6903735915558719,
            "brake": 0.0,
            "steer": 0.0
        },
        {
            "throttle": 0.7010139691159201,
            "brake": 0.0,
            "steer": 0.0
        },
        {
            "throttle": 0.7114692223183654,
            "brake": 0.0,
            "steer": 0.0
        },
        {
            "throttle": 0.721702437102269,
            "brake": 0.0,
            "steer": 0.0
        },
        {
            "throttle": 0.7316816274283999,
            "brake": 0.0,
            "steer": 0.0
        },
        {
            "throttle": 0.7413784647959379,
            "brake": 0.0,
            "steer": 0.0
        },
        {
            "throttle": 0.7507674014268358,
            "brake": 0.0,
            "steer": 0.0
        },
        {
            "throttle": 0.7598250685526667,
            "brake": 0.0,
            "steer": 0.0
        },
        {
            "throttle": 0.7685298667829056,
            "brake": 0.0,
            "steer": 0.0
        },
        {
            "throttle": 0.7768616904155148,
            "brake": 0.0,
            "steer": 0.0
        },
        {
            "throttle": 0.7848017449691367,
            "brake": 0.0,
            "steer": 0.0
        },
        {
            "throttle": 0.7923324294102294,
            "brake": 0.0,
            "steer": 0.0
        },
        {
            "throttle": 0.7994372630854898,
            "brake": 0.0,
            "steer": 0.0
        },
        {
            "throttle": 0.8061008433470381,
            "brake": 0.0,
            "steer": 0.0
        },
        {
            "throttle": 0.8123088240430961,
            "brake": 0.0,
            "steer": 0.0
        },
        {
            "throttle": 0.818047907977878,
            "brake": 0.0,
            "steer": 0.0
        },
        {
            "throttle": 0.8233058484974474,
            "brake": 0.0,
            "steer": 0.0
        },
        {
            "throttle": 0.8280714567967925,
            "brake": 0.0,
            "steer": 0.0
        },
        {
            "throttle": 0.8323346125517281,
            "brake": 0.0,
            "steer": 0.0
        },
        {
            "throttle": 0.8360862761865147,
            "brake": 0.0,
            "steer": 0.0
        },
        {
            "throttle": 0.8393185015846463,
            "brake": 0.0,
            "steer": 0.0
        },
        {
            "throttle": 0.8420244483993217,
            "brake": 0.0,
            "steer": 0.0
        },
        {
            "throttle": 0.8441983933659682,
            "brake": 0.0,
            "steer": 0.0
        },
        {
            "throttle": 0.8458357401927884,
            "brake": 0.0,
            "steer": 0.0
        },
        {
            "throttle": 0.8469330277283518,
            "brake": 0.0,
            "steer": 0.0
        },
        {
            "throttle": 0.8474879361929262,
            "brake": 0.0,
            "steer": 0.0
        },
        {
            "throttle": 0.847499291323146,
            "brake": 0.0,
            "steer": 0.0
        },
        {
            "throttle": 0.8469670663251982,
            "brake": 0.0,
            "steer": 0.0
        },
        {
            "throttle": 0.8458923815651487,
            "brake": 0.0,
            "steer": 0.0
        },
        {
            "throttle": 0.8442775019499836,
            "brake": 0.0,
            "steer": 0.0
        },
        {
            "throttle": 0.8421258319719318,
            "brake": 0.0,
            "steer": 0.0
        },
        {
            "throttle": 0.8394419084034501,
            "brake": 0.0,
            "steer": 0.0
        },
        {
            "throttle": 0.8362313906421274,
            "brake": 0.0,
            "steer": 0.0
        },
        {
            "throttle": 0.8325010487145657,
            "brake": 0.0,
            "steer": 0.0
        },
        {
            "throttle": 0.8282587489566214,
            "brake": 0.0,
            "steer": 0.0
        },
        {
            "throttle": 0.8235134373946673,
            "brake": 0.0,
            "steer": 0.0
        },
        {
            "throttle": 0.8182751208590412,
            "brake": 0.0,
            "steer": 0.0
        },
        {
            "throttle": 0.8125548458667979,
            "brake": 0.0,
            "steer": 0.0
        },
        {
            "throttle": 0.8063646753163959,
            "brake": 0.0,
            "steer": 0.0
        },
        {
            "throttle": 0.7997176630421339,
            "brake": 0.0,
            "steer": 0.0
        },
        {
            "throttle": 0.7926278262810681,
            "brake": 0.0,
            "steer": 0.0
        },
        {
            "throttle": 0.7851101161098202,
            "brake": 0.0,
            "steer": 0.0
        },
        {
            "throttle": 0.7771803859131613,
            "brake": 0.0,
            "steer": 0.0
        },
        {
            "throttle": 0.7688553579505483,
            "brake": 0.0,
            "steer": 0.0
        },
        {
            "throttle": 0.7601525880908923,
            "brake": 0.0,
            "steer": 0.0
        },
        {
            "throttle": 0.7510904287897712,
            "brake": 0.0,
            "steer": 0.0
        },
        {
            "throttle": 0.7416879903870507,
            "brake": 0.0,
            "steer": 0.0
        },
        {
            "throttle": 0.7319651008064522,
            "brake": 0.0,
            "steer": 0.0
        },
        {
            "throttle": 0.7219422637419999,
            "brake": 0.0,
            "steer": 0.0
        },
        {
            "throttle": 0.7116406154194876,
            "brake": 0.0,
            "steer": 0.0
        },
        {
            "throttle": 0.7010818800241185,
            "brake": 0.0,
            "steer": 0.0
        },
        {
            "throttle": 0.6902883238882962,
            "brake": 0.0,
            "steer": 0.0
        },
        {
            "throttle": 0.6792827085361604,
            "brake": 0.0,
            "steer": 0.0
        },
        {
            "throttle": 0.6680882426838823,
            "brake": 0.0,
            "steer": 0.0
        },
        {
            "throttle": 0.656728533296931,
            "brake": 0.0,
            "steer": 0.0
        },
        {
            "throttle": 0.6452275358075206,
            "brake": 0.0,
            "steer": 0.0
        },
        {
            "throttle": 0.6336095035972148,
            "brake": 0.0,
            "steer": 0.0
        },
        {
            "throttle": 0.6218989368512198,
            "brake": 0.0,
            "steer": 0.0
        },
        {
            "throttle": 0.6101205308922185,
            "brake": 0.0,
            "steer": 0.0
        },
        {
            "throttle": 0.5982991241027008,
            "brake": 0.0,
            "steer": 0.0
        },
        {
            "throttle": 0.5864596455456095,
            "brake": 0.0,
            "steer": 0.0
        },
        {
            "throttle": 0.5746270623937602,
            "brake": 0.0,
            "steer": 0.0
        },
        {
            "throttle": 0.5628263272788957,
            "brake": 0.0,
            "steer": 0.0
        },
        {
            "throttle": 0.5510823256714056,
            "brake": 0.0,
            "steer": 0.0
        },
        {
            "throttle": 0.5394198234016754,
            "brake": 0.0,
            "steer": 0.0
        },
        {
            "throttle": 0.5278634144337352,
            "brake": 0.0,
            "steer": 0.0
        },
        {
            "throttle": 0.5164374690013405,
            "brake": 0.0,
            "steer": 0.0
        },
        {
            "throttle": 0.5051660822158571,
            "brake": 0.0,
            "steer": 0.0
        },
        {
            "throttle": 0.4940730232543268,
            "brake": 0.0,
            "steer": 0.0
        },
        {
            "throttle": 0.4831816852348646,
            "brake": 0.0,
            "steer": 0.0
        },
        {
            "throttle": 0.47251503588509264,
            "brake": 0.0,
            "steer": 0.0
        },
        {
            "throttle": 0.4620955691076397,
            "brake": 0.0,
            "steer": 0.0
        },
        {
            "throttle": 0.45194525754484666,
            "brake": 0.0,
            "steer": 0.0
        },
        {
            "throttle": 0.4420855062427089,
            "brake": 0.0,
            "steer": 0.0
        },
        {
            "throttle": 0.43253710751176966,
            "brake": 0.0,
            "steer": 0.0
        },
        {
            "throttle": 0.4233201970801545,
            "brake": 0.0,
            "steer": 0.0
        },
        {
            "throttle": 0.41445421163121104,
            "brake": 0.0,
            "steer": 0.0
        },
        {
            "throttle": 0.40595784781529887,
            "brake": 0.0,
            "steer": 0.0
        },
        {
            "throttle": 0.39784902282216605,
            "brake": 0.0,
            "steer": 0.0
        },
        {
            "throttle": 0.3901448365970581,
            "brake": 0.0,
            "steer": 0.0
        },
        {
            "throttle": 0.38286153578023685,
            "brake": 0.0,
            "steer": 0.0
        },
        {
            "throttle": 0.37601447944595523,
            "brake": 0.0,
            "steer": 0.0
        },
        {
            "throttle": 0.36961810671313705,
            "brake": 0.0,
            "steer": 0.0
        },
        {
            "throttle": 0.36368590629606495,
            "brake": 0.0,
            "steer": 0.0
        },
        {
            "throttle": 0.3582303880592882,
            "brake": 0.0,
            "steer": 0.0
        },
        {
            "throttle": 0.35326305663673496,
            "brake": 0.0,
            "steer": 0.0
        },
        {
            "throttle": 0.34879438717066236,
            "brake": 0.0,
            "steer": 0.0
        },
        {
            "throttle": 0.3448338032216054,
            "brake": 0.0,
            "steer": 0.0
        },
        {
            "throttle": 0.34138965689590817,
            "brake": 0.0,
            "steer": 0.0
        },
        {
            "throttle": 0.3384692112327455,
            "brake": 0.0,
            "steer": 0.0
        },
        {
            "throttle": 0.33607862488777646,
            "brake": 0.0,
            "steer": 0.0
        },
        {
            "throttle": 0.3342229391457294,
            "brake": 0.0,
            "steer": 0.0
        },
        {
            "throttle": 0.3329060672893068,
            "brake": 0.0,
            "steer": 0.0
        },
        {
            "throttle": 0.3321307863468276,
            "brake": 0.0,
            "steer": 0.0
        },
        {
            "throttle": 0.3318987312360113,
            "brake": 0.0,
            "steer": 0.0
        },
        {
            "throttle": 0.3322103913162526,
            "brake": 0.0,
            "steer": 0.0
        },
        {
            "throttle": 0.33306510935665634,
            "brake": 0.0,
            "steer": 0.0
        },
        {
            "throttle": 0.33446108292201115,
            "brake": 0.0,
            "steer": 0.0
        },
        {
            "throttle": 0.3363953681737768,
            "brake": 0.0,
            "steer": 0.0
        },
        {
            "throttle": 0.3388638860780706,
            "brake": 0.0,
            "steer": 0.0
        },
        {
            "throttle": 0.3418614310075624,
            "brake": 0.0,
            "steer": 0.0
        },
        {
            "throttle": 0.3453816817191363,
            "brake": 0.0,
            "steer": 0.0
        },
        {
            "throttle": 0.34941721468417153,
            "brake": 0.0,
            "steer": 0.0
        },
        {
            "throttle": 0.35395951974332973,
            "brake": 0.0,
            "steer": 0.0
        },
        {
            "throttle": 0.35899901805283696,
            "brake": 0.0,
            "steer": 0.0
        },
        {
            "throttle": 0.3645250822844144,
            "brake": 0.0,
            "steer": 0.0
        },
        {
            "throttle": 0.37052605903626057,
            "brake": 0.0,
            "steer": 0.0
        },
        {
            "throttle": 0.37698929340782433,
            "brake": 0.0,
            "steer": 0.0
        },
        {
            "throttle": 0.3839011556865448,
            "brake": 0.0,
            "steer": 0.0
        },
        {
            "throttle": 0.39124707009028215,
            "brake": 0.0,
            "steer": 0.0
        },
        {
            "throttle": 0.399011545504826,
            "brake": 0.0,
            "steer": 0.0
        },
        {
            "throttle": 0.407178208151662,
            "brake": 0.0,
            "steer": 0.0
        },
        {
            "throttle": 0.41572983611710757,
            "brake": 0.0,
            "steer": 0.0
        },
        {
            "throttle": 0.42464839567000046,
            "brake": 0.0,
            "steer": 0.0
        },
        {
            "throttle": 0.43391507929135337,
            "brake": 0.0,
            "steer": 0.0
        },
        {
            "throttle": 0.44351034533577804,
            "brake": 0.0,
            "steer": 0.0
        },
        {
            "throttle": 0.45341395924103955,
            "brake": 0.0,
            "steer": 0.0
        },
        {
            "throttle": 0.46360503619883897,
            "brake": 0.0,
            "steer": 0.0
        },
        {
            "throttle": 0.47406208519683873,
            "brake": 0.0,
            "steer": 0.0
        },
        {
            "throttle": 0.48476305433905564,
            "brake": 0.0,
            "steer": 0.0
        },
        {
            "throttle": 0.49568537734904883,
            "brake": 0.0,
            "steer": 0.0
        },
        {
            "throttle": 0.5068060211578371,
            "brake": 0.0,
            "steer": 0.0
        },
        {
            "throttle": 0.5181015344761912,
            "brake": 0.0,
            "steer": 0.0
        },
        {
            "throttle": 0.5295480972488718,
            "brake": 0.0,
            "steer": 0.0
        },
        {
            "throttle": 0.5411215708865236,
            "brake": 0.0,
            "steer": 0.0
        },
        {
            "throttle": 0.5527975491692972,
            "brake": 0.0,
            "steer": 0.0
        },
        {
            "throttle": 0.5645514097148511,
            "brake": 0.0,
            "steer": 0.0
        },
        {
            "throttle": 0.5763583659021986,
            "brake": 0.0,
            "steer": 0.0
        },
        {
            "throttle": 0.5881935191419029,
            "brake": 0.0,
            "steer": 0.0
        },
        {
            "throttle": 0.6000319113823916,
            "brake": 0.0,
            "steer": 0.0
        },
        {
            "throttle": 0.6118485777416657,
            "brake": 0.0,
            "steer": 0.0
        },
        {
            "throttle": 0.6236185991534116,
            "brake": 0.0,
            "steer": 0.0
        },
        {
            "throttle": 0.6353171549164982,
            "brake": 0.0,
            "steer": 0.0
        },
        {
            "throttle": 0.6469195750370402,
            "brake": 0.0,
            "steer": 0.0
        },
        {
            "throttle": 0.6584013922526483,
            "brake": 0.0,
            "steer": 0.0
        },
        {
            "throttle": 0.6697383936291584,
            "brake": 0.0,
            "steer": 0.0
        },
        {
            "throttle": 0.6809066716210324,
            "brake": 0.0,
            "steer": 0.0
        },
        {
            "throttle": 0.6918826744877519,
            "brake": 0.0,
            "steer": 0.0
        },
        {
            "throttle": 0.7026432559598891,
            "brake": 0.0,
            "steer": 0.0
        },
        {
            "throttle": 0.7131657240501168,
            "brake": 0.0,
            "steer": 0.0
        },
        {
            "throttle": 0.7234278889062256,
            "brake": 0.0,
            "steer": 0.0
        },
        {
            "throttle": 0.7334081096052348,
            "brake": 0.0,
            "steer": 0.0
        },
        {
            "throttle": 0.7430853397899183,
            "brake": 0.0,
            "steer": 0.0
        },
        {
            "throttle": 0.7524391720515053,
            "brake": 0.0,
            "steer": 0.0
        },
        {
            "throttle": 0.7614498809649628,
            "brake": 0.0,
            "steer": 0.0
        },
        {
            "throttle": 0.7700984646861059,
            "brake": 0.0,
            "steer": 0.0
        },
        {
            "throttle": 0.7783666850228157,
            "brake": 0.0,
            "steer": 0.0
        },
        {
            "throttle": 0.7862371058958632,
            "brake": 0.0,
            "steer": 0.0
        },
        {
            "throttle": 0.7936931301082314,
            "brake": 0.0,
            "steer": 0.0
        },
        {
            "throttle": 0.8007190343453972,
            "brake": 0.0,
            "steer": 0.0
        },
        {
            "throttle": 0.8073000023327637,
            "brake": 0.0,
            "steer": 0.0
        },
        {
            "throttle": 0.8134221560803213,
            "brake": 0.0,
            "steer": 0.0
        },
        {
            "throttle": 0.8190725851486468,
            "brake": 0.0,
            "steer": 0.0
        },
        {
            "throttle": 0.8242393738745258,
            "brake": 0.0,
            "steer": 0.0
        },
        {
            "throttle": 0.8289116264987846,
            "brake": 0.0,
            "steer": 0.0
        },
        {
            "throttle": 0.8330794901433409,
            "brake": 0.0,
            "steer": 0.0
        },
        {
            "throttle": 0.8367341755890204,
            "brake": 0.0,
            "steer": 0.0
        },
        {
            "throttle": 0.8398679758103212,
            "brake": 0.0,
            "steer": 0.0
        },
        {
            "throttle": 0.8424742822280424,
            "brake": 0.0,
            "steer": 0.0
        },
        {
            "throttle": 0.8445475986455003,
            "brake": 0.0,
            "steer": 0.0
        },
        {
            "throttle": 0.8460835528389454,
            "brake": 0.0,
            "steer": 0.0
        },
        {
            "throttle": 0.8470789057777378,
            "brake": 0.0,
            "steer": 0.0
        },
        {
            "throttle": 0.8475315584548366,
            "brake": 0.0,
            "steer": 0.0
        },
        {
            "throttle": 0.8474405563132006,
            "brake": 0.0,
            "steer": 0.0
        },
        {
            "throttle": 0.8468060912587643,
            "brake": 0.0,
            "steer": 0.0
        },
        {
            "throttle": 0.8456295012557458,
            "brake": 0.0,
            "steer": 0.0
        },
        {
            "throttle": 0.8439132675051386,
            "brake": 0.0,
            "steer": 0.0
        },
        {
            "throttle": 0.8416610092123378,
            "brake": 0.0,
            "steer": 0.0
        },
        {
            "throttle": 0.8388774759549353,
            "brake": 0.0,
            "steer": 0.0
        },
        {
            "throttle": 0.8355685376667787,
            "brake": 0.0,
            "steer": 0.0
        },
        {
            "throttle": 0.8317411722594146,
            "brake": 0.0,
            "steer": 0.0
        },
        {
            "throttle": 0.8274034509070209,
            "brake": 0.0,
            "steer": 0.0
        },
        {
            "throttle": 0.822564521025861,
            "brake": 0.0,
            "steer": 0.0
        },
        {
            "throttle": 0.8172345869841489,
            "brake": 0.0,
            "steer": 0.0
        },
        {
            "throttle": 0.8114248885830088,
            "brake": 0.0,
            "steer": 0.0
        },
        {
            "throttle": 0.8051476773539064,
            "brake": 0.0,
            "steer": 0.0
        },
        {
            "throttle": 0.7984161907225356,
            "brake": 0.0,
            "steer": 0.0
        },
        {
            "throttle": 0.7912446240936453,
            "brake": 0.0,
            "steer": 0.0
        },
        {
            "throttle": 0.7836481009156739,
            "brake": 0.0,
            "steer": 0.0
        },
        {
            "throttle": 0.7756426407883179,
            "brake": 0.0,
            "steer": 0.0
        },
        {
            "throttle": 0.7672451256802914,
            "brake": 0.0,
            "steer": 0.0
        },
        {
            "throttle": 0.7584732643285156,
            "brake": 0.0,
            "steer": 0.0
        },
        {
            "throttle": 0.7493455548938146,
            "brake": 0.0,
            "steer": 0.0
        },
        {
            "throttle": 0.7398812459518674,
            "brake": 0.0,
            "steer": 0.0
        },
        {
            "throttle": 0.7301002959016816,
            "brake": 0.0,
            "steer": 0.0
        },
        {
            "throttle": 0.7200233308771848,
            "brake": 0.0,
            "steer": 0.0
        },
        {
            "throttle": 0.7096716012506943,
            "brake": 0.0,
            "steer": 0.0
        },
        {
            "throttle": 0.6990669368199869,
            "brake": 0.0,
            "steer": 0.0
        },
        {
            "throttle": 0.6882317007734735,
            "brake": 0.0,
            "steer": 0.0
        }
    ],
    "parameters": {
        "fog_density": 77.86087934591988,
        "precipitation": 99.31266944556893,
        "precipitation_deposits": 44.91683802047375,
        "wind_intensity": 18.061528625198093,
        "sun_altitude_angle": 8.787658342376815,
        "cloudiness": 29.132317654591567,
        "lead_base_throttle": 0.5897294591777782,
        "lead_behavior_frequency": 0.0730931528272777,
        "lead_throttle_variation": 0.25993804561888145,
        "lead_brake_probability": 0.08130778703491146,
        "lead_brake_intensity": 0.1303670532080468,
        "lead_brake_duration": 20.93914227944549,
        "initial_distance": 51.47210202317259,
        "initial_ego_velocity": 18.350629576785586,
        "initial_lead_velocity": 24.608952702024563
    },
    "config": {
        "num_timesteps": 200,
        "dt": 0.1,
        "seed": 72
    }
}