{
    "weather": {
        "cloudiness": 0.08404417378309326,
        "precipitation": 53.279237656357296,
        "precipitation_deposits": 98.3582815728427,
        "wind_intensity": 25.91143868522164,
        "sun_altitude_angle": -6.245896222746094,
        "fog_density": 78.44501854678201,
        "fog_distance": 73.1799391019474,
        "wetness": 26.639618828178648
    },
    "initial_conditions": {
        "ego": {
            "position": {
                "x": 506.99701322807016,
                "y": 20.57,
                "z": 0.294
            },
            "yaw": 0.0,
            "velocity": 8.953329149213221
        },
        "lead": {
            "position": {
                "x": 484.88,
                "y": 20.57,
                "z": 0.294
            },
            "yaw": 0.0,
            "velocity": 13.56630967736397
        }
    },
    "ego": {
        "position": {
            "x": 506.99701322807016,
            "y": 20.57,
            "z": 0.294
        },
        "yaw": 0.0,
        "velocity": 8.953329149213221
    },
    "lead": {
        "position": {
            "x": 484.88,
            "y": 20.57,
            "z": 0.294
        },
        "yaw": 0.0,
        "velocity": 13.56630967736397
    },
    "ado_actions": [
        {
            "throttle": 0.2128322693547071,
            "brake": 0.0,
            "steer": 0.0
        },
        {
            "throttle": 0.2139055075293249,
            "brake": 0.0,
            "steer": 0.0
        },
        {
            "throttle": 0.21570670598853126,
            "brake": 0.0,
            "steer": 0.0
        },
        {
            "throttle": 0.21797136989420612,
            "brake": 0.0,
            "steer": 0.0
        },
        {
            "throttle": 0.2204925537986987,
            "brake": 0.0,
            "steer": 0.0
        },
        {
            "throttle": 0.22310507147017544,
            "brake": 0.0,
            "steer": 0.0
        },
        {
            "throttle": 0.22567488413538694,
            "brake": 0.0,
            "steer": 0.0
        },
        {
            "throttle": 0.2280920720066135,
            "brake": 0.0,
            "steer": 0.0
        },
        {
            "throttle": 0.23026626381839876,
            "brake": 0.0,
            "steer": 0.0
        },
        {
            "throttle": 0.23212372909295503,
            "brake": 0.0,
            "steer": 0.0
        },
        {
            "throttle": 0.23360557010529703,
            "brake": 0.0,
            "steer": 0.0
        },
        {
            "throttle": 0.2346666144900752,
            "brake": 0.0,
            "steer": 0.0
        },
        {
            "throttle": 0.23527472571333843,
            "brake": 0.0,
            "steer": 0.0
        },
        {
            "throttle": 0.23541033160557778,
            "brake": 0.0,
            "steer": 0.0
        },
        {
            "throttle": 0.23506603085021738,
            "brake": 0.0,
            "steer": 0.0
        },
        {
            "throttle": 0.23424618073210046,
            "brake": 0.0,
            "steer": 0.0
        },
        {
            "throttle": 0.23296640142976147,
            "brake": 0.0,
            "steer": 0.0
        },
        {
            "throttle": 0.23125295604820734,
            "brake": 0.0,
            "steer": 0.0
        },
        {
            "throttle": 0.22914198375777076,
            "brake": 0.0,
            "steer": 0.0
        },
        {
            "throttle": 0.22667857742383873,
            "brake": 0.0,
            "steer": 0.0
        },
        {
            "throttle": 0.2239157080698007,
            "brake": 0.0,
            "steer": 0.0
        },
        {
            "throttle": 0.22091300714808496,
            "brake": 0.0,
            "steer": 0.0
        },
        {
            "throttle": 0.21773542439643734,
            "brake": 0.0,
            "steer": 0.0
        },
        {
            "throttle": 0.21445178435850165,
            "brake": 0.0,
            "steer": 0.0
        },
        {
            "throttle": 0.21113326866844506,
            "brake": 0.0,
            "steer": 0.0
        },
        {
            "throttle": 0.20785185408553597,
            "brake": 0.0,
            "steer": 0.0
        },
        {
            "throttle": 0.2046787381173543,
            "brake": 0.0,
            "steer": 0.0
        },
        {
            "throttle": 0.20168278496412667,
            "brake": 0.0,
            "steer": 0.0
        },
        {
            "throttle": 0.19892902451238653,
            "brake": 0.0,
            "steer": 0.0
        },
        {
            "throttle": 0.19647723626004054,
            "brake": 0.0,
            "steer": 0.0
        },
        {
            "throttle": 0.19438064842468405,
            "brake": 0.0,
            "steer": 0.0
        },
        {
            "throttle": 0.192684780135579,
            "brake": 0.0,
            "steer": 0.0
        },
        {
            "throttle": 0.19142645160742844,
            "brake": 0.0,
            "steer": 0.0
        },
        {
            "throttle": 0.19063298361963588,
            "brake": 0.0,
            "steer": 0.0
        },
        {
            "throttle": 0.19032160356519268,
            "brake": 0.0,
            "steer": 0.0
        },
        {
            "throttle": 0.19049907088346024,
            "brake": 0.0,
            "steer": 0.0
        },
        {
            "throttle": 0.19116152995216623,
            "brake": 0.0,
            "steer": 0.0
        },
        {
            "throttle": 0.19229459359206436,
            "brake": 0.0,
            "steer": 0.0
        },
        {
            "throttle": 0.19387365534206752,
            "brake": 0.0,
            "steer": 0.0
        },
        {
            "throttle": 0.19586442370332627,
            "brake": 0.0,
            "steer": 0.0
        },
        {
            "throttle": 0.19822366673649583,
            "brake": 0.0,
            "steer": 0.0
        },
        {
            "throttle": 0.2009001508326397,
            "brake": 0.0,
            "steer": 0.0
        },
        {
            "throttle": 0.20383575326450754,
            "brake": 0.0,
            "steer": 0.0
        },
        {
            "throttle": 0.20696672435318536,
            "brake": 0.0,
            "steer": 0.0
        },
        {
            "throttle": 0.21022507183752184,
            "brake": 0.0,
            "steer": 0.0
        },
        {
            "throttle": 0.21354003738099478,
            "brake": 0.0,
            "steer": 0.0
        },
        {
            "throttle": 0.2168396331505384,
            "brake": 0.0,
            "steer": 0.0
        },
        {
            "throttle": 0.2200522050978266,
            "brake": 0.0,
            "steer": 0.0
        },
        {
            "throttle": 0.22310798899398618,
            "brake": 0.0,
            "steer": 0.0
        },
        {
            "throttle": 0.22594062542632382,
            "brake": 0.0,
            "steer": 0.0
        },
        {
            "throttle": 0.22848860085700384,
            "brake": 0.0,
            "steer": 0.0
        },
        {
            "throttle": 0.23069658344936977,
            "brake": 0.0,
            "steer": 0.0
        },
        {
            "throttle": 0.23251662465291395,
            "brake": 0.0,
            "steer": 0.0
        },
        {
            "throttle": 0.2339092004531415,
            "brake": 0.0,
            "steer": 0.0
        },
        {
            "throttle": 0.23484406967445398,
            "brake": 0.0,
            "steer": 0.0
        },
        {
            "throttle": 0.2353009306970817,
            "brake": 0.0,
            "steer": 0.0
        },
        {
            "throttle": 0.23526986232675506,
            "brake": 0.0,
            "steer": 0.0
        },
        {
            "throttle": 0.2347515392431569,
            "brake": 0.0,
            "steer": 0.0
        },
        {
            "throttle": 0.2337572173484549,
            "brake": 0.0,
            "steer": 0.0
        },
        {
            "throttle": 0.2323084893340694,
            "brake": 0.0,
            "steer": 0.0
        },
        {
            "throttle": 0.23043681577377662,
            "brake": 0.0,
            "steer": 0.0
        },
        {
            "throttle": 0.22818284192592048,
            "brake": 0.0,
            "steer": 0.0
        },
        {
            "throttle": 0.22559551508104933,
            "brake": 0.0,
            "steer": 0.0
        },
        {
            "throttle": 0.22273102162264974,
            "brake": 0.0,
            "steer": 0.0
        },
        {
            "throttle": 0.21965156688376195,
            "brake": 0.0,
            "steer": 0.0
        },
        {
            "throttle": 0.21642402429610533,
            "brake": 0.0,
            "steer": 0.0
        },
        {
            "throttle": 0.21311848316678725,
            "brake": 0.0,
            "steer": 0.0
        },
        {
            "throttle": 0.20980672661907185,
            "brake": 0.0,
            "steer": 0.0
        },
        {
            "throttle": 0.2065606727502426,
            "brake": 0.0,
            "steer": 0.0
        },
        {
            "throttle": 0.20345081285837055,
            "brake": 0.0,
            "steer": 0.0
        },
        {
            "throttle": 0.20054468065345157,
            "brake": 0.0,
            "steer": 0.0
        },
        {
            "throttle": 0.19790538569551966,
            "brake": 0.0,
            "steer": 0.0
        },
        {
            "throttle": 0.19559024290759072,
            "brake": 0.0,
            "steer": 0.0
        },
        {
            "throttle": 0.19364952792493034,
            "brake": 0.0,
            "steer": 0.0
        },
        {
            "throttle": 0.1921253853094776,
            "brake": 0.0,
            "steer": 0.0
        },
        {
            "throttle": 0.1910509133386381,
            "brake": 0.0,
            "steer": 0.0
        },
        {
            "throttle": 0.19044944524317045,
            "brake": 0.0,
            "steer": 0.0
        },
        {
            "throttle": 0.19033404250280256,
            "brake": 0.0,
            "steer": 0.0
        },
        {
            "throttle": 0.19070721120316886,
            "brake": 0.0,
            "steer": 0.0
        },
        {
            "throttle": 0.1915608476136606,
            "brake": 0.0,
            "steer": 0.0
        },
        {
            "throttle": 0.19287641416802034,
            "brake": 0.0,
            "steer": 0.0
        },
        {
            "throttle": 0.1946253420260866,
            "brake": 0.0,
            "steer": 0.0
        },
        {
            "throttle": 0.19676965147465889,
            "brake": 0.0,
            "steer": 0.0
        },
        {
            "throttle": 0.1992627766948589,
            "brake": 0.0,
            "steer": 0.0
        },
        {
            "throttle": 0.20205057698534246,
            "brake": 0.0,
            "steer": 0.0
        },
        {
            "throttle": 0.20507251248164096,
            "brake": 0.0,
            "steer": 0.0
        },
        {
            "throttle": 0.20826295883971396,
            "brake": 0.0,
            "steer": 0.0
        },
        {
            "throttle": 0.21155263233404809,
            "brake": 0.0,
            "steer": 0.0
        },
        {
            "throttle": 0.21487009442287522,
            "brake": 0.0,
            "steer": 0.0
        },
        {
            "throttle": 0.21814330310737545,
            "brake": 0.0,
            "steer": 0.0
        },
        {
            "throttle": 0.22130117739555177,
            "brake": 0.0,
            "steer": 0.0
        },
        {
            "throttle": 0.22427514089688316,
            "brake": 0.0,
            "steer": 0.0
        },
        {
            "throttle": 0.22700061102705765,
            "brake": 0.0,
            "steer": 0.0
        },
        {
            "throttle": 0.22941840148321946,
            "brake": 0.0,
            "steer": 0.0
        },
        {
            "throttle": 0.231476007533581,
            "brake": 0.0,
            "steer": 0.0
        },
        {
            "throttle": 0.23312874621005303,
            "brake": 0.0,
            "steer": 0.0
        },
        {
            "throttle": 0.2343407266434736,
            "brake": 0.0,
            "steer": 0.0
        },
        {
            "throttle": 0.23508562946963707,
            "brake": 0.0,
            "steer": 0.0
        },
        {
            "throttle": 0.23534727838054453,
            "brake": 0.0,
            "steer": 0.0
        },
        {
            "throttle": 0.23511999140906992,
            "brake": 0.0,
            "steer": 0.0
        },
        {
            "throttle": 0.23440870431854444,
            "brake": 0.0,
            "steer": 0.0
        },
        {
            "throttle": 0.2332288634177319,
            "brake": 0.0,
            "steer": 0.0
        },
        {
            "throttle": 0.23160609012882438,
            "brake": 0.0,
            "steer": 0.0
        },
        {
            "throttle": 0.22957562459269887,
            "brake": 0.0,
            "steer": 0.0
        },
        {
            "throttle": 0.22718156039410206,
            "brake": 0.0,
            "steer": 0.0
        },
        {
            "throttle": 0.22447588702546883,
            "brake": 0.0,
            "steer": 0.0
        },
        {
            "throttle": 0.22151736088322838,
            "brake": 0.0,
            "steer": 0.0
        },
        {
            "throttle": 0.21837022931403946,
            "brake": 0.0,
            "steer": 0.0
        },
        {
            "throttle": 0.2151028354195632,
            "brake": 0.0,
            "steer": 0.0
        },
        {
            "throttle": 0.21178613391783027,
            "brake": 0.0,
            "steer": 0.0
        },
        {
            "throttle": 0.208492150290753,
            "brake": 0.0,
            "steer": 0.0
        },
        {
            "throttle": 0.20529241667893186,
            "brake": 0.0,
            "steer": 0.0
        },
        {
            "throttle": 0.20225641848986053,
            "brake": 0.0,
            "steer": 0.0
        },
        {
            "throttle": 0.19945008545298218,
            "brake": 0.0,
            "steer": 0.0
        },
        {
            "throttle": 0.19693435988984193,
            "brake": 0.0,
            "steer": 0.0
        },
        {
            "throttle": 0.19476387329077735,
            "brake": 0.0,
            "steer": 0.0
        },
        {
            "throttle": 0.19298575993760436,
            "brake": 0.0,
            "steer": 0.0
        },
        {
            "throttle": 0.19163863333566566,
            "brake": 0.0,
            "steer": 0.0
        },
        {
            "throttle": 0.19075174768304054,
            "brake": 0.0,
            "steer": 0.0
        },
        {
            "throttle": 0.1903443625864491,
            "brake": 0.0,
            "steer": 0.0
        },
        {
            "throttle": 0.1904253248196787,
            "brake": 0.0,
            "steer": 0.0
        },
        {
            "throttle": 0.19099287620706534,
            "brake": 0.0,
            "steer": 0.0
        },
        {
            "throttle": 0.1920346918040323,
            "brake": 0.0,
            "steer": 0.0
        },
        {
            "throttle": 0.19352814754555703,
            "brake": 0.0,
            "steer": 0.0
        },
        {
            "throttle": 0.19544081155031345,
            "brake": 0.0,
            "steer": 0.0
        },
        {
            "throttle": 0.19773114841132966,
            "brake": 0.0,
            "steer": 0.0
        },
        {
            "throttle": 0.2003494211787866,
            "brake": 0.0,
            "steer": 0.0
        },
        {
            "throttle": 0.20323877144750196,
            "brake": 0.0,
            "steer": 0.0
        },
        {
            "throttle": 0.2063364540939218,
            "brake": 0.0,
            "steer": 0.0
        },
        {
            "throttle": 0.20957519984907402,
            "brake": 0.0,
            "steer": 0.0
        },
        {
            "throttle": 0.2128846761178534,
            "brake": 0.0,
            "steer": 0.0
        },
        {
            "throttle": 0.21619301432148907,
            "brake": 0.0,
            "steer": 0.0
        },
        {
            "throttle": 0.21942837059543027,
            "brake": 0.0,
            "steer": 0.0
        },
        {
            "throttle": 0.22252048595053753,
            "brake": 0.0,
            "steer": 0.0
        },
        {
            "throttle": 0.22540221201712377,
            "brake": 0.0,
            "steer": 0.0
        },
        {
            "throttle": 0.22801096923879022,
            "brake": 0.0,
            "steer": 0.0
        },
        {
            "throttle": 0.23029010584992435,
            "brake": 0.0,
            "steer": 0.0
        },
        {
            "throttle": 0.23219012812530687,
            "brake": 0.0,
            "steer": 0.0
        },
        {
            "throttle": 0.23366977518573082,
            "brake": 0.0,
            "steer": 0.0
        },
        {
            "throttle": 0.23469691501915602,
            "brake": 0.0,
            "steer": 0.0
        },
        {
            "throttle": 0.23524924225940608,
            "brake": 0.0,
            "steer": 0.0
        },
        {
            "throttle": 0.23531476256944722,
            "brake": 0.0,
            "steer": 0.0
        },
        {
            "throttle": 0.2348920531103826,
            "brake": 0.0,
            "steer": 0.0
        },
        {
            "throttle": 0.23399029343981856,
            "brake": 0.0,
            "steer": 0.0
        },
        {
            "throttle": 0.23262906616861337,
            "brake": 0.0,
            "steer": 0.0
        },
        {
            "throttle": 0.23083793170494654,
            "brake": 0.0,
            "steer": 0.0
        },
        {
            "throttle": 0.22865578632056516,
            "brake": 0.0,
            "steer": 0.0
        },
        {
            "throttle": 0.2261300174794394,
            "brake": 0.0,
            "steer": 0.0
        },
        {
            "throttle": 0.2233154747717076,
            "brake": 0.0,
            "steer": 0.0
        },
        {
            "throttle": 0.22027327880010758,
            "brake": 0.0,
            "steer": 0.0
        },
        {
            "throttle": 0.21706949388511318,
            "brake": 0.0,
            "steer": 0.0
        },
        {
            "throttle": 0.2137736934123081,
            "brake": 0.0,
            "steer": 0.0
        },
        {
            "throttle": 0.21045744897691027,
            "brake": 0.0,
            "steer": 0.0
        },
        {
            "throttle": 0.2071927761351807,
            "brake": 0.0,
            "steer": 0.0
        },
        {
            "throttle": 0.20405057051477504,
            "brake": 0.0,
            "steer": 0.0
        },
        {
            "throttle": 0.2010990682454623,
            "brake": 0.0,
            "steer": 0.0
        },
        {
            "throttle": 0.19840236414349352,
            "brake": 0.0,
            "steer": 0.0
        },
        {
            "throttle": 0.1960190198287244,
            "brake": 0.0,
            "steer": 0.0
        },
        {
            "throttle": 0.19400079200061815,
            "brake": 0.0,
            "steer": 0.0
        },
        {
            "throttle": 0.1923915084898832,
            "brake": 0.0,
            "steer": 0.0
        },
        {
            "throttle": 0.19122611649340593,
            "brake": 0.0,
            "steer": 0.0
        },
        {
            "throttle": 0.19052992366100624,
            "brake": 0.0,
            "steer": 0.0
        },
        {
            "throttle": 0.19031804851457446,
            "brake": 0.0,
            "steer": 0.0
        },
        {
            "throttle": 0.19059509213428588,
            "brake": 0.0,
            "steer": 0.0
        },
        {
            "throttle": 0.1913550382415547,
            "brake": 0.0,
            "steer": 0.0
        },
        {
            "throttle": 0.19258138384852538,
            "brake": 0.0,
            "steer": 0.0
        },
        {
            "throttle": 0.19424749763691773,
            "brake": 0.0,
            "steer": 0.0
        },
        {
            "throttle": 0.19631719828367103,
            "brake": 0.0,
            "steer": 0.0
        },
        {
            "throttle": 0.19874554017446974,
            "brake": 0.0,
            "steer": 0.0
        },
        {
            "throttle": 0.20147978944259679,
            "brake": 0.0,
            "steer": 0.0
        },
        {
            "throttle": 0.20446056913745753,
            "brake": 0.0,
            "steer": 0.0
        },
        {
            "throttle": 0.20762314865429754,
            "brake": 0.0,
            "steer": 0.0
        },
        {
            "throttle": 0.21089884942386133,
            "brake": 0.0,
            "steer": 0.0
        },
        {
            "throttle": 0.21421653633603863,
            "brake": 0.0,
            "steer": 0.0
        },
        {
            "throttle": 0.2175041625097462,
            "brake": 0.0,
            "steer": 0.0
        },
        {
            "throttle": 0.22069033386282572,
            "brake": 0.0,
            "steer": 0.0
        },
        {
            "throttle": 0.22370585950576216,
            "brake": 0.0,
            "steer": 0.0
        },
        {
            "throttle": 0.22648525429087546,
            "brake": 0.0,
            "steer": 0.0
        },
        {
            "throttle": 0.22896816088763158,
            "brake": 0.0,
            "steer": 0.0
        },
        {
            "throttle": 0.23110066050228883,
            "brake": 0.0,
            "steer": 0.0
        },
        {
            "throttle": 0.2328364437782942,
            "brake": 0.0,
            "steer": 0.0
        },
        {
            "throttle": 0.23413781645016002,
            "brake": 0.0,
            "steer": 0.0
        },
        {
            "throttle": 0.2349765179120434,
            "brake": 0.0,
            "steer": 0.0
        },
        {
            "throttle": 0.23533433492499567,
            "brake": 0.0,
            "steer": 0.0
        },
        {
            "throttle": 0.23520349713561567,
            "brake": 0.0,
            "steer": 0.0
        },
        {
            "throttle": 0.234586845817026,
            "brake": 0.0,
            "steer": 0.0
        },
        {
            "throttle": 0.2334977721677925,
            "brake": 0.0,
            "steer": 0.0
        },
        {
            "throttle": 0.23195992650868813,
            "brake": 0.0,
            "steer": 0.0
        },
        {
            "throttle": 0.23000670469238338,
            "brake": 0.0,
            "steer": 0.0
        },
        {
            "throttle": 0.22768052287918922,
            "brake": 0.0,
            "steer": 0.0
        },
        {
            "throttle": 0.22503189642782084,
            "brake": 0.0,
            "steer": 0.0
        },
        {
            "throttle": 0.222118342903988,
            "brake": 0.0,
            "steer": 0.0
        },
        {
            "throttle": 0.2190031330290752,
            "brake": 0.0,
            "steer": 0.0
        },
        {
            "throttle": 0.21575391669330668,
            "brake": 0.0,
            "steer": 0.0
        },
        {
            "throttle": 0.21244125387089147,
            "brake": 0.0,
            "steer": 0.0
        },
        {
            "throttle": 0.20913708233979156,
            "brake": 0.0,
            "steer": 0.0
        },
        {
            "throttle": 0.2059131554811069,
            "brake": 0.0,
            "steer": 0.0
        },
        {
            "throttle": 0.20283948408282237,
            "brake": 0.0,
            "steer": 0.0
        },
        {
            "throttle": 0.19998281598570278,
            "brake": 0.0,
            "steer": 0.0
        },
        {
            "throttle": 0.1974051865873415,
            "brake": 0.0,
            "steer": 0.0
        }
    ],
    "parameters": {
        "fog_density": 78.44501854678201,
        "precipitation": 53.279237656357296,
        "precipitation_deposits": 98.3582815728427,
        "wind_intensity": 25.91143868522164,
        "sun_altitude_angle": -6.245896222746094,
        "cloudiness": 0.08404417378309326,
        "lead_base_throttle": 0.2128322693547071,
        "lead_behavior_frequency": 0.23474901194100495,
        "lead_throttle_variation": 0.02434260592709805,
        "lead_brake_probability": 0.020799910134847555,
        "lead_brake_intensity": 0.7805705079156943,
        "lead_brake_duration": 12.159333346394732,
        "initial_distance": 22.11701322807018,
        "initial_ego_velocity": 8.953329149213221,
        "initial_lead_velocity": 13.56630967736397
    },
    "config": {
        "num_timesteps": 200,
        "dt": 0.1,
        "seed": 121
    }
}