{
    "weather": {
        "cloudiness": 12.335878621893038,
        "precipitation": 31.91958010421436,
        "precipitation_deposits": 69.39942737535522,
        "wind_intensity": 39.95892511202142,
        "sun_altitude_angle": -9.796081375197126,
        "fog_density": 74.34448655624699,
        "fog_distance": 83.8983315504888,
        "wetness": 15.95979005210718
    },
    "initial_conditions": {
        "ego": {
            "position": {
                "x": 546.4759260189398,
                "y": 20.57,
                "z": 0.294
            },
            "yaw": 0.0,
            "velocity": 8.35542598237314
        },
        "lead": {
            "position": {
                "x": 484.88,
                "y": 20.57,
                "z": 0.294
            },
            "yaw": 0.0,
            "velocity": 14.87432196016548
        }
    },
    "ego": {
        "position": {
            "x": 546.4759260189398,
            "y": 20.57,
            "z": 0.294
        },
        "yaw": 0.0,
        "velocity": 8.35542598237314
    },
    "lead": {
        "position": {
            "x": 484.88,
            "y": 20.57,
            "z": 0.294
        },
        "yaw": 0.0,
        "velocity": 14.87432196016548
    },
    "ado_actions": [
        {
            "throttle": 0.35661008631671226,
            "brake": 0.0,
            "steer": 0.0
        },
        {
            "throttle": 0.36109236979493176,
            "brake": 0.0,
            "steer": 0.0
        },
        {
            "throttle": 0.36868552682336475,
            "brake": 0.0,
            "steer": 0.0
        },
        {
            "throttle": 0.3784030049106343,
            "brake": 0.0,
            "steer": 0.0
        },
        {
            "throttle": 0.3895279695064833,
            "brake": 0.0,
            "steer": 0.0
        },
        {
            "throttle": 0.4015328628531843,
            "brake": 0.0,
            "steer": 0.0
        },
        {
            "throttle": 0.41402324885225084,
            "brake": 0.0,
            "steer": 0.0
        },
        {
            "throttle": 0.4266986543980822,
            "brake": 0.0,
            "steer": 0.0
        },
        {
            "throttle": 0.4393253036007684,
            "brake": 0.0,
            "steer": 0.0
        },
        {
            "throttle": 0.45171717152735097,
            "brake": 0.0,
            "steer": 0.0
        },
        {
            "throttle": 0.46372285526859885,
            "brake": 0.0,
            "steer": 0.0
        },
        {
            "throttle": 0.4752165100005803,
            "brake": 0.0,
            "steer": 0.0
        },
        {
            "throttle": 0.4860916226563954,
            "brake": 0.0,
            "steer": 0.0
        },
        {
            "throttle": 0.4962567633327137,
            "brake": 0.0,
            "steer": 0.0
        },
        {
            "throttle": 0.5056327118634854,
            "brake": 0.0,
            "steer": 0.0
        },
        {
            "throttle": 0.5141505371637392,
            "brake": 0.0,
            "steer": 0.0
        },
        {
            "throttle": 0.5217503331244704,
            "brake": 0.0,
            "steer": 0.0
        },
        {
            "throttle": 0.5283804032262214,
            "brake": 0.0,
            "steer": 0.0
        },
        {
            "throttle": 0.533996747974371,
            "brake": 0.0,
            "steer": 0.0
        },
        {
            "throttle": 0.5385627526812029,
            "brake": 0.0,
            "steer": 0.0
        },
        {
            "throttle": 0.54204900358459,
            "brake": 0.0,
            "steer": 0.0
        },
        {
            "throttle": 0.5444331816894601,
            "brake": 0.0,
            "steer": 0.0
        },
        {
            "throttle": 0.381103227182622,
            "brake": 0.20598871238060235,
            "steer": 0.0
        },
        {
            "throttle": 0.2667722590278354,
            "brake": 0.350180811047024,
            "steer": 0.0
        },
        {
            "throttle": 0.1867405813194848,
            "brake": 0.4511152801135191,
            "steer": 0.0
        },
        {
            "throttle": 0.13071840692363934,
            "brake": 0.5217694084600657,
            "steer": 0.0
        },
        {
            "throttle": 0.09150288484654753,
            "brake": 0.5712272983026483,
            "steer": 0.0
        },
        {
            "throttle": 0.22160455856339617,
            "brake": 0.39985910881185377,
            "steer": 0.0
        },
        {
            "throttle": 0.3103190153339579,
            "brake": 0.27990137616829763,
            "steer": 0.0
        },
        {
            "throttle": 0.3697749592910101,
            "brake": 0.19593096331780832,
            "steer": 0.0
        },
        {
            "throttle": 0.4084782487945473,
            "brake": 0.1371516743224658,
            "steer": 0.0
        },
        {
            "throttle": 0.4324003701036483,
            "brake": 0.09600617202572606,
            "steer": 0.0
        },
        {
            "throttle": 0.44574026528912747,
            "brake": 0.06720432041800824,
            "steer": 0.0
        },
        {
            "throttle": 0.45145749907414834,
            "brake": 0.04704302429260576,
            "steer": 0.0
        },
        {
            "throttle": 0.4516453545557697,
            "brake": 0.03293011700482403,
            "steer": 0.0
        },
        {
            "throttle": 0.44779187149634436,
            "brake": 0.023051081903376822,
            "steer": 0.0
        },
        {
            "throttle": 0.4409624375344484,
            "brake": 0.016135757332363776,
            "steer": 0.0
        },
        {
            "throttle": 0.43192746036856866,
            "brake": 0.011295030132654642,
            "steer": 0.0
        },
        {
            "throttle": 0.42125159139545376,
            "brake": 0.007906521092858249,
            "steer": 0.0
        },
        {
            "throttle": 0.4093560310162744,
            "brake": 0.005534564765000773,
            "steer": 0.0
        },
        {
            "throttle": 0.39656198766153905,
            "brake": 0.003874195335500541,
            "steer": 0.0
        },
        {
            "throttle": 0.38312094189274204,
            "brake": 0.0027119367348503783,
            "steer": 0.0
        },
        {
            "throttle": 0.3692356724686971,
            "brake": 0.0018983557143952647,
            "steer": 0.0
        },
        {
            "throttle": 0.35507481514497524,
            "brake": 0.0013288490000766852,
            "steer": 0.0
        },
        {
            "throttle": 0.3407828946950141,
            "brake": 0.0009301943000536796,
            "steer": 0.0
        },
        {
            "throttle": 0.3264871894437341,
            "brake": 0.0006511360100375757,
            "steer": 0.0
        },
        {
            "throttle": 0.31230238075858774,
            "brake": 0.00045579520702630294,
            "steer": 0.0
        },
        {
            "throttle": 0.2983336551377198,
            "brake": 0.00031905664491841204,
            "steer": 0.0
        },
        {
            "throttle": 0.2846787271526029,
            "brake": 0.0002233396514428884,
            "steer": 0.0
        },
        {
            "throttle": 0.27142911191082253,
            "brake": 0.00015633775601002188,
            "steer": 0.0
        },
        {
            "throttle": 0.2586708779611585,
            "brake": 0.00010943642920701531,
            "steer": 0.0
        },
        {
            "throttle": 0.24648504310818783,
            "brake": 7.660550044491071e-05,
            "steer": 0.0
        },
        {
            "throttle": 0.2349477276458385,
            "brake": 5.362385031143749e-05,
            "steer": 0.0
        },
        {
            "throttle": 0.22413014590484995,
            "brake": 3.753669521800624e-05,
            "steer": 0.0
        },
        {
            "throttle": 0.2140984934305485,
            "brake": 2.6275686652604366e-05,
            "steer": 0.0
        },
        {
            "throttle": 0.20491377054982832,
            "brake": 1.8392980656823056e-05,
            "steer": 0.0
        },
        {
            "throttle": 0.196631571439637,
            "brake": 1.2875086459776138e-05,
            "steer": 0.0
        },
        {
            "throttle": 0.1893018595968516,
            "brake": 9.012560521843295e-06,
            "steer": 0.0
        },
        {
            "throttle": 0.18296874479783892,
            "brake": 6.308792365290306e-06,
            "steer": 0.0
        },
        {
            "throttle": 0.17767027250224002,
            "brake": 4.416154655703214e-06,
            "steer": 0.0
        },
        {
            "throttle": 0.17343823369391462,
            "brake": 3.0913082589922496e-06,
            "steer": 0.0
        },
        {
            "throttle": 0.1702980010089386,
            "brake": 2.1639157812945745e-06,
            "steer": 0.0
        },
        {
            "throttle": 0.1682683954289873,
            "brake": 1.5147410469062021e-06,
            "steer": 0.0
        },
        {
            "throttle": 0.1673615866458131,
            "brake": 1.0603187328343414e-06,
            "steer": 0.0
        },
        {
            "throttle": 0.16758302930850105,
            "brake": 7.42223112984039e-07,
            "steer": 0.0
        },
        {
            "throttle": 0.16893143666595428,
            "brake": 5.195561790888272e-07,
            "steer": 0.0
        },
        {
            "throttle": 0.17139879255439636,
            "brake": 3.6368932536217904e-07,
            "steer": 0.0
        },
        {
            "throttle": 0.1749704022132622,
            "brake": 2.5458252775352533e-07,
            "steer": 0.0
        },
        {
            "throttle": 0.17962498201488747,
            "brake": 1.782077694274677e-07,
            "steer": 0.0
        },
        {
            "throttle": 0.18533478784487095,
            "brake": 1.247454385992274e-07,
            "steer": 0.0
        },
        {
            "throttle": 0.19206578155797566,
            "brake": 8.732180701945917e-08,
            "steer": 0.0
        },
        {
            "throttle": 0.19977783465032017,
            "brake": 6.112526491362141e-08,
            "steer": 0.0
        },
        {
            "throttle": 0.2084249680267507,
            "brake": 4.2787685439534986e-08,
            "steer": 0.0
        },
        {
            "throttle": 0.21795562649909694,
            "brake": 2.995137980767449e-08,
            "steer": 0.0
        },
        {
            "throttle": 0.2283129864243547,
            "brake": 2.096596586537214e-08,
            "steer": 0.0
        },
        {
            "throttle": 0.23943529468053854,
            "brake": 1.4676176105760497e-08,
            "steer": 0.0
        },
        {
            "throttle": 0.25125623698150523,
            "brake": 1.0273323274032348e-08,
            "steer": 0.0
        },
        {
            "throttle": 0.26370533335040547,
            "brake": 7.191326291822643e-09,
            "steer": 0.0
        },
        {
            "throttle": 0.2767083584047876,
            "brake": 5.03392840427585e-09,
            "steer": 0.0
        },
        {
            "throttle": 0.2901877839551523,
            "brake": 3.5237498829930946e-09,
            "steer": 0.0
        },
        {
            "throttle": 0.30406324128341267,
            "brake": 2.466624918095166e-09,
            "steer": 0.0
        },
        {
            "throttle": 0.31825200034876155,
            "brake": 1.726637442666616e-09,
            "steer": 0.0
        },
        {
            "throttle": 0.33266946306639517,
            "brake": 1.208646209866631e-09,
            "steer": 0.0
        },
        {
            "throttle": 0.34722966771984165,
            "brake": 8.460523469066417e-10,
            "steer": 0.0
        },
        {
            "throttle": 0.3618458015007092,
            "brake": 5.922366428346492e-10,
            "steer": 0.0
        },
        {
            "throttle": 0.37643071812082346,
            "brake": 4.1456564998425436e-10,
            "steer": 0.0
        },
        {
            "throttle": 0.3908974574112074,
            "brake": 2.9019595498897804e-10,
            "steer": 0.0
        },
        {
            "throttle": 0.40515976381032304,
            "brake": 2.0313716849228463e-10,
            "steer": 0.0
        },
        {
            "throttle": 0.4191326006504832,
            "brake": 1.4219601794459924e-10,
            "steer": 0.0
        },
        {
            "throttle": 0.432732657176301,
            "brake": 9.953721256121946e-11,
            "steer": 0.0
        },
        {
            "throttle": 0.4458788452723143,
            "brake": 6.967604879285362e-11,
            "steer": 0.0
        },
        {
            "throttle": 0.4584927829382339,
            "brake": 4.877323415499753e-11,
            "steer": 0.0
        },
        {
            "throttle": 0.4704992616292478,
            "brake": 3.414126390849827e-11,
            "steer": 0.0
        },
        {
            "throttle": 0.4818266946749925,
            "brake": 2.389888473594879e-11,
            "steer": 0.0
        },
        {
            "throttle": 0.4924075441036039,
            "brake": 1.672921931516415e-11,
            "steer": 0.0
        },
        {
            "throttle": 0.502178723326003,
            "brake": 1.1710453520614906e-11,
            "steer": 0.0
        },
        {
            "throttle": 0.5110819732794968,
            "brake": 8.197317464430433e-12,
            "steer": 0.0
        },
        {
            "throttle": 0.5190642097880098,
            "brake": 5.7381222251013024e-12,
            "steer": 0.0
        },
        {
            "throttle": 0.5260778400678783,
            "brake": 4.016685557570912e-12,
            "steer": 0.0
        },
        {
            "throttle": 0.5320810464920973,
            "brake": 2.811679890299638e-12,
            "steer": 0.0
        },
        {
            "throttle": 0.537038035921128,
            "brake": 1.9681759232097464e-12,
            "steer": 0.0
        },
        {
            "throttle": 0.540919253113674,
            "brake": 1.3777231462468224e-12,
            "steer": 0.0
        },
        {
            "throttle": 0.5437015569450001,
            "brake": 9.644062023727756e-13,
            "steer": 0.0
        },
        {
            "throttle": 0.5453683583821249,
            "brake": 6.750843416609429e-13,
            "steer": 0.0
        },
        {
            "throttle": 0.5459097193932312,
            "brake": 4.7255903916266e-13,
            "steer": 0.0
        },
        {
            "throttle": 0.5453224122015636,
            "brake": 3.3079132741386197e-13,
            "steer": 0.0
        },
        {
            "throttle": 0.5436099385305252,
            "brake": 2.315539291897034e-13,
            "steer": 0.0
        },
        {
            "throttle": 0.5407825087252237,
            "brake": 1.6208775043279235e-13,
            "steer": 0.0
        },
        {
            "throttle": 0.5368569808749548,
            "brake": 1.1346142530295464e-13,
            "steer": 0.0
        },
        {
            "throttle": 0.5318567602995941,
            "brake": 7.942299771206824e-14,
            "steer": 0.0
        },
        {
            "throttle": 0.5258116599991932,
            "brake": 5.559609839844776e-14,
            "steer": 0.0
        },
        {
            "throttle": 0.5187577228988279,
            "brake": 3.891726887891343e-14,
            "steer": 0.0
        },
        {
            "throttle": 0.5107370069485329,
            "brake": 2.7242088215239397e-14,
            "steer": 0.0
        },
        {
            "throttle": 0.5017973343596315,
            "brake": 1.9069461750667577e-14,
            "steer": 0.0
        },
        {
            "throttle": 0.49199200647259655,
            "brake": 1.3348623225467303e-14,
            "steer": 0.0
        },
        {
            "throttle": 0.4813794859564974,
            "brake": 9.344036257827111e-15,
            "steer": 0.0
        },
        {
            "throttle": 0.47002304823486607,
            "brake": 6.540825380478978e-15,
            "steer": 0.0
        },
        {
            "throttle": 0.45799040421629944,
            "brake": 4.578577766335284e-15,
            "steer": 0.0
        },
        {
            "throttle": 0.4453532965792051,
            "brake": 3.2050044364346988e-15,
            "steer": 0.0
        },
        {
            "throttle": 0.43218707201777684,
            "brake": 2.243503105504289e-15,
            "steer": 0.0
        },
        {
            "throttle": 0.4185702319996135,
            "brake": 1.570452173853002e-15,
            "steer": 0.0
        },
        {
            "throttle": 0.40458396471351576,
            "brake": 1.0993165216971014e-15,
            "steer": 0.0
        },
        {
            "throttle": 0.3903116609981452,
            "brake": 7.69521565187971e-16,
            "steer": 0.0
        },
        {
            "throttle": 0.3758384171377438,
            "brake": 5.386650956315796e-16,
            "steer": 0.0
        },
        {
            "throttle": 0.36125052748941117,
            "brake": 3.7706556694210573e-16,
            "steer": 0.0
        },
        {
            "throttle": 0.3466349699670678,
            "brake": 2.63945896859474e-16,
            "steer": 0.0
        },
        {
            "throttle": 0.3320788874498226,
            "brake": 1.847621278016318e-16,
            "steer": 0.0
        },
        {
            "throttle": 0.3176690682067622,
            "brake": 1.2933348946114224e-16,
            "steer": 0.0
        },
        {
            "throttle": 0.30349142843604465,
            "brake": 9.053344262279956e-17,
            "steer": 0.0
        },
        {
            "throttle": 0.2896305000035738,
            "brake": 6.337340983595969e-17,
            "steer": 0.0
        },
        {
            "throttle": 0.27616892643552937,
            "brake": 4.436138688517178e-17,
            "steer": 0.0
        },
        {
            "throttle": 0.2631869701698144,
            "brake": 3.1052970819620245e-17,
            "steer": 0.0
        },
        {
            "throttle": 0.2507620340043537,
            "brake": 2.173707957373417e-17,
            "steer": 0.0
        },
        {
            "throttle": 0.2389681995955294,
            "brake": 1.5215955701613917e-17,
            "steer": 0.0
        },
        {
            "throttle": 0.22787578575838136,
            "brake": 1.0651168991129742e-17,
            "steer": 0.0
        },
        {
            "throttle": 0.217550929202136,
            "brake": 7.455818293790819e-18,
            "steer": 0.0
        },
        {
            "throttle": 0.20805519020085897,
            "brake": 5.219072805653573e-18,
            "steer": 0.0
        },
        {
            "throttle": 0.19944518555035662,
            "brake": 3.653350963957501e-18,
            "steer": 0.0
        },
        {
            "throttle": 0.19177225099976059,
            "brake": 2.5573456747702504e-18,
            "steer": 0.0
        },
        {
            "throttle": 0.18508213517049232,
            "brake": 1.7901419723391753e-18,
            "steer": 0.0
        },
        {
            "throttle": 0.17941472678756584,
            "brake": 1.2530993806374227e-18,
            "steer": 0.0
        },
        {
            "throttle": 0.17480381684956733,
            "brake": 8.771695664461958e-19,
            "steer": 0.0
        },
        {
            "throttle": 0.17127689715533473,
            "brake": 6.14018696512337e-19,
            "steer": 0.0
        },
        {
            "throttle": 0.16885499638858892,
            "brake": 4.2981308755863585e-19,
            "steer": 0.0
        },
        {
            "throttle": 0.16755255473783506,
            "brake": 3.008691612910451e-19,
            "steer": 0.0
        },
        {
            "throttle": 0.16737733779909264,
            "brake": 2.1060841290373154e-19,
            "steer": 0.0
        },
        {
            "throttle": 0.16833039027479516,
            "brake": 1.4742588903261207e-19,
            "steer": 0.0
        },
        {
            "throttle": 0.17040602974492217,
            "brake": 1.0319812232282844e-19,
            "steer": 0.0
        },
        {
            "throttle": 0.17359188054750235,
            "brake": 7.223868562597991e-20,
            "steer": 0.0
        },
        {
            "throttle": 0.17786894756648053,
            "brake": 5.0567079938185936e-20,
            "steer": 0.0
        },
        {
            "throttle": 0.18321172948700057,
            "brake": 3.539695595673015e-20,
            "steer": 0.0
        },
        {
            "throttle": 0.18958837084283792,
            "brake": 2.4777869169711104e-20,
            "steer": 0.0
        },
        {
            "throttle": 0.19696085194942403,
            "brake": 1.7344508418797773e-20,
            "steer": 0.0
        },
        {
            "throttle": 0.20528521559001772,
            "brake": 1.214115589315844e-20,
            "steer": 0.0
        },
        {
            "throttle": 0.21451182910344388,
            "brake": 8.498809125210908e-21,
            "steer": 0.0
        },
        {
            "throttle": 0.22458568031074483,
            "brake": 5.949166387647635e-21,
            "steer": 0.0
        },
        {
            "throttle": 0.2354467055163293,
            "brake": 4.164416471353344e-21,
            "steer": 0.0
        },
        {
            "throttle": 0.24703014762796577,
            "brake": 2.9150915299473405e-21,
            "steer": 0.0
        },
        {
            "throttle": 0.25926694226038827,
            "brake": 2.040564070963138e-21,
            "steer": 0.0
        },
        {
            "throttle": 0.2720841295204348,
            "brake": 1.4283948496741966e-21,
            "steer": 0.0
        },
        {
            "throttle": 0.2854052890185163,
            "brake": 9.998763947719374e-22,
            "steer": 0.0
        },
        {
            "throttle": 0.29915099551273167,
            "brake": 6.999134763403562e-22,
            "steer": 0.0
        },
        {
            "throttle": 0.3132392924689248,
            "brake": 4.899394334382493e-22,
            "steer": 0.0
        },
        {
            "throttle": 0.3275861807131586,
            "brake": 3.429576034067745e-22,
            "steer": 0.0
        },
        {
            "throttle": 0.34210611926309675,
            "brake": 2.400703223847421e-22,
            "steer": 0.0
        },
        {
            "throttle": 0.35671253535216546,
            "brake": 1.6804922566931947e-22,
            "steer": 0.0
        },
        {
            "throttle": 0.37131834060556146,
            "brake": 1.1763445796852363e-22,
            "steer": 0.0
        },
        {
            "throttle": 0.3858364502904895,
            "brake": 8.234412057796654e-23,
            "steer": 0.0
        },
        {
            "throttle": 0.4001803025446855,
            "brake": 5.764088440457657e-23,
            "steer": 0.0
        },
        {
            "throttle": 0.28012621178127983,
            "brake": 0.20598871238060235,
            "steer": 0.0
        },
        {
            "throttle": 0.19608834824689586,
            "brake": 0.350180811047024,
            "steer": 0.0
        },
        {
            "throttle": 0.1372618437728271,
            "brake": 0.4511152801135191,
            "steer": 0.0
        },
        {
            "throttle": 0.09608329064097897,
            "brake": 0.5217694084600657,
            "steer": 0.0
        },
        {
            "throttle": 0.06725830344868527,
            "brake": 0.5712272983026483,
            "steer": 0.0
        },
        {
            "throttle": 0.19856170956930616,
            "brake": 0.39985910881185377,
            "steer": 0.0
        },
        {
            "throttle": 0.29322287438553774,
            "brake": 0.27990137616829763,
            "steer": 0.0
        },
        {
            "throttle": 0.3619527698295033,
            "brake": 0.19593096331780832,
            "steer": 0.0
        },
        {
            "throttle": 0.41223436669093805,
            "brake": 0.1371516743224658,
            "steer": 0.0
        },
        {
            "throttle": 0.4492928022563405,
            "brake": 0.09600617202572606,
            "steer": 0.0
        },
        {
            "throttle": 0.4767745748225322,
            "brake": 0.06720432041800824,
            "steer": 0.0
        },
        {
            "throttle": 0.49722304602499456,
            "brake": 0.04704302429260576,
            "steer": 0.0
        },
        {
            "throttle": 0.5124113472447219,
            "brake": 0.03293011700482403,
            "steer": 0.0
        },
        {
            "throttle": 0.5235754571516085,
            "brake": 0.023051081903376822,
            "steer": 0.0
        },
        {
            "throttle": 0.5315773870682512,
            "brake": 0.016135757332363776,
            "steer": 0.0
        },
        {
            "throttle": 0.537019429647557,
            "brake": 0.011295030132654642,
            "steer": 0.0
        },
        {
            "throttle": 0.5403241395967009,
            "brake": 0.007906521092858249,
            "steer": 0.0
        },
        {
            "throttle": 0.5417903145205699,
            "brake": 0.005534564765000773,
            "steer": 0.0
        },
        {
            "throttle": 0.5416321635696546,
            "brake": 0.003874195335500541,
            "steer": 0.0
        },
        {
            "throttle": 0.5400066953788393,
            "brake": 0.0027119367348503783,
            "steer": 0.0
        },
        {
            "throttle": 0.537032847517164,
            "brake": 0.0018983557143952647,
            "steer": 0.0
        },
        {
            "throttle": 0.5328048232536639,
            "brake": 0.0013288490000766852,
            "steer": 0.0
        },
        {
            "throttle": 0.5274013620239286,
            "brake": 0.0009301943000536796,
            "steer": 0.0
        },
        {
            "throttle": 0.5208921524557898,
            "brake": 0.0006511360100375757,
            "steer": 0.0
        },
        {
            "throttle": 0.5133422346099529,
            "brake": 0.00045579520702630294,
            "steer": 0.0
        },
        {
            "throttle": 0.504814984612639,
            "brake": 0.00031905664491841204,
            "steer": 0.0
        },
        {
            "throttle": 0.495374097482144,
            "brake": 0.0002233396514428884,
            "steer": 0.0
        },
        {
            "throttle": 0.48508485984514216,
            "brake": 0.00015633775601002188,
            "steer": 0.0
        },
        {
            "throttle": 0.4740149174170434,
            "brake": 0.00010943642920701531,
            "steer": 0.0
        },
        {
            "throttle": 0.46223468139430157,
            "brake": 7.660550044491071e-05,
            "steer": 0.0
        },
        {
            "throttle": 0.4498174754423348,
            "brake": 5.362385031143749e-05,
            "steer": 0.0
        }
    ],
    "parameters": {
        "fog_density": 74.34448655624699,
        "precipitation": 31.91958010421436,
        "precipitation_deposits": 69.39942737535522,
        "wind_intensity": 39.95892511202142,
        "sun_altitude_angle": -9.796081375197126,
        "cloudiness": 12.335878621893038,
        "lead_base_throttle": 0.35661008631671226,
        "lead_behavior_frequency": 0.12292390313460143,
        "lead_throttle_variation": 0.19363939794975982,
        "lead_brake_probability": 0.03861918340613735,
        "lead_brake_intensity": 0.6866290412686745,
        "lead_brake_duration": 5.489881020116378,
        "initial_distance": 61.5959260189399,
        "initial_ego_velocity": 8.35542598237314,
        "initial_lead_velocity": 14.87432196016548
    },
    "config": {
        "num_timesteps": 200,
        "dt": 0.1,
        "seed": 229
    }
}