{
    "weather": {
        "cloudiness": 26.228306392740407,
        "precipitation": 23.50562619459431,
        "precipitation_deposits": 65.48477452730656,
        "wind_intensity": 43.692268590099296,
        "sun_altitude_angle": -8.609442125471134,
        "fog_density": 72.19808143709531,
        "fog_distance": 90.12094165512387,
        "wetness": 11.752813097297155
    },
    "initial_conditions": {
        "ego": {
            "position": {
                "x": 551.1065740857654,
                "y": 20.57,
                "z": 0.294
            },
            "yaw": 0.0,
            "velocity": 5.3164456654286045
        },
        "lead": {
            "position": {
                "x": 484.88,
                "y": 20.57,
                "z": 0.294
            },
            "yaw": 0.0,
            "velocity": 24.765245322635447
        }
    },
    "ego": {
        "position": {
            "x": 551.1065740857654,
            "y": 20.57,
            "z": 0.294
        },
        "yaw": 0.0,
        "velocity": 5.3164456654286045
    },
    "lead": {
        "position": {
            "x": 484.88,
            "y": 20.57,
            "z": 0.294
        },
        "yaw": 0.0,
        "velocity": 24.765245322635447
    },
    "ado_actions": [
        {
            "throttle": 0.5994573226181991,
            "brake": 0.0,
            "steer": 0.0
        },
        {
            "throttle": 0.6023735301033946,
            "brake": 0.0,
            "steer": 0.0
        },
        {
            "throttle": 0.60732537954072,
            "brake": 0.0,
            "steer": 0.0
        },
        {
            "throttle": 0.6136907829235603,
            "brake": 0.0,
            "steer": 0.0
        },
        {
            "throttle": 0.6210286088000768,
            "brake": 0.0,
            "steer": 0.0
        },
        {
            "throttle": 0.629024428681674,
            "brake": 0.0,
            "steer": 0.0
        },
        {
            "throttle": 0.6374525505522912,
            "brake": 0.0,
            "steer": 0.0
        },
        {
            "throttle": 0.6461494532614429,
            "brake": 0.0,
            "steer": 0.0
        },
        {
            "throttle": 0.6549952014276621,
            "brake": 0.0,
            "steer": 0.0
        },
        {
            "throttle": 0.6639004465698302,
            "brake": 0.0,
            "steer": 0.0
        },
        {
            "throttle": 0.6727973384477068,
            "brake": 0.0,
            "steer": 0.0
        },
        {
            "throttle": 0.681633173377948,
            "brake": 0.0,
            "steer": 0.0
        },
        {
            "throttle": 0.6903659582417206,
            "brake": 0.0,
            "steer": 0.0
        },
        {
            "throttle": 0.6989613152652648,
            "brake": 0.0,
            "steer": 0.0
        },
        {
            "throttle": 0.7073903251108444,
            "brake": 0.0,
            "steer": 0.0
        },
        {
            "throttle": 0.7156280265352322,
            "brake": 0.0,
            "steer": 0.0
        },
        {
            "throttle": 0.7236523753771673,
            "brake": 0.0,
            "steer": 0.0
        },
        {
            "throttle": 0.7314435247887447,
            "brake": 0.0,
            "steer": 0.0
        },
        {
            "throttle": 0.7389833300337223,
            "brake": 0.0,
            "steer": 0.0
        },
        {
            "throttle": 0.7462550101619494,
            "brake": 0.0,
            "steer": 0.0
        },
        {
            "throttle": 0.7532429191600928,
            "brake": 0.0,
            "steer": 0.0
        },
        {
            "throttle": 0.7599323933831815,
            "brake": 0.0,
            "steer": 0.0
        },
        {
            "throttle": 0.7663096520152194,
            "brake": 0.0,
            "steer": 0.0
        },
        {
            "throttle": 0.772361734268446,
            "brake": 0.0,
            "steer": 0.0
        },
        {
            "throttle": 0.7780764619045007,
            "brake": 0.0,
            "steer": 0.0
        },
        {
            "throttle": 0.7834424190730945,
            "brake": 0.0,
            "steer": 0.0
        },
        {
            "throttle": 0.7884489438532318,
            "brake": 0.0,
            "steer": 0.0
        },
        {
            "throttle": 0.7930861275554555,
            "brake": 0.0,
            "steer": 0.0
        },
        {
            "throttle": 0.7973448190158293,
            "brake": 0.0,
            "steer": 0.0
        },
        {
            "throttle": 0.801216631933807,
            "brake": 0.0,
            "steer": 0.0
        },
        {
            "throttle": 0.8046939538820167,
            "brake": 0.0,
            "steer": 0.0
        },
        {
            "throttle": 0.8077699560200102,
            "brake": 0.0,
            "steer": 0.0
        },
        {
            "throttle": 0.8104386028277435,
            "brake": 0.0,
            "steer": 0.0
        },
        {
            "throttle": 0.8126946613740923,
            "brake": 0.0,
            "steer": 0.0
        },
        {
            "throttle": 0.8145337097763106,
            "brake": 0.0,
            "steer": 0.0
        },
        {
            "throttle": 0.8159521446057126,
            "brake": 0.0,
            "steer": 0.0
        },
        {
            "throttle": 0.8169471870653737,
            "brake": 0.0,
            "steer": 0.0
        },
        {
            "throttle": 0.8175168878159608,
            "brake": 0.0,
            "steer": 0.0
        },
        {
            "throttle": 0.8176601303619924,
            "brake": 0.0,
            "steer": 0.0
        },
        {
            "throttle": 0.8173766329371185,
            "brake": 0.0,
            "steer": 0.0
        },
        {
            "throttle": 0.8166669488463865,
            "brake": 0.0,
            "steer": 0.0
        },
        {
            "throttle": 0.8155324652379774,
            "brake": 0.0,
            "steer": 0.0
        },
        {
            "throttle": 0.8139754002880233,
            "brake": 0.0,
            "steer": 0.0
        },
        {
            "throttle": 0.8119987987908597,
            "brake": 0.0,
            "steer": 0.0
        },
        {
            "throttle": 0.8096065261541265,
            "brake": 0.0,
            "steer": 0.0
        },
        {
            "throttle": 0.8068032608040193,
            "brake": 0.0,
            "steer": 0.0
        },
        {
            "throttle": 0.8035944850110296,
            "brake": 0.0,
            "steer": 0.0
        },
        {
            "throttle": 0.7999864741509601,
            "brake": 0.0,
            "steer": 0.0
        },
        {
            "throttle": 0.7959862844200056,
            "brake": 0.0,
            "steer": 0.0
        },
        {
            "throttle": 0.7916017390263779,
            "brake": 0.0,
            "steer": 0.0
        },
        {
            "throttle": 0.7868414128843976,
            "brake": 0.0,
            "steer": 0.0
        },
        {
            "throttle": 0.7817146158402275,
            "brake": 0.0,
            "steer": 0.0
        },
        {
            "throttle": 0.7762313744615237,
            "brake": 0.0,
            "steer": 0.0
        },
        {
            "throttle": 0.7704024124262454,
            "brake": 0.0,
            "steer": 0.0
        },
        {
            "throttle": 0.7642391295487202,
            "brake": 0.0,
            "steer": 0.0
        },
        {
            "throttle": 0.7577535794837984,
            "brake": 0.0,
            "steer": 0.0
        },
        {
            "throttle": 0.7509584461525769,
            "brake": 0.0,
            "steer": 0.0
        },
        {
            "throttle": 0.7438670189357054,
            "brake": 0.0,
            "steer": 0.0
        },
        {
            "throttle": 0.736493166682729,
            "brake": 0.0,
            "steer": 0.0
        },
        {
            "throttle": 0.7288513105882533,
            "brake": 0.0,
            "steer": 0.0
        },
        {
            "throttle": 0.7209563959879477,
            "brake": 0.0,
            "steer": 0.0
        },
        {
            "throttle": 0.7128238631295263,
            "brake": 0.0,
            "steer": 0.0
        },
        {
            "throttle": 0.7044696169758528,
            "brake": 0.0,
            "steer": 0.0
        },
        {
            "throttle": 0.6959099960992178,
            "brake": 0.0,
            "steer": 0.0
        },
        {
            "throttle": 0.6871617407276136,
            "brake": 0.0,
            "steer": 0.0
        },
        {
            "throttle": 0.678241960005495,
            "brake": 0.0,
            "steer": 0.0
        },
        {
            "throttle": 0.6691680985330504,
            "brake": 0.0,
            "steer": 0.0
        },
        {
            "throttle": 0.6599579022494217,
            "brake": 0.0,
            "steer": 0.0
        },
        {
            "throttle": 0.6506293837265935,
            "brake": 0.0,
            "steer": 0.0
        },
        {
            "throttle": 0.641200786941825,
            "brake": 0.0,
            "steer": 0.0
        },
        {
            "throttle": 0.6316905515975204,
            "brake": 0.0,
            "steer": 0.0
        },
        {
            "throttle": 0.622117277058317,
            "brake": 0.0,
            "steer": 0.0
        },
        {
            "throttle": 0.6124996859759193,
            "brake": 0.0,
            "steer": 0.0
        },
        {
            "throttle": 0.6028565876728189,
            "brake": 0.0,
            "steer": 0.0
        },
        {
            "throttle": 0.5932068413565111,
            "brake": 0.0,
            "steer": 0.0
        },
        {
            "throttle": 0.5835693192361506,
            "brake": 0.0,
            "steer": 0.0
        },
        {
            "throttle": 0.5739628696137793,
            "brake": 0.0,
            "steer": 0.0
        },
        {
            "throttle": 0.5644062800223109,
            "brake": 0.0,
            "steer": 0.0
        },
        {
            "throttle": 0.5549182404823624,
            "brake": 0.0,
            "steer": 0.0
        },
        {
            "throttle": 0.5455173069497927,
            "brake": 0.0,
            "steer": 0.0
        },
        {
            "throttle": 0.5362218650254347,
            "brake": 0.0,
            "steer": 0.0
        },
        {
            "throttle": 0.5270500939979933,
            "brake": 0.0,
            "steer": 0.0
        },
        {
            "throttle": 0.5180199312904339,
            "brake": 0.0,
            "steer": 0.0
        },
        {
            "throttle": 0.5091490373793913,
            "brake": 0.0,
            "steer": 0.0
        },
        {
            "throttle": 0.5004547612562096,
            "brake": 0.0,
            "steer": 0.0
        },
        {
            "throttle": 0.4919541064971592,
            "brake": 0.0,
            "steer": 0.0
        },
        {
            "throttle": 0.4836636980091902,
            "brake": 0.0,
            "steer": 0.0
        },
        {
            "throttle": 0.4755997495162562,
            "brake": 0.0,
            "steer": 0.0
        },
        {
            "throttle": 0.4677780318497984,
            "brake": 0.0,
            "steer": 0.0
        },
        {
            "throttle": 0.46021384210540284,
            "brake": 0.0,
            "steer": 0.0
        },
        {
            "throttle": 0.45292197372595344,
            "brake": 0.0,
            "steer": 0.0
        },
        {
            "throttle": 0.44591668756978814,
            "brake": 0.0,
            "steer": 0.0
        },
        {
            "throttle": 0.43921168402044275,
            "brake": 0.0,
            "steer": 0.0
        },
        {
            "throttle": 0.4328200761925264,
            "brake": 0.0,
            "steer": 0.0
        },
        {
            "throttle": 0.4267543642861309,
            "brake": 0.0,
            "steer": 0.0
        },
        {
            "throttle": 0.42102641113993006,
            "brake": 0.0,
            "steer": 0.0
        },
        {
            "throttle": 0.4156474190307802,
            "brake": 0.0,
            "steer": 0.0
        },
        {
            "throttle": 0.41062790776519426,
            "brake": 0.0,
            "steer": 0.0
        },
        {
            "throttle": 0.4059776941055382,
            "brake": 0.0,
            "steer": 0.0
        },
        {
            "throttle": 0.4017058725711851,
            "brake": 0.0,
            "steer": 0.0
        },
        {
            "throttle": 0.3978207976521747,
            "brake": 0.0,
            "steer": 0.0
        },
        {
            "throttle": 0.39433006747016386,
            "brake": 0.0,
            "steer": 0.0
        },
        {
            "throttle": 0.3912405089186223,
            "brake": 0.0,
            "steer": 0.0
        },
        {
            "throttle": 0.38855816431133544,
            "brake": 0.0,
            "steer": 0.0
        },
        {
            "throttle": 0.3862882795653261,
            "brake": 0.0,
            "steer": 0.0
        },
        {
            "throttle": 0.38443529394130505,
            "brake": 0.0,
            "steer": 0.0
        },
        {
            "throttle": 0.3830028313617174,
            "brake": 0.0,
            "steer": 0.0
        },
        {
            "throttle": 0.3819936933233621,
            "brake": 0.0,
            "steer": 0.0
        },
        {
            "throttle": 0.381409853418446,
            "brake": 0.0,
            "steer": 0.0
        },
        {
            "throttle": 0.3812524534747894,
            "brake": 0.0,
            "steer": 0.0
        },
        {
            "throttle": 0.38152180132272895,
            "brake": 0.0,
            "steer": 0.0
        },
        {
            "throttle": 0.3822173701930879,
            "brake": 0.0,
            "steer": 0.0
        },
        {
            "throttle": 0.3833377997473894,
            "brake": 0.0,
            "steer": 0.0
        },
        {
            "throttle": 0.3848808987382987,
            "brake": 0.0,
            "steer": 0.0
        },
        {
            "throttle": 0.3868436492950912,
            "brake": 0.0,
            "steer": 0.0
        },
        {
            "throttle": 0.3892222128257644,
            "brake": 0.0,
            "steer": 0.0
        },
        {
            "throttle": 0.3920119375242525,
            "brake": 0.0,
            "steer": 0.0
        },
        {
            "throttle": 0.39520736746805973,
            "brake": 0.0,
            "steer": 0.0
        },
        {
            "throttle": 0.3988022532885213,
            "brake": 0.0,
            "steer": 0.0
        },
        {
            "throttle": 0.4027895643928236,
            "brake": 0.0,
            "steer": 0.0
        },
        {
            "throttle": 0.4071615027138801,
            "brake": 0.0,
            "steer": 0.0
        },
        {
            "throttle": 0.4119095179611733,
            "brake": 0.0,
            "steer": 0.0
        },
        {
            "throttle": 0.4170243243427354,
            "brake": 0.0,
            "steer": 0.0
        },
        {
            "throttle": 0.42249591872556397,
            "brake": 0.0,
            "steer": 0.0
        },
        {
            "throttle": 0.4283136001989575,
            "brake": 0.0,
            "steer": 0.0
        },
        {
            "throttle": 0.4344659910025079,
            "brake": 0.0,
            "steer": 0.0
        },
        {
            "throttle": 0.44094105877782297,
            "brake": 0.0,
            "steer": 0.0
        },
        {
            "throttle": 0.4477261401004595,
            "brake": 0.0,
            "steer": 0.0
        },
        {
            "throttle": 0.45480796524604516,
            "brake": 0.0,
            "steer": 0.0
        },
        {
            "throttle": 0.46217268414215384,
            "brake": 0.0,
            "steer": 0.0
        },
        {
            "throttle": 0.46980589345517987,
            "brake": 0.0,
            "steer": 0.0
        },
        {
            "throttle": 0.47769266475923666,
            "brake": 0.0,
            "steer": 0.0
        },
        {
            "throttle": 0.48581757373198886,
            "brake": 0.0,
            "steer": 0.0
        },
        {
            "throttle": 0.4941647303203194,
            "brake": 0.0,
            "steer": 0.0
        },
        {
            "throttle": 0.5027178098168369,
            "brake": 0.0,
            "steer": 0.0
        },
        {
            "throttle": 0.5114600847864441,
            "brake": 0.0,
            "steer": 0.0
        },
        {
            "throttle": 0.5203744577805303,
            "brake": 0.0,
            "steer": 0.0
        },
        {
            "throttle": 0.529443494774806,
            "brake": 0.0,
            "steer": 0.0
        },
        {
            "throttle": 0.5386494592653868,
            "brake": 0.0,
            "steer": 0.0
        },
        {
            "throttle": 0.5479743469564413,
            "brake": 0.0,
            "steer": 0.0
        },
        {
            "throttle": 0.5573999209715669,
            "brake": 0.0,
            "steer": 0.0
        },
        {
            "throttle": 0.566907747520027,
            "brake": 0.0,
            "steer": 0.0
        },
        {
            "throttle": 0.5764792319480984,
            "brake": 0.0,
            "steer": 0.0
        },
        {
            "throttle": 0.5860956551050215,
            "brake": 0.0,
            "steer": 0.0
        },
        {
            "throttle": 0.595738209952432,
            "brake": 0.0,
            "steer": 0.0
        },
        {
            "throttle": 0.605388038345676,
            "brake": 0.0,
            "steer": 0.0
        },
        {
            "throttle": 0.6150262679150751,
            "brake": 0.0,
            "steer": 0.0
        },
        {
            "throttle": 0.6246340489750115,
            "brake": 0.0,
            "steer": 0.0
        },
        {
            "throttle": 0.6341925913886493,
            "brake": 0.0,
            "steer": 0.0
        },
        {
            "throttle": 0.643683201316195,
            "brake": 0.0,
            "steer": 0.0
        },
        {
            "throttle": 0.6530873177748286,
            "brake": 0.0,
            "steer": 0.0
        },
        {
            "throttle": 0.6623865489388019,
            "brake": 0.0,
            "steer": 0.0
        },
        {
            "throttle": 0.6715627081087148,
            "brake": 0.0,
            "steer": 0.0
        },
        {
            "throttle": 0.6805978492796203,
            "brake": 0.0,
            "steer": 0.0
        },
        {
            "throttle": 0.6894743022383991,
            "brake": 0.0,
            "steer": 0.0
        },
        {
            "throttle": 0.698174707121762,
            "brake": 0.0,
            "steer": 0.0
        },
        {
            "throttle": 0.7066820483672949,
            "brake": 0.0,
            "steer": 0.0
        },
        {
            "throttle": 0.7149796879911474,
            "brake": 0.0,
            "steer": 0.0
        },
        {
            "throttle": 0.7230513981272833,
            "brake": 0.0,
            "steer": 0.0
        },
        {
            "throttle": 0.7308813927646542,
            "brake": 0.0,
            "steer": 0.0
        },
        {
            "throttle": 0.7384543586202308,
            "brake": 0.0,
            "steer": 0.0
        },
        {
            "throttle": 0.7457554850875062,
            "brake": 0.0,
            "steer": 0.0
        },
        {
            "throttle": 0.7527704932019078,
            "brake": 0.0,
            "steer": 0.0
        },
        {
            "throttle": 0.7594856635664644,
            "brake": 0.0,
            "steer": 0.0
        },
        {
            "throttle": 0.7658878631831153,
            "brake": 0.0,
            "steer": 0.0
        },
        {
            "throttle": 0.7719645711371876,
            "brake": 0.0,
            "steer": 0.0
        },
        {
            "throttle": 0.7777039030848087,
            "brake": 0.0,
            "steer": 0.0
        },
        {
            "throttle": 0.7830946344953644,
            "brake": 0.0,
            "steer": 0.0
        },
        {
            "throttle": 0.7881262226035461,
            "brake": 0.0,
            "steer": 0.0
        },
        {
            "throttle": 0.7927888270280561,
            "brake": 0.0,
            "steer": 0.0
        },
        {
            "throttle": 0.7970733290166455,
            "brake": 0.0,
            "steer": 0.0
        },
        {
            "throttle": 0.8009713492798469,
            "brake": 0.0,
            "steer": 0.0
        },
        {
            "throttle": 0.8044752643785252,
            "brake": 0.0,
            "steer": 0.0
        },
        {
            "throttle": 0.8075782216331955,
            "brake": 0.0,
            "steer": 0.0
        },
        {
            "throttle": 0.8102741525259504,
            "brake": 0.0,
            "steer": 0.0
        },
        {
            "throttle": 0.8125577845687868,
            "brake": 0.0,
            "steer": 0.0
        },
        {
            "throttle": 0.8144246516151199,
            "brake": 0.0,
            "steer": 0.0
        },
        {
            "throttle": 0.815871102594319,
            "brake": 0.0,
            "steer": 0.0
        },
        {
            "throttle": 0.816894308652182,
            "brake": 0.0,
            "steer": 0.0
        },
        {
            "throttle": 0.8174922686833839,
            "brake": 0.0,
            "steer": 0.0
        },
        {
            "throttle": 0.8176638132450805,
            "brake": 0.0,
            "steer": 0.0
        },
        {
            "throttle": 0.8174086068440123,
            "brake": 0.0,
            "steer": 0.0
        },
        {
            "throttle": 0.8167271485926344,
            "brake": 0.0,
            "steer": 0.0
        },
        {
            "throttle": 0.8156207712329935,
            "brake": 0.0,
            "steer": 0.0
        },
        {
            "throttle": 0.8140916385302555,
            "brake": 0.0,
            "steer": 0.0
        },
        {
            "throttle": 0.8121427410409854,
            "brake": 0.0,
            "steer": 0.0
        },
        {
            "throttle": 0.809777890264454,
            "brake": 0.0,
            "steer": 0.0
        },
        {
            "throttle": 0.8070017111884094,
            "brake": 0.0,
            "steer": 0.0
        },
        {
            "throttle": 0.803819633243892,
            "brake": 0.0,
            "steer": 0.0
        },
        {
            "throttle": 0.8002378796867848,
            "brake": 0.0,
            "steer": 0.0
        },
        {
            "throttle": 0.7962634554268614,
            "brake": 0.0,
            "steer": 0.0
        },
        {
            "throttle": 0.791904133328139,
            "brake": 0.0,
            "steer": 0.0
        },
        {
            "throttle": 0.7871684390073275,
            "brake": 0.0,
            "steer": 0.0
        },
        {
            "throttle": 0.782065634160103,
            "brake": 0.0,
            "steer": 0.0
        },
        {
            "throttle": 0.7766056984478178,
            "brake": 0.0,
            "steer": 0.0
        },
        {
            "throttle": 0.7707993099800698,
            "brake": 0.0,
            "steer": 0.0
        },
        {
            "throttle": 0.7646578244313017,
            "brake": 0.0,
            "steer": 0.0
        },
        {
            "throttle": 0.7581932528322722,
            "brake": 0.0,
            "steer": 0.0
        },
        {
            "throttle": 0.7514182380798349,
            "brake": 0.0,
            "steer": 0.0
        },
        {
            "throttle": 0.7443460302109618,
            "brake": 0.0,
            "steer": 0.0
        }
    ],
    "parameters": {
        "fog_density": 72.19808143709531,
        "precipitation": 23.50562619459431,
        "precipitation_deposits": 65.48477452730656,
        "wind_intensity": 43.692268590099296,
        "sun_altitude_angle": -8.609442125471134,
        "cloudiness": 26.228306392740407,
        "lead_base_throttle": 0.5994573226181991,
        "lead_behavior_frequency": 0.07038967344022747,
        "lead_throttle_variation": 0.21986188089710437,
        "lead_brake_probability": 0.0283850390224167,
        "lead_brake_intensity": 0.35531451081282817,
        "lead_brake_duration": 14.119429401986546,
        "initial_distance": 66.22657408576535,
        "initial_ego_velocity": 5.3164456654286045,
        "initial_lead_velocity": 24.765245322635447
    },
    "config": {
        "num_timesteps": 200,
        "dt": 0.1,
        "seed": 96
    }
}