{
    "weather": {
        "cloudiness": 40.95564737246365,
        "precipitation": 37.51490446749678,
        "precipitation_deposits": 61.13306787550612,
        "wind_intensity": 49.65535360479467,
        "sun_altitude_angle": 73.76566412360567,
        "fog_density": 39.46984185245006,
        "fog_distance": 268.29681435051566,
        "wetness": 18.75745223374839
    },
    "initial_conditions": {
        "ego": {
            "position": {
                "x": 523.6797590145553,
                "y": 20.57,
                "z": 0.294
            },
            "yaw": 0.0,
            "velocity": 18.81025062207553
        },
        "lead": {
            "position": {
                "x": 484.88,
                "y": 20.57,
                "z": 0.294
            },
            "yaw": 0.0,
            "velocity": 12.482527912347802
        }
    },
    "ego": {
        "position": {
            "x": 523.6797590145553,
            "y": 20.57,
            "z": 0.294
        },
        "yaw": 0.0,
        "velocity": 18.81025062207553
    },
    "lead": {
        "position": {
            "x": 484.88,
            "y": 20.57,
            "z": 0.294
        },
        "yaw": 0.0,
        "velocity": 12.482527912347802
    },
    "ado_actions": [
        {
            "throttle": 0.21719896760155574,
            "brake": 0.0,
            "steer": 0.0
        },
        {
            "throttle": 0.22589047467942125,
            "brake": 0.0,
            "steer": 0.0
        },
        {
            "throttle": 0.24058664053655232,
            "brake": 0.0,
            "steer": 0.0
        },
        {
            "throttle": 0.25932800046597215,
            "brake": 0.0,
            "steer": 0.0
        },
        {
            "throttle": 0.28066570220406095,
            "brake": 0.0,
            "steer": 0.0
        },
        {
            "throttle": 0.30351047158853717,
            "brake": 0.0,
            "steer": 0.0
        },
        {
            "throttle": 0.3270275743463079,
            "brake": 0.0,
            "steer": 0.0
        },
        {
            "throttle": 0.350563949272752,
            "brake": 0.0,
            "steer": 0.0
        },
        {
            "throttle": 0.37359782945714426,
            "brake": 0.0,
            "steer": 0.0
        },
        {
            "throttle": 0.3957040674757934,
            "brake": 0.0,
            "steer": 0.0
        },
        {
            "throttle": 0.4165304103053281,
            "brake": 0.0,
            "steer": 0.0
        },
        {
            "throttle": 0.43578139098350144,
            "brake": 0.0,
            "steer": 0.0
        },
        {
            "throttle": 0.45320749937632154,
            "brake": 0.0,
            "steer": 0.0
        },
        {
            "throttle": 0.46859799162298443,
            "brake": 0.0,
            "steer": 0.0
        },
        {
            "throttle": 0.4817761863968628,
            "brake": 0.0,
            "steer": 0.0
        },
        {
            "throttle": 0.49259643866801006,
            "brake": 0.0,
            "steer": 0.0
        },
        {
            "throttle": 0.5009422220136428,
            "brake": 0.0,
            "steer": 0.0
        },
        {
            "throttle": 0.5067249193759635,
            "brake": 0.0,
            "steer": 0.0
        },
        {
            "throttle": 0.5098830409806466,
            "brake": 0.0,
            "steer": 0.0
        },
        {
            "throttle": 0.5103816719271371,
            "brake": 0.0,
            "steer": 0.0
        },
        {
            "throttle": 0.508212011253809,
            "brake": 0.0,
            "steer": 0.0
        },
        {
            "throttle": 0.5033909064183631,
            "brake": 0.0,
            "steer": 0.0
        },
        {
            "throttle": 0.495960317256795,
            "brake": 0.0,
            "steer": 0.0
        },
        {
            "throttle": 0.48598666518521344,
            "brake": 0.0,
            "steer": 0.0
        },
        {
            "throttle": 0.47356003919681167,
            "brake": 0.0,
            "steer": 0.0
        },
        {
            "throttle": 0.45879324183226045,
            "brake": 0.0,
            "steer": 0.0
        },
        {
            "throttle": 0.4418206669860875,
            "brake": 0.0,
            "steer": 0.0
        },
        {
            "throttle": 0.4227970080034941,
            "brake": 0.0,
            "steer": 0.0
        },
        {
            "throttle": 0.40189579961135186,
            "brake": 0.0,
            "steer": 0.0
        },
        {
            "throttle": 0.37930780122233543,
            "brake": 0.0,
            "steer": 0.0
        },
        {
            "throttle": 0.35523923233430654,
            "brake": 0.0,
            "steer": 0.0
        },
        {
            "throttle": 0.3299098733120387,
            "brake": 0.0,
            "steer": 0.0
        },
        {
            "throttle": 0.3035510469178094,
            "brake": 0.0,
            "steer": 0.0
        },
        {
            "throttle": 0.2764034976415379,
            "brake": 0.0,
            "steer": 0.0
        },
        {
            "throttle": 0.2487151872310973,
            "brake": 0.0,
            "steer": 0.0
        },
        {
            "throttle": 0.22073902588038846,
            "brake": 0.0,
            "steer": 0.0
        },
        {
            "throttle": 0.19273055932453897,
            "brake": 0.0,
            "steer": 0.0
        },
        {
            "throttle": 0.16494563263718892,
            "brake": 0.0,
            "steer": 0.0
        },
        {
            "throttle": 0.13763805183761615,
            "brake": 0.0,
            "steer": 0.0
        },
        {
            "throttle": 0.11105726450543868,
            "brake": 0.0,
            "steer": 0.0
        },
        {
            "throttle": 0.08544608047598466,
            "brake": 0.0,
            "steer": 0.0
        },
        {
            "throttle": 0.061038453357574546,
            "brake": 0.0,
            "steer": 0.0
        },
        {
            "throttle": 0.04272691735030218,
            "brake": 0.0,
            "steer": 0.0
        },
        {
            "throttle": 0.029908842145211525,
            "brake": 0.0,
            "steer": 0.0
        },
        {
            "throttle": 0.020936189501648068,
            "brake": 0.0,
            "steer": 0.0
        },
        {
            "throttle": 0.014655332651153647,
            "brake": 0.0,
            "steer": 0.0
        },
        {
            "throttle": 0.010258732855807553,
            "brake": 0.0,
            "steer": 0.0
        },
        {
            "throttle": 0.007181112999065286,
            "brake": 0.0,
            "steer": 0.0
        },
        {
            "throttle": 0.0050267790993457,
            "brake": 0.0,
            "steer": 0.0
        },
        {
            "throttle": 0.00351874536954199,
            "brake": 0.0,
            "steer": 0.0
        },
        {
            "throttle": 0.0024631217586793927,
            "brake": 0.0,
            "steer": 0.0
        },
        {
            "throttle": 0.0017241852310755747,
            "brake": 0.0,
            "steer": 0.0
        },
        {
            "throttle": 0.0012069296617529023,
            "brake": 0.0,
            "steer": 0.0
        },
        {
            "throttle": 0.0008448507632270316,
            "brake": 0.0,
            "steer": 0.0
        },
        {
            "throttle": 0.000591395534258922,
            "brake": 0.0,
            "steer": 0.0
        },
        {
            "throttle": 0.0004139768739812454,
            "brake": 0.0,
            "steer": 0.0
        },
        {
            "throttle": 0.0002897838117868717,
            "brake": 0.0,
            "steer": 0.0
        },
        {
            "throttle": 0.0002028486682508102,
            "brake": 0.0,
            "steer": 0.0
        },
        {
            "throttle": 0.004073574978247832,
            "brake": 0.0,
            "steer": 0.0
        },
        {
            "throttle": 0.013495064154864374,
            "brake": 0.0,
            "steer": 0.0
        },
        {
            "throttle": 0.02730008751941754,
            "brake": 0.0,
            "steer": 0.0
        },
        {
            "throttle": 0.04460572243638541,
            "brake": 0.0,
            "steer": 0.0
        },
        {
            "throttle": 0.06472411296017982,
            "brake": 0.0,
            "steer": 0.0
        },
        {
            "throttle": 0.08710063999719861,
            "brake": 0.0,
            "steer": 0.0
        },
        {
            "throttle": 0.11127130836359614,
            "brake": 0.0,
            "steer": 0.0
        },
        {
            "throttle": 0.13683360980346648,
            "brake": 0.0,
            "steer": 0.0
        },
        {
            "throttle": 0.16342683699065236,
            "brake": 0.0,
            "steer": 0.0
        },
        {
            "throttle": 0.1907190245456542,
            "brake": 0.0,
            "steer": 0.0
        },
        {
            "throttle": 0.21839853370142734,
            "brake": 0.0,
            "steer": 0.0
        },
        {
            "throttle": 0.2461688856301919,
            "brake": 0.0,
            "steer": 0.0
        },
        {
            "throttle": 0.2737458603255092,
            "brake": 0.0,
            "steer": 0.0
        },
        {
            "throttle": 0.30085616632908374,
            "brake": 0.0,
            "steer": 0.0
        },
        {
            "throttle": 0.3272371886058196,
            "brake": 0.0,
            "steer": 0.0
        },
        {
            "throttle": 0.3526374634763881,
            "brake": 0.0,
            "steer": 0.0
        },
        {
            "throttle": 0.3768176288931209,
            "brake": 0.0,
            "steer": 0.0
        },
        {
            "throttle": 0.3995516682155366,
            "brake": 0.0,
            "steer": 0.0
        },
        {
            "throttle": 0.4206283149096154,
            "brake": 0.0,
            "steer": 0.0
        },
        {
            "throttle": 0.4398525204891437,
            "brake": 0.0,
            "steer": 0.0
        },
        {
            "throttle": 0.45704691289469945,
            "brake": 0.0,
            "steer": 0.0
        },
        {
            "throttle": 0.47205319041167315,
            "brake": 0.0,
            "steer": 0.0
        },
        {
            "throttle": 0.4847334092904976,
            "brake": 0.0,
            "steer": 0.0
        },
        {
            "throttle": 0.4949711329343303,
            "brake": 0.0,
            "steer": 0.0
        },
        {
            "throttle": 0.5026724178957411,
            "brake": 0.0,
            "steer": 0.0
        },
        {
            "throttle": 0.5077666176929044,
            "brake": 0.0,
            "steer": 0.0
        },
        {
            "throttle": 0.5102069901147547,
            "brake": 0.0,
            "steer": 0.0
        },
        {
            "throttle": 0.5099710975759955,
            "brake": 0.0,
            "steer": 0.0
        },
        {
            "throttle": 0.5070609934407577,
            "brake": 0.0,
            "steer": 0.0
        },
        {
            "throttle": 0.5015031902160549,
            "brake": 0.0,
            "steer": 0.0
        },
        {
            "throttle": 0.49334840822782844,
            "brake": 0.0,
            "steer": 0.0
        },
        {
            "throttle": 0.4826711059009724,
            "brake": 0.0,
            "steer": 0.0
        },
        {
            "throttle": 0.4695687951120897,
            "brake": 0.0,
            "steer": 0.0
        },
        {
            "throttle": 0.45416114729370105,
            "brake": 0.0,
            "steer": 0.0
        },
        {
            "throttle": 0.4365888980527384,
            "brake": 0.0,
            "steer": 0.0
        },
        {
            "throttle": 0.41701256002755904,
            "brake": 0.0,
            "steer": 0.0
        },
        {
            "throttle": 0.39561095554403525,
            "brake": 0.0,
            "steer": 0.0
        },
        {
            "throttle": 0.3725795823366091,
            "brake": 0.0,
            "steer": 0.0
        },
        {
            "throttle": 0.3481288271665922,
            "brake": 0.0,
            "steer": 0.0
        },
        {
            "throttle": 0.32248204358845173,
            "brake": 0.0,
            "steer": 0.0
        },
        {
            "throttle": 0.29587351137612944,
            "brake": 0.0,
            "steer": 0.0
        },
        {
            "throttle": 0.2685462962166872,
            "brake": 0.0,
            "steer": 0.0
        },
        {
            "throttle": 0.240750029199571,
            "brake": 0.0,
            "steer": 0.0
        },
        {
            "throttle": 0.21273862636941485,
            "brake": 0.0,
            "steer": 0.0
        },
        {
            "throttle": 0.18476796916269567,
            "brake": 0.0,
            "steer": 0.0
        },
        {
            "throttle": 0.15709356690928653,
            "brake": 0.0,
            "steer": 0.0
        },
        {
            "throttle": 0.12996822274618258,
            "brake": 0.0,
            "steer": 0.0
        },
        {
            "throttle": 0.10363972426117446,
            "brake": 0.0,
            "steer": 0.0
        },
        {
            "throttle": 0.07834857995951054,
            "brake": 0.0,
            "steer": 0.0
        },
        {
            "throttle": 0.054844005971657374,
            "brake": 0.0,
            "steer": 0.0
        },
        {
            "throttle": 0.03839080418016016,
            "brake": 0.0,
            "steer": 0.0
        },
        {
            "throttle": 0.02687356292611211,
            "brake": 0.0,
            "steer": 0.0
        },
        {
            "throttle": 0.018811494048278476,
            "brake": 0.0,
            "steer": 0.0
        },
        {
            "throttle": 0.013168045833794932,
            "brake": 0.0,
            "steer": 0.0
        },
        {
            "throttle": 0.009217632083656451,
            "brake": 0.0,
            "steer": 0.0
        },
        {
            "throttle": 0.006452342458559516,
            "brake": 0.0,
            "steer": 0.0
        },
        {
            "throttle": 0.004516639720991661,
            "brake": 0.0,
            "steer": 0.0
        },
        {
            "throttle": 0.0031616478046941625,
            "brake": 0.0,
            "steer": 0.0
        },
        {
            "throttle": 0.002213153463285914,
            "brake": 0.0,
            "steer": 0.0
        },
        {
            "throttle": 0.0015492074243001397,
            "brake": 0.0,
            "steer": 0.0
        },
        {
            "throttle": 0.0010844451970100978,
            "brake": 0.0,
            "steer": 0.0
        },
        {
            "throttle": 0.0007591116379070683,
            "brake": 0.0,
            "steer": 0.0
        },
        {
            "throttle": 0.0005313781465349478,
            "brake": 0.0,
            "steer": 0.0
        },
        {
            "throttle": 0.0003719647025744634,
            "brake": 0.0,
            "steer": 0.0
        },
        {
            "throttle": 0.0002603752918021244,
            "brake": 0.0,
            "steer": 0.0
        },
        {
            "throttle": 0.00018226270426148706,
            "brake": 0.0,
            "steer": 0.0
        },
        {
            "throttle": 0.005920004763587292,
            "brake": 0.0,
            "steer": 0.0
        },
        {
            "throttle": 0.016796971980275972,
            "brake": 0.0,
            "steer": 0.0
        },
        {
            "throttle": 0.031751041227223886,
            "brake": 0.0,
            "steer": 0.0
        },
        {
            "throttle": 0.04997167428632111,
            "brake": 0.0,
            "steer": 0.0
        },
        {
            "throttle": 0.07082067337948111,
            "brake": 0.0,
            "steer": 0.0
        },
        {
            "throttle": 0.0937773569843833,
            "brake": 0.0,
            "steer": 0.0
        },
        {
            "throttle": 0.11840085836919545,
            "brake": 0.0,
            "steer": 0.0
        },
        {
            "throttle": 0.14430443237995938,
            "brake": 0.0,
            "steer": 0.0
        },
        {
            "throttle": 0.17113818397975578,
            "brake": 0.0,
            "steer": 0.0
        },
        {
            "throttle": 0.1985777014686364,
            "brake": 0.0,
            "steer": 0.0
        },
        {
            "throttle": 0.22631682582785728,
            "brake": 0.0,
            "steer": 0.0
        },
        {
            "throttle": 0.2540633115661134,
            "brake": 0.0,
            "steer": 0.0
        },
        {
            "throttle": 0.2815365012339673,
            "brake": 0.0,
            "steer": 0.0
        },
        {
            "throttle": 0.3084663926194622,
            "brake": 0.0,
            "steer": 0.0
        },
        {
            "throttle": 0.33459365758491827,
            "brake": 0.0,
            "steer": 0.0
        },
        {
            "throttle": 0.35967029768008074,
            "brake": 0.0,
            "steer": 0.0
        },
        {
            "throttle": 0.38346071025771633,
            "brake": 0.0,
            "steer": 0.0
        },
        {
            "throttle": 0.40574300115332995,
            "brake": 0.0,
            "steer": 0.0
        },
        {
            "throttle": 0.4263104239981689,
            "brake": 0.0,
            "steer": 0.0
        },
        {
            "throttle": 0.4449728574597795,
            "brake": 0.0,
            "steer": 0.0
        },
        {
            "throttle": 0.4615582540252387,
            "brake": 0.0,
            "steer": 0.0
        },
        {
            "throttle": 0.47591401006926065,
            "brake": 0.0,
            "steer": 0.0
        },
        {
            "throttle": 0.48790821877542034,
            "brake": 0.0,
            "steer": 0.0
        },
        {
            "throttle": 0.49743077632375554,
            "brake": 0.0,
            "steer": 0.0
        },
        {
            "throttle": 0.504394318540829,
            "brake": 0.0,
            "steer": 0.0
        },
        {
            "throttle": 0.5087349705667408,
            "brake": 0.0,
            "steer": 0.0
        },
        {
            "throttle": 0.5104128964684433,
            "brake": 0.0,
            "steer": 0.0
        },
        {
            "throttle": 0.5094126394229347,
            "brake": 0.0,
            "steer": 0.0
        },
        {
            "throttle": 0.5057432463137589,
            "brake": 0.0,
            "steer": 0.0
        },
        {
            "throttle": 0.49943817346831676,
            "brake": 0.0,
            "steer": 0.0
        },
        {
            "throttle": 0.49055497290304395,
            "brake": 0.0,
            "steer": 0.0
        },
        {
            "throttle": 0.47917476089676514,
            "brake": 0.0,
            "steer": 0.0
        },
        {
            "throttle": 0.4654014730146889,
            "brake": 0.0,
            "steer": 0.0
        },
        {
            "throttle": 0.4493609118758869,
            "brake": 0.0,
            "steer": 0.0
        },
        {
            "throttle": 0.4311995960041025,
            "brake": 0.0,
            "steer": 0.0
        },
        {
            "throttle": 0.41108342002644155,
            "brake": 0.0,
            "steer": 0.0
        },
        {
            "throttle": 0.3891961382831424,
            "brake": 0.0,
            "steer": 0.0
        },
        {
            "throttle": 0.3657376855774832,
            "brake": 0.0,
            "steer": 0.0
        },
        {
            "throttle": 0.3409223503195041,
            "brake": 0.0,
            "steer": 0.0
        },
        {
            "throttle": 0.3149768166914323,
            "brake": 0.0,
            "steer": 0.0
        },
        {
            "throttle": 0.2881380936772588,
            "brake": 0.0,
            "steer": 0.0
        },
        {
            "throttle": 0.260651349845062,
            "brake": 0.0,
            "steer": 0.0
        },
        {
            "throttle": 0.2327676736404799,
            "brake": 0.0,
            "steer": 0.0
        },
        {
            "throttle": 0.20474177963638138,
            "brake": 0.0,
            "steer": 0.0
        },
        {
            "throttle": 0.176829681681818,
            "brake": 0.0,
            "steer": 0.0
        },
        {
            "throttle": 0.14928635419875005,
            "brake": 0.0,
            "steer": 0.0
        },
        {
            "throttle": 0.12236340298543387,
            "brake": 0.0,
            "steer": 0.0
        },
        {
            "throttle": 0.09630676680000999,
            "brake": 0.0,
            "steer": 0.0
        },
        {
            "throttle": 0.0713544707176954,
            "brake": 0.0,
            "steer": 0.0
        },
        {
            "throttle": 0.04994812950238678,
            "brake": 0.0,
            "steer": 0.0
        },
        {
            "throttle": 0.034963690651670744,
            "brake": 0.0,
            "steer": 0.0
        },
        {
            "throttle": 0.02447458345616952,
            "brake": 0.0,
            "steer": 0.0
        },
        {
            "throttle": 0.017132208419318663,
            "brake": 0.0,
            "steer": 0.0
        },
        {
            "throttle": 0.011992545893523063,
            "brake": 0.0,
            "steer": 0.0
        },
        {
            "throttle": 0.008394782125466144,
            "brake": 0.0,
            "steer": 0.0
        },
        {
            "throttle": 0.005876347487826301,
            "brake": 0.0,
            "steer": 0.0
        },
        {
            "throttle": 0.00411344324147841,
            "brake": 0.0,
            "steer": 0.0
        },
        {
            "throttle": 0.0028794102690348866,
            "brake": 0.0,
            "steer": 0.0
        },
        {
            "throttle": 0.0020155871883244204,
            "brake": 0.0,
            "steer": 0.0
        },
        {
            "throttle": 0.0014109110318270943,
            "brake": 0.0,
            "steer": 0.0
        },
        {
            "throttle": 0.000987637722278966,
            "brake": 0.0,
            "steer": 0.0
        },
        {
            "throttle": 0.0006913464055952761,
            "brake": 0.0,
            "steer": 0.0
        },
        {
            "throttle": 0.00048394248391669324,
            "brake": 0.0,
            "steer": 0.0
        },
        {
            "throttle": 0.00033875973874168523,
            "brake": 0.0,
            "steer": 0.0
        },
        {
            "throttle": 0.00023713181711917966,
            "brake": 0.0,
            "steer": 0.0
        },
        {
            "throttle": 0.0013843471046846496,
            "brake": 0.0,
            "steer": 0.0
        },
        {
            "throttle": 0.00866649334733157,
            "brake": 0.0,
            "steer": 0.0
        },
        {
            "throttle": 0.02076800391504472,
            "brake": 0.0,
            "steer": 0.0
        },
        {
            "throttle": 0.03670400114979532,
            "brake": 0.0,
            "steer": 0.0
        },
        {
            "throttle": 0.05571687910276397,
            "brake": 0.0,
            "steer": 0.0
        },
        {
            "throttle": 0.07720453437473397,
            "brake": 0.0,
            "steer": 0.0
        },
        {
            "throttle": 0.10067078340155161,
            "brake": 0.0,
            "steer": 0.0
        },
        {
            "throttle": 0.12569133703424326,
            "brake": 0.0,
            "steer": 0.0
        },
        {
            "throttle": 0.15189068577410267,
            "brake": 0.0,
            "steer": 0.0
        },
        {
            "throttle": 0.17892663659285835,
            "brake": 0.0,
            "steer": 0.0
        },
        {
            "throttle": 0.20648021343784212,
            "brake": 0.0,
            "steer": 0.0
        }
    ],
    "parameters": {
        "fog_density": 39.46984185245006,
        "precipitation": 37.51490446749678,
        "precipitation_deposits": 61.13306787550612,
        "wind_intensity": 49.65535360479467,
        "sun_altitude_angle": 73.76566412360567,
        "cloudiness": 40.95564737246365,
        "lead_base_throttle": 0.21719896760155574,
        "lead_behavior_frequency": 0.1521730757528288,
        "lead_throttle_variation": 0.30347160335426326,
        "lead_brake_probability": 0.0005168749805572914,
        "lead_brake_intensity": 0.682867360015585,
        "lead_brake_duration": 11.508319616786121,
        "initial_distance": 38.799759014555306,
        "initial_ego_velocity": 18.81025062207553,
        "initial_lead_velocity": 12.482527912347802
    },
    "config": {
        "num_timesteps": 200,
        "dt": 0.1,
        "seed": 124
    }
}