{
    "weather": {
        "cloudiness": 83.7398337611509,
        "precipitation": 87.51537364225422,
        "precipitation_deposits": 69.31348874988684,
        "wind_intensity": 49.07508093290171,
        "sun_altitude_angle": 29.90632412141445,
        "fog_density": 69.41404610023783,
        "fog_distance": 98.88462260943568,
        "wetness": 43.75768682112711
    },
    "initial_conditions": {
        "ego": {
            "position": {
                "x": 525.0039779658794,
                "y": 20.57,
                "z": 0.294
            },
            "yaw": 0.0,
            "velocity": 18.755595304870678
        },
        "lead": {
            "position": {
                "x": 484.88,
                "y": 20.57,
                "z": 0.294
            },
            "yaw": 0.0,
            "velocity": 6.893141987694431
        }
    },
    "ego": {
        "position": {
            "x": 525.0039779658794,
            "y": 20.57,
            "z": 0.294
        },
        "yaw": 0.0,
        "velocity": 18.755595304870678
    },
    "lead": {
        "position": {
            "x": 484.88,
            "y": 20.57,
            "z": 0.294
        },
        "yaw": 0.0,
        "velocity": 6.893141987694431
    },
    "ado_actions": [
        {
            "throttle": 0.5615781706588403,
            "brake": 0.0,
            "steer": 0.0
        },
        {
            "throttle": 0.5640100395871974,
            "brake": 0.0,
            "steer": 0.0
        },
        {
            "throttle": 0.5681265142550025,
            "brake": 0.0,
            "steer": 0.0
        },
        {
            "throttle": 0.5733869367830072,
            "brake": 0.0,
            "steer": 0.0
        },
        {
            "throttle": 0.57939552979746,
            "brake": 0.0,
            "steer": 0.0
        },
        {
            "throttle": 0.5858583151232708,
            "brake": 0.0,
            "steer": 0.0
        },
        {
            "throttle": 0.5925530801384317,
            "brake": 0.0,
            "steer": 0.0
        },
        {
            "throttle": 0.5993084738071172,
            "brake": 0.0,
            "steer": 0.0
        },
        {
            "throttle": 0.6059894889331569,
            "brake": 0.0,
            "steer": 0.0
        },
        {
            "throttle": 0.6124874093757138,
            "brake": 0.0,
            "steer": 0.0
        },
        {
            "throttle": 0.6187128765483547,
            "brake": 0.0,
            "steer": 0.0
        },
        {
            "throttle": 0.6245911324733022,
            "brake": 0.0,
            "steer": 0.0
        },
        {
            "throttle": 0.6300587787786274,
            "brake": 0.0,
            "steer": 0.0
        },
        {
            "throttle": 0.6350615885629708,
            "brake": 0.0,
            "steer": 0.0
        },
        {
            "throttle": 0.6395530463885312,
            "brake": 0.0,
            "steer": 0.0
        },
        {
            "throttle": 0.6434933885629929,
            "brake": 0.0,
            "steer": 0.0
        },
        {
            "throttle": 0.6468489837694553,
            "brake": 0.0,
            "steer": 0.0
        },
        {
            "throttle": 0.6495919417040299,
            "brake": 0.0,
            "steer": 0.0
        },
        {
            "throttle": 0.6516998707757056,
            "brake": 0.0,
            "steer": 0.0
        },
        {
            "throttle": 0.6531557293762847,
            "brake": 0.0,
            "steer": 0.0
        },
        {
            "throttle": 0.6539477317238573,
            "brake": 0.0,
            "steer": 0.0
        },
        {
            "throttle": 0.6540692809097777,
            "brake": 0.0,
            "steer": 0.0
        },
        {
            "throttle": 0.6535189099977156,
            "brake": 0.0,
            "steer": 0.0
        },
        {
            "throttle": 0.652300217856379,
            "brake": 0.0,
            "steer": 0.0
        },
        {
            "throttle": 0.6504217905699934,
            "brake": 0.0,
            "steer": 0.0
        },
        {
            "throttle": 0.6478971022625089,
            "brake": 0.0,
            "steer": 0.0
        },
        {
            "throttle": 0.644744391342198,
            "brake": 0.0,
            "steer": 0.0
        },
        {
            "throttle": 0.6409865097668135,
            "brake": 0.0,
            "steer": 0.0
        },
        {
            "throttle": 0.6366507441160754,
            "brake": 0.0,
            "steer": 0.0
        },
        {
            "throttle": 0.6317686081566314,
            "brake": 0.0,
            "steer": 0.0
        },
        {
            "throttle": 0.6263756072773513,
            "brake": 0.0,
            "steer": 0.0
        },
        {
            "throttle": 0.6205109757172246,
            "brake": 0.0,
            "steer": 0.0
        },
        {
            "throttle": 0.6142173879439337,
            "brake": 0.0,
            "steer": 0.0
        },
        {
            "throttle": 0.6075406458957654,
            "brake": 0.0,
            "steer": 0.0
        },
        {
            "throttle": 0.6005293440917214,
            "brake": 0.0,
            "steer": 0.0
        },
        {
            "throttle": 0.5932345148573409,
            "brake": 0.0,
            "steer": 0.0
        },
        {
            "throttle": 0.5857092561155786,
            "brake": 0.0,
            "steer": 0.0
        },
        {
            "throttle": 0.5780083443589564,
            "brake": 0.0,
            "steer": 0.0
        },
        {
            "throttle": 0.570187835555046,
            "brake": 0.0,
            "steer": 0.0
        },
        {
            "throttle": 0.5623046568447608,
            "brake": 0.0,
            "steer": 0.0
        },
        {
            "throttle": 0.5544161919736614,
            "brake": 0.0,
            "steer": 0.0
        },
        {
            "throttle": 0.5465798634516948,
            "brake": 0.0,
            "steer": 0.0
        },
        {
            "throttle": 0.5388527144673159,
            "brake": 0.0,
            "steer": 0.0
        },
        {
            "throttle": 0.5312909935884312,
            "brake": 0.0,
            "steer": 0.0
        },
        {
            "throttle": 0.5239497452656083,
            "brake": 0.0,
            "steer": 0.0
        },
        {
            "throttle": 0.5168824091130602,
            "brake": 0.0,
            "steer": 0.0
        },
        {
            "throttle": 0.5101404308806293,
            "brake": 0.0,
            "steer": 0.0
        },
        {
            "throttle": 0.5037728879460264,
            "brake": 0.0,
            "steer": 0.0
        },
        {
            "throttle": 0.49782613205165993,
            "brake": 0.0,
            "steer": 0.0
        },
        {
            "throttle": 0.4923434518854293,
            "brake": 0.0,
            "steer": 0.0
        },
        {
            "throttle": 0.4873647579607766,
            "brake": 0.0,
            "steer": 0.0
        },
        {
            "throttle": 0.482926292089248,
            "brake": 0.0,
            "steer": 0.0
        },
        {
            "throttle": 0.47906036355998133,
            "brake": 0.0,
            "steer": 0.0
        },
        {
            "throttle": 0.4757951139462616,
            "brake": 0.0,
            "steer": 0.0
        },
        {
            "throttle": 0.4731543122509917,
            "brake": 0.0,
            "steer": 0.0
        },
        {
            "throttle": 0.47115718188213984,
            "brake": 0.0,
            "steer": 0.0
        },
        {
            "throttle": 0.4698182607175726,
            "brake": 0.0,
            "steer": 0.0
        },
        {
            "throttle": 0.46914729527783805,
            "brake": 0.0,
            "steer": 0.0
        },
        {
            "throttle": 0.4691491697772061,
            "brake": 0.0,
            "steer": 0.0
        },
        {
            "throttle": 0.46982387056939334,
            "brake": 0.0,
            "steer": 0.0
        },
        {
            "throttle": 0.47116648624676105,
            "brake": 0.0,
            "steer": 0.0
        },
        {
            "throttle": 0.47316724339224503,
            "brake": 0.0,
            "steer": 0.0
        },
        {
            "throttle": 0.47581157772375404,
            "brake": 0.0,
            "steer": 0.0
        },
        {
            "throttle": 0.4790802401131403,
            "brake": 0.0,
            "steer": 0.0
        },
        {
            "throttle": 0.48294943670798196,
            "brake": 0.0,
            "steer": 0.0
        },
        {
            "throttle": 0.48739100213617437,
            "brake": 0.0,
            "steer": 0.0
        },
        {
            "throttle": 0.4923726045325033,
            "brake": 0.0,
            "steer": 0.0
        },
        {
            "throttle": 0.4978579808947309,
            "brake": 0.0,
            "steer": 0.0
        },
        {
            "throttle": 0.503807201055945,
            "brake": 0.0,
            "steer": 0.0
        },
        {
            "throttle": 0.5101769583516153,
            "brake": 0.0,
            "steer": 0.0
        },
        {
            "throttle": 0.5169208848654769,
            "brake": 0.0,
            "steer": 0.0
        },
        {
            "throttle": 0.5239898889594461,
            "brake": 0.0,
            "steer": 0.0
        },
        {
            "throttle": 0.5313325126305556,
            "brake": 0.0,
            "steer": 0.0
        },
        {
            "throttle": 0.5388953060935731,
            "brake": 0.0,
            "steer": 0.0
        },
        {
            "throttle": 0.5466232168625693,
            "brake": 0.0,
            "steer": 0.0
        },
        {
            "throttle": 0.5544599904991625,
            "brake": 0.0,
            "steer": 0.0
        },
        {
            "throttle": 0.5623485801102374,
            "brake": 0.0,
            "steer": 0.0
        },
        {
            "throttle": 0.5702315616142477,
            "brake": 0.0,
            "steer": 0.0
        },
        {
            "throttle": 0.5780515517532187,
            "brake": 0.0,
            "steer": 0.0
        },
        {
            "throttle": 0.5857516258075789,
            "brake": 0.0,
            "steer": 0.0
        },
        {
            "throttle": 0.5932757319731148,
            "brake": 0.0,
            "steer": 0.0
        },
        {
            "throttle": 0.6005690993836381,
            "brake": 0.0,
            "steer": 0.0
        },
        {
            "throttle": 0.6075786368092122,
            "brake": 0.0,
            "steer": 0.0
        },
        {
            "throttle": 0.6142533191276589,
            "brake": 0.0,
            "steer": 0.0
        },
        {
            "throttle": 0.6205445587560725,
            "brake": 0.0,
            "steer": 0.0
        },
        {
            "throttle": 0.6264065593385452,
            "brake": 0.0,
            "steer": 0.0
        },
        {
            "throttle": 0.6317966491154774,
            "brake": 0.0,
            "steer": 0.0
        },
        {
            "throttle": 0.6366755915477484,
            "brake": 0.0,
            "steer": 0.0
        },
        {
            "throttle": 0.6410078709345937,
            "brake": 0.0,
            "steer": 0.0
        },
        {
            "throttle": 0.644761950946067,
            "brake": 0.0,
            "steer": 0.0
        },
        {
            "throttle": 0.6479105041881309,
            "brake": 0.0,
            "steer": 0.0
        },
        {
            "throttle": 0.6504306111292804,
            "brake": 0.0,
            "steer": 0.0
        },
        {
            "throttle": 0.6523039269406393,
            "brake": 0.0,
            "steer": 0.0
        },
        {
            "throttle": 0.6535168150350339,
            "brake": 0.0,
            "steer": 0.0
        },
        {
            "throttle": 0.6540604463329618,
            "brake": 0.0,
            "steer": 0.0
        },
        {
            "throttle": 0.653930863532862,
            "brake": 0.0,
            "steer": 0.0
        },
        {
            "throttle": 0.6531290099178366,
            "brake": 0.0,
            "steer": 0.0
        },
        {
            "throttle": 0.65166072248913,
            "brake": 0.0,
            "steer": 0.0
        },
        {
            "throttle": 0.649536689476349,
            "brake": 0.0,
            "steer": 0.0
        },
        {
            "throttle": 0.6467723725337235,
            "brake": 0.0,
            "steer": 0.0
        },
        {
            "throttle": 0.6433878941887718,
            "brake": 0.0,
            "steer": 0.0
        },
        {
            "throttle": 0.6394078913626735,
            "brake": 0.0,
            "steer": 0.0
        },
        {
            "throttle": 0.6348613360286328,
            "brake": 0.0,
            "steer": 0.0
        },
        {
            "throttle": 0.6297813243137298,
            "brake": 0.0,
            "steer": 0.0
        },
        {
            "throttle": 0.6242048355794656,
            "brake": 0.0,
            "steer": 0.0
        },
        {
            "throttle": 0.6181724632347507,
            "brake": 0.0,
            "steer": 0.0
        },
        {
            "throttle": 0.6117281192408491,
            "brake": 0.0,
            "steer": 0.0
        },
        {
            "throttle": 0.6049187144593028,
            "brake": 0.0,
            "steer": 0.0
        },
        {
            "throttle": 0.5977938171697057,
            "brake": 0.0,
            "steer": 0.0
        },
        {
            "throttle": 0.5904052922431091,
            "brake": 0.0,
            "steer": 0.0
        },
        {
            "throttle": 0.5828069235976527,
            "brake": 0.0,
            "steer": 0.0
        },
        {
            "throttle": 0.5750540226847128,
            "brake": 0.0,
            "steer": 0.0
        },
        {
            "throttle": 0.5672030258555487,
            "brake": 0.0,
            "steer": 0.0
        },
        {
            "throttle": 0.559311083539369,
            "brake": 0.0,
            "steer": 0.0
        },
        {
            "throttle": 0.5514356442233497,
            "brake": 0.0,
            "steer": 0.0
        },
        {
            "throttle": 0.5436340362629736,
            "brake": 0.0,
            "steer": 0.0
        },
        {
            "throttle": 0.5359630505668546,
            "brake": 0.0,
            "steer": 0.0
        },
        {
            "throttle": 0.5284785271938445,
            "brake": 0.0,
            "steer": 0.0
        },
        {
            "throttle": 0.5212349488717417,
            "brake": 0.0,
            "steer": 0.0
        },
        {
            "throttle": 0.5142850443965351,
            "brake": 0.0,
            "steer": 0.0
        },
        {
            "throttle": 0.507679404799193,
            "brake": 0.0,
            "steer": 0.0
        },
        {
            "throttle": 0.5014661150740672,
            "brake": 0.0,
            "steer": 0.0
        },
        {
            "throttle": 0.49569040414970206,
            "brake": 0.0,
            "steer": 0.0
        },
        {
            "throttle": 0.49039431565004676,
            "brake": 0.0,
            "steer": 0.0
        },
        {
            "throttle": 0.4856164018427265,
            "brake": 0.0,
            "steer": 0.0
        },
        {
            "throttle": 0.4813914430022403,
            "brake": 0.0,
            "steer": 0.0
        },
        {
            "throttle": 0.47775019423094994,
            "brake": 0.0,
            "steer": 0.0
        },
        {
            "throttle": 0.47471916158084637,
            "brake": 0.0,
            "steer": 0.0
        },
        {
            "throttle": 0.47232040910579026,
            "brake": 0.0,
            "steer": 0.0
        },
        {
            "throttle": 0.4705713982487675,
            "brake": 0.0,
            "steer": 0.0
        },
        {
            "throttle": 0.46948486073332146,
            "brake": 0.0,
            "steer": 0.0
        },
        {
            "throttle": 0.4690687058844347,
            "brake": 0.0,
            "steer": 0.0
        },
        {
            "throttle": 0.4693259630535067,
            "brake": 0.0,
            "steer": 0.0
        },
        {
            "throttle": 0.4702547595665383,
            "brake": 0.0,
            "steer": 0.0
        },
        {
            "throttle": 0.47184833435604695,
            "brake": 0.0,
            "steer": 0.0
        },
        {
            "throttle": 0.4740950871774805,
            "brake": 0.0,
            "steer": 0.0
        },
        {
            "throttle": 0.47697866305186437,
            "brake": 0.0,
            "steer": 0.0
        },
        {
            "throttle": 0.48047807131999143,
            "brake": 0.0,
            "steer": 0.0
        },
        {
            "throttle": 0.48456783844151374,
            "brake": 0.0,
            "steer": 0.0
        },
        {
            "throttle": 0.48921819342665207,
            "brake": 0.0,
            "steer": 0.0
        },
        {
            "throttle": 0.49439528455069476,
            "brake": 0.0,
            "steer": 0.0
        },
        {
            "throttle": 0.5000614257737376,
            "brake": 0.0,
            "steer": 0.0
        },
        {
            "throttle": 0.5061753710718807,
            "brake": 0.0,
            "steer": 0.0
        },
        {
            "throttle": 0.5126926146829198,
            "brake": 0.0,
            "steer": 0.0
        },
        {
            "throttle": 0.5195657150809272,
            "brake": 0.0,
            "steer": 0.0
        },
        {
            "throttle": 0.5267446403213885,
            "brake": 0.0,
            "steer": 0.0
        },
        {
            "throttle": 0.5341771322429928,
            "brake": 0.0,
            "steer": 0.0
        },
        {
            "throttle": 0.541809086874913,
            "brake": 0.0,
            "steer": 0.0
        },
        {
            "throttle": 0.5495849482804439,
            "brake": 0.0,
            "steer": 0.0
        },
        {
            "throttle": 0.5574481129700589,
            "brake": 0.0,
            "steer": 0.0
        },
        {
            "throttle": 0.5653413419400075,
            "brake": 0.0,
            "steer": 0.0
        },
        {
            "throttle": 0.5732071773370654,
            "brake": 0.0,
            "steer": 0.0
        },
        {
            "throttle": 0.5809883607163742,
            "brake": 0.0,
            "steer": 0.0
        },
        {
            "throttle": 0.5886282498477108,
            "brake": 0.0,
            "steer": 0.0
        },
        {
            "throttle": 0.5960712310360933,
            "brake": 0.0,
            "steer": 0.0
        },
        {
            "throttle": 0.6032631239552824,
            "brake": 0.0,
            "steer": 0.0
        },
        {
            "throttle": 0.61015157604724,
            "brake": 0.0,
            "steer": 0.0
        },
        {
            "throttle": 0.6166864436165599,
            "brake": 0.0,
            "steer": 0.0
        },
        {
            "throttle": 0.6228201568457356,
            "brake": 0.0,
            "steer": 0.0
        },
        {
            "throttle": 0.6285080660741802,
            "brake": 0.0,
            "steer": 0.0
        },
        {
            "throttle": 0.6337087668203001,
            "brake": 0.0,
            "steer": 0.0
        },
        {
            "throttle": 0.6383844011806603,
            "brake": 0.0,
            "steer": 0.0
        },
        {
            "throttle": 0.6425009334122423,
            "brake": 0.0,
            "steer": 0.0
        },
        {
            "throttle": 0.646028397691724,
            "brake": 0.0,
            "steer": 0.0
        },
        {
            "throttle": 0.6489411162482468,
            "brake": 0.0,
            "steer": 0.0
        },
        {
            "throttle": 0.6512178862817978,
            "brake": 0.0,
            "steer": 0.0
        },
        {
            "throttle": 0.6528421343065565,
            "brake": 0.0,
            "steer": 0.0
        },
        {
            "throttle": 0.6538020367956794,
            "brake": 0.0,
            "steer": 0.0
        },
        {
            "throttle": 0.6540906062493057,
            "brake": 0.0,
            "steer": 0.0
        },
        {
            "throttle": 0.6537057420592592,
            "brake": 0.0,
            "steer": 0.0
        },
        {
            "throttle": 0.652650245800184,
            "brake": 0.0,
            "steer": 0.0
        },
        {
            "throttle": 0.6509318008358042,
            "brake": 0.0,
            "steer": 0.0
        },
        {
            "throttle": 0.6485629163887601,
            "brake": 0.0,
            "steer": 0.0
        },
        {
            "throttle": 0.64556083648116,
            "brake": 0.0,
            "steer": 0.0
        },
        {
            "throttle": 0.6419474144087028,
            "brake": 0.0,
            "steer": 0.0
        },
        {
            "throttle": 0.6377489536621229,
            "brake": 0.0,
            "steer": 0.0
        },
        {
            "throttle": 0.6329960164539525,
            "brake": 0.0,
            "steer": 0.0
        },
        {
            "throttle": 0.6277232012444076,
            "brake": 0.0,
            "steer": 0.0
        },
        {
            "throttle": 0.6219688908858723,
            "brake": 0.0,
            "steer": 0.0
        },
        {
            "throttle": 0.6157749732193362,
            "brake": 0.0,
            "steer": 0.0
        },
        {
            "throttle": 0.6091865361566693,
            "brake": 0.0,
            "steer": 0.0
        },
        {
            "throttle": 0.6022515394683492,
            "brake": 0.0,
            "steer": 0.0
        },
        {
            "throttle": 0.5950204656658226,
            "brake": 0.0,
            "steer": 0.0
        },
        {
            "throttle": 0.587545952519865,
            "brake": 0.0,
            "steer": 0.0
        },
        {
            "throttle": 0.5798824098899773,
            "brake": 0.0,
            "steer": 0.0
        },
        {
            "throttle": 0.5720856236540663,
            "brake": 0.0,
            "steer": 0.0
        },
        {
            "throttle": 0.5642123496215565,
            "brake": 0.0,
            "steer": 0.0
        },
        {
            "throttle": 0.5563199003859984,
            "brake": 0.0,
            "steer": 0.0
        },
        {
            "throttle": 0.5484657281246293,
            "brake": 0.0,
            "steer": 0.0
        },
        {
            "throttle": 0.5407070063818517,
            "brake": 0.0,
            "steer": 0.0
        },
        {
            "throttle": 0.5331002138809866,
            "brake": 0.0,
            "steer": 0.0
        },
        {
            "throttle": 0.525700723393898,
            "brake": 0.0,
            "steer": 0.0
        },
        {
            "throttle": 0.5185623986612627,
            "brake": 0.0,
            "steer": 0.0
        },
        {
            "throttle": 0.5117372022976607,
            "brake": 0.0,
            "steer": 0.0
        },
        {
            "throttle": 0.5052748175356929,
            "brake": 0.0,
            "steer": 0.0
        },
        {
            "throttle": 0.49922228656259915,
            "brake": 0.0,
            "steer": 0.0
        },
        {
            "throttle": 0.49362366808206226,
            "brake": 0.0,
            "steer": 0.0
        },
        {
            "throttle": 0.4885197165939375,
            "brake": 0.0,
            "steer": 0.0
        },
        {
            "throttle": 0.4839475857265543,
            "brake": 0.0,
            "steer": 0.0
        },
        {
            "throttle": 0.4799405577811483,
            "brake": 0.0,
            "steer": 0.0
        }
    ],
    "parameters": {
        "fog_density": 69.41404610023783,
        "precipitation": 87.51537364225422,
        "precipitation_deposits": 69.31348874988684,
        "wind_intensity": 49.07508093290171,
        "sun_altitude_angle": 29.90632412141445,
        "cloudiness": 83.7398337611509,
        "lead_base_throttle": 0.5615781706588404,
        "lead_behavior_frequency": 0.13583112312711282,
        "lead_throttle_variation": 0.09509706130192881,
        "lead_brake_probability": 0.001370725968970221,
        "lead_brake_intensity": 0.6934467674980872,
        "lead_brake_duration": 13.6210718083127,
        "initial_distance": 40.12397796587942,
        "initial_ego_velocity": 18.755595304870678,
        "initial_lead_velocity": 6.893141987694431
    },
    "config": {
        "num_timesteps": 200,
        "dt": 0.1,
        "seed": 169
    }
}