{
    "weather": {
        "cloudiness": 65.98553935793042,
        "precipitation": 12.225455366702375,
        "precipitation_deposits": 77.41934940793513,
        "wind_intensity": 48.854729753031876,
        "sun_altitude_angle": 48.37425665801848,
        "fog_density": 77.83330048305979,
        "fog_distance": 74.6874393105292,
        "wetness": 6.112727683351188
    },
    "initial_conditions": {
        "ego": {
            "position": {
                "x": 543.732249177569,
                "y": 20.57,
                "z": 0.294
            },
            "yaw": 0.0,
            "velocity": 19.01293073189683
        },
        "lead": {
            "position": {
                "x": 484.88,
                "y": 20.57,
                "z": 0.294
            },
            "yaw": 0.0,
            "velocity": 6.541315254419682
        }
    },
    "ego": {
        "position": {
            "x": 543.732249177569,
            "y": 20.57,
            "z": 0.294
        },
        "yaw": 0.0,
        "velocity": 19.01293073189683
    },
    "lead": {
        "position": {
            "x": 484.88,
            "y": 20.57,
            "z": 0.294
        },
        "yaw": 0.0,
        "velocity": 6.541315254419682
    },
    "ado_actions": [
        {
            "throttle": 0.5865954071950255,
            "brake": 0.0,
            "steer": 0.0
        },
        {
            "throttle": 0.5905451491960114,
            "brake": 0.0,
            "steer": 0.0
        },
        {
            "throttle": 0.5972399707938727,
            "brake": 0.0,
            "steer": 0.0
        },
        {
            "throttle": 0.6058169671564244,
            "brake": 0.0,
            "steer": 0.0
        },
        {
            "throttle": 0.615652660567797,
            "brake": 0.0,
            "steer": 0.0
        },
        {
            "throttle": 0.6262914662873293,
            "brake": 0.0,
            "steer": 0.0
        },
        {
            "throttle": 0.6373957143593112,
            "brake": 0.0,
            "steer": 0.0
        },
        {
            "throttle": 0.6487107586406852,
            "brake": 0.0,
            "steer": 0.0
        },
        {
            "throttle": 0.6600406444650967,
            "brake": 0.0,
            "steer": 0.0
        },
        {
            "throttle": 0.6712311644796423,
            "brake": 0.0,
            "steer": 0.0
        },
        {
            "throttle": 0.6821580828876054,
            "brake": 0.0,
            "steer": 0.0
        },
        {
            "throttle": 0.6927189738348861,
            "brake": 0.0,
            "steer": 0.0
        },
        {
            "throttle": 0.7028275855496214,
            "brake": 0.0,
            "steer": 0.0
        },
        {
            "throttle": 0.7124099679754732,
            "brake": 0.0,
            "steer": 0.0
        },
        {
            "throttle": 0.7214018299534022,
            "brake": 0.0,
            "steer": 0.0
        },
        {
            "throttle": 0.7297467518512633,
            "brake": 0.0,
            "steer": 0.0
        },
        {
            "throttle": 0.7373949914578847,
            "brake": 0.0,
            "steer": 0.0
        },
        {
            "throttle": 0.744302699328158,
            "brake": 0.0,
            "steer": 0.0
        },
        {
            "throttle": 0.7504314146537256,
            "brake": 0.0,
            "steer": 0.0
        },
        {
            "throttle": 0.7557477511859352,
            "brake": 0.0,
            "steer": 0.0
        },
        {
            "throttle": 0.7602232096857456,
            "brake": 0.0,
            "steer": 0.0
        },
        {
            "throttle": 0.7638340722714225,
            "brake": 0.0,
            "steer": 0.0
        },
        {
            "throttle": 0.7665613472954984,
            "brake": 0.0,
            "steer": 0.0
        },
        {
            "throttle": 0.7683907426989103,
            "brake": 0.0,
            "steer": 0.0
        },
        {
            "throttle": 0.7693126523461739,
            "brake": 0.0,
            "steer": 0.0
        },
        {
            "throttle": 0.7693221444693746,
            "brake": 0.0,
            "steer": 0.0
        },
        {
            "throttle": 0.7684189446203694,
            "brake": 0.0,
            "steer": 0.0
        },
        {
            "throttle": 0.7666074078555452,
            "brake": 0.0,
            "steer": 0.0
        },
        {
            "throttle": 0.7638964765395542,
            "brake": 0.0,
            "steer": 0.0
        },
        {
            "throttle": 0.7602996213520912,
            "brake": 0.0,
            "steer": 0.0
        },
        {
            "throttle": 0.7558347639537764,
            "brake": 0.0,
            "steer": 0.0
        },
        {
            "throttle": 0.7505241804104977,
            "brake": 0.0,
            "steer": 0.0
        },
        {
            "throttle": 0.5253669262873484,
            "brake": 0.18673705878106076,
            "steer": 0.0
        },
        {
            "throttle": 0.36775684840114387,
            "brake": 0.3174529999278033,
            "steer": 0.0
        },
        {
            "throttle": 0.2574297938808007,
            "brake": 0.40895415873052304,
            "steer": 0.0
        },
        {
            "throttle": 0.18020085571656047,
            "brake": 0.4730049698924269,
            "steer": 0.0
        },
        {
            "throttle": 0.12614059900159233,
            "brake": 0.5178405377057596,
            "steer": 0.0
        },
        {
            "throttle": 0.08829841930111462,
            "brake": 0.5492254351750924,
            "steer": 0.0
        },
        {
            "throttle": 0.061808893510780234,
            "brake": 0.5711948634036254,
            "steer": 0.0
        },
        {
            "throttle": 0.24018482126091417,
            "brake": 0.3998364043825377,
            "steer": 0.0
        },
        {
            "throttle": 0.3613334351689377,
            "brake": 0.2798854830677764,
            "steer": 0.0
        },
        {
            "throttle": 0.44233684103812154,
            "brake": 0.19591983814744346,
            "steer": 0.0
        },
        {
            "throttle": 0.495171507480141,
            "brake": 0.1371438867032104,
            "steer": 0.0
        },
        {
            "throttle": 0.5282402923902658,
            "brake": 0.09600072069224727,
            "steer": 0.0
        },
        {
            "throttle": 0.5474447648742446,
            "brake": 0.06720050448457308,
            "steer": 0.0
        },
        {
            "throttle": 0.5569357327983531,
            "brake": 0.04704035313920116,
            "steer": 0.0
        },
        {
            "throttle": 0.5596385135714091,
            "brake": 0.03292824719744081,
            "steer": 0.0
        },
        {
            "throttle": 0.5576205249772096,
            "brake": 0.023049773038208564,
            "steer": 0.0
        },
        {
            "throttle": 0.5523485003236586,
            "brake": 0.016134841126745993,
            "steer": 0.0
        },
        {
            "throttle": 0.5448684413869239,
            "brake": 0.011294388788722194,
            "steer": 0.0
        },
        {
            "throttle": 0.5359314890735366,
            "brake": 0.007906072152105535,
            "steer": 0.0
        },
        {
            "throttle": 0.5260819382282502,
            "brake": 0.005534250506473874,
            "steer": 0.0
        },
        {
            "throttle": 0.5157187555601994,
            "brake": 0.0038739753545317117,
            "steer": 0.0
        },
        {
            "throttle": 0.5051385524301193,
            "brake": 0.002711782748172198,
            "steer": 0.0
        },
        {
            "throttle": 0.49456557916716537,
            "brake": 0.0018982479237205385,
            "steer": 0.0
        },
        {
            "throttle": 0.4841726380162853,
            "brake": 0.0013287735466043769,
            "steer": 0.0
        },
        {
            "throttle": 0.47409564310199515,
            "brake": 0.0009301414826230638,
            "steer": 0.0
        },
        {
            "throttle": 0.46444373767397273,
            "brake": 0.0006510990378361446,
            "steer": 0.0
        },
        {
            "throttle": 0.45530630619373724,
            "brake": 0.0004557693264853012,
            "steer": 0.0
        },
        {
            "throttle": 0.4467578179036682,
            "brake": 0.0003190385285397108,
            "steer": 0.0
        },
        {
            "throttle": 0.438861157851556,
            "brake": 0.00022332696997779755,
            "steer": 0.0
        },
        {
            "throttle": 0.43166990484915135,
            "brake": 0.00015632887898445828,
            "steer": 0.0
        },
        {
            "throttle": 0.42522987826831316,
            "brake": 0.00010943021528912079,
            "steer": 0.0
        },
        {
            "throttle": 0.4195801792460417,
            "brake": 7.660115070238455e-05,
            "steer": 0.0
        },
        {
            "throttle": 0.4147538844059645,
            "brake": 5.3620805491669185e-05,
            "steer": 0.0
        },
        {
            "throttle": 0.4107785029471039,
            "brake": 3.753456384416843e-05,
            "steer": 0.0
        },
        {
            "throttle": 0.40767627483802304,
            "brake": 2.6274194690917897e-05,
            "steer": 0.0
        },
        {
            "throttle": 0.40546436464180957,
            "brake": 1.8391936283642526e-05,
            "steer": 0.0
        },
        {
            "throttle": 0.4041549892142385,
            "brake": 1.2874355398549768e-05,
            "steer": 0.0
        },
        {
            "throttle": 0.4037555060846331,
            "brake": 9.012048778984837e-06,
            "steer": 0.0
        },
        {
            "throttle": 0.4042684812911234,
            "brake": 6.3084341452893855e-06,
            "steer": 0.0
        },
        {
            "throttle": 0.40569174978066147,
            "brake": 4.41590390170257e-06,
            "steer": 0.0
        },
        {
            "throttle": 0.4080184774864989,
            "brake": 3.0911327311917985e-06,
            "steer": 0.0
        },
        {
            "throttle": 0.4112372313630765,
            "brake": 2.163792911834259e-06,
            "steer": 0.0
        },
        {
            "throttle": 0.41533206164144826,
            "brake": 1.5146550382839812e-06,
            "steer": 0.0
        },
        {
            "throttle": 0.4202825991233442,
            "brake": 1.0602585267987867e-06,
            "steer": 0.0
        },
        {
            "throttle": 0.42606416928806023,
            "brake": 7.421809687591507e-07,
            "steer": 0.0
        },
        {
            "throttle": 0.4326479242242033,
            "brake": 5.195266781314055e-07,
            "steer": 0.0
        },
        {
            "throttle": 0.44000099283454563,
            "brake": 3.636686746919838e-07,
            "steer": 0.0
        },
        {
            "throttle": 0.44808664933863285,
            "brake": 2.5456807228438864e-07,
            "steer": 0.0
        },
        {
            "throttle": 0.4568644997737431,
            "brake": 1.7819765059907204e-07,
            "steer": 0.0
        },
        {
            "throttle": 0.46629068594202644,
            "brake": 1.2473835541935043e-07,
            "steer": 0.0
        },
        {
            "throttle": 0.47631810605048464,
            "brake": 8.73168487935453e-08,
            "steer": 0.0
        },
        {
            "throttle": 0.48689665112724767,
            "brake": 6.11217941554817e-08,
            "steer": 0.0
        },
        {
            "throttle": 0.4979734561629079,
            "brake": 4.278525590883719e-08,
            "steer": 0.0
        },
        {
            "throttle": 0.5094931648129873,
            "brake": 2.994967913618603e-08,
            "steer": 0.0
        },
        {
            "throttle": 0.5213982064024762,
            "brake": 2.096477539533022e-08,
            "steer": 0.0
        },
        {
            "throttle": 0.5336290838927387,
            "brake": 1.4675342776731152e-08,
            "steer": 0.0
        },
        {
            "throttle": 0.5461246714028902,
            "brake": 1.0272739943711805e-08,
            "steer": 0.0
        },
        {
            "throttle": 0.55882251982061,
            "brake": 7.190917960598263e-09,
            "steer": 0.0
        },
        {
            "throttle": 0.5716591689903553,
            "brake": 5.033642572418784e-09,
            "steer": 0.0
        },
        {
            "throttle": 0.5845704649294712,
            "brake": 3.5235498006931486e-09,
            "steer": 0.0
        },
        {
            "throttle": 0.597491880494344,
            "brake": 2.466484860485204e-09,
            "steer": 0.0
        },
        {
            "throttle": 0.6103588378992478,
            "brake": 1.7265394023396427e-09,
            "steer": 0.0
        },
        {
            "throttle": 0.6231070314796986,
            "brake": 1.2085775816377497e-09,
            "steer": 0.0
        },
        {
            "throttle": 0.6356727490898034,
            "brake": 8.460043071464247e-10,
            "steer": 0.0
        },
        {
            "throttle": 0.647993190529147,
            "brake": 5.922030150024972e-10,
            "steer": 0.0
        },
        {
            "throttle": 0.6600067814090603,
            "brake": 4.1454211050174805e-10,
            "steer": 0.0
        },
        {
            "throttle": 0.6716534808905337,
            "brake": 2.9017947735122363e-10,
            "steer": 0.0
        },
        {
            "throttle": 0.6828750817563943,
            "brake": 2.0312563414585653e-10,
            "steer": 0.0
        },
        {
            "throttle": 0.6936155013185005,
            "brake": 1.4218794390209956e-10,
            "steer": 0.0
        },
        {
            "throttle": 0.7038210617063724,
            "brake": 9.953156073146969e-11,
            "steer": 0.0
        },
        {
            "throttle": 0.7134407581366633,
            "brake": 6.967209251202878e-11,
            "steer": 0.0
        },
        {
            "throttle": 0.7224265138228751,
            "brake": 4.877046475842014e-11,
            "steer": 0.0
        },
        {
            "throttle": 0.7307334202514495,
            "brake": 3.4139325330894097e-11,
            "steer": 0.0
        },
        {
            "throttle": 0.7383199616234688,
            "brake": 2.3897527731625865e-11,
            "steer": 0.0
        },
        {
            "throttle": 0.7451482223403152,
            "brake": 1.6728269412138106e-11,
            "steer": 0.0
        },
        {
            "throttle": 0.7511840764963624,
            "brake": 1.1709788588496674e-11,
            "steer": 0.0
        },
        {
            "throttle": 0.7563973584316903,
            "brake": 8.196852011947671e-12,
            "steer": 0.0
        },
        {
            "throttle": 0.7607620134924594,
            "brake": 5.737796408363369e-12,
            "steer": 0.0
        },
        {
            "throttle": 0.7642562282454972,
            "brake": 4.016457485854358e-12,
            "steer": 0.0
        },
        {
            "throttle": 0.7668625394963231,
            "brake": 2.8115202400980506e-12,
            "steer": 0.0
        },
        {
            "throttle": 0.7685679215657771,
            "brake": 1.968064168068635e-12,
            "steer": 0.0
        },
        {
            "throttle": 0.7693638513890662,
            "brake": 1.3776449176480446e-12,
            "steer": 0.0
        },
        {
            "throttle": 0.7692463511118864,
            "brake": 9.643514423536311e-13,
            "steer": 0.0
        },
        {
            "throttle": 0.7682160079707356,
            "brake": 6.750460096475417e-13,
            "steer": 0.0
        },
        {
            "throttle": 0.7662779713580634,
            "brake": 4.725322067532792e-13,
            "steer": 0.0
        },
        {
            "throttle": 0.7634419270869249,
            "brake": 3.3077254472729543e-13,
            "steer": 0.0
        },
        {
            "throttle": 0.7597220489837606,
            "brake": 2.315407813091068e-13,
            "steer": 0.0
        },
        {
            "throttle": 0.7551369280512262,
            "brake": 1.6207854691637475e-13,
            "steer": 0.0
        },
        {
            "throttle": 0.7497094795551026,
            "brake": 1.1345498284146233e-13,
            "steer": 0.0
        },
        {
            "throttle": 0.7434668284996382,
            "brake": 7.941848798902362e-14,
            "steer": 0.0
        },
        {
            "throttle": 0.7364401740636936,
            "brake": 5.559294159231653e-14,
            "steer": 0.0
        },
        {
            "throttle": 0.7286646336751973,
            "brake": 3.891505911462157e-14,
            "steer": 0.0
        },
        {
            "throttle": 0.7201790675031924,
            "brake": 2.72405413802351e-14,
            "steer": 0.0
        },
        {
            "throttle": 0.7110258842446168,
            "brake": 1.906837896616457e-14,
            "steer": 0.0
        },
        {
            "throttle": 0.7012508291764449,
            "brake": 1.3347865276315197e-14,
            "steer": 0.0
        },
        {
            "throttle": 0.6909027555324533,
            "brake": 9.343505693420638e-15,
            "steer": 0.0
        },
        {
            "throttle": 0.6800333803472097,
            "brake": 6.5404539853944455e-15,
            "steer": 0.0
        },
        {
            "throttle": 0.6686970259875162,
            "brake": 4.578317789776111e-15,
            "steer": 0.0
        },
        {
            "throttle": 0.6569503486630658,
            "brake": 3.2048224528432778e-15,
            "steer": 0.0
        },
        {
            "throttle": 0.6448520552731463,
            "brake": 2.2433757169902943e-15,
            "steer": 0.0
        },
        {
            "throttle": 0.632462610004521,
            "brake": 1.5703630018932058e-15,
            "steer": 0.0
        },
        {
            "throttle": 0.6198439321468349,
            "brake": 1.099254101325244e-15,
            "steer": 0.0
        },
        {
            "throttle": 0.6070590866357862,
            "brake": 7.694778709276708e-16,
            "steer": 0.0
        },
        {
            "throttle": 0.5941719688706523,
            "brake": 5.386345096493695e-16,
            "steer": 0.0
        },
        {
            "throttle": 0.5812469853813688,
            "brake": 3.7704415675455864e-16,
            "steer": 0.0
        },
        {
            "throttle": 0.5683487319411102,
            "brake": 2.6393090972819104e-16,
            "steer": 0.0
        },
        {
            "throttle": 0.5555416707330786,
            "brake": 1.847516368097337e-16,
            "steer": 0.0
        },
        {
            "throttle": 0.5428898081849423,
            "brake": 1.293261457668136e-16,
            "steer": 0.0
        },
        {
            "throttle": 0.5304563750810242,
            "brake": 9.052830203676951e-17,
            "steer": 0.0
        },
        {
            "throttle": 0.5183035105509584,
            "brake": 6.336981142573865e-17,
            "steer": 0.0
        },
        {
            "throttle": 0.5064919515141576,
            "brake": 4.4358867998017056e-17,
            "steer": 0.0
        },
        {
            "throttle": 0.49508072913217094,
            "brake": 3.105120759861194e-17,
            "steer": 0.0
        },
        {
            "throttle": 0.4841268737859838,
            "brake": 2.1735845319028356e-17,
            "steer": 0.0
        },
        {
            "throttle": 0.47368513005271023,
            "brake": 1.521509172331985e-17,
            "steer": 0.0
        },
        {
            "throttle": 0.46380768310614917,
            "brake": 1.0650564206323894e-17,
            "steer": 0.0
        },
        {
            "throttle": 0.45454389790858696,
            "brake": 7.455394944426725e-18,
            "steer": 0.0
        },
        {
            "throttle": 0.44594007249729783,
            "brake": 5.2187764610987075e-18,
            "steer": 0.0
        },
        {
            "throttle": 0.438039206598754,
            "brake": 3.653143522769095e-18,
            "steer": 0.0
        },
        {
            "throttle": 0.4308807867269525,
            "brake": 2.557200465938366e-18,
            "steer": 0.0
        },
        {
            "throttle": 0.4245005888398827,
            "brake": 1.790040326156856e-18,
            "steer": 0.0
        },
        {
            "throttle": 0.4189304995404064,
            "brake": 1.2530282283097992e-18,
            "steer": 0.0
        },
        {
            "throttle": 0.4141983567151443,
            "brake": 8.771197598168593e-19,
            "steer": 0.0
        },
        {
            "throttle": 0.41032781040781385,
            "brake": 6.139838318718015e-19,
            "steer": 0.0
        },
        {
            "throttle": 0.4073382046223385,
            "brake": 4.29788682310261e-19,
            "steer": 0.0
        },
        {
            "throttle": 0.4052444806464467,
            "brake": 3.008520776171827e-19,
            "steer": 0.0
        },
        {
            "throttle": 0.404057102378924,
            "brake": 2.1059645433202785e-19,
            "steer": 0.0
        },
        {
            "throttle": 0.4037820040337138,
            "brake": 1.4741751803241949e-19,
            "steer": 0.0
        },
        {
            "throttle": 0.40442056048222874,
            "brake": 1.0319226262269363e-19,
            "steer": 0.0
        },
        {
            "throttle": 0.40596958038209363,
            "brake": 7.223458383588554e-20,
            "steer": 0.0
        },
        {
            "throttle": 0.40842132212666143,
            "brake": 5.0564208685119875e-20,
            "steer": 0.0
        },
        {
            "throttle": 0.41176353253559,
            "brake": 3.539494607958391e-20,
            "steer": 0.0
        },
        {
            "throttle": 0.4159795080931144,
            "brake": 2.4776462255708737e-20,
            "steer": 0.0
        },
        {
            "throttle": 0.42104817842796116,
            "brake": 1.7343523578996114e-20,
            "steer": 0.0
        },
        {
            "throttle": 0.42694421161769375,
            "brake": 1.2140466505297279e-20,
            "steer": 0.0
        },
        {
            "throttle": 0.4336381407912043,
            "brake": 8.498326553708095e-21,
            "steer": 0.0
        },
        {
            "throttle": 0.44109651139662465,
            "brake": 5.948828587595666e-21,
            "steer": 0.0
        },
        {
            "throttle": 0.4492820483986501,
            "brake": 4.164180011316966e-21,
            "steer": 0.0
        },
        {
            "throttle": 0.458153842569665,
            "brake": 2.914926007921876e-21,
            "steer": 0.0
        },
        {
            "throttle": 0.46766755494363554,
            "brake": 2.040448205545313e-21,
            "steer": 0.0
        },
        {
            "throttle": 0.47777563841096093,
            "brake": 1.428313743881719e-21,
            "steer": 0.0
        },
        {
            "throttle": 0.48842757534680853,
            "brake": 9.998196207172032e-22,
            "steer": 0.0
        },
        {
            "throttle": 0.49957013008532675,
            "brake": 6.998737345020422e-22,
            "steer": 0.0
        },
        {
            "throttle": 0.5111476149779342,
            "brake": 4.899116141514295e-22,
            "steer": 0.0
        },
        {
            "throttle": 0.523102168705994,
            "brake": 3.429381299060006e-22,
            "steer": 0.0
        },
        {
            "throttle": 0.5353740454569366,
            "brake": 2.400566909342004e-22,
            "steer": 0.0
        },
        {
            "throttle": 0.547901913518603,
            "brake": 1.6803968365394027e-22,
            "steer": 0.0
        },
        {
            "throttle": 0.5606231617995099,
            "brake": 1.1762777855775818e-22,
            "steer": 0.0
        },
        {
            "throttle": 0.5734742127431267,
            "brake": 8.233944499043072e-23,
            "steer": 0.0
        },
        {
            "throttle": 0.5863908400722989,
            "brake": 5.76376114933015e-23,
            "steer": 0.0
        },
        {
            "throttle": 0.5993084897758107,
            "brake": 4.034632804531105e-23,
            "steer": 0.0
        },
        {
            "throttle": 0.6121626027328799,
            "brake": 2.824242963171773e-23,
            "steer": 0.0
        },
        {
            "throttle": 0.624888937363189,
            "brake": 1.976970074220241e-23,
            "steer": 0.0
        },
        {
            "throttle": 0.6374238906899296,
            "brake": 1.3838790519541687e-23,
            "steer": 0.0
        },
        {
            "throttle": 0.6497048162112694,
            "brake": 9.68715336367918e-24,
            "steer": 0.0
        },
        {
            "throttle": 0.6616703369916015,
            "brake": 6.781007354575426e-24,
            "steer": 0.0
        },
        {
            "throttle": 0.6732606524078242,
            "brake": 4.7467051482027984e-24,
            "steer": 0.0
        },
        {
            "throttle": 0.6844178370176138,
            "brake": 3.322693603741959e-24,
            "steer": 0.0
        },
        {
            "throttle": 0.6950861300560213,
            "brake": 2.325885522619371e-24,
            "steer": 0.0
        },
        {
            "throttle": 0.7052122141135632,
            "brake": 1.6281198658335596e-24,
            "steer": 0.0
        },
        {
            "throttle": 0.714745481603045,
            "brake": 1.1396839060834916e-24,
            "steer": 0.0
        },
        {
            "throttle": 0.5003218371221314,
            "brake": 0.18673705878106076,
            "steer": 0.0
        },
        {
            "throttle": 0.35022528598549196,
            "brake": 0.3174529999278033,
            "steer": 0.0
        },
        {
            "throttle": 0.24515770018984437,
            "brake": 0.40895415873052304,
            "steer": 0.0
        },
        {
            "throttle": 0.17161039013289106,
            "brake": 0.4730049698924269,
            "steer": 0.0
        },
        {
            "throttle": 0.12012727309302373,
            "brake": 0.5178405377057596,
            "steer": 0.0
        },
        {
            "throttle": 0.0840890911651166,
            "brake": 0.5492254351750924,
            "steer": 0.0
        },
        {
            "throttle": 0.05886236381558162,
            "brake": 0.5711948634036254,
            "steer": 0.0
        },
        {
            "throttle": 0.2729659404905919,
            "brake": 0.3998364043825377,
            "steer": 0.0
        }
    ],
    "parameters": {
        "fog_density": 77.83330048305979,
        "precipitation": 12.225455366702375,
        "precipitation_deposits": 77.41934940793513,
        "wind_intensity": 48.854729753031876,
        "sun_altitude_angle": 48.37425665801848,
        "cloudiness": 65.98553935793042,
        "lead_base_throttle": 0.5865954071950255,
        "lead_behavior_frequency": 0.1125376034170734,
        "lead_throttle_variation": 0.1863510751931533,
        "lead_brake_probability": 0.04790617244234539,
        "lead_brake_intensity": 0.6224568626035358,
        "lead_brake_duration": 7.611611480892079,
        "initial_distance": 58.85224917756895,
        "initial_ego_velocity": 19.01293073189683,
        "initial_lead_velocity": 6.541315254419682
    },
    "config": {
        "num_timesteps": 200,
        "dt": 0.1,
        "seed": 230
    }
}