{
    "weather": {
        "cloudiness": 69.52877444610746,
        "precipitation": 33.531146416137936,
        "precipitation_deposits": 63.97837423129804,
        "wind_intensity": 38.828046288686195,
        "sun_altitude_angle": 3.458829039341765,
        "fog_density": 20.84074297504938,
        "fog_distance": 499.2284699008997,
        "wetness": 16.765573208068968
    },
    "initial_conditions": {
        "ego": {
            "position": {
                "x": 513.5378735003709,
                "y": 20.57,
                "z": 0.294
            },
            "yaw": 0.0,
            "velocity": 12.554897970241926
        },
        "lead": {
            "position": {
                "x": 484.88,
                "y": 20.57,
                "z": 0.294
            },
            "yaw": 0.0,
            "velocity": 10.13926500769138
        }
    },
    "ego": {
        "position": {
            "x": 513.5378735003709,
            "y": 20.57,
            "z": 0.294
        },
        "yaw": 0.0,
        "velocity": 12.554897970241926
    },
    "lead": {
        "position": {
            "x": 484.88,
            "y": 20.57,
            "z": 0.294
        },
        "yaw": 0.0,
        "velocity": 10.13926500769138
    },
    "ado_actions": [
        {
            "throttle": 0.49854997318112615,
            "brake": 0.0,
            "steer": 0.0
        },
        {
            "throttle": 0.4988514921275945,
            "brake": 0.0,
            "steer": 0.0
        },
        {
            "throttle": 0.49936281933696736,
            "brake": 0.0,
            "steer": 0.0
        },
        {
            "throttle": 0.500018507554759,
            "brake": 0.0,
            "steer": 0.0
        },
        {
            "throttle": 0.5007715043523602,
            "brake": 0.0,
            "steer": 0.0
        },
        {
            "throttle": 0.501587649263294,
            "brake": 0.0,
            "steer": 0.0
        },
        {
            "throttle": 0.5024418268722262,
            "brake": 0.0,
            "steer": 0.0
        },
        {
            "throttle": 0.503315278984838,
            "brake": 0.0,
            "steer": 0.0
        },
        {
            "throttle": 0.5041937280473949,
            "brake": 0.0,
            "steer": 0.0
        },
        {
            "throttle": 0.5050660683137964,
            "brake": 0.0,
            "steer": 0.0
        },
        {
            "throttle": 0.5059234542886863,
            "brake": 0.0,
            "steer": 0.0
        },
        {
            "throttle": 0.5067586670973785,
            "brake": 0.0,
            "steer": 0.0
        },
        {
            "throttle": 0.5075656752195598,
            "brake": 0.0,
            "steer": 0.0
        },
        {
            "throttle": 0.5083393310748521,
            "brake": 0.0,
            "steer": 0.0
        },
        {
            "throttle": 0.5090751624849432,
            "brake": 0.0,
            "steer": 0.0
        },
        {
            "throttle": 0.5097692303135476,
            "brake": 0.0,
            "steer": 0.0
        },
        {
            "throttle": 0.5104180321800288,
            "brake": 0.0,
            "steer": 0.0
        },
        {
            "throttle": 0.5110184381597552,
            "brake": 0.0,
            "steer": 0.0
        },
        {
            "throttle": 0.5115676485974356,
            "brake": 0.0,
            "steer": 0.0
        },
        {
            "throttle": 0.512063167110053,
            "brake": 0.0,
            "steer": 0.0
        },
        {
            "throttle": 0.5125027839224873,
            "brake": 0.0,
            "steer": 0.0
        },
        {
            "throttle": 0.5128845661266928,
            "brake": 0.0,
            "steer": 0.0
        },
        {
            "throttle": 0.5132068524700255,
            "brake": 0.0,
            "steer": 0.0
        },
        {
            "throttle": 0.5134682509899522,
            "brake": 0.0,
            "steer": 0.0
        },
        {
            "throttle": 0.5136676383118588,
            "brake": 0.0,
            "steer": 0.0
        },
        {
            "throttle": 0.513804159777698,
            "brake": 0.0,
            "steer": 0.0
        },
        {
            "throttle": 0.5138772298203056,
            "brake": 0.0,
            "steer": 0.0
        },
        {
            "throttle": 0.5138865321725902,
            "brake": 0.0,
            "steer": 0.0
        },
        {
            "throttle": 0.5138320196242527,
            "brake": 0.0,
            "steer": 0.0
        },
        {
            "throttle": 0.5137139131265228,
            "brake": 0.0,
            "steer": 0.0
        },
        {
            "throttle": 0.5135327001082662,
            "brake": 0.0,
            "steer": 0.0
        },
        {
            "throttle": 0.5132891319122159,
            "brake": 0.0,
            "steer": 0.0
        },
        {
            "throttle": 0.5129842202932138,
            "brake": 0.0,
            "steer": 0.0
        },
        {
            "throttle": 0.5126192329448933,
            "brake": 0.0,
            "steer": 0.0
        },
        {
            "throttle": 0.5121956880397184,
            "brake": 0.0,
            "steer": 0.0
        },
        {
            "throttle": 0.5117153477815133,
            "brake": 0.0,
            "steer": 0.0
        },
        {
            "throttle": 0.5111802109808039,
            "brake": 0.0,
            "steer": 0.0
        },
        {
            "throttle": 0.5105925046723149,
            "brake": 0.0,
            "steer": 0.0
        },
        {
            "throttle": 0.5099546748014196,
            "brake": 0.0,
            "steer": 0.0
        },
        {
            "throttle": 0.5092693760126459,
            "brake": 0.0,
            "steer": 0.0
        },
        {
            "throttle": 0.5085394605787721,
            "brake": 0.0,
            "steer": 0.0
        },
        {
            "throttle": 0.5077679665138212,
            "brake": 0.0,
            "steer": 0.0
        },
        {
            "throttle": 0.5069581049174847,
            "brake": 0.0,
            "steer": 0.0
        },
        {
            "throttle": 0.5061132466022931,
            "brake": 0.0,
            "steer": 0.0
        },
        {
            "throttle": 0.5052369080582411,
            "brake": 0.0,
            "steer": 0.0
        },
        {
            "throttle": 0.5043327368126213,
            "brake": 0.0,
            "steer": 0.0
        },
        {
            "throttle": 0.5034044962455351,
            "brake": 0.0,
            "steer": 0.0
        },
        {
            "throttle": 0.5024560499239563,
            "brake": 0.0,
            "steer": 0.0
        },
        {
            "throttle": 0.5014913455193241,
            "brake": 0.0,
            "steer": 0.0
        },
        {
            "throttle": 0.5005143983754451,
            "brake": 0.0,
            "steer": 0.0
        },
        {
            "throttle": 0.4995292747949874,
            "brake": 0.0,
            "steer": 0.0
        },
        {
            "throttle": 0.49854007511405296,
            "brake": 0.0,
            "steer": 0.0
        },
        {
            "throttle": 0.4975509166352225,
            "brake": 0.0,
            "steer": 0.0
        },
        {
            "throttle": 0.496565916490071,
            "brake": 0.0,
            "steer": 0.0
        },
        {
            "throttle": 0.49558917450245765,
            "brake": 0.0,
            "steer": 0.0
        },
        {
            "throttle": 0.49462475612389933,
            "brake": 0.0,
            "steer": 0.0
        },
        {
            "throttle": 0.49367667551204075,
            "brake": 0.0,
            "steer": 0.0
        },
        {
            "throttle": 0.49274887882264506,
            "brake": 0.0,
            "steer": 0.0
        },
        {
            "throttle": 0.49184522778464057,
            "brake": 0.0,
            "steer": 0.0
        },
        {
            "throttle": 0.490969483626584,
            "brake": 0.0,
            "steer": 0.0
        },
        {
            "throttle": 0.49012529142144023,
            "brake": 0.0,
            "steer": 0.0
        },
        {
            "throttle": 0.48931616491483654,
            "brake": 0.0,
            "steer": 0.0
        },
        {
            "throttle": 0.48854547189993813,
            "brake": 0.0,
            "steer": 0.0
        },
        {
            "throttle": 0.4878164201998188,
            "brake": 0.0,
            "steer": 0.0
        },
        {
            "throttle": 0.4871320443156698,
            "brake": 0.0,
            "steer": 0.0
        },
        {
            "throttle": 0.4864951927964201,
            "brake": 0.0,
            "steer": 0.0
        },
        {
            "throttle": 0.4859085163823393,
            "brake": 0.0,
            "steer": 0.0
        },
        {
            "throttle": 0.48537445697197124,
            "brake": 0.0,
            "steer": 0.0
        },
        {
            "throttle": 0.48489523745832164,
            "brake": 0.0,
            "steer": 0.0
        },
        {
            "throttle": 0.4844728524766033,
            "brake": 0.0,
            "steer": 0.0
        },
        {
            "throttle": 0.48410906010204957,
            "brake": 0.0,
            "steer": 0.0
        },
        {
            "throttle": 0.4838053745323512,
            "brake": 0.0,
            "steer": 0.0
        },
        {
            "throttle": 0.4835630597851748,
            "brake": 0.0,
            "steer": 0.0
        },
        {
            "throttle": 0.4833831244369953,
            "brake": 0.0,
            "steer": 0.0
        },
        {
            "throttle": 0.4832663174251404,
            "brake": 0.0,
            "steer": 0.0
        },
        {
            "throttle": 0.48321312493051993,
            "brake": 0.0,
            "steer": 0.0
        },
        {
            "throttle": 0.4832237683540156,
            "brake": 0.0,
            "steer": 0.0
        },
        {
            "throttle": 0.4832982033949535,
            "brake": 0.0,
            "steer": 0.0
        },
        {
            "throttle": 0.4834361202354947,
            "brake": 0.0,
            "steer": 0.0
        },
        {
            "throttle": 0.48363694483017716,
            "brake": 0.0,
            "steer": 0.0
        },
        {
            "throttle": 0.4838998412952408,
            "brake": 0.0,
            "steer": 0.0
        },
        {
            "throttle": 0.4842237153877914,
            "brake": 0.0,
            "steer": 0.0
        },
        {
            "throttle": 0.48460721906032184,
            "brake": 0.0,
            "steer": 0.0
        },
        {
            "throttle": 0.4850487560716333,
            "brake": 0.0,
            "steer": 0.0
        },
        {
            "throttle": 0.48554648863080296,
            "brake": 0.0,
            "steer": 0.0
        },
        {
            "throttle": 0.48609834504654387,
            "brake": 0.0,
            "steer": 0.0
        },
        {
            "throttle": 0.48670202835011833,
            "brake": 0.0,
            "steer": 0.0
        },
        {
            "throttle": 0.48735502585591417,
            "brake": 0.0,
            "steer": 0.0
        },
        {
            "throttle": 0.4880546196198904,
            "brake": 0.0,
            "steer": 0.0
        },
        {
            "throttle": 0.48879789775236143,
            "brake": 0.0,
            "steer": 0.0
        },
        {
            "throttle": 0.4895817665380328,
            "brake": 0.0,
            "steer": 0.0
        },
        {
            "throttle": 0.4904029633128423,
            "brake": 0.0,
            "steer": 0.0
        },
        {
            "throttle": 0.49125807004400907,
            "brake": 0.0,
            "steer": 0.0
        },
        {
            "throttle": 0.49214352755676805,
            "brake": 0.0,
            "steer": 0.0
        },
        {
            "throttle": 0.493055650348573,
            "brake": 0.0,
            "steer": 0.0
        },
        {
            "throttle": 0.4939906419291087,
            "brake": 0.0,
            "steer": 0.0
        },
        {
            "throttle": 0.4949446106222629,
            "brake": 0.0,
            "steer": 0.0
        },
        {
            "throttle": 0.4959135857642861,
            "brake": 0.0,
            "steer": 0.0
        },
        {
            "throttle": 0.49689353423071814,
            "brake": 0.0,
            "steer": 0.0
        },
        {
            "throttle": 0.49788037722329226,
            "brake": 0.0,
            "steer": 0.0
        },
        {
            "throttle": 0.4988700072469458,
            "brake": 0.0,
            "steer": 0.0
        },
        {
            "throttle": 0.49985830520627395,
            "brake": 0.0,
            "steer": 0.0
        },
        {
            "throttle": 0.5008411575502669,
            "brake": 0.0,
            "steer": 0.0
        },
        {
            "throttle": 0.5018144733939709,
            "brake": 0.0,
            "steer": 0.0
        },
        {
            "throttle": 0.5027742015458054,
            "brake": 0.0,
            "steer": 0.0
        },
        {
            "throttle": 0.5037163473696687,
            "brake": 0.0,
            "steer": 0.0
        },
        {
            "throttle": 0.5046369894116425,
            "brake": 0.0,
            "steer": 0.0
        },
        {
            "throttle": 0.505532295722095,
            "brake": 0.0,
            "steer": 0.0
        },
        {
            "throttle": 0.506398539805244,
            "brake": 0.0,
            "steer": 0.0
        },
        {
            "throttle": 0.5072321161297926,
            "brake": 0.0,
            "steer": 0.0
        },
        {
            "throttle": 0.5080295551360811,
            "brake": 0.0,
            "steer": 0.0
        },
        {
            "throttle": 0.508787537677289,
            "brake": 0.0,
            "steer": 0.0
        },
        {
            "throttle": 0.5095029088345803,
            "brake": 0.0,
            "steer": 0.0
        },
        {
            "throttle": 0.5101726910486889,
            "brake": 0.0,
            "steer": 0.0
        },
        {
            "throttle": 0.5107940965132888,
            "brake": 0.0,
            "steer": 0.0
        },
        {
            "throttle": 0.5113645387785628,
            "brake": 0.0,
            "steer": 0.0
        },
        {
            "throttle": 0.5118816435166736,
            "brake": 0.0,
            "steer": 0.0
        },
        {
            "throttle": 0.5123432584043291,
            "brake": 0.0,
            "steer": 0.0
        },
        {
            "throttle": 0.5127474620813067,
            "brake": 0.0,
            "steer": 0.0
        },
        {
            "throttle": 0.51309257214765,
            "brake": 0.0,
            "steer": 0.0
        },
        {
            "throttle": 0.5133771521662518,
            "brake": 0.0,
            "steer": 0.0
        },
        {
            "throttle": 0.5136000176416756,
            "brake": 0.0,
            "steer": 0.0
        },
        {
            "throttle": 0.5137602409503309,
            "brake": 0.0,
            "steer": 0.0
        },
        {
            "throttle": 0.3596321686652316,
            "brake": 0.036665760109039436,
            "steer": 0.0
        },
        {
            "throttle": 0.2517425180656621,
            "brake": 0.06233179218536704,
            "steer": 0.0
        },
        {
            "throttle": 0.17621976264596348,
            "brake": 0.08029801463879635,
            "steer": 0.0
        },
        {
            "throttle": 0.12335383385217442,
            "brake": 0.09287437035619688,
            "steer": 0.0
        },
        {
            "throttle": 0.0863476836965221,
            "brake": 0.10167781935837725,
            "steer": 0.0
        },
        {
            "throttle": 0.06044337858756547,
            "brake": 0.1078402336599035,
            "steer": 0.0
        },
        {
            "throttle": 0.04231036501129583,
            "brake": 0.11215392367097188,
            "steer": 0.0
        },
        {
            "throttle": 0.029617255507907076,
            "brake": 0.11517350667871974,
            "steer": 0.0
        },
        {
            "throttle": 0.020732078855534953,
            "brake": 0.11728721478414325,
            "steer": 0.0
        },
        {
            "throttle": 0.014512455198874466,
            "brake": 0.1187668104579397,
            "steer": 0.0
        },
        {
            "throttle": 0.010158718639212125,
            "brake": 0.11980252742959722,
            "steer": 0.0
        },
        {
            "throttle": 0.007111103047448487,
            "brake": 0.12052752930975749,
            "steer": 0.0
        },
        {
            "throttle": 0.00497777213321394,
            "brake": 0.12103503062586968,
            "steer": 0.0
        },
        {
            "throttle": 0.0034844404932497576,
            "brake": 0.1213902815471482,
            "steer": 0.0
        },
        {
            "throttle": 0.00243910834527483,
            "brake": 0.12163895719204318,
            "steer": 0.0
        },
        {
            "throttle": 0.001707375841692381,
            "brake": 0.12181303014346966,
            "steer": 0.0
        },
        {
            "throttle": 0.0011951630891846668,
            "brake": 0.12193488120946819,
            "steer": 0.0
        },
        {
            "throttle": 0.0008366141624292667,
            "brake": 0.12202017695566716,
            "steer": 0.0
        },
        {
            "throttle": 0.0005856299137004866,
            "brake": 0.12207988397800644,
            "steer": 0.0
        },
        {
            "throttle": 0.15118598400063413,
            "brake": 0.0854559187846045,
            "steer": 0.0
        },
        {
            "throttle": 0.2563124805456681,
            "brake": 0.059819143149223146,
            "steer": 0.0
        },
        {
            "throttle": 0.32960345877305164,
            "brake": 0.0418734002044562,
            "steer": 0.0
        },
        {
            "throttle": 0.3806069947001606,
            "brake": 0.029311380143119337,
            "steer": 0.0
        },
        {
            "throttle": 0.4160079908360118,
            "brake": 0.020517966100183534,
            "steer": 0.0
        },
        {
            "throttle": 0.4404871337703275,
            "brake": 0.014362576270128472,
            "steer": 0.0
        },
        {
            "throttle": 0.45732215926293995,
            "brake": 0.01005380338908993,
            "steer": 0.0
        },
        {
            "throttle": 0.4688087325821294,
            "brake": 0.0070376623723629505,
            "steer": 0.0
        },
        {
            "throttle": 0.4765550595376538,
            "brake": 0.004926363660654065,
            "steer": 0.0
        },
        {
            "throttle": 0.4816881090421625,
            "brake": 0.003448454562457845,
            "steer": 0.0
        },
        {
            "throttle": 0.4849979638060616,
            "brake": 0.0024139181937204916,
            "steer": 0.0
        },
        {
            "throttle": 0.4870388608105983,
            "brake": 0.001689742735604344,
            "steer": 0.0
        },
        {
            "throttle": 0.48819991473136837,
            "brake": 0.0011828199149230409,
            "steer": 0.0
        },
        {
            "throttle": 0.48875461955321675,
            "brake": 0.0008279739404461286,
            "steer": 0.0
        },
        {
            "throttle": 0.4888954950651112,
            "brake": 0.0005795817583122899,
            "steer": 0.0
        },
        {
            "throttle": 0.48875833493629084,
            "brake": 0.00040570723081860294,
            "steer": 0.0
        },
        {
            "throttle": 0.4884391760832064,
            "brake": 0.00028399506157302207,
            "steer": 0.0
        },
        {
            "throttle": 0.488006173141755,
            "brake": 0.00019879654310111543,
            "steer": 0.0
        },
        {
            "throttle": 0.4875079067319623,
            "brake": 0.0001391575801707808,
            "steer": 0.0
        },
        {
            "throttle": 0.48697919561221137,
            "brake": 9.741030611954656e-05,
            "steer": 0.0
        },
        {
            "throttle": 0.48644516180609876,
            "brake": 6.818721428368258e-05,
            "steer": 0.0
        },
        {
            "throttle": 0.4859240730741493,
            "brake": 4.773104999857781e-05,
            "steer": 0.0
        },
        {
            "throttle": 0.48542932980392495,
            "brake": 3.3411734999004465e-05,
            "steer": 0.0
        },
        {
            "throttle": 0.48497085328182277,
            "brake": 2.3388214499303123e-05,
            "steer": 0.0
        },
        {
            "throttle": 0.4845560552314898,
            "brake": 1.6371750149512186e-05,
            "steer": 0.0
        },
        {
            "throttle": 0.4841905145476747,
            "brake": 1.146022510465853e-05,
            "steer": 0.0
        },
        {
            "throttle": 0.4838784493837785,
            "brake": 8.02215757326097e-06,
            "steer": 0.0
        },
        {
            "throttle": 0.4836230463106577,
            "brake": 5.6155103012826785e-06,
            "steer": 0.0
        },
        {
            "throttle": 0.48342668975438585,
            "brake": 3.930857210897875e-06,
            "steer": 0.0
        },
        {
            "throttle": 0.4832911219624211,
            "brake": 2.7516000476285123e-06,
            "steer": 0.0
        },
        {
            "throttle": 0.4832175546754579,
            "brake": 1.9261200333399586e-06,
            "steer": 0.0
        },
        {
            "throttle": 0.4832067473303243,
            "brake": 1.3482840233379708e-06,
            "steer": 0.0
        },
        {
            "throttle": 0.48325906217154163,
            "brake": 9.437988163365796e-07,
            "steer": 0.0
        },
        {
            "throttle": 0.483374503534342,
            "brake": 6.606591714356056e-07,
            "steer": 0.0
        },
        {
            "throttle": 0.4835527463801649,
            "brake": 4.624614200049239e-07,
            "steer": 0.0
        },
        {
            "throttle": 0.4837931576370297,
            "brake": 3.2372299400344673e-07,
            "steer": 0.0
        },
        {
            "throttle": 0.4840948128257795,
            "brake": 2.266060958024127e-07,
            "steer": 0.0
        },
        {
            "throttle": 0.4844565097018665,
            "brake": 1.5862426706168887e-07,
            "steer": 0.0
        },
        {
            "throttle": 0.48487678011510893,
            "brake": 1.110369869431822e-07,
            "steer": 0.0
        },
        {
            "throttle": 0.48535390091950426,
            "brake": 7.772589086022754e-08,
            "steer": 0.0
        },
        {
            "throttle": 0.4858859045047027,
            "brake": 5.440812360215927e-08,
            "steer": 0.0
        },
        {
            "throttle": 0.4864705893372164,
            "brake": 3.808568652151149e-08,
            "steer": 0.0
        },
        {
            "throttle": 0.48710553076982366,
            "brake": 2.665998056505804e-08,
            "steer": 0.0
        },
        {
            "throttle": 0.48778809228581493,
            "brake": 1.8661986395540627e-08,
            "steer": 0.0
        },
        {
            "throttle": 0.48851543727942215,
            "brake": 1.3063390476878439e-08,
            "steer": 0.0
        },
        {
            "throttle": 0.4892845414271001,
            "brake": 9.144373333814906e-09,
            "steer": 0.0
        },
        {
            "throttle": 0.4900922056707592,
            "brake": 6.401061333670433e-09,
            "steer": 0.0
        },
        {
            "throttle": 0.49093506980972246,
            "brake": 4.480742933569303e-09,
            "steer": 0.0
        },
        {
            "throttle": 0.49180962668040423,
            "brake": 3.1365200534985123e-09,
            "steer": 0.0
        },
        {
            "throttle": 0.4927122368895893,
            "brake": 2.1955640374489585e-09,
            "steer": 0.0
        },
        {
            "throttle": 0.49363914405741793,
            "brake": 1.5368948262142709e-09,
            "steer": 0.0
        },
        {
            "throttle": 0.4945864905188318,
            "brake": 1.0758263783499895e-09,
            "steer": 0.0
        },
        {
            "throttle": 0.4955503334266681,
            "brake": 7.530784648449926e-10,
            "steer": 0.0
        },
        {
            "throttle": 0.4965266611953541,
            "brake": 5.271549253914948e-10,
            "steer": 0.0
        },
        {
            "throttle": 0.49751141022094464,
            "brake": 3.690084477740463e-10,
            "steer": 0.0
        },
        {
            "throttle": 0.49850048181083817,
            "brake": 2.583059134418324e-10,
            "steer": 0.0
        },
        {
            "throttle": 0.49948975925475647,
            "brake": 1.8081413940928267e-10,
            "steer": 0.0
        },
        {
            "throttle": 0.5004751249673696,
            "brake": 1.2656989758649785e-10,
            "steer": 0.0
        }
    ],
    "parameters": {
        "fog_density": 20.84074297504938,
        "precipitation": 33.531146416137936,
        "precipitation_deposits": 63.97837423129804,
        "wind_intensity": 38.828046288686195,
        "sun_altitude_angle": 3.458829039341765,
        "cloudiness": 69.52877444610746,
        "lead_base_throttle": 0.49854997318112615,
        "lead_behavior_frequency": 0.10269752403767503,
        "lead_throttle_variation": 0.015586727090774445,
        "lead_brake_probability": 0.1283975143132551,
        "lead_brake_intensity": 0.12221920036346479,
        "lead_brake_duration": 19.283538087097895,
        "initial_distance": 28.65787350037087,
        "initial_ego_velocity": 12.554897970241926,
        "initial_lead_velocity": 10.13926500769138
    },
    "config": {
        "num_timesteps": 200,
        "dt": 0.1,
        "seed": 58
    }
}