{
    "weather": {
        "cloudiness": 52.9518754784892,
        "precipitation": 34.105285361631424,
        "precipitation_deposits": 93.85223709924271,
        "wind_intensity": 34.464264923986846,
        "sun_altitude_angle": 27.655347171124554,
        "fog_density": 71.58572134329313,
        "fog_distance": 91.97939343319892,
        "wetness": 17.052642680815712
    },
    "initial_conditions": {
        "ego": {
            "position": {
                "x": 542.7461924857669,
                "y": 20.57,
                "z": 0.294
            },
            "yaw": 0.0,
            "velocity": 18.850581835598273
        },
        "lead": {
            "position": {
                "x": 484.88,
                "y": 20.57,
                "z": 0.294
            },
            "yaw": 0.0,
            "velocity": 7.76279685768902
        }
    },
    "ego": {
        "position": {
            "x": 542.7461924857669,
            "y": 20.57,
            "z": 0.294
        },
        "yaw": 0.0,
        "velocity": 18.850581835598273
    },
    "lead": {
        "position": {
            "x": 484.88,
            "y": 20.57,
            "z": 0.294
        },
        "yaw": 0.0,
        "velocity": 7.76279685768902
    },
    "ado_actions": [
        {
            "throttle": 0.2556996600679287,
            "brake": 0.0,
            "steer": 0.0
        },
        {
            "throttle": 0.2664806293765197,
            "brake": 0.0,
            "steer": 0.0
        },
        {
            "throttle": 0.28470569416079483,
            "brake": 0.0,
            "steer": 0.0
        },
        {
            "throttle": 0.30793743579516597,
            "brake": 0.0,
            "steer": 0.0
        },
        {
            "throttle": 0.3343699972069571,
            "brake": 0.0,
            "steer": 0.0
        },
        {
            "throttle": 0.3626425056411853,
            "brake": 0.0,
            "steer": 0.0
        },
        {
            "throttle": 0.3917093894081438,
            "brake": 0.0,
            "steer": 0.0
        },
        {
            "throttle": 0.42075048414661076,
            "brake": 0.0,
            "steer": 0.0
        },
        {
            "throttle": 0.44910894705908794,
            "brake": 0.0,
            "steer": 0.0
        },
        {
            "throttle": 0.4762485840472054,
            "brake": 0.0,
            "steer": 0.0
        },
        {
            "throttle": 0.501724705706904,
            "brake": 0.0,
            "steer": 0.0
        },
        {
            "throttle": 0.525164386437571,
            "brake": 0.0,
            "steer": 0.0
        },
        {
            "throttle": 0.5462532323638565,
            "brake": 0.0,
            "steer": 0.0
        },
        {
            "throttle": 0.5647266264781816,
            "brake": 0.0,
            "steer": 0.0
        },
        {
            "throttle": 0.5803640240596637,
            "brake": 0.0,
            "steer": 0.0
        },
        {
            "throttle": 0.5929852954757392,
            "brake": 0.0,
            "steer": 0.0
        },
        {
            "throttle": 0.6024484111436965,
            "brake": 0.0,
            "steer": 0.0
        },
        {
            "throttle": 0.6086479726649414,
            "brake": 0.0,
            "steer": 0.0
        },
        {
            "throttle": 0.611514241497884,
            "brake": 0.0,
            "steer": 0.0
        },
        {
            "throttle": 0.6110124205843557,
            "brake": 0.0,
            "steer": 0.0
        },
        {
            "throttle": 0.6071420180857987,
            "brake": 0.0,
            "steer": 0.0
        },
        {
            "throttle": 0.599936174907951,
            "brake": 0.0,
            "steer": 0.0
        },
        {
            "throttle": 0.5894608753499392,
            "brake": 0.0,
            "steer": 0.0
        },
        {
            "throttle": 0.5758139874446375,
            "brake": 0.0,
            "steer": 0.0
        },
        {
            "throttle": 0.5591240994608615,
            "brake": 0.0,
            "steer": 0.0
        },
        {
            "throttle": 0.5395491337757579,
            "brake": 0.0,
            "steer": 0.0
        },
        {
            "throttle": 0.5172747304028872,
            "brake": 0.0,
            "steer": 0.0
        },
        {
            "throttle": 0.4925124009243963,
            "brake": 0.0,
            "steer": 0.0
        },
        {
            "throttle": 0.4654974601501268,
            "brake": 0.0,
            "steer": 0.0
        },
        {
            "throttle": 0.436486748014331,
            "brake": 0.0,
            "steer": 0.0
        },
        {
            "throttle": 0.40575615836759793,
            "brake": 0.0,
            "steer": 0.0
        },
        {
            "throttle": 0.37359799466471966,
            "brake": 0.0,
            "steer": 0.0
        },
        {
            "throttle": 0.3403181752503396,
            "brake": 0.0,
            "steer": 0.0
        },
        {
            "throttle": 0.30623331311312085,
            "brake": 0.0,
            "steer": 0.0
        },
        {
            "throttle": 0.271667696690087,
            "brake": 0.0,
            "steer": 0.0
        },
        {
            "throttle": 0.23695019960583097,
            "brake": 0.0,
            "steer": 0.0
        },
        {
            "throttle": 0.20241114816055072,
            "brake": 0.0,
            "steer": 0.0
        },
        {
            "throttle": 0.16837917596004226,
            "brake": 0.0,
            "steer": 0.0
        },
        {
            "throttle": 0.13517809532712777,
            "brake": 0.0,
            "steer": 0.0
        },
        {
            "throttle": 0.1031238150611192,
            "brake": 0.0,
            "steer": 0.0
        },
        {
            "throttle": 0.07252133373166669,
            "brake": 0.0,
            "steer": 0.0
        },
        {
            "throttle": 0.050764933612166684,
            "brake": 0.0,
            "steer": 0.0
        },
        {
            "throttle": 0.035535453528516676,
            "brake": 0.0,
            "steer": 0.0
        },
        {
            "throttle": 0.02487481746996167,
            "brake": 0.0,
            "steer": 0.0
        },
        {
            "throttle": 0.01741237222897317,
            "brake": 0.0,
            "steer": 0.0
        },
        {
            "throttle": 0.012188660560281218,
            "brake": 0.0,
            "steer": 0.0
        },
        {
            "throttle": 0.008532062392196851,
            "brake": 0.0,
            "steer": 0.0
        },
        {
            "throttle": 0.0059724436745377954,
            "brake": 0.0,
            "steer": 0.0
        },
        {
            "throttle": 0.004180710572176456,
            "brake": 0.0,
            "steer": 0.0
        },
        {
            "throttle": 0.002926497400523519,
            "brake": 0.0,
            "steer": 0.0
        },
        {
            "throttle": 0.0020485481803664634,
            "brake": 0.0,
            "steer": 0.0
        },
        {
            "throttle": 0.0014339837262565243,
            "brake": 0.0,
            "steer": 0.0
        },
        {
            "throttle": 0.001003788608379567,
            "brake": 0.0,
            "steer": 0.0
        },
        {
            "throttle": 0.0007026520258656969,
            "brake": 0.0,
            "steer": 0.0
        },
        {
            "throttle": 0.0004918564181059878,
            "brake": 0.0,
            "steer": 0.0
        },
        {
            "throttle": 0.00034429949267419143,
            "brake": 0.0,
            "steer": 0.0
        },
        {
            "throttle": 0.000241009644871934,
            "brake": 0.0,
            "steer": 0.0
        },
        {
            "throttle": 0.00384337095782636,
            "brake": 0.0,
            "steer": 0.0
        },
        {
            "throttle": 0.014811545213075492,
            "brake": 0.0,
            "steer": 0.0
        },
        {
            "throttle": 0.03155036281223528,
            "brake": 0.0,
            "steer": 0.0
        },
        {
            "throttle": 0.052856986932029185,
            "brake": 0.0,
            "steer": 0.0
        },
        {
            "throttle": 0.07779818627893602,
            "brake": 0.0,
            "steer": 0.0
        },
        {
            "throttle": 0.1056252942364607,
            "brake": 0.0,
            "steer": 0.0
        },
        {
            "throttle": 0.13571558806278627,
            "brake": 0.0,
            "steer": 0.0
        },
        {
            "throttle": 0.1675321930613954,
            "brake": 0.0,
            "steer": 0.0
        },
        {
            "throttle": 0.2005969762382508,
            "brake": 0.0,
            "steer": 0.0
        },
        {
            "throttle": 0.2344725454634395,
            "brake": 0.0,
            "steer": 0.0
        },
        {
            "throttle": 0.268750626085803,
            "brake": 0.0,
            "steer": 0.0
        },
        {
            "throttle": 0.3030448960662547,
            "brake": 0.0,
            "steer": 0.0
        },
        {
            "throttle": 0.33698692713173417,
            "brake": 0.0,
            "steer": 0.0
        },
        {
            "throttle": 0.3702242760992997,
            "brake": 0.0,
            "steer": 0.0
        },
        {
            "throttle": 0.40242004840193357,
            "brake": 0.0,
            "steer": 0.0
        },
        {
            "throttle": 0.43325345067830345,
            "brake": 0.0,
            "steer": 0.0
        },
        {
            "throttle": 0.46242098606485177,
            "brake": 0.0,
            "steer": 0.0
        },
        {
            "throttle": 0.4896380420442362,
            "brake": 0.0,
            "steer": 0.0
        },
        {
            "throttle": 0.5146406886006538,
            "brake": 0.0,
            "steer": 0.0
        },
        {
            "throttle": 0.5371875525737032,
            "brake": 0.0,
            "steer": 0.0
        },
        {
            "throttle": 0.5570616684769598,
            "brake": 0.0,
            "steer": 0.0
        },
        {
            "throttle": 0.5740722308410753,
            "brake": 0.0,
            "steer": 0.0
        },
        {
            "throttle": 0.5880561912770108,
            "brake": 0.0,
            "steer": 0.0
        },
        {
            "throttle": 0.5988796569716843,
            "brake": 0.0,
            "steer": 0.0
        },
        {
            "throttle": 0.6064390576451257,
            "brake": 0.0,
            "steer": 0.0
        },
        {
            "throttle": 0.6106620561005514,
            "brake": 0.0,
            "steer": 0.0
        },
        {
            "throttle": 0.6115081840679616,
            "brake": 0.0,
            "steer": 0.0
        },
        {
            "throttle": 0.6089691905463528,
            "brake": 0.0,
            "steer": 0.0
        },
        {
            "throttle": 0.6030690946086847,
            "brake": 0.0,
            "steer": 0.0
        },
        {
            "throttle": 0.5938639388622339,
            "brake": 0.0,
            "steer": 0.0
        },
        {
            "throttle": 0.5814412435967644,
            "brake": 0.0,
            "steer": 0.0
        },
        {
            "throttle": 0.5659191651949924,
            "brake": 0.0,
            "steer": 0.0
        },
        {
            "throttle": 0.5474453656796449,
            "brake": 0.0,
            "steer": 0.0
        },
        {
            "throttle": 0.526195603360086,
            "brake": 0.0,
            "steer": 0.0
        },
        {
            "throttle": 0.5023720574333264,
            "brake": 0.0,
            "steer": 0.0
        },
        {
            "throttle": 0.4762014020923436,
            "brake": 0.0,
            "steer": 0.0
        },
        {
            "throttle": 0.4479326481947809,
            "brake": 0.0,
            "steer": 0.0
        },
        {
            "throttle": 0.4178347728384447,
            "brake": 0.0,
            "steer": 0.0
        },
        {
            "throttle": 0.3861941592652912,
            "brake": 0.0,
            "steer": 0.0
        },
        {
            "throttle": 0.3533118713603647,
            "brake": 0.0,
            "steer": 0.0
        },
        {
            "throttle": 0.3195007886140128,
            "brake": 0.0,
            "steer": 0.0
        },
        {
            "throttle": 0.28508262876303553,
            "brake": 0.0,
            "steer": 0.0
        },
        {
            "throttle": 0.2503848864088977,
            "brake": 0.0,
            "steer": 0.0
        },
        {
            "throttle": 0.21573771672024084,
            "brake": 0.0,
            "steer": 0.0
        },
        {
            "throttle": 0.18147079385618717,
            "brake": 0.0,
            "steer": 0.0
        },
        {
            "throttle": 0.14791017399217096,
            "brake": 0.0,
            "steer": 0.0
        },
        {
            "throttle": 0.1153751927895337,
            "brake": 0.0,
            "steer": 0.0
        },
        {
            "throttle": 0.08417542682468937,
            "brake": 0.0,
            "steer": 0.0
        },
        {
            "throttle": 0.058922798777282556,
            "brake": 0.0,
            "steer": 0.0
        },
        {
            "throttle": 0.04124595914409779,
            "brake": 0.0,
            "steer": 0.0
        },
        {
            "throttle": 0.028872171400868448,
            "brake": 0.0,
            "steer": 0.0
        },
        {
            "throttle": 0.020210519980607914,
            "brake": 0.0,
            "steer": 0.0
        },
        {
            "throttle": 0.014147363986425538,
            "brake": 0.0,
            "steer": 0.0
        },
        {
            "throttle": 0.009903154790497876,
            "brake": 0.0,
            "steer": 0.0
        },
        {
            "throttle": 0.006932208353348513,
            "brake": 0.0,
            "steer": 0.0
        },
        {
            "throttle": 0.004852545847343959,
            "brake": 0.0,
            "steer": 0.0
        },
        {
            "throttle": 0.003396782093140771,
            "brake": 0.0,
            "steer": 0.0
        },
        {
            "throttle": 0.0023777474651985393,
            "brake": 0.0,
            "steer": 0.0
        },
        {
            "throttle": 0.0016644232256389775,
            "brake": 0.0,
            "steer": 0.0
        },
        {
            "throttle": 0.0011650962579472842,
            "brake": 0.0,
            "steer": 0.0
        },
        {
            "throttle": 0.0008155673805630989,
            "brake": 0.0,
            "steer": 0.0
        },
        {
            "throttle": 0.0005708971663941692,
            "brake": 0.0,
            "steer": 0.0
        },
        {
            "throttle": 0.0003996280164759184,
            "brake": 0.0,
            "steer": 0.0
        },
        {
            "throttle": 0.00027973961153314285,
            "brake": 0.0,
            "steer": 0.0
        },
        {
            "throttle": 0.0007834502595044647,
            "brake": 0.0,
            "steer": 0.0
        },
        {
            "throttle": 0.009322764877367704,
            "brake": 0.0,
            "steer": 0.0
        },
        {
            "throttle": 0.02413342235885393,
            "brake": 0.0,
            "steer": 0.0
        },
        {
            "throttle": 0.04389639089384217,
            "brake": 0.0,
            "steer": 0.0
        },
        {
            "throttle": 0.06759894810853634,
            "brake": 0.0,
            "steer": 0.0
        },
        {
            "throttle": 0.09443828782316133,
            "brake": 0.0,
            "steer": 0.0
        },
        {
            "throttle": 0.12375493826422237,
            "brake": 0.0,
            "steer": 0.0
        },
        {
            "throttle": 0.154987082615602,
            "brake": 0.0,
            "steer": 0.0
        },
        {
            "throttle": 0.1876395366992611,
            "brake": 0.0,
            "steer": 0.0
        },
        {
            "throttle": 0.22126300306829577,
            "brake": 0.0,
            "steer": 0.0
        },
        {
            "throttle": 0.2554405257832314,
            "brake": 0.0,
            "steer": 0.0
        },
        {
            "throttle": 0.28977898356566634,
            "brake": 0.0,
            "steer": 0.0
        },
        {
            "throttle": 0.3239040984396383,
            "brake": 0.0,
            "steer": 0.0
        },
        {
            "throttle": 0.3574578846707095,
            "brake": 0.0,
            "steer": 0.0
        },
        {
            "throttle": 0.3900977763979812,
            "brake": 0.0,
            "steer": 0.0
        },
        {
            "throttle": 0.4214968921447523,
            "brake": 0.0,
            "steer": 0.0
        },
        {
            "throttle": 0.4513450486104156,
            "brake": 0.0,
            "steer": 0.0
        },
        {
            "throttle": 0.479350244540797,
            "brake": 0.0,
            "steer": 0.0
        },
        {
            "throttle": 0.5052404118681568,
            "brake": 0.0,
            "steer": 0.0
        },
        {
            "throttle": 0.5287652853757911,
            "brake": 0.0,
            "steer": 0.0
        },
        {
            "throttle": 0.549698280639173,
            "brake": 0.0,
            "steer": 0.0
        },
        {
            "throttle": 0.5678382976541697,
            "brake": 0.0,
            "steer": 0.0
        },
        {
            "throttle": 0.5830113876861188,
            "brake": 0.0,
            "steer": 0.0
        },
        {
            "throttle": 0.5950722357663313,
            "brake": 0.0,
            "steer": 0.0
        },
        {
            "throttle": 0.6039054225306486,
            "brake": 0.0,
            "steer": 0.0
        },
        {
            "throttle": 0.6094264378540238,
            "brake": 0.0,
            "steer": 0.0
        },
        {
            "throttle": 0.6115824257586236,
            "brake": 0.0,
            "steer": 0.0
        },
        {
            "throttle": 0.6103526458932029,
            "brake": 0.0,
            "steer": 0.0
        },
        {
            "throttle": 0.6057486418626763,
            "brake": 0.0,
            "steer": 0.0
        },
        {
            "throttle": 0.5978141110751884,
            "brake": 0.0,
            "steer": 0.0
        },
        {
            "throttle": 0.5866244747334111,
            "brake": 0.0,
            "steer": 0.0
        },
        {
            "throttle": 0.5722861502334893,
            "brake": 0.0,
            "steer": 0.0
        },
        {
            "throttle": 0.5549355316151676,
            "brake": 0.0,
            "steer": 0.0
        },
        {
            "throttle": 0.5347376868685015,
            "brake": 0.0,
            "steer": 0.0
        },
        {
            "throttle": 0.5118847838654625,
            "brake": 0.0,
            "steer": 0.0
        },
        {
            "throttle": 0.4865942594550602,
            "brake": 0.0,
            "steer": 0.0
        },
        {
            "throttle": 0.4591067488361355,
            "brake": 0.0,
            "steer": 0.0
        },
        {
            "throttle": 0.42968379469516493,
            "brake": 0.0,
            "steer": 0.0
        },
        {
            "throttle": 0.39860535775651784,
            "brake": 0.0,
            "steer": 0.0
        },
        {
            "throttle": 0.36616715232738223,
            "brake": 0.0,
            "steer": 0.0
        },
        {
            "throttle": 0.33267783211639423,
            "brake": 0.0,
            "steer": 0.0
        },
        {
            "throttle": 0.2984560530518191,
            "brake": 0.0,
            "steer": 0.0
        },
        {
            "throttle": 0.26382744101099886,
            "brake": 0.0,
            "steer": 0.0
        },
        {
            "throttle": 0.2291214932884064,
            "brake": 0.0,
            "steer": 0.0
        },
        {
            "throttle": 0.19466844326773913,
            "brake": 0.0,
            "steer": 0.0
        },
        {
            "throttle": 0.16079611811890776,
            "brake": 0.0,
            "steer": 0.0
        },
        {
            "throttle": 0.1278268194108757,
            "brake": 0.0,
            "steer": 0.0
        },
        {
            "throttle": 0.09607425631585244,
            "brake": 0.0,
            "steer": 0.0
        },
        {
            "throttle": 0.0672519794210967,
            "brake": 0.0,
            "steer": 0.0
        },
        {
            "throttle": 0.04707638559476769,
            "brake": 0.0,
            "steer": 0.0
        },
        {
            "throttle": 0.03295346991633738,
            "brake": 0.0,
            "steer": 0.0
        },
        {
            "throttle": 0.023067428941436166,
            "brake": 0.0,
            "steer": 0.0
        },
        {
            "throttle": 0.016147200259005314,
            "brake": 0.0,
            "steer": 0.0
        },
        {
            "throttle": 0.011303040181303719,
            "brake": 0.0,
            "steer": 0.0
        },
        {
            "throttle": 0.007912128126912603,
            "brake": 0.0,
            "steer": 0.0
        },
        {
            "throttle": 0.005538489688838822,
            "brake": 0.0,
            "steer": 0.0
        },
        {
            "throttle": 0.003876942782187175,
            "brake": 0.0,
            "steer": 0.0
        },
        {
            "throttle": 0.0027138599475310223,
            "brake": 0.0,
            "steer": 0.0
        },
        {
            "throttle": 0.0018997019632717154,
            "brake": 0.0,
            "steer": 0.0
        },
        {
            "throttle": 0.0013297913742902007,
            "brake": 0.0,
            "steer": 0.0
        },
        {
            "throttle": 0.0009308539620031404,
            "brake": 0.0,
            "steer": 0.0
        },
        {
            "throttle": 0.0006515977734021983,
            "brake": 0.0,
            "steer": 0.0
        },
        {
            "throttle": 0.0004561184413815387,
            "brake": 0.0,
            "steer": 0.0
        },
        {
            "throttle": 0.0003192829089670771,
            "brake": 0.0,
            "steer": 0.0
        },
        {
            "throttle": 0.00022349803627695397,
            "brake": 0.0,
            "steer": 0.0
        },
        {
            "throttle": 0.005680876103379628,
            "brake": 0.0,
            "steer": 0.0
        },
        {
            "throttle": 0.018093618693434774,
            "brake": 0.0,
            "steer": 0.0
        },
        {
            "throttle": 0.03597070011574251,
            "brake": 0.0,
            "steer": 0.0
        },
        {
            "throttle": 0.05818097522456668,
            "brake": 0.0,
            "steer": 0.0
        },
        {
            "throttle": 0.08384038004671004,
            "brake": 0.0,
            "steer": 0.0
        },
        {
            "throttle": 0.11223385011539763,
            "brake": 0.0,
            "steer": 0.0
        },
        {
            "throttle": 0.14276157885320248,
            "brake": 0.0,
            "steer": 0.0
        },
        {
            "throttle": 0.17490234293229023,
            "brake": 0.0,
            "steer": 0.0
        },
        {
            "throttle": 0.2081887944747531,
            "brake": 0.0,
            "steer": 0.0
        },
        {
            "throttle": 0.24219114082005447,
            "brake": 0.0,
            "steer": 0.0
        },
        {
            "throttle": 0.2765066970890266,
            "brake": 0.0,
            "steer": 0.0
        },
        {
            "throttle": 0.31075354191127696,
            "brake": 0.0,
            "steer": 0.0
        },
        {
            "throttle": 0.3445670283532212,
            "brake": 0.0,
            "steer": 0.0
        },
        {
            "throttle": 0.3775982674151036,
            "brake": 0.0,
            "steer": 0.0
        }
    ],
    "parameters": {
        "fog_density": 71.58572134329313,
        "precipitation": 34.105285361631424,
        "precipitation_deposits": 93.85223709924271,
        "wind_intensity": 34.464264923986846,
        "sun_altitude_angle": 27.655347171124554,
        "cloudiness": 52.9518754784892,
        "lead_base_throttle": 0.2556996600679287,
        "lead_behavior_frequency": 0.15531068802005676,
        "lead_throttle_variation": 0.3688457991936772,
        "lead_brake_probability": 0.04422731230286434,
        "lead_brake_intensity": 0.7309428674119852,
        "lead_brake_duration": 6.438028018426363,
        "initial_distance": 57.86619248576688,
        "initial_ego_velocity": 18.850581835598273,
        "initial_lead_velocity": 7.76279685768902
    },
    "config": {
        "num_timesteps": 200,
        "dt": 0.1,
        "seed": 106
    }
}