{
    "weather": {
        "cloudiness": 18.29133237664181,
        "precipitation": 47.0286662431127,
        "precipitation_deposits": 71.10590503098324,
        "wind_intensity": 40.069475956332475,
        "sun_altitude_angle": 8.589382587774644,
        "fog_density": 78.87420454785254,
        "fog_distance": 72.14046544240858,
        "wetness": 23.51433312155635
    },
    "initial_conditions": {
        "ego": {
            "position": {
                "x": 540.7052336517992,
                "y": 20.57,
                "z": 0.294
            },
            "yaw": 0.0,
            "velocity": 14.815691490098978
        },
        "lead": {
            "position": {
                "x": 484.88,
                "y": 20.57,
                "z": 0.294
            },
            "yaw": 0.0,
            "velocity": 6.4081149753937305
        }
    },
    "ego": {
        "position": {
            "x": 540.7052336517992,
            "y": 20.57,
            "z": 0.294
        },
        "yaw": 0.0,
        "velocity": 14.815691490098978
    },
    "lead": {
        "position": {
            "x": 484.88,
            "y": 20.57,
            "z": 0.294
        },
        "yaw": 0.0,
        "velocity": 6.4081149753937305
    },
    "ado_actions": [
        {
            "throttle": 0.5395078330563976,
            "brake": 0.0,
            "steer": 0.0
        },
        {
            "throttle": 0.5420816607036549,
            "brake": 0.0,
            "steer": 0.0
        },
        {
            "throttle": 0.5464493814418152,
            "brake": 0.0,
            "steer": 0.0
        },
        {
            "throttle": 0.5520572783740074,
            "brake": 0.0,
            "steer": 0.0
        },
        {
            "throttle": 0.5585100340032515,
            "brake": 0.0,
            "steer": 0.0
        },
        {
            "throttle": 0.5655232807919417,
            "brake": 0.0,
            "steer": 0.0
        },
        {
            "throttle": 0.572890409681775,
            "brake": 0.0,
            "steer": 0.0
        },
        {
            "throttle": 0.5804593589031126,
            "brake": 0.0,
            "steer": 0.0
        },
        {
            "throttle": 0.5881163886349587,
            "brake": 0.0,
            "steer": 0.0
        },
        {
            "throttle": 0.5957747453403348,
            "brake": 0.0,
            "steer": 0.0
        },
        {
            "throttle": 0.6033667483876229,
            "brake": 0.0,
            "steer": 0.0
        },
        {
            "throttle": 0.6108382717199731,
            "brake": 0.0,
            "steer": 0.0
        },
        {
            "throttle": 0.6181449014426094,
            "brake": 0.0,
            "steer": 0.0
        },
        {
            "throttle": 0.6252492658751507,
            "brake": 0.0,
            "steer": 0.0
        },
        {
            "throttle": 0.6321191855922037,
            "brake": 0.0,
            "steer": 0.0
        },
        {
            "throttle": 0.6387263966610203,
            "brake": 0.0,
            "steer": 0.0
        },
        {
            "throttle": 0.6450456742672882,
            "brake": 0.0,
            "steer": 0.0
        },
        {
            "throttle": 0.6510542357102862,
            "brake": 0.0,
            "steer": 0.0
        },
        {
            "throttle": 0.6567313380044816,
            "brake": 0.0,
            "steer": 0.0
        },
        {
            "throttle": 0.6620580107066183,
            "brake": 0.0,
            "steer": 0.0
        },
        {
            "throttle": 0.6670168823577473,
            "brake": 0.0,
            "steer": 0.0
        },
        {
            "throttle": 0.6715920713720873,
            "brake": 0.0,
            "steer": 0.0
        },
        {
            "throttle": 0.6757691209175863,
            "brake": 0.0,
            "steer": 0.0
        },
        {
            "throttle": 0.6795349634355364,
            "brake": 0.0,
            "steer": 0.0
        },
        {
            "throttle": 0.6828779047218241,
            "brake": 0.0,
            "steer": 0.0
        },
        {
            "throttle": 0.6857876204886459,
            "brake": 0.0,
            "steer": 0.0
        },
        {
            "throttle": 0.6882551604265638,
            "brake": 0.0,
            "steer": 0.0
        },
        {
            "throttle": 0.69027295626124,
            "brake": 0.0,
            "steer": 0.0
        },
        {
            "throttle": 0.6918348313351207,
            "brake": 0.0,
            "steer": 0.0
        },
        {
            "throttle": 0.6929360099733315,
            "brake": 0.0,
            "steer": 0.0
        },
        {
            "throttle": 0.6935731254072234,
            "brake": 0.0,
            "steer": 0.0
        },
        {
            "throttle": 0.6937442253928435,
            "brake": 0.0,
            "steer": 0.0
        },
        {
            "throttle": 0.6934487749202016,
            "brake": 0.0,
            "steer": 0.0
        },
        {
            "throttle": 0.692687655594145,
            "brake": 0.0,
            "steer": 0.0
        },
        {
            "throttle": 0.6914631614010212,
            "brake": 0.0,
            "steer": 0.0
        },
        {
            "throttle": 0.6897789906725484,
            "brake": 0.0,
            "steer": 0.0
        },
        {
            "throttle": 0.6876402341302366,
            "brake": 0.0,
            "steer": 0.0
        },
        {
            "throttle": 0.6850533589478436,
            "brake": 0.0,
            "steer": 0.0
        },
        {
            "throttle": 0.6820261888110087,
            "brake": 0.0,
            "steer": 0.0
        },
        {
            "throttle": 0.6785678799860324,
            "brake": 0.0,
            "steer": 0.0
        },
        {
            "throttle": 0.6746888934363502,
            "brake": 0.0,
            "steer": 0.0
        },
        {
            "throttle": 0.670400963047362,
            "brake": 0.0,
            "steer": 0.0
        },
        {
            "throttle": 0.6657170600391564,
            "brake": 0.0,
            "steer": 0.0
        },
        {
            "throttle": 0.6606513536631778,
            "brake": 0.0,
            "steer": 0.0
        },
        {
            "throttle": 0.6552191682936088,
            "brake": 0.0,
            "steer": 0.0
        },
        {
            "throttle": 0.6494369370375853,
            "brake": 0.0,
            "steer": 0.0
        },
        {
            "throttle": 0.6433221520005997,
            "brake": 0.0,
            "steer": 0.0
        },
        {
            "throttle": 0.6368933113547592,
            "brake": 0.0,
            "steer": 0.0
        },
        {
            "throttle": 0.6301698633680759,
            "brake": 0.0,
            "steer": 0.0
        },
        {
            "throttle": 0.6231721475627436,
            "brake": 0.0,
            "steer": 0.0
        },
        {
            "throttle": 0.6159213331794526,
            "brake": 0.0,
            "steer": 0.0
        },
        {
            "throttle": 0.608439355133226,
            "brake": 0.0,
            "steer": 0.0
        },
        {
            "throttle": 0.600748847654057,
            "brake": 0.0,
            "steer": 0.0
        },
        {
            "throttle": 0.5928730758127647,
            "brake": 0.0,
            "steer": 0.0
        },
        {
            "throttle": 0.5848358651389868,
            "brake": 0.0,
            "steer": 0.0
        },
        {
            "throttle": 0.5766615295440635,
            "brake": 0.0,
            "steer": 0.0
        },
        {
            "throttle": 0.5683747977667484,
            "brake": 0.0,
            "steer": 0.0
        },
        {
            "throttle": 0.5600007385641796,
            "brake": 0.0,
            "steer": 0.0
        },
        {
            "throttle": 0.5515646848743665,
            "brake": 0.0,
            "steer": 0.0
        },
        {
            "throttle": 0.5430921571795749,
            "brake": 0.0,
            "steer": 0.0
        },
        {
            "throttle": 0.5346087863024228,
            "brake": 0.0,
            "steer": 0.0
        },
        {
            "throttle": 0.5261402358682213,
            "brake": 0.0,
            "steer": 0.0
        },
        {
            "throttle": 0.5177121246681133,
            "brake": 0.0,
            "steer": 0.0
        },
        {
            "throttle": 0.5093499491578647,
            "brake": 0.0,
            "steer": 0.0
        },
        {
            "throttle": 0.5010790063267553,
            "brake": 0.0,
            "steer": 0.0
        },
        {
            "throttle": 0.4929243171699007,
            "brake": 0.0,
            "steer": 0.0
        },
        {
            "throttle": 0.48491055099551017,
            "brake": 0.0,
            "steer": 0.0
        },
        {
            "throttle": 0.4770619507960616,
            "brake": 0.0,
            "steer": 0.0
        },
        {
            "throttle": 0.46940225990915735,
            "brake": 0.0,
            "steer": 0.0
        },
        {
            "throttle": 0.46195465018992266,
            "brake": 0.0,
            "steer": 0.0
        },
        {
            "throttle": 0.4547416519122366,
            "brake": 0.0,
            "steer": 0.0
        },
        {
            "throttle": 0.4477850856108556,
            "brake": 0.0,
            "steer": 0.0
        },
        {
            "throttle": 0.44110599607061823,
            "brake": 0.0,
            "steer": 0.0
        },
        {
            "throttle": 0.4347245886624247,
            "brake": 0.0,
            "steer": 0.0
        },
        {
            "throttle": 0.4286601682185856,
            "brake": 0.0,
            "steer": 0.0
        },
        {
            "throttle": 0.42293108063245155,
            "brake": 0.0,
            "steer": 0.0
        },
        {
            "throttle": 0.4175546573589952,
            "brake": 0.0,
            "steer": 0.0
        },
        {
            "throttle": 0.41254716298424016,
            "brake": 0.0,
            "steer": 0.0
        },
        {
            "throttle": 0.40792374602214826,
            "brake": 0.0,
            "steer": 0.0
        },
        {
            "throttle": 0.40369839308781313,
            "brake": 0.0,
            "steer": 0.0
        },
        {
            "throttle": 0.3998838865855936,
            "brake": 0.0,
            "steer": 0.0
        },
        {
            "throttle": 0.39649176604018693,
            "brake": 0.0,
            "steer": 0.0
        },
        {
            "throttle": 0.3935322931876231,
            "brake": 0.0,
            "steer": 0.0
        },
        {
            "throttle": 0.39101442093178473,
            "brake": 0.0,
            "steer": 0.0
        },
        {
            "throttle": 0.3889457662603646,
            "brake": 0.0,
            "steer": 0.0
        },
        {
            "throttle": 0.387332587202195,
            "brake": 0.0,
            "steer": 0.0
        },
        {
            "throttle": 0.38617976389565617,
            "brake": 0.0,
            "steer": 0.0
        },
        {
            "throttle": 0.38549078382543595,
            "brake": 0.0,
            "steer": 0.0
        },
        {
            "throttle": 0.38526773127230085,
            "brake": 0.0,
            "steer": 0.0
        },
        {
            "throttle": 0.3855112810077958,
            "brake": 0.0,
            "steer": 0.0
        },
        {
            "throttle": 0.38622069625294664,
            "brake": 0.0,
            "steer": 0.0
        },
        {
            "throttle": 0.3873938309071403,
            "brake": 0.0,
            "steer": 0.0
        },
        {
            "throttle": 0.38902713604044104,
            "brake": 0.0,
            "steer": 0.0
        },
        {
            "throttle": 0.3911156706297012,
            "brake": 0.0,
            "steer": 0.0
        },
        {
            "throttle": 0.3936531165059882,
            "brake": 0.0,
            "steer": 0.0
        },
        {
            "throttle": 0.39663179746811017,
            "brake": 0.0,
            "steer": 0.0
        },
        {
            "throttle": 0.4000427025044174,
            "brake": 0.0,
            "steer": 0.0
        },
        {
            "throttle": 0.4038755130526306,
            "brake": 0.0,
            "steer": 0.0
        },
        {
            "throttle": 0.40811863421522954,
            "brake": 0.0,
            "steer": 0.0
        },
        {
            "throttle": 0.41275922983597146,
            "brake": 0.0,
            "steer": 0.0
        },
        {
            "throttle": 0.4177832613314258,
            "brake": 0.0,
            "steer": 0.0
        },
        {
            "throttle": 0.4231755301600536,
            "brake": 0.0,
            "steer": 0.0
        },
        {
            "throttle": 0.4289197238003559,
            "brake": 0.0,
            "steer": 0.0
        },
        {
            "throttle": 0.4349984650989992,
            "brake": 0.0,
            "steer": 0.0
        },
        {
            "throttle": 0.4413933648396309,
            "brake": 0.0,
            "steer": 0.0
        },
        {
            "throttle": 0.4480850773733566,
            "brake": 0.0,
            "steer": 0.0
        },
        {
            "throttle": 0.45505335914258693,
            "brake": 0.0,
            "steer": 0.0
        },
        {
            "throttle": 0.4622771299212085,
            "brake": 0.0,
            "steer": 0.0
        },
        {
            "throttle": 0.46973453658581926,
            "brake": 0.0,
            "steer": 0.0
        },
        {
            "throttle": 0.4774030192251075,
            "brake": 0.0,
            "steer": 0.0
        },
        {
            "throttle": 0.48525937938738384,
            "brake": 0.0,
            "steer": 0.0
        },
        {
            "throttle": 0.49327985025980503,
            "brake": 0.0,
            "steer": 0.0
        },
        {
            "throttle": 0.5014401685669861,
            "brake": 0.0,
            "steer": 0.0
        },
        {
            "throttle": 0.5097156479714962,
            "brake": 0.0,
            "steer": 0.0
        },
        {
            "throttle": 0.518081253754186,
            "brake": 0.0,
            "steer": 0.0
        },
        {
            "throttle": 0.5265116785484318,
            "brake": 0.0,
            "steer": 0.0
        },
        {
            "throttle": 0.5349814188991812,
            "brake": 0.0,
            "steer": 0.0
        },
        {
            "throttle": 0.5434648524152008,
            "brake": 0.0,
            "steer": 0.0
        },
        {
            "throttle": 0.5519363152811262,
            "brake": 0.0,
            "steer": 0.0
        },
        {
            "throttle": 0.5603701798948254,
            "brake": 0.0,
            "steer": 0.0
        },
        {
            "throttle": 0.568740932395213,
            "brake": 0.0,
            "steer": 0.0
        },
        {
            "throttle": 0.5770232498459769,
            "brake": 0.0,
            "steer": 0.0
        },
        {
            "throttle": 0.5851920768417265,
            "brake": 0.0,
            "steer": 0.0
        },
        {
            "throttle": 0.5932227013048144,
            "brake": 0.0,
            "steer": 0.0
        },
        {
            "throttle": 0.6010908292435336,
            "brake": 0.0,
            "steer": 0.0
        },
        {
            "throttle": 0.6087726582455353,
            "brake": 0.0,
            "steer": 0.0
        },
        {
            "throttle": 0.6162449494841344,
            "brake": 0.0,
            "steer": 0.0
        },
        {
            "throttle": 0.6234850980196759,
            "brake": 0.0,
            "steer": 0.0
        },
        {
            "throttle": 0.6304712011832841,
            "brake": 0.0,
            "steer": 0.0
        },
        {
            "throttle": 0.637182124836126,
            "brake": 0.0,
            "steer": 0.0
        },
        {
            "throttle": 0.6435975673037406,
            "brake": 0.0,
            "steer": 0.0
        },
        {
            "throttle": 0.6496981207920243,
            "brake": 0.0,
            "steer": 0.0
        },
        {
            "throttle": 0.6554653300990767,
            "brake": 0.0,
            "steer": 0.0
        },
        {
            "throttle": 0.6608817484452955,
            "brake": 0.0,
            "steer": 0.0
        },
        {
            "throttle": 0.6659309902528232,
            "brake": 0.0,
            "steer": 0.0
        },
        {
            "throttle": 0.6705977807146803,
            "brake": 0.0,
            "steer": 0.0
        },
        {
            "throttle": 0.6748680020036297,
            "brake": 0.0,
            "steer": 0.0
        },
        {
            "throttle": 0.6787287359809814,
            "brake": 0.0,
            "steer": 0.0
        },
        {
            "throttle": 0.6821683032761385,
            "brake": 0.0,
            "steer": 0.0
        },
        {
            "throttle": 0.6851762986186609,
            "brake": 0.0,
            "steer": 0.0
        },
        {
            "throttle": 0.6877436223159601,
            "brake": 0.0,
            "steer": 0.0
        },
        {
            "throttle": 0.6898625077814031,
            "brake": 0.0,
            "steer": 0.0
        },
        {
            "throttle": 0.6915265450295446,
            "brake": 0.0,
            "steer": 0.0
        },
        {
            "throttle": 0.6927307000674126,
            "brake": 0.0,
            "steer": 0.0
        },
        {
            "throttle": 0.6934713301231857,
            "brake": 0.0,
            "steer": 0.0
        },
        {
            "throttle": 0.693746194666191,
            "brake": 0.0,
            "steer": 0.0
        },
        {
            "throttle": 0.6935544621848866,
            "brake": 0.0,
            "steer": 0.0
        },
        {
            "throttle": 0.6928967127023247,
            "brake": 0.0,
            "steer": 0.0
        },
        {
            "throttle": 0.6917749360214834,
            "brake": 0.0,
            "steer": 0.0
        },
        {
            "throttle": 0.6901925257057784,
            "brake": 0.0,
            "steer": 0.0
        },
        {
            "throttle": 0.6881542688129612,
            "brake": 0.0,
            "steer": 0.0
        },
        {
            "throttle": 0.6856663314134637,
            "brake": 0.0,
            "steer": 0.0
        },
        {
            "throttle": 0.6827362399369958,
            "brake": 0.0,
            "steer": 0.0
        },
        {
            "throttle": 0.679372858403829,
            "brake": 0.0,
            "steer": 0.0
        },
        {
            "throttle": 0.6755863616096403,
            "brake": 0.0,
            "steer": 0.0
        },
        {
            "throttle": 0.6713882043450428,
            "brake": 0.0,
            "steer": 0.0
        },
        {
            "throttle": 0.6667910867429139,
            "brake": 0.0,
            "steer": 0.0
        },
        {
            "throttle": 0.6618089158583542,
            "brake": 0.0,
            "steer": 0.0
        },
        {
            "throttle": 0.6564567635975038,
            "brake": 0.0,
            "steer": 0.0
        },
        {
            "throttle": 0.6507508211224866,
            "brake": 0.0,
            "steer": 0.0
        },
        {
            "throttle": 0.644708349870418,
            "brake": 0.0,
            "steer": 0.0
        },
        {
            "throttle": 0.6383476293346502,
            "brake": 0.0,
            "steer": 0.0
        },
        {
            "throttle": 0.6316879017662255,
            "brake": 0.0,
            "steer": 0.0
        },
        {
            "throttle": 0.6247493139628257,
            "brake": 0.0,
            "steer": 0.0
        },
        {
            "throttle": 0.617552856321316,
            "brake": 0.0,
            "steer": 0.0
        },
        {
            "throttle": 0.6101202993382576,
            "brake": 0.0,
            "steer": 0.0
        },
        {
            "throttle": 0.60247412775049,
            "brake": 0.0,
            "steer": 0.0
        },
        {
            "throttle": 0.5946374725150136,
            "brake": 0.0,
            "steer": 0.0
        },
        {
            "throttle": 0.5866340408339488,
            "brake": 0.0,
            "steer": 0.0
        },
        {
            "throttle": 0.5784880444362563,
            "brake": 0.0,
            "steer": 0.0
        },
        {
            "throttle": 0.570224126333179,
            "brake": 0.0,
            "steer": 0.0
        },
        {
            "throttle": 0.5618672862689814,
            "brake": 0.0,
            "steer": 0.0
        },
        {
            "throttle": 0.5534428050925125,
            "brake": 0.0,
            "steer": 0.0
        },
        {
            "throttle": 0.5449761682783798,
            "brake": 0.0,
            "steer": 0.0
        },
        {
            "throttle": 0.5364929888290954,
            "brake": 0.0,
            "steer": 0.0
        },
        {
            "throttle": 0.5280189297914293,
            "brake": 0.0,
            "steer": 0.0
        },
        {
            "throttle": 0.51957962662137,
            "brake": 0.0,
            "steer": 0.0
        },
        {
            "throttle": 0.5112006096325523,
            "brake": 0.0,
            "steer": 0.0
        },
        {
            "throttle": 0.5029072267627579,
            "brake": 0.0,
            "steer": 0.0
        },
        {
            "throttle": 0.4947245668921336,
            "brake": 0.0,
            "steer": 0.0
        },
        {
            "throttle": 0.4866773839451037,
            "brake": 0.0,
            "steer": 0.0
        },
        {
            "throttle": 0.47879002200557796,
            "brake": 0.0,
            "steer": 0.0
        },
        {
            "throttle": 0.4710863416719978,
            "brake": 0.0,
            "steer": 0.0
        },
        {
            "throttle": 0.4635896478750067,
            "brake": 0.0,
            "steer": 0.0
        },
        {
            "throttle": 0.4563226193761095,
            "brake": 0.0,
            "steer": 0.0
        },
        {
            "throttle": 0.44930724016059864,
            "brake": 0.0,
            "steer": 0.0
        },
        {
            "throttle": 0.4425647329322956,
            "brake": 0.0,
            "steer": 0.0
        },
        {
            "throttle": 0.4361154949112971,
            "brake": 0.0,
            "steer": 0.0
        },
        {
            "throttle": 0.4299790361289485,
            "brake": 0.0,
            "steer": 0.0
        },
        {
            "throttle": 0.42417392040671265,
            "brake": 0.0,
            "steer": 0.0
        },
        {
            "throttle": 0.4187177091974829,
            "brake": 0.0,
            "steer": 0.0
        },
        {
            "throttle": 0.4136269084592303,
            "brake": 0.0,
            "steer": 0.0
        },
        {
            "throttle": 0.4089169187216999,
            "brake": 0.0,
            "steer": 0.0
        },
        {
            "throttle": 0.40460198849721457,
            "brake": 0.0,
            "steer": 0.0
        },
        {
            "throttle": 0.40069517117652514,
            "brake": 0.0,
            "steer": 0.0
        },
        {
            "throttle": 0.39720828554010446,
            "brake": 0.0,
            "steer": 0.0
        },
        {
            "throttle": 0.39415188000434564,
            "brake": 0.0,
            "steer": 0.0
        },
        {
            "throttle": 0.39153520071082587,
            "brake": 0.0,
            "steer": 0.0
        },
        {
            "throttle": 0.38936616355517045,
            "brake": 0.0,
            "steer": 0.0
        },
        {
            "throttle": 0.3876513302401354,
            "brake": 0.0,
            "steer": 0.0
        }
    ],
    "parameters": {
        "fog_density": 78.87420454785254,
        "precipitation": 47.0286662431127,
        "precipitation_deposits": 71.10590503098324,
        "wind_intensity": 40.069475956332475,
        "sun_altitude_angle": 8.589382587774644,
        "cloudiness": 18.29133237664181,
        "lead_base_throttle": 0.5395078330563976,
        "lead_behavior_frequency": 0.08754869357593252,
        "lead_throttle_variation": 0.15604423018755278,
        "lead_brake_probability": 0.004082598814728,
        "lead_brake_intensity": 0.4392544334088022,
        "lead_brake_duration": 10.012969710761675,
        "initial_distance": 55.82523365179922,
        "initial_ego_velocity": 14.815691490098978,
        "initial_lead_velocity": 6.4081149753937305
    },
    "config": {
        "num_timesteps": 200,
        "dt": 0.1,
        "seed": 153
    }
}