{
    "weather": {
        "cloudiness": 80.58372318537624,
        "precipitation": 80.32085632387563,
        "precipitation_deposits": 34.02563960310665,
        "wind_intensity": 30.209667648659632,
        "sun_altitude_angle": 67.8085409639251,
        "fog_density": 62.87825680692181,
        "fog_distance": 122.95437915812009,
        "wetness": 40.160428161937816
    },
    "initial_conditions": {
        "ego": {
            "position": {
                "x": 535.7153543395065,
                "y": 20.57,
                "z": 0.294
            },
            "yaw": 0.0,
            "velocity": 5.322976463842801
        },
        "lead": {
            "position": {
                "x": 484.88,
                "y": 20.57,
                "z": 0.294
            },
            "yaw": 0.0,
            "velocity": 6.184278953038134
        }
    },
    "ego": {
        "position": {
            "x": 535.7153543395065,
            "y": 20.57,
            "z": 0.294
        },
        "yaw": 0.0,
        "velocity": 5.322976463842801
    },
    "lead": {
        "position": {
            "x": 484.88,
            "y": 20.57,
            "z": 0.294
        },
        "yaw": 0.0,
        "velocity": 6.184278953038134
    },
    "ado_actions": [
        {
            "throttle": 0.20399818371082354,
            "brake": 0.0,
            "steer": 0.0
        },
        {
            "throttle": 0.20813170998697178,
            "brake": 0.0,
            "steer": 0.0
        },
        {
            "throttle": 0.21511415112146606,
            "brake": 0.0,
            "steer": 0.0
        },
        {
            "throttle": 0.2240022058106343,
            "brake": 0.0,
            "steer": 0.0
        },
        {
            "throttle": 0.23409244510206062,
            "brake": 0.0,
            "steer": 0.0
        },
        {
            "throttle": 0.24485077071172506,
            "brake": 0.0,
            "steer": 0.0
        },
        {
            "throttle": 0.25586348529132913,
            "brake": 0.0,
            "steer": 0.0
        },
        {
            "throttle": 0.2668034709105469,
            "brake": 0.0,
            "steer": 0.0
        },
        {
            "throttle": 0.27740691851232824,
            "brake": 0.0,
            "steer": 0.0
        },
        {
            "throttle": 0.287457413911817,
            "brake": 0.0,
            "steer": 0.0
        },
        {
            "throttle": 0.2967751401922133,
            "brake": 0.0,
            "steer": 0.0
        },
        {
            "throttle": 0.3052096247065172,
            "brake": 0.0,
            "steer": 0.0
        },
        {
            "throttle": 0.31263492714044516,
            "brake": 0.0,
            "steer": 0.0
        },
        {
            "throttle": 0.3189464932971565,
            "brake": 0.0,
            "steer": 0.0
        },
        {
            "throttle": 0.32405912947187526,
            "brake": 0.0,
            "steer": 0.0
        },
        {
            "throttle": 0.32790571391922035,
            "brake": 0.0,
            "steer": 0.0
        },
        {
            "throttle": 0.3304363755704097,
            "brake": 0.0,
            "steer": 0.0
        },
        {
            "throttle": 0.33161795024062973,
            "brake": 0.0,
            "steer": 0.0
        },
        {
            "throttle": 0.3314335811595038,
            "brake": 0.0,
            "steer": 0.0
        },
        {
            "throttle": 0.329882370810508,
            "brake": 0.0,
            "steer": 0.0
        },
        {
            "throttle": 0.3269790197081054,
            "brake": 0.0,
            "steer": 0.0
        },
        {
            "throttle": 0.32275340831933325,
            "brake": 0.0,
            "steer": 0.0
        },
        {
            "throttle": 0.3172500932554207,
            "brake": 0.0,
            "steer": 0.0
        },
        {
            "throttle": 0.31052769979727546,
            "brake": 0.0,
            "steer": 0.0
        },
        {
            "throttle": 0.3026582009460008,
            "brake": 0.0,
            "steer": 0.0
        },
        {
            "throttle": 0.29372607931966854,
            "brake": 0.0,
            "steer": 0.0
        },
        {
            "throttle": 0.28382737291519944,
            "brake": 0.0,
            "steer": 0.0
        },
        {
            "throttle": 0.2730686094103846,
            "brake": 0.0,
            "steer": 0.0
        },
        {
            "throttle": 0.2615656365655486,
            "brake": 0.0,
            "steer": 0.0
        },
        {
            "throttle": 0.2494423585824163,
            "brake": 0.0,
            "steer": 0.0
        },
        {
            "throttle": 0.23682939011610565,
            "brake": 0.0,
            "steer": 0.0
        },
        {
            "throttle": 0.22386264110105092,
            "brake": 0.0,
            "steer": 0.0
        },
        {
            "throttle": 0.21068184670149812,
            "brake": 0.0,
            "steer": 0.0
        },
        {
            "throttle": 0.19742905757156962,
            "brake": 0.0,
            "steer": 0.0
        },
        {
            "throttle": 0.1842471062357155,
            "brake": 0.0,
            "steer": 0.0
        },
        {
            "throttle": 0.17127806579636706,
            "brake": 0.0,
            "steer": 0.0
        },
        {
            "throttle": 0.15866171735533635,
            "brake": 0.0,
            "steer": 0.0
        },
        {
            "throttle": 0.14653404250950258,
            "brake": 0.0,
            "steer": 0.0
        },
        {
            "throttle": 0.13502575705860415,
            "brake": 0.0,
            "steer": 0.0
        },
        {
            "throttle": 0.1242609016520273,
            "brake": 0.0,
            "steer": 0.0
        },
        {
            "throttle": 0.11435550451105739,
            "brake": 0.0,
            "steer": 0.0
        },
        {
            "throttle": 0.10541633060249457,
            "brake": 0.0,
            "steer": 0.0
        },
        {
            "throttle": 0.0975397307191284,
            "brake": 0.0,
            "steer": 0.0
        },
        {
            "throttle": 0.09081060285370253,
            "brake": 0.0,
            "steer": 0.0
        },
        {
            "throttle": 0.0853014770482297,
            "brake": 0.0,
            "steer": 0.0
        },
        {
            "throttle": 0.08107173357354422,
            "brake": 0.0,
            "steer": 0.0
        },
        {
            "throttle": 0.07816696285960936,
            "brake": 0.0,
            "steer": 0.0
        },
        {
            "throttle": 0.07661847407114411,
            "brake": 0.0,
            "steer": 0.0
        },
        {
            "throttle": 0.0764429576222916,
            "brake": 0.0,
            "steer": 0.0
        },
        {
            "throttle": 0.07764230526574759,
            "brake": 0.0,
            "steer": 0.0
        },
        {
            "throttle": 0.08020358969399694,
            "brake": 0.0,
            "steer": 0.0
        },
        {
            "throttle": 0.08409920387145278,
            "brake": 0.0,
            "steer": 0.0
        },
        {
            "throttle": 0.08928715859494385,
            "brake": 0.0,
            "steer": 0.0
        },
        {
            "throttle": 0.09571153507474428,
            "brake": 0.0,
            "steer": 0.0
        },
        {
            "throttle": 0.10330308765759741,
            "brake": 0.0,
            "steer": 0.0
        },
        {
            "throttle": 0.11197999019497845,
            "brake": 0.0,
            "steer": 0.0
        },
        {
            "throttle": 0.12164871801162686,
            "brake": 0.0,
            "steer": 0.0
        },
        {
            "throttle": 0.13220505596785548,
            "brake": 0.0,
            "steer": 0.0
        },
        {
            "throttle": 0.14353522175006975,
            "brake": 0.0,
            "steer": 0.0
        },
        {
            "throttle": 0.15551709228196087,
            "brake": 0.0,
            "steer": 0.0
        },
        {
            "throttle": 0.16802152003736065,
            "brake": 0.0,
            "steer": 0.0
        },
        {
            "throttle": 0.18091372506674727,
            "brake": 0.0,
            "steer": 0.0
        },
        {
            "throttle": 0.1940547477333144,
            "brake": 0.0,
            "steer": 0.0
        },
        {
            "throttle": 0.20730294650016023,
            "brake": 0.0,
            "steer": 0.0
        },
        {
            "throttle": 0.22051552462456958,
            "brake": 0.0,
            "steer": 0.0
        },
        {
            "throttle": 0.2335500693037892,
            "brake": 0.0,
            "steer": 0.0
        },
        {
            "throttle": 0.2462660866824879,
            "brake": 0.0,
            "steer": 0.0
        },
        {
            "throttle": 0.25852651617670097,
            "brake": 0.0,
            "steer": 0.0
        },
        {
            "throttle": 0.27019920779199735,
            "brake": 0.0,
            "steer": 0.0
        },
        {
            "throttle": 0.28115834651247945,
            "brake": 0.0,
            "steer": 0.0
        },
        {
            "throttle": 0.2912858084077256,
            "brake": 0.0,
            "steer": 0.0
        },
        {
            "throttle": 0.3004724338407712,
            "brake": 0.0,
            "steer": 0.0
        },
        {
            "throttle": 0.30861920405375576,
            "brake": 0.0,
            "steer": 0.0
        },
        {
            "throttle": 0.31563830844931523,
            "brake": 0.0,
            "steer": 0.0
        },
        {
            "throttle": 0.3214540910639446,
            "brake": 0.0,
            "steer": 0.0
        },
        {
            "throttle": 0.3260038660316927,
            "brake": 0.0,
            "steer": 0.0
        },
        {
            "throttle": 0.3292385932486504,
            "brake": 0.0,
            "steer": 0.0
        },
        {
            "throttle": 0.3311234069555305,
            "brake": 0.0,
            "steer": 0.0
        },
        {
            "throttle": 0.33163799154096946,
            "brake": 0.0,
            "steer": 0.0
        },
        {
            "throttle": 0.330776800514927,
            "brake": 0.0,
            "steer": 0.0
        },
        {
            "throttle": 0.32854911629196076,
            "brake": 0.0,
            "steer": 0.0
        },
        {
            "throttle": 0.32497895013999756,
            "brake": 0.0,
            "steer": 0.0
        },
        {
            "throttle": 0.32010478337301196,
            "brake": 0.0,
            "steer": 0.0
        },
        {
            "throttle": 0.31397915257718567,
            "brake": 0.0,
            "steer": 0.0
        },
        {
            "throttle": 0.3066680833412209,
            "brake": 0.0,
            "steer": 0.0
        },
        {
            "throttle": 0.2982503785943894,
            "brake": 0.0,
            "steer": 0.0
        },
        {
            "throttle": 0.2888167692230207,
            "brake": 0.0,
            "steer": 0.0
        },
        {
            "throttle": 0.278468936120576,
            "brake": 0.0,
            "steer": 0.0
        },
        {
            "throttle": 0.26731841421221747,
            "brake": 0.0,
            "steer": 0.0
        },
        {
            "throttle": 0.2554853902669292,
            "brake": 0.0,
            "steer": 0.0
        },
        {
            "throttle": 0.2430974074550651,
            "brake": 0.0,
            "steer": 0.0
        },
        {
            "throttle": 0.2302879906143525,
            "brake": 0.0,
            "steer": 0.0
        },
        {
            "throttle": 0.2171952070420271,
            "brake": 0.0,
            "steer": 0.0
        },
        {
            "throttle": 0.20396017832571475,
            "brake": 0.0,
            "steer": 0.0
        },
        {
            "throttle": 0.1907255592534063,
            "brake": 0.0,
            "steer": 0.0
        },
        {
            "throttle": 0.17763400019771286,
            "brake": 0.0,
            "steer": 0.0
        },
        {
            "throttle": 0.1648266095477124,
            "brake": 0.0,
            "steer": 0.0
        },
        {
            "throttle": 0.15244143276118619,
            "brake": 0.0,
            "steer": 0.0
        },
        {
            "throttle": 0.1406119644308988,
            "brake": 0.0,
            "steer": 0.0
        },
        {
            "throttle": 0.129465709402731,
            "brake": 0.0,
            "steer": 0.0
        },
        {
            "throttle": 0.11912280845476639,
            "brake": 0.0,
            "steer": 0.0
        },
        {
            "throttle": 0.10969474335055591,
            "brake": 0.0,
            "steer": 0.0
        },
        {
            "throttle": 0.10128313522424548,
            "brake": 0.0,
            "steer": 0.0
        },
        {
            "throttle": 0.09397864924926552,
            "brake": 0.0,
            "steer": 0.0
        },
        {
            "throttle": 0.08786001739669655,
            "brake": 0.0,
            "steer": 0.0
        },
        {
            "throttle": 0.082993189816586,
            "brake": 0.0,
            "steer": 0.0
        },
        {
            "throttle": 0.07943062398911846,
            "brake": 0.0,
            "steer": 0.0
        },
        {
            "throttle": 0.07721071930757933,
            "brake": 0.0,
            "steer": 0.0
        },
        {
            "throttle": 0.07635740318750298,
            "brake": 0.0,
            "steer": 0.0
        },
        {
            "throttle": 0.07687987316316061,
            "brake": 0.0,
            "steer": 0.0
        },
        {
            "throttle": 0.07877249775122065,
            "brake": 0.0,
            "steer": 0.0
        },
        {
            "throttle": 0.08201487715013048,
            "brake": 0.0,
            "steer": 0.0
        },
        {
            "throttle": 0.08657206312096655,
            "brake": 0.0,
            "steer": 0.0
        },
        {
            "throttle": 0.09239493567975006,
            "brake": 0.0,
            "steer": 0.0
        },
        {
            "throttle": 0.09942073254102052,
            "brake": 0.0,
            "steer": 0.0
        },
        {
            "throttle": 0.10757372560601855,
            "brake": 0.0,
            "steer": 0.0
        },
        {
            "throttle": 0.11676603720389754,
            "brake": 0.0,
            "steer": 0.0
        },
        {
            "throttle": 0.12689858728804412,
            "brake": 0.0,
            "steer": 0.0
        },
        {
            "throttle": 0.1378621613780787,
            "brake": 0.0,
            "steer": 0.0
        },
        {
            "throttle": 0.14953858773663978,
            "brake": 0.0,
            "steer": 0.0
        },
        {
            "throttle": 0.16180201109266035,
            "brake": 0.0,
            "steer": 0.0
        },
        {
            "throttle": 0.1745202491822108,
            "brake": 0.0,
            "steer": 0.0
        },
        {
            "throttle": 0.18755621748532741,
            "brake": 0.0,
            "steer": 0.0
        },
        {
            "throttle": 0.2007694068021892,
            "brake": 0.0,
            "steer": 0.0
        },
        {
            "throttle": 0.21401739774247347,
            "brake": 0.0,
            "steer": 0.0
        },
        {
            "throttle": 0.22715739580384853,
            "brake": 0.0,
            "steer": 0.0
        },
        {
            "throttle": 0.24004777049364046,
            "brake": 0.0,
            "steer": 0.0
        },
        {
            "throttle": 0.2525495819041308,
            "brake": 0.0,
            "steer": 0.0
        },
        {
            "throttle": 0.26452807828717506,
            "brake": 0.0,
            "steer": 0.0
        },
        {
            "throttle": 0.27585414848641693,
            "brake": 0.0,
            "steer": 0.0
        },
        {
            "throttle": 0.28640571357194433,
            "brake": 0.0,
            "steer": 0.0
        },
        {
            "throttle": 0.2960690426775453,
            "brake": 0.0,
            "steer": 0.0
        },
        {
            "throttle": 0.3047399788577084,
            "brake": 0.0,
            "steer": 0.0
        },
        {
            "throttle": 0.312325061751374,
            "brake": 0.0,
            "steer": 0.0
        },
        {
            "throttle": 0.31874253495171556,
            "brake": 0.0,
            "steer": 0.0
        },
        {
            "throttle": 0.32392322722393996,
            "brake": 0.0,
            "steer": 0.0
        },
        {
            "throttle": 0.32781129807282944,
            "brake": 0.0,
            "steer": 0.0
        },
        {
            "throttle": 0.3303648396238692,
            "brake": 0.0,
            "steer": 0.0
        },
        {
            "throttle": 0.3315563283305376,
            "brake": 0.0,
            "steer": 0.0
        },
        {
            "throttle": 0.3313729216389962,
            "brake": 0.0,
            "steer": 0.0
        },
        {
            "throttle": 0.32981659641255656,
            "brake": 0.0,
            "steer": 0.0
        },
        {
            "throttle": 0.3269041276239053,
            "brake": 0.0,
            "steer": 0.0
        },
        {
            "throttle": 0.32266690754475413,
            "brake": 0.0,
            "steer": 0.0
        },
        {
            "throttle": 0.31715060738179396,
            "brake": 0.0,
            "steer": 0.0
        },
        {
            "throttle": 0.31041468500603575,
            "brake": 0.0,
            "steer": 0.0
        },
        {
            "throttle": 0.3025317440815163,
            "brake": 0.0,
            "steer": 0.0
        },
        {
            "throttle": 0.29358675150104974,
            "brake": 0.0,
            "steer": 0.0
        },
        {
            "throttle": 0.2836761215639549,
            "brake": 0.0,
            "steer": 0.0
        },
        {
            "throttle": 0.2729066767670193,
            "brake": 0.0,
            "steer": 0.0
        },
        {
            "throttle": 0.2613944964098967,
            "brake": 0.0,
            "steer": 0.0
        },
        {
            "throttle": 0.2492636654253333,
            "brake": 0.0,
            "steer": 0.0
        },
        {
            "throttle": 0.2366449369200544,
            "brake": 0.0,
            "steer": 0.0
        },
        {
            "throttle": 0.2236743228422181,
            "brake": 0.0,
            "steer": 0.0
        },
        {
            "throttle": 0.21049162796603732,
            "brake": 0.0,
            "steer": 0.0
        },
        {
            "throttle": 0.1972389429951304,
            "brake": 0.0,
            "steer": 0.0
        },
        {
            "throttle": 0.1840591130268037,
            "brake": 0.0,
            "steer": 0.0
        },
        {
            "throttle": 0.17109419788504313,
            "brake": 0.0,
            "steer": 0.0
        },
        {
            "throttle": 0.1584839409176351,
            "brake": 0.0,
            "steer": 0.0
        },
        {
            "throttle": 0.14636426276160697,
            "brake": 0.0,
            "steer": 0.0
        },
        {
            "throttle": 0.1348657963120528,
            "brake": 0.0,
            "steer": 0.0
        },
        {
            "throttle": 0.12411247868529786,
            "brake": 0.0,
            "steer": 0.0
        },
        {
            "throttle": 0.11422021535303577,
            "brake": 0.0,
            "steer": 0.0
        },
        {
            "throttle": 0.10529563084617317,
            "brake": 0.0,
            "steer": 0.0
        },
        {
            "throttle": 0.09743491949401782,
            "brake": 0.0,
            "steer": 0.0
        },
        {
            "throttle": 0.09072280858620653,
            "brake": 0.0,
            "steer": 0.0
        },
        {
            "throttle": 0.08523164513301404,
            "brake": 0.0,
            "steer": 0.0
        },
        {
            "throttle": 0.081020616067467,
            "brake": 0.0,
            "steer": 0.0
        },
        {
            "throttle": 0.0781351102943759,
            "brake": 0.0,
            "steer": 0.0
        },
        {
            "throttle": 0.07660622946248896,
            "brake": 0.0,
            "steer": 0.0
        },
        {
            "throttle": 0.07645045273294823,
            "brake": 0.0,
            "steer": 0.0
        },
        {
            "throttle": 0.07766945915736768,
            "brake": 0.0,
            "steer": 0.0
        },
        {
            "throttle": 0.08025010958004443,
            "brake": 0.0,
            "steer": 0.0
        },
        {
            "throttle": 0.08416458825937219,
            "brake": 0.0,
            "steer": 0.0
        },
        {
            "throttle": 0.08937070268197878,
            "brake": 0.0,
            "steer": 0.0
        },
        {
            "throttle": 0.09581233833801814,
            "brake": 0.0,
            "steer": 0.0
        },
        {
            "throttle": 0.10342006355578617,
            "brake": 0.0,
            "steer": 0.0
        },
        {
            "throttle": 0.11211187787640234,
            "brake": 0.0,
            "steer": 0.0
        },
        {
            "throttle": 0.1217940959021437,
            "brake": 0.0,
            "steer": 0.0
        },
        {
            "throttle": 0.13236235709180172,
            "brake": 0.0,
            "steer": 0.0
        },
        {
            "throttle": 0.1437027506189055,
            "brake": 0.0,
            "steer": 0.0
        },
        {
            "throttle": 0.15569304316843774,
            "brake": 0.0,
            "steer": 0.0
        },
        {
            "throttle": 0.16820399643814288,
            "brake": 0.0,
            "steer": 0.0
        },
        {
            "throttle": 0.18110076014363463,
            "brake": 0.0,
            "steer": 0.0
        },
        {
            "throttle": 0.1942443255126913,
            "brake": 0.0,
            "steer": 0.0
        },
        {
            "throttle": 0.20749302360213515,
            "brake": 0.0,
            "steer": 0.0
        },
        {
            "throttle": 0.22070405228757206,
            "brake": 0.0,
            "steer": 0.0
        },
        {
            "throttle": 0.2337350154672136,
            "brake": 0.0,
            "steer": 0.0
        },
        {
            "throttle": 0.24644545788935196,
            "brake": 0.0,
            "steer": 0.0
        },
        {
            "throttle": 0.25869837906023196,
            "brake": 0.0,
            "steer": 0.0
        },
        {
            "throttle": 0.27036170991454456,
            "brake": 0.0,
            "steer": 0.0
        },
        {
            "throttle": 0.2813097363321354,
            "brake": 0.0,
            "steer": 0.0
        },
        {
            "throttle": 0.2914244541574415,
            "brake": 0.0,
            "steer": 0.0
        },
        {
            "throttle": 0.30059684111647433,
            "brake": 0.0,
            "steer": 0.0
        },
        {
            "throttle": 0.30872803192189235,
            "brake": 0.0,
            "steer": 0.0
        },
        {
            "throttle": 0.31573038390020214,
            "brake": 0.0,
            "steer": 0.0
        },
        {
            "throttle": 0.3215284216551416,
            "brake": 0.0,
            "steer": 0.0
        },
        {
            "throttle": 0.3260596505851181,
            "brake": 0.0,
            "steer": 0.0
        },
        {
            "throttle": 0.32927523048613966,
            "brake": 0.0,
            "steer": 0.0
        },
        {
            "throttle": 0.33114050197975836,
            "brake": 0.0,
            "steer": 0.0
        },
        {
            "throttle": 0.33163536009188077,
            "brake": 0.0,
            "steer": 0.0
        }
    ],
    "parameters": {
        "fog_density": 62.87825680692181,
        "precipitation": 80.32085632387563,
        "precipitation_deposits": 34.02563960310665,
        "wind_intensity": 30.209667648659632,
        "sun_altitude_angle": 67.8085409639251,
        "cloudiness": 80.58372318537624,
        "lead_base_throttle": 0.20399818371082354,
        "lead_behavior_frequency": 0.16530884894510167,
        "lead_throttle_variation": 0.13289377554793133,
        "lead_brake_probability": 0.01104153315386911,
        "lead_brake_intensity": 0.6544625542751884,
        "lead_brake_duration": 5.518960781903388,
        "initial_distance": 50.83535433950642,
        "initial_ego_velocity": 5.322976463842801,
        "initial_lead_velocity": 6.184278953038134
    },
    "config": {
        "num_timesteps": 200,
        "dt": 0.1,
        "seed": 212
    }
}