{
    "weather": {
        "cloudiness": 77.94262324682212,
        "precipitation": 64.05163589632215,
        "precipitation_deposits": 38.6628278430122,
        "wind_intensity": 37.35266746704028,
        "sun_altitude_angle": 2.231007267498228,
        "fog_density": 77.35495001340738,
        "fog_distance": 75.88787676304716,
        "wetness": 32.02581794816108
    },
    "initial_conditions": {
        "ego": {
            "position": {
                "x": 503.9643160558328,
                "y": 20.57,
                "z": 0.294
            },
            "yaw": 0.0,
            "velocity": 6.975370203506351
        },
        "lead": {
            "position": {
                "x": 484.88,
                "y": 20.57,
                "z": 0.294
            },
            "yaw": 0.0,
            "velocity": 16.04068916844799
        }
    },
    "ego": {
        "position": {
            "x": 503.9643160558328,
            "y": 20.57,
            "z": 0.294
        },
        "yaw": 0.0,
        "velocity": 6.975370203506351
    },
    "lead": {
        "position": {
            "x": 484.88,
            "y": 20.57,
            "z": 0.294
        },
        "yaw": 0.0,
        "velocity": 16.04068916844799
    },
    "ado_actions": [
        {
            "throttle": 0.22892843430938414,
            "brake": 0.0,
            "steer": 0.0
        },
        {
            "throttle": 0.24064181751656782,
            "brake": 0.0,
            "steer": 0.0
        },
        {
            "throttle": 0.26043131101197536,
            "brake": 0.0,
            "steer": 0.0
        },
        {
            "throttle": 0.2856288628182304,
            "brake": 0.0,
            "steer": 0.0
        },
        {
            "throttle": 0.3142474560141141,
            "brake": 0.0,
            "steer": 0.0
        },
        {
            "throttle": 0.3447806348360328,
            "brake": 0.0,
            "steer": 0.0
        },
        {
            "throttle": 0.37606338879822365,
            "brake": 0.0,
            "steer": 0.0
        },
        {
            "throttle": 0.4071759342598129,
            "brake": 0.0,
            "steer": 0.0
        },
        {
            "throttle": 0.43737745880369105,
            "brake": 0.0,
            "steer": 0.0
        },
        {
            "throttle": 0.46606076263616736,
            "brake": 0.0,
            "steer": 0.0
        },
        {
            "throttle": 0.4927214402168691,
            "brake": 0.0,
            "steer": 0.0
        },
        {
            "throttle": 0.5169371425513931,
            "brake": 0.0,
            "steer": 0.0
        },
        {
            "throttle": 0.5383537896613013,
            "brake": 0.0,
            "steer": 0.0
        },
        {
            "throttle": 0.5566765342219522,
            "brake": 0.0,
            "steer": 0.0
        },
        {
            "throttle": 0.5716639305909288,
            "brake": 0.0,
            "steer": 0.0
        },
        {
            "throttle": 0.583124221979646,
            "brake": 0.0,
            "steer": 0.0
        },
        {
            "throttle": 0.5909129808135809,
            "brake": 0.0,
            "steer": 0.0
        },
        {
            "throttle": 0.5949315642944015,
            "brake": 0.0,
            "steer": 0.0
        },
        {
            "throttle": 0.5951260074440807,
            "brake": 0.0,
            "steer": 0.0
        },
        {
            "throttle": 0.5914860894990662,
            "brake": 0.0,
            "steer": 0.0
        },
        {
            "throttle": 0.5840443904325153,
            "brake": 0.0,
            "steer": 0.0
        },
        {
            "throttle": 0.5728752124003335,
            "brake": 0.0,
            "steer": 0.0
        },
        {
            "throttle": 0.5580932828678365,
            "brake": 0.0,
            "steer": 0.0
        },
        {
            "throttle": 0.5398521868489805,
            "brake": 0.0,
            "steer": 0.0
        },
        {
            "throttle": 0.5183424984050553,
            "brake": 0.0,
            "steer": 0.0
        },
        {
            "throttle": 0.493789598619499,
            "brake": 0.0,
            "steer": 0.0
        },
        {
            "throttle": 0.46645118029822485,
            "brake": 0.0,
            "steer": 0.0
        },
        {
            "throttle": 0.4366144497548986,
            "brake": 0.0,
            "steer": 0.0
        },
        {
            "throttle": 0.40459304399758034,
            "brake": 0.0,
            "steer": 0.0
        },
        {
            "throttle": 0.37072368796654537,
            "brake": 0.0,
            "steer": 0.0
        },
        {
            "throttle": 0.33536262154553265,
            "brake": 0.0,
            "steer": 0.0
        },
        {
            "throttle": 0.298881830127224,
            "brake": 0.0,
            "steer": 0.0
        },
        {
            "throttle": 0.2616651157260716,
            "brake": 0.0,
            "steer": 0.0
        },
        {
            "throttle": 0.22410404811108525,
            "brake": 0.0,
            "steer": 0.0
        },
        {
            "throttle": 0.1865938372548431,
            "brake": 0.0,
            "steer": 0.0
        },
        {
            "throttle": 0.1495291696157509,
            "brake": 0.0,
            "steer": 0.0
        },
        {
            "throttle": 0.11330005142609983,
            "brake": 0.0,
            "steer": 0.0
        },
        {
            "throttle": 0.07931003599826988,
            "brake": 0.0,
            "steer": 0.0
        },
        {
            "throttle": 0.055517025198788914,
            "brake": 0.0,
            "steer": 0.0
        },
        {
            "throttle": 0.038861917639152234,
            "brake": 0.0,
            "steer": 0.0
        },
        {
            "throttle": 0.027203342347406564,
            "brake": 0.0,
            "steer": 0.0
        },
        {
            "throttle": 0.019042339643184594,
            "brake": 0.0,
            "steer": 0.0
        },
        {
            "throttle": 0.013329637750229216,
            "brake": 0.0,
            "steer": 0.0
        },
        {
            "throttle": 0.009330746425160451,
            "brake": 0.0,
            "steer": 0.0
        },
        {
            "throttle": 0.006531522497612316,
            "brake": 0.0,
            "steer": 0.0
        },
        {
            "throttle": 0.004572065748328621,
            "brake": 0.0,
            "steer": 0.0
        },
        {
            "throttle": 0.0032004460238300343,
            "brake": 0.0,
            "steer": 0.0
        },
        {
            "throttle": 0.0022403122166810238,
            "brake": 0.0,
            "steer": 0.0
        },
        {
            "throttle": 0.0015682185516767166,
            "brake": 0.0,
            "steer": 0.0
        },
        {
            "throttle": 0.0010977529861737015,
            "brake": 0.0,
            "steer": 0.0
        },
        {
            "throttle": 0.000768427090321591,
            "brake": 0.0,
            "steer": 0.0
        },
        {
            "throttle": 0.0005378989632251137,
            "brake": 0.0,
            "steer": 0.0
        },
        {
            "throttle": 0.00037652927425757955,
            "brake": 0.0,
            "steer": 0.0
        },
        {
            "throttle": 0.00026357049198030564,
            "brake": 0.0,
            "steer": 0.0
        },
        {
            "throttle": 0.00018449934438621393,
            "brake": 0.0,
            "steer": 0.0
        },
        {
            "throttle": 0.0006395600268340318,
            "brake": 0.0,
            "steer": 0.0
        },
        {
            "throttle": 0.010720672972810586,
            "brake": 0.0,
            "steer": 0.0
        },
        {
            "throttle": 0.028154614252730685,
            "brake": 0.0,
            "steer": 0.0
        },
        {
            "throttle": 0.05124092998728688,
            "brake": 0.0,
            "steer": 0.0
        },
        {
            "throttle": 0.0786747871499722,
            "brake": 0.0,
            "steer": 0.0
        },
        {
            "throttle": 0.10942417415415767,
            "brake": 0.0,
            "steer": 0.0
        },
        {
            "throttle": 0.14264518957141764,
            "brake": 0.0,
            "steer": 0.0
        },
        {
            "throttle": 0.1776240226880587,
            "brake": 0.0,
            "steer": 0.0
        },
        {
            "throttle": 0.2137376350417693,
            "brake": 0.0,
            "steer": 0.0
        },
        {
            "throttle": 0.25042753570911613,
            "brake": 0.0,
            "steer": 0.0
        },
        {
            "throttle": 0.28718271162253384,
            "brake": 0.0,
            "steer": 0.0
        },
        {
            "throttle": 0.32352894226249485,
            "brake": 0.0,
            "steer": 0.0
        },
        {
            "throttle": 0.35902254597155586,
            "brake": 0.0,
            "steer": 0.0
        },
        {
            "throttle": 0.393247178061668,
            "brake": 0.0,
            "steer": 0.0
        },
        {
            "throttle": 0.42581270246315817,
            "brake": 0.0,
            "steer": 0.0
        },
        {
            "throttle": 0.45635544042763276,
            "brake": 0.0,
            "steer": 0.0
        },
        {
            "throttle": 0.48453929781490523,
            "brake": 0.0,
            "steer": 0.0
        },
        {
            "throttle": 0.510057412004712,
            "brake": 0.0,
            "steer": 0.0
        },
        {
            "throttle": 0.5326340581351497,
            "brake": 0.0,
            "steer": 0.0
        },
        {
            "throttle": 0.5520266245312866,
            "brake": 0.0,
            "steer": 0.0
        },
        {
            "throttle": 0.5680275174825773,
            "brake": 0.0,
            "steer": 0.0
        },
        {
            "throttle": 0.5804658919874444,
            "brake": 0.0,
            "steer": 0.0
        },
        {
            "throttle": 0.5892091319161016,
            "brake": 0.0,
            "steer": 0.0
        },
        {
            "throttle": 0.5941640231805024,
            "brake": 0.0,
            "steer": 0.0
        },
        {
            "throttle": 0.5952775789814142,
            "brake": 0.0,
            "steer": 0.0
        },
        {
            "throttle": 0.5925374884392314,
            "brake": 0.0,
            "steer": 0.0
        },
        {
            "throttle": 0.5859721698810471,
            "brake": 0.0,
            "steer": 0.0
        },
        {
            "throttle": 0.5756504184186205,
            "brake": 0.0,
            "steer": 0.0
        },
        {
            "throttle": 0.5616806446624762,
            "brake": 0.0,
            "steer": 0.0
        },
        {
            "throttle": 0.5442097077787499,
            "brake": 0.0,
            "steer": 0.0
        },
        {
            "throttle": 0.523421351805337,
            "brake": 0.0,
            "steer": 0.0
        },
        {
            "throttle": 0.4995342593276374,
            "brake": 0.0,
            "steer": 0.0
        },
        {
            "throttle": 0.47279974134686875,
            "brake": 0.0,
            "steer": 0.0
        },
        {
            "throttle": 0.4434990864965739,
            "brake": 0.0,
            "steer": 0.0
        },
        {
            "throttle": 0.4119405966936155,
            "brake": 0.0,
            "steer": 0.0
        },
        {
            "throttle": 0.378456339851784,
            "brake": 0.0,
            "steer": 0.0
        },
        {
            "throttle": 0.34339865343301545,
            "brake": 0.0,
            "steer": 0.0
        },
        {
            "throttle": 0.307136435351804,
            "brake": 0.0,
            "steer": 0.0
        },
        {
            "throttle": 0.27005126106912497,
            "brake": 0.0,
            "steer": 0.0
        },
        {
            "throttle": 0.23253336759932772,
            "brake": 0.0,
            "steer": 0.0
        },
        {
            "throttle": 0.19497754659462108,
            "brake": 0.0,
            "steer": 0.0
        },
        {
            "throttle": 0.1577789896570311,
            "brake": 0.0,
            "steer": 0.0
        },
        {
            "throttle": 0.12132912955036743,
            "brake": 0.0,
            "steer": 0.0
        },
        {
            "throttle": 0.08601152104183939,
            "brake": 0.0,
            "steer": 0.0
        },
        {
            "throttle": 0.060208064729287566,
            "brake": 0.0,
            "steer": 0.0
        },
        {
            "throttle": 0.042145645310501294,
            "brake": 0.0,
            "steer": 0.0
        },
        {
            "throttle": 0.029501951717350903,
            "brake": 0.0,
            "steer": 0.0
        },
        {
            "throttle": 0.02065136620214563,
            "brake": 0.0,
            "steer": 0.0
        },
        {
            "throttle": 0.01445595634150194,
            "brake": 0.0,
            "steer": 0.0
        },
        {
            "throttle": 0.010119169439051357,
            "brake": 0.0,
            "steer": 0.0
        },
        {
            "throttle": 0.007083418607335949,
            "brake": 0.0,
            "steer": 0.0
        },
        {
            "throttle": 0.004958393025135164,
            "brake": 0.0,
            "steer": 0.0
        },
        {
            "throttle": 0.0034708751175946146,
            "brake": 0.0,
            "steer": 0.0
        },
        {
            "throttle": 0.0024296125823162302,
            "brake": 0.0,
            "steer": 0.0
        },
        {
            "throttle": 0.0017007288076213612,
            "brake": 0.0,
            "steer": 0.0
        },
        {
            "throttle": 0.0011905101653349526,
            "brake": 0.0,
            "steer": 0.0
        },
        {
            "throttle": 0.0008333571157344668,
            "brake": 0.0,
            "steer": 0.0
        },
        {
            "throttle": 0.0005833499810141267,
            "brake": 0.0,
            "steer": 0.0
        },
        {
            "throttle": 0.0004083449867098887,
            "brake": 0.0,
            "steer": 0.0
        },
        {
            "throttle": 0.00028584149069692206,
            "brake": 0.0,
            "steer": 0.0
        },
        {
            "throttle": 0.00020008904348784543,
            "brake": 0.0,
            "steer": 0.0
        },
        {
            "throttle": 0.00014006233044149178,
            "brake": 0.0,
            "steer": 0.0
        },
        {
            "throttle": 0.008125273050264913,
            "brake": 0.0,
            "steer": 0.0
        },
        {
            "throttle": 0.0239635890548005,
            "brake": 0.0,
            "steer": 0.0
        },
        {
            "throttle": 0.0458294571620398,
            "brake": 0.0,
            "steer": 0.0
        },
        {
            "throttle": 0.07233156405117636,
            "brake": 0.0,
            "steer": 0.0
        },
        {
            "throttle": 0.10237817678537758,
            "brake": 0.0,
            "steer": 0.0
        },
        {
            "throttle": 0.13508412091050687,
            "brake": 0.0,
            "steer": 0.0
        },
        {
            "throttle": 0.16970693798063113,
            "brake": 0.0,
            "steer": 0.0
        },
        {
            "throttle": 0.20560348841184722,
            "brake": 0.0,
            "steer": 0.0
        },
        {
            "throttle": 0.24220087219383823,
            "brake": 0.0,
            "steer": 0.0
        },
        {
            "throttle": 0.27897736456359606,
            "brake": 0.0,
            "steer": 0.0
        },
        {
            "throttle": 0.3154503410275948,
            "brake": 0.0,
            "steer": 0.0
        },
        {
            "throttle": 0.35116906043828705,
            "brake": 0.0,
            "steer": 0.0
        },
        {
            "throttle": 0.3857108012174311,
            "brake": 0.0,
            "steer": 0.0
        },
        {
            "throttle": 0.41867928478914757,
            "brake": 0.0,
            "steer": 0.0
        },
        {
            "throttle": 0.44970462819617507,
            "brake": 0.0,
            "steer": 0.0
        },
        {
            "throttle": 0.4784442841663986,
            "brake": 0.0,
            "steer": 0.0
        },
        {
            "throttle": 0.5045845791754131,
            "brake": 0.0,
            "steer": 0.0
        },
        {
            "throttle": 0.5278425676268984,
            "brake": 0.0,
            "steer": 0.0
        },
        {
            "throttle": 0.5479679966541594,
            "brake": 0.0,
            "steer": 0.0
        },
        {
            "throttle": 0.5647452306777645,
            "brake": 0.0,
            "steer": 0.0
        },
        {
            "throttle": 0.5779950243346336,
            "brake": 0.0,
            "steer": 0.0
        },
        {
            "throttle": 0.5875760613293417,
            "brake": 0.0,
            "steer": 0.0
        },
        {
            "throttle": 0.5933861983594694,
            "brake": 0.0,
            "steer": 0.0
        },
        {
            "throttle": 0.5953633697668113,
            "brake": 0.0,
            "steer": 0.0
        },
        {
            "throttle": 0.5934861215139549,
            "brake": 0.0,
            "steer": 0.0
        },
        {
            "throttle": 0.5877737535505835,
            "brake": 0.0,
            "steer": 0.0
        },
        {
            "throttle": 0.5782860583497182,
            "brake": 0.0,
            "steer": 0.0
        },
        {
            "throttle": 0.5651226508600559,
            "brake": 0.0,
            "steer": 0.0
        },
        {
            "throttle": 0.5484218916715728,
            "brake": 0.0,
            "steer": 0.0
        },
        {
            "throttle": 0.5283594110482033,
            "brake": 0.0,
            "steer": 0.0
        },
        {
            "throttle": 0.5051462467846696,
            "brake": 0.0,
            "steer": 0.0
        },
        {
            "throttle": 0.47902661368048705,
            "brake": 0.0,
            "steer": 0.0
        },
        {
            "throttle": 0.4502753268411993,
            "brake": 0.0,
            "steer": 0.0
        },
        {
            "throttle": 0.419194905038032,
            "brake": 0.0,
            "steer": 0.0
        },
        {
            "throttle": 0.38611238398873793,
            "brake": 0.0,
            "steer": 0.0
        },
        {
            "throttle": 0.3513758726602853,
            "brake": 0.0,
            "steer": 0.0
        },
        {
            "throttle": 0.31535088852797327,
            "brake": 0.0,
            "steer": 0.0
        },
        {
            "throttle": 0.2784165101424215,
            "brake": 0.0,
            "steer": 0.0
        },
        {
            "throttle": 0.24096138734192216,
            "brake": 0.0,
            "steer": 0.0
        },
        {
            "throttle": 0.20337965099013544,
            "brake": 0.0,
            "steer": 0.0
        },
        {
            "throttle": 0.16606676520755198,
            "brake": 0.0,
            "steer": 0.0
        },
        {
            "throttle": 0.12941536569208809,
            "brake": 0.0,
            "steer": 0.0
        },
        {
            "throttle": 0.09381112788583702,
            "brake": 0.0,
            "steer": 0.0
        },
        {
            "throttle": 0.06566778952008591,
            "brake": 0.0,
            "steer": 0.0
        },
        {
            "throttle": 0.04596745266406013,
            "brake": 0.0,
            "steer": 0.0
        },
        {
            "throttle": 0.03217721686484209,
            "brake": 0.0,
            "steer": 0.0
        },
        {
            "throttle": 0.02252405180538946,
            "brake": 0.0,
            "steer": 0.0
        },
        {
            "throttle": 0.01576683626377262,
            "brake": 0.0,
            "steer": 0.0
        },
        {
            "throttle": 0.011036785384640833,
            "brake": 0.0,
            "steer": 0.0
        },
        {
            "throttle": 0.007725749769248583,
            "brake": 0.0,
            "steer": 0.0
        },
        {
            "throttle": 0.005408024838474008,
            "brake": 0.0,
            "steer": 0.0
        },
        {
            "throttle": 0.0037856173869318054,
            "brake": 0.0,
            "steer": 0.0
        },
        {
            "throttle": 0.0026499321708522636,
            "brake": 0.0,
            "steer": 0.0
        },
        {
            "throttle": 0.0018549525195965843,
            "brake": 0.0,
            "steer": 0.0
        },
        {
            "throttle": 0.001298466763717609,
            "brake": 0.0,
            "steer": 0.0
        },
        {
            "throttle": 0.0009089267346023262,
            "brake": 0.0,
            "steer": 0.0
        },
        {
            "throttle": 0.0006362487142216283,
            "brake": 0.0,
            "steer": 0.0
        },
        {
            "throttle": 0.00044537409995513977,
            "brake": 0.0,
            "steer": 0.0
        },
        {
            "throttle": 0.00031176186996859784,
            "brake": 0.0,
            "steer": 0.0
        },
        {
            "throttle": 0.00021823330897801846,
            "brake": 0.0,
            "steer": 0.0
        },
        {
            "throttle": 0.0001527633162846129,
            "brake": 0.0,
            "steer": 0.0
        },
        {
            "throttle": 0.005920513290938893,
            "brake": 0.0,
            "steer": 0.0
        },
        {
            "throttle": 0.020072688714998944,
            "brake": 0.0,
            "steer": 0.0
        },
        {
            "throttle": 0.04064904342469923,
            "brake": 0.0,
            "steer": 0.0
        },
        {
            "throttle": 0.0661651282629441,
            "brake": 0.0,
            "steer": 0.0
        },
        {
            "throttle": 0.09546489241884853,
            "brake": 0.0,
            "steer": 0.0
        },
        {
            "throttle": 0.1276187348674523,
            "brake": 0.0,
            "steer": 0.0
        },
        {
            "throttle": 0.16185340696293427,
            "brake": 0.0,
            "steer": 0.0
        },
        {
            "throttle": 0.1975042335945966,
            "brake": 0.0,
            "steer": 0.0
        },
        {
            "throttle": 0.23398296652459066,
            "brake": 0.0,
            "steer": 0.0
        },
        {
            "throttle": 0.2707565757764658,
            "brake": 0.0,
            "steer": 0.0
        },
        {
            "throttle": 0.30733367956581137,
            "brake": 0.0,
            "steer": 0.0
        },
        {
            "throttle": 0.34325628969017574,
            "brake": 0.0,
            "steer": 0.0
        },
        {
            "throttle": 0.3780952331252798,
            "brake": 0.0,
            "steer": 0.0
        },
        {
            "throttle": 0.41144808972489855,
            "brake": 0.0,
            "steer": 0.0
        },
        {
            "throttle": 0.4429388219293666,
            "brake": 0.0,
            "steer": 0.0
        },
        {
            "throttle": 0.47221850832182855,
            "brake": 0.0,
            "steer": 0.0
        },
        {
            "throttle": 0.49896675887296954,
            "brake": 0.0,
            "steer": 0.0
        },
        {
            "throttle": 0.5228935068737193,
            "brake": 0.0,
            "steer": 0.0
        },
        {
            "throttle": 0.543740955624037,
            "brake": 0.0,
            "steer": 0.0
        },
        {
            "throttle": 0.5612855172401212,
            "brake": 0.0,
            "steer": 0.0
        },
        {
            "throttle": 0.5753396236712129,
            "brake": 0.0,
            "steer": 0.0
        },
        {
            "throttle": 0.5857533212140111,
            "brake": 0.0,
            "steer": 0.0
        }
    ],
    "parameters": {
        "fog_density": 77.35495001340738,
        "precipitation": 64.05163589632215,
        "precipitation_deposits": 38.6628278430122,
        "wind_intensity": 37.35266746704028,
        "sun_altitude_angle": 2.231007267498228,
        "cloudiness": 77.94262324682212,
        "lead_base_throttle": 0.22892843430938414,
        "lead_behavior_frequency": 0.16333416585522553,
        "lead_throttle_variation": 0.38112443555942405,
        "lead_brake_probability": 0.03180224126851367,
        "lead_brake_intensity": 0.7692824123594464,
        "lead_brake_duration": 17.091180777755813,
        "initial_distance": 19.084316055832794,
        "initial_ego_velocity": 6.975370203506351,
        "initial_lead_velocity": 16.04068916844799
    },
    "config": {
        "num_timesteps": 200,
        "dt": 0.1,
        "seed": 225
    }
}