{
    "weather": {
        "cloudiness": 73.24328987862347,
        "precipitation": 29.61365503517034,
        "precipitation_deposits": 89.84931705398739,
        "wind_intensity": 31.925823350645864,
        "sun_altitude_angle": 59.88659999160697,
        "fog_density": 53.7288126776142,
        "fog_distance": 166.79989432728794,
        "wetness": 14.80682751758517
    },
    "initial_conditions": {
        "ego": {
            "position": {
                "x": 553.7000110177704,
                "y": 20.57,
                "z": 0.294
            },
            "yaw": 0.0,
            "velocity": 14.405275632033979
        },
        "lead": {
            "position": {
                "x": 484.88,
                "y": 20.57,
                "z": 0.294
            },
            "yaw": 0.0,
            "velocity": 22.493132278236985
        }
    },
    "ego": {
        "position": {
            "x": 553.7000110177704,
            "y": 20.57,
            "z": 0.294
        },
        "yaw": 0.0,
        "velocity": 14.405275632033979
    },
    "lead": {
        "position": {
            "x": 484.88,
            "y": 20.57,
            "z": 0.294
        },
        "yaw": 0.0,
        "velocity": 22.493132278236985
    },
    "ado_actions": [
        {
            "throttle": 0.4056376604372695,
            "brake": 0.0,
            "steer": 0.0
        },
        {
            "throttle": 0.41886390639444204,
            "brake": 0.0,
            "steer": 0.0
        },
        {
            "throttle": 0.44093040412639756,
            "brake": 0.0,
            "steer": 0.0
        },
        {
            "throttle": 0.4683620553212533,
            "brake": 0.0,
            "steer": 0.0
        },
        {
            "throttle": 0.49834740693847085,
            "brake": 0.0,
            "steer": 0.0
        },
        {
            "throttle": 0.5285775534300567,
            "brake": 0.0,
            "steer": 0.0
        },
        {
            "throttle": 0.5571441447773465,
            "brake": 0.0,
            "steer": 0.0
        },
        {
            "throttle": 0.5824772267638517,
            "brake": 0.0,
            "steer": 0.0
        },
        {
            "throttle": 0.6033091300442481,
            "brake": 0.0,
            "steer": 0.0
        },
        {
            "throttle": 0.6186545256381178,
            "brake": 0.0,
            "steer": 0.0
        },
        {
            "throttle": 0.6277995605921155,
            "brake": 0.0,
            "steer": 0.0
        },
        {
            "throttle": 0.6302950155316843,
            "brake": 0.0,
            "steer": 0.0
        },
        {
            "throttle": 0.6259499191994593,
            "brake": 0.0,
            "steer": 0.0
        },
        {
            "throttle": 0.6148231749946192,
            "brake": 0.0,
            "steer": 0.0
        },
        {
            "throttle": 0.597211611428594,
            "brake": 0.0,
            "steer": 0.0
        },
        {
            "throttle": 0.5736335373012821,
            "brake": 0.0,
            "steer": 0.0
        },
        {
            "throttle": 0.5448074135976821,
            "brake": 0.0,
            "steer": 0.0
        },
        {
            "throttle": 0.5116256808403705,
            "brake": 0.0,
            "steer": 0.0
        },
        {
            "throttle": 0.47512412443601915,
            "brake": 0.0,
            "steer": 0.0
        },
        {
            "throttle": 0.4364474350680038,
            "brake": 0.0,
            "steer": 0.0
        },
        {
            "throttle": 0.39681183489263194,
            "brake": 0.0,
            "steer": 0.0
        },
        {
            "throttle": 0.35746579844888227,
            "brake": 0.0,
            "steer": 0.0
        },
        {
            "throttle": 0.31965000319891035,
            "brake": 0.0,
            "steer": 0.0
        },
        {
            "throttle": 0.2845577010131726,
            "brake": 0.0,
            "steer": 0.0
        },
        {
            "throttle": 0.2532967110368069,
            "brake": 0.0,
            "steer": 0.0
        },
        {
            "throttle": 0.22685419881835112,
            "brake": 0.0,
            "steer": 0.0
        },
        {
            "throttle": 0.2060653294907012,
            "brake": 0.0,
            "steer": 0.0
        },
        {
            "throttle": 0.1915867680175831,
            "brake": 0.0,
            "steer": 0.0
        },
        {
            "throttle": 0.1838758516743289,
            "brake": 0.0,
            "steer": 0.0
        },
        {
            "throttle": 0.18317608438562247,
            "brake": 0.0,
            "steer": 0.0
        },
        {
            "throttle": 0.18950940532932967,
            "brake": 0.0,
            "steer": 0.0
        },
        {
            "throttle": 0.202675471908339,
            "brake": 0.0,
            "steer": 0.0
        },
        {
            "throttle": 0.22225797674065934,
            "brake": 0.0,
            "steer": 0.0
        },
        {
            "throttle": 0.2476377968572236,
            "brake": 0.0,
            "steer": 0.0
        },
        {
            "throttle": 0.2780125579443352,
            "brake": 0.0,
            "steer": 0.0
        },
        {
            "throttle": 0.31242199411284866,
            "brake": 0.0,
            "steer": 0.0
        },
        {
            "throttle": 0.3497783007730517,
            "brake": 0.0,
            "steer": 0.0
        },
        {
            "throttle": 0.3889005205648368,
            "brake": 0.0,
            "steer": 0.0
        },
        {
            "throttle": 0.4285518749481767,
            "brake": 0.0,
            "steer": 0.0
        },
        {
            "throttle": 0.4674788610444558,
            "brake": 0.0,
            "steer": 0.0
        },
        {
            "throttle": 0.5044508775889934,
            "brake": 0.0,
            "steer": 0.0
        },
        {
            "throttle": 0.5382991271805228,
            "brake": 0.0,
            "steer": 0.0
        },
        {
            "throttle": 0.5679535649282875,
            "brake": 0.0,
            "steer": 0.0
        },
        {
            "throttle": 0.5924767253820815,
            "brake": 0.0,
            "steer": 0.0
        },
        {
            "throttle": 0.6110933583350804,
            "brake": 0.0,
            "steer": 0.0
        },
        {
            "throttle": 0.6232149365956543,
            "brake": 0.0,
            "steer": 0.0
        },
        {
            "throttle": 0.6284582609452118,
            "brake": 0.0,
            "steer": 0.0
        },
        {
            "throttle": 0.6266575741105083,
            "brake": 0.0,
            "steer": 0.0
        },
        {
            "throttle": 0.617869800782227,
            "brake": 0.0,
            "steer": 0.0
        },
        {
            "throttle": 0.6023727480204716,
            "brake": 0.0,
            "steer": 0.0
        },
        {
            "throttle": 0.5806563229327125,
            "brake": 0.0,
            "steer": 0.0
        },
        {
            "throttle": 0.5534070452556845,
            "brake": 0.0,
            "steer": 0.0
        },
        {
            "throttle": 0.5214863444415025,
            "brake": 0.0,
            "steer": 0.0
        },
        {
            "throttle": 0.4859033273390202,
            "brake": 0.0,
            "steer": 0.0
        },
        {
            "throttle": 0.4477828773626499,
            "brake": 0.0,
            "steer": 0.0
        },
        {
            "throttle": 0.40833009362657957,
            "brake": 0.0,
            "steer": 0.0
        },
        {
            "throttle": 0.36879219422699117,
            "brake": 0.0,
            "steer": 0.0
        },
        {
            "throttle": 0.3304190880207687,
            "brake": 0.0,
            "steer": 0.0
        },
        {
            "throttle": 0.2944238613420356,
            "brake": 0.0,
            "steer": 0.0
        },
        {
            "throttle": 0.2619444287870112,
            "brake": 0.0,
            "steer": 0.0
        },
        {
            "throttle": 0.23400756039812226,
            "brake": 0.0,
            "steer": 0.0
        },
        {
            "throttle": 0.21149642245340441,
            "brake": 0.0,
            "steer": 0.0
        },
        {
            "throttle": 0.19512265799189626,
            "brake": 0.0,
            "steer": 0.0
        },
        {
            "throttle": 0.18540388969139165,
            "brake": 0.0,
            "steer": 0.0
        },
        {
            "throttle": 0.18264735629848017,
            "brake": 0.0,
            "steer": 0.0
        },
        {
            "throttle": 0.18694019991125355,
            "brake": 0.0,
            "steer": 0.0
        },
        {
            "throttle": 0.19814671116211952,
            "brake": 0.0,
            "steer": 0.0
        },
        {
            "throttle": 0.13870269781348366,
            "brake": 0.1945140192654756,
            "steer": 0.0
        },
        {
            "throttle": 0.09709188846943856,
            "brake": 0.3306738327513085,
            "steer": 0.0
        },
        {
            "throttle": 0.06796432192860699,
            "brake": 0.42598570219139154,
            "steer": 0.0
        },
        {
            "throttle": 0.04757502535002489,
            "brake": 0.4927040107994497,
            "steer": 0.0
        },
        {
            "throttle": 0.03330251774501742,
            "brake": 0.5394068268250903,
            "steer": 0.0
        },
        {
            "throttle": 0.023311762421512193,
            "brake": 0.5720987980430388,
            "steer": 0.0
        },
        {
            "throttle": 0.016318233695058533,
            "brake": 0.5949831778956027,
            "steer": 0.0
        },
        {
            "throttle": 0.011422763586540973,
            "brake": 0.6110022437923975,
            "steer": 0.0
        },
        {
            "throttle": 0.00799593451057868,
            "brake": 0.6222155899201538,
            "steer": 0.0
        },
        {
            "throttle": 0.005597154157405075,
            "brake": 0.6300649322095833,
            "steer": 0.0
        },
        {
            "throttle": 0.003918007910183552,
            "brake": 0.6355594718121839,
            "steer": 0.0
        },
        {
            "throttle": 0.002742605537128486,
            "brake": 0.6394056495340043,
            "steer": 0.0
        },
        {
            "throttle": 0.0019198238759899403,
            "brake": 0.6420979739392786,
            "steer": 0.0
        },
        {
            "throttle": 0.0013438767131929582,
            "brake": 0.6439826010229706,
            "steer": 0.0
        },
        {
            "throttle": 0.0009407136992350707,
            "brake": 0.645301839981555,
            "steer": 0.0
        },
        {
            "throttle": 0.0006584995894645494,
            "brake": 0.6462253072525641,
            "steer": 0.0
        },
        {
            "throttle": 0.00046094971262518455,
            "brake": 0.6468717343422704,
            "steer": 0.0
        },
        {
            "throttle": 0.00032266479883762914,
            "brake": 0.6473242333050648,
            "steer": 0.0
        },
        {
            "throttle": 0.00022586535918634037,
            "brake": 0.6476409825790209,
            "steer": 0.0
        },
        {
            "throttle": 0.00015810575143043826,
            "brake": 0.6478627070707902,
            "steer": 0.0
        },
        {
            "throttle": 0.00011067402600130677,
            "brake": 0.6480179142150287,
            "steer": 0.0
        },
        {
            "throttle": 7.747181820091474e-05,
            "brake": 0.6481265592159957,
            "steer": 0.0
        },
        {
            "throttle": 5.4230272740640315e-05,
            "brake": 0.6482026107166725,
            "steer": 0.0
        },
        {
            "throttle": 3.796119091844822e-05,
            "brake": 0.6482558467671463,
            "steer": 0.0
        },
        {
            "throttle": 0.08635581824501294,
            "brake": 0.4537790927370024,
            "steer": 0.0
        },
        {
            "throttle": 0.13568759625937915,
            "brake": 0.3176453649159017,
            "steer": 0.0
        },
        {
            "throttle": 0.1605976272858411,
            "brake": 0.22235175544113114,
            "steer": 0.0
        },
        {
            "throttle": 0.17018513013069025,
            "brake": 0.15564622880879178,
            "steer": 0.0
        },
        {
            "throttle": 0.17106770425354667,
            "brake": 0.10895236016615424,
            "steer": 0.0
        },
        {
            "throttle": 0.16806193086495758,
            "brake": 0.07626665211630797,
            "steer": 0.0
        },
        {
            "throttle": 0.16465396864590215,
            "brake": 0.05338665648141557,
            "steer": 0.0
        },
        {
            "throttle": 0.16332534943228116,
            "brake": 0.0373706595369909,
            "steer": 0.0
        },
        {
            "throttle": 0.16577973208506067,
            "brake": 0.026159461675893628,
            "steer": 0.0
        },
        {
            "throttle": 0.17310268649563096,
            "brake": 0.018311623173125537,
            "steer": 0.0
        },
        {
            "throttle": 0.18587692469845385,
            "brake": 0.012818136221187876,
            "steer": 0.0
        },
        {
            "throttle": 0.2042685640467528,
            "brake": 0.008972695354831512,
            "steer": 0.0
        },
        {
            "throttle": 0.22809515484370613,
            "brake": 0.006280886748382058,
            "steer": 0.0
        },
        {
            "throttle": 0.25688274347332885,
            "brake": 0.00439662072386744,
            "steer": 0.0
        },
        {
            "throttle": 0.28991676221613005,
            "brake": 0.003077634506707208,
            "steer": 0.0
        },
        {
            "throttle": 0.32628975355585066,
            "brake": 0.0021543441546950453,
            "steer": 0.0
        },
        {
            "throttle": 0.36494765187984646,
            "brake": 0.0015080409082865317,
            "steer": 0.0
        },
        {
            "throttle": 0.40473542159836795,
            "brake": 0.0010556286358005722,
            "steer": 0.0
        },
        {
            "throttle": 0.4444421924158449,
            "brake": 0.0007389400450604005,
            "steer": 0.0
        },
        {
            "throttle": 0.4828455733374365,
            "brake": 0.0005172580315422803,
            "steer": 0.0
        },
        {
            "throttle": 0.5187545204242612,
            "brake": 0.0003620806220795962,
            "steer": 0.0
        },
        {
            "throttle": 0.5510499462582508,
            "brake": 0.0002534564354557173,
            "steer": 0.0
        },
        {
            "throttle": 0.5787221675278579,
            "brake": 0.00017741950481900212,
            "steer": 0.0
        },
        {
            "throttle": 0.600904273043483,
            "brake": 0.00012419365337330146,
            "steer": 0.0
        },
        {
            "throttle": 0.616900543617625,
            "brake": 8.693555736131101e-05,
            "steer": 0.0
        },
        {
            "throttle": 0.6262091557810838,
            "brake": 6.085489015291771e-05,
            "steer": 0.0
        },
        {
            "throttle": 0.6285385428891332,
            "brake": 4.259842310704239e-05,
            "steer": 0.0
        },
        {
            "throttle": 0.6238169602945955,
            "brake": 2.981889617492967e-05,
            "steer": 0.0
        },
        {
            "throttle": 0.6121949969342739,
            "brake": 2.0873227322450768e-05,
            "steer": 0.0
        },
        {
            "throttle": 0.5940409852408665,
            "brake": 1.4611259125715537e-05,
            "steer": 0.0
        },
        {
            "throttle": 0.5699294764040042,
            "brake": 1.0227881388000876e-05,
            "steer": 0.0
        },
        {
            "throttle": 0.540623160653444,
            "brake": 7.159516971600612e-06,
            "steer": 0.0
        },
        {
            "throttle": 0.5070488148568286,
            "brake": 5.011661880120428e-06,
            "steer": 0.0
        },
        {
            "throttle": 0.470268045316641,
            "brake": 3.5081633160842993e-06,
            "steer": 0.0
        },
        {
            "throttle": 0.4314437559346754,
            "brake": 2.4557143212590093e-06,
            "steer": 0.0
        },
        {
            "throttle": 0.39180340546729064,
            "brake": 1.7190000248813065e-06,
            "steer": 0.0
        },
        {
            "throttle": 0.3526002179958573,
            "brake": 1.2033000174169144e-06,
            "steer": 0.0
        },
        {
            "throttle": 0.3150735746681044,
            "brake": 8.4231001219184e-07,
            "steer": 0.0
        },
        {
            "throttle": 0.28040984010699743,
            "brake": 5.89617008534288e-07,
            "steer": 0.0
        },
        {
            "throttle": 0.24970486276361617,
            "brake": 4.1273190597400154e-07,
            "steer": 0.0
        },
        {
            "throttle": 0.2239293353068868,
            "brake": 2.8891233418180107e-07,
            "steer": 0.0
        },
        {
            "throttle": 0.2038981105431454,
            "brake": 2.0223863392726074e-07,
            "steer": 0.0
        },
        {
            "throttle": 0.19024444318260292,
            "brake": 1.4156704374908252e-07,
            "steer": 0.0
        },
        {
            "throttle": 0.18339997195831734,
            "brake": 9.909693062435775e-08,
            "steer": 0.0
        },
        {
            "throttle": 0.18358107507020582,
            "brake": 6.936785143705042e-08,
            "steer": 0.0
        },
        {
            "throttle": 0.19078203040255262,
            "brake": 4.8557496005935294e-08,
            "steer": 0.0
        },
        {
            "throttle": 0.20477519681341988,
            "brake": 3.3990247204154705e-08,
            "steer": 0.0
        },
        {
            "throttle": 0.2251182108158591,
            "brake": 2.3793173042908293e-08,
            "steer": 0.0
        },
        {
            "throttle": 0.25116797117843026,
            "brake": 1.6655221130035803e-08,
            "steer": 0.0
        },
        {
            "throttle": 0.2821009693758068,
            "brake": 1.1658654791025062e-08,
            "steer": 0.0
        },
        {
            "throttle": 0.316939323201831,
            "brake": 8.161058353717542e-09,
            "steer": 0.0
        },
        {
            "throttle": 0.3545816905584611,
            "brake": 5.712740847602279e-09,
            "steer": 0.0
        },
        {
            "throttle": 0.3938380861537127,
            "brake": 3.998918593321596e-09,
            "steer": 0.0
        },
        {
            "throttle": 0.43346750045674065,
            "brake": 2.799243015325117e-09,
            "steer": 0.0
        },
        {
            "throttle": 0.4722171316688446,
            "brake": 1.9594701107275818e-09,
            "steer": 0.0
        },
        {
            "throttle": 0.5088619904757603,
            "brake": 1.3716290775093073e-09,
            "steer": 0.0
        },
        {
            "throttle": 0.542243625561011,
            "brake": 9.60140354256515e-10,
            "steer": 0.0
        },
        {
            "throttle": 0.5713067456547938,
            "brake": 6.720982479795604e-10,
            "steer": 0.0
        },
        {
            "throttle": 0.5951325803891188,
            "brake": 4.704687735856922e-10,
            "steer": 0.0
        },
        {
            "throttle": 0.6129679253255109,
            "brake": 3.2932814150998453e-10,
            "steer": 0.0
        },
        {
            "throttle": 0.6242489529573236,
            "brake": 2.3052969905698914e-10,
            "steer": 0.0
        },
        {
            "throttle": 0.628619036951446,
            "brake": 1.6137078933989238e-10,
            "steer": 0.0
        },
        {
            "throttle": 0.6259400261531317,
            "brake": 1.1295955253792465e-10,
            "steer": 0.0
        },
        {
            "throttle": 0.6162966119497856,
            "brake": 7.907168677654725e-11,
            "steer": 0.0
        },
        {
            "throttle": 0.5999936509286583,
            "brake": 5.535018074358307e-11,
            "steer": 0.0
        },
        {
            "throttle": 0.5775465274671707,
            "brake": 3.874512652050815e-11,
            "steer": 0.0
        },
        {
            "throttle": 0.5496648609226855,
            "brake": 2.7121588564355703e-11,
            "steer": 0.0
        },
        {
            "throttle": 0.5172300724852492,
            "brake": 1.898511199504899e-11,
            "steer": 0.0
        },
        {
            "throttle": 0.48126752087085645,
            "brake": 1.3289578396534293e-11,
            "steer": 0.0
        },
        {
            "throttle": 0.4429140877276538,
            "brake": 9.302704877574005e-12,
            "steer": 0.0
        },
        {
            "throttle": 0.4033822374753987,
            "brake": 6.511893414301803e-12,
            "steer": 0.0
        },
        {
            "throttle": 0.36392168775198297,
            "brake": 4.558325390011262e-12,
            "steer": 0.0
        },
        {
            "throttle": 0.32577990217654385,
            "brake": 3.1908277730078833e-12,
            "steer": 0.0
        },
        {
            "throttle": 0.2901626543687005,
            "brake": 2.2335794411055183e-12,
            "steer": 0.0
        },
        {
            "throttle": 0.2581959099108436,
            "brake": 1.5635056087738627e-12,
            "steer": 0.0
        },
        {
            "throttle": 0.2308902312763599,
            "brake": 1.0944539261417038e-12,
            "steer": 0.0
        },
        {
            "throttle": 0.2091088309883264,
            "brake": 7.661177482991926e-13,
            "steer": 0.0
        },
        {
            "throttle": 0.1935402829419514,
            "brake": 5.362824238094349e-13,
            "steer": 0.0
        },
        {
            "throttle": 0.18467675456583277,
            "brake": 3.753976966666044e-13,
            "steer": 0.0
        },
        {
            "throttle": 0.1827984479672082,
            "brake": 2.6277838766662307e-13,
            "steer": 0.0
        },
        {
            "throttle": 0.18796474192219398,
            "brake": 1.8394487136663613e-13,
            "steer": 0.0
        },
        {
            "throttle": 0.200012314738659,
            "brake": 1.2876140995664527e-13,
            "steer": 0.0
        },
        {
            "throttle": 0.21856030733354165,
            "brake": 9.013298696965169e-14,
            "steer": 0.0
        },
        {
            "throttle": 0.24302236330460208,
            "brake": 6.309309087875617e-14,
            "steer": 0.0
        },
        {
            "throttle": 0.2726251653746607,
            "brake": 4.416516361512932e-14,
            "steer": 0.0
        },
        {
            "throttle": 0.30643288221699516,
            "brake": 3.0915614530590524e-14,
            "steer": 0.0
        },
        {
            "throttle": 0.3433767528261055,
            "brake": 2.1640930171413365e-14,
            "steer": 0.0
        },
        {
            "throttle": 0.3822888731851831,
            "brake": 1.5148651119989354e-14,
            "steer": 0.0
        },
        {
            "throttle": 0.4219391171347153,
            "brake": 1.0604055783992547e-14,
            "steer": 0.0
        },
        {
            "throttle": 0.46107402426536703,
            "brake": 7.422839048794783e-15,
            "steer": 0.0
        },
        {
            "throttle": 0.49845642547488167,
            "brake": 5.195987334156348e-15,
            "steer": 0.0
        },
        {
            "throttle": 0.5329045535090238,
            "brake": 3.637191133909443e-15,
            "steer": 0.0
        },
        {
            "throttle": 0.5633294020877446,
            "brake": 2.5460337937366103e-15,
            "steer": 0.0
        },
        {
            "throttle": 0.5887691525851108,
            "brake": 1.782223655615627e-15,
            "steer": 0.0
        },
        {
            "throttle": 0.6084195799347544,
            "brake": 1.247556558930939e-15,
            "steer": 0.0
        },
        {
            "throttle": 0.6216594765410638,
            "brake": 8.732895912516572e-16,
            "steer": 0.0
        },
        {
            "throttle": 0.628070290471778,
            "brake": 6.113027138761601e-16,
            "steer": 0.0
        },
        {
            "throttle": 0.6274493571111632,
            "brake": 4.27911899713312e-16,
            "steer": 0.0
        },
        {
            "throttle": 0.619816305982442,
            "brake": 2.995383297993184e-16,
            "steer": 0.0
        },
        {
            "throttle": 0.6054124402010368,
            "brake": 2.0967683085952287e-16,
            "steer": 0.0
        },
        {
            "throttle": 0.5846931081759346,
            "brake": 1.46773781601666e-16,
            "steer": 0.0
        },
        {
            "throttle": 0.5583133087120459,
            "brake": 1.027416471211662e-16,
            "steer": 0.0
        },
        {
            "throttle": 0.5271069845784564,
            "brake": 7.191915298481633e-17,
            "steer": 0.0
        },
        {
            "throttle": 0.4920606591335626,
            "brake": 5.034340708937143e-17,
            "steer": 0.0
        },
        {
            "throttle": 0.4542822494306316,
            "brake": 3.5240384962559995e-17,
            "steer": 0.0
        },
        {
            "throttle": 0.41496604171290896,
            "brake": 2.4668269473791993e-17,
            "steer": 0.0
        },
        {
            "throttle": 0.3753549365255245,
            "brake": 1.7267788631654396e-17,
            "steer": 0.0
        },
        {
            "throttle": 0.336701156986843,
            "brake": 1.2087452042158077e-17,
            "steer": 0.0
        },
        {
            "throttle": 0.300226662345957,
            "brake": 8.461216429510653e-18,
            "steer": 0.0
        }
    ],
    "parameters": {
        "fog_density": 53.7288126776142,
        "precipitation": 29.61365503517034,
        "precipitation_deposits": 89.84931705398739,
        "wind_intensity": 31.925823350645864,
        "sun_altitude_angle": 59.88659999160697,
        "cloudiness": 73.24328987862347,
        "lead_base_throttle": 0.40563766043726956,
        "lead_behavior_frequency": 0.2833519661346918,
        "lead_throttle_variation": 0.24894645360118495,
        "lead_brake_probability": 0.0942182331834553,
        "lead_brake_intensity": 0.648380064218252,
        "lead_brake_duration": 24.60851454653784,
        "initial_distance": 68.82001101777041,
        "initial_ego_velocity": 14.405275632033979,
        "initial_lead_velocity": 22.493132278236985
    },
    "config": {
        "num_timesteps": 200,
        "dt": 0.1,
        "seed": 48
    }
}