{
    "weather": {
        "cloudiness": 42.21641391959729,
        "precipitation": 25.82459402507309,
        "precipitation_deposits": 20.167463306345535,
        "wind_intensity": 28.471969483974508,
        "sun_altitude_angle": 47.07163644943421,
        "fog_density": 7.856897827312652,
        "fog_distance": 769.5905996911576,
        "wetness": 12.912297012536545
    },
    "initial_conditions": {
        "ego": {
            "position": {
                "x": 551.6873899984985,
                "y": 20.57,
                "z": 0.294
            },
            "yaw": 0.0,
            "velocity": 19.16719850656994
        },
        "lead": {
            "position": {
                "x": 484.88,
                "y": 20.57,
                "z": 0.294
            },
            "yaw": 0.0,
            "velocity": 21.645534563688475
        }
    },
    "ego": {
        "position": {
            "x": 551.6873899984985,
            "y": 20.57,
            "z": 0.294
        },
        "yaw": 0.0,
        "velocity": 19.16719850656994
    },
    "lead": {
        "position": {
            "x": 484.88,
            "y": 20.57,
            "z": 0.294
        },
        "yaw": 0.0,
        "velocity": 21.645534563688475
    },
    "ado_actions": [
        {
            "throttle": 0.4619884438663777,
            "brake": 0.0,
            "steer": 0.0
        },
        {
            "throttle": 0.46209249014515114,
            "brake": 0.0,
            "steer": 0.0
        },
        {
            "throttle": 0.46226825244434583,
            "brake": 0.0,
            "steer": 0.0
        },
        {
            "throttle": 0.4624919951866468,
            "brake": 0.0,
            "steer": 0.0
        },
        {
            "throttle": 0.4627460228994467,
            "brake": 0.0,
            "steer": 0.0
        },
        {
            "throttle": 0.4630169036054803,
            "brake": 0.0,
            "steer": 0.0
        },
        {
            "throttle": 0.4632942364102696,
            "brake": 0.0,
            "steer": 0.0
        },
        {
            "throttle": 0.4635697995269503,
            "brake": 0.0,
            "steer": 0.0
        },
        {
            "throttle": 0.46383696399192614,
            "brake": 0.0,
            "steer": 0.0
        },
        {
            "throttle": 0.4640902926404141,
            "brake": 0.0,
            "steer": 0.0
        },
        {
            "throttle": 0.4643252679396379,
            "brake": 0.0,
            "steer": 0.0
        },
        {
            "throttle": 0.4645381091063592,
            "brake": 0.0,
            "steer": 0.0
        },
        {
            "throttle": 0.46472565072551614,
            "brake": 0.0,
            "steer": 0.0
        },
        {
            "throttle": 0.4648852633505025,
            "brake": 0.0,
            "steer": 0.0
        },
        {
            "throttle": 0.465014802361726,
            "brake": 0.0,
            "steer": 0.0
        },
        {
            "throttle": 0.46511257542947176,
            "brake": 0.0,
            "steer": 0.0
        },
        {
            "throttle": 0.46517732178828997,
            "brake": 0.0,
            "steer": 0.0
        },
        {
            "throttle": 0.4652081985459612,
            "brake": 0.0,
            "steer": 0.0
        },
        {
            "throttle": 0.46520477067441257,
            "brake": 0.0,
            "steer": 0.0
        },
        {
            "throttle": 0.46516700234030917,
            "brake": 0.0,
            "steer": 0.0
        },
        {
            "throttle": 0.4650952479535716,
            "brake": 0.0,
            "steer": 0.0
        },
        {
            "throttle": 0.46499024182952853,
            "brake": 0.0,
            "steer": 0.0
        },
        {
            "throttle": 0.46485308573538875,
            "brake": 0.0,
            "steer": 0.0
        },
        {
            "throttle": 0.46468523386648763,
            "brake": 0.0,
            "steer": 0.0
        },
        {
            "throttle": 0.4644884750017927,
            "brake": 0.0,
            "steer": 0.0
        },
        {
            "throttle": 0.46426491174192974,
            "brake": 0.0,
            "steer": 0.0
        },
        {
            "throttle": 0.4640169368507579,
            "brake": 0.0,
            "steer": 0.0
        },
        {
            "throttle": 0.46374720681311915,
            "brake": 0.0,
            "steer": 0.0
        },
        {
            "throttle": 0.4634586127936252,
            "brake": 0.0,
            "steer": 0.0
        },
        {
            "throttle": 0.4631542492388845,
            "brake": 0.0,
            "steer": 0.0
        },
        {
            "throttle": 0.4628373804116169,
            "brake": 0.0,
            "steer": 0.0
        },
        {
            "throttle": 0.46251140518182576,
            "brake": 0.0,
            "steer": 0.0
        },
        {
            "throttle": 0.46217982042906747,
            "brake": 0.0,
            "steer": 0.0
        },
        {
            "throttle": 0.46184618343188577,
            "brake": 0.0,
            "steer": 0.0
        },
        {
            "throttle": 0.4615140736363252,
            "brake": 0.0,
            "steer": 0.0
        },
        {
            "throttle": 0.46118705420559136,
            "brake": 0.0,
            "steer": 0.0
        },
        {
            "throttle": 0.4608686337577173,
            "brake": 0.0,
            "steer": 0.0
        },
        {
            "throttle": 0.46056222869778474,
            "brake": 0.0,
            "steer": 0.0
        },
        {
            "throttle": 0.46027112654606894,
            "brake": 0.0,
            "steer": 0.0
        },
        {
            "throttle": 0.45999845065362677,
            "brake": 0.0,
            "steer": 0.0
        },
        {
            "throttle": 0.45974712668254647,
            "brake": 0.0,
            "steer": 0.0
        },
        {
            "throttle": 0.459519851209556,
            "brake": 0.0,
            "steer": 0.0
        },
        {
            "throttle": 0.4593190627891891,
            "brake": 0.0,
            "steer": 0.0
        },
        {
            "throttle": 0.4591469157865207,
            "brake": 0.0,
            "steer": 0.0
        },
        {
            "throttle": 0.45900525725990804,
            "brake": 0.0,
            "steer": 0.0
        },
        {
            "throttle": 0.458895607141545,
            "brake": 0.0,
            "steer": 0.0
        },
        {
            "throttle": 0.4588191419283249,
            "brake": 0.0,
            "steer": 0.0
        },
        {
            "throttle": 0.4587766820578886,
            "brake": 0.0,
            "steer": 0.0
        },
        {
            "throttle": 0.4587686831052288,
            "brake": 0.0,
            "steer": 0.0
        },
        {
            "throttle": 0.45879523089425345,
            "brake": 0.0,
            "steer": 0.0
        },
        {
            "throttle": 0.4588560405767192,
            "brake": 0.0,
            "steer": 0.0
        },
        {
            "throttle": 0.458950459688391,
            "brake": 0.0,
            "steer": 0.0
        },
        {
            "throttle": 0.45907747514961794,
            "brake": 0.0,
            "steer": 0.0
        },
        {
            "throttle": 0.4592357241351982,
            "brake": 0.0,
            "steer": 0.0
        },
        {
            "throttle": 0.4594235086968947,
            "brake": 0.0,
            "steer": 0.0
        },
        {
            "throttle": 0.4596388139817016,
            "brake": 0.0,
            "steer": 0.0
        },
        {
            "throttle": 0.4598793298503814,
            "brake": 0.0,
            "steer": 0.0
        },
        {
            "throttle": 0.46014247566431277,
            "brake": 0.0,
            "steer": 0.0
        },
        {
            "throttle": 0.4604254279746929,
            "brake": 0.0,
            "steer": 0.0
        },
        {
            "throttle": 0.4607251508169985,
            "brake": 0.0,
            "steer": 0.0
        },
        {
            "throttle": 0.46103842828565833,
            "brake": 0.0,
            "steer": 0.0
        },
        {
            "throttle": 0.4613618990394224,
            "brake": 0.0,
            "steer": 0.0
        },
        {
            "throttle": 0.4616920923671981,
            "brake": 0.0,
            "steer": 0.0
        },
        {
            "throttle": 0.46202546542738293,
            "brake": 0.0,
            "steer": 0.0
        },
        {
            "throttle": 0.4623584412611277,
            "brake": 0.0,
            "steer": 0.0
        },
        {
            "throttle": 0.4626874471716655,
            "brake": 0.0,
            "steer": 0.0
        },
        {
            "throttle": 0.46300895305791023,
            "brake": 0.0,
            "steer": 0.0
        },
        {
            "throttle": 0.46331950929102095,
            "brake": 0.0,
            "steer": 0.0
        },
        {
            "throttle": 0.4636157837275311,
            "brake": 0.0,
            "steer": 0.0
        },
        {
            "throttle": 0.46389459746190764,
            "brake": 0.0,
            "steer": 0.0
        },
        {
            "throttle": 0.4641529589349286,
            "brake": 0.0,
            "steer": 0.0
        },
        {
            "throttle": 0.4643880960319099,
            "brake": 0.0,
            "steer": 0.0
        },
        {
            "throttle": 0.4645974858263809,
            "brake": 0.0,
            "steer": 0.0
        },
        {
            "throttle": 0.46477888165007064,
            "brake": 0.0,
            "steer": 0.0
        },
        {
            "throttle": 0.46493033719875454,
            "brake": 0.0,
            "steer": 0.0
        },
        {
            "throttle": 0.46505022741531576,
            "brake": 0.0,
            "steer": 0.0
        },
        {
            "throttle": 0.46513726592595456,
            "brake": 0.0,
            "steer": 0.0
        },
        {
            "throttle": 0.4651905188424617,
            "brake": 0.0,
            "steer": 0.0
        },
        {
            "throttle": 0.46520941478246325,
            "brake": 0.0,
            "steer": 0.0
        },
        {
            "throttle": 0.46519375100012356,
            "brake": 0.0,
            "steer": 0.0
        },
        {
            "throttle": 0.46514369556152657,
            "brake": 0.0,
            "steer": 0.0
        },
        {
            "throttle": 0.4650597855413943,
            "brake": 0.0,
            "steer": 0.0
        },
        {
            "throttle": 0.4649429212604913,
            "brake": 0.0,
            "steer": 0.0
        },
        {
            "throttle": 0.4647943566255446,
            "brake": 0.0,
            "steer": 0.0
        },
        {
            "throttle": 0.4646156856753292,
            "brake": 0.0,
            "steer": 0.0
        },
        {
            "throttle": 0.46440882547727325,
            "brake": 0.0,
            "steer": 0.0
        },
        {
            "throttle": 0.46417599555809536,
            "brake": 0.0,
            "steer": 0.0
        },
        {
            "throttle": 0.4639196940891759,
            "brake": 0.0,
            "steer": 0.0
        },
        {
            "throttle": 0.4636426710821828,
            "brake": 0.0,
            "steer": 0.0
        },
        {
            "throttle": 0.4633478988825528,
            "brake": 0.0,
            "steer": 0.0
        },
        {
            "throttle": 0.46303854027742,
            "brake": 0.0,
            "steer": 0.0
        },
        {
            "throttle": 0.4627179145601826,
            "brake": 0.0,
            "steer": 0.0
        },
        {
            "throttle": 0.46238946191581953,
            "brake": 0.0,
            "steer": 0.0
        },
        {
            "throttle": 0.4620567065090896,
            "brake": 0.0,
            "steer": 0.0
        },
        {
            "throttle": 0.461723218671661,
            "brake": 0.0,
            "steer": 0.0
        },
        {
            "throttle": 0.46139257659388877,
            "brake": 0.0,
            "steer": 0.0
        },
        {
            "throttle": 0.4610683279322715,
            "brake": 0.0,
            "steer": 0.0
        },
        {
            "throttle": 0.46075395174452405,
            "brake": 0.0,
            "steer": 0.0
        },
        {
            "throttle": 0.46045282116068775,
            "brake": 0.0,
            "steer": 0.0
        },
        {
            "throttle": 0.46016816719080184,
            "brake": 0.0,
            "steer": 0.0
        },
        {
            "throttle": 0.45990304405746535,
            "brake": 0.0,
            "steer": 0.0
        },
        {
            "throttle": 0.45966029642525696,
            "brake": 0.0,
            "steer": 0.0
        },
        {
            "throttle": 0.4594425288786287,
            "brake": 0.0,
            "steer": 0.0
        },
        {
            "throttle": 0.45925207797576206,
            "brake": 0.0,
            "steer": 0.0
        },
        {
            "throttle": 0.4590909871782387,
            "brake": 0.0,
            "steer": 0.0
        },
        {
            "throttle": 0.45896098492551973,
            "brake": 0.0,
            "steer": 0.0
        },
        {
            "throttle": 0.45886346608948525,
            "brake": 0.0,
            "steer": 0.0
        },
        {
            "throttle": 0.4587994770080204,
            "brake": 0.0,
            "steer": 0.0
        },
        {
            "throttle": 0.45876970425823055,
            "brake": 0.0,
            "steer": 0.0
        },
        {
            "throttle": 0.4587744672897454,
            "brake": 0.0,
            "steer": 0.0
        },
        {
            "throttle": 0.4588137149971526,
            "brake": 0.0,
            "steer": 0.0
        },
        {
            "throttle": 0.45888702626833855,
            "brake": 0.0,
            "steer": 0.0
        },
        {
            "throttle": 0.4589936145028518,
            "brake": 0.0,
            "steer": 0.0
        },
        {
            "throttle": 0.45913233605180953,
            "brake": 0.0,
            "steer": 0.0
        },
        {
            "throttle": 0.45930170248879015,
            "brake": 0.0,
            "steer": 0.0
        },
        {
            "throttle": 0.45949989658004997,
            "brake": 0.0,
            "steer": 0.0
        },
        {
            "throttle": 0.45972479178271053,
            "brake": 0.0,
            "steer": 0.0
        },
        {
            "throttle": 0.459973975061708,
            "brake": 0.0,
            "steer": 0.0
        },
        {
            "throttle": 0.4602447727806891,
            "brake": 0.0,
            "steer": 0.0
        },
        {
            "throttle": 0.46053427938905356,
            "brake": 0.0,
            "steer": 0.0
        },
        {
            "throttle": 0.4608393885973434,
            "brake": 0.0,
            "steer": 0.0
        },
        {
            "throttle": 0.46115682670647934,
            "brake": 0.0,
            "steer": 0.0
        },
        {
            "throttle": 0.4614831877332352,
            "brake": 0.0,
            "steer": 0.0
        },
        {
            "throttle": 0.4618149699550679,
            "brake": 0.0,
            "steer": 0.0
        },
        {
            "throttle": 0.4621486134821915,
            "brake": 0.0,
            "steer": 0.0
        },
        {
            "throttle": 0.46248053845376336,
            "brake": 0.0,
            "steer": 0.0
        },
        {
            "throttle": 0.46280718344835037,
            "brake": 0.0,
            "steer": 0.0
        },
        {
            "throttle": 0.4631250436965487,
            "brake": 0.0,
            "steer": 0.0
        },
        {
            "throttle": 0.46343070868575,
            "brake": 0.0,
            "steer": 0.0
        },
        {
            "throttle": 0.4637208987535692,
            "brake": 0.0,
            "steer": 0.0
        },
        {
            "throttle": 0.46399250027730343,
            "brake": 0.0,
            "steer": 0.0
        },
        {
            "throttle": 0.46424259908185067,
            "brake": 0.0,
            "steer": 0.0
        },
        {
            "throttle": 0.46446851170763676,
            "brake": 0.0,
            "steer": 0.0
        },
        {
            "throttle": 0.46466781420305703,
            "brake": 0.0,
            "steer": 0.0
        },
        {
            "throttle": 0.46483836813250207,
            "brake": 0.0,
            "steer": 0.0
        },
        {
            "throttle": 0.46497834352091183,
            "brake": 0.0,
            "steer": 0.0
        },
        {
            "throttle": 0.4650862384886716,
            "brake": 0.0,
            "steer": 0.0
        },
        {
            "throttle": 0.46516089536617655,
            "brake": 0.0,
            "steer": 0.0
        },
        {
            "throttle": 0.4652015131151607,
            "brake": 0.0,
            "steer": 0.0
        },
        {
            "throttle": 0.4652076559235154,
            "brake": 0.0,
            "steer": 0.0
        },
        {
            "throttle": 0.4651792578813777,
            "brake": 0.0,
            "steer": 0.0
        },
        {
            "throttle": 0.4651166236883172,
            "brake": 0.0,
            "steer": 0.0
        },
        {
            "throttle": 0.46502042538403165,
            "brake": 0.0,
            "steer": 0.0
        },
        {
            "throttle": 0.46489169513763173,
            "brake": 0.0,
            "steer": 0.0
        },
        {
            "throttle": 0.46473181417288145,
            "brake": 0.0,
            "steer": 0.0
        },
        {
            "throttle": 0.4645424979482228,
            "brake": 0.0,
            "steer": 0.0
        },
        {
            "throttle": 0.4643257777505967,
            "brake": 0.0,
            "steer": 0.0
        },
        {
            "throttle": 0.4640839789005512,
            "brake": 0.0,
            "steer": 0.0
        },
        {
            "throttle": 0.46381969580248716,
            "brake": 0.0,
            "steer": 0.0
        },
        {
            "throttle": 0.4635357641077429,
            "brake": 0.0,
            "steer": 0.0
        },
        {
            "throttle": 0.46323523028919567,
            "brake": 0.0,
            "steer": 0.0
        },
        {
            "throttle": 0.46292131895383315,
            "brake": 0.0,
            "steer": 0.0
        },
        {
            "throttle": 0.46259739824401747,
            "brake": 0.0,
            "steer": 0.0
        },
        {
            "throttle": 0.4622669436986727,
            "brake": 0.0,
            "steer": 0.0
        },
        {
            "throttle": 0.4619335009621499,
            "brake": 0.0,
            "steer": 0.0
        },
        {
            "throttle": 0.46160064774088944,
            "brake": 0.0,
            "steer": 0.0
        },
        {
            "throttle": 0.4612719554160702,
            "brake": 0.0,
            "steer": 0.0
        },
        {
            "throttle": 0.46095095072412573,
            "brake": 0.0,
            "steer": 0.0
        },
        {
            "throttle": 0.4606410779162813,
            "brake": 0.0,
            "steer": 0.0
        },
        {
            "throttle": 0.4603456618031232,
            "brake": 0.0,
            "steer": 0.0
        },
        {
            "throttle": 0.46006787208071886,
            "brake": 0.0,
            "steer": 0.0
        },
        {
            "throttle": 0.4598106893210529,
            "brake": 0.0,
            "steer": 0.0
        },
        {
            "throttle": 0.4595768729916885,
            "brake": 0.0,
            "steer": 0.0
        },
        {
            "throttle": 0.45936893184779043,
            "brake": 0.0,
            "steer": 0.0
        },
        {
            "throttle": 0.45918909701419164,
            "brake": 0.0,
            "steer": 0.0
        },
        {
            "throttle": 0.4590392980463206,
            "brake": 0.0,
            "steer": 0.0
        },
        {
            "throttle": 0.45892114222684816,
            "brake": 0.0,
            "steer": 0.0
        },
        {
            "throttle": 0.45883589732019087,
            "brake": 0.0,
            "steer": 0.0
        },
        {
            "throttle": 0.4587844779699086,
            "brake": 0.0,
            "steer": 0.0
        },
        {
            "throttle": 0.4587674358849472,
            "brake": 0.0,
            "steer": 0.0
        },
        {
            "throttle": 0.45878495392002333,
            "brake": 0.0,
            "steer": 0.0
        },
        {
            "throttle": 0.4588368441136671,
            "brake": 0.0,
            "steer": 0.0
        },
        {
            "throttle": 0.4589225497049727,
            "brake": 0.0,
            "steer": 0.0
        },
        {
            "throttle": 0.4590411511074193,
            "brake": 0.0,
            "steer": 0.0
        },
        {
            "throttle": 0.45919137577566427,
            "brake": 0.0,
            "steer": 0.0
        },
        {
            "throttle": 0.4593716118594431,
            "brake": 0.0,
            "steer": 0.0
        },
        {
            "throttle": 0.459579925498074,
            "brake": 0.0,
            "steer": 0.0
        },
        {
            "throttle": 0.4598140815700057,
            "brake": 0.0,
            "steer": 0.0
        },
        {
            "throttle": 0.46007156767477214,
            "brake": 0.0,
            "steer": 0.0
        },
        {
            "throttle": 0.4603496210900392,
            "brake": 0.0,
            "steer": 0.0
        },
        {
            "throttle": 0.460645258414504,
            "brake": 0.0,
            "steer": 0.0
        },
        {
            "throttle": 0.4609553075785907,
            "brake": 0.0,
            "steer": 0.0
        },
        {
            "throttle": 0.4612764418794815,
            "brake": 0.0,
            "steer": 0.0
        },
        {
            "throttle": 0.4616052156752994,
            "brake": 0.0,
            "steer": 0.0
        },
        {
            "throttle": 0.46193810135545965,
            "brake": 0.0,
            "steer": 0.0
        },
        {
            "throttle": 0.4622715271905125,
            "brake": 0.0,
            "steer": 0.0
        },
        {
            "throttle": 0.46260191565536346,
            "brake": 0.0,
            "steer": 0.0
        },
        {
            "throttle": 0.46292572181467867,
            "brake": 0.0,
            "steer": 0.0
        },
        {
            "throttle": 0.4632394713586149,
            "brake": 0.0,
            "steer": 0.0
        },
        {
            "throttle": 0.4635397978807668,
            "brake": 0.0,
            "steer": 0.0
        },
        {
            "throttle": 0.46382347899835374,
            "brake": 0.0,
            "steer": 0.0
        },
        {
            "throttle": 0.46408747092709046,
            "brake": 0.0,
            "steer": 0.0
        },
        {
            "throttle": 0.4643289411397685,
            "brake": 0.0,
            "steer": 0.0
        },
        {
            "throttle": 0.4645452987581338,
            "brake": 0.0,
            "steer": 0.0
        },
        {
            "throttle": 0.4647342223519679,
            "brake": 0.0,
            "steer": 0.0
        },
        {
            "throttle": 0.46489368484710064,
            "brake": 0.0,
            "steer": 0.0
        },
        {
            "throttle": 0.4650219752751008,
            "brake": 0.0,
            "steer": 0.0
        },
        {
            "throttle": 0.4651177171312788,
            "brake": 0.0,
            "steer": 0.0
        },
        {
            "throttle": 0.46517988314402864,
            "brake": 0.0,
            "steer": 0.0
        },
        {
            "throttle": 0.46520780629703884,
            "brake": 0.0,
            "steer": 0.0
        }
    ],
    "parameters": {
        "fog_density": 7.856897827312652,
        "precipitation": 25.82459402507309,
        "precipitation_deposits": 20.167463306345535,
        "wind_intensity": 28.471969483974508,
        "sun_altitude_angle": 47.07163644943421,
        "cloudiness": 42.21641391959729,
        "lead_base_throttle": 0.4619884438663777,
        "lead_behavior_frequency": 0.16493248485909323,
        "lead_throttle_variation": 0.0033527165258992577,
        "lead_brake_probability": 0.0014282767939241437,
        "lead_brake_intensity": 0.3131090468838691,
        "lead_brake_duration": 7.2373239169304036,
        "initial_distance": 66.80738999849848,
        "initial_ego_velocity": 19.16719850656994,
        "initial_lead_velocity": 21.645534563688475
    },
    "config": {
        "num_timesteps": 200,
        "dt": 0.1,
        "seed": 63
    }
}