{
    "weather": {
        "cloudiness": 86.43546562584717,
        "precipitation": 77.67399557793783,
        "precipitation_deposits": 71.6899842839191,
        "wind_intensity": 48.04254182913841,
        "sun_altitude_angle": -7.517702487431549,
        "fog_density": 75.74859044114503,
        "fog_distance": 80.06207443854777,
        "wetness": 38.836997788968915
    },
    "initial_conditions": {
        "ego": {
            "position": {
                "x": 558.5252709075819,
                "y": 20.57,
                "z": 0.294
            },
            "yaw": 0.0,
            "velocity": 10.185143588615805
        },
        "lead": {
            "position": {
                "x": 484.88,
                "y": 20.57,
                "z": 0.294
            },
            "yaw": 0.0,
            "velocity": 21.66056566283441
        }
    },
    "ego": {
        "position": {
            "x": 558.5252709075819,
            "y": 20.57,
            "z": 0.294
        },
        "yaw": 0.0,
        "velocity": 10.185143588615805
    },
    "lead": {
        "position": {
            "x": 484.88,
            "y": 20.57,
            "z": 0.294
        },
        "yaw": 0.0,
        "velocity": 21.66056566283441
    },
    "ado_actions": [
        {
            "throttle": 0.38128817883465227,
            "brake": 0.0,
            "steer": 0.0
        },
        {
            "throttle": 0.38824811496304923,
            "brake": 0.0,
            "steer": 0.0
        },
        {
            "throttle": 0.3998807181376147,
            "brake": 0.0,
            "steer": 0.0
        },
        {
            "throttle": 0.4143913181031361,
            "brake": 0.0,
            "steer": 0.0
        },
        {
            "throttle": 0.4303413130820172,
            "brake": 0.0,
            "steer": 0.0
        },
        {
            "throttle": 0.44655781937407735,
            "brake": 0.0,
            "steer": 0.0
        },
        {
            "throttle": 0.46207517532078934,
            "brake": 0.0,
            "steer": 0.0
        },
        {
            "throttle": 0.4760981357365095,
            "brake": 0.0,
            "steer": 0.0
        },
        {
            "throttle": 0.4879795234878328,
            "brake": 0.0,
            "steer": 0.0
        },
        {
            "throttle": 0.4972071771003414,
            "brake": 0.0,
            "steer": 0.0
        },
        {
            "throttle": 0.503396507404146,
            "brake": 0.0,
            "steer": 0.0
        },
        {
            "throttle": 0.5062860338402754,
            "brake": 0.0,
            "steer": 0.0
        },
        {
            "throttle": 0.5057340384839233,
            "brake": 0.0,
            "steer": 0.0
        },
        {
            "throttle": 0.5017150407629938,
            "brake": 0.0,
            "steer": 0.0
        },
        {
            "throttle": 0.4943152188332382,
            "brake": 0.0,
            "steer": 0.0
        },
        {
            "throttle": 0.48372622622641714,
            "brake": 0.0,
            "steer": 0.0
        },
        {
            "throttle": 0.4702371030829481,
            "brake": 0.0,
            "steer": 0.0
        },
        {
            "throttle": 0.45422417916157165,
            "brake": 0.0,
            "steer": 0.0
        },
        {
            "throttle": 0.43613902364675866,
            "brake": 0.0,
            "steer": 0.0
        },
        {
            "throttle": 0.41649462292968575,
            "brake": 0.0,
            "steer": 0.0
        },
        {
            "throttle": 0.3958500674376414,
            "brake": 0.0,
            "steer": 0.0
        },
        {
            "throttle": 0.374794105689719,
            "brake": 0.0,
            "steer": 0.0
        },
        {
            "throttle": 0.35392798028022443,
            "brake": 0.0,
            "steer": 0.0
        },
        {
            "throttle": 0.3338479979139454,
            "brake": 0.0,
            "steer": 0.0
        },
        {
            "throttle": 0.3151283050356824,
            "brake": 0.0,
            "steer": 0.0
        },
        {
            "throttle": 0.29830434297176434,
            "brake": 0.0,
            "steer": 0.0
        },
        {
            "throttle": 0.2838574428279422,
            "brake": 0.0,
            "steer": 0.0
        },
        {
            "throttle": 0.27220099180118296,
            "brake": 0.0,
            "steer": 0.0
        },
        {
            "throttle": 0.26366856040154796,
            "brake": 0.0,
            "steer": 0.0
        },
        {
            "throttle": 0.2585043259161253,
            "brake": 0.0,
            "steer": 0.0
        },
        {
            "throttle": 0.2568560630858731,
            "brake": 0.0,
            "steer": 0.0
        },
        {
            "throttle": 0.258770900429644,
            "brake": 0.0,
            "steer": 0.0
        },
        {
            "throttle": 0.26419396213957375,
            "brake": 0.0,
            "steer": 0.0
        },
        {
            "throttle": 0.2729699333239295,
            "brake": 0.0,
            "steer": 0.0
        },
        {
            "throttle": 0.28484750300087297,
            "brake": 0.0,
            "steer": 0.0
        },
        {
            "throttle": 0.29948655707952265,
            "brake": 0.0,
            "steer": 0.0
        },
        {
            "throttle": 0.3164679149859489,
            "brake": 0.0,
            "steer": 0.0
        },
        {
            "throttle": 0.33530533087230485,
            "brake": 0.0,
            "steer": 0.0
        },
        {
            "throttle": 0.3554594155841103,
            "brake": 0.0,
            "steer": 0.0
        },
        {
            "throttle": 0.3763530806184607,
            "brake": 0.0,
            "steer": 0.0
        },
        {
            "throttle": 0.3973880617650333,
            "brake": 0.0,
            "steer": 0.0
        },
        {
            "throttle": 0.4179620492339813,
            "brake": 0.0,
            "steer": 0.0
        },
        {
            "throttle": 0.43748593372810374,
            "brake": 0.0,
            "steer": 0.0
        },
        {
            "throttle": 0.4554006746102306,
            "brake": 0.0,
            "steer": 0.0
        },
        {
            "throttle": 0.4711933071469635,
            "brake": 0.0,
            "steer": 0.0
        },
        {
            "throttle": 0.48441163046787816,
            "brake": 0.0,
            "steer": 0.0
        },
        {
            "throttle": 0.4946771556598142,
            "brake": 0.0,
            "steer": 0.0
        },
        {
            "throttle": 0.5016959432377588,
            "brake": 0.0,
            "steer": 0.0
        },
        {
            "throttle": 0.5052670196709056,
            "brake": 0.0,
            "steer": 0.0
        },
        {
            "throttle": 0.5052881319644918,
            "brake": 0.0,
            "steer": 0.0
        },
        {
            "throttle": 0.5017586755202549,
            "brake": 0.0,
            "steer": 0.0
        },
        {
            "throttle": 0.4947797114384229,
            "brake": 0.0,
            "steer": 0.0
        },
        {
            "throttle": 0.48455107276455345,
            "brake": 0.0,
            "steer": 0.0
        },
        {
            "throttle": 0.471365642538993,
            "brake": 0.0,
            "steer": 0.0
        },
        {
            "throttle": 0.45560096748855977,
            "brake": 0.0,
            "steer": 0.0
        },
        {
            "throttle": 0.4377084474904718,
            "brake": 0.0,
            "steer": 0.0
        },
        {
            "throttle": 0.41820041035311983,
            "brake": 0.0,
            "steer": 0.0
        },
        {
            "throttle": 0.397635442009431,
            "brake": 0.0,
            "steer": 0.0
        },
        {
            "throttle": 0.37660239217250574,
            "brake": 0.0,
            "steer": 0.0
        },
        {
            "throttle": 0.3557035134295807,
            "brake": 0.0,
            "steer": 0.0
        },
        {
            "throttle": 0.33553721656320773,
            "brake": 0.0,
            "steer": 0.0
        },
        {
            "throttle": 0.2348760515942454,
            "brake": 0.23327324439388533,
            "steer": 0.0
        },
        {
            "throttle": 0.16441323611597178,
            "brake": 0.39656451546960503,
            "steer": 0.0
        },
        {
            "throttle": 0.11508926528118024,
            "brake": 0.5108684052226088,
            "steer": 0.0
        },
        {
            "throttle": 0.08056248569682617,
            "brake": 0.5908811280497115,
            "steer": 0.0
        },
        {
            "throttle": 0.056393739987778316,
            "brake": 0.6468900340286834,
            "steer": 0.0
        },
        {
            "throttle": 0.03947561799144482,
            "brake": 0.6860962682139636,
            "steer": 0.0
        },
        {
            "throttle": 0.10331997572517847,
            "brake": 0.4802673877497745,
            "steer": 0.0
        },
        {
            "throttle": 0.15098679031886336,
            "brake": 0.3361871714248421,
            "steer": 0.0
        },
        {
            "throttle": 0.18835222242599997,
            "brake": 0.23533101999738945,
            "steer": 0.0
        },
        {
            "throttle": 0.21941508829446787,
            "brake": 0.1647317139981726,
            "steer": 0.0
        },
        {
            "throttle": 0.24683405225469862,
            "brake": 0.11531219979872082,
            "steer": 0.0
        },
        {
            "throttle": 0.27230768468823796,
            "brake": 0.08071853985910457,
            "steer": 0.0
        },
        {
            "throttle": 0.29684515541759937,
            "brake": 0.056502977901373194,
            "steer": 0.0
        },
        {
            "throttle": 0.3209608682491414,
            "brake": 0.039552084530961235,
            "steer": 0.0
        },
        {
            "throttle": 0.3448162032417483,
            "brake": 0.027686459171672863,
            "steer": 0.0
        },
        {
            "throttle": 0.3683244258720165,
            "brake": 0.019380521420171003,
            "steer": 0.0
        },
        {
            "throttle": 0.3912298416021873,
            "brake": 0.013566364994119702,
            "steer": 0.0
        },
        {
            "throttle": 0.41316878707372784,
            "brake": 0.009496455495883791,
            "steer": 0.0
        },
        {
            "throttle": 0.43371761192114733,
            "brake": 0.006647518847118654,
            "steer": 0.0
        },
        {
            "throttle": 0.4524311075882349,
            "brake": 0.004653263192983057,
            "steer": 0.0
        },
        {
            "throttle": 0.4688736639831932,
            "brake": 0.0032572842350881395,
            "steer": 0.0
        },
        {
            "throttle": 0.482644628679614,
            "brake": 0.0022800989645616974,
            "steer": 0.0
        },
        {
            "throttle": 0.4933987993218688,
            "brake": 0.001596069275193188,
            "steer": 0.0
        },
        {
            "throttle": 0.5008626222121463,
            "brake": 0.0011172484926352316,
            "steer": 0.0
        },
        {
            "throttle": 0.5048464450792135,
            "brake": 0.000782073944844662,
            "steer": 0.0
        },
        {
            "throttle": 0.505253041464752,
            "brake": 0.0005474517613912634,
            "steer": 0.0
        },
        {
            "throttle": 0.5020825604371137,
            "brake": 0.00038321623297388435,
            "steer": 0.0
        },
        {
            "throttle": 0.495434038360001,
            "brake": 0.00026825136308171905,
            "steer": 0.0
        },
        {
            "throttle": 0.4855036243476955,
            "brake": 0.00018777595415720333,
            "steer": 0.0
        },
        {
            "throttle": 0.4725797066618298,
            "brake": 0.0001314431679100423,
            "steer": 0.0
        },
        {
            "throttle": 0.4570351751089922,
            "brake": 9.201021753702962e-05,
            "steer": 0.0
        },
        {
            "throttle": 0.439317107852053,
            "brake": 6.440715227592072e-05,
            "steer": 0.0
        },
        {
            "throttle": 0.41993422473931413,
            "brake": 4.50850065931445e-05,
            "steer": 0.0
        },
        {
            "throttle": 0.399442499168273,
            "brake": 3.155950461520115e-05,
            "steer": 0.0
        },
        {
            "throttle": 0.378429363400617,
            "brake": 2.2091653230640802e-05,
            "steer": 0.0
        },
        {
            "throttle": 0.3574969756400536,
            "brake": 1.546415726144856e-05,
            "steer": 0.0
        },
        {
            "throttle": 0.33724503923399435,
            "brake": 1.0824910083013992e-05,
            "steer": 0.0
        },
        {
            "throttle": 0.3182536738134182,
            "brake": 7.577437058109794e-06,
            "steer": 0.0
        },
        {
            "throttle": 0.3010668343383598,
            "brake": 5.3042059406768555e-06,
            "steer": 0.0
        },
        {
            "throttle": 0.2861767566761428,
            "brake": 3.7129441584737984e-06,
            "steer": 0.0
        },
        {
            "throttle": 0.27400987778986446,
            "brake": 2.599060910931659e-06,
            "steer": 0.0
        },
        {
            "throttle": 0.26491463558181216,
            "brake": 1.819342637652161e-06,
            "steer": 0.0
        },
        {
            "throttle": 0.25915149904858076,
            "brake": 1.2735398463565127e-06,
            "steer": 0.0
        },
        {
            "throttle": 0.25688551514614144,
            "brake": 8.914778924495588e-07,
            "steer": 0.0
        },
        {
            "throttle": 0.2581815864229522,
            "brake": 6.240345247146911e-07,
            "steer": 0.0
        },
        {
            "throttle": 0.2630026150930619,
            "brake": 4.3682416730028376e-07,
            "steer": 0.0
        },
        {
            "throttle": 0.27121056700854324,
            "brake": 3.0577691711019863e-07,
            "steer": 0.0
        },
        {
            "throttle": 0.28257042528804666,
            "brake": 2.1404384197713902e-07,
            "steer": 0.0
        },
        {
            "throttle": 0.29675692055026365,
            "brake": 1.498306893839973e-07,
            "steer": 0.0
        },
        {
            "throttle": 0.3133638451501488,
            "brake": 1.0488148256879811e-07,
            "steer": 0.0
        },
        {
            "throttle": 0.33191568479370576,
            "brake": 7.341703779815867e-08,
            "steer": 0.0
        },
        {
            "throttle": 0.3518812345293175,
            "brake": 5.139192645871107e-08,
            "steer": 0.0
        },
        {
            "throttle": 0.37268880927769044,
            "brake": 3.5974348521097746e-08,
            "steer": 0.0
        },
        {
            "throttle": 0.39374261339384803,
            "brake": 2.518204396476842e-08,
            "steer": 0.0
        },
        {
            "throttle": 0.41443980055947405,
            "brake": 1.7627430775337893e-08,
            "steer": 0.0
        },
        {
            "throttle": 0.4341877355317477,
            "brake": 1.2339201542736525e-08,
            "steer": 0.0
        },
        {
            "throttle": 0.4524209634910898,
            "brake": 8.637441079915567e-09,
            "steer": 0.0
        },
        {
            "throttle": 0.4686174011000509,
            "brake": 6.046208755940896e-09,
            "steer": 0.0
        },
        {
            "throttle": 0.4823132856689285,
            "brake": 4.232346129158627e-09,
            "steer": 0.0
        },
        {
            "throttle": 0.49311645438229407,
            "brake": 2.9626422904110385e-09,
            "steer": 0.0
        },
        {
            "throttle": 0.5007175733561088,
            "brake": 2.0738496032877266e-09,
            "steer": 0.0
        },
        {
            "throttle": 0.5048989949982561,
            "brake": 1.4516947223014085e-09,
            "steer": 0.0
        },
        {
            "throttle": 0.5055409900551511,
            "brake": 1.016186305610986e-09,
            "steer": 0.0
        },
        {
            "throttle": 0.502625175899042,
            "brake": 7.113304139276902e-10,
            "steer": 0.0
        },
        {
            "throttle": 0.4962350428922063,
            "brake": 4.979312897493831e-10,
            "steer": 0.0
        },
        {
            "throttle": 0.48655356375668524,
            "brake": 3.4855190282456814e-10,
            "steer": 0.0
        },
        {
            "throttle": 0.47385795440223477,
            "brake": 2.439863319771977e-10,
            "steer": 0.0
        },
        {
            "throttle": 0.45851173622919095,
            "brake": 1.7079043238403838e-10,
            "steer": 0.0
        },
        {
            "throttle": 0.4409543271914644,
            "brake": 1.1955330266882686e-10,
            "steer": 0.0
        },
        {
            "throttle": 0.4216884596654144,
            "brake": 8.36873118681788e-11,
            "steer": 0.0
        },
        {
            "throttle": 0.40126578539676366,
            "brake": 5.858111830772515e-11,
            "steer": 0.0
        },
        {
            "throttle": 0.38027107970823737,
            "brake": 4.10067828154076e-11,
            "steer": 0.0
        },
        {
            "throttle": 0.3593054972588469,
            "brake": 2.870474797078532e-11,
            "steer": 0.0
        },
        {
            "throttle": 0.3389693588032525,
            "brake": 2.0093323579549725e-11,
            "steer": 0.0
        },
        {
            "throttle": 0.3198449618288008,
            "brake": 1.4065326505684807e-11,
            "steer": 0.0
        },
        {
            "throttle": 0.3024799072641262,
            "brake": 9.845728553979364e-12,
            "steer": 0.0
        },
        {
            "throttle": 0.2873714196761997,
            "brake": 6.892009987785554e-12,
            "steer": 0.0
        },
        {
            "throttle": 0.274952109925522,
            "brake": 4.8244069914498875e-12,
            "steer": 0.0
        },
        {
            "throttle": 0.26557758794634506,
            "brake": 3.377084894014921e-12,
            "steer": 0.0
        },
        {
            "throttle": 0.25951628034300644,
            "brake": 2.3639594258104444e-12,
            "steer": 0.0
        },
        {
            "throttle": 0.25694174436156725,
            "brake": 1.654771598067311e-12,
            "steer": 0.0
        },
        {
            "throttle": 0.2579276983156572,
            "brake": 1.1583401186471176e-12,
            "steer": 0.0
        },
        {
            "throttle": 0.2624459107634799,
            "brake": 8.108380830529822e-13,
            "steer": 0.0
        },
        {
            "throttle": 0.2703670088765065,
            "brake": 5.675866581370876e-13,
            "steer": 0.0
        },
        {
            "throttle": 0.28146418285332675,
            "brake": 3.9731066069596127e-13,
            "steer": 0.0
        },
        {
            "throttle": 0.2954196803078384,
            "brake": 2.7811746248717287e-13,
            "steer": 0.0
        },
        {
            "throttle": 0.3118339046738587,
            "brake": 1.94682223741021e-13,
            "steer": 0.0
        },
        {
            "throttle": 0.33023685710579764,
            "brake": 1.3627755661871468e-13,
            "steer": 0.0
        },
        {
            "throttle": 0.3501015942522295,
            "brake": 9.539428963310027e-14,
            "steer": 0.0
        },
        {
            "throttle": 0.37085931655743776,
            "brake": 6.677600274317019e-14,
            "steer": 0.0
        },
        {
            "throttle": 0.3919156550580749,
            "brake": 4.674320192021913e-14,
            "steer": 0.0
        },
        {
            "throttle": 0.4126676903248068,
            "brake": 3.2720241344153387e-14,
            "steer": 0.0
        },
        {
            "throttle": 0.4325212162348469,
            "brake": 2.290416894090737e-14,
            "steer": 0.0
        },
        {
            "throttle": 0.4509077542508845,
            "brake": 1.6032918258635158e-14,
            "steer": 0.0
        },
        {
            "throttle": 0.4673008310258212,
            "brake": 1.122304278104461e-14,
            "steer": 0.0
        },
        {
            "throttle": 0.48123105324638515,
            "brake": 7.856129946731226e-15,
            "steer": 0.0
        },
        {
            "throttle": 0.49229954806811316,
            "brake": 5.499290962711858e-15,
            "steer": 0.0
        },
        {
            "throttle": 0.5001893842932421,
            "brake": 3.8495036738983e-15,
            "steer": 0.0
        },
        {
            "throttle": 0.5046746472617158,
            "brake": 2.6946525717288096e-15,
            "steer": 0.0
        },
        {
            "throttle": 0.5056269076082253,
            "brake": 1.8862568002101665e-15,
            "steer": 0.0
        },
        {
            "throttle": 0.5030188986612797,
            "brake": 1.3203797601471165e-15,
            "steer": 0.0
        },
        {
            "throttle": 0.49692529718701983,
            "brake": 9.242658321029814e-16,
            "steer": 0.0
        },
        {
            "throttle": 0.48752058512224317,
            "brake": 6.469860824720869e-16,
            "steer": 0.0
        },
        {
            "throttle": 0.475074053522989,
            "brake": 4.528902577304609e-16,
            "steer": 0.0
        },
        {
            "throttle": 0.45994209178377604,
            "brake": 3.170231804113226e-16,
            "steer": 0.0
        },
        {
            "throttle": 0.4425579829151454,
            "brake": 2.2191622628792582e-16,
            "steer": 0.0
        },
        {
            "throttle": 0.42341949707776655,
            "brake": 1.5534135840154806e-16,
            "steer": 0.0
        },
        {
            "throttle": 0.40307463861527504,
            "brake": 1.0873895088108364e-16,
            "steer": 0.0
        },
        {
            "throttle": 0.3821059547000455,
            "brake": 7.611726561675854e-17,
            "steer": 0.0
        },
        {
            "throttle": 0.36111385489234854,
            "brake": 5.3282085931730974e-17,
            "steer": 0.0
        },
        {
            "throttle": 0.34069941923448227,
            "brake": 3.729746015221168e-17,
            "steer": 0.0
        },
        {
            "throttle": 0.3214471871465677,
            "brake": 2.6108222106548173e-17,
            "steer": 0.0
        },
        {
            "throttle": 0.3039084199404195,
            "brake": 1.827575547458372e-17,
            "steer": 0.0
        },
        {
            "throttle": 0.2885853162064931,
            "brake": 1.2793028832208604e-17,
            "steer": 0.0
        },
        {
            "throttle": 0.2759166320446973,
            "brake": 8.955120182546022e-18,
            "steer": 0.0
        },
        {
            "throttle": 0.26626511788407875,
            "brake": 6.2685841277822155e-18,
            "steer": 0.0
        },
        {
            "throttle": 0.25990713162084833,
            "brake": 4.388008889447551e-18,
            "steer": 0.0
        },
        {
            "throttle": 0.25702472548832433,
            "brake": 3.0716062226132854e-18,
            "steer": 0.0
        },
        {
            "throttle": 0.2577004332404394,
            "brake": 2.1501243558292996e-18,
            "steer": 0.0
        },
        {
            "throttle": 0.2619149069106755,
            "brake": 1.5050870490805096e-18,
            "steer": 0.0
        },
        {
            "throttle": 0.2695474708146001,
            "brake": 1.0535609343563566e-18,
            "steer": 0.0
        },
        {
            "throttle": 0.2803795769328992,
            "brake": 7.374926540494496e-19,
            "steer": 0.0
        },
        {
            "throttle": 0.29410106273474435,
            "brake": 5.162448578346147e-19,
            "steer": 0.0
        },
        {
            "throttle": 0.31031903225728663,
            "brake": 3.6137140048423024e-19,
            "steer": 0.0
        },
        {
            "throttle": 0.32856910614372536,
            "brake": 2.5295998033896115e-19,
            "steer": 0.0
        },
        {
            "throttle": 0.34832871851050945,
            "brake": 1.770719862372728e-19,
            "steer": 0.0
        },
        {
            "throttle": 0.3690320799060822,
            "brake": 1.2395039036609095e-19,
            "steer": 0.0
        },
        {
            "throttle": 0.3900863779173285,
            "brake": 8.676527325626366e-20,
            "steer": 0.0
        },
        {
            "throttle": 0.4108887515415335,
            "brake": 6.073569127938456e-20,
            "steer": 0.0
        },
        {
            "throttle": 0.43084355328595125,
            "brake": 4.251498389556919e-20,
            "steer": 0.0
        },
        {
            "throttle": 0.4493794047183876,
            "brake": 2.976048872689843e-20,
            "steer": 0.0
        },
        {
            "throttle": 0.4659655571064576,
            "brake": 2.08323421088289e-20,
            "steer": 0.0
        },
        {
            "throttle": 0.48012708868100457,
            "brake": 1.458263947618023e-20,
            "steer": 0.0
        },
        {
            "throttle": 0.49145850337084895,
            "brake": 1.0207847633326161e-20,
            "steer": 0.0
        },
        {
            "throttle": 0.49963534162771017,
            "brake": 7.145493343328312e-21,
            "steer": 0.0
        },
        {
            "throttle": 0.504423470881225,
            "brake": 5.0018453403298184e-21,
            "steer": 0.0
        },
        {
            "throttle": 0.5056857896046002,
            "brake": 3.5012917382308725e-21,
            "steer": 0.0
        },
        {
            "throttle": 0.5033861530291567,
            "brake": 2.4509042167616105e-21,
            "steer": 0.0
        },
        {
            "throttle": 0.4975904081003025,
            "brake": 1.7156329517331272e-21,
            "steer": 0.0
        }
    ],
    "parameters": {
        "fog_density": 75.74859044114503,
        "precipitation": 77.67399557793783,
        "precipitation_deposits": 71.6899842839191,
        "wind_intensity": 48.04254182913841,
        "sun_altitude_angle": -7.517702487431549,
        "cloudiness": 86.43546562584717,
        "lead_base_throttle": 0.38128817883465227,
        "lead_behavior_frequency": 0.2696359856517325,
        "lead_throttle_variation": 0.13759599887239463,
        "lead_brake_probability": 0.027974569532476724,
        "lead_brake_intensity": 0.7775774813129511,
        "lead_brake_duration": 6.988535617459455,
        "initial_distance": 73.64527090758185,
        "initial_ego_velocity": 10.185143588615805,
        "initial_lead_velocity": 21.66056566283441
    },
    "config": {
        "num_timesteps": 200,
        "dt": 0.1,
        "seed": 204
    }
}