{
    "weather": {
        "cloudiness": 41.9529162926504,
        "precipitation": 53.86029494972827,
        "precipitation_deposits": 83.16707202482259,
        "wind_intensity": 9.195357673511568,
        "sun_altitude_angle": -19.620967382391242,
        "fog_density": 79.73876349377583,
        "fog_distance": 70.09114705634988,
        "wetness": 26.930147474864135
    },
    "initial_conditions": {
        "ego": {
            "position": {
                "x": 563.8606747400008,
                "y": 20.57,
                "z": 0.294
            },
            "yaw": 0.0,
            "velocity": 17.20603193411129
        },
        "lead": {
            "position": {
                "x": 484.88,
                "y": 20.57,
                "z": 0.294
            },
            "yaw": 0.0,
            "velocity": 5.556688043025934
        }
    },
    "ego": {
        "position": {
            "x": 563.8606747400008,
            "y": 20.57,
            "z": 0.294
        },
        "yaw": 0.0,
        "velocity": 17.20603193411129
    },
    "lead": {
        "position": {
            "x": 484.88,
            "y": 20.57,
            "z": 0.294
        },
        "yaw": 0.0,
        "velocity": 5.556688043025934
    },
    "ado_actions": [
        {
            "throttle": 0.2203059826260828,
            "brake": 0.0,
            "steer": 0.0
        },
        {
            "throttle": 0.22664555431178068,
            "brake": 0.0,
            "steer": 0.0
        },
        {
            "throttle": 0.23739319107600515,
            "brake": 0.0,
            "steer": 0.0
        },
        {
            "throttle": 0.2511673417251726,
            "brake": 0.0,
            "steer": 0.0
        },
        {
            "throttle": 0.2669717002734181,
            "brake": 0.0,
            "steer": 0.0
        },
        {
            "throttle": 0.2840800453916458,
            "brake": 0.0,
            "steer": 0.0
        },
        {
            "throttle": 0.3019557626843506,
            "brake": 0.0,
            "steer": 0.0
        },
        {
            "throttle": 0.32019564238571174,
            "brake": 0.0,
            "steer": 0.0
        },
        {
            "throttle": 0.33849066667147987,
            "brake": 0.0,
            "steer": 0.0
        },
        {
            "throttle": 0.3565986859215492,
            "brake": 0.0,
            "steer": 0.0
        },
        {
            "throttle": 0.3743254128826361,
            "brake": 0.0,
            "steer": 0.0
        },
        {
            "throttle": 0.39151123443106506,
            "brake": 0.0,
            "steer": 0.0
        },
        {
            "throttle": 0.4080220901841102,
            "brake": 0.0,
            "steer": 0.0
        },
        {
            "throttle": 0.4237431919178364,
            "brake": 0.0,
            "steer": 0.0
        },
        {
            "throttle": 0.4385747250740155,
            "brake": 0.0,
            "steer": 0.0
        },
        {
            "throttle": 0.45242893079620794,
            "brake": 0.0,
            "steer": 0.0
        },
        {
            "throttle": 0.4652281469777708,
            "brake": 0.0,
            "steer": 0.0
        },
        {
            "throttle": 0.4769035128688194,
            "brake": 0.0,
            "steer": 0.0
        },
        {
            "throttle": 0.4873941300703823,
            "brake": 0.0,
            "steer": 0.0
        },
        {
            "throttle": 0.4966465345787232,
            "brake": 0.0,
            "steer": 0.0
        },
        {
            "throttle": 0.5046143778664767,
            "brake": 0.0,
            "steer": 0.0
        },
        {
            "throttle": 0.5112582453544845,
            "brake": 0.0,
            "steer": 0.0
        },
        {
            "throttle": 0.516545561927047,
            "brake": 0.0,
            "steer": 0.0
        },
        {
            "throttle": 0.5204505490951719,
            "brake": 0.0,
            "steer": 0.0
        },
        {
            "throttle": 0.5229542089220919,
            "brake": 0.0,
            "steer": 0.0
        },
        {
            "throttle": 0.5240443172260179,
            "brake": 0.0,
            "steer": 0.0
        },
        {
            "throttle": 0.5237154137997724,
            "brake": 0.0,
            "steer": 0.0
        },
        {
            "throttle": 0.521968781088538,
            "brake": 0.0,
            "steer": 0.0
        },
        {
            "throttle": 0.5188124054022508,
            "brake": 0.0,
            "steer": 0.0
        },
        {
            "throttle": 0.5142609166277593,
            "brake": 0.0,
            "steer": 0.0
        },
        {
            "throttle": 0.5083355037712285,
            "brake": 0.0,
            "steer": 0.0
        },
        {
            "throttle": 0.5010638046596636,
            "brake": 0.0,
            "steer": 0.0
        },
        {
            "throttle": 0.492479768870997,
            "brake": 0.0,
            "steer": 0.0
        },
        {
            "throttle": 0.4826234935211813,
            "brake": 0.0,
            "steer": 0.0
        },
        {
            "throttle": 0.47154103196730385,
            "brake": 0.0,
            "steer": 0.0
        },
        {
            "throttle": 0.45928417582493297,
            "brake": 0.0,
            "steer": 0.0
        },
        {
            "throttle": 0.4459102109714591,
            "brake": 0.0,
            "steer": 0.0
        },
        {
            "throttle": 0.43148164843296827,
            "brake": 0.0,
            "steer": 0.0
        },
        {
            "throttle": 0.4160659312425108,
            "brake": 0.0,
            "steer": 0.0
        },
        {
            "throttle": 0.3997351185209955,
            "brake": 0.0,
            "steer": 0.0
        },
        {
            "throttle": 0.3825655481741429,
            "brake": 0.0,
            "steer": 0.0
        },
        {
            "throttle": 0.3646374797239046,
            "brake": 0.0,
            "steer": 0.0
        },
        {
            "throttle": 0.3460347189031264,
            "brake": 0.0,
            "steer": 0.0
        },
        {
            "throttle": 0.3268442257397383,
            "brake": 0.0,
            "steer": 0.0
        },
        {
            "throttle": 0.30715570794251235,
            "brake": 0.0,
            "steer": 0.0
        },
        {
            "throttle": 0.2870612014751455,
            "brake": 0.0,
            "steer": 0.0
        },
        {
            "throttle": 0.26665464026951613,
            "brake": 0.0,
            "steer": 0.0
        },
        {
            "throttle": 0.24603141708267645,
            "brake": 0.0,
            "steer": 0.0
        },
        {
            "throttle": 0.2252879375456032,
            "brake": 0.0,
            "steer": 0.0
        },
        {
            "throttle": 0.204521169484995,
            "brake": 0.0,
            "steer": 0.0
        },
        {
            "throttle": 0.183828189622512,
            "brake": 0.0,
            "steer": 0.0
        },
        {
            "throttle": 0.16330572976881946,
            "brake": 0.0,
            "steer": 0.0
        },
        {
            "throttle": 0.1430497246326521,
            "brake": 0.0,
            "steer": 0.0
        },
        {
            "throttle": 0.12315486335791334,
            "brake": 0.0,
            "steer": 0.0
        },
        {
            "throttle": 0.10371414688463913,
            "brake": 0.0,
            "steer": 0.0
        },
        {
            "throttle": 0.08481845320259972,
            "brake": 0.0,
            "steer": 0.0
        },
        {
            "throttle": 0.0665561125295383,
            "brake": 0.0,
            "steer": 0.0
        },
        {
            "throttle": 0.04901249439973338,
            "brake": 0.0,
            "steer": 0.0
        },
        {
            "throttle": 0.034308746079813365,
            "brake": 0.0,
            "steer": 0.0
        },
        {
            "throttle": 0.024016122255869354,
            "brake": 0.0,
            "steer": 0.0
        },
        {
            "throttle": 0.016811285579108548,
            "brake": 0.0,
            "steer": 0.0
        },
        {
            "throttle": 0.011767899905375983,
            "brake": 0.0,
            "steer": 0.0
        },
        {
            "throttle": 0.008237529933763187,
            "brake": 0.0,
            "steer": 0.0
        },
        {
            "throttle": 0.00576627095363423,
            "brake": 0.0,
            "steer": 0.0
        },
        {
            "throttle": 0.004036389667543961,
            "brake": 0.0,
            "steer": 0.0
        },
        {
            "throttle": 0.0028254727672807722,
            "brake": 0.0,
            "steer": 0.0
        },
        {
            "throttle": 0.0019778309370965404,
            "brake": 0.0,
            "steer": 0.0
        },
        {
            "throttle": 0.0013844816559675781,
            "brake": 0.0,
            "steer": 0.0
        },
        {
            "throttle": 0.0009691371591773046,
            "brake": 0.0,
            "steer": 0.0
        },
        {
            "throttle": 0.0006783960114241132,
            "brake": 0.0,
            "steer": 0.0
        },
        {
            "throttle": 0.00047487720799687923,
            "brake": 0.0,
            "steer": 0.0
        },
        {
            "throttle": 0.00033241404559781546,
            "brake": 0.0,
            "steer": 0.0
        },
        {
            "throttle": 0.0002326898319184708,
            "brake": 0.0,
            "steer": 0.0
        },
        {
            "throttle": 0.00016288288234292956,
            "brake": 0.0,
            "steer": 0.0
        },
        {
            "throttle": 0.00011401801764005068,
            "brake": 0.0,
            "steer": 0.0
        },
        {
            "throttle": 7.981261234803547e-05,
            "brake": 0.0,
            "steer": 0.0
        },
        {
            "throttle": 5.586882864362482e-05,
            "brake": 0.0,
            "steer": 0.0
        },
        {
            "throttle": 3.910818005053737e-05,
            "brake": 0.0,
            "steer": 0.0
        },
        {
            "throttle": 2.737572603537616e-05,
            "brake": 0.0,
            "steer": 0.0
        },
        {
            "throttle": 1.916300822476331e-05,
            "brake": 0.0,
            "steer": 0.0
        },
        {
            "throttle": 1.3414105757334316e-05,
            "brake": 0.0,
            "steer": 0.0
        },
        {
            "throttle": 0.003266576735806091,
            "brake": 0.0,
            "steer": 0.0
        },
        {
            "throttle": 0.010354928583868744,
            "brake": 0.0,
            "steer": 0.0
        },
        {
            "throttle": 0.02039915067527392,
            "brake": 0.0,
            "steer": 0.0
        },
        {
            "throttle": 0.032759961541883466,
            "brake": 0.0,
            "steer": 0.0
        },
        {
            "throttle": 0.046964949096519513,
            "brake": 0.0,
            "steer": 0.0
        },
        {
            "throttle": 0.06265746941354955,
            "brake": 0.0,
            "steer": 0.0
        },
        {
            "throttle": 0.07956099720728246,
            "brake": 0.0,
            "steer": 0.0
        },
        {
            "throttle": 0.0974542967951521,
            "brake": 0.0,
            "steer": 0.0
        },
        {
            "throttle": 0.11615417110930665,
            "brake": 0.0,
            "steer": 0.0
        },
        {
            "throttle": 0.13550351844653344,
            "brake": 0.0,
            "steer": 0.0
        },
        {
            "throttle": 0.15536310712035473,
            "brake": 0.0,
            "steer": 0.0
        },
        {
            "throttle": 0.17560595449924565,
            "brake": 0.0,
            "steer": 0.0
        },
        {
            "throttle": 0.19611353033033735,
            "brake": 0.0,
            "steer": 0.0
        },
        {
            "throttle": 0.21677323763307554,
            "brake": 0.0,
            "steer": 0.0
        },
        {
            "throttle": 0.23747678781421583,
            "brake": 0.0,
            "steer": 0.0
        },
        {
            "throttle": 0.2581192010127353,
            "brake": 0.0,
            "steer": 0.0
        },
        {
            "throttle": 0.27859824273667183,
            "brake": 0.0,
            "steer": 0.0
        },
        {
            "throttle": 0.29881416389769994,
            "brake": 0.0,
            "steer": 0.0
        },
        {
            "throttle": 0.31866965058929353,
            "brake": 0.0,
            "steer": 0.0
        },
        {
            "throttle": 0.3380699174346715,
            "brake": 0.0,
            "steer": 0.0
        },
        {
            "throttle": 0.356922897582158,
            "brake": 0.0,
            "steer": 0.0
        },
        {
            "throttle": 0.3751394959196002,
            "brake": 0.0,
            "steer": 0.0
        },
        {
            "throttle": 0.3926338815460221,
            "brake": 0.0,
            "steer": 0.0
        },
        {
            "throttle": 0.4093238021886202,
            "brake": 0.0,
            "steer": 0.0
        },
        {
            "throttle": 0.4251309079340334,
            "brake": 0.0,
            "steer": 0.0
        },
        {
            "throttle": 0.4399810749476618,
            "brake": 0.0,
            "steer": 0.0
        },
        {
            "throttle": 0.4538047221987386,
            "brake": 0.0,
            "steer": 0.0
        },
        {
            "throttle": 0.4665371158822621,
            "brake": 0.0,
            "steer": 0.0
        },
        {
            "throttle": 0.47811865743490656,
            "brake": 0.0,
            "steer": 0.0
        },
        {
            "throttle": 0.4884951519226661,
            "brake": 0.0,
            "steer": 0.0
        },
        {
            "throttle": 0.4976180542325089,
            "brake": 0.0,
            "steer": 0.0
        },
        {
            "throttle": 0.505444690998006,
            "brake": 0.0,
            "steer": 0.0
        },
        {
            "throttle": 0.5119384565780936,
            "brake": 0.0,
            "steer": 0.0
        },
        {
            "throttle": 0.5170689817224398,
            "brake": 0.0,
            "steer": 0.0
        },
        {
            "throttle": 0.5208122738196941,
            "brake": 0.0,
            "steer": 0.0
        },
        {
            "throttle": 0.5231508278523144,
            "brake": 0.0,
            "steer": 0.0
        },
        {
            "throttle": 0.5240737073848135,
            "brake": 0.0,
            "steer": 0.0
        },
        {
            "throttle": 0.5235765950986964,
            "brake": 0.0,
            "steer": 0.0
        },
        {
            "throttle": 0.5216618125621557,
            "brake": 0.0,
            "steer": 0.0
        },
        {
            "throttle": 0.5183383090891235,
            "brake": 0.0,
            "steer": 0.0
        },
        {
            "throttle": 0.5136216197026638,
            "brake": 0.0,
            "steer": 0.0
        },
        {
            "throttle": 0.50753379237325,
            "brake": 0.0,
            "steer": 0.0
        },
        {
            "throttle": 0.5001032848538813,
            "brake": 0.0,
            "steer": 0.0
        },
        {
            "throttle": 0.49136483158157684,
            "brake": 0.0,
            "steer": 0.0
        },
        {
            "throttle": 0.48135928125852356,
            "brake": 0.0,
            "steer": 0.0
        },
        {
            "throttle": 0.4701334058658917,
            "brake": 0.0,
            "steer": 0.0
        },
        {
            "throttle": 0.45773968199874265,
            "brake": 0.0,
            "steer": 0.0
        },
        {
            "throttle": 0.4442360455411504,
            "brake": 0.0,
            "steer": 0.0
        },
        {
            "throttle": 0.42968562082619977,
            "brake": 0.0,
            "steer": 0.0
        },
        {
            "throttle": 0.41415642554543886,
            "brake": 0.0,
            "steer": 0.0
        },
        {
            "throttle": 0.39772105278617553,
            "brake": 0.0,
            "steer": 0.0
        },
        {
            "throttle": 0.38045633168223886,
            "brake": 0.0,
            "steer": 0.0
        },
        {
            "throttle": 0.3624429682640225,
            "brake": 0.0,
            "steer": 0.0
        },
        {
            "throttle": 0.3437651681863405,
            "brake": 0.0,
            "steer": 0.0
        },
        {
            "throttle": 0.32451024309744847,
            "brake": 0.0,
            "steer": 0.0
        },
        {
            "throttle": 0.30476820248913056,
            "brake": 0.0,
            "steer": 0.0
        },
        {
            "throttle": 0.284631332935675,
            "brake": 0.0,
            "steer": 0.0
        },
        {
            "throttle": 0.2641937666885513,
            "brake": 0.0,
            "steer": 0.0
        },
        {
            "throttle": 0.24355104164338476,
            "brake": 0.0,
            "steer": 0.0
        },
        {
            "throttle": 0.22279965473617463,
            "brake": 0.0,
            "steer": 0.0
        },
        {
            "throttle": 0.2020366108564305,
            "brake": 0.0,
            "steer": 0.0
        },
        {
            "throttle": 0.18135896938586551,
            "brake": 0.0,
            "steer": 0.0
        },
        {
            "throttle": 0.1608633904823939,
            "brake": 0.0,
            "steer": 0.0
        },
        {
            "throttle": 0.14064568323037183,
            "brake": 0.0,
            "steer": 0.0
        },
        {
            "throttle": 0.12080035776930237,
            "brake": 0.0,
            "steer": 0.0
        },
        {
            "throttle": 0.10142018349462831,
            "brake": 0.0,
            "steer": 0.0
        },
        {
            "throttle": 0.08259575539585354,
            "brake": 0.0,
            "steer": 0.0
        },
        {
            "throttle": 0.06441507055919599,
            "brake": 0.0,
            "steer": 0.0
        },
        {
            "throttle": 0.04696311681446064,
            "brake": 0.0,
            "steer": 0.0
        },
        {
            "throttle": 0.03287418177012244,
            "brake": 0.0,
            "steer": 0.0
        },
        {
            "throttle": 0.023011927239085708,
            "brake": 0.0,
            "steer": 0.0
        },
        {
            "throttle": 0.016108349067359994,
            "brake": 0.0,
            "steer": 0.0
        },
        {
            "throttle": 0.011275844347151995,
            "brake": 0.0,
            "steer": 0.0
        },
        {
            "throttle": 0.007893091043006397,
            "brake": 0.0,
            "steer": 0.0
        },
        {
            "throttle": 0.005525163730104477,
            "brake": 0.0,
            "steer": 0.0
        },
        {
            "throttle": 0.003867614611073134,
            "brake": 0.0,
            "steer": 0.0
        },
        {
            "throttle": 0.0027073302277511938,
            "brake": 0.0,
            "steer": 0.0
        },
        {
            "throttle": 0.0018951311594258356,
            "brake": 0.0,
            "steer": 0.0
        },
        {
            "throttle": 0.0013265918115980848,
            "brake": 0.0,
            "steer": 0.0
        },
        {
            "throttle": 0.0009286142681186592,
            "brake": 0.0,
            "steer": 0.0
        },
        {
            "throttle": 0.0006500299876830614,
            "brake": 0.0,
            "steer": 0.0
        },
        {
            "throttle": 0.000455020991378143,
            "brake": 0.0,
            "steer": 0.0
        },
        {
            "throttle": 0.00031851469396470004,
            "brake": 0.0,
            "steer": 0.0
        },
        {
            "throttle": 0.00022296028577529,
            "brake": 0.0,
            "steer": 0.0
        },
        {
            "throttle": 0.000156072200042703,
            "brake": 0.0,
            "steer": 0.0
        },
        {
            "throttle": 0.00010925054002989209,
            "brake": 0.0,
            "steer": 0.0
        },
        {
            "throttle": 7.647537802092446e-05,
            "brake": 0.0,
            "steer": 0.0
        },
        {
            "throttle": 5.353276461464712e-05,
            "brake": 0.0,
            "steer": 0.0
        },
        {
            "throttle": 3.747293523025298e-05,
            "brake": 0.0,
            "steer": 0.0
        },
        {
            "throttle": 2.6231054661177084e-05,
            "brake": 0.0,
            "steer": 0.0
        },
        {
            "throttle": 1.8361738262823957e-05,
            "brake": 0.0,
            "steer": 0.0
        },
        {
            "throttle": 1.285321678397677e-05,
            "brake": 0.0,
            "steer": 0.0
        },
        {
            "throttle": 0.0038274431444225584,
            "brake": 0.0,
            "steer": 0.0
        },
        {
            "throttle": 0.011342496594893307,
            "brake": 0.0,
            "steer": 0.0
        },
        {
            "throttle": 0.02171633108182793,
            "brake": 0.0,
            "steer": 0.0
        },
        {
            "throttle": 0.03433586613363231,
            "brake": 0.0,
            "steer": 0.0
        },
        {
            "throttle": 0.04874689949228948,
            "brake": 0.0,
            "steer": 0.0
        },
        {
            "throttle": 0.06460541753276777,
            "brake": 0.0,
            "steer": 0.0
        },
        {
            "throttle": 0.08164363443356029,
            "brake": 0.0,
            "steer": 0.0
        },
        {
            "throttle": 0.09964634569999312,
            "brake": 0.0,
            "steer": 0.0
        },
        {
            "throttle": 0.11843450537196282,
            "brake": 0.0,
            "steer": 0.0
        },
        {
            "throttle": 0.1378538628417724,
            "brake": 0.0,
            "steer": 0.0
        },
        {
            "throttle": 0.15776714380937185,
            "brake": 0.0,
            "steer": 0.0
        },
        {
            "throttle": 0.17804871391219185,
            "brake": 0.0,
            "steer": 0.0
        },
        {
            "throttle": 0.19858098136535995,
            "brake": 0.0,
            "steer": 0.0
        },
        {
            "throttle": 0.21925201740178762,
            "brake": 0.0,
            "steer": 0.0
        },
        {
            "throttle": 0.23995402901690854,
            "brake": 0.0,
            "steer": 0.0
        },
        {
            "throttle": 0.2605824275242728,
            "brake": 0.0,
            "steer": 0.0
        },
        {
            "throttle": 0.28103531273295335,
            "brake": 0.0,
            "steer": 0.0
        },
        {
            "throttle": 0.30121324597780275,
            "brake": 0.0,
            "steer": 0.0
        },
        {
            "throttle": 0.3210192226373935,
            "brake": 0.0,
            "steer": 0.0
        },
        {
            "throttle": 0.34035878096979527,
            "brake": 0.0,
            "steer": 0.0
        },
        {
            "throttle": 0.35914020244859923,
            "brake": 0.0,
            "steer": 0.0
        },
        {
            "throttle": 0.3772747716465223,
            "brake": 0.0,
            "steer": 0.0
        },
        {
            "throttle": 0.3946770727404091,
            "brake": 0.0,
            "steer": 0.0
        },
        {
            "throttle": 0.41126530605365974,
            "brake": 0.0,
            "steer": 0.0
        },
        {
            "throttle": 0.42696161251781617,
            "brake": 0.0,
            "steer": 0.0
        },
        {
            "throttle": 0.4416923970895906,
            "brake": 0.0,
            "steer": 0.0
        },
        {
            "throttle": 0.4553886443985948,
            "brake": 0.0,
            "steer": 0.0
        }
    ],
    "parameters": {
        "fog_density": 79.73876349377583,
        "precipitation": 53.86029494972827,
        "precipitation_deposits": 83.16707202482259,
        "wind_intensity": 9.195357673511568,
        "sun_altitude_angle": -19.620967382391242,
        "cloudiness": 41.9529162926504,
        "lead_base_throttle": 0.22030598262608284,
        "lead_behavior_frequency": 0.10883736248158936,
        "lead_throttle_variation": 0.3092568516909702,
        "lead_brake_probability": 0.0030343692032222536,
        "lead_brake_intensity": 0.6415981234876591,
        "lead_brake_duration": 20.179278648090413,
        "initial_distance": 78.98067474000084,
        "initial_ego_velocity": 17.20603193411129,
        "initial_lead_velocity": 5.556688043025934
    },
    "config": {
        "num_timesteps": 200,
        "dt": 0.1,
        "seed": 141
    }
}