{
    "weather": {
        "cloudiness": 60.6397670514484,
        "precipitation": 46.10335106897777,
        "precipitation_deposits": 67.97887109005984,
        "wind_intensity": 9.799068646164983,
        "sun_altitude_angle": -2.769783339317474,
        "fog_density": 74.82872567347133,
        "fog_distance": 82.55497402126349,
        "wetness": 23.051675534488886
    },
    "initial_conditions": {
        "ego": {
            "position": {
                "x": 507.8247443949444,
                "y": 20.57,
                "z": 0.294
            },
            "yaw": 0.0,
            "velocity": 11.504886201389242
        },
        "lead": {
            "position": {
                "x": 484.88,
                "y": 20.57,
                "z": 0.294
            },
            "yaw": 0.0,
            "velocity": 12.24305035523429
        }
    },
    "ego": {
        "position": {
            "x": 507.8247443949444,
            "y": 20.57,
            "z": 0.294
        },
        "yaw": 0.0,
        "velocity": 11.504886201389242
    },
    "lead": {
        "position": {
            "x": 484.88,
            "y": 20.57,
            "z": 0.294
        },
        "yaw": 0.0,
        "velocity": 12.24305035523429
    },
    "ado_actions": [
        {
            "throttle": 0.5027071150129203,
            "brake": 0.0,
            "steer": 0.0
        },
        {
            "throttle": 0.503882272550034,
            "brake": 0.0,
            "steer": 0.0
        },
        {
            "throttle": 0.5058766916376112,
            "brake": 0.0,
            "steer": 0.0
        },
        {
            "throttle": 0.5084379059019988,
            "brake": 0.0,
            "steer": 0.0
        },
        {
            "throttle": 0.5113858687564868,
            "brake": 0.0,
            "steer": 0.0
        },
        {
            "throttle": 0.5145912559840893,
            "brake": 0.0,
            "steer": 0.0
        },
        {
            "throttle": 0.517960286925242,
            "brake": 0.0,
            "steer": 0.0
        },
        {
            "throttle": 0.5214241085809481,
            "brake": 0.0,
            "steer": 0.0
        },
        {
            "throttle": 0.5249313736223186,
            "brake": 0.0,
            "steer": 0.0
        },
        {
            "throttle": 0.5284430539741357,
            "brake": 0.0,
            "steer": 0.0
        },
        {
            "throttle": 0.5319288191141984,
            "brake": 0.0,
            "steer": 0.0
        },
        {
            "throttle": 0.5353645094626285,
            "brake": 0.0,
            "steer": 0.0
        },
        {
            "throttle": 0.5387303760986164,
            "brake": 0.0,
            "steer": 0.0
        },
        {
            "throttle": 0.5420098566470628,
            "brake": 0.0,
            "steer": 0.0
        },
        {
            "throttle": 0.5451887262017961,
            "brake": 0.0,
            "steer": 0.0
        },
        {
            "throttle": 0.5482545104698092,
            "brake": 0.0,
            "steer": 0.0
        },
        {
            "throttle": 0.5511960821442583,
            "brake": 0.0,
            "steer": 0.0
        },
        {
            "throttle": 0.5540033851912071,
            "brake": 0.0,
            "steer": 0.0
        },
        {
            "throttle": 0.5566672483101534,
            "brake": 0.0,
            "steer": 0.0
        },
        {
            "throttle": 0.5591792604319586,
            "brake": 0.0,
            "steer": 0.0
        },
        {
            "throttle": 0.5615316892413977,
            "brake": 0.0,
            "steer": 0.0
        },
        {
            "throttle": 0.5637174293992168,
            "brake": 0.0,
            "steer": 0.0
        },
        {
            "throttle": 0.5657299711211392,
            "brake": 0.0,
            "steer": 0.0
        },
        {
            "throttle": 0.567563382560285,
            "brake": 0.0,
            "steer": 0.0
        },
        {
            "throttle": 0.5692123013930539,
            "brake": 0.0,
            "steer": 0.0
        },
        {
            "throttle": 0.5706719323773437,
            "brake": 0.0,
            "steer": 0.0
        },
        {
            "throttle": 0.5719380486114882,
            "brake": 0.0,
            "steer": 0.0
        },
        {
            "throttle": 0.5730069948953245,
            "brake": 0.0,
            "steer": 0.0
        },
        {
            "throttle": 0.5738756920673113,
            "brake": 0.0,
            "steer": 0.0
        },
        {
            "throttle": 0.5745416415237885,
            "brake": 0.0,
            "steer": 0.0
        },
        {
            "throttle": 0.5750029293604133,
            "brake": 0.0,
            "steer": 0.0
        },
        {
            "throttle": 0.575258229741012,
            "brake": 0.0,
            "steer": 0.0
        },
        {
            "throttle": 0.5753068072161764,
            "brake": 0.0,
            "steer": 0.0
        },
        {
            "throttle": 0.575148517797346,
            "brake": 0.0,
            "steer": 0.0
        },
        {
            "throttle": 0.5747838086519609,
            "brake": 0.0,
            "steer": 0.0
        },
        {
            "throttle": 0.5742137163286055,
            "brake": 0.0,
            "steer": 0.0
        },
        {
            "throttle": 0.5734398634528359,
            "brake": 0.0,
            "steer": 0.0
        },
        {
            "throttle": 0.572464453858052,
            "brake": 0.0,
            "steer": 0.0
        },
        {
            "throttle": 0.5712902661337512,
            "brake": 0.0,
            "steer": 0.0
        },
        {
            "throttle": 0.5699206455874717,
            "brake": 0.0,
            "steer": 0.0
        },
        {
            "throttle": 0.568359494627876,
            "brake": 0.0,
            "steer": 0.0
        },
        {
            "throttle": 0.5666112615855629,
            "brake": 0.0,
            "steer": 0.0
        },
        {
            "throttle": 0.5646809279958892,
            "brake": 0.0,
            "steer": 0.0
        },
        {
            "throttle": 0.5625739943747428,
            "brake": 0.0,
            "steer": 0.0
        },
        {
            "throttle": 0.5602964645240864,
            "brake": 0.0,
            "steer": 0.0
        },
        {
            "throttle": 0.5578548284094004,
            "brake": 0.0,
            "steer": 0.0
        },
        {
            "throttle": 0.5552560436559968,
            "brake": 0.0,
            "steer": 0.0
        },
        {
            "throttle": 0.5525075157156617,
            "brake": 0.0,
            "steer": 0.0
        },
        {
            "throttle": 0.5496170767592506,
            "brake": 0.0,
            "steer": 0.0
        },
        {
            "throttle": 0.5465929633547622,
            "brake": 0.0,
            "steer": 0.0
        },
        {
            "throttle": 0.5434437929940604,
            "brake": 0.0,
            "steer": 0.0
        },
        {
            "throttle": 0.5401785395348323,
            "brake": 0.0,
            "steer": 0.0
        },
        {
            "throttle": 0.5368065076275433,
            "brake": 0.0,
            "steer": 0.0
        },
        {
            "throttle": 0.5333373062001178,
            "brake": 0.0,
            "steer": 0.0
        },
        {
            "throttle": 0.5297808210757946,
            "brake": 0.0,
            "steer": 0.0
        },
        {
            "throttle": 0.526147186802115,
            "brake": 0.0,
            "steer": 0.0
        },
        {
            "throttle": 0.5224467577712653,
            "brake": 0.0,
            "steer": 0.0
        },
        {
            "throttle": 0.5186900787140349,
            "brake": 0.0,
            "steer": 0.0
        },
        {
            "throttle": 0.5148878546514457,
            "brake": 0.0,
            "steer": 0.0
        },
        {
            "throttle": 0.5110509203896585,
            "brake": 0.0,
            "steer": 0.0
        },
        {
            "throttle": 0.5071902096450741,
            "brake": 0.0,
            "steer": 0.0
        },
        {
            "throttle": 0.5033167238875994,
            "brake": 0.0,
            "steer": 0.0
        },
        {
            "throttle": 0.4994415009908578,
            "brake": 0.0,
            "steer": 0.0
        },
        {
            "throttle": 0.4955755837786736,
            "brake": 0.0,
            "steer": 0.0
        },
        {
            "throttle": 0.49172998855745675,
            "brake": 0.0,
            "steer": 0.0
        },
        {
            "throttle": 0.48791567372415706,
            "brake": 0.0,
            "steer": 0.0
        },
        {
            "throttle": 0.4841435085392398,
            "brake": 0.0,
            "steer": 0.0
        },
        {
            "throttle": 0.4804242421536672,
            "brake": 0.0,
            "steer": 0.0
        },
        {
            "throttle": 0.47676847297814473,
            "brake": 0.0,
            "steer": 0.0
        },
        {
            "throttle": 0.4731866184819187,
            "brake": 0.0,
            "steer": 0.0
        },
        {
            "throttle": 0.46968888550718335,
            "brake": 0.0,
            "steer": 0.0
        },
        {
            "throttle": 0.46628524118369186,
            "brake": 0.0,
            "steer": 0.0
        },
        {
            "throttle": 0.46298538452645155,
            "brake": 0.0,
            "steer": 0.0
        },
        {
            "throttle": 0.4597987187974377,
            "brake": 0.0,
            "steer": 0.0
        },
        {
            "throttle": 0.45673432471008535,
            "brake": 0.0,
            "steer": 0.0
        },
        {
            "throttle": 0.45380093455291404,
            "brake": 0.0,
            "steer": 0.0
        },
        {
            "throttle": 0.45100690730602366,
            "brake": 0.0,
            "steer": 0.0
        },
        {
            "throttle": 0.4483602048213686,
            "brake": 0.0,
            "steer": 0.0
        },
        {
            "throttle": 0.4458683691346877,
            "brake": 0.0,
            "steer": 0.0
        },
        {
            "throttle": 0.4435385009737405,
            "brake": 0.0,
            "steer": 0.0
        },
        {
            "throttle": 0.44137723952409424,
            "brake": 0.0,
            "steer": 0.0
        },
        {
            "throttle": 0.43939074351011986,
            "brake": 0.0,
            "steer": 0.0
        },
        {
            "throttle": 0.43758467364510856,
            "brake": 0.0,
            "steer": 0.0
        },
        {
            "throttle": 0.4359641765005199,
            "brake": 0.0,
            "steer": 0.0
        },
        {
            "throttle": 0.4345338698403265,
            "brake": 0.0,
            "steer": 0.0
        },
        {
            "throttle": 0.433297829462247,
            "brake": 0.0,
            "steer": 0.0
        },
        {
            "throttle": 0.432259577583365,
            "brake": 0.0,
            "steer": 0.0
        },
        {
            "throttle": 0.4314220728032293,
            "brake": 0.0,
            "steer": 0.0
        },
        {
            "throttle": 0.4307877016730372,
            "brake": 0.0,
            "steer": 0.0
        },
        {
            "throttle": 0.43035827189492504,
            "brake": 0.0,
            "steer": 0.0
        },
        {
            "throttle": 0.4301350071707456,
            "brake": 0.0,
            "steer": 0.0
        },
        {
            "throttle": 0.4301185437150105,
            "brake": 0.0,
            "steer": 0.0
        },
        {
            "throttle": 0.4303089284419357,
            "brake": 0.0,
            "steer": 0.0
        },
        {
            "throttle": 0.4307056188317543,
            "brake": 0.0,
            "steer": 0.0
        },
        {
            "throttle": 0.4313074844766797,
            "brake": 0.0,
            "steer": 0.0
        },
        {
            "throttle": 0.43211281030211235,
            "brake": 0.0,
            "steer": 0.0
        },
        {
            "throttle": 0.433119301453911,
            "brake": 0.0,
            "steer": 0.0
        },
        {
            "throttle": 0.4343240898378029,
            "brake": 0.0,
            "steer": 0.0
        },
        {
            "throttle": 0.4357237422922967,
            "brake": 0.0,
            "steer": 0.0
        },
        {
            "throttle": 0.4373142703718093,
            "brake": 0.0,
            "steer": 0.0
        },
        {
            "throttle": 0.43909114171212926,
            "brake": 0.0,
            "steer": 0.0
        },
        {
            "throttle": 0.4410492929458283,
            "brake": 0.0,
            "steer": 0.0
        },
        {
            "throttle": 0.44318314413081883,
            "brake": 0.0,
            "steer": 0.0
        },
        {
            "throttle": 0.4454866146509407,
            "brake": 0.0,
            "steer": 0.0
        },
        {
            "throttle": 0.4479531405432672,
            "brake": 0.0,
            "steer": 0.0
        },
        {
            "throttle": 0.45057569320275503,
            "brake": 0.0,
            "steer": 0.0
        },
        {
            "throttle": 0.45334679941093675,
            "brake": 0.0,
            "steer": 0.0
        },
        {
            "throttle": 0.4562585626315826,
            "brake": 0.0,
            "steer": 0.0
        },
        {
            "throttle": 0.45930268551264725,
            "brake": 0.0,
            "steer": 0.0
        },
        {
            "throttle": 0.46247049353038017,
            "brake": 0.0,
            "steer": 0.0
        },
        {
            "throttle": 0.46575295970822334,
            "brake": 0.0,
            "steer": 0.0
        },
        {
            "throttle": 0.46914073034005754,
            "brake": 0.0,
            "steer": 0.0
        },
        {
            "throttle": 0.47262415164449645,
            "brake": 0.0,
            "steer": 0.0
        },
        {
            "throttle": 0.47619329727427373,
            "brake": 0.0,
            "steer": 0.0
        },
        {
            "throttle": 0.4798379966023339,
            "brake": 0.0,
            "steer": 0.0
        },
        {
            "throttle": 0.48354786370402136,
            "brake": 0.0,
            "steer": 0.0
        },
        {
            "throttle": 0.4873123269527815,
            "brake": 0.0,
            "steer": 0.0
        },
        {
            "throttle": 0.49112065914503694,
            "brake": 0.0,
            "steer": 0.0
        },
        {
            "throttle": 0.49496200806839613,
            "brake": 0.0,
            "steer": 0.0
        },
        {
            "throttle": 0.49882542742608593,
            "brake": 0.0,
            "steer": 0.0
        },
        {
            "throttle": 0.5026999080294875,
            "brake": 0.0,
            "steer": 0.0
        },
        {
            "throttle": 0.5065744091698882,
            "brake": 0.0,
            "steer": 0.0
        },
        {
            "throttle": 0.5104378900800532,
            "brake": 0.0,
            "steer": 0.0
        },
        {
            "throttle": 0.514279341395964,
            "brake": 0.0,
            "steer": 0.0
        },
        {
            "throttle": 0.5180878165290699,
            "brake": 0.0,
            "steer": 0.0
        },
        {
            "throttle": 0.5218524628596553,
            "brake": 0.0,
            "steer": 0.0
        },
        {
            "throttle": 0.5255625526624336,
            "brake": 0.0,
            "steer": 0.0
        },
        {
            "throttle": 0.5292075136762417,
            "brake": 0.0,
            "steer": 0.0
        },
        {
            "throttle": 0.5327769592307252,
            "brake": 0.0,
            "steer": 0.0
        },
        {
            "throttle": 0.536260717844164,
            "brake": 0.0,
            "steer": 0.0
        },
        {
            "throttle": 0.5396488622080969,
            "brake": 0.0,
            "steer": 0.0
        },
        {
            "throttle": 0.5429317374761519,
            "brake": 0.0,
            "steer": 0.0
        },
        {
            "throttle": 0.5460999887764671,
            "brake": 0.0,
            "steer": 0.0
        },
        {
            "throttle": 0.5491445878693082,
            "brake": 0.0,
            "steer": 0.0
        },
        {
            "throttle": 0.5520568588739125,
            "brake": 0.0,
            "steer": 0.0
        },
        {
            "throttle": 0.5548285029912554,
            "brake": 0.0,
            "steer": 0.0
        },
        {
            "throttle": 0.5574516221522824,
            "brake": 0.0,
            "steer": 0.0
        },
        {
            "throttle": 0.5599187415242252,
            "brake": 0.0,
            "steer": 0.0
        },
        {
            "throttle": 0.5622228308108624,
            "brake": 0.0,
            "steer": 0.0
        },
        {
            "throttle": 0.5643573242860324,
            "brake": 0.0,
            "steer": 0.0
        },
        {
            "throttle": 0.5663161395033064,
            "brake": 0.0,
            "steer": 0.0
        },
        {
            "throttle": 0.5680936946285113,
            "brake": 0.0,
            "steer": 0.0
        },
        {
            "throttle": 0.5696849243457076,
            "brake": 0.0,
            "steer": 0.0
        },
        {
            "throttle": 0.5710852942912988,
            "brake": 0.0,
            "steer": 0.0
        },
        {
            "throttle": 0.5722908139751416,
            "brake": 0.0,
            "steer": 0.0
        },
        {
            "throttle": 0.5732980481518343,
            "brake": 0.0,
            "steer": 0.0
        },
        {
            "throttle": 0.5741041266097823,
            "brake": 0.0,
            "steer": 0.0
        },
        {
            "throttle": 0.5747067523501452,
            "brake": 0.0,
            "steer": 0.0
        },
        {
            "throttle": 0.5751042081323576,
            "brake": 0.0,
            "steer": 0.0
        },
        {
            "throttle": 0.575295361367573,
            "brake": 0.0,
            "steer": 0.0
        },
        {
            "throttle": 0.5752796673460855,
            "brake": 0.0,
            "steer": 0.0
        },
        {
            "throttle": 0.5750571707895333,
            "brake": 0.0,
            "steer": 0.0
        },
        {
            "throttle": 0.57462850572346,
            "brake": 0.0,
            "steer": 0.0
        },
        {
            "throttle": 0.5739948936705972,
            "brake": 0.0,
            "steer": 0.0
        },
        {
            "throttle": 0.5731581401700165,
            "brake": 0.0,
            "steer": 0.0
        },
        {
            "throttle": 0.5721206296320713,
            "brake": 0.0,
            "steer": 0.0
        },
        {
            "throttle": 0.5708853185437873,
            "brake": 0.0,
            "steer": 0.0
        },
        {
            "throttle": 0.5694557270440661,
            "brake": 0.0,
            "steer": 0.0
        },
        {
            "throttle": 0.5678359288927073,
            "brake": 0.0,
            "steer": 0.0
        },
        {
            "throttle": 0.5660305398618344,
            "brake": 0.0,
            "steer": 0.0
        },
        {
            "throttle": 0.5640447045828041,
            "brake": 0.0,
            "steer": 0.0
        },
        {
            "throttle": 0.5618840818860793,
            "brake": 0.0,
            "steer": 0.0
        },
        {
            "throttle": 0.5595548286758427,
            "brake": 0.0,
            "steer": 0.0
        },
        {
            "throttle": 0.5570635823853001,
            "brake": 0.0,
            "steer": 0.0
        },
        {
            "throttle": 0.5544174420626699,
            "brake": 0.0,
            "steer": 0.0
        },
        {
            "throttle": 0.5516239481417561,
            "brake": 0.0,
            "steer": 0.0
        },
        {
            "throttle": 0.54869106095475,
            "brake": 0.0,
            "steer": 0.0
        },
        {
            "throttle": 0.5456271380484903,
            "brake": 0.0,
            "steer": 0.0
        },
        {
            "throttle": 0.542440910368822,
            "brake": 0.0,
            "steer": 0.0
        },
        {
            "throttle": 0.5391414573809186,
            "brake": 0.0,
            "steer": 0.0
        },
        {
            "throttle": 0.5357381811964638,
            "brake": 0.0,
            "steer": 0.0
        },
        {
            "throttle": 0.532240779781422,
            "brake": 0.0,
            "steer": 0.0
        },
        {
            "throttle": 0.5286592193207422,
            "brake": 0.0,
            "steer": 0.0
        },
        {
            "throttle": 0.5250037058187462,
            "brake": 0.0,
            "steer": 0.0
        },
        {
            "throttle": 0.5212846560161283,
            "brake": 0.0,
            "steer": 0.0
        },
        {
            "throttle": 0.5175126677064409,
            "brake": 0.0,
            "steer": 0.0
        },
        {
            "throttle": 0.5136984895366533,
            "brake": 0.0,
            "steer": 0.0
        },
        {
            "throttle": 0.5098529903778377,
            "brake": 0.0,
            "steer": 0.0
        },
        {
            "throttle": 0.5059871283532664,
            "brake": 0.0,
            "steer": 0.0
        },
        {
            "throttle": 0.5021119196121746,
            "brake": 0.0,
            "steer": 0.0
        },
        {
            "throttle": 0.49823840693817384,
            "brake": 0.0,
            "steer": 0.0
        },
        {
            "throttle": 0.49437762828176807,
            "brake": 0.0,
            "steer": 0.0
        },
        {
            "throttle": 0.49054058530664135,
            "brake": 0.0,
            "steer": 0.0
        },
        {
            "throttle": 0.4867382120393492,
            "brake": 0.0,
            "steer": 0.0
        },
        {
            "throttle": 0.4829813437117479,
            "brake": 0.0,
            "steer": 0.0
        },
        {
            "throttle": 0.47928068588494954,
            "brake": 0.0,
            "steer": 0.0
        },
        {
            "throttle": 0.4756467839427855,
            "brake": 0.0,
            "steer": 0.0
        },
        {
            "throttle": 0.47208999304171173,
            "brake": 0.0,
            "steer": 0.0
        },
        {
            "throttle": 0.46862044860278484,
            "brake": 0.0,
            "steer": 0.0
        },
        {
            "throttle": 0.46524803742979515,
            "brake": 0.0,
            "steer": 0.0
        },
        {
            "throttle": 0.46198236953585964,
            "brake": 0.0,
            "steer": 0.0
        },
        {
            "throttle": 0.45883275075875624,
            "brake": 0.0,
            "steer": 0.0
        },
        {
            "throttle": 0.4558081562430356,
            "brake": 0.0,
            "steer": 0.0
        },
        {
            "throttle": 0.45291720486447484,
            "brake": 0.0,
            "steer": 0.0
        },
        {
            "throttle": 0.45016813466975425,
            "brake": 0.0,
            "steer": 0.0
        },
        {
            "throttle": 0.4475687794013436,
            "brake": 0.0,
            "steer": 0.0
        },
        {
            "throttle": 0.4451265461744917,
            "brake": 0.0,
            "steer": 0.0
        },
        {
            "throttle": 0.4428483943699328,
            "brake": 0.0,
            "steer": 0.0
        },
        {
            "throttle": 0.44074081580245483,
            "brake": 0.0,
            "steer": 0.0
        },
        {
            "throttle": 0.43880981622184323,
            "brake": 0.0,
            "steer": 0.0
        }
    ],
    "parameters": {
        "fog_density": 74.82872567347133,
        "precipitation": 46.10335106897777,
        "precipitation_deposits": 67.97887109005984,
        "wind_intensity": 9.799068646164983,
        "sun_altitude_angle": -2.769783339317474,
        "cloudiness": 60.6397670514484,
        "lead_base_throttle": 0.5027071150129203,
        "lead_behavior_frequency": 0.08496957397775674,
        "lead_throttle_variation": 0.07340706425536095,
        "lead_brake_probability": 0.0186058799378073,
        "lead_brake_intensity": 0.6996897823143237,
        "lead_brake_duration": 7.803376779305622,
        "initial_distance": 22.9447443949444,
        "initial_ego_velocity": 11.504886201389242,
        "initial_lead_velocity": 12.24305035523429
    },
    "config": {
        "num_timesteps": 200,
        "dt": 0.1,
        "seed": 134
    }
}