{
    "weather": {
        "cloudiness": 99.42645304281055,
        "precipitation": 91.6191681408709,
        "precipitation_deposits": 50.25664440172849,
        "wind_intensity": 36.14610346188916,
        "sun_altitude_angle": 12.285243142261443,
        "fog_density": 79.68324485586018,
        "fog_distance": 70.22097932162167,
        "wetness": 45.80958407043545
    },
    "initial_conditions": {
        "ego": {
            "position": {
                "x": 523.0288470376436,
                "y": 20.57,
                "z": 0.294
            },
            "yaw": 0.0,
            "velocity": 18.399648754406453
        },
        "lead": {
            "position": {
                "x": 484.88,
                "y": 20.57,
                "z": 0.294
            },
            "yaw": 0.0,
            "velocity": 8.079891721611043
        }
    },
    "ego": {
        "position": {
            "x": 523.0288470376436,
            "y": 20.57,
            "z": 0.294
        },
        "yaw": 0.0,
        "velocity": 18.399648754406453
    },
    "lead": {
        "position": {
            "x": 484.88,
            "y": 20.57,
            "z": 0.294
        },
        "yaw": 0.0,
        "velocity": 8.079891721611043
    },
    "ado_actions": [
        {
            "throttle": 0.5753808332143738,
            "brake": 0.0,
            "steer": 0.0
        },
        {
            "throttle": 0.5790062005726371,
            "brake": 0.0,
            "steer": 0.0
        },
        {
            "throttle": 0.5851646320917495,
            "brake": 0.0,
            "steer": 0.0
        },
        {
            "throttle": 0.5930868286185993,
            "brake": 0.0,
            "steer": 0.0
        },
        {
            "throttle": 0.6022296059732484,
            "brake": 0.0,
            "steer": 0.0
        },
        {
            "throttle": 0.6122080786505745,
            "brake": 0.0,
            "steer": 0.0
        },
        {
            "throttle": 0.6227481944392995,
            "brake": 0.0,
            "steer": 0.0
        },
        {
            "throttle": 0.6336535146518356,
            "brake": 0.0,
            "steer": 0.0
        },
        {
            "throttle": 0.6447819662425861,
            "brake": 0.0,
            "steer": 0.0
        },
        {
            "throttle": 0.6560295742013362,
            "brake": 0.0,
            "steer": 0.0
        },
        {
            "throttle": 0.6673190800847267,
            "brake": 0.0,
            "steer": 0.0
        },
        {
            "throttle": 0.6785919807823262,
            "brake": 0.0,
            "steer": 0.0
        },
        {
            "throttle": 0.6898029613773605,
            "brake": 0.0,
            "steer": 0.0
        },
        {
            "throttle": 0.7009160037967317,
            "brake": 0.0,
            "steer": 0.0
        },
        {
            "throttle": 0.711901668429258,
            "brake": 0.0,
            "steer": 0.0
        },
        {
            "throttle": 0.7227351967301857,
            "brake": 0.0,
            "steer": 0.0
        },
        {
            "throttle": 0.733395188417525,
            "brake": 0.0,
            "steer": 0.0
        },
        {
            "throttle": 0.7438626807771402,
            "brake": 0.0,
            "steer": 0.0
        },
        {
            "throttle": 0.7541205093316288,
            "brake": 0.0,
            "steer": 0.0
        },
        {
            "throttle": 0.7641528653448364,
            "brake": 0.0,
            "steer": 0.0
        },
        {
            "throttle": 0.7739449909857865,
            "brake": 0.0,
            "steer": 0.0
        },
        {
            "throttle": 0.7834829707223068,
            "brake": 0.0,
            "steer": 0.0
        },
        {
            "throttle": 0.792753589937368,
            "brake": 0.0,
            "steer": 0.0
        },
        {
            "throttle": 0.8017442404572382,
            "brake": 0.0,
            "steer": 0.0
        },
        {
            "throttle": 0.810442858768001,
            "brake": 0.0,
            "steer": 0.0
        },
        {
            "throttle": 0.8188378869583974,
            "brake": 0.0,
            "steer": 0.0
        },
        {
            "throttle": 0.8269182494101379,
            "brake": 0.0,
            "steer": 0.0
        },
        {
            "throttle": 0.8346733403452663,
            "brake": 0.0,
            "steer": 0.0
        },
        {
            "throttle": 0.8420930188022859,
            "brake": 0.0,
            "steer": 0.0
        },
        {
            "throttle": 0.8491676086364603,
            "brake": 0.0,
            "steer": 0.0
        },
        {
            "throttle": 0.8558879018565269,
            "brake": 0.0,
            "steer": 0.0
        },
        {
            "throttle": 0.8622451641120694,
            "brake": 0.0,
            "steer": 0.0
        },
        {
            "throttle": 0.868231141497445,
            "brake": 0.0,
            "steer": 0.0
        },
        {
            "throttle": 0.8738380680845531,
            "brake": 0.0,
            "steer": 0.0
        },
        {
            "throttle": 0.8790586737694648,
            "brake": 0.0,
            "steer": 0.0
        },
        {
            "throttle": 0.883886192139093,
            "brake": 0.0,
            "steer": 0.0
        },
        {
            "throttle": 0.8883143681491559,
            "brake": 0.0,
            "steer": 0.0
        },
        {
            "throttle": 0.8923374654645015,
            "brake": 0.0,
            "steer": 0.0
        },
        {
            "throttle": 0.8959502733549938,
            "brake": 0.0,
            "steer": 0.0
        },
        {
            "throttle": 0.899148113069927,
            "brake": 0.0,
            "steer": 0.0
        },
        {
            "throttle": 0.9019268436350429,
            "brake": 0.0,
            "steer": 0.0
        },
        {
            "throttle": 0.9042828670312706,
            "brake": 0.0,
            "steer": 0.0
        },
        {
            "throttle": 0.9062131327251289,
            "brake": 0.0,
            "steer": 0.0
        },
        {
            "throttle": 0.9077151415285704,
            "brake": 0.0,
            "steer": 0.0
        },
        {
            "throttle": 0.9087869487718256,
            "brake": 0.0,
            "steer": 0.0
        },
        {
            "throttle": 0.9094271667771276,
            "brake": 0.0,
            "steer": 0.0
        },
        {
            "throttle": 0.9096349666245049,
            "brake": 0.0,
            "steer": 0.0
        },
        {
            "throttle": 0.9094100792034308,
            "brake": 0.0,
            "steer": 0.0
        },
        {
            "throttle": 0.9087527955462202,
            "brake": 0.0,
            "steer": 0.0
        },
        {
            "throttle": 0.9076639664408179,
            "brake": 0.0,
            "steer": 0.0
        },
        {
            "throttle": 0.9061450013221327,
            "brake": 0.0,
            "steer": 0.0
        },
        {
            "throttle": 0.9041978664424102,
            "brake": 0.0,
            "steer": 0.0
        },
        {
            "throttle": 0.9018250823223525,
            "brake": 0.0,
            "steer": 0.0
        },
        {
            "throttle": 0.8990297204858231,
            "brake": 0.0,
            "steer": 0.0
        },
        {
            "throttle": 0.895815399482039,
            "brake": 0.0,
            "steer": 0.0
        },
        {
            "throttle": 0.8921862802001754,
            "brake": 0.0,
            "steer": 0.0
        },
        {
            "throttle": 0.8881470604822862,
            "brake": 0.0,
            "steer": 0.0
        },
        {
            "throttle": 0.8837029690414064,
            "brake": 0.0,
            "steer": 0.0
        },
        {
            "throttle": 0.8788597586926303,
            "brake": 0.0,
            "steer": 0.0
        },
        {
            "throttle": 0.8736236989058721,
            "brake": 0.0,
            "steer": 0.0
        },
        {
            "throttle": 0.8680015676899135,
            "brake": 0.0,
            "steer": 0.0
        },
        {
            "throttle": 0.8620006428182161,
            "brake": 0.0,
            "steer": 0.0
        },
        {
            "throttle": 0.8556286924078389,
            "brake": 0.0,
            "steer": 0.0
        },
        {
            "throttle": 0.8488939648636432,
            "brake": 0.0,
            "steer": 0.0
        },
        {
            "throttle": 0.8418051782007915,
            "brake": 0.0,
            "steer": 0.0
        },
        {
            "throttle": 0.8343715087593582,
            "brake": 0.0,
            "steer": 0.0
        },
        {
            "throttle": 0.8266025793256547,
            "brake": 0.0,
            "steer": 0.0
        },
        {
            "throttle": 0.8185084466756433,
            "brake": 0.0,
            "steer": 0.0
        },
        {
            "throttle": 0.8100995885565617,
            "brake": 0.0,
            "steer": 0.0
        },
        {
            "throttle": 0.8013868901236109,
            "brake": 0.0,
            "steer": 0.0
        },
        {
            "throttle": 0.792381629849259,
            "brake": 0.0,
            "steer": 0.0
        },
        {
            "throttle": 0.7830954649234054,
            "brake": 0.0,
            "steer": 0.0
        },
        {
            "throttle": 0.7735404161632999,
            "brake": 0.0,
            "steer": 0.0
        },
        {
            "throttle": 0.7637288524527521,
            "brake": 0.0,
            "steer": 0.0
        },
        {
            "throttle": 0.7536734747307742,
            "brake": 0.0,
            "steer": 0.0
        },
        {
            "throttle": 0.7433872995503827,
            "brake": 0.0,
            "steer": 0.0
        },
        {
            "throttle": 0.7328836422288433,
            "brake": 0.0,
            "steer": 0.0
        },
        {
            "throttle": 0.722176099611168,
            "brake": 0.0,
            "steer": 0.0
        },
        {
            "throttle": 0.7112785324691804,
            "brake": 0.0,
            "steer": 0.0
        },
        {
            "throttle": 0.700205047558929,
            "brake": 0.0,
            "steer": 0.0
        },
        {
            "throttle": 0.6889699793596795,
            "brake": 0.0,
            "steer": 0.0
        },
        {
            "throttle": 0.6775878715181213,
            "brake": 0.0,
            "steer": 0.0
        },
        {
            "throttle": 0.6660734580218095,
            "brake": 0.0,
            "steer": 0.0
        },
        {
            "throttle": 0.6544416441262138,
            "brake": 0.0,
            "steer": 0.0
        },
        {
            "throttle": 0.6427074870600629,
            "brake": 0.0,
            "steer": 0.0
        },
        {
            "throttle": 0.6308861765339615,
            "brake": 0.0,
            "steer": 0.0
        },
        {
            "throttle": 0.618993015077512,
            "brake": 0.0,
            "steer": 0.0
        },
        {
            "throttle": 0.6070433982303927,
            "brake": 0.0,
            "steer": 0.0
        },
        {
            "throttle": 0.5950527946130355,
            "brake": 0.0,
            "steer": 0.0
        },
        {
            "throttle": 0.583036725902703,
            "brake": 0.0,
            "steer": 0.0
        },
        {
            "throttle": 0.5710107467408821,
            "brake": 0.0,
            "steer": 0.0
        },
        {
            "throttle": 0.5589904245980085,
            "brake": 0.0,
            "steer": 0.0
        },
        {
            "throttle": 0.5469913196215813,
            "brake": 0.0,
            "steer": 0.0
        },
        {
            "throttle": 0.5350289644937594,
            "brake": 0.0,
            "steer": 0.0
        },
        {
            "throttle": 0.5231188443245104,
            "brake": 0.0,
            "steer": 0.0
        },
        {
            "throttle": 0.36618319102715724,
            "brake": 0.06114436341054439,
            "steer": 0.0
        },
        {
            "throttle": 0.25632823371901003,
            "brake": 0.10394541779792546,
            "steer": 0.0
        },
        {
            "throttle": 0.179429763603307,
            "brake": 0.1339061558690922,
            "steer": 0.0
        },
        {
            "throttle": 0.1256008345223149,
            "brake": 0.15487867251890894,
            "steer": 0.0
        },
        {
            "throttle": 0.08792058416562043,
            "brake": 0.16955943417378064,
            "steer": 0.0
        },
        {
            "throttle": 0.061544408915934296,
            "brake": 0.17983596733219082,
            "steer": 0.0
        },
        {
            "throttle": 0.043081086241154004,
            "brake": 0.18702954054307794,
            "steer": 0.0
        },
        {
            "throttle": 0.1519573512700632,
            "brake": 0.13092067838015456,
            "steer": 0.0
        },
        {
            "throttle": 0.22507281591555264,
            "brake": 0.09164447486610819,
            "steer": 0.0
        },
        {
            "throttle": 0.2732255081174487,
            "brake": 0.06415113240627573,
            "steer": 0.0
        },
        {
            "throttle": 0.3039779673116786,
            "brake": 0.044905792684393014,
            "steer": 0.0
        },
        {
            "throttle": 0.32262779556779664,
            "brake": 0.03143405487907511,
            "steer": 0.0
        },
        {
            "throttle": 0.3328870384345346,
            "brake": 0.022003838415352573,
            "steer": 0.0
        },
        {
            "throttle": 0.3373577467108888,
            "brake": 0.0154026868907468,
            "steer": 0.0
        },
        {
            "throttle": 0.3378648650012437,
            "brake": 0.01078188082352276,
            "steer": 0.0
        },
        {
            "throttle": 0.3356892491615461,
            "brake": 0.007547316576465931,
            "steer": 0.0
        },
        {
            "throttle": 0.33173077411731994,
            "brake": 0.005283121603526151,
            "steer": 0.0
        },
        {
            "throttle": 0.326622505095763,
            "brake": 0.0036981851224683056,
            "steer": 0.0
        },
        {
            "throttle": 0.3208106134069833,
            "brake": 0.0025887295857278136,
            "steer": 0.0
        },
        {
            "throttle": 0.3146103135741998,
            "brake": 0.0018121107100094694,
            "steer": 0.0
        },
        {
            "throttle": 0.3082450155778531,
            "brake": 0.0012684774970066286,
            "steer": 0.0
        },
        {
            "throttle": 0.3018737278539409,
            "brake": 0.00088793424790464,
            "steer": 0.0
        },
        {
            "throttle": 0.29561023599942016,
            "brake": 0.000621553973533248,
            "steer": 0.0
        },
        {
            "throttle": 0.28953652465606095,
            "brake": 0.0004350877814732736,
            "steer": 0.0
        },
        {
            "throttle": 0.2837121698068752,
            "brake": 0.0003045614470312915,
            "steer": 0.0
        },
        {
            "throttle": 0.1985985188648126,
            "brake": 0.0613575564234663,
            "steer": 0.0
        },
        {
            "throttle": 0.13901896320536883,
            "brake": 0.10409465290697079,
            "steer": 0.0
        },
        {
            "throttle": 0.09731327424375817,
            "brake": 0.13401062044542394,
            "steer": 0.0
        },
        {
            "throttle": 0.06811929197063071,
            "brake": 0.15495179772234113,
            "steer": 0.0
        },
        {
            "throttle": 0.047683504379441494,
            "brake": 0.16961062181618317,
            "steer": 0.0
        },
        {
            "throttle": 0.03337845306560904,
            "brake": 0.17987179868187259,
            "steer": 0.0
        },
        {
            "throttle": 0.02336491714592633,
            "brake": 0.18705462248785518,
            "steer": 0.0
        },
        {
            "throttle": 0.08921586655747932,
            "brake": 0.13093823574149863,
            "steer": 0.0
        },
        {
            "throttle": 0.13486010649051614,
            "brake": 0.09165676501904903,
            "steer": 0.0
        },
        {
            "throttle": 0.16648936415503446,
            "brake": 0.06415973551333432,
            "steer": 0.0
        },
        {
            "throttle": 0.188438265047732,
            "brake": 0.044911814859334015,
            "steer": 0.0
        },
        {
            "throttle": 0.20374129501338198,
            "brake": 0.03143827040153381,
            "steer": 0.0
        },
        {
            "throttle": 0.21452267336676684,
            "brake": 0.022006789281073667,
            "steer": 0.0
        },
        {
            "throttle": 0.2222692639754783,
            "brake": 0.015404752496751566,
            "steer": 0.0
        },
        {
            "throttle": 0.2280216131339316,
            "brake": 0.010783326747726096,
            "steer": 0.0
        },
        {
            "throttle": 0.23250767640968767,
            "brake": 0.007548328723408266,
            "steer": 0.0
        },
        {
            "throttle": 0.2362364279884152,
            "brake": 0.005283830106385786,
            "steer": 0.0
        },
        {
            "throttle": 0.2395633879852108,
            "brake": 0.00369868107447005,
            "steer": 0.0
        },
        {
            "throttle": 0.24273649254868185,
            "brake": 0.002589076752129035,
            "steer": 0.0
        },
        {
            "throttle": 0.2459282041350006,
            "brake": 0.0018123537264903243,
            "steer": 0.0
        },
        {
            "throttle": 0.24925799011441874,
            "brake": 0.001268647608543227,
            "steer": 0.0
        },
        {
            "throttle": 0.252808059422155,
            "brake": 0.0008880533259802588,
            "steer": 0.0
        },
        {
            "throttle": 0.2566343800498883,
            "brake": 0.0006216373281861811,
            "steer": 0.0
        },
        {
            "throttle": 0.26077439333284386,
            "brake": 0.00043514612973032677,
            "steer": 0.0
        },
        {
            "throttle": 0.2652524161983172,
            "brake": 0.00030460229081122873,
            "steer": 0.0
        },
        {
            "throttle": 0.27008342518881956,
            "brake": 0.0002132216035678601,
            "steer": 0.0
        },
        {
            "throttle": 0.27527570792590206,
            "brake": 0.00014925512249750204,
            "steer": 0.0
        },
        {
            "throttle": 0.2808327219774711,
            "brake": 0.00010447858574825143,
            "steer": 0.0
        },
        {
            "throttle": 0.28675439909888495,
            "brake": 7.3135010023776e-05,
            "steer": 0.0
        },
        {
            "throttle": 0.2930380614231059,
            "brake": 5.119450701664319e-05,
            "steer": 0.0
        },
        {
            "throttle": 0.29967906619843104,
            "brake": 3.583615491165023e-05,
            "steer": 0.0
        },
        {
            "throttle": 0.3066712606883599,
            "brake": 2.5085308438155162e-05,
            "steer": 0.0
        },
        {
            "throttle": 0.3140073043591512,
            "brake": 1.7559715906708612e-05,
            "steer": 0.0
        },
        {
            "throttle": 0.32167889833809105,
            "brake": 1.2291801134696027e-05,
            "steer": 0.0
        },
        {
            "throttle": 0.3296769501255049,
            "brake": 8.604260794287219e-06,
            "steer": 0.0
        },
        {
            "throttle": 0.33799169314333954,
            "brake": 6.0229825560010525e-06,
            "steer": 0.0
        },
        {
            "throttle": 0.34661277482279224,
            "brake": 4.2160877892007365e-06,
            "steer": 0.0
        },
        {
            "throttle": 0.35552932281701977,
            "brake": 2.9512614524405155e-06,
            "steer": 0.0
        },
        {
            "throttle": 0.3647299960432598,
            "brake": 2.0658830167083607e-06,
            "steer": 0.0
        },
        {
            "throttle": 0.37420302524132054,
            "brake": 1.4461181116958523e-06,
            "steer": 0.0
        },
        {
            "throttle": 0.3839362463230584,
            "brake": 1.0122826781870965e-06,
            "steer": 0.0
        },
        {
            "throttle": 0.3939171287986562,
            "brake": 7.085978747309675e-07,
            "steer": 0.0
        },
        {
            "throttle": 0.4041328008731965,
            "brake": 4.960185123116772e-07,
            "steer": 0.0
        },
        {
            "throttle": 0.41457007232224263,
            "brake": 3.4721295861817405e-07,
            "steer": 0.0
        },
        {
            "throttle": 0.4252154559156589,
            "brake": 2.430490710327218e-07,
            "steer": 0.0
        },
        {
            "throttle": 0.43605518792112613,
            "brake": 1.7013434972290525e-07,
            "steer": 0.0
        },
        {
            "throttle": 0.44707524805224275,
            "brake": 1.1909404480603366e-07,
            "steer": 0.0
        },
        {
            "throttle": 0.4582613791093919,
            "brake": 8.336583136422356e-08,
            "steer": 0.0
        },
        {
            "throttle": 0.4695991064797521,
            "brake": 5.835608195495649e-08,
            "steer": 0.0
        },
        {
            "throttle": 0.4810737576054701,
            "brake": 4.084925736846954e-08,
            "steer": 0.0
        },
        {
            "throttle": 0.49267048148877696,
            "brake": 2.8594480157928676e-08,
            "steer": 0.0
        },
        {
            "throttle": 0.5043742682745869,
            "brake": 2.001613611055007e-08,
            "steer": 0.0
        },
        {
            "throttle": 0.5161699689312813,
            "brake": 1.4011295277385048e-08,
            "steer": 0.0
        },
        {
            "throttle": 0.5280423150364371,
            "brake": 9.807906694169532e-09,
            "steer": 0.0
        },
        {
            "throttle": 0.539975938664452,
            "brake": 6.865534685918672e-09,
            "steer": 0.0
        },
        {
            "throttle": 0.5519553923661201,
            "brake": 4.80587428014307e-09,
            "steer": 0.0
        },
        {
            "throttle": 0.563965169225348,
            "brake": 3.3641119961001487e-09,
            "steer": 0.0
        },
        {
            "throttle": 0.5759897229747919,
            "brake": 2.354878397270104e-09,
            "steer": 0.0
        },
        {
            "throttle": 0.5880134881497923,
            "brake": 1.6484148780890727e-09,
            "steer": 0.0
        },
        {
            "throttle": 0.4116094417048546,
            "brake": 0.061144364564434804,
            "steer": 0.0
        },
        {
            "throttle": 0.28812660919339816,
            "brake": 0.10394541860564875,
            "steer": 0.0
        },
        {
            "throttle": 0.20168862643537872,
            "brake": 0.13390615643449852,
            "steer": 0.0
        },
        {
            "throttle": 0.1411820385047651,
            "brake": 0.15487867291469334,
            "steer": 0.0
        },
        {
            "throttle": 0.09882742695333556,
            "brake": 0.16955943445082972,
            "steer": 0.0
        },
        {
            "throttle": 0.06917919886733488,
            "brake": 0.17983596752612518,
            "steer": 0.0
        },
        {
            "throttle": 0.048425439207134414,
            "brake": 0.187029540678832,
            "steer": 0.0
        },
        {
            "throttle": 0.24661590715867915,
            "brake": 0.1309206784751824,
            "steer": 0.0
        },
        {
            "throttle": 0.38864923852970457,
            "brake": 0.09164447493262767,
            "steer": 0.0
        },
        {
            "throttle": 0.4913163885819276,
            "brake": 0.06415113245283936,
            "steer": 0.0
        },
        {
            "throttle": 0.566366826919076,
            "brake": 0.04490579271698755,
            "steer": 0.0
        },
        {
            "throttle": 0.6220210613515971,
            "brake": 0.03143405490189129,
            "steer": 0.0
        },
        {
            "throttle": 0.6640294099364198,
            "brake": 0.022003838431323898,
            "steer": 0.0
        },
        {
            "throttle": 0.696413146631162,
            "brake": 0.015402686901926728,
            "steer": 0.0
        },
        {
            "throttle": 0.7219833083635933,
            "brake": 0.01078188083134871,
            "steer": 0.0
        },
        {
            "throttle": 0.7427038649702999,
            "brake": 0.007547316581944096,
            "steer": 0.0
        },
        {
            "throttle": 0.7599459430158608,
            "brake": 0.005283121607360867,
            "steer": 0.0
        },
        {
            "throttle": 0.7746657871941505,
            "brake": 0.0036981851251526067,
            "steer": 0.0
        },
        {
            "throttle": 0.787529337896785,
            "brake": 0.0025887295876068244,
            "steer": 0.0
        },
        {
            "throttle": 0.7989994399522812,
            "brake": 0.0018121107113247769,
            "steer": 0.0
        },
        {
            "throttle": 0.8093968930326787,
            "brake": 0.0012684774979273437,
            "steer": 0.0
        }
    ],
    "parameters": {
        "fog_density": 79.68324485586018,
        "precipitation": 91.6191681408709,
        "precipitation_deposits": 50.25664440172849,
        "wind_intensity": 36.14610346188916,
        "sun_altitude_angle": 12.285243142261443,
        "cloudiness": 99.42645304281055,
        "lead_base_throttle": 0.5753808332143738,
        "lead_behavior_frequency": 0.05726540812695073,
        "lead_throttle_variation": 0.3359326756648817,
        "lead_brake_probability": 0.10034900002745491,
        "lead_brake_intensity": 0.20381454470181465,
        "lead_brake_duration": 7.980740845853108,
        "initial_distance": 38.14884703764362,
        "initial_ego_velocity": 18.399648754406453,
        "initial_lead_velocity": 8.079891721611043
    },
    "config": {
        "num_timesteps": 200,
        "dt": 0.1,
        "seed": 177
    }
}