{
    "weather": {
        "cloudiness": 47.11969516805732,
        "precipitation": 99.85908759451124,
        "precipitation_deposits": 59.44474721815959,
        "wind_intensity": 32.15039094041373,
        "sun_altitude_angle": 36.53109855416585,
        "fog_density": 75.86394329807034,
        "fog_distance": 79.75481922928027,
        "wetness": 49.92954379725562
    },
    "initial_conditions": {
        "ego": {
            "position": {
                "x": 512.8925983719985,
                "y": 20.57,
                "z": 0.294
            },
            "yaw": 0.0,
            "velocity": 14.215273192353077
        },
        "lead": {
            "position": {
                "x": 484.88,
                "y": 20.57,
                "z": 0.294
            },
            "yaw": 0.0,
            "velocity": 16.91705050642156
        }
    },
    "ego": {
        "position": {
            "x": 512.8925983719985,
            "y": 20.57,
            "z": 0.294
        },
        "yaw": 0.0,
        "velocity": 14.215273192353077
    },
    "lead": {
        "position": {
            "x": 484.88,
            "y": 20.57,
            "z": 0.294
        },
        "yaw": 0.0,
        "velocity": 16.91705050642156
    },
    "ado_actions": [
        {
            "throttle": 0.20658089719902545,
            "brake": 0.0,
            "steer": 0.0
        },
        {
            "throttle": 0.21624771397317688,
            "brake": 0.0,
            "steer": 0.0
        },
        {
            "throttle": 0.23260961572179065,
            "brake": 0.0,
            "steer": 0.0
        },
        {
            "throttle": 0.2535152350293126,
            "brake": 0.0,
            "steer": 0.0
        },
        {
            "throttle": 0.2773885188301236,
            "brake": 0.0,
            "steer": 0.0
        },
        {
            "throttle": 0.3030577131985968,
            "brake": 0.0,
            "steer": 0.0
        },
        {
            "throttle": 0.32963616080595004,
            "brake": 0.0,
            "steer": 0.0
        },
        {
            "throttle": 0.356439351765694,
            "brake": 0.0,
            "steer": 0.0
        },
        {
            "throttle": 0.38292733271974533,
            "brake": 0.0,
            "steer": 0.0
        },
        {
            "throttle": 0.4086648440503332,
            "brake": 0.0,
            "steer": 0.0
        },
        {
            "throttle": 0.4332938407938851,
            "brake": 0.0,
            "steer": 0.0
        },
        {
            "throttle": 0.4565146530095191,
            "brake": 0.0,
            "steer": 0.0
        },
        {
            "throttle": 0.4780731616943559,
            "brake": 0.0,
            "steer": 0.0
        },
        {
            "throttle": 0.49775215081340296,
            "brake": 0.0,
            "steer": 0.0
        },
        {
            "throttle": 0.5153655454024775,
            "brake": 0.0,
            "steer": 0.0
        },
        {
            "throttle": 0.530754630552049,
            "brake": 0.0,
            "steer": 0.0
        },
        {
            "throttle": 0.5437856157664378,
            "brake": 0.0,
            "steer": 0.0
        },
        {
            "throttle": 0.5543480982792258,
            "brake": 0.0,
            "steer": 0.0
        },
        {
            "throttle": 0.5623541115836737,
            "brake": 0.0,
            "steer": 0.0
        },
        {
            "throttle": 0.5677375386381933,
            "brake": 0.0,
            "steer": 0.0
        },
        {
            "throttle": 0.5704537347813281,
            "brake": 0.0,
            "steer": 0.0
        },
        {
            "throttle": 0.570479251630658,
            "brake": 0.0,
            "steer": 0.0
        },
        {
            "throttle": 0.5678115859477656,
            "brake": 0.0,
            "steer": 0.0
        },
        {
            "throttle": 0.5624689006858599,
            "brake": 0.0,
            "steer": 0.0
        },
        {
            "throttle": 0.5544896820366743,
            "brake": 0.0,
            "steer": 0.0
        },
        {
            "throttle": 0.5439323082434732,
            "brake": 0.0,
            "steer": 0.0
        },
        {
            "throttle": 0.5308745146342523,
            "brake": 0.0,
            "steer": 0.0
        },
        {
            "throttle": 0.5154127457218696,
            "brake": 0.0,
            "steer": 0.0
        },
        {
            "throttle": 0.4976613899914633,
            "brake": 0.0,
            "steer": 0.0
        },
        {
            "throttle": 0.47775189662076933,
            "brake": 0.0,
            "steer": 0.0
        },
        {
            "throttle": 0.4558317761832123,
            "brake": 0.0,
            "steer": 0.0
        },
        {
            "throttle": 0.43206348959409546,
            "brake": 0.0,
            "steer": 0.0
        },
        {
            "throttle": 0.40662323133404027,
            "brake": 0.0,
            "steer": 0.0
        },
        {
            "throttle": 0.3796996144293892,
            "brake": 0.0,
            "steer": 0.0
        },
        {
            "throttle": 0.351492265860912,
            "brake": 0.0,
            "steer": 0.0
        },
        {
            "throttle": 0.32221034206055643,
            "brake": 0.0,
            "steer": 0.0
        },
        {
            "throttle": 0.2920709749755022,
            "brake": 0.0,
            "steer": 0.0
        },
        {
            "throttle": 0.26129765985250897,
            "brake": 0.0,
            "steer": 0.0
        },
        {
            "throttle": 0.2301185964389255,
            "brake": 0.0,
            "steer": 0.0
        },
        {
            "throttle": 0.19876499572000617,
            "brake": 0.0,
            "steer": 0.0
        },
        {
            "throttle": 0.1674693646222378,
            "brake": 0.0,
            "steer": 0.0
        },
        {
            "throttle": 0.13646378131391387,
            "brake": 0.0,
            "steer": 0.0
        },
        {
            "throttle": 0.10597817383061976,
            "brake": 0.0,
            "steer": 0.0
        },
        {
            "throttle": 0.07623861474732074,
            "brake": 0.0,
            "steer": 0.0
        },
        {
            "throttle": 0.053367030323124516,
            "brake": 0.0,
            "steer": 0.0
        },
        {
            "throttle": 0.03735692122618716,
            "brake": 0.0,
            "steer": 0.0
        },
        {
            "throttle": 0.026149844858331012,
            "brake": 0.0,
            "steer": 0.0
        },
        {
            "throttle": 0.01830489140083171,
            "brake": 0.0,
            "steer": 0.0
        },
        {
            "throttle": 0.012813423980582194,
            "brake": 0.0,
            "steer": 0.0
        },
        {
            "throttle": 0.008969396786407536,
            "brake": 0.0,
            "steer": 0.0
        },
        {
            "throttle": 0.006278577750485274,
            "brake": 0.0,
            "steer": 0.0
        },
        {
            "throttle": 0.0043950044253396915,
            "brake": 0.0,
            "steer": 0.0
        },
        {
            "throttle": 0.003076503097737784,
            "brake": 0.0,
            "steer": 0.0
        },
        {
            "throttle": 0.0021535521684164487,
            "brake": 0.0,
            "steer": 0.0
        },
        {
            "throttle": 0.0015074865178915141,
            "brake": 0.0,
            "steer": 0.0
        },
        {
            "throttle": 0.0010552405625240597,
            "brake": 0.0,
            "steer": 0.0
        },
        {
            "throttle": 0.0007386683937668418,
            "brake": 0.0,
            "steer": 0.0
        },
        {
            "throttle": 0.0005170678756367892,
            "brake": 0.0,
            "steer": 0.0
        },
        {
            "throttle": 0.0003619475129457524,
            "brake": 0.0,
            "steer": 0.0
        },
        {
            "throttle": 0.00025336325906202665,
            "brake": 0.0,
            "steer": 0.0
        },
        {
            "throttle": 0.00017735428134341865,
            "brake": 0.0,
            "steer": 0.0
        },
        {
            "throttle": 0.00012414799694039305,
            "brake": 0.0,
            "steer": 0.0
        },
        {
            "throttle": 8.690359785827513e-05,
            "brake": 0.0,
            "steer": 0.0
        },
        {
            "throttle": 6.0832518500792584e-05,
            "brake": 0.0,
            "steer": 0.0
        },
        {
            "throttle": 4.2582762950554804e-05,
            "brake": 0.0,
            "steer": 0.0
        },
        {
            "throttle": 2.980793406538836e-05,
            "brake": 0.0,
            "steer": 0.0
        },
        {
            "throttle": 2.086555384577185e-05,
            "brake": 0.0,
            "steer": 0.0
        },
        {
            "throttle": 0.0069700604197599995,
            "brake": 0.0,
            "steer": 0.0
        },
        {
            "throttle": 0.020467079125706833,
            "brake": 0.0,
            "steer": 0.0
        },
        {
            "throttle": 0.038891563562518654,
            "brake": 0.0,
            "steer": 0.0
        },
        {
            "throttle": 0.06104269497895946,
            "brake": 0.0,
            "steer": 0.0
        },
        {
            "throttle": 0.08601127488776525,
            "brake": 0.0,
            "steer": 0.0
        },
        {
            "throttle": 0.1130906906089004,
            "brake": 0.0,
            "steer": 0.0
        },
        {
            "throttle": 0.1417151115412565,
            "brake": 0.0,
            "steer": 0.0
        },
        {
            "throttle": 0.17141675456755667,
            "brake": 0.0,
            "steer": 0.0
        },
        {
            "throttle": 0.20179650156017137,
            "brake": 0.0,
            "steer": 0.0
        },
        {
            "throttle": 0.23250386312211313,
            "brake": 0.0,
            "steer": 0.0
        },
        {
            "throttle": 0.26322348051582306,
            "brake": 0.0,
            "steer": 0.0
        },
        {
            "throttle": 0.2936661962361704,
            "brake": 0.0,
            "steer": 0.0
        },
        {
            "throttle": 0.32356331069673305,
            "brake": 0.0,
            "steer": 0.0
        },
        {
            "throttle": 0.35266305349580007,
            "brake": 0.0,
            "steer": 0.0
        },
        {
            "throttle": 0.3807285855431265,
            "brake": 0.0,
            "steer": 0.0
        },
        {
            "throttle": 0.407537049942141,
            "brake": 0.0,
            "steer": 0.0
        },
        {
            "throttle": 0.4328793308213018,
            "brake": 0.0,
            "steer": 0.0
        },
        {
            "throttle": 0.4565602784117391,
            "brake": 0.0,
            "steer": 0.0
        },
        {
            "throttle": 0.4783992282581437,
            "brake": 0.0,
            "steer": 0.0
        },
        {
            "throttle": 0.4982306914018183,
            "brake": 0.0,
            "steer": 0.0
        },
        {
            "throttle": 0.5159051269001407,
            "brake": 0.0,
            "steer": 0.0
        },
        {
            "throttle": 0.5312897324913592,
            "brake": 0.0,
            "steer": 0.0
        },
        {
            "throttle": 0.5442692066177569,
            "brake": 0.0,
            "steer": 0.0
        },
        {
            "throttle": 0.5547464475096956,
            "brake": 0.0,
            "steer": 0.0
        },
        {
            "throttle": 0.5626431640937475,
            "brake": 0.0,
            "steer": 0.0
        },
        {
            "throttle": 0.5679003801577761,
            "brake": 0.0,
            "steer": 0.0
        },
        {
            "throttle": 0.5704788182084504,
            "brake": 0.0,
            "steer": 0.0
        },
        {
            "throttle": 0.5703591532965683,
            "brake": 0.0,
            "steer": 0.0
        },
        {
            "throttle": 0.5675421301132664,
            "brake": 0.0,
            "steer": 0.0
        },
        {
            "throttle": 0.5620485391185236,
            "brake": 0.0,
            "steer": 0.0
        },
        {
            "throttle": 0.5539190495198222,
            "brake": 0.0,
            "steer": 0.0
        },
        {
            "throttle": 0.5432138986881407,
            "brake": 0.0,
            "steer": 0.0
        },
        {
            "throttle": 0.5300124391585044,
            "brake": 0.0,
            "steer": 0.0
        },
        {
            "throttle": 0.5144125457652351,
            "brake": 0.0,
            "steer": 0.0
        },
        {
            "throttle": 0.49652988674200643,
            "brake": 0.0,
            "steer": 0.0
        },
        {
            "throttle": 0.47649706379554346,
            "brake": 0.0,
            "steer": 0.0
        },
        {
            "throttle": 0.4544626272524196,
            "brake": 0.0,
            "steer": 0.0
        },
        {
            "throttle": 0.43058997338809624,
            "brake": 0.0,
            "steer": 0.0
        },
        {
            "throttle": 0.4050561319793437,
            "brake": 0.0,
            "steer": 0.0
        },
        {
            "throttle": 0.37805045297605966,
            "brake": 0.0,
            "steer": 0.0
        },
        {
            "throttle": 0.3497732019651669,
            "brake": 0.0,
            "steer": 0.0
        },
        {
            "throttle": 0.3204340747956441,
            "brake": 0.0,
            "steer": 0.0
        },
        {
            "throttle": 0.29025064234721193,
            "brake": 0.0,
            "steer": 0.0
        },
        {
            "throttle": 0.2594467369530371,
            "brake": 0.0,
            "steer": 0.0
        },
        {
            "throttle": 0.2282507924263521,
            "brake": 0.0,
            "steer": 0.0
        },
        {
            "throttle": 0.19689414998974877,
            "brake": 0.0,
            "steer": 0.0
        },
        {
            "throttle": 0.16560934266212352,
            "brake": 0.0,
            "steer": 0.0
        },
        {
            "throttle": 0.1346283708203553,
            "brake": 0.0,
            "steer": 0.0
        },
        {
            "throttle": 0.10418098171989278,
            "brake": 0.0,
            "steer": 0.0
        },
        {
            "throttle": 0.07449296573021723,
            "brake": 0.0,
            "steer": 0.0
        },
        {
            "throttle": 0.05214507601115206,
            "brake": 0.0,
            "steer": 0.0
        },
        {
            "throttle": 0.03650155320780644,
            "brake": 0.0,
            "steer": 0.0
        },
        {
            "throttle": 0.025551087245464506,
            "brake": 0.0,
            "steer": 0.0
        },
        {
            "throttle": 0.017885761071825153,
            "brake": 0.0,
            "steer": 0.0
        },
        {
            "throttle": 0.012520032750277606,
            "brake": 0.0,
            "steer": 0.0
        },
        {
            "throttle": 0.008764022925194324,
            "brake": 0.0,
            "steer": 0.0
        },
        {
            "throttle": 0.006134816047636027,
            "brake": 0.0,
            "steer": 0.0
        },
        {
            "throttle": 0.004294371233345218,
            "brake": 0.0,
            "steer": 0.0
        },
        {
            "throttle": 0.0030060598633416527,
            "brake": 0.0,
            "steer": 0.0
        },
        {
            "throttle": 0.0021042419043391567,
            "brake": 0.0,
            "steer": 0.0
        },
        {
            "throttle": 0.0014729693330374097,
            "brake": 0.0,
            "steer": 0.0
        },
        {
            "throttle": 0.0010310785331261868,
            "brake": 0.0,
            "steer": 0.0
        },
        {
            "throttle": 0.0007217549731883307,
            "brake": 0.0,
            "steer": 0.0
        },
        {
            "throttle": 0.0005052284812318314,
            "brake": 0.0,
            "steer": 0.0
        },
        {
            "throttle": 0.00035365993686228196,
            "brake": 0.0,
            "steer": 0.0
        },
        {
            "throttle": 0.0002475619558035974,
            "brake": 0.0,
            "steer": 0.0
        },
        {
            "throttle": 0.00017329336906251816,
            "brake": 0.0,
            "steer": 0.0
        },
        {
            "throttle": 0.00012130535834376271,
            "brake": 0.0,
            "steer": 0.0
        },
        {
            "throttle": 8.49137508406339e-05,
            "brake": 0.0,
            "steer": 0.0
        },
        {
            "throttle": 5.9439625588443723e-05,
            "brake": 0.0,
            "steer": 0.0
        },
        {
            "throttle": 4.16077379119106e-05,
            "brake": 0.0,
            "steer": 0.0
        },
        {
            "throttle": 2.912541653833742e-05,
            "brake": 0.0,
            "steer": 0.0
        },
        {
            "throttle": 2.0387791576836193e-05,
            "brake": 0.0,
            "steer": 0.0
        },
        {
            "throttle": 0.007473856507922331,
            "brake": 0.0,
            "steer": 0.0
        },
        {
            "throttle": 0.021346209720869543,
            "brake": 0.0,
            "steer": 0.0
        },
        {
            "throttle": 0.04005186692579374,
            "brake": 0.0,
            "steer": 0.0
        },
        {
            "throttle": 0.06241421695835734,
            "brake": 0.0,
            "steer": 0.0
        },
        {
            "throttle": 0.08754089987243582,
            "brake": 0.0,
            "steer": 0.0
        },
        {
            "throttle": 0.11473701395547109,
            "brake": 0.0,
            "steer": 0.0
        },
        {
            "throttle": 0.14344488159432073,
            "brake": 0.0,
            "steer": 0.0
        },
        {
            "throttle": 0.17320241372747158,
            "brake": 0.0,
            "steer": 0.0
        },
        {
            "throttle": 0.20361449678064247,
            "brake": 0.0,
            "steer": 0.0
        },
        {
            "throttle": 0.23433349486984942,
            "brake": 0.0,
            "steer": 0.0
        },
        {
            "throttle": 0.2650461282804386,
            "brake": 0.0,
            "steer": 0.0
        },
        {
            "throttle": 0.29546480702040057,
            "brake": 0.0,
            "steer": 0.0
        },
        {
            "throttle": 0.32532207076084474,
            "brake": 0.0,
            "steer": 0.0
        },
        {
            "throttle": 0.3543671873269132,
            "brake": 0.0,
            "steer": 0.0
        },
        {
            "throttle": 0.3823642426157571,
            "brake": 0.0,
            "steer": 0.0
        },
        {
            "throttle": 0.40909125146258474,
            "brake": 0.0,
            "steer": 0.0
        },
        {
            "throttle": 0.4343399567977922,
            "brake": 0.0,
            "steer": 0.0
        },
        {
            "throttle": 0.4579160811091668,
            "brake": 0.0,
            "steer": 0.0
        },
        {
            "throttle": 0.4796398621115917,
            "brake": 0.0,
            "steer": 0.0
        },
        {
            "throttle": 0.49934675228890313,
            "brake": 0.0,
            "steer": 0.0
        },
        {
            "throttle": 0.5168881956662024,
            "brake": 0.0,
            "steer": 0.0
        },
        {
            "throttle": 0.5321324190344189,
            "brake": 0.0,
            "steer": 0.0
        },
        {
            "throttle": 0.5449651918471047,
            "brake": 0.0,
            "steer": 0.0
        },
        {
            "throttle": 0.5552905212155035,
            "brake": 0.0,
            "steer": 0.0
        },
        {
            "throttle": 0.5630312572908596,
            "brake": 0.0,
            "steer": 0.0
        },
        {
            "throttle": 0.5681295908546125,
            "brake": 0.0,
            "steer": 0.0
        },
        {
            "throttle": 0.5705474298434801,
            "brake": 0.0,
            "steer": 0.0
        },
        {
            "throttle": 0.5702666453091186,
            "brake": 0.0,
            "steer": 0.0
        },
        {
            "throttle": 0.5672891802927187,
            "brake": 0.0,
            "steer": 0.0
        },
        {
            "throttle": 0.5616370175201821,
            "brake": 0.0,
            "steer": 0.0
        },
        {
            "throttle": 0.5533520038565717,
            "brake": 0.0,
            "steer": 0.0
        },
        {
            "throttle": 0.5424955312110198,
            "brake": 0.0,
            "steer": 0.0
        },
        {
            "throttle": 0.529148075131004,
            "brake": 0.0,
            "steer": 0.0
        },
        {
            "throttle": 0.5134085937184564,
            "brake": 0.0,
            "steer": 0.0
        },
        {
            "throttle": 0.4953937907727628,
            "brake": 0.0,
            "steer": 0.0
        },
        {
            "throttle": 0.47523724823829483,
            "brake": 0.0,
            "steer": 0.0
        },
        {
            "throttle": 0.45308843411933747,
            "brake": 0.0,
            "steer": 0.0
        },
        {
            "throttle": 0.429111593029988,
            "brake": 0.0,
            "steer": 0.0
        },
        {
            "throttle": 0.4034845274737968,
            "brake": 0.0,
            "steer": 0.0
        },
        {
            "throttle": 0.37639727879803825,
            "brake": 0.0,
            "steer": 0.0
        },
        {
            "throttle": 0.3480507175393375,
            "brake": 0.0,
            "steer": 0.0
        },
        {
            "throttle": 0.31865505356881524,
            "brake": 0.0,
            "steer": 0.0
        },
        {
            "throttle": 0.2884282770533036,
            "brake": 0.0,
            "steer": 0.0
        },
        {
            "throttle": 0.2575945417717929,
            "brake": 0.0,
            "steer": 0.0
        },
        {
            "throttle": 0.22638250276043986,
            "brake": 0.0,
            "steer": 0.0
        },
        {
            "throttle": 0.1950236206028315,
            "brake": 0.0,
            "steer": 0.0
        },
        {
            "throttle": 0.16375044493283333,
            "brake": 0.0,
            "steer": 0.0
        },
        {
            "throttle": 0.1327948898737937,
            "brake": 0.0,
            "steer": 0.0
        },
        {
            "throttle": 0.10238651419928158,
            "brake": 0.0,
            "steer": 0.0
        },
        {
            "throttle": 0.07275081896664734,
            "brake": 0.0,
            "steer": 0.0
        },
        {
            "throttle": 0.05092557327665313,
            "brake": 0.0,
            "steer": 0.0
        },
        {
            "throttle": 0.03564790129365719,
            "brake": 0.0,
            "steer": 0.0
        },
        {
            "throttle": 0.02495353090556003,
            "brake": 0.0,
            "steer": 0.0
        },
        {
            "throttle": 0.01746747163389202,
            "brake": 0.0,
            "steer": 0.0
        },
        {
            "throttle": 0.012227230143724413,
            "brake": 0.0,
            "steer": 0.0
        },
        {
            "throttle": 0.008559061100607088,
            "brake": 0.0,
            "steer": 0.0
        },
        {
            "throttle": 0.005991342770424962,
            "brake": 0.0,
            "steer": 0.0
        },
        {
            "throttle": 0.004193939939297473,
            "brake": 0.0,
            "steer": 0.0
        },
        {
            "throttle": 0.002935757957508231,
            "brake": 0.0,
            "steer": 0.0
        },
        {
            "throttle": 0.0020550305702557617,
            "brake": 0.1993850707519706,
            "steer": 0.0
        }
    ],
    "parameters": {
        "fog_density": 75.86394329807034,
        "precipitation": 99.85908759451124,
        "precipitation_deposits": 59.44474721815959,
        "wind_intensity": 32.15039094041373,
        "sun_altitude_angle": 36.53109855416585,
        "cloudiness": 47.11969516805732,
        "lead_base_throttle": 0.20658089719902548,
        "lead_behavior_frequency": 0.13709833190381848,
        "lead_throttle_variation": 0.37453070544836614,
        "lead_brake_probability": 0.04856580692735015,
        "lead_brake_intensity": 0.6646169025065687,
        "lead_brake_duration": 10.227349247134814,
        "initial_distance": 28.0125983719985,
        "initial_ego_velocity": 14.215273192353077,
        "initial_lead_velocity": 16.91705050642156
    },
    "config": {
        "num_timesteps": 200,
        "dt": 0.1,
        "seed": 206
    }
}