{
    "weather": {
        "cloudiness": 67.2834582241221,
        "precipitation": 66.58158263291014,
        "precipitation_deposits": 54.81635358202552,
        "wind_intensity": 44.68039052056211,
        "sun_altitude_angle": 59.823130348471906,
        "fog_density": 42.0315701325853,
        "fog_distance": 246.33759714138756,
        "wetness": 33.29079131645507
    },
    "initial_conditions": {
        "ego": {
            "position": {
                "x": 530.8539382933733,
                "y": 20.57,
                "z": 0.294
            },
            "yaw": 0.0,
            "velocity": 6.052979370777743
        },
        "lead": {
            "position": {
                "x": 484.88,
                "y": 20.57,
                "z": 0.294
            },
            "yaw": 0.0,
            "velocity": 20.453288289675697
        }
    },
    "ego": {
        "position": {
            "x": 530.8539382933733,
            "y": 20.57,
            "z": 0.294
        },
        "yaw": 0.0,
        "velocity": 6.052979370777743
    },
    "lead": {
        "position": {
            "x": 484.88,
            "y": 20.57,
            "z": 0.294
        },
        "yaw": 0.0,
        "velocity": 20.453288289675697
    },
    "ado_actions": [
        {
            "throttle": 0.4913609684695384,
            "brake": 0.0,
            "steer": 0.0
        },
        {
            "throttle": 0.5036216958227302,
            "brake": 0.0,
            "steer": 0.0
        },
        {
            "throttle": 0.5242950879212719,
            "brake": 0.0,
            "steer": 0.0
        },
        {
            "throttle": 0.5505200093444399,
            "brake": 0.0,
            "steer": 0.0
        },
        {
            "throttle": 0.5801308467230262,
            "brake": 0.0,
            "steer": 0.0
        },
        {
            "throttle": 0.611455780624261,
            "brake": 0.0,
            "steer": 0.0
        },
        {
            "throttle": 0.6431777353725416,
            "brake": 0.0,
            "steer": 0.0
        },
        {
            "throttle": 0.6742390775316963,
            "brake": 0.0,
            "steer": 0.0
        },
        {
            "throttle": 0.7037767843858029,
            "brake": 0.0,
            "steer": 0.0
        },
        {
            "throttle": 0.7310787613176895,
            "brake": 0.0,
            "steer": 0.0
        },
        {
            "throttle": 0.7555547597726175,
            "brake": 0.0,
            "steer": 0.0
        },
        {
            "throttle": 0.7767172912675204,
            "brake": 0.0,
            "steer": 0.0
        },
        {
            "throttle": 0.794169296655229,
            "brake": 0.0,
            "steer": 0.0
        },
        {
            "throttle": 0.8075962878295011,
            "brake": 0.0,
            "steer": 0.0
        },
        {
            "throttle": 0.8167613531897269,
            "brake": 0.0,
            "steer": 0.0
        },
        {
            "throttle": 0.8215018937752853,
            "brake": 0.0,
            "steer": 0.0
        },
        {
            "throttle": 0.8217272936884252,
            "brake": 0.0,
            "steer": 0.0
        },
        {
            "throttle": 0.8174169679604708,
            "brake": 0.0,
            "steer": 0.0
        },
        {
            "throttle": 0.8086184025223839,
            "brake": 0.0,
            "steer": 0.0
        },
        {
            "throttle": 0.7954449247644945,
            "brake": 0.0,
            "steer": 0.0
        },
        {
            "throttle": 0.7780730335023568,
            "brake": 0.0,
            "steer": 0.0
        },
        {
            "throttle": 0.756739183889169,
            "brake": 0.0,
            "steer": 0.0
        },
        {
            "throttle": 0.7317359727997026,
            "brake": 0.0,
            "steer": 0.0
        },
        {
            "throttle": 0.7034077082196123,
            "brake": 0.0,
            "steer": 0.0
        },
        {
            "throttle": 0.6721453754998818,
            "brake": 0.0,
            "steer": 0.0
        },
        {
            "throttle": 0.6383810362460851,
            "brake": 0.0,
            "steer": 0.0
        },
        {
            "throttle": 0.6025817136601117,
            "brake": 0.0,
            "steer": 0.0
        },
        {
            "throttle": 0.5652428323979207,
            "brake": 0.0,
            "steer": 0.0
        },
        {
            "throttle": 0.5268812921703725,
            "brake": 0.0,
            "steer": 0.0
        },
        {
            "throttle": 0.4880282628824704,
            "brake": 0.0,
            "steer": 0.0
        },
        {
            "throttle": 0.44922179541002905,
            "brake": 0.0,
            "steer": 0.0
        },
        {
            "throttle": 0.41099934637907654,
            "brake": 0.0,
            "steer": 0.0
        },
        {
            "throttle": 0.373890317703251,
            "brake": 0.0,
            "steer": 0.0
        },
        {
            "throttle": 0.33840871226907143,
            "brake": 0.0,
            "steer": 0.0
        },
        {
            "throttle": 0.23688609858835,
            "brake": 0.03614847570506466,
            "steer": 0.0
        },
        {
            "throttle": 0.165820269011845,
            "brake": 0.06145240869860992,
            "steer": 0.0
        },
        {
            "throttle": 0.11607418830829148,
            "brake": 0.07916516179409161,
            "steer": 0.0
        },
        {
            "throttle": 0.08125193181580403,
            "brake": 0.09156408896092878,
            "steer": 0.0
        },
        {
            "throttle": 0.05687635227106282,
            "brake": 0.1002433379777148,
            "steer": 0.0
        },
        {
            "throttle": 0.03981344658974397,
            "brake": 0.10631881228946502,
            "steer": 0.0
        },
        {
            "throttle": 0.027869412612820776,
            "brake": 0.11057164430769016,
            "steer": 0.0
        },
        {
            "throttle": 0.019508588828974542,
            "brake": 0.11354862672044777,
            "steer": 0.0
        },
        {
            "throttle": 0.013656012180282178,
            "brake": 0.11563251440937809,
            "steer": 0.0
        },
        {
            "throttle": 0.009559208526197524,
            "brake": 0.11709123579162932,
            "steer": 0.0
        },
        {
            "throttle": 0.006691445968338267,
            "brake": 0.11811234075920518,
            "steer": 0.0
        },
        {
            "throttle": 0.0046840121778367865,
            "brake": 0.11882711423650828,
            "steer": 0.0
        },
        {
            "throttle": 0.00327880852448575,
            "brake": 0.11932745567062045,
            "steer": 0.0
        },
        {
            "throttle": 0.002295165967140025,
            "brake": 0.11967769467449897,
            "steer": 0.0
        },
        {
            "throttle": 0.0016066161769980173,
            "brake": 0.11992286197721394,
            "steer": 0.0
        },
        {
            "throttle": 0.001124631323898612,
            "brake": 0.12009447908911441,
            "steer": 0.0
        },
        {
            "throttle": 0.0007872419267290283,
            "brake": 0.12021461106744474,
            "steer": 0.0
        },
        {
            "throttle": 0.1194080430289729,
            "brake": 0.08415022774721131,
            "steer": 0.0
        },
        {
            "throttle": 0.21443324459995813,
            "brake": 0.058905159423047915,
            "steer": 0.0
        },
        {
            "throttle": 0.2931709368790003,
            "brake": 0.041233611596133535,
            "steer": 0.0
        },
        {
            "throttle": 0.3605675021073127,
            "brake": 0.028863528117293473,
            "steer": 0.0
        },
        {
            "throttle": 0.4199152939710559,
            "brake": 0.02020446968210543,
            "steer": 0.0
        },
        {
            "throttle": 0.47335036975116396,
            "brake": 0.0141431287774738,
            "steer": 0.0
        },
        {
            "throttle": 0.5222032382621442,
            "brake": 0.00990019014423166,
            "steer": 0.0
        },
        {
            "throttle": 0.5672466653852803,
            "brake": 0.006930133100962161,
            "steer": 0.0
        },
        {
            "throttle": 0.6088713348484669,
            "brake": 0.0048510931706735125,
            "steer": 0.0
        },
        {
            "throttle": 0.6472108921761092,
            "brake": 0.0033957652194714586,
            "steer": 0.0
        },
        {
            "throttle": 0.6822314125223867,
            "brake": 0.0023770356536300208,
            "steer": 0.0
        },
        {
            "throttle": 0.7137957940535289,
            "brake": 0.0016639249575410144,
            "steer": 0.0
        },
        {
            "throttle": 0.741710403582553,
            "brake": 0.00116474747027871,
            "steer": 0.0
        },
        {
            "throttle": 0.7657590813964154,
            "brake": 0.0008153232291950969,
            "steer": 0.0
        },
        {
            "throttle": 0.7857280613924321,
            "brake": 0.0005707262604365677,
            "steer": 0.0
        },
        {
            "throttle": 0.8014242803356462,
            "brake": 0.0003995083823055974,
            "steer": 0.0
        },
        {
            "throttle": 0.8126887959204695,
            "brake": 0.0002796558676139182,
            "steer": 0.0
        },
        {
            "throttle": 0.8194065090813913,
            "brake": 0.00019575910732974272,
            "steer": 0.0
        },
        {
            "throttle": 0.8215130227973153,
            "brake": 0.0001370313751308199,
            "steer": 0.0
        },
        {
            "throttle": 0.5750591159581206,
            "brake": 0.036244397667656233,
            "steer": 0.0
        },
        {
            "throttle": 0.40254138117068444,
            "brake": 0.06151955407242402,
            "steer": 0.0
        },
        {
            "throttle": 0.2817789668194791,
            "brake": 0.07921216355576147,
            "steer": 0.0
        },
        {
            "throttle": 0.19724527677363538,
            "brake": 0.09159699019409767,
            "steer": 0.0
        },
        {
            "throttle": 0.13807169374154477,
            "brake": 0.10026636884093303,
            "steer": 0.0
        },
        {
            "throttle": 0.09665018561908133,
            "brake": 0.10633493389371777,
            "steer": 0.0
        },
        {
            "throttle": 0.06765512993335693,
            "brake": 0.1105829294306671,
            "steer": 0.0
        },
        {
            "throttle": 0.04735859095334985,
            "brake": 0.11355652630653162,
            "steer": 0.0
        },
        {
            "throttle": 0.033151013667344895,
            "brake": 0.1156380441196368,
            "steer": 0.0
        },
        {
            "throttle": 0.023205709567141426,
            "brake": 0.11709510658881041,
            "steer": 0.0
        },
        {
            "throttle": 0.016243996696998997,
            "brake": 0.11811505031723193,
            "steer": 0.0
        },
        {
            "throttle": 0.011370797687899297,
            "brake": 0.11882901092712701,
            "steer": 0.0
        },
        {
            "throttle": 0.007959558381529508,
            "brake": 0.11932878335405356,
            "steer": 0.0
        },
        {
            "throttle": 0.0055716908670706555,
            "brake": 0.11967862405290214,
            "steer": 0.0
        },
        {
            "throttle": 0.003900183606949459,
            "brake": 0.11992351254209616,
            "steer": 0.0
        },
        {
            "throttle": 0.002730128524864621,
            "brake": 0.12009493448453196,
            "steer": 0.0
        },
        {
            "throttle": 0.0019110899674052346,
            "brake": 0.12021492984423703,
            "steer": 0.0
        },
        {
            "throttle": 0.07239021619620241,
            "brake": 0.08415045089096591,
            "steer": 0.0
        },
        {
            "throttle": 0.11389739012301035,
            "brake": 0.05890531562367614,
            "steer": 0.0
        },
        {
            "throttle": 0.1362903753907344,
            "brake": 0.04123372093657329,
            "steer": 0.0
        },
        {
            "throttle": 0.14656189386392554,
            "brake": 0.028863604655601303,
            "steer": 0.0
        },
        {
            "throttle": 0.149681704997485,
            "brake": 0.02020452325892091,
            "steer": 0.0
        },
        {
            "throttle": 0.14918502446130982,
            "brake": 0.014143166281244637,
            "steer": 0.0
        },
        {
            "throttle": 0.14758363610516437,
            "brake": 0.009900216396871246,
            "steer": 0.0
        },
        {
            "throttle": 0.14665315594275344,
            "brake": 0.006930151477809871,
            "steer": 0.0
        },
        {
            "throttle": 0.14763387635599795,
            "brake": 0.004851106034466909,
            "steer": 0.0
        },
        {
            "throttle": 0.15137139359296423,
            "brake": 0.0033957742241268363,
            "steer": 0.0
        },
        {
            "throttle": 0.1584153602044774,
            "brake": 0.002377041956888785,
            "steer": 0.0
        },
        {
            "throttle": 0.16908919723243443,
            "brake": 0.0016639293698221494,
            "steer": 0.0
        },
        {
            "throttle": 0.18353974240840049,
            "brake": 0.0011647505588755045,
            "steer": 0.0
        },
        {
            "throttle": 0.20177310597330358,
            "brake": 0.0008153253912128531,
            "steer": 0.0
        },
        {
            "throttle": 0.22368110897898358,
            "brake": 0.0005707277738489972,
            "steer": 0.0
        },
        {
            "throttle": 0.24906134792218193,
            "brake": 0.000399509441694298,
            "steer": 0.0
        },
        {
            "throttle": 0.27763299482629766,
            "brake": 0.0002796566091860086,
            "steer": 0.0
        },
        {
            "throttle": 0.30904978484236484,
            "brake": 0.000195759626430206,
            "steer": 0.0
        },
        {
            "throttle": 0.34291118111754787,
            "brake": 0.00013703173850114419,
            "steer": 0.0
        },
        {
            "throttle": 0.3787723810306881,
            "brake": 9.592221695080092e-05,
            "steer": 0.0
        },
        {
            "throttle": 0.41615359831565935,
            "brake": 6.714555186556064e-05,
            "steer": 0.0
        },
        {
            "throttle": 0.45454889368391405,
            "brake": 4.700188630589244e-05,
            "steer": 0.0
        },
        {
            "throttle": 0.493434712453911,
            "brake": 3.2901320414124705e-05,
            "steer": 0.0
        },
        {
            "throttle": 0.5322782075031194,
            "brake": 2.303092428988729e-05,
            "steer": 0.0
        },
        {
            "throttle": 0.5705453698566407,
            "brake": 1.6121647002921102e-05,
            "steer": 0.0
        },
        {
            "throttle": 0.6077089506083796,
            "brake": 1.1285152902044771e-05,
            "steer": 0.0
        },
        {
            "throttle": 0.6432561318633003,
            "brake": 7.89960703143134e-06,
            "steer": 0.0
        },
        {
            "throttle": 0.4502792923043102,
            "brake": 0.03615400542998666,
            "steer": 0.0
        },
        {
            "throttle": 0.3151955046130171,
            "brake": 0.06145627950605532,
            "steer": 0.0
        },
        {
            "throttle": 0.22063685322911195,
            "brake": 0.07916787135930338,
            "steer": 0.0
        },
        {
            "throttle": 0.15444579726037835,
            "brake": 0.09156598565657702,
            "steer": 0.0
        },
        {
            "throttle": 0.10811205808226484,
            "brake": 0.10024466566466857,
            "steer": 0.0
        },
        {
            "throttle": 0.07567844065758539,
            "brake": 0.10631974167033265,
            "steer": 0.0
        },
        {
            "throttle": 0.05297490846030977,
            "brake": 0.11057229487429751,
            "steer": 0.0
        },
        {
            "throttle": 0.037082435922216835,
            "brake": 0.11354908211707292,
            "steer": 0.0
        },
        {
            "throttle": 0.025957705145551783,
            "brake": 0.1156328331870157,
            "steer": 0.0
        },
        {
            "throttle": 0.018170393601886246,
            "brake": 0.11709145893597564,
            "steer": 0.0
        },
        {
            "throttle": 0.012719275521320371,
            "brake": 0.1181124969602476,
            "steer": 0.0
        },
        {
            "throttle": 0.00890349286492426,
            "brake": 0.11882722357723798,
            "steer": 0.0
        },
        {
            "throttle": 0.006232445005446981,
            "brake": 0.11932753220913124,
            "steer": 0.0
        },
        {
            "throttle": 0.004362711503812886,
            "brake": 0.11967774825145652,
            "steer": 0.0
        },
        {
            "throttle": 0.0030538980526690204,
            "brake": 0.11992289948108421,
            "steer": 0.0
        },
        {
            "throttle": 0.002137728636868314,
            "brake": 0.1200945053418236,
            "steer": 0.0
        },
        {
            "throttle": 0.0014964100458078197,
            "brake": 0.12021462944434118,
            "steer": 0.0
        },
        {
            "throttle": 0.17736112354262987,
            "brake": 0.08415024061103882,
            "steer": 0.0
        },
        {
            "throttle": 0.2884852418498487,
            "brake": 0.05890516842772717,
            "steer": 0.0
        },
        {
            "throttle": 0.3540564978369081,
            "brake": 0.04123361789940901,
            "steer": 0.0
        },
        {
            "throttle": 0.38767552414943374,
            "brake": 0.028863532529586306,
            "steer": 0.0
        },
        {
            "throttle": 0.39903288683447846,
            "brake": 0.020204472770710413,
            "steer": 0.0
        },
        {
            "throttle": 0.39508065220950145,
            "brake": 0.014143130939497288,
            "steer": 0.0
        },
        {
            "throttle": 0.3808501471314903,
            "brake": 0.0099001916576481,
            "steer": 0.0
        },
        {
            "throttle": 0.3600221071431345,
            "brake": 0.00693013416035367,
            "steer": 0.0
        },
        {
            "throttle": 0.3353235802700784,
            "brake": 0.004851093912247568,
            "steer": 0.0
        },
        {
            "throttle": 0.30880367438573936,
            "brake": 0.0033957657385732974,
            "steer": 0.0
        },
        {
            "throttle": 0.28202463857220916,
            "brake": 0.002377036017001308,
            "steer": 0.0
        },
        {
            "throttle": 0.25619384867633577,
            "brake": 0.0016639252119009153,
            "steer": 0.0
        },
        {
            "throttle": 0.23225462073900832,
            "brake": 0.0011647476483306407,
            "steer": 0.0
        },
        {
            "throttle": 0.210948420710519,
            "brake": 0.0008153233538314485,
            "steer": 0.0
        },
        {
            "throttle": 0.19285728717634715,
            "brake": 0.0005707263476820138,
            "steer": 0.0
        },
        {
            "throttle": 0.17843265437190245,
            "brake": 0.0003995084433774097,
            "steer": 0.0
        },
        {
            "throttle": 0.16801491867314697,
            "brake": 0.0002796559103641868,
            "steer": 0.0
        },
        {
            "throttle": 0.16184679723883055,
            "brake": 0.00019575913725493072,
            "steer": 0.0
        },
        {
            "throttle": 0.1600826175582036,
            "brake": 0.0001370313960784515,
            "steer": 0.0
        },
        {
            "throttle": 0.16279503588387978,
            "brake": 9.592197725491605e-05,
            "steer": 0.0
        },
        {
            "throttle": 0.1699802301469031,
            "brake": 6.714538407844123e-05,
            "steer": 0.0
        },
        {
            "throttle": 0.18156229248395822,
            "brake": 4.700176885490886e-05,
            "steer": 0.0
        },
        {
            "throttle": 0.19739731847443198,
            "brake": 3.2901238198436204e-05,
            "steer": 0.0
        },
        {
            "throttle": 0.21727752700258218,
            "brake": 2.3030866738905343e-05,
            "steer": 0.0
        },
        {
            "throttle": 0.24093562706713678,
            "brake": 1.612160671723374e-05,
            "steer": 0.0
        },
        {
            "throttle": 0.2680495624216704,
            "brake": 1.1285124702063616e-05,
            "steer": 0.0
        },
        {
            "throttle": 0.2982477022824615,
            "brake": 7.89958729144453e-06,
            "steer": 0.0
        },
        {
            "throttle": 0.3311144999724268,
            "brake": 5.529711104011171e-06,
            "steer": 0.0
        },
        {
            "throttle": 0.36619660675533805,
            "brake": 3.87079777280782e-06,
            "steer": 0.0
        },
        {
            "throttle": 0.4030094021163657,
            "brake": 2.709558440965474e-06,
            "steer": 0.0
        },
        {
            "throttle": 0.4410438821912933,
            "brake": 1.8966909086758315e-06,
            "steer": 0.0
        },
        {
            "throttle": 0.4797738334360777,
            "brake": 1.327683636073082e-06,
            "steer": 0.0
        },
        {
            "throttle": 0.5186632079225257,
            "brake": 9.293785452511573e-07,
            "steer": 0.0
        },
        {
            "throttle": 0.5571736091246159,
            "brake": 6.505649816758101e-07,
            "steer": 0.0
        },
        {
            "throttle": 0.5947717922196671,
            "brake": 4.5539548717306704e-07,
            "steer": 0.0
        },
        {
            "throttle": 0.416340254553767,
            "brake": 0.03614879448190568,
            "steer": 0.0
        },
        {
            "throttle": 0.2914381781876369,
            "brake": 0.06145263184239863,
            "steer": 0.0
        },
        {
            "throttle": 0.20400672473134582,
            "brake": 0.07916531799474369,
            "steer": 0.0
        },
        {
            "throttle": 0.14280470731194206,
            "brake": 0.09156419830138524,
            "steer": 0.0
        },
        {
            "throttle": 0.09996329511835944,
            "brake": 0.10024341451603432,
            "steer": 0.0
        },
        {
            "throttle": 0.0699743065828516,
            "brake": 0.10631886586628868,
            "steer": 0.0
        },
        {
            "throttle": 0.048982014607996116,
            "brake": 0.11057168181146673,
            "steer": 0.0
        },
        {
            "throttle": 0.03428741022559728,
            "brake": 0.11354865297309137,
            "steer": 0.0
        },
        {
            "throttle": 0.024001187157918095,
            "brake": 0.11563253278622862,
            "steer": 0.0
        },
        {
            "throttle": 0.016800831010542666,
            "brake": 0.11709124865542468,
            "steer": 0.0
        },
        {
            "throttle": 0.011760581707379866,
            "brake": 0.11811234976386194,
            "steer": 0.0
        },
        {
            "throttle": 0.008232407195165905,
            "brake": 0.11882712053976802,
            "steer": 0.0
        },
        {
            "throttle": 0.005762685036616133,
            "brake": 0.11932746008290226,
            "steer": 0.0
        },
        {
            "throttle": 0.004033879525631293,
            "brake": 0.11967769776309624,
            "steer": 0.0
        },
        {
            "throttle": 0.0028237156679419046,
            "brake": 0.11992286413923202,
            "steer": 0.0
        },
        {
            "throttle": 0.0019766009675593332,
            "brake": 0.12009448060252707,
            "steer": 0.0
        },
        {
            "throttle": 0.001383620677291533,
            "brake": 0.12021461212683361,
            "steer": 0.0
        },
        {
            "throttle": 0.1928285173742066,
            "brake": 0.08415022848878352,
            "steer": 0.0
        },
        {
            "throttle": 0.3154393603904403,
            "brake": 0.05890515994214846,
            "steer": 0.0
        },
        {
            "throttle": 0.3894085181466856,
            "brake": 0.041233611959503924,
            "steer": 0.0
        },
        {
            "throttle": 0.4290349200600403,
            "brake": 0.028863528371652746,
            "steer": 0.0
        },
        {
            "throttle": 0.4444961550729339,
            "brake": 0.02020446986015692,
            "steer": 0.0
        },
        {
            "throttle": 0.44308660867963445,
            "brake": 0.014143128902109843,
            "steer": 0.0
        },
        {
            "throttle": 0.43008180286819775,
            "brake": 0.00990019023147689,
            "steer": 0.0
        },
        {
            "throttle": 0.4093410867070456,
            "brake": 0.006930133162033822,
            "steer": 0.0
        },
        {
            "throttle": 0.3837272135041005,
            "brake": 0.004851093213423675,
            "steer": 0.0
        },
        {
            "throttle": 0.35539781163587053,
            "brake": 0.0033957652493965726,
            "steer": 0.0
        },
        {
            "throttle": 0.32600728495031533,
            "brake": 0.002377035674577601,
            "steer": 0.0
        },
        {
            "throttle": 0.29684614737105997,
            "brake": 0.0016639249722043205,
            "steer": 0.0
        },
        {
            "throttle": 0.26893672258782597,
            "brake": 0.0011647474805430243,
            "steer": 0.0
        },
        {
            "throttle": 0.24309848586574123,
            "brake": 0.0008153232363801169,
            "steer": 0.0
        },
        {
            "throttle": 0.21999236472531886,
            "brake": 0.0005707262654660819,
            "steer": 0.0
        },
        {
            "throttle": 0.2001505401476865,
            "brake": 0.0003995083858262573,
            "steer": 0.0
        },
        {
            "throttle": 0.18399634421496294,
            "brake": 0.0002796558700783801,
            "steer": 0.0
        }
    ],
    "parameters": {
        "fog_density": 42.0315701325853,
        "precipitation": 66.58158263291014,
        "precipitation_deposits": 54.81635358202552,
        "wind_intensity": 44.68039052056211,
        "sun_altitude_angle": 59.823130348471906,
        "cloudiness": 67.2834582241221,
        "lead_base_throttle": 0.4913609684695384,
        "lead_behavior_frequency": 0.18742979271107668,
        "lead_throttle_variation": 0.3478410267210539,
        "lead_brake_probability": 0.1660159082596934,
        "lead_brake_intensity": 0.12049491901688221,
        "lead_brake_duration": 17.262862225375603,
        "initial_distance": 45.973938293373294,
        "initial_ego_velocity": 6.052979370777743,
        "initial_lead_velocity": 20.453288289675697
    },
    "config": {
        "num_timesteps": 200,
        "dt": 0.1,
        "seed": 68
    }
}