{
    "weather": {
        "cloudiness": 38.01982456608697,
        "precipitation": 42.47036923686861,
        "precipitation_deposits": 2.1489090026747593,
        "wind_intensity": 39.00434928836137,
        "sun_altitude_angle": -15.31566522592749,
        "fog_density": 79.92672127195024,
        "fog_distance": 69.65338063937467,
        "wetness": 21.235184618434307
    },
    "initial_conditions": {
        "ego": {
            "position": {
                "x": 552.3880249005804,
                "y": 20.57,
                "z": 0.294
            },
            "yaw": 0.0,
            "velocity": 12.648360195758709
        },
        "lead": {
            "position": {
                "x": 484.88,
                "y": 20.57,
                "z": 0.294
            },
            "yaw": 0.0,
            "velocity": 5.71462404103503
        }
    },
    "ego": {
        "position": {
            "x": 552.3880249005804,
            "y": 20.57,
            "z": 0.294
        },
        "yaw": 0.0,
        "velocity": 12.648360195758709
    },
    "lead": {
        "position": {
            "x": 484.88,
            "y": 20.57,
            "z": 0.294
        },
        "yaw": 0.0,
        "velocity": 5.71462404103503
    },
    "ado_actions": [
        {
            "throttle": 0.3992958298981349,
            "brake": 0.0,
            "steer": 0.0
        },
        {
            "throttle": 0.40786419228884424,
            "brake": 0.0,
            "steer": 0.0
        },
        {
            "throttle": 0.42220138836724974,
            "brake": 0.0,
            "steer": 0.0
        },
        {
            "throttle": 0.4401248494298077,
            "brake": 0.0,
            "steer": 0.0
        },
        {
            "throttle": 0.4598959579058146,
            "brake": 0.0,
            "steer": 0.0
        },
        {
            "throttle": 0.4801045760517786,
            "brake": 0.0,
            "steer": 0.0
        },
        {
            "throttle": 0.4995933774678708,
            "brake": 0.0,
            "steer": 0.0
        },
        {
            "throttle": 0.5174094291616098,
            "brake": 0.0,
            "steer": 0.0
        },
        {
            "throttle": 0.5327741159513831,
            "brake": 0.0,
            "steer": 0.0
        },
        {
            "throttle": 0.545065069442813,
            "brake": 0.0,
            "steer": 0.0
        },
        {
            "throttle": 0.5538055854393423,
            "brake": 0.0,
            "steer": 0.0
        },
        {
            "throttle": 0.5586583132386735,
            "brake": 0.0,
            "steer": 0.0
        },
        {
            "throttle": 0.5594209359070573,
            "brake": 0.0,
            "steer": 0.0
        },
        {
            "throttle": 0.556022242282667,
            "brake": 0.0,
            "steer": 0.0
        },
        {
            "throttle": 0.5485174954015795,
            "brake": 0.0,
            "steer": 0.0
        },
        {
            "throttle": 0.5370823809343497,
            "brake": 0.0,
            "steer": 0.0
        },
        {
            "throttle": 0.5220051092376271,
            "brake": 0.0,
            "steer": 0.0
        },
        {
            "throttle": 0.5036764704200158,
            "brake": 0.0,
            "steer": 0.0
        },
        {
            "throttle": 0.4825778200448325,
            "brake": 0.0,
            "steer": 0.0
        },
        {
            "throttle": 0.4592671148608473,
            "brake": 0.0,
            "steer": 0.0
        },
        {
            "throttle": 0.43436323059216747,
            "brake": 0.0,
            "steer": 0.0
        },
        {
            "throttle": 0.4085288821006032,
            "brake": 0.0,
            "steer": 0.0
        },
        {
            "throttle": 0.38245253324528977,
            "brake": 0.0,
            "steer": 0.0
        },
        {
            "throttle": 0.35682973152668385,
            "brake": 0.0,
            "steer": 0.0
        },
        {
            "throttle": 0.33234433250761963,
            "brake": 0.0,
            "steer": 0.0
        },
        {
            "throttle": 0.3096500921218321,
            "brake": 0.0,
            "steer": 0.0
        },
        {
            "throttle": 0.2893531022673823,
            "brake": 0.0,
            "steer": 0.0
        },
        {
            "throttle": 0.2719955275267259,
            "brake": 0.0,
            "steer": 0.0
        },
        {
            "throttle": 0.2580410695667862,
            "brake": 0.0,
            "steer": 0.0
        },
        {
            "throttle": 0.24786254203620386,
            "brake": 0.0,
            "steer": 0.0
        },
        {
            "throttle": 0.24173188407592755,
            "brake": 0.0,
            "steer": 0.0
        },
        {
            "throttle": 0.23981287657536865,
            "brake": 0.0,
            "steer": 0.0
        },
        {
            "throttle": 0.2421567539035243,
            "brake": 0.0,
            "steer": 0.0
        },
        {
            "throttle": 0.24870082703897017,
            "brake": 0.0,
            "steer": 0.0
        },
        {
            "throttle": 0.2592701539427314,
            "brake": 0.0,
            "steer": 0.0
        },
        {
            "throttle": 0.27358221185695064,
            "brake": 0.0,
            "steer": 0.0
        },
        {
            "throttle": 0.29125444617624496,
            "brake": 0.0,
            "steer": 0.0
        },
        {
            "throttle": 0.31181449379278636,
            "brake": 0.0,
            "steer": 0.0
        },
        {
            "throttle": 0.3347128074298623,
            "brake": 0.0,
            "steer": 0.0
        },
        {
            "throttle": 0.3593373433726954,
            "brake": 0.0,
            "steer": 0.0
        },
        {
            "throttle": 0.38502991990195373,
            "brake": 0.0,
            "steer": 0.0
        },
        {
            "throttle": 0.41110380911371125,
            "brake": 0.0,
            "steer": 0.0
        },
        {
            "throttle": 0.4368620918666355,
            "brake": 0.0,
            "steer": 0.0
        },
        {
            "throttle": 0.4616162852164526,
            "brake": 0.0,
            "steer": 0.0
        },
        {
            "throttle": 0.484704744426141,
            "brake": 0.0,
            "steer": 0.0
        },
        {
            "throttle": 0.5055103476736883,
            "brake": 0.0,
            "steer": 0.0
        },
        {
            "throttle": 0.5234769907573872,
            "brake": 0.0,
            "steer": 0.0
        },
        {
            "throttle": 0.5381244509096756,
            "brake": 0.0,
            "steer": 0.0
        },
        {
            "throttle": 0.5490612224246897,
            "brake": 0.0,
            "steer": 0.0
        },
        {
            "throttle": 0.5559949810171456,
            "brake": 0.0,
            "steer": 0.0
        },
        {
            "throttle": 0.5587403972121248,
            "brake": 0.0,
            "steer": 0.0
        },
        {
            "throttle": 0.5572240899228811,
            "brake": 0.0,
            "steer": 0.0
        },
        {
            "throttle": 0.5514865878131082,
            "brake": 0.0,
            "steer": 0.0
        },
        {
            "throttle": 0.5416812460181883,
            "brake": 0.0,
            "steer": 0.0
        },
        {
            "throttle": 0.5280701471791381,
            "brake": 0.0,
            "steer": 0.0
        },
        {
            "throttle": 0.5110170963481762,
            "brake": 0.0,
            "steer": 0.0
        },
        {
            "throttle": 0.4909778970016223,
            "brake": 0.0,
            "steer": 0.0
        },
        {
            "throttle": 0.4684881680680361,
            "brake": 0.0,
            "steer": 0.0
        },
        {
            "throttle": 0.4441490276047033,
            "brake": 0.0,
            "steer": 0.0
        },
        {
            "throttle": 0.41861102577704723,
            "brake": 0.0,
            "steer": 0.0
        },
        {
            "throttle": 0.3925567565891971,
            "brake": 0.0,
            "steer": 0.0
        },
        {
            "throttle": 0.36668261312904615,
            "brake": 0.0,
            "steer": 0.0
        },
        {
            "throttle": 0.34168017398377903,
            "brake": 0.0,
            "steer": 0.0
        },
        {
            "throttle": 0.3182177183401396,
            "brake": 0.0,
            "steer": 0.0
        },
        {
            "throttle": 0.29692236384416626,
            "brake": 0.0,
            "steer": 0.0
        },
        {
            "throttle": 0.27836330464966036,
            "brake": 0.0,
            "steer": 0.0
        },
        {
            "throttle": 0.26303659767820076,
            "brake": 0.0,
            "steer": 0.0
        },
        {
            "throttle": 0.25135190373205407,
            "brake": 0.0,
            "steer": 0.0
        },
        {
            "throttle": 0.2436215378509312,
            "brake": 0.0,
            "steer": 0.0
        },
        {
            "throttle": 0.24005212158077943,
            "brake": 0.0,
            "steer": 0.0
        },
        {
            "throttle": 0.24073906027743985,
            "brake": 0.0,
            "steer": 0.0
        },
        {
            "throttle": 0.245663993058887,
            "brake": 0.0,
            "steer": 0.0
        },
        {
            "throttle": 0.25469528356515403,
            "brake": 0.0,
            "steer": 0.0
        },
        {
            "throttle": 0.26759153840863525,
            "brake": 0.0,
            "steer": 0.0
        },
        {
            "throttle": 0.2840080592716582,
            "brake": 0.0,
            "steer": 0.0
        },
        {
            "throttle": 0.3035060561960475,
            "brake": 0.0,
            "steer": 0.0
        },
        {
            "throttle": 0.3255643758067224,
            "brake": 0.0,
            "steer": 0.0
        },
        {
            "throttle": 0.34959343099080015,
            "brake": 0.0,
            "steer": 0.0
        },
        {
            "throttle": 0.3749509597119486,
            "brake": 0.0,
            "steer": 0.0
        },
        {
            "throttle": 0.4009591917495741,
            "brake": 0.0,
            "steer": 0.0
        },
        {
            "throttle": 0.4269229645206346,
            "brake": 0.0,
            "steer": 0.0
        },
        {
            "throttle": 0.4521483037742495,
            "brake": 0.0,
            "steer": 0.0
        },
        {
            "throttle": 0.47596097252390374,
            "brake": 0.0,
            "steer": 0.0
        },
        {
            "throttle": 0.49772449243100214,
            "brake": 0.0,
            "steer": 0.0
        },
        {
            "throttle": 0.5168571559541482,
            "brake": 0.0,
            "steer": 0.0
        },
        {
            "throttle": 0.5328475745538994,
            "brake": 0.0,
            "steer": 0.0
        },
        {
            "throttle": 0.5452683473718809,
            "brake": 0.0,
            "steer": 0.0
        },
        {
            "throttle": 0.5537874850401487,
            "brake": 0.0,
            "steer": 0.0
        },
        {
            "throttle": 0.5581772832788354,
            "brake": 0.0,
            "steer": 0.0
        },
        {
            "throttle": 0.5583204091035915,
            "brake": 0.0,
            "steer": 0.0
        },
        {
            "throttle": 0.5542130369672634,
            "brake": 0.0,
            "steer": 0.0
        },
        {
            "throttle": 0.5459649510112593,
            "brake": 0.0,
            "steer": 0.0
        },
        {
            "throttle": 0.53379661069357,
            "brake": 0.0,
            "steer": 0.0
        },
        {
            "throttle": 0.5180332582249816,
            "brake": 0.0,
            "steer": 0.0
        },
        {
            "throttle": 0.4990962253132234,
            "brake": 0.0,
            "steer": 0.0
        },
        {
            "throttle": 0.4774916715732594,
            "brake": 0.0,
            "steer": 0.0
        },
        {
            "throttle": 0.4537970556097948,
            "brake": 0.0,
            "steer": 0.0
        },
        {
            "throttle": 0.4286457003804794,
            "brake": 0.0,
            "steer": 0.0
        },
        {
            "throttle": 0.40270986538541576,
            "brake": 0.0,
            "steer": 0.0
        },
        {
            "throttle": 0.376682778138969,
            "brake": 0.0,
            "steer": 0.0
        },
        {
            "throttle": 0.3512601051967542,
            "brake": 0.0,
            "steer": 0.0
        },
        {
            "throttle": 0.3271213579905642,
            "brake": 0.0,
            "steer": 0.0
        },
        {
            "throttle": 0.3049117304664903,
            "brake": 0.0,
            "steer": 0.0
        },
        {
            "throttle": 0.2852248539800071,
            "brake": 0.0,
            "steer": 0.0
        },
        {
            "throttle": 0.26858693038484055,
            "brake": 0.0,
            "steer": 0.0
        },
        {
            "throttle": 0.2554426674152999,
            "brake": 0.0,
            "steer": 0.0
        },
        {
            "throttle": 0.24614339228904636,
            "brake": 0.0,
            "steer": 0.0
        },
        {
            "throttle": 0.240937661236577,
            "brake": 0.0,
            "steer": 0.0
        },
        {
            "throttle": 0.23996461595117613,
            "brake": 0.0,
            "steer": 0.0
        },
        {
            "throttle": 0.24325026453185777,
            "brake": 0.0,
            "steer": 0.0
        },
        {
            "throttle": 0.2507067863243383,
            "brake": 0.0,
            "steer": 0.0
        },
        {
            "throttle": 0.26213487924063794,
            "brake": 0.0,
            "steer": 0.0
        },
        {
            "throttle": 0.27722908681684083,
            "brake": 0.0,
            "steer": 0.0
        },
        {
            "throttle": 0.29558596262443015,
            "brake": 0.0,
            "steer": 0.0
        },
        {
            "throttle": 0.31671485381224385,
            "brake": 0.0,
            "steer": 0.0
        },
        {
            "throttle": 0.34005101555050443,
            "brake": 0.0,
            "steer": 0.0
        },
        {
            "throttle": 0.36497070584672503,
            "brake": 0.0,
            "steer": 0.0
        },
        {
            "throttle": 0.2554794940927075,
            "brake": 0.20018305335092798,
            "steer": 0.0
        },
        {
            "throttle": 0.17883564586489523,
            "brake": 0.34031119069657756,
            "steer": 0.0
        },
        {
            "throttle": 0.12518495210542666,
            "brake": 0.4384008868385323,
            "steer": 0.0
        },
        {
            "throttle": 0.08762946647379866,
            "brake": 0.5070636741379005,
            "steer": 0.0
        },
        {
            "throttle": 0.06134062653165905,
            "brake": 0.5551276252474583,
            "steer": 0.0
        },
        {
            "throttle": 0.042938438572161335,
            "brake": 0.5887723910241488,
            "steer": 0.0
        },
        {
            "throttle": 0.03005690700051293,
            "brake": 0.6123237270678321,
            "steer": 0.0
        },
        {
            "throttle": 0.19300308842096908,
            "brake": 0.42862660894748245,
            "steer": 0.0
        },
        {
            "throttle": 0.30743730119466023,
            "brake": 0.3000386262632377,
            "steer": 0.0
        },
        {
            "throttle": 0.38650864658397777,
            "brake": 0.21002703838426637,
            "steer": 0.0
        },
        {
            "throttle": 0.4394490954783019,
            "brake": 0.14701892686898646,
            "steer": 0.0
        },
        {
            "throttle": 0.47278542977447124,
            "brake": 0.10291324880829052,
            "steer": 0.0
        },
        {
            "throttle": 0.4911858799630775,
            "brake": 0.07203927416580336,
            "steer": 0.0
        },
        {
            "throttle": 0.4980501123972147,
            "brake": 0.05042749191606235,
            "steer": 0.0
        },
        {
            "throttle": 0.49591869474967565,
            "brake": 0.035299244341243645,
            "steer": 0.0
        },
        {
            "throttle": 0.4867554238478291,
            "brake": 0.02470947103887055,
            "steer": 0.0
        },
        {
            "throttle": 0.47213999969759146,
            "brake": 0.017296629727209384,
            "steer": 0.0
        },
        {
            "throttle": 0.453397416816806,
            "brake": 0.012107640809046569,
            "steer": 0.0
        },
        {
            "throttle": 0.43168267914767416,
            "brake": 0.008475348566332598,
            "steer": 0.0
        },
        {
            "throttle": 0.4080340195401826,
            "brake": 0.005932743996432818,
            "steer": 0.0
        },
        {
            "throttle": 0.3834040130360622,
            "brake": 0.0041529207975029726,
            "steer": 0.0
        },
        {
            "throttle": 0.3586753205367833,
            "brake": 0.0029070445582520805,
            "steer": 0.0
        },
        {
            "throttle": 0.3346659397877605,
            "brake": 0.002034931190776456,
            "steer": 0.0
        },
        {
            "throttle": 0.3121275317439406,
            "brake": 0.0014244518335435191,
            "steer": 0.0
        },
        {
            "throttle": 0.2917394629421045,
            "brake": 0.0009971162834804634,
            "steer": 0.0
        },
        {
            "throttle": 0.2741005402427355,
            "brake": 0.0006979813984363244,
            "steer": 0.0
        },
        {
            "throttle": 0.25971993084673217,
            "brake": 0.000488586978905427,
            "steer": 0.0
        },
        {
            "throttle": 0.2490084006726232,
            "brake": 0.00034201088523379893,
            "steer": 0.0
        },
        {
            "throttle": 0.24227072855338955,
            "brake": 0.00023940761966365925,
            "steer": 0.0
        },
        {
            "throttle": 0.2396999353019702,
            "brake": 0.00016758533376456147,
            "steer": 0.0
        },
        {
            "throttle": 0.24137378729825748,
            "brake": 0.00011730973363519303,
            "steer": 0.0
        },
        {
            "throttle": 0.24725388183449226,
            "brake": 8.211681354463511e-05,
            "steer": 0.0
        },
        {
            "throttle": 0.25718748831443816,
            "brake": 5.748176948124457e-05,
            "steer": 0.0
        },
        {
            "throttle": 0.2709122008473173,
            "brake": 4.02372386368712e-05,
            "steer": 0.0
        },
        {
            "throttle": 0.28806335120688353,
            "brake": 2.8166067045809837e-05,
            "steer": 0.0
        },
        {
            "throttle": 0.30818403534716954,
            "brake": 1.9716246932066885e-05,
            "steer": 0.0
        },
        {
            "throttle": 0.33073752141106305,
            "brake": 1.3801372852446819e-05,
            "steer": 0.0
        },
        {
            "throttle": 0.35512173273484954,
            "brake": 9.660960996712773e-06,
            "steer": 0.0
        },
        {
            "throttle": 0.3806854363448056,
            "brake": 6.76267269769894e-06,
            "steer": 0.0
        },
        {
            "throttle": 0.40674571657479863,
            "brake": 4.733870888389258e-06,
            "steer": 0.0
        },
        {
            "throttle": 0.43260627538716995,
            "brake": 3.3137096218724806e-06,
            "steer": 0.0
        },
        {
            "throttle": 0.45757607629451824,
            "brake": 2.319596735310736e-06,
            "steer": 0.0
        },
        {
            "throttle": 0.4809878377843899,
            "brake": 1.6237177147175152e-06,
            "steer": 0.0
        },
        {
            "throttle": 0.5022158849033024,
            "brake": 1.1366024003022606e-06,
            "steer": 0.0
        },
        {
            "throttle": 0.5206928839242889,
            "brake": 7.956216802115824e-07,
            "steer": 0.0
        },
        {
            "throttle": 0.5359250142543301,
            "brake": 5.569351761481077e-07,
            "steer": 0.0
        },
        {
            "throttle": 0.5475051730733848,
            "brake": 3.8985462330367534e-07,
            "steer": 0.0
        },
        {
            "throttle": 0.555123860474501,
            "brake": 2.728982363125727e-07,
            "steer": 0.0
        },
        {
            "throttle": 0.5585774546582141,
            "brake": 1.9102876541880089e-07,
            "steer": 0.0
        },
        {
            "throttle": 0.5577736563453287,
            "brake": 1.3372013579316062e-07,
            "steer": 0.0
        },
        {
            "throttle": 0.5527339571304654,
            "brake": 9.360409505521242e-08,
            "steer": 0.0
        },
        {
            "throttle": 0.543593065971415,
            "brake": 6.552286653864869e-08,
            "steer": 0.0
        },
        {
            "throttle": 0.5305953092628244,
            "brake": 4.5866006577054077e-08,
            "steer": 0.0
        },
        {
            "throttle": 0.5140881007986429,
            "brake": 3.210620460393785e-08,
            "steer": 0.0
        },
        {
            "throttle": 0.49451265622033824,
            "brake": 2.2474343222756493e-08,
            "steer": 0.0
        },
        {
            "throttle": 0.4723922001812646,
            "brake": 1.5732040255929544e-08,
            "steer": 0.0
        },
        {
            "throttle": 0.4483179814613631,
            "brake": 1.101242817915068e-08,
            "steer": 0.0
        },
        {
            "throttle": 0.4229334698481053,
            "brake": 7.708699725405476e-09,
            "steer": 0.0
        },
        {
            "throttle": 0.3969171571923403,
            "brake": 5.396089807783833e-09,
            "steer": 0.0
        },
        {
            "throttle": 0.37096442235188354,
            "brake": 3.777262865448683e-09,
            "steer": 0.0
        },
        {
            "throttle": 0.34576894475367054,
            "brake": 2.644084005814078e-09,
            "steer": 0.0
        },
        {
            "throttle": 0.32200416336800636,
            "brake": 1.8508588040698543e-09,
            "steer": 0.0
        },
        {
            "throttle": 0.30030527667319906,
            "brake": 1.2956011628488979e-09,
            "steer": 0.0
        },
        {
            "throttle": 0.28125226472795745,
            "brake": 9.069208139942284e-10,
            "steer": 0.0
        },
        {
            "throttle": 0.2653543871487581,
            "brake": 6.348445697959598e-10,
            "steer": 0.0
        },
        {
            "throttle": 0.25303657134007596,
            "brake": 4.4439119885717184e-10,
            "steer": 0.0
        },
        {
            "throttle": 0.24462805480128924,
            "brake": 3.110738392000203e-10,
            "steer": 0.0
        },
        {
            "throttle": 0.24035358508560434,
            "brake": 2.1775168744001417e-10,
            "steer": 0.0
        },
        {
            "throttle": 0.24032741262381982,
            "brake": 1.5242618120800992e-10,
            "steer": 0.0
        },
        {
            "throttle": 0.24455023697637723,
            "brake": 1.0669832684560693e-10,
            "steer": 0.0
        },
        {
            "throttle": 0.25290918813617663,
            "brake": 7.468882879192485e-11,
            "steer": 0.0
        },
        {
            "throttle": 0.2651808433820421,
            "brake": 5.2282180154347396e-11,
            "steer": 0.0
        },
        {
            "throttle": 0.2810371990467848,
            "brake": 3.659752610804317e-11,
            "steer": 0.0
        },
        {
            "throttle": 0.30005443758317035,
            "brake": 2.561826827563022e-11,
            "steer": 0.0
        },
        {
            "throttle": 0.32172425559679163,
            "brake": 1.793278779294115e-11,
            "steer": 0.0
        },
        {
            "throttle": 0.3454674500638763,
            "brake": 1.2552951455058805e-11,
            "steer": 0.0
        },
        {
            "throttle": 0.3706493995940181,
            "brake": 8.787066018541162e-12,
            "steer": 0.0
        },
        {
            "throttle": 0.39659702694599247,
            "brake": 6.150946212978813e-12,
            "steer": 0.0
        },
        {
            "throttle": 0.4226167894130508,
            "brake": 4.305662349085169e-12,
            "steer": 0.0
        },
        {
            "throttle": 0.44801321622061396,
            "brake": 3.013963644359618e-12,
            "steer": 0.0
        },
        {
            "throttle": 0.47210749745842884,
            "brake": 2.1097745510517327e-12,
            "steer": 0.0
        },
        {
            "throttle": 0.4942556276918091,
            "brake": 1.4768421857362129e-12,
            "steer": 0.0
        },
        {
            "throttle": 0.5138656192993665,
            "brake": 1.033789530015349e-12,
            "steer": 0.0
        }
    ],
    "parameters": {
        "fog_density": 79.92672127195024,
        "precipitation": 42.47036923686861,
        "precipitation_deposits": 2.1489090026747593,
        "wind_intensity": 39.00434928836137,
        "sun_altitude_angle": -15.31566522592749,
        "cloudiness": 38.01982456608697,
        "lead_base_throttle": 0.39929582989813495,
        "lead_behavior_frequency": 0.2604910276451912,
        "lead_throttle_variation": 0.1752849668669783,
        "lead_brake_probability": 0.006587410719033071,
        "lead_brake_intensity": 0.6672768445030933,
        "lead_brake_duration": 7.096781544180079,
        "initial_distance": 67.50802490058034,
        "initial_ego_velocity": 12.648360195758709,
        "initial_lead_velocity": 5.71462404103503
    },
    "config": {
        "num_timesteps": 200,
        "dt": 0.1,
        "seed": 108
    }
}