{
    "weather": {
        "cloudiness": 84.42693514680512,
        "precipitation": 52.02868171667362,
        "precipitation_deposits": 80.54418704355685,
        "wind_intensity": 16.217958768399647,
        "sun_altitude_angle": 25.986428817816083,
        "fog_density": 73.69654672008699,
        "fog_distance": 85.73007706746732,
        "wetness": 26.01434085833681
    },
    "initial_conditions": {
        "ego": {
            "position": {
                "x": 502.6260830391899,
                "y": 20.57,
                "z": 0.294
            },
            "yaw": 0.0,
            "velocity": 15.893031295178105
        },
        "lead": {
            "position": {
                "x": 484.88,
                "y": 20.57,
                "z": 0.294
            },
            "yaw": 0.0,
            "velocity": 12.936170741993491
        }
    },
    "ego": {
        "position": {
            "x": 502.6260830391899,
            "y": 20.57,
            "z": 0.294
        },
        "yaw": 0.0,
        "velocity": 15.893031295178105
    },
    "lead": {
        "position": {
            "x": 484.88,
            "y": 20.57,
            "z": 0.294
        },
        "yaw": 0.0,
        "velocity": 12.936170741993491
    },
    "ado_actions": [
        {
            "throttle": 0.46511734338970284,
            "brake": 0.0,
            "steer": 0.0
        },
        {
            "throttle": 0.47233679235470716,
            "brake": 0.0,
            "steer": 0.0
        },
        {
            "throttle": 0.48437395490495777,
            "brake": 0.0,
            "steer": 0.0
        },
        {
            "throttle": 0.4993194238091826,
            "brake": 0.0,
            "steer": 0.0
        },
        {
            "throttle": 0.5156235861178868,
            "brake": 0.0,
            "steer": 0.0
        },
        {
            "throttle": 0.5320108102961858,
            "brake": 0.0,
            "steer": 0.0
        },
        {
            "throttle": 0.37240756720733004,
            "brake": 0.2156757828186167,
            "steer": 0.0
        },
        {
            "throttle": 0.260685297045131,
            "brake": 0.3666488307916484,
            "steer": 0.0
        },
        {
            "throttle": 0.18247970793159168,
            "brake": 0.4723299643727706,
            "steer": 0.0
        },
        {
            "throttle": 0.12773579555211417,
            "brake": 0.5463067578795562,
            "steer": 0.0
        },
        {
            "throttle": 0.08941505688647991,
            "brake": 0.598090513334306,
            "steer": 0.0
        },
        {
            "throttle": 0.2387376285709899,
            "brake": 0.41866335933401416,
            "steer": 0.0
        },
        {
            "throttle": 0.3397193025108605,
            "brake": 0.2930643515338099,
            "steer": 0.0
        },
        {
            "throttle": 0.40578183519148847,
            "brake": 0.2051450460736669,
            "steer": 0.0
        },
        {
            "throttle": 0.4464715695625262,
            "brake": 0.14360153225156683,
            "steer": 0.0
        },
        {
            "throttle": 0.46865242789374184,
            "brake": 0.10052107257609677,
            "steer": 0.0
        },
        {
            "throttle": 0.4773350767124728,
            "brake": 0.07036475080326773,
            "steer": 0.0
        },
        {
            "throttle": 0.4762506136449902,
            "brake": 0.049255325562287414,
            "steer": 0.0
        },
        {
            "throttle": 0.4682448408997323,
            "brake": 0.03447872789360119,
            "steer": 0.0
        },
        {
            "throttle": 0.45554660948044456,
            "brake": 0.02413510952552083,
            "steer": 0.0
        },
        {
            "throttle": 0.43994792286944395,
            "brake": 0.01689457666786458,
            "steer": 0.0
        },
        {
            "throttle": 0.4229224351198857,
            "brake": 0.011826203667505206,
            "steer": 0.0
        },
        {
            "throttle": 0.40570123531603314,
            "brake": 0.008278342567253644,
            "steer": 0.0
        },
        {
            "throttle": 0.38931937686836043,
            "brake": 0.005794839797077551,
            "steer": 0.0
        },
        {
            "throttle": 0.3746427856103119,
            "brake": 0.004056387857954286,
            "steer": 0.0
        },
        {
            "throttle": 0.36238247549680935,
            "brake": 0.002839471500568,
            "steer": 0.0
        },
        {
            "throttle": 0.3531010730253915,
            "brake": 0.0019876300503976,
            "steer": 0.0
        },
        {
            "throttle": 0.347215263130172,
            "brake": 0.00139134103527832,
            "steer": 0.0
        },
        {
            "throttle": 0.34499675478551206,
            "brake": 0.0009739387246948238,
            "steer": 0.0
        },
        {
            "throttle": 0.34657360947838134,
            "brake": 0.0006817571072863767,
            "steer": 0.0
        },
        {
            "throttle": 0.35193320143815315,
            "brake": 0.00047722997510046367,
            "steer": 0.0
        },
        {
            "throttle": 0.36092763150447316,
            "brake": 0.00033406098257032454,
            "steer": 0.0
        },
        {
            "throttle": 0.3732820607569657,
            "brake": 0.00023384268779922716,
            "steer": 0.0
        },
        {
            "throttle": 0.38860614171748553,
            "brake": 0.000163689881459459,
            "steer": 0.0
        },
        {
            "throttle": 0.4064084886847943,
            "brake": 0.0001145829170216213,
            "steer": 0.0
        },
        {
            "throttle": 0.4261139349309093,
            "brake": 8.02080419151349e-05,
            "steer": 0.0
        },
        {
            "throttle": 0.44708316725830943,
            "brake": 5.614562934059443e-05,
            "steer": 0.0
        },
        {
            "throttle": 0.4686342044180556,
            "brake": 3.93019405384161e-05,
            "steer": 0.0
        },
        {
            "throttle": 0.4900650932174001,
            "brake": 2.7511358376891268e-05,
            "steer": 0.0
        },
        {
            "throttle": 0.5106771336611737,
            "brake": 1.9257950863823885e-05,
            "steer": 0.0
        },
        {
            "throttle": 0.5297979112979007,
            "brake": 1.348056560467672e-05,
            "steer": 0.0
        },
        {
            "throttle": 0.5468034101205672,
            "brake": 9.436395923273703e-06,
            "steer": 0.0
        },
        {
            "throttle": 0.5611385016309852,
            "brake": 6.6054771462915915e-06,
            "steer": 0.0
        },
        {
            "throttle": 0.5723351532875489,
            "brake": 4.6238340024041135e-06,
            "steer": 0.0
        },
        {
            "throttle": 0.5800277702625559,
            "brake": 3.236683801682879e-06,
            "steer": 0.0
        },
        {
            "throttle": 0.5839651754363455,
            "brake": 2.265678661178015e-06,
            "steer": 0.0
        },
        {
            "throttle": 0.5840188405344727,
            "brake": 1.5859750628246106e-06,
            "steer": 0.0
        },
        {
            "throttle": 0.5801871025023932,
            "brake": 1.1101825439772273e-06,
            "steer": 0.0
        },
        {
            "throttle": 0.5725952294815442,
            "brake": 7.77127780784059e-07,
            "steer": 0.0
        },
        {
            "throttle": 0.5614913357268806,
            "brake": 5.439894465488413e-07,
            "steer": 0.0
        },
        {
            "throttle": 0.547238279995987,
            "brake": 3.807926125841889e-07,
            "steer": 0.0
        },
        {
            "throttle": 0.5303018128687098,
            "brake": 2.665548288089322e-07,
            "steer": 0.0
        },
        {
            "throttle": 0.511235360805255,
            "brake": 1.8658838016625253e-07,
            "steer": 0.0
        },
        {
            "throttle": 0.49066194449376277,
            "brake": 1.3061186611637676e-07,
            "steer": 0.0
        },
        {
            "throttle": 0.4692538225697749,
            "brake": 9.142830628146373e-08,
            "steer": 0.0
        },
        {
            "throttle": 0.4477105260396991,
            "brake": 6.399981439702461e-08,
            "steer": 0.0
        },
        {
            "throttle": 0.4267360012724821,
            "brake": 4.4799870077917226e-08,
            "steer": 0.0
        },
        {
            "throttle": 0.40701560851492125,
            "brake": 3.135990905454206e-08,
            "steer": 0.0
        },
        {
            "throttle": 0.38919372758104315,
            "brake": 2.195193633817944e-08,
            "steer": 0.0
        },
        {
            "throttle": 0.3738527025080195,
            "brake": 1.5366355436725606e-08,
            "steer": 0.0
        },
        {
            "throttle": 0.3614938132067185,
            "brake": 1.0756448805707923e-08,
            "steer": 0.0
        },
        {
            "throttle": 0.3525208958926077,
            "brake": 7.529514163995545e-09,
            "steer": 0.0
        },
        {
            "throttle": 0.3472271475257101,
            "brake": 5.270659914796881e-09,
            "steer": 0.0
        },
        {
            "throttle": 0.3457855454441777,
            "brake": 3.6894619403578166e-09,
            "steer": 0.0
        },
        {
            "throttle": 0.34824319524395336,
            "brake": 2.5826233582504716e-09,
            "steer": 0.0
        },
        {
            "throttle": 0.3545197915965903,
            "brake": 1.80783635077533e-09,
            "steer": 0.0
        },
        {
            "throttle": 0.3644102423025949,
            "brake": 1.2654854455427308e-09,
            "steer": 0.0
        },
        {
            "throttle": 0.37759136983989783,
            "brake": 8.858398118799115e-10,
            "steer": 0.0
        },
        {
            "throttle": 0.39363247143123886,
            "brake": 6.20087868315938e-10,
            "steer": 0.0
        },
        {
            "throttle": 0.41200939257385877,
            "brake": 4.340615078211566e-10,
            "steer": 0.0
        },
        {
            "throttle": 0.43212165416962234,
            "brake": 3.038430554748096e-10,
            "steer": 0.0
        },
        {
            "throttle": 0.4533120736148569,
            "brake": 2.126901388323667e-10,
            "steer": 0.0
        },
        {
            "throttle": 0.4748882387170835,
            "brake": 1.4888309718265668e-10,
            "steer": 0.0
        },
        {
            "throttle": 0.49614513276324657,
            "brake": 1.0421816802785967e-10,
            "steer": 0.0
        },
        {
            "throttle": 0.5163881714492556,
            "brake": 7.295271761950176e-11,
            "steer": 0.0
        },
        {
            "throttle": 0.5349558989227292,
            "brake": 5.106690233365123e-11,
            "steer": 0.0
        },
        {
            "throttle": 0.5512416013295092,
            "brake": 3.574683163355586e-11,
            "steer": 0.0
        },
        {
            "throttle": 0.5647131316258291,
            "brake": 2.50227821434891e-11,
            "steer": 0.0
        },
        {
            "throttle": 0.5749302978661801,
            "brake": 1.751594750044237e-11,
            "steer": 0.0
        },
        {
            "throttle": 0.5815592467920883,
            "brake": 1.2261163250309657e-11,
            "steer": 0.0
        },
        {
            "throttle": 0.5843833727277151,
            "brake": 8.58281427521676e-12,
            "steer": 0.0
        },
        {
            "throttle": 0.5833103953262806,
            "brake": 6.007969992651731e-12,
            "steer": 0.0
        },
        {
            "throttle": 0.5783753748968652,
            "brake": 4.205578994856212e-12,
            "steer": 0.0
        },
        {
            "throttle": 0.5697395667836239,
            "brake": 2.943905296399348e-12,
            "steer": 0.0
        },
        {
            "throttle": 0.5576851522314034,
            "brake": 2.0607337074795436e-12,
            "steer": 0.0
        },
        {
            "throttle": 0.5426060179105218,
            "brake": 1.4425135952356803e-12,
            "steer": 0.0
        },
        {
            "throttle": 0.5249948853863793,
            "brake": 1.0097595166649762e-12,
            "steer": 0.0
        },
        {
            "throttle": 0.5054272110877425,
            "brake": 7.068316616654833e-13,
            "steer": 0.0
        },
        {
            "throttle": 0.48454238285382634,
            "brake": 4.947821631658383e-13,
            "steer": 0.0
        },
        {
            "throttle": 0.4630228274765315,
            "brake": 3.4634751421608676e-13,
            "steer": 0.0
        },
        {
            "throttle": 0.4415717119139279,
            "brake": 2.4244325995126073e-13,
            "steer": 0.0
        },
        {
            "throttle": 0.42088996680388324,
            "brake": 1.6971028196588251e-13,
            "steer": 0.0
        },
        {
            "throttle": 0.4016533830510626,
            "brake": 1.1879719737611775e-13,
            "steer": 0.0
        },
        {
            "throttle": 0.3844905298728006,
            "brake": 8.315803816328241e-14,
            "steer": 0.0
        },
        {
            "throttle": 0.36996221584758937,
            "brake": 5.821062671429768e-14,
            "steer": 0.0
        },
        {
            "throttle": 0.3585431640912027,
            "brake": 4.0747438700008375e-14,
            "steer": 0.0
        },
        {
            "throttle": 0.35060650033726426,
            "brake": 2.852320709000586e-14,
            "steer": 0.0
        },
        {
            "throttle": 0.3464115607853895,
            "brake": 1.99662449630041e-14,
            "steer": 0.0
        },
        {
            "throttle": 0.3460954181042373,
            "brake": 1.3976371474102868e-14,
            "steer": 0.0
        },
        {
            "throttle": 0.3496684024834205,
            "brake": 9.783460031872007e-15,
            "steer": 0.0
        },
        {
            "throttle": 0.3570137640871267,
            "brake": 6.8484220223104046e-15,
            "steer": 0.0
        },
        {
            "throttle": 0.3678914879390195,
            "brake": 4.793895415617283e-15,
            "steer": 0.0
        },
        {
            "throttle": 0.38194613658431237,
            "brake": 3.355726790932098e-15,
            "steer": 0.0
        },
        {
            "throttle": 0.3987184642643874,
            "brake": 2.3490087536524683e-15,
            "steer": 0.0
        },
        {
            "throttle": 0.417660423102444,
            "brake": 1.6443061275567278e-15,
            "steer": 0.0
        },
        {
            "throttle": 0.4381530709622649,
            "brake": 1.1510142892897094e-15,
            "steer": 0.0
        },
        {
            "throttle": 0.45952679582792577,
            "brake": 8.057100025027965e-16,
            "steer": 0.0
        },
        {
            "throttle": 0.48108319585828807,
            "brake": 5.639970017519576e-16,
            "steer": 0.0
        },
        {
            "throttle": 0.5021179001697481,
            "brake": 3.9479790122637027e-16,
            "steer": 0.0
        },
        {
            "throttle": 0.5219435846617446,
            "brake": 2.763585308584592e-16,
            "steer": 0.0
        },
        {
            "throttle": 0.5399124308263632,
            "brake": 1.934509716009214e-16,
            "steer": 0.0
        },
        {
            "throttle": 0.5554372936842714,
            "brake": 1.35415680120645e-16,
            "steer": 0.0
        },
        {
            "throttle": 0.5680108871694447,
            "brake": 9.479097608445149e-17,
            "steer": 0.0
        },
        {
            "throttle": 0.577222360066432,
            "brake": 6.635368325911604e-17,
            "steer": 0.0
        },
        {
            "throttle": 0.5827707208694808,
            "brake": 4.644757828138123e-17,
            "steer": 0.0
        },
        {
            "throttle": 0.5844746728965897,
            "brake": 3.2513304796966857e-17,
            "steer": 0.0
        },
        {
            "throttle": 0.5822785382890598,
            "brake": 2.27593133578768e-17,
            "steer": 0.0
        },
        {
            "throttle": 0.5762540773255942,
            "brake": 1.593151935051376e-17,
            "steer": 0.0
        },
        {
            "throttle": 0.5665981436035514,
            "brake": 1.1152063545359631e-17,
            "steer": 0.0
        },
        {
            "throttle": 0.5536262517059896,
            "brake": 7.80644448175174e-18,
            "steer": 0.0
        },
        {
            "throttle": 0.5377622675356115,
            "brake": 5.464511137226218e-18,
            "steer": 0.0
        },
        {
            "throttle": 0.5195245581913682,
            "brake": 3.8251577960583524e-18,
            "steer": 0.0
        },
        {
            "throttle": 0.4995090539504685,
            "brake": 2.6776104572408464e-18,
            "steer": 0.0
        },
        {
            "throttle": 0.4783697758177218,
            "brake": 1.8743273200685923e-18,
            "steer": 0.0
        },
        {
            "throttle": 0.4567974649185541,
            "brake": 1.3120291240480144e-18,
            "steer": 0.0
        },
        {
            "throttle": 0.4354970120356575,
            "brake": 9.184203868336101e-19,
            "steer": 0.0
        },
        {
            "throttle": 0.4151644247954053,
            "brake": 6.428942707835271e-19,
            "steer": 0.0
        },
        {
            "throttle": 0.39646408511779285,
            "brake": 4.5002598954846895e-19,
            "steer": 0.0
        },
        {
            "throttle": 0.380007040059094,
            "brake": 3.1501819268392826e-19,
            "steer": 0.0
        },
        {
            "throttle": 0.3663310354095693,
            "brake": 2.2051273487874977e-19,
            "steer": 0.0
        },
        {
            "throttle": 0.3558829444627923,
            "brake": 1.5435891441512483e-19,
            "steer": 0.0
        },
        {
            "throttle": 0.3490041661091985,
            "brake": 1.0805124009058737e-19,
            "steer": 0.0
        },
        {
            "throttle": 0.3459194693816604,
            "brake": 7.563586806341116e-20,
            "steer": 0.0
        },
        {
            "throttle": 0.3467296489655877,
            "brake": 5.2945107644387806e-20,
            "steer": 0.0
        },
        {
            "throttle": 0.3514082316600468,
            "brake": 3.706157535107146e-20,
            "steer": 0.0
        },
        {
            "throttle": 0.35980234140865214,
            "brake": 2.594310274575002e-20,
            "steer": 0.0
        },
        {
            "throttle": 0.3716376946347229,
            "brake": 1.8160171922025013e-20,
            "steer": 0.0
        },
        {
            "throttle": 0.38652756265453336,
            "brake": 1.2712120345417509e-20,
            "steer": 0.0
        },
        {
            "throttle": 0.40398540831535457,
            "brake": 8.898484241792255e-21,
            "steer": 0.0
        },
        {
            "throttle": 0.42344078394704615,
            "brake": 6.2289389692545784e-21,
            "steer": 0.0
        },
        {
            "throttle": 0.4442579711501894,
            "brake": 4.360257278478205e-21,
            "steer": 0.0
        },
        {
            "throttle": 0.46575675335226896,
            "brake": 3.0521800949347432e-21,
            "steer": 0.0
        },
        {
            "throttle": 0.48723464237368375,
            "brake": 2.13652606645432e-21,
            "steer": 0.0
        },
        {
            "throttle": 0.5079898327345461,
            "brake": 1.495568246518024e-21,
            "steer": 0.0
        },
        {
            "throttle": 0.5273441336537771,
            "brake": 1.0468977725626167e-21,
            "steer": 0.0
        },
        {
            "throttle": 0.5446651294209236,
            "brake": 7.328284407938317e-22,
            "steer": 0.0
        },
        {
            "throttle": 0.5593868440346024,
            "brake": 5.129799085556821e-22,
            "steer": 0.0
        },
        {
            "throttle": 0.571028234875638,
            "brake": 3.590859359889775e-22,
            "steer": 0.0
        },
        {
            "throttle": 0.5792089111208168,
            "brake": 2.5136015519228422e-22,
            "steer": 0.0
        },
        {
            "throttle": 0.5836615632867752,
            "brake": 1.7595210863459895e-22,
            "steer": 0.0
        },
        {
            "throttle": 0.5842406977597326,
            "brake": 1.2316647604421925e-22,
            "steer": 0.0
        },
        {
            "throttle": 0.5809273909040233,
            "brake": 8.621653323095347e-23,
            "steer": 0.0
        },
        {
            "throttle": 0.5738299074055094,
            "brake": 6.035157326166742e-23,
            "steer": 0.0
        },
        {
            "throttle": 0.56318016264506,
            "brake": 4.2246101283167193e-23,
            "steer": 0.0
        },
        {
            "throttle": 0.5493261446965886,
            "brake": 2.957227089821703e-23,
            "steer": 0.0
        },
        {
            "throttle": 0.5327205435663153,
            "brake": 2.070058962875192e-23,
            "steer": 0.0
        },
        {
            "throttle": 0.5139059592210444,
            "brake": 1.449041274012634e-23,
            "steer": 0.0
        },
        {
            "throttle": 0.4934971717437794,
            "brake": 1.0143288918088439e-23,
            "steer": 0.0
        },
        {
            "throttle": 0.472161052952096,
            "brake": 7.100302242661906e-24,
            "steer": 0.0
        },
        {
            "throttle": 0.45059477588160346,
            "brake": 4.970211569863334e-24,
            "steer": 0.0
        },
        {
            "throttle": 0.4295030341552995,
            "brake": 3.479148098904333e-24,
            "steer": 0.0
        },
        {
            "throttle": 0.4095750156123211,
            "brake": 2.435403669233033e-24,
            "steer": 0.0
        },
        {
            "throttle": 0.391461882599341,
            "brake": 1.7047825684631228e-24,
            "steer": 0.0
        },
        {
            "throttle": 0.37575549477229514,
            "brake": 1.1933477979241859e-24,
            "steer": 0.0
        },
        {
            "throttle": 0.3629690696562051,
            "brake": 8.3534345854693e-25,
            "steer": 0.0
        },
        {
            "throttle": 0.35352041289322217,
            "brake": 5.84740420982851e-25,
            "steer": 0.0
        },
        {
            "throttle": 0.34771826614260465,
            "brake": 4.0931829468799567e-25,
            "steer": 0.0
        },
        {
            "throttle": 0.34575221872482237,
            "brake": 2.8652280628159695e-25,
            "steer": 0.0
        },
        {
            "throttle": 0.34768651265407624,
            "brake": 2.0056596439711785e-25,
            "steer": 0.0
        },
        {
            "throttle": 0.35345794348425363,
            "brake": 1.4039617507798248e-25,
            "steer": 0.0
        },
        {
            "throttle": 0.3628779255596894,
            "brake": 9.827732255458773e-26,
            "steer": 0.0
        },
        {
            "throttle": 0.3756386541871759,
            "brake": 6.879412578821141e-26,
            "steer": 0.0
        },
        {
            "throttle": 0.3913231633758189,
            "brake": 4.8155888051747987e-26,
            "steer": 0.0
        },
        {
            "throttle": 0.4094189505008512,
            "brake": 3.370912163622359e-26,
            "steer": 0.0
        },
        {
            "throttle": 0.42933472269570827,
            "brake": 2.359638514535651e-26,
            "steer": 0.0
        },
        {
            "throttle": 0.4504197177719548,
            "brake": 1.6517469601749555e-26,
            "steer": 0.0
        },
        {
            "throttle": 0.47198496834209963,
            "brake": 1.1562228721224688e-26,
            "steer": 0.0
        },
        {
            "throttle": 0.4933258143247825,
            "brake": 8.09356010485728e-27,
            "steer": 0.0
        },
        {
            "throttle": 0.5137449282200265,
            "brake": 5.665492073400096e-27,
            "steer": 0.0
        },
        {
            "throttle": 0.532575100787117,
            "brake": 3.965844451380067e-27,
            "steer": 0.0
        },
        {
            "throttle": 0.5492010425866853,
            "brake": 2.7760911159660467e-27,
            "steer": 0.0
        },
        {
            "throttle": 0.5630794890059196,
            "brake": 1.9432637811762327e-27,
            "steer": 0.0
        },
        {
            "throttle": 0.5737569518207385,
            "brake": 1.3602846468233628e-27,
            "steer": 0.0
        },
        {
            "throttle": 0.5808845372498551,
            "brake": 9.521992527763538e-28,
            "steer": 0.0
        },
        {
            "throttle": 0.5842293463101557,
            "brake": 6.665394769434477e-28,
            "steer": 0.0
        },
        {
            "throttle": 0.5836820849585731,
            "brake": 4.6657763386041335e-28,
            "steer": 0.0
        },
        {
            "throttle": 0.5792606353535953,
            "brake": 3.2660434370228932e-28,
            "steer": 0.0
        },
        {
            "throttle": 0.5711094715428687,
            "brake": 2.286230405916025e-28,
            "steer": 0.0
        },
        {
            "throttle": 0.5594949386697232,
            "brake": 1.6003612841412173e-28,
            "steer": 0.0
        },
        {
            "throttle": 0.5447965499539437,
            "brake": 1.120252898898852e-28,
            "steer": 0.0
        },
        {
            "throttle": 0.5274945858242062,
            "brake": 7.841770292291963e-29,
            "steer": 0.0
        },
        {
            "throttle": 0.5081544004094456,
            "brake": 5.489239204604374e-29,
            "steer": 0.0
        },
        {
            "throttle": 0.48740794818584826,
            "brake": 3.8424674432230613e-29,
            "steer": 0.0
        },
        {
            "throttle": 0.46593313440957035,
            "brake": 2.6897272102561425e-29,
            "steer": 0.0
        },
        {
            "throttle": 0.4444316640746514,
            "brake": 1.8828090471792995e-29,
            "steer": 0.0
        },
        {
            "throttle": 0.4236061131973673,
            "brake": 1.3179663330255095e-29,
            "steer": 0.0
        },
        {
            "throttle": 0.40413697163930495,
            "brake": 9.225764331178566e-30,
            "steer": 0.0
        },
        {
            "throttle": 0.38666040761143383,
            "brake": 6.458035031824996e-30,
            "steer": 0.0
        },
        {
            "throttle": 0.3717474804200077,
            "brake": 4.520624522277497e-30,
            "steer": 0.0
        },
        {
            "throttle": 0.3598854806927821,
            "brake": 3.164437165594248e-30,
            "steer": 0.0
        }
    ],
    "parameters": {
        "fog_density": 73.69654672008699,
        "precipitation": 52.02868171667362,
        "precipitation_deposits": 80.54418704355685,
        "wind_intensity": 16.217958768399647,
        "sun_altitude_angle": 25.986428817816083,
        "cloudiness": 84.42693514680512,
        "lead_base_throttle": 0.4651173433897029,
        "lead_behavior_frequency": 0.2880884043094576,
        "lead_throttle_variation": 0.13367535958686708,
        "lead_brake_probability": 0.009023815020595738,
        "lead_brake_intensity": 0.7189192760620557,
        "lead_brake_duration": 5.331545739201211,
        "initial_distance": 17.74608303918992,
        "initial_ego_velocity": 15.893031295178105,
        "initial_lead_velocity": 12.936170741993491
    },
    "config": {
        "num_timesteps": 200,
        "dt": 0.1,
        "seed": 241
    }
}