{
    "weather": {
        "cloudiness": 74.20111143799033,
        "precipitation": 8.056426233817948,
        "precipitation_deposits": 57.37053772545171,
        "wind_intensity": 21.75083736716622,
        "sun_altitude_angle": -4.017337807392025,
        "fog_density": 71.7292900314396,
        "fog_distance": 91.54026632460429,
        "wetness": 4.028213116908974
    },
    "initial_conditions": {
        "ego": {
            "position": {
                "x": 548.4826020632374,
                "y": 20.57,
                "z": 0.294
            },
            "yaw": 0.0,
            "velocity": 8.928803411653437
        },
        "lead": {
            "position": {
                "x": 484.88,
                "y": 20.57,
                "z": 0.294
            },
            "yaw": 0.0,
            "velocity": 20.87294396874117
        }
    },
    "ego": {
        "position": {
            "x": 548.4826020632374,
            "y": 20.57,
            "z": 0.294
        },
        "yaw": 0.0,
        "velocity": 8.928803411653437
    },
    "lead": {
        "position": {
            "x": 484.88,
            "y": 20.57,
            "z": 0.294
        },
        "yaw": 0.0,
        "velocity": 20.87294396874117
    },
    "ado_actions": [
        {
            "throttle": 0.45009069049478284,
            "brake": 0.0,
            "steer": 0.0
        },
        {
            "throttle": 0.4525534567513808,
            "brake": 0.0,
            "steer": 0.0
        },
        {
            "throttle": 0.4567294263672351,
            "brake": 0.0,
            "steer": 0.0
        },
        {
            "throttle": 0.46208321906958927,
            "brake": 0.0,
            "steer": 0.0
        },
        {
            "throttle": 0.4682294757705318,
            "brake": 0.0,
            "steer": 0.0
        },
        {
            "throttle": 0.4748879917242496,
            "brake": 0.0,
            "steer": 0.0
        },
        {
            "throttle": 0.48185235529416337,
            "brake": 0.0,
            "steer": 0.0
        },
        {
            "throttle": 0.4889680398404254,
            "brake": 0.0,
            "steer": 0.0
        },
        {
            "throttle": 0.4961171117900881,
            "brake": 0.0,
            "steer": 0.0
        },
        {
            "throttle": 0.5032075688428945,
            "brake": 0.0,
            "steer": 0.0
        },
        {
            "throttle": 0.5101659178942936,
            "brake": 0.0,
            "steer": 0.0
        },
        {
            "throttle": 0.5169320192033336,
            "brake": 0.0,
            "steer": 0.0
        },
        {
            "throttle": 0.5234555152021221,
            "brake": 0.0,
            "steer": 0.0
        },
        {
            "throttle": 0.5296933666593888,
            "brake": 0.0,
            "steer": 0.0
        },
        {
            "throttle": 0.5356081619400566,
            "brake": 0.0,
            "steer": 0.0
        },
        {
            "throttle": 0.5411669652322088,
            "brake": 0.0,
            "steer": 0.0
        },
        {
            "throttle": 0.5463405397130828,
            "brake": 0.0,
            "steer": 0.0
        },
        {
            "throttle": 0.5511028307060668,
            "brake": 0.0,
            "steer": 0.0
        },
        {
            "throttle": 0.5554306282476729,
            "brake": 0.0,
            "steer": 0.0
        },
        {
            "throttle": 0.5593033525516182,
            "brake": 0.0,
            "steer": 0.0
        },
        {
            "throttle": 0.5627029227165775,
            "brake": 0.0,
            "steer": 0.0
        },
        {
            "throttle": 0.5656136808379068,
            "brake": 0.0,
            "steer": 0.0
        },
        {
            "throttle": 0.5680223519657481,
            "brake": 0.0,
            "steer": 0.0
        },
        {
            "throttle": 0.5699180261621988,
            "brake": 0.0,
            "steer": 0.0
        },
        {
            "throttle": 0.5712921529904639,
            "brake": 0.0,
            "steer": 0.0
        },
        {
            "throttle": 0.5721385416383157,
            "brake": 0.0,
            "steer": 0.0
        },
        {
            "throttle": 0.5724533619001367,
            "brake": 0.0,
            "steer": 0.0
        },
        {
            "throttle": 0.5722351426706354,
            "brake": 0.0,
            "steer": 0.0
        },
        {
            "throttle": 0.5714847656169589,
            "brake": 0.0,
            "steer": 0.0
        },
        {
            "throttle": 0.570205452418892,
            "brake": 0.0,
            "steer": 0.0
        },
        {
            "throttle": 0.568402744486227,
            "brake": 0.0,
            "steer": 0.0
        },
        {
            "throttle": 0.5660844744391362,
            "brake": 0.0,
            "steer": 0.0
        },
        {
            "throttle": 0.5632607289140403,
            "brake": 0.0,
            "steer": 0.0
        },
        {
            "throttle": 0.5599438024638131,
            "brake": 0.0,
            "steer": 0.0
        },
        {
            "throttle": 0.5561481424779513,
            "brake": 0.0,
            "steer": 0.0
        },
        {
            "throttle": 0.5518902851700558,
            "brake": 0.0,
            "steer": 0.0
        },
        {
            "throttle": 0.5471887827767141,
            "brake": 0.0,
            "steer": 0.0
        },
        {
            "throttle": 0.5420641221906357,
            "brake": 0.0,
            "steer": 0.0
        },
        {
            "throttle": 0.5365386353165538,
            "brake": 0.0,
            "steer": 0.0
        },
        {
            "throttle": 0.5306364014943058,
            "brake": 0.0,
            "steer": 0.0
        },
        {
            "throttle": 0.5243831423819577,
            "brake": 0.0,
            "steer": 0.0
        },
        {
            "throttle": 0.5178061097344129,
            "brake": 0.0,
            "steer": 0.0
        },
        {
            "throttle": 0.510933966550711,
            "brake": 0.0,
            "steer": 0.0
        },
        {
            "throttle": 0.5037966620968809,
            "brake": 0.0,
            "steer": 0.0
        },
        {
            "throttle": 0.49642530134123747,
            "brake": 0.0,
            "steer": 0.0
        },
        {
            "throttle": 0.48885200936569484,
            "brake": 0.0,
            "steer": 0.0
        },
        {
            "throttle": 0.48110979134019716,
            "brake": 0.0,
            "steer": 0.0
        },
        {
            "throttle": 0.47323238866784667,
            "brake": 0.0,
            "steer": 0.0
        },
        {
            "throttle": 0.4652541319257997,
            "brake": 0.0,
            "steer": 0.0
        },
        {
            "throttle": 0.4572097912415226,
            "brake": 0.0,
            "steer": 0.0
        },
        {
            "throttle": 0.44913442475557175,
            "brake": 0.0,
            "steer": 0.0
        },
        {
            "throttle": 0.44106322583067303,
            "brake": 0.0,
            "steer": 0.0
        },
        {
            "throttle": 0.43303136967253364,
            "brake": 0.0,
            "steer": 0.0
        },
        {
            "throttle": 0.42507386003051645,
            "brake": 0.0,
            "steer": 0.0
        },
        {
            "throttle": 0.41722537664605325,
            "brake": 0.0,
            "steer": 0.0
        },
        {
            "throttle": 0.40952012411348115,
            "brake": 0.0,
            "steer": 0.0
        },
        {
            "throttle": 0.4019916828118759,
            "brake": 0.0,
            "steer": 0.0
        },
        {
            "throttle": 0.39467286255746337,
            "brake": 0.0,
            "steer": 0.0
        },
        {
            "throttle": 0.38759555961435627,
            "brake": 0.0,
            "steer": 0.0
        },
        {
            "throttle": 0.3807906176867429,
            "brake": 0.0,
            "steer": 0.0
        },
        {
            "throttle": 0.3742876934983139,
            "brake": 0.0,
            "steer": 0.0
        },
        {
            "throttle": 0.36811512754473,
            "brake": 0.0,
            "steer": 0.0
        },
        {
            "throttle": 0.36229982058239274,
            "brake": 0.0,
            "steer": 0.0
        },
        {
            "throttle": 0.2536098744076749,
            "brake": 0.21446438866457185,
            "steer": 0.0
        },
        {
            "throttle": 0.1775269120853724,
            "brake": 0.36458946072977216,
            "steer": 0.0
        },
        {
            "throttle": 0.12426883845976068,
            "brake": 0.46967701117541233,
            "steer": 0.0
        },
        {
            "throttle": 0.08698818692183247,
            "brake": 0.5432382964873604,
            "steer": 0.0
        },
        {
            "throttle": 0.060891730845282724,
            "brake": 0.5947311962057241,
            "steer": 0.0
        },
        {
            "throttle": 0.14124549066352787,
            "brake": 0.41631183734400684,
            "steer": 0.0
        },
        {
            "throttle": 0.19702903710785483,
            "brake": 0.2914182861408048,
            "steer": 0.0
        },
        {
            "throttle": 0.2357741179762619,
            "brake": 0.20399280029856334,
            "steer": 0.0
        },
        {
            "throttle": 0.26275427898681913,
            "brake": 0.14279496020899432,
            "steer": 0.0
        },
        {
            "throttle": 0.2816616183605525,
            "brake": 0.09995647214629602,
            "steer": 0.0
        },
        {
            "throttle": 0.29508051234391147,
            "brake": 0.06996953050240722,
            "steer": 0.0
        },
        {
            "throttle": 0.30481922347765883,
            "brake": 0.04897867135168505,
            "steer": 0.0
        },
        {
            "throttle": 0.3121420298752101,
            "brake": 0.03428506994617953,
            "steer": 0.0
        },
        {
            "throttle": 0.31793172227933464,
            "brake": 0.02399954896232567,
            "steer": 0.0
        },
        {
            "throttle": 0.32280336160685685,
            "brake": 0.016799684273627966,
            "steer": 0.0
        },
        {
            "throttle": 0.32718392183624656,
            "brake": 0.011759778991539576,
            "steer": 0.0
        },
        {
            "throttle": 0.33136805558157945,
            "brake": 0.008231845294077703,
            "steer": 0.0
        },
        {
            "throttle": 0.335557148425526,
            "brake": 0.0057622917058543915,
            "steer": 0.0
        },
        {
            "throttle": 0.33988667818190205,
            "brake": 0.004033604194098074,
            "steer": 0.0
        },
        {
            "throttle": 0.34444539031463645,
            "brake": 0.002823522935868652,
            "steer": 0.0
        },
        {
            "throttle": 0.3492887472676393,
            "brake": 0.001976466055108056,
            "steer": 0.0
        },
        {
            "throttle": 0.3544483720180628,
            "brake": 0.0013835262385756392,
            "steer": 0.0
        },
        {
            "throttle": 0.3599386899452136,
            "brake": 0.0009684683670029473,
            "steer": 0.0
        },
        {
            "throttle": 0.3657616117429354,
            "brake": 0.0006779278569020631,
            "steer": 0.0
        },
        {
            "throttle": 0.3719098471384822,
            "brake": 0.00047454949983144414,
            "steer": 0.0
        },
        {
            "throttle": 0.3783692620964994,
            "brake": 0.00033218464988201085,
            "steer": 0.0
        },
        {
            "throttle": 0.3851205682192761,
            "brake": 0.00023252925491740759,
            "steer": 0.0
        },
        {
            "throttle": 0.3921405462695573,
            "brake": 0.0001627704784421853,
            "steer": 0.0
        },
        {
            "throttle": 0.3994029449858876,
            "brake": 0.0001139393349095297,
            "steer": 0.0
        },
        {
            "throttle": 0.4068791538249005,
            "brake": 7.975753443667078e-05,
            "steer": 0.0
        },
        {
            "throttle": 0.4145387184847556,
            "brake": 5.5830274105669544e-05,
            "steer": 0.0
        },
        {
            "throttle": 0.4223497472132749,
            "brake": 3.908119187396868e-05,
            "steer": 0.0
        },
        {
            "throttle": 0.43027924130522477,
            "brake": 2.7356834311778074e-05,
            "steer": 0.0
        },
        {
            "throttle": 0.43829337297102716,
            "brake": 1.914978401824465e-05,
            "steer": 0.0
        },
        {
            "throttle": 0.4463577266017552,
            "brake": 1.3404848812771254e-05,
            "steer": 0.0
        },
        {
            "throttle": 0.45443751444404246,
            "brake": 9.383394168939877e-06,
            "steer": 0.0
        },
        {
            "throttle": 0.46249777419052884,
            "brake": 6.568375918257914e-06,
            "steer": 0.0
        },
        {
            "throttle": 0.47050355353661655,
            "brake": 4.597863142780539e-06,
            "steer": 0.0
        },
        {
            "throttle": 0.47842008503754047,
            "brake": 3.218504199946377e-06,
            "steer": 0.0
        },
        {
            "throttle": 0.48621295340053294,
            "brake": 2.252952939962464e-06,
            "steer": 0.0
        },
        {
            "throttle": 0.49384825651078484,
            "brake": 1.5770670579737247e-06,
            "steer": 0.0
        },
        {
            "throttle": 0.5012927609088779,
            "brake": 1.1039469405816073e-06,
            "steer": 0.0
        },
        {
            "throttle": 0.5085140520357114,
            "brake": 7.727628584071251e-07,
            "steer": 0.0
        },
        {
            "throttle": 0.5154806792856677,
            "brake": 5.409340008849875e-07,
            "steer": 0.0
        },
        {
            "throttle": 0.5221622957227268,
            "brake": 3.7865380061949124e-07,
            "steer": 0.0
        },
        {
            "throttle": 0.5285297921914406,
            "brake": 2.6505766043364387e-07,
            "steer": 0.0
        },
        {
            "throttle": 0.5345554254768616,
            "brake": 1.855403623035507e-07,
            "steer": 0.0
        },
        {
            "throttle": 0.540212940121887,
            "brake": 1.2987825361248549e-07,
            "steer": 0.0
        },
        {
            "throttle": 0.5454776834880206,
            "brake": 9.091477752873983e-08,
            "steer": 0.0
        },
        {
            "throttle": 0.5503267136399337,
            "brake": 6.364034427011788e-08,
            "steer": 0.0
        },
        {
            "throttle": 0.5547388996409307,
            "brake": 4.454824098908251e-08,
            "steer": 0.0
        },
        {
            "throttle": 0.5586950138623163,
            "brake": 3.118376869235776e-08,
            "steer": 0.0
        },
        {
            "throttle": 0.562177815932436,
            "brake": 2.1828638084650428e-08,
            "steer": 0.0
        },
        {
            "throttle": 0.5651721279791779,
            "brake": 1.52800466592553e-08,
            "steer": 0.0
        },
        {
            "throttle": 0.5676649008517727,
            "brake": 1.0696032661478708e-08,
            "steer": 0.0
        },
        {
            "throttle": 0.5696452710429163,
            "brake": 7.487222863035094e-09,
            "steer": 0.0
        },
        {
            "throttle": 0.5711046080698821,
            "brake": 5.241056004124566e-09,
            "steer": 0.0
        },
        {
            "throttle": 0.5720365521128454,
            "brake": 3.668739202887196e-09,
            "steer": 0.0
        },
        {
            "throttle": 0.5724370417496929,
            "brake": 2.568117442021037e-09,
            "steer": 0.0
        },
        {
            "throttle": 0.572304331668754,
            "brake": 1.7976822094147257e-09,
            "steer": 0.0
        },
        {
            "throttle": 0.5716390002838814,
            "brake": 1.258377546590308e-09,
            "steer": 0.0
        },
        {
            "throttle": 0.5704439472198216,
            "brake": 8.808642826132155e-10,
            "steer": 0.0
        },
        {
            "throttle": 0.5687243806796325,
            "brake": 6.166049978292508e-10,
            "steer": 0.0
        },
        {
            "throttle": 0.5664877947497522,
            "brake": 4.316234984804755e-10,
            "steer": 0.0
        },
        {
            "throttle": 0.5637439367420187,
            "brake": 3.0213644893633285e-10,
            "steer": 0.0
        },
        {
            "throttle": 0.5605047647152375,
            "brake": 2.11495514255433e-10,
            "steer": 0.0
        },
        {
            "throttle": 0.5567843953616132,
            "brake": 1.4804685997880308e-10,
            "steer": 0.0
        },
        {
            "throttle": 0.5525990424852971,
            "brake": 1.0363280198516215e-10,
            "steer": 0.0
        },
        {
            "throttle": 0.5479669463412602,
            "brake": 7.254296138961349e-11,
            "steer": 0.0
        },
        {
            "throttle": 0.5429082941425063,
            "brake": 5.078007297272944e-11,
            "steer": 0.0
        },
        {
            "throttle": 0.5374451320821102,
            "brake": 3.5546051080910605e-11,
            "steer": 0.0
        },
        {
            "throttle": 0.5316012692535313,
            "brake": 2.4882235756637422e-11,
            "steer": 0.0
        },
        {
            "throttle": 0.5254021738879511,
            "brake": 1.7417565029646195e-11,
            "steer": 0.0
        },
        {
            "throttle": 0.5188748623608587,
            "brake": 1.2192295520752335e-11,
            "steer": 0.0
        },
        {
            "throttle": 0.5120477814516204,
            "brake": 8.534606864526634e-12,
            "steer": 0.0
        },
        {
            "throttle": 0.5049506843691649,
            "brake": 5.974224805168644e-12,
            "steer": 0.0
        },
        {
            "throttle": 0.4976145010840841,
            "brake": 4.18195736361805e-12,
            "steer": 0.0
        },
        {
            "throttle": 0.4900712035322627,
            "brake": 2.9273701545326347e-12,
            "steer": 0.0
        },
        {
            "throttle": 0.48235366627749565,
            "brake": 2.049159108172844e-12,
            "steer": 0.0
        },
        {
            "throttle": 0.4744955232403447,
            "brake": 1.4344113757209908e-12,
            "steer": 0.0
        },
        {
            "throttle": 0.46653102111762734,
            "brake": 1.0040879630046935e-12,
            "steer": 0.0
        },
        {
            "throttle": 0.45849487013135304,
            "brake": 7.028615741032854e-13,
            "steer": 0.0
        },
        {
            "throttle": 0.45042209275756284,
            "brake": 4.920031018722998e-13,
            "steer": 0.0
        },
        {
            "throttle": 0.4423478710943277,
            "brake": 3.4440217131060985e-13,
            "steer": 0.0
        },
        {
            "throttle": 0.43430739353409503,
            "brake": 2.410815199174269e-13,
            "steer": 0.0
        },
        {
            "throttle": 0.4263357014086035,
            "brake": 1.6875706394219881e-13,
            "steer": 0.0
        },
        {
            "throttle": 0.4184675362747047,
            "brake": 1.1812994475953917e-13,
            "steer": 0.0
        },
        {
            "throttle": 0.4107371885066382,
            "brake": 8.269096133167741e-14,
            "steer": 0.0
        },
        {
            "throttle": 0.40317834785461293,
            "brake": 5.788367293217418e-14,
            "steer": 0.0
        },
        {
            "throttle": 0.39582395662097686,
            "brake": 4.051857105252193e-14,
            "steer": 0.0
        },
        {
            "throttle": 0.38870606609385117,
            "brake": 2.836299973676535e-14,
            "steer": 0.0
        },
        {
            "throttle": 0.3818556968639075,
            "brake": 1.9854099815735745e-14,
            "steer": 0.0
        },
        {
            "throttle": 0.37530270363304397,
            "brake": 1.389786987101502e-14,
            "steer": 0.0
        },
        {
            "throttle": 0.36907564510413904,
            "brake": 9.728508909710513e-15,
            "steer": 0.0
        },
        {
            "throttle": 0.3632016595189198,
            "brake": 6.809956236797359e-15,
            "steer": 0.0
        },
        {
            "throttle": 0.3577063463863632,
            "brake": 4.766969365758151e-15,
            "steer": 0.0
        },
        {
            "throttle": 0.35261365491707397,
            "brake": 3.3368785560307053e-15,
            "steer": 0.0
        },
        {
            "throttle": 0.3479457796498526,
            "brake": 2.3358149892214936e-15,
            "steer": 0.0
        },
        {
            "throttle": 0.3437230637253271,
            "brake": 1.6350704924550455e-15,
            "steer": 0.0
        },
        {
            "throttle": 0.33996391022819167,
            "brake": 1.1445493447185318e-15,
            "steer": 0.0
        },
        {
            "throttle": 0.33668470198443373,
            "brake": 8.011845413029722e-16,
            "steer": 0.0
        },
        {
            "throttle": 0.3338997301630825,
            "brake": 5.608291789120805e-16,
            "steer": 0.0
        },
        {
            "throttle": 0.33162113199364035,
            "brake": 3.925804252384563e-16,
            "steer": 0.0
        },
        {
            "throttle": 0.32985883787063197,
            "brake": 2.748062976669194e-16,
            "steer": 0.0
        },
        {
            "throttle": 0.3286205280757958,
            "brake": 1.9236440836684358e-16,
            "steer": 0.0
        },
        {
            "throttle": 0.3279115993065273,
            "brake": 1.346550858567905e-16,
            "steer": 0.0
        },
        {
            "throttle": 0.3277351411564474,
            "brake": 9.425856009975335e-17,
            "steer": 0.0
        },
        {
            "throttle": 0.3280919226505956,
            "brake": 6.598099206982734e-17,
            "steer": 0.0
        },
        {
            "throttle": 0.3289803888939301,
            "brake": 4.6186694448879137e-17,
            "steer": 0.0
        },
        {
            "throttle": 0.3303966678477402,
            "brake": 3.2330686114215393e-17,
            "steer": 0.0
        },
        {
            "throttle": 0.3323345872044391,
            "brake": 2.2631480279950775e-17,
            "steer": 0.0
        },
        {
            "throttle": 0.334785701287195,
            "brake": 1.584203619596554e-17,
            "steer": 0.0
        },
        {
            "throttle": 0.33773932785716765,
            "brake": 1.1089425337175878e-17,
            "steer": 0.0
        },
        {
            "throttle": 0.3411825946679419,
            "brake": 7.762597736023113e-18,
            "steer": 0.0
        },
        {
            "throttle": 0.34510049556426686,
            "brake": 5.433818415216179e-18,
            "steer": 0.0
        },
        {
            "throttle": 0.3494759558806177,
            "brake": 3.803672890651325e-18,
            "steer": 0.0
        },
        {
            "throttle": 0.3542899068545635,
            "brake": 2.6625710234559273e-18,
            "steer": 0.0
        },
        {
            "throttle": 0.3595213687306411,
            "brake": 1.863799716419149e-18,
            "steer": 0.0
        },
        {
            "throttle": 0.3651475421925574,
            "brake": 1.3046598014934043e-18,
            "steer": 0.0
        },
        {
            "throttle": 0.3711439077252481,
            "brake": 9.13261861045383e-19,
            "steer": 0.0
        },
        {
            "throttle": 0.3774843324737621,
            "brake": 6.39283302731768e-19,
            "steer": 0.0
        },
        {
            "throttle": 0.38414118413326787,
            "brake": 4.474983119122376e-19,
            "steer": 0.0
        },
        {
            "throttle": 0.3910854513738356,
            "brake": 3.1324881833856626e-19,
            "steer": 0.0
        },
        {
            "throttle": 0.3982868702751706,
            "brake": 2.1927417283699635e-19,
            "steer": 0.0
        },
        {
            "throttle": 0.40571405622028045,
            "brake": 1.5349192098589744e-19,
            "steer": 0.0
        },
        {
            "throttle": 0.413334640673268,
            "brake": 1.074443446901282e-19,
            "steer": 0.0
        },
        {
            "throttle": 0.4211154122451565,
            "brake": 7.521104128308974e-20,
            "steer": 0.0
        },
        {
            "throttle": 0.4290224614329667,
            "brake": 5.264772889816281e-20,
            "steer": 0.0
        },
        {
            "throttle": 0.4370213284012551,
            "brake": 3.6853410228713967e-20,
            "steer": 0.0
        },
        {
            "throttle": 0.44507715316206486,
            "brake": 2.5797387160099776e-20,
            "steer": 0.0
        },
        {
            "throttle": 0.45315482749878744,
            "brake": 1.8058171012069844e-20,
            "steer": 0.0
        },
        {
            "throttle": 0.46121914797183383,
            "brake": 1.264071970844889e-20,
            "steer": 0.0
        },
        {
            "throttle": 0.4692349693392985,
            "brake": 8.848503795914222e-21,
            "steer": 0.0
        },
        {
            "throttle": 0.47716735772399077,
            "brake": 6.193952657139955e-21,
            "steer": 0.0
        },
        {
            "throttle": 0.4849817428593146,
            "brake": 4.335766859997969e-21,
            "steer": 0.0
        },
        {
            "throttle": 0.49264406875049116,
            "brake": 3.035036801998578e-21,
            "steer": 0.0
        },
        {
            "throttle": 0.5001209420945255,
            "brake": 2.1245257613990044e-21,
            "steer": 0.0
        }
    ],
    "parameters": {
        "fog_density": 71.7292900314396,
        "precipitation": 8.056426233817948,
        "precipitation_deposits": 57.37053772545171,
        "wind_intensity": 21.75083736716622,
        "sun_altitude_angle": -4.017337807392025,
        "cloudiness": 74.20111143799033,
        "lead_base_throttle": 0.45009069049478284,
        "lead_behavior_frequency": 0.10508685753115117,
        "lead_throttle_variation": 0.12441973659542249,
        "lead_brake_probability": 0.012593323075272167,
        "lead_brake_intensity": 0.7148812955485728,
        "lead_brake_duration": 5.997987017110368,
        "initial_distance": 63.6026020632375,
        "initial_ego_velocity": 8.928803411653437,
        "initial_lead_velocity": 20.87294396874117
    },
    "config": {
        "num_timesteps": 200,
        "dt": 0.1,
        "seed": 149
    }
}