{
    "weather": {
        "cloudiness": 2.6499052599218142,
        "precipitation": 72.82507977880066,
        "precipitation_deposits": 46.09270303334381,
        "wind_intensity": 28.26304768782166,
        "sun_altitude_angle": 24.31984395739736,
        "fog_density": 5.643785434970798,
        "fog_distance": 828.5101582592058,
        "wetness": 36.41253988940033
    },
    "initial_conditions": {
        "ego": {
            "position": {
                "x": 531.9396371890052,
                "y": 20.57,
                "z": 0.294
            },
            "yaw": 0.0,
            "velocity": 9.337499199518845
        },
        "lead": {
            "position": {
                "x": 484.88,
                "y": 20.57,
                "z": 0.294
            },
            "yaw": 0.0,
            "velocity": 10.379141494306275
        }
    },
    "ego": {
        "position": {
            "x": 531.9396371890052,
            "y": 20.57,
            "z": 0.294
        },
        "yaw": 0.0,
        "velocity": 9.337499199518845
    },
    "lead": {
        "position": {
            "x": 484.88,
            "y": 20.57,
            "z": 0.294
        },
        "yaw": 0.0,
        "velocity": 10.379141494306275
    },
    "ado_actions": [
        {
            "throttle": 0.2038119168287772,
            "brake": 0.0,
            "steer": 0.0
        },
        {
            "throttle": 0.20634472484745398,
            "brake": 0.0,
            "steer": 0.0
        },
        {
            "throttle": 0.21058741438987016,
            "brake": 0.0,
            "steer": 0.0
        },
        {
            "throttle": 0.21590242404170087,
            "brake": 0.0,
            "steer": 0.0
        },
        {
            "throttle": 0.22178505125391554,
            "brake": 0.0,
            "steer": 0.0
        },
        {
            "throttle": 0.22782815278602708,
            "brake": 0.0,
            "steer": 0.0
        },
        {
            "throttle": 0.23369877628267913,
            "brake": 0.0,
            "steer": 0.0
        },
        {
            "throttle": 0.23912299670928638,
            "brake": 0.0,
            "steer": 0.0
        },
        {
            "throttle": 0.24387631950776525,
            "brake": 0.0,
            "steer": 0.0
        },
        {
            "throttle": 0.24777777842867815,
            "brake": 0.0,
            "steer": 0.0
        },
        {
            "throttle": 0.2506863972946716,
            "brake": 0.0,
            "steer": 0.0
        },
        {
            "throttle": 0.25249906939690886,
            "brake": 0.0,
            "steer": 0.0
        },
        {
            "throttle": 0.25314918324483676,
            "brake": 0.0,
            "steer": 0.0
        },
        {
            "throttle": 0.25260552202949016,
            "brake": 0.0,
            "steer": 0.0
        },
        {
            "throttle": 0.2508711094035964,
            "brake": 0.0,
            "steer": 0.0
        },
        {
            "throttle": 0.2479817819610872,
            "brake": 0.0,
            "steer": 0.0
        },
        {
            "throttle": 0.24400435011525007,
            "brake": 0.0,
            "steer": 0.0
        },
        {
            "throttle": 0.23903427148312734,
            "brake": 0.0,
            "steer": 0.0
        },
        {
            "throttle": 0.2331928095353673,
            "brake": 0.0,
            "steer": 0.0
        },
        {
            "throttle": 0.2266236886479011,
            "brake": 0.0,
            "steer": 0.0
        },
        {
            "throttle": 0.21948928712457874,
            "brake": 0.0,
            "steer": 0.0
        },
        {
            "throttle": 0.21196643379037938,
            "brake": 0.0,
            "steer": 0.0
        },
        {
            "throttle": 0.20424189239456975,
            "brake": 0.0,
            "steer": 0.0
        },
        {
            "throttle": 0.19650763197501797,
            "brake": 0.0,
            "steer": 0.0
        },
        {
            "throttle": 0.18895599096121762,
            "brake": 0.0,
            "steer": 0.0
        },
        {
            "throttle": 0.18177484844693403,
            "brake": 0.0,
            "steer": 0.0
        },
        {
            "throttle": 0.17514291798952433,
            "brake": 0.0,
            "steer": 0.0
        },
        {
            "throttle": 0.16922527771453522,
            "brake": 0.0,
            "steer": 0.0
        },
        {
            "throttle": 0.16416924564988886,
            "brake": 0.0,
            "steer": 0.0
        },
        {
            "throttle": 0.16010070133732512,
            "brake": 0.0,
            "steer": 0.0
        },
        {
            "throttle": 0.1571209441587815,
            "brake": 0.0,
            "steer": 0.0
        },
        {
            "throttle": 0.1553041658012903,
            "brake": 0.0,
            "steer": 0.0
        },
        {
            "throttle": 0.1546955992353775,
            "brake": 0.0,
            "steer": 0.0
        },
        {
            "throttle": 0.15531038990550775,
            "brake": 0.0,
            "steer": 0.0
        },
        {
            "throttle": 0.15713321696447635,
            "brake": 0.0,
            "steer": 0.0
        },
        {
            "throttle": 0.16011867378740358,
            "brake": 0.0,
            "steer": 0.0
        },
        {
            "throttle": 0.16419239814922945,
            "brake": 0.0,
            "steer": 0.0
        },
        {
            "throttle": 0.16925292381952206,
            "brake": 0.0,
            "steer": 0.0
        },
        {
            "throttle": 0.17517420738936215,
            "brake": 0.0,
            "steer": 0.0
        },
        {
            "throttle": 0.18180876734760357,
            "brake": 0.0,
            "steer": 0.0
        },
        {
            "throttle": 0.18899135718892326,
            "brake": 0.0,
            "steer": 0.0
        },
        {
            "throttle": 0.1965430810450561,
            "brake": 0.0,
            "steer": 0.0
        },
        {
            "throttle": 0.20427584931577597,
            "brake": 0.0,
            "steer": 0.0
        },
        {
            "throttle": 0.21199706331278348,
            "brake": 0.0,
            "steer": 0.0
        },
        {
            "throttle": 0.2195144122291131,
            "brake": 0.0,
            "steer": 0.0
        },
        {
            "throttle": 0.22664066295140578,
            "brake": 0.0,
            "steer": 0.0
        },
        {
            "throttle": 0.2331983234123328,
            "brake": 0.0,
            "steer": 0.0
        },
        {
            "throttle": 0.2390240633313402,
            "brake": 0.0,
            "steer": 0.0
        },
        {
            "throttle": 0.24397278223538144,
            "brake": 0.0,
            "steer": 0.0
        },
        {
            "throttle": 0.24792122343700107,
            "brake": 0.0,
            "steer": 0.0
        },
        {
            "throttle": 0.25077104395627536,
            "brake": 0.0,
            "steer": 0.0
        },
        {
            "throttle": 0.2524512639240849,
            "brake": 0.0,
            "steer": 0.0
        },
        {
            "throttle": 0.2529200344595113,
            "brake": 0.0,
            "steer": 0.0
        },
        {
            "throttle": 0.25216567998890477,
            "brake": 0.0,
            "steer": 0.0
        },
        {
            "throttle": 0.250206989045586,
            "brake": 0.0,
            "steer": 0.0
        },
        {
            "throttle": 0.24709274630713957,
            "brake": 0.0,
            "steer": 0.0
        },
        {
            "throttle": 0.24290051752563263,
            "brake": 0.0,
            "steer": 0.0
        },
        {
            "throttle": 0.2377347176141557,
            "brake": 0.0,
            "steer": 0.0
        },
        {
            "throttle": 0.23172401000737253,
            "brake": 0.0,
            "steer": 0.0
        },
        {
            "throttle": 0.2250181020695927,
            "brake": 0.0,
            "steer": 0.0
        },
        {
            "throttle": 0.21778401636640338,
            "brake": 0.0,
            "steer": 0.0
        },
        {
            "throttle": 0.21020193067045467,
            "brake": 0.0,
            "steer": 0.0
        },
        {
            "throttle": 0.20246069031344124,
            "brake": 0.0,
            "steer": 0.0
        },
        {
            "throttle": 0.19475310465712864,
            "brake": 0.0,
            "steer": 0.0
        },
        {
            "throttle": 0.187271144833174,
            "brake": 0.0,
            "steer": 0.0
        },
        {
            "throttle": 0.18020116236056902,
            "brake": 0.0,
            "steer": 0.0
        },
        {
            "throttle": 0.17371924772954045,
            "brake": 0.0,
            "steer": 0.0
        },
        {
            "throttle": 0.1679868445546306,
            "brake": 0.0,
            "steer": 0.0
        },
        {
            "throttle": 0.16314672853427561,
            "brake": 0.0,
            "steer": 0.0
        },
        {
            "throttle": 0.15931945136804548,
            "brake": 0.0,
            "steer": 0.0
        },
        {
            "throttle": 0.15660033820211194,
            "brake": 0.0,
            "steer": 0.0
        },
        {
            "throttle": 0.15505711338690562,
            "brake": 0.0,
            "steer": 0.0
        },
        {
            "throttle": 0.1547282136816913,
            "brake": 0.0,
            "steer": 0.0
        },
        {
            "throttle": 0.1556218309187016,
            "brake": 0.0,
            "steer": 0.0
        },
        {
            "throttle": 0.15771570797098175,
            "brake": 0.0,
            "steer": 0.0
        },
        {
            "throttle": 0.16095769310572905,
            "brake": 0.0,
            "steer": 0.0
        },
        {
            "throttle": 0.1652670389159709,
            "brake": 0.0,
            "steer": 0.0
        },
        {
            "throttle": 0.1705364134783772,
            "brake": 0.0,
            "steer": 0.0
        },
        {
            "throttle": 0.17663457364574425,
            "brake": 0.0,
            "steer": 0.0
        },
        {
            "throttle": 0.18340963389104484,
            "brake": 0.0,
            "steer": 0.0
        },
        {
            "throttle": 0.19069284928666905,
            "brake": 0.0,
            "steer": 0.0
        },
        {
            "throttle": 0.1983028183970277,
            "brake": 0.0,
            "steer": 0.0
        },
        {
            "throttle": 0.20605000140400193,
            "brake": 0.0,
            "steer": 0.0
        },
        {
            "throttle": 0.213741440933287,
            "brake": 0.0,
            "steer": 0.0
        },
        {
            "throttle": 0.2211855680010526,
            "brake": 0.0,
            "steer": 0.0
        },
        {
            "throttle": 0.2281969733802684,
            "brake": 0.0,
            "steer": 0.0
        },
        {
            "throttle": 0.23460102554732887,
            "brake": 0.0,
            "steer": 0.0
        },
        {
            "throttle": 0.240238220190802,
            "brake": 0.0,
            "steer": 0.0
        },
        {
            "throttle": 0.24496815295004867,
            "brake": 0.0,
            "steer": 0.0
        },
        {
            "throttle": 0.24867301643559075,
            "brake": 0.0,
            "steer": 0.0
        },
        {
            "throttle": 0.2512605344317143,
            "brake": 0.0,
            "steer": 0.0
        },
        {
            "throttle": 0.25266626019977273,
            "brake": 0.0,
            "steer": 0.0
        },
        {
            "throttle": 0.2528551816388575,
            "brake": 0.0,
            "steer": 0.0
        },
        {
            "throttle": 0.2518225933244546,
            "brake": 0.0,
            "steer": 0.0
        },
        {
            "throttle": 0.2495942137054126,
            "brake": 0.0,
            "steer": 0.0
        },
        {
            "throttle": 0.24622554454022308,
            "brake": 0.0,
            "steer": 0.0
        },
        {
            "throttle": 0.24180048852699326,
            "brake": 0.0,
            "steer": 0.0
        },
        {
            "throttle": 0.2364292595574945,
            "brake": 0.0,
            "steer": 0.0
        },
        {
            "throttle": 0.2302456376441273,
            "brake": 0.0,
            "steer": 0.0
        },
        {
            "throttle": 0.22340363689073062,
            "brake": 0.0,
            "steer": 0.0
        },
        {
            "throttle": 0.21607366949734882,
            "brake": 0.0,
            "steer": 0.0
        },
        {
            "throttle": 0.20843830134124225,
            "brake": 0.0,
            "steer": 0.0
        },
        {
            "throttle": 0.20068770484894624,
            "brake": 0.0,
            "steer": 0.0
        },
        {
            "throttle": 0.1930149224136896,
            "brake": 0.0,
            "steer": 0.0
        },
        {
            "throttle": 0.18561105833118643,
            "brake": 0.0,
            "steer": 0.0
        },
        {
            "throttle": 0.17866051900719504,
            "brake": 0.0,
            "steer": 0.0
        },
        {
            "throttle": 0.17233641998794036,
            "brake": 0.0,
            "steer": 0.0
        },
        {
            "throttle": 0.16679627420947907,
            "brake": 0.0,
            "steer": 0.0
        },
        {
            "throttle": 0.16217806885782626,
            "brake": 0.0,
            "steer": 0.0
        },
        {
            "throttle": 0.1585968285526213,
            "brake": 0.0,
            "steer": 0.0
        },
        {
            "throttle": 0.15614175045435771,
            "brake": 0.0,
            "steer": 0.0
        },
        {
            "throttle": 0.15487398265042765,
            "brake": 0.0,
            "steer": 0.0
        },
        {
            "throttle": 0.15482510115322862,
            "brake": 0.0,
            "steer": 0.0
        },
        {
            "throttle": 0.155996323443404,
            "brake": 0.0,
            "steer": 0.0
        },
        {
            "throttle": 0.15835847814632178,
            "brake": 0.0,
            "steer": 0.0
        },
        {
            "throttle": 0.16185273159705293,
            "brake": 0.0,
            "steer": 0.0
        },
        {
            "throttle": 0.16639205319745615,
            "brake": 0.0,
            "steer": 0.0
        },
        {
            "throttle": 0.17186338306804372,
            "brake": 0.0,
            "steer": 0.0
        },
        {
            "throttle": 0.1781304480054033,
            "brake": 0.0,
            "steer": 0.0
        },
        {
            "throttle": 0.18503715560874612,
            "brake": 0.0,
            "steer": 0.0
        },
        {
            "throttle": 0.19241148203882238,
            "brake": 0.0,
            "steer": 0.0
        },
        {
            "throttle": 0.2000697565776524,
            "brake": 0.0,
            "steer": 0.0
        },
        {
            "throttle": 0.20782123627449062,
            "brake": 0.0,
            "steer": 0.0
        },
        {
            "throttle": 0.2154728567383281,
            "brake": 0.0,
            "steer": 0.0
        },
        {
            "throttle": 0.22283404074999402,
            "brake": 0.0,
            "steer": 0.0
        },
        {
            "throttle": 0.22972144492681823,
            "brake": 0.0,
            "steer": 0.0
        },
        {
            "throttle": 0.23596352621572747,
            "brake": 0.0,
            "steer": 0.0
        },
        {
            "throttle": 0.24140481447814122,
            "brake": 0.0,
            "steer": 0.0
        },
        {
            "throttle": 0.24590978475033984,
            "brake": 0.0,
            "steer": 0.0
        },
        {
            "throttle": 0.24936623273377245,
            "brake": 0.0,
            "steer": 0.0
        },
        {
            "throttle": 0.25168806944271316,
            "brake": 0.0,
            "steer": 0.0
        },
        {
            "throttle": 0.25281746540359484,
            "brake": 0.0,
            "steer": 0.0
        },
        {
            "throttle": 0.25272629100092175,
            "brake": 0.0,
            "steer": 0.0
        },
        {
            "throttle": 0.2514168170953832,
            "brake": 0.0,
            "steer": 0.0
        },
        {
            "throttle": 0.24892165846402858,
            "brake": 0.0,
            "steer": 0.0
        },
        {
            "throttle": 0.24530296147122616,
            "brake": 0.0,
            "steer": 0.0
        },
        {
            "throttle": 0.240650856202906,
            "brake": 0.0,
            "steer": 0.0
        },
        {
            "throttle": 0.2350812116164369,
            "brake": 0.0,
            "steer": 0.0
        },
        {
            "throttle": 0.22873274961812298,
            "brake": 0.0,
            "steer": 0.0
        },
        {
            "throttle": 0.22176358994735385,
            "brake": 0.0,
            "steer": 0.0
        },
        {
            "throttle": 0.21434731192321488,
            "brake": 0.0,
            "steer": 0.0
        },
        {
            "throttle": 0.20666863114276396,
            "brake": 0.0,
            "steer": 0.0
        },
        {
            "throttle": 0.19891879881049498,
            "brake": 0.0,
            "steer": 0.0
        },
        {
            "throttle": 0.19129083828687177,
            "brake": 0.0,
            "steer": 0.0
        },
        {
            "throttle": 0.18397473749816529,
            "brake": 0.0,
            "steer": 0.0
        },
        {
            "throttle": 0.177152716949179,
            "brake": 0.0,
            "steer": 0.0
        },
        {
            "throttle": 0.17099469119742355,
            "brake": 0.0,
            "steer": 0.0
        },
        {
            "throttle": 0.16565403682879967,
            "brake": 0.0,
            "steer": 0.0
        },
        {
            "throttle": 0.1612637723408838,
            "brake": 0.0,
            "steer": 0.0
        },
        {
            "throttle": 0.15793324508061843,
            "brake": 0.0,
            "steer": 0.0
        },
        {
            "throttle": 0.15574540775411777,
            "brake": 0.0,
            "steer": 0.0
        },
        {
            "throttle": 0.15475475234195676,
            "brake": 0.0,
            "steer": 0.0
        },
        {
            "throttle": 0.15498595287945888,
            "brake": 0.0,
            "steer": 0.0
        },
        {
            "throttle": 0.15643325090595342,
            "brake": 0.0,
            "steer": 0.0
        },
        {
            "throttle": 0.15906059888948235,
            "brake": 0.0,
            "steer": 0.0
        },
        {
            "throttle": 0.16280255805470897,
            "brake": 0.0,
            "steer": 0.0
        },
        {
            "throttle": 0.16756592825202707,
            "brake": 0.0,
            "steer": 0.0
        },
        {
            "throttle": 0.17323206927308127,
            "brake": 0.0,
            "steer": 0.0
        },
        {
            "throttle": 0.1796598557962059,
            "brake": 0.0,
            "steer": 0.0
        },
        {
            "throttle": 0.18668919236361,
            "brake": 0.0,
            "steer": 0.0
        },
        {
            "throttle": 0.19414500084354852,
            "brake": 0.0,
            "steer": 0.0
        },
        {
            "throttle": 0.20184158106264077,
            "brake": 0.0,
            "steer": 0.0
        },
        {
            "throttle": 0.2095872359990322,
            "brake": 0.0,
            "steer": 0.0
        },
        {
            "throttle": 0.2171890463377345,
            "brake": 0.0,
            "steer": 0.0
        },
        {
            "throttle": 0.2244576754693508,
            "brake": 0.0,
            "steer": 0.0
        },
        {
            "throttle": 0.23121208525514514,
            "brake": 0.0,
            "steer": 0.0
        },
        {
            "throttle": 0.2372840451039374,
            "brake": 0.0,
            "steer": 0.0
        },
        {
            "throttle": 0.2425223220542434,
            "brake": 0.0,
            "steer": 0.0
        },
        {
            "throttle": 0.2467964475002097,
            "brake": 0.0,
            "steer": 0.0
        },
        {
            "throttle": 0.2499999667443341,
            "brake": 0.0,
            "steer": 0.0
        },
        {
            "throttle": 0.2520530904410799,
            "brake": 0.0,
            "steer": 0.0
        },
        {
            "throttle": 0.25290468189246396,
            "brake": 0.0,
            "steer": 0.0
        },
        {
            "throttle": 0.25253353069848794,
            "brake": 0.0,
            "steer": 0.0
        },
        {
            "throttle": 0.2509488810398811,
            "brake": 0.0,
            "steer": 0.0
        },
        {
            "throttle": 0.24819020143533504,
            "brake": 0.0,
            "steer": 0.0
        },
        {
            "throttle": 0.24432620170783456,
            "brake": 0.0,
            "steer": 0.0
        },
        {
            "throttle": 0.2394531216442881,
            "brake": 0.0,
            "steer": 0.0
        },
        {
            "throttle": 0.23369233397243308,
            "brake": 0.0,
            "steer": 0.0
        },
        {
            "throttle": 0.22718732135714081,
            "brake": 0.0,
            "steer": 0.0
        },
        {
            "throttle": 0.2201001027094058,
            "brake": 0.0,
            "steer": 0.0
        },
        {
            "throttle": 0.21260719781715068,
            "brake": 0.0,
            "steer": 0.0
        },
        {
            "throttle": 0.20489523080589578,
            "brake": 0.0,
            "steer": 0.0
        },
        {
            "throttle": 0.19715628193292625,
            "brake": 0.0,
            "steer": 0.0
        },
        {
            "throttle": 0.18958310348679142,
            "brake": 0.0,
            "steer": 0.0
        },
        {
            "throttle": 0.1823643189486702,
            "brake": 0.0,
            "steer": 0.0
        },
        {
            "throttle": 0.17567972498902876,
            "brake": 0.0,
            "steer": 0.0
        },
        {
            "throttle": 0.16969581331170097,
            "brake": 0.0,
            "steer": 0.0
        },
        {
            "throttle": 0.1645616238818313,
            "brake": 0.0,
            "steer": 0.0
        },
        {
            "throttle": 0.16040503282041463,
            "brake": 0.0,
            "steer": 0.0
        },
        {
            "throttle": 0.15732956742202328,
            "brake": 0.0,
            "steer": 0.0
        },
        {
            "throttle": 0.15541182762337022,
            "brake": 0.0,
            "steer": 0.0
        },
        {
            "throttle": 0.15469957814562108,
            "brake": 0.0,
            "steer": 0.0
        },
        {
            "throttle": 0.15521055882904455,
            "brake": 0.0,
            "steer": 0.0
        },
        {
            "throttle": 0.15693204279073306,
            "brake": 0.0,
            "steer": 0.0
        },
        {
            "throttle": 0.15982115341026135,
            "brake": 0.0,
            "steer": 0.0
        },
        {
            "throttle": 0.16380593224819182,
            "brake": 0.0,
            "steer": 0.0
        },
        {
            "throttle": 0.168787131299016,
            "brake": 0.0,
            "steer": 0.0
        },
        {
            "throttle": 0.17464068493928475,
            "brake": 0.0,
            "steer": 0.0
        },
        {
            "throttle": 0.1812208000026614,
            "brake": 0.0,
            "steer": 0.0
        },
        {
            "throttle": 0.18836358701808162,
            "brake": 0.0,
            "steer": 0.0
        }
    ],
    "parameters": {
        "fog_density": 5.643785434970798,
        "precipitation": 72.82507977880066,
        "precipitation_deposits": 46.09270303334381,
        "wind_intensity": 28.26304768782166,
        "sun_altitude_angle": 24.31984395739736,
        "cloudiness": 2.6499052599218142,
        "lead_base_throttle": 0.2038119168287772,
        "lead_behavior_frequency": 0.25143784753795645,
        "lead_throttle_variation": 0.05366344775392343,
        "lead_brake_probability": 0.0204158527477006,
        "lead_brake_intensity": 0.7266106661355204,
        "lead_brake_duration": 14.915493466975558,
        "initial_distance": 47.0596371890052,
        "initial_ego_velocity": 9.337499199518845,
        "initial_lead_velocity": 10.379141494306275
    },
    "config": {
        "num_timesteps": 200,
        "dt": 0.1,
        "seed": 128
    }
}