{
    "weather": {
        "cloudiness": 21.692794196694432,
        "precipitation": 46.59440507848712,
        "precipitation_deposits": 90.6608656888603,
        "wind_intensity": 8.197928259376507,
        "sun_altitude_angle": 19.280190874404887,
        "fog_density": 78.58394917228115,
        "fog_distance": 72.84182478965795,
        "wetness": 23.29720253924356
    },
    "initial_conditions": {
        "ego": {
            "position": {
                "x": 552.9669128874308,
                "y": 20.57,
                "z": 0.294
            },
            "yaw": 0.0,
            "velocity": 15.940927042168672
        },
        "lead": {
            "position": {
                "x": 484.88,
                "y": 20.57,
                "z": 0.294
            },
            "yaw": 0.0,
            "velocity": 5.410229774750692
        }
    },
    "ego": {
        "position": {
            "x": 552.9669128874308,
            "y": 20.57,
            "z": 0.294
        },
        "yaw": 0.0,
        "velocity": 15.940927042168672
    },
    "lead": {
        "position": {
            "x": 484.88,
            "y": 20.57,
            "z": 0.294
        },
        "yaw": 0.0,
        "velocity": 5.410229774750692
    },
    "ado_actions": [
        {
            "throttle": 0.48287714792055497,
            "brake": 0.0,
            "steer": 0.0
        },
        {
            "throttle": 0.49153388679233806,
            "brake": 0.0,
            "steer": 0.0
        },
        {
            "throttle": 0.5061273416945503,
            "brake": 0.0,
            "steer": 0.0
        },
        {
            "throttle": 0.5246322431477641,
            "brake": 0.0,
            "steer": 0.0
        },
        {
            "throttle": 0.5455131195721494,
            "brake": 0.0,
            "steer": 0.0
        },
        {
            "throttle": 0.5675825020087341,
            "brake": 0.0,
            "steer": 0.0
        },
        {
            "throttle": 0.5899032678782241,
            "brake": 0.0,
            "steer": 0.0
        },
        {
            "throttle": 0.6117217862347644,
            "brake": 0.0,
            "steer": 0.0
        },
        {
            "throttle": 0.6324225068560401,
            "brake": 0.0,
            "steer": 0.0
        },
        {
            "throttle": 0.6514974230953502,
            "brake": 0.0,
            "steer": 0.0
        },
        {
            "throttle": 0.66852579167574,
            "brake": 0.0,
            "steer": 0.0
        },
        {
            "throttle": 0.6831608620823761,
            "brake": 0.0,
            "steer": 0.0
        },
        {
            "throttle": 0.6951213292617999,
            "brake": 0.0,
            "steer": 0.0
        },
        {
            "throttle": 0.7041858986794672,
            "brake": 0.0,
            "steer": 0.0
        },
        {
            "throttle": 0.71018982828279,
            "brake": 0.0,
            "steer": 0.0
        },
        {
            "throttle": 0.7130226476305088,
            "brake": 0.0,
            "steer": 0.0
        },
        {
            "throttle": 0.7126264923852338,
            "brake": 0.0,
            "steer": 0.0
        },
        {
            "throttle": 0.7089946618858899,
            "brake": 0.0,
            "steer": 0.0
        },
        {
            "throttle": 0.702170129131525,
            "brake": 0.0,
            "steer": 0.0
        },
        {
            "throttle": 0.6922438205331859,
            "brake": 0.0,
            "steer": 0.0
        },
        {
            "throttle": 0.6793525472062268,
            "brake": 0.0,
            "steer": 0.0
        },
        {
            "throttle": 0.6636765173276261,
            "brake": 0.0,
            "steer": 0.0
        },
        {
            "throttle": 0.64543639499615,
            "brake": 0.0,
            "steer": 0.0
        },
        {
            "throttle": 0.6248898984493328,
            "brake": 0.0,
            "steer": 0.0
        },
        {
            "throttle": 0.6023279517171494,
            "brake": 0.0,
            "steer": 0.0
        },
        {
            "throttle": 0.5780704204138811,
            "brake": 0.0,
            "steer": 0.0
        },
        {
            "throttle": 0.5524614754721167,
            "brake": 0.0,
            "steer": 0.0
        },
        {
            "throttle": 0.5258646389447887,
            "brake": 0.0,
            "steer": 0.0
        },
        {
            "throttle": 0.49865757404341005,
            "brake": 0.0,
            "steer": 0.0
        },
        {
            "throttle": 0.4712266876821415,
            "brake": 0.0,
            "steer": 0.0
        },
        {
            "throttle": 0.4439616181885539,
            "brake": 0.0,
            "steer": 0.0
        },
        {
            "throttle": 0.41724968368260335,
            "brake": 0.0,
            "steer": 0.0
        },
        {
            "throttle": 0.3914703680305106,
            "brake": 0.0,
            "steer": 0.0
        },
        {
            "throttle": 0.3669899213387656,
            "brake": 0.0,
            "steer": 0.0
        },
        {
            "throttle": 0.34415615074070527,
            "brake": 0.0,
            "steer": 0.0
        },
        {
            "throttle": 0.3232934748145833,
            "brake": 0.0,
            "steer": 0.0
        },
        {
            "throttle": 0.30469831142938886,
            "brake": 0.0,
            "steer": 0.0
        },
        {
            "throttle": 0.2886348642193257,
            "brake": 0.0,
            "steer": 0.0
        },
        {
            "throttle": 0.2753313673234319,
            "brake": 0.0,
            "steer": 0.0
        },
        {
            "throttle": 0.26497684158515494,
            "brake": 0.0,
            "steer": 0.0
        },
        {
            "throttle": 0.25771840818829544,
            "brake": 0.0,
            "steer": 0.0
        },
        {
            "throttle": 0.25365919781942614,
            "brake": 0.0,
            "steer": 0.0
        },
        {
            "throttle": 0.25285688500913106,
            "brake": 0.0,
            "steer": 0.0
        },
        {
            "throttle": 0.2553228684381526,
            "brake": 0.0,
            "steer": 0.0
        },
        {
            "throttle": 0.26102210882791455,
            "brake": 0.0,
            "steer": 0.0
        },
        {
            "throttle": 0.26987362669965587,
            "brake": 0.0,
            "steer": 0.0
        },
        {
            "throttle": 0.28175165291626225,
            "brake": 0.0,
            "steer": 0.0
        },
        {
            "throttle": 0.2964874156496926,
            "brake": 0.0,
            "steer": 0.0
        },
        {
            "throttle": 0.31387153837691895,
            "brake": 0.0,
            "steer": 0.0
        },
        {
            "throttle": 0.3336570148273317,
            "brake": 0.0,
            "steer": 0.0
        },
        {
            "throttle": 0.3555627186082001,
            "brake": 0.0,
            "steer": 0.0
        },
        {
            "throttle": 0.37927739763865076,
            "brake": 0.0,
            "steer": 0.0
        },
        {
            "throttle": 0.40446409663479405,
            "brake": 0.0,
            "steer": 0.0
        },
        {
            "throttle": 0.4307649448070423,
            "brake": 0.0,
            "steer": 0.0
        },
        {
            "throttle": 0.4578062407417962,
            "brake": 0.0,
            "steer": 0.0
        },
        {
            "throttle": 0.485203762217298,
            "brake": 0.0,
            "steer": 0.0
        },
        {
            "throttle": 0.5125682255075866,
            "brake": 0.0,
            "steer": 0.0
        },
        {
            "throttle": 0.5395108166045666,
            "brake": 0.0,
            "steer": 0.0
        },
        {
            "throttle": 0.5656487157664204,
            "brake": 0.0,
            "steer": 0.0
        },
        {
            "throttle": 0.5906105368954717,
            "brake": 0.0,
            "steer": 0.0
        },
        {
            "throttle": 0.6140416044588106,
            "brake": 0.0,
            "steer": 0.0
        },
        {
            "throttle": 0.6356089929733295,
            "brake": 0.0,
            "steer": 0.0
        },
        {
            "throttle": 0.6550062574504926,
            "brake": 0.0,
            "steer": 0.0
        },
        {
            "throttle": 0.6719577875872417,
            "brake": 0.0,
            "steer": 0.0
        },
        {
            "throttle": 0.6862227238355374,
            "brake": 0.0,
            "steer": 0.0
        },
        {
            "throttle": 0.6975983797081833,
            "brake": 0.0,
            "steer": 0.0
        },
        {
            "throttle": 0.7059231216943367,
            "brake": 0.0,
            "steer": 0.0
        },
        {
            "throttle": 0.7110786658647872,
            "brake": 0.0,
            "steer": 0.0
        },
        {
            "throttle": 0.7129917585351726,
            "brake": 0.0,
            "steer": 0.0
        },
        {
            "throttle": 0.7116352171070589,
            "brake": 0.0,
            "steer": 0.0
        },
        {
            "throttle": 0.7070283162978591,
            "brake": 0.0,
            "steer": 0.0
        },
        {
            "throttle": 0.6992365142717588,
            "brake": 0.0,
            "steer": 0.0
        },
        {
            "throttle": 0.688370522562974,
            "brake": 0.0,
            "steer": 0.0
        },
        {
            "throttle": 0.6745847330065426,
            "brake": 0.0,
            "steer": 0.0
        },
        {
            "throttle": 0.6580750240279472,
            "brake": 0.0,
            "steer": 0.0
        },
        {
            "throttle": 0.6390759774613867,
            "brake": 0.0,
            "steer": 0.0
        },
        {
            "throttle": 0.6178575454421463,
            "brake": 0.0,
            "steer": 0.0
        },
        {
            "throttle": 0.5947212147322594,
            "brake": 0.0,
            "steer": 0.0
        },
        {
            "throttle": 0.5699957229794833,
            "brake": 0.0,
            "steer": 0.0
        },
        {
            "throttle": 0.5440323877760678,
            "brake": 0.0,
            "steer": 0.0
        },
        {
            "throttle": 0.5172001148854112,
            "brake": 0.0,
            "steer": 0.0
        },
        {
            "throttle": 0.4898801565633162,
            "brake": 0.0,
            "steer": 0.0
        },
        {
            "throttle": 0.4624606944513901,
            "brake": 0.0,
            "steer": 0.0
        },
        {
            "throttle": 0.43533132401274144,
            "brake": 0.0,
            "steer": 0.0
        },
        {
            "throttle": 0.4088775188790829,
            "brake": 0.0,
            "steer": 0.0
        },
        {
            "throttle": 0.38347515376378316,
            "brake": 0.0,
            "steer": 0.0
        },
        {
            "throttle": 0.35948516376326234,
            "brake": 0.0,
            "steer": 0.0
        },
        {
            "throttle": 0.33724841593122423,
            "brake": 0.0,
            "steer": 0.0
        },
        {
            "throttle": 0.3170808659940904,
            "brake": 0.0,
            "steer": 0.0
        },
        {
            "throttle": 0.29926906902451195,
            "brake": 0.0,
            "steer": 0.0
        },
        {
            "throttle": 0.28406610786054165,
            "brake": 0.0,
            "steer": 0.0
        },
        {
            "throttle": 0.2716879971224202,
            "brake": 0.0,
            "steer": 0.0
        },
        {
            "throttle": 0.26231061392129396,
            "brake": 0.0,
            "steer": 0.0
        },
        {
            "throttle": 0.2560671988705667,
            "brake": 0.0,
            "steer": 0.0
        },
        {
            "throttle": 0.25304646290731464,
            "brake": 0.0,
            "steer": 0.0
        },
        {
            "throttle": 0.2532913268234091,
            "brake": 0.0,
            "steer": 0.0
        },
        {
            "throttle": 0.25679831141599785,
            "brake": 0.0,
            "steer": 0.0
        },
        {
            "throttle": 0.2635175869225242,
            "brake": 0.0,
            "steer": 0.0
        },
        {
            "throttle": 0.2733536810378774,
            "brake": 0.0,
            "steer": 0.0
        },
        {
            "throttle": 0.28616683545365534,
            "brake": 0.0,
            "steer": 0.0
        },
        {
            "throttle": 0.3017749916448539,
            "brake": 0.0,
            "steer": 0.0
        },
        {
            "throttle": 0.3199563776884947,
            "brake": 0.0,
            "steer": 0.0
        },
        {
            "throttle": 0.3404526593588105,
            "brake": 0.0,
            "steer": 0.0
        },
        {
            "throttle": 0.36297261072595743,
            "brake": 0.0,
            "steer": 0.0
        },
        {
            "throttle": 0.3871962521037451,
            "brake": 0.0,
            "steer": 0.0
        },
        {
            "throttle": 0.41277939655144336,
            "brake": 0.0,
            "steer": 0.0
        },
        {
            "throttle": 0.43935854032969335,
            "brake": 0.0,
            "steer": 0.0
        },
        {
            "throttle": 0.4665560278234044,
            "brake": 0.0,
            "steer": 0.0
        },
        {
            "throttle": 0.49398541754469216,
            "brake": 0.0,
            "steer": 0.0
        },
        {
            "throttle": 0.5212569729718244,
            "brake": 0.0,
            "steer": 0.0
        },
        {
            "throttle": 0.5479832002063807,
            "brake": 0.0,
            "steer": 0.0
        },
        {
            "throttle": 0.5737843537656049,
            "brake": 0.0,
            "steer": 0.0
        },
        {
            "throttle": 0.5982938322796877,
            "brake": 0.0,
            "steer": 0.0
        },
        {
            "throttle": 0.6211633874280282,
            "brake": 0.0,
            "steer": 0.0
        },
        {
            "throttle": 0.6420680721021548,
            "brake": 0.0,
            "steer": 0.0
        },
        {
            "throttle": 0.6607108574882443,
            "brake": 0.0,
            "steer": 0.0
        },
        {
            "throttle": 0.6768268534664071,
            "brake": 0.0,
            "steer": 0.0
        },
        {
            "throttle": 0.690187072360264,
            "brake": 0.0,
            "steer": 0.0
        },
        {
            "throttle": 0.48313095065218475,
            "brake": 0.20677986497929682,
            "steer": 0.0
        },
        {
            "throttle": 0.3381916654565293,
            "brake": 0.3515257704648046,
            "steer": 0.0
        },
        {
            "throttle": 0.2367341658195705,
            "brake": 0.45284790430466004,
            "steer": 0.0
        },
        {
            "throttle": 0.16571391607369934,
            "brake": 0.5237733979925588,
            "steer": 0.0
        },
        {
            "throttle": 0.11599974125158953,
            "brake": 0.573421243574088,
            "steer": 0.0
        },
        {
            "throttle": 0.08119981887611266,
            "brake": 0.6081747354811584,
            "steer": 0.0
        },
        {
            "throttle": 0.05683987321327886,
            "brake": 0.6325021798161077,
            "steer": 0.0
        },
        {
            "throttle": 0.0397879112492952,
            "brake": 0.6495313908505722,
            "steer": 0.0
        },
        {
            "throttle": 0.027851537874506636,
            "brake": 0.6614518385746974,
            "steer": 0.0
        },
        {
            "throttle": 0.019496076512154643,
            "brake": 0.6697961519815849,
            "steer": 0.0
        },
        {
            "throttle": 0.1895824299174177,
            "brake": 0.46885730638710943,
            "steer": 0.0
        },
        {
            "throttle": 0.30059463096175426,
            "brake": 0.3282001144709766,
            "steer": 0.0
        },
        {
            "throttle": 0.36992778682703165,
            "brake": 0.22974008012968358,
            "steer": 0.0
        },
        {
            "throttle": 0.4098774760400485,
            "brake": 0.1608180560907785,
            "steer": 0.0
        },
        {
            "throttle": 0.42917256440140095,
            "brake": 0.11257263926354495,
            "steer": 0.0
        },
        {
            "throttle": 0.4340464432283631,
            "brake": 0.07880084748448146,
            "steer": 0.0
        },
        {
            "throttle": 0.42898514582006564,
            "brake": 0.05516059323913702,
            "steer": 0.0
        },
        {
            "throttle": 0.41724928615036133,
            "brake": 0.03861241526739591,
            "steer": 0.0
        },
        {
            "throttle": 0.4012377053555744,
            "brake": 0.027028690687177136,
            "steer": 0.0
        },
        {
            "throttle": 0.3827403702195678,
            "brake": 0.018920083481023992,
            "steer": 0.0
        },
        {
            "throttle": 0.36311382809985643,
            "brake": 0.013244058436716794,
            "steer": 0.0
        },
        {
            "throttle": 0.343402553770093,
            "brake": 0.009270840905701756,
            "steer": 0.0
        },
        {
            "throttle": 0.324422543921289,
            "brake": 0.006489588633991229,
            "steer": 0.0
        },
        {
            "throttle": 0.3068186274988796,
            "brake": 0.00454271204379386,
            "steer": 0.0
        },
        {
            "throttle": 0.29110353673267864,
            "brake": 0.0031798984306557017,
            "steer": 0.0
        },
        {
            "throttle": 0.27768438512490456,
            "brake": 0.002225928901458991,
            "steer": 0.0
        },
        {
            "throttle": 0.26688051716811356,
            "brake": 0.0015581502310212936,
            "steer": 0.0
        },
        {
            "throttle": 0.2589355148645026,
            "brake": 0.0010907051617149053,
            "steer": 0.0
        },
        {
            "throttle": 0.25402531753448815,
            "brake": 0.0007634936132004336,
            "steer": 0.0
        },
        {
            "throttle": 0.2522638285020955,
            "brake": 0.0005344455292403035,
            "steer": 0.0
        },
        {
            "throttle": 0.2537069712650735,
            "brake": 0.0003741118704682124,
            "steer": 0.0
        },
        {
            "throttle": 0.25835586710696334,
            "brake": 0.0002618783093277487,
            "steer": 0.0
        },
        {
            "throttle": 0.26615959971447206,
            "brake": 0.00018331481652942409,
            "steer": 0.0
        },
        {
            "throttle": 0.27701788501768243,
            "brake": 0.00012832037157059685,
            "steer": 0.0
        },
        {
            "throttle": 0.2907838585675303,
            "brake": 8.982426009941779e-05,
            "steer": 0.0
        },
        {
            "throttle": 0.30726711602009427,
            "brake": 6.287698206959245e-05,
            "steer": 0.0
        },
        {
            "throttle": 0.32623708614853425,
            "brake": 4.4013887448714714e-05,
            "steer": 0.0
        },
        {
            "throttle": 0.3474267742920566,
            "brake": 3.08097212141003e-05,
            "steer": 0.0
        },
        {
            "throttle": 0.37053688313717753,
            "brake": 2.156680484987021e-05,
            "steer": 0.0
        },
        {
            "throttle": 0.3952402943396821,
            "brake": 1.5096763394909145e-05,
            "steer": 0.0
        },
        {
            "throttle": 0.4211868767507631,
            "brake": 1.05677343764364e-05,
            "steer": 0.0
        },
        {
            "throttle": 0.4480085735377179,
            "brake": 7.39741406350548e-06,
            "steer": 0.0
        },
        {
            "throttle": 0.47532471034411217,
            "brake": 5.178189844453836e-06,
            "steer": 0.0
        },
        {
            "throttle": 0.5027474591657155,
            "brake": 3.624732891117685e-06,
            "steer": 0.0
        },
        {
            "throttle": 0.5298873873764521,
            "brake": 2.537313023782379e-06,
            "steer": 0.0
        },
        {
            "throttle": 0.55635901800806,
            "brake": 1.7761191166476652e-06,
            "steer": 0.0
        },
        {
            "throttle": 0.5817863257427749,
            "brake": 1.2432833816533656e-06,
            "steer": 0.0
        },
        {
            "throttle": 0.605808092952659,
            "brake": 8.702983671573559e-07,
            "steer": 0.0
        },
        {
            "throttle": 0.6280830513803609,
            "brake": 6.092088570101491e-07,
            "steer": 0.0
        },
        {
            "throttle": 0.6482947375926782,
            "brake": 4.2644619990710435e-07,
            "steer": 0.0
        },
        {
            "throttle": 0.6661559940487936,
            "brake": 2.98512339934973e-07,
            "steer": 0.0
        },
        {
            "throttle": 0.6814130524109228,
            "brake": 2.089586379544811e-07,
            "steer": 0.0
        },
        {
            "throttle": 0.6938491414862665,
            "brake": 1.4627104656813677e-07,
            "steer": 0.0
        },
        {
            "throttle": 0.7032875688212841,
            "brake": 1.0238973259769574e-07,
            "steer": 0.0
        },
        {
            "throttle": 0.7095942323624588,
            "brake": 7.167281281838701e-08,
            "steer": 0.0
        },
        {
            "throttle": 0.712679526635846,
            "brake": 5.0170968972870904e-08,
            "steer": 0.0
        },
        {
            "throttle": 0.7124996164588753,
            "brake": 3.511967828100963e-08,
            "steer": 0.0
        },
        {
            "throttle": 0.7090570601550816,
            "brake": 2.4583774796706737e-08,
            "steer": 0.0
        },
        {
            "throttle": 0.7024007734646263,
            "brake": 1.7208642357694715e-08,
            "steer": 0.0
        },
        {
            "throttle": 0.6926253346969511,
            "brake": 1.20460496503863e-08,
            "steer": 0.0
        },
        {
            "throttle": 0.6798696410219516,
            "brake": 8.43223475527041e-09,
            "steer": 0.0
        },
        {
            "throttle": 0.6643149350084953,
            "brake": 5.902564328689286e-09,
            "steer": 0.0
        },
        {
            "throttle": 0.6461822294621569,
            "brake": 4.1317950300825e-09,
            "steer": 0.0
        },
        {
            "throttle": 0.6257291671599914,
            "brake": 2.89225652105775e-09,
            "steer": 0.0
        },
        {
            "throttle": 0.6032463601071306,
            "brake": 2.024579564740425e-09,
            "steer": 0.0
        },
        {
            "throttle": 0.5790532603336351,
            "brake": 1.4172056953182975e-09,
            "steer": 0.0
        },
        {
            "throttle": 0.553493620905053,
            "brake": 9.920439867228082e-10,
            "steer": 0.0
        },
        {
            "throttle": 0.5269306116418524,
            "brake": 6.944307907059657e-10,
            "steer": 0.0
        },
        {
            "throttle": 0.49974165894845884,
            "brake": 4.86101553494176e-10,
            "steer": 0.0
        },
        {
            "throttle": 0.4723130830722677,
            "brake": 3.402710874459232e-10,
            "steer": 0.0
        },
        {
            "throttle": 0.44503460899098435,
            "brake": 2.3818976121214623e-10,
            "steer": 0.0
        },
        {
            "throttle": 0.41829382892201916,
            "brake": 1.6673283284850234e-10,
            "steer": 0.0
        },
        {
            "throttle": 0.39247069513491767,
            "brake": 1.1671298299395163e-10,
            "steer": 0.0
        },
        {
            "throttle": 0.3679321213171423,
            "brake": 8.169908809576614e-11,
            "steer": 0.0
        },
        {
            "throttle": 0.34502676920104375,
            "brake": 5.718936166703629e-11,
            "steer": 0.0
        },
        {
            "throttle": 0.32408009452749587,
            "brake": 4.00325531669254e-11,
            "steer": 0.0
        },
        {
            "throttle": 0.30538972273678583,
            "brake": 2.802278721684778e-11,
            "steer": 0.0
        },
        {
            "throttle": 0.2892212200923282,
            "brake": 1.9615951051793444e-11,
            "steer": 0.0
        },
        {
            "throttle": 0.2758043203241623,
            "brake": 1.373116573625541e-11,
            "steer": 0.0
        },
        {
            "throttle": 0.2653296604068245,
            "brake": 9.611816015378786e-12,
            "steer": 0.0
        },
        {
            "throttle": 0.2579460718520339,
            "brake": 6.72827121076515e-12,
            "steer": 0.0
        },
        {
            "throttle": 0.253758466003468,
            "brake": 4.709789847535605e-12,
            "steer": 0.0
        }
    ],
    "parameters": {
        "fog_density": 78.58394917228115,
        "precipitation": 46.59440507848712,
        "precipitation_deposits": 90.6608656888603,
        "wind_intensity": 8.197928259376507,
        "sun_altitude_angle": 19.280190874404887,
        "cloudiness": 21.692794196694432,
        "lead_base_throttle": 0.48287714792055497,
        "lead_behavior_frequency": 0.18982572291030436,
        "lead_throttle_variation": 0.2425092463857862,
        "lead_brake_probability": 0.03784462798442675,
        "lead_brake_intensity": 0.6892662165976561,
        "lead_brake_duration": 10.055285704493048,
        "initial_distance": 68.08691288743081,
        "initial_ego_velocity": 15.940927042168672,
        "initial_lead_velocity": 5.410229774750692
    },
    "config": {
        "num_timesteps": 200,
        "dt": 0.1,
        "seed": 211
    }
}