{
    "weather": {
        "cloudiness": 64.91508840429611,
        "precipitation": 46.330901382997126,
        "precipitation_deposits": 94.63345624288576,
        "wind_intensity": 0.6743703751230512,
        "sun_altitude_angle": 81.1138919743403,
        "fog_density": 53.19545402206538,
        "fog_distance": 169.79188449586468,
        "wetness": 23.165450691498563
    },
    "initial_conditions": {
        "ego": {
            "position": {
                "x": 527.1664737542995,
                "y": 20.57,
                "z": 0.294
            },
            "yaw": 0.0,
            "velocity": 11.531990292766565
        },
        "lead": {
            "position": {
                "x": 484.88,
                "y": 20.57,
                "z": 0.294
            },
            "yaw": 0.0,
            "velocity": 24.248646059444624
        }
    },
    "ego": {
        "position": {
            "x": 527.1664737542995,
            "y": 20.57,
            "z": 0.294
        },
        "yaw": 0.0,
        "velocity": 11.531990292766565
    },
    "lead": {
        "position": {
            "x": 484.88,
            "y": 20.57,
            "z": 0.294
        },
        "yaw": 0.0,
        "velocity": 24.248646059444624
    },
    "ado_actions": [
        {
            "throttle": 0.21717169687734358,
            "brake": 0.0,
            "steer": 0.0
        },
        {
            "throttle": 0.22665188462813834,
            "brake": 0.0,
            "steer": 0.0
        },
        {
            "throttle": 0.24248088185545874,
            "brake": 0.0,
            "steer": 0.0
        },
        {
            "throttle": 0.26218810986337554,
            "brake": 0.0,
            "steer": 0.0
        },
        {
            "throttle": 0.2837827018308363,
            "brake": 0.0,
            "steer": 0.0
        },
        {
            "throttle": 0.30563466570270037,
            "brake": 0.0,
            "steer": 0.0
        },
        {
            "throttle": 0.3263988624892424,
            "brake": 0.0,
            "steer": 0.0
        },
        {
            "throttle": 0.3449679782117414,
            "brake": 0.0,
            "steer": 0.0
        },
        {
            "throttle": 0.36044462674310696,
            "brake": 0.0,
            "steer": 0.0
        },
        {
            "throttle": 0.37212552739842164,
            "brake": 0.0,
            "steer": 0.0
        },
        {
            "throttle": 0.3794927056658276,
            "brake": 0.0,
            "steer": 0.0
        },
        {
            "throttle": 0.3822081119582528,
            "brake": 0.0,
            "steer": 0.0
        },
        {
            "throttle": 0.3801091112157184,
            "brake": 0.0,
            "steer": 0.0
        },
        {
            "throttle": 0.37320308287348686,
            "brake": 0.0,
            "steer": 0.0
        },
        {
            "throttle": 0.3616599668292583,
            "brake": 0.0,
            "steer": 0.0
        },
        {
            "throttle": 0.3458020517031811,
            "brake": 0.0,
            "steer": 0.0
        },
        {
            "throttle": 0.3260906641500663,
            "brake": 0.0,
            "steer": 0.0
        },
        {
            "throttle": 0.3031097071251821,
            "brake": 0.0,
            "steer": 0.0
        },
        {
            "throttle": 0.277546227159908,
            "brake": 0.0,
            "steer": 0.0
        },
        {
            "throttle": 0.25016837640509565,
            "brake": 0.0,
            "steer": 0.0
        },
        {
            "throttle": 0.2218012811189273,
            "brake": 0.0,
            "steer": 0.0
        },
        {
            "throttle": 0.19330143859913373,
            "brake": 0.0,
            "steer": 0.0
        },
        {
            "throttle": 0.1655303419694532,
            "brake": 0.0,
            "steer": 0.0
        },
        {
            "throttle": 0.13932807859958304,
            "brake": 0.0,
            "steer": 0.0
        },
        {
            "throttle": 0.11548766481420795,
            "brake": 0.0,
            "steer": 0.0
        },
        {
            "throttle": 0.09473086848557767,
            "brake": 0.0,
            "steer": 0.0
        },
        {
            "throttle": 0.07768623388773475,
            "brake": 0.0,
            "steer": 0.0
        },
        {
            "throttle": 0.06486996195966825,
            "brake": 0.0,
            "steer": 0.0
        },
        {
            "throttle": 0.05667021644415639,
            "brake": 0.0,
            "steer": 0.0
        },
        {
            "throttle": 0.05333532524101439,
            "brake": 0.0,
            "steer": 0.0
        },
        {
            "throttle": 0.05496623015024696,
            "brake": 0.0,
            "steer": 0.0
        },
        {
            "throttle": 0.06151341074603696,
            "brake": 0.0,
            "steer": 0.0
        },
        {
            "throttle": 0.07277837344905524,
            "brake": 0.0,
            "steer": 0.0
        },
        {
            "throttle": 0.0884196591530443,
            "brake": 0.0,
            "steer": 0.0
        },
        {
            "throttle": 0.10796318626913416,
            "brake": 0.0,
            "steer": 0.0
        },
        {
            "throttle": 0.1308166149730461,
            "brake": 0.0,
            "steer": 0.0
        },
        {
            "throttle": 0.15628729678977016,
            "brake": 0.0,
            "steer": 0.0
        },
        {
            "throttle": 0.18360326514302014,
            "brake": 0.0,
            "steer": 0.0
        },
        {
            "throttle": 0.21193663044139793,
            "brake": 0.0,
            "steer": 0.0
        },
        {
            "throttle": 0.24042867047373506,
            "brake": 0.0,
            "steer": 0.0
        },
        {
            "throttle": 0.26821585555871946,
            "brake": 0.0,
            "steer": 0.0
        },
        {
            "throttle": 0.2944560196011372,
            "brake": 0.0,
            "steer": 0.0
        },
        {
            "throttle": 0.31835388381115387,
            "brake": 0.0,
            "steer": 0.0
        },
        {
            "throttle": 0.33918515948063405,
            "brake": 0.0,
            "steer": 0.0
        },
        {
            "throttle": 0.35631849928872567,
            "brake": 0.0,
            "steer": 0.0
        },
        {
            "throttle": 0.3692346318238793,
            "brake": 0.0,
            "steer": 0.0
        },
        {
            "throttle": 0.3775420993857707,
            "brake": 0.0,
            "steer": 0.0
        },
        {
            "throttle": 0.3809891220815036,
            "brake": 0.0,
            "steer": 0.0
        },
        {
            "throttle": 0.37947122863636007,
            "brake": 0.0,
            "steer": 0.0
        },
        {
            "throttle": 0.3730344226423392,
            "brake": 0.0,
            "steer": 0.0
        },
        {
            "throttle": 0.3618737882794959,
            "brake": 0.0,
            "steer": 0.0
        },
        {
            "throttle": 0.346327577764888,
            "brake": 0.0,
            "steer": 0.0
        },
        {
            "throttle": 0.32686695972276747,
            "brake": 0.0,
            "steer": 0.0
        },
        {
            "throttle": 0.30408173917733355,
            "brake": 0.0,
            "steer": 0.0
        },
        {
            "throttle": 0.27866248196026583,
            "brake": 0.0,
            "steer": 0.0
        },
        {
            "throttle": 0.25137958529914933,
            "brake": 0.0,
            "steer": 0.0
        },
        {
            "throttle": 0.2230599289070777,
            "brake": 0.0,
            "steer": 0.0
        },
        {
            "throttle": 0.19456181422309882,
            "brake": 0.0,
            "steer": 0.0
        },
        {
            "throttle": 0.1667489513353349,
            "brake": 0.0,
            "steer": 0.0
        },
        {
            "throttle": 0.14046428198114053,
            "brake": 0.0,
            "steer": 0.0
        },
        {
            "throttle": 0.11650443198682267,
            "brake": 0.0,
            "steer": 0.0
        },
        {
            "throttle": 0.09559556743265814,
            "brake": 0.0,
            "steer": 0.0
        },
        {
            "throttle": 0.07837138628539041,
            "brake": 0.0,
            "steer": 0.0
        },
        {
            "throttle": 0.06535391251945902,
            "brake": 0.0,
            "steer": 0.0
        },
        {
            "throttle": 0.05693767481145676,
            "brake": 0.0,
            "steer": 0.0
        },
        {
            "throttle": 0.053377749313949105,
            "brake": 0.0,
            "steer": 0.0
        },
        {
            "throttle": 0.05478202890373833,
            "brake": 0.0,
            "steer": 0.0
        },
        {
            "throttle": 0.061107953205267525,
            "brake": 0.0,
            "steer": 0.0
        },
        {
            "throttle": 0.07216379849437352,
            "brake": 0.0,
            "steer": 0.0
        },
        {
            "throttle": 0.08761448838847,
            "brake": 0.0,
            "steer": 0.0
        },
        {
            "throttle": 0.10699174921495386,
            "brake": 0.0,
            "steer": 0.0
        },
        {
            "throttle": 0.12970830227276486,
            "brake": 0.0,
            "steer": 0.0
        },
        {
            "throttle": 0.15507566285339383,
            "brake": 0.0,
            "steer": 0.0
        },
        {
            "throttle": 0.18232500657533512,
            "brake": 0.0,
            "steer": 0.0
        },
        {
            "throttle": 0.2106304706229996,
            "brake": 0.0,
            "steer": 0.0
        },
        {
            "throttle": 0.23913418368494133,
            "brake": 0.0,
            "steer": 0.0
        },
        {
            "throttle": 0.26697226599348634,
            "brake": 0.0,
            "steer": 0.0
        },
        {
            "throttle": 0.2933010114663829,
            "brake": 0.0,
            "steer": 0.0
        },
        {
            "throttle": 0.31732245843201556,
            "brake": 0.0,
            "steer": 0.0
        },
        {
            "throttle": 0.3383085739503029,
            "brake": 0.0,
            "steer": 0.0
        },
        {
            "throttle": 0.35562331876001657,
            "brake": 0.0,
            "steer": 0.0
        },
        {
            "throttle": 0.36874192411643475,
            "brake": 0.0,
            "steer": 0.0
        },
        {
            "throttle": 0.3772667962842154,
            "brake": 0.0,
            "steer": 0.0
        },
        {
            "throttle": 0.38093956665812856,
            "brake": 0.0,
            "steer": 0.0
        },
        {
            "throttle": 0.37964892230113945,
            "brake": 0.0,
            "steer": 0.0
        },
        {
            "throttle": 0.3734339795748541,
            "brake": 0.0,
            "steer": 0.0
        },
        {
            "throttle": 0.3624830986156081,
            "brake": 0.0,
            "steer": 0.0
        },
        {
            "throttle": 0.3471281745866117,
            "brake": 0.0,
            "steer": 0.0
        },
        {
            "throttle": 0.3278345787247223,
            "brake": 0.0,
            "steer": 0.0
        },
        {
            "throttle": 0.305187054044801,
            "brake": 0.0,
            "steer": 0.0
        },
        {
            "throttle": 0.27987199316931555,
            "brake": 0.0,
            "steer": 0.0
        },
        {
            "throttle": 0.2526566354000369,
            "brake": 0.0,
            "steer": 0.0
        },
        {
            "throttle": 0.22436581351911963,
            "brake": 0.0,
            "steer": 0.0
        },
        {
            "throttle": 0.19585695506873724,
            "brake": 0.0,
            "steer": 0.0
        },
        {
            "throttle": 0.16799409576104302,
            "brake": 0.0,
            "steer": 0.0
        },
        {
            "throttle": 0.141621692610212,
            "brake": 0.0,
            "steer": 0.0
        },
        {
            "throttle": 0.11753903044826507,
            "brake": 0.0,
            "steer": 0.0
        },
        {
            "throttle": 0.09647599750232513,
            "brake": 0.0,
            "steer": 0.0
        },
        {
            "throttle": 0.07907096421795837,
            "brake": 0.0,
            "steer": 0.0
        },
        {
            "throttle": 0.0658514357688666,
            "brake": 0.0,
            "steer": 0.0
        },
        {
            "throttle": 0.05721806462935781,
            "brake": 0.0,
            "steer": 0.0
        },
        {
            "throttle": 0.05343250775050887,
            "brake": 0.0,
            "steer": 0.0
        },
        {
            "throttle": 0.05460949636013812,
            "brake": 0.0,
            "steer": 0.0
        },
        {
            "throttle": 0.06071335873209467,
            "brake": 0.0,
            "steer": 0.0
        },
        {
            "throttle": 0.07155910131145896,
            "brake": 0.0,
            "steer": 0.0
        },
        {
            "throttle": 0.08681801542931994,
            "brake": 0.0,
            "steer": 0.0
        },
        {
            "throttle": 0.10602763968093715,
            "brake": 0.0,
            "steer": 0.0
        },
        {
            "throttle": 0.1286057760312917,
            "brake": 0.0,
            "steer": 0.0
        },
        {
            "throttle": 0.15386813485319564,
            "brake": 0.0,
            "steer": 0.0
        },
        {
            "throttle": 0.18104907411880866,
            "brake": 0.0,
            "steer": 0.0
        },
        {
            "throttle": 0.20932480418898286,
            "brake": 0.0,
            "steer": 0.0
        },
        {
            "throttle": 0.23783835491844357,
            "brake": 0.0,
            "steer": 0.0
        },
        {
            "throttle": 0.26572554838321605,
            "brake": 0.0,
            "steer": 0.0
        },
        {
            "throttle": 0.2921411900586849,
            "brake": 0.0,
            "steer": 0.0
        },
        {
            "throttle": 0.3162846846559586,
            "brake": 0.0,
            "steer": 0.0
        },
        {
            "throttle": 0.33742430026144515,
            "brake": 0.0,
            "steer": 0.0
        },
        {
            "throttle": 0.35491934539126335,
            "brake": 0.0,
            "steer": 0.0
        },
        {
            "throttle": 0.36823958682670316,
            "brake": 0.0,
            "steer": 0.0
        },
        {
            "throttle": 0.3769813197223126,
            "brake": 0.0,
            "steer": 0.0
        },
        {
            "throttle": 0.38087960293984646,
            "brake": 0.0,
            "steer": 0.0
        },
        {
            "throttle": 0.3798162887841982,
            "brake": 0.0,
            "steer": 0.0
        },
        {
            "throttle": 0.37382360377910995,
            "brake": 0.0,
            "steer": 0.0
        },
        {
            "throttle": 0.3630831719578658,
            "brake": 0.0,
            "steer": 0.0
        },
        {
            "throttle": 0.3479205102707027,
            "brake": 0.0,
            "steer": 0.0
        },
        {
            "throttle": 0.32879516294005273,
            "brake": 0.0,
            "steer": 0.0
        },
        {
            "throttle": 0.3062867737678511,
            "brake": 0.0,
            "steer": 0.0
        },
        {
            "throttle": 0.281077518510159,
            "brake": 0.0,
            "steer": 0.0
        },
        {
            "throttle": 0.2539314297520533,
            "brake": 0.0,
            "steer": 0.0
        },
        {
            "throttle": 0.2256712408966658,
            "brake": 0.0,
            "steer": 0.0
        },
        {
            "throttle": 0.19715345107200416,
            "brake": 0.0,
            "steer": 0.0
        },
        {
            "throttle": 0.16924236667893958,
            "brake": 0.0,
            "steer": 0.0
        },
        {
            "throttle": 0.1427839063193166,
            "brake": 0.0,
            "steer": 0.0
        },
        {
            "throttle": 0.11857996301453044,
            "brake": 0.0,
            "steer": 0.0
        },
        {
            "throttle": 0.09736410073476479,
            "brake": 0.0,
            "steer": 0.0
        },
        {
            "throttle": 0.07977932181930134,
            "brake": 0.0,
            "steer": 0.0
        },
        {
            "throttle": 0.06635857910452686,
            "brake": 0.0,
            "steer": 0.0
        },
        {
            "throttle": 0.05750862339070115,
            "brake": 0.0,
            "steer": 0.0
        },
        {
            "throttle": 0.05349767579236055,
            "brake": 0.0,
            "steer": 0.0
        },
        {
            "throttle": 0.05444729859410426,
            "brake": 0.0,
            "steer": 0.0
        },
        {
            "throttle": 0.06032871098679493,
            "brake": 0.0,
            "steer": 0.0
        },
        {
            "throttle": 0.07096366134544974,
            "brake": 0.0,
            "steer": 0.0
        },
        {
            "throttle": 0.08602982961215239,
            "brake": 0.0,
            "steer": 0.0
        },
        {
            "throttle": 0.10507059605060604,
            "brake": 0.0,
            "steer": 0.0
        },
        {
            "throttle": 0.12750888030460372,
            "brake": 0.0,
            "steer": 0.0
        },
        {
            "throttle": 0.15266463133146194,
            "brake": 0.0,
            "steer": 0.0
        },
        {
            "throttle": 0.1797754381321197,
            "brake": 0.0,
            "steer": 0.0
        },
        {
            "throttle": 0.20801963661568335,
            "brake": 0.0,
            "steer": 0.0
        },
        {
            "throttle": 0.2365412122842933,
            "brake": 0.0,
            "steer": 0.0
        },
        {
            "throttle": 0.26447574399715046,
            "brake": 0.0,
            "steer": 0.0
        },
        {
            "throttle": 0.2909766025198996,
            "brake": 0.0,
            "steer": 0.0
        },
        {
            "throttle": 0.31524060984363433,
            "brake": 0.0,
            "steer": 0.0
        },
        {
            "throttle": 0.33653238160057475,
            "brake": 0.0,
            "steer": 0.0
        },
        {
            "throttle": 0.3542066148156813,
            "brake": 0.0,
            "steer": 0.0
        },
        {
            "throttle": 0.3677276455054467,
            "brake": 0.0,
            "steer": 0.0
        },
        {
            "throttle": 0.3766856833795508,
            "brake": 0.0,
            "steer": 0.0
        },
        {
            "throttle": 0.38080923161017355,
            "brake": 0.0,
            "steer": 0.0
        },
        {
            "throttle": 0.37997331525528977,
            "brake": 0.0,
            "steer": 0.0
        },
        {
            "throttle": 0.374203268952,
            "brake": 0.0,
            "steer": 0.0
        },
        {
            "throttle": 0.36367396908392013,
            "brake": 0.0,
            "steer": 0.0
        },
        {
            "throttle": 0.34870453369380944,
            "brake": 0.0,
            "steer": 0.0
        },
        {
            "throttle": 0.32974865077448406,
            "brake": 0.0,
            "steer": 0.0
        },
        {
            "throttle": 0.30738082806451933,
            "brake": 0.0,
            "steer": 0.0
        },
        {
            "throttle": 0.2822789810847403,
            "brake": 0.0,
            "steer": 0.0
        },
        {
            "throttle": 0.2552038871307123,
            "brake": 0.0,
            "steer": 0.0
        },
        {
            "throttle": 0.2269761279218646,
            "brake": 0.0,
            "steer": 0.0
        },
        {
            "throttle": 0.19845121972072904,
            "brake": 0.0,
            "steer": 0.0
        },
        {
            "throttle": 0.1704936846692416,
            "brake": 0.0,
            "steer": 0.0
        },
        {
            "throttle": 0.1439508491782548,
            "brake": 0.0,
            "steer": 0.0
        },
        {
            "throttle": 0.11962716347877092,
            "brake": 0.0,
            "steer": 0.0
        },
        {
            "throttle": 0.09825982064823732,
            "brake": 0.0,
            "steer": 0.0
        },
        {
            "throttle": 0.08049641404124364,
            "brake": 0.0,
            "steer": 0.0
        },
        {
            "throttle": 0.0668753102747716,
            "brake": 0.0,
            "steer": 0.0
        },
        {
            "throttle": 0.057809332616145674,
            "brake": 0.0,
            "steer": 0.0
        },
        {
            "throttle": 0.05357324929139891,
            "brake": 0.0,
            "steer": 0.0
        },
        {
            "throttle": 0.054295445913677035,
            "brake": 0.0,
            "steer": 0.0
        },
        {
            "throttle": 0.05995403442057549,
            "brake": 0.0,
            "steer": 0.0
        },
        {
            "throttle": 0.07037751644926608,
            "brake": 0.0,
            "steer": 0.0
        },
        {
            "throttle": 0.0852499810440909,
            "brake": 0.0,
            "steer": 0.0
        },
        {
            "throttle": 0.10412067916646495,
            "brake": 0.0,
            "steer": 0.0
        },
        {
            "throttle": 0.1264176848264587,
            "brake": 0.0,
            "steer": 0.0
        },
        {
            "throttle": 0.15146522879964497,
            "brake": 0.0,
            "steer": 0.0
        },
        {
            "throttle": 0.17850417958546821,
            "brake": 0.0,
            "steer": 0.0
        },
        {
            "throttle": 0.20671505087798708,
            "brake": 0.0,
            "steer": 0.0
        },
        {
            "throttle": 0.23524283824725872,
            "brake": 0.0,
            "steer": 0.0
        },
        {
            "throttle": 0.26322293229060656,
            "brake": 0.0,
            "steer": 0.0
        },
        {
            "throttle": 0.28980732288777483,
            "brake": 0.0,
            "steer": 0.0
        },
        {
            "throttle": 0.3141903003713016,
            "brake": 0.0,
            "steer": 0.0
        },
        {
            "throttle": 0.33563287467074715,
            "brake": 0.0,
            "steer": 0.0
        },
        {
            "throttle": 0.3534851723445821,
            "brake": 0.0,
            "steer": 0.0
        },
        {
            "throttle": 0.3672061326989513,
            "brake": 0.0,
            "steer": 0.0
        },
        {
            "throttle": 0.37637990605078697,
            "brake": 0.0,
            "steer": 0.0
        },
        {
            "throttle": 0.38072845714290815,
            "brake": 0.0,
            "steer": 0.0
        },
        {
            "throttle": 0.3801199917315624,
            "brake": 0.0,
            "steer": 0.0
        },
        {
            "throttle": 0.3745729509565773,
            "brake": 0.0,
            "steer": 0.0
        },
        {
            "throttle": 0.3642554524342617,
            "brake": 0.0,
            "steer": 0.0
        },
        {
            "throttle": 0.3494801950121994,
            "brake": 0.0,
            "steer": 0.0
        },
        {
            "throttle": 0.330694981610705,
            "brake": 0.0,
            "steer": 0.0
        },
        {
            "throttle": 0.3084691473810815,
            "brake": 0.0,
            "steer": 0.0
        },
        {
            "throttle": 0.2834763045109304,
            "brake": 0.0,
            "steer": 0.0
        },
        {
            "throttle": 0.2564739266404412,
            "brake": 0.0,
            "steer": 0.0
        }
    ],
    "parameters": {
        "fog_density": 53.19545402206538,
        "precipitation": 46.330901382997126,
        "precipitation_deposits": 94.63345624288576,
        "wind_intensity": 0.6743703751230512,
        "sun_altitude_angle": 81.1138919743403,
        "cloudiness": 64.91508840429611,
        "lead_base_throttle": 0.21717169687734358,
        "lead_behavior_frequency": 0.27742527747972223,
        "lead_throttle_variation": 0.18220962738043048,
        "lead_brake_probability": 0.012219496431037757,
        "lead_brake_intensity": 0.7624962944327649,
        "lead_brake_duration": 15.86864927757037,
        "initial_distance": 42.286473754299536,
        "initial_ego_velocity": 11.531990292766565,
        "initial_lead_velocity": 24.248646059444624
    },
    "config": {
        "num_timesteps": 200,
        "dt": 0.1,
        "seed": 224
    }
}