{
    "weather": {
        "cloudiness": 12.503276882202618,
        "precipitation": 26.465293949070823,
        "precipitation_deposits": 4.038363396275435,
        "wind_intensity": 32.42370225443435,
        "sun_altitude_angle": 29.88856521363872,
        "fog_density": 74.49689950207247,
        "fog_distance": 83.47317273138127,
        "wetness": 13.232646974535411
    },
    "initial_conditions": {
        "ego": {
            "position": {
                "x": 532.8138316227447,
                "y": 20.57,
                "z": 0.294
            },
            "yaw": 0.0,
            "velocity": 14.364144119888156
        },
        "lead": {
            "position": {
                "x": 484.88,
                "y": 20.57,
                "z": 0.294
            },
            "yaw": 0.0,
            "velocity": 13.179079478146125
        }
    },
    "ego": {
        "position": {
            "x": 532.8138316227447,
            "y": 20.57,
            "z": 0.294
        },
        "yaw": 0.0,
        "velocity": 14.364144119888156
    },
    "lead": {
        "position": {
            "x": 484.88,
            "y": 20.57,
            "z": 0.294
        },
        "yaw": 0.0,
        "velocity": 13.179079478146125
    },
    "ado_actions": [
        {
            "throttle": 0.2591663457548763,
            "brake": 0.0,
            "steer": 0.0
        },
        {
            "throttle": 0.2688365009253728,
            "brake": 0.0,
            "steer": 0.0
        },
        {
            "throttle": 0.28518261591222094,
            "brake": 0.0,
            "steer": 0.0
        },
        {
            "throttle": 0.3060165024303217,
            "brake": 0.0,
            "steer": 0.0
        },
        {
            "throttle": 0.32971596303149636,
            "brake": 0.0,
            "steer": 0.0
        },
        {
            "throttle": 0.3550576511620255,
            "brake": 0.0,
            "steer": 0.0
        },
        {
            "throttle": 0.3811009190261442,
            "brake": 0.0,
            "steer": 0.0
        },
        {
            "throttle": 0.4071073231694148,
            "brake": 0.0,
            "steer": 0.0
        },
        {
            "throttle": 0.4324850488992854,
            "brake": 0.0,
            "steer": 0.0
        },
        {
            "throttle": 0.45675072890290813,
            "brake": 0.0,
            "steer": 0.0
        },
        {
            "throttle": 0.4795033818641184,
            "brake": 0.0,
            "steer": 0.0
        },
        {
            "throttle": 0.5004067727295913,
            "brake": 0.0,
            "steer": 0.0
        },
        {
            "throttle": 0.5191775999684686,
            "brake": 0.0,
            "steer": 0.0
        },
        {
            "throttle": 0.5355776884123093,
            "brake": 0.0,
            "steer": 0.0
        },
        {
            "throttle": 0.5494089082382292,
            "brake": 0.0,
            "steer": 0.0
        },
        {
            "throttle": 0.5605099207903546,
            "brake": 0.0,
            "steer": 0.0
        },
        {
            "throttle": 0.5687541188120011,
            "brake": 0.0,
            "steer": 0.0
        },
        {
            "throttle": 0.5740483162878367,
            "brake": 0.0,
            "steer": 0.0
        },
        {
            "throttle": 0.5763318752670963,
            "brake": 0.0,
            "steer": 0.0
        },
        {
            "throttle": 0.5755760504043965,
            "brake": 0.0,
            "steer": 0.0
        },
        {
            "throttle": 0.57178339815984,
            "brake": 0.0,
            "steer": 0.0
        },
        {
            "throttle": 0.5649871447888846,
            "brake": 0.0,
            "steer": 0.0
        },
        {
            "throttle": 0.5552504411175581,
            "brake": 0.0,
            "steer": 0.0
        },
        {
            "throttle": 0.5426654566168492,
            "brake": 0.0,
            "steer": 0.0
        },
        {
            "throttle": 0.527352283237458,
            "brake": 0.0,
            "steer": 0.0
        },
        {
            "throttle": 0.5094576327781681,
            "brake": 0.0,
            "steer": 0.0
        },
        {
            "throttle": 0.48915332158561287,
            "brake": 0.0,
            "steer": 0.0
        },
        {
            "throttle": 0.46663454405674687,
            "brake": 0.0,
            "steer": 0.0
        },
        {
            "throttle": 0.4421179423872134,
            "brake": 0.0,
            "steer": 0.0
        },
        {
            "throttle": 0.4158394847277233,
            "brake": 0.0,
            "steer": 0.0
        },
        {
            "throttle": 0.38805216768546236,
            "brake": 0.0,
            "steer": 0.0
        },
        {
            "throttle": 0.35902356215012265,
            "brake": 0.0,
            "steer": 0.0
        },
        {
            "throttle": 0.3290332238787348,
            "brake": 0.0,
            "steer": 0.0
        },
        {
            "throttle": 0.2983699922379789,
            "brake": 0.0,
            "steer": 0.0
        },
        {
            "throttle": 0.26732920204323035,
            "brake": 0.0,
            "steer": 0.0
        },
        {
            "throttle": 0.23620983459496855,
            "brake": 0.0,
            "steer": 0.0
        },
        {
            "throttle": 0.20531163482585568,
            "brake": 0.0,
            "steer": 0.0
        },
        {
            "throttle": 0.17493222195712566,
            "brake": 0.0,
            "steer": 0.0
        },
        {
            "throttle": 0.14536422123667078,
            "brake": 0.0,
            "steer": 0.0
        },
        {
            "throttle": 0.11689244420599909,
            "brake": 0.0,
            "steer": 0.0
        },
        {
            "throttle": 0.08979114453027535,
            "brake": 0.0,
            "steer": 0.0
        },
        {
            "throttle": 0.06432137573593957,
            "brake": 0.0,
            "steer": 0.0
        },
        {
            "throttle": 0.045024963015157696,
            "brake": 0.0,
            "steer": 0.0
        },
        {
            "throttle": 0.031517474110610386,
            "brake": 0.0,
            "steer": 0.0
        },
        {
            "throttle": 0.022062231877427268,
            "brake": 0.0,
            "steer": 0.0
        },
        {
            "throttle": 0.015443562314199086,
            "brake": 0.0,
            "steer": 0.0
        },
        {
            "throttle": 0.01081049361993936,
            "brake": 0.0,
            "steer": 0.0
        },
        {
            "throttle": 0.007567345533957551,
            "brake": 0.0,
            "steer": 0.0
        },
        {
            "throttle": 0.005297141873770285,
            "brake": 0.0,
            "steer": 0.0
        },
        {
            "throttle": 0.0037079993116391993,
            "brake": 0.0,
            "steer": 0.0
        },
        {
            "throttle": 0.0025955995181474395,
            "brake": 0.0,
            "steer": 0.0
        },
        {
            "throttle": 0.0018169196627032076,
            "brake": 0.0,
            "steer": 0.0
        },
        {
            "throttle": 0.0012718437638922452,
            "brake": 0.0,
            "steer": 0.0
        },
        {
            "throttle": 0.0008902906347245716,
            "brake": 0.0,
            "steer": 0.0
        },
        {
            "throttle": 0.0006232034443072001,
            "brake": 0.0,
            "steer": 0.0
        },
        {
            "throttle": 0.0019669574899309353,
            "brake": 0.0,
            "steer": 0.0
        },
        {
            "throttle": 0.009413681051469043,
            "brake": 0.0,
            "steer": 0.0
        },
        {
            "throttle": 0.021804002090956183,
            "brake": 0.0,
            "steer": 0.0
        },
        {
            "throttle": 0.03825722104272558,
            "brake": 0.0,
            "steer": 0.0
        },
        {
            "throttle": 0.05808190658510601,
            "brake": 0.0,
            "steer": 0.0
        },
        {
            "throttle": 0.08071403456382686,
            "brake": 0.0,
            "steer": 0.0
        },
        {
            "throttle": 0.10567445606107476,
            "brake": 0.0,
            "steer": 0.0
        },
        {
            "throttle": 0.1325399373809289,
            "brake": 0.0,
            "steer": 0.0
        },
        {
            "throttle": 0.1609237340657615,
            "brake": 0.0,
            "steer": 0.0
        },
        {
            "throttle": 0.19046286427437142,
            "brake": 0.0,
            "steer": 0.0
        },
        {
            "throttle": 0.2208100888579302,
            "brake": 0.0,
            "steer": 0.0
        },
        {
            "throttle": 0.25162919470838896,
            "brake": 0.0,
            "steer": 0.0
        },
        {
            "throttle": 0.28259259033830963,
            "brake": 0.0,
            "steer": 0.0
        },
        {
            "throttle": 0.3133805113206713,
            "brake": 0.0,
            "steer": 0.0
        },
        {
            "throttle": 0.34368133536974155,
            "brake": 0.0,
            "steer": 0.0
        },
        {
            "throttle": 0.3731926485171442,
            "brake": 0.0,
            "steer": 0.0
        },
        {
            "throttle": 0.4016228032554951,
            "brake": 0.0,
            "steer": 0.0
        },
        {
            "throttle": 0.42869277944032125,
            "brake": 0.0,
            "steer": 0.0
        },
        {
            "throttle": 0.45413820808471517,
            "brake": 0.0,
            "steer": 0.0
        },
        {
            "throttle": 0.4777114531941591,
            "brake": 0.0,
            "steer": 0.0
        },
        {
            "throttle": 0.4991836718373198,
            "brake": 0.0,
            "steer": 0.0
        },
        {
            "throttle": 0.518346790783469,
            "brake": 0.0,
            "steer": 0.0
        },
        {
            "throttle": 0.5350153513885137,
            "brake": 0.0,
            "steer": 0.0
        },
        {
            "throttle": 0.5490281844640849,
            "brake": 0.0,
            "steer": 0.0
        },
        {
            "throttle": 0.5602498846501821,
            "brake": 0.0,
            "steer": 0.0
        },
        {
            "throttle": 0.5685720600470255,
            "brake": 0.0,
            "steer": 0.0
        },
        {
            "throttle": 0.5739143380392887,
            "brake": 0.0,
            "steer": 0.0
        },
        {
            "throttle": 0.5762251127032774,
            "brake": 0.0,
            "steer": 0.0
        },
        {
            "throttle": 0.5754820231530652,
            "brake": 0.0,
            "steer": 0.0
        },
        {
            "throttle": 0.5716921558067101,
            "brake": 0.0,
            "steer": 0.0
        },
        {
            "throttle": 0.5648919669363898,
            "brake": 0.0,
            "steer": 0.0
        },
        {
            "throttle": 0.5551469250670353,
            "brake": 0.0,
            "steer": 0.0
        },
        {
            "throttle": 0.5425508758410682,
            "brake": 0.0,
            "steer": 0.0
        },
        {
            "throttle": 0.5272251348883312,
            "brake": 0.0,
            "steer": 0.0
        },
        {
            "throttle": 0.5093173170339976,
            "brake": 0.0,
            "steer": 0.0
        },
        {
            "throttle": 0.4889999128385675,
            "brake": 0.0,
            "steer": 0.0
        },
        {
            "throttle": 0.4664686259830138,
            "brake": 0.0,
            "steer": 0.0
        },
        {
            "throttle": 0.4419404873753945,
            "brake": 0.0,
            "steer": 0.0
        },
        {
            "throttle": 0.41565176404770093,
            "brake": 0.0,
            "steer": 0.0
        },
        {
            "throttle": 0.3878556829176093,
            "brake": 0.0,
            "steer": 0.0
        },
        {
            "throttle": 0.3588199912935652,
            "brake": 0.0,
            "steer": 0.0
        },
        {
            "throttle": 0.3288243775885245,
            "brake": 0.0,
            "steer": 0.0
        },
        {
            "throttle": 0.29815777706423907,
            "brake": 0.0,
            "steer": 0.0
        },
        {
            "throttle": 0.2671155885424398,
            "brake": 0.0,
            "steer": 0.0
        },
        {
            "throttle": 0.2359968288817984,
            "brake": 0.0,
            "steer": 0.0
        },
        {
            "throttle": 0.2051012526224582,
            "brake": 0.0,
            "steer": 0.0
        },
        {
            "throttle": 0.17472646453785717,
            "brake": 0.0,
            "steer": 0.0
        },
        {
            "throttle": 0.14516505290356985,
            "brake": 0.0,
            "steer": 0.0
        },
        {
            "throttle": 0.11670177109451436,
            "brake": 0.0,
            "steer": 0.0
        },
        {
            "throttle": 0.08961079465716619,
            "brake": 0.0,
            "steer": 0.0
        },
        {
            "throttle": 0.06415308027697705,
            "brake": 0.0,
            "steer": 0.0
        },
        {
            "throttle": 0.04490715619388393,
            "brake": 0.0,
            "steer": 0.0
        },
        {
            "throttle": 0.03143500933571875,
            "brake": 0.0,
            "steer": 0.0
        },
        {
            "throttle": 0.022004506535003125,
            "brake": 0.0,
            "steer": 0.0
        },
        {
            "throttle": 0.015403154574502186,
            "brake": 0.0,
            "steer": 0.0
        },
        {
            "throttle": 0.01078220820215153,
            "brake": 0.0,
            "steer": 0.0
        },
        {
            "throttle": 0.00754754574150607,
            "brake": 0.0,
            "steer": 0.0
        },
        {
            "throttle": 0.005283282019054249,
            "brake": 0.0,
            "steer": 0.0
        },
        {
            "throttle": 0.003698297413337974,
            "brake": 0.0,
            "steer": 0.0
        },
        {
            "throttle": 0.0025888081893365813,
            "brake": 0.0,
            "steer": 0.0
        },
        {
            "throttle": 0.0018121657325356067,
            "brake": 0.0,
            "steer": 0.0
        },
        {
            "throttle": 0.0012685160127749247,
            "brake": 0.0,
            "steer": 0.0
        },
        {
            "throttle": 0.0008879612089424473,
            "brake": 0.0,
            "steer": 0.0
        },
        {
            "throttle": 0.000621572846259713,
            "brake": 0.0,
            "steer": 0.0
        },
        {
            "throttle": 0.0020079528479665107,
            "brake": 0.0,
            "steer": 0.0
        },
        {
            "throttle": 0.009489335372659256,
            "brake": 0.0,
            "steer": 0.0
        },
        {
            "throttle": 0.021908286156434954,
            "brake": 0.0,
            "steer": 0.0
        },
        {
            "throttle": 0.038385419995715694,
            "brake": 0.0,
            "steer": 0.0
        },
        {
            "throttle": 0.058230188304932706,
            "brake": 0.0,
            "steer": 0.0
        },
        {
            "throttle": 0.08087915264958626,
            "brake": 0.0,
            "steer": 0.0
        },
        {
            "throttle": 0.10585354735218684,
            "brake": 0.0,
            "steer": 0.0
        },
        {
            "throttle": 0.1327303859113125,
            "brake": 0.0,
            "steer": 0.0
        },
        {
            "throttle": 0.1611230817245394,
            "brake": 0.0,
            "steer": 0.0
        },
        {
            "throttle": 0.19066875430737856,
            "brake": 0.0,
            "steer": 0.0
        },
        {
            "throttle": 0.22102023244584446,
            "brake": 0.0,
            "steer": 0.0
        },
        {
            "throttle": 0.2518413537275399,
            "brake": 0.0,
            "steer": 0.0
        },
        {
            "throttle": 0.28280457141910137,
            "brake": 0.0,
            "steer": 0.0
        },
        {
            "throttle": 0.3135901677250703,
            "brake": 0.0,
            "steer": 0.0
        },
        {
            "throttle": 0.3438865741946945,
            "brake": 0.0,
            "steer": 0.0
        },
        {
            "throttle": 0.3733914414220042,
            "brake": 0.0,
            "steer": 0.0
        },
        {
            "throttle": 0.4018131993973497,
            "brake": 0.0,
            "steer": 0.0
        },
        {
            "throttle": 0.42887291964367913,
            "brake": 0.0,
            "steer": 0.0
        },
        {
            "throttle": 0.4543063395148015,
            "brake": 0.0,
            "steer": 0.0
        },
        {
            "throttle": 0.47786594397649584,
            "brake": 0.0,
            "steer": 0.0
        },
        {
            "throttle": 0.49932302519157945,
            "brake": 0.0,
            "steer": 0.0
        },
        {
            "throttle": 0.518469658331625,
            "brake": 0.0,
            "steer": 0.0
        },
        {
            "throttle": 0.5351205453664138,
            "brake": 0.0,
            "steer": 0.0
        },
        {
            "throttle": 0.5491146886189403,
            "brake": 0.0,
            "steer": 0.0
        },
        {
            "throttle": 0.5603168636490887,
            "brake": 0.0,
            "steer": 0.0
        },
        {
            "throttle": 0.5686188672569468,
            "brake": 0.0,
            "steer": 0.0
        },
        {
            "throttle": 0.5739405215693028,
            "brake": 0.0,
            "steer": 0.0
        },
        {
            "throttle": 0.576230419626904,
            "brake": 0.0,
            "steer": 0.0
        },
        {
            "throttle": 0.5754664018532148,
            "brake": 0.0,
            "steer": 0.0
        },
        {
            "throttle": 0.5716557564089164,
            "brake": 0.0,
            "steer": 0.0
        },
        {
            "throttle": 0.5648351398179272,
            "brake": 0.0,
            "steer": 0.0
        },
        {
            "throttle": 0.5550702174505245,
            "brake": 0.0,
            "steer": 0.0
        },
        {
            "throttle": 0.5424550265013527,
            "brake": 0.0,
            "steer": 0.0
        },
        {
            "throttle": 0.5271110670207895,
            "brake": 0.0,
            "steer": 0.0
        },
        {
            "throttle": 0.5091861293510127,
            "brake": 0.0,
            "steer": 0.0
        },
        {
            "throttle": 0.4888528689785361,
            "brake": 0.0,
            "steer": 0.0
        },
        {
            "throttle": 0.46630714233294573,
            "brake": 0.0,
            "steer": 0.0
        },
        {
            "throttle": 0.44176611942372535,
            "brake": 0.0,
            "steer": 0.0
        },
        {
            "throttle": 0.4154661913983021,
            "brake": 0.0,
            "steer": 0.0
        },
        {
            "throttle": 0.38766069310901696,
            "brake": 0.0,
            "steer": 0.0
        },
        {
            "throttle": 0.3586174625790593,
            "brake": 0.0,
            "steer": 0.0
        },
        {
            "throttle": 0.3286162608427681,
            "brake": 0.0,
            "steer": 0.0
        },
        {
            "throttle": 0.29794607699064934,
            "brake": 0.0,
            "steer": 0.0
        },
        {
            "throttle": 0.26690234436223453,
            "brake": 0.0,
            "steer": 0.0
        },
        {
            "throttle": 0.23578409469067624,
            "brake": 0.0,
            "steer": 0.0
        },
        {
            "throttle": 0.20489107760408953,
            "brake": 0.0,
            "steer": 0.0
        },
        {
            "throttle": 0.17452087322475462,
            "brake": 0.0,
            "steer": 0.0
        },
        {
            "throttle": 0.14496602567545838,
            "brake": 0.0,
            "steer": 0.0
        },
        {
            "throttle": 0.11651122510203905,
            "brake": 0.0,
            "steer": 0.0
        },
        {
            "throttle": 0.08943056535468269,
            "brake": 0.0,
            "steer": 0.0
        },
        {
            "throttle": 0.06398490374230566,
            "brake": 0.0,
            "steer": 0.0
        },
        {
            "throttle": 0.044789432619613954,
            "brake": 0.0,
            "steer": 0.0
        },
        {
            "throttle": 0.031352602833729766,
            "brake": 0.0,
            "steer": 0.0
        },
        {
            "throttle": 0.021946821983610833,
            "brake": 0.0,
            "steer": 0.0
        },
        {
            "throttle": 0.015362775388527582,
            "brake": 0.0,
            "steer": 0.0
        },
        {
            "throttle": 0.010753942771969307,
            "brake": 0.0,
            "steer": 0.0
        },
        {
            "throttle": 0.007527759940378514,
            "brake": 0.0,
            "steer": 0.0
        },
        {
            "throttle": 0.005269431958264959,
            "brake": 0.0,
            "steer": 0.0
        },
        {
            "throttle": 0.0036886023707854714,
            "brake": 0.0,
            "steer": 0.0
        },
        {
            "throttle": 0.00258202165954983,
            "brake": 0.0,
            "steer": 0.0
        },
        {
            "throttle": 0.001807415161684881,
            "brake": 0.0,
            "steer": 0.0
        },
        {
            "throttle": 0.0012651906131794166,
            "brake": 0.0,
            "steer": 0.0
        },
        {
            "throttle": 0.0008856334292255915,
            "brake": 0.0,
            "steer": 0.0
        },
        {
            "throttle": 0.000619943400457914,
            "brake": 0.0,
            "steer": 0.0
        },
        {
            "throttle": 0.0020489834707878166,
            "brake": 0.0,
            "steer": 0.0
        },
        {
            "throttle": 0.009565045892241403,
            "brake": 0.0,
            "steer": 0.0
        },
        {
            "throttle": 0.02201263782510548,
            "brake": 0.0,
            "steer": 0.0
        },
        {
            "throttle": 0.0385136910142738,
            "brake": 0.0,
            "steer": 0.0
        },
        {
            "throttle": 0.05837854145466441,
            "brake": 0.0,
            "steer": 0.0
        },
        {
            "throttle": 0.08104433775882951,
            "brake": 0.0,
            "steer": 0.0
        },
        {
            "throttle": 0.10603269845685945,
            "brake": 0.0,
            "steer": 0.0
        },
        {
            "throttle": 0.13292088495864854,
            "brake": 0.0,
            "steer": 0.0
        },
        {
            "throttle": 0.16132246905968495,
            "brake": 0.0,
            "steer": 0.0
        },
        {
            "throttle": 0.190874672053825,
            "brake": 0.0,
            "steer": 0.0
        },
        {
            "throttle": 0.22123039099920777,
            "brake": 0.0,
            "steer": 0.0
        },
        {
            "throttle": 0.25205351445731644,
            "brake": 0.0,
            "steer": 0.0
        },
        {
            "throttle": 0.28301654068534376,
            "brake": 0.0,
            "steer": 0.0
        },
        {
            "throttle": 0.3137997987258382,
            "brake": 0.0,
            "steer": 0.0
        },
        {
            "throttle": 0.34409177414723946,
            "brake": 0.0,
            "steer": 0.0
        },
        {
            "throttle": 0.3735901822730433,
            "brake": 0.0,
            "steer": 0.0
        },
        {
            "throttle": 0.4020035307444294,
            "brake": 0.0,
            "steer": 0.0
        }
    ],
    "parameters": {
        "fog_density": 74.49689950207247,
        "precipitation": 26.465293949070823,
        "precipitation_deposits": 4.038363396275435,
        "wind_intensity": 32.42370225443435,
        "sun_altitude_angle": 29.88856521363872,
        "cloudiness": 12.503276882202618,
        "lead_base_throttle": 0.2591663457548763,
        "lead_behavior_frequency": 0.15626672532053992,
        "lead_throttle_variation": 0.3288242397558081,
        "lead_brake_probability": 0.030140824580913526,
        "lead_brake_intensity": 0.6515518933623138,
        "lead_brake_duration": 8.844876978685393,
        "initial_distance": 47.9338316227447,
        "initial_ego_velocity": 14.364144119888156,
        "initial_lead_velocity": 13.179079478146125
    },
    "config": {
        "num_timesteps": 200,
        "dt": 0.1,
        "seed": 233
    }
}