{
    "weather": {
        "cloudiness": 38.89339830607271,
        "precipitation": 53.0716119603669,
        "precipitation_deposits": 77.30766301389195,
        "wind_intensity": 3.918500348766063,
        "sun_altitude_angle": 45.871285924217545,
        "fog_density": 76.5071526012895,
        "fog_distance": 78.06305198605426,
        "wetness": 26.53580598018345
    },
    "initial_conditions": {
        "ego": {
            "position": {
                "x": 512.8581390687177,
                "y": 20.57,
                "z": 0.294
            },
            "yaw": 0.0,
            "velocity": 12.408643135631271
        },
        "lead": {
            "position": {
                "x": 484.88,
                "y": 20.57,
                "z": 0.294
            },
            "yaw": 0.0,
            "velocity": 15.219359299882406
        }
    },
    "ego": {
        "position": {
            "x": 512.8581390687177,
            "y": 20.57,
            "z": 0.294
        },
        "yaw": 0.0,
        "velocity": 12.408643135631271
    },
    "lead": {
        "position": {
            "x": 484.88,
            "y": 20.57,
            "z": 0.294
        },
        "yaw": 0.0,
        "velocity": 15.219359299882406
    },
    "ado_actions": [
        {
            "throttle": 0.22851964299300206,
            "brake": 0.0,
            "steer": 0.0
        },
        {
            "throttle": 0.23867604490766986,
            "brake": 0.0,
            "steer": 0.0
        },
        {
            "throttle": 0.25581289905617316,
            "brake": 0.0,
            "steer": 0.0
        },
        {
            "throttle": 0.2775796507689165,
            "brake": 0.0,
            "steer": 0.0
        },
        {
            "throttle": 0.3022067794860893,
            "brake": 0.0,
            "steer": 0.0
        },
        {
            "throttle": 0.32833632312987737,
            "brake": 0.0,
            "steer": 0.0
        },
        {
            "throttle": 0.3549047607483784,
            "brake": 0.0,
            "steer": 0.0
        },
        {
            "throttle": 0.3810624652755547,
            "brake": 0.0,
            "steer": 0.0
        },
        {
            "throttle": 0.40611865646886247,
            "brake": 0.0,
            "steer": 0.0
        },
        {
            "throttle": 0.4295040880948019,
            "brake": 0.0,
            "steer": 0.0
        },
        {
            "throttle": 0.4507460177107774,
            "brake": 0.0,
            "steer": 0.0
        },
        {
            "throttle": 0.46945162905540144,
            "brake": 0.0,
            "steer": 0.0
        },
        {
            "throttle": 0.4852972140687622,
            "brake": 0.0,
            "steer": 0.0
        },
        {
            "throttle": 0.4980212194677994,
            "brake": 0.0,
            "steer": 0.0
        },
        {
            "throttle": 0.5074198234584317,
            "brake": 0.0,
            "steer": 0.0
        },
        {
            "throttle": 0.5133441028495253,
            "brake": 0.0,
            "steer": 0.0
        },
        {
            "throttle": 0.5156981294077808,
            "brake": 0.0,
            "steer": 0.0
        },
        {
            "throttle": 0.5144375316324936,
            "brake": 0.0,
            "steer": 0.0
        },
        {
            "throttle": 0.5095681986179559,
            "brake": 0.0,
            "steer": 0.0
        },
        {
            "throttle": 0.5011449033472852,
            "brake": 0.0,
            "steer": 0.0
        },
        {
            "throttle": 0.4892696955218097,
            "brake": 0.0,
            "steer": 0.0
        },
        {
            "throttle": 0.47408996717376417,
            "brake": 0.0,
            "steer": 0.0
        },
        {
            "throttle": 0.455796133618106,
            "brake": 0.0,
            "steer": 0.0
        },
        {
            "throttle": 0.4346189017917936,
            "brake": 0.0,
            "steer": 0.0
        },
        {
            "throttle": 0.410826120494791,
            "brake": 0.0,
            "steer": 0.0
        },
        {
            "throttle": 0.3847192244154737,
            "brake": 0.0,
            "steer": 0.0
        },
        {
            "throttle": 0.35662929742352256,
            "brake": 0.0,
            "steer": 0.0
        },
        {
            "throttle": 0.326912791358133,
            "brake": 0.0,
            "steer": 0.0
        },
        {
            "throttle": 0.295946945051511,
            "brake": 0.0,
            "steer": 0.0
        },
        {
            "throttle": 0.26412495503074035,
            "brake": 0.0,
            "steer": 0.0
        },
        {
            "throttle": 0.2318509545222252,
            "brake": 0.0,
            "steer": 0.0
        },
        {
            "throttle": 0.19953486123674455,
            "brake": 0.0,
            "steer": 0.0
        },
        {
            "throttle": 0.16758715707312777,
            "brake": 0.0,
            "steer": 0.0
        },
        {
            "throttle": 0.13641366443852845,
            "brake": 0.0,
            "steer": 0.0
        },
        {
            "throttle": 0.1064103844127945,
            "brake": 0.0,
            "steer": 0.0
        },
        {
            "throttle": 0.07795846153932537,
            "brake": 0.0,
            "steer": 0.0
        },
        {
            "throttle": 0.054570923077527755,
            "brake": 0.0,
            "steer": 0.0
        },
        {
            "throttle": 0.03819964615426943,
            "brake": 0.0,
            "steer": 0.0
        },
        {
            "throttle": 0.0267397523079886,
            "brake": 0.0,
            "steer": 0.0
        },
        {
            "throttle": 0.018717826615592018,
            "brake": 0.0,
            "steer": 0.0
        },
        {
            "throttle": 0.013102478630914412,
            "brake": 0.0,
            "steer": 0.0
        },
        {
            "throttle": 0.009171735041640088,
            "brake": 0.0,
            "steer": 0.0
        },
        {
            "throttle": 0.006420214529148061,
            "brake": 0.0,
            "steer": 0.0
        },
        {
            "throttle": 0.004494150170403642,
            "brake": 0.0,
            "steer": 0.0
        },
        {
            "throttle": 0.0031459051192825496,
            "brake": 0.0,
            "steer": 0.0
        },
        {
            "throttle": 0.0022021335834977846,
            "brake": 0.0,
            "steer": 0.0
        },
        {
            "throttle": 0.001541493508448449,
            "brake": 0.0,
            "steer": 0.0
        },
        {
            "throttle": 0.0010790454559139143,
            "brake": 0.0,
            "steer": 0.0
        },
        {
            "throttle": 0.00075533181913974,
            "brake": 0.0,
            "steer": 0.0
        },
        {
            "throttle": 0.007083517468051376,
            "brake": 0.0,
            "steer": 0.0
        },
        {
            "throttle": 0.01928752297491629,
            "brake": 0.0,
            "steer": 0.0
        },
        {
            "throttle": 0.0362935116787523,
            "brake": 0.0,
            "steer": 0.0
        },
        {
            "throttle": 0.05724227980289667,
            "brake": 0.0,
            "steer": 0.0
        },
        {
            "throttle": 0.08141748047153713,
            "brake": 0.0,
            "steer": 0.0
        },
        {
            "throttle": 0.10819684028927277,
            "brake": 0.0,
            "steer": 0.0
        },
        {
            "throttle": 0.13701954600441824,
            "brake": 0.0,
            "steer": 0.0
        },
        {
            "throttle": 0.1673650060188505,
            "brake": 0.0,
            "steer": 0.0
        },
        {
            "throttle": 0.19873960986791483,
            "brake": 0.0,
            "steer": 0.0
        },
        {
            "throttle": 0.2306691011944245,
            "brake": 0.0,
            "steer": 0.0
        },
        {
            "throttle": 0.2626948742316689,
            "brake": 0.0,
            "steer": 0.0
        },
        {
            "throttle": 0.2943729900293821,
            "brake": 0.0,
            "steer": 0.0
        },
        {
            "throttle": 0.32527504934932383,
            "brake": 0.0,
            "steer": 0.0
        },
        {
            "throttle": 0.3549902982410217,
            "brake": 0.0,
            "steer": 0.0
        },
        {
            "throttle": 0.38312851051799235,
            "brake": 0.0,
            "steer": 0.0
        },
        {
            "throttle": 0.40932331019384716,
            "brake": 0.0,
            "steer": 0.0
        },
        {
            "throttle": 0.433235681444642,
            "brake": 0.0,
            "steer": 0.0
        },
        {
            "throttle": 0.454557474348869,
            "brake": 0.0,
            "steer": 0.0
        },
        {
            "throttle": 0.47301475885731503,
            "brake": 0.0,
            "steer": 0.0
        },
        {
            "throttle": 0.4883709122761635,
            "brake": 0.0,
            "steer": 0.0
        },
        {
            "throttle": 0.5004293505643423,
            "brake": 0.0,
            "steer": 0.0
        },
        {
            "throttle": 0.5090358334136653,
            "brake": 0.0,
            "steer": 0.0
        },
        {
            "throttle": 0.5140802890948107,
            "brake": 0.0,
            "steer": 0.0
        },
        {
            "throttle": 0.5154981185729935,
            "brake": 0.0,
            "steer": 0.0
        },
        {
            "throttle": 0.5132709502065305,
            "brake": 0.0,
            "steer": 0.0
        },
        {
            "throttle": 0.5074268269571224,
            "brake": 0.0,
            "steer": 0.0
        },
        {
            "throttle": 0.49803981779516554,
            "brake": 0.0,
            "steer": 0.0
        },
        {
            "throttle": 0.4852290540800527,
            "brake": 0.0,
            "steer": 0.0
        },
        {
            "throttle": 0.4691572002477161,
            "brake": 0.0,
            "steer": 0.0
        },
        {
            "throttle": 0.4500283761972782,
            "brake": 0.0,
            "steer": 0.0
        },
        {
            "throttle": 0.428085556345462,
            "brake": 0.0,
            "steer": 0.0
        },
        {
            "throttle": 0.4036074773936797,
            "brake": 0.0,
            "steer": 0.0
        },
        {
            "throttle": 0.3769050933935466,
            "brake": 0.0,
            "steer": 0.0
        },
        {
            "throttle": 0.3483176226573844,
            "brake": 0.0,
            "steer": 0.0
        },
        {
            "throttle": 0.31820823639227613,
            "brake": 0.0,
            "steer": 0.0
        },
        {
            "throttle": 0.286959443590555,
            "brake": 0.0,
            "steer": 0.0
        },
        {
            "throttle": 0.2549682306403276,
            "brake": 0.0,
            "steer": 0.0
        },
        {
            "throttle": 0.2226410172860374,
            "brake": 0.0,
            "steer": 0.0
        },
        {
            "throttle": 0.1903884929374352,
            "brake": 0.0,
            "steer": 0.0
        },
        {
            "throttle": 0.15862039887005647,
            "brake": 0.0,
            "steer": 0.0
        },
        {
            "throttle": 0.127740322564974,
            "brake": 0.0,
            "steer": 0.0
        },
        {
            "throttle": 0.09814057029345691,
            "brake": 0.0,
            "steer": 0.0
        },
        {
            "throttle": 0.07019718306658491,
            "brake": 0.0,
            "steer": 0.0
        },
        {
            "throttle": 0.04913802814660944,
            "brake": 0.0,
            "steer": 0.0
        },
        {
            "throttle": 0.034396619702626606,
            "brake": 0.0,
            "steer": 0.0
        },
        {
            "throttle": 0.024077633791838624,
            "brake": 0.0,
            "steer": 0.0
        },
        {
            "throttle": 0.016854343654287035,
            "brake": 0.0,
            "steer": 0.0
        },
        {
            "throttle": 0.011798040558000924,
            "brake": 0.0,
            "steer": 0.0
        },
        {
            "throttle": 0.008258628390600646,
            "brake": 0.0,
            "steer": 0.0
        },
        {
            "throttle": 0.005781039873420452,
            "brake": 0.0,
            "steer": 0.0
        },
        {
            "throttle": 0.004046727911394317,
            "brake": 0.0,
            "steer": 0.0
        },
        {
            "throttle": 0.0028327095379760215,
            "brake": 0.0,
            "steer": 0.0
        },
        {
            "throttle": 0.001982896676583215,
            "brake": 0.0,
            "steer": 0.0
        },
        {
            "throttle": 0.0013880276736082504,
            "brake": 0.0,
            "steer": 0.0
        },
        {
            "throttle": 0.0009716193715257752,
            "brake": 0.0,
            "steer": 0.0
        },
        {
            "throttle": 0.0021506711212056673,
            "brake": 0.0,
            "steer": 0.0
        },
        {
            "throttle": 0.010196217030947061,
            "brake": 0.0,
            "steer": 0.0
        },
        {
            "throttle": 0.023808848492139663,
            "brake": 0.0,
            "steer": 0.0
        },
        {
            "throttle": 0.04197759032907218,
            "brake": 0.0,
            "steer": 0.0
        },
        {
            "throttle": 0.0638849967799852,
            "brake": 0.0,
            "steer": 0.0
        },
        {
            "throttle": 0.08884211313824623,
            "brake": 0.0,
            "steer": 0.0
        },
        {
            "throttle": 0.11624443202511253,
            "brake": 0.0,
            "steer": 0.0
        },
        {
            "throttle": 0.1455426157321847,
            "brake": 0.0,
            "steer": 0.0
        },
        {
            "throttle": 0.17622360491119582,
            "brake": 0.0,
            "steer": 0.0
        },
        {
            "throttle": 0.20779902743999284,
            "brake": 0.0,
            "steer": 0.0
        },
        {
            "throttle": 0.2397987264016847,
            "brake": 0.0,
            "steer": 0.0
        },
        {
            "throttle": 0.27176785957540484,
            "brake": 0.0,
            "steer": 0.0
        },
        {
            "throttle": 0.3032664664109325,
            "brake": 0.0,
            "steer": 0.0
        },
        {
            "throttle": 0.3338707093749079,
            "brake": 0.0,
            "steer": 0.0
        },
        {
            "throttle": 0.3631752148688563,
            "brake": 0.0,
            "steer": 0.0
        },
        {
            "throttle": 0.3907960926588742,
            "brake": 0.0,
            "steer": 0.0
        },
        {
            "throttle": 0.4163743215330623,
            "brake": 0.0,
            "steer": 0.0
        },
        {
            "throttle": 0.43957926642748335,
            "brake": 0.0,
            "steer": 0.0
        },
        {
            "throttle": 0.4601121481153503,
            "brake": 0.0,
            "steer": 0.0
        },
        {
            "throttle": 0.47770932742368744,
            "brake": 0.0,
            "steer": 0.0
        },
        {
            "throttle": 0.4921452964848175,
            "brake": 0.0,
            "steer": 0.0
        },
        {
            "throttle": 0.5032352929826935,
            "brake": 0.0,
            "steer": 0.0
        },
        {
            "throttle": 0.5108374719551949,
            "brake": 0.0,
            "steer": 0.0
        },
        {
            "throttle": 0.51485458500249,
            "brake": 0.0,
            "steer": 0.0
        },
        {
            "throttle": 0.5152351297772451,
            "brake": 0.0,
            "steer": 0.0
        },
        {
            "throttle": 0.511973944099469,
            "brake": 0.0,
            "steer": 0.0
        },
        {
            "throttle": 0.5051122294105458,
            "brake": 0.0,
            "steer": 0.0
        },
        {
            "throttle": 0.49473699785210845,
            "brake": 0.0,
            "steer": 0.0
        },
        {
            "throttle": 0.4809799462027138,
            "brake": 0.0,
            "steer": 0.0
        },
        {
            "throttle": 0.4640157683240447,
            "brake": 0.0,
            "steer": 0.0
        },
        {
            "throttle": 0.4440599256978636,
            "brake": 0.0,
            "steer": 0.0
        },
        {
            "throttle": 0.4213659030768215,
            "brake": 0.0,
            "steer": 0.0
        },
        {
            "throttle": 0.3962219832035907,
            "brake": 0.0,
            "steer": 0.0
        },
        {
            "throttle": 0.368947580935751,
            "brake": 0.0,
            "steer": 0.0
        },
        {
            "throttle": 0.33988918290242626,
            "brake": 0.0,
            "steer": 0.0
        },
        {
            "throttle": 0.23792242803169836,
            "brake": 0.2114373682594813,
            "steer": 0.0
        },
        {
            "throttle": 0.16654569962218885,
            "brake": 0.35944352604111823,
            "steer": 0.0
        },
        {
            "throttle": 0.11658198973553219,
            "brake": 0.4630478364882641,
            "steer": 0.0
        },
        {
            "throttle": 0.08160739281487253,
            "brake": 0.5355708538012661,
            "steer": 0.0
        },
        {
            "throttle": 0.057125174970410766,
            "brake": 0.5863369659203675,
            "steer": 0.0
        },
        {
            "throttle": 0.039987622479287534,
            "brake": 0.6218732444037386,
            "steer": 0.0
        },
        {
            "throttle": 0.02799133573550127,
            "brake": 0.6467486393420983,
            "steer": 0.0
        },
        {
            "throttle": 0.019593935014850888,
            "brake": 0.66416141579895,
            "steer": 0.0
        },
        {
            "throttle": 0.01371575451039562,
            "brake": 0.6763503593187463,
            "steer": 0.0
        },
        {
            "throttle": 0.009601028157276934,
            "brake": 0.4734452515231224,
            "steer": 0.0
        },
        {
            "throttle": 0.0067207197100938535,
            "brake": 0.33141167606618566,
            "steer": 0.0
        },
        {
            "throttle": 0.004704503797065697,
            "brake": 0.23198817324632995,
            "steer": 0.0
        },
        {
            "throttle": 0.0032931526579459878,
            "brake": 0.16239172127243096,
            "steer": 0.0
        },
        {
            "throttle": 0.002305206860562191,
            "brake": 0.11367420489070167,
            "steer": 0.0
        },
        {
            "throttle": 0.0016136448023935338,
            "brake": 0.07957194342349116,
            "steer": 0.0
        },
        {
            "throttle": 0.0011295513616754735,
            "brake": 0.05570036039644381,
            "steer": 0.0
        },
        {
            "throttle": 0.0007906859531728314,
            "brake": 0.03899025227751066,
            "steer": 0.0
        },
        {
            "throttle": 0.0005534801672209819,
            "brake": 0.02729317659425746,
            "steer": 0.0
        },
        {
            "throttle": 0.00038743611705468735,
            "brake": 0.019105223615980223,
            "steer": 0.0
        },
        {
            "throttle": 0.0002712052819382811,
            "brake": 0.013373656531186155,
            "steer": 0.0
        },
        {
            "throttle": 0.00018984369735679677,
            "brake": 0.009361559571830307,
            "steer": 0.0
        },
        {
            "throttle": 0.003574844823563846,
            "brake": 0.0065530917002812146,
            "steer": 0.0
        },
        {
            "throttle": 0.01339073161027391,
            "brake": 0.00458716419019685,
            "steer": 0.0
        },
        {
            "throttle": 0.02844085930648696,
            "brake": 0.0032110149331377948,
            "steer": 0.0
        },
        {
            "throttle": 0.04778366872951294,
            "brake": 0.002247710453196456,
            "steer": 0.0
        },
        {
            "throttle": 0.07064817328864864,
            "brake": 0.001573397317237519,
            "steer": 0.0
        },
        {
            "throttle": 0.09637622144187999,
            "brake": 0.0011013781220662632,
            "steer": 0.0
        },
        {
            "throttle": 0.12438358536859383,
            "brake": 0.0007709646854463842,
            "steer": 0.0
        },
        {
            "throttle": 0.1541342922871483,
            "brake": 0.0005396752798124689,
            "steer": 0.0
        },
        {
            "throttle": 0.18512426998144507,
            "brake": 0.00037777269586872816,
            "steer": 0.0
        },
        {
            "throttle": 0.2168715361318332,
            "brake": 0.0002644408871081097,
            "steer": 0.0
        },
        {
            "throttle": 0.2489109713643983,
            "brake": 0.00018510862097567677,
            "steer": 0.0
        },
        {
            "throttle": 0.2807922831169931,
            "brake": 0.00012957603468297373,
            "steer": 0.0
        },
        {
            "throttle": 0.3120801646753243,
            "brake": 9.070322427808161e-05,
            "steer": 0.0
        },
        {
            "throttle": 0.34235593229875405,
            "brake": 6.349225699465712e-05,
            "steer": 0.0
        },
        {
            "throttle": 0.3712201190954749,
            "brake": 4.444457989625998e-05,
            "steer": 0.0
        },
        {
            "throttle": 0.39829564231455733,
            "brake": 3.1111205927381986e-05,
            "steer": 0.0
        },
        {
            "throttle": 0.42323125855135907,
            "brake": 2.1777844149167388e-05,
            "steer": 0.0
        },
        {
            "throttle": 0.44570509128474334,
            "brake": 1.524449090441717e-05,
            "steer": 0.0
        },
        {
            "throttle": 0.4654280657513936,
            "brake": 1.0671143633092018e-05,
            "steer": 0.0
        },
        {
            "throttle": 0.4821471233937654,
            "brake": 7.469800543164412e-06,
            "steer": 0.0
        },
        {
            "throttle": 0.4956481161563776,
            "brake": 5.228860380215088e-06,
            "steer": 0.0
        },
        {
            "throttle": 0.5057583026389041,
            "brake": 3.660202266150561e-06,
            "steer": 0.0
        },
        {
            "throttle": 0.5123483855391535,
            "brake": 2.5621415863053925e-06,
            "steer": 0.0
        },
        {
            "throttle": 0.5153340443031528,
            "brake": 1.7934991104137745e-06,
            "steer": 0.0
        },
        {
            "throttle": 0.3607338310122069,
            "brake": 0.2114386237088586,
            "steer": 0.0
        },
        {
            "throttle": 0.2525136817085448,
            "brake": 0.3594444048556823,
            "steer": 0.0
        },
        {
            "throttle": 0.17675957719598137,
            "brake": 0.46304845165845887,
            "steer": 0.0
        },
        {
            "throttle": 0.12373170403718695,
            "brake": 0.5355712844204025,
            "steer": 0.0
        },
        {
            "throttle": 0.08661219282603086,
            "brake": 0.586337267353763,
            "steer": 0.0
        },
        {
            "throttle": 0.0606285349782216,
            "brake": 0.6218734554071154,
            "steer": 0.0
        },
        {
            "throttle": 0.042439974484755116,
            "brake": 0.646748787044462,
            "steer": 0.0
        },
        {
            "throttle": 0.02970798213932858,
            "brake": 0.6641615191906047,
            "steer": 0.0
        },
        {
            "throttle": 0.020795587497530004,
            "brake": 0.6763504316929045,
            "steer": 0.0
        },
        {
            "throttle": 0.10333772163510514,
            "brake": 0.47344530218503317,
            "steer": 0.0
        },
        {
            "throttle": 0.1510906448600897,
            "brake": 0.3314117115295232,
            "steer": 0.0
        },
        {
            "throttle": 0.17436155846279344,
            "brake": 0.23198819807066623,
            "steer": 0.0
        },
        {
            "throttle": 0.18049452903212926,
            "brake": 0.16239173864946635,
            "steer": 0.0
        },
        {
            "throttle": 0.174759435679275,
            "brake": 0.11367421705462644,
            "steer": 0.0
        },
        {
            "throttle": 0.16097259383771728,
            "brake": 0.0795719519382385,
            "steer": 0.0
        },
        {
            "throttle": 0.1419295734056742,
            "brake": 0.05570036635676695,
            "steer": 0.0
        }
    ],
    "parameters": {
        "fog_density": 76.5071526012895,
        "precipitation": 53.0716119603669,
        "precipitation_deposits": 77.30766301389195,
        "wind_intensity": 3.918500348766063,
        "sun_altitude_angle": 45.871285924217545,
        "cloudiness": 38.89339830607271,
        "lead_base_throttle": 0.2285196429930021,
        "lead_behavior_frequency": 0.1794833619174787,
        "lead_throttle_variation": 0.3008399357706139,
        "lead_brake_probability": 0.016430803668426395,
        "lead_brake_intensity": 0.7047912275316044,
        "lead_brake_duration": 9.56353915474363,
        "initial_distance": 27.97813906871774,
        "initial_ego_velocity": 12.408643135631271,
        "initial_lead_velocity": 15.219359299882406
    },
    "config": {
        "num_timesteps": 200,
        "dt": 0.1,
        "seed": 168
    }
}