{
    "weather": {
        "cloudiness": 59.33316126758642,
        "precipitation": 51.846668962636755,
        "precipitation_deposits": 44.48103252920884,
        "wind_intensity": 30.120664497603684,
        "sun_altitude_angle": 8.043576809279713,
        "fog_density": 32.43980112460473,
        "fog_distance": 339.1452815869312,
        "wetness": 25.923334481318378
    },
    "initial_conditions": {
        "ego": {
            "position": {
                "x": 564.7903851534963,
                "y": 20.57,
                "z": 0.294
            },
            "yaw": 0.0,
            "velocity": 18.074426105456997
        },
        "lead": {
            "position": {
                "x": 484.88,
                "y": 20.57,
                "z": 0.294
            },
            "yaw": 0.0,
            "velocity": 21.94786051891098
        }
    },
    "ego": {
        "position": {
            "x": 564.7903851534963,
            "y": 20.57,
            "z": 0.294
        },
        "yaw": 0.0,
        "velocity": 18.074426105456997
    },
    "lead": {
        "position": {
            "x": 484.88,
            "y": 20.57,
            "z": 0.294
        },
        "yaw": 0.0,
        "velocity": 21.94786051891098
    },
    "ado_actions": [
        {
            "throttle": 0.5149279461209948,
            "brake": 0.0,
            "steer": 0.0
        },
        {
            "throttle": 0.5194822190267554,
            "brake": 0.0,
            "steer": 0.0
        },
        {
            "throttle": 0.5272066872877309,
            "brake": 0.0,
            "steer": 0.0
        },
        {
            "throttle": 0.5371147704757799,
            "brake": 0.0,
            "steer": 0.0
        },
        {
            "throttle": 0.5484982749488498,
            "brake": 0.0,
            "steer": 0.0
        },
        {
            "throttle": 0.5608440853375458,
            "brake": 0.0,
            "steer": 0.0
        },
        {
            "throttle": 0.5737759164968312,
            "brake": 0.0,
            "steer": 0.0
        },
        {
            "throttle": 0.5870136067070734,
            "brake": 0.0,
            "steer": 0.0
        },
        {
            "throttle": 0.6003446884122264,
            "brake": 0.0,
            "steer": 0.0
        },
        {
            "throttle": 0.6136045516406798,
            "brake": 0.0,
            "steer": 0.0
        },
        {
            "throttle": 0.626662620460936,
            "brake": 0.0,
            "steer": 0.0
        },
        {
            "throttle": 0.6394127364761318,
            "brake": 0.0,
            "steer": 0.0
        },
        {
            "throttle": 0.6517664849258613,
            "brake": 0.0,
            "steer": 0.0
        },
        {
            "throttle": 0.6636485780679302,
            "brake": 0.0,
            "steer": 0.0
        },
        {
            "throttle": 0.6749936758955456,
            "brake": 0.0,
            "steer": 0.0
        },
        {
            "throttle": 0.6857442100242314,
            "brake": 0.0,
            "steer": 0.0
        },
        {
            "throttle": 0.6958489066395079,
            "brake": 0.0,
            "steer": 0.0
        },
        {
            "throttle": 0.7052617954484313,
            "brake": 0.0,
            "steer": 0.0
        },
        {
            "throttle": 0.7139415553275728,
            "brake": 0.0,
            "steer": 0.0
        },
        {
            "throttle": 0.7218510919983654,
            "brake": 0.0,
            "steer": 0.0
        },
        {
            "throttle": 0.7289572743218806,
            "brake": 0.0,
            "steer": 0.0
        },
        {
            "throttle": 0.7352307777027484,
            "brake": 0.0,
            "steer": 0.0
        },
        {
            "throttle": 0.7406459984356172,
            "brake": 0.0,
            "steer": 0.0
        },
        {
            "throttle": 0.7451810135838965,
            "brake": 0.0,
            "steer": 0.0
        },
        {
            "throttle": 0.7488175685260916,
            "brake": 0.0,
            "steer": 0.0
        },
        {
            "throttle": 0.751541079603367,
            "brake": 0.0,
            "steer": 0.0
        },
        {
            "throttle": 0.7533406430274784,
            "brake": 0.0,
            "steer": 0.0
        },
        {
            "throttle": 0.7542090438329033,
            "brake": 0.0,
            "steer": 0.0
        },
        {
            "throttle": 0.754142760511236,
            "brake": 0.0,
            "steer": 0.0
        },
        {
            "throttle": 0.7531419622808714,
            "brake": 0.0,
            "steer": 0.0
        },
        {
            "throttle": 0.7512104968824402,
            "brake": 0.0,
            "steer": 0.0
        },
        {
            "throttle": 0.748355867463538,
            "brake": 0.0,
            "steer": 0.0
        },
        {
            "throttle": 0.7445891976041686,
            "brake": 0.0,
            "steer": 0.0
        },
        {
            "throttle": 0.7399251838923359,
            "brake": 0.0,
            "steer": 0.0
        },
        {
            "throttle": 0.7343820357260264,
            "brake": 0.0,
            "steer": 0.0
        },
        {
            "throttle": 0.7279814022204673,
            "brake": 0.0,
            "steer": 0.0
        },
        {
            "throttle": 0.7207482862568214,
            "brake": 0.0,
            "steer": 0.0
        },
        {
            "throttle": 0.7127109458335684,
            "brake": 0.0,
            "steer": 0.0
        },
        {
            "throttle": 0.7039007829838086,
            "brake": 0.0,
            "steer": 0.0
        },
        {
            "throttle": 0.6943522206069858,
            "brake": 0.0,
            "steer": 0.0
        },
        {
            "throttle": 0.6841025676364141,
            "brake": 0.0,
            "steer": 0.0
        },
        {
            "throttle": 0.6731918730275395,
            "brake": 0.0,
            "steer": 0.0
        },
        {
            "throttle": 0.6616627691081249,
            "brake": 0.0,
            "steer": 0.0
        },
        {
            "throttle": 0.6495603048819218,
            "brake": 0.0,
            "steer": 0.0
        },
        {
            "throttle": 0.6369317699228085,
            "brake": 0.0,
            "steer": 0.0
        },
        {
            "throttle": 0.6238265095374578,
            "brake": 0.0,
            "steer": 0.0
        },
        {
            "throttle": 0.6102957319117335,
            "brake": 0.0,
            "steer": 0.0
        },
        {
            "throttle": 0.5963923079894545,
            "brake": 0.0,
            "steer": 0.0
        },
        {
            "throttle": 0.582170564862039,
            "brake": 0.0,
            "steer": 0.0
        },
        {
            "throttle": 0.5676860734739371,
            "brake": 0.0,
            "steer": 0.0
        },
        {
            "throttle": 0.5529954314716945,
            "brake": 0.0,
            "steer": 0.0
        },
        {
            "throttle": 0.5381560420439726,
            "brake": 0.0,
            "steer": 0.0
        },
        {
            "throttle": 0.5232258896158726,
            "brake": 0.0,
            "steer": 0.0
        },
        {
            "throttle": 0.5082633132734503,
            "brake": 0.0,
            "steer": 0.0
        },
        {
            "throttle": 0.4933267788033518,
            "brake": 0.0,
            "steer": 0.0
        },
        {
            "throttle": 0.4784746502380343,
            "brake": 0.0,
            "steer": 0.0
        },
        {
            "throttle": 0.4637649617990527,
            "brake": 0.0,
            "steer": 0.0
        },
        {
            "throttle": 0.44925519112939705,
            "brake": 0.0,
            "steer": 0.0
        },
        {
            "throttle": 0.4350020347008706,
            "brake": 0.0,
            "steer": 0.0
        },
        {
            "throttle": 0.42106118627402955,
            "brake": 0.0,
            "steer": 0.0
        },
        {
            "throttle": 0.4074871192762966,
            "brake": 0.0,
            "steer": 0.0
        },
        {
            "throttle": 0.3943328739485666,
            "brake": 0.0,
            "steer": 0.0
        },
        {
            "throttle": 0.3816498500919978,
            "brake": 0.0,
            "steer": 0.0
        },
        {
            "throttle": 0.3694876062248089,
            "brake": 0.0,
            "steer": 0.0
        },
        {
            "throttle": 0.3578936659338577,
            "brake": 0.0,
            "steer": 0.0
        },
        {
            "throttle": 0.3469133321776693,
            "brake": 0.0,
            "steer": 0.0
        },
        {
            "throttle": 0.33658951026651335,
            "brake": 0.0,
            "steer": 0.0
        },
        {
            "throttle": 0.32696254021122584,
            "brake": 0.0,
            "steer": 0.0
        },
        {
            "throttle": 0.3180700390958643,
            "brake": 0.0,
            "steer": 0.0
        },
        {
            "throttle": 0.30994675409011907,
            "brake": 0.0,
            "steer": 0.0
        },
        {
            "throttle": 0.3026244266758279,
            "brake": 0.0,
            "steer": 0.0
        },
        {
            "throttle": 0.29613166861812423,
            "brake": 0.0,
            "steer": 0.0
        },
        {
            "throttle": 0.290493850165857,
            "brake": 0.0,
            "steer": 0.0
        },
        {
            "throttle": 0.28573300091813475,
            "brake": 0.0,
            "steer": 0.0
        },
        {
            "throttle": 0.28186772374435515,
            "brake": 0.0,
            "steer": 0.0
        },
        {
            "throttle": 0.2789131220940737,
            "brake": 0.0,
            "steer": 0.0
        },
        {
            "throttle": 0.2768807409807467,
            "brake": 0.0,
            "steer": 0.0
        },
        {
            "throttle": 0.27577852186995183,
            "brake": 0.0,
            "steer": 0.0
        },
        {
            "throttle": 0.27561077164835956,
            "brake": 0.0,
            "steer": 0.0
        },
        {
            "throttle": 0.27637814579470804,
            "brake": 0.0,
            "steer": 0.0
        },
        {
            "throttle": 0.27807764581854033,
            "brake": 0.0,
            "steer": 0.0
        },
        {
            "throttle": 0.2807026309767118,
            "brake": 0.0,
            "steer": 0.0
        },
        {
            "throttle": 0.2842428442218858,
            "brake": 0.0,
            "steer": 0.0
        },
        {
            "throttle": 0.2886844522816253,
            "brake": 0.0,
            "steer": 0.0
        },
        {
            "throttle": 0.2940100997114718,
            "brake": 0.0,
            "steer": 0.0
        },
        {
            "throttle": 0.3001989767108009,
            "brake": 0.0,
            "steer": 0.0
        },
        {
            "throttle": 0.30722690043646733,
            "brake": 0.0,
            "steer": 0.0
        },
        {
            "throttle": 0.31506640949650705,
            "brake": 0.0,
            "steer": 0.0
        },
        {
            "throttle": 0.3236868712546671,
            "brake": 0.0,
            "steer": 0.0
        },
        {
            "throttle": 0.3330546015264726,
            "brake": 0.0,
            "steer": 0.0
        },
        {
            "throttle": 0.3431329961991233,
            "brake": 0.0,
            "steer": 0.0
        },
        {
            "throttle": 0.35388267426091846,
            "brake": 0.0,
            "steer": 0.0
        },
        {
            "throttle": 0.36526163168132747,
            "brake": 0.0,
            "steer": 0.0
        },
        {
            "throttle": 0.37722540554042405,
            "brake": 0.0,
            "steer": 0.0
        },
        {
            "throttle": 0.3897272477663543,
            "brake": 0.0,
            "steer": 0.0
        },
        {
            "throttle": 0.40271830780196394,
            "brake": 0.0,
            "steer": 0.0
        },
        {
            "throttle": 0.4161478234868212,
            "brake": 0.0,
            "steer": 0.0
        },
        {
            "throttle": 0.42996331940877003,
            "brake": 0.0,
            "steer": 0.0
        },
        {
            "throttle": 0.44411081194996016,
            "brake": 0.0,
            "steer": 0.0
        },
        {
            "throttle": 0.4585350202261439,
            "brake": 0.0,
            "steer": 0.0
        },
        {
            "throttle": 0.4731795820950012,
            "brake": 0.0,
            "steer": 0.0
        },
        {
            "throttle": 0.48798727438944645,
            "brake": 0.0,
            "steer": 0.0
        },
        {
            "throttle": 0.5029002365153623,
            "brake": 0.0,
            "steer": 0.0
        },
        {
            "throttle": 0.5178601965400603,
            "brake": 0.0,
            "steer": 0.0
        },
        {
            "throttle": 0.5328086988880337,
            "brake": 0.0,
            "steer": 0.0
        },
        {
            "throttle": 0.5476873327542888,
            "brake": 0.0,
            "steer": 0.0
        },
        {
            "throttle": 0.5624379603427372,
            "brake": 0.0,
            "steer": 0.0
        },
        {
            "throttle": 0.5770029440378139,
            "brake": 0.0,
            "steer": 0.0
        },
        {
            "throttle": 0.5913253716216564,
            "brake": 0.0,
            "steer": 0.0
        },
        {
            "throttle": 0.605349278656814,
            "brake": 0.0,
            "steer": 0.0
        },
        {
            "throttle": 0.619019867165535,
            "brake": 0.0,
            "steer": 0.0
        },
        {
            "throttle": 0.6322837197511507,
            "brake": 0.0,
            "steer": 0.0
        },
        {
            "throttle": 0.6450890083248791,
            "brake": 0.0,
            "steer": 0.0
        },
        {
            "throttle": 0.657385696622461,
            "brake": 0.0,
            "steer": 0.0
        },
        {
            "throttle": 0.6691257357192951,
            "brake": 0.0,
            "steer": 0.0
        },
        {
            "throttle": 0.6802632517801075,
            "brake": 0.0,
            "steer": 0.0
        },
        {
            "throttle": 0.6907547253095268,
            "brake": 0.0,
            "steer": 0.0
        },
        {
            "throttle": 0.7005591612031499,
            "brake": 0.0,
            "steer": 0.0
        },
        {
            "throttle": 0.7096382489346296,
            "brake": 0.0,
            "steer": 0.0
        },
        {
            "throttle": 0.7179565122528566,
            "brake": 0.0,
            "steer": 0.0
        },
        {
            "throttle": 0.7254814478043006,
            "brake": 0.0,
            "steer": 0.0
        },
        {
            "throttle": 0.7321836521388462,
            "brake": 0.0,
            "steer": 0.0
        },
        {
            "throttle": 0.7380369366028546,
            "brake": 0.0,
            "steer": 0.0
        },
        {
            "throttle": 0.7430184296705074,
            "brake": 0.0,
            "steer": 0.0
        },
        {
            "throttle": 0.7471086663135773,
            "brake": 0.0,
            "steer": 0.0
        },
        {
            "throttle": 0.7502916640604181,
            "brake": 0.0,
            "steer": 0.0
        },
        {
            "throttle": 0.752554985446971,
            "brake": 0.0,
            "steer": 0.0
        },
        {
            "throttle": 0.7538897866157662,
            "brake": 0.0,
            "steer": 0.0
        },
        {
            "throttle": 0.7542908518730199,
            "brake": 0.0,
            "steer": 0.0
        },
        {
            "throttle": 0.753756614068794,
            "brake": 0.0,
            "steer": 0.0
        },
        {
            "throttle": 0.7522891607205852,
            "brake": 0.0,
            "steer": 0.0
        },
        {
            "throttle": 0.749894225856416,
            "brake": 0.0,
            "steer": 0.0
        },
        {
            "throttle": 0.7465811676093,
            "brake": 0.0,
            "steer": 0.0
        },
        {
            "throttle": 0.7423629316506297,
            "brake": 0.0,
            "steer": 0.0
        },
        {
            "throttle": 0.7372560006053704,
            "brake": 0.0,
            "steer": 0.0
        },
        {
            "throttle": 0.73128032964672,
            "brake": 0.0,
            "steer": 0.0
        },
        {
            "throttle": 0.7244592685218937,
            "brake": 0.0,
            "steer": 0.0
        },
        {
            "throttle": 0.7168194703137178,
            "brake": 0.0,
            "steer": 0.0
        },
        {
            "throttle": 0.7083907872945435,
            "brake": 0.0,
            "steer": 0.0
        },
        {
            "throttle": 0.699206154279426,
            "brake": 0.0,
            "steer": 0.0
        },
        {
            "throttle": 0.6893014599343665,
            "brake": 0.0,
            "steer": 0.0
        },
        {
            "throttle": 0.6787154065424731,
            "brake": 0.0,
            "steer": 0.0
        },
        {
            "throttle": 0.6674893587760006,
            "brake": 0.0,
            "steer": 0.0
        },
        {
            "throttle": 0.6556671820651888,
            "brake": 0.0,
            "steer": 0.0
        },
        {
            "throttle": 0.6432950711954674,
            "brake": 0.0,
            "steer": 0.0
        },
        {
            "throttle": 0.6304213698027772,
            "brake": 0.0,
            "steer": 0.0
        },
        {
            "throttle": 0.6170963814723263,
            "brake": 0.0,
            "steer": 0.0
        },
        {
            "throttle": 0.6033721731789053,
            "brake": 0.0,
            "steer": 0.0
        },
        {
            "throttle": 0.589302371836814,
            "brake": 0.0,
            "steer": 0.0
        },
        {
            "throttle": 0.5749419547543713,
            "brake": 0.0,
            "steer": 0.0
        },
        {
            "throttle": 0.5603470348118043,
            "brake": 0.0,
            "steer": 0.0
        },
        {
            "throttle": 0.5455746412019259,
            "brake": 0.0,
            "steer": 0.0
        },
        {
            "throttle": 0.5306824965903484,
            "brake": 0.0,
            "steer": 0.0
        },
        {
            "throttle": 0.5157287915659745,
            "brake": 0.0,
            "steer": 0.0
        },
        {
            "throttle": 0.5007719572630931,
            "brake": 0.0,
            "steer": 0.0
        },
        {
            "throttle": 0.48587043704355093,
            "brake": 0.0,
            "steer": 0.0
        },
        {
            "throttle": 0.47108245813114535,
            "brake": 0.0,
            "steer": 0.0
        },
        {
            "throttle": 0.45646580409057036,
            "brake": 0.0,
            "steer": 0.0
        },
        {
            "throttle": 0.4420775890399464,
            "brake": 0.0,
            "steer": 0.0
        },
        {
            "throttle": 0.42797403447919125,
            "brake": 0.0,
            "steer": 0.0
        },
        {
            "throttle": 0.4142102496062692,
            "brake": 0.0,
            "steer": 0.0
        },
        {
            "throttle": 0.4008400159797254,
            "brake": 0.0,
            "steer": 0.0
        },
        {
            "throttle": 0.38791557736892873,
            "brake": 0.0,
            "steer": 0.0
        },
        {
            "throttle": 0.3754874356131788,
            "brake": 0.0,
            "steer": 0.0
        },
        {
            "throttle": 0.36360415328734974,
            "brake": 0.0,
            "steer": 0.0
        },
        {
            "throttle": 0.35231216394514886,
            "brake": 0.0,
            "steer": 0.0
        },
        {
            "throttle": 0.3416555906814591,
            "brake": 0.0,
            "steer": 0.0
        },
        {
            "throttle": 0.33167607372272717,
            "brake": 0.0,
            "steer": 0.0
        },
        {
            "throttle": 0.32241260771908165,
            "brake": 0.0,
            "steer": 0.0
        },
        {
            "throttle": 0.3139013893739586,
            "brake": 0.0,
            "steer": 0.0
        },
        {
            "throttle": 0.30617567600661616,
            "brake": 0.0,
            "steer": 0.0
        },
        {
            "throttle": 0.29926565560020013,
            "brake": 0.0,
            "steer": 0.0
        },
        {
            "throttle": 0.2931983288431451,
            "brake": 0.0,
            "steer": 0.0
        },
        {
            "throttle": 0.28799740362482956,
            "brake": 0.0,
            "steer": 0.0
        },
        {
            "throttle": 0.28368320239774014,
            "brake": 0.0,
            "steer": 0.0
        },
        {
            "throttle": 0.2802725827681249,
            "brake": 0.0,
            "steer": 0.0
        },
        {
            "throttle": 0.27777887162542425,
            "brake": 0.0,
            "steer": 0.0
        },
        {
            "throttle": 0.2762118130678681,
            "brake": 0.0,
            "steer": 0.0
        },
        {
            "throttle": 0.2755775303277165,
            "brake": 0.0,
            "steer": 0.0
        },
        {
            "throttle": 0.27587850184492185,
            "brake": 0.0,
            "steer": 0.0
        },
        {
            "throttle": 0.2771135515827019,
            "brake": 0.0,
            "steer": 0.0
        },
        {
            "throttle": 0.2792778536228669,
            "brake": 0.0,
            "steer": 0.0
        },
        {
            "throttle": 0.28236295102294373,
            "brake": 0.0,
            "steer": 0.0
        },
        {
            "throttle": 0.286356788861414,
            "brake": 0.0,
            "steer": 0.0
        },
        {
            "throttle": 0.29124376134194263,
            "brake": 0.0,
            "steer": 0.0
        },
        {
            "throttle": 0.29700477277253806,
            "brake": 0.0,
            "steer": 0.0
        },
        {
            "throttle": 0.3036173121813715,
            "brake": 0.0,
            "steer": 0.0
        },
        {
            "throttle": 0.3110555412776944,
            "brake": 0.0,
            "steer": 0.0
        },
        {
            "throttle": 0.3192903954141508,
            "brake": 0.0,
            "steer": 0.0
        },
        {
            "throttle": 0.32828969715597706,
            "brake": 0.0,
            "steer": 0.0
        },
        {
            "throttle": 0.33801828201332096,
            "brake": 0.0,
            "steer": 0.0
        },
        {
            "throttle": 0.34843813584538513,
            "brake": 0.0,
            "steer": 0.0
        },
        {
            "throttle": 0.3595085433994921,
            "brake": 0.0,
            "steer": 0.0
        },
        {
            "throttle": 0.3711862474046598,
            "brake": 0.0,
            "steer": 0.0
        },
        {
            "throttle": 0.3834256175980335,
            "brake": 0.0,
            "steer": 0.0
        },
        {
            "throttle": 0.39617882902371016,
            "brake": 0.0,
            "steer": 0.0
        },
        {
            "throttle": 0.4093960489072562,
            "brake": 0.0,
            "steer": 0.0
        },
        {
            "throttle": 0.4230256313757136,
            "brake": 0.0,
            "steer": 0.0
        },
        {
            "throttle": 0.4370143192622317,
            "brake": 0.0,
            "steer": 0.0
        },
        {
            "throttle": 0.4513074522067802,
            "brake": 0.0,
            "steer": 0.0
        }
    ],
    "parameters": {
        "fog_density": 32.43980112460473,
        "precipitation": 51.846668962636755,
        "precipitation_deposits": 44.48103252920884,
        "wind_intensity": 30.120664497603684,
        "sun_altitude_angle": 8.043576809279713,
        "cloudiness": 59.33316126758642,
        "lead_base_throttle": 0.5149279461209948,
        "lead_behavior_frequency": 0.09950355993584913,
        "lead_throttle_variation": 0.24297538026440968,
        "lead_brake_probability": 0.024630313134866487,
        "lead_brake_intensity": 0.15075876567550622,
        "lead_brake_duration": 14.036610812335502,
        "initial_distance": 79.91038515349638,
        "initial_ego_velocity": 18.074426105456997,
        "initial_lead_velocity": 21.94786051891098
    },
    "config": {
        "num_timesteps": 200,
        "dt": 0.1,
        "seed": 220
    }
}