{
    "weather": {
        "cloudiness": 64.21207995725368,
        "precipitation": 18.49485850479715,
        "precipitation_deposits": 57.68346092207891,
        "wind_intensity": 28.460215071720846,
        "sun_altitude_angle": 14.424876712784076,
        "fog_density": 50.69685693385356,
        "fog_distance": 184.53885690802275,
        "wetness": 9.247429252398575
    },
    "initial_conditions": {
        "ego": {
            "position": {
                "x": 535.6109644531883,
                "y": 20.57,
                "z": 0.294
            },
            "yaw": 0.0,
            "velocity": 18.195754696813935
        },
        "lead": {
            "position": {
                "x": 484.88,
                "y": 20.57,
                "z": 0.294
            },
            "yaw": 0.0,
            "velocity": 12.638347740008928
        }
    },
    "ego": {
        "position": {
            "x": 535.6109644531883,
            "y": 20.57,
            "z": 0.294
        },
        "yaw": 0.0,
        "velocity": 18.195754696813935
    },
    "lead": {
        "position": {
            "x": 484.88,
            "y": 20.57,
            "z": 0.294
        },
        "yaw": 0.0,
        "velocity": 12.638347740008928
    },
    "ado_actions": [
        {
            "throttle": 0.5567904505680625,
            "brake": 0.0,
            "steer": 0.0
        },
        {
            "throttle": 0.5672499512449203,
            "brake": 0.0,
            "steer": 0.0
        },
        {
            "throttle": 0.584713751986221,
            "brake": 0.0,
            "steer": 0.0
        },
        {
            "throttle": 0.6064554906432233,
            "brake": 0.0,
            "steer": 0.0
        },
        {
            "throttle": 0.6302779572275058,
            "brake": 0.0,
            "steer": 0.0
        },
        {
            "throttle": 0.6543820746232011,
            "brake": 0.0,
            "steer": 0.0
        },
        {
            "throttle": 0.6772831049680919,
            "brake": 0.0,
            "steer": 0.0
        },
        {
            "throttle": 0.697758832464687,
            "brake": 0.0,
            "steer": 0.0
        },
        {
            "throttle": 0.714818840672708,
            "brake": 0.0,
            "steer": 0.0
        },
        {
            "throttle": 0.7276870985476152,
            "brake": 0.0,
            "steer": 0.0
        },
        {
            "throttle": 0.7357922810575589,
            "brake": 0.0,
            "steer": 0.0
        },
        {
            "throttle": 0.7387618462939964,
            "brake": 0.0,
            "steer": 0.0
        },
        {
            "throttle": 0.7364170585456227,
            "brake": 0.0,
            "steer": 0.0
        },
        {
            "throttle": 0.7287670151747071,
            "brake": 0.0,
            "steer": 0.0
        },
        {
            "throttle": 0.7160003933100002,
            "brake": 0.0,
            "steer": 0.0
        },
        {
            "throttle": 0.6984741411178228,
            "brake": 0.0,
            "steer": 0.0
        },
        {
            "throttle": 0.6766987388124124,
            "brake": 0.0,
            "steer": 0.0
        },
        {
            "throttle": 0.6513199740304146,
            "brake": 0.0,
            "steer": 0.0
        },
        {
            "throttle": 0.6230974327223398,
            "brake": 0.0,
            "steer": 0.0
        },
        {
            "throttle": 0.5928801119073791,
            "brake": 0.0,
            "steer": 0.0
        },
        {
            "throttle": 0.5615797218408008,
            "brake": 0.0,
            "steer": 0.0
        },
        {
            "throttle": 0.5301423669627342,
            "brake": 0.0,
            "steer": 0.0
        },
        {
            "throttle": 0.49951938038638877,
            "brake": 0.0,
            "steer": 0.0
        },
        {
            "throttle": 0.47063813770613855,
            "brake": 0.0,
            "steer": 0.0
        },
        {
            "throttle": 0.4443736942713746,
            "brake": 0.0,
            "steer": 0.0
        },
        {
            "throttle": 0.42152207750397264,
            "brake": 0.0,
            "steer": 0.0
        },
        {
            "throttle": 0.40277602431338044,
            "brake": 0.0,
            "steer": 0.0
        },
        {
            "throttle": 0.38870388556106616,
            "brake": 0.0,
            "steer": 0.0
        },
        {
            "throttle": 0.3797323276939184,
            "brake": 0.0,
            "steer": 0.0
        },
        {
            "throttle": 0.37613334943798704,
            "brake": 0.0,
            "steer": 0.0
        },
        {
            "throttle": 0.37801600260810386,
            "brake": 0.0,
            "steer": 0.0
        },
        {
            "throttle": 0.38532306482273015,
            "brake": 0.0,
            "steer": 0.0
        },
        {
            "throttle": 0.3978327626907997,
            "brake": 0.0,
            "steer": 0.0
        },
        {
            "throttle": 0.4151654915173748,
            "brake": 0.0,
            "steer": 0.0
        },
        {
            "throttle": 0.43679532647723385,
            "brake": 0.0,
            "steer": 0.0
        },
        {
            "throttle": 0.46206597517891235,
            "brake": 0.0,
            "steer": 0.0
        },
        {
            "throttle": 0.49021068703156473,
            "brake": 0.0,
            "steer": 0.0
        },
        {
            "throttle": 0.5203755149460095,
            "brake": 0.0,
            "steer": 0.0
        },
        {
            "throttle": 0.5516452233088723,
            "brake": 0.0,
            "steer": 0.0
        },
        {
            "throttle": 0.58307105596271,
            "brake": 0.0,
            "steer": 0.0
        },
        {
            "throttle": 0.6136995215497356,
            "brake": 0.0,
            "steer": 0.0
        },
        {
            "throttle": 0.6426013227503284,
            "brake": 0.0,
            "steer": 0.0
        },
        {
            "throttle": 0.6688995516105031,
            "brake": 0.0,
            "steer": 0.0
        },
        {
            "throttle": 0.6917962954402327,
            "brake": 0.0,
            "steer": 0.0
        },
        {
            "throttle": 0.7105968460033516,
            "brake": 0.0,
            "steer": 0.0
        },
        {
            "throttle": 0.7247307774478964,
            "brake": 0.0,
            "steer": 0.0
        },
        {
            "throttle": 0.733769253437843,
            "brake": 0.0,
            "steer": 0.0
        },
        {
            "throttle": 0.7374380383613783,
            "brake": 0.0,
            "steer": 0.0
        },
        {
            "throttle": 0.7356258178363243,
            "brake": 0.0,
            "steer": 0.0
        },
        {
            "throttle": 0.7283875760557471,
            "brake": 0.0,
            "steer": 0.0
        },
        {
            "throttle": 0.7159429274982384,
            "brake": 0.0,
            "steer": 0.0
        },
        {
            "throttle": 0.698669453617523,
            "brake": 0.0,
            "steer": 0.0
        },
        {
            "throttle": 0.6770912466801597,
            "brake": 0.0,
            "steer": 0.0
        },
        {
            "throttle": 0.6518630083399991,
            "brake": 0.0,
            "steer": 0.0
        },
        {
            "throttle": 0.6237501854116394,
            "brake": 0.0,
            "steer": 0.0
        },
        {
            "throttle": 0.593605745540256,
            "brake": 0.0,
            "steer": 0.0
        },
        {
            "throttle": 0.5623442974138603,
            "brake": 0.0,
            "steer": 0.0
        },
        {
            "throttle": 0.5309143407330894,
            "brake": 0.0,
            "steer": 0.0
        },
        {
            "throttle": 0.5002694878985197,
            "brake": 0.0,
            "steer": 0.0
        },
        {
            "throttle": 0.471339530574552,
            "brake": 0.0,
            "steer": 0.0
        },
        {
            "throttle": 0.4450022289955486,
            "brake": 0.0,
            "steer": 0.0
        },
        {
            "throttle": 0.42205667995129603,
            "brake": 0.0,
            "steer": 0.0
        },
        {
            "throttle": 0.4031990714903849,
            "brake": 0.0,
            "steer": 0.0
        },
        {
            "throttle": 0.38900155996499597,
            "brake": 0.0,
            "steer": 0.0
        },
        {
            "throttle": 0.3798949103060248,
            "brake": 0.0,
            "steer": 0.0
        },
        {
            "throttle": 0.37615542623778053,
            "brake": 0.0,
            "steer": 0.0
        },
        {
            "throttle": 0.37789656698097596,
            "brake": 0.0,
            "steer": 0.0
        },
        {
            "throttle": 0.3850655048005714,
            "brake": 0.0,
            "steer": 0.0
        },
        {
            "throttle": 0.3974447278454798,
            "brake": 0.0,
            "steer": 0.0
        },
        {
            "throttle": 0.41465863964856825,
            "brake": 0.0,
            "steer": 0.0
        },
        {
            "throttle": 0.43618495505234345,
            "brake": 0.0,
            "steer": 0.0
        },
        {
            "throttle": 0.461370546797955,
            "brake": 0.0,
            "steer": 0.0
        },
        {
            "throttle": 0.48945126197812916,
            "brake": 0.0,
            "steer": 0.0
        },
        {
            "throttle": 0.5195751071054975,
            "brake": 0.0,
            "steer": 0.0
        },
        {
            "throttle": 0.5508280983410442,
            "brake": 0.0,
            "steer": 0.0
        },
        {
            "throttle": 0.5822619925641055,
            "brake": 0.0,
            "steer": 0.0
        },
        {
            "throttle": 0.6129230578989742,
            "brake": 0.0,
            "steer": 0.0
        },
        {
            "throttle": 0.6418810107751384,
            "brake": 0.0,
            "steer": 0.0
        },
        {
            "throttle": 0.44931670754259684,
            "brake": 0.12285780368442595,
            "steer": 0.0
        },
        {
            "throttle": 0.31452169527981777,
            "brake": 0.2088582662635241,
            "steer": 0.0
        },
        {
            "throttle": 0.22016518669587243,
            "brake": 0.2690585900688928,
            "steer": 0.0
        },
        {
            "throttle": 0.15411563068711068,
            "brake": 0.31119881673265093,
            "steer": 0.0
        },
        {
            "throttle": 0.10788094148097747,
            "brake": 0.3406969753972816,
            "steer": 0.0
        },
        {
            "throttle": 0.07551665903668422,
            "brake": 0.3613456864625231,
            "steer": 0.0
        },
        {
            "throttle": 0.05286166132567895,
            "brake": 0.3757997842081921,
            "steer": 0.0
        },
        {
            "throttle": 0.037003162927975265,
            "brake": 0.3859176526301604,
            "steer": 0.0
        },
        {
            "throttle": 0.025902214049582685,
            "brake": 0.3930001605255382,
            "steer": 0.0
        },
        {
            "throttle": 0.01813154983470788,
            "brake": 0.3979579160523027,
            "steer": 0.0
        },
        {
            "throttle": 0.012692084884295515,
            "brake": 0.4014283449210378,
            "steer": 0.0
        },
        {
            "throttle": 0.00888445941900686,
            "brake": 0.4038576451291524,
            "steer": 0.0
        },
        {
            "throttle": 0.006219121593304801,
            "brake": 0.40555815527483263,
            "steer": 0.0
        },
        {
            "throttle": 0.16160291334847346,
            "brake": 0.2838907086923828,
            "steer": 0.0
        },
        {
            "throttle": 0.11312203934393142,
            "brake": 0.3215812997690939,
            "steer": 0.0
        },
        {
            "throttle": 0.07918542754075199,
            "brake": 0.3479647135227917,
            "steer": 0.0
        },
        {
            "throttle": 0.055429799278526384,
            "brake": 0.36643310315038014,
            "steer": 0.0
        },
        {
            "throttle": 0.03880085949496847,
            "brake": 0.37936097588969203,
            "steer": 0.0
        },
        {
            "throttle": 0.027160601646477926,
            "brake": 0.38841048680721035,
            "steer": 0.0
        },
        {
            "throttle": 0.019012421152534546,
            "brake": 0.3947451444494732,
            "steer": 0.0
        },
        {
            "throttle": 0.013308694806774182,
            "brake": 0.39917940479905717,
            "steer": 0.0
        },
        {
            "throttle": 0.009316086364741927,
            "brake": 0.4022833870437659,
            "steer": 0.0
        },
        {
            "throttle": 0.006521260455319348,
            "brake": 0.40445617461506206,
            "steer": 0.0
        },
        {
            "throttle": 0.004564882318723543,
            "brake": 0.4059771259149694,
            "steer": 0.0
        },
        {
            "throttle": 0.0031954176231064804,
            "brake": 0.40704179182490446,
            "steer": 0.0
        },
        {
            "throttle": 0.002236792336174536,
            "brake": 0.40778705796185905,
            "steer": 0.0
        },
        {
            "throttle": 0.0015657546353221752,
            "brake": 0.4083087442577273,
            "steer": 0.0
        },
        {
            "throttle": 0.13730875671360018,
            "brake": 0.2858161209804091,
            "steer": 0.0
        },
        {
            "throttle": 0.24178489380381818,
            "brake": 0.20007128468628635,
            "steer": 0.0
        },
        {
            "throttle": 0.3250225604916722,
            "brake": 0.14004989928040043,
            "steer": 0.0
        },
        {
            "throttle": 0.39373505753150884,
            "brake": 0.0980349294962803,
            "steer": 0.0
        },
        {
            "throttle": 0.4523047507091846,
            "brake": 0.06862445064739621,
            "steer": 0.0
        },
        {
            "throttle": 0.5034815984270774,
            "brake": 0.04803711545317734,
            "steer": 0.0
        },
        {
            "throttle": 0.5488817602384173,
            "brake": 0.033625980817224135,
            "steer": 0.0
        },
        {
            "throttle": 0.5893459924274312,
            "brake": 0.023538186572056894,
            "steer": 0.0
        },
        {
            "throttle": 0.6251993406207975,
            "brake": 0.016476730600439825,
            "steer": 0.0
        },
        {
            "throttle": 0.6564409189440324,
            "brake": 0.011533711420307877,
            "steer": 0.0
        },
        {
            "throttle": 0.6828836858274256,
            "brake": 0.008073597994215514,
            "steer": 0.0
        },
        {
            "throttle": 0.704257943260457,
            "brake": 0.005651518595950859,
            "steer": 0.0
        },
        {
            "throttle": 0.7202879966401824,
            "brake": 0.0039560630171656015,
            "steer": 0.0
        },
        {
            "throttle": 0.7307484534691087,
            "brake": 0.002769244112015921,
            "steer": 0.0
        },
        {
            "throttle": 0.735504615678479,
            "brake": 0.0019384708784111445,
            "steer": 0.0
        },
        {
            "throttle": 0.7345400540879101,
            "brake": 0.001356929614887801,
            "steer": 0.0
        },
        {
            "throttle": 0.7279735482027093,
            "brake": 0.0009498507304214606,
            "steer": 0.0
        },
        {
            "throttle": 0.7160669912647937,
            "brake": 0.0006648955112950224,
            "steer": 0.0
        },
        {
            "throttle": 0.6992255004299878,
            "brake": 0.00046542685790651564,
            "steer": 0.0
        },
        {
            "throttle": 0.6779907645320843,
            "brake": 0.0003257988005345609,
            "steer": 0.0
        },
        {
            "throttle": 0.6530285563306152,
            "brake": 0.00022805916037419262,
            "steer": 0.0
        },
        {
            "throttle": 0.6251112956752671,
            "brake": 0.00015964141226193482,
            "steer": 0.0
        },
        {
            "throttle": 0.5950965479163202,
            "brake": 0.00011174898858335437,
            "steer": 0.0
        },
        {
            "throttle": 0.5639023586345274,
            "brake": 7.822429200834805e-05,
            "steer": 0.0
        },
        {
            "throttle": 0.5324803471437844,
            "brake": 5.475700440584363e-05,
            "steer": 0.0
        },
        {
            "throttle": 0.5017874969944938,
            "brake": 3.832990308409054e-05,
            "steer": 0.0
        },
        {
            "throttle": 0.4727575846813079,
            "brake": 2.6830932158863376e-05,
            "steer": 0.0
        },
        {
            "throttle": 0.44627317314527315,
            "brake": 1.8781652511204362e-05,
            "steer": 0.0
        },
        {
            "throttle": 0.4231390616104388,
            "brake": 1.3147156757843053e-05,
            "steer": 0.0
        },
        {
            "throttle": 0.4040580265690189,
            "brake": 9.203009730490136e-06,
            "steer": 0.0
        },
        {
            "throttle": 0.3896096104360709,
            "brake": 6.442106811343095e-06,
            "steer": 0.0
        },
        {
            "throttle": 0.3802326157813346,
            "brake": 4.509474767940166e-06,
            "steer": 0.0
        },
        {
            "throttle": 0.3762118463143603,
            "brake": 3.1566323375581162e-06,
            "steer": 0.0
        },
        {
            "throttle": 0.3776695039381047,
            "brake": 2.209642636290681e-06,
            "steer": 0.0
        },
        {
            "throttle": 0.3845615078094612,
            "brake": 1.5467498454034765e-06,
            "steer": 0.0
        },
        {
            "throttle": 0.3966788505319292,
            "brake": 1.0827248917824336e-06,
            "steer": 0.0
        },
        {
            "throttle": 0.4136539527419435,
            "brake": 7.579074242477035e-07,
            "steer": 0.0
        },
        {
            "throttle": 0.43497182497186665,
            "brake": 5.305351969733924e-07,
            "steer": 0.0
        },
        {
            "throttle": 0.45998569930964794,
            "brake": 3.7137463788137464e-07,
            "steer": 0.0
        },
        {
            "throttle": 0.48793665740339875,
            "brake": 2.599622465169622e-07,
            "steer": 0.0
        },
        {
            "throttle": 0.3415556601823791,
            "brake": 0.1228579856579985,
            "steer": 0.0
        },
        {
            "throttle": 0.23908896212766534,
            "brake": 0.2088583936450249,
            "steer": 0.0
        },
        {
            "throttle": 0.16736227348936572,
            "brake": 0.2690586792359434,
            "steer": 0.0
        },
        {
            "throttle": 0.117153591442556,
            "brake": 0.3111988791495863,
            "steer": 0.0
        },
        {
            "throttle": 0.08200751400978919,
            "brake": 0.34069701908913635,
            "steer": 0.0
        },
        {
            "throttle": 0.057405259806852425,
            "brake": 0.3613457170468214,
            "steer": 0.0
        },
        {
            "throttle": 0.0401836818647967,
            "brake": 0.3757998056172009,
            "steer": 0.0
        },
        {
            "throttle": 0.028128577305357685,
            "brake": 0.38591766761646656,
            "steer": 0.0
        },
        {
            "throttle": 0.019690004113750378,
            "brake": 0.3930001710159525,
            "steer": 0.0
        },
        {
            "throttle": 0.013783002879625264,
            "brake": 0.3979579233955927,
            "steer": 0.0
        },
        {
            "throttle": 0.009648102015737684,
            "brake": 0.4014283500613408,
            "steer": 0.0
        },
        {
            "throttle": 0.006753671411016378,
            "brake": 0.4038576487273645,
            "steer": 0.0
        },
        {
            "throttle": 0.004727569987711465,
            "brake": 0.40555815779358106,
            "steer": 0.0
        },
        {
            "throttle": 0.21000053973947244,
            "brake": 0.28389071045550673,
            "steer": 0.0
        },
        {
            "throttle": 0.3452126383715275,
            "brake": 0.1987234973188547,
            "steer": 0.0
        },
        {
            "throttle": 0.43043624661727486,
            "brake": 0.13910644812319828,
            "steer": 0.0
        },
        {
            "throttle": 0.48000798951950796,
            "brake": 0.09737451368623878,
            "steer": 0.0
        },
        {
            "throttle": 0.5042694857511529,
            "brake": 0.06816215958036714,
            "steer": 0.0
        },
        {
            "throttle": 0.5107765884039761,
            "brake": 0.047713511706257,
            "steer": 0.0
        },
        {
            "throttle": 0.5051362439779159,
            "brake": 0.033399458194379894,
            "steer": 0.0
        },
        {
            "throttle": 0.491582649846446,
            "brake": 0.023379620736065924,
            "steer": 0.0
        },
        {
            "throttle": 0.47337117899291664,
            "brake": 0.016365734515246144,
            "steer": 0.0
        },
        {
            "throttle": 0.4530452849383027,
            "brake": 0.0114560141606723,
            "steer": 0.0
        },
        {
            "throttle": 0.43261530419044414,
            "brake": 0.00801920991247061,
            "steer": 0.0
        },
        {
            "throttle": 0.4136766420134177,
            "brake": 0.005613446938729427,
            "steer": 0.0
        },
        {
            "throttle": 0.3974867932323677,
            "brake": 0.003929412857110599,
            "steer": 0.0
        },
        {
            "throttle": 0.3850149874976788,
            "brake": 0.002750588999977419,
            "steer": 0.0
        },
        {
            "throttle": 0.3769742411394825,
            "brake": 0.0019254122999841931,
            "steer": 0.0
        },
        {
            "throttle": 0.37384274501941156,
            "brake": 0.0013477886099889352,
            "steer": 0.0
        },
        {
            "throttle": 0.37587947077522493,
            "brake": 0.0009434520269922546,
            "steer": 0.0
        },
        {
            "throttle": 0.38313739387641566,
            "brake": 0.0006604164188945781,
            "steer": 0.0
        },
        {
            "throttle": 0.39547664263938387,
            "brake": 0.00046229149322620465,
            "steer": 0.0
        },
        {
            "throttle": 0.41257907149290934,
            "brake": 0.00032360404525834326,
            "steer": 0.0
        },
        {
            "throttle": 0.43396514439864464,
            "brake": 0.00022652283168084027,
            "steer": 0.0
        },
        {
            "throttle": 0.4590135458181184,
            "brake": 0.00015856598217658819,
            "steer": 0.0
        },
        {
            "throttle": 0.48698357496681205,
            "brake": 0.00011099618752361172,
            "steer": 0.0
        },
        {
            "throttle": 0.5170400994221651,
            "brake": 7.769733126652819e-05,
            "steer": 0.0
        },
        {
            "throttle": 0.5482806298408833,
            "brake": 5.438813188656973e-05,
            "steer": 0.0
        },
        {
            "throttle": 0.5797639175237054,
            "brake": 3.807169232059881e-05,
            "steer": 0.0
        },
        {
            "throttle": 0.6105393633986196,
            "brake": 2.6650184624419164e-05,
            "steer": 0.0
        },
        {
            "throttle": 0.6396764555005334,
            "brake": 1.8655129237093412e-05,
            "steer": 0.0
        },
        {
            "throttle": 0.6662934183490997,
            "brake": 1.3058590465965387e-05,
            "steer": 0.0
        },
        {
            "throttle": 0.6895842585699167,
            "brake": 9.141013326175771e-06,
            "steer": 0.0
        },
        {
            "throttle": 0.7088434236859756,
            "brake": 6.398709328323039e-06,
            "steer": 0.0
        },
        {
            "throttle": 0.7234873521703192,
            "brake": 4.479096529826127e-06,
            "steer": 0.0
        },
        {
            "throttle": 0.7330722792946474,
            "brake": 3.135367570878289e-06,
            "steer": 0.0
        },
        {
            "throttle": 0.7373077713963734,
            "brake": 2.194757299614802e-06,
            "steer": 0.0
        },
        {
            "throttle": 0.5161154399774613,
            "brake": 0.12285934001453568,
            "steer": 0.0
        },
        {
            "throttle": 0.3612808079842229,
            "brake": 0.2088593416946009,
            "steer": 0.0
        },
        {
            "throttle": 0.252896565588956,
            "brake": 0.2690593428706466,
            "steer": 0.0
        },
        {
            "throttle": 0.1770275959122692,
            "brake": 0.3111993436938786,
            "steer": 0.0
        },
        {
            "throttle": 0.12391931713858842,
            "brake": 0.340697344270141,
            "steer": 0.0
        },
        {
            "throttle": 0.0867435219970119,
            "brake": 0.36134594467352465,
            "steer": 0.0
        },
        {
            "throttle": 0.06072046539790832,
            "brake": 0.3757999649558932,
            "steer": 0.0
        },
        {
            "throttle": 0.04250432577853582,
            "brake": 0.38591777915355113,
            "steer": 0.0
        }
    ],
    "parameters": {
        "fog_density": 50.69685693385356,
        "precipitation": 18.49485850479715,
        "precipitation_deposits": 57.68346092207891,
        "wind_intensity": 28.460215071720846,
        "sun_altitude_angle": 14.424876712784076,
        "cloudiness": 64.21207995725368,
        "lead_base_throttle": 0.5567904505680625,
        "lead_behavior_frequency": 0.27757781752030025,
        "lead_throttle_variation": 0.20092271147011856,
        "lead_brake_probability": 0.26192446874048625,
        "lead_brake_intensity": 0.4095260122814198,
        "lead_brake_duration": 13.09661767457048,
        "initial_distance": 50.73096445318832,
        "initial_ego_velocity": 18.195754696813935,
        "initial_lead_velocity": 12.638347740008928
    },
    "config": {
        "num_timesteps": 200,
        "dt": 0.1,
        "seed": 50
    }
}