{
    "weather": {
        "cloudiness": 31.931322420978436,
        "precipitation": 42.31590055588554,
        "precipitation_deposits": 1.5603727970517123,
        "wind_intensity": 23.77654280930337,
        "sun_altitude_angle": 16.6000098186377,
        "fog_density": 78.26423217037342,
        "fog_distance": 73.62226841577218,
        "wetness": 21.15795027794277
    },
    "initial_conditions": {
        "ego": {
            "position": {
                "x": 514.4049988287823,
                "y": 20.57,
                "z": 0.294
            },
            "yaw": 0.0,
            "velocity": 13.755295261518729
        },
        "lead": {
            "position": {
                "x": 484.88,
                "y": 20.57,
                "z": 0.294
            },
            "yaw": 0.0,
            "velocity": 9.492519453735955
        }
    },
    "ego": {
        "position": {
            "x": 514.4049988287823,
            "y": 20.57,
            "z": 0.294
        },
        "yaw": 0.0,
        "velocity": 13.755295261518729
    },
    "lead": {
        "position": {
            "x": 484.88,
            "y": 20.57,
            "z": 0.294
        },
        "yaw": 0.0,
        "velocity": 9.492519453735955
    },
    "ado_actions": [
        {
            "throttle": 0.2078932985256614,
            "brake": 0.0,
            "steer": 0.0
        },
        {
            "throttle": 0.2123472915269633,
            "brake": 0.0,
            "steer": 0.0
        },
        {
            "throttle": 0.21981845770605507,
            "brake": 0.0,
            "steer": 0.0
        },
        {
            "throttle": 0.22920267445314618,
            "brake": 0.0,
            "steer": 0.0
        },
        {
            "throttle": 0.23963320223309764,
            "brake": 0.0,
            "steer": 0.0
        },
        {
            "throttle": 0.25041608497443535,
            "brake": 0.0,
            "steer": 0.0
        },
        {
            "throttle": 0.26098690117889733,
            "brake": 0.0,
            "steer": 0.0
        },
        {
            "throttle": 0.2708822665622639,
            "brake": 0.0,
            "steer": 0.0
        },
        {
            "throttle": 0.27972142865215166,
            "brake": 0.0,
            "steer": 0.0
        },
        {
            "throttle": 0.28719465678788925,
            "brake": 0.0,
            "steer": 0.0
        },
        {
            "throttle": 0.2930560911575552,
            "brake": 0.0,
            "steer": 0.0
        },
        {
            "throttle": 0.29711939336669246,
            "brake": 0.0,
            "steer": 0.0
        },
        {
            "throttle": 0.29925502345941873,
            "brake": 0.0,
            "steer": 0.0
        },
        {
            "throttle": 0.29938831357052265,
            "brake": 0.0,
            "steer": 0.0
        },
        {
            "throttle": 0.2974977577913216,
            "brake": 0.0,
            "steer": 0.0
        },
        {
            "throttle": 0.29361312012831936,
            "brake": 0.0,
            "steer": 0.0
        },
        {
            "throttle": 0.2878130975698251,
            "brake": 0.0,
            "steer": 0.0
        },
        {
            "throttle": 0.28022237704503483,
            "brake": 0.0,
            "steer": 0.0
        },
        {
            "throttle": 0.2710080029559203,
            "brake": 0.0,
            "steer": 0.0
        },
        {
            "throttle": 0.2603750324795102,
            "brake": 0.0,
            "steer": 0.0
        },
        {
            "throttle": 0.24856150338789385,
            "brake": 0.0,
            "steer": 0.0
        },
        {
            "throttle": 0.23583277668610092,
            "brake": 0.0,
            "steer": 0.0
        },
        {
            "throttle": 0.22247534590689377,
            "brake": 0.0,
            "steer": 0.0
        },
        {
            "throttle": 0.2087902277410772,
            "brake": 0.0,
            "steer": 0.0
        },
        {
            "throttle": 0.19508606569356793,
            "brake": 0.0,
            "steer": 0.0
        },
        {
            "throttle": 0.1816720902260105,
            "brake": 0.0,
            "steer": 0.0
        },
        {
            "throttle": 0.1688510857900714,
            "brake": 0.0,
            "steer": 0.0
        },
        {
            "throttle": 0.15691251759069802,
            "brake": 0.0,
            "steer": 0.0
        },
        {
            "throttle": 0.14612596912368186,
            "brake": 0.0,
            "steer": 0.0
        },
        {
            "throttle": 0.13673503578054375,
            "brake": 0.0,
            "steer": 0.0
        },
        {
            "throttle": 0.12895181039921313,
            "brake": 0.0,
            "steer": 0.0
        },
        {
            "throttle": 0.12295208388814882,
            "brake": 0.0,
            "steer": 0.0
        },
        {
            "throttle": 0.11887136833247916,
            "brake": 0.0,
            "steer": 0.0
        },
        {
            "throttle": 0.11680183171453114,
            "brake": 0.0,
            "steer": 0.0
        },
        {
            "throttle": 0.11679021299983991,
            "brake": 0.0,
            "steer": 0.0
        },
        {
            "throttle": 0.1188367643412615,
            "brake": 0.0,
            "steer": 0.0
        },
        {
            "throttle": 0.12289524405432703,
            "brake": 0.0,
            "steer": 0.0
        },
        {
            "throttle": 0.12887396035177154,
            "brake": 0.0,
            "steer": 0.0
        },
        {
            "throttle": 0.1366378421382825,
            "brake": 0.0,
            "steer": 0.0
        },
        {
            "throttle": 0.14601148999964764,
            "brake": 0.0,
            "steer": 0.0
        },
        {
            "throttle": 0.15678313840162392,
            "brake": 0.0,
            "steer": 0.0
        },
        {
            "throttle": 0.16870943954592088,
            "brake": 0.0,
            "steer": 0.0
        },
        {
            "throttle": 0.18152096078060903,
            "brake": 0.0,
            "steer": 0.0
        },
        {
            "throttle": 0.1949282713506839,
            "brake": 0.0,
            "steer": 0.0
        },
        {
            "throttle": 0.2086284809665251,
            "brake": 0.0,
            "steer": 0.0
        },
        {
            "throttle": 0.22231208246501194,
            "brake": 0.0,
            "steer": 0.0
        },
        {
            "throttle": 0.2356699439711329,
            "brake": 0.0,
            "steer": 0.0
        },
        {
            "throttle": 0.24840029259256735,
            "brake": 0.0,
            "steer": 0.0
        },
        {
            "throttle": 0.2602155318724482,
            "brake": 0.0,
            "steer": 0.0
        },
        {
            "throttle": 0.27084873898216144,
            "brake": 0.0,
            "steer": 0.0
        },
        {
            "throttle": 0.28005969487186727,
            "brake": 0.0,
            "steer": 0.0
        },
        {
            "throttle": 0.28764031114806266,
            "brake": 0.0,
            "steer": 0.0
        },
        {
            "throttle": 0.2934193310766287,
            "brake": 0.0,
            "steer": 0.0
        },
        {
            "throttle": 0.29726619850857217,
            "brake": 0.0,
            "steer": 0.0
        },
        {
            "throttle": 0.29909400732362534,
            "brake": 0.0,
            "steer": 0.0
        },
        {
            "throttle": 0.2988614647593776,
            "brake": 0.0,
            "steer": 0.0
        },
        {
            "throttle": 0.2965738242713948,
            "brake": 0.0,
            "steer": 0.0
        },
        {
            "throttle": 0.29228276684957855,
            "brake": 0.0,
            "steer": 0.0
        },
        {
            "throttle": 0.2860852334718984,
            "brake": 0.0,
            "steer": 0.0
        },
        {
            "throttle": 0.2781212350719311,
            "brake": 0.0,
            "steer": 0.0
        },
        {
            "throttle": 0.2685706894960532,
            "brake": 0.0,
            "steer": 0.0
        },
        {
            "throttle": 0.2576493569078089,
            "brake": 0.0,
            "steer": 0.0
        },
        {
            "throttle": 0.24560396546432212,
            "brake": 0.0,
            "steer": 0.0
        },
        {
            "throttle": 0.23270663738251696,
            "brake": 0.0,
            "steer": 0.0
        },
        {
            "throttle": 0.21924874131808253,
            "brake": 0.0,
            "steer": 0.0
        },
        {
            "throttle": 0.2055343099405222,
            "brake": 0.0,
            "steer": 0.0
        },
        {
            "throttle": 0.1918731714104546,
            "brake": 0.0,
            "steer": 0.0
        },
        {
            "throttle": 0.1785739499286844,
            "brake": 0.0,
            "steer": 0.0
        },
        {
            "throttle": 0.16593709348441293,
            "brake": 0.0,
            "steer": 0.0
        },
        {
            "throttle": 0.15424808631549417,
            "brake": 0.0,
            "steer": 0.0
        },
        {
            "throttle": 0.14377099942073732,
            "brake": 0.0,
            "steer": 0.0
        },
        {
            "throttle": 0.13474252482719115,
            "brake": 0.0,
            "steer": 0.0
        },
        {
            "throttle": 0.12736662838664417,
            "brake": 0.0,
            "steer": 0.0
        },
        {
            "throttle": 0.12180994190213597,
            "brake": 0.0,
            "steer": 0.0
        },
        {
            "throttle": 0.11819799868277799,
            "brake": 0.0,
            "steer": 0.0
        },
        {
            "throttle": 0.11661239757095768,
            "brake": 0.0,
            "steer": 0.0
        },
        {
            "throttle": 0.11708895951051299,
            "brake": 0.0,
            "steer": 0.0
        },
        {
            "throttle": 0.11961691830157678,
            "brake": 0.0,
            "steer": 0.0
        },
        {
            "throttle": 0.12413916382406932,
            "brake": 0.0,
            "steer": 0.0
        },
        {
            "throttle": 0.13055353223508054,
            "brake": 0.0,
            "steer": 0.0
        },
        {
            "throttle": 0.13871511399278083,
            "brake": 0.0,
            "steer": 0.0
        },
        {
            "throttle": 0.14843952756537704,
            "brake": 0.0,
            "steer": 0.0
        },
        {
            "throttle": 0.1595070848674547,
            "brake": 0.0,
            "steer": 0.0
        },
        {
            "throttle": 0.17166775432068213,
            "brake": 0.0,
            "steer": 0.0
        },
        {
            "throttle": 0.1846468094164025,
            "brake": 0.0,
            "steer": 0.0
        },
        {
            "throttle": 0.19815103517119528,
            "brake": 0.0,
            "steer": 0.0
        },
        {
            "throttle": 0.21187535226290688,
            "brake": 0.0,
            "steer": 0.0
        },
        {
            "throttle": 0.2255097091986648,
            "brake": 0.0,
            "steer": 0.0
        },
        {
            "throttle": 0.23874608681117362,
            "brake": 0.0,
            "steer": 0.0
        },
        {
            "throttle": 0.25128545684193726,
            "brake": 0.0,
            "steer": 0.0
        },
        {
            "throttle": 0.26284453740729347,
            "brake": 0.0,
            "steer": 0.0
        },
        {
            "throttle": 0.2731621927318465,
            "brake": 0.0,
            "steer": 0.0
        },
        {
            "throttle": 0.282005332570381,
            "brake": 0.0,
            "steer": 0.0
        },
        {
            "throttle": 0.2891741780420758,
            "brake": 0.0,
            "steer": 0.0
        },
        {
            "throttle": 0.20242192462945305,
            "brake": 0.1885571100706969,
            "steer": 0.0
        },
        {
            "throttle": 0.14169534724061714,
            "brake": 0.3205470871201847,
            "steer": 0.0
        },
        {
            "throttle": 0.09918674306843199,
            "brake": 0.41294007105482616,
            "steer": 0.0
        },
        {
            "throttle": 0.06943072014790239,
            "brake": 0.4776151598090752,
            "steer": 0.0
        },
        {
            "throttle": 0.048601504103531666,
            "brake": 0.5228877219370495,
            "steer": 0.0
        },
        {
            "throttle": 0.11799033907846299,
            "brake": 0.3660214053559346,
            "steer": 0.0
        },
        {
            "throttle": 0.16325975035652887,
            "brake": 0.2562149837491542,
            "steer": 0.0
        },
        {
            "throttle": 0.19123217584328747,
            "brake": 0.17935048862440792,
            "steer": 0.0
        },
        {
            "throttle": 0.2067672753720632,
            "brake": 0.12554534203708553,
            "steer": 0.0
        },
        {
            "throttle": 0.213358206542837,
            "brake": 0.08788173942595986,
            "steer": 0.0
        },
        {
            "throttle": 0.21354695305257165,
            "brake": 0.0615172175981719,
            "steer": 0.0
        },
        {
            "throttle": 0.2092128682806828,
            "brake": 0.043062052318720324,
            "steer": 0.0
        },
        {
            "throttle": 0.20177239745459946,
            "brake": 0.030143436623104224,
            "steer": 0.0
        },
        {
            "throttle": 0.1923166037420261,
            "brake": 0.021100405636172954,
            "steer": 0.0
        },
        {
            "throttle": 0.1817051875078979,
            "brake": 0.014770283945321067,
            "steer": 0.0
        },
        {
            "throttle": 0.17063013201084754,
            "brake": 0.010339198761724747,
            "steer": 0.0
        },
        {
            "throttle": 0.15965821780481054,
            "brake": 0.007237439133207322,
            "steer": 0.0
        },
        {
            "throttle": 0.1492589214636215,
            "brake": 0.005066207393245125,
            "steer": 0.0
        },
        {
            "throttle": 0.13982230161173986,
            "brake": 0.0035463451752715874,
            "steer": 0.0
        },
        {
            "throttle": 0.13167013146869677,
            "brake": 0.002482441622690111,
            "steer": 0.0
        },
        {
            "throttle": 0.1250625907021394,
            "brake": 0.0017377091358830776,
            "steer": 0.0
        },
        {
            "throttle": 0.12020216041738906,
            "brake": 0.0012163963951181544,
            "steer": 0.0
        },
        {
            "throttle": 0.11723588979461544,
            "brake": 0.000851477476582708,
            "steer": 0.0
        },
        {
            "throttle": 0.11625686272017685,
            "brake": 0.0005960342336078956,
            "steer": 0.0
        },
        {
            "throttle": 0.11730544696601036,
            "brake": 0.0004172239635255269,
            "steer": 0.0
        },
        {
            "throttle": 0.12037072867735946,
            "brake": 0.0002920567744678688,
            "steer": 0.0
        },
        {
            "throttle": 0.12539240144845315,
            "brake": 0.00020443974212750815,
            "steer": 0.0
        },
        {
            "throttle": 0.1322632784899661,
            "brake": 0.0001431078194892557,
            "steer": 0.0
        },
        {
            "throttle": 0.1408325189613688,
            "brake": 0.00010017547364247899,
            "steer": 0.0
        },
        {
            "throttle": 0.15090959905935,
            "brake": 7.01228315497353e-05,
            "steer": 0.0
        },
        {
            "throttle": 0.1622690105848535,
            "brake": 4.9085982084814705e-05,
            "steer": 0.0
        },
        {
            "throttle": 0.17465563154601949,
            "brake": 3.436018745937029e-05,
            "steer": 0.0
        },
        {
            "throttle": 0.1877906829607471,
            "brake": 2.4052131221559202e-05,
            "steer": 0.0
        },
        {
            "throttle": 0.20137816213158422,
            "brake": 1.6836491855091442e-05,
            "steer": 0.0
        },
        {
            "throttle": 0.2151116244479171,
            "brake": 1.178554429856401e-05,
            "steer": 0.0
        },
        {
            "throttle": 0.22868117267922144,
            "brake": 8.249881008994806e-06,
            "steer": 0.0
        },
        {
            "throttle": 0.24178050438338083,
            "brake": 5.774916706296364e-06,
            "steer": 0.0
        },
        {
            "throttle": 0.2541138641846066,
            "brake": 4.0424416944074545e-06,
            "steer": 0.0
        },
        {
            "throttle": 0.2654027480350224,
            "brake": 2.829709186085218e-06,
            "steer": 0.0
        },
        {
            "throttle": 0.2753922109242925,
            "brake": 1.9807964302596526e-06,
            "steer": 0.0
        },
        {
            "throttle": 0.2838566375834311,
            "brake": 1.3865575011817566e-06,
            "steer": 0.0
        },
        {
            "throttle": 0.29060484724681057,
            "brake": 9.705902508272296e-07,
            "steer": 0.0
        },
        {
            "throttle": 0.2954844181512566,
            "brake": 6.794131755790607e-07,
            "steer": 0.0
        },
        {
            "throttle": 0.29838513477757156,
            "brake": 4.7558922290534245e-07,
            "steer": 0.0
        },
        {
            "throttle": 0.2992414804477558,
            "brake": 3.329124560337397e-07,
            "steer": 0.0
        },
        {
            "throttle": 0.2980341193105624,
            "brake": 2.3303871922361777e-07,
            "steer": 0.0
        },
        {
            "throttle": 0.2947903344759863,
            "brake": 1.6312710345653242e-07,
            "steer": 0.0
        },
        {
            "throttle": 0.2895834125691216,
            "brake": 1.1418897241957268e-07,
            "steer": 0.0
        },
        {
            "throttle": 0.2825309887251306,
            "brake": 7.993228069370087e-08,
            "steer": 0.0
        },
        {
            "throttle": 0.27379238949676665,
            "brake": 5.595259648559061e-08,
            "steer": 0.0
        },
        {
            "throttle": 0.26356503375968,
            "brake": 3.9166817539913426e-08,
            "steer": 0.0
        },
        {
            "throttle": 0.184495523631776,
            "brake": 0.18855713748746916,
            "steer": 0.0
        },
        {
            "throttle": 0.1291468665422432,
            "brake": 0.3205471063119253,
            "steer": 0.0
        },
        {
            "throttle": 0.09040280657957023,
            "brake": 0.41294008448904457,
            "steer": 0.0
        },
        {
            "throttle": 0.06328196460569915,
            "brake": 0.47761516921302805,
            "steer": 0.0
        },
        {
            "throttle": 0.0442973752239894,
            "brake": 0.5228877285198165,
            "steer": 0.0
        },
        {
            "throttle": 0.0771954575492706,
            "brake": 0.3660214099638715,
            "steer": 0.0
        },
        {
            "throttle": 0.09667102132351546,
            "brake": 0.25621498697471,
            "steer": 0.0
        },
        {
            "throttle": 0.10719663595831636,
            "brake": 0.179350490882297,
            "steer": 0.0
        },
        {
            "throttle": 0.11197329783731824,
            "brake": 0.12554534361760789,
            "steer": 0.0
        },
        {
            "throttle": 0.11330024480086243,
            "brake": 0.08788174053232552,
            "steer": 0.0
        },
        {
            "throttle": 0.11283250377647125,
            "brake": 0.06151721837262786,
            "steer": 0.0
        },
        {
            "throttle": 0.11176014484622604,
            "brake": 0.0430620528608395,
            "steer": 0.0
        },
        {
            "throttle": 0.11093304630751247,
            "brake": 0.030143437002587647,
            "steer": 0.0
        },
        {
            "throttle": 0.11094785001950563,
            "brake": 0.02110040590181135,
            "steer": 0.0
        },
        {
            "throttle": 0.11220879112921522,
            "brake": 0.014770284131267944,
            "steer": 0.0
        },
        {
            "throttle": 0.11497058192420176,
            "brake": 0.010339198891887561,
            "steer": 0.0
        },
        {
            "throttle": 0.11936906878874373,
            "brake": 0.0072374392243212925,
            "steer": 0.0
        },
        {
            "throttle": 0.12544365112803318,
            "brake": 0.0050662074570249046,
            "steer": 0.0
        },
        {
            "throttle": 0.1331542327992146,
            "brake": 0.003546345219917433,
            "steer": 0.0
        },
        {
            "throttle": 0.14239461700230094,
            "brake": 0.002482441653942203,
            "steer": 0.0
        },
        {
            "throttle": 0.1530036477583491,
            "brake": 0.001737709157759542,
            "steer": 0.0
        },
        {
            "throttle": 0.1647749702890145,
            "brake": 0.0012163964104316793,
            "steer": 0.0
        },
        {
            "throttle": 0.17746597660784855,
            "brake": 0.0008514774873021755,
            "steer": 0.0
        },
        {
            "throttle": 0.19080628499761834,
            "brake": 0.0005960342411115228,
            "steer": 0.0
        },
        {
            "throttle": 0.2045059473477866,
            "brake": 0.00041722396877806595,
            "steer": 0.0
        },
        {
            "throttle": 0.21826346881309877,
            "brake": 0.00029205677814464617,
            "steer": 0.0
        },
        {
            "throttle": 0.23177364753130247,
            "brake": 0.0002044397447012523,
            "steer": 0.0
        },
        {
            "throttle": 0.2447351895291448,
            "brake": 0.0001431078212908766,
            "steer": 0.0
        },
        {
            "throttle": 0.2568580193528095,
            "brake": 0.00010017547490361361,
            "steer": 0.0
        },
        {
            "throttle": 0.26787018606270835,
            "brake": 7.012283243252953e-05,
            "steer": 0.0
        },
        {
            "throttle": 0.27752425393464353,
            "brake": 4.908598270277067e-05,
            "steer": 0.0
        },
        {
            "throttle": 0.2856030652431376,
            "brake": 3.4360187891939464e-05,
            "steer": 0.0
        },
        {
            "throttle": 0.2919247671630685,
            "brake": 2.4052131524357624e-05,
            "steer": 0.0
        },
        {
            "throttle": 0.2963470047827032,
            "brake": 1.6836492067050337e-05,
            "steer": 0.0
        },
        {
            "throttle": 0.29877019639258673,
            "brake": 1.1785544446935235e-05,
            "steer": 0.0
        },
        {
            "throttle": 0.2991398246802681,
            "brake": 8.249881112854664e-06,
            "steer": 0.0
        },
        {
            "throttle": 0.2974476974059088,
            "brake": 5.774916778998264e-06,
            "steer": 0.0
        },
        {
            "throttle": 0.29373215281378323,
            "brake": 4.042441745298785e-06,
            "steer": 0.0
        },
        {
            "throttle": 0.2880772077539429,
            "brake": 2.829709221709149e-06,
            "steer": 0.0
        },
        {
            "throttle": 0.28061066958952785,
            "brake": 1.980796455196404e-06,
            "steer": 0.0
        },
        {
            "throttle": 0.27150125582562923,
            "brake": 1.3865575186374828e-06,
            "steer": 0.0
        },
        {
            "throttle": 0.2609547874281899,
            "brake": 9.705902630462378e-07,
            "steer": 0.0
        },
        {
            "throttle": 0.24920954245899812,
            "brake": 6.794131841323665e-07,
            "steer": 0.0
        },
        {
            "throttle": 0.2365308754341211,
            "brake": 4.7558922889265646e-07,
            "steer": 0.0
        },
        {
            "throttle": 0.22320522426961614,
            "brake": 3.329124602248595e-07,
            "steer": 0.0
        },
        {
            "throttle": 0.20953364042132577,
            "brake": 2.3303872215740164e-07,
            "steer": 0.0
        },
        {
            "throttle": 0.19582498853267555,
            "brake": 1.6312710551018114e-07,
            "steer": 0.0
        },
        {
            "throttle": 0.18238896932544493,
            "brake": 1.1418897385712679e-07,
            "steer": 0.0
        },
        {
            "throttle": 0.16952912343001628,
            "brake": 7.993228169998875e-08,
            "steer": 0.0
        },
        {
            "throttle": 0.1575359742600522,
            "brake": 5.5952597189992116e-08,
            "steer": 0.0
        },
        {
            "throttle": 0.14668046487983202,
            "brake": 3.916681803299448e-08,
            "steer": 0.0
        },
        {
            "throttle": 0.1372078371599159,
            "brake": 2.7416772623096134e-08,
            "steer": 0.0
        },
        {
            "throttle": 0.1293320915172946,
            "brake": 1.9191740836167292e-08,
            "steer": 0.0
        },
        {
            "throttle": 0.12323115241464616,
            "brake": 1.3434218585317104e-08,
            "steer": 0.0
        },
        {
            "throttle": 0.11904284884551472,
            "brake": 9.403953009721972e-09,
            "steer": 0.0
        }
    ],
    "parameters": {
        "fog_density": 78.26423217037342,
        "precipitation": 42.31590055588554,
        "precipitation_deposits": 1.5603727970517123,
        "wind_intensity": 23.77654280930337,
        "sun_altitude_angle": 16.6000098186377,
        "cloudiness": 31.931322420978436,
        "lead_base_throttle": 0.2078932985256614,
        "lead_behavior_frequency": 0.23944254914006907,
        "lead_throttle_variation": 0.09905733169805067,
        "lead_brake_probability": 0.021636691111380245,
        "lead_brake_intensity": 0.6285237002356563,
        "lead_brake_duration": 5.874493362785262,
        "initial_distance": 29.524998828782223,
        "initial_ego_velocity": 13.755295261518729,
        "initial_lead_velocity": 9.492519453735955
    },
    "config": {
        "num_timesteps": 200,
        "dt": 0.1,
        "seed": 110
    }
}