{
    "weather": {
        "cloudiness": 85.28003021172334,
        "precipitation": 87.99471590923298,
        "precipitation_deposits": 45.449663000521156,
        "wind_intensity": 6.032585985572836,
        "sun_altitude_angle": -0.631663443039578,
        "fog_density": 78.3430784451973,
        "fog_distance": 73.42902774516749,
        "wetness": 43.99735795461649
    },
    "initial_conditions": {
        "ego": {
            "position": {
                "x": 528.1541095044207,
                "y": 20.57,
                "z": 0.294
            },
            "yaw": 0.0,
            "velocity": 18.652472264432937
        },
        "lead": {
            "position": {
                "x": 484.88,
                "y": 20.57,
                "z": 0.294
            },
            "yaw": 0.0,
            "velocity": 21.820704161530756
        }
    },
    "ego": {
        "position": {
            "x": 528.1541095044207,
            "y": 20.57,
            "z": 0.294
        },
        "yaw": 0.0,
        "velocity": 18.652472264432937
    },
    "lead": {
        "position": {
            "x": 484.88,
            "y": 20.57,
            "z": 0.294
        },
        "yaw": 0.0,
        "velocity": 21.820704161530756
    },
    "ado_actions": [
        {
            "throttle": 0.30481238051943277,
            "brake": 0.0,
            "steer": 0.0
        },
        {
            "throttle": 0.30931439764178303,
            "brake": 0.0,
            "steer": 0.0
        },
        {
            "throttle": 0.31693708771002604,
            "brake": 0.0,
            "steer": 0.0
        },
        {
            "throttle": 0.3266829806420467,
            "brake": 0.0,
            "steer": 0.0
        },
        {
            "throttle": 0.33782373655105036,
            "brake": 0.0,
            "steer": 0.0
        },
        {
            "throttle": 0.3498200306080862,
            "brake": 0.0,
            "steer": 0.0
        },
        {
            "throttle": 0.3622656737776211,
            "brake": 0.0,
            "steer": 0.0
        },
        {
            "throttle": 0.3748486930295557,
            "brake": 0.0,
            "steer": 0.0
        },
        {
            "throttle": 0.38732427621386967,
            "brake": 0.0,
            "steer": 0.0
        },
        {
            "throttle": 0.39949601393963474,
            "brake": 0.0,
            "steer": 0.0
        },
        {
            "throttle": 0.41120293986541506,
            "brake": 0.0,
            "steer": 0.0
        },
        {
            "throttle": 0.4223106192185778,
            "brake": 0.0,
            "steer": 0.0
        },
        {
            "throttle": 0.43270505932116954,
            "brake": 0.0,
            "steer": 0.0
        },
        {
            "throttle": 0.44228858275235683,
            "brake": 0.0,
            "steer": 0.0
        },
        {
            "throttle": 0.45097706066124765,
            "brake": 0.0,
            "steer": 0.0
        },
        {
            "throttle": 0.4586980836560949,
            "brake": 0.0,
            "steer": 0.0
        },
        {
            "throttle": 0.46538977373360746,
            "brake": 0.0,
            "steer": 0.0
        },
        {
            "throttle": 0.471000029042724,
            "brake": 0.0,
            "steer": 0.0
        },
        {
            "throttle": 0.47548605521715714,
            "brake": 0.0,
            "steer": 0.0
        },
        {
            "throttle": 0.47881408048107144,
            "brake": 0.0,
            "steer": 0.0
        },
        {
            "throttle": 0.48095918227616774,
            "brake": 0.0,
            "steer": 0.0
        },
        {
            "throttle": 0.4819051746560827,
            "brake": 0.0,
            "steer": 0.0
        },
        {
            "throttle": 0.4816445208604548,
            "brake": 0.0,
            "steer": 0.0
        },
        {
            "throttle": 0.4801782462160398,
            "brake": 0.0,
            "steer": 0.0
        },
        {
            "throttle": 0.4775158341448859,
            "brake": 0.0,
            "steer": 0.0
        },
        {
            "throttle": 0.47367509351933046,
            "brake": 0.0,
            "steer": 0.0
        },
        {
            "throttle": 0.46868198954030027,
            "brake": 0.0,
            "steer": 0.0
        },
        {
            "throttle": 0.46257043318321445,
            "brake": 0.0,
            "steer": 0.0
        },
        {
            "throttle": 0.45538202637181296,
            "brake": 0.0,
            "steer": 0.0
        },
        {
            "throttle": 0.4471657616257092,
            "brake": 0.0,
            "steer": 0.0
        },
        {
            "throttle": 0.43797767613654276,
            "brake": 0.0,
            "steer": 0.0
        },
        {
            "throttle": 0.4278804611675302,
            "brake": 0.0,
            "steer": 0.0
        },
        {
            "throttle": 0.4169430284163873,
            "brake": 0.0,
            "steer": 0.0
        },
        {
            "throttle": 0.40524003558354044,
            "brake": 0.0,
            "steer": 0.0
        },
        {
            "throttle": 0.3928513738817486,
            "brake": 0.0,
            "steer": 0.0
        },
        {
            "throttle": 0.37986162063408313,
            "brake": 0.0,
            "steer": 0.0
        },
        {
            "throttle": 0.3663594604512579,
            "brake": 0.0,
            "steer": 0.0
        },
        {
            "throttle": 0.35243707876781327,
            "brake": 0.0,
            "steer": 0.0
        },
        {
            "throttle": 0.33818953175716554,
            "brake": 0.0,
            "steer": 0.0
        },
        {
            "throttle": 0.323714096843064,
            "brake": 0.0,
            "steer": 0.0
        },
        {
            "throttle": 0.30910960818285366,
            "brake": 0.0,
            "steer": 0.0
        },
        {
            "throttle": 0.2944757816183131,
            "brake": 0.0,
            "steer": 0.0
        },
        {
            "throttle": 0.2799125336741844,
            "brake": 0.0,
            "steer": 0.0
        },
        {
            "throttle": 0.2655192992338544,
            "brake": 0.0,
            "steer": 0.0
        },
        {
            "throttle": 0.25139435253677295,
            "brake": 0.0,
            "steer": 0.0
        },
        {
            "throttle": 0.2376341361237756,
            "brake": 0.0,
            "steer": 0.0
        },
        {
            "throttle": 0.2243326023051993,
            "brake": 0.0,
            "steer": 0.0
        },
        {
            "throttle": 0.2115805716432621,
            "brake": 0.0,
            "steer": 0.0
        },
        {
            "throttle": 0.19946511282547308,
            "brake": 0.0,
            "steer": 0.0
        },
        {
            "throttle": 0.18806894816080594,
            "brake": 0.0,
            "steer": 0.0
        },
        {
            "throttle": 0.1774698887561399,
            "brake": 0.0,
            "steer": 0.0
        },
        {
            "throttle": 0.16774030322831998,
            "brake": 0.0,
            "steer": 0.0
        },
        {
            "throttle": 0.15894662357856507,
            "brake": 0.0,
            "steer": 0.0
        },
        {
            "throttle": 0.15114889160245906,
            "brake": 0.0,
            "steer": 0.0
        },
        {
            "throttle": 0.14440034893216241,
            "brake": 0.0,
            "steer": 0.0
        },
        {
            "throttle": 0.13874707350968793,
            "brake": 0.0,
            "steer": 0.0
        },
        {
            "throttle": 0.13422766497314537,
            "brake": 0.0,
            "steer": 0.0
        },
        {
            "throttle": 0.13087298110394857,
            "brake": 0.0,
            "steer": 0.0
        },
        {
            "throttle": 0.12870592713438436,
            "brake": 0.0,
            "steer": 0.0
        },
        {
            "throttle": 0.1277412993540491,
            "brake": 0.0,
            "steer": 0.0
        },
        {
            "throttle": 0.1279856840829358,
            "brake": 0.0,
            "steer": 0.0
        },
        {
            "throttle": 0.12943741270093384,
            "brake": 0.0,
            "steer": 0.0
        },
        {
            "throttle": 0.13208657304076912,
            "brake": 0.0,
            "steer": 0.0
        },
        {
            "throttle": 0.13591507706657996,
            "brake": 0.0,
            "steer": 0.0
        },
        {
            "throttle": 0.14089678437601852,
            "brake": 0.0,
            "steer": 0.0
        },
        {
            "throttle": 0.14699768068261776,
            "brake": 0.0,
            "steer": 0.0
        },
        {
            "throttle": 0.1541761100597699,
            "brake": 0.0,
            "steer": 0.0
        },
        {
            "throttle": 0.16238305936058842,
            "brake": 0.0,
            "steer": 0.0
        },
        {
            "throttle": 0.17156249287167835,
            "brake": 0.0,
            "steer": 0.0
        },
        {
            "throttle": 0.18165173491585151,
            "brake": 0.0,
            "steer": 0.0
        },
        {
            "throttle": 0.1925818977914362,
            "brake": 0.0,
            "steer": 0.0
        },
        {
            "throttle": 0.20427835212628054,
            "brake": 0.0,
            "steer": 0.0
        },
        {
            "throttle": 0.2166612364349488,
            "brake": 0.0,
            "steer": 0.0
        },
        {
            "throttle": 0.22964600239993574,
            "brake": 0.0,
            "steer": 0.0
        },
        {
            "throttle": 0.243143992153808,
            "brake": 0.0,
            "steer": 0.0
        },
        {
            "throttle": 0.2570630436206836,
            "brake": 0.0,
            "steer": 0.0
        },
        {
            "throttle": 0.27130811978387676,
            "brake": 0.0,
            "steer": 0.0
        },
        {
            "throttle": 0.28578195758316993,
            "brake": 0.0,
            "steer": 0.0
        },
        {
            "throttle": 0.30038573201114954,
            "brake": 0.0,
            "steer": 0.0
        },
        {
            "throttle": 0.31501973087426227,
            "brake": 0.0,
            "steer": 0.0
        },
        {
            "throttle": 0.32958403561143435,
            "brake": 0.0,
            "steer": 0.0
        },
        {
            "throttle": 0.3439792035217344,
            "brake": 0.0,
            "steer": 0.0
        },
        {
            "throttle": 0.3581069467429412,
            "brake": 0.0,
            "steer": 0.0
        },
        {
            "throttle": 0.37187080334506023,
            "brake": 0.0,
            "steer": 0.0
        },
        {
            "throttle": 0.38517679595667276,
            "brake": 0.0,
            "steer": 0.0
        },
        {
            "throttle": 0.39793407342712384,
            "brake": 0.0,
            "steer": 0.0
        },
        {
            "throttle": 0.41005553114338333,
            "brake": 0.0,
            "steer": 0.0
        },
        {
            "throttle": 0.4214584057661588,
            "brake": 0.0,
            "steer": 0.0
        },
        {
            "throttle": 0.4320648403244979,
            "brake": 0.0,
            "steer": 0.0
        },
        {
            "throttle": 0.4418024158105071,
            "brake": 0.0,
            "steer": 0.0
        },
        {
            "throttle": 0.4506046456445441,
            "brake": 0.0,
            "steer": 0.0
        },
        {
            "throttle": 0.45841142963475595,
            "brake": 0.0,
            "steer": 0.0
        },
        {
            "throttle": 0.4651694643314018,
            "brake": 0.0,
            "steer": 0.0
        },
        {
            "throttle": 0.47083260697412715,
            "brake": 0.0,
            "steer": 0.0
        },
        {
            "throttle": 0.47536219054721723,
            "brake": 0.0,
            "steer": 0.0
        },
        {
            "throttle": 0.47872728779168316,
            "brake": 0.0,
            "steer": 0.0
        },
        {
            "throttle": 0.48090492237155,
            "brake": 0.0,
            "steer": 0.0
        },
        {
            "throttle": 0.4818802257525368,
            "brake": 0.0,
            "steer": 0.0
        },
        {
            "throttle": 0.48164653872198754,
            "brake": 0.0,
            "steer": 0.0
        },
        {
            "throttle": 0.48020545685689064,
            "brake": 0.0,
            "steer": 0.0
        },
        {
            "throttle": 0.33614381979982344,
            "brake": 0.0380980647607217,
            "steer": 0.0
        },
        {
            "throttle": 0.23530067385987638,
            "brake": 0.06476671009322689,
            "steer": 0.0
        },
        {
            "throttle": 0.16471047170191347,
            "brake": 0.08343476182598053,
            "steer": 0.0
        },
        {
            "throttle": 0.11529733019133942,
            "brake": 0.09650239803890806,
            "steer": 0.0
        },
        {
            "throttle": 0.08070813113393759,
            "brake": 0.10564974338795735,
            "steer": 0.0
        },
        {
            "throttle": 0.056495691793756304,
            "brake": 0.11205288513229184,
            "steer": 0.0
        },
        {
            "throttle": 0.039546984255629414,
            "brake": 0.11653508435332599,
            "steer": 0.0
        },
        {
            "throttle": 0.027682888978940588,
            "brake": 0.11967262380804988,
            "steer": 0.0
        },
        {
            "throttle": 0.01937802228525841,
            "brake": 0.12186890142635662,
            "steer": 0.0
        },
        {
            "throttle": 0.013564615599680885,
            "brake": 0.12340629575917134,
            "steer": 0.0
        },
        {
            "throttle": 0.11875394917676375,
            "brake": 0.08638440703141993,
            "steer": 0.0
        },
        {
            "throttle": 0.18807068114610476,
            "brake": 0.060469084921993946,
            "steer": 0.0
        },
        {
            "throttle": 0.2321844216332637,
            "brake": 0.04232835944539576,
            "steer": 0.0
        },
        {
            "throttle": 0.2585939946403633,
            "brake": 0.029629851611777027,
            "steer": 0.0
        },
        {
            "throttle": 0.272579097710477,
            "brake": 0.020740896128243917,
            "steer": 0.0
        },
        {
            "throttle": 0.27786625530204756,
            "brake": 0.014518627289770741,
            "steer": 0.0
        },
        {
            "throttle": 0.27709477628935963,
            "brake": 0.010163039102839519,
            "steer": 0.0
        },
        {
            "throttle": 0.2721427143131856,
            "brake": 0.0071141273719876625,
            "steer": 0.0
        },
        {
            "throttle": 0.2643548315216464,
            "brake": 0.004979889160391364,
            "steer": 0.0
        },
        {
            "throttle": 0.2547019675029542,
            "brake": 0.0034859224122739544,
            "steer": 0.0
        },
        {
            "throttle": 0.2438923960755925,
            "brake": 0.0024401456885917677,
            "steer": 0.0
        },
        {
            "throttle": 0.23244957917737646,
            "brake": 0.0017081019820142374,
            "steer": 0.0
        },
        {
            "throttle": 0.22076640565973327,
            "brake": 0.001195671387409966,
            "steer": 0.0
        },
        {
            "throttle": 0.20914297774160806,
            "brake": 0.0008369699711869761,
            "steer": 0.0
        },
        {
            "throttle": 0.1978128902848867,
            "brake": 0.0005858789798308833,
            "steer": 0.0
        },
        {
            "throttle": 0.18696146567387,
            "brake": 0.00041011528588161825,
            "steer": 0.0
        },
        {
            "throttle": 0.1767383693432199,
            "brake": 0.0002870807001171328,
            "steer": 0.0
        },
        {
            "throttle": 0.1672663045020482,
            "brake": 0.00020095649008199294,
            "steer": 0.0
        },
        {
            "throttle": 0.15864697596709995,
            "brake": 0.00014066954305739504,
            "steer": 0.0
        },
        {
            "throttle": 0.15096515688032644,
            "brake": 9.846868014017653e-05,
            "steer": 0.0
        },
        {
            "throttle": 0.14429144269072647,
            "brake": 6.892807609812356e-05,
            "steer": 0.0
        },
        {
            "throttle": 0.13868410209945176,
            "brake": 4.8249653268686486e-05,
            "steer": 0.0
        },
        {
            "throttle": 0.1341903122821385,
            "brake": 3.3774757288080537e-05,
            "steer": 0.0
        },
        {
            "throttle": 0.1308469799209091,
            "brake": 2.3642330101656376e-05,
            "steer": 0.0
        },
        {
            "throttle": 0.1286812894166085,
            "brake": 1.654963107115946e-05,
            "steer": 0.0
        },
        {
            "throttle": 0.12771107742167848,
            "brake": 1.1584741749811622e-05,
            "steer": 0.0
        },
        {
            "throttle": 0.1279451031548748,
            "brake": 8.109319224868134e-06,
            "steer": 0.0
        },
        {
            "throttle": 0.1293832630650809,
            "brake": 5.6765234574076935e-06,
            "steer": 0.0
        },
        {
            "throttle": 0.13201678366757075,
            "brake": 3.973566420185385e-06,
            "steer": 0.0
        },
        {
            "throttle": 0.13582841593839692,
            "brake": 2.7814964941297694e-06,
            "steer": 0.0
        },
        {
            "throttle": 0.14079264723124124,
            "brake": 1.9470475458908387e-06,
            "steer": 0.0
        },
        {
            "throttle": 0.146875941373936,
            "brake": 1.362933282123587e-06,
            "steer": 0.0
        },
        {
            "throttle": 0.15403701377821474,
            "brake": 9.540532974865107e-07,
            "steer": 0.0
        },
        {
            "throttle": 0.16222714561531812,
            "brake": 6.678373082405575e-07,
            "steer": 0.0
        },
        {
            "throttle": 0.17139053906403479,
            "brake": 4.674861157683902e-07,
            "steer": 0.0
        },
        {
            "throttle": 0.18146471411180623,
            "brake": 3.272402810378731e-07,
            "steer": 0.0
        },
        {
            "throttle": 0.1923809462339458,
            "brake": 2.2906819672651114e-07,
            "steer": 0.0
        },
        {
            "throttle": 0.20406474338660852,
            "brake": 1.6034773770855778e-07,
            "steer": 0.0
        },
        {
            "throttle": 0.21643636005351122,
            "brake": 1.1224341639599044e-07,
            "steer": 0.0
        },
        {
            "throttle": 0.22941134553435316,
            "brake": 7.85703914771933e-08,
            "steer": 0.0
        },
        {
            "throttle": 0.24290112321976118,
            "brake": 5.499927403403531e-08,
            "steer": 0.0
        },
        {
            "throttle": 0.2568135972394744,
            "brake": 3.8499491823824715e-08,
            "steer": 0.0
        },
        {
            "throttle": 0.2710537825810134,
            "brake": 2.69496442766773e-08,
            "steer": 0.0
        },
        {
            "throttle": 0.28552445454402275,
            "brake": 1.8864750993674107e-08,
            "steer": 0.0
        },
        {
            "throttle": 0.3001268132131928,
            "brake": 1.3205325695571873e-08,
            "steer": 0.0
        },
        {
            "throttle": 0.31476115849494357,
            "brake": 9.24372798690031e-09,
            "steer": 0.0
        },
        {
            "throttle": 0.3293275711662931,
            "brake": 6.470609590830217e-09,
            "steer": 0.0
        },
        {
            "throttle": 0.3437265953260461,
            "brake": 4.529426713581152e-09,
            "steer": 0.0
        },
        {
            "throttle": 0.35785991761679514,
            "brake": 3.170598699506806e-09,
            "steer": 0.0
        },
        {
            "throttle": 0.37163103859982743,
            "brake": 2.2194190896547642e-09,
            "steer": 0.0
        },
        {
            "throttle": 0.3849459317126964,
            "brake": 1.553593362758335e-09,
            "steer": 0.0
        },
        {
            "throttle": 0.3977136853198613,
            "brake": 1.0875153539308344e-09,
            "steer": 0.0
        },
        {
            "throttle": 0.4098471234793379,
            "brake": 7.612607477515841e-10,
            "steer": 0.0
        },
        {
            "throttle": 0.42126340119159916,
            "brake": 5.328825234261088e-10,
            "steer": 0.0
        },
        {
            "throttle": 0.4318845700697771,
            "brake": 3.7301776639827613e-10,
            "steer": 0.0
        },
        {
            "throttle": 0.4416381105711795,
            "brake": 2.6111243647879326e-10,
            "steer": 0.0
        },
        {
            "throttle": 0.45045742715775505,
            "brake": 1.8277870553515526e-10,
            "steer": 0.0
        },
        {
            "throttle": 0.45828230300576844,
            "brake": 1.2794509387460868e-10,
            "steer": 0.0
        },
        {
            "throttle": 0.46505931116079713,
            "brake": 8.956156571222607e-11,
            "steer": 0.0
        },
        {
            "throttle": 0.47074217933130647,
            "brake": 6.269309599855825e-11,
            "steer": 0.0
        },
        {
            "throttle": 0.47529210583044307,
            "brake": 4.388516719899077e-11,
            "steer": 0.0
        },
        {
            "throttle": 0.47867802450911884,
            "brake": 3.071961703929353e-11,
            "steer": 0.0
        },
        {
            "throttle": 0.4808768168716575,
            "brake": 2.150373192750547e-11,
            "steer": 0.0
        },
        {
            "throttle": 0.48187346992584634,
            "brake": 1.5052612349253828e-11,
            "steer": 0.0
        },
        {
            "throttle": 0.48166117868971137,
            "brake": 1.0536828644477679e-11,
            "steer": 0.0
        },
        {
            "throttle": 0.4802413926551827,
            "brake": 7.375780051134375e-12,
            "steer": 0.0
        },
        {
            "throttle": 0.47762380589144926,
            "brake": 5.163046035794062e-12,
            "steer": 0.0
        },
        {
            "throttle": 0.4738262908556081,
            "brake": 3.6141322250558433e-12,
            "steer": 0.0
        },
        {
            "throttle": 0.4688747763625599,
            "brake": 2.52989255753909e-12,
            "steer": 0.0
        },
        {
            "throttle": 0.46280307054736936,
            "brake": 1.770924790277363e-12,
            "steer": 0.0
        },
        {
            "throttle": 0.455652630028884,
            "brake": 1.239647353194154e-12,
            "steer": 0.0
        },
        {
            "throttle": 0.44747227685073454,
            "brake": 8.677531472359077e-13,
            "steer": 0.0
        },
        {
            "throttle": 0.4383178651324008,
            "brake": 6.074272030651354e-13,
            "steer": 0.0
        },
        {
            "throttle": 0.4282518997064002,
            "brake": 4.2519904214559475e-13,
            "steer": 0.0
        },
        {
            "throttle": 0.4173431093454851,
            "brake": 2.976393295019163e-13,
            "steer": 0.0
        },
        {
            "throttle": 0.40566597749378486,
            "brake": 2.083475306513414e-13,
            "steer": 0.0
        },
        {
            "throttle": 0.39330023370598605,
            "brake": 1.4584327145593897e-13,
            "steer": 0.0
        },
        {
            "throttle": 0.380330309266922,
            "brake": 1.0209029001915727e-13,
            "steer": 0.0
        },
        {
            "throttle": 0.3668447607085134,
            "brake": 7.146320301341008e-14,
            "steer": 0.0
        },
        {
            "throttle": 0.3529356651601922,
            "brake": 5.0024242109387054e-14,
            "steer": 0.0
        },
        {
            "throttle": 0.33869799166125825,
            "brake": 3.5016969476570937e-14,
            "steer": 0.0
        },
        {
            "throttle": 0.32422895272774616,
            "brake": 2.4511878633599653e-14,
            "steer": 0.0
        },
        {
            "throttle": 0.3096273406011977,
            "brake": 1.7158315043519755e-14,
            "steer": 0.0
        },
        {
            "throttle": 0.29499285271132575,
            "brake": 1.2010820530463828e-14,
            "steer": 0.0
        },
        {
            "throttle": 0.2804254109582003,
            "brake": 8.407574371324679e-15,
            "steer": 0.0
        },
        {
            "throttle": 0.2660244794617874,
            "brake": 5.885302059927275e-15,
            "steer": 0.0
        },
        {
            "throttle": 0.25188838543713643,
            "brake": 4.119711441949092e-15,
            "steer": 0.0
        },
        {
            "throttle": 0.23811364783216799,
            "brake": 2.8837980093643643e-15,
            "steer": 0.0
        },
        {
            "throttle": 0.22479431831201668,
            "brake": 2.018658606555055e-15,
            "steer": 0.0
        },
        {
            "throttle": 0.21202133908957727,
            "brake": 1.4130610245885384e-15,
            "steer": 0.0
        }
    ],
    "parameters": {
        "fog_density": 78.3430784451973,
        "precipitation": 87.99471590923298,
        "precipitation_deposits": 45.449663000521156,
        "wind_intensity": 6.032585985572836,
        "sun_altitude_angle": -0.631663443039578,
        "cloudiness": 85.28003021172334,
        "lead_base_throttle": 0.30481238051943277,
        "lead_behavior_frequency": 0.13154833026023677,
        "lead_throttle_variation": 0.18176710438583524,
        "lead_brake_probability": 0.01979907456454991,
        "lead_brake_intensity": 0.1269935492024057,
        "lead_brake_duration": 10.899944721204431,
        "initial_distance": 43.274109504420714,
        "initial_ego_velocity": 18.652472264432937,
        "initial_lead_velocity": 21.820704161530756
    },
    "config": {
        "num_timesteps": 200,
        "dt": 0.1,
        "seed": 66
    }
}