{
    "weather": {
        "cloudiness": 33.60825250811149,
        "precipitation": 68.37359453561066,
        "precipitation_deposits": 87.10561253255194,
        "wind_intensity": 48.4865285813723,
        "sun_altitude_angle": 17.045705277786034,
        "fog_density": 31.34783190799226,
        "fog_distance": 351.71723697060986,
        "wetness": 34.18679726780533
    },
    "initial_conditions": {
        "ego": {
            "position": {
                "x": 501.48160058690377,
                "y": 20.57,
                "z": 0.294
            },
            "yaw": 0.0,
            "velocity": 9.755982015138581
        },
        "lead": {
            "position": {
                "x": 484.88,
                "y": 20.57,
                "z": 0.294
            },
            "yaw": 0.0,
            "velocity": 10.843786489508227
        }
    },
    "ego": {
        "position": {
            "x": 501.48160058690377,
            "y": 20.57,
            "z": 0.294
        },
        "yaw": 0.0,
        "velocity": 9.755982015138581
    },
    "lead": {
        "position": {
            "x": 484.88,
            "y": 20.57,
            "z": 0.294
        },
        "yaw": 0.0,
        "velocity": 10.843786489508227
    },
    "ado_actions": [
        {
            "throttle": 0.2304718459346658,
            "brake": 0.0,
            "steer": 0.0
        },
        {
            "throttle": 0.23411379155432188,
            "brake": 0.0,
            "steer": 0.0
        },
        {
            "throttle": 0.2402590113758839,
            "brake": 0.0,
            "steer": 0.0
        },
        {
            "throttle": 0.24806493090152706,
            "brake": 0.0,
            "steer": 0.0
        },
        {
            "throttle": 0.2568974025497247,
            "brake": 0.0,
            "steer": 0.0
        },
        {
            "throttle": 0.26626989783089333,
            "brake": 0.0,
            "steer": 0.0
        },
        {
            "throttle": 0.2758014812792714,
            "brake": 0.0,
            "steer": 0.0
        },
        {
            "throttle": 0.2851879030188485,
            "brake": 0.0,
            "steer": 0.0
        },
        {
            "throttle": 0.2941818393136217,
            "brake": 0.0,
            "steer": 0.0
        },
        {
            "throttle": 0.30257949562684733,
            "brake": 0.0,
            "steer": 0.0
        },
        {
            "throttle": 0.3102116168558863,
            "brake": 0.0,
            "steer": 0.0
        },
        {
            "throttle": 0.3169375310980553,
            "brake": 0.0,
            "steer": 0.0
        },
        {
            "throttle": 0.32264126113668223,
            "brake": 0.0,
            "steer": 0.0
        },
        {
            "throttle": 0.3272290240257329,
            "brake": 0.0,
            "steer": 0.0
        },
        {
            "throttle": 0.3306276402342868,
            "brake": 0.0,
            "steer": 0.0
        },
        {
            "throttle": 0.33278351535615325,
            "brake": 0.0,
            "steer": 0.0
        },
        {
            "throttle": 0.3336619572822284,
            "brake": 0.0,
            "steer": 0.0
        },
        {
            "throttle": 0.33324666248458495,
            "brake": 0.0,
            "steer": 0.0
        },
        {
            "throttle": 0.33153925541881984,
            "brake": 0.0,
            "steer": 0.0
        },
        {
            "throttle": 0.3285588011273124,
            "brake": 0.0,
            "steer": 0.0
        },
        {
            "throttle": 0.32434123718899865,
            "brake": 0.0,
            "steer": 0.0
        },
        {
            "throttle": 0.31893869018859144,
            "brake": 0.0,
            "steer": 0.0
        },
        {
            "throttle": 0.3124186559442196,
            "brake": 0.0,
            "steer": 0.0
        },
        {
            "throttle": 0.3048630332798272,
            "brake": 0.0,
            "steer": 0.0
        },
        {
            "throttle": 0.29636700915831204,
            "brake": 0.0,
            "steer": 0.0
        },
        {
            "throttle": 0.28703779919576866,
            "brake": 0.0,
            "steer": 0.0
        },
        {
            "throttle": 0.276993252433694,
            "brake": 0.0,
            "steer": 0.0
        },
        {
            "throttle": 0.26636033308225515,
            "brake": 0.0,
            "steer": 0.0
        },
        {
            "throttle": 0.25527349498753993,
            "brake": 0.0,
            "steer": 0.0
        },
        {
            "throttle": 0.24387296697130695,
            "brake": 0.0,
            "steer": 0.0
        },
        {
            "throttle": 0.23230296904626674,
            "brake": 0.0,
            "steer": 0.0
        },
        {
            "throttle": 0.2207098808933204,
            "brake": 0.0,
            "steer": 0.0
        },
        {
            "throttle": 0.20924038494734215,
            "brake": 0.0,
            "steer": 0.0
        },
        {
            "throttle": 0.1980396070086505,
            "brake": 0.0,
            "steer": 0.0
        },
        {
            "throttle": 0.18724927750308806,
            "brake": 0.0,
            "steer": 0.0
        },
        {
            "throttle": 0.17700593637445433,
            "brake": 0.0,
            "steer": 0.0
        },
        {
            "throttle": 0.16743920412636915,
            "brake": 0.0,
            "steer": 0.0
        },
        {
            "throttle": 0.15867014075338387,
            "brake": 0.0,
            "steer": 0.0
        },
        {
            "throttle": 0.1508097132308357,
            "brake": 0.0,
            "steer": 0.0
        },
        {
            "throttle": 0.14395739088848292,
            "brake": 0.0,
            "steer": 0.0
        },
        {
            "throttle": 0.13819988639515465,
            "brake": 0.0,
            "steer": 0.0
        },
        {
            "throttle": 0.1336100582533523,
            "brake": 0.0,
            "steer": 0.0
        },
        {
            "throttle": 0.13024598866893722,
            "brake": 0.0,
            "steer": 0.0
        },
        {
            "throttle": 0.12815024844876088,
            "brake": 0.0,
            "steer": 0.0
        },
        {
            "throttle": 0.1273493582172382,
            "brake": 0.0,
            "steer": 0.0
        },
        {
            "throttle": 0.1278534527619582,
            "brake": 0.0,
            "steer": 0.0
        },
        {
            "throttle": 0.12965615275030315,
            "brake": 0.0,
            "steer": 0.0
        },
        {
            "throttle": 0.13273464543651958,
            "brake": 0.0,
            "steer": 0.0
        },
        {
            "throttle": 0.13704997333515662,
            "brake": 0.0,
            "steer": 0.0
        },
        {
            "throttle": 0.14254752720586286,
            "brake": 0.0,
            "steer": 0.0
        },
        {
            "throttle": 0.14915773710961394,
            "brake": 0.0,
            "steer": 0.0
        },
        {
            "throttle": 0.15679695279031408,
            "brake": 0.0,
            "steer": 0.0
        },
        {
            "throttle": 0.16536850224014293,
            "brake": 0.0,
            "steer": 0.0
        },
        {
            "throttle": 0.17476391505235617,
            "brake": 0.0,
            "steer": 0.0
        },
        {
            "throttle": 0.1848642950800511,
            "brake": 0.0,
            "steer": 0.0
        },
        {
            "throttle": 0.1955418250300847,
            "brake": 0.0,
            "steer": 0.0
        },
        {
            "throttle": 0.2066613839517984,
            "brake": 0.0,
            "steer": 0.0
        },
        {
            "throttle": 0.21808225715160304,
            "brake": 0.0,
            "steer": 0.0
        },
        {
            "throttle": 0.22965991689488857,
            "brake": 0.0,
            "steer": 0.0
        },
        {
            "throttle": 0.24124785136095378,
            "brake": 0.0,
            "steer": 0.0
        },
        {
            "throttle": 0.2526994187060413,
            "brake": 0.0,
            "steer": 0.0
        },
        {
            "throttle": 0.26386970277183736,
            "brake": 0.0,
            "steer": 0.0
        },
        {
            "throttle": 0.2746173469559831,
            "brake": 0.0,
            "steer": 0.0
        },
        {
            "throttle": 0.2848063430375004,
            "brake": 0.0,
            "steer": 0.0
        },
        {
            "throttle": 0.29430775232007406,
            "brake": 0.0,
            "steer": 0.0
        },
        {
            "throttle": 0.3030013373126297,
            "brake": 0.0,
            "steer": 0.0
        },
        {
            "throttle": 0.31077708329877407,
            "brake": 0.0,
            "steer": 0.0
        },
        {
            "throttle": 0.3175365905400888,
            "brake": 0.0,
            "steer": 0.0
        },
        {
            "throttle": 0.3231943194953588,
            "brake": 0.0,
            "steer": 0.0
        },
        {
            "throttle": 0.32767867329785766,
            "brake": 0.0,
            "steer": 0.0
        },
        {
            "throttle": 0.3309329037922626,
            "brake": 0.0,
            "steer": 0.0
        },
        {
            "throttle": 0.33291582966557237,
            "brake": 0.0,
            "steer": 0.0
        },
        {
            "throttle": 0.33360235758429574,
            "brake": 0.0,
            "steer": 0.0
        },
        {
            "throttle": 0.3329837997430748,
            "brake": 0.0,
            "steer": 0.0
        },
        {
            "throttle": 0.33106798380626007,
            "brake": 0.0,
            "steer": 0.0
        },
        {
            "throttle": 0.3278791538511602,
            "brake": 0.0,
            "steer": 0.0
        },
        {
            "throttle": 0.32345766356649835,
            "brake": 0.0,
            "steer": 0.0
        },
        {
            "throttle": 0.3178594655885584,
            "brake": 0.0,
            "steer": 0.0
        },
        {
            "throttle": 0.3111554034373174,
            "brake": 0.0,
            "steer": 0.0
        },
        {
            "throttle": 0.30343031501290274,
            "brake": 0.0,
            "steer": 0.0
        },
        {
            "throttle": 0.2947819589973557,
            "brake": 0.0,
            "steer": 0.0
        },
        {
            "throttle": 0.28531977774776773,
            "brake": 0.0,
            "steer": 0.0
        },
        {
            "throttle": 0.2751635123360051,
            "brake": 0.0,
            "steer": 0.0
        },
        {
            "throttle": 0.2644416872612807,
            "brake": 0.0,
            "steer": 0.0
        },
        {
            "throttle": 0.25328998401108127,
            "brake": 0.0,
            "steer": 0.0
        },
        {
            "throttle": 0.24184952405255,
            "brake": 0.0,
            "steer": 0.0
        },
        {
            "throttle": 0.23026508298255488,
            "brake": 0.0,
            "steer": 0.0
        },
        {
            "throttle": 0.21868325843583875,
            "brake": 0.0,
            "steer": 0.0
        },
        {
            "throttle": 0.20725061493582544,
            "brake": 0.0,
            "steer": 0.0
        },
        {
            "throttle": 0.19611182916443984,
            "brake": 0.0,
            "steer": 0.0
        },
        {
            "throttle": 0.18540785912199684,
            "brake": 0.0,
            "steer": 0.0
        },
        {
            "throttle": 0.17527416034589352,
            "brake": 0.0,
            "steer": 0.0
        },
        {
            "throttle": 0.16583897176132253,
            "brake": 0.0,
            "steer": 0.0
        },
        {
            "throttle": 0.1572216928560532,
            "brake": 0.0,
            "steer": 0.0
        },
        {
            "throttle": 0.14953137271564773,
            "brake": 0.0,
            "steer": 0.0
        },
        {
            "throttle": 0.14286533003991975,
            "brake": 0.0,
            "steer": 0.0
        },
        {
            "throttle": 0.13730792160391364,
            "brake": 0.0,
            "steer": 0.0
        },
        {
            "throttle": 0.1329294747481628,
            "brake": 0.0,
            "steer": 0.0
        },
        {
            "throttle": 0.12978539740724285,
            "brake": 0.0,
            "steer": 0.0
        },
        {
            "throttle": 0.1279154769389419,
            "brake": 0.0,
            "steer": 0.0
        },
        {
            "throttle": 0.12734337662715547,
            "brake": 0.0,
            "steer": 0.0
        },
        {
            "throttle": 0.12807633623011072,
            "brake": 0.0,
            "steer": 0.0
        },
        {
            "throttle": 0.13010508036339283,
            "brake": 0.0,
            "steer": 0.0
        },
        {
            "throttle": 0.13340393587715876,
            "brake": 0.0,
            "steer": 0.0
        },
        {
            "throttle": 0.13793115674216508,
            "brake": 0.0,
            "steer": 0.0
        },
        {
            "throttle": 0.1436294523332743,
            "brake": 0.0,
            "steer": 0.0
        },
        {
            "throttle": 0.15042671242516992,
            "brake": 0.0,
            "steer": 0.0
        },
        {
            "throttle": 0.15823691972567672,
            "brake": 0.0,
            "steer": 0.0
        },
        {
            "throttle": 0.16696123839884996,
            "brake": 0.0,
            "steer": 0.0
        },
        {
            "throttle": 0.1764892648028995,
            "brake": 0.0,
            "steer": 0.0
        },
        {
            "throttle": 0.1867004246152351,
            "brake": 0.0,
            "steer": 0.0
        },
        {
            "throttle": 0.19746549866443308,
            "brake": 0.0,
            "steer": 0.0
        },
        {
            "throttle": 0.20864825816017818,
            "brake": 0.0,
            "steer": 0.0
        },
        {
            "throttle": 0.22010718862783402,
            "brake": 0.0,
            "steer": 0.0
        },
        {
            "throttle": 0.23169728073176754,
            "brake": 0.0,
            "steer": 0.0
        },
        {
            "throttle": 0.2432718653250925,
            "brake": 0.0,
            "steer": 0.0
        },
        {
            "throttle": 0.2546844695038285,
            "brake": 0.0,
            "steer": 0.0
        },
        {
            "throttle": 0.265790670177664,
            "brake": 0.0,
            "steer": 0.0
        },
        {
            "throttle": 0.2764499217009414,
            "brake": 0.0,
            "steer": 0.0
        },
        {
            "throttle": 0.2865273344357403,
            "brake": 0.0,
            "steer": 0.0
        },
        {
            "throttle": 0.2958953817398755,
            "brake": 0.0,
            "steer": 0.0
        },
        {
            "throttle": 0.3044355137783874,
            "brake": 0.0,
            "steer": 0.0
        },
        {
            "throttle": 0.3120396577362241,
            "brake": 0.0,
            "steer": 0.0
        },
        {
            "throttle": 0.31861158544737156,
            "brake": 0.0,
            "steer": 0.0
        },
        {
            "throttle": 0.32406813113349525,
            "brake": 0.0,
            "steer": 0.0
        },
        {
            "throttle": 0.32834024384197535,
            "brake": 0.0,
            "steer": 0.0
        },
        {
            "throttle": 0.33137386126504625,
            "brake": 0.0,
            "steer": 0.0
        },
        {
            "throttle": 0.3331305938821217,
            "brake": 0.0,
            "steer": 0.0
        },
        {
            "throttle": 0.33358821076768846,
            "brake": 0.0,
            "steer": 0.0
        },
        {
            "throttle": 0.3327409209170155,
            "brake": 0.0,
            "steer": 0.0
        },
        {
            "throttle": 0.33059944652958584,
            "brake": 0.0,
            "steer": 0.0
        },
        {
            "throttle": 0.3271908873228706,
            "brake": 0.0,
            "steer": 0.0
        },
        {
            "throttle": 0.32255837759351547,
            "brake": 0.0,
            "steer": 0.0
        },
        {
            "throttle": 0.3167605403657252,
            "brake": 0.0,
            "steer": 0.0
        },
        {
            "throttle": 0.3098707455344377,
            "brake": 0.0,
            "steer": 0.0
        },
        {
            "throttle": 0.30197618139126137,
            "brake": 0.0,
            "steer": 0.0
        },
        {
            "throttle": 0.2931767512827385,
            "brake": 0.0,
            "steer": 0.0
        },
        {
            "throttle": 0.2835838093633942,
            "brake": 0.0,
            "steer": 0.0
        },
        {
            "throttle": 0.27331875144223694,
            "brake": 0.0,
            "steer": 0.0
        },
        {
            "throttle": 0.2625114787551267,
            "brake": 0.0,
            "steer": 0.0
        },
        {
            "throttle": 0.25129875410351243,
            "brake": 0.0,
            "steer": 0.0
        },
        {
            "throttle": 0.23982247116210992,
            "brake": 0.0,
            "steer": 0.0
        },
        {
            "throttle": 0.22822785885691432,
            "brake": 0.0,
            "steer": 0.0
        },
        {
            "throttle": 0.216661643536606,
            "brake": 0.0,
            "steer": 0.0
        },
        {
            "throttle": 0.2052701921945202,
            "brake": 0.0,
            "steer": 0.0
        },
        {
            "throttle": 0.19419766023815116,
            "brake": 0.0,
            "steer": 0.0
        },
        {
            "throttle": 0.18358416724561333,
            "brake": 0.0,
            "steer": 0.0
        },
        {
            "throttle": 0.17356402379431524,
            "brake": 0.0,
            "steer": 0.0
        },
        {
            "throttle": 0.1642640318007991,
            "brake": 0.0,
            "steer": 0.0
        },
        {
            "throttle": 0.1558018798804361,
            "brake": 0.0,
            "steer": 0.0
        },
        {
            "throttle": 0.148284654033221,
            "brake": 0.0,
            "steer": 0.0
        },
        {
            "throttle": 0.1418074825024908,
            "brake": 0.0,
            "steer": 0.0
        },
        {
            "throttle": 0.13645233195547546,
            "brake": 0.0,
            "steer": 0.0
        },
        {
            "throttle": 0.13228697021965508,
            "brake": 0.0,
            "steer": 0.0
        },
        {
            "throttle": 0.1293641087011847,
            "brake": 0.0,
            "steer": 0.0
        },
        {
            "throttle": 0.12772073533782496,
            "brake": 0.0,
            "steer": 0.0
        },
        {
            "throttle": 0.1273776465276595,
            "brake": 0.0,
            "steer": 0.0
        },
        {
            "throttle": 0.12833918395690122,
            "brake": 0.0,
            "steer": 0.0
        },
        {
            "throttle": 0.1305931796571524,
            "brake": 0.0,
            "steer": 0.0
        },
        {
            "throttle": 0.13411110998740353,
            "brake": 0.0,
            "steer": 0.0
        },
        {
            "throttle": 0.13884845659217332,
            "brake": 0.0,
            "steer": 0.0
        },
        {
            "throttle": 0.1447452697679741,
            "brake": 0.0,
            "steer": 0.0
        },
        {
            "throttle": 0.15172692710886773,
            "brake": 0.0,
            "steer": 0.0
        },
        {
            "throttle": 0.1597050778306794,
            "brake": 0.0,
            "steer": 0.0
        },
        {
            "throttle": 0.16857876082372986,
            "brake": 0.0,
            "steer": 0.0
        },
        {
            "throttle": 0.17823568228546283,
            "brake": 0.0,
            "steer": 0.0
        },
        {
            "throttle": 0.18855363676490877,
            "brake": 0.0,
            "steer": 0.0
        },
        {
            "throttle": 0.19940205363609337,
            "brake": 0.0,
            "steer": 0.0
        },
        {
            "throttle": 0.21064364943023192,
            "brake": 0.0,
            "steer": 0.0
        },
        {
            "throttle": 0.22213616511694056,
            "brake": 0.0,
            "steer": 0.0
        },
        {
            "throttle": 0.23373416634969044,
            "brake": 0.0,
            "steer": 0.0
        },
        {
            "throttle": 0.24529088389393722,
            "brake": 0.0,
            "steer": 0.0
        },
        {
            "throttle": 0.2566600709478592,
            "brake": 0.0,
            "steer": 0.0
        },
        {
            "throttle": 0.26769785385186556,
            "brake": 0.0,
            "steer": 0.0
        },
        {
            "throttle": 0.2782645527666998,
            "brake": 0.0,
            "steer": 0.0
        },
        {
            "throttle": 0.2882264492800022,
            "brake": 0.0,
            "steer": 0.0
        },
        {
            "throttle": 0.2974574785727986,
            "brake": 0.0,
            "steer": 0.0
        },
        {
            "throttle": 0.3058408247320563,
            "brake": 0.0,
            "steer": 0.0
        },
        {
            "throttle": 0.3132703990211023,
            "brake": 0.0,
            "steer": 0.0
        },
        {
            "throttle": 0.3196521824008358,
            "brake": 0.0,
            "steer": 0.0
        },
        {
            "throttle": 0.3249054153125299,
            "brake": 0.0,
            "steer": 0.0
        },
        {
            "throttle": 0.3289636196658775,
            "brake": 0.0,
            "steer": 0.0
        },
        {
            "throttle": 0.33177544009932863,
            "brake": 0.0,
            "steer": 0.0
        },
        {
            "throttle": 0.3333052938668211,
            "brake": 0.0,
            "steer": 0.0
        },
        {
            "throttle": 0.3335338211267828,
            "brake": 0.0,
            "steer": 0.0
        },
        {
            "throttle": 0.3324581299351327,
            "brake": 0.0,
            "steer": 0.0
        },
        {
            "throttle": 0.33009183284196764,
            "brake": 0.0,
            "steer": 0.0
        },
        {
            "throttle": 0.32646487462881496,
            "brake": 0.0,
            "steer": 0.0
        },
        {
            "throttle": 0.32162315336638403,
            "brake": 0.0,
            "steer": 0.0
        },
        {
            "throttle": 0.31562793958821794,
            "brake": 0.0,
            "steer": 0.0
        },
        {
            "throttle": 0.30855510093042854,
            "brake": 0.0,
            "steer": 0.0
        },
        {
            "throttle": 0.3004941420494671,
            "brake": 0.0,
            "steer": 0.0
        },
        {
            "throttle": 0.29154707196748403,
            "brake": 0.0,
            "steer": 0.0
        },
        {
            "throttle": 0.2818271131786827,
            "brake": 0.0,
            "steer": 0.0
        },
        {
            "throttle": 0.27145726885254085,
            "brake": 0.0,
            "steer": 0.0
        },
        {
            "throttle": 0.2605687662655132,
            "brake": 0.0,
            "steer": 0.0
        },
        {
            "throttle": 0.24929939615912142,
            "brake": 0.0,
            "steer": 0.0
        },
        {
            "throttle": 0.23779176903935872,
            "brake": 0.0,
            "steer": 0.0
        },
        {
            "throttle": 0.22619151048341674,
            "brake": 0.0,
            "steer": 0.0
        },
        {
            "throttle": 0.21464541829158915,
            "brake": 0.0,
            "steer": 0.0
        }
    ],
    "parameters": {
        "fog_density": 31.34783190799226,
        "precipitation": 68.37359453561066,
        "precipitation_deposits": 87.10561253255194,
        "wind_intensity": 48.4865285813723,
        "sun_altitude_angle": 17.045705277786034,
        "cloudiness": 33.60825250811149,
        "lead_base_throttle": 0.2304718459346658,
        "lead_behavior_frequency": 0.17913288957425,
        "lead_throttle_variation": 0.1080872170383071,
        "lead_brake_probability": 3.3195461316981587e-05,
        "lead_brake_intensity": 0.6903850680813752,
        "lead_brake_duration": 9.931083002157866,
        "initial_distance": 16.601600586903793,
        "initial_ego_velocity": 9.755982015138581,
        "initial_lead_velocity": 10.843786489508227
    },
    "config": {
        "num_timesteps": 200,
        "dt": 0.1,
        "seed": 84
    }
}