{
    "weather": {
        "cloudiness": 54.67086421652473,
        "precipitation": 69.27969917004022,
        "precipitation_deposits": 59.220604586544844,
        "wind_intensity": 0.11342815692019781,
        "sun_altitude_angle": 1.0369122589266446,
        "fog_density": 72.09551750383015,
        "fog_distance": 90.42957420550654,
        "wetness": 34.63984958502011
    },
    "initial_conditions": {
        "ego": {
            "position": {
                "x": 537.8678350155731,
                "y": 20.57,
                "z": 0.294
            },
            "yaw": 0.0,
            "velocity": 11.26506438467884
        },
        "lead": {
            "position": {
                "x": 484.88,
                "y": 20.57,
                "z": 0.294
            },
            "yaw": 0.0,
            "velocity": 9.22797474706935
        }
    },
    "ego": {
        "position": {
            "x": 537.8678350155731,
            "y": 20.57,
            "z": 0.294
        },
        "yaw": 0.0,
        "velocity": 11.26506438467884
    },
    "lead": {
        "position": {
            "x": 484.88,
            "y": 20.57,
            "z": 0.294
        },
        "yaw": 0.0,
        "velocity": 9.22797474706935
    },
    "ado_actions": [
        {
            "throttle": 0.33644664180846307,
            "brake": 0.0,
            "steer": 0.0
        },
        {
            "throttle": 0.34233240503271684,
            "brake": 0.0,
            "steer": 0.0
        },
        {
            "throttle": 0.3523238730820134,
            "brake": 0.0,
            "steer": 0.0
        },
        {
            "throttle": 0.3651607105312902,
            "brake": 0.0,
            "steer": 0.0
        },
        {
            "throttle": 0.3799464577250948,
            "brake": 0.0,
            "steer": 0.0
        },
        {
            "throttle": 0.39603947236613285,
            "brake": 0.0,
            "steer": 0.0
        },
        {
            "throttle": 0.41297662300500165,
            "brake": 0.0,
            "steer": 0.0
        },
        {
            "throttle": 0.43041990852308204,
            "brake": 0.0,
            "steer": 0.0
        },
        {
            "throttle": 0.4481191253900967,
            "brake": 0.0,
            "steer": 0.0
        },
        {
            "throttle": 0.46588576786154046,
            "brake": 0.0,
            "steer": 0.0
        },
        {
            "throttle": 0.4835747906509993,
            "brake": 0.0,
            "steer": 0.0
        },
        {
            "throttle": 0.5010718746726633,
            "brake": 0.0,
            "steer": 0.0
        },
        {
            "throttle": 0.5182845441931513,
            "brake": 0.0,
            "steer": 0.0
        },
        {
            "throttle": 0.5351359791542359,
            "brake": 0.0,
            "steer": 0.0
        },
        {
            "throttle": 0.5515607132257746,
            "brake": 0.0,
            "steer": 0.0
        },
        {
            "throttle": 0.5675016509087142,
            "brake": 0.0,
            "steer": 0.0
        },
        {
            "throttle": 0.5829080069427773,
            "brake": 0.0,
            "steer": 0.0
        },
        {
            "throttle": 0.5977338902302588,
            "brake": 0.0,
            "steer": 0.0
        },
        {
            "throttle": 0.611937337759811,
            "brake": 0.0,
            "steer": 0.0
        },
        {
            "throttle": 0.625479662307635,
            "brake": 0.0,
            "steer": 0.0
        },
        {
            "throttle": 0.6383250185019518,
            "brake": 0.0,
            "steer": 0.0
        },
        {
            "throttle": 0.6504401204056635,
            "brake": 0.0,
            "steer": 0.0
        },
        {
            "throttle": 0.6617940637736934,
            "brake": 0.0,
            "steer": 0.0
        },
        {
            "throttle": 0.6723582201459782,
            "brake": 0.0,
            "steer": 0.0
        },
        {
            "throttle": 0.682106179743723,
            "brake": 0.0,
            "steer": 0.0
        },
        {
            "throttle": 0.6910137270047816,
            "brake": 0.0,
            "steer": 0.0
        },
        {
            "throttle": 0.6990588374055117,
            "brake": 0.0,
            "steer": 0.0
        },
        {
            "throttle": 0.7062216875882921,
            "brake": 0.0,
            "steer": 0.0
        },
        {
            "throttle": 0.712484673178063,
            "brake": 0.0,
            "steer": 0.0
        },
        {
            "throttle": 0.7178324303301226,
            "brake": 0.0,
            "steer": 0.0
        },
        {
            "throttle": 0.7222518582166484,
            "brake": 0.0,
            "steer": 0.0
        },
        {
            "throttle": 0.7257321404791486,
            "brake": 0.0,
            "steer": 0.0
        },
        {
            "throttle": 0.7282647642519768,
            "brake": 0.0,
            "steer": 0.0
        },
        {
            "throttle": 0.7298435357707542,
            "brake": 0.0,
            "steer": 0.0
        },
        {
            "throttle": 0.7304645918698053,
            "brake": 0.0,
            "steer": 0.0
        },
        {
            "throttle": 0.7301264068800936,
            "brake": 0.0,
            "steer": 0.0
        },
        {
            "throttle": 0.7288297945884945,
            "brake": 0.0,
            "steer": 0.0
        },
        {
            "throttle": 0.7265779050279815,
            "brake": 0.0,
            "steer": 0.0
        },
        {
            "throttle": 0.7233762159485778,
            "brake": 0.0,
            "steer": 0.0
        },
        {
            "throttle": 0.7192325188792681,
            "brake": 0.0,
            "steer": 0.0
        },
        {
            "throttle": 0.7141568997374034,
            "brake": 0.0,
            "steer": 0.0
        },
        {
            "throttle": 0.7081617139786262,
            "brake": 0.0,
            "steer": 0.0
        },
        {
            "throttle": 0.7012615563098908,
            "brake": 0.0,
            "steer": 0.0
        },
        {
            "throttle": 0.6934732250127664,
            "brake": 0.0,
            "steer": 0.0
        },
        {
            "throttle": 0.6848156809452965,
            "brake": 0.0,
            "steer": 0.0
        },
        {
            "throttle": 0.6753100013092216,
            "brake": 0.0,
            "steer": 0.0
        },
        {
            "throttle": 0.6649793282860148,
            "brake": 0.0,
            "steer": 0.0
        },
        {
            "throttle": 0.6538488126604088,
            "brake": 0.0,
            "steer": 0.0
        },
        {
            "throttle": 0.641945552564204,
            "brake": 0.0,
            "steer": 0.0
        },
        {
            "throttle": 0.629298527486369,
            "brake": 0.0,
            "steer": 0.0
        },
        {
            "throttle": 0.6159385277079058,
            "brake": 0.0,
            "steer": 0.0
        },
        {
            "throttle": 0.6018980793317461,
            "brake": 0.0,
            "steer": 0.0
        },
        {
            "throttle": 0.5872113650891291,
            "brake": 0.0,
            "steer": 0.0
        },
        {
            "throttle": 0.5719141411145154,
            "brake": 0.0,
            "steer": 0.0
        },
        {
            "throttle": 0.5560436498911314,
            "brake": 0.0,
            "steer": 0.0
        },
        {
            "throttle": 0.5396385295787167,
            "brake": 0.0,
            "steer": 0.0
        },
        {
            "throttle": 0.5227387199439704,
            "brake": 0.0,
            "steer": 0.0
        },
        {
            "throttle": 0.5053853651225353,
            "brake": 0.0,
            "steer": 0.0
        },
        {
            "throttle": 0.48762071344912883,
            "brake": 0.0,
            "steer": 0.0
        },
        {
            "throttle": 0.469488014599606,
            "brake": 0.0,
            "steer": 0.0
        },
        {
            "throttle": 0.45103141429530913,
            "brake": 0.0,
            "steer": 0.0
        },
        {
            "throttle": 0.43229584682601346,
            "brake": 0.0,
            "steer": 0.0
        },
        {
            "throttle": 0.4133269256531009,
            "brake": 0.0,
            "steer": 0.0
        },
        {
            "throttle": 0.39417083235927763,
            "brake": 0.0,
            "steer": 0.0
        },
        {
            "throttle": 0.37487420421518236,
            "brake": 0.0,
            "steer": 0.0
        },
        {
            "throttle": 0.3554840206366049,
            "brake": 0.0,
            "steer": 0.0
        },
        {
            "throttle": 0.3360474888087376,
            "brake": 0.0,
            "steer": 0.0
        },
        {
            "throttle": 0.3166119287559135,
            "brake": 0.0,
            "steer": 0.0
        },
        {
            "throttle": 0.2972246581366351,
            "brake": 0.0,
            "steer": 0.0
        },
        {
            "throttle": 0.27793287704436914,
            "brake": 0.0,
            "steer": 0.0
        },
        {
            "throttle": 0.2587835530945678,
            "brake": 0.0,
            "steer": 0.0
        },
        {
            "throttle": 0.23982330707768243,
            "brake": 0.0,
            "steer": 0.0
        },
        {
            "throttle": 0.22109829945655649,
            "brake": 0.0,
            "steer": 0.0
        },
        {
            "throttle": 0.2026541179845295,
            "brake": 0.0,
            "steer": 0.0
        },
        {
            "throttle": 0.18453566671785643,
            "brake": 0.0,
            "steer": 0.0
        },
        {
            "throttle": 0.16678705669265065,
            "brake": 0.0,
            "steer": 0.0
        },
        {
            "throttle": 0.14945149853250825,
            "brake": 0.0,
            "steer": 0.0
        },
        {
            "throttle": 0.13257119724826963,
            "brake": 0.0,
            "steer": 0.0
        },
        {
            "throttle": 0.11618724948603813,
            "brake": 0.0,
            "steer": 0.0
        },
        {
            "throttle": 0.10033954347361465,
            "brake": 0.0,
            "steer": 0.0
        },
        {
            "throttle": 0.08506666190893791,
            "brake": 0.0,
            "steer": 0.0
        },
        {
            "throttle": 0.07040578802695739,
            "brake": 0.0,
            "steer": 0.0
        },
        {
            "throttle": 0.0563926150736276,
            "brake": 0.0,
            "steer": 0.0
        },
        {
            "throttle": 0.04306125940741776,
            "brake": 0.0,
            "steer": 0.0
        },
        {
            "throttle": 0.030444177439898936,
            "brake": 0.0,
            "steer": 0.0
        },
        {
            "throttle": 0.021310924207929256,
            "brake": 0.0,
            "steer": 0.0
        },
        {
            "throttle": 0.014917646945550478,
            "brake": 0.0,
            "steer": 0.0
        },
        {
            "throttle": 0.010442352861885334,
            "brake": 0.0,
            "steer": 0.0
        },
        {
            "throttle": 0.007309647003319733,
            "brake": 0.0,
            "steer": 0.0
        },
        {
            "throttle": 0.005116752902323813,
            "brake": 0.0,
            "steer": 0.0
        },
        {
            "throttle": 0.003581727031626669,
            "brake": 0.0,
            "steer": 0.0
        },
        {
            "throttle": 0.0025072089221386683,
            "brake": 0.0,
            "steer": 0.0
        },
        {
            "throttle": 0.0017550462454970677,
            "brake": 0.0,
            "steer": 0.0
        },
        {
            "throttle": 0.0012285323718479472,
            "brake": 0.0,
            "steer": 0.0
        },
        {
            "throttle": 0.000859972660293563,
            "brake": 0.0,
            "steer": 0.0
        },
        {
            "throttle": 0.0006019808622054941,
            "brake": 0.0,
            "steer": 0.0
        },
        {
            "throttle": 0.0004213866035438458,
            "brake": 0.0,
            "steer": 0.0
        },
        {
            "throttle": 0.000294970622480692,
            "brake": 0.0,
            "steer": 0.0
        },
        {
            "throttle": 0.0002064794357364844,
            "brake": 0.0,
            "steer": 0.0
        },
        {
            "throttle": 0.00014453560501553908,
            "brake": 0.0,
            "steer": 0.0
        },
        {
            "throttle": 0.00010117492351087735,
            "brake": 0.0,
            "steer": 0.0
        },
        {
            "throttle": 7.082244645761414e-05,
            "brake": 0.0,
            "steer": 0.0
        },
        {
            "throttle": 4.95757125203299e-05,
            "brake": 0.0,
            "steer": 0.0
        },
        {
            "throttle": 3.470299876423093e-05,
            "brake": 0.0,
            "steer": 0.0
        },
        {
            "throttle": 2.4292099134961647e-05,
            "brake": 0.0,
            "steer": 0.0
        },
        {
            "throttle": 1.7004469394473152e-05,
            "brake": 0.0,
            "steer": 0.0
        },
        {
            "throttle": 1.1903128576131205e-05,
            "brake": 0.0,
            "steer": 0.0
        },
        {
            "throttle": 0.00033662879595820603,
            "brake": 0.0,
            "steer": 0.0
        },
        {
            "throttle": 0.0038511263185703167,
            "brake": 0.0,
            "steer": 0.0
        },
        {
            "throttle": 0.009835394994867528,
            "brake": 0.0,
            "steer": 0.0
        },
        {
            "throttle": 0.017776854538484883,
            "brake": 0.0,
            "steer": 0.0
        },
        {
            "throttle": 0.02730756301202478,
            "brake": 0.0,
            "steer": 0.0
        },
        {
            "throttle": 0.038160291622500286,
            "brake": 0.0,
            "steer": 0.0
        },
        {
            "throttle": 0.050137800619278916,
            "brake": 0.0,
            "steer": 0.0
        },
        {
            "throttle": 0.06309135720580444,
            "brake": 0.0,
            "steer": 0.0
        },
        {
            "throttle": 0.07690572404265587,
            "brake": 0.0,
            "steer": 0.0
        },
        {
            "throttle": 0.0914886782830189,
            "brake": 0.0,
            "steer": 0.0
        },
        {
            "throttle": 0.10676370303338811,
            "brake": 0.0,
            "steer": 0.0
        },
        {
            "throttle": 0.12266490049597092,
            "brake": 0.0,
            "steer": 0.0
        },
        {
            "throttle": 0.13913346120143022,
            "brake": 0.0,
            "steer": 0.0
        },
        {
            "throttle": 0.15611522334489097,
            "brake": 0.0,
            "steer": 0.0
        },
        {
            "throttle": 0.17355899595909763,
            "brake": 0.0,
            "steer": 0.0
        },
        {
            "throttle": 0.1914154174614149,
            "brake": 0.0,
            "steer": 0.0
        },
        {
            "throttle": 0.20963618957165897,
            "brake": 0.0,
            "steer": 0.0
        },
        {
            "throttle": 0.22817357451846598,
            "brake": 0.0,
            "steer": 0.0
        },
        {
            "throttle": 0.24698007699512065,
            "brake": 0.0,
            "steer": 0.0
        },
        {
            "throttle": 0.26600825580493304,
            "brake": 0.0,
            "steer": 0.0
        },
        {
            "throttle": 0.2852106265707738,
            "brake": 0.0,
            "steer": 0.0
        },
        {
            "throttle": 0.3045396283868632,
            "brake": 0.0,
            "steer": 0.0
        },
        {
            "throttle": 0.3239476353428639,
            "brake": 0.0,
            "steer": 0.0
        },
        {
            "throttle": 0.34338699948642615,
            "brake": 0.0,
            "steer": 0.0
        },
        {
            "throttle": 0.3628101157355298,
            "brake": 0.0,
            "steer": 0.0
        },
        {
            "throttle": 0.38216950201374933,
            "brake": 0.0,
            "steer": 0.0
        },
        {
            "throttle": 0.4014178898151557,
            "brake": 0.0,
            "steer": 0.0
        },
        {
            "throttle": 0.42050832175963565,
            "brake": 0.0,
            "steer": 0.0
        },
        {
            "throttle": 0.43939425364800855,
            "brake": 0.0,
            "steer": 0.0
        },
        {
            "throttle": 0.4580296591912988,
            "brake": 0.0,
            "steer": 0.0
        },
        {
            "throttle": 0.4763691360551676,
            "brake": 0.0,
            "steer": 0.0
        },
        {
            "throttle": 0.49436801218850973,
            "brake": 0.0,
            "steer": 0.0
        },
        {
            "throttle": 0.5119824516363777,
            "brake": 0.0,
            "steer": 0.0
        },
        {
            "throttle": 0.5291695592009404,
            "brake": 0.0,
            "steer": 0.0
        },
        {
            "throttle": 0.5458874834305945,
            "brake": 0.0,
            "steer": 0.0
        },
        {
            "throttle": 0.5620955175009364,
            "brake": 0.0,
            "steer": 0.0
        },
        {
            "throttle": 0.5777541976121064,
            "brake": 0.0,
            "steer": 0.0
        },
        {
            "throttle": 0.5928253985720232,
            "brake": 0.0,
            "steer": 0.0
        },
        {
            "throttle": 0.6072724262691598,
            "brake": 0.0,
            "steer": 0.0
        },
        {
            "throttle": 0.6210601067651762,
            "brake": 0.0,
            "steer": 0.0
        },
        {
            "throttle": 0.6341548717593166,
            "brake": 0.0,
            "steer": 0.0
        },
        {
            "throttle": 0.6465248401946725,
            "brake": 0.0,
            "steer": 0.0
        },
        {
            "throttle": 0.6581398957923502,
            "brake": 0.0,
            "steer": 0.0
        },
        {
            "throttle": 0.6689717603140846,
            "brake": 0.0,
            "steer": 0.0
        },
        {
            "throttle": 0.6789940623674436,
            "brake": 0.0,
            "steer": 0.0
        },
        {
            "throttle": 0.6881824015808731,
            "brake": 0.0,
            "steer": 0.0
        },
        {
            "throttle": 0.6965144079886689,
            "brake": 0.0,
            "steer": 0.0
        },
        {
            "throttle": 0.703969796478734,
            "brake": 0.0,
            "steer": 0.0
        },
        {
            "throttle": 0.7105304161687611,
            "brake": 0.0,
            "steer": 0.0
        },
        {
            "throttle": 0.7161802945893734,
            "brake": 0.0,
            "steer": 0.0
        },
        {
            "throttle": 0.7209056765657744,
            "brake": 0.0,
            "steer": 0.0
        },
        {
            "throttle": 0.7246950577026292,
            "brake": 0.0,
            "steer": 0.0
        },
        {
            "throttle": 0.727539212390222,
            "brake": 0.0,
            "steer": 0.0
        },
        {
            "throttle": 0.7294312162634076,
            "brake": 0.0,
            "steer": 0.0
        },
        {
            "throttle": 0.7303664630584628,
            "brake": 0.0,
            "steer": 0.0
        },
        {
            "throttle": 0.7303426758266535,
            "brake": 0.0,
            "steer": 0.0
        },
        {
            "throttle": 0.7293599124771112,
            "brake": 0.0,
            "steer": 0.0
        },
        {
            "throttle": 0.7274205656354533,
            "brake": 0.0,
            "steer": 0.0
        },
        {
            "throttle": 0.7245293568184396,
            "brake": 0.0,
            "steer": 0.0
        },
        {
            "throttle": 0.7206933249388109,
            "brake": 0.0,
            "steer": 0.0
        },
        {
            "throttle": 0.7159218091682744,
            "brake": 0.0,
            "steer": 0.0
        },
        {
            "throttle": 0.7102264262003354,
            "brake": 0.0,
            "steer": 0.0
        },
        {
            "throttle": 0.7036210419683221,
            "brake": 0.0,
            "steer": 0.0
        },
        {
            "throttle": 0.69612173788745,
            "brake": 0.0,
            "steer": 0.0
        },
        {
            "throttle": 0.6877467717031038,
            "brake": 0.0,
            "steer": 0.0
        },
        {
            "throttle": 0.6785165330406545,
            "brake": 0.0,
            "steer": 0.0
        },
        {
            "throttle": 0.6684534937650254,
            "brake": 0.0,
            "steer": 0.0
        },
        {
            "throttle": 0.6575821532708587,
            "brake": 0.0,
            "steer": 0.0
        },
        {
            "throttle": 0.6459289788364774,
            "brake": 0.0,
            "steer": 0.0
        },
        {
            "throttle": 0.6335223411868574,
            "brake": 0.0,
            "steer": 0.0
        },
        {
            "throttle": 0.6203924454224834,
            "brake": 0.0,
            "steer": 0.0
        },
        {
            "throttle": 0.6065712574822516,
            "brake": 0.0,
            "steer": 0.0
        },
        {
            "throttle": 0.5920924263194481,
            "brake": 0.0,
            "steer": 0.0
        },
        {
            "throttle": 0.5769912019802772,
            "brake": 0.0,
            "steer": 0.0
        },
        {
            "throttle": 0.5613043497843802,
            "brake": 0.0,
            "steer": 0.0
        },
        {
            "throttle": 0.5450700608162821,
            "brake": 0.0,
            "steer": 0.0
        },
        {
            "throttle": 0.5283278589456839,
            "brake": 0.0,
            "steer": 0.0
        },
        {
            "throttle": 0.5111185046029654,
            "brake": 0.0,
            "steer": 0.0
        },
        {
            "throttle": 0.4934838955441684,
            "brake": 0.0,
            "steer": 0.0
        },
        {
            "throttle": 0.47546696484705586,
            "brake": 0.0,
            "steer": 0.0
        },
        {
            "throttle": 0.45711157638658517,
            "brake": 0.0,
            "steer": 0.0
        },
        {
            "throttle": 0.4384624180442693,
            "brake": 0.0,
            "steer": 0.0
        },
        {
            "throttle": 0.4195648929114194,
            "brake": 0.0,
            "steer": 0.0
        },
        {
            "throttle": 0.400465008751143,
            "brake": 0.0,
            "steer": 0.0
        },
        {
            "throttle": 0.3812092659882127,
            "brake": 0.0,
            "steer": 0.0
        },
        {
            "throttle": 0.36184454449950454,
            "brake": 0.0,
            "steer": 0.0
        },
        {
            "throttle": 0.3424179894806265,
            "brake": 0.0,
            "steer": 0.0
        },
        {
            "throttle": 0.32297689666660334,
            "brake": 0.0,
            "steer": 0.0
        },
        {
            "throttle": 0.3035685971860592,
            "brake": 0.0,
            "steer": 0.0
        },
        {
            "throttle": 0.2842403423292314,
            "brake": 0.0,
            "steer": 0.0
        },
        {
            "throttle": 0.26503918851035846,
            "brake": 0.0,
            "steer": 0.0
        },
        {
            "throttle": 0.24601188270451144,
            "brake": 0.0,
            "steer": 0.0
        },
        {
            "throttle": 0.22720474863778345,
            "brake": 0.0,
            "steer": 0.0
        }
    ],
    "parameters": {
        "fog_density": 72.09551750383015,
        "precipitation": 69.27969917004022,
        "precipitation_deposits": 59.220604586544844,
        "wind_intensity": 0.11342815692019781,
        "sun_altitude_angle": 1.0369122589266446,
        "cloudiness": 54.67086421652473,
        "lead_base_throttle": 0.3364466418084631,
        "lead_behavior_frequency": 0.07853753934610676,
        "lead_throttle_variation": 0.3977412601975771,
        "lead_brake_probability": 0.02739026741864531,
        "lead_brake_intensity": 0.6741715132144177,
        "lead_brake_duration": 5.673831024132992,
        "initial_distance": 52.987835015573125,
        "initial_ego_velocity": 11.26506438467884,
        "initial_lead_velocity": 9.22797474706935
    },
    "config": {
        "num_timesteps": 200,
        "dt": 0.1,
        "seed": 129
    }
}