{
    "weather": {
        "cloudiness": 54.34537372094468,
        "precipitation": 21.645237638769345,
        "precipitation_deposits": 53.009591476173355,
        "wind_intensity": 43.66096180220761,
        "sun_altitude_angle": -14.77729877601909,
        "fog_density": 71.01053072136004,
        "fog_distance": 93.75993084653426,
        "wetness": 10.822618819384672
    },
    "initial_conditions": {
        "ego": {
            "position": {
                "x": 554.0722181285694,
                "y": 20.57,
                "z": 0.294
            },
            "yaw": 0.0,
            "velocity": 10.457812042380016
        },
        "lead": {
            "position": {
                "x": 484.88,
                "y": 20.57,
                "z": 0.294
            },
            "yaw": 0.0,
            "velocity": 6.573991247372517
        }
    },
    "ego": {
        "position": {
            "x": 554.0722181285694,
            "y": 20.57,
            "z": 0.294
        },
        "yaw": 0.0,
        "velocity": 10.457812042380016
    },
    "lead": {
        "position": {
            "x": 484.88,
            "y": 20.57,
            "z": 0.294
        },
        "yaw": 0.0,
        "velocity": 6.573991247372517
    },
    "ado_actions": [
        {
            "throttle": 0.500604564761441,
            "brake": 0.0,
            "steer": 0.0
        },
        {
            "throttle": 0.5064599266814069,
            "brake": 0.0,
            "steer": 0.0
        },
        {
            "throttle": 0.5163826397640687,
            "brake": 0.0,
            "steer": 0.0
        },
        {
            "throttle": 0.5290898627072863,
            "brake": 0.0,
            "steer": 0.0
        },
        {
            "throttle": 0.5436527087427947,
            "brake": 0.0,
            "steer": 0.0
        },
        {
            "throttle": 0.559390560895873,
            "brake": 0.0,
            "steer": 0.0
        },
        {
            "throttle": 0.5757972556814842,
            "brake": 0.0,
            "steer": 0.0
        },
        {
            "throttle": 0.5924895711415252,
            "brake": 0.0,
            "steer": 0.0
        },
        {
            "throttle": 0.6091713235013088,
            "brake": 0.0,
            "steer": 0.0
        },
        {
            "throttle": 0.625608384608536,
            "brake": 0.0,
            "steer": 0.0
        },
        {
            "throttle": 0.6416113378657795,
            "brake": 0.0,
            "steer": 0.0
        },
        {
            "throttle": 0.6570234742833931,
            "brake": 0.0,
            "steer": 0.0
        },
        {
            "throttle": 0.6717125190574982,
            "brake": 0.0,
            "steer": 0.0
        },
        {
            "throttle": 0.6855649612626475,
            "brake": 0.0,
            "steer": 0.0
        },
        {
            "throttle": 0.6984821968224982,
            "brake": 0.0,
            "steer": 0.0
        },
        {
            "throttle": 0.7103779312711697,
            "brake": 0.0,
            "steer": 0.0
        },
        {
            "throttle": 0.7211764543134844,
            "brake": 0.0,
            "steer": 0.0
        },
        {
            "throttle": 0.7308115140930698,
            "brake": 0.0,
            "steer": 0.0
        },
        {
            "throttle": 0.7392256002644328,
            "brake": 0.0,
            "steer": 0.0
        },
        {
            "throttle": 0.7463695018550647,
            "brake": 0.0,
            "steer": 0.0
        },
        {
            "throttle": 0.7522020457875808,
            "brake": 0.0,
            "steer": 0.0
        },
        {
            "throttle": 0.7566899499133776,
            "brake": 0.0,
            "steer": 0.0
        },
        {
            "throttle": 0.7598077440604105,
            "brake": 0.0,
            "steer": 0.0
        },
        {
            "throttle": 0.7615377264186111,
            "brake": 0.0,
            "steer": 0.0
        },
        {
            "throttle": 0.7618699323269158,
            "brake": 0.0,
            "steer": 0.0
        },
        {
            "throttle": 0.7608020994103502,
            "brake": 0.0,
            "steer": 0.0
        },
        {
            "throttle": 0.7583396179008708,
            "brake": 0.0,
            "steer": 0.0
        },
        {
            "throttle": 0.7544954584611081,
            "brake": 0.0,
            "steer": 0.0
        },
        {
            "throttle": 0.7492900723349872,
            "brake": 0.0,
            "steer": 0.0
        },
        {
            "throttle": 0.7427512604665486,
            "brake": 0.0,
            "steer": 0.0
        },
        {
            "throttle": 0.7349140095629622,
            "brake": 0.0,
            "steer": 0.0
        },
        {
            "throttle": 0.72582029407278,
            "brake": 0.0,
            "steer": 0.0
        },
        {
            "throttle": 0.715518843805717,
            "brake": 0.0,
            "steer": 0.0
        },
        {
            "throttle": 0.7040648775052154,
            "brake": 0.0,
            "steer": 0.0
        },
        {
            "throttle": 0.6915198031481486,
            "brake": 0.0,
            "steer": 0.0
        },
        {
            "throttle": 0.6779508861208026,
            "brake": 0.0,
            "steer": 0.0
        },
        {
            "throttle": 0.6634308867299988,
            "brake": 0.0,
            "steer": 0.0
        },
        {
            "throttle": 0.648037668768889,
            "brake": 0.0,
            "steer": 0.0
        },
        {
            "throttle": 0.6318537810795297,
            "brake": 0.0,
            "steer": 0.0
        },
        {
            "throttle": 0.614966014246308,
            "brake": 0.0,
            "steer": 0.0
        },
        {
            "throttle": 0.5974649347206606,
            "brake": 0.0,
            "steer": 0.0
        },
        {
            "throttle": 0.5794443988216664,
            "brake": 0.0,
            "steer": 0.0
        },
        {
            "throttle": 0.5610010491811858,
            "brake": 0.0,
            "steer": 0.0
        },
        {
            "throttle": 0.54223379630769,
            "brake": 0.0,
            "steer": 0.0
        },
        {
            "throttle": 0.5232432880306548,
            "brake": 0.0,
            "steer": 0.0
        },
        {
            "throttle": 0.5041313696579351,
            "brake": 0.0,
            "steer": 0.0
        },
        {
            "throttle": 0.485000537732227,
            "brake": 0.0,
            "steer": 0.0
        },
        {
            "throttle": 0.46595339030976635,
            "brake": 0.0,
            "steer": 0.0
        },
        {
            "throttle": 0.4470920767049712,
            "brake": 0.0,
            "steer": 0.0
        },
        {
            "throttle": 0.42851774964892647,
            "brake": 0.0,
            "steer": 0.0
        },
        {
            "throttle": 0.41033002279759934,
            "brake": 0.0,
            "steer": 0.0
        },
        {
            "throttle": 0.39262643649763423,
            "brake": 0.0,
            "steer": 0.0
        },
        {
            "throttle": 0.37550193467374826,
            "brake": 0.0,
            "steer": 0.0
        },
        {
            "throttle": 0.35904835564242327,
            "brake": 0.0,
            "steer": 0.0
        },
        {
            "throttle": 0.34335393958212695,
            "brake": 0.0,
            "steer": 0.0
        },
        {
            "throttle": 0.3285028553011245,
            "brake": 0.0,
            "steer": 0.0
        },
        {
            "throttle": 0.31457474884055936,
            "brake": 0.0,
            "steer": 0.0
        },
        {
            "throttle": 0.30164431633345545,
            "brake": 0.0,
            "steer": 0.0
        },
        {
            "throttle": 0.2897809034102636,
            "brake": 0.0,
            "steer": 0.0
        },
        {
            "throttle": 0.27904813329924455,
            "brake": 0.0,
            "steer": 0.0
        },
        {
            "throttle": 0.26950356561611627,
            "brake": 0.0,
            "steer": 0.0
        },
        {
            "throttle": 0.2611983876728263,
            "brake": 0.0,
            "steer": 0.0
        },
        {
            "throttle": 0.2541771399609242,
            "brake": 0.0,
            "steer": 0.0
        },
        {
            "throttle": 0.2484774772817389,
            "brake": 0.0,
            "steer": 0.0
        },
        {
            "throttle": 0.2441299668044009,
            "brake": 0.0,
            "steer": 0.0
        },
        {
            "throttle": 0.24115792413470905,
            "brake": 0.0,
            "steer": 0.0
        },
        {
            "throttle": 0.23957728827399366,
            "brake": 0.0,
            "steer": 0.0
        },
        {
            "throttle": 0.23939653613856438,
            "brake": 0.0,
            "steer": 0.0
        },
        {
            "throttle": 0.24061663709816922,
            "brake": 0.0,
            "steer": 0.0
        },
        {
            "throttle": 0.24323104777727172,
            "brake": 0.0,
            "steer": 0.0
        },
        {
            "throttle": 0.24722574714702522,
            "brake": 0.0,
            "steer": 0.0
        },
        {
            "throttle": 0.25257931171974524,
            "brake": 0.0,
            "steer": 0.0
        },
        {
            "throttle": 0.25926303044261323,
            "brake": 0.0,
            "steer": 0.0
        },
        {
            "throttle": 0.267241058674438,
            "brake": 0.0,
            "steer": 0.0
        },
        {
            "throttle": 0.2764706104197009,
            "brake": 0.0,
            "steer": 0.0
        },
        {
            "throttle": 0.286902187788937,
            "brake": 0.0,
            "steer": 0.0
        },
        {
            "throttle": 0.29847984645486103,
            "brake": 0.0,
            "steer": 0.0
        },
        {
            "throttle": 0.31114149568060256,
            "brake": 0.0,
            "steer": 0.0
        },
        {
            "throttle": 0.3248192313110049,
            "brake": 0.0,
            "steer": 0.0
        },
        {
            "throttle": 0.33943969994116263,
            "brake": 0.0,
            "steer": 0.0
        },
        {
            "throttle": 0.35492449230917,
            "brake": 0.0,
            "steer": 0.0
        },
        {
            "throttle": 0.37119056380332216,
            "brake": 0.0,
            "steer": 0.0
        },
        {
            "throttle": 0.3881506798285994,
            "brake": 0.0,
            "steer": 0.0
        },
        {
            "throttle": 0.4057138836439421,
            "brake": 0.0,
            "steer": 0.0
        },
        {
            "throttle": 0.4237859841613162,
            "brake": 0.0,
            "steer": 0.0
        },
        {
            "throttle": 0.4422700610905123,
            "brake": 0.0,
            "steer": 0.0
        },
        {
            "throttle": 0.4610669847205978,
            "brake": 0.0,
            "steer": 0.0
        },
        {
            "throttle": 0.480075947550446,
            "brake": 0.0,
            "steer": 0.0
        },
        {
            "throttle": 0.4991950049172172,
            "brake": 0.0,
            "steer": 0.0
        },
        {
            "throttle": 0.5183216217234149,
            "brake": 0.0,
            "steer": 0.0
        },
        {
            "throttle": 0.5373532223304301,
            "brake": 0.0,
            "steer": 0.0
        },
        {
            "throttle": 0.5561877406695065,
            "brake": 0.0,
            "steer": 0.0
        },
        {
            "throttle": 0.5747241676198934,
            "brake": 0.0,
            "steer": 0.0
        },
        {
            "throttle": 0.5928630927186098,
            "brake": 0.0,
            "steer": 0.0
        },
        {
            "throttle": 0.6105072372966398,
            "brake": 0.0,
            "steer": 0.0
        },
        {
            "throttle": 0.6275619761823632,
            "brake": 0.0,
            "steer": 0.0
        },
        {
            "throttle": 0.6439358451743354,
            "brake": 0.0,
            "steer": 0.0
        },
        {
            "throttle": 0.6595410315618523,
            "brake": 0.0,
            "steer": 0.0
        },
        {
            "throttle": 0.6742938450626472,
            "brake": 0.0,
            "steer": 0.0
        },
        {
            "throttle": 0.6881151666520932,
            "brake": 0.0,
            "steer": 0.0
        },
        {
            "throttle": 0.7009308728768462,
            "brake": 0.0,
            "steer": 0.0
        },
        {
            "throttle": 0.7126722333773478,
            "brake": 0.0,
            "steer": 0.0
        },
        {
            "throttle": 0.723276279487279,
            "brake": 0.0,
            "steer": 0.0
        },
        {
            "throttle": 0.7326861419331773,
            "brake": 0.0,
            "steer": 0.0
        },
        {
            "throttle": 0.7408513558231388,
            "brake": 0.0,
            "steer": 0.0
        },
        {
            "throttle": 0.7477281312889588,
            "brake": 0.0,
            "steer": 0.0
        },
        {
            "throttle": 0.7532795883302629,
            "brake": 0.0,
            "steer": 0.0
        },
        {
            "throttle": 0.7574759546011628,
            "brake": 0.0,
            "steer": 0.0
        },
        {
            "throttle": 0.7602947250787141,
            "brake": 0.0,
            "steer": 0.0
        },
        {
            "throttle": 0.7617207827568745,
            "brake": 0.0,
            "steer": 0.0
        },
        {
            "throttle": 0.7617464797186856,
            "brake": 0.0,
            "steer": 0.0
        },
        {
            "throttle": 0.7603716781518883,
            "brake": 0.0,
            "steer": 0.0
        },
        {
            "throttle": 0.7576037510880076,
            "brake": 0.0,
            "steer": 0.0
        },
        {
            "throttle": 0.7534575428609408,
            "brake": 0.0,
            "steer": 0.0
        },
        {
            "throttle": 0.7479552894971117,
            "brake": 0.0,
            "steer": 0.0
        },
        {
            "throttle": 0.7411264994641339,
            "brake": 0.0,
            "steer": 0.0
        },
        {
            "throttle": 0.7330077954175276,
            "brake": 0.0,
            "steer": 0.0
        },
        {
            "throttle": 0.7236427177941978,
            "brake": 0.0,
            "steer": 0.0
        },
        {
            "throttle": 0.7130814913059987,
            "brake": 0.0,
            "steer": 0.0
        },
        {
            "throttle": 0.7013807555856735,
            "brake": 0.0,
            "steer": 0.0
        },
        {
            "throttle": 0.6886032614297101,
            "brake": 0.0,
            "steer": 0.0
        },
        {
            "throttle": 0.6748175342671561,
            "brake": 0.0,
            "steer": 0.0
        },
        {
            "throttle": 0.6600975066592017,
            "brake": 0.0,
            "steer": 0.0
        },
        {
            "throttle": 0.6445221218004291,
            "brake": 0.0,
            "steer": 0.0
        },
        {
            "throttle": 0.6281749101481408,
            "brake": 0.0,
            "steer": 0.0
        },
        {
            "throttle": 0.6111435414502959,
            "brake": 0.0,
            "steer": 0.0
        },
        {
            "throttle": 0.5935193545745191,
            "brake": 0.0,
            "steer": 0.0
        },
        {
            "throttle": 0.5753968676596986,
            "brake": 0.0,
            "steer": 0.0
        },
        {
            "throttle": 0.5568732712172199,
            "brake": 0.0,
            "steer": 0.0
        },
        {
            "throttle": 0.5380479069003236,
            "brake": 0.0,
            "steer": 0.0
        },
        {
            "throttle": 0.519021734736934,
            "brake": 0.0,
            "steer": 0.0
        },
        {
            "throttle": 0.49989679168317996,
            "brake": 0.0,
            "steer": 0.0
        },
        {
            "throttle": 0.4807756444013719,
            "brake": 0.0,
            "steer": 0.0
        },
        {
            "throttle": 0.4617608391971757,
            "brake": 0.0,
            "steer": 0.0
        },
        {
            "throttle": 0.44295435206596045,
            "brake": 0.0,
            "steer": 0.0
        },
        {
            "throttle": 0.42445704179770577,
            "brake": 0.0,
            "steer": 0.0
        },
        {
            "throttle": 0.40636810907345944,
            "brake": 0.0,
            "steer": 0.0
        },
        {
            "throttle": 0.3887845644541977,
            "brake": 0.0,
            "steer": 0.0
        },
        {
            "throttle": 0.37180070811525245,
            "brake": 0.0,
            "steer": 0.0
        },
        {
            "throttle": 0.35550762411647946,
            "brake": 0.0,
            "steer": 0.0
        },
        {
            "throttle": 0.3399926919203847,
            "brake": 0.0,
            "steer": 0.0
        },
        {
            "throttle": 0.3253391177779282,
            "brake": 0.0,
            "steer": 0.0
        },
        {
            "throttle": 0.3116254884951717,
            "brake": 0.0,
            "steer": 0.0
        },
        {
            "throttle": 0.2989253499739117,
            "brake": 0.0,
            "steer": 0.0
        },
        {
            "throttle": 0.28730681278657405,
            "brake": 0.0,
            "steer": 0.0
        },
        {
            "throttle": 0.27683218690066486,
            "brake": 0.0,
            "steer": 0.0
        },
        {
            "throttle": 0.2675576475117415,
            "brake": 0.0,
            "steer": 0.0
        },
        {
            "throttle": 0.2595329337770351,
            "brake": 0.0,
            "steer": 0.0
        },
        {
            "throttle": 0.25280108206540974,
            "brake": 0.0,
            "steer": 0.0
        },
        {
            "throttle": 0.24739819515423256,
            "brake": 0.0,
            "steer": 0.0
        },
        {
            "throttle": 0.2433532486109477,
            "brake": 0.0,
            "steer": 0.0
        },
        {
            "throttle": 0.24068793539772515,
            "brake": 0.0,
            "steer": 0.0
        },
        {
            "throttle": 0.23941654953256664,
            "brake": 0.0,
            "steer": 0.0
        },
        {
            "throttle": 0.23954590943079143,
            "brake": 0.0,
            "steer": 0.0
        },
        {
            "throttle": 0.24107532133802023,
            "brake": 0.0,
            "steer": 0.0
        },
        {
            "throttle": 0.2439965830507651,
            "brake": 0.0,
            "steer": 0.0
        },
        {
            "throttle": 0.2482940279046721,
            "brake": 0.0,
            "steer": 0.0
        },
        {
            "throttle": 0.25394460879450853,
            "brake": 0.0,
            "steer": 0.0
        },
        {
            "throttle": 0.26091802177529766,
            "brake": 0.0,
            "steer": 0.0
        },
        {
            "throttle": 0.2691768685817301,
            "brake": 0.0,
            "steer": 0.0
        },
        {
            "throttle": 0.27867685719426427,
            "brake": 0.0,
            "steer": 0.0
        },
        {
            "throttle": 0.28936703937628394,
            "brake": 0.0,
            "steer": 0.0
        },
        {
            "throttle": 0.30119008390840635,
            "brake": 0.0,
            "steer": 0.0
        },
        {
            "throttle": 0.3140825840545906,
            "brake": 0.0,
            "steer": 0.0
        },
        {
            "throttle": 0.3279753976111129,
            "brake": 0.0,
            "steer": 0.0
        },
        {
            "throttle": 0.3427940177147324,
            "brake": 0.0,
            "steer": 0.0
        },
        {
            "throttle": 0.3584589724214123,
            "brake": 0.0,
            "steer": 0.0
        },
        {
            "throttle": 0.3748862509126634,
            "brake": 0.0,
            "steer": 0.0
        },
        {
            "throttle": 0.3919877540437744,
            "brake": 0.0,
            "steer": 0.0
        },
        {
            "throttle": 0.4096717668176485,
            "brake": 0.0,
            "steer": 0.0
        },
        {
            "throttle": 0.4278434502503801,
            "brake": 0.0,
            "steer": 0.0
        },
        {
            "throttle": 0.4464053499907058,
            "brake": 0.0,
            "steer": 0.0
        },
        {
            "throttle": 0.4652579189656143,
            "brake": 0.0,
            "steer": 0.0
        },
        {
            "throttle": 0.48430005124917974,
            "brake": 0.0,
            "steer": 0.0
        },
        {
            "throttle": 0.5034296242914887,
            "brake": 0.0,
            "steer": 0.0
        },
        {
            "throttle": 0.5225440465997009,
            "brake": 0.0,
            "steer": 0.0
        },
        {
            "throttle": 0.5415408079340401,
            "brake": 0.0,
            "steer": 0.0
        },
        {
            "throttle": 0.5603180290680275,
            "brake": 0.0,
            "steer": 0.0
        },
        {
            "throttle": 0.5787750081646031,
            "brake": 0.0,
            "steer": 0.0
        },
        {
            "throttle": 0.5968127608379342,
            "brake": 0.0,
            "steer": 0.0
        },
        {
            "throttle": 0.6143345510045675,
            "brake": 0.0,
            "steer": 0.0
        },
        {
            "throttle": 0.6312464096769853,
            "brake": 0.0,
            "steer": 0.0
        },
        {
            "throttle": 0.6474576389172845,
            "brake": 0.0,
            "steer": 0.0
        },
        {
            "throttle": 0.6628812982482852,
            "brake": 0.0,
            "steer": 0.0
        },
        {
            "throttle": 0.6774346709134594,
            "brake": 0.0,
            "steer": 0.0
        },
        {
            "throttle": 0.4742042696394216,
            "brake": 0.08931675995610443,
            "steer": 0.0
        },
        {
            "throttle": 0.3319429887475951,
            "brake": 0.15183849192537752,
            "steer": 0.0
        },
        {
            "throttle": 0.23236009212331654,
            "brake": 0.1956037043038687,
            "steer": 0.0
        },
        {
            "throttle": 0.16265206448632158,
            "brake": 0.22623935296881248,
            "steer": 0.0
        },
        {
            "throttle": 0.1138564451404251,
            "brake": 0.24768430703427313,
            "steer": 0.0
        },
        {
            "throttle": 0.07969951159829756,
            "brake": 0.2626957748800956,
            "steer": 0.0
        },
        {
            "throttle": 0.05578965811880829,
            "brake": 0.27320380237217134,
            "steer": 0.0
        },
        {
            "throttle": 0.0390527606831658,
            "brake": 0.28055942161662434,
            "steer": 0.0
        },
        {
            "throttle": 0.02733693247821606,
            "brake": 0.28570835508774145,
            "steer": 0.0
        },
        {
            "throttle": 0.01913585273475124,
            "brake": 0.28931260851752344,
            "steer": 0.0
        },
        {
            "throttle": 0.013395096914325867,
            "brake": 0.29183558591837083,
            "steer": 0.0
        },
        {
            "throttle": 0.009376567840028107,
            "brake": 0.293601670098964,
            "steer": 0.0
        },
        {
            "throttle": 0.006563597488019674,
            "brake": 0.2948379290253792,
            "steer": 0.0
        },
        {
            "throttle": 0.22948378312599027,
            "brake": 0.20638655031776543,
            "steer": 0.0
        },
        {
            "throttle": 0.3832315969428073,
            "brake": 0.14447058522243578,
            "steer": 0.0
        }
    ],
    "parameters": {
        "fog_density": 71.01053072136004,
        "precipitation": 21.645237638769345,
        "precipitation_deposits": 53.009591476173355,
        "wind_intensity": 43.66096180220761,
        "sun_altitude_angle": -14.77729877601909,
        "cloudiness": 54.34537372094468,
        "lead_base_throttle": 0.500604564761441,
        "lead_behavior_frequency": 0.1165789828869395,
        "lead_throttle_variation": 0.26669863162070784,
        "lead_brake_probability": 0.06315141997558565,
        "lead_brake_intensity": 0.29772253318701475,
        "lead_brake_duration": 13.663553401957348,
        "initial_distance": 69.19221812856942,
        "initial_ego_velocity": 10.457812042380016,
        "initial_lead_velocity": 6.573991247372517
    },
    "config": {
        "num_timesteps": 200,
        "dt": 0.1,
        "seed": 101
    }
}