{
    "weather": {
        "cloudiness": 7.2043304894633176,
        "precipitation": 13.208535582249992,
        "precipitation_deposits": 93.37519936178855,
        "wind_intensity": 25.656462951935925,
        "sun_altitude_angle": 44.145789753380896,
        "fog_density": 43.08388392989042,
        "fog_distance": 237.84657302817368,
        "wetness": 6.604267791124996
    },
    "initial_conditions": {
        "ego": {
            "position": {
                "x": 527.6038612631627,
                "y": 20.57,
                "z": 0.294
            },
            "yaw": 0.0,
            "velocity": 16.0981569177669
        },
        "lead": {
            "position": {
                "x": 484.88,
                "y": 20.57,
                "z": 0.294
            },
            "yaw": 0.0,
            "velocity": 24.36480442130249
        }
    },
    "ego": {
        "position": {
            "x": 527.6038612631627,
            "y": 20.57,
            "z": 0.294
        },
        "yaw": 0.0,
        "velocity": 16.0981569177669
    },
    "lead": {
        "position": {
            "x": 484.88,
            "y": 20.57,
            "z": 0.294
        },
        "yaw": 0.0,
        "velocity": 24.36480442130249
    },
    "ado_actions": [
        {
            "throttle": 0.21296818505084525,
            "brake": 0.0,
            "steer": 0.0
        },
        {
            "throttle": 0.2148567944198072,
            "brake": 0.0,
            "steer": 0.0
        },
        {
            "throttle": 0.21806225649276922,
            "brake": 0.0,
            "steer": 0.0
        },
        {
            "throttle": 0.22217918192378294,
            "brake": 0.0,
            "steer": 0.0
        },
        {
            "throttle": 0.22691866679897651,
            "brake": 0.0,
            "steer": 0.0
        },
        {
            "throttle": 0.23207338937311595,
            "brake": 0.0,
            "steer": 0.0
        },
        {
            "throttle": 0.23749319172655248,
            "brake": 0.0,
            "steer": 0.0
        },
        {
            "throttle": 0.2430680007121857,
            "brake": 0.0,
            "steer": 0.0
        },
        {
            "throttle": 0.248715886213413,
            "brake": 0.0,
            "steer": 0.0
        },
        {
            "throttle": 0.2543747152905011,
            "brake": 0.0,
            "steer": 0.0
        },
        {
            "throttle": 0.25999632318296884,
            "brake": 0.0,
            "steer": 0.0
        },
        {
            "throttle": 0.2655424458094069,
            "brake": 0.0,
            "steer": 0.0
        },
        {
            "throttle": 0.2709818849786707,
            "brake": 0.0,
            "steer": 0.0
        },
        {
            "throttle": 0.2762885361280658,
            "brake": 0.0,
            "steer": 0.0
        },
        {
            "throttle": 0.2814400194263355,
            "brake": 0.0,
            "steer": 0.0
        },
        {
            "throttle": 0.28641673279590474,
            "brake": 0.0,
            "steer": 0.0
        },
        {
            "throttle": 0.2912011998116776,
            "brake": 0.0,
            "steer": 0.0
        },
        {
            "throttle": 0.2957776235169558,
            "brake": 0.0,
            "steer": 0.0
        },
        {
            "throttle": 0.3001315838566946,
            "brake": 0.0,
            "steer": 0.0
        },
        {
            "throttle": 0.3042498350915045,
            "brake": 0.0,
            "steer": 0.0
        },
        {
            "throttle": 0.30812017262155217,
            "brake": 0.0,
            "steer": 0.0
        },
        {
            "throttle": 0.31173134779711353,
            "brake": 0.0,
            "steer": 0.0
        },
        {
            "throttle": 0.315073015697499,
            "brake": 0.0,
            "steer": 0.0
        },
        {
            "throttle": 0.31813570534525015,
            "brake": 0.0,
            "steer": 0.0
        },
        {
            "throttle": 0.3209108049638929,
            "brake": 0.0,
            "steer": 0.0
        },
        {
            "throttle": 0.32339055708831616,
            "brake": 0.0,
            "steer": 0.0
        },
        {
            "throttle": 0.32556805987924753,
            "brake": 0.0,
            "steer": 0.0
        },
        {
            "throttle": 0.327437272074879,
            "brake": 0.0,
            "steer": 0.0
        },
        {
            "throttle": 0.3289930197717352,
            "brake": 0.0,
            "steer": 0.0
        },
        {
            "throttle": 0.3302310037601684,
            "brake": 0.0,
            "steer": 0.0
        },
        {
            "throttle": 0.33114780651515724,
            "brake": 0.0,
            "steer": 0.0
        },
        {
            "throttle": 0.3317408982077982,
            "brake": 0.0,
            "steer": 0.0
        },
        {
            "throttle": 0.3320086412901993,
            "brake": 0.0,
            "steer": 0.0
        },
        {
            "throttle": 0.33195029333964166,
            "brake": 0.0,
            "steer": 0.0
        },
        {
            "throttle": 0.3315660079431137,
            "brake": 0.0,
            "steer": 0.0
        },
        {
            "throttle": 0.3308568334720234,
            "brake": 0.0,
            "steer": 0.0
        },
        {
            "throttle": 0.3298247096470051,
            "brake": 0.0,
            "steer": 0.0
        },
        {
            "throttle": 0.32847246182982365,
            "brake": 0.0,
            "steer": 0.0
        },
        {
            "throttle": 0.3268037930073265,
            "brake": 0.0,
            "steer": 0.0
        },
        {
            "throttle": 0.324823273453925,
            "brake": 0.0,
            "steer": 0.0
        },
        {
            "throttle": 0.32253632807608784,
            "brake": 0.0,
            "steer": 0.0
        },
        {
            "throttle": 0.31994922145613147,
            "brake": 0.0,
            "steer": 0.0
        },
        {
            "throttle": 0.3170690406241103,
            "brake": 0.0,
            "steer": 0.0
        },
        {
            "throttle": 0.31390367559648436,
            "brake": 0.0,
            "steer": 0.0
        },
        {
            "throttle": 0.3104617977289165,
            "brake": 0.0,
            "steer": 0.0
        },
        {
            "throttle": 0.3067528359383263,
            "brake": 0.0,
            "steer": 0.0
        },
        {
            "throttle": 0.30278695085641927,
            "brake": 0.0,
            "steer": 0.0
        },
        {
            "throttle": 0.2985750069834529,
            "brake": 0.0,
            "steer": 0.0
        },
        {
            "throttle": 0.2941285429170917,
            "brake": 0.0,
            "steer": 0.0
        },
        {
            "throttle": 0.28945973973690775,
            "brake": 0.0,
            "steer": 0.0
        },
        {
            "throttle": 0.28458138763043667,
            "brake": 0.0,
            "steer": 0.0
        },
        {
            "throttle": 0.27950685085172444,
            "brake": 0.0,
            "steer": 0.0
        },
        {
            "throttle": 0.274250031108019,
            "brake": 0.0,
            "steer": 0.0
        },
        {
            "throttle": 0.2688253294746673,
            "brake": 0.0,
            "steer": 0.0
        },
        {
            "throttle": 0.2632476069423849,
            "brake": 0.0,
            "steer": 0.0
        },
        {
            "throttle": 0.25753214370485933,
            "brake": 0.0,
            "steer": 0.0
        },
        {
            "throttle": 0.25169459729813837,
            "brake": 0.0,
            "steer": 0.0
        },
        {
            "throttle": 0.24575095970642147,
            "brake": 0.0,
            "steer": 0.0
        },
        {
            "throttle": 0.23971751355172358,
            "brake": 0.0,
            "steer": 0.0
        },
        {
            "throttle": 0.2336107874874011,
            "brake": 0.0,
            "steer": 0.0
        },
        {
            "throttle": 0.22744751091772022,
            "brake": 0.0,
            "steer": 0.0
        },
        {
            "throttle": 0.2212445681674995,
            "brake": 0.0,
            "steer": 0.0
        },
        {
            "throttle": 0.21501895222736941,
            "brake": 0.0,
            "steer": 0.0
        },
        {
            "throttle": 0.2087877182013576,
            "brake": 0.0,
            "steer": 0.0
        },
        {
            "throttle": 0.20256793658432487,
            "brake": 0.0,
            "steer": 0.0
        },
        {
            "throttle": 0.19637664649724595,
            "brake": 0.0,
            "steer": 0.0
        },
        {
            "throttle": 0.19023080900844444,
            "brake": 0.0,
            "steer": 0.0
        },
        {
            "throttle": 0.18414726066865741,
            "brake": 0.0,
            "steer": 0.0
        },
        {
            "throttle": 0.17814266738721887,
            "brake": 0.0,
            "steer": 0.0
        },
        {
            "throttle": 0.17223347877571837,
            "brake": 0.0,
            "steer": 0.0
        },
        {
            "throttle": 0.16643588308420926,
            "brake": 0.0,
            "steer": 0.0
        },
        {
            "throttle": 0.16076576285341931,
            "brake": 0.0,
            "steer": 0.0
        },
        {
            "throttle": 0.15523865140445392,
            "brake": 0.0,
            "steer": 0.0
        },
        {
            "throttle": 0.14986969028518865,
            "brake": 0.0,
            "steer": 0.0
        },
        {
            "throttle": 0.14467358778992667,
            "brake": 0.0,
            "steer": 0.0
        },
        {
            "throttle": 0.13966457866595672,
            "brake": 0.0,
            "steer": 0.0
        },
        {
            "throttle": 0.13485638511739534,
            "brake": 0.0,
            "steer": 0.0
        },
        {
            "throttle": 0.13026217921314368,
            "brake": 0.0,
            "steer": 0.0
        },
        {
            "throttle": 0.12589454680194256,
            "brake": 0.0,
            "steer": 0.0
        },
        {
            "throttle": 0.12176545303338035,
            "brake": 0.0,
            "steer": 0.0
        },
        {
            "throttle": 0.11788620957930905,
            "brake": 0.0,
            "steer": 0.0
        },
        {
            "throttle": 0.11426744364546597,
            "brake": 0.0,
            "steer": 0.0
        },
        {
            "throttle": 0.07998721055182617,
            "brake": 0.22918591771466568,
            "steer": 0.0
        },
        {
            "throttle": 0.05599104738627832,
            "brake": 0.38961606011493166,
            "steer": 0.0
        },
        {
            "throttle": 0.03919373317039482,
            "brake": 0.5019171597951178,
            "steer": 0.0
        },
        {
            "throttle": 0.02743561321927637,
            "brake": 0.5805279295712481,
            "steer": 0.0
        },
        {
            "throttle": 0.019204929253493458,
            "brake": 0.6355554684145392,
            "steer": 0.0
        },
        {
            "throttle": 0.01344345047744542,
            "brake": 0.674074745604843,
            "steer": 0.0
        },
        {
            "throttle": 0.009410415334211792,
            "brake": 0.7010382396380558,
            "steer": 0.0
        },
        {
            "throttle": 0.006587290733948254,
            "brake": 0.7199126854613047,
            "steer": 0.0
        },
        {
            "throttle": 0.004611103513763777,
            "brake": 0.733124797537579,
            "steer": 0.0
        },
        {
            "throttle": 0.003227772459634644,
            "brake": 0.7423732759909709,
            "steer": 0.0
        },
        {
            "throttle": 0.03024727996743357,
            "brake": 0.5196612931936796,
            "steer": 0.0
        },
        {
            "throttle": 0.04940517211525196,
            "brake": 0.3637629052355757,
            "steer": 0.0
        },
        {
            "throttle": 0.06315761980955895,
            "brake": 0.25463403366490295,
            "steer": 0.0
        },
        {
            "throttle": 0.07322300598468909,
            "brake": 0.17824382356543206,
            "steer": 0.0
        },
        {
            "throttle": 0.08080299694850192,
            "brake": 0.12477067649580244,
            "steer": 0.0
        },
        {
            "throttle": 0.08673729561653303,
            "brake": 0.0873394735470617,
            "steer": 0.0
        },
        {
            "throttle": 0.0916119727851648,
            "brake": 0.06113763148294319,
            "steer": 0.0
        },
        {
            "throttle": 0.0958353037382034,
            "brake": 0.04279634203806023,
            "steer": 0.0
        },
        {
            "throttle": 0.09969085928001462,
            "brake": 0.029957439426642158,
            "steer": 0.0
        },
        {
            "throttle": 0.10337467554560895,
            "brake": 0.02097020759864951,
            "steer": 0.0
        },
        {
            "throttle": 0.10702127961627378,
            "brake": 0.014679145319054655,
            "steer": 0.0
        },
        {
            "throttle": 0.11072191484228384,
            "brake": 0.010275401723338257,
            "steer": 0.0
        },
        {
            "throttle": 0.11453730658351172,
            "brake": 0.00719278120633678,
            "steer": 0.0
        },
        {
            "throttle": 0.11850660684355718,
            "brake": 0.0050349468444357455,
            "steer": 0.0
        },
        {
            "throttle": 0.1226536647067262,
            "brake": 0.0035244627911050217,
            "steer": 0.0
        },
        {
            "throttle": 0.12699142538920613,
            "brake": 0.002467123953773515,
            "steer": 0.0
        },
        {
            "throttle": 0.13152501984568293,
            "brake": 0.0017269867676414604,
            "steer": 0.0
        },
        {
            "throttle": 0.13625393826213514,
            "brake": 0.0012088907373490221,
            "steer": 0.0
        },
        {
            "throttle": 0.14117356273681977,
            "brake": 0.0008462235161443154,
            "steer": 0.0
        },
        {
            "throttle": 0.14627625183007953,
            "brake": 0.0005923564613010208,
            "steer": 0.0
        },
        {
            "throttle": 0.15155211182743325,
            "brake": 0.0004146495229107145,
            "steer": 0.0
        },
        {
            "throttle": 0.15698954907398488,
            "brake": 0.00029025466603750015,
            "steer": 0.0
        },
        {
            "throttle": 0.16257566939666754,
            "brake": 0.0002031782662262501,
            "steer": 0.0
        },
        {
            "throttle": 0.16829657079085192,
            "brake": 0.00014222478635837505,
            "steer": 0.0
        },
        {
            "throttle": 0.1741375616590257,
            "brake": 9.955735045086253e-05,
            "steer": 0.0
        },
        {
            "throttle": 0.18008332716634484,
            "brake": 6.969014531560377e-05,
            "steer": 0.0
        },
        {
            "throttle": 0.1861180594711914,
            "brake": 4.8783101720922637e-05,
            "steer": 0.0
        },
        {
            "throttle": 0.19222556282367673,
            "brake": 3.4148171204645844e-05,
            "steer": 0.0
        },
        {
            "throttle": 0.19838934118896762,
            "brake": 2.390371984325209e-05,
            "steer": 0.0
        },
        {
            "throttle": 0.2045926737167464,
            "brake": 1.673260389027646e-05,
            "steer": 0.0
        },
        {
            "throttle": 0.2108186817430056,
            "brake": 1.1712822723193521e-05,
            "steer": 0.0
        },
        {
            "throttle": 0.2170503898656903,
            "brake": 8.198975906235464e-06,
            "steer": 0.0
        },
        {
            "throttle": 0.22327078283441573,
            "brake": 5.739283134364824e-06,
            "steer": 0.0
        },
        {
            "throttle": 0.22946285943369255,
            "brake": 4.0174981940553766e-06,
            "steer": 0.0
        },
        {
            "throttle": 0.2356096841467437,
            "brake": 2.8122487358387636e-06,
            "steer": 0.0
        },
        {
            "throttle": 0.2416944371126668,
            "brake": 1.9685741150871346e-06,
            "steer": 0.0
        },
        {
            "throttle": 0.2477004626980871,
            "brake": 1.3780018805609942e-06,
            "steer": 0.0
        },
        {
            "throttle": 0.2536113168708383,
            "brake": 9.646013163926959e-07,
            "steer": 0.0
        },
        {
            "throttle": 0.2594108134703128,
            "brake": 6.752209214748871e-07,
            "steer": 0.0
        },
        {
            "throttle": 0.26508306940481763,
            "brake": 4.7265464503242093e-07,
            "steer": 0.0
        },
        {
            "throttle": 0.2706125487620838,
            "brake": 3.3085825152269466e-07,
            "steer": 0.0
        },
        {
            "throttle": 0.27598410578906446,
            "brake": 2.3160077606588624e-07,
            "steer": 0.0
        },
        {
            "throttle": 0.28118302667716233,
            "brake": 1.6212054324612036e-07,
            "steer": 0.0
        },
        {
            "throttle": 0.2861950700761334,
            "brake": 1.1348438027228425e-07,
            "steer": 0.0
        },
        {
            "throttle": 0.29100650625208196,
            "brake": 7.943906619059897e-08,
            "steer": 0.0
        },
        {
            "throttle": 0.29560415480075597,
            "brake": 5.5607346333419274e-08,
            "steer": 0.0
        },
        {
            "throttle": 0.29997542082576345,
            "brake": 3.892514243339349e-08,
            "steer": 0.0
        },
        {
            "throttle": 0.30410832949165656,
            "brake": 2.7247599703375443e-08,
            "steer": 0.0
        },
        {
            "throttle": 0.3079915588635639,
            "brake": 1.9073319792362808e-08,
            "steer": 0.0
        },
        {
            "throttle": 0.3116144709478443,
            "brake": 1.3351323854653964e-08,
            "steer": 0.0
        },
        {
            "throttle": 0.31496714085183264,
            "brake": 9.345926698257775e-09,
            "steer": 0.0
        },
        {
            "throttle": 0.3180403839849684,
            "brake": 6.5421486887804425e-09,
            "steer": 0.0
        },
        {
            "throttle": 0.32082578122831173,
            "brake": 4.579504082146309e-09,
            "steer": 0.0
        },
        {
            "throttle": 0.3233157020045601,
            "brake": 3.205652857502416e-09,
            "steer": 0.0
        },
        {
            "throttle": 0.3255033251861116,
            "brake": 2.2439570002516913e-09,
            "steer": 0.0
        },
        {
            "throttle": 0.32738265778441833,
            "brake": 1.5707699001761838e-09,
            "steer": 0.0
        },
        {
            "throttle": 0.32894855136979667,
            "brake": 1.0995389301233286e-09,
            "steer": 0.0
        },
        {
            "throttle": 0.3301967161769673,
            "brake": 7.6967725108633e-10,
            "steer": 0.0
        },
        {
            "throttle": 0.33112373285786234,
            "brake": 5.38774075760431e-10,
            "steer": 0.0
        },
        {
            "throttle": 0.3317270618496282,
            "brake": 3.7714185303230167e-10,
            "steer": 0.0
        },
        {
            "throttle": 0.33200505033224736,
            "brake": 2.6399929712261114e-10,
            "steer": 0.0
        },
        {
            "throttle": 0.3319569367567814,
            "brake": 1.8479950798582778e-10,
            "steer": 0.0
        },
        {
            "throttle": 0.33158285293187156,
            "brake": 1.2935965559007944e-10,
            "steer": 0.0
        },
        {
            "throttle": 0.3308838236628126,
            "brake": 9.05517589130556e-11,
            "steer": 0.0
        },
        {
            "throttle": 0.32986176394420835,
            "brake": 6.338623123913891e-11,
            "steer": 0.0
        },
        {
            "throttle": 0.3285194737139152,
            "brake": 4.4370361867397235e-11,
            "steer": 0.0
        },
        {
            "throttle": 0.3268606301826556,
            "brake": 3.105925330717806e-11,
            "steer": 0.0
        },
        {
            "throttle": 0.324889777760321,
            "brake": 2.174147731502464e-11,
            "steer": 0.0
        },
        {
            "throttle": 0.32261231560656717,
            "brake": 1.5219034120517247e-11,
            "steer": 0.0
        },
        {
            "throttle": 0.3200344828398102,
            "brake": 1.0653323884362072e-11,
            "steer": 0.0
        },
        {
            "throttle": 0.3171633414451456,
            "brake": 7.45732671905345e-12,
            "steer": 0.0
        },
        {
            "throttle": 0.3140067569280162,
            "brake": 5.2201287033374144e-12,
            "steer": 0.0
        },
        {
            "throttle": 0.3105733767666298,
            "brake": 3.65409009233619e-12,
            "steer": 0.0
        },
        {
            "throttle": 0.30687260672215616,
            "brake": 2.5578630646353327e-12,
            "steer": 0.0
        },
        {
            "throttle": 0.3029145850716031,
            "brake": 1.7905041452447328e-12,
            "steer": 0.0
        },
        {
            "throttle": 0.29871015483396146,
            "brake": 1.253352901671313e-12,
            "steer": 0.0
        },
        {
            "throttle": 0.29427083406570476,
            "brake": 8.77347031169919e-13,
            "steer": 0.0
        },
        {
            "throttle": 0.2896087843070202,
            "brake": 6.141429218189433e-13,
            "steer": 0.0
        },
        {
            "throttle": 0.28473677726521307,
            "brake": 4.2990004527326026e-13,
            "steer": 0.0
        },
        {
            "throttle": 0.2796681598265546,
            "brake": 3.0093003169128216e-13,
            "steer": 0.0
        },
        {
            "throttle": 0.2744168174924244,
            "brake": 2.1065102218389748e-13,
            "steer": 0.0
        },
        {
            "throttle": 0.26899713633991473,
            "brake": 1.4745571552872823e-13,
            "steer": 0.0
        },
        {
            "throttle": 0.26342396361110393,
            "brake": 1.0321900087010976e-13,
            "steer": 0.0
        },
        {
            "throttle": 0.2577125670389674,
            "brake": 7.225330060907682e-14,
            "steer": 0.0
        },
        {
            "throttle": 0.25187859302135096,
            "brake": 5.0577310426353775e-14,
            "steer": 0.0
        },
        {
            "throttle": 0.24593802375759022,
            "brake": 3.540411729844764e-14,
            "steer": 0.0
        },
        {
            "throttle": 0.23990713346520026,
            "brake": 2.4782882108913347e-14,
            "steer": 0.0
        },
        {
            "throttle": 0.23380244379658,
            "brake": 1.7348017476239343e-14,
            "steer": 0.0
        },
        {
            "throttle": 0.22764067857786752,
            "brake": 1.2143612233367539e-14,
            "steer": 0.0
        },
        {
            "throttle": 0.22143871799393952,
            "brake": 8.500528563357276e-15,
            "steer": 0.0
        },
        {
            "throttle": 0.21521355234506528,
            "brake": 5.9503699943500935e-15,
            "steer": 0.0
        },
        {
            "throttle": 0.20898223550189887,
            "brake": 4.165258996045065e-15,
            "steer": 0.0
        },
        {
            "throttle": 0.2027618381863202,
            "brake": 2.9156812972315454e-15,
            "steer": 0.0
        },
        {
            "throttle": 0.19656940120611166,
            "brake": 2.0409769080620816e-15,
            "steer": 0.0
        },
        {
            "throttle": 0.19042188877158528,
            "brake": 1.428683835643457e-15,
            "steer": 0.0
        },
        {
            "throttle": 0.18433614202204823,
            "brake": 1.0000786849504198e-15,
            "steer": 0.0
        },
        {
            "throttle": 0.17832883288942225,
            "brake": 7.000550794652938e-16,
            "steer": 0.0
        },
        {
            "throttle": 0.1724164184254077,
            "brake": 4.900385556257056e-16,
            "steer": 0.0
        },
        {
            "throttle": 0.16661509571731276,
            "brake": 3.4302698893799386e-16,
            "steer": 0.0
        },
        {
            "throttle": 0.16094075751605627,
            "brake": 2.401188922565957e-16,
            "steer": 0.0
        },
        {
            "throttle": 0.15540894869790176,
            "brake": 1.6808322457961696e-16,
            "steer": 0.0
        },
        {
            "throttle": 0.15003482367919552,
            "brake": 1.1765825720573187e-16,
            "steer": 0.0
        },
        {
            "throttle": 0.14483310490077164,
            "brake": 8.23607800440123e-17,
            "steer": 0.0
        },
        {
            "throttle": 0.1398180424957558,
            "brake": 5.765254603080861e-17,
            "steer": 0.0
        },
        {
            "throttle": 0.13500337525125847,
            "brake": 4.0356782221566025e-17,
            "steer": 0.0
        },
        {
            "throttle": 0.13040229297090275,
            "brake": 2.8249747555096214e-17,
            "steer": 0.0
        },
        {
            "throttle": 0.12602740034129517,
            "brake": 1.977482328856735e-17,
            "steer": 0.0
        },
        {
            "throttle": 0.12189068240142731,
            "brake": 1.3842376301997143e-17,
            "steer": 0.0
        }
    ],
    "parameters": {
        "fog_density": 43.08388392989042,
        "precipitation": 13.208535582249992,
        "precipitation_deposits": 93.37519936178855,
        "wind_intensity": 25.656462951935925,
        "sun_altitude_angle": 44.145789753380896,
        "cloudiness": 7.2043304894633176,
        "lead_base_throttle": 0.21296818505084528,
        "lead_behavior_frequency": 0.08331165143420573,
        "lead_throttle_variation": 0.12031883794110265,
        "lead_brake_probability": 0.039247539576214595,
        "lead_brake_intensity": 0.7639530590488857,
        "lead_brake_duration": 10.646491724355396,
        "initial_distance": 42.72386126316273,
        "initial_ego_velocity": 16.0981569177669,
        "initial_lead_velocity": 24.36480442130249
    },
    "config": {
        "num_timesteps": 200,
        "dt": 0.1,
        "seed": 164
    }
}