{
    "weather": {
        "cloudiness": 63.59268100986773,
        "precipitation": 91.76250416659677,
        "precipitation_deposits": 63.789371043971755,
        "wind_intensity": 0.5044028425165603,
        "sun_altitude_angle": 48.195985306868366,
        "fog_density": 76.60375484572359,
        "fog_distance": 77.8120873976404,
        "wetness": 45.881252083298385
    },
    "initial_conditions": {
        "ego": {
            "position": {
                "x": 541.3541203415629,
                "y": 20.57,
                "z": 0.294
            },
            "yaw": 0.0,
            "velocity": 10.312256166281893
        },
        "lead": {
            "position": {
                "x": 484.88,
                "y": 20.57,
                "z": 0.294
            },
            "yaw": 0.0,
            "velocity": 22.695188789491077
        }
    },
    "ego": {
        "position": {
            "x": 541.3541203415629,
            "y": 20.57,
            "z": 0.294
        },
        "yaw": 0.0,
        "velocity": 10.312256166281893
    },
    "lead": {
        "position": {
            "x": 484.88,
            "y": 20.57,
            "z": 0.294
        },
        "yaw": 0.0,
        "velocity": 22.695188789491077
    },
    "ado_actions": [
        {
            "throttle": 0.2001523800200386,
            "brake": 0.0,
            "steer": 0.0
        },
        {
            "throttle": 0.21255416754537623,
            "brake": 0.0,
            "steer": 0.0
        },
        {
            "throttle": 0.2334791438247072,
            "brake": 0.0,
            "steer": 0.0
        },
        {
            "throttle": 0.2600562417331562,
            "brake": 0.0,
            "steer": 0.0
        },
        {
            "throttle": 0.29012366968054326,
            "brake": 0.0,
            "steer": 0.0
        },
        {
            "throttle": 0.3220220701628344,
            "brake": 0.0,
            "steer": 0.0
        },
        {
            "throttle": 0.3544515928562766,
            "brake": 0.0,
            "steer": 0.0
        },
        {
            "throttle": 0.38637360843700685,
            "brake": 0.0,
            "steer": 0.0
        },
        {
            "throttle": 0.4169435489888245,
            "brake": 0.0,
            "steer": 0.0
        },
        {
            "throttle": 0.44546539419162146,
            "brake": 0.0,
            "steer": 0.0
        },
        {
            "throttle": 0.47136114763423587,
            "brake": 0.0,
            "steer": 0.0
        },
        {
            "throttle": 0.49415062726510095,
            "brake": 0.0,
            "steer": 0.0
        },
        {
            "throttle": 0.5134382820435177,
            "brake": 0.0,
            "steer": 0.0
        },
        {
            "throttle": 0.5289047209576851,
            "brake": 0.0,
            "steer": 0.0
        },
        {
            "throttle": 0.5403013250730915,
            "brake": 0.0,
            "steer": 0.0
        },
        {
            "throttle": 0.5474467951712947,
            "brake": 0.0,
            "steer": 0.0
        },
        {
            "throttle": 0.5502248277027973,
            "brake": 0.0,
            "steer": 0.0
        },
        {
            "throttle": 0.54858235278034,
            "brake": 0.0,
            "steer": 0.0
        },
        {
            "throttle": 0.5425279395438445,
            "brake": 0.0,
            "steer": 0.0
        },
        {
            "throttle": 0.5321300972328031,
            "brake": 0.0,
            "steer": 0.0
        },
        {
            "throttle": 0.5175152892275471,
            "brake": 0.0,
            "steer": 0.0
        },
        {
            "throttle": 0.4988655422965692,
            "brake": 0.0,
            "steer": 0.0
        },
        {
            "throttle": 0.47641558136847745,
            "brake": 0.0,
            "steer": 0.0
        },
        {
            "throttle": 0.450449456239978,
            "brake": 0.0,
            "steer": 0.0
        },
        {
            "throttle": 0.42129665413853523,
            "brake": 0.0,
            "steer": 0.0
        },
        {
            "throttle": 0.38932771333353644,
            "brake": 0.0,
            "steer": 0.0
        },
        {
            "throttle": 0.3549493696546301,
            "brake": 0.0,
            "steer": 0.0
        },
        {
            "throttle": 0.3185992809430065,
            "brake": 0.0,
            "steer": 0.0
        },
        {
            "throttle": 0.2807403848904565,
            "brake": 0.0,
            "steer": 0.0
        },
        {
            "throttle": 0.24185495392839765,
            "brake": 0.0,
            "steer": 0.0
        },
        {
            "throttle": 0.20243841716457792,
            "brake": 0.0,
            "steer": 0.0
        },
        {
            "throttle": 0.16299302406624788,
            "brake": 0.0,
            "steer": 0.0
        },
        {
            "throttle": 0.12402142781799895,
            "brake": 0.0,
            "steer": 0.0
        },
        {
            "throttle": 0.08681499947259926,
            "brake": 0.0,
            "steer": 0.0
        },
        {
            "throttle": 0.06077049963081947,
            "brake": 0.0,
            "steer": 0.0
        },
        {
            "throttle": 0.042539349741573626,
            "brake": 0.0,
            "steer": 0.0
        },
        {
            "throttle": 0.029777544819101536,
            "brake": 0.0,
            "steer": 0.0
        },
        {
            "throttle": 0.020844281373371073,
            "brake": 0.0,
            "steer": 0.0
        },
        {
            "throttle": 0.01459099696135975,
            "brake": 0.0,
            "steer": 0.0
        },
        {
            "throttle": 0.010213697872951824,
            "brake": 0.0,
            "steer": 0.0
        },
        {
            "throttle": 0.007149588511066276,
            "brake": 0.0,
            "steer": 0.0
        },
        {
            "throttle": 0.005004711957746393,
            "brake": 0.0,
            "steer": 0.0
        },
        {
            "throttle": 0.0035032983704224746,
            "brake": 0.0,
            "steer": 0.0
        },
        {
            "throttle": 0.002452308859295732,
            "brake": 0.0,
            "steer": 0.0
        },
        {
            "throttle": 0.0017166162015070123,
            "brake": 0.0,
            "steer": 0.0
        },
        {
            "throttle": 0.0012016313410549086,
            "brake": 0.0,
            "steer": 0.0
        },
        {
            "throttle": 0.0008411419387384359,
            "brake": 0.0,
            "steer": 0.0
        },
        {
            "throttle": 0.0005887993571169052,
            "brake": 0.0,
            "steer": 0.0
        },
        {
            "throttle": 0.00041215954998183356,
            "brake": 0.0,
            "steer": 0.0
        },
        {
            "throttle": 0.00028851168498728345,
            "brake": 0.0,
            "steer": 0.0
        },
        {
            "throttle": 0.0002019581794910984,
            "brake": 0.0,
            "steer": 0.0
        },
        {
            "throttle": 0.005276613016426482,
            "brake": 0.0,
            "steer": 0.0
        },
        {
            "throttle": 0.019925798516440784,
            "brake": 0.0,
            "steer": 0.0
        },
        {
            "throttle": 0.04183556522448712,
            "brake": 0.0,
            "steer": 0.0
        },
        {
            "throttle": 0.0692375996262754,
            "brake": 0.0,
            "steer": 0.0
        },
        {
            "throttle": 0.10074030963230507,
            "brake": 0.0,
            "steer": 0.0
        },
        {
            "throttle": 0.13521254427032275,
            "brake": 0.0,
            "steer": 0.0
        },
        {
            "throttle": 0.17170419892228547,
            "brake": 0.0,
            "steer": 0.0
        },
        {
            "throttle": 0.20939265653229716,
            "brake": 0.0,
            "steer": 0.0
        },
        {
            "throttle": 0.24754730437019046,
            "brake": 0.0,
            "steer": 0.0
        },
        {
            "throttle": 0.28550666846882855,
            "brake": 0.0,
            "steer": 0.0
        },
        {
            "throttle": 0.3226643200754073,
            "brake": 0.0,
            "steer": 0.0
        },
        {
            "throttle": 0.22586502405278508,
            "brake": 0.1993618810728898,
            "steer": 0.0
        },
        {
            "throttle": 0.15810551683694954,
            "brake": 0.33891519782391266,
            "steer": 0.0
        },
        {
            "throttle": 0.11067386178586466,
            "brake": 0.43660251954962864,
            "steer": 0.0
        },
        {
            "throttle": 0.07747170325010526,
            "brake": 0.5049836447576298,
            "steer": 0.0
        },
        {
            "throttle": 0.054230192275073676,
            "brake": 0.5528504324032306,
            "steer": 0.0
        },
        {
            "throttle": 0.03796113459255157,
            "brake": 0.5863571837551512,
            "steer": 0.0
        },
        {
            "throttle": 0.0265727942147861,
            "brake": 0.6098119097014957,
            "steer": 0.0
        },
        {
            "throttle": 0.01860095595035027,
            "brake": 0.6262302178639367,
            "steer": 0.0
        },
        {
            "throttle": 0.013020669165245188,
            "brake": 0.6377230335776455,
            "steer": 0.0
        },
        {
            "throttle": 0.1776801035033307,
            "brake": 0.4464061235043518,
            "steer": 0.0
        },
        {
            "throttle": 0.290203572900461,
            "brake": 0.31248428645304627,
            "steer": 0.0
        },
        {
            "throttle": 0.3648836631998015,
            "brake": 0.21873900051713238,
            "steer": 0.0
        },
        {
            "throttle": 0.4117772654435279,
            "brake": 0.15311730036199267,
            "steer": 0.0
        },
        {
            "throttle": 0.4379928035777566,
            "brake": 0.10718211025339486,
            "steer": 0.0
        },
        {
            "throttle": 0.4485904195266555,
            "brake": 0.0750274771773764,
            "steer": 0.0
        },
        {
            "throttle": 0.44721102902797016,
            "brake": 0.052519234024163475,
            "steer": 0.0
        },
        {
            "throttle": 0.4365154012891925,
            "brake": 0.03676346381691443,
            "steer": 0.0
        },
        {
            "throttle": 0.4184900856574267,
            "brake": 0.0257344246718401,
            "steer": 0.0
        },
        {
            "throttle": 0.39465997975203493,
            "brake": 0.01801409727028807,
            "steer": 0.0
        },
        {
            "throttle": 0.3662354153185756,
            "brake": 0.012609868089201648,
            "steer": 0.0
        },
        {
            "throttle": 0.33421329700262,
            "brake": 0.008826907662441152,
            "steer": 0.0
        },
        {
            "throttle": 0.29944599189548393,
            "brake": 0.006178835363708807,
            "steer": 0.0
        },
        {
            "throttle": 0.26268758266087905,
            "brake": 0.004325184754596164,
            "steer": 0.0
        },
        {
            "throttle": 0.22462423831104153,
            "brake": 0.003027629328217315,
            "steer": 0.0
        },
        {
            "throttle": 0.18589345605234092,
            "brake": 0.00211934052975212,
            "steer": 0.0
        },
        {
            "throttle": 0.14709552731020487,
            "brake": 0.001483538370826484,
            "steer": 0.0
        },
        {
            "throttle": 0.10879960064216643,
            "brake": 0.0010384768595785388,
            "steer": 0.0
        },
        {
            "throttle": 0.0761597204495165,
            "brake": 0.0007269338017049771,
            "steer": 0.0
        },
        {
            "throttle": 0.053311804314661544,
            "brake": 0.0005088536611934839,
            "steer": 0.0
        },
        {
            "throttle": 0.03731826302026308,
            "brake": 0.00035619756283543873,
            "steer": 0.0
        },
        {
            "throttle": 0.026122784114184155,
            "brake": 0.0002493382939848071,
            "steer": 0.0
        },
        {
            "throttle": 0.018285948879928907,
            "brake": 0.00017453680578936496,
            "steer": 0.0
        },
        {
            "throttle": 0.012800164215950234,
            "brake": 0.00012217576405255547,
            "steer": 0.0
        },
        {
            "throttle": 0.008960114951165164,
            "brake": 8.552303483678882e-05,
            "steer": 0.0
        },
        {
            "throttle": 0.006272080465815615,
            "brake": 5.986612438575217e-05,
            "steer": 0.0
        },
        {
            "throttle": 0.00439045632607093,
            "brake": 4.190628707002652e-05,
            "steer": 0.0
        },
        {
            "throttle": 0.0030733194282496507,
            "brake": 2.9334400949018562e-05,
            "steer": 0.0
        },
        {
            "throttle": 0.002151323599774755,
            "brake": 2.053408066431299e-05,
            "steer": 0.0
        },
        {
            "throttle": 0.0015059265198423286,
            "brake": 1.4373856465019093e-05,
            "steer": 0.0
        },
        {
            "throttle": 0.0010541485638896298,
            "brake": 1.0061699525513365e-05,
            "steer": 0.0
        },
        {
            "throttle": 0.0007379039947227408,
            "brake": 7.043189667859355e-06,
            "steer": 0.0
        },
        {
            "throttle": 0.0005165327963059186,
            "brake": 4.930232767501548e-06,
            "steer": 0.0
        },
        {
            "throttle": 0.000361572957414143,
            "brake": 3.4511629372510837e-06,
            "steer": 0.0
        },
        {
            "throttle": 0.00025310107018990005,
            "brake": 2.4158140560757586e-06,
            "steer": 0.0
        },
        {
            "throttle": 0.00017717074913293002,
            "brake": 1.691069839253031e-06,
            "steer": 0.0
        },
        {
            "throttle": 0.00933663615520302,
            "brake": 1.1837488874771216e-06,
            "steer": 0.0
        },
        {
            "throttle": 0.02707109844625708,
            "brake": 8.286242212339851e-07,
            "steer": 0.0
        },
        {
            "throttle": 0.05131162234861138,
            "brake": 5.800369548637895e-07,
            "steer": 0.0
        },
        {
            "throttle": 0.08045922404749363,
            "brake": 4.0602586840465266e-07,
            "steer": 0.0
        },
        {
            "throttle": 0.11323938882224954,
            "brake": 2.8421810788325684e-07,
            "steer": 0.0
        },
        {
            "throttle": 0.1486022117686739,
            "brake": 1.9895267551827977e-07,
            "steer": 0.0
        },
        {
            "throttle": 0.18565450678159284,
            "brake": 1.3926687286279584e-07,
            "steer": 0.0
        },
        {
            "throttle": 0.2236142997950769,
            "brake": 9.748681100395708e-08,
            "steer": 0.0
        },
        {
            "throttle": 0.26178097177211,
            "brake": 6.824076770276995e-08,
            "steer": 0.0
        },
        {
            "throttle": 0.2995163118267527,
            "brake": 4.776853739193896e-08,
            "steer": 0.0
        },
        {
            "throttle": 0.3362331378552942,
            "brake": 3.343797617435727e-08,
            "steer": 0.0
        },
        {
            "throttle": 0.37138912083516096,
            "brake": 2.3406583322050088e-08,
            "steer": 0.0
        },
        {
            "throttle": 0.40448413529074223,
            "brake": 1.638460832543506e-08,
            "steer": 0.0
        },
        {
            "throttle": 0.43505994034710455,
            "brake": 1.146922582780454e-08,
            "steer": 0.0
        },
        {
            "throttle": 0.46270133489321397,
            "brake": 8.028458079463178e-09,
            "steer": 0.0
        },
        {
            "throttle": 0.4870381697515733,
            "brake": 5.619920655624224e-09,
            "steer": 0.0
        },
        {
            "throttle": 0.5077477695426245,
            "brake": 3.9339444589369565e-09,
            "steer": 0.0
        },
        {
            "throttle": 0.5245574382105329,
            "brake": 2.7537611212558693e-09,
            "steer": 0.0
        },
        {
            "throttle": 0.5372468096606076,
            "brake": 1.9276327848791086e-09,
            "steer": 0.0
        },
        {
            "throttle": 0.5456498689176257,
            "brake": 1.349342949415376e-09,
            "steer": 0.0
        },
        {
            "throttle": 0.549656516803048,
            "brake": 9.44540064590763e-10,
            "steer": 0.0
        },
        {
            "throttle": 0.5492135873196448,
            "brake": 6.611780452135341e-10,
            "steer": 0.0
        },
        {
            "throttle": 0.5443252551682094,
            "brake": 4.628246316494738e-10,
            "steer": 0.0
        },
        {
            "throttle": 0.535052793476473,
            "brake": 3.2397724215463164e-10,
            "steer": 0.0
        },
        {
            "throttle": 0.5215136605197762,
            "brake": 2.2678406950824214e-10,
            "steer": 0.0
        },
        {
            "throttle": 0.5038799100576177,
            "brake": 1.5874884865576948e-10,
            "steer": 0.0
        },
        {
            "throttle": 0.48237593363553216,
            "brake": 1.1112419405903862e-10,
            "steer": 0.0
        },
        {
            "throttle": 0.45727555528925784,
            "brake": 7.778693584132703e-11,
            "steer": 0.0
        },
        {
            "throttle": 0.4288985098431881,
            "brake": 5.445085508892892e-11,
            "steer": 0.0
        },
        {
            "throttle": 0.3976063456022049,
            "brake": 3.811559856225024e-11,
            "steer": 0.0
        },
        {
            "throttle": 0.36379780079781937,
            "brake": 2.6680918993575168e-11,
            "steer": 0.0
        },
        {
            "throttle": 0.327903710714573,
            "brake": 1.8676643295502617e-11,
            "steer": 0.0
        },
        {
            "throttle": 0.29038150900476445,
            "brake": 1.3073650306851831e-11,
            "steer": 0.0
        },
        {
            "throttle": 0.25170939229208816,
            "brake": 9.151555214796282e-12,
            "steer": 0.0
        },
        {
            "throttle": 0.21238022175048057,
            "brake": 6.406088650357397e-12,
            "steer": 0.0
        },
        {
            "throttle": 0.1728952389027487,
            "brake": 4.484262055250178e-12,
            "steer": 0.0
        },
        {
            "throttle": 0.13375767539554895,
            "brake": 3.1389834386751243e-12,
            "steer": 0.0
        },
        {
            "throttle": 0.09546633795950617,
            "brake": 2.197288407072587e-12,
            "steer": 0.0
        },
        {
            "throttle": 0.06682643657165431,
            "brake": 1.5381018849508109e-12,
            "steer": 0.0
        },
        {
            "throttle": 0.04677850560015801,
            "brake": 1.0766713194655676e-12,
            "steer": 0.0
        },
        {
            "throttle": 0.032744953920110606,
            "brake": 7.536699236258973e-13,
            "steer": 0.0
        },
        {
            "throttle": 0.022921467744077422,
            "brake": 5.275689465381281e-13,
            "steer": 0.0
        },
        {
            "throttle": 0.016045027420854195,
            "brake": 3.6929826257668966e-13,
            "steer": 0.0
        },
        {
            "throttle": 0.011231519194597936,
            "brake": 2.5850878380368273e-13,
            "steer": 0.0
        },
        {
            "throttle": 0.007862063436218555,
            "brake": 1.809561486625779e-13,
            "steer": 0.0
        },
        {
            "throttle": 0.005503444405352988,
            "brake": 1.2666930406380454e-13,
            "steer": 0.0
        },
        {
            "throttle": 0.0038524110837470913,
            "brake": 8.866851284466318e-14,
            "steer": 0.0
        },
        {
            "throttle": 0.0026966877586229636,
            "brake": 6.206795899126422e-14,
            "steer": 0.0
        },
        {
            "throttle": 0.0018876814310360744,
            "brake": 4.344757129388495e-14,
            "steer": 0.0
        },
        {
            "throttle": 0.001321377001725252,
            "brake": 3.0413299905719465e-14,
            "steer": 0.0
        },
        {
            "throttle": 0.0009249639012076763,
            "brake": 2.1289309934003623e-14,
            "steer": 0.0
        },
        {
            "throttle": 0.0006474747308453734,
            "brake": 1.4902516953802535e-14,
            "steer": 0.0
        },
        {
            "throttle": 0.0004532323115917613,
            "brake": 1.0431761867661773e-14,
            "steer": 0.0
        },
        {
            "throttle": 0.0003172626181142329,
            "brake": 7.30223330736324e-15,
            "steer": 0.0
        },
        {
            "throttle": 0.000222083832679963,
            "brake": 5.111563315154268e-15,
            "steer": 0.0
        },
        {
            "throttle": 0.002602452565693024,
            "brake": 3.5780943206079875e-15,
            "steer": 0.0
        },
        {
            "throttle": 0.015202485099627882,
            "brake": 2.504666024425591e-15,
            "steer": 0.0
        },
        {
            "throttle": 0.03555103354327859,
            "brake": 1.7532662170979135e-15,
            "steer": 0.0
        },
        {
            "throttle": 0.06177136170334338,
            "brake": 1.2272863519685394e-15,
            "steer": 0.0
        },
        {
            "throttle": 0.09239711406472627,
            "brake": 8.591004463779775e-16,
            "steer": 0.0
        },
        {
            "throttle": 0.1262454394971509,
            "brake": 6.013703124645842e-16,
            "steer": 0.0
        },
        {
            "throttle": 0.1623301712185582,
            "brake": 4.209592187252089e-16,
            "steer": 0.0
        },
        {
            "throttle": 0.19980306868085074,
            "brake": 2.946714531076462e-16,
            "steer": 0.0
        },
        {
            "throttle": 0.23791469965080275,
            "brake": 2.0627001717535232e-16,
            "steer": 0.0
        },
        {
            "throttle": 0.275989041624197,
            "brake": 1.4438901202274662e-16,
            "steer": 0.0
        },
        {
            "throttle": 0.31340763268401306,
            "brake": 1.0107230841592262e-16,
            "steer": 0.0
        },
        {
            "throttle": 0.34960032828379883,
            "brake": 7.075061589114583e-17,
            "steer": 0.0
        },
        {
            "throttle": 0.3840405798994467,
            "brake": 4.952543112380208e-17,
            "steer": 0.0
        },
        {
            "throttle": 0.4162437544195987,
            "brake": 3.466780178666145e-17,
            "steer": 0.0
        },
        {
            "throttle": 0.4457674367814828,
            "brake": 2.4267461250663015e-17,
            "steer": 0.0
        },
        {
            "throttle": 0.4722129567560771,
            "brake": 1.698722287546411e-17,
            "steer": 0.0
        },
        {
            "throttle": 0.49522759175623454,
            "brake": 1.1891056012824877e-17,
            "steer": 0.0
        },
        {
            "throttle": 0.5145070475255809,
            "brake": 8.323739208977413e-18,
            "steer": 0.0
        },
        {
            "throttle": 0.5297979260444926,
            "brake": 5.8266174462841886e-18,
            "steer": 0.0
        },
        {
            "throttle": 0.5408999678664734,
            "brake": 4.078632212398932e-18,
            "steer": 0.0
        },
        {
            "throttle": 0.547667913373027,
            "brake": 2.855042548679252e-18,
            "steer": 0.0
        },
        {
            "throttle": 0.5500128703719617,
            "brake": 1.998529784075476e-18,
            "steer": 0.0
        },
        {
            "throttle": 0.5479031084117215,
            "brake": 1.3989708488528332e-18,
            "steer": 0.0
        },
        {
            "throttle": 0.5413642261500728,
            "brake": 9.792795941969833e-19,
            "steer": 0.0
        },
        {
            "throttle": 0.5304786591673915,
            "brake": 6.854957159378882e-19,
            "steer": 0.0
        },
        {
            "throttle": 0.515384513163908,
            "brake": 4.798470011565217e-19,
            "steer": 0.0
        },
        {
            "throttle": 0.49627372247843493,
            "brake": 3.358929008095652e-19,
            "steer": 0.0
        },
        {
            "throttle": 0.47338954694502844,
            "brake": 2.351250305666956e-19,
            "steer": 0.0
        },
        {
            "throttle": 0.44702343167306513,
            "brake": 1.6458752139668693e-19,
            "steer": 0.0
        },
        {
            "throttle": 0.4175112646510664,
            "brake": 1.1521126497768085e-19,
            "steer": 0.0
        },
        {
            "throttle": 0.38522907628608993,
            "brake": 8.064788548437658e-20,
            "steer": 0.0
        },
        {
            "throttle": 0.350588233178781,
            "brake": 5.64535198390636e-20,
            "steer": 0.0
        },
        {
            "throttle": 0.3140301856331728,
            "brake": 3.951746388734452e-20,
            "steer": 0.0
        },
        {
            "throttle": 0.2760208346151147,
            "brake": 2.766222472114116e-20,
            "steer": 0.0
        },
        {
            "throttle": 0.23704458909234566,
            "brake": 1.936355730479881e-20,
            "steer": 0.0
        },
        {
            "throttle": 0.16593121236464195,
            "brake": 0.1993618810728898,
            "steer": 0.0
        },
        {
            "throttle": 0.11615184865524936,
            "brake": 0.33891519782391266,
            "steer": 0.0
        },
        {
            "throttle": 0.08130629405867454,
            "brake": 0.43660251954962864,
            "steer": 0.0
        }
    ],
    "parameters": {
        "fog_density": 76.60375484572359,
        "precipitation": 91.76250416659677,
        "precipitation_deposits": 63.789371043971755,
        "wind_intensity": 0.5044028425165603,
        "sun_altitude_angle": 48.195985306868366,
        "cloudiness": 63.59268100986773,
        "lead_base_throttle": 0.20015238002003863,
        "lead_behavior_frequency": 0.17977253045358116,
        "lead_throttle_variation": 0.366761491669017,
        "lead_brake_probability": 0.028942391296468847,
        "lead_brake_intensity": 0.6645396035762994,
        "lead_brake_duration": 9.230885990365039,
        "initial_distance": 56.474120341562866,
        "initial_ego_velocity": 10.312256166281893,
        "initial_lead_velocity": 22.695188789491077
    },
    "config": {
        "num_timesteps": 200,
        "dt": 0.1,
        "seed": 184
    }
}