{
    "weather": {
        "cloudiness": 80.86233223368194,
        "precipitation": 93.60391245847298,
        "precipitation_deposits": 6.072022227932161,
        "wind_intensity": 20.146372528488687,
        "sun_altitude_angle": 61.72976628132564,
        "fog_density": 70.6839078077174,
        "fog_distance": 94.78631276535643,
        "wetness": 46.80195622923649
    },
    "initial_conditions": {
        "ego": {
            "position": {
                "x": 541.3895972237867,
                "y": 20.57,
                "z": 0.294
            },
            "yaw": 0.0,
            "velocity": 9.772439431373545
        },
        "lead": {
            "position": {
                "x": 484.88,
                "y": 20.57,
                "z": 0.294
            },
            "yaw": 0.0,
            "velocity": 14.752540449622808
        }
    },
    "ego": {
        "position": {
            "x": 541.3895972237867,
            "y": 20.57,
            "z": 0.294
        },
        "yaw": 0.0,
        "velocity": 9.772439431373545
    },
    "lead": {
        "position": {
            "x": 484.88,
            "y": 20.57,
            "z": 0.294
        },
        "yaw": 0.0,
        "velocity": 14.752540449622808
    },
    "ado_actions": [
        {
            "throttle": 0.2807922081144124,
            "brake": 0.0,
            "steer": 0.0
        },
        {
            "throttle": 0.29235390999623345,
            "brake": 0.0,
            "steer": 0.0
        },
        {
            "throttle": 0.31181787275752404,
            "brake": 0.0,
            "steer": 0.0
        },
        {
            "throttle": 0.33643471029222305,
            "brake": 0.0,
            "steer": 0.0
        },
        {
            "throttle": 0.3640983289191253,
            "brake": 0.0,
            "steer": 0.0
        },
        {
            "throttle": 0.3931621913371588,
            "brake": 0.0,
            "steer": 0.0
        },
        {
            "throttle": 0.42231354629667783,
            "brake": 0.0,
            "steer": 0.0
        },
        {
            "throttle": 0.45048803450844055,
            "brake": 0.0,
            "steer": 0.0
        },
        {
            "throttle": 0.47681231447350114,
            "brake": 0.0,
            "steer": 0.0
        },
        {
            "throttle": 0.5005660191506048,
            "brake": 0.0,
            "steer": 0.0
        },
        {
            "throttle": 0.5211569261162738,
            "brake": 0.0,
            "steer": 0.0
        },
        {
            "throttle": 0.5381050293427945,
            "brake": 0.0,
            "steer": 0.0
        },
        {
            "throttle": 0.55103247029237,
            "brake": 0.0,
            "steer": 0.0
        },
        {
            "throttle": 0.5596571808670261,
            "brake": 0.0,
            "steer": 0.0
        },
        {
            "throttle": 0.5637887235777379,
            "brake": 0.0,
            "steer": 0.0
        },
        {
            "throttle": 0.5633252638964157,
            "brake": 0.0,
            "steer": 0.0
        },
        {
            "throttle": 0.5582509311770631,
            "brake": 0.0,
            "steer": 0.0
        },
        {
            "throttle": 0.5486330561992968,
            "brake": 0.0,
            "steer": 0.0
        },
        {
            "throttle": 0.5346189420834768,
            "brake": 0.0,
            "steer": 0.0
        },
        {
            "throttle": 0.5164319496936444,
            "brake": 0.0,
            "steer": 0.0
        },
        {
            "throttle": 0.4943667716277528,
            "brake": 0.0,
            "steer": 0.0
        },
        {
            "throttle": 0.46878383945828533,
            "brake": 0.0,
            "steer": 0.0
        },
        {
            "throttle": 0.440102863214621,
            "brake": 0.0,
            "steer": 0.0
        },
        {
            "throttle": 0.4087955444390198,
            "brake": 0.0,
            "steer": 0.0
        },
        {
            "throttle": 0.3753775374029564,
            "brake": 0.0,
            "steer": 0.0
        },
        {
            "throttle": 0.3403997592114957,
            "brake": 0.0,
            "steer": 0.0
        },
        {
            "throttle": 0.3044391698834307,
            "brake": 0.0,
            "steer": 0.0
        },
        {
            "throttle": 0.2680891589730238,
            "brake": 0.0,
            "steer": 0.0
        },
        {
            "throttle": 0.23194968650447106,
            "brake": 0.0,
            "steer": 0.0
        },
        {
            "throttle": 0.19661733334288783,
            "brake": 0.0,
            "steer": 0.0
        },
        {
            "throttle": 0.16267541992794987,
            "brake": 0.0,
            "steer": 0.0
        },
        {
            "throttle": 0.13068435278212073,
            "brake": 0.0,
            "steer": 0.0
        },
        {
            "throttle": 0.10117235557423378,
            "brake": 0.0,
            "steer": 0.0
        },
        {
            "throttle": 0.07462673595985499,
            "brake": 0.0,
            "steer": 0.0
        },
        {
            "throttle": 0.05223871517189849,
            "brake": 0.0,
            "steer": 0.0
        },
        {
            "throttle": 0.03656710062032894,
            "brake": 0.0,
            "steer": 0.0
        },
        {
            "throttle": 0.025596970434230256,
            "brake": 0.0,
            "steer": 0.0
        },
        {
            "throttle": 0.017917879303961177,
            "brake": 0.0,
            "steer": 0.0
        },
        {
            "throttle": 0.012542515512772823,
            "brake": 0.0,
            "steer": 0.0
        },
        {
            "throttle": 0.008779760858940975,
            "brake": 0.0,
            "steer": 0.0
        },
        {
            "throttle": 0.008488970822587726,
            "brake": 0.0,
            "steer": 0.0
        },
        {
            "throttle": 0.013796419147545638,
            "brake": 0.0,
            "steer": 0.0
        },
        {
            "throttle": 0.024284035078556726,
            "brake": 0.0,
            "steer": 0.0
        },
        {
            "throttle": 0.039547329349863755,
            "brake": 0.0,
            "steer": 0.0
        },
        {
            "throttle": 0.05917233583872969,
            "brake": 0.0,
            "steer": 0.0
        },
        {
            "throttle": 0.08272163115001556,
            "brake": 0.0,
            "steer": 0.0
        },
        {
            "throttle": 0.10972698657604149,
            "brake": 0.0,
            "steer": 0.0
        },
        {
            "throttle": 0.13968690027731323,
            "brake": 0.0,
            "steer": 0.0
        },
        {
            "throttle": 0.1720677389876003,
            "brake": 0.0,
            "steer": 0.0
        },
        {
            "throttle": 0.2063075523740696,
            "brake": 0.0,
            "steer": 0.0
        },
        {
            "throttle": 0.24182185445137688,
            "brake": 0.0,
            "steer": 0.0
        },
        {
            "throttle": 0.2780108267477836,
            "brake": 0.0,
            "steer": 0.0
        },
        {
            "throttle": 0.3142675093907172,
            "brake": 0.0,
            "steer": 0.0
        },
        {
            "throttle": 0.3499866244284058,
            "brake": 0.0,
            "steer": 0.0
        },
        {
            "throttle": 0.3845737313880744,
            "brake": 0.0,
            "steer": 0.0
        },
        {
            "throttle": 0.41745445587186275,
            "brake": 0.0,
            "steer": 0.0
        },
        {
            "throttle": 0.44808356318654435,
            "brake": 0.0,
            "steer": 0.0
        },
        {
            "throttle": 0.4759536742429931,
            "brake": 0.0,
            "steer": 0.0
        },
        {
            "throttle": 0.5006034427454417,
            "brake": 0.0,
            "steer": 0.0
        },
        {
            "throttle": 0.5216250327004224,
            "brake": 0.0,
            "steer": 0.0
        },
        {
            "throttle": 0.5386707546093318,
            "brake": 0.0,
            "steer": 0.0
        },
        {
            "throttle": 0.5514587380477407,
            "brake": 0.0,
            "steer": 0.0
        },
        {
            "throttle": 0.5597775380596753,
            "brake": 0.0,
            "steer": 0.0
        },
        {
            "throttle": 0.5634895930704866,
            "brake": 0.0,
            "steer": 0.0
        },
        {
            "throttle": 0.562533472855856,
            "brake": 0.0,
            "steer": 0.0
        },
        {
            "throttle": 0.5569248763930462,
            "brake": 0.0,
            "steer": 0.0
        },
        {
            "throttle": 0.5467563609802565,
            "brake": 0.0,
            "steer": 0.0
        },
        {
            "throttle": 0.5321958056025088,
            "brake": 0.0,
            "steer": 0.0
        },
        {
            "throttle": 0.5134836328736703,
            "brake": 0.0,
            "steer": 0.0
        },
        {
            "throttle": 0.4909288346990739,
            "brake": 0.0,
            "steer": 0.0
        },
        {
            "throttle": 0.46490386677836193,
            "brake": 0.0,
            "steer": 0.0
        },
        {
            "throttle": 0.43583849590202206,
            "brake": 0.0,
            "steer": 0.0
        },
        {
            "throttle": 0.40421270139637344,
            "brake": 0.0,
            "steer": 0.0
        },
        {
            "throttle": 0.3705487477669694,
            "brake": 0.0,
            "steer": 0.0
        },
        {
            "throttle": 0.3354025593300092,
            "brake": 0.0,
            "steer": 0.0
        },
        {
            "throttle": 0.2993545391852845,
            "brake": 0.0,
            "steer": 0.0
        },
        {
            "throttle": 0.2629999840862086,
            "brake": 0.0,
            "steer": 0.0
        },
        {
            "throttle": 0.22693925345394494,
            "brake": 0.0,
            "steer": 0.0
        },
        {
            "throttle": 0.19176785485539663,
            "brake": 0.0,
            "steer": 0.0
        },
        {
            "throttle": 0.15806660965320368,
            "brake": 0.0,
            "steer": 0.0
        },
        {
            "throttle": 0.12639206121814006,
            "brake": 0.0,
            "steer": 0.0
        },
        {
            "throttle": 0.09726728409296034,
            "brake": 0.0,
            "steer": 0.0
        },
        {
            "throttle": 0.07117324587845945,
            "brake": 0.0,
            "steer": 0.0
        },
        {
            "throttle": 0.049821272114921614,
            "brake": 0.0,
            "steer": 0.0
        },
        {
            "throttle": 0.03487489048044513,
            "brake": 0.0,
            "steer": 0.0
        },
        {
            "throttle": 0.02441242333631159,
            "brake": 0.0,
            "steer": 0.0
        },
        {
            "throttle": 0.01708869633541811,
            "brake": 0.0,
            "steer": 0.0
        },
        {
            "throttle": 0.011962087434792677,
            "brake": 0.0,
            "steer": 0.0
        },
        {
            "throttle": 0.008373461204354874,
            "brake": 0.0,
            "steer": 0.0
        },
        {
            "throttle": 0.008896298593459941,
            "brake": 0.0,
            "steer": 0.0
        },
        {
            "throttle": 0.014955793783988374,
            "brake": 0.0,
            "steer": 0.0
        },
        {
            "throttle": 0.026137912866194924,
            "brake": 0.0,
            "steer": 0.0
        },
        {
            "throttle": 0.042038216845333445,
            "brake": 0.0,
            "steer": 0.0
        },
        {
            "throttle": 0.06224028352115495,
            "brake": 0.0,
            "steer": 0.0
        },
        {
            "throttle": 0.08630280437156365,
            "brake": 0.0,
            "steer": 0.0
        },
        {
            "throttle": 0.11375302638914675,
            "brake": 0.0,
            "steer": 0.0
        },
        {
            "throttle": 0.1440848669786412,
            "brake": 0.0,
            "steer": 0.0
        },
        {
            "throttle": 0.17676048691039128,
            "brake": 0.0,
            "steer": 0.0
        },
        {
            "throttle": 0.21121442305904908,
            "brake": 0.0,
            "steer": 0.0
        },
        {
            "throttle": 0.24685960207284774,
            "brake": 0.0,
            "steer": 0.0
        },
        {
            "throttle": 0.28309470823894045,
            "brake": 0.0,
            "steer": 0.0
        },
        {
            "throttle": 0.3193124846744043,
            "brake": 0.0,
            "steer": 0.0
        },
        {
            "throttle": 0.35490862131867484,
            "brake": 0.0,
            "steer": 0.0
        },
        {
            "throttle": 0.38929093634411593,
            "brake": 0.0,
            "steer": 0.0
        },
        {
            "throttle": 0.42188859673789525,
            "brake": 0.0,
            "steer": 0.0
        },
        {
            "throttle": 0.45216115394884326,
            "brake": 0.0,
            "steer": 0.0
        },
        {
            "throttle": 0.4796071950981729,
            "brake": 0.0,
            "steer": 0.0
        },
        {
            "throttle": 0.5037724316873501,
            "brake": 0.0,
            "steer": 0.0
        },
        {
            "throttle": 0.5242570675856758,
            "brake": 0.0,
            "steer": 0.0
        },
        {
            "throttle": 0.5407223073741976,
            "brake": 0.0,
            "steer": 0.0
        },
        {
            "throttle": 0.5528958854931975,
            "brake": 0.0,
            "steer": 0.0
        },
        {
            "throttle": 0.5605765164330998,
            "brake": 0.0,
            "steer": 0.0
        },
        {
            "throttle": 0.5636371865620504,
            "brake": 0.0,
            "steer": 0.0
        },
        {
            "throttle": 0.5620272290875128,
            "brake": 0.0,
            "steer": 0.0
        },
        {
            "throttle": 0.555773144986986,
            "brake": 0.0,
            "steer": 0.0
        },
        {
            "throttle": 0.5449781543217341,
            "brake": 0.0,
            "steer": 0.0
        },
        {
            "throttle": 0.5298204839226942,
            "brake": 0.0,
            "steer": 0.0
        },
        {
            "throttle": 0.5105504187314733,
            "brake": 0.0,
            "steer": 0.0
        },
        {
            "throttle": 0.4874861647946883,
            "brake": 0.0,
            "steer": 0.0
        },
        {
            "throttle": 0.46100859174312087,
            "brake": 0.0,
            "steer": 0.0
        },
        {
            "throttle": 0.4315549412375596,
            "brake": 0.0,
            "steer": 0.0
        },
        {
            "throttle": 0.3996116050415862,
            "brake": 0.0,
            "steer": 0.0
        },
        {
            "throttle": 0.3657060918174043,
            "brake": 0.0,
            "steer": 0.0
        },
        {
            "throttle": 0.33039831518840684,
            "brake": 0.0,
            "steer": 0.0
        },
        {
            "throttle": 0.29427134685590056,
            "brake": 0.0,
            "steer": 0.0
        },
        {
            "throttle": 0.2579217874160934,
            "brake": 0.0,
            "steer": 0.0
        },
        {
            "throttle": 0.22194991385395793,
            "brake": 0.0,
            "steer": 0.0
        },
        {
            "throttle": 0.18694976639059013,
            "brake": 0.0,
            "steer": 0.0
        },
        {
            "throttle": 0.15349933837062862,
            "brake": 0.0,
            "steer": 0.0
        },
        {
            "throttle": 0.12215103118058869,
            "brake": 0.0,
            "steer": 0.0
        },
        {
            "throttle": 0.09342253181636305,
            "brake": 0.0,
            "steer": 0.0
        },
        {
            "throttle": 0.06778826374138443,
            "brake": 0.0,
            "steer": 0.0
        },
        {
            "throttle": 0.047451784618969095,
            "brake": 0.0,
            "steer": 0.0
        },
        {
            "throttle": 0.033216249233278365,
            "brake": 0.0,
            "steer": 0.0
        },
        {
            "throttle": 0.023251374463294856,
            "brake": 0.0,
            "steer": 0.0
        },
        {
            "throttle": 0.016275962124306396,
            "brake": 0.0,
            "steer": 0.0
        },
        {
            "throttle": 0.011393173487014477,
            "brake": 0.0,
            "steer": 0.0
        },
        {
            "throttle": 0.007975221440910134,
            "brake": 0.0,
            "steer": 0.0
        },
        {
            "throttle": 0.009335569395640408,
            "brake": 0.0,
            "steer": 0.0
        },
        {
            "throttle": 0.016161985555596538,
            "brake": 0.0,
            "steer": 0.0
        },
        {
            "throttle": 0.028046771683279424,
            "brake": 0.0,
            "steer": 0.0
        },
        {
            "throttle": 0.044587185356878827,
            "brake": 0.0,
            "steer": 0.0
        },
        {
            "throttle": 0.0653655438898986,
            "brake": 0.0,
            "steer": 0.0
        },
        {
            "throttle": 0.08993753907071977,
            "brake": 0.0,
            "steer": 0.0
        },
        {
            "throttle": 0.11782656646425951,
            "brake": 0.0,
            "steer": 0.0
        },
        {
            "throttle": 0.1485224904617684,
            "brake": 0.0,
            "steer": 0.0
        },
        {
            "throttle": 0.18148369475070852,
            "brake": 0.0,
            "steer": 0.0
        },
        {
            "throttle": 0.21614156483770997,
            "brake": 0.0,
            "steer": 0.0
        },
        {
            "throttle": 0.2519067549462131,
            "brake": 0.0,
            "steer": 0.0
        },
        {
            "throttle": 0.2881767342393085,
            "brake": 0.0,
            "steer": 0.0
        },
        {
            "throttle": 0.3243442066587574,
            "brake": 0.0,
            "steer": 0.0
        },
        {
            "throttle": 0.35980606857135367,
            "brake": 0.0,
            "steer": 0.0
        },
        {
            "throttle": 0.39397261856139004,
            "brake": 0.0,
            "steer": 0.0
        },
        {
            "throttle": 0.4262767708643276,
            "brake": 0.0,
            "steer": 0.0
        },
        {
            "throttle": 0.45618305280083227,
            "brake": 0.0,
            "steer": 0.0
        },
        {
            "throttle": 0.4831961903843121,
            "brake": 0.0,
            "steer": 0.0
        },
        {
            "throttle": 0.506869107248864,
            "brake": 0.0,
            "steer": 0.0
        },
        {
            "throttle": 0.5268101816539926,
            "brake": 0.0,
            "steer": 0.0
        },
        {
            "throttle": 0.5426896255193157,
            "brake": 0.0,
            "steer": 0.0
        },
        {
            "throttle": 0.554244868802594,
            "brake": 0.0,
            "steer": 0.0
        },
        {
            "throttle": 0.5612848523631311,
            "brake": 0.0,
            "steer": 0.0
        },
        {
            "throttle": 0.5636931528599368,
            "brake": 0.0,
            "steer": 0.0
        },
        {
            "throttle": 0.5614298841893031,
            "brake": 0.0,
            "steer": 0.0
        },
        {
            "throttle": 0.5545323413379114,
            "brake": 0.0,
            "steer": 0.0
        },
        {
            "throttle": 0.5431143741124368,
            "brake": 0.0,
            "steer": 0.0
        },
        {
            "throttle": 0.5273644997534082,
            "brake": 0.0,
            "steer": 0.0
        },
        {
            "throttle": 0.5075427846675572,
            "brake": 0.0,
            "steer": 0.0
        },
        {
            "throttle": 0.4839765461199572,
            "brake": 0.0,
            "steer": 0.0
        },
        {
            "throttle": 0.4570549444106582,
            "brake": 0.0,
            "steer": 0.0
        },
        {
            "throttle": 0.4272225545204365,
            "brake": 0.0,
            "steer": 0.0
        },
        {
            "throttle": 0.3949720231594811,
            "brake": 0.0,
            "steer": 0.0
        },
        {
            "throttle": 0.3608359323238306,
            "brake": 0.0,
            "steer": 0.0
        },
        {
            "throttle": 0.32537800361523284,
            "brake": 0.0,
            "steer": 0.0
        },
        {
            "throttle": 0.2891837884997324,
            "brake": 0.0,
            "steer": 0.0
        },
        {
            "throttle": 0.2528509981926045,
            "brake": 0.0,
            "steer": 0.0
        },
        {
            "throttle": 0.2169796328246277,
            "brake": 0.0,
            "steer": 0.0
        },
        {
            "throttle": 0.18216207287067887,
            "brake": 0.0,
            "steer": 0.0
        },
        {
            "throttle": 0.14897329645275076,
            "brake": 0.0,
            "steer": 0.0
        },
        {
            "throttle": 0.11796138405633604,
            "brake": 0.0,
            "steer": 0.0
        },
        {
            "throttle": 0.08963846745664508,
            "brake": 0.0,
            "steer": 0.0
        },
        {
            "throttle": 0.06447227231814263,
            "brake": 0.0,
            "steer": 0.0
        },
        {
            "throttle": 0.04513059062269984,
            "brake": 0.0,
            "steer": 0.0
        },
        {
            "throttle": 0.031591413435889885,
            "brake": 0.0,
            "steer": 0.0
        },
        {
            "throttle": 0.02211398940512292,
            "brake": 0.0,
            "steer": 0.0
        },
        {
            "throttle": 0.015479792583586042,
            "brake": 0.0,
            "steer": 0.0
        },
        {
            "throttle": 0.010835854808510228,
            "brake": 0.0,
            "steer": 0.0
        },
        {
            "throttle": 0.007585098365957159,
            "brake": 0.0,
            "steer": 0.0
        },
        {
            "throttle": 0.009806590418763406,
            "brake": 0.0,
            "steer": 0.0
        },
        {
            "throttle": 0.017414568410729445,
            "brake": 0.0,
            "steer": 0.0
        },
        {
            "throttle": 0.030009968500383365,
            "brake": 0.0,
            "steer": 0.0
        },
        {
            "throttle": 0.04719339195565972,
            "brake": 0.0,
            "steer": 0.0
        },
        {
            "throttle": 0.06854709255842042,
            "brake": 0.0,
            "steer": 0.0
        },
        {
            "throttle": 0.09362464948509214,
            "brake": 0.0,
            "steer": 0.0
        },
        {
            "throttle": 0.12194628146042659,
            "brake": 0.0,
            "steer": 0.0
        },
        {
            "throttle": 0.15299832924480936,
            "brake": 0.0,
            "steer": 0.0
        },
        {
            "throttle": 0.1862358297760523,
            "brake": 0.0,
            "steer": 0.0
        },
        {
            "throttle": 0.22108737979848475,
            "brake": 0.0,
            "steer": 0.0
        },
        {
            "throttle": 0.25696167690077354,
            "brake": 0.0,
            "steer": 0.0
        },
        {
            "throttle": 0.29325525771121813,
            "brake": 0.0,
            "steer": 0.0
        },
        {
            "throttle": 0.329361044899045,
            "brake": 0.0,
            "steer": 0.0
        }
    ],
    "parameters": {
        "fog_density": 70.6839078077174,
        "precipitation": 93.60391245847298,
        "precipitation_deposits": 6.072022227932161,
        "wind_intensity": 20.146372528488687,
        "sun_altitude_angle": 61.72976628132564,
        "cloudiness": 80.86233223368194,
        "lead_base_throttle": 0.2807922081144124,
        "lead_behavior_frequency": 0.20466619584315393,
        "lead_throttle_variation": 0.3005191569584714,
        "lead_brake_probability": 0.006353900906323561,
        "lead_brake_intensity": 0.6751723262575057,
        "lead_brake_duration": 5.151719841331557,
        "initial_distance": 56.50959722378667,
        "initial_ego_velocity": 9.772439431373545,
        "initial_lead_velocity": 14.752540449622808
    },
    "config": {
        "num_timesteps": 200,
        "dt": 0.1,
        "seed": 182
    }
}