{
    "weather": {
        "cloudiness": 89.43178892338999,
        "precipitation": 9.840519468723052,
        "precipitation_deposits": 52.506343765243734,
        "wind_intensity": 33.13649749416099,
        "sun_altitude_angle": 15.652150041544253,
        "fog_density": 73.01964065909614,
        "fog_distance": 87.68643891309935,
        "wetness": 4.920259734361526
    },
    "initial_conditions": {
        "ego": {
            "position": {
                "x": 541.222327259127,
                "y": 20.57,
                "z": 0.294
            },
            "yaw": 0.0,
            "velocity": 17.645430072488168
        },
        "lead": {
            "position": {
                "x": 484.88,
                "y": 20.57,
                "z": 0.294
            },
            "yaw": 0.0,
            "velocity": 21.442163086570666
        }
    },
    "ego": {
        "position": {
            "x": 541.222327259127,
            "y": 20.57,
            "z": 0.294
        },
        "yaw": 0.0,
        "velocity": 17.645430072488168
    },
    "lead": {
        "position": {
            "x": 484.88,
            "y": 20.57,
            "z": 0.294
        },
        "yaw": 0.0,
        "velocity": 21.442163086570666
    },
    "ado_actions": [
        {
            "throttle": 0.4890327686801681,
            "brake": 0.0,
            "steer": 0.0
        },
        {
            "throttle": 0.4919721586398423,
            "brake": 0.0,
            "steer": 0.0
        },
        {
            "throttle": 0.4969449978616525,
            "brake": 0.0,
            "steer": 0.0
        },
        {
            "throttle": 0.5032932021320893,
            "brake": 0.0,
            "steer": 0.0
        },
        {
            "throttle": 0.5105325811204019,
            "brake": 0.0,
            "steer": 0.0
        },
        {
            "throttle": 0.5183012576808472,
            "brake": 0.0,
            "steer": 0.0
        },
        {
            "throttle": 0.5263237496660303,
            "brake": 0.0,
            "steer": 0.0
        },
        {
            "throttle": 0.5343860091312401,
            "brake": 0.0,
            "steer": 0.0
        },
        {
            "throttle": 0.5423181238525607,
            "brake": 0.0,
            "steer": 0.0
        },
        {
            "throttle": 0.5499823731760645,
            "brake": 0.0,
            "steer": 0.0
        },
        {
            "throttle": 0.5572650212577885,
            "brake": 0.0,
            "steer": 0.0
        },
        {
            "throttle": 0.5640707145712093,
            "brake": 0.0,
            "steer": 0.0
        },
        {
            "throttle": 0.5703186893285456,
            "brake": 0.0,
            "steer": 0.0
        },
        {
            "throttle": 0.5759402317082524,
            "brake": 0.0,
            "steer": 0.0
        },
        {
            "throttle": 0.58087699996928,
            "brake": 0.0,
            "steer": 0.0
        },
        {
            "throttle": 0.5850799339881657,
            "brake": 0.0,
            "steer": 0.0
        },
        {
            "throttle": 0.5885085594043439,
            "brake": 0.0,
            "steer": 0.0
        },
        {
            "throttle": 0.5911305508497209,
            "brake": 0.0,
            "steer": 0.0
        },
        {
            "throttle": 0.5929214589827054,
            "brake": 0.0,
            "steer": 0.0
        },
        {
            "throttle": 0.5938645343618523,
            "brake": 0.0,
            "steer": 0.0
        },
        {
            "throttle": 0.5939506011610406,
            "brake": 0.0,
            "steer": 0.0
        },
        {
            "throttle": 0.5931779478521186,
            "brake": 0.0,
            "steer": 0.0
        },
        {
            "throttle": 0.5915522120148449,
            "brake": 0.0,
            "steer": 0.0
        },
        {
            "throttle": 0.589086243603355,
            "brake": 0.0,
            "steer": 0.0
        },
        {
            "throttle": 0.5857999361600348,
            "brake": 0.0,
            "steer": 0.0
        },
        {
            "throttle": 0.5817200192201237,
            "brake": 0.0,
            "steer": 0.0
        },
        {
            "throttle": 0.5768798079114624,
            "brake": 0.0,
            "steer": 0.0
        },
        {
            "throttle": 0.5713189078148893,
            "brake": 0.0,
            "steer": 0.0
        },
        {
            "throttle": 0.565082874714841,
            "brake": 0.0,
            "steer": 0.0
        },
        {
            "throttle": 0.5582228300777242,
            "brake": 0.0,
            "steer": 0.0
        },
        {
            "throttle": 0.5507950340454355,
            "brake": 0.0,
            "steer": 0.0
        },
        {
            "throttle": 0.5428604184906046,
            "brake": 0.0,
            "steer": 0.0
        },
        {
            "throttle": 0.5344840832952759,
            "brake": 0.0,
            "steer": 0.0
        },
        {
            "throttle": 0.5257347595177283,
            "brake": 0.0,
            "steer": 0.0
        },
        {
            "throttle": 0.516684243524693,
            "brake": 0.0,
            "steer": 0.0
        },
        {
            "throttle": 0.5074068065030828,
            "brake": 0.0,
            "steer": 0.0
        },
        {
            "throttle": 0.497978584036406,
            "brake": 0.0,
            "steer": 0.0
        },
        {
            "throttle": 0.4884769506429447,
            "brake": 0.0,
            "steer": 0.0
        },
        {
            "throttle": 0.47897988433000616,
            "brake": 0.0,
            "steer": 0.0
        },
        {
            "throttle": 0.46956532632415815,
            "brake": 0.0,
            "steer": 0.0
        },
        {
            "throttle": 0.46031054119352,
            "brake": 0.0,
            "steer": 0.0
        },
        {
            "throttle": 0.45129148258655477,
            "brake": 0.0,
            "steer": 0.0
        },
        {
            "throttle": 0.4425821697738357,
            "brake": 0.0,
            "steer": 0.0
        },
        {
            "throttle": 0.434254080096277,
            "brake": 0.0,
            "steer": 0.0
        },
        {
            "throttle": 0.42637556229675483,
            "brake": 0.0,
            "steer": 0.0
        },
        {
            "throttle": 0.4190112755434365,
            "brake": 0.0,
            "steer": 0.0
        },
        {
            "throttle": 0.41222165874423067,
            "brake": 0.0,
            "steer": 0.0
        },
        {
            "throttle": 0.40606243450453783,
            "brake": 0.0,
            "steer": 0.0
        },
        {
            "throttle": 0.4005841517971127,
            "brake": 0.0,
            "steer": 0.0
        },
        {
            "throttle": 0.39583177109580975,
            "brake": 0.0,
            "steer": 0.0
        },
        {
            "throttle": 0.3918442953769455,
            "brake": 0.0,
            "steer": 0.0
        },
        {
            "throttle": 0.388654450015903,
            "brake": 0.0,
            "steer": 0.0
        },
        {
            "throttle": 0.38628841420554627,
            "brake": 0.0,
            "steer": 0.0
        },
        {
            "throttle": 0.38476560610033217,
            "brake": 0.0,
            "steer": 0.0
        },
        {
            "throttle": 0.3840985234491894,
            "brake": 0.0,
            "steer": 0.0
        },
        {
            "throttle": 0.3842926410249145,
            "brake": 0.0,
            "steer": 0.0
        },
        {
            "throttle": 0.38534636569175873,
            "brake": 0.0,
            "steer": 0.0
        },
        {
            "throttle": 0.387251049479877,
            "brake": 0.0,
            "steer": 0.0
        },
        {
            "throttle": 0.38999106055927485,
            "brake": 0.0,
            "steer": 0.0
        },
        {
            "throttle": 0.39354391153072166,
            "brake": 0.0,
            "steer": 0.0
        },
        {
            "throttle": 0.39788044398071054,
            "brake": 0.0,
            "steer": 0.0
        },
        {
            "throttle": 0.40296506778579183,
            "brake": 0.0,
            "steer": 0.0
        },
        {
            "throttle": 0.4087560532022836,
            "brake": 0.0,
            "steer": 0.0
        },
        {
            "throttle": 0.4152058733441546,
            "brake": 0.0,
            "steer": 0.0
        },
        {
            "throttle": 0.4222615942383402,
            "brake": 0.0,
            "steer": 0.0
        },
        {
            "throttle": 0.42986530925628486,
            "brake": 0.0,
            "steer": 0.0
        },
        {
            "throttle": 0.43795461435630645,
            "brake": 0.0,
            "steer": 0.0
        },
        {
            "throttle": 0.4464631202364451,
            "brake": 0.0,
            "steer": 0.0
        },
        {
            "throttle": 0.45532099719453173,
            "brake": 0.0,
            "steer": 0.0
        },
        {
            "throttle": 0.46445554822378354,
            "brake": 0.0,
            "steer": 0.0
        },
        {
            "throttle": 0.47379180564050305,
            "brake": 0.0,
            "steer": 0.0
        },
        {
            "throttle": 0.4832531463473299,
            "brake": 0.0,
            "steer": 0.0
        },
        {
            "throttle": 0.4927619206825498,
            "brake": 0.0,
            "steer": 0.0
        },
        {
            "throttle": 0.5022400896944655,
            "brake": 0.0,
            "steer": 0.0
        },
        {
            "throttle": 0.5116098656106893,
            "brake": 0.0,
            "steer": 0.0
        },
        {
            "throttle": 0.5207943502459957,
            "brake": 0.0,
            "steer": 0.0
        },
        {
            "throttle": 0.5297181661092908,
            "brake": 0.0,
            "steer": 0.0
        },
        {
            "throttle": 0.5383080750301751,
            "brake": 0.0,
            "steer": 0.0
        },
        {
            "throttle": 0.5464935792280026,
            "brake": 0.0,
            "steer": 0.0
        },
        {
            "throttle": 0.5542074998904332,
            "brake": 0.0,
            "steer": 0.0
        },
        {
            "throttle": 0.5613865285130596,
            "brake": 0.0,
            "steer": 0.0
        },
        {
            "throttle": 0.5679717464752367,
            "brake": 0.0,
            "steer": 0.0
        },
        {
            "throttle": 0.5739091085879324,
            "brake": 0.0,
            "steer": 0.0
        },
        {
            "throttle": 0.5791498866450987,
            "brake": 0.0,
            "steer": 0.0
        },
        {
            "throttle": 0.5836510693383169,
            "brake": 0.0,
            "steer": 0.0
        },
        {
            "throttle": 0.5873757152525998,
            "brake": 0.0,
            "steer": 0.0
        },
        {
            "throttle": 0.5902932560462963,
            "brake": 0.0,
            "steer": 0.0
        },
        {
            "throttle": 0.5923797473268884,
            "brake": 0.0,
            "steer": 0.0
        },
        {
            "throttle": 0.59361806516373,
            "brake": 0.0,
            "steer": 0.0
        },
        {
            "throttle": 0.5939980466249397,
            "brake": 0.0,
            "steer": 0.0
        },
        {
            "throttle": 0.5935165731850538,
            "brake": 0.0,
            "steer": 0.0
        },
        {
            "throttle": 0.592177596318909,
            "brake": 0.0,
            "steer": 0.0
        },
        {
            "throttle": 0.5899921050717055,
            "brake": 0.0,
            "steer": 0.0
        },
        {
            "throttle": 0.586978035871404,
            "brake": 0.0,
            "steer": 0.0
        },
        {
            "throttle": 0.5831601253236292,
            "brake": 0.0,
            "steer": 0.0
        },
        {
            "throttle": 0.5785697071972019,
            "brake": 0.0,
            "steer": 0.0
        },
        {
            "throttle": 0.5732444552664457,
            "brake": 0.0,
            "steer": 0.0
        },
        {
            "throttle": 0.5672280741207747,
            "brake": 0.0,
            "steer": 0.0
        },
        {
            "throttle": 0.5605699404791028,
            "brake": 0.0,
            "steer": 0.0
        },
        {
            "throttle": 0.5533246979528229,
            "brake": 0.0,
            "steer": 0.0
        },
        {
            "throttle": 0.5455518085831557,
            "brake": 0.0,
            "steer": 0.0
        },
        {
            "throttle": 0.5373150648334213,
            "brake": 0.0,
            "steer": 0.0
        },
        {
            "throttle": 0.528682066041336,
            "brake": 0.0,
            "steer": 0.0
        },
        {
            "throttle": 0.5197236636281148,
            "brake": 0.0,
            "steer": 0.0
        },
        {
            "throttle": 0.5105133796175729,
            "brake": 0.0,
            "steer": 0.0
        },
        {
            "throttle": 0.5011268032374697,
            "brake": 0.0,
            "steer": 0.0
        },
        {
            "throttle": 0.49164097055521205,
            "brake": 0.0,
            "steer": 0.0
        },
        {
            "throttle": 0.48213373223927913,
            "brake": 0.0,
            "steer": 0.0
        },
        {
            "throttle": 0.47268311463517787,
            "brake": 0.0,
            "steer": 0.0
        },
        {
            "throttle": 0.46336667939960896,
            "brake": 0.0,
            "steer": 0.0
        },
        {
            "throttle": 0.4542608869483551,
            "brake": 0.0,
            "steer": 0.0
        },
        {
            "throttle": 0.4454404689421053,
            "brake": 0.0,
            "steer": 0.0
        },
        {
            "throttle": 0.4369778149602518,
            "brake": 0.0,
            "steer": 0.0
        },
        {
            "throttle": 0.42894237839625643,
            "brake": 0.0,
            "steer": 0.0
        },
        {
            "throttle": 0.42140010645043197,
            "brake": 0.0,
            "steer": 0.0
        },
        {
            "throttle": 0.4144128988982121,
            "brake": 0.0,
            "steer": 0.0
        },
        {
            "throttle": 0.4080381000758259,
            "brake": 0.0,
            "steer": 0.0
        },
        {
            "throttle": 0.4023280282526722,
            "brake": 0.0,
            "steer": 0.0
        },
        {
            "throttle": 0.397329546252858,
            "brake": 0.0,
            "steer": 0.0
        },
        {
            "throttle": 0.3930836768498288,
            "brake": 0.0,
            "steer": 0.0
        },
        {
            "throttle": 0.3896252660905658,
            "brake": 0.0,
            "steer": 0.0
        },
        {
            "throttle": 0.3869826973124631,
            "brake": 0.0,
            "steer": 0.0
        },
        {
            "throttle": 0.3851776581999621,
            "brake": 0.0,
            "steer": 0.0
        },
        {
            "throttle": 0.3842249627927203,
            "brake": 0.0,
            "steer": 0.0
        },
        {
            "throttle": 0.38413242990610114,
            "brake": 0.0,
            "steer": 0.0
        },
        {
            "throttle": 0.3849008189617939,
            "brake": 0.0,
            "steer": 0.0
        },
        {
            "throttle": 0.38652382375520467,
            "brake": 0.0,
            "steer": 0.0
        },
        {
            "throttle": 0.3889881242107698,
            "brake": 0.0,
            "steer": 0.0
        },
        {
            "throttle": 0.39227349570043335,
            "brake": 0.0,
            "steer": 0.0
        },
        {
            "throttle": 0.396352975028107,
            "brake": 0.0,
            "steer": 0.0
        },
        {
            "throttle": 0.40119308171787005,
            "brake": 0.0,
            "steer": 0.0
        },
        {
            "throttle": 0.40675409278978697,
            "brake": 0.0,
            "steer": 0.0
        },
        {
            "throttle": 0.41299036876824496,
            "brake": 0.0,
            "steer": 0.0
        },
        {
            "throttle": 0.4198507282472457,
            "brake": 0.0,
            "steer": 0.0
        },
        {
            "throttle": 0.42727886793857617,
            "brake": 0.0,
            "steer": 0.0
        },
        {
            "throttle": 0.4352138247555053,
            "brake": 0.0,
            "steer": 0.0
        },
        {
            "throttle": 0.4435904761396615,
            "brake": 0.0,
            "steer": 0.0
        },
        {
            "throttle": 0.4523400745248884,
            "brake": 0.0,
            "steer": 0.0
        },
        {
            "throttle": 0.4613908115517059,
            "brake": 0.0,
            "steer": 0.0
        },
        {
            "throttle": 0.4706684074018452,
            "brake": 0.0,
            "steer": 0.0
        },
        {
            "throttle": 0.4800967204161597,
            "brake": 0.0,
            "steer": 0.0
        },
        {
            "throttle": 0.489598371992751,
            "brake": 0.0,
            "steer": 0.0
        },
        {
            "throttle": 0.49909538163674105,
            "brake": 0.0,
            "steer": 0.0
        },
        {
            "throttle": 0.5085098069498075,
            "brake": 0.0,
            "steer": 0.0
        },
        {
            "throttle": 0.5177643833070599,
            "brake": 0.0,
            "steer": 0.0
        },
        {
            "throttle": 0.5267831579713967,
            "brake": 0.0,
            "steer": 0.0
        },
        {
            "throttle": 0.5354921134411395,
            "brake": 0.0,
            "steer": 0.0
        },
        {
            "throttle": 0.5438197749150991,
            "brake": 0.0,
            "steer": 0.0
        },
        {
            "throttle": 0.5516977968895829,
            "brake": 0.0,
            "steer": 0.0
        },
        {
            "throttle": 0.55906152407311,
            "brake": 0.0,
            "steer": 0.0
        },
        {
            "throttle": 0.5658505220153863,
            "brake": 0.0,
            "steer": 0.0
        },
        {
            "throttle": 0.5720090730956383,
            "brake": 0.0,
            "steer": 0.0
        },
        {
            "throttle": 0.5774866337997097,
            "brake": 0.0,
            "steer": 0.0
        },
        {
            "throttle": 0.5822382495330243,
            "brake": 0.0,
            "steer": 0.0
        },
        {
            "throttle": 0.5862249235650276,
            "brake": 0.0,
            "steer": 0.0
        },
        {
            "throttle": 0.589413937077162,
            "brake": 0.0,
            "steer": 0.0
        },
        {
            "throttle": 0.5917791176877268,
            "brake": 0.0,
            "steer": 0.0
        },
        {
            "throttle": 0.5933010542498282,
            "brake": 0.0,
            "steer": 0.0
        },
        {
            "throttle": 0.5939672561595608,
            "brake": 0.0,
            "steer": 0.0
        },
        {
            "throttle": 0.5937722558669742,
            "brake": 0.0,
            "steer": 0.0
        },
        {
            "throttle": 0.5927176537485077,
            "brake": 0.0,
            "steer": 0.0
        },
        {
            "throttle": 0.5908121049726269,
            "brake": 0.0,
            "steer": 0.0
        },
        {
            "throttle": 0.588071248466455,
            "brake": 0.0,
            "steer": 0.0
        },
        {
            "throttle": 0.5845175785663734,
            "brake": 0.0,
            "steer": 0.0
        },
        {
            "throttle": 0.5801802604059599,
            "brake": 0.0,
            "steer": 0.0
        },
        {
            "throttle": 0.5750948905563862,
            "brake": 0.0,
            "steer": 0.0
        },
        {
            "throttle": 0.5693032048837078,
            "brake": 0.0,
            "steer": 0.0
        },
        {
            "throttle": 0.5628527360206774,
            "brake": 0.0,
            "steer": 0.0
        },
        {
            "throttle": 0.5557964232642247,
            "brake": 0.0,
            "steer": 0.0
        },
        {
            "throttle": 0.5481921781001929,
            "brake": 0.0,
            "steer": 0.0
        },
        {
            "throttle": 0.54010240892109,
            "brake": 0.0,
            "steer": 0.0
        },
        {
            "throttle": 0.5315935088375188,
            "brake": 0.0,
            "steer": 0.0
        },
        {
            "throttle": 0.5227353107868418,
            "brake": 0.0,
            "steer": 0.0
        },
        {
            "throttle": 0.5136005144110266,
            "brake": 0.0,
            "steer": 0.0
        },
        {
            "throttle": 0.5042640894073155,
            "brake": 0.0,
            "steer": 0.0
        },
        {
            "throttle": 0.494802660248445,
            "brake": 0.0,
            "steer": 0.0
        },
        {
            "throttle": 0.48529387732204665,
            "brake": 0.0,
            "steer": 0.0
        },
        {
            "throttle": 0.4758157796503172,
            "brake": 0.0,
            "steer": 0.0
        },
        {
            "throttle": 0.4664461544201458,
            "brake": 0.0,
            "steer": 0.0
        },
        {
            "throttle": 0.4572618985800664,
            "brake": 0.0,
            "steer": 0.0
        },
        {
            "throttle": 0.4483383877434367,
            "brake": 0.0,
            "steer": 0.0
        },
        {
            "throttle": 0.439748857577286,
            "brake": 0.0,
            "steer": 0.0
        },
        {
            "throttle": 0.4315638027538012,
            "brake": 0.0,
            "steer": 0.0
        },
        {
            "throttle": 0.42385039839728533,
            "brake": 0.0,
            "steer": 0.0
        },
        {
            "throttle": 0.4166719487747985,
            "brake": 0.0,
            "steer": 0.0
        },
        {
            "throttle": 0.41008736775510424,
            "brake": 0.0,
            "steer": 0.0
        },
        {
            "throttle": 0.4041506952998178,
            "brake": 0.0,
            "steer": 0.0
        },
        {
            "throttle": 0.39891065395493663,
            "brake": 0.0,
            "steer": 0.0
        },
        {
            "throttle": 0.3944102489826473,
            "brake": 0.0,
            "steer": 0.0
        },
        {
            "throttle": 0.39068641541514537,
            "brake": 0.0,
            "steer": 0.0
        },
        {
            "throttle": 0.3877697149271139,
            "brake": 0.0,
            "steer": 0.0
        },
        {
            "throttle": 0.3856840850146435,
            "brake": 0.0,
            "steer": 0.0
        },
        {
            "throttle": 0.38444664253909216,
            "brake": 0.0,
            "steer": 0.0
        },
        {
            "throttle": 0.3840675432482104,
            "brake": 0.0,
            "steer": 0.0
        },
        {
            "throttle": 0.38454989842744935,
            "brake": 0.0,
            "steer": 0.0
        },
        {
            "throttle": 0.38588974936549636,
            "brake": 0.0,
            "steer": 0.0
        },
        {
            "throttle": 0.3880760998436026,
            "brake": 0.0,
            "steer": 0.0
        },
        {
            "throttle": 0.39109100638205985,
            "brake": 0.0,
            "steer": 0.0
        },
        {
            "throttle": 0.3949097255031699,
            "brake": 0.0,
            "steer": 0.0
        },
        {
            "throttle": 0.3995009168021132,
            "brake": 0.0,
            "steer": 0.0
        }
    ],
    "parameters": {
        "fog_density": 73.01964065909614,
        "precipitation": 9.840519468723052,
        "precipitation_deposits": 52.506343765243734,
        "wind_intensity": 33.13649749416099,
        "sun_altitude_angle": 15.652150041544253,
        "cloudiness": 89.43178892338999,
        "lead_base_throttle": 0.4890327686801681,
        "lead_behavior_frequency": 0.14423219005428922,
        "lead_throttle_variation": 0.10826510481544288,
        "lead_brake_probability": 0.0037853562364110523,
        "lead_brake_intensity": 0.4355644363645542,
        "lead_brake_duration": 10.099793569472585,
        "initial_distance": 56.342327259127,
        "initial_ego_velocity": 17.645430072488168,
        "initial_lead_velocity": 21.442163086570666
    },
    "config": {
        "num_timesteps": 200,
        "dt": 0.1,
        "seed": 132
    }
}