{
    "weather": {
        "cloudiness": 35.023752063262734,
        "precipitation": 98.13415558885092,
        "precipitation_deposits": 74.68437422572866,
        "wind_intensity": 3.0210350584843004,
        "sun_altitude_angle": 74.5211623711116,
        "fog_density": 55.02534134034347,
        "fog_distance": 159.7447508683997,
        "wetness": 49.06707779442546
    },
    "initial_conditions": {
        "ego": {
            "position": {
                "x": 555.4182151871539,
                "y": 20.57,
                "z": 0.294
            },
            "yaw": 0.0,
            "velocity": 13.613877066639022
        },
        "lead": {
            "position": {
                "x": 484.88,
                "y": 20.57,
                "z": 0.294
            },
            "yaw": 0.0,
            "velocity": 7.099495483950062
        }
    },
    "ego": {
        "position": {
            "x": 555.4182151871539,
            "y": 20.57,
            "z": 0.294
        },
        "yaw": 0.0,
        "velocity": 13.613877066639022
    },
    "lead": {
        "position": {
            "x": 484.88,
            "y": 20.57,
            "z": 0.294
        },
        "yaw": 0.0,
        "velocity": 7.099495483950062
    },
    "ado_actions": [
        {
            "throttle": 0.2475123158079263,
            "brake": 0.0,
            "steer": 0.0
        },
        {
            "throttle": 0.2550836436973295,
            "brake": 0.0,
            "steer": 0.0
        },
        {
            "throttle": 0.2678632363352673,
            "brake": 0.0,
            "steer": 0.0
        },
        {
            "throttle": 0.28410639451885294,
            "brake": 0.0,
            "steer": 0.0
        },
        {
            "throttle": 0.30250347990553106,
            "brake": 0.0,
            "steer": 0.0
        },
        {
            "throttle": 0.3220526724837774,
            "brake": 0.0,
            "steer": 0.0
        },
        {
            "throttle": 0.34197193076895316,
            "brake": 0.0,
            "steer": 0.0
        },
        {
            "throttle": 0.36163834177845183,
            "brake": 0.0,
            "steer": 0.0
        },
        {
            "throttle": 0.38054657988551654,
            "brake": 0.0,
            "steer": 0.0
        },
        {
            "throttle": 0.3982806668572092,
            "brake": 0.0,
            "steer": 0.0
        },
        {
            "throttle": 0.4144949575346721,
            "brake": 0.0,
            "steer": 0.0
        },
        {
            "throttle": 0.428901489152025,
            "brake": 0.0,
            "steer": 0.0
        },
        {
            "throttle": 0.44126168290878687,
            "brake": 0.0,
            "steer": 0.0
        },
        {
            "throttle": 0.4513809830821455,
            "brake": 0.0,
            "steer": 0.0
        },
        {
            "throttle": 0.4591054379555028,
            "brake": 0.0,
            "steer": 0.0
        },
        {
            "throttle": 0.4643195215185607,
            "brake": 0.0,
            "steer": 0.0
        },
        {
            "throttle": 0.4669447026040606,
            "brake": 0.0,
            "steer": 0.0
        },
        {
            "throttle": 0.4669384149893571,
            "brake": 0.0,
            "steer": 0.0
        },
        {
            "throttle": 0.46429318627510585,
            "brake": 0.0,
            "steer": 0.0
        },
        {
            "throttle": 0.45903575782801515,
            "brake": 0.0,
            "steer": 0.0
        },
        {
            "throttle": 0.45122608166066713,
            "brake": 0.0,
            "steer": 0.0
        },
        {
            "throttle": 0.4409561190458247,
            "brake": 0.0,
            "steer": 0.0
        },
        {
            "throttle": 0.42834839426716487,
            "brake": 0.0,
            "steer": 0.0
        },
        {
            "throttle": 0.4135542782158083,
            "brake": 0.0,
            "steer": 0.0
        },
        {
            "throttle": 0.3967519926527644,
            "brake": 0.0,
            "steer": 0.0
        },
        {
            "throttle": 0.37814433832728517,
            "brake": 0.0,
            "steer": 0.0
        },
        {
            "throttle": 0.3579561597759693,
            "brake": 0.0,
            "steer": 0.0
        },
        {
            "throttle": 0.33643156721955164,
            "brake": 0.0,
            "steer": 0.0
        },
        {
            "throttle": 0.31383094199798334,
            "brake": 0.0,
            "steer": 0.0
        },
        {
            "throttle": 0.29042775676309573,
            "brake": 0.0,
            "steer": 0.0
        },
        {
            "throttle": 0.26650524540146026,
            "brake": 0.0,
            "steer": 0.0
        },
        {
            "throttle": 0.24235296053677632,
            "brake": 0.0,
            "steer": 0.0
        },
        {
            "throttle": 0.21826325856237994,
            "brake": 0.0,
            "steer": 0.0
        },
        {
            "throttle": 0.1945277535499859,
            "brake": 0.0,
            "steer": 0.0
        },
        {
            "throttle": 0.17143378212028698,
            "brake": 0.0,
            "steer": 0.0
        },
        {
            "throttle": 0.14926092148220982,
            "brake": 0.0,
            "steer": 0.0
        },
        {
            "throttle": 0.1282776023816449,
            "brake": 0.0,
            "steer": 0.0
        },
        {
            "throttle": 0.10873785767582239,
            "brake": 0.0,
            "steer": 0.0
        },
        {
            "throttle": 0.09087824569459198,
            "brake": 0.0,
            "steer": 0.0
        },
        {
            "throttle": 0.07491498549470944,
            "brake": 0.0,
            "steer": 0.0
        },
        {
            "throttle": 0.061041338590551004,
            "brake": 0.0,
            "steer": 0.0
        },
        {
            "throttle": 0.04942526879049784,
            "brake": 0.0,
            "steer": 0.0
        },
        {
            "throttle": 0.04020740842216561,
            "brake": 0.0,
            "steer": 0.0
        },
        {
            "throttle": 0.03349935553489088,
            "brake": 0.0,
            "steer": 0.0
        },
        {
            "throttle": 0.02938232267104788,
            "brake": 0.0,
            "steer": 0.0
        },
        {
            "throttle": 0.027906153548556103,
            "brake": 0.0,
            "steer": 0.0
        },
        {
            "throttle": 0.02908871954772233,
            "brake": 0.0,
            "steer": 0.0
        },
        {
            "throttle": 0.03291570330084767,
            "brake": 0.0,
            "steer": 0.0
        },
        {
            "throttle": 0.03934077199890382,
            "brake": 0.0,
            "steer": 0.0
        },
        {
            "throttle": 0.048286138313066315,
            "brake": 0.0,
            "steer": 0.0
        },
        {
            "throttle": 0.059643502137310844,
            "brake": 0.0,
            "steer": 0.0
        },
        {
            "throttle": 0.0732753617485872,
            "brake": 0.0,
            "steer": 0.0
        },
        {
            "throttle": 0.08901667850920066,
            "brake": 0.0,
            "steer": 0.0
        },
        {
            "throttle": 0.10667687495616776,
            "brake": 0.0,
            "steer": 0.0
        },
        {
            "throttle": 0.1260421420863458,
            "brake": 0.0,
            "steer": 0.0
        },
        {
            "throttle": 0.14687802790295473,
            "brake": 0.0,
            "steer": 0.0
        },
        {
            "throttle": 0.1689322758840711,
            "brake": 0.0,
            "steer": 0.0
        },
        {
            "throttle": 0.19193787900800835,
            "brake": 0.0,
            "steer": 0.0
        },
        {
            "throttle": 0.2156163123608575,
            "brake": 0.0,
            "steer": 0.0
        },
        {
            "throttle": 0.23968090518944712,
            "brake": 0.0,
            "steer": 0.0
        },
        {
            "throttle": 0.26384031157477433,
            "brake": 0.0,
            "steer": 0.0
        },
        {
            "throttle": 0.2878020377069994,
            "brake": 0.0,
            "steer": 0.0
        },
        {
            "throttle": 0.31127598305785004,
            "brake": 0.0,
            "steer": 0.0
        },
        {
            "throttle": 0.33397795257803786,
            "brake": 0.0,
            "steer": 0.0
        },
        {
            "throttle": 0.35563309739809323,
            "brake": 0.0,
            "steer": 0.0
        },
        {
            "throttle": 0.3759792423766288,
            "brake": 0.0,
            "steer": 0.0
        },
        {
            "throttle": 0.3947700602099615,
            "brake": 0.0,
            "steer": 0.0
        },
        {
            "throttle": 0.41177805367468606,
            "brake": 0.0,
            "steer": 0.0
        },
        {
            "throttle": 0.42679730989769105,
            "brake": 0.0,
            "steer": 0.0
        },
        {
            "throttle": 0.4396459933081393,
            "brake": 0.0,
            "steer": 0.0
        },
        {
            "throttle": 0.4501685470896657,
            "brake": 0.0,
            "steer": 0.0
        },
        {
            "throttle": 0.4582375764801849,
            "brake": 0.0,
            "steer": 0.0
        },
        {
            "throttle": 0.46375539111851916,
            "brake": 0.0,
            "steer": 0.0
        },
        {
            "throttle": 0.4666551877649168,
            "brake": 0.0,
            "steer": 0.0
        },
        {
            "throttle": 0.46690185907646803,
            "brake": 0.0,
            "steer": 0.0
        },
        {
            "throttle": 0.46449241864570867,
            "brake": 0.0,
            "steer": 0.0
        },
        {
            "throttle": 0.4594560371565444,
            "brake": 0.0,
            "steer": 0.0
        },
        {
            "throttle": 0.4518536892197599,
            "brake": 0.0,
            "steer": 0.0
        },
        {
            "throttle": 0.4417774151638164,
            "brake": 0.0,
            "steer": 0.0
        },
        {
            "throttle": 0.429349206718309,
            "brake": 0.0,
            "steer": 0.0
        },
        {
            "throttle": 0.41471953008092477,
            "brake": 0.0,
            "steer": 0.0
        },
        {
            "throttle": 0.3980655042488771,
            "brake": 0.0,
            "steer": 0.0
        },
        {
            "throttle": 0.3795887566694476,
            "brake": 0.0,
            "steer": 0.0
        },
        {
            "throttle": 0.3595129821709065,
            "brake": 0.0,
            "steer": 0.0
        },
        {
            "throttle": 0.33808123472742013,
            "brake": 0.0,
            "steer": 0.0
        },
        {
            "throttle": 0.3155529848460844,
            "brake": 0.0,
            "steer": 0.0
        },
        {
            "throttle": 0.2922009782017959,
            "brake": 0.0,
            "steer": 0.0
        },
        {
            "throttle": 0.26830793355193433,
            "brake": 0.0,
            "steer": 0.0
        },
        {
            "throttle": 0.24416311990863745,
            "brake": 0.0,
            "steer": 0.0
        },
        {
            "throttle": 0.22005885440826026,
            "brake": 0.0,
            "steer": 0.0
        },
        {
            "throttle": 0.19628696327771444,
            "brake": 0.0,
            "steer": 0.0
        },
        {
            "throttle": 0.17313524874416478,
            "brake": 0.0,
            "steer": 0.0
        },
        {
            "throttle": 0.15088400466260393,
            "brake": 0.0,
            "steer": 0.0
        },
        {
            "throttle": 0.12980262304600618,
            "brake": 0.0,
            "steer": 0.0
        },
        {
            "throttle": 0.1101463325822218,
            "brake": 0.0,
            "steer": 0.0
        },
        {
            "throttle": 0.09215310862383064,
            "brake": 0.0,
            "steer": 0.0
        },
        {
            "throttle": 0.07604079206117935,
            "brake": 0.0,
            "steer": 0.0
        },
        {
            "throttle": 0.06200445195991573,
            "brake": 0.0,
            "steer": 0.0
        },
        {
            "throttle": 0.050214023893116654,
            "brake": 0.0,
            "steer": 0.0
        },
        {
            "throttle": 0.04081225256031897,
            "brake": 0.0,
            "steer": 0.0
        },
        {
            "throttle": 0.03391296360181419,
            "brake": 0.0,
            "steer": 0.0
        },
        {
            "throttle": 0.02959968553105581,
            "brake": 0.0,
            "steer": 0.0
        },
        {
            "throttle": 0.027924638469208295,
            "brake": 0.0,
            "steer": 0.0
        },
        {
            "throttle": 0.028908101925056176,
            "brake": 0.0,
            "steer": 0.0
        },
        {
            "throttle": 0.03253816927445352,
            "brake": 0.0,
            "steer": 0.0
        },
        {
            "throttle": 0.03877089191178968,
            "brake": 0.0,
            "steer": 0.0
        },
        {
            "throttle": 0.0475308113282538,
            "brake": 0.0,
            "steer": 0.0
        },
        {
            "throttle": 0.05871187267511714,
            "brake": 0.0,
            "steer": 0.0
        },
        {
            "throttle": 0.07217870875167937,
            "brake": 0.0,
            "steer": 0.0
        },
        {
            "throttle": 0.08776827887285504,
            "brake": 0.0,
            "steer": 0.0
        },
        {
            "throttle": 0.105291842774911,
            "brake": 0.0,
            "steer": 0.0
        },
        {
            "throttle": 0.12453724566161384,
            "brake": 0.0,
            "steer": 0.0
        },
        {
            "throttle": 0.1452714867261257,
            "brake": 0.0,
            "steer": 0.0
        },
        {
            "throttle": 0.1672435400519905,
            "brake": 0.0,
            "steer": 0.0
        },
        {
            "throttle": 0.19018739374104465,
            "brake": 0.0,
            "steer": 0.0
        },
        {
            "throttle": 0.21382527047405037,
            "brake": 0.0,
            "steer": 0.0
        },
        {
            "throttle": 0.23787099051327254,
            "brake": 0.0,
            "steer": 0.0
        },
        {
            "throttle": 0.2620334364317015,
            "brake": 0.0,
            "steer": 0.0
        },
        {
            "throttle": 0.2860200776220378,
            "brake": 0.0,
            "steer": 0.0
        },
        {
            "throttle": 0.3095405119148085,
            "brake": 0.0,
            "steer": 0.0
        },
        {
            "throttle": 0.3323099814278505,
            "brake": 0.0,
            "steer": 0.0
        },
        {
            "throttle": 0.3540528200813709,
            "brake": 0.0,
            "steer": 0.0
        },
        {
            "throttle": 0.37450579104010895,
            "brake": 0.0,
            "steer": 0.0
        },
        {
            "throttle": 0.3934212736767556,
            "brake": 0.0,
            "steer": 0.0
        },
        {
            "throttle": 0.41057026147261066,
            "brake": 0.0,
            "steer": 0.0
        },
        {
            "throttle": 0.4257451345604045,
            "brake": 0.0,
            "steer": 0.0
        },
        {
            "throttle": 0.43876217334258266,
            "brake": 0.0,
            "steer": 0.0
        },
        {
            "throttle": 0.4494637827531056,
            "brake": 0.0,
            "steer": 0.0
        },
        {
            "throttle": 0.4577204002340058,
            "brake": 0.0,
            "steer": 0.0
        },
        {
            "throttle": 0.4634320643271559,
            "brake": 0.0,
            "steer": 0.0
        },
        {
            "throttle": 0.46652962489057537,
            "brake": 0.0,
            "steer": 0.0
        },
        {
            "throttle": 0.4669755802873925,
            "brake": 0.0,
            "steer": 0.0
        },
        {
            "throttle": 0.4647645314117592,
            "brake": 0.0,
            "steer": 0.0
        },
        {
            "throttle": 0.459923247054904,
            "brake": 0.0,
            "steer": 0.0
        },
        {
            "throttle": 0.4525103398199467,
            "brake": 0.0,
            "steer": 0.0
        },
        {
            "throttle": 0.44261555650911977,
            "brake": 0.0,
            "steer": 0.0
        },
        {
            "throttle": 0.4303586915745573,
            "brake": 0.0,
            "steer": 0.0
        },
        {
            "throttle": 0.41588813678731584,
            "brake": 0.0,
            "steer": 0.0
        },
        {
            "throttle": 0.39937908468353855,
            "brake": 0.0,
            "steer": 0.0
        },
        {
            "throttle": 0.3810314075383322,
            "brake": 0.0,
            "steer": 0.0
        },
        {
            "throttle": 0.36106723754625775,
            "brake": 0.0,
            "steer": 0.0
        },
        {
            "throttle": 0.3397282775047773,
            "brake": 0.0,
            "steer": 0.0
        },
        {
            "throttle": 0.3172728745597531,
            "brake": 0.0,
            "steer": 0.0
        },
        {
            "throttle": 0.29397289244066194,
            "brake": 0.0,
            "steer": 0.0
        },
        {
            "throttle": 0.2701104200528395,
            "brake": 0.0,
            "steer": 0.0
        },
        {
            "throttle": 0.245974356275267,
            "brake": 0.0,
            "steer": 0.0
        },
        {
            "throttle": 0.22185691231116916,
            "brake": 0.0,
            "steer": 0.0
        },
        {
            "throttle": 0.1980500739368679,
            "brake": 0.0,
            "steer": 0.0
        },
        {
            "throttle": 0.17484206647984155,
            "brake": 0.0,
            "steer": 0.0
        },
        {
            "throttle": 0.15251386532389555,
            "brake": 0.0,
            "steer": 0.0
        },
        {
            "throttle": 0.1313357941881647,
            "brake": 0.0,
            "steer": 0.0
        },
        {
            "throttle": 0.11156425236399899,
            "brake": 0.0,
            "steer": 0.0
        },
        {
            "throttle": 0.09343861053252049,
            "brake": 0.0,
            "steer": 0.0
        },
        {
            "throttle": 0.0771783127446567,
            "brake": 0.0,
            "steer": 0.0
        },
        {
            "throttle": 0.06298021964948315,
            "brake": 0.0,
            "steer": 0.0
        },
        {
            "throttle": 0.051016225135956564,
            "brake": 0.0,
            "steer": 0.0
        },
        {
            "throttle": 0.04143117524295014,
            "brake": 0.0,
            "steer": 0.0
        },
        {
            "throttle": 0.0343411145329913,
            "brake": 0.0,
            "steer": 0.0
        },
        {
            "throttle": 0.0298318811605565,
            "brake": 0.0,
            "steer": 0.0
        },
        {
            "throttle": 0.027958067644190693,
            "brake": 0.0,
            "steer": 0.0
        },
        {
            "throttle": 0.028742359924206342,
            "brake": 0.0,
            "steer": 0.0
        },
        {
            "throttle": 0.032175262707877364,
            "brake": 0.0,
            "steer": 0.0
        },
        {
            "throttle": 0.038215214427327115,
            "brake": 0.0,
            "steer": 0.0
        },
        {
            "throttle": 0.04678909041833432,
            "brake": 0.0,
            "steer": 0.0
        },
        {
            "throttle": 0.057793088228157735,
            "brake": 0.0,
            "steer": 0.0
        },
        {
            "throttle": 0.07109398433410838,
            "brake": 0.0,
            "steer": 0.0
        },
        {
            "throttle": 0.08653074705799309,
            "brake": 0.0,
            "steer": 0.0
        },
        {
            "throttle": 0.10391648614914759,
            "brake": 0.0,
            "steer": 0.0
        },
        {
            "throttle": 0.12304071543279212,
            "brake": 0.0,
            "steer": 0.0
        },
        {
            "throttle": 0.1436719011302124,
            "brake": 0.0,
            "steer": 0.0
        },
        {
            "throttle": 0.16556026499868617,
            "brake": 0.0,
            "steer": 0.0
        },
        {
            "throttle": 0.18844080835402172,
            "brake": 0.0,
            "steer": 0.0
        },
        {
            "throttle": 0.21203652036438175,
            "brake": 0.0,
            "steer": 0.0
        },
        {
            "throttle": 0.23606173177312934,
            "brake": 0.0,
            "steer": 0.0
        },
        {
            "throttle": 0.2602255734477425,
            "brake": 0.0,
            "steer": 0.0
        },
        {
            "throttle": 0.28423549788273966,
            "brake": 0.0,
            "steer": 0.0
        },
        {
            "throttle": 0.3078008210223804,
            "brake": 0.0,
            "steer": 0.0
        },
        {
            "throttle": 0.3306362415228966,
            "brake": 0.0,
            "steer": 0.0
        },
        {
            "throttle": 0.3524652948471504,
            "brake": 0.0,
            "steer": 0.0
        },
        {
            "throttle": 0.37302370037358223,
            "brake": 0.0,
            "steer": 0.0
        },
        {
            "throttle": 0.392062560996574,
            "brake": 0.0,
            "steer": 0.0
        },
        {
            "throttle": 0.4093513764812099,
            "brake": 0.0,
            "steer": 0.0
        },
        {
            "throttle": 0.424680834090266,
            "brake": 0.0,
            "steer": 0.0
        },
        {
            "throttle": 0.43786534269778243,
            "brake": 0.0,
            "steer": 0.0
        },
        {
            "throttle": 0.4487452797091375,
            "brake": 0.0,
            "steer": 0.0
        },
        {
            "throttle": 0.4571889235845477,
            "brake": 0.0,
            "steer": 0.0
        },
        {
            "throttle": 0.46309404856925984,
            "brake": 0.0,
            "steer": 0.0
        },
        {
            "throttle": 0.46638916232330996,
            "brake": 0.0,
            "steer": 0.0
        },
        {
            "throttle": 0.46703437146707727,
            "brake": 0.0,
            "steer": 0.0
        },
        {
            "throttle": 0.46502186456361966,
            "brake": 0.0,
            "steer": 0.0
        },
        {
            "throttle": 0.4603760066904068,
            "brake": 0.0,
            "steer": 0.0
        },
        {
            "throttle": 0.45315304445548765,
            "brake": 0.0,
            "steer": 0.0
        },
        {
            "throttle": 0.44344042502941033,
            "brake": 0.0,
            "steer": 0.0
        },
        {
            "throttle": 0.431355737437258,
            "brake": 0.0,
            "steer": 0.0
        },
        {
            "throttle": 0.4170452889284,
            "brake": 0.0,
            "steer": 0.0
        },
        {
            "throttle": 0.40068233365960315,
            "brake": 0.0,
            "steer": 0.0
        },
        {
            "throttle": 0.3824649751365375,
            "brake": 0.0,
            "steer": 0.0
        },
        {
            "throttle": 0.36261376780845583,
            "brake": 0.0,
            "steer": 0.0
        },
        {
            "throttle": 0.3413690468531344,
            "brake": 0.0,
            "steer": 0.0
        },
        {
            "throttle": 0.31898801847990954,
            "brake": 0.0,
            "steer": 0.0
        }
    ],
    "parameters": {
        "fog_density": 55.02534134034347,
        "precipitation": 98.13415558885092,
        "precipitation_deposits": 74.68437422572866,
        "wind_intensity": 3.0210350584843004,
        "sun_altitude_angle": 74.5211623711116,
        "cloudiness": 35.023752063262734,
        "lead_base_throttle": 0.24751231580792632,
        "lead_behavior_frequency": 0.17520829542403932,
        "lead_throttle_variation": 0.22971736639182652,
        "lead_brake_probability": 0.014192205329140438,
        "lead_brake_intensity": 0.638057875891982,
        "lead_brake_duration": 8.589355674148376,
        "initial_distance": 70.53821518715395,
        "initial_ego_velocity": 13.613877066639022,
        "initial_lead_velocity": 7.099495483950062
    },
    "config": {
        "num_timesteps": 200,
        "dt": 0.1,
        "seed": 193
    }
}