{
    "weather": {
        "cloudiness": 19.811573012663132,
        "precipitation": 96.83947577026326,
        "precipitation_deposits": 79.9270588446572,
        "wind_intensity": 24.298092850847965,
        "sun_altitude_angle": -0.6416517861139646,
        "fog_density": 78.40339059077871,
        "fog_distance": 73.28155396213384,
        "wetness": 48.41973788513163
    },
    "initial_conditions": {
        "ego": {
            "position": {
                "x": 520.331975785178,
                "y": 20.57,
                "z": 0.294
            },
            "yaw": 0.0,
            "velocity": 16.050641291024263
        },
        "lead": {
            "position": {
                "x": 484.88,
                "y": 20.57,
                "z": 0.294
            },
            "yaw": 0.0,
            "velocity": 22.700758384532087
        }
    },
    "ego": {
        "position": {
            "x": 520.331975785178,
            "y": 20.57,
            "z": 0.294
        },
        "yaw": 0.0,
        "velocity": 16.050641291024263
    },
    "lead": {
        "position": {
            "x": 484.88,
            "y": 20.57,
            "z": 0.294
        },
        "yaw": 0.0,
        "velocity": 22.700758384532087
    },
    "ado_actions": [
        {
            "throttle": 0.43177420703784164,
            "brake": 0.0,
            "steer": 0.0
        },
        {
            "throttle": 0.4329076828994648,
            "brake": 0.0,
            "steer": 0.0
        },
        {
            "throttle": 0.43483160825149797,
            "brake": 0.0,
            "steer": 0.0
        },
        {
            "throttle": 0.4373028888750353,
            "brake": 0.0,
            "steer": 0.0
        },
        {
            "throttle": 0.44014839874445233,
            "brake": 0.0,
            "steer": 0.0
        },
        {
            "throttle": 0.4432440130477927,
            "brake": 0.0,
            "steer": 0.0
        },
        {
            "throttle": 0.446499939030943,
            "brake": 0.0,
            "steer": 0.0
        },
        {
            "throttle": 0.44985045523630984,
            "brake": 0.0,
            "steer": 0.0
        },
        {
            "throttle": 0.4532467365153699,
            "brake": 0.0,
            "steer": 0.0
        },
        {
            "throttle": 0.4566518389607892,
            "brake": 0.0,
            "steer": 0.0
        },
        {
            "throttle": 0.4600371966405595,
            "brake": 0.0,
            "steer": 0.0
        },
        {
            "throttle": 0.4633801764326984,
            "brake": 0.0,
            "steer": 0.0
        },
        {
            "throttle": 0.46666237335075106,
            "brake": 0.0,
            "steer": 0.0
        },
        {
            "throttle": 0.4698684240149893,
            "brake": 0.0,
            "steer": 0.0
        },
        {
            "throttle": 0.47298518260998523,
            "brake": 0.0,
            "steer": 0.0
        },
        {
            "throttle": 0.47600115034985013,
            "brake": 0.0,
            "steer": 0.0
        },
        {
            "throttle": 0.47890608214947217,
            "brake": 0.0,
            "steer": 0.0
        },
        {
            "throttle": 0.48169071707467315,
            "brake": 0.0,
            "steer": 0.0
        },
        {
            "throttle": 0.4843465951571134,
            "brake": 0.0,
            "steer": 0.0
        },
        {
            "throttle": 0.48686593436954695,
            "brake": 0.0,
            "steer": 0.0
        },
        {
            "throttle": 0.4892415494046497,
            "brake": 0.0,
            "steer": 0.0
        },
        {
            "throttle": 0.49146679939478777,
            "brake": 0.0,
            "steer": 0.0
        },
        {
            "throttle": 0.4935355555568408,
            "brake": 0.0,
            "steer": 0.0
        },
        {
            "throttle": 0.4954421824397987,
            "brake": 0.0,
            "steer": 0.0
        },
        {
            "throttle": 0.497181528339277,
            "brake": 0.0,
            "steer": 0.0
        },
        {
            "throttle": 0.498748921764533,
            "brake": 0.0,
            "steer": 0.0
        },
        {
            "throttle": 0.5001401717695263,
            "brake": 0.0,
            "steer": 0.0
        },
        {
            "throttle": 0.5013515706087239,
            "brake": 0.0,
            "steer": 0.0
        },
        {
            "throttle": 0.5023798976337587,
            "brake": 0.0,
            "steer": 0.0
        },
        {
            "throttle": 0.5032224236668544,
            "brake": 0.0,
            "steer": 0.0
        },
        {
            "throttle": 0.5038769153118241,
            "brake": 0.0,
            "steer": 0.0
        },
        {
            "throttle": 0.5043416388219167,
            "brake": 0.0,
            "steer": 0.0
        },
        {
            "throttle": 0.504615363255769,
            "brake": 0.0,
            "steer": 0.0
        },
        {
            "throttle": 0.5046973627321575,
            "brake": 0.0,
            "steer": 0.0
        },
        {
            "throttle": 0.5045874176509231,
            "brake": 0.0,
            "steer": 0.0
        },
        {
            "throttle": 0.5042858147881635,
            "brake": 0.0,
            "steer": 0.0
        },
        {
            "throttle": 0.5037933462033648,
            "brake": 0.0,
            "steer": 0.0
        },
        {
            "throttle": 0.5031113069178899,
            "brake": 0.0,
            "steer": 0.0
        },
        {
            "throttle": 0.5022414913405157,
            "brake": 0.0,
            "steer": 0.0
        },
        {
            "throttle": 0.5011861884281346,
            "brake": 0.0,
            "steer": 0.0
        },
        {
            "throttle": 0.4999481755794528,
            "brake": 0.0,
            "steer": 0.0
        },
        {
            "throttle": 0.4985307112673235,
            "brake": 0.0,
            "steer": 0.0
        },
        {
            "throttle": 0.49693752642180683,
            "brake": 0.0,
            "steer": 0.0
        },
        {
            "throttle": 0.49517281458152507,
            "brake": 0.0,
            "steer": 0.0
        },
        {
            "throttle": 0.49324122083565836,
            "brake": 0.0,
            "steer": 0.0
        },
        {
            "throttle": 0.4911478295831836,
            "brake": 0.0,
            "steer": 0.0
        },
        {
            "throttle": 0.4888981511398241,
            "brake": 0.0,
            "steer": 0.0
        },
        {
            "throttle": 0.4864981072267361,
            "brake": 0.0,
            "steer": 0.0
        },
        {
            "throttle": 0.48395401537827065,
            "brake": 0.0,
            "steer": 0.0
        },
        {
            "throttle": 0.48127257230925286,
            "brake": 0.0,
            "steer": 0.0
        },
        {
            "throttle": 0.47846083628513814,
            "brake": 0.0,
            "steer": 0.0
        },
        {
            "throttle": 0.4755262085411585,
            "brake": 0.0,
            "steer": 0.0
        },
        {
            "throttle": 0.4724764137991614,
            "brake": 0.0,
            "steer": 0.0
        },
        {
            "throttle": 0.469319479933282,
            "brake": 0.0,
            "steer": 0.0
        },
        {
            "throttle": 0.46606371683787295,
            "brake": 0.0,
            "steer": 0.0
        },
        {
            "throttle": 0.46271769455324685,
            "brake": 0.0,
            "steer": 0.0
        },
        {
            "throttle": 0.45929022070675973,
            "brake": 0.0,
            "steer": 0.0
        },
        {
            "throttle": 0.4557903173285829,
            "brake": 0.0,
            "steer": 0.0
        },
        {
            "throttle": 0.45222719710316583,
            "brake": 0.0,
            "steer": 0.0
        },
        {
            "throttle": 0.448610239118885,
            "brake": 0.0,
            "steer": 0.0
        },
        {
            "throttle": 0.4449489641797008,
            "brake": 0.0,
            "steer": 0.0
        },
        {
            "throttle": 0.4412530097438009,
            "brake": 0.0,
            "steer": 0.0
        },
        {
            "throttle": 0.4375321045551912,
            "brake": 0.0,
            "steer": 0.0
        },
        {
            "throttle": 0.4337960430350081,
            "brake": 0.0,
            "steer": 0.0
        },
        {
            "throttle": 0.43005465949995747,
            "brake": 0.0,
            "steer": 0.0
        },
        {
            "throttle": 0.4263178022757422,
            "brake": 0.0,
            "steer": 0.0
        },
        {
            "throttle": 0.42259530777361776,
            "brake": 0.0,
            "steer": 0.0
        },
        {
            "throttle": 0.41889697459831243,
            "brake": 0.0,
            "steer": 0.0
        },
        {
            "throttle": 0.4152325377554651,
            "brake": 0.0,
            "steer": 0.0
        },
        {
            "throttle": 0.4116116430264751,
            "brake": 0.0,
            "steer": 0.0
        },
        {
            "throttle": 0.4080438215782144,
            "brake": 0.0,
            "steer": 0.0
        },
        {
            "throttle": 0.40453846487443657,
            "brake": 0.0,
            "steer": 0.0
        },
        {
            "throttle": 0.4011047999549224,
            "brake": 0.0,
            "steer": 0.0
        },
        {
            "throttle": 0.39775186514743377,
            "brake": 0.0,
            "steer": 0.0
        },
        {
            "throttle": 0.39448848627640837,
            "brake": 0.0,
            "steer": 0.0
        },
        {
            "throttle": 0.39132325343102037,
            "brake": 0.0,
            "steer": 0.0
        },
        {
            "throttle": 0.3882644983537598,
            "brake": 0.0,
            "steer": 0.0
        },
        {
            "throttle": 0.38532027250904943,
            "brake": 0.0,
            "steer": 0.0
        },
        {
            "throttle": 0.3824983258896293,
            "brake": 0.0,
            "steer": 0.0
        },
        {
            "throttle": 0.379806086616495,
            "brake": 0.0,
            "steer": 0.0
        },
        {
            "throttle": 0.3772506413860899,
            "brake": 0.0,
            "steer": 0.0
        },
        {
            "throttle": 0.37483871681621717,
            "brake": 0.0,
            "steer": 0.0
        },
        {
            "throttle": 0.3725766617397764,
            "brake": 0.0,
            "steer": 0.0
        },
        {
            "throttle": 0.37047043049293116,
            "brake": 0.0,
            "steer": 0.0
        },
        {
            "throttle": 0.36852556724169777,
            "brake": 0.0,
            "steer": 0.0
        },
        {
            "throttle": 0.3667471913882123,
            "brake": 0.0,
            "steer": 0.0
        },
        {
            "throttle": 0.3651399840950897,
            "brake": 0.0,
            "steer": 0.0
        },
        {
            "throttle": 0.36370817596334726,
            "brake": 0.0,
            "steer": 0.0
        },
        {
            "throttle": 0.3624555358963275,
            "brake": 0.0,
            "steer": 0.0
        },
        {
            "throttle": 0.36138536117893233,
            "brake": 0.0,
            "steer": 0.0
        },
        {
            "throttle": 0.36050046879828446,
            "brake": 0.0,
            "steer": 0.0
        },
        {
            "throttle": 0.359803188028661,
            "brake": 0.0,
            "steer": 0.0
        },
        {
            "throttle": 0.3592953543002184,
            "brake": 0.0,
            "steer": 0.0
        },
        {
            "throttle": 0.3589783043676475,
            "brake": 0.0,
            "steer": 0.0
        },
        {
            "throttle": 0.3588528727914764,
            "brake": 0.0,
            "steer": 0.0
        },
        {
            "throttle": 0.35891938974128307,
            "brake": 0.0,
            "steer": 0.0
        },
        {
            "throttle": 0.35917768012660056,
            "brake": 0.0,
            "steer": 0.0
        },
        {
            "throttle": 0.3596270640578019,
            "brake": 0.0,
            "steer": 0.0
        },
        {
            "throttle": 0.3602663586357523,
            "brake": 0.0,
            "steer": 0.0
        },
        {
            "throttle": 0.361093881065517,
            "brake": 0.0,
            "steer": 0.0
        },
        {
            "throttle": 0.36210745308592934,
            "brake": 0.0,
            "steer": 0.0
        },
        {
            "throttle": 0.36330440670335895,
            "brake": 0.0,
            "steer": 0.0
        },
        {
            "throttle": 0.36468159121458704,
            "brake": 0.0,
            "steer": 0.0
        },
        {
            "throttle": 0.366235381500303,
            "brake": 0.0,
            "steer": 0.0
        },
        {
            "throttle": 0.3679616875673916,
            "brake": 0.0,
            "steer": 0.0
        },
        {
            "throttle": 0.3698559653148927,
            "brake": 0.0,
            "steer": 0.0
        },
        {
            "throttle": 0.37191322849529473,
            "brake": 0.0,
            "steer": 0.0
        },
        {
            "throttle": 0.3741280618396766,
            "brake": 0.0,
            "steer": 0.0
        },
        {
            "throttle": 0.3764946353121493,
            "brake": 0.0,
            "steer": 0.0
        },
        {
            "throttle": 0.3790067194560748,
            "brake": 0.0,
            "steer": 0.0
        },
        {
            "throttle": 0.3816577017916688,
            "brake": 0.0,
            "steer": 0.0
        },
        {
            "throttle": 0.38444060422182197,
            "brake": 0.0,
            "steer": 0.0
        },
        {
            "throttle": 0.38734810140032494,
            "brake": 0.0,
            "steer": 0.0
        },
        {
            "throttle": 0.3903725400141456,
            "brake": 0.0,
            "steer": 0.0
        },
        {
            "throttle": 0.39350595892900375,
            "brake": 0.0,
            "steer": 0.0
        },
        {
            "throttle": 0.3967401101452132,
            "brake": 0.0,
            "steer": 0.0
        },
        {
            "throttle": 0.40006648050863114,
            "brake": 0.0,
            "steer": 0.0
        },
        {
            "throttle": 0.4034763141195649,
            "brake": 0.0,
            "steer": 0.0
        },
        {
            "throttle": 0.4069606353806504,
            "brake": 0.0,
            "steer": 0.0
        },
        {
            "throttle": 0.4105102726230337,
            "brake": 0.0,
            "steer": 0.0
        },
        {
            "throttle": 0.41411588224866513,
            "brake": 0.0,
            "steer": 0.0
        },
        {
            "throttle": 0.4177679733251581,
            "brake": 0.0,
            "steer": 0.0
        },
        {
            "throttle": 0.4214569325684699,
            "brake": 0.0,
            "steer": 0.0
        },
        {
            "throttle": 0.42517304964764646,
            "brake": 0.0,
            "steer": 0.0
        },
        {
            "throttle": 0.42890654274501977,
            "brake": 0.0,
            "steer": 0.0
        },
        {
            "throttle": 0.4326475843045776,
            "brake": 0.0,
            "steer": 0.0
        },
        {
            "throttle": 0.43638632690072915,
            "brake": 0.0,
            "steer": 0.0
        },
        {
            "throttle": 0.4401129291593723,
            "brake": 0.0,
            "steer": 0.0
        },
        {
            "throttle": 0.4438175816630321,
            "brake": 0.0,
            "steer": 0.0
        },
        {
            "throttle": 0.44749053277188067,
            "brake": 0.0,
            "steer": 0.0
        },
        {
            "throttle": 0.4511221142926709,
            "brake": 0.0,
            "steer": 0.0
        },
        {
            "throttle": 0.45470276692801637,
            "brake": 0.0,
            "steer": 0.0
        },
        {
            "throttle": 0.4582230654390277,
            "brake": 0.0,
            "steer": 0.0
        },
        {
            "throttle": 0.46167374345507173,
            "brake": 0.0,
            "steer": 0.0
        },
        {
            "throttle": 0.4650457178653464,
            "brake": 0.0,
            "steer": 0.0
        },
        {
            "throttle": 0.46833011272806613,
            "brake": 0.0,
            "steer": 0.0
        },
        {
            "throttle": 0.4715182826343237,
            "brake": 0.0,
            "steer": 0.0
        },
        {
            "throttle": 0.4746018354651268,
            "brake": 0.0,
            "steer": 0.0
        },
        {
            "throttle": 0.47757265448170794,
            "brake": 0.0,
            "steer": 0.0
        },
        {
            "throttle": 0.4804229196909599,
            "brake": 0.0,
            "steer": 0.0
        },
        {
            "throttle": 0.48314512842975654,
            "brake": 0.0,
            "steer": 0.0
        },
        {
            "throttle": 0.48573211511397607,
            "brake": 0.0,
            "steer": 0.0
        },
        {
            "throttle": 0.4881770701002419,
            "brake": 0.0,
            "steer": 0.0
        },
        {
            "throttle": 0.49047355761073197,
            "brake": 0.0,
            "steer": 0.0
        },
        {
            "throttle": 0.4926155326738736,
            "brake": 0.0,
            "steer": 0.0
        },
        {
            "throttle": 0.4945973570363312,
            "brake": 0.0,
            "steer": 0.0
        },
        {
            "throttle": 0.49641381400440243,
            "brake": 0.0,
            "steer": 0.0
        },
        {
            "throttle": 0.4980601221757567,
            "brake": 0.0,
            "steer": 0.0
        },
        {
            "throttle": 0.49953194802536927,
            "brake": 0.0,
            "steer": 0.0
        },
        {
            "throttle": 0.5008254173125223,
            "brake": 0.0,
            "steer": 0.0
        },
        {
            "throttle": 0.5019371252788467,
            "brake": 0.0,
            "steer": 0.0
        },
        {
            "throttle": 0.5028641456105598,
            "brake": 0.0,
            "steer": 0.0
        },
        {
            "throttle": 0.5036040381413088,
            "brake": 0.0,
            "steer": 0.0
        },
        {
            "throttle": 0.5041548552753439,
            "brake": 0.0,
            "steer": 0.0
        },
        {
            "throttle": 0.5045151471141125,
            "brake": 0.0,
            "steer": 0.0
        },
        {
            "throttle": 0.5046839652727821,
            "brake": 0.0,
            "steer": 0.0
        },
        {
            "throttle": 0.5046608653766433,
            "brake": 0.0,
            "steer": 0.0
        },
        {
            "throttle": 0.5044459082308236,
            "brake": 0.0,
            "steer": 0.0
        },
        {
            "throttle": 0.5040396596602313,
            "brake": 0.0,
            "steer": 0.0
        },
        {
            "throttle": 0.5034431890201536,
            "brake": 0.0,
            "steer": 0.0
        },
        {
            "throttle": 0.5026580663814255,
            "brake": 0.0,
            "steer": 0.0
        },
        {
            "throttle": 0.5016863583975821,
            "brake": 0.0,
            "steer": 0.0
        },
        {
            "throttle": 0.5005306228648722,
            "brake": 0.0,
            "steer": 0.0
        },
        {
            "throttle": 0.49919390198945124,
            "brake": 0.0,
            "steer": 0.0
        },
        {
            "throttle": 0.497679714379479,
            "brake": 0.0,
            "steer": 0.0
        },
        {
            "throttle": 0.49599204578319744,
            "brake": 0.0,
            "steer": 0.0
        },
        {
            "throttle": 0.49413533859737213,
            "brake": 0.0,
            "steer": 0.0
        },
        {
            "throttle": 0.4921144801737113,
            "brake": 0.0,
            "steer": 0.0
        },
        {
            "throttle": 0.4899347899540441,
            "brake": 0.0,
            "steer": 0.0
        },
        {
            "throttle": 0.48760200546812205,
            "brake": 0.0,
            "steer": 0.0
        },
        {
            "throttle": 0.4851222672309003,
            "brake": 0.0,
            "steer": 0.0
        },
        {
            "throttle": 0.4825021025790543,
            "brake": 0.0,
            "steer": 0.0
        },
        {
            "throttle": 0.47974840848927736,
            "brake": 0.0,
            "steer": 0.0
        },
        {
            "throttle": 0.47686843342358665,
            "brake": 0.0,
            "steer": 0.0
        },
        {
            "throttle": 0.4738697582494255,
            "brake": 0.0,
            "steer": 0.0
        },
        {
            "throttle": 0.47076027628478534,
            "brake": 0.0,
            "steer": 0.0
        },
        {
            "throttle": 0.467548172520874,
            "brake": 0.0,
            "steer": 0.0
        },
        {
            "throttle": 0.4642419020770216,
            "brake": 0.0,
            "steer": 0.0
        },
        {
            "throttle": 0.46085016794453715,
            "brake": 0.0,
            "steer": 0.0
        },
        {
            "throttle": 0.457381898078099,
            "brake": 0.0,
            "steer": 0.0
        },
        {
            "throttle": 0.4538462218949817,
            "brake": 0.0,
            "steer": 0.0
        },
        {
            "throttle": 0.45025244624397925,
            "brake": 0.0,
            "steer": 0.0
        },
        {
            "throttle": 0.4466100309072808,
            "brake": 0.0,
            "steer": 0.0
        },
        {
            "throttle": 0.4429285636997843,
            "brake": 0.0,
            "steer": 0.0
        },
        {
            "throttle": 0.4392177352313945,
            "brake": 0.0,
            "steer": 0.0
        },
        {
            "throttle": 0.43548731339873636,
            "brake": 0.0,
            "steer": 0.0
        },
        {
            "throttle": 0.4317471176734289,
            "brake": 0.0,
            "steer": 0.0
        },
        {
            "throttle": 0.4280069932546001,
            "brake": 0.0,
            "steer": 0.0
        },
        {
            "throttle": 0.4242767851536803,
            "brake": 0.0,
            "steer": 0.0
        },
        {
            "throttle": 0.42056631227968927,
            "brake": 0.0,
            "steer": 0.0
        },
        {
            "throttle": 0.4168853415932319,
            "brake": 0.0,
            "steer": 0.0
        },
        {
            "throttle": 0.41324356239723625,
            "brake": 0.0,
            "steer": 0.0
        },
        {
            "throttle": 0.40965056083210744,
            "brake": 0.0,
            "steer": 0.0
        },
        {
            "throttle": 0.40611579464243264,
            "brake": 0.0,
            "steer": 0.0
        },
        {
            "throttle": 0.4026485682816588,
            "brake": 0.0,
            "steer": 0.0
        },
        {
            "throttle": 0.39925800842027354,
            "brake": 0.0,
            "steer": 0.0
        },
        {
            "throttle": 0.39595303992195846,
            "brake": 0.0,
            "steer": 0.0
        },
        {
            "throttle": 0.3927423623509524,
            "brake": 0.0,
            "steer": 0.0
        },
        {
            "throttle": 0.389634427072463,
            "brake": 0.0,
            "steer": 0.0
        },
        {
            "throttle": 0.38663741500640475,
            "brake": 0.0,
            "steer": 0.0
        }
    ],
    "parameters": {
        "fog_density": 78.40339059077871,
        "precipitation": 96.83947577026326,
        "precipitation_deposits": 79.9270588446572,
        "wind_intensity": 24.298092850847965,
        "sun_altitude_angle": -0.6416517861139646,
        "cloudiness": 19.811573012663132,
        "lead_base_throttle": 0.43177420703784164,
        "lead_behavior_frequency": 0.08166441646351051,
        "lead_throttle_variation": 0.07366630353113109,
        "lead_brake_probability": 0.023413096915780873,
        "lead_brake_intensity": 0.6315423494435702,
        "lead_brake_duration": 10.363456393492939,
        "initial_distance": 35.451975785177964,
        "initial_ego_velocity": 16.050641291024263,
        "initial_lead_velocity": 22.700758384532087
    },
    "config": {
        "num_timesteps": 200,
        "dt": 0.1,
        "seed": 181
    }
}