{
    "weather": {
        "cloudiness": 87.66290401859159,
        "precipitation": 24.701771735237177,
        "precipitation_deposits": 98.26366328435088,
        "wind_intensity": 33.81831908900617,
        "sun_altitude_angle": 30.279529126152667,
        "fog_density": 68.83892374620469,
        "fog_distance": 100.79860209560826,
        "wetness": 12.350885867618588
    },
    "initial_conditions": {
        "ego": {
            "position": {
                "x": 525.6002006996621,
                "y": 20.57,
                "z": 0.294
            },
            "yaw": 0.0,
            "velocity": 7.534983281541683
        },
        "lead": {
            "position": {
                "x": 484.88,
                "y": 20.57,
                "z": 0.294
            },
            "yaw": 0.0,
            "velocity": 14.185056235940262
        }
    },
    "ego": {
        "position": {
            "x": 525.6002006996621,
            "y": 20.57,
            "z": 0.294
        },
        "yaw": 0.0,
        "velocity": 7.534983281541683
    },
    "lead": {
        "position": {
            "x": 484.88,
            "y": 20.57,
            "z": 0.294
        },
        "yaw": 0.0,
        "velocity": 14.185056235940262
    },
    "ado_actions": [
        {
            "throttle": 0.2352516573178784,
            "brake": 0.0,
            "steer": 0.0
        },
        {
            "throttle": 0.23791175656792155,
            "brake": 0.0,
            "steer": 0.0
        },
        {
            "throttle": 0.24241724368743106,
            "brake": 0.0,
            "steer": 0.0
        },
        {
            "throttle": 0.24818124371556022,
            "brake": 0.0,
            "steer": 0.0
        },
        {
            "throttle": 0.25477657575149404,
            "brake": 0.0,
            "steer": 0.0
        },
        {
            "throttle": 0.26188815594983134,
            "brake": 0.0,
            "steer": 0.0
        },
        {
            "throttle": 0.2692797803128903,
            "brake": 0.0,
            "steer": 0.0
        },
        {
            "throttle": 0.27677097075775986,
            "brake": 0.0,
            "steer": 0.0
        },
        {
            "throttle": 0.28422086227730575,
            "brake": 0.0,
            "steer": 0.0
        },
        {
            "throttle": 0.2915170150733668,
            "brake": 0.0,
            "steer": 0.0
        },
        {
            "throttle": 0.29856766980548516,
            "brake": 0.0,
            "steer": 0.0
        },
        {
            "throttle": 0.30529640811146413,
            "brake": 0.0,
            "steer": 0.0
        },
        {
            "throttle": 0.31163849139589506,
            "brake": 0.0,
            "steer": 0.0
        },
        {
            "throttle": 0.31753836850469425,
            "brake": 0.0,
            "steer": 0.0
        },
        {
            "throttle": 0.3229479952760279,
            "brake": 0.0,
            "steer": 0.0
        },
        {
            "throttle": 0.3278257156584211,
            "brake": 0.0,
            "steer": 0.0
        },
        {
            "throttle": 0.33213552881944736,
            "brake": 0.0,
            "steer": 0.0
        },
        {
            "throttle": 0.335846619025779,
            "brake": 0.0,
            "steer": 0.0
        },
        {
            "throttle": 0.3389330617720922,
            "brake": 0.0,
            "steer": 0.0
        },
        {
            "throttle": 0.34137364537225034,
            "brake": 0.0,
            "steer": 0.0
        },
        {
            "throttle": 0.3431517652909567,
            "brake": 0.0,
            "steer": 0.0
        },
        {
            "throttle": 0.34425536119009525,
            "brake": 0.0,
            "steer": 0.0
        },
        {
            "throttle": 0.34467687560264115,
            "brake": 0.0,
            "steer": 0.0
        },
        {
            "throttle": 0.3444132194559662,
            "brake": 0.0,
            "steer": 0.0
        },
        {
            "throttle": 0.34346573413461273,
            "brake": 0.0,
            "steer": 0.0
        },
        {
            "throttle": 0.34184014295214826,
            "brake": 0.0,
            "steer": 0.0
        },
        {
            "throttle": 0.33954648717861846,
            "brake": 0.0,
            "steer": 0.0
        },
        {
            "throttle": 0.33659904341431013,
            "brake": 0.0,
            "steer": 0.0
        },
        {
            "throttle": 0.33301622030065237,
            "brake": 0.0,
            "steer": 0.0
        },
        {
            "throttle": 0.3288204334468595,
            "brake": 0.0,
            "steer": 0.0
        },
        {
            "throttle": 0.32403795811826813,
            "brake": 0.0,
            "steer": 0.0
        },
        {
            "throttle": 0.3186987597432933,
            "brake": 0.0,
            "steer": 0.0
        },
        {
            "throttle": 0.31283630269509316,
            "brake": 0.0,
            "steer": 0.0
        },
        {
            "throttle": 0.30648733812231277,
            "brake": 0.0,
            "steer": 0.0
        },
        {
            "throttle": 0.2996916718620935,
            "brake": 0.0,
            "steer": 0.0
        },
        {
            "throttle": 0.2924919136826401,
            "brake": 0.0,
            "steer": 0.0
        },
        {
            "throttle": 0.2849332092821619,
            "brake": 0.0,
            "steer": 0.0
        },
        {
            "throttle": 0.27706295662284836,
            "brake": 0.0,
            "steer": 0.0
        },
        {
            "throttle": 0.268930508307371,
            "brake": 0.0,
            "steer": 0.0
        },
        {
            "throttle": 0.2605868618143493,
            "brake": 0.0,
            "steer": 0.0
        },
        {
            "throttle": 0.2520843395003466,
            "brake": 0.0,
            "steer": 0.0
        },
        {
            "throttle": 0.2434762603506313,
            "brake": 0.0,
            "steer": 0.0
        },
        {
            "throttle": 0.23481660552002898,
            "brake": 0.0,
            "steer": 0.0
        },
        {
            "throttle": 0.22615967974927495,
            "brake": 0.0,
            "steer": 0.0
        },
        {
            "throttle": 0.2175597707717429,
            "brake": 0.0,
            "steer": 0.0
        },
        {
            "throttle": 0.20907080884054546,
            "brake": 0.0,
            "steer": 0.0
        },
        {
            "throttle": 0.20074602850701315,
            "brake": 0.0,
            "steer": 0.0
        },
        {
            "throttle": 0.1926376347686733,
            "brake": 0.0,
            "steer": 0.0
        },
        {
            "throttle": 0.1847964756783143,
            "brake": 0.0,
            "steer": 0.0
        },
        {
            "throttle": 0.17727172346580647,
            "brake": 0.0,
            "steer": 0.0
        },
        {
            "throttle": 0.170110566171392,
            "brake": 0.0,
            "steer": 0.0
        },
        {
            "throttle": 0.16335791172353384,
            "brake": 0.0,
            "steer": 0.0
        },
        {
            "throttle": 0.1570561063165808,
            "brake": 0.0,
            "steer": 0.0
        },
        {
            "throttle": 0.15124466885397686,
            "brake": 0.0,
            "steer": 0.0
        },
        {
            "throttle": 0.14596004312209618,
            "brake": 0.0,
            "steer": 0.0
        },
        {
            "throttle": 0.1412353692486671,
            "brake": 0.0,
            "steer": 0.0
        },
        {
            "throttle": 0.1371002758788637,
            "brake": 0.0,
            "steer": 0.0
        },
        {
            "throttle": 0.1335806943722573,
            "brake": 0.0,
            "steer": 0.0
        },
        {
            "throttle": 0.13069869618574947,
            "brake": 0.0,
            "steer": 0.0
        },
        {
            "throttle": 0.12847235446222693,
            "brake": 0.0,
            "steer": 0.0
        },
        {
            "throttle": 0.12691563069289363,
            "brake": 0.0,
            "steer": 0.0
        },
        {
            "throttle": 0.12603828716400667,
            "brake": 0.0,
            "steer": 0.0
        },
        {
            "throttle": 0.1258458257370527,
            "brake": 0.0,
            "steer": 0.0
        },
        {
            "throttle": 0.1263394533462676,
            "brake": 0.0,
            "steer": 0.0
        },
        {
            "throttle": 0.1275160744298596,
            "brake": 0.0,
            "steer": 0.0
        },
        {
            "throttle": 0.12936831034239502,
            "brake": 0.0,
            "steer": 0.0
        },
        {
            "throttle": 0.13188454562660754,
            "brake": 0.0,
            "steer": 0.0
        },
        {
            "throttle": 0.13504900085445606,
            "brake": 0.0,
            "steer": 0.0
        },
        {
            "throttle": 0.13884183158063973,
            "brake": 0.0,
            "steer": 0.0
        },
        {
            "throttle": 0.14323925278802724,
            "brake": 0.0,
            "steer": 0.0
        },
        {
            "throttle": 0.14821368804459606,
            "brake": 0.0,
            "steer": 0.0
        },
        {
            "throttle": 0.15373394243651173,
            "brake": 0.0,
            "steer": 0.0
        },
        {
            "throttle": 0.1597653981928745,
            "brake": 0.0,
            "steer": 0.0
        },
        {
            "throttle": 0.16627023177536226,
            "brake": 0.0,
            "steer": 0.0
        },
        {
            "throttle": 0.17320765107138955,
            "brake": 0.0,
            "steer": 0.0
        },
        {
            "throttle": 0.1805341512033335,
            "brake": 0.0,
            "steer": 0.0
        },
        {
            "throttle": 0.18820378734963542,
            "brake": 0.0,
            "steer": 0.0
        },
        {
            "throttle": 0.19616846286690362,
            "brake": 0.0,
            "steer": 0.0
        },
        {
            "throttle": 0.2043782309061908,
            "brake": 0.0,
            "steer": 0.0
        },
        {
            "throttle": 0.2127816076319965,
            "brake": 0.0,
            "steer": 0.0
        },
        {
            "throttle": 0.2213258950797828,
            "brake": 0.0,
            "steer": 0.0
        },
        {
            "throttle": 0.22995751162735012,
            "brake": 0.0,
            "steer": 0.0
        },
        {
            "throttle": 0.2386223280076708,
            "brake": 0.0,
            "steer": 0.0
        },
        {
            "throttle": 0.24726600675602894,
            "brake": 0.0,
            "steer": 0.0
        },
        {
            "throttle": 0.2558343429627774,
            "brake": 0.0,
            "steer": 0.0
        },
        {
            "throttle": 0.26427360419483603,
            "brake": 0.0,
            "steer": 0.0
        },
        {
            "throttle": 0.27253086745426724,
            "brake": 0.0,
            "steer": 0.0
        },
        {
            "throttle": 0.28055435106084686,
            "brake": 0.0,
            "steer": 0.0
        },
        {
            "throttle": 0.2882937393773779,
            "brake": 0.0,
            "steer": 0.0
        },
        {
            "throttle": 0.29570049834138146,
            "brake": 0.0,
            "steer": 0.0
        },
        {
            "throttle": 0.3027281798244495,
            "brake": 0.0,
            "steer": 0.0
        },
        {
            "throttle": 0.309332712910609,
            "brake": 0.0,
            "steer": 0.0
        },
        {
            "throttle": 0.31547268026707626,
            "brake": 0.0,
            "steer": 0.0
        },
        {
            "throttle": 0.32110957787426864,
            "brake": 0.0,
            "steer": 0.0
        },
        {
            "throttle": 0.32620805648629414,
            "brake": 0.0,
            "steer": 0.0
        },
        {
            "throttle": 0.3307361433077092,
            "brake": 0.0,
            "steer": 0.0
        },
        {
            "throttle": 0.33466544249639896,
            "brake": 0.0,
            "steer": 0.0
        },
        {
            "throttle": 0.3379713132352185,
            "brake": 0.0,
            "steer": 0.0
        },
        {
            "throttle": 0.3406330242556976,
            "brake": 0.0,
            "steer": 0.0
        },
        {
            "throttle": 0.3426338838447853,
            "brake": 0.0,
            "steer": 0.0
        },
        {
            "throttle": 0.3439613445193556,
            "brake": 0.0,
            "steer": 0.0
        },
        {
            "throttle": 0.34460708171205473,
            "brake": 0.0,
            "steer": 0.0
        },
        {
            "throttle": 0.3445670459750485,
            "brake": 0.0,
            "steer": 0.0
        },
        {
            "throttle": 0.3438414883742975,
            "brake": 0.0,
            "steer": 0.0
        },
        {
            "throttle": 0.34243495891511044,
            "brake": 0.0,
            "steer": 0.0
        },
        {
            "throttle": 0.3403562780088505,
            "brake": 0.0,
            "steer": 0.0
        },
        {
            "throttle": 0.337618481159727,
            "brake": 0.0,
            "steer": 0.0
        },
        {
            "throttle": 0.3342387372185451,
            "brake": 0.0,
            "steer": 0.0
        },
        {
            "throttle": 0.3302382407160475,
            "brake": 0.0,
            "steer": 0.0
        },
        {
            "throttle": 0.32564207895103064,
            "brake": 0.0,
            "steer": 0.0
        },
        {
            "throttle": 0.32047907466673264,
            "brake": 0.0,
            "steer": 0.0
        },
        {
            "throttle": 0.3147816053020755,
            "brake": 0.0,
            "steer": 0.0
        },
        {
            "throttle": 0.3085853999512468,
            "brake": 0.0,
            "steer": 0.0
        },
        {
            "throttle": 0.30192931530489575,
            "brake": 0.0,
            "steer": 0.0
        },
        {
            "throttle": 0.294855091978027,
            "brake": 0.0,
            "steer": 0.0
        },
        {
            "throttle": 0.28740709275267096,
            "brake": 0.0,
            "steer": 0.0
        },
        {
            "throttle": 0.27963202437682405,
            "brake": 0.0,
            "steer": 0.0
        },
        {
            "throttle": 0.2715786446642691,
            "brake": 0.0,
            "steer": 0.0
        },
        {
            "throttle": 0.26329745673206795,
            "brake": 0.0,
            "steer": 0.0
        },
        {
            "throttle": 0.25484039229317546,
            "brake": 0.0,
            "steer": 0.0
        },
        {
            "throttle": 0.24626048599026334,
            "brake": 0.0,
            "steer": 0.0
        },
        {
            "throttle": 0.23761154281302055,
            "brake": 0.0,
            "steer": 0.0
        },
        {
            "throttle": 0.2289478006845713,
            "brake": 0.0,
            "steer": 0.0
        },
        {
            "throttle": 0.22032359033294802,
            "brake": 0.0,
            "steer": 0.0
        },
        {
            "throttle": 0.21179299458058043,
            "brake": 0.0,
            "steer": 0.0
        },
        {
            "throttle": 0.2034095091884117,
            "brake": 0.0,
            "steer": 0.0
        },
        {
            "throttle": 0.19522570738150472,
            "brake": 0.0,
            "steer": 0.0
        },
        {
            "throttle": 0.18729291015991367,
            "brake": 0.0,
            "steer": 0.0
        },
        {
            "throttle": 0.17966086446231622,
            "brake": 0.0,
            "steer": 0.0
        },
        {
            "throttle": 0.17237743120065774,
            "brake": 0.0,
            "steer": 0.0
        },
        {
            "throttle": 0.16548828512215666,
            "brake": 0.0,
            "steer": 0.0
        },
        {
            "throttle": 0.1590366283808496,
            "brake": 0.0,
            "steer": 0.0
        },
        {
            "throttle": 0.15306291961488322,
            "brake": 0.0,
            "steer": 0.0
        },
        {
            "throttle": 0.14760462022852114,
            "brake": 0.0,
            "steer": 0.0
        },
        {
            "throttle": 0.14269595946994307,
            "brake": 0.0,
            "steer": 0.0
        },
        {
            "throttle": 0.13836771977804488,
            "brake": 0.0,
            "steer": 0.0
        },
        {
            "throttle": 0.1346470437443388,
            "brake": 0.0,
            "steer": 0.0
        },
        {
            "throttle": 0.1315572639005054,
            "brake": 0.0,
            "steer": 0.0
        },
        {
            "throttle": 0.12911775639900705,
            "brake": 0.0,
            "steer": 0.0
        },
        {
            "throttle": 0.1273438195043387,
            "brake": 0.0,
            "steer": 0.0
        },
        {
            "throttle": 0.12624657765690292,
            "brake": 0.0,
            "steer": 0.0
        },
        {
            "throttle": 0.12583291171112898,
            "brake": 0.0,
            "steer": 0.0
        },
        {
            "throttle": 0.12610541578531625,
            "brake": 0.0,
            "steer": 0.0
        },
        {
            "throttle": 0.12706238099379819,
            "brake": 0.0,
            "steer": 0.0
        },
        {
            "throttle": 0.1286978061634433,
            "brake": 0.0,
            "steer": 0.0
        },
        {
            "throttle": 0.13100143546729,
            "brake": 0.0,
            "steer": 0.0
        },
        {
            "throttle": 0.1339588227393122,
            "brake": 0.0,
            "steer": 0.0
        },
        {
            "throttle": 0.1375514220669953,
            "brake": 0.0,
            "steer": 0.0
        },
        {
            "throttle": 0.14175670409361243,
            "brake": 0.0,
            "steer": 0.0
        },
        {
            "throttle": 0.14654829730086336,
            "brake": 0.0,
            "steer": 0.0
        },
        {
            "throttle": 0.15189615338588708,
            "brake": 0.0,
            "steer": 0.0
        },
        {
            "throttle": 0.15776673569556024,
            "brake": 0.0,
            "steer": 0.0
        },
        {
            "throttle": 0.16412322953640157,
            "brake": 0.0,
            "steer": 0.0
        },
        {
            "throttle": 0.17092577304121945,
            "brake": 0.0,
            "steer": 0.0
        },
        {
            "throttle": 0.17813170714472665,
            "brake": 0.0,
            "steer": 0.0
        },
        {
            "throttle": 0.18569584310051385,
            "brake": 0.0,
            "steer": 0.0
        },
        {
            "throttle": 0.19357074586177087,
            "brake": 0.0,
            "steer": 0.0
        },
        {
            "throttle": 0.20170703154866138,
            "brake": 0.0,
            "steer": 0.0
        },
        {
            "throttle": 0.21005367713691997,
            "brake": 0.0,
            "steer": 0.0
        },
        {
            "throttle": 0.2185583404255997,
            "brake": 0.0,
            "steer": 0.0
        },
        {
            "throttle": 0.227167688277438,
            "brake": 0.0,
            "steer": 0.0
        },
        {
            "throttle": 0.23582773107342941,
            "brake": 0.0,
            "steer": 0.0
        },
        {
            "throttle": 0.24448416128422673,
            "brake": 0.0,
            "steer": 0.0
        },
        {
            "throttle": 0.25308269403517153,
            "brake": 0.0,
            "steer": 0.0
        },
        {
            "throttle": 0.261569407529257,
            "brake": 0.0,
            "steer": 0.0
        },
        {
            "throttle": 0.26989108119321337,
            "brake": 0.0,
            "steer": 0.0
        },
        {
            "throttle": 0.2779955294261873,
            "brake": 0.0,
            "steer": 0.0
        },
        {
            "throttle": 0.285831928858061,
            "brake": 0.0,
            "steer": 0.0
        },
        {
            "throttle": 0.29335113706515953,
            "brake": 0.0,
            "steer": 0.0
        },
        {
            "throttle": 0.3005060007446649,
            "brake": 0.0,
            "steer": 0.0
        },
        {
            "throttle": 0.3072516514151613,
            "brake": 0.0,
            "steer": 0.0
        },
        {
            "throttle": 0.31354578678895995,
            "brake": 0.0,
            "steer": 0.0
        },
        {
            "throttle": 0.3193489360517031,
            "brake": 0.0,
            "steer": 0.0
        },
        {
            "throttle": 0.3246247073856692,
            "brake": 0.0,
            "steer": 0.0
        },
        {
            "throttle": 0.32934001618454634,
            "brake": 0.0,
            "steer": 0.0
        },
        {
            "throttle": 0.33346529252853047,
            "brake": 0.0,
            "steer": 0.0
        },
        {
            "throttle": 0.3369746666186617,
            "brake": 0.0,
            "steer": 0.0
        },
        {
            "throttle": 0.3398461310075312,
            "brake": 0.0,
            "steer": 0.0
        },
        {
            "throttle": 0.342061678609003,
            "brake": 0.0,
            "steer": 0.0
        },
        {
            "throttle": 0.3436074156214849,
            "brake": 0.0,
            "steer": 0.0
        },
        {
            "throttle": 0.34447364865660157,
            "brake": 0.0,
            "steer": 0.0
        },
        {
            "throttle": 0.3446549455268818,
            "brake": 0.0,
            "steer": 0.0
        },
        {
            "throttle": 0.3441501693112578,
            "brake": 0.0,
            "steer": 0.0
        },
        {
            "throttle": 0.34296248548474967,
            "brake": 0.0,
            "steer": 0.0
        },
        {
            "throttle": 0.3410993420676251,
            "brake": 0.0,
            "steer": 0.0
        },
        {
            "throttle": 0.3385724229185193,
            "brake": 0.0,
            "steer": 0.0
        },
        {
            "throttle": 0.3353975744644167,
            "brake": 0.0,
            "steer": 0.0
        },
        {
            "throttle": 0.3315947063269735,
            "brake": 0.0,
            "steer": 0.0
        },
        {
            "throttle": 0.32718766646835845,
            "brake": 0.0,
            "steer": 0.0
        },
        {
            "throttle": 0.3222040916395778,
            "brake": 0.0,
            "steer": 0.0
        },
        {
            "throttle": 0.31667523406913034,
            "brake": 0.0,
            "steer": 0.0
        },
        {
            "throttle": 0.31063576547883504,
            "brake": 0.0,
            "steer": 0.0
        },
        {
            "throttle": 0.3041235596558588,
            "brake": 0.0,
            "steer": 0.0
        },
        {
            "throttle": 0.29717945494444287,
            "brake": 0.0,
            "steer": 0.0
        },
        {
            "throttle": 0.2898469981467556,
            "brake": 0.0,
            "steer": 0.0
        },
        {
            "throttle": 0.2821721714388796,
            "brake": 0.0,
            "steer": 0.0
        },
        {
            "throttle": 0.27420310401445674,
            "brake": 0.0,
            "steer": 0.0
        },
        {
            "throttle": 0.2659897702642859,
            "brake": 0.0,
            "steer": 0.0
        },
        {
            "throttle": 0.25758367638460467,
            "brake": 0.0,
            "steer": 0.0
        },
        {
            "throttle": 0.2490375373793482,
            "brake": 0.0,
            "steer": 0.0
        }
    ],
    "parameters": {
        "fog_density": 68.83892374620469,
        "precipitation": 24.701771735237177,
        "precipitation_deposits": 98.26366328435088,
        "wind_intensity": 33.81831908900617,
        "sun_altitude_angle": 30.279529126152667,
        "cloudiness": 87.66290401859159,
        "lead_base_throttle": 0.23525165731787842,
        "lead_behavior_frequency": 0.1260676562861051,
        "lead_throttle_variation": 0.11205913985697241,
        "lead_brake_probability": 0.014107125531934871,
        "lead_brake_intensity": 0.7135429808601478,
        "lead_brake_duration": 12.438861658156936,
        "initial_distance": 40.72020069966206,
        "initial_ego_velocity": 7.534983281541683,
        "initial_lead_velocity": 14.185056235940262
    },
    "config": {
        "num_timesteps": 200,
        "dt": 0.1,
        "seed": 214
    }
}