{
    "weather": {
        "cloudiness": 30.501863157758624,
        "precipitation": 18.19890210674281,
        "precipitation_deposits": 44.773562521298615,
        "wind_intensity": 49.08226129453096,
        "sun_altitude_angle": 0.8531565913009302,
        "fog_density": 75.09624513234878,
        "fog_distance": 81.82207787822422,
        "wetness": 9.099451053371405
    },
    "initial_conditions": {
        "ego": {
            "position": {
                "x": 556.5242006974252,
                "y": 20.57,
                "z": 0.294
            },
            "yaw": 0.0,
            "velocity": 10.620257190101018
        },
        "lead": {
            "position": {
                "x": 484.88,
                "y": 20.57,
                "z": 0.294
            },
            "yaw": 0.0,
            "velocity": 23.099383679126934
        }
    },
    "ego": {
        "position": {
            "x": 556.5242006974252,
            "y": 20.57,
            "z": 0.294
        },
        "yaw": 0.0,
        "velocity": 10.620257190101018
    },
    "lead": {
        "position": {
            "x": 484.88,
            "y": 20.57,
            "z": 0.294
        },
        "yaw": 0.0,
        "velocity": 23.099383679126934
    },
    "ado_actions": [
        {
            "throttle": 0.45776811750241775,
            "brake": 0.0,
            "steer": 0.0
        },
        {
            "throttle": 0.46151430673650157,
            "brake": 0.0,
            "steer": 0.0
        },
        {
            "throttle": 0.4677916089833797,
            "brake": 0.0,
            "steer": 0.0
        },
        {
            "throttle": 0.4756604726244657,
            "brake": 0.0,
            "steer": 0.0
        },
        {
            "throttle": 0.48437860155206636,
            "brake": 0.0,
            "steer": 0.0
        },
        {
            "throttle": 0.4933482270521985,
            "brake": 0.0,
            "steer": 0.0
        },
        {
            "throttle": 0.5020811013482329,
            "brake": 0.0,
            "steer": 0.0
        },
        {
            "throttle": 0.5101756929422913,
            "brake": 0.0,
            "steer": 0.0
        },
        {
            "throttle": 0.5173026784587482,
            "brake": 0.0,
            "steer": 0.0
        },
        {
            "throttle": 0.5231959618511909,
            "brake": 0.0,
            "steer": 0.0
        },
        {
            "throttle": 0.5276472539666445,
            "brake": 0.0,
            "steer": 0.0
        },
        {
            "throttle": 0.5305028144727851,
            "brake": 0.0,
            "steer": 0.0
        },
        {
            "throttle": 0.5316613644949241,
            "brake": 0.0,
            "steer": 0.0
        },
        {
            "throttle": 0.5310724710989653,
            "brake": 0.0,
            "steer": 0.0
        },
        {
            "throttle": 0.5287349181744047,
            "brake": 0.0,
            "steer": 0.0
        },
        {
            "throttle": 0.5246947360376952,
            "brake": 0.0,
            "steer": 0.0
        },
        {
            "throttle": 0.519042680591007,
            "brake": 0.0,
            "steer": 0.0
        },
        {
            "throttle": 0.5119110434178971,
            "brake": 0.0,
            "steer": 0.0
        },
        {
            "throttle": 0.5034697444892853,
            "brake": 0.0,
            "steer": 0.0
        },
        {
            "throttle": 0.4939217144216869,
            "brake": 0.0,
            "steer": 0.0
        },
        {
            "throttle": 0.48349761698912386,
            "brake": 0.0,
            "steer": 0.0
        },
        {
            "throttle": 0.4724499971769982,
            "brake": 0.0,
            "steer": 0.0
        },
        {
            "throttle": 0.4610469670196804,
            "brake": 0.0,
            "steer": 0.0
        },
        {
            "throttle": 0.4495655617943206,
            "brake": 0.0,
            "steer": 0.0
        },
        {
            "throttle": 0.43828491352326865,
            "brake": 0.0,
            "steer": 0.0
        },
        {
            "throttle": 0.4274793976331636,
            "brake": 0.0,
            "steer": 0.0
        },
        {
            "throttle": 0.417411912385393,
            "brake": 0.0,
            "steer": 0.0
        },
        {
            "throttle": 0.40832744963875145,
            "brake": 0.0,
            "steer": 0.0
        },
        {
            "throttle": 0.4004471099365846,
            "brake": 0.0,
            "steer": 0.0
        },
        {
            "throttle": 0.39396270515919274,
            "brake": 0.0,
            "steer": 0.0
        },
        {
            "throttle": 0.3890320784225283,
            "brake": 0.0,
            "steer": 0.0
        },
        {
            "throttle": 0.38577525396252654,
            "brake": 0.0,
            "steer": 0.0
        },
        {
            "throttle": 0.38427150990055664,
            "brake": 0.0,
            "steer": 0.0
        },
        {
            "throttle": 0.38455744456975915,
            "brake": 0.0,
            "steer": 0.0
        },
        {
            "throttle": 0.38662608306835344,
            "brake": 0.0,
            "steer": 0.0
        },
        {
            "throttle": 0.39042704550216545,
            "brake": 0.0,
            "steer": 0.0
        },
        {
            "throttle": 0.39586777261450123,
            "brake": 0.0,
            "steer": 0.0
        },
        {
            "throttle": 0.4028157788157348,
            "brake": 0.0,
            "steer": 0.0
        },
        {
            "throttle": 0.4111018776509572,
            "brake": 0.0,
            "steer": 0.0
        },
        {
            "throttle": 0.42052430109539196,
            "brake": 0.0,
            "steer": 0.0
        },
        {
            "throttle": 0.4308536123237534,
            "brake": 0.0,
            "steer": 0.0
        },
        {
            "throttle": 0.44183829229346505,
            "brake": 0.0,
            "steer": 0.0
        },
        {
            "throttle": 0.45321086408468025,
            "brake": 0.0,
            "steer": 0.0
        },
        {
            "throttle": 0.46469440585294847,
            "brake": 0.0,
            "steer": 0.0
        },
        {
            "throttle": 0.47600929379274737,
            "brake": 0.0,
            "steer": 0.0
        },
        {
            "throttle": 0.48688001091290145,
            "brake": 0.0,
            "steer": 0.0
        },
        {
            "throttle": 0.49704185582487637,
            "brake": 0.0,
            "steer": 0.0
        },
        {
            "throttle": 0.5062473881813567,
            "brake": 0.0,
            "steer": 0.0
        },
        {
            "throttle": 0.5142724538162806,
            "brake": 0.0,
            "steer": 0.0
        },
        {
            "throttle": 0.5209216428725945,
            "brake": 0.0,
            "steer": 0.0
        },
        {
            "throttle": 0.5260330480113017,
            "brake": 0.0,
            "steer": 0.0
        },
        {
            "throttle": 0.5294822068387657,
            "brake": 0.0,
            "steer": 0.0
        },
        {
            "throttle": 0.5311851325537507,
            "brake": 0.0,
            "steer": 0.0
        },
        {
            "throttle": 0.5311003590176768,
            "brake": 0.0,
            "steer": 0.0
        },
        {
            "throttle": 0.5292299504504325,
            "brake": 0.0,
            "steer": 0.0
        },
        {
            "throttle": 0.525619451165489,
            "brake": 0.0,
            "steer": 0.0
        },
        {
            "throttle": 0.520356776568097,
            "brake": 0.0,
            "steer": 0.0
        },
        {
            "throttle": 0.5135700724205716,
            "brake": 0.0,
            "steer": 0.0
        },
        {
            "throttle": 0.5054245945013273,
            "brake": 0.0,
            "steer": 0.0
        },
        {
            "throttle": 0.4961186846376946,
            "brake": 0.0,
            "steer": 0.0
        },
        {
            "throttle": 0.48587894109580687,
            "brake": 0.0,
            "steer": 0.0
        },
        {
            "throttle": 0.47495470092820213,
            "brake": 0.0,
            "steer": 0.0
        },
        {
            "throttle": 0.4636119686335799,
            "brake": 0.0,
            "steer": 0.0
        },
        {
            "throttle": 0.4521269389654178,
            "brake": 0.0,
            "steer": 0.0
        },
        {
            "throttle": 0.4407792716086053,
            "brake": 0.0,
            "steer": 0.0
        },
        {
            "throttle": 0.4298452814852501,
            "brake": 0.0,
            "steer": 0.0
        },
        {
            "throttle": 0.41959121050523973,
            "brake": 0.0,
            "steer": 0.0
        },
        {
            "throttle": 0.41026674459396806,
            "brake": 0.0,
            "steer": 0.0
        },
        {
            "throttle": 0.40209893385715434,
            "brake": 0.0,
            "steer": 0.0
        },
        {
            "throttle": 0.39528666392632394,
            "brake": 0.0,
            "steer": 0.0
        },
        {
            "throttle": 0.38999581310730713,
            "brake": 0.0,
            "steer": 0.0
        },
        {
            "throttle": 0.3863552132548584,
            "brake": 0.0,
            "steer": 0.0
        },
        {
            "throttle": 0.38445351272582085,
            "brake": 0.0,
            "steer": 0.0
        },
        {
            "throttle": 0.3843370177977118,
            "brake": 0.0,
            "steer": 0.0
        },
        {
            "throttle": 0.38600856511403747,
            "brake": 0.0,
            "steer": 0.0
        },
        {
            "throttle": 0.3894274526122174,
            "brake": 0.0,
            "steer": 0.0
        },
        {
            "throttle": 0.3945104306160173,
            "brake": 0.0,
            "steer": 0.0
        },
        {
            "throttle": 0.4011337289594588,
            "brake": 0.0,
            "steer": 0.0
        },
        {
            "throttle": 0.4091360707818765,
            "brake": 0.0,
            "steer": 0.0
        },
        {
            "throttle": 0.41832259960842005,
            "brake": 0.0,
            "steer": 0.0
        },
        {
            "throttle": 0.42846962409186007,
            "brake": 0.0,
            "steer": 0.0
        },
        {
            "throttle": 0.4393300648815601,
            "brake": 0.0,
            "steer": 0.0
        },
        {
            "throttle": 0.45063947098872814,
            "brake": 0.0,
            "steer": 0.0
        },
        {
            "throttle": 0.46212245914986644,
            "brake": 0.0,
            "steer": 0.0
        },
        {
            "throttle": 0.4734994193903617,
            "brake": 0.0,
            "steer": 0.0
        },
        {
            "throttle": 0.48449332350820057,
            "brake": 0.0,
            "steer": 0.0
        },
        {
            "throttle": 0.49483647069169934,
            "brake": 0.0,
            "steer": 0.0
        },
        {
            "throttle": 0.5042770060159192,
            "brake": 0.0,
            "steer": 0.0
        },
        {
            "throttle": 0.5125850530928242,
            "brake": 0.0,
            "steer": 0.0
        },
        {
            "throttle": 0.5195583115455735,
            "brake": 0.0,
            "steer": 0.0
        },
        {
            "throttle": 0.5250269830088301,
            "brake": 0.0,
            "steer": 0.0
        },
        {
            "throttle": 0.5288579057073182,
            "brake": 0.0,
            "steer": 0.0
        },
        {
            "throttle": 0.5309577969359233,
            "brake": 0.0,
            "steer": 0.0
        },
        {
            "throttle": 0.5312755244871673,
            "brake": 0.0,
            "steer": 0.0
        },
        {
            "throttle": 0.5298033517169567,
            "brake": 0.0,
            "steer": 0.0
        },
        {
            "throttle": 0.5265771259313345,
            "brake": 0.0,
            "steer": 0.0
        },
        {
            "throttle": 0.5216754055070366,
            "brake": 0.0,
            "steer": 0.0
        },
        {
            "throttle": 0.5152175470004022,
            "brake": 0.0,
            "steer": 0.0
        },
        {
            "throttle": 0.5073607988234089,
            "brake": 0.0,
            "steer": 0.0
        },
        {
            "throttle": 0.49829647225561935,
            "brake": 0.0,
            "steer": 0.0
        },
        {
            "throttle": 0.4882452830276377,
            "brake": 0.0,
            "steer": 0.0
        },
        {
            "throttle": 0.4774519769081985,
            "brake": 0.0,
            "steer": 0.0
        },
        {
            "throttle": 0.4661793701614745,
            "brake": 0.0,
            "steer": 0.0
        },
        {
            "throttle": 0.4547019499890584,
            "brake": 0.0,
            "steer": 0.0
        },
        {
            "throttle": 0.4432991907854197,
            "brake": 0.0,
            "steer": 0.0
        },
        {
            "throttle": 0.43224874895555576,
            "brake": 0.0,
            "steer": 0.0
        },
        {
            "throttle": 0.4218197020005625,
            "brake": 0.0,
            "steer": 0.0
        },
        {
            "throttle": 0.4122659964989266,
            "brake": 0.0,
            "steer": 0.0
        },
        {
            "throttle": 0.4038202645247465,
            "brake": 0.0,
            "steer": 0.0
        },
        {
            "throttle": 0.39668815907267413,
            "brake": 0.0,
            "steer": 0.0
        },
        {
            "throttle": 0.39104334642159155,
            "brake": 0.0,
            "steer": 0.0
        },
        {
            "throttle": 0.3870232773726245,
            "brake": 0.0,
            "steer": 0.0
        },
        {
            "throttle": 0.3847258403315564,
            "brake": 0.0,
            "steer": 0.0
        },
        {
            "throttle": 0.3842069777328576,
            "brake": 0.0,
            "steer": 0.0
        },
        {
            "throttle": 0.38547932384524064,
            "brake": 0.0,
            "steer": 0.0
        },
        {
            "throttle": 0.38851189712808293,
            "brake": 0.0,
            "steer": 0.0
        },
        {
            "throttle": 0.39323085462981744,
            "brake": 0.0,
            "steer": 0.0
        },
        {
            "throttle": 0.39952129005874165,
            "brake": 0.0,
            "steer": 0.0
        },
        {
            "throttle": 0.40723003174334405,
            "brake": 0.0,
            "steer": 0.0
        },
        {
            "throttle": 0.4161693723520065,
            "brake": 0.0,
            "steer": 0.0
        },
        {
            "throttle": 0.4261216395536624,
            "brake": 0.0,
            "steer": 0.0
        },
        {
            "throttle": 0.43684449632413735,
            "brake": 0.0,
            "steer": 0.0
        },
        {
            "throttle": 0.44807684183607716,
            "brake": 0.0,
            "steer": 0.0
        },
        {
            "throttle": 0.4595451692461961,
            "brake": 0.0,
            "steer": 0.0
        },
        {
            "throttle": 0.4709702255681635,
            "brake": 0.0,
            "steer": 0.0
        },
        {
            "throttle": 0.482073811463679,
            "brake": 0.0,
            "steer": 0.0
        },
        {
            "throttle": 0.492585555377291,
            "brake": 0.0,
            "steer": 0.0
        },
        {
            "throttle": 0.5022494970652388,
            "brake": 0.0,
            "steer": 0.0
        },
        {
            "throttle": 0.5108303202098436,
            "brake": 0.0,
            "steer": 0.0
        },
        {
            "throttle": 0.5181190823557136,
            "brake": 0.0,
            "steer": 0.0
        },
        {
            "throttle": 0.5239383026442108,
            "brake": 0.0,
            "steer": 0.0
        },
        {
            "throttle": 0.5281462834601934,
            "brake": 0.0,
            "steer": 0.0
        },
        {
            "throttle": 0.5306405607592317,
            "brake": 0.0,
            "steer": 0.0
        },
        {
            "throttle": 0.5313603990600664,
            "brake": 0.0,
            "steer": 0.0
        },
        {
            "throttle": 0.530288270349414,
            "brake": 0.0,
            "steer": 0.0
        },
        {
            "throttle": 0.5274502808878888,
            "brake": 0.0,
            "steer": 0.0
        },
        {
            "throttle": 0.5229155355243469,
            "brake": 0.0,
            "steer": 0.0
        },
        {
            "throttle": 0.5167944549975527,
            "brake": 0.0,
            "steer": 0.0
        },
        {
            "throttle": 0.5092360871987593,
            "brake": 0.0,
            "steer": 0.0
        },
        {
            "throttle": 0.500424477865773,
            "brake": 0.0,
            "steer": 0.0
        },
        {
            "throttle": 0.49057418908185335,
            "brake": 0.0,
            "steer": 0.0
        },
        {
            "throttle": 0.4799250747036927,
            "brake": 0.0,
            "steer": 0.0
        },
        {
            "throttle": 0.4687364399364473,
            "brake": 0.0,
            "steer": 0.0
        },
        {
            "throttle": 0.4572807272697657,
            "brake": 0.0,
            "steer": 0.0
        },
        {
            "throttle": 0.4458368825218406,
            "brake": 0.0,
            "steer": 0.0
        },
        {
            "throttle": 0.43468356252785667,
            "brake": 0.0,
            "steer": 0.0
        },
        {
            "throttle": 0.424092349865154,
            "brake": 0.0,
            "steer": 0.0
        },
        {
            "throttle": 0.41432113983608626,
            "brake": 0.0,
            "steer": 0.0
        },
        {
            "throttle": 0.40560786073508603,
            "brake": 0.0,
            "steer": 0.0
        },
        {
            "throttle": 0.39816468031100394,
            "brake": 0.0,
            "steer": 0.0
        },
        {
            "throttle": 0.39217283949696763,
            "brake": 0.0,
            "steer": 0.0
        },
        {
            "throttle": 0.38777823920608334,
            "brake": 0.0,
            "steer": 0.0
        },
        {
            "throttle": 0.3850878876542028,
            "brake": 0.0,
            "steer": 0.0
        },
        {
            "throttle": 0.38416729471720207,
            "brake": 0.0,
            "steer": 0.0
        },
        {
            "throttle": 0.38503887676999415,
            "brake": 0.0,
            "steer": 0.0
        },
        {
            "throttle": 0.38768141084933705,
            "brake": 0.0,
            "steer": 0.0
        },
        {
            "throttle": 0.3920305514315332,
            "brake": 0.0,
            "steer": 0.0
        },
        {
            "throttle": 0.39798039724152146,
            "brake": 0.0,
            "steer": 0.0
        },
        {
            "throttle": 0.4053860699416656,
            "brake": 0.0,
            "steer": 0.0
        },
        {
            "throttle": 0.41406724190934485,
            "brake": 0.0,
            "steer": 0.0
        },
        {
            "throttle": 0.4238125272022041,
            "brake": 0.0,
            "steer": 0.0
        },
        {
            "throttle": 0.4343846287913605,
            "brake": 0.0,
            "steer": 0.0
        },
        {
            "throttle": 0.4455261167277914,
            "brake": 0.0,
            "steer": 0.0
        },
        {
            "throttle": 0.45696569654394675,
            "brake": 0.0,
            "steer": 0.0
        },
        {
            "throttle": 0.4684248152554382,
            "brake": 0.0,
            "steer": 0.0
        },
        {
            "throttle": 0.4796244441071156,
            "brake": 0.0,
            "steer": 0.0
        },
        {
            "throttle": 0.49029187290412785,
            "brake": 0.0,
            "steer": 0.0
        },
        {
            "throttle": 0.5001673504864752,
            "brake": 0.0,
            "steer": 0.0
        },
        {
            "throttle": 0.5090104096519499,
            "brake": 0.0,
            "steer": 0.0
        },
        {
            "throttle": 0.5166057225160273,
            "brake": 0.0,
            "steer": 0.0
        },
        {
            "throttle": 0.5227683437310938,
            "brake": 0.0,
            "steer": 0.0
        },
        {
            "throttle": 0.5273482138929844,
            "brake": 0.0,
            "steer": 0.0
        },
        {
            "throttle": 0.5302338134771877,
            "brake": 0.0,
            "steer": 0.0
        },
        {
            "throttle": 0.5313548783316242,
            "brake": 0.0,
            "steer": 0.0
        },
        {
            "throttle": 0.5306841106039327,
            "brake": 0.0,
            "steer": 0.0
        },
        {
            "throttle": 0.5282378434423041,
            "brake": 0.0,
            "steer": 0.0
        },
        {
            "throttle": 0.5240756432844428,
            "brake": 0.0,
            "steer": 0.0
        },
        {
            "throttle": 0.5182988594188913,
            "brake": 0.0,
            "steer": 0.0
        },
        {
            "throttle": 0.5110481561368017,
            "brake": 0.0,
            "steer": 0.0
        },
        {
            "throttle": 0.5025000875660874,
            "brake": 0.0,
            "steer": 0.0
        },
        {
            "throttle": 0.49286279859051135,
            "brake": 0.0,
            "steer": 0.0
        },
        {
            "throttle": 0.4823709565360331,
            "brake": 0.0,
            "steer": 0.0
        },
        {
            "throttle": 0.47128003703750754,
            "brake": 0.0,
            "steer": 0.0
        },
        {
            "throttle": 0.4598601032244878,
            "brake": 0.0,
            "steer": 0.0
        },
        {
            "throttle": 0.4483892297025324,
            "brake": 0.0,
            "steer": 0.0
        },
        {
            "throttle": 0.4371467314556209,
            "brake": 0.0,
            "steer": 0.0
        },
        {
            "throttle": 0.4264063625454396,
            "brake": 0.0,
            "steer": 0.0
        },
        {
            "throttle": 0.41642965021874423,
            "brake": 0.0,
            "steer": 0.0
        },
        {
            "throttle": 0.40745952673682817,
            "brake": 0.0,
            "steer": 0.0
        },
        {
            "throttle": 0.3997144139916118,
            "brake": 0.0,
            "steer": 0.0
        },
        {
            "throttle": 0.39338290494754613,
            "brake": 0.0,
            "steer": 0.0
        },
        {
            "throttle": 0.3886191714158559,
            "brake": 0.0,
            "steer": 0.0
        },
        {
            "throttle": 0.3855392099815039,
            "brake": 0.0,
            "steer": 0.0
        },
        {
            "throttle": 0.3842180174942982,
            "brake": 0.0,
            "steer": 0.0
        },
        {
            "throttle": 0.3846877649007399,
            "brake": 0.0,
            "steer": 0.0
        },
        {
            "throttle": 0.38693701388368157,
            "brake": 0.0,
            "steer": 0.0
        },
        {
            "throttle": 0.390910995384565,
            "brake": 0.0,
            "steer": 0.0
        },
        {
            "throttle": 0.3965129432262435,
            "brake": 0.0,
            "steer": 0.0
        },
        {
            "throttle": 0.40360645036276205,
            "brake": 0.0,
            "steer": 0.0
        },
        {
            "throttle": 0.4120187903815767,
            "brake": 0.0,
            "steer": 0.0
        }
    ],
    "parameters": {
        "fog_density": 75.09624513234878,
        "precipitation": 18.19890210674281,
        "precipitation_deposits": 44.773562521298615,
        "wind_intensity": 49.08226129453096,
        "sun_altitude_angle": 0.8531565913009302,
        "cloudiness": 30.501863157758624,
        "lead_base_throttle": 0.45776811750241775,
        "lead_behavior_frequency": 0.24860543370430976,
        "lead_throttle_variation": 0.08026856615291025,
        "lead_brake_probability": 0.002090434645610706,
        "lead_brake_intensity": 0.770902328976406,
        "lead_brake_duration": 7.665266276011591,
        "initial_distance": 71.64420069742516,
        "initial_ego_velocity": 10.620257190101018,
        "initial_lead_velocity": 23.099383679126934
    },
    "config": {
        "num_timesteps": 200,
        "dt": 0.1,
        "seed": 89
    }
}