{
    "weather": {
        "cloudiness": 93.53630062244905,
        "precipitation": 20.553955496604416,
        "precipitation_deposits": 41.54865044246835,
        "wind_intensity": 29.41477572949132,
        "sun_altitude_angle": 27.256486876439254,
        "fog_density": 59.53868266612925,
        "fog_distance": 137.43244996964472,
        "wetness": 10.276977748302208
    },
    "initial_conditions": {
        "ego": {
            "position": {
                "x": 550.3346110718729,
                "y": 20.57,
                "z": 0.294
            },
            "yaw": 0.0,
            "velocity": 15.476889633600072
        },
        "lead": {
            "position": {
                "x": 484.88,
                "y": 20.57,
                "z": 0.294
            },
            "yaw": 0.0,
            "velocity": 24.858066053537662
        }
    },
    "ego": {
        "position": {
            "x": 550.3346110718729,
            "y": 20.57,
            "z": 0.294
        },
        "yaw": 0.0,
        "velocity": 15.476889633600072
    },
    "lead": {
        "position": {
            "x": 484.88,
            "y": 20.57,
            "z": 0.294
        },
        "yaw": 0.0,
        "velocity": 24.858066053537662
    },
    "ado_actions": [
        {
            "throttle": 0.5721459876698691,
            "brake": 0.0,
            "steer": 0.0
        },
        {
            "throttle": 0.5747795068515882,
            "brake": 0.0,
            "steer": 0.0
        },
        {
            "throttle": 0.5792341673011511,
            "brake": 0.0,
            "steer": 0.0
        },
        {
            "throttle": 0.5849191715259291,
            "brake": 0.0,
            "steer": 0.0
        },
        {
            "throttle": 0.5913992051373071,
            "brake": 0.0,
            "steer": 0.0
        },
        {
            "throttle": 0.5983483531374193,
            "brake": 0.0,
            "steer": 0.0
        },
        {
            "throttle": 0.6055180209716826,
            "brake": 0.0,
            "steer": 0.0
        },
        {
            "throttle": 0.6127146526376518,
            "brake": 0.0,
            "steer": 0.0
        },
        {
            "throttle": 0.619784298984027,
            "brake": 0.0,
            "steer": 0.0
        },
        {
            "throttle": 0.6266019719896521,
            "brake": 0.0,
            "steer": 0.0
        },
        {
            "throttle": 0.6330643387491243,
            "brake": 0.0,
            "steer": 0.0
        },
        {
            "throttle": 0.6390847415362113,
            "brake": 0.0,
            "steer": 0.0
        },
        {
            "throttle": 0.644589833266789,
            "brake": 0.0,
            "steer": 0.0
        },
        {
            "throttle": 0.6495173298573325,
            "brake": 0.0,
            "steer": 0.0
        },
        {
            "throttle": 0.6538145296147055,
            "brake": 0.0,
            "steer": 0.0
        },
        {
            "throttle": 0.6574373539661976,
            "brake": 0.0,
            "steer": 0.0
        },
        {
            "throttle": 0.6603497368920768,
            "brake": 0.0,
            "steer": 0.0
        },
        {
            "throttle": 0.6625232416978646,
            "brake": 0.0,
            "steer": 0.0
        },
        {
            "throttle": 0.6639368197979881,
            "brake": 0.0,
            "steer": 0.0
        },
        {
            "throttle": 0.6645766515517485,
            "brake": 0.0,
            "steer": 0.0
        },
        {
            "throttle": 0.6644360270981479,
            "brake": 0.0,
            "steer": 0.0
        },
        {
            "throttle": 0.6635152378178518,
            "brake": 0.0,
            "steer": 0.0
        },
        {
            "throttle": 0.6618214580750187,
            "brake": 0.0,
            "steer": 0.0
        },
        {
            "throttle": 0.6593686033542963,
            "brake": 0.0,
            "steer": 0.0
        },
        {
            "throttle": 0.6561771555744867,
            "brake": 0.0,
            "steer": 0.0
        },
        {
            "throttle": 0.6522739497648835,
            "brake": 0.0,
            "steer": 0.0
        },
        {
            "throttle": 0.6476919188061802,
            "brake": 0.0,
            "steer": 0.0
        },
        {
            "throttle": 0.6424697948251834,
            "brake": 0.0,
            "steer": 0.0
        },
        {
            "throttle": 0.6366517672722904,
            "brake": 0.0,
            "steer": 0.0
        },
        {
            "throttle": 0.630287098828472,
            "brake": 0.0,
            "steer": 0.0
        },
        {
            "throttle": 0.6234297011713872,
            "brake": 0.0,
            "steer": 0.0
        },
        {
            "throttle": 0.6161376733382965,
            "brake": 0.0,
            "steer": 0.0
        },
        {
            "throttle": 0.6084728059979426,
            "brake": 0.0,
            "steer": 0.0
        },
        {
            "throttle": 0.6005000554127508,
            "brake": 0.0,
            "steer": 0.0
        },
        {
            "throttle": 0.5922869912557697,
            "brake": 0.0,
            "steer": 0.0
        },
        {
            "throttle": 0.5839032227566949,
            "brake": 0.0,
            "steer": 0.0
        },
        {
            "throttle": 0.5754198078968199,
            "brake": 0.0,
            "steer": 0.0
        },
        {
            "throttle": 0.5669086505597106,
            "brake": 0.0,
            "steer": 0.0
        },
        {
            "throttle": 0.5584418906767826,
            "brake": 0.0,
            "steer": 0.0
        },
        {
            "throttle": 0.5500912924875347,
            "brake": 0.0,
            "steer": 0.0
        },
        {
            "throttle": 0.5419276360650203,
            "brake": 0.0,
            "steer": 0.0
        },
        {
            "throttle": 0.5340201172398464,
            "brake": 0.0,
            "steer": 0.0
        },
        {
            "throttle": 0.5264357609920796,
            "brake": 0.0,
            "steer": 0.0
        },
        {
            "throttle": 0.5192388532713689,
            "brake": 0.0,
            "steer": 0.0
        },
        {
            "throttle": 0.5124903960529619,
            "brake": 0.0,
            "steer": 0.0
        },
        {
            "throttle": 0.5062475902428311,
            "brake": 0.0,
            "steer": 0.0
        },
        {
            "throttle": 0.5005633508108208,
            "brake": 0.0,
            "steer": 0.0
        },
        {
            "throttle": 0.4954858582587776,
            "brake": 0.0,
            "steer": 0.0
        },
        {
            "throttle": 0.49105815022349997,
            "brake": 0.0,
            "steer": 0.0
        },
        {
            "throttle": 0.4873177566747534,
            "brake": 0.0,
            "steer": 0.0
        },
        {
            "throttle": 0.48429638179949663,
            "brake": 0.0,
            "steer": 0.0
        },
        {
            "throttle": 0.4820196352680378,
            "brake": 0.0,
            "steer": 0.0
        },
        {
            "throttle": 0.4805068151594758,
            "brake": 0.0,
            "steer": 0.0
        },
        {
            "throttle": 0.4797707443860516,
            "brake": 0.0,
            "steer": 0.0
        },
        {
            "throttle": 0.4798176620026705,
            "brake": 0.0,
            "steer": 0.0
        },
        {
            "throttle": 0.48064717032270954,
            "brake": 0.0,
            "steer": 0.0
        },
        {
            "throttle": 0.4822522382882509,
            "brake": 0.0,
            "steer": 0.0
        },
        {
            "throttle": 0.4846192610660937,
            "brake": 0.0,
            "steer": 0.0
        },
        {
            "throttle": 0.48772817536434176,
            "brake": 0.0,
            "steer": 0.0
        },
        {
            "throttle": 0.4915526294920849,
            "brake": 0.0,
            "steer": 0.0
        },
        {
            "throttle": 0.4960602067206915,
            "brake": 0.0,
            "steer": 0.0
        },
        {
            "throttle": 0.5012127000534439,
            "brake": 0.0,
            "steer": 0.0
        },
        {
            "throttle": 0.5069664360745079,
            "brake": 0.0,
            "steer": 0.0
        },
        {
            "throttle": 0.5132726451322303,
            "brake": 0.0,
            "steer": 0.0
        },
        {
            "throttle": 0.5200778747190172,
            "brake": 0.0,
            "steer": 0.0
        },
        {
            "throttle": 0.5273244425439133,
            "brake": 0.0,
            "steer": 0.0
        },
        {
            "throttle": 0.5349509254575546,
            "brake": 0.0,
            "steer": 0.0
        },
        {
            "throttle": 0.5428926800852848,
            "brake": 0.0,
            "steer": 0.0
        },
        {
            "throttle": 0.5510823907554543,
            "brake": 0.0,
            "steer": 0.0
        },
        {
            "throttle": 0.55945064007857,
            "brake": 0.0,
            "steer": 0.0
        },
        {
            "throttle": 0.5679264973409662,
            "brake": 0.0,
            "steer": 0.0
        },
        {
            "throttle": 0.5764381197256714,
            "brake": 0.0,
            "steer": 0.0
        },
        {
            "throttle": 0.5849133612644206,
            "brake": 0.0,
            "steer": 0.0
        },
        {
            "throttle": 0.5932803843592298,
            "brake": 0.0,
            "steer": 0.0
        },
        {
            "throttle": 0.6014682686901718,
            "brake": 0.0,
            "steer": 0.0
        },
        {
            "throttle": 0.6094076123481464,
            "brake": 0.0,
            "steer": 0.0
        },
        {
            "throttle": 0.617031120097341,
            "brake": 0.0,
            "steer": 0.0
        },
        {
            "throttle": 0.6242741737811678,
            "brake": 0.0,
            "steer": 0.0
        },
        {
            "throttle": 0.6310753800368194,
            "brake": 0.0,
            "steer": 0.0
        },
        {
            "throttle": 0.6373770906759203,
            "brake": 0.0,
            "steer": 0.0
        },
        {
            "throttle": 0.6431258913204388,
            "brake": 0.0,
            "steer": 0.0
        },
        {
            "throttle": 0.6482730541520987,
            "brake": 0.0,
            "steer": 0.0
        },
        {
            "throttle": 0.6527749509377065,
            "brake": 0.0,
            "steer": 0.0
        },
        {
            "throttle": 0.6565934228295249,
            "brake": 0.0,
            "steer": 0.0
        },
        {
            "throttle": 0.6596961038061968,
            "brake": 0.0,
            "steer": 0.0
        },
        {
            "throttle": 0.6620566950126828,
            "brake": 0.0,
            "steer": 0.0
        },
        {
            "throttle": 0.6636551876738581,
            "brake": 0.0,
            "steer": 0.0
        },
        {
            "throttle": 0.664478032692315,
            "brake": 0.0,
            "steer": 0.0
        },
        {
            "throttle": 0.6645182554928318,
            "brake": 0.0,
            "steer": 0.0
        },
        {
            "throttle": 0.6637755151400667,
            "brake": 0.0,
            "steer": 0.0
        },
        {
            "throttle": 0.6622561072283832,
            "brake": 0.0,
            "steer": 0.0
        },
        {
            "throttle": 0.6599729105193155,
            "brake": 0.0,
            "steer": 0.0
        },
        {
            "throttle": 0.6569452777789807,
            "brake": 0.0,
            "steer": 0.0
        },
        {
            "throttle": 0.6531988717407211,
            "brake": 0.0,
            "steer": 0.0
        },
        {
            "throttle": 0.6487654475833833,
            "brake": 0.0,
            "steer": 0.0
        },
        {
            "throttle": 0.643682583768987,
            "brake": 0.0,
            "steer": 0.0
        },
        {
            "throttle": 0.6379933635212488,
            "brake": 0.0,
            "steer": 0.0
        },
        {
            "throttle": 0.6317460096448034,
            "brake": 0.0,
            "steer": 0.0
        },
        {
            "throttle": 0.6249934757804572,
            "brake": 0.0,
            "steer": 0.0
        },
        {
            "throttle": 0.6177929975610648,
            "brake": 0.0,
            "steer": 0.0
        },
        {
            "throttle": 0.6102056074725083,
            "brake": 0.0,
            "steer": 0.0
        },
        {
            "throttle": 0.6022956175318999,
            "brake": 0.0,
            "steer": 0.0
        },
        {
            "throttle": 0.5941300741679165,
            "brake": 0.0,
            "steer": 0.0
        },
        {
            "throttle": 0.5857781899237945,
            "brake": 0.0,
            "steer": 0.0
        },
        {
            "throttle": 0.5773107567999658,
            "brake": 0.0,
            "steer": 0.0
        },
        {
            "throttle": 0.568799546208945,
            "brake": 0.0,
            "steer": 0.0
        },
        {
            "throttle": 0.5603167006285521,
            "brake": 0.0,
            "steer": 0.0
        },
        {
            "throttle": 0.5519341221099217,
            "brake": 0.0,
            "steer": 0.0
        },
        {
            "throttle": 0.5437228628234103,
            "brake": 0.0,
            "steer": 0.0
        },
        {
            "throttle": 0.5357525228082388,
            "brake": 0.0,
            "steer": 0.0
        },
        {
            "throttle": 0.5280906600306462,
            "brake": 0.0,
            "steer": 0.0
        },
        {
            "throttle": 0.5208022177510042,
            "brake": 0.0,
            "steer": 0.0
        },
        {
            "throttle": 0.5139489740536263,
            "brake": 0.0,
            "steer": 0.0
        },
        {
            "throttle": 0.5075890182051501,
            "brake": 0.0,
            "steer": 0.0
        },
        {
            "throttle": 0.5017762582799711,
            "brake": 0.0,
            "steer": 0.0
        },
        {
            "throttle": 0.4965599642261758,
            "brake": 0.0,
            "steer": 0.0
        },
        {
            "throttle": 0.4919843502450292,
            "brake": 0.0,
            "steer": 0.0
        },
        {
            "throttle": 0.4880882000238359,
            "brake": 0.0,
            "steer": 0.0
        },
        {
            "throttle": 0.4849045379987686,
            "brake": 0.0,
            "steer": 0.0
        },
        {
            "throttle": 0.4824603494340942,
            "brake": 0.0,
            "steer": 0.0
        },
        {
            "throttle": 0.48077635169045474,
            "brake": 0.0,
            "steer": 0.0
        },
        {
            "throttle": 0.4798668186209726,
            "brake": 0.0,
            "steer": 0.0
        },
        {
            "throttle": 0.479739459583628,
            "brake": 0.0,
            "steer": 0.0
        },
        {
            "throttle": 0.48039535409542133,
            "brake": 0.0,
            "steer": 0.0
        },
        {
            "throttle": 0.48182894268220217,
            "brake": 0.0,
            "steer": 0.0
        },
        {
            "throttle": 0.4840280740017239,
            "brake": 0.0,
            "steer": 0.0
        },
        {
            "throttle": 0.48697410784050044,
            "brake": 0.0,
            "steer": 0.0
        },
        {
            "throttle": 0.49064207311144636,
            "brake": 0.0,
            "steer": 0.0
        },
        {
            "throttle": 0.49500087951308536,
            "brake": 0.0,
            "steer": 0.0
        },
        {
            "throttle": 0.5000135810562671,
            "brake": 0.0,
            "steer": 0.0
        },
        {
            "throttle": 0.5056376892246954,
            "brake": 0.0,
            "steer": 0.0
        },
        {
            "throttle": 0.511825533114865,
            "brake": 0.0,
            "steer": 0.0
        },
        {
            "throttle": 0.5185246635027995,
            "brake": 0.0,
            "steer": 0.0
        },
        {
            "throttle": 0.525678297412651,
            "brake": 0.0,
            "steer": 0.0
        },
        {
            "throttle": 0.5332257994189237,
            "brake": 0.0,
            "steer": 0.0
        },
        {
            "throttle": 0.5411031956027182,
            "brake": 0.0,
            "steer": 0.0
        },
        {
            "throttle": 0.5492437158056196,
            "brake": 0.0,
            "steer": 0.0
        },
        {
            "throttle": 0.5575783595849878,
            "brake": 0.0,
            "steer": 0.0
        },
        {
            "throttle": 0.5660364810735213,
            "brake": 0.0,
            "steer": 0.0
        },
        {
            "throttle": 0.57454638778572,
            "brake": 0.0,
            "steer": 0.0
        },
        {
            "throttle": 0.5830359482956641,
            "brake": 0.0,
            "steer": 0.0
        },
        {
            "throttle": 0.5914332036353266,
            "brake": 0.0,
            "steer": 0.0
        },
        {
            "throttle": 0.5996669772311037,
            "brake": 0.0,
            "steer": 0.0
        },
        {
            "throttle": 0.6076674782086356,
            "brake": 0.0,
            "steer": 0.0
        },
        {
            "throttle": 0.6153668929522038,
            "brake": 0.0,
            "steer": 0.0
        },
        {
            "throttle": 0.6226999599045451,
            "brake": 0.0,
            "steer": 0.0
        },
        {
            "throttle": 0.6296045227349818,
            "brake": 0.0,
            "steer": 0.0
        },
        {
            "throttle": 0.6360220571871203,
            "brake": 0.0,
            "steer": 0.0
        },
        {
            "throttle": 0.6418981671404651,
            "brake": 0.0,
            "steer": 0.0
        },
        {
            "throttle": 0.6471830456812471,
            "brake": 0.0,
            "steer": 0.0
        },
        {
            "throttle": 0.6518318972743503,
            "brake": 0.0,
            "steer": 0.0
        },
        {
            "throttle": 0.6558053174579351,
            "brake": 0.0,
            "steer": 0.0
        },
        {
            "throttle": 0.6590696268424014,
            "brake": 0.0,
            "steer": 0.0
        },
        {
            "throttle": 0.6615971565826598,
            "brake": 0.0,
            "steer": 0.0
        },
        {
            "throttle": 0.6633664829039987,
            "brake": 0.0,
            "steer": 0.0
        },
        {
            "throttle": 0.6643626086936654,
            "brake": 0.0,
            "steer": 0.0
        },
        {
            "throttle": 0.6645770906189616,
            "brake": 0.0,
            "steer": 0.0
        },
        {
            "throttle": 0.664008110694376,
            "brake": 0.0,
            "steer": 0.0
        },
        {
            "throttle": 0.6626604916911407,
            "brake": 0.0,
            "steer": 0.0
        },
        {
            "throttle": 0.6605456562585968,
            "brake": 0.0,
            "steer": 0.0
        },
        {
            "throttle": 0.6576815301038638,
            "brake": 0.0,
            "steer": 0.0
        },
        {
            "throttle": 0.6540923900504769,
            "brake": 0.0,
            "steer": 0.0
        },
        {
            "throttle": 0.6498086582638762,
            "brake": 0.0,
            "steer": 0.0
        },
        {
            "throttle": 0.6448666443879245,
            "brake": 0.0,
            "steer": 0.0
        },
        {
            "throttle": 0.639308237778151,
            "brake": 0.0,
            "steer": 0.0
        },
        {
            "throttle": 0.6331805524404037,
            "brake": 0.0,
            "steer": 0.0
        },
        {
            "throttle": 0.6265355276844717,
            "brake": 0.0,
            "steer": 0.0
        },
        {
            "throttle": 0.6194294878776045,
            "brake": 0.0,
            "steer": 0.0
        },
        {
            "throttle": 0.6119226650295349,
            "brake": 0.0,
            "steer": 0.0
        },
        {
            "throttle": 0.6040786882556538,
            "brake": 0.0,
            "steer": 0.0
        },
        {
            "throttle": 0.5959640444457379,
            "brake": 0.0,
            "steer": 0.0
        },
        {
            "throttle": 0.5876475147096907,
            "brake": 0.0,
            "steer": 0.0
        },
        {
            "throttle": 0.5791995913770821,
            "brake": 0.0,
            "steer": 0.0
        },
        {
            "throttle": 0.5706918804920971,
            "brake": 0.0,
            "steer": 0.0
        },
        {
            "throttle": 0.562196494868448,
            "brake": 0.0,
            "steer": 0.0
        },
        {
            "throttle": 0.5537854428488227,
            "brake": 0.0,
            "steer": 0.0
        },
        {
            "throttle": 0.545530017949846,
            "brake": 0.0,
            "steer": 0.0
        },
        {
            "throttle": 0.5375001945660295,
            "brake": 0.0,
            "steer": 0.0
        },
        {
            "throttle": 0.5297640348548266,
            "brake": 0.0,
            "steer": 0.0
        },
        {
            "throttle": 0.5223871118301358,
            "brake": 0.0,
            "steer": 0.0
        },
        {
            "throttle": 0.5154319535542105,
            "brake": 0.0,
            "steer": 0.0
        },
        {
            "throttle": 0.5089575131391008,
            "brake": 0.0,
            "steer": 0.0
        },
        {
            "throttle": 0.5030186690499848,
            "brake": 0.0,
            "steer": 0.0
        },
        {
            "throttle": 0.4976657599459047,
            "brake": 0.0,
            "steer": 0.0
        },
        {
            "throttle": 0.49294415800067537,
            "brake": 0.0,
            "steer": 0.0
        },
        {
            "throttle": 0.48889388432057385,
            "brake": 0.0,
            "steer": 0.0
        },
        {
            "throttle": 0.4855492697185916,
            "brake": 0.0,
            "steer": 0.0
        },
        {
            "throttle": 0.48293866372058725,
            "brake": 0.0,
            "steer": 0.0
        },
        {
            "throttle": 0.48108419426985327,
            "brake": 0.0,
            "steer": 0.0
        },
        {
            "throttle": 0.48000158016688077,
            "brake": 0.0,
            "steer": 0.0
        },
        {
            "throttle": 0.4796999978341157,
            "brake": 0.0,
            "steer": 0.0
        },
        {
            "throttle": 0.4801820035350321,
            "brake": 0.0,
            "steer": 0.0
        },
        {
            "throttle": 0.48144351170680477,
            "brake": 0.0,
            "steer": 0.0
        },
        {
            "throttle": 0.48347382959023943,
            "brake": 0.0,
            "steer": 0.0
        },
        {
            "throttle": 0.48625574786342984,
            "brake": 0.0,
            "steer": 0.0
        },
        {
            "throttle": 0.48976568651091584,
            "brake": 0.0,
            "steer": 0.0
        },
        {
            "throttle": 0.49397389469193065,
            "brake": 0.0,
            "steer": 0.0
        },
        {
            "throttle": 0.4988447029136198,
            "brake": 0.0,
            "steer": 0.0
        },
        {
            "throttle": 0.5043368253717677,
            "brake": 0.0,
            "steer": 0.0
        },
        {
            "throttle": 0.510403709896341,
            "brake": 0.0,
            "steer": 0.0
        }
    ],
    "parameters": {
        "fog_density": 59.53868266612925,
        "precipitation": 20.553955496604416,
        "precipitation_deposits": 41.54865044246835,
        "wind_intensity": 29.41477572949132,
        "sun_altitude_angle": 27.256486876439254,
        "cloudiness": 93.53630062244905,
        "lead_base_throttle": 0.5721459876698691,
        "lead_behavior_frequency": 0.1465795862710219,
        "lead_throttle_variation": 0.09545001579936026,
        "lead_brake_probability": 0.02133441967561144,
        "lead_brake_intensity": 0.20057453792652336,
        "lead_brake_duration": 25.25790835682916,
        "initial_distance": 65.4546110718729,
        "initial_ego_velocity": 15.476889633600072,
        "initial_lead_velocity": 24.858066053537662
    },
    "config": {
        "num_timesteps": 200,
        "dt": 0.1,
        "seed": 223
    }
}