{
    "weather": {
        "cloudiness": 33.34691060654913,
        "precipitation": 10.983015877731251,
        "precipitation_deposits": 85.73615669381985,
        "wind_intensity": 1.7580936903083155,
        "sun_altitude_angle": 4.515265288231383,
        "fog_density": 77.08014018448297,
        "fog_distance": 76.58622825834343,
        "wetness": 5.491507938865626
    },
    "initial_conditions": {
        "ego": {
            "position": {
                "x": 541.921962752977,
                "y": 20.57,
                "z": 0.294
            },
            "yaw": 0.0,
            "velocity": 16.070459370157028
        },
        "lead": {
            "position": {
                "x": 484.88,
                "y": 20.57,
                "z": 0.294
            },
            "yaw": 0.0,
            "velocity": 19.528870093980082
        }
    },
    "ego": {
        "position": {
            "x": 541.921962752977,
            "y": 20.57,
            "z": 0.294
        },
        "yaw": 0.0,
        "velocity": 16.070459370157028
    },
    "lead": {
        "position": {
            "x": 484.88,
            "y": 20.57,
            "z": 0.294
        },
        "yaw": 0.0,
        "velocity": 19.528870093980082
    },
    "ado_actions": [
        {
            "throttle": 0.5319467713681545,
            "brake": 0.0,
            "steer": 0.0
        },
        {
            "throttle": 0.5420570152817268,
            "brake": 0.0,
            "steer": 0.0
        },
        {
            "throttle": 0.5590846959089684,
            "brake": 0.0,
            "steer": 0.0
        },
        {
            "throttle": 0.5806376378580477,
            "brake": 0.0,
            "steer": 0.0
        },
        {
            "throttle": 0.6048891154785523,
            "brake": 0.0,
            "steer": 0.0
        },
        {
            "throttle": 0.6304156301024304,
            "brake": 0.0,
            "steer": 0.0
        },
        {
            "throttle": 0.6560856416938047,
            "brake": 0.0,
            "steer": 0.0
        },
        {
            "throttle": 0.6809838153365444,
            "brake": 0.0,
            "steer": 0.0
        },
        {
            "throttle": 0.7043599411390103,
            "brake": 0.0,
            "steer": 0.0
        },
        {
            "throttle": 0.725594907794729,
            "brake": 0.0,
            "steer": 0.0
        },
        {
            "throttle": 0.7441783686393516,
            "brake": 0.0,
            "steer": 0.0
        },
        {
            "throttle": 0.7596943239371787,
            "brake": 0.0,
            "steer": 0.0
        },
        {
            "throttle": 0.7718119567979504,
            "brake": 0.0,
            "steer": 0.0
        },
        {
            "throttle": 0.7802798442377139,
            "brake": 0.0,
            "steer": 0.0
        },
        {
            "throttle": 0.7849222185544017,
            "brake": 0.0,
            "steer": 0.0
        },
        {
            "throttle": 0.7856363466824032,
            "brake": 0.0,
            "steer": 0.0
        },
        {
            "throttle": 0.782390374948137,
            "brake": 0.0,
            "steer": 0.0
        },
        {
            "throttle": 0.7752211874903057,
            "brake": 0.0,
            "steer": 0.0
        },
        {
            "throttle": 0.7642319721288748,
            "brake": 0.0,
            "steer": 0.0
        },
        {
            "throttle": 0.7495892941042813,
            "brake": 0.0,
            "steer": 0.0
        },
        {
            "throttle": 0.7315195572944073,
            "brake": 0.0,
            "steer": 0.0
        },
        {
            "throttle": 0.7103047921817726,
            "brake": 0.0,
            "steer": 0.0
        },
        {
            "throttle": 0.6862777554714928,
            "brake": 0.0,
            "steer": 0.0
        },
        {
            "throttle": 0.6598163616298316,
            "brake": 0.0,
            "steer": 0.0
        },
        {
            "throttle": 0.631337494314035,
            "brake": 0.0,
            "steer": 0.0
        },
        {
            "throttle": 0.6012902674633823,
            "brake": 0.0,
            "steer": 0.0
        },
        {
            "throttle": 0.5701488229177187,
            "brake": 0.0,
            "steer": 0.0
        },
        {
            "throttle": 0.5384047646332247,
            "brake": 0.0,
            "steer": 0.0
        },
        {
            "throttle": 0.5065593394233492,
            "brake": 0.0,
            "steer": 0.0
        },
        {
            "throttle": 0.47511548103922197,
            "brake": 0.0,
            "steer": 0.0
        },
        {
            "throttle": 0.44456983858016585,
            "brake": 0.0,
            "steer": 0.0
        },
        {
            "throttle": 0.41540491188452905,
            "brake": 0.0,
            "steer": 0.0
        },
        {
            "throttle": 0.3880814158492662,
            "brake": 0.0,
            "steer": 0.0
        },
        {
            "throttle": 0.36303099270169303,
            "brake": 0.0,
            "steer": 0.0
        },
        {
            "throttle": 0.34064938623378793,
            "brake": 0.0,
            "steer": 0.0
        },
        {
            "throttle": 0.32129018504979023,
            "brake": 0.0,
            "steer": 0.0
        },
        {
            "throttle": 0.30525923312519576,
            "brake": 0.0,
            "steer": 0.0
        },
        {
            "throttle": 0.29280979559836773,
            "brake": 0.0,
            "steer": 0.0
        },
        {
            "throttle": 0.28413855590017856,
            "brake": 0.0,
            "steer": 0.0
        },
        {
            "throttle": 0.27938250727400077,
            "brake": 0.0,
            "steer": 0.0
        },
        {
            "throttle": 0.27861678766467035,
            "brake": 0.0,
            "steer": 0.0
        },
        {
            "throttle": 0.28185349209043264,
            "brake": 0.0,
            "steer": 0.0
        },
        {
            "throttle": 0.2890414811963272,
            "brake": 0.0,
            "steer": 0.0
        },
        {
            "throttle": 0.3000671889681168,
            "brake": 0.0,
            "steer": 0.0
        },
        {
            "throttle": 0.3147564168135829,
            "brake": 0.0,
            "steer": 0.0
        },
        {
            "throttle": 0.3328770856437484,
            "brake": 0.0,
            "steer": 0.0
        },
        {
            "throttle": 0.3541429024576307,
            "brake": 0.0,
            "steer": 0.0
        },
        {
            "throttle": 0.3782178834903782,
            "brake": 0.0,
            "steer": 0.0
        },
        {
            "throttle": 0.4047216624548853,
            "brake": 0.0,
            "steer": 0.0
        },
        {
            "throttle": 0.43323550000541405,
            "brake": 0.0,
            "steer": 0.0
        },
        {
            "throttle": 0.46330889947459497,
            "brake": 0.0,
            "steer": 0.0
        },
        {
            "throttle": 0.4944667243576545,
            "brake": 0.0,
            "steer": 0.0
        },
        {
            "throttle": 0.5262167050912897,
            "brake": 0.0,
            "steer": 0.0
        },
        {
            "throttle": 0.5580572165246087,
            "brake": 0.0,
            "steer": 0.0
        },
        {
            "throttle": 0.5894852032032144,
            "brake": 0.0,
            "steer": 0.0
        },
        {
            "throttle": 0.6200041272524496,
            "brake": 0.0,
            "steer": 0.0
        },
        {
            "throttle": 0.6491318132889594,
            "brake": 0.0,
            "steer": 0.0
        },
        {
            "throttle": 0.6764080664167327,
            "brake": 0.0,
            "steer": 0.0
        },
        {
            "throttle": 0.7014019429489682,
            "brake": 0.0,
            "steer": 0.0
        },
        {
            "throttle": 0.723718558983836,
            "brake": 0.0,
            "steer": 0.0
        },
        {
            "throttle": 0.7430053292638046,
            "brake": 0.0,
            "steer": 0.0
        },
        {
            "throttle": 0.7589575377493113,
            "brake": 0.0,
            "steer": 0.0
        },
        {
            "throttle": 0.7713231518959731,
            "brake": 0.0,
            "steer": 0.0
        },
        {
            "throttle": 0.7799068045734505,
            "brake": 0.0,
            "steer": 0.0
        },
        {
            "throttle": 0.7845728807147021,
            "brake": 0.0,
            "steer": 0.0
        },
        {
            "throttle": 0.7852476599289447,
            "brake": 0.0,
            "steer": 0.0
        },
        {
            "throttle": 0.7819204812266811,
            "brake": 0.0,
            "steer": 0.0
        },
        {
            "throttle": 0.7746439114550315,
            "brake": 0.0,
            "steer": 0.0
        },
        {
            "throttle": 0.763532914782217,
            "brake": 0.0,
            "steer": 0.0
        },
        {
            "throttle": 0.7487630363526905,
            "brake": 0.0,
            "steer": 0.0
        },
        {
            "throttle": 0.7305676288097569,
            "brake": 0.0,
            "steer": 0.0
        },
        {
            "throttle": 0.709234165504474,
            "brake": 0.0,
            "steer": 0.0
        },
        {
            "throttle": 0.685099698639278,
            "brake": 0.0,
            "steer": 0.0
        },
        {
            "throttle": 0.6585455341041471,
            "brake": 0.0,
            "steer": 0.0
        },
        {
            "throttle": 0.6299912071387674,
            "brake": 0.0,
            "steer": 0.0
        },
        {
            "throttle": 0.599887854000575,
            "brake": 0.0,
            "steer": 0.0
        },
        {
            "throttle": 0.5687110843611844,
            "brake": 0.0,
            "steer": 0.0
        },
        {
            "throttle": 0.5369534670418241,
            "brake": 0.0,
            "steer": 0.0
        },
        {
            "throttle": 0.5051167478073387,
            "brake": 0.0,
            "steer": 0.0
        },
        {
            "throttle": 0.4737039221715872,
            "brake": 0.0,
            "steer": 0.0
        },
        {
            "throttle": 0.4432112884577757,
            "brake": 0.0,
            "steer": 0.0
        },
        {
            "throttle": 0.4141206066692161,
            "brake": 0.0,
            "steer": 0.0
        },
        {
            "throttle": 0.3868914870542838,
            "brake": 0.0,
            "steer": 0.0
        },
        {
            "throttle": 0.3619541286203525,
            "brake": 0.0,
            "steer": 0.0
        },
        {
            "throttle": 0.3397025223225659,
            "brake": 0.0,
            "steer": 0.0
        },
        {
            "throttle": 0.3204882263117994,
            "brake": 0.0,
            "steer": 0.0
        },
        {
            "throttle": 0.30461481158807513,
            "brake": 0.0,
            "steer": 0.0
        },
        {
            "throttle": 0.2923330658138058,
            "brake": 0.0,
            "steer": 0.0
        },
        {
            "throttle": 0.2838370310629048,
            "brake": 0.0,
            "steer": 0.0
        },
        {
            "throttle": 0.27926093810625796,
            "brake": 0.0,
            "steer": 0.0
        },
        {
            "throttle": 0.2786770856694738,
            "brake": 0.0,
            "steer": 0.0
        },
        {
            "throttle": 0.28209469816899724,
            "brake": 0.0,
            "steer": 0.0
        },
        {
            "throttle": 0.28945977997347194,
            "brake": 0.0,
            "steer": 0.0
        },
        {
            "throttle": 0.3006559684929086,
            "brake": 0.0,
            "steer": 0.0
        },
        {
            "throttle": 0.31550637261751174,
            "brake": 0.0,
            "steer": 0.0
        },
        {
            "throttle": 0.3337763674602535,
            "brake": 0.0,
            "steer": 0.0
        },
        {
            "throttle": 0.3551773012484275,
            "brake": 0.0,
            "steer": 0.0
        },
        {
            "throttle": 0.3793710557981643,
            "brake": 0.0,
            "steer": 0.0
        },
        {
            "throttle": 0.40597538851994375,
            "brake": 0.0,
            "steer": 0.0
        },
        {
            "throttle": 0.43456997155555266,
            "brake": 0.0,
            "steer": 0.0
        },
        {
            "throttle": 0.46470303263279944,
            "brake": 0.0,
            "steer": 0.0
        },
        {
            "throttle": 0.49589849271762376,
            "brake": 0.0,
            "steer": 0.0
        },
        {
            "throttle": 0.5276634876942232,
            "brake": 0.0,
            "steer": 0.0
        },
        {
            "throttle": 0.5594961552364763,
            "brake": 0.0,
            "steer": 0.0
        },
        {
            "throttle": 0.5908935638441204,
            "brake": 0.0,
            "steer": 0.0
        },
        {
            "throttle": 0.6213596587710541,
            "brake": 0.0,
            "steer": 0.0
        },
        {
            "throttle": 0.6504130993062485,
            "brake": 0.0,
            "steer": 0.0
        },
        {
            "throttle": 0.6775948635842954,
            "brake": 0.0,
            "steer": 0.0
        },
        {
            "throttle": 0.7024755007754776,
            "brake": 0.0,
            "steer": 0.0
        },
        {
            "throttle": 0.7246619160763689,
            "brake": 0.0,
            "steer": 0.0
        },
        {
            "throttle": 0.7438035813033694,
            "brake": 0.0,
            "steer": 0.0
        },
        {
            "throttle": 0.7595980729666049,
            "brake": 0.0,
            "steer": 0.0
        },
        {
            "throttle": 0.7717958503269107,
            "brake": 0.0,
            "steer": 0.0
        },
        {
            "throttle": 0.7802041979463,
            "brake": 0.0,
            "steer": 0.0
        },
        {
            "throttle": 0.7846902704426719,
            "brake": 0.0,
            "steer": 0.0
        },
        {
            "throttle": 0.7851831913439905,
            "brake": 0.0,
            "steer": 0.0
        },
        {
            "throttle": 0.781675172881666,
            "brake": 0.0,
            "steer": 0.0
        },
        {
            "throttle": 0.7742216390312691,
            "brake": 0.0,
            "steer": 0.0
        },
        {
            "throttle": 0.762940349856629,
            "brake": 0.0,
            "steer": 0.0
        },
        {
            "throttle": 0.7480095409920031,
            "brake": 0.0,
            "steer": 0.0
        },
        {
            "throttle": 0.7296651076570572,
            "brake": 0.0,
            "steer": 0.0
        },
        {
            "throttle": 0.7081968776950393,
            "brake": 0.0,
            "steer": 0.0
        },
        {
            "throttle": 0.6839440325172607,
            "brake": 0.0,
            "steer": 0.0
        },
        {
            "throttle": 0.6572897482994127,
            "brake": 0.0,
            "steer": 0.0
        },
        {
            "throttle": 0.6286551420946707,
            "brake": 0.0,
            "steer": 0.0
        },
        {
            "throttle": 0.5984926185103099,
            "brake": 0.0,
            "steer": 0.0
        },
        {
            "throttle": 0.5672787220651916,
            "brake": 0.0,
            "steer": 0.0
        },
        {
            "throttle": 0.5355066081553358,
            "brake": 0.0,
            "steer": 0.0
        },
        {
            "throttle": 0.5036782515804978,
            "brake": 0.0,
            "steer": 0.0
        },
        {
            "throttle": 0.472296515730993,
            "brake": 0.0,
            "steer": 0.0
        },
        {
            "throttle": 0.4418572077354789,
            "brake": 0.0,
            "steer": 0.0
        },
        {
            "throttle": 0.4128412450922081,
            "brake": 0.0,
            "steer": 0.0
        },
        {
            "throttle": 0.3857070575449142,
            "brake": 0.0,
            "steer": 0.0
        },
        {
            "throttle": 0.36088334424780566,
            "brake": 0.0,
            "steer": 0.0
        },
        {
            "throttle": 0.3387623006508564,
            "brake": 0.0,
            "steer": 0.0
        },
        {
            "throttle": 0.3196934221153588,
            "brake": 0.0,
            "steer": 0.0
        },
        {
            "throttle": 0.3039779821578178,
            "brake": 0.0,
            "steer": 0.0
        },
        {
            "throttle": 0.291864272561655,
            "brake": 0.0,
            "steer": 0.0
        },
        {
            "throttle": 0.28354368055927415,
            "brake": 0.0,
            "steer": 0.0
        },
        {
            "throttle": 0.2791476650619737,
            "brake": 0.0,
            "steer": 0.0
        },
        {
            "throttle": 0.27874567971093217,
            "brake": 0.0,
            "steer": 0.0
        },
        {
            "throttle": 0.282344075563453,
            "brake": 0.0,
            "steer": 0.0
        },
        {
            "throttle": 0.2898860007511767,
            "brake": 0.0,
            "steer": 0.0
        },
        {
            "throttle": 0.30125229869558223,
            "brake": 0.0,
            "steer": 0.0
        },
        {
            "throttle": 0.31626339068966913,
            "brake": 0.0,
            "steer": 0.0
        },
        {
            "throttle": 0.33468211310248686,
            "brake": 0.0,
            "steer": 0.0
        },
        {
            "throttle": 0.3562174643808763,
            "brake": 0.0,
            "steer": 0.0
        },
        {
            "throttle": 0.38052920264869716,
            "brake": 0.0,
            "steer": 0.0
        },
        {
            "throttle": 0.40723322126503414,
            "brake": 0.0,
            "steer": 0.0
        },
        {
            "throttle": 0.4359076174117237,
            "brake": 0.0,
            "steer": 0.0
        },
        {
            "throttle": 0.46609935783121526,
            "brake": 0.0,
            "steer": 0.0
        },
        {
            "throttle": 0.4973314364012743,
            "brake": 0.0,
            "steer": 0.0
        },
        {
            "throttle": 0.5291104104623843,
            "brake": 0.0,
            "steer": 0.0
        },
        {
            "throttle": 0.5609341968297121,
            "brake": 0.0,
            "steer": 0.0
        },
        {
            "throttle": 0.5923000043186822,
            "brake": 0.0,
            "steer": 0.0
        },
        {
            "throttle": 0.6227122774564009,
            "brake": 0.0,
            "steer": 0.0
        },
        {
            "throttle": 0.6516905258744363,
            "brake": 0.0,
            "steer": 0.0
        },
        {
            "throttle": 0.6787769156846132,
            "brake": 0.0,
            "steer": 0.0
        },
        {
            "throttle": 0.7035435028999611,
            "brake": 0.0,
            "steer": 0.0
        },
        {
            "throttle": 0.7255989946183675,
            "brake": 0.0,
            "steer": 0.0
        },
        {
            "throttle": 0.7445949311474663,
            "brake": 0.0,
            "steer": 0.0
        },
        {
            "throttle": 0.7602311913979773,
            "brake": 0.0,
            "steer": 0.0
        },
        {
            "throttle": 0.772260734564544,
            "brake": 0.0,
            "steer": 0.0
        },
        {
            "throttle": 0.7804935031791831,
            "brake": 0.0,
            "steer": 0.0
        },
        {
            "throttle": 0.7847994258721238,
            "brake": 0.0,
            "steer": 0.0
        },
        {
            "throttle": 0.7851104723987411,
            "brake": 0.0,
            "steer": 0.0
        },
        {
            "throttle": 0.7814217284647464,
            "brake": 0.0,
            "steer": 0.0
        },
        {
            "throttle": 0.7737914733682335,
            "brake": 0.0,
            "steer": 0.0
        },
        {
            "throttle": 0.5416540313577635,
            "brake": 0.20571132652633964,
            "steer": 0.0
        },
        {
            "throttle": 0.3791578219504344,
            "brake": 0.34970925509477735,
            "steer": 0.0
        },
        {
            "throttle": 0.26541047536530404,
            "brake": 0.45050780509268373,
            "steer": 0.0
        },
        {
            "throttle": 0.18578733275571283,
            "brake": 0.5210667900912183,
            "steer": 0.0
        },
        {
            "throttle": 0.13005113292899897,
            "brake": 0.5704580795901923,
            "steer": 0.0
        },
        {
            "throttle": 0.09103579305029928,
            "brake": 0.6050319822394743,
            "steer": 0.0
        },
        {
            "throttle": 0.0637250551352095,
            "brake": 0.6292337140939717,
            "steer": 0.0
        },
        {
            "throttle": 0.04460753859464665,
            "brake": 0.6461749263921198,
            "steer": 0.0
        },
        {
            "throttle": 0.03122527701625265,
            "brake": 0.6580337750008235,
            "steer": 0.0
        },
        {
            "throttle": 0.021857693911376853,
            "brake": 0.666334969026916,
            "steer": 0.0
        },
        {
            "throttle": 0.015300385737963796,
            "brake": 0.6721458048451808,
            "steer": 0.0
        },
        {
            "throttle": 0.1300328492608685,
            "brake": 0.47050206339162653,
            "steer": 0.0
        },
        {
            "throttle": 0.2019053197122001,
            "brake": 0.32935144437413855,
            "steer": 0.0
        },
        {
            "throttle": 0.24454524426308488,
            "brake": 0.23054601106189695,
            "steer": 0.0
        },
        {
            "throttle": 0.26761302870936704,
            "brake": 0.16138220774332787,
            "steer": 0.0
        },
        {
            "throttle": 0.2779780784297796,
            "brake": 0.1129675454203295,
            "steer": 0.0
        },
        {
            "throttle": 0.2805403346227224,
            "brake": 0.07907728179423064,
            "steer": 0.0
        },
        {
            "throttle": 0.2788039062952954,
            "brake": 0.055354097255961444,
            "steer": 0.0
        },
        {
            "throttle": 0.2752774411403761,
            "brake": 0.038747868079173006,
            "steer": 0.0
        },
        {
            "throttle": 0.2717535040058269,
            "brake": 0.027123507655421104,
            "steer": 0.0
        },
        {
            "throttle": 0.26950356497009603,
            "brake": 0.01898645535879477,
            "steer": 0.0
        },
        {
            "throttle": 0.2694142275480275,
            "brake": 0.01329051875115634,
            "steer": 0.0
        },
        {
            "throttle": 0.2720826425558084,
            "brake": 0.009303363125809438,
            "steer": 0.0
        },
        {
            "throttle": 0.2778836686502372,
            "brake": 0.006512354188066606,
            "steer": 0.0
        },
        {
            "throttle": 0.2870175663940544,
            "brake": 0.004558647931646624,
            "steer": 0.0
        },
        {
            "throttle": 0.29954436587341315,
            "brake": 0.0031910535521526367,
            "steer": 0.0
        },
        {
            "throttle": 0.31540919037451276,
            "brake": 0.0022337374865068456,
            "steer": 0.0
        },
        {
            "throttle": 0.33446151386704837,
            "brake": 0.001563616240554792,
            "steer": 0.0
        },
        {
            "throttle": 0.356470412530645,
            "brake": 0.0010945313683883543,
            "steer": 0.0
        },
        {
            "throttle": 0.38113722450461585,
            "brake": 0.000766171957871848,
            "steer": 0.0
        },
        {
            "throttle": 0.40810657644665155,
            "brake": 0.0005363203705102935,
            "steer": 0.0
        },
        {
            "throttle": 0.43697641370924956,
            "brake": 0.00037542425935720543,
            "steer": 0.0
        }
    ],
    "parameters": {
        "fog_density": 77.08014018448297,
        "precipitation": 10.983015877731251,
        "precipitation_deposits": 85.73615669381985,
        "wind_intensity": 1.7580936903083155,
        "sun_altitude_angle": 4.515265288231383,
        "cloudiness": 33.34691060654913,
        "lead_base_throttle": 0.5319467713681545,
        "lead_behavior_frequency": 0.20018168716525248,
        "lead_throttle_variation": 0.26864691906990185,
        "lead_brake_probability": 0.01829487622571846,
        "lead_brake_intensity": 0.6857044217544654,
        "lead_brake_duration": 11.425016566442535,
        "initial_distance": 57.04196275297709,
        "initial_ego_velocity": 16.070459370157028,
        "initial_lead_velocity": 19.528870093980082
    },
    "config": {
        "num_timesteps": 200,
        "dt": 0.1,
        "seed": 102
    }
}