{
    "weather": {
        "cloudiness": 67.3719341574449,
        "precipitation": 85.4405677546787,
        "precipitation_deposits": 83.21561363404933,
        "wind_intensity": 39.560760622175714,
        "sun_altitude_angle": 5.05361584733847,
        "fog_density": 78.76836309390694,
        "fog_distance": 72.39542999995982,
        "wetness": 42.72028387733935
    },
    "initial_conditions": {
        "ego": {
            "position": {
                "x": 551.2322809095631,
                "y": 20.57,
                "z": 0.294
            },
            "yaw": 0.0,
            "velocity": 11.435492029500185
        },
        "lead": {
            "position": {
                "x": 484.88,
                "y": 20.57,
                "z": 0.294
            },
            "yaw": 0.0,
            "velocity": 14.837132434324467
        }
    },
    "ego": {
        "position": {
            "x": 551.2322809095631,
            "y": 20.57,
            "z": 0.294
        },
        "yaw": 0.0,
        "velocity": 11.435492029500185
    },
    "lead": {
        "position": {
            "x": 484.88,
            "y": 20.57,
            "z": 0.294
        },
        "yaw": 0.0,
        "velocity": 14.837132434324467
    },
    "ado_actions": [
        {
            "throttle": 0.5987287581259183,
            "brake": 0.0,
            "steer": 0.0
        },
        {
            "throttle": 0.5988748519741526,
            "brake": 0.0,
            "steer": 0.0
        },
        {
            "throttle": 0.5991230540980043,
            "brake": 0.0,
            "steer": 0.0
        },
        {
            "throttle": 0.5994424173481152,
            "brake": 0.0,
            "steer": 0.0
        },
        {
            "throttle": 0.5998111218104659,
            "brake": 0.0,
            "steer": 0.0
        },
        {
            "throttle": 0.6002137371439039,
            "brake": 0.0,
            "steer": 0.0
        },
        {
            "throttle": 0.6006393063849381,
            "brake": 0.0,
            "steer": 0.0
        },
        {
            "throttle": 0.6010800047788903,
            "brake": 0.0,
            "steer": 0.0
        },
        {
            "throttle": 0.6015302011285868,
            "brake": 0.0,
            "steer": 0.0
        },
        {
            "throttle": 0.6019858009042385,
            "brake": 0.0,
            "steer": 0.0
        },
        {
            "throttle": 0.6024437865848844,
            "brake": 0.0,
            "steer": 0.0
        },
        {
            "throttle": 0.6029018960604842,
            "brake": 0.0,
            "steer": 0.0
        },
        {
            "throttle": 0.6033583976748428,
            "brake": 0.0,
            "steer": 0.0
        },
        {
            "throttle": 0.6038119329153234,
            "brake": 0.0,
            "steer": 0.0
        },
        {
            "throttle": 0.6042614064533441,
            "brake": 0.0,
            "steer": 0.0
        },
        {
            "throttle": 0.6047059093282857,
            "brake": 0.0,
            "steer": 0.0
        },
        {
            "throttle": 0.6051446653294826,
            "brake": 0.0,
            "steer": 0.0
        },
        {
            "throttle": 0.6055769936144024,
            "brake": 0.0,
            "steer": 0.0
        },
        {
            "throttle": 0.6060022826895237,
            "brake": 0.0,
            "steer": 0.0
        },
        {
            "throttle": 0.6064199723423118,
            "brake": 0.0,
            "steer": 0.0
        },
        {
            "throttle": 0.6068295411360131,
            "brake": 0.0,
            "steer": 0.0
        },
        {
            "throttle": 0.607230497795321,
            "brake": 0.0,
            "steer": 0.0
        },
        {
            "throttle": 0.6076223753123995,
            "brake": 0.0,
            "steer": 0.0
        },
        {
            "throttle": 0.6080047269537572,
            "brake": 0.0,
            "steer": 0.0
        },
        {
            "throttle": 0.6083771235941764,
            "brake": 0.0,
            "steer": 0.0
        },
        {
            "throttle": 0.608739151975898,
            "brake": 0.0,
            "steer": 0.0
        },
        {
            "throttle": 0.6090904136116706,
            "brake": 0.0,
            "steer": 0.0
        },
        {
            "throttle": 0.6094305241345561,
            "brake": 0.0,
            "steer": 0.0
        },
        {
            "throttle": 0.6097591129563923,
            "brake": 0.0,
            "steer": 0.0
        },
        {
            "throttle": 0.610075823138117,
            "brake": 0.0,
            "steer": 0.0
        },
        {
            "throttle": 0.6103803114040833,
            "brake": 0.0,
            "steer": 0.0
        },
        {
            "throttle": 0.6106722482527385,
            "brake": 0.0,
            "steer": 0.0
        },
        {
            "throttle": 0.6109513181302235,
            "brake": 0.0,
            "steer": 0.0
        },
        {
            "throttle": 0.6112172196433767,
            "brake": 0.0,
            "steer": 0.0
        },
        {
            "throttle": 0.6114696657955815,
            "brake": 0.0,
            "steer": 0.0
        },
        {
            "throttle": 0.6117083842337743,
            "brake": 0.0,
            "steer": 0.0
        },
        {
            "throttle": 0.6119331174983441,
            "brake": 0.0,
            "steer": 0.0
        },
        {
            "throttle": 0.6121436232700539,
            "brake": 0.0,
            "steer": 0.0
        },
        {
            "throttle": 0.6123396746097963,
            "brake": 0.0,
            "steer": 0.0
        },
        {
            "throttle": 0.6125210601881806,
            "brake": 0.0,
            "steer": 0.0
        },
        {
            "throttle": 0.6126875845027839,
            "brake": 0.0,
            "steer": 0.0
        },
        {
            "throttle": 0.6128390680814851,
            "brake": 0.0,
            "steer": 0.0
        },
        {
            "throttle": 0.6129753476707238,
            "brake": 0.0,
            "steer": 0.0
        },
        {
            "throttle": 0.6130962764078204,
            "brake": 0.0,
            "steer": 0.0
        },
        {
            "throttle": 0.613201723976711,
            "brake": 0.0,
            "steer": 0.0
        },
        {
            "throttle": 0.6132915767466073,
            "brake": 0.0,
            "steer": 0.0
        },
        {
            "throttle": 0.6133657378932043,
            "brake": 0.0,
            "steer": 0.0
        },
        {
            "throttle": 0.6134241275021486,
            "brake": 0.0,
            "steer": 0.0
        },
        {
            "throttle": 0.6134666826545441,
            "brake": 0.0,
            "steer": 0.0
        },
        {
            "throttle": 0.6134933574943263,
            "brake": 0.0,
            "steer": 0.0
        },
        {
            "throttle": 0.6135041232773769,
            "brake": 0.0,
            "steer": 0.0
        },
        {
            "throttle": 0.6134989684022893,
            "brake": 0.0,
            "steer": 0.0
        },
        {
            "throttle": 0.6134778984227247,
            "brake": 0.0,
            "steer": 0.0
        },
        {
            "throttle": 0.6134409360413264,
            "brake": 0.0,
            "steer": 0.0
        },
        {
            "throttle": 0.6133881210851865,
            "brake": 0.0,
            "steer": 0.0
        },
        {
            "throttle": 0.6133195104628819,
            "brake": 0.0,
            "steer": 0.0
        },
        {
            "throttle": 0.6132351781031201,
            "brake": 0.0,
            "steer": 0.0
        },
        {
            "throttle": 0.6131352148750552,
            "brake": 0.0,
            "steer": 0.0
        },
        {
            "throttle": 0.6130197284903582,
            "brake": 0.0,
            "steer": 0.0
        },
        {
            "throttle": 0.6128888433871449,
            "brake": 0.0,
            "steer": 0.0
        },
        {
            "throttle": 0.6127427005958827,
            "brake": 0.0,
            "steer": 0.0
        },
        {
            "throttle": 0.6125814575874231,
            "brake": 0.0,
            "steer": 0.0
        },
        {
            "throttle": 0.6124052881033208,
            "brake": 0.0,
            "steer": 0.0
        },
        {
            "throttle": 0.6122143819686212,
            "brake": 0.0,
            "steer": 0.0
        },
        {
            "throttle": 0.61200894488732,
            "brake": 0.0,
            "steer": 0.0
        },
        {
            "throttle": 0.6117891982207124,
            "brake": 0.0,
            "steer": 0.0
        },
        {
            "throttle": 0.6115553787488724,
            "brake": 0.0,
            "steer": 0.0
        },
        {
            "throttle": 0.6113077384155183,
            "brake": 0.0,
            "steer": 0.0
        },
        {
            "throttle": 0.6110465440565395,
            "brake": 0.0,
            "steer": 0.0
        },
        {
            "throttle": 0.6107720771124765,
            "brake": 0.0,
            "steer": 0.0
        },
        {
            "throttle": 0.610484633325265,
            "brake": 0.0,
            "steer": 0.0
        },
        {
            "throttle": 0.6101845224195694,
            "brake": 0.0,
            "steer": 0.0
        },
        {
            "throttle": 0.6098720677690501,
            "brake": 0.0,
            "steer": 0.0
        },
        {
            "throttle": 0.6095476060479237,
            "brake": 0.0,
            "steer": 0.0
        },
        {
            "throttle": 0.6092114868681919,
            "brake": 0.0,
            "steer": 0.0
        },
        {
            "throttle": 0.6088640724029303,
            "brake": 0.0,
            "steer": 0.0
        },
        {
            "throttle": 0.6085057369960405,
            "brake": 0.0,
            "steer": 0.0
        },
        {
            "throttle": 0.6081368667588908,
            "brake": 0.0,
            "steer": 0.0
        },
        {
            "throttle": 0.6077578591542748,
            "brake": 0.0,
            "steer": 0.0
        },
        {
            "throttle": 0.6073691225681404,
            "brake": 0.0,
            "steer": 0.0
        },
        {
            "throttle": 0.6069710758695473,
            "brake": 0.0,
            "steer": 0.0
        },
        {
            "throttle": 0.6065641479593313,
            "brake": 0.0,
            "steer": 0.0
        },
        {
            "throttle": 0.6061487773079562,
            "brake": 0.0,
            "steer": 0.0
        },
        {
            "throttle": 0.6057254114830569,
            "brake": 0.0,
            "steer": 0.0
        },
        {
            "throttle": 0.6052945066671782,
            "brake": 0.0,
            "steer": 0.0
        },
        {
            "throttle": 0.6048565271662325,
            "brake": 0.0,
            "steer": 0.0
        },
        {
            "throttle": 0.6044119449092032,
            "brake": 0.0,
            "steer": 0.0
        },
        {
            "throttle": 0.6039612389396352,
            "brake": 0.0,
            "steer": 0.0
        },
        {
            "throttle": 0.6035048948994581,
            "brake": 0.0,
            "steer": 0.0
        },
        {
            "throttle": 0.6030434045057012,
            "brake": 0.0,
            "steer": 0.0
        },
        {
            "throttle": 0.6025772650206606,
            "brake": 0.0,
            "steer": 0.0
        },
        {
            "throttle": 0.6021069787160933,
            "brake": 0.0,
            "steer": 0.0
        },
        {
            "throttle": 0.6016330523320115,
            "brake": 0.0,
            "steer": 0.0
        },
        {
            "throttle": 0.6011559965306635,
            "brake": 0.0,
            "steer": 0.0
        },
        {
            "throttle": 0.6006763253462883,
            "brake": 0.0,
            "steer": 0.0
        },
        {
            "throttle": 0.6001945556312361,
            "brake": 0.0,
            "steer": 0.0
        },
        {
            "throttle": 0.5997112064990532,
            "brake": 0.0,
            "steer": 0.0
        },
        {
            "throttle": 0.5992267987651296,
            "brake": 0.0,
            "steer": 0.0
        },
        {
            "throttle": 0.5987418543855134,
            "brake": 0.0,
            "steer": 0.0
        },
        {
            "throttle": 0.598256895894496,
            "brake": 0.0,
            "steer": 0.0
        },
        {
            "throttle": 0.5977724458415739,
            "brake": 0.0,
            "steer": 0.0
        },
        {
            "throttle": 0.5972890262283944,
            "brake": 0.0,
            "steer": 0.0
        },
        {
            "throttle": 0.596807157946292,
            "brake": 0.0,
            "steer": 0.0
        },
        {
            "throttle": 0.5963273602150203,
            "brake": 0.0,
            "steer": 0.0
        },
        {
            "throttle": 0.5958501500232855,
            "brake": 0.0,
            "steer": 0.0
        },
        {
            "throttle": 0.5953760415716842,
            "brake": 0.0,
            "steer": 0.0
        },
        {
            "throttle": 0.5949055457186453,
            "brake": 0.0,
            "steer": 0.0
        },
        {
            "throttle": 0.5944391694299722,
            "brake": 0.0,
            "steer": 0.0
        },
        {
            "throttle": 0.593977415232581,
            "brake": 0.0,
            "steer": 0.0
        },
        {
            "throttle": 0.59352078067302,
            "brake": 0.0,
            "steer": 0.0
        },
        {
            "throttle": 0.5930697577813572,
            "brake": 0.0,
            "steer": 0.0
        },
        {
            "throttle": 0.5926248325410102,
            "brake": 0.0,
            "steer": 0.0
        },
        {
            "throttle": 0.5921864843650929,
            "brake": 0.0,
            "steer": 0.0
        },
        {
            "throttle": 0.5917551855798415,
            "brake": 0.0,
            "steer": 0.0
        },
        {
            "throttle": 0.5913314009156756,
            "brake": 0.0,
            "steer": 0.0
        },
        {
            "throttle": 0.5909155870064452,
            "brake": 0.0,
            "steer": 0.0
        },
        {
            "throttle": 0.5905081918974016,
            "brake": 0.0,
            "steer": 0.0
        },
        {
            "throttle": 0.590109654562422,
            "brake": 0.0,
            "steer": 0.0
        },
        {
            "throttle": 0.5897204044310094,
            "brake": 0.0,
            "steer": 0.0
        },
        {
            "throttle": 0.5893408609255761,
            "brake": 0.0,
            "steer": 0.0
        },
        {
            "throttle": 0.5889714330095105,
            "brake": 0.0,
            "steer": 0.0
        },
        {
            "throttle": 0.588612518746513,
            "brake": 0.0,
            "steer": 0.0
        },
        {
            "throttle": 0.5882645048716773,
            "brake": 0.0,
            "steer": 0.0
        },
        {
            "throttle": 0.5879277663747776,
            "brake": 0.0,
            "steer": 0.0
        },
        {
            "throttle": 0.5876026660962123,
            "brake": 0.0,
            "steer": 0.0
        },
        {
            "throttle": 0.5872895543360379,
            "brake": 0.0,
            "steer": 0.0
        },
        {
            "throttle": 0.5869887684765165,
            "brake": 0.0,
            "steer": 0.0
        },
        {
            "throttle": 0.586700632618581,
            "brake": 0.0,
            "steer": 0.0
        },
        {
            "throttle": 0.5864254572326125,
            "brake": 0.0,
            "steer": 0.0
        },
        {
            "throttle": 0.5861635388239039,
            "brake": 0.0,
            "steer": 0.0
        },
        {
            "throttle": 0.5859151596131713,
            "brake": 0.0,
            "steer": 0.0
        },
        {
            "throttle": 0.5856805872324572,
            "brake": 0.0,
            "steer": 0.0
        },
        {
            "throttle": 0.5854600744367535,
            "brake": 0.0,
            "steer": 0.0
        },
        {
            "throttle": 0.5852538588316543,
            "brake": 0.0,
            "steer": 0.0
        },
        {
            "throttle": 0.5850621626173326,
            "brake": 0.0,
            "steer": 0.0
        },
        {
            "throttle": 0.5848851923491165,
            "brake": 0.0,
            "steer": 0.0
        },
        {
            "throttle": 0.5847231387149233,
            "brake": 0.0,
            "steer": 0.0
        },
        {
            "throttle": 0.5845761763297903,
            "brake": 0.0,
            "steer": 0.0
        },
        {
            "throttle": 0.5844444635477245,
            "brake": 0.0,
            "steer": 0.0
        },
        {
            "throttle": 0.5843281422910744,
            "brake": 0.0,
            "steer": 0.0
        },
        {
            "throttle": 0.5842273378976065,
            "brake": 0.0,
            "steer": 0.0
        },
        {
            "throttle": 0.5841421589854521,
            "brake": 0.0,
            "steer": 0.0
        },
        {
            "throttle": 0.5840726973360698,
            "brake": 0.0,
            "steer": 0.0
        },
        {
            "throttle": 0.5840190277953496,
            "brake": 0.0,
            "steer": 0.0
        },
        {
            "throttle": 0.5839812081929657,
            "brake": 0.0,
            "steer": 0.0
        },
        {
            "throttle": 0.5839592792800639,
            "brake": 0.0,
            "steer": 0.0
        },
        {
            "throttle": 0.5839532646853518,
            "brake": 0.0,
            "steer": 0.0
        },
        {
            "throttle": 0.5839631708896386,
            "brake": 0.0,
            "steer": 0.0
        },
        {
            "throttle": 0.5839889872188517,
            "brake": 0.0,
            "steer": 0.0
        },
        {
            "throttle": 0.5840306858555387,
            "brake": 0.0,
            "steer": 0.0
        },
        {
            "throttle": 0.5840882218688406,
            "brake": 0.0,
            "steer": 0.0
        },
        {
            "throttle": 0.5841615332629053,
            "brake": 0.0,
            "steer": 0.0
        },
        {
            "throttle": 0.5842505410436896,
            "brake": 0.0,
            "steer": 0.0
        },
        {
            "throttle": 0.5843551493040758,
            "brake": 0.0,
            "steer": 0.0
        },
        {
            "throttle": 0.5844752453272135,
            "brake": 0.0,
            "steer": 0.0
        },
        {
            "throttle": 0.5846106997079727,
            "brake": 0.0,
            "steer": 0.0
        },
        {
            "throttle": 0.5847613664923805,
            "brake": 0.0,
            "steer": 0.0
        },
        {
            "throttle": 0.5849270833348883,
            "brake": 0.0,
            "steer": 0.0
        },
        {
            "throttle": 0.5851076716733012,
            "brake": 0.0,
            "steer": 0.0
        },
        {
            "throttle": 0.5853029369211812,
            "brake": 0.0,
            "steer": 0.0
        },
        {
            "throttle": 0.5855126686775168,
            "brake": 0.0,
            "steer": 0.0
        },
        {
            "throttle": 0.5857366409534335,
            "brake": 0.0,
            "steer": 0.0
        },
        {
            "throttle": 0.5859746124156991,
            "brake": 0.0,
            "steer": 0.0
        },
        {
            "throttle": 0.5862263266467644,
            "brake": 0.0,
            "steer": 0.0
        },
        {
            "throttle": 0.5864915124210562,
            "brake": 0.0,
            "steer": 0.0
        },
        {
            "throttle": 0.5867698839972267,
            "brake": 0.0,
            "steer": 0.0
        },
        {
            "throttle": 0.5870611414260438,
            "brake": 0.0,
            "steer": 0.0
        },
        {
            "throttle": 0.5873649708735905,
            "brake": 0.0,
            "steer": 0.0
        },
        {
            "throttle": 0.5876810449594255,
            "brake": 0.0,
            "steer": 0.0
        },
        {
            "throttle": 0.5880090231093399,
            "brake": 0.0,
            "steer": 0.0
        },
        {
            "throttle": 0.5883485519223307,
            "brake": 0.0,
            "steer": 0.0
        },
        {
            "throttle": 0.5886992655513954,
            "brake": 0.0,
            "steer": 0.0
        },
        {
            "throttle": 0.5890607860977373,
            "brake": 0.0,
            "steer": 0.0
        },
        {
            "throttle": 0.589432724017956,
            "brake": 0.0,
            "steer": 0.0
        },
        {
            "throttle": 0.589814678543787,
            "brake": 0.0,
            "steer": 0.0
        },
        {
            "throttle": 0.5902062381139339,
            "brake": 0.0,
            "steer": 0.0
        },
        {
            "throttle": 0.5906069808175323,
            "brake": 0.0,
            "steer": 0.0
        },
        {
            "throttle": 0.5910164748487637,
            "brake": 0.0,
            "steer": 0.0
        },
        {
            "throttle": 0.5914342789721334,
            "brake": 0.0,
            "steer": 0.0
        },
        {
            "throttle": 0.5918599429979068,
            "brake": 0.0,
            "steer": 0.0
        },
        {
            "throttle": 0.5922930082671954,
            "brake": 0.0,
            "steer": 0.0
        },
        {
            "throttle": 0.5927330081461688,
            "brake": 0.0,
            "steer": 0.0
        },
        {
            "throttle": 0.593179468528858,
            "brake": 0.0,
            "steer": 0.0
        },
        {
            "throttle": 0.5936319083480117,
            "brake": 0.0,
            "steer": 0.0
        },
        {
            "throttle": 0.5940898400934532,
            "brake": 0.0,
            "steer": 0.0
        },
        {
            "throttle": 0.594552770337379,
            "brake": 0.0,
            "steer": 0.0
        },
        {
            "throttle": 0.5950202002660342,
            "brake": 0.0,
            "steer": 0.0
        },
        {
            "throttle": 0.5954916262171911,
            "brake": 0.0,
            "steer": 0.0
        },
        {
            "throttle": 0.5959665402228526,
            "brake": 0.0,
            "steer": 0.0
        },
        {
            "throttle": 0.5964444305565942,
            "brake": 0.0,
            "steer": 0.0
        },
        {
            "throttle": 0.5969247822849569,
            "brake": 0.0,
            "steer": 0.0
        },
        {
            "throttle": 0.5974070778222949,
            "brake": 0.0,
            "steer": 0.0
        },
        {
            "throttle": 0.597890797488481,
            "brake": 0.0,
            "steer": 0.0
        },
        {
            "throttle": 0.5983754200688697,
            "brake": 0.0,
            "steer": 0.0
        },
        {
            "throttle": 0.5988604233759127,
            "brake": 0.0,
            "steer": 0.0
        },
        {
            "throttle": 0.5993452848118238,
            "brake": 0.0,
            "steer": 0.0
        },
        {
            "throttle": 0.5998294819316845,
            "brake": 0.0,
            "steer": 0.0
        },
        {
            "throttle": 0.6003124930063864,
            "brake": 0.0,
            "steer": 0.0
        },
        {
            "throttle": 0.6007937975848011,
            "brake": 0.0,
            "steer": 0.0
        },
        {
            "throttle": 0.6012728770545734,
            "brake": 0.0,
            "steer": 0.0
        }
    ],
    "parameters": {
        "fog_density": 78.76836309390694,
        "precipitation": 85.4405677546787,
        "precipitation_deposits": 83.21561363404933,
        "wind_intensity": 39.560760622175714,
        "sun_altitude_angle": 5.05361584733847,
        "cloudiness": 67.3719341574449,
        "lead_base_throttle": 0.5987287581259183,
        "lead_behavior_frequency": 0.05224576165074414,
        "lead_throttle_variation": 0.014837397913965544,
        "lead_brake_probability": 0.0058087395469953226,
        "lead_brake_intensity": 0.1910294961643482,
        "lead_brake_duration": 11.346627500224411,
        "initial_distance": 66.35228090956315,
        "initial_ego_velocity": 11.435492029500185,
        "initial_lead_velocity": 14.837132434324467
    },
    "config": {
        "num_timesteps": 200,
        "dt": 0.1,
        "seed": 131
    }
}