{
    "weather": {
        "cloudiness": 2.98981191851706,
        "precipitation": 9.88852124612496,
        "precipitation_deposits": 53.44743925889869,
        "wind_intensity": 28.08869616730632,
        "sun_altitude_angle": -4.381769440018463,
        "fog_density": 77.34297312995297,
        "fog_distance": 75.91817948670098,
        "wetness": 4.94426062306248
    },
    "initial_conditions": {
        "ego": {
            "position": {
                "x": 526.1525993595626,
                "y": 20.57,
                "z": 0.294
            },
            "yaw": 0.0,
            "velocity": 13.74756345837006
        },
        "lead": {
            "position": {
                "x": 484.88,
                "y": 20.57,
                "z": 0.294
            },
            "yaw": 0.0,
            "velocity": 21.959588508471068
        }
    },
    "ego": {
        "position": {
            "x": 526.1525993595626,
            "y": 20.57,
            "z": 0.294
        },
        "yaw": 0.0,
        "velocity": 13.74756345837006
    },
    "lead": {
        "position": {
            "x": 484.88,
            "y": 20.57,
            "z": 0.294
        },
        "yaw": 0.0,
        "velocity": 21.959588508471068
    },
    "ado_actions": [
        {
            "throttle": 0.5891976077922194,
            "brake": 0.0,
            "steer": 0.0
        },
        {
            "throttle": 0.5902248986072967,
            "brake": 0.0,
            "steer": 0.0
        },
        {
            "throttle": 0.5919700530597377,
            "brake": 0.0,
            "steer": 0.0
        },
        {
            "throttle": 0.5942152336885437,
            "brake": 0.0,
            "steer": 0.0
        },
        {
            "throttle": 0.5968067188257921,
            "brake": 0.0,
            "steer": 0.0
        },
        {
            "throttle": 0.5996356723412637,
            "brake": 0.0,
            "steer": 0.0
        },
        {
            "throttle": 0.6026246839494456,
            "brake": 0.0,
            "steer": 0.0
        },
        {
            "throttle": 0.6057183489029933,
            "brake": 0.0,
            "steer": 0.0
        },
        {
            "throttle": 0.6088766752477253,
            "brake": 0.0,
            "steer": 0.0
        },
        {
            "throttle": 0.6120704703599299,
            "brake": 0.0,
            "steer": 0.0
        },
        {
            "throttle": 0.6152781129687662,
            "brake": 0.0,
            "steer": 0.0
        },
        {
            "throttle": 0.6184832950039632,
            "brake": 0.0,
            "steer": 0.0
        },
        {
            "throttle": 0.6216734423052298,
            "brake": 0.0,
            "steer": 0.0
        },
        {
            "throttle": 0.6248386105171585,
            "brake": 0.0,
            "steer": 0.0
        },
        {
            "throttle": 0.6279707135945777,
            "brake": 0.0,
            "steer": 0.0
        },
        {
            "throttle": 0.6310629851141626,
            "brake": 0.0,
            "steer": 0.0
        },
        {
            "throttle": 0.6341096025277285,
            "brake": 0.0,
            "steer": 0.0
        },
        {
            "throttle": 0.6371054254503934,
            "brake": 0.0,
            "steer": 0.0
        },
        {
            "throttle": 0.6400458137472581,
            "brake": 0.0,
            "steer": 0.0
        },
        {
            "throttle": 0.6429265014516079,
            "brake": 0.0,
            "steer": 0.0
        },
        {
            "throttle": 0.6457435097362179,
            "brake": 0.0,
            "steer": 0.0
        },
        {
            "throttle": 0.6484930871913895,
            "brake": 0.0,
            "steer": 0.0
        },
        {
            "throttle": 0.6511716691858108,
            "brake": 0.0,
            "steer": 0.0
        },
        {
            "throttle": 0.6537758505520952,
            "brake": 0.0,
            "steer": 0.0
        },
        {
            "throttle": 0.6563023675649331,
            "brake": 0.0,
            "steer": 0.0
        },
        {
            "throttle": 0.6587480863880835,
            "brake": 0.0,
            "steer": 0.0
        },
        {
            "throttle": 0.6611099960122796,
            "brake": 0.0,
            "steer": 0.0
        },
        {
            "throttle": 0.663385204298269,
            "brake": 0.0,
            "steer": 0.0
        },
        {
            "throttle": 0.6655709361537457,
            "brake": 0.0,
            "steer": 0.0
        },
        {
            "throttle": 0.6676645331631663,
            "brake": 0.0,
            "steer": 0.0
        },
        {
            "throttle": 0.6696634541926479,
            "brake": 0.0,
            "steer": 0.0
        },
        {
            "throttle": 0.6715652766344463,
            "brake": 0.0,
            "steer": 0.0
        },
        {
            "throttle": 0.6733676980551692,
            "brake": 0.0,
            "steer": 0.0
        },
        {
            "throttle": 0.6750685380816975,
            "brake": 0.0,
            "steer": 0.0
        },
        {
            "throttle": 0.6766657404077114,
            "brake": 0.0,
            "steer": 0.0
        },
        {
            "throttle": 0.6781573748380185,
            "brake": 0.0,
            "steer": 0.0
        },
        {
            "throttle": 0.6795416393119535,
            "brake": 0.0,
            "steer": 0.0
        },
        {
            "throttle": 0.6808168618640199,
            "brake": 0.0,
            "steer": 0.0
        },
        {
            "throttle": 0.681981502491838,
            "brake": 0.0,
            "steer": 0.0
        },
        {
            "throttle": 0.6830341549098449,
            "brake": 0.0,
            "steer": 0.0
        },
        {
            "throttle": 0.6839735481731215,
            "brake": 0.0,
            "steer": 0.0
        },
        {
            "throttle": 0.6847985481599288,
            "brake": 0.0,
            "steer": 0.0
        },
        {
            "throttle": 0.6855081589045455,
            "brake": 0.0,
            "steer": 0.0
        },
        {
            "throttle": 0.6861015237741647,
            "brake": 0.0,
            "steer": 0.0
        },
        {
            "throttle": 0.6865779264851835,
            "brake": 0.0,
            "steer": 0.0
        },
        {
            "throttle": 0.6869367919553917,
            "brake": 0.0,
            "steer": 0.0
        },
        {
            "throttle": 0.6871776869894388,
            "brake": 0.0,
            "steer": 0.0
        },
        {
            "throttle": 0.6873003207956406,
            "brake": 0.0,
            "steer": 0.0
        },
        {
            "throttle": 0.6873045453327228,
            "brake": 0.0,
            "steer": 0.0
        },
        {
            "throttle": 0.6871903554855379,
            "brake": 0.0,
            "steer": 0.0
        },
        {
            "throttle": 0.6869578890691614,
            "brake": 0.0,
            "steer": 0.0
        },
        {
            "throttle": 0.686607426661096,
            "brake": 0.0,
            "steer": 0.0
        },
        {
            "throttle": 0.6861393912615974,
            "brake": 0.0,
            "steer": 0.0
        },
        {
            "throttle": 0.6855543477824045,
            "brake": 0.0,
            "steer": 0.0
        },
        {
            "throttle": 0.6848530023643947,
            "brake": 0.0,
            "steer": 0.0
        },
        {
            "throttle": 0.6840362015249281,
            "brake": 0.0,
            "steer": 0.0
        },
        {
            "throttle": 0.6831049311358617,
            "brake": 0.0,
            "steer": 0.0
        },
        {
            "throttle": 0.682060315233438,
            "brake": 0.0,
            "steer": 0.0
        },
        {
            "throttle": 0.6809036146614608,
            "brake": 0.0,
            "steer": 0.0
        },
        {
            "throttle": 0.6796362255493807,
            "brake": 0.0,
            "steer": 0.0
        },
        {
            "throttle": 0.6782596776271188,
            "brake": 0.0,
            "steer": 0.0
        },
        {
            "throttle": 0.6767756323786499,
            "brake": 0.0,
            "steer": 0.0
        },
        {
            "throttle": 0.6751858810365754,
            "brake": 0.0,
            "steer": 0.0
        },
        {
            "throttle": 0.6734923424200961,
            "brake": 0.0,
            "steer": 0.0
        },
        {
            "throttle": 0.6716970606189969,
            "brake": 0.0,
            "steer": 0.0
        },
        {
            "throttle": 0.6698022025264333,
            "brake": 0.0,
            "steer": 0.0
        },
        {
            "throttle": 0.6678100552234996,
            "brake": 0.0,
            "steer": 0.0
        },
        {
            "throttle": 0.665723023218732,
            "brake": 0.0,
            "steer": 0.0
        },
        {
            "throttle": 0.6635436255458795,
            "brake": 0.0,
            "steer": 0.0
        },
        {
            "throttle": 0.6612744927234445,
            "brake": 0.0,
            "steer": 0.0
        },
        {
            "throttle": 0.6589183635796628,
            "brake": 0.0,
            "steer": 0.0
        },
        {
            "throttle": 0.6564780819467549,
            "brake": 0.0,
            "steer": 0.0
        },
        {
            "throttle": 0.6539565932284387,
            "brake": 0.0,
            "steer": 0.0
        },
        {
            "throttle": 0.6513569408448459,
            "brake": 0.0,
            "steer": 0.0
        },
        {
            "throttle": 0.6486822625591341,
            "brake": 0.0,
            "steer": 0.0
        },
        {
            "throttle": 0.6459357866902271,
            "brake": 0.0,
            "steer": 0.0
        },
        {
            "throttle": 0.6431208282162552,
            "brake": 0.0,
            "steer": 0.0
        },
        {
            "throttle": 0.6402407847733984,
            "brake": 0.0,
            "steer": 0.0
        },
        {
            "throttle": 0.6372991325549621,
            "brake": 0.0,
            "steer": 0.0
        },
        {
            "throttle": 0.6342994221156346,
            "brake": 0.0,
            "steer": 0.0
        },
        {
            "throttle": 0.6312452740859916,
            "brake": 0.0,
            "steer": 0.0
        },
        {
            "throttle": 0.6281403748024187,
            "brake": 0.0,
            "steer": 0.0
        },
        {
            "throttle": 0.6249884718577278,
            "brake": 0.0,
            "steer": 0.0
        },
        {
            "throttle": 0.6217933695778375,
            "brake": 0.0,
            "steer": 0.0
        },
        {
            "throttle": 0.6185589244299776,
            "brake": 0.0,
            "steer": 0.0
        },
        {
            "throttle": 0.6152890403679577,
            "brake": 0.0,
            "steer": 0.0
        },
        {
            "throttle": 0.6119876641201217,
            "brake": 0.0,
            "steer": 0.0
        },
        {
            "throttle": 0.6086587804256727,
            "brake": 0.0,
            "steer": 0.0
        },
        {
            "throttle": 0.6053064072251187,
            "brake": 0.0,
            "steer": 0.0
        },
        {
            "throttle": 0.601934590810646,
            "brake": 0.0,
            "steer": 0.0
        },
        {
            "throttle": 0.5985474009422709,
            "brake": 0.0,
            "steer": 0.0
        },
        {
            "throttle": 0.5951489259356662,
            "brake": 0.0,
            "steer": 0.0
        },
        {
            "throttle": 0.5917432677275917,
            "brake": 0.0,
            "steer": 0.0
        },
        {
            "throttle": 0.5883345369248839,
            "brake": 0.0,
            "steer": 0.0
        },
        {
            "throttle": 0.5849268478429803,
            "brake": 0.0,
            "steer": 0.0
        },
        {
            "throttle": 0.5815243135399686,
            "brake": 0.0,
            "steer": 0.0
        },
        {
            "throttle": 0.5781310408521523,
            "brake": 0.0,
            "steer": 0.0
        },
        {
            "throttle": 0.574751125437127,
            "brake": 0.0,
            "steer": 0.0
        },
        {
            "throttle": 0.5713886468303488,
            "brake": 0.0,
            "steer": 0.0
        },
        {
            "throttle": 0.5680476635211622,
            "brake": 0.0,
            "steer": 0.0
        },
        {
            "throttle": 0.5647322080542301,
            "brake": 0.0,
            "steer": 0.0
        },
        {
            "throttle": 0.5614462821622792,
            "brake": 0.0,
            "steer": 0.0
        },
        {
            "throttle": 0.5581938519360358,
            "brake": 0.0,
            "steer": 0.0
        },
        {
            "throttle": 0.5549788430371797,
            "brake": 0.0,
            "steer": 0.0
        },
        {
            "throttle": 0.5518051359600974,
            "brake": 0.0,
            "steer": 0.0
        },
        {
            "throttle": 0.5486765613481507,
            "brake": 0.0,
            "steer": 0.0
        },
        {
            "throttle": 0.5455968953701158,
            "brake": 0.0,
            "steer": 0.0
        },
        {
            "throttle": 0.5425698551623727,
            "brake": 0.0,
            "steer": 0.0
        },
        {
            "throttle": 0.5395990943423461,
            "brake": 0.0,
            "steer": 0.0
        },
        {
            "throttle": 0.5366881985986136,
            "brake": 0.0,
            "steer": 0.0
        },
        {
            "throttle": 0.5338406813630034,
            "brake": 0.0,
            "steer": 0.0
        },
        {
            "throttle": 0.5310599795699052,
            "brake": 0.0,
            "steer": 0.0
        },
        {
            "throttle": 0.5283494495079135,
            "brake": 0.0,
            "steer": 0.0
        },
        {
            "throttle": 0.5257123627688094,
            "brake": 0.0,
            "steer": 0.0
        },
        {
            "throttle": 0.5231519022987712,
            "brake": 0.0,
            "steer": 0.0
        },
        {
            "throttle": 0.5206711585565793,
            "brake": 0.0,
            "steer": 0.0
        },
        {
            "throttle": 0.5182731257834531,
            "brake": 0.0,
            "steer": 0.0
        },
        {
            "throttle": 0.5159606983890216,
            "brake": 0.0,
            "steer": 0.0
        },
        {
            "throttle": 0.5137366674577906,
            "brake": 0.0,
            "steer": 0.0
        },
        {
            "throttle": 0.5116037173803216,
            "brake": 0.0,
            "steer": 0.0
        },
        {
            "throttle": 0.5095644226131909,
            "brake": 0.0,
            "steer": 0.0
        },
        {
            "throttle": 0.5076212445716372,
            "brake": 0.0,
            "steer": 0.0
        },
        {
            "throttle": 0.5057765286586497,
            "brake": 0.0,
            "steer": 0.0
        },
        {
            "throttle": 0.5040325014340826,
            "brake": 0.0,
            "steer": 0.0
        },
        {
            "throttle": 0.5023912679272119,
            "brake": 0.0,
            "steer": 0.0
        },
        {
            "throttle": 0.500854809095979,
            "brake": 0.0,
            "steer": 0.0
        },
        {
            "throttle": 0.49942497943598796,
            "brake": 0.0,
            "steer": 0.0
        },
        {
            "throttle": 0.49810350474214116,
            "brake": 0.0,
            "steer": 0.0
        },
        {
            "throttle": 0.49689198002561674,
            "brake": 0.0,
            "steer": 0.0
        },
        {
            "throttle": 0.4957918675887004,
            "brake": 0.0,
            "steer": 0.0
        },
        {
            "throttle": 0.4948044952597964,
            "brake": 0.0,
            "steer": 0.0
        },
        {
            "throttle": 0.49393105479074756,
            "brake": 0.0,
            "steer": 0.0
        },
        {
            "throttle": 0.49317260041839844,
            "brake": 0.0,
            "steer": 0.0
        },
        {
            "throttle": 0.4925300475921387,
            "brake": 0.0,
            "steer": 0.0
        },
        {
            "throttle": 0.4920041718689617,
            "brake": 0.0,
            "steer": 0.0
        },
        {
            "throttle": 0.49159560797737245,
            "brake": 0.0,
            "steer": 0.0
        },
        {
            "throttle": 0.4913048490512743,
            "brake": 0.0,
            "steer": 0.0
        },
        {
            "throttle": 0.4911322460347598,
            "brake": 0.0,
            "steer": 0.0
        },
        {
            "throttle": 0.49107800725852346,
            "brake": 0.0,
            "steer": 0.0
        },
        {
            "throttle": 0.4911421981884079,
            "brake": 0.0,
            "steer": 0.0
        },
        {
            "throttle": 0.49132474134638715,
            "brake": 0.0,
            "steer": 0.0
        },
        {
            "throttle": 0.49162541640408197,
            "brake": 0.0,
            "steer": 0.0
        },
        {
            "throttle": 0.49204386044869486,
            "brake": 0.0,
            "steer": 0.0
        },
        {
            "throttle": 0.49257956842104345,
            "brake": 0.0,
            "steer": 0.0
        },
        {
            "throttle": 0.4932318937251632,
            "brake": 0.0,
            "steer": 0.0
        },
        {
            "throttle": 0.4940000490087449,
            "brake": 0.0,
            "steer": 0.0
        },
        {
            "throttle": 0.49488310711346345,
            "brake": 0.0,
            "steer": 0.0
        },
        {
            "throttle": 0.4958800021940519,
            "brake": 0.0,
            "steer": 0.0
        },
        {
            "throttle": 0.49698953100476945,
            "brake": 0.0,
            "steer": 0.0
        },
        {
            "throttle": 0.4982103543517111,
            "brake": 0.0,
            "steer": 0.0
        },
        {
            "throttle": 0.4995409987092062,
            "brake": 0.0,
            "steer": 0.0
        },
        {
            "throttle": 0.5009798579983534,
            "brake": 0.0,
            "steer": 0.0
        },
        {
            "throttle": 0.5025251955255479,
            "brake": 0.0,
            "steer": 0.0
        },
        {
            "throttle": 0.5041751460786584,
            "brake": 0.0,
            "steer": 0.0
        },
        {
            "throttle": 0.5059277181783269,
            "brake": 0.0,
            "steer": 0.0
        },
        {
            "throttle": 0.5077807964816697,
            "brake": 0.0,
            "steer": 0.0
        },
        {
            "throttle": 0.5097321443354832,
            "brake": 0.0,
            "steer": 0.0
        },
        {
            "throttle": 0.5117794064758687,
            "brake": 0.0,
            "steer": 0.0
        },
        {
            "throttle": 0.5139201118710212,
            "brake": 0.0,
            "steer": 0.0
        },
        {
            "throttle": 0.5161516767037474,
            "brake": 0.0,
            "steer": 0.0
        },
        {
            "throttle": 0.5184714074901168,
            "brake": 0.0,
            "steer": 0.0
        },
        {
            "throttle": 0.5208765043304779,
            "brake": 0.0,
            "steer": 0.0
        },
        {
            "throttle": 0.5233640642889197,
            "brake": 0.0,
            "steer": 0.0
        },
        {
            "throttle": 0.5259310848970948,
            "brake": 0.0,
            "steer": 0.0
        },
        {
            "throttle": 0.5285744677781797,
            "brake": 0.0,
            "steer": 0.0
        },
        {
            "throttle": 0.5312910223865946,
            "brake": 0.0,
            "steer": 0.0
        },
        {
            "throttle": 0.534077469858971,
            "brake": 0.0,
            "steer": 0.0
        },
        {
            "throttle": 0.5369304469717175,
            "brake": 0.0,
            "steer": 0.0
        },
        {
            "throttle": 0.539846510200409,
            "brake": 0.0,
            "steer": 0.0
        },
        {
            "throttle": 0.5428221398760972,
            "brake": 0.0,
            "steer": 0.0
        },
        {
            "throttle": 0.5458537444335282,
            "brake": 0.0,
            "steer": 0.0
        },
        {
            "throttle": 0.5489376647461375,
            "brake": 0.0,
            "steer": 0.0
        },
        {
            "throttle": 0.5520701785425915,
            "brake": 0.0,
            "steer": 0.0
        },
        {
            "throttle": 0.5552475048995446,
            "brake": 0.0,
            "steer": 0.0
        },
        {
            "throttle": 0.558465808805188,
            "brake": 0.0,
            "steer": 0.0
        },
        {
            "throttle": 0.5617212057880842,
            "brake": 0.0,
            "steer": 0.0
        },
        {
            "throttle": 0.5650097666056973,
            "brake": 0.0,
            "steer": 0.0
        },
        {
            "throttle": 0.5683275219869639,
            "brake": 0.0,
            "steer": 0.0
        },
        {
            "throttle": 0.5716704674231755,
            "brake": 0.0,
            "steer": 0.0
        },
        {
            "throttle": 0.575034568001395,
            "brake": 0.0,
            "steer": 0.0
        },
        {
            "throttle": 0.5784157632745691,
            "brake": 0.0,
            "steer": 0.0
        },
        {
            "throttle": 0.5818099721624617,
            "brake": 0.0,
            "steer": 0.0
        },
        {
            "throttle": 0.5852130978774897,
            "brake": 0.0,
            "steer": 0.0
        },
        {
            "throttle": 0.5886210328695191,
            "brake": 0.0,
            "steer": 0.0
        },
        {
            "throttle": 0.5920296637836505,
            "brake": 0.0,
            "steer": 0.0
        },
        {
            "throttle": 0.5954348764250111,
            "brake": 0.0,
            "steer": 0.0
        },
        {
            "throttle": 0.5988325607245608,
            "brake": 0.0,
            "steer": 0.0
        },
        {
            "throttle": 0.6022186156999177,
            "brake": 0.0,
            "steer": 0.0
        },
        {
            "throttle": 0.6055889544052173,
            "brake": 0.0,
            "steer": 0.0
        },
        {
            "throttle": 0.6089395088640286,
            "brake": 0.0,
            "steer": 0.0
        },
        {
            "throttle": 0.6122662349793744,
            "brake": 0.0,
            "steer": 0.0
        },
        {
            "throttle": 0.6155651174149303,
            "brake": 0.0,
            "steer": 0.0
        },
        {
            "throttle": 0.618832174441508,
            "brake": 0.0,
            "steer": 0.0
        },
        {
            "throttle": 0.6220634627429767,
            "brake": 0.0,
            "steer": 0.0
        },
        {
            "throttle": 0.6252550821758193,
            "brake": 0.0,
            "steer": 0.0
        },
        {
            "throttle": 0.6284031804765793,
            "brake": 0.0,
            "steer": 0.0
        },
        {
            "throttle": 0.6315039579115179,
            "brake": 0.0,
            "steer": 0.0
        },
        {
            "throttle": 0.6345536718628669,
            "brake": 0.0,
            "steer": 0.0
        },
        {
            "throttle": 0.6375486413461435,
            "brake": 0.0,
            "steer": 0.0
        },
        {
            "throttle": 0.6404852514530747,
            "brake": 0.0,
            "steer": 0.0
        }
    ],
    "parameters": {
        "fog_density": 77.34297312995297,
        "precipitation": 9.88852124612496,
        "precipitation_deposits": 53.44743925889869,
        "wind_intensity": 28.08869616730632,
        "sun_altitude_angle": -4.381769440018463,
        "cloudiness": 2.98981191851706,
        "lead_base_throttle": 0.5891976077922194,
        "lead_behavior_frequency": 0.055296088993163614,
        "lead_throttle_variation": 0.09857918970470854,
        "lead_brake_probability": 0.0016695623953298822,
        "lead_brake_intensity": 0.512652541729952,
        "lead_brake_duration": 10.516350049000522,
        "initial_distance": 41.272599359562584,
        "initial_ego_velocity": 13.74756345837006,
        "initial_lead_velocity": 21.959588508471068
    },
    "config": {
        "num_timesteps": 200,
        "dt": 0.1,
        "seed": 191
    }
}