{
    "weather": {
        "cloudiness": 21.9980319318721,
        "precipitation": 40.64162205969942,
        "precipitation_deposits": 94.84164597496874,
        "wind_intensity": 13.435402053206042,
        "sun_altitude_angle": 43.97792846780999,
        "fog_density": 51.66385473162104,
        "fog_distance": 178.68541255722351,
        "wetness": 20.32081102984971
    },
    "initial_conditions": {
        "ego": {
            "position": {
                "x": 553.0458259058823,
                "y": 20.57,
                "z": 0.294
            },
            "yaw": 0.0,
            "velocity": 10.342151146131469
        },
        "lead": {
            "position": {
                "x": 484.88,
                "y": 20.57,
                "z": 0.294
            },
            "yaw": 0.0,
            "velocity": 13.807728576104449
        }
    },
    "ego": {
        "position": {
            "x": 553.0458259058823,
            "y": 20.57,
            "z": 0.294
        },
        "yaw": 0.0,
        "velocity": 10.342151146131469
    },
    "lead": {
        "position": {
            "x": 484.88,
            "y": 20.57,
            "z": 0.294
        },
        "yaw": 0.0,
        "velocity": 13.807728576104449
    },
    "ado_actions": [
        {
            "throttle": 0.2090503477528711,
            "brake": 0.0,
            "steer": 0.0
        },
        {
            "throttle": 0.21584498026900134,
            "brake": 0.0,
            "steer": 0.0
        },
        {
            "throttle": 0.22719101714287115,
            "brake": 0.0,
            "steer": 0.0
        },
        {
            "throttle": 0.2413195355420108,
            "brake": 0.0,
            "steer": 0.0
        },
        {
            "throttle": 0.2568057907592197,
            "brake": 0.0,
            "steer": 0.0
        },
        {
            "throttle": 0.2724837495660949,
            "brake": 0.0,
            "steer": 0.0
        },
        {
            "throttle": 0.287391349734478,
            "brake": 0.0,
            "steer": 0.0
        },
        {
            "throttle": 0.3007365783220904,
            "brake": 0.0,
            "steer": 0.0
        },
        {
            "throttle": 0.31187730099442196,
            "brake": 0.0,
            "steer": 0.0
        },
        {
            "throttle": 0.3203097872118838,
            "brake": 0.0,
            "steer": 0.0
        },
        {
            "throttle": 0.3256623129336697,
            "brake": 0.0,
            "steer": 0.0
        },
        {
            "throttle": 0.32769125870164956,
            "brake": 0.0,
            "steer": 0.0
        },
        {
            "throttle": 0.32627787823813176,
            "brake": 0.0,
            "steer": 0.0
        },
        {
            "throttle": 0.321424475226564,
            "brake": 0.0,
            "steer": 0.0
        },
        {
            "throttle": 0.3132491517102972,
            "brake": 0.0,
            "steer": 0.0
        },
        {
            "throttle": 0.30197862015324134,
            "brake": 0.0,
            "steer": 0.0
        },
        {
            "throttle": 0.2879388294642035,
            "brake": 0.0,
            "steer": 0.0
        },
        {
            "throttle": 0.27154336110743615,
            "brake": 0.0,
            "steer": 0.0
        },
        {
            "throttle": 0.2532797165900057,
            "brake": 0.0,
            "steer": 0.0
        },
        {
            "throttle": 0.23369374974531765,
            "brake": 0.0,
            "steer": 0.0
        },
        {
            "throttle": 0.21337260115303963,
            "brake": 0.0,
            "steer": 0.0
        },
        {
            "throttle": 0.19292657078623135,
            "brake": 0.0,
            "steer": 0.0
        },
        {
            "throttle": 0.17297042050188594,
            "brake": 0.0,
            "steer": 0.0
        },
        {
            "throttle": 0.15410463164087398,
            "brake": 0.0,
            "steer": 0.0
        },
        {
            "throttle": 0.1368971558794605,
            "brake": 0.0,
            "steer": 0.0
        },
        {
            "throttle": 0.12186619067046414,
            "brake": 0.0,
            "steer": 0.0
        },
        {
            "throttle": 0.10946448536993192,
            "brake": 0.0,
            "steer": 0.0
        },
        {
            "throttle": 0.10006564195182704,
            "brake": 0.0,
            "steer": 0.0
        },
        {
            "throttle": 0.0939528168488396,
            "brake": 0.0,
            "steer": 0.0
        },
        {
            "throttle": 0.09131016000710933,
            "brake": 0.0,
            "steer": 0.0
        },
        {
            "throttle": 0.0922172460792653,
            "brake": 0.0,
            "steer": 0.0
        },
        {
            "throttle": 0.09664666342487971,
            "brake": 0.0,
            "steer": 0.0
        },
        {
            "throttle": 0.10446483205299482,
            "brake": 0.0,
            "steer": 0.0
        },
        {
            "throttle": 0.11543602476316137,
            "brake": 0.0,
            "steer": 0.0
        },
        {
            "throttle": 0.1292294694998028,
            "brake": 0.0,
            "steer": 0.0
        },
        {
            "throttle": 0.14542931827294608,
            "brake": 0.0,
            "steer": 0.0
        },
        {
            "throttle": 0.16354718173921381,
            "brake": 0.0,
            "steer": 0.0
        },
        {
            "throttle": 0.18303685130142455,
            "brake": 0.0,
            "steer": 0.0
        },
        {
            "throttle": 0.2033107647159757,
            "brake": 0.0,
            "steer": 0.0
        },
        {
            "throttle": 0.22375771869020142,
            "brake": 0.0,
            "steer": 0.0
        },
        {
            "throttle": 0.2437612943970726,
            "brake": 0.0,
            "steer": 0.0
        },
        {
            "throttle": 0.2627184403690271,
            "brake": 0.0,
            "steer": 0.0
        },
        {
            "throttle": 0.28005765250695924,
            "brake": 0.0,
            "steer": 0.0
        },
        {
            "throttle": 0.29525620309933925,
            "brake": 0.0,
            "steer": 0.0
        },
        {
            "throttle": 0.3078558994252043,
            "brake": 0.0,
            "steer": 0.0
        },
        {
            "throttle": 0.31747689684996905,
            "brake": 0.0,
            "steer": 0.0
        },
        {
            "throttle": 0.32382914997888856,
            "brake": 0.0,
            "steer": 0.0
        },
        {
            "throttle": 0.3267211566418526,
            "brake": 0.0,
            "steer": 0.0
        },
        {
            "throttle": 0.3260657310986558,
            "brake": 0.0,
            "steer": 0.0
        },
        {
            "throttle": 0.32188263241579484,
            "brake": 0.0,
            "steer": 0.0
        },
        {
            "throttle": 0.31429796877435484,
            "brake": 0.0,
            "steer": 0.0
        },
        {
            "throttle": 0.30354039566560165,
            "brake": 0.0,
            "steer": 0.0
        },
        {
            "throttle": 0.2899342225863866,
            "brake": 0.0,
            "steer": 0.0
        },
        {
            "throttle": 0.27388963604657834,
            "brake": 0.0,
            "steer": 0.0
        },
        {
            "throttle": 0.2558903336357967,
            "brake": 0.0,
            "steer": 0.0
        },
        {
            "throttle": 0.23647894194594,
            "brake": 0.0,
            "steer": 0.0
        },
        {
            "throttle": 0.21624065795642083,
            "brake": 0.0,
            "steer": 0.0
        },
        {
            "throttle": 0.19578560704654865,
            "brake": 0.0,
            "steer": 0.0
        },
        {
            "throttle": 0.17573044948951594,
            "brake": 0.0,
            "steer": 0.0
        },
        {
            "throttle": 0.1566797899385827,
            "brake": 0.0,
            "steer": 0.0
        },
        {
            "throttle": 0.13920795035529646,
            "brake": 0.0,
            "steer": 0.0
        },
        {
            "throttle": 0.12384165587288579,
            "brake": 0.0,
            "steer": 0.0
        },
        {
            "throttle": 0.1110441555656416,
            "brake": 0.0,
            "steer": 0.0
        },
        {
            "throttle": 0.10120125683686912,
            "brake": 0.0,
            "steer": 0.0
        },
        {
            "throttle": 0.09460969444796821,
            "brake": 0.0,
            "steer": 0.0
        },
        {
            "throttle": 0.09146818482856692,
            "brake": 0.0,
            "steer": 0.0
        },
        {
            "throttle": 0.09187143535422423,
            "brake": 0.0,
            "steer": 0.0
        },
        {
            "throttle": 0.09580728919454595,
            "brake": 0.0,
            "steer": 0.0
        },
        {
            "throttle": 0.10315709180623225,
            "brake": 0.0,
            "steer": 0.0
        },
        {
            "throttle": 0.11369926802235505,
            "brake": 0.0,
            "steer": 0.0
        },
        {
            "throttle": 0.07958948761564853,
            "brake": 0.20026281807719268,
            "steer": 0.0
        },
        {
            "throttle": 0.055712641330953966,
            "brake": 0.3404467907312275,
            "steer": 0.0
        },
        {
            "throttle": 0.03899884893166777,
            "brake": 0.4385755715890519,
            "steer": 0.0
        },
        {
            "throttle": 0.02729919425216744,
            "brake": 0.507265718189529,
            "steer": 0.0
        },
        {
            "throttle": 0.019109435976517205,
            "brake": 0.555348820809863,
            "steer": 0.0
        },
        {
            "throttle": 0.013376605183562042,
            "brake": 0.5890069926440967,
            "steer": 0.0
        },
        {
            "throttle": 0.009363623628493429,
            "brake": 0.6125677129280603,
            "steer": 0.0
        },
        {
            "throttle": 0.0065545365399454,
            "brake": 0.6290602171268349,
            "steer": 0.0
        },
        {
            "throttle": 0.00458817557796178,
            "brake": 0.640604970065977,
            "steer": 0.0
        },
        {
            "throttle": 0.10205859267065849,
            "brake": 0.4484234790461839,
            "steer": 0.0
        },
        {
            "throttle": 0.17240905184780603,
            "brake": 0.3138964353323287,
            "steer": 0.0
        },
        {
            "throttle": 0.22262232584926742,
            "brake": 0.21972750473263006,
            "steer": 0.0
        },
        {
            "throttle": 0.2575571746386848,
            "brake": 0.15380925331284104,
            "steer": 0.0
        },
        {
            "throttle": 0.2806211950235544,
            "brake": 0.10766647731898872,
            "steer": 0.0
        },
        {
            "throttle": 0.29424162049337255,
            "brake": 0.0753665341232921,
            "steer": 0.0
        },
        {
            "throttle": 0.30019361746919265,
            "brake": 0.05275657388630447,
            "steer": 0.0
        },
        {
            "throttle": 0.2998277983949133,
            "brake": 0.036929601720413124,
            "steer": 0.0
        },
        {
            "throttle": 0.2942262251374923,
            "brake": 0.025850721204289186,
            "steer": 0.0
        },
        {
            "throttle": 0.2843074922749267,
            "brake": 0.01809550484300243,
            "steer": 0.0
        },
        {
            "throttle": 0.2708954271558324,
            "brake": 0.0126668533901017,
            "steer": 0.0
        },
        {
            "throttle": 0.25476172901117006,
            "brake": 0.00886679737307119,
            "steer": 0.0
        },
        {
            "throttle": 0.23664993704418055,
            "brake": 0.006206758161149832,
            "steer": 0.0
        },
        {
            "throttle": 0.21728607769021285,
            "brake": 0.004344730712804882,
            "steer": 0.0
        },
        {
            "throttle": 0.19737992099444107,
            "brake": 0.003041311498963417,
            "steer": 0.0
        },
        {
            "throttle": 0.1776197838836722,
            "brake": 0.002128918049274392,
            "steer": 0.0
        },
        {
            "throttle": 0.15866311995511514,
            "brake": 0.0014902426344920742,
            "steer": 0.0
        },
        {
            "throttle": 0.14112463754224838,
            "brake": 0.0010431698441444519,
            "steer": 0.0
        },
        {
            "throttle": 0.12556332491228306,
            "brake": 0.0007302188909011163,
            "steer": 0.0
        },
        {
            "throttle": 0.11246948820189873,
            "brake": 0.0005111532236307814,
            "steer": 0.0
        },
        {
            "throttle": 0.10225269297766716,
            "brake": 0.000357807256541547,
            "steer": 0.0
        },
        {
            "throttle": 0.09523132303055964,
            "brake": 0.00025046507957908286,
            "steer": 0.0
        },
        {
            "throttle": 0.09162431623427236,
            "brake": 0.000175325555705358,
            "steer": 0.0
        },
        {
            "throttle": 0.0915454981476355,
            "brake": 0.0001227278889937506,
            "steer": 0.0
        },
        {
            "throttle": 0.09500080426481322,
            "brake": 8.590952229562542e-05,
            "steer": 0.0
        },
        {
            "throttle": 0.10188855870918417,
            "brake": 6.0136665606937786e-05,
            "steer": 0.0
        },
        {
            "throttle": 0.1120028598074613,
            "brake": 4.2095665924856446e-05,
            "steer": 0.0
        },
        {
            "throttle": 0.12504001166570003,
            "brake": 2.946696614739951e-05,
            "steer": 0.0
        },
        {
            "throttle": 0.14060783668468851,
            "brake": 2.0626876303179656e-05,
            "steer": 0.0
        },
        {
            "throttle": 0.15823760845103524,
            "brake": 1.4438813412225759e-05,
            "steer": 0.0
        },
        {
            "throttle": 0.17739825938909276,
            "brake": 1.010716938855803e-05,
            "steer": 0.0
        },
        {
            "throttle": 0.19751244474331192,
            "brake": 7.075018571990621e-06,
            "steer": 0.0
        },
        {
            "throttle": 0.2179739855309652,
            "brake": 4.952513000393434e-06,
            "steer": 0.0
        },
        {
            "throttle": 0.238166169456552,
            "brake": 3.4667591002754037e-06,
            "steer": 0.0
        },
        {
            "throttle": 0.2574803614604737,
            "brake": 2.4267313701927827e-06,
            "steer": 0.0
        },
        {
            "throttle": 0.27533436522241567,
            "brake": 1.6987119591349478e-06,
            "steer": 0.0
        },
        {
            "throttle": 0.29118998373556637,
            "brake": 1.1890983713944633e-06,
            "steer": 0.0
        },
        {
            "throttle": 0.3045692507148731,
            "brake": 8.323688599761243e-07,
            "steer": 0.0
        },
        {
            "throttle": 0.31506884432399535,
            "brake": 5.82658201983287e-07,
            "steer": 0.0
        },
        {
            "throttle": 0.32237224925909863,
            "brake": 4.078607413883009e-07,
            "steer": 0.0
        },
        {
            "throttle": 0.32625930093710015,
            "brake": 2.855025189718106e-07,
            "steer": 0.0
        },
        {
            "throttle": 0.3266128243381948,
            "brake": 1.9985176328026742e-07,
            "steer": 0.0
        },
        {
            "throttle": 0.32342216755640996,
            "brake": 1.398962342961872e-07,
            "steer": 0.0
        },
        {
            "throttle": 0.31678352366879625,
            "brake": 9.792736400733103e-08,
            "steer": 0.0
        },
        {
            "throttle": 0.3068970313156471,
            "brake": 6.854915480513171e-08,
            "steer": 0.0
        },
        {
            "throttle": 0.29406074146788774,
            "brake": 4.7984408363592194e-08,
            "steer": 0.0
        },
        {
            "throttle": 0.2786616323129945,
            "brake": 3.358908585451453e-08,
            "steer": 0.0
        },
        {
            "throttle": 0.261163943167357,
            "brake": 2.351236009816017e-08,
            "steer": 0.0
        },
        {
            "throttle": 0.24209517913669343,
            "brake": 1.645865206871212e-08,
            "steer": 0.0
        },
        {
            "throttle": 0.22203020845939342,
            "brake": 1.1521056448098484e-08,
            "steer": 0.0
        },
        {
            "throttle": 0.2015739319628983,
            "brake": 8.064739513668937e-09,
            "steer": 0.0
        },
        {
            "throttle": 0.18134304710647856,
            "brake": 5.645317659568256e-09,
            "steer": 0.0
        },
        {
            "throttle": 0.16194745637699304,
            "brake": 3.9517223616977785e-09,
            "steer": 0.0
        },
        {
            "throttle": 0.14397188052427706,
            "brake": 2.766205653188445e-09,
            "steer": 0.0
        },
        {
            "throttle": 0.12795823094632788,
            "brake": 1.9363439572319114e-09,
            "steer": 0.0
        },
        {
            "throttle": 0.11438927264748786,
            "brake": 1.355440770062338e-09,
            "steer": 0.0
        },
        {
            "throttle": 0.10367407028523393,
            "brake": 9.488085390436366e-10,
            "steer": 0.0
        },
        {
            "throttle": 0.09613565606585192,
            "brake": 6.641659773305456e-10,
            "steer": 0.0
        },
        {
            "throttle": 0.09200129126671366,
            "brake": 4.649161841313819e-10,
            "steer": 0.0
        },
        {
            "throttle": 0.09139561497238485,
            "brake": 3.254413288919673e-10,
            "steer": 0.0
        },
        {
            "throttle": 0.09433688657055658,
            "brake": 2.278089302243771e-10,
            "steer": 0.0
        },
        {
            "throttle": 0.10073643528583964,
            "brake": 1.5946625115706398e-10,
            "steer": 0.0
        },
        {
            "throttle": 0.11040133334653289,
            "brake": 1.1162637580994478e-10,
            "steer": 0.0
        },
        {
            "throttle": 0.12304021219627312,
            "brake": 7.813846306696134e-11,
            "steer": 0.0
        },
        {
            "throttle": 0.1382720464087816,
            "brake": 5.4696924146872933e-11,
            "steer": 0.0
        },
        {
            "throttle": 0.1556376404962868,
            "brake": 3.828784690281105e-11,
            "steer": 0.0
        },
        {
            "throttle": 0.17461347231780155,
            "brake": 2.6801492831967732e-11,
            "steer": 0.0
        },
        {
            "throttle": 0.19462747574879707,
            "brake": 1.8761044982377412e-11,
            "steer": 0.0
        },
        {
            "throttle": 0.21507628681071345,
            "brake": 1.3132731487664187e-11,
            "steer": 0.0
        },
        {
            "throttle": 0.23534343333968927,
            "brake": 9.192912041364931e-12,
            "steer": 0.0
        },
        {
            "throttle": 0.2548179198289219,
            "brake": 6.435038428955451e-12,
            "steer": 0.0
        },
        {
            "throttle": 0.2729126471657363,
            "brake": 4.504526900268816e-12,
            "steer": 0.0
        },
        {
            "throttle": 0.2890821119618791,
            "brake": 3.153168830188171e-12,
            "steer": 0.0
        },
        {
            "throttle": 0.3028388518937233,
            "brake": 2.2072181811317196e-12,
            "steer": 0.0
        },
        {
            "throttle": 0.3137681412732219,
            "brake": 1.5450527267922036e-12,
            "steer": 0.0
        },
        {
            "throttle": 0.3215404938208991,
            "brake": 1.0815369087545424e-12,
            "steer": 0.0
        },
        {
            "throttle": 0.32592159571864726,
            "brake": 7.570758361281797e-13,
            "steer": 0.0
        },
        {
            "throttle": 0.32677936948968567,
            "brake": 5.299530852897258e-13,
            "steer": 0.0
        },
        {
            "throttle": 0.3240879557502513,
            "brake": 3.7096715970280804e-13,
            "steer": 0.0
        },
        {
            "throttle": 0.3179284927947916,
            "brake": 2.596770117919656e-13,
            "steer": 0.0
        },
        {
            "throttle": 0.30848667051243395,
            "brake": 1.817739082543759e-13,
            "steer": 0.0
        },
        {
            "throttle": 0.29604713237703534,
            "brake": 1.2724173577806312e-13,
            "steer": 0.0
        },
        {
            "throttle": 0.2809848942745248,
            "brake": 8.906921504464418e-14,
            "steer": 0.0
        },
        {
            "throttle": 0.2637540388649319,
            "brake": 6.234845053125093e-14,
            "steer": 0.0
        },
        {
            "throttle": 0.24487402631119604,
            "brake": 4.3643915371875644e-14,
            "steer": 0.0
        },
        {
            "throttle": 0.22491403406645671,
            "brake": 3.055074076031295e-14,
            "steer": 0.0
        },
        {
            "throttle": 0.20447579782968126,
            "brake": 2.1385518532219064e-14,
            "steer": 0.0
        },
        {
            "throttle": 0.18417547096489895,
            "brake": 1.4969862972553343e-14,
            "steer": 0.0
        },
        {
            "throttle": 0.1646250492697763,
            "brake": 1.047890408078734e-14,
            "steer": 0.0
        },
        {
            "throttle": 0.14641392108272366,
            "brake": 7.335232856551138e-15,
            "steer": 0.0
        },
        {
            "throttle": 0.13009109893912912,
            "brake": 5.134662999585797e-15,
            "steer": 0.0
        },
        {
            "throttle": 0.11614866844059274,
            "brake": 3.5942640997100575e-15,
            "steer": 0.0
        },
        {
            "throttle": 0.10500695330560403,
            "brake": 2.51598486979704e-15,
            "steer": 0.0
        },
        {
            "throttle": 0.097001843832227,
            "brake": 1.761189408857928e-15,
            "steer": 0.0
        },
        {
            "throttle": 0.09237467078277876,
            "brake": 1.2328325862005495e-15,
            "steer": 0.0
        },
        {
            "throttle": 0.09126492996342048,
            "brake": 8.629828103403847e-16,
            "steer": 0.0
        },
        {
            "throttle": 0.09370607683141985,
            "brake": 6.040879672382693e-16,
            "steer": 0.0
        },
        {
            "throttle": 0.09962451791044263,
            "brake": 4.2286157706678845e-16,
            "steer": 0.0
        },
        {
            "throttle": 0.10884182941976744,
            "brake": 2.960031039467519e-16,
            "steer": 0.0
        },
        {
            "throttle": 0.12108013623220729,
            "brake": 2.072021727627263e-16,
            "steer": 0.0
        },
        {
            "throttle": 0.13597048900080583,
            "brake": 1.450415209339084e-16,
            "steer": 0.0
        },
        {
            "throttle": 0.15306398690830803,
            "brake": 1.0152906465373587e-16,
            "steer": 0.0
        },
        {
            "throttle": 0.17184531072086656,
            "brake": 7.10703452576151e-17,
            "steer": 0.0
        },
        {
            "throttle": 0.1917482581637864,
            "brake": 4.9749241680330565e-17,
            "steer": 0.0
        },
        {
            "throttle": 0.21217281327292242,
            "brake": 3.4824469176231396e-17,
            "steer": 0.0
        },
        {
            "throttle": 0.2325032351304434,
            "brake": 2.4377128423361977e-17,
            "steer": 0.0
        },
        {
            "throttle": 0.2521266206622039,
            "brake": 1.7063989896353383e-17,
            "steer": 0.0
        },
        {
            "throttle": 0.2704513818823843,
            "brake": 1.1944792927447367e-17,
            "steer": 0.0
        },
        {
            "throttle": 0.28692508055022675,
            "brake": 8.361355049213157e-18,
            "steer": 0.0
        },
        {
            "throttle": 0.3010510825758524,
            "brake": 5.852948534449209e-18,
            "steer": 0.0
        },
        {
            "throttle": 0.31240353009327265,
            "brake": 4.097063974114446e-18,
            "steer": 0.0
        },
        {
            "throttle": 0.32064017983615173,
            "brake": 2.8679447818801122e-18,
            "steer": 0.0
        },
        {
            "throttle": 0.3255127207766394,
            "brake": 2.0075613473160784e-18,
            "steer": 0.0
        },
        {
            "throttle": 0.3268742599804791,
            "brake": 1.4052929431212549e-18,
            "steer": 0.0
        },
        {
            "throttle": 0.32468375100163793,
            "brake": 9.837050601848783e-19,
            "steer": 0.0
        },
        {
            "throttle": 0.31900723131324266,
            "brake": 6.885935421294147e-19,
            "steer": 0.0
        },
        {
            "throttle": 0.3100158314698803,
            "brake": 4.820154794905903e-19,
            "steer": 0.0
        },
        {
            "throttle": 0.29798061601922693,
            "brake": 3.3741083564341317e-19,
            "steer": 0.0
        },
        {
            "throttle": 0.28326441169451,
            "brake": 2.361875849503892e-19,
            "steer": 0.0
        },
        {
            "throttle": 0.26631086924403097,
            "brake": 1.6533130946527242e-19,
            "steer": 0.0
        },
        {
            "throttle": 0.24763108865176364,
            "brake": 1.157319166256907e-19,
            "steer": 0.0
        }
    ],
    "parameters": {
        "fog_density": 51.66385473162104,
        "precipitation": 40.64162205969942,
        "precipitation_deposits": 94.84164597496874,
        "wind_intensity": 13.435402053206042,
        "sun_altitude_angle": 43.97792846780999,
        "cloudiness": 21.9980319318721,
        "lead_base_throttle": 0.20905034775287112,
        "lead_behavior_frequency": 0.2766877170062627,
        "lead_throttle_variation": 0.13093772822770516,
        "lead_brake_probability": 0.026740798289868927,
        "lead_brake_intensity": 0.6675427269239756,
        "lead_brake_duration": 9.62196935169327,
        "initial_distance": 68.16582590588237,
        "initial_ego_velocity": 10.342151146131469,
        "initial_lead_velocity": 13.807728576104449
    },
    "config": {
        "num_timesteps": 200,
        "dt": 0.1,
        "seed": 197
    }
}