{
    "weather": {
        "cloudiness": 2.926025808386312,
        "precipitation": 78.01223760548864,
        "precipitation_deposits": 51.180016977961614,
        "wind_intensity": 22.44215862126432,
        "sun_altitude_angle": 0.21271032698818004,
        "fog_density": 75.55999515408674,
        "fog_distance": 80.5669707906634,
        "wetness": 39.00611880274432
    },
    "initial_conditions": {
        "ego": {
            "position": {
                "x": 546.166939616378,
                "y": 20.57,
                "z": 0.294
            },
            "yaw": 0.0,
            "velocity": 9.889790767893153
        },
        "lead": {
            "position": {
                "x": 484.88,
                "y": 20.57,
                "z": 0.294
            },
            "yaw": 0.0,
            "velocity": 19.24446845080175
        }
    },
    "ego": {
        "position": {
            "x": 546.166939616378,
            "y": 20.57,
            "z": 0.294
        },
        "yaw": 0.0,
        "velocity": 9.889790767893153
    },
    "lead": {
        "position": {
            "x": 484.88,
            "y": 20.57,
            "z": 0.294
        },
        "yaw": 0.0,
        "velocity": 19.24446845080175
    },
    "ado_actions": [
        {
            "throttle": 0.5051153294786285,
            "brake": 0.0,
            "steer": 0.0
        },
        {
            "throttle": 0.5116578214886751,
            "brake": 0.0,
            "steer": 0.0
        },
        {
            "throttle": 0.5227035928346826,
            "brake": 0.0,
            "steer": 0.0
        },
        {
            "throttle": 0.5367496232556803,
            "brake": 0.0,
            "steer": 0.0
        },
        {
            "throttle": 0.5526700040989361,
            "brake": 0.0,
            "steer": 0.0
        },
        {
            "throttle": 0.5696054442259775,
            "brake": 0.0,
            "steer": 0.0
        },
        {
            "throttle": 0.5868867557685142,
            "brake": 0.0,
            "steer": 0.0
        },
        {
            "throttle": 0.6039820852120192,
            "brake": 0.0,
            "steer": 0.0
        },
        {
            "throttle": 0.6204607163959892,
            "brake": 0.0,
            "steer": 0.0
        },
        {
            "throttle": 0.6359684153799702,
            "brake": 0.0,
            "steer": 0.0
        },
        {
            "throttle": 0.6502107881599138,
            "brake": 0.0,
            "steer": 0.0
        },
        {
            "throttle": 0.6629421737209642,
            "brake": 0.0,
            "steer": 0.0
        },
        {
            "throttle": 0.673958331824733,
            "brake": 0.0,
            "steer": 0.0
        },
        {
            "throttle": 0.6830917017024989,
            "brake": 0.0,
            "steer": 0.0
        },
        {
            "throttle": 0.6902083705653379,
            "brake": 0.0,
            "steer": 0.0
        },
        {
            "throttle": 0.6952061458096231,
            "brake": 0.0,
            "steer": 0.0
        },
        {
            "throttle": 0.6980133043625311,
            "brake": 0.0,
            "steer": 0.0
        },
        {
            "throttle": 0.6985877194240636,
            "brake": 0.0,
            "steer": 0.0
        },
        {
            "throttle": 0.6969161547594238,
            "brake": 0.0,
            "steer": 0.0
        },
        {
            "throttle": 0.6930135807530471,
            "brake": 0.0,
            "steer": 0.0
        },
        {
            "throttle": 0.6869224123922356,
            "brake": 0.0,
            "steer": 0.0
        },
        {
            "throttle": 0.6787116026084821,
            "brake": 0.0,
            "steer": 0.0
        },
        {
            "throttle": 0.6684755487384499,
            "brake": 0.0,
            "steer": 0.0
        },
        {
            "throttle": 0.6563327879011038,
            "brake": 0.0,
            "steer": 0.0
        },
        {
            "throttle": 0.6424244706497736,
            "brake": 0.0,
            "steer": 0.0
        },
        {
            "throttle": 0.626912612616017,
            "brake": 0.0,
            "steer": 0.0
        },
        {
            "throttle": 0.6099781318935346,
            "brake": 0.0,
            "steer": 0.0
        },
        {
            "throttle": 0.5918186862202148,
            "brake": 0.0,
            "steer": 0.0
        },
        {
            "throttle": 0.5726463290202121,
            "brake": 0.0,
            "steer": 0.0
        },
        {
            "throttle": 0.552685007349801,
            "brake": 0.0,
            "steer": 0.0
        },
        {
            "throttle": 0.5321679279438434,
            "brake": 0.0,
            "steer": 0.0
        },
        {
            "throttle": 0.5113348200150111,
            "brake": 0.0,
            "steer": 0.0
        },
        {
            "throttle": 0.4904291253042249,
            "brake": 0.0,
            "steer": 0.0
        },
        {
            "throttle": 0.4696951471787547,
            "brake": 0.0,
            "steer": 0.0
        },
        {
            "throttle": 0.4493751913664636,
            "brake": 0.0,
            "steer": 0.0
        },
        {
            "throttle": 0.42970673123182423,
            "brake": 0.0,
            "steer": 0.0
        },
        {
            "throttle": 0.410919630366075,
            "brake": 0.0,
            "steer": 0.0
        },
        {
            "throttle": 0.39323345470152943,
            "brake": 0.0,
            "steer": 0.0
        },
        {
            "throttle": 0.3768549053889933,
            "brake": 0.0,
            "steer": 0.0
        },
        {
            "throttle": 0.36197540231850517,
            "brake": 0.0,
            "steer": 0.0
        },
        {
            "throttle": 0.3487688464398538,
            "brake": 0.0,
            "steer": 0.0
        },
        {
            "throttle": 0.33738958697542093,
            "brake": 0.0,
            "steer": 0.0
        },
        {
            "throttle": 0.32797061724129717,
            "brake": 0.0,
            "steer": 0.0
        },
        {
            "throttle": 0.3206220201334175,
            "brake": 0.0,
            "steer": 0.0
        },
        {
            "throttle": 0.3154296814263672,
            "brake": 0.0,
            "steer": 0.0
        },
        {
            "throttle": 0.31245428590865815,
            "brake": 0.0,
            "steer": 0.0
        },
        {
            "throttle": 0.3117306080769767,
            "brake": 0.0,
            "steer": 0.0
        },
        {
            "throttle": 0.31326710567229443,
            "brake": 0.0,
            "steer": 0.0
        },
        {
            "throttle": 0.31704582080341026,
            "brake": 0.0,
            "steer": 0.0
        },
        {
            "throttle": 0.3230225898100662,
            "brake": 0.0,
            "steer": 0.0
        },
        {
            "throttle": 0.33112755941044086,
            "brake": 0.0,
            "steer": 0.0
        },
        {
            "throttle": 0.34126600309886956,
            "brake": 0.0,
            "steer": 0.0
        },
        {
            "throttle": 0.35331942825098994,
            "brake": 0.0,
            "steer": 0.0
        },
        {
            "throttle": 0.36714696099623956,
            "brake": 0.0,
            "steer": 0.0
        },
        {
            "throttle": 0.3825869926714891,
            "brake": 0.0,
            "steer": 0.0
        },
        {
            "throttle": 0.3994590686125521,
            "brake": 0.0,
            "steer": 0.0
        },
        {
            "throttle": 0.41756599720812304,
            "brake": 0.0,
            "steer": 0.0
        },
        {
            "throttle": 0.4366961545664732,
            "brake": 0.0,
            "steer": 0.0
        },
        {
            "throttle": 0.4566259578590798,
            "brake": 0.0,
            "steer": 0.0
        },
        {
            "throttle": 0.47712247843400135,
            "brake": 0.0,
            "steer": 0.0
        },
        {
            "throttle": 0.49794616415828974,
            "brake": 0.0,
            "steer": 0.0
        },
        {
            "throttle": 0.518853639172141,
            "brake": 0.0,
            "steer": 0.0
        },
        {
            "throttle": 0.5396005483327535,
            "brake": 0.0,
            "steer": 0.0
        },
        {
            "throttle": 0.5599444131035665,
            "brake": 0.0,
            "steer": 0.0
        },
        {
            "throttle": 0.5796474655107887,
            "brake": 0.0,
            "steer": 0.0
        },
        {
            "throttle": 0.5984794270454704,
            "brake": 0.0,
            "steer": 0.0
        },
        {
            "throttle": 0.6162202000328221,
            "brake": 0.0,
            "steer": 0.0
        },
        {
            "throttle": 0.6326624400135212,
            "brake": 0.0,
            "steer": 0.0
        },
        {
            "throttle": 0.647613979072415,
            "brake": 0.0,
            "steer": 0.0
        },
        {
            "throttle": 0.6609000717920763,
            "brake": 0.0,
            "steer": 0.0
        },
        {
            "throttle": 0.6723654375817312,
            "brake": 0.0,
            "steer": 0.0
        },
        {
            "throttle": 0.6818760755119343,
            "brake": 0.0,
            "steer": 0.0
        },
        {
            "throttle": 0.689320830444194,
            "brake": 0.0,
            "steer": 0.0
        },
        {
            "throttle": 0.6946126921514804,
            "brake": 0.0,
            "steer": 0.0
        },
        {
            "throttle": 0.6976898122462033,
            "brake": 0.0,
            "steer": 0.0
        },
        {
            "throttle": 0.6985162270303649,
            "brake": 0.0,
            "steer": 0.0
        },
        {
            "throttle": 0.6970822778196056,
            "brake": 0.0,
            "steer": 0.0
        },
        {
            "throttle": 0.6934047238286276,
            "brake": 0.0,
            "steer": 0.0
        },
        {
            "throttle": 0.6875265462986518,
            "brake": 0.0,
            "steer": 0.0
        },
        {
            "throttle": 0.6795164461561596,
            "brake": 0.0,
            "steer": 0.0
        },
        {
            "throttle": 0.6694680410740099,
            "brake": 0.0,
            "steer": 0.0
        },
        {
            "throttle": 0.6574987713192414,
            "brake": 0.0,
            "steer": 0.0
        },
        {
            "throttle": 0.6437485271754139,
            "brake": 0.0,
            "steer": 0.0
        },
        {
            "throttle": 0.628378013981425,
            "brake": 0.0,
            "steer": 0.0
        },
        {
            "throttle": 0.6115668738953368,
            "brake": 0.0,
            "steer": 0.0
        },
        {
            "throttle": 0.5935115863350083,
            "brake": 0.0,
            "steer": 0.0
        },
        {
            "throttle": 0.5744231716340378,
            "brake": 0.0,
            "steer": 0.0
        },
        {
            "throttle": 0.5545247247514281,
            "brake": 0.0,
            "steer": 0.0
        },
        {
            "throttle": 0.5340488078596304,
            "brake": 0.0,
            "steer": 0.0
        },
        {
            "throttle": 0.5132347322849694,
            "brake": 0.0,
            "steer": 0.0
        },
        {
            "throttle": 0.49232576156764796,
            "brake": 0.0,
            "steer": 0.0
        },
        {
            "throttle": 0.47156626833043536,
            "brake": 0.0,
            "steer": 0.0
        },
        {
            "throttle": 0.45119887818500404,
            "brake": 0.0,
            "steer": 0.0
        },
        {
            "throttle": 0.43146163405637833,
            "brake": 0.0,
            "steer": 0.0
        },
        {
            "throttle": 0.4125852140673198,
            "brake": 0.0,
            "steer": 0.0
        },
        {
            "throttle": 0.39479023549849607,
            "brake": 0.0,
            "steer": 0.0
        },
        {
            "throttle": 0.37828467633427465,
            "brake": 0.0,
            "steer": 0.0
        },
        {
            "throttle": 0.3632614445297031,
            "brake": 0.0,
            "steer": 0.0
        },
        {
            "throttle": 0.3498961234077574,
            "brake": 0.0,
            "steer": 0.0
        },
        {
            "throttle": 0.3383449195374205,
            "brake": 0.0,
            "steer": 0.0
        },
        {
            "throttle": 0.32874283707667323,
            "brake": 0.0,
            "steer": 0.0
        },
        {
            "throttle": 0.3212020999176765,
            "brake": 0.0,
            "steer": 0.0
        },
        {
            "throttle": 0.3158108400752516,
            "brake": 0.0,
            "steer": 0.0
        },
        {
            "throttle": 0.31263206764805596,
            "brake": 0.0,
            "steer": 0.0
        },
        {
            "throttle": 0.3117029343909857,
            "brake": 0.0,
            "steer": 0.0
        },
        {
            "throttle": 0.31303429950576817,
            "brake": 0.0,
            "steer": 0.0
        },
        {
            "throttle": 0.316610602724547,
            "brake": 0.0,
            "steer": 0.0
        },
        {
            "throttle": 0.32239004616978895,
            "brake": 0.0,
            "steer": 0.0
        },
        {
            "throttle": 0.33030508286503324,
            "brake": 0.0,
            "steer": 0.0
        },
        {
            "throttle": 0.34026320618703776,
            "brake": 0.0,
            "steer": 0.0
        },
        {
            "throttle": 0.35214803103263514,
            "brake": 0.0,
            "steer": 0.0
        },
        {
            "throttle": 0.36582065406421327,
            "brake": 0.0,
            "steer": 0.0
        },
        {
            "throttle": 0.38112127713601307,
            "brake": 0.0,
            "steer": 0.0
        },
        {
            "throttle": 0.39787107492752455,
            "brake": 0.0,
            "steer": 0.0
        },
        {
            "throttle": 0.41587428495610335,
            "brake": 0.0,
            "steer": 0.0
        },
        {
            "throttle": 0.4349204955418811,
            "brake": 0.0,
            "steer": 0.0
        },
        {
            "throttle": 0.45478710498448816,
            "brake": 0.0,
            "steer": 0.0
        },
        {
            "throttle": 0.4752419232100725,
            "brake": 0.0,
            "steer": 0.0
        },
        {
            "throttle": 0.49604588548198936,
            "brake": 0.0,
            "steer": 0.0
        },
        {
            "throttle": 0.5169558464587913,
            "brake": 0.0,
            "steer": 0.0
        },
        {
            "throttle": 0.5377274219440976,
            "brake": 0.0,
            "steer": 0.0
        },
        {
            "throttle": 0.5581178451155231,
            "brake": 0.0,
            "steer": 0.0
        },
        {
            "throttle": 0.5778888038506231,
            "brake": 0.0,
            "steer": 0.0
        },
        {
            "throttle": 0.5968092259887413,
            "brake": 0.0,
            "steer": 0.0
        },
        {
            "throttle": 0.6146579799761392,
            "brake": 0.0,
            "steer": 0.0
        },
        {
            "throttle": 0.6312264593307462,
            "brake": 0.0,
            "steer": 0.0
        },
        {
            "throttle": 0.6463210207207156,
            "brake": 0.0,
            "steer": 0.0
        },
        {
            "throttle": 0.65976524716186,
            "brake": 0.0,
            "steer": 0.0
        },
        {
            "throttle": 0.6714020098829483,
            "brake": 0.0,
            "steer": 0.0
        },
        {
            "throttle": 0.6810953047609107,
            "brake": 0.0,
            "steer": 0.0
        },
        {
            "throttle": 0.6887318418627025,
            "brake": 0.0,
            "steer": 0.0
        },
        {
            "throttle": 0.6942223695161268,
            "brake": 0.0,
            "steer": 0.0
        },
        {
            "throttle": 0.6975027174346021,
            "brake": 0.0,
            "steer": 0.0
        },
        {
            "throttle": 0.6985345467044022,
            "brake": 0.0,
            "steer": 0.0
        },
        {
            "throttle": 0.6973057978689274,
            "brake": 0.0,
            "steer": 0.0
        },
        {
            "throttle": 0.6938308318730425,
            "brake": 0.0,
            "steer": 0.0
        },
        {
            "throttle": 0.6881502622202014,
            "brake": 0.0,
            "steer": 0.0
        },
        {
            "throttle": 0.6803304803040149,
            "brake": 0.0,
            "steer": 0.0
        },
        {
            "throttle": 0.6704628794619252,
            "brake": 0.0,
            "steer": 0.0
        },
        {
            "throttle": 0.6586627868198259,
            "brake": 0.0,
            "steer": 0.0
        },
        {
            "throttle": 0.6450681154116417,
            "brake": 0.0,
            "steer": 0.0
        },
        {
            "throttle": 0.6298377523271588,
            "brake": 0.0,
            "steer": 0.0
        },
        {
            "throttle": 0.6131497017265533,
            "brake": 0.0,
            "steer": 0.0
        },
        {
            "throttle": 0.5951990044250479,
            "brake": 0.0,
            "steer": 0.0
        },
        {
            "throttle": 0.5761954583624556,
            "brake": 0.0,
            "steer": 0.0
        },
        {
            "throttle": 0.5563611665995156,
            "brake": 0.0,
            "steer": 0.0
        },
        {
            "throttle": 0.5359279414987019,
            "brake": 0.0,
            "steer": 0.0
        },
        {
            "throttle": 0.5151345954280179,
            "brake": 0.0,
            "steer": 0.0
        },
        {
            "throttle": 0.49422414965255285,
            "brake": 0.0,
            "steer": 0.0
        },
        {
            "throttle": 0.4734409940347494,
            "brake": 0.0,
            "steer": 0.0
        },
        {
            "throttle": 0.45302803073925263,
            "brake": 0.0,
            "steer": 0.0
        },
        {
            "throttle": 0.4332238353251586,
            "brake": 0.0,
            "steer": 0.0
        },
        {
            "throttle": 0.41425986840526413,
            "brake": 0.0,
            "steer": 0.0
        },
        {
            "throttle": 0.3963577704609191,
            "brake": 0.0,
            "steer": 0.0
        },
        {
            "throttle": 0.37972677142920996,
            "brake": 0.0,
            "steer": 0.0
        },
        {
            "throttle": 0.3645612453378014,
            "brake": 0.0,
            "steer": 0.0
        },
        {
            "throttle": 0.3510384385675285,
            "brake": 0.0,
            "steer": 0.0
        },
        {
            "throttle": 0.3393163982935645,
            "brake": 0.0,
            "steer": 0.0
        },
        {
            "throttle": 0.3295321253164118,
            "brake": 0.0,
            "steer": 0.0
        },
        {
            "throttle": 0.321799972871418,
            "brake": 0.0,
            "steer": 0.0
        },
        {
            "throttle": 0.31621031013065654,
            "brake": 0.0,
            "steer": 0.0
        },
        {
            "throttle": 0.3128284660174314,
            "brake": 0.0,
            "steer": 0.0
        },
        {
            "throttle": 0.3116939656775242,
            "brake": 0.0,
            "steer": 0.0
        },
        {
            "throttle": 0.3128200685308913,
            "brake": 0.0,
            "steer": 0.0
        },
        {
            "throttle": 0.3161936133028096,
            "brake": 0.0,
            "steer": 0.0
        },
        {
            "throttle": 0.32177517184566323,
            "brake": 0.0,
            "steer": 0.0
        },
        {
            "throttle": 0.32949950995358435,
            "brake": 0.0,
            "steer": 0.0
        },
        {
            "throttle": 0.33927634978420046,
            "brake": 0.0,
            "steer": 0.0
        },
        {
            "throttle": 0.3509914249767184,
            "brake": 0.0,
            "steer": 0.0
        },
        {
            "throttle": 0.3645078161347013,
            "brake": 0.0,
            "steer": 0.0
        },
        {
            "throttle": 0.37966755106514616,
            "brake": 0.0,
            "steer": 0.0
        },
        {
            "throttle": 0.3962934510711421,
            "brake": 0.0,
            "steer": 0.0
        },
        {
            "throttle": 0.4141912017196506,
            "brake": 0.0,
            "steer": 0.0
        },
        {
            "throttle": 0.433151623882403,
            "brake": 0.0,
            "steer": 0.0
        },
        {
            "throttle": 0.45295311850723347,
            "brake": 0.0,
            "steer": 0.0
        },
        {
            "throttle": 0.47336425654669423,
            "brake": 0.0,
            "steer": 0.0
        },
        {
            "throttle": 0.4941464837742843,
            "brake": 0.0,
            "steer": 0.0
        },
        {
            "throttle": 0.515056908875876,
            "brake": 0.0,
            "steer": 0.0
        },
        {
            "throttle": 0.5358511422306516,
            "brake": 0.0,
            "steer": 0.0
        },
        {
            "throttle": 0.5562861522034299,
            "brake": 0.0,
            "steer": 0.0
        },
        {
            "throttle": 0.5761231055655999,
            "brake": 0.0,
            "steer": 0.0
        },
        {
            "throttle": 0.5951301588473704,
            "brake": 0.0,
            "steer": 0.0
        },
        {
            "throttle": 0.613085167997541,
            "brake": 0.0,
            "steer": 0.0
        },
        {
            "throttle": 0.6297782846817678,
            "brake": 0.0,
            "steer": 0.0
        },
        {
            "throttle": 0.6450144088752116,
            "brake": 0.0,
            "steer": 0.0
        },
        {
            "throttle": 0.6586154690850032,
            "brake": 0.0,
            "steer": 0.0
        },
        {
            "throttle": 0.670422503552535,
            "brake": 0.0,
            "steer": 0.0
        },
        {
            "throttle": 0.6802975181116201,
            "brake": 0.0,
            "steer": 0.0
        },
        {
            "throttle": 0.6881250989888925,
            "brake": 0.0,
            "steer": 0.0
        },
        {
            "throttle": 0.693813761696915,
            "brake": 0.0,
            "steer": 0.0
        },
        {
            "throttle": 0.6972970202548708,
            "brake": 0.0,
            "steer": 0.0
        },
        {
            "throttle": 0.6985341642403724,
            "brake": 0.0,
            "steer": 0.0
        },
        {
            "throttle": 0.6975107345906296,
            "brake": 0.0,
            "steer": 0.0
        },
        {
            "throttle": 0.6942386925920734,
            "brake": 0.0,
            "steer": 0.0
        },
        {
            "throttle": 0.6887562800833771,
            "brake": 0.0,
            "steer": 0.0
        },
        {
            "throttle": 0.6811275725057457,
            "brake": 0.0,
            "steer": 0.0
        },
        {
            "throttle": 0.6714417300241767,
            "brake": 0.0,
            "steer": 0.0
        },
        {
            "throttle": 0.6598119554721786,
            "brake": 0.0,
            "steer": 0.0
        },
        {
            "throttle": 0.6463741712989197,
            "brake": 0.0,
            "steer": 0.0
        },
        {
            "throttle": 0.6312854309819251,
            "brake": 0.0,
            "steer": 0.0
        }
    ],
    "parameters": {
        "fog_density": 75.55999515408674,
        "precipitation": 78.01223760548864,
        "precipitation_deposits": 51.180016977961614,
        "wind_intensity": 22.44215862126432,
        "sun_altitude_angle": 0.21271032698818004,
        "cloudiness": 2.926025808386312,
        "lead_base_throttle": 0.5051153294786285,
        "lead_behavior_frequency": 0.17214396342996374,
        "lead_throttle_variation": 0.20202141176705268,
        "lead_brake_probability": 0.007927035275072835,
        "lead_brake_intensity": 0.23028305405734412,
        "lead_brake_duration": 18.37784853408772,
        "initial_distance": 61.28693961637805,
        "initial_ego_velocity": 9.889790767893153,
        "initial_lead_velocity": 19.24446845080175
    },
    "config": {
        "num_timesteps": 200,
        "dt": 0.1,
        "seed": 95
    }
}