{
    "weather": {
        "cloudiness": 93.37860918782451,
        "precipitation": 22.391400229719448,
        "precipitation_deposits": 4.8118084920299005,
        "wind_intensity": 10.38030782892243,
        "sun_altitude_angle": 10.544685575204419,
        "fog_density": 68.31708087497131,
        "fog_distance": 102.56730834179633,
        "wetness": 11.195700114859724
    },
    "initial_conditions": {
        "ego": {
            "position": {
                "x": 528.6929070443974,
                "y": 20.57,
                "z": 0.294
            },
            "yaw": 0.0,
            "velocity": 17.912935015148236
        },
        "lead": {
            "position": {
                "x": 484.88,
                "y": 20.57,
                "z": 0.294
            },
            "yaw": 0.0,
            "velocity": 15.736854680866088
        }
    },
    "ego": {
        "position": {
            "x": 528.6929070443974,
            "y": 20.57,
            "z": 0.294
        },
        "yaw": 0.0,
        "velocity": 17.912935015148236
    },
    "lead": {
        "position": {
            "x": 484.88,
            "y": 20.57,
            "z": 0.294
        },
        "yaw": 0.0,
        "velocity": 15.736854680866088
    },
    "ado_actions": [
        {
            "throttle": 0.5952876009515891,
            "brake": 0.0,
            "steer": 0.0
        },
        {
            "throttle": 0.6017468458314452,
            "brake": 0.0,
            "steer": 0.0
        },
        {
            "throttle": 0.6127010457625865,
            "brake": 0.0,
            "steer": 0.0
        },
        {
            "throttle": 0.6267487903548561,
            "brake": 0.0,
            "steer": 0.0
        },
        {
            "throttle": 0.6428829020870329,
            "brake": 0.0,
            "steer": 0.0
        },
        {
            "throttle": 0.6603724912238874,
            "brake": 0.0,
            "steer": 0.0
        },
        {
            "throttle": 0.6786805004405383,
            "brake": 0.0,
            "steer": 0.0
        },
        {
            "throttle": 0.6974060904727523,
            "brake": 0.0,
            "steer": 0.0
        },
        {
            "throttle": 0.7162444122875988,
            "brake": 0.0,
            "steer": 0.0
        },
        {
            "throttle": 0.7349585472009361,
            "brake": 0.0,
            "steer": 0.0
        },
        {
            "throttle": 0.7533599615313947,
            "brake": 0.0,
            "steer": 0.0
        },
        {
            "throttle": 0.771294918007179,
            "brake": 0.0,
            "steer": 0.0
        },
        {
            "throttle": 0.7886350530947193,
            "brake": 0.0,
            "steer": 0.0
        },
        {
            "throttle": 0.8052708663007226,
            "brake": 0.0,
            "steer": 0.0
        },
        {
            "throttle": 0.8211072433340618,
            "brake": 0.0,
            "steer": 0.0
        },
        {
            "throttle": 0.836060398116923,
            "brake": 0.0,
            "steer": 0.0
        },
        {
            "throttle": 0.850055802826645,
            "brake": 0.0,
            "steer": 0.0
        },
        {
            "throttle": 0.863026804105286,
            "brake": 0.0,
            "steer": 0.0
        },
        {
            "throttle": 0.874913713865268,
            "brake": 0.0,
            "steer": 0.0
        },
        {
            "throttle": 0.8856632263468514,
            "brake": 0.0,
            "steer": 0.0
        },
        {
            "throttle": 0.8952280573668692,
            "brake": 0.0,
            "steer": 0.0
        },
        {
            "throttle": 0.9035667327221094,
            "brake": 0.0,
            "steer": 0.0
        },
        {
            "throttle": 0.9106434744536966,
            "brake": 0.0,
            "steer": 0.0
        },
        {
            "throttle": 0.9164281489257727,
            "brake": 0.0,
            "steer": 0.0
        },
        {
            "throttle": 0.9208962513721022,
            "brake": 0.0,
            "steer": 0.0
        },
        {
            "throttle": 0.9240289090823723,
            "brake": 0.0,
            "steer": 0.0
        },
        {
            "throttle": 0.9258128906909444,
            "brake": 0.0,
            "steer": 0.0
        },
        {
            "throttle": 0.9262406127630056,
            "brake": 0.0,
            "steer": 0.0
        },
        {
            "throttle": 0.9253101375142435,
            "brake": 0.0,
            "steer": 0.0
        },
        {
            "throttle": 0.9230251573776154,
            "brake": 0.0,
            "steer": 0.0
        },
        {
            "throttle": 0.9193949634735156,
            "brake": 0.0,
            "steer": 0.0
        },
        {
            "throttle": 0.9144343960078418,
            "brake": 0.0,
            "steer": 0.0
        },
        {
            "throttle": 0.9081637753281271,
            "brake": 0.0,
            "steer": 0.0
        },
        {
            "throttle": 0.9006088128893462,
            "brake": 0.0,
            "steer": 0.0
        },
        {
            "throttle": 0.8918005017729072,
            "brake": 0.0,
            "steer": 0.0
        },
        {
            "throttle": 0.8817749867028672,
            "brake": 0.0,
            "steer": 0.0
        },
        {
            "throttle": 0.8705734137392085,
            "brake": 0.0,
            "steer": 0.0
        },
        {
            "throttle": 0.8582417600175616,
            "brake": 0.0,
            "steer": 0.0
        },
        {
            "throttle": 0.8448306440609779,
            "brake": 0.0,
            "steer": 0.0
        },
        {
            "throttle": 0.8303951173211102,
            "brake": 0.0,
            "steer": 0.0
        },
        {
            "throttle": 0.8149944377196179,
            "brake": 0.0,
            "steer": 0.0
        },
        {
            "throttle": 0.7986918260599947,
            "brake": 0.0,
            "steer": 0.0
        },
        {
            "throttle": 0.7815542062681673,
            "brake": 0.0,
            "steer": 0.0
        },
        {
            "throttle": 0.7636519304990914,
            "brake": 0.0,
            "steer": 0.0
        },
        {
            "throttle": 0.7450584902174371,
            "brake": 0.0,
            "steer": 0.0
        },
        {
            "throttle": 0.7258502144241518,
            "brake": 0.0,
            "steer": 0.0
        },
        {
            "throttle": 0.7061059562577445,
            "brake": 0.0,
            "steer": 0.0
        },
        {
            "throttle": 0.6859067692498518,
            "brake": 0.0,
            "steer": 0.0
        },
        {
            "throttle": 0.6653355745592193,
            "brake": 0.0,
            "steer": 0.0
        },
        {
            "throttle": 0.6444768205467352,
            "brake": 0.0,
            "steer": 0.0
        },
        {
            "throttle": 0.6234161360866219,
            "brake": 0.0,
            "steer": 0.0
        },
        {
            "throttle": 0.6022399790353281,
            "brake": 0.0,
            "steer": 0.0
        },
        {
            "throttle": 0.5810352813000401,
            "brake": 0.0,
            "steer": 0.0
        },
        {
            "throttle": 0.5598890919630524,
            "brake": 0.0,
            "steer": 0.0
        },
        {
            "throttle": 0.5388882199264559,
            "brake": 0.0,
            "steer": 0.0
        },
        {
            "throttle": 0.5181188775437504,
            "brake": 0.0,
            "steer": 0.0
        },
        {
            "throttle": 0.4976663267010559,
            "brake": 0.0,
            "steer": 0.0
        },
        {
            "throttle": 0.47761452880062405,
            "brake": 0.0,
            "steer": 0.0
        },
        {
            "throttle": 0.45804580008339346,
            "brake": 0.0,
            "steer": 0.0
        },
        {
            "throttle": 0.43904047370545496,
            "brake": 0.0,
            "steer": 0.0
        },
        {
            "throttle": 0.4206765699555951,
            "brake": 0.0,
            "steer": 0.0
        },
        {
            "throttle": 0.4030294759676885,
            "brake": 0.0,
            "steer": 0.0
        },
        {
            "throttle": 0.3861716362427421,
            "brake": 0.0,
            "steer": 0.0
        },
        {
            "throttle": 0.37017225525103314,
            "brake": 0.0,
            "steer": 0.0
        },
        {
            "throttle": 0.3550970133351948,
            "brake": 0.0,
            "steer": 0.0
        },
        {
            "throttle": 0.3410077970805075,
            "brake": 0.0,
            "steer": 0.0
        },
        {
            "throttle": 0.32796244525926715,
            "brake": 0.0,
            "steer": 0.0
        },
        {
            "throttle": 0.31601451139216796,
            "brake": 0.0,
            "steer": 0.0
        },
        {
            "throttle": 0.3052130439014249,
            "brake": 0.0,
            "steer": 0.0
        },
        {
            "throttle": 0.2956023847581438,
            "brake": 0.0,
            "steer": 0.0
        },
        {
            "throttle": 0.2872219874505262,
            "brake": 0.0,
            "steer": 0.0
        },
        {
            "throttle": 0.2801062550201808,
            "brake": 0.0,
            "steer": 0.0
        },
        {
            "throttle": 0.2742843988314312,
            "brake": 0.0,
            "steer": 0.0
        },
        {
            "throttle": 0.26978031865339536,
            "brake": 0.0,
            "steer": 0.0
        },
        {
            "throttle": 0.26661250454712315,
            "brake": 0.0,
            "steer": 0.0
        },
        {
            "throttle": 0.2647939609605604,
            "brake": 0.0,
            "steer": 0.0
        },
        {
            "throttle": 0.2643321533429449,
            "brake": 0.0,
            "steer": 0.0
        },
        {
            "throttle": 0.2652289774977905,
            "brake": 0.0,
            "steer": 0.0
        },
        {
            "throttle": 0.26748075180027137,
            "brake": 0.0,
            "steer": 0.0
        },
        {
            "throttle": 0.2710782323109552,
            "brake": 0.0,
            "steer": 0.0
        },
        {
            "throttle": 0.2760066507238405,
            "brake": 0.0,
            "steer": 0.0
        },
        {
            "throttle": 0.28224577499291503,
            "brake": 0.0,
            "steer": 0.0
        },
        {
            "throttle": 0.28976999238835144,
            "brake": 0.0,
            "steer": 0.0
        },
        {
            "throttle": 0.29854841464138027,
            "brake": 0.0,
            "steer": 0.0
        },
        {
            "throttle": 0.30854500474620145,
            "brake": 0.0,
            "steer": 0.0
        },
        {
            "throttle": 0.3197187248983889,
            "brake": 0.0,
            "steer": 0.0
        },
        {
            "throttle": 0.3320237049624758,
            "brake": 0.0,
            "steer": 0.0
        },
        {
            "throttle": 0.3454094307771294,
            "brake": 0.0,
            "steer": 0.0
        },
        {
            "throttle": 0.359820951524889,
            "brake": 0.0,
            "steer": 0.0
        },
        {
            "throttle": 0.3751991053151779,
            "brake": 0.0,
            "steer": 0.0
        },
        {
            "throttle": 0.3914807620545285,
            "brake": 0.0,
            "steer": 0.0
        },
        {
            "throttle": 0.4085990826069964,
            "brake": 0.0,
            "steer": 0.0
        },
        {
            "throttle": 0.42648379318086244,
            "brake": 0.0,
            "steer": 0.0
        },
        {
            "throttle": 0.44506147381521555,
            "brake": 0.0,
            "steer": 0.0
        },
        {
            "throttle": 0.46425585978212747,
            "brake": 0.0,
            "steer": 0.0
        },
        {
            "throttle": 0.48398815466710865,
            "brake": 0.0,
            "steer": 0.0
        },
        {
            "throttle": 0.5041773538425944,
            "brake": 0.0,
            "steer": 0.0
        },
        {
            "throttle": 0.5247405770065429,
            "brake": 0.0,
            "steer": 0.0
        },
        {
            "throttle": 0.545593408421016,
            "brake": 0.0,
            "steer": 0.0
        },
        {
            "throttle": 0.5666502434540007,
            "brake": 0.0,
            "steer": 0.0
        },
        {
            "throttle": 0.5878246400018551,
            "brake": 0.0,
            "steer": 0.0
        },
        {
            "throttle": 0.6090296733497262,
            "brake": 0.0,
            "steer": 0.0
        },
        {
            "throttle": 0.6301782930131745,
            "brake": 0.0,
            "steer": 0.0
        },
        {
            "throttle": 0.6511836800961044,
            "brake": 0.0,
            "steer": 0.0
        },
        {
            "throttle": 0.6719596036979831,
            "brake": 0.0,
            "steer": 0.0
        },
        {
            "throttle": 0.6924207749072322,
            "brake": 0.0,
            "steer": 0.0
        },
        {
            "throttle": 0.712483196927584,
            "brake": 0.0,
            "steer": 0.0
        },
        {
            "throttle": 0.7320645099000723,
            "brake": 0.0,
            "steer": 0.0
        },
        {
            "throttle": 0.7510843290050999,
            "brake": 0.0,
            "steer": 0.0
        },
        {
            "throttle": 0.5257590303035699,
            "brake": 0.048083162360887985,
            "steer": 0.0
        },
        {
            "throttle": 0.3680313212124989,
            "brake": 0.08174137601350957,
            "steer": 0.0
        },
        {
            "throttle": 0.2576219248487492,
            "brake": 0.10530212557034468,
            "steer": 0.0
        },
        {
            "throttle": 0.1803353473941244,
            "brake": 0.12179465026012926,
            "steer": 0.0
        },
        {
            "throttle": 0.12623474317588707,
            "brake": 0.13333941754297846,
            "steer": 0.0
        },
        {
            "throttle": 0.08836432022312093,
            "brake": 0.1414207546409729,
            "steer": 0.0
        },
        {
            "throttle": 0.06185502415618465,
            "brake": 0.147077690609569,
            "steer": 0.0
        },
        {
            "throttle": 0.04329851690932925,
            "brake": 0.15103754578758627,
            "steer": 0.0
        },
        {
            "throttle": 0.030308961836530476,
            "brake": 0.15380944441219835,
            "steer": 0.0
        },
        {
            "throttle": 0.02121627328557133,
            "brake": 0.1557497734494268,
            "steer": 0.0
        },
        {
            "throttle": 0.29168854962049756,
            "brake": 0.10902484141459876,
            "steer": 0.0
        },
        {
            "throttle": 0.2041819847343483,
            "brake": 0.12440055135110711,
            "steer": 0.0
        },
        {
            "throttle": 0.14292738931404378,
            "brake": 0.13516354830666294,
            "steer": 0.0
        },
        {
            "throttle": 0.10004917251983064,
            "brake": 0.14269764617555203,
            "steer": 0.0
        },
        {
            "throttle": 0.07003442076388144,
            "brake": 0.1479715146837744,
            "steer": 0.0
        },
        {
            "throttle": 0.04902409453471701,
            "brake": 0.15166322263953005,
            "steer": 0.0
        },
        {
            "throttle": 0.03431686617430191,
            "brake": 0.15424741820855903,
            "steer": 0.0
        },
        {
            "throttle": 0.024021806322011334,
            "brake": 0.15605635510687932,
            "steer": 0.0
        },
        {
            "throttle": 0.01681526442540793,
            "brake": 0.1573226109357035,
            "steer": 0.0
        },
        {
            "throttle": 0.011770685097785552,
            "brake": 0.1582089900158804,
            "steer": 0.0
        },
        {
            "throttle": 0.008239479568449885,
            "brake": 0.15882945537200427,
            "steer": 0.0
        },
        {
            "throttle": 0.27397060653999755,
            "brake": 0.11118061876040299,
            "steer": 0.0
        },
        {
            "throttle": 0.45683427008522515,
            "brake": 0.07782643313228209,
            "steer": 0.0
        },
        {
            "throttle": 0.5813357401844506,
            "brake": 0.054478503192597456,
            "steer": 0.0
        },
        {
            "throttle": 0.664643086657825,
            "brake": 0.03813495223481822,
            "steer": 0.0
        },
        {
            "throttle": 0.7187897373893966,
            "brake": 0.026694466564372753,
            "steer": 0.0
        },
        {
            "throttle": 0.7522162043082744,
            "brake": 0.018686126595060925,
            "steer": 0.0
        },
        {
            "throttle": 0.7708492213259148,
            "brake": 0.013080288616542647,
            "steer": 0.0
        },
        {
            "throttle": 0.7788570654572302,
            "brake": 0.009156202031579852,
            "steer": 0.0
        },
        {
            "throttle": 0.7791782012945886,
            "brake": 0.006409341422105896,
            "steer": 0.0
        },
        {
            "throttle": 0.7738912472827357,
            "brake": 0.004486538995474127,
            "steer": 0.0
        },
        {
            "throttle": 0.7644738630566222,
            "brake": 0.0031405772968318884,
            "steer": 0.0
        },
        {
            "throttle": 0.7519838776911022,
            "brake": 0.002198404107782322,
            "steer": 0.0
        },
        {
            "throttle": 0.7371859831381009,
            "brake": 0.0015388828754476253,
            "steer": 0.0
        },
        {
            "throttle": 0.7206403202396517,
            "brake": 0.0010772180128133376,
            "steer": 0.0
        },
        {
            "throttle": 0.7027643868967088,
            "brake": 0.0007540526089693363,
            "steer": 0.0
        },
        {
            "throttle": 0.6838762695185627,
            "brake": 0.0005278368262785353,
            "steer": 0.0
        },
        {
            "throttle": 0.6642247989682823,
            "brake": 0.00036948577839497474,
            "steer": 0.0
        },
        {
            "throttle": 0.6440105522904113,
            "brake": 0.0002586400448764823,
            "steer": 0.0
        },
        {
            "throttle": 0.6234004455623131,
            "brake": 0.00018104803141353758,
            "steer": 0.0
        },
        {
            "throttle": 0.6025378400529753,
            "brake": 0.0001267336219894763,
            "steer": 0.0
        },
        {
            "throttle": 0.5815495076647289,
            "brake": 8.87135353926334e-05,
            "steer": 0.0
        },
        {
            "throttle": 0.5605503982876381,
            "brake": 6.209947477484337e-05,
            "steer": 0.0
        },
        {
            "throttle": 0.5396468693526111,
            "brake": 4.346963234239036e-05,
            "steer": 0.0
        },
        {
            "throttle": 0.5189388402251643,
            "brake": 3.0428742639673248e-05,
            "steer": 0.0
        },
        {
            "throttle": 0.49852119572554954,
            "brake": 2.1300119847771274e-05,
            "steer": 0.0
        },
        {
            "throttle": 0.4784846662044556,
            "brake": 1.491008389343989e-05,
            "steer": 0.0
        },
        {
            "throttle": 0.4589163437950595,
            "brake": 1.0437058725407922e-05,
            "steer": 0.0
        },
        {
            "throttle": 0.4398999469856664,
            "brake": 7.305941107785545e-06,
            "steer": 0.0
        },
        {
            "throttle": 0.4215159124113067,
            "brake": 5.114158775449881e-06,
            "steer": 0.0
        },
        {
            "throttle": 0.40384136947660715,
            "brake": 3.5799111428149166e-06,
            "steer": 0.0
        },
        {
            "throttle": 0.38695003710651177,
            "brake": 2.5059377999704414e-06,
            "steer": 0.0
        },
        {
            "throttle": 0.3709120704833872,
            "brake": 1.7541564599793088e-06,
            "steer": 0.0
        },
        {
            "throttle": 0.35579387760395964,
            "brake": 1.2279095219855161e-06,
            "steer": 0.0
        },
        {
            "throttle": 0.3416579198521421,
            "brake": 8.595366653898612e-07,
            "steer": 0.0
        },
        {
            "throttle": 0.3285625068165312,
            "brake": 6.016756657729028e-07,
            "steer": 0.0
        },
        {
            "throttle": 0.3165615927819508,
            "brake": 4.211729660410319e-07,
            "steer": 0.0
        },
        {
            "throttle": 0.305704580341428,
            "brake": 2.948210762287223e-07,
            "steer": 0.0
        },
        {
            "throttle": 0.2960361351624724,
            "brake": 2.0637475336010563e-07,
            "steer": 0.0
        },
        {
            "throttle": 0.2875960149274393,
            "brake": 1.4446232735207394e-07,
            "steer": 0.0
        },
        {
            "throttle": 0.2804189147317627,
            "brake": 1.0112362914645175e-07,
            "steer": 0.0
        },
        {
            "throttle": 0.2745343306818149,
            "brake": 7.078654040251622e-08,
            "steer": 0.0
        },
        {
            "throttle": 0.2699664430273086,
            "brake": 4.955057828176135e-08,
            "steer": 0.0
        },
        {
            "throttle": 0.26673401985047845,
            "brake": 3.468540479723294e-08,
            "steer": 0.0
        },
        {
            "throttle": 0.2648503420871461,
            "brake": 2.4279783358063058e-08,
            "steer": 0.0
        },
        {
            "throttle": 0.26432315045328225,
            "brake": 1.6995848350644138e-08,
            "steer": 0.0
        },
        {
            "throttle": 0.2651546146810112,
            "brake": 1.1897093845450895e-08,
            "steer": 0.0
        },
        {
            "throttle": 0.2673413253205961,
            "brake": 8.327965691815626e-09,
            "steer": 0.0
        },
        {
            "throttle": 0.27087430823323383,
            "brake": 5.829575984270938e-09,
            "steer": 0.0
        },
        {
            "throttle": 0.27573906177898455,
            "brake": 4.080703188989656e-09,
            "steer": 0.0
        },
        {
            "throttle": 0.2819156165918485,
            "brake": 2.856492232292759e-09,
            "steer": 0.0
        },
        {
            "throttle": 0.28937861772787493,
            "brake": 1.999544562604931e-09,
            "steer": 0.0
        },
        {
            "throttle": 0.2980974288709601,
            "brake": 1.3996811938234517e-09,
            "steer": 0.0
        },
        {
            "throttle": 0.30803625818387587,
            "brake": 9.797768356764162e-10,
            "steer": 0.0
        },
        {
            "throttle": 0.3191543052986135,
            "brake": 6.858437849734912e-10,
            "steer": 0.0
        },
        {
            "throttle": 0.3314059288501286,
            "brake": 4.800906494814438e-10,
            "steer": 0.0
        },
        {
            "throttle": 0.34474083387098825,
            "brake": 3.3606345463701067e-10,
            "steer": 0.0
        },
        {
            "throttle": 0.35910427828130975,
            "brake": 2.3524441824590747e-10,
            "steer": 0.0
        },
        {
            "throttle": 0.3744372976288889,
            "brake": 1.6467109277213523e-10,
            "steer": 0.0
        },
        {
            "throttle": 0.39067694715872014,
            "brake": 1.1526976494049465e-10,
            "steer": 0.0
        },
        {
            "throttle": 0.4077565602194335,
            "brake": 8.068883545834625e-11,
            "steer": 0.0
        },
        {
            "throttle": 0.42560602194672614,
            "brake": 5.648218482084237e-11,
            "steer": 0.0
        },
        {
            "throttle": 0.4441520571008858,
            "brake": 3.9537529374589653e-11,
            "steer": 0.0
        },
        {
            "throttle": 0.4633185308772154,
            "brake": 2.7676270562212755e-11,
            "steer": 0.0
        },
        {
            "throttle": 0.48302676145478085,
            "brake": 1.9373389393548927e-11,
            "steer": 0.0
        },
        {
            "throttle": 0.5031958430006243,
            "brake": 1.3561372575484247e-11,
            "steer": 0.0
        },
        {
            "throttle": 0.5237429778036011,
            "brake": 9.492960802838972e-12,
            "steer": 0.0
        },
        {
            "throttle": 0.5445838161744758,
            "brake": 6.64507256198728e-12,
            "steer": 0.0
        },
        {
            "throttle": 0.5656328027169976,
            "brake": 4.651550793391096e-12,
            "steer": 0.0
        },
        {
            "throttle": 0.5868035275485022,
            "brake": 3.2560855553737667e-12,
            "steer": 0.0
        },
        {
            "throttle": 0.6080090810282511,
            "brake": 2.2792598887616367e-12,
            "steer": 0.0
        }
    ],
    "parameters": {
        "fog_density": 68.31708087497131,
        "precipitation": 22.391400229719448,
        "precipitation_deposits": 4.8118084920299005,
        "wind_intensity": 10.38030782892243,
        "sun_altitude_angle": 10.544685575204419,
        "cloudiness": 93.37860918782451,
        "lead_base_throttle": 0.5952876009515891,
        "lead_behavior_frequency": 0.10199069743523988,
        "lead_throttle_variation": 0.33621520509733444,
        "lead_brake_probability": 0.10073660320764553,
        "lead_brake_intensity": 0.16027720786962663,
        "lead_brake_duration": 10.484959743976253,
        "initial_distance": 43.81290704439746,
        "initial_ego_velocity": 17.912935015148236,
        "initial_lead_velocity": 15.736854680866088
    },
    "config": {
        "num_timesteps": 200,
        "dt": 0.1,
        "seed": 75
    }
}