{
    "weather": {
        "cloudiness": 95.58862799969019,
        "precipitation": 79.24656023193126,
        "precipitation_deposits": 23.465929598030854,
        "wind_intensity": 21.516789248200958,
        "sun_altitude_angle": 75.98051622414069,
        "fog_density": 75.75875253437488,
        "fog_distance": 80.03495908913152,
        "wetness": 39.62328011596563
    },
    "initial_conditions": {
        "ego": {
            "position": {
                "x": 550.5522425608291,
                "y": 20.57,
                "z": 0.294
            },
            "yaw": 0.0,
            "velocity": 19.9424395707467
        },
        "lead": {
            "position": {
                "x": 484.88,
                "y": 20.57,
                "z": 0.294
            },
            "yaw": 0.0,
            "velocity": 12.425089250621205
        }
    },
    "ego": {
        "position": {
            "x": 550.5522425608291,
            "y": 20.57,
            "z": 0.294
        },
        "yaw": 0.0,
        "velocity": 19.9424395707467
    },
    "lead": {
        "position": {
            "x": 484.88,
            "y": 20.57,
            "z": 0.294
        },
        "yaw": 0.0,
        "velocity": 12.425089250621205
    },
    "ado_actions": [
        {
            "throttle": 0.23442322753040223,
            "brake": 0.0,
            "steer": 0.0
        },
        {
            "throttle": 0.23619705602451663,
            "brake": 0.0,
            "steer": 0.0
        },
        {
            "throttle": 0.23918827518424376,
            "brake": 0.0,
            "steer": 0.0
        },
        {
            "throttle": 0.24298342184585786,
            "brake": 0.0,
            "steer": 0.0
        },
        {
            "throttle": 0.24726977574967174,
            "brake": 0.0,
            "steer": 0.0
        },
        {
            "throttle": 0.251806116303506,
            "brake": 0.0,
            "steer": 0.0
        },
        {
            "throttle": 0.2564025578988286,
            "brake": 0.0,
            "steer": 0.0
        },
        {
            "throttle": 0.26090672261511705,
            "brake": 0.0,
            "steer": 0.0
        },
        {
            "throttle": 0.2651943275539376,
            "brake": 0.0,
            "steer": 0.0
        },
        {
            "throttle": 0.26916283722337303,
            "brake": 0.0,
            "steer": 0.0
        },
        {
            "throttle": 0.2727272329637641,
            "brake": 0.0,
            "steer": 0.0
        },
        {
            "throttle": 0.2758172328951337,
            "brake": 0.0,
            "steer": 0.0
        },
        {
            "throttle": 0.27837549333930917,
            "brake": 0.0,
            "steer": 0.0
        },
        {
            "throttle": 0.2803564613646784,
            "brake": 0.0,
            "steer": 0.0
        },
        {
            "throttle": 0.28172564567967456,
            "brake": 0.0,
            "steer": 0.0
        },
        {
            "throttle": 0.28245914191842864,
            "brake": 0.0,
            "steer": 0.0
        },
        {
            "throttle": 0.2825432970606955,
            "brake": 0.0,
            "steer": 0.0
        },
        {
            "throttle": 0.2819744323504429,
            "brake": 0.0,
            "steer": 0.0
        },
        {
            "throttle": 0.2807585688456883,
            "brake": 0.0,
            "steer": 0.0
        },
        {
            "throttle": 0.27891111759459714,
            "brake": 0.0,
            "steer": 0.0
        },
        {
            "throttle": 0.27645650944615524,
            "brake": 0.0,
            "steer": 0.0
        },
        {
            "throttle": 0.27342774910056444,
            "brake": 0.0,
            "steer": 0.0
        },
        {
            "throttle": 0.26986588518107896,
            "brake": 0.0,
            "steer": 0.0
        },
        {
            "throttle": 0.26581939355634837,
            "brake": 0.0,
            "steer": 0.0
        },
        {
            "throttle": 0.2613434753384015,
            "brake": 0.0,
            "steer": 0.0
        },
        {
            "throttle": 0.25649927425549923,
            "brake": 0.0,
            "steer": 0.0
        },
        {
            "throttle": 0.25135302067710896,
            "brake": 0.0,
            "steer": 0.0
        },
        {
            "throttle": 0.24597511160442942,
            "brake": 0.0,
            "steer": 0.0
        },
        {
            "throttle": 0.24043913753899201,
            "brake": 0.0,
            "steer": 0.0
        },
        {
            "throttle": 0.2348208683748592,
            "brake": 0.0,
            "steer": 0.0
        },
        {
            "throttle": 0.22919721137494659,
            "brake": 0.0,
            "steer": 0.0
        },
        {
            "throttle": 0.22364515492198955,
            "brake": 0.0,
            "steer": 0.0
        },
        {
            "throttle": 0.21824071210288049,
            "brake": 0.0,
            "steer": 0.0
        },
        {
            "throttle": 0.21305787830877715,
            "brake": 0.0,
            "steer": 0.0
        },
        {
            "throttle": 0.2081676169264356,
            "brake": 0.0,
            "steer": 0.0
        },
        {
            "throttle": 0.20363688687104647,
            "brake": 0.0,
            "steer": 0.0
        },
        {
            "throttle": 0.19952772517954928,
            "brake": 0.0,
            "steer": 0.0
        },
        {
            "throttle": 0.19589639715859444,
            "brake": 0.0,
            "steer": 0.0
        },
        {
            "throttle": 0.1927926256766897,
            "brake": 0.0,
            "steer": 0.0
        },
        {
            "throttle": 0.1902589101206174,
            "brake": 0.0,
            "steer": 0.0
        },
        {
            "throttle": 0.18832994431842043,
            "brake": 0.0,
            "steer": 0.0
        },
        {
            "throttle": 0.18703214138308927,
            "brake": 0.0,
            "steer": 0.0
        },
        {
            "throttle": 0.18638327197190235,
            "brake": 0.0,
            "steer": 0.0
        },
        {
            "throttle": 0.18639222090678334,
            "brake": 0.0,
            "steer": 0.0
        },
        {
            "throttle": 0.18705886548270606,
            "brake": 0.0,
            "steer": 0.0
        },
        {
            "throttle": 0.18837407712656662,
            "brake": 0.0,
            "steer": 0.0
        },
        {
            "throttle": 0.19031984638106297,
            "brake": 0.0,
            "steer": 0.0
        },
        {
            "throttle": 0.19286952950023936,
            "brake": 0.0,
            "steer": 0.0
        },
        {
            "throttle": 0.19598821327868401,
            "brake": 0.0,
            "steer": 0.0
        },
        {
            "throttle": 0.19963319311778138,
            "brake": 0.0,
            "steer": 0.0
        },
        {
            "throttle": 0.20375455778213292,
            "brake": 0.0,
            "steer": 0.0
        },
        {
            "throttle": 0.2082958728385334,
            "brake": 0.0,
            "steer": 0.0
        },
        {
            "throttle": 0.21319495341875594,
            "brake": 0.0,
            "steer": 0.0
        },
        {
            "throttle": 0.21838471572437027,
            "brake": 0.0,
            "steer": 0.0
        },
        {
            "throttle": 0.22379409561366326,
            "brake": 0.0,
            "steer": 0.0
        },
        {
            "throttle": 0.22934902169221183,
            "brake": 0.0,
            "steer": 0.0
        },
        {
            "throttle": 0.23497342958236606,
            "brake": 0.0,
            "steer": 0.0
        },
        {
            "throttle": 0.24059030348305593,
            "brake": 0.0,
            "steer": 0.0
        },
        {
            "throttle": 0.24612273075765942,
            "brake": 0.0,
            "steer": 0.0
        },
        {
            "throttle": 0.2514949551092878,
            "brake": 0.0,
            "steer": 0.0
        },
        {
            "throttle": 0.2566334139221937,
            "brake": 0.0,
            "steer": 0.0
        },
        {
            "throttle": 0.261467745564828,
            "brake": 0.0,
            "steer": 0.0
        },
        {
            "throttle": 0.265931752861397,
            "brake": 0.0,
            "steer": 0.0
        },
        {
            "throttle": 0.269964309538962,
            "brake": 0.0,
            "steer": 0.0
        },
        {
            "throttle": 0.2735101972379717,
            "brake": 0.0,
            "steer": 0.0
        },
        {
            "throttle": 0.27652086162492195,
            "brake": 0.0,
            "steer": 0.0
        },
        {
            "throttle": 0.2789550772535855,
            "brake": 0.0,
            "steer": 0.0
        },
        {
            "throttle": 0.2807795120707718,
            "brake": 0.0,
            "steer": 0.0
        },
        {
            "throttle": 0.28196918383676184,
            "brake": 0.0,
            "steer": 0.0
        },
        {
            "throttle": 0.28250780221058647,
            "brake": 0.0,
            "steer": 0.0
        },
        {
            "throttle": 0.2823879918159284,
            "brake": 0.0,
            "steer": 0.0
        },
        {
            "throttle": 0.2816113932331734,
            "brake": 0.0,
            "steer": 0.0
        },
        {
            "throttle": 0.2801886405347141,
            "brake": 0.0,
            "steer": 0.0
        },
        {
            "throttle": 0.2781392156711162,
            "brake": 0.0,
            "steer": 0.0
        },
        {
            "throttle": 0.27549118170205955,
            "brake": 0.0,
            "steer": 0.0
        },
        {
            "throttle": 0.27228079852495857,
            "brake": 0.0,
            "steer": 0.0
        },
        {
            "throttle": 0.26855202636314357,
            "brake": 0.0,
            "steer": 0.0
        },
        {
            "throttle": 0.2643559238124088,
            "brake": 0.0,
            "steer": 0.0
        },
        {
            "throttle": 0.25974994868855883,
            "brake": 0.0,
            "steer": 0.0
        },
        {
            "throttle": 0.25479717124954565,
            "brake": 0.0,
            "steer": 0.0
        },
        {
            "throttle": 0.24956541056565515,
            "brake": 0.0,
            "steer": 0.0
        },
        {
            "throttle": 0.24412630586354528,
            "brake": 0.0,
            "steer": 0.0
        },
        {
            "throttle": 0.23855433556035227,
            "brake": 0.0,
            "steer": 0.0
        },
        {
            "throttle": 0.23292579742036637,
            "brake": 0.0,
            "steer": 0.0
        },
        {
            "throttle": 0.22731776379913443,
            "brake": 0.0,
            "steer": 0.0
        },
        {
            "throttle": 0.22180702628097634,
            "brake": 0.0,
            "steer": 0.0
        },
        {
            "throttle": 0.216469044161141,
            "brake": 0.0,
            "steer": 0.0
        },
        {
            "throttle": 0.21137691117118187,
            "brake": 0.0,
            "steer": 0.0
        },
        {
            "throttle": 0.2066003545963254,
            "brake": 0.0,
            "steer": 0.0
        },
        {
            "throttle": 0.20220478049005672,
            "brake": 0.0,
            "steer": 0.0
        },
        {
            "throttle": 0.198250378059933,
            "brake": 0.0,
            "steer": 0.0
        },
        {
            "throttle": 0.19479129548839347,
            "brake": 0.0,
            "steer": 0.0
        },
        {
            "throttle": 0.19187489847416656,
            "brake": 0.0,
            "steer": 0.0
        },
        {
            "throttle": 0.18954112164716963,
            "brake": 0.0,
            "steer": 0.0
        },
        {
            "throttle": 0.18782192173806778,
            "brake": 0.0,
            "steer": 0.0
        },
        {
            "throttle": 0.18674083999031624,
            "brake": 0.0,
            "steer": 0.0
        },
        {
            "throttle": 0.18631267980663976,
            "brake": 0.0,
            "steer": 0.0
        },
        {
            "throttle": 0.18654330404398037,
            "brake": 0.0,
            "steer": 0.0
        },
        {
            "throttle": 0.18742955473258183,
            "brake": 0.0,
            "steer": 0.0
        },
        {
            "throttle": 0.1889592963185086,
            "brake": 0.0,
            "steer": 0.0
        },
        {
            "throttle": 0.19111158183747393,
            "brake": 0.0,
            "steer": 0.0
        },
        {
            "throttle": 0.19385693974453472,
            "brake": 0.0,
            "steer": 0.0
        },
        {
            "throttle": 0.19715777747205546,
            "brake": 0.0,
            "steer": 0.0
        },
        {
            "throttle": 0.200968896189965,
            "brake": 0.0,
            "steer": 0.0
        },
        {
            "throttle": 0.2052381097196228,
            "brake": 0.0,
            "steer": 0.0
        },
        {
            "throttle": 0.209906959126421,
            "brake": 0.0,
            "steer": 0.0
        },
        {
            "throttle": 0.21491151320610608,
            "brake": 0.0,
            "steer": 0.0
        },
        {
            "throttle": 0.22018324390365027,
            "brake": 0.0,
            "steer": 0.0
        },
        {
            "throttle": 0.2256499646774394,
            "brake": 0.0,
            "steer": 0.0
        },
        {
            "throttle": 0.23123681895962683,
            "brake": 0.0,
            "steer": 0.0
        },
        {
            "throttle": 0.2368673051775277,
            "brake": 0.0,
            "steer": 0.0
        },
        {
            "throttle": 0.24246432430029327,
            "brake": 0.0,
            "steer": 0.0
        },
        {
            "throttle": 0.247951235566663,
            "brake": 0.0,
            "steer": 0.0
        },
        {
            "throttle": 0.2532529059375673,
            "brake": 0.0,
            "steer": 0.0
        },
        {
            "throttle": 0.25829673890328075,
            "brake": 0.0,
            "steer": 0.0
        },
        {
            "throttle": 0.2630136685575265,
            "brake": 0.0,
            "steer": 0.0
        },
        {
            "throttle": 0.2673391053265358,
            "brake": 0.0,
            "steer": 0.0
        },
        {
            "throttle": 0.27121382040306513,
            "brake": 0.0,
            "steer": 0.0
        },
        {
            "throttle": 0.27458475677469063,
            "brake": 0.0,
            "steer": 0.0
        },
        {
            "throttle": 0.2774057557408583,
            "brake": 0.0,
            "steer": 0.0
        },
        {
            "throttle": 0.2796381889703904,
            "brake": 0.0,
            "steer": 0.0
        },
        {
            "throttle": 0.2812514874445965,
            "brake": 0.0,
            "steer": 0.0
        },
        {
            "throttle": 0.2822235600430978,
            "brake": 0.0,
            "steer": 0.0
        },
        {
            "throttle": 0.2825410960406107,
            "brake": 0.0,
            "steer": 0.0
        },
        {
            "throttle": 0.2821997473725595,
            "brake": 0.0,
            "steer": 0.0
        },
        {
            "throttle": 0.2812041881737294,
            "brake": 0.0,
            "steer": 0.0
        },
        {
            "throttle": 0.2795680507746886,
            "brake": 0.0,
            "steer": 0.0
        },
        {
            "throttle": 0.27731373903239015,
            "brake": 0.0,
            "steer": 0.0
        },
        {
            "throttle": 0.27447212155104256,
            "brake": 0.0,
            "steer": 0.0
        },
        {
            "throttle": 0.2710821089940194,
            "brake": 0.0,
            "steer": 0.0
        },
        {
            "throttle": 0.2671901212747344,
            "brake": 0.0,
            "steer": 0.0
        },
        {
            "throttle": 0.2628494519223109,
            "brake": 0.0,
            "steer": 0.0
        },
        {
            "throttle": 0.25811953832587564,
            "brake": 0.0,
            "steer": 0.0
        },
        {
            "throttle": 0.2530651478501234,
            "brake": 0.0,
            "steer": 0.0
        },
        {
            "throttle": 0.24775549096678445,
            "brake": 0.0,
            "steer": 0.0
        },
        {
            "throttle": 0.24226327354600963,
            "brake": 0.0,
            "steer": 0.0
        },
        {
            "throttle": 0.2366637012847787,
            "brake": 0.0,
            "steer": 0.0
        },
        {
            "throttle": 0.23103344990483238,
            "brake": 0.0,
            "steer": 0.0
        },
        {
            "throttle": 0.22544961522135065,
            "brake": 0.0,
            "steer": 0.0
        },
        {
            "throttle": 0.2199886574592333,
            "brake": 0.0,
            "steer": 0.0
        },
        {
            "throttle": 0.21472535427260664,
            "brake": 0.0,
            "steer": 0.0
        },
        {
            "throttle": 0.20973177680400576,
            "brake": 0.0,
            "steer": 0.0
        },
        {
            "throttle": 0.2050763028041963,
            "brake": 0.0,
            "steer": 0.0
        },
        {
            "throttle": 0.20082268032612366,
            "brake": 0.0,
            "steer": 0.0
        },
        {
            "throttle": 0.19702915481395805,
            "brake": 0.0,
            "steer": 0.0
        },
        {
            "throttle": 0.19374767154012693,
            "brake": 0.0,
            "steer": 0.0
        },
        {
            "throttle": 0.1910231643114753,
            "brake": 0.0,
            "steer": 0.0
        },
        {
            "throttle": 0.18889294018439945,
            "brake": 0.0,
            "steer": 0.0
        },
        {
            "throttle": 0.18738616861413504,
            "brake": 0.0,
            "steer": 0.0
        },
        {
            "throttle": 0.18652348203334984,
            "brake": 0.0,
            "steer": 0.0
        },
        {
            "throttle": 0.18631669332937378,
            "brake": 0.0,
            "steer": 0.0
        },
        {
            "throttle": 0.18676863408868985,
            "brake": 0.0,
            "steer": 0.0
        },
        {
            "throttle": 0.18787311582362642,
            "brake": 0.0,
            "steer": 0.0
        },
        {
            "throttle": 0.1896150147121799,
            "brake": 0.0,
            "steer": 0.0
        },
        {
            "throttle": 0.19197047869061248,
            "brake": 0.0,
            "steer": 0.0
        },
        {
            "throttle": 0.1949072540630783,
            "brake": 0.0,
            "steer": 0.0
        },
        {
            "throttle": 0.19838512715596646,
            "brake": 0.0,
            "steer": 0.0
        },
        {
            "throttle": 0.20235647496932646,
            "brake": 0.0,
            "steer": 0.0
        },
        {
            "throttle": 0.2067669172852296,
            "brake": 0.0,
            "steer": 0.0
        },
        {
            "throttle": 0.21155606130365645,
            "brake": 0.0,
            "steer": 0.0
        },
        {
            "throttle": 0.21665832860950635,
            "brake": 0.0,
            "steer": 0.0
        },
        {
            "throttle": 0.22200385314695592,
            "brake": 0.0,
            "steer": 0.0
        },
        {
            "throttle": 0.22751943790507836,
            "brake": 0.0,
            "steer": 0.0
        },
        {
            "throttle": 0.23312955721469375,
            "brake": 0.0,
            "steer": 0.0
        },
        {
            "throttle": 0.23875739093186096,
            "brake": 0.0,
            "steer": 0.0
        },
        {
            "throttle": 0.24432587634679273,
            "brake": 0.0,
            "steer": 0.0
        },
        {
            "throttle": 0.24975876341425815,
            "brake": 0.0,
            "steer": 0.0
        },
        {
            "throttle": 0.25498165885605684,
            "brake": 0.0,
            "steer": 0.0
        },
        {
            "throttle": 0.2599230448385233,
            "brake": 0.0,
            "steer": 0.0
        },
        {
            "throttle": 0.2645152582761701,
            "brake": 0.0,
            "steer": 0.0
        },
        {
            "throttle": 0.2686954173517277,
            "brake": 0.0,
            "steer": 0.0
        },
        {
            "throttle": 0.27240628256561344,
            "brake": 0.0,
            "steer": 0.0
        },
        {
            "throttle": 0.2755970405243604,
            "brake": 0.0,
            "steer": 0.0
        },
        {
            "throttle": 0.2782239997354806,
            "brake": 0.0,
            "steer": 0.0
        },
        {
            "throttle": 0.28025118888114864,
            "brake": 0.0,
            "steer": 0.0
        },
        {
            "throttle": 0.28165084937845886,
            "brake": 0.0,
            "steer": 0.0
        },
        {
            "throttle": 0.282403815481562,
            "brake": 0.0,
            "steer": 0.0
        },
        {
            "throttle": 0.2824997767208886,
            "brake": 0.0,
            "steer": 0.0
        },
        {
            "throttle": 0.28193741908584263,
            "brake": 0.0,
            "steer": 0.0
        },
        {
            "throttle": 0.2807244430177314,
            "brake": 0.0,
            "steer": 0.0
        },
        {
            "throttle": 0.2788774579665517,
            "brake": 0.0,
            "steer": 0.0
        },
        {
            "throttle": 0.27642175495548116,
            "brake": 0.0,
            "steer": 0.0
        },
        {
            "throttle": 0.2733909602673804,
            "brake": 0.0,
            "steer": 0.0
        },
        {
            "throttle": 0.2698265749954252,
            "brake": 0.0,
            "steer": 0.0
        },
        {
            "throttle": 0.2657774067628658,
            "brake": 0.0,
            "steer": 0.0
        },
        {
            "throttle": 0.2612989013934539,
            "brake": 0.0,
            "steer": 0.0
        },
        {
            "throttle": 0.25645238368406675,
            "brake": 0.0,
            "steer": 0.0
        },
        {
            "throttle": 0.2513042176757346,
            "brake": 0.0,
            "steer": 0.0
        },
        {
            "throttle": 0.24592489792159716,
            "brake": 0.0,
            "steer": 0.0
        },
        {
            "throttle": 0.2403880841951837,
            "brake": 0.0,
            "steer": 0.0
        },
        {
            "throttle": 0.2347695928568893,
            "brake": 0.0,
            "steer": 0.0
        },
        {
            "throttle": 0.22914635869000816,
            "brake": 0.0,
            "steer": 0.0
        },
        {
            "throttle": 0.22359538142204577,
            "brake": 0.0,
            "steer": 0.0
        },
        {
            "throttle": 0.21819267135674159,
            "brake": 0.0,
            "steer": 0.0
        },
        {
            "throttle": 0.21301220855440856,
            "brake": 0.0,
            "steer": 0.0
        },
        {
            "throttle": 0.20812492981267852,
            "brake": 0.0,
            "steer": 0.0
        },
        {
            "throttle": 0.20359775731906649,
            "brake": 0.0,
            "steer": 0.0
        },
        {
            "throttle": 0.19949268227614975,
            "brake": 0.0,
            "steer": 0.0
        },
        {
            "throttle": 0.19586591604740952,
            "brake": 0.0,
            "steer": 0.0
        },
        {
            "throttle": 0.19276712044721306,
            "brake": 0.0,
            "steer": 0.0
        }
    ],
    "parameters": {
        "fog_density": 75.75875253437488,
        "precipitation": 79.24656023193126,
        "precipitation_deposits": 23.465929598030854,
        "wind_intensity": 21.516789248200958,
        "sun_altitude_angle": 75.98051622414069,
        "cloudiness": 95.58862799969019,
        "lead_base_throttle": 0.23442322753040223,
        "lead_behavior_frequency": 0.1863458556482695,
        "lead_throttle_variation": 0.05061549573925004,
        "lead_brake_probability": 0.007734478244172105,
        "lead_brake_intensity": 0.7753546948326544,
        "lead_brake_duration": 8.305528034788132,
        "initial_distance": 65.67224256082909,
        "initial_ego_velocity": 19.9424395707467,
        "initial_lead_velocity": 12.425089250621205
    },
    "config": {
        "num_timesteps": 200,
        "dt": 0.1,
        "seed": 99
    }
}