{
    "weather": {
        "cloudiness": 88.45147588990979,
        "precipitation": 41.177751974749754,
        "precipitation_deposits": 93.0336244280675,
        "wind_intensity": 46.27894308956051,
        "sun_altitude_angle": 84.2208672544797,
        "fog_density": 76.27075192515768,
        "fog_distance": 78.6806206268276,
        "wetness": 20.588875987374877
    },
    "initial_conditions": {
        "ego": {
            "position": {
                "x": 517.2690664986477,
                "y": 20.57,
                "z": 0.294
            },
            "yaw": 0.0,
            "velocity": 10.824456476534944
        },
        "lead": {
            "position": {
                "x": 484.88,
                "y": 20.57,
                "z": 0.294
            },
            "yaw": 0.0,
            "velocity": 14.446926301235104
        }
    },
    "ego": {
        "position": {
            "x": 517.2690664986477,
            "y": 20.57,
            "z": 0.294
        },
        "yaw": 0.0,
        "velocity": 10.824456476534944
    },
    "lead": {
        "position": {
            "x": 484.88,
            "y": 20.57,
            "z": 0.294
        },
        "yaw": 0.0,
        "velocity": 14.446926301235104
    },
    "ado_actions": [
        {
            "throttle": 0.21301625500096344,
            "brake": 0.0,
            "steer": 0.0
        },
        {
            "throttle": 0.21457433650564475,
            "brake": 0.0,
            "steer": 0.0
        },
        {
            "throttle": 0.21719245165303996,
            "brake": 0.0,
            "steer": 0.0
        },
        {
            "throttle": 0.22049194541895073,
            "brake": 0.0,
            "steer": 0.0
        },
        {
            "throttle": 0.22417892971522083,
            "brake": 0.0,
            "steer": 0.0
        },
        {
            "throttle": 0.22802061189114145,
            "brake": 0.0,
            "steer": 0.0
        },
        {
            "throttle": 0.23182925675288435,
            "brake": 0.0,
            "steer": 0.0
        },
        {
            "throttle": 0.23545144702381754,
            "brake": 0.0,
            "steer": 0.0
        },
        {
            "throttle": 0.23876099811901164,
            "brake": 0.0,
            "steer": 0.0
        },
        {
            "throttle": 0.2416543678455917,
            "brake": 0.0,
            "steer": 0.0
        },
        {
            "throttle": 0.24404774219751957,
            "brake": 0.0,
            "steer": 0.0
        },
        {
            "throttle": 0.24587521818601255,
            "brake": 0.0,
            "steer": 0.0
        },
        {
            "throttle": 0.2470876739859154,
            "brake": 0.0,
            "steer": 0.0
        },
        {
            "throttle": 0.24765203680005565,
            "brake": 0.0,
            "steer": 0.0
        },
        {
            "throttle": 0.2475507445680632,
            "brake": 0.0,
            "steer": 0.0
        },
        {
            "throttle": 0.24678125931520506,
            "brake": 0.0,
            "steer": 0.0
        },
        {
            "throttle": 0.2453555347571218,
            "brake": 0.0,
            "steer": 0.0
        },
        {
            "throttle": 0.24329937376014177,
            "brake": 0.0,
            "steer": 0.0
        },
        {
            "throttle": 0.24065163588098493,
            "brake": 0.0,
            "steer": 0.0
        },
        {
            "throttle": 0.23746327387780036,
            "brake": 0.0,
            "steer": 0.0
        },
        {
            "throttle": 0.23379619245102945,
            "brake": 0.0,
            "steer": 0.0
        },
        {
            "throttle": 0.22972193367012075,
            "brake": 0.0,
            "steer": 0.0
        },
        {
            "throttle": 0.22532020234101327,
            "brake": 0.0,
            "steer": 0.0
        },
        {
            "throttle": 0.22067725148993292,
            "brake": 0.0,
            "steer": 0.0
        },
        {
            "throttle": 0.21588415353071322,
            "brake": 0.0,
            "steer": 0.0
        },
        {
            "throttle": 0.21103498677931154,
            "brake": 0.0,
            "steer": 0.0
        },
        {
            "throttle": 0.20622496993773967,
            "brake": 0.0,
            "steer": 0.0
        },
        {
            "throttle": 0.2015485790985791,
            "brake": 0.0,
            "steer": 0.0
        },
        {
            "throttle": 0.1970976827992218,
            "brake": 0.0,
            "steer": 0.0
        },
        {
            "throttle": 0.19295973074431125,
            "brake": 0.0,
            "steer": 0.0
        },
        {
            "throttle": 0.18921603107089893,
            "brake": 0.0,
            "steer": 0.0
        },
        {
            "throttle": 0.185940149508169,
            "brake": 0.0,
            "steer": 0.0
        },
        {
            "throttle": 0.18319646154012376,
            "brake": 0.0,
            "steer": 0.0
        },
        {
            "throttle": 0.18103888577904317,
            "brake": 0.0,
            "steer": 0.0
        },
        {
            "throttle": 0.17950982327055193,
            "brake": 0.0,
            "steer": 0.0
        },
        {
            "throttle": 0.17863932345587857,
            "brake": 0.0,
            "steer": 0.0
        },
        {
            "throttle": 0.17844449309861715,
            "brake": 0.0,
            "steer": 0.0
        },
        {
            "throttle": 0.1789291597335414,
            "brake": 0.0,
            "steer": 0.0
        },
        {
            "throttle": 0.18008379621042214,
            "brake": 0.0,
            "steer": 0.0
        },
        {
            "throttle": 0.18188570778663643,
            "brake": 0.0,
            "steer": 0.0
        },
        {
            "throttle": 0.18429947807085487,
            "brake": 0.0,
            "steer": 0.0
        },
        {
            "throttle": 0.18727766503863674,
            "brake": 0.0,
            "steer": 0.0
        },
        {
            "throttle": 0.1907617334300108,
            "brake": 0.0,
            "steer": 0.0
        },
        {
            "throttle": 0.19468320519614737,
            "brake": 0.0,
            "steer": 0.0
        },
        {
            "throttle": 0.19896500537867587,
            "brake": 0.0,
            "steer": 0.0
        },
        {
            "throttle": 0.20352297696553479,
            "brake": 0.0,
            "steer": 0.0
        },
        {
            "throttle": 0.20826753494711436,
            "brake": 0.0,
            "steer": 0.0
        },
        {
            "throttle": 0.21310542706125446,
            "brake": 0.0,
            "steer": 0.0
        },
        {
            "throttle": 0.21794156661924352,
            "brake": 0.0,
            "steer": 0.0
        },
        {
            "throttle": 0.22268090138859842,
            "brake": 0.0,
            "steer": 0.0
        },
        {
            "throttle": 0.22723028179997257,
            "brake": 0.0,
            "steer": 0.0
        },
        {
            "throttle": 0.2315002917589976,
            "brake": 0.0,
            "steer": 0.0
        },
        {
            "throttle": 0.23540700607896908,
            "brake": 0.0,
            "steer": 0.0
        },
        {
            "throttle": 0.2388736399926062,
            "brake": 0.0,
            "steer": 0.0
        },
        {
            "throttle": 0.2418320583223153,
            "brake": 0.0,
            "steer": 0.0
        },
        {
            "throttle": 0.2442241146467775,
            "brake": 0.0,
            "steer": 0.0
        },
        {
            "throttle": 0.24600279414305926,
            "brake": 0.0,
            "steer": 0.0
        },
        {
            "throttle": 0.24713313764213615,
            "brake": 0.0,
            "steer": 0.0
        },
        {
            "throttle": 0.24759292873588934,
            "brake": 0.0,
            "steer": 0.0
        },
        {
            "throttle": 0.24737313043076387,
            "brake": 0.0,
            "steer": 0.0
        },
        {
            "throttle": 0.24647806276583578,
            "brake": 0.0,
            "steer": 0.0
        },
        {
            "throttle": 0.24492531790427097,
            "brake": 0.0,
            "steer": 0.0
        },
        {
            "throttle": 0.24274541436700847,
            "brake": 0.0,
            "steer": 0.0
        },
        {
            "throttle": 0.23998119720454772,
            "brake": 0.0,
            "steer": 0.0
        },
        {
            "throttle": 0.23668699589619757,
            "brake": 0.0,
            "steer": 0.0
        },
        {
            "throttle": 0.2329275565279058,
            "brake": 0.0,
            "steer": 0.0
        },
        {
            "throttle": 0.2287767692362456,
            "brake": 0.0,
            "steer": 0.0
        },
        {
            "throttle": 0.22431621593008894,
            "brake": 0.0,
            "steer": 0.0
        },
        {
            "throttle": 0.2196335668338615,
            "brake": 0.0,
            "steer": 0.0
        },
        {
            "throttle": 0.21482085736761994,
            "brake": 0.0,
            "steer": 0.0
        },
        {
            "throttle": 0.20997267923111862,
            "brake": 0.0,
            "steer": 0.0
        },
        {
            "throttle": 0.20518432124531824,
            "brake": 0.0,
            "steer": 0.0
        },
        {
            "throttle": 0.20054989649228205,
            "brake": 0.0,
            "steer": 0.0
        },
        {
            "throttle": 0.19616049256370646,
            "brake": 0.0,
            "steer": 0.0
        },
        {
            "throttle": 0.192102381274142,
            "brake": 0.0,
            "steer": 0.0
        },
        {
            "throttle": 0.188455323026208,
            "brake": 0.0,
            "steer": 0.0
        },
        {
            "throttle": 0.1852909991547611,
            "brake": 0.0,
            "steer": 0.0
        },
        {
            "throttle": 0.18267160306160782,
            "brake": 0.0,
            "steer": 0.0
        },
        {
            "throttle": 0.1806486178313913,
            "brake": 0.0,
            "steer": 0.0
        },
        {
            "throttle": 0.17926180435407835,
            "brake": 0.0,
            "steer": 0.0
        },
        {
            "throttle": 0.17853841984205604,
            "brake": 0.0,
            "steer": 0.0
        },
        {
            "throttle": 0.1784926821015428,
            "brake": 0.0,
            "steer": 0.0
        },
        {
            "throttle": 0.1791254900878253,
            "brake": 0.0,
            "steer": 0.0
        },
        {
            "throttle": 0.18042440623668538,
            "brake": 0.0,
            "steer": 0.0
        },
        {
            "throttle": 0.18236390091928514,
            "brake": 0.0,
            "steer": 0.0
        },
        {
            "throttle": 0.18490585421585684,
            "brake": 0.0,
            "steer": 0.0
        },
        {
            "throttle": 0.18800030514605448,
            "brake": 0.0,
            "steer": 0.0
        },
        {
            "throttle": 0.1915864336301724,
            "brake": 0.0,
            "steer": 0.0
        },
        {
            "throttle": 0.19559375588121306,
            "brake": 0.0,
            "steer": 0.0
        },
        {
            "throttle": 0.19994350973289493,
            "brake": 0.0,
            "steer": 0.0
        },
        {
            "throttle": 0.20455020267558505,
            "brake": 0.0,
            "steer": 0.0
        },
        {
            "throttle": 0.20932329217418627,
            "brake": 0.0,
            "steer": 0.0
        },
        {
            "throttle": 0.21416896524206713,
            "brake": 0.0,
            "steer": 0.0
        },
        {
            "throttle": 0.21899198229428551,
            "brake": 0.0,
            "steer": 0.0
        },
        {
            "throttle": 0.2236975490399788,
            "brake": 0.0,
            "steer": 0.0
        },
        {
            "throttle": 0.22819317962269345,
            "brake": 0.0,
            "steer": 0.0
        },
        {
            "throttle": 0.23239051438944575,
            "brake": 0.0,
            "steer": 0.0
        },
        {
            "throttle": 0.23620705656105795,
            "brake": 0.0,
            "steer": 0.0
        },
        {
            "throttle": 0.23956779367027392,
            "brake": 0.0,
            "steer": 0.0
        },
        {
            "throttle": 0.2424066718989972,
            "brake": 0.0,
            "steer": 0.0
        },
        {
            "throttle": 0.2446678943371975,
            "brake": 0.0,
            "steer": 0.0
        },
        {
            "throttle": 0.24630701764677515,
            "brake": 0.0,
            "steer": 0.0
        },
        {
            "throttle": 0.24729182557593485,
            "brake": 0.0,
            "steer": 0.0
        },
        {
            "throttle": 0.24760296215552496,
            "brake": 0.0,
            "steer": 0.0
        },
        {
            "throttle": 0.24723431213214608,
            "brake": 0.0,
            "steer": 0.0
        },
        {
            "throttle": 0.24619312116078235,
            "brake": 0.0,
            "steer": 0.0
        },
        {
            "throttle": 0.24449985339462132,
            "brake": 0.0,
            "steer": 0.0
        },
        {
            "throttle": 0.24218778927107298,
            "brake": 0.0,
            "steer": 0.0
        },
        {
            "throttle": 0.2393023713993273,
            "brake": 0.0,
            "steer": 0.0
        },
        {
            "throttle": 0.2359003114057446,
            "brake": 0.0,
            "steer": 0.0
        },
        {
            "throttle": 0.2320484752916414,
            "brake": 0.0,
            "steer": 0.0
        },
        {
            "throttle": 0.22782256921127808,
            "brake": 0.0,
            "steer": 0.0
        },
        {
            "throttle": 0.22330565150050596,
            "brake": 0.0,
            "steer": 0.0
        },
        {
            "throttle": 0.218586500201501,
            "brake": 0.0,
            "steer": 0.0
        },
        {
            "throttle": 0.21375786816917106,
            "brake": 0.0,
            "steer": 0.0
        },
        {
            "throttle": 0.20891466005435716,
            "brake": 0.0,
            "steer": 0.0
        },
        {
            "throttle": 0.20415206699442687,
            "brake": 0.0,
            "steer": 0.0
        },
        {
            "throttle": 0.19956369567310023,
            "brake": 0.0,
            "steer": 0.0
        },
        {
            "throttle": 0.19523972852201907,
            "brake": 0.0,
            "steer": 0.0
        },
        {
            "throttle": 0.1912651512244937,
            "brake": 0.0,
            "steer": 0.0
        },
        {
            "throttle": 0.18771808235906495,
            "brake": 0.0,
            "steer": 0.0
        },
        {
            "throttle": 0.18466823801300739,
            "brake": 0.0,
            "steer": 0.0
        },
        {
            "throttle": 0.18217556154312353,
            "brake": 0.0,
            "steer": 0.0
        },
        {
            "throttle": 0.18028904541528157,
            "brake": 0.0,
            "steer": 0.0
        },
        {
            "throttle": 0.17904576827892507,
            "brake": 0.0,
            "steer": 0.0
        },
        {
            "throttle": 0.1784701662024342,
            "brake": 0.0,
            "steer": 0.0
        },
        {
            "throttle": 0.1785735523928885,
            "brake": 0.0,
            "steer": 0.0
        },
        {
            "throttle": 0.17935389483992956,
            "brake": 0.0,
            "steer": 0.0
        },
        {
            "throttle": 0.18079585625403577,
            "brake": 0.0,
            "steer": 0.0
        },
        {
            "throttle": 0.18287109551424044,
            "brake": 0.0,
            "steer": 0.0
        },
        {
            "throttle": 0.1855388247004696,
            "brake": 0.0,
            "steer": 0.0
        },
        {
            "throttle": 0.18874661076227287,
            "brake": 0.0,
            "steer": 0.0
        },
        {
            "throttle": 0.19243140606749898,
            "brake": 0.0,
            "steer": 0.0
        },
        {
            "throttle": 0.19652078757593244,
            "brake": 0.0,
            "steer": 0.0
        },
        {
            "throttle": 0.2009343802824755,
            "brake": 0.0,
            "steer": 0.0
        },
        {
            "throttle": 0.2055854369527222,
            "brake": 0.0,
            "steer": 0.0
        },
        {
            "throttle": 0.21038254310191234,
            "brake": 0.0,
            "steer": 0.0
        },
        {
            "throttle": 0.21523141370665053,
            "brake": 0.0,
            "steer": 0.0
        },
        {
            "throttle": 0.22003674633580614,
            "brake": 0.0,
            "steer": 0.0
        },
        {
            "throttle": 0.22470409427811783,
            "brake": 0.0,
            "steer": 0.0
        },
        {
            "throttle": 0.22914172285099782,
            "brake": 0.0,
            "steer": 0.0
        },
        {
            "throttle": 0.23326241240559908,
            "brake": 0.0,
            "steer": 0.0
        },
        {
            "throttle": 0.23698517259086876,
            "brake": 0.0,
            "steer": 0.0
        },
        {
            "throttle": 0.24023683418347763,
            "brake": 0.0,
            "steer": 0.0
        },
        {
            "throttle": 0.24295348719690502,
            "brake": 0.0,
            "steer": 0.0
        },
        {
            "throttle": 0.24508173700427327,
            "brake": 0.0,
            "steer": 0.0
        },
        {
            "throttle": 0.24657975378638752,
            "brake": 0.0,
            "steer": 0.0
        },
        {
            "throttle": 0.2474180946785382,
            "brake": 0.0,
            "steer": 0.0
        },
        {
            "throttle": 0.24758028245713015,
            "brake": 0.0,
            "steer": 0.0
        },
        {
            "throttle": 0.24706312939230635,
            "brake": 0.0,
            "steer": 0.0
        },
        {
            "throttle": 0.2458767999013841,
            "brake": 0.0,
            "steer": 0.0
        },
        {
            "throttle": 0.24404461077167808,
            "brake": 0.0,
            "steer": 0.0
        },
        {
            "throttle": 0.2416025728792429,
            "brake": 0.0,
            "steer": 0.0
        },
        {
            "throttle": 0.2385986834108532,
            "brake": 0.0,
            "steer": 0.0
        },
        {
            "throttle": 0.2350919825002889,
            "brake": 0.0,
            "steer": 0.0
        },
        {
            "throttle": 0.2311513928203262,
            "brake": 0.0,
            "steer": 0.0
        },
        {
            "throttle": 0.22685436493774697,
            "brake": 0.0,
            "steer": 0.0
        },
        {
            "throttle": 0.2222853550563206,
            "brake": 0.0,
            "steer": 0.0
        },
        {
            "throttle": 0.21753416506705536,
            "brake": 0.0,
            "steer": 0.0
        },
        {
            "throttle": 0.2126941775313043,
            "brake": 0.0,
            "steer": 0.0
        },
        {
            "throttle": 0.207860520287362,
            "brake": 0.0,
            "steer": 0.0
        },
        {
            "throttle": 0.203128196754406,
            "brake": 0.0,
            "steer": 0.0
        },
        {
            "throttle": 0.19859021868184168,
            "brake": 0.0,
            "steer": 0.0
        },
        {
            "throttle": 0.19433577804404553,
            "brake": 0.0,
            "steer": 0.0
        },
        {
            "throttle": 0.19044849401111594,
            "brake": 0.0,
            "steer": 0.0
        },
        {
            "throttle": 0.18700476945065497,
            "brake": 0.0,
            "steer": 0.0
        },
        {
            "throttle": 0.18407228926281965,
            "brake": 0.0,
            "steer": 0.0
        },
        {
            "throttle": 0.18170869006321072,
            "brake": 0.0,
            "steer": 0.0
        },
        {
            "throttle": 0.1799604273603998,
            "brake": 0.0,
            "steer": 0.0
        },
        {
            "throttle": 0.1788618624932252,
            "brake": 0.0,
            "steer": 0.0
        },
        {
            "throttle": 0.17843458727370476,
            "brake": 0.0,
            "steer": 0.0
        },
        {
            "throttle": 0.17868699960941362,
            "brake": 0.0,
            "steer": 0.0
        },
        {
            "throttle": 0.17961413844628346,
            "brake": 0.0,
            "steer": 0.0
        },
        {
            "throttle": 0.18119778127595057,
            "brake": 0.0,
            "steer": 0.0
        },
        {
            "throttle": 0.1834068022911884,
            "brake": 0.0,
            "steer": 0.0
        },
        {
            "throttle": 0.18619778415003585,
            "brake": 0.0,
            "steer": 0.0
        },
        {
            "throttle": 0.18951587132466557,
            "brake": 0.0,
            "steer": 0.0
        },
        {
            "throttle": 0.19329584826279284,
            "brake": 0.0,
            "steer": 0.0
        },
        {
            "throttle": 0.1974634211708342,
            "brake": 0.0,
            "steer": 0.0
        },
        {
            "throttle": 0.20193667822592887,
            "brake": 0.0,
            "steer": 0.0
        },
        {
            "throttle": 0.20662769951699367,
            "brake": 0.0,
            "steer": 0.0
        },
        {
            "throttle": 0.21144428507212437,
            "brake": 0.0,
            "steer": 0.0
        },
        {
            "throttle": 0.2162917670087209,
            "brake": 0.0,
            "steer": 0.0
        },
        {
            "throttle": 0.22107487018931773,
            "brake": 0.0,
            "steer": 0.0
        },
        {
            "throttle": 0.22569958481274305,
            "brake": 0.0,
            "steer": 0.0
        },
        {
            "throttle": 0.23007501413564652,
            "brake": 0.0,
            "steer": 0.0
        },
        {
            "throttle": 0.2341151610082372,
            "brake": 0.0,
            "steer": 0.0
        },
        {
            "throttle": 0.23774061811065256,
            "brake": 0.0,
            "steer": 0.0
        },
        {
            "throttle": 0.2408801286691024,
            "brake": 0.0,
            "steer": 0.0
        },
        {
            "throttle": 0.24347198697659422,
            "brake": 0.0,
            "steer": 0.0
        },
        {
            "throttle": 0.24546525119161783,
            "brake": 0.0,
            "steer": 0.0
        },
        {
            "throttle": 0.24682074457776135,
            "brake": 0.0,
            "steer": 0.0
        },
        {
            "throttle": 0.2475118255053317,
            "brake": 0.0,
            "steer": 0.0
        },
        {
            "throttle": 0.24752491108093494,
            "brake": 0.0,
            "steer": 0.0
        },
        {
            "throttle": 0.24685974411330538,
            "brake": 0.0,
            "steer": 0.0
        },
        {
            "throttle": 0.24552939816828762,
            "brake": 0.0,
            "steer": 0.0
        },
        {
            "throttle": 0.24356002061361737,
            "brake": 0.0,
            "steer": 0.0
        },
        {
            "throttle": 0.24099031870384385,
            "brake": 0.0,
            "steer": 0.0
        },
        {
            "throttle": 0.23787079880617001,
            "brake": 0.0,
            "steer": 0.0
        },
        {
            "throttle": 0.23426277371989349,
            "brake": 0.0,
            "steer": 0.0
        }
    ],
    "parameters": {
        "fog_density": 76.27075192515768,
        "precipitation": 41.177751974749754,
        "precipitation_deposits": 93.0336244280675,
        "wind_intensity": 46.27894308956051,
        "sun_altitude_angle": 84.2208672544797,
        "cloudiness": 88.45147588990979,
        "lead_base_throttle": 0.21301625500096347,
        "lead_behavior_frequency": 0.2233099774243923,
        "lead_throttle_variation": 0.037137001804330265,
        "lead_brake_probability": 0.04775193319902766,
        "lead_brake_intensity": 0.757765208432701,
        "lead_brake_duration": 14.503944809572845,
        "initial_distance": 32.38906649864775,
        "initial_ego_velocity": 10.824456476534944,
        "initial_lead_velocity": 14.446926301235104
    },
    "config": {
        "num_timesteps": 200,
        "dt": 0.1,
        "seed": 226
    }
}