{
    "weather": {
        "cloudiness": 57.06204216561319,
        "precipitation": 68.52706756994165,
        "precipitation_deposits": 95.34030188737552,
        "wind_intensity": 37.56320837108705,
        "sun_altitude_angle": 41.0235712881763,
        "fog_density": 34.51464443374604,
        "fog_distance": 316.4822415586378,
        "wetness": 34.263533784970825
    },
    "initial_conditions": {
        "ego": {
            "position": {
                "x": 532.9225072926283,
                "y": 20.57,
                "z": 0.294
            },
            "yaw": 0.0,
            "velocity": 9.774348006030209
        },
        "lead": {
            "position": {
                "x": 484.88,
                "y": 20.57,
                "z": 0.294
            },
            "yaw": 0.0,
            "velocity": 17.93516927369162
        }
    },
    "ego": {
        "position": {
            "x": 532.9225072926283,
            "y": 20.57,
            "z": 0.294
        },
        "yaw": 0.0,
        "velocity": 9.774348006030209
    },
    "lead": {
        "position": {
            "x": 484.88,
            "y": 20.57,
            "z": 0.294
        },
        "yaw": 0.0,
        "velocity": 17.93516927369162
    },
    "ado_actions": [
        {
            "throttle": 0.20807319381526238,
            "brake": 0.0,
            "steer": 0.0
        },
        {
            "throttle": 0.21048666116715864,
            "brake": 0.0,
            "steer": 0.0
        },
        {
            "throttle": 0.2145809384016722,
            "brake": 0.0,
            "steer": 0.0
        },
        {
            "throttle": 0.21983457879446128,
            "brake": 0.0,
            "steer": 0.0
        },
        {
            "throttle": 0.22587404456851046,
            "brake": 0.0,
            "steer": 0.0
        },
        {
            "throttle": 0.23242942607448974,
            "brake": 0.0,
            "steer": 0.0
        },
        {
            "throttle": 0.23930347532769086,
            "brake": 0.0,
            "steer": 0.0
        },
        {
            "throttle": 0.24634995915905605,
            "brake": 0.0,
            "steer": 0.0
        },
        {
            "throttle": 0.25345853555460507,
            "brake": 0.0,
            "steer": 0.0
        },
        {
            "throttle": 0.26054419558125325,
            "brake": 0.0,
            "steer": 0.0
        },
        {
            "throttle": 0.2675399004758976,
            "brake": 0.0,
            "steer": 0.0
        },
        {
            "throttle": 0.2743914545025371,
            "brake": 0.0,
            "steer": 0.0
        },
        {
            "throttle": 0.28105394190473476,
            "brake": 0.0,
            "steer": 0.0
        },
        {
            "throttle": 0.28748925768987493,
            "brake": 0.0,
            "steer": 0.0
        },
        {
            "throttle": 0.2936644029717643,
            "brake": 0.0,
            "steer": 0.0
        },
        {
            "throttle": 0.29955031429520607,
            "brake": 0.0,
            "steer": 0.0
        },
        {
            "throttle": 0.30512106545844925,
            "brake": 0.0,
            "steer": 0.0
        },
        {
            "throttle": 0.3103533287186107,
            "brake": 0.0,
            "steer": 0.0
        },
        {
            "throttle": 0.3152260161284775,
            "brake": 0.0,
            "steer": 0.0
        },
        {
            "throttle": 0.31972004546254784,
            "brake": 0.0,
            "steer": 0.0
        },
        {
            "throttle": 0.32381819179214666,
            "brake": 0.0,
            "steer": 0.0
        },
        {
            "throttle": 0.32750499739641936,
            "brake": 0.0,
            "steer": 0.0
        },
        {
            "throttle": 0.33076672084066444,
            "brake": 0.0,
            "steer": 0.0
        },
        {
            "throttle": 0.3335913117606778,
            "brake": 0.0,
            "steer": 0.0
        },
        {
            "throttle": 0.3359684018929432,
            "brake": 0.0,
            "steer": 0.0
        },
        {
            "throttle": 0.3378893056975552,
            "brake": 0.0,
            "steer": 0.0
        },
        {
            "throttle": 0.33934702589205346,
            "brake": 0.0,
            "steer": 0.0
        },
        {
            "throttle": 0.3403362606006913,
            "brake": 0.0,
            "steer": 0.0
        },
        {
            "throttle": 0.3408534098006097,
            "brake": 0.0,
            "steer": 0.0
        },
        {
            "throttle": 0.34089657943679846,
            "brake": 0.0,
            "steer": 0.0
        },
        {
            "throttle": 0.34046558206758104,
            "brake": 0.0,
            "steer": 0.0
        },
        {
            "throttle": 0.3395619332518178,
            "brake": 0.0,
            "steer": 0.0
        },
        {
            "throttle": 0.33818884314017816,
            "brake": 0.0,
            "steer": 0.0
        },
        {
            "throttle": 0.33635120291511883,
            "brake": 0.0,
            "steer": 0.0
        },
        {
            "throttle": 0.33405556585821555,
            "brake": 0.0,
            "steer": 0.0
        },
        {
            "throttle": 0.33131012292360795,
            "brake": 0.0,
            "steer": 0.0
        },
        {
            "throttle": 0.3281246727725858,
            "brake": 0.0,
            "steer": 0.0
        },
        {
            "throttle": 0.32451058628377627,
            "brake": 0.0,
            "steer": 0.0
        },
        {
            "throttle": 0.32048076560087735,
            "brake": 0.0,
            "steer": 0.0
        },
        {
            "throttle": 0.31604959781881675,
            "brake": 0.0,
            "steer": 0.0
        },
        {
            "throttle": 0.3112329034419609,
            "brake": 0.0,
            "steer": 0.0
        },
        {
            "throttle": 0.30604787977618747,
            "brake": 0.0,
            "steer": 0.0
        },
        {
            "throttle": 0.3005130394413873,
            "brake": 0.0,
            "steer": 0.0
        },
        {
            "throttle": 0.2946481442130509,
            "brake": 0.0,
            "steer": 0.0
        },
        {
            "throttle": 0.2884741344215363,
            "brake": 0.0,
            "steer": 0.0
        },
        {
            "throttle": 0.2820130541557639,
            "brake": 0.0,
            "steer": 0.0
        },
        {
            "throttle": 0.27528797253466375,
            "brake": 0.0,
            "steer": 0.0
        },
        {
            "throttle": 0.26832290132486114,
            "brake": 0.0,
            "steer": 0.0
        },
        {
            "throttle": 0.2611427091969161,
            "brake": 0.0,
            "steer": 0.0
        },
        {
            "throttle": 0.2537730329249835,
            "brake": 0.0,
            "steer": 0.0
        },
        {
            "throttle": 0.2462401858460577,
            "brake": 0.0,
            "steer": 0.0
        },
        {
            "throttle": 0.23857106390502042,
            "brake": 0.0,
            "steer": 0.0
        },
        {
            "throttle": 0.23079304962051686,
            "brake": 0.0,
            "steer": 0.0
        },
        {
            "throttle": 0.22293391431424248,
            "brake": 0.0,
            "steer": 0.0
        },
        {
            "throttle": 0.21502171895251374,
            "brake": 0.0,
            "steer": 0.0
        },
        {
            "throttle": 0.20708471395401734,
            "brake": 0.0,
            "steer": 0.0
        },
        {
            "throttle": 0.19915123832136727,
            "brake": 0.0,
            "steer": 0.0
        },
        {
            "throttle": 0.19124961845654606,
            "brake": 0.0,
            "steer": 0.0
        },
        {
            "throttle": 0.18340806702145723,
            "brake": 0.0,
            "steer": 0.0
        },
        {
            "throttle": 0.1756545822046698,
            "brake": 0.0,
            "steer": 0.0
        },
        {
            "throttle": 0.16801684775399742,
            "brake": 0.0,
            "steer": 0.0
        },
        {
            "throttle": 0.16052213413182628,
            "brake": 0.0,
            "steer": 0.0
        },
        {
            "throttle": 0.15319720114610447,
            "brake": 0.0,
            "steer": 0.0
        },
        {
            "throttle": 0.14606820240463825,
            "brake": 0.0,
            "steer": 0.0
        },
        {
            "throttle": 0.13916059193383506,
            "brake": 0.0,
            "steer": 0.0
        },
        {
            "throttle": 0.1324990332953055,
            "brake": 0.0,
            "steer": 0.0
        },
        {
            "throttle": 0.1261073115248196,
            "brake": 0.0,
            "steer": 0.0
        },
        {
            "throttle": 0.12000824820803707,
            "brake": 0.0,
            "steer": 0.0
        },
        {
            "throttle": 0.11422361999623067,
            "brake": 0.0,
            "steer": 0.0
        },
        {
            "throttle": 0.10877408085294099,
            "brake": 0.0,
            "steer": 0.0
        },
        {
            "throttle": 0.10367908830917945,
            "brake": 0.0,
            "steer": 0.0
        },
        {
            "throttle": 0.09895683399048427,
            "brake": 0.0,
            "steer": 0.0
        },
        {
            "throttle": 0.09462417866388134,
            "brake": 0.0,
            "steer": 0.0
        },
        {
            "throttle": 0.09069659203666422,
            "brake": 0.0,
            "steer": 0.0
        },
        {
            "throttle": 0.08718809752194095,
            "brake": 0.0,
            "steer": 0.0
        },
        {
            "throttle": 0.08411122216816165,
            "brake": 0.0,
            "steer": 0.0
        },
        {
            "throttle": 0.08147695193140295,
            "brake": 0.0,
            "steer": 0.0
        },
        {
            "throttle": 0.07929469245010927,
            "brake": 0.0,
            "steer": 0.0
        },
        {
            "throttle": 0.07757223546234426,
            "brake": 0.0,
            "steer": 0.0
        },
        {
            "throttle": 0.0763157309854591,
            "brake": 0.0,
            "steer": 0.0
        },
        {
            "throttle": 0.07552966535751017,
            "brake": 0.0,
            "steer": 0.0
        },
        {
            "throttle": 0.0752168452188289,
            "brake": 0.0,
            "steer": 0.0
        },
        {
            "throttle": 0.07537838749093735,
            "brake": 0.0,
            "steer": 0.0
        },
        {
            "throttle": 0.07601371538858982,
            "brake": 0.0,
            "steer": 0.0
        },
        {
            "throttle": 0.0771205604791794,
            "brake": 0.0,
            "steer": 0.0
        },
        {
            "throttle": 0.0786949707821564,
            "brake": 0.0,
            "steer": 0.0
        },
        {
            "throttle": 0.08073132487953973,
            "brake": 0.0,
            "steer": 0.0
        },
        {
            "throttle": 0.08322235198713981,
            "brake": 0.0,
            "steer": 0.0
        },
        {
            "throttle": 0.08615915791482881,
            "brake": 0.0,
            "steer": 0.0
        },
        {
            "throttle": 0.08953125682316736,
            "brake": 0.0,
            "steer": 0.0
        },
        {
            "throttle": 0.09332660866300103,
            "brake": 0.0,
            "steer": 0.0
        },
        {
            "throttle": 0.09753166216434869,
            "brake": 0.0,
            "steer": 0.0
        },
        {
            "throttle": 0.10213140322109142,
            "brake": 0.0,
            "steer": 0.0
        },
        {
            "throttle": 0.1071094084987049,
            "brake": 0.0,
            "steer": 0.0
        },
        {
            "throttle": 0.11244790407362913,
            "brake": 0.0,
            "steer": 0.0
        },
        {
            "throttle": 0.11812782889490447,
            "brake": 0.0,
            "steer": 0.0
        },
        {
            "throttle": 0.1241289028414845,
            "brake": 0.0,
            "steer": 0.0
        },
        {
            "throttle": 0.13042969913222785,
            "brake": 0.0,
            "steer": 0.0
        },
        {
            "throttle": 0.13700772083002954,
            "brake": 0.0,
            "steer": 0.0
        },
        {
            "throttle": 0.14383948116693485,
            "brake": 0.0,
            "steer": 0.0
        },
        {
            "throttle": 0.15090058740343545,
            "brake": 0.0,
            "steer": 0.0
        },
        {
            "throttle": 0.15816582792252865,
            "brake": 0.0,
            "steer": 0.0
        },
        {
            "throttle": 0.16560926224757175,
            "brake": 0.0,
            "steer": 0.0
        },
        {
            "throttle": 0.17320431366252312,
            "brake": 0.0,
            "steer": 0.0
        },
        {
            "throttle": 0.1809238641038704,
            "brake": 0.0,
            "steer": 0.0
        },
        {
            "throttle": 0.18874035098543493,
            "brake": 0.0,
            "steer": 0.0
        },
        {
            "throttle": 0.19662586561034062,
            "brake": 0.0,
            "steer": 0.0
        },
        {
            "throttle": 0.20455225281876796,
            "brake": 0.0,
            "steer": 0.0
        },
        {
            "throttle": 0.21249121151570138,
            "brake": 0.0,
            "steer": 0.0
        },
        {
            "throttle": 0.22041439571973753,
            "brake": 0.0,
            "steer": 0.0
        },
        {
            "throttle": 0.22829351577215967,
            "brake": 0.0,
            "steer": 0.0
        },
        {
            "throttle": 0.23610043934491232,
            "brake": 0.0,
            "steer": 0.0
        },
        {
            "throttle": 0.24380729188682843,
            "brake": 0.0,
            "steer": 0.0
        },
        {
            "throttle": 0.25138655614946637,
            "brake": 0.0,
            "steer": 0.0
        },
        {
            "throttle": 0.25881117043720064,
            "brake": 0.0,
            "steer": 0.0
        },
        {
            "throttle": 0.2660546252307654,
            "brake": 0.0,
            "steer": 0.0
        },
        {
            "throttle": 0.27309105783925713,
            "brake": 0.0,
            "steer": 0.0
        },
        {
            "throttle": 0.27989534474264244,
            "brake": 0.0,
            "steer": 0.0
        },
        {
            "throttle": 0.286443191295063,
            "brake": 0.0,
            "steer": 0.0
        },
        {
            "throttle": 0.29271121846865233,
            "brake": 0.0,
            "steer": 0.0
        },
        {
            "throttle": 0.2986770463281467,
            "brake": 0.0,
            "steer": 0.0
        },
        {
            "throttle": 0.30431937393824504,
            "brake": 0.0,
            "steer": 0.0
        },
        {
            "throttle": 0.309618055418409,
            "brake": 0.0,
            "steer": 0.0
        },
        {
            "throttle": 0.3145541718735501,
            "brake": 0.0,
            "steer": 0.0
        },
        {
            "throttle": 0.31911009894377645,
            "brake": 0.0,
            "steer": 0.0
        },
        {
            "throttle": 0.32326956973201276,
            "brake": 0.0,
            "steer": 0.0
        },
        {
            "throttle": 0.32701773288481184,
            "brake": 0.0,
            "steer": 0.0
        },
        {
            "throttle": 0.3303412056189797,
            "brake": 0.0,
            "steer": 0.0
        },
        {
            "throttle": 0.3332281215046844,
            "brake": 0.0,
            "steer": 0.0
        },
        {
            "throttle": 0.33566817283443756,
            "brake": 0.0,
            "steer": 0.0
        },
        {
            "throttle": 0.3376526474266728,
            "brake": 0.0,
            "steer": 0.0
        },
        {
            "throttle": 0.33917445973251203,
            "brake": 0.0,
            "steer": 0.0
        },
        {
            "throttle": 0.34022817613465534,
            "brake": 0.0,
            "steer": 0.0
        },
        {
            "throttle": 0.34081003434806245,
            "brake": 0.0,
            "steer": 0.0
        },
        {
            "throttle": 0.3409179568531586,
            "brake": 0.0,
            "steer": 0.0
        },
        {
            "throttle": 0.3405515583135995,
            "brake": 0.0,
            "steer": 0.0
        },
        {
            "throttle": 0.33971214695211105,
            "brake": 0.0,
            "steer": 0.0
        },
        {
            "throttle": 0.3384027198794922,
            "brake": 0.0,
            "steer": 0.0
        },
        {
            "throttle": 0.3366279523934572,
            "brake": 0.0,
            "steer": 0.0
        },
        {
            "throttle": 0.3343941812855269,
            "brake": 0.0,
            "steer": 0.0
        },
        {
            "throttle": 0.3317093822155707,
            "brake": 0.0,
            "steer": 0.0
        },
        {
            "throttle": 0.32858314123478427,
            "brake": 0.0,
            "steer": 0.0
        },
        {
            "throttle": 0.32502662055877884,
            "brake": 0.0,
            "steer": 0.0
        },
        {
            "throttle": 0.3210525187129897,
            "brake": 0.0,
            "steer": 0.0
        },
        {
            "throttle": 0.316675025192704,
            "brake": 0.0,
            "steer": 0.0
        },
        {
            "throttle": 0.3119097697995944,
            "brake": 0.0,
            "steer": 0.0
        },
        {
            "throttle": 0.3067737668356508,
            "brake": 0.0,
            "steer": 0.0
        },
        {
            "throttle": 0.3012853543537666,
            "brake": 0.0,
            "steer": 0.0
        },
        {
            "throttle": 0.29546412868188415,
            "brake": 0.0,
            "steer": 0.0
        },
        {
            "throttle": 0.2893308744544799,
            "brake": 0.0,
            "steer": 0.0
        },
        {
            "throttle": 0.28290749040121216,
            "brake": 0.0,
            "steer": 0.0
        },
        {
            "throttle": 0.27621691115770153,
            "brake": 0.0,
            "steer": 0.0
        },
        {
            "throttle": 0.26928302537761817,
            "brake": 0.0,
            "steer": 0.0
        },
        {
            "throttle": 0.2621305904384569,
            "brake": 0.0,
            "steer": 0.0
        },
        {
            "throttle": 0.25478514404554087,
            "brake": 0.0,
            "steer": 0.0
        },
        {
            "throttle": 0.2472729130498716,
            "brake": 0.0,
            "steer": 0.0
        },
        {
            "throttle": 0.23962071980539126,
            "brake": 0.0,
            "steer": 0.0
        },
        {
            "throttle": 0.23185588640000632,
            "brake": 0.0,
            "steer": 0.0
        },
        {
            "throttle": 0.22400613710231557,
            "brake": 0.0,
            "steer": 0.0
        },
        {
            "throttle": 0.21609949937235595,
            "brake": 0.0,
            "steer": 0.0
        },
        {
            "throttle": 0.20816420378980588,
            "brake": 0.0,
            "steer": 0.0
        },
        {
            "throttle": 0.20022858325695128,
            "brake": 0.0,
            "steer": 0.0
        },
        {
            "throttle": 0.19232097183631036,
            "brake": 0.0,
            "steer": 0.0
        },
        {
            "throttle": 0.18446960358411538,
            "brake": 0.0,
            "steer": 0.0
        },
        {
            "throttle": 0.17670251174086582,
            "brake": 0.0,
            "steer": 0.0
        },
        {
            "throttle": 0.16904742863889302,
            "brake": 0.0,
            "steer": 0.0
        },
        {
            "throttle": 0.16153168668431384,
            "brake": 0.0,
            "steer": 0.0
        },
        {
            "throttle": 0.1541821207669179,
            "brake": 0.0,
            "steer": 0.0
        },
        {
            "throttle": 0.14702497244643234,
            "brake": 0.0,
            "steer": 0.0
        },
        {
            "throttle": 0.14008579625726636,
            "brake": 0.0,
            "steer": 0.0
        },
        {
            "throttle": 0.1333893684662733,
            "brake": 0.0,
            "steer": 0.0
        },
        {
            "throttle": 0.12695959860931028,
            "brake": 0.0,
            "steer": 0.0
        },
        {
            "throttle": 0.12081944412245302,
            "brake": 0.0,
            "steer": 0.0
        },
        {
            "throttle": 0.11499082837267481,
            "brake": 0.0,
            "steer": 0.0
        },
        {
            "throttle": 0.10949456238065956,
            "brake": 0.0,
            "steer": 0.0
        },
        {
            "throttle": 0.10435027051523761,
            "brake": 0.0,
            "steer": 0.0
        },
        {
            "throttle": 0.0995763204247514,
            "brake": 0.0,
            "steer": 0.0
        },
        {
            "throttle": 0.09518975745553053,
            "brake": 0.0,
            "steer": 0.0
        },
        {
            "throttle": 0.09120624379163428,
            "brake": 0.0,
            "steer": 0.0
        },
        {
            "throttle": 0.08764000253316269,
            "brake": 0.0,
            "steer": 0.0
        },
        {
            "throttle": 0.08450376691280427,
            "brake": 0.0,
            "steer": 0.0
        },
        {
            "throttle": 0.08180873483194194,
            "brake": 0.0,
            "steer": 0.0
        },
        {
            "throttle": 0.07956452887864572,
            "brake": 0.0,
            "steer": 0.0
        },
        {
            "throttle": 0.07777916197030767,
            "brake": 0.0,
            "steer": 0.0
        },
        {
            "throttle": 0.07645900874359159,
            "brake": 0.0,
            "steer": 0.0
        },
        {
            "throttle": 0.07560878279384953,
            "brake": 0.0,
            "steer": 0.0
        },
        {
            "throttle": 0.07523151984527154,
            "brake": 0.0,
            "steer": 0.0
        },
        {
            "throttle": 0.07532856691185945,
            "brake": 0.0,
            "steer": 0.0
        },
        {
            "throttle": 0.07589957748792531,
            "brake": 0.0,
            "steer": 0.0
        },
        {
            "throttle": 0.07694251278528691,
            "brake": 0.0,
            "steer": 0.0
        },
        {
            "throttle": 0.07845364901274286,
            "brake": 0.0,
            "steer": 0.0
        },
        {
            "throttle": 0.08042759067183591,
            "brake": 0.0,
            "steer": 0.0
        },
        {
            "throttle": 0.08285728982143227,
            "brake": 0.0,
            "steer": 0.0
        },
        {
            "throttle": 0.08573407124233258,
            "brake": 0.0,
            "steer": 0.0
        },
        {
            "throttle": 0.08904766341206502,
            "brake": 0.0,
            "steer": 0.0
        },
        {
            "throttle": 0.09278623517926489,
            "brake": 0.0,
            "steer": 0.0
        },
        {
            "throttle": 0.09693643800669535,
            "brake": 0.0,
            "steer": 0.0
        },
        {
            "throttle": 0.10148345363208072,
            "brake": 0.0,
            "steer": 0.0
        },
        {
            "throttle": 0.1064110469765803,
            "brake": 0.0,
            "steer": 0.0
        },
        {
            "throttle": 0.11170162411199283,
            "brake": 0.0,
            "steer": 0.0
        }
    ],
    "parameters": {
        "fog_density": 34.51464443374604,
        "precipitation": 68.52706756994165,
        "precipitation_deposits": 95.34030188737552,
        "wind_intensity": 37.56320837108705,
        "sun_altitude_angle": 41.0235712881763,
        "cloudiness": 57.06204216561319,
        "lead_base_throttle": 0.20807319381526238,
        "lead_behavior_frequency": 0.0951149405235243,
        "lead_throttle_variation": 0.13469457770514923,
        "lead_brake_probability": 0.0012076355007214266,
        "lead_brake_intensity": 0.6380182856105904,
        "lead_brake_duration": 18.4197734477034,
        "initial_distance": 48.04250729262832,
        "initial_ego_velocity": 9.774348006030209,
        "initial_lead_velocity": 17.93516927369162
    },
    "config": {
        "num_timesteps": 200,
        "dt": 0.1,
        "seed": 107
    }
}