{
    "weather": {
        "cloudiness": 50.54516176391215,
        "precipitation": 36.451062323219055,
        "precipitation_deposits": 44.67620629933619,
        "wind_intensity": 12.140827536463144,
        "sun_altitude_angle": 48.67832331260439,
        "fog_density": 77.80354005042541,
        "fog_distance": 74.76156708923737,
        "wetness": 18.225531161609528
    },
    "initial_conditions": {
        "ego": {
            "position": {
                "x": 560.6866593747087,
                "y": 20.57,
                "z": 0.294
            },
            "yaw": 0.0,
            "velocity": 11.334271288531252
        },
        "lead": {
            "position": {
                "x": 484.88,
                "y": 20.57,
                "z": 0.294
            },
            "yaw": 0.0,
            "velocity": 21.766118416247807
        }
    },
    "ego": {
        "position": {
            "x": 560.6866593747087,
            "y": 20.57,
            "z": 0.294
        },
        "yaw": 0.0,
        "velocity": 11.334271288531252
    },
    "lead": {
        "position": {
            "x": 484.88,
            "y": 20.57,
            "z": 0.294
        },
        "yaw": 0.0,
        "velocity": 21.766118416247807
    },
    "ado_actions": [
        {
            "throttle": 0.5613350775846442,
            "brake": 0.0,
            "steer": 0.0
        },
        {
            "throttle": 0.5672670501629437,
            "brake": 0.0,
            "steer": 0.0
        },
        {
            "throttle": 0.577324850702929,
            "brake": 0.0,
            "steer": 0.0
        },
        {
            "throttle": 0.5902177439863435,
            "brake": 0.0,
            "steer": 0.0
        },
        {
            "throttle": 0.6050160185547448,
            "brake": 0.0,
            "steer": 0.0
        },
        {
            "throttle": 0.6210430340253179,
            "brake": 0.0,
            "steer": 0.0
        },
        {
            "throttle": 0.637799769888167,
            "brake": 0.0,
            "steer": 0.0
        },
        {
            "throttle": 0.6549121232362801,
            "brake": 0.0,
            "steer": 0.0
        },
        {
            "throttle": 0.6720941281356284,
            "brake": 0.0,
            "steer": 0.0
        },
        {
            "throttle": 0.6891223170339453,
            "brake": 0.0,
            "steer": 0.0
        },
        {
            "throttle": 0.7058178780044098,
            "brake": 0.0,
            "steer": 0.0
        },
        {
            "throttle": 0.7220342650149063,
            "brake": 0.0,
            "steer": 0.0
        },
        {
            "throttle": 0.7376486208078261,
            "brake": 0.0,
            "steer": 0.0
        },
        {
            "throttle": 0.7525558636715426,
            "brake": 0.0,
            "steer": 0.0
        },
        {
            "throttle": 0.7666646335941181,
            "brake": 0.0,
            "steer": 0.0
        },
        {
            "throttle": 0.779894534260295,
            "brake": 0.0,
            "steer": 0.0
        },
        {
            "throttle": 0.7921742760578059,
            "brake": 0.0,
            "steer": 0.0
        },
        {
            "throttle": 0.8034404433797354,
            "brake": 0.0,
            "steer": 0.0
        },
        {
            "throttle": 0.8136366922228553,
            "brake": 0.0,
            "steer": 0.0
        },
        {
            "throttle": 0.8227132420111258,
            "brake": 0.0,
            "steer": 0.0
        },
        {
            "throttle": 0.8306265661552991,
            "brake": 0.0,
            "steer": 0.0
        },
        {
            "throttle": 0.8373392142991058,
            "brake": 0.0,
            "steer": 0.0
        },
        {
            "throttle": 0.8428197191434417,
            "brake": 0.0,
            "steer": 0.0
        },
        {
            "throttle": 0.8470425547326523,
            "brake": 0.0,
            "steer": 0.0
        },
        {
            "throttle": 0.8499881229165562,
            "brake": 0.0,
            "steer": 0.0
        },
        {
            "throttle": 0.8516427516176456,
            "brake": 0.0,
            "steer": 0.0
        },
        {
            "throttle": 0.8519986934094113,
            "brake": 0.0,
            "steer": 0.0
        },
        {
            "throttle": 0.8510541163608878,
            "brake": 0.0,
            "steer": 0.0
        },
        {
            "throttle": 0.8488130815525143,
            "brake": 0.0,
            "steer": 0.0
        },
        {
            "throttle": 0.8452855034188327,
            "brake": 0.0,
            "steer": 0.0
        },
        {
            "throttle": 0.8404870903339547,
            "brake": 0.0,
            "steer": 0.0
        },
        {
            "throttle": 0.8344392637726415,
            "brake": 0.0,
            "steer": 0.0
        },
        {
            "throttle": 0.8271690550556712,
            "brake": 0.0,
            "steer": 0.0
        },
        {
            "throttle": 0.8187089791944626,
            "brake": 0.0,
            "steer": 0.0
        },
        {
            "throttle": 0.8090968857365992,
            "brake": 0.0,
            "steer": 0.0
        },
        {
            "throttle": 0.7983757868157607,
            "brake": 0.0,
            "steer": 0.0
        },
        {
            "throttle": 0.7865936628508541,
            "brake": 0.0,
            "steer": 0.0
        },
        {
            "throttle": 0.773803246536648,
            "brake": 0.0,
            "steer": 0.0
        },
        {
            "throttle": 0.7600617859336194,
            "brake": 0.0,
            "steer": 0.0
        },
        {
            "throttle": 0.7454307876060331,
            "brake": 0.0,
            "steer": 0.0
        },
        {
            "throttle": 0.7299757408800204,
            "brake": 0.0,
            "steer": 0.0
        },
        {
            "throttle": 0.7137658244013321,
            "brake": 0.0,
            "steer": 0.0
        },
        {
            "throttle": 0.6968735962680567,
            "brake": 0.0,
            "steer": 0.0
        },
        {
            "throttle": 0.6793746690985829,
            "brake": 0.0,
            "steer": 0.0
        },
        {
            "throttle": 0.6613473714705446,
            "brake": 0.0,
            "steer": 0.0
        },
        {
            "throttle": 0.6428723972331128,
            "brake": 0.0,
            "steer": 0.0
        },
        {
            "throttle": 0.6240324442532159,
            "brake": 0.0,
            "steer": 0.0
        },
        {
            "throttle": 0.6049118442063148,
            "brake": 0.0,
            "steer": 0.0
        },
        {
            "throttle": 0.5855961850643775,
            "brake": 0.0,
            "steer": 0.0
        },
        {
            "throttle": 0.5661719279677319,
            "brake": 0.0,
            "steer": 0.0
        },
        {
            "throttle": 0.5467260201935638,
            "brake": 0.0,
            "steer": 0.0
        },
        {
            "throttle": 0.5273455059519551,
            "brake": 0.0,
            "steer": 0.0
        },
        {
            "throttle": 0.508117136750548,
            "brake": 0.0,
            "steer": 0.0
        },
        {
            "throttle": 0.4891269830711753,
            "brake": 0.0,
            "steer": 0.0
        },
        {
            "throttle": 0.4704600490961487,
            "brake": 0.0,
            "steer": 0.0
        },
        {
            "throttle": 0.4521998922084093,
            "brake": 0.0,
            "steer": 0.0
        },
        {
            "throttle": 0.43442824896848065,
            "brake": 0.0,
            "steer": 0.0
        },
        {
            "throttle": 0.4172246692422571,
            "brake": 0.0,
            "steer": 0.0
        },
        {
            "throttle": 0.40066616011722445,
            "brake": 0.0,
            "steer": 0.0
        },
        {
            "throttle": 0.38482684120093674,
            "brake": 0.0,
            "steer": 0.0
        },
        {
            "throttle": 0.36977761284464733,
            "brake": 0.0,
            "steer": 0.0
        },
        {
            "throttle": 0.3555858387771566,
            "brake": 0.0,
            "steer": 0.0
        },
        {
            "throttle": 0.34231504456944883,
            "brake": 0.0,
            "steer": 0.0
        },
        {
            "throttle": 0.3300246332798354,
            "brake": 0.0,
            "steer": 0.0
        },
        {
            "throttle": 0.31876961955242733,
            "brake": 0.0,
            "steer": 0.0
        },
        {
            "throttle": 0.30860038335916073,
            "brake": 0.0,
            "steer": 0.0
        },
        {
            "throttle": 0.29956244448767383,
            "brake": 0.0,
            "steer": 0.0
        },
        {
            "throttle": 0.29169625878447425,
            "brake": 0.0,
            "steer": 0.0
        },
        {
            "throttle": 0.28503703706545364,
            "brake": 0.0,
            "steer": 0.0
        },
        {
            "throttle": 0.2796145875043443,
            "brake": 0.0,
            "steer": 0.0
        },
        {
            "throttle": 0.27545318220462167,
            "brake": 0.0,
            "steer": 0.0
        },
        {
            "throttle": 0.2725714485521043,
            "brake": 0.0,
            "steer": 0.0
        },
        {
            "throttle": 0.27098228583458195,
            "brake": 0.0,
            "steer": 0.0
        },
        {
            "throttle": 0.27069280750169944,
            "brake": 0.0,
            "steer": 0.0
        },
        {
            "throttle": 0.2717043093235543,
            "brake": 0.0,
            "steer": 0.0
        },
        {
            "throttle": 0.274012263590537,
            "brake": 0.0,
            "steer": 0.0
        },
        {
            "throttle": 0.27760633938037566,
            "brake": 0.0,
            "steer": 0.0
        },
        {
            "throttle": 0.28247044880166694,
            "brake": 0.0,
            "steer": 0.0
        },
        {
            "throttle": 0.28858281900689453,
            "brake": 0.0,
            "steer": 0.0
        },
        {
            "throttle": 0.29591608965259025,
            "brake": 0.0,
            "steer": 0.0
        },
        {
            "throttle": 0.30443743537038337,
            "brake": 0.0,
            "steer": 0.0
        },
        {
            "throttle": 0.3141087127007303,
            "brake": 0.0,
            "steer": 0.0
        },
        {
            "throttle": 0.3248866308316164,
            "brake": 0.0,
            "steer": 0.0
        },
        {
            "throttle": 0.3367229453779649,
            "brake": 0.0,
            "steer": 0.0
        },
        {
            "throttle": 0.34956467433435223,
            "brake": 0.0,
            "steer": 0.0
        },
        {
            "throttle": 0.3633543352343785,
            "brake": 0.0,
            "steer": 0.0
        },
        {
            "throttle": 0.3780302024551121,
            "brake": 0.0,
            "steer": 0.0
        },
        {
            "throttle": 0.3935265835148575,
            "brake": 0.0,
            "steer": 0.0
        },
        {
            "throttle": 0.40977411312747514,
            "brake": 0.0,
            "steer": 0.0
        },
        {
            "throttle": 0.42670006369699975,
            "brake": 0.0,
            "steer": 0.0
        },
        {
            "throttle": 0.44422867086271295,
            "brake": 0.0,
            "steer": 0.0
        },
        {
            "throttle": 0.46228147263745867,
            "brake": 0.0,
            "steer": 0.0
        },
        {
            "throttle": 0.48077766062114025,
            "brake": 0.0,
            "steer": 0.0
        },
        {
            "throttle": 0.4996344417172902,
            "brake": 0.0,
            "steer": 0.0
        },
        {
            "throttle": 0.5187674087335867,
            "brake": 0.0,
            "steer": 0.0
        },
        {
            "throttle": 0.5380909182074259,
            "brake": 0.0,
            "steer": 0.0
        },
        {
            "throttle": 0.5575184737653189,
            "brake": 0.0,
            "steer": 0.0
        },
        {
            "throttle": 0.5769631133001087,
            "brake": 0.0,
            "steer": 0.0
        },
        {
            "throttle": 0.5963377982329162,
            "brake": 0.0,
            "steer": 0.0
        },
        {
            "throttle": 0.6155558031173907,
            "brake": 0.0,
            "steer": 0.0
        },
        {
            "throttle": 0.634531103842309,
            "brake": 0.0,
            "steer": 0.0
        },
        {
            "throttle": 0.6531787626948407,
            "brake": 0.0,
            "steer": 0.0
        },
        {
            "throttle": 0.6714153085608492,
            "brake": 0.0,
            "steer": 0.0
        },
        {
            "throttle": 0.689159110560369,
            "brake": 0.0,
            "steer": 0.0
        },
        {
            "throttle": 0.7063307434457791,
            "brake": 0.0,
            "steer": 0.0
        },
        {
            "throttle": 0.7228533431270712,
            "brake": 0.0,
            "steer": 0.0
        },
        {
            "throttle": 0.7386529507328005,
            "brake": 0.0,
            "steer": 0.0
        },
        {
            "throttle": 0.753658843666624,
            "brake": 0.0,
            "steer": 0.0
        },
        {
            "throttle": 0.7678038521775451,
            "brake": 0.0,
            "steer": 0.0
        },
        {
            "throttle": 0.7810246600268225,
            "brake": 0.0,
            "steer": 0.0
        },
        {
            "throttle": 0.7932620879056921,
            "brake": 0.0,
            "steer": 0.0
        },
        {
            "throttle": 0.8044613583352602,
            "brake": 0.0,
            "steer": 0.0
        },
        {
            "throttle": 0.8145723408628164,
            "brake": 0.0,
            "steer": 0.0
        },
        {
            "throttle": 0.8235497764570118,
            "brake": 0.0,
            "steer": 0.0
        },
        {
            "throttle": 0.8313534800974609,
            "brake": 0.0,
            "steer": 0.0
        },
        {
            "throttle": 0.8379485206519282,
            "brake": 0.0,
            "steer": 0.0
        },
        {
            "throttle": 0.8433053772359311,
            "brake": 0.0,
            "steer": 0.0
        },
        {
            "throttle": 0.8474000713548573,
            "brake": 0.0,
            "steer": 0.0
        },
        {
            "throttle": 0.8502142742370971,
            "brake": 0.0,
            "steer": 0.0
        },
        {
            "throttle": 0.8517353888777482,
            "brake": 0.0,
            "steer": 0.0
        },
        {
            "throttle": 0.8519566064256415,
            "brake": 0.0,
            "steer": 0.0
        },
        {
            "throttle": 0.8508769366612894,
            "brake": 0.0,
            "steer": 0.0
        },
        {
            "throttle": 0.8485012124293314,
            "brake": 0.0,
            "steer": 0.0
        },
        {
            "throttle": 0.8448400680056356,
            "brake": 0.0,
            "steer": 0.0
        },
        {
            "throttle": 0.839909891495887,
            "brake": 0.0,
            "steer": 0.0
        },
        {
            "throttle": 0.8337327514787427,
            "brake": 0.0,
            "steer": 0.0
        },
        {
            "throttle": 0.8263362982219111,
            "brake": 0.0,
            "steer": 0.0
        },
        {
            "throttle": 0.8177536399133363,
            "brake": 0.0,
            "steer": 0.0
        },
        {
            "throttle": 0.8080231944615037,
            "brake": 0.0,
            "steer": 0.0
        },
        {
            "throttle": 0.7971885175282436,
            "brake": 0.0,
            "steer": 0.0
        },
        {
            "throttle": 0.7852981075637947,
            "brake": 0.0,
            "steer": 0.0
        },
        {
            "throttle": 0.7724051887168352,
            "brake": 0.0,
            "steer": 0.0
        },
        {
            "throttle": 0.7585674725912255,
            "brake": 0.0,
            "steer": 0.0
        },
        {
            "throttle": 0.7438468999158927,
            "brake": 0.0,
            "steer": 0.0
        },
        {
            "throttle": 0.7283093632841993,
            "brake": 0.0,
            "steer": 0.0
        },
        {
            "throttle": 0.712024412203879,
            "brake": 0.0,
            "steer": 0.0
        },
        {
            "throttle": 0.6950649417778013,
            "brake": 0.0,
            "steer": 0.0
        },
        {
            "throttle": 0.6775068664090996,
            "brake": 0.0,
            "steer": 0.0
        },
        {
            "throttle": 0.6594287799912326,
            "brake": 0.0,
            "steer": 0.0
        },
        {
            "throttle": 0.6409116041040452,
            "brake": 0.0,
            "steer": 0.0
        },
        {
            "throttle": 0.6220382257905803,
            "brake": 0.0,
            "steer": 0.0
        },
        {
            "throttle": 0.6028931265360365,
            "brake": 0.0,
            "steer": 0.0
        },
        {
            "throttle": 0.5835620041096441,
            "brake": 0.0,
            "steer": 0.0
        },
        {
            "throttle": 0.5641313889621793,
            "brake": 0.0,
            "steer": 0.0
        },
        {
            "throttle": 0.5446882568962099,
            "brake": 0.0,
            "steer": 0.0
        },
        {
            "throttle": 0.525319639742846,
            "brake": 0.0,
            "steer": 0.0
        },
        {
            "throttle": 0.5061122357876928,
            "brake": 0.0,
            "steer": 0.0
        },
        {
            "throttle": 0.48715202168983024,
            "brake": 0.0,
            "steer": 0.0
        },
        {
            "throttle": 0.4685238676309539,
            "brake": 0.0,
            "steer": 0.0
        },
        {
            "throttle": 0.45031115741735767,
            "brake": 0.0,
            "steer": 0.0
        },
        {
            "throttle": 0.43259541523526734,
            "brake": 0.0,
            "steer": 0.0
        },
        {
            "throttle": 0.4154559407302516,
            "brake": 0.0,
            "steer": 0.0
        },
        {
            "throttle": 0.39896945404417694,
            "brake": 0.0,
            "steer": 0.0
        },
        {
            "throttle": 0.3832097523986013,
            "brake": 0.0,
            "steer": 0.0
        },
        {
            "throttle": 0.3682473797618166,
            "brake": 0.0,
            "steer": 0.0
        },
        {
            "throttle": 0.35414931107818404,
            "brake": 0.0,
            "steer": 0.0
        },
        {
            "throttle": 0.3409786524732231,
            "brake": 0.0,
            "steer": 0.0
        },
        {
            "throttle": 0.3287943587764037,
            "brake": 0.0,
            "steer": 0.0
        },
        {
            "throttle": 0.31765096962607287,
            "brake": 0.0,
            "steer": 0.0
        },
        {
            "throttle": 0.30759836533776985,
            "brake": 0.0,
            "steer": 0.0
        },
        {
            "throttle": 0.29868154362871757,
            "brake": 0.0,
            "steer": 0.0
        },
        {
            "throttle": 0.29094041819792216,
            "brake": 0.0,
            "steer": 0.0
        },
        {
            "throttle": 0.2844096400634812,
            "brake": 0.0,
            "steer": 0.0
        },
        {
            "throttle": 0.27911844245683515,
            "brake": 0.0,
            "steer": 0.0
        },
        {
            "throttle": 0.27509050996824996,
            "brake": 0.0,
            "steer": 0.0
        },
        {
            "throttle": 0.27234387252926545,
            "brake": 0.0,
            "steer": 0.0
        },
        {
            "throttle": 0.2708908247066673,
            "brake": 0.0,
            "steer": 0.0
        },
        {
            "throttle": 0.2707378706692419,
            "brake": 0.0,
            "steer": 0.0
        },
        {
            "throttle": 0.27188569507365384,
            "brake": 0.0,
            "steer": 0.0
        },
        {
            "throttle": 0.27432915999976937,
            "brake": 0.0,
            "steer": 0.0
        },
        {
            "throttle": 0.27805732794914156,
            "brake": 0.0,
            "steer": 0.0
        },
        {
            "throttle": 0.2830535108037133,
            "brake": 0.0,
            "steer": 0.0
        },
        {
            "throttle": 0.289295344525586,
            "brake": 0.0,
            "steer": 0.0
        },
        {
            "throttle": 0.2967548892634817,
            "brake": 0.0,
            "steer": 0.0
        },
        {
            "throttle": 0.3053987544178007,
            "brake": 0.0,
            "steer": 0.0
        },
        {
            "throttle": 0.3151882481044527,
            "brake": 0.0,
            "steer": 0.0
        },
        {
            "throttle": 0.32607955034843084,
            "brake": 0.0,
            "steer": 0.0
        },
        {
            "throttle": 0.338023909231873,
            "brake": 0.0,
            "steer": 0.0
        },
        {
            "throttle": 0.3509678591186085,
            "brake": 0.0,
            "steer": 0.0
        },
        {
            "throttle": 0.36485345997836804,
            "brake": 0.0,
            "steer": 0.0
        },
        {
            "throttle": 0.3796185567393871,
            "brake": 0.0,
            "steer": 0.0
        },
        {
            "throttle": 0.395197057508484,
            "brake": 0.0,
            "steer": 0.0
        },
        {
            "throttle": 0.41151922941323493,
            "brake": 0.0,
            "steer": 0.0
        },
        {
            "throttle": 0.4285120107419906,
            "brake": 0.0,
            "steer": 0.0
        },
        {
            "throttle": 0.446099337984527,
            "brake": 0.0,
            "steer": 0.0
        },
        {
            "throttle": 0.4642024863094205,
            "brake": 0.0,
            "steer": 0.0
        },
        {
            "throttle": 0.48274042195409506,
            "brake": 0.0,
            "steer": 0.0
        },
        {
            "throttle": 0.5016301649501651,
            "brake": 0.0,
            "steer": 0.0
        },
        {
            "throttle": 0.5207871605604331,
            "brake": 0.0,
            "steer": 0.0
        },
        {
            "throttle": 0.5401256577649055,
            "brake": 0.0,
            "steer": 0.0
        },
        {
            "throttle": 0.5595590931016409,
            "brake": 0.0,
            "steer": 0.0
        },
        {
            "throttle": 0.5790004781442701,
            "brake": 0.0,
            "steer": 0.0
        },
        {
            "throttle": 0.5983627888817526,
            "brake": 0.0,
            "steer": 0.0
        },
        {
            "throttle": 0.6175593552574186,
            "brake": 0.0,
            "steer": 0.0
        },
        {
            "throttle": 0.6365042491236309,
            "brake": 0.0,
            "steer": 0.0
        },
        {
            "throttle": 0.6551126688754958,
            "brake": 0.0,
            "steer": 0.0
        },
        {
            "throttle": 0.6733013190419148,
            "brake": 0.0,
            "steer": 0.0
        },
        {
            "throttle": 0.6909887831348437,
            "brake": 0.0,
            "steer": 0.0
        },
        {
            "throttle": 0.7080958880877992,
            "brake": 0.0,
            "steer": 0.0
        },
        {
            "throttle": 0.7245460586523089,
            "brake": 0.0,
            "steer": 0.0
        }
    ],
    "parameters": {
        "fog_density": 77.80354005042541,
        "precipitation": 36.451062323219055,
        "precipitation_deposits": 44.67620629933619,
        "wind_intensity": 12.140827536463144,
        "sun_altitude_angle": 48.67832331260439,
        "cloudiness": 50.54516176391215,
        "lead_base_throttle": 0.5613350775846442,
        "lead_behavior_frequency": 0.10650184032238154,
        "lead_throttle_variation": 0.29570935815447136,
        "lead_brake_probability": 0.009189004680720925,
        "lead_brake_intensity": 0.18789383052647438,
        "lead_brake_duration": 11.435912432987177,
        "initial_distance": 75.80665937470872,
        "initial_ego_velocity": 11.334271288531252,
        "initial_lead_velocity": 21.766118416247807
    },
    "config": {
        "num_timesteps": 200,
        "dt": 0.1,
        "seed": 139
    }
}