{
    "weather": {
        "cloudiness": 47.321796993981025,
        "precipitation": 18.850013161191193,
        "precipitation_deposits": 97.8658352766081,
        "wind_intensity": 14.667751226198911,
        "sun_altitude_angle": 24.546955050328847,
        "fog_density": 22.253722252017543,
        "fog_distance": 476.2602922581922,
        "wetness": 9.425006580595596
    },
    "initial_conditions": {
        "ego": {
            "position": {
                "x": 539.6791492873868,
                "y": 20.57,
                "z": 0.294
            },
            "yaw": 0.0,
            "velocity": 8.303391273454608
        },
        "lead": {
            "position": {
                "x": 484.88,
                "y": 20.57,
                "z": 0.294
            },
            "yaw": 0.0,
            "velocity": 10.666086794798996
        }
    },
    "ego": {
        "position": {
            "x": 539.6791492873868,
            "y": 20.57,
            "z": 0.294
        },
        "yaw": 0.0,
        "velocity": 8.303391273454608
    },
    "lead": {
        "position": {
            "x": 484.88,
            "y": 20.57,
            "z": 0.294
        },
        "yaw": 0.0,
        "velocity": 10.666086794798996
    },
    "ado_actions": [
        {
            "throttle": 0.2459818391862558,
            "brake": 0.0,
            "steer": 0.0
        },
        {
            "throttle": 0.24775760120597728,
            "brake": 0.0,
            "steer": 0.0
        },
        {
            "throttle": 0.2507588997433623,
            "brake": 0.0,
            "steer": 0.0
        },
        {
            "throttle": 0.2545832524508299,
            "brake": 0.0,
            "steer": 0.0
        },
        {
            "throttle": 0.2589319402902485,
            "brake": 0.0,
            "steer": 0.0
        },
        {
            "throttle": 0.2635793889620919,
            "brake": 0.0,
            "steer": 0.0
        },
        {
            "throttle": 0.268351898197247,
            "brake": 0.0,
            "steer": 0.0
        },
        {
            "throttle": 0.2731129079243138,
            "brake": 0.0,
            "steer": 0.0
        },
        {
            "throttle": 0.27775283208761126,
            "brake": 0.0,
            "steer": 0.0
        },
        {
            "throttle": 0.2821820802051854,
            "brake": 0.0,
            "steer": 0.0
        },
        {
            "throttle": 0.28632629937071963,
            "brake": 0.0,
            "steer": 0.0
        },
        {
            "throttle": 0.29012315834159563,
            "brake": 0.0,
            "steer": 0.0
        },
        {
            "throttle": 0.29352019773265237,
            "brake": 0.0,
            "steer": 0.0
        },
        {
            "throttle": 0.2964734121308814,
            "brake": 0.0,
            "steer": 0.0
        },
        {
            "throttle": 0.2989463293447061,
            "brake": 0.0,
            "steer": 0.0
        },
        {
            "throttle": 0.3009094217302462,
            "brake": 0.0,
            "steer": 0.0
        },
        {
            "throttle": 0.3023397335039295,
            "brake": 0.0,
            "steer": 0.0
        },
        {
            "throttle": 0.30322064238994634,
            "brake": 0.0,
            "steer": 0.0
        },
        {
            "throttle": 0.3035416982245136,
            "brake": 0.0,
            "steer": 0.0
        },
        {
            "throttle": 0.30329849829861616,
            "brake": 0.0,
            "steer": 0.0
        },
        {
            "throttle": 0.3024925714014797,
            "brake": 0.0,
            "steer": 0.0
        },
        {
            "throttle": 0.3011312512211046,
            "brake": 0.0,
            "steer": 0.0
        },
        {
            "throttle": 0.29922752600892,
            "brake": 0.0,
            "steer": 0.0
        },
        {
            "throttle": 0.2967998559515956,
            "brake": 0.0,
            "steer": 0.0
        },
        {
            "throttle": 0.29387195302270835,
            "brake": 0.0,
            "steer": 0.0
        },
        {
            "throttle": 0.2904725205646857,
            "brake": 0.0,
            "steer": 0.0
        },
        {
            "throttle": 0.28663495172385195,
            "brake": 0.0,
            "steer": 0.0
        },
        {
            "throttle": 0.2823969872997695,
            "brake": 0.0,
            "steer": 0.0
        },
        {
            "throttle": 0.27780033469301674,
            "brake": 0.0,
            "steer": 0.0
        },
        {
            "throttle": 0.2728902505249893,
            "brake": 0.0,
            "steer": 0.0
        },
        {
            "throttle": 0.26771509021555195,
            "brake": 0.0,
            "steer": 0.0
        },
        {
            "throttle": 0.2623258283779477,
            "brake": 0.0,
            "steer": 0.0
        },
        {
            "throttle": 0.25677555435151744,
            "brake": 0.0,
            "steer": 0.0
        },
        {
            "throttle": 0.2511189475592809,
            "brake": 0.0,
            "steer": 0.0
        },
        {
            "throttle": 0.24541173766128316,
            "brake": 0.0,
            "steer": 0.0
        },
        {
            "throttle": 0.23971015468396953,
            "brake": 0.0,
            "steer": 0.0
        },
        {
            "throttle": 0.2340703744463004,
            "brake": 0.0,
            "steer": 0.0
        },
        {
            "throttle": 0.22854796467883992,
            "brake": 0.0,
            "steer": 0.0
        },
        {
            "throttle": 0.2231973372456464,
            "brake": 0.0,
            "steer": 0.0
        },
        {
            "throttle": 0.21807121183295952,
            "brake": 0.0,
            "steer": 0.0
        },
        {
            "throttle": 0.2132200963657017,
            "brake": 0.0,
            "steer": 0.0
        },
        {
            "throttle": 0.208691789254995,
            "brake": 0.0,
            "steer": 0.0
        },
        {
            "throttle": 0.20453090836969462,
            "brake": 0.0,
            "steer": 0.0
        },
        {
            "throttle": 0.20077845136505465,
            "brake": 0.0,
            "steer": 0.0
        },
        {
            "throttle": 0.19747139169507966,
            "brake": 0.0,
            "steer": 0.0
        },
        {
            "throttle": 0.19464231428519785,
            "brake": 0.0,
            "steer": 0.0
        },
        {
            "throttle": 0.19231909445229023,
            "brake": 0.0,
            "steer": 0.0
        },
        {
            "throttle": 0.19052462323381034,
            "brake": 0.0,
            "steer": 0.0
        },
        {
            "throttle": 0.18927658183102847,
            "brake": 0.0,
            "steer": 0.0
        },
        {
            "throttle": 0.18858726738790896,
            "brake": 0.0,
            "steer": 0.0
        },
        {
            "throttle": 0.18846347182159207,
            "brake": 0.0,
            "steer": 0.0
        },
        {
            "throttle": 0.18890641489792348,
            "brake": 0.0,
            "steer": 0.0
        },
        {
            "throttle": 0.18991173221112662,
            "brake": 0.0,
            "steer": 0.0
        },
        {
            "throttle": 0.1914695181858302,
            "brake": 0.0,
            "steer": 0.0
        },
        {
            "throttle": 0.19356442367758572,
            "brake": 0.0,
            "steer": 0.0
        },
        {
            "throttle": 0.19617580721008943,
            "brake": 0.0,
            "steer": 0.0
        },
        {
            "throttle": 0.19927793835886357,
            "brake": 0.0,
            "steer": 0.0
        },
        {
            "throttle": 0.2028402512773677,
            "brake": 0.0,
            "steer": 0.0
        },
        {
            "throttle": 0.20682764586746472,
            "brake": 0.0,
            "steer": 0.0
        },
        {
            "throttle": 0.2112008336267288,
            "brake": 0.0,
            "steer": 0.0
        },
        {
            "throttle": 0.21591672476488266,
            "brake": 0.0,
            "steer": 0.0
        },
        {
            "throttle": 0.22092885277502428,
            "brake": 0.0,
            "steer": 0.0
        },
        {
            "throttle": 0.22618783227625894,
            "brake": 0.0,
            "steer": 0.0
        },
        {
            "throttle": 0.23164184561652623,
            "brake": 0.0,
            "steer": 0.0
        },
        {
            "throttle": 0.2372371534410336,
            "brake": 0.0,
            "steer": 0.0
        },
        {
            "throttle": 0.24291862419557336,
            "brake": 0.0,
            "steer": 0.0
        },
        {
            "throttle": 0.24863027734743054,
            "brake": 0.0,
            "steer": 0.0
        },
        {
            "throttle": 0.2543158349714297,
            "brake": 0.0,
            "steer": 0.0
        },
        {
            "throttle": 0.2599192762662439,
            "brake": 0.0,
            "steer": 0.0
        },
        {
            "throttle": 0.2653853895372197,
            "brake": 0.0,
            "steer": 0.0
        },
        {
            "throttle": 0.2706603162069317,
            "brake": 0.0,
            "steer": 0.0
        },
        {
            "throttle": 0.27569208149323654,
            "brake": 0.0,
            "steer": 0.0
        },
        {
            "throttle": 0.2804311065259595,
            "brake": 0.0,
            "steer": 0.0
        },
        {
            "throttle": 0.2848306968562396,
            "brake": 0.0,
            "steer": 0.0
        },
        {
            "throttle": 0.2888475025451626,
            "brake": 0.0,
            "steer": 0.0
        },
        {
            "throttle": 0.29244194529834905,
            "brake": 0.0,
            "steer": 0.0
        },
        {
            "throttle": 0.29557860843786343,
            "brake": 0.0,
            "steer": 0.0
        },
        {
            "throttle": 0.2982265858689836,
            "brake": 0.0,
            "steer": 0.0
        },
        {
            "throttle": 0.30035978660339885,
            "brake": 0.0,
            "steer": 0.0
        },
        {
            "throttle": 0.301957191838316,
            "brake": 0.0,
            "steer": 0.0
        },
        {
            "throttle": 0.3030030620584273,
            "brake": 0.0,
            "steer": 0.0
        },
        {
            "throttle": 0.3034870921201291,
            "brake": 0.0,
            "steer": 0.0
        },
        {
            "throttle": 0.3034045127899174,
            "brake": 0.0,
            "steer": 0.0
        },
        {
            "throttle": 0.3027561377364866,
            "brake": 0.0,
            "steer": 0.0
        },
        {
            "throttle": 0.3015483555135078,
            "brake": 0.0,
            "steer": 0.0
        },
        {
            "throttle": 0.29979306661208427,
            "brake": 0.0,
            "steer": 0.0
        },
        {
            "throttle": 0.2975075662031147,
            "brake": 0.0,
            "steer": 0.0
        },
        {
            "throttle": 0.2947143737249264,
            "brake": 0.0,
            "steer": 0.0
        },
        {
            "throttle": 0.2914410109952808,
            "brake": 0.0,
            "steer": 0.0
        },
        {
            "throttle": 0.28771973103405213,
            "brake": 0.0,
            "steer": 0.0
        },
        {
            "throttle": 0.2835872002685388,
            "brake": 0.0,
            "steer": 0.0
        },
        {
            "throttle": 0.2790841372526928,
            "brake": 0.0,
            "steer": 0.0
        },
        {
            "throttle": 0.2742549114600316,
            "brake": 0.0,
            "steer": 0.0
        },
        {
            "throttle": 0.26914710610339554,
            "brake": 0.0,
            "steer": 0.0
        },
        {
            "throttle": 0.2638110492891658,
            "brake": 0.0,
            "steer": 0.0
        },
        {
            "throttle": 0.2582993181255626,
            "brake": 0.0,
            "steer": 0.0
        },
        {
            "throttle": 0.2526662206711314,
            "brake": 0.0,
            "steer": 0.0
        },
        {
            "throttle": 0.24696726082787074,
            "brake": 0.0,
            "steer": 0.0
        },
        {
            "throttle": 0.241258591451504,
            "brake": 0.0,
            "steer": 0.0
        },
        {
            "throttle": 0.2355964610674955,
            "brake": 0.0,
            "steer": 0.0
        },
        {
            "throttle": 0.23003665964441566,
            "brake": 0.0,
            "steer": 0.0
        },
        {
            "throttle": 0.2246339688855486,
            "brake": 0.0,
            "steer": 0.0
        },
        {
            "throttle": 0.21944162245511442,
            "brake": 0.0,
            "steer": 0.0
        },
        {
            "throttle": 0.2145107814575942,
            "brake": 0.0,
            "steer": 0.0
        },
        {
            "throttle": 0.20989003033835046,
            "brake": 0.0,
            "steer": 0.0
        },
        {
            "throttle": 0.20562489817252483,
            "brake": 0.0,
            "steer": 0.0
        },
        {
            "throttle": 0.20175741005903636,
            "brake": 0.0,
            "steer": 0.0
        },
        {
            "throttle": 0.1983256730398754,
            "brake": 0.0,
            "steer": 0.0
        },
        {
            "throttle": 0.19536350062470287,
            "brake": 0.0,
            "steer": 0.0
        },
        {
            "throttle": 0.1929000796203804,
            "brake": 0.0,
            "steer": 0.0
        },
        {
            "throttle": 0.19095968254821813,
            "brake": 0.0,
            "steer": 0.0
        },
        {
            "throttle": 0.18956142848254476,
            "brake": 0.0,
            "steer": 0.0
        },
        {
            "throttle": 0.18871909466709835,
            "brake": 0.0,
            "steer": 0.0
        },
        {
            "throttle": 0.1884409807654159,
            "brake": 0.0,
            "steer": 0.0
        },
        {
            "throttle": 0.18872982708278563,
            "brake": 0.0,
            "steer": 0.0
        },
        {
            "throttle": 0.18958278756553604,
            "brake": 0.0,
            "steer": 0.0
        },
        {
            "throttle": 0.19099145784370436,
            "brake": 0.0,
            "steer": 0.0
        },
        {
            "throttle": 0.19294195804077502,
            "brake": 0.0,
            "steer": 0.0
        },
        {
            "throttle": 0.19541506953454912,
            "brake": 0.0,
            "steer": 0.0
        },
        {
            "throttle": 0.198386424321616,
            "brake": 0.0,
            "steer": 0.0
        },
        {
            "throttle": 0.20182674511958548,
            "brake": 0.0,
            "steer": 0.0
        },
        {
            "throttle": 0.20570213384131125,
            "brake": 0.0,
            "steer": 0.0
        },
        {
            "throttle": 0.20997440559871755,
            "brake": 0.0,
            "steer": 0.0
        },
        {
            "throttle": 0.2146014649452312,
            "brake": 0.0,
            "steer": 0.0
        },
        {
            "throttle": 0.2195377206496356,
            "brake": 0.0,
            "steer": 0.0
        },
        {
            "throttle": 0.22473453491450687,
            "brake": 0.0,
            "steer": 0.0
        },
        {
            "throttle": 0.23014070261300396,
            "brake": 0.0,
            "steer": 0.0
        },
        {
            "throttle": 0.23570295582200768,
            "brake": 0.0,
            "steer": 0.0
        },
        {
            "throttle": 0.2413664886803552,
            "brake": 0.0,
            "steer": 0.0
        },
        {
            "throttle": 0.2470754974006492,
            "brake": 0.0,
            "steer": 0.0
        },
        {
            "throttle": 0.2527737301138099,
            "brake": 0.0,
            "steer": 0.0
        },
        {
            "throttle": 0.2584050411286549,
            "brake": 0.0,
            "steer": 0.0
        },
        {
            "throttle": 0.2639139441452897,
            "brake": 0.0,
            "steer": 0.0
        },
        {
            "throttle": 0.26924615897139936,
            "brake": 0.0,
            "steer": 0.0
        },
        {
            "throttle": 0.2743491463545499,
            "brake": 0.0,
            "steer": 0.0
        },
        {
            "throttle": 0.27917262566070183,
            "brake": 0.0,
            "steer": 0.0
        },
        {
            "throttle": 0.28366907029815913,
            "brake": 0.0,
            "steer": 0.0
        },
        {
            "throttle": 0.2877941760054531,
            "brake": 0.0,
            "steer": 0.0
        },
        {
            "throttle": 0.2915072973890389,
            "brake": 0.0,
            "steer": 0.0
        },
        {
            "throttle": 0.29477184840952164,
            "brake": 0.0,
            "steer": 0.0
        },
        {
            "throttle": 0.29755566287035023,
            "brake": 0.0,
            "steer": 0.0
        },
        {
            "throttle": 0.2998313113570212,
            "brake": 0.0,
            "steer": 0.0
        },
        {
            "throttle": 0.30157637150393385,
            "brake": 0.0,
            "steer": 0.0
        },
        {
            "throttle": 0.30277364892591035,
            "brake": 0.0,
            "steer": 0.0
        },
        {
            "throttle": 0.3034113466375032,
            "brake": 0.0,
            "steer": 0.0
        },
        {
            "throttle": 0.3034831812907718,
            "brake": 0.0,
            "steer": 0.0
        },
        {
            "throttle": 0.3029884450862173,
            "brake": 0.0,
            "steer": 0.0
        },
        {
            "throttle": 0.3019320127468558,
            "brake": 0.0,
            "steer": 0.0
        },
        {
            "throttle": 0.3003242934867133,
            "brake": 0.0,
            "steer": 0.0
        },
        {
            "throttle": 0.2981811284470052,
            "brake": 0.0,
            "steer": 0.0
        },
        {
            "throttle": 0.2955236346105803,
            "brake": 0.0,
            "steer": 0.0
        },
        {
            "throttle": 0.29237799673256704,
            "brake": 0.0,
            "steer": 0.0
        },
        {
            "throttle": 0.28877520933736633,
            "brake": 0.0,
            "steer": 0.0
        },
        {
            "throttle": 0.28475077132414034,
            "brake": 0.0,
            "steer": 0.0
        },
        {
            "throttle": 0.28034433618990245,
            "brake": 0.0,
            "steer": 0.0
        },
        {
            "throttle": 0.27559932131662285,
            "brake": 0.0,
            "steer": 0.0
        },
        {
            "throttle": 0.2705624801721118,
            "brake": 0.0,
            "steer": 0.0
        },
        {
            "throttle": 0.26528344163986184,
            "brake": 0.0,
            "steer": 0.0
        },
        {
            "throttle": 0.25981422101691176,
            "brake": 0.0,
            "steer": 0.0
        },
        {
            "throttle": 0.2542087074979579,
            "brake": 0.0,
            "steer": 0.0
        },
        {
            "throttle": 0.2485221331956211,
            "brake": 0.0,
            "steer": 0.0
        },
        {
            "throttle": 0.2428105289287073,
            "brake": 0.0,
            "steer": 0.0
        },
        {
            "throttle": 0.23713017214067447,
            "brake": 0.0,
            "steer": 0.0
        },
        {
            "throttle": 0.23153703238806428,
            "brake": 0.0,
            "steer": 0.0
        },
        {
            "throttle": 0.22608621986259714,
            "brake": 0.0,
            "steer": 0.0
        },
        {
            "throttle": 0.22083144238074065,
            "brake": 0.0,
            "steer": 0.0
        },
        {
            "throttle": 0.21582447619112824,
            "brake": 0.0,
            "steer": 0.0
        },
        {
            "throttle": 0.21111465581405658,
            "brake": 0.0,
            "steer": 0.0
        },
        {
            "throttle": 0.20674838793976225,
            "brake": 0.0,
            "steer": 0.0
        },
        {
            "throttle": 0.202768694175124,
            "brake": 0.0,
            "steer": 0.0
        },
        {
            "throttle": 0.1992147871441882,
            "brake": 0.0,
            "steer": 0.0
        },
        {
            "throttle": 0.19612168411927317,
            "brake": 0.0,
            "steer": 0.0
        },
        {
            "throttle": 0.1935198619896135,
            "brake": 0.0,
            "steer": 0.0
        },
        {
            "throttle": 0.19143495696719923,
            "brake": 0.0,
            "steer": 0.0
        },
        {
            "throttle": 0.18988751198866102,
            "brake": 0.0,
            "steer": 0.0
        },
        {
            "throttle": 0.18889277430209492,
            "brake": 0.0,
            "steer": 0.0
        },
        {
            "throttle": 0.18846054523323977,
            "brake": 0.0,
            "steer": 0.0
        },
        {
            "throttle": 0.1885950836112873,
            "brake": 0.0,
            "steer": 0.0
        },
        {
            "throttle": 0.18929506380588745,
            "brake": 0.0,
            "steer": 0.0
        },
        {
            "throttle": 0.190553588788818,
            "brake": 0.0,
            "steer": 0.0
        },
        {
            "throttle": 0.192358258091619,
            "brake": 0.0,
            "steer": 0.0
        },
        {
            "throttle": 0.194691289989594,
            "brake": 0.0,
            "steer": 0.0
        },
        {
            "throttle": 0.19752969670827755,
            "brake": 0.0,
            "steer": 0.0
        },
        {
            "throttle": 0.20084551092602815,
            "brake": 0.0,
            "steer": 0.0
        },
        {
            "throttle": 0.20460606134097736,
            "brake": 0.0,
            "steer": 0.0
        },
        {
            "throttle": 0.2087742945871253,
            "brake": 0.0,
            "steer": 0.0
        },
        {
            "throttle": 0.21330914032768603,
            "brake": 0.0,
            "steer": 0.0
        },
        {
            "throttle": 0.21816591592835416,
            "brake": 0.0,
            "steer": 0.0
        },
        {
            "throttle": 0.2232967667231756,
            "brake": 0.0,
            "steer": 0.0
        },
        {
            "throttle": 0.22865113753500504,
            "brake": 0.0,
            "steer": 0.0
        },
        {
            "throttle": 0.2341762708045764,
            "brake": 0.0,
            "steer": 0.0
        },
        {
            "throttle": 0.23981772642003213,
            "brake": 0.0,
            "steer": 0.0
        },
        {
            "throttle": 0.24551991812494,
            "brake": 0.0,
            "steer": 0.0
        },
        {
            "throttle": 0.25122666121947423,
            "brake": 0.0,
            "steer": 0.0
        },
        {
            "throttle": 0.25688172615816485,
            "brake": 0.0,
            "steer": 0.0
        },
        {
            "throttle": 0.26242939258951936,
            "brake": 0.0,
            "steer": 0.0
        },
        {
            "throttle": 0.26781499837846595,
            "brake": 0.0,
            "steer": 0.0
        },
        {
            "throttle": 0.27298547820200403,
            "brake": 0.0,
            "steer": 0.0
        },
        {
            "throttle": 0.2778898864111842,
            "brake": 0.0,
            "steer": 0.0
        },
        {
            "throttle": 0.28247989900756576,
            "brake": 0.0,
            "steer": 0.0
        }
    ],
    "parameters": {
        "fog_density": 22.253722252017543,
        "precipitation": 18.850013161191193,
        "precipitation_deposits": 97.8658352766081,
        "wind_intensity": 14.667751226198911,
        "sun_altitude_angle": 24.546955050328847,
        "cloudiness": 47.321796993981025,
        "lead_base_throttle": 0.2459818391862558,
        "lead_behavior_frequency": 0.15804716774185235,
        "lead_throttle_variation": 0.0597050326534188,
        "lead_brake_probability": 0.006341795044178666,
        "lead_brake_intensity": 0.5973476428146899,
        "lead_brake_duration": 25.600963828941804,
        "initial_distance": 54.79914928738689,
        "initial_ego_velocity": 8.303391273454608,
        "initial_lead_velocity": 10.666086794798996
    },
    "config": {
        "num_timesteps": 200,
        "dt": 0.1,
        "seed": 155
    }
}