{
    "weather": {
        "cloudiness": 28.47633078308034,
        "precipitation": 47.512257740449705,
        "precipitation_deposits": 37.37624777763362,
        "wind_intensity": 10.991875471451213,
        "sun_altitude_angle": -14.880391924755036,
        "fog_density": 79.09977814720658,
        "fog_distance": 71.6000668344773,
        "wetness": 23.756128870224853
    },
    "initial_conditions": {
        "ego": {
            "position": {
                "x": 553.6858076550027,
                "y": 20.57,
                "z": 0.294
            },
            "yaw": 0.0,
            "velocity": 17.770435294639427
        },
        "lead": {
            "position": {
                "x": 484.88,
                "y": 20.57,
                "z": 0.294
            },
            "yaw": 0.0,
            "velocity": 20.819436734821537
        }
    },
    "ego": {
        "position": {
            "x": 553.6858076550027,
            "y": 20.57,
            "z": 0.294
        },
        "yaw": 0.0,
        "velocity": 17.770435294639427
    },
    "lead": {
        "position": {
            "x": 484.88,
            "y": 20.57,
            "z": 0.294
        },
        "yaw": 0.0,
        "velocity": 20.819436734821537
    },
    "ado_actions": [
        {
            "throttle": 0.45041574875509915,
            "brake": 0.0,
            "steer": 0.0
        },
        {
            "throttle": 0.46954890617589196,
            "brake": 0.0,
            "steer": 0.0
        },
        {
            "throttle": 0.5014708859805574,
            "brake": 0.0,
            "steer": 0.0
        },
        {
            "throttle": 0.5411553575390593,
            "brake": 0.0,
            "steer": 0.0
        },
        {
            "throttle": 0.5845361736407216,
            "brake": 0.0,
            "steer": 0.0
        },
        {
            "throttle": 0.628274197324484,
            "brake": 0.0,
            "steer": 0.0
        },
        {
            "throttle": 0.6696096485458989,
            "brake": 0.0,
            "steer": 0.0
        },
        {
            "throttle": 0.7062720893279271,
            "brake": 0.0,
            "steer": 0.0
        },
        {
            "throttle": 0.7364281089793727,
            "brake": 0.0,
            "steer": 0.0
        },
        {
            "throttle": 0.7586524146312419,
            "brake": 0.0,
            "steer": 0.0
        },
        {
            "throttle": 0.7719120771909528,
            "brake": 0.0,
            "steer": 0.0
        },
        {
            "throttle": 0.7755566161863938,
            "brake": 0.0,
            "steer": 0.0
        },
        {
            "throttle": 0.7693087667824532,
            "brake": 0.0,
            "steer": 0.0
        },
        {
            "throttle": 0.7532523916805289,
            "brake": 0.0,
            "steer": 0.0
        },
        {
            "throttle": 0.727815239484093,
            "brake": 0.0,
            "steer": 0.0
        },
        {
            "throttle": 0.6937452179843824,
            "brake": 0.0,
            "steer": 0.0
        },
        {
            "throttle": 0.6520796185292709,
            "brake": 0.0,
            "steer": 0.0
        },
        {
            "throttle": 0.6041073443016084,
            "brake": 0.0,
            "steer": 0.0
        },
        {
            "throttle": 0.5513246921283017,
            "brake": 0.0,
            "steer": 0.0
        },
        {
            "throttle": 0.495385634134992,
            "brake": 0.0,
            "steer": 0.0
        },
        {
            "throttle": 0.4380478544443211,
            "brake": 0.0,
            "steer": 0.0
        },
        {
            "throttle": 0.38111602480663637,
            "brake": 0.0,
            "steer": 0.0
        },
        {
            "throttle": 0.3263839564893085,
            "brake": 0.0,
            "steer": 0.0
        },
        {
            "throttle": 0.2755773476016729,
            "brake": 0.0,
            "steer": 0.0
        },
        {
            "throttle": 0.23029885867115735,
            "brake": 0.0,
            "steer": 0.0
        },
        {
            "throttle": 0.19197719845341718,
            "brake": 0.0,
            "steer": 0.0
        },
        {
            "throttle": 0.16182179118126908,
            "brake": 0.0,
            "steer": 0.0
        },
        {
            "throttle": 0.14078443127739726,
            "brake": 0.0,
            "steer": 0.0
        },
        {
            "throttle": 0.12952911862292085,
            "brake": 0.0,
            "steer": 0.0
        },
        {
            "throttle": 0.12841101451583872,
            "brake": 0.0,
            "steer": 0.0
        },
        {
            "throttle": 0.13746517416183723,
            "brake": 0.0,
            "steer": 0.0
        },
        {
            "throttle": 0.15640540538610762,
            "brake": 0.0,
            "steer": 0.0
        },
        {
            "throttle": 0.18463328525318323,
            "brake": 0.0,
            "steer": 0.0
        },
        {
            "throttle": 0.22125704671806773,
            "brake": 0.0,
            "steer": 0.0
        },
        {
            "throttle": 0.2651197365689654,
            "brake": 0.0,
            "steer": 0.0
        },
        {
            "throttle": 0.31483575369729194,
            "brake": 0.0,
            "steer": 0.0
        },
        {
            "throttle": 0.3688346124577604,
            "brake": 0.0,
            "steer": 0.0
        },
        {
            "throttle": 0.42541054796593253,
            "brake": 0.0,
            "steer": 0.0
        },
        {
            "throttle": 0.4827763958626319,
            "brake": 0.0,
            "steer": 0.0
        },
        {
            "throttle": 0.5391200442046493,
            "brake": 0.0,
            "steer": 0.0
        },
        {
            "throttle": 0.5926616739993814,
            "brake": 0.0,
            "steer": 0.0
        },
        {
            "throttle": 0.6417099800644472,
            "brake": 0.0,
            "steer": 0.0
        },
        {
            "throttle": 0.6847155961561715,
            "brake": 0.0,
            "steer": 0.0
        },
        {
            "throttle": 0.7203200366607719,
            "brake": 0.0,
            "steer": 0.0
        },
        {
            "throttle": 0.747398608793057,
            "brake": 0.0,
            "steer": 0.0
        },
        {
            "throttle": 0.7650959397282039,
            "brake": 0.0,
            "steer": 0.0
        },
        {
            "throttle": 0.7728529963880887,
            "brake": 0.0,
            "steer": 0.0
        },
        {
            "throttle": 0.7704247443468322,
            "brake": 0.0,
            "steer": 0.0
        },
        {
            "throttle": 0.7578878880226562,
            "brake": 0.0,
            "steer": 0.0
        },
        {
            "throttle": 0.7356384476448178,
            "brake": 0.0,
            "steer": 0.0
        },
        {
            "throttle": 0.7043792495285058,
            "brake": 0.0,
            "steer": 0.0
        },
        {
            "throttle": 0.6650977248162165,
            "brake": 0.0,
            "steer": 0.0
        },
        {
            "throttle": 0.6190347179866655,
            "brake": 0.0,
            "steer": 0.0
        },
        {
            "throttle": 0.5676452904213215,
            "brake": 0.0,
            "steer": 0.0
        },
        {
            "throttle": 0.5125527571835342,
            "brake": 0.0,
            "steer": 0.0
        },
        {
            "throttle": 0.45549740891842555,
            "brake": 0.0,
            "steer": 0.0
        },
        {
            "throttle": 0.39828153867115457,
            "brake": 0.0,
            "steer": 0.0
        },
        {
            "throttle": 0.342712510143516,
            "brake": 0.0,
            "steer": 0.0
        },
        {
            "throttle": 0.29054566577703955,
            "brake": 0.0,
            "steer": 0.0
        },
        {
            "throttle": 0.24342887811052127,
            "brake": 0.0,
            "steer": 0.0
        },
        {
            "throttle": 0.20285049595142657,
            "brake": 0.0,
            "steer": 0.0
        },
        {
            "throttle": 0.1700923296635694,
            "brake": 0.0,
            "steer": 0.0
        },
        {
            "throttle": 0.14618916069537777,
            "brake": 0.0,
            "steer": 0.0
        },
        {
            "throttle": 0.13189605438208468,
            "brake": 0.0,
            "steer": 0.0
        },
        {
            "throttle": 0.12766450856146014,
            "brake": 0.0,
            "steer": 0.0
        },
        {
            "throttle": 0.13362819143258628,
            "brake": 0.0,
            "steer": 0.0
        },
        {
            "throttle": 0.1495987191773503,
            "brake": 0.0,
            "steer": 0.0
        },
        {
            "throttle": 0.17507160672325806,
            "brake": 0.0,
            "steer": 0.0
        },
        {
            "throttle": 0.20924220367186258,
            "brake": 0.0,
            "steer": 0.0
        },
        {
            "throttle": 0.2510311120006701,
            "brake": 0.0,
            "steer": 0.0
        },
        {
            "throttle": 0.29911828263135054,
            "brake": 0.0,
            "steer": 0.0
        },
        {
            "throttle": 0.3519847138046832,
            "brake": 0.0,
            "steer": 0.0
        },
        {
            "throttle": 0.40796043407297156,
            "brake": 0.0,
            "steer": 0.0
        },
        {
            "throttle": 0.465277254198999,
            "brake": 0.0,
            "steer": 0.0
        },
        {
            "throttle": 0.5221246216079796,
            "brake": 0.0,
            "steer": 0.0
        },
        {
            "throttle": 0.5767068130339477,
            "brake": 0.0,
            "steer": 0.0
        },
        {
            "throttle": 0.6272996587304762,
            "brake": 0.0,
            "steer": 0.0
        },
        {
            "throttle": 0.6723050064127917,
            "brake": 0.0,
            "steer": 0.0
        },
        {
            "throttle": 0.7103012044968574,
            "brake": 0.0,
            "steer": 0.0
        },
        {
            "throttle": 0.7400880099454503,
            "brake": 0.0,
            "steer": 0.0
        },
        {
            "throttle": 0.7607245021495745,
            "brake": 0.0,
            "steer": 0.0
        },
        {
            "throttle": 0.771558805202438,
            "brake": 0.0,
            "steer": 0.0
        },
        {
            "throttle": 0.7722486796838332,
            "brake": 0.0,
            "steer": 0.0
        },
        {
            "throttle": 0.7627723334912692,
            "brake": 0.0,
            "steer": 0.0
        },
        {
            "throttle": 0.7434291102198782,
            "brake": 0.0,
            "steer": 0.0
        },
        {
            "throttle": 0.7148300333462042,
            "brake": 0.0,
            "steer": 0.0
        },
        {
            "throttle": 0.6778785049109589,
            "brake": 0.0,
            "steer": 0.0
        },
        {
            "throttle": 0.6337417684004714,
            "brake": 0.0,
            "steer": 0.0
        },
        {
            "throttle": 0.583814037271703,
            "brake": 0.0,
            "steer": 0.0
        },
        {
            "throttle": 0.5296724538355431,
            "brake": 0.0,
            "steer": 0.0
        },
        {
            "throttle": 0.47302726969135833,
            "brake": 0.0,
            "steer": 0.0
        },
        {
            "throttle": 0.4156678214383127,
            "brake": 0.0,
            "steer": 0.0
        },
        {
            "throttle": 0.35940600820989277,
            "brake": 0.0,
            "steer": 0.0
        },
        {
            "throttle": 0.3060190564917376,
            "brake": 0.0,
            "steer": 0.0
        },
        {
            "throttle": 0.25719338019652765,
            "brake": 0.0,
            "steer": 0.0
        },
        {
            "throttle": 0.21447130937215508,
            "brake": 0.0,
            "steer": 0.0
        },
        {
            "throttle": 0.179202370303565,
            "brake": 0.0,
            "steer": 0.0
        },
        {
            "throttle": 0.1525006559969427,
            "brake": 0.0,
            "steer": 0.0
        },
        {
            "throttle": 0.1352096336488578,
            "brake": 0.0,
            "steer": 0.0
        },
        {
            "throttle": 0.1278755007797498,
            "brake": 0.0,
            "steer": 0.0
        },
        {
            "throttle": 0.13072993167162672,
            "brake": 0.0,
            "steer": 0.0
        },
        {
            "throttle": 0.14368275912419123,
            "brake": 0.0,
            "steer": 0.0
        },
        {
            "throttle": 0.16632482270176469,
            "brake": 0.0,
            "steer": 0.0
        },
        {
            "throttle": 0.19794089349915311,
            "brake": 0.0,
            "steer": 0.0
        },
        {
            "throttle": 0.2375322671524422,
            "brake": 0.0,
            "steer": 0.0
        },
        {
            "throttle": 0.28384831141531963,
            "brake": 0.0,
            "steer": 0.0
        },
        {
            "throttle": 0.3354259717601997,
            "brake": 0.0,
            "steer": 0.0
        },
        {
            "throttle": 0.3906359870813293,
            "brake": 0.0,
            "steer": 0.0
        },
        {
            "throttle": 0.4477343556149741,
            "brake": 0.0,
            "steer": 0.0
        },
        {
            "throttle": 0.5049174253452847,
            "brake": 0.0,
            "steer": 0.0
        },
        {
            "throttle": 0.5603788686723623,
            "brake": 0.0,
            "steer": 0.0
        },
        {
            "throttle": 0.6123667415980197,
            "brake": 0.0,
            "steer": 0.0
        },
        {
            "throttle": 0.6592388250149488,
            "brake": 0.0,
            "steer": 0.0
        },
        {
            "throttle": 0.6995144999507845,
            "brake": 0.0,
            "steer": 0.0
        },
        {
            "throttle": 0.731921518105737,
            "brake": 0.0,
            "steer": 0.0
        },
        {
            "throttle": 0.7554361902724973,
            "brake": 0.0,
            "steer": 0.0
        },
        {
            "throttle": 0.7693157231463735,
            "brake": 0.0,
            "steer": 0.0
        },
        {
            "throttle": 0.7731216830542169,
            "brake": 0.0,
            "steer": 0.0
        },
        {
            "throttle": 0.7667338454180523,
            "brake": 0.0,
            "steer": 0.0
        },
        {
            "throttle": 0.7503539924695841,
            "brake": 0.0,
            "steer": 0.0
        },
        {
            "throttle": 0.7244995392514574,
            "brake": 0.0,
            "steer": 0.0
        },
        {
            "throttle": 0.6899871892503591,
            "brake": 0.0,
            "steer": 0.0
        },
        {
            "throttle": 0.6479071359560471,
            "brake": 0.0,
            "steer": 0.0
        },
        {
            "throttle": 0.5995886252804534,
            "brake": 0.0,
            "steer": 0.0
        },
        {
            "throttle": 0.5465579666685059,
            "brake": 0.0,
            "steer": 0.0
        },
        {
            "throttle": 0.4904903192668425,
            "brake": 0.0,
            "steer": 0.0
        },
        {
            "throttle": 0.4331567761531991,
            "brake": 0.0,
            "steer": 0.0
        },
        {
            "throttle": 0.3763684181564747,
            "brake": 0.0,
            "steer": 0.0
        },
        {
            "throttle": 0.32191910452357964,
            "brake": 0.0,
            "steer": 0.0
        },
        {
            "throttle": 0.2715288075902857,
            "brake": 0.0,
            "steer": 0.0
        },
        {
            "throttle": 0.22678928142903088,
            "brake": 0.0,
            "steer": 0.0
        },
        {
            "throttle": 0.18911378071978602,
            "brake": 0.0,
            "steer": 0.0
        },
        {
            "throttle": 0.15969241814961188,
            "brake": 0.0,
            "steer": 0.0
        },
        {
            "throttle": 0.1394545705338453,
            "brake": 0.0,
            "steer": 0.0
        },
        {
            "throttle": 0.12903952119328943,
            "brake": 0.0,
            "steer": 0.0
        },
        {
            "throttle": 0.12877626595077926,
            "brake": 0.0,
            "steer": 0.0
        },
        {
            "throttle": 0.13867312064547152,
            "brake": 0.0,
            "steer": 0.0
        },
        {
            "throttle": 0.1584174584479301,
            "brake": 0.0,
            "steer": 0.0
        },
        {
            "throttle": 0.1873855852738305,
            "brake": 0.0,
            "steer": 0.0
        },
        {
            "throttle": 0.2246624413467428,
            "brake": 0.0,
            "steer": 0.0
        },
        {
            "throttle": 0.26907050656710724,
            "brake": 0.0,
            "steer": 0.0
        },
        {
            "throttle": 0.31920699661005336,
            "brake": 0.0,
            "steer": 0.0
        },
        {
            "throttle": 0.37348817478299456,
            "brake": 0.0,
            "steer": 0.0
        },
        {
            "throttle": 0.4301993798977287,
            "brake": 0.0,
            "steer": 0.0
        },
        {
            "throttle": 0.4875491898514306,
            "brake": 0.0,
            "steer": 0.0
        },
        {
            "throttle": 0.5437260099700665,
            "brake": 0.0,
            "steer": 0.0
        },
        {
            "throttle": 0.5969552985731452,
            "brake": 0.0,
            "steer": 0.0
        },
        {
            "throttle": 0.6455556220898535,
            "brake": 0.0,
            "steer": 0.0
        },
        {
            "throttle": 0.6879917690293378,
            "brake": 0.0,
            "steer": 0.0
        },
        {
            "throttle": 0.7229232450142993,
            "brake": 0.0,
            "steer": 0.0
        },
        {
            "throttle": 0.7492466169923604,
            "brake": 0.0,
            "steer": 0.0
        },
        {
            "throttle": 0.7661303690349318,
            "brake": 0.0,
            "steer": 0.0
        },
        {
            "throttle": 0.7730411686810565,
            "brake": 0.0,
            "steer": 0.0
        },
        {
            "throttle": 0.769760714111734,
            "brake": 0.0,
            "steer": 0.0
        },
        {
            "throttle": 0.7563926299776993,
            "brake": 0.0,
            "steer": 0.0
        },
        {
            "throttle": 0.733359194051779,
            "brake": 0.0,
            "steer": 0.0
        },
        {
            "throttle": 0.7013879981059732,
            "brake": 0.0,
            "steer": 0.0
        },
        {
            "throttle": 0.6614889643761999,
            "brake": 0.0,
            "steer": 0.0
        },
        {
            "throttle": 0.6149224436301826,
            "brake": 0.0,
            "steer": 0.0
        },
        {
            "throttle": 0.5631594025727782,
            "brake": 0.0,
            "steer": 0.0
        },
        {
            "throttle": 0.5078349582090316,
            "brake": 0.0,
            "steer": 0.0
        },
        {
            "throttle": 0.4506967269448937,
            "brake": 0.0,
            "steer": 0.0
        },
        {
            "throttle": 0.3935496200002159,
            "brake": 0.0,
            "steer": 0.0
        },
        {
            "throttle": 0.3381988289643164,
            "brake": 0.0,
            "steer": 0.0
        },
        {
            "throttle": 0.28639280249509236,
            "brake": 0.0,
            "steer": 0.0
        },
        {
            "throttle": 0.23976801544242154,
            "brake": 0.0,
            "steer": 0.0
        },
        {
            "throttle": 0.1997972750565942,
            "brake": 0.0,
            "steer": 0.0
        },
        {
            "throttle": 0.16774319721129186,
            "brake": 0.0,
            "steer": 0.0
        },
        {
            "throttle": 0.14461832225760696,
            "brake": 0.0,
            "steer": 0.0
        },
        {
            "throttle": 0.13115313038959103,
            "brake": 0.0,
            "steer": 0.0
        },
        {
            "throttle": 0.1277729668680677,
            "brake": 0.0,
            "steer": 0.0
        },
        {
            "throttle": 0.13458460600036068,
            "brake": 0.0,
            "steer": 0.0
        },
        {
            "throttle": 0.15137287829971038,
            "brake": 0.0,
            "steer": 0.0
        },
        {
            "throttle": 0.17760746736736496,
            "brake": 0.0,
            "steer": 0.0
        },
        {
            "throttle": 0.21245966179401415,
            "brake": 0.0,
            "steer": 0.0
        },
        {
            "throttle": 0.2548285329130646,
            "brake": 0.0,
            "steer": 0.0
        },
        {
            "throttle": 0.30337571148970877,
            "brake": 0.0,
            "steer": 0.0
        },
        {
            "throttle": 0.3565676648022197,
            "brake": 0.0,
            "steer": 0.0
        },
        {
            "throttle": 0.4127241386457411,
            "brake": 0.0,
            "steer": 0.0
        },
        {
            "throttle": 0.47007123404816564,
            "brake": 0.0,
            "steer": 0.0
        },
        {
            "throttle": 0.5267974420840725,
            "brake": 0.0,
            "steer": 0.0
        },
        {
            "throttle": 0.5811108667308069,
            "brake": 0.0,
            "steer": 0.0
        },
        {
            "throttle": 0.6312958281823164,
            "brake": 0.0,
            "steer": 0.0
        },
        {
            "throttle": 0.6757670586067538,
            "brake": 0.0,
            "steer": 0.0
        },
        {
            "throttle": 0.7131197783849768,
            "brake": 0.0,
            "steer": 0.0
        },
        {
            "throttle": 0.7421740709965028,
            "brake": 0.0,
            "steer": 0.0
        },
        {
            "throttle": 0.7620121548166785,
            "brake": 0.0,
            "steer": 0.0
        },
        {
            "throttle": 0.7720073744647682,
            "brake": 0.0,
            "steer": 0.0
        },
        {
            "throttle": 0.7718439959096584,
            "brake": 0.0,
            "steer": 0.0
        },
        {
            "throttle": 0.7615271800354131,
            "brake": 0.0,
            "steer": 0.0
        },
        {
            "throttle": 0.7413828196166707,
            "brake": 0.0,
            "steer": 0.0
        },
        {
            "throttle": 0.7120472448535812,
            "brake": 0.0,
            "steer": 0.0
        },
        {
            "throttle": 0.6744471226530346,
            "brake": 0.0,
            "steer": 0.0
        },
        {
            "throttle": 0.6297701846078047,
            "brake": 0.0,
            "steer": 0.0
        },
        {
            "throttle": 0.5794277083329377,
            "brake": 0.0,
            "steer": 0.0
        },
        {
            "throttle": 0.5250099373178342,
            "brake": 0.0,
            "steer": 0.0
        },
        {
            "throttle": 0.4682358475141728,
            "brake": 0.0,
            "steer": 0.0
        },
        {
            "throttle": 0.4108988474579969,
            "brake": 0.0,
            "steer": 0.0
        },
        {
            "throttle": 0.3548101271778471,
            "brake": 0.0,
            "steer": 0.0
        },
        {
            "throttle": 0.3017414454121556,
            "brake": 0.0,
            "steer": 0.0
        }
    ],
    "parameters": {
        "fog_density": 79.09977814720658,
        "precipitation": 47.512257740449705,
        "precipitation_deposits": 37.37624777763362,
        "wind_intensity": 10.991875471451213,
        "sun_altitude_angle": -14.880391924755036,
        "cloudiness": 28.47633078308034,
        "lead_base_throttle": 0.45041574875509915,
        "lead_behavior_frequency": 0.28324218315899047,
        "lead_throttle_variation": 0.36026536325711067,
        "lead_brake_probability": 0.031502390097869114,
        "lead_brake_intensity": 0.7461128827823417,
        "lead_brake_duration": 8.820893943702838,
        "initial_distance": 68.80580765500265,
        "initial_ego_velocity": 17.770435294639427,
        "initial_lead_velocity": 20.819436734821537
    },
    "config": {
        "num_timesteps": 200,
        "dt": 0.1,
        "seed": 114
    }
}