{
    "weather": {
        "cloudiness": 96.16929584295791,
        "precipitation": 49.72671117485681,
        "precipitation_deposits": 52.857152558162966,
        "wind_intensity": 25.682292181126126,
        "sun_altitude_angle": 27.338347835163354,
        "fog_density": 60.07646715329139,
        "fog_distance": 134.99076569942702,
        "wetness": 24.863355587428405
    },
    "initial_conditions": {
        "ego": {
            "position": {
                "x": 562.9311730677025,
                "y": 20.57,
                "z": 0.294
            },
            "yaw": 0.0,
            "velocity": 19.707287768888722
        },
        "lead": {
            "position": {
                "x": 484.88,
                "y": 20.57,
                "z": 0.294
            },
            "yaw": 0.0,
            "velocity": 23.93708819576931
        }
    },
    "ego": {
        "position": {
            "x": 562.9311730677025,
            "y": 20.57,
            "z": 0.294
        },
        "yaw": 0.0,
        "velocity": 19.707287768888722
    },
    "lead": {
        "position": {
            "x": 484.88,
            "y": 20.57,
            "z": 0.294
        },
        "yaw": 0.0,
        "velocity": 23.93708819576931
    },
    "ado_actions": [
        {
            "throttle": 0.5561499134376878,
            "brake": 0.0,
            "steer": 0.0
        },
        {
            "throttle": 0.5599638906409803,
            "brake": 0.0,
            "steer": 0.0
        },
        {
            "throttle": 0.5664385553794273,
            "brake": 0.0,
            "steer": 0.0
        },
        {
            "throttle": 0.5747575300737606,
            "brake": 0.0,
            "steer": 0.0
        },
        {
            "throttle": 0.5843403189463334,
            "brake": 0.0,
            "steer": 0.0
        },
        {
            "throttle": 0.594771608360513,
            "brake": 0.0,
            "steer": 0.0
        },
        {
            "throttle": 0.6057517984439824,
            "brake": 0.0,
            "steer": 0.0
        },
        {
            "throttle": 0.6170623964050295,
            "brake": 0.0,
            "steer": 0.0
        },
        {
            "throttle": 0.6285418127776651,
            "brake": 0.0,
            "steer": 0.0
        },
        {
            "throttle": 0.6400684394107558,
            "brake": 0.0,
            "steer": 0.0
        },
        {
            "throttle": 0.651548824322625,
            "brake": 0.0,
            "steer": 0.0
        },
        {
            "throttle": 0.662909413957817,
            "brake": 0.0,
            "steer": 0.0
        },
        {
            "throttle": 0.6740907921743433,
            "brake": 0.0,
            "steer": 0.0
        },
        {
            "throttle": 0.6850436664449501,
            "brake": 0.0,
            "steer": 0.0
        },
        {
            "throttle": 0.6957260765657799,
            "brake": 0.0,
            "steer": 0.0
        },
        {
            "throttle": 0.7061014585339819,
            "brake": 0.0,
            "steer": 0.0
        },
        {
            "throttle": 0.7161373064149493,
            "brake": 0.0,
            "steer": 0.0
        },
        {
            "throttle": 0.7258042521327478,
            "brake": 0.0,
            "steer": 0.0
        },
        {
            "throttle": 0.7350754370979151,
            "brake": 0.0,
            "steer": 0.0
        },
        {
            "throttle": 0.7439260873749387,
            "brake": 0.0,
            "steer": 0.0
        },
        {
            "throttle": 0.7523332305451786,
            "brake": 0.0,
            "steer": 0.0
        },
        {
            "throttle": 0.7602755109403004,
            "brake": 0.0,
            "steer": 0.0
        },
        {
            "throttle": 0.7677330728867311,
            "brake": 0.0,
            "steer": 0.0
        },
        {
            "throttle": 0.7746874906794929,
            "brake": 0.0,
            "steer": 0.0
        },
        {
            "throttle": 0.7811217303603488,
            "brake": 0.0,
            "steer": 0.0
        },
        {
            "throttle": 0.787020132826967,
            "brake": 0.0,
            "steer": 0.0
        },
        {
            "throttle": 0.7923684109182698,
            "brake": 0.0,
            "steer": 0.0
        },
        {
            "throttle": 0.7971536553063348,
            "brake": 0.0,
            "steer": 0.0
        },
        {
            "throttle": 0.8013643455571888,
            "brake": 0.0,
            "steer": 0.0
        },
        {
            "throttle": 0.8049903637975866,
            "brake": 0.0,
            "steer": 0.0
        },
        {
            "throttle": 0.8080230091796126,
            "brake": 0.0,
            "steer": 0.0
        },
        {
            "throttle": 0.8104550118657063,
            "brake": 0.0,
            "steer": 0.0
        },
        {
            "throttle": 0.8122805456307316,
            "brake": 0.0,
            "steer": 0.0
        },
        {
            "throttle": 0.8134952384420104,
            "brake": 0.0,
            "steer": 0.0
        },
        {
            "throttle": 0.8140961805657755,
            "brake": 0.0,
            "steer": 0.0
        },
        {
            "throttle": 0.8140819298822861,
            "brake": 0.0,
            "steer": 0.0
        },
        {
            "throttle": 0.8134525141880383,
            "brake": 0.0,
            "steer": 0.0
        },
        {
            "throttle": 0.8122094303333509,
            "brake": 0.0,
            "steer": 0.0
        },
        {
            "throttle": 0.8103556400950286,
            "brake": 0.0,
            "steer": 0.0
        },
        {
            "throttle": 0.8078955627222928,
            "brake": 0.0,
            "steer": 0.0
        },
        {
            "throttle": 0.8048350641236058,
            "brake": 0.0,
            "steer": 0.0
        },
        {
            "throttle": 0.801181442685067,
            "brake": 0.0,
            "steer": 0.0
        },
        {
            "throttle": 0.7969434117296308,
            "brake": 0.0,
            "steer": 0.0
        },
        {
            "throttle": 0.7921310786417767,
            "brake": 0.0,
            "steer": 0.0
        },
        {
            "throttle": 0.7867559206953794,
            "brake": 0.0,
            "steer": 0.0
        },
        {
            "throttle": 0.7808307576339992,
            "brake": 0.0,
            "steer": 0.0
        },
        {
            "throttle": 0.7743697210630922,
            "brake": 0.0,
            "steer": 0.0
        },
        {
            "throttle": 0.7673882207230058,
            "brake": 0.0,
            "steer": 0.0
        },
        {
            "throttle": 0.7599029077203144,
            "brake": 0.0,
            "steer": 0.0
        },
        {
            "throttle": 0.7519316348031615,
            "brake": 0.0,
            "steer": 0.0
        },
        {
            "throttle": 0.743493413773939,
            "brake": 0.0,
            "steer": 0.0
        },
        {
            "throttle": 0.7346083701398842,
            "brake": 0.0,
            "steer": 0.0
        },
        {
            "throttle": 0.7252976951090605,
            "brake": 0.0,
            "steer": 0.0
        },
        {
            "throttle": 0.715583595045727,
            "brake": 0.0,
            "steer": 0.0
        },
        {
            "throttle": 0.7054892385053096,
            "brake": 0.0,
            "steer": 0.0
        },
        {
            "throttle": 0.6950387009750577,
            "brake": 0.0,
            "steer": 0.0
        },
        {
            "throttle": 0.6842569074520166,
            "brake": 0.0,
            "steer": 0.0
        },
        {
            "throttle": 0.6731695729951541,
            "brake": 0.0,
            "steer": 0.0
        },
        {
            "throttle": 0.6618031413933432,
            "brake": 0.0,
            "steer": 0.0
        },
        {
            "throttle": 0.6501847220954253,
            "brake": 0.0,
            "steer": 0.0
        },
        {
            "throttle": 0.6383420255527377,
            "brake": 0.0,
            "steer": 0.0
        },
        {
            "throttle": 0.6263032971282885,
            "brake": 0.0,
            "steer": 0.0
        },
        {
            "throttle": 0.6140972497301886,
            "brake": 0.0,
            "steer": 0.0
        },
        {
            "throttle": 0.6017529953300005,
            "brake": 0.0,
            "steer": 0.0
        },
        {
            "throttle": 0.5892999755293236,
            "brake": 0.0,
            "steer": 0.0
        },
        {
            "throttle": 0.5767678913402142,
            "brake": 0.0,
            "steer": 0.0
        },
        {
            "throttle": 0.5641866323469111,
            "brake": 0.0,
            "steer": 0.0
        },
        {
            "throttle": 0.551586205417814,
            "brake": 0.0,
            "steer": 0.0
        },
        {
            "throttle": 0.5389966631377408,
            "brake": 0.0,
            "steer": 0.0
        },
        {
            "throttle": 0.5264480321311524,
            "brake": 0.0,
            "steer": 0.0
        },
        {
            "throttle": 0.5139702414472973,
            "brake": 0.0,
            "steer": 0.0
        },
        {
            "throttle": 0.5015930511780782,
            "brake": 0.0,
            "steer": 0.0
        },
        {
            "throttle": 0.4893459814788921,
            "brake": 0.0,
            "steer": 0.0
        },
        {
            "throttle": 0.4772582421617293,
            "brake": 0.0,
            "steer": 0.0
        },
        {
            "throttle": 0.4653586630284574,
            "brake": 0.0,
            "steer": 0.0
        },
        {
            "throttle": 0.4536756251104459,
            "brake": 0.0,
            "steer": 0.0
        },
        {
            "throttle": 0.44223699297852925,
            "brake": 0.0,
            "steer": 0.0
        },
        {
            "throttle": 0.4310700482847522,
            "brake": 0.0,
            "steer": 0.0
        },
        {
            "throttle": 0.42020142469440197,
            "brake": 0.0,
            "steer": 0.0
        },
        {
            "throttle": 0.40965704436351874,
            "brake": 0.0,
            "steer": 0.0
        },
        {
            "throttle": 0.3994620561133877,
            "brake": 0.0,
            "steer": 0.0
        },
        {
            "throttle": 0.3896407754494689,
            "brake": 0.0,
            "steer": 0.0
        },
        {
            "throttle": 0.3802166265678233,
            "brake": 0.0,
            "steer": 0.0
        },
        {
            "throttle": 0.37121208648735166,
            "brake": 0.0,
            "steer": 0.0
        },
        {
            "throttle": 0.36264863144109366,
            "brake": 0.0,
            "steer": 0.0
        },
        {
            "throttle": 0.354546685654446,
            "brake": 0.0,
            "steer": 0.0
        },
        {
            "throttle": 0.34692557263246676,
            "brake": 0.0,
            "steer": 0.0
        },
        {
            "throttle": 0.3398034690724463,
            "brake": 0.0,
            "steer": 0.0
        },
        {
            "throttle": 0.333197361511667,
            "brake": 0.0,
            "steer": 0.0
        },
        {
            "throttle": 0.32712300581374815,
            "brake": 0.0,
            "steer": 0.0
        },
        {
            "throttle": 0.32159488959020227,
            "brake": 0.0,
            "steer": 0.0
        },
        {
            "throttle": 0.3166261976468303,
            "brake": 0.0,
            "steer": 0.0
        },
        {
            "throttle": 0.3122287805373669,
            "brake": 0.0,
            "steer": 0.0
        },
        {
            "throttle": 0.30841312629937667,
            "brake": 0.0,
            "steer": 0.0
        },
        {
            "throttle": 0.30518833543981294,
            "brake": 0.0,
            "steer": 0.0
        },
        {
            "throttle": 0.3025620992298996,
            "brake": 0.0,
            "steer": 0.0
        },
        {
            "throttle": 0.3005406813611031,
            "brake": 0.0,
            "steer": 0.0
        },
        {
            "throttle": 0.29912890300594686,
            "brake": 0.0,
            "steer": 0.0
        },
        {
            "throttle": 0.29833013131929764,
            "brake": 0.0,
            "steer": 0.0
        },
        {
            "throttle": 0.2981462714075501,
            "brake": 0.0,
            "steer": 0.0
        },
        {
            "throttle": 0.2985777617848623,
            "brake": 0.0,
            "steer": 0.0
        },
        {
            "throttle": 0.2996235733272795,
            "brake": 0.0,
            "steer": 0.0
        },
        {
            "throttle": 0.3012812117272413,
            "brake": 0.0,
            "steer": 0.0
        },
        {
            "throttle": 0.3035467234426173,
            "brake": 0.0,
            "steer": 0.0
        },
        {
            "throttle": 0.30641470512608276,
            "brake": 0.0,
            "steer": 0.0
        },
        {
            "throttle": 0.3098783165123451,
            "brake": 0.0,
            "steer": 0.0
        },
        {
            "throttle": 0.3139292967324842,
            "brake": 0.0,
            "steer": 0.0
        },
        {
            "throttle": 0.3185579840164963,
            "brake": 0.0,
            "steer": 0.0
        },
        {
            "throttle": 0.32375333873704987,
            "brake": 0.0,
            "steer": 0.0
        },
        {
            "throttle": 0.3295029697394933,
            "brake": 0.0,
            "steer": 0.0
        },
        {
            "throttle": 0.3357931638953161,
            "brake": 0.0,
            "steer": 0.0
        },
        {
            "throttle": 0.3426089188085771,
            "brake": 0.0,
            "steer": 0.0
        },
        {
            "throttle": 0.3499339785972931,
            "brake": 0.0,
            "steer": 0.0
        },
        {
            "throttle": 0.357750872664449,
            "brake": 0.0,
            "steer": 0.0
        },
        {
            "throttle": 0.36604095736615694,
            "brake": 0.0,
            "steer": 0.0
        },
        {
            "throttle": 0.37478446047758557,
            "brake": 0.0,
            "steer": 0.0
        },
        {
            "throttle": 0.3839605283506055,
            "brake": 0.0,
            "steer": 0.0
        },
        {
            "throttle": 0.3935472756506777,
            "brake": 0.0,
            "steer": 0.0
        },
        {
            "throttle": 0.4035218375543608,
            "brake": 0.0,
            "steer": 0.0
        },
        {
            "throttle": 0.41386042428294334,
            "brake": 0.0,
            "steer": 0.0
        },
        {
            "throttle": 0.4245383778421356,
            "brake": 0.0,
            "steer": 0.0
        },
        {
            "throttle": 0.43553023083249504,
            "brake": 0.0,
            "steer": 0.0
        },
        {
            "throttle": 0.4468097671903191,
            "brake": 0.0,
            "steer": 0.0
        },
        {
            "throttle": 0.45835008471413663,
            "brake": 0.0,
            "steer": 0.0
        },
        {
            "throttle": 0.47012365922766736,
            "brake": 0.0,
            "steer": 0.0
        },
        {
            "throttle": 0.4821024102262211,
            "brake": 0.0,
            "steer": 0.0
        },
        {
            "throttle": 0.49425776784996345,
            "brake": 0.0,
            "steer": 0.0
        },
        {
            "throttle": 0.5065607410243168,
            "brake": 0.0,
            "steer": 0.0
        },
        {
            "throttle": 0.5189819866049769,
            "brake": 0.0,
            "steer": 0.0
        },
        {
            "throttle": 0.5314918793626314,
            "brake": 0.0,
            "steer": 0.0
        },
        {
            "throttle": 0.5440605826404645,
            "brake": 0.0,
            "steer": 0.0
        },
        {
            "throttle": 0.5566581195159246,
            "brake": 0.0,
            "steer": 0.0
        },
        {
            "throttle": 0.5692544442970333,
            "brake": 0.0,
            "steer": 0.0
        },
        {
            "throttle": 0.5818195141827116,
            "brake": 0.0,
            "steer": 0.0
        },
        {
            "throttle": 0.594323360916212,
            "brake": 0.0,
            "steer": 0.0
        },
        {
            "throttle": 0.6067361622607578,
            "brake": 0.0,
            "steer": 0.0
        },
        {
            "throttle": 0.6190283131269196,
            "brake": 0.0,
            "steer": 0.0
        },
        {
            "throttle": 0.6311704961820851,
            "brake": 0.0,
            "steer": 0.0
        },
        {
            "throttle": 0.643133751773615,
            "brake": 0.0,
            "steer": 0.0
        },
        {
            "throttle": 0.6548895469989177,
            "brake": 0.0,
            "steer": 0.0
        },
        {
            "throttle": 0.6664098437577046,
            "brake": 0.0,
            "steer": 0.0
        },
        {
            "throttle": 0.677667165624121,
            "brake": 0.0,
            "steer": 0.0
        },
        {
            "throttle": 0.6886346633792562,
            "brake": 0.0,
            "steer": 0.0
        },
        {
            "throttle": 0.6992861790477392,
            "brake": 0.0,
            "steer": 0.0
        },
        {
            "throttle": 0.7095963082856858,
            "brake": 0.0,
            "steer": 0.0
        },
        {
            "throttle": 0.7195404609712013,
            "brake": 0.0,
            "steer": 0.0
        },
        {
            "throttle": 0.7290949198529268,
            "brake": 0.0,
            "steer": 0.0
        },
        {
            "throttle": 0.738236897116751,
            "brake": 0.0,
            "steer": 0.0
        },
        {
            "throttle": 0.7469445887357709,
            "brake": 0.0,
            "steer": 0.0
        },
        {
            "throttle": 0.7551972264738768,
            "brake": 0.0,
            "steer": 0.0
        },
        {
            "throttle": 0.7629751274189298,
            "brake": 0.0,
            "steer": 0.0
        },
        {
            "throttle": 0.7702597409273918,
            "brake": 0.0,
            "steer": 0.0
        },
        {
            "throttle": 0.7770336928684449,
            "brake": 0.0,
            "steer": 0.0
        },
        {
            "throttle": 0.7832808270620748,
            "brake": 0.0,
            "steer": 0.0
        },
        {
            "throttle": 0.7889862438122864,
            "brake": 0.0,
            "steer": 0.0
        },
        {
            "throttle": 0.7941363354435492,
            "brake": 0.0,
            "steer": 0.0
        },
        {
            "throttle": 0.7987188187557153,
            "brake": 0.0,
            "steer": 0.0
        },
        {
            "throttle": 0.8027227643200037,
            "brake": 0.0,
            "steer": 0.0
        },
        {
            "throttle": 0.8061386225461801,
            "brake": 0.0,
            "steer": 0.0
        },
        {
            "throttle": 0.8089582464587587,
            "brake": 0.0,
            "steer": 0.0
        },
        {
            "throttle": 0.8111749111279052,
            "brake": 0.0,
            "steer": 0.0
        },
        {
            "throttle": 0.5678224377895336,
            "brake": 0.15810199394408744,
            "steer": 0.0
        },
        {
            "throttle": 0.3974757064526735,
            "brake": 0.26877338970494863,
            "steer": 0.0
        },
        {
            "throttle": 0.27823299451687145,
            "brake": 0.34624336673755146,
            "steer": 0.0
        },
        {
            "throttle": 0.19476309616181,
            "brake": 0.40047235066037346,
            "steer": 0.0
        },
        {
            "throttle": 0.136334167313267,
            "brake": 0.4384326394063488,
            "steer": 0.0
        },
        {
            "throttle": 0.09543391711928689,
            "brake": 0.4650048415285316,
            "steer": 0.0
        },
        {
            "throttle": 0.3082189408624607,
            "brake": 0.3255033890699721,
            "steer": 0.0
        },
        {
            "throttle": 0.455942971742092,
            "brake": 0.22785237234898045,
            "steer": 0.0
        },
        {
            "throttle": 0.5579493771160481,
            "brake": 0.1594966606442863,
            "steer": 0.0
        },
        {
            "throttle": 0.627781854190552,
            "brake": 0.1116476624510004,
            "steer": 0.0
        },
        {
            "throttle": 0.6749247403166041,
            "brake": 0.07815336371570028,
            "steer": 0.0
        },
        {
            "throttle": 0.7060212212552138,
            "brake": 0.054707354600990195,
            "steer": 0.0
        },
        {
            "throttle": 0.7257260670660415,
            "brake": 0.03829514822069313,
            "steer": 0.0
        },
        {
            "throttle": 0.7373025364012801,
            "brake": 0.02680660375448519,
            "steer": 0.0
        },
        {
            "throttle": 0.7430401977778796,
            "brake": 0.018764622628139632,
            "steer": 0.0
        },
        {
            "throttle": 0.7445473918572734,
            "brake": 0.013135235839697742,
            "steer": 0.0
        },
        {
            "throttle": 0.7429559415830954,
            "brake": 0.009194665087788418,
            "steer": 0.0
        },
        {
            "throttle": 0.7390644350043251,
            "brake": 0.006436265561451893,
            "steer": 0.0
        },
        {
            "throttle": 0.7334385081971138,
            "brake": 0.004505385893016325,
            "steer": 0.0
        },
        {
            "throttle": 0.7264810275104708,
            "brake": 0.003153770125111427,
            "steer": 0.0
        },
        {
            "throttle": 0.71848120063112,
            "brake": 0.0022076390875779986,
            "steer": 0.0
        },
        {
            "throttle": 0.709648937153611,
            "brake": 0.001545347361304599,
            "steer": 0.0
        },
        {
            "throttle": 0.700138883176913,
            "brake": 0.0010817431529132192,
            "steer": 0.0
        },
        {
            "throttle": 0.6900672271348043,
            "brake": 0.0007572202070392534,
            "steer": 0.0
        },
        {
            "throttle": 0.6795234449490367,
            "brake": 0.0005300541449274773,
            "steer": 0.0
        },
        {
            "throttle": 0.6685785022127009,
            "brake": 0.0003710379014492341,
            "steer": 0.0
        },
        {
            "throttle": 0.657290575845319,
            "brake": 0.00025972653101446385,
            "steer": 0.0
        },
        {
            "throttle": 0.6457090389761322,
            "brake": 0.00018180857171012468,
            "steer": 0.0
        },
        {
            "throttle": 0.6338772297334666,
            "brake": 0.00012726600019708726,
            "steer": 0.0
        },
        {
            "throttle": 0.6218343684638983,
            "brake": 8.908620013796108e-05,
            "steer": 0.0
        },
        {
            "throttle": 0.6096168785977475,
            "brake": 6.236034009657275e-05,
            "steer": 0.0
        },
        {
            "throttle": 0.5972592898630085,
            "brake": 4.365223806760092e-05,
            "steer": 0.0
        },
        {
            "throttle": 0.5847948489902104,
            "brake": 3.055656664732064e-05,
            "steer": 0.0
        },
        {
            "throttle": 0.5722559255593398,
            "brake": 2.1389596653124448e-05,
            "steer": 0.0
        },
        {
            "throttle": 0.5596742743962457,
            "brake": 1.4972717657187112e-05,
            "steer": 0.0
        },
        {
            "throttle": 0.5470811975554686,
            "brake": 1.0480902360030979e-05,
            "steer": 0.0
        },
        {
            "throttle": 0.534507636067094,
            "brake": 7.336631652021684e-06,
            "steer": 0.0
        },
        {
            "throttle": 0.5219842126235671,
            "brake": 5.135642156415179e-06,
            "steer": 0.0
        },
        {
            "throttle": 0.5095412400809884,
            "brake": 3.5949495094906248e-06,
            "steer": 0.0
        }
    ],
    "parameters": {
        "fog_density": 60.07646715329139,
        "precipitation": 49.72671117485681,
        "precipitation_deposits": 52.857152558162966,
        "wind_intensity": 25.682292181126126,
        "sun_altitude_angle": 27.338347835163354,
        "cloudiness": 96.16929584295791,
        "lead_base_throttle": 0.5561499134376878,
        "lead_behavior_frequency": 0.07773410203814766,
        "lead_throttle_variation": 0.2603982535016522,
        "lead_brake_probability": 0.02521649309787243,
        "lead_brake_intensity": 0.5270066464802915,
        "lead_brake_duration": 6.030134692118423,
        "initial_distance": 78.05117306770246,
        "initial_ego_velocity": 19.707287768888722,
        "initial_lead_velocity": 23.93708819576931
    },
    "config": {
        "num_timesteps": 200,
        "dt": 0.1,
        "seed": 198
    }
}