{
    "weather": {
        "cloudiness": 49.90584307194701,
        "precipitation": 58.411175924543414,
        "precipitation_deposits": 82.09462356876541,
        "wind_intensity": 4.677382701195748,
        "sun_altitude_angle": 25.385744047860157,
        "fog_density": 19.409207609123786,
        "fog_distance": 523.6280960698062,
        "wetness": 29.205587962271707
    },
    "initial_conditions": {
        "ego": {
            "position": {
                "x": 558.2902763296328,
                "y": 20.57,
                "z": 0.294
            },
            "yaw": 0.0,
            "velocity": 13.157674689688436
        },
        "lead": {
            "position": {
                "x": 484.88,
                "y": 20.57,
                "z": 0.294
            },
            "yaw": 0.0,
            "velocity": 17.68464243981353
        }
    },
    "ego": {
        "position": {
            "x": 558.2902763296328,
            "y": 20.57,
            "z": 0.294
        },
        "yaw": 0.0,
        "velocity": 13.157674689688436
    },
    "lead": {
        "position": {
            "x": 484.88,
            "y": 20.57,
            "z": 0.294
        },
        "yaw": 0.0,
        "velocity": 17.68464243981353
    },
    "ado_actions": [
        {
            "throttle": 0.47962171356187233,
            "brake": 0.0,
            "steer": 0.0
        },
        {
            "throttle": 0.4833021370323113,
            "brake": 0.0,
            "steer": 0.0
        },
        {
            "throttle": 0.48954721325599304,
            "brake": 0.0,
            "steer": 0.0
        },
        {
            "throttle": 0.4975642958916617,
            "brake": 0.0,
            "steer": 0.0
        },
        {
            "throttle": 0.5067869992183713,
            "brake": 0.0,
            "steer": 0.0
        },
        {
            "throttle": 0.51680742999414,
            "brake": 0.0,
            "steer": 0.0
        },
        {
            "throttle": 0.5273287858964556,
            "brake": 0.0,
            "steer": 0.0
        },
        {
            "throttle": 0.5381322101075994,
            "brake": 0.0,
            "steer": 0.0
        },
        {
            "throttle": 0.5490536246259906,
            "brake": 0.0,
            "steer": 0.0
        },
        {
            "throttle": 0.5599675479993462,
            "brake": 0.0,
            "steer": 0.0
        },
        {
            "throttle": 0.5707758013578318,
            "brake": 0.0,
            "steer": 0.0
        },
        {
            "throttle": 0.5813996353555638,
            "brake": 0.0,
            "steer": 0.0
        },
        {
            "throttle": 0.5917742507428072,
            "brake": 0.0,
            "steer": 0.0
        },
        {
            "throttle": 0.6018449933741763,
            "brake": 0.0,
            "steer": 0.0
        },
        {
            "throttle": 0.6115647201197235,
            "brake": 0.0,
            "steer": 0.0
        },
        {
            "throttle": 0.6208919831127059,
            "brake": 0.0,
            "steer": 0.0
        },
        {
            "throttle": 0.6297897854487502,
            "brake": 0.0,
            "steer": 0.0
        },
        {
            "throttle": 0.6382247354321712,
            "brake": 0.0,
            "steer": 0.0
        },
        {
            "throttle": 0.6461664782565651,
            "brake": 0.0,
            "steer": 0.0
        },
        {
            "throttle": 0.6535873202656599,
            "brake": 0.0,
            "steer": 0.0
        },
        {
            "throttle": 0.6604619863267404,
            "brake": 0.0,
            "steer": 0.0
        },
        {
            "throttle": 0.6667674686247613,
            "brake": 0.0,
            "steer": 0.0
        },
        {
            "throttle": 0.6724829376338803,
            "brake": 0.0,
            "steer": 0.0
        },
        {
            "throttle": 0.6775896947429219,
            "brake": 0.0,
            "steer": 0.0
        },
        {
            "throttle": 0.6820711521210497,
            "brake": 0.0,
            "steer": 0.0
        },
        {
            "throttle": 0.6859128296928253,
            "brake": 0.0,
            "steer": 0.0
        },
        {
            "throttle": 0.6891023620960561,
            "brake": 0.0,
            "steer": 0.0
        },
        {
            "throttle": 0.6916295106051082,
            "brake": 0.0,
            "steer": 0.0
        },
        {
            "throttle": 0.6934861764852389,
            "brake": 0.0,
            "steer": 0.0
        },
        {
            "throttle": 0.6946664132879976,
            "brake": 0.0,
            "steer": 0.0
        },
        {
            "throttle": 0.6951664363354022,
            "brake": 0.0,
            "steer": 0.0
        },
        {
            "throttle": 0.6949846281635115,
            "brake": 0.0,
            "steer": 0.0
        },
        {
            "throttle": 0.6941215390686082,
            "brake": 0.0,
            "steer": 0.0
        },
        {
            "throttle": 0.6925798821665722,
            "brake": 0.0,
            "steer": 0.0
        },
        {
            "throttle": 0.6903645225696882,
            "brake": 0.0,
            "steer": 0.0
        },
        {
            "throttle": 0.6874824604271583,
            "brake": 0.0,
            "steer": 0.0
        },
        {
            "throttle": 0.6839428076813965,
            "brake": 0.0,
            "steer": 0.0
        },
        {
            "throttle": 0.6797567584725333,
            "brake": 0.0,
            "steer": 0.0
        },
        {
            "throttle": 0.6749375531859887,
            "brake": 0.0,
            "steer": 0.0
        },
        {
            "throttle": 0.6695004361877148,
            "brake": 0.0,
            "steer": 0.0
        },
        {
            "throttle": 0.6634626073324182,
            "brake": 0.0,
            "steer": 0.0
        },
        {
            "throttle": 0.6568431673642976,
            "brake": 0.0,
            "steer": 0.0
        },
        {
            "throttle": 0.6496630573593151,
            "brake": 0.0,
            "steer": 0.0
        },
        {
            "throttle": 0.6419449923839846,
            "brake": 0.0,
            "steer": 0.0
        },
        {
            "throttle": 0.6337133895689397,
            "brake": 0.0,
            "steer": 0.0
        },
        {
            "throttle": 0.6249942908166989,
            "brake": 0.0,
            "steer": 0.0
        },
        {
            "throttle": 0.6158152803824604,
            "brake": 0.0,
            "steer": 0.0
        },
        {
            "throttle": 0.6062053975846906,
            "brake": 0.0,
            "steer": 0.0
        },
        {
            "throttle": 0.5961950449188707,
            "brake": 0.0,
            "steer": 0.0
        },
        {
            "throttle": 0.5858158918631453,
            "brake": 0.0,
            "steer": 0.0
        },
        {
            "throttle": 0.5751007746788377,
            "brake": 0.0,
            "steer": 0.0
        },
        {
            "throttle": 0.5640835925218695,
            "brake": 0.0,
            "steer": 0.0
        },
        {
            "throttle": 0.552799200193088,
            "brake": 0.0,
            "steer": 0.0
        },
        {
            "throttle": 0.5412832978663342,
            "brake": 0.0,
            "steer": 0.0
        },
        {
            "throttle": 0.529572318142788,
            "brake": 0.0,
            "steer": 0.0
        },
        {
            "throttle": 0.5177033107886863,
            "brake": 0.0,
            "steer": 0.0
        },
        {
            "throttle": 0.5057138255209026,
            "brake": 0.0,
            "steer": 0.0
        },
        {
            "throttle": 0.4936417932111089,
            "brake": 0.0,
            "steer": 0.0
        },
        {
            "throttle": 0.48152540588426807,
            "brake": 0.0,
            "steer": 0.0
        },
        {
            "throttle": 0.46940299589105133,
            "brake": 0.0,
            "steer": 0.0
        },
        {
            "throttle": 0.45731291463639956,
            "brake": 0.0,
            "steer": 0.0
        },
        {
            "throttle": 0.44529341124786675,
            "brake": 0.0,
            "steer": 0.0
        },
        {
            "throttle": 0.43338251156758,
            "brake": 0.0,
            "steer": 0.0
        },
        {
            "throttle": 0.42161789785063386,
            "brake": 0.0,
            "steer": 0.0
        },
        {
            "throttle": 0.4100367895505051,
            "brake": 0.0,
            "steer": 0.0
        },
        {
            "throttle": 0.3986758255686379,
            "brake": 0.0,
            "steer": 0.0
        },
        {
            "throttle": 0.3875709483407199,
            "brake": 0.0,
            "steer": 0.0
        },
        {
            "throttle": 0.37675729012635917,
            "brake": 0.0,
            "steer": 0.0
        },
        {
            "throttle": 0.3662690618619028,
            "brake": 0.0,
            "steer": 0.0
        },
        {
            "throttle": 0.35613944492802957,
            "brake": 0.0,
            "steer": 0.0
        },
        {
            "throttle": 0.34640048617452834,
            "brake": 0.0,
            "steer": 0.0
        },
        {
            "throttle": 0.3370829965343689,
            "brake": 0.0,
            "steer": 0.0
        },
        {
            "throttle": 0.32821645354781726,
            "brake": 0.0,
            "steer": 0.0
        },
        {
            "throttle": 0.31982890810497777,
            "brake": 0.0,
            "steer": 0.0
        },
        {
            "throttle": 0.3119468957017977,
            "brake": 0.0,
            "steer": 0.0
        },
        {
            "throttle": 0.3045953524902922,
            "brake": 0.0,
            "steer": 0.0
        },
        {
            "throttle": 0.29779753638857925,
            "brake": 0.0,
            "steer": 0.0
        },
        {
            "throttle": 0.2915749535003071,
            "brake": 0.0,
            "steer": 0.0
        },
        {
            "throttle": 0.2859472900762593,
            "brake": 0.0,
            "steer": 0.0
        },
        {
            "throttle": 0.28093235023338897,
            "brake": 0.0,
            "steer": 0.0
        },
        {
            "throttle": 0.2765459996283194,
            "brake": 0.0,
            "steer": 0.0
        },
        {
            "throttle": 0.27280211526350917,
            "brake": 0.0,
            "steer": 0.0
        },
        {
            "throttle": 0.2697125415848802,
            "brake": 0.0,
            "steer": 0.0
        },
        {
            "throttle": 0.2672870530098004,
            "brake": 0.0,
            "steer": 0.0
        },
        {
            "throttle": 0.2655333230039706,
            "brake": 0.0,
            "steer": 0.0
        },
        {
            "throttle": 0.2644568998050477,
            "brake": 0.0,
            "steer": 0.0
        },
        {
            "throttle": 0.2640611888698051,
            "brake": 0.0,
            "steer": 0.0
        },
        {
            "throttle": 0.2643474421003627,
            "brake": 0.0,
            "steer": 0.0
        },
        {
            "throttle": 0.26531475388357134,
            "brake": 0.0,
            "steer": 0.0
        },
        {
            "throttle": 0.2669600639560815,
            "brake": 0.0,
            "steer": 0.0
        },
        {
            "throttle": 0.26927816708603236,
            "brake": 0.0,
            "steer": 0.0
        },
        {
            "throttle": 0.2722617295407308,
            "brake": 0.0,
            "steer": 0.0
        },
        {
            "throttle": 0.2759013122882231,
            "brake": 0.0,
            "steer": 0.0
        },
        {
            "throttle": 0.28018540085935595,
            "brake": 0.0,
            "steer": 0.0
        },
        {
            "throttle": 0.2851004417758529,
            "brake": 0.0,
            "steer": 0.0
        },
        {
            "throttle": 0.29063088542916093,
            "brake": 0.0,
            "steer": 0.0
        },
        {
            "throttle": 0.2967592352744097,
            "brake": 0.0,
            "steer": 0.0
        },
        {
            "throttle": 0.30346610318385225,
            "brake": 0.0,
            "steer": 0.0
        },
        {
            "throttle": 0.31073027078466475,
            "brake": 0.0,
            "steer": 0.0
        },
        {
            "throttle": 0.3185287565870536,
            "brake": 0.0,
            "steer": 0.0
        },
        {
            "throttle": 0.32683688869029703,
            "brake": 0.0,
            "steer": 0.0
        },
        {
            "throttle": 0.33562838283670343,
            "brake": 0.0,
            "steer": 0.0
        },
        {
            "throttle": 0.3448754255665485,
            "brake": 0.0,
            "steer": 0.0
        },
        {
            "throttle": 0.35454876221091547,
            "brake": 0.0,
            "steer": 0.0
        },
        {
            "throttle": 0.36461778944405815,
            "brake": 0.0,
            "steer": 0.0
        },
        {
            "throttle": 0.37505065210247995,
            "brake": 0.0,
            "steer": 0.0
        },
        {
            "throttle": 0.3858143439644252,
            "brake": 0.0,
            "steer": 0.0
        },
        {
            "throttle": 0.39687481217094844,
            "brake": 0.0,
            "steer": 0.0
        },
        {
            "throttle": 0.408197064958207,
            "brake": 0.0,
            "steer": 0.0
        },
        {
            "throttle": 0.41974528236014697,
            "brake": 0.0,
            "steer": 0.0
        },
        {
            "throttle": 0.43148292953135425,
            "brake": 0.0,
            "steer": 0.0
        },
        {
            "throttle": 0.4433728723315543,
            "brake": 0.0,
            "steer": 0.0
        },
        {
            "throttle": 0.4553774948060879,
            "brake": 0.0,
            "steer": 0.0
        },
        {
            "throttle": 0.46745881819069257,
            "brake": 0.0,
            "steer": 0.0
        },
        {
            "throttle": 0.47957862106409677,
            "brake": 0.0,
            "steer": 0.0
        },
        {
            "throttle": 0.4916985602683034,
            "brake": 0.0,
            "steer": 0.0
        },
        {
            "throttle": 0.5037802922140084,
            "brake": 0.0,
            "steer": 0.0
        },
        {
            "throttle": 0.5157855941873846,
            "brake": 0.0,
            "steer": 0.0
        },
        {
            "throttle": 0.5276764852744534,
            "brake": 0.0,
            "steer": 0.0
        },
        {
            "throttle": 0.5394153465204812,
            "brake": 0.0,
            "steer": 0.0
        },
        {
            "throttle": 0.5509650399442511,
            "brake": 0.0,
            "steer": 0.0
        },
        {
            "throttle": 0.5622890260306905,
            "brake": 0.0,
            "steer": 0.0
        },
        {
            "throttle": 0.5733514793301449,
            "brake": 0.0,
            "steer": 0.0
        },
        {
            "throttle": 0.5841174017985757,
            "brake": 0.0,
            "steer": 0.0
        },
        {
            "throttle": 0.5945527335201162,
            "brake": 0.0,
            "steer": 0.0
        },
        {
            "throttle": 0.604624460461689,
            "brake": 0.0,
            "steer": 0.0
        },
        {
            "throttle": 0.6143007189187885,
            "brake": 0.0,
            "steer": 0.0
        },
        {
            "throttle": 0.6235508963219927,
            "brake": 0.0,
            "steer": 0.0
        },
        {
            "throttle": 0.6323457280852868,
            "brake": 0.0,
            "steer": 0.0
        },
        {
            "throttle": 0.6406573901897998,
            "brake": 0.0,
            "steer": 0.0
        },
        {
            "throttle": 0.6484595872100519,
            "brake": 0.0,
            "steer": 0.0
        },
        {
            "throttle": 0.6557276355042216,
            "brake": 0.0,
            "steer": 0.0
        },
        {
            "throttle": 0.6624385413052497,
            "brake": 0.0,
            "steer": 0.0
        },
        {
            "throttle": 0.6685710734657221,
            "brake": 0.0,
            "steer": 0.0
        },
        {
            "throttle": 0.6741058306263918,
            "brake": 0.0,
            "steer": 0.0
        },
        {
            "throttle": 0.6790253025958387,
            "brake": 0.0,
            "steer": 0.0
        },
        {
            "throttle": 0.6833139257470832,
            "brake": 0.0,
            "steer": 0.0
        },
        {
            "throttle": 0.686958132255896,
            "brake": 0.0,
            "steer": 0.0
        },
        {
            "throttle": 0.6899463930250304,
            "brake": 0.0,
            "steer": 0.0
        },
        {
            "throttle": 0.6922692541585768,
            "brake": 0.0,
            "steer": 0.0
        },
        {
            "throttle": 0.6939193668710493,
            "brake": 0.0,
            "steer": 0.0
        },
        {
            "throttle": 0.6948915107365787,
            "brake": 0.0,
            "steer": 0.0
        },
        {
            "throttle": 0.6951826102046617,
            "brake": 0.0,
            "steer": 0.0
        },
        {
            "throttle": 0.6947917443302121,
            "brake": 0.0,
            "steer": 0.0
        },
        {
            "throttle": 0.693720149687136,
            "brake": 0.0,
            "steer": 0.0
        },
        {
            "throttle": 0.6919712164562095,
            "brake": 0.0,
            "steer": 0.0
        },
        {
            "throttle": 0.6895504776996365,
            "brake": 0.0,
            "steer": 0.0
        },
        {
            "throttle": 0.6864655918562202,
            "brake": 0.0,
            "steer": 0.0
        },
        {
            "throttle": 0.682726318512526,
            "brake": 0.0,
            "steer": 0.0
        },
        {
            "throttle": 0.6783444875266883,
            "brake": 0.0,
            "steer": 0.0
        },
        {
            "throttle": 0.6733339616025452,
            "brake": 0.0,
            "steer": 0.0
        },
        {
            "throttle": 0.6677105924325015,
            "brake": 0.0,
            "steer": 0.0
        },
        {
            "throttle": 0.6614921705478735,
            "brake": 0.0,
            "steer": 0.0
        },
        {
            "throttle": 0.6546983690353692,
            "brake": 0.0,
            "steer": 0.0
        },
        {
            "throttle": 0.6473506812977705,
            "brake": 0.0,
            "steer": 0.0
        },
        {
            "throttle": 0.6394723530557199,
            "brake": 0.0,
            "steer": 0.0
        },
        {
            "throttle": 0.6310883088057373,
            "brake": 0.0,
            "steer": 0.0
        },
        {
            "throttle": 0.6222250729671296,
            "brake": 0.0,
            "steer": 0.0
        },
        {
            "throttle": 0.6129106859672598,
            "brake": 0.0,
            "steer": 0.0
        },
        {
            "throttle": 0.603174615530654,
            "brake": 0.0,
            "steer": 0.0
        },
        {
            "throttle": 0.5930476634525987,
            "brake": 0.0,
            "steer": 0.0
        },
        {
            "throttle": 0.5825618681521687,
            "brake": 0.0,
            "steer": 0.0
        },
        {
            "throttle": 0.5717504033129732,
            "brake": 0.0,
            "steer": 0.0
        },
        {
            "throttle": 0.5606474729322918,
            "brake": 0.0,
            "steer": 0.0
        },
        {
            "throttle": 0.5492882031106283,
            "brake": 0.0,
            "steer": 0.0
        },
        {
            "throttle": 0.5377085309240272,
            "brake": 0.0,
            "steer": 0.0
        },
        {
            "throttle": 0.5259450907307237,
            "brake": 0.0,
            "steer": 0.0
        },
        {
            "throttle": 0.514035098271818,
            "brake": 0.0,
            "steer": 0.0
        },
        {
            "throttle": 0.5020162329326409,
            "brake": 0.0,
            "steer": 0.0
        },
        {
            "throttle": 0.4899265185372972,
            "brake": 0.0,
            "steer": 0.0
        },
        {
            "throttle": 0.47780420305351756,
            "brake": 0.0,
            "steer": 0.0
        },
        {
            "throttle": 0.4656876375883901,
            "brake": 0.0,
            "steer": 0.0
        },
        {
            "throttle": 0.4536151550577936,
            "brake": 0.0,
            "steer": 0.0
        },
        {
            "throttle": 0.441624948913381,
            "brake": 0.0,
            "steer": 0.0
        },
        {
            "throttle": 0.4297549523107833,
            "brake": 0.0,
            "steer": 0.0
        },
        {
            "throttle": 0.4180427181013061,
            "brake": 0.0,
            "steer": 0.0
        },
        {
            "throttle": 0.4065253000267872,
            "brake": 0.0,
            "steer": 0.0
        },
        {
            "throttle": 0.3952391354934751,
            "brake": 0.0,
            "steer": 0.0
        },
        {
            "throttle": 0.3842199302957958,
            "brake": 0.0,
            "steer": 0.0
        },
        {
            "throttle": 0.3735025456547042,
            "brake": 0.0,
            "steer": 0.0
        },
        {
            "throttle": 0.3631208879279935,
            "brake": 0.0,
            "steer": 0.0
        },
        {
            "throttle": 0.3531078013414854,
            "brake": 0.0,
            "steer": 0.0
        },
        {
            "throttle": 0.3434949640804636,
            "brake": 0.0,
            "steer": 0.0
        },
        {
            "throttle": 0.3343127880700849,
            "brake": 0.0,
            "steer": 0.0
        },
        {
            "throttle": 0.3255903227618297,
            "brake": 0.0,
            "steer": 0.0
        },
        {
            "throttle": 0.3173551632303815,
            "brake": 0.0,
            "steer": 0.0
        },
        {
            "throttle": 0.3096333628716859,
            "brake": 0.0,
            "steer": 0.0
        },
        {
            "throttle": 0.30244935097838666,
            "brake": 0.0,
            "steer": 0.0
        },
        {
            "throttle": 0.29582585545340045,
            "brake": 0.0,
            "steer": 0.0
        },
        {
            "throttle": 0.28978383090614324,
            "brake": 0.0,
            "steer": 0.0
        },
        {
            "throttle": 0.28434239235888525,
            "brake": 0.0,
            "steer": 0.0
        },
        {
            "throttle": 0.2795187547729695,
            "brake": 0.0,
            "steer": 0.0
        },
        {
            "throttle": 0.27532817858621084,
            "brake": 0.0,
            "steer": 0.0
        },
        {
            "throttle": 0.2717839214337793,
            "brake": 0.0,
            "steer": 0.0
        },
        {
            "throttle": 0.2688971962053066,
            "brake": 0.0,
            "steer": 0.0
        },
        {
            "throttle": 0.26667713557091016,
            "brake": 0.0,
            "steer": 0.0
        },
        {
            "throttle": 0.265130763088362,
            "brake": 0.0,
            "steer": 0.0
        },
        {
            "throttle": 0.2642629709828113,
            "brake": 0.0,
            "steer": 0.0
        },
        {
            "throttle": 0.26407650466935767,
            "brake": 0.0,
            "steer": 0.0
        },
        {
            "throttle": 0.2645719540674406,
            "brake": 0.0,
            "steer": 0.0
        }
    ],
    "parameters": {
        "fog_density": 19.409207609123786,
        "precipitation": 58.411175924543414,
        "precipitation_deposits": 82.09462356876541,
        "wind_intensity": 4.677382701195748,
        "sun_altitude_angle": 25.385744047860157,
        "cloudiness": 49.90584307194701,
        "lead_base_throttle": 0.47962171356187233,
        "lead_behavior_frequency": 0.08953102537995024,
        "lead_throttle_variation": 0.21819871534774485,
        "lead_brake_probability": 0.0007141435628578163,
        "lead_brake_intensity": 0.5421322963898876,
        "lead_brake_duration": 6.838133452863344,
        "initial_distance": 73.4102763296328,
        "initial_ego_velocity": 13.157674689688436,
        "initial_lead_velocity": 17.68464243981353
    },
    "config": {
        "num_timesteps": 200,
        "dt": 0.1,
        "seed": 216
    }
}