{
    "weather": {
        "cloudiness": 67.49131532382218,
        "precipitation": 10.081202113576026,
        "precipitation_deposits": 72.59526647326163,
        "wind_intensity": 2.8949261669900803,
        "sun_altitude_angle": 86.5790292073316,
        "fog_density": 29.088795517857562,
        "fog_distance": 379.224645516746,
        "wetness": 5.040601056788013
    },
    "initial_conditions": {
        "ego": {
            "position": {
                "x": 532.939641922759,
                "y": 20.57,
                "z": 0.294
            },
            "yaw": 0.0,
            "velocity": 17.69878948795143
        },
        "lead": {
            "position": {
                "x": 484.88,
                "y": 20.57,
                "z": 0.294
            },
            "yaw": 0.0,
            "velocity": 15.16700983329981
        }
    },
    "ego": {
        "position": {
            "x": 532.939641922759,
            "y": 20.57,
            "z": 0.294
        },
        "yaw": 0.0,
        "velocity": 17.69878948795143
    },
    "lead": {
        "position": {
            "x": 484.88,
            "y": 20.57,
            "z": 0.294
        },
        "yaw": 0.0,
        "velocity": 15.16700983329981
    },
    "ado_actions": [
        {
            "throttle": 0.3303429060878528,
            "brake": 0.0,
            "steer": 0.0
        },
        {
            "throttle": 0.33195474954357457,
            "brake": 0.0,
            "steer": 0.0
        },
        {
            "throttle": 0.33468923892859204,
            "brake": 0.0,
            "steer": 0.0
        },
        {
            "throttle": 0.33819831125104866,
            "brake": 0.0,
            "steer": 0.0
        },
        {
            "throttle": 0.3422327371567697,
            "brake": 0.0,
            "steer": 0.0
        },
        {
            "throttle": 0.3466125298603765,
            "brake": 0.0,
            "steer": 0.0
        },
        {
            "throttle": 0.3512062507493117,
            "brake": 0.0,
            "steer": 0.0
        },
        {
            "throttle": 0.3559165423844436,
            "brake": 0.0,
            "steer": 0.0
        },
        {
            "throttle": 0.36067002033700857,
            "brake": 0.0,
            "steer": 0.0
        },
        {
            "throttle": 0.3654102158041099,
            "brake": 0.0,
            "steer": 0.0
        },
        {
            "throttle": 0.370092653298137,
            "brake": 0.0,
            "steer": 0.0
        },
        {
            "throttle": 0.37468142235432234,
            "brake": 0.0,
            "steer": 0.0
        },
        {
            "throttle": 0.3791467944567167,
            "brake": 0.0,
            "steer": 0.0
        },
        {
            "throttle": 0.3834635709641914,
            "brake": 0.0,
            "steer": 0.0
        },
        {
            "throttle": 0.38760994202729104,
            "brake": 0.0,
            "steer": 0.0
        },
        {
            "throttle": 0.3915667024356918,
            "brake": 0.0,
            "steer": 0.0
        },
        {
            "throttle": 0.3953167165029501,
            "brake": 0.0,
            "steer": 0.0
        },
        {
            "throttle": 0.39884455641492145,
            "brake": 0.0,
            "steer": 0.0
        },
        {
            "throttle": 0.40213626109504086,
            "brake": 0.0,
            "steer": 0.0
        },
        {
            "throttle": 0.40517917848160057,
            "brake": 0.0,
            "steer": 0.0
        },
        {
            "throttle": 0.40796186520484895,
            "brake": 0.0,
            "steer": 0.0
        },
        {
            "throttle": 0.41047402542007827,
            "brake": 0.0,
            "steer": 0.0
        },
        {
            "throttle": 0.41270647599429355,
            "brake": 0.0,
            "steer": 0.0
        },
        {
            "throttle": 0.4146511290567507,
            "brake": 0.0,
            "steer": 0.0
        },
        {
            "throttle": 0.4163009855963332,
            "brake": 0.0,
            "steer": 0.0
        },
        {
            "throttle": 0.41765013566349096,
            "brake": 0.0,
            "steer": 0.0
        },
        {
            "throttle": 0.4186937620507495,
            "brake": 0.0,
            "steer": 0.0
        },
        {
            "throttle": 0.4194281452511971,
            "brake": 0.0,
            "steer": 0.0
        },
        {
            "throttle": 0.4198506681461973,
            "brake": 0.0,
            "steer": 0.0
        },
        {
            "throttle": 0.4199598193339359,
            "brake": 0.0,
            "steer": 0.0
        },
        {
            "throttle": 0.41975519433676517,
            "brake": 0.0,
            "steer": 0.0
        },
        {
            "throttle": 0.4192374941578511,
            "brake": 0.0,
            "steer": 0.0
        },
        {
            "throttle": 0.41840852082449015,
            "brake": 0.0,
            "steer": 0.0
        },
        {
            "throttle": 0.41727116967632194,
            "brake": 0.0,
            "steer": 0.0
        },
        {
            "throttle": 0.41582941824527725,
            "brake": 0.0,
            "steer": 0.0
        },
        {
            "throttle": 0.4140883116400853,
            "brake": 0.0,
            "steer": 0.0
        },
        {
            "throttle": 0.41205394439824106,
            "brake": 0.0,
            "steer": 0.0
        },
        {
            "throttle": 0.4097334388071875,
            "brake": 0.0,
            "steer": 0.0
        },
        {
            "throttle": 0.40713491972737115,
            "brake": 0.0,
            "steer": 0.0
        },
        {
            "throttle": 0.40426748597505796,
            "brake": 0.0,
            "steer": 0.0
        },
        {
            "throttle": 0.4011411783439263,
            "brake": 0.0,
            "steer": 0.0
        },
        {
            "throttle": 0.3977669443625847,
            "brake": 0.0,
            "steer": 0.0
        },
        {
            "throttle": 0.394156599901043,
            "brake": 0.0,
            "steer": 0.0
        },
        {
            "throttle": 0.39032278775331675,
            "brake": 0.0,
            "steer": 0.0
        },
        {
            "throttle": 0.38627893333611363,
            "brake": 0.0,
            "steer": 0.0
        },
        {
            "throttle": 0.38203919765517835,
            "brake": 0.0,
            "steer": 0.0
        },
        {
            "throttle": 0.37761842770150816,
            "brake": 0.0,
            "steer": 0.0
        },
        {
            "throttle": 0.37303210444940066,
            "brake": 0.0,
            "steer": 0.0
        },
        {
            "throttle": 0.3682962886372159,
            "brake": 0.0,
            "steer": 0.0
        },
        {
            "throttle": 0.3634275645198681,
            "brake": 0.0,
            "steer": 0.0
        },
        {
            "throttle": 0.35844298178941914,
            "brake": 0.0,
            "steer": 0.0
        },
        {
            "throttle": 0.3533599958667439,
            "brake": 0.0,
            "steer": 0.0
        },
        {
            "throttle": 0.34819640677306357,
            "brake": 0.0,
            "steer": 0.0
        },
        {
            "throttle": 0.3429702967952084,
            "brake": 0.0,
            "steer": 0.0
        },
        {
            "throttle": 0.33769996716275386,
            "brake": 0.0,
            "steer": 0.0
        },
        {
            "throttle": 0.33240387395867926,
            "brake": 0.0,
            "steer": 0.0
        },
        {
            "throttle": 0.3271005634879127,
            "brake": 0.0,
            "steer": 0.0
        },
        {
            "throttle": 0.32180860733004335,
            "brake": 0.0,
            "steer": 0.0
        },
        {
            "throttle": 0.3165465373036058,
            "brake": 0.0,
            "steer": 0.0
        },
        {
            "throttle": 0.3113327805696595,
            "brake": 0.0,
            "steer": 0.0
        },
        {
            "throttle": 0.3061855951019057,
            "brake": 0.0,
            "steer": 0.0
        },
        {
            "throttle": 0.30112300574930684,
            "brake": 0.0,
            "steer": 0.0
        },
        {
            "throttle": 0.2961627411151014,
            "brake": 0.0,
            "steer": 0.0
        },
        {
            "throttle": 0.2913221714732499,
            "brake": 0.0,
            "steer": 0.0
        },
        {
            "throttle": 0.28661824793971913,
            "brake": 0.0,
            "steer": 0.0
        },
        {
            "throttle": 0.282067443111615,
            "brake": 0.0,
            "steer": 0.0
        },
        {
            "throttle": 0.27768569338203863,
            "brake": 0.0,
            "steer": 0.0
        },
        {
            "throttle": 0.2734883431326694,
            "brake": 0.0,
            "steer": 0.0
        },
        {
            "throttle": 0.26949009099950666,
            "brake": 0.0,
            "steer": 0.0
        },
        {
            "throttle": 0.2657049383999396,
            "brake": 0.0,
            "steer": 0.0
        },
        {
            "throttle": 0.26214614050139706,
            "brake": 0.0,
            "steer": 0.0
        },
        {
            "throttle": 0.25882615980327983,
            "brake": 0.0,
            "steer": 0.0
        },
        {
            "throttle": 0.25575662249472486,
            "brake": 0.0,
            "steer": 0.0
        },
        {
            "throttle": 0.1790296357463074,
            "brake": 0.08388885404067067,
            "steer": 0.0
        },
        {
            "throttle": 0.12532074502241516,
            "brake": 0.14261105186914014,
            "steer": 0.0
        },
        {
            "throttle": 0.08772452151569061,
            "brake": 0.18371659034906876,
            "steer": 0.0
        },
        {
            "throttle": 0.061407165060983426,
            "brake": 0.2124904672850188,
            "steer": 0.0
        },
        {
            "throttle": 0.042985015542688396,
            "brake": 0.23263218114018383,
            "steer": 0.0
        },
        {
            "throttle": 0.030089510879881876,
            "brake": 0.24673138083879934,
            "steer": 0.0
        },
        {
            "throttle": 0.021062657615917312,
            "brake": 0.2566008206278302,
            "steer": 0.0
        },
        {
            "throttle": 0.014743860331142118,
            "brake": 0.2635094284801518,
            "steer": 0.0
        },
        {
            "throttle": 0.010320702231799482,
            "brake": 0.2683454539767769,
            "steer": 0.0
        },
        {
            "throttle": 0.007224491562259637,
            "brake": 0.27173067182441446,
            "steer": 0.0
        },
        {
            "throttle": 0.07745344867947804,
            "brake": 0.19021147027709012,
            "steer": 0.0
        },
        {
            "throttle": 0.12698069784802266,
            "brake": 0.13314802919396307,
            "steer": 0.0
        },
        {
            "throttle": 0.1621089896492004,
            "brake": 0.09320362043577414,
            "steer": 0.0
        },
        {
            "throttle": 0.18724864136366254,
            "brake": 0.0652425343050419,
            "steer": 0.0
        },
        {
            "throttle": 0.2054849495855571,
            "brake": 0.04566977401352933,
            "steer": 0.0
        },
        {
            "throttle": 0.21897538579532233,
            "brake": 0.03196884180947053,
            "steer": 0.0
        },
        {
            "throttle": 0.22922764109133043,
            "brake": 0.02237818926662937,
            "steer": 0.0
        },
        {
            "throttle": 0.23729426639310566,
            "brake": 0.01566473248664056,
            "steer": 0.0
        },
        {
            "throttle": 0.24390893050388845,
            "brake": 0.01096531274064839,
            "steer": 0.0
        },
        {
            "throttle": 0.24958181166924548,
            "brake": 0.007675718918453872,
            "steer": 0.0
        },
        {
            "throttle": 0.2546663835391939,
            "brake": 0.00537300324291771,
            "steer": 0.0
        },
        {
            "throttle": 0.25940617812749556,
            "brake": 0.0037611022700423965,
            "steer": 0.0
        },
        {
            "throttle": 0.26396753353890595,
            "brake": 0.0026327715890296774,
            "steer": 0.0
        },
        {
            "throttle": 0.26846253185610747,
            "brake": 0.001842940112320774,
            "steer": 0.0
        },
        {
            "throttle": 0.2729650709098359,
            "brake": 0.0012900580786245417,
            "steer": 0.0
        },
        {
            "throttle": 0.2775221304852572,
            "brake": 0.0009030406550371791,
            "steer": 0.0
        },
        {
            "throttle": 0.2821616752958175,
            "brake": 0.0006321284585260253,
            "steer": 0.0
        },
        {
            "throttle": 0.28689820429818874,
            "brake": 0.0004424899209682177,
            "steer": 0.0
        },
        {
            "throttle": 0.2917366529894973,
            "brake": 0.00030974294467775237,
            "steer": 0.0
        },
        {
            "throttle": 0.2966751432734132,
            "brake": 0.00021682006127442664,
            "steer": 0.0
        },
        {
            "throttle": 0.3017069270417681,
            "brake": 0.00015177404289209865,
            "steer": 0.0
        },
        {
            "throttle": 0.30682176570897,
            "brake": 0.00010624183002446905,
            "steer": 0.0
        },
        {
            "throttle": 0.31200691519867146,
            "brake": 7.436928101712833e-05,
            "steer": 0.0
        },
        {
            "throttle": 0.31724783496467995,
            "brake": 5.2058496711989826e-05,
            "steer": 0.0
        },
        {
            "throttle": 0.3225287039851105,
            "brake": 3.6440947698392875e-05,
            "steer": 0.0
        },
        {
            "throttle": 0.327832801718165,
            "brake": 2.5508663388875012e-05,
            "steer": 0.0
        },
        {
            "throttle": 0.33314279454220974,
            "brake": 1.7856064372212506e-05,
            "steer": 0.0
        },
        {
            "throttle": 0.3384409559767875,
            "brake": 1.2499245060548753e-05,
            "steer": 0.0
        },
        {
            "throttle": 0.3437093404231741,
            "brake": 8.749471542384126e-06,
            "steer": 0.0
        },
        {
            "throttle": 0.3489299241729215,
            "brake": 6.124630079668888e-06,
            "steer": 0.0
        },
        {
            "throttle": 0.35408472324039414,
            "brake": 4.287241055768221e-06,
            "steer": 0.0
        },
        {
            "throttle": 0.359155894641523,
            "brake": 3.001068739037755e-06,
            "steer": 0.0
        },
        {
            "throttle": 0.364125825688515,
            "brake": 2.1007481173264283e-06,
            "steer": 0.0
        },
        {
            "throttle": 0.3689772144348997,
            "brake": 1.4705236821284996e-06,
            "steer": 0.0
        },
        {
            "throttle": 0.373693143402162,
            "brake": 1.0293665774899497e-06,
            "steer": 0.0
        },
        {
            "throttle": 0.3782571480188471,
            "brake": 7.205566042429648e-07,
            "steer": 0.0
        },
        {
            "throttle": 0.3826532807148243,
            "brake": 5.043896229700753e-07,
            "steer": 0.0
        },
        {
            "throttle": 0.3868661712739006,
            "brake": 3.530727360790527e-07,
            "steer": 0.0
        },
        {
            "throttle": 0.39088108381278797,
            "brake": 2.471509152553369e-07,
            "steer": 0.0
        },
        {
            "throttle": 0.39468397059243715,
            "brake": 1.730056406787358e-07,
            "steer": 0.0
        },
        {
            "throttle": 0.39826152275717797,
            "brake": 1.2110394847511507e-07,
            "steer": 0.0
        },
        {
            "throttle": 0.40160121802270166,
            "brake": 8.477276393258054e-08,
            "steer": 0.0
        },
        {
            "throttle": 0.40469136528498895,
            "brake": 5.934093475280637e-08,
            "steer": 0.0
        },
        {
            "throttle": 0.4075211460913409,
            "brake": 4.153865432696445e-08,
            "steer": 0.0
        },
        {
            "throttle": 0.41008065289644474,
            "brake": 2.9077058028875116e-08,
            "steer": 0.0
        },
        {
            "throttle": 0.41236092401721985,
            "brake": 2.035394062021258e-08,
            "steer": 0.0
        },
        {
            "throttle": 0.414353975197433,
            "brake": 1.4247758434148805e-08,
            "steer": 0.0
        },
        {
            "throttle": 0.41605282769492713,
            "brake": 9.973430903904163e-09,
            "steer": 0.0
        },
        {
            "throttle": 0.4174515328094708,
            "brake": 6.981401632732914e-09,
            "steer": 0.0
        },
        {
            "throttle": 0.4185451927767887,
            "brake": 4.886981142913039e-09,
            "steer": 0.0
        },
        {
            "throttle": 0.41932997796362614,
            "brake": 3.4208868000391273e-09,
            "steer": 0.0
        },
        {
            "throttle": 0.4198031403092436,
            "brake": 2.394620760027389e-09,
            "steer": 0.0
        },
        {
            "throttle": 0.4199630229702008,
            "brake": 1.676234532019172e-09,
            "steer": 0.0
        },
        {
            "throttle": 0.41980906613740654,
            "brake": 1.1733641724134203e-09,
            "steer": 0.0
        },
        {
            "throttle": 0.4193418090069877,
            "brake": 8.213549206893942e-10,
            "steer": 0.0
        },
        {
            "throttle": 0.4185628878994243,
            "brake": 5.74948444482576e-10,
            "steer": 0.0
        },
        {
            "throttle": 0.41747503053448076,
            "brake": 4.0246391113780313e-10,
            "steer": 0.0
        },
        {
            "throttle": 0.4160820464826417,
            "brake": 2.817247377964622e-10,
            "steer": 0.0
        },
        {
            "throttle": 0.41438881382695225,
            "brake": 1.9720731645752353e-10,
            "steer": 0.0
        },
        {
            "throttle": 0.4124012620822968,
            "brake": 1.3804512152026646e-10,
            "steer": 0.0
        },
        {
            "throttle": 0.41012635143215515,
            "brake": 9.663158506418652e-11,
            "steer": 0.0
        },
        {
            "throttle": 0.4075720483557068,
            "brake": 6.764210954493057e-11,
            "steer": 0.0
        },
        {
            "throttle": 0.4047472977307451,
            "brake": 4.7349476681451394e-11,
            "steer": 0.0
        },
        {
            "throttle": 0.40166199151017057,
            "brake": 3.3144633677015976e-11,
            "steer": 0.0
        },
        {
            "throttle": 0.39832693408180986,
            "brake": 2.320124357391118e-11,
            "steer": 0.0
        },
        {
            "throttle": 0.3947538044329042,
            "brake": 1.6240870501737824e-11,
            "steer": 0.0
        },
        {
            "throttle": 0.3909551152517895,
            "brake": 1.1368609351216476e-11,
            "steer": 0.0
        },
        {
            "throttle": 0.38694416911000773,
            "brake": 7.958026545851533e-12,
            "steer": 0.0
        },
        {
            "throttle": 0.38273501187830805,
            "brake": 5.570618582096073e-12,
            "steer": 0.0
        },
        {
            "throttle": 0.37834238353967875,
            "brake": 3.899433007467251e-12,
            "steer": 0.0
        },
        {
            "throttle": 0.3737816665716634,
            "brake": 2.7296031052270752e-12,
            "steer": 0.0
        },
        {
            "throttle": 0.3690688320787244,
            "brake": 1.9107221736589526e-12,
            "steer": 0.0
        },
        {
            "throttle": 0.36422038386329614,
            "brake": 1.3375055215612667e-12,
            "steer": 0.0
        },
        {
            "throttle": 0.35925330063138583,
            "brake": 9.362538650928867e-13,
            "steer": 0.0
        },
        {
            "throttle": 0.35418497653511377,
            "brake": 6.553777055650206e-13,
            "steer": 0.0
        },
        {
            "throttle": 0.34903316026040604,
            "brake": 4.587643938955144e-13,
            "steer": 0.0
        },
        {
            "throttle": 0.3438158928731498,
            "brake": 3.2113507572686004e-13,
            "steer": 0.0
        },
        {
            "throttle": 0.33855144464146586,
            "brake": 2.2479455300880202e-13,
            "steer": 0.0
        },
        {
            "throttle": 0.333258251055341,
            "brake": 1.573561871061614e-13,
            "steer": 0.0
        },
        {
            "throttle": 0.32795484826767163,
            "brake": 1.1014933097431298e-13,
            "steer": 0.0
        },
        {
            "throttle": 0.3226598081827969,
            "brake": 7.710453168201908e-14,
            "steer": 0.0
        },
        {
            "throttle": 0.31739167341983476,
            "brake": 5.397317217741335e-14,
            "steer": 0.0
        },
        {
            "throttle": 0.3121688923785707,
            "brake": 3.778122052418934e-14,
            "steer": 0.0
        },
        {
            "throttle": 0.30700975463529157,
            "brake": 2.6446854366932537e-14,
            "steer": 0.0
        },
        {
            "throttle": 0.3019323268948012,
            "brake": 1.8512798056852776e-14,
            "steer": 0.0
        },
        {
            "throttle": 0.296954389722906,
            "brake": 1.2958958639796941e-14,
            "steer": 0.0
        },
        {
            "throttle": 0.292093375280926,
            "brake": 9.071271047857859e-15,
            "steer": 0.0
        },
        {
            "throttle": 0.2873663062802786,
            "brake": 6.3498897335005004e-15,
            "steer": 0.0
        },
        {
            "throttle": 0.2827897363709083,
            "brake": 4.44492281345035e-15,
            "steer": 0.0
        },
        {
            "throttle": 0.2783796921723155,
            "brake": 3.1114459694152447e-15,
            "steer": 0.0
        },
        {
            "throttle": 0.2741516171501854,
            "brake": 2.1780121785906713e-15,
            "steer": 0.0
        },
        {
            "throttle": 0.27012031753515353,
            "brake": 1.5246085250134698e-15,
            "steer": 0.0
        },
        {
            "throttle": 0.266299910473096,
            "brake": 1.0672259675094288e-15,
            "steer": 0.0
        },
        {
            "throttle": 0.26270377458851357,
            "brake": 7.470581772566001e-16,
            "steer": 0.0
        },
        {
            "throttle": 0.2593445031341338,
            "brake": 5.2294072407962e-16,
            "steer": 0.0
        },
        {
            "throttle": 0.25623385989079334,
            "brake": 3.66058506855734e-16,
            "steer": 0.0
        },
        {
            "throttle": 0.25338273797203553,
            "brake": 2.562409547990138e-16,
            "steer": 0.0
        },
        {
            "throttle": 0.2508011216776844,
            "brake": 1.7936866835930965e-16,
            "steer": 0.0
        },
        {
            "throttle": 0.24849805152997928,
            "brake": 1.2555806785151676e-16,
            "steer": 0.0
        },
        {
            "throttle": 0.24648159261470937,
            "brake": 8.789064749606173e-17,
            "steer": 0.0
        },
        {
            "throttle": 0.24475880633821454,
            "brake": 6.15234532472432e-17,
            "steer": 0.0
        },
        {
            "throttle": 0.24333572569915546,
            "brake": 4.306641727307024e-17,
            "steer": 0.0
        },
        {
            "throttle": 0.2422173341616487,
            "brake": 3.014649209114917e-17,
            "steer": 0.0
        },
        {
            "throttle": 0.2414075482037507,
            "brake": 2.1102544463804415e-17,
            "steer": 0.0
        },
        {
            "throttle": 0.24090920360240387,
            "brake": 1.477178112466309e-17,
            "steer": 0.0
        },
        {
            "throttle": 0.24072404550287277,
            "brake": 1.0340246787264162e-17,
            "steer": 0.0
        },
        {
            "throttle": 0.24085272230744723,
            "brake": 7.238172751084913e-18,
            "steer": 0.0
        },
        {
            "throttle": 0.24129478340481214,
            "brake": 5.066720925759439e-18,
            "steer": 0.0
        },
        {
            "throttle": 0.24204868074803637,
            "brake": 3.546704648031607e-18,
            "steer": 0.0
        },
        {
            "throttle": 0.2431117742756544,
            "brake": 2.4826932536221247e-18,
            "steer": 0.0
        },
        {
            "throttle": 0.24448034115685677,
            "brake": 1.7378852775354873e-18,
            "steer": 0.0
        },
        {
            "throttle": 0.2461495888284138,
            "brake": 1.216519694274841e-18,
            "steer": 0.0
        },
        {
            "throttle": 0.2481136717776788,
            "brake": 8.515637859923887e-19,
            "steer": 0.0
        },
        {
            "throttle": 0.2503657120128985,
            "brake": 5.96094650194672e-19,
            "steer": 0.0
        },
        {
            "throttle": 0.2528978231491463,
            "brake": 4.1726625513627037e-19,
            "steer": 0.0
        },
        {
            "throttle": 0.2557011380255316,
            "brake": 2.920863785953892e-19,
            "steer": 0.0
        },
        {
            "throttle": 0.2587658397569741,
            "brake": 2.0446046501677243e-19,
            "steer": 0.0
        }
    ],
    "parameters": {
        "fog_density": 29.088795517857562,
        "precipitation": 10.081202113576026,
        "precipitation_deposits": 72.59526647326163,
        "wind_intensity": 2.8949261669900803,
        "sun_altitude_angle": 86.5790292073316,
        "cloudiness": 67.49131532382218,
        "lead_base_throttle": 0.3303429060878528,
        "lead_behavior_frequency": 0.09419642779298344,
        "lead_throttle_variation": 0.09083241943272778,
        "lead_brake_probability": 0.08975236548662598,
        "lead_brake_intensity": 0.27962951346890225,
        "lead_brake_duration": 10.217454561450014,
        "initial_distance": 48.059641922759006,
        "initial_ego_velocity": 17.69878948795143,
        "initial_lead_velocity": 15.16700983329981
    },
    "config": {
        "num_timesteps": 200,
        "dt": 0.1,
        "seed": 52
    }
}