{
    "weather": {
        "cloudiness": 94.52116426792173,
        "precipitation": 12.042807146581247,
        "precipitation_deposits": 73.06712220204648,
        "wind_intensity": 11.864394518004106,
        "sun_altitude_angle": 6.633867641619425,
        "fog_density": 74.41571478119748,
        "fog_distance": 83.69937019726595,
        "wetness": 6.021403573290623
    },
    "initial_conditions": {
        "ego": {
            "position": {
                "x": 545.2263633179493,
                "y": 20.57,
                "z": 0.294
            },
            "yaw": 0.0,
            "velocity": 8.60316222681963
        },
        "lead": {
            "position": {
                "x": 484.88,
                "y": 20.57,
                "z": 0.294
            },
            "yaw": 0.0,
            "velocity": 10.000302308117835
        }
    },
    "ego": {
        "position": {
            "x": 545.2263633179493,
            "y": 20.57,
            "z": 0.294
        },
        "yaw": 0.0,
        "velocity": 8.60316222681963
    },
    "lead": {
        "position": {
            "x": 484.88,
            "y": 20.57,
            "z": 0.294
        },
        "yaw": 0.0,
        "velocity": 10.000302308117835
    },
    "ado_actions": [
        {
            "throttle": 0.2200947440335781,
            "brake": 0.0,
            "steer": 0.0
        },
        {
            "throttle": 0.22107758476861655,
            "brake": 0.0,
            "steer": 0.0
        },
        {
            "throttle": 0.22274666583325226,
            "brake": 0.0,
            "steer": 0.0
        },
        {
            "throttle": 0.22489262186825404,
            "brake": 0.0,
            "steer": 0.0
        },
        {
            "throttle": 0.2273671582602218,
            "brake": 0.0,
            "steer": 0.0
        },
        {
            "throttle": 0.23006473922424553,
            "brake": 0.0,
            "steer": 0.0
        },
        {
            "throttle": 0.23290977253813805,
            "brake": 0.0,
            "steer": 0.0
        },
        {
            "throttle": 0.23584764191074348,
            "brake": 0.0,
            "steer": 0.0
        },
        {
            "throttle": 0.2388384326666413,
            "brake": 0.0,
            "steer": 0.0
        },
        {
            "throttle": 0.24185254271948453,
            "brake": 0.0,
            "steer": 0.0
        },
        {
            "throttle": 0.2448676132092148,
            "brake": 0.0,
            "steer": 0.0
        },
        {
            "throttle": 0.24786638286056561,
            "brake": 0.0,
            "steer": 0.0
        },
        {
            "throttle": 0.25083518889786194,
            "brake": 0.0,
            "steer": 0.0
        },
        {
            "throttle": 0.2537629204955278,
            "brake": 0.0,
            "steer": 0.0
        },
        {
            "throttle": 0.256640288944891,
            "brake": 0.0,
            "steer": 0.0
        },
        {
            "throttle": 0.2594593194588043,
            "brake": 0.0,
            "steer": 0.0
        },
        {
            "throttle": 0.26221299805436504,
            "brake": 0.0,
            "steer": 0.0
        },
        {
            "throttle": 0.26489502691727135,
            "brake": 0.0,
            "steer": 0.0
        },
        {
            "throttle": 0.2674996556257626,
            "brake": 0.0,
            "steer": 0.0
        },
        {
            "throttle": 0.27002156539431554,
            "brake": 0.0,
            "steer": 0.0
        },
        {
            "throttle": 0.2724557903449707,
            "brake": 0.0,
            "steer": 0.0
        },
        {
            "throttle": 0.27479766460770927,
            "brake": 0.0,
            "steer": 0.0
        },
        {
            "throttle": 0.2770427874069423,
            "brake": 0.0,
            "steer": 0.0
        },
        {
            "throttle": 0.2791870006402916,
            "brake": 0.0,
            "steer": 0.0
        },
        {
            "throttle": 0.28122637510039805,
            "brake": 0.0,
            "steer": 0.0
        },
        {
            "throttle": 0.28315720264186306,
            "brake": 0.0,
            "steer": 0.0
        },
        {
            "throttle": 0.28497599240157556,
            "brake": 0.0,
            "steer": 0.0
        },
        {
            "throttle": 0.28667946974516917,
            "brake": 0.0,
            "steer": 0.0
        },
        {
            "throttle": 0.28826457700770125,
            "brake": 0.0,
            "steer": 0.0
        },
        {
            "throttle": 0.28972847537358704,
            "brake": 0.0,
            "steer": 0.0
        },
        {
            "throttle": 0.2910685474348909,
            "brake": 0.0,
            "steer": 0.0
        },
        {
            "throttle": 0.29228240010313733,
            "brake": 0.0,
            "steer": 0.0
        },
        {
            "throttle": 0.29336786764525924,
            "brake": 0.0,
            "steer": 0.0
        },
        {
            "throttle": 0.2943230146813446,
            "brake": 0.0,
            "steer": 0.0
        },
        {
            "throttle": 0.29514613902898884,
            "brake": 0.0,
            "steer": 0.0
        },
        {
            "throttle": 0.29583577431229346,
            "brake": 0.0,
            "steer": 0.0
        },
        {
            "throttle": 0.2963906922770393,
            "brake": 0.0,
            "steer": 0.0
        },
        {
            "throttle": 0.29680990477023506,
            "brake": 0.0,
            "steer": 0.0
        },
        {
            "throttle": 0.2970926653541424,
            "brake": 0.0,
            "steer": 0.0
        },
        {
            "throttle": 0.2972384705334436,
            "brake": 0.0,
            "steer": 0.0
        },
        {
            "throttle": 0.2972470605804434,
            "brake": 0.0,
            "steer": 0.0
        },
        {
            "throttle": 0.2971184199477909,
            "brake": 0.0,
            "steer": 0.0
        },
        {
            "throttle": 0.29685277726165293,
            "brake": 0.0,
            "steer": 0.0
        },
        {
            "throttle": 0.29645060489091923,
            "brake": 0.0,
            "steer": 0.0
        },
        {
            "throttle": 0.2959126180901015,
            "brake": 0.0,
            "steer": 0.0
        },
        {
            "throttle": 0.2952397737152789,
            "brake": 0.0,
            "steer": 0.0
        },
        {
            "throttle": 0.2944332685138535,
            "brake": 0.0,
            "steer": 0.0
        },
        {
            "throttle": 0.2934945369900932,
            "brake": 0.0,
            "steer": 0.0
        },
        {
            "throttle": 0.29242524884951326,
            "brake": 0.0,
            "steer": 0.0
        },
        {
            "throttle": 0.29122730602612135,
            "brake": 0.0,
            "steer": 0.0
        },
        {
            "throttle": 0.28990283929744776,
            "brake": 0.0,
            "steer": 0.0
        },
        {
            "throttle": 0.28845420449312686,
            "brake": 0.0,
            "steer": 0.0
        },
        {
            "throttle": 0.2868839783035943,
            "brake": 0.0,
            "steer": 0.0
        },
        {
            "throttle": 0.2851949536962298,
            "brake": 0.0,
            "steer": 0.0
        },
        {
            "throttle": 0.2833901349470116,
            "brake": 0.0,
            "steer": 0.0
        },
        {
            "throttle": 0.28147273229645786,
            "brake": 0.0,
            "steer": 0.0
        },
        {
            "throttle": 0.27944615623931807,
            "brake": 0.0,
            "steer": 0.0
        },
        {
            "throttle": 0.2773140114581413,
            "brake": 0.0,
            "steer": 0.0
        },
        {
            "throttle": 0.2750800904114899,
            "brake": 0.0,
            "steer": 0.0
        },
        {
            "throttle": 0.27274836658819024,
            "brake": 0.0,
            "steer": 0.0
        },
        {
            "throttle": 0.2703229874396068,
            "brake": 0.0,
            "steer": 0.0
        },
        {
            "throttle": 0.2678082670025055,
            "brake": 0.0,
            "steer": 0.0
        },
        {
            "throttle": 0.2652086782256221,
            "brake": 0.0,
            "steer": 0.0
        },
        {
            "throttle": 0.2625288450135813,
            "brake": 0.0,
            "steer": 0.0
        },
        {
            "throttle": 0.25977353400231534,
            "brake": 0.0,
            "steer": 0.0
        },
        {
            "throttle": 0.2569476460806093,
            "brake": 0.0,
            "steer": 0.0
        },
        {
            "throttle": 0.2540562076728536,
            "brake": 0.0,
            "steer": 0.0
        },
        {
            "throttle": 0.2511043617985065,
            "brake": 0.0,
            "steer": 0.0
        },
        {
            "throttle": 0.24809735892417062,
            "brake": 0.0,
            "steer": 0.0
        },
        {
            "throttle": 0.2450405476245528,
            "brake": 0.0,
            "steer": 0.0
        },
        {
            "throttle": 0.24193936506891955,
            "brake": 0.0,
            "steer": 0.0
        },
        {
            "throttle": 0.238799327349969,
            "brake": 0.0,
            "steer": 0.0
        },
        {
            "throttle": 0.2356260196723219,
            "brake": 0.0,
            "steer": 0.0
        },
        {
            "throttle": 0.23242508641808277,
            "brake": 0.0,
            "steer": 0.0
        },
        {
            "throttle": 0.22920222110714183,
            "brake": 0.0,
            "steer": 0.0
        },
        {
            "throttle": 0.22596315627007574,
            "brake": 0.0,
            "steer": 0.0
        },
        {
            "throttle": 0.22271365325165943,
            "brake": 0.0,
            "steer": 0.0
        },
        {
            "throttle": 0.2194594919631263,
            "brake": 0.0,
            "steer": 0.0
        },
        {
            "throttle": 0.216206460601404,
            "brake": 0.0,
            "steer": 0.0
        },
        {
            "throttle": 0.21296034535361238,
            "brake": 0.0,
            "steer": 0.0
        },
        {
            "throttle": 0.20972692010513666,
            "brake": 0.0,
            "steer": 0.0
        },
        {
            "throttle": 0.20651193616958124,
            "brake": 0.0,
            "steer": 0.0
        },
        {
            "throttle": 0.2033211120588727,
            "brake": 0.0,
            "steer": 0.0
        },
        {
            "throttle": 0.20016012331170685,
            "brake": 0.0,
            "steer": 0.0
        },
        {
            "throttle": 0.1970345923984328,
            "brake": 0.0,
            "steer": 0.0
        },
        {
            "throttle": 0.1939500787203299,
            "brake": 0.0,
            "steer": 0.0
        },
        {
            "throttle": 0.19091206872106622,
            "brake": 0.0,
            "steer": 0.0
        },
        {
            "throttle": 0.18792596612792695,
            "brake": 0.0,
            "steer": 0.0
        },
        {
            "throttle": 0.18499708234017104,
            "brake": 0.0,
            "steer": 0.0
        },
        {
            "throttle": 0.18213062698161248,
            "brake": 0.0,
            "steer": 0.0
        },
        {
            "throttle": 0.17933169863422974,
            "brake": 0.0,
            "steer": 0.0
        },
        {
            "throttle": 0.17660527576928653,
            "brake": 0.0,
            "steer": 0.0
        },
        {
            "throttle": 0.17395620789209384,
            "brake": 0.0,
            "steer": 0.0
        },
        {
            "throttle": 0.17138920691616477,
            "brake": 0.0,
            "steer": 0.0
        },
        {
            "throttle": 0.1689088387821045,
            "brake": 0.0,
            "steer": 0.0
        },
        {
            "throttle": 0.1665195153361435,
            "brake": 0.0,
            "steer": 0.0
        },
        {
            "throttle": 0.1642254864827592,
            "brake": 0.0,
            "steer": 0.0
        },
        {
            "throttle": 0.16203083262534423,
            "brake": 0.0,
            "steer": 0.0
        },
        {
            "throttle": 0.1599394574083678,
            "brake": 0.0,
            "steer": 0.0
        },
        {
            "throttle": 0.15795508077393883,
            "brake": 0.0,
            "steer": 0.0
        },
        {
            "throttle": 0.1560812323451218,
            "brake": 0.0,
            "steer": 0.0
        },
        {
            "throttle": 0.15432124514777434,
            "brake": 0.0,
            "steer": 0.0
        },
        {
            "throttle": 0.15267824968207327,
            "brake": 0.0,
            "steer": 0.0
        },
        {
            "throttle": 0.1511551683542745,
            "brake": 0.0,
            "steer": 0.0
        },
        {
            "throttle": 0.14975471027861093,
            "brake": 0.0,
            "steer": 0.0
        },
        {
            "throttle": 0.148479366458574,
            "brake": 0.0,
            "steer": 0.0
        },
        {
            "throttle": 0.1473314053561504,
            "brake": 0.0,
            "steer": 0.0
        },
        {
            "throttle": 0.14631286885689446,
            "brake": 0.0,
            "steer": 0.0
        },
        {
            "throttle": 0.14542556863801376,
            "brake": 0.0,
            "steer": 0.0
        },
        {
            "throttle": 0.1446710829459275,
            "brake": 0.0,
            "steer": 0.0
        },
        {
            "throttle": 0.1440507537890299,
            "brake": 0.0,
            "steer": 0.0
        },
        {
            "throttle": 0.14356568455065138,
            "brake": 0.0,
            "steer": 0.0
        },
        {
            "throttle": 0.1432167380264639,
            "brake": 0.0,
            "steer": 0.0
        },
        {
            "throttle": 0.14300453488982082,
            "brake": 0.0,
            "steer": 0.0
        },
        {
            "throttle": 0.1429294525877614,
            "brake": 0.0,
            "steer": 0.0
        },
        {
            "throttle": 0.14299162466964344,
            "brake": 0.0,
            "steer": 0.0
        },
        {
            "throttle": 0.14319094054959808,
            "brake": 0.0,
            "steer": 0.0
        },
        {
            "throttle": 0.14352704570322972,
            "brake": 0.0,
            "steer": 0.0
        },
        {
            "throttle": 0.14399934229821065,
            "brake": 0.0,
            "steer": 0.0
        },
        {
            "throttle": 0.14460699025764925,
            "brake": 0.0,
            "steer": 0.0
        },
        {
            "throttle": 0.14534890875433987,
            "brake": 0.0,
            "steer": 0.0
        },
        {
            "throttle": 0.14622377813323692,
            "brake": 0.0,
            "steer": 0.0
        },
        {
            "throttle": 0.14723004225873362,
            "brake": 0.0,
            "steer": 0.0
        },
        {
            "throttle": 0.14836591128256993,
            "brake": 0.0,
            "steer": 0.0
        },
        {
            "throttle": 0.1496293648274469,
            "brake": 0.0,
            "steer": 0.0
        },
        {
            "throttle": 0.15101815558068432,
            "brake": 0.0,
            "steer": 0.0
        },
        {
            "throttle": 0.15252981329152968,
            "brake": 0.0,
            "steer": 0.0
        },
        {
            "throttle": 0.15416164916500863,
            "brake": 0.0,
            "steer": 0.0
        },
        {
            "throttle": 0.15591076064450135,
            "brake": 0.0,
            "steer": 0.0
        },
        {
            "throttle": 0.15777403657453803,
            "brake": 0.0,
            "steer": 0.0
        },
        {
            "throttle": 0.1597481627346304,
            "brake": 0.0,
            "steer": 0.0
        },
        {
            "throttle": 0.1618296277342965,
            "brake": 0.0,
            "steer": 0.0
        },
        {
            "throttle": 0.16401472925879246,
            "brake": 0.0,
            "steer": 0.0
        },
        {
            "throttle": 0.16629958065444322,
            "brake": 0.0,
            "steer": 0.0
        },
        {
            "throttle": 0.16868011784185719,
            "brake": 0.0,
            "steer": 0.0
        },
        {
            "throttle": 0.17115210654472973,
            "brake": 0.0,
            "steer": 0.0
        },
        {
            "throttle": 0.17371114982137678,
            "brake": 0.0,
            "steer": 0.0
        },
        {
            "throttle": 0.17635269588560232,
            "brake": 0.0,
            "steer": 0.0
        },
        {
            "throttle": 0.17907204620298878,
            "brake": 0.0,
            "steer": 0.0
        },
        {
            "throttle": 0.1818643638482095,
            "brake": 0.0,
            "steer": 0.0
        },
        {
            "throttle": 0.18472468210849785,
            "brake": 0.0,
            "steer": 0.0
        },
        {
            "throttle": 0.1876479133179702,
            "brake": 0.0,
            "steer": 0.0
        },
        {
            "throttle": 0.19062885790708872,
            "brake": 0.0,
            "steer": 0.0
        },
        {
            "throttle": 0.19366221365116829,
            "brake": 0.0,
            "steer": 0.0
        },
        {
            "throttle": 0.19674258510147632,
            "brake": 0.0,
            "steer": 0.0
        },
        {
            "throttle": 0.19986449318215113,
            "brake": 0.0,
            "steer": 0.0
        },
        {
            "throttle": 0.20302238493586813,
            "brake": 0.0,
            "steer": 0.0
        },
        {
            "throttle": 0.2062106434009197,
            "brake": 0.0,
            "steer": 0.0
        },
        {
            "throttle": 0.20942359760213985,
            "brake": 0.0,
            "steer": 0.0
        },
        {
            "throttle": 0.212655532637903,
            "brake": 0.0,
            "steer": 0.0
        },
        {
            "throttle": 0.2159006998452551,
            "brake": 0.0,
            "steer": 0.0
        },
        {
            "throttle": 0.2191533270250962,
            "brake": 0.0,
            "steer": 0.0
        },
        {
            "throttle": 0.2224076287092269,
            "brake": 0.0,
            "steer": 0.0
        },
        {
            "throttle": 0.22565781645099647,
            "brake": 0.0,
            "steer": 0.0
        },
        {
            "throttle": 0.22889810912124925,
            "brake": 0.0,
            "steer": 0.0
        },
        {
            "throttle": 0.23212274319125464,
            "brake": 0.0,
            "steer": 0.0
        },
        {
            "throttle": 0.23532598298433188,
            "brake": 0.0,
            "steer": 0.0
        },
        {
            "throttle": 0.2385021308779336,
            "brake": 0.0,
            "steer": 0.0
        },
        {
            "throttle": 0.24164553743804254,
            "brake": 0.0,
            "steer": 0.0
        },
        {
            "throttle": 0.24475061146785507,
            "brake": 0.0,
            "steer": 0.0
        },
        {
            "throttle": 0.24781182995287762,
            "brake": 0.0,
            "steer": 0.0
        },
        {
            "throttle": 0.250823747884747,
            "brake": 0.0,
            "steer": 0.0
        },
        {
            "throttle": 0.25378100794630054,
            "brake": 0.0,
            "steer": 0.0
        },
        {
            "throttle": 0.2566783500406697,
            "brake": 0.0,
            "steer": 0.0
        },
        {
            "throttle": 0.25951062064744673,
            "brake": 0.0,
            "steer": 0.0
        },
        {
            "throttle": 0.2622727819892837,
            "brake": 0.0,
            "steer": 0.0
        },
        {
            "throttle": 0.26495992099261856,
            "brake": 0.0,
            "steer": 0.0
        },
        {
            "throttle": 0.2675672580265892,
            "brake": 0.0,
            "steer": 0.0
        },
        {
            "throttle": 0.2700901554045931,
            "brake": 0.0,
            "steer": 0.0
        },
        {
            "throttle": 0.27252412563336886,
            "brake": 0.0,
            "steer": 0.0
        },
        {
            "throttle": 0.27486483939492895,
            "brake": 0.0,
            "steer": 0.0
        },
        {
            "throttle": 0.277108133247144,
            "brake": 0.0,
            "steer": 0.0
        },
        {
            "throttle": 0.2792500170292835,
            "brake": 0.0,
            "steer": 0.0
        },
        {
            "throttle": 0.2812866809593394,
            "brake": 0.0,
            "steer": 0.0
        },
        {
            "throttle": 0.2832145024105092,
            "brake": 0.0,
            "steer": 0.0
        },
        {
            "throttle": 0.28503005235478474,
            "brake": 0.0,
            "steer": 0.0
        },
        {
            "throttle": 0.2867301014621856,
            "brake": 0.0,
            "steer": 0.0
        },
        {
            "throttle": 0.2883116258447883,
            "brake": 0.0,
            "steer": 0.0
        },
        {
            "throttle": 0.2897718124353349,
            "brake": 0.0,
            "steer": 0.0
        },
        {
            "throttle": 0.29110806399085287,
            "brake": 0.0,
            "steer": 0.0
        },
        {
            "throttle": 0.29231800371238764,
            "brake": 0.0,
            "steer": 0.0
        },
        {
            "throttle": 0.29339947947262945,
            "brake": 0.0,
            "steer": 0.0
        },
        {
            "throttle": 0.2943505676439156,
            "brake": 0.0,
            "steer": 0.0
        },
        {
            "throttle": 0.29516957651979914,
            "brake": 0.0,
            "steer": 0.0
        },
        {
            "throttle": 0.29585504932409745,
            "brake": 0.0,
            "steer": 0.0
        },
        {
            "throttle": 0.29640576680206926,
            "brake": 0.0,
            "steer": 0.0
        },
        {
            "throttle": 0.2968207493891104,
            "brake": 0.0,
            "steer": 0.0
        },
        {
            "throttle": 0.2970992589531117,
            "brake": 0.0,
            "steer": 0.0
        },
        {
            "throttle": 0.29724080010737897,
            "brake": 0.0,
            "steer": 0.0
        },
        {
            "throttle": 0.29724512109178075,
            "brake": 0.0,
            "steer": 0.0
        },
        {
            "throttle": 0.29711221422055506,
            "brake": 0.0,
            "steer": 0.0
        },
        {
            "throttle": 0.29684231589598065,
            "brake": 0.0,
            "steer": 0.0
        },
        {
            "throttle": 0.2964359061878865,
            "brake": 0.0,
            "steer": 0.0
        },
        {
            "throttle": 0.2958937079797486,
            "brake": 0.0,
            "steer": 0.0
        },
        {
            "throttle": 0.2952166856828929,
            "brake": 0.0,
            "steer": 0.0
        },
        {
            "throttle": 0.29440604352109045,
            "brake": 0.0,
            "steer": 0.0
        },
        {
            "throttle": 0.2934632233885976,
            "brake": 0.0,
            "steer": 0.0
        },
        {
            "throttle": 0.29238990228544925,
            "brake": 0.0,
            "steer": 0.0
        },
        {
            "throttle": 0.2911879893345687,
            "brake": 0.0,
            "steer": 0.0
        },
        {
            "throttle": 0.2898596223859988,
            "brake": 0.0,
            "steer": 0.0
        }
    ],
    "parameters": {
        "fog_density": 74.41571478119748,
        "precipitation": 12.042807146581247,
        "precipitation_deposits": 73.06712220204648,
        "wind_intensity": 11.864394518004106,
        "sun_altitude_angle": 6.633867641619425,
        "cloudiness": 94.52116426792173,
        "lead_base_throttle": 0.2200947440335781,
        "lead_behavior_frequency": 0.06712811245998072,
        "lead_throttle_variation": 0.07769737797755179,
        "lead_brake_probability": 0.03998058212840394,
        "lead_brake_intensity": 0.6212218472189678,
        "lead_brake_duration": 5.70332007138115,
        "initial_distance": 60.3463633179493,
        "initial_ego_velocity": 8.60316222681963,
        "initial_lead_velocity": 10.000302308117835
    },
    "config": {
        "num_timesteps": 200,
        "dt": 0.1,
        "seed": 192
    }
}