{
    "weather": {
        "cloudiness": 50.578294172784375,
        "precipitation": 32.844813658198845,
        "precipitation_deposits": 67.91412436183677,
        "wind_intensity": 44.20931008601027,
        "sun_altitude_angle": -24.81644121416888,
        "fog_density": 0.09033293729888925,
        "fog_distance": 996.9934308986464,
        "wetness": 16.422406829099423
    },
    "initial_conditions": {
        "ego": {
            "position": {
                "x": 554.0497398176888,
                "y": 20.57,
                "z": 0.294
            },
            "yaw": 0.0,
            "velocity": 16.62866996896188
        },
        "lead": {
            "position": {
                "x": 484.88,
                "y": 20.57,
                "z": 0.294
            },
            "yaw": 0.0,
            "velocity": 20.589792555253357
        }
    },
    "ego": {
        "position": {
            "x": 554.0497398176888,
            "y": 20.57,
            "z": 0.294
        },
        "yaw": 0.0,
        "velocity": 16.62866996896188
    },
    "lead": {
        "position": {
            "x": 484.88,
            "y": 20.57,
            "z": 0.294
        },
        "yaw": 0.0,
        "velocity": 20.589792555253357
    },
    "ado_actions": [
        {
            "throttle": 0.47578095462990594,
            "brake": 0.0,
            "steer": 0.0
        },
        {
            "throttle": 0.4830619744123721,
            "brake": 0.0,
            "steer": 0.0
        },
        {
            "throttle": 0.49537066423749454,
            "brake": 0.0,
            "steer": 0.0
        },
        {
            "throttle": 0.5110612902047735,
            "brake": 0.0,
            "steer": 0.0
        },
        {
            "throttle": 0.528914752737558,
            "brake": 0.0,
            "steer": 0.0
        },
        {
            "throttle": 0.5480125356779024,
            "brake": 0.0,
            "steer": 0.0
        },
        {
            "throttle": 0.5676490884179539,
            "brake": 0.0,
            "steer": 0.0
        },
        {
            "throttle": 0.5872710869081299,
            "brake": 0.0,
            "steer": 0.0
        },
        {
            "throttle": 0.6064354800021263,
            "brake": 0.0,
            "steer": 0.0
        },
        {
            "throttle": 0.6247806503159551,
            "brake": 0.0,
            "steer": 0.0
        },
        {
            "throttle": 0.6420067150142221,
            "brake": 0.0,
            "steer": 0.0
        },
        {
            "throttle": 0.6578621796835731,
            "brake": 0.0,
            "steer": 0.0
        },
        {
            "throttle": 0.6721349903013548,
            "brake": 0.0,
            "steer": 0.0
        },
        {
            "throttle": 0.6846466110664973,
            "brake": 0.0,
            "steer": 0.0
        },
        {
            "throttle": 0.6952481642916205,
            "brake": 0.0,
            "steer": 0.0
        },
        {
            "throttle": 0.7038179549892061,
            "brake": 0.0,
            "steer": 0.0
        },
        {
            "throttle": 0.710259903845452,
            "brake": 0.0,
            "steer": 0.0
        },
        {
            "throttle": 0.7145025535954571,
            "brake": 0.0,
            "steer": 0.0
        },
        {
            "throttle": 0.7164984133297854,
            "brake": 0.0,
            "steer": 0.0
        },
        {
            "throttle": 0.7162234755256163,
            "brake": 0.0,
            "steer": 0.0
        },
        {
            "throttle": 0.7136767903851541,
            "brake": 0.0,
            "steer": 0.0
        },
        {
            "throttle": 0.7088800175196944,
            "brake": 0.0,
            "steer": 0.0
        },
        {
            "throttle": 0.7018769004319804,
            "brake": 0.0,
            "steer": 0.0
        },
        {
            "throttle": 0.6927326276211458,
            "brake": 0.0,
            "steer": 0.0
        },
        {
            "throttle": 0.6815330575573809,
            "brake": 0.0,
            "steer": 0.0
        },
        {
            "throttle": 0.6683837947077336,
            "brake": 0.0,
            "steer": 0.0
        },
        {
            "throttle": 0.6534091112572792,
            "brake": 0.0,
            "steer": 0.0
        },
        {
            "throttle": 0.6367507148683814,
            "brake": 0.0,
            "steer": 0.0
        },
        {
            "throttle": 0.6185663672454268,
            "brake": 0.0,
            "steer": 0.0
        },
        {
            "throttle": 0.5990283617624668,
            "brake": 0.0,
            "steer": 0.0
        },
        {
            "throttle": 0.5783218712003589,
            "brake": 0.0,
            "steer": 0.0
        },
        {
            "throttle": 0.5566431788886032,
            "brake": 0.0,
            "steer": 0.0
        },
        {
            "throttle": 0.5341978083645276,
            "brake": 0.0,
            "steer": 0.0
        },
        {
            "throttle": 0.5111985681230841,
            "brake": 0.0,
            "steer": 0.0
        },
        {
            "throttle": 0.487863529184477,
            "brake": 0.0,
            "steer": 0.0
        },
        {
            "throttle": 0.4644139540880735,
            "brake": 0.0,
            "steer": 0.0
        },
        {
            "throttle": 0.4410721965525602,
            "brake": 0.0,
            "steer": 0.0
        },
        {
            "throttle": 0.41805959144011196,
            "brake": 0.0,
            "steer": 0.0
        },
        {
            "throttle": 0.395594354838028,
            "brake": 0.0,
            "steer": 0.0
        },
        {
            "throttle": 0.3738895140339694,
            "brake": 0.0,
            "steer": 0.0
        },
        {
            "throttle": 0.26172265982377857,
            "brake": 0.030222045258352738,
            "steer": 0.0
        },
        {
            "throttle": 0.18320586187664498,
            "brake": 0.051377476939199654,
            "steer": 0.0
        },
        {
            "throttle": 0.12824410331365146,
            "brake": 0.0661862791157925,
            "steer": 0.0
        },
        {
            "throttle": 0.08977087231955602,
            "brake": 0.07655244063940748,
            "steer": 0.0
        },
        {
            "throttle": 0.06283961062368922,
            "brake": 0.08380875370593797,
            "steer": 0.0
        },
        {
            "throttle": 0.04398772743658245,
            "brake": 0.08888817285250931,
            "steer": 0.0
        },
        {
            "throttle": 0.03079140920560771,
            "brake": 0.09244376625510925,
            "steer": 0.0
        },
        {
            "throttle": 0.021553986443925397,
            "brake": 0.09493268163692922,
            "steer": 0.0
        },
        {
            "throttle": 0.015087790510747778,
            "brake": 0.0966749224042032,
            "steer": 0.0
        },
        {
            "throttle": 0.010561453357523443,
            "brake": 0.09789449094129496,
            "steer": 0.0
        },
        {
            "throttle": 0.00739301735026641,
            "brake": 0.0987481889172592,
            "steer": 0.0
        },
        {
            "throttle": 0.005175112145186486,
            "brake": 0.09934577750043416,
            "steer": 0.0
        },
        {
            "throttle": 0.00362257850163054,
            "brake": 0.09976408950865664,
            "steer": 0.0
        },
        {
            "throttle": 0.002535804951141378,
            "brake": 0.10005690791441238,
            "steer": 0.0
        },
        {
            "throttle": 0.0017750634657989644,
            "brake": 0.1002618807984414,
            "steer": 0.0
        },
        {
            "throttle": 0.001242544426059275,
            "brake": 0.1004053618172617,
            "steer": 0.0
        },
        {
            "throttle": 0.0008697810982414924,
            "brake": 0.10050579853043592,
            "steer": 0.0
        },
        {
            "throttle": 0.0006088467687690446,
            "brake": 0.10057610422965788,
            "steer": 0.0
        },
        {
            "throttle": 0.0004261927381383312,
            "brake": 0.10062531821911325,
            "steer": 0.0
        },
        {
            "throttle": 0.0002983349166968318,
            "brake": 0.10065976801173201,
            "steer": 0.0
        },
        {
            "throttle": 0.00020883444168778227,
            "brake": 0.10068388286656516,
            "steer": 0.0
        },
        {
            "throttle": 0.00014618410918144757,
            "brake": 0.10070076326494834,
            "steer": 0.0
        },
        {
            "throttle": 0.00010232887642701329,
            "brake": 0.10071257954381657,
            "steer": 0.0
        },
        {
            "throttle": 7.16302134989093e-05,
            "brake": 0.10072085093902433,
            "steer": 0.0
        },
        {
            "throttle": 0.13915889814414012,
            "brake": 0.07050459565731702,
            "steer": 0.0
        },
        {
            "throttle": 0.2438096510861898,
            "brake": 0.04935321696012191,
            "steer": 0.0
        },
        {
            "throttle": 0.324320097594168,
            "brake": 0.034547251872085336,
            "steer": 0.0
        },
        {
            "throttle": 0.3878287873530878,
            "brake": 0.024183076310459732,
            "steer": 0.0
        },
        {
            "throttle": 0.4392648907004758,
            "brake": 0.01692815341732181,
            "steer": 0.0
        },
        {
            "throttle": 0.4820126373565303,
            "brake": 0.011849707392125267,
            "steer": 0.0
        },
        {
            "throttle": 0.5183770511912714,
            "brake": 0.008294795174487687,
            "steer": 0.0
        },
        {
            "throttle": 0.549910570857003,
            "brake": 0.0058063566221413804,
            "steer": 0.0
        },
        {
            "throttle": 0.5776422634165863,
            "brake": 0.004064449635498966,
            "steer": 0.0
        },
        {
            "throttle": 0.6022388204666225,
            "brake": 0.002845114744849276,
            "steer": 0.0
        },
        {
            "throttle": 0.6241177642218245,
            "brake": 0.0019915803213944932,
            "steer": 0.0
        },
        {
            "throttle": 0.6435271579621866,
            "brake": 0.0013941062249761451,
            "steer": 0.0
        },
        {
            "throttle": 0.6606018225033484,
            "brake": 0.0009758743574833015,
            "steer": 0.0
        },
        {
            "throttle": 0.6754030558776881,
            "brake": 0.000683112050238311,
            "steer": 0.0
        },
        {
            "throttle": 0.6879467507663377,
            "brake": 0.0004781784351668176,
            "steer": 0.0
        },
        {
            "throttle": 0.6982233328859543,
            "brake": 0.00033472490461677233,
            "steer": 0.0
        },
        {
            "throttle": 0.7062119141436105,
            "brake": 0.0002343074332317406,
            "steer": 0.0
        },
        {
            "throttle": 0.7118903343678495,
            "brake": 0.0001640152032622184,
            "steer": 0.0
        },
        {
            "throttle": 0.7152422620059008,
            "brake": 0.00011481064228355287,
            "steer": 0.0
        },
        {
            "throttle": 0.716262172382174,
            "brake": 8.0367449598487e-05,
            "steer": 0.0
        },
        {
            "throttle": 0.7149587764609323,
            "brake": 5.62572147189409e-05,
            "steer": 0.0
        },
        {
            "throttle": 0.7113573017043764,
            "brake": 3.938005030325863e-05,
            "steer": 0.0
        },
        {
            "throttle": 0.7055009072710648,
            "brake": 2.7566035212281038e-05,
            "steer": 0.0
        },
        {
            "throttle": 0.6974514328462973,
            "brake": 1.9296224648596725e-05,
            "steer": 0.0
        },
        {
            "throttle": 0.6872896229016043,
            "brake": 1.3507357254017706e-05,
            "steer": 0.0
        },
        {
            "throttle": 0.6751149284854134,
            "brake": 9.455150077812394e-06,
            "steer": 0.0
        },
        {
            "throttle": 0.661044961384514,
            "brake": 6.6186050544686756e-06,
            "steer": 0.0
        },
        {
            "throttle": 0.6452146569043923,
            "brake": 4.633023538128072e-06,
            "steer": 0.0
        },
        {
            "throttle": 0.6277751889579797,
            "brake": 3.2431164766896504e-06,
            "steer": 0.0
        },
        {
            "throttle": 0.6088926727760129,
            "brake": 2.2701815336827553e-06,
            "steer": 0.0
        },
        {
            "throttle": 0.5887466850585401,
            "brake": 1.5891270735779287e-06,
            "steer": 0.0
        },
        {
            "throttle": 0.5675286278629461,
            "brake": 1.11238895150455e-06,
            "steer": 0.0
        },
        {
            "throttle": 0.545439960326951,
            "brake": 7.786722660531849e-07,
            "steer": 0.0
        },
        {
            "throttle": 0.5226903210032161,
            "brake": 5.450705862372294e-07,
            "steer": 0.0
        },
        {
            "throttle": 0.4994955628169193,
            "brake": 3.8154941036606054e-07,
            "steer": 0.0
        },
        {
            "throttle": 0.47607572222442707,
            "brake": 2.6708458725624234e-07,
            "steer": 0.0
        },
        {
            "throttle": 0.4526529438918891,
            "brake": 1.8695921107936963e-07,
            "steer": 0.0
        },
        {
            "throttle": 0.42944938201608446,
            "brake": 1.3087144775555872e-07,
            "steer": 0.0
        },
        {
            "throttle": 0.40668509919854906,
            "brake": 9.16100134288911e-08,
            "steer": 0.0
        },
        {
            "throttle": 0.3845759835042566,
            "brake": 6.412700940022376e-08,
            "steer": 0.0
        },
        {
            "throttle": 0.3633317039516134,
            "brake": 4.488890658015663e-08,
            "steer": 0.0
        },
        {
            "throttle": 0.3431537241676492,
            "brake": 3.142223460610964e-08,
            "steer": 0.0
        },
        {
            "throttle": 0.32423339328680273,
            "brake": 2.199556422427675e-08,
            "steer": 0.0
        },
        {
            "throttle": 0.3067501323664854,
            "brake": 1.5396894956993724e-08,
            "steer": 0.0
        },
        {
            "throttle": 0.29086973363592905,
            "brake": 1.0777826469895605e-08,
            "steer": 0.0
        },
        {
            "throttle": 0.27674278878921454,
            "brake": 7.544478528926923e-09,
            "steer": 0.0
        },
        {
            "throttle": 0.2645032612847417,
            "brake": 5.281134970248846e-09,
            "steer": 0.0
        },
        {
            "throttle": 0.1851522828993192,
            "brake": 0.030222048955147216,
            "steer": 0.0
        },
        {
            "throttle": 0.12960659802952343,
            "brake": 0.05137747952695579,
            "steer": 0.0
        },
        {
            "throttle": 0.0907246186206664,
            "brake": 0.06618628092722179,
            "steer": 0.0
        },
        {
            "throttle": 0.06350723303446648,
            "brake": 0.07655244190740798,
            "steer": 0.0
        },
        {
            "throttle": 0.04445506312412653,
            "brake": 0.08380875459353831,
            "steer": 0.0
        },
        {
            "throttle": 0.03111854418688857,
            "brake": 0.08888817347382955,
            "steer": 0.0
        },
        {
            "throttle": 0.021782980930821996,
            "brake": 0.09244376669003342,
            "steer": 0.0
        },
        {
            "throttle": 0.015248086651575397,
            "brake": 0.09493268194137613,
            "steer": 0.0
        },
        {
            "throttle": 0.010673660656102778,
            "brake": 0.09667492261731603,
            "steer": 0.0
        },
        {
            "throttle": 0.0074715624592719436,
            "brake": 0.09789449109047396,
            "steer": 0.0
        },
        {
            "throttle": 0.00523009372149036,
            "brake": 0.0987481890216845,
            "steer": 0.0
        },
        {
            "throttle": 0.003661065605043252,
            "brake": 0.09934577757353188,
            "steer": 0.0
        },
        {
            "throttle": 0.002562745923530276,
            "brake": 0.09976408955982505,
            "steer": 0.0
        },
        {
            "throttle": 0.0017939221464711931,
            "brake": 0.10005690795023026,
            "steer": 0.0
        },
        {
            "throttle": 0.0012557455025298352,
            "brake": 0.10026188082351392,
            "steer": 0.0
        },
        {
            "throttle": 0.0008790218517708845,
            "brake": 0.10040536183481247,
            "steer": 0.0
        },
        {
            "throttle": 0.0006153152962396192,
            "brake": 0.10050579854272146,
            "steer": 0.0
        },
        {
            "throttle": 0.0004307207073677334,
            "brake": 0.10057610423825775,
            "steer": 0.0
        },
        {
            "throttle": 0.00030150449515741335,
            "brake": 0.10062531822513315,
            "steer": 0.0
        },
        {
            "throttle": 0.00021105314661018935,
            "brake": 0.10065976801594595,
            "steer": 0.0
        },
        {
            "throttle": 0.00014773720262713255,
            "brake": 0.1006838828695149,
            "steer": 0.0
        },
        {
            "throttle": 0.00010341604183899277,
            "brake": 0.10070076326701316,
            "steer": 0.0
        },
        {
            "throttle": 7.239122928729494e-05,
            "brake": 0.10071257954526194,
            "steer": 0.0
        },
        {
            "throttle": 5.0673860501106453e-05,
            "brake": 0.1007208509400361,
            "steer": 0.0
        },
        {
            "throttle": 0.18410801518144346,
            "brake": 0.07050459565802526,
            "steer": 0.0
        },
        {
            "throttle": 0.31882233761946566,
            "brake": 0.04935321696061768,
            "steer": 0.0
        },
        {
            "throttle": 0.41854884491810607,
            "brake": 0.03454725187243238,
            "steer": 0.0
        },
        {
            "throttle": 0.49328472194213546,
            "brake": 0.024183076310702663,
            "steer": 0.0
        },
        {
            "throttle": 0.5499812737280578,
            "brake": 0.016928153417491862,
            "steer": 0.0
        },
        {
            "throttle": 0.5934628658931385,
            "brake": 0.011849707392244302,
            "steer": 0.0
        },
        {
            "throttle": 0.6270705769085235,
            "brake": 0.008294795174571011,
            "steer": 0.0
        },
        {
            "throttle": 0.6531130958542811,
            "brake": 0.005806356622199707,
            "steer": 0.0
        },
        {
            "throttle": 0.6731826359536893,
            "brake": 0.004064449635539795,
            "steer": 0.0
        },
        {
            "throttle": 0.688376300391321,
            "brake": 0.002845114744877856,
            "steer": 0.0
        },
        {
            "throttle": 0.6994512038217565,
            "brake": 0.0019915803214144994,
            "steer": 0.0
        },
        {
            "throttle": 0.7069331603849225,
            "brake": 0.0013941062249901495,
            "steer": 0.0
        },
        {
            "throttle": 0.7111928048229247,
            "brake": 0.0009758743574931046,
            "steer": 0.0
        },
        {
            "throttle": 0.7124988529401545,
            "brake": 0.0006831120502451732,
            "steer": 0.0
        },
        {
            "throttle": 0.7110552960065539,
            "brake": 0.0004781784351716212,
            "steer": 0.0
        },
        {
            "throttle": 0.7070272861576643,
            "brake": 0.0003347249046201348,
            "steer": 0.0
        },
        {
            "throttle": 0.7005590441578734,
            "brake": 0.00023430743323409436,
            "steer": 0.0
        },
        {
            "throttle": 0.6917861234938456,
            "brake": 0.00016401520326386605,
            "steer": 0.0
        },
        {
            "throttle": 0.6808436671480704,
            "brake": 0.00011481064228470622,
            "steer": 0.0
        },
        {
            "throttle": 0.6678718056086839,
            "brake": 8.036744959929436e-05,
            "steer": 0.0
        },
        {
            "throttle": 0.6530190037247239,
            "brake": 5.6257214719506044e-05,
            "steer": 0.0
        },
        {
            "throttle": 0.6364439258274055,
            "brake": 3.9380050303654226e-05,
            "steer": 0.0
        },
        {
            "throttle": 0.6183162222415042,
            "brake": 2.7566035212557957e-05,
            "steer": 0.0
        },
        {
            "throttle": 0.5988165242959336,
            "brake": 1.929622464879057e-05,
            "steer": 0.0
        },
        {
            "throttle": 0.5781358540779716,
            "brake": 1.3507357254153397e-05,
            "steer": 0.0
        },
        {
            "throttle": 0.5564745988662653,
            "brake": 9.455150077907377e-06,
            "steer": 0.0
        },
        {
            "throttle": 0.534041161004368,
            "brake": 6.618605054535163e-06,
            "steer": 0.0
        },
        {
            "throttle": 0.5110503667432889,
            "brake": 4.633023538174614e-06,
            "steer": 0.0
        },
        {
            "throttle": 0.4877216986494719,
            "brake": 3.24311647672223e-06,
            "steer": 0.0
        },
        {
            "throttle": 0.46427740299532627,
            "brake": 2.2701815337055608e-06,
            "steer": 0.0
        },
        {
            "throttle": 0.4409405143382584,
            "brake": 1.5891270735938925e-06,
            "steer": 0.0
        },
        {
            "throttle": 0.41793283300177836,
            "brake": 1.1123889515157247e-06,
            "steer": 0.0
        },
        {
            "throttle": 0.39547288652449214,
            "brake": 7.786722660610073e-07,
            "steer": 0.0
        },
        {
            "throttle": 0.3737739027287728,
            "brake": 5.45070586242705e-07,
            "steer": 0.0
        },
        {
            "throttle": 0.3530418194544686,
            "brake": 3.8154941036989347e-07,
            "steer": 0.0
        },
        {
            "throttle": 0.33347335390796273,
            "brake": 2.670845872589254e-07,
            "steer": 0.0
        },
        {
            "throttle": 0.31525415278842045,
            "brake": 1.869592110812478e-07,
            "steer": 0.0
        },
        {
            "throttle": 0.29855704273086603,
            "brake": 1.3087144775687345e-07,
            "steer": 0.0
        },
        {
            "throttle": 0.2835403990551097,
            "brake": 9.161001342981142e-08,
            "steer": 0.0
        },
        {
            "throttle": 0.2703466492681379,
            "brake": 6.412700940086799e-08,
            "steer": 0.0
        },
        {
            "throttle": 0.25910092619607694,
            "brake": 4.488890658060759e-08,
            "steer": 0.0
        },
        {
            "throttle": 0.24990988399736602,
            "brake": 3.142223460642531e-08,
            "steer": 0.0
        },
        {
            "throttle": 0.24286068862031912,
            "brake": 2.1995564224497715e-08,
            "steer": 0.0
        },
        {
            "throttle": 0.23802019251331674,
            "brake": 1.53968949571484e-08,
            "steer": 0.0
        },
        {
            "throttle": 0.23543430157814133,
            "brake": 1.077782647000388e-08,
            "steer": 0.0
        },
        {
            "throttle": 0.23512754048462547,
            "brake": 7.544478529002716e-09,
            "steer": 0.0
        },
        {
            "throttle": 0.23710282054922788,
            "brake": 5.281134970301901e-09,
            "steer": 0.0
        },
        {
            "throttle": 0.24134141243511043,
            "brake": 3.6967944792113306e-09,
            "steer": 0.0
        },
        {
            "throttle": 0.24780312397209825,
            "brake": 2.587756135447931e-09,
            "steer": 0.0
        },
        {
            "throttle": 0.25642668143795866,
            "brake": 1.8114292948135517e-09,
            "steer": 0.0
        },
        {
            "throttle": 0.26713031070477655,
            "brake": 1.268000506369486e-09,
            "steer": 0.0
        },
        {
            "throttle": 0.2798125127531329,
            "brake": 8.876003544586402e-10,
            "steer": 0.0
        },
        {
            "throttle": 0.2943530262095931,
            "brake": 6.213202481210481e-10,
            "steer": 0.0
        },
        {
            "throttle": 0.31061396778668254,
            "brake": 4.349241736847337e-10,
            "steer": 0.0
        },
        {
            "throttle": 0.32844113981553097,
            "brake": 3.0444692157931356e-10,
            "steer": 0.0
        },
        {
            "throttle": 0.3476654924754887,
            "brake": 2.1311284510551948e-10,
            "steer": 0.0
        },
        {
            "throttle": 0.36810472685708806,
            "brake": 1.4917899157386362e-10,
            "steer": 0.0
        },
        {
            "throttle": 0.38956502365856327,
            "brake": 1.0442529410170452e-10,
            "steer": 0.0
        },
        {
            "throttle": 0.4118428811243169,
            "brake": 7.309770587119316e-11,
            "steer": 0.0
        },
        {
            "throttle": 0.4347270447974708,
            "brake": 5.1168394109835206e-11,
            "steer": 0.0
        },
        {
            "throttle": 0.45800051078776843,
            "brake": 3.581787587688464e-11,
            "steer": 0.0
        },
        {
            "throttle": 0.4814425835587954,
            "brake": 2.5072513113819248e-11,
            "steer": 0.0
        },
        {
            "throttle": 0.5048309687213903,
            "brake": 1.7550759179673473e-11,
            "steer": 0.0
        },
        {
            "throttle": 0.5279438809880745,
            "brake": 1.228553142577143e-11,
            "steer": 0.0
        },
        {
            "throttle": 0.5505621472995116,
            "brake": 8.59987199804e-12,
            "steer": 0.0
        }
    ],
    "parameters": {
        "fog_density": 0.09033293729888925,
        "precipitation": 32.844813658198845,
        "precipitation_deposits": 67.91412436183677,
        "wind_intensity": 44.20931008601027,
        "sun_altitude_angle": -24.81644121416888,
        "cloudiness": 50.578294172784375,
        "lead_base_throttle": 0.475780954629906,
        "lead_behavior_frequency": 0.15504513008030973,
        "lead_throttle_variation": 0.2495284680064064,
        "lead_brake_probability": 0.09589495966796459,
        "lead_brake_intensity": 0.1007401508611758,
        "lead_brake_duration": 24.75813088693786,
        "initial_distance": 69.1697398176888,
        "initial_ego_velocity": 16.62866996896188,
        "initial_lead_velocity": 20.589792555253357
    },
    "config": {
        "num_timesteps": 200,
        "dt": 0.1,
        "seed": 78
    }
}