{
    "weather": {
        "cloudiness": 8.775789700874824,
        "precipitation": 10.0023612224869,
        "precipitation_deposits": 33.144435618009226,
        "wind_intensity": 22.88493223636297,
        "sun_altitude_angle": 89.47071713669321,
        "fog_density": 78.97986093930696,
        "fog_distance": 71.88684227781911,
        "wetness": 5.00118061124345
    },
    "initial_conditions": {
        "ego": {
            "position": {
                "x": 537.5657264524731,
                "y": 20.57,
                "z": 0.294
            },
            "yaw": 0.0,
            "velocity": 14.93438175832779
        },
        "lead": {
            "position": {
                "x": 484.88,
                "y": 20.57,
                "z": 0.294
            },
            "yaw": 0.0,
            "velocity": 20.301985877951832
        }
    },
    "ego": {
        "position": {
            "x": 537.5657264524731,
            "y": 20.57,
            "z": 0.294
        },
        "yaw": 0.0,
        "velocity": 14.93438175832779
    },
    "lead": {
        "position": {
            "x": 484.88,
            "y": 20.57,
            "z": 0.294
        },
        "yaw": 0.0,
        "velocity": 20.301985877951832
    },
    "ado_actions": [
        {
            "throttle": 0.22057473525983992,
            "brake": 0.0,
            "steer": 0.0
        },
        {
            "throttle": 0.2246635616524733,
            "brake": 0.0,
            "steer": 0.0
        },
        {
            "throttle": 0.23154048087668766,
            "brake": 0.0,
            "steer": 0.0
        },
        {
            "throttle": 0.2402222361578391,
            "brake": 0.0,
            "steer": 0.0
        },
        {
            "throttle": 0.24995046487216982,
            "brake": 0.0,
            "steer": 0.0
        },
        {
            "throttle": 0.26012816053706345,
            "brake": 0.0,
            "steer": 0.0
        },
        {
            "throttle": 0.27027639482721766,
            "brake": 0.0,
            "steer": 0.0
        },
        {
            "throttle": 0.28000512867892324,
            "brake": 0.0,
            "steer": 0.0
        },
        {
            "throttle": 0.28899377279187716,
            "brake": 0.0,
            "steer": 0.0
        },
        {
            "throttle": 0.29697844175782917,
            "brake": 0.0,
            "steer": 0.0
        },
        {
            "throttle": 0.3037437471619837,
            "brake": 0.0,
            "steer": 0.0
        },
        {
            "throttle": 0.3091176084403545,
            "brake": 0.0,
            "steer": 0.0
        },
        {
            "throttle": 0.31296800657280166,
            "brake": 0.0,
            "steer": 0.0
        },
        {
            "throttle": 0.31520092117192544,
            "brake": 0.0,
            "steer": 0.0
        },
        {
            "throttle": 0.3157589155639312,
            "brake": 0.0,
            "steer": 0.0
        },
        {
            "throttle": 0.3146199945511421,
            "brake": 0.0,
            "steer": 0.0
        },
        {
            "throttle": 0.31179647488929907,
            "brake": 0.0,
            "steer": 0.0
        },
        {
            "throttle": 0.3073336924813417,
            "brake": 0.0,
            "steer": 0.0
        },
        {
            "throttle": 0.30130843218716075,
            "brake": 0.0,
            "steer": 0.0
        },
        {
            "throttle": 0.293827012432227,
            "brake": 0.0,
            "steer": 0.0
        },
        {
            "throttle": 0.28502299193294933,
            "brake": 0.0,
            "steer": 0.0
        },
        {
            "throttle": 0.27505449291966777,
            "brake": 0.0,
            "steer": 0.0
        },
        {
            "throttle": 0.2641011563381966,
            "brake": 0.0,
            "steer": 0.0
        },
        {
            "throttle": 0.2523607610849554,
            "brake": 0.0,
            "steer": 0.0
        },
        {
            "throttle": 0.24004555235225916,
            "brake": 0.0,
            "steer": 0.0
        },
        {
            "throttle": 0.22737833428488693,
            "brake": 0.0,
            "steer": 0.0
        },
        {
            "throttle": 0.2145883898172371,
            "brake": 0.0,
            "steer": 0.0
        },
        {
            "throttle": 0.20190729607010877,
            "brake": 0.0,
            "steer": 0.0
        },
        {
            "throttle": 0.1895647072433997,
            "brake": 0.0,
            "steer": 0.0
        },
        {
            "throttle": 0.17778417869537422,
            "brake": 0.0,
            "steer": 0.0
        },
        {
            "throttle": 0.1667791059686895,
            "brake": 0.0,
            "steer": 0.0
        },
        {
            "throttle": 0.15674885101169805,
            "brake": 0.0,
            "steer": 0.0
        },
        {
            "throttle": 0.14787512485148488,
            "brake": 0.0,
            "steer": 0.0
        },
        {
            "throttle": 0.14031869160825333,
            "brake": 0.0,
            "steer": 0.0
        },
        {
            "throttle": 0.13421645311414684,
            "brake": 0.0,
            "steer": 0.0
        },
        {
            "throttle": 0.1296789666405141,
            "brake": 0.0,
            "steer": 0.0
        },
        {
            "throttle": 0.12678844048609011,
            "brake": 0.0,
            "steer": 0.0
        },
        {
            "throttle": 0.1255972435873651,
            "brake": 0.0,
            "steer": 0.0
        },
        {
            "throttle": 0.12612695604584773,
            "brake": 0.0,
            "steer": 0.0
        },
        {
            "throttle": 0.12836797769895245,
            "brake": 0.0,
            "steer": 0.0
        },
        {
            "throttle": 0.1322797017730631,
            "brake": 0.0,
            "steer": 0.0
        },
        {
            "throttle": 0.13779125043470658,
            "brake": 0.0,
            "steer": 0.0
        },
        {
            "throttle": 0.14480275888600125,
            "brake": 0.0,
            "steer": 0.0
        },
        {
            "throttle": 0.1531871847193501,
            "brake": 0.0,
            "steer": 0.0
        },
        {
            "throttle": 0.16279260973468293,
            "brake": 0.0,
            "steer": 0.0
        },
        {
            "throttle": 0.17344499250347278,
            "brake": 0.0,
            "steer": 0.0
        },
        {
            "throttle": 0.1849513217993597,
            "brake": 0.0,
            "steer": 0.0
        },
        {
            "throttle": 0.1971031137537917,
            "brake": 0.0,
            "steer": 0.0
        },
        {
            "throttle": 0.20968018936845143,
            "brake": 0.0,
            "steer": 0.0
        },
        {
            "throttle": 0.22245466393736724,
            "brake": 0.0,
            "steer": 0.0
        },
        {
            "throttle": 0.2351950760926586,
            "brake": 0.0,
            "steer": 0.0
        },
        {
            "throttle": 0.24767058165847242,
            "brake": 0.0,
            "steer": 0.0
        },
        {
            "throttle": 0.2596551363237234,
            "brake": 0.0,
            "steer": 0.0
        },
        {
            "throttle": 0.2709315913470685,
            "brake": 0.0,
            "steer": 0.0
        },
        {
            "throttle": 0.28129562808347347,
            "brake": 0.0,
            "steer": 0.0
        },
        {
            "throttle": 0.2905594600422389,
            "brake": 0.0,
            "steer": 0.0
        },
        {
            "throttle": 0.29855523539853945,
            "brake": 0.0,
            "steer": 0.0
        },
        {
            "throttle": 0.3051380783080789,
            "brake": 0.0,
            "steer": 0.0
        },
        {
            "throttle": 0.31018871391904657,
            "brake": 0.0,
            "steer": 0.0
        },
        {
            "throttle": 0.3136156295185953,
            "brake": 0.0,
            "steer": 0.0
        },
        {
            "throttle": 0.31535673265587993,
            "brake": 0.0,
            "steer": 0.0
        },
        {
            "throttle": 0.3153804761980156,
            "brake": 0.0,
            "steer": 0.0
        },
        {
            "throttle": 0.3136864299339903,
            "brake": 0.0,
            "steer": 0.0
        },
        {
            "throttle": 0.3103052883695988,
            "brake": 0.0,
            "steer": 0.0
        },
        {
            "throttle": 0.3052983145721512,
            "brake": 0.0,
            "steer": 0.0
        },
        {
            "throttle": 0.2987562301419521,
            "brake": 0.0,
            "steer": 0.0
        },
        {
            "throttle": 0.2907975714232077,
            "brake": 0.0,
            "steer": 0.0
        },
        {
            "throttle": 0.2815665417382499,
            "brake": 0.0,
            "steer": 0.0
        },
        {
            "throttle": 0.2712303985605475,
            "brake": 0.0,
            "steer": 0.0
        },
        {
            "throttle": 0.25997642296844176,
            "brake": 0.0,
            "steer": 0.0
        },
        {
            "throttle": 0.24800852629021886,
            "brake": 0.0,
            "steer": 0.0
        },
        {
            "throttle": 0.23554355542488115,
            "brake": 0.0,
            "steer": 0.0
        },
        {
            "throttle": 0.22280736378268765,
            "brake": 0.0,
            "steer": 0.0
        },
        {
            "throttle": 0.2100307190362828,
            "brake": 0.0,
            "steer": 0.0
        },
        {
            "throttle": 0.19744512183006716,
            "brake": 0.0,
            "steer": 0.0
        },
        {
            "throttle": 0.18527861120881886,
            "brake": 0.0,
            "steer": 0.0
        },
        {
            "throttle": 0.1737516327672055,
            "brake": 0.0,
            "steer": 0.0
        },
        {
            "throttle": 0.16307304438538683,
            "brake": 0.0,
            "steer": 0.0
        },
        {
            "throttle": 0.1534363319229773,
            "brake": 0.0,
            "steer": 0.0
        },
        {
            "throttle": 0.14501610343939286,
            "brake": 0.0,
            "steer": 0.0
        },
        {
            "throttle": 0.13796492546197314,
            "brake": 0.0,
            "steer": 0.0
        },
        {
            "throttle": 0.13241055862568982,
            "brake": 0.0,
            "steer": 0.0
        },
        {
            "throttle": 0.12845364277201934,
            "brake": 0.0,
            "steer": 0.0
        },
        {
            "throttle": 0.12616587345078528,
            "brake": 0.0,
            "steer": 0.0
        },
        {
            "throttle": 0.12558870286502172,
            "brake": 0.0,
            "steer": 0.0
        },
        {
            "throttle": 0.12673258879650068,
            "brake": 0.0,
            "steer": 0.0
        },
        {
            "throttle": 0.12957680512067804,
            "brake": 0.0,
            "steer": 0.0
        },
        {
            "throttle": 0.13406981734434714,
            "brake": 0.0,
            "steer": 0.0
        },
        {
            "throttle": 0.14013021636161482,
            "brake": 0.0,
            "steer": 0.0
        },
        {
            "throttle": 0.14764819350943045,
            "brake": 0.0,
            "steer": 0.0
        },
        {
            "throttle": 0.1564875301960652,
            "brake": 0.0,
            "steer": 0.0
        },
        {
            "throttle": 0.1664880660523672,
            "brake": 0.0,
            "steer": 0.0
        },
        {
            "throttle": 0.17746860088523997,
            "brake": 0.0,
            "steer": 0.0
        },
        {
            "throttle": 0.18923017785270946,
            "brake": 0.0,
            "steer": 0.0
        },
        {
            "throttle": 0.20155968837257096,
            "brake": 0.0,
            "steer": 0.0
        },
        {
            "throttle": 0.21423373344710228,
            "brake": 0.0,
            "steer": 0.0
        },
        {
            "throttle": 0.2270226714403134,
            "brake": 0.0,
            "steer": 0.0
        },
        {
            "throttle": 0.23969477896586128,
            "brake": 0.0,
            "steer": 0.0
        },
        {
            "throttle": 0.2520204494942997,
            "brake": 0.0,
            "steer": 0.0
        },
        {
            "throttle": 0.2637763536048968,
            "brake": 0.0,
            "steer": 0.0
        },
        {
            "throttle": 0.2747494855022162,
            "brake": 0.0,
            "steer": 0.0
        },
        {
            "throttle": 0.28474102247843125,
            "brake": 0.0,
            "steer": 0.0
        },
        {
            "throttle": 0.29356992739158927,
            "brake": 0.0,
            "steer": 0.0
        },
        {
            "throttle": 0.30107622888634683,
            "brake": 0.0,
            "steer": 0.0
        },
        {
            "throttle": 0.30712391992269783,
            "brake": 0.0,
            "steer": 0.0
        },
        {
            "throttle": 0.31160342209411285,
            "brake": 0.0,
            "steer": 0.0
        },
        {
            "throttle": 0.31443357108398934,
            "brake": 0.0,
            "steer": 0.0
        },
        {
            "throttle": 0.3155630872858316,
            "brake": 0.0,
            "steer": 0.0
        },
        {
            "throttle": 0.3149715049409223,
            "brake": 0.0,
            "steer": 0.0
        },
        {
            "throttle": 0.3126695429583949,
            "brake": 0.0,
            "steer": 0.0
        },
        {
            "throttle": 0.30869891069880045,
            "brake": 0.0,
            "steer": 0.0
        },
        {
            "throttle": 0.3031315522401856,
            "brake": 0.0,
            "steer": 0.0
        },
        {
            "throttle": 0.29606834281986094,
            "brake": 0.0,
            "steer": 0.0
        },
        {
            "throttle": 0.28763726107109505,
            "brake": 0.0,
            "steer": 0.0
        },
        {
            "throttle": 0.2779910701720656,
            "brake": 0.0,
            "steer": 0.0
        },
        {
            "throttle": 0.2673045499224417,
            "brake": 0.0,
            "steer": 0.0
        },
        {
            "throttle": 0.2557713298997365,
            "brake": 0.0,
            "steer": 0.0
        },
        {
            "throttle": 0.2436003810756225,
            "brake": 0.0,
            "steer": 0.0
        },
        {
            "throttle": 0.2310122294607841,
            "brake": 0.0,
            "steer": 0.0
        },
        {
            "throttle": 0.2182349603834587,
            "brake": 0.0,
            "steer": 0.0
        },
        {
            "throttle": 0.20550008580033785,
            "brake": 0.0,
            "steer": 0.0
        },
        {
            "throttle": 0.19303834952022117,
            "brake": 0.0,
            "steer": 0.0
        },
        {
            "throttle": 0.1810755463457791,
            "brake": 0.0,
            "steer": 0.0
        },
        {
            "throttle": 0.16982843088659771,
            "brake": 0.0,
            "steer": 0.0
        },
        {
            "throttle": 0.15950079017191876,
            "brake": 0.0,
            "steer": 0.0
        },
        {
            "throttle": 0.15027975122359577,
            "brake": 0.0,
            "steer": 0.0
        },
        {
            "throttle": 0.1423323904925304,
            "brake": 0.0,
            "steer": 0.0
        },
        {
            "throttle": 0.1358027065923738,
            "brake": 0.0,
            "steer": 0.0
        },
        {
            "throttle": 0.13080901118167787,
            "brake": 0.0,
            "steer": 0.0
        },
        {
            "throttle": 0.12744178526922895,
            "brake": 0.0,
            "steer": 0.0
        },
        {
            "throttle": 0.12576203978427147,
            "brake": 0.0,
            "steer": 0.0
        },
        {
            "throttle": 0.12580021011652864,
            "brake": 0.0,
            "steer": 0.0
        },
        {
            "throttle": 0.12755560465590324,
            "brake": 0.0,
            "steer": 0.0
        },
        {
            "throttle": 0.1309964173237945,
            "brake": 0.0,
            "steer": 0.0
        },
        {
            "throttle": 0.13606030386897539,
            "brake": 0.0,
            "steer": 0.0
        },
        {
            "throttle": 0.14265551148609734,
            "brake": 0.0,
            "steer": 0.0
        },
        {
            "throttle": 0.1506625412892101,
            "brake": 0.0,
            "steer": 0.0
        },
        {
            "throttle": 0.15993631351785878,
            "brake": 0.0,
            "steer": 0.0
        },
        {
            "throttle": 0.1703087962442838,
            "brake": 0.0,
            "steer": 0.0
        },
        {
            "throttle": 0.18159204995205094,
            "brake": 0.0,
            "steer": 0.0
        },
        {
            "throttle": 0.19358163282124358,
            "brake": 0.0,
            "steer": 0.0
        },
        {
            "throttle": 0.2060603050196907,
            "brake": 0.0,
            "steer": 0.0
        },
        {
            "throttle": 0.21880196488199802,
            "brake": 0.0,
            "steer": 0.0
        },
        {
            "throttle": 0.23157574565656416,
            "brake": 0.0,
            "steer": 0.0
        },
        {
            "throttle": 0.24415019859142398,
            "brake": 0.0,
            "steer": 0.0
        },
        {
            "throttle": 0.25629748656538537,
            "brake": 0.0,
            "steer": 0.0
        },
        {
            "throttle": 0.2677975122798529,
            "brake": 0.0,
            "steer": 0.0
        },
        {
            "throttle": 0.2784419062124312,
            "brake": 0.0,
            "steer": 0.0
        },
        {
            "throttle": 0.28803780207438423,
            "brake": 0.0,
            "steer": 0.0
        },
        {
            "throttle": 0.2964113313642533,
            "brake": 0.0,
            "steer": 0.0
        },
        {
            "throttle": 0.3034107736996484,
            "brake": 0.0,
            "steer": 0.0
        },
        {
            "throttle": 0.3089093058461984,
            "brake": 0.0,
            "steer": 0.0
        },
        {
            "throttle": 0.3128072996338715,
            "brake": 0.0,
            "steer": 0.0
        },
        {
            "throttle": 0.3150341271246087,
            "brake": 0.0,
            "steer": 0.0
        },
        {
            "throttle": 0.3155494403233514,
            "brake": 0.0,
            "steer": 0.0
        },
        {
            "throttle": 0.31434390224531605,
            "brake": 0.0,
            "steer": 0.0
        },
        {
            "throttle": 0.31143935609327333,
            "brake": 0.0,
            "steer": 0.0
        },
        {
            "throttle": 0.3068884294795003,
            "brake": 0.0,
            "steer": 0.0
        },
        {
            "throttle": 0.30077358086352673,
            "brake": 0.0,
            "steer": 0.0
        },
        {
            "throttle": 0.293205605483317,
            "brake": 0.0,
            "steer": 0.0
        },
        {
            "throttle": 0.2843216278509918,
            "brake": 0.0,
            "steer": 0.0
        },
        {
            "throttle": 0.27428261718715835,
            "brake": 0.0,
            "steer": 0.0
        },
        {
            "throttle": 0.2632704708118123,
            "brake": 0.0,
            "steer": 0.0
        },
        {
            "throttle": 0.25148471833799546,
            "brake": 0.0,
            "steer": 0.0
        },
        {
            "throttle": 0.239138906385082,
            "brake": 0.0,
            "steer": 0.0
        },
        {
            "throttle": 0.22645672931724836,
            "brake": 0.0,
            "steer": 0.0
        },
        {
            "throttle": 0.21366797611446456,
            "brake": 0.0,
            "steer": 0.0
        },
        {
            "throttle": 0.20100436681484707,
            "brake": 0.0,
            "steer": 0.0
        },
        {
            "throttle": 0.1886953539680752,
            "brake": 0.0,
            "steer": 0.0
        },
        {
            "throttle": 0.17696396517354068,
            "brake": 0.0,
            "steer": 0.0
        },
        {
            "throttle": 0.16602276203248195,
            "brake": 0.0,
            "steer": 0.0
        },
        {
            "throttle": 0.15606998873404593,
            "brake": 0.0,
            "steer": 0.0
        },
        {
            "throttle": 0.14728598005923185,
            "brake": 0.0,
            "steer": 0.0
        },
        {
            "throttle": 0.1398298938862682,
            "brake": 0.0,
            "steer": 0.0
        },
        {
            "throttle": 0.13383682740131558,
            "brake": 0.0,
            "steer": 0.0
        },
        {
            "throttle": 0.12941536926601338,
            "brake": 0.0,
            "steer": 0.0
        },
        {
            "throttle": 0.12664563209426516,
            "brake": 0.0,
            "steer": 0.0
        },
        {
            "throttle": 0.1255778008879107,
            "brake": 0.0,
            "steer": 0.0
        },
        {
            "throttle": 0.12623122373224924,
            "brake": 0.0,
            "steer": 0.0
        },
        {
            "throttle": 0.12859406122714567,
            "brake": 0.0,
            "steer": 0.0
        },
        {
            "throttle": 0.13262350100569464,
            "brake": 0.0,
            "steer": 0.0
        },
        {
            "throttle": 0.13824653345356797,
            "brake": 0.0,
            "steer": 0.0
        },
        {
            "throttle": 0.14536127457374967,
            "brake": 0.0,
            "steer": 0.0
        },
        {
            "throttle": 0.15383881202760785,
            "brake": 0.0,
            "steer": 0.0
        },
        {
            "throttle": 0.1635255409037964,
            "brake": 0.0,
            "steer": 0.0
        },
        {
            "throttle": 0.17424594689307635,
            "brake": 0.0,
            "steer": 0.0
        },
        {
            "throttle": 0.185805786440578,
            "brake": 0.0,
            "steer": 0.0
        },
        {
            "throttle": 0.197995606254171,
            "brake": 0.0,
            "steer": 0.0
        },
        {
            "throttle": 0.21059453839879957,
            "brake": 0.0,
            "steer": 0.0
        },
        {
            "throttle": 0.22337430221328522,
            "brake": 0.0,
            "steer": 0.0
        },
        {
            "throttle": 0.23610334053867313,
            "brake": 0.0,
            "steer": 0.0
        },
        {
            "throttle": 0.24855101531359994,
            "brake": 0.0,
            "steer": 0.0
        },
        {
            "throttle": 0.2604917865164881,
            "brake": 0.0,
            "steer": 0.0
        },
        {
            "throttle": 0.27170929873611027,
            "brake": 0.0,
            "steer": 0.0
        },
        {
            "throttle": 0.2820003013257548,
            "brake": 0.0,
            "steer": 0.0
        },
        {
            "throttle": 0.29117833111152847,
            "brake": 0.0,
            "steer": 0.0
        },
        {
            "throttle": 0.2990770909276269,
            "brake": 0.0,
            "steer": 0.0
        },
        {
            "throttle": 0.30555346276272916,
            "brake": 0.0,
            "steer": 0.0
        },
        {
            "throttle": 0.31049010092216967,
            "brake": 0.0,
            "steer": 0.0
        },
        {
            "throttle": 0.31379755822025857,
            "brake": 0.0,
            "steer": 0.0
        }
    ],
    "parameters": {
        "fog_density": 78.97986093930696,
        "precipitation": 10.0023612224869,
        "precipitation_deposits": 33.144435618009226,
        "wind_intensity": 22.88493223636297,
        "sun_altitude_angle": 89.47071713669321,
        "cloudiness": 8.775789700874824,
        "lead_base_throttle": 0.22057473525983992,
        "lead_behavior_frequency": 0.21439578607990178,
        "lead_throttle_variation": 0.10148353437038726,
        "lead_brake_probability": 0.00017602396431535273,
        "lead_brake_intensity": 0.618082689668576,
        "lead_brake_duration": 8.446487910750914,
        "initial_distance": 52.68572645247309,
        "initial_ego_velocity": 14.93438175832779,
        "initial_lead_velocity": 20.301985877951832
    },
    "config": {
        "num_timesteps": 200,
        "dt": 0.1,
        "seed": 123
    }
}