{
    "weather": {
        "cloudiness": 88.98819878614961,
        "precipitation": 59.63213772858024,
        "precipitation_deposits": 95.89229269508074,
        "wind_intensity": 39.84144663862475,
        "sun_altitude_angle": 84.16430848762171,
        "fog_density": 50.7724786426096,
        "fog_distance": 184.074271243677,
        "wetness": 29.81606886429012
    },
    "initial_conditions": {
        "ego": {
            "position": {
                "x": 538.4494026932146,
                "y": 20.57,
                "z": 0.294
            },
            "yaw": 0.0,
            "velocity": 6.763910287026289
        },
        "lead": {
            "position": {
                "x": 484.88,
                "y": 20.57,
                "z": 0.294
            },
            "yaw": 0.0,
            "velocity": 13.74875255640422
        }
    },
    "ego": {
        "position": {
            "x": 538.4494026932146,
            "y": 20.57,
            "z": 0.294
        },
        "yaw": 0.0,
        "velocity": 6.763910287026289
    },
    "lead": {
        "position": {
            "x": 484.88,
            "y": 20.57,
            "z": 0.294
        },
        "yaw": 0.0,
        "velocity": 13.74875255640422
    },
    "ado_actions": [
        {
            "throttle": 0.5679526060115547,
            "brake": 0.0,
            "steer": 0.0
        },
        {
            "throttle": 0.5697187119915361,
            "brake": 0.0,
            "steer": 0.0
        },
        {
            "throttle": 0.5727186383801135,
            "brake": 0.0,
            "steer": 0.0
        },
        {
            "throttle": 0.5765773349091352,
            "brake": 0.0,
            "steer": 0.0
        },
        {
            "throttle": 0.5810298228363928,
            "brake": 0.0,
            "steer": 0.0
        },
        {
            "throttle": 0.5858881836965237,
            "brake": 0.0,
            "steer": 0.0
        },
        {
            "throttle": 0.5910184548074645,
            "brake": 0.0,
            "steer": 0.0
        },
        {
            "throttle": 0.5963244594869084,
            "brake": 0.0,
            "steer": 0.0
        },
        {
            "throttle": 0.6017364915422141,
            "brake": 0.0,
            "steer": 0.0
        },
        {
            "throttle": 0.6072033977235411,
            "brake": 0.0,
            "steer": 0.0
        },
        {
            "throttle": 0.6126870387184538,
            "brake": 0.0,
            "steer": 0.0
        },
        {
            "throttle": 0.6181584150882096,
            "brake": 0.0,
            "steer": 0.0
        },
        {
            "throttle": 0.623594958621385,
            "brake": 0.0,
            "steer": 0.0
        },
        {
            "throttle": 0.6289786394333463,
            "brake": 0.0,
            "steer": 0.0
        },
        {
            "throttle": 0.6342946440371471,
            "brake": 0.0,
            "steer": 0.0
        },
        {
            "throttle": 0.4440062508260029,
            "brake": 0.0478488630227931,
            "steer": 0.0
        },
        {
            "throttle": 0.310804375578202,
            "brake": 0.08134306713874827,
            "steer": 0.0
        },
        {
            "throttle": 0.2175630629047414,
            "brake": 0.10478901001991689,
            "steer": 0.0
        },
        {
            "throttle": 0.15229414403331898,
            "brake": 0.12120117003673492,
            "steer": 0.0
        },
        {
            "throttle": 0.10660590082332327,
            "brake": 0.13268968204850753,
            "steer": 0.0
        },
        {
            "throttle": 0.07462413057632629,
            "brake": 0.14073164045674838,
            "steer": 0.0
        },
        {
            "throttle": 0.0522368914034284,
            "brake": 0.14636101134251697,
            "steer": 0.0
        },
        {
            "throttle": 0.03656582398239988,
            "brake": 0.15030157096255498,
            "steer": 0.0
        },
        {
            "throttle": 0.025596076787679917,
            "brake": 0.15305996269658156,
            "steer": 0.0
        },
        {
            "throttle": 0.01791725375137594,
            "brake": 0.1549908369104002,
            "steer": 0.0
        },
        {
            "throttle": 0.012542077625963158,
            "brake": 0.15634244886007323,
            "steer": 0.0
        },
        {
            "throttle": 0.00877945433817421,
            "brake": 0.15728857722484435,
            "steer": 0.0
        },
        {
            "throttle": 0.006145618036721947,
            "brake": 0.15795086708018413,
            "steer": 0.0
        },
        {
            "throttle": 0.004301932625705362,
            "brake": 0.15841446997892197,
            "steer": 0.0
        },
        {
            "throttle": 0.0030113528379937535,
            "brake": 0.15873899200803848,
            "steer": 0.0
        },
        {
            "throttle": 0.002107946986595627,
            "brake": 0.15896615742842002,
            "steer": 0.0
        },
        {
            "throttle": 0.0014755628906169388,
            "brake": 0.1591251732226871,
            "steer": 0.0
        },
        {
            "throttle": 0.001032894023431857,
            "brake": 0.15923648427867407,
            "steer": 0.0
        },
        {
            "throttle": 0.0007230258164022999,
            "brake": 0.15931440201786493,
            "steer": 0.0
        },
        {
            "throttle": 0.0005061180714816099,
            "brake": 0.15936894443529853,
            "steer": 0.0
        },
        {
            "throttle": 0.00035428265003712686,
            "brake": 0.15940712412750208,
            "steer": 0.0
        },
        {
            "throttle": 0.0002479978550259888,
            "brake": 0.15943384991204454,
            "steer": 0.0
        },
        {
            "throttle": 0.00017359849851819213,
            "brake": 0.15945255796122426,
            "steer": 0.0
        },
        {
            "throttle": 0.00012151894896273448,
            "brake": 0.15946565359565007,
            "steer": 0.0
        },
        {
            "throttle": 8.506326427391414e-05,
            "brake": 0.15947482053974815,
            "steer": 0.0
        },
        {
            "throttle": 5.954428499173989e-05,
            "brake": 0.1594812374006168,
            "steer": 0.0
        },
        {
            "throttle": 4.168099949421792e-05,
            "brake": 0.15948572920322485,
            "steer": 0.0
        },
        {
            "throttle": 2.9176699645952542e-05,
            "brake": 0.15948887346505047,
            "steer": 0.0
        },
        {
            "throttle": 0.21777140221025437,
            "brake": 0.11164221142553532,
            "steer": 0.0
        },
        {
            "throttle": 0.37010139103101414,
            "brake": 0.07814954799787471,
            "steer": 0.0
        },
        {
            "throttle": 0.47657713075709585,
            "brake": 0.05470468359851229,
            "steer": 0.0
        },
        {
            "throttle": 0.5508894284084528,
            "brake": 0.038293278518958605,
            "steer": 0.0
        },
        {
            "throttle": 0.6026221555613571,
            "brake": 0.026805294963271022,
            "steer": 0.0
        },
        {
            "throttle": 0.6384844195144079,
            "brake": 0.018763706474289713,
            "steer": 0.0
        },
        {
            "throttle": 0.6631730825528839,
            "brake": 0.013134594532002799,
            "steer": 0.0
        },
        {
            "throttle": 0.6799765247569228,
            "brake": 0.009194216172401959,
            "steer": 0.0
        },
        {
            "throttle": 0.6911972771663007,
            "brake": 0.006435951320681371,
            "steer": 0.0
        },
        {
            "throttle": 0.6984478640718682,
            "brake": 0.00450516592447696,
            "steer": 0.0
        },
        {
            "throttle": 0.702857891573966,
            "brake": 0.0031536161471338716,
            "steer": 0.0
        },
        {
            "throttle": 0.4920005241017762,
            "brake": 0.05005639432578681,
            "steer": 0.0
        },
        {
            "throttle": 0.3444003668712433,
            "brake": 0.08288833905084386,
            "steer": 0.0
        },
        {
            "throttle": 0.2410802568098703,
            "brake": 0.1058707003583838,
            "steer": 0.0
        },
        {
            "throttle": 0.1687561797669092,
            "brake": 0.12195835327366175,
            "steer": 0.0
        },
        {
            "throttle": 0.11812932583683644,
            "brake": 0.1332197103143563,
            "steer": 0.0
        },
        {
            "throttle": 0.0826905280857855,
            "brake": 0.14110266024284251,
            "steer": 0.0
        },
        {
            "throttle": 0.057883369660049845,
            "brake": 0.14662072519278285,
            "steer": 0.0
        },
        {
            "throttle": 0.04051835876203489,
            "brake": 0.1504833706577411,
            "steer": 0.0
        },
        {
            "throttle": 0.028362851133424422,
            "brake": 0.15318722248321184,
            "steer": 0.0
        },
        {
            "throttle": 0.019853995793397094,
            "brake": 0.15507991876104138,
            "steer": 0.0
        },
        {
            "throttle": 0.013897797055377964,
            "brake": 0.15640480615552205,
            "steer": 0.0
        },
        {
            "throttle": 0.009728457938764574,
            "brake": 0.15733222733165853,
            "steer": 0.0
        },
        {
            "throttle": 0.006809920557135201,
            "brake": 0.15798142215495406,
            "steer": 0.0
        },
        {
            "throttle": 0.00476694438999464,
            "brake": 0.15843585853126094,
            "steer": 0.0
        },
        {
            "throttle": 0.003336861072996248,
            "brake": 0.15875396399467576,
            "steer": 0.0
        },
        {
            "throttle": 0.002335802751097373,
            "brake": 0.15897663781906612,
            "steer": 0.0
        },
        {
            "throttle": 0.001635061925768161,
            "brake": 0.15913250949613938,
            "steer": 0.0
        },
        {
            "throttle": 0.0011445433480377126,
            "brake": 0.15924161967009065,
            "steer": 0.0
        },
        {
            "throttle": 0.0008011803436263988,
            "brake": 0.15931799679185654,
            "steer": 0.0
        },
        {
            "throttle": 0.0005608262405384792,
            "brake": 0.15937146077709266,
            "steer": 0.0
        },
        {
            "throttle": 0.0003925783683769354,
            "brake": 0.15940888556675795,
            "steer": 0.0
        },
        {
            "throttle": 0.00027480485786385473,
            "brake": 0.15943508291952366,
            "steer": 0.0
        },
        {
            "throttle": 0.0001923634005046983,
            "brake": 0.15945342106645966,
            "steer": 0.0
        },
        {
            "throttle": 0.0001346543803532888,
            "brake": 0.15946625776931486,
            "steer": 0.0
        },
        {
            "throttle": 9.425806624730215e-05,
            "brake": 0.1594752434613135,
            "steer": 0.0
        },
        {
            "throttle": 6.59806463731115e-05,
            "brake": 0.15948153344571253,
            "steer": 0.0
        },
        {
            "throttle": 4.618645246117805e-05,
            "brake": 0.15948593643479186,
            "steer": 0.0
        },
        {
            "throttle": 3.2330516722824634e-05,
            "brake": 0.1594890185271474,
            "steer": 0.0
        },
        {
            "throttle": 0.17442814667098303,
            "brake": 0.11164231296900316,
            "steer": 0.0
        },
        {
            "throttle": 0.2947426845499862,
            "brake": 0.07814961907830222,
            "steer": 0.0
        },
        {
            "throttle": 0.3771971915467554,
            "brake": 0.05470473335481155,
            "steer": 0.0
        },
        {
            "throttle": 0.4331489940073905,
            "brake": 0.03829331334836808,
            "steer": 0.0
        },
        {
            "throttle": 0.4705506744939728,
            "brake": 0.026805319343857655,
            "steer": 0.0
        },
        {
            "throttle": 0.4949714924589139,
            "brake": 0.01876372354070036,
            "steer": 0.0
        },
        {
            "throttle": 0.5103123753107347,
            "brake": 0.013134606478490251,
            "steer": 0.0
        },
        {
            "throttle": 0.5193064087619975,
            "brake": 0.009194224534943176,
            "steer": 0.0
        },
        {
            "throttle": 0.5238691766876173,
            "brake": 0.006435957174460222,
            "steer": 0.0
        },
        {
            "throttle": 0.5253439956580155,
            "brake": 0.004505170022122155,
            "steer": 0.0
        },
        {
            "throttle": 0.5246735757669181,
            "brake": 0.003153619015485508,
            "steer": 0.0
        },
        {
            "throttle": 0.522520179892308,
            "brake": 0.0022075333108398554,
            "steer": 0.0
        },
        {
            "throttle": 0.5193497318920997,
            "brake": 0.0015452733175878987,
            "steer": 0.0
        },
        {
            "throttle": 0.5154906890901989,
            "brake": 0.001081691322311529,
            "steer": 0.0
        },
        {
            "throttle": 0.5111752498064317,
            "brake": 0.0007571839256180703,
            "steer": 0.0
        },
        {
            "throttle": 0.5065681954622359,
            "brake": 0.0005300287479326492,
            "steer": 0.0
        },
        {
            "throttle": 0.5017870769388458,
            "brake": 0.0003710201235528544,
            "steer": 0.0
        },
        {
            "throttle": 0.49691634196600387,
            "brake": 0.0002597140864869981,
            "steer": 0.0
        },
        {
            "throttle": 0.4920172212900807,
            "brake": 0.00018179986054089864,
            "steer": 0.0
        },
        {
            "throttle": 0.48713464604999335,
            "brake": 0.00012725990237862905,
            "steer": 0.0
        },
        {
            "throttle": 0.48230208706488215,
            "brake": 8.908193166504033e-05,
            "steer": 0.0
        },
        {
            "throttle": 0.4775449395303129,
            "brake": 6.235735216552822e-05,
            "steer": 0.0
        },
        {
            "throttle": 0.4728828895746385,
            "brake": 4.365014651586975e-05,
            "steer": 0.0
        },
        {
            "throttle": 0.4683315681954593,
            "brake": 3.0555102561108824e-05,
            "steer": 0.0
        },
        {
            "throttle": 0.4639037064438249,
            "brake": 2.1388571792776175e-05,
            "steer": 0.0
        },
        {
            "throttle": 0.459609941567099,
            "brake": 1.4972000254943322e-05,
            "steer": 0.0
        },
        {
            "throttle": 0.4554593789115887,
            "brake": 1.0480400178460325e-05,
            "steer": 0.0
        },
        {
            "throttle": 0.45145998294903766,
            "brake": 7.336280124922227e-06,
            "steer": 0.0
        },
        {
            "throttle": 0.44761884878505764,
            "brake": 5.135396087445559e-06,
            "steer": 0.0
        },
        {
            "throttle": 0.4439423901032193,
            "brake": 3.5947772612118907e-06,
            "steer": 0.0
        },
        {
            "throttle": 0.4404364687153438,
            "brake": 2.5163440828483234e-06,
            "steer": 0.0
        },
        {
            "throttle": 0.43710648334016444,
            "brake": 1.7614408579938262e-06,
            "steer": 0.0
        },
        {
            "throttle": 0.4339574299485276,
            "brake": 1.2330086005956782e-06,
            "steer": 0.0
        },
        {
            "throttle": 0.4309939423143523,
            "brake": 8.631060204169747e-07,
            "steer": 0.0
        },
        {
            "throttle": 0.42822031882115025,
            "brake": 6.041742142918823e-07,
            "steer": 0.0
        },
        {
            "throttle": 0.42564053976116134,
            "brake": 4.2292195000431755e-07,
            "steer": 0.0
        },
        {
            "throttle": 0.42325827809508,
            "brake": 2.9604536500302224e-07,
            "steer": 0.0
        },
        {
            "throttle": 0.4210769057518301,
            "brake": 2.0723175550211557e-07,
            "steer": 0.0
        },
        {
            "throttle": 0.4190994969257199,
            "brake": 1.450622288514809e-07,
            "steer": 0.0
        },
        {
            "throttle": 0.4173288293926564,
            "brake": 1.0154356019603662e-07,
            "steer": 0.0
        },
        {
            "throttle": 0.4157673845619707,
            "brake": 7.108049213722563e-08,
            "steer": 0.0
        },
        {
            "throttle": 0.4144173467666507,
            "brake": 4.975634449605794e-08,
            "steer": 0.0
        },
        {
            "throttle": 0.29009214273665546,
            "brake": 0.04784889785223425,
            "steer": 0.0
        },
        {
            "throttle": 0.2030644999156588,
            "brake": 0.08134309151935706,
            "steer": 0.0
        },
        {
            "throttle": 0.14214514994096117,
            "brake": 0.10478902708634304,
            "steer": 0.0
        },
        {
            "throttle": 0.09950160495867282,
            "brake": 0.12120118198323321,
            "steer": 0.0
        },
        {
            "throttle": 0.06965112347107097,
            "brake": 0.13268969041105633,
            "steer": 0.0
        },
        {
            "throttle": 0.048755786429749676,
            "brake": 0.14073164631053253,
            "steer": 0.0
        },
        {
            "throttle": 0.03412905050082477,
            "brake": 0.14636101544016586,
            "steer": 0.0
        },
        {
            "throttle": 0.02389033535057734,
            "brake": 0.1503015738309092,
            "steer": 0.0
        },
        {
            "throttle": 0.016723234745404138,
            "brake": 0.15305996470442954,
            "steer": 0.0
        },
        {
            "throttle": 0.011706264321782896,
            "brake": 0.15499083831589378,
            "steer": 0.0
        },
        {
            "throttle": 0.008194385025248028,
            "brake": 0.15634244984391873,
            "steer": 0.0
        },
        {
            "throttle": 0.005736069517673619,
            "brake": 0.1572885779135362,
            "steer": 0.0
        },
        {
            "throttle": 0.004015248662371533,
            "brake": 0.15795086756226842,
            "steer": 0.0
        },
        {
            "throttle": 0.0028106740636600733,
            "brake": 0.15841447031638098,
            "steer": 0.0
        },
        {
            "throttle": 0.001967471844562051,
            "brake": 0.15873899224425977,
            "steer": 0.0
        },
        {
            "throttle": 0.0013772302911934356,
            "brake": 0.15896615759377494,
            "steer": 0.0
        },
        {
            "throttle": 0.0009640612038354048,
            "brake": 0.15912517333843554,
            "steer": 0.0
        },
        {
            "throttle": 0.0006748428426847833,
            "brake": 0.15923648435969798,
            "steer": 0.0
        },
        {
            "throttle": 0.0004723899898793483,
            "brake": 0.15931440207458167,
            "steer": 0.0
        },
        {
            "throttle": 0.0003306729929155438,
            "brake": 0.15936894447500025,
            "steer": 0.0
        },
        {
            "throttle": 0.00023147109504088065,
            "brake": 0.15940712415529326,
            "steer": 0.0
        },
        {
            "throttle": 0.00016202976652861644,
            "brake": 0.15943384993149837,
            "steer": 0.0
        },
        {
            "throttle": 0.00011342083657003149,
            "brake": 0.15945255797484195,
            "steer": 0.0
        },
        {
            "throttle": 7.939458559902204e-05,
            "brake": 0.15946565360518244,
            "steer": 0.0
        },
        {
            "throttle": 5.557620991931542e-05,
            "brake": 0.15947482054642081,
            "steer": 0.0
        },
        {
            "throttle": 3.890334694352079e-05,
            "brake": 0.15948123740528766,
            "steer": 0.0
        },
        {
            "throttle": 2.723234286046455e-05,
            "brake": 0.15948572920649445,
            "steer": 0.0
        },
        {
            "throttle": 1.9062640002325186e-05,
            "brake": 0.1594888734673392,
            "steer": 0.0
        },
        {
            "throttle": 0.1429734613023975,
            "brake": 0.11164221142713743,
            "steer": 0.0
        },
        {
            "throttle": 0.24450088901400618,
            "brake": 0.07814954799899619,
            "steer": 0.0
        },
        {
            "throttle": 0.3170655139201802,
            "brake": 0.05470468359929733,
            "steer": 0.0
        },
        {
            "throttle": 0.36939017602101987,
            "brake": 0.03829327851950813,
            "steer": 0.0
        },
        {
            "throttle": 0.4075787383774865,
            "brake": 0.02680529496365569,
            "steer": 0.0
        },
        {
            "throttle": 0.4359017359080106,
            "brake": 0.01876370647455898,
            "steer": 0.0
        },
        {
            "throttle": 0.45734633255997614,
            "brake": 0.013134594532191285,
            "steer": 0.0
        },
        {
            "throttle": 0.47400129440095917,
            "brake": 0.009194216172533898,
            "steer": 0.0
        },
        {
            "throttle": 0.4873264739068689,
            "brake": 0.006435951320773728,
            "steer": 0.0
        },
        {
            "throttle": 0.4983414521366525,
            "brake": 0.004505165924541609,
            "steer": 0.0
        },
        {
            "throttle": 0.5077575914719211,
            "brake": 0.0031536161471791262,
            "steer": 0.0
        },
        {
            "throttle": 0.5160704757918745,
            "brake": 0.002207531303025388,
            "steer": 0.0
        },
        {
            "throttle": 0.523624621888264,
            "brake": 0.0015452719121177717,
            "steer": 0.0
        },
        {
            "throttle": 0.5306587807791372,
            "brake": 0.0010816903384824402,
            "steer": 0.0
        },
        {
            "throttle": 0.537337651977868,
            "brake": 0.0007571832369377081,
            "steer": 0.0
        },
        {
            "throttle": 0.543774086852369,
            "brake": 0.0005300282658563956,
            "steer": 0.0
        },
        {
            "throttle": 0.5500446343642342,
            "brake": 0.0003710197860994769,
            "steer": 0.0
        },
        {
            "throttle": 0.5562004264859239,
            "brake": 0.0002597138502696338,
            "steer": 0.0
        },
        {
            "throttle": 0.562274801399952,
            "brake": 0.00018179969518874363,
            "steer": 0.0
        },
        {
            "throttle": 0.5682886431481099,
            "brake": 0.00012725978663212054,
            "steer": 0.0
        },
        {
            "throttle": 0.5742541227936152,
            "brake": 8.908185064248437e-05,
            "steer": 0.0
        },
        {
            "throttle": 0.5801773206354723,
            "brake": 6.235729544973905e-05,
            "steer": 0.0
        },
        {
            "throttle": 0.5860600651478212,
            "brake": 4.365010681481734e-05,
            "steer": 0.0
        },
        {
            "throttle": 0.5919012236105065,
            "brake": 3.055507477037213e-05,
            "steer": 0.0
        },
        {
            "throttle": 0.5976976089025474,
            "brake": 2.1388552339260493e-05,
            "steer": 0.0
        },
        {
            "throttle": 0.6034446175840223,
            "brake": 1.4971986637482344e-05,
            "steer": 0.0
        },
        {
            "throttle": 0.6091366798496104,
            "brake": 1.048039064623764e-05,
            "steer": 0.0
        },
        {
            "throttle": 0.6147675777574775,
            "brake": 7.336273452366348e-06,
            "steer": 0.0
        },
        {
            "throttle": 0.6203306712115576,
            "brake": 5.135391416656443e-06,
            "steer": 0.0
        },
        {
            "throttle": 0.6258190593273887,
            "brake": 3.59477399165951e-06,
            "steer": 0.0
        },
        {
            "throttle": 0.631225696518197,
            "brake": 2.516341794161657e-06,
            "steer": 0.0
        },
        {
            "throttle": 0.6365434768325704,
            "brake": 1.7614392559131597e-06,
            "steer": 0.0
        },
        {
            "throttle": 0.6417652960113783,
            "brake": 1.2330074791392118e-06,
            "steer": 0.0
        },
        {
            "throttle": 0.6468840978871081,
            "brake": 8.631052353974482e-07,
            "steer": 0.0
        },
        {
            "throttle": 0.6518929097577192,
            "brake": 6.041736647782137e-07,
            "steer": 0.0
        },
        {
            "throttle": 0.6567848699734677,
            "brake": 4.2292156534474955e-07,
            "steer": 0.0
        },
        {
            "throttle": 0.661553249999694,
            "brake": 2.9604509574132467e-07,
            "steer": 0.0
        },
        {
            "throttle": 0.6661914725358402,
            "brake": 2.0723156701892725e-07,
            "steer": 0.0
        },
        {
            "throttle": 0.6706931267931744,
            "brake": 1.4506209691324907e-07,
            "steer": 0.0
        },
        {
            "throttle": 0.6750519816993436,
            "brake": 1.0154346783927435e-07,
            "steer": 0.0
        },
        {
            "throttle": 0.6792619975639589,
            "brake": 7.108042748749204e-08,
            "steer": 0.0
        },
        {
            "throttle": 0.6833173365757867,
            "brake": 4.9756299241244425e-08,
            "steer": 0.0
        },
        {
            "throttle": 0.6872123723877098,
            "brake": 3.482940946887109e-08,
            "steer": 0.0
        },
        {
            "throttle": 0.6909416989656638,
            "brake": 2.4380586628209763e-08,
            "steer": 0.0
        },
        {
            "throttle": 0.694500138821923,
            "brake": 1.7066410639746833e-08,
            "steer": 0.0
        },
        {
            "throttle": 0.6978827507141606,
            "brake": 1.1946487447822782e-08,
            "steer": 0.0
        },
        {
            "throttle": 0.7010848368645957,
            "brake": 8.362541213475946e-09,
            "steer": 0.0
        },
        {
            "throttle": 0.7041019497346981,
            "brake": 5.853778849433162e-09,
            "steer": 0.0
        }
    ],
    "parameters": {
        "fog_density": 50.7724786426096,
        "precipitation": 59.63213772858024,
        "precipitation_deposits": 95.89229269508074,
        "wind_intensity": 39.84144663862475,
        "sun_altitude_angle": 84.16430848762171,
        "cloudiness": 88.98819878614961,
        "lead_base_throttle": 0.5679526060115547,
        "lead_behavior_frequency": 0.05932728526959337,
        "lead_throttle_variation": 0.15796531731800703,
        "lead_brake_probability": 0.08361982550755472,
        "lead_brake_intensity": 0.159496210075977,
        "lead_brake_duration": 28.75152579258854,
        "initial_distance": 53.569402693214556,
        "initial_ego_velocity": 6.763910287026289,
        "initial_lead_velocity": 13.74875255640422
    },
    "config": {
        "num_timesteps": 200,
        "dt": 0.1,
        "seed": 74
    }
}