{
    "weather": {
        "cloudiness": 1.1068610381358757,
        "precipitation": 40.17197209225804,
        "precipitation_deposits": 69.26603882230732,
        "wind_intensity": 44.30265823141318,
        "sun_altitude_angle": 65.27127129607823,
        "fog_density": 74.31778464253982,
        "fog_distance": 83.97303966002285,
        "wetness": 20.08598604612902
    },
    "initial_conditions": {
        "ego": {
            "position": {
                "x": 522.6792486357054,
                "y": 20.57,
                "z": 0.294
            },
            "yaw": 0.0,
            "velocity": 9.288257980329297
        },
        "lead": {
            "position": {
                "x": 484.88,
                "y": 20.57,
                "z": 0.294
            },
            "yaw": 0.0,
            "velocity": 22.44709237394749
        }
    },
    "ego": {
        "position": {
            "x": 522.6792486357054,
            "y": 20.57,
            "z": 0.294
        },
        "yaw": 0.0,
        "velocity": 9.288257980329297
    },
    "lead": {
        "position": {
            "x": 484.88,
            "y": 20.57,
            "z": 0.294
        },
        "yaw": 0.0,
        "velocity": 22.44709237394749
    },
    "ado_actions": [
        {
            "throttle": 0.3013153042613579,
            "brake": 0.0,
            "steer": 0.0
        },
        {
            "throttle": 0.308973122774806,
            "brake": 0.0,
            "steer": 0.0
        },
        {
            "throttle": 0.3219183172316113,
            "brake": 0.0,
            "steer": 0.0
        },
        {
            "throttle": 0.33841917855762893,
            "brake": 0.0,
            "steer": 0.0
        },
        {
            "throttle": 0.3571924999476025,
            "brake": 0.0,
            "steer": 0.0
        },
        {
            "throttle": 0.37727109283010335,
            "brake": 0.0,
            "steer": 0.0
        },
        {
            "throttle": 0.39791170613988713,
            "brake": 0.0,
            "steer": 0.0
        },
        {
            "throttle": 0.4185312018966598,
            "brake": 0.0,
            "steer": 0.0
        },
        {
            "throttle": 0.4386624781560051,
            "brake": 0.0,
            "steer": 0.0
        },
        {
            "throttle": 0.4579241773508189,
            "brake": 0.0,
            "steer": 0.0
        },
        {
            "throttle": 0.4760000012689387,
            "brake": 0.0,
            "steer": 0.0
        },
        {
            "throttle": 0.4926247025835576,
            "brake": 0.0,
            "steer": 0.0
        },
        {
            "throttle": 0.5075746973817112,
            "brake": 0.0,
            "steer": 0.0
        },
        {
            "throttle": 0.5206618558081892,
            "brake": 0.0,
            "steer": 0.0
        },
        {
            "throttle": 0.5317294573527871,
            "brake": 0.0,
            "steer": 0.0
        },
        {
            "throttle": 0.5406495984692812,
            "brake": 0.0,
            "steer": 0.0
        },
        {
            "throttle": 0.5473215516274303,
            "brake": 0.0,
            "steer": 0.0
        },
        {
            "throttle": 0.5516707235106968,
            "brake": 0.0,
            "steer": 0.0
        },
        {
            "throttle": 0.5536479647385376,
            "brake": 0.0,
            "steer": 0.0
        },
        {
            "throttle": 0.553229057406345,
            "brake": 0.0,
            "steer": 0.0
        },
        {
            "throttle": 0.5504142591275428,
            "brake": 0.0,
            "steer": 0.0
        },
        {
            "throttle": 0.5452278195851522,
            "brake": 0.0,
            "steer": 0.0
        },
        {
            "throttle": 0.5377174123660422,
            "brake": 0.0,
            "steer": 0.0
        },
        {
            "throttle": 0.5279534442121947,
            "brake": 0.0,
            "steer": 0.0
        },
        {
            "throttle": 0.5160282179801307,
            "brake": 0.0,
            "steer": 0.0
        },
        {
            "throttle": 0.5020549360867599,
            "brake": 0.0,
            "steer": 0.0
        },
        {
            "throttle": 0.48616653910602825,
            "brake": 0.0,
            "steer": 0.0
        },
        {
            "throttle": 0.4685143802087348,
            "brake": 0.0,
            "steer": 0.0
        },
        {
            "throttle": 0.44926674082294216,
            "brake": 0.0,
            "steer": 0.0
        },
        {
            "throttle": 0.4286071965906979,
            "brake": 0.0,
            "steer": 0.0
        },
        {
            "throttle": 0.4067328456536404,
            "brake": 0.0,
            "steer": 0.0
        },
        {
            "throttle": 0.38385241368370104,
            "brake": 0.0,
            "steer": 0.0
        },
        {
            "throttle": 0.36018425200029336,
            "brake": 0.0,
            "steer": 0.0
        },
        {
            "throttle": 0.3359542466599709,
            "brake": 0.0,
            "steer": 0.0
        },
        {
            "throttle": 0.3113936576211861,
            "brake": 0.0,
            "steer": 0.0
        },
        {
            "throttle": 0.2867369080110296,
            "brake": 0.0,
            "steer": 0.0
        },
        {
            "throttle": 0.2622193441768837,
            "brake": 0.0,
            "steer": 0.0
        },
        {
            "throttle": 0.23807498761061785,
            "brake": 0.0,
            "steer": 0.0
        },
        {
            "throttle": 0.2145342999986132,
            "brake": 0.0,
            "steer": 0.0
        },
        {
            "throttle": 0.19182198258726793,
            "brake": 0.0,
            "steer": 0.0
        },
        {
            "throttle": 0.17015483076923818,
            "brake": 0.0,
            "steer": 0.0
        },
        {
            "throttle": 0.14973966429877503,
            "brake": 0.0,
            "steer": 0.0
        },
        {
            "throttle": 0.13077135284375632,
            "brake": 0.0,
            "steer": 0.0
        },
        {
            "throttle": 0.11343095568678636,
            "brake": 0.0,
            "steer": 0.0
        },
        {
            "throttle": 0.09788399330850076,
            "brake": 0.0,
            "steer": 0.0
        },
        {
            "throttle": 0.08427886733459605,
            "brake": 0.0,
            "steer": 0.0
        },
        {
            "throttle": 0.07274544391699017,
            "brake": 0.0,
            "steer": 0.0
        },
        {
            "throttle": 0.06339381406302762,
            "brake": 0.0,
            "steer": 0.0
        },
        {
            "throttle": 0.05631324274008957,
            "brake": 0.0,
            "steer": 0.0
        },
        {
            "throttle": 0.051571316782772596,
            "brake": 0.0,
            "steer": 0.0
        },
        {
            "throttle": 0.04921329973336643,
            "brake": 0.0,
            "steer": 0.0
        },
        {
            "throttle": 0.04926169977195166,
            "brake": 0.0,
            "steer": 0.0
        },
        {
            "throttle": 0.05171605485900759,
            "brake": 0.0,
            "steer": 0.0
        },
        {
            "throttle": 0.056552937140456706,
            "brake": 0.0,
            "steer": 0.0
        },
        {
            "throttle": 0.0637261765724146,
            "brake": 0.0,
            "steer": 0.0
        },
        {
            "throttle": 0.07316730163057727,
            "brake": 0.0,
            "steer": 0.0
        },
        {
            "throttle": 0.08478619289715983,
            "brake": 0.0,
            "steer": 0.0
        },
        {
            "throttle": 0.09847194328639675,
            "brake": 0.0,
            "steer": 0.0
        },
        {
            "throttle": 0.11409391669723476,
            "brake": 0.0,
            "steer": 0.0
        },
        {
            "throttle": 0.1315029949878302,
            "brake": 0.0,
            "steer": 0.0
        },
        {
            "throttle": 0.15053300136888714,
            "brake": 0.0,
            "steer": 0.0
        },
        {
            "throttle": 0.17100228662890832,
            "brake": 0.0,
            "steer": 0.0
        },
        {
            "throttle": 0.19271546305014808,
            "brake": 0.0,
            "steer": 0.0
        },
        {
            "throttle": 0.21546526946430267,
            "brake": 0.0,
            "steer": 0.0
        },
        {
            "throttle": 0.23903454964519677,
            "brake": 0.0,
            "steer": 0.0
        },
        {
            "throttle": 0.2631983251538846,
            "brake": 0.0,
            "steer": 0.0
        },
        {
            "throttle": 0.2877259428499989,
            "brake": 0.0,
            "steer": 0.0
        },
        {
            "throttle": 0.31238327657046705,
            "brake": 0.0,
            "steer": 0.0
        },
        {
            "throttle": 0.3369349619596622,
            "brake": 0.0,
            "steer": 0.0
        },
        {
            "throttle": 0.36114664311861766,
            "brake": 0.0,
            "steer": 0.0
        },
        {
            "throttle": 0.38478720962811475,
            "brake": 0.0,
            "steer": 0.0
        },
        {
            "throttle": 0.4076310025923394,
            "brake": 0.0,
            "steer": 0.0
        },
        {
            "throttle": 0.42945996864551716,
            "brake": 0.0,
            "steer": 0.0
        },
        {
            "throttle": 0.45006574136064803,
            "brake": 0.0,
            "steer": 0.0
        },
        {
            "throttle": 0.46925163019244276,
            "brake": 0.0,
            "steer": 0.0
        },
        {
            "throttle": 0.48683449796918354,
            "brake": 0.0,
            "steer": 0.0
        },
        {
            "throttle": 0.5026465090120804,
            "brake": 0.0,
            "steer": 0.0
        },
        {
            "throttle": 0.5165367311956071,
            "brake": 0.0,
            "steer": 0.0
        },
        {
            "throttle": 0.5283725766564937,
            "brake": 0.0,
            "steer": 0.0
        },
        {
            "throttle": 0.5380410673992189,
            "brake": 0.0,
            "steer": 0.0
        },
        {
            "throttle": 0.545449913717277,
            "brake": 0.0,
            "steer": 0.0
        },
        {
            "throttle": 0.5505283951362501,
            "brake": 0.0,
            "steer": 0.0
        },
        {
            "throttle": 0.5532280354697175,
            "brake": 0.0,
            "steer": 0.0
        },
        {
            "throttle": 0.5535230655443226,
            "brake": 0.0,
            "steer": 0.0
        },
        {
            "throttle": 0.5514106691770929,
            "brake": 0.0,
            "steer": 0.0
        },
        {
            "throttle": 0.5469110100570606,
            "brake": 0.0,
            "steer": 0.0
        },
        {
            "throttle": 0.5400670392745872,
            "brake": 0.0,
            "steer": 0.0
        },
        {
            "throttle": 0.530944085335604,
            "brake": 0.0,
            "steer": 0.0
        },
        {
            "throttle": 0.5196292305742491,
            "brake": 0.0,
            "steer": 0.0
        },
        {
            "throttle": 0.5062304799163007,
            "brake": 0.0,
            "steer": 0.0
        },
        {
            "throttle": 0.4908757299278968,
            "brake": 0.0,
            "steer": 0.0
        },
        {
            "throttle": 0.47371154799039744,
            "brake": 0.0,
            "steer": 0.0
        },
        {
            "throttle": 0.4549017732546621,
            "brake": 0.0,
            "steer": 0.0
        },
        {
            "throttle": 0.43462595272921034,
            "brake": 0.0,
            "steer": 0.0
        },
        {
            "throttle": 0.41307762743044313,
            "brake": 0.0,
            "steer": 0.0
        },
        {
            "throttle": 0.3904624849543235,
            "brake": 0.0,
            "steer": 0.0
        },
        {
            "throttle": 0.366996396103978,
            "brake": 0.0,
            "steer": 0.0
        },
        {
            "throttle": 0.34290335431441205,
            "brake": 0.0,
            "steer": 0.0
        },
        {
            "throttle": 0.3184133375433752,
            "brake": 0.0,
            "steer": 0.0
        },
        {
            "throttle": 0.29376011303750443,
            "brake": 0.0,
            "steer": 0.0
        },
        {
            "throttle": 0.269179005928152,
            "brake": 0.0,
            "steer": 0.0
        },
        {
            "throttle": 0.24490465295656494,
            "brake": 0.0,
            "steer": 0.0
        },
        {
            "throttle": 0.22116876277003056,
            "brake": 0.0,
            "steer": 0.0
        },
        {
            "throttle": 0.19819790416787897,
            "brake": 0.0,
            "steer": 0.0
        },
        {
            "throttle": 0.17621134340943995,
            "brake": 0.0,
            "steer": 0.0
        },
        {
            "throttle": 0.15541895122773794,
            "brake": 0.0,
            "steer": 0.0
        },
        {
            "throttle": 0.13601919952733543,
            "brake": 0.0,
            "steer": 0.0
        },
        {
            "throttle": 0.11819726688866547,
            "brake": 0.0,
            "steer": 0.0
        },
        {
            "throttle": 0.10212327096259137,
            "brake": 0.0,
            "steer": 0.0
        },
        {
            "throttle": 0.08795064462771113,
            "brake": 0.0,
            "steer": 0.0
        },
        {
            "throttle": 0.07581467141065093,
            "brake": 0.0,
            "steer": 0.0
        },
        {
            "throttle": 0.06583119414936126,
            "brake": 0.0,
            "steer": 0.0
        },
        {
            "throttle": 0.05809550922575374,
            "brake": 0.0,
            "steer": 0.0
        },
        {
            "throttle": 0.052681456922681155,
            "brake": 0.0,
            "steer": 0.0
        },
        {
            "throttle": 0.04964071658817625,
            "brake": 0.0,
            "steer": 0.0
        },
        {
            "throttle": 0.04900231333489538,
            "brake": 0.0,
            "steer": 0.0
        },
        {
            "throttle": 0.05077234098352304,
            "brake": 0.0,
            "steer": 0.0
        },
        {
            "throttle": 0.05493390389475614,
            "brake": 0.0,
            "steer": 0.0
        },
        {
            "throttle": 0.06144727824510528,
            "brake": 0.0,
            "steer": 0.0
        },
        {
            "throttle": 0.07025029120706955,
            "brake": 0.0,
            "steer": 0.0
        },
        {
            "throttle": 0.08125891441425523,
            "brake": 0.0,
            "steer": 0.0
        },
        {
            "throttle": 0.09436806604656933,
            "brake": 0.0,
            "steer": 0.0
        },
        {
            "throttle": 0.10945261387925731,
            "brake": 0.0,
            "steer": 0.0
        },
        {
            "throttle": 0.12636856972127072,
            "brake": 0.0,
            "steer": 0.0
        },
        {
            "throttle": 0.1449544638415599,
            "brake": 0.0,
            "steer": 0.0
        },
        {
            "throttle": 0.16503288626383095,
            "brake": 0.0,
            "steer": 0.0
        },
        {
            "throttle": 0.18641218021747588,
            "brake": 0.0,
            "steer": 0.0
        },
        {
            "throttle": 0.2088882715799938,
            "brake": 0.0,
            "steer": 0.0
        },
        {
            "throttle": 0.2322466168481237,
            "brake": 0.0,
            "steer": 0.0
        },
        {
            "throttle": 0.2562642510435081,
            "brake": 0.0,
            "steer": 0.0
        },
        {
            "throttle": 0.2807119160047876,
            "brake": 0.0,
            "steer": 0.0
        },
        {
            "throttle": 0.3053562487507062,
            "brake": 0.0,
            "steer": 0.0
        },
        {
            "throttle": 0.3299620090254043,
            "brake": 0.0,
            "steer": 0.0
        },
        {
            "throttle": 0.35429432476306827,
            "brake": 0.0,
            "steer": 0.0
        },
        {
            "throttle": 0.37812093403805414,
            "brake": 0.0,
            "steer": 0.0
        },
        {
            "throttle": 0.40121440210015386,
            "brake": 0.0,
            "steer": 0.0
        },
        {
            "throttle": 0.42335429233249433,
            "brake": 0.0,
            "steer": 0.0
        },
        {
            "throttle": 0.44432927040938486,
            "brake": 0.0,
            "steer": 0.0
        },
        {
            "throttle": 0.4639391215690656,
            "brake": 0.0,
            "steer": 0.0
        },
        {
            "throttle": 0.48199666174566114,
            "brake": 0.0,
            "steer": 0.0
        },
        {
            "throttle": 0.49832952431780153,
            "brake": 0.0,
            "steer": 0.0
        },
        {
            "throttle": 0.5127818054186626,
            "brake": 0.0,
            "steer": 0.0
        },
        {
            "throttle": 0.5252155521022682,
            "brake": 0.0,
            "steer": 0.0
        },
        {
            "throttle": 0.5355120791608955,
            "brake": 0.0,
            "steer": 0.0
        },
        {
            "throttle": 0.5435731020240223,
            "brake": 0.0,
            "steer": 0.0
        },
        {
            "throttle": 0.5493216749248324,
            "brake": 0.0,
            "steer": 0.0
        },
        {
            "throttle": 0.5527029253790937,
            "brake": 0.0,
            "steer": 0.0
        },
        {
            "throttle": 0.553684577965508,
            "brake": 0.0,
            "steer": 0.0
        },
        {
            "throttle": 0.5522572624078348,
            "brake": 0.0,
            "steer": 0.0
        },
        {
            "throttle": 0.5484346030180179,
            "brake": 0.0,
            "steer": 0.0
        },
        {
            "throttle": 0.5422530886465446,
            "brake": 0.0,
            "steer": 0.0
        },
        {
            "throttle": 0.5337717243814137,
            "brake": 0.0,
            "steer": 0.0
        },
        {
            "throttle": 0.5230714683203889,
            "brake": 0.0,
            "steer": 0.0
        },
        {
            "throttle": 0.5102544587927773,
            "brake": 0.0,
            "steer": 0.0
        },
        {
            "throttle": 0.49544303940721757,
            "brake": 0.0,
            "steer": 0.0
        },
        {
            "throttle": 0.4787785912317962,
            "brake": 0.0,
            "steer": 0.0
        },
        {
            "throttle": 0.46042018325381195,
            "brake": 0.0,
            "steer": 0.0
        },
        {
            "throttle": 0.44054305400110144,
            "brake": 0.0,
            "steer": 0.0
        },
        {
            "throttle": 0.4193369388184745,
            "brake": 0.0,
            "steer": 0.0
        },
        {
            "throttle": 0.3970042587660903,
            "brake": 0.0,
            "steer": 0.0
        },
        {
            "throttle": 0.37375818842748143,
            "brake": 0.0,
            "steer": 0.0
        },
        {
            "throttle": 0.34982062107079037,
            "brake": 0.0,
            "steer": 0.0
        },
        {
            "throttle": 0.32542005058658774,
            "brake": 0.0,
            "steer": 0.0
        },
        {
            "throttle": 0.3007893904200457,
            "brake": 0.0,
            "steer": 0.0
        },
        {
            "throttle": 0.2761637503166503,
            "brake": 0.0,
            "steer": 0.0
        },
        {
            "throttle": 0.25177819210332736,
            "brake": 0.0,
            "steer": 0.0
        },
        {
            "throttle": 0.22786548592697076,
            "brake": 0.0,
            "steer": 0.0
        },
        {
            "throttle": 0.20465388836799686,
            "brake": 0.0,
            "steer": 0.0
        },
        {
            "throttle": 0.18236496363773858,
            "brake": 0.0,
            "steer": 0.0
        },
        {
            "throttle": 0.16121146865724667,
            "brake": 0.0,
            "steer": 0.0
        },
        {
            "throttle": 0.14139532220528628,
            "brake": 0.0,
            "steer": 0.0
        },
        {
            "throttle": 0.12310567752084203,
            "brake": 0.0,
            "steer": 0.0
        },
        {
            "throttle": 0.10651711675793288,
            "brake": 0.0,
            "steer": 0.0
        },
        {
            "throttle": 0.09178798452740473,
            "brake": 0.0,
            "steer": 0.0
        },
        {
            "throttle": 0.07905887643272627,
            "brake": 0.0,
            "steer": 0.0
        },
        {
            "throttle": 0.06845129702733478,
            "brake": 0.0,
            "steer": 0.0
        },
        {
            "throttle": 0.06006650000387842,
            "brake": 0.0,
            "steer": 0.0
        },
        {
            "throttle": 0.053984521686223724,
            "brake": 0.0,
            "steer": 0.0
        },
        {
            "throttle": 0.05026341704994366,
            "brake": 0.0,
            "steer": 0.0
        },
        {
            "throttle": 0.048938705563783526,
            "brake": 0.0,
            "steer": 0.0
        },
        {
            "throttle": 0.050023032141775156,
            "brake": 0.0,
            "steer": 0.0
        },
        {
            "throttle": 0.053506046442350394,
            "brake": 0.0,
            "steer": 0.0
        },
        {
            "throttle": 0.05935450166659285,
            "brake": 0.0,
            "steer": 0.0
        },
        {
            "throttle": 0.06751257191255916,
            "brake": 0.0,
            "steer": 0.0
        },
        {
            "throttle": 0.07790238505639184,
            "brake": 0.0,
            "steer": 0.0
        },
        {
            "throttle": 0.09042476607365463,
            "brake": 0.0,
            "steer": 0.0
        },
        {
            "throttle": 0.10496018370558553,
            "brake": 0.0,
            "steer": 0.0
        },
        {
            "throttle": 0.12136989143394825,
            "brake": 0.0,
            "steer": 0.0
        },
        {
            "throttle": 0.13949725187340947,
            "brake": 0.0,
            "steer": 0.0
        },
        {
            "throttle": 0.15916923193957622,
            "brake": 0.0,
            "steer": 0.0
        },
        {
            "throttle": 0.18019805452069912,
            "brake": 0.0,
            "steer": 0.0
        },
        {
            "throttle": 0.20238299088715847,
            "brake": 0.0,
            "steer": 0.0
        },
        {
            "throttle": 0.22551227672945262,
            "brake": 0.0,
            "steer": 0.0
        },
        {
            "throttle": 0.2493651335353177,
            "brake": 0.0,
            "steer": 0.0
        },
        {
            "throttle": 0.27371387601110636,
            "brake": 0.0,
            "steer": 0.0
        },
        {
            "throttle": 0.2983260854312272,
            "brake": 0.0,
            "steer": 0.0
        },
        {
            "throttle": 0.3229668281701306,
            "brake": 0.0,
            "steer": 0.0
        },
        {
            "throttle": 0.34740089824004516,
            "brake": 0.0,
            "steer": 0.0
        },
        {
            "throttle": 0.3713950624285244,
            "brake": 0.0,
            "steer": 0.0
        },
        {
            "throttle": 0.39472028660504344,
            "brake": 0.0,
            "steer": 0.0
        }
    ],
    "parameters": {
        "fog_density": 74.31778464253982,
        "precipitation": 40.17197209225804,
        "precipitation_deposits": 69.26603882230732,
        "wind_intensity": 44.30265823141318,
        "sun_altitude_angle": 65.27127129607823,
        "cloudiness": 1.1068610381358757,
        "lead_base_throttle": 0.30131530426135794,
        "lead_behavior_frequency": 0.1555572663217799,
        "lead_throttle_variation": 0.2615804812316824,
        "lead_brake_probability": 0.01086086333166839,
        "lead_brake_intensity": 0.552447234787462,
        "lead_brake_duration": 6.34386090252516,
        "initial_distance": 37.79924863570549,
        "initial_ego_velocity": 9.288257980329297,
        "initial_lead_velocity": 22.44709237394749
    },
    "config": {
        "num_timesteps": 200,
        "dt": 0.1,
        "seed": 187
    }
}