{
    "weather": {
        "cloudiness": 93.7682825079318,
        "precipitation": 85.44329412936065,
        "precipitation_deposits": 49.896160510799916,
        "wind_intensity": 43.319023250364246,
        "sun_altitude_angle": 69.7523391312942,
        "fog_density": 73.02132188887386,
        "fog_distance": 87.68152501571706,
        "wetness": 42.721647064680326
    },
    "initial_conditions": {
        "ego": {
            "position": {
                "x": 534.8604582148315,
                "y": 20.57,
                "z": 0.294
            },
            "yaw": 0.0,
            "velocity": 11.365193217801636
        },
        "lead": {
            "position": {
                "x": 484.88,
                "y": 20.57,
                "z": 0.294
            },
            "yaw": 0.0,
            "velocity": 19.904772697579176
        }
    },
    "ego": {
        "position": {
            "x": 534.8604582148315,
            "y": 20.57,
            "z": 0.294
        },
        "yaw": 0.0,
        "velocity": 11.365193217801636
    },
    "lead": {
        "position": {
            "x": 484.88,
            "y": 20.57,
            "z": 0.294
        },
        "yaw": 0.0,
        "velocity": 19.904772697579176
    },
    "ado_actions": [
        {
            "throttle": 0.24275300119099597,
            "brake": 0.0,
            "steer": 0.0
        },
        {
            "throttle": 0.24322436803823982,
            "brake": 0.0,
            "steer": 0.0
        },
        {
            "throttle": 0.24402205964618623,
            "brake": 0.0,
            "steer": 0.0
        },
        {
            "throttle": 0.24504094250785952,
            "brake": 0.0,
            "steer": 0.0
        },
        {
            "throttle": 0.24620387487828205,
            "brake": 0.0,
            "steer": 0.0
        },
        {
            "throttle": 0.24745339234288716,
            "brake": 0.0,
            "steer": 0.0
        },
        {
            "throttle": 0.24874591441582966,
            "brake": 0.0,
            "steer": 0.0
        },
        {
            "throttle": 0.25004771501320044,
            "brake": 0.0,
            "steer": 0.0
        },
        {
            "throttle": 0.25133212659343224,
            "brake": 0.0,
            "steer": 0.0
        },
        {
            "throttle": 0.2525776066283376,
            "brake": 0.0,
            "steer": 0.0
        },
        {
            "throttle": 0.2537664062875488,
            "brake": 0.0,
            "steer": 0.0
        },
        {
            "throttle": 0.25488365908359256,
            "brake": 0.0,
            "steer": 0.0
        },
        {
            "throttle": 0.2559167617421926,
            "brake": 0.0,
            "steer": 0.0
        },
        {
            "throttle": 0.25685495773801287,
            "brake": 0.0,
            "steer": 0.0
        },
        {
            "throttle": 0.2576890606735641,
            "brake": 0.0,
            "steer": 0.0
        },
        {
            "throttle": 0.25841127341084213,
            "brake": 0.0,
            "steer": 0.0
        },
        {
            "throttle": 0.2590150719940252,
            "brake": 0.0,
            "steer": 0.0
        },
        {
            "throttle": 0.2594951326089189,
            "brake": 0.0,
            "steer": 0.0
        },
        {
            "throttle": 0.2598472862878426,
            "brake": 0.0,
            "steer": 0.0
        },
        {
            "throttle": 0.2600684906110955,
            "brake": 0.0,
            "steer": 0.0
        },
        {
            "throttle": 0.26015681085453923,
            "brake": 0.0,
            "steer": 0.0
        },
        {
            "throttle": 0.26011140529060217,
            "brake": 0.0,
            "steer": 0.0
        },
        {
            "throttle": 0.25993251094939457,
            "brake": 0.0,
            "steer": 0.0
        },
        {
            "throttle": 0.2596214272850504,
            "brake": 0.0,
            "steer": 0.0
        },
        {
            "throttle": 0.2591804960079315,
            "brake": 0.0,
            "steer": 0.0
        },
        {
            "throttle": 0.2586130759324404,
            "brake": 0.0,
            "steer": 0.0
        },
        {
            "throttle": 0.25792351212028786,
            "brake": 0.0,
            "steer": 0.0
        },
        {
            "throttle": 0.2571170989172085,
            "brake": 0.0,
            "steer": 0.0
        },
        {
            "throttle": 0.2562000367200967,
            "brake": 0.0,
            "steer": 0.0
        },
        {
            "throttle": 0.25517938249419936,
            "brake": 0.0,
            "steer": 0.0
        },
        {
            "throttle": 0.25406299420220524,
            "brake": 0.0,
            "steer": 0.0
        },
        {
            "throttle": 0.25285946941981347,
            "brake": 0.0,
            "steer": 0.0
        },
        {
            "throttle": 0.2515780785032414,
            "brake": 0.0,
            "steer": 0.0
        },
        {
            "throttle": 0.2502286927483697,
            "brake": 0.0,
            "steer": 0.0
        },
        {
            "throttle": 0.24882170804239329,
            "brake": 0.0,
            "steer": 0.0
        },
        {
            "throttle": 0.2473679645593853,
            "brake": 0.0,
            "steer": 0.0
        },
        {
            "throttle": 0.2458786630927281,
            "brake": 0.0,
            "steer": 0.0
        },
        {
            "throttle": 0.2443652786510249,
            "brake": 0.0,
            "steer": 0.0
        },
        {
            "throttle": 0.24283947197061317,
            "brake": 0.0,
            "steer": 0.0
        },
        {
            "throttle": 0.24131299961764846,
            "brake": 0.0,
            "steer": 0.0
        },
        {
            "throttle": 0.23979762336625243,
            "brake": 0.0,
            "steer": 0.0
        },
        {
            "throttle": 0.23830501954665628,
            "brake": 0.0,
            "steer": 0.0
        },
        {
            "throttle": 0.23684668905880385,
            "brake": 0.0,
            "steer": 0.0
        },
        {
            "throttle": 0.23543386874266242,
            "brake": 0.0,
            "steer": 0.0
        },
        {
            "throttle": 0.23407744478667258,
            "brake": 0.0,
            "steer": 0.0
        },
        {
            "throttle": 0.23278786884051111,
            "brake": 0.0,
            "steer": 0.0
        },
        {
            "throttle": 0.23157507747781603,
            "brake": 0.0,
            "steer": 0.0
        },
        {
            "throttle": 0.2304484156289282,
            "brake": 0.0,
            "steer": 0.0
        },
        {
            "throttle": 0.22941656457326767,
            "brake": 0.0,
            "steer": 0.0
        },
        {
            "throttle": 0.22848747504593642,
            "brake": 0.0,
            "steer": 0.0
        },
        {
            "throttle": 0.22766830597380722,
            "brake": 0.0,
            "steer": 0.0
        },
        {
            "throttle": 0.22696536931303446,
            "brake": 0.0,
            "steer": 0.0
        },
        {
            "throttle": 0.2263840814129453,
            "brake": 0.0,
            "steer": 0.0
        },
        {
            "throttle": 0.2259289212810082,
            "brake": 0.0,
            "steer": 0.0
        },
        {
            "throttle": 0.22560339607041846,
            "brake": 0.0,
            "steer": 0.0
        },
        {
            "throttle": 0.22541001405620065,
            "brake": 0.0,
            "steer": 0.0
        },
        {
            "throttle": 0.22535026530803476,
            "brake": 0.0,
            "steer": 0.0
        },
        {
            "throttle": 0.22542461020871407,
            "brake": 0.0,
            "steer": 0.0
        },
        {
            "throttle": 0.2256324759066936,
            "brake": 0.0,
            "steer": 0.0
        },
        {
            "throttle": 0.225972260730056,
            "brake": 0.0,
            "steer": 0.0
        },
        {
            "throttle": 0.22644134652787912,
            "brake": 0.0,
            "steer": 0.0
        },
        {
            "throttle": 0.22703611884390773,
            "brake": 0.0,
            "steer": 0.0
        },
        {
            "throttle": 0.22775199476708224,
            "brake": 0.0,
            "steer": 0.0
        },
        {
            "throttle": 0.2285834582443254,
            "brake": 0.0,
            "steer": 0.0
        },
        {
            "throttle": 0.2295241025834896,
            "brake": 0.0,
            "steer": 0.0
        },
        {
            "throttle": 0.23056667981896511,
            "brake": 0.0,
            "steer": 0.0
        },
        {
            "throttle": 0.23170315655957086,
            "brake": 0.0,
            "steer": 0.0
        },
        {
            "throttle": 0.23292477588840155,
            "brake": 0.0,
            "steer": 0.0
        },
        {
            "throttle": 0.23422212483767252,
            "brake": 0.0,
            "steer": 0.0
        },
        {
            "throttle": 0.235585206918647,
            "brake": 0.0,
            "steer": 0.0
        },
        {
            "throttle": 0.2370035191477795,
            "brake": 0.0,
            "steer": 0.0
        },
        {
            "throttle": 0.23846613297556368,
            "brake": 0.0,
            "steer": 0.0
        },
        {
            "throttle": 0.23996177849450256,
            "brake": 0.0,
            "steer": 0.0
        },
        {
            "throttle": 0.2414789312773512,
            "brake": 0.0,
            "steer": 0.0
        },
        {
            "throttle": 0.24300590117651555,
            "brake": 0.0,
            "steer": 0.0
        },
        {
            "throttle": 0.2445309224003797,
            "brake": 0.0,
            "steer": 0.0
        },
        {
            "throttle": 0.24604224417249468,
            "brake": 0.0,
            "steer": 0.0
        },
        {
            "throttle": 0.24752822127507032,
            "brake": 0.0,
            "steer": 0.0
        },
        {
            "throttle": 0.24897740377910432,
            "brake": 0.0,
            "steer": 0.0
        },
        {
            "throttle": 0.25037862526974825,
            "brake": 0.0,
            "steer": 0.0
        },
        {
            "throttle": 0.25172108888710665,
            "brake": 0.0,
            "steer": 0.0
        },
        {
            "throttle": 0.252994450519497,
            "brake": 0.0,
            "steer": 0.0
        },
        {
            "throttle": 0.2541888985081395,
            "brake": 0.0,
            "steer": 0.0
        },
        {
            "throttle": 0.25529522924912734,
            "brake": 0.0,
            "steer": 0.0
        },
        {
            "throttle": 0.2563049181101393,
            "brake": 0.0,
            "steer": 0.0
        },
        {
            "throttle": 0.2572101851154591,
            "brake": 0.0,
            "steer": 0.0
        },
        {
            "throttle": 0.2580040548931777,
            "brake": 0.0,
            "steer": 0.0
        },
        {
            "throttle": 0.2586804104226652,
            "brake": 0.0,
            "steer": 0.0
        },
        {
            "throttle": 0.25923404016817236,
            "brake": 0.0,
            "steer": 0.0
        },
        {
            "throttle": 0.25966067823538047,
            "brake": 0.0,
            "steer": 0.0
        },
        {
            "throttle": 0.2599570372414821,
            "brake": 0.0,
            "steer": 0.0
        },
        {
            "throttle": 0.2601208336455176,
            "brake": 0.0,
            "steer": 0.0
        },
        {
            "throttle": 0.2601508053437884,
            "brake": 0.0,
            "steer": 0.0
        },
        {
            "throttle": 0.2600467213947702,
            "brake": 0.0,
            "steer": 0.0
        },
        {
            "throttle": 0.2598093837985909,
            "brake": 0.0,
            "steer": 0.0
        },
        {
            "throttle": 0.25944062131736345,
            "brake": 0.0,
            "steer": 0.0
        },
        {
            "throttle": 0.2589432753839884,
            "brake": 0.0,
            "steer": 0.0
        },
        {
            "throttle": 0.2583211782080044,
            "brake": 0.0,
            "steer": 0.0
        },
        {
            "throttle": 0.2575791232471874,
            "brake": 0.0,
            "steer": 0.0
        },
        {
            "throttle": 0.2567228282724253,
            "brake": 0.0,
            "steer": 0.0
        },
        {
            "throttle": 0.2557588913104636,
            "brake": 0.0,
            "steer": 0.0
        },
        {
            "throttle": 0.2546947398039982,
            "brake": 0.0,
            "steer": 0.0
        },
        {
            "throttle": 0.25353857338085345,
            "brake": 0.0,
            "steer": 0.0
        },
        {
            "throttle": 0.25229930067322615,
            "brake": 0.0,
            "steer": 0.0
        },
        {
            "throttle": 0.2509864706738242,
            "brake": 0.0,
            "steer": 0.0
        },
        {
            "throttle": 0.24961019915782262,
            "brake": 0.0,
            "steer": 0.0
        },
        {
            "throttle": 0.24818109073757966,
            "brake": 0.0,
            "steer": 0.0
        },
        {
            "throttle": 0.24671015715070532,
            "brake": 0.0,
            "steer": 0.0
        },
        {
            "throttle": 0.2452087324111002,
            "brake": 0.0,
            "steer": 0.0
        },
        {
            "throttle": 0.24368838547675215,
            "brake": 0.0,
            "steer": 0.0
        },
        {
            "throttle": 0.24216083110721343,
            "brake": 0.0,
            "steer": 0.0
        },
        {
            "throttle": 0.24063783959763047,
            "brake": 0.0,
            "steer": 0.0
        },
        {
            "throttle": 0.23913114608485384,
            "brake": 0.0,
            "steer": 0.0
        },
        {
            "throttle": 0.23765236012445434,
            "brake": 0.0,
            "steer": 0.0
        },
        {
            "throttle": 0.2362128762353829,
            "brake": 0.0,
            "steer": 0.0
        },
        {
            "throttle": 0.2348237861015564,
            "brake": 0.0,
            "steer": 0.0
        },
        {
            "throttle": 0.23349579310688462,
            "brake": 0.0,
            "steer": 0.0
        },
        {
            "throttle": 0.23223912986227246,
            "brake": 0.0,
            "steer": 0.0
        },
        {
            "throttle": 0.23106347936007926,
            "brake": 0.0,
            "steer": 0.0
        },
        {
            "throttle": 0.2299779003635647,
            "brake": 0.0,
            "steer": 0.0
        },
        {
            "throttle": 0.22899075760621934,
            "brake": 0.0,
            "steer": 0.0
        },
        {
            "throttle": 0.22810965733881725,
            "brake": 0.0,
            "steer": 0.0
        },
        {
            "throttle": 0.22734138872081988,
            "brake": 0.0,
            "steer": 0.0
        },
        {
            "throttle": 0.22669187150773046,
            "brake": 0.0,
            "steer": 0.0
        },
        {
            "throttle": 0.22616611043748386,
            "brake": 0.0,
            "steer": 0.0
        },
        {
            "throttle": 0.2257681566673394,
            "brake": 0.0,
            "steer": 0.0
        },
        {
            "throttle": 0.22550107655841833,
            "brake": 0.0,
            "steer": 0.0
        },
        {
            "throttle": 0.22536692804841005,
            "brake": 0.0,
            "steer": 0.0
        },
        {
            "throttle": 0.22536674479450394,
            "brake": 0.0,
            "steer": 0.0
        },
        {
            "throttle": 0.22550052820872998,
            "brake": 0.0,
            "steer": 0.0
        },
        {
            "throttle": 0.2257672474470786,
            "brake": 0.0,
            "steer": 0.0
        },
        {
            "throttle": 0.2261648473524836,
            "brake": 0.0,
            "steer": 0.0
        },
        {
            "throttle": 0.2266902642904648,
            "brake": 0.0,
            "steer": 0.0
        },
        {
            "throttle": 0.22733944975541204,
            "brake": 0.0,
            "steer": 0.0
        },
        {
            "throttle": 0.22810740156561604,
            "brake": 0.0,
            "steer": 0.0
        },
        {
            "throttle": 0.228988202406679,
            "brake": 0.0,
            "steer": 0.0
        },
        {
            "throttle": 0.22997506542631518,
            "brake": 0.0,
            "steer": 0.0
        },
        {
            "throttle": 0.23106038652921917,
            "brake": 0.0,
            "steer": 0.0
        },
        {
            "throttle": 0.23223580296905305,
            "brake": 0.0,
            "steer": 0.0
        },
        {
            "throttle": 0.23349225778608257,
            "brake": 0.0,
            "steer": 0.0
        },
        {
            "throttle": 0.23482006959394958,
            "brake": 0.0,
            "steer": 0.0
        },
        {
            "throttle": 0.23620900717785148,
            "brake": 0.0,
            "steer": 0.0
        },
        {
            "throttle": 0.2376483683293245,
            "brake": 0.0,
            "steer": 0.0
        },
        {
            "throttle": 0.2391270623101842,
            "brake": 0.0,
            "steer": 0.0
        },
        {
            "throttle": 0.24063369531021145,
            "brake": 0.0,
            "steer": 0.0
        },
        {
            "throttle": 0.24215665824010552,
            "brake": 0.0,
            "steer": 0.0
        },
        {
            "throttle": 0.2436842161832315,
            "brake": 0.0,
            "steer": 0.0
        },
        {
            "throttle": 0.24520459881690726,
            "brake": 0.0,
            "steer": 0.0
        },
        {
            "throttle": 0.24670609110650585,
            "brake": 0.0,
            "steer": 0.0
        },
        {
            "throttle": 0.24817712357354516,
            "brake": 0.0,
            "steer": 0.0
        },
        {
            "throttle": 0.24960636144222126,
            "brake": 0.0,
            "steer": 0.0
        },
        {
            "throttle": 0.25098279197748247,
            "brake": 0.0,
            "steer": 0.0
        },
        {
            "throttle": 0.2522958093416764,
            "brake": 0.0,
            "steer": 0.0
        },
        {
            "throttle": 0.2535352963159223,
            "brake": 0.0,
            "steer": 0.0
        },
        {
            "throttle": 0.2546917022565194,
            "brake": 0.0,
            "steer": 0.0
        },
        {
            "throttle": 0.25575611668571224,
            "brake": 0.0,
            "steer": 0.0
        },
        {
            "throttle": 0.2567203379497729,
            "brake": 0.0,
            "steer": 0.0
        },
        {
            "throttle": 0.2575769364153667,
            "brake": 0.0,
            "steer": 0.0
        },
        {
            "throttle": 0.2583193117172542,
            "brake": 0.0,
            "steer": 0.0
        },
        {
            "throttle": 0.2589417436162172,
            "brake": 0.0,
            "steer": 0.0
        },
        {
            "throttle": 0.25943943607533193,
            "brake": 0.0,
            "steer": 0.0
        },
        {
            "throttle": 0.2598085542149681,
            "brake": 0.0,
            "steer": 0.0
        },
        {
            "throttle": 0.2600462538617634,
            "brake": 0.0,
            "steer": 0.0
        },
        {
            "throttle": 0.260150703463889,
            "brake": 0.0,
            "steer": 0.0
        },
        {
            "throttle": 0.26012109820374285,
            "brake": 0.0,
            "steer": 0.0
        },
        {
            "throttle": 0.2599576661993262,
            "brake": 0.0,
            "steer": 0.0
        },
        {
            "throttle": 0.2596616667465219,
            "brake": 0.0,
            "steer": 0.0
        },
        {
            "throttle": 0.25923538061581664,
            "brake": 0.0,
            "steer": 0.0
        },
        {
            "throttle": 0.25868209247823426,
            "brake": 0.0,
            "steer": 0.0
        },
        {
            "throttle": 0.2580060655958952,
            "brake": 0.0,
            "steer": 0.0
        },
        {
            "throttle": 0.25721250897221737,
            "brake": 0.0,
            "steer": 0.0
        },
        {
            "throttle": 0.2563075372148784,
            "brake": 0.0,
            "steer": 0.0
        },
        {
            "throttle": 0.25529812342080727,
            "brake": 0.0,
            "steer": 0.0
        },
        {
            "throttle": 0.2541920454462414,
            "brake": 0.0,
            "steer": 0.0
        },
        {
            "throttle": 0.25299782597585585,
            "brake": 0.0,
            "steer": 0.0
        },
        {
            "throttle": 0.25172466685275113,
            "brake": 0.0,
            "steer": 0.0
        },
        {
            "throttle": 0.2503823781753081,
            "brake": 0.0,
            "steer": 0.0
        },
        {
            "throttle": 0.24898130270724128,
            "brake": 0.0,
            "steer": 0.0
        },
        {
            "throttle": 0.24753223618329528,
            "brake": 0.0,
            "steer": 0.0
        },
        {
            "throttle": 0.2460463441246546,
            "brake": 0.0,
            "steer": 0.0
        },
        {
            "throttle": 0.2445350758050307,
            "brake": 0.0,
            "steer": 0.0
        },
        {
            "throttle": 0.2430100760303448,
            "brake": 0.0,
            "steer": 0.0
        },
        {
            "throttle": 0.2414830954117726,
            "brake": 0.0,
            "steer": 0.0
        },
        {
            "throttle": 0.23996589982352579,
            "brake": 0.0,
            "steer": 0.0
        },
        {
            "throttle": 0.23847017974302667,
            "brake": 0.0,
            "steer": 0.0
        },
        {
            "throttle": 0.2370074601720395,
            "brake": 0.0,
            "steer": 0.0
        },
        {
            "throttle": 0.23558901183284442,
            "brake": 0.0,
            "steer": 0.0
        },
        {
            "throttle": 0.23422576432371647,
            "brake": 0.0,
            "steer": 0.0
        },
        {
            "throttle": 0.23292822190287388,
            "brake": 0.0,
            "steer": 0.0
        },
        {
            "throttle": 0.2317063825498078,
            "brake": 0.0,
            "steer": 0.0
        },
        {
            "throttle": 0.23056966092765158,
            "brake": 0.0,
            "steer": 0.0
        },
        {
            "throttle": 0.22952681584018914,
            "brake": 0.0,
            "steer": 0.0
        },
        {
            "throttle": 0.22858588274246955,
            "brake": 0.0,
            "steer": 0.0
        },
        {
            "throttle": 0.22775411182505495,
            "brake": 0.0,
            "steer": 0.0
        },
        {
            "throttle": 0.22703791214898267,
            "brake": 0.0,
            "steer": 0.0
        },
        {
            "throttle": 0.2264428022618993,
            "brake": 0.0,
            "steer": 0.0
        },
        {
            "throttle": 0.2259733676758856,
            "brake": 0.0,
            "steer": 0.0
        },
        {
            "throttle": 0.2256332255346188,
            "brake": 0.0,
            "steer": 0.0
        },
        {
            "throttle": 0.22542499674212307,
            "brake": 0.0,
            "steer": 0.0
        },
        {
            "throttle": 0.22535028576786587,
            "brake": 0.0,
            "steer": 0.0
        }
    ],
    "parameters": {
        "fog_density": 73.02132188887386,
        "precipitation": 85.44329412936065,
        "precipitation_deposits": 49.896160510799916,
        "wind_intensity": 43.319023250364246,
        "sun_altitude_angle": 69.7523391312942,
        "cloudiness": 93.7682825079318,
        "lead_base_throttle": 0.24275300119099597,
        "lead_behavior_frequency": 0.13975102464908978,
        "lead_throttle_variation": 0.017916828708694554,
        "lead_brake_probability": 0.025972144354237614,
        "lead_brake_intensity": 0.5855850678325839,
        "lead_brake_duration": 7.480787790283371,
        "initial_distance": 49.980458214831515,
        "initial_ego_velocity": 11.365193217801636,
        "initial_lead_velocity": 19.904772697579176
    },
    "config": {
        "num_timesteps": 200,
        "dt": 0.1,
        "seed": 148
    }
}